board,cog_axis,cog_value,unity_time,unity_state,unity_axis,unity_mav,unity_mlv
7/7/3/6/2/6/7/7/1 3 3,Z,0.5,4,SLEEP,Z,0.02339209,0.05946796
7/7/3/6/2/2/7/7/3 3 3,Z,0.5,2,SLEEP,Z,0.01598954,0.04971563
7/7/3/6/2/5/2/7/7 3 3,X,-0.5,4,SLEEP,Z,0.04386158,0.1288826
7/7/3/6/2/5/6/6/7 3 3,X,-0.5833333333333333333333333333,4,SLEEP,Z,0.06264328,0.3143697
7/7/3/6/2/5/6/5/7 3 3,X,-0.5833333333333333333333333333,4,SLEEP,Z,0.06139214,0.1914174
7/7/3/6/2/5/6/3/7 3 3,Z,0.6,8,SLEEP,Z,0.1200153,0.3547219
7/7/3/6/2/5/6/7/6 3 3,X,-0.6666666666666666666666666667,4,SLEEP,Z,0.09228035,0.3054451
7/7/3/6/2/5/6/7/5 3 3,X,-0.5833333333333333333333333333,6,SLEEP,Z,0.09021913,0.2565742
7/7/3/6/2/5/6/7/3 3 3,X,0.7,2,SLEEP,Z,0.02334402,0.07016906
7/7/3/6/2/5/5/6/7 3 3,X,-0.5,2,SLEEP,Z,0.05603909,0.07272458
7/7/3/6/2/5/5/5/7 3 3,X,-0.5,4,SLEEP,Z,0.069121,0.1875266
7/7/3/6/2/5/5/3/7 3 3,Z,0.6,4,SLEEP,Z,0.03348865,0.1103627
7/7/3/6/2/5/5/7/6 3 3,X,-0.5833333333333333333333333333,6,SLEEP,Z,0.09326519,0.3805745
7/7/3/6/2/5/5/7/5 3 3,X,-0.5,4,SLEEP,Z,0.03962646,0.1322575
7/7/3/6/2/5/5/7/3 3 3,Z,0.5,4,SLEEP,Z,0.02477203,0.0832496
7/7/3/6/2/5/3/6/7 3 3,X,-0.5,2,SLEEP,Z,0.03856133,0.1042082
7/7/3/6/2/5/3/5/7 3 3,Z,0.5,2,SLEEP,Z,0,0
7/7/3/6/2/5/3/3/7 3 3,Z,0.6,4,SLEEP,Z,0.03043982,0.09655017
7/7/3/6/2/5/3/7/6 3 3,X,-0.7,6,SLEEP,Z,0.08854292,0.2217006
7/7/3/6/2/5/3/7/5 3 3,Z,0.5,4,SLEEP,Z,0.03291494,0.09532561
7/7/3/6/2/5/3/7/3 3 3,Z,0.5,4,SLEEP,Z,0.06969282,0.377971
7/7/3/6/2/5/7/2/7 3 3,X,-0.5,6,SLEEP,Z,0.04698662,0.1251
7/7/3/6/2/5/7/6/6 3 3,X,-0.5833333333333333333333333333,6,SLEEP,Z,0.04354272,0.1448232
7/7/3/6/2/5/7/6/5 3 3,X,-0.5,4,SLEEP,Z,0.02289258,0.07774188
7/7/3/6/2/5/7/6/3 3 3,Z,0.5,2,SLEEP,Z,0.02049751,0.07181789
7/7/3/6/2/5/7/5/6 3 3,X,-0.5833333333333333333333333333,6,SLEEP,Z,0.09261598,0.2686998
7/7/3/6/2/5/7/5/5 3 3,X,-0.5,4,SLEEP,Z,0.04070734,0.1010338
7/7/3/6/2/5/7/5/3 3 3,Z,0.5,2,SLEEP,Z,0.01655119,0.06015918
7/7/3/6/2/5/7/3/6 3 3,Z,0.6,6,SLEEP,Z,0.102993,0.2704648
7/7/3/6/2/5/7/3/5 3 3,Z,0.6,6,SLEEP,Z,0.04393742,0.1428562
7/7/3/6/2/5/7/3/3 3 3,Z,0.6,8,SLEEP,Z,0.0436739,0.1411991
7/7/3/6/2/5/7/7/4 3 3,X,-0.5833333333333333333333333333,4,SLEEP,Z,0.04572675,0.1504416
7/7/3/6/2/5/7/7/2 3 3,X,-0.5,4,SLEEP,Z,0.03187624,0.1055495
7/7/3/6/2/5/7/7/1 3 3,Z,0.5,4,SLEEP,Z,0.05312559,0.1340164
7/7/3/6/2/3/2/7/7 3 3,Z,0.6,4,SLEEP,Z,0.0415269,0.1202973
7/7/3/6/2/3/6/6/7 3 3,Z,-0.6428571428571428571428571429,6,SLEEP,Z,0.05695214,0.216878
7/7/3/6/2/3/6/5/7 3 3,Z,0.6,4,SLEEP,Z,0.04059277,0.120128
7/7/3/6/2/3/6/3/7 3 3,Z,0.7000000000000000000000000001,8,SLEEP,Z,0.1378644,0.3965174
7/7/3/6/2/3/6/7/6 3 3,X,-0.6666666666666666666666666667,6,SLEEP,Z,0.07345696,0.234393
7/7/3/6/2/3/6/7/5 3 3,Z,0.6,8,SLEEP,Z,0.06427814,0.2545224
7/7/3/6/2/3/6/7/3 3 3,X,0.7,4,SLEEP,Z,0.03550967,0.1036125
7/7/3/6/2/3/5/6/7 3 3,Z,-0.6428571428571428571428571429,2,SLEEP,Z,0,0
7/7/3/6/2/3/5/5/7 3 3,Z,0.6,4,SLEEP,Z,0.02187927,0.06624135
7/7/3/6/2/3/5/3/7 3 3,Z,0.7000000000000000000000000001,6,SLEEP,Z,0.0710856,0.2293721
7/7/3/6/2/3/5/7/6 3 3,Z,0.6,8,SLEEP,Z,0.09068889,0.3010181
7/7/3/6/2/3/5/7/5 3 3,Z,0.6,6,SLEEP,Z,0.04832482,0.1430166
7/7/3/6/2/3/5/7/3 3 3,Z,0.6,2,SLEEP,Z,0.04371393,0.08171856
7/7/3/6/2/3/3/6/7 3 3,Z,-0.6428571428571428571428571429,6,SLEEP,Z,0.02289816,0.05892146
7/7/3/6/2/3/3/5/7 3 3,Z,0.6,6,SLEEP,Z,0.03735102,0.09459029
7/7/3/6/2/3/3/3/7 3 3,Z,0.7000000000000000000000000001,6,SLEEP,Z,0.0384568,0.123185
7/7/3/6/2/3/3/7/6 3 3,X,-0.7,6,SLEEP,Z,0.05864095,0.1713572
7/7/3/6/2/3/3/7/5 3 3,Z,0.6,2,SLEEP,Z,0.03044399,0.05273359
7/7/3/6/2/3/3/7/3 3 3,Z,0.6,8,SLEEP,Z,0.1024214,0.3940533
7/7/3/6/2/3/7/2/7 3 3,Z,0.6,2,SLEEP,Z,0.0200272,0.06196672
7/7/3/6/2/3/7/6/6 3 3,Z,-0.6428571428571428571428571429,6,SLEEP,Z,0.05702962,0.1704934
7/7/3/6/2/3/7/6/5 3 3,Z,-0.6428571428571428571428571429,4,SLEEP,Z,0.03442982,0.1129207
7/7/3/6/2/3/7/6/3 3 3,Z,-0.6428571428571428571428571429,2,SLEEP,Z,0.006224041,0.01379757
7/7/3/6/2/3/7/5/6 3 3,Z,0.6,6,SLEEP,Z,0.08905409,0.2518016
7/7/3/6/2/3/7/5/5 3 3,Z,0.6,8,SLEEP,Z,0.08413016,0.2161759
7/7/3/6/2/3/7/5/3 3 3,Z,0.6,2,SLEEP,Z,0.01979724,0.05996552
7/7/3/6/2/3/7/3/6 3 3,Z,0.7000000000000000000000000001,8,SLEEP,Z,0.0954816,0.2904351
7/7/3/6/2/3/7/3/5 3 3,Z,0.7000000000000000000000000001,6,SLEEP,Z,0.04581818,0.156131
7/7/3/6/2/3/7/3/3 3 3,Z,0.7000000000000000000000000001,6,SLEEP,Z,0.06275263,0.1862371
7/7/3/6/2/3/7/7/4 3 3,Z,0.6,6,SLEEP,Z,0.08785236,0.2783609
7/7/3/6/2/3/7/7/2 3 3,Z,0.6,4,SLEEP,Z,0.0745974,0.3748142
7/7/3/6/2/3/7/7/1 3 3,Z,0.6,4,SLEEP,Z,0.05984264,0.1296954
7/7/3/6/2/7/2/6/7 3 3,X,-0.5,4,SLEEP,Z,0.0398167,0.1219714
7/7/3/6/2/7/2/5/7 3 3,X,-0.5,4,SLEEP,Z,0.03297712,0.1144512
7/7/3/6/2/7/2/3/7 3 3,Z,0.6,2,SLEEP,Z,0.02131783,0.05964582
7/7/3/6/2/7/2/7/6 3 3,X,-0.5833333333333333333333333333,6,SLEEP,Z,0.09343677,0.2733964
7/7/3/6/2/7/2/7/5 3 3,X,-0.5,4,SLEEP,Z,0.02771309,0.09209745
7/7/3/6/2/7/2/7/3 3 3,Z,0.5,2,SLEEP,Z,0.01500339,0.05123634
7/7/3/6/2/7/6/2/7 3 3,X,-0.5833333333333333333333333333,6,SLEEP,Z,0.06663991,0.1911133
7/7/3/6/2/7/6/6/6 3 3,X,-0.6666666666666666666666666667,8,SLEEP,Z,0.09906489,0.327441
7/7/3/6/2/7/6/6/5 3 3,X,-0.5833333333333333333333333333,4,SLEEP,Z,0.06881902,0.3409167
7/7/3/6/2/7/6/6/3 3 3,X,0.75,4,SLEEP,Z,0.03473856,0.08769546
7/7/3/6/2/7/6/5/6 3 3,X,-0.6666666666666666666666666667,4,SLEEP,Z,0.07831611,0.2678654
7/7/3/6/2/7/6/5/5 3 3,X,-0.5833333333333333333333333333,8,SLEEP,Z,0.1099057,0.3366999
7/7/3/6/2/7/6/5/3 3 3,X,0.75,6,SLEEP,Z,0.04313054,0.1028898
7/7/3/6/2/7/6/3/6 3 3,X,-0.6666666666666666666666666667,8,SLEEP,Z,0.1614871,0.4710735
7/7/3/6/2/7/6/3/5 3 3,Z,0.6,8,SLEEP,Z,0.1218229,0.3324378
7/7/3/6/2/7/6/3/3 3 3,X,0.75,6,SLEEP,Z,0.04620451,0.1222139
7/7/3/6/2/7/6/7/4 3 3,X,-0.6666666666666666666666666667,4,SLEEP,Z,0.03731903,0.1265795
7/7/3/6/2/7/6/7/2 3 3,X,-0.5833333333333333333333333333,6,SLEEP,Z,0.06213012,0.2274394
7/7/3/6/2/7/6/7/1 3 3,X,0.75,4,SLEEP,Z,0.02975489,0.05052757
7/7/3/6/2/7/5/2/7 3 3,X,-0.5,2,SLEEP,Z,0.01669177,0.05548738
7/7/3/6/2/7/5/6/6 3 3,X,-0.5833333333333333333333333333,4,SLEEP,Z,0.08319239,0.3834351
7/7/3/6/2/7/5/6/5 3 3,X,-0.5,4,SLEEP,Z,0.08084986,0.3461801
7/7/3/6/2/7/5/6/3 3 3,Z,0.5,2,SLEEP,Z,0.01154261,0.04137906
7/7/3/6/2/7/5/5/6 3 3,X,-0.5833333333333333333333333333,6,SLEEP,Z,0.07983413,0.2419011
7/7/3/6/2/7/5/5/5 3 3,X,-0.5,4,SLEEP,Z,0.02442024,0.0786459
7/7/3/6/2/7/5/5/3 3 3,Z,0.5,2,SLEEP,Z,0.02188527,0.07018189
7/7/3/6/2/7/5/3/6 3 3,Z,0.6,8,SLEEP,Z,0.08709259,0.3025275
7/7/3/6/2/7/5/3/5 3 3,Z,0.6,4,SLEEP,Z,0.02209556,0.07213397
7/7/3/6/2/7/5/3/3 3 3,Z,0.6,4,SLEEP,Z,0.01838379,0.05934203
7/7/3/6/2/7/5/7/4 3 3,X,-0.5833333333333333333333333333,4,SLEEP,Z,0.03986964,0.1330575
7/7/3/6/2/7/5/7/2 3 3,X,-0.5,4,SLEEP,Z,0.0349315,0.1545173
7/7/3/6/2/7/5/7/1 3 3,Z,0.5,4,SLEEP,Z,0.03952482,0.1341687
7/7/3/6/2/7/3/2/7 3 3,Z,0.5,4,SLEEP,Z,0.03737722,0.06032724
7/7/3/6/2/7/3/6/6 3 3,X,-0.75,2,SLEEP,Z,0.01645142,0.05336029
7/7/3/6/2/7/3/6/5 3 3,X,-0.5,4,SLEEP,Z,0.02129378,0.06726602
7/7/3/6/2/7/3/6/3 3 3,Z,0.5,4,SLEEP,Z,0.03563264,0.07425647
7/7/3/6/2/7/3/5/6 3 3,X,-0.75,4,SLEEP,Z,0.04158399,0.1261771
7/7/3/6/2/7/3/5/5 3 3,Z,0.5,4,SLEEP,Z,0.04274319,0.1467082
7/7/3/6/2/7/3/5/3 3 3,Z,0.5,4,SLEEP,Z,0.0701114,0.1784295
7/7/3/6/2/7/3/3/6 3 3,X,-0.75,6,SLEEP,Z,0.07837944,0.2455267
7/7/3/6/2/7/3/3/5 3 3,Z,0.6,4,SLEEP,Z,0.02198655,0.07400443
7/7/3/6/2/7/3/3/3 3 3,Z,0.6,6,SLEEP,Z,0.04653494,0.1488037
7/7/3/6/2/7/3/7/4 3 3,X,-0.75,4,SLEEP,Z,0.03918084,0.1185969
7/7/3/6/2/7/3/7/2 3 3,Z,0.5,2,SLEEP,Z,0.03604289,0.1185714
7/7/3/6/2/7/3/7/1 3 3,Z,0.5,4,SLEEP,Z,0.02996636,0.1089825
7/7/3/6/2/7/7/2/6 3 3,X,-0.5833333333333333333333333333,4,SLEEP,Z,0.04749201,0.1649353
7/7/3/6/2/7/7/2/5 3 3,X,-0.5,6,SLEEP,Z,0.02713278,0.07735869
7/7/3/6/2/7/7/2/3 3 3,Z,0.5,2,SLEEP,Z,0.01833788,0.05620271
7/7/3/6/2/7/7/6/4 3 3,X,-0.5833333333333333333333333333,6,SLEEP,Z,0.07322595,0.2493121
7/7/3/6/2/7/7/6/2 3 3,X,-0.5,2,SLEEP,Z,0.02703542,0.09675693
7/7/3/6/2/7/7/6/1 3 3,Z,0.5,2,SLEEP,Z,0.02184027,0.07530262
7/7/3/6/2/7/7/5/4 3 3,X,-0.5833333333333333333333333333,6,SLEEP,Z,0.06567247,0.2326151
7/7/3/6/2/7/7/5/2 3 3,X,-0.5,6,SLEEP,Z,0.03890135,0.1378492
7/7/3/6/2/7/7/5/1 3 3,Z,0.5,6,SLEEP,Z,0.04727193,0.1840484
7/7/3/6/2/7/7/3/4 3 3,Z,0.6,6,SLEEP,Z,0.07408331,0.2509286
7/7/3/6/2/7/7/3/2 3 3,Z,0.6,6,SLEEP,Z,0.05079043,0.1674816
7/7/3/6/2/7/7/3/1 3 3,Z,0.6,2,SLEEP,Z,0.03187419,0.1084976
7/7/3/6/6/2/2/7/7 3 3,X,-0.5833333333333333333333333333,4,SLEEP,Z,0.04432306,0.1282683
7/7/3/6/6/2/6/6/7 3 3,X,-0.6666666666666666666666666667,6,SLEEP,Z,0.172556,0.2533015
7/7/3/6/6/2/6/5/7 3 3,X,-0.6666666666666666666666666667,6,SLEEP,Z,0.07029924,0.2180707
7/7/3/6/6/2/6/3/7 3 3,X,-0.6666666666666666666666666667,6,SLEEP,Z,0.08972479,0.189031
7/7/3/6/6/2/6/7/6 3 3,X,-0.75,8,SLEEP,Z,0.1209295,0.3273736
7/7/3/6/6/2/6/7/5 3 3,X,-0.6666666666666666666666666667,2,SLEEP,Z,0.05656657,0.1907169
7/7/3/6/6/2/6/7/3 3 3,X,0.7,4,SLEEP,Z,0.03010311,0.0930872
7/7/3/6/6/2/5/6/7 3 3,X,-0.5833333333333333333333333333,4,SLEEP,Z,0.03534674,0.08366996
7/7/3/6/6/2/5/5/7 3 3,X,-0.5833333333333333333333333333,2,SLEEP,Z,0.03040221,0.08220384
7/7/3/6/6/2/5/3/7 3 3,Z,0.60,8,SLEEP,Z,0.07629962,0.1841981
7/7/3/6/6/2/5/7/6 3 3,X,-0.6666666666666666666666666667,2,SLEEP,Z,0.02622744,0.09888894
7/7/3/6/6/2/5/7/5 3 3,X,-0.5833333333333333333333333333,4,SLEEP,Z,0.03205482,0.1054135
7/7/3/6/6/2/5/7/3 3 3,X,0.625,8,SLEEP,Z,0.03012018,0.07836644
7/7/3/6/6/2/3/6/7 3 3,X,0.625,2,SLEEP,Z,0.03632079,0.09765188
7/7/3/6/6/2/3/5/7 3 3,X,0.625,8,SLEEP,Z,0.08289091,0.2211035
7/7/3/6/6/2/3/3/7 3 3,X,0.625,4,SLEEP,Z,0.03825447,0.1295425
7/7/3/6/6/2/3/7/6 3 3,X,-0.7,6,SLEEP,Z,0.06810937,0.2429839
7/7/3/6/6/2/3/7/5 3 3,X,0.625,4,SLEEP,Z,0.03017918,0.08907186
7/7/3/6/6/2/3/7/3 3 3,X,0.75,4,SLEEP,Z,0.03224143,0.1012297
7/7/3/6/6/2/7/2/7 3 3,X,-0.5833333333333333333333333333,4,SLEEP,Z,0.04516494,0.07700548
7/7/3/6/6/2/7/6/6 3 3,X,-0.6666666666666666666666666667,6,SLEEP,Z,0.08825707,0.3592249
7/7/3/6/6/2/7/6/5 3 3,X,-0.5833333333333333333333333333,2,SLEEP,Z,0.03020036,0.09583086
7/7/3/6/6/2/7/6/3 3 3,X,0.625,4,SLEEP,Z,0.114698,0.1811917
7/7/3/6/6/2/7/5/6 3 3,X,-0.6666666666666666666666666667,4,SLEEP,Z,0.05010825,0.1680525
7/7/3/6/6/2/7/5/5 3 3,X,-0.5833333333333333333333333333,2,SLEEP,Z,0.01943665,0.05825064
7/7/3/6/6/2/7/5/3 3 3,X,0.625,4,SLEEP,Z,0.04001727,0.09483632
7/7/3/6/6/2/7/3/6 3 3,X,-0.6666666666666666666666666667,6,SLEEP,Z,0.09721091,0.3095848
7/7/3/6/6/2/7/3/5 3 3,Z,0.60,22,SLEEP,Z,0.05840924,0.1562368
7/7/3/6/6/2/7/3/3 3 3,X,0.625,4,SLEEP,Z,0.04463227,0.1350399
7/7/3/6/6/2/7/7/4 3 3,X,-0.6666666666666666666666666667,4,SLEEP,Z,0.06360794,0.2397986
7/7/3/6/6/2/7/7/2 3 3,X,-0.5833333333333333333333333333,4,SLEEP,Z,0.02793418,0.08867131
7/7/3/6/6/2/7/7/1 3 3,X,0.625,6,SLEEP,Z,0.04656018,0.131253
7/7/3/6/6/6/2/6/7 3 3,X,-0.5833333333333333333333333333,4,SLEEP,Z,0.0749178,0.1781717
7/7/3/6/6/6/2/5/7 3 3,X,-0.5833333333333333333333333333,2,SLEEP,Z,0.04133074,0.1111189
7/7/3/6/6/6/2/3/7 3 3,Z,0.6666666666666666666666666667,4,SLEEP,Z,0.0854504,0.2626302
7/7/3/6/6/6/2/7/6 3 3,X,-0.6666666666666666666666666667,6,SLEEP,Z,0.1103653,0.3836835
7/7/3/6/6/6/2/7/5 3 3,X,-0.5833333333333333333333333333,2,SLEEP,Z,0.005467591,0.02081126
7/7/3/6/6/6/2/7/3 3 3,X,0.625,2,SLEEP,Z,0.02017408,0.06349752
7/7/3/6/6/6/6/2/7 3 3,X,-0.6666666666666666666666666667,4,SLEEP,Z,0.03403027,0.1104641
7/7/3/6/6/6/6/6/6 3 3,X,-0.75,6,SLEEP,Z,0.09894018,0.2913937
7/7/3/6/6/6/6/6/5 3 3,X,-0.6666666666666666666666666667,2,SLEEP,Z,0.03511987,0.1230316
7/7/3/6/6/6/6/6/3 3 3,X,0.75,2,SLEEP,Z,0.03107165,0.05705399
7/7/3/6/6/6/6/5/6 3 3,X,-0.75,4,SLEEP,Z,0.04527503,0.1716488
7/7/3/6/6/6/6/5/5 3 3,X,-0.6666666666666666666666666667,4,SLEEP,Z,0.1075549,0.2381833
7/7/3/6/6/6/6/5/3 3 3,X,0.75,2,SLEEP,Z,0.02084618,0.02632772
7/7/3/6/6/6/6/3/6 3 3,X,-0.75,4,SLEEP,Z,0.06329517,0.212769
7/7/3/6/6/6/6/3/5 3 3,X,-0.6666666666666666666666666667,8,SLEEP,Z,0.08118499,0.2621512
7/7/3/6/6/6/6/3/3 3 3,X,0.75,4,SLEEP,Z,0.03972391,0.1085355
7/7/3/6/6/6/6/7/4 3 3,X,-0.75,2,SLEEP,Z,0.04168158,0.1674461
7/7/3/6/6/6/6/7/2 3 3,X,-0.6666666666666666666666666667,4,SLEEP,Z,0.07091501,0.227529
7/7/3/6/6/6/6/7/1 3 3,X,0.75,4,SLEEP,Z,0.1606158,0.4407084
7/7/3/6/6/6/5/2/7 3 3,X,-0.5833333333333333333333333333,6,SLEEP,Z,0.154356,0.3679233
7/7/3/6/6/6/5/6/6 3 3,X,-0.6666666666666666666666666667,2,SLEEP,Z,0.04126648,0.1541607
7/7/3/6/6/6/5/6/5 3 3,X,-0.5833333333333333333333333333,2,SLEEP,Z,0.06770749,0.3230838
7/7/3/6/6/6/5/6/3 3 3,X,0.625,4,SLEEP,Z,0.1265624,0.2733744
7/7/3/6/6/6/5/5/6 3 3,X,-0.6666666666666666666666666667,4,SLEEP,Z,0.02770674,0.08856337
7/7/3/6/6/6/5/5/5 3 3,X,-0.5833333333333333333333333333,4,SLEEP,Z,0.03850929,0.1225866
7/7/3/6/6/6/5/5/3 3 3,X,0.625,4,SLEEP,Z,0.06572689,0.09999693
7/7/3/6/6/6/5/3/6 3 3,X,-0.6666666666666666666666666667,8,SLEEP,Z,0.07921156,0.2780209
7/7/3/6/6/6/5/3/5 3 3,Z,0.6666666666666666666666666667,4,SLEEP,Z,0.03932384,0.1274678
7/7/3/6/6/6/5/3/3 3 3,Z,0.6666666666666666666666666667,2,SLEEP,Z,0.08815859,0.1466808
7/7/3/6/6/6/5/7/4 3 3,X,-0.6666666666666666666666666667,4,SLEEP,Z,0.04267782,0.1665956
7/7/3/6/6/6/5/7/2 3 3,X,-0.5833333333333333333333333333,4,SLEEP,Z,0.03284113,0.09649414
7/7/3/6/6/6/5/7/1 3 3,X,0.625,2,SLEEP,Z,0.01996129,0.03329692
7/7/3/6/6/6/3/2/7 3 3,X,0.625,4,SLEEP,Z,0.02836318,0.08282945
7/7/3/6/6/6/3/6/6 3 3,X,-0.75,2,SLEEP,Z,0.03510751,0.1120017
7/7/3/6/6/6/3/6/5 3 3,X,0.625,2,SLEEP,Z,0.06587892,0.3421355
7/7/3/6/6/6/3/6/3 3 3,X,0.75,2,SLEEP,Z,0.004317317,0.01776308
7/7/3/6/6/6/3/5/6 3 3,X,-0.75,4,SLEEP,Z,0.02866276,0.09378975
7/7/3/6/6/6/3/5/5 3 3,X,0.625,2,SLEEP,Z,0.01899811,0.0740585
7/7/3/6/6/6/3/5/3 3 3,X,0.75,2,SLEEP,Z,0.01947683,0.03921635
7/7/3/6/6/6/3/3/6 3 3,X,-0.75,4,SLEEP,Z,0.0618158,0.1181259
7/7/3/6/6/6/3/3/5 3 3,Z,0.6666666666666666666666666667,6,SLEEP,Z,0.05837867,0.1837815
7/7/3/6/6/6/3/3/3 3 3,X,0.75,4,SLEEP,Z,0.06148482,0.1688518
7/7/3/6/6/6/3/7/4 3 3,X,-0.75,4,SLEEP,Z,0.05419495,0.1480614
7/7/3/6/6/6/3/7/2 3 3,X,0.625,4,SLEEP,Z,0.02791619,0.09732946
7/7/3/6/6/6/3/7/1 3 3,X,0.75,2,SLEEP,Z,0.0158892,0.05206206
7/7/3/6/6/6/7/2/6 3 3,X,-0.6666666666666666666666666667,4,SLEEP,Z,0.06653275,0.2445313
7/7/3/6/6/6/7/2/5 3 3,X,-0.5833333333333333333333333333,2,SLEEP,Z,0.01822713,0.06619842
7/7/3/6/6/6/7/2/3 3 3,X,0.625,2,SLEEP,Z,0.01490506,0.03356322
7/7/3/6/6/6/7/6/4 3 3,X,-0.6666666666666666666666666667,6,SLEEP,Z,0.09911207,0.329062
7/7/3/6/6/6/7/6/2 3 3,X,-0.5833333333333333333333333333,2,SLEEP,Z,0.02233164,0.08032473
7/7/3/6/6/6/7/6/1 3 3,X,0.625,4,SLEEP,Z,0.03007003,0.07871083
7/7/3/6/6/6/7/5/4 3 3,X,-0.6666666666666666666666666667,6,SLEEP,Z,0.1060757,0.347297
7/7/3/6/6/6/7/5/2 3 3,X,-0.5833333333333333333333333333,2,SLEEP,Z,0.04346903,0.1295617
7/7/3/6/6/6/7/5/1 3 3,X,0.625,2,SLEEP,Z,0.01620633,0.05872298
7/7/3/6/6/6/7/3/4 3 3,X,-0.6666666666666666666666666667,6,SLEEP,Z,0.1447586,0.345049
7/7/3/6/6/6/7/3/2 3 3,Z,0.6666666666666666666666666666,6,SLEEP,Z,0.06722952,0.1686601
7/7/3/6/6/6/7/3/1 3 3,Z,0.6666666666666666666666666666,4,SLEEP,Z,0.05468356,0.1916461
7/7/3/6/6/5/2/6/7 3 3,X,-0.5833333333333333333333333333,4,SLEEP,Z,0.02568093,0.07910573
7/7/3/6/6/5/2/5/7 3 3,X,-0.5833333333333333333333333333,4,SLEEP,Z,0.04013307,0.1218927
7/7/3/6/6/5/2/3/7 3 3,Z,0.60,10,SLEEP,Z,0.07151072,0.2150185
7/7/3/6/6/5/2/7/6 3 3,X,-0.6666666666666666666666666667,6,SLEEP,Z,0.07303514,0.2361523
7/7/3/6/6/5/2/7/5 3 3,X,-0.5833333333333333333333333333,4,SLEEP,Z,0.02405175,0.08086825
7/7/3/6/6/5/2/7/3 3 3,X,0.625,2,SLEEP,Z,0.0152342,0.04544742
7/7/3/6/6/5/6/2/7 3 3,X,-0.6666666666666666666666666667,6,SLEEP,Z,0.0507686,0.1780963
7/7/3/6/6/5/6/6/6 3 3,X,-0.75,6,SLEEP,Z,0.07816996,0.2838682
7/7/3/6/6/5/6/6/5 3 3,X,-0.6666666666666666666666666667,4,SLEEP,Z,0.08504605,0.2431567
7/7/3/6/6/5/6/6/3 3 3,X,0.75,2,SLEEP,Z,0.0276756,0.05155006
7/7/3/6/6/5/6/5/6 3 3,X,-0.75,8,SLEEP,Z,0.09833667,0.3342534
7/7/3/6/6/5/6/5/5 3 3,X,-0.6666666666666666666666666667,4,SLEEP,Z,0.04414759,0.1504125
7/7/3/6/6/5/6/5/3 3 3,X,0.75,4,SLEEP,Z,0.1234202,0.3497014
7/7/3/6/6/5/6/3/6 3 3,X,-0.75,6,SLEEP,Z,0.08970825,0.3113064
7/7/3/6/6/5/6/3/5 3 3,X,-0.6666666666666666666666666667,6,SLEEP,Z,0.06997365,0.2357925
7/7/3/6/6/5/6/3/3 3 3,X,0.75,2,SLEEP,Z,0.03168109,0.09852785
7/7/3/6/6/5/6/7/4 3 3,X,-0.75,4,SLEEP,Z,0.05813213,0.219017
7/7/3/6/6/5/6/7/2 3 3,X,-0.6666666666666666666666666667,4,SLEEP,Z,0.04117889,0.1358501
7/7/3/6/6/5/6/7/1 3 3,X,0.75,2,SLEEP,Z,0.02384234,0.0673574
7/7/3/6/6/5/5/2/7 3 3,X,-0.5833333333333333333333333333,2,SLEEP,Z,0.01520484,0.05223813
7/7/3/6/6/5/5/6/6 3 3,X,-0.6666666666666666666666666667,6,SLEEP,Z,0.06931835,0.2415196
7/7/3/6/6/5/5/6/5 3 3,X,-0.5833333333333333333333333333,2,SLEEP,Z,0.0428876,0.0772457
7/7/3/6/6/5/5/6/3 3 3,X,0.625,2,SLEEP,Z,0.02154808,0.06383516
7/7/3/6/6/5/5/5/6 3 3,X,-0.6666666666666666666666666667,2,SLEEP,Z,0.03565185,0.096111
7/7/3/6/6/5/5/5/5 3 3,X,-0.5833333333333333333333333333,2,SLEEP,Z,0.01327465,0.04595346
7/7/3/6/6/5/5/5/3 3 3,X,0.625,6,SLEEP,Z,0.03103587,0.1041721
7/7/3/6/6/5/5/3/6 3 3,X,-0.6666666666666666666666666667,4,SLEEP,Z,0.05669269,0.1851782
7/7/3/6/6/5/5/3/5 3 3,Z,0.60,6,SLEEP,Z,0.04667614,0.1723007
7/7/3/6/6/5/5/3/3 3 3,X,0.625,8,SLEEP,Z,0.04537418,0.1355639
7/7/3/6/6/5/5/7/4 3 3,X,-0.6666666666666666666666666667,4,SLEEP,Z,0.06863564,0.2473387
7/7/3/6/6/5/5/7/2 3 3,X,-0.5833333333333333333333333333,2,SLEEP,Z,0.02763452,0.09850668
7/7/3/6/6/5/5/7/1 3 3,X,0.625,2,SLEEP,Z,0.01761276,0.06378222
7/7/3/6/6/5/3/2/7 3 3,X,0.625,6,SLEEP,Z,0.04655698,0.1482569
7/7/3/6/6/5/3/6/6 3 3,X,-0.75,4,SLEEP,Z,0.03198713,0.1107941
7/7/3/6/6/5/3/6/5 3 3,X,0.625,2,SLEEP,Z,0.01698238,0.06185594
7/7/3/6/6/5/3/6/3 3 3,X,0.75,4,SLEEP,Z,0.01760254,0.05844348
7/7/3/6/6/5/3/5/6 3 3,X,-0.75,4,SLEEP,Z,0.04024223,0.127141
7/7/3/6/6/5/3/5/5 3 3,X,0.625,2,SLEEP,Z,0.02074917,0.07812382
7/7/3/6/6/5/3/5/3 3 3,X,0.75,4,SLEEP,Z,0.01620606,0.05328688
7/7/3/6/6/5/3/3/6 3 3,X,-0.75,2,SLEEP,Z,0.02785034,0.1003245
7/7/3/6/6/5/3/3/3 3 3,X,0.75,2,SLEEP,Z,0.01848411,0.06206089
7/7/3/6/6/5/3/7/4 3 3,X,-0.75,4,SLEEP,Z,0.09533049,0.2005398
7/7/3/6/6/5/3/7/2 3 3,X,0.625,4,SLEEP,Z,0.02920721,0.1041641
7/7/3/6/6/5/3/3/5 3 3,X,0.625,4,SLEEP,Z,0.03289848,0.1025759
7/7/3/6/6/5/3/7/1 3 3,X,0.75,4,SLEEP,Z,0.02248425,0.07548527
7/7/3/6/6/5/7/2/6 3 3,X,-0.6666666666666666666666666667,6,SLEEP,Z,0.06050386,0.2169458
7/7/3/6/6/5/7/2/5 3 3,X,-0.5833333333333333333333333333,4,SLEEP,Z,0.01945067,0.0662775
7/7/3/6/6/5/7/2/3 3 3,X,0.625,4,SLEEP,Z,0.01408389,0.04949542
7/7/3/6/6/5/7/6/4 3 3,X,-0.6666666666666666666666666667,4,SLEEP,Z,0.06974495,0.2560438
7/7/3/6/6/5/7/6/2 3 3,X,-0.5833333333333333333333333333,4,SLEEP,Z,0.03618771,0.1111266
7/7/3/6/6/5/7/6/1 3 3,X,0.625,2,SLEEP,Z,0.01842387,0.05810834
7/7/3/6/6/5/7/5/4 3 3,X,-0.6666666666666666666666666667,4,SLEEP,Z,0.05586861,0.2061367
7/7/3/6/6/5/7/5/2 3 3,X,-0.5833333333333333333333333333,4,SLEEP,Z,0.08240617,0.227737
7/7/3/6/6/5/7/5/1 3 3,X,0.625,2,SLEEP,Z,0.02237378,0.08324933
7/7/3/6/6/5/7/3/4 3 3,X,-0.6666666666666666666666666667,6,SLEEP,Z,0.059783,0.2184535
7/7/3/6/6/5/7/3/2 3 3,Z,0.60,4,SLEEP,Z,0.0358303,0.1117583
7/7/3/6/6/5/7/3/1 3 3,X,0.625,6,SLEEP,Z,0.05696234,0.1951599
7/7/3/6/6/3/5/2/7 3 3,Z,0.60,6,SLEEP,Z,0.1064037,0.1769767
7/7/3/6/6/3/5/6/6 3 3,X,-0.6666666666666666666666666667,4,SLEEP,Z,0.05375781,0.1742979
7/7/3/6/6/3/5/6/5 3 3,Z,-0.6666666666666666666666666667,2,SLEEP,Z,0,0
7/7/3/6/6/3/5/6/3 3 3,Z,-0.6666666666666666666666666667,2,SLEEP,Z,0,0
7/7/3/6/6/3/5/5/6 3 3,X,-0.6666666666666666666666666667,8,SLEEP,Z,0.03857948,0.1235835
7/7/3/6/6/3/5/5/5 3 3,Z,0.60,6,SLEEP,Z,0.04608242,0.1291972
7/7/3/6/6/3/5/5/3 3 3,X,0.625,6,SLEEP,Z,0.03063223,0.08075011
7/7/3/6/6/3/5/3/6 3 3,Z,0.7,6,SLEEP,Z,0.08685472,0.2603291
7/7/3/6/6/3/5/3/5 3 3,Z,0.7,6,SLEEP,Z,0.06610487,0.2307347
7/7/3/6/6/3/5/3/3 3 3,Z,0.7,10,SLEEP,Z,0.06281743,0.1949576
7/7/3/6/6/3/5/7/4 3 3,X,-0.6666666666666666666666666667,6,SLEEP,Z,0.09322239,0.3107876
7/7/3/6/6/3/5/7/2 3 3,Z,0.60,2,SLEEP,Z,0.03598619,0.1212247
7/7/3/6/6/3/5/7/1 3 3,X,0.625,4,SLEEP,Z,0.02570474,0.08467858
7/7/3/6/6/3/2/6/7 3 3,Z,-0.6666666666666666666666666667,4,SLEEP,Z,0.1336318,0.2097103
7/7/3/6/6/3/2/5/7 3 3,Z,0.60,2,SLEEP,Z,0.03536576,0.0629903
7/7/3/6/6/3/2/3/7 3 3,Z,0.7,6,SLEEP,Z,0.09685957,0.2667869
7/7/3/6/6/3/2/7/6 3 3,X,-0.6666666666666666666666666667,6,SLEEP,Z,0.08901089,0.2860761
7/7/3/6/6/3/2/7/5 3 3,Z,0.60,4,SLEEP,Z,0.05413884,0.1733706
7/7/3/6/6/3/2/7/3 3 3,X,0.625,6,SLEEP,Z,0.05232719,0.1388572
7/7/3/6/6/3/3/2/7 3 3,X,0.625,4,SLEEP,Z,0.0229253,0.07491741
7/7/3/6/6/3/3/6/6 3 3,X,-0.75,4,SLEEP,Z,0.02896911,0.08044662
7/7/3/6/6/3/3/6/5 3 3,Z,-0.6666666666666666666666666667,4,SLEEP,Z,0.02592742,0.08326964
7/7/3/6/6/3/3/6/3 3 3,X,0.75,4,SLEEP,Z,0.04014772,0.1323591
7/7/3/6/6/3/3/5/6 3 3,X,-0.75,4,SLEEP,Z,0.02203609,0.06807333
7/7/3/6/6/3/3/5/5 3 3,X,0.625,2,SLEEP,Z,0.01945241,0.06082076
7/7/3/6/6/3/3/5/3 3 3,X,0.75,4,SLEEP,Z,0.05025188,0.1526572
7/7/3/6/6/3/3/3/6 3 3,X,-0.75,6,SLEEP,Z,0.08087324,0.2617175
7/7/3/6/6/3/3/3/5 3 3,Z,0.7,4,SLEEP,Z,0.06934,0.1751664
7/7/3/6/6/3/3/3/3 3 3,X,0.75,16,SLEEP,Z,0.1414064,0.3791399
7/7/3/6/6/3/3/7/4 3 3,X,-0.75,4,SLEEP,Z,0.0544775,0.1583566
7/7/3/6/6/3/3/7/2 3 3,X,0.625,2,SLEEP,Z,0.01973076,0.06507971
7/7/3/6/6/3/3/7/1 3 3,X,0.75,8,SLEEP,Z,0.08154216,0.1819101
7/7/3/6/6/3/6/2/7 3 3,X,-0.6666666666666666666666666667,6,SLEEP,Z,0.05743196,0.1989608
7/7/3/6/6/3/6/6/6 3 3,X,-0.75,6,SLEEP,Z,0.1233924,0.395514
7/7/3/6/6/3/6/6/5 3 3,X,-0.6666666666666666666666666667,4,SLEEP,Z,0.1378719,0.2829248
7/7/3/6/6/3/6/6/3 3 3,X,0.75,2,SLEEP,Z,0,0
7/7/3/6/6/3/7/2/6 3 3,X,-0.6666666666666666666666666667,4,SLEEP,Z,0.0538272,0.1902678
7/7/3/6/6/3/7/2/5 3 3,Z,0.60,8,SLEEP,Z,0.04895294,0.1591771
7/7/3/6/6/3/7/2/3 3 3,X,0.625,2,SLEEP,Z,0.036538,0.0747634
7/7/3/6/6/3/7/6/4 3 3,X,-0.6666666666666666666666666667,4,SLEEP,Z,0.08341702,0.2302439
7/7/3/6/6/3/7/6/2 3 3,Z,-0.6666666666666666666666666666,2,SLEEP,Z,0.02477995,0.06275139
7/7/3/6/6/3/7/6/1 3 3,Z,-0.6666666666666666666666666666,2,SLEEP,Z,0,0
7/7/3/6/6/3/6/5/6 3 3,X,-0.75,6,SLEEP,Z,0.1045984,0.2980402
7/7/3/6/6/3/6/5/5 3 3,X,-0.6666666666666666666666666667,4,SLEEP,Z,0.04761601,0.1498699
7/7/3/6/6/3/6/5/3 3 3,X,0.75,4,SLEEP,Z,0.02799624,0.08681314
7/7/3/6/6/3/7/5/4 3 3,X,-0.6666666666666666666666666667,6,SLEEP,Z,0.07861719,0.257292
7/7/3/6/6/3/7/5/2 3 3,Z,0.60,4,SLEEP,Z,0.06187479,0.1735862
7/7/3/6/6/3/7/5/1 3 3,X,0.625,2,SLEEP,Z,0.01595955,0.042001
7/7/3/6/6/3/6/3/6 3 3,X,-0.75,8,SLEEP,Z,0.1630696,0.4000781
7/7/3/6/6/3/6/3/5 3 3,Z,0.7,8,SLEEP,Z,0.094001,0.3198943
7/7/3/6/6/3/6/3/3 3 3,X,0.75,6,SLEEP,Z,0.06682865,0.1629227
7/7/3/6/6/3/7/3/4 3 3,Z,0.7,8,SLEEP,Z,0.1485474,0.5163448
7/7/3/6/6/3/7/3/2 3 3,Z,0.7,4,SLEEP,Z,0.03874261,0.1251582
7/7/3/6/6/3/7/3/1 3 3,Z,0.7,148,SLEEP,Z,0.1746556,0.5742289
7/7/3/6/6/3/6/7/4 3 3,X,-0.75,6,SLEEP,Z,0.06735885,0.2470467
7/7/3/6/6/3/6/7/2 3 3,X,-0.6666666666666666666666666667,6,SLEEP,Z,0.112301,0.3663294
7/7/3/6/6/3/6/7/1 3 3,X,0.75,6,SLEEP,Z,0.02237572,0.07526069
7/7/3/6/6/7/2/2/7 3 3,X,-0.5833333333333333333333333333,4,SLEEP,Z,0.02423761,0.06488689
7/7/3/6/6/7/2/6/6 3 3,X,-0.6666666666666666666666666667,6,SLEEP,Z,0.05443014,0.1892236
7/7/3/6/6/7/2/6/5 3 3,X,-0.5833333333333333333333333333,2,SLEEP,Z,0.01150775,0.04009641
7/7/3/6/6/7/2/6/3 3 3,X,0.625,2,SLEEP,Z,0.0092289,0.03184905
7/7/3/6/6/7/2/5/6 3 3,X,-0.6666666666666666666666666667,4,SLEEP,Z,0.04836588,0.158652
7/7/3/6/6/7/2/5/5 3 3,X,-0.5833333333333333333333333333,6,SLEEP,Z,0.07609749,0.2381431
7/7/3/6/6/7/2/5/3 3 3,X,0.625,4,SLEEP,Z,0.02503535,0.06283484
7/7/3/6/6/7/2/3/6 3 3,X,-0.6666666666666666666666666667,4,SLEEP,Z,0.04991281,0.1666899
7/7/3/6/6/7/2/3/5 3 3,Z,0.60,6,SLEEP,Z,0.05625725,0.176945
7/7/3/6/6/7/2/3/3 3 3,X,0.625,2,SLEEP,Z,0.07261039,0.1541221
7/7/3/6/6/7/2/7/4 3 3,X,-0.6666666666666666666666666667,4,SLEEP,Z,0.06255841,0.2092124
7/7/3/6/6/7/2/7/2 3 3,X,-0.5833333333333333333333333333,2,SLEEP,Z,0.04132883,0.1309282
7/7/3/6/6/7/2/7/1 3 3,X,0.625,4,SLEEP,Z,0.04273424,0.1317322
7/7/3/6/6/7/6/2/6 3 3,X,-0.75,6,SLEEP,Z,0.08105865,0.2830203
7/7/3/6/6/7/6/2/5 3 3,X,-0.6666666666666666666666666667,4,SLEEP,Z,0.034121,0.1166301
7/7/3/6/6/7/6/2/3 3 3,X,0.8333333333333333333333333333,2,SLEEP,Z,0.01981076,0.06146996
7/7/3/6/6/7/6/6/4 3 3,X,-0.75,4,SLEEP,Z,0.03662646,0.1345218
7/7/3/6/6/7/6/6/2 3 3,X,-0.6666666666666666666666666667,4,SLEEP,Z,0.03462116,0.1209112
7/7/3/6/6/7/6/6/1 3 3,X,0.8333333333333333333333333333,4,SLEEP,Z,0.03031272,0.09032063
7/7/3/6/6/7/6/5/4 3 3,X,-0.75,6,SLEEP,Z,0.07685012,0.2846239
7/7/3/6/6/7/6/5/2 3 3,X,-0.6666666666666666666666666667,4,SLEEP,Z,0.04853427,0.1699553
7/7/3/6/6/7/6/5/1 3 3,X,0.8333333333333333333333333333,4,SLEEP,Z,0.04162429,0.1511569
7/7/3/6/6/7/6/3/4 3 3,X,-0.75,8,SLEEP,Z,0.1119607,0.3907068
7/7/3/6/6/7/6/3/2 3 3,X,-0.6666666666666666666666666667,6,SLEEP,Z,0.07843628,0.2595381
7/7/3/6/6/7/6/3/1 3 3,X,0.8333333333333333333333333333,4,SLEEP,Z,0.03699013,0.1231356
7/7/3/6/6/7/5/2/6 3 3,X,-0.6666666666666666666666666667,4,SLEEP,Z,0.03656008,0.1122688
7/7/3/6/6/7/5/2/5 3 3,X,-0.5833333333333333333333333333,4,SLEEP,Z,0.05028437,0.1805646
7/7/3/6/6/7/5/2/3 3 3,X,0.625,2,SLEEP,Z,0.03497173,0.102349
7/7/3/6/6/7/5/6/4 3 3,X,-0.6666666666666666666666666667,4,SLEEP,Z,0.04336014,0.1678547
7/7/3/6/6/7/5/6/2 3 3,X,-0.5833333333333333333333333333,2,SLEEP,Z,0.01210293,0.04400277
7/7/3/6/6/7/5/6/1 3 3,X,0.625,2,SLEEP,Z,0.09051154,0.3598794
7/7/3/6/6/7/5/5/4 3 3,X,-0.6666666666666666666666666667,4,SLEEP,Z,0.02603541,0.0968449
7/7/3/6/6/7/5/5/2 3 3,X,-0.5833333333333333333333333333,6,SLEEP,Z,0.03666522,0.1432652
7/7/3/6/6/7/5/5/1 3 3,X,0.625,2,SLEEP,Z,0.02508408,0.07937843
7/7/3/6/6/7/5/3/4 3 3,X,-0.6666666666666666666666666667,8,SLEEP,Z,0.09657457,0.3329388
7/7/3/6/6/7/5/3/2 3 3,Z,0.60,4,SLEEP,Z,0.06305794,0.225334
7/7/3/6/6/7/5/3/1 3 3,X,0.625,4,SLEEP,Z,0.0640656,0.2407787
7/7/3/6/6/7/3/2/6 3 3,X,-0.8333333333333333333333333333,6,SLEEP,Z,0.05690216,0.1555593
7/7/3/6/6/7/3/2/5 3 3,X,0.625,4,SLEEP,Z,0.03600719,0.122557
7/7/3/6/6/7/3/2/3 3 3,X,0.75,4,SLEEP,Z,0.04710494,0.1111911
7/7/3/6/6/7/3/6/4 3 3,X,-0.8333333333333333333333333333,2,SLEEP,Z,0.05423566,0.08282418
7/7/3/6/6/7/3/6/2 3 3,X,0.625,2,SLEEP,Z,0.01876426,0.06366206
7/7/3/6/6/7/3/6/1 3 3,X,0.75,2,SLEEP,Z,0.01088715,0.0434135
7/7/3/6/6/7/3/5/4 3 3,X,-0.8333333333333333333333333333,4,SLEEP,Z,0.1176206,0.3309798
7/7/3/6/6/7/3/5/2 3 3,X,0.625,2,SLEEP,Z,0.01965369,0.07412516
7/7/3/6/6/7/3/5/1 3 3,X,0.75,4,SLEEP,Z,0.1500954,0.2825311
7/7/3/6/6/7/3/3/4 3 3,X,-0.8333333333333333333333333333,4,SLEEP,Z,0.03785537,0.1430146
7/7/3/6/6/7/3/3/2 3 3,X,0.625,8,SLEEP,Z,0.03267617,0.1094519
7/7/3/6/6/7/3/3/1 3 3,X,0.75,10,SLEEP,Z,0.03703559,0.1269151
7/7/3/6/6/7/7/2/4 3 3,X,-0.6666666666666666666666666667,4,SLEEP,Z,0.04603359,0.1783238
7/7/3/6/6/7/7/2/2 3 3,X,-0.5833333333333333333333333333,4,SLEEP,Z,0.07075661,0.1837369
7/7/3/6/6/7/7/2/1 3 3,X,0.625,2,SLEEP,Z,0.02257803,0.05670217
7/7/3/6/5/2/2/7/7 3 3,X,-0.5,4,SLEEP,Z,0.03504678,0.1055794
7/7/3/6/5/2/6/6/7 3 3,X,-0.5833333333333333333333333333,4,SLEEP,Z,0.03956168,0.1368564
7/7/3/6/5/2/6/5/7 3 3,X,-0.5833333333333333333333333333,8,SLEEP,Z,0.06818819,0.220618
7/7/3/6/5/2/6/3/7 3 3,Z,0.60,6,SLEEP,Z,0.0417455,0.1207107
7/7/3/6/5/2/6/7/6 3 3,X,-0.6666666666666666666666666667,8,SLEEP,Z,0.09247656,0.3431982
7/7/3/6/5/2/6/7/5 3 3,X,-0.5833333333333333333333333333,4,SLEEP,Z,0.04605035,0.1612253
7/7/3/6/5/2/6/7/3 3 3,X,0.7,2,SLEEP,Z,0.0107755,0.0379519
7/7/3/6/5/2/5/6/7 3 3,X,-0.5,4,SLEEP,Z,0.04201258,0.1538844
7/7/3/6/5/2/5/5/7 3 3,X,-0.5,4,SLEEP,Z,0.03515505,0.1137761
7/7/3/6/5/2/5/3/7 3 3,Z,0.60,4,SLEEP,Z,0.04686575,0.141996
7/7/3/6/5/2/5/7/6 3 3,X,-0.5833333333333333333333333333,4,SLEEP,Z,0.04203892,0.161445
7/7/3/6/5/2/5/7/5 3 3,X,-0.5,4,SLEEP,Z,0.03166029,0.1041181
7/7/3/6/5/2/5/7/3 3 3,Z,0.5,2,SLEEP,Z,0.02247524,0.1344697
7/7/3/6/5/2/3/6/7 3 3,X,-0.5,2,SLEEP,Z,0.02681257,0.1662052
7/7/3/6/5/2/3/5/7 3 3,Z,0.5,4,SLEEP,Z,0.0210428,0.06649883
7/7/3/6/5/2/3/3/7 3 3,Z,0.60,4,SLEEP,Z,0.03811071,0.1253618
7/7/3/6/5/2/3/7/6 3 3,X,-0.7,4,SLEEP,Z,0.03040058,0.09422986
7/7/3/6/5/2/3/7/5 3 3,Z,0.5,4,SLEEP,Z,0.02764382,0.0997359
7/7/3/6/5/2/3/7/3 3 3,Z,0.5,2,SLEEP,Z,0.0150993,0.04177513
7/7/3/6/5/2/7/2/7 3 3,X,-0.5,10,SLEEP,Z,0.05068748,0.1974186
7/7/3/6/5/2/7/6/6 3 3,X,-0.5833333333333333333333333333,4,SLEEP,Z,0.05699757,0.1566053
7/7/3/6/5/2/7/6/5 3 3,X,-0.5,2,SLEEP,Z,0.03406131,0.06000243
7/7/3/6/5/2/7/6/3 3 3,Z,0.5,2,SLEEP,Z,0,0
7/7/3/6/5/2/7/5/6 3 3,X,-0.5833333333333333333333333333,4,SLEEP,Z,0.06156052,0.204424
7/7/3/6/5/2/7/5/5 3 3,X,-0.5,4,SLEEP,Z,0.04827611,0.1807619
7/7/3/6/5/2/7/5/3 3 3,Z,0.5,6,SLEEP,Z,0.04335703,0.3442379
7/7/3/6/5/2/7/3/6 3 3,Z,0.60,6,SLEEP,Z,0.1168898,0.4266788
7/7/3/6/5/2/7/7/4 3 3,X,-0.5833333333333333333333333333,2,SLEEP,Z,0.01919394,0.05428485
7/7/3/6/5/2/7/7/2 3 3,X,-0.5,2,SLEEP,Z,0.02168198,0.07461143
7/7/3/6/5/2/7/3/5 3 3,Z,0.60,4,SLEEP,Z,0.05662334,0.1734758
7/7/3/6/5/2/7/7/1 3 3,Z,0.5,2,SLEEP,Z,0.03412632,0.1211525
7/7/3/6/5/2/7/3/3 3 3,Z,0.60,2,SLEEP,Z,0.0256533,0.0777481
7/7/3/6/5/6/2/6/7 3 3,X,-0.5,2,SLEEP,Z,0.0229179,0.05226442
7/7/3/6/5/6/2/5/7 3 3,X,-0.5,4,SLEEP,Z,0.02880661,0.07504193
7/7/3/6/5/6/2/3/7 3 3,Z,0.6666666666666666666666666667,4,SLEEP,Z,0.026055,0.08170667
7/7/3/6/5/6/2/7/6 3 3,X,-0.5833333333333333333333333333,4,SLEEP,Z,0.03778523,0.1307079
7/7/3/6/5/6/2/7/5 3 3,X,-0.5,4,SLEEP,Z,0.04447685,0.1543063
7/7/3/6/5/6/2/7/3 3 3,Z,0.5,6,SLEEP,Z,0.04737861,0.129396
7/7/3/6/5/6/6/2/7 3 3,X,-0.5833333333333333333333333333,4,SLEEP,Z,0.03775607,0.1204959
7/7/3/6/5/6/6/6/6 3 3,X,-0.6666666666666666666666666667,4,SLEEP,Z,0.05331661,0.1876937
7/7/3/6/5/6/6/6/5 3 3,X,-0.5833333333333333333333333333,4,SLEEP,Z,0.0241896,0.09153491
7/7/3/6/5/6/6/6/3 3 3,X,0.75,2,SLEEP,Z,0.009709522,0.03479968
7/7/3/6/5/6/6/5/6 3 3,X,-0.6666666666666666666666666667,4,SLEEP,Z,0.06258016,0.2467902
7/7/3/6/5/6/6/5/5 3 3,X,-0.5833333333333333333333333333,4,SLEEP,Z,0.06521013,0.2218971
7/7/3/6/5/6/6/5/3 3 3,X,0.75,4,SLEEP,Z,0.03839606,0.1344459
7/7/3/6/5/6/6/3/6 3 3,X,-0.6666666666666666666666666667,6,SLEEP,Z,0.05194381,0.1975241
7/7/3/6/5/6/6/3/5 3 3,Z,0.6666666666666666666666666667,4,SLEEP,Z,0.1443692,0.3617569
7/7/3/6/5/6/6/3/3 3 3,X,0.75,2,SLEEP,Z,0.1427868,0.3384717
7/7/3/6/5/6/6/7/4 3 3,X,-0.6666666666666666666666666667,4,SLEEP,Z,0.05273243,0.1816329
7/7/3/6/5/6/6/7/2 3 3,X,-0.5833333333333333333333333333,2,SLEEP,Z,0.02795987,0.1078004
7/7/3/6/5/6/6/7/1 3 3,X,0.75,2,SLEEP,Z,0.01869069,0.04521076
7/7/3/6/5/6/5/2/7 3 3,X,-0.5,2,SLEEP,Z,0.03308663,0.09745213
7/7/3/6/5/6/5/6/6 3 3,X,-0.5833333333333333333333333333,4,SLEEP,Z,0.1130085,0.3772882
7/7/3/6/5/6/5/6/5 3 3,X,-0.5,2,SLEEP,Z,0.03084541,0.08673775
7/7/3/6/5/6/5/6/3 3 3,Z,0.5,2,SLEEP,Z,0.03492897,0.1030427
7/7/3/6/5/6/5/5/6 3 3,X,-0.5833333333333333333333333333,4,SLEEP,Z,0.04269349,0.1327386
7/7/3/6/5/6/5/5/5 3 3,X,-0.5,4,SLEEP,Z,0.03333502,0.1281971
7/7/3/6/5/6/5/5/3 3 3,Z,0.5,6,SLEEP,Z,0.05295858,0.1352352
7/7/3/6/5/6/5/3/6 3 3,Z,0.6666666666666666666666666667,6,SLEEP,Z,0.05071144,0.1886054
7/7/3/6/5/6/5/3/5 3 3,Z,0.6666666666666666666666666667,4,SLEEP,Z,0.03328434,0.1204623
7/7/3/6/5/6/5/3/3 3 3,Z,0.6666666666666666666666666667,4,SLEEP,Z,0.03831902,0.1075943
7/7/3/6/5/6/5/7/4 3 3,X,-0.5833333333333333333333333333,2,SLEEP,Z,0.03292588,0.1291407
7/7/3/6/5/6/5/7/2 3 3,X,-0.5,4,SLEEP,Z,0.08236198,0.3252039
7/7/3/6/5/6/5/7/1 3 3,Z,0.5,4,SLEEP,Z,0.03117815,0.1141328
7/7/3/6/5/6/3/2/7 3 3,Z,0.5,4,SLEEP,Z,0.01571979,0.06232474
7/7/3/6/5/6/3/6/6 3 3,X,-0.75,2,SLEEP,Z,0.02343637,0.06784414
7/7/3/6/5/6/3/6/5 3 3,X,-0.5,4,SLEEP,Z,0.04756734,0.1124673
7/7/3/6/5/6/3/6/3 3 3,Z,0.5,2,SLEEP,Z,0.006489391,0.01400097
7/7/3/6/5/6/3/5/6 3 3,X,-0.75,2,SLEEP,Z,0.02998109,0.05161766
7/7/3/6/5/6/3/5/5 3 3,Z,0.5,2,SLEEP,Z,0.02873195,0.04772323
7/7/3/6/5/6/3/5/3 3 3,Z,0.5,2,SLEEP,Z,0.01496234,0.05372218
7/7/3/6/5/6/3/3/6 3 3,X,-0.75,4,SLEEP,Z,0.09233674,0.2148599
7/7/3/6/5/6/3/3/5 3 3,Z,0.6666666666666666666666666667,4,SLEEP,Z,0.08117466,0.1896687
7/7/3/6/5/6/3/3/3 3 3,Z,0.6666666666666666666666666667,2,SLEEP,Z,0.02287045,0.0653712
7/7/3/6/5/6/3/7/4 3 3,X,-0.75,4,SLEEP,Z,0.02765082,0.09514698
7/7/3/6/5/6/3/7/2 3 3,Z,0.5,2,SLEEP,Z,0.01528349,0.04583014
7/7/3/6/5/6/3/7/1 3 3,Z,0.5,2,SLEEP,Z,0.02159696,0.08524619
7/7/3/6/5/6/7/2/6 3 3,X,-0.5833333333333333333333333333,4,SLEEP,Z,0.04263334,0.16323
7/7/3/6/5/6/7/2/5 3 3,X,-0.5,4,SLEEP,Z,0.0270318,0.104464
7/7/3/6/5/6/7/2/3 3 3,Z,0.5,4,SLEEP,Z,0.02100554,0.07067828
7/7/3/6/5/6/7/6/4 3 3,X,-0.5833333333333333333333333333,4,SLEEP,Z,0.05070838,0.2026287
7/7/3/6/5/6/7/6/2 3 3,X,-0.5,2,SLEEP,Z,0.03472899,0.126478
7/7/3/6/5/6/7/6/1 3 3,Z,0.5,2,SLEEP,Z,0.01181764,0.05090151
7/7/3/6/5/6/7/5/4 3 3,X,-0.5833333333333333333333333333,4,SLEEP,Z,0.09598786,0.2715885
7/7/3/6/5/6/7/5/2 3 3,X,-0.5,6,SLEEP,Z,0.03724551,0.1391313
7/7/3/6/5/6/7/5/1 3 3,Z,0.5,2,SLEEP,Z,0,0
7/7/3/6/5/6/7/3/4 3 3,Z,0.6666666666666666666666666666,4,SLEEP,Z,0.04334065,0.162265
7/7/3/6/5/6/7/3/2 3 3,Z,0.6666666666666666666666666666,4,SLEEP,Z,0.07324196,0.1700343
7/7/3/6/5/6/7/3/1 3 3,Z,0.6666666666666666666666666666,4,SLEEP,Z,0.02006078,0.07372863
7/7/3/6/5/5/2/6/7 3 3,X,-0.5,4,SLEEP,Z,0.06800875,0.2178828
7/7/3/6/5/5/2/5/7 3 3,X,-0.5,4,SLEEP,Z,0.07208411,0.3767371
7/7/3/6/5/5/2/3/7 3 3,Z,0.60,6,SLEEP,Z,0.04842792,0.1688448
7/7/3/6/5/5/2/7/6 3 3,X,-0.5833333333333333333333333333,6,SLEEP,Z,0.04521513,0.1621357
7/7/3/6/5/5/2/7/5 3 3,X,-0.5,6,SLEEP,Z,0.06894319,0.2355923
7/7/3/6/5/5/2/7/3 3 3,Z,0.5,2,SLEEP,Z,0.02892969,0.08650815
7/7/3/6/5/5/6/2/7 3 3,X,-0.5833333333333333333333333333,6,SLEEP,Z,0.05197885,0.1763863
7/7/3/6/5/5/6/6/6 3 3,X,-0.6666666666666666666666666667,4,SLEEP,Z,0.05215458,0.1893162
7/7/3/6/5/5/6/6/5 3 3,X,-0.5833333333333333333333333333,4,SLEEP,Z,0.08552173,0.219387
7/7/3/6/5/5/6/6/3 3 3,X,0.75,2,SLEEP,Z,0.008660483,0.03725974
7/7/3/6/5/5/6/5/6 3 3,X,-0.6666666666666666666666666667,6,SLEEP,Z,0.1006799,0.342785
7/7/3/6/5/5/6/5/5 3 3,X,-0.5833333333333333333333333333,4,SLEEP,Z,0.03145038,0.1253821
7/7/3/6/5/5/6/5/3 3 3,X,0.75,2,SLEEP,Z,0.01997832,0.06241606
7/7/3/6/5/5/6/3/6 3 3,X,-0.6666666666666666666666666667,6,SLEEP,Z,0.08890714,0.3288779
7/7/3/6/5/5/6/3/5 3 3,Z,0.60,2,SLEEP,Z,0.03140529,0.1218416
7/7/3/6/5/5/6/3/3 3 3,X,0.75,2,SLEEP,Z,0.04458194,0.1542437
7/7/3/6/5/5/6/7/4 3 3,X,-0.6666666666666666666666666667,4,SLEEP,Z,0.07290886,0.2959373
7/7/3/6/5/5/6/7/2 3 3,X,-0.5833333333333333333333333333,4,SLEEP,Z,0.073884,0.2411734
7/7/3/6/5/5/6/7/1 3 3,X,0.75,4,SLEEP,Z,0.08466253,0.3716561
7/7/3/6/5/5/5/2/7 3 3,X,-0.5,2,SLEEP,Z,0.02442067,0.08484411
7/7/3/6/5/5/5/6/6 3 3,X,-0.5833333333333333333333333333,2,SLEEP,Z,0.04028662,0.09854695
7/7/3/6/5/5/5/6/5 3 3,X,-0.5,2,SLEEP,Z,0.03065506,0.1149011
7/7/3/6/5/5/5/6/3 3 3,Z,0.5,2,SLEEP,Z,0.005652217,0.02719411
7/7/3/6/5/5/5/5/6 3 3,X,-0.5833333333333333333333333333,4,SLEEP,Z,0.04566042,0.1738133
7/7/3/6/5/5/5/5/5 3 3,X,-0.5,4,SLEEP,Z,0.03241068,0.1192922
7/7/3/6/5/5/5/5/3 3 3,Z,0.5,4,SLEEP,Z,0.01617693,0.06701706
7/7/3/6/5/5/5/3/6 3 3,Z,0.60,6,SLEEP,Z,0.05316755,0.2153588
7/7/3/6/5/5/5/3/5 3 3,Z,0.60,6,SLEEP,Z,0.03961016,0.1389936
7/7/3/6/5/5/5/3/3 3 3,Z,0.60,4,SLEEP,Z,0.04203307,0.1533582
7/7/3/6/5/5/5/7/4 3 3,X,-0.5833333333333333333333333333,4,SLEEP,Z,0.06992915,0.2450858
7/7/3/6/5/5/5/7/2 3 3,X,-0.5,4,SLEEP,Z,0.04699274,0.1649662
7/7/3/6/5/5/5/7/1 3 3,Z,0.5,2,SLEEP,Z,0.04208829,0.09512403
7/7/3/6/5/5/3/2/7 3 3,Z,0.5,2,SLEEP,Z,0.01822532,0.06773778
7/7/3/6/5/5/3/6/6 3 3,X,-0.75,2,SLEEP,Z,0.01585576,0.06247446
7/7/3/6/5/5/3/6/5 3 3,X,-0.5,4,SLEEP,Z,0.06094344,0.3237964
7/7/3/6/5/5/3/6/3 3 3,Z,0.5,2,SLEEP,Z,0.005649458,0.02553203
7/7/3/6/5/5/3/5/6 3 3,X,-0.75,4,SLEEP,Z,0.03075614,0.1013535
7/7/3/6/5/5/3/5/5 3 3,Z,0.5,2,SLEEP,Z,0.01249337,0.04744646
7/7/3/6/5/5/3/5/3 3 3,Z,0.5,2,SLEEP,Z,0.01817813,0.06351604
7/7/3/6/5/5/3/3/6 3 3,X,-0.75,4,SLEEP,Z,0.1181898,0.2331348
7/7/3/6/5/5/3/3/5 3 3,Z,0.60,6,SLEEP,Z,0.0463796,0.1316033
7/7/3/6/5/5/3/3/3 3 3,Z,0.60,2,SLEEP,Z,0.02589216,0.08228143
7/7/3/6/5/5/3/7/4 3 3,X,-0.75,2,SLEEP,Z,0.05582904,0.1688385
7/7/3/6/5/5/3/7/2 3 3,Z,0.5,4,SLEEP,Z,0.04974242,0.1588266
7/7/3/6/5/5/3/7/1 3 3,Z,0.5,2,SLEEP,Z,0.007374011,0.02941181
7/7/3/6/5/5/7/2/6 3 3,X,-0.5833333333333333333333333333,4,SLEEP,Z,0.07451656,0.3441719
7/7/3/6/5/5/7/2/5 3 3,X,-0.5,4,SLEEP,Z,0.0321471,0.107399
7/7/3/6/5/5/7/2/3 3 3,Z,0.5,2,SLEEP,Z,0.01874904,0.06952422
7/7/3/6/5/5/7/6/4 3 3,X,-0.5833333333333333333333333333,2,SLEEP,Z,0.03267731,0.1266338
7/7/3/6/5/5/7/6/2 3 3,X,-0.5,2,SLEEP,Z,0.02480071,0.09258621
7/7/3/6/5/5/7/6/1 3 3,Z,0.5,4,SLEEP,Z,0.01729304,0.05609768
7/7/3/6/5/5/7/5/4 3 3,X,-0.5833333333333333333333333333,4,SLEEP,Z,0.02878388,0.1114852
7/7/3/6/5/5/7/5/2 3 3,X,-0.5,2,SLEEP,Z,0.02934216,0.1069001
7/7/3/6/5/5/7/5/1 3 3,Z,0.5,4,SLEEP,Z,0.02148753,0.08224117
7/7/3/6/5/5/7/3/4 3 3,Z,0.60,4,SLEEP,Z,0.06200545,0.2228912
7/7/3/6/5/5/7/3/2 3 3,Z,0.60,4,SLEEP,Z,0.04209208,0.1420561
7/7/3/6/5/5/7/3/1 3 3,Z,0.60,2,SLEEP,Z,0.02540408,0.08096496
7/7/3/6/5/3/2/6/7 3 3,Z,-0.6666666666666666666666666667,2,SLEEP,Z,0.01098207,0.03735729
7/7/3/6/5/3/2/5/7 3 3,Z,0.60,4,SLEEP,Z,0.04460485,0.1351781
7/7/3/6/5/3/2/3/7 3 3,Z,0.7,10,SLEEP,Z,0.09955417,0.2643258
7/7/3/6/5/3/2/7/6 3 3,Z,0.60,4,SLEEP,Z,0.03587534,0.1207911
7/7/3/6/5/3/2/7/5 3 3,Z,0.60,12,SLEEP,Z,0.05046581,0.1030281
7/7/3/6/5/3/2/7/3 3 3,Z,0.60,2,SLEEP,Z,0.02256433,0.06556177
7/7/3/6/5/3/6/2/7 3 3,Z,0.60,4,SLEEP,Z,0.04178961,0.144062
7/7/3/6/5/3/6/6/6 3 3,X,-0.6666666666666666666666666667,4,SLEEP,Z,0.04395756,0.1658995
7/7/3/6/5/3/6/6/5 3 3,Z,-0.6666666666666666666666666667,6,SLEEP,Z,0.07964706,0.3669152
7/7/3/6/5/3/6/6/3 3 3,X,0.75,2,SLEEP,Z,0.01173806,0.05808852
7/7/3/6/5/3/6/5/6 3 3,X,-0.6666666666666666666666666667,4,SLEEP,Z,0.04733447,0.1719254
7/7/3/6/5/3/6/5/5 3 3,Z,0.60,6,SLEEP,Z,0.07079471,0.2817471
7/7/3/6/5/3/6/5/3 3 3,X,0.75,6,SLEEP,Z,0.03473944,0.1204481
7/7/3/6/5/3/6/3/6 3 3,Z,0.7,6,SLEEP,Z,0.06120288,0.2087814
7/7/3/6/5/3/6/3/5 3 3,Z,0.7,4,SLEEP,Z,0.04260583,0.135861
7/7/3/6/5/3/6/3/3 3 3,X,0.75,4,SLEEP,Z,0.06956122,0.2009512
7/7/3/6/5/3/6/7/4 3 3,X,-0.6666666666666666666666666667,6,SLEEP,Z,0.04910854,0.1803767
7/7/3/6/5/3/6/7/2 3 3,Z,0.60,2,SLEEP,Z,0.02931694,0.09776177
7/7/3/6/5/3/6/7/1 3 3,X,0.75,2,SLEEP,Z,0.02469691,0.0900661
7/7/3/6/5/3/5/2/7 3 3,Z,0.60,4,SLEEP,Z,0.02975545,0.09360885
7/7/3/6/5/3/5/6/6 3 3,Z,-0.6666666666666666666666666667,6,SLEEP,Z,0.05573592,0.2078665
7/7/3/6/5/3/5/6/5 3 3,Z,-0.6666666666666666666666666667,4,SLEEP,Z,0.02696974,0.1063982
7/7/3/6/5/3/5/6/3 3 3,Z,-0.6666666666666666666666666667,2,SLEEP,Z,0.03985407,0.03401643
7/7/3/6/5/3/5/5/6 3 3,Z,0.60,6,SLEEP,Z,0.04782929,0.1674734
7/7/3/6/5/3/5/5/5 3 3,Z,0.60,4,SLEEP,Z,0.0316386,0.1007808
7/7/3/6/5/3/5/5/3 3 3,Z,0.60,2,SLEEP,Z,0.0184346,0.06379693
7/7/3/6/5/3/5/3/6 3 3,Z,0.7,6,SLEEP,Z,0.05587211,0.2260222
7/7/3/6/5/3/5/3/5 3 3,Z,0.7,6,SLEEP,Z,0.03609757,0.1286372
7/7/3/6/5/3/5/3/3 3 3,Z,0.7,4,SLEEP,Z,0.04289982,0.148135
7/7/3/6/5/3/5/7/4 3 3,Z,0.60,4,SLEEP,Z,0.04164729,0.1721798
7/7/3/6/5/3/5/7/2 3 3,Z,0.60,12,SLEEP,Z,0.03224073,0.1260026
7/7/3/6/5/3/5/7/1 3 3,Z,0.60,8,SLEEP,Z,0.0658021,0.3276294
7/7/3/6/5/3/3/2/7 3 3,Z,0.60,4,SLEEP,Z,0.0468525,0.1497659
7/7/3/6/5/3/3/6/6 3 3,X,-0.75,4,SLEEP,Z,0.03817036,0.1059773
7/7/3/6/5/3/3/6/5 3 3,Z,-0.6666666666666666666666666667,2,SLEEP,Z,0,0
7/7/3/6/5/3/3/6/3 3 3,Z,-0.6666666666666666666666666667,2,SLEEP,Z,0,0
7/7/3/6/5/3/3/5/6 3 3,X,-0.75,4,SLEEP,Z,0.03468234,0.1160436
7/7/3/6/5/3/3/5/5 3 3,Z,0.60,6,SLEEP,Z,0.02939953,0.1112719
7/7/3/6/5/3/3/5/3 3 3,Z,0.60,2,SLEEP,Z,0,0
7/7/3/6/5/3/3/3/6 3 3,X,-0.75,6,SLEEP,Z,0.0913878,0.3213838
7/7/3/6/5/3/3/3/5 3 3,Z,0.7,2,SLEEP,Z,0.02593111,0.08604512
7/7/3/6/5/3/3/3/3 3 3,Z,0.7,4,SLEEP,Z,0.05870222,0.1929706
7/7/3/6/5/3/3/7/4 3 3,X,-0.75,2,SLEEP,Z,0.02384593,0.05056018
7/7/3/6/5/3/3/7/2 3 3,Z,0.60,2,SLEEP,Z,0.06444499,0.1162627
7/7/3/6/5/3/3/7/1 3 3,Z,0.60,2,SLEEP,Z,0.01950018,0.06585892
7/7/3/6/5/3/7/2/6 3 3,Z,0.60,4,SLEEP,Z,0.03370235,0.1144387
7/7/3/6/5/3/7/2/5 3 3,Z,0.60,6,SLEEP,Z,0.03603595,0.1233876
7/7/3/6/5/3/7/2/3 3 3,Z,0.60,2,SLEEP,Z,0.02695823,0.07569984
7/7/3/6/5/3/7/6/4 3 3,Z,-0.6666666666666666666666666666,4,SLEEP,Z,0.04454865,0.1656276
7/7/3/6/5/3/7/6/2 3 3,Z,-0.6666666666666666666666666666,2,SLEEP,Z,0.01523072,0.05143525
7/7/3/6/5/3/7/6/1 3 3,Z,-0.6666666666666666666666666666,4,SLEEP,Z,0.01373657,0.05579302
7/7/3/6/5/3/7/5/4 3 3,Z,0.60,4,SLEEP,Z,0.08346484,0.2767954
7/7/3/6/5/3/7/5/2 3 3,Z,0.60,4,SLEEP,Z,0.05797182,0.2132037
7/7/3/6/5/3/7/5/1 3 3,Z,0.60,2,SLEEP,Z,0.01476584,0.05076662
7/7/3/6/5/3/7/3/4 3 3,Z,0.7,6,SLEEP,Z,0.04626837,0.1685946
7/7/3/6/5/3/7/3/2 3 3,Z,0.7,2,SLEEP,Z,0.03036464,0.09298934
7/7/3/6/5/3/7/3/1 3 3,Z,0.7,4,SLEEP,Z,0.09349247,0.3021575
7/7/3/6/5/7/2/2/7 3 3,X,-0.5,4,SLEEP,Z,0.03683966,0.1211901
7/7/3/6/5/7/2/6/6 3 3,X,-0.5833333333333333333333333333,4,SLEEP,Z,0.02426529,0.08570178
7/7/3/6/5/7/2/6/5 3 3,X,-0.5,2,SLEEP,Z,0.01467846,0.04755875
7/7/3/6/5/7/2/6/3 3 3,X,0.5,2,SLEEP,Z,0.01321598,0.03368513
7/7/3/6/5/7/2/5/6 3 3,X,-0.5833333333333333333333333333,4,SLEEP,Z,0.03828994,0.1353401
7/7/3/6/5/7/2/5/5 3 3,X,-0.5,4,SLEEP,Z,0.03591042,0.1301368
7/7/3/6/5/7/2/5/3 3 3,Z,0.5,4,SLEEP,Z,0.02502412,0.07369915
7/7/3/6/5/7/2/3/6 3 3,Z,0.60,4,SLEEP,Z,0.07381918,0.2043347
7/7/3/6/5/7/2/3/5 3 3,Z,0.60,10,SLEEP,Z,0.09871879,0.2493659
7/7/3/6/5/7/2/3/3 3 3,Z,0.60,6,SLEEP,Z,0.03866963,0.112537
7/7/3/6/5/7/2/7/4 3 3,X,-0.5833333333333333333333333333,4,SLEEP,Z,0.06921474,0.2262583
7/7/3/6/5/7/2/7/2 3 3,X,-0.5,2,SLEEP,Z,0.027466,0.1023711
7/7/3/6/5/7/2/7/1 3 3,Z,0.5,2,SLEEP,Z,0,0
7/7/3/6/5/7/6/2/6 3 3,X,-0.6666666666666666666666666667,4,SLEEP,Z,0.05397233,0.1991019
7/7/3/6/5/7/6/2/5 3 3,X,-0.5833333333333333333333333333,2,SLEEP,Z,0.01382655,0.05338488
7/7/3/6/5/7/6/2/3 3 3,X,0.8333333333333333333333333333,4,SLEEP,Z,0.1265137,0.2038539
7/7/3/6/5/7/6/6/4 3 3,X,-0.6666666666666666666666666667,6,SLEEP,Z,0.05553891,0.2174632
7/7/3/6/5/7/6/6/2 3 3,X,-0.5833333333333333333333333333,4,SLEEP,Z,0.02977276,0.1107543
7/7/3/6/5/7/6/6/1 3 3,X,0.8333333333333333333333333333,2,SLEEP,Z,0.0152335,0.05134077
7/7/3/6/5/7/6/5/4 3 3,X,-0.6666666666666666666666666667,6,SLEEP,Z,0.07193842,0.2697811
7/7/3/6/5/7/6/5/2 3 3,X,-0.5833333333333333333333333333,4,SLEEP,Z,0.05671696,0.1873501
7/7/3/6/5/7/6/5/1 3 3,X,0.8333333333333333333333333333,4,SLEEP,Z,0.03117327,0.1134394
7/7/3/6/5/7/6/3/4 3 3,X,-0.6666666666666666666666666667,4,SLEEP,Z,0.04165177,0.1568359
7/7/3/6/5/7/6/3/2 3 3,Z,0.60,4,SLEEP,Z,0.05644109,0.195769
7/7/3/6/5/7/6/3/1 3 3,X,0.8333333333333333333333333333,14,SLEEP,Z,0.050867,0.1709325
7/7/3/6/5/7/5/2/6 3 3,X,-0.5833333333333333333333333333,6,SLEEP,Z,0.0993021,0.2849754
7/7/3/6/5/7/5/2/5 3 3,X,-0.5,4,SLEEP,Z,0.03024656,0.1125419
7/7/3/6/5/7/5/2/3 3 3,Z,0.5,12,SLEEP,Z,0.03624142,0.1083536
7/7/3/6/5/7/5/6/4 3 3,X,-0.5833333333333333333333333333,2,SLEEP,Z,0.02242937,0.09120538
7/7/3/6/5/7/5/6/2 3 3,X,-0.5,2,SLEEP,Z,0.03161151,0.120082
7/7/3/6/5/7/5/6/1 3 3,Z,0.5,2,SLEEP,Z,0,0
7/7/3/6/5/7/5/5/4 3 3,X,-0.5833333333333333333333333333,4,SLEEP,Z,0.107353,0.296555
7/7/3/6/5/7/5/5/2 3 3,X,-0.5,4,SLEEP,Z,0.02969442,0.1143484
7/7/3/6/5/7/5/5/1 3 3,Z,0.5,4,SLEEP,Z,0.04437765,0.1295525
7/7/3/6/5/7/5/3/4 3 3,Z,0.60,4,SLEEP,Z,0.03031882,0.1249078
7/7/3/6/5/7/5/3/2 3 3,Z,0.60,4,SLEEP,Z,0.02521134,0.09977173
7/7/3/6/5/7/5/3/1 3 3,Z,0.60,4,SLEEP,Z,0.07852891,0.23022
7/7/3/6/5/7/3/2/6 3 3,X,-0.8333333333333333333333333333,6,SLEEP,Z,0.04898988,0.1834699
7/7/3/6/5/7/3/2/5 3 3,Z,0.5,4,SLEEP,Z,0.01863726,0.07064129
7/7/3/6/5/7/3/2/3 3 3,Z,0.5,2,SLEEP,Z,0,0
7/7/3/6/5/7/3/6/4 3 3,X,-0.8333333333333333333333333333,2,SLEEP,Z,0.1673346,0.3880911
7/7/3/6/5/7/3/6/2 3 3,X,-0.5,2,SLEEP,Z,0.02382316,0.06303645
7/7/3/6/5/7/3/6/1 3 3,Z,0.5,2,SLEEP,Z,0,0
7/7/3/6/5/7/3/5/4 3 3,X,-0.8333333333333333333333333333,4,SLEEP,Z,0.07718549,0.2233825
7/7/3/6/5/7/3/5/2 3 3,Z,0.5,2,SLEEP,Z,0.03049668,0.08811042
7/7/3/6/5/7/3/5/1 3 3,Z,0.5,2,SLEEP,Z,0.006491581,0.02484977
7/7/3/6/5/7/3/3/4 3 3,X,-0.8333333333333333333333333333,4,SLEEP,Z,0.0285743,0.1045799
7/7/3/6/5/7/3/3/2 3 3,Z,0.60,2,SLEEP,Z,0.01306931,0.04767174
7/7/3/6/5/7/3/3/1 3 3,Z,0.60,2,SLEEP,Z,0.01630425,0.05574594
7/7/3/6/5/7/7/2/4 3 3,X,-0.5833333333333333333333333333,4,SLEEP,Z,0.1171776,0.2672325
7/7/3/6/5/7/7/2/2 3 3,X,-0.5,4,SLEEP,Z,0.05244927,0.1884968
7/7/3/6/5/7/7/2/1 3 3,Z,0.5,6,SLEEP,Z,0.02955082,0.1237889
7/7/3/6/3/2/2/7/7 3 3,Z,0.5,4,SLEEP,Z,0.06937742,0.1811999
7/7/3/6/3/2/6/6/7 3 3,X,-0.625,4,SLEEP,Z,0.03998654,0.1184122
7/7/3/6/3/2/6/5/7 3 3,X,-0.625,4,SLEEP,Z,0.05455358,0.1715447
7/7/3/6/3/2/6/3/7 3 3,X,-0.625,14,SLEEP,Z,0.09755701,0.2525736
7/7/3/6/3/2/6/7/6 3 3,X,-0.75,6,SLEEP,Z,0.11095,0.32177
7/7/3/6/3/2/6/7/5 3 3,X,-0.625,4,SLEEP,Z,0.04219175,0.1502287
7/7/3/6/3/2/6/7/3 3 3,X,0.7,2,SLEEP,Z,0.02101343,0.0559717
7/7/3/6/3/2/5/6/7 3 3,X,-0.5,2,SLEEP,Z,0.02820427,0.1033302
7/7/3/6/3/2/5/5/7 3 3,Z,0.5,8,SLEEP,Z,0.06185889,0.2165961
7/7/3/6/3/2/5/3/7 3 3,Z,0.60,4,SLEEP,Z,0.04010475,0.1277424
7/7/3/6/3/2/5/7/6 3 3,X,-0.625,2,SLEEP,Z,0.05471525,0.1174656
7/7/3/6/3/2/5/7/5 3 3,Z,0.5,4,SLEEP,Z,0.02723427,0.1051264
7/7/3/6/3/2/5/7/3 3 3,Z,0.5,2,SLEEP,Z,0.0415687,0.09291814
7/7/3/6/3/2/3/6/7 3 3,X,-0.5,2,SLEEP,Z,0.01628119,0.05930598
7/7/3/6/3/2/3/5/7 3 3,Z,0.5,6,SLEEP,Z,0.05365721,0.1188102
7/7/3/6/3/2/3/3/7 3 3,Z,0.60,6,SLEEP,Z,0.03138527,0.09847295
7/7/3/6/3/2/3/7/6 3 3,X,-0.7,4,SLEEP,Z,0.1766192,0.4599757
7/7/3/6/3/2/3/7/5 3 3,Z,0.5,4,SLEEP,Z,0.03331948,0.1103352
7/7/3/6/3/2/3/7/3 3 3,Z,0.5,2,SLEEP,Z,0.03029101,0.05202979
7/7/3/6/3/2/7/2/7 3 3,Z,0.5,4,SLEEP,Z,0.06073666,0.08854681
7/7/3/6/3/2/7/6/6 3 3,X,-0.625,6,SLEEP,Z,0.0620447,0.2206812
7/7/3/6/3/2/7/6/5 3 3,X,-0.5,2,SLEEP,Z,0.01170156,0.04732515
7/7/3/6/3/2/7/6/3 3 3,Z,0.5,2,SLEEP,Z,0.0156821,0.05091704
7/7/3/6/3/2/7/5/6 3 3,X,-0.625,6,SLEEP,Z,0.0851033,0.2451046
7/7/3/6/3/2/7/5/5 3 3,Z,0.5,4,SLEEP,Z,0.03756052,0.1253002
7/7/3/6/3/2/7/5/3 3 3,Z,0.5,2,SLEEP,Z,0.03017303,0.1021349
7/7/3/6/3/2/7/3/6 3 3,X,-0.625,4,SLEEP,Z,0.07312464,0.1913083
7/7/3/6/3/2/7/3/5 3 3,Z,0.60,4,SLEEP,Z,0.06155235,0.1768961
7/7/3/6/3/2/7/3/3 3 3,Z,0.60,6,SLEEP,Z,0.09828577,0.3647711
7/7/3/6/3/2/7/7/4 3 3,X,-0.625,4,SLEEP,Z,0.04517573,0.1645949
7/7/3/6/3/2/7/7/2 3 3,Z,0.5,4,SLEEP,Z,0.02227929,0.08232603
7/7/3/6/3/2/7/7/1 3 3,Z,0.5,2,SLEEP,Z,0.01996998,0.07768655
7/7/3/6/3/6/2/6/7 3 3,X,-0.5,2,SLEEP,Z,0.045762,0.1155512
7/7/3/6/3/6/2/5/7 3 3,X,-0.5,4,SLEEP,Z,0.05181039,0.1200657
7/7/3/6/3/6/2/3/7 3 3,Z,0.6666666666666666666666666667,2,SLEEP,Z,0.1099977,0.2243951
7/7/3/6/3/6/2/7/6 3 3,X,-0.625,8,SLEEP,Z,0.1597576,0.4052626
7/7/3/6/3/6/2/7/5 3 3,X,-0.5,2,SLEEP,Z,0.02573577,0.08127338
7/7/3/6/3/6/2/7/3 3 3,Z,0.5,2,SLEEP,Z,0.009799842,0.033219
7/7/3/6/3/6/6/2/7 3 3,X,-0.625,2,SLEEP,Z,0.03362588,0.1064123
7/7/3/6/3/6/6/6/6 3 3,X,-0.75,6,SLEEP,Z,0.1210686,0.3506222
7/7/3/6/3/6/6/6/5 3 3,X,-0.625,4,SLEEP,Z,0.04531221,0.1422625
7/7/3/6/3/6/6/6/3 3 3,X,0.75,2,SLEEP,Z,0.04337198,0.106152
7/7/3/6/3/6/6/5/6 3 3,X,-0.75,4,SLEEP,Z,0.08174391,0.2562795
7/7/3/6/3/6/6/5/5 3 3,X,-0.625,4,SLEEP,Z,0.06098359,0.2104366
7/7/3/6/3/6/6/5/3 3 3,X,0.75,4,SLEEP,Z,0.04410621,0.1059825
7/7/3/6/3/6/6/3/6 3 3,X,-0.75,6,SLEEP,Z,0.07196958,0.2455589
7/7/3/6/3/6/6/3/5 3 3,Z,0.6666666666666666666666666667,6,SLEEP,Z,0.08517528,0.2343
7/7/3/6/3/6/6/3/3 3 3,X,0.75,2,SLEEP,Z,0.04344654,0.1303891
7/7/3/6/3/6/6/7/4 3 3,X,-0.75,4,SLEEP,Z,0.05555155,0.1879998
7/7/3/6/3/6/6/7/2 3 3,X,-0.625,2,SLEEP,Z,0.05596576,0.1918041
7/7/3/6/3/6/6/7/1 3 3,X,0.75,2,SLEEP,Z,0.01720043,0.05822491
7/7/3/6/3/6/5/2/7 3 3,X,-0.5,2,SLEEP,Z,0.02295123,0.07985305
7/7/3/6/3/6/5/6/6 3 3,X,-0.625,4,SLEEP,Z,0.06083136,0.2062191
7/7/3/6/3/6/5/6/5 3 3,X,-0.5,2,SLEEP,Z,0.02194449,0.0889635
7/7/3/6/3/6/5/6/3 3 3,Z,0.5,2,SLEEP,Z,0.0243668,0.04933409
7/7/3/6/3/6/5/5/6 3 3,X,-0.625,4,SLEEP,Z,0.04868134,0.1551415
7/7/3/6/3/6/5/5/5 3 3,X,-0.5,4,SLEEP,Z,0.06729453,0.1955227
7/7/3/6/3/6/5/5/3 3 3,Z,0.5,2,SLEEP,Z,0.01797057,0.06585085
7/7/3/6/3/6/5/3/6 3 3,Z,0.6666666666666666666666666667,4,SLEEP,Z,0.0420173,0.1361781
7/7/3/6/3/6/5/3/5 3 3,Z,0.6666666666666666666666666667,4,SLEEP,Z,0.05582655,0.175705
7/7/3/6/3/6/5/3/3 3 3,Z,0.6666666666666666666666666667,4,SLEEP,Z,0.05560794,0.1314002
7/7/3/6/3/6/5/7/4 3 3,X,-0.625,4,SLEEP,Z,0.06331863,0.2044956
7/7/3/6/3/6/5/7/2 3 3,X,-0.5,2,SLEEP,Z,0.02020899,0.07208323
7/7/3/6/3/6/5/7/1 3 3,Z,0.5,2,SLEEP,Z,0.01750384,0.05328304
7/7/3/6/3/6/3/2/7 3 3,Z,0.5,4,SLEEP,Z,0.02873267,0.09543972
7/7/3/6/3/6/3/6/6 3 3,X,-0.75,2,SLEEP,Z,0.04145624,0.1422418
7/7/3/6/3/6/3/6/5 3 3,X,-0.5,2,SLEEP,Z,0.07922281,0.3569795
7/7/3/6/3/6/3/6/3 3 3,Z,0.5,2,SLEEP,Z,0.01395583,0.03875421
7/7/3/6/3/6/3/5/6 3 3,X,-0.75,4,SLEEP,Z,0.08449824,0.179894
7/7/3/6/3/6/3/5/5 3 3,Z,0.5,4,SLEEP,Z,0.03008289,0.07603647
7/7/3/6/3/6/3/5/3 3 3,Z,0.5,2,SLEEP,Z,0.01896417,0.0523554
7/7/3/6/3/6/3/3/6 3 3,X,-0.75,4,SLEEP,Z,0.04570123,0.1547078
7/7/3/6/3/6/3/3/5 3 3,Z,0.6666666666666666666666666667,4,SLEEP,Z,0.02849288,0.1040243
7/7/3/6/3/6/3/3/3 3 3,Z,0.6666666666666666666666666667,2,SLEEP,Z,0.01922352,0.05799244
7/7/3/6/3/6/3/7/4 3 3,X,-0.75,2,SLEEP,Z,0.05636822,0.1159623
7/7/3/6/3/6/3/7/2 3 3,Z,0.5,2,SLEEP,Z,0.02423842,0.09033083
7/7/3/6/3/6/3/7/1 3 3,Z,0.5,2,SLEEP,Z,0.02377951,0.04935732
7/7/3/6/3/6/7/2/6 3 3,X,-0.625,6,SLEEP,Z,0.06806411,0.2256231
7/7/3/6/3/6/7/2/5 3 3,X,-0.5,4,SLEEP,Z,0.01996944,0.07232255
7/7/3/6/3/6/7/2/3 3 3,Z,0.5,2,SLEEP,Z,0.01418106,0.05762039
7/7/3/6/3/6/7/6/4 3 3,X,-0.625,2,SLEEP,Z,0.03341598,0.1160309
7/7/3/6/3/6/7/6/2 3 3,X,-0.5,4,SLEEP,Z,0.03570085,0.1160782
7/7/3/6/3/6/7/6/1 3 3,Z,0.5,2,SLEEP,Z,0.01361803,0.04973176
7/7/3/6/3/6/7/5/4 3 3,X,-0.625,4,SLEEP,Z,0.05637909,0.1889355
7/7/3/6/3/6/7/5/2 3 3,X,-0.5,4,SLEEP,Z,0.05392784,0.142512
7/7/3/6/3/6/7/5/1 3 3,Z,0.5,2,SLEEP,Z,0.03190197,0.04899087
7/7/3/6/3/6/7/3/4 3 3,Z,0.6666666666666666666666666666,6,SLEEP,Z,0.07078377,0.2316756
7/7/3/6/3/6/7/3/2 3 3,Z,0.6666666666666666666666666666,4,SLEEP,Z,0.04638549,0.1597189
7/7/3/6/3/6/7/3/1 3 3,Z,0.6666666666666666666666666666,4,SLEEP,Z,0.04094803,0.1440718
7/7/3/6/3/5/2/6/7 3 3,X,-0.5,2,SLEEP,Z,0.04558649,0.1181947
7/7/3/6/3/5/2/5/7 3 3,Z,0.5,4,SLEEP,Z,0.06531885,0.1830598
7/7/3/6/3/5/2/3/7 3 3,Z,0.60,4,SLEEP,Z,0.04594745,0.1544443
7/7/3/6/3/5/2/7/6 3 3,X,-0.625,6,SLEEP,Z,0.1150135,0.2819211
7/7/3/6/3/5/2/7/5 3 3,Z,0.5,4,SLEEP,Z,0.01917903,0.06515462
7/7/3/6/3/5/2/7/3 3 3,Z,0.5,4,SLEEP,Z,0.0211895,0.0653598
7/7/3/6/3/5/6/2/7 3 3,X,-0.625,4,SLEEP,Z,0.0565334,0.1848186
7/7/3/6/3/5/6/6/6 3 3,X,-0.75,8,SLEEP,Z,0.1236763,0.3751801
7/7/3/6/3/5/6/6/5 3 3,X,-0.625,4,SLEEP,Z,0.03155212,0.1046986
7/7/3/6/3/5/6/6/3 3 3,X,0.75,2,SLEEP,Z,0.02789528,0.08391352
7/7/3/6/3/5/6/5/6 3 3,X,-0.75,8,SLEEP,Z,0.1140071,0.3165986
7/7/3/6/3/5/6/5/5 3 3,X,-0.625,2,SLEEP,Z,0.05438976,0.1784481
7/7/3/6/3/5/6/5/3 3 3,X,0.75,4,SLEEP,Z,0.06484493,0.258599
7/7/3/6/3/5/6/3/6 3 3,X,-0.75,6,SLEEP,Z,0.1197171,0.3189968
7/7/3/6/3/5/6/3/5 3 3,X,-0.625,6,SLEEP,Z,0.1082335,0.2549192
7/7/3/6/3/5/6/7/4 3 3,X,-0.75,4,SLEEP,Z,0.06673401,0.2276562
7/7/3/6/3/5/6/7/2 3 3,X,-0.625,4,SLEEP,Z,0.05883178,0.1732122
7/7/3/6/3/5/6/7/1 3 3,X,0.75,2,SLEEP,Z,0.03822366,0.1270538
7/7/3/6/3/5/6/3/3 3 3,X,0.75,4,SLEEP,Z,0.09289104,0.1720643
7/7/3/6/3/5/5/2/7 3 3,Z,0.5,4,SLEEP,Z,0.04121342,0.1420143
7/7/3/6/3/5/5/6/6 3 3,X,-0.625,4,SLEEP,Z,0.03961842,0.1559072
7/7/3/6/3/5/5/6/5 3 3,X,-0.5,2,SLEEP,Z,0.0365136,0.1335573
7/7/3/6/3/5/5/6/3 3 3,Z,0.5,2,SLEEP,Z,0.01052262,0.03810526
7/7/3/6/3/5/5/5/6 3 3,X,-0.625,6,SLEEP,Z,0.09524661,0.2873235
7/7/3/6/3/5/5/5/5 3 3,Z,0.5,6,SLEEP,Z,0.03125575,0.1189865
7/7/3/6/3/5/5/5/3 3 3,Z,0.5,2,SLEEP,Z,0.006910274,0.03419611
7/7/3/6/3/5/5/3/6 3 3,X,-0.625,6,SLEEP,Z,0.1167979,0.3513812
7/7/3/6/3/5/5/3/5 3 3,Z,0.60,6,SLEEP,Z,0.05473801,0.1976465
7/7/3/6/3/5/5/3/3 3 3,Z,0.60,6,SLEEP,Z,0.03111151,0.104295
7/7/3/6/3/5/5/7/4 3 3,X,-0.625,4,SLEEP,Z,0.1312833,0.398292
7/7/3/6/3/5/5/7/2 3 3,Z,0.5,4,SLEEP,Z,0.06886019,0.1868588
7/7/3/6/3/5/5/7/1 3 3,Z,0.5,2,SLEEP,Z,0.02661487,0.09822498
7/7/3/6/3/5/3/2/7 3 3,Z,0.5,2,SLEEP,Z,0.02834509,0.0919269
7/7/3/6/3/5/3/6/6 3 3,X,-0.75,4,SLEEP,Z,0.05294507,0.1574657
7/7/3/6/3/5/3/6/5 3 3,X,-0.5,2,SLEEP,Z,0,0
7/7/3/6/3/5/3/6/3 3 3,Z,0.5,2,SLEEP,Z,0,0
7/7/3/6/3/5/3/5/6 3 3,X,-0.75,4,SLEEP,Z,0.0876468,0.1975913
7/7/3/6/3/5/3/5/5 3 3,Z,0.5,4,SLEEP,Z,0.1250665,0.2585436
7/7/3/6/3/5/3/5/3 3 3,Z,0.5,4,SLEEP,Z,0.049583,0.1078567
7/7/3/6/3/5/3/3/6 3 3,X,-0.75,6,SLEEP,Z,0.06214706,0.2049488
7/7/3/6/3/5/3/3/5 3 3,Z,0.60,4,SLEEP,Z,0.02756778,0.09512107
7/7/3/6/3/5/3/3/3 3 3,Z,0.60,4,SLEEP,Z,0.02330266,0.08123238
7/7/3/6/3/5/3/7/4 3 3,X,-0.75,6,SLEEP,Z,0.1132976,0.2507287
7/7/3/6/3/5/3/7/2 3 3,Z,0.5,4,SLEEP,Z,0.02383661,0.05654337
7/7/3/6/3/5/3/7/1 3 3,Z,0.5,2,SLEEP,Z,0.01978002,0.07398968
7/7/3/6/3/5/7/2/6 3 3,X,-0.625,2,SLEEP,Z,0.04227377,0.1068886
7/7/3/6/3/5/7/2/5 3 3,Z,0.5,4,SLEEP,Z,0.0458865,0.1573201
7/7/3/6/3/5/7/2/3 3 3,Z,0.5,4,SLEEP,Z,0.06712915,0.3117066
7/7/3/6/3/5/7/6/4 3 3,X,-0.625,2,SLEEP,Z,0.01562458,0.05480063
7/7/3/6/3/5/7/6/2 3 3,X,-0.5,2,SLEEP,Z,0.02124477,0.06884108
7/7/3/6/3/5/7/6/1 3 3,Z,0.5,2,SLEEP,Z,0.01620257,0.06107234
7/7/3/6/3/5/7/5/4 3 3,X,-0.625,6,SLEEP,Z,0.08212061,0.2409949
7/7/3/6/3/5/7/5/2 3 3,Z,0.5,2,SLEEP,Z,0.01634455,0.05942335
7/7/3/6/3/5/7/5/1 3 3,Z,0.5,2,SLEEP,Z,0,0
7/7/3/6/3/5/7/3/4 3 3,X,-0.625,6,SLEEP,Z,0.06117288,0.2255187
7/7/3/6/3/5/7/3/2 3 3,Z,0.60,6,SLEEP,Z,0.02891234,0.09875771
7/7/3/6/3/5/7/3/1 3 3,Z,0.60,4,SLEEP,Z,0.05688602,0.1485483
7/7/3/6/3/3/2/6/7 3 3,Z,-0.6666666666666666666666666667,4,SLEEP,Z,0.03618919,0.1116229
7/7/3/6/3/3/2/5/7 3 3,Z,0.60,2,SLEEP,Z,0.02846901,0.08690544
7/7/3/6/3/3/2/3/7 3 3,Z,0.7,4,SLEEP,Z,0.06135488,0.1830485
7/7/3/6/3/3/2/7/6 3 3,X,-0.625,8,SLEEP,Z,0.09639557,0.3035283
7/7/3/6/3/3/2/7/5 3 3,Z,0.60,18,SLEEP,Z,0.03933972,0.1375851
7/7/3/6/3/3/2/7/3 3 3,Z,0.60,2,SLEEP,Z,0.02005711,0.07154562
7/7/3/6/3/3/6/2/7 3 3,X,-0.625,4,SLEEP,Z,0.06845988,0.208968
7/7/3/6/3/3/6/6/6 3 3,X,-0.75,6,SLEEP,Z,0.1332349,0.4170452
7/7/3/6/3/3/6/6/5 3 3,Z,-0.6666666666666666666666666667,4,SLEEP,Z,0.03010717,0.10276
7/7/3/6/3/3/6/6/3 3 3,X,0.75,2,SLEEP,Z,0.01216044,0.02653464
7/7/3/6/3/3/6/5/6 3 3,X,-0.75,6,SLEEP,Z,0.07498071,0.2265513
7/7/3/6/3/3/6/5/5 3 3,X,-0.625,4,SLEEP,Z,0.04545252,0.1420745
7/7/3/6/3/3/6/5/3 3 3,X,0.75,2,SLEEP,Z,0.03401162,0.1135988
7/7/3/6/3/3/6/3/6 3 3,X,-0.75,8,SLEEP,Z,0.1062746,0.3157412
7/7/3/6/3/3/6/3/5 3 3,Z,0.7,6,SLEEP,Z,0.1129051,0.3461535
7/7/3/6/3/3/6/3/3 3 3,X,0.75,4,SLEEP,Z,0.05983194,0.1907311
7/7/3/6/3/3/6/7/4 3 3,X,-0.75,6,SLEEP,Z,0.1358291,0.3369767
7/7/3/6/3/3/6/7/2 3 3,X,-0.625,2,SLEEP,Z,0.03893698,0.1164457
7/7/3/6/3/3/6/7/1 3 3,X,0.75,2,SLEEP,Z,0.03029347,0.1111147
7/7/3/6/3/3/5/2/7 3 3,Z,0.60,6,SLEEP,Z,0.05361674,0.2011963
7/7/3/6/3/3/5/6/6 3 3,Z,-0.6666666666666666666666666667,2,SLEEP,Z,0.05470904,0.1565555
7/7/3/6/3/3/5/6/5 3 3,Z,-0.6666666666666666666666666667,4,SLEEP,Z,0.05762772,0.1561565
7/7/3/6/3/3/5/6/3 3 3,Z,-0.6666666666666666666666666667,2,SLEEP,Z,0.03481151,0.04180849
7/7/3/6/3/3/5/5/6 3 3,X,-0.625,6,SLEEP,Z,0.0649843,0.1722212
7/7/3/6/3/3/5/5/5 3 3,Z,0.60,4,SLEEP,Z,0.04190219,0.1444947
7/7/3/6/3/3/5/5/3 3 3,Z,0.60,80,SLEEP,Z,0.03725957,0.1355772
7/7/3/6/3/3/5/3/6 3 3,Z,0.7,10,SLEEP,Z,0.08775446,0.2822094
7/7/3/6/3/3/5/3/5 3 3,Z,0.7,6,SLEEP,Z,0.03796401,0.1300268
7/7/3/6/3/3/5/3/3 3 3,Z,0.7,4,SLEEP,Z,0.04073054,0.1412372
7/7/3/6/3/3/5/7/4 3 3,X,-0.625,4,SLEEP,Z,0.03872139,0.1293691
7/7/3/6/3/3/5/7/2 3 3,Z,0.60,4,SLEEP,Z,0.03677162,0.1147345
7/7/3/6/3/3/5/7/1 3 3,Z,0.60,4,SLEEP,Z,0.04920379,0.1382765
7/7/3/6/3/3/3/2/7 3 3,Z,0.60,4,SLEEP,Z,0.06414667,0.199145
7/7/3/6/3/3/3/6/6 3 3,X,-0.75,2,SLEEP,Z,0.02993101,0.092444
7/7/3/6/3/3/3/6/5 3 3,Z,-0.6666666666666666666666666667,2,SLEEP,Z,0.02167433,0.07633621
7/7/3/6/3/3/3/6/3 3 3,Z,-0.6666666666666666666666666667,2,SLEEP,Z,0.02554116,0.1238035
7/7/3/6/3/3/3/5/6 3 3,X,-0.75,6,SLEEP,Z,0.04140699,0.1564964
7/7/3/6/3/3/3/5/5 3 3,Z,0.60,4,SLEEP,Z,0.02053359,0.07670981
7/7/3/6/3/3/3/5/3 3 3,Z,0.60,4,SLEEP,Z,0.03081926,0.1042852
7/7/3/6/3/3/3/3/6 3 3,X,-0.75,6,SLEEP,Z,0.0928663,0.2152206
7/7/3/6/3/3/3/3/5 3 3,Z,0.7,8,SLEEP,Z,0.07635411,0.2537751
7/7/3/6/3/3/3/3/3 3 3,Z,0.7,4,SLEEP,Z,0.02305318,0.06271984
7/7/3/6/3/3/3/7/2 3 3,Z,0.60,2,SLEEP,Z,0.02011205,0.06011451
7/7/3/6/3/3/3/7/4 3 3,X,-0.75,4,SLEEP,Z,0.04481006,0.1583654
7/7/3/6/3/3/3/7/1 3 3,Z,0.60,4,SLEEP,Z,0.03368014,0.09426589
7/7/3/6/3/3/7/2/6 3 3,X,-0.625,4,SLEEP,Z,0.05448145,0.1887566
7/7/3/6/3/3/7/2/5 3 3,Z,0.60,10,SLEEP,Z,0.09311653,0.3679182
7/7/3/6/3/3/7/2/3 3 3,Z,0.60,2,SLEEP,Z,0.02459067,0.08237549
7/7/3/6/3/3/7/6/4 3 3,Z,-0.6666666666666666666666666666,4,SLEEP,Z,0.1525078,0.386893
7/7/3/6/3/3/7/6/2 3 3,Z,-0.6666666666666666666666666666,2,SLEEP,Z,0.04426096,0.1108928
7/7/3/6/3/3/7/6/1 3 3,Z,-0.6666666666666666666666666666,2,SLEEP,Z,0.02115155,0.0664403
7/7/3/6/3/3/7/5/4 3 3,X,-0.625,4,SLEEP,Z,0.04003418,0.1389527
7/7/3/6/3/3/7/5/2 3 3,Z,0.60,2,SLEEP,Z,0.02712271,0.07550036
7/7/3/6/3/3/7/5/1 3 3,Z,0.60,2,SLEEP,Z,0.01817976,0.04748379
7/7/3/6/3/3/7/3/4 3 3,Z,0.7,6,SLEEP,Z,0.09519287,0.3266163
7/7/3/6/3/3/7/3/2 3 3,Z,0.7,4,SLEEP,Z,0.05605499,0.1861903
7/7/3/6/3/3/7/3/1 3 3,Z,0.7,2,SLEEP,Z,0.01674968,0.05863097
7/7/3/6/3/7/2/2/7 3 3,Z,0.5,4,SLEEP,Z,0.050749,0.168963
7/7/3/6/3/7/2/6/6 3 3,X,-0.625,4,SLEEP,Z,0.04141476,0.1270305
7/7/3/6/3/7/2/6/5 3 3,X,-0.5,2,SLEEP,Z,0,0
7/7/3/6/3/7/2/6/3 3 3,X,0.5,2,SLEEP,Z,0,0
7/7/3/6/3/7/2/5/6 3 3,X,-0.625,4,SLEEP,Z,0.04280394,0.1318821
7/7/3/6/3/7/2/5/5 3 3,Z,0.5,4,SLEEP,Z,0.0948037,0.1795818
7/7/3/6/3/7/2/5/3 3 3,Z,0.5,2,SLEEP,Z,0.01417396,0.05074549
7/7/3/6/3/7/2/3/6 3 3,X,-0.625,4,SLEEP,Z,0.05966774,0.1958851
7/7/3/6/3/7/2/3/5 3 3,Z,0.60,10,SLEEP,Z,0.03529873,0.1033234
7/7/3/6/3/7/2/3/3 3 3,Z,0.60,6,SLEEP,Z,0.04321597,0.1351537
7/7/3/6/3/7/2/7/4 3 3,X,-0.625,4,SLEEP,Z,0.1097904,0.2586922
7/7/3/6/3/7/2/7/2 3 3,Z,0.5,6,SLEEP,Z,0.08266259,0.1807972
7/7/3/6/3/7/2/7/1 3 3,Z,0.5,2,SLEEP,Z,0.002892199,0.01018432
7/7/3/6/3/7/6/2/6 3 3,X,-0.75,6,SLEEP,Z,0.1060317,0.3397015
7/7/3/6/3/7/6/2/5 3 3,X,-0.625,4,SLEEP,Z,0.03918559,0.1356533
7/7/3/6/3/7/6/2/3 3 3,X,0.8333333333333333333333333333,4,SLEEP,Z,0.06384477,0.1244201
7/7/3/6/3/7/6/6/4 3 3,X,-0.75,2,SLEEP,Z,0.04042767,0.1466123
7/7/3/6/3/7/6/6/2 3 3,X,-0.625,4,SLEEP,Z,0.130249,0.3114548
7/7/3/6/3/7/6/6/1 3 3,X,0.8333333333333333333333333333,2,SLEEP,Z,0.0108995,0.03518196
7/7/3/6/3/7/6/5/4 3 3,X,-0.75,4,SLEEP,Z,0.05506297,0.1869273
7/7/3/6/3/7/6/5/2 3 3,X,-0.625,4,SLEEP,Z,0.03619372,0.1182714
7/7/3/6/3/7/6/5/1 3 3,X,0.8333333333333333333333333333,4,SLEEP,Z,0.04410896,0.1237154
7/7/3/6/3/7/6/3/4 3 3,X,-0.75,6,SLEEP,Z,0.06720777,0.2505003
7/7/3/6/3/7/6/3/2 3 3,X,-0.625,4,SLEEP,Z,0.07169674,0.230175
7/7/3/6/3/7/6/3/1 3 3,X,0.8333333333333333333333333333,2,SLEEP,Z,0.02365507,0.07662059
7/7/3/6/3/7/5/2/6 3 3,X,-0.625,4,SLEEP,Z,0.1167633,0.2514845
7/7/3/6/3/7/5/2/5 3 3,Z,0.5,4,SLEEP,Z,0.06962828,0.2183069
7/7/3/6/3/7/5/2/3 3 3,Z,0.5,2,SLEEP,Z,0.01296787,0.04829189
7/7/3/6/3/7/5/6/4 3 3,X,-0.625,4,SLEEP,Z,0.06312421,0.216138
7/7/3/6/3/7/5/6/2 3 3,X,-0.5,2,SLEEP,Z,0.08740231,0.3063428
7/7/3/6/3/7/5/6/1 3 3,Z,0.5,2,SLEEP,Z,0.01344477,0.051479
7/7/3/6/3/7/5/5/4 3 3,X,-0.625,6,SLEEP,Z,0.1473777,0.4116774
7/7/3/6/3/7/5/5/2 3 3,Z,0.5,2,SLEEP,Z,0.01423846,0.04938651
7/7/3/6/3/7/5/5/1 3 3,Z,0.5,2,SLEEP,Z,0.03004076,0.04136559
7/7/3/6/3/7/5/3/4 3 3,X,-0.625,4,SLEEP,Z,0.1343974,0.3595443
7/7/3/6/3/7/5/3/1 3 3,Z,0.60,4,SLEEP,Z,0.07789658,0.1936409
7/7/3/6/3/7/5/3/2 3 3,Z,0.60,4,SLEEP,Z,0.07217086,0.2394156
7/7/3/6/3/7/3/2/6 3 3,X,-0.8333333333333333333333333333,4,SLEEP,Z,0.1882695,0.4076236
7/7/3/6/3/7/3/2/5 3 3,Z,0.5,2,SLEEP,Z,0.03056128,0.08549088
7/7/3/6/3/7/3/2/3 3 3,Z,0.5,2,SLEEP,Z,0.04352315,0.1025662
7/7/3/6/3/7/3/6/4 3 3,X,-0.8333333333333333333333333333,2,SLEEP,Z,0,0
7/7/3/6/3/7/3/6/2 3 3,X,-0.5,2,SLEEP,Z,0,0
7/7/3/6/3/7/3/6/1 3 3,Z,0.5,2,SLEEP,Z,0.005501927,0.02365857
7/7/3/6/3/7/3/5/4 3 3,X,-0.8333333333333333333333333333,4,SLEEP,Z,0.0688131,0.17083
7/7/3/6/3/7/3/5/2 3 3,Z,0.5,4,SLEEP,Z,0.05467905,0.1505664
7/7/3/6/3/7/3/5/1 3 3,Z,0.5,2,SLEEP,Z,0.0343766,0.09164163
7/7/3/6/3/7/3/3/4 3 3,X,-0.8333333333333333333333333333,6,SLEEP,Z,0.09080528,0.3072484
7/7/3/6/3/7/3/3/2 3 3,Z,0.60,2,SLEEP,Z,0.02645447,0.08970743
7/7/3/6/3/7/3/3/1 3 3,Z,0.60,2,SLEEP,Z,0.02564357,0.08967039
7/7/3/6/3/7/7/2/4 3 3,X,-0.625,6,SLEEP,Z,0.08301808,0.2167048
7/7/3/6/3/7/7/2/2 3 3,Z,0.5,2,SLEEP,Z,0.02716552,0.0940338
7/7/3/6/3/7/7/2/1 3 3,Z,0.5,4,SLEEP,Z,0.03858634,0.1459751
7/7/3/6/7/2/2/6/7 3 3,X,-0.5,4,SLEEP,Z,0.0685079,0.1710498
7/7/3/6/7/2/2/5/7 3 3,X,-0.5,4,SLEEP,Z,0.056833,0.07729016
7/7/3/6/7/2/2/3/7 3 3,Z,0.6,6,SLEEP,Z,0.09505336,0.3195441
7/7/3/6/7/2/2/7/6 3 3,X,-0.5833333333333333333333333333,4,SLEEP,Z,0.03599134,0.1041514
7/7/3/6/7/2/2/7/5 3 3,X,-0.5,4,SLEEP,Z,0.03959863,0.122859
7/7/3/6/7/2/2/7/3 3 3,Z,0.5,2,SLEEP,Z,0.02610536,0.06571591
7/7/3/6/7/2/6/2/7 3 3,X,-0.5833333333333333333333333333,4,SLEEP,Z,0.03053761,0.09883494
7/7/3/6/7/2/6/6/6 3 3,X,-0.6666666666666666666666666667,4,SLEEP,Z,0.07438792,0.2761526
7/7/3/6/7/2/6/6/5 3 3,X,-0.5833333333333333333333333333,4,SLEEP,Z,0.05786387,0.1231816
7/7/3/6/7/2/6/6/3 3 3,X,0.75,2,SLEEP,Z,0.01906404,0.06397025
7/7/3/6/7/2/6/5/6 3 3,X,-0.6666666666666666666666666667,6,SLEEP,Z,0.1107873,0.3767047
7/7/3/6/7/2/6/5/5 3 3,X,-0.5833333333333333333333333333,2,SLEEP,Z,0.03097053,0.1022753
7/7/3/6/7/2/6/5/3 3 3,X,0.75,2,SLEEP,Z,0.1220294,0.288162
7/7/3/6/7/2/6/3/6 3 3,X,-0.6666666666666666666666666667,10,SLEEP,Z,0.08644339,0.2920548
7/7/3/6/7/2/6/3/5 3 3,Z,0.6,6,SLEEP,Z,0.05241402,0.1687822
7/7/3/6/7/2/6/3/3 3 3,X,0.75,4,SLEEP,Z,0.03671331,0.1206286
7/7/3/6/7/2/6/7/4 3 3,X,-0.6666666666666666666666666667,4,SLEEP,Z,0.03296576,0.1239206
7/7/3/6/7/2/6/7/2 3 3,X,-0.5833333333333333333333333333,4,SLEEP,Z,0.04379705,0.1567628
7/7/3/6/7/2/6/7/1 3 3,X,0.75,2,SLEEP,Z,0.03459933,0.1000862
7/7/3/6/7/2/5/2/7 3 3,X,-0.5,4,SLEEP,Z,0.05611127,0.1757366
7/7/3/6/7/2/5/6/6 3 3,X,-0.5833333333333333333333333333,6,SLEEP,Z,0.04453162,0.1658741
7/7/3/6/7/2/5/6/5 3 3,X,-0.5,2,SLEEP,Z,0.02175529,0.08419868
7/7/3/6/7/2/5/6/3 3 3,Z,0.5,2,SLEEP,Z,0.03163479,0.07940057
7/7/3/6/7/2/5/5/6 3 3,X,-0.5833333333333333333333333333,8,SLEEP,Z,0.07649477,0.244525
7/7/3/6/7/2/5/5/5 3 3,X,-0.5,4,SLEEP,Z,0.03257965,0.1174354
7/7/3/6/7/2/5/5/3 3 3,Z,0.5,2,SLEEP,Z,0.01157512,0.04041838
7/7/3/6/7/2/5/3/6 3 3,Z,0.6,6,SLEEP,Z,0.04097161,0.1362452
7/7/3/6/7/2/5/3/5 3 3,Z,0.6,4,SLEEP,Z,0.03789476,0.117329
7/7/3/6/7/2/5/3/3 3 3,Z,0.6,4,SLEEP,Z,0.03096522,0.09188887
7/7/3/6/7/2/5/7/4 3 3,X,-0.5833333333333333333333333333,6,SLEEP,Z,0.09183653,0.3037773
7/7/3/6/7/2/5/7/2 3 3,X,-0.5,4,SLEEP,Z,0.01802819,0.06935316
7/7/3/6/7/2/5/7/1 3 3,Z,0.5,4,SLEEP,Z,0.03613703,0.1746961
7/7/3/6/7/2/3/2/7 3 3,Z,0.5,2,SLEEP,Z,0,0
7/7/3/6/7/2/3/6/6 3 3,X,-0.75,2,SLEEP,Z,0.03857331,0.08915714
7/7/3/6/7/2/3/6/5 3 3,X,-0.5,2,SLEEP,Z,0.01806818,0.06543809
7/7/3/6/7/2/3/6/3 3 3,Z,0.5,2,SLEEP,Z,0,0
7/7/3/6/7/2/3/5/6 3 3,X,-0.75,4,SLEEP,Z,0.03284843,0.1008969
7/7/3/6/7/2/3/5/5 3 3,Z,0.5,4,SLEEP,Z,0.03182116,0.1085495
7/7/3/6/7/2/3/5/3 3 3,Z,0.5,4,SLEEP,Z,0.02222754,0.07043095
7/7/3/6/7/2/3/3/6 3 3,X,-0.75,4,SLEEP,Z,0.05884298,0.2013022
7/7/3/6/7/2/3/3/5 3 3,Z,0.6,4,SLEEP,Z,0.06992418,0.1357145
7/7/3/6/7/2/3/3/3 3 3,Z,0.6,2,SLEEP,Z,0.03453918,0.09906925
7/7/3/6/7/2/3/7/4 3 3,X,-0.75,2,SLEEP,Z,0.02994444,0.1077149
7/7/3/6/7/2/3/7/2 3 3,Z,0.5,2,SLEEP,Z,0.01112371,0.04180644
7/7/3/6/7/2/3/7/1 3 3,Z,0.5,2,SLEEP,Z,0,0
7/7/3/6/7/2/7/2/6 3 3,X,-0.5833333333333333333333333333,4,SLEEP,Z,0.02868292,0.1036731
7/7/3/6/7/2/7/2/5 3 3,X,-0.5,4,SLEEP,Z,0.0234617,0.07817902
7/7/3/6/7/2/7/2/3 3 3,Z,0.5,2,SLEEP,Z,0.0170092,0.04961811
7/7/3/6/7/2/7/6/4 3 3,X,-0.5833333333333333333333333333,2,SLEEP,Z,0.01430404,0.05294449
7/7/3/6/7/2/7/6/2 3 3,X,-0.5,2,SLEEP,Z,0.01685711,0.06209697
7/7/3/6/7/2/7/6/1 3 3,Z,0.5,2,SLEEP,Z,0,0
7/7/3/6/7/2/7/5/4 3 3,X,-0.5833333333333333333333333333,2,SLEEP,Z,0.02044754,0.07762302
7/7/3/6/7/2/7/5/2 3 3,X,-0.5,6,SLEEP,Z,0.06433332,0.2273931
7/7/3/6/7/2/7/5/1 3 3,Z,0.5,4,SLEEP,Z,0.03808569,0.09387269
7/7/3/6/7/2/7/3/4 3 3,Z,0.6,2,SLEEP,Z,0.03542326,0.1205445
7/7/3/6/7/2/7/3/2 3 3,Z,0.6,2,SLEEP,Z,0.01459103,0.05282737
7/7/3/6/7/2/7/3/1 3 3,Z,0.6,4,SLEEP,Z,0.04231973,0.1427161
7/7/3/6/7/6/2/2/7 3 3,X,-0.5,2,SLEEP,Z,0.02822384,0.09041314
7/7/3/6/7/6/2/6/6 3 3,X,-0.5833333333333333333333333333,2,SLEEP,Z,0.03896509,0.1311688
7/7/3/6/7/6/2/6/5 3 3,X,-0.5,4,SLEEP,Z,0.1014594,0.3431702
7/7/3/6/7/6/2/6/3 3 3,X,0.5,2,SLEEP,Z,0.01356771,0.04343149
7/7/3/6/7/6/2/5/6 3 3,X,-0.5833333333333333333333333333,4,SLEEP,Z,0.09419671,0.275876
7/7/3/6/7/6/2/5/5 3 3,X,-0.5,4,SLEEP,Z,0.02823071,0.0924101
7/7/3/6/7/6/2/5/3 3 3,Z,0.5,2,SLEEP,Z,0,0
7/7/3/6/7/6/2/3/6 3 3,Z,0.7,4,SLEEP,Z,0.0366561,0.126604
7/7/3/6/7/6/2/3/5 3 3,Z,0.7,4,SLEEP,Z,0.04182401,0.1346437
7/7/3/6/7/6/2/3/3 3 3,Z,0.7,4,SLEEP,Z,0.03600254,0.1081121
7/7/3/6/7/6/2/7/4 3 3,X,-0.5833333333333333333333333333,4,SLEEP,Z,0.06825152,0.2210982
7/7/3/6/7/6/2/7/2 3 3,X,-0.5,4,SLEEP,Z,0.0848908,0.3106885
7/7/3/6/7/6/2/7/1 3 3,Z,0.5,2,SLEEP,Z,0.01451632,0.04297167
7/7/3/6/7/6/6/2/6 3 3,X,-0.6666666666666666666666666667,4,SLEEP,Z,0.05681303,0.2036398
7/7/3/6/7/6/6/2/5 3 3,X,-0.5833333333333333333333333333,6,SLEEP,Z,0.1048999,0.3080268
7/7/3/6/7/6/6/2/3 3 3,X,0.8333333333333333333333333333,2,SLEEP,Z,0.01803309,0.05648093
7/7/3/6/7/6/6/6/4 3 3,X,-0.6666666666666666666666666667,4,SLEEP,Z,0.05368357,0.2045854
7/7/3/6/7/6/6/6/2 3 3,X,-0.5833333333333333333333333333,2,SLEEP,Z,0.02362899,0.08784281
7/7/3/6/7/6/6/6/1 3 3,X,0.8333333333333333333333333333,2,SLEEP,Z,0.01869519,0.0580912
7/7/3/6/7/6/6/5/4 3 3,X,-0.6666666666666666666666666667,6,SLEEP,Z,0.07124683,0.2676065
7/7/3/6/7/6/6/5/2 3 3,X,-0.5833333333333333333333333333,4,SLEEP,Z,0.07113961,0.2067412
7/7/3/6/7/6/6/5/1 3 3,X,0.8333333333333333333333333333,2,SLEEP,Z,0.02579213,0.08701312
7/7/3/6/7/6/6/3/4 3 3,Z,0.7,2,SLEEP,Z,0.02642906,0.08168715
7/7/3/6/7/6/6/3/2 3 3,Z,0.7,4,SLEEP,Z,0.1309109,0.3378325
7/7/3/6/7/6/6/3/1 3 3,X,0.8333333333333333333333333333,4,SLEEP,Z,0.02845701,0.09265678
7/7/3/6/7/6/5/2/6 3 3,X,-0.5833333333333333333333333333,4,SLEEP,Z,0.05965641,0.1677934
7/7/3/6/7/6/5/2/5 3 3,X,-0.5,2,SLEEP,Z,0.03179651,0.09855756
7/7/3/6/7/6/5/2/3 3 3,Z,0.5,4,SLEEP,Z,0.05109233,0.1212576
7/7/3/6/7/6/5/6/4 3 3,X,-0.5833333333333333333333333333,4,SLEEP,Z,0.03951149,0.1258494
7/7/3/6/7/6/5/6/2 3 3,X,-0.5,2,SLEEP,Z,0.01907703,0.06949031
7/7/3/6/7/6/5/6/1 3 3,Z,0.5,2,SLEEP,Z,0.02017131,0.07466383
7/7/3/6/7/6/5/5/4 3 3,X,-0.5833333333333333333333333333,4,SLEEP,Z,0.06269541,0.1987352
7/7/3/6/7/6/5/5/2 3 3,X,-0.5,4,SLEEP,Z,0.03626604,0.1400748
7/7/3/6/7/6/5/5/1 3 3,Z,0.5,4,SLEEP,Z,0.01364111,0.05449883
7/7/3/6/7/6/5/3/4 3 3,Z,0.7,4,SLEEP,Z,0.05181282,0.1836019
7/7/3/6/7/6/5/3/2 3 3,Z,0.7,4,SLEEP,Z,0.03129492,0.1006631
7/7/3/6/7/6/5/3/1 3 3,Z,0.7,4,SLEEP,Z,0.08440384,0.188327
7/7/3/6/7/6/3/2/6 3 3,X,-0.8333333333333333333333333333,2,SLEEP,Z,0.0321712,0.1100746
7/7/3/6/7/6/3/2/5 3 3,Z,0.5,2,SLEEP,Z,0.03232149,0.06481041
7/7/3/6/7/6/3/2/3 3 3,Z,0.5,2,SLEEP,Z,0.0348235,0.07565493
7/7/3/6/7/6/3/6/4 3 3,X,-0.8333333333333333333333333333,2,SLEEP,Z,0.01098134,0.03943098
7/7/3/6/7/6/3/6/2 3 3,X,-0.5,2,SLEEP,Z,0.01168187,0.04779673
7/7/3/6/7/6/3/6/1 3 3,Z,0.5,2,SLEEP,Z,0.007550934,0.03000468
7/7/3/6/7/6/3/5/4 3 3,X,-0.8333333333333333333333333333,4,SLEEP,Z,0.1471469,0.3895688
7/7/3/6/7/6/3/5/2 3 3,Z,0.5,2,SLEEP,Z,0.04123654,0.1056587
7/7/3/6/7/6/3/5/1 3 3,Z,0.5,2,SLEEP,Z,0,0
7/7/3/6/7/6/3/3/4 3 3,X,-0.8333333333333333333333333333,2,SLEEP,Z,0.04187037,0.09218252
7/7/3/6/7/6/3/3/2 3 3,Z,0.7,2,SLEEP,Z,0.05489546,0.130659
7/7/3/6/7/6/3/3/1 3 3,Z,0.7,4,SLEEP,Z,0.05342165,0.1299777
7/7/3/6/7/6/7/2/4 3 3,X,-0.5833333333333333333333333333,2,SLEEP,Z,0.03049663,0.1152849
7/7/3/6/7/6/7/2/2 3 3,X,-0.5,2,SLEEP,Z,0.06645982,0.2033134
7/7/3/6/7/6/7/2/1 3 3,Z,0.5,2,SLEEP,Z,0.06322756,0.1592949
7/7/3/6/7/5/2/2/7 3 3,X,-0.5,6,SLEEP,Z,0.09318773,0.2330884
7/7/3/6/7/5/2/6/6 3 3,X,-0.5833333333333333333333333333,4,SLEEP,Z,0.0397539,0.1224265
7/7/3/6/7/5/2/6/5 3 3,X,-0.5,2,SLEEP,Z,0.009396274,0.03366093
7/7/3/6/7/5/2/6/3 3 3,X,0.5,2,SLEEP,Z,0,0
7/7/3/6/7/5/2/5/6 3 3,X,-0.5833333333333333333333333333,2,SLEEP,Z,0.04134835,0.1466202
7/7/3/6/7/5/2/5/5 3 3,X,-0.5,6,SLEEP,Z,0.06641728,0.3287115
7/7/3/6/7/5/2/5/3 3 3,Z,0.5,2,SLEEP,Z,0.03342927,0.09189713
7/7/3/6/7/5/2/3/6 3 3,Z,0.6,4,SLEEP,Z,0.04769285,0.1490113
7/7/3/6/7/5/2/3/5 3 3,Z,0.6,4,SLEEP,Z,0.05451025,0.1894989
7/7/3/6/7/5/2/3/3 3 3,Z,0.6,4,SLEEP,Z,0.0595801,0.1562171
7/7/3/6/7/5/2/7/4 3 3,X,-0.5833333333333333333333333333,6,SLEEP,Z,0.0586048,0.19313
7/7/3/6/7/5/2/7/2 3 3,X,-0.5,2,SLEEP,Z,0.03040392,0.07728889
7/7/3/6/7/5/2/7/1 3 3,Z,0.5,2,SLEEP,Z,0.01905346,0.06043116
7/7/3/6/7/5/6/2/6 3 3,X,-0.6666666666666666666666666667,6,SLEEP,Z,0.08395541,0.2918598
7/7/3/6/7/5/6/2/5 3 3,X,-0.5833333333333333333333333333,6,SLEEP,Z,0.04943153,0.173545
7/7/3/6/7/5/6/2/3 3 3,X,0.8333333333333333333333333333,2,SLEEP,Z,0.03667545,0.09900957
7/7/3/6/7/5/6/6/4 3 3,X,-0.6666666666666666666666666667,6,SLEEP,Z,0.07651619,0.2863476
7/7/3/6/7/5/6/6/2 3 3,X,-0.5833333333333333333333333333,4,SLEEP,Z,0.09994986,0.3168352
7/7/3/6/7/5/6/6/1 3 3,X,0.8333333333333333333333333333,2,SLEEP,Z,0.03956054,0.09171572
7/7/3/6/7/5/6/5/4 3 3,X,-0.6666666666666666666666666667,4,SLEEP,Z,0.06342391,0.2434909
7/7/3/6/7/5/6/5/2 3 3,X,-0.5833333333333333333333333333,4,SLEEP,Z,0.05563765,0.2270229
7/7/3/6/7/5/6/5/1 3 3,X,0.8333333333333333333333333333,6,SLEEP,Z,0.07903993,0.2035803
7/7/3/6/7/5/6/3/4 3 3,X,-0.6666666666666666666666666667,4,SLEEP,Z,0.05651443,0.1923966
7/7/3/6/7/5/6/3/2 3 3,Z,0.6,4,SLEEP,Z,0.02702709,0.08790217
7/7/3/6/7/5/6/3/1 3 3,X,0.8333333333333333333333333333,4,SLEEP,Z,0.1373947,0.2272266
7/7/3/6/7/5/5/2/6 3 3,X,-0.5833333333333333333333333333,6,SLEEP,Z,0.1342832,0.3220368
7/7/3/6/7/5/5/2/5 3 3,X,-0.5,2,SLEEP,Z,0.02122384,0.08065405
7/7/3/6/7/5/5/2/3 3 3,Z,0.5,2,SLEEP,Z,0.00535926,0.02080939
7/7/3/6/7/5/5/6/4 3 3,X,-0.5833333333333333333333333333,4,SLEEP,Z,0.06667559,0.2408844
7/7/3/6/7/5/5/6/2 3 3,X,-0.5,4,SLEEP,Z,0.04961414,0.1565459
7/7/3/6/7/5/5/6/1 3 3,Z,0.5,2,SLEEP,Z,0,0
7/7/3/6/7/5/5/5/4 3 3,X,-0.5833333333333333333333333333,4,SLEEP,Z,0.06072626,0.2252023
7/7/3/6/7/5/5/5/2 3 3,X,-0.5,4,SLEEP,Z,0.05972514,0.1719034
7/7/3/6/7/5/5/5/1 3 3,Z,0.5,2,SLEEP,Z,0.01714172,0.0619182
7/7/3/6/7/5/5/3/4 3 3,Z,0.6,4,SLEEP,Z,0.08901233,0.2236771
7/7/3/6/7/5/5/3/2 3 3,Z,0.6,4,SLEEP,Z,0.0694659,0.1689419
7/7/3/6/7/5/5/3/1 3 3,Z,0.6,4,SLEEP,Z,0.05069885,0.1632081
7/7/3/6/7/5/3/2/6 3 3,X,-0.8333333333333333333333333333,4,SLEEP,Z,0.07246628,0.1646884
7/7/3/6/7/5/3/2/5 3 3,Z,0.5,2,SLEEP,Z,0.009521484,0.03777231
7/7/3/6/7/5/3/2/3 3 3,Z,0.5,2,SLEEP,Z,0,0
7/7/3/6/7/5/3/6/4 3 3,X,-0.8333333333333333333333333333,4,SLEEP,Z,0.1263538,0.3733355
7/7/3/6/7/5/3/6/2 3 3,X,-0.5,2,SLEEP,Z,0.01452621,0.04750467
7/7/3/6/7/5/3/6/1 3 3,Z,0.5,2,SLEEP,Z,0.01614727,0.04144676
7/7/3/6/7/5/3/5/4 3 3,X,-0.8333333333333333333333333333,2,SLEEP,Z,0.02983916,0.1011787
7/7/3/6/7/5/3/5/2 3 3,Z,0.5,4,SLEEP,Z,0.04067783,0.1544902
7/7/3/6/7/5/3/5/1 3 3,Z,0.5,2,SLEEP,Z,0,0
7/7/3/6/7/5/3/3/4 3 3,X,-0.8333333333333333333333333333,4,SLEEP,Z,0.06683497,0.1746567
7/7/3/6/7/5/3/3/2 3 3,Z,0.6,4,SLEEP,Z,0.06222042,0.1544675
7/7/3/6/7/5/3/3/1 3 3,Z,0.6,2,SLEEP,Z,0.01248506,0.04893347
7/7/3/6/7/5/7/2/4 3 3,X,-0.5833333333333333333333333333,4,SLEEP,Z,0.1119989,0.2838703
7/7/3/6/7/5/7/2/2 3 3,X,-0.5,4,SLEEP,Z,0.02962567,0.1131861
7/7/3/6/7/5/7/2/1 3 3,Z,0.5,2,SLEEP,Z,0.01286839,0.05290811
7/7/3/6/7/3/2/2/7 3 3,Z,0.6,6,SLEEP,Z,0.09662702,0.2575187
7/7/3/6/7/3/2/6/6 3 3,Z,-0.7,2,SLEEP,Z,0.03124357,0.1042428
7/7/3/6/7/3/2/6/5 3 3,Z,-0.7,2,SLEEP,Z,0.02148741,0.07776319
7/7/3/6/7/3/2/6/3 3 3,Z,-0.7,2,SLEEP,Z,0.03858957,0.01742245
7/7/3/6/7/3/2/5/6 3 3,Z,0.6,6,SLEEP,Z,0.09131175,0.2914118
7/7/3/6/7/3/2/5/5 3 3,Z,0.6,4,SLEEP,Z,0.02129748,0.07311998
7/7/3/6/7/3/2/5/3 3 3,Z,0.6,2,SLEEP,Z,0.0142268,0.04335582
7/7/3/6/7/3/2/3/6 3 3,Z,0.7,6,SLEEP,Z,0.07514166,0.2548622
7/7/3/6/7/3/2/3/5 3 3,Z,0.7,6,SLEEP,Z,0.04791002,0.1475368
7/7/3/6/7/3/2/3/3 3 3,Z,0.7,2,SLEEP,Z,0.03951184,0.1186623
7/7/3/6/7/3/2/7/4 3 3,Z,0.6,6,SLEEP,Z,0.05937105,0.1936365
7/7/3/6/7/3/2/7/2 3 3,Z,0.6,2,SLEEP,Z,0.02685223,0.08537874
7/7/3/6/7/3/2/7/1 3 3,Z,0.6,2,SLEEP,Z,0.04606327,0.1328387
7/7/3/6/7/3/6/2/6 3 3,X,-0.6666666666666666666666666667,6,SLEEP,Z,0.09902917,0.3022299
7/7/3/6/7/3/6/2/5 3 3,Z,0.6,4,SLEEP,Z,0.0649218,0.2134777
7/7/3/6/7/3/6/2/3 3 3,X,0.8333333333333333333333333333,2,SLEEP,Z,0.01721498,0.04787784
7/7/3/6/7/3/6/6/4 3 3,Z,-0.7,2,SLEEP,Z,0.04503952,0.1751378
7/7/3/6/7/3/6/6/2 3 3,Z,-0.7,2,SLEEP,Z,0.02700952,0.09325773
7/7/3/6/7/3/6/6/1 3 3,X,0.8333333333333333333333333333,4,SLEEP,Z,0.02530305,0.1005975
7/7/3/6/7/3/6/5/4 3 3,X,-0.6666666666666666666666666667,4,SLEEP,Z,0.04658175,0.1716385
7/7/3/6/7/3/6/5/2 3 3,Z,0.6,4,SLEEP,Z,0.1109698,0.2989612
7/7/3/6/7/3/6/5/1 3 3,X,0.8333333333333333333333333333,2,SLEEP,Z,0.02198074,0.07801902
7/7/3/6/7/3/6/3/4 3 3,Z,0.7,6,SLEEP,Z,0.05102923,0.1772888
7/7/3/6/7/3/6/3/2 3 3,Z,0.7,4,SLEEP,Z,0.03614116,0.1447381
7/7/3/6/7/3/6/3/1 3 3,X,0.8333333333333333333333333333,4,SLEEP,Z,0.06545919,0.2101805
7/7/3/6/7/3/5/2/6 3 3,Z,0.6,4,SLEEP,Z,0.02588057,0.09668174
7/7/3/6/7/3/5/2/5 3 3,Z,0.6,4,SLEEP,Z,0.03806944,0.1344417
7/7/3/6/7/3/5/2/3 3 3,Z,0.6,4,SLEEP,Z,0.02338875,0.05597869
7/7/3/6/7/3/5/6/4 3 3,Z,-0.7,4,SLEEP,Z,0.03861242,0.1506074
7/7/3/6/7/3/5/6/2 3 3,Z,-0.7,2,SLEEP,Z,0.01537715,0.04548785
7/7/3/6/7/3/5/6/1 3 3,Z,-0.7,2,SLEEP,Z,0,0
7/7/3/6/7/3/5/5/4 3 3,Z,0.6,2,SLEEP,Z,0.02523062,0.09805476
7/7/3/6/7/3/5/5/2 3 3,Z,0.6,2,SLEEP,Z,0.01972728,0.07041243
7/7/3/6/7/3/5/5/1 3 3,Z,0.6,4,SLEEP,Z,0.06392933,0.1704633
7/7/3/6/7/3/5/3/4 3 3,Z,0.7,4,SLEEP,Z,0.03744476,0.1180632
7/7/3/6/7/3/5/3/2 3 3,Z,0.7,4,SLEEP,Z,0.04618619,0.1438393
7/7/3/6/7/3/5/3/1 3 3,Z,0.7,4,SLEEP,Z,0.04310347,0.1687163
7/7/3/6/7/3/3/2/6 3 3,X,-0.8333333333333333333333333333,4,SLEEP,Z,0.02981241,0.1042794
7/7/3/6/7/3/3/2/5 3 3,Z,0.6,10,SLEEP,Z,0.03519129,0.1260446
7/7/3/6/7/3/3/2/3 3 3,Z,0.6,8,SLEEP,Z,0.03394595,0.113717
7/7/3/6/7/3/3/6/4 3 3,X,-0.8333333333333333333333333333,2,SLEEP,Z,0.03351416,0.1144455
7/7/3/6/7/3/3/6/2 3 3,Z,-0.7,2,SLEEP,Z,0.01837589,0.03754452
7/7/3/6/7/3/3/6/1 3 3,Z,-0.7,2,SLEEP,Z,0,0
7/7/3/6/7/3/3/5/4 3 3,X,-0.8333333333333333333333333333,4,SLEEP,Z,0.06195723,0.1912853
7/7/3/6/7/3/3/5/2 3 3,Z,0.6,2,SLEEP,Z,0.02559567,0.08077927
7/7/3/6/7/3/3/5/1 3 3,Z,0.6,4,SLEEP,Z,0.05923722,0.2760058
7/7/3/6/7/3/3/3/4 3 3,X,-0.8333333333333333333333333333,2,SLEEP,Z,0.03193162,0.08362839
7/7/3/6/7/3/3/3/2 3 3,Z,0.7,4,SLEEP,Z,0.1049128,0.3040158
7/7/3/6/7/3/3/3/1 3 3,Z,0.7,2,SLEEP,Z,0.02873454,0.09782822
7/7/3/6/7/3/7/2/4 3 3,Z,0.6,4,SLEEP,Z,0.05600801,0.2139388
7/7/3/6/7/3/7/2/2 3 3,Z,0.6,4,SLEEP,Z,0.0498434,0.1835047
7/7/3/6/7/3/7/2/1 3 3,Z,0.6,4,SLEEP,Z,0.0291439,0.09737147
7/7/3/6/7/7/2/2/6 3 3,X,-0.6666666666666666666666666666,4,SLEEP,Z,0.04455791,0.157983
7/7/3/6/7/7/2/2/5 3 3,X,-0.5,4,SLEEP,Z,0.0527072,0.1784805
7/7/3/6/7/7/2/2/3 3 3,X,0.6666666666666666666666666666,2,SLEEP,Z,0.01757593,0.05813243
7/7/3/6/7/7/2/6/4 3 3,X,-0.6666666666666666666666666666,4,SLEEP,Z,0.1596454,0.3625397
7/7/3/6/7/7/2/6/2 3 3,X,-0.5,2,SLEEP,Z,0.01970041,0.06930935
7/7/3/6/7/7/2/6/1 3 3,X,0.6666666666666666666666666666,2,SLEEP,Z,0,0
7/7/3/6/7/7/2/5/4 3 3,X,-0.6666666666666666666666666666,4,SLEEP,Z,0.04781668,0.1579637
7/7/3/6/7/7/2/5/2 3 3,X,-0.5,2,SLEEP,Z,0.01746491,0.06153983
7/7/3/6/7/7/2/5/1 3 3,X,0.6666666666666666666666666666,2,SLEEP,Z,0.01885494,0.04712239
7/7/3/6/7/7/2/3/4 3 3,X,-0.6666666666666666666666666666,2,SLEEP,Z,0.03409436,0.1278498
7/7/3/6/7/7/2/3/2 3 3,Z,0.6,4,SLEEP,Z,0.08455867,0.2805734
7/7/3/6/7/7/2/3/1 3 3,X,0.6666666666666666666666666666,4,SLEEP,Z,0.127135,0.2568597
7/7/3/6/7/7/6/2/4 3 3,X,-0.6666666666666666666666666667,4,SLEEP,Z,0.06436123,0.2498627
7/7/3/6/7/7/6/2/2 3 3,X,-0.5833333333333333333333333333,2,SLEEP,Z,0.02962265,0.1138243
7/7/3/6/7/7/5/2/4 3 3,X,-0.5833333333333333333333333333,2,SLEEP,Z,0.05364002,0.1204043
7/7/3/6/7/7/5/2/2 3 3,X,-0.5,4,SLEEP,Z,0.05792218,0.1904317
7/7/3/6/7/7/5/2/1 3 3,Z,0.5,4,SLEEP,Z,0.01822592,0.07479587
7/7/3/6/7/7/3/2/2 3 3,Z,0.5,2,SLEEP,Z,0.01811937,0.06772204
7/7/3/6/7/7/3/2/1 3 3,Z,0.5,2,SLEEP,Z,0.005042629,0.01786357
7/7/3/5/2/2/6/7/7 3 3,X,-0.5833333333333333333333333333,6,SLEEP,Z,0.06466258,0.1749429
7/7/3/5/2/2/5/7/7 3 3,X,-0.5,4,SLEEP,Z,0.0354805,0.09757169
7/7/3/5/2/2/3/7/7 3 3,X,-0.5,2,SLEEP,Z,0,0
7/7/3/5/2/2/7/6/7 3 3,X,-0.5,2,SLEEP,Z,0.02887044,0.06671698
7/7/3/5/2/2/7/5/7 3 3,X,-0.5,2,SLEEP,Z,0.05116028,0.09784809
7/7/3/5/2/2/7/3/7 3 3,X,-0.5,4,SLEEP,Z,0.03761186,0.1019912
7/7/3/5/2/2/7/7/6 3 3,X,-0.5833333333333333333333333333,4,SLEEP,Z,0.0666109,0.1929792
7/7/3/5/2/2/7/7/5 3 3,X,-0.5,4,SLEEP,Z,0.03226102,0.1056137
7/7/3/5/2/2/7/7/3 3 3,X,-0.4166666666666666666666666667,2,SLEEP,Z,0,0
7/7/3/5/2/6/2/7/7 3 3,X,-0.5,4,SLEEP,Z,0.03058006,0.08321468
7/7/3/5/2/6/6/6/7 3 3,X,-0.5833333333333333333333333333,6,SLEEP,Z,0.05917582,0.1930825
7/7/3/5/2/6/6/5/7 3 3,X,-0.5833333333333333333333333333,4,SLEEP,Z,0.03504786,0.1162102
7/7/3/5/2/6/6/3/7 3 3,Z,0.6428571428571428571428571429,6,SLEEP,Z,0.05607848,0.1418775
7/7/3/5/2/6/6/7/6 3 3,X,-0.6666666666666666666666666667,6,SLEEP,Z,0.08981641,0.3267703
7/7/3/5/2/6/6/7/5 3 3,X,-0.5833333333333333333333333333,8,SLEEP,Z,0.1005913,0.2930686
7/7/3/5/2/6/6/7/3 3 3,X,0.7,2,SLEEP,Z,0.009376761,0.0340411
7/7/3/5/2/6/5/6/7 3 3,X,-0.5,2,SLEEP,Z,0.03585265,0.1074121
7/7/3/5/2/6/5/5/7 3 3,X,-0.5,2,SLEEP,Z,0.03162499,0.123587
7/7/3/5/2/6/5/3/7 3 3,Z,0.6428571428571428571428571429,4,SLEEP,Z,0.1076048,0.3489801
7/7/3/5/2/6/5/7/6 3 3,X,-0.5833333333333333333333333333,6,SLEEP,Z,0.09150314,0.2957226
7/7/3/5/2/6/5/7/5 3 3,X,-0.5,2,SLEEP,Z,0.03207567,0.06090795
7/7/3/5/2/6/5/7/3 3 3,Z,0.5,2,SLEEP,Z,0,0
7/7/3/5/2/6/3/6/7 3 3,X,-0.5,2,SLEEP,Z,0.00976546,0.02405841
7/7/3/5/2/6/3/5/7 3 3,Z,0.5,2,SLEEP,Z,0,0
7/7/3/5/2/6/3/3/7 3 3,Z,0.6428571428571428571428571429,2,SLEEP,Z,0.0203467,0.05190007
7/7/3/5/2/6/3/7/6 3 3,X,-0.7,4,SLEEP,Z,0.02597972,0.08240603
7/7/3/5/2/6/3/7/5 3 3,Z,0.5,2,SLEEP,Z,0,0
7/7/3/5/2/6/3/7/3 3 3,Z,0.5,2,SLEEP,Z,0.019762,0.05807122
7/7/3/5/2/6/7/2/7 3 3,X,-0.5,2,SLEEP,Z,0.02250433,0.07131255
7/7/3/5/2/6/7/6/6 3 3,X,-0.5833333333333333333333333333,8,SLEEP,Z,0.1126314,0.3094067
7/7/3/5/2/6/7/6/5 3 3,X,-0.5,4,SLEEP,Z,0.05994555,0.159464
7/7/3/5/2/6/7/6/3 3 3,Z,0.5,2,SLEEP,Z,0,0
7/7/3/5/2/6/7/5/6 3 3,X,-0.5833333333333333333333333333,6,SLEEP,Z,0.1008418,0.2852858
7/7/3/5/2/6/7/5/5 3 3,X,-0.5,2,SLEEP,Z,0.0346306,0.1196226
7/7/3/5/2/6/7/5/3 3 3,Z,0.5,2,SLEEP,Z,0.04580048,0.3561212
7/7/3/5/2/6/7/3/6 3 3,Z,0.6428571428571428571428571429,6,SLEEP,Z,0.05026389,0.1629686
7/7/3/5/2/6/7/3/5 3 3,Z,0.6428571428571428571428571429,6,SLEEP,Z,0.04533315,0.1546111
7/7/3/5/2/6/7/3/3 3 3,Z,0.6428571428571428571428571429,2,SLEEP,Z,0.01112518,0.006227235
7/7/3/5/2/6/7/7/4 3 3,X,-0.5833333333333333333333333333,4,SLEEP,Z,0.04584637,0.1551231
7/7/3/5/2/6/7/7/2 3 3,X,-0.5,2,SLEEP,Z,0.02146842,0.06990437
7/7/3/5/2/6/7/7/1 3 3,Z,0.5,2,SLEEP,Z,0,0
7/7/3/5/2/5/2/7/7 3 3,X,-0.5,2,SLEEP,Z,0.03589844,0.06226055
7/7/3/5/2/5/6/6/7 3 3,X,-0.5833333333333333333333333333,4,SLEEP,Z,0.08829219,0.2106372
7/7/3/5/2/5/6/5/7 3 3,X,-0.5833333333333333333333333333,6,SLEEP,Z,0.05123373,0.2223307
7/7/3/5/2/5/6/3/7 3 3,X,-0.5833333333333333333333333333,4,SLEEP,Z,0.03719881,0.1304334
7/7/3/5/2/5/6/7/6 3 3,X,-0.6666666666666666666666666667,6,SLEEP,Z,0.1322175,0.336949
7/7/3/5/2/5/6/7/5 3 3,X,-0.5833333333333333333333333333,4,SLEEP,Z,0.05605661,0.1920169
7/7/3/5/2/5/6/7/3 3 3,X,0.7,2,SLEEP,Z,0.01936826,0.05699039
7/7/3/5/2/5/5/6/7 3 3,X,-0.5,2,SLEEP,Z,0,0
7/7/3/5/2/5/5/5/7 3 3,X,-0.5,2,SLEEP,Z,0.01632876,0.05479113
7/7/3/5/2/5/5/3/7 3 3,X,-0.5,2,SLEEP,Z,0.04113876,0.1353494
7/7/3/5/2/5/5/7/6 3 3,X,-0.5833333333333333333333333333,6,SLEEP,Z,0.09319,0.2539329
7/7/3/5/2/5/5/7/5 3 3,X,-0.5,2,SLEEP,Z,0.02175204,0.07344569
7/7/3/5/2/5/5/7/3 3 3,X,-0.4166666666666666666666666667,2,SLEEP,Z,0.01591152,0.04114244
7/7/3/5/2/5/3/6/7 3 3,X,-0.5,2,SLEEP,Z,0.02902241,0.04743664
7/7/3/5/2/5/3/5/7 3 3,X,-0.5,2,SLEEP,Z,0.02001181,0.06511378
7/7/3/5/2/5/3/3/7 3 3,X,-0.5,2,SLEEP,Z,0.04740796,0.07460807
7/7/3/5/2/5/3/7/6 3 3,X,-0.7,4,SLEEP,Z,0.05911494,0.1612203
7/7/3/5/2/5/3/7/5 3 3,X,-0.5,2,SLEEP,Z,0,0
7/7/3/5/2/5/3/7/3 3 3,X,0.4444444444444444444444444444,2,SLEEP,Z,0.01983132,0.06047702
7/7/3/5/2/5/7/2/7 3 3,X,-0.5,4,SLEEP,Z,0.03364435,0.07900403
7/7/3/5/2/5/7/6/6 3 3,X,-0.5833333333333333333333333333,2,SLEEP,Z,0.04017342,0.1144872
7/7/3/5/2/5/7/6/5 3 3,X,-0.5,2,SLEEP,Z,0.02356056,0.0795711
7/7/3/5/2/5/7/6/3 3 3,Z,0.5,2,SLEEP,Z,0,0
7/7/3/5/2/5/7/5/6 3 3,X,-0.5833333333333333333333333333,4,SLEEP,Z,0.05724965,0.1906544
7/7/3/5/2/5/7/5/5 3 3,X,-0.5,2,SLEEP,Z,0.03226839,0.1090348
7/7/3/5/2/5/7/5/3 3 3,X,-0.4166666666666666666666666667,2,SLEEP,Z,0,0
7/7/3/5/2/5/7/3/6 3 3,X,-0.5833333333333333333333333333,6,SLEEP,Z,0.08060254,0.2955028
7/7/3/5/2/5/7/3/5 3 3,X,-0.5,4,SLEEP,Z,0.02716176,0.08901507
7/7/3/5/2/5/7/3/3 3 3,Z,-0.5,2,SLEEP,Z,0,0
7/7/3/5/2/5/7/7/4 3 3,X,-0.5833333333333333333333333333,2,SLEEP,Z,0.04805911,0.154082
7/7/3/5/2/5/7/7/2 3 3,X,-0.5,4,SLEEP,Z,0.03034874,0.09988166
7/7/3/5/2/5/7/7/1 3 3,X,-0.4166666666666666666666666667,2,SLEEP,Z,0,0
7/7/3/5/2/3/2/7/7 3 3,X,-0.5,4,SLEEP,Z,0.03658641,0.1037708
7/7/3/5/2/3/6/6/7 3 3,Z,-0.6428571428571428571428571429,8,SLEEP,Z,0.08010319,0.2510344
7/7/3/5/2/3/6/5/7 3 3,X,-0.5833333333333333333333333333,4,SLEEP,Z,0.03567415,0.1223433
7/7/3/5/2/3/6/3/7 3 3,X,-0.5833333333333333333333333333,4,SLEEP,Z,0.06785556,0.2151868
7/7/3/5/2/3/6/7/6 3 3,X,-0.6666666666666666666666666667,6,SLEEP,Z,0.1176817,0.3733673
7/7/3/5/2/3/6/7/5 3 3,X,-0.5833333333333333333333333333,4,SLEEP,Z,0.1199268,0.2517702
7/7/3/5/2/3/6/7/3 3 3,X,0.7,2,SLEEP,Z,0.03465213,0.07164384
7/7/3/5/2/3/5/6/7 3 3,Z,-0.6428571428571428571428571429,6,SLEEP,Z,0.1284881,0.3736696
7/7/3/5/2/3/5/5/7 3 3,X,-0.5,2,SLEEP,Z,0.02709829,0.06221098
7/7/3/5/2/3/5/3/7 3 3,X,-0.5,4,SLEEP,Z,0.02448916,0.08291851
7/7/3/5/2/3/5/7/6 3 3,X,-0.5833333333333333333333333333,6,SLEEP,Z,0.06888496,0.2191061
7/7/3/5/2/3/5/7/5 3 3,X,-0.5,2,SLEEP,Z,0.02367352,0.08443305
7/7/3/5/2/3/5/7/3 3 3,Z,-0.5,2,SLEEP,Z,0,0
7/7/3/5/2/3/3/6/7 3 3,Z,-0.6428571428571428571428571429,4,SLEEP,Z,0.03349251,0.08557603
7/7/3/5/2/3/3/5/7 3 3,Z,-0.5,2,SLEEP,Z,0.03230241,0.03298119
7/7/3/5/2/3/3/3/7 3 3,X,-0.5,2,SLEEP,Z,0.01491145,0.0347067
7/7/3/5/2/3/3/7/6 3 3,X,-0.7,4,SLEEP,Z,0.02940675,0.08479955
7/7/3/5/2/3/3/7/5 3 3,Z,-0.5,2,SLEEP,Z,0,0
7/7/3/5/2/3/3/7/3 3 3,Z,-0.5,2,SLEEP,Z,0.03242788,0.08506465
7/7/3/5/2/3/7/2/7 3 3,X,-0.5,2,SLEEP,Z,0.03523311,0.1143397
7/7/3/5/2/3/7/6/6 3 3,Z,-0.6428571428571428571428571429,6,SLEEP,Z,0.06556663,0.2148832
7/7/3/5/2/3/7/6/5 3 3,Z,-0.6428571428571428571428571429,2,SLEEP,Z,0.03290717,0.1058084
7/7/3/5/2/3/7/6/3 3 3,Z,-0.6428571428571428571428571429,2,SLEEP,Z,0,0
7/7/3/5/2/3/7/5/6 3 3,X,-0.5833333333333333333333333333,6,SLEEP,Z,0.06070418,0.1892002
7/7/3/5/2/3/7/5/5 3 3,X,-0.5,4,SLEEP,Z,0.02382073,0.08793568
7/7/3/5/2/3/7/5/3 3 3,Z,-0.5,2,SLEEP,Z,0,0
7/7/3/5/2/3/7/3/6 3 3,X,-0.5833333333333333333333333333,2,SLEEP,Z,0.02951319,0.1059079
7/7/3/5/2/3/7/3/5 3 3,X,-0.5,4,SLEEP,Z,0.04208092,0.1376966
7/7/3/5/2/3/7/3/3 3 3,Z,-0.5,2,SLEEP,Z,0.01890429,0.05899726
7/7/3/5/2/3/7/7/4 3 3,X,-0.5833333333333333333333333333,4,SLEEP,Z,0.04473226,0.1676548
7/7/3/5/2/3/7/7/2 3 3,X,-0.5,2,SLEEP,Z,0.01777936,0.05227577
7/7/3/5/2/3/7/7/1 3 3,Z,-0.5,2,SLEEP,Z,0.008019031,0.02981062
7/7/3/5/2/7/2/6/7 3 3,X,-0.5,2,SLEEP,Z,0.02610762,0.08161706
7/7/3/5/2/7/2/5/7 3 3,X,-0.5,6,SLEEP,Z,0.05128411,0.1753532
7/7/3/5/2/7/2/3/7 3 3,X,-0.5,2,SLEEP,Z,0.02067922,0.07657709
7/7/3/5/2/7/2/7/6 3 3,X,-0.5833333333333333333333333333,6,SLEEP,Z,0.1024443,0.2023107
7/7/3/5/2/7/2/7/5 3 3,X,-0.5,2,SLEEP,Z,0.02908667,0.05844798
7/7/3/5/2/7/2/7/3 3 3,X,-0.4166666666666666666666666667,2,SLEEP,Z,0,0
7/7/3/5/2/7/6/2/7 3 3,X,-0.5833333333333333333333333333,4,SLEEP,Z,0.03900896,0.1191585
7/7/3/5/2/7/6/6/6 3 3,X,-0.6666666666666666666666666667,6,SLEEP,Z,0.1154039,0.3350822
7/7/3/5/2/7/6/6/5 3 3,X,-0.5833333333333333333333333333,2,SLEEP,Z,0.04604325,0.1556187
7/7/3/5/2/7/6/6/3 3 3,X,0.75,2,SLEEP,Z,0.03764671,0.1184524
7/7/3/5/2/7/6/5/6 3 3,X,-0.6666666666666666666666666667,4,SLEEP,Z,0.1175162,0.2945961
7/7/3/5/2/7/6/5/5 3 3,X,-0.5833333333333333333333333333,4,SLEEP,Z,0.05874969,0.3146564
7/7/3/5/2/7/6/5/3 3 3,X,0.75,2,SLEEP,Z,0.03176458,0.1041324
7/7/3/5/2/7/6/3/6 3 3,X,-0.6666666666666666666666666667,8,SLEEP,Z,0.1041834,0.3502787
7/7/3/5/2/7/6/3/5 3 3,X,-0.5833333333333333333333333333,4,SLEEP,Z,0.06086711,0.2061032
7/7/3/5/2/7/6/3/3 3 3,X,0.75,2,SLEEP,Z,0.03041084,0.09205583
7/7/3/5/2/7/6/7/4 3 3,X,-0.6666666666666666666666666667,8,SLEEP,Z,0.08315598,0.2927067
7/7/3/5/2/7/6/7/2 3 3,X,-0.5833333333333333333333333333,6,SLEEP,Z,0.09292889,0.2931772
7/7/3/5/2/7/6/7/1 3 3,X,0.75,2,SLEEP,Z,0.02919441,0.08652578
7/7/3/5/2/7/5/2/7 3 3,X,-0.5,4,SLEEP,Z,0.06022708,0.174058
7/7/3/5/2/7/5/6/6 3 3,X,-0.5833333333333333333333333333,6,SLEEP,Z,0.06729886,0.2299269
7/7/3/5/2/7/5/6/5 3 3,X,-0.5,2,SLEEP,Z,0.01996616,0.06581925
7/7/3/5/2/7/5/6/3 3 3,Z,0.5,4,SLEEP,Z,0.03510462,0.1279421
7/7/3/5/2/7/5/5/6 3 3,X,-0.5833333333333333333333333333,4,SLEEP,Z,0.0655283,0.1924926
7/7/3/5/2/7/5/5/5 3 3,X,-0.5,2,SLEEP,Z,0.03380964,0.1172418
7/7/3/5/2/7/5/5/3 3 3,X,-0.4166666666666666666666666667,2,SLEEP,Z,0.04935568,0.3490183
7/7/3/5/2/7/5/3/6 3 3,X,-0.5833333333333333333333333333,6,SLEEP,Z,0.0853416,0.2776303
7/7/3/5/2/7/5/3/5 3 3,X,-0.5,2,SLEEP,Z,0.03804691,0.08276358
7/7/3/5/2/7/5/3/3 3 3,Z,-0.5,2,SLEEP,Z,0.03944904,0.1185678
7/7/3/5/2/7/5/7/4 3 3,X,-0.5833333333333333333333333333,2,SLEEP,Z,0.04605177,0.1365049
7/7/3/5/2/7/5/7/2 3 3,X,-0.5,2,SLEEP,Z,0.04120861,0.1355657
7/7/3/5/2/7/5/7/1 3 3,X,-0.4166666666666666666666666667,2,SLEEP,Z,0.03605723,0.1435562
7/7/3/5/2/7/3/2/7 3 3,X,-0.5,2,SLEEP,Z,0.01814581,0.0583215
7/7/3/5/2/7/3/6/6 3 3,X,-0.75,2,SLEEP,Z,0.0567943,0.1051136
7/7/3/5/2/7/3/6/5 3 3,X,-0.5,2,SLEEP,Z,0.03280434,0.1431303
7/7/3/5/2/7/3/6/3 3 3,Z,0.5,2,SLEEP,Z,0.02006754,0.0200351
7/7/3/5/2/7/3/5/6 3 3,X,-0.75,4,SLEEP,Z,0.04735922,0.1375711
7/7/3/5/2/7/3/5/5 3 3,X,-0.5,2,SLEEP,Z,0.01908337,0.1166653
7/7/3/5/2/7/3/5/3 3 3,X,0.4444444444444444444444444444,2,SLEEP,Z,0.01632097,0.05017606
7/7/3/5/2/7/3/3/6 3 3,X,-0.75,4,SLEEP,Z,0.06577647,0.2036556
7/7/3/5/2/7/3/3/5 3 3,X,-0.5,2,SLEEP,Z,0.01024562,0.03604261
7/7/3/5/2/7/3/3/3 3 3,Z,-0.5,2,SLEEP,Z,0.02129722,0.03526975
7/7/3/5/2/7/3/7/4 3 3,X,-0.75,2,SLEEP,Z,0.02861482,0.09269807
7/7/3/5/2/7/3/7/2 3 3,X,-0.5,2,SLEEP,Z,0,0
7/7/3/5/2/7/3/7/1 3 3,X,0.4444444444444444444444444444,2,SLEEP,Z,0.02623823,0.07797056
7/7/3/5/2/7/7/2/6 3 3,X,-0.5833333333333333333333333333,4,SLEEP,Z,0.04066524,0.140643
7/7/3/5/2/7/7/2/5 3 3,X,-0.5,4,SLEEP,Z,0.02912994,0.106244
7/7/3/5/2/7/7/2/3 3 3,X,-0.4166666666666666666666666667,2,SLEEP,Z,0,0
7/7/3/5/2/7/7/6/4 3 3,X,-0.5833333333333333333333333333,6,SLEEP,Z,0.04765804,0.1800782
7/7/3/5/2/7/7/6/2 3 3,X,-0.5,2,SLEEP,Z,0,0
7/7/3/5/2/7/7/6/1 3 3,Z,0.5,2,SLEEP,Z,0,0
7/7/3/5/2/7/7/5/4 3 3,X,-0.5833333333333333333333333333,4,SLEEP,Z,0.09566603,0.2986771
7/7/3/5/2/7/7/5/2 3 3,X,-0.5,2,SLEEP,Z,0.03072011,0.09696886
7/7/3/5/2/7/7/5/1 3 3,X,-0.4166666666666666666666666667,2,SLEEP,Z,0,0
7/7/3/5/2/7/7/3/4 3 3,X,-0.5833333333333333333333333333,6,SLEEP,Z,0.09891856,0.3209328
7/7/3/5/2/7/7/3/2 3 3,X,-0.5,4,SLEEP,Z,0.04230428,0.1450667
7/7/3/5/2/7/7/3/1 3 3,Z,-0.5,2,SLEEP,Z,0.03037327,0.1630076
7/7/3/5/6/2/2/7/7 3 3,X,-0.5833333333333333333333333333,2,SLEEP,Z,0,0
7/7/3/5/6/2/6/6/7 3 3,X,-0.6666666666666666666666666667,2,SLEEP,Z,0.04266122,0.1259628
7/7/3/5/6/2/6/5/7 3 3,X,-0.6666666666666666666666666667,8,SLEEP,Z,0.05776122,0.2111852
7/7/3/5/6/2/6/3/7 3 3,X,-0.6666666666666666666666666667,4,SLEEP,Z,0.05585293,0.1511541
7/7/3/5/6/2/6/7/6 3 3,X,-0.75,2,SLEEP,Z,0.0383276,0.1268037
7/7/3/5/6/2/6/7/5 3 3,X,-0.6666666666666666666666666667,2,SLEEP,Z,0.03388974,0.1266657
7/7/3/5/6/2/6/7/3 3 3,X,0.7,2,SLEEP,Z,0.163082,0.3576839
7/7/3/5/6/2/5/6/7 3 3,X,-0.5833333333333333333333333333,6,SLEEP,Z,0.05527705,0.1941537
7/7/3/5/6/2/5/5/7 3 3,X,-0.5833333333333333333333333333,2,SLEEP,Z,0.01597606,0.03583561
7/7/3/5/6/2/5/3/7 3 3,X,-0.5833333333333333333333333333,2,SLEEP,Z,0.0177672,0.07243665
7/7/3/5/6/2/5/7/6 3 3,X,-0.6666666666666666666666666667,4,SLEEP,Z,0.0413803,0.1431194
7/7/3/5/6/2/5/7/5 3 3,X,-0.5833333333333333333333333333,2,SLEEP,Z,0.02115164,0.07673614
7/7/3/5/6/2/5/7/3 3 3,X,0.625,2,SLEEP,Z,0.01776848,0.02099802
7/7/3/5/6/2/3/6/7 3 3,X,0.625,2,SLEEP,Z,0,0
7/7/3/5/6/2/3/5/7 3 3,X,0.625,2,SLEEP,Z,0,0
7/7/3/5/6/2/3/3/7 3 3,X,0.625,2,SLEEP,Z,0.01526298,0.05745979
7/7/3/5/6/2/3/7/6 3 3,X,-0.7,2,SLEEP,Z,0.01553071,0.0612047
7/7/3/5/6/2/3/7/5 3 3,X,0.625,2,SLEEP,Z,0,0
7/7/3/5/6/2/3/7/3 3 3,X,0.75,4,SLEEP,Z,0.0188153,0.05384893
7/7/3/5/6/2/7/2/7 3 3,X,-0.5833333333333333333333333333,2,SLEEP,Z,0.02616454,0.068036
7/7/3/5/6/2/7/6/6 3 3,X,-0.6666666666666666666666666667,6,SLEEP,Z,0.04926693,0.2082496
7/7/3/5/6/2/7/6/5 3 3,X,-0.5833333333333333333333333333,4,SLEEP,Z,0.05565948,0.1374773
7/7/3/5/6/2/7/6/3 3 3,X,0.625,2,SLEEP,Z,0.07833238,0.06833623
7/7/3/5/6/2/7/5/6 3 3,X,-0.6666666666666666666666666667,4,SLEEP,Z,0.04587783,0.1263813
7/7/3/5/6/2/7/5/5 3 3,X,-0.5833333333333333333333333333,2,SLEEP,Z,0.01732282,0.06198075
7/7/3/5/6/2/7/5/3 3 3,X,0.625,2,SLEEP,Z,0,0
7/7/3/5/6/2/7/3/6 3 3,X,-0.6666666666666666666666666667,4,SLEEP,Z,0.05574666,0.1925898
7/7/3/5/6/2/7/3/5 3 3,X,-0.5833333333333333333333333333,4,SLEEP,Z,0.04849449,0.1851079
7/7/3/5/6/2/7/3/3 3 3,X,0.625,2,SLEEP,Z,0.08227423,0.08633866
7/7/3/5/6/2/7/7/4 3 3,X,-0.6666666666666666666666666667,2,SLEEP,Z,0.02842586,0.1124671
7/7/3/5/6/2/7/7/2 3 3,X,-0.5833333333333333333333333333,2,SLEEP,Z,0.0223704,0.06971952
7/7/3/5/6/2/7/7/1 3 3,X,0.625,2,SLEEP,Z,0,0
7/7/3/5/6/6/2/6/7 3 3,X,-0.5833333333333333333333333333,4,SLEEP,Z,0.1120443,0.2237864
7/7/3/5/6/6/2/5/7 3 3,X,-0.5833333333333333333333333333,2,SLEEP,Z,0,0
7/7/3/5/6/6/2/3/7 3 3,Z,0.6666666666666666666666666667,4,SLEEP,Z,0.03931277,0.1141418
7/7/3/5/6/6/2/7/6 3 3,X,-0.6666666666666666666666666667,6,SLEEP,Z,0.06399336,0.1861806
7/7/3/5/6/6/2/7/5 3 3,X,-0.5833333333333333333333333333,2,SLEEP,Z,0.0333773,0.06760402
7/7/3/5/6/6/2/7/3 3 3,X,0.625,2,SLEEP,Z,0.03994016,0.03926628
7/7/3/5/6/6/6/2/7 3 3,X,-0.6666666666666666666666666667,2,SLEEP,Z,0.03138521,0.1067508
7/7/3/5/6/6/6/6/6 3 3,X,-0.75,8,SLEEP,Z,0.08145037,0.2702992
7/7/3/5/6/6/6/6/5 3 3,X,-0.6666666666666666666666666667,4,SLEEP,Z,0.04883255,0.1700767
7/7/3/5/6/6/6/6/3 3 3,X,0.75,2,SLEEP,Z,0.02047971,0.05575498
7/7/3/5/6/6/6/5/6 3 3,X,-0.75,6,SLEEP,Z,0.124008,0.4024985
7/7/3/5/6/6/6/5/5 3 3,X,-0.6666666666666666666666666667,2,SLEEP,Z,0.1098539,0.2048464
7/7/3/5/6/6/6/5/3 3 3,X,0.75,2,SLEEP,Z,0.01245785,0.03962458
7/7/3/5/6/6/6/3/6 3 3,X,-0.75,6,SLEEP,Z,0.09303071,0.3376752
7/7/3/5/6/6/6/3/5 3 3,X,-0.6666666666666666666666666667,4,SLEEP,Z,0.1173515,0.246811
7/7/3/5/6/6/6/3/3 3 3,X,0.75,4,SLEEP,Z,0.03280783,0.099567
7/7/3/5/6/6/6/7/4 3 3,X,-0.75,4,SLEEP,Z,0.08681148,0.3160557
7/7/3/5/6/6/6/7/2 3 3,X,-0.6666666666666666666666666667,6,SLEEP,Z,0.1195959,0.2766477
7/7/3/5/6/6/6/7/1 3 3,X,0.75,2,SLEEP,Z,0.02943344,0.1115878
7/7/3/5/6/6/5/2/7 3 3,X,-0.5833333333333333333333333333,2,SLEEP,Z,0.08080294,0.1758368
7/7/3/5/6/6/5/6/6 3 3,X,-0.6666666666666666666666666667,4,SLEEP,Z,0.07956836,0.2239488
7/7/3/5/6/6/5/6/5 3 3,X,-0.5833333333333333333333333333,2,SLEEP,Z,0.04423606,0.1254778
7/7/3/5/6/6/5/6/3 3 3,X,0.625,2,SLEEP,Z,0.01953806,0.07047361
7/7/3/5/6/6/5/5/6 3 3,X,-0.6666666666666666666666666667,2,SLEEP,Z,0.02693019,0.07951903
7/7/3/5/6/6/5/5/5 3 3,X,-0.5833333333333333333333333333,4,SLEEP,Z,0.06670076,0.139602
7/7/3/5/6/6/5/5/3 3 3,X,0.625,2,SLEEP,Z,0,0
7/7/3/5/6/6/5/3/6 3 3,X,-0.6666666666666666666666666667,4,SLEEP,Z,0.05000717,0.1856814
7/7/3/5/6/6/5/3/5 3 3,Z,0.6666666666666666666666666667,2,SLEEP,Z,0.04083397,0.1264988
7/7/3/5/6/6/5/3/3 3 3,Z,0.6666666666666666666666666667,4,SLEEP,Z,0.1515165,0.3361006
7/7/3/5/6/6/5/7/4 3 3,X,-0.6666666666666666666666666667,6,SLEEP,Z,0.05357118,0.1896903
7/7/3/5/6/6/5/7/2 3 3,X,-0.5833333333333333333333333333,2,SLEEP,Z,0.03323249,0.1104564
7/7/3/5/6/6/5/7/1 3 3,X,0.625,2,SLEEP,Z,0.02639203,0.05064239
7/7/3/5/6/6/3/2/7 3 3,X,0.625,4,SLEEP,Z,0.02117663,0.0651231
7/7/3/5/6/6/3/6/6 3 3,X,-0.75,2,SLEEP,Z,0.02949892,0.1003604
7/7/3/5/6/6/3/6/5 3 3,X,0.625,4,SLEEP,Z,0.1043265,0.1443136
7/7/3/5/6/6/3/6/3 3 3,X,0.75,2,SLEEP,Z,0.01208853,0.04156917
7/7/3/5/6/6/3/5/6 3 3,X,-0.75,2,SLEEP,Z,0.02777499,0.072684
7/7/3/5/6/6/3/5/5 3 3,X,0.625,2,SLEEP,Z,0,0
7/7/3/5/6/6/3/5/3 3 3,X,0.75,2,SLEEP,Z,0,0
7/7/3/5/6/6/3/3/6 3 3,X,-0.75,4,SLEEP,Z,0.04867212,0.1405056
7/7/3/5/6/6/3/3/5 3 3,Z,0.6666666666666666666666666667,4,SLEEP,Z,0.1205144,0.305788
7/7/3/5/6/6/3/3/3 3 3,X,0.75,2,SLEEP,Z,0.01170556,0.03907823
7/7/3/5/6/6/3/7/4 3 3,X,-0.75,2,SLEEP,Z,0.02989143,0.1086417
7/7/3/5/6/6/3/7/2 3 3,X,0.625,2,SLEEP,Z,0.02299198,0.06430834
7/7/3/5/6/6/3/7/1 3 3,X,0.75,2,SLEEP,Z,0.0723606,0.1230888
7/7/3/5/6/6/7/2/6 3 3,X,-0.6666666666666666666666666667,4,SLEEP,Z,0.02751545,0.1002313
7/7/3/5/6/6/7/2/5 3 3,X,-0.5833333333333333333333333333,4,SLEEP,Z,0.02770544,0.1018596
7/7/3/5/6/6/7/2/3 3 3,X,0.625,2,SLEEP,Z,0,0
7/7/3/5/6/6/7/6/4 3 3,X,-0.6666666666666666666666666667,4,SLEEP,Z,0.05952561,0.2384636
7/7/3/5/6/6/7/6/2 3 3,X,-0.5833333333333333333333333333,4,SLEEP,Z,0.06520483,0.1822138
7/7/3/5/6/6/7/6/1 3 3,X,0.625,2,SLEEP,Z,0,0
7/7/3/5/6/6/7/5/4 3 3,X,-0.6666666666666666666666666667,4,SLEEP,Z,0.0440026,0.1607145
7/7/3/5/6/6/7/5/2 3 3,X,-0.5833333333333333333333333333,2,SLEEP,Z,0.04620045,0.1649642
7/7/3/5/6/6/7/5/1 3 3,X,0.625,2,SLEEP,Z,0.05523947,0.1584668
7/7/3/5/6/6/7/3/4 3 3,X,-0.6666666666666666666666666667,4,SLEEP,Z,0.05778373,0.2094695
7/7/3/5/6/6/7/3/2 3 3,Z,0.6666666666666666666666666666,4,SLEEP,Z,0.03712384,0.1208139
7/7/3/5/6/6/7/3/1 3 3,Z,0.6666666666666666666666666666,4,SLEEP,Z,0.01904378,0.05954273
7/7/3/5/6/5/2/6/7 3 3,X,-0.5833333333333333333333333333,4,SLEEP,Z,0.02792452,0.08974721
7/7/3/5/6/5/2/5/7 3 3,X,-0.5833333333333333333333333333,4,SLEEP,Z,0.03671882,0.09972673
7/7/3/5/6/5/2/3/7 3 3,X,-0.5833333333333333333333333333,2,SLEEP,Z,0.03626488,0.09734865
7/7/3/5/6/5/2/7/6 3 3,X,-0.6666666666666666666666666667,4,SLEEP,Z,0.05603252,0.192908
7/7/3/5/6/5/2/7/5 3 3,X,-0.5833333333333333333333333333,2,SLEEP,Z,0.04398547,0.1244866
7/7/3/5/6/5/2/7/3 3 3,X,0.625,2,SLEEP,Z,0.04090726,0.02784387
7/7/3/5/6/5/6/2/7 3 3,X,-0.6666666666666666666666666667,2,SLEEP,Z,0.03367885,0.1108308
7/7/3/5/6/5/6/6/6 3 3,X,-0.75,6,SLEEP,Z,0.06125075,0.232786
7/7/3/5/6/5/6/6/5 3 3,X,-0.6666666666666666666666666667,4,SLEEP,Z,0.02632725,0.102884
7/7/3/5/6/5/6/6/3 3 3,X,0.75,2,SLEEP,Z,0.03804447,0.08051125
7/7/3/5/6/5/6/5/6 3 3,X,-0.75,6,SLEEP,Z,0.1022534,0.3312608
7/7/3/5/6/5/6/5/5 3 3,X,-0.6666666666666666666666666667,4,SLEEP,Z,0.03934236,0.1347655
7/7/3/5/6/5/6/5/3 3 3,X,0.75,4,SLEEP,Z,0.1312667,0.3410544
7/7/3/5/6/5/6/3/6 3 3,X,-0.75,6,SLEEP,Z,0.09732444,0.3788544
7/7/3/5/6/5/6/3/5 3 3,X,-0.6666666666666666666666666667,4,SLEEP,Z,0.04785564,0.1220345
7/7/3/5/6/5/6/3/3 3 3,X,0.75,4,SLEEP,Z,0.04302507,0.08975512
7/7/3/5/6/5/6/7/4 3 3,X,-0.75,8,SLEEP,Z,0.09298225,0.3431461
7/7/3/5/6/5/6/7/2 3 3,X,-0.6666666666666666666666666667,4,SLEEP,Z,0.04288014,0.1503691
7/7/3/5/6/5/6/7/1 3 3,X,0.75,4,SLEEP,Z,0.03394645,0.1090469
7/7/3/5/6/5/5/2/7 3 3,X,-0.5833333333333333333333333333,2,SLEEP,Z,0.03371101,0.117825
7/7/3/5/6/5/5/6/6 3 3,X,-0.6666666666666666666666666667,4,SLEEP,Z,0.0551846,0.367067
7/7/3/5/6/5/5/6/5 3 3,X,-0.5833333333333333333333333333,2,SLEEP,Z,0.02337769,0.08363128
7/7/3/5/6/5/5/6/3 3 3,X,0.625,2,SLEEP,Z,0.008942026,0.03633932
7/7/3/5/6/5/5/5/6 3 3,X,-0.6666666666666666666666666667,4,SLEEP,Z,0.05659766,0.2175187
7/7/3/5/6/5/5/5/5 3 3,X,-0.5833333333333333333333333333,2,SLEEP,Z,0.04538314,0.1099701
7/7/3/5/6/5/5/5/3 3 3,X,0.625,2,SLEEP,Z,0.01272791,0.01433049
7/7/3/5/6/5/5/3/6 3 3,X,-0.6666666666666666666666666667,2,SLEEP,Z,0.04326453,0.137149
7/7/3/5/6/5/5/3/5 3 3,X,-0.5833333333333333333333333333,4,SLEEP,Z,0.05990307,0.2512289
7/7/3/5/6/5/5/3/3 3 3,X,0.625,2,SLEEP,Z,0.005909154,0.02068071
7/7/3/5/6/5/5/7/4 3 3,X,-0.6666666666666666666666666667,4,SLEEP,Z,0.07296387,0.2284051
7/7/3/5/6/5/5/7/2 3 3,X,-0.5833333333333333333333333333,4,SLEEP,Z,0.03420283,0.1363617
7/7/3/5/6/5/5/7/1 3 3,X,0.625,2,SLEEP,Z,0.01400511,0.03556123
7/7/3/5/6/5/3/2/7 3 3,X,0.625,2,SLEEP,Z,0.01460568,0.04047791
7/7/3/5/6/5/3/6/6 3 3,X,-0.75,4,SLEEP,Z,0.04874513,0.1649848
7/7/3/5/6/5/3/6/5 3 3,X,0.625,2,SLEEP,Z,0.04833781,0.08794657
7/7/3/5/6/5/3/6/3 3 3,X,0.75,2,SLEEP,Z,0.01744073,0.04884947
7/7/3/5/6/5/3/5/6 3 3,X,-0.75,2,SLEEP,Z,0.04224814,0.1070391
7/7/3/5/6/5/3/5/5 3 3,X,0.625,2,SLEEP,Z,0.007451929,0.02448163
7/7/3/5/6/5/3/5/3 3 3,X,0.75,2,SLEEP,Z,0,0
7/7/3/5/6/5/3/3/6 3 3,X,-0.75,4,SLEEP,Z,0.02817304,0.09744827
7/7/3/5/6/5/3/3/5 3 3,X,0.625,2,SLEEP,Z,0.006009052,0.02050047
7/7/3/5/6/5/3/3/3 3 3,X,0.75,2,SLEEP,Z,0.01096366,0.02950375
7/7/3/5/6/5/3/7/4 3 3,X,-0.75,2,SLEEP,Z,0.0322527,0.06233976
7/7/3/5/6/5/3/7/2 3 3,X,0.625,2,SLEEP,Z,0.009439873,0.03257512
7/7/3/5/6/5/3/7/1 3 3,X,0.75,2,SLEEP,Z,0,0
7/7/3/5/6/5/7/2/6 3 3,X,-0.6666666666666666666666666667,2,SLEEP,Z,0.03721919,0.1420623
7/7/3/5/6/5/7/2/5 3 3,X,-0.5833333333333333333333333333,2,SLEEP,Z,0.02204305,0.08081046
7/7/3/5/6/5/7/2/3 3 3,X,0.625,2,SLEEP,Z,0,0
7/7/3/5/6/5/7/6/4 3 3,X,-0.6666666666666666666666666667,2,SLEEP,Z,0.04122182,0.1554949
7/7/3/5/6/5/7/6/2 3 3,X,-0.5833333333333333333333333333,2,SLEEP,Z,0.02360548,0.08219918
7/7/3/5/6/5/7/6/1 3 3,X,0.625,2,SLEEP,Z,0.005567484,0.02362812
7/7/3/5/6/5/7/5/4 3 3,X,-0.6666666666666666666666666667,4,SLEEP,Z,0.06739538,0.241633
7/7/3/5/6/5/7/5/2 3 3,X,-0.5833333333333333333333333333,2,SLEEP,Z,0.0327441,0.1379921
7/7/3/5/6/5/7/5/1 3 3,X,0.625,2,SLEEP,Z,0.0369952,0.07390353
7/7/3/5/6/5/7/3/4 3 3,X,-0.6666666666666666666666666667,2,SLEEP,Z,0.04507111,0.1667025
7/7/3/5/6/5/7/3/2 3 3,X,-0.5833333333333333333333333333,4,SLEEP,Z,0.08279395,0.2378147
7/7/3/5/6/5/7/3/1 3 3,X,0.625,2,SLEEP,Z,0.01694698,0.04932041
7/7/3/5/6/3/2/6/7 3 3,Z,-0.6666666666666666666666666667,2,SLEEP,Z,0.01869215,0.05818883
7/7/3/5/6/3/2/5/7 3 3,X,-0.5833333333333333333333333333,2,SLEEP,Z,0.02503423,0.04262202
7/7/3/5/6/3/2/3/7 3 3,X,-0.5833333333333333333333333333,2,SLEEP,Z,0.01901631,0.06386046
7/7/3/5/6/3/2/7/6 3 3,X,-0.6666666666666666666666666667,6,SLEEP,Z,0.0852919,0.2463721
7/7/3/5/6/3/2/7/5 3 3,X,-0.5833333333333333333333333333,2,SLEEP,Z,0.04255794,0.08394827
7/7/3/5/6/3/2/7/3 3 3,X,0.625,2,SLEEP,Z,0,0
7/7/3/5/6/3/6/2/7 3 3,X,-0.6666666666666666666666666667,4,SLEEP,Z,0.1126656,0.3373646
7/7/3/5/6/3/6/6/6 3 3,X,-0.75,10,SLEEP,Z,0.1216202,0.3647276
7/7/3/5/6/3/6/6/5 3 3,X,-0.6666666666666666666666666667,4,SLEEP,Z,0.03872025,0.1376224
7/7/3/5/6/3/6/6/3 3 3,X,0.75,4,SLEEP,Z,0.1473071,0.3494404
7/7/3/5/6/3/6/5/6 3 3,X,-0.75,2,SLEEP,Z,0.0399869,0.146405
7/7/3/5/6/3/6/5/5 3 3,X,-0.6666666666666666666666666667,6,SLEEP,Z,0.1057934,0.3354641
7/7/3/5/6/3/6/5/3 3 3,X,0.75,2,SLEEP,Z,0.006014039,0.01756845
7/7/3/5/6/3/6/3/6 3 3,X,-0.75,4,SLEEP,Z,0.04692697,0.176902
7/7/3/5/6/3/6/3/5 3 3,X,-0.6666666666666666666666666667,4,SLEEP,Z,0.04504265,0.1615517
7/7/3/5/6/3/6/3/3 3 3,X,0.75,4,SLEEP,Z,0.02199502,0.07874888
7/7/3/5/6/3/6/7/4 3 3,X,-0.75,8,SLEEP,Z,0.0973863,0.3479926
7/7/3/5/6/3/6/7/2 3 3,X,-0.6666666666666666666666666667,2,SLEEP,Z,0.03155959,0.1045815
7/7/3/5/6/3/6/7/1 3 3,X,0.75,2,SLEEP,Z,0.02812525,0.07606647
7/7/3/5/6/3/5/2/7 3 3,X,-0.5833333333333333333333333333,4,SLEEP,Z,0.0310313,0.1113053
7/7/3/5/6/3/5/6/6 3 3,X,-0.6666666666666666666666666667,4,SLEEP,Z,0.03732429,0.1375382
7/7/3/5/6/3/5/6/5 3 3,Z,-0.6666666666666666666666666667,2,SLEEP,Z,0.03433065,0.09347143
7/7/3/5/6/3/5/6/3 3 3,Z,-0.6666666666666666666666666667,2,SLEEP,Z,0.1284727,0.1118909
7/7/3/5/6/3/5/5/6 3 3,X,-0.6666666666666666666666666667,2,SLEEP,Z,0.0194416,0.07069294
7/7/3/5/6/3/5/5/5 3 3,X,-0.5833333333333333333333333333,2,SLEEP,Z,0.02357447,0.08506576
7/7/3/5/6/3/5/5/3 3 3,X,0.625,2,SLEEP,Z,0.02836276,0.05086766
7/7/3/5/6/3/5/3/6 3 3,X,-0.6666666666666666666666666667,4,SLEEP,Z,0.05215609,0.2022358
7/7/3/5/6/3/5/3/5 3 3,X,-0.5833333333333333333333333333,4,SLEEP,Z,0.0399163,0.1332015
7/7/3/5/6/3/5/3/3 3 3,X,0.625,2,SLEEP,Z,0.007093908,0.02438197
7/7/3/5/6/3/5/7/4 3 3,X,-0.6666666666666666666666666667,4,SLEEP,Z,0.03808686,0.1539602
7/7/3/5/6/3/5/7/2 3 3,X,-0.5833333333333333333333333333,2,SLEEP,Z,0.01342609,0.03729954
7/7/3/5/6/3/5/7/1 3 3,X,0.625,2,SLEEP,Z,0.0149208,0.01966313
7/7/3/5/6/3/3/2/7 3 3,X,0.625,2,SLEEP,Z,0,0
7/7/3/5/6/3/3/6/6 3 3,X,-0.75,2,SLEEP,Z,0.03560144,0.06867857
7/7/3/5/6/3/3/6/5 3 3,Z,-0.6666666666666666666666666667,2,SLEEP,Z,0.05068402,0.09211612
7/7/3/5/6/3/3/6/3 3 3,X,0.75,4,SLEEP,Z,0.09592681,0.1273991
7/7/3/5/6/3/3/5/6 3 3,X,-0.75,2,SLEEP,Z,0.02519227,0.07107119
7/7/3/5/6/3/3/5/5 3 3,X,0.625,2,SLEEP,Z,0.01831587,0.04554234
7/7/3/5/6/3/3/5/3 3 3,X,0.75,2,SLEEP,Z,0.03643384,0.08297629
7/7/3/5/6/3/3/3/6 3 3,X,-0.75,2,SLEEP,Z,0.02273616,0.07788318
7/7/3/5/6/3/3/3/5 3 3,X,0.625,2,SLEEP,Z,0.03739417,0.1425104
7/7/3/5/6/3/3/3/3 3 3,X,0.75,2,SLEEP,Z,0.0218857,0.05506471
7/7/3/5/6/3/3/7/4 3 3,X,-0.75,2,SLEEP,Z,0.03257198,0.1086255
7/7/3/5/6/3/3/7/2 3 3,X,0.625,2,SLEEP,Z,0.01263718,0.02188372
7/7/3/5/6/3/3/7/1 3 3,X,0.75,2,SLEEP,Z,0.03146373,0.09682509
7/7/3/5/6/3/7/2/6 3 3,X,-0.6666666666666666666666666667,2,SLEEP,Z,0.04200338,0.1557796
7/7/3/5/6/3/7/2/5 3 3,X,-0.5833333333333333333333333333,2,SLEEP,Z,0.02981885,0.1014824
7/7/3/5/6/3/7/2/3 3 3,X,0.625,4,SLEEP,Z,0.1280654,0.356889
7/7/3/5/6/3/7/6/4 3 3,X,-0.6666666666666666666666666667,2,SLEEP,Z,0.03228686,0.116325
7/7/3/5/6/3/7/6/2 3 3,Z,-0.6666666666666666666666666666,2,SLEEP,Z,0.02743924,0.08119241
7/7/3/5/6/3/7/6/1 3 3,Z,-0.6666666666666666666666666666,2,SLEEP,Z,0.1027353,0.1583917
7/7/3/5/6/3/7/5/4 3 3,X,-0.6666666666666666666666666667,4,SLEEP,Z,0.04043233,0.1505468
7/7/3/5/6/3/7/5/2 3 3,X,-0.5833333333333333333333333333,2,SLEEP,Z,0.00898059,0.02979672
7/7/3/5/6/3/7/5/1 3 3,X,0.625,2,SLEEP,Z,0.01580568,0.02044724
7/7/3/5/6/3/7/3/4 3 3,X,-0.6666666666666666666666666667,6,SLEEP,Z,0.1229004,0.3460852
7/7/3/5/6/3/7/3/2 3 3,X,-0.5833333333333333333333333333,2,SLEEP,Z,0.01878891,0.06166648
7/7/3/5/6/3/7/3/1 3 3,X,0.625,2,SLEEP,Z,0.02402397,0.07765318
7/7/3/5/6/7/2/2/7 3 3,X,-0.5833333333333333333333333333,2,SLEEP,Z,0.02596471,0.08811689
7/7/3/5/6/7/2/6/6 3 3,X,-0.6666666666666666666666666667,4,SLEEP,Z,0.06442911,0.1486715
7/7/3/5/6/7/2/6/5 3 3,X,-0.5833333333333333333333333333,2,SLEEP,Z,0.01511186,0.0505181
7/7/3/5/6/7/2/6/3 3 3,X,0.625,2,SLEEP,Z,0,0
7/7/3/5/6/7/2/5/6 3 3,X,-0.6666666666666666666666666667,4,SLEEP,Z,0.04934947,0.1991819
7/7/3/5/6/7/2/5/5 3 3,X,-0.5833333333333333333333333333,2,SLEEP,Z,0.0401778,0.122591
7/7/3/5/6/7/2/5/3 3 3,X,0.625,2,SLEEP,Z,0.06940536,0.08466973
7/7/3/5/6/7/2/3/6 3 3,X,-0.6666666666666666666666666667,4,SLEEP,Z,0.05405977,0.2080104
7/7/3/5/6/7/2/3/5 3 3,X,-0.5833333333333333333333333333,4,SLEEP,Z,0.03759583,0.1031073
7/7/3/5/6/7/2/3/3 3 3,X,0.625,2,SLEEP,Z,0.01018207,0.03707752
7/7/3/5/6/7/2/7/4 3 3,X,-0.6666666666666666666666666667,4,SLEEP,Z,0.0413353,0.1287331
7/7/3/5/6/7/2/7/2 3 3,X,-0.5833333333333333333333333333,2,SLEEP,Z,0.02537643,0.08419138
7/7/3/5/6/7/2/7/1 3 3,X,0.625,2,SLEEP,Z,0.1129191,0.1560142
7/7/3/5/6/7/6/2/6 3 3,X,-0.75,4,SLEEP,Z,0.04509619,0.1618947
7/7/3/5/6/7/6/2/5 3 3,X,-0.6666666666666666666666666667,4,SLEEP,Z,0.0573584,0.224502
7/7/3/5/6/7/6/2/3 3 3,X,0.8333333333333333333333333333,2,SLEEP,Z,0.03063376,0.06574892
7/7/3/5/6/7/6/6/4 3 3,X,-0.75,4,SLEEP,Z,0.06172694,0.2382262
7/7/3/5/6/7/6/6/2 3 3,X,-0.6666666666666666666666666667,4,SLEEP,Z,0.09186848,0.3389422
7/7/3/5/6/7/6/6/1 3 3,X,0.8333333333333333333333333333,2,SLEEP,Z,0.02774292,0.08078067
7/7/3/5/6/7/6/5/4 3 3,X,-0.75,6,SLEEP,Z,0.1096341,0.3713192
7/7/3/5/6/7/6/5/2 3 3,X,-0.6666666666666666666666666667,4,SLEEP,Z,0.07510815,0.3191907
7/7/3/5/6/7/6/5/1 3 3,X,0.8333333333333333333333333333,4,SLEEP,Z,0.03770918,0.1564553
7/7/3/5/6/7/6/3/4 3 3,X,-0.75,4,SLEEP,Z,0.08259012,0.2858692
7/7/3/5/6/7/6/3/2 3 3,X,-0.6666666666666666666666666667,6,SLEEP,Z,0.06223846,0.2498103
7/7/3/5/6/7/6/3/1 3 3,X,0.8333333333333333333333333333,4,SLEEP,Z,0.04422555,0.1635928
7/7/3/5/6/7/5/2/6 3 3,X,-0.6666666666666666666666666667,6,SLEEP,Z,0.06333309,0.2331897
7/7/3/5/6/7/5/2/5 3 3,X,-0.5833333333333333333333333333,2,SLEEP,Z,0.01521153,0.05589835
7/7/3/5/6/7/5/2/3 3 3,X,0.625,2,SLEEP,Z,0.02288827,0.08059712
7/7/3/5/6/7/5/6/4 3 3,X,-0.6666666666666666666666666667,2,SLEEP,Z,0.05422118,0.2431919
7/7/3/5/6/7/5/6/2 3 3,X,-0.5833333333333333333333333333,4,SLEEP,Z,0.06831059,0.3098119
7/7/3/5/6/7/5/6/1 3 3,X,0.625,2,SLEEP,Z,0.02616963,0.07201795
7/7/3/5/6/7/5/5/4 3 3,X,-0.6666666666666666666666666667,4,SLEEP,Z,0.04272178,0.1571191
7/7/3/5/6/7/5/5/2 3 3,X,-0.5833333333333333333333333333,2,SLEEP,Z,0.03908109,0.1514997
7/7/3/5/6/7/5/5/1 3 3,X,0.625,2,SLEEP,Z,0.03986216,0.1608683
7/7/3/5/6/7/5/3/4 3 3,X,-0.6666666666666666666666666667,2,SLEEP,Z,0.02822851,0.1027538
7/7/3/5/6/7/5/3/2 3 3,X,-0.5833333333333333333333333333,4,SLEEP,Z,0.06175826,0.3182374
7/7/3/5/6/7/5/3/1 3 3,X,0.625,2,SLEEP,Z,0,0
7/7/3/5/6/7/3/2/6 3 3,X,-0.8333333333333333333333333333,4,SLEEP,Z,0.0535699,0.1631213
7/7/3/5/6/7/3/2/5 3 3,X,0.625,2,SLEEP,Z,0.03911052,0.3490633
7/7/3/5/6/7/3/2/3 3 3,X,0.75,2,SLEEP,Z,0.03905924,0.1223565
7/7/3/5/6/7/3/6/4 3 3,X,-0.8333333333333333333333333333,4,SLEEP,Z,0.04295845,0.3441605
7/7/3/5/6/7/3/6/2 3 3,X,0.625,2,SLEEP,Z,0,0
7/7/3/5/6/7/3/6/1 3 3,X,0.75,2,SLEEP,Z,0.005591294,0.0207936
7/7/3/5/6/7/3/5/4 3 3,X,-0.8333333333333333333333333333,4,SLEEP,Z,0.07668934,0.2992912
7/7/3/5/6/7/3/5/2 3 3,X,0.625,2,SLEEP,Z,0.02870291,0.03044274
7/7/3/5/6/7/3/5/1 3 3,X,0.75,2,SLEEP,Z,0.01122258,0.03281274
7/7/3/5/6/7/3/3/4 3 3,X,-0.8333333333333333333333333333,2,SLEEP,Z,0.02734864,0.08876968
7/7/3/5/6/7/3/3/2 3 3,X,0.625,2,SLEEP,Z,0.01035729,0.03860008
7/7/3/5/6/7/3/3/1 3 3,X,0.75,2,SLEEP,Z,0.03109577,0.08797371
7/7/3/5/6/7/7/2/4 3 3,X,-0.6666666666666666666666666667,4,SLEEP,Z,0.05739452,0.2134081
7/7/3/5/6/7/7/2/2 3 3,X,-0.5833333333333333333333333333,2,SLEEP,Z,0.02986186,0.1104319
7/7/3/5/6/7/7/2/1 3 3,X,0.625,2,SLEEP,Z,0.01402864,0.04734633
7/7/3/5/5/2/2/7/7 3 3,X,-0.5,2,SLEEP,Z,0.01094368,0.05110453
7/7/3/5/5/2/6/6/7 3 3,X,-0.5833333333333333333333333333,2,SLEEP,Z,0.03028381,0.09747779
7/7/3/5/5/2/6/5/7 3 3,X,-0.5833333333333333333333333333,4,SLEEP,Z,0.04966022,0.1315205
7/7/3/5/5/2/6/3/7 3 3,X,-0.5833333333333333333333333333,4,SLEEP,Z,0.02132717,0.07199221
7/7/3/5/5/2/6/7/6 3 3,X,-0.6666666666666666666666666667,4,SLEEP,Z,0.0378193,0.128429
7/7/3/5/5/2/6/7/5 3 3,X,-0.5833333333333333333333333333,4,SLEEP,Z,0.03625076,0.11454
7/7/3/5/5/2/6/7/3 3 3,X,0.7,2,SLEEP,Z,0.01597075,0.05808316
7/7/3/5/5/2/5/6/7 3 3,X,-0.5,4,SLEEP,Z,0.04974857,0.1165788
7/7/3/5/5/2/5/5/7 3 3,X,-0.5,2,SLEEP,Z,0.04316945,0.1052182
7/7/3/5/5/2/5/3/7 3 3,X,-0.5,6,SLEEP,Z,0.05700667,0.1904713
7/7/3/5/5/2/5/7/6 3 3,X,-0.5833333333333333333333333333,4,SLEEP,Z,0.04585325,0.1036042
7/7/3/5/5/2/5/7/5 3 3,X,-0.5,2,SLEEP,Z,0.01722035,0.0790453
7/7/3/5/5/2/5/7/3 3 3,X,-0.4166666666666666666666666667,2,SLEEP,Z,0.01336428,0.05937508
7/7/3/5/5/2/3/6/7 3 3,X,-0.5,2,SLEEP,Z,0.03045604,0.0998904
7/7/3/5/5/2/3/5/7 3 3,X,-0.5,2,SLEEP,Z,0.04173495,0.06160192
7/7/3/5/5/2/3/3/7 3 3,X,-0.5,6,SLEEP,Z,0.03931532,0.123906
7/7/3/5/5/2/3/7/6 3 3,X,-0.7,4,SLEEP,Z,0.02444545,0.08902887
7/7/3/5/5/2/3/7/5 3 3,X,-0.5,2,SLEEP,Z,0,0
7/7/3/5/5/2/3/7/3 3 3,X,-0.3333333333333333333333333333,2,SLEEP,Z,0,0
7/7/3/5/5/2/7/2/7 3 3,X,-0.5,2,SLEEP,Z,0.0364736,0.129995
7/7/3/5/5/2/7/6/6 3 3,X,-0.5833333333333333333333333333,6,SLEEP,Z,0.1231033,0.3818085
7/7/3/5/5/2/7/6/5 3 3,X,-0.5,4,SLEEP,Z,0.03804643,0.1350246
7/7/3/5/5/2/7/6/3 3 3,Z,0.5,2,SLEEP,Z,0.01057576,0.04241431
7/7/3/5/5/2/7/5/6 3 3,X,-0.5833333333333333333333333333,4,SLEEP,Z,0.04120637,0.1628265
7/7/3/5/5/2/7/5/5 3 3,X,-0.5,2,SLEEP,Z,0.03349093,0.09080977
7/7/3/5/5/2/7/5/3 3 3,X,-0.4166666666666666666666666667,2,SLEEP,Z,0.02651311,0.05956188
7/7/3/5/5/2/7/3/6 3 3,X,-0.5833333333333333333333333333,4,SLEEP,Z,0.05782872,0.2077461
7/7/3/5/5/2/7/3/5 3 3,X,-0.5,4,SLEEP,Z,0.03268489,0.1240629
7/7/3/5/5/2/7/3/3 3 3,Z,-0.5,2,SLEEP,Z,0.03428208,0.07965869
7/7/3/5/5/2/7/7/4 3 3,X,-0.5833333333333333333333333333,4,SLEEP,Z,0.04822118,0.138684
7/7/3/5/5/2/7/7/2 3 3,X,-0.5,2,SLEEP,Z,0.01672847,0.05473238
7/7/3/5/5/2/7/7/1 3 3,X,-0.4166666666666666666666666667,2,SLEEP,Z,0.009593463,0.03057767
7/7/3/5/5/6/2/6/7 3 3,X,-0.5,4,SLEEP,Z,0.07931203,0.3656518
7/7/3/5/5/6/2/5/7 3 3,X,-0.5,4,SLEEP,Z,0.04394303,0.09897735
7/7/3/5/5/6/2/3/7 3 3,Z,0.6666666666666666666666666667,2,SLEEP,Z,0.04121074,0.1171689
7/7/3/5/5/6/2/7/6 3 3,X,-0.5833333333333333333333333333,4,SLEEP,Z,0.1155226,0.3964358
7/7/3/5/5/6/2/7/5 3 3,X,-0.5,2,SLEEP,Z,0.01872181,0.06070721
7/7/3/5/5/6/2/7/3 3 3,Z,0.5,2,SLEEP,Z,0.008623461,0.02773062
7/7/3/5/5/6/6/2/7 3 3,X,-0.5833333333333333333333333333,6,SLEEP,Z,0.07551418,0.1943768
7/7/3/5/5/6/6/6/6 3 3,X,-0.6666666666666666666666666667,4,SLEEP,Z,0.04623156,0.1752712
7/7/3/5/5/6/6/6/5 3 3,X,-0.5833333333333333333333333333,2,SLEEP,Z,0.04247832,0.09892614
7/7/3/5/5/6/6/6/3 3 3,X,0.75,2,SLEEP,Z,0.04699182,0.134386
7/7/3/5/5/6/6/5/6 3 3,X,-0.6666666666666666666666666667,4,SLEEP,Z,0.06852575,0.2500681
7/7/3/5/5/6/6/5/5 3 3,X,-0.5833333333333333333333333333,2,SLEEP,Z,0.03086958,0.05451456
7/7/3/5/5/6/6/5/3 3 3,X,0.75,2,SLEEP,Z,0.01320715,0.04991156
7/7/3/5/5/6/6/3/6 3 3,X,-0.6666666666666666666666666667,6,SLEEP,Z,0.1279468,0.350765
7/7/3/5/5/6/6/3/5 3 3,Z,0.6666666666666666666666666667,4,SLEEP,Z,0.05120058,0.1690957
7/7/3/5/5/6/6/3/3 3 3,X,0.75,2,SLEEP,Z,0.01549852,0.03991645
7/7/3/5/5/6/6/7/4 3 3,X,-0.6666666666666666666666666667,4,SLEEP,Z,0.04466096,0.1730309
7/7/3/5/5/6/6/7/2 3 3,X,-0.5833333333333333333333333333,2,SLEEP,Z,0.0262965,0.09043763
7/7/3/5/5/6/6/7/1 3 3,X,0.75,2,SLEEP,Z,0.02310011,0.08095136
7/7/3/5/5/6/5/2/7 3 3,X,-0.5,2,SLEEP,Z,0.01643354,0.06500136
7/7/3/5/5/6/5/6/6 3 3,X,-0.5833333333333333333333333333,4,SLEEP,Z,0.04637192,0.1820915
7/7/3/5/5/6/5/6/5 3 3,X,-0.5,2,SLEEP,Z,0.01444605,0.06145021
7/7/3/5/5/6/5/6/3 3 3,Z,0.5,2,SLEEP,Z,0.02505104,0.105601
7/7/3/5/5/6/5/5/6 3 3,X,-0.5833333333333333333333333333,2,SLEEP,Z,0.03623642,0.1333942
7/7/3/5/5/6/5/5/5 3 3,X,-0.5,2,SLEEP,Z,0.03025307,0.1157427
7/7/3/5/5/6/5/5/3 3 3,Z,0.5,2,SLEEP,Z,0.01321275,0.04555283
7/7/3/5/5/6/5/3/6 3 3,Z,0.6666666666666666666666666667,4,SLEEP,Z,0.04667962,0.1813868
7/7/3/5/5/6/5/3/5 3 3,Z,0.6666666666666666666666666667,2,SLEEP,Z,0.02201415,0.08937736
7/7/3/5/5/6/5/3/3 3 3,Z,0.6666666666666666666666666667,2,SLEEP,Z,0.02351517,0.07259586
7/7/3/5/5/6/5/7/4 3 3,X,-0.5833333333333333333333333333,4,SLEEP,Z,0.04843578,0.1798
7/7/3/5/5/6/5/7/2 3 3,X,-0.5,4,SLEEP,Z,0.02882762,0.1222988
7/7/3/5/5/6/5/7/1 3 3,Z,0.5,2,SLEEP,Z,0.02170787,0.07308312
7/7/3/5/5/6/3/2/7 3 3,Z,0.5,4,SLEEP,Z,0.04281415,0.1406974
7/7/3/5/5/6/3/6/6 3 3,X,-0.75,2,SLEEP,Z,0.0218072,0.08850659
7/7/3/5/5/6/3/6/5 3 3,X,-0.5,4,SLEEP,Z,0.02988194,0.1054063
7/7/3/5/5/6/3/6/3 3 3,Z,0.5,2,SLEEP,Z,0.01216324,0.04286309
7/7/3/5/5/6/3/5/6 3 3,X,-0.75,2,SLEEP,Z,0.05324301,0.1446261
7/7/3/5/5/6/3/5/5 3 3,Z,0.5,2,SLEEP,Z,0.01328486,0.05216466
7/7/3/5/5/6/3/5/3 3 3,Z,0.5,2,SLEEP,Z,0,0
7/7/3/5/5/6/3/3/6 3 3,X,-0.75,2,SLEEP,Z,0.03358059,0.08833443
7/7/3/5/5/6/3/3/5 3 3,Z,0.6666666666666666666666666667,4,SLEEP,Z,0.04796802,0.1580891
7/7/3/5/5/6/3/3/3 3 3,Z,0.6666666666666666666666666667,2,SLEEP,Z,0.01200112,0.03635736
7/7/3/5/5/6/3/7/4 3 3,X,-0.75,2,SLEEP,Z,0.02934505,0.08290417
7/7/3/5/5/6/3/7/2 3 3,Z,0.5,2,SLEEP,Z,0.01466135,0.05701701
7/7/3/5/5/6/3/7/1 3 3,Z,0.5,2,SLEEP,Z,0,0
7/7/3/5/5/6/7/2/6 3 3,X,-0.5833333333333333333333333333,6,SLEEP,Z,0.03625099,0.1378827
7/7/3/5/5/6/7/2/5 3 3,X,-0.5,2,SLEEP,Z,0.01122185,0.0437168
7/7/3/5/5/6/7/2/3 3 3,Z,0.5,2,SLEEP,Z,0.01294336,0.0521735
7/7/3/5/5/6/7/6/4 3 3,X,-0.5833333333333333333333333333,6,SLEEP,Z,0.05357473,0.2072872
7/7/3/5/5/6/7/6/2 3 3,X,-0.5,2,SLEEP,Z,0.02168338,0.08176479
7/7/3/5/5/6/7/6/1 3 3,Z,0.5,2,SLEEP,Z,0,0
7/7/3/5/5/6/7/5/4 3 3,X,-0.5833333333333333333333333333,4,SLEEP,Z,0.02657513,0.1119245
7/7/3/5/5/6/7/5/2 3 3,X,-0.5,2,SLEEP,Z,0.02355629,0.09522927
7/7/3/5/5/6/7/5/1 3 3,Z,0.5,2,SLEEP,Z,0,0
7/7/3/5/5/6/7/3/4 3 3,Z,0.6666666666666666666666666666,2,SLEEP,Z,0.08449336,0.2642179
7/7/3/5/5/6/7/3/2 3 3,Z,0.6666666666666666666666666666,2,SLEEP,Z,0,0
7/7/3/5/5/6/7/3/1 3 3,Z,0.6666666666666666666666666666,2,SLEEP,Z,0.02435658,0.06936882
7/7/3/5/5/5/2/6/7 3 3,X,-0.5,2,SLEEP,Z,0.03189705,0.09768056
7/7/3/5/5/5/2/5/7 3 3,X,-0.5,2,SLEEP,Z,0.01523546,0.0558951
7/7/3/5/5/5/2/3/7 3 3,X,-0.5,2,SLEEP,Z,0.04666926,0.1204081
7/7/3/5/5/5/2/7/6 3 3,X,-0.5833333333333333333333333333,4,SLEEP,Z,0.09241439,0.2524842
7/7/3/5/5/5/2/7/5 3 3,X,-0.5,2,SLEEP,Z,0.04587014,0.1433367
7/7/3/5/5/5/2/7/3 3 3,X,-0.4166666666666666666666666667,4,SLEEP,Z,0.08852482,0.3059167
7/7/3/5/5/5/6/2/7 3 3,X,-0.5833333333333333333333333333,2,SLEEP,Z,0.03281706,0.117205
7/7/3/5/5/5/6/6/6 3 3,X,-0.6666666666666666666666666667,6,SLEEP,Z,0.06572314,0.231087
7/7/3/5/5/5/6/6/5 3 3,X,-0.5833333333333333333333333333,4,SLEEP,Z,0.0319043,0.1184248
7/7/3/5/5/5/6/6/3 3 3,X,0.75,2,SLEEP,Z,0.02218336,0.06477401
7/7/3/5/5/5/6/5/6 3 3,X,-0.6666666666666666666666666667,6,SLEEP,Z,0.1163311,0.3966495
7/7/3/5/5/5/6/5/5 3 3,X,-0.5833333333333333333333333333,4,SLEEP,Z,0.0500972,0.1274269
7/7/3/5/5/5/6/5/3 3 3,X,0.75,4,SLEEP,Z,0.02042646,0.06900486
7/7/3/5/5/5/6/3/6 3 3,X,-0.6666666666666666666666666667,4,SLEEP,Z,0.1055251,0.2905175
7/7/3/5/5/5/6/3/5 3 3,X,-0.5833333333333333333333333333,6,SLEEP,Z,0.0524664,0.1809903
7/7/3/5/5/5/6/3/3 3 3,X,0.75,2,SLEEP,Z,0.008884908,0.03275673
7/7/3/5/5/5/6/7/4 3 3,X,-0.6666666666666666666666666667,6,SLEEP,Z,0.1000739,0.349375
7/7/3/5/5/5/6/7/2 3 3,X,-0.5833333333333333333333333333,2,SLEEP,Z,0.01886255,0.0694923
7/7/3/5/5/5/6/7/1 3 3,X,0.75,4,SLEEP,Z,0.08120755,0.2743462
7/7/3/5/5/5/5/2/7 3 3,X,-0.5,4,SLEEP,Z,0.03132212,0.1233469
7/7/3/5/5/5/5/6/6 3 3,X,-0.5833333333333333333333333333,2,SLEEP,Z,0.02923542,0.1071746
7/7/3/5/5/5/5/6/5 3 3,X,-0.5,4,SLEEP,Z,0.06924027,0.3622628
7/7/3/5/5/5/5/6/3 3 3,Z,0.5,2,SLEEP,Z,0.004115033,0.03138061
7/7/3/5/5/5/5/5/6 3 3,X,-0.5833333333333333333333333333,4,SLEEP,Z,0.07446122,0.2493221
7/7/3/5/5/5/5/5/5 3 3,X,-0.5,2,SLEEP,Z,0.02124034,0.0913823
7/7/3/5/5/5/5/5/3 3 3,X,-0.4166666666666666666666666667,2,SLEEP,Z,0.01724886,0.06892772
7/7/3/5/5/5/5/3/6 3 3,X,-0.5833333333333333333333333333,4,SLEEP,Z,0.04735949,0.1876967
7/7/3/5/5/5/5/3/5 3 3,X,-0.5,4,SLEEP,Z,0.03357505,0.1269304
7/7/3/5/5/5/5/3/3 3 3,Z,-0.5,2,SLEEP,Z,0.01299145,0.05230641
7/7/3/5/5/5/5/7/4 3 3,X,-0.5833333333333333333333333333,4,SLEEP,Z,0.04167591,0.1624335
7/7/3/5/5/5/5/7/2 3 3,X,-0.5,2,SLEEP,Z,0.01266306,0.05619444
7/7/3/5/5/5/5/7/1 3 3,X,-0.4166666666666666666666666667,2,SLEEP,Z,0,0
7/7/3/5/5/5/3/2/7 3 3,X,-0.5,4,SLEEP,Z,0.02595947,0.09139901
7/7/3/5/5/5/3/6/6 3 3,X,-0.75,2,SLEEP,Z,0.02501147,0.09073992
7/7/3/5/5/5/3/6/5 3 3,X,-0.5,2,SLEEP,Z,0.01464263,0.04878129
7/7/3/5/5/5/3/6/3 3 3,Z,0.5,2,SLEEP,Z,0.01404061,0.05510768
7/7/3/5/5/5/3/5/6 3 3,X,-0.75,4,SLEEP,Z,0.1457259,0.4083161
7/7/3/5/5/5/3/5/5 3 3,X,-0.5,2,SLEEP,Z,0.02559762,0.1000972
7/7/3/5/5/5/3/5/3 3 3,X,-0.3333333333333333333333333333,2,SLEEP,Z,0.01647831,0.06009556
7/7/3/5/5/5/3/3/6 3 3,X,-0.75,4,SLEEP,Z,0.06735466,0.1366827
7/7/3/5/5/5/3/3/5 3 3,X,-0.5,2,SLEEP,Z,0.01521744,0.05705956
7/7/3/5/5/5/3/3/3 3 3,Z,-0.5,2,SLEEP,Z,0.01173053,0.04266581
7/7/3/5/5/5/3/7/4 3 3,X,-0.75,2,SLEEP,Z,0.01833974,0.06244399
7/7/3/5/5/5/3/7/2 3 3,X,-0.5,2,SLEEP,Z,0,0
7/7/3/5/5/5/3/7/1 3 3,X,-0.3333333333333333333333333333,2,SLEEP,Z,0.01124101,0.02896534
7/7/3/5/5/5/7/2/6 3 3,X,-0.5833333333333333333333333333,4,SLEEP,Z,0.04210621,0.1642972
7/7/3/5/5/5/7/2/5 3 3,X,-0.5,4,SLEEP,Z,0.05182419,0.1506552
7/7/3/5/5/5/7/2/3 3 3,X,-0.4166666666666666666666666667,2,SLEEP,Z,0.01160413,0.04592923
7/7/3/5/5/5/7/6/4 3 3,X,-0.5833333333333333333333333333,6,SLEEP,Z,0.1023976,0.2656035
7/7/3/5/5/5/7/6/2 3 3,X,-0.5,2,SLEEP,Z,0.02298223,0.086247
7/7/3/5/5/5/7/6/1 3 3,Z,0.5,2,SLEEP,Z,0.00960685,0.03951478
7/7/3/5/5/5/7/5/4 3 3,X,-0.5833333333333333333333333333,2,SLEEP,Z,0.02322405,0.09335315
7/7/3/5/5/5/7/5/2 3 3,X,-0.5,2,SLEEP,Z,0.02891684,0.1066386
7/7/3/5/5/5/7/5/1 3 3,X,-0.4166666666666666666666666667,2,SLEEP,Z,0.01599173,0.05885055
7/7/3/5/5/5/7/3/4 3 3,X,-0.5833333333333333333333333333,4,SLEEP,Z,0.05102402,0.1951104
7/7/3/5/5/5/7/3/2 3 3,X,-0.5,2,SLEEP,Z,0.01480326,0.06429548
7/7/3/5/5/5/7/3/1 3 3,Z,-0.5,2,SLEEP,Z,0.008693745,0.03571225
7/7/3/5/5/3/2/6/7 3 3,Z,-0.6666666666666666666666666667,4,SLEEP,Z,0.04980721,0.1097141
7/7/3/5/5/3/2/5/7 3 3,X,-0.5,2,SLEEP,Z,0,0
7/7/3/5/5/3/2/3/7 3 3,X,-0.5,2,SLEEP,Z,0,0
7/7/3/5/5/3/2/7/6 3 3,X,-0.5833333333333333333333333333,4,SLEEP,Z,0.05893826,0.1579764
7/7/3/5/5/3/2/7/5 3 3,X,-0.5,2,SLEEP,Z,0.03623132,0.08294902
7/7/3/5/5/3/2/7/3 3 3,Z,-0.5,2,SLEEP,Z,0.02568016,0.07703221
7/7/3/5/5/3/6/2/7 3 3,X,-0.5833333333333333333333333333,2,SLEEP,Z,0.02358095,0.08303632
7/7/3/5/5/3/6/6/6 3 3,X,-0.6666666666666666666666666667,4,SLEEP,Z,0.07530595,0.2500606
7/7/3/5/5/3/6/6/5 3 3,Z,-0.6666666666666666666666666667,2,SLEEP,Z,0.03414471,0.08900872
7/7/3/5/5/3/6/6/3 3 3,X,0.75,4,SLEEP,Z,0.09872477,0.1786263
7/7/3/5/5/3/6/5/6 3 3,X,-0.6666666666666666666666666667,4,SLEEP,Z,0.0409157,0.1532113
7/7/3/5/5/3/6/5/5 3 3,X,-0.5833333333333333333333333333,4,SLEEP,Z,0.04040406,0.1421662
7/7/3/5/5/3/6/5/3 3 3,X,0.75,4,SLEEP,Z,0.09564317,0.3378021
7/7/3/5/5/3/6/3/6 3 3,X,-0.6666666666666666666666666667,4,SLEEP,Z,0.04137459,0.1598736
7/7/3/5/5/3/6/3/5 3 3,X,-0.5833333333333333333333333333,4,SLEEP,Z,0.04810442,0.1271323
7/7/3/5/5/3/6/3/3 3 3,X,0.75,2,SLEEP,Z,0.02585138,0.08433014
7/7/3/5/5/3/6/7/4 3 3,X,-0.6666666666666666666666666667,4,SLEEP,Z,0.06281099,0.2129276
7/7/3/5/5/3/6/7/2 3 3,X,-0.5833333333333333333333333333,4,SLEEP,Z,0.05219236,0.1688092
7/7/3/5/5/3/6/7/1 3 3,X,0.75,2,SLEEP,Z,0.07545947,0.1361782
7/7/3/5/5/3/5/2/7 3 3,X,-0.5,2,SLEEP,Z,0.01926602,0.07455983
7/7/3/5/5/3/5/6/6 3 3,Z,-0.6666666666666666666666666667,4,SLEEP,Z,0.04553981,0.1417221
7/7/3/5/5/3/5/6/5 3 3,Z,-0.6666666666666666666666666667,4,SLEEP,Z,0.05364,0.1366327
7/7/3/5/5/3/5/6/3 3 3,Z,-0.6666666666666666666666666667,2,SLEEP,Z,0.02101168,0.04630154
7/7/3/5/5/3/5/5/6 3 3,X,-0.5833333333333333333333333333,4,SLEEP,Z,0.04162579,0.1530834
7/7/3/5/5/3/5/5/5 3 3,X,-0.5,2,SLEEP,Z,0,0
7/7/3/5/5/3/5/5/3 3 3,Z,-0.5,2,SLEEP,Z,0,0
7/7/3/5/5/3/5/3/6 3 3,X,-0.5833333333333333333333333333,4,SLEEP,Z,0.09701356,0.3718808
7/7/3/5/5/3/5/3/5 3 3,X,-0.5,4,SLEEP,Z,0.08669765,0.1986056
7/7/3/5/5/3/5/3/3 3 3,Z,-0.5,2,SLEEP,Z,0.01904196,0.06619114
7/7/3/5/5/3/5/7/4 3 3,X,-0.5833333333333333333333333333,2,SLEEP,Z,0.05088085,0.138267
7/7/3/5/5/3/5/7/2 3 3,X,-0.5,2,SLEEP,Z,0.0820312,0.2386906
7/7/3/5/5/3/5/7/1 3 3,Z,-0.5,4,SLEEP,Z,0.04817979,0.1881082
7/7/3/5/5/3/3/2/7 3 3,Z,-0.5,2,SLEEP,Z,0.011076,0.04152691
7/7/3/5/5/3/3/6/6 3 3,X,-0.75,4,SLEEP,Z,0.06684002,0.2055056
7/7/3/5/5/3/3/6/5 3 3,Z,-0.6666666666666666666666666667,2,SLEEP,Z,0.02277169,0.05508801
7/7/3/5/5/3/3/6/3 3 3,Z,-0.6666666666666666666666666667,2,SLEEP,Z,0.006949758,0.01072206
7/7/3/5/5/3/3/5/6 3 3,X,-0.75,4,SLEEP,Z,0.05334423,0.1857898
7/7/3/5/5/3/3/5/5 3 3,Z,-0.5,2,SLEEP,Z,0.04261047,0.06058508
7/7/3/5/5/3/3/5/3 3 3,Z,-0.5,2,SLEEP,Z,0.05220364,0.04177264
7/7/3/5/5/3/3/3/6 3 3,X,-0.75,2,SLEEP,Z,0.02596149,0.08947569
7/7/3/5/5/3/3/3/5 3 3,X,-0.5,4,SLEEP,Z,0.04987475,0.1288466
7/7/3/5/5/3/3/3/3 3 3,Z,-0.5,2,SLEEP,Z,0,0
7/7/3/5/5/3/3/7/4 3 3,X,-0.75,4,SLEEP,Z,0.01700459,0.06650312
7/7/3/5/5/3/3/7/2 3 3,Z,-0.5,2,SLEEP,Z,0.01121258,0.04040021
7/7/3/5/5/3/3/7/1 3 3,Z,-0.5,2,SLEEP,Z,0.08075985,0.304549
7/7/3/5/5/3/7/2/6 3 3,X,-0.5833333333333333333333333333,2,SLEEP,Z,0.01956731,0.07643984
7/7/3/5/5/3/7/2/5 3 3,X,-0.5,2,SLEEP,Z,0.03268125,0.1207803
7/7/3/5/5/3/7/2/3 3 3,Z,-0.5,2,SLEEP,Z,0.07102612,0.3183515
7/7/3/5/5/3/7/6/4 3 3,Z,-0.6666666666666666666666666666,2,SLEEP,Z,0.05389642,0.194358
7/7/3/5/5/3/7/6/2 3 3,Z,-0.6666666666666666666666666666,4,SLEEP,Z,0.09825169,0.204286
7/7/3/5/5/3/7/6/1 3 3,Z,-0.6666666666666666666666666666,2,SLEEP,Z,0.01831459,0.06591773
7/7/3/5/5/3/7/5/4 3 3,X,-0.5833333333333333333333333333,4,SLEEP,Z,0.02881996,0.1120003
7/7/3/5/5/3/7/5/2 3 3,X,-0.5,2,SLEEP,Z,0.02004096,0.05519005
7/7/3/5/5/3/7/5/1 3 3,Z,-0.5,2,SLEEP,Z,0.01422874,0.03827269
7/7/3/5/5/3/7/3/4 3 3,X,-0.5833333333333333333333333333,4,SLEEP,Z,0.03985582,0.1506104
7/7/3/5/5/3/7/3/2 3 3,X,-0.5,2,SLEEP,Z,0.02158251,0.07952014
7/7/3/5/5/3/7/3/1 3 3,Z,-0.5,2,SLEEP,Z,0.01754642,0.06784226
7/7/3/5/5/7/2/2/7 3 3,X,-0.5,4,SLEEP,Z,0.02407233,0.07915051
7/7/3/5/5/7/2/6/6 3 3,X,-0.5833333333333333333333333333,4,SLEEP,Z,0.04770223,0.1617239
7/7/3/5/5/7/2/6/5 3 3,X,-0.5,2,SLEEP,Z,0.02045455,0.06669201
7/7/3/5/5/7/2/6/3 3 3,X,0.5,2,SLEEP,Z,0.01606954,0.04826399
7/7/3/5/5/7/2/5/6 3 3,X,-0.5833333333333333333333333333,4,SLEEP,Z,0.05922604,0.2114424
7/7/3/5/5/7/2/5/5 3 3,X,-0.5,2,SLEEP,Z,0.02387244,0.07927912
7/7/3/5/5/7/2/5/3 3 3,X,0.5,2,SLEEP,Z,0.02221418,0.07917271
7/7/3/5/5/7/2/3/6 3 3,X,-0.5833333333333333333333333333,4,SLEEP,Z,0.04698861,0.1705784
7/7/3/5/5/7/2/3/5 3 3,X,-0.5,2,SLEEP,Z,0.04771997,0.0835982
7/7/3/5/5/7/2/3/3 3 3,X,0.5,2,SLEEP,Z,0.02044432,0.06520219
7/7/3/5/5/7/2/7/4 3 3,X,-0.5833333333333333333333333333,2,SLEEP,Z,0.03918308,0.117022
7/7/3/5/5/7/2/7/2 3 3,X,-0.5,4,SLEEP,Z,0.05684468,0.1921153
7/7/3/5/5/7/2/7/1 3 3,X,0.5,2,SLEEP,Z,0.08525772,0.1275643
7/7/3/5/5/7/6/2/6 3 3,X,-0.6666666666666666666666666667,2,SLEEP,Z,0.0356267,0.1291507
7/7/3/5/5/7/6/2/5 3 3,X,-0.5833333333333333333333333333,4,SLEEP,Z,0.02267851,0.0799397
7/7/3/5/5/7/6/2/3 3 3,X,0.8333333333333333333333333333,2,SLEEP,Z,0.02488137,0.08673357
7/7/3/5/5/7/6/6/4 3 3,X,-0.6666666666666666666666666667,6,SLEEP,Z,0.07608667,0.2783544
7/7/3/5/5/7/6/6/2 3 3,X,-0.5833333333333333333333333333,2,SLEEP,Z,0.02527106,0.09036667
7/7/3/5/5/7/6/6/1 3 3,X,0.8333333333333333333333333333,2,SLEEP,Z,0.01016206,0.03531025
7/7/3/5/5/7/6/5/4 3 3,X,-0.6666666666666666666666666667,4,SLEEP,Z,0.03939086,0.1535827
7/7/3/5/5/7/6/5/2 3 3,X,-0.5833333333333333333333333333,2,SLEEP,Z,0.02066213,0.08198858
7/7/3/5/5/7/6/5/1 3 3,X,0.8333333333333333333333333333,2,SLEEP,Z,0.02303374,0.0506164
7/7/3/5/5/7/6/3/4 3 3,X,-0.6666666666666666666666666667,2,SLEEP,Z,0.03930903,0.1586002
7/7/3/5/5/7/6/3/2 3 3,X,-0.5833333333333333333333333333,2,SLEEP,Z,0.01467843,0.05480924
7/7/3/5/5/7/6/3/1 3 3,X,0.8333333333333333333333333333,4,SLEEP,Z,0.1608133,0.2467884
7/7/3/5/5/7/5/2/6 3 3,X,-0.5833333333333333333333333333,4,SLEEP,Z,0.02994762,0.1160603
7/7/3/5/5/7/5/2/5 3 3,X,-0.5,2,SLEEP,Z,0.0185252,0.0716878
7/7/3/5/5/7/5/2/3 3 3,X,-0.4166666666666666666666666667,2,SLEEP,Z,0.04233316,0.08044318
7/7/3/5/5/7/5/6/4 3 3,X,-0.5833333333333333333333333333,2,SLEEP,Z,0.02032619,0.08196981
7/7/3/5/5/7/5/6/2 3 3,X,-0.5,2,SLEEP,Z,0.02900477,0.1095438
7/7/3/5/5/7/5/6/1 3 3,Z,0.5,2,SLEEP,Z,0,0
7/7/3/5/5/7/5/5/4 3 3,X,-0.5833333333333333333333333333,4,SLEEP,Z,0.06169277,0.2421356
7/7/3/5/5/7/5/5/2 3 3,X,-0.5,4,SLEEP,Z,0.03982307,0.1397066
7/7/3/5/5/7/5/5/1 3 3,X,-0.4166666666666666666666666667,2,SLEEP,Z,0.02970743,0.05901878
7/7/3/5/5/7/5/3/4 3 3,X,-0.5833333333333333333333333333,4,SLEEP,Z,0.06050723,0.2145441
7/7/3/5/5/7/5/3/2 3 3,X,-0.5,2,SLEEP,Z,0.02855952,0.1041775
7/7/3/5/5/7/5/3/1 3 3,Z,-0.5,2,SLEEP,Z,0,0
7/7/3/5/5/7/3/2/6 3 3,X,-0.8333333333333333333333333333,2,SLEEP,Z,0.02316384,0.07954343
7/7/3/5/5/7/3/2/5 3 3,X,-0.5,4,SLEEP,Z,0.03372517,0.1138971
7/7/3/5/5/7/3/2/3 3 3,X,-0.3333333333333333333333333333,2,SLEEP,Z,0,0
7/7/3/5/5/7/3/6/4 3 3,X,-0.8333333333333333333333333333,4,SLEEP,Z,0.06564607,0.1456596
7/7/3/5/5/7/3/6/2 3 3,X,-0.5,2,SLEEP,Z,0,0
7/7/3/5/5/7/3/6/1 3 3,Z,0.5,2,SLEEP,Z,0,0
7/7/3/5/5/7/3/5/4 3 3,X,-0.8333333333333333333333333333,4,SLEEP,Z,0.08974458,0.1616463
7/7/3/5/5/7/3/5/2 3 3,X,-0.5,2,SLEEP,Z,0.0137681,0.04688936
7/7/3/5/5/7/3/5/1 3 3,X,-0.3333333333333333333333333333,2,SLEEP,Z,0,0
7/7/3/5/5/7/3/3/4 3 3,X,-0.8333333333333333333333333333,2,SLEEP,Z,0.04751522,0.1144691
7/7/3/5/5/7/3/3/2 3 3,X,-0.5,2,SLEEP,Z,0.01034935,0.04264744
7/7/3/5/5/7/3/3/1 3 3,Z,-0.5,2,SLEEP,Z,0.01119024,0.04470672
7/7/3/5/5/7/7/2/4 3 3,X,-0.5833333333333333333333333333,4,SLEEP,Z,0.06536146,0.2305225
7/7/3/5/5/7/7/2/2 3 3,X,-0.5,2,SLEEP,Z,0.0200302,0.08541201
7/7/3/5/5/7/7/2/1 3 3,X,-0.4166666666666666666666666667,2,SLEEP,Z,0.006009229,0.02534772
7/7/3/5/3/2/2/7/7 3 3,X,-0.5,2,SLEEP,Z,0.05867345,0.09177935
7/7/3/5/3/2/6/6/7 3 3,X,-0.625,6,SLEEP,Z,0.08573291,0.2117804
7/7/3/5/3/2/6/5/7 3 3,X,-0.625,6,SLEEP,Z,0.03755042,0.1106578
7/7/3/5/3/2/6/3/7 3 3,X,-0.625,6,SLEEP,Z,0.04061344,0.1245008
7/7/3/5/3/2/6/7/6 3 3,X,-0.75,4,SLEEP,Z,0.05326948,0.1737964
7/7/3/5/3/2/6/7/5 3 3,X,-0.625,4,SLEEP,Z,0.05906823,0.1897787
7/7/3/5/3/2/6/7/3 3 3,X,0.7,2,SLEEP,Z,0.01881892,0.05667511
7/7/3/5/3/2/5/6/7 3 3,X,-0.5,4,SLEEP,Z,0.1153651,0.4084884
7/7/3/5/3/2/5/5/7 3 3,X,-0.5,4,SLEEP,Z,0.04111171,0.08154406
7/7/3/5/3/2/5/3/7 3 3,X,-0.5,4,SLEEP,Z,0.02255482,0.04717292
7/7/3/5/3/2/5/7/6 3 3,X,-0.625,2,SLEEP,Z,0.03991655,0.1350865
7/7/3/5/3/2/5/7/5 3 3,X,-0.5,4,SLEEP,Z,0.06633821,0.1989571
7/7/3/5/3/2/5/7/3 3 3,X,-0.375,2,SLEEP,Z,0.02301025,0.05860486
7/7/3/5/3/2/3/6/7 3 3,X,-0.5,4,SLEEP,Z,0.09454796,0.1884473
7/7/3/5/3/2/3/5/7 3 3,X,-0.5,2,SLEEP,Z,0.08726533,0.1956486
7/7/3/5/3/2/3/3/7 3 3,X,-0.5,2,SLEEP,Z,0,0
7/7/3/5/3/2/3/7/6 3 3,X,-0.7,4,SLEEP,Z,0.03380619,0.1029694
7/7/3/5/3/2/3/7/5 3 3,X,-0.5,2,SLEEP,Z,0.01783246,0.05541132
7/7/3/5/3/2/3/7/3 3 3,X,-0.3,2,SLEEP,Z,0,0
7/7/3/5/3/2/7/2/7 3 3,X,-0.5,4,SLEEP,Z,0.02710549,0.09701218
7/7/3/5/3/2/7/6/6 3 3,X,-0.625,2,SLEEP,Z,0.06827056,0.1887217
7/7/3/5/3/2/7/6/5 3 3,X,-0.5,4,SLEEP,Z,0.05624085,0.1920868
7/7/3/5/3/2/7/6/3 3 3,Z,0.5,2,SLEEP,Z,0.01538616,0.05212096
7/7/3/5/3/2/7/5/6 3 3,X,-0.625,4,SLEEP,Z,0.06647155,0.2327546
7/7/3/5/3/2/7/5/5 3 3,X,-0.5,4,SLEEP,Z,0.04472058,0.1437871
7/7/3/5/3/2/7/5/3 3 3,X,-0.375,2,SLEEP,Z,0.02414576,0.1186012
7/7/3/5/3/2/7/3/6 3 3,X,-0.625,6,SLEEP,Z,0.09036361,0.2305465
7/7/3/5/3/2/7/3/5 3 3,X,-0.5,4,SLEEP,Z,0.03728415,0.1172887
7/7/3/5/3/2/7/3/3 3 3,Z,-0.5,2,SLEEP,Z,0.01478424,0.0455625
7/7/3/5/3/2/7/7/4 3 3,X,-0.625,4,SLEEP,Z,0.03710603,0.1323138
7/7/3/5/3/2/7/7/2 3 3,X,-0.5,2,SLEEP,Z,0.01563954,0.05343807
7/7/3/5/3/2/7/7/1 3 3,X,-0.375,2,SLEEP,Z,0.01101561,0.04620014
7/7/3/5/3/6/2/6/7 3 3,X,-0.5,2,SLEEP,Z,0.03112988,0.1009657
7/7/3/5/3/6/2/5/7 3 3,X,-0.5,4,SLEEP,Z,0.05557759,0.1675534
7/7/3/5/3/6/2/3/7 3 3,Z,0.6666666666666666666666666667,4,SLEEP,Z,0.04710521,0.1073756
7/7/3/5/3/6/2/7/6 3 3,X,-0.625,4,SLEEP,Z,0.05101008,0.1659297
7/7/3/5/3/6/2/7/5 3 3,X,-0.5,2,SLEEP,Z,0.03066286,0.1000794
7/7/3/5/3/6/2/7/3 3 3,Z,0.5,2,SLEEP,Z,0,0
7/7/3/5/3/6/6/2/7 3 3,X,-0.625,2,SLEEP,Z,0.03479874,0.1117032
7/7/3/5/3/6/6/6/6 3 3,X,-0.75,4,SLEEP,Z,0.1350325,0.3584272
7/7/3/5/3/6/6/6/5 3 3,X,-0.625,4,SLEEP,Z,0.07569455,0.2544414
7/7/3/5/3/6/6/6/3 3 3,X,0.75,2,SLEEP,Z,0.05480617,0.1218484
7/7/3/5/3/6/6/5/6 3 3,X,-0.75,6,SLEEP,Z,0.1260643,0.3916177
7/7/3/5/3/6/6/5/5 3 3,X,-0.625,6,SLEEP,Z,0.0710508,0.2426616
7/7/3/5/3/6/6/5/3 3 3,X,0.75,2,SLEEP,Z,0.01375193,0.0417553
7/7/3/5/3/6/6/3/6 3 3,X,-0.75,8,SLEEP,Z,0.1449728,0.3544358
7/7/3/5/3/6/6/3/5 3 3,Z,0.6666666666666666666666666667,4,SLEEP,Z,0.05115754,0.138823
7/7/3/5/3/6/6/3/3 3 3,X,0.75,4,SLEEP,Z,0.06139695,0.1578181
7/7/3/5/3/6/6/7/4 3 3,X,-0.75,4,SLEEP,Z,0.0547764,0.1936482
7/7/3/5/3/6/6/7/2 3 3,X,-0.625,4,SLEEP,Z,0.05676594,0.1735708
7/7/3/5/3/6/6/7/1 3 3,X,0.75,2,SLEEP,Z,0.02654828,0.08349559
7/7/3/5/3/6/5/2/7 3 3,X,-0.5,4,SLEEP,Z,0.0443394,0.1478503
7/7/3/5/3/6/5/6/6 3 3,X,-0.625,4,SLEEP,Z,0.0532215,0.1286725
7/7/3/5/3/6/5/6/5 3 3,X,-0.5,2,SLEEP,Z,0.01840319,0.06412034
7/7/3/5/3/6/5/6/3 3 3,Z,0.5,2,SLEEP,Z,0.02146171,0.07253651
7/7/3/5/3/6/5/5/6 3 3,X,-0.625,4,SLEEP,Z,0.04069795,0.1367109
7/7/3/5/3/6/5/5/5 3 3,X,-0.5,2,SLEEP,Z,0.04464912,0.1527964
7/7/3/5/3/6/5/5/3 3 3,Z,0.5,2,SLEEP,Z,0.02053285,0.07423367
7/7/3/5/3/6/5/3/6 3 3,Z,0.6666666666666666666666666667,2,SLEEP,Z,0.03355091,0.1166055
7/7/3/5/3/6/5/3/5 3 3,Z,0.6666666666666666666666666667,4,SLEEP,Z,0.04667418,0.1625764
7/7/3/5/3/6/5/3/3 3 3,Z,0.6666666666666666666666666667,4,SLEEP,Z,0.04206392,0.1190279
7/7/3/5/3/6/5/7/4 3 3,X,-0.625,6,SLEEP,Z,0.04462935,0.1562235
7/7/3/5/3/6/5/7/2 3 3,X,-0.5,4,SLEEP,Z,0.03584675,0.1321537
7/7/3/5/3/6/5/7/1 3 3,Z,0.5,2,SLEEP,Z,0.0148922,0.04920496
7/7/3/5/3/6/3/2/7 3 3,Z,0.5,2,SLEEP,Z,0.01864795,0.04743562
7/7/3/5/3/6/3/6/6 3 3,X,-0.75,2,SLEEP,Z,0.04278854,0.1382415
7/7/3/5/3/6/3/6/5 3 3,X,-0.5,4,SLEEP,Z,0.1059303,0.3853301
7/7/3/5/3/6/3/6/3 3 3,Z,0.5,2,SLEEP,Z,0,0
7/7/3/5/3/6/3/5/6 3 3,X,-0.75,2,SLEEP,Z,0.07312232,0.1463438
7/7/3/5/3/6/3/5/5 3 3,Z,0.5,2,SLEEP,Z,0,0
7/7/3/5/3/6/3/5/3 3 3,Z,0.5,2,SLEEP,Z,0,0
7/7/3/5/3/6/3/3/6 3 3,X,-0.75,4,SLEEP,Z,0.06177835,0.16556
7/7/3/5/3/6/3/3/5 3 3,Z,0.6666666666666666666666666667,2,SLEEP,Z,0.03674461,0.1138998
7/7/3/5/3/6/3/3/3 3 3,Z,0.6666666666666666666666666667,2,SLEEP,Z,0.0452319,0.1249608
7/7/3/5/3/6/3/7/4 3 3,X,-0.75,2,SLEEP,Z,0.03726911,0.1015882
7/7/3/5/3/6/3/7/2 3 3,Z,0.5,2,SLEEP,Z,0,0
7/7/3/5/3/6/3/7/1 3 3,Z,0.5,2,SLEEP,Z,0.004838443,0.02458946
7/7/3/5/3/6/7/2/6 3 3,X,-0.625,2,SLEEP,Z,0.03922527,0.1389824
7/7/3/5/3/6/7/2/5 3 3,X,-0.5,4,SLEEP,Z,0.05515459,0.1609086
7/7/3/5/3/6/7/2/3 3 3,Z,0.5,2,SLEEP,Z,0.02707823,0.08802575
7/7/3/5/3/6/7/6/4 3 3,X,-0.625,4,SLEEP,Z,0.06639235,0.2151092
7/7/3/5/3/6/7/6/2 3 3,X,-0.5,2,SLEEP,Z,0.0164566,0.06090198
7/7/3/5/3/6/7/6/1 3 3,Z,0.5,2,SLEEP,Z,0.03053833,0.09652488
7/7/3/5/3/6/7/5/4 3 3,X,-0.625,4,SLEEP,Z,0.05997936,0.2077728
7/7/3/5/3/6/7/5/2 3 3,X,-0.5,4,SLEEP,Z,0.05079576,0.1635936
7/7/3/5/3/6/7/5/1 3 3,Z,0.5,2,SLEEP,Z,0.02856421,0.09893537
7/7/3/5/3/6/7/3/4 3 3,Z,0.6666666666666666666666666666,4,SLEEP,Z,0.1132757,0.3005478
7/7/3/5/3/6/7/3/2 3 3,Z,0.6666666666666666666666666666,4,SLEEP,Z,0.1550061,0.3295477
7/7/3/5/3/6/7/3/1 3 3,Z,0.6666666666666666666666666666,2,SLEEP,Z,0.01003254,0.03968314
7/7/3/5/3/5/2/6/7 3 3,X,-0.5,2,SLEEP,Z,0.04076584,0.1435302
7/7/3/5/3/5/2/5/7 3 3,X,-0.5,4,SLEEP,Z,0.04917453,0.1331118
7/7/3/5/3/5/2/3/7 3 3,X,-0.5,4,SLEEP,Z,0.03595246,0.1061265
7/7/3/5/3/5/2/7/6 3 3,X,-0.625,4,SLEEP,Z,0.04596856,0.140988
7/7/3/5/3/5/2/7/5 3 3,X,-0.5,2,SLEEP,Z,0.03259806,0.07713728
7/7/3/5/3/5/2/7/3 3 3,X,0.4,2,SLEEP,Z,0,0
7/7/3/5/3/5/6/2/7 3 3,X,-0.625,4,SLEEP,Z,0.03680331,0.1073116
7/7/3/5/3/5/6/6/6 3 3,X,-0.75,4,SLEEP,Z,0.05594928,0.1981851
7/7/3/5/3/5/6/6/5 3 3,X,-0.625,2,SLEEP,Z,0.04888588,0.1630614
7/7/3/5/3/5/6/6/3 3 3,X,0.75,2,SLEEP,Z,0.04675046,0.1397056
7/7/3/5/3/5/6/5/6 3 3,X,-0.75,4,SLEEP,Z,0.06669383,0.2272357
7/7/3/5/3/5/6/5/5 3 3,X,-0.625,2,SLEEP,Z,0.03667288,0.121824
7/7/3/5/3/5/6/5/3 3 3,X,0.75,2,SLEEP,Z,0.02715651,0.0834781
7/7/3/5/3/5/6/3/6 3 3,X,-0.75,6,SLEEP,Z,0.1020682,0.2979933
7/7/3/5/3/5/6/3/5 3 3,X,-0.625,2,SLEEP,Z,0.04338974,0.1416715
7/7/3/5/3/5/6/3/3 3 3,X,0.75,4,SLEEP,Z,0.0437488,0.1279861
7/7/3/5/3/5/6/7/4 3 3,X,-0.75,8,SLEEP,Z,0.1660788,0.3756589
7/7/3/5/3/5/6/7/2 3 3,X,-0.625,2,SLEEP,Z,0.04189371,0.1342253
7/7/3/5/3/5/6/7/1 3 3,X,0.75,2,SLEEP,Z,0.02969574,0.09621526
7/7/3/5/3/5/5/2/7 3 3,X,-0.5,2,SLEEP,Z,0.03074296,0.07262214
7/7/3/5/3/5/5/6/6 3 3,X,-0.625,4,SLEEP,Z,0.06494871,0.1917114
7/7/3/5/3/5/5/6/5 3 3,X,-0.5,2,SLEEP,Z,0.02442315,0.07506105
7/7/3/5/3/5/5/6/3 3 3,Z,0.5,2,SLEEP,Z,0.01618304,0.05926112
7/7/3/5/3/5/5/5/6 3 3,X,-0.625,4,SLEEP,Z,0.06281064,0.1646953
7/7/3/5/3/5/5/5/5 3 3,X,-0.5,2,SLEEP,Z,0.02556907,0.09274525
7/7/3/5/3/5/5/5/3 3 3,X,-0.375,2,SLEEP,Z,0.04852171,0.1464857
7/7/3/5/3/5/5/3/6 3 3,X,-0.625,4,SLEEP,Z,0.1029946,0.2561513
7/7/3/5/3/5/5/3/5 3 3,X,-0.5,4,SLEEP,Z,0.03450212,0.1248408
7/7/3/5/3/5/5/3/3 3 3,Z,-0.5,2,SLEEP,Z,0,0
7/7/3/5/3/5/5/7/4 3 3,X,-0.625,4,SLEEP,Z,0.03572033,0.1248248
7/7/3/5/3/5/5/7/2 3 3,X,-0.5,2,SLEEP,Z,0.02976611,0.1005288
7/7/3/5/3/5/5/7/1 3 3,X,-0.375,2,SLEEP,Z,0.01002395,0.06016359
7/7/3/5/3/5/3/2/7 3 3,X,-0.5,2,SLEEP,Z,0.01498335,0.05251661
7/7/3/5/3/5/3/6/6 3 3,X,-0.75,2,SLEEP,Z,0.04301441,0.1407053
7/7/3/5/3/5/3/6/5 3 3,X,-0.5,2,SLEEP,Z,0.111708,0.4018323
7/7/3/5/3/5/3/6/3 3 3,Z,0.5,2,SLEEP,Z,0.01195554,0.02915554
7/7/3/5/3/5/3/5/6 3 3,X,-0.75,4,SLEEP,Z,0.03282523,0.1042791
7/7/3/5/3/5/3/5/5 3 3,X,-0.5,2,SLEEP,Z,0.0229467,0.03907182
7/7/3/5/3/5/3/5/3 3 3,X,-0.25,2,SLEEP,Z,0,0
7/7/3/5/3/5/3/3/6 3 3,X,-0.75,4,SLEEP,Z,0.04857284,0.1456975
7/7/3/5/3/5/3/3/5 3 3,X,-0.5,2,SLEEP,Z,0.01516663,0.0561432
7/7/3/5/3/5/3/3/3 3 3,Z,-0.5,2,SLEEP,Z,0,0
7/7/3/5/3/5/3/7/4 3 3,X,-0.75,4,SLEEP,Z,0.0676526,0.1536223
7/7/3/5/3/5/3/7/2 3 3,X,-0.5,2,SLEEP,Z,0.0188209,0.06702469
7/7/3/5/3/5/3/7/1 3 3,X,-0.25,2,SLEEP,Z,0.01726084,0.02570295
7/7/3/5/3/5/7/2/6 3 3,X,-0.625,4,SLEEP,Z,0.05044993,0.1795698
7/7/3/5/3/5/7/2/5 3 3,X,-0.5,4,SLEEP,Z,0.03614691,0.1297926
7/7/3/5/3/5/7/2/3 3 3,X,-0.375,2,SLEEP,Z,0.01281106,0.04239484
7/7/3/5/3/5/7/6/4 3 3,X,-0.625,4,SLEEP,Z,0.04710552,0.1663457
7/7/3/5/3/5/7/6/2 3 3,X,-0.5,2,SLEEP,Z,0.03441671,0.1347207
7/7/3/5/3/5/7/6/1 3 3,Z,0.5,2,SLEEP,Z,0.01441133,0.0559752
7/7/3/5/3/5/7/5/4 3 3,X,-0.625,4,SLEEP,Z,0.06997126,0.2293197
7/7/3/5/3/5/7/5/2 3 3,X,-0.5,4,SLEEP,Z,0.05814353,0.1611556
7/7/3/5/3/5/7/5/1 3 3,X,-0.375,2,SLEEP,Z,0.0107124,0.04144578
7/7/3/5/3/5/7/3/4 3 3,X,-0.625,4,SLEEP,Z,0.06363115,0.2196128
7/7/3/5/3/5/7/3/2 3 3,X,-0.5,2,SLEEP,Z,0.02624013,0.08914826
7/7/3/5/3/5/7/3/1 3 3,Z,-0.5,2,SLEEP,Z,0.003255499,0.01760682
7/7/3/5/3/3/2/6/7 3 3,Z,-0.6666666666666666666666666667,2,SLEEP,Z,0.02114334,0.06076293
7/7/3/5/3/3/2/5/7 3 3,X,-0.5,2,SLEEP,Z,0.07366335,0.1392003
7/7/3/5/3/3/2/3/7 3 3,X,-0.5,4,SLEEP,Z,0.09660383,0.3739817
7/7/3/5/3/3/2/7/6 3 3,X,-0.625,4,SLEEP,Z,0.06133161,0.1948584
7/7/3/5/3/3/2/7/5 3 3,X,-0.5,2,SLEEP,Z,0.03140387,0.1065347
7/7/3/5/3/3/2/7/3 3 3,Z,-0.5,2,SLEEP,Z,0.07935456,0.3403183
7/7/3/5/3/3/6/2/7 3 3,X,-0.625,4,SLEEP,Z,0.1082484,0.2259339
7/7/3/5/3/3/6/6/6 3 3,X,-0.75,8,SLEEP,Z,0.1555926,0.3955137
7/7/3/5/3/3/6/6/5 3 3,Z,-0.6666666666666666666666666667,2,SLEEP,Z,0.05280616,0.1643291
7/7/3/5/3/3/6/6/3 3 3,X,0.75,4,SLEEP,Z,0.07480219,0.1616164
7/7/3/5/3/3/6/5/6 3 3,X,-0.75,4,SLEEP,Z,0.05895577,0.2115529
7/7/3/5/3/3/6/5/5 3 3,X,-0.625,4,SLEEP,Z,0.07650454,0.2378089
7/7/3/5/3/3/6/5/3 3 3,X,0.75,4,SLEEP,Z,0.05304022,0.1009393
7/7/3/5/3/3/6/3/6 3 3,X,-0.75,6,SLEEP,Z,0.1743828,0.3824419
7/7/3/5/3/3/6/3/5 3 3,X,-0.625,4,SLEEP,Z,0.02458549,0.09050862
7/7/3/5/3/3/6/3/3 3 3,X,0.75,4,SLEEP,Z,0.03563778,0.1024135
7/7/3/5/3/3/6/7/4 3 3,X,-0.75,4,SLEEP,Z,0.04330133,0.1576645
7/7/3/5/3/3/6/7/2 3 3,X,-0.625,2,SLEEP,Z,0.03313045,0.1111292
7/7/3/5/3/3/6/7/1 3 3,X,0.75,2,SLEEP,Z,0.02316116,0.07642484
7/7/3/5/3/3/5/2/7 3 3,X,-0.5,2,SLEEP,Z,0.02574492,0.08219267
7/7/3/5/3/3/5/6/6 3 3,Z,-0.6666666666666666666666666667,4,SLEEP,Z,0.05673207,0.1786973
7/7/3/5/3/3/5/6/5 3 3,Z,-0.6666666666666666666666666667,2,SLEEP,Z,0.02548363,0.0932078
7/7/3/5/3/3/5/6/3 3 3,Z,-0.6666666666666666666666666667,4,SLEEP,Z,0.04573362,0.1003349
7/7/3/5/3/3/5/5/6 3 3,X,-0.625,6,SLEEP,Z,0.1074117,0.3132061
7/7/3/5/3/3/5/5/5 3 3,X,-0.5,2,SLEEP,Z,0.0285569,0.1069922
7/7/3/5/3/3/5/5/3 3 3,Z,-0.5,2,SLEEP,Z,0.03434022,0.1368386
7/7/3/5/3/3/5/3/6 3 3,X,-0.625,4,SLEEP,Z,0.05102007,0.1629888
7/7/3/5/3/3/5/3/5 3 3,X,-0.5,4,SLEEP,Z,0.04014776,0.1400497
7/7/3/5/3/3/5/3/3 3 3,Z,-0.5,2,SLEEP,Z,0,0
7/7/3/5/3/3/5/7/4 3 3,X,-0.625,4,SLEEP,Z,0.02650557,0.09904821
7/7/3/5/3/3/5/7/2 3 3,X,-0.5,2,SLEEP,Z,0.02546961,0.05531303
7/7/3/5/3/3/5/7/1 3 3,Z,-0.5,2,SLEEP,Z,0,0
7/7/3/5/3/3/3/2/7 3 3,Z,-0.5,2,SLEEP,Z,0.02706527,0.08535139
7/7/3/5/3/3/3/6/6 3 3,X,-0.75,6,SLEEP,Z,0.09253673,0.2136535
7/7/3/5/3/3/3/6/5 3 3,Z,-0.6666666666666666666666666667,2,SLEEP,Z,0.01756916,0.06261501
7/7/3/5/3/3/3/6/3 3 3,Z,-0.6666666666666666666666666667,2,SLEEP,Z,0.03186708,0.08405918
7/7/3/5/3/3/3/5/6 3 3,X,-0.75,4,SLEEP,Z,0.08469649,0.1662752
7/7/3/5/3/3/3/5/5 3 3,Z,-0.5,2,SLEEP,Z,0.02620606,0.09533757
7/7/3/5/3/3/3/5/3 3 3,Z,-0.5,2,SLEEP,Z,0,0
7/7/3/5/3/3/3/3/6 3 3,X,-0.75,2,SLEEP,Z,0.02268967,0.09173693
7/7/3/5/3/3/3/3/5 3 3,X,-0.5,2,SLEEP,Z,0.02113231,0.06188693
7/7/3/5/3/3/3/3/3 3 3,Z,-0.5,2,SLEEP,Z,0.01459237,0.05073692
7/7/3/5/3/3/3/7/4 3 3,X,-0.75,4,SLEEP,Z,0.02761836,0.09695212
7/7/3/5/3/3/3/7/2 3 3,Z,-0.5,2,SLEEP,Z,0.02028326,0.03827586
7/7/3/5/3/3/3/7/1 3 3,Z,-0.5,2,SLEEP,Z,0,0
7/7/3/5/3/3/7/2/6 3 3,X,-0.625,4,SLEEP,Z,0.03730496,0.1240545
7/7/3/5/3/3/7/2/5 3 3,X,-0.5,2,SLEEP,Z,0.01992374,0.07489641
7/7/3/5/3/3/7/2/3 3 3,Z,-0.5,2,SLEEP,Z,0.01790066,0.062309
7/7/3/5/3/3/7/6/4 3 3,Z,-0.6666666666666666666666666666,4,SLEEP,Z,0.0978234,0.2393746
7/7/3/5/3/3/7/6/2 3 3,Z,-0.6666666666666666666666666666,2,SLEEP,Z,0.04792419,0.09142762
7/7/3/5/3/3/7/6/1 3 3,Z,-0.6666666666666666666666666666,2,SLEEP,Z,0.04694468,0.08387043
7/7/3/5/3/3/7/5/4 3 3,X,-0.625,6,SLEEP,Z,0.04238987,0.14758
7/7/3/5/3/3/7/5/2 3 3,X,-0.5,2,SLEEP,Z,0.01986315,0.0686478
7/7/3/5/3/3/7/5/1 3 3,Z,-0.5,2,SLEEP,Z,0.01249433,0.04595492
7/7/3/5/3/3/7/3/4 3 3,X,-0.625,4,SLEEP,Z,0.09497874,0.2518485
7/7/3/5/3/3/7/3/2 3 3,X,-0.5,4,SLEEP,Z,0.04552777,0.1545414
7/7/3/5/3/3/7/3/1 3 3,Z,-0.5,2,SLEEP,Z,0.03320752,0.09500318
7/7/3/5/3/7/2/2/7 3 3,X,-0.5,2,SLEEP,Z,0.02794603,0.08898479
7/7/3/5/3/7/2/6/6 3 3,X,-0.625,6,SLEEP,Z,0.1414871,0.3043017
7/7/3/5/3/7/2/6/5 3 3,X,-0.5,2,SLEEP,Z,0.03183671,0.1000239
7/7/3/5/3/7/2/6/3 3 3,X,0.5,2,SLEEP,Z,0.03192033,0.07376546
7/7/3/5/3/7/2/5/6 3 3,X,-0.625,4,SLEEP,Z,0.04050418,0.1327879
7/7/3/5/3/7/2/5/5 3 3,X,-0.5,4,SLEEP,Z,0.09369826,0.3503015
7/7/3/5/3/7/2/5/3 3 3,X,0.5,2,SLEEP,Z,0,0
7/7/3/5/3/7/2/3/6 3 3,X,-0.625,6,SLEEP,Z,0.1388953,0.3157769
7/7/3/5/3/7/2/3/5 3 3,X,-0.5,2,SLEEP,Z,0.02777326,0.08198782
7/7/3/5/3/7/2/3/3 3 3,X,0.5,2,SLEEP,Z,0.02374216,0.0758799
7/7/3/5/3/7/2/7/4 3 3,X,-0.625,4,SLEEP,Z,0.04696178,0.1538614
7/7/3/5/3/7/2/7/2 3 3,X,-0.5,2,SLEEP,Z,0.02403924,0.08994915
7/7/3/5/3/7/2/7/1 3 3,X,0.5,2,SLEEP,Z,0.01347343,0.03303414
7/7/3/5/3/7/6/2/6 3 3,X,-0.75,4,SLEEP,Z,0.07832882,0.2725303
7/7/3/5/3/7/6/2/5 3 3,X,-0.625,4,SLEEP,Z,0.1260241,0.2781464
7/7/3/5/3/7/6/2/3 3 3,X,0.8333333333333333333333333333,2,SLEEP,Z,0.03948366,0.0976287
7/7/3/5/3/7/6/6/4 3 3,X,-0.75,4,SLEEP,Z,0.1074598,0.3180568
7/7/3/5/3/7/6/6/2 3 3,X,-0.625,2,SLEEP,Z,0.02514239,0.08533993
7/7/3/5/3/7/6/6/1 3 3,X,0.8333333333333333333333333333,2,SLEEP,Z,0.01906295,0.05478018
7/7/3/5/3/7/6/5/4 3 3,X,-0.75,6,SLEEP,Z,0.09870514,0.3000629
7/7/3/5/3/7/6/5/2 3 3,X,-0.625,4,SLEEP,Z,0.03991226,0.1307115
7/7/3/5/3/7/6/5/1 3 3,X,0.8333333333333333333333333333,2,SLEEP,Z,0.02724783,0.0695609
7/7/3/5/3/7/6/3/4 3 3,X,-0.75,6,SLEEP,Z,0.1292582,0.3878204
7/7/3/5/3/7/6/3/2 3 3,X,-0.625,4,SLEEP,Z,0.04720856,0.1636235
7/7/3/5/3/7/6/3/1 3 3,X,0.8333333333333333333333333333,2,SLEEP,Z,0.02952211,0.08661816
7/7/3/5/3/7/5/2/6 3 3,X,-0.625,4,SLEEP,Z,0.07459173,0.1915674
7/7/3/5/3/7/5/2/5 3 3,X,-0.5,2,SLEEP,Z,0.02157044,0.07712913
7/7/3/5/3/7/5/2/3 3 3,X,-0.375,2,SLEEP,Z,0,0
7/7/3/5/3/7/5/6/4 3 3,X,-0.625,4,SLEEP,Z,0.07275562,0.1655182
7/7/3/5/3/7/5/6/2 3 3,X,-0.5,2,SLEEP,Z,0.02643217,0.08935849
7/7/3/5/3/7/5/6/1 3 3,Z,0.5,2,SLEEP,Z,0.0145835,0.05486341
7/7/3/5/3/7/5/5/4 3 3,X,-0.625,4,SLEEP,Z,0.0578347,0.1630419
7/7/3/5/3/7/5/5/2 3 3,X,-0.5,2,SLEEP,Z,0.01379933,0.04469683
7/7/3/5/3/7/5/5/1 3 3,X,-0.375,2,SLEEP,Z,0.01244709,0.05127563
7/7/3/5/3/7/5/3/4 3 3,X,-0.625,2,SLEEP,Z,0.03504761,0.1274368
7/7/3/5/3/7/5/3/2 3 3,X,-0.5,2,SLEEP,Z,0.01893585,0.05174681
7/7/3/5/3/7/5/3/1 3 3,Z,-0.5,2,SLEEP,Z,0.008209914,0.03319226
7/7/3/5/3/7/3/2/6 3 3,X,-0.8333333333333333333333333333,2,SLEEP,Z,0.02288069,0.08080015
7/7/3/5/3/7/3/2/5 3 3,X,-0.5,2,SLEEP,Z,0.02319054,0.08197391
7/7/3/5/3/7/3/2/3 3 3,X,-0.25,2,SLEEP,Z,0,0
7/7/3/5/3/7/3/6/4 3 3,X,-0.8333333333333333333333333333,4,SLEEP,Z,0.1221203,0.2511317
7/7/3/5/3/7/3/6/2 3 3,X,-0.5,2,SLEEP,Z,0.01013118,0.03939461
7/7/3/5/3/7/3/6/1 3 3,Z,0.5,2,SLEEP,Z,0.01277036,0.04126333
7/7/3/5/3/7/3/5/4 3 3,X,-0.8333333333333333333333333333,2,SLEEP,Z,0.03245199,0.06639545
7/7/3/5/3/7/3/5/2 3 3,X,-0.5,2,SLEEP,Z,0.01075429,0.03541843
7/7/3/5/3/7/3/5/1 3 3,X,-0.25,2,SLEEP,Z,0.01101325,0.04027317
7/7/3/5/3/7/3/3/4 3 3,X,-0.8333333333333333333333333333,4,SLEEP,Z,0.1343752,0.2713267
7/7/3/5/3/7/3/3/2 3 3,X,-0.5,2,SLEEP,Z,0.006209549,0.02806311
7/7/3/5/3/7/3/3/1 3 3,Z,-0.5,2,SLEEP,Z,0.01019038,0.04117986
7/7/3/5/3/7/7/2/4 3 3,X,-0.625,4,SLEEP,Z,0.04589377,0.1619323
7/7/3/5/3/7/7/2/2 3 3,X,-0.5,2,SLEEP,Z,0.01135079,0.03990097
7/7/3/5/3/7/7/2/1 3 3,X,-0.375,2,SLEEP,Z,0.02823363,0.05298814
7/7/3/5/7/2/2/6/7 3 3,X,-0.5,4,SLEEP,Z,0.03664259,0.09437398
7/7/3/5/7/2/2/5/7 3 3,X,-0.5,2,SLEEP,Z,0.03237218,0.1012071
7/7/3/5/7/2/2/3/7 3 3,X,-0.5,4,SLEEP,Z,0.08079384,0.1163836
7/7/3/5/7/2/2/7/6 3 3,X,-0.5833333333333333333333333333,4,SLEEP,Z,0.05465776,0.1465385
7/7/3/5/7/2/2/7/5 3 3,X,-0.5,2,SLEEP,Z,0.01286982,0.04755196
7/7/3/5/7/2/2/7/3 3 3,X,-0.4166666666666666666666666667,2,SLEEP,Z,0,0
7/7/3/5/7/2/6/2/7 3 3,X,-0.5833333333333333333333333333,2,SLEEP,Z,0.02152493,0.07204984
7/7/3/5/7/2/6/6/6 3 3,X,-0.6666666666666666666666666667,6,SLEEP,Z,0.06810278,0.2435207
7/7/3/5/7/2/6/6/5 3 3,X,-0.5833333333333333333333333333,2,SLEEP,Z,0.02384502,0.08162767
7/7/3/5/7/2/6/6/3 3 3,X,0.75,2,SLEEP,Z,0.1339922,0.3005408
7/7/3/5/7/2/6/5/6 3 3,X,-0.6666666666666666666666666667,4,SLEEP,Z,0.0403957,0.1511595
7/7/3/5/7/2/6/5/5 3 3,X,-0.5833333333333333333333333333,2,SLEEP,Z,0.03019762,0.07905594
7/7/3/5/7/2/6/5/3 3 3,X,0.75,2,SLEEP,Z,0.02473004,0.06700107
7/7/3/5/7/2/6/3/6 3 3,X,-0.6666666666666666666666666667,4,SLEEP,Z,0.0674074,0.2378008
7/7/3/5/7/2/6/3/5 3 3,X,-0.5833333333333333333333333333,4,SLEEP,Z,0.08777927,0.2860732
7/7/3/5/7/2/6/3/3 3 3,X,0.75,4,SLEEP,Z,0.09288429,0.1832463
7/7/3/5/7/2/6/7/4 3 3,X,-0.6666666666666666666666666667,4,SLEEP,Z,0.06433026,0.2481539
7/7/3/5/7/2/6/7/2 3 3,X,-0.5833333333333333333333333333,2,SLEEP,Z,0.03162076,0.1099764
7/7/3/5/7/2/6/7/1 3 3,X,0.75,2,SLEEP,Z,0.02157915,0.06703917
7/7/3/5/7/2/5/2/7 3 3,X,-0.5,4,SLEEP,Z,0.02842721,0.1127852
7/7/3/5/7/2/5/6/6 3 3,X,-0.5833333333333333333333333333,2,SLEEP,Z,0.03512408,0.1316504
7/7/3/5/7/2/5/6/5 3 3,X,-0.5,4,SLEEP,Z,0.03214289,0.1042836
7/7/3/5/7/2/5/6/3 3 3,Z,0.5,2,SLEEP,Z,0.02281153,0.05024465
7/7/3/5/7/2/5/5/6 3 3,X,-0.5833333333333333333333333333,2,SLEEP,Z,0.03956976,0.0960127
7/7/3/5/7/2/5/5/5 3 3,X,-0.5,6,SLEEP,Z,0.0831354,0.3427078
7/7/3/5/7/2/5/5/3 3 3,X,-0.4166666666666666666666666667,2,SLEEP,Z,0,0
7/7/3/5/7/2/5/3/6 3 3,X,-0.5833333333333333333333333333,4,SLEEP,Z,0.03088694,0.1117232
7/7/3/5/7/2/5/3/5 3 3,X,-0.5,2,SLEEP,Z,0.02448773,0.09413852
7/7/3/5/7/2/5/3/3 3 3,Z,-0.5,2,SLEEP,Z,0.0108292,0.04075554
7/7/3/5/7/2/5/7/4 3 3,X,-0.5833333333333333333333333333,4,SLEEP,Z,0.04767143,0.1438197
7/7/3/5/7/2/5/7/2 3 3,X,-0.5,2,SLEEP,Z,0.01073596,0.03960388
7/7/3/5/7/2/5/7/1 3 3,X,-0.4166666666666666666666666667,2,SLEEP,Z,0.0209547,0.04900113
7/7/3/5/7/2/3/2/7 3 3,X,-0.5,2,SLEEP,Z,0.01565504,0.06150372
7/7/3/5/7/2/3/6/6 3 3,X,-0.75,4,SLEEP,Z,0.05154345,0.1660515
7/7/3/5/7/2/3/6/5 3 3,X,-0.5,4,SLEEP,Z,0.05867378,0.1550591
7/7/3/5/7/2/3/6/3 3 3,Z,0.5,2,SLEEP,Z,0.004885514,0.01644328
7/7/3/5/7/2/3/5/6 3 3,X,-0.75,4,SLEEP,Z,0.04152437,0.137644
7/7/3/5/7/2/3/5/5 3 3,X,-0.5,2,SLEEP,Z,0.02069502,0.07573698
7/7/3/5/7/2/3/5/3 3 3,X,-0.3333333333333333333333333333,2,SLEEP,Z,0,0
7/7/3/5/7/2/3/3/6 3 3,X,-0.75,4,SLEEP,Z,0.061853,0.2028199
7/7/3/5/7/2/3/3/5 3 3,X,-0.5,2,SLEEP,Z,0.02495405,0.08933727
7/7/3/5/7/2/3/3/3 3 3,Z,-0.5,2,SLEEP,Z,0.02912257,0.07923997
7/7/3/5/7/2/3/7/4 3 3,X,-0.75,4,SLEEP,Z,0.03871206,0.1389217
7/7/3/5/7/2/3/7/2 3 3,X,-0.5,2,SLEEP,Z,0.02147066,0.04835196
7/7/3/5/7/2/3/7/1 3 3,X,-0.3333333333333333333333333333,2,SLEEP,Z,0.02396453,0.1014211
7/7/3/5/7/2/7/2/6 3 3,X,-0.5833333333333333333333333333,4,SLEEP,Z,0.0494579,0.1584629
7/7/3/5/7/2/7/2/5 3 3,X,-0.5,4,SLEEP,Z,0.04102418,0.1507934
7/7/3/5/7/2/7/2/3 3 3,X,-0.4166666666666666666666666667,2,SLEEP,Z,0.01611843,0.064052
7/7/3/5/7/2/7/6/4 3 3,X,-0.5833333333333333333333333333,2,SLEEP,Z,0.02087551,0.07744014
7/7/3/5/7/2/7/6/2 3 3,X,-0.5,4,SLEEP,Z,0.112783,0.2288463
7/7/3/5/7/2/7/6/1 3 3,Z,0.5,2,SLEEP,Z,0.007330432,0.02726876
7/7/3/5/7/2/7/5/4 3 3,X,-0.5833333333333333333333333333,4,SLEEP,Z,0.05901446,0.1990893
7/7/3/5/7/2/7/5/2 3 3,X,-0.5,2,SLEEP,Z,0.02302698,0.09012911
7/7/3/5/7/2/7/5/1 3 3,X,-0.4166666666666666666666666667,2,SLEEP,Z,0.03573317,0.3274639
7/7/3/5/7/2/7/3/4 3 3,X,-0.5833333333333333333333333333,2,SLEEP,Z,0.0341352,0.126191
7/7/3/5/7/2/7/3/2 3 3,X,-0.5,4,SLEEP,Z,0.06084561,0.1943102
7/7/3/5/7/2/7/3/1 3 3,Z,-0.5,2,SLEEP,Z,0.007447789,0.03243337
7/7/3/5/7/6/2/2/7 3 3,X,-0.5,4,SLEEP,Z,0.03068735,0.1012253
7/7/3/5/7/6/2/6/6 3 3,X,-0.5833333333333333333333333333,2,SLEEP,Z,0.03721589,0.1415999
7/7/3/5/7/6/2/6/5 3 3,X,-0.5,2,SLEEP,Z,0.04134258,0.07693988
7/7/3/5/7/6/2/6/3 3 3,X,0.5,4,SLEEP,Z,0.09722881,0.1390292
7/7/3/5/7/6/2/5/6 3 3,X,-0.5833333333333333333333333333,4,SLEEP,Z,0.0555938,0.1798901
7/7/3/5/7/6/2/5/5 3 3,X,-0.5,2,SLEEP,Z,0.03171127,0.1010543
7/7/3/5/7/6/2/5/3 3 3,Z,0.5,2,SLEEP,Z,0.01401084,0.0425511
7/7/3/5/7/6/2/3/6 3 3,Z,0.7,2,SLEEP,Z,0.0670679,0.1730831
7/7/3/5/7/6/2/3/5 3 3,Z,0.7,2,SLEEP,Z,0.03207943,0.07463861
7/7/3/5/7/6/2/3/3 3 3,Z,0.7,4,SLEEP,Z,0.1315216,0.2904447
7/7/3/5/7/6/2/7/4 3 3,X,-0.5833333333333333333333333333,2,SLEEP,Z,0.04082971,0.1193569
7/7/3/5/7/6/2/7/2 3 3,X,-0.5,4,SLEEP,Z,0.0617392,0.1835374
7/7/3/5/7/6/2/7/1 3 3,Z,0.5,2,SLEEP,Z,0.01213719,0.02107651
7/7/3/5/7/6/6/2/6 3 3,X,-0.6666666666666666666666666667,6,SLEEP,Z,0.1063201,0.3435332
7/7/3/5/7/6/6/2/5 3 3,X,-0.5833333333333333333333333333,2,SLEEP,Z,0.03986862,0.1398807
7/7/3/5/7/6/6/2/3 3 3,X,0.8333333333333333333333333333,4,SLEEP,Z,0.1137669,0.1715559
7/7/3/5/7/6/6/6/4 3 3,X,-0.6666666666666666666666666667,4,SLEEP,Z,0.05711268,0.218393
7/7/3/5/7/6/6/6/2 3 3,X,-0.5833333333333333333333333333,6,SLEEP,Z,0.07880335,0.2511437
7/7/3/5/7/6/6/6/1 3 3,X,0.8333333333333333333333333333,2,SLEEP,Z,0.01600642,0.06357057
7/7/3/5/7/6/6/5/4 3 3,X,-0.6666666666666666666666666667,4,SLEEP,Z,0.06678969,0.2523516
7/7/3/5/7/6/6/5/2 3 3,X,-0.5833333333333333333333333333,4,SLEEP,Z,0.05378033,0.1933295
7/7/3/5/7/6/6/5/1 3 3,X,0.8333333333333333333333333333,2,SLEEP,Z,0.02962798,0.1013439
7/7/3/5/7/6/6/3/4 3 3,Z,0.7,2,SLEEP,Z,0.0322042,0.1214043
7/7/3/5/7/6/6/3/2 3 3,Z,0.7,4,SLEEP,Z,0.06296001,0.2408267
7/7/3/5/7/6/6/3/1 3 3,X,0.8333333333333333333333333333,4,SLEEP,Z,0.04217865,0.1033338
7/7/3/5/7/6/5/2/6 3 3,X,-0.5833333333333333333333333333,4,SLEEP,Z,0.02974418,0.1171532
7/7/3/5/7/6/5/2/5 3 3,X,-0.5,2,SLEEP,Z,0.01568681,0.06079213
7/7/3/5/7/6/5/2/3 3 3,Z,0.5,2,SLEEP,Z,0.02887765,0.08827253
7/7/3/5/7/6/5/6/4 3 3,X,-0.5833333333333333333333333333,4,SLEEP,Z,0.04149968,0.1613428
7/7/3/5/7/6/5/6/2 3 3,X,-0.5,4,SLEEP,Z,0.03055407,0.124505
7/7/3/5/7/6/5/6/1 3 3,Z,0.5,4,SLEEP,Z,0.04086139,0.1265161
7/7/3/5/7/6/5/5/4 3 3,X,-0.5833333333333333333333333333,4,SLEEP,Z,0.04381834,0.1694635
7/7/3/5/7/6/5/5/2 3 3,X,-0.5,2,SLEEP,Z,0.009476634,0.04235697
7/7/3/5/7/6/5/5/1 3 3,Z,0.5,2,SLEEP,Z,0.03680008,0.0457659
7/7/3/5/7/6/5/3/4 3 3,Z,0.7,2,SLEEP,Z,0.02406947,0.1014961
7/7/3/5/7/6/5/3/2 3 3,Z,0.7,4,SLEEP,Z,0.1208976,0.2948793
7/7/3/5/7/6/5/3/1 3 3,Z,0.7,2,SLEEP,Z,0.04997908,0.1584388
7/7/3/5/7/6/3/2/6 3 3,X,-0.8333333333333333333333333333,4,SLEEP,Z,0.03702541,0.1424752
7/7/3/5/7/6/3/2/5 3 3,Z,0.5,2,SLEEP,Z,0.01233574,0.04417804
7/7/3/5/7/6/3/2/3 3 3,Z,0.5,2,SLEEP,Z,0,0
7/7/3/5/7/6/3/6/4 3 3,X,-0.8333333333333333333333333333,2,SLEEP,Z,0.04091885,0.076628
7/7/3/5/7/6/3/6/2 3 3,X,-0.5,2,SLEEP,Z,0.01388446,0.05630411
7/7/3/5/7/6/3/6/1 3 3,Z,0.5,2,SLEEP,Z,0.009838695,0.03330396
7/7/3/5/7/6/3/5/4 3 3,X,-0.8333333333333333333333333333,4,SLEEP,Z,0.03687299,0.1438389
7/7/3/5/7/6/3/5/2 3 3,Z,0.5,2,SLEEP,Z,0,0
7/7/3/5/7/6/3/5/1 3 3,Z,0.5,2,SLEEP,Z,0.01512769,0.036051
7/7/3/5/7/6/3/3/4 3 3,X,-0.8333333333333333333333333333,4,SLEEP,Z,0.03163189,0.1265015
7/7/3/5/7/6/3/3/2 3 3,Z,0.7,2,SLEEP,Z,0.01626476,0.07228076
7/7/3/5/7/6/3/3/1 3 3,Z,0.7,2,SLEEP,Z,0,0
7/7/3/5/7/6/7/2/4 3 3,X,-0.5833333333333333333333333333,4,SLEEP,Z,0.04703135,0.1739493
7/7/3/5/7/6/7/2/2 3 3,X,-0.5,2,SLEEP,Z,0.01425647,0.05399787
7/7/3/5/7/6/7/2/1 3 3,Z,0.5,2,SLEEP,Z,0.005323907,0.01868587
7/7/3/5/7/5/2/2/7 3 3,X,-0.5,2,SLEEP,Z,0,0
7/7/3/5/7/5/2/6/6 3 3,X,-0.5833333333333333333333333333,4,SLEEP,Z,0.04280581,0.1382538
7/7/3/5/7/5/2/6/5 3 3,X,-0.5,2,SLEEP,Z,0.04262222,0.1008909
7/7/3/5/7/5/2/6/3 3 3,X,0.5,2,SLEEP,Z,0.02303095,0.06292713
7/7/3/5/7/5/2/5/6 3 3,X,-0.5833333333333333333333333333,4,SLEEP,Z,0.07409472,0.2115726
7/7/3/5/7/5/2/5/5 3 3,X,-0.5,2,SLEEP,Z,0.04074789,0.1381783
7/7/3/5/7/5/2/5/3 3 3,X,0.5,2,SLEEP,Z,0,0
7/7/3/5/7/5/2/3/6 3 3,X,-0.5833333333333333333333333333,4,SLEEP,Z,0.05421639,0.1862311
7/7/3/5/7/5/2/3/5 3 3,X,-0.5,2,SLEEP,Z,0.04750986,0.09322261
7/7/3/5/7/5/2/3/3 3 3,X,0.5,2,SLEEP,Z,0.03752537,0.08722851
7/7/3/5/7/5/2/7/4 3 3,X,-0.5833333333333333333333333333,4,SLEEP,Z,0.0646105,0.2070792
7/7/3/5/7/5/2/7/2 3 3,X,-0.5,4,SLEEP,Z,0.03164842,0.1135873
7/7/3/5/7/5/2/7/1 3 3,X,0.5,2,SLEEP,Z,0.007535073,0.02410199
7/7/3/5/7/5/6/2/6 3 3,X,-0.6666666666666666666666666667,4,SLEEP,Z,0.04788012,0.1623518
7/7/3/5/7/5/6/2/5 3 3,X,-0.5833333333333333333333333333,4,SLEEP,Z,0.06132717,0.2049909
7/7/3/5/7/5/6/2/3 3 3,X,0.8333333333333333333333333333,4,SLEEP,Z,0.1136654,0.1621768
7/7/3/5/7/5/6/6/4 3 3,X,-0.6666666666666666666666666667,4,SLEEP,Z,0.07100455,0.2974967
7/7/3/5/7/5/6/6/2 3 3,X,-0.5833333333333333333333333333,2,SLEEP,Z,0.03557158,0.1320487
7/7/3/5/7/5/6/6/1 3 3,X,0.8333333333333333333333333333,2,SLEEP,Z,0,0
7/7/3/5/7/5/6/5/4 3 3,X,-0.6666666666666666666666666667,2,SLEEP,Z,0.03360984,0.1289388
7/7/3/5/7/5/6/5/2 3 3,X,-0.5833333333333333333333333333,4,SLEEP,Z,0.04698296,0.1478885
7/7/3/5/7/5/6/5/1 3 3,X,0.8333333333333333333333333333,2,SLEEP,Z,0.0193302,0.06402909
7/7/3/5/7/5/6/3/4 3 3,X,-0.6666666666666666666666666667,2,SLEEP,Z,0.03109427,0.1197767
7/7/3/5/7/5/6/3/2 3 3,X,-0.5833333333333333333333333333,4,SLEEP,Z,0.0522118,0.1873508
7/7/3/5/7/5/6/3/1 3 3,X,0.8333333333333333333333333333,2,SLEEP,Z,0.02854328,0.09573674
7/7/3/5/7/5/5/2/6 3 3,X,-0.5833333333333333333333333333,4,SLEEP,Z,0.09108384,0.2555983
7/7/3/5/7/5/5/2/5 3 3,X,-0.5,2,SLEEP,Z,0.06079062,0.1421898
7/7/3/5/7/5/5/2/3 3 3,X,-0.4166666666666666666666666667,4,SLEEP,Z,0.03413329,0.09914709
7/7/3/5/7/5/5/6/4 3 3,X,-0.5833333333333333333333333333,2,SLEEP,Z,0.03197792,0.1277401
7/7/3/5/7/5/5/6/2 3 3,X,-0.5,4,SLEEP,Z,0.04176371,0.1465544
7/7/3/5/7/5/5/6/1 3 3,Z,0.5,2,SLEEP,Z,0,0
7/7/3/5/7/5/5/5/4 3 3,X,-0.5833333333333333333333333333,2,SLEEP,Z,0.01998587,0.08728509
7/7/3/5/7/5/5/5/2 3 3,X,-0.5,2,SLEEP,Z,0.03073977,0.1113174
7/7/3/5/7/5/5/5/1 3 3,X,-0.4166666666666666666666666667,2,SLEEP,Z,0.03846879,0.08384803
7/7/3/5/7/5/5/3/4 3 3,X,-0.5833333333333333333333333333,4,SLEEP,Z,0.08106509,0.2612602
7/7/3/5/7/5/5/3/2 3 3,X,-0.5,4,SLEEP,Z,0.0290458,0.1073783
7/7/3/5/7/5/5/3/1 3 3,Z,-0.5,2,SLEEP,Z,0.002316703,0.009991441
7/7/3/5/7/5/3/2/6 3 3,X,-0.8333333333333333333333333333,4,SLEEP,Z,0.08592442,0.2670858
7/7/3/5/7/5/3/2/5 3 3,X,-0.5,2,SLEEP,Z,0.02312658,0.09126591
7/7/3/5/7/5/3/2/3 3 3,X,-0.3333333333333333333333333333,2,SLEEP,Z,0,0
7/7/3/5/7/5/3/6/4 3 3,X,-0.8333333333333333333333333333,2,SLEEP,Z,0.06952449,0.139489
7/7/3/5/7/5/3/6/2 3 3,X,-0.5,2,SLEEP,Z,0.03764987,0.1033919
7/7/3/5/7/5/3/6/1 3 3,Z,0.5,2,SLEEP,Z,0,0
7/7/3/5/7/5/3/5/4 3 3,X,-0.8333333333333333333333333333,4,SLEEP,Z,0.04573314,0.1462065
7/7/3/5/7/5/3/5/2 3 3,X,-0.5,2,SLEEP,Z,0.01085705,0.03970966
7/7/3/5/7/5/3/5/1 3 3,X,-0.3333333333333333333333333333,2,SLEEP,Z,0.0214925,0.05163705
7/7/3/5/7/5/3/3/4 3 3,X,-0.8333333333333333333333333333,2,SLEEP,Z,0.02631905,0.09586029
7/7/3/5/7/5/3/3/2 3 3,X,-0.5,2,SLEEP,Z,0.007044055,0.02754642
7/7/3/5/7/5/3/3/1 3 3,Z,-0.5,2,SLEEP,Z,0.01050752,0.04270577
7/7/3/5/7/5/7/2/4 3 3,X,-0.5833333333333333333333333333,4,SLEEP,Z,0.03052893,0.1266551
7/7/3/5/7/5/7/2/2 3 3,X,-0.5,4,SLEEP,Z,0.02884319,0.1055095
7/7/3/5/7/5/7/2/1 3 3,X,-0.4166666666666666666666666667,2,SLEEP,Z,0.01251299,0.04975065
7/7/3/5/7/3/2/2/7 3 3,X,-0.5,2,SLEEP,Z,0.02712351,0.08669986
7/7/3/5/7/3/2/6/6 3 3,Z,-0.7,4,SLEEP,Z,0.06801111,0.1661868
7/7/3/5/7/3/2/6/5 3 3,Z,-0.7,4,SLEEP,Z,0.0428145,0.14071
7/7/3/5/7/3/2/6/3 3 3,Z,-0.7,2,SLEEP,Z,0.01185549,0.03428761
7/7/3/5/7/3/2/5/6 3 3,X,-0.5833333333333333333333333333,4,SLEEP,Z,0.07971822,0.2008196
7/7/3/5/7/3/2/5/5 3 3,X,-0.5,2,SLEEP,Z,0.02142127,0.0718261
7/7/3/5/7/3/2/5/3 3 3,Z,-0.5,2,SLEEP,Z,0.01742339,0.02992778
7/7/3/5/7/3/2/3/6 3 3,X,-0.5833333333333333333333333333,4,SLEEP,Z,0.06019212,0.2040466
7/7/3/5/7/3/2/3/5 3 3,X,-0.5,2,SLEEP,Z,0.03860984,0.1100747
7/7/3/5/7/3/2/3/3 3 3,X,0.5,2,SLEEP,Z,0.01713064,0.05613802
7/7/3/5/7/3/2/7/4 3 3,X,-0.5833333333333333333333333333,2,SLEEP,Z,0.02776157,0.09468453
7/7/3/5/7/3/2/7/2 3 3,X,-0.5,2,SLEEP,Z,0.03670353,0.1251781
7/7/3/5/7/3/2/7/1 3 3,Z,-0.5,2,SLEEP,Z,0.0750125,0.2203646
7/7/3/5/7/3/6/2/6 3 3,X,-0.6666666666666666666666666667,2,SLEEP,Z,0.03069151,0.1159552
7/7/3/5/7/3/6/2/5 3 3,X,-0.5833333333333333333333333333,4,SLEEP,Z,0.04192959,0.1309489
7/7/3/5/7/3/6/2/3 3 3,X,0.8333333333333333333333333333,2,SLEEP,Z,0.0188025,0.06731254
7/7/3/5/7/3/6/6/4 3 3,Z,-0.7,4,SLEEP,Z,0.07974014,0.2771171
7/7/3/5/7/3/6/6/2 3 3,Z,-0.7,4,SLEEP,Z,0.05604815,0.1790709
7/7/3/5/7/3/6/6/1 3 3,X,0.8333333333333333333333333333,2,SLEEP,Z,0.01759821,0.05432945
7/7/3/5/7/3/6/5/4 3 3,X,-0.6666666666666666666666666667,2,SLEEP,Z,0.034065,0.1317968
7/7/3/5/7/3/6/5/2 3 3,X,-0.5833333333333333333333333333,4,SLEEP,Z,0.06025937,0.1823726
7/7/3/5/7/3/6/5/1 3 3,X,0.8333333333333333333333333333,4,SLEEP,Z,0.1130256,0.2410518
7/7/3/5/7/3/6/3/4 3 3,X,-0.6666666666666666666666666667,4,SLEEP,Z,0.04207659,0.1588752
7/7/3/5/7/3/6/3/2 3 3,X,-0.5833333333333333333333333333,2,SLEEP,Z,0.02781645,0.09718245
7/7/3/5/7/3/6/3/1 3 3,X,0.8333333333333333333333333333,4,SLEEP,Z,0.01881303,0.07050657
7/7/3/5/7/3/5/2/6 3 3,X,-0.5833333333333333333333333333,4,SLEEP,Z,0.03199551,0.1218271
7/7/3/5/7/3/5/2/5 3 3,X,-0.5,2,SLEEP,Z,0.02574048,0.09524914
7/7/3/5/7/3/5/2/3 3 3,Z,-0.5,2,SLEEP,Z,0.04655213,0.08531018
7/7/3/5/7/3/5/6/4 3 3,Z,-0.7,2,SLEEP,Z,0.02430724,0.09512277
7/7/3/5/7/3/5/6/2 3 3,Z,-0.7,2,SLEEP,Z,0.07359308,0.1673004
7/7/3/5/7/3/5/6/1 3 3,Z,-0.7,2,SLEEP,Z,0,0
7/7/3/5/7/3/5/5/4 3 3,X,-0.5833333333333333333333333333,4,SLEEP,Z,0.04248388,0.1427495
7/7/3/5/7/3/5/5/2 3 3,X,-0.5,2,SLEEP,Z,0.0100418,0.0115775
7/7/3/5/7/3/5/5/1 3 3,Z,-0.5,2,SLEEP,Z,0,0
7/7/3/5/7/3/5/3/4 3 3,X,-0.5833333333333333333333333333,2,SLEEP,Z,0.02495089,0.1046598
7/7/3/5/7/3/5/3/2 3 3,X,-0.5,4,SLEEP,Z,0.03814614,0.1245095
7/7/3/5/7/3/5/3/1 3 3,Z,-0.5,2,SLEEP,Z,0.03289854,0.06178863
7/7/3/5/7/3/3/2/6 3 3,X,-0.8333333333333333333333333333,4,SLEEP,Z,0.03189302,0.1024893
7/7/3/5/7/3/3/2/5 3 3,Z,-0.5,2,SLEEP,Z,0.01568498,0.05121661
7/7/3/5/7/3/3/2/3 3 3,Z,-0.5,2,SLEEP,Z,0.009709358,0.03727823
7/7/3/5/7/3/3/6/4 3 3,X,-0.8333333333333333333333333333,2,SLEEP,Z,0.05917008,0.1850875
7/7/3/5/7/3/3/6/2 3 3,Z,-0.7,2,SLEEP,Z,0.01317147,0.02270999
7/7/3/5/7/3/3/6/1 3 3,Z,-0.7,2,SLEEP,Z,0.02785434,0.08374386
7/7/3/5/7/3/3/5/4 3 3,X,-0.8333333333333333333333333333,4,SLEEP,Z,0.04730744,0.1284647
7/7/3/5/7/3/3/5/2 3 3,Z,-0.5,2,SLEEP,Z,0,0
7/7/3/5/7/3/3/5/1 3 3,Z,-0.5,2,SLEEP,Z,0.01067359,0.04391865
7/7/3/5/7/3/3/3/4 3 3,X,-0.8333333333333333333333333333,4,SLEEP,Z,0.0623975,0.1773687
7/7/3/5/7/3/3/3/2 3 3,X,-0.5,2,SLEEP,Z,0.01641063,0.05681804
7/7/3/5/7/3/3/3/1 3 3,Z,-0.5,2,SLEEP,Z,0.01333594,0.05112645
7/7/3/5/7/3/7/2/4 3 3,X,-0.5833333333333333333333333333,4,SLEEP,Z,0.06393192,0.2279191
7/7/3/5/7/3/7/2/2 3 3,X,-0.5,2,SLEEP,Z,0.03884678,0.1446746
7/7/3/5/7/3/7/2/1 3 3,Z,-0.5,2,SLEEP,Z,0.01010853,0.04271625
7/7/3/5/7/7/2/2/6 3 3,X,-0.6666666666666666666666666666,4,SLEEP,Z,0.07678606,0.1992161
7/7/3/5/7/7/2/2/5 3 3,X,-0.5,4,SLEEP,Z,0.03517482,0.1139009
7/7/3/5/7/7/2/2/3 3 3,X,0.6666666666666666666666666666,2,SLEEP,Z,0,0
7/7/3/5/7/7/2/6/4 3 3,X,-0.6666666666666666666666666666,4,SLEEP,Z,0.1205979,0.3729579
7/7/3/5/7/7/2/6/2 3 3,X,-0.5,4,SLEEP,Z,0.04343482,0.1322345
7/7/3/5/7/7/2/6/1 3 3,X,0.6666666666666666666666666666,2,SLEEP,Z,0.01384587,0.03902493
7/7/3/5/7/7/2/5/4 3 3,X,-0.6666666666666666666666666666,4,SLEEP,Z,0.03682728,0.134176
7/7/3/5/7/7/2/5/2 3 3,X,-0.5,2,SLEEP,Z,0.02156612,0.04833449
7/7/3/5/7/7/2/5/1 3 3,X,0.6666666666666666666666666666,2,SLEEP,Z,0.02029935,0.05018668
7/7/3/5/7/7/2/3/4 3 3,X,-0.6666666666666666666666666666,6,SLEEP,Z,0.1616209,0.3680159
7/7/3/5/7/7/2/3/2 3 3,X,-0.5,2,SLEEP,Z,0.02384655,0.08346035
7/7/3/5/7/7/2/3/1 3 3,X,0.6666666666666666666666666666,2,SLEEP,Z,0.01599168,0.02730236
7/7/3/5/7/7/6/2/4 3 3,X,-0.6666666666666666666666666667,4,SLEEP,Z,0.05494408,0.2127231
7/7/3/5/7/7/6/2/2 3 3,X,-0.5833333333333333333333333333,2,SLEEP,Z,0.02102276,0.07515982
7/7/3/5/7/7/5/2/4 3 3,X,-0.5833333333333333333333333333,2,SLEEP,Z,0.02643686,0.1026645
7/7/3/5/7/7/5/2/2 3 3,X,-0.5,4,SLEEP,Z,0.05049757,0.1959576
7/7/3/5/7/7/5/2/1 3 3,X,-0.4166666666666666666666666667,2,SLEEP,Z,0.03120919,0.04733973
7/7/3/5/7/7/3/2/2 3 3,X,-0.5,2,SLEEP,Z,0.01855586,0.0741687
7/7/3/5/7/7/3/2/1 3 3,X,-0.3333333333333333333333333333,2,SLEEP,Z,0,0
7/7/3/3/2/2/6/7/7 3 3,X,-0.5833333333333333333333333333,12,SLEEP,Z,0.09784494,0.2792626
7/7/3/3/2/2/5/7/7 3 3,X,-0.5,6,SLEEP,Z,0.06838958,0.1874404
7/7/3/3/2/2/3/7/7 3 3,Z,-0.5,6,SLEEP,Z,0.06135953,0.4147524
7/7/3/3/2/2/7/6/7 3 3,Z,-0.6,40,SLEEP,Z,0.07755408,0.1972355
7/7/3/3/2/2/7/5/7 3 3,X,-0.5,2,SLEEP,Z,0.02481368,0.06425737
7/7/3/3/2/2/7/3/7 3 3,X,-0.5,2,SLEEP,Z,0,0
7/7/3/3/2/2/7/7/6 3 3,X,-0.5833333333333333333333333333,30,SLEEP,Z,0.04983474,0.1672383
7/7/3/3/2/2/7/7/5 3 3,X,-0.5,2,SLEEP,Z,0.04218791,0.3854632
7/7/3/3/2/2/7/7/3 3 3,Z,-0.5,4,SLEEP,Z,0.07097719,0.1301172
7/7/3/3/2/6/2/7/7 3 3,Z,-0.6,6,SLEEP,Z,0.04919153,0.1424205
7/7/3/3/2/6/6/6/7 3 3,Z,-0.7000000000000000000000000001,6,SLEEP,Z,0.08669166,0.2772379
7/7/3/3/2/6/6/5/7 3 3,Z,-0.6,4,SLEEP,Z,0.05570061,0.2029406
7/7/3/3/2/6/6/3/7 3 3,Z,0.6428571428571428571428571429,4,SLEEP,Z,0.04413999,0.09892151
7/7/3/3/2/6/6/7/6 3 3,X,-0.6666666666666666666666666667,6,SLEEP,Z,0.1049426,0.3736157
7/7/3/3/2/6/6/7/3 3 3,X,0.7,4,SLEEP,Z,0.03190997,0.09423146
7/7/3/3/2/6/5/6/7 3 3,Z,-0.7000000000000000000000000001,6,SLEEP,Z,0.06519331,0.23913
7/7/3/3/2/6/5/5/7 3 3,Z,-0.6,4,SLEEP,Z,0.04226324,0.1272005
7/7/3/3/2/6/5/3/7 3 3,Z,0.6428571428571428571428571429,2,SLEEP,Z,0.01918888,0.06252706
7/7/3/3/2/6/5/7/6 3 3,Z,-0.6,6,SLEEP,Z,0.09813657,0.400159
7/7/3/3/2/6/5/7/5 3 3,Z,-0.6,4,SLEEP,Z,0.05434337,0.1632236
7/7/3/3/2/6/5/7/3 3 3,Z,-0.6,4,SLEEP,Z,0.03667979,0.1129327
7/7/3/3/2/6/3/6/7 3 3,Z,-0.7000000000000000000000000001,6,SLEEP,Z,0.09254403,0.2263586
7/7/3/3/2/6/3/5/7 3 3,Z,-0.6,6,SLEEP,Z,0.0846266,0.2679906
7/7/3/3/2/6/3/3/7 3 3,Z,0.6428571428571428571428571429,4,SLEEP,Z,0.04803605,0.135292
7/7/3/3/2/6/3/7/6 3 3,X,-0.7,4,SLEEP,Z,0.03804616,0.1353432
7/7/3/3/2/6/3/7/5 3 3,Z,-0.6,6,SLEEP,Z,0.06739531,0.1788249
7/7/3/3/2/6/3/7/3 3 3,Z,-0.6,6,SLEEP,Z,0.05260111,0.1508382
7/7/3/3/2/6/7/2/7 3 3,Z,-0.6,4,SLEEP,Z,0.02773334,0.08383684
7/7/3/3/2/6/7/6/6 3 3,Z,-0.7000000000000000000000000001,4,SLEEP,Z,0.04814845,0.1498699
7/7/3/3/2/6/7/6/5 3 3,Z,-0.7000000000000000000000000001,6,SLEEP,Z,0.04731206,0.1572224
7/7/3/3/2/6/7/6/3 3 3,Z,-0.7000000000000000000000000001,6,SLEEP,Z,0.03959178,0.1149944
7/7/3/3/2/6/7/5/6 3 3,Z,-0.6,6,SLEEP,Z,0.04425267,0.1508437
7/7/3/3/2/6/7/5/5 3 3,Z,-0.6,4,SLEEP,Z,0.09371301,0.2387992
7/7/3/3/2/6/7/5/3 3 3,Z,-0.6,10,SLEEP,Z,0.08338971,0.3688125
7/7/3/3/2/6/7/3/6 3 3,Z,0.6428571428571428571428571429,2,SLEEP,Z,0.03341588,0.1079586
7/7/3/3/2/6/7/3/5 3 3,Z,0.6428571428571428571428571429,4,SLEEP,Z,0.0345403,0.1306089
7/7/3/3/2/6/7/3/3 3 3,Z,0.6428571428571428571428571429,2,SLEEP,Z,0.08164991,0.1418606
7/7/3/3/2/6/6/7/5 3 3,Z,-0.6,6,SLEEP,Z,0.04546797,0.1469224
7/7/3/3/2/6/7/7/4 3 3,Z,-0.6,4,SLEEP,Z,0.03606834,0.1266208
7/7/3/3/2/6/7/7/1 3 3,Z,-0.6,2,SLEEP,Z,0,0
7/7/3/3/2/6/7/7/2 3 3,Z,-0.6,4,SLEEP,Z,0.05562528,0.1605734
7/7/3/3/2/5/2/7/7 3 3,X,-0.5,2,SLEEP,Z,0.02014002,0.06772029
7/7/3/3/2/5/6/6/7 3 3,Z,-0.6,6,SLEEP,Z,0.08067353,0.2963727
7/7/3/3/2/5/6/5/7 3 3,X,-0.5833333333333333333333333333,4,SLEEP,Z,0.05106824,0.1664929
7/7/3/3/2/5/6/3/7 3 3,X,-0.5833333333333333333333333333,4,SLEEP,Z,0.0631693,0.1936719
7/7/3/3/2/5/6/7/6 3 3,X,-0.6666666666666666666666666667,6,SLEEP,Z,0.09943102,0.2973205
7/7/3/3/2/5/6/7/5 3 3,X,-0.5833333333333333333333333333,4,SLEEP,Z,0.05107215,0.161044
7/7/3/3/2/5/6/7/3 3 3,X,0.7,8,SLEEP,Z,0.07839636,0.1937219
7/7/3/3/2/5/5/6/7 3 3,Z,-0.6,8,SLEEP,Z,0.08719591,0.2689564
7/7/3/3/2/5/5/5/7 3 3,X,-0.5,4,SLEEP,Z,0.03426826,0.1112092
7/7/3/3/2/5/5/3/7 3 3,X,-0.5,2,SLEEP,Z,0.03174652,0.07304584
7/7/3/3/2/5/5/7/6 3 3,X,-0.5833333333333333333333333333,6,SLEEP,Z,0.115904,0.3187284
7/7/3/3/2/5/5/7/5 3 3,X,-0.5,2,SLEEP,Z,0.01669054,0.07591035
7/7/3/3/2/5/5/7/3 3 3,Z,-0.5,6,SLEEP,Z,0.04383764,0.1350978
7/7/3/3/2/5/3/6/7 3 3,Z,-0.6,4,SLEEP,Z,0.02996279,0.1044685
7/7/3/3/2/5/3/5/7 3 3,Z,-0.5,4,SLEEP,Z,0.03232265,0.1148375
7/7/3/3/2/5/3/3/7 3 3,X,-0.5,2,SLEEP,Z,0.0126423,0.04576877
7/7/3/3/2/5/3/7/6 3 3,X,-0.7,4,SLEEP,Z,0.03706342,0.09826048
7/7/3/3/2/5/3/7/5 3 3,Z,-0.5,4,SLEEP,Z,0.02753573,0.08299004
7/7/3/3/2/5/3/7/3 3 3,Z,-0.5,4,SLEEP,Z,0.02120177,0.07296234
7/7/3/3/2/5/7/2/7 3 3,X,-0.5,4,SLEEP,Z,0.02892414,0.09428184
7/7/3/3/2/5/7/6/6 3 3,Z,-0.6,6,SLEEP,Z,0.05750208,0.1799235
7/7/3/3/2/5/7/6/5 3 3,Z,-0.6,6,SLEEP,Z,0.07217219,0.1807107
7/7/3/3/2/5/7/6/3 3 3,Z,-0.6,4,SLEEP,Z,0.0386097,0.1362165
7/7/3/3/2/5/7/5/6 3 3,X,-0.5833333333333333333333333333,4,SLEEP,Z,0.03595288,0.1214953
7/7/3/3/2/5/7/5/5 3 3,X,-0.5,6,SLEEP,Z,0.06709567,0.1989387
7/7/3/3/2/5/7/5/3 3 3,Z,-0.5,2,SLEEP,Z,0.01351413,0.03729069
7/7/3/3/2/5/7/3/6 3 3,X,-0.5833333333333333333333333333,2,SLEEP,Z,0.03655801,0.1130484
7/7/3/3/2/5/7/3/5 3 3,X,-0.5,6,SLEEP,Z,0.08114975,0.2435761
7/7/3/3/2/5/7/3/3 3 3,Z,-0.5,2,SLEEP,Z,0.01319145,0.02882006
7/7/3/3/2/5/7/7/4 3 3,X,-0.5833333333333333333333333333,4,SLEEP,Z,0.06295565,0.212497
7/7/3/3/2/5/7/7/1 3 3,Z,-0.5,2,SLEEP,Z,0.06593347,0.2872701
7/7/3/3/2/5/7/7/2 3 3,X,-0.5,4,SLEEP,Z,0.02583664,0.09113159
7/7/3/3/2/3/2/7/7 3 3,X,-0.5,4,SLEEP,Z,0.07720844,0.1435826
7/7/3/3/2/3/6/6/7 3 3,Z,-0.6428571428571428571428571429,6,SLEEP,Z,0.05103312,0.1535506
7/7/3/3/2/3/6/5/7 3 3,X,-0.5833333333333333333333333333,4,SLEEP,Z,0.03402518,0.109939
7/7/3/3/2/3/6/3/7 3 3,X,-0.5833333333333333333333333333,4,SLEEP,Z,0.04207869,0.1391249
7/7/3/3/2/3/6/7/6 3 3,X,-0.6666666666666666666666666667,6,SLEEP,Z,0.09772805,0.306255
7/7/3/3/2/3/6/7/5 3 3,X,-0.5833333333333333333333333333,4,SLEEP,Z,0.02662085,0.08637956
7/7/3/3/2/3/6/7/3 3 3,X,0.7,2,SLEEP,Z,0.0392346,0.114793
7/7/3/3/2/3/5/6/7 3 3,Z,-0.6428571428571428571428571429,6,SLEEP,Z,0.1185357,0.3121254
7/7/3/3/2/3/5/5/7 3 3,X,-0.5,2,SLEEP,Z,0.04270849,0.08246777
7/7/3/3/2/3/5/3/7 3 3,X,-0.5,2,SLEEP,Z,0.0339613,0.08157603
7/7/3/3/2/3/5/7/6 3 3,X,-0.5833333333333333333333333333,4,SLEEP,Z,0.04901696,0.1503226
7/7/3/3/2/3/5/7/5 3 3,X,-0.5,4,SLEEP,Z,0.03572972,0.1141125
7/7/3/3/2/3/5/7/3 3 3,Z,-0.5,2,SLEEP,Z,0.0130039,0.04220001
7/7/3/3/2/3/3/6/7 3 3,Z,-0.6428571428571428571428571429,2,SLEEP,Z,0.07768786,0.2188474
7/7/3/3/2/3/3/5/7 3 3,Z,-0.5,6,SLEEP,Z,0.1281035,0.3935612
7/7/3/3/2/3/3/3/7 3 3,X,-0.5,4,SLEEP,Z,0.03041497,0.09873099
7/7/3/3/2/3/3/7/6 3 3,X,-0.7,4,SLEEP,Z,0.03864934,0.1017994
7/7/3/3/2/3/3/7/5 3 3,Z,-0.5,4,SLEEP,Z,0.0305735,0.08615272
7/7/3/3/2/3/3/7/3 3 3,Z,-0.5,6,SLEEP,Z,0.08745044,0.2165577
7/7/3/3/2/3/7/2/7 3 3,X,-0.5,4,SLEEP,Z,0.1212909,0.1852933
7/7/3/3/2/3/7/6/6 3 3,Z,-0.6428571428571428571428571429,6,SLEEP,Z,0.0609147,0.2021156
7/7/3/3/2/3/7/6/5 3 3,Z,-0.6428571428571428571428571429,6,SLEEP,Z,0.07196379,0.1904239
7/7/3/3/2/3/7/6/3 3 3,Z,-0.6428571428571428571428571429,2,SLEEP,Z,0.03009656,0.06841505
7/7/3/3/2/3/7/5/6 3 3,X,-0.5833333333333333333333333333,4,SLEEP,Z,0.03657749,0.1198118
7/7/3/3/2/3/7/5/5 3 3,X,-0.5,4,SLEEP,Z,0.03033585,0.1004531
7/7/3/3/2/3/7/5/3 3 3,Z,-0.5,2,SLEEP,Z,0,0
7/7/3/3/2/3/7/3/6 3 3,X,-0.5833333333333333333333333333,4,SLEEP,Z,0.03176359,0.104551
7/7/3/3/2/3/7/3/5 3 3,X,-0.5,4,SLEEP,Z,0.02593532,0.09519945
7/7/3/3/2/3/7/3/3 3 3,Z,-0.5,2,SLEEP,Z,0,0
7/7/3/3/2/3/7/7/4 3 3,X,-0.5833333333333333333333333333,6,SLEEP,Z,0.0943047,0.2825656
7/7/3/3/2/3/7/7/2 3 3,X,-0.5,2,SLEEP,Z,0.02171468,0.07194625
7/7/3/3/2/3/7/7/1 3 3,Z,-0.5,4,SLEEP,Z,0.1063497,0.164238
7/7/3/3/2/7/2/6/7 3 3,Z,-0.6,4,SLEEP,Z,0.06781904,0.1984367
7/7/3/3/2/7/2/5/7 3 3,X,-0.5,4,SLEEP,Z,0.05539712,0.1395325
7/7/3/3/2/7/2/3/7 3 3,X,-0.5,2,SLEEP,Z,0.02284965,0.04315159
7/7/3/3/2/7/2/7/6 3 3,X,-0.5833333333333333333333333333,4,SLEEP,Z,0.04805725,0.1481595
7/7/3/3/2/7/2/7/5 3 3,X,-0.5,4,SLEEP,Z,0.04359319,0.1540782
7/7/3/3/2/7/2/7/3 3 3,Z,-0.5,4,SLEEP,Z,0.05031209,0.1588846
7/7/3/3/2/7/6/2/7 3 3,X,-0.5833333333333333333333333333,6,SLEEP,Z,0.06017261,0.1769628
7/7/3/3/2/7/6/6/6 3 3,X,-0.6666666666666666666666666667,8,SLEEP,Z,0.1971401,0.5729889
7/7/3/3/2/7/6/6/5 3 3,Z,-0.6,6,SLEEP,Z,0.06646511,0.2127807
7/7/3/3/2/7/6/6/3 3 3,X,0.75,4,SLEEP,Z,0.03254103,0.1041615
7/7/3/3/2/7/6/5/6 3 3,X,-0.6666666666666666666666666667,6,SLEEP,Z,0.1084074,0.3301058
7/7/3/3/2/7/6/5/5 3 3,X,-0.5833333333333333333333333333,6,SLEEP,Z,0.0484635,0.164424
7/7/3/3/2/7/6/5/3 3 3,X,0.75,4,SLEEP,Z,0.04172637,0.1161988
7/7/3/3/2/7/6/3/6 3 3,X,-0.6666666666666666666666666667,6,SLEEP,Z,0.08993486,0.2295135
7/7/3/3/2/7/6/3/5 3 3,X,-0.5833333333333333333333333333,4,SLEEP,Z,0.03818628,0.1330606
7/7/3/3/2/7/6/3/3 3 3,X,0.75,2,SLEEP,Z,0.01322719,0.0420443
7/7/3/3/2/7/6/7/4 3 3,X,-0.6666666666666666666666666667,6,SLEEP,Z,0.1168192,0.3683926
7/7/3/3/2/7/6/7/2 3 3,X,-0.5833333333333333333333333333,4,SLEEP,Z,0.07254902,0.1979291
7/7/3/3/2/7/6/7/1 3 3,X,0.75,4,SLEEP,Z,0.04681639,0.1544336
7/7/3/3/2/7/5/2/7 3 3,X,-0.5,2,SLEEP,Z,0.06492385,0.1382175
7/7/3/3/2/7/5/6/6 3 3,Z,-0.6,6,SLEEP,Z,0.08225506,0.2788023
7/7/3/3/2/7/5/6/5 3 3,Z,-0.6,4,SLEEP,Z,0.02306418,0.08379592
7/7/3/3/2/7/5/6/3 3 3,Z,-0.6,6,SLEEP,Z,0.04710284,0.1472712
7/7/3/3/2/7/5/5/6 3 3,X,-0.5833333333333333333333333333,6,SLEEP,Z,0.08000603,0.2598709
7/7/3/3/2/7/5/5/5 3 3,X,-0.5,4,SLEEP,Z,0.05024963,0.1570565
7/7/3/3/2/7/5/5/3 3 3,Z,-0.5,4,SLEEP,Z,0.04838147,0.1601951
7/7/3/3/2/7/5/3/6 3 3,X,-0.5833333333333333333333333333,4,SLEEP,Z,0.0474331,0.1616927
7/7/3/3/2/7/5/3/5 3 3,X,-0.5,6,SLEEP,Z,0.06104441,0.3598377
7/7/3/3/2/7/5/3/3 3 3,Z,-0.5,2,SLEEP,Z,0,0
7/7/3/3/2/7/5/7/4 3 3,X,-0.5833333333333333333333333333,4,SLEEP,Z,0.04822537,0.1649149
7/7/3/3/2/7/5/7/2 3 3,X,-0.5,4,SLEEP,Z,0.02860831,0.1008501
7/7/3/3/2/7/5/7/1 3 3,Z,-0.5,4,SLEEP,Z,0.02486794,0.08936612
7/7/3/3/2/7/3/2/7 3 3,Z,-0.5,6,SLEEP,Z,0.02183233,0.06736764
7/7/3/3/2/7/3/6/6 3 3,X,-0.75,4,SLEEP,Z,0.04357042,0.1467082
7/7/3/3/2/7/3/6/5 3 3,Z,-0.6,4,SLEEP,Z,0.06113233,0.1984653
7/7/3/3/2/7/3/6/3 3 3,Z,-0.6,4,SLEEP,Z,0.03570278,0.1133118
7/7/3/3/2/7/3/5/6 3 3,X,-0.75,2,SLEEP,Z,0.0213513,0.06839946
7/7/3/3/2/7/3/5/5 3 3,Z,-0.5,2,SLEEP,Z,0.022402,0.0842892
7/7/3/3/2/7/3/3/6 3 3,X,-0.75,4,SLEEP,Z,0.05050749,0.1489977
7/7/3/3/2/7/3/3/5 3 3,X,-0.5,2,SLEEP,Z,0,0
7/7/3/3/2/7/3/3/3 3 3,Z,-0.5,2,SLEEP,Z,0.01813008,0.05995619
7/7/3/3/2/7/3/7/4 3 3,X,-0.75,4,SLEEP,Z,0.05886862,0.1495207
7/7/3/3/2/7/3/7/2 3 3,Z,-0.5,2,SLEEP,Z,0.01581663,0.06115396
7/7/3/3/2/7/3/7/1 3 3,Z,-0.5,66,SLEEP,Z,0.04463414,0.1356611
7/7/3/3/2/7/3/5/3 3 3,Z,-0.5,2,SLEEP,Z,0.02925512,0.09443267
7/7/3/3/2/7/7/2/6 3 3,X,-0.5833333333333333333333333333,4,SLEEP,Z,0.0460414,0.1471603
7/7/3/3/2/7/7/2/5 3 3,X,-0.5,4,SLEEP,Z,0.04756241,0.1253171
7/7/3/3/2/7/7/2/3 3 3,Z,-0.5,2,SLEEP,Z,0.01851865,0.05510383
7/7/3/3/2/7/7/6/2 3 3,Z,-0.6,4,SLEEP,Z,0.04387032,0.1519983
7/7/3/3/2/7/7/6/4 3 3,Z,-0.6,6,SLEEP,Z,0.04232338,0.1506219
7/7/3/3/2/7/7/6/1 3 3,Z,-0.6,4,SLEEP,Z,0.05868331,0.1978139
7/7/3/3/2/7/7/5/4 3 3,X,-0.5833333333333333333333333333,4,SLEEP,Z,0.06524623,0.2136314
7/7/3/3/2/7/7/5/2 3 3,X,-0.5,4,SLEEP,Z,0.04345368,0.1433429
7/7/3/3/2/7/7/5/1 3 3,Z,-0.5,2,SLEEP,Z,0.01906314,0.05065932
7/7/3/3/2/7/7/3/4 3 3,X,-0.5833333333333333333333333333,4,SLEEP,Z,0.07910622,0.2547998
7/7/3/3/2/7/7/3/2 3 3,X,-0.5,2,SLEEP,Z,0.08666945,0.3511574
7/7/3/3/2/7/7/3/1 3 3,Z,-0.5,2,SLEEP,Z,0,0
7/7/3/3/6/2/2/7/7 3 3,X,-0.5833333333333333333333333333,4,SLEEP,Z,0.04272255,0.1301681
7/7/3/3/6/2/6/6/7 3 3,X,-0.6666666666666666666666666667,6,SLEEP,Z,0.1102939,0.2833637
7/7/3/3/6/2/6/5/7 3 3,X,-0.6666666666666666666666666667,4,SLEEP,Z,0.04444015,0.1332687
7/7/3/3/6/2/6/3/7 3 3,X,-0.6666666666666666666666666667,4,SLEEP,Z,0.03823482,0.125854
7/7/3/3/6/2/6/7/6 3 3,X,-0.75,8,SLEEP,Z,0.09263196,0.3074583
7/7/3/3/6/2/6/7/5 3 3,X,-0.6666666666666666666666666667,2,SLEEP,Z,0.01575126,0.04311575
7/7/3/3/6/2/6/7/3 3 3,X,0.7,2,SLEEP,Z,0.04726199,0.0833281
7/7/3/3/6/2/5/6/7 3 3,Z,-0.60,4,SLEEP,Z,0.04733902,0.1211893
7/7/3/3/6/2/5/5/7 3 3,X,-0.5833333333333333333333333333,6,SLEEP,Z,0.03654839,0.1156193
7/7/3/3/6/2/5/3/7 3 3,X,-0.5833333333333333333333333333,2,SLEEP,Z,0.02610798,0.06656861
7/7/3/3/6/2/5/7/6 3 3,X,-0.6666666666666666666666666667,6,SLEEP,Z,0.07271383,0.201909
7/7/3/3/6/2/5/7/5 3 3,X,-0.5833333333333333333333333333,4,SLEEP,Z,0.02619951,0.06437833
7/7/3/3/6/2/5/7/3 3 3,X,0.625,4,SLEEP,Z,0.03471888,0.07865303
7/7/3/3/6/2/3/6/7 3 3,X,0.625,6,SLEEP,Z,0.1078586,0.2205993
7/7/3/3/6/2/3/5/7 3 3,X,0.625,4,SLEEP,Z,0.03941574,0.1287293
7/7/3/3/6/2/3/3/7 3 3,X,0.625,2,SLEEP,Z,0,0
7/7/3/3/6/2/3/7/6 3 3,X,-0.7,6,SLEEP,Z,0.04467984,0.1454598
7/7/3/3/6/2/3/7/5 3 3,X,0.625,2,SLEEP,Z,0.01641209,0.04072678
7/7/3/3/6/2/3/7/3 3 3,X,0.75,2,SLEEP,Z,0.03200172,0.1045834
7/7/3/3/6/2/7/2/7 3 3,X,-0.5833333333333333333333333333,2,SLEEP,Z,0.02751209,0.05748793
7/7/3/3/6/2/7/6/6 3 3,X,-0.6666666666666666666666666667,6,SLEEP,Z,0.1487931,0.3092326
7/7/3/3/6/2/7/6/5 3 3,Z,-0.60,4,SLEEP,Z,0.03894737,0.1110326
7/7/3/3/6/2/7/6/3 3 3,X,0.625,4,SLEEP,Z,0.04733123,0.1413091
7/7/3/3/6/2/7/5/6 3 3,X,-0.6666666666666666666666666667,6,SLEEP,Z,0.06847929,0.228306
7/7/3/3/6/2/7/5/5 3 3,X,-0.5833333333333333333333333333,2,SLEEP,Z,0.02060303,0.06483045
7/7/3/3/6/2/7/5/3 3 3,X,0.625,2,SLEEP,Z,0.07386837,0.3695117
7/7/3/3/6/2/7/3/6 3 3,X,-0.6666666666666666666666666667,4,SLEEP,Z,0.0292389,0.1039844
7/7/3/3/6/2/7/3/5 3 3,X,-0.5833333333333333333333333333,4,SLEEP,Z,0.02085336,0.06924582
7/7/3/3/6/2/7/3/3 3 3,X,0.625,2,SLEEP,Z,0,0
7/7/3/3/6/2/7/7/4 3 3,X,-0.6666666666666666666666666667,4,SLEEP,Z,0.1004298,0.263667
7/7/3/3/6/2/7/7/2 3 3,X,-0.5833333333333333333333333333,4,SLEEP,Z,0.05029781,0.138123
7/7/3/3/6/2/7/7/1 3 3,X,0.625,34,SLEEP,Z,0.07927441,0.2084161
7/7/3/3/6/6/2/6/7 3 3,Z,-0.7,4,SLEEP,Z,0.03088643,0.09203783
7/7/3/3/6/6/2/5/7 3 3,Z,-0.60,2,SLEEP,Z,0.07452203,0.179869
7/7/3/3/6/6/2/3/7 3 3,Z,0.6666666666666666666666666667,2,SLEEP,Z,0.02361702,0.05138034
7/7/3/3/6/6/2/7/6 3 3,X,-0.6666666666666666666666666667,4,SLEEP,Z,0.05520219,0.1722917
7/7/3/3/6/6/2/7/5 3 3,Z,-0.60,6,SLEEP,Z,0.04115121,0.1117257
7/7/3/3/6/6/2/7/3 3 3,X,0.625,2,SLEEP,Z,0.03269487,0.08463011
7/7/3/3/6/6/6/2/7 3 3,X,-0.6666666666666666666666666667,4,SLEEP,Z,0.03832202,0.1299408
7/7/3/3/6/6/6/6/6 3 3,X,-0.75,6,SLEEP,Z,0.1356624,0.4556376
7/7/3/3/6/6/6/6/5 3 3,Z,-0.7,6,SLEEP,Z,0.08383732,0.2829121
7/7/3/3/6/6/6/6/3 3 3,X,0.75,2,SLEEP,Z,0.04008055,0.1181214
7/7/3/3/6/6/6/5/6 3 3,X,-0.75,8,SLEEP,Z,0.08045592,0.2685158
7/7/3/3/6/6/6/5/3 3 3,X,0.75,2,SLEEP,Z,0.01281967,0.03407997
7/7/3/3/6/6/6/3/6 3 3,X,-0.75,2,SLEEP,Z,0.04339708,0.1490987
7/7/3/3/6/6/6/3/5 3 3,X,-0.6666666666666666666666666667,4,SLEEP,Z,0.1322967,0.2519279
7/7/3/3/6/6/6/3/3 3 3,X,0.75,4,SLEEP,Z,0.03725806,0.08788162
7/7/3/3/6/6/6/7/4 3 3,X,-0.75,6,SLEEP,Z,0.06413896,0.2302822
7/7/3/3/6/6/6/7/2 3 3,X,-0.6666666666666666666666666667,4,SLEEP,Z,0.04223156,0.1682697
7/7/3/3/6/6/6/5/5 3 3,X,-0.6666666666666666666666666667,6,SLEEP,Z,0.05552675,0.193678
7/7/3/3/6/6/6/7/1 3 3,X,0.75,2,SLEEP,Z,0.02011038,0.0659257
7/7/3/3/6/6/5/2/7 3 3,Z,-0.60,6,SLEEP,Z,0.05737734,0.1974473
7/7/3/3/6/6/5/6/6 3 3,Z,-0.7,6,SLEEP,Z,0.1161603,0.3819342
7/7/3/3/6/6/5/6/5 3 3,Z,-0.7,20,SLEEP,Z,0.09836993,0.3044711
7/7/3/3/6/6/5/6/3 3 3,Z,-0.7,10,SLEEP,Z,0.1242364,0.2707115
7/7/3/3/6/6/5/5/6 3 3,X,-0.6666666666666666666666666667,4,SLEEP,Z,0.05090369,0.1833078
7/7/3/3/6/6/5/5/5 3 3,Z,-0.60,2,SLEEP,Z,0.02572124,0.06943278
7/7/3/3/6/6/5/5/3 3 3,X,0.625,2,SLEEP,Z,0.0441858,0.1311744
7/7/3/3/6/6/5/3/6 3 3,X,-0.6666666666666666666666666667,2,SLEEP,Z,0.03407991,0.1178544
7/7/3/3/6/6/5/3/5 3 3,Z,0.6666666666666666666666666667,6,SLEEP,Z,0.09583654,0.357459
7/7/3/3/6/6/5/3/3 3 3,Z,0.6666666666666666666666666667,2,SLEEP,Z,0.01352591,0.04163256
7/7/3/3/6/6/5/7/4 3 3,X,-0.6666666666666666666666666667,4,SLEEP,Z,0.03654775,0.1343101
7/7/3/3/6/6/5/7/2 3 3,Z,-0.60,6,SLEEP,Z,0.04717279,0.1665366
7/7/3/3/6/6/5/7/1 3 3,X,0.625,2,SLEEP,Z,0.04019747,0.104348
7/7/3/3/6/6/3/2/7 3 3,X,0.625,6,SLEEP,Z,0.0704857,0.1862001
7/7/3/3/6/6/3/6/6 3 3,X,-0.75,6,SLEEP,Z,0.04467915,0.1609652
7/7/3/3/6/6/3/6/5 3 3,Z,-0.7,6,SLEEP,Z,0.07659762,0.2653199
7/7/3/3/6/6/3/6/3 3 3,X,0.75,10,SLEEP,Z,0.08015213,0.2209442
7/7/3/3/6/6/7/2/6 3 3,X,-0.6666666666666666666666666667,8,SLEEP,Z,0.120255,0.358817
7/7/3/3/6/6/7/2/5 3 3,Z,-0.60,6,SLEEP,Z,0.05040178,0.1559034
7/7/3/3/6/6/7/2/3 3 3,X,0.625,12,SLEEP,Z,0.03237066,0.08617259
7/7/3/3/6/6/7/6/4 3 3,Z,-0.7,26,SLEEP,Z,0.0842981,0.2967876
7/7/3/3/6/6/7/6/1 3 3,Z,-0.7,4,SLEEP,Z,0.04056389,0.1402191
7/7/3/3/6/6/7/6/2 3 3,Z,-0.7,4,SLEEP,Z,0.1245683,0.3448431
7/7/3/3/6/6/3/5/6 3 3,X,-0.75,4,SLEEP,Z,0.06348241,0.1984347
7/7/3/3/6/6/3/5/5 3 3,X,0.625,2,SLEEP,Z,0.07190827,0.2139738
7/7/3/3/6/6/3/5/3 3 3,X,0.75,6,SLEEP,Z,0.1212702,0.3870311
7/7/3/3/6/6/7/5/4 3 3,X,-0.6666666666666666666666666667,6,SLEEP,Z,0.06435759,0.2248691
7/7/3/3/6/6/7/5/2 3 3,Z,-0.60,4,SLEEP,Z,0.03376558,0.1210549
7/7/3/3/6/6/7/5/1 3 3,X,0.625,4,SLEEP,Z,0.09682164,0.2334037
7/7/3/3/6/6/3/3/6 3 3,X,-0.75,4,SLEEP,Z,0.0307099,0.1008104
7/7/3/3/6/6/3/3/5 3 3,Z,0.6666666666666666666666666667,2,SLEEP,Z,0,0
7/7/3/3/6/6/3/3/3 3 3,X,0.75,2,SLEEP,Z,0,0
7/7/3/3/6/6/7/3/4 3 3,X,-0.6666666666666666666666666667,4,SLEEP,Z,0.0507036,0.1910376
7/7/3/3/6/6/7/3/2 3 3,Z,0.6666666666666666666666666666,2,SLEEP,Z,0.03471873,0.1183631
7/7/3/3/6/6/7/3/1 3 3,Z,0.6666666666666666666666666666,2,SLEEP,Z,0,0
7/7/3/3/6/6/3/7/4 3 3,X,-0.75,2,SLEEP,Z,0.01974303,0.06433132
7/7/3/3/6/6/3/7/2 3 3,X,0.625,4,SLEEP,Z,0.1192247,0.3076109
7/7/3/3/6/6/3/7/1 3 3,X,0.75,8,SLEEP,Z,0.06331187,0.1896165
7/7/3/3/6/5/2/6/7 3 3,Z,-0.60,4,SLEEP,Z,0.1088001,0.3721118
7/7/3/3/6/5/2/5/7 3 3,X,-0.5833333333333333333333333333,4,SLEEP,Z,0.06214427,0.1990079
7/7/3/3/6/5/2/3/7 3 3,X,-0.5833333333333333333333333333,4,SLEEP,Z,0.07910743,0.1897625
7/7/3/3/6/5/2/7/6 3 3,X,-0.6666666666666666666666666667,6,SLEEP,Z,0.05652385,0.2178538
7/7/3/3/6/5/2/7/5 3 3,X,-0.5833333333333333333333333333,4,SLEEP,Z,0.03882881,0.1128794
7/7/3/3/6/5/2/7/3 3 3,X,0.625,4,SLEEP,Z,0.04453084,0.1241919
7/7/3/3/6/5/6/2/7 3 3,X,-0.6666666666666666666666666667,6,SLEEP,Z,0.03445311,0.1156114
7/7/3/3/6/5/6/6/6 3 3,X,-0.75,6,SLEEP,Z,0.06949116,0.2352391
7/7/3/3/6/5/6/6/5 3 3,X,-0.6666666666666666666666666667,6,SLEEP,Z,0.05252629,0.1645608
7/7/3/3/6/5/6/6/3 3 3,X,0.75,6,SLEEP,Z,0.0585875,0.1362409
7/7/3/3/6/5/6/5/5 3 3,X,-0.6666666666666666666666666667,2,SLEEP,Z,0.01752274,0.06422475
7/7/3/3/6/5/6/5/3 3 3,X,0.75,4,SLEEP,Z,0.1309196,0.3490754
7/7/3/3/6/5/6/3/6 3 3,X,-0.75,6,SLEEP,Z,0.07452934,0.2730731
7/7/3/3/6/5/6/3/5 3 3,X,-0.6666666666666666666666666667,4,SLEEP,Z,0.04596916,0.1683479
7/7/3/3/6/5/6/3/3 3 3,X,0.75,2,SLEEP,Z,0.03020693,0.06266829
7/7/3/3/6/5/6/5/6 3 3,X,-0.75,2,SLEEP,Z,0.06185441,0.2110068
7/7/3/3/6/5/6/7/4 3 3,X,-0.75,4,SLEEP,Z,0.04053541,0.1342939
7/7/3/3/6/5/6/7/2 3 3,X,-0.6666666666666666666666666667,4,SLEEP,Z,0.08278041,0.2353258
7/7/3/3/6/5/6/7/1 3 3,X,0.75,2,SLEEP,Z,0,0
7/7/3/3/6/5/5/2/7 3 3,X,-0.5833333333333333333333333333,4,SLEEP,Z,0.05689864,0.1804287
7/7/3/3/6/5/5/6/5 3 3,Z,-0.60,4,SLEEP,Z,0.03361155,0.1146117
7/7/3/3/6/5/5/6/3 3 3,X,0.625,4,SLEEP,Z,0.1266729,0.3725839
7/7/3/3/6/5/5/5/6 3 3,X,-0.6666666666666666666666666667,4,SLEEP,Z,0.07266468,0.244607
7/7/3/3/6/5/5/5/5 3 3,X,-0.5833333333333333333333333333,4,SLEEP,Z,0.06510708,0.2975715
7/7/3/3/6/5/5/5/3 3 3,X,0.625,4,SLEEP,Z,0.04068436,0.152217
7/7/3/3/6/5/5/3/6 3 3,X,-0.6666666666666666666666666667,2,SLEEP,Z,0.02715415,0.07585172
7/7/3/3/6/5/5/3/5 3 3,X,-0.5833333333333333333333333333,4,SLEEP,Z,0.04801333,0.1707612
7/7/3/3/6/5/5/3/3 3 3,X,0.625,2,SLEEP,Z,0.08530335,0.3393187
7/7/3/3/6/5/5/6/6 3 3,X,-0.6666666666666666666666666667,2,SLEEP,Z,0.04729263,0.1567925
7/7/3/3/6/5/5/7/4 3 3,X,-0.6666666666666666666666666667,6,SLEEP,Z,0.06662705,0.2813023
7/7/3/3/6/5/5/7/2 3 3,X,-0.5833333333333333333333333333,4,SLEEP,Z,0.03438018,0.1328719
7/7/3/3/6/5/5/7/1 3 3,X,0.625,2,SLEEP,Z,0.0692123,0.1142853
7/7/3/3/6/5/3/2/7 3 3,X,0.625,2,SLEEP,Z,0,0
7/7/3/3/6/5/3/6/6 3 3,X,-0.75,4,SLEEP,Z,0.02039867,0.06850321
7/7/3/3/6/5/3/6/5 3 3,X,0.625,8,SLEEP,Z,0.03499547,0.1116951
7/7/3/3/6/5/3/6/3 3 3,X,0.75,6,SLEEP,Z,0.04538564,0.1372495
7/7/3/3/6/5/3/5/6 3 3,X,-0.75,4,SLEEP,Z,0.04870073,0.1782517
7/7/3/3/6/5/3/5/5 3 3,X,0.625,2,SLEEP,Z,0.0271044,0.08303458
7/7/3/3/6/5/3/5/3 3 3,X,0.75,4,SLEEP,Z,0.032316,0.1038241
7/7/3/3/6/5/3/3/6 3 3,X,-0.75,4,SLEEP,Z,0.1012988,0.3450476
7/7/3/3/6/5/3/3/5 3 3,X,0.625,2,SLEEP,Z,0.01431079,0.03444871
7/7/3/3/6/5/3/3/3 3 3,X,0.75,2,SLEEP,Z,0,0
7/7/3/3/6/5/3/7/4 3 3,X,-0.75,4,SLEEP,Z,0.03192758,0.1025382
7/7/3/3/6/5/3/7/2 3 3,X,0.625,4,SLEEP,Z,0.02759176,0.09919935
7/7/3/3/6/5/3/7/1 3 3,X,0.75,2,SLEEP,Z,0.02185291,0.07330961
7/7/3/3/6/5/7/2/6 3 3,X,-0.6666666666666666666666666667,4,SLEEP,Z,0.05560999,0.2051073
7/7/3/3/6/5/7/2/5 3 3,X,-0.5833333333333333333333333333,4,SLEEP,Z,0.06759947,0.1205458
7/7/3/3/6/5/7/2/3 3 3,X,0.625,2,SLEEP,Z,0.01541012,0.04940919
7/7/3/3/6/5/7/6/4 3 3,X,-0.6666666666666666666666666667,6,SLEEP,Z,0.05193165,0.1669836
7/7/3/3/6/5/7/6/2 3 3,Z,-0.60,2,SLEEP,Z,0.02791274,0.09422998
7/7/3/3/6/5/7/6/1 3 3,X,0.625,6,SLEEP,Z,0.09520008,0.2216379
7/7/3/3/6/5/7/5/4 3 3,X,-0.6666666666666666666666666667,4,SLEEP,Z,0.02978124,0.1177671
7/7/3/3/6/5/7/5/2 3 3,X,-0.5833333333333333333333333333,4,SLEEP,Z,0.02560696,0.09115639
7/7/3/3/6/5/7/5/1 3 3,X,0.625,4,SLEEP,Z,0.02079785,0.07495102
7/7/3/3/6/5/7/3/4 3 3,X,-0.6666666666666666666666666667,4,SLEEP,Z,0.02734188,0.1069779
7/7/3/3/6/5/7/3/2 3 3,X,-0.5833333333333333333333333333,2,SLEEP,Z,0,0
7/7/3/3/6/5/7/3/1 3 3,X,0.625,2,SLEEP,Z,0.02087727,0.0758998
7/7/3/3/6/3/2/6/7 3 3,Z,-0.6666666666666666666666666667,4,SLEEP,Z,0.05895068,0.160954
7/7/3/3/6/3/2/5/7 3 3,X,-0.5833333333333333333333333333,4,SLEEP,Z,0.03966865,0.0851264
7/7/3/3/6/3/2/3/7 3 3,X,-0.5833333333333333333333333333,4,SLEEP,Z,0.04875612,0.1566371
7/7/3/3/6/3/2/7/6 3 3,X,-0.6666666666666666666666666667,6,SLEEP,Z,0.06593356,0.2142376
7/7/3/3/6/3/2/7/5 3 3,X,-0.5833333333333333333333333333,4,SLEEP,Z,0.02818824,0.09554618
7/7/3/3/6/3/2/7/3 3 3,X,0.625,4,SLEEP,Z,0.05060207,0.07010714
7/7/3/3/6/3/6/2/7 3 3,X,-0.6666666666666666666666666667,6,SLEEP,Z,0.1455392,0.2687849
7/7/3/3/6/3/6/6/6 3 3,X,-0.75,6,SLEEP,Z,0.08928502,0.3149419
7/7/3/3/6/3/6/6/5 3 3,X,-0.6666666666666666666666666667,6,SLEEP,Z,0.08395482,0.2760059
7/7/3/3/6/3/6/6/3 3 3,X,0.75,4,SLEEP,Z,0.08184964,0.2170973
7/7/3/3/6/3/6/5/6 3 3,X,-0.75,4,SLEEP,Z,0.04843181,0.1811708
7/7/3/3/6/3/6/5/5 3 3,X,-0.6666666666666666666666666667,6,SLEEP,Z,0.06272961,0.2110969
7/7/3/3/6/3/6/5/3 3 3,X,0.75,2,SLEEP,Z,0.02651531,0.05979284
7/7/3/3/6/3/6/3/6 3 3,X,-0.75,8,SLEEP,Z,0.06117952,0.2198412
7/7/3/3/6/3/6/3/5 3 3,X,-0.6666666666666666666666666667,4,SLEEP,Z,0.04180662,0.1311829
7/7/3/3/6/3/6/3/3 3 3,X,0.75,4,SLEEP,Z,0.1361675,0.2070995
7/7/3/3/6/3/6/7/4 3 3,X,-0.75,4,SLEEP,Z,0.07158226,0.2578183
7/7/3/3/6/3/6/7/2 3 3,X,-0.6666666666666666666666666667,6,SLEEP,Z,0.123699,0.2772323
7/7/3/3/6/3/6/7/1 3 3,X,0.75,2,SLEEP,Z,0.01467531,0.04969453
7/7/3/3/6/3/5/2/7 3 3,X,-0.5833333333333333333333333333,2,SLEEP,Z,0.02299334,0.06799454
7/7/3/3/6/3/5/6/6 3 3,X,-0.6666666666666666666666666667,6,SLEEP,Z,0.1861527,0.3702377
7/7/3/3/6/3/5/6/5 3 3,Z,-0.6666666666666666666666666667,6,SLEEP,Z,0.07079533,0.1821191
7/7/3/3/6/3/5/6/3 3 3,Z,-0.6666666666666666666666666667,4,SLEEP,Z,0.09940578,0.205349
7/7/3/3/6/3/5/5/6 3 3,X,-0.6666666666666666666666666667,6,SLEEP,Z,0.05822195,0.2135155
7/7/3/3/6/3/5/5/5 3 3,X,-0.5833333333333333333333333333,2,SLEEP,Z,0.01004286,0.03017209
7/7/3/3/6/3/5/5/3 3 3,X,0.625,4,SLEEP,Z,0.04732116,0.09278084
7/7/3/3/6/3/5/3/6 3 3,X,-0.6666666666666666666666666667,4,SLEEP,Z,0.08006236,0.2432218
7/7/3/3/6/3/5/3/5 3 3,X,-0.5833333333333333333333333333,4,SLEEP,Z,0.02173216,0.07868011
7/7/3/3/6/3/5/3/3 3 3,X,0.625,2,SLEEP,Z,0,0
7/7/3/3/6/3/5/7/4 3 3,X,-0.6666666666666666666666666667,6,SLEEP,Z,0.1329228,0.2902113
7/7/3/3/6/3/5/7/2 3 3,X,-0.5833333333333333333333333333,2,SLEEP,Z,0,0
7/7/3/3/6/3/5/7/1 3 3,X,0.625,2,SLEEP,Z,0.02200634,0.08193523
7/7/3/3/6/3/3/2/7 3 3,X,0.625,4,SLEEP,Z,0.03316496,0.06765705
7/7/3/3/6/3/3/6/6 3 3,X,-0.75,6,SLEEP,Z,0.05403683,0.1719439
7/7/3/3/6/3/3/6/5 3 3,Z,-0.6666666666666666666666666667,2,SLEEP,Z,0.0422127,0.1202322
7/7/3/3/6/3/3/6/3 3 3,X,0.75,4,SLEEP,Z,0.1647333,0.347452
7/7/3/3/6/3/3/5/6 3 3,X,-0.75,4,SLEEP,Z,0.07972151,0.1920134
7/7/3/3/6/3/3/5/5 3 3,X,0.625,4,SLEEP,Z,0.03677946,0.1224418
7/7/3/3/6/3/3/5/3 3 3,X,0.75,2,SLEEP,Z,0.02642499,0.08679885
7/7/3/3/6/3/3/3/6 3 3,X,-0.75,2,SLEEP,Z,0.02496167,0.07611275
7/7/3/3/6/3/3/3/5 3 3,X,0.625,2,SLEEP,Z,0.06084255,0.1289038
7/7/3/3/6/3/3/3/3 3 3,X,0.75,2,SLEEP,Z,0.02129658,0.04797446
7/7/3/3/6/3/3/7/4 3 3,X,-0.75,4,SLEEP,Z,0.1059412,0.236882
7/7/3/3/6/3/3/7/2 3 3,X,0.625,2,SLEEP,Z,0.02227807,0.07516637
7/7/3/3/6/3/3/7/1 3 3,X,0.75,4,SLEEP,Z,0.0490005,0.1499015
7/7/3/3/6/3/7/2/6 3 3,X,-0.6666666666666666666666666667,2,SLEEP,Z,0.02115647,0.07678777
7/7/3/3/6/3/7/2/5 3 3,X,-0.5833333333333333333333333333,2,SLEEP,Z,0.02384204,0.07266148
7/7/3/3/6/3/7/2/3 3 3,X,0.625,2,SLEEP,Z,0,0
7/7/3/3/6/3/7/6/4 3 3,X,-0.6666666666666666666666666667,4,SLEEP,Z,0.05397921,0.1521921
7/7/3/3/6/3/7/6/2 3 3,Z,-0.6666666666666666666666666666,6,SLEEP,Z,0.05161532,0.1708387
7/7/3/3/6/3/7/6/1 3 3,Z,-0.6666666666666666666666666666,6,SLEEP,Z,0.0750652,0.1703123
7/7/3/3/6/3/7/5/4 3 3,X,-0.6666666666666666666666666667,4,SLEEP,Z,0.05739925,0.2092122
7/7/3/3/6/3/7/5/2 3 3,X,-0.5833333333333333333333333333,4,SLEEP,Z,0.03053745,0.102157
7/7/3/3/6/3/7/5/1 3 3,X,0.625,4,SLEEP,Z,0.0506707,0.1496481
7/7/3/3/6/3/7/3/4 3 3,X,-0.6666666666666666666666666667,2,SLEEP,Z,0.03410489,0.08455223
7/7/3/3/6/3/7/3/2 3 3,X,-0.5833333333333333333333333333,4,SLEEP,Z,0.02525414,0.09440823
7/7/3/3/6/3/7/3/1 3 3,X,0.625,2,SLEEP,Z,0,0
7/7/3/3/6/7/2/2/7 3 3,X,-0.5833333333333333333333333333,2,SLEEP,Z,0.04700878,0.1225615
7/7/3/3/6/7/2/6/6 3 3,X,-0.6666666666666666666666666667,6,SLEEP,Z,0.05026742,0.1587368
7/7/3/3/6/7/2/6/5 3 3,Z,-0.60,4,SLEEP,Z,0.02927511,0.0923079
7/7/3/3/6/7/2/6/3 3 3,X,0.625,6,SLEEP,Z,0.03884699,0.1088086
7/7/3/3/6/7/2/5/6 3 3,X,-0.6666666666666666666666666667,6,SLEEP,Z,0.07624162,0.2679074
7/7/3/3/6/7/2/5/5 3 3,X,-0.5833333333333333333333333333,6,SLEEP,Z,0.04403778,0.1461011
7/7/3/3/6/7/2/5/3 3 3,X,0.625,2,SLEEP,Z,0.02702243,0.07588363
7/7/3/3/6/7/2/3/6 3 3,X,-0.6666666666666666666666666667,4,SLEEP,Z,0.05438839,0.1720944
7/7/3/3/6/7/2/3/5 3 3,X,-0.5833333333333333333333333333,4,SLEEP,Z,0.07870419,0.1733651
7/7/3/3/6/7/2/3/3 3 3,X,0.625,2,SLEEP,Z,0.01833156,0.04905494
7/7/3/3/6/7/2/7/4 3 3,X,-0.6666666666666666666666666667,4,SLEEP,Z,0.09161185,0.3756517
7/7/3/3/6/7/2/7/2 3 3,X,-0.5833333333333333333333333333,4,SLEEP,Z,0.06547485,0.2298104
7/7/3/3/6/7/2/7/1 3 3,X,0.625,4,SLEEP,Z,0.102124,0.1398039
7/7/3/3/6/7/6/5/4 3 3,X,-0.75,6,SLEEP,Z,0.08782393,0.3096117
7/7/3/3/6/7/6/5/2 3 3,X,-0.6666666666666666666666666667,4,SLEEP,Z,0.05189436,0.1831264
7/7/3/3/6/7/6/5/1 3 3,X,0.8333333333333333333333333333,2,SLEEP,Z,0.01646106,0.05924516
7/7/3/3/6/7/6/2/6 3 3,X,-0.75,6,SLEEP,Z,0.1153402,0.3806619
7/7/3/3/6/7/6/2/5 3 3,X,-0.6666666666666666666666666667,4,SLEEP,Z,0.03902119,0.1439709
7/7/3/3/6/7/6/2/3 3 3,X,0.8333333333333333333333333333,2,SLEEP,Z,0.01505756,0.04736594
7/7/3/3/6/7/6/3/4 3 3,X,-0.75,4,SLEEP,Z,0.09863056,0.3330407
7/7/3/3/6/7/6/3/2 3 3,X,-0.6666666666666666666666666667,4,SLEEP,Z,0.04757647,0.162239
7/7/3/3/6/7/6/3/1 3 3,X,0.8333333333333333333333333333,2,SLEEP,Z,0.02219162,0.06196746
7/7/3/3/6/7/6/6/4 3 3,X,-0.75,6,SLEEP,Z,0.08626983,0.3125022
7/7/3/3/6/7/6/6/2 3 3,X,-0.6666666666666666666666666667,2,SLEEP,Z,0.037267,0.1336264
7/7/3/3/6/7/6/6/1 3 3,X,0.8333333333333333333333333333,4,SLEEP,Z,0.05092132,0.1623001
7/7/3/3/6/7/5/2/6 3 3,X,-0.6666666666666666666666666667,6,SLEEP,Z,0.1202766,0.2746798
7/7/3/3/6/7/5/2/5 3 3,X,-0.5833333333333333333333333333,2,SLEEP,Z,0.03145776,0.1102459
7/7/3/3/6/7/5/2/3 3 3,X,0.625,4,SLEEP,Z,0.100346,0.2506175
7/7/3/3/6/7/5/6/4 3 3,X,-0.6666666666666666666666666667,4,SLEEP,Z,0.05702443,0.1724177
7/7/3/3/6/7/5/6/2 3 3,Z,-0.60,6,SLEEP,Z,0.05969366,0.2037677
7/7/3/3/6/7/5/6/1 3 3,X,0.625,28,SLEEP,Z,0.07598901,0.2180938
7/7/3/3/6/7/5/5/4 3 3,X,-0.6666666666666666666666666667,6,SLEEP,Z,0.08220562,0.2798643
7/7/3/3/6/7/5/5/2 3 3,X,-0.5833333333333333333333333333,2,SLEEP,Z,0.02834349,0.08564269
7/7/3/3/6/7/5/5/1 3 3,X,0.625,4,SLEEP,Z,0.04512222,0.1588775
7/7/3/3/6/7/5/3/4 3 3,X,-0.6666666666666666666666666667,2,SLEEP,Z,0.02679333,0.1035794
7/7/3/3/6/7/5/3/2 3 3,X,-0.5833333333333333333333333333,4,SLEEP,Z,0.07889336,0.2099026
7/7/3/3/6/7/5/3/1 3 3,X,0.625,2,SLEEP,Z,0.02447709,0.09245826
7/7/3/3/6/7/3/2/6 3 3,X,-0.8333333333333333333333333333,4,SLEEP,Z,0.02838233,0.08061101
7/7/3/3/6/7/3/2/5 3 3,X,0.625,2,SLEEP,Z,0.02036066,0.07007989
7/7/3/3/6/7/3/2/3 3 3,X,0.75,6,SLEEP,Z,0.04738441,0.1307529
7/7/3/3/6/7/3/6/4 3 3,X,-0.8333333333333333333333333333,2,SLEEP,Z,0.03856618,0.12232
7/7/3/3/6/7/3/6/2 3 3,X,0.625,4,SLEEP,Z,0.1174907,0.2506249
7/7/3/3/6/7/3/6/1 3 3,X,0.75,8,SLEEP,Z,0.08491073,0.1718165
7/7/3/3/6/7/3/5/4 3 3,X,-0.8333333333333333333333333333,4,SLEEP,Z,0.05043168,0.185495
7/7/3/3/6/7/3/5/2 3 3,X,0.625,4,SLEEP,Z,0.02679812,0.103241
7/7/3/3/6/7/3/5/1 3 3,X,0.75,6,SLEEP,Z,0.1238563,0.3796661
7/7/3/3/6/7/3/3/4 3 3,X,-0.8333333333333333333333333333,2,SLEEP,Z,0.02304693,0.08234762
7/7/3/3/6/7/3/3/2 3 3,X,0.625,2,SLEEP,Z,0.07809589,0.182152
7/7/3/3/6/7/3/3/1 3 3,X,0.75,2,SLEEP,Z,0.01448742,0.05291078
7/7/3/3/6/7/7/2/4 3 3,X,-0.6666666666666666666666666667,4,SLEEP,Z,0.05176773,0.1916092
7/7/3/3/6/7/7/2/2 3 3,X,-0.5833333333333333333333333333,6,SLEEP,Z,0.05336201,0.1793456
7/7/3/3/6/7/7/2/1 3 3,X,0.625,2,SLEEP,Z,0.01382346,0.05313285
7/7/3/7/2/2/2/7/7 3 3,X,-0.5,2,SLEEP,Z,0.02906661,0.0995485
7/7/3/7/2/2/6/6/7 3 3,X,-0.5833333333333333333333333333,4,SLEEP,Z,0.08477602,0.2134469
7/7/3/7/2/2/6/5/7 3 3,X,-0.5833333333333333333333333333,4,SLEEP,Z,0.03353351,0.1021899
7/7/3/7/2/2/6/3/7 3 3,X,-0.5833333333333333333333333333,6,SLEEP,Z,0.08324616,0.1984618
7/7/3/7/2/2/6/7/6 3 3,X,-0.6666666666666666666666666666,4,SLEEP,Z,0.08733799,0.2462875
7/7/3/7/2/2/6/7/5 3 3,X,-0.5833333333333333333333333333,6,SLEEP,Z,0.06807067,0.2583833
7/7/3/7/2/2/6/7/3 3 3,X,0.7,2,SLEEP,Z,0,0
7/7/3/7/2/2/5/6/7 3 3,X,-0.5,6,SLEEP,Z,0.06103662,0.2021932
7/7/3/7/2/2/5/5/7 3 3,X,-0.5,2,SLEEP,Z,0.02243461,0.07541694
7/7/3/7/2/2/5/3/7 3 3,X,-0.5,6,SLEEP,Z,0.04281136,0.1355496
7/7/3/7/2/2/5/7/6 3 3,X,-0.5833333333333333333333333333,4,SLEEP,Z,0.03798268,0.1406566
7/7/3/7/2/2/5/7/5 3 3,X,-0.5,2,SLEEP,Z,0.02894837,0.08629177
7/7/3/7/2/2/5/7/3 3 3,X,-0.4166666666666666666666666667,2,SLEEP,Z,0.013306,0.04617664
7/7/3/7/2/2/3/6/7 3 3,X,-0.5,6,SLEEP,Z,0.06342983,0.2174689
7/7/3/7/2/2/3/5/7 3 3,X,-0.5,2,SLEEP,Z,0.01682616,0.04458893
7/7/3/7/2/2/3/3/7 3 3,X,-0.5,4,SLEEP,Z,0.02500862,0.06097294
7/7/3/7/2/2/3/7/6 3 3,X,-0.7,2,SLEEP,Z,0,0
7/7/3/7/2/2/3/7/5 3 3,X,-0.5,2,SLEEP,Z,0,0
7/7/3/7/2/2/3/7/3 3 3,X,0.5,2,SLEEP,Z,0.04734351,0.07580395
7/7/3/7/2/2/7/2/7 3 3,X,-0.5,2,SLEEP,Z,0.01959234,0.0383852
7/7/3/7/2/2/7/6/6 3 3,X,-0.5833333333333333333333333333,4,SLEEP,Z,0.03039451,0.1063413
7/7/3/7/2/2/7/6/5 3 3,X,-0.5,2,SLEEP,Z,0.03178415,0.06482023
7/7/3/7/2/2/7/6/3 3 3,Z,0.5,6,SLEEP,Z,0.1172975,0.3061262
7/7/3/7/2/2/7/5/6 3 3,X,-0.5833333333333333333333333333,6,SLEEP,Z,0.08078481,0.2342535
7/7/3/7/2/2/7/5/5 3 3,X,-0.5,2,SLEEP,Z,0,0
7/7/3/7/2/2/7/5/3 3 3,X,-0.4166666666666666666666666667,2,SLEEP,Z,0.01298726,0.01765838
7/7/3/7/2/2/7/3/6 3 3,X,-0.5833333333333333333333333333,4,SLEEP,Z,0.05834673,0.1840637
7/7/3/7/2/2/7/3/5 3 3,X,-0.5,4,SLEEP,Z,0.08257921,0.357476
7/7/3/7/2/2/7/3/3 3 3,Z,-0.5,2,SLEEP,Z,0.03654286,0.1001826
7/7/3/7/2/2/7/7/4 3 3,X,-0.5833333333333333333333333333,4,SLEEP,Z,0.05270553,0.1959369
7/7/3/7/2/2/7/7/2 3 3,X,-0.5,2,SLEEP,Z,0,0
7/7/3/7/2/2/7/7/1 3 3,X,-0.4166666666666666666666666667,2,SLEEP,Z,0,0
7/7/3/7/2/6/2/6/7 3 3,X,-0.5,2,SLEEP,Z,0.0251292,0.07346847
7/7/3/7/2/6/2/5/7 3 3,X,-0.5,6,SLEEP,Z,0.07022532,0.3537014
7/7/3/7/2/6/2/3/7 3 3,Z,0.6666666666666666666666666667,4,SLEEP,Z,0.03020113,0.06462281
7/7/3/7/2/6/2/7/6 3 3,X,-0.5833333333333333333333333333,2,SLEEP,Z,0.03105007,0.1029406
7/7/3/7/2/6/2/7/5 3 3,X,-0.5,4,SLEEP,Z,0.04383546,0.1025472
7/7/3/7/2/6/2/7/3 3 3,Z,0.5,2,SLEEP,Z,0.006894602,0.03284804
7/7/3/7/2/6/6/2/7 3 3,X,-0.5833333333333333333333333333,4,SLEEP,Z,0.03611844,0.1055415
7/7/3/7/2/6/6/6/6 3 3,X,-0.6666666666666666666666666666,4,SLEEP,Z,0.07402613,0.2330988
7/7/3/7/2/6/6/6/5 3 3,X,-0.5833333333333333333333333333,6,SLEEP,Z,0.05799678,0.1962429
7/7/3/7/2/6/6/6/3 3 3,X,0.75,2,SLEEP,Z,0.009822124,0.02952589
7/7/3/7/2/6/6/5/6 3 3,X,-0.6666666666666666666666666666,8,SLEEP,Z,0.1026564,0.3353468
7/7/3/7/2/6/6/5/5 3 3,X,-0.5833333333333333333333333333,4,SLEEP,Z,0.02809698,0.1059079
7/7/3/7/2/6/6/5/3 3 3,X,0.75,2,SLEEP,Z,0,0
7/7/3/7/2/6/6/3/6 3 3,Z,0.6666666666666666666666666667,6,SLEEP,Z,0.07768174,0.2659367
7/7/3/7/2/6/6/3/5 3 3,Z,0.6666666666666666666666666667,4,SLEEP,Z,0.0405525,0.1338804
7/7/3/7/2/6/6/3/3 3 3,X,0.75,2,SLEEP,Z,0.05206846,0.1241043
7/7/3/7/2/6/6/7/4 3 3,X,-0.6666666666666666666666666666,6,SLEEP,Z,0.1190017,0.3460131
7/7/3/7/2/6/6/7/2 3 3,X,-0.5833333333333333333333333333,4,SLEEP,Z,0.03172877,0.1141172
7/7/3/7/2/6/6/7/1 3 3,X,0.75,2,SLEEP,Z,0.02126601,0.074755
7/7/3/7/2/6/5/2/7 3 3,X,-0.5,2,SLEEP,Z,0.04417281,0.05573782
7/7/3/7/2/6/5/6/6 3 3,X,-0.5833333333333333333333333333,6,SLEEP,Z,0.07859427,0.2305199
7/7/3/7/2/6/5/6/5 3 3,X,-0.5,2,SLEEP,Z,0.01420073,0.05019647
7/7/3/7/2/6/5/6/3 3 3,Z,0.5,2,SLEEP,Z,0.007854914,0.03365489
7/7/3/7/2/6/5/5/6 3 3,X,-0.5833333333333333333333333333,4,SLEEP,Z,0.04250629,0.1404926
7/7/3/7/2/6/5/5/5 3 3,X,-0.5,2,SLEEP,Z,0.02009836,0.0675164
7/7/3/7/2/6/5/5/3 3 3,Z,0.5,2,SLEEP,Z,0.07887035,0.1120815
7/7/3/7/2/6/5/3/6 3 3,Z,0.6666666666666666666666666667,2,SLEEP,Z,0,0
7/7/3/7/2/6/5/3/5 3 3,Z,0.6666666666666666666666666667,4,SLEEP,Z,0.0289233,0.09972304
7/7/3/7/2/6/5/3/3 3 3,Z,0.6666666666666666666666666667,2,SLEEP,Z,0,0
7/7/3/7/2/6/5/7/4 3 3,X,-0.5833333333333333333333333333,2,SLEEP,Z,0.05036345,0.1613236
7/7/3/7/2/6/5/7/2 3 3,X,-0.5,2,SLEEP,Z,0.03173619,0.09822982
7/7/3/7/2/6/5/7/1 3 3,Z,0.5,2,SLEEP,Z,0,0
7/7/3/7/2/6/3/2/7 3 3,Z,0.5,2,SLEEP,Z,0,0
7/7/3/7/2/6/3/6/6 3 3,X,-0.75,2,SLEEP,Z,0.01908193,0.0440313
7/7/3/7/2/6/3/6/5 3 3,X,-0.5,2,SLEEP,Z,0,0
7/7/3/7/2/6/3/6/3 3 3,X,0.5,2,SLEEP,Z,0.02875261,0.07138144
7/7/3/7/2/6/3/5/6 3 3,X,-0.75,4,SLEEP,Z,0.04959225,0.1141687
7/7/3/7/2/6/3/5/5 3 3,Z,0.5,2,SLEEP,Z,0.02423547,0.03222696
7/7/3/7/2/6/3/5/3 3 3,X,0.5,4,SLEEP,Z,0.03727185,0.1121143
7/7/3/7/2/6/3/3/6 3 3,X,-0.75,2,SLEEP,Z,0.02574694,0.07009089
7/7/3/7/2/6/3/3/5 3 3,Z,0.6666666666666666666666666667,4,SLEEP,Z,0.04508654,0.1184068
7/7/3/7/2/6/3/3/3 3 3,Z,0.6666666666666666666666666667,4,SLEEP,Z,0.06493461,0.1262916
7/7/3/7/2/6/3/7/4 3 3,X,-0.75,4,SLEEP,Z,0.08870215,0.154963
7/7/3/7/2/6/3/7/2 3 3,Z,0.5,2,SLEEP,Z,0,0
7/7/3/7/2/6/3/7/1 3 3,X,0.5,2,SLEEP,Z,0.03930517,0.13425
7/7/3/7/2/6/7/2/6 3 3,X,-0.5833333333333333333333333333,4,SLEEP,Z,0.05093788,0.1600721
7/7/3/7/2/6/7/2/5 3 3,X,-0.5,2,SLEEP,Z,0.02424905,0.08649492
7/7/3/7/2/6/7/2/3 3 3,Z,0.5,2,SLEEP,Z,0.02874899,0.08213135
7/7/3/7/2/6/7/6/4 3 3,X,-0.5833333333333333333333333333,4,SLEEP,Z,0.07017537,0.2395737
7/7/3/7/2/6/7/6/2 3 3,X,-0.5,2,SLEEP,Z,0.03533113,0.1109805
7/7/3/7/2/6/7/6/1 3 3,Z,0.5,2,SLEEP,Z,0.0199188,0.05145868
7/7/3/7/2/6/7/5/4 3 3,X,-0.5833333333333333333333333333,2,SLEEP,Z,0.04063636,0.1348682
7/7/3/7/2/6/7/5/2 3 3,X,-0.5,2,SLEEP,Z,0.03096857,0.08559826
7/7/3/7/2/6/7/5/1 3 3,Z,0.5,2,SLEEP,Z,0.04190839,0.04856889
7/7/3/7/2/6/7/3/4 3 3,Z,0.6666666666666666666666666666,6,SLEEP,Z,0.06770839,0.2267604
7/7/3/7/2/6/7/3/2 3 3,Z,0.6666666666666666666666666666,4,SLEEP,Z,0.02484917,0.08968695
7/7/3/7/2/6/7/3/1 3 3,Z,0.6666666666666666666666666666,2,SLEEP,Z,0.04080088,0.04574207
7/7/3/7/2/5/2/6/7 3 3,X,-0.5,2,SLEEP,Z,0.01904083,0.05562745
7/7/3/7/2/5/2/5/7 3 3,X,-0.5,2,SLEEP,Z,0.03983044,0.07358257
7/7/3/7/2/5/2/3/7 3 3,X,-0.5,4,SLEEP,Z,0.02851969,0.08850089
7/7/3/7/2/5/2/7/6 3 3,X,-0.5833333333333333333333333333,2,SLEEP,Z,0.0473341,0.1447061
7/7/3/7/2/5/2/7/5 3 3,X,-0.5,2,SLEEP,Z,0.03093821,0.09655444
7/7/3/7/2/5/2/7/3 3 3,X,-0.4166666666666666666666666667,2,SLEEP,Z,0.1236126,0.1376442
7/7/3/7/2/5/6/2/7 3 3,X,-0.5833333333333333333333333333,6,SLEEP,Z,0.06679066,0.2157135
7/7/3/7/2/5/6/6/6 3 3,X,-0.6666666666666666666666666666,8,SLEEP,Z,0.08230171,0.2870226
7/7/3/7/2/5/6/6/5 3 3,X,-0.5833333333333333333333333333,2,SLEEP,Z,0.01472867,0.0508193
7/7/3/7/2/5/6/6/3 3 3,X,0.75,2,SLEEP,Z,0,0
7/7/3/7/2/5/6/5/6 3 3,X,-0.6666666666666666666666666666,6,SLEEP,Z,0.1284678,0.3655859
7/7/3/7/2/5/6/5/5 3 3,X,-0.5833333333333333333333333333,6,SLEEP,Z,0.06454734,0.2086736
7/7/3/7/2/5/6/5/3 3 3,X,0.75,2,SLEEP,Z,0.01659881,0.04190746
7/7/3/7/2/5/6/3/6 3 3,X,-0.6666666666666666666666666666,2,SLEEP,Z,0.03619117,0.1244223
7/7/3/7/2/5/6/3/5 3 3,X,-0.5833333333333333333333333333,2,SLEEP,Z,0.04103006,0.1297936
7/7/3/7/2/5/6/3/3 3 3,X,0.75,2,SLEEP,Z,0,0
7/7/3/7/2/5/6/7/4 3 3,X,-0.6666666666666666666666666666,8,SLEEP,Z,0.1011318,0.3337383
7/7/3/7/2/5/6/7/2 3 3,X,-0.5833333333333333333333333333,2,SLEEP,Z,0.03476597,0.107854
7/7/3/7/2/5/6/7/1 3 3,X,0.75,2,SLEEP,Z,0.1145895,0.1378019
7/7/3/7/2/5/5/2/7 3 3,X,-0.5,4,SLEEP,Z,0.04229328,0.1258733
7/7/3/7/2/5/5/6/6 3 3,X,-0.5833333333333333333333333333,2,SLEEP,Z,0.03475798,0.1188324
7/7/3/7/2/5/5/6/5 3 3,X,-0.5,4,SLEEP,Z,0.04949167,0.1723804
7/7/3/7/2/5/5/6/3 3 3,Z,0.5,2,SLEEP,Z,0.02517187,0.1290912
7/7/3/7/2/5/5/5/6 3 3,X,-0.5833333333333333333333333333,2,SLEEP,Z,0.03100576,0.09591515
7/7/3/7/2/5/5/5/5 3 3,X,-0.5,4,SLEEP,Z,0.03622166,0.1268729
7/7/3/7/2/5/5/5/3 3 3,X,-0.4166666666666666666666666667,2,SLEEP,Z,0,0
7/7/3/7/2/5/5/3/6 3 3,X,-0.5833333333333333333333333333,4,SLEEP,Z,0.06830416,0.2204541
7/7/3/7/2/5/5/3/5 3 3,X,-0.5,4,SLEEP,Z,0.06019692,0.3285229
7/7/3/7/2/5/5/3/3 3 3,Z,-0.5,2,SLEEP,Z,0,0
7/7/3/7/2/5/5/7/4 3 3,X,-0.5833333333333333333333333333,4,SLEEP,Z,0.06393245,0.1824911
7/7/3/7/2/5/5/7/2 3 3,X,-0.5,2,SLEEP,Z,0.0111301,0.03348457
7/7/3/7/2/5/5/7/1 3 3,X,-0.4166666666666666666666666667,2,SLEEP,Z,0.03132994,0.1252282
7/7/3/7/2/5/3/2/7 3 3,X,-0.5,2,SLEEP,Z,0,0
7/7/3/7/2/5/3/6/6 3 3,X,-0.75,2,SLEEP,Z,0.02595443,0.08213058
7/7/3/7/2/5/3/6/5 3 3,X,-0.5,2,SLEEP,Z,0.03473898,0.353085
7/7/3/7/2/5/3/6/3 3 3,X,0.5,2,SLEEP,Z,0.06694358,0.1237594
7/7/3/7/2/5/3/5/6 3 3,X,-0.75,2,SLEEP,Z,0.03394358,0.09164605
7/7/3/7/2/5/3/5/5 3 3,X,-0.5,2,SLEEP,Z,0.0219685,0.07369249
7/7/3/7/2/5/3/5/3 3 3,X,0.5,2,SLEEP,Z,0.02541297,0.07313273
7/7/3/7/2/5/3/3/6 3 3,X,-0.75,2,SLEEP,Z,0.03029276,0.09385692
7/7/3/7/2/5/3/3/5 3 3,X,-0.5,2,SLEEP,Z,0.01431047,0.05225588
7/7/3/7/2/5/3/3/3 3 3,X,0.5,2,SLEEP,Z,0.03655472,0.1129566
7/7/3/7/2/5/3/7/4 3 3,X,-0.75,2,SLEEP,Z,0.05295493,0.1230581
7/7/3/7/2/5/3/7/2 3 3,X,-0.5,4,SLEEP,Z,0.0405312,0.3409082
7/7/3/7/2/5/3/7/1 3 3,X,0.5,2,SLEEP,Z,0.02342612,0.07365748
7/7/3/7/2/5/7/2/6 3 3,X,-0.5833333333333333333333333333,4,SLEEP,Z,0.03496538,0.1202647
7/7/3/7/2/5/7/2/5 3 3,X,-0.5,2,SLEEP,Z,0.02152579,0.08061443
7/7/3/7/2/5/7/2/3 3 3,X,-0.4166666666666666666666666667,2,SLEEP,Z,0.02010297,0.08951209
7/7/3/7/2/5/7/6/4 3 3,X,-0.5833333333333333333333333333,4,SLEEP,Z,0.07899109,0.2213543
7/7/3/7/2/5/7/6/2 3 3,X,-0.5,4,SLEEP,Z,0.04618673,0.1700772
7/7/3/7/2/5/7/6/1 3 3,Z,0.5,2,SLEEP,Z,0.01948364,0.05285757
7/7/3/7/2/5/7/5/4 3 3,X,-0.5833333333333333333333333333,4,SLEEP,Z,0.06771501,0.2060376
7/7/3/7/2/5/7/5/2 3 3,X,-0.5,2,SLEEP,Z,0.03720088,0.1274406
7/7/3/7/2/5/7/5/1 3 3,X,-0.4166666666666666666666666667,2,SLEEP,Z,0,0
7/7/3/7/2/5/7/3/4 3 3,X,-0.5833333333333333333333333333,4,SLEEP,Z,0.04629213,0.1299985
7/7/3/7/2/5/7/3/2 3 3,X,-0.5,2,SLEEP,Z,0.03167975,0.1024915
7/7/3/7/2/5/7/3/1 3 3,Z,-0.5,2,SLEEP,Z,0.02265778,0.08581161
7/7/3/7/2/3/2/6/7 3 3,Z,-0.6666666666666666666666666667,2,SLEEP,Z,0.02163546,0.05776362
7/7/3/7/2/3/2/5/7 3 3,X,-0.5,2,SLEEP,Z,0.0416475,0.06917598
7/7/3/7/2/3/2/3/7 3 3,X,-0.5,2,SLEEP,Z,0.0201004,0.0576135
7/7/3/7/2/3/2/7/6 3 3,X,-0.5833333333333333333333333333,4,SLEEP,Z,0.06195641,0.2073952
7/7/3/7/2/3/2/7/5 3 3,X,-0.5,4,SLEEP,Z,0.05679078,0.1524491
7/7/3/7/2/3/2/7/3 3 3,Z,-0.5,2,SLEEP,Z,0,0
7/7/3/7/2/3/6/2/7 3 3,X,-0.5833333333333333333333333333,2,SLEEP,Z,0.09278981,0.3360461
7/7/3/7/2/3/6/6/6 3 3,Z,-0.6666666666666666666666666667,8,SLEEP,Z,0.1032254,0.3119708
7/7/3/7/2/3/6/6/5 3 3,Z,-0.6666666666666666666666666667,4,SLEEP,Z,0.03614326,0.112045
7/7/3/7/2/3/6/6/3 3 3,X,0.75,2,SLEEP,Z,0.01707325,0.04906377
7/7/3/7/2/3/6/5/6 3 3,X,-0.6666666666666666666666666666,4,SLEEP,Z,0.06776253,0.2034782
7/7/3/7/2/3/6/5/5 3 3,X,-0.5833333333333333333333333333,6,SLEEP,Z,0.0809347,0.2210477
7/7/3/7/2/3/6/5/3 3 3,X,0.75,2,SLEEP,Z,0.009698736,0.03406594
7/7/3/7/2/3/6/3/6 3 3,X,-0.6666666666666666666666666666,6,SLEEP,Z,0.06490834,0.2015921
7/7/3/7/2/3/6/3/5 3 3,X,-0.5833333333333333333333333333,4,SLEEP,Z,0.04899548,0.1523704
7/7/3/7/2/3/6/3/3 3 3,X,0.75,2,SLEEP,Z,0.02703077,0.05576457
7/7/3/7/2/3/6/7/4 3 3,X,-0.6666666666666666666666666666,12,SLEEP,Z,0.1170852,0.3801588
7/7/3/7/2/3/6/7/2 3 3,X,-0.5833333333333333333333333333,4,SLEEP,Z,0.03824177,0.1219219
7/7/3/7/2/3/6/7/1 3 3,X,0.75,2,SLEEP,Z,0,0
7/7/3/7/2/3/5/2/7 3 3,X,-0.5,4,SLEEP,Z,0.1433304,0.3646933
7/7/3/7/2/3/5/6/6 3 3,Z,-0.6666666666666666666666666667,6,SLEEP,Z,0.04466143,0.1465856
7/7/3/7/2/3/5/6/5 3 3,Z,-0.6666666666666666666666666667,2,SLEEP,Z,0.01695436,0.06988306
7/7/3/7/2/3/5/6/3 3 3,Z,-0.6666666666666666666666666667,2,SLEEP,Z,0.02511918,0.07157624
7/7/3/7/2/3/5/5/6 3 3,X,-0.5833333333333333333333333333,2,SLEEP,Z,0.04175477,0.1096141
7/7/3/7/2/3/5/5/5 3 3,X,-0.5,4,SLEEP,Z,0.06406543,0.1408855
7/7/3/7/2/3/5/5/3 3 3,Z,-0.5,2,SLEEP,Z,0,0
7/7/3/7/2/3/5/3/6 3 3,X,-0.5833333333333333333333333333,2,SLEEP,Z,0.0344563,0.09484137
7/7/3/7/2/3/5/3/5 3 3,X,-0.5,4,SLEEP,Z,0.05902599,0.3216564
7/7/3/7/2/3/5/3/3 3 3,Z,-0.5,2,SLEEP,Z,0.01308099,0.02695175
7/7/3/7/2/3/5/7/4 3 3,X,-0.5833333333333333333333333333,2,SLEEP,Z,0.05007803,0.1201273
7/7/3/7/2/3/5/7/2 3 3,X,-0.5,2,SLEEP,Z,0.00902974,0.03605788
7/7/3/7/2/3/5/7/1 3 3,Z,-0.5,2,SLEEP,Z,0,0
7/7/3/7/2/3/3/2/7 3 3,Z,-0.5,2,SLEEP,Z,0,0
7/7/3/7/2/3/3/6/6 3 3,X,-0.75,2,SLEEP,Z,0.02909877,0.09376632
7/7/3/7/2/3/3/6/5 3 3,Z,-0.6666666666666666666666666667,2,SLEEP,Z,0.04861041,0.07975242
7/7/3/7/2/3/3/6/3 3 3,Z,-0.6666666666666666666666666667,4,SLEEP,Z,0.0331371,0.1034261
7/7/3/7/2/3/3/5/6 3 3,X,-0.75,2,SLEEP,Z,0.111769,0.3913126
7/7/3/7/2/3/3/5/5 3 3,Z,-0.5,2,SLEEP,Z,0.08440661,0.3555012
7/7/3/7/2/3/3/5/3 3 3,X,0.5,4,SLEEP,Z,0.04740307,0.1378043
7/7/3/7/2/3/3/3/6 3 3,X,-0.75,2,SLEEP,Z,0.03168964,0.09250715
7/7/3/7/2/3/3/3/5 3 3,X,-0.5,2,SLEEP,Z,0.02115475,0.07658443
7/7/3/7/2/3/3/3/3 3 3,X,0.5,2,SLEEP,Z,0.02004654,0.0641667
7/7/3/7/2/3/3/7/4 3 3,X,-0.75,2,SLEEP,Z,0.03959059,0.1210945
7/7/3/7/2/3/3/7/2 3 3,Z,-0.5,2,SLEEP,Z,0.01951806,0.04735446
7/7/3/7/2/3/3/7/1 3 3,X,0.5,4,SLEEP,Z,0.03308199,0.09592938
7/7/3/7/2/3/7/2/6 3 3,X,-0.5833333333333333333333333333,6,SLEEP,Z,0.04820232,0.1601826
7/7/3/7/2/3/7/2/5 3 3,X,-0.5,2,SLEEP,Z,0,0
7/7/3/7/2/3/7/2/3 3 3,Z,-0.5,2,SLEEP,Z,0.005252359,0.01832691
7/7/3/7/2/3/7/6/4 3 3,Z,-0.6666666666666666666666666666,4,SLEEP,Z,0.03935389,0.1365929
7/7/3/7/2/3/7/6/2 3 3,Z,-0.6666666666666666666666666666,2,SLEEP,Z,0,0
7/7/3/7/2/3/7/6/1 3 3,Z,-0.6666666666666666666666666666,2,SLEEP,Z,0.01006458,0.03847665
7/7/3/7/2/3/7/5/4 3 3,X,-0.5833333333333333333333333333,4,SLEEP,Z,0.04738793,0.1607653
7/7/3/7/2/3/7/5/2 3 3,X,-0.5,2,SLEEP,Z,0,0
7/7/3/7/2/3/7/5/1 3 3,Z,-0.5,2,SLEEP,Z,0,0
7/7/3/7/2/3/7/3/4 3 3,X,-0.5833333333333333333333333333,4,SLEEP,Z,0.04967283,0.1696143
7/7/3/7/2/3/7/3/2 3 3,X,-0.5,2,SLEEP,Z,0.02054771,0.07124489
7/7/3/7/2/3/7/3/1 3 3,Z,-0.5,2,SLEEP,Z,0,0
7/7/3/7/2/7/2/2/7 3 3,X,-0.5,2,SLEEP,Z,0.02785068,0.09001973
7/7/3/7/2/7/2/6/6 3 3,X,-0.5833333333333333333333333333,6,SLEEP,Z,0.09027953,0.2667142
7/7/3/7/2/7/2/6/5 3 3,X,-0.5,2,SLEEP,Z,0.02951507,0.09548831
7/7/3/7/2/7/2/6/3 3 3,X,0.5,2,SLEEP,Z,0.03655796,0.1035191
7/7/3/7/2/7/2/5/6 3 3,X,-0.5833333333333333333333333333,4,SLEEP,Z,0.07242101,0.1979693
7/7/3/7/2/7/2/5/5 3 3,X,-0.5,2,SLEEP,Z,0.04041911,0.08270034
7/7/3/7/2/7/2/5/3 3 3,X,0.5,2,SLEEP,Z,0.01501628,0.01528176
7/7/3/7/2/7/2/3/6 3 3,X,-0.5833333333333333333333333333,2,SLEEP,Z,0.05555749,0.1464632
7/7/3/7/2/7/2/3/5 3 3,X,-0.5,4,SLEEP,Z,0.04380075,0.1334486
7/7/3/7/2/7/2/3/3 3 3,X,0.5,2,SLEEP,Z,0,0
7/7/3/7/2/7/2/7/4 3 3,X,-0.5833333333333333333333333333,4,SLEEP,Z,0.08576737,0.230975
7/7/3/7/2/7/2/7/2 3 3,X,-0.5,2,SLEEP,Z,0,0
7/7/3/7/2/7/2/7/1 3 3,X,0.5,2,SLEEP,Z,0,0
7/7/3/7/2/7/6/2/6 3 3,X,-0.6666666666666666666666666666,6,SLEEP,Z,0.06728281,0.2199159
7/7/3/7/2/7/6/2/5 3 3,X,-0.5833333333333333333333333333,6,SLEEP,Z,0.04936115,0.1587442
7/7/3/7/2/7/6/2/3 3 3,X,0.8333333333333333333333333333,2,SLEEP,Z,0.01184736,0.03161557
7/7/3/7/2/7/6/6/4 3 3,X,-0.6666666666666666666666666666,4,SLEEP,Z,0.09974927,0.3535671
7/7/3/7/2/7/6/6/2 3 3,X,-0.5833333333333333333333333333,4,SLEEP,Z,0.05017541,0.1864098
7/7/3/7/2/7/6/6/1 3 3,X,0.8333333333333333333333333333,2,SLEEP,Z,0,0
7/7/3/7/2/7/6/5/4 3 3,X,-0.6666666666666666666666666666,4,SLEEP,Z,0.07380411,0.2463412
7/7/3/7/2/7/6/5/2 3 3,X,-0.5833333333333333333333333333,4,SLEEP,Z,0.04508181,0.1359641
7/7/3/7/2/7/6/5/1 3 3,X,0.8333333333333333333333333333,2,SLEEP,Z,0.1011048,0.3781813
7/7/3/7/2/7/6/3/4 3 3,X,-0.6666666666666666666666666666,4,SLEEP,Z,0.1020126,0.331988
7/7/3/7/2/7/6/3/2 3 3,X,-0.5833333333333333333333333333,2,SLEEP,Z,0.02762652,0.08782397
7/7/3/7/2/7/6/3/1 3 3,X,0.8333333333333333333333333333,2,SLEEP,Z,0.03066332,0.09413755
7/7/3/7/2/7/5/2/6 3 3,X,-0.5833333333333333333333333333,4,SLEEP,Z,0.03187891,0.11447
7/7/3/7/2/7/5/2/5 3 3,X,-0.5,4,SLEEP,Z,0.04006936,0.08170048
7/7/3/7/2/7/5/2/3 3 3,X,-0.4166666666666666666666666667,2,SLEEP,Z,0,0
7/7/3/7/2/7/5/6/4 3 3,X,-0.5833333333333333333333333333,4,SLEEP,Z,0.04331183,0.1454145
7/7/3/7/2/7/5/6/2 3 3,X,-0.5,2,SLEEP,Z,0.02290787,0.04685254
7/7/3/7/2/7/5/6/1 3 3,Z,0.5,2,SLEEP,Z,0,0
7/7/3/7/2/7/5/5/4 3 3,X,-0.5833333333333333333333333333,6,SLEEP,Z,0.08678415,0.281723
7/7/3/7/2/7/5/5/2 3 3,X,-0.5,2,SLEEP,Z,0.03180123,0.09669937
7/7/3/7/2/7/5/5/1 3 3,X,-0.4166666666666666666666666667,2,SLEEP,Z,0.004769637,0.01541157
7/7/3/7/2/7/5/3/4 3 3,X,-0.5833333333333333333333333333,2,SLEEP,Z,0.04477714,0.1586923
7/7/3/7/2/7/5/3/2 3 3,X,-0.5,4,SLEEP,Z,0.07262153,0.2917699
7/7/3/7/2/7/5/3/1 3 3,Z,-0.5,2,SLEEP,Z,0.05758891,0.1697748
7/7/3/7/2/7/3/2/6 3 3,X,-0.8333333333333333333333333333,2,SLEEP,Z,0.02239797,0.07313035
7/7/3/7/2/7/3/2/5 3 3,X,-0.5,2,SLEEP,Z,0,0
7/7/3/7/2/7/3/2/3 3 3,X,0.5,2,SLEEP,Z,0,0
7/7/3/7/2/7/3/6/4 3 3,X,-0.8333333333333333333333333333,4,SLEEP,Z,0.03335278,0.1073245
7/7/3/7/2/7/3/6/2 3 3,X,-0.5,2,SLEEP,Z,0,0
7/7/3/7/2/7/3/6/1 3 3,X,0.5,2,SLEEP,Z,0.04688402,0.08847065
7/7/3/7/2/7/3/5/4 3 3,X,-0.8333333333333333333333333333,2,SLEEP,Z,0.03339276,0.1149825
7/7/3/7/2/7/3/5/2 3 3,X,-0.5,2,SLEEP,Z,0.01730565,0.06059582
7/7/3/7/2/7/3/5/1 3 3,X,0.5,2,SLEEP,Z,0.02845057,0.09428739
7/7/3/7/2/7/3/3/4 3 3,X,-0.8333333333333333333333333333,2,SLEEP,Z,0.04116899,0.1093637
7/7/3/7/2/7/3/3/2 3 3,X,-0.5,2,SLEEP,Z,0.007629133,0.02675212
7/7/3/7/2/7/3/3/1 3 3,X,0.5,2,SLEEP,Z,0.04338462,0.07723042
7/7/3/7/2/7/7/2/4 3 3,X,-0.5833333333333333333333333333,2,SLEEP,Z,0.04057464,0.1332949
7/7/3/7/2/7/7/2/2 3 3,X,-0.5,2,SLEEP,Z,0.03865689,0.1379766
7/7/3/7/2/7/7/2/1 3 3,X,-0.4166666666666666666666666667,2,SLEEP,Z,0,0
7/7/3/7/6/2/2/6/7 3 3,X,-0.5833333333333333333333333333,2,SLEEP,Z,0.02190614,0.06222364
7/7/3/7/6/2/2/5/7 3 3,X,-0.5833333333333333333333333333,2,SLEEP,Z,0.09242466,0.1765767
7/7/3/7/6/2/2/3/7 3 3,X,-0.5833333333333333333333333333,2,SLEEP,Z,0.0537416,0.1155294
7/7/3/7/6/2/2/7/6 3 3,X,-0.6666666666666666666666666667,4,SLEEP,Z,0.08120132,0.2279857
7/7/3/7/6/2/2/7/5 3 3,X,-0.5833333333333333333333333333,4,SLEEP,Z,0.02204556,0.05794951
7/7/3/7/6/2/2/7/3 3 3,X,0.6428571428571428571428571429,2,SLEEP,Z,0.01491758,0.03081237
7/7/3/7/6/2/6/2/7 3 3,X,-0.6666666666666666666666666667,2,SLEEP,Z,0.0311553,0.1076102
7/7/3/7/6/2/6/6/6 3 3,X,-0.75,6,SLEEP,Z,0.07544804,0.2487214
7/7/3/7/6/2/6/6/5 3 3,X,-0.6666666666666666666666666667,4,SLEEP,Z,0.04896166,0.1464746
7/7/3/7/6/2/6/6/3 3 3,X,0.75,2,SLEEP,Z,0.02486281,0.04547332
7/7/3/7/6/2/6/5/6 3 3,X,-0.75,2,SLEEP,Z,0.02849483,0.1078159
7/7/3/7/6/2/6/5/5 3 3,X,-0.6666666666666666666666666667,4,SLEEP,Z,0.02792208,0.08706928
7/7/3/7/6/2/6/5/3 3 3,X,0.75,2,SLEEP,Z,0.04027651,0.04395105
7/7/3/7/6/2/6/3/6 3 3,X,-0.75,4,SLEEP,Z,0.04547048,0.1660076
7/7/3/7/6/2/6/3/5 3 3,X,-0.6666666666666666666666666667,6,SLEEP,Z,0.06575524,0.2504773
7/7/3/7/6/2/6/3/3 3 3,X,0.75,2,SLEEP,Z,0.0301969,0.05499611
7/7/3/7/6/2/6/7/4 3 3,X,-0.75,4,SLEEP,Z,0.03170465,0.1183767
7/7/3/7/6/2/6/7/2 3 3,X,-0.6666666666666666666666666667,4,SLEEP,Z,0.02830477,0.1092984
7/7/3/7/6/2/6/7/1 3 3,X,0.75,4,SLEEP,Z,0.2125598,0.224097
7/7/3/7/6/2/5/2/7 3 3,X,-0.5833333333333333333333333333,2,SLEEP,Z,0.02966239,0.1035232
7/7/3/7/6/2/5/6/6 3 3,X,-0.6666666666666666666666666667,4,SLEEP,Z,0.0507466,0.2283869
7/7/3/7/6/2/5/6/5 3 3,X,-0.5833333333333333333333333333,4,SLEEP,Z,0.02753452,0.08306516
7/7/3/7/6/2/5/6/3 3 3,X,0.6428571428571428571428571429,2,SLEEP,Z,0.01558666,0.04615178
7/7/3/7/6/2/5/5/6 3 3,X,-0.6666666666666666666666666667,6,SLEEP,Z,0.08170661,0.3190124
7/7/3/7/6/2/5/5/5 3 3,X,-0.5833333333333333333333333333,4,SLEEP,Z,0.02646111,0.09880275
7/7/3/7/6/2/5/5/3 3 3,X,0.6428571428571428571428571429,2,SLEEP,Z,0.05615767,0.05072442
7/7/3/7/6/2/5/3/6 3 3,X,-0.6666666666666666666666666667,6,SLEEP,Z,0.04886876,0.1796866
7/7/3/7/6/2/5/3/5 3 3,X,-0.5833333333333333333333333333,2,SLEEP,Z,0.02782861,0.09693298
7/7/3/7/6/2/5/3/3 3 3,X,0.6428571428571428571428571429,2,SLEEP,Z,0.03635104,0.09373935
7/7/3/7/6/2/5/7/4 3 3,X,-0.6666666666666666666666666667,4,SLEEP,Z,0.03435216,0.1364124
7/7/3/7/6/2/5/7/2 3 3,X,-0.5833333333333333333333333333,4,SLEEP,Z,0.03139414,0.08833462
7/7/3/7/6/2/5/7/1 3 3,X,0.6428571428571428571428571429,2,SLEEP,Z,0.02236204,0.04555786
7/7/3/7/6/2/3/2/7 3 3,X,0.6428571428571428571428571429,2,SLEEP,Z,0.020582,0.05690146
7/7/3/7/6/2/3/6/6 3 3,X,-0.75,2,SLEEP,Z,0.0399805,0.1405816
7/7/3/7/6/2/3/6/5 3 3,X,0.6428571428571428571428571429,4,SLEEP,Z,0.0475499,0.1307134
7/7/3/7/6/2/3/6/3 3 3,X,0.7857142857142857142857142857,4,SLEEP,Z,0.03530262,0.09632374
7/7/3/7/6/2/3/5/6 3 3,X,-0.75,2,SLEEP,Z,0.007481134,0.02237806
7/7/3/7/6/2/3/5/5 3 3,X,0.6428571428571428571428571429,2,SLEEP,Z,0,0
7/7/3/7/6/2/3/5/3 3 3,X,0.7857142857142857142857142857,2,SLEEP,Z,0.03687122,0.09603988
7/7/3/7/6/2/3/3/6 3 3,X,-0.75,4,SLEEP,Z,0.04685441,0.1471145
7/7/3/7/6/2/3/3/5 3 3,X,0.6428571428571428571428571429,2,SLEEP,Z,0.0677901,0.1528917
7/7/3/7/6/2/3/3/3 3 3,X,0.7857142857142857142857142857,4,SLEEP,Z,0.1389228,0.2566732
7/7/3/7/6/2/3/7/4 3 3,X,-0.75,4,SLEEP,Z,0.049513,0.3633859
7/7/3/7/6/2/3/7/2 3 3,X,0.6428571428571428571428571429,2,SLEEP,Z,0,0
7/7/3/7/6/2/3/7/1 3 3,X,0.7857142857142857142857142857,2,SLEEP,Z,0.02009177,0.05284148
7/7/3/7/6/2/7/2/6 3 3,X,-0.6666666666666666666666666666,2,SLEEP,Z,0.0281963,0.09590512
7/7/3/7/6/2/7/2/5 3 3,X,-0.5833333333333333333333333333,2,SLEEP,Z,0.02541173,0.07150298
7/7/3/7/6/2/7/2/3 3 3,X,0.6428571428571428571428571428,2,SLEEP,Z,0.02367791,0.05325917
7/7/3/7/6/2/7/6/4 3 3,X,-0.6666666666666666666666666666,4,SLEEP,Z,0.06724253,0.2131877
7/7/3/7/6/2/7/6/2 3 3,X,-0.5833333333333333333333333333,2,SLEEP,Z,0.0232771,0.07509328
7/7/3/7/6/2/7/6/1 3 3,X,0.6428571428571428571428571428,2,SLEEP,Z,0.01627229,0.04911813
7/7/3/7/6/2/7/5/4 3 3,X,-0.6666666666666666666666666666,4,SLEEP,Z,0.04239938,0.1576621
7/7/3/7/6/2/7/5/2 3 3,X,-0.5833333333333333333333333333,2,SLEEP,Z,0.009525214,0.03271886
7/7/3/7/6/2/7/5/1 3 3,X,0.6428571428571428571428571428,2,SLEEP,Z,0.0543968,0.08882403
7/7/3/7/6/2/7/3/4 3 3,X,-0.6666666666666666666666666666,6,SLEEP,Z,0.06760615,0.2688222
7/7/3/7/6/2/7/3/2 3 3,X,-0.5833333333333333333333333333,4,SLEEP,Z,0.03682861,0.1134556
7/7/3/7/6/2/7/3/1 3 3,X,0.6428571428571428571428571428,2,SLEEP,Z,0.01545542,0.04494481
7/7/3/7/6/6/2/2/7 3 3,X,-0.5833333333333333333333333333,4,SLEEP,Z,0.0386588,0.1166477
7/7/3/7/6/6/2/6/6 3 3,X,-0.6666666666666666666666666667,2,SLEEP,Z,0.04359482,0.1131361
7/7/3/7/6/6/2/6/5 3 3,X,-0.5833333333333333333333333333,4,SLEEP,Z,0.05875539,0.2042236
7/7/3/7/6/6/2/6/3 3 3,X,0.6428571428571428571428571429,2,SLEEP,Z,0,0
7/7/3/7/6/6/2/5/6 3 3,X,-0.6666666666666666666666666667,4,SLEEP,Z,0.06023886,0.1908747
7/7/3/7/6/6/2/5/5 3 3,X,-0.5833333333333333333333333333,2,SLEEP,Z,0.07269645,0.3296176
7/7/3/7/6/6/2/5/3 3 3,X,0.6428571428571428571428571429,2,SLEEP,Z,0.1680715,0.3483983
7/7/3/7/6/6/2/3/6 3 3,Z,0.7,4,SLEEP,Z,0.05114265,0.1779824
7/7/3/7/6/6/2/3/5 3 3,Z,0.7,2,SLEEP,Z,0.03682958,0.04044054
7/7/3/7/6/6/2/3/3 3 3,Z,0.7,2,SLEEP,Z,0.03540428,0.0987537
7/7/3/7/6/6/2/7/4 3 3,X,-0.6666666666666666666666666667,4,SLEEP,Z,0.057293,0.2113536
7/7/3/7/6/6/2/7/2 3 3,X,-0.5833333333333333333333333333,2,SLEEP,Z,0.07213685,0.1701181
7/7/3/7/6/6/2/7/1 3 3,X,0.6428571428571428571428571429,2,SLEEP,Z,0,0
7/7/3/7/6/6/6/2/6 3 3,X,-0.75,6,SLEEP,Z,0.08394934,0.3078375
7/7/3/7/6/6/6/2/5 3 3,X,-0.6666666666666666666666666667,6,SLEEP,Z,0.05833292,0.2050603
7/7/3/7/6/6/6/2/3 3 3,X,0.8333333333333333333333333333,2,SLEEP,Z,0.01148876,0.04053672
7/7/3/7/6/6/6/6/4 3 3,X,-0.75,4,SLEEP,Z,0.04267682,0.1531119
7/7/3/7/6/6/6/6/2 3 3,X,-0.6666666666666666666666666667,2,SLEEP,Z,0.01947066,0.06916485
7/7/3/7/6/6/6/6/1 3 3,X,0.8333333333333333333333333333,2,SLEEP,Z,0.01893175,0.05803508
7/7/3/7/6/6/6/5/4 3 3,X,-0.75,4,SLEEP,Z,0.0528934,0.191367
7/7/3/7/6/6/6/5/2 3 3,X,-0.6666666666666666666666666667,4,SLEEP,Z,0.05003436,0.171367
7/7/3/7/6/6/6/5/1 3 3,X,0.8333333333333333333333333333,2,SLEEP,Z,0.02454711,0.08093427
7/7/3/7/6/6/6/3/4 3 3,X,-0.75,4,SLEEP,Z,0.03704409,0.1458383
7/7/3/7/6/6/6/3/2 3 3,Z,0.7,6,SLEEP,Z,0.04967709,0.170838
7/7/3/7/6/6/6/3/1 3 3,X,0.8333333333333333333333333333,2,SLEEP,Z,0.0302335,0.08361468
7/7/3/7/6/6/5/2/6 3 3,X,-0.6666666666666666666666666667,4,SLEEP,Z,0.05597387,0.2047356
7/7/3/7/6/6/5/2/5 3 3,X,-0.5833333333333333333333333333,2,SLEEP,Z,0.01185623,0.04293439
7/7/3/7/6/6/5/2/3 3 3,X,0.6428571428571428571428571429,2,SLEEP,Z,0.01113391,0.02874215
7/7/3/7/6/6/5/6/4 3 3,X,-0.6666666666666666666666666667,2,SLEEP,Z,0.03900996,0.1523959
7/7/3/7/6/6/5/6/2 3 3,X,-0.5833333333333333333333333333,2,SLEEP,Z,0.03845518,0.1169302
7/7/3/7/6/6/5/6/1 3 3,X,0.6428571428571428571428571429,2,SLEEP,Z,0,0
7/7/3/7/6/6/5/5/4 3 3,X,-0.6666666666666666666666666667,6,SLEEP,Z,0.08225881,0.3166023
7/7/3/7/6/6/5/5/2 3 3,X,-0.5833333333333333333333333333,2,SLEEP,Z,0.02146451,0.07857873
7/7/3/7/6/6/5/5/1 3 3,X,0.6428571428571428571428571429,2,SLEEP,Z,0,0
7/7/3/7/6/6/5/3/4 3 3,Z,0.7,4,SLEEP,Z,0.1264419,0.3164197
7/7/3/7/6/6/5/3/2 3 3,Z,0.7,2,SLEEP,Z,0.0352568,0.1144535
7/7/3/7/6/6/5/3/1 3 3,Z,0.7,2,SLEEP,Z,0,0
7/7/3/7/6/6/3/2/6 3 3,X,-0.8333333333333333333333333333,2,SLEEP,Z,0.01369015,0.04517714
7/7/3/7/6/6/3/2/5 3 3,X,0.6428571428571428571428571429,2,SLEEP,Z,0,0
7/7/3/7/6/6/3/2/3 3 3,X,0.7857142857142857142857142857,2,SLEEP,Z,0,0
7/7/3/7/6/6/3/6/4 3 3,X,-0.8333333333333333333333333333,4,SLEEP,Z,0.0364023,0.1211332
7/7/3/7/6/6/3/6/2 3 3,X,0.6428571428571428571428571429,2,SLEEP,Z,0,0
7/7/3/7/6/6/3/6/1 3 3,X,0.7857142857142857142857142857,2,SLEEP,Z,0,0
7/7/3/7/6/6/3/5/4 3 3,X,-0.8333333333333333333333333333,2,SLEEP,Z,0.02240422,0.07240009
7/7/3/7/6/6/3/5/2 3 3,X,0.6428571428571428571428571429,2,SLEEP,Z,0,0
7/7/3/7/6/6/3/5/1 3 3,X,0.7857142857142857142857142857,2,SLEEP,Z,0,0
7/7/3/7/6/6/3/3/4 3 3,X,-0.8333333333333333333333333333,4,SLEEP,Z,0.04060674,0.129071
7/7/3/7/6/6/3/3/2 3 3,Z,0.7,2,SLEEP,Z,0.008392436,0.02532941
7/7/3/7/6/6/3/3/1 3 3,X,0.7857142857142857142857142857,2,SLEEP,Z,0.1336014,0.205114
7/7/3/7/6/6/7/2/4 3 3,X,-0.6666666666666666666666666667,2,SLEEP,Z,0.01635031,0.06155118
7/7/3/7/6/6/7/2/2 3 3,X,-0.5833333333333333333333333333,2,SLEEP,Z,0.01336354,0.0446016
7/7/3/7/6/6/7/2/1 3 3,X,0.6428571428571428571428571429,2,SLEEP,Z,0,0
7/7/3/7/6/5/2/2/7 3 3,X,-0.5833333333333333333333333333,2,SLEEP,Z,0.01304613,0.04027299
7/7/3/7/6/5/2/6/6 3 3,X,-0.6666666666666666666666666667,4,SLEEP,Z,0.05411129,0.1859716
7/7/3/7/6/5/2/6/5 3 3,X,-0.5833333333333333333333333333,2,SLEEP,Z,0.02320226,0.07435904
7/7/3/7/6/5/2/6/3 3 3,X,0.6428571428571428571428571429,2,SLEEP,Z,0,0
7/7/3/7/6/5/2/5/6 3 3,X,-0.6666666666666666666666666667,4,SLEEP,Z,0.04478697,0.1324572
7/7/3/7/6/5/2/5/5 3 3,X,-0.5833333333333333333333333333,2,SLEEP,Z,0,0
7/7/3/7/6/5/2/5/3 3 3,X,0.6428571428571428571428571429,2,SLEEP,Z,0,0
7/7/3/7/6/5/2/3/6 3 3,X,-0.6666666666666666666666666667,4,SLEEP,Z,0.04080959,0.1327958
7/7/3/7/6/5/2/3/5 3 3,X,-0.5833333333333333333333333333,4,SLEEP,Z,0.02935917,0.09450535
7/7/3/7/6/5/2/3/3 3 3,X,0.6428571428571428571428571429,2,SLEEP,Z,0.02773664,0.04499124
7/7/3/7/6/5/2/7/4 3 3,X,-0.6666666666666666666666666667,4,SLEEP,Z,0.05826551,0.1696233
7/7/3/7/6/5/2/7/2 3 3,X,-0.5833333333333333333333333333,2,SLEEP,Z,0.0283534,0.09851146
7/7/3/7/6/5/2/7/1 3 3,X,0.6428571428571428571428571429,2,SLEEP,Z,0.01768729,0.04468799
7/7/3/7/6/5/6/2/6 3 3,X,-0.75,6,SLEEP,Z,0.1037158,0.3109749
7/7/3/7/6/5/6/2/5 3 3,X,-0.6666666666666666666666666667,4,SLEEP,Z,0.04063352,0.1357086
7/7/3/7/6/5/6/2/3 3 3,X,0.8333333333333333333333333333,2,SLEEP,Z,0.007794189,0.02583138
7/7/3/7/6/5/6/6/4 3 3,X,-0.75,6,SLEEP,Z,0.09877896,0.354965
7/7/3/7/6/5/6/6/2 3 3,X,-0.6666666666666666666666666667,4,SLEEP,Z,0.05532915,0.2009885
7/7/3/7/6/5/6/6/1 3 3,X,0.8333333333333333333333333333,2,SLEEP,Z,0.02238636,0.07618719
7/7/3/7/6/5/6/5/4 3 3,X,-0.75,4,SLEEP,Z,0.06418396,0.246613
7/7/3/7/6/5/6/5/2 3 3,X,-0.6666666666666666666666666667,2,SLEEP,Z,0.01835176,0.06507289
7/7/3/7/6/5/6/5/1 3 3,X,0.8333333333333333333333333333,2,SLEEP,Z,0,0
7/7/3/7/6/5/6/3/4 3 3,X,-0.75,4,SLEEP,Z,0.06007054,0.2290893
7/7/3/7/6/5/6/3/2 3 3,X,-0.6666666666666666666666666667,4,SLEEP,Z,0.05517276,0.1974958
7/7/3/7/6/5/6/3/1 3 3,X,0.8333333333333333333333333333,2,SLEEP,Z,0.006837071,0.02466268
7/7/3/7/6/5/5/2/6 3 3,X,-0.6666666666666666666666666667,4,SLEEP,Z,0.07495616,0.2039699
7/7/3/7/6/5/5/2/5 3 3,X,-0.5833333333333333333333333333,4,SLEEP,Z,0.02611849,0.09591861
7/7/3/7/6/5/5/2/3 3 3,X,0.6428571428571428571428571429,2,SLEEP,Z,0.005686018,0.02122051
7/7/3/7/6/5/5/6/4 3 3,X,-0.6666666666666666666666666667,4,SLEEP,Z,0.0451959,0.1661516
7/7/3/7/6/5/5/6/2 3 3,X,-0.5833333333333333333333333333,2,SLEEP,Z,0.02171428,0.07633903
7/7/3/7/6/5/5/6/1 3 3,X,0.6428571428571428571428571429,2,SLEEP,Z,0.03214644,0.06004518
7/7/3/7/6/5/5/5/4 3 3,X,-0.6666666666666666666666666667,6,SLEEP,Z,0.04824378,0.1759889
7/7/3/7/6/5/5/5/2 3 3,X,-0.5833333333333333333333333333,2,SLEEP,Z,0.02042988,0.07117003
7/7/3/7/6/5/5/5/1 3 3,X,0.6428571428571428571428571429,2,SLEEP,Z,0.006055871,0.02175823
7/7/3/7/6/5/5/3/4 3 3,X,-0.6666666666666666666666666667,2,SLEEP,Z,0.02693221,0.09966497
7/7/3/7/6/5/5/3/2 3 3,X,-0.5833333333333333333333333333,4,SLEEP,Z,0.05343848,0.1687963
7/7/3/7/6/5/5/3/1 3 3,X,0.6428571428571428571428571429,2,SLEEP,Z,0,0
7/7/3/7/6/5/3/2/6 3 3,X,-0.8333333333333333333333333333,2,SLEEP,Z,0.01759666,0.05968618
7/7/3/7/6/5/3/2/5 3 3,X,0.6428571428571428571428571429,2,SLEEP,Z,0.007568967,0.02401705
7/7/3/7/6/5/3/2/3 3 3,X,0.7857142857142857142857142857,2,SLEEP,Z,0,0
7/7/3/7/6/5/3/6/4 3 3,X,-0.8333333333333333333333333333,2,SLEEP,Z,0.04372828,0.06083571
7/7/3/7/6/5/3/6/2 3 3,X,0.6428571428571428571428571429,2,SLEEP,Z,0.02597768,0.06031635
7/7/3/7/6/5/3/6/1 3 3,X,0.7857142857142857142857142857,2,SLEEP,Z,0.01382743,0.02872528
7/7/3/7/6/5/3/5/4 3 3,X,-0.8333333333333333333333333333,2,SLEEP,Z,0.04839322,0.14563
7/7/3/7/6/5/3/5/2 3 3,X,0.6428571428571428571428571429,2,SLEEP,Z,0.0265894,0.1415691
7/7/3/7/6/5/3/5/1 3 3,X,0.7857142857142857142857142857,2,SLEEP,Z,0.001509631,0.003955214
7/7/3/7/6/5/3/3/4 3 3,X,-0.8333333333333333333333333333,4,SLEEP,Z,0.0714927,0.1662076
7/7/3/7/6/5/3/3/2 3 3,X,0.6428571428571428571428571429,2,SLEEP,Z,0,0
7/7/3/7/6/5/3/3/1 3 3,X,0.7857142857142857142857142857,2,SLEEP,Z,0.03688385,0.07118327
7/7/3/7/6/5/7/2/4 3 3,X,-0.6666666666666666666666666667,2,SLEEP,Z,0.02900805,0.107668
7/7/3/7/6/5/7/2/2 3 3,X,-0.5833333333333333333333333333,2,SLEEP,Z,0.03188807,0.1251695
7/7/3/7/6/5/7/2/1 3 3,X,0.6428571428571428571428571429,2,SLEEP,Z,0.007588429,0.02653206
7/7/3/7/6/3/2/2/7 3 3,X,-0.5833333333333333333333333333,2,SLEEP,Z,0.02916489,0.0912713
7/7/3/7/6/3/2/6/6 3 3,Z,-0.7,6,SLEEP,Z,0.07147248,0.2088767
7/7/3/7/6/3/2/6/5 3 3,Z,-0.7,2,SLEEP,Z,0.006833852,0.02373238
7/7/3/7/6/3/2/6/3 3 3,Z,-0.7,2,SLEEP,Z,0,0
7/7/3/7/6/3/2/5/6 3 3,X,-0.6666666666666666666666666667,6,SLEEP,Z,0.08188542,0.2679838
7/7/3/7/6/3/2/5/5 3 3,X,-0.5833333333333333333333333333,2,SLEEP,Z,0,0
7/7/3/7/6/3/2/5/3 3 3,X,0.6428571428571428571428571429,2,SLEEP,Z,0,0
7/7/3/7/6/3/2/3/6 3 3,X,-0.6666666666666666666666666667,4,SLEEP,Z,0.05860098,0.1983977
7/7/3/7/6/3/2/3/5 3 3,X,-0.5833333333333333333333333333,4,SLEEP,Z,0.03262529,0.1143055
7/7/3/7/6/3/2/3/3 3 3,X,0.6428571428571428571428571429,2,SLEEP,Z,0.01831827,0.04354735
7/7/3/7/6/3/2/7/4 3 3,X,-0.6666666666666666666666666667,4,SLEEP,Z,0.03389902,0.1152024
7/7/3/7/6/3/2/7/2 3 3,X,-0.5833333333333333333333333333,2,SLEEP,Z,0,0
7/7/3/7/6/3/2/7/1 3 3,X,0.6428571428571428571428571429,2,SLEEP,Z,0.05192408,0.05501653
7/7/3/7/6/3/6/2/6 3 3,X,-0.75,4,SLEEP,Z,0.04364341,0.1576765
7/7/3/7/6/3/6/2/5 3 3,X,-0.6666666666666666666666666667,4,SLEEP,Z,0.03278566,0.116915
7/7/3/7/6/3/6/2/3 3 3,X,0.8333333333333333333333333333,2,SLEEP,Z,0,0
7/7/3/7/6/3/6/6/4 3 3,X,-0.75,6,SLEEP,Z,0.07983185,0.2725261
7/7/3/7/6/3/6/6/2 3 3,Z,-0.7,2,SLEEP,Z,0.04244803,0.1488101
7/7/3/7/6/3/6/6/1 3 3,X,0.8333333333333333333333333333,2,SLEEP,Z,0.00878258,0.02971645
7/7/3/7/6/3/6/5/4 3 3,X,-0.75,2,SLEEP,Z,0.02750344,0.1058966
7/7/3/7/6/3/6/5/2 3 3,X,-0.6666666666666666666666666667,4,SLEEP,Z,0.05417006,0.1952532
7/7/3/7/6/3/6/5/1 3 3,X,0.8333333333333333333333333333,2,SLEEP,Z,0.02668407,0.04710164
7/7/3/7/6/3/6/3/4 3 3,X,-0.75,6,SLEEP,Z,0.07438392,0.2710829
7/7/3/7/6/3/6/3/2 3 3,X,-0.6666666666666666666666666667,2,SLEEP,Z,0.02894021,0.1032354
7/7/3/7/6/3/6/3/1 3 3,X,0.8333333333333333333333333333,2,SLEEP,Z,0.009767996,0.03197201
7/7/3/7/6/3/5/2/6 3 3,X,-0.6666666666666666666666666667,2,SLEEP,Z,0.04784095,0.1206598
7/7/3/7/6/3/5/2/5 3 3,X,-0.5833333333333333333333333333,6,SLEEP,Z,0.07709686,0.1785593
7/7/3/7/6/3/5/2/3 3 3,X,0.6428571428571428571428571429,2,SLEEP,Z,0,0
7/7/3/7/6/3/5/6/4 3 3,Z,-0.7,4,SLEEP,Z,0.03882015,0.1114433
7/7/3/7/6/3/5/6/2 3 3,Z,-0.7,2,SLEEP,Z,0.01975983,0.03970902
7/7/3/7/6/3/5/6/1 3 3,Z,-0.7,2,SLEEP,Z,0.05008584,0.07940445
7/7/3/7/6/3/5/5/4 3 3,X,-0.6666666666666666666666666667,2,SLEEP,Z,0.02836573,0.07370344
7/7/3/7/6/3/5/5/2 3 3,X,-0.5833333333333333333333333333,2,SLEEP,Z,0.0344466,0.1142832
7/7/3/7/6/3/5/5/1 3 3,X,0.6428571428571428571428571429,2,SLEEP,Z,0,0
7/7/3/7/6/3/5/3/4 3 3,X,-0.6666666666666666666666666667,4,SLEEP,Z,0.03171131,0.1280156
7/7/3/7/6/3/5/3/2 3 3,X,-0.5833333333333333333333333333,2,SLEEP,Z,0.01617225,0.06041044
7/7/3/7/6/3/5/3/1 3 3,X,0.6428571428571428571428571429,2,SLEEP,Z,0.032524,0.07329199
7/7/3/7/6/3/3/2/6 3 3,X,-0.8333333333333333333333333333,2,SLEEP,Z,0.05441368,0.08001996
7/7/3/7/6/3/3/2/5 3 3,X,0.6428571428571428571428571429,2,SLEEP,Z,0,0
7/7/3/7/6/3/3/2/3 3 3,X,0.7857142857142857142857142857,2,SLEEP,Z,0,0
7/7/3/7/6/3/3/6/4 3 3,X,-0.8333333333333333333333333333,2,SLEEP,Z,0.038439,0.07534874
7/7/3/7/6/3/3/6/2 3 3,Z,-0.7,2,SLEEP,Z,0.01991419,0.04942916
7/7/3/7/6/3/3/6/1 3 3,X,0.7857142857142857142857142857,2,SLEEP,Z,0.02248971,0.0557861
7/7/3/7/6/3/3/5/4 3 3,X,-0.8333333333333333333333333333,2,SLEEP,Z,0.01300655,0.04369678
7/7/3/7/6/3/3/5/2 3 3,X,0.6428571428571428571428571429,2,SLEEP,Z,0.006823613,0.02688526
7/7/3/7/6/3/3/5/1 3 3,X,0.7857142857142857142857142857,2,SLEEP,Z,0.02123098,0.09063247
7/7/3/7/6/3/3/3/4 3 3,X,-0.8333333333333333333333333333,6,SLEEP,Z,0.07148654,0.3546465
7/7/3/7/6/3/3/3/2 3 3,X,0.6428571428571428571428571429,2,SLEEP,Z,0,0
7/7/3/7/6/3/3/3/1 3 3,X,0.7857142857142857142857142857,2,SLEEP,Z,0.01632996,0.04836236
7/7/3/7/6/3/7/2/4 3 3,X,-0.6666666666666666666666666667,2,SLEEP,Z,0.01956671,0.07502853
7/7/3/7/6/3/7/2/2 3 3,X,-0.5833333333333333333333333333,2,SLEEP,Z,0.01756901,0.06083358
7/7/3/7/6/3/7/2/1 3 3,X,0.6428571428571428571428571429,2,SLEEP,Z,0.08079031,0.09440858
7/7/3/7/6/7/2/2/6 3 3,X,-0.6666666666666666666666666667,4,SLEEP,Z,0.05838958,0.2025622
7/7/3/7/6/7/2/2/5 3 3,X,-0.5833333333333333333333333333,2,SLEEP,Z,0.02373555,0.0695098
7/7/3/7/6/7/2/2/3 3 3,X,0.6666666666666666666666666666,2,SLEEP,Z,0.01953352,0.03262447
7/7/3/7/6/7/2/6/4 3 3,X,-0.6666666666666666666666666667,4,SLEEP,Z,0.05705379,0.1782907
7/7/3/7/6/7/2/6/2 3 3,X,-0.5833333333333333333333333333,2,SLEEP,Z,0.02811674,0.1019056
7/7/3/7/6/7/2/6/1 3 3,X,0.6666666666666666666666666666,2,SLEEP,Z,0.01300471,0.03893608
7/7/3/7/6/7/2/5/4 3 3,X,-0.6666666666666666666666666667,2,SLEEP,Z,0.0373654,0.09325817
7/7/3/7/6/7/2/5/2 3 3,X,-0.5833333333333333333333333333,2,SLEEP,Z,0.02858063,0.06897398
7/7/3/7/6/7/2/5/1 3 3,X,0.6666666666666666666666666666,2,SLEEP,Z,0.1258065,0.2781717
7/7/3/7/6/7/2/3/4 3 3,X,-0.6666666666666666666666666667,2,SLEEP,Z,0.0429507,0.1034246
7/7/3/7/6/7/2/3/2 3 3,X,-0.5833333333333333333333333333,2,SLEEP,Z,0.06079746,0.144928
7/7/3/7/6/7/2/3/1 3 3,X,0.6666666666666666666666666666,2,SLEEP,Z,0.05028905,0.05493723
7/7/3/7/6/7/6/2/4 3 3,X,-0.75,6,SLEEP,Z,0.1175072,0.3919788
7/7/3/7/6/7/6/2/2 3 3,X,-0.6666666666666666666666666667,4,SLEEP,Z,0.05571454,0.2079829
7/7/3/7/6/7/5/2/4 3 3,X,-0.6666666666666666666666666667,2,SLEEP,Z,0.02577347,0.09928024
7/7/3/7/6/7/5/2/2 3 3,X,-0.5833333333333333333333333333,2,SLEEP,Z,0.02783801,0.101528
7/7/3/7/6/7/5/2/1 3 3,X,0.6428571428571428571428571429,2,SLEEP,Z,0,0
7/7/3/7/6/7/3/2/2 3 3,X,0.6428571428571428571428571429,2,SLEEP,Z,0.04993299,0.2832755
7/7/3/7/6/7/3/2/1 3 3,X,0.7857142857142857142857142857,2,SLEEP,Z,0,0
7/7/3/3/5/2/2/7/7 3 3,X,-0.5,4,SLEEP,Z,0.03501091,0.0908084
7/7/3/3/5/2/6/6/7 3 3,Z,-0.60,6,SLEEP,Z,0.08018627,0.241052
7/7/3/3/5/2/6/5/7 3 3,X,-0.5833333333333333333333333333,6,SLEEP,Z,0.06248526,0.2391643
7/7/3/3/5/2/6/3/7 3 3,X,-0.5833333333333333333333333333,2,SLEEP,Z,0.03735255,0.1277114
7/7/3/3/5/2/6/7/6 3 3,X,-0.6666666666666666666666666667,6,SLEEP,Z,0.05232678,0.1970642
7/7/3/3/5/2/6/7/5 3 3,X,-0.5833333333333333333333333333,6,SLEEP,Z,0.09718327,0.3494574
7/7/3/3/5/2/6/7/3 3 3,X,0.7,2,SLEEP,Z,0.0399615,0.09001374
7/7/3/3/5/2/5/6/7 3 3,Z,-0.60,8,SLEEP,Z,0.1516463,0.4239702
7/7/3/3/5/2/5/5/7 3 3,X,-0.5,2,SLEEP,Z,0.02529683,0.05988178
7/7/3/3/5/2/5/3/7 3 3,X,-0.5,4,SLEEP,Z,0.01611662,0.0559293
7/7/3/3/5/2/5/7/6 3 3,X,-0.5833333333333333333333333333,2,SLEEP,Z,0.05858312,0.1944355
7/7/3/3/5/2/5/7/5 3 3,X,-0.5,4,SLEEP,Z,0.08946644,0.3313447
7/7/3/3/5/2/5/7/3 3 3,Z,-0.5,2,SLEEP,Z,0.0233188,0.07457794
7/7/3/3/5/2/3/6/7 3 3,Z,-0.60,6,SLEEP,Z,0.08677462,0.2473737
7/7/3/3/5/2/3/5/7 3 3,Z,-0.5,2,SLEEP,Z,0.02780906,0.08785862
7/7/3/3/5/2/3/3/7 3 3,X,-0.5,2,SLEEP,Z,0.01702549,0.05833084
7/7/3/3/5/2/3/7/6 3 3,X,-0.7,2,SLEEP,Z,0.03562654,0.0937566
7/7/3/3/5/2/3/7/5 3 3,Z,-0.5,4,SLEEP,Z,0.03755394,0.109866
7/7/3/3/5/2/3/7/3 3 3,Z,-0.5,4,SLEEP,Z,0.08864665,0.3695409
7/7/3/3/5/2/7/2/7 3 3,X,-0.5,4,SLEEP,Z,0.05035944,0.1579804
7/7/3/3/5/2/7/6/6 3 3,Z,-0.60,4,SLEEP,Z,0.1563394,0.2987793
7/7/3/3/5/2/7/6/5 3 3,Z,-0.60,6,SLEEP,Z,0.1216179,0.2980968
7/7/3/3/5/2/7/6/3 3 3,Z,-0.60,2,SLEEP,Z,0.05585946,0.1593774
7/7/3/3/5/2/7/5/6 3 3,X,-0.5833333333333333333333333333,10,SLEEP,Z,0.04587314,0.159899
7/7/3/3/5/2/7/5/5 3 3,X,-0.5,6,SLEEP,Z,0.07258671,0.3608719
7/7/3/3/5/2/7/5/3 3 3,Z,-0.5,2,SLEEP,Z,0.01361582,0.04189599
7/7/3/3/5/2/7/3/6 3 3,X,-0.5833333333333333333333333333,2,SLEEP,Z,0.05244539,0.1940187
7/7/3/3/5/2/7/3/5 3 3,X,-0.5,4,SLEEP,Z,0.02028637,0.07860672
7/7/3/3/5/2/7/3/3 3 3,Z,-0.5,2,SLEEP,Z,0,0
7/7/3/3/5/2/7/7/4 3 3,X,-0.5833333333333333333333333333,6,SLEEP,Z,0.04405289,0.1493994
7/7/3/3/5/2/7/7/2 3 3,X,-0.5,6,SLEEP,Z,0.0519755,0.1151252
7/7/3/3/5/2/7/7/1 3 3,Z,-0.5,2,SLEEP,Z,0.02102993,0.05919621
7/7/3/3/5/6/2/6/7 3 3,Z,-0.7,4,SLEEP,Z,0.06288629,0.191577
7/7/3/3/5/6/2/5/7 3 3,Z,-0.60,6,SLEEP,Z,0.05353855,0.1531519
7/7/3/3/5/6/2/3/7 3 3,Z,0.6666666666666666666666666667,4,SLEEP,Z,0.02912778,0.1136903
7/7/3/3/5/6/2/7/6 3 3,Z,-0.60,6,SLEEP,Z,0.06782738,0.220008
7/7/3/3/5/6/2/7/5 3 3,Z,-0.60,4,SLEEP,Z,0.0625321,0.2300208
7/7/3/3/5/6/2/7/3 3 3,Z,-0.60,2,SLEEP,Z,0.04324022,0.08408814
7/7/3/3/5/6/6/2/7 3 3,Z,-0.60,4,SLEEP,Z,0.03772634,0.1131675
7/7/3/3/5/6/6/6/6 3 3,Z,-0.7,6,SLEEP,Z,0.07290132,0.2496743
7/7/3/3/5/6/6/6/5 3 3,Z,-0.7,6,SLEEP,Z,0.08039866,0.2563544
7/7/3/3/5/6/6/6/3 3 3,X,0.75,4,SLEEP,Z,0.1080827,0.2844809
7/7/3/3/5/6/6/5/6 3 3,X,-0.6666666666666666666666666667,196,SLEEP,Z,0.04228559,0.1668245
7/7/3/3/5/6/6/5/5 3 3,Z,-0.60,4,SLEEP,Z,0.1094246,0.3304299
7/7/3/3/5/6/6/5/3 3 3,X,0.75,6,SLEEP,Z,0.05088988,0.1635019
7/7/3/3/5/6/6/3/6 3 3,X,-0.6666666666666666666666666667,4,SLEEP,Z,0.06598611,0.2465434
7/7/3/3/5/6/6/3/5 3 3,Z,0.6666666666666666666666666667,2,SLEEP,Z,0.02563465,0.09710411
7/7/3/3/5/6/6/3/3 3 3,X,0.75,4,SLEEP,Z,0.03682686,0.1210598
7/7/3/3/5/6/6/7/4 3 3,X,-0.6666666666666666666666666667,4,SLEEP,Z,0.06901594,0.2315095
7/7/3/3/5/6/6/7/2 3 3,Z,-0.60,2,SLEEP,Z,0.02087186,0.07480055
7/7/3/3/5/6/6/7/1 3 3,X,0.75,2,SLEEP,Z,0.02772887,0.09167723
7/7/3/3/5/6/5/2/7 3 3,Z,-0.60,4,SLEEP,Z,0.03104662,0.09356459
7/7/3/3/5/6/5/6/6 3 3,Z,-0.7,6,SLEEP,Z,0.06264534,0.2037373
7/7/3/3/5/6/5/6/5 3 3,Z,-0.7,4,SLEEP,Z,0.02262335,0.07529649
7/7/3/3/5/6/5/6/3 3 3,Z,-0.7,4,SLEEP,Z,0.06609553,0.2161716
7/7/3/3/5/6/5/5/6 3 3,Z,-0.60,8,SLEEP,Z,0.03188931,0.1201951
7/7/3/3/5/6/5/5/5 3 3,Z,-0.60,6,SLEEP,Z,0.06281485,0.2198674
7/7/3/3/5/6/5/5/3 3 3,Z,-0.60,2,SLEEP,Z,0.02154255,0.06886903
7/7/3/3/5/6/5/3/6 3 3,Z,0.6666666666666666666666666667,4,SLEEP,Z,0.04528154,0.1611386
7/7/3/3/5/6/5/3/5 3 3,Z,0.6666666666666666666666666667,4,SLEEP,Z,0.04401731,0.1417054
7/7/3/3/5/6/5/3/3 3 3,Z,0.6666666666666666666666666667,4,SLEEP,Z,0.03510157,0.1295932
7/7/3/3/5/6/5/7/4 3 3,Z,-0.60,42,SLEEP,Z,0.06644206,0.249341
7/7/3/3/5/6/5/7/2 3 3,Z,-0.60,6,SLEEP,Z,0.07729904,0.2500253
7/7/3/3/5/6/5/7/1 3 3,Z,-0.60,2,SLEEP,Z,0.04438853,0.1086282
7/7/3/3/5/6/3/2/7 3 3,Z,-0.60,4,SLEEP,Z,0.04217536,0.1237441
7/7/3/3/5/6/3/6/6 3 3,X,-0.75,6,SLEEP,Z,0.09233902,0.321227
7/7/3/3/5/6/3/6/5 3 3,Z,-0.7,2,SLEEP,Z,0.02919204,0.08690779
7/7/3/3/5/6/3/6/3 3 3,Z,-0.7,4,SLEEP,Z,0.1086458,0.3370661
7/7/3/3/5/6/3/5/6 3 3,X,-0.75,2,SLEEP,Z,0.1116253,0.4170446
7/7/3/3/5/6/3/5/5 3 3,Z,-0.60,4,SLEEP,Z,0.07680689,0.39092
7/7/3/3/5/6/3/5/3 3 3,Z,-0.60,2,SLEEP,Z,0,0
7/7/3/3/5/6/3/3/6 3 3,X,-0.75,2,SLEEP,Z,0,0
7/7/3/3/5/6/3/3/5 3 3,Z,0.6666666666666666666666666667,2,SLEEP,Z,0.01945889,0.04277888
7/7/3/3/5/6/3/3/3 3 3,Z,0.6666666666666666666666666667,2,SLEEP,Z,0.02519475,0.3537681
7/7/3/3/5/6/3/7/4 3 3,X,-0.75,2,SLEEP,Z,0.04968019,0.1868422
7/7/3/3/5/6/3/7/2 3 3,Z,-0.60,2,SLEEP,Z,0.01112986,0.04690797
7/7/3/3/5/6/3/7/1 3 3,Z,-0.60,2,SLEEP,Z,0.02749035,0.08649787
7/7/3/3/5/6/7/2/6 3 3,Z,-0.60,8,SLEEP,Z,0.05895,0.2106146
7/7/3/3/5/6/7/2/5 3 3,Z,-0.60,6,SLEEP,Z,0.02642146,0.08677832
7/7/3/3/5/6/7/2/3 3 3,Z,-0.60,6,SLEEP,Z,0.04482979,0.09032065
7/7/3/3/5/6/7/6/4 3 3,Z,-0.7,6,SLEEP,Z,0.1007168,0.3308573
7/7/3/3/5/6/7/6/2 3 3,Z,-0.7,6,SLEEP,Z,0.1209578,0.3682387
7/7/3/3/5/6/7/6/1 3 3,Z,-0.7,4,SLEEP,Z,0.07252391,0.2208036
7/7/3/3/5/6/7/5/4 3 3,Z,-0.60,4,SLEEP,Z,0.07891808,0.2742314
7/7/3/3/5/6/7/5/2 3 3,Z,-0.60,4,SLEEP,Z,0.1106027,0.3339356
7/7/3/3/5/6/7/5/1 3 3,Z,-0.60,4,SLEEP,Z,0.0477717,0.145823
7/7/3/3/5/6/7/3/4 3 3,Z,0.6666666666666666666666666666,2,SLEEP,Z,0.03670096,0.1395541
7/7/3/3/5/6/7/3/2 3 3,Z,0.6666666666666666666666666666,4,SLEEP,Z,0.02730457,0.09983598
7/7/3/3/5/6/7/3/1 3 3,Z,0.6666666666666666666666666666,2,SLEEP,Z,0.01337028,0.04157538
7/7/3/3/5/5/2/6/7 3 3,Z,-0.60,4,SLEEP,Z,0.04627943,0.1085107
7/7/3/3/5/5/2/5/7 3 3,X,-0.5,2,SLEEP,Z,0.02987432,0.1078969
7/7/3/3/5/5/2/3/7 3 3,X,-0.5,4,SLEEP,Z,0.05652837,0.3461044
7/7/3/3/5/5/2/7/6 3 3,X,-0.5833333333333333333333333333,4,SLEEP,Z,0.05100228,0.1637133
7/7/3/3/5/5/2/7/5 3 3,X,-0.5,2,SLEEP,Z,0.01932139,0.06358365
7/7/3/3/5/5/2/7/3 3 3,Z,-0.5,2,SLEEP,Z,0.02210277,0.07718207
7/7/3/3/5/5/6/2/7 3 3,X,-0.5833333333333333333333333333,4,SLEEP,Z,0.04859492,0.1600123
7/7/3/3/5/5/6/6/6 3 3,X,-0.6666666666666666666666666667,4,SLEEP,Z,0.06344263,0.2236494
7/7/3/3/5/5/6/6/5 3 3,Z,-0.60,6,SLEEP,Z,0.06695141,0.2250158
7/7/3/3/5/5/6/6/3 3 3,X,0.75,4,SLEEP,Z,0.1225709,0.2690642
7/7/3/3/5/5/6/5/5 3 3,X,-0.5833333333333333333333333333,2,SLEEP,Z,0.0189534,0.0691857
7/7/3/3/5/5/6/5/3 3 3,X,0.75,2,SLEEP,Z,0.03092536,0.08247652
7/7/3/3/5/5/6/3/6 3 3,X,-0.6666666666666666666666666667,4,SLEEP,Z,0.0300834,0.1122205
7/7/3/3/5/5/6/3/5 3 3,X,-0.5833333333333333333333333333,4,SLEEP,Z,0.04106153,0.1766235
7/7/3/3/5/5/6/3/3 3 3,X,0.75,2,SLEEP,Z,0.02472031,0.07443374
7/7/3/3/5/5/6/5/6 3 3,X,-0.6666666666666666666666666667,4,SLEEP,Z,0.02813826,0.1005664
7/7/3/3/5/5/6/7/4 3 3,X,-0.6666666666666666666666666667,6,SLEEP,Z,0.05601687,0.2161997
7/7/3/3/5/5/6/7/2 3 3,X,-0.5833333333333333333333333333,6,SLEEP,Z,0.03526794,0.1284038
7/7/3/3/5/5/6/7/1 3 3,X,0.75,4,SLEEP,Z,0.03065371,0.07419312
7/7/3/3/5/5/5/2/7 3 3,X,-0.5,4,SLEEP,Z,0.03151004,0.1015077
7/7/3/3/5/5/5/6/6 3 3,Z,-0.60,2,SLEEP,Z,0.04022653,0.1371756
7/7/3/3/5/5/5/6/5 3 3,Z,-0.60,4,SLEEP,Z,0.1201546,0.3569987
7/7/3/3/5/5/5/6/3 3 3,Z,-0.60,4,SLEEP,Z,0.07450471,0.2032197
7/7/3/3/5/5/5/5/6 3 3,X,-0.5833333333333333333333333333,6,SLEEP,Z,0.0610591,0.2284884
7/7/3/3/5/5/5/5/5 3 3,X,-0.5,4,SLEEP,Z,0.0267555,0.05749195
7/7/3/3/5/5/5/5/3 3 3,Z,-0.5,2,SLEEP,Z,0.01318397,0.03795462
7/7/3/3/5/5/5/3/6 3 3,X,-0.5833333333333333333333333333,4,SLEEP,Z,0.04335879,0.1644589
7/7/3/3/5/5/5/3/5 3 3,X,-0.5,4,SLEEP,Z,0.09103176,0.1652076
7/7/3/3/5/5/5/3/3 3 3,Z,-0.5,4,SLEEP,Z,0.02245079,0.09140196
7/7/3/3/5/5/5/7/4 3 3,X,-0.5833333333333333333333333333,4,SLEEP,Z,0.02326403,0.08948655
7/7/3/3/5/5/5/7/2 3 3,X,-0.5,4,SLEEP,Z,0.03255498,0.1286335
7/7/3/3/5/5/5/7/1 3 3,Z,-0.5,2,SLEEP,Z,0.06815634,0.1553116
7/7/3/3/5/5/3/2/7 3 3,Z,-0.5,4,SLEEP,Z,0.0571833,0.1198197
7/7/3/3/5/5/3/6/6 3 3,X,-0.75,4,SLEEP,Z,0.05313913,0.1838193
7/7/3/3/5/5/3/6/5 3 3,Z,-0.60,6,SLEEP,Z,0.046956,0.156691
7/7/3/3/5/5/3/6/3 3 3,Z,-0.60,2,SLEEP,Z,0.01577894,0.05214187
7/7/3/3/5/5/3/5/6 3 3,X,-0.75,4,SLEEP,Z,0.03966655,0.1457948
7/7/3/3/5/5/3/5/5 3 3,Z,-0.5,4,SLEEP,Z,0.02747521,0.09172743
7/7/3/3/5/5/3/5/3 3 3,Z,-0.5,2,SLEEP,Z,0.02396204,0.07870954
7/7/3/3/5/5/3/3/6 3 3,X,-0.75,4,SLEEP,Z,0.06267006,0.1353089
7/7/3/3/5/5/3/3/5 3 3,X,-0.5,2,SLEEP,Z,0.01556275,0.06107166
7/7/3/3/5/5/3/3/3 3 3,Z,-0.5,2,SLEEP,Z,0.04457432,0.2135402
7/7/3/3/5/5/3/7/4 3 3,X,-0.75,4,SLEEP,Z,0.05695571,0.1956547
7/7/3/3/5/5/3/7/2 3 3,Z,-0.5,4,SLEEP,Z,0.05123122,0.1339322
7/7/3/3/5/5/3/7/1 3 3,Z,-0.5,2,SLEEP,Z,0.02339152,0.0805651
7/7/3/3/5/5/7/2/6 3 3,X,-0.5833333333333333333333333333,4,SLEEP,Z,0.1058612,0.2807103
7/7/3/3/5/5/7/2/5 3 3,X,-0.5,4,SLEEP,Z,0.05896045,0.1297859
7/7/3/3/5/5/7/2/3 3 3,Z,-0.5,4,SLEEP,Z,0.04477654,0.147956
7/7/3/3/5/5/7/6/4 3 3,Z,-0.60,4,SLEEP,Z,0.03615827,0.138048
7/7/3/3/5/5/7/6/2 3 3,Z,-0.60,4,SLEEP,Z,0.03572609,0.1145978
7/7/3/3/5/5/7/6/1 3 3,Z,-0.60,4,SLEEP,Z,0.0276952,0.09803469
7/7/3/3/5/5/7/5/4 3 3,X,-0.5833333333333333333333333333,4,SLEEP,Z,0.02236902,0.08283197
7/7/3/3/5/5/7/5/2 3 3,X,-0.5,4,SLEEP,Z,0.02513501,0.0885139
7/7/3/3/5/5/7/5/1 3 3,Z,-0.5,2,SLEEP,Z,0.01985228,0.07464275
7/7/3/3/5/5/7/3/4 3 3,X,-0.5833333333333333333333333333,2,SLEEP,Z,0.02300725,0.0890526
7/7/3/3/5/5/7/3/2 3 3,X,-0.5,2,SLEEP,Z,0,0
7/7/3/3/5/5/7/3/1 3 3,Z,-0.5,4,SLEEP,Z,0.05370901,0.1250041
7/7/3/3/5/3/2/6/7 3 3,Z,-0.6666666666666666666666666667,2,SLEEP,Z,0.02853946,0.07951409
7/7/3/3/5/3/2/5/7 3 3,X,-0.5,4,SLEEP,Z,0.04900843,0.1055136
7/7/3/3/5/3/2/3/7 3 3,X,-0.5,2,SLEEP,Z,0.0146114,0.04809939
7/7/3/3/5/3/2/7/6 3 3,X,-0.5833333333333333333333333333,6,SLEEP,Z,0.05771816,0.2000697
7/7/3/3/5/3/2/7/5 3 3,X,-0.5,4,SLEEP,Z,0.03373195,0.1318111
7/7/3/3/5/3/2/7/3 3 3,Z,-0.5,2,SLEEP,Z,0,0
7/7/3/3/5/3/6/2/7 3 3,X,-0.5833333333333333333333333333,2,SLEEP,Z,0.04515544,0.1204354
7/7/3/3/5/3/6/6/6 3 3,X,-0.6666666666666666666666666667,4,SLEEP,Z,0.04747398,0.183139
7/7/3/3/5/3/6/6/5 3 3,Z,-0.6666666666666666666666666667,4,SLEEP,Z,0.09815755,0.2513503
7/7/3/3/5/3/6/6/3 3 3,X,0.75,8,SLEEP,Z,0.1732167,0.3330047
7/7/3/3/5/3/6/5/6 3 3,X,-0.6666666666666666666666666667,4,SLEEP,Z,0.05394814,0.2002429
7/7/3/3/5/3/6/5/5 3 3,X,-0.5833333333333333333333333333,4,SLEEP,Z,0.03618261,0.1322333
7/7/3/3/5/3/6/5/3 3 3,X,0.75,2,SLEEP,Z,0.03003112,0.08851214
7/7/3/3/5/3/6/3/6 3 3,X,-0.6666666666666666666666666667,4,SLEEP,Z,0.06001737,0.2377919
7/7/3/3/5/3/6/3/5 3 3,X,-0.5833333333333333333333333333,4,SLEEP,Z,0.03758907,0.140918
7/7/3/3/5/3/6/3/3 3 3,X,0.75,2,SLEEP,Z,0.01407917,0.04557822
7/7/3/3/5/3/6/7/4 3 3,X,-0.6666666666666666666666666667,6,SLEEP,Z,0.07279021,0.2509617
7/7/3/3/5/3/6/7/2 3 3,X,-0.5833333333333333333333333333,4,SLEEP,Z,0.04203523,0.1390949
7/7/3/3/5/3/6/7/1 3 3,X,0.75,4,SLEEP,Z,0.04460302,0.1527142
7/7/3/3/5/3/5/2/7 3 3,X,-0.5,4,SLEEP,Z,0.1546449,0.2678252
7/7/3/3/5/3/5/6/6 3 3,Z,-0.6666666666666666666666666667,6,SLEEP,Z,0.1790689,0.3747913
7/7/3/3/5/3/5/6/5 3 3,Z,-0.6666666666666666666666666667,4,SLEEP,Z,0.02995586,0.09928554
7/7/3/3/5/3/5/6/3 3 3,Z,-0.6666666666666666666666666667,4,SLEEP,Z,0.05364536,0.1644921
7/7/3/3/5/3/5/5/6 3 3,X,-0.5833333333333333333333333333,2,SLEEP,Z,0.03885688,0.09578265
7/7/3/3/5/3/5/5/5 3 3,X,-0.5,4,SLEEP,Z,0.03145572,0.1136487
7/7/3/3/5/3/5/5/3 3 3,Z,-0.5,2,SLEEP,Z,0,0
7/7/3/3/5/3/5/3/6 3 3,X,-0.5833333333333333333333333333,4,SLEEP,Z,0.08593203,0.173441
7/7/3/3/5/3/5/3/5 3 3,X,-0.5,4,SLEEP,Z,0.03071178,0.109055
7/7/3/3/5/3/5/3/3 3 3,Z,-0.5,2,SLEEP,Z,0.02127207,0.07378289
7/7/3/3/5/3/5/7/4 3 3,X,-0.5833333333333333333333333333,4,SLEEP,Z,0.03771532,0.1233979
7/7/3/3/5/3/5/7/2 3 3,X,-0.5,2,SLEEP,Z,0.02371137,0.06381357
7/7/3/3/5/3/5/7/1 3 3,Z,-0.5,2,SLEEP,Z,0.01932739,0.06011375
7/7/3/3/5/3/3/2/7 3 3,Z,-0.5,4,SLEEP,Z,0.02628294,0.08270896
7/7/3/3/5/3/3/6/6 3 3,X,-0.75,4,SLEEP,Z,0.04750782,0.1530458
7/7/3/3/5/3/3/6/5 3 3,Z,-0.6666666666666666666666666667,4,SLEEP,Z,0.04594619,0.1427142
7/7/3/3/5/3/3/6/3 3 3,Z,-0.6666666666666666666666666667,2,SLEEP,Z,0.02671296,0.08663688
7/7/3/3/5/3/3/5/6 3 3,X,-0.75,2,SLEEP,Z,0.02313161,0.0820913
7/7/3/3/5/3/3/5/5 3 3,Z,-0.5,6,SLEEP,Z,0.03396571,0.1256183
7/7/3/3/5/3/3/5/3 3 3,Z,-0.5,2,SLEEP,Z,0,0
7/7/3/3/5/3/3/3/6 3 3,X,-0.75,2,SLEEP,Z,0.03189202,0.08010544
7/7/3/3/5/3/3/3/5 3 3,X,-0.5,2,SLEEP,Z,0,0
7/7/3/3/5/3/3/3/3 3 3,Z,-0.5,2,SLEEP,Z,0.01697922,0.05962478
7/7/3/3/5/3/3/7/4 3 3,X,-0.75,4,SLEEP,Z,0.03055571,0.1063457
7/7/3/3/5/3/3/7/2 3 3,Z,-0.5,6,SLEEP,Z,0.03119701,0.1116132
7/7/3/3/5/3/3/7/1 3 3,Z,-0.5,2,SLEEP,Z,0.02923156,0.09270307
7/7/3/3/5/3/7/2/6 3 3,X,-0.5833333333333333333333333333,4,SLEEP,Z,0.1229239,0.3565917
7/7/3/3/5/3/7/2/5 3 3,X,-0.5,6,SLEEP,Z,0.07650363,0.2291388
7/7/3/3/5/3/7/2/3 3 3,Z,-0.5,2,SLEEP,Z,0.007834947,0.02853562
7/7/3/3/5/3/7/6/4 3 3,Z,-0.6666666666666666666666666666,6,SLEEP,Z,0.0311983,0.1329196
7/7/3/3/5/3/7/6/2 3 3,Z,-0.6666666666666666666666666666,6,SLEEP,Z,0.06323799,0.2207652
7/7/3/3/5/3/7/6/1 3 3,Z,-0.6666666666666666666666666666,4,SLEEP,Z,0.07661788,0.1457447
7/7/3/3/5/3/7/5/4 3 3,X,-0.5833333333333333333333333333,2,SLEEP,Z,0.0264032,0.1041367
7/7/3/3/5/3/7/5/2 3 3,X,-0.5,4,SLEEP,Z,0.02651837,0.09720419
7/7/3/3/5/3/7/5/1 3 3,Z,-0.5,2,SLEEP,Z,0.03103665,0.09348278
7/7/3/3/5/3/7/3/4 3 3,X,-0.5833333333333333333333333333,4,SLEEP,Z,0.07777277,0.2976359
7/7/3/3/5/3/7/3/2 3 3,X,-0.5,2,SLEEP,Z,0.02568937,0.09576812
7/7/3/3/5/3/7/3/1 3 3,Z,-0.5,2,SLEEP,Z,0.0420934,0.06917933
7/7/3/3/5/7/2/2/7 3 3,X,-0.5,4,SLEEP,Z,0.02284597,0.07072823
7/7/3/3/5/7/2/6/6 3 3,Z,-0.60,4,SLEEP,Z,0.06001217,0.1993785
7/7/3/3/5/7/2/6/5 3 3,Z,-0.60,4,SLEEP,Z,0.04734951,0.1534304
7/7/3/3/5/7/2/6/3 3 3,Z,-0.60,4,SLEEP,Z,0.06441814,0.2107283
7/7/3/3/5/7/2/5/6 3 3,X,-0.5833333333333333333333333333,4,SLEEP,Z,0.117394,0.3031891
7/7/3/3/5/7/2/5/5 3 3,X,-0.5,2,SLEEP,Z,0.03734202,0.1189252
7/7/3/3/5/7/2/5/3 3 3,Z,-0.5,4,SLEEP,Z,0.06196569,0.1951717
7/7/3/3/5/7/2/3/6 3 3,X,-0.5833333333333333333333333333,4,SLEEP,Z,0.03984955,0.1423818
7/7/3/3/5/7/2/3/5 3 3,X,-0.5,4,SLEEP,Z,0.03716534,0.1265388
7/7/3/3/5/7/2/3/3 3 3,X,0.5,2,SLEEP,Z,0,0
7/7/3/3/5/7/2/7/4 3 3,X,-0.5833333333333333333333333333,6,SLEEP,Z,0.1104602,0.2997231
7/7/3/3/5/7/2/7/2 3 3,X,-0.5,2,SLEEP,Z,0.01721875,0.0528405
7/7/3/3/5/7/2/7/1 3 3,Z,-0.5,2,SLEEP,Z,0.02560105,0.09330492
7/7/3/3/5/7/6/2/6 3 3,X,-0.6666666666666666666666666667,4,SLEEP,Z,0.04615883,0.1755897
7/7/3/3/5/7/6/2/5 3 3,X,-0.5833333333333333333333333333,4,SLEEP,Z,0.07610955,0.2596705
7/7/3/3/5/7/6/2/3 3 3,X,0.8333333333333333333333333333,2,SLEEP,Z,0.02605565,0.08011744
7/7/3/3/5/7/6/6/4 3 3,X,-0.6666666666666666666666666667,4,SLEEP,Z,0.06971923,0.2495247
7/7/3/3/5/7/6/6/2 3 3,Z,-0.60,4,SLEEP,Z,0.07228021,0.2085627
7/7/3/3/5/7/6/6/1 3 3,X,0.8333333333333333333333333333,6,SLEEP,Z,0.09563299,0.3019094
7/7/3/3/5/7/6/5/4 3 3,X,-0.6666666666666666666666666667,6,SLEEP,Z,0.0856885,0.3180723
7/7/3/3/5/7/6/5/2 3 3,X,-0.5833333333333333333333333333,2,SLEEP,Z,0.01667716,0.04619999
7/7/3/3/5/7/6/5/1 3 3,X,0.8333333333333333333333333333,4,SLEEP,Z,0.02383945,0.05013341
7/7/3/3/5/7/6/3/4 3 3,X,-0.6666666666666666666666666667,4,SLEEP,Z,0.06048754,0.2231732
7/7/3/3/5/7/6/3/2 3 3,X,-0.5833333333333333333333333333,2,SLEEP,Z,0.02923696,0.1105199
7/7/3/3/5/7/6/3/1 3 3,X,0.8333333333333333333333333333,2,SLEEP,Z,0.02396421,0.09267806
7/7/3/3/5/7/5/2/6 3 3,X,-0.5833333333333333333333333333,8,SLEEP,Z,0.08386986,0.2452126
7/7/3/3/5/7/5/2/5 3 3,X,-0.5,4,SLEEP,Z,0.1446887,0.3618678
7/7/3/3/5/7/5/2/3 3 3,Z,-0.5,4,SLEEP,Z,0.04277319,0.09258858
7/7/3/3/5/7/5/6/4 3 3,Z,-0.60,4,SLEEP,Z,0.04507612,0.1567545
7/7/3/3/5/7/5/6/2 3 3,Z,-0.60,4,SLEEP,Z,0.04357878,0.1532255
7/7/3/3/5/7/5/6/1 3 3,Z,-0.60,4,SLEEP,Z,0.04642486,0.1525233
7/7/3/3/5/7/5/5/4 3 3,X,-0.5833333333333333333333333333,4,SLEEP,Z,0.03189429,0.1302169
7/7/3/3/5/7/5/5/2 3 3,X,-0.5,2,SLEEP,Z,0.02218229,0.04560384
7/7/3/3/5/7/5/5/1 3 3,Z,-0.5,2,SLEEP,Z,0.03693013,0.08673919
7/7/3/3/5/7/5/3/4 3 3,X,-0.5833333333333333333333333333,2,SLEEP,Z,0.01338268,0.05771863
7/7/3/3/5/7/5/3/2 3 3,X,-0.5,4,SLEEP,Z,0.02593443,0.1081707
7/7/3/3/5/7/5/3/1 3 3,Z,-0.5,2,SLEEP,Z,0.03934578,0.1013681
7/7/3/3/5/7/3/2/6 3 3,X,-0.8333333333333333333333333333,4,SLEEP,Z,0.0316619,0.1082611
7/7/3/3/5/7/3/2/5 3 3,Z,-0.5,2,SLEEP,Z,0.01634369,0.06173791
7/7/3/3/5/7/3/2/3 3 3,Z,-0.5,4,SLEEP,Z,0.06687906,0.1620071
7/7/3/3/5/7/3/6/4 3 3,X,-0.8333333333333333333333333333,4,SLEEP,Z,0.03729207,0.09558411
7/7/3/3/5/7/3/6/2 3 3,Z,-0.60,4,SLEEP,Z,0.02748937,0.1008698
7/7/3/3/5/7/3/6/1 3 3,Z,-0.60,4,SLEEP,Z,0.04405803,0.1446278
7/7/3/3/5/7/3/5/4 3 3,X,-0.8333333333333333333333333333,4,SLEEP,Z,0.04490233,0.142409
7/7/3/3/5/7/3/5/2 3 3,Z,-0.5,2,SLEEP,Z,0.02603207,0.09780411
7/7/3/3/5/7/3/5/1 3 3,Z,-0.5,2,SLEEP,Z,0.03808031,0.05890578
7/7/3/3/5/7/3/3/4 3 3,X,-0.8333333333333333333333333333,4,SLEEP,Z,0.08063029,0.1997918
7/7/3/3/5/7/3/3/2 3 3,X,-0.5,2,SLEEP,Z,0,0
7/7/3/3/5/7/3/3/1 3 3,Z,-0.5,2,SLEEP,Z,0.007498697,0.02974819
7/7/3/3/5/7/7/2/4 3 3,X,-0.5833333333333333333333333333,6,SLEEP,Z,0.07066372,0.2453315
7/7/3/3/5/7/7/2/2 3 3,X,-0.5,4,SLEEP,Z,0.03381045,0.1343091
7/7/3/3/5/7/7/2/1 3 3,Z,-0.5,2,SLEEP,Z,0,0
7/7/3/7/5/2/2/6/7 3 3,X,-0.5,4,SLEEP,Z,0.07171594,0.1335804
7/7/3/7/5/2/2/5/7 3 3,X,-0.5,4,SLEEP,Z,0.03398138,0.1130182
7/7/3/7/5/2/2/3/7 3 3,X,-0.5,2,SLEEP,Z,0.03064316,0.09914974
7/7/3/7/5/2/2/7/6 3 3,X,-0.5833333333333333333333333333,4,SLEEP,Z,0.1054984,0.2463518
7/7/3/7/5/2/2/7/5 3 3,X,-0.5,2,SLEEP,Z,0.0351626,0.148734
7/7/3/7/5/2/2/7/3 3 3,X,-0.4166666666666666666666666667,2,SLEEP,Z,0.08993354,0.1147876
7/7/3/7/5/2/6/2/7 3 3,X,-0.5833333333333333333333333333,4,SLEEP,Z,0.07671966,0.2904814
7/7/3/7/5/2/6/6/6 3 3,X,-0.6666666666666666666666666666,4,SLEEP,Z,0.05212903,0.1720803
7/7/3/7/5/2/6/6/5 3 3,X,-0.5833333333333333333333333333,2,SLEEP,Z,0.02654706,0.08946955
7/7/3/7/5/2/6/6/3 3 3,X,0.75,2,SLEEP,Z,0.03030926,0.06198397
7/7/3/7/5/2/6/5/6 3 3,X,-0.6666666666666666666666666666,2,SLEEP,Z,0.0555774,0.1555467
7/7/3/7/5/2/6/5/5 3 3,X,-0.5833333333333333333333333333,2,SLEEP,Z,0.04394529,0.1585819
7/7/3/7/5/2/6/5/3 3 3,X,0.75,4,SLEEP,Z,0.1336304,0.3210539
7/7/3/7/5/2/6/3/6 3 3,X,-0.6666666666666666666666666666,6,SLEEP,Z,0.05090508,0.1794719
7/7/3/7/5/2/6/3/5 3 3,X,-0.5833333333333333333333333333,4,SLEEP,Z,0.05544523,0.11913
7/7/3/7/5/2/6/3/3 3 3,X,0.75,4,SLEEP,Z,0.03433704,0.08550517
7/7/3/7/5/2/6/7/4 3 3,X,-0.6666666666666666666666666666,4,SLEEP,Z,0.05634415,0.1996904
7/7/3/7/5/2/6/7/2 3 3,X,-0.5833333333333333333333333333,4,SLEEP,Z,0.03578745,0.1336796
7/7/3/7/5/2/6/7/1 3 3,X,0.75,2,SLEEP,Z,0.01292762,0.04923453
7/7/3/7/5/2/5/2/7 3 3,X,-0.5,2,SLEEP,Z,0.05875828,0.1155908
7/7/3/7/5/2/5/6/6 3 3,X,-0.5833333333333333333333333333,4,SLEEP,Z,0.0379368,0.1649209
7/7/3/7/5/2/5/6/5 3 3,X,-0.5,4,SLEEP,Z,0.04033312,0.16495
7/7/3/7/5/2/5/6/3 3 3,Z,0.5,2,SLEEP,Z,0.02081454,0.06718968
7/7/3/7/5/2/5/5/6 3 3,X,-0.5833333333333333333333333333,4,SLEEP,Z,0.02929897,0.1179879
7/7/3/7/5/2/5/5/5 3 3,X,-0.5,2,SLEEP,Z,0.02929874,0.1073093
7/7/3/7/5/2/5/5/3 3 3,X,-0.4166666666666666666666666667,2,SLEEP,Z,0,0
7/7/3/7/5/2/5/3/6 3 3,X,-0.5833333333333333333333333333,4,SLEEP,Z,0.03495914,0.1394342
7/7/3/7/5/2/5/3/5 3 3,X,-0.5,4,SLEEP,Z,0.03889561,0.07484572
7/7/3/7/5/2/5/3/3 3 3,Z,-0.5,2,SLEEP,Z,0.02700255,0.04628559
7/7/3/7/5/2/5/7/4 3 3,X,-0.5833333333333333333333333333,6,SLEEP,Z,0.04816777,0.2262223
7/7/3/7/5/2/5/7/2 3 3,X,-0.5,2,SLEEP,Z,0.01861273,0.03319388
7/7/3/7/5/2/5/7/1 3 3,X,-0.4166666666666666666666666667,2,SLEEP,Z,0,0
7/7/3/7/5/2/3/2/7 3 3,X,-0.5,2,SLEEP,Z,0.01569066,0.0590811
7/7/3/7/5/2/3/6/6 3 3,X,-0.75,4,SLEEP,Z,0.03886448,0.1092143
7/7/3/7/5/2/3/6/5 3 3,X,-0.5,2,SLEEP,Z,0.01678738,0.05584015
7/7/3/7/5/2/3/6/3 3 3,Z,0.5,2,SLEEP,Z,0.0118817,0.04223515
7/7/3/7/5/2/3/5/6 3 3,X,-0.75,4,SLEEP,Z,0.03209507,0.08136401
7/7/3/7/5/2/3/5/5 3 3,X,-0.5,2,SLEEP,Z,0.007561282,0.02825326
7/7/3/7/5/2/3/5/3 3 3,X,-0.3333333333333333333333333334,2,SLEEP,Z,0,0
7/7/3/7/5/2/3/3/6 3 3,X,-0.75,6,SLEEP,Z,0.067803,0.127498
7/7/3/7/5/2/3/3/5 3 3,X,-0.5,2,SLEEP,Z,0.02174067,0.06968004
7/7/3/7/5/2/3/3/3 3 3,Z,-0.5,4,SLEEP,Z,0.02364762,0.0666632
7/7/3/7/5/2/3/7/4 3 3,X,-0.75,2,SLEEP,Z,0.03785886,0.1162342
7/7/3/7/5/2/3/7/2 3 3,X,-0.5,2,SLEEP,Z,0.02083005,0.04198345
7/7/3/7/5/2/3/7/1 3 3,X,-0.3333333333333333333333333334,2,SLEEP,Z,0.01148898,0.03185679
7/7/3/7/5/2/7/2/6 3 3,X,-0.5833333333333333333333333333,2,SLEEP,Z,0.01847523,0.0711787
7/7/3/7/5/2/7/2/5 3 3,X,-0.5,4,SLEEP,Z,0.0260499,0.1007674
7/7/3/7/5/2/7/2/3 3 3,X,-0.4166666666666666666666666667,2,SLEEP,Z,0,0
7/7/3/7/5/2/7/6/4 3 3,X,-0.5833333333333333333333333333,4,SLEEP,Z,0.04193457,0.1566804
7/7/3/7/5/2/7/6/2 3 3,X,-0.5,2,SLEEP,Z,0.01850906,0.05340189
7/7/3/7/5/2/7/6/1 3 3,Z,0.5,2,SLEEP,Z,0.03462962,0.08304366
7/7/3/7/5/2/7/5/4 3 3,X,-0.5833333333333333333333333333,4,SLEEP,Z,0.1010258,0.3425529
7/7/3/7/5/2/7/5/2 3 3,X,-0.5,2,SLEEP,Z,0.01362692,0.0605794
7/7/3/7/5/2/7/5/1 3 3,X,-0.4166666666666666666666666667,2,SLEEP,Z,0,0
7/7/3/7/5/2/7/3/4 3 3,X,-0.5833333333333333333333333333,2,SLEEP,Z,0.01976295,0.07465141
7/7/3/7/5/2/7/3/2 3 3,X,-0.5,4,SLEEP,Z,0.03509595,0.1386632
7/7/3/7/5/2/7/3/1 3 3,Z,-0.5,2,SLEEP,Z,0,0
7/7/3/7/5/6/2/2/7 3 3,X,-0.5,2,SLEEP,Z,0.01867912,0.06143697
7/7/3/7/5/6/2/6/6 3 3,X,-0.5833333333333333333333333333,4,SLEEP,Z,0.03391666,0.09493945
7/7/3/7/5/6/2/6/5 3 3,X,-0.5,2,SLEEP,Z,0.02252895,0.07567534
7/7/3/7/5/6/2/6/3 3 3,X,0.5,2,SLEEP,Z,0.01789047,0.04761903
7/7/3/7/5/6/2/5/6 3 3,X,-0.5833333333333333333333333333,2,SLEEP,Z,0.0316247,0.09762967
7/7/3/7/5/6/2/5/5 3 3,X,-0.5,2,SLEEP,Z,0,0
7/7/3/7/5/6/2/5/3 3 3,Z,0.5,2,SLEEP,Z,0,0
7/7/3/7/5/6/2/3/6 3 3,Z,0.7,4,SLEEP,Z,0.08031173,0.2496419
7/7/3/7/5/6/2/3/5 3 3,Z,0.7,4,SLEEP,Z,0.05533442,0.121999
7/7/3/7/5/6/2/3/3 3 3,Z,0.7,2,SLEEP,Z,0.02684834,0.03792332
7/7/3/7/5/6/2/7/4 3 3,X,-0.5833333333333333333333333333,4,SLEEP,Z,0.03926103,0.1415781
7/7/3/7/5/6/2/7/2 3 3,X,-0.5,2,SLEEP,Z,0.01432754,0.03811739
7/7/3/7/5/6/2/7/1 3 3,Z,0.5,2,SLEEP,Z,0.05344673,0.1041042
7/7/3/7/5/6/6/2/6 3 3,X,-0.6666666666666666666666666666,4,SLEEP,Z,0.08841712,0.3175637
7/7/3/7/5/6/6/2/5 3 3,X,-0.5833333333333333333333333333,4,SLEEP,Z,0.03463885,0.1317174
7/7/3/7/5/6/6/2/3 3 3,X,0.8333333333333333333333333333,2,SLEEP,Z,0.02558161,0.05556649
7/7/3/7/5/6/6/6/4 3 3,X,-0.6666666666666666666666666666,2,SLEEP,Z,0.0221261,0.08233091
7/7/3/7/5/6/6/6/2 3 3,X,-0.5833333333333333333333333333,4,SLEEP,Z,0.06730098,0.2083525
7/7/3/7/5/6/6/6/1 3 3,X,0.8333333333333333333333333333,2,SLEEP,Z,0.004708343,0.01838478
7/7/3/7/5/6/6/5/4 3 3,X,-0.6666666666666666666666666666,4,SLEEP,Z,0.03975405,0.1511135
7/7/3/7/5/6/6/5/2 3 3,X,-0.5833333333333333333333333333,2,SLEEP,Z,0.0221855,0.081623
7/7/3/7/5/6/6/5/1 3 3,X,0.8333333333333333333333333333,2,SLEEP,Z,0.02522887,0.08069482
7/7/3/7/5/6/6/3/4 3 3,Z,0.7,6,SLEEP,Z,0.09108516,0.3225211
7/7/3/7/5/6/6/3/2 3 3,Z,0.7,2,SLEEP,Z,0.0174197,0.06109896
7/7/3/7/5/6/6/3/1 3 3,X,0.8333333333333333333333333333,2,SLEEP,Z,0.02132311,0.07439028
7/7/3/7/5/6/5/2/6 3 3,X,-0.5833333333333333333333333333,4,SLEEP,Z,0.0638391,0.3465674
7/7/3/7/5/6/5/2/5 3 3,X,-0.5,4,SLEEP,Z,0.04596257,0.1543297
7/7/3/7/5/6/5/2/3 3 3,Z,0.5,2,SLEEP,Z,0,0
7/7/3/7/5/6/5/6/4 3 3,X,-0.5833333333333333333333333333,2,SLEEP,Z,0.008011535,0.0497529
7/7/3/7/5/6/5/6/2 3 3,X,-0.5,2,SLEEP,Z,0.01504724,0.06189187
7/7/3/7/5/6/5/6/1 3 3,Z,0.5,4,SLEEP,Z,0.04552574,0.1564816
7/7/3/7/5/6/5/5/4 3 3,X,-0.5833333333333333333333333333,4,SLEEP,Z,0.06958596,0.2256181
7/7/3/7/5/6/5/5/2 3 3,X,-0.5,2,SLEEP,Z,0.01611077,0.06413132
7/7/3/7/5/6/5/5/1 3 3,Z,0.5,2,SLEEP,Z,0,0
7/7/3/7/5/6/5/3/4 3 3,Z,0.7,4,SLEEP,Z,0.02899612,0.1154995
7/7/3/7/5/6/5/3/2 3 3,Z,0.7,2,SLEEP,Z,0.01131644,0.04611556
7/7/3/7/5/6/5/3/1 3 3,Z,0.7,2,SLEEP,Z,0.01618453,0.04944652
7/7/3/7/5/6/3/2/6 3 3,X,-0.8333333333333333333333333333,2,SLEEP,Z,0.04255042,0.1343214
7/7/3/7/5/6/3/2/5 3 3,Z,0.5,2,SLEEP,Z,0.01216425,0.04100455
7/7/3/7/5/6/3/2/3 3 3,Z,0.5,2,SLEEP,Z,0,0
7/7/3/7/5/6/3/6/4 3 3,X,-0.8333333333333333333333333333,2,SLEEP,Z,0.02238493,0.08236568
7/7/3/7/5/6/3/6/2 3 3,X,-0.5,2,SLEEP,Z,0.01203463,0.05078876
7/7/3/7/5/6/3/6/1 3 3,Z,0.5,2,SLEEP,Z,0,0
7/7/3/7/5/6/3/5/4 3 3,X,-0.8333333333333333333333333333,4,SLEEP,Z,0.04842309,0.138102
7/7/3/7/5/6/3/5/2 3 3,Z,0.5,2,SLEEP,Z,0.008531804,0.03282502
7/7/3/7/5/6/3/5/1 3 3,Z,0.5,2,SLEEP,Z,0,0
7/7/3/7/5/6/3/3/4 3 3,X,-0.8333333333333333333333333333,2,SLEEP,Z,0.05537394,0.09864844
7/7/3/7/5/6/3/3/2 3 3,Z,0.7,2,SLEEP,Z,0.03351009,0.07627331
7/7/3/7/5/6/3/3/1 3 3,Z,0.7,2,SLEEP,Z,0,0
7/7/3/7/5/6/7/2/4 3 3,X,-0.5833333333333333333333333333,2,SLEEP,Z,0.0212974,0.08373547
7/7/3/7/5/6/7/2/2 3 3,X,-0.5,4,SLEEP,Z,0.03798886,0.1523639
7/7/3/7/5/6/7/2/1 3 3,Z,0.5,2,SLEEP,Z,0.05064387,0.2076211
7/7/3/7/5/5/2/2/7 3 3,X,-0.5,2,SLEEP,Z,0.02430656,0.07936453
7/7/3/7/5/5/2/6/6 3 3,X,-0.5833333333333333333333333333,2,SLEEP,Z,0.04560246,0.1563253
7/7/3/7/5/5/2/6/5 3 3,X,-0.5,4,SLEEP,Z,0.03357914,0.1304332
7/7/3/7/5/5/2/6/3 3 3,X,0.5,2,SLEEP,Z,0.00741746,0.01613271
7/7/3/7/5/5/2/5/6 3 3,X,-0.5833333333333333333333333333,2,SLEEP,Z,0.03407775,0.1122558
7/7/3/7/5/5/2/5/5 3 3,X,-0.5,2,SLEEP,Z,0.01861216,0.06772231
7/7/3/7/5/5/2/5/3 3 3,X,0.5,2,SLEEP,Z,0.015389,0.0429766
7/7/3/7/5/5/2/3/6 3 3,X,-0.5833333333333333333333333333,2,SLEEP,Z,0.04275647,0.1425697
7/7/3/7/5/5/2/3/5 3 3,X,-0.5,2,SLEEP,Z,0.02210405,0.06667376
7/7/3/7/5/5/2/3/3 3 3,X,0.5,2,SLEEP,Z,0.08417547,0.1276984
7/7/3/7/5/5/2/7/4 3 3,X,-0.5833333333333333333333333333,2,SLEEP,Z,0.02320955,0.07755256
7/7/3/7/5/5/2/7/2 3 3,X,-0.5,2,SLEEP,Z,0.0228966,0.07158658
7/7/3/7/5/5/2/7/1 3 3,X,0.5,2,SLEEP,Z,0,0
7/7/3/7/5/5/6/2/6 3 3,X,-0.6666666666666666666666666666,4,SLEEP,Z,0.03589012,0.1311804
7/7/3/7/5/5/6/2/5 3 3,X,-0.5833333333333333333333333333,4,SLEEP,Z,0.02914511,0.1056223
7/7/3/7/5/5/6/2/3 3 3,X,0.8333333333333333333333333333,2,SLEEP,Z,0.01799589,0.0296119
7/7/3/7/5/5/6/6/4 3 3,X,-0.6666666666666666666666666666,4,SLEEP,Z,0.07446242,0.2643401
7/7/3/7/5/5/6/6/2 3 3,X,-0.5833333333333333333333333333,2,SLEEP,Z,0.03767614,0.1378426
7/7/3/7/5/5/6/6/1 3 3,X,0.8333333333333333333333333333,2,SLEEP,Z,0.1251283,0.1965305
7/7/3/7/5/5/6/5/4 3 3,X,-0.6666666666666666666666666666,4,SLEEP,Z,0.04896888,0.1891414
7/7/3/7/5/5/6/5/2 3 3,X,-0.5833333333333333333333333333,2,SLEEP,Z,0.05123183,0.2956804
7/7/3/7/5/5/6/5/1 3 3,X,0.8333333333333333333333333333,2,SLEEP,Z,0.06127892,0.1296338
7/7/3/7/5/5/6/3/4 3 3,X,-0.6666666666666666666666666666,4,SLEEP,Z,0.1020357,0.3306522
7/7/3/7/5/5/6/3/2 3 3,X,-0.5833333333333333333333333333,4,SLEEP,Z,0.08526029,0.30611
7/7/3/7/5/5/6/3/1 3 3,X,0.8333333333333333333333333333,2,SLEEP,Z,0.02178305,0.02068818
7/7/3/7/5/5/5/2/6 3 3,X,-0.5833333333333333333333333333,2,SLEEP,Z,0.06738491,0.163148
7/7/3/7/5/5/5/2/5 3 3,X,-0.5,2,SLEEP,Z,0.04577221,0.1878971
7/7/3/7/5/5/5/2/3 3 3,X,-0.4166666666666666666666666667,2,SLEEP,Z,0,0
7/7/3/7/5/5/5/6/4 3 3,X,-0.5833333333333333333333333333,2,SLEEP,Z,0.08326183,0.3568683
7/7/3/7/5/5/5/6/2 3 3,X,-0.5,2,SLEEP,Z,0.01648259,0.06640758
7/7/3/7/5/5/5/6/1 3 3,Z,0.5,2,SLEEP,Z,0,0
7/7/3/7/5/5/5/5/4 3 3,X,-0.5833333333333333333333333333,2,SLEEP,Z,0.02071139,0.05954792
7/7/3/7/5/5/5/5/2 3 3,X,-0.5,2,SLEEP,Z,0.01311007,0.05048977
7/7/3/7/5/5/5/5/1 3 3,X,-0.4166666666666666666666666667,2,SLEEP,Z,0.006541496,0.02734788
7/7/3/7/5/5/5/3/4 3 3,X,-0.5833333333333333333333333333,2,SLEEP,Z,0.02909439,0.1075181
7/7/3/7/5/5/5/3/2 3 3,X,-0.5,4,SLEEP,Z,0.07624864,0.2716087
7/7/3/7/5/5/5/3/1 3 3,Z,-0.5,2,SLEEP,Z,0,0
7/7/3/7/5/5/3/2/6 3 3,X,-0.8333333333333333333333333333,2,SLEEP,Z,0.03517306,0.1048192
7/7/3/7/5/5/3/2/5 3 3,X,-0.5,2,SLEEP,Z,0.02023289,0.08311214
7/7/3/7/5/5/3/2/3 3 3,X,-0.3333333333333333333333333334,2,SLEEP,Z,0.00711347,0.02879998
7/7/3/7/5/5/3/6/4 3 3,X,-0.8333333333333333333333333333,2,SLEEP,Z,0.02645927,0.0882083
7/7/3/7/5/5/3/6/2 3 3,X,-0.5,2,SLEEP,Z,0.01853777,0.07081795
7/7/3/7/5/5/3/6/1 3 3,Z,0.5,2,SLEEP,Z,0,0
7/7/3/7/5/5/3/5/4 3 3,X,-0.8333333333333333333333333333,2,SLEEP,Z,0.01412233,0.0499266
7/7/3/7/5/5/3/5/2 3 3,X,-0.5,2,SLEEP,Z,0.008659621,0.03472622
7/7/3/7/5/5/3/5/1 3 3,X,-0.3333333333333333333333333334,2,SLEEP,Z,0.005873493,0.02535219
7/7/3/7/5/5/3/3/4 3 3,X,-0.8333333333333333333333333333,2,SLEEP,Z,0.03543175,0.1065628
7/7/3/7/5/5/3/3/2 3 3,X,-0.5,2,SLEEP,Z,0.02168046,0.07340775
7/7/3/7/5/5/3/3/1 3 3,Z,-0.5,2,SLEEP,Z,0.003121878,0.0128629
7/7/3/7/5/5/7/2/4 3 3,X,-0.5833333333333333333333333333,4,SLEEP,Z,0.05123663,0.1949895
7/7/3/7/5/5/7/2/2 3 3,X,-0.5,2,SLEEP,Z,0.01048347,0.04342788
7/7/3/7/5/5/7/2/1 3 3,X,-0.4166666666666666666666666667,2,SLEEP,Z,0.01373308,0.05870521
7/7/3/7/5/3/2/2/7 3 3,X,-0.5,2,SLEEP,Z,0.05975904,0.04589219
7/7/3/7/5/3/2/6/6 3 3,Z,-0.7,4,SLEEP,Z,0.06369639,0.2027629
7/7/3/7/5/3/2/6/5 3 3,Z,-0.7,2,SLEEP,Z,0.02049927,0.07023792
7/7/3/7/5/3/2/6/3 3 3,Z,-0.7,2,SLEEP,Z,0.01389717,0.03778747
7/7/3/7/5/3/2/5/6 3 3,X,-0.5833333333333333333333333333,4,SLEEP,Z,0.0434048,0.1299833
7/7/3/7/5/3/2/5/5 3 3,X,-0.5,2,SLEEP,Z,0.01084302,0.03469953
7/7/3/7/5/3/2/5/3 3 3,Z,-0.5,2,SLEEP,Z,0.009932398,0.0283077
7/7/3/7/5/3/2/3/6 3 3,X,-0.5833333333333333333333333333,4,SLEEP,Z,0.06625068,0.2237667
7/7/3/7/5/3/2/3/5 3 3,X,-0.5,2,SLEEP,Z,0.01424686,0.04412841
7/7/3/7/5/3/2/3/3 3 3,X,0.5,2,SLEEP,Z,0,0
7/7/3/7/5/3/2/7/4 3 3,X,-0.5833333333333333333333333333,4,SLEEP,Z,0.04397139,0.160361
7/7/3/7/5/3/2/7/2 3 3,X,-0.5,2,SLEEP,Z,0.01121839,0.036568
7/7/3/7/5/3/2/7/1 3 3,Z,-0.5,2,SLEEP,Z,0.007172345,0.01890609
7/7/3/7/5/3/6/2/6 3 3,X,-0.6666666666666666666666666666,4,SLEEP,Z,0.06099626,0.2308785
7/7/3/7/5/3/6/2/5 3 3,X,-0.5833333333333333333333333333,2,SLEEP,Z,0.0538558,0.2961285
7/7/3/7/5/3/6/2/3 3 3,X,0.8333333333333333333333333333,2,SLEEP,Z,0.07893895,0.07209776
7/7/3/7/5/3/6/6/4 3 3,Z,-0.7,4,SLEEP,Z,0.05550521,0.2222826
7/7/3/7/5/3/6/6/2 3 3,Z,-0.7,2,SLEEP,Z,0.0269533,0.1041001
7/7/3/7/5/3/6/6/1 3 3,X,0.8333333333333333333333333333,4,SLEEP,Z,0.1305725,0.1304957
7/7/3/7/5/3/6/5/4 3 3,X,-0.6666666666666666666666666666,2,SLEEP,Z,0.0260867,0.09876783
7/7/3/7/5/3/6/5/2 3 3,X,-0.5833333333333333333333333333,4,SLEEP,Z,0.03482634,0.1252975
7/7/3/7/5/3/6/5/1 3 3,X,0.8333333333333333333333333333,2,SLEEP,Z,0,0
7/7/3/7/5/3/6/3/4 3 3,X,-0.6666666666666666666666666666,4,SLEEP,Z,0.05022389,0.1903126
7/7/3/7/5/3/6/3/2 3 3,X,-0.5833333333333333333333333333,2,SLEEP,Z,0.01925357,0.07341836
7/7/3/7/5/3/6/3/1 3 3,X,0.8333333333333333333333333333,2,SLEEP,Z,0.02977404,0.08901108
7/7/3/7/5/3/5/2/6 3 3,X,-0.5833333333333333333333333333,2,SLEEP,Z,0.01981698,0.06746092
7/7/3/7/5/3/5/2/5 3 3,X,-0.5,4,SLEEP,Z,0.1026148,0.344431
7/7/3/7/5/3/5/2/3 3 3,Z,-0.5,2,SLEEP,Z,0.02296479,0.01278592
7/7/3/7/5/3/5/6/4 3 3,Z,-0.7,2,SLEEP,Z,0.04976738,0.1231145
7/7/3/7/5/3/5/6/2 3 3,Z,-0.7,2,SLEEP,Z,0.006395974,0.02606793
7/7/3/7/5/3/5/6/1 3 3,Z,-0.7,2,SLEEP,Z,0.03612209,0.08620977
7/7/3/7/5/3/5/5/4 3 3,X,-0.5833333333333333333333333333,4,SLEEP,Z,0.0446642,0.1430553
7/7/3/7/5/3/5/5/2 3 3,X,-0.5,2,SLEEP,Z,0,0
7/7/3/7/5/3/5/5/1 3 3,Z,-0.5,2,SLEEP,Z,0.03689108,0.05624769
7/7/3/7/5/3/5/3/4 3 3,X,-0.5833333333333333333333333333,4,SLEEP,Z,0.03961022,0.09832846
7/7/3/7/5/3/5/3/2 3 3,X,-0.5,2,SLEEP,Z,0.02443246,0.09411643
7/7/3/7/5/3/5/3/1 3 3,Z,-0.5,2,SLEEP,Z,0.008405484,0.03579375
7/7/3/7/5/3/3/2/6 3 3,X,-0.8333333333333333333333333333,4,SLEEP,Z,0.04222847,0.1432424
7/7/3/7/5/3/3/2/5 3 3,Z,-0.5,2,SLEEP,Z,0.009184518,0.03598087
7/7/3/7/5/3/3/2/3 3 3,Z,-0.5,2,SLEEP,Z,0,0
7/7/3/7/5/3/3/6/4 3 3,X,-0.8333333333333333333333333333,2,SLEEP,Z,0.01481997,0.0302612
7/7/3/7/5/3/3/6/2 3 3,Z,-0.7,2,SLEEP,Z,0.01283104,0.03670084
7/7/3/7/5/3/3/6/1 3 3,Z,-0.7,2,SLEEP,Z,0,0
7/7/3/7/5/3/3/5/4 3 3,X,-0.8333333333333333333333333333,4,SLEEP,Z,0.07065233,0.1293277
7/7/3/7/5/3/3/5/2 3 3,Z,-0.5,2,SLEEP,Z,0.0085545,0.03432832
7/7/3/7/5/3/3/5/1 3 3,Z,-0.5,2,SLEEP,Z,0,0
7/7/3/7/5/3/3/3/4 3 3,X,-0.8333333333333333333333333333,2,SLEEP,Z,0.01140659,0.03624309
7/7/3/7/5/3/3/3/2 3 3,X,-0.5,4,SLEEP,Z,0.02447645,0.09395346
7/7/3/7/5/3/3/3/1 3 3,Z,-0.5,2,SLEEP,Z,0.03407436,0.2835586
7/7/3/7/5/3/7/2/4 3 3,X,-0.5833333333333333333333333333,4,SLEEP,Z,0.0565643,0.1876256
7/7/3/7/5/3/7/2/2 3 3,X,-0.5,4,SLEEP,Z,0.02355935,0.0919691
7/7/3/7/5/3/7/2/1 3 3,Z,-0.5,2,SLEEP,Z,0.01003981,0.04017796
7/7/3/7/5/7/2/2/6 3 3,X,-0.6666666666666666666666666666,2,SLEEP,Z,0.05056195,0.1384275
7/7/3/7/5/7/2/2/5 3 3,X,-0.5,2,SLEEP,Z,0,0
7/7/3/7/5/7/2/2/3 3 3,X,0.6666666666666666666666666666,2,SLEEP,Z,0,0
7/7/3/7/5/7/2/6/4 3 3,X,-0.6666666666666666666666666666,2,SLEEP,Z,0.02606904,0.09862452
7/7/3/7/5/7/2/6/2 3 3,X,-0.5,2,SLEEP,Z,0.01483868,0.0522793
7/7/3/7/5/7/2/6/1 3 3,X,0.6666666666666666666666666666,2,SLEEP,Z,0.01547597,0.05671831
7/7/3/7/5/7/2/5/4 3 3,X,-0.6666666666666666666666666666,2,SLEEP,Z,0.05163747,0.1505006
7/7/3/7/5/7/2/5/2 3 3,X,-0.5,2,SLEEP,Z,0.03696958,0.1095331
7/7/3/7/5/7/2/5/1 3 3,X,0.6666666666666666666666666666,2,SLEEP,Z,0,0
7/7/3/7/5/7/2/3/4 3 3,X,-0.6666666666666666666666666666,2,SLEEP,Z,0.0487427,0.1329597
7/7/3/7/5/7/2/3/2 3 3,X,-0.5,4,SLEEP,Z,0.04541947,0.1404956
7/7/3/7/5/7/2/3/1 3 3,X,0.6666666666666666666666666666,2,SLEEP,Z,0,0
7/7/3/7/5/7/6/2/4 3 3,X,-0.6666666666666666666666666666,4,SLEEP,Z,0.0576753,0.1962621
7/7/3/7/5/7/6/2/2 3 3,X,-0.5833333333333333333333333333,2,SLEEP,Z,0.04432444,0.1612264
7/7/3/7/5/7/5/2/4 3 3,X,-0.5833333333333333333333333333,2,SLEEP,Z,0.02114488,0.08297063
7/7/3/7/5/7/5/2/2 3 3,X,-0.5,2,SLEEP,Z,0.02100307,0.06582053
7/7/3/7/5/7/5/2/1 3 3,X,-0.4166666666666666666666666667,2,SLEEP,Z,0.01249867,0.05064045
7/7/3/7/5/7/3/2/2 3 3,X,-0.5,2,SLEEP,Z,0.01995806,0.07444179
7/7/3/7/5/7/3/2/1 3 3,X,-0.3333333333333333333333333334,2,SLEEP,Z,0.00888039,0.03286394
7/7/3/3/3/2/2/7/7 3 3,Z,-0.5,4,SLEEP,Z,0.03899954,0.1250934
7/7/3/3/3/2/6/6/7 3 3,X,-0.625,6,SLEEP,Z,0.08869401,0.2114595
7/7/3/3/3/2/6/5/7 3 3,X,-0.625,4,SLEEP,Z,0.08953565,0.2375273
7/7/3/3/3/2/6/3/7 3 3,X,-0.625,8,SLEEP,Z,0.08247627,0.3655745
7/7/3/3/3/2/6/7/6 3 3,X,-0.75,18,SLEEP,Z,0.08788563,0.2675322
7/7/3/3/3/2/6/7/5 3 3,X,-0.625,8,SLEEP,Z,0.03950933,0.116782
7/7/3/3/3/2/6/7/3 3 3,X,0.7,2,SLEEP,Z,0.05207862,0.1575771
7/7/3/3/3/2/5/6/7 3 3,Z,-0.60,6,SLEEP,Z,0.05424804,0.1724655
7/7/3/3/3/2/5/5/7 3 3,Z,-0.5,4,SLEEP,Z,0.04433957,0.1300917
7/7/3/3/3/2/5/3/7 3 3,X,-0.5,8,SLEEP,Z,0.07612346,0.1563336
7/7/3/3/3/2/5/7/6 3 3,X,-0.625,6,SLEEP,Z,0.06276178,0.1914208
7/7/3/3/3/2/5/7/5 3 3,Z,-0.5,4,SLEEP,Z,0.03761145,0.1093029
7/7/3/3/3/2/5/7/3 3 3,Z,-0.5,2,SLEEP,Z,0,0
7/7/3/3/3/2/3/6/7 3 3,Z,-0.60,6,SLEEP,Z,0.0571024,0.1817061
7/7/3/3/3/2/3/5/7 3 3,Z,-0.5,4,SLEEP,Z,0.02754108,0.08588903
7/7/3/3/3/2/3/3/7 3 3,X,-0.5,2,SLEEP,Z,0.04045132,0.102954
7/7/3/3/3/2/3/7/6 3 3,X,-0.7,6,SLEEP,Z,0.08619503,0.1925243
7/7/3/3/3/2/3/7/5 3 3,Z,-0.5,4,SLEEP,Z,0.04771543,0.09743501
7/7/3/3/3/2/3/7/3 3 3,Z,-0.5,2,SLEEP,Z,0.04837627,0.121582
7/7/3/3/3/2/7/2/7 3 3,Z,-0.5,6,SLEEP,Z,0.09329562,0.3691666
7/7/3/3/3/2/7/6/6 3 3,X,-0.625,6,SLEEP,Z,0.07848988,0.2247564
7/7/3/3/3/2/7/6/5 3 3,Z,-0.60,4,SLEEP,Z,0.06809472,0.1970171
7/7/3/3/3/2/7/6/3 3 3,Z,-0.60,6,SLEEP,Z,0.1339032,0.2954524
7/7/3/3/3/2/7/5/6 3 3,X,-0.625,6,SLEEP,Z,0.06585346,0.1771221
7/7/3/3/3/2/7/5/5 3 3,Z,-0.5,2,SLEEP,Z,0.0306795,0.1136977
7/7/3/3/3/2/7/5/3 3 3,Z,-0.5,6,SLEEP,Z,0.03384945,0.0969008
7/7/3/3/3/2/7/3/6 3 3,X,-0.625,4,SLEEP,Z,0.04781136,0.1732669
7/7/3/3/3/2/7/3/5 3 3,X,-0.5,2,SLEEP,Z,0.02902213,0.0712576
7/7/3/3/3/2/7/3/3 3 3,Z,-0.5,4,SLEEP,Z,0.02033116,0.07440186
7/7/3/3/3/2/7/7/4 3 3,X,-0.625,4,SLEEP,Z,0.03808855,0.1267589
7/7/3/3/3/2/7/7/2 3 3,Z,-0.5,4,SLEEP,Z,0.03644241,0.1149086
7/7/3/3/3/2/7/7/1 3 3,Z,-0.5,2,SLEEP,Z,0.03297784,0.07572789
7/7/3/3/3/6/2/6/7 3 3,Z,-0.7,8,SLEEP,Z,0.08038126,0.2778474
7/7/3/3/3/6/2/5/7 3 3,Z,-0.60,4,SLEEP,Z,0.03376476,0.1047084
7/7/3/3/3/6/2/3/7 3 3,Z,0.6666666666666666666666666667,4,SLEEP,Z,0.0737934,0.1138017
7/7/3/3/3/6/2/7/6 3 3,X,-0.625,4,SLEEP,Z,0.07081173,0.2194053
7/7/3/3/3/6/2/7/5 3 3,Z,-0.60,4,SLEEP,Z,0.07465699,0.3586395
7/7/3/3/3/6/2/7/3 3 3,Z,-0.60,2,SLEEP,Z,0.01349888,0.03077546
7/7/3/3/3/6/6/2/7 3 3,X,-0.625,8,SLEEP,Z,0.06586565,0.2022629
7/7/3/3/3/6/6/6/6 3 3,X,-0.75,4,SLEEP,Z,0.07750886,0.2028123
7/7/3/3/3/6/6/6/5 3 3,Z,-0.7,4,SLEEP,Z,0.05857983,0.1771928
7/7/3/3/3/6/6/6/3 3 3,X,0.75,8,SLEEP,Z,0.06682594,0.2115993
7/7/3/3/3/6/6/5/6 3 3,X,-0.75,6,SLEEP,Z,0.08699623,0.2648633
7/7/3/3/3/6/6/5/5 3 3,X,-0.625,4,SLEEP,Z,0.03155895,0.1061689
7/7/3/3/3/6/6/5/3 3 3,X,0.75,4,SLEEP,Z,0.01706945,0.05602242
7/7/3/3/3/6/6/3/6 3 3,X,-0.75,8,SLEEP,Z,0.1275648,0.3210506
7/7/3/3/3/6/6/3/5 3 3,Z,0.6666666666666666666666666667,6,SLEEP,Z,0.06032581,0.1903537
7/7/3/3/3/6/6/3/3 3 3,X,0.75,2,SLEEP,Z,0.01870869,0.05864449
7/7/3/3/3/6/6/7/4 3 3,X,-0.75,4,SLEEP,Z,0.1783182,0.4232004
7/7/3/3/3/6/6/7/2 3 3,X,-0.625,4,SLEEP,Z,0.1320891,0.3582556
7/7/3/3/3/6/6/7/1 3 3,X,0.75,2,SLEEP,Z,0.04096215,0.1282209
7/7/3/3/3/6/5/2/7 3 3,Z,-0.60,4,SLEEP,Z,0.05377718,0.1618358
7/7/3/3/3/6/5/6/6 3 3,Z,-0.7,4,SLEEP,Z,0.1160243,0.3470824
7/7/3/3/3/6/5/6/5 3 3,Z,-0.7,6,SLEEP,Z,0.1164562,0.3767147
7/7/3/3/3/6/5/6/3 3 3,Z,-0.7,4,SLEEP,Z,0.05000735,0.1594982
7/7/3/3/3/6/5/5/6 3 3,X,-0.625,4,SLEEP,Z,0.03753465,0.1358666
7/7/3/3/3/6/5/5/5 3 3,Z,-0.60,4,SLEEP,Z,0.05947616,0.1833733
7/7/3/3/3/6/5/5/3 3 3,Z,-0.60,4,SLEEP,Z,0.03933652,0.133264
7/7/3/3/3/6/5/3/6 3 3,Z,0.6666666666666666666666666667,4,SLEEP,Z,0.0552889,0.1798823
7/7/3/3/3/6/5/3/5 3 3,Z,0.6666666666666666666666666667,4,SLEEP,Z,0.03394811,0.1246652
7/7/3/3/3/6/5/3/3 3 3,Z,0.6666666666666666666666666667,2,SLEEP,Z,0.03909129,0.09592067
7/7/3/3/3/6/5/7/4 3 3,X,-0.625,4,SLEEP,Z,0.03845949,0.1490217
7/7/3/3/3/6/5/7/2 3 3,Z,-0.60,2,SLEEP,Z,0.0164248,0.07542461
7/7/3/3/3/6/5/7/1 3 3,Z,-0.60,4,SLEEP,Z,0.03101646,0.121098
7/7/3/3/3/6/3/2/7 3 3,Z,-0.60,4,SLEEP,Z,0.06813208,0.2005668
7/7/3/3/3/6/3/6/6 3 3,X,-0.75,4,SLEEP,Z,0.1734946,0.3131683
7/7/3/3/3/6/3/6/5 3 3,Z,-0.7,4,SLEEP,Z,0.07528303,0.2491809
7/7/3/3/3/6/3/6/3 3 3,Z,-0.7,4,SLEEP,Z,0.05380185,0.1815892
7/7/3/3/3/6/3/5/6 3 3,X,-0.75,2,SLEEP,Z,0.05165347,0.1408416
7/7/3/3/3/6/3/5/5 3 3,Z,-0.60,4,SLEEP,Z,0.05239918,0.1641111
7/7/3/3/3/6/3/5/3 3 3,Z,-0.60,2,SLEEP,Z,0.02809805,0.09548912
7/7/3/3/3/6/3/3/6 3 3,X,-0.75,4,SLEEP,Z,0.04224357,0.1506471
7/7/3/3/3/6/3/3/5 3 3,Z,0.6666666666666666666666666667,4,SLEEP,Z,0.03073426,0.1019365
7/7/3/3/3/6/3/3/3 3 3,Z,0.6666666666666666666666666667,2,SLEEP,Z,0.0186247,0.03942284
7/7/3/3/3/6/3/7/4 3 3,X,-0.75,6,SLEEP,Z,0.1026516,0.2142093
7/7/3/3/3/6/3/7/2 3 3,Z,-0.60,2,SLEEP,Z,0.01564485,0.05802537
7/7/3/3/3/6/3/7/1 3 3,Z,-0.60,2,SLEEP,Z,0.03343233,0.08364999
7/7/3/3/3/6/7/2/6 3 3,X,-0.625,4,SLEEP,Z,0.1229496,0.283379
7/7/3/3/3/6/7/2/5 3 3,Z,-0.60,4,SLEEP,Z,0.04762731,0.1514681
7/7/3/3/3/6/7/2/3 3 3,Z,-0.60,2,SLEEP,Z,0.0333607,0.0910253
7/7/3/3/3/6/7/6/4 3 3,Z,-0.7,4,SLEEP,Z,0.0568006,0.197883
7/7/3/3/3/6/7/6/2 3 3,Z,-0.7,6,SLEEP,Z,0.04206893,0.1284748
7/7/3/3/3/6/7/6/1 3 3,Z,-0.7,4,SLEEP,Z,0.05290788,0.1774983
7/7/3/3/3/6/7/5/4 3 3,X,-0.625,4,SLEEP,Z,0.03917414,0.1221307
7/7/3/3/3/6/7/5/2 3 3,Z,-0.60,4,SLEEP,Z,0.03577166,0.1252835
7/7/3/3/3/6/7/5/1 3 3,Z,-0.60,4,SLEEP,Z,0.0406859,0.1343166
7/7/3/3/3/6/7/3/4 3 3,Z,0.6666666666666666666666666666,6,SLEEP,Z,0.08575969,0.2206648
7/7/3/3/3/6/7/3/2 3 3,Z,0.6666666666666666666666666666,4,SLEEP,Z,0.03921545,0.1241395
7/7/3/3/3/6/7/3/1 3 3,Z,0.6666666666666666666666666666,4,SLEEP,Z,0.02914001,0.09735236
7/7/3/3/3/5/2/6/7 3 3,Z,-0.60,4,SLEEP,Z,0.05248125,0.1734859
7/7/3/3/3/5/2/5/7 3 3,Z,-0.5,6,SLEEP,Z,0.04402017,0.1349337
7/7/3/3/3/5/2/3/7 3 3,X,-0.5,4,SLEEP,Z,0.03619612,0.1189257
7/7/3/3/3/5/2/7/6 3 3,X,-0.625,4,SLEEP,Z,0.1016844,0.242487
7/7/3/3/3/5/2/7/5 3 3,Z,-0.5,4,SLEEP,Z,0.04223066,0.1362939
7/7/3/3/3/5/2/7/3 3 3,Z,-0.5,2,SLEEP,Z,0.02187205,0.01897878
7/7/3/3/3/5/6/2/7 3 3,X,-0.625,6,SLEEP,Z,0.09877139,0.246018
7/7/3/3/3/5/6/6/6 3 3,X,-0.75,6,SLEEP,Z,0.1563494,0.4383914
7/7/3/3/3/5/6/6/5 3 3,X,-0.625,8,SLEEP,Z,0.1422256,0.270396
7/7/3/3/3/5/6/6/3 3 3,X,0.75,4,SLEEP,Z,0.03045788,0.09935343
7/7/3/3/3/5/6/5/6 3 3,X,-0.75,6,SLEEP,Z,0.1128309,0.3161198
7/7/3/3/3/5/6/5/5 3 3,X,-0.625,4,SLEEP,Z,0.0443223,0.1600398
7/7/3/3/3/5/6/5/3 3 3,X,0.75,4,SLEEP,Z,0.06558356,0.1678866
7/7/3/3/3/5/6/3/6 3 3,X,-0.75,6,SLEEP,Z,0.1038614,0.3154799
7/7/3/3/3/5/6/3/5 3 3,X,-0.625,4,SLEEP,Z,0.06558304,0.1616964
7/7/3/3/3/5/6/3/3 3 3,X,0.75,2,SLEEP,Z,0.01683369,0.05734443
7/7/3/3/3/5/6/7/4 3 3,X,-0.75,4,SLEEP,Z,0.0637331,0.2228993
7/7/3/3/3/5/6/7/2 3 3,X,-0.625,2,SLEEP,Z,0.04886874,0.1288732
7/7/3/3/3/5/6/7/1 3 3,X,0.75,6,SLEEP,Z,0.04828589,0.1553686
7/7/3/3/3/5/5/2/7 3 3,Z,-0.5,6,SLEEP,Z,0.06163206,0.2117788
7/7/3/3/3/5/5/6/6 3 3,X,-0.625,6,SLEEP,Z,0.08253656,0.1839783
7/7/3/3/3/5/5/6/5 3 3,Z,-0.60,4,SLEEP,Z,0.03171263,0.1026605
7/7/3/3/3/5/5/6/3 3 3,Z,-0.60,4,SLEEP,Z,0.04289361,0.10989
7/7/3/3/3/5/5/5/6 3 3,X,-0.625,4,SLEEP,Z,0.05264242,0.1867507
7/7/3/3/3/5/5/5/5 3 3,Z,-0.5,4,SLEEP,Z,0.04831837,0.1314738
7/7/3/3/3/5/5/5/3 3 3,Z,-0.5,2,SLEEP,Z,0.02389853,0.0757769
7/7/3/3/3/5/5/3/6 3 3,X,-0.625,4,SLEEP,Z,0.08670981,0.2170317
7/7/3/3/3/5/5/3/5 3 3,X,-0.5,4,SLEEP,Z,0.02666461,0.0756941
7/7/3/3/3/5/5/3/3 3 3,Z,-0.5,2,SLEEP,Z,0,0
7/7/3/3/3/5/5/7/4 3 3,X,-0.625,4,SLEEP,Z,0.03430533,0.1291161
7/7/3/3/3/5/5/7/2 3 3,Z,-0.5,2,SLEEP,Z,0.02695947,0.09518018
7/7/3/3/3/5/5/7/1 3 3,Z,-0.5,4,SLEEP,Z,0.03623613,0.1275762
7/7/3/3/3/5/3/2/7 3 3,Z,-0.5,2,SLEEP,Z,0.01718443,0.06678716
7/7/3/3/3/5/3/6/6 3 3,X,-0.75,4,SLEEP,Z,0.06478719,0.2144311
7/7/3/3/3/5/3/6/5 3 3,Z,-0.60,8,SLEEP,Z,0.07828225,0.199802
7/7/3/3/3/5/3/6/3 3 3,Z,-0.60,2,SLEEP,Z,0.03646092,0.1155589
7/7/3/3/3/5/3/5/6 3 3,X,-0.75,4,SLEEP,Z,0.08819976,0.203049
7/7/3/3/3/5/3/5/5 3 3,Z,-0.5,4,SLEEP,Z,0.06136873,0.1684065
7/7/3/3/3/5/3/5/3 3 3,Z,-0.5,2,SLEEP,Z,0.02218387,0.06321804
7/7/3/3/3/5/3/3/6 3 3,X,-0.75,2,SLEEP,Z,0.02283035,0.07841784
7/7/3/3/3/5/3/3/5 3 3,X,-0.5,2,SLEEP,Z,0.02148033,0.06342657
7/7/3/3/3/5/3/3/3 3 3,Z,-0.5,2,SLEEP,Z,0,0
7/7/3/3/3/5/3/7/4 3 3,X,-0.75,8,SLEEP,Z,0.0770185,0.1753421
7/7/3/3/3/5/3/7/2 3 3,Z,-0.5,2,SLEEP,Z,0.01527236,0.05197353
7/7/3/3/3/5/3/7/1 3 3,Z,-0.5,2,SLEEP,Z,0.01381901,0.04613649
7/7/3/3/3/5/7/2/6 3 3,X,-0.625,4,SLEEP,Z,0.06768536,0.2216552
7/7/3/3/3/5/7/2/5 3 3,Z,-0.5,6,SLEEP,Z,0.1276726,0.2365528
7/7/3/3/3/5/7/2/3 3 3,Z,-0.5,4,SLEEP,Z,0.02605995,0.09050076
7/7/3/3/3/5/7/6/4 3 3,X,-0.625,2,SLEEP,Z,0.04013631,0.1396953
7/7/3/3/3/5/7/6/2 3 3,Z,-0.60,6,SLEEP,Z,0.09978849,0.2509586
7/7/3/3/3/5/7/6/1 3 3,Z,-0.60,2,SLEEP,Z,0.01220981,0.04456499
7/7/3/3/3/5/7/5/4 3 3,X,-0.625,4,SLEEP,Z,0.141019,0.4268766
7/7/3/3/3/5/7/5/2 3 3,Z,-0.5,4,SLEEP,Z,0.04583313,0.1173013
7/7/3/3/3/5/7/5/1 3 3,Z,-0.5,4,SLEEP,Z,0.08675551,0.229438
7/7/3/3/3/5/7/3/4 3 3,X,-0.625,2,SLEEP,Z,0.04721355,0.1517339
7/7/3/3/3/5/7/3/2 3 3,X,-0.5,4,SLEEP,Z,0.1038181,0.2225449
7/7/3/3/3/5/7/3/1 3 3,Z,-0.5,2,SLEEP,Z,0.01097334,0.0425257
7/7/3/3/3/3/2/6/7 3 3,Z,-0.6666666666666666666666666667,4,SLEEP,Z,0.09876583,0.2244997
7/7/3/3/3/3/2/5/7 3 3,X,-0.5,6,SLEEP,Z,0.1117272,0.378224
7/7/3/3/3/3/2/3/7 3 3,X,-0.5,4,SLEEP,Z,0.05418561,0.09636826
7/7/3/3/3/3/2/7/6 3 3,X,-0.625,4,SLEEP,Z,0.1093212,0.2605643
7/7/3/3/3/3/2/7/5 3 3,X,-0.5,4,SLEEP,Z,0.04312759,0.1430625
7/7/3/3/3/3/2/7/3 3 3,Z,-0.5,2,SLEEP,Z,0.04343941,0.1028862
7/7/3/3/3/3/6/2/7 3 3,X,-0.625,4,SLEEP,Z,0.03485412,0.1105765
7/7/3/3/3/3/6/6/6 3 3,X,-0.75,4,SLEEP,Z,0.09405132,0.2924811
7/7/3/3/3/3/6/6/5 3 3,Z,-0.6666666666666666666666666667,4,SLEEP,Z,0.1969085,0.3737482
7/7/3/3/3/3/6/6/3 3 3,X,0.75,4,SLEEP,Z,0.07882494,0.154745
7/7/3/3/3/3/6/5/6 3 3,X,-0.75,6,SLEEP,Z,0.1267508,0.3331411
7/7/3/3/3/3/6/5/5 3 3,X,-0.625,4,SLEEP,Z,0.07136676,0.1709593
7/7/3/3/3/3/6/5/3 3 3,X,0.75,2,SLEEP,Z,0.02615047,0.06176779
7/7/3/3/3/3/6/3/6 3 3,X,-0.75,6,SLEEP,Z,0.1679596,0.374449
7/7/3/3/3/3/6/3/5 3 3,X,-0.625,2,SLEEP,Z,0.07306258,0.2061595
7/7/3/3/3/3/6/3/3 3 3,X,0.75,2,SLEEP,Z,0.02119148,0.02474398
7/7/3/3/3/3/6/7/4 3 3,X,-0.75,4,SLEEP,Z,0.07872286,0.2312232
7/7/3/3/3/3/6/7/2 3 3,X,-0.625,4,SLEEP,Z,0.1346113,0.3390608
7/7/3/3/3/3/6/7/1 3 3,X,0.75,4,SLEEP,Z,0.04591703,0.1359335
7/7/3/3/3/3/5/2/7 3 3,X,-0.5,4,SLEEP,Z,0.04946919,0.1429185
7/7/3/3/3/3/5/6/6 3 3,Z,-0.6666666666666666666666666667,4,SLEEP,Z,0.06564707,0.1444982
7/7/3/3/3/3/5/6/5 3 3,Z,-0.6666666666666666666666666667,6,SLEEP,Z,0.08773151,0.1740368
7/7/3/3/3/3/5/6/3 3 3,Z,-0.6666666666666666666666666667,2,SLEEP,Z,0.04360451,0.07617206
7/7/3/3/3/3/5/5/6 3 3,X,-0.625,4,SLEEP,Z,0.05279334,0.1790884
7/7/3/3/3/3/5/5/5 3 3,X,-0.5,2,SLEEP,Z,0.02437008,0.0866478
7/7/3/3/3/3/5/5/3 3 3,Z,-0.5,2,SLEEP,Z,0.03216848,0.08919767
7/7/3/3/3/3/5/3/6 3 3,X,-0.625,2,SLEEP,Z,0.03592497,0.125661
7/7/3/3/3/3/5/3/5 3 3,X,-0.5,4,SLEEP,Z,0.1162436,0.2259692
7/7/3/3/3/3/5/3/3 3 3,Z,-0.5,2,SLEEP,Z,0.01255839,0.0464982
7/7/3/3/3/3/5/7/4 3 3,X,-0.625,4,SLEEP,Z,0.06325039,0.1535398
7/7/3/3/3/3/5/7/2 3 3,X,-0.5,4,SLEEP,Z,0.114153,0.2219763
7/7/3/3/3/3/5/7/1 3 3,Z,-0.5,2,SLEEP,Z,0.01533062,0.04384683
7/7/3/3/3/3/3/2/7 3 3,Z,-0.5,2,SLEEP,Z,0.02486487,0.07718454
7/7/3/3/3/3/3/6/6 3 3,X,-0.75,4,SLEEP,Z,0.2381044,0.4442411
7/7/3/3/3/3/3/6/5 3 3,Z,-0.6666666666666666666666666667,8,SLEEP,Z,0.1043138,0.2430284
7/7/3/3/3/3/3/6/3 3 3,Z,-0.6666666666666666666666666667,2,SLEEP,Z,0.03238723,0.09014016
7/7/3/3/3/3/3/5/6 3 3,X,-0.75,6,SLEEP,Z,0.08333828,0.1884158
7/7/3/3/3/3/3/5/5 3 3,Z,-0.5,2,SLEEP,Z,0.02680633,0.04038885
7/7/3/3/3/3/3/5/3 3 3,Z,-0.5,2,SLEEP,Z,0.02743047,0.08783874
7/7/3/3/3/3/3/3/6 3 3,X,-0.75,4,SLEEP,Z,0.0546094,0.1727442
7/7/3/3/3/3/3/3/5 3 3,X,-0.5,2,SLEEP,Z,0.01384265,0.05388529
7/7/3/3/3/3/3/3/3 3 3,Z,-0.5,2,SLEEP,Z,0,0
7/7/3/3/3/3/3/7/4 3 3,X,-0.75,4,SLEEP,Z,0.08514944,0.1754282
7/7/3/3/3/3/3/7/2 3 3,Z,-0.5,4,SLEEP,Z,0.04041866,0.1394553
7/7/3/3/3/3/3/7/1 3 3,Z,-0.5,2,SLEEP,Z,0.01189541,0.01322455
7/7/3/3/3/3/7/2/6 3 3,X,-0.625,6,SLEEP,Z,0.1820755,0.4269599
7/7/3/3/3/3/7/2/5 3 3,X,-0.5,2,SLEEP,Z,0.01735156,0.06038673
7/7/3/3/3/3/7/2/3 3 3,Z,-0.5,2,SLEEP,Z,0.01865904,0.06275437
7/7/3/3/3/3/7/6/4 3 3,Z,-0.6666666666666666666666666666,4,SLEEP,Z,0.08253106,0.2499614
7/7/3/3/3/3/7/6/2 3 3,Z,-0.6666666666666666666666666666,2,SLEEP,Z,0.02910765,0.09407568
7/7/3/3/3/3/7/6/1 3 3,Z,-0.6666666666666666666666666666,2,SLEEP,Z,0.1241693,0.2709338
7/7/3/3/3/3/7/5/4 3 3,X,-0.625,4,SLEEP,Z,0.08619447,0.2302003
7/7/3/3/3/3/7/5/2 3 3,X,-0.5,4,SLEEP,Z,0.07830021,0.1432715
7/7/3/3/3/3/7/5/1 3 3,Z,-0.5,2,SLEEP,Z,0,0
7/7/3/3/3/3/7/3/4 3 3,X,-0.625,4,SLEEP,Z,0.03976161,0.1453198
7/7/3/3/3/3/7/3/2 3 3,X,-0.5,2,SLEEP,Z,0.02242989,0.07164682
7/7/3/3/3/3/7/3/1 3 3,Z,-0.5,2,SLEEP,Z,0.01382053,0.0380335
7/7/3/3/3/7/2/2/7 3 3,Z,-0.5,4,SLEEP,Z,0.0476248,0.1532708
7/7/3/3/3/7/2/6/6 3 3,X,-0.625,6,SLEEP,Z,0.06993366,0.2193775
7/7/3/3/3/7/2/6/5 3 3,Z,-0.60,4,SLEEP,Z,0.03227932,0.1050521
7/7/3/3/3/7/2/6/3 3 3,Z,-0.60,4,SLEEP,Z,0.03181421,0.09839405
7/7/3/3/3/7/2/5/6 3 3,X,-0.625,4,SLEEP,Z,0.04589677,0.1469105
7/7/3/3/3/7/2/5/5 3 3,Z,-0.5,4,SLEEP,Z,0.03227919,0.09343541
7/7/3/3/3/7/2/5/3 3 3,Z,-0.5,2,SLEEP,Z,0,0
7/7/3/3/3/7/2/3/6 3 3,X,-0.625,4,SLEEP,Z,0.043742,0.1506255
7/7/3/3/3/7/2/3/5 3 3,X,-0.5,2,SLEEP,Z,0.02163411,0.06254293
7/7/3/3/3/7/2/3/3 3 3,X,0.5,2,SLEEP,Z,0,0
7/7/3/3/3/7/2/7/4 3 3,X,-0.625,4,SLEEP,Z,0.03765163,0.1445269
7/7/3/3/3/7/2/7/2 3 3,Z,-0.5,2,SLEEP,Z,0.03933857,0.1336985
7/7/3/3/3/7/2/7/1 3 3,Z,-0.5,2,SLEEP,Z,0,0
7/7/3/3/3/7/6/2/6 3 3,X,-0.75,6,SLEEP,Z,0.09606732,0.2904898
7/7/3/3/3/7/6/2/5 3 3,X,-0.625,4,SLEEP,Z,0.1102629,0.2792664
7/7/3/3/3/7/6/2/3 3 3,X,0.8333333333333333333333333333,4,SLEEP,Z,0.02148345,0.06736829
7/7/3/3/3/7/6/6/4 3 3,X,-0.75,4,SLEEP,Z,0.1087934,0.3246318
7/7/3/3/3/7/6/6/2 3 3,X,-0.625,6,SLEEP,Z,0.1785108,0.4319107
7/7/3/3/3/7/6/6/1 3 3,X,0.8333333333333333333333333333,2,SLEEP,Z,0.03196685,0.1153406
7/7/3/3/3/7/6/5/4 3 3,X,-0.75,4,SLEEP,Z,0.03779453,0.1303138
7/7/3/3/3/7/6/5/2 3 3,X,-0.625,4,SLEEP,Z,0.04297288,0.1462269
7/7/3/3/3/7/6/5/1 3 3,X,0.8333333333333333333333333333,4,SLEEP,Z,0.04231436,0.1490885
7/7/3/3/3/7/6/3/4 3 3,X,-0.75,4,SLEEP,Z,0.156104,0.3925884
7/7/3/3/3/7/6/3/2 3 3,X,-0.625,4,SLEEP,Z,0.1046838,0.2116019
7/7/3/3/3/7/6/3/1 3 3,X,0.8333333333333333333333333333,2,SLEEP,Z,0,0
7/7/3/3/3/7/5/2/6 3 3,X,-0.625,6,SLEEP,Z,0.1619678,0.4101887
7/7/3/3/3/7/5/2/5 3 3,Z,-0.5,4,SLEEP,Z,0.04408738,0.1556285
7/7/3/3/3/7/5/2/3 3 3,Z,-0.5,2,SLEEP,Z,0.01760882,0.06287514
7/7/3/3/3/7/5/6/4 3 3,X,-0.625,4,SLEEP,Z,0.07945134,0.2527119
7/7/3/3/3/7/5/6/2 3 3,Z,-0.60,2,SLEEP,Z,0.02754805,0.09490296
7/7/3/3/3/7/5/6/1 3 3,Z,-0.60,4,SLEEP,Z,0.03809077,0.1309526
7/7/3/3/3/7/5/5/4 3 3,X,-0.625,4,SLEEP,Z,0.08128875,0.243905
7/7/3/3/3/7/5/5/2 3 3,Z,-0.5,2,SLEEP,Z,0.02779387,0.1002911
7/7/3/3/3/7/5/5/1 3 3,Z,-0.5,2,SLEEP,Z,0.04739224,0.09967542
7/7/3/3/3/7/5/3/4 3 3,X,-0.625,4,SLEEP,Z,0.02991791,0.1113018
7/7/3/3/3/7/5/3/2 3 3,X,-0.5,2,SLEEP,Z,0,0
7/7/3/3/3/7/5/3/1 3 3,Z,-0.5,2,SLEEP,Z,0,0
7/7/3/3/3/7/3/2/6 3 3,X,-0.8333333333333333333333333333,4,SLEEP,Z,0.04771724,0.1525889
7/7/3/3/3/7/3/2/5 3 3,Z,-0.5,4,SLEEP,Z,0.03307862,0.1053396
7/7/3/3/3/7/3/2/3 3 3,Z,-0.5,4,SLEEP,Z,0.05626554,0.1749354
7/7/3/3/3/7/3/6/4 3 3,X,-0.8333333333333333333333333333,4,SLEEP,Z,0.04446101,0.1557108
7/7/3/3/3/7/3/6/2 3 3,Z,-0.60,2,SLEEP,Z,0.02844915,0.09404203
7/7/3/3/3/7/3/6/1 3 3,Z,-0.60,4,SLEEP,Z,0.06944204,0.1518566
7/7/3/3/3/7/3/5/4 3 3,X,-0.8333333333333333333333333333,2,SLEEP,Z,0.03814683,0.1199733
7/7/3/3/3/7/3/5/2 3 3,Z,-0.5,2,SLEEP,Z,0.01369235,0.04267756
7/7/3/3/3/7/3/5/1 3 3,Z,-0.5,4,SLEEP,Z,0.05159878,0.169319
7/7/3/3/3/7/3/3/4 3 3,X,-0.8333333333333333333333333333,2,SLEEP,Z,0.05608085,0.1155325
7/7/3/3/3/7/3/3/2 3 3,X,-0.5,2,SLEEP,Z,0.03197297,0.05606328
7/7/3/3/3/7/3/3/1 3 3,Z,-0.5,2,SLEEP,Z,0.01283704,0.03315147
7/7/3/3/3/7/7/2/4 3 3,X,-0.625,4,SLEEP,Z,0.03672142,0.1340987
7/7/3/3/3/7/7/2/2 3 3,Z,-0.5,4,SLEEP,Z,0.06094355,0.1965733
7/7/3/3/3/7/7/2/1 3 3,Z,-0.5,2,SLEEP,Z,0,0
7/7/3/7/3/2/2/6/7 3 3,X,-0.5,4,SLEEP,Z,0.07005439,0.1530341
7/7/3/7/3/2/2/5/7 3 3,X,-0.5,2,SLEEP,Z,0.04620297,0.08368855
7/7/3/7/3/2/2/3/7 3 3,X,-0.5,6,SLEEP,Z,0.0387744,0.1185232
7/7/3/7/3/2/2/7/6 3 3,X,-0.6428571428571428571428571429,2,SLEEP,Z,0.03675339,0.1106861
7/7/3/7/3/2/2/7/5 3 3,X,-0.5,4,SLEEP,Z,0.07903203,0.1788261
7/7/3/7/3/2/2/7/3 3 3,X,0.4,2,SLEEP,Z,0,0
7/7/3/7/3/2/6/2/7 3 3,X,-0.6428571428571428571428571429,4,SLEEP,Z,0.03732414,0.104433
7/7/3/7/3/2/6/6/6 3 3,X,-0.7857142857142857142857142857,6,SLEEP,Z,0.07832778,0.2700025
7/7/3/7/3/2/6/6/5 3 3,X,-0.6428571428571428571428571429,4,SLEEP,Z,0.06399696,0.1778926
7/7/3/7/3/2/6/6/3 3 3,X,0.75,2,SLEEP,Z,0.03329398,0.07083828
7/7/3/7/3/2/6/5/6 3 3,X,-0.7857142857142857142857142857,6,SLEEP,Z,0.05097277,0.174674
7/7/3/7/3/2/6/5/5 3 3,X,-0.6428571428571428571428571429,4,SLEEP,Z,0.03226672,0.1103261
7/7/3/7/3/2/6/5/3 3 3,X,0.75,2,SLEEP,Z,0,0
7/7/3/7/3/2/6/3/6 3 3,X,-0.7857142857142857142857142857,4,SLEEP,Z,0.05161552,0.171915
7/7/3/7/3/2/6/3/5 3 3,X,-0.6428571428571428571428571429,4,SLEEP,Z,0.09207173,0.1662829
7/7/3/7/3/2/6/3/3 3 3,X,0.75,4,SLEEP,Z,0.04465097,0.09979825
7/7/3/7/3/2/6/7/4 3 3,X,-0.7857142857142857142857142857,6,SLEEP,Z,0.1059676,0.3414069
7/7/3/7/3/2/6/7/2 3 3,X,-0.6428571428571428571428571429,4,SLEEP,Z,0.05223755,0.1673527
7/7/3/7/3/2/6/7/1 3 3,X,0.75,2,SLEEP,Z,0,0
7/7/3/7/3/2/5/2/7 3 3,X,-0.5,2,SLEEP,Z,0.03909312,0.07511269
7/7/3/7/3/2/5/6/6 3 3,X,-0.6428571428571428571428571429,2,SLEEP,Z,0.05608154,0.1342787
7/7/3/7/3/2/5/6/5 3 3,X,-0.5,4,SLEEP,Z,0.02634213,0.06977717
7/7/3/7/3/2/5/6/3 3 3,Z,0.5,2,SLEEP,Z,0.01103274,0.04045754
7/7/3/7/3/2/5/5/6 3 3,X,-0.6428571428571428571428571429,6,SLEEP,Z,0.08954736,0.2333826
7/7/3/7/3/2/5/5/5 3 3,X,-0.5,2,SLEEP,Z,0.02019275,0.070979
7/7/3/7/3/2/5/5/3 3 3,X,-0.3571428571428571428571428571,2,SLEEP,Z,0.04381237,0.08005807
7/7/3/7/3/2/5/3/6 3 3,X,-0.6428571428571428571428571429,4,SLEEP,Z,0.04109421,0.1382403
7/7/3/7/3/2/5/3/5 3 3,X,-0.5,4,SLEEP,Z,0.0247474,0.08451393
7/7/3/7/3/2/5/3/3 3 3,Z,-0.5,2,SLEEP,Z,0.0219151,0.03927233
7/7/3/7/3/2/5/7/4 3 3,X,-0.6428571428571428571428571429,4,SLEEP,Z,0.04680127,0.1631424
7/7/3/7/3/2/5/7/2 3 3,X,-0.5,2,SLEEP,Z,0.01168654,0.03413306
7/7/3/7/3/2/5/7/1 3 3,X,-0.3571428571428571428571428571,2,SLEEP,Z,0,0
7/7/3/7/3/2/3/2/7 3 3,X,-0.5,2,SLEEP,Z,0.03019821,0.07184912
7/7/3/7/3/2/3/6/6 3 3,X,-0.75,2,SLEEP,Z,0.03319189,0.1104012
7/7/3/7/3/2/3/6/5 3 3,X,-0.5,6,SLEEP,Z,0.0751531,0.1535985
7/7/3/7/3/2/3/6/3 3 3,Z,0.5,2,SLEEP,Z,0.02174802,0.02706611
7/7/3/7/3/2/3/5/6 3 3,X,-0.75,4,SLEEP,Z,0.04098236,0.1228919
7/7/3/7/3/2/3/5/5 3 3,X,-0.5,2,SLEEP,Z,0.02094497,0.07402907
7/7/3/7/3/2/3/5/3 3 3,X,-0.25,2,SLEEP,Z,0,0
7/7/3/7/3/2/3/3/6 3 3,X,-0.75,6,SLEEP,Z,0.07012555,0.1941212
7/7/3/7/3/2/3/3/5 3 3,X,-0.5,2,SLEEP,Z,0.009520587,0.03052662
7/7/3/7/3/2/3/3/3 3 3,Z,-0.5,2,SLEEP,Z,0.02643879,0.07000268
7/7/3/7/3/2/3/7/4 3 3,X,-0.75,2,SLEEP,Z,0.03329628,0.1139822
7/7/3/7/3/2/3/7/2 3 3,X,-0.5,2,SLEEP,Z,0.1175677,0.3188934
7/7/3/7/3/2/3/7/1 3 3,X,-0.25,2,SLEEP,Z,0.02465541,0.06025249
7/7/3/7/3/2/7/2/6 3 3,X,-0.6428571428571428571428571428,2,SLEEP,Z,0.03446272,0.1136416
7/7/3/7/3/2/7/2/5 3 3,X,-0.5,4,SLEEP,Z,0.02419451,0.0932582
7/7/3/7/3/2/7/2/3 3 3,X,-0.3571428571428571428571428572,2,SLEEP,Z,0,0
7/7/3/7/3/2/7/6/4 3 3,X,-0.6428571428571428571428571428,4,SLEEP,Z,0.03755827,0.1127527
7/7/3/7/3/2/7/6/2 3 3,X,-0.5,2,SLEEP,Z,0.02202752,0.06822848
7/7/3/7/3/2/7/6/1 3 3,Z,0.5,2,SLEEP,Z,0.007768269,0.02764083
7/7/3/7/3/2/7/5/4 3 3,X,-0.6428571428571428571428571428,4,SLEEP,Z,0.03565408,0.1216107
7/7/3/7/3/2/7/5/2 3 3,X,-0.5,2,SLEEP,Z,0.02121789,0.07463621
7/7/3/7/3/2/7/5/1 3 3,X,-0.3571428571428571428571428572,2,SLEEP,Z,0.02241764,0.03112337
7/7/3/7/3/2/7/3/4 3 3,X,-0.6428571428571428571428571428,4,SLEEP,Z,0.04508532,0.1704939
7/7/3/7/3/2/7/3/2 3 3,X,-0.5,4,SLEEP,Z,0.03299535,0.1168671
7/7/3/7/3/2/7/3/1 3 3,Z,-0.5,4,SLEEP,Z,0.05805603,0.2229323
7/7/3/7/3/6/2/2/7 3 3,X,-0.5,2,SLEEP,Z,0.01512323,0.04811023
7/7/3/7/3/6/2/6/6 3 3,X,-0.6428571428571428571428571429,2,SLEEP,Z,0.0338089,0.1078367
7/7/3/7/3/6/2/6/5 3 3,X,-0.5,4,SLEEP,Z,0.05264245,0.1797133
7/7/3/7/3/6/2/6/3 3 3,X,0.5,2,SLEEP,Z,0,0
7/7/3/7/3/6/2/5/6 3 3,X,-0.6428571428571428571428571429,4,SLEEP,Z,0.06122959,0.1665718
7/7/3/7/3/6/2/5/5 3 3,X,-0.5,2,SLEEP,Z,0.01420988,0.04316301
7/7/3/7/3/6/2/5/3 3 3,Z,0.5,2,SLEEP,Z,0.01420359,0.02154458
7/7/3/7/3/6/2/3/6 3 3,Z,0.7,4,SLEEP,Z,0.07406231,0.1812291
7/7/3/7/3/6/2/3/5 3 3,Z,0.7,4,SLEEP,Z,0.05774984,0.1193124
7/7/3/7/3/6/2/3/3 3 3,Z,0.7,2,SLEEP,Z,0,0
7/7/3/7/3/6/2/7/4 3 3,X,-0.6428571428571428571428571429,4,SLEEP,Z,0.07500627,0.20915
7/7/3/7/3/6/2/7/2 3 3,X,-0.5,2,SLEEP,Z,0.01422792,0.04599794
7/7/3/7/3/6/2/7/1 3 3,Z,0.5,2,SLEEP,Z,0,0
7/7/3/7/3/6/6/2/6 3 3,X,-0.7857142857142857142857142857,8,SLEEP,Z,0.1732239,0.4069813
7/7/3/7/3/6/6/2/5 3 3,X,-0.6428571428571428571428571429,4,SLEEP,Z,0.04541646,0.1515923
7/7/3/7/3/6/6/2/3 3 3,X,0.8333333333333333333333333333,2,SLEEP,Z,0.02700175,0.04124644
7/7/3/7/3/6/6/6/4 3 3,X,-0.7857142857142857142857142857,6,SLEEP,Z,0.159249,0.3564191
7/7/3/7/3/6/6/6/2 3 3,X,-0.6428571428571428571428571429,4,SLEEP,Z,0.05828279,0.1819893
7/7/3/7/3/6/6/6/1 3 3,X,0.8333333333333333333333333333,2,SLEEP,Z,0.0224212,0.07249447
7/7/3/7/3/6/6/5/4 3 3,X,-0.7857142857142857142857142857,4,SLEEP,Z,0.05107605,0.1816225
7/7/3/7/3/6/6/5/2 3 3,X,-0.6428571428571428571428571429,4,SLEEP,Z,0.03761717,0.1183735
7/7/3/7/3/6/6/5/1 3 3,X,0.8333333333333333333333333333,2,SLEEP,Z,0.03374324,0.1144096
7/7/3/7/3/6/6/3/4 3 3,X,-0.7857142857142857142857142857,4,SLEEP,Z,0.09043855,0.2912022
7/7/3/7/3/6/6/3/2 3 3,Z,0.7,4,SLEEP,Z,0.07649687,0.2321951
7/7/3/7/3/6/6/3/1 3 3,X,0.8333333333333333333333333333,2,SLEEP,Z,0.02374876,0.05767632
7/7/3/7/3/6/5/2/6 3 3,X,-0.6428571428571428571428571429,2,SLEEP,Z,0.04826089,0.1075448
7/7/3/7/3/6/5/2/5 3 3,X,-0.5,4,SLEEP,Z,0.111032,0.3520117
7/7/3/7/3/6/5/2/3 3 3,Z,0.5,2,SLEEP,Z,0,0
7/7/3/7/3/6/5/6/4 3 3,X,-0.6428571428571428571428571429,4,SLEEP,Z,0.05857301,0.1389648
7/7/3/7/3/6/5/6/2 3 3,X,-0.5,2,SLEEP,Z,0.02115535,0.07609172
7/7/3/7/3/6/5/6/1 3 3,Z,0.5,2,SLEEP,Z,0,0
7/7/3/7/3/6/5/5/4 3 3,X,-0.6428571428571428571428571429,2,SLEEP,Z,0.03657756,0.08882426
7/7/3/7/3/6/5/5/2 3 3,X,-0.5,2,SLEEP,Z,0.02267622,0.0841571
7/7/3/7/3/6/5/5/1 3 3,Z,0.5,2,SLEEP,Z,0.02914196,0.03554166
7/7/3/7/3/6/5/3/4 3 3,Z,0.7,2,SLEEP,Z,0.0316814,0.09477379
7/7/3/7/3/6/5/3/2 3 3,Z,0.7,2,SLEEP,Z,0.1345314,0.2545176
7/7/3/7/3/6/5/3/1 3 3,Z,0.7,2,SLEEP,Z,0,0
7/7/3/7/3/6/3/2/6 3 3,X,-0.8333333333333333333333333333,4,SLEEP,Z,0.05634965,0.1311152
7/7/3/7/3/6/3/2/5 3 3,Z,0.5,2,SLEEP,Z,0.01481165,0.05248942
7/7/3/7/3/6/3/2/3 3 3,Z,0.5,2,SLEEP,Z,0,0
7/7/3/7/3/6/3/6/4 3 3,X,-0.8333333333333333333333333333,2,SLEEP,Z,0.0358145,0.111359
7/7/3/7/3/6/3/6/2 3 3,X,-0.5,2,SLEEP,Z,0.05790353,0.2962441
7/7/3/7/3/6/3/6/1 3 3,Z,0.5,2,SLEEP,Z,0.009582773,0.03880483
7/7/3/7/3/6/3/5/4 3 3,X,-0.8333333333333333333333333333,2,SLEEP,Z,0.01689977,0.05450452
7/7/3/7/3/6/3/5/2 3 3,Z,0.5,2,SLEEP,Z,0.01192716,0.04529621
7/7/3/7/3/6/3/5/1 3 3,Z,0.5,2,SLEEP,Z,0,0
7/7/3/7/3/6/3/3/4 3 3,X,-0.8333333333333333333333333333,4,SLEEP,Z,0.101914,0.1716186
7/7/3/7/3/6/3/3/2 3 3,Z,0.7,2,SLEEP,Z,0.01190746,0.02430022
7/7/3/7/3/6/3/3/1 3 3,Z,0.7,2,SLEEP,Z,0.03208124,0.09826895
7/7/3/7/3/6/7/2/4 3 3,X,-0.6428571428571428571428571429,2,SLEEP,Z,0.04220838,0.1421256
7/7/3/7/3/6/7/2/2 3 3,X,-0.5,2,SLEEP,Z,0.1074757,0.2875838
7/7/3/7/3/6/7/2/1 3 3,Z,0.5,2,SLEEP,Z,0,0
7/7/3/7/3/5/2/2/7 3 3,X,-0.5,2,SLEEP,Z,0.0282403,0.09062935
7/7/3/7/3/5/2/6/6 3 3,X,-0.6428571428571428571428571429,4,SLEEP,Z,0.03865662,0.1448105
7/7/3/7/3/5/2/6/5 3 3,X,-0.5,2,SLEEP,Z,0.01845589,0.05381868
7/7/3/7/3/5/2/6/3 3 3,X,0.5,2,SLEEP,Z,0.02188228,0.04132574
7/7/3/7/3/5/2/5/6 3 3,X,-0.6428571428571428571428571429,4,SLEEP,Z,0.06868438,0.2074918
7/7/3/7/3/5/2/5/5 3 3,X,-0.5,2,SLEEP,Z,0.02744186,0.08625464
7/7/3/7/3/5/2/5/3 3 3,X,0.5,2,SLEEP,Z,0.005664736,0.01283602
7/7/3/7/3/5/2/3/6 3 3,X,-0.6428571428571428571428571429,6,SLEEP,Z,0.07839064,0.1987017
7/7/3/7/3/5/2/3/5 3 3,X,-0.5,2,SLEEP,Z,0.01881538,0.0528034
7/7/3/7/3/5/2/3/3 3 3,X,0.5,2,SLEEP,Z,0,0
7/7/3/7/3/5/2/7/4 3 3,X,-0.6428571428571428571428571429,4,SLEEP,Z,0.04973649,0.1707585
7/7/3/7/3/5/2/7/2 3 3,X,-0.5,2,SLEEP,Z,0.02651786,0.08737826
7/7/3/7/3/5/2/7/1 3 3,X,0.5,2,SLEEP,Z,0,0
7/7/3/7/3/5/6/2/6 3 3,X,-0.7857142857142857142857142857,6,SLEEP,Z,0.1010259,0.2893357
7/7/3/7/3/5/6/2/5 3 3,X,-0.6428571428571428571428571429,2,SLEEP,Z,0.02091397,0.06249341
7/7/3/7/3/5/6/2/3 3 3,X,0.8333333333333333333333333333,2,SLEEP,Z,0,0
7/7/3/7/3/5/6/6/4 3 3,X,-0.7857142857142857142857142857,4,SLEEP,Z,0.08298757,0.2924278
7/7/3/7/3/5/6/6/2 3 3,X,-0.6428571428571428571428571429,4,SLEEP,Z,0.06179792,0.1580697
7/7/3/7/3/5/6/6/1 3 3,X,0.8333333333333333333333333333,2,SLEEP,Z,0,0
7/7/3/7/3/5/6/5/4 3 3,X,-0.7857142857142857142857142857,4,SLEEP,Z,0.05823019,0.194377
7/7/3/7/3/5/6/5/2 3 3,X,-0.6428571428571428571428571429,4,SLEEP,Z,0.06687358,0.1597411
7/7/3/7/3/5/6/5/1 3 3,X,0.8333333333333333333333333333,2,SLEEP,Z,0.009161066,0.03187729
7/7/3/7/3/5/6/3/4 3 3,X,-0.7857142857142857142857142857,4,SLEEP,Z,0.0387565,0.1357133
7/7/3/7/3/5/6/3/2 3 3,X,-0.6428571428571428571428571429,2,SLEEP,Z,0.01825901,0.05761868
7/7/3/7/3/5/6/3/1 3 3,X,0.8333333333333333333333333333,2,SLEEP,Z,0.02678644,0.08775343
7/7/3/7/3/5/5/2/6 3 3,X,-0.6428571428571428571428571429,4,SLEEP,Z,0.04223742,0.1462958
7/7/3/7/3/5/5/2/5 3 3,X,-0.5,2,SLEEP,Z,0.02379156,0.08231093
7/7/3/7/3/5/5/2/3 3 3,X,-0.3571428571428571428571428571,2,SLEEP,Z,0,0
7/7/3/7/3/5/5/6/4 3 3,X,-0.6428571428571428571428571429,4,SLEEP,Z,0.03405895,0.1157879
7/7/3/7/3/5/5/6/2 3 3,X,-0.5,2,SLEEP,Z,0.01017798,0.05334114
7/7/3/7/3/5/5/6/1 3 3,Z,0.5,2,SLEEP,Z,0,0
7/7/3/7/3/5/5/5/4 3 3,X,-0.6428571428571428571428571429,4,SLEEP,Z,0.04707095,0.1684234
7/7/3/7/3/5/5/5/2 3 3,X,-0.5,2,SLEEP,Z,0,0
7/7/3/7/3/5/5/5/1 3 3,X,-0.3571428571428571428571428571,2,SLEEP,Z,0.05472246,0.1401821
7/7/3/7/3/5/5/3/4 3 3,X,-0.6428571428571428571428571429,2,SLEEP,Z,0.02970491,0.1186984
7/7/3/7/3/5/5/3/2 3 3,X,-0.5,4,SLEEP,Z,0.09369557,0.2105408
7/7/3/7/3/5/5/3/1 3 3,Z,-0.5,2,SLEEP,Z,0.01056602,0.03909346
7/7/3/7/3/5/3/2/6 3 3,X,-0.8333333333333333333333333333,4,SLEEP,Z,0.08076952,0.2332797
7/7/3/7/3/5/3/2/5 3 3,X,-0.5,2,SLEEP,Z,0.03393877,0.0893932
7/7/3/7/3/5/3/2/3 3 3,X,-0.25,2,SLEEP,Z,0.02645827,0.08235155
7/7/3/7/3/5/3/6/4 3 3,X,-0.8333333333333333333333333333,2,SLEEP,Z,0.03603409,0.1023061
7/7/3/7/3/5/3/6/2 3 3,X,-0.5,2,SLEEP,Z,0,0
7/7/3/7/3/5/3/6/1 3 3,Z,0.5,2,SLEEP,Z,0.02562552,0.08303561
7/7/3/7/3/5/3/5/4 3 3,X,-0.8333333333333333333333333333,2,SLEEP,Z,0.02205775,0.07179035
7/7/3/7/3/5/3/5/2 3 3,X,-0.5,2,SLEEP,Z,0.009683387,0.03369096
7/7/3/7/3/5/3/5/1 3 3,X,-0.25,2,SLEEP,Z,0,0
7/7/3/7/3/5/3/3/4 3 3,X,-0.8333333333333333333333333333,2,SLEEP,Z,0.05284788,0.1082661
7/7/3/7/3/5/3/3/2 3 3,X,-0.5,2,SLEEP,Z,0.01070912,0.05200752
7/7/3/7/3/5/3/3/1 3 3,Z,-0.5,2,SLEEP,Z,0.009443596,0.03997017
7/7/3/7/3/5/7/2/4 3 3,X,-0.6428571428571428571428571429,4,SLEEP,Z,0.02703862,0.09392651
7/7/3/7/3/5/7/2/2 3 3,X,-0.5,2,SLEEP,Z,0,0
7/7/3/7/3/5/7/2/1 3 3,X,-0.3571428571428571428571428571,2,SLEEP,Z,0,0
7/7/3/7/3/3/2/2/7 3 3,X,-0.5,4,SLEEP,Z,0.03017928,0.09975119
7/7/3/7/3/3/2/6/6 3 3,Z,-0.7,4,SLEEP,Z,0.05354194,0.1620527
7/7/3/7/3/3/2/6/5 3 3,Z,-0.7,4,SLEEP,Z,0.06468569,0.1527041
7/7/3/7/3/3/2/6/3 3 3,Z,-0.7,2,SLEEP,Z,0.01867045,0.05752623
7/7/3/7/3/3/2/5/6 3 3,X,-0.6428571428571428571428571429,4,SLEEP,Z,0.06996927,0.2151852
7/7/3/7/3/3/2/5/5 3 3,X,-0.5,2,SLEEP,Z,0.06564084,0.1580957
7/7/3/7/3/3/2/5/3 3 3,Z,-0.5,2,SLEEP,Z,0.007328943,0.01727379
7/7/3/7/3/3/2/3/6 3 3,X,-0.6428571428571428571428571429,4,SLEEP,Z,0.08139698,0.2433398
7/7/3/7/3/3/2/3/5 3 3,X,-0.5,2,SLEEP,Z,0.0314098,0.08621579
7/7/3/7/3/3/2/3/3 3 3,X,0.5,2,SLEEP,Z,0.02528226,0.0719666
7/7/3/7/3/3/2/7/4 3 3,X,-0.6428571428571428571428571429,4,SLEEP,Z,0.07440752,0.17147
7/7/3/7/3/3/2/7/2 3 3,X,-0.5,2,SLEEP,Z,0.01902255,0.05785518
7/7/3/7/3/3/2/7/1 3 3,Z,-0.5,2,SLEEP,Z,0,0
7/7/3/7/3/3/6/2/6 3 3,X,-0.7857142857142857142857142857,4,SLEEP,Z,0.07922472,0.2502274
7/7/3/7/3/3/6/2/5 3 3,X,-0.6428571428571428571428571429,4,SLEEP,Z,0.04272172,0.1355859
7/7/3/7/3/3/6/2/3 3 3,X,0.8333333333333333333333333333,2,SLEEP,Z,0.0131959,0.03511898
7/7/3/7/3/3/6/6/4 3 3,X,-0.7857142857142857142857142857,4,SLEEP,Z,0.06189457,0.2139471
7/7/3/7/3/3/6/6/2 3 3,Z,-0.7,2,SLEEP,Z,0.0414343,0.133505
7/7/3/7/3/3/6/6/1 3 3,X,0.8333333333333333333333333333,4,SLEEP,Z,0.09047843,0.2203726
7/7/3/7/3/3/6/5/4 3 3,X,-0.7857142857142857142857142857,4,SLEEP,Z,0.05985855,0.1917681
7/7/3/7/3/3/6/5/2 3 3,X,-0.6428571428571428571428571429,2,SLEEP,Z,0.03602127,0.1214036
7/7/3/7/3/3/6/5/1 3 3,X,0.8333333333333333333333333333,2,SLEEP,Z,0.02835819,0.04682684
7/7/3/7/3/3/6/3/4 3 3,X,-0.7857142857142857142857142857,4,SLEEP,Z,0.07187612,0.2174579
7/7/3/7/3/3/6/3/2 3 3,X,-0.6428571428571428571428571429,2,SLEEP,Z,0.03850384,0.1261661
7/7/3/7/3/3/6/3/1 3 3,X,0.8333333333333333333333333333,2,SLEEP,Z,0.03463873,0.08121898
7/7/3/7/3/3/5/2/6 3 3,X,-0.6428571428571428571428571429,2,SLEEP,Z,0.02557778,0.09086525
7/7/3/7/3/3/5/2/5 3 3,X,-0.5,4,SLEEP,Z,0.03886859,0.1086973
7/7/3/7/3/3/5/2/3 3 3,Z,-0.5,2,SLEEP,Z,0.007554299,0.0303626
7/7/3/7/3/3/5/6/4 3 3,Z,-0.7,4,SLEEP,Z,0.08746354,0.2062558
7/7/3/7/3/3/5/6/2 3 3,Z,-0.7,4,SLEEP,Z,0.02498591,0.07496304
7/7/3/7/3/3/5/6/1 3 3,Z,-0.7,2,SLEEP,Z,0.04107052,0.06990654
7/7/3/7/3/3/5/5/4 3 3,X,-0.6428571428571428571428571429,4,SLEEP,Z,0.03110491,0.1101409
7/7/3/7/3/3/5/5/2 3 3,X,-0.5,2,SLEEP,Z,0.01687178,0.05704622
7/7/3/7/3/3/5/5/1 3 3,Z,-0.5,2,SLEEP,Z,0.02517558,0.02562426
7/7/3/7/3/3/5/3/4 3 3,X,-0.6428571428571428571428571429,2,SLEEP,Z,0.06619515,0.1947904
7/7/3/7/3/3/5/3/2 3 3,X,-0.5,2,SLEEP,Z,0.03703142,0.1206064
7/7/3/7/3/3/5/3/1 3 3,Z,-0.5,2,SLEEP,Z,0.005026778,0.01828783
7/7/3/7/3/3/3/2/6 3 3,X,-0.8333333333333333333333333333,2,SLEEP,Z,0.04388043,0.1022032
7/7/3/7/3/3/3/2/5 3 3,Z,-0.5,2,SLEEP,Z,0.009351064,0.03343311
7/7/3/7/3/3/3/2/3 3 3,Z,-0.5,2,SLEEP,Z,0,0
7/7/3/7/3/3/3/6/4 3 3,X,-0.8333333333333333333333333333,2,SLEEP,Z,0.03457496,0.09375334
7/7/3/7/3/3/3/6/2 3 3,Z,-0.7,4,SLEEP,Z,0.03074548,0.08242252
7/7/3/7/3/3/3/6/1 3 3,Z,-0.7,2,SLEEP,Z,0.07395443,0.1382692
7/7/3/7/3/3/3/5/4 3 3,X,-0.8333333333333333333333333333,2,SLEEP,Z,0.08447013,0.1326672
7/7/3/7/3/3/3/5/2 3 3,Z,-0.5,2,SLEEP,Z,0.07750953,0.1331728
7/7/3/7/3/3/3/5/1 3 3,Z,-0.5,2,SLEEP,Z,0,0
7/7/3/7/3/3/3/3/4 3 3,X,-0.8333333333333333333333333333,4,SLEEP,Z,0.06218101,0.1596542
7/7/3/7/3/3/3/3/2 3 3,X,-0.5,2,SLEEP,Z,0.009009212,0.03528468
7/7/3/7/3/3/3/3/1 3 3,Z,-0.5,2,SLEEP,Z,0,0
7/7/3/7/3/3/7/2/4 3 3,X,-0.6428571428571428571428571429,4,SLEEP,Z,0.04339277,0.1373642
7/7/3/7/3/3/7/2/2 3 3,X,-0.5,2,SLEEP,Z,0,0
7/7/3/7/3/3/7/2/1 3 3,Z,-0.5,2,SLEEP,Z,0,0
7/7/3/7/3/7/2/2/6 3 3,X,-0.6666666666666666666666666666,4,SLEEP,Z,0.1744107,0.3381188
7/7/3/7/3/7/2/2/5 3 3,X,-0.5,2,SLEEP,Z,0.02539879,0.09131385
7/7/3/7/3/7/2/2/3 3 3,X,0.6666666666666666666666666666,2,SLEEP,Z,0.07050031,0.05388052
7/7/3/7/3/7/2/6/4 3 3,X,-0.6666666666666666666666666666,2,SLEEP,Z,0.05037648,0.1506804
7/7/3/7/3/7/2/6/2 3 3,X,-0.5,2,SLEEP,Z,0.02192732,0.07039983
7/7/3/7/3/7/2/6/1 3 3,X,0.6666666666666666666666666666,2,SLEEP,Z,0,0
7/7/3/7/3/7/2/5/4 3 3,X,-0.6666666666666666666666666666,4,SLEEP,Z,0.08711383,0.2138774
7/7/3/7/3/7/2/5/2 3 3,X,-0.5,2,SLEEP,Z,0.03610258,0.07310998
7/7/3/7/3/7/2/5/1 3 3,X,0.6666666666666666666666666666,2,SLEEP,Z,0.06378171,0.3261462
7/7/3/7/3/7/2/3/4 3 3,X,-0.6666666666666666666666666666,4,SLEEP,Z,0.08564275,0.2321793
7/7/3/7/3/7/2/3/2 3 3,X,-0.5,2,SLEEP,Z,0.009152353,0.0328092
7/7/3/7/3/7/2/3/1 3 3,X,0.6666666666666666666666666666,2,SLEEP,Z,0,0
7/7/3/7/3/7/6/2/4 3 3,X,-0.7857142857142857142857142857,4,SLEEP,Z,0.07165051,0.2041907
7/7/3/7/3/7/6/2/2 3 3,X,-0.6428571428571428571428571429,2,SLEEP,Z,0.1272192,0.2743875
7/7/3/7/3/7/5/2/4 3 3,X,-0.6428571428571428571428571429,2,SLEEP,Z,0.03068909,0.1070855
7/7/3/7/3/7/5/2/2 3 3,X,-0.5,4,SLEEP,Z,0.03472219,0.1032007
7/7/3/7/3/7/5/2/1 3 3,X,-0.3571428571428571428571428571,2,SLEEP,Z,0.007736538,0.03495608
7/7/3/7/3/7/3/2/2 3 3,X,-0.5,2,SLEEP,Z,0,0
7/7/3/7/3/7/3/2/1 3 3,X,-0.25,2,SLEEP,Z,0,0
7/7/3/3/7/2/2/6/7 3 3,Z,-0.6,6,SLEEP,Z,0.0737709,0.1999645
7/7/3/3/7/2/2/5/7 3 3,X,-0.5,6,SLEEP,Z,0.0358891,0.1153384
7/7/3/3/7/2/2/3/7 3 3,X,-0.5,2,SLEEP,Z,0.0266395,0.07287744
7/7/3/3/7/2/2/7/6 3 3,X,-0.5833333333333333333333333333,6,SLEEP,Z,0.08088078,0.2653506
7/7/3/3/7/2/2/7/5 3 3,X,-0.5,2,SLEEP,Z,0.03991867,0.1326192
7/7/3/3/7/2/2/7/3 3 3,Z,-0.5,2,SLEEP,Z,0,0
7/7/3/3/7/2/6/2/7 3 3,X,-0.5833333333333333333333333333,4,SLEEP,Z,0.03580044,0.107653
7/7/3/3/7/2/6/6/6 3 3,X,-0.6666666666666666666666666667,4,SLEEP,Z,0.05217747,0.1668402
7/7/3/3/7/2/6/6/5 3 3,Z,-0.6,4,SLEEP,Z,0.0940842,0.2529858
7/7/3/3/7/2/6/6/3 3 3,X,0.75,4,SLEEP,Z,0.1204315,0.341706
7/7/3/3/7/2/6/5/6 3 3,X,-0.6666666666666666666666666667,12,SLEEP,Z,0.1014467,0.3799799
7/7/3/3/7/2/6/5/5 3 3,X,-0.5833333333333333333333333333,4,SLEEP,Z,0.03536347,0.1163271
7/7/3/3/7/2/6/5/3 3 3,X,0.75,2,SLEEP,Z,0.03472638,0.09146561
7/7/3/3/7/2/6/3/6 3 3,X,-0.6666666666666666666666666667,4,SLEEP,Z,0.0882589,0.3336609
7/7/3/3/7/2/6/3/5 3 3,X,-0.5833333333333333333333333333,4,SLEEP,Z,0.04404057,0.1387717
7/7/3/3/7/2/6/3/3 3 3,X,0.75,2,SLEEP,Z,0.1354818,0.1768057
7/7/3/3/7/2/6/7/4 3 3,X,-0.6666666666666666666666666667,6,SLEEP,Z,0.06149873,0.2423098
7/7/3/3/7/2/6/7/2 3 3,X,-0.5833333333333333333333333333,4,SLEEP,Z,0.03997626,0.1390674
7/7/3/3/7/2/6/7/1 3 3,X,0.75,2,SLEEP,Z,0.0342251,0.1171592
7/7/3/3/7/2/5/2/7 3 3,X,-0.5,6,SLEEP,Z,0.05867635,0.1629668
7/7/3/3/7/2/5/6/6 3 3,Z,-0.6,10,SLEEP,Z,0.09497184,0.30992
7/7/3/3/7/2/5/6/5 3 3,Z,-0.6,4,SLEEP,Z,0.09723449,0.2544333
7/7/3/3/7/2/5/6/3 3 3,Z,-0.6,10,SLEEP,Z,0.05817068,0.18397
7/7/3/3/7/2/5/5/6 3 3,X,-0.5833333333333333333333333333,6,SLEEP,Z,0.05034811,0.1900365
7/7/3/3/7/2/5/5/5 3 3,X,-0.5,4,SLEEP,Z,0.04276276,0.1119018
7/7/3/3/7/2/5/5/3 3 3,Z,-0.5,4,SLEEP,Z,0.05430462,0.1700783
7/7/3/3/7/2/5/3/6 3 3,X,-0.5833333333333333333333333333,6,SLEEP,Z,0.08995213,0.2809306
7/7/3/3/7/2/5/3/5 3 3,X,-0.5,4,SLEEP,Z,0.0127105,0.05419276
7/7/3/3/7/2/5/3/3 3 3,Z,-0.5,2,SLEEP,Z,0.01446398,0.04563085
7/7/3/3/7/2/5/7/4 3 3,X,-0.5833333333333333333333333333,4,SLEEP,Z,0.03831161,0.1528761
7/7/3/3/7/2/5/7/2 3 3,X,-0.5,6,SLEEP,Z,0.07954961,0.218078
7/7/3/3/7/2/5/7/1 3 3,Z,-0.5,4,SLEEP,Z,0.04678775,0.1187039
7/7/3/3/7/2/3/2/7 3 3,Z,-0.5,2,SLEEP,Z,0.02705445,0.06832372
7/7/3/3/7/2/3/6/6 3 3,X,-0.75,6,SLEEP,Z,0.1424048,0.3649179
7/7/3/3/7/2/3/6/5 3 3,Z,-0.6,6,SLEEP,Z,0.03587119,0.1114367
7/7/3/3/7/2/3/6/3 3 3,Z,-0.6,4,SLEEP,Z,0.03204586,0.0966599
7/7/3/3/7/2/3/5/6 3 3,X,-0.75,2,SLEEP,Z,0.03101453,0.07226814
7/7/3/3/7/2/3/5/5 3 3,Z,-0.5,2,SLEEP,Z,0.01441815,0.04455233
7/7/3/3/7/2/3/5/3 3 3,Z,-0.5,2,SLEEP,Z,0.02432673,0.07833777
7/7/3/3/7/2/3/3/6 3 3,X,-0.75,4,SLEEP,Z,0.05615775,0.172244
7/7/3/3/7/2/3/3/5 3 3,X,-0.5,2,SLEEP,Z,0.008504346,0.02798579
7/7/3/3/7/2/3/3/3 3 3,Z,-0.5,2,SLEEP,Z,0,0
7/7/3/3/7/2/3/7/4 3 3,X,-0.75,4,SLEEP,Z,0.03443057,0.1025617
7/7/3/3/7/2/3/7/2 3 3,Z,-0.5,2,SLEEP,Z,0.03521685,0.1087618
7/7/3/3/7/2/3/7/1 3 3,Z,-0.5,4,SLEEP,Z,0.02726089,0.09674218
7/7/3/3/7/2/7/2/6 3 3,X,-0.5833333333333333333333333333,4,SLEEP,Z,0.03498157,0.1245304
7/7/3/3/7/2/7/2/5 3 3,X,-0.5,2,SLEEP,Z,0.02790677,0.09872551
7/7/3/3/7/2/7/2/3 3 3,Z,-0.5,2,SLEEP,Z,0.01986591,0.05313217
7/7/3/3/7/2/7/6/4 3 3,Z,-0.6,4,SLEEP,Z,0.05442177,0.2138592
7/7/3/3/7/2/7/6/2 3 3,Z,-0.6,4,SLEEP,Z,0.13149,0.3071776
7/7/3/3/7/2/7/6/1 3 3,Z,-0.6,2,SLEEP,Z,0.04050929,0.09813926
7/7/3/3/7/2/7/5/4 3 3,X,-0.5833333333333333333333333333,4,SLEEP,Z,0.06524449,0.2195776
7/7/3/3/7/2/7/5/2 3 3,X,-0.5,4,SLEEP,Z,0.01877756,0.05950691
7/7/3/3/7/2/7/5/1 3 3,Z,-0.5,2,SLEEP,Z,0.04378661,0.08525209
7/7/3/3/7/2/7/3/4 3 3,X,-0.5833333333333333333333333333,2,SLEEP,Z,0.0326136,0.1260921
7/7/3/3/7/2/7/3/2 3 3,X,-0.5,2,SLEEP,Z,0.06837398,0.1803482
7/7/3/3/7/2/7/3/1 3 3,Z,-0.5,2,SLEEP,Z,0.003196235,0.01356696
7/7/3/3/7/6/2/2/7 3 3,Z,-0.6,4,SLEEP,Z,0.03208354,0.09286371
7/7/3/3/7/6/2/6/6 3 3,Z,-0.7,4,SLEEP,Z,0.05899028,0.2090728
7/7/3/3/7/6/2/6/5 3 3,Z,-0.7,6,SLEEP,Z,0.09065285,0.2127205
7/7/3/3/7/6/2/6/3 3 3,Z,-0.7,2,SLEEP,Z,0.05521095,0.1770315
7/7/3/3/7/6/2/5/6 3 3,Z,-0.6,6,SLEEP,Z,0.08698336,0.2850356
7/7/3/3/7/6/2/5/5 3 3,Z,-0.6,2,SLEEP,Z,0.02106941,0.07318511
7/7/3/3/7/6/2/5/3 3 3,Z,-0.6,2,SLEEP,Z,0.01936003,0.04585482
7/7/3/3/7/6/2/3/6 3 3,Z,0.7,2,SLEEP,Z,0.03580673,0.1088666
7/7/3/3/7/6/2/3/5 3 3,Z,0.7,2,SLEEP,Z,0.02000275,0.06567645
7/7/3/3/7/6/2/3/3 3 3,Z,0.7,2,SLEEP,Z,0,0
7/7/3/3/7/6/2/7/4 3 3,Z,-0.6,6,SLEEP,Z,0.05705069,0.2001175
7/7/3/3/7/6/2/7/2 3 3,Z,-0.6,4,SLEEP,Z,0.02376002,0.06711511
7/7/3/3/7/6/2/7/1 3 3,Z,-0.6,4,SLEEP,Z,0.04655584,0.1345461
7/7/3/3/7/6/6/2/6 3 3,X,-0.6666666666666666666666666667,6,SLEEP,Z,0.08451634,0.2716361
7/7/3/3/7/6/6/2/5 3 3,Z,-0.6,6,SLEEP,Z,0.06353989,0.1891905
7/7/3/3/7/6/6/2/3 3 3,X,0.8333333333333333333333333333,4,SLEEP,Z,0.06199336,0.1766277
7/7/3/3/7/6/6/6/4 3 3,Z,-0.7,6,SLEEP,Z,0.0956706,0.3211938
7/7/3/3/7/6/6/6/2 3 3,Z,-0.7,4,SLEEP,Z,0.05397026,0.1948653
7/7/3/3/7/6/6/6/1 3 3,X,0.8333333333333333333333333333,6,SLEEP,Z,0.1468315,0.3520458
7/7/3/3/7/6/6/5/4 3 3,X,-0.6666666666666666666666666667,6,SLEEP,Z,0.1211313,0.3804506
7/7/3/3/7/6/6/5/2 3 3,Z,-0.6,6,SLEEP,Z,0.05225815,0.1798839
7/7/3/3/7/6/6/5/1 3 3,X,0.8333333333333333333333333333,2,SLEEP,Z,0.02394148,0.0589312
7/7/3/3/7/6/6/3/4 3 3,Z,0.7,4,SLEEP,Z,0.04875515,0.179061
7/7/3/3/7/6/6/3/2 3 3,Z,0.7,2,SLEEP,Z,0.01993035,0.07093796
7/7/3/3/7/6/6/3/1 3 3,X,0.8333333333333333333333333333,4,SLEEP,Z,0.05406737,0.1311188
7/7/3/3/7/6/5/2/6 3 3,Z,-0.6,8,SLEEP,Z,0.03072491,0.117247
7/7/3/3/7/6/5/2/5 3 3,Z,-0.6,4,SLEEP,Z,0.04353035,0.1435811
7/7/3/3/7/6/5/2/3 3 3,Z,-0.6,2,SLEEP,Z,0.02873477,0.09589205
7/7/3/3/7/6/5/6/4 3 3,Z,-0.7,4,SLEEP,Z,0.06047209,0.2295569
7/7/3/3/7/6/5/6/2 3 3,Z,-0.7,6,SLEEP,Z,0.08588615,0.269476
7/7/3/3/7/6/5/6/1 3 3,Z,-0.7,4,SLEEP,Z,0.125468,0.3236773
7/7/3/3/7/6/5/5/4 3 3,Z,-0.6,6,SLEEP,Z,0.07919687,0.2788785
7/7/3/3/7/6/5/5/2 3 3,Z,-0.6,2,SLEEP,Z,0.02195891,0.07680497
7/7/3/3/7/6/5/5/1 3 3,Z,-0.6,4,SLEEP,Z,0.04380844,0.1490354
7/7/3/3/7/6/5/3/4 3 3,Z,0.7,2,SLEEP,Z,0.01396415,0.05882816
7/7/3/3/7/6/5/3/2 3 3,Z,0.7,2,SLEEP,Z,0.01293102,0.05124745
7/7/3/3/7/6/5/3/1 3 3,Z,0.7,2,SLEEP,Z,0,0
7/7/3/3/7/6/3/2/6 3 3,X,-0.8333333333333333333333333333,6,SLEEP,Z,0.06964584,0.2230892
7/7/3/3/7/6/3/2/5 3 3,Z,-0.6,2,SLEEP,Z,0.02919186,0.05543
7/7/3/3/7/6/3/2/3 3 3,Z,-0.6,10,SLEEP,Z,0.04226913,0.1217839
7/7/3/3/7/6/3/6/4 3 3,X,-0.8333333333333333333333333333,6,SLEEP,Z,0.1318812,0.3788961
7/7/3/3/7/6/3/6/2 3 3,Z,-0.7,4,SLEEP,Z,0.04569294,0.1560923
7/7/3/3/7/6/3/6/1 3 3,Z,-0.7,4,SLEEP,Z,0.0458581,0.1447176
7/7/3/3/7/6/3/5/4 3 3,X,-0.8333333333333333333333333333,4,SLEEP,Z,0.06038961,0.2111419
7/7/3/3/7/6/3/5/2 3 3,Z,-0.6,8,SLEEP,Z,0.03576095,0.135824
7/7/3/3/7/6/3/5/1 3 3,Z,-0.6,2,SLEEP,Z,0.02070677,0.07049251
7/7/3/3/7/6/3/3/4 3 3,X,-0.8333333333333333333333333333,4,SLEEP,Z,0.09649962,0.2573817
7/7/3/3/7/6/3/3/2 3 3,Z,0.7,2,SLEEP,Z,0.01656953,0.06183155
7/7/3/3/7/6/3/3/1 3 3,Z,0.7,4,SLEEP,Z,0.02783945,0.09796096
7/7/3/3/7/6/7/2/4 3 3,Z,-0.6,4,SLEEP,Z,0.04910304,0.1771772
7/7/3/3/7/6/7/2/2 3 3,Z,-0.6,4,SLEEP,Z,0.03635069,0.1305607
7/7/3/3/7/6/7/2/1 3 3,Z,-0.6,2,SLEEP,Z,0.01532246,0.05635533
7/7/3/7/7/2/2/2/7 3 3,X,-0.5,4,SLEEP,Z,0.03066119,0.1164455
7/7/3/7/7/2/2/6/6 3 3,X,-0.5833333333333333333333333333,4,SLEEP,Z,0.03806904,0.1058152
7/7/3/7/7/2/2/6/5 3 3,X,-0.5,2,SLEEP,Z,0.02108546,0.05256745
7/7/3/7/7/2/2/6/3 3 3,X,0.5,2,SLEEP,Z,0,0
7/7/3/7/7/2/2/5/6 3 3,X,-0.5833333333333333333333333333,2,SLEEP,Z,0.04588652,0.1728916
7/7/3/7/7/2/2/5/5 3 3,X,-0.5,4,SLEEP,Z,0.05345335,0.3120005
7/7/3/7/7/2/2/5/3 3 3,X,0.5,2,SLEEP,Z,0.00717313,0.0172993
7/7/3/7/7/2/2/3/6 3 3,X,-0.5833333333333333333333333333,6,SLEEP,Z,0.1491369,0.3734123
7/7/3/7/7/2/2/3/5 3 3,X,-0.5,4,SLEEP,Z,0.03452981,0.1058933
7/7/3/7/7/2/2/3/3 3 3,X,0.5,2,SLEEP,Z,0.0164439,0.04859284
7/7/3/7/7/2/2/7/4 3 3,X,-0.5833333333333333333333333333,4,SLEEP,Z,0.06475669,0.1540263
7/7/3/7/7/2/2/7/2 3 3,X,-0.5,2,SLEEP,Z,0.0107977,0.03851579
7/7/3/7/7/2/2/7/1 3 3,X,0.5,2,SLEEP,Z,0.04209425,0.1119756
7/7/3/7/7/2/6/2/6 3 3,X,-0.6666666666666666666666666666,2,SLEEP,Z,0.03360585,0.1328388
7/7/3/7/7/2/6/2/5 3 3,X,-0.5833333333333333333333333333,4,SLEEP,Z,0.06501076,0.1475703
7/7/3/7/7/2/6/2/3 3 3,X,0.8333333333333333333333333333,2,SLEEP,Z,0.01214359,0.03142384
7/7/3/7/7/2/6/6/4 3 3,X,-0.6666666666666666666666666666,4,SLEEP,Z,0.04848761,0.1602679
7/7/3/7/7/2/6/6/2 3 3,X,-0.5833333333333333333333333333,2,SLEEP,Z,0.01371628,0.04607677
7/7/3/7/7/2/6/6/1 3 3,X,0.8333333333333333333333333333,2,SLEEP,Z,0.110949,0.09251655
7/7/3/7/7/2/6/5/4 3 3,X,-0.6666666666666666666666666666,4,SLEEP,Z,0.08859683,0.3057253
7/7/3/7/7/2/6/5/2 3 3,X,-0.5833333333333333333333333333,4,SLEEP,Z,0.04614565,0.1442397
7/7/3/7/7/2/6/5/1 3 3,X,0.8333333333333333333333333333,2,SLEEP,Z,0.02005866,0.05676945
7/7/3/7/7/2/6/3/4 3 3,X,-0.6666666666666666666666666666,4,SLEEP,Z,0.0524636,0.1885555
7/7/3/7/7/2/6/3/2 3 3,X,-0.5833333333333333333333333333,4,SLEEP,Z,0.04096801,0.154237
7/7/3/7/7/2/6/3/1 3 3,X,0.8333333333333333333333333333,2,SLEEP,Z,0.01285263,0.0323075
7/7/3/7/7/2/5/2/6 3 3,X,-0.5833333333333333333333333333,2,SLEEP,Z,0.057516,0.1746964
7/7/3/7/7/2/5/2/5 3 3,X,-0.5,4,SLEEP,Z,0.0280754,0.1117797
7/7/3/7/7/2/5/2/3 3 3,X,-0.4166666666666666666666666667,2,SLEEP,Z,0,0
7/7/3/7/7/2/5/6/4 3 3,X,-0.5833333333333333333333333333,2,SLEEP,Z,0.03426048,0.1321398
7/7/3/7/7/2/5/6/2 3 3,X,-0.5,2,SLEEP,Z,0.01668183,0.06810689
7/7/3/7/7/2/5/6/1 3 3,Z,0.5,4,SLEEP,Z,0.02913704,0.1030643
7/7/3/7/7/2/5/5/4 3 3,X,-0.5833333333333333333333333333,2,SLEEP,Z,0.0211331,0.08797182
7/7/3/7/7/2/5/5/2 3 3,X,-0.5,2,SLEEP,Z,0.0263043,0.103536
7/7/3/7/7/2/5/5/1 3 3,X,-0.4166666666666666666666666667,2,SLEEP,Z,0.04508411,0.06406269
7/7/3/7/7/2/5/3/4 3 3,X,-0.5833333333333333333333333333,2,SLEEP,Z,0.03181833,0.09710232
7/7/3/7/7/2/5/3/2 3 3,X,-0.5,4,SLEEP,Z,0.03507103,0.1299261
7/7/3/7/7/2/5/3/1 3 3,Z,-0.5,2,SLEEP,Z,0.03049112,0.08823893
7/7/3/7/7/2/3/2/6 3 3,X,-0.8333333333333333333333333333,2,SLEEP,Z,0.02762476,0.09984472
7/7/3/7/7/2/3/2/5 3 3,X,-0.5,2,SLEEP,Z,0.0188085,0.04622461
7/7/3/7/7/2/3/2/3 3 3,X,-0.3333333333333333333333333334,2,SLEEP,Z,0,0
7/7/3/7/7/2/3/6/4 3 3,X,-0.8333333333333333333333333333,4,SLEEP,Z,0.07644146,0.2330202
7/7/3/7/7/2/3/6/2 3 3,X,-0.5,2,SLEEP,Z,0.01038668,0.03768255
7/7/3/7/7/2/3/6/1 3 3,Z,0.5,4,SLEEP,Z,0.0597592,0.1776143
7/7/3/7/7/2/3/5/4 3 3,X,-0.8333333333333333333333333333,2,SLEEP,Z,0.03949337,0.1282308
7/7/3/7/7/2/3/5/2 3 3,X,-0.5,4,SLEEP,Z,0.03359456,0.1004369
7/7/3/7/7/2/3/5/1 3 3,X,-0.3333333333333333333333333334,2,SLEEP,Z,0,0
7/7/3/7/7/2/3/3/4 3 3,X,-0.8333333333333333333333333333,4,SLEEP,Z,0.04005863,0.08252066
7/7/3/7/7/2/3/3/2 3 3,X,-0.5,2,SLEEP,Z,0.01063957,0.03560011
7/7/3/7/7/2/3/3/1 3 3,Z,-0.5,4,SLEEP,Z,0.04013552,0.1057153
7/7/3/7/7/2/7/2/4 3 3,X,-0.5833333333333333333333333333,2,SLEEP,Z,0.01965175,0.0768894
7/7/3/7/7/2/7/2/2 3 3,X,-0.5,4,SLEEP,Z,0.06883083,0.2752254
7/7/3/7/7/2/7/2/1 3 3,X,-0.4166666666666666666666666667,2,SLEEP,Z,0,0
7/7/3/7/7/6/2/2/6 3 3,X,-0.6666666666666666666666666666,4,SLEEP,Z,0.06915561,0.1657623
7/7/3/7/7/6/2/2/5 3 3,X,-0.5,2,SLEEP,Z,0.01630946,0.05317282
7/7/3/7/7/6/2/2/3 3 3,X,0.6666666666666666666666666666,2,SLEEP,Z,0,0
7/7/3/7/7/6/2/6/4 3 3,X,-0.6666666666666666666666666666,4,SLEEP,Z,0.05294036,0.1757858
7/7/3/7/7/6/2/6/2 3 3,X,-0.5,2,SLEEP,Z,0.02224769,0.07949094
7/7/3/7/7/6/2/6/1 3 3,X,0.6666666666666666666666666666,2,SLEEP,Z,0,0
7/7/3/7/7/6/2/5/4 3 3,X,-0.6666666666666666666666666666,4,SLEEP,Z,0.1430336,0.3567218
7/7/3/7/7/6/2/5/2 3 3,X,-0.5,2,SLEEP,Z,0.03199877,0.07000248
7/7/3/7/7/6/2/5/1 3 3,X,0.6666666666666666666666666666,2,SLEEP,Z,0.0632119,0.1233965
7/7/3/7/7/6/2/3/4 3 3,Z,0.75,4,SLEEP,Z,0.04289831,0.1276929
7/7/3/7/7/6/2/3/2 3 3,Z,0.75,2,SLEEP,Z,0.01634292,0.043312
7/7/3/7/7/6/2/3/1 3 3,Z,0.75,2,SLEEP,Z,0,0
7/7/3/7/7/6/6/2/4 3 3,X,-0.6666666666666666666666666666,4,SLEEP,Z,0.0495178,0.1847694
7/7/3/7/7/6/6/2/2 3 3,X,-0.5833333333333333333333333333,2,SLEEP,Z,0.008514456,0.03266109
7/7/3/7/7/6/5/2/4 3 3,X,-0.5833333333333333333333333333,2,SLEEP,Z,0.03129854,0.1289964
7/7/3/7/7/6/5/2/2 3 3,X,-0.5,2,SLEEP,Z,0.01143169,0.04532977
7/7/3/7/7/6/5/2/1 3 3,Z,0.5,2,SLEEP,Z,0.02765144,0.05344127
7/7/3/7/7/6/3/2/2 3 3,Z,0.5,2,SLEEP,Z,0.01047339,0.04097605
7/7/3/7/7/6/3/2/1 3 3,Z,0.5,2,SLEEP,Z,0.02055744,0.04647392
7/7/3/3/7/5/2/2/7 3 3,X,-0.5,4,SLEEP,Z,0.07105495,0.1918157
7/7/3/3/7/5/2/6/6 3 3,Z,-0.6,4,SLEEP,Z,0.06951851,0.2747484
7/7/3/3/7/5/2/6/5 3 3,Z,-0.6,4,SLEEP,Z,0.04071831,0.1371253
7/7/3/3/7/5/2/6/3 3 3,Z,-0.6,2,SLEEP,Z,0.02867632,0.08970505
7/7/3/3/7/5/2/5/6 3 3,X,-0.5833333333333333333333333333,6,SLEEP,Z,0.1096876,0.3618351
7/7/3/3/7/5/2/5/5 3 3,X,-0.5,2,SLEEP,Z,0.01679921,0.05881305
7/7/3/3/7/5/2/5/3 3 3,Z,-0.5,2,SLEEP,Z,0.02123006,0.03789496
7/7/3/3/7/5/2/3/6 3 3,X,-0.5833333333333333333333333333,2,SLEEP,Z,0.03525471,0.1229527
7/7/3/3/7/5/2/3/5 3 3,X,-0.5,4,SLEEP,Z,0.07390027,0.1744042
7/7/3/3/7/5/2/3/3 3 3,X,0.5,2,SLEEP,Z,0,0
7/7/3/3/7/5/2/7/4 3 3,X,-0.5833333333333333333333333333,2,SLEEP,Z,0.0470362,0.1378838
7/7/3/3/7/5/2/7/2 3 3,X,-0.5,2,SLEEP,Z,0.01971636,0.07374898
7/7/3/3/7/5/2/7/1 3 3,Z,-0.5,2,SLEEP,Z,0.01837008,0.04565096
7/7/3/3/7/5/6/2/6 3 3,X,-0.6666666666666666666666666667,2,SLEEP,Z,0.04023448,0.1205993
7/7/3/3/7/5/6/2/5 3 3,X,-0.5833333333333333333333333333,4,SLEEP,Z,0.04602116,0.1712379
7/7/3/3/7/5/6/2/3 3 3,X,0.8333333333333333333333333333,4,SLEEP,Z,0.1094774,0.3010769
7/7/3/3/7/5/6/6/4 3 3,X,-0.6666666666666666666666666667,6,SLEEP,Z,0.08276996,0.2929827
7/7/3/3/7/5/6/6/2 3 3,Z,-0.6,2,SLEEP,Z,0.03566683,0.1351713
7/7/3/3/7/5/6/6/1 3 3,X,0.8333333333333333333333333333,6,SLEEP,Z,0.181079,0.3292859
7/7/3/3/7/5/6/5/4 3 3,X,-0.6666666666666666666666666667,4,SLEEP,Z,0.03651306,0.1327435
7/7/3/3/7/5/6/5/2 3 3,X,-0.5833333333333333333333333333,4,SLEEP,Z,0.0446709,0.1691415
7/7/3/3/7/5/6/5/1 3 3,X,0.8333333333333333333333333333,2,SLEEP,Z,0.01226774,0.0469865
7/7/3/3/7/5/6/3/4 3 3,X,-0.6666666666666666666666666667,2,SLEEP,Z,0.01618115,0.06194779
7/7/3/3/7/5/6/3/2 3 3,X,-0.5833333333333333333333333333,4,SLEEP,Z,0.05590659,0.194453
7/7/3/3/7/5/6/3/1 3 3,X,0.8333333333333333333333333333,2,SLEEP,Z,0.02221796,0.02152663
7/7/3/3/7/5/5/2/6 3 3,X,-0.5833333333333333333333333333,4,SLEEP,Z,0.05090122,0.1918759
7/7/3/3/7/5/5/2/5 3 3,X,-0.5,4,SLEEP,Z,0.0602886,0.1903421
7/7/3/3/7/5/5/2/3 3 3,Z,-0.5,4,SLEEP,Z,0.03654183,0.07293272
7/7/3/3/7/5/5/6/4 3 3,Z,-0.6,4,SLEEP,Z,0.1295362,0.3274002
7/7/3/3/7/5/5/6/2 3 3,Z,-0.6,6,SLEEP,Z,0.1266642,0.3172516
7/7/3/3/7/5/5/6/1 3 3,Z,-0.6,4,SLEEP,Z,0.02257503,0.07627071
7/7/3/3/7/5/5/5/4 3 3,X,-0.5833333333333333333333333333,2,SLEEP,Z,0.05302819,0.1713699
7/7/3/3/7/5/5/5/2 3 3,X,-0.5,4,SLEEP,Z,0.0305396,0.1057379
7/7/3/3/7/5/5/5/1 3 3,Z,-0.5,2,SLEEP,Z,0.03102205,0.1139492
7/7/3/3/7/5/5/3/4 3 3,X,-0.5833333333333333333333333333,4,SLEEP,Z,0.04744128,0.1513263
7/7/3/3/7/5/5/3/2 3 3,X,-0.5,2,SLEEP,Z,0.01400881,0.05260398
7/7/3/3/7/5/5/3/1 3 3,Z,-0.5,2,SLEEP,Z,0,0
7/7/3/3/7/5/3/2/6 3 3,X,-0.8333333333333333333333333333,4,SLEEP,Z,0.07899798,0.2075524
7/7/3/3/7/5/3/2/5 3 3,Z,-0.5,4,SLEEP,Z,0.01418219,0.05619099
7/7/3/3/7/5/3/2/3 3 3,Z,-0.5,6,SLEEP,Z,0.01712972,0.06065484
7/7/3/3/7/5/3/6/4 3 3,X,-0.8333333333333333333333333333,2,SLEEP,Z,0.02998643,0.1094617
7/7/3/3/7/5/3/6/2 3 3,Z,-0.6,4,SLEEP,Z,0.03320501,0.1178983
7/7/3/3/7/5/3/6/1 3 3,Z,-0.6,4,SLEEP,Z,0.02761727,0.1119892
7/7/3/3/7/5/3/5/4 3 3,X,-0.8333333333333333333333333333,2,SLEEP,Z,0.02900023,0.08990084
7/7/3/3/7/5/3/5/2 3 3,Z,-0.5,2,SLEEP,Z,0.0159369,0.0632643
7/7/3/3/7/5/3/5/1 3 3,Z,-0.5,2,SLEEP,Z,0.01674539,0.06204789
7/7/3/3/7/5/3/3/4 3 3,X,-0.8333333333333333333333333333,4,SLEEP,Z,0.1318474,0.2979125
7/7/3/3/7/5/3/3/2 3 3,X,-0.5,2,SLEEP,Z,0.0139124,0.0501814
7/7/3/3/7/5/3/3/1 3 3,Z,-0.5,2,SLEEP,Z,0,0
7/7/3/3/7/5/7/2/4 3 3,X,-0.5833333333333333333333333333,4,SLEEP,Z,0.03281794,0.1271683
7/7/3/3/7/5/7/2/2 3 3,X,-0.5,2,SLEEP,Z,0,0
7/7/3/3/7/5/7/2/1 3 3,Z,-0.5,6,SLEEP,Z,0.03709683,0.1043137
7/7/3/7/7/5/2/2/6 3 3,X,-0.6666666666666666666666666666,2,SLEEP,Z,0.04792891,0.1602242
7/7/3/7/7/5/2/2/5 3 3,X,-0.5,4,SLEEP,Z,0.03347193,0.1031196
7/7/3/7/7/5/2/2/3 3 3,X,0.6666666666666666666666666666,2,SLEEP,Z,0.01284785,0.04431892
7/7/3/7/7/5/2/6/4 3 3,X,-0.6666666666666666666666666666,2,SLEEP,Z,0.03070595,0.1055705
7/7/3/7/7/5/2/6/2 3 3,X,-0.5,2,SLEEP,Z,0.02317757,0.08230723
7/7/3/7/7/5/2/6/1 3 3,X,0.6666666666666666666666666666,2,SLEEP,Z,0.01813126,0.0625558
7/7/3/7/7/5/2/5/4 3 3,X,-0.6666666666666666666666666666,4,SLEEP,Z,0.06961615,0.2273977
7/7/3/7/7/5/2/5/2 3 3,X,-0.5,2,SLEEP,Z,0.0318389,0.05946208
7/7/3/7/7/5/2/5/1 3 3,X,0.6666666666666666666666666666,2,SLEEP,Z,0,0
7/7/3/7/7/5/2/3/4 3 3,X,-0.6666666666666666666666666666,4,SLEEP,Z,0.05430154,0.1067136
7/7/3/7/7/5/2/3/2 3 3,X,-0.5,2,SLEEP,Z,0.01257956,0.04767679
7/7/3/7/7/5/2/3/1 3 3,X,0.6666666666666666666666666666,2,SLEEP,Z,0.01764384,0.03060178
7/7/3/7/7/5/6/2/4 3 3,X,-0.6666666666666666666666666666,4,SLEEP,Z,0.08340912,0.2908117
7/7/3/7/7/5/6/2/2 3 3,X,-0.5833333333333333333333333333,4,SLEEP,Z,0.03049056,0.08848152
7/7/3/7/7/5/5/2/4 3 3,X,-0.5833333333333333333333333333,4,SLEEP,Z,0.0429325,0.1615918
7/7/3/7/7/5/5/2/2 3 3,X,-0.5,2,SLEEP,Z,0.01442384,0.05776742
7/7/3/7/7/5/5/2/1 3 3,X,-0.4166666666666666666666666667,2,SLEEP,Z,0.03740389,0.1383061
7/7/3/7/7/5/3/2/2 3 3,X,-0.5,2,SLEEP,Z,0.05977277,0.1683029
7/7/3/7/7/5/3/2/1 3 3,X,-0.3333333333333333333333333334,2,SLEEP,Z,0,0
7/7/3/3/7/3/2/2/7 3 3,X,-0.5,2,SLEEP,Z,0.02669857,0.08710361
7/7/3/3/7/3/2/6/6 3 3,Z,-0.7,4,SLEEP,Z,0.06223071,0.2166505
7/7/3/3/7/3/2/6/5 3 3,Z,-0.7,6,SLEEP,Z,0.05104852,0.1762703
7/7/3/3/7/3/2/6/3 3 3,Z,-0.7,4,SLEEP,Z,0.06316108,0.168699
7/7/3/3/7/3/2/5/6 3 3,X,-0.5833333333333333333333333333,2,SLEEP,Z,0.0591864,0.1505924
7/7/3/3/7/3/2/5/5 3 3,X,-0.5,2,SLEEP,Z,0.01991683,0.06409809
7/7/3/3/7/3/2/5/3 3 3,Z,-0.5,2,SLEEP,Z,0,0
7/7/3/3/7/3/2/3/6 3 3,X,-0.5833333333333333333333333333,4,SLEEP,Z,0.05513233,0.1532212
7/7/3/3/7/3/2/3/5 3 3,X,-0.5,2,SLEEP,Z,0.03293435,0.1041695
7/7/3/3/7/3/2/3/3 3 3,X,0.5,2,SLEEP,Z,0.03301809,0.05524141
7/7/3/3/7/3/2/7/4 3 3,X,-0.5833333333333333333333333333,2,SLEEP,Z,0.03834173,0.1198332
7/7/3/3/7/3/2/7/2 3 3,X,-0.5,4,SLEEP,Z,0.1086326,0.2580025
7/7/3/3/7/3/2/7/1 3 3,Z,-0.5,2,SLEEP,Z,0.02066395,0.05296289
7/7/3/3/7/3/6/2/6 3 3,X,-0.6666666666666666666666666667,4,SLEEP,Z,0.05149289,0.1936675
7/7/3/3/7/3/6/2/5 3 3,X,-0.5833333333333333333333333333,4,SLEEP,Z,0.04519388,0.1528089
7/7/3/3/7/3/6/2/3 3 3,X,0.8333333333333333333333333333,4,SLEEP,Z,0.09934004,0.164707
7/7/3/3/7/3/6/6/4 3 3,Z,-0.7,4,SLEEP,Z,0.05551019,0.1733983
7/7/3/3/7/3/6/6/2 3 3,Z,-0.7,2,SLEEP,Z,0.05511715,0.1837239
7/7/3/3/7/3/6/6/1 3 3,X,0.8333333333333333333333333333,4,SLEEP,Z,0.1238759,0.1362102
7/7/3/3/7/3/6/5/4 3 3,X,-0.6666666666666666666666666667,6,SLEEP,Z,0.08666162,0.3187618
7/7/3/3/7/3/6/5/2 3 3,X,-0.5833333333333333333333333333,2,SLEEP,Z,0.03070069,0.1148738
7/7/3/3/7/3/6/5/1 3 3,X,0.8333333333333333333333333333,2,SLEEP,Z,0.01400787,0.04574636
7/7/3/3/7/3/6/3/4 3 3,X,-0.6666666666666666666666666667,2,SLEEP,Z,0.03630992,0.137966
7/7/3/3/7/3/6/3/2 3 3,X,-0.5833333333333333333333333333,2,SLEEP,Z,0.02115894,0.07959903
7/7/3/3/7/3/6/3/1 3 3,X,0.8333333333333333333333333333,4,SLEEP,Z,0.09985659,0.3387224
7/7/3/3/7/3/5/2/6 3 3,X,-0.5833333333333333333333333333,4,SLEEP,Z,0.03848594,0.131375
7/7/3/3/7/3/5/2/5 3 3,X,-0.5,2,SLEEP,Z,0.04777972,0.1200886
7/7/3/3/7/3/5/2/3 3 3,Z,-0.5,2,SLEEP,Z,0.04375259,0.09060167
7/7/3/3/7/3/5/6/4 3 3,Z,-0.7,2,SLEEP,Z,0.03350936,0.1022679
7/7/3/3/7/3/5/6/2 3 3,Z,-0.7,14,SLEEP,Z,0.08532052,0.2232231
7/7/3/3/7/3/5/6/1 3 3,Z,-0.7,2,SLEEP,Z,0.02252401,0.0757629
7/7/3/3/7/3/5/5/4 3 3,X,-0.5833333333333333333333333333,4,SLEEP,Z,0.03000714,0.1255169
7/7/3/3/7/3/5/5/2 3 3,X,-0.5,2,SLEEP,Z,0.02386834,0.0927831
7/7/3/3/7/3/5/5/1 3 3,Z,-0.5,2,SLEEP,Z,0.01641981,0.06895272
7/7/3/3/7/3/5/3/4 3 3,X,-0.5833333333333333333333333333,4,SLEEP,Z,0.03537641,0.1198516
7/7/3/3/7/3/5/3/2 3 3,X,-0.5,2,SLEEP,Z,0.01219636,0.05001429
7/7/3/3/7/3/5/3/1 3 3,Z,-0.5,2,SLEEP,Z,0,0
7/7/3/3/7/3/3/2/6 3 3,X,-0.8333333333333333333333333333,4,SLEEP,Z,0.1098379,0.2222859
7/7/3/3/7/3/3/2/5 3 3,Z,-0.5,4,SLEEP,Z,0.1130857,0.3507198
7/7/3/3/7/3/3/2/3 3 3,Z,-0.5,2,SLEEP,Z,0.006476567,0.0219034
7/7/3/3/7/3/3/6/4 3 3,X,-0.8333333333333333333333333333,4,SLEEP,Z,0.03008342,0.09260656
7/7/3/3/7/3/3/6/2 3 3,Z,-0.7,2,SLEEP,Z,0.0206793,0.06546704
7/7/3/3/7/3/3/6/1 3 3,Z,-0.7,2,SLEEP,Z,0.04530772,0.1398421
7/7/3/3/7/3/3/5/4 3 3,X,-0.8333333333333333333333333333,2,SLEEP,Z,0.03005815,0.1020179
7/7/3/3/7/3/3/5/2 3 3,Z,-0.5,4,SLEEP,Z,0.08303542,0.1639208
7/7/3/3/7/3/3/5/1 3 3,Z,-0.5,2,SLEEP,Z,0.008059351,0.03231751
7/7/3/3/7/3/3/3/4 3 3,X,-0.8333333333333333333333333333,2,SLEEP,Z,0.02796962,0.06574308
7/7/3/3/7/3/3/3/2 3 3,X,-0.5,2,SLEEP,Z,0.03040877,0.1214968
7/7/3/3/7/3/3/3/1 3 3,Z,-0.5,2,SLEEP,Z,0,0
7/7/3/3/7/3/7/2/4 3 3,X,-0.5833333333333333333333333333,2,SLEEP,Z,0.01834422,0.06954709
7/7/3/3/7/3/7/2/2 3 3,X,-0.5,2,SLEEP,Z,0.01476218,0.05768124
7/7/3/3/7/3/7/2/1 3 3,Z,-0.5,2,SLEEP,Z,0.005090408,0.02082913
7/7/3/7/7/3/2/2/6 3 3,X,-0.6666666666666666666666666666,4,SLEEP,Z,0.07029799,0.2089141
7/7/3/7/7/3/2/2/5 3 3,X,-0.5,2,SLEEP,Z,0.02848969,0.08769465
7/7/3/7/7/3/2/2/3 3 3,X,0.6666666666666666666666666666,2,SLEEP,Z,0.01421938,0.043045
7/7/3/7/7/3/2/6/4 3 3,Z,-0.75,4,SLEEP,Z,0.04096803,0.1492238
7/7/3/7/7/3/2/6/2 3 3,Z,-0.75,4,SLEEP,Z,0.09083621,0.184585
7/7/3/7/7/3/2/6/1 3 3,Z,-0.75,2,SLEEP,Z,0.01982573,0.05860792
7/7/3/7/7/3/2/5/4 3 3,X,-0.6666666666666666666666666666,2,SLEEP,Z,0.01883515,0.06587173
7/7/3/7/7/3/2/5/2 3 3,X,-0.5,2,SLEEP,Z,0.02334287,0.03936117
7/7/3/7/7/3/2/5/1 3 3,X,0.6666666666666666666666666666,2,SLEEP,Z,0.007886773,0.01715283
7/7/3/7/7/3/2/3/4 3 3,X,-0.6666666666666666666666666666,4,SLEEP,Z,0.06375916,0.1684382
7/7/3/7/7/3/2/3/2 3 3,X,-0.5,2,SLEEP,Z,0.02683627,0.09551658
7/7/3/7/7/3/2/3/1 3 3,X,0.6666666666666666666666666666,2,SLEEP,Z,0,0
7/7/3/7/7/3/6/2/4 3 3,X,-0.6666666666666666666666666666,4,SLEEP,Z,0.02911126,0.1106214
7/7/3/7/7/3/6/2/2 3 3,X,-0.5833333333333333333333333333,2,SLEEP,Z,0.02581034,0.09019654
7/7/3/7/7/3/5/2/4 3 3,X,-0.5833333333333333333333333333,4,SLEEP,Z,0.05737169,0.2085906
7/7/3/7/7/3/5/2/2 3 3,X,-0.5,2,SLEEP,Z,0.06993634,0.2747427
7/7/3/7/7/3/5/2/1 3 3,Z,-0.5,2,SLEEP,Z,0.03180465,0.05120865
7/7/3/7/7/3/3/2/2 3 3,Z,-0.5,2,SLEEP,Z,0.01064993,0.03946588
7/7/3/7/7/3/3/2/1 3 3,Z,-0.5,2,SLEEP,Z,0.01278926,0.03431666
7/7/3/3/7/7/2/2/6 3 3,X,-0.6666666666666666666666666666,4,SLEEP,Z,0.123596,0.3612475
7/7/3/3/7/7/2/2/5 3 3,X,-0.5,6,SLEEP,Z,0.03347879,0.1184259
7/7/3/3/7/7/2/2/3 3 3,X,0.6666666666666666666666666666,2,SLEEP,Z,0.01478905,0.04898175
7/7/3/3/7/7/2/6/4 3 3,X,-0.6666666666666666666666666666,2,SLEEP,Z,0.03475122,0.1159207
7/7/3/3/7/7/2/6/2 3 3,Z,-0.6,2,SLEEP,Z,0.0255318,0.08258662
7/7/3/3/7/7/2/6/1 3 3,X,0.6666666666666666666666666666,2,SLEEP,Z,0.02203348,0.06984831
7/7/3/3/7/7/2/5/4 3 3,X,-0.6666666666666666666666666666,6,SLEEP,Z,0.05560808,0.1984638
7/7/3/3/7/7/2/5/2 3 3,X,-0.5,2,SLEEP,Z,0.009478058,0.03427905
7/7/3/3/7/7/2/5/1 3 3,X,0.6666666666666666666666666666,2,SLEEP,Z,0.01279504,0.05018544
7/7/3/3/7/7/2/3/4 3 3,X,-0.6666666666666666666666666666,4,SLEEP,Z,0.1762809,0.3703211
7/7/3/3/7/7/2/3/2 3 3,X,-0.5,2,SLEEP,Z,0.0260901,0.07303303
7/7/3/3/7/7/2/3/1 3 3,X,0.6666666666666666666666666666,2,SLEEP,Z,0.02035227,0.03967558
7/7/3/3/7/7/6/2/4 3 3,X,-0.6666666666666666666666666667,8,SLEEP,Z,0.07983854,0.2586117
7/7/3/3/7/7/6/2/2 3 3,X,-0.5833333333333333333333333333,2,SLEEP,Z,0.03026129,0.1079628
7/7/3/7/7/7/2/2/2 3 3,X,-0.5,2,SLEEP,Z,0.009657426,0.0338423
7/7/3/3/7/7/5/2/4 3 3,X,-0.5833333333333333333333333333,4,SLEEP,Z,0.05296082,0.1919439
7/7/3/3/7/7/5/2/2 3 3,X,-0.5,4,SLEEP,Z,0.1227669,0.2977495
7/7/3/3/7/7/5/2/1 3 3,Z,-0.5,2,SLEEP,Z,0.01653222,0.03999992
7/7/3/3/7/7/3/2/2 3 3,Z,-0.5,2,SLEEP,Z,0.01353193,0.04736894
7/7/3/3/7/7/3/2/1 3 3,Z,-0.5,2,SLEEP,Z,0.03788051,0.1108827
7/7/7/2/2/2/6/7/7 3 3,X,0.5,2,SLEEP,Z,0.01747323,0.05150149
7/7/7/2/2/2/5/7/7 3 3,X,0,2,SLEEP,Z,0.01229425,0.03840902
7/7/7/2/2/2/3/7/7 3 3,X,-0.5,6,SLEEP,Z,0.03721513,0.1070949
7/7/7/2/2/2/7/6/7 3 3,Z,0.5,6,SLEEP,Z,0.03101257,0.09813083
7/7/7/2/2/2/7/5/7 3 3,X,0,8,SLEEP,Z,0.0415984,0.3917617
7/7/7/2/2/2/7/3/7 3 3,Z,-0.5,6,SLEEP,Z,0.03748864,0.09958349
7/7/7/2/2/2/7/7/6 3 3,X,-0.2222222222222222222222222222,2,SLEEP,Z,0.02632083,0.06462425
7/7/7/2/2/2/7/7/5 3 3,X,0,2,SLEEP,Z,0.03622094,0.3111826
7/7/7/2/2/2/7/7/3 3 3,X,0.2222222222222222222222222222,8,SLEEP,Z,0.06668748,0.1704846
7/7/7/2/2/6/2/7/7 3 3,Z,0.5,8,SLEEP,Z,0.05660469,0.3755251
7/7/7/2/2/6/6/6/7 3 3,X,0.5,6,SLEEP,Z,0.04493943,0.140483
7/7/7/2/2/6/6/5/7 3 3,Z,0.5,2,SLEEP,Z,0.03875521,0.06639005
7/7/7/2/2/6/6/3/7 3 3,Z,0.6428571428571428571428571429,2,SLEEP,Z,0.01658839,0.04723532
7/7/7/2/2/6/6/7/6 3 3,Z,0.5,4,SLEEP,Z,0.04522117,0.1283003
7/7/7/2/2/6/6/7/5 3 3,Z,0.5,2,SLEEP,Z,0,0
7/7/7/2/2/6/5/6/7 3 3,Z,0.5,16,SLEEP,Z,0.06405334,0.1839009
7/7/7/2/2/6/5/5/7 3 3,Z,0.5,2,SLEEP,Z,0.02880663,0.06187124
7/7/7/2/2/6/5/3/7 3 3,Z,0.6428571428571428571428571429,2,SLEEP,Z,0.01339973,0.03646031
7/7/7/2/2/6/5/7/6 3 3,Z,0.5,6,SLEEP,Z,0.05160122,0.1475549
7/7/7/2/2/6/5/7/5 3 3,Z,0.5,2,SLEEP,Z,0.01527726,0.07065994
7/7/7/2/2/6/5/7/3 3 3,Z,0.5,6,SLEEP,Z,0.03637773,0.1224542
7/7/7/2/2/6/3/6/7 3 3,X,-0.5,8,SLEEP,Z,0.07228803,0.1834871
7/7/7/2/2/6/3/5/7 3 3,Z,0.5,4,SLEEP,Z,0.03218558,0.1032132
7/7/7/2/2/6/3/3/7 3 3,Z,0.6428571428571428571428571429,2,SLEEP,Z,0.01415286,0.04610536
7/7/7/2/2/6/3/7/6 3 3,X,-0.7,26,SLEEP,Z,0.1039506,0.2975637
7/7/7/2/2/6/3/7/5 3 3,Z,0.5,4,SLEEP,Z,0.04155141,0.1325202
7/7/7/2/2/6/3/7/3 3 3,Z,0.5,6,SLEEP,Z,0.08155758,0.2138223
7/7/7/2/2/6/7/5/6 3 3,Z,0.5,4,SLEEP,Z,0.01809151,0.06151744
7/7/7/2/2/6/7/5/5 3 3,Z,0.5,4,SLEEP,Z,0.02548429,0.08401338
7/7/7/2/2/6/7/5/3 3 3,Z,0.5,6,SLEEP,Z,0.03904653,0.1196022
7/7/7/2/2/6/7/2/7 3 3,Z,0.5,4,SLEEP,Z,0.02779782,0.09180876
7/7/7/2/2/6/7/3/6 3 3,Z,0.6428571428571428571428571429,2,SLEEP,Z,0.08630131,0.2466462
7/7/7/2/2/6/7/3/5 3 3,Z,0.6428571428571428571428571429,6,SLEEP,Z,0.01839026,0.05756008
7/7/7/2/2/6/7/3/3 3 3,Z,0.6428571428571428571428571429,6,SLEEP,Z,0.05117728,0.138484
7/7/7/2/2/6/7/6/6 3 3,Z,0.5,4,SLEEP,Z,0.07272092,0.3575058
7/7/7/2/2/6/7/7/4 3 3,Z,0.5,12,SLEEP,Z,0.07124753,0.2540233
7/7/7/2/2/6/7/7/2 3 3,Z,0.5,2,SLEEP,Z,0,0
7/7/7/2/2/6/7/6/5 3 3,Z,0.5,12,SLEEP,Z,0.03326109,0.1079469
7/7/7/2/2/6/7/7/1 3 3,Z,0.5,2,SLEEP,Z,0.0332072,0.1105217
7/7/7/2/2/5/2/7/7 3 3,X,0,2,SLEEP,Z,0,0
7/7/7/2/2/5/6/6/7 3 3,X,0.5,46,SLEEP,Z,0.08532474,0.277101
7/7/7/2/2/5/6/5/7 3 3,X,0.5,2,SLEEP,Z,0.01050475,0.03543317
7/7/7/2/2/5/6/3/7 3 3,X,0.5,2,SLEEP,Z,0.03538947,0.3715883
7/7/7/2/2/5/6/7/6 3 3,X,-0.4444444444444444444444444444,4,SLEEP,Z,0.0658899,0.1977352
7/7/7/2/2/5/6/7/5 3 3,X,0.5,2,SLEEP,Z,0.02049324,0.03037745
7/7/7/2/2/5/6/7/3 3 3,X,0.7,2,SLEEP,Z,0,0
7/7/7/2/2/5/5/6/7 3 3,Z,0.5,2,SLEEP,Z,0.0610872,0.375631
7/7/7/2/2/5/5/5/7 3 3,X,0,2,SLEEP,Z,0.04237017,0.2115504
7/7/7/2/2/5/5/7/6 3 3,X,-0.2222222222222222222222222222,2,SLEEP,Z,0,0
7/7/7/2/2/5/5/7/5 3 3,X,0,2,SLEEP,Z,0,0
7/7/7/2/2/5/5/7/3 3 3,X,0.2222222222222222222222222222,12,SLEEP,Z,0.0638838,0.1920219
7/7/7/2/2/5/3/6/7 3 3,X,-0.5,4,SLEEP,Z,0.04339896,0.138037
7/7/7/2/2/5/3/5/7 3 3,X,-0.5,2,SLEEP,Z,0.01493452,0.04703024
7/7/7/2/2/5/3/3/7 3 3,X,-0.5,6,SLEEP,Z,0.04375846,0.1509507
7/7/7/2/2/5/3/7/6 3 3,X,-0.7,2,SLEEP,Z,0,0
7/7/7/2/2/5/3/7/5 3 3,X,-0.5,2,SLEEP,Z,0,0
7/7/7/2/2/5/3/7/3 3 3,X,0.4444444444444444444444444444,2,SLEEP,Z,0.02620077,0.08211432
7/7/7/2/2/5/7/2/7 3 3,X,0,2,SLEEP,Z,0.01185798,0.03348628
7/7/7/2/2/5/7/6/6 3 3,Z,0.5,2,SLEEP,Z,0.02626563,0.08162754
7/7/7/2/2/5/7/6/5 3 3,Z,0.5,2,SLEEP,Z,0.02637581,0.150883
7/7/7/2/2/5/7/6/3 3 3,Z,0.5,4,SLEEP,Z,0.09318236,0.1843425
7/7/7/2/2/5/7/5/6 3 3,X,-0.2222222222222222222222222222,6,SLEEP,Z,0.01425871,0.04528258
7/7/7/2/2/5/7/5/5 3 3,X,0,2,SLEEP,Z,0.02858416,0.2721785
7/7/7/2/2/5/7/5/3 3 3,X,0.2222222222222222222222222222,14,SLEEP,Z,0.04781222,0.1024749
7/7/7/2/2/5/5/3/7 3 3,Z,-0.5,6,SLEEP,Z,0.02416829,0.07322888
7/7/7/2/2/5/7/3/6 3 3,Z,-0.5,2,SLEEP,Z,0.02406351,0.08323219
7/7/7/2/2/5/7/3/5 3 3,Z,-0.5,10,SLEEP,Z,0.0322586,0.1079524
7/7/7/2/2/5/7/3/3 3 3,Z,-0.5,6,SLEEP,Z,0.04476797,0.1111878
7/7/7/2/2/5/7/7/4 3 3,X,-0.2222222222222222222222222222,4,SLEEP,Z,0.01619247,0.04740055
7/7/7/2/2/5/7/7/2 3 3,X,0,2,SLEEP,Z,0,0
7/7/7/2/2/5/7/7/1 3 3,X,0.2222222222222222222222222222,2,SLEEP,Z,0.03230089,0.1007608
7/7/7/2/2/3/2/7/7 3 3,Z,-0.5,4,SLEEP,Z,0.02346991,0.06968191
7/7/7/2/2/3/6/6/7 3 3,Z,-0.6428571428571428571428571429,12,SLEEP,Z,0.102566,0.2404155
7/7/7/2/2/3/6/5/7 3 3,Z,-0.5,12,SLEEP,Z,0.02829979,0.06189882
7/7/7/2/2/3/6/3/7 3 3,X,0.5,12,SLEEP,Z,0.04054387,0.1301418
7/7/7/2/2/3/6/7/6 3 3,Z,-0.5,2,SLEEP,Z,0.0311977,0.1047046
7/7/7/2/2/3/6/7/5 3 3,Z,-0.5,2,SLEEP,Z,0.008648643,0.0273095
7/7/7/2/2/3/6/7/3 3 3,X,0.7,2,SLEEP,Z,0.02167217,0.05419411
7/7/7/2/2/3/5/6/7 3 3,Z,-0.6428571428571428571428571429,4,SLEEP,Z,0.1033829,0.1340694
7/7/7/2/2/3/5/5/7 3 3,Z,-0.5,4,SLEEP,Z,0.01920129,0.035356
7/7/7/2/2/3/5/3/7 3 3,Z,-0.5,44,SLEEP,Z,0.0454427,0.1404337
7/7/7/2/2/3/5/7/6 3 3,Z,-0.5,2,SLEEP,Z,0,0
7/7/7/2/2/3/5/7/5 3 3,Z,-0.5,2,SLEEP,Z,0.01607716,0.04852568
7/7/7/2/2/3/3/6/7 3 3,Z,-0.6428571428571428571428571429,4,SLEEP,Z,0.05102929,0.1170302
7/7/7/2/2/3/3/5/7 3 3,Z,-0.5,4,SLEEP,Z,0.06297397,0.1010851
7/7/7/2/2/3/3/3/7 3 3,X,-0.5,10,SLEEP,Z,0.06520263,0.1830246
7/7/7/2/2/3/3/7/6 3 3,X,-0.7,2,SLEEP,Z,0.01890064,0.0563475
7/7/7/2/2/3/3/7/3 3 3,Z,-0.5,6,SLEEP,Z,0.05663175,0.1708957
7/7/7/2/2/3/7/2/7 3 3,Z,-0.5,2,SLEEP,Z,0.0159088,0.05052783
7/7/7/2/2/3/7/6/6 3 3,Z,-0.6428571428571428571428571429,18,SLEEP,Z,0.04655482,0.08505196
7/7/7/2/2/3/7/6/5 3 3,Z,-0.6428571428571428571428571429,4,SLEEP,Z,0.01865969,0.05920777
7/7/7/2/2/3/7/6/3 3 3,Z,-0.6428571428571428571428571429,4,SLEEP,Z,0.03408504,0.1102362
7/7/7/2/2/3/7/5/6 3 3,Z,-0.5,2,SLEEP,Z,0.004440231,0.03832351
7/7/7/2/2/3/7/5/5 3 3,Z,-0.5,6,SLEEP,Z,0.01664697,0.05106867
7/7/7/2/2/3/7/5/3 3 3,Z,-0.5,2,SLEEP,Z,0.03171653,0.09417235
7/7/7/2/2/3/7/3/6 3 3,Z,-0.5,8,SLEEP,Z,0.04647577,0.1498257
7/7/7/2/2/3/7/3/5 3 3,Z,-0.5,16,SLEEP,Z,0.07402592,0.1677355
7/7/7/2/2/3/7/3/3 3 3,Z,-0.5,12,SLEEP,Z,0.05395784,0.1788738
7/7/7/2/2/3/7/7/4 3 3,Z,-0.5,2,SLEEP,Z,0.009352017,0.02998453
7/7/7/2/2/3/7/7/2 3 3,Z,-0.5,2,SLEEP,Z,0.02045406,0.06157135
7/7/7/2/2/3/3/7/5 3 3,Z,-0.5,4,SLEEP,Z,0.03985661,0.1111839
7/7/7/2/2/3/7/7/1 3 3,Z,-0.5,16,SLEEP,Z,0.02966113,0.09679203
7/7/7/2/2/3/5/7/3 3 3,Z,-0.5,4,SLEEP,Z,0.04295447,0.1127565
7/7/7/2/2/7/2/6/7 3 3,Z,0.5,8,SLEEP,Z,0.02021969,0.06800229
7/7/7/2/2/7/2/5/7 3 3,X,0,2,SLEEP,Z,0.04652094,0.03834019
7/7/7/2/2/7/2/3/7 3 3,Z,-0.5,16,SLEEP,Z,0.02390738,0.07764611
7/7/7/2/2/7/2/7/6 3 3,X,-0.4,4,SLEEP,Z,0.02581026,0.06514107
7/7/7/2/2/7/2/7/5 3 3,X,0,2,SLEEP,Z,0.003206182,0.01431876
7/7/7/2/2/7/2/7/3 3 3,X,0.4,8,SLEEP,Z,0.08770818,0.1979292
7/7/7/2/2/7/6/2/7 3 3,X,0.5,2,SLEEP,Z,0.01062722,0.03236993
7/7/7/2/2/7/6/6/6 3 3,Z,0.5,6,SLEEP,Z,0.09926943,0.2039444
7/7/7/2/2/7/6/6/5 3 3,X,0.5,58,SLEEP,Z,0.1015294,0.325233
7/7/7/2/2/7/6/6/3 3 3,X,0.75,4,SLEEP,Z,0.1076086,0.1950304
7/7/7/2/2/7/6/5/6 3 3,X,-0.4444444444444444444444444444,6,SLEEP,Z,0.06168983,0.1437444
7/7/7/2/2/7/6/5/5 3 3,X,0.5,2,SLEEP,Z,0.01336399,0.03993107
7/7/7/2/2/7/6/5/3 3 3,X,0.75,2,SLEEP,Z,0.0166165,0.01576406
7/7/7/2/2/7/6/3/6 3 3,Z,-0.5,12,SLEEP,Z,0.08753791,0.2308766
7/7/7/2/2/7/6/3/5 3 3,X,0.5,2,SLEEP,Z,0,0
7/7/7/2/2/7/6/3/3 3 3,X,0.75,8,SLEEP,Z,0.02512477,0.08054728
7/7/7/2/2/7/6/7/4 3 3,X,-0.4444444444444444444444444444,8,SLEEP,Z,0.05438427,0.1610349
7/7/7/2/2/7/6/7/2 3 3,X,0.5,2,SLEEP,Z,0.01084172,0.03260823
7/7/7/2/2/7/6/7/1 3 3,X,0.75,2,SLEEP,Z,0.04574328,0.1169313
7/7/7/2/2/6/6/7/3 3 3,X,0.7,2,SLEEP,Z,0.02451365,0.06532159
7/7/7/2/2/7/5/2/7 3 3,X,0,2,SLEEP,Z,0,0
7/7/7/2/2/7/5/6/6 3 3,Z,0.5,6,SLEEP,Z,0.02142959,0.07524794
7/7/7/2/2/7/5/6/5 3 3,Z,0.5,20,SLEEP,Z,0.07309717,0.2165781
7/7/7/2/2/7/5/6/3 3 3,Z,0.5,2,SLEEP,Z,0.03048079,0.1038814
7/7/7/2/2/7/5/5/6 3 3,X,-0.2222222222222222222222222222,4,SLEEP,Z,0.01986082,0.06351414
7/7/7/2/2/7/5/5/5 3 3,X,0,2,SLEEP,Z,0,0
7/7/7/2/2/7/5/5/3 3 3,X,0.2222222222222222222222222222,12,SLEEP,Z,0.08819646,0.206912
7/7/7/2/2/7/5/3/6 3 3,Z,-0.5,10,SLEEP,Z,0.03956907,0.1278586
7/7/7/2/2/7/5/3/5 3 3,Z,-0.5,6,SLEEP,Z,0.04399379,0.09617703
7/7/7/2/2/7/5/7/4 3 3,X,-0.2222222222222222222222222222,2,SLEEP,Z,0.02046544,0.05951102
7/7/7/2/2/7/5/7/2 3 3,X,0,2,SLEEP,Z,0,0
7/7/7/2/2/7/5/7/1 3 3,X,0.2222222222222222222222222222,6,SLEEP,Z,0.04731065,0.1447127
7/7/7/2/2/7/5/3/3 3 3,Z,-0.5,4,SLEEP,Z,0.02765249,0.097145
7/7/7/2/2/7/3/2/7 3 3,X,-0.5,2,SLEEP,Z,0.02411181,0.07480244
7/7/7/2/2/7/3/6/6 3 3,X,-0.75,2,SLEEP,Z,0.02439851,0.08273201
7/7/7/2/2/7/3/6/5 3 3,X,-0.5,4,SLEEP,Z,0.06949934,0.1917283
7/7/7/2/2/7/3/6/3 3 3,Z,0.5,4,SLEEP,Z,0.1033225,0.2409192
7/7/7/2/2/7/3/5/6 3 3,X,-0.75,2,SLEEP,Z,0.09757542,0.3336217
7/7/7/2/2/7/3/5/5 3 3,X,-0.5,2,SLEEP,Z,0.02636668,0.081528
7/7/7/2/2/7/3/5/3 3 3,X,0.4444444444444444444444444444,6,SLEEP,Z,0.08063631,0.2598854
7/7/7/2/2/7/3/3/6 3 3,X,-0.75,10,SLEEP,Z,0.02976137,0.07880659
7/7/7/2/2/7/3/3/5 3 3,X,-0.5,4,SLEEP,Z,0.03312694,0.1072933
7/7/7/2/2/7/3/3/3 3 3,Z,-0.5,6,SLEEP,Z,0.07667699,0.2189485
7/7/7/2/2/7/3/7/4 3 3,X,-0.75,2,SLEEP,Z,0,0
7/7/7/2/2/7/3/7/2 3 3,X,-0.5,2,SLEEP,Z,0,0
7/7/7/2/2/7/3/7/1 3 3,X,0.4444444444444444444444444444,6,SLEEP,Z,0.08309592,0.2560492
7/7/7/2/2/6/7/6/3 3 3,Z,0.5,4,SLEEP,Z,0.0459253,0.1573496
7/7/7/2/2/7/7/2/6 3 3,X,-0.2222222222222222222222222222,6,SLEEP,Z,0.01340173,0.0433084
7/7/7/2/2/7/7/2/5 3 3,X,0,2,SLEEP,Z,0,0
7/7/7/2/2/7/7/2/3 3 3,X,0.2222222222222222222222222222,4,SLEEP,Z,0.03372114,0.105794
7/7/7/2/2/7/7/6/4 3 3,Z,0.5,8,SLEEP,Z,0.02550085,0.08395793
7/7/7/2/2/7/7/6/2 3 3,Z,0.5,8,SLEEP,Z,0.03042668,0.1009299
7/7/7/2/2/7/7/6/1 3 3,Z,0.5,4,SLEEP,Z,0.0453533,0.1465805
7/7/7/2/2/7/7/5/4 3 3,X,-0.2222222222222222222222222222,2,SLEEP,Z,0.02410742,0.07660136
7/7/7/2/2/7/7/5/2 3 3,X,0,2,SLEEP,Z,0.01293292,0.03958948
7/7/7/2/2/7/7/5/1 3 3,X,0.2222222222222222222222222222,8,SLEEP,Z,0.03898204,0.1256137
7/7/7/2/2/7/7/3/4 3 3,Z,-0.5,2,SLEEP,Z,0.02218699,0.07118064
7/7/7/2/2/7/7/3/2 3 3,Z,-0.5,6,SLEEP,Z,0.02278389,0.0770876
7/7/7/2/2/7/7/3/1 3 3,Z,-0.5,6,SLEEP,Z,0.05773149,0.1495479
7/7/7/2/6/2/2/7/7 3 3,X,0.5,2,SLEEP,Z,0,0
7/7/7/2/6/2/6/6/7 3 3,X,0.5,2,SLEEP,Z,0.04051765,0.09055857
7/7/7/2/6/2/6/5/7 3 3,X,0.5,2,SLEEP,Z,0,0
7/7/7/2/6/2/6/3/7 3 3,X,0.5,2,SLEEP,Z,0.02099209,0.04926299
7/7/7/2/6/2/6/7/6 3 3,X,0.3,2,SLEEP,Z,0,0
7/7/7/2/6/2/6/7/5 3 3,X,0.5,2,SLEEP,Z,0,0
7/7/7/2/6/2/6/7/3 3 3,X,0.7,2,SLEEP,Z,0.03477392,0.08561886
7/7/7/2/6/2/5/6/7 3 3,X,0.5,4,SLEEP,Z,0.04475283,0.1298119
7/7/7/2/6/2/5/5/7 3 3,X,0.5,2,SLEEP,Z,0,0
7/7/7/2/6/2/5/3/7 3 3,X,0.5,2,SLEEP,Z,0.03047717,0.08620063
7/7/7/2/6/2/5/7/6 3 3,X,0.375,2,SLEEP,Z,0,0
7/7/7/2/6/2/5/7/5 3 3,X,0.5,2,SLEEP,Z,0.01369897,0.04380513
7/7/7/2/6/2/5/7/3 3 3,X,0.625,2,SLEEP,Z,0.03741596,0.1007759
7/7/7/2/6/2/3/6/7 3 3,X,0.625,4,SLEEP,Z,0.03096604,0.09011755
7/7/7/2/6/2/3/5/7 3 3,X,0.625,2,SLEEP,Z,0.02782072,0.08514962
7/7/7/2/6/2/3/3/7 3 3,X,0.625,4,SLEEP,Z,0.03772531,0.1123066
7/7/7/2/6/2/3/7/6 3 3,X,-0.7,2,SLEEP,Z,0,0
7/7/7/2/6/2/3/7/5 3 3,X,0.625,2,SLEEP,Z,0.02986066,0.08894092
7/7/7/2/6/2/3/7/3 3 3,X,0.75,6,SLEEP,Z,0.08255939,0.2357129
7/7/7/2/6/2/7/2/7 3 3,X,0.5,2,SLEEP,Z,0.01626827,0.05205039
7/7/7/2/6/2/7/6/6 3 3,Z,0.5,6,SLEEP,Z,0.05404252,0.1532391
7/7/7/2/6/2/7/6/5 3 3,X,0.5,4,SLEEP,Z,0.03696508,0.1163809
7/7/7/2/6/2/7/6/3 3 3,X,0.625,6,SLEEP,Z,0.1035889,0.2183163
7/7/7/2/6/2/7/5/6 3 3,X,0.375,2,SLEEP,Z,0,0
7/7/7/2/6/2/7/5/5 3 3,X,0.5,2,SLEEP,Z,0.0166086,0.05335477
7/7/7/2/6/2/7/5/3 3 3,X,0.625,4,SLEEP,Z,0.04541831,0.1521227
7/7/7/2/6/2/7/3/6 3 3,Z,-0.5,2,SLEEP,Z,0.02700563,0.08052052
7/7/7/2/6/2/7/3/5 3 3,X,0.5,4,SLEEP,Z,0.03295738,0.09608121
7/7/7/2/6/2/7/3/3 3 3,X,0.625,4,SLEEP,Z,0.04232018,0.129081
7/7/7/2/6/2/7/7/4 3 3,X,0.375,2,SLEEP,Z,0,0
7/7/7/2/6/2/7/7/2 3 3,X,0.5,2,SLEEP,Z,0,0
7/7/7/2/6/2/7/7/1 3 3,X,0.625,2,SLEEP,Z,0.02311608,0.0478466
7/7/7/2/6/6/2/6/7 3 3,X,0.5,4,SLEEP,Z,0.0227837,0.06854051
7/7/7/2/6/6/2/5/7 3 3,X,0.5,2,SLEEP,Z,0,0
7/7/7/2/6/6/2/3/7 3 3,Z,0.6666666666666666666666666667,2,SLEEP,Z,0.02741361,0.0535454
7/7/7/2/6/6/2/7/6 3 3,Z,0.5,2,SLEEP,Z,0.02845371,0.04027874
7/7/7/2/6/6/2/7/5 3 3,X,0.5,2,SLEEP,Z,0.0230748,0.06772962
7/7/7/2/6/6/2/7/3 3 3,X,0.625,2,SLEEP,Z,0.03007924,0.07012374
7/7/7/2/6/6/6/2/7 3 3,Z,0.5,2,SLEEP,Z,0.006086703,0.01071885
7/7/7/2/6/6/6/6/6 3 3,Z,0.5,4,SLEEP,Z,0.05861019,0.184219
7/7/7/2/6/6/6/6/5 3 3,X,0.5,4,SLEEP,Z,0.02893222,0.09684752
7/7/7/2/6/6/6/6/3 3 3,X,0.75,4,SLEEP,Z,0.03665201,0.1149205
7/7/7/2/6/6/6/5/6 3 3,Z,0.5,2,SLEEP,Z,0.02530488,0.08366535
7/7/7/2/6/6/6/5/5 3 3,Z,0.5,2,SLEEP,Z,0.04996633,0.05353379
7/7/7/2/6/6/6/5/3 3 3,X,0.75,2,SLEEP,Z,0.0246233,0.06931426
7/7/7/2/6/6/6/3/6 3 3,Z,0.6666666666666666666666666667,2,SLEEP,Z,0.01866162,0.0529661
7/7/7/2/6/6/6/3/5 3 3,Z,0.6666666666666666666666666667,2,SLEEP,Z,0.01785848,0.03055714
7/7/7/2/6/6/6/3/3 3 3,X,0.75,2,SLEEP,Z,0.0208973,0.05614235
7/7/7/2/6/6/6/7/4 3 3,Z,0.5,2,SLEEP,Z,0,0
7/7/7/2/6/6/6/7/2 3 3,Z,0.5,2,SLEEP,Z,0.01100099,0.04486047
7/7/7/2/6/6/6/7/1 3 3,X,0.75,2,SLEEP,Z,0.02296443,0.0667298
7/7/7/2/6/6/5/2/7 3 3,X,0.5,2,SLEEP,Z,0.01984822,0.06355991
7/7/7/2/6/6/5/6/6 3 3,Z,0.5,2,SLEEP,Z,0.03159463,0.08500487
7/7/7/2/6/6/5/6/5 3 3,X,0.5,4,SLEEP,Z,0.03223072,0.1046681
7/7/7/2/6/6/5/6/3 3 3,X,0.625,4,SLEEP,Z,0.04862943,0.1547754
7/7/7/2/6/6/5/5/6 3 3,Z,0.5,2,SLEEP,Z,0.07448792,0.146415
7/7/7/2/6/6/5/5/5 3 3,X,0.5,2,SLEEP,Z,0.03818652,0.2220303
7/7/7/2/6/6/5/5/3 3 3,X,0.625,4,SLEEP,Z,0.06263582,0.1300581
7/7/7/2/6/6/5/3/6 3 3,Z,0.6666666666666666666666666667,2,SLEEP,Z,0,0
7/7/7/2/6/6/5/3/5 3 3,Z,0.6666666666666666666666666667,2,SLEEP,Z,0.01183074,0.03713657
7/7/7/2/6/6/5/3/3 3 3,Z,0.6666666666666666666666666667,4,SLEEP,Z,0.03130982,0.09979483
7/7/7/2/6/6/5/7/4 3 3,Z,0.5,2,SLEEP,Z,0,0
7/7/7/2/6/6/5/7/2 3 3,X,0.5,2,SLEEP,Z,0,0
7/7/7/2/6/6/5/7/1 3 3,X,0.625,2,SLEEP,Z,0.01685741,0.06165293
7/7/7/2/6/6/3/2/7 3 3,X,0.625,4,SLEEP,Z,0.04489429,0.1111144
7/7/7/2/6/6/3/6/6 3 3,X,-0.75,6,SLEEP,Z,0.09245153,0.2677853
7/7/7/2/6/6/3/6/5 3 3,X,0.625,4,SLEEP,Z,0.0649659,0.2005532
7/7/7/2/6/6/3/6/3 3 3,X,0.75,4,SLEEP,Z,0.1828378,0.3241314
7/7/7/2/6/6/3/5/6 3 3,X,-0.75,2,SLEEP,Z,0.004261727,0.01381084
7/7/7/2/6/6/3/5/5 3 3,X,0.625,4,SLEEP,Z,0.02845254,0.08656919
7/7/7/2/6/6/3/5/3 3 3,X,0.75,4,SLEEP,Z,0.0416175,0.1292964
7/7/7/2/6/6/3/3/6 3 3,X,-0.75,2,SLEEP,Z,0,0
7/7/7/2/6/6/3/3/5 3 3,Z,0.6666666666666666666666666667,2,SLEEP,Z,0.02401593,0.07059462
7/7/7/2/6/6/3/3/3 3 3,X,0.75,6,SLEEP,Z,0.08050518,0.2042643
7/7/7/2/6/6/3/7/4 3 3,X,-0.75,2,SLEEP,Z,0.08750397,0.1618245
7/7/7/2/6/6/3/7/2 3 3,X,0.625,2,SLEEP,Z,0.02265965,0.07355718
7/7/7/2/6/6/3/7/1 3 3,X,0.75,4,SLEEP,Z,0.02242025,0.07445043
7/7/7/2/6/6/7/2/6 3 3,Z,0.5,2,SLEEP,Z,0,0
7/7/7/2/6/6/7/2/5 3 3,X,0.5,2,SLEEP,Z,0.01713569,0.06205137
7/7/7/2/6/6/7/2/3 3 3,X,0.625,4,SLEEP,Z,0.0288092,0.09406043
7/7/7/2/6/6/7/6/4 3 3,Z,0.5,4,SLEEP,Z,0.07408394,0.2983072
7/7/7/2/6/6/7/6/2 3 3,X,0.5,4,SLEEP,Z,0.05675174,0.1953929
7/7/7/2/6/6/7/6/1 3 3,X,0.625,2,SLEEP,Z,0.027069,0.06395394
7/7/7/2/6/6/7/5/4 3 3,Z,0.5,2,SLEEP,Z,0,0
7/7/7/2/6/6/7/5/2 3 3,X,0.5,2,SLEEP,Z,0,0
7/7/7/2/6/6/7/5/1 3 3,X,0.625,4,SLEEP,Z,0.1030648,0.2146561
7/7/7/2/6/6/7/3/4 3 3,Z,0.6666666666666666666666666666,2,SLEEP,Z,0.07874025,0.3042198
7/7/7/2/6/6/7/3/2 3 3,Z,0.6666666666666666666666666666,4,SLEEP,Z,0.02874252,0.09152282
7/7/7/2/6/6/7/3/1 3 3,Z,0.6666666666666666666666666666,2,SLEEP,Z,0.02455343,0.07132012
7/7/7/2/6/5/2/6/7 3 3,X,0.5,2,SLEEP,Z,0.02737561,0.06319311
7/7/7/2/6/5/2/5/7 3 3,X,0.5,2,SLEEP,Z,0.03805462,0.09805313
7/7/7/2/6/5/2/3/7 3 3,X,0.5,4,SLEEP,Z,0.02219854,0.06949983
7/7/7/2/6/5/2/7/6 3 3,X,-0.4,2,SLEEP,Z,0,0
7/7/7/2/6/5/2/7/5 3 3,X,0.5,2,SLEEP,Z,0,0
7/7/7/2/6/5/2/7/3 3 3,X,0.625,2,SLEEP,Z,0.05052264,0.101088
7/7/7/2/6/5/6/2/7 3 3,X,0.5,2,SLEEP,Z,0,0
7/7/7/2/6/5/6/6/6 3 3,Z,0.5,2,SLEEP,Z,0.009929788,0.03559146
7/7/7/2/6/5/6/6/5 3 3,X,0.5,2,SLEEP,Z,0.01996976,0.06846875
7/7/7/2/6/5/6/6/3 3 3,X,0.75,2,SLEEP,Z,0.01717169,0.05297229
7/7/7/2/6/5/6/5/6 3 3,X,0.25,2,SLEEP,Z,0.007968409,0.03893768
7/7/7/2/6/5/6/5/5 3 3,X,0.5,2,SLEEP,Z,0,0
7/7/7/2/6/5/6/5/3 3 3,X,0.75,2,SLEEP,Z,0,0
7/7/7/2/6/5/6/3/6 3 3,Z,-0.5,2,SLEEP,Z,0.02500202,0.09134766
7/7/7/2/6/5/6/3/5 3 3,X,0.5,2,SLEEP,Z,0.02678101,0.09811351
7/7/7/2/6/5/6/3/3 3 3,X,0.75,2,SLEEP,Z,0.04017661,0.1418414
7/7/7/2/6/5/6/7/4 3 3,X,0.25,2,SLEEP,Z,0.01015002,0.03802265
7/7/7/2/6/5/6/7/2 3 3,X,0.5,2,SLEEP,Z,0,0
7/7/7/2/6/5/6/7/1 3 3,X,0.75,2,SLEEP,Z,0,0
7/7/7/2/6/5/5/2/7 3 3,X,0.5,2,SLEEP,Z,0,0
7/7/7/2/6/5/5/6/6 3 3,Z,0.5,2,SLEEP,Z,0.0306346,0.1032517
7/7/7/2/6/5/5/6/5 3 3,X,0.5,4,SLEEP,Z,0.04074895,0.09262834
7/7/7/2/6/5/5/6/3 3 3,X,0.625,2,SLEEP,Z,0.01982672,0.05651869
7/7/7/2/6/5/5/5/6 3 3,X,0.375,2,SLEEP,Z,0.007961152,0.02556095
7/7/7/2/6/5/5/5/5 3 3,X,0.5,2,SLEEP,Z,0,0
7/7/7/2/6/5/5/5/3 3 3,X,0.625,2,SLEEP,Z,0.01248558,0.04130492
7/7/7/2/6/5/5/3/6 3 3,Z,-0.5,2,SLEEP,Z,0.01999247,0.03618789
7/7/7/2/6/5/5/3/5 3 3,X,0.5,4,SLEEP,Z,0.01446902,0.04888874
7/7/7/2/6/5/5/3/3 3 3,X,0.625,4,SLEEP,Z,0.04704448,0.1298584
7/7/7/2/6/5/5/7/4 3 3,X,0.375,2,SLEEP,Z,0,0
7/7/7/2/6/5/5/7/2 3 3,X,0.5,2,SLEEP,Z,0,0
7/7/7/2/6/5/5/7/1 3 3,X,0.625,2,SLEEP,Z,0.01660335,0.05803899
7/7/7/2/6/5/3/2/7 3 3,X,0.625,2,SLEEP,Z,0.03350078,0.105215
7/7/7/2/6/5/3/6/6 3 3,X,-0.75,2,SLEEP,Z,0.05028914,0.1518718
7/7/7/2/6/5/3/6/5 3 3,X,0.625,2,SLEEP,Z,0.02953017,0.08953685
7/7/7/2/6/5/3/6/3 3 3,X,0.75,6,SLEEP,Z,0.09046966,0.2431033
7/7/7/2/6/5/3/5/6 3 3,X,-0.75,2,SLEEP,Z,0,0
7/7/7/2/6/5/3/5/5 3 3,X,0.625,2,SLEEP,Z,0.0247313,0.05908275
7/7/7/2/6/5/3/5/3 3 3,X,0.75,4,SLEEP,Z,0.06379631,0.1641506
7/7/7/2/6/5/3/3/6 3 3,X,-0.75,4,SLEEP,Z,0.1253435,0.2821737
7/7/7/2/6/5/3/3/5 3 3,X,0.625,4,SLEEP,Z,0.03308807,0.09285101
7/7/7/2/6/5/3/3/3 3 3,X,0.75,4,SLEEP,Z,0.05999267,0.1745027
7/7/7/2/6/5/3/7/4 3 3,X,-0.75,2,SLEEP,Z,0,0
7/7/7/2/6/5/3/7/2 3 3,X,0.625,2,SLEEP,Z,0,0
7/7/7/2/6/5/3/7/1 3 3,X,0.75,4,SLEEP,Z,0.04652013,0.1339309
7/7/7/2/6/5/7/2/6 3 3,X,0.375,2,SLEEP,Z,0,0
7/7/7/2/6/5/7/2/5 3 3,X,0.5,2,SLEEP,Z,0,0
7/7/7/2/6/5/7/2/3 3 3,X,0.625,2,SLEEP,Z,0.01471472,0.04720442
7/7/7/2/6/5/7/6/4 3 3,Z,0.5,2,SLEEP,Z,0,0
7/7/7/2/6/5/7/6/2 3 3,X,0.5,2,SLEEP,Z,0.01556619,0.05252028
7/7/7/2/6/5/7/6/1 3 3,X,0.625,4,SLEEP,Z,0.03858577,0.1228742
7/7/7/2/6/5/7/5/4 3 3,X,0.375,2,SLEEP,Z,0,0
7/7/7/2/6/5/7/5/2 3 3,X,0.5,2,SLEEP,Z,0.009826454,0.03054148
7/7/7/2/6/5/7/5/1 3 3,X,0.625,2,SLEEP,Z,0.007444466,0.02636239
7/7/7/2/6/5/7/3/4 3 3,Z,-0.5,2,SLEEP,Z,0.00953157,0.03503295
7/7/7/2/6/5/7/3/2 3 3,X,0.5,2,SLEEP,Z,0.02128284,0.06901842
7/7/7/2/6/5/7/3/1 3 3,X,0.625,4,SLEEP,Z,0.02424903,0.07841233
7/7/7/2/6/3/2/6/7 3 3,Z,-0.6666666666666666666666666667,4,SLEEP,Z,0.1160952,0.2247265
7/7/7/2/6/3/2/5/7 3 3,X,0.5,2,SLEEP,Z,0.04446492,0.05191042
7/7/7/2/6/3/2/3/7 3 3,X,0.5,6,SLEEP,Z,0.05667191,0.1583989
7/7/7/2/6/3/2/7/6 3 3,Z,-0.5,2,SLEEP,Z,0.02023577,0.04253646
7/7/7/2/6/3/2/7/5 3 3,X,0.5,2,SLEEP,Z,0.03079971,0.06483433
7/7/7/2/6/3/2/7/3 3 3,X,0.625,4,SLEEP,Z,0.04904232,0.1450004
7/7/7/2/6/3/6/2/7 3 3,Z,-0.5,2,SLEEP,Z,0.01305172,0.01189337
7/7/7/2/6/3/6/6/6 3 3,Z,-0.6666666666666666666666666667,2,SLEEP,Z,0.02684398,0.06287415
7/7/7/2/6/3/6/6/5 3 3,Z,-0.6666666666666666666666666667,2,SLEEP,Z,0.01729386,0.06063099
7/7/7/2/6/3/6/6/3 3 3,X,0.75,4,SLEEP,Z,0.03959985,0.09087656
7/7/7/2/6/3/6/5/6 3 3,Z,-0.5,2,SLEEP,Z,0.01465363,0.04979389
7/7/7/2/6/3/6/5/5 3 3,Z,-0.5,2,SLEEP,Z,0.006801724,0.02276098
7/7/7/2/6/3/6/5/3 3 3,X,0.75,4,SLEEP,Z,0.01952654,0.05044195
7/7/7/2/6/3/6/3/6 3 3,Z,-0.5,2,SLEEP,Z,0.02253552,0.07640274
7/7/7/2/6/3/6/3/5 3 3,X,0.5,4,SLEEP,Z,0.03284766,0.07267492
7/7/7/2/6/3/6/3/3 3 3,X,0.75,4,SLEEP,Z,0.05758094,0.1596925
7/7/7/2/6/3/6/7/4 3 3,Z,-0.5,2,SLEEP,Z,0.02834703,0.0821444
7/7/7/2/6/3/6/7/2 3 3,Z,-0.5,2,SLEEP,Z,0.02146775,0.06434095
7/7/7/2/6/3/6/7/1 3 3,X,0.75,4,SLEEP,Z,0.07239398,0.1355498
7/7/7/2/6/3/5/2/7 3 3,X,0.5,2,SLEEP,Z,0.03330951,0.05557194
7/7/7/2/6/3/5/6/6 3 3,Z,-0.6666666666666666666666666667,2,SLEEP,Z,0.07371962,0.13628
7/7/7/2/6/3/5/6/5 3 3,Z,-0.6666666666666666666666666667,4,SLEEP,Z,0.1414085,0.3029268
7/7/7/2/6/3/5/6/3 3 3,Z,-0.6666666666666666666666666667,2,SLEEP,Z,0.0275857,0.0647682
7/7/7/2/6/3/5/5/6 3 3,Z,-0.5,2,SLEEP,Z,0.06424537,0.1018672
7/7/7/2/6/3/5/5/5 3 3,X,0.5,4,SLEEP,Z,0.01361385,0.04338849
7/7/7/2/6/3/5/5/3 3 3,X,0.625,2,SLEEP,Z,0.02498359,0.08249366
7/7/7/2/6/3/5/3/6 3 3,Z,-0.5,2,SLEEP,Z,0.0248879,0.08671737
7/7/7/2/6/3/5/3/5 3 3,X,0.5,4,SLEEP,Z,0.07128473,0.16275
7/7/7/2/6/3/5/3/3 3 3,X,0.625,4,SLEEP,Z,0.05847188,0.1420091
7/7/7/2/6/3/5/7/4 3 3,Z,-0.5,2,SLEEP,Z,0.05935064,0.3028974
7/7/7/2/6/3/5/7/2 3 3,X,0.5,2,SLEEP,Z,0.01508459,0.04317224
7/7/7/2/6/3/5/7/1 3 3,X,0.625,2,SLEEP,Z,0.01364981,0.04657191
7/7/7/2/6/3/3/2/7 3 3,X,0.625,4,SLEEP,Z,0.04301801,0.134885
7/7/7/2/6/3/3/6/6 3 3,X,-0.75,4,SLEEP,Z,0.03933238,0.07487
7/7/7/2/6/3/3/6/5 3 3,Z,-0.6666666666666666666666666667,4,SLEEP,Z,0.03296853,0.1085013
7/7/7/2/6/3/3/6/3 3 3,X,0.75,2,SLEEP,Z,0.04560265,0.137366
7/7/7/2/6/3/3/5/6 3 3,X,-0.75,2,SLEEP,Z,0.03065105,0.06110559
7/7/7/2/6/3/3/5/5 3 3,X,0.625,4,SLEEP,Z,0.08360995,0.1960854
7/7/7/2/6/3/3/5/3 3 3,X,0.75,6,SLEEP,Z,0.06825019,0.1505889
7/7/7/2/6/3/3/3/6 3 3,X,-0.75,4,SLEEP,Z,0.04083427,0.129149
7/7/7/2/6/3/3/3/5 3 3,X,0.625,6,SLEEP,Z,0.1425306,0.3037548
7/7/7/2/6/3/3/3/3 3 3,X,0.75,4,SLEEP,Z,0.1017471,0.2497576
7/7/7/2/6/3/3/7/4 3 3,X,-0.75,4,SLEEP,Z,0.01914066,0.04895565
7/7/7/2/6/3/3/7/2 3 3,X,0.625,2,SLEEP,Z,0.03869478,0.08566286
7/7/7/2/6/3/3/7/1 3 3,X,0.75,6,SLEEP,Z,0.05458157,0.1738109
7/7/7/2/6/3/7/2/6 3 3,Z,-0.5,2,SLEEP,Z,0.0115353,0.03650716
7/7/7/2/6/3/7/2/5 3 3,X,0.5,4,SLEEP,Z,0.01370083,0.04667182
7/7/7/2/6/3/7/2/3 3 3,X,0.625,4,SLEEP,Z,0.03013321,0.09803113
7/7/7/2/6/3/7/6/4 3 3,Z,-0.6666666666666666666666666666,2,SLEEP,Z,0.01296049,0.03797718
7/7/7/2/6/3/7/6/2 3 3,Z,-0.6666666666666666666666666666,2,SLEEP,Z,0.01942896,0.05187674
7/7/7/2/6/3/7/6/1 3 3,Z,-0.6666666666666666666666666666,2,SLEEP,Z,0.02611033,0.08715127
7/7/7/2/6/3/7/5/4 3 3,Z,-0.5,2,SLEEP,Z,0.05139752,0.1163528
7/7/7/2/6/3/7/5/2 3 3,X,0.5,2,SLEEP,Z,0.02515842,0.06424911
7/7/7/2/6/3/7/5/1 3 3,X,0.625,2,SLEEP,Z,0.03762826,0.0777792
7/7/7/2/6/3/7/3/4 3 3,Z,-0.5,2,SLEEP,Z,0.01488037,0.05036769
7/7/7/2/6/3/7/3/2 3 3,X,0.5,4,SLEEP,Z,0.0447473,0.1509723
7/7/7/2/6/3/7/3/1 3 3,X,0.625,4,SLEEP,Z,0.06248691,0.2119983
7/7/7/2/6/7/2/2/7 3 3,X,0.5,2,SLEEP,Z,0.007408538,0.02340901
7/7/7/2/6/7/2/6/6 3 3,X,-0.5,2,SLEEP,Z,0.02422031,0.06413232
7/7/7/2/6/7/2/6/5 3 3,X,0.5,2,SLEEP,Z,0.02294533,0.06851429
7/7/7/2/6/7/2/6/3 3 3,X,0.625,4,SLEEP,Z,0.04397028,0.09668852
7/7/7/2/6/7/2/5/6 3 3,X,-0.5,2,SLEEP,Z,0,0
7/7/7/2/6/7/2/5/5 3 3,X,0.5,2,SLEEP,Z,0.01058424,0.03572334
7/7/7/2/6/7/2/5/3 3 3,X,0.625,2,SLEEP,Z,0.05185511,0.1216536
7/7/7/2/6/7/2/3/6 3 3,X,-0.5,2,SLEEP,Z,0.02804397,0.1019806
7/7/7/2/6/7/2/3/5 3 3,X,0.5,2,SLEEP,Z,0.02625938,0.08630656
7/7/7/2/6/7/2/3/3 3 3,X,0.625,4,SLEEP,Z,0.03896775,0.09051288
7/7/7/2/6/7/2/7/4 3 3,X,-0.5,2,SLEEP,Z,0,0
7/7/7/2/6/7/2/7/2 3 3,X,0.5,2,SLEEP,Z,0.004613741,0.01420674
7/7/7/2/6/7/2/7/1 3 3,X,0.625,2,SLEEP,Z,0.01921992,0.05867347
7/7/7/2/6/7/6/2/6 3 3,X,0.25,2,SLEEP,Z,0,0
7/7/7/2/6/7/6/2/5 3 3,X,0.5,2,SLEEP,Z,0,0
7/7/7/2/6/7/6/2/3 3 3,X,0.8333333333333333333333333333,2,SLEEP,Z,0,0
7/7/7/2/6/7/6/6/4 3 3,Z,0.5,2,SLEEP,Z,0.01735502,0.06002732
7/7/7/2/6/7/6/6/2 3 3,X,0.5,2,SLEEP,Z,0.02535964,0.08612529
7/7/7/2/6/7/6/6/1 3 3,X,0.8333333333333333333333333333,2,SLEEP,Z,0.02339424,0.0495857
7/7/7/2/6/7/6/5/4 3 3,X,0.25,2,SLEEP,Z,0.01284414,0.04324173
7/7/7/2/6/7/6/5/2 3 3,X,0.5,2,SLEEP,Z,0.007865835,0.0294871
7/7/7/2/6/7/6/5/1 3 3,X,0.8333333333333333333333333333,2,SLEEP,Z,0,0
7/7/7/2/6/7/6/3/4 3 3,Z,-0.5,2,SLEEP,Z,0.02559356,0.08315437
7/7/7/2/6/7/6/3/2 3 3,X,0.5,2,SLEEP,Z,0,0
7/7/7/2/6/7/6/3/1 3 3,X,0.8333333333333333333333333333,4,SLEEP,Z,0.05420531,0.1270655
7/7/7/2/6/7/5/2/6 3 3,X,0.375,2,SLEEP,Z,0.02741648,0.04629019
7/7/7/2/6/7/5/2/5 3 3,X,0.5,2,SLEEP,Z,0.01077189,0.03573957
7/7/7/2/6/7/5/2/3 3 3,X,0.625,2,SLEEP,Z,0.02431784,0.07841681
7/7/7/2/6/7/5/6/4 3 3,Z,0.5,2,SLEEP,Z,0,0
7/7/7/2/6/7/5/6/2 3 3,X,0.5,2,SLEEP,Z,0.02236447,0.07221254
7/7/7/2/6/7/5/6/1 3 3,X,0.625,2,SLEEP,Z,0.02763609,0.05710782
7/7/7/2/6/7/5/5/4 3 3,X,0.375,2,SLEEP,Z,0,0
7/7/7/2/6/7/5/5/2 3 3,X,0.5,2,SLEEP,Z,0,0
7/7/7/2/6/7/5/5/1 3 3,X,0.625,2,SLEEP,Z,0.01135083,0.03923773
7/7/7/2/6/7/5/3/4 3 3,Z,-0.5,2,SLEEP,Z,0.02764069,0.06987288
7/7/7/2/6/7/5/3/2 3 3,X,0.5,4,SLEEP,Z,0.02199094,0.07287634
7/7/7/2/6/7/5/3/1 3 3,X,0.625,4,SLEEP,Z,0.02672097,0.0893769
7/7/7/2/6/7/3/2/6 3 3,X,-0.8333333333333333333333333333,2,SLEEP,Z,0,0
7/7/7/2/6/7/3/2/5 3 3,X,0.625,2,SLEEP,Z,0,0
7/7/7/2/6/7/3/2/3 3 3,X,0.75,4,SLEEP,Z,0.0290436,0.09169563
7/7/7/2/6/7/3/6/4 3 3,X,-0.8333333333333333333333333333,2,SLEEP,Z,0.01878568,0.06612161
7/7/7/2/6/7/3/6/2 3 3,X,0.625,2,SLEEP,Z,0.02415678,0.07717145
7/7/7/2/6/7/3/6/1 3 3,X,0.75,6,SLEEP,Z,0.09460907,0.2891708
7/7/7/2/6/7/3/5/4 3 3,X,-0.8333333333333333333333333333,2,SLEEP,Z,0.005198132,0.02209002
7/7/7/2/6/7/3/5/2 3 3,X,0.625,2,SLEEP,Z,0,0
7/7/7/2/6/7/3/5/1 3 3,X,0.75,2,SLEEP,Z,0.03170786,0.09734026
7/7/7/2/6/7/3/3/4 3 3,X,-0.8333333333333333333333333333,4,SLEEP,Z,0.02325551,0.08175063
7/7/7/2/6/7/3/3/2 3 3,X,0.625,2,SLEEP,Z,0.02796993,0.08621737
7/7/7/2/6/7/3/3/1 3 3,X,0.75,4,SLEEP,Z,0.04370274,0.1234313
7/7/7/2/6/7/7/2/4 3 3,X,0.375,2,SLEEP,Z,0,0
7/7/7/2/6/7/7/2/2 3 3,X,0.5,2,SLEEP,Z,0,0
7/7/7/2/6/7/7/2/1 3 3,X,0.625,2,SLEEP,Z,0.01644362,0.04573664
7/7/7/2/5/2/2/7/7 3 3,X,0,2,SLEEP,Z,0,0
7/7/7/2/5/2/6/6/7 3 3,X,0.5,2,SLEEP,Z,0.03683048,0.09829761
7/7/7/2/5/2/6/5/7 3 3,X,0.5,2,SLEEP,Z,0.0144689,0.04059181
7/7/7/2/5/2/6/3/7 3 3,X,0.5,2,SLEEP,Z,0.02982015,0.08018509
7/7/7/2/5/2/6/7/6 3 3,X,0.3,2,SLEEP,Z,0.01746476,0.0644987
7/7/7/2/5/2/6/7/5 3 3,X,0.5,2,SLEEP,Z,0.008741261,0.02789958
7/7/7/2/5/2/6/7/3 3 3,X,0.7,2,SLEEP,Z,0,0
7/7/7/2/5/2/5/6/7 3 3,Z,0.5,4,SLEEP,Z,0.1105878,0.3431719
7/7/7/2/5/2/5/5/7 3 3,X,0,2,SLEEP,Z,0.03395998,0.1117795
7/7/7/2/5/2/5/3/7 3 3,Z,-0.5,4,SLEEP,Z,0.03118563,0.08814412
7/7/7/2/5/2/5/7/6 3 3,X,-0.1333333333333333333333333333,2,SLEEP,Z,0,0
7/7/7/2/5/2/5/7/5 3 3,X,0,2,SLEEP,Z,0,0
7/7/7/2/5/2/5/7/3 3 3,X,0.1333333333333333333333333333,2,SLEEP,Z,0,0
7/7/7/2/5/2/3/6/7 3 3,X,-0.5,4,SLEEP,Z,0.02915611,0.09102505
7/7/7/2/5/2/3/5/7 3 3,X,-0.5,2,SLEEP,Z,0,0
7/7/7/2/5/2/3/3/7 3 3,X,-0.5,2,SLEEP,Z,0,0
7/7/7/2/5/2/3/7/6 3 3,X,-0.7,2,SLEEP,Z,0,0
7/7/7/2/5/2/3/7/5 3 3,X,-0.5,2,SLEEP,Z,0,0
7/7/7/2/5/2/3/7/3 3 3,X,-0.3,2,SLEEP,Z,0,0
7/7/7/2/5/2/7/2/7 3 3,X,0,2,SLEEP,Z,0,0
7/7/7/2/5/2/7/6/6 3 3,Z,0.5,2,SLEEP,Z,0.02843091,0.08061021
7/7/7/2/5/2/7/6/5 3 3,Z,0.5,2,SLEEP,Z,0.03279778,0.1006648
7/7/7/2/5/2/7/6/3 3 3,Z,0.5,4,SLEEP,Z,0.03850938,0.1207369
7/7/7/2/5/2/7/5/6 3 3,X,-0.1666666666666666666666666667,2,SLEEP,Z,0.01595054,0.05437829
7/7/7/2/5/2/7/5/5 3 3,X,0,2,SLEEP,Z,0,0
7/7/7/2/5/2/7/5/3 3 3,X,0.1666666666666666666666666667,2,SLEEP,Z,0,0
7/7/7/2/5/2/7/3/6 3 3,Z,-0.5,2,SLEEP,Z,0.01908677,0.05337102
7/7/7/2/5/2/7/3/5 3 3,Z,-0.5,2,SLEEP,Z,0.03455902,0.09616925
7/7/7/2/5/2/7/3/3 3 3,Z,-0.5,4,SLEEP,Z,0.04093446,0.1229525
7/7/7/2/5/2/7/7/4 3 3,X,-0.1666666666666666666666666667,2,SLEEP,Z,0,0
7/7/7/2/5/2/7/7/2 3 3,X,0,2,SLEEP,Z,0,0
7/7/7/2/5/2/7/7/1 3 3,X,0.1666666666666666666666666667,2,SLEEP,Z,0.007632966,0.04204992
7/7/7/2/5/6/2/6/7 3 3,Z,0.5,2,SLEEP,Z,0.04156034,0.1323192
7/7/7/2/5/6/2/5/7 3 3,Z,0.5,2,SLEEP,Z,0.03435464,0.03065514
7/7/7/2/5/6/2/3/7 3 3,Z,0.6666666666666666666666666667,2,SLEEP,Z,0,0
7/7/7/2/5/6/2/7/6 3 3,Z,0.5,2,SLEEP,Z,0.02327894,0.07528388
7/7/7/2/5/6/2/7/5 3 3,Z,0.5,2,SLEEP,Z,0.03872285,0.07832085
7/7/7/2/5/6/2/7/3 3 3,Z,0.5,4,SLEEP,Z,0.0506745,0.1102532
7/7/7/2/5/6/6/2/7 3 3,Z,0.5,2,SLEEP,Z,0.006415054,0.0202453
7/7/7/2/5/6/6/6/6 3 3,Z,0.5,4,SLEEP,Z,0.04273615,0.138556
7/7/7/2/5/6/6/6/5 3 3,X,0.5,4,SLEEP,Z,0.04115218,0.1343893
7/7/7/2/5/6/6/6/3 3 3,X,0.75,4,SLEEP,Z,0.0546252,0.170603
7/7/7/2/5/6/6/5/6 3 3,Z,0.5,2,SLEEP,Z,0.01687045,0.05316229
7/7/7/2/5/6/6/5/5 3 3,Z,0.5,2,SLEEP,Z,0.01535884,0.04832623
7/7/7/2/5/6/6/5/3 3 3,X,0.75,2,SLEEP,Z,0.03439154,0.05005764
7/7/7/2/5/6/6/3/6 3 3,Z,0.6666666666666666666666666667,2,SLEEP,Z,0.02403095,0.03214099
7/7/7/2/5/6/6/3/5 3 3,Z,0.6666666666666666666666666667,2,SLEEP,Z,0.01607789,0.03976245
7/7/7/2/5/6/6/3/3 3 3,X,0.75,2,SLEEP,Z,0.01067606,0.03207582
7/7/7/2/5/6/6/7/4 3 3,Z,0.5,4,SLEEP,Z,0.03125807,0.1280383
7/7/7/2/5/6/6/7/2 3 3,Z,0.5,2,SLEEP,Z,0.02514731,0.08209423
7/7/7/2/5/6/6/7/1 3 3,X,0.75,2,SLEEP,Z,0.02224774,0.04085878
7/7/7/2/5/6/5/2/7 3 3,Z,0.5,2,SLEEP,Z,0.02524305,0.07810604
7/7/7/2/5/6/5/6/6 3 3,Z,0.5,4,SLEEP,Z,0.05474649,0.18966
7/7/7/2/5/6/5/6/5 3 3,Z,0.5,6,SLEEP,Z,0.0898947,0.2590285
7/7/7/2/5/6/5/6/3 3 3,Z,0.5,4,SLEEP,Z,0.03451318,0.1238337
7/7/7/2/5/6/5/5/6 3 3,Z,0.5,2,SLEEP,Z,0,0
7/7/7/2/5/6/5/5/5 3 3,Z,0.5,2,SLEEP,Z,0.01696068,0.05484433
7/7/7/2/5/6/5/5/3 3 3,Z,0.5,2,SLEEP,Z,0.007480937,0.02193394
7/7/7/2/5/6/5/3/6 3 3,Z,0.6666666666666666666666666667,2,SLEEP,Z,0.07224368,0.1549578
7/7/7/2/5/6/5/3/5 3 3,Z,0.6666666666666666666666666667,2,SLEEP,Z,0,0
7/7/7/2/5/6/5/3/3 3 3,Z,0.6666666666666666666666666667,2,SLEEP,Z,0.01490864,0.03050972
7/7/7/2/5/6/5/7/4 3 3,Z,0.5,2,SLEEP,Z,0.01463739,0.03810504
7/7/7/2/5/6/5/7/2 3 3,Z,0.5,2,SLEEP,Z,0,0
7/7/7/2/5/6/5/7/1 3 3,Z,0.5,2,SLEEP,Z,0.01267903,0.03190392
7/7/7/2/5/6/3/2/7 3 3,Z,0.5,2,SLEEP,Z,0.02692905,0.08047066
7/7/7/2/5/6/3/6/6 3 3,X,-0.75,4,SLEEP,Z,0.1242518,0.3890426
7/7/7/2/5/6/3/6/5 3 3,X,-0.5,4,SLEEP,Z,0.04957837,0.1681586
7/7/7/2/5/6/3/6/3 3 3,Z,0.5,4,SLEEP,Z,0.05810639,0.2127257
7/7/7/2/5/6/3/5/6 3 3,X,-0.75,2,SLEEP,Z,0.02488559,0.05725944
7/7/7/2/5/6/3/5/5 3 3,Z,0.5,2,SLEEP,Z,0.02335828,0.07866768
7/7/7/2/5/6/3/5/3 3 3,Z,0.5,2,SLEEP,Z,0.03355928,0.1109423
7/7/7/2/5/6/3/3/6 3 3,X,-0.75,2,SLEEP,Z,0.04616203,0.06958444
7/7/7/2/5/6/3/3/5 3 3,Z,0.6666666666666666666666666667,2,SLEEP,Z,0.01213551,0.03904559
7/7/7/2/5/6/3/3/3 3 3,Z,0.6666666666666666666666666667,2,SLEEP,Z,0.01591315,0.05730001
7/7/7/2/5/6/3/7/4 3 3,X,-0.75,2,SLEEP,Z,0.01555344,0.05400765
7/7/7/2/5/6/3/7/2 3 3,Z,0.5,2,SLEEP,Z,0.01494613,0.05883402
7/7/7/2/5/6/3/7/1 3 3,Z,0.5,2,SLEEP,Z,0.02194578,0.07274102
7/7/7/2/5/6/7/2/6 3 3,Z,0.5,4,SLEEP,Z,0.05996908,0.1550005
7/7/7/2/5/6/7/2/5 3 3,Z,0.5,2,SLEEP,Z,0.02201692,0.07034799
7/7/7/2/5/6/7/2/3 3 3,Z,0.5,2,SLEEP,Z,0.0216202,0.06956983
7/7/7/2/5/6/7/6/4 3 3,Z,0.5,2,SLEEP,Z,0.07078578,0.2226073
7/7/7/2/5/6/7/6/2 3 3,Z,0.5,4,SLEEP,Z,0.077045,0.3175785
7/7/7/2/5/6/7/6/1 3 3,Z,0.5,4,SLEEP,Z,0.07622299,0.2208369
7/7/7/2/5/6/7/5/4 3 3,Z,0.5,2,SLEEP,Z,0.01915834,0.06210986
7/7/7/2/5/6/7/5/2 3 3,Z,0.5,4,SLEEP,Z,0.02728312,0.08776899
7/7/7/2/5/6/7/5/1 3 3,Z,0.5,2,SLEEP,Z,0.01478272,0.05696771
7/7/7/2/5/6/7/3/4 3 3,Z,0.6666666666666666666666666666,2,SLEEP,Z,0.01576256,0.02103805
7/7/7/2/5/6/7/3/2 3 3,Z,0.6666666666666666666666666666,2,SLEEP,Z,0,0
7/7/7/2/5/6/7/3/1 3 3,Z,0.6666666666666666666666666666,2,SLEEP,Z,0,0
7/7/7/2/5/5/2/6/7 3 3,Z,0.5,4,SLEEP,Z,0.03672651,0.1244798
7/7/7/2/5/5/2/5/7 3 3,X,0,2,SLEEP,Z,0,0
7/7/7/2/5/5/2/3/7 3 3,Z,-0.5,2,SLEEP,Z,0,0
7/7/7/2/5/5/2/7/6 3 3,X,-0.4,2,SLEEP,Z,0.007235244,0.02732335
7/7/7/2/5/5/2/7/5 3 3,X,0,2,SLEEP,Z,0,0
7/7/7/2/5/5/2/7/3 3 3,X,0.4,2,SLEEP,Z,0.004907262,0.01370087
7/7/7/2/5/5/6/2/7 3 3,X,0.5,2,SLEEP,Z,0.009876893,0.03632084
7/7/7/2/5/5/6/6/6 3 3,Z,0.5,2,SLEEP,Z,0.02760867,0.09572788
7/7/7/2/5/5/6/6/5 3 3,X,0.5,4,SLEEP,Z,0.02709684,0.08579756
7/7/7/2/5/5/6/6/3 3 3,X,0.75,2,SLEEP,Z,0.01519879,0.05172822
7/7/7/2/5/5/6/5/6 3 3,X,0.25,2,SLEEP,Z,0.01161241,0.04611929
7/7/7/2/5/5/6/5/5 3 3,X,0.5,2,SLEEP,Z,0,0
7/7/7/2/5/5/6/5/3 3 3,X,0.75,2,SLEEP,Z,0,0
7/7/7/2/5/5/6/3/6 3 3,Z,-0.5,2,SLEEP,Z,0.02294881,0.08064312
7/7/7/2/5/5/6/3/5 3 3,X,0.5,4,SLEEP,Z,0.05982944,0.1533546
7/7/7/2/5/5/6/3/3 3 3,X,0.75,2,SLEEP,Z,0.009641945,0.03163973
7/7/7/2/5/5/6/7/4 3 3,X,0.25,2,SLEEP,Z,0,0
7/7/7/2/5/5/6/7/2 3 3,X,0.5,2,SLEEP,Z,0,0
7/7/7/2/5/5/6/7/1 3 3,X,0.75,2,SLEEP,Z,0.08641028,0.372494
7/7/7/2/5/5/5/2/7 3 3,X,0,2,SLEEP,Z,0.01445497,0.05733793
7/7/7/2/5/5/5/6/6 3 3,Z,0.5,2,SLEEP,Z,0.03016702,0.08955504
7/7/7/2/5/5/5/6/5 3 3,Z,0.5,2,SLEEP,Z,0.02790491,0.0919153
7/7/7/2/5/5/5/6/3 3 3,Z,0.5,2,SLEEP,Z,0.03519354,0.1218984
7/7/7/2/5/5/5/5/6 3 3,X,-0.1666666666666666666666666667,2,SLEEP,Z,0,0
7/7/7/2/5/5/5/5/5 3 3,X,0,2,SLEEP,Z,0,0
7/7/7/2/5/5/5/5/3 3 3,X,0.1666666666666666666666666667,2,SLEEP,Z,0,0
7/7/7/2/5/5/5/3/6 3 3,Z,-0.5,2,SLEEP,Z,0.01130519,0.03825378
7/7/7/2/5/5/5/3/5 3 3,Z,-0.5,2,SLEEP,Z,0.0108631,0.03205951
7/7/7/2/5/5/5/3/3 3 3,Z,-0.5,2,SLEEP,Z,0.01225003,0.04926689
7/7/7/2/5/5/5/7/4 3 3,X,-0.1666666666666666666666666667,2,SLEEP,Z,0,0
7/7/7/2/5/5/5/7/2 3 3,X,0,2,SLEEP,Z,0,0
7/7/7/2/5/5/5/7/1 3 3,X,0.1666666666666666666666666667,2,SLEEP,Z,0,0
7/7/7/2/5/5/3/2/7 3 3,X,-0.5,2,SLEEP,Z,0.02953131,0.03117442
7/7/7/2/5/5/3/6/6 3 3,X,-0.75,2,SLEEP,Z,0.03169518,0.09034779
7/7/7/2/5/5/3/6/5 3 3,X,-0.5,2,SLEEP,Z,0.02426618,0.07708238
7/7/7/2/5/5/3/6/3 3 3,Z,0.5,2,SLEEP,Z,0.03808549,0.1056363
7/7/7/2/5/5/3/5/6 3 3,X,-0.75,2,SLEEP,Z,0.02267867,0.0355826
7/7/7/2/5/5/3/5/5 3 3,X,-0.5,2,SLEEP,Z,0,0
7/7/7/2/5/5/3/5/3 3 3,X,-0.25,2,SLEEP,Z,0.008203374,0.03545777
7/7/7/2/5/5/3/3/6 3 3,X,-0.75,2,SLEEP,Z,0,0
7/7/7/2/5/5/3/3/5 3 3,X,-0.5,2,SLEEP,Z,0,0
7/7/7/2/5/5/3/3/3 3 3,Z,-0.5,2,SLEEP,Z,0.01427631,0.04653579
7/7/7/2/5/5/3/7/4 3 3,X,-0.75,2,SLEEP,Z,0,0
7/7/7/2/5/5/3/7/2 3 3,X,-0.5,2,SLEEP,Z,0,0
7/7/7/2/5/5/3/7/1 3 3,X,-0.25,2,SLEEP,Z,0,0
7/7/7/2/5/5/7/2/6 3 3,X,-0.2222222222222222222222222222,2,SLEEP,Z,0,0
7/7/7/2/5/5/7/2/5 3 3,X,0,2,SLEEP,Z,0,0
7/7/7/2/5/5/7/2/3 3 3,X,0.2222222222222222222222222222,2,SLEEP,Z,0,0
7/7/7/2/5/5/7/6/4 3 3,Z,0.5,2,SLEEP,Z,0.01267782,0.04906254
7/7/7/2/5/5/7/6/2 3 3,Z,0.5,2,SLEEP,Z,0.02308262,0.07708057
7/7/7/2/5/5/7/6/1 3 3,Z,0.5,2,SLEEP,Z,0.01780153,0.06279702
7/7/7/2/5/5/7/5/4 3 3,X,-0.2222222222222222222222222222,2,SLEEP,Z,0.002282148,0.009969524
7/7/7/2/5/5/7/5/2 3 3,X,0,2,SLEEP,Z,0,0
7/7/7/2/5/5/7/5/1 3 3,X,0.2222222222222222222222222222,2,SLEEP,Z,0,0
7/7/7/2/5/5/7/3/4 3 3,Z,-0.5,2,SLEEP,Z,0.01284579,0.0451404
7/7/7/2/5/5/7/3/2 3 3,Z,-0.5,2,SLEEP,Z,0.01345211,0.04372284
7/7/7/2/5/5/7/3/1 3 3,Z,-0.5,2,SLEEP,Z,0.01852543,0.05851156
7/7/7/2/5/3/2/6/7 3 3,Z,-0.6666666666666666666666666667,4,SLEEP,Z,0.02932566,0.07667779
7/7/7/2/5/3/2/5/7 3 3,Z,-0.5,2,SLEEP,Z,0,0
7/7/7/2/5/3/2/3/7 3 3,Z,-0.5,2,SLEEP,Z,0.03050182,0.09379835
7/7/7/2/5/3/2/7/6 3 3,Z,-0.5,2,SLEEP,Z,0.01918341,0.04549417
7/7/7/2/5/3/2/7/5 3 3,Z,-0.5,2,SLEEP,Z,0.01039192,0.03111056
7/7/7/2/5/3/2/7/3 3 3,Z,-0.5,2,SLEEP,Z,0.01856158,0.04931427
7/7/7/2/5/3/6/2/7 3 3,Z,-0.5,2,SLEEP,Z,0,0
7/7/7/2/5/3/6/6/6 3 3,Z,-0.6666666666666666666666666667,2,SLEEP,Z,0.02600564,0.05646528
7/7/7/2/5/3/6/6/5 3 3,Z,-0.6666666666666666666666666667,2,SLEEP,Z,0.01822682,0.04754725
7/7/7/2/5/3/6/6/3 3 3,X,0.75,2,SLEEP,Z,0.01735517,0.05506868
7/7/7/2/5/3/6/5/6 3 3,Z,-0.5,2,SLEEP,Z,0.03252506,0.04960895
7/7/7/2/5/3/6/5/5 3 3,Z,-0.5,2,SLEEP,Z,0,0
7/7/7/2/5/3/6/5/3 3 3,X,0.75,2,SLEEP,Z,0,0
7/7/7/2/5/3/6/3/6 3 3,Z,-0.5,2,SLEEP,Z,0.01547916,0.05296738
7/7/7/2/5/3/6/3/5 3 3,X,0.5,2,SLEEP,Z,0.04209428,0.1346925
7/7/7/2/5/3/6/3/3 3 3,X,0.75,6,SLEEP,Z,0.06656914,0.1602608
7/7/7/2/5/3/6/7/4 3 3,Z,-0.5,2,SLEEP,Z,0.01777651,0.06724281
7/7/7/2/5/3/6/7/2 3 3,Z,-0.5,2,SLEEP,Z,0.0138157,0.03385825
7/7/7/2/5/3/6/7/1 3 3,X,0.75,2,SLEEP,Z,0.01755522,0.05763311
7/7/7/2/5/3/5/2/7 3 3,Z,-0.5,2,SLEEP,Z,0,0
7/7/7/2/5/3/5/6/6 3 3,Z,-0.6666666666666666666666666667,2,SLEEP,Z,0.0137613,0.04452581
7/7/7/2/5/3/5/6/5 3 3,Z,-0.6666666666666666666666666667,2,SLEEP,Z,0,0
7/7/7/2/5/3/5/6/3 3 3,Z,-0.6666666666666666666666666667,2,SLEEP,Z,0,0
7/7/7/2/5/3/5/5/6 3 3,Z,-0.5,2,SLEEP,Z,0,0
7/7/7/2/5/3/5/5/5 3 3,Z,-0.5,2,SLEEP,Z,0,0
7/7/7/2/5/3/5/5/3 3 3,Z,-0.5,2,SLEEP,Z,0,0
7/7/7/2/5/3/5/3/6 3 3,Z,-0.5,2,SLEEP,Z,0.01918838,0.05398643
7/7/7/2/5/3/5/3/5 3 3,Z,-0.5,4,SLEEP,Z,0.03560467,0.1142473
7/7/7/2/5/3/5/3/3 3 3,Z,-0.5,2,SLEEP,Z,0.02520511,0.08284215
7/7/7/2/5/3/5/7/4 3 3,Z,-0.5,2,SLEEP,Z,0.05756125,0.1067871
7/7/7/2/5/3/5/7/2 3 3,Z,-0.5,2,SLEEP,Z,0.02666929,0.08599847
7/7/7/2/5/3/5/7/1 3 3,Z,-0.5,2,SLEEP,Z,0,0
7/7/7/2/5/3/3/2/7 3 3,Z,-0.5,2,SLEEP,Z,0.01288393,0.04556292
7/7/7/2/5/3/3/6/6 3 3,X,-0.75,2,SLEEP,Z,0.02044181,0.05691079
7/7/7/2/5/3/3/6/5 3 3,Z,-0.6666666666666666666666666667,2,SLEEP,Z,0.01523244,0.05865837
7/7/7/2/5/3/3/6/3 3 3,Z,-0.6666666666666666666666666667,2,SLEEP,Z,0.03307176,0.06916752
7/7/7/2/5/3/3/5/6 3 3,X,-0.75,2,SLEEP,Z,0.0338364,0.06855809
7/7/7/2/5/3/3/5/5 3 3,Z,-0.5,2,SLEEP,Z,0,0
7/7/7/2/5/3/3/5/3 3 3,Z,-0.5,2,SLEEP,Z,0.02661338,0.03552277
7/7/7/2/5/3/3/3/6 3 3,X,-0.75,4,SLEEP,Z,0.03924086,0.1378781
7/7/7/2/5/3/3/3/5 3 3,X,-0.5,6,SLEEP,Z,0.08204715,0.3576345
7/7/7/2/5/3/3/3/3 3 3,Z,-0.5,4,SLEEP,Z,0.0316598,0.1106672
7/7/7/2/5/3/3/7/4 3 3,X,-0.75,2,SLEEP,Z,0,0
7/7/7/2/5/3/3/7/2 3 3,Z,-0.5,2,SLEEP,Z,0,0
7/7/7/2/5/3/3/7/1 3 3,Z,-0.5,2,SLEEP,Z,0,0
7/7/7/2/5/3/7/2/6 3 3,Z,-0.5,2,SLEEP,Z,0,0
7/7/7/2/5/3/7/2/5 3 3,Z,-0.5,2,SLEEP,Z,0,0
7/7/7/2/5/3/7/2/3 3 3,Z,-0.5,2,SLEEP,Z,0,0
7/7/7/2/5/3/7/6/4 3 3,Z,-0.6666666666666666666666666666,2,SLEEP,Z,0.05607442,0.09565505
7/7/7/2/5/3/7/6/2 3 3,Z,-0.6666666666666666666666666666,2,SLEEP,Z,0.02243389,0.07022531
7/7/7/2/5/3/7/6/1 3 3,Z,-0.6666666666666666666666666666,2,SLEEP,Z,0.009098493,0.03325162
7/7/7/2/5/3/7/5/4 3 3,Z,-0.5,2,SLEEP,Z,0.00739093,0.0267814
7/7/7/2/5/3/7/5/2 3 3,Z,-0.5,2,SLEEP,Z,0.01643332,0.05387069
7/7/7/2/5/3/7/5/1 3 3,Z,-0.5,2,SLEEP,Z,0.01011814,0.02236685
7/7/7/2/5/3/7/3/4 3 3,Z,-0.5,6,SLEEP,Z,0.05299134,0.1804819
7/7/7/2/5/3/7/3/2 3 3,Z,-0.5,2,SLEEP,Z,0.02935903,0.09905295
7/7/7/2/5/3/7/3/1 3 3,Z,-0.5,4,SLEEP,Z,0.04539094,0.1385888
7/7/7/2/5/7/2/2/7 3 3,X,0,2,SLEEP,Z,0.03504791,0.3206328
7/7/7/2/5/7/2/6/6 3 3,X,-0.5,4,SLEEP,Z,0.05166675,0.1344981
7/7/7/2/5/7/2/6/5 3 3,Z,0.5,4,SLEEP,Z,0.07670037,0.3198982
7/7/7/2/5/7/2/6/3 3 3,X,0.5,2,SLEEP,Z,0.03210861,0.1070546
7/7/7/2/5/7/2/5/6 3 3,X,-0.5,2,SLEEP,Z,0.04095159,0.07384358
7/7/7/2/5/7/2/5/5 3 3,X,0,2,SLEEP,Z,0.009415742,0.03436413
7/7/7/2/5/7/2/5/3 3 3,X,0.5,2,SLEEP,Z,0.006001044,0.0200437
7/7/7/2/5/7/2/3/6 3 3,X,-0.5,4,SLEEP,Z,0.02840243,0.09272143
7/7/7/2/5/7/2/3/5 3 3,Z,-0.5,2,SLEEP,Z,0.01724909,0.04959901
7/7/7/2/5/7/2/3/3 3 3,X,0.5,2,SLEEP,Z,0.02233756,0.07085028
7/7/7/2/5/7/2/7/4 3 3,X,-0.5,2,SLEEP,Z,0.01902944,0.03850902
7/7/7/2/5/7/2/7/2 3 3,X,0,2,SLEEP,Z,0,0
7/7/7/2/5/7/2/7/1 3 3,X,0.5,2,SLEEP,Z,0,0
7/7/7/2/5/7/6/2/6 3 3,X,-0.1666666666666666666666666667,2,SLEEP,Z,0.0147701,0.05139916
7/7/7/2/5/7/6/2/5 3 3,X,0.5,2,SLEEP,Z,0,0
7/7/7/2/5/7/6/2/3 3 3,X,0.8333333333333333333333333333,2,SLEEP,Z,0,0
7/7/7/2/5/7/6/6/4 3 3,Z,0.5,2,SLEEP,Z,0.03052037,0.1020456
7/7/7/2/5/7/6/6/2 3 3,X,0.5,4,SLEEP,Z,0.04325541,0.1189587
7/7/7/2/5/7/6/6/1 3 3,X,0.8333333333333333333333333333,2,SLEEP,Z,0.0285129,0.06753848
7/7/7/2/5/7/6/5/4 3 3,X,-0.1666666666666666666666666667,2,SLEEP,Z,0.01882554,0.08379604
7/7/7/2/5/7/6/5/2 3 3,X,0.5,2,SLEEP,Z,0,0
7/7/7/2/5/7/6/5/1 3 3,X,0.8333333333333333333333333333,2,SLEEP,Z,0,0
7/7/7/2/5/7/6/3/4 3 3,Z,-0.5,4,SLEEP,Z,0.02166237,0.06076036
7/7/7/2/5/7/6/3/2 3 3,X,0.5,2,SLEEP,Z,0.005597387,0.02031663
7/7/7/2/5/7/6/3/1 3 3,X,0.8333333333333333333333333333,2,SLEEP,Z,0.02027299,0.06716628
7/7/7/2/5/7/5/2/6 3 3,X,-0.2222222222222222222222222222,2,SLEEP,Z,0,0
7/7/7/2/5/7/5/2/5 3 3,X,0,2,SLEEP,Z,0,0
7/7/7/2/5/7/5/2/3 3 3,X,0.2222222222222222222222222222,2,SLEEP,Z,0,0
7/7/7/2/5/7/5/6/4 3 3,Z,0.5,2,SLEEP,Z,0.01101149,0.03179462
7/7/7/2/5/7/5/6/2 3 3,Z,0.5,2,SLEEP,Z,0.01577299,0.05505204
7/7/7/2/5/7/5/6/1 3 3,Z,0.5,2,SLEEP,Z,0.01496345,0.05649052
7/7/7/2/5/7/5/5/4 3 3,X,-0.2222222222222222222222222222,2,SLEEP,Z,0,0
7/7/7/2/5/7/5/5/2 3 3,X,0,2,SLEEP,Z,0,0
7/7/7/2/5/7/5/5/1 3 3,X,0.2222222222222222222222222222,2,SLEEP,Z,0,0
7/7/7/2/5/7/5/3/4 3 3,Z,-0.5,2,SLEEP,Z,0.01591049,0.02965522
7/7/7/2/5/7/5/3/2 3 3,Z,-0.5,2,SLEEP,Z,0.01532988,0.05304462
7/7/7/2/5/7/5/3/1 3 3,Z,-0.5,2,SLEEP,Z,0.01557544,0.0548398
7/7/7/2/5/7/3/2/6 3 3,X,-0.8333333333333333333333333333,2,SLEEP,Z,0.01237702,0.04136492
7/7/7/2/5/7/3/2/5 3 3,X,-0.5,2,SLEEP,Z,0,0
7/7/7/2/5/7/3/2/3 3 3,X,0.1666666666666666666666666667,2,SLEEP,Z,0,0
7/7/7/2/5/7/3/6/4 3 3,X,-0.8333333333333333333333333333,2,SLEEP,Z,0,0
7/7/7/2/5/7/3/6/2 3 3,X,-0.5,2,SLEEP,Z,0.01343776,0.04676405
7/7/7/2/5/7/3/6/1 3 3,Z,0.5,2,SLEEP,Z,0.03048421,0.05697283
7/7/7/2/5/7/3/5/4 3 3,X,-0.8333333333333333333333333333,2,SLEEP,Z,0.01092919,0.02074159
7/7/7/2/5/7/3/5/2 3 3,X,-0.5,2,SLEEP,Z,0,0
7/7/7/2/5/7/3/5/1 3 3,X,0.1666666666666666666666666667,2,SLEEP,Z,0,0
7/7/7/2/5/7/3/3/4 3 3,X,-0.8333333333333333333333333333,2,SLEEP,Z,0.02068589,0.04255487
7/7/7/2/5/7/3/3/2 3 3,X,-0.5,2,SLEEP,Z,0.01875497,0.06305545
7/7/7/2/5/7/3/3/1 3 3,Z,-0.5,2,SLEEP,Z,0.02019764,0.07008027
7/7/7/2/5/7/7/2/4 3 3,X,-0.3333333333333333333333333333,2,SLEEP,Z,0,0
7/7/7/2/5/7/7/2/2 3 3,X,0,2,SLEEP,Z,0,0
7/7/7/2/5/7/7/2/1 3 3,X,0.3333333333333333333333333333,2,SLEEP,Z,0,0
7/7/7/2/3/2/2/7/7 3 3,X,-0.5,2,SLEEP,Z,0,0
7/7/7/2/3/2/6/6/7 3 3,X,-0.625,4,SLEEP,Z,0.06646183,0.1846634
7/7/7/2/3/2/6/5/7 3 3,X,-0.625,2,SLEEP,Z,0.02082248,0.06041229
7/7/7/2/3/2/6/3/7 3 3,X,-0.625,4,SLEEP,Z,0.04722995,0.135769
7/7/7/2/3/2/6/7/6 3 3,X,-0.75,2,SLEEP,Z,0.02237505,0.07765491
7/7/7/2/3/2/6/7/5 3 3,X,-0.625,4,SLEEP,Z,0.03359722,0.3387236
7/7/7/2/3/2/6/7/3 3 3,X,0.7,2,SLEEP,Z,0,0
7/7/7/2/3/2/5/6/7 3 3,X,-0.5,4,SLEEP,Z,0.05617024,0.139166
7/7/7/2/3/2/5/5/7 3 3,X,-0.5,2,SLEEP,Z,0.01512285,0.03930552
7/7/7/2/3/2/5/3/7 3 3,X,-0.5,2,SLEEP,Z,0.01889982,0.04996577
7/7/7/2/3/2/5/7/6 3 3,X,-0.625,4,SLEEP,Z,0.03057485,0.09771043
7/7/7/2/3/2/5/7/5 3 3,X,-0.5,2,SLEEP,Z,0,0
7/7/7/2/3/2/5/7/3 3 3,X,-0.375,2,SLEEP,Z,0,0
7/7/7/2/3/2/3/6/7 3 3,X,-0.5,4,SLEEP,Z,0.03694209,0.1071671
7/7/7/2/3/2/3/5/7 3 3,X,-0.5,2,SLEEP,Z,0.03639436,0.08863318
7/7/7/2/3/2/3/3/7 3 3,X,-0.5,4,SLEEP,Z,0.03346859,0.1010542
7/7/7/2/3/2/3/7/6 3 3,X,-0.7,2,SLEEP,Z,0.01505697,0.04747748
7/7/7/2/3/2/3/7/5 3 3,X,-0.5,2,SLEEP,Z,0.01466643,0.03329472
7/7/7/2/3/2/3/7/3 3 3,X,-0.3,2,SLEEP,Z,0.01422952,0.04865348
7/7/7/2/3/2/7/2/7 3 3,X,-0.5,2,SLEEP,Z,0.0113928,0.03790879
7/7/7/2/3/2/7/6/6 3 3,X,-0.625,2,SLEEP,Z,0.0512878,0.1389365
7/7/7/2/3/2/7/6/5 3 3,X,-0.5,2,SLEEP,Z,0.05069759,0.150621
7/7/7/2/3/2/7/6/3 3 3,Z,0.5,4,SLEEP,Z,0.0761037,0.1786784
7/7/7/2/3/2/7/5/6 3 3,X,-0.625,4,SLEEP,Z,0.1025718,0.2495029
7/7/7/2/3/2/7/5/5 3 3,X,-0.5,2,SLEEP,Z,0.02159345,0.04814736
7/7/7/2/3/2/7/5/3 3 3,X,-0.375,2,SLEEP,Z,0,0
7/7/7/2/3/2/7/3/6 3 3,X,-0.625,4,SLEEP,Z,0.03802218,0.1068009
7/7/7/2/3/2/7/3/5 3 3,X,-0.5,2,SLEEP,Z,0.02131537,0.06385604
7/7/7/2/3/2/7/3/3 3 3,Z,-0.5,4,SLEEP,Z,0.05313395,0.153821
7/7/7/2/3/2/7/7/4 3 3,X,-0.625,2,SLEEP,Z,0.02477578,0.07496015
7/7/7/2/3/2/7/7/2 3 3,X,-0.5,2,SLEEP,Z,0.01368859,0.0424387
7/7/7/2/3/2/7/7/1 3 3,X,-0.375,2,SLEEP,Z,0,0
7/7/7/2/3/6/2/6/7 3 3,X,-0.5,4,SLEEP,Z,0.04501234,0.130553
7/7/7/2/3/6/2/5/7 3 3,X,-0.5,2,SLEEP,Z,0.02562824,0.0383339
7/7/7/2/3/6/2/3/7 3 3,Z,0.6666666666666666666666666667,2,SLEEP,Z,0.01091075,0.03287126
7/7/7/2/3/6/2/7/6 3 3,X,-0.625,4,SLEEP,Z,0.03105132,0.09139908
7/7/7/2/3/6/2/7/5 3 3,X,-0.5,4,SLEEP,Z,0.04275275,0.09344144
7/7/7/2/3/6/2/7/3 3 3,Z,0.5,2,SLEEP,Z,0,0
7/7/7/2/3/6/6/2/7 3 3,X,-0.625,4,SLEEP,Z,0.02584486,0.07651643
7/7/7/2/3/6/6/6/6 3 3,X,-0.75,6,SLEEP,Z,0.07944078,0.2423444
7/7/7/2/3/6/6/6/5 3 3,X,-0.625,4,SLEEP,Z,0.04137014,0.1411598
7/7/7/2/3/6/6/6/3 3 3,X,0.75,4,SLEEP,Z,0.04185704,0.1270711
7/7/7/2/3/6/6/5/6 3 3,X,-0.75,4,SLEEP,Z,0.08835445,0.2317379
7/7/7/2/3/6/6/5/5 3 3,X,-0.625,2,SLEEP,Z,0.01726932,0.06015057
7/7/7/2/3/6/6/5/3 3 3,X,0.75,2,SLEEP,Z,0.02381331,0.07366598
7/7/7/2/3/6/6/3/6 3 3,X,-0.75,2,SLEEP,Z,0.03541944,0.08101247
7/7/7/2/3/6/6/3/5 3 3,Z,0.6666666666666666666666666667,2,SLEEP,Z,0.05841301,0.11144
7/7/7/2/3/6/6/3/3 3 3,X,0.75,2,SLEEP,Z,0.03467861,0.05178435
7/7/7/2/3/6/6/7/4 3 3,X,-0.75,4,SLEEP,Z,0.03468655,0.1095683
7/7/7/2/3/6/6/7/2 3 3,X,-0.625,2,SLEEP,Z,0.02379181,0.06666862
7/7/7/2/3/6/6/7/1 3 3,X,0.75,2,SLEEP,Z,0.02319172,0.07647805
7/7/7/2/3/6/5/2/7 3 3,X,-0.5,2,SLEEP,Z,0.05088756,0.1303813
7/7/7/2/3/6/5/6/6 3 3,X,-0.625,4,SLEEP,Z,0.07153282,0.1984839
7/7/7/2/3/6/5/6/5 3 3,X,-0.5,6,SLEEP,Z,0.06115137,0.1857799
7/7/7/2/3/6/5/6/3 3 3,Z,0.5,4,SLEEP,Z,0.05591347,0.1850877
7/7/7/2/3/6/5/5/6 3 3,X,-0.625,4,SLEEP,Z,0.02781325,0.08882435
7/7/7/2/3/6/5/5/5 3 3,X,-0.5,2,SLEEP,Z,0.02031193,0.06909651
7/7/7/2/3/6/5/5/3 3 3,Z,0.5,2,SLEEP,Z,0.0136708,0.04613182
7/7/7/2/3/6/5/3/6 3 3,Z,0.6666666666666666666666666667,2,SLEEP,Z,0.03153233,0.07089234
7/7/7/2/3/6/5/3/5 3 3,Z,0.6666666666666666666666666667,2,SLEEP,Z,0.01235918,0.03504857
7/7/7/2/3/6/5/3/3 3 3,Z,0.6666666666666666666666666667,2,SLEEP,Z,0.02237996,0.05144275
7/7/7/2/3/6/5/7/4 3 3,X,-0.625,4,SLEEP,Z,0.1237809,0.360446
7/7/7/2/3/6/5/7/2 3 3,X,-0.5,2,SLEEP,Z,0.02465093,0.0661954
7/7/7/2/3/6/5/7/1 3 3,Z,0.5,2,SLEEP,Z,0.01932792,0.06391574
7/7/7/2/3/6/3/2/7 3 3,Z,0.5,2,SLEEP,Z,0.02085708,0.06508857
7/7/7/2/3/6/3/6/6 3 3,X,-0.75,6,SLEEP,Z,0.09880951,0.2548422
7/7/7/2/3/6/3/6/5 3 3,X,-0.5,4,SLEEP,Z,0.02765239,0.07716877
7/7/7/2/3/6/3/6/3 3 3,Z,0.5,4,SLEEP,Z,0.04965645,0.1582503
7/7/7/2/3/6/3/5/6 3 3,X,-0.75,4,SLEEP,Z,0.04780868,0.1118402
7/7/7/2/3/6/3/5/5 3 3,Z,0.5,2,SLEEP,Z,0,0
7/7/7/2/3/6/3/5/3 3 3,Z,0.5,2,SLEEP,Z,0.008781428,0.03272771
7/7/7/2/3/6/3/3/6 3 3,X,-0.75,2,SLEEP,Z,0.02163547,0.06101359
7/7/7/2/3/6/3/3/5 3 3,Z,0.6666666666666666666666666667,2,SLEEP,Z,0.04338632,0.0727196
7/7/7/2/3/6/3/3/3 3 3,Z,0.6666666666666666666666666667,2,SLEEP,Z,0.0241461,0.04195061
7/7/7/2/3/6/3/7/4 3 3,X,-0.75,2,SLEEP,Z,0.01543817,0.04912809
7/7/7/2/3/6/3/7/2 3 3,Z,0.5,2,SLEEP,Z,0.02457615,0.08668909
7/7/7/2/3/6/3/7/1 3 3,Z,0.5,2,SLEEP,Z,0.01304674,0.04606002
7/7/7/2/3/6/7/2/6 3 3,X,-0.625,2,SLEEP,Z,0.02097908,0.06543484
7/7/7/2/3/6/7/2/5 3 3,X,-0.5,4,SLEEP,Z,0.05280294,0.1652289
7/7/7/2/3/6/7/2/3 3 3,Z,0.5,2,SLEEP,Z,0.01507961,0.04655138
7/7/7/2/3/6/7/6/4 3 3,X,-0.625,4,SLEEP,Z,0.07102822,0.2238461
7/7/7/2/3/6/7/6/2 3 3,X,-0.5,4,SLEEP,Z,0.07598209,0.2187489
7/7/7/2/3/6/7/6/1 3 3,Z,0.5,2,SLEEP,Z,0.01538709,0.05386174
7/7/7/2/3/6/7/5/4 3 3,X,-0.625,2,SLEEP,Z,0.02151104,0.06876603
7/7/7/2/3/6/7/5/2 3 3,X,-0.5,2,SLEEP,Z,0.05800094,0.310888
7/7/7/2/3/6/7/5/1 3 3,Z,0.5,2,SLEEP,Z,0.0124535,0.04525185
7/7/7/2/3/6/7/3/4 3 3,Z,0.6666666666666666666666666666,2,SLEEP,Z,0.02215747,0.06637368
7/7/7/2/3/6/7/3/2 3 3,Z,0.6666666666666666666666666666,2,SLEEP,Z,0.01106025,0.03709866
7/7/7/2/3/6/7/3/1 3 3,Z,0.6666666666666666666666666666,2,SLEEP,Z,0.008992653,0.03083003
7/7/7/2/3/5/2/6/7 3 3,X,-0.5,4,SLEEP,Z,0.03006171,0.1010891
7/7/7/2/3/5/2/5/7 3 3,X,-0.5,2,SLEEP,Z,0.01132006,0.03358252
7/7/7/2/3/5/2/3/7 3 3,X,-0.5,2,SLEEP,Z,0.0135685,0.0418671
7/7/7/2/3/5/2/7/6 3 3,X,-0.625,2,SLEEP,Z,0.02066011,0.05176916
7/7/7/2/3/5/2/7/5 3 3,X,-0.5,2,SLEEP,Z,0.01812257,0.05387907
7/7/7/2/3/5/2/7/3 3 3,X,0.4,2,SLEEP,Z,0,0
7/7/7/2/3/5/6/2/7 3 3,X,-0.625,4,SLEEP,Z,0.04302999,0.09178157
7/7/7/2/3/5/6/6/5 3 3,X,-0.625,2,SLEEP,Z,0.02257627,0.07584918
7/7/7/2/3/5/6/6/3 3 3,X,0.75,2,SLEEP,Z,0.01572505,0.05359943
7/7/7/2/3/5/6/5/6 3 3,X,-0.75,4,SLEEP,Z,0.02763382,0.084677
7/7/7/2/3/5/6/5/5 3 3,X,-0.625,2,SLEEP,Z,0.03237607,0.1068953
7/7/7/2/3/5/6/5/3 3 3,X,0.75,2,SLEEP,Z,0,0
7/7/7/2/3/5/6/3/6 3 3,X,-0.75,2,SLEEP,Z,0.02600505,0.09630108
7/7/7/2/3/5/6/3/5 3 3,X,-0.625,2,SLEEP,Z,0.08075701,0.3422998
7/7/7/2/3/5/6/3/3 3 3,X,0.75,2,SLEEP,Z,0.01040981,0.03179055
7/7/7/2/3/5/6/6/6 3 3,X,-0.75,4,SLEEP,Z,0.066401,0.1950461
7/7/7/2/3/5/6/7/4 3 3,X,-0.75,4,SLEEP,Z,0.0766528,0.1702386
7/7/7/2/3/5/6/7/2 3 3,X,-0.625,2,SLEEP,Z,0.03553922,0.0730645
7/7/7/2/3/5/6/7/1 3 3,X,0.75,2,SLEEP,Z,0,0
7/7/7/2/3/5/5/2/7 3 3,X,-0.5,2,SLEEP,Z,0.01409029,0.05303152
7/7/7/2/3/5/5/6/6 3 3,X,-0.625,4,SLEEP,Z,0.04899332,0.1742474
7/7/7/2/3/5/5/6/3 3 3,Z,0.5,2,SLEEP,Z,0.02466132,0.07258308
7/7/7/2/3/5/5/5/6 3 3,X,-0.625,4,SLEEP,Z,0.04797245,0.1111858
7/7/7/2/3/5/5/5/5 3 3,X,-0.5,2,SLEEP,Z,0.01568626,0.05695303
7/7/7/2/3/5/5/5/3 3 3,X,-0.375,2,SLEEP,Z,0,0
7/7/7/2/3/5/5/3/6 3 3,X,-0.625,2,SLEEP,Z,0.02672396,0.06724676
7/7/7/2/3/5/5/3/5 3 3,X,-0.5,2,SLEEP,Z,0.0276402,0.07293034
7/7/7/2/3/5/5/3/3 3 3,Z,-0.5,2,SLEEP,Z,0,0
7/7/7/2/3/5/5/7/4 3 3,X,-0.625,4,SLEEP,Z,0.1111262,0.4002838
7/7/7/2/3/5/5/7/2 3 3,X,-0.5,2,SLEEP,Z,0,0
7/7/7/2/3/5/5/7/1 3 3,X,-0.375,2,SLEEP,Z,0.008346246,0.01018209
7/7/7/2/3/5/3/2/7 3 3,X,-0.5,2,SLEEP,Z,0,0
7/7/7/2/3/5/3/6/6 3 3,X,-0.75,2,SLEEP,Z,0.01878626,0.0664623
7/7/7/2/3/5/3/6/5 3 3,X,-0.5,2,SLEEP,Z,0.01554841,0.05567084
7/7/7/2/3/5/3/6/3 3 3,Z,0.5,2,SLEEP,Z,0.02226223,0.07477939
7/7/7/2/3/5/3/5/6 3 3,X,-0.75,2,SLEEP,Z,0.06446665,0.1065263
7/7/7/2/3/5/3/5/5 3 3,X,-0.5,2,SLEEP,Z,0.05855694,0.1487937
7/7/7/2/3/5/3/5/3 3 3,X,-0.25,2,SLEEP,Z,0.02124131,0.06885066
7/7/7/2/3/5/3/3/6 3 3,X,-0.75,2,SLEEP,Z,0.04325656,0.08361727
7/7/7/2/3/5/3/3/5 3 3,X,-0.5,2,SLEEP,Z,0.05164037,0.1369364
7/7/7/2/3/5/3/3/3 3 3,Z,-0.5,2,SLEEP,Z,0.01789684,0.05939932
7/7/7/2/3/5/3/7/4 3 3,X,-0.75,2,SLEEP,Z,0,0
7/7/7/2/3/5/3/7/2 3 3,X,-0.5,2,SLEEP,Z,0,0
7/7/7/2/3/5/3/7/1 3 3,X,-0.25,2,SLEEP,Z,0.005151411,0.02491687
7/7/7/2/3/5/7/2/6 3 3,X,-0.625,2,SLEEP,Z,0,0
7/7/7/2/3/5/7/2/5 3 3,X,-0.5,2,SLEEP,Z,0.009954945,0.03451742
7/7/7/2/3/5/7/2/3 3 3,X,-0.375,2,SLEEP,Z,0.007374893,0.02659524
7/7/7/2/3/5/7/6/4 3 3,X,-0.625,2,SLEEP,Z,0.0188237,0.06275682
7/7/7/2/3/5/7/6/2 3 3,X,-0.5,2,SLEEP,Z,0.02458381,0.08457404
7/7/7/2/3/5/5/6/5 3 3,X,-0.5,4,SLEEP,Z,0.03253857,0.1004976
7/7/7/2/3/5/7/6/1 3 3,Z,0.5,2,SLEEP,Z,0,0
7/7/7/2/3/5/7/5/4 3 3,X,-0.625,2,SLEEP,Z,0.01063053,0.04100905
7/7/7/2/3/5/7/5/2 3 3,X,-0.5,2,SLEEP,Z,0.007286138,0.02500445
7/7/7/2/3/5/7/5/1 3 3,X,-0.375,2,SLEEP,Z,0.006841732,0.02652549
7/7/7/2/3/5/7/3/4 3 3,X,-0.625,6,SLEEP,Z,0.07363138,0.2304878
7/7/7/2/3/5/7/3/2 3 3,X,-0.5,2,SLEEP,Z,0.01634141,0.05364709
7/7/7/2/3/5/7/3/1 3 3,Z,-0.5,2,SLEEP,Z,0.03549166,0.1230416
7/7/7/2/3/3/2/6/7 3 3,Z,-0.6666666666666666666666666667,4,SLEEP,Z,0.04333507,0.09675264
7/7/7/2/3/3/2/5/7 3 3,X,-0.5,2,SLEEP,Z,0.01453451,0.04351962
7/7/7/2/3/3/2/3/7 3 3,X,-0.5,4,SLEEP,Z,0.02425759,0.06982675
7/7/7/2/3/3/2/7/6 3 3,X,-0.625,2,SLEEP,Z,0.02297522,0.06865266
7/7/7/2/3/3/2/7/5 3 3,X,-0.5,2,SLEEP,Z,0.0168446,0.05071986
7/7/7/2/3/3/2/7/3 3 3,Z,-0.5,2,SLEEP,Z,0.01645491,0.04993388
7/7/7/2/3/3/6/2/7 3 3,X,-0.625,2,SLEEP,Z,0.028003,0.06501263
7/7/7/2/3/3/6/6/6 3 3,X,-0.75,6,SLEEP,Z,0.1451512,0.2841787
7/7/7/2/3/3/6/6/5 3 3,Z,-0.6666666666666666666666666667,6,SLEEP,Z,0.08128268,0.1540527
7/7/7/2/3/3/6/6/3 3 3,X,0.75,2,SLEEP,Z,0.02802271,0.07798348
7/7/7/2/3/3/6/5/6 3 3,X,-0.75,4,SLEEP,Z,0.04248828,0.1382007
7/7/7/2/3/3/6/5/5 3 3,X,-0.625,2,SLEEP,Z,0.01541717,0.04828458
7/7/7/2/3/3/6/5/3 3 3,X,0.75,2,SLEEP,Z,0,0
7/7/7/2/3/3/6/3/6 3 3,X,-0.75,4,SLEEP,Z,0.05817503,0.1887527
7/7/7/2/3/3/6/3/5 3 3,X,-0.625,4,SLEEP,Z,0.02523762,0.08392076
7/7/7/2/3/3/6/3/3 3 3,X,0.75,2,SLEEP,Z,0.01934266,0.05742564
7/7/7/2/3/3/6/7/4 3 3,X,-0.75,4,SLEEP,Z,0.06035089,0.1601589
7/7/7/2/3/3/6/7/2 3 3,X,-0.625,2,SLEEP,Z,0.02698112,0.07812525
7/7/7/2/3/3/6/7/1 3 3,X,0.75,2,SLEEP,Z,0,0
7/7/7/2/3/3/5/2/7 3 3,X,-0.5,2,SLEEP,Z,0.05858937,0.04841635
7/7/7/2/3/3/5/6/6 3 3,Z,-0.6666666666666666666666666667,10,SLEEP,Z,0.03752733,0.09182572
7/7/7/2/3/3/5/6/5 3 3,Z,-0.6666666666666666666666666667,2,SLEEP,Z,0,0
7/7/7/2/3/3/5/6/3 3 3,Z,-0.6666666666666666666666666667,2,SLEEP,Z,0.01197927,0.03658955
7/7/7/2/3/3/5/5/6 3 3,X,-0.625,4,SLEEP,Z,0.08254597,0.1654533
7/7/7/2/3/3/5/5/5 3 3,X,-0.5,2,SLEEP,Z,0,0
7/7/7/2/3/3/5/5/3 3 3,Z,-0.5,2,SLEEP,Z,0,0
7/7/7/2/3/3/5/3/6 3 3,X,-0.625,4,SLEEP,Z,0.04280931,0.09628232
7/7/7/2/3/3/5/3/5 3 3,X,-0.5,4,SLEEP,Z,0.04364805,0.142783
7/7/7/2/3/3/5/3/3 3 3,Z,-0.5,4,SLEEP,Z,0.04293027,0.125766
7/7/7/2/3/3/5/7/4 3 3,X,-0.625,2,SLEEP,Z,0.0193249,0.06300572
7/7/7/2/3/3/5/7/2 3 3,X,-0.5,2,SLEEP,Z,0.015047,0.04759476
7/7/7/2/3/3/5/7/1 3 3,Z,-0.5,2,SLEEP,Z,0.0216724,0.05837361
7/7/7/2/3/3/3/2/7 3 3,Z,-0.5,2,SLEEP,Z,0,0
7/7/7/2/3/3/3/6/6 3 3,X,-0.75,2,SLEEP,Z,0.0171447,0.05396351
7/7/7/2/3/3/3/6/5 3 3,Z,-0.6666666666666666666666666667,2,SLEEP,Z,0.05989543,0.0835478
7/7/7/2/3/3/3/6/3 3 3,Z,-0.6666666666666666666666666667,2,SLEEP,Z,0.01525902,0.04536657
7/7/7/2/3/3/3/5/6 3 3,X,-0.75,2,SLEEP,Z,0.08699381,0.1119503
7/7/7/2/3/3/3/5/5 3 3,Z,-0.5,2,SLEEP,Z,0.02372711,0.05720657
7/7/7/2/3/3/3/5/3 3 3,Z,-0.5,2,SLEEP,Z,0.01360689,0.04613738
7/7/7/2/3/3/3/3/6 3 3,X,-0.75,6,SLEEP,Z,0.1007641,0.2390439
7/7/7/2/3/3/3/3/5 3 3,X,-0.5,4,SLEEP,Z,0.04109446,0.1352406
7/7/7/2/3/3/3/3/3 3 3,Z,-0.5,4,SLEEP,Z,0.06213518,0.1783802
7/7/7/2/3/3/3/7/4 3 3,X,-0.75,2,SLEEP,Z,0,0
7/7/7/2/3/3/3/7/2 3 3,Z,-0.5,2,SLEEP,Z,0,0
7/7/7/2/3/3/3/7/1 3 3,Z,-0.5,2,SLEEP,Z,0.02065533,0.06465134
7/7/7/2/3/3/7/2/6 3 3,X,-0.625,2,SLEEP,Z,0.01500455,0.04556867
7/7/7/2/3/3/7/2/5 3 3,X,-0.5,2,SLEEP,Z,0,0
7/7/7/2/3/3/7/2/3 3 3,Z,-0.5,2,SLEEP,Z,0.01310246,0.03061888
7/7/7/2/3/3/7/6/4 3 3,Z,-0.6666666666666666666666666666,4,SLEEP,Z,0.0350869,0.1026264
7/7/7/2/3/3/7/6/2 3 3,Z,-0.6666666666666666666666666666,2,SLEEP,Z,0.02436515,0.07277139
7/7/7/2/3/3/7/6/1 3 3,Z,-0.6666666666666666666666666666,2,SLEEP,Z,0.01205867,0.03473742
7/7/7/2/3/3/7/5/4 3 3,X,-0.625,2,SLEEP,Z,0.02296262,0.0804096
7/7/7/2/3/3/7/5/2 3 3,X,-0.5,2,SLEEP,Z,0.005998679,0.022153
7/7/7/2/3/3/7/5/1 3 3,Z,-0.5,2,SLEEP,Z,0.01848117,0.05946662
7/7/7/2/3/3/7/3/4 3 3,X,-0.625,4,SLEEP,Z,0.05734906,0.1725569
7/7/7/2/3/3/7/3/2 3 3,X,-0.5,4,SLEEP,Z,0.02653084,0.09174818
7/7/7/2/3/3/7/3/1 3 3,Z,-0.5,2,SLEEP,Z,0.02627689,0.08029597
7/7/7/2/3/7/2/2/7 3 3,X,-0.5,2,SLEEP,Z,0.01767105,0.03782358
7/7/7/2/3/7/2/6/6 3 3,X,-0.625,2,SLEEP,Z,0.03323592,0.1049012
7/7/7/2/3/7/2/6/5 3 3,X,-0.5,4,SLEEP,Z,0.09187384,0.3516303
7/7/7/2/3/7/2/6/3 3 3,X,0.5,4,SLEEP,Z,0.02875393,0.09030017
7/7/7/2/3/7/2/5/6 3 3,X,-0.625,4,SLEEP,Z,0.02983783,0.06693003
7/7/7/2/3/7/2/5/5 3 3,X,-0.5,2,SLEEP,Z,0,0
7/7/7/2/3/7/2/5/3 3 3,X,0.5,2,SLEEP,Z,0,0
7/7/7/2/3/7/2/3/6 3 3,X,-0.625,2,SLEEP,Z,0.01998821,0.06348301
7/7/7/2/3/7/2/3/5 3 3,X,-0.5,2,SLEEP,Z,0.08077921,0.1780575
7/7/7/2/3/7/2/3/3 3 3,X,0.5,4,SLEEP,Z,0.08669847,0.3248072
7/7/7/2/3/7/2/7/4 3 3,X,-0.625,4,SLEEP,Z,0.04267903,0.09299468
7/7/7/2/3/7/2/7/2 3 3,X,-0.5,2,SLEEP,Z,0,0
7/7/7/2/3/7/2/7/1 3 3,X,0.5,2,SLEEP,Z,0.01508199,0.05042315
7/7/7/2/3/7/6/2/6 3 3,X,-0.75,4,SLEEP,Z,0.01785211,0.06122115
7/7/7/2/3/7/6/2/5 3 3,X,-0.625,2,SLEEP,Z,0.0216951,0.06542722
7/7/7/2/3/7/6/2/3 3 3,X,0.8333333333333333333333333333,2,SLEEP,Z,0.02554281,0.04263934
7/7/7/2/3/7/6/6/4 3 3,X,-0.75,2,SLEEP,Z,0.0258773,0.09208173
7/7/7/2/3/7/6/6/2 3 3,X,-0.625,2,SLEEP,Z,0.02991952,0.1003217
7/7/7/2/3/7/6/6/1 3 3,X,0.8333333333333333333333333333,4,SLEEP,Z,0.02598229,0.08448766
7/7/7/2/3/7/6/5/4 3 3,X,-0.75,6,SLEEP,Z,0.1460512,0.376725
7/7/7/2/3/7/6/5/2 3 3,X,-0.625,2,SLEEP,Z,0,0
7/7/7/2/3/7/6/5/1 3 3,X,0.8333333333333333333333333333,2,SLEEP,Z,0,0
7/7/7/2/3/7/6/3/4 3 3,X,-0.75,2,SLEEP,Z,0.02558708,0.08690414
7/7/7/2/3/7/6/3/2 3 3,X,-0.625,4,SLEEP,Z,0.03049793,0.100515
7/7/7/2/3/7/6/3/1 3 3,X,0.8333333333333333333333333333,2,SLEEP,Z,0,0
7/7/7/2/3/7/5/2/6 3 3,X,-0.625,4,SLEEP,Z,0.03931938,0.1010833
7/7/7/2/3/7/5/2/5 3 3,X,-0.5,2,SLEEP,Z,0.01050594,0.03832416
7/7/7/2/3/7/5/2/3 3 3,X,-0.375,2,SLEEP,Z,0,0
7/7/7/2/3/7/5/6/4 3 3,X,-0.625,4,SLEEP,Z,0.04867014,0.113861
7/7/7/2/3/7/5/6/2 3 3,X,-0.5,2,SLEEP,Z,0,0
7/7/7/2/3/7/5/6/1 3 3,Z,0.5,2,SLEEP,Z,0.0203184,0.06929445
7/7/7/2/3/7/5/5/4 3 3,X,-0.625,2,SLEEP,Z,0.05160988,0.1279354
7/7/7/2/3/7/5/5/2 3 3,X,-0.5,2,SLEEP,Z,0,0
7/7/7/2/3/7/5/5/1 3 3,X,-0.375,2,SLEEP,Z,0,0
7/7/7/2/3/7/5/3/4 3 3,X,-0.625,2,SLEEP,Z,0.02997655,0.09900764
7/7/7/2/3/7/5/3/2 3 3,X,-0.5,2,SLEEP,Z,0.07893386,0.309162
7/7/7/2/3/7/5/3/1 3 3,Z,-0.5,2,SLEEP,Z,0.02028449,0.07930487
7/7/7/2/3/7/3/2/6 3 3,X,-0.8333333333333333333333333333,2,SLEEP,Z,0.01481255,0.0461643
7/7/7/2/3/7/3/2/5 3 3,X,-0.5,2,SLEEP,Z,0.005149516,0.01551835
7/7/7/2/3/7/3/2/3 3 3,X,-0.25,2,SLEEP,Z,0,0
7/7/7/2/3/7/3/6/4 3 3,X,-0.8333333333333333333333333333,2,SLEEP,Z,0.02063066,0.07528336
7/7/7/2/3/7/3/6/2 3 3,X,-0.5,2,SLEEP,Z,0.0240034,0.07696292
7/7/7/2/3/7/3/6/1 3 3,Z,0.5,4,SLEEP,Z,0.06836,0.3115479
7/7/7/2/3/7/3/5/4 3 3,X,-0.8333333333333333333333333333,2,SLEEP,Z,0.1449373,0.3907459
7/7/7/2/3/7/3/5/2 3 3,X,-0.5,2,SLEEP,Z,0.01096156,0.0382636
7/7/7/2/3/7/3/5/1 3 3,X,-0.25,2,SLEEP,Z,0,0
7/7/7/2/3/7/3/3/4 3 3,X,-0.8333333333333333333333333333,2,SLEEP,Z,0.01630386,0.04762278
7/7/7/2/3/7/3/3/2 3 3,X,-0.5,2,SLEEP,Z,0,0
7/7/7/2/3/7/3/3/1 3 3,Z,-0.5,2,SLEEP,Z,0.02461334,0.0818675
7/7/7/2/3/7/7/2/4 3 3,X,-0.625,2,SLEEP,Z,0.01466298,0.05169875
7/7/7/2/3/7/7/2/2 3 3,X,-0.5,2,SLEEP,Z,0,0
7/7/7/2/3/7/7/2/1 3 3,X,-0.375,2,SLEEP,Z,0,0
7/7/7/2/7/2/2/6/7 3 3,Z,0.5,4,SLEEP,Z,0.03829399,0.1161603
7/7/7/2/7/2/2/5/7 3 3,X,0,2,SLEEP,Z,0,0
7/7/7/2/7/2/2/3/7 3 3,Z,-0.5,2,SLEEP,Z,0.02389757,0.06555318
7/7/7/2/7/2/2/7/6 3 3,X,-0.4,2,SLEEP,Z,0.01438788,0.04090679
7/7/7/2/7/2/2/7/5 3 3,X,0,2,SLEEP,Z,0.01495843,0.02542941
7/7/7/2/7/2/2/7/3 3 3,X,0.4,2,SLEEP,Z,0.02115425,0.05710303
7/7/7/2/7/2/6/2/7 3 3,X,0.5,2,SLEEP,Z,0,0
7/7/7/2/7/2/6/6/6 3 3,Z,0.5,4,SLEEP,Z,0.02903745,0.0766425
7/7/7/2/7/2/6/6/5 3 3,X,0.5,2,SLEEP,Z,0.03425129,0.09923118
7/7/7/2/7/2/6/6/3 3 3,X,0.75,2,SLEEP,Z,0.04653246,0.0799945
7/7/7/2/7/2/6/5/6 3 3,X,0.25,2,SLEEP,Z,0.00721524,0.03502657
7/7/7/2/7/2/6/5/5 3 3,X,0.5,2,SLEEP,Z,0,0
7/7/7/2/7/2/6/5/3 3 3,X,0.75,2,SLEEP,Z,0,0
7/7/7/2/7/2/6/3/6 3 3,Z,-0.5,2,SLEEP,Z,0.02226654,0.06528191
7/7/7/2/7/2/6/3/5 3 3,X,0.5,2,SLEEP,Z,0.03308012,0.08967239
7/7/7/2/7/2/6/3/3 3 3,X,0.75,2,SLEEP,Z,0.02059105,0.06307554
7/7/7/2/7/2/6/7/4 3 3,X,0.25,2,SLEEP,Z,0,0
7/7/7/2/7/2/6/7/2 3 3,X,0.5,2,SLEEP,Z,0,0
7/7/7/2/7/2/6/7/1 3 3,X,0.75,2,SLEEP,Z,0,0
7/7/7/2/7/2/5/2/7 3 3,X,0,2,SLEEP,Z,0,0
7/7/7/2/7/2/5/6/6 3 3,Z,0.5,2,SLEEP,Z,0.01497395,0.07217908
7/7/7/2/7/2/5/6/5 3 3,Z,0.5,4,SLEEP,Z,0.04904046,0.1259187
7/7/7/2/7/2/5/6/3 3 3,Z,0.5,2,SLEEP,Z,0.03500065,0.09566882
7/7/7/2/7/2/5/5/6 3 3,X,-0.1666666666666666666666666667,2,SLEEP,Z,0,0
7/7/7/2/7/2/5/5/5 3 3,X,0,2,SLEEP,Z,0,0
7/7/7/2/7/2/5/5/3 3 3,X,0.1666666666666666666666666667,2,SLEEP,Z,0,0
7/7/7/2/7/2/5/3/6 3 3,Z,-0.5,2,SLEEP,Z,0.02076132,0.06160852
7/7/7/2/7/2/5/3/5 3 3,Z,-0.5,2,SLEEP,Z,0.03869938,0.0815023
7/7/7/2/7/2/5/3/3 3 3,Z,-0.5,4,SLEEP,Z,0.05991596,0.1474912
7/7/7/2/7/2/5/7/4 3 3,X,-0.1666666666666666666666666667,2,SLEEP,Z,0,0
7/7/7/2/7/2/5/7/2 3 3,X,0,2,SLEEP,Z,0,0
7/7/7/2/7/2/5/7/1 3 3,X,0.1666666666666666666666666667,2,SLEEP,Z,0,0
7/7/7/2/7/2/3/2/7 3 3,X,-0.5,2,SLEEP,Z,0.01289115,0.03248587
7/7/7/2/7/2/3/6/6 3 3,X,-0.75,2,SLEEP,Z,0.03611253,0.1067927
7/7/7/2/7/2/3/6/5 3 3,X,-0.5,4,SLEEP,Z,0.1050023,0.1934184
7/7/7/2/7/2/3/6/3 3 3,Z,0.5,4,SLEEP,Z,0.04270176,0.1254985
7/7/7/2/7/2/3/5/6 3 3,X,-0.75,2,SLEEP,Z,0.05372769,0.04256452
7/7/7/2/7/2/3/5/5 3 3,X,-0.5,2,SLEEP,Z,0,0
7/7/7/2/7/2/3/5/3 3 3,X,-0.25,2,SLEEP,Z,0.007278947,0.02647026
7/7/7/2/7/2/3/3/6 3 3,X,-0.75,2,SLEEP,Z,0.0280409,0.07534101
7/7/7/2/7/2/3/3/5 3 3,X,-0.5,4,SLEEP,Z,0.05737887,0.1498546
7/7/7/2/7/2/3/3/3 3 3,Z,-0.5,4,SLEEP,Z,0.05337839,0.1620792
7/7/7/2/7/2/3/7/4 3 3,X,-0.75,2,SLEEP,Z,0.1326336,0.3808696
7/7/7/2/7/2/3/7/2 3 3,X,-0.5,2,SLEEP,Z,0.06836615,0.1617629
7/7/7/2/7/2/3/7/1 3 3,X,-0.25,2,SLEEP,Z,0,0
7/7/7/2/7/2/7/2/6 3 3,X,-0.2222222222222222222222222222,2,SLEEP,Z,0,0
7/7/7/2/7/2/7/2/5 3 3,X,0,2,SLEEP,Z,0,0
7/7/7/2/7/2/7/2/3 3 3,X,0.2222222222222222222222222222,2,SLEEP,Z,0.005159155,0.0197657
7/7/7/2/7/2/7/6/4 3 3,Z,0.5,2,SLEEP,Z,0.04844328,0.1361936
7/7/7/2/7/2/7/6/2 3 3,Z,0.5,2,SLEEP,Z,0.0109769,0.03169772
7/7/7/2/7/2/7/6/1 3 3,Z,0.5,2,SLEEP,Z,0.05071456,0.1261196
7/7/7/2/7/2/7/5/4 3 3,X,-0.2222222222222222222222222222,2,SLEEP,Z,0,0
7/7/7/2/7/2/7/5/2 3 3,X,0,2,SLEEP,Z,0,0
7/7/7/2/7/2/7/5/1 3 3,X,0.2222222222222222222222222222,2,SLEEP,Z,0,0
7/7/7/2/7/2/7/3/4 3 3,Z,-0.5,2,SLEEP,Z,0.02489266,0.07698134
7/7/7/2/7/2/7/3/2 3 3,Z,-0.5,2,SLEEP,Z,0.0442971,0.1130896
7/7/7/2/7/2/7/3/1 3 3,Z,-0.5,2,SLEEP,Z,0.01648112,0.05106291
7/7/7/2/7/6/2/2/7 3 3,Z,0.5,2,SLEEP,Z,0.05085154,0.03480958
7/7/7/2/7/6/2/6/6 3 3,X,-0.5,4,SLEEP,Z,0.05164754,0.1067114
7/7/7/2/7/6/2/6/5 3 3,Z,0.5,2,SLEEP,Z,0.01950976,0.06565905
7/7/7/2/7/6/2/6/3 3 3,X,0.5,2,SLEEP,Z,0.02507169,0.07432576
7/7/7/2/7/6/2/5/6 3 3,Z,0.5,2,SLEEP,Z,0.01294358,0.03516199
7/7/7/2/7/6/2/5/5 3 3,Z,0.5,2,SLEEP,Z,0.02044631,0.06909563
7/7/7/2/7/6/2/5/3 3 3,Z,0.5,2,SLEEP,Z,0.02493512,0.06016883
7/7/7/2/7/6/2/3/6 3 3,Z,0.7,2,SLEEP,Z,0,0
7/7/7/2/7/6/2/3/5 3 3,Z,0.7,2,SLEEP,Z,0,0
7/7/7/2/7/6/2/3/3 3 3,Z,0.7,2,SLEEP,Z,0.01287972,0.03520592
7/7/7/2/7/6/2/7/4 3 3,Z,0.5,2,SLEEP,Z,0.04383899,0.08664376
7/7/7/2/7/6/2/7/2 3 3,Z,0.5,4,SLEEP,Z,0.03935673,0.3082514
7/7/7/2/7/6/2/7/1 3 3,Z,0.5,2,SLEEP,Z,0.01793573,0.05277935
7/7/7/2/7/6/6/2/6 3 3,Z,0.5,2,SLEEP,Z,0.03606295,0.111604
7/7/7/2/7/6/6/2/5 3 3,Z,0.5,4,SLEEP,Z,0.04830899,0.1281161
7/7/7/2/7/6/6/2/3 3 3,X,0.8333333333333333333333333333,2,SLEEP,Z,0.02170223,0.05035352
7/7/7/2/7/6/6/6/4 3 3,Z,0.5,6,SLEEP,Z,0.0837001,0.2248743
7/7/7/2/7/6/6/6/2 3 3,X,0.5,2,SLEEP,Z,0.03020775,0.1034761
7/7/7/2/7/6/6/6/1 3 3,X,0.8333333333333333333333333333,4,SLEEP,Z,0.071647,0.1780309
7/7/7/2/7/6/6/5/4 3 3,Z,0.5,2,SLEEP,Z,0.01509237,0.05265227
7/7/7/2/7/6/6/5/2 3 3,Z,0.5,2,SLEEP,Z,0.0355061,0.09905444
7/7/7/2/7/6/6/5/1 3 3,X,0.8333333333333333333333333333,2,SLEEP,Z,0.01442488,0.01703913
7/7/7/2/7/6/6/3/4 3 3,Z,0.7,2,SLEEP,Z,0.03922531,0.114442
7/7/7/2/7/6/6/3/2 3 3,Z,0.7,2,SLEEP,Z,0.03906608,0.05496996
7/7/7/2/7/6/6/3/1 3 3,X,0.8333333333333333333333333333,2,SLEEP,Z,0,0
7/7/7/2/7/6/5/2/6 3 3,Z,0.5,2,SLEEP,Z,0.03418048,0.08803142
7/7/7/2/7/6/5/2/5 3 3,Z,0.5,2,SLEEP,Z,0.0152363,0.03591471
7/7/7/2/7/6/5/2/3 3 3,Z,0.5,2,SLEEP,Z,0.02571136,0.07642143
7/7/7/2/7/6/5/6/4 3 3,Z,0.5,4,SLEEP,Z,0.05220388,0.1754054
7/7/7/2/7/6/5/6/2 3 3,Z,0.5,2,SLEEP,Z,0.01914877,0.06887884
7/7/7/2/7/6/5/6/1 3 3,Z,0.5,4,SLEEP,Z,0.04971689,0.1644258
7/7/7/2/7/6/5/5/4 3 3,Z,0.5,2,SLEEP,Z,0.01614931,0.07034741
7/7/7/2/7/6/5/5/2 3 3,Z,0.5,2,SLEEP,Z,0.01244365,0.04190771
7/7/7/2/7/6/5/5/1 3 3,Z,0.5,2,SLEEP,Z,0.03231511,0.05929359
7/7/7/2/7/6/5/3/4 3 3,Z,0.7,2,SLEEP,Z,0.01072589,0.02621697
7/7/7/2/7/6/5/3/2 3 3,Z,0.7,2,SLEEP,Z,0.01376587,0.02608177
7/7/7/2/7/6/5/3/1 3 3,Z,0.7,2,SLEEP,Z,0.01486892,0.051939
7/7/7/2/7/6/3/2/6 3 3,X,-0.8333333333333333333333333333,2,SLEEP,Z,0.01740844,0.05552227
7/7/7/2/7/6/3/2/5 3 3,Z,0.5,2,SLEEP,Z,0.04955239,0.3601836
7/7/7/2/7/6/3/2/3 3 3,Z,0.5,2,SLEEP,Z,0.04230525,0.1721095
7/7/7/2/7/6/3/6/4 3 3,X,-0.8333333333333333333333333333,2,SLEEP,Z,0.03038036,0.09963925
7/7/7/2/7/6/3/6/2 3 3,X,-0.5,4,SLEEP,Z,0.05302591,0.1829621
7/7/7/2/7/6/3/6/1 3 3,Z,0.5,4,SLEEP,Z,0.08629755,0.2448198
7/7/7/2/7/6/3/5/4 3 3,X,-0.8333333333333333333333333333,2,SLEEP,Z,0.02133721,0.04488838
7/7/7/2/7/6/3/5/2 3 3,Z,0.5,2,SLEEP,Z,0.01495343,0.05101807
7/7/7/2/7/6/3/5/1 3 3,Z,0.5,2,SLEEP,Z,0.0208548,0.07202135
7/7/7/2/7/6/3/3/4 3 3,X,-0.8333333333333333333333333333,2,SLEEP,Z,0.02087689,0.04842679
7/7/7/2/7/6/3/3/2 3 3,Z,0.7,2,SLEEP,Z,0.01087897,0.03650072
7/7/7/2/7/6/3/3/1 3 3,Z,0.7,2,SLEEP,Z,0.01083403,0.04025991
7/7/7/2/7/6/7/2/4 3 3,Z,0.5,2,SLEEP,Z,0.01891785,0.0620036
7/7/7/2/7/6/7/2/2 3 3,Z,0.5,2,SLEEP,Z,0.02158365,0.06616192
7/7/7/2/7/6/7/2/1 3 3,Z,0.5,2,SLEEP,Z,0.00410306,0.01440192
7/7/7/2/7/5/2/2/7 3 3,X,0,2,SLEEP,Z,0,0
7/7/7/2/7/5/2/6/6 3 3,X,-0.5,2,SLEEP,Z,0.02208769,0.04672076
7/7/7/2/7/5/2/6/5 3 3,Z,0.5,2,SLEEP,Z,0.03131583,0.05001416
7/7/7/2/7/5/2/6/3 3 3,X,0.5,2,SLEEP,Z,0.04042295,0.08270829
7/7/7/2/7/5/2/5/6 3 3,X,-0.5,2,SLEEP,Z,0.1056168,0.3622448
7/7/7/2/7/5/2/5/5 3 3,X,0,2,SLEEP,Z,0,0
7/7/7/2/7/5/2/5/3 3 3,X,0.5,2,SLEEP,Z,0.008933624,0.0273497
7/7/7/2/7/5/2/3/6 3 3,X,-0.5,2,SLEEP,Z,0.02771547,0.0634196
7/7/7/2/7/5/2/3/5 3 3,Z,-0.5,2,SLEEP,Z,0.01877957,0.06229344
7/7/7/2/7/5/2/3/3 3 3,X,0.5,2,SLEEP,Z,0.0210025,0.06722244
7/7/7/2/7/5/2/7/4 3 3,X,-0.5,2,SLEEP,Z,0.01535024,0.02033651
7/7/7/2/7/5/2/7/2 3 3,X,0,2,SLEEP,Z,0,0
7/7/7/2/7/5/2/7/1 3 3,X,0.5,2,SLEEP,Z,0.009879305,0.03704736
7/7/7/2/7/5/6/2/6 3 3,X,-0.1904761904761904761904761905,2,SLEEP,Z,0,0
7/7/7/2/7/5/6/2/5 3 3,X,0.5,2,SLEEP,Z,0,0
7/7/7/2/7/5/6/2/3 3 3,X,0.8333333333333333333333333333,2,SLEEP,Z,0,0
7/7/7/2/7/5/6/6/4 3 3,Z,0.5,2,SLEEP,Z,0.0144705,0.05343213
7/7/7/2/7/5/6/6/2 3 3,X,0.5,2,SLEEP,Z,0.0380988,0.1222768
7/7/7/2/7/5/6/6/1 3 3,X,0.8333333333333333333333333333,2,SLEEP,Z,0.01785354,0.04155811
7/7/7/2/7/5/6/5/4 3 3,X,-0.1904761904761904761904761905,2,SLEEP,Z,0.01286541,0.04122867
7/7/7/2/7/5/6/5/2 3 3,X,0.5,2,SLEEP,Z,0.01076328,0.02987414
7/7/7/2/7/5/6/5/1 3 3,X,0.8333333333333333333333333333,2,SLEEP,Z,0,0
7/7/7/2/7/5/6/3/4 3 3,Z,-0.5,2,SLEEP,Z,0.02256142,0.07077488
7/7/7/2/7/5/6/3/2 3 3,X,0.5,4,SLEEP,Z,0.01997308,0.06579178
7/7/7/2/7/5/6/3/1 3 3,X,0.8333333333333333333333333333,2,SLEEP,Z,0.00591491,0.01771154
7/7/7/2/7/5/5/2/6 3 3,X,-0.2222222222222222222222222222,2,SLEEP,Z,0.06729903,0.333374
7/7/7/2/7/5/5/2/5 3 3,X,0,2,SLEEP,Z,0.01726446,0.08314027
7/7/7/2/7/5/5/2/3 3 3,X,0.2222222222222222222222222222,2,SLEEP,Z,0.0092993,0.03733387
7/7/7/2/7/5/5/6/4 3 3,Z,0.5,2,SLEEP,Z,0.04155955,0.1173659
7/7/7/2/7/5/5/6/2 3 3,Z,0.5,2,SLEEP,Z,0.05281236,0.1474933
7/7/7/2/7/5/5/6/1 3 3,Z,0.5,2,SLEEP,Z,0.01101683,0.04121434
7/7/7/2/7/5/5/5/4 3 3,X,-0.2222222222222222222222222222,2,SLEEP,Z,0.01772403,0.04654807
7/7/7/2/7/5/5/5/2 3 3,X,0,2,SLEEP,Z,0,0
7/7/7/2/7/5/5/5/1 3 3,X,0.2222222222222222222222222222,2,SLEEP,Z,0,0
7/7/7/2/7/5/5/3/4 3 3,Z,-0.5,2,SLEEP,Z,0.01602422,0.05834864
7/7/7/2/7/5/5/3/2 3 3,Z,-0.5,2,SLEEP,Z,0.02356594,0.07416349
7/7/7/2/7/5/5/3/1 3 3,Z,-0.5,2,SLEEP,Z,0.0103857,0.03782934
7/7/7/2/7/5/3/2/6 3 3,X,-0.8333333333333333333333333333,2,SLEEP,Z,0,0
7/7/7/2/7/5/3/2/5 3 3,X,-0.5,2,SLEEP,Z,0,0
7/7/7/2/7/5/3/2/3 3 3,X,0.1904761904761904761904761905,2,SLEEP,Z,0,0
7/7/7/2/7/5/3/6/4 3 3,X,-0.8333333333333333333333333333,2,SLEEP,Z,0.0134559,0.04677726
7/7/7/2/7/5/3/6/2 3 3,X,-0.5,2,SLEEP,Z,0.01919837,0.06883635
7/7/7/2/7/5/3/6/1 3 3,Z,0.5,2,SLEEP,Z,0.02150775,0.09658308
7/7/7/2/7/5/3/5/4 3 3,X,-0.8333333333333333333333333333,2,SLEEP,Z,0.09959594,0.3808957
7/7/7/2/7/5/3/5/2 3 3,X,-0.5,2,SLEEP,Z,0,0
7/7/7/2/7/5/3/5/1 3 3,X,0.1904761904761904761904761905,2,SLEEP,Z,0.009111277,0.03801628
7/7/7/2/7/5/3/3/4 3 3,X,-0.8333333333333333333333333333,2,SLEEP,Z,0.02229651,0.06616096
7/7/7/2/7/5/3/3/2 3 3,X,-0.5,2,SLEEP,Z,0.02054275,0.0644443
7/7/7/2/7/5/3/3/1 3 3,Z,-0.5,2,SLEEP,Z,0.007777195,0.02865964
7/7/7/2/7/5/7/2/4 3 3,X,-0.3333333333333333333333333333,2,SLEEP,Z,0,0
7/7/7/2/7/5/7/2/2 3 3,X,0,2,SLEEP,Z,0,0
7/7/7/2/7/5/7/2/1 3 3,X,0.3333333333333333333333333333,2,SLEEP,Z,0,0
7/7/7/2/7/3/2/2/7 3 3,Z,-0.5,2,SLEEP,Z,0,0
7/7/7/2/7/3/2/6/6 3 3,Z,-0.7,2,SLEEP,Z,0.01183655,0.03658327
7/7/7/2/7/3/2/6/5 3 3,Z,-0.7,2,SLEEP,Z,0.009963537,0.02874032
7/7/7/2/7/3/2/6/3 3 3,Z,-0.7,2,SLEEP,Z,0.02128429,0.05931771
7/7/7/2/7/3/2/5/6 3 3,Z,-0.5,2,SLEEP,Z,0.05381324,0.1388913
7/7/7/2/7/3/2/5/5 3 3,Z,-0.5,2,SLEEP,Z,0.0205348,0.03031237
7/7/7/2/7/3/2/5/3 3 3,Z,-0.5,2,SLEEP,Z,0.01069708,0.0235813
7/7/7/2/7/3/2/3/6 3 3,X,-0.5,2,SLEEP,Z,0.02417403,0.07864667
7/7/7/2/7/3/2/3/5 3 3,Z,-0.5,4,SLEEP,Z,0.02663945,0.09566864
7/7/7/2/7/3/2/3/3 3 3,X,0.5,2,SLEEP,Z,0.01391555,0.04529567
7/7/7/2/7/3/2/7/4 3 3,Z,-0.5,2,SLEEP,Z,0.0326216,0.07689846
7/7/7/2/7/3/2/7/2 3 3,Z,-0.5,2,SLEEP,Z,0.02534994,0.07820085
7/7/7/2/7/3/2/7/1 3 3,Z,-0.5,4,SLEEP,Z,0.04666892,0.1052258
7/7/7/2/7/3/6/2/6 3 3,Z,-0.5,2,SLEEP,Z,0,0
7/7/7/2/7/3/6/2/5 3 3,Z,-0.5,2,SLEEP,Z,0.01439399,0.04389308
7/7/7/2/7/3/6/2/3 3 3,X,0.8333333333333333333333333333,4,SLEEP,Z,0.07468398,0.09728189
7/7/7/2/7/3/6/6/4 3 3,Z,-0.7,2,SLEEP,Z,0.01690302,0.06135298
7/7/7/2/7/3/6/6/2 3 3,Z,-0.7,2,SLEEP,Z,0.01569318,0.04798336
7/7/7/2/7/3/6/6/1 3 3,X,0.8333333333333333333333333333,2,SLEEP,Z,0.08016042,0.08722305
7/7/7/2/7/3/6/5/4 3 3,Z,-0.5,2,SLEEP,Z,0,0
7/7/7/2/7/3/6/5/2 3 3,Z,-0.5,2,SLEEP,Z,0,0
7/7/7/2/7/3/6/5/1 3 3,X,0.8333333333333333333333333333,2,SLEEP,Z,0.01736589,0.05741639
7/7/7/2/7/3/6/3/4 3 3,Z,-0.5,6,SLEEP,Z,0.05185651,0.1617061
7/7/7/2/7/3/6/3/2 3 3,X,0.5,4,SLEEP,Z,0.05559173,0.1818885
7/7/7/2/7/3/6/3/1 3 3,X,0.8333333333333333333333333333,4,SLEEP,Z,0.08944304,0.2189008
7/7/7/2/7/3/5/2/6 3 3,Z,-0.5,2,SLEEP,Z,0.08058782,0.1989953
7/7/7/2/7/3/5/2/5 3 3,Z,-0.5,2,SLEEP,Z,0,0
7/7/7/2/7/3/5/2/3 3 3,Z,-0.5,2,SLEEP,Z,0,0
7/7/7/2/7/3/5/6/4 3 3,Z,-0.7,2,SLEEP,Z,0.02713683,0.07996897
7/7/7/2/7/3/5/6/2 3 3,Z,-0.7,2,SLEEP,Z,0.0866854,0.1049291
7/7/7/2/7/3/5/6/1 3 3,Z,-0.7,2,SLEEP,Z,0.03719596,0.05307538
7/7/7/2/7/3/5/5/4 3 3,Z,-0.5,2,SLEEP,Z,0,0
7/7/7/2/7/3/5/5/2 3 3,Z,-0.5,2,SLEEP,Z,0,0
7/7/7/2/7/3/5/5/1 3 3,Z,-0.5,2,SLEEP,Z,0,0
7/7/7/2/7/3/5/3/4 3 3,Z,-0.5,4,SLEEP,Z,0.04507865,0.1481886
7/7/7/2/7/3/5/3/2 3 3,Z,-0.5,2,SLEEP,Z,0.01933037,0.06520429
7/7/7/2/7/3/5/3/1 3 3,Z,-0.5,2,SLEEP,Z,0.02200622,0.07394876
7/7/7/2/7/3/3/2/6 3 3,X,-0.8333333333333333333333333333,2,SLEEP,Z,0,0
7/7/7/2/7/3/3/2/5 3 3,Z,-0.5,2,SLEEP,Z,0.005445473,0.02106272
7/7/7/2/7/3/3/2/3 3 3,Z,-0.5,2,SLEEP,Z,0.01960009,0.05627181
7/7/7/2/7/3/3/6/4 3 3,X,-0.8333333333333333333333333333,2,SLEEP,Z,0.03662079,0.03789331
7/7/7/2/7/3/3/6/2 3 3,Z,-0.7,2,SLEEP,Z,0.01636189,0.05043872
7/7/7/2/7/3/3/6/1 3 3,Z,-0.7,2,SLEEP,Z,0.0138175,0.04659932
7/7/7/2/7/3/3/5/4 3 3,X,-0.8333333333333333333333333333,2,SLEEP,Z,0,0
7/7/7/2/7/3/3/5/2 3 3,Z,-0.5,2,SLEEP,Z,0.01763067,0.04614994
7/7/7/2/7/3/3/5/1 3 3,Z,-0.5,2,SLEEP,Z,0.01577759,0.05163798
7/7/7/2/7/3/3/3/4 3 3,X,-0.8333333333333333333333333333,2,SLEEP,Z,0.02765619,0.07984413
7/7/7/2/7/3/3/3/2 3 3,X,-0.5,4,SLEEP,Z,0.03158562,0.1034026
7/7/7/2/7/3/3/3/1 3 3,Z,-0.5,2,SLEEP,Z,0.01184159,0.04297354
7/7/7/2/7/3/7/2/4 3 3,Z,-0.5,2,SLEEP,Z,0,0
7/7/7/2/7/3/7/2/2 3 3,Z,-0.5,2,SLEEP,Z,0,0
7/7/7/2/7/3/7/2/1 3 3,Z,-0.5,2,SLEEP,Z,0.0259432,0.08370093
7/7/7/2/7/7/2/2/6 3 3,X,-0.6666666666666666666666666666,2,SLEEP,Z,0,0
7/7/7/2/7/7/2/2/5 3 3,X,0,2,SLEEP,Z,0,0
7/7/7/2/7/7/2/2/3 3 3,X,0.6666666666666666666666666666,2,SLEEP,Z,0.03475651,0.04343906
7/7/7/2/7/7/2/6/4 3 3,X,-0.6666666666666666666666666666,2,SLEEP,Z,0.02612359,0.03080091
7/7/7/2/7/7/2/6/2 3 3,Z,0.5,2,SLEEP,Z,0.02334761,0.07871559
7/7/7/2/7/7/2/6/1 3 3,X,0.6666666666666666666666666666,4,SLEEP,Z,0.04220867,0.09586927
7/7/7/2/7/7/2/5/4 3 3,X,-0.6666666666666666666666666666,2,SLEEP,Z,0,0
7/7/7/2/7/7/2/5/2 3 3,X,0,2,SLEEP,Z,0,0
7/7/7/2/7/7/2/5/1 3 3,X,0.6666666666666666666666666666,2,SLEEP,Z,0,0
7/7/7/2/7/7/2/3/4 3 3,X,-0.6666666666666666666666666666,2,SLEEP,Z,0.05645033,0.1032438
7/7/7/2/7/7/2/3/2 3 3,Z,-0.5,2,SLEEP,Z,0.03938155,0.1319596
7/7/7/2/7/7/2/3/1 3 3,X,0.6666666666666666666666666666,4,SLEEP,Z,0.03659104,0.1139729
7/7/7/2/7/7/6/2/4 3 3,X,-0.1904761904761904761904761905,2,SLEEP,Z,0.02317054,0.0843887
7/7/7/2/7/7/6/2/2 3 3,X,0.5,2,SLEEP,Z,0.02422432,0.06902514
7/7/7/2/7/7/5/2/4 3 3,X,-0.3333333333333333333333333333,2,SLEEP,Z,0.004563446,0.01597341
7/7/7/2/7/7/5/2/2 3 3,X,0,2,SLEEP,Z,0,0
7/7/7/2/7/7/5/2/1 3 3,X,0.3333333333333333333333333333,2,SLEEP,Z,0.005085702,0.01882463
7/7/7/2/7/7/3/2/2 3 3,X,-0.5,2,SLEEP,Z,0,0
7/7/7/2/7/7/3/2/1 3 3,X,0.1904761904761904761904761905,2,SLEEP,Z,0,0
7/7/7/6/2/2/5/6/7 3 3,Z,0.5,2,SLEEP,Z,0.04562274,0.1274105
7/7/7/6/2/2/5/5/7 3 3,Z,0.5,4,SLEEP,Z,0.03436085,0.09856586
7/7/7/6/2/2/5/3/7 3 3,Z,0.6111111111111111111111111111,4,SLEEP,Z,0.04368401,0.1222158
7/7/7/6/2/2/5/7/6 3 3,Z,0.5,4,SLEEP,Z,0.0238465,0.05500475
7/7/7/6/2/2/5/7/5 3 3,Z,0.5,6,SLEEP,Z,0.02677918,0.07579187
7/7/7/6/2/2/5/7/3 3 3,Z,0.5,6,SLEEP,Z,0.04831141,0.1451898
7/7/7/6/2/2/2/7/7 3 3,Z,0.5,2,SLEEP,Z,0.05279659,0.131881
7/7/7/6/2/2/3/6/7 3 3,X,-0.5,2,SLEEP,Z,0.06401739,0.06907173
7/7/7/6/2/2/3/5/7 3 3,Z,0.5,12,SLEEP,Z,0.06459781,0.1712028
7/7/7/6/2/2/3/7/6 3 3,X,-0.7,2,SLEEP,Z,0.0155372,0.03525263
7/7/7/6/2/2/3/7/3 3 3,Z,0.5,4,SLEEP,Z,0.0397281,0.1170364
7/7/7/6/2/2/6/6/7 3 3,X,0.5,2,SLEEP,Z,0,0
7/7/7/6/2/2/7/2/7 3 3,Z,0.5,6,SLEEP,Z,0.01606732,0.04700071
7/7/7/6/2/2/7/6/6 3 3,Z,0.5,2,SLEEP,Z,0,0
7/7/7/6/2/2/7/6/5 3 3,Z,0.5,2,SLEEP,Z,0.01417784,0.04182409
7/7/7/6/2/2/7/6/3 3 3,Z,0.5,2,SLEEP,Z,0.08402941,0.1904809
7/7/7/6/2/2/6/5/7 3 3,Z,0.5,6,SLEEP,Z,0.03858918,0.08678161
7/7/7/6/2/2/7/5/6 3 3,Z,0.5,2,SLEEP,Z,0.0166446,0.04844414
7/7/7/6/2/2/7/5/5 3 3,Z,0.5,2,SLEEP,Z,0.0194311,0.05682013
7/7/7/6/2/2/7/5/3 3 3,Z,0.5,6,SLEEP,Z,0.04952016,0.1318978
7/7/7/6/2/2/6/3/7 3 3,Z,0.6111111111111111111111111111,8,SLEEP,Z,0.06128431,0.1652316
7/7/7/6/2/2/3/3/7 3 3,Z,0.6111111111111111111111111111,16,SLEEP,Z,0.06615212,0.1781977
7/7/7/6/2/2/7/3/6 3 3,Z,0.6111111111111111111111111111,4,SLEEP,Z,0.07896531,0.1909497
7/7/7/6/2/2/7/3/5 3 3,Z,0.6111111111111111111111111111,8,SLEEP,Z,0.1510173,0.3436145
7/7/7/6/2/2/7/3/3 3 3,Z,0.6111111111111111111111111111,4,SLEEP,Z,0.0478138,0.1175716
7/7/7/6/2/2/6/7/6 3 3,Z,0.5,8,SLEEP,Z,0.07058687,0.2012881
7/7/7/6/2/2/7/7/4 3 3,Z,0.5,4,SLEEP,Z,0.03580383,0.1002052
7/7/7/6/2/2/7/7/2 3 3,Z,0.5,4,SLEEP,Z,0.01534993,0.04190689
7/7/7/6/2/2/6/7/5 3 3,Z,0.5,16,SLEEP,Z,0.06203691,0.1608173
7/7/7/6/2/2/3/7/5 3 3,Z,0.5,10,SLEEP,Z,0.05082421,0.1464405
7/7/7/6/2/2/7/7/1 3 3,Z,0.5,4,SLEEP,Z,0.04611598,0.1389587
7/7/7/6/2/2/6/7/3 3 3,X,0.7,2,SLEEP,Z,0.02792217,0.07236015
7/7/7/6/2/6/2/6/7 3 3,Z,0.5,2,SLEEP,Z,0.04637209,0.05694954
7/7/7/6/2/6/2/5/7 3 3,Z,0.5,2,SLEEP,Z,0.0298186,0.02681507
7/7/7/6/2/6/2/3/7 3 3,Z,0.6666666666666666666666666667,2,SLEEP,Z,0.02623015,0.07403706
7/7/7/6/2/6/2/7/6 3 3,Z,0.5,4,SLEEP,Z,0.03297217,0.09015974
7/7/7/6/2/6/2/7/5 3 3,Z,0.5,2,SLEEP,Z,0.03288304,0.08501487
7/7/7/6/2/6/2/7/3 3 3,Z,0.5,4,SLEEP,Z,0.04451078,0.1129581
7/7/7/6/2/6/6/2/7 3 3,Z,0.5,2,SLEEP,Z,0.02298638,0.06680206
7/7/7/6/2/6/6/6/6 3 3,X,-0.5,4,SLEEP,Z,0.09743883,0.3263752
7/7/7/6/2/6/6/6/5 3 3,X,0.5,2,SLEEP,Z,0.04703424,0.09404968
7/7/7/6/2/6/6/6/3 3 3,X,0.75,2,SLEEP,Z,0.0819789,0.3195285
7/7/7/6/2/6/6/5/6 3 3,X,-0.5,2,SLEEP,Z,0.05446346,0.1612225
7/7/7/6/2/6/6/5/5 3 3,Z,0.5,4,SLEEP,Z,0.05673796,0.2780854
7/7/7/6/2/6/6/5/3 3 3,X,0.75,2,SLEEP,Z,0.01555165,0.04397614
7/7/7/6/2/6/6/3/6 3 3,Z,0.6666666666666666666666666667,6,SLEEP,Z,0.1076713,0.247616
7/7/7/6/2/6/6/3/5 3 3,Z,0.6666666666666666666666666667,2,SLEEP,Z,0.02699596,0.08782226
7/7/7/6/2/6/6/3/3 3 3,X,0.75,4,SLEEP,Z,0.09341729,0.2424579
7/7/7/6/2/6/6/7/4 3 3,X,-0.5,4,SLEEP,Z,0.1393685,0.3495177
7/7/7/6/2/6/6/7/2 3 3,Z,0.5,4,SLEEP,Z,0.02365123,0.08558325
7/7/7/6/2/6/6/7/1 3 3,X,0.75,2,SLEEP,Z,0.01273814,0.02196953
7/7/7/6/2/6/5/2/7 3 3,Z,0.5,2,SLEEP,Z,0,0
7/7/7/6/2/6/5/6/6 3 3,Z,0.5,2,SLEEP,Z,0.01277172,0.0416518
7/7/7/6/2/6/5/6/5 3 3,Z,0.5,2,SLEEP,Z,0,0
7/7/7/6/2/6/5/6/3 3 3,Z,0.5,2,SLEEP,Z,0.02580466,0.07951094
7/7/7/6/2/6/5/5/6 3 3,Z,0.5,4,SLEEP,Z,0.04832137,0.1118286
7/7/7/6/2/6/5/5/5 3 3,Z,0.5,2,SLEEP,Z,0.01487713,0.04932871
7/7/7/6/2/6/5/5/3 3 3,Z,0.5,2,SLEEP,Z,0.02571389,0.08580824
7/7/7/6/2/6/5/3/6 3 3,Z,0.6666666666666666666666666667,4,SLEEP,Z,0.02775607,0.09163612
7/7/7/6/2/6/5/3/5 3 3,Z,0.6666666666666666666666666667,2,SLEEP,Z,0.03188119,0.09668251
7/7/7/6/2/6/5/3/3 3 3,Z,0.6666666666666666666666666667,4,SLEEP,Z,0.0884878,0.1819238
7/7/7/6/2/6/5/7/4 3 3,Z,0.5,2,SLEEP,Z,0.02782716,0.07932832
7/7/7/6/2/6/5/7/2 3 3,Z,0.5,2,SLEEP,Z,0.01032346,0.02052134
7/7/7/6/2/6/5/7/1 3 3,Z,0.5,2,SLEEP,Z,0.01366804,0.04449658
7/7/7/6/2/6/3/2/7 3 3,Z,0.5,4,SLEEP,Z,0.05765417,0.1667009
7/7/7/6/2/6/3/6/6 3 3,X,-0.75,2,SLEEP,Z,0,0
7/7/7/6/2/6/3/6/5 3 3,X,-0.5,2,SLEEP,Z,0.006984128,0.02138108
7/7/7/6/2/6/3/6/3 3 3,X,0.5,4,SLEEP,Z,0.04070783,0.1238542
7/7/7/6/2/6/3/5/6 3 3,X,-0.75,4,SLEEP,Z,0.1305966,0.366791
7/7/7/6/2/6/3/5/5 3 3,Z,0.5,2,SLEEP,Z,0.02164516,0.06633274
7/7/7/6/2/6/3/5/3 3 3,X,0.5,6,SLEEP,Z,0.09867254,0.3294042
7/7/7/6/2/6/3/3/6 3 3,X,-0.75,2,SLEEP,Z,0.03390239,0.09038963
7/7/7/6/2/6/3/3/5 3 3,Z,0.6666666666666666666666666667,2,SLEEP,Z,0.02992642,0.08565855
7/7/7/6/2/6/3/3/3 3 3,Z,0.6666666666666666666666666667,6,SLEEP,Z,0.05571596,0.1596696
7/7/7/6/2/6/3/7/4 3 3,X,-0.75,2,SLEEP,Z,0.04399652,0.1010897
7/7/7/6/2/6/3/7/2 3 3,Z,0.5,4,SLEEP,Z,0.09401567,0.3095297
7/7/7/6/2/6/3/7/1 3 3,X,0.5,4,SLEEP,Z,0.07423965,0.2208172
7/7/7/6/2/6/7/2/6 3 3,Z,0.5,4,SLEEP,Z,0.02283387,0.07175419
7/7/7/6/2/6/7/2/5 3 3,Z,0.5,2,SLEEP,Z,0,0
7/7/7/6/2/6/7/2/3 3 3,Z,0.5,2,SLEEP,Z,0.02187186,0.06200068
7/7/7/6/2/6/7/6/4 3 3,Z,0.5,2,SLEEP,Z,0.02471797,0.08448051
7/7/7/6/2/6/7/6/2 3 3,Z,0.5,2,SLEEP,Z,0,0
7/7/7/6/2/6/7/6/1 3 3,Z,0.5,2,SLEEP,Z,0.01948529,0.06427801
7/7/7/6/2/6/7/5/4 3 3,Z,0.5,2,SLEEP,Z,0.1037887,0.1948366
7/7/7/6/2/6/7/5/2 3 3,Z,0.5,2,SLEEP,Z,0.08291134,0.2983777
7/7/7/6/2/6/7/5/1 3 3,Z,0.5,2,SLEEP,Z,0.01670155,0.05207253
7/7/7/6/2/6/7/3/4 3 3,Z,0.6666666666666666666666666666,6,SLEEP,Z,0.07545367,0.200885
7/7/7/6/2/6/7/3/2 3 3,Z,0.6666666666666666666666666666,2,SLEEP,Z,0.02822966,0.07441787
7/7/7/6/2/6/7/3/1 3 3,Z,0.6666666666666666666666666666,2,SLEEP,Z,0.03925864,0.1146556
7/7/7/6/2/5/2/6/7 3 3,Z,0.5,2,SLEEP,Z,0,0
7/7/7/6/2/5/2/5/7 3 3,Z,0.5,2,SLEEP,Z,0,0
7/7/7/6/2/5/2/3/7 3 3,Z,0.6111111111111111111111111111,2,SLEEP,Z,0.0178942,0.04455249
7/7/7/6/2/5/2/7/6 3 3,Z,0.5,2,SLEEP,Z,0.02569323,0.07067622
7/7/7/6/2/5/2/7/5 3 3,Z,0.5,4,SLEEP,Z,0.03124332,0.1006738
7/7/7/6/2/5/2/7/3 3 3,Z,0.5,2,SLEEP,Z,0.01945675,0.06072586
7/7/7/6/2/5/6/2/7 3 3,Z,0.5,2,SLEEP,Z,0.01467732,0.04328051
7/7/7/6/2/5/6/6/6 3 3,X,-0.5,4,SLEEP,Z,0.05878297,0.1797284
7/7/7/6/2/5/6/6/5 3 3,X,0.5,4,SLEEP,Z,0.05017729,0.313302
7/7/7/6/2/5/6/6/3 3 3,X,0.75,2,SLEEP,Z,0.02109,0.03515917
7/7/7/6/2/5/6/5/6 3 3,Z,0.5,4,SLEEP,Z,0.04411501,0.1392384
7/7/7/6/2/5/6/5/5 3 3,Z,0.5,4,SLEEP,Z,0.03119145,0.1033992
7/7/7/6/2/5/6/5/3 3 3,X,0.75,4,SLEEP,Z,0.1236567,0.3143089
7/7/7/6/2/5/6/3/6 3 3,Z,0.6111111111111111111111111111,4,SLEEP,Z,0.03586956,0.1147533
7/7/7/6/2/5/6/3/5 3 3,Z,0.6111111111111111111111111111,6,SLEEP,Z,0.04916533,0.1460707
7/7/7/6/2/5/6/3/3 3 3,X,0.75,2,SLEEP,Z,0.03662307,0.1151201
7/7/7/6/2/5/6/7/4 3 3,Z,0.5,4,SLEEP,Z,0.0500627,0.1543879
7/7/7/6/2/5/6/7/2 3 3,Z,0.5,4,SLEEP,Z,0.02366696,0.07691161
7/7/7/6/2/5/6/7/1 3 3,X,0.75,4,SLEEP,Z,0.02612094,0.0717115
7/7/7/6/2/5/5/2/7 3 3,Z,0.5,4,SLEEP,Z,0.02791597,0.08602683
7/7/7/6/2/5/5/6/6 3 3,Z,0.5,2,SLEEP,Z,0.02333038,0.07441261
7/7/7/6/2/5/5/6/5 3 3,Z,0.5,2,SLEEP,Z,0.02124929,0.07472707
7/7/7/6/2/5/5/6/3 3 3,Z,0.5,2,SLEEP,Z,0.04449423,0.1434126
7/7/7/6/2/5/5/5/6 3 3,Z,0.5,4,SLEEP,Z,0.02650023,0.09471487
7/7/7/6/2/5/5/5/5 3 3,Z,0.5,2,SLEEP,Z,0,0
7/7/7/6/2/5/5/5/3 3 3,Z,0.5,2,SLEEP,Z,0.01734617,0.05647692
7/7/7/6/2/5/5/3/6 3 3,Z,0.6111111111111111111111111111,4,SLEEP,Z,0.06709103,0.1821711
7/7/7/6/2/5/5/3/5 3 3,Z,0.6111111111111111111111111111,4,SLEEP,Z,0.03012255,0.1023801
7/7/7/6/2/5/5/3/3 3 3,Z,0.6111111111111111111111111111,2,SLEEP,Z,0.02807017,0.0899206
7/7/7/6/2/5/5/7/4 3 3,Z,0.5,4,SLEEP,Z,0.03443452,0.1050644
7/7/7/6/2/5/5/7/2 3 3,Z,0.5,2,SLEEP,Z,0.01952011,0.1062339
7/7/7/6/2/5/5/7/1 3 3,Z,0.5,2,SLEEP,Z,0.0291849,0.09800129
7/7/7/6/2/5/3/2/7 3 3,Z,0.5,4,SLEEP,Z,0.01925855,0.0596669
7/7/7/6/2/5/3/6/6 3 3,X,-0.75,2,SLEEP,Z,0,0
7/7/7/6/2/5/3/6/5 3 3,X,-0.5,2,SLEEP,Z,0.01268717,0.04202529
7/7/7/6/2/5/3/6/3 3 3,X,0.5,4,SLEEP,Z,0.06749818,0.166586
7/7/7/6/2/5/3/5/6 3 3,X,-0.75,2,SLEEP,Z,0.02058989,0.07467388
7/7/7/6/2/5/3/5/5 3 3,Z,0.5,2,SLEEP,Z,0.03447174,0.1272211
7/7/7/6/2/5/3/5/3 3 3,Z,0.5,6,SLEEP,Z,0.1366852,0.3350444
7/7/7/6/2/5/3/3/6 3 3,X,-0.75,4,SLEEP,Z,0.06180355,0.202092
7/7/7/6/2/5/3/3/5 3 3,Z,0.6111111111111111111111111111,4,SLEEP,Z,0.03919826,0.1306917
7/7/7/6/2/5/3/3/3 3 3,Z,0.6111111111111111111111111111,6,SLEEP,Z,0.1110446,0.3029088
7/7/7/6/2/5/3/7/4 3 3,X,-0.75,2,SLEEP,Z,0.01616617,0.0552641
7/7/7/6/2/5/3/7/2 3 3,Z,0.5,4,SLEEP,Z,0.02488077,0.08857609
7/7/7/6/2/5/3/7/1 3 3,Z,0.5,4,SLEEP,Z,0.07466086,0.1802905
7/7/7/6/2/5/7/2/6 3 3,Z,0.5,4,SLEEP,Z,0.04141112,0.1066858
7/7/7/6/2/5/7/2/5 3 3,Z,0.5,2,SLEEP,Z,0.03120427,0.1018119
7/7/7/6/2/5/7/2/3 3 3,Z,0.5,2,SLEEP,Z,0.01590923,0.05078463
7/7/7/6/2/5/7/6/4 3 3,Z,0.5,4,SLEEP,Z,0.05540198,0.1259616
7/7/7/6/2/5/7/6/2 3 3,Z,0.5,2,SLEEP,Z,0,0
7/7/7/6/2/5/7/6/1 3 3,Z,0.5,2,SLEEP,Z,0.03449997,0.1109422
7/7/7/6/2/5/7/5/4 3 3,Z,0.5,2,SLEEP,Z,0.0367713,0.1254034
7/7/7/6/2/5/7/5/2 3 3,Z,0.5,4,SLEEP,Z,0.03572362,0.1210046
7/7/7/6/2/5/7/5/1 3 3,Z,0.5,2,SLEEP,Z,0.0357041,0.1170375
7/7/7/6/2/5/7/3/4 3 3,Z,0.6111111111111111111111111111,2,SLEEP,Z,0.02649495,0.08416102
7/7/7/6/2/5/7/3/2 3 3,Z,0.6111111111111111111111111111,4,SLEEP,Z,0.05315775,0.1701569
7/7/7/6/2/5/7/3/1 3 3,Z,0.6111111111111111111111111111,4,SLEEP,Z,0.04213195,0.1435211
7/7/7/6/2/3/2/6/7 3 3,Z,-0.6666666666666666666666666667,2,SLEEP,Z,0,0
7/7/7/6/2/3/2/5/7 3 3,Z,0.6111111111111111111111111111,2,SLEEP,Z,0,0
7/7/7/6/2/3/2/3/7 3 3,Z,0.7222222222222222222222222222,10,SLEEP,Z,0.05218928,0.14802
7/7/7/6/2/3/2/7/6 3 3,Z,0.6111111111111111111111111111,2,SLEEP,Z,0.05093015,0.1107071
7/7/7/6/2/3/2/7/5 3 3,Z,0.6111111111111111111111111111,2,SLEEP,Z,0.03791991,0.1106755
7/7/7/6/2/3/6/2/7 3 3,Z,0.6111111111111111111111111111,8,SLEEP,Z,0.05662799,0.1551037
7/7/7/6/2/3/6/6/6 3 3,Z,-0.6666666666666666666666666667,4,SLEEP,Z,0.04502776,0.142763
7/7/7/6/2/3/6/6/5 3 3,Z,-0.6666666666666666666666666667,2,SLEEP,Z,0.02403929,0.07215556
7/7/7/6/2/3/6/6/3 3 3,X,0.75,2,SLEEP,Z,0.0182563,0.05159779
7/7/7/6/2/3/6/5/6 3 3,Z,0.6111111111111111111111111111,10,SLEEP,Z,0.06483585,0.191333
7/7/7/6/2/3/6/5/5 3 3,Z,0.6111111111111111111111111111,6,SLEEP,Z,0.04334443,0.1334417
7/7/7/6/2/3/6/5/3 3 3,X,0.75,4,SLEEP,Z,0.04589384,0.09995744
7/7/7/6/2/3/6/3/6 3 3,Z,0.7222222222222222222222222222,8,SLEEP,Z,0.08615413,0.2457889
7/7/7/6/2/3/6/3/5 3 3,Z,0.7222222222222222222222222222,6,SLEEP,Z,0.06822362,0.2121662
7/7/7/6/2/3/6/3/3 3 3,X,0.75,2,SLEEP,Z,0.03034855,0.1019481
7/7/7/6/2/3/6/7/4 3 3,Z,0.6111111111111111111111111111,4,SLEEP,Z,0.07346075,0.2047927
7/7/7/6/2/3/6/7/2 3 3,Z,0.6111111111111111111111111111,4,SLEEP,Z,0.03572254,0.1051344
7/7/7/6/2/3/6/7/1 3 3,X,0.75,6,SLEEP,Z,0.1176046,0.258744
7/7/7/6/2/3/2/7/3 3 3,Z,0.6111111111111111111111111111,4,SLEEP,Z,0.09961456,0.1909198
7/7/7/6/2/3/5/2/7 3 3,Z,0.6111111111111111111111111111,4,SLEEP,Z,0.03143257,0.08472007
7/7/7/6/2/3/5/6/6 3 3,Z,-0.6666666666666666666666666667,16,SLEEP,Z,0.03857151,0.0819632
7/7/7/6/2/3/5/6/5 3 3,Z,-0.6666666666666666666666666667,2,SLEEP,Z,0,0
7/7/7/6/2/3/5/6/3 3 3,Z,-0.6666666666666666666666666667,6,SLEEP,Z,0.02590741,0.07713067
7/7/7/6/2/3/5/5/6 3 3,Z,0.6111111111111111111111111111,6,SLEEP,Z,0.06801352,0.1948162
7/7/7/6/2/3/5/5/5 3 3,Z,0.6111111111111111111111111111,4,SLEEP,Z,0.03602003,0.1179082
7/7/7/6/2/3/5/5/3 3 3,Z,0.6111111111111111111111111111,16,SLEEP,Z,0.03658327,0.1132278
7/7/7/6/2/3/5/3/6 3 3,Z,0.7222222222222222222222222222,22,SLEEP,Z,0.06163394,0.1888595
7/7/7/6/2/3/5/3/5 3 3,Z,0.7222222222222222222222222222,8,SLEEP,Z,0.05552964,0.1888961
7/7/7/6/2/3/5/3/3 3 3,Z,0.7222222222222222222222222222,90,SLEEP,Z,0.06852477,0.2162212
7/7/7/6/2/3/5/7/4 3 3,Z,0.6111111111111111111111111111,6,SLEEP,Z,0.05768582,0.1612787
7/7/7/6/2/3/5/7/2 3 3,Z,0.6111111111111111111111111111,2,SLEEP,Z,0.02281814,0.06569459
7/7/7/6/2/3/5/7/1 3 3,Z,0.6111111111111111111111111111,2,SLEEP,Z,0.04043575,0.133511
7/7/7/6/2/3/3/2/7 3 3,Z,0.6111111111111111111111111111,4,SLEEP,Z,0.0314429,0.09800787
7/7/7/6/2/3/3/6/6 3 3,X,-0.75,2,SLEEP,Z,0,0
7/7/7/6/2/3/3/6/5 3 3,Z,-0.6666666666666666666666666667,2,SLEEP,Z,0.01421129,0.04471809
7/7/7/6/2/3/3/6/3 3 3,Z,-0.6666666666666666666666666667,6,SLEEP,Z,0.0809132,0.2103074
7/7/7/6/2/3/3/5/6 3 3,X,-0.75,2,SLEEP,Z,0.08403194,0.09728051
7/7/7/6/2/3/3/5/3 3 3,Z,0.6111111111111111111111111111,4,SLEEP,Z,0.04460017,0.1286064
7/7/7/6/2/3/3/3/6 3 3,X,-0.75,2,SLEEP,Z,0.03250779,0.08342386
7/7/7/6/2/3/3/3/5 3 3,Z,0.7222222222222222222222222222,6,SLEEP,Z,0.1265032,0.3390957
7/7/7/6/2/3/3/3/3 3 3,Z,0.7222222222222222222222222222,4,SLEEP,Z,0.06297998,0.190711
7/7/7/6/2/3/3/7/4 3 3,X,-0.75,2,SLEEP,Z,0.0199691,0.060302
7/7/7/6/2/3/3/7/2 3 3,Z,0.6111111111111111111111111111,4,SLEEP,Z,0.02803529,0.09758785
7/7/7/6/2/3/3/5/5 3 3,Z,0.6111111111111111111111111111,4,SLEEP,Z,0.07829752,0.1660686
7/7/7/6/2/3/3/7/1 3 3,Z,0.6111111111111111111111111111,12,SLEEP,Z,0.08415391,0.2422793
7/7/7/6/2/3/7/2/6 3 3,Z,0.6111111111111111111111111111,2,SLEEP,Z,0.03231613,0.1050247
7/7/7/6/2/3/7/2/5 3 3,Z,0.6111111111111111111111111111,4,SLEEP,Z,0.1119334,0.2069698
7/7/7/6/2/3/7/2/3 3 3,Z,0.6111111111111111111111111111,2,SLEEP,Z,0.04185222,0.08353829
7/7/7/6/2/3/7/6/4 3 3,Z,-0.6666666666666666666666666666,4,SLEEP,Z,0.06360794,0.1367615
7/7/7/6/2/3/7/6/2 3 3,Z,-0.6666666666666666666666666666,2,SLEEP,Z,0.01176989,0.03771957
7/7/7/6/2/3/7/6/1 3 3,Z,-0.6666666666666666666666666666,4,SLEEP,Z,0.03471156,0.1149481
7/7/7/6/2/3/7/5/4 3 3,Z,0.6111111111111111111111111111,8,SLEEP,Z,0.02692708,0.08683227
7/7/7/6/2/3/7/5/2 3 3,Z,0.6111111111111111111111111111,2,SLEEP,Z,0.03008033,0.09776028
7/7/7/6/2/3/7/5/1 3 3,Z,0.6111111111111111111111111111,24,SLEEP,Z,0.03595399,0.1162684
7/7/7/6/2/3/7/3/4 3 3,Z,0.7222222222222222222222222222,4,SLEEP,Z,0.05142493,0.1710399
7/7/7/6/2/3/7/3/2 3 3,Z,0.7222222222222222222222222222,4,SLEEP,Z,0.04149247,0.119407
7/7/7/6/2/3/7/3/1 3 3,Z,0.7222222222222222222222222222,8,SLEEP,Z,0.09617741,0.2943923
7/7/7/6/2/7/2/2/7 3 3,Z,0.5,4,SLEEP,Z,0.02705188,0.07654221
7/7/7/6/2/7/2/6/6 3 3,X,-0.5,4,SLEEP,Z,0.03485809,0.104151
7/7/7/6/2/7/2/6/5 3 3,Z,0.5,2,SLEEP,Z,0,0
7/7/7/6/2/7/2/6/3 3 3,X,0.5,2,SLEEP,Z,0.02300288,0.06316739
7/7/7/6/2/7/2/5/6 3 3,Z,0.5,4,SLEEP,Z,0.09936152,0.3814941
7/7/7/6/2/7/2/5/5 3 3,Z,0.5,2,SLEEP,Z,0.02338341,0.06275405
7/7/7/6/2/7/2/5/3 3 3,Z,0.5,4,SLEEP,Z,0.05555577,0.1567273
7/7/7/6/2/7/2/3/6 3 3,Z,0.6111111111111111111111111111,2,SLEEP,Z,0.02707032,0.08087359
7/7/7/6/2/7/2/3/5 3 3,Z,0.6111111111111111111111111111,4,SLEEP,Z,0.03627959,0.1136631
7/7/7/6/2/7/2/3/3 3 3,Z,0.6111111111111111111111111111,4,SLEEP,Z,0.04548029,0.1326448
7/7/7/6/2/7/2/7/4 3 3,Z,0.5,4,SLEEP,Z,0.05002959,0.1262214
7/7/7/6/2/7/2/7/2 3 3,Z,0.5,2,SLEEP,Z,0.02212718,0.06726537
7/7/7/6/2/7/2/7/1 3 3,Z,0.5,2,SLEEP,Z,0.02998164,0.09560398
7/7/7/6/2/7/6/2/6 3 3,Z,0.5,6,SLEEP,Z,0.1271443,0.247869
7/7/7/6/2/7/6/2/5 3 3,Z,0.5,2,SLEEP,Z,0.01291431,0.04087139
7/7/7/6/2/7/6/2/3 3 3,X,0.8333333333333333333333333333,2,SLEEP,Z,0.03270368,0.09572695
7/7/7/6/2/7/6/6/4 3 3,X,-0.5,2,SLEEP,Z,0.02564001,0.07878696
7/7/7/6/2/7/6/6/2 3 3,X,0.5,2,SLEEP,Z,0.02220001,0.06641075
7/7/7/6/2/7/6/6/1 3 3,X,0.8333333333333333333333333333,2,SLEEP,Z,0.01422723,0.04999951
7/7/7/6/2/7/6/5/4 3 3,Z,0.5,4,SLEEP,Z,0.05320418,0.1744788
7/7/7/6/2/7/6/5/2 3 3,Z,0.5,2,SLEEP,Z,0.02425031,0.08518667
7/7/7/6/2/7/6/5/1 3 3,X,0.8333333333333333333333333333,4,SLEEP,Z,0.0382333,0.1262136
7/7/7/6/2/7/6/3/4 3 3,Z,0.6111111111111111111111111111,4,SLEEP,Z,0.07424355,0.220909
7/7/7/6/2/7/6/3/2 3 3,Z,0.6111111111111111111111111111,4,SLEEP,Z,0.03528943,0.1044459
7/7/7/6/2/7/6/3/1 3 3,X,0.8333333333333333333333333333,4,SLEEP,Z,0.08156773,0.1977059
7/7/7/6/2/7/5/2/6 3 3,Z,0.5,2,SLEEP,Z,0.02672602,0.0916431
7/7/7/6/2/7/5/2/5 3 3,Z,0.5,4,SLEEP,Z,0.07865252,0.3080094
7/7/7/6/2/7/5/2/3 3 3,Z,0.5,4,SLEEP,Z,0.04922575,0.08185615
7/7/7/6/2/7/5/6/4 3 3,Z,0.5,2,SLEEP,Z,0.01195432,0.03840065
7/7/7/6/2/7/5/6/2 3 3,Z,0.5,2,SLEEP,Z,0,0
7/7/7/6/2/7/5/6/1 3 3,Z,0.5,2,SLEEP,Z,0.01664277,0.04451522
7/7/7/6/2/7/5/5/4 3 3,Z,0.5,4,SLEEP,Z,0.0290796,0.09970631
7/7/7/6/2/7/5/5/2 3 3,Z,0.5,2,SLEEP,Z,0,0
7/7/7/6/2/7/5/5/1 3 3,Z,0.5,2,SLEEP,Z,0.02121144,0.07471494
7/7/7/6/2/7/5/3/4 3 3,Z,0.6111111111111111111111111111,4,SLEEP,Z,0.03016575,0.09525704
7/7/7/6/2/7/5/3/2 3 3,Z,0.6111111111111111111111111111,2,SLEEP,Z,0.02387673,0.08534393
7/7/7/6/2/7/5/3/1 3 3,Z,0.6111111111111111111111111111,2,SLEEP,Z,0.03080642,0.08476728
7/7/7/6/2/7/3/2/6 3 3,X,-0.8333333333333333333333333333,2,SLEEP,Z,0.04360443,0.08217173
7/7/7/6/2/7/3/2/5 3 3,Z,0.5,2,SLEEP,Z,0.01735257,0.05432105
7/7/7/6/2/7/3/2/3 3 3,Z,0.5,10,SLEEP,Z,0.06820282,0.2243603
7/7/7/6/2/7/3/6/4 3 3,X,-0.8333333333333333333333333333,2,SLEEP,Z,0.03704197,0.1012795
7/7/7/6/2/7/3/6/2 3 3,X,-0.5,2,SLEEP,Z,0.01964837,0.05011583
7/7/7/6/2/7/3/6/1 3 3,X,0.5,2,SLEEP,Z,0.02088486,0.07205083
7/7/7/6/2/7/3/5/4 3 3,X,-0.8333333333333333333333333333,2,SLEEP,Z,0,0
7/7/7/6/2/7/3/5/2 3 3,Z,0.5,2,SLEEP,Z,0,0
7/7/7/6/2/7/3/5/1 3 3,Z,0.5,4,SLEEP,Z,0.04425555,0.1557556
7/7/7/6/2/7/3/3/4 3 3,X,-0.8333333333333333333333333333,2,SLEEP,Z,0.02602715,0.08629186
7/7/7/6/2/7/3/3/2 3 3,Z,0.6111111111111111111111111111,6,SLEEP,Z,0.118112,0.2873708
7/7/7/6/2/7/3/3/1 3 3,Z,0.6111111111111111111111111111,12,SLEEP,Z,0.06649777,0.1980478
7/7/7/6/2/7/7/2/4 3 3,Z,0.5,6,SLEEP,Z,0.09820577,0.3235119
7/7/7/6/2/7/7/2/2 3 3,Z,0.5,2,SLEEP,Z,0.01409832,0.05067448
7/7/7/6/2/7/7/2/1 3 3,Z,0.5,4,SLEEP,Z,0.05735616,0.1876532
7/7/7/6/6/2/2/6/7 3 3,X,0.5,2,SLEEP,Z,0,0
7/7/7/6/6/2/2/5/7 3 3,Z,0.5,2,SLEEP,Z,0,0
7/7/7/6/6/2/2/3/7 3 3,Z,0.6111111111111111111111111111,4,SLEEP,Z,0.04373527,0.08210818
7/7/7/6/6/2/2/7/6 3 3,Z,0.5,2,SLEEP,Z,0.04180457,0.1065974
7/7/7/6/6/2/2/7/5 3 3,Z,0.5,4,SLEEP,Z,0.06374409,0.216437
7/7/7/6/6/2/2/7/3 3 3,X,0.6428571428571428571428571429,10,SLEEP,Z,0.1433346,0.23695
7/7/7/6/6/2/6/2/7 3 3,Z,0.5,2,SLEEP,Z,0.01140354,0.03297764
7/7/7/6/6/2/6/6/6 3 3,Z,0.5,2,SLEEP,Z,0.04317959,0.09494679
7/7/7/6/6/2/6/6/5 3 3,X,0.5,2,SLEEP,Z,0.08764195,0.2848046
7/7/7/6/6/2/6/6/3 3 3,X,0.75,6,SLEEP,Z,0.05592437,0.1189954
7/7/7/6/6/2/6/5/6 3 3,Z,0.5,2,SLEEP,Z,0.01291857,0.04291216
7/7/7/6/6/2/6/5/5 3 3,Z,0.5,2,SLEEP,Z,0.01090656,0.03079669
7/7/7/6/6/2/6/5/3 3 3,X,0.75,2,SLEEP,Z,0,0
7/7/7/6/6/2/6/3/6 3 3,Z,0.6111111111111111111111111111,4,SLEEP,Z,0.08769888,0.1895765
7/7/7/6/6/2/6/3/5 3 3,Z,0.6111111111111111111111111111,4,SLEEP,Z,0.03087213,0.09184428
7/7/7/6/6/2/6/3/3 3 3,X,0.75,4,SLEEP,Z,0.05789578,0.1603081
7/7/7/6/6/2/6/7/4 3 3,Z,0.5,2,SLEEP,Z,0,0
7/7/7/6/6/2/6/7/2 3 3,Z,0.5,2,SLEEP,Z,0,0
7/7/7/6/6/2/6/7/1 3 3,X,0.75,6,SLEEP,Z,0.02555535,0.07887894
7/7/7/6/6/2/5/2/7 3 3,Z,0.5,2,SLEEP,Z,0.02343672,0.04159424
7/7/7/6/6/2/5/6/6 3 3,Z,0.5,2,SLEEP,Z,0.02546419,0.03678334
7/7/7/6/6/2/5/6/5 3 3,X,0.5,2,SLEEP,Z,0.02894637,0.05727397
7/7/7/6/6/2/5/6/3 3 3,X,0.6428571428571428571428571429,4,SLEEP,Z,0.07002848,0.1237483
7/7/7/6/6/2/5/5/6 3 3,Z,0.5,2,SLEEP,Z,0,0
7/7/7/6/6/2/5/5/5 3 3,Z,0.5,2,SLEEP,Z,0.01704503,0.04632432
7/7/7/6/6/2/5/5/3 3 3,X,0.6428571428571428571428571429,4,SLEEP,Z,0.05610125,0.1217394
7/7/7/6/6/2/5/3/6 3 3,Z,0.6111111111111111111111111111,2,SLEEP,Z,0.03829573,0.08636214
7/7/7/6/6/2/5/3/5 3 3,Z,0.6111111111111111111111111111,6,SLEEP,Z,0.07812954,0.1711774
7/7/7/6/6/2/5/3/3 3 3,X,0.6428571428571428571428571429,4,SLEEP,Z,0.06338958,0.1697565
7/7/7/6/6/2/5/7/4 3 3,Z,0.5,2,SLEEP,Z,0,0
7/7/7/6/6/2/5/7/2 3 3,Z,0.5,2,SLEEP,Z,0,0
7/7/7/6/6/2/5/7/1 3 3,X,0.6428571428571428571428571429,2,SLEEP,Z,0.0254034,0.06673326
7/7/7/6/6/2/3/2/7 3 3,X,0.6428571428571428571428571429,2,SLEEP,Z,0.07684902,0.3674734
7/7/7/6/6/2/3/6/6 3 3,X,-0.75,2,SLEEP,Z,0,0
7/7/7/6/6/2/3/6/5 3 3,X,0.6428571428571428571428571429,2,SLEEP,Z,0.01435269,0.04988788
7/7/7/6/6/2/3/6/3 3 3,X,0.7857142857142857142857142857,4,SLEEP,Z,0.07071628,0.2002776
7/7/7/6/6/2/3/5/6 3 3,X,-0.75,2,SLEEP,Z,0.03264631,0.09585156
7/7/7/6/6/2/3/5/5 3 3,X,0.6428571428571428571428571429,4,SLEEP,Z,0.1087986,0.2552361
7/7/7/6/6/2/3/5/3 3 3,X,0.7857142857142857142857142857,4,SLEEP,Z,0.04317435,0.1264426
7/7/7/6/6/2/3/3/6 3 3,X,-0.75,2,SLEEP,Z,0.03940003,0.09920353
7/7/7/6/6/2/3/3/5 3 3,X,0.6428571428571428571428571429,4,SLEEP,Z,0.07477337,0.1910255
7/7/7/6/6/2/3/3/3 3 3,X,0.7857142857142857142857142857,6,SLEEP,Z,0.1226251,0.27136
7/7/7/6/6/2/3/7/4 3 3,X,-0.75,2,SLEEP,Z,0.06702403,0.3757139
7/7/7/6/6/2/3/7/2 3 3,X,0.6428571428571428571428571429,2,SLEEP,Z,0.04336881,0.1023074
7/7/7/6/6/2/3/7/1 3 3,X,0.7857142857142857142857142857,8,SLEEP,Z,0.08707427,0.2501722
7/7/7/6/6/2/7/2/6 3 3,Z,0.5,2,SLEEP,Z,0,0
7/7/7/6/6/2/7/2/5 3 3,Z,0.5,2,SLEEP,Z,0.02585038,0.05637908
7/7/7/6/6/2/7/2/3 3 3,X,0.6428571428571428571428571428,6,SLEEP,Z,0.08805661,0.2255684
7/7/7/6/6/2/7/6/4 3 3,Z,0.5,2,SLEEP,Z,0,0
7/7/7/6/6/2/7/6/2 3 3,X,0.5,2,SLEEP,Z,0,0
7/7/7/6/6/2/7/6/1 3 3,X,0.6428571428571428571428571428,4,SLEEP,Z,0.02858127,0.09299723
7/7/7/6/6/2/7/5/4 3 3,Z,0.5,2,SLEEP,Z,0.0183475,0.05756923
7/7/7/6/6/2/7/5/2 3 3,Z,0.5,2,SLEEP,Z,0.03893158,0.08916803
7/7/7/6/6/2/7/5/1 3 3,X,0.6428571428571428571428571428,4,SLEEP,Z,0.05863885,0.145764
7/7/7/6/6/2/7/3/4 3 3,Z,0.6111111111111111111111111111,4,SLEEP,Z,0.03459307,0.09054581
7/7/7/6/6/2/7/3/2 3 3,Z,0.6111111111111111111111111111,2,SLEEP,Z,0.02804409,0.08426588
7/7/7/6/6/2/7/3/1 3 3,X,0.6428571428571428571428571428,4,SLEEP,Z,0.05749793,0.1806627
7/7/7/6/6/6/2/2/7 3 3,X,0.5,2,SLEEP,Z,0.02467572,0.06353618
7/7/7/6/6/6/2/6/6 3 3,X,-0.5,2,SLEEP,Z,0.06193175,0.1159879
7/7/7/6/6/6/2/6/5 3 3,X,0.5,2,SLEEP,Z,0.02017331,0.02426885
7/7/7/6/6/6/2/6/3 3 3,X,0.6428571428571428571428571429,2,SLEEP,Z,0.02669514,0.05431919
7/7/7/6/6/6/2/5/6 3 3,Z,0.5,2,SLEEP,Z,0.02490173,0.07511695
7/7/7/6/6/6/2/5/5 3 3,X,0.5,2,SLEEP,Z,0.03749198,0.07040008
7/7/7/6/6/6/2/5/3 3 3,X,0.6428571428571428571428571429,4,SLEEP,Z,0.05792605,0.1214434
7/7/7/6/6/6/2/3/6 3 3,Z,0.7,4,SLEEP,Z,0.1353438,0.2424724
7/7/7/6/6/6/2/3/5 3 3,Z,0.7,2,SLEEP,Z,0.0394203,0.09898133
7/7/7/6/6/6/2/3/3 3 3,Z,0.7,6,SLEEP,Z,0.1159287,0.2932211
7/7/7/6/6/6/2/7/4 3 3,Z,0.5,2,SLEEP,Z,0,0
7/7/7/6/6/6/2/7/2 3 3,X,0.5,2,SLEEP,Z,0,0
7/7/7/6/6/6/2/7/1 3 3,X,0.6428571428571428571428571429,2,SLEEP,Z,0.01580386,0.04766199
7/7/7/6/6/6/6/2/6 3 3,Z,0.5,2,SLEEP,Z,0.01493707,0.0493444
7/7/7/6/6/6/6/2/5 3 3,Z,0.5,2,SLEEP,Z,0.01713524,0.05075763
7/7/7/6/6/6/6/2/3 3 3,X,0.8333333333333333333333333333,2,SLEEP,Z,0.04572893,0.07644463
7/7/7/6/6/6/6/6/4 3 3,Z,0.5,2,SLEEP,Z,0,0
7/7/7/6/6/6/6/6/2 3 3,X,0.5,2,SLEEP,Z,0,0
7/7/7/6/6/6/6/6/1 3 3,X,0.8333333333333333333333333333,2,SLEEP,Z,0.00886412,0.02306218
7/7/7/6/6/6/6/5/4 3 3,Z,0.5,2,SLEEP,Z,0.02026249,0.0646408
7/7/7/6/6/6/6/5/2 3 3,Z,0.5,2,SLEEP,Z,0.0146169,0.02662918
7/7/7/6/6/6/6/5/1 3 3,X,0.8333333333333333333333333333,2,SLEEP,Z,0.03304198,0.07117382
7/7/7/6/6/6/6/3/4 3 3,Z,0.7,4,SLEEP,Z,0.03413486,0.1112684
7/7/7/6/6/6/6/3/2 3 3,Z,0.7,2,SLEEP,Z,0.01210205,0.03495843
7/7/7/6/6/6/6/3/1 3 3,X,0.8333333333333333333333333333,2,SLEEP,Z,0.01642958,0.03626161
7/7/7/6/6/6/5/2/6 3 3,Z,0.5,2,SLEEP,Z,0,0
7/7/7/6/6/6/5/2/5 3 3,X,0.5,2,SLEEP,Z,0.003876623,0.01231887
7/7/7/6/6/6/5/2/3 3 3,X,0.6428571428571428571428571429,2,SLEEP,Z,0.02880751,0.06262165
7/7/7/6/6/6/5/6/4 3 3,Z,0.5,2,SLEEP,Z,0,0
7/7/7/6/6/6/5/6/2 3 3,X,0.5,2,SLEEP,Z,0,0
7/7/7/6/6/6/5/6/1 3 3,X,0.6428571428571428571428571429,2,SLEEP,Z,0,0
7/7/7/6/6/6/5/5/4 3 3,Z,0.5,2,SLEEP,Z,0.007633502,0.02811883
7/7/7/6/6/6/5/5/2 3 3,X,0.5,2,SLEEP,Z,0.02106776,0.06739106
7/7/7/6/6/6/5/5/1 3 3,X,0.6428571428571428571428571429,4,SLEEP,Z,0.04761618,0.1073581
7/7/7/6/6/6/5/3/4 3 3,Z,0.7,2,SLEEP,Z,0.0250269,0.06179604
7/7/7/6/6/6/5/3/2 3 3,Z,0.7,4,SLEEP,Z,0.03049313,0.08410852
7/7/7/6/6/6/5/3/1 3 3,Z,0.7,2,SLEEP,Z,0.03478362,0.103983
7/7/7/6/6/6/3/2/6 3 3,X,-0.8333333333333333333333333333,2,SLEEP,Z,0.01196287,0.03753735
7/7/7/6/6/6/3/2/5 3 3,X,0.6428571428571428571428571429,2,SLEEP,Z,0.02112572,0.06390059
7/7/7/6/6/6/3/2/3 3 3,X,0.7857142857142857142857142857,2,SLEEP,Z,0.0489407,0.1243922
7/7/7/6/6/6/3/6/4 3 3,X,-0.8333333333333333333333333333,2,SLEEP,Z,0,0
7/7/7/6/6/6/3/6/2 3 3,X,0.6428571428571428571428571429,2,SLEEP,Z,0,0
7/7/7/6/6/6/3/6/1 3 3,X,0.7857142857142857142857142857,2,SLEEP,Z,0.01833942,0.05992407
7/7/7/6/6/6/3/5/4 3 3,X,-0.8333333333333333333333333333,2,SLEEP,Z,0.04506458,0.1515808
7/7/7/6/6/6/3/5/2 3 3,X,0.6428571428571428571428571429,2,SLEEP,Z,0.03548354,0.09461561
7/7/7/6/6/6/3/5/1 3 3,X,0.7857142857142857142857142857,2,SLEEP,Z,0.02881077,0.08647046
7/7/7/6/6/6/3/3/4 3 3,X,-0.8333333333333333333333333333,2,SLEEP,Z,0.0517219,0.125114
7/7/7/6/6/6/3/3/2 3 3,Z,0.7,4,SLEEP,Z,0.06043484,0.1705284
7/7/7/6/6/6/3/3/1 3 3,X,0.7857142857142857142857142857,6,SLEEP,Z,0.09204487,0.2434108
7/7/7/6/6/6/7/2/4 3 3,Z,0.5,2,SLEEP,Z,0,0
7/7/7/6/6/6/7/2/2 3 3,X,0.5,2,SLEEP,Z,0,0
7/7/7/6/6/6/7/2/1 3 3,X,0.6428571428571428571428571429,2,SLEEP,Z,0.01731825,0.05315807
7/7/7/6/6/5/2/2/7 3 3,Z,0.5,2,SLEEP,Z,0,0
7/7/7/6/6/5/2/6/6 3 3,X,-0.5,2,SLEEP,Z,0,0
7/7/7/6/6/5/2/6/5 3 3,X,0.5,2,SLEEP,Z,0,0
7/7/7/6/6/5/2/6/3 3 3,X,0.6428571428571428571428571429,2,SLEEP,Z,0.0114217,0.03324913
7/7/7/6/6/5/2/5/6 3 3,Z,0.5,2,SLEEP,Z,0.01125209,0.04425669
7/7/7/6/6/5/2/5/5 3 3,Z,0.5,2,SLEEP,Z,0.01012481,0.0402448
7/7/7/6/6/5/2/5/3 3 3,X,0.6428571428571428571428571429,4,SLEEP,Z,0.1365187,0.2444908
7/7/7/6/6/5/2/3/6 3 3,Z,0.6111111111111111111111111111,2,SLEEP,Z,0.01425561,0.04403542
7/7/7/6/6/5/2/3/5 3 3,Z,0.6111111111111111111111111111,4,SLEEP,Z,0.02734011,0.08481389
7/7/7/6/6/5/2/3/3 3 3,X,0.6428571428571428571428571429,4,SLEEP,Z,0.05888503,0.1118765
7/7/7/6/6/5/2/7/4 3 3,Z,0.5,2,SLEEP,Z,0.02790069,0.08602715
7/7/7/6/6/5/2/7/2 3 3,Z,0.5,2,SLEEP,Z,0.03097171,0.08284291
7/7/7/6/6/5/2/7/1 3 3,X,0.6428571428571428571428571429,2,SLEEP,Z,0.03302035,0.1051678
7/7/7/6/6/5/6/2/6 3 3,Z,0.5,2,SLEEP,Z,0.01743652,0.0609642
7/7/7/6/6/5/6/2/5 3 3,Z,0.5,2,SLEEP,Z,0.02428407,0.07415485
7/7/7/6/6/5/6/2/3 3 3,X,0.8333333333333333333333333333,2,SLEEP,Z,0.04623445,0.08556958
7/7/7/6/6/5/6/6/4 3 3,Z,0.5,2,SLEEP,Z,0,0
7/7/7/6/6/5/6/6/2 3 3,X,0.5,2,SLEEP,Z,0,0
7/7/7/6/6/5/6/6/1 3 3,X,0.8333333333333333333333333333,2,SLEEP,Z,0.01559129,0.04993228
7/7/7/6/6/5/6/5/4 3 3,Z,0.5,2,SLEEP,Z,0.01592952,0.06303889
7/7/7/6/6/5/6/5/2 3 3,Z,0.5,2,SLEEP,Z,0.01583718,0.05387671
7/7/7/6/6/5/6/5/1 3 3,X,0.8333333333333333333333333333,2,SLEEP,Z,0.05696016,0.1250155
7/7/7/6/6/5/6/3/4 3 3,Z,0.6111111111111111111111111111,4,SLEEP,Z,0.05111497,0.170988
7/7/7/6/6/5/6/3/2 3 3,Z,0.6111111111111111111111111111,2,SLEEP,Z,0.03760918,0.1240247
7/7/7/6/6/5/6/3/1 3 3,X,0.8333333333333333333333333333,2,SLEEP,Z,0.04134867,0.1271772
7/7/7/6/6/5/5/2/6 3 3,Z,0.5,2,SLEEP,Z,0.022221,0.07357408
7/7/7/6/6/5/5/2/5 3 3,Z,0.5,2,SLEEP,Z,0.009072528,0.03173348
7/7/7/6/6/5/5/2/3 3 3,X,0.6428571428571428571428571429,2,SLEEP,Z,0.01352954,0.04540912
7/7/7/6/6/5/5/6/4 3 3,Z,0.5,2,SLEEP,Z,0.01559438,0.04549695
7/7/7/6/6/5/5/6/2 3 3,X,0.5,2,SLEEP,Z,0,0
7/7/7/6/6/5/5/6/1 3 3,X,0.6428571428571428571428571429,2,SLEEP,Z,0.01363728,0.04778619
7/7/7/6/6/5/5/5/4 3 3,Z,0.5,2,SLEEP,Z,0,0
7/7/7/6/6/5/5/5/2 3 3,Z,0.5,2,SLEEP,Z,0.005579852,0.02090075
7/7/7/6/6/5/5/5/1 3 3,X,0.6428571428571428571428571429,2,SLEEP,Z,0.01736931,0.06331169
7/7/7/6/6/5/5/3/4 3 3,Z,0.6111111111111111111111111111,4,SLEEP,Z,0.03627288,0.1229577
7/7/7/6/6/5/5/3/2 3 3,Z,0.6111111111111111111111111111,2,SLEEP,Z,0.0179358,0.06128657
7/7/7/6/6/5/5/3/1 3 3,X,0.6428571428571428571428571429,2,SLEEP,Z,0.0166618,0.05493959
7/7/7/6/6/5/3/2/6 3 3,X,-0.8333333333333333333333333333,2,SLEEP,Z,0.01672429,0.04998974
7/7/7/6/6/5/3/2/5 3 3,X,0.6428571428571428571428571429,2,SLEEP,Z,0.02444209,0.07231557
7/7/7/6/6/5/3/2/3 3 3,X,0.7857142857142857142857142857,8,SLEEP,Z,0.04383091,0.1274425
7/7/7/6/6/5/3/6/4 3 3,X,-0.8333333333333333333333333333,2,SLEEP,Z,0.008956608,0.03122114
7/7/7/6/6/5/3/6/2 3 3,X,0.6428571428571428571428571429,2,SLEEP,Z,0,0
7/7/7/6/6/5/3/6/1 3 3,X,0.7857142857142857142857142857,2,SLEEP,Z,0.03228064,0.08971781
7/7/7/6/6/5/3/5/4 3 3,X,-0.8333333333333333333333333333,2,SLEEP,Z,0.006889578,0.02471952
7/7/7/6/6/5/3/5/2 3 3,X,0.6428571428571428571428571429,2,SLEEP,Z,0.01262627,0.04221752
7/7/7/6/6/5/3/5/1 3 3,X,0.7857142857142857142857142857,2,SLEEP,Z,0.02659532,0.0899349
7/7/7/6/6/5/3/3/4 3 3,X,-0.8333333333333333333333333333,4,SLEEP,Z,0.07776489,0.1506194
7/7/7/6/6/5/3/3/2 3 3,X,0.6428571428571428571428571429,2,SLEEP,Z,0.02344391,0.08320256
7/7/7/6/6/5/3/3/1 3 3,X,0.7857142857142857142857142857,4,SLEEP,Z,0.04437446,0.144913
7/7/7/6/6/5/7/2/4 3 3,Z,0.5,2,SLEEP,Z,0.01069273,0.03908265
7/7/7/6/6/5/7/2/2 3 3,Z,0.5,2,SLEEP,Z,0.01789072,0.05826835
7/7/7/6/6/5/7/2/1 3 3,X,0.6428571428571428571428571429,2,SLEEP,Z,0.02078381,0.06666542
7/7/7/6/6/3/2/2/7 3 3,Z,0.6111111111111111111111111111,2,SLEEP,Z,0.01895454,0.05125901
7/7/7/6/6/3/2/6/6 3 3,Z,-0.7,2,SLEEP,Z,0.02566235,0.0313026
7/7/7/6/6/3/2/6/5 3 3,Z,-0.7,6,SLEEP,Z,0.02114992,0.0585729
7/7/7/6/6/3/2/6/3 3 3,Z,-0.7,4,SLEEP,Z,0.07070107,0.1367437
7/7/7/6/6/3/2/5/6 3 3,Z,0.6111111111111111111111111111,4,SLEEP,Z,0.04886979,0.1303407
7/7/7/6/6/3/2/5/5 3 3,Z,0.6111111111111111111111111111,2,SLEEP,Z,0.02743315,0.04566997
7/7/7/6/6/3/2/5/3 3 3,X,0.6428571428571428571428571429,4,SLEEP,Z,0.05192469,0.09399632
7/7/7/6/6/3/2/3/6 3 3,Z,0.7222222222222222222222222222,4,SLEEP,Z,0.04760601,0.1339434
7/7/7/6/6/3/2/3/5 3 3,Z,0.7222222222222222222222222222,2,SLEEP,Z,0.03518922,0.1006301
7/7/7/6/6/3/2/3/3 3 3,Z,0.7222222222222222222222222222,8,SLEEP,Z,0.1609928,0.3446963
7/7/7/6/6/3/2/7/4 3 3,Z,0.6111111111111111111111111111,4,SLEEP,Z,0.03235052,0.06458028
7/7/7/6/6/3/2/7/2 3 3,Z,0.6111111111111111111111111111,2,SLEEP,Z,0.01872231,0.06295402
7/7/7/6/6/3/2/7/1 3 3,X,0.6428571428571428571428571429,4,SLEEP,Z,0.03269589,0.09110922
7/7/7/6/6/3/6/2/6 3 3,Z,0.6111111111111111111111111111,4,SLEEP,Z,0.08927162,0.1686313
7/7/7/6/6/3/6/2/5 3 3,Z,0.6111111111111111111111111111,2,SLEEP,Z,0.01223703,0.0354893
7/7/7/6/6/3/6/2/3 3 3,X,0.8333333333333333333333333333,2,SLEEP,Z,0.02863629,0.08041397
7/7/7/6/6/3/6/6/4 3 3,Z,-0.7,2,SLEEP,Z,0,0
7/7/7/6/6/3/6/6/2 3 3,Z,-0.7,2,SLEEP,Z,0,0
7/7/7/6/6/3/6/6/1 3 3,X,0.8333333333333333333333333333,6,SLEEP,Z,0.1060337,0.1185805
7/7/7/6/6/3/6/5/4 3 3,Z,0.6111111111111111111111111111,2,SLEEP,Z,0.005923387,0.02333482
7/7/7/6/6/3/6/5/2 3 3,Z,0.6111111111111111111111111111,2,SLEEP,Z,0,0
7/7/7/6/6/3/6/5/1 3 3,X,0.8333333333333333333333333333,4,SLEEP,Z,0.05269765,0.1316795
7/7/7/6/6/3/6/3/4 3 3,Z,0.7222222222222222222222222222,2,SLEEP,Z,0.04386739,0.1391026
7/7/7/6/6/3/6/3/2 3 3,Z,0.7222222222222222222222222222,4,SLEEP,Z,0.06940544,0.22763
7/7/7/6/6/3/6/3/1 3 3,X,0.8333333333333333333333333333,4,SLEEP,Z,0.1398922,0.2908233
7/7/7/6/6/3/5/2/6 3 3,Z,0.6111111111111111111111111111,2,SLEEP,Z,0.02009116,0.04288155
7/7/7/6/6/3/5/2/5 3 3,Z,0.6111111111111111111111111111,4,SLEEP,Z,0.05544065,0.1073273
7/7/7/6/6/3/5/2/3 3 3,X,0.6428571428571428571428571429,8,SLEEP,Z,0.1191838,0.265902
7/7/7/6/6/3/5/6/4 3 3,Z,-0.7,2,SLEEP,Z,0,0
7/7/7/6/6/3/5/6/2 3 3,Z,-0.7,2,SLEEP,Z,0,0
7/7/7/6/6/3/5/6/1 3 3,Z,-0.7,4,SLEEP,Z,0.03381682,0.0732563
7/7/7/6/6/3/5/5/4 3 3,Z,0.6111111111111111111111111111,2,SLEEP,Z,0.0245982,0.08023876
7/7/7/6/6/3/5/5/2 3 3,Z,0.6111111111111111111111111111,4,SLEEP,Z,0.0720918,0.2900263
7/7/7/6/6/3/5/5/1 3 3,X,0.6428571428571428571428571429,4,SLEEP,Z,0.02669981,0.05702813
7/7/7/6/6/3/5/3/4 3 3,Z,0.7222222222222222222222222222,2,SLEEP,Z,0.03165075,0.1020449
7/7/7/6/6/3/5/3/2 3 3,Z,0.7222222222222222222222222222,4,SLEEP,Z,0.06778698,0.2185405
7/7/7/6/6/3/5/3/1 3 3,Z,0.7222222222222222222222222222,4,SLEEP,Z,0.03994983,0.1330131
7/7/7/6/6/3/3/2/6 3 3,X,-0.8333333333333333333333333333,2,SLEEP,Z,0.0372776,0.1039773
7/7/7/6/6/3/3/2/5 3 3,X,0.6428571428571428571428571429,22,SLEEP,Z,0.0498643,0.1450289
7/7/7/6/6/3/3/2/3 3 3,X,0.7857142857142857142857142857,4,SLEEP,Z,0.04191381,0.1278245
7/7/7/6/6/3/3/6/4 3 3,X,-0.8333333333333333333333333333,2,SLEEP,Z,0.07472219,0.3535714
7/7/7/6/6/3/3/6/2 3 3,Z,-0.7,4,SLEEP,Z,0.04196366,0.1139932
7/7/7/6/6/3/3/6/1 3 3,X,0.7857142857142857142857142857,4,SLEEP,Z,0.04137478,0.1114821
7/7/7/6/6/3/3/5/4 3 3,X,-0.8333333333333333333333333333,4,SLEEP,Z,0.02869597,0.0936422
7/7/7/6/6/3/3/5/2 3 3,X,0.6428571428571428571428571429,4,SLEEP,Z,0.03811061,0.1127116
7/7/7/6/6/3/3/5/1 3 3,X,0.7857142857142857142857142857,2,SLEEP,Z,0.02623159,0.08170549
7/7/7/6/6/3/3/3/4 3 3,X,-0.8333333333333333333333333333,4,SLEEP,Z,0.0641916,0.1936412
7/7/7/6/6/3/3/3/2 3 3,Z,0.7222222222222222222222222222,4,SLEEP,Z,0.1570282,0.3601851
7/7/7/6/6/3/3/3/1 3 3,X,0.7857142857142857142857142857,4,SLEEP,Z,0.1179434,0.2642945
7/7/7/6/6/3/7/2/4 3 3,Z,0.6111111111111111111111111111,2,SLEEP,Z,0.01609157,0.05100949
7/7/7/6/6/3/7/2/2 3 3,Z,0.6111111111111111111111111111,2,SLEEP,Z,0.00874007,0.02274244
7/7/7/6/6/3/7/2/1 3 3,X,0.6428571428571428571428571429,4,SLEEP,Z,0.0281056,0.09652031
7/7/7/6/6/7/2/2/6 3 3,X,-0.6666666666666666666666666666,2,SLEEP,Z,0.02015835,0.05878203
7/7/7/6/6/7/2/2/5 3 3,Z,0.5,2,SLEEP,Z,0.01619743,0.04901497
7/7/7/6/6/7/2/2/3 3 3,X,0.6666666666666666666666666666,2,SLEEP,Z,0.03875455,0.09066688
7/7/7/6/6/7/2/6/4 3 3,X,-0.6666666666666666666666666666,2,SLEEP,Z,0.01123052,0.04070177
7/7/7/6/6/7/2/6/2 3 3,X,0.5,2,SLEEP,Z,0,0
7/7/7/6/6/7/2/6/1 3 3,X,0.6666666666666666666666666666,2,SLEEP,Z,0.01432183,0.03851739
7/7/7/6/6/7/2/5/4 3 3,X,-0.6666666666666666666666666666,2,SLEEP,Z,0.01221596,0.04610485
7/7/7/6/6/7/2/5/2 3 3,Z,0.5,2,SLEEP,Z,0.01206176,0.04428414
7/7/7/6/6/7/2/5/1 3 3,X,0.6666666666666666666666666666,2,SLEEP,Z,0.0250476,0.08404141
7/7/7/6/6/7/2/3/4 3 3,X,-0.6666666666666666666666666666,2,SLEEP,Z,0.02351363,0.04608496
7/7/7/6/6/7/2/3/2 3 3,Z,0.6111111111111111111111111111,2,SLEEP,Z,0.0282084,0.09478868
7/7/7/6/6/7/2/3/1 3 3,X,0.6666666666666666666666666666,4,SLEEP,Z,0.1791866,0.3588125
7/7/7/6/6/7/6/2/4 3 3,Z,0.5,2,SLEEP,Z,0.02111247,0.07009397
7/7/7/6/6/7/6/2/2 3 3,Z,0.5,2,SLEEP,Z,0.01966364,0.06855726
7/7/7/6/6/7/5/2/4 3 3,Z,0.5,2,SLEEP,Z,0.01565746,0.05304955
7/7/7/6/6/7/5/2/2 3 3,Z,0.5,4,SLEEP,Z,0.02953564,0.1000114
7/7/7/6/6/7/5/2/1 3 3,X,0.6428571428571428571428571429,2,SLEEP,Z,0,0
7/7/7/6/6/7/3/2/2 3 3,X,0.6428571428571428571428571429,4,SLEEP,Z,0.05067752,0.140466
7/7/7/6/6/7/3/2/1 3 3,X,0.7857142857142857142857142857,4,SLEEP,Z,0.05043238,0.1559335
7/7/7/6/5/2/2/6/7 3 3,Z,0.5,2,SLEEP,Z,0.03289738,0.04758213
7/7/7/6/5/2/2/5/7 3 3,Z,0.5,2,SLEEP,Z,0.03803889,0.09682453
7/7/7/6/5/2/2/3/7 3 3,Z,0.6111111111111111111111111111,2,SLEEP,Z,0.04042585,0.08650985
7/7/7/6/5/2/2/7/6 3 3,Z,0.5,2,SLEEP,Z,0,0
7/7/7/6/5/2/2/7/5 3 3,Z,0.5,2,SLEEP,Z,0,0
7/7/7/6/5/2/2/7/3 3 3,Z,0.5,2,SLEEP,Z,0.02167514,0.04692333
7/7/7/6/5/2/6/2/7 3 3,Z,0.5,2,SLEEP,Z,0,0
7/7/7/6/5/2/6/6/6 3 3,Z,0.5,2,SLEEP,Z,0,0
7/7/7/6/5/2/6/6/5 3 3,X,0.5,2,SLEEP,Z,0,0
7/7/7/6/5/2/6/6/3 3 3,X,0.75,2,SLEEP,Z,0.01442038,0.03551843
7/7/7/6/5/2/6/5/6 3 3,Z,0.5,2,SLEEP,Z,0.01575487,0.03612082
7/7/7/6/5/2/6/5/5 3 3,Z,0.5,2,SLEEP,Z,0,0
7/7/7/6/5/2/6/5/3 3 3,X,0.75,2,SLEEP,Z,0,0
7/7/7/6/5/2/6/3/6 3 3,Z,0.6111111111111111111111111111,2,SLEEP,Z,0.03835854,0.1080408
7/7/7/6/5/2/6/3/5 3 3,Z,0.6111111111111111111111111111,4,SLEEP,Z,0.0507175,0.1435814
7/7/7/6/5/2/6/3/3 3 3,X,0.75,2,SLEEP,Z,0.04030733,0.09482166
7/7/7/6/5/2/6/7/4 3 3,Z,0.5,2,SLEEP,Z,0.02008514,0.07913283
7/7/7/6/5/2/6/7/2 3 3,Z,0.5,2,SLEEP,Z,0.02484785,0.08207276
7/7/7/6/5/2/6/7/1 3 3,X,0.75,2,SLEEP,Z,0.01745289,0.04729258
7/7/7/6/5/2/5/2/7 3 3,Z,0.5,2,SLEEP,Z,0.03474273,0.3371417
7/7/7/6/5/2/5/6/6 3 3,Z,0.5,2,SLEEP,Z,0.07242361,0.3117878
7/7/7/6/5/2/5/6/5 3 3,Z,0.5,2,SLEEP,Z,0,0
7/7/7/6/5/2/5/6/3 3 3,Z,0.5,2,SLEEP,Z,0,0
7/7/7/6/5/2/5/5/6 3 3,Z,0.5,2,SLEEP,Z,0.03332686,0.06941434
7/7/7/6/5/2/5/5/5 3 3,Z,0.5,2,SLEEP,Z,0.0214299,0.05249801
7/7/7/6/5/2/5/5/3 3 3,Z,0.5,2,SLEEP,Z,0.02876114,0.06513879
7/7/7/6/5/2/5/3/6 3 3,Z,0.6111111111111111111111111111,4,SLEEP,Z,0.07392719,0.3467404
7/7/7/6/5/2/5/3/5 3 3,Z,0.6111111111111111111111111111,2,SLEEP,Z,0.03723829,0.1000357
7/7/7/6/5/2/5/3/3 3 3,Z,0.6111111111111111111111111111,4,SLEEP,Z,0.08000558,0.1647262
7/7/7/6/5/2/5/7/4 3 3,Z,0.5,2,SLEEP,Z,0.0275925,0.06711419
7/7/7/6/5/2/5/7/2 3 3,Z,0.5,2,SLEEP,Z,0.04651295,0.3080949
7/7/7/6/5/2/5/7/1 3 3,Z,0.5,2,SLEEP,Z,0.01553944,0.05235285
7/7/7/6/5/2/3/2/7 3 3,Z,0.5,2,SLEEP,Z,0.01687474,0.04478626
7/7/7/6/5/2/3/6/6 3 3,X,-0.75,2,SLEEP,Z,0,0
7/7/7/6/5/2/3/6/5 3 3,X,-0.5,2,SLEEP,Z,0,0
7/7/7/6/5/2/3/6/3 3 3,Z,0.5,2,SLEEP,Z,0,0
7/7/7/6/5/2/3/5/6 3 3,X,-0.75,2,SLEEP,Z,0.008438738,0.02474179
7/7/7/6/5/2/3/5/5 3 3,Z,0.5,2,SLEEP,Z,0.01600819,0.04284853
7/7/7/6/5/2/3/5/3 3 3,Z,0.5,2,SLEEP,Z,0.02781256,0.07852522
7/7/7/6/5/2/3/3/6 3 3,X,-0.75,2,SLEEP,Z,0.03088178,0.08896698
7/7/7/6/5/2/3/3/5 3 3,Z,0.6111111111111111111111111111,4,SLEEP,Z,0.1007861,0.2905568
7/7/7/6/5/2/3/3/3 3 3,Z,0.6111111111111111111111111111,4,SLEEP,Z,0.09734549,0.3122276
7/7/7/6/5/2/3/7/4 3 3,X,-0.75,2,SLEEP,Z,0,0
7/7/7/6/5/2/3/7/2 3 3,Z,0.5,2,SLEEP,Z,0.01723801,0.05593556
7/7/7/6/5/2/3/7/1 3 3,Z,0.5,2,SLEEP,Z,0.01628318,0.04739551
7/7/7/6/5/2/7/2/6 3 3,Z,0.5,2,SLEEP,Z,0,0
7/7/7/6/5/2/7/2/5 3 3,Z,0.5,2,SLEEP,Z,0,0
7/7/7/6/5/2/7/2/3 3 3,Z,0.5,2,SLEEP,Z,0,0
7/7/7/6/5/2/7/6/4 3 3,Z,0.5,2,SLEEP,Z,0,0
7/7/7/6/5/2/7/6/2 3 3,Z,0.5,2,SLEEP,Z,0,0
7/7/7/6/5/2/7/6/1 3 3,Z,0.5,2,SLEEP,Z,0.01357077,0.02726128
7/7/7/6/5/2/7/5/4 3 3,Z,0.5,2,SLEEP,Z,0.01011136,0.02705033
7/7/7/6/5/2/7/5/2 3 3,Z,0.5,2,SLEEP,Z,0,0
7/7/7/6/5/2/7/5/1 3 3,Z,0.5,2,SLEEP,Z,0,0
7/7/7/6/5/2/7/3/4 3 3,Z,0.6111111111111111111111111111,2,SLEEP,Z,0.02068518,0.06512573
7/7/7/6/5/2/7/3/2 3 3,Z,0.6111111111111111111111111111,2,SLEEP,Z,0.04175428,0.1065458
7/7/7/6/5/2/7/3/1 3 3,Z,0.6111111111111111111111111111,2,SLEEP,Z,0.02827324,0.07051302
7/7/7/6/5/6/2/2/7 3 3,Z,0.5,2,SLEEP,Z,0.01327626,0.04287472
7/7/7/6/5/6/2/6/6 3 3,X,-0.5,2,SLEEP,Z,0.00537625,0.01969438
7/7/7/6/5/6/2/6/5 3 3,Z,0.5,2,SLEEP,Z,0,0
7/7/7/6/5/6/2/6/3 3 3,X,0.5,2,SLEEP,Z,0,0
7/7/7/6/5/6/2/5/6 3 3,Z,0.5,2,SLEEP,Z,0,0
7/7/7/6/5/6/2/5/5 3 3,Z,0.5,2,SLEEP,Z,0,0
7/7/7/6/5/6/2/5/3 3 3,Z,0.5,2,SLEEP,Z,0,0
7/7/7/6/5/6/2/3/6 3 3,Z,0.7,2,SLEEP,Z,0.02083289,0.05427805
7/7/7/6/5/6/2/3/5 3 3,Z,0.7,2,SLEEP,Z,0.03711546,0.09724598
7/7/7/6/5/6/2/3/3 3 3,Z,0.7,4,SLEEP,Z,0.0470043,0.1393942
7/7/7/6/5/6/2/7/4 3 3,Z,0.5,2,SLEEP,Z,0.03647238,0.08962047
7/7/7/6/5/6/2/7/2 3 3,Z,0.5,2,SLEEP,Z,0.01619715,0.05413254
7/7/7/6/5/6/2/7/1 3 3,Z,0.5,2,SLEEP,Z,0.01745459,0.05118909
7/7/7/6/5/6/6/2/6 3 3,Z,0.5,2,SLEEP,Z,0.01153428,0.03561741
7/7/7/6/5/6/6/2/5 3 3,Z,0.5,2,SLEEP,Z,0,0
7/7/7/6/5/6/6/2/3 3 3,X,0.8333333333333333333333333333,2,SLEEP,Z,0.01603268,0.02755068
7/7/7/6/5/6/6/6/4 3 3,Z,0.5,2,SLEEP,Z,0.02173456,0.06404211
7/7/7/6/5/6/6/6/2 3 3,X,0.5,2,SLEEP,Z,0.01150719,0.05082721
7/7/7/6/5/6/6/6/1 3 3,X,0.8333333333333333333333333333,2,SLEEP,Z,0,0
7/7/7/6/5/6/6/5/4 3 3,Z,0.5,2,SLEEP,Z,0.008464677,0.04521685
7/7/7/6/5/6/6/5/2 3 3,Z,0.5,2,SLEEP,Z,0,0
7/7/7/6/5/6/6/5/1 3 3,X,0.8333333333333333333333333333,2,SLEEP,Z,0.009963322,0.03346927
7/7/7/6/5/6/6/3/4 3 3,Z,0.7,2,SLEEP,Z,0.04544215,0.1123987
7/7/7/6/5/6/6/3/2 3 3,Z,0.7,2,SLEEP,Z,0.03512342,0.1052242
7/7/7/6/5/6/6/3/1 3 3,X,0.8333333333333333333333333333,2,SLEEP,Z,0.02216777,0.06915815
7/7/7/6/5/6/5/2/6 3 3,Z,0.5,2,SLEEP,Z,0.02258764,0.07670035
7/7/7/6/5/6/5/2/5 3 3,Z,0.5,2,SLEEP,Z,0,0
7/7/7/6/5/6/5/2/3 3 3,Z,0.5,2,SLEEP,Z,0,0
7/7/7/6/5/6/5/6/4 3 3,Z,0.5,2,SLEEP,Z,0,0
7/7/7/6/5/6/5/6/2 3 3,Z,0.5,2,SLEEP,Z,0,0
7/7/7/6/5/6/5/6/1 3 3,Z,0.5,2,SLEEP,Z,0,0
7/7/7/6/5/6/5/5/4 3 3,Z,0.5,2,SLEEP,Z,0.01445447,0.01689875
7/7/7/6/5/6/5/5/2 3 3,Z,0.5,2,SLEEP,Z,0,0
7/7/7/6/5/6/5/5/1 3 3,Z,0.5,2,SLEEP,Z,0,0
7/7/7/6/5/6/5/3/4 3 3,Z,0.7,2,SLEEP,Z,0.0197461,0.05600812
7/7/7/6/5/6/5/3/2 3 3,Z,0.7,2,SLEEP,Z,0.02684301,0.08413899
7/7/7/6/5/6/5/3/1 3 3,Z,0.7,2,SLEEP,Z,0.04361072,0.1126367
7/7/7/6/5/6/3/2/6 3 3,X,-0.8333333333333333333333333333,2,SLEEP,Z,0.03104803,0.06574082
7/7/7/6/5/6/3/2/5 3 3,Z,0.5,2,SLEEP,Z,0.01821644,0.06865843
7/7/7/6/5/6/3/2/3 3 3,Z,0.5,2,SLEEP,Z,0.007009319,0.02041762
7/7/7/6/5/6/3/6/4 3 3,X,-0.8333333333333333333333333333,2,SLEEP,Z,0,0
7/7/7/6/5/6/3/6/2 3 3,X,-0.5,2,SLEEP,Z,0,0
7/7/7/6/5/6/3/6/1 3 3,Z,0.5,2,SLEEP,Z,0,0
7/7/7/6/5/6/3/5/4 3 3,X,-0.8333333333333333333333333333,2,SLEEP,Z,0.03269121,0.08493359
7/7/7/6/5/6/3/5/2 3 3,Z,0.5,2,SLEEP,Z,0.01428012,0.05944352
7/7/7/6/5/6/3/5/1 3 3,Z,0.5,2,SLEEP,Z,0.006031219,0.02895036
7/7/7/6/5/6/3/3/4 3 3,X,-0.8333333333333333333333333333,2,SLEEP,Z,0.02544731,0.07843438
7/7/7/6/5/6/3/3/2 3 3,Z,0.7,2,SLEEP,Z,0.1292463,0.2819645
7/7/7/6/5/6/3/3/1 3 3,Z,0.7,2,SLEEP,Z,0.04521432,0.1270433
7/7/7/6/5/6/7/2/4 3 3,Z,0.5,2,SLEEP,Z,0,0
7/7/7/6/5/6/7/2/2 3 3,Z,0.5,2,SLEEP,Z,0,0
7/7/7/6/5/6/7/2/1 3 3,Z,0.5,2,SLEEP,Z,0,0
7/7/7/6/5/5/2/2/7 3 3,Z,0.5,2,SLEEP,Z,0.009220505,0.02858387
7/7/7/6/5/5/2/6/6 3 3,X,-0.5,2,SLEEP,Z,0.01208967,0.0416195
7/7/7/6/5/5/2/6/5 3 3,Z,0.5,2,SLEEP,Z,0,0
7/7/7/6/5/5/2/6/3 3 3,X,0.5,2,SLEEP,Z,0,0
7/7/7/6/5/5/2/5/6 3 3,Z,0.5,4,SLEEP,Z,0.05464828,0.1681672
7/7/7/6/5/5/2/5/5 3 3,Z,0.5,2,SLEEP,Z,0,0
7/7/7/6/5/5/2/5/3 3 3,Z,0.5,2,SLEEP,Z,0.01041598,0.03479684
7/7/7/6/5/5/2/3/6 3 3,Z,0.6111111111111111111111111111,4,SLEEP,Z,0.04569975,0.1491272
7/7/7/6/5/5/2/3/5 3 3,Z,0.6111111111111111111111111111,2,SLEEP,Z,0.02264284,0.07183625
7/7/7/6/5/5/2/3/3 3 3,Z,0.6111111111111111111111111111,2,SLEEP,Z,0.02573491,0.05369588
7/7/7/6/5/5/2/7/4 3 3,Z,0.5,2,SLEEP,Z,0.02226164,0.0936801
7/7/7/6/5/5/2/7/2 3 3,Z,0.5,2,SLEEP,Z,0.06028401,0.1341649
7/7/7/6/5/5/2/7/1 3 3,Z,0.5,2,SLEEP,Z,0.008728282,0.03075142
7/7/7/6/5/5/6/2/6 3 3,Z,0.5,2,SLEEP,Z,0.01609042,0.06234933
7/7/7/6/5/5/6/2/5 3 3,Z,0.5,2,SLEEP,Z,0.0149143,0.04851498
7/7/7/6/5/5/6/2/3 3 3,X,0.8333333333333333333333333333,2,SLEEP,Z,0.03228121,0.06899564
7/7/7/6/5/5/6/6/4 3 3,Z,0.5,2,SLEEP,Z,0.01145649,0.05396469
7/7/7/6/5/5/6/6/2 3 3,X,0.5,2,SLEEP,Z,0,0
7/7/7/6/5/5/6/6/1 3 3,X,0.8333333333333333333333333333,2,SLEEP,Z,0,0
7/7/7/6/5/5/6/5/4 3 3,Z,0.5,2,SLEEP,Z,0.008681403,0.03432986
7/7/7/6/5/5/6/5/2 3 3,Z,0.5,2,SLEEP,Z,0.009148403,0.03212928
7/7/7/6/5/5/6/5/1 3 3,X,0.8333333333333333333333333333,2,SLEEP,Z,0.0328326,0.08140117
7/7/7/6/5/5/6/3/4 3 3,Z,0.6111111111111111111111111111,4,SLEEP,Z,0.03706658,0.1244614
7/7/7/6/5/5/6/3/2 3 3,Z,0.6111111111111111111111111111,2,SLEEP,Z,0.01086767,0.03575297
7/7/7/6/5/5/6/3/1 3 3,X,0.8333333333333333333333333333,2,SLEEP,Z,0.01153295,0.04090914
7/7/7/6/5/5/5/2/6 3 3,Z,0.5,2,SLEEP,Z,0.02843984,0.09447376
7/7/7/6/5/5/5/2/5 3 3,Z,0.5,2,SLEEP,Z,0.02069455,0.0653615
7/7/7/6/5/5/5/2/3 3 3,Z,0.5,2,SLEEP,Z,0.02449092,0.1036615
7/7/7/6/5/5/5/6/4 3 3,Z,0.5,2,SLEEP,Z,0,0
7/7/7/6/5/5/5/6/2 3 3,Z,0.5,2,SLEEP,Z,0,0
7/7/7/6/5/5/5/6/1 3 3,Z,0.5,2,SLEEP,Z,0,0
7/7/7/6/5/5/5/5/4 3 3,Z,0.5,2,SLEEP,Z,0.01876873,0.05280547
7/7/7/6/5/5/5/5/2 3 3,Z,0.5,2,SLEEP,Z,0.01550106,0.05804951
7/7/7/6/5/5/5/5/1 3 3,Z,0.5,2,SLEEP,Z,0,0
7/7/7/6/5/5/5/3/4 3 3,Z,0.6111111111111111111111111111,2,SLEEP,Z,0.02647138,0.07227123
7/7/7/6/5/5/5/3/2 3 3,Z,0.6111111111111111111111111111,4,SLEEP,Z,0.03794599,0.1249381
7/7/7/6/5/5/5/3/1 3 3,Z,0.6111111111111111111111111111,2,SLEEP,Z,0.02511462,0.07807503
7/7/7/6/5/5/3/2/6 3 3,X,-0.8333333333333333333333333333,2,SLEEP,Z,0.0262341,0.06021129
7/7/7/6/5/5/3/2/5 3 3,Z,0.5,2,SLEEP,Z,0.04600894,0.1238295
7/7/7/6/5/5/3/2/3 3 3,Z,0.5,2,SLEEP,Z,0.0566323,0.2259879
7/7/7/6/5/5/3/6/4 3 3,X,-0.8333333333333333333333333333,2,SLEEP,Z,0,0
7/7/7/6/5/5/3/6/2 3 3,X,-0.5,2,SLEEP,Z,0,0
7/7/7/6/5/5/3/6/1 3 3,Z,0.5,2,SLEEP,Z,0,0
7/7/7/6/5/5/3/5/4 3 3,X,-0.8333333333333333333333333333,2,SLEEP,Z,0.0356095,0.07250345
7/7/7/6/5/5/3/5/2 3 3,Z,0.5,2,SLEEP,Z,0.01560435,0.04647239
7/7/7/6/5/5/3/5/1 3 3,Z,0.5,2,SLEEP,Z,0.006802543,0.02551917
7/7/7/6/5/5/3/3/4 3 3,X,-0.8333333333333333333333333333,2,SLEEP,Z,0.02475251,0.0970776
7/7/7/6/5/5/3/3/2 3 3,Z,0.6111111111111111111111111111,4,SLEEP,Z,0.03959423,0.1669701
7/7/7/6/5/5/3/3/1 3 3,Z,0.6111111111111111111111111111,4,SLEEP,Z,0.08362905,0.3052595
7/7/7/6/5/5/7/2/4 3 3,Z,0.5,2,SLEEP,Z,0.02119543,0.06878234
7/7/7/6/5/5/7/2/2 3 3,Z,0.5,2,SLEEP,Z,0.01387659,0.04906274
7/7/7/6/5/5/7/2/1 3 3,Z,0.5,2,SLEEP,Z,0,0
7/7/7/6/5/3/2/2/7 3 3,Z,0.6111111111111111111111111111,2,SLEEP,Z,0.01189304,0.03232867
7/7/7/6/5/3/2/6/6 3 3,Z,-0.7,2,SLEEP,Z,0.005149764,0.01649982
7/7/7/6/5/3/2/6/5 3 3,Z,-0.7,2,SLEEP,Z,0,0
7/7/7/6/5/3/2/6/3 3 3,Z,-0.7,2,SLEEP,Z,0.02023602,0.01965988
7/7/7/6/5/3/2/5/6 3 3,Z,0.6111111111111111111111111111,2,SLEEP,Z,0.04711376,0.1011355
7/7/7/6/5/3/2/5/5 3 3,Z,0.6111111111111111111111111111,4,SLEEP,Z,0.07365546,0.1604367
7/7/7/6/5/3/2/5/3 3 3,Z,0.6111111111111111111111111111,2,SLEEP,Z,0.03831402,0.05013697
7/7/7/6/5/3/2/3/6 3 3,Z,0.7222222222222222222222222222,4,SLEEP,Z,0.04623643,0.1400638
7/7/7/6/5/3/2/3/5 3 3,Z,0.7222222222222222222222222222,4,SLEEP,Z,0.03488973,0.1131756
7/7/7/6/5/3/2/3/3 3 3,Z,0.7222222222222222222222222222,4,SLEEP,Z,0.05503078,0.1632323
7/7/7/6/5/3/2/7/4 3 3,Z,0.6111111111111111111111111111,2,SLEEP,Z,0.04589184,0.1067462
7/7/7/6/5/3/2/7/2 3 3,Z,0.6111111111111111111111111111,2,SLEEP,Z,0,0
7/7/7/6/5/3/2/7/1 3 3,Z,0.6111111111111111111111111111,2,SLEEP,Z,0.02009158,0.05425271
7/7/7/6/5/3/6/2/6 3 3,Z,0.6111111111111111111111111111,2,SLEEP,Z,0.01448987,0.04246469
7/7/7/6/5/3/6/2/5 3 3,Z,0.6111111111111111111111111111,2,SLEEP,Z,0.02189111,0.06412441
7/7/7/6/5/3/6/2/3 3 3,X,0.8333333333333333333333333333,2,SLEEP,Z,0.02746081,0.08170441
7/7/7/6/5/3/6/6/4 3 3,Z,-0.7,2,SLEEP,Z,0,0
7/7/7/6/5/3/6/6/2 3 3,Z,-0.7,2,SLEEP,Z,0,0
7/7/7/6/5/3/6/6/1 3 3,X,0.8333333333333333333333333333,2,SLEEP,Z,0.02341259,0.05852995
7/7/7/6/5/3/6/5/4 3 3,Z,0.6111111111111111111111111111,2,SLEEP,Z,0,0
7/7/7/6/5/3/6/5/2 3 3,Z,0.6111111111111111111111111111,2,SLEEP,Z,0,0
7/7/7/6/5/3/6/5/1 3 3,X,0.8333333333333333333333333333,2,SLEEP,Z,0.01846565,0.04105434
7/7/7/6/5/3/6/3/4 3 3,Z,0.7222222222222222222222222222,2,SLEEP,Z,0.02123523,0.07194681
7/7/7/6/5/3/6/3/2 3 3,Z,0.7222222222222222222222222222,4,SLEEP,Z,0.05041396,0.1674394
7/7/7/6/5/3/6/3/1 3 3,X,0.8333333333333333333333333333,4,SLEEP,Z,0.05634963,0.1682329
7/7/7/6/5/3/5/2/6 3 3,Z,0.6111111111111111111111111111,2,SLEEP,Z,0.01541989,0.04066116
7/7/7/6/5/3/5/2/5 3 3,Z,0.6111111111111111111111111111,2,SLEEP,Z,0,0
7/7/7/6/5/3/5/2/3 3 3,Z,0.6111111111111111111111111111,2,SLEEP,Z,0.01861419,0.05374373
7/7/7/6/5/3/5/6/4 3 3,Z,-0.7,2,SLEEP,Z,0.01056099,0.03857531
7/7/7/6/5/3/5/6/2 3 3,Z,-0.7,2,SLEEP,Z,0.01094043,0.01255886
7/7/7/6/5/3/5/6/1 3 3,Z,-0.7,2,SLEEP,Z,0,0
7/7/7/6/5/3/5/5/4 3 3,Z,0.6111111111111111111111111111,2,SLEEP,Z,0.02770031,0.07896604
7/7/7/6/5/3/5/5/2 3 3,Z,0.6111111111111111111111111111,2,SLEEP,Z,0.03049701,0.08765671
7/7/7/6/5/3/5/5/1 3 3,Z,0.6111111111111111111111111111,2,SLEEP,Z,0.01500444,0.04548958
7/7/7/6/5/3/5/3/4 3 3,Z,0.7222222222222222222222222222,4,SLEEP,Z,0.1073217,0.2626578
7/7/7/6/5/3/5/3/2 3 3,Z,0.7222222222222222222222222222,4,SLEEP,Z,0.0600545,0.2019917
7/7/7/6/5/3/5/3/1 3 3,Z,0.7222222222222222222222222222,2,SLEEP,Z,0.03984358,0.1318138
7/7/7/6/5/3/3/2/6 3 3,X,-0.8333333333333333333333333333,2,SLEEP,Z,0.04129364,0.103696
7/7/7/6/5/3/3/2/5 3 3,Z,0.6111111111111111111111111111,4,SLEEP,Z,0.09064305,0.2975852
7/7/7/6/5/3/3/2/3 3 3,Z,0.6111111111111111111111111111,2,SLEEP,Z,0.02169096,0.06388908
7/7/7/6/5/3/3/6/4 3 3,X,-0.8333333333333333333333333333,2,SLEEP,Z,0.1177599,0.1253518
7/7/7/6/5/3/3/6/2 3 3,Z,-0.7,2,SLEEP,Z,0,0
7/7/7/6/5/3/3/6/1 3 3,Z,-0.7,2,SLEEP,Z,0.008259157,0.03703267
7/7/7/6/5/3/3/5/4 3 3,X,-0.8333333333333333333333333333,2,SLEEP,Z,0.02221769,0.06781041
7/7/7/6/5/3/3/5/2 3 3,Z,0.6111111111111111111111111111,2,SLEEP,Z,0.009580584,0.03094565
7/7/7/6/5/3/3/5/1 3 3,Z,0.6111111111111111111111111111,2,SLEEP,Z,0.01958495,0.05767748
7/7/7/6/5/3/3/3/4 3 3,X,-0.8333333333333333333333333333,4,SLEEP,Z,0.061091,0.1744075
7/7/7/6/5/3/3/3/2 3 3,Z,0.7222222222222222222222222222,2,SLEEP,Z,0.03069261,0.09924213
7/7/7/6/5/3/3/3/1 3 3,Z,0.7222222222222222222222222222,4,SLEEP,Z,0.03577419,0.1141333
7/7/7/6/5/3/7/2/4 3 3,Z,0.6111111111111111111111111111,2,SLEEP,Z,0,0
7/7/7/6/5/3/7/2/2 3 3,Z,0.6111111111111111111111111111,2,SLEEP,Z,0.0122419,0.03535067
7/7/7/6/5/3/7/2/1 3 3,Z,0.6111111111111111111111111111,4,SLEEP,Z,0.08514211,0.1901503
7/7/7/6/5/7/2/2/6 3 3,X,-0.6666666666666666666666666666,2,SLEEP,Z,0.008195938,0.02676534
7/7/7/6/5/7/2/2/5 3 3,Z,0.5,2,SLEEP,Z,0.005736759,0.01785107
7/7/7/6/5/7/2/2/3 3 3,X,0.6666666666666666666666666666,2,SLEEP,Z,0.01685409,0.03844604
7/7/7/6/5/7/2/6/4 3 3,X,-0.6666666666666666666666666666,2,SLEEP,Z,0.007768153,0.02873532
7/7/7/6/5/7/2/6/2 3 3,Z,0.5,2,SLEEP,Z,0,0
7/7/7/6/5/7/2/6/1 3 3,X,0.6666666666666666666666666666,2,SLEEP,Z,0,0
7/7/7/6/5/7/2/5/4 3 3,X,-0.6666666666666666666666666666,2,SLEEP,Z,0.05170694,0.05719878
7/7/7/6/5/7/2/5/2 3 3,Z,0.5,2,SLEEP,Z,0,0
7/7/7/6/5/7/2/5/1 3 3,X,0.6666666666666666666666666666,2,SLEEP,Z,0.1209084,0.3168307
7/7/7/6/5/7/2/3/4 3 3,X,-0.6666666666666666666666666666,4,SLEEP,Z,0.04629065,0.1612392
7/7/7/6/5/7/2/3/2 3 3,Z,0.6111111111111111111111111111,2,SLEEP,Z,0.02092304,0.05479925
7/7/7/6/5/7/2/3/1 3 3,X,0.6666666666666666666666666666,4,SLEEP,Z,0.09002083,0.1268043
7/7/7/6/5/7/6/2/4 3 3,Z,0.5,2,SLEEP,Z,0,0
7/7/7/6/5/7/6/2/2 3 3,Z,0.5,2,SLEEP,Z,0,0
7/7/7/6/5/7/5/2/4 3 3,Z,0.5,2,SLEEP,Z,0.01481753,0.05461474
7/7/7/6/5/7/5/2/2 3 3,Z,0.5,2,SLEEP,Z,0.01211928,0.04289155
7/7/7/6/5/7/5/2/1 3 3,Z,0.5,2,SLEEP,Z,0,0
7/7/7/6/5/7/3/2/2 3 3,Z,0.5,2,SLEEP,Z,0.01399263,0.04610507
7/7/7/6/5/7/3/2/1 3 3,Z,0.5,2,SLEEP,Z,0,0
7/7/7/6/3/2/2/6/7 3 3,X,-0.5,2,SLEEP,Z,0,0
7/7/7/6/3/2/2/5/7 3 3,Z,0.5,2,SLEEP,Z,0,0
7/7/7/6/3/2/2/3/7 3 3,Z,0.6111111111111111111111111111,2,SLEEP,Z,0.02693545,0.07783231
7/7/7/6/3/2/2/7/6 3 3,X,-0.6428571428571428571428571429,2,SLEEP,Z,0.04142933,0.1268725
7/7/7/6/3/2/2/7/5 3 3,Z,0.5,2,SLEEP,Z,0.01656259,0.04367477
7/7/7/6/3/2/2/7/3 3 3,Z,0.5,4,SLEEP,Z,0.0340264,0.09015414
7/7/7/6/3/2/6/2/7 3 3,X,-0.6428571428571428571428571429,2,SLEEP,Z,0.02481814,0.06993105
7/7/7/6/3/2/6/6/6 3 3,X,-0.7857142857142857142857142857,4,SLEEP,Z,0.03315758,0.09531119
7/7/7/6/3/2/6/6/5 3 3,X,-0.6428571428571428571428571429,2,SLEEP,Z,0.011251,0.02928087
7/7/7/6/3/2/6/6/3 3 3,X,0.75,2,SLEEP,Z,0.01633209,0.04647088
7/7/7/6/3/2/6/5/6 3 3,X,-0.7857142857142857142857142857,4,SLEEP,Z,0.0503539,0.1546971
7/7/7/6/3/2/6/5/5 3 3,X,-0.6428571428571428571428571429,2,SLEEP,Z,0.06061645,0.1181302
7/7/7/6/3/2/6/5/3 3 3,X,0.75,4,SLEEP,Z,0.04755992,0.1328797
7/7/7/6/3/2/6/3/6 3 3,X,-0.7857142857142857142857142857,4,SLEEP,Z,0.05008087,0.1447256
7/7/7/6/3/2/6/3/5 3 3,X,-0.6428571428571428571428571429,2,SLEEP,Z,0.0388918,0.1072681
7/7/7/6/3/2/6/3/3 3 3,X,0.75,4,SLEEP,Z,0.1206244,0.2123386
7/7/7/6/3/2/6/7/4 3 3,X,-0.7857142857142857142857142857,4,SLEEP,Z,0.03586809,0.1218248
7/7/7/6/3/2/6/7/2 3 3,X,-0.6428571428571428571428571429,2,SLEEP,Z,0.03117939,0.08846049
7/7/7/6/3/2/6/7/1 3 3,X,0.75,2,SLEEP,Z,0.01691657,0.05256927
7/7/7/6/3/2/5/2/7 3 3,Z,0.5,2,SLEEP,Z,0,0
7/7/7/6/3/2/5/6/6 3 3,X,-0.6428571428571428571428571429,2,SLEEP,Z,0.01358372,0.04336597
7/7/7/6/3/2/5/6/5 3 3,X,-0.5,2,SLEEP,Z,0.01993945,0.05850509
7/7/7/6/3/2/5/6/3 3 3,Z,0.5,2,SLEEP,Z,0.009246595,0.03282472
7/7/7/6/3/2/5/5/6 3 3,X,-0.6428571428571428571428571429,4,SLEEP,Z,0.04935206,0.1561182
7/7/7/6/3/2/5/5/5 3 3,Z,0.5,2,SLEEP,Z,0.009333304,0.02706499
7/7/7/6/3/2/5/5/3 3 3,Z,0.5,2,SLEEP,Z,0.02052687,0.0484135
7/7/7/6/3/2/5/3/6 3 3,X,-0.6428571428571428571428571429,4,SLEEP,Z,0.06551771,0.1940955
7/7/7/6/3/2/5/3/5 3 3,Z,0.6111111111111111111111111111,2,SLEEP,Z,0.04540341,0.1356382
7/7/7/6/3/2/5/3/3 3 3,Z,0.6111111111111111111111111111,2,SLEEP,Z,0.03163953,0.09232175
7/7/7/6/3/2/5/7/4 3 3,X,-0.6428571428571428571428571429,2,SLEEP,Z,0,0
7/7/7/6/3/2/5/7/2 3 3,Z,0.5,2,SLEEP,Z,0,0
7/7/7/6/3/2/5/7/1 3 3,Z,0.5,2,SLEEP,Z,0.04426932,0.309903
7/7/7/6/3/2/3/2/7 3 3,Z,0.5,2,SLEEP,Z,0.02766727,0.07663936
7/7/7/6/3/2/3/6/6 3 3,X,-0.75,2,SLEEP,Z,0.05576394,0.1318679
7/7/7/6/3/2/3/6/5 3 3,X,-0.5,2,SLEEP,Z,0.04851856,0.1093122
7/7/7/6/3/2/3/6/3 3 3,Z,0.5,2,SLEEP,Z,0.02134277,0.03857536
7/7/7/6/3/2/3/5/6 3 3,X,-0.75,2,SLEEP,Z,0.08509054,0.3783945
7/7/7/6/3/2/3/5/5 3 3,Z,0.5,2,SLEEP,Z,0.02754023,0.07835753
7/7/7/6/3/2/3/5/3 3 3,Z,0.5,2,SLEEP,Z,0.03106001,0.06370275
7/7/7/6/3/2/3/3/6 3 3,X,-0.75,2,SLEEP,Z,0.05221538,0.1120747
7/7/7/6/3/2/3/3/5 3 3,Z,0.6111111111111111111111111111,2,SLEEP,Z,0.04896628,0.1178142
7/7/7/6/3/2/3/3/3 3 3,Z,0.6111111111111111111111111111,2,SLEEP,Z,0.02845661,0.08060181
7/7/7/6/3/2/3/7/4 3 3,X,-0.75,2,SLEEP,Z,0.01152538,0.03240299
7/7/7/6/3/2/3/7/2 3 3,Z,0.5,2,SLEEP,Z,0,0
7/7/7/6/3/2/3/7/1 3 3,Z,0.5,2,SLEEP,Z,0.0245292,0.05142502
7/7/7/6/3/2/7/2/6 3 3,X,-0.6428571428571428571428571428,4,SLEEP,Z,0.03061462,0.09091711
7/7/7/6/3/2/7/2/5 3 3,Z,0.5,2,SLEEP,Z,0.01112403,0.03147439
7/7/7/6/3/2/7/2/3 3 3,Z,0.5,2,SLEEP,Z,0.01422062,0.04131844
7/7/7/6/3/2/7/6/4 3 3,X,-0.6428571428571428571428571428,4,SLEEP,Z,0.02193758,0.0407576
7/7/7/6/3/2/7/6/2 3 3,X,-0.5,2,SLEEP,Z,0.004900605,0.01303314
7/7/7/6/3/2/7/6/1 3 3,Z,0.5,2,SLEEP,Z,0,0
7/7/7/6/3/2/7/5/4 3 3,X,-0.6428571428571428571428571428,4,SLEEP,Z,0.0459077,0.1521092
7/7/7/6/3/2/7/5/2 3 3,Z,0.5,2,SLEEP,Z,0.01298821,0.03513982
7/7/7/6/3/2/7/5/1 3 3,Z,0.5,2,SLEEP,Z,0,0
7/7/7/6/3/2/7/3/4 3 3,X,-0.6428571428571428571428571428,4,SLEEP,Z,0.04526968,0.1426271
7/7/7/6/3/2/7/3/2 3 3,Z,0.6111111111111111111111111111,4,SLEEP,Z,0.06535622,0.1218999
7/7/7/6/3/2/7/3/1 3 3,Z,0.6111111111111111111111111111,2,SLEEP,Z,0.03254842,0.09152564
7/7/7/6/3/6/2/2/7 3 3,X,-0.5,2,SLEEP,Z,0.02646841,0.05193744
7/7/7/6/3/6/2/6/6 3 3,X,-0.6428571428571428571428571429,2,SLEEP,Z,0.03770107,0.09408812
7/7/7/6/3/6/2/6/5 3 3,X,-0.5,2,SLEEP,Z,0.04437463,0.09044966
7/7/7/6/3/6/2/6/3 3 3,X,0.5,2,SLEEP,Z,0,0
7/7/7/6/3/6/2/5/6 3 3,X,-0.6428571428571428571428571429,4,SLEEP,Z,0.04895648,0.1062478
7/7/7/6/3/6/2/5/5 3 3,X,-0.5,2,SLEEP,Z,0.01147384,0.04010082
7/7/7/6/3/6/2/5/3 3 3,Z,0.5,2,SLEEP,Z,0.1079573,0.1484928
7/7/7/6/3/6/2/3/6 3 3,Z,0.7,2,SLEEP,Z,0.05209859,0.1297832
7/7/7/6/3/6/2/3/5 3 3,Z,0.7,6,SLEEP,Z,0.1946644,0.2880046
7/7/7/6/3/6/2/3/3 3 3,Z,0.7,2,SLEEP,Z,0.03857217,0.0859583
7/7/7/6/3/6/2/7/4 3 3,X,-0.6428571428571428571428571429,2,SLEEP,Z,0.02332593,0.06371359
7/7/7/6/3/6/2/7/2 3 3,X,-0.5,2,SLEEP,Z,0.004181928,0.01349144
7/7/7/6/3/6/2/7/1 3 3,Z,0.5,2,SLEEP,Z,0.009126626,0.03247107
7/7/7/6/3/6/6/2/6 3 3,X,-0.7857142857142857142857142857,2,SLEEP,Z,0.01699089,0.05658585
7/7/7/6/3/6/6/2/5 3 3,X,-0.6428571428571428571428571429,4,SLEEP,Z,0.03574484,0.09051312
7/7/7/6/3/6/6/2/3 3 3,X,0.8333333333333333333333333333,2,SLEEP,Z,0,0
7/7/7/6/3/6/6/6/4 3 3,X,-0.7857142857142857142857142857,4,SLEEP,Z,0.104229,0.2589218
7/7/7/6/3/6/6/6/2 3 3,X,-0.6428571428571428571428571429,4,SLEEP,Z,0.02024222,0.06132286
7/7/7/6/3/6/6/6/1 3 3,X,0.8333333333333333333333333333,2,SLEEP,Z,0,0
7/7/7/6/3/6/6/5/4 3 3,X,-0.7857142857142857142857142857,4,SLEEP,Z,0.08487164,0.2059451
7/7/7/6/3/6/6/5/2 3 3,X,-0.6428571428571428571428571429,2,SLEEP,Z,0.002635269,0.004721703
7/7/7/6/3/6/6/5/1 3 3,X,0.8333333333333333333333333333,2,SLEEP,Z,0,0
7/7/7/6/3/6/6/3/4 3 3,X,-0.7857142857142857142857142857,4,SLEEP,Z,0.1297359,0.3033821
7/7/7/6/3/6/6/3/2 3 3,Z,0.7,4,SLEEP,Z,0.05609676,0.1485575
7/7/7/6/3/6/6/3/1 3 3,X,0.8333333333333333333333333333,4,SLEEP,Z,0.04033151,0.1132807
7/7/7/6/3/6/5/2/6 3 3,X,-0.6428571428571428571428571429,2,SLEEP,Z,0.02766887,0.06839785
7/7/7/6/3/6/5/2/5 3 3,X,-0.5,2,SLEEP,Z,0,0
7/7/7/6/3/6/5/2/3 3 3,Z,0.5,2,SLEEP,Z,0.009435032,0.02883486
7/7/7/6/3/6/5/6/4 3 3,X,-0.6428571428571428571428571429,2,SLEEP,Z,0,0
7/7/7/6/3/6/5/6/2 3 3,X,-0.5,2,SLEEP,Z,0,0
7/7/7/6/3/6/5/6/1 3 3,Z,0.5,2,SLEEP,Z,0,0
7/7/7/6/3/6/5/5/4 3 3,X,-0.6428571428571428571428571429,2,SLEEP,Z,0.02105428,0.07034378
7/7/7/6/3/6/5/5/2 3 3,X,-0.5,2,SLEEP,Z,0.006444099,0.02265319
7/7/7/6/3/6/5/5/1 3 3,Z,0.5,2,SLEEP,Z,0,0
7/7/7/6/3/6/5/3/4 3 3,Z,0.7,2,SLEEP,Z,0.02778831,0.04595393
7/7/7/6/3/6/5/3/2 3 3,Z,0.7,2,SLEEP,Z,0.03888254,0.1024681
7/7/7/6/3/6/5/3/1 3 3,Z,0.7,2,SLEEP,Z,0,0
7/7/7/6/3/6/3/2/6 3 3,X,-0.8333333333333333333333333333,2,SLEEP,Z,0.008821421,0.03422391
7/7/7/6/3/6/3/2/5 3 3,Z,0.5,2,SLEEP,Z,0,0
7/7/7/6/3/6/3/2/3 3 3,Z,0.5,2,SLEEP,Z,0.007683182,0.02495569
7/7/7/6/3/6/3/6/4 3 3,X,-0.8333333333333333333333333333,2,SLEEP,Z,0,0
7/7/7/6/3/6/3/6/2 3 3,X,-0.5,2,SLEEP,Z,0,0
7/7/7/6/3/6/3/6/1 3 3,Z,0.5,2,SLEEP,Z,0.01447074,0.01662829
7/7/7/6/3/6/3/5/4 3 3,X,-0.8333333333333333333333333333,2,SLEEP,Z,0.02279056,0.0631517
7/7/7/6/3/6/3/5/2 3 3,Z,0.5,2,SLEEP,Z,0.0094946,0.03314915
7/7/7/6/3/6/3/5/1 3 3,Z,0.5,4,SLEEP,Z,0.08034424,0.258317
7/7/7/6/3/6/3/3/4 3 3,X,-0.8333333333333333333333333333,2,SLEEP,Z,0.03803235,0.08971309
7/7/7/6/3/6/3/3/2 3 3,Z,0.7,4,SLEEP,Z,0.137875,0.222744
7/7/7/6/3/6/3/3/1 3 3,Z,0.7,2,SLEEP,Z,0.03033116,0.08976752
7/7/7/6/3/6/7/2/4 3 3,X,-0.6428571428571428571428571429,2,SLEEP,Z,0,0
7/7/7/6/3/6/7/2/2 3 3,X,-0.5,2,SLEEP,Z,0,0
7/7/7/6/3/6/7/2/1 3 3,Z,0.5,2,SLEEP,Z,0,0
7/7/7/6/3/5/2/2/7 3 3,Z,0.5,2,SLEEP,Z,0.01235549,0.03681378
7/7/7/6/3/5/2/6/6 3 3,X,-0.6428571428571428571428571429,4,SLEEP,Z,0.03937743,0.1095896
7/7/7/6/3/5/2/6/5 3 3,X,-0.5,2,SLEEP,Z,0,0
7/7/7/6/3/5/2/6/3 3 3,X,0.5,2,SLEEP,Z,0,0
7/7/7/6/3/5/2/5/6 3 3,X,-0.6428571428571428571428571429,4,SLEEP,Z,0.03558077,0.1112038
7/7/7/6/3/5/2/5/5 3 3,Z,0.5,2,SLEEP,Z,0.006816264,0.02596539
7/7/7/6/3/5/2/5/3 3 3,Z,0.5,2,SLEEP,Z,0.02036659,0.04494371
7/7/7/6/3/5/2/3/6 3 3,X,-0.6428571428571428571428571429,4,SLEEP,Z,0.09721521,0.1961401
7/7/7/6/3/5/2/3/5 3 3,Z,0.6111111111111111111111111111,6,SLEEP,Z,0.04197655,0.1415437
7/7/7/6/3/5/2/3/3 3 3,Z,0.6111111111111111111111111111,2,SLEEP,Z,0.02342714,0.07422678
7/7/7/6/3/5/2/7/4 3 3,X,-0.6428571428571428571428571429,2,SLEEP,Z,0.02240365,0.07075261
7/7/7/6/3/5/2/7/2 3 3,Z,0.5,2,SLEEP,Z,0.01114973,0.03631865
7/7/7/6/3/5/2/7/1 3 3,Z,0.5,2,SLEEP,Z,0.03135853,0.1240346
7/7/7/6/3/5/6/2/6 3 3,X,-0.7857142857142857142857142857,2,SLEEP,Z,0.02985715,0.09600236
7/7/7/6/3/5/6/2/5 3 3,X,-0.6428571428571428571428571429,4,SLEEP,Z,0.07177036,0.1635376
7/7/7/6/3/5/6/2/3 3 3,X,0.8333333333333333333333333333,4,SLEEP,Z,0.03219235,0.0957651
7/7/7/6/3/5/6/6/4 3 3,X,-0.7857142857142857142857142857,4,SLEEP,Z,0.06127749,0.1514022
7/7/7/6/3/5/6/6/2 3 3,X,-0.6428571428571428571428571429,2,SLEEP,Z,0.01401915,0.0360585
7/7/7/6/3/5/6/6/1 3 3,X,0.8333333333333333333333333333,2,SLEEP,Z,0,0
7/7/7/6/3/5/6/5/4 3 3,X,-0.7857142857142857142857142857,4,SLEEP,Z,0.04800213,0.1527324
7/7/7/6/3/5/6/5/2 3 3,X,-0.6428571428571428571428571429,2,SLEEP,Z,0,0
7/7/7/6/3/5/6/5/1 3 3,X,0.8333333333333333333333333333,2,SLEEP,Z,0.01498507,0.05591559
7/7/7/6/3/5/6/3/4 3 3,X,-0.7857142857142857142857142857,4,SLEEP,Z,0.06928146,0.2361306
7/7/7/6/3/5/6/3/2 3 3,X,-0.6428571428571428571428571429,2,SLEEP,Z,0.01450127,0.0473049
7/7/7/6/3/5/6/3/1 3 3,X,0.8333333333333333333333333333,2,SLEEP,Z,0.01487306,0.03546048
7/7/7/6/3/5/5/2/6 3 3,X,-0.6428571428571428571428571429,2,SLEEP,Z,0.01766035,0.05879603
7/7/7/6/3/5/5/2/5 3 3,Z,0.5,4,SLEEP,Z,0.04190039,0.1553293
7/7/7/6/3/5/5/2/3 3 3,Z,0.5,2,SLEEP,Z,0.007853001,0.02673694
7/7/7/6/3/5/5/6/4 3 3,X,-0.6428571428571428571428571429,2,SLEEP,Z,0.03058173,0.09072561
7/7/7/6/3/5/5/6/2 3 3,X,-0.5,2,SLEEP,Z,0,0
7/7/7/6/3/5/5/6/1 3 3,Z,0.5,2,SLEEP,Z,0,0
7/7/7/6/3/5/5/5/4 3 3,X,-0.6428571428571428571428571429,4,SLEEP,Z,0.02193917,0.07664143
7/7/7/6/3/5/5/5/2 3 3,Z,0.5,2,SLEEP,Z,0.03271205,0.1011098
7/7/7/6/3/5/5/5/1 3 3,Z,0.5,2,SLEEP,Z,0.02611577,0.06132635
7/7/7/6/3/5/5/3/4 3 3,X,-0.6428571428571428571428571429,4,SLEEP,Z,0.04001456,0.1298714
7/7/7/6/3/5/5/3/2 3 3,Z,0.6111111111111111111111111111,2,SLEEP,Z,0,0
7/7/7/6/3/5/5/3/1 3 3,Z,0.6111111111111111111111111111,4,SLEEP,Z,0.02989001,0.1081279
7/7/7/6/3/5/3/2/6 3 3,X,-0.8333333333333333333333333333,2,SLEEP,Z,0.01069339,0.0331429
7/7/7/6/3/5/3/2/5 3 3,Z,0.5,2,SLEEP,Z,0,0
7/7/7/6/3/5/3/2/3 3 3,Z,0.5,2,SLEEP,Z,0.008984072,0.03028107
7/7/7/6/3/5/3/6/4 3 3,X,-0.8333333333333333333333333333,2,SLEEP,Z,0.007819017,0.02628878
7/7/7/6/3/5/3/6/2 3 3,X,-0.5,2,SLEEP,Z,0,0
7/7/7/6/3/5/3/6/1 3 3,Z,0.5,2,SLEEP,Z,0.0308083,0.08722174
7/7/7/6/3/5/3/5/4 3 3,X,-0.8333333333333333333333333333,2,SLEEP,Z,0,0
7/7/7/6/3/5/3/5/2 3 3,Z,0.5,2,SLEEP,Z,0,0
7/7/7/6/3/5/3/5/1 3 3,Z,0.5,2,SLEEP,Z,0.008121099,0.03010152
7/7/7/6/3/5/3/3/4 3 3,X,-0.8333333333333333333333333333,2,SLEEP,Z,0.01101612,0.02810033
7/7/7/6/3/5/3/3/2 3 3,Z,0.6111111111111111111111111111,2,SLEEP,Z,0.0200662,0.06715691
7/7/7/6/3/5/3/3/1 3 3,Z,0.6111111111111111111111111111,2,SLEEP,Z,0.01564594,0.05492382
7/7/7/6/3/5/7/2/4 3 3,X,-0.6428571428571428571428571429,4,SLEEP,Z,0.05857864,0.157822
7/7/7/6/3/5/7/2/2 3 3,Z,0.5,2,SLEEP,Z,0.02185869,0.06576287
7/7/7/6/3/5/7/2/1 3 3,Z,0.5,2,SLEEP,Z,0.02157769,0.0732378
7/7/7/6/3/3/2/2/7 3 3,Z,0.6111111111111111111111111111,2,SLEEP,Z,0,0
7/7/7/6/3/3/2/6/6 3 3,Z,-0.7,2,SLEEP,Z,0.02899289,0.08329505
7/7/7/6/3/3/2/6/5 3 3,Z,-0.7,2,SLEEP,Z,0,0
7/7/7/6/3/3/2/6/3 3 3,Z,-0.7,2,SLEEP,Z,0,0
7/7/7/6/3/3/2/5/6 3 3,X,-0.6428571428571428571428571429,2,SLEEP,Z,0.01927658,0.0599777
7/7/7/6/3/3/2/5/5 3 3,Z,0.6111111111111111111111111111,2,SLEEP,Z,0.02785114,0.0784286
7/7/7/6/3/3/2/5/3 3 3,Z,0.6111111111111111111111111111,2,SLEEP,Z,0.04623559,0.1569883
7/7/7/6/3/3/2/3/6 3 3,Z,0.7222222222222222222222222222,6,SLEEP,Z,0.07527611,0.2255708
7/7/7/6/3/3/2/3/5 3 3,Z,0.7222222222222222222222222222,4,SLEEP,Z,0.04073088,0.1220412
7/7/7/6/3/3/2/3/3 3 3,Z,0.7222222222222222222222222222,2,SLEEP,Z,0.04527207,0.1218543
7/7/7/6/3/3/2/7/4 3 3,X,-0.6428571428571428571428571429,4,SLEEP,Z,0.02437681,0.06818463
7/7/7/6/3/3/2/7/2 3 3,Z,0.6111111111111111111111111111,2,SLEEP,Z,0,0
7/7/7/6/3/3/2/7/1 3 3,Z,0.6111111111111111111111111111,4,SLEEP,Z,0.04742473,0.1613538
7/7/7/6/3/3/6/2/6 3 3,X,-0.7857142857142857142857142857,20,SLEEP,Z,0.0705362,0.2014577
7/7/7/6/3/3/6/2/5 3 3,X,-0.6428571428571428571428571429,4,SLEEP,Z,0.04109989,0.1123584
7/7/7/6/3/3/6/2/3 3 3,X,0.8333333333333333333333333333,2,SLEEP,Z,0.04155843,0.07383914
7/7/7/6/3/3/6/6/4 3 3,X,-0.7857142857142857142857142857,4,SLEEP,Z,0.0412467,0.1220886
7/7/7/6/3/3/6/6/2 3 3,Z,-0.7,2,SLEEP,Z,0.01359181,0.03987717
7/7/7/6/3/3/6/6/1 3 3,X,0.8333333333333333333333333333,2,SLEEP,Z,0,0
7/7/7/6/3/3/6/5/4 3 3,X,-0.7857142857142857142857142857,4,SLEEP,Z,0.07588062,0.2272933
7/7/7/6/3/3/6/5/2 3 3,X,-0.6428571428571428571428571429,2,SLEEP,Z,0.05722989,0.1474516
7/7/7/6/3/3/6/5/1 3 3,X,0.8333333333333333333333333333,2,SLEEP,Z,0.05386362,0.1439455
7/7/7/6/3/3/6/3/4 3 3,X,-0.7857142857142857142857142857,4,SLEEP,Z,0.05928649,0.1818023
7/7/7/6/3/3/6/3/2 3 3,Z,0.7222222222222222222222222222,4,SLEEP,Z,0.1270545,0.3339591
7/7/7/6/3/3/6/3/1 3 3,X,0.8333333333333333333333333333,4,SLEEP,Z,0.04255515,0.1050871
7/7/7/6/3/3/5/2/6 3 3,X,-0.6428571428571428571428571429,4,SLEEP,Z,0.04027933,0.1226376
7/7/7/6/3/3/5/2/5 3 3,Z,0.6111111111111111111111111111,2,SLEEP,Z,0.02180868,0.06293125
7/7/7/6/3/3/5/2/3 3 3,Z,0.6111111111111111111111111111,2,SLEEP,Z,0.03691303,0.09040488
7/7/7/6/3/3/5/6/4 3 3,Z,-0.7,2,SLEEP,Z,0.02649091,0.08459209
7/7/7/6/3/3/5/6/2 3 3,Z,-0.7,2,SLEEP,Z,0.08892976,0.3021702
7/7/7/6/3/3/5/6/1 3 3,Z,-0.7,2,SLEEP,Z,0,0
7/7/7/6/3/3/5/5/4 3 3,X,-0.6428571428571428571428571429,4,SLEEP,Z,0.05889751,0.1652617
7/7/7/6/3/3/5/5/2 3 3,Z,0.6111111111111111111111111111,2,SLEEP,Z,0.03003763,0.09045098
7/7/7/6/3/3/5/5/1 3 3,Z,0.6111111111111111111111111111,2,SLEEP,Z,0.01676801,0.04945848
7/7/7/6/3/3/5/3/4 3 3,Z,0.7222222222222222222222222222,4,SLEEP,Z,0.07869434,0.1858691
7/7/7/6/3/3/5/3/2 3 3,Z,0.7222222222222222222222222222,4,SLEEP,Z,0.03458278,0.1179366
7/7/7/6/3/3/5/3/1 3 3,Z,0.7222222222222222222222222222,2,SLEEP,Z,0.05365219,0.134126
7/7/7/6/3/3/3/2/6 3 3,X,-0.8333333333333333333333333333,2,SLEEP,Z,0.02155806,0.06267771
7/7/7/6/3/3/3/2/5 3 3,Z,0.6111111111111111111111111111,2,SLEEP,Z,0.02814663,0.07816841
7/7/7/6/3/3/3/2/3 3 3,Z,0.6111111111111111111111111111,4,SLEEP,Z,0.04015613,0.1274639
7/7/7/6/3/3/3/6/4 3 3,X,-0.8333333333333333333333333333,2,SLEEP,Z,0.02798093,0.04014605
7/7/7/6/3/3/3/6/2 3 3,Z,-0.7,2,SLEEP,Z,0,0
7/7/7/6/3/3/3/6/1 3 3,Z,-0.7,2,SLEEP,Z,0,0
7/7/7/6/3/3/3/5/4 3 3,X,-0.8333333333333333333333333333,2,SLEEP,Z,0.02152001,0.05333999
7/7/7/6/3/3/3/5/2 3 3,Z,0.6111111111111111111111111111,4,SLEEP,Z,0.018527,0.05805008
7/7/7/6/3/3/3/5/1 3 3,Z,0.6111111111111111111111111111,2,SLEEP,Z,0.02988718,0.09252238
7/7/7/6/3/3/3/3/4 3 3,X,-0.8333333333333333333333333333,4,SLEEP,Z,0.03989983,0.1222103
7/7/7/6/3/3/3/3/2 3 3,Z,0.7222222222222222222222222222,2,SLEEP,Z,0.02825613,0.09907477
7/7/7/6/3/3/3/3/1 3 3,Z,0.7222222222222222222222222222,4,SLEEP,Z,0.04921441,0.1623553
7/7/7/6/3/3/7/2/4 3 3,X,-0.6428571428571428571428571429,4,SLEEP,Z,0.04041681,0.1198087
7/7/7/6/3/3/7/2/2 3 3,Z,0.6111111111111111111111111111,2,SLEEP,Z,0.01422783,0.04422333
7/7/7/6/3/3/7/2/1 3 3,Z,0.6111111111111111111111111111,2,SLEEP,Z,0.02520937,0.07902797
7/7/7/6/3/7/2/2/6 3 3,X,-0.6666666666666666666666666666,2,SLEEP,Z,0.04408614,0.09206285
7/7/7/6/3/7/2/2/5 3 3,Z,0.5,2,SLEEP,Z,0.01552708,0.03786851
7/7/7/6/3/7/2/2/3 3 3,X,0.6666666666666666666666666666,2,SLEEP,Z,0.02336756,0.04081614
7/7/7/6/3/7/2/6/4 3 3,X,-0.6666666666666666666666666666,2,SLEEP,Z,0.00813398,0.02523993
7/7/7/6/3/7/2/6/2 3 3,X,-0.5,2,SLEEP,Z,0,0
7/7/7/6/3/7/2/6/1 3 3,X,0.6666666666666666666666666666,2,SLEEP,Z,0.01845356,0.04479266
7/7/7/6/3/7/2/5/4 3 3,X,-0.6666666666666666666666666666,2,SLEEP,Z,0.03553124,0.1223523
7/7/7/6/3/7/2/5/2 3 3,Z,0.5,2,SLEEP,Z,0.0681975,0.2022351
7/7/7/6/3/7/2/5/1 3 3,X,0.6666666666666666666666666666,2,SLEEP,Z,0.01666599,0.05049074
7/7/7/6/3/7/2/3/4 3 3,X,-0.6666666666666666666666666666,4,SLEEP,Z,0.1378507,0.3452615
7/7/7/6/3/7/2/3/2 3 3,Z,0.6111111111111111111111111111,4,SLEEP,Z,0.02643894,0.07120434
7/7/7/6/3/7/2/3/1 3 3,X,0.6666666666666666666666666666,2,SLEEP,Z,0.03103213,0.0893135
7/7/7/6/3/7/6/2/4 3 3,X,-0.7857142857142857142857142857,2,SLEEP,Z,0.02355731,0.07546835
7/7/7/6/3/7/6/2/2 3 3,X,-0.6428571428571428571428571429,2,SLEEP,Z,0.02621043,0.07171461
7/7/7/6/3/7/5/2/4 3 3,X,-0.6428571428571428571428571429,4,SLEEP,Z,0.04035461,0.1246504
7/7/7/6/3/7/5/2/2 3 3,Z,0.5,2,SLEEP,Z,0.01283461,0.0404248
7/7/7/6/3/7/5/2/1 3 3,Z,0.5,2,SLEEP,Z,0.008279057,0.02791389
7/7/7/6/3/7/3/2/2 3 3,Z,0.5,2,SLEEP,Z,0.01036532,0.03453356
7/7/7/6/3/7/3/2/1 3 3,Z,0.5,2,SLEEP,Z,0.007367517,0.02458568
7/7/7/6/7/2/2/2/7 3 3,Z,0.5,2,SLEEP,Z,0.0148554,0.03982043
7/7/7/6/7/2/2/6/6 3 3,X,-0.5,2,SLEEP,Z,0.008207949,0.02466548
7/7/7/6/7/2/2/6/5 3 3,Z,0.5,2,SLEEP,Z,0,0
7/7/7/6/7/2/2/6/3 3 3,X,0.5,2,SLEEP,Z,0.01114236,0.03051057
7/7/7/6/7/2/2/5/6 3 3,Z,0.5,2,SLEEP,Z,0.0372242,0.09971339
7/7/7/6/7/2/2/5/5 3 3,Z,0.5,2,SLEEP,Z,0.03616483,0.319516
7/7/7/6/7/2/2/5/3 3 3,Z,0.5,4,SLEEP,Z,0.1567824,0.1574063
7/7/7/6/7/2/2/3/6 3 3,Z,0.6111111111111111111111111111,2,SLEEP,Z,0.02949355,0.08035219
7/7/7/6/7/2/2/3/5 3 3,Z,0.6111111111111111111111111111,2,SLEEP,Z,0.0425184,0.1070528
7/7/7/6/7/2/2/3/3 3 3,Z,0.6111111111111111111111111111,4,SLEEP,Z,0.06172031,0.1399534
7/7/7/6/7/2/2/7/4 3 3,Z,0.5,2,SLEEP,Z,0.01621116,0.05086247
7/7/7/6/7/2/2/7/2 3 3,Z,0.5,2,SLEEP,Z,0.01597537,0.03298148
7/7/7/6/7/2/2/7/1 3 3,Z,0.5,4,SLEEP,Z,0.1339015,0.3489942
7/7/7/6/7/2/6/2/6 3 3,Z,0.5,2,SLEEP,Z,0.006655343,0.01820617
7/7/7/6/7/2/6/2/5 3 3,Z,0.5,2,SLEEP,Z,0.008541441,0.02181087
7/7/7/6/7/2/6/2/3 3 3,X,0.8333333333333333333333333333,2,SLEEP,Z,0.008446804,0.01799477
7/7/7/6/7/2/6/6/4 3 3,Z,0.5,2,SLEEP,Z,0,0
7/7/7/6/7/2/6/6/2 3 3,X,0.5,2,SLEEP,Z,0,0
7/7/7/6/7/2/6/6/1 3 3,X,0.8333333333333333333333333333,2,SLEEP,Z,0,0
7/7/7/6/7/2/6/5/4 3 3,Z,0.5,2,SLEEP,Z,0,0
7/7/7/6/7/2/6/5/2 3 3,Z,0.5,2,SLEEP,Z,0,0
7/7/7/6/7/2/6/5/1 3 3,X,0.8333333333333333333333333333,2,SLEEP,Z,0.02120642,0.05479971
7/7/7/6/7/2/6/3/4 3 3,Z,0.6111111111111111111111111111,4,SLEEP,Z,0.07880855,0.2366321
7/7/7/6/7/2/6/3/2 3 3,Z,0.6111111111111111111111111111,2,SLEEP,Z,0.04429048,0.1411289
7/7/7/6/7/2/6/3/1 3 3,X,0.8333333333333333333333333333,2,SLEEP,Z,0.0389317,0.09182521
7/7/7/6/7/2/5/2/6 3 3,Z,0.5,2,SLEEP,Z,0,0
7/7/7/6/7/2/5/2/5 3 3,Z,0.5,2,SLEEP,Z,0.01760465,0.04723617
7/7/7/6/7/2/5/2/3 3 3,Z,0.5,2,SLEEP,Z,0.0153852,0.04160174
7/7/7/6/7/2/5/6/4 3 3,Z,0.5,2,SLEEP,Z,0.01824298,0.03982547
7/7/7/6/7/2/5/6/2 3 3,Z,0.5,2,SLEEP,Z,0.007239892,0.02105684
7/7/7/6/7/2/5/6/1 3 3,Z,0.5,2,SLEEP,Z,0,0
7/7/7/6/7/2/5/5/4 3 3,Z,0.5,2,SLEEP,Z,0.01993505,0.04851513
7/7/7/6/7/2/5/5/2 3 3,Z,0.5,2,SLEEP,Z,0,0
7/7/7/6/7/2/5/5/1 3 3,Z,0.5,2,SLEEP,Z,0.03141552,0.03333424
7/7/7/6/7/2/5/3/4 3 3,Z,0.6111111111111111111111111111,2,SLEEP,Z,0.03049642,0.09693298
7/7/7/6/7/2/5/3/2 3 3,Z,0.6111111111111111111111111111,4,SLEEP,Z,0.03758382,0.1231842
7/7/7/6/7/2/5/3/1 3 3,Z,0.6111111111111111111111111111,4,SLEEP,Z,0.1027902,0.2509524
7/7/7/6/7/2/3/2/6 3 3,X,-0.8333333333333333333333333333,2,SLEEP,Z,0,0
7/7/7/6/7/2/3/2/5 3 3,Z,0.5,2,SLEEP,Z,0.02379751,0.03211504
7/7/7/6/7/2/3/2/3 3 3,Z,0.5,2,SLEEP,Z,0.01457844,0.03972442
7/7/7/6/7/2/3/6/4 3 3,X,-0.8333333333333333333333333333,2,SLEEP,Z,0.00700037,0.02129251
7/7/7/6/7/2/3/6/2 3 3,X,-0.5,2,SLEEP,Z,0,0
7/7/7/6/7/2/3/6/1 3 3,Z,0.5,2,SLEEP,Z,0.006844977,0.02192087
7/7/7/6/7/2/3/5/4 3 3,X,-0.8333333333333333333333333333,2,SLEEP,Z,0.0187653,0.04331284
7/7/7/6/7/2/3/5/2 3 3,Z,0.5,2,SLEEP,Z,0.009126659,0.02333747
7/7/7/6/7/2/3/5/1 3 3,Z,0.5,2,SLEEP,Z,0.01442299,0.01710016
7/7/7/6/7/2/3/3/4 3 3,X,-0.8333333333333333333333333333,2,SLEEP,Z,0.01835111,0.04956681
7/7/7/6/7/2/3/3/2 3 3,Z,0.6111111111111111111111111111,2,SLEEP,Z,0.03424113,0.09863437
7/7/7/6/7/2/3/3/1 3 3,Z,0.6111111111111111111111111111,2,SLEEP,Z,0.03601902,0.1045852
7/7/7/6/7/2/7/2/4 3 3,Z,0.5,2,SLEEP,Z,0.00960518,0.03669631
7/7/7/6/7/2/7/2/2 3 3,Z,0.5,2,SLEEP,Z,0,0
7/7/7/6/7/2/7/2/1 3 3,Z,0.5,2,SLEEP,Z,0.01531938,0.04119788
7/7/7/6/7/6/2/2/6 3 3,X,-0.6666666666666666666666666666,2,SLEEP,Z,0,0
7/7/7/6/7/6/2/2/5 3 3,Z,0.5,2,SLEEP,Z,0,0
7/7/7/6/7/6/2/2/3 3 3,X,0.6666666666666666666666666666,2,SLEEP,Z,0.0205995,0.02641625
7/7/7/6/7/6/2/6/4 3 3,X,-0.6666666666666666666666666666,2,SLEEP,Z,0.04086583,0.02798179
7/7/7/6/7/6/2/6/2 3 3,Z,0.5,2,SLEEP,Z,0,0
7/7/7/6/7/6/2/6/1 3 3,X,0.6666666666666666666666666666,2,SLEEP,Z,0,0
7/7/7/6/7/6/2/5/4 3 3,X,-0.6666666666666666666666666666,2,SLEEP,Z,0.0165872,0.06058177
7/7/7/6/7/6/2/5/2 3 3,Z,0.5,2,SLEEP,Z,0,0
7/7/7/6/7/6/2/5/1 3 3,X,0.6666666666666666666666666666,2,SLEEP,Z,0.02540916,0.05393093
7/7/7/6/7/6/2/3/4 3 3,Z,0.75,4,SLEEP,Z,0.05014737,0.135022
7/7/7/6/7/6/2/3/2 3 3,Z,0.75,2,SLEEP,Z,0.01130439,0.02758594
7/7/7/6/7/6/2/3/1 3 3,Z,0.75,4,SLEEP,Z,0.05622033,0.1402546
7/7/7/6/7/6/6/2/4 3 3,Z,0.5,2,SLEEP,Z,0,0
7/7/7/6/7/6/6/2/2 3 3,Z,0.5,2,SLEEP,Z,0,0
7/7/7/6/7/6/5/2/4 3 3,Z,0.5,2,SLEEP,Z,0.006270004,0.02678679
7/7/7/6/7/6/5/2/2 3 3,Z,0.5,2,SLEEP,Z,0,0
7/7/7/6/7/6/5/2/1 3 3,Z,0.5,2,SLEEP,Z,0.009192173,0.03170691
7/7/7/6/7/6/3/2/2 3 3,Z,0.5,2,SLEEP,Z,0,0
7/7/7/6/7/6/3/2/1 3 3,Z,0.5,2,SLEEP,Z,0.008821123,0.03481942
7/7/7/6/7/5/2/2/6 3 3,X,-0.6666666666666666666666666666,2,SLEEP,Z,0.01981631,0.0615294
7/7/7/6/7/5/2/2/5 3 3,Z,0.5,2,SLEEP,Z,0.01598569,0.04893556
7/7/7/6/7/5/2/2/3 3 3,X,0.6666666666666666666666666666,2,SLEEP,Z,0,0
7/7/7/6/7/5/2/6/4 3 3,X,-0.6666666666666666666666666666,2,SLEEP,Z,0,0
7/7/7/6/7/5/2/6/2 3 3,Z,0.5,2,SLEEP,Z,0,0
7/7/7/6/7/5/2/6/1 3 3,X,0.6666666666666666666666666666,2,SLEEP,Z,0,0
7/7/7/6/7/5/2/5/4 3 3,X,-0.6666666666666666666666666666,2,SLEEP,Z,0.01972608,0.07358328
7/7/7/6/7/5/2/5/2 3 3,Z,0.5,2,SLEEP,Z,0.03159009,0.270145
7/7/7/6/7/5/2/5/1 3 3,X,0.6666666666666666666666666666,2,SLEEP,Z,0.01711369,0.02756415
7/7/7/6/7/5/2/3/4 3 3,X,-0.6666666666666666666666666666,2,SLEEP,Z,0.01856665,0.06022128
7/7/7/6/7/5/2/3/2 3 3,Z,0.6111111111111111111111111111,2,SLEEP,Z,0.01422712,0.04016358
7/7/7/6/7/5/2/3/1 3 3,X,0.6666666666666666666666666666,2,SLEEP,Z,0.02968724,0.10105
7/7/7/6/7/5/6/2/4 3 3,Z,0.5,2,SLEEP,Z,0.01669235,0.06373441
7/7/7/6/7/5/6/2/2 3 3,Z,0.5,2,SLEEP,Z,0.01844496,0.05996755
7/7/7/6/7/5/5/2/4 3 3,Z,0.5,2,SLEEP,Z,0.01185856,0.04299958
7/7/7/6/7/5/5/2/2 3 3,Z,0.5,2,SLEEP,Z,0,0
7/7/7/6/7/5/5/2/1 3 3,Z,0.5,2,SLEEP,Z,0,0
7/7/7/6/7/5/3/2/2 3 3,Z,0.5,2,SLEEP,Z,0.009281571,0.03209412
7/7/7/6/7/5/3/2/1 3 3,Z,0.5,2,SLEEP,Z,0.01003535,0.04020935
7/7/7/6/7/3/2/2/6 3 3,X,-0.6666666666666666666666666666,2,SLEEP,Z,0.1058141,0.3508762
7/7/7/6/7/3/2/2/5 3 3,Z,0.6111111111111111111111111111,4,SLEEP,Z,0.07244203,0.1715304
7/7/7/6/7/3/2/2/3 3 3,X,0.6666666666666666666666666666,2,SLEEP,Z,0.03364335,0.07057226
7/7/7/6/7/3/2/6/4 3 3,Z,-0.75,2,SLEEP,Z,0.04346691,0.02398249
7/7/7/6/7/3/2/6/2 3 3,Z,-0.75,2,SLEEP,Z,0,0
7/7/7/6/7/3/2/6/1 3 3,Z,-0.75,2,SLEEP,Z,0.0460697,0.06832317
7/7/7/6/7/3/2/5/4 3 3,X,-0.6666666666666666666666666666,4,SLEEP,Z,0.06166532,0.1196317
7/7/7/6/7/3/2/5/2 3 3,Z,0.6111111111111111111111111111,2,SLEEP,Z,0,0
7/7/7/6/7/3/2/5/1 3 3,X,0.6666666666666666666666666666,2,SLEEP,Z,0,0
7/7/7/6/7/3/2/3/4 3 3,Z,0.7222222222222222222222222222,4,SLEEP,Z,0.08467423,0.2710472
7/7/7/6/7/3/2/3/2 3 3,Z,0.7222222222222222222222222222,2,SLEEP,Z,0.08816449,0.2422231
7/7/7/6/7/3/2/3/1 3 3,Z,0.7222222222222222222222222222,2,SLEEP,Z,0.02823816,0.08202185
7/7/7/6/7/3/6/2/4 3 3,Z,0.6111111111111111111111111111,2,SLEEP,Z,0.02235719,0.06257174
7/7/7/6/7/3/6/2/2 3 3,Z,0.6111111111111111111111111111,2,SLEEP,Z,0.02637406,0.07566126
7/7/7/6/7/3/5/2/4 3 3,Z,0.6111111111111111111111111111,2,SLEEP,Z,0.02160159,0.07490323
7/7/7/6/7/3/5/2/2 3 3,Z,0.6111111111111111111111111111,2,SLEEP,Z,0.02576406,0.08047668
7/7/7/6/7/3/5/2/1 3 3,Z,0.6111111111111111111111111111,2,SLEEP,Z,0,0
7/7/7/6/7/3/3/2/2 3 3,Z,0.6111111111111111111111111111,2,SLEEP,Z,0.01484772,0.04438734
7/7/7/6/7/3/3/2/1 3 3,Z,0.6111111111111111111111111111,2,SLEEP,Z,0.03013064,0.09839718
7/7/7/6/7/7/2/2/2 3 3,Z,0.5,2,SLEEP,Z,0.0255074,0.0778083
7/7/7/5/2/2/2/7/7 3 3,X,0,2,SLEEP,Z,0,0
7/7/7/5/2/2/6/5/7 3 3,X,0.5,2,SLEEP,Z,0,0
7/7/7/5/2/2/6/3/7 3 3,X,0.5,2,SLEEP,Z,0.04918024,0.09436081
7/7/7/5/2/2/6/7/6 3 3,X,-0.5,2,SLEEP,Z,0.06522732,0.3554094
7/7/7/5/2/2/6/7/5 3 3,X,0.5,2,SLEEP,Z,0.02117458,0.04441657
7/7/7/5/2/2/6/7/3 3 3,X,0.7,4,SLEEP,Z,0.03863914,0.08776348
7/7/7/5/2/2/5/6/7 3 3,Z,0.5,4,SLEEP,Z,0.02356811,0.07348751
7/7/7/5/2/2/5/5/7 3 3,X,0,2,SLEEP,Z,0,0
7/7/7/5/2/2/5/3/7 3 3,Z,-0.5,2,SLEEP,Z,0,0
7/7/7/5/2/2/5/7/6 3 3,X,-0.25,2,SLEEP,Z,0.03056715,0.0679856
7/7/7/5/2/2/5/7/5 3 3,X,0,2,SLEEP,Z,0.02210598,0.02874272
7/7/7/5/2/2/5/7/3 3 3,X,0.25,2,SLEEP,Z,0,0
7/7/7/5/2/2/3/6/7 3 3,X,-0.5,4,SLEEP,Z,0.04149234,0.09257483
7/7/7/5/2/2/3/5/7 3 3,X,-0.5,4,SLEEP,Z,0.04448783,0.08665796
7/7/7/5/2/2/3/3/7 3 3,X,-0.5,2,SLEEP,Z,0.01958587,0.05512543
7/7/7/5/2/2/3/7/6 3 3,X,-0.7,2,SLEEP,Z,0,0
7/7/7/5/2/2/3/7/5 3 3,X,-0.5,2,SLEEP,Z,0.02295809,0.03717384
7/7/7/5/2/2/3/7/3 3 3,X,0.5,2,SLEEP,Z,0.04274013,0.1353431
7/7/7/5/2/2/7/5/6 3 3,X,-0.25,4,SLEEP,Z,0.0513101,0.1436001
7/7/7/5/2/2/7/5/5 3 3,X,0,2,SLEEP,Z,0,0
7/7/7/5/2/2/7/5/3 3 3,X,0.25,2,SLEEP,Z,0.01848607,0.04629941
7/7/7/5/2/2/7/2/7 3 3,X,0,2,SLEEP,Z,0.0131743,0.02960737
7/7/7/5/2/2/7/3/6 3 3,Z,-0.5,2,SLEEP,Z,0,0
7/7/7/5/2/2/7/3/5 3 3,Z,-0.5,2,SLEEP,Z,0.01233031,0.03578429
7/7/7/5/2/2/7/3/3 3 3,Z,-0.5,2,SLEEP,Z,0.02342778,0.07134166
7/7/7/5/2/2/7/6/6 3 3,Z,0.5,2,SLEEP,Z,0.0359422,0.06805377
7/7/7/5/2/2/7/7/4 3 3,X,-0.25,2,SLEEP,Z,0.01440411,0.04884188
7/7/7/5/2/2/7/7/2 3 3,X,0,2,SLEEP,Z,0,0
7/7/7/5/2/2/7/6/5 3 3,Z,0.5,2,SLEEP,Z,0.01389434,0.04236325
7/7/7/5/2/2/7/7/1 3 3,X,0.25,4,SLEEP,Z,0.02735391,0.08163666
7/7/7/5/2/2/7/6/3 3 3,Z,0.5,4,SLEEP,Z,0.03099545,0.07609989
7/7/7/5/2/6/2/6/7 3 3,Z,0.5,2,SLEEP,Z,0,0
7/7/7/5/2/6/2/5/7 3 3,Z,0.5,2,SLEEP,Z,0,0
7/7/7/5/2/6/2/3/7 3 3,Z,0.6666666666666666666666666667,2,SLEEP,Z,0,0
7/7/7/5/2/6/2/7/6 3 3,Z,0.5,2,SLEEP,Z,0.01417732,0.05229027
7/7/7/5/2/6/2/7/5 3 3,Z,0.5,2,SLEEP,Z,0,0
7/7/7/5/2/6/2/7/3 3 3,Z,0.5,2,SLEEP,Z,0.02674581,0.0721907
7/7/7/5/2/2/6/6/7 3 3,X,0.5,2,SLEEP,Z,0.02756371,0.05147745
7/7/7/5/2/6/6/2/7 3 3,Z,0.5,2,SLEEP,Z,0.02553271,0.0752601
7/7/7/5/2/6/6/6/6 3 3,X,-0.5,4,SLEEP,Z,0.05166931,0.1567026
7/7/7/5/2/6/6/6/5 3 3,X,0.5,2,SLEEP,Z,0.03478514,0.0665355
7/7/7/5/2/6/6/6/3 3 3,X,0.75,2,SLEEP,Z,0.02681133,0.03455803
7/7/7/5/2/6/6/5/6 3 3,X,-0.5,2,SLEEP,Z,0.04833133,0.1404386
7/7/7/5/2/6/6/5/5 3 3,Z,0.5,2,SLEEP,Z,0.05719918,0.3333776
7/7/7/5/2/6/6/5/3 3 3,X,0.75,2,SLEEP,Z,0,0
7/7/7/5/2/6/6/3/6 3 3,Z,0.6666666666666666666666666667,2,SLEEP,Z,0.02401629,0.07436868
7/7/7/5/2/6/6/3/5 3 3,Z,0.6666666666666666666666666667,2,SLEEP,Z,0.01971847,0.05507432
7/7/7/5/2/6/6/3/3 3 3,X,0.75,4,SLEEP,Z,0.02105436,0.05415704
7/7/7/5/2/6/6/7/4 3 3,X,-0.5,4,SLEEP,Z,0.04818762,0.1454174
7/7/7/5/2/6/6/7/2 3 3,Z,0.5,2,SLEEP,Z,0,0
7/7/7/5/2/6/6/7/1 3 3,X,0.75,2,SLEEP,Z,0.02830322,0.04693063
7/7/7/5/2/6/5/2/7 3 3,Z,0.5,2,SLEEP,Z,0,0
7/7/7/5/2/6/5/6/6 3 3,Z,0.5,2,SLEEP,Z,0.006983111,0.02612847
7/7/7/5/2/6/5/6/5 3 3,Z,0.5,2,SLEEP,Z,0,0
7/7/7/5/2/6/5/6/3 3 3,Z,0.5,2,SLEEP,Z,0.02010923,0.05687314
7/7/7/5/2/6/5/5/6 3 3,Z,0.5,2,SLEEP,Z,0,0
7/7/7/5/2/6/5/5/5 3 3,Z,0.5,2,SLEEP,Z,0,0
7/7/7/5/2/6/5/5/3 3 3,Z,0.5,2,SLEEP,Z,0.02234695,0.06897438
7/7/7/5/2/6/5/3/6 3 3,Z,0.6666666666666666666666666667,2,SLEEP,Z,0.02861076,0.07676437
7/7/7/5/2/6/5/3/5 3 3,Z,0.6666666666666666666666666667,2,SLEEP,Z,0.02184558,0.0675282
7/7/7/5/2/6/5/3/3 3 3,Z,0.6666666666666666666666666667,4,SLEEP,Z,0.04925565,0.1727515
7/7/7/5/2/6/5/7/4 3 3,Z,0.5,2,SLEEP,Z,0.02574416,0.09224103
7/7/7/5/2/6/5/7/2 3 3,Z,0.5,2,SLEEP,Z,0,0
7/7/7/5/2/6/5/7/1 3 3,Z,0.5,2,SLEEP,Z,0,0
7/7/7/5/2/6/3/2/7 3 3,Z,0.5,4,SLEEP,Z,0.03110101,0.06962845
7/7/7/5/2/6/3/6/6 3 3,X,-0.75,2,SLEEP,Z,0,0
7/7/7/5/2/6/3/6/5 3 3,X,-0.5,2,SLEEP,Z,0,0
7/7/7/5/2/6/3/6/3 3 3,X,0.5,4,SLEEP,Z,0.03173697,0.09537811
7/7/7/5/2/6/3/5/6 3 3,X,-0.75,2,SLEEP,Z,0,0
7/7/7/5/2/6/3/5/5 3 3,Z,0.5,2,SLEEP,Z,0,0
7/7/7/5/2/6/3/5/3 3 3,X,0.5,2,SLEEP,Z,0.01955203,0.06534768
7/7/7/5/2/6/3/3/6 3 3,X,-0.75,4,SLEEP,Z,0.03343526,0.06006868
7/7/7/5/2/6/3/3/5 3 3,Z,0.6666666666666666666666666667,4,SLEEP,Z,0.03336176,0.08542755
7/7/7/5/2/6/3/3/3 3 3,Z,0.6666666666666666666666666667,4,SLEEP,Z,0.04468618,0.1336679
7/7/7/5/2/6/3/7/4 3 3,X,-0.75,2,SLEEP,Z,0.01188143,0.02951737
7/7/7/5/2/6/3/7/2 3 3,Z,0.5,2,SLEEP,Z,0,0
7/7/7/5/2/6/3/7/1 3 3,X,0.5,2,SLEEP,Z,0.03470684,0.111275
7/7/7/5/2/6/7/2/6 3 3,Z,0.5,2,SLEEP,Z,0.006568103,0.02286244
7/7/7/5/2/6/7/2/5 3 3,Z,0.5,2,SLEEP,Z,0,0
7/7/7/5/2/6/7/2/3 3 3,Z,0.5,2,SLEEP,Z,0.01008665,0.0316457
7/7/7/5/2/6/7/6/4 3 3,Z,0.5,2,SLEEP,Z,0.01996839,0.05553855
7/7/7/5/2/6/7/6/2 3 3,Z,0.5,2,SLEEP,Z,0.005935431,0.02134459
7/7/7/5/2/6/7/6/1 3 3,Z,0.5,2,SLEEP,Z,0.01292884,0.04303692
7/7/7/5/2/6/7/5/4 3 3,Z,0.5,2,SLEEP,Z,0.02287782,0.08346865
7/7/7/5/2/6/7/5/2 3 3,Z,0.5,2,SLEEP,Z,0.02458668,0.0367332
7/7/7/5/2/6/7/5/1 3 3,Z,0.5,2,SLEEP,Z,0.04858958,0.1157719
7/7/7/5/2/6/7/3/4 3 3,Z,0.6666666666666666666666666666,2,SLEEP,Z,0.02359678,0.07243375
7/7/7/5/2/6/7/3/2 3 3,Z,0.6666666666666666666666666666,2,SLEEP,Z,0.01266042,0.03993534
7/7/7/5/2/6/7/3/1 3 3,Z,0.6666666666666666666666666666,4,SLEEP,Z,0.05135913,0.1681171
7/7/7/5/2/5/2/6/7 3 3,Z,0.5,2,SLEEP,Z,0,0
7/7/7/5/2/5/2/5/7 3 3,X,0,2,SLEEP,Z,0,0
7/7/7/5/2/5/2/3/7 3 3,Z,-0.5,2,SLEEP,Z,0,0
7/7/7/5/2/5/2/7/6 3 3,X,-0.4,2,SLEEP,Z,0.01698694,0.0491567
7/7/7/5/2/5/2/7/5 3 3,X,0,2,SLEEP,Z,0,0
7/7/7/5/2/5/2/7/3 3 3,X,0.4,2,SLEEP,Z,0.01542487,0.04356512
7/7/7/5/2/5/6/2/7 3 3,X,0.5,2,SLEEP,Z,0.01941377,0.06027129
7/7/7/5/2/5/6/6/6 3 3,X,-0.5,2,SLEEP,Z,0.04197948,0.1364864
7/7/7/5/2/5/6/6/5 3 3,X,0.5,2,SLEEP,Z,0.009168515,0.03382315
7/7/7/5/2/5/6/6/3 3 3,X,0.75,2,SLEEP,Z,0,0
7/7/7/5/2/5/6/5/6 3 3,X,-0.5,2,SLEEP,Z,0.04870338,0.1527536
7/7/7/5/2/5/6/5/5 3 3,X,0.5,2,SLEEP,Z,0.03588061,0.1152813
7/7/7/5/2/5/6/5/3 3 3,X,0.75,2,SLEEP,Z,0.008711177,0.03366787
7/7/7/5/2/5/6/3/6 3 3,X,-0.5,4,SLEEP,Z,0.05037822,0.1746104
7/7/7/5/2/5/6/3/5 3 3,X,0.5,2,SLEEP,Z,0.02284116,0.07425955
7/7/7/5/2/5/6/3/3 3 3,X,0.75,2,SLEEP,Z,0.02005493,0.03182822
7/7/7/5/2/5/6/7/4 3 3,X,-0.5,2,SLEEP,Z,0.03250485,0.1055523
7/7/7/5/2/5/6/7/2 3 3,X,0.5,2,SLEEP,Z,0.02994805,0.0913543
7/7/7/5/2/5/6/7/1 3 3,X,0.75,2,SLEEP,Z,0,0
7/7/7/5/2/5/5/2/7 3 3,X,0,2,SLEEP,Z,0.03200877,0.03025398
7/7/7/5/2/5/5/6/6 3 3,Z,0.5,2,SLEEP,Z,0.02195021,0.05506244
7/7/7/5/2/5/5/6/5 3 3,Z,0.5,2,SLEEP,Z,0,0
7/7/7/5/2/5/5/6/3 3 3,Z,0.5,2,SLEEP,Z,0,0
7/7/7/5/2/5/5/5/6 3 3,X,-0.25,2,SLEEP,Z,0.01739064,0.05621332
7/7/7/5/2/5/5/5/5 3 3,X,0,2,SLEEP,Z,0,0
7/7/7/5/2/5/5/5/3 3 3,X,0.25,2,SLEEP,Z,0,0
7/7/7/5/2/5/5/3/6 3 3,Z,-0.5,2,SLEEP,Z,0,0
7/7/7/5/2/5/5/3/5 3 3,Z,-0.5,2,SLEEP,Z,0,0
7/7/7/5/2/5/5/3/3 3 3,Z,-0.5,2,SLEEP,Z,0,0
7/7/7/5/2/5/5/7/4 3 3,X,-0.25,4,SLEEP,Z,0.03449741,0.1162439
7/7/7/5/2/5/5/7/2 3 3,X,0,2,SLEEP,Z,0,0
7/7/7/5/2/5/5/7/1 3 3,X,0.25,2,SLEEP,Z,0.02568021,0.085036
7/7/7/5/2/5/3/2/7 3 3,X,-0.5,2,SLEEP,Z,0.01925494,0.05981639
7/7/7/5/2/5/3/6/6 3 3,X,-0.75,2,SLEEP,Z,0.01191284,0.04325529
7/7/7/5/2/5/3/6/5 3 3,X,-0.5,2,SLEEP,Z,0.01712596,0.05334829
7/7/7/5/2/5/3/6/3 3 3,X,0.5,4,SLEEP,Z,0.03673499,0.1034779
7/7/7/5/2/5/3/5/6 3 3,X,-0.75,2,SLEEP,Z,0.01322576,0.03034903
7/7/7/5/2/5/3/5/5 3 3,X,-0.5,2,SLEEP,Z,0.01178836,0.03832472
7/7/7/5/2/5/3/5/3 3 3,X,0.5,4,SLEEP,Z,0.04108068,0.1278349
7/7/7/5/2/5/3/3/6 3 3,X,-0.75,2,SLEEP,Z,0.02232036,0.04035527
7/7/7/5/2/5/3/3/5 3 3,X,-0.5,4,SLEEP,Z,0.02965795,0.07917652
7/7/7/5/2/5/3/3/3 3 3,X,0.5,4,SLEEP,Z,0.03934606,0.09763238
7/7/7/5/2/5/3/7/4 3 3,X,-0.75,2,SLEEP,Z,0,0
7/7/7/5/2/5/3/7/2 3 3,X,-0.5,2,SLEEP,Z,0,0
7/7/7/5/2/5/3/7/1 3 3,X,0.5,2,SLEEP,Z,0.03411997,0.1029059
7/7/7/5/2/5/7/2/6 3 3,X,-0.25,2,SLEEP,Z,0.03021204,0.04361104
7/7/7/5/2/5/7/2/5 3 3,X,0,2,SLEEP,Z,0,0
7/7/7/5/2/5/7/2/3 3 3,X,0.25,2,SLEEP,Z,0.009285703,0.03340596
7/7/7/5/2/5/7/6/4 3 3,Z,0.5,2,SLEEP,Z,0,0
7/7/7/5/2/5/7/6/2 3 3,Z,0.5,2,SLEEP,Z,0,0
7/7/7/5/2/5/7/6/1 3 3,Z,0.5,2,SLEEP,Z,0.01482252,0.04798924
7/7/7/5/2/5/7/5/4 3 3,X,-0.25,2,SLEEP,Z,0.0238946,0.07037853
7/7/7/5/2/5/7/5/2 3 3,X,0,2,SLEEP,Z,0.009097106,0.03311864
7/7/7/5/2/5/7/5/1 3 3,X,0.25,2,SLEEP,Z,0.009388877,0.03670598
7/7/7/5/2/5/7/3/4 3 3,Z,-0.5,2,SLEEP,Z,0.04148313,0.10348
7/7/7/5/2/5/7/3/2 3 3,Z,-0.5,2,SLEEP,Z,0.01696115,0.06900952
7/7/7/5/2/5/7/3/1 3 3,Z,-0.5,2,SLEEP,Z,0.01504481,0.05177455
7/7/7/5/2/3/2/6/7 3 3,Z,-0.6666666666666666666666666667,2,SLEEP,Z,0.08032384,0.110292
7/7/7/5/2/3/2/5/7 3 3,Z,-0.5,2,SLEEP,Z,0.04941901,0.1031023
7/7/7/5/2/3/2/3/7 3 3,Z,-0.5,2,SLEEP,Z,0.02397036,0.02944461
7/7/7/5/2/3/2/7/6 3 3,Z,-0.5,2,SLEEP,Z,0.03858201,0.1079468
7/7/7/5/2/3/2/7/5 3 3,Z,-0.5,2,SLEEP,Z,0,0
7/7/7/5/2/3/2/7/3 3 3,Z,-0.5,2,SLEEP,Z,0.03528112,0.05089552
7/7/7/5/2/3/6/2/7 3 3,Z,-0.5,2,SLEEP,Z,0.01321117,0.03985137
7/7/7/5/2/3/6/6/6 3 3,Z,-0.6666666666666666666666666667,2,SLEEP,Z,0.06146614,0.1403721
7/7/7/5/2/3/6/6/5 3 3,Z,-0.6666666666666666666666666667,4,SLEEP,Z,0.07038236,0.1802504
7/7/7/5/2/3/6/6/3 3 3,X,0.75,2,SLEEP,Z,0.02904625,0.0467594
7/7/7/5/2/3/6/5/6 3 3,X,-0.5,6,SLEEP,Z,0.0763601,0.2340956
7/7/7/5/2/3/6/5/5 3 3,Z,-0.5,2,SLEEP,Z,0,0
7/7/7/5/2/3/6/5/3 3 3,X,0.75,2,SLEEP,Z,0,0
7/7/7/5/2/3/6/3/6 3 3,X,-0.5,2,SLEEP,Z,0.03632294,0.1093855
7/7/7/5/2/3/6/3/5 3 3,X,0.5,2,SLEEP,Z,0.01726365,0.03381344
7/7/7/5/2/3/6/3/3 3 3,X,0.75,2,SLEEP,Z,0.02211928,0.04193324
7/7/7/5/2/3/6/7/4 3 3,X,-0.5,2,SLEEP,Z,0.02176939,0.07639757
7/7/7/5/2/3/6/7/2 3 3,Z,-0.5,2,SLEEP,Z,0.03205497,0.09911808
7/7/7/5/2/3/6/7/1 3 3,X,0.75,2,SLEEP,Z,0,0
7/7/7/5/2/3/5/2/7 3 3,Z,-0.5,2,SLEEP,Z,0.009893241,0.02651615
7/7/7/5/2/3/5/6/6 3 3,Z,-0.6666666666666666666666666667,2,SLEEP,Z,0.02716173,0.07532547
7/7/7/5/2/3/5/6/5 3 3,Z,-0.6666666666666666666666666667,2,SLEEP,Z,0.05273657,0.07924329
7/7/7/5/2/3/5/6/3 3 3,Z,-0.6666666666666666666666666667,4,SLEEP,Z,0.1192464,0.3018631
7/7/7/5/2/3/5/5/6 3 3,Z,-0.5,2,SLEEP,Z,0.02486879,0.07927405
7/7/7/5/2/3/5/5/5 3 3,Z,-0.5,2,SLEEP,Z,0.02908777,0.04661563
7/7/7/5/2/3/5/5/3 3 3,Z,-0.5,2,SLEEP,Z,0.02563662,0.07764295
7/7/7/5/2/3/5/3/6 3 3,Z,-0.5,2,SLEEP,Z,0.03299427,0.08668986
7/7/7/5/2/3/5/3/5 3 3,Z,-0.5,2,SLEEP,Z,0.01617485,0.02971593
7/7/7/5/2/3/5/3/3 3 3,Z,-0.5,2,SLEEP,Z,0.03867012,0.06695566
7/7/7/5/2/3/5/7/4 3 3,Z,-0.5,2,SLEEP,Z,0.01539018,0.05326757
7/7/7/5/2/3/5/7/2 3 3,Z,-0.5,2,SLEEP,Z,0,0
7/7/7/5/2/3/5/7/1 3 3,Z,-0.5,2,SLEEP,Z,0.05220914,0.1021409
7/7/7/5/2/3/3/2/7 3 3,Z,-0.5,4,SLEEP,Z,0.1306916,0.3643142
7/7/7/5/2/3/3/6/6 3 3,X,-0.75,4,SLEEP,Z,0.1384838,0.3589858
7/7/7/5/2/3/3/6/5 3 3,Z,-0.6666666666666666666666666667,2,SLEEP,Z,0.02219673,0.06321855
7/7/7/5/2/3/3/6/3 3 3,Z,-0.6666666666666666666666666667,4,SLEEP,Z,0.08965253,0.2225386
7/7/7/5/2/3/3/5/6 3 3,X,-0.75,2,SLEEP,Z,0.05430129,0.1321277
7/7/7/5/2/3/3/5/5 3 3,Z,-0.5,4,SLEEP,Z,0.05879807,0.143036
7/7/7/5/2/3/3/5/3 3 3,X,0.5,2,SLEEP,Z,0.04009202,0.1132959
7/7/7/5/2/3/3/3/6 3 3,X,-0.75,2,SLEEP,Z,0,0
7/7/7/5/2/3/3/3/5 3 3,X,-0.5,2,SLEEP,Z,0.03511816,0.06797415
7/7/7/5/2/3/3/3/3 3 3,X,0.5,4,SLEEP,Z,0.05477934,0.1625591
7/7/7/5/2/3/3/7/4 3 3,X,-0.75,2,SLEEP,Z,0,0
7/7/7/5/2/3/3/7/2 3 3,Z,-0.5,2,SLEEP,Z,0,0
7/7/7/5/2/3/3/7/1 3 3,X,0.5,2,SLEEP,Z,0.04052152,0.1130331
7/7/7/5/2/3/7/2/6 3 3,Z,-0.5,2,SLEEP,Z,0.02296825,0.05204175
7/7/7/5/2/3/7/2/5 3 3,Z,-0.5,2,SLEEP,Z,0,0
7/7/7/5/2/3/7/2/3 3 3,Z,-0.5,2,SLEEP,Z,0.01904314,0.05780122
7/7/7/5/2/3/7/6/4 3 3,Z,-0.6666666666666666666666666666,2,SLEEP,Z,0.03428065,0.08559483
7/7/7/5/2/3/7/6/2 3 3,Z,-0.6666666666666666666666666666,2,SLEEP,Z,0.1432023,0.1778967
7/7/7/5/2/3/7/6/1 3 3,Z,-0.6666666666666666666666666666,2,SLEEP,Z,0.04463582,0.07682792
7/7/7/5/2/3/7/5/4 3 3,Z,-0.5,2,SLEEP,Z,0.02163677,0.07624131
7/7/7/5/2/3/7/5/2 3 3,Z,-0.5,2,SLEEP,Z,0.07507998,0.1216839
7/7/7/5/2/3/7/5/1 3 3,Z,-0.5,2,SLEEP,Z,0.03104476,0.1018152
7/7/7/5/2/3/7/3/4 3 3,Z,-0.5,2,SLEEP,Z,0.01487618,0.05107207
7/7/7/5/2/3/7/3/2 3 3,Z,-0.5,2,SLEEP,Z,0,0
7/7/7/5/2/3/7/3/1 3 3,Z,-0.5,2,SLEEP,Z,0.01485948,0.05329815
7/7/7/5/2/7/2/2/7 3 3,X,0,2,SLEEP,Z,0,0
7/7/7/5/2/7/2/6/6 3 3,X,-0.5,2,SLEEP,Z,0.01316049,0.05478807
7/7/7/5/2/7/2/6/5 3 3,Z,0.5,2,SLEEP,Z,0,0
7/7/7/5/2/7/2/6/3 3 3,X,0.5,2,SLEEP,Z,0.01798761,0.06137491
7/7/7/5/2/7/2/5/6 3 3,X,-0.5,2,SLEEP,Z,0.02326084,0.07514668
7/7/7/5/2/7/2/5/5 3 3,X,0,2,SLEEP,Z,0,0
7/7/7/5/2/7/2/5/3 3 3,X,0.5,2,SLEEP,Z,0.01749111,0.04821923
7/7/7/5/2/7/2/3/6 3 3,X,-0.5,2,SLEEP,Z,0.02923957,0.09200791
7/7/7/5/2/7/2/3/5 3 3,Z,-0.5,2,SLEEP,Z,0.01131793,0.03439945
7/7/7/5/2/7/2/3/3 3 3,X,0.5,4,SLEEP,Z,0.03931805,0.08818671
7/7/7/5/2/7/2/7/4 3 3,X,-0.5,2,SLEEP,Z,0.086703,0.1841263
7/7/7/5/2/7/2/7/2 3 3,X,0,2,SLEEP,Z,0,0
7/7/7/5/2/7/2/7/1 3 3,X,0.5,2,SLEEP,Z,0.03109353,0.08003338
7/7/7/5/2/7/6/2/6 3 3,X,-0.5,2,SLEEP,Z,0.03222849,0.09937066
7/7/7/5/2/7/6/2/5 3 3,X,0.5,2,SLEEP,Z,0.02918833,0.08565894
7/7/7/5/2/7/6/2/3 3 3,X,0.8333333333333333333333333333,2,SLEEP,Z,0.02106014,0.1020008
7/7/7/5/2/7/6/6/4 3 3,X,-0.5,4,SLEEP,Z,0.1135117,0.3186187
7/7/7/5/2/7/6/6/2 3 3,X,0.5,2,SLEEP,Z,0.03437022,0.1239737
7/7/7/5/2/7/6/6/1 3 3,X,0.8333333333333333333333333333,2,SLEEP,Z,0,0
7/7/7/5/2/7/6/5/4 3 3,X,-0.5,4,SLEEP,Z,0.03761388,0.1183506
7/7/7/5/2/7/6/5/2 3 3,X,0.5,2,SLEEP,Z,0,0
7/7/7/5/2/7/6/5/1 3 3,X,0.8333333333333333333333333333,2,SLEEP,Z,0,0
7/7/7/5/2/7/6/3/4 3 3,X,-0.5,2,SLEEP,Z,0.04384731,0.1347885
7/7/7/5/2/7/6/3/2 3 3,X,0.5,2,SLEEP,Z,0.02076285,0.06504843
7/7/7/5/2/7/6/3/1 3 3,X,0.8333333333333333333333333333,2,SLEEP,Z,0.007369461,0.02777582
7/7/7/5/2/7/5/2/6 3 3,X,-0.25,2,SLEEP,Z,0.02897554,0.05956887
7/7/7/5/2/7/5/2/5 3 3,X,0,2,SLEEP,Z,0.01390391,0.02723977
7/7/7/5/2/7/5/2/3 3 3,X,0.25,2,SLEEP,Z,0.01156467,0.03886024
7/7/7/5/2/7/5/6/4 3 3,Z,0.5,2,SLEEP,Z,0.02229007,0.07241618
7/7/7/5/2/7/5/6/2 3 3,Z,0.5,2,SLEEP,Z,0,0
7/7/7/5/2/7/5/6/1 3 3,Z,0.5,2,SLEEP,Z,0,0
7/7/7/5/2/7/5/5/4 3 3,X,-0.25,4,SLEEP,Z,0.05565534,0.1618268
7/7/7/5/2/7/5/5/2 3 3,X,0,2,SLEEP,Z,0.004096676,0.01537226
7/7/7/5/2/7/5/5/1 3 3,X,0.25,2,SLEEP,Z,0.009074558,0.03208666
7/7/7/5/2/7/5/3/4 3 3,Z,-0.5,4,SLEEP,Z,0.03043278,0.08201651
7/7/7/5/2/7/5/3/2 3 3,Z,-0.5,2,SLEEP,Z,0,0
7/7/7/5/2/7/5/3/1 3 3,Z,-0.5,2,SLEEP,Z,0.01917738,0.06499871
7/7/7/5/2/7/3/2/6 3 3,X,-0.8333333333333333333333333333,2,SLEEP,Z,0,0
7/7/7/5/2/7/3/2/5 3 3,X,-0.5,2,SLEEP,Z,0,0
7/7/7/5/2/7/3/2/3 3 3,X,0.5,2,SLEEP,Z,0.02217396,0.07401605
7/7/7/5/2/7/3/6/4 3 3,X,-0.8333333333333333333333333333,2,SLEEP,Z,0,0
7/7/7/5/2/7/3/6/2 3 3,X,-0.5,2,SLEEP,Z,0,0
7/7/7/5/2/7/3/6/1 3 3,X,0.5,4,SLEEP,Z,0.04187749,0.1183066
7/7/7/5/2/7/3/5/4 3 3,X,-0.8333333333333333333333333333,2,SLEEP,Z,0.02358407,0.06037103
7/7/7/5/2/7/3/5/2 3 3,X,-0.5,2,SLEEP,Z,0.01949007,0.06344243
7/7/7/5/2/7/3/5/1 3 3,X,0.5,4,SLEEP,Z,0.05190884,0.1610128
7/7/7/5/2/7/3/3/4 3 3,X,-0.8333333333333333333333333333,2,SLEEP,Z,0.01129225,0.03302012
7/7/7/5/2/7/3/3/2 3 3,X,-0.5,2,SLEEP,Z,0.01428822,0.0433944
7/7/7/5/2/7/3/3/1 3 3,X,0.5,4,SLEEP,Z,0.07083321,0.1925331
7/7/7/5/2/7/7/2/4 3 3,X,-0.3333333333333333333333333333,2,SLEEP,Z,0.01946737,0.06204727
7/7/7/5/2/7/7/2/2 3 3,X,0,2,SLEEP,Z,0,0
7/7/7/5/2/7/7/2/1 3 3,X,0.3333333333333333333333333333,2,SLEEP,Z,0,0
7/7/7/5/6/2/2/6/7 3 3,X,0.5,2,SLEEP,Z,0.01414105,0.0365896
7/7/7/5/6/2/2/5/7 3 3,X,0.5,2,SLEEP,Z,0,0
7/7/7/5/6/2/2/3/7 3 3,X,0.5,2,SLEEP,Z,0,0
7/7/7/5/6/2/2/7/6 3 3,X,-0.4,2,SLEEP,Z,0,0
7/7/7/5/6/2/2/7/5 3 3,X,0.5,2,SLEEP,Z,0,0
7/7/7/5/6/2/2/7/3 3 3,X,0.6428571428571428571428571429,2,SLEEP,Z,0.02954837,0.07185046
7/7/7/5/6/2/6/2/7 3 3,X,0.5,2,SLEEP,Z,0,0
7/7/7/5/6/2/6/6/6 3 3,Z,0.5,2,SLEEP,Z,0.01337897,0.0284489
7/7/7/5/6/2/6/6/5 3 3,X,0.5,2,SLEEP,Z,0.01148732,0.02962604
7/7/7/5/6/2/6/6/3 3 3,X,0.75,2,SLEEP,Z,0.02476081,0.06484632
7/7/7/5/6/2/6/5/6 3 3,X,0.25,2,SLEEP,Z,0.0036625,0.01353139
7/7/7/5/6/2/6/5/5 3 3,X,0.5,2,SLEEP,Z,0,0
7/7/7/5/6/2/6/5/3 3 3,X,0.75,2,SLEEP,Z,0.02444455,0.04416094
7/7/7/5/6/2/6/3/6 3 3,Z,-0.5,2,SLEEP,Z,0,0
7/7/7/5/6/2/6/3/5 3 3,X,0.5,2,SLEEP,Z,0,0
7/7/7/5/6/2/6/3/3 3 3,X,0.75,2,SLEEP,Z,0.03657617,0.0440083
7/7/7/5/6/2/6/7/4 3 3,X,0.25,2,SLEEP,Z,0,0
7/7/7/5/6/2/6/7/2 3 3,X,0.5,2,SLEEP,Z,0,0
7/7/7/5/6/2/6/7/1 3 3,X,0.75,2,SLEEP,Z,0.008760009,0.02733076
7/7/7/5/6/2/5/2/7 3 3,X,0.5,2,SLEEP,Z,0.01773091,0.02120493
7/7/7/5/6/2/5/6/6 3 3,Z,0.5,2,SLEEP,Z,0.01794009,0.04322219
7/7/7/5/6/2/5/6/5 3 3,X,0.5,2,SLEEP,Z,0.01874979,0.02529584
7/7/7/5/6/2/5/6/3 3 3,X,0.6428571428571428571428571429,2,SLEEP,Z,0.02206135,0.06472084
7/7/7/5/6/2/5/5/6 3 3,X,0.3571428571428571428571428571,2,SLEEP,Z,0.06731876,0.3098141
7/7/7/5/6/2/5/5/5 3 3,X,0.5,2,SLEEP,Z,0.02350563,0.03974063
7/7/7/5/6/2/5/5/3 3 3,X,0.6428571428571428571428571429,4,SLEEP,Z,0.02680219,0.08308886
7/7/7/5/6/2/5/3/6 3 3,Z,-0.5,2,SLEEP,Z,0.008155127,0.0228622
7/7/7/5/6/2/5/3/5 3 3,X,0.5,2,SLEEP,Z,0.01821004,0.03686051
7/7/7/5/6/2/5/3/3 3 3,X,0.6428571428571428571428571429,2,SLEEP,Z,0.02608752,0.07446619
7/7/7/5/6/2/5/7/4 3 3,X,0.3571428571428571428571428571,2,SLEEP,Z,0,0
7/7/7/5/6/2/5/7/2 3 3,X,0.5,2,SLEEP,Z,0,0
7/7/7/5/6/2/5/7/1 3 3,X,0.6428571428571428571428571429,2,SLEEP,Z,0.01190028,0.03911161
7/7/7/5/6/2/3/2/7 3 3,X,0.6428571428571428571428571429,2,SLEEP,Z,0.04772623,0.05415945
7/7/7/5/6/2/3/6/6 3 3,X,-0.75,2,SLEEP,Z,0.01881554,0.05207324
7/7/7/5/6/2/3/6/5 3 3,X,0.6428571428571428571428571429,2,SLEEP,Z,0.02129477,0.05817991
7/7/7/5/6/2/3/6/3 3 3,X,0.7857142857142857142857142857,4,SLEEP,Z,0.05287914,0.165985
7/7/7/5/6/2/3/5/6 3 3,X,-0.75,2,SLEEP,Z,0.04508808,0.1267813
7/7/7/5/6/2/3/5/5 3 3,X,0.6428571428571428571428571429,2,SLEEP,Z,0.03728341,0.06715032
7/7/7/5/6/2/3/5/3 3 3,X,0.7857142857142857142857142857,6,SLEEP,Z,0.0752051,0.2169378
7/7/7/5/6/2/3/3/6 3 3,X,-0.75,2,SLEEP,Z,0.01351252,0.04151843
7/7/7/5/6/2/3/3/5 3 3,X,0.6428571428571428571428571429,4,SLEEP,Z,0.02678077,0.08225482
7/7/7/5/6/2/3/3/3 3 3,X,0.7857142857142857142857142857,4,SLEEP,Z,0.04520157,0.1109983
7/7/7/5/6/2/3/7/4 3 3,X,-0.75,2,SLEEP,Z,0,0
7/7/7/5/6/2/3/7/2 3 3,X,0.6428571428571428571428571429,2,SLEEP,Z,0,0
7/7/7/5/6/2/3/7/1 3 3,X,0.7857142857142857142857142857,4,SLEEP,Z,0.03541329,0.1054971
7/7/7/5/6/2/7/2/6 3 3,X,0.3571428571428571428571428572,2,SLEEP,Z,0.01423712,0.04016004
7/7/7/5/6/2/7/2/5 3 3,X,0.5,2,SLEEP,Z,0.01453775,0.04582963
7/7/7/5/6/2/7/2/3 3 3,X,0.6428571428571428571428571428,4,SLEEP,Z,0.02733888,0.0682933
7/7/7/5/6/2/7/6/4 3 3,Z,0.5,2,SLEEP,Z,0,0
7/7/7/5/6/2/7/6/2 3 3,X,0.5,2,SLEEP,Z,0,0
7/7/7/5/6/2/7/6/1 3 3,X,0.6428571428571428571428571428,2,SLEEP,Z,0.01720416,0.05978868
7/7/7/5/6/2/7/5/4 3 3,X,0.3571428571428571428571428572,2,SLEEP,Z,0,0
7/7/7/5/6/2/7/5/2 3 3,X,0.5,2,SLEEP,Z,0,0
7/7/7/5/6/2/7/5/1 3 3,X,0.6428571428571428571428571428,2,SLEEP,Z,0.01162384,0.04176022
7/7/7/5/6/2/7/3/4 3 3,Z,-0.5,2,SLEEP,Z,0,0
7/7/7/5/6/2/7/3/2 3 3,X,0.5,2,SLEEP,Z,0,0
7/7/7/5/6/2/7/3/1 3 3,X,0.6428571428571428571428571428,2,SLEEP,Z,0.02732061,0.07150114
7/7/7/5/6/6/2/2/7 3 3,X,0.5,2,SLEEP,Z,0.0114261,0.03700936
7/7/7/5/6/6/2/6/6 3 3,X,-0.5,2,SLEEP,Z,0.02480351,0.04102238
7/7/7/5/6/6/2/6/5 3 3,X,0.5,2,SLEEP,Z,0.01489165,0.04179575
7/7/7/5/6/6/2/6/3 3 3,X,0.6428571428571428571428571429,4,SLEEP,Z,0.05572036,0.1272017
7/7/7/5/6/6/2/5/6 3 3,Z,0.5,2,SLEEP,Z,0.07422698,0.3421535
7/7/7/5/6/6/2/5/5 3 3,X,0.5,2,SLEEP,Z,0,0
7/7/7/5/6/6/2/5/3 3 3,X,0.6428571428571428571428571429,2,SLEEP,Z,0.03826449,0.05003207
7/7/7/5/6/6/2/3/6 3 3,Z,0.7,2,SLEEP,Z,0.01706837,0.04428396
7/7/7/5/6/6/2/3/5 3 3,Z,0.7,2,SLEEP,Z,0.01900388,0.05283489
7/7/7/5/6/6/2/3/3 3 3,Z,0.7,4,SLEEP,Z,0.06222096,0.1463003
7/7/7/5/6/6/2/7/4 3 3,Z,0.5,2,SLEEP,Z,0,0
7/7/7/5/6/6/2/7/2 3 3,X,0.5,2,SLEEP,Z,0,0
7/7/7/5/6/6/2/7/1 3 3,X,0.6428571428571428571428571429,2,SLEEP,Z,0.02716151,0.07684338
7/7/7/5/6/6/6/2/6 3 3,Z,0.5,2,SLEEP,Z,0,0
7/7/7/5/6/6/6/2/5 3 3,Z,0.5,2,SLEEP,Z,0,0
7/7/7/5/6/6/6/2/3 3 3,X,0.8333333333333333333333333333,2,SLEEP,Z,0,0
7/7/7/5/6/6/6/6/4 3 3,Z,0.5,2,SLEEP,Z,0.008053077,0.03281499
7/7/7/5/6/6/6/6/2 3 3,X,0.5,2,SLEEP,Z,0,0
7/7/7/5/6/6/6/6/1 3 3,X,0.8333333333333333333333333333,2,SLEEP,Z,0,0
7/7/7/5/6/6/6/5/4 3 3,Z,0.5,2,SLEEP,Z,0.005649697,0.02393158
7/7/7/5/6/6/6/5/2 3 3,Z,0.5,2,SLEEP,Z,0,0
7/7/7/5/6/6/6/5/1 3 3,X,0.8333333333333333333333333333,2,SLEEP,Z,0,0
7/7/7/5/6/6/6/3/4 3 3,Z,0.7,2,SLEEP,Z,0.02202138,0.07417907
7/7/7/5/6/6/6/3/2 3 3,Z,0.7,2,SLEEP,Z,0.05016265,0.1309113
7/7/7/5/6/6/6/3/1 3 3,X,0.8333333333333333333333333333,2,SLEEP,Z,0.02774317,0.05917714
7/7/7/5/6/6/5/2/6 3 3,Z,0.5,2,SLEEP,Z,0.05019381,0.2981105
7/7/7/5/6/6/5/2/5 3 3,X,0.5,2,SLEEP,Z,0.0243388,0.02080358
7/7/7/5/6/6/5/2/3 3 3,X,0.6428571428571428571428571429,2,SLEEP,Z,0,0
7/7/7/5/6/6/5/6/4 3 3,Z,0.5,2,SLEEP,Z,0,0
7/7/7/5/6/6/5/6/2 3 3,X,0.5,2,SLEEP,Z,0,0
7/7/7/5/6/6/5/6/1 3 3,X,0.6428571428571428571428571429,2,SLEEP,Z,0.01925631,0.02551468
7/7/7/5/6/6/5/5/4 3 3,Z,0.5,2,SLEEP,Z,0,0
7/7/7/5/6/6/5/5/2 3 3,X,0.5,2,SLEEP,Z,0,0
7/7/7/5/6/6/5/5/1 3 3,X,0.6428571428571428571428571429,2,SLEEP,Z,0,0
7/7/7/5/6/6/5/3/4 3 3,Z,0.7,2,SLEEP,Z,0.01459979,0.04648894
7/7/7/5/6/6/5/3/2 3 3,Z,0.7,2,SLEEP,Z,0.01079362,0.02018028
7/7/7/5/6/6/5/3/1 3 3,Z,0.7,2,SLEEP,Z,0.01636446,0.05277561
7/7/7/5/6/6/3/2/6 3 3,X,-0.8333333333333333333333333333,2,SLEEP,Z,0.01504504,0.02283995
7/7/7/5/6/6/3/2/5 3 3,X,0.6428571428571428571428571429,2,SLEEP,Z,0.007668375,0.02394206
7/7/7/5/6/6/3/2/3 3 3,X,0.7857142857142857142857142857,2,SLEEP,Z,0.03202254,0.09289588
7/7/7/5/6/6/3/6/4 3 3,X,-0.8333333333333333333333333333,2,SLEEP,Z,0,0
7/7/7/5/6/6/3/6/2 3 3,X,0.6428571428571428571428571429,2,SLEEP,Z,0.01420265,0.0246379
7/7/7/5/6/6/3/6/1 3 3,X,0.7857142857142857142857142857,2,SLEEP,Z,0.0307441,0.1008777
7/7/7/5/6/6/3/5/4 3 3,X,-0.8333333333333333333333333333,2,SLEEP,Z,0.01185354,0.01454064
7/7/7/5/6/6/3/5/2 3 3,X,0.6428571428571428571428571429,2,SLEEP,Z,0.01421668,0.0398438
7/7/7/5/6/6/3/5/1 3 3,X,0.7857142857142857142857142857,2,SLEEP,Z,0.02497363,0.09173779
7/7/7/5/6/6/3/3/4 3 3,X,-0.8333333333333333333333333333,2,SLEEP,Z,0.09074622,0.1547876
7/7/7/5/6/6/3/3/2 3 3,Z,0.7,4,SLEEP,Z,0.0570537,0.1601906
7/7/7/5/6/6/3/3/1 3 3,X,0.7857142857142857142857142857,2,SLEEP,Z,0,0
7/7/7/5/6/6/7/2/4 3 3,Z,0.5,2,SLEEP,Z,0,0
7/7/7/5/6/6/7/2/2 3 3,X,0.5,2,SLEEP,Z,0,0
7/7/7/5/6/6/7/2/1 3 3,X,0.6428571428571428571428571429,2,SLEEP,Z,0,0
7/7/7/5/6/5/2/2/7 3 3,X,0.5,2,SLEEP,Z,0.01985479,0.05067459
7/7/7/5/6/5/2/6/6 3 3,X,-0.5,2,SLEEP,Z,0,0
7/7/7/5/6/5/2/6/5 3 3,X,0.5,2,SLEEP,Z,0,0
7/7/7/5/6/5/2/6/3 3 3,X,0.6428571428571428571428571429,2,SLEEP,Z,0.02198761,0.05003498
7/7/7/5/6/5/2/5/6 3 3,X,-0.5,2,SLEEP,Z,0.01382173,0.04397849
7/7/7/5/6/5/2/5/5 3 3,X,0.5,2,SLEEP,Z,0,0
7/7/7/5/6/5/2/5/3 3 3,X,0.6428571428571428571428571429,2,SLEEP,Z,0.01845224,0.04916603
7/7/7/5/6/5/2/3/6 3 3,X,-0.5,2,SLEEP,Z,0,0
7/7/7/5/6/5/2/3/5 3 3,X,0.5,2,SLEEP,Z,0.006387032,0.02020335
7/7/7/5/6/5/2/3/3 3 3,X,0.6428571428571428571428571429,2,SLEEP,Z,0.02125215,0.05615616
7/7/7/5/6/5/2/7/4 3 3,X,-0.5,2,SLEEP,Z,0,0
7/7/7/5/6/5/2/7/2 3 3,X,0.5,2,SLEEP,Z,0,0
7/7/7/5/6/5/2/7/1 3 3,X,0.6428571428571428571428571429,2,SLEEP,Z,0.002186641,0.01328715
7/7/7/5/6/5/6/2/6 3 3,X,0.2142857142857142857142857143,2,SLEEP,Z,0,0
7/7/7/5/6/5/6/2/5 3 3,X,0.5,2,SLEEP,Z,0,0
7/7/7/5/6/5/6/2/3 3 3,X,0.8333333333333333333333333333,2,SLEEP,Z,0,0
7/7/7/5/6/5/6/6/4 3 3,Z,0.5,2,SLEEP,Z,0.006737857,0.02622914
7/7/7/5/6/5/6/6/2 3 3,X,0.5,2,SLEEP,Z,0,0
7/7/7/5/6/5/6/6/1 3 3,X,0.8333333333333333333333333333,2,SLEEP,Z,0.007189051,0.02259709
7/7/7/5/6/5/6/5/4 3 3,X,0.2142857142857142857142857143,2,SLEEP,Z,0,0
7/7/7/5/6/5/6/5/2 3 3,X,0.5,2,SLEEP,Z,0,0
7/7/7/5/6/5/6/5/1 3 3,X,0.8333333333333333333333333333,2,SLEEP,Z,0.02277319,0.04983118
7/7/7/5/6/5/6/3/4 3 3,Z,-0.5,2,SLEEP,Z,0.01096988,0.04389445
7/7/7/5/6/5/6/3/2 3 3,X,0.5,2,SLEEP,Z,0,0
7/7/7/5/6/5/6/3/1 3 3,X,0.8333333333333333333333333333,2,SLEEP,Z,0,0
7/7/7/5/6/5/5/2/6 3 3,X,0.3571428571428571428571428571,2,SLEEP,Z,0,0
7/7/7/5/6/5/5/2/5 3 3,X,0.5,2,SLEEP,Z,0,0
7/7/7/5/6/5/5/2/3 3 3,X,0.6428571428571428571428571429,2,SLEEP,Z,0,0
7/7/7/5/6/5/5/6/4 3 3,Z,0.5,2,SLEEP,Z,0,0
7/7/7/5/6/5/5/6/2 3 3,X,0.5,2,SLEEP,Z,0,0
7/7/7/5/6/5/5/6/1 3 3,X,0.6428571428571428571428571429,2,SLEEP,Z,0.01602521,0.02761797
7/7/7/5/6/5/5/5/4 3 3,X,0.3571428571428571428571428571,2,SLEEP,Z,0.006679817,0.02892351
7/7/7/5/6/5/5/5/2 3 3,X,0.5,2,SLEEP,Z,0,0
7/7/7/5/6/5/5/5/1 3 3,X,0.6428571428571428571428571429,2,SLEEP,Z,0,0
7/7/7/5/6/5/5/3/4 3 3,Z,-0.5,2,SLEEP,Z,0.006618992,0.02453898
7/7/7/5/6/5/5/3/2 3 3,X,0.5,2,SLEEP,Z,0,0
7/7/7/5/6/5/5/3/1 3 3,X,0.6428571428571428571428571429,2,SLEEP,Z,0,0
7/7/7/5/6/5/3/2/6 3 3,X,-0.8333333333333333333333333333,2,SLEEP,Z,0,0
7/7/7/5/6/5/3/2/5 3 3,X,0.6428571428571428571428571429,2,SLEEP,Z,0,0
7/7/7/5/6/5/3/2/3 3 3,X,0.7857142857142857142857142857,2,SLEEP,Z,0.01960908,0.06933822
7/7/7/5/6/5/3/6/4 3 3,X,-0.8333333333333333333333333333,2,SLEEP,Z,0,0
7/7/7/5/6/5/3/6/2 3 3,X,0.6428571428571428571428571429,2,SLEEP,Z,0.009148751,0.02840007
7/7/7/5/6/5/3/6/1 3 3,X,0.7857142857142857142857142857,2,SLEEP,Z,0.01881143,0.06904571
7/7/7/5/6/5/3/5/4 3 3,X,-0.8333333333333333333333333333,2,SLEEP,Z,0.08527166,0.3369551
7/7/7/5/6/5/3/5/2 3 3,X,0.6428571428571428571428571429,2,SLEEP,Z,0,0
7/7/7/5/6/5/3/5/1 3 3,X,0.7857142857142857142857142857,2,SLEEP,Z,0.02808983,0.09079704
7/7/7/5/6/5/3/3/4 3 3,X,-0.8333333333333333333333333333,2,SLEEP,Z,0,0
7/7/7/5/6/5/3/3/2 3 3,X,0.6428571428571428571428571429,2,SLEEP,Z,0,0
7/7/7/5/6/5/3/3/1 3 3,X,0.7857142857142857142857142857,2,SLEEP,Z,0.005701787,0.021008
7/7/7/5/6/5/7/2/4 3 3,X,0.3571428571428571428571428571,2,SLEEP,Z,0,0
7/7/7/5/6/5/7/2/2 3 3,X,0.5,2,SLEEP,Z,0,0
7/7/7/5/6/5/7/2/1 3 3,X,0.6428571428571428571428571429,2,SLEEP,Z,0,0
7/7/7/5/6/3/2/2/7 3 3,X,0.5,2,SLEEP,Z,0.02631768,0.04988128
7/7/7/5/6/3/2/6/6 3 3,Z,-0.7,2,SLEEP,Z,0.02986003,0.08138683
7/7/7/5/6/3/2/6/5 3 3,Z,-0.7,4,SLEEP,Z,0.05673037,0.1998063
7/7/7/5/6/3/2/6/3 3 3,Z,-0.7,2,SLEEP,Z,0.03544027,0.08852155
7/7/7/5/6/3/2/5/6 3 3,Z,-0.5,2,SLEEP,Z,0.04719126,0.06083062
7/7/7/5/6/3/2/5/5 3 3,X,0.5,2,SLEEP,Z,0.02123187,0.03572631
7/7/7/5/6/3/2/5/3 3 3,X,0.6428571428571428571428571429,2,SLEEP,Z,0.03655223,0.09052044
7/7/7/5/6/3/2/3/6 3 3,X,-0.5,2,SLEEP,Z,0.02260484,0.03356521
7/7/7/5/6/3/2/3/5 3 3,X,0.5,2,SLEEP,Z,0.01190307,0.02445914
7/7/7/5/6/3/2/3/3 3 3,X,0.6428571428571428571428571429,2,SLEEP,Z,0.03383043,0.0926196
7/7/7/5/6/3/2/7/4 3 3,Z,-0.5,2,SLEEP,Z,0,0
7/7/7/5/6/3/2/7/2 3 3,X,0.5,2,SLEEP,Z,0,0
7/7/7/5/6/3/2/7/1 3 3,X,0.6428571428571428571428571429,2,SLEEP,Z,0.01701039,0.04386946
7/7/7/5/6/3/6/2/6 3 3,Z,-0.5,2,SLEEP,Z,0,0
7/7/7/5/6/3/6/2/5 3 3,Z,-0.5,2,SLEEP,Z,0,0
7/7/7/5/6/3/6/2/3 3 3,X,0.8333333333333333333333333333,2,SLEEP,Z,0,0
7/7/7/5/6/3/6/6/4 3 3,Z,-0.7,2,SLEEP,Z,0,0
7/7/7/5/6/3/6/6/2 3 3,Z,-0.7,2,SLEEP,Z,0,0
7/7/7/5/6/3/6/6/1 3 3,X,0.8333333333333333333333333333,2,SLEEP,Z,0.0170495,0.04738062
7/7/7/5/6/3/6/5/4 3 3,Z,-0.5,2,SLEEP,Z,0.01099225,0.04791421
7/7/7/5/6/3/6/5/2 3 3,Z,-0.5,2,SLEEP,Z,0,0
7/7/7/5/6/3/6/5/1 3 3,X,0.8333333333333333333333333333,2,SLEEP,Z,0,0
7/7/7/5/6/3/6/3/4 3 3,Z,-0.5,2,SLEEP,Z,0.006815847,0.0238749
7/7/7/5/6/3/6/3/2 3 3,X,0.5,2,SLEEP,Z,0,0
7/7/7/5/6/3/6/3/1 3 3,X,0.8333333333333333333333333333,2,SLEEP,Z,0,0
7/7/7/5/6/3/5/2/6 3 3,Z,-0.5,2,SLEEP,Z,0.04155753,0.02481692
7/7/7/5/6/3/5/2/5 3 3,X,0.5,2,SLEEP,Z,0.005155359,0.01965253
7/7/7/5/6/3/5/2/3 3 3,X,0.6428571428571428571428571429,2,SLEEP,Z,0.02097053,0.04189883
7/7/7/5/6/3/5/6/4 3 3,Z,-0.7,2,SLEEP,Z,0,0
7/7/7/5/6/3/5/6/2 3 3,Z,-0.7,2,SLEEP,Z,0,0
7/7/7/5/6/3/5/6/1 3 3,Z,-0.7,2,SLEEP,Z,0.01676185,0.0535105
7/7/7/5/6/3/5/5/4 3 3,Z,-0.5,2,SLEEP,Z,0,0
7/7/7/5/6/3/5/5/2 3 3,X,0.5,2,SLEEP,Z,0,0
7/7/7/5/6/3/5/5/1 3 3,X,0.6428571428571428571428571429,2,SLEEP,Z,0,0
7/7/7/5/6/3/5/3/4 3 3,Z,-0.5,2,SLEEP,Z,0.006696063,0.02862054
7/7/7/5/6/3/5/3/2 3 3,X,0.5,2,SLEEP,Z,0,0
7/7/7/5/6/3/5/3/1 3 3,X,0.6428571428571428571428571429,2,SLEEP,Z,0,0
7/7/7/5/6/3/3/2/6 3 3,X,-0.8333333333333333333333333333,2,SLEEP,Z,0,0
7/7/7/5/6/3/3/2/5 3 3,X,0.6428571428571428571428571429,2,SLEEP,Z,0.009724074,0.02890688
7/7/7/5/6/3/3/2/3 3 3,X,0.7857142857142857142857142857,4,SLEEP,Z,0.04194362,0.1162599
7/7/7/5/6/3/3/6/4 3 3,X,-0.8333333333333333333333333333,2,SLEEP,Z,0.01147072,0.02861646
7/7/7/5/6/3/3/6/2 3 3,Z,-0.7,2,SLEEP,Z,0.01264315,0.03783955
7/7/7/5/6/3/3/6/1 3 3,X,0.7857142857142857142857142857,2,SLEEP,Z,0.06027384,0.173558
7/7/7/5/6/3/3/5/4 3 3,X,-0.8333333333333333333333333333,2,SLEEP,Z,0.01828844,0.03379093
7/7/7/5/6/3/3/5/2 3 3,X,0.6428571428571428571428571429,2,SLEEP,Z,0.01430035,0.04663749
7/7/7/5/6/3/3/5/1 3 3,X,0.7857142857142857142857142857,2,SLEEP,Z,0.02812266,0.09404007
7/7/7/5/6/3/3/3/4 3 3,X,-0.8333333333333333333333333333,2,SLEEP,Z,0.01361288,0.02969016
7/7/7/5/6/3/3/3/2 3 3,X,0.6428571428571428571428571429,2,SLEEP,Z,0.006280572,0.01931721
7/7/7/5/6/3/3/3/1 3 3,X,0.7857142857142857142857142857,2,SLEEP,Z,0.02479338,0.08552463
7/7/7/5/6/3/7/2/4 3 3,Z,-0.5,2,SLEEP,Z,0,0
7/7/7/5/6/3/7/2/2 3 3,X,0.5,2,SLEEP,Z,0,0
7/7/7/5/6/3/7/2/1 3 3,X,0.6428571428571428571428571429,2,SLEEP,Z,0.006927677,0.02364861
7/7/7/5/6/7/2/2/6 3 3,X,-0.6666666666666666666666666666,2,SLEEP,Z,0,0
7/7/7/5/6/7/2/2/5 3 3,X,0.5,2,SLEEP,Z,0,0
7/7/7/5/6/7/2/2/3 3 3,X,0.6666666666666666666666666666,2,SLEEP,Z,0.02455326,0.03861108
7/7/7/5/6/7/2/6/4 3 3,X,-0.6666666666666666666666666666,2,SLEEP,Z,0,0
7/7/7/5/6/7/2/6/2 3 3,X,0.5,2,SLEEP,Z,0,0
7/7/7/5/6/7/2/6/1 3 3,X,0.6666666666666666666666666666,2,SLEEP,Z,0.01745095,0.04130336
7/7/7/5/6/7/2/5/4 3 3,X,-0.6666666666666666666666666666,2,SLEEP,Z,0.0395565,0.03438248
7/7/7/5/6/7/2/5/2 3 3,X,0.5,2,SLEEP,Z,0,0
7/7/7/5/6/7/2/5/1 3 3,X,0.6666666666666666666666666666,2,SLEEP,Z,0.01917973,0.0472976
7/7/7/5/6/7/2/3/4 3 3,X,-0.6666666666666666666666666666,2,SLEEP,Z,0,0
7/7/7/5/6/7/2/3/2 3 3,X,0.5,2,SLEEP,Z,0,0
7/7/7/5/6/7/2/3/1 3 3,X,0.6666666666666666666666666666,2,SLEEP,Z,0.0263494,0.06647471
7/7/7/5/6/7/6/2/4 3 3,X,0.2142857142857142857142857143,2,SLEEP,Z,0,0
7/7/7/5/6/7/6/2/2 3 3,X,0.5,2,SLEEP,Z,0,0
7/7/7/5/6/7/5/2/4 3 3,X,0.3571428571428571428571428571,2,SLEEP,Z,0.006451575,0.02512593
7/7/7/5/6/7/5/2/2 3 3,X,0.5,2,SLEEP,Z,0,0
7/7/7/5/6/7/5/2/1 3 3,X,0.6428571428571428571428571429,2,SLEEP,Z,0,0
7/7/7/5/6/7/3/2/2 3 3,X,0.6428571428571428571428571429,2,SLEEP,Z,0,0
7/7/7/5/6/7/3/2/1 3 3,X,0.7857142857142857142857142857,2,SLEEP,Z,0.02912602,0.0919128
7/7/7/5/5/2/2/6/7 3 3,Z,0.5,2,SLEEP,Z,0.02529376,0.07862142
7/7/7/5/5/2/2/5/7 3 3,X,0,2,SLEEP,Z,0.02206475,0.03648032
7/7/7/5/5/2/2/3/7 3 3,Z,-0.5,2,SLEEP,Z,0.01768683,0.04845788
7/7/7/5/5/2/2/7/6 3 3,X,-0.4,2,SLEEP,Z,0.0126583,0.04499171
7/7/7/5/5/2/2/7/5 3 3,X,0,2,SLEEP,Z,0,0
7/7/7/5/5/2/2/7/3 3 3,X,0.4,2,SLEEP,Z,0,0
7/7/7/5/5/2/6/2/7 3 3,X,0.5,2,SLEEP,Z,0,0
7/7/7/5/5/2/6/6/6 3 3,Z,0.5,2,SLEEP,Z,0.01035385,0.03261056
7/7/7/5/5/2/6/6/5 3 3,X,0.5,2,SLEEP,Z,0.03654717,0.08047647
7/7/7/5/5/2/6/6/3 3 3,X,0.75,2,SLEEP,Z,0.06209633,0.09320077
7/7/7/5/5/2/6/5/6 3 3,X,0.25,2,SLEEP,Z,0.01711464,0.04988082
7/7/7/5/5/2/6/5/5 3 3,X,0.5,2,SLEEP,Z,0.006226217,0.0231385
7/7/7/5/5/2/6/5/3 3 3,X,0.75,2,SLEEP,Z,0,0
7/7/7/5/5/2/6/3/6 3 3,Z,-0.5,2,SLEEP,Z,0.02181107,0.06489245
7/7/7/5/5/2/6/3/5 3 3,X,0.5,2,SLEEP,Z,0.03375047,0.08554292
7/7/7/5/5/2/6/3/3 3 3,X,0.75,2,SLEEP,Z,0.1393606,0.2003192
7/7/7/5/5/2/6/7/4 3 3,X,0.25,2,SLEEP,Z,0,0
7/7/7/5/5/2/6/7/2 3 3,X,0.5,2,SLEEP,Z,0,0
7/7/7/5/5/2/6/7/1 3 3,X,0.75,2,SLEEP,Z,0,0
7/7/7/5/5/2/5/2/7 3 3,X,0,2,SLEEP,Z,0,0
7/7/7/5/5/2/5/6/6 3 3,Z,0.5,2,SLEEP,Z,0.02521075,0.02548773
7/7/7/5/5/2/5/6/5 3 3,Z,0.5,2,SLEEP,Z,0.0176413,0.05133226
7/7/7/5/5/2/5/6/3 3 3,Z,0.5,4,SLEEP,Z,0.03777343,0.09568048
7/7/7/5/5/2/5/5/6 3 3,X,-0.1666666666666666666666666667,2,SLEEP,Z,0.01281648,0.0165621
7/7/7/5/5/2/5/5/5 3 3,X,0,2,SLEEP,Z,0,0
7/7/7/5/5/2/5/5/3 3 3,X,0.1666666666666666666666666667,2,SLEEP,Z,0,0
7/7/7/5/5/2/5/3/6 3 3,Z,-0.5,2,SLEEP,Z,0.01501001,0.04405857
7/7/7/5/5/2/5/3/5 3 3,Z,-0.5,2,SLEEP,Z,0.01554534,0.03403593
7/7/7/5/5/2/5/3/3 3 3,Z,-0.5,2,SLEEP,Z,0,0
7/7/7/5/5/2/5/7/4 3 3,X,-0.1666666666666666666666666667,2,SLEEP,Z,0,0
7/7/7/5/5/2/5/7/2 3 3,X,0,2,SLEEP,Z,0,0
7/7/7/5/5/2/5/7/1 3 3,X,0.1666666666666666666666666667,2,SLEEP,Z,0,0
7/7/7/5/5/2/3/2/7 3 3,X,-0.5,2,SLEEP,Z,0,0
7/7/7/5/5/2/3/6/6 3 3,X,-0.75,2,SLEEP,Z,0.01802867,0.04802738
7/7/7/5/5/2/3/6/5 3 3,X,-0.5,2,SLEEP,Z,0.01988483,0.06202332
7/7/7/5/5/2/3/6/3 3 3,Z,0.5,4,SLEEP,Z,0.03677144,0.1059341
7/7/7/5/5/2/3/5/6 3 3,X,-0.75,2,SLEEP,Z,0.05595792,0.1020234
7/7/7/5/5/2/3/5/5 3 3,X,-0.5,2,SLEEP,Z,0,0
7/7/7/5/5/2/3/5/3 3 3,X,-0.25,2,SLEEP,Z,0,0
7/7/7/5/5/2/3/3/6 3 3,X,-0.75,2,SLEEP,Z,0.02878254,0.03997552
7/7/7/5/5/2/3/3/5 3 3,X,-0.5,2,SLEEP,Z,0,0
7/7/7/5/5/2/3/3/3 3 3,Z,-0.5,2,SLEEP,Z,0,0
7/7/7/5/5/2/3/7/4 3 3,X,-0.75,2,SLEEP,Z,0,0
7/7/7/5/5/2/3/7/2 3 3,X,-0.5,2,SLEEP,Z,0,0
7/7/7/5/5/2/3/7/1 3 3,X,-0.25,2,SLEEP,Z,0,0
7/7/7/5/5/2/7/2/6 3 3,X,-0.2222222222222222222222222222,2,SLEEP,Z,0,0
7/7/7/5/5/2/7/2/5 3 3,X,0,2,SLEEP,Z,0,0
7/7/7/5/5/2/7/2/3 3 3,X,0.2222222222222222222222222222,2,SLEEP,Z,0,0
7/7/7/5/5/2/7/6/4 3 3,Z,0.5,2,SLEEP,Z,0.02713004,0.08175918
7/7/7/5/5/2/7/6/2 3 3,Z,0.5,2,SLEEP,Z,0.03314659,0.08076496
7/7/7/5/5/2/7/6/1 3 3,Z,0.5,2,SLEEP,Z,0,0
7/7/7/5/5/2/7/5/4 3 3,X,-0.2222222222222222222222222222,2,SLEEP,Z,0.01687521,0.02499583
7/7/7/5/5/2/7/5/2 3 3,X,0,2,SLEEP,Z,0,0
7/7/7/5/5/2/7/5/1 3 3,X,0.2222222222222222222222222222,2,SLEEP,Z,0,0
7/7/7/5/5/2/7/3/4 3 3,Z,-0.5,2,SLEEP,Z,0.02358771,0.03982433
7/7/7/5/5/2/7/3/2 3 3,Z,-0.5,2,SLEEP,Z,0,0
7/7/7/5/5/2/7/3/1 3 3,Z,-0.5,2,SLEEP,Z,0,0
7/7/7/5/5/6/2/2/7 3 3,Z,0.5,2,SLEEP,Z,0,0
7/7/7/5/5/6/2/6/6 3 3,X,-0.5,2,SLEEP,Z,0.008781468,0.0276018
7/7/7/5/5/6/2/6/5 3 3,Z,0.5,2,SLEEP,Z,0,0
7/7/7/5/5/6/2/6/3 3 3,X,0.5,2,SLEEP,Z,0,0
7/7/7/5/5/6/2/5/6 3 3,Z,0.5,2,SLEEP,Z,0.09244832,0.1184462
7/7/7/5/5/6/2/5/5 3 3,Z,0.5,2,SLEEP,Z,0,0
7/7/7/5/5/6/2/5/3 3 3,Z,0.5,2,SLEEP,Z,0,0
7/7/7/5/5/6/2/3/6 3 3,Z,0.7,2,SLEEP,Z,0.01377913,0.03602762
7/7/7/5/5/6/2/3/5 3 3,Z,0.7,2,SLEEP,Z,0,0
7/7/7/5/5/6/2/3/3 3 3,Z,0.7,2,SLEEP,Z,0.01009808,0.0297348
7/7/7/5/5/6/2/7/4 3 3,Z,0.5,2,SLEEP,Z,0,0
7/7/7/5/5/6/2/7/2 3 3,Z,0.5,2,SLEEP,Z,0,0
7/7/7/5/5/6/2/7/1 3 3,Z,0.5,2,SLEEP,Z,0,0
7/7/7/5/5/6/6/2/6 3 3,Z,0.5,2,SLEEP,Z,0,0
7/7/7/5/5/6/6/2/5 3 3,Z,0.5,2,SLEEP,Z,0,0
7/7/7/5/5/6/6/2/3 3 3,X,0.8333333333333333333333333333,2,SLEEP,Z,0,0
7/7/7/5/5/6/6/6/4 3 3,Z,0.5,2,SLEEP,Z,0,0
7/7/7/5/5/6/6/6/2 3 3,X,0.5,2,SLEEP,Z,0,0
7/7/7/5/5/6/6/6/1 3 3,X,0.8333333333333333333333333333,2,SLEEP,Z,0,0
7/7/7/5/5/6/6/5/4 3 3,Z,0.5,2,SLEEP,Z,0.0135738,0.05444377
7/7/7/5/5/6/6/5/2 3 3,Z,0.5,2,SLEEP,Z,0,0
7/7/7/5/5/6/6/5/1 3 3,X,0.8333333333333333333333333333,2,SLEEP,Z,0,0
7/7/7/5/5/6/6/3/4 3 3,Z,0.7,2,SLEEP,Z,0.0263554,0.07619824
7/7/7/5/5/6/6/3/2 3 3,Z,0.7,2,SLEEP,Z,0.02060165,0.05214828
7/7/7/5/5/6/6/3/1 3 3,X,0.8333333333333333333333333333,2,SLEEP,Z,0,0
7/7/7/5/5/6/5/2/6 3 3,Z,0.5,2,SLEEP,Z,0.009478944,0.04077534
7/7/7/5/5/6/5/2/5 3 3,Z,0.5,2,SLEEP,Z,0,0
7/7/7/5/5/6/5/2/3 3 3,Z,0.5,2,SLEEP,Z,0,0
7/7/7/5/5/6/5/6/4 3 3,Z,0.5,2,SLEEP,Z,0,0
7/7/7/5/5/6/5/6/2 3 3,Z,0.5,2,SLEEP,Z,0,0
7/7/7/5/5/6/5/6/1 3 3,Z,0.5,2,SLEEP,Z,0,0
7/7/7/5/5/6/5/5/4 3 3,Z,0.5,2,SLEEP,Z,0,0
7/7/7/5/5/6/5/5/2 3 3,Z,0.5,2,SLEEP,Z,0,0
7/7/7/5/5/6/5/5/1 3 3,Z,0.5,2,SLEEP,Z,0,0
7/7/7/5/5/6/5/3/4 3 3,Z,0.7,2,SLEEP,Z,0.01235048,0.04204077
7/7/7/5/5/6/5/3/2 3 3,Z,0.7,2,SLEEP,Z,0,0
7/7/7/5/5/6/5/3/1 3 3,Z,0.7,2,SLEEP,Z,0.008269606,0.02836934
7/7/7/5/5/6/3/2/6 3 3,X,-0.8333333333333333333333333333,2,SLEEP,Z,0,0
7/7/7/5/5/6/3/2/5 3 3,Z,0.5,2,SLEEP,Z,0,0
7/7/7/5/5/6/3/2/3 3 3,Z,0.5,2,SLEEP,Z,0,0
7/7/7/5/5/6/3/6/4 3 3,X,-0.8333333333333333333333333333,2,SLEEP,Z,0,0
7/7/7/5/5/6/3/6/2 3 3,X,-0.5,2,SLEEP,Z,0,0
7/7/7/5/5/6/3/6/1 3 3,Z,0.5,2,SLEEP,Z,0.004119352,0.01686445
7/7/7/5/5/6/3/5/4 3 3,X,-0.8333333333333333333333333333,2,SLEEP,Z,0,0
7/7/7/5/5/6/3/5/2 3 3,Z,0.5,2,SLEEP,Z,0,0
7/7/7/5/5/6/3/5/1 3 3,Z,0.5,2,SLEEP,Z,0,0
7/7/7/5/5/6/3/3/4 3 3,X,-0.8333333333333333333333333333,2,SLEEP,Z,0.04277236,0.09853225
7/7/7/5/5/6/3/3/2 3 3,Z,0.7,2,SLEEP,Z,0.006815417,0.02472651
7/7/7/5/5/6/3/3/1 3 3,Z,0.7,2,SLEEP,Z,0.007382229,0.02503457
7/7/7/5/5/6/7/2/4 3 3,Z,0.5,2,SLEEP,Z,0,0
7/7/7/5/5/6/7/2/2 3 3,Z,0.5,2,SLEEP,Z,0,0
7/7/7/5/5/6/7/2/1 3 3,Z,0.5,2,SLEEP,Z,0,0
7/7/7/5/5/5/2/2/7 3 3,X,0,2,SLEEP,Z,0.007085296,0.02682498
7/7/7/5/5/5/2/6/6 3 3,X,-0.5,2,SLEEP,Z,0.009692426,0.0290979
7/7/7/5/5/5/2/6/5 3 3,Z,0.5,2,SLEEP,Z,0,0
7/7/7/5/5/5/2/6/3 3 3,X,0.5,2,SLEEP,Z,0,0
7/7/7/5/5/5/2/5/6 3 3,X,-0.5,2,SLEEP,Z,0.1060276,0.3677471
7/7/7/5/5/5/2/5/5 3 3,X,0,2,SLEEP,Z,0,0
7/7/7/5/5/5/2/5/3 3 3,X,0.5,2,SLEEP,Z,0,0
7/7/7/5/5/5/2/3/6 3 3,X,-0.5,2,SLEEP,Z,0,0
7/7/7/5/5/5/2/3/5 3 3,Z,-0.5,2,SLEEP,Z,0,0
7/7/7/5/5/5/2/3/3 3 3,X,0.5,2,SLEEP,Z,0,0
7/7/7/5/5/5/2/7/4 3 3,X,-0.5,2,SLEEP,Z,0,0
7/7/7/5/5/5/2/7/2 3 3,X,0,2,SLEEP,Z,0,0
7/7/7/5/5/5/2/7/1 3 3,X,0.5,2,SLEEP,Z,0,0
7/7/7/5/5/5/6/2/6 3 3,X,-0.1904761904761904761904761905,2,SLEEP,Z,0,0
7/7/7/5/5/5/6/2/5 3 3,X,0.5,2,SLEEP,Z,0,0
7/7/7/5/5/5/6/2/3 3 3,X,0.8333333333333333333333333333,2,SLEEP,Z,0,0
7/7/7/5/5/5/6/6/4 3 3,Z,0.5,2,SLEEP,Z,0,0
7/7/7/5/5/5/6/6/2 3 3,X,0.5,2,SLEEP,Z,0,0
7/7/7/5/5/5/6/6/1 3 3,X,0.8333333333333333333333333333,2,SLEEP,Z,0,0
7/7/7/5/5/5/6/5/4 3 3,X,-0.1904761904761904761904761905,2,SLEEP,Z,0,0
7/7/7/5/5/5/6/5/2 3 3,X,0.5,2,SLEEP,Z,0,0
7/7/7/5/5/5/6/5/1 3 3,X,0.8333333333333333333333333333,2,SLEEP,Z,0,0
7/7/7/5/5/5/6/3/4 3 3,Z,-0.5,2,SLEEP,Z,0.02000032,0.08449174
7/7/7/5/5/5/6/3/2 3 3,X,0.5,2,SLEEP,Z,0.007280916,0.02315794
7/7/7/5/5/5/6/3/1 3 3,X,0.8333333333333333333333333333,2,SLEEP,Z,0,0
7/7/7/5/5/5/5/2/6 3 3,X,-0.2222222222222222222222222222,2,SLEEP,Z,0.009263365,0.04196602
7/7/7/5/5/5/5/2/5 3 3,X,0,2,SLEEP,Z,0,0
7/7/7/5/5/5/5/2/3 3 3,X,0.2222222222222222222222222222,2,SLEEP,Z,0,0
7/7/7/5/5/5/5/6/4 3 3,Z,0.5,2,SLEEP,Z,0,0
7/7/7/5/5/5/5/6/2 3 3,Z,0.5,2,SLEEP,Z,0,0
7/7/7/5/5/5/5/6/1 3 3,Z,0.5,2,SLEEP,Z,0,0
7/7/7/5/5/5/5/5/4 3 3,X,-0.2222222222222222222222222222,2,SLEEP,Z,0.004492659,0.02326844
7/7/7/5/5/5/5/5/2 3 3,X,0,2,SLEEP,Z,0,0
7/7/7/5/5/5/5/5/1 3 3,X,0.2222222222222222222222222222,2,SLEEP,Z,0,0
7/7/7/5/5/5/5/3/4 3 3,Z,-0.5,2,SLEEP,Z,0.01349156,0.05972718
7/7/7/5/5/5/5/3/2 3 3,Z,-0.5,2,SLEEP,Z,0.006067932,0.0262255
7/7/7/5/5/5/5/3/1 3 3,Z,-0.5,2,SLEEP,Z,0,0
7/7/7/5/5/5/3/2/6 3 3,X,-0.8333333333333333333333333333,2,SLEEP,Z,0,0
7/7/7/5/5/5/3/2/5 3 3,X,-0.5,2,SLEEP,Z,0,0
7/7/7/5/5/5/3/2/3 3 3,X,0.1904761904761904761904761905,2,SLEEP,Z,0,0
7/7/7/5/5/5/3/6/4 3 3,X,-0.8333333333333333333333333333,2,SLEEP,Z,0,0
7/7/7/5/5/5/3/6/2 3 3,X,-0.5,2,SLEEP,Z,0,0
7/7/7/5/5/5/3/6/1 3 3,Z,0.5,2,SLEEP,Z,0,0
7/7/7/5/5/5/3/5/4 3 3,X,-0.8333333333333333333333333333,2,SLEEP,Z,0.04960267,0.05029592
7/7/7/5/5/5/3/5/2 3 3,X,-0.5,2,SLEEP,Z,0,0
7/7/7/5/5/5/3/5/1 3 3,X,0.1904761904761904761904761905,2,SLEEP,Z,0,0
7/7/7/5/5/5/3/3/4 3 3,X,-0.8333333333333333333333333333,2,SLEEP,Z,0,0
7/7/7/5/5/5/3/3/2 3 3,X,-0.5,2,SLEEP,Z,0,0
7/7/7/5/5/5/3/3/1 3 3,Z,-0.5,2,SLEEP,Z,0,0
7/7/7/5/5/5/7/2/4 3 3,X,-0.3333333333333333333333333333,2,SLEEP,Z,0,0
7/7/7/5/5/5/7/2/2 3 3,X,0,2,SLEEP,Z,0,0
7/7/7/5/5/5/7/2/1 3 3,X,0.3333333333333333333333333333,2,SLEEP,Z,0,0
7/7/7/5/5/3/2/2/7 3 3,Z,-0.5,2,SLEEP,Z,0.01145518,0.01807932
7/7/7/5/5/3/2/6/6 3 3,Z,-0.7,2,SLEEP,Z,0.01110214,0.03221028
7/7/7/5/5/3/2/6/5 3 3,Z,-0.7,2,SLEEP,Z,0.02185768,0.02741137
7/7/7/5/5/3/2/6/3 3 3,Z,-0.7,2,SLEEP,Z,0.01449938,0.03633278
7/7/7/5/5/3/2/5/6 3 3,Z,-0.5,2,SLEEP,Z,0.1161204,0.2794283
7/7/7/5/5/3/2/5/5 3 3,Z,-0.5,2,SLEEP,Z,0.0393245,0.09583195
7/7/7/5/5/3/2/5/3 3 3,Z,-0.5,2,SLEEP,Z,0,0
7/7/7/5/5/3/2/3/6 3 3,X,-0.5,2,SLEEP,Z,0.03616167,0.05344883
7/7/7/5/5/3/2/3/5 3 3,Z,-0.5,2,SLEEP,Z,0,0
7/7/7/5/5/3/2/3/3 3 3,X,0.5,2,SLEEP,Z,0,0
7/7/7/5/5/3/2/7/4 3 3,Z,-0.5,2,SLEEP,Z,0.008393157,0.02449893
7/7/7/5/5/3/2/7/2 3 3,Z,-0.5,2,SLEEP,Z,0,0
7/7/7/5/5/3/2/7/1 3 3,Z,-0.5,2,SLEEP,Z,0,0
7/7/7/5/5/3/6/2/6 3 3,Z,-0.5,2,SLEEP,Z,0,0
7/7/7/5/5/3/6/2/5 3 3,Z,-0.5,2,SLEEP,Z,0,0
7/7/7/5/5/3/6/2/3 3 3,X,0.8333333333333333333333333333,2,SLEEP,Z,0,0
7/7/7/5/5/3/6/6/4 3 3,Z,-0.7,2,SLEEP,Z,0.01474733,0.0479256
7/7/7/5/5/3/6/6/2 3 3,Z,-0.7,2,SLEEP,Z,0,0
7/7/7/5/5/3/6/6/1 3 3,X,0.8333333333333333333333333333,2,SLEEP,Z,0,0
7/7/7/5/5/3/6/5/4 3 3,Z,-0.5,2,SLEEP,Z,0.02296442,0.08650906
7/7/7/5/5/3/6/5/2 3 3,Z,-0.5,2,SLEEP,Z,0,0
7/7/7/5/5/3/6/5/1 3 3,X,0.8333333333333333333333333333,2,SLEEP,Z,0,0
7/7/7/5/5/3/6/3/4 3 3,Z,-0.5,2,SLEEP,Z,0.01570955,0.06837226
7/7/7/5/5/3/6/3/2 3 3,X,0.5,2,SLEEP,Z,0.008068842,0.03054754
7/7/7/5/5/3/6/3/1 3 3,X,0.8333333333333333333333333333,2,SLEEP,Z,0,0
7/7/7/5/5/3/5/2/6 3 3,Z,-0.5,2,SLEEP,Z,0.05493177,0.04660108
7/7/7/5/5/3/5/2/5 3 3,Z,-0.5,2,SLEEP,Z,0,0
7/7/7/5/5/3/5/2/3 3 3,Z,-0.5,2,SLEEP,Z,0,0
7/7/7/5/5/3/5/6/4 3 3,Z,-0.7,2,SLEEP,Z,0,0
7/7/7/5/5/3/5/6/2 3 3,Z,-0.7,2,SLEEP,Z,0,0
7/7/7/5/5/3/5/6/1 3 3,Z,-0.7,2,SLEEP,Z,0,0
7/7/7/5/5/3/5/5/4 3 3,Z,-0.5,2,SLEEP,Z,0,0
7/7/7/5/5/3/5/5/2 3 3,Z,-0.5,2,SLEEP,Z,0,0
7/7/7/5/5/3/5/5/1 3 3,Z,-0.5,2,SLEEP,Z,0,0
7/7/7/5/5/3/5/3/4 3 3,Z,-0.5,2,SLEEP,Z,0,0
7/7/7/5/5/3/5/3/2 3 3,Z,-0.5,2,SLEEP,Z,0,0
7/7/7/5/5/3/5/3/1 3 3,Z,-0.5,2,SLEEP,Z,0,0
7/7/7/5/5/3/3/2/6 3 3,X,-0.8333333333333333333333333333,2,SLEEP,Z,0,0
7/7/7/5/5/3/3/2/5 3 3,Z,-0.5,2,SLEEP,Z,0,0
7/7/7/5/5/3/3/2/3 3 3,Z,-0.5,2,SLEEP,Z,0,0
7/7/7/5/5/3/3/6/4 3 3,X,-0.8333333333333333333333333333,2,SLEEP,Z,0.0177578,0.02701124
7/7/7/5/5/3/3/6/2 3 3,Z,-0.7,2,SLEEP,Z,0,0
7/7/7/5/5/3/3/6/1 3 3,Z,-0.7,2,SLEEP,Z,0,0
7/7/7/5/5/3/3/5/4 3 3,X,-0.8333333333333333333333333333,2,SLEEP,Z,0,0
7/7/7/5/5/3/3/5/2 3 3,Z,-0.5,2,SLEEP,Z,0,0
7/7/7/5/5/3/3/5/1 3 3,Z,-0.5,2,SLEEP,Z,0.007438493,0.03262353
7/7/7/5/5/3/3/3/4 3 3,X,-0.8333333333333333333333333333,2,SLEEP,Z,0.02762962,0.05633793
7/7/7/5/5/3/3/3/2 3 3,X,-0.5,2,SLEEP,Z,0,0
7/7/7/5/5/3/3/3/1 3 3,Z,-0.5,2,SLEEP,Z,0,0
7/7/7/5/5/3/7/2/4 3 3,Z,-0.5,2,SLEEP,Z,0,0
7/7/7/5/5/3/7/2/2 3 3,Z,-0.5,2,SLEEP,Z,0,0
7/7/7/5/5/3/7/2/1 3 3,Z,-0.5,2,SLEEP,Z,0,0
7/7/7/5/5/7/2/2/6 3 3,X,-0.6666666666666666666666666666,2,SLEEP,Z,0,0
7/7/7/5/5/7/2/2/5 3 3,X,0,2,SLEEP,Z,0,0
7/7/7/5/5/7/2/2/3 3 3,X,0.6666666666666666666666666666,2,SLEEP,Z,0,0
7/7/7/5/5/7/2/6/4 3 3,X,-0.6666666666666666666666666666,2,SLEEP,Z,0,0
7/7/7/5/5/7/2/6/2 3 3,Z,0.5,2,SLEEP,Z,0,0
7/7/7/5/5/7/2/6/1 3 3,X,0.6666666666666666666666666666,2,SLEEP,Z,0,0
7/7/7/5/5/7/2/5/4 3 3,X,-0.6666666666666666666666666666,2,SLEEP,Z,0.019395,0.03733693
7/7/7/5/5/7/2/5/2 3 3,X,0,2,SLEEP,Z,0,0
7/7/7/5/5/7/2/5/1 3 3,X,0.6666666666666666666666666666,2,SLEEP,Z,0,0
7/7/7/5/5/7/2/3/4 3 3,X,-0.6666666666666666666666666666,2,SLEEP,Z,0.02442347,0.02180763
7/7/7/5/5/7/2/3/2 3 3,Z,-0.5,2,SLEEP,Z,0,0
7/7/7/5/5/7/2/3/1 3 3,X,0.6666666666666666666666666666,2,SLEEP,Z,0.007324099,0.02356322
7/7/7/5/5/7/6/2/4 3 3,X,-0.1904761904761904761904761905,2,SLEEP,Z,0,0
7/7/7/5/5/7/6/2/2 3 3,X,0.5,2,SLEEP,Z,0,0
7/7/7/5/5/7/5/2/4 3 3,X,-0.3333333333333333333333333333,2,SLEEP,Z,0.007225885,0.02163422
7/7/7/5/5/7/5/2/2 3 3,X,0,2,SLEEP,Z,0,0
7/7/7/5/5/7/5/2/1 3 3,X,0.3333333333333333333333333333,2,SLEEP,Z,0,0
7/7/7/5/5/7/3/2/2 3 3,X,-0.5,2,SLEEP,Z,0,0
7/7/7/5/5/7/3/2/1 3 3,X,0.1904761904761904761904761905,2,SLEEP,Z,0,0
7/7/7/5/3/2/2/6/7 3 3,X,-0.5,4,SLEEP,Z,0.02048975,0.05419232
7/7/7/5/3/2/2/5/7 3 3,X,-0.5,2,SLEEP,Z,0.0193361,0.03174827
7/7/7/5/3/2/2/3/7 3 3,X,-0.5,4,SLEEP,Z,0.02983125,0.07553284
7/7/7/5/3/2/2/7/6 3 3,X,-0.6428571428571428571428571429,2,SLEEP,Z,0.03336028,0.07915369
7/7/7/5/3/2/2/7/5 3 3,X,-0.5,2,SLEEP,Z,0,0
7/7/7/5/3/2/2/7/3 3 3,X,0.4,2,SLEEP,Z,0,0
7/7/7/5/3/2/6/2/7 3 3,X,-0.6428571428571428571428571429,2,SLEEP,Z,0.02763103,0.07785084
7/7/7/5/3/2/6/6/6 3 3,X,-0.7857142857142857142857142857,4,SLEEP,Z,0.1180807,0.3617388
7/7/7/5/3/2/6/6/5 3 3,X,-0.6428571428571428571428571429,4,SLEEP,Z,0.07184661,0.3325705
7/7/7/5/3/2/6/6/3 3 3,X,0.75,2,SLEEP,Z,0,0
7/7/7/5/3/2/6/5/6 3 3,X,-0.7857142857142857142857142857,4,SLEEP,Z,0.03546687,0.1031528
7/7/7/5/3/2/6/5/5 3 3,X,-0.6428571428571428571428571429,2,SLEEP,Z,0,0
7/7/7/5/3/2/6/5/3 3 3,X,0.75,2,SLEEP,Z,0,0
7/7/7/5/3/2/6/3/6 3 3,X,-0.7857142857142857142857142857,4,SLEEP,Z,0.05212694,0.1552062
7/7/7/5/3/2/6/3/5 3 3,X,-0.6428571428571428571428571429,6,SLEEP,Z,0.035527,0.07619208
7/7/7/5/3/2/6/3/3 3 3,X,0.75,2,SLEEP,Z,0,0
7/7/7/5/3/2/6/7/4 3 3,X,-0.7857142857142857142857142857,6,SLEEP,Z,0.1198479,0.3619228
7/7/7/5/3/2/6/7/2 3 3,X,-0.6428571428571428571428571429,2,SLEEP,Z,0.02062595,0.0663569
7/7/7/5/3/2/6/7/1 3 3,X,0.75,2,SLEEP,Z,0,0
7/7/7/5/3/2/5/2/7 3 3,X,-0.5,2,SLEEP,Z,0,0
7/7/7/5/3/2/5/6/6 3 3,X,-0.6428571428571428571428571429,4,SLEEP,Z,0.03170691,0.09222395
7/7/7/5/3/2/5/6/5 3 3,X,-0.5,2,SLEEP,Z,0.02545429,0.06922685
7/7/7/5/3/2/5/6/3 3 3,Z,0.5,2,SLEEP,Z,0.0255139,0.06087373
7/7/7/5/3/2/5/5/6 3 3,X,-0.6428571428571428571428571429,4,SLEEP,Z,0.03928193,0.07044402
7/7/7/5/3/2/5/5/5 3 3,X,-0.5,2,SLEEP,Z,0.00658622,0.0246515
7/7/7/5/3/2/5/5/3 3 3,X,-0.3571428571428571428571428571,2,SLEEP,Z,0,0
7/7/7/5/3/2/5/3/6 3 3,X,-0.6428571428571428571428571429,2,SLEEP,Z,0.02863201,0.05008312
7/7/7/5/3/2/5/3/5 3 3,X,-0.5,4,SLEEP,Z,0.05919374,0.1328926
7/7/7/5/3/2/5/3/3 3 3,Z,-0.5,2,SLEEP,Z,0,0
7/7/7/5/3/2/5/7/4 3 3,X,-0.6428571428571428571428571429,2,SLEEP,Z,0.05712998,0.1163253
7/7/7/5/3/2/5/7/2 3 3,X,-0.5,4,SLEEP,Z,0.02596655,0.1162036
7/7/7/5/3/2/5/7/1 3 3,X,-0.3571428571428571428571428571,2,SLEEP,Z,0,0
7/7/7/5/3/2/3/2/7 3 3,X,-0.5,2,SLEEP,Z,0.03215265,0.02051207
7/7/7/5/3/2/3/6/6 3 3,X,-0.75,2,SLEEP,Z,0.0165584,0.05010487
7/7/7/5/3/2/3/6/5 3 3,X,-0.5,2,SLEEP,Z,0.03091406,0.07053765
7/7/7/5/3/2/3/6/3 3 3,Z,0.5,2,SLEEP,Z,0.0147576,0.04936847
7/7/7/5/3/2/3/5/6 3 3,X,-0.75,2,SLEEP,Z,0,0
7/7/7/5/3/2/3/5/5 3 3,X,-0.5,2,SLEEP,Z,0,0
7/7/7/5/3/2/3/5/3 3 3,X,-0.25,2,SLEEP,Z,0,0
7/7/7/5/3/2/3/3/6 3 3,X,-0.75,2,SLEEP,Z,0.02086695,0.06719942
7/7/7/5/3/2/3/3/5 3 3,X,-0.5,2,SLEEP,Z,0.02362143,0.06790525
7/7/7/5/3/2/3/3/3 3 3,Z,-0.5,4,SLEEP,Z,0.02418737,0.08257369
7/7/7/5/3/2/3/7/4 3 3,X,-0.75,2,SLEEP,Z,0.07968771,0.1033162
7/7/7/5/3/2/3/7/2 3 3,X,-0.5,2,SLEEP,Z,0.004058012,0.01111071
7/7/7/5/3/2/3/7/1 3 3,X,-0.25,2,SLEEP,Z,0,0
7/7/7/5/3/2/7/2/6 3 3,X,-0.6428571428571428571428571428,2,SLEEP,Z,0,0
7/7/7/5/3/2/7/2/5 3 3,X,-0.5,2,SLEEP,Z,0,0
7/7/7/5/3/2/7/2/3 3 3,X,-0.3571428571428571428571428572,2,SLEEP,Z,0,0
7/7/7/5/3/2/7/6/4 3 3,X,-0.6428571428571428571428571428,4,SLEEP,Z,0.02563522,0.07846692
7/7/7/5/3/2/7/6/2 3 3,X,-0.5,2,SLEEP,Z,0,0
7/7/7/5/3/2/7/6/1 3 3,Z,0.5,2,SLEEP,Z,0.01622598,0.03929024
7/7/7/5/3/2/7/5/4 3 3,X,-0.6428571428571428571428571428,4,SLEEP,Z,0.03694755,0.1111706
7/7/7/5/3/2/7/5/2 3 3,X,-0.5,2,SLEEP,Z,0.01412321,0.02317815
7/7/7/5/3/2/7/5/1 3 3,X,-0.3571428571428571428571428572,2,SLEEP,Z,0,0
7/7/7/5/3/2/7/3/4 3 3,X,-0.6428571428571428571428571428,2,SLEEP,Z,0.0399952,0.1178989
7/7/7/5/3/2/7/3/2 3 3,X,-0.5,4,SLEEP,Z,0.09746552,0.2938266
7/7/7/5/3/2/7/3/1 3 3,Z,-0.5,2,SLEEP,Z,0.01040016,0.03753243
7/7/7/5/3/6/2/2/7 3 3,X,-0.5,2,SLEEP,Z,0,0
7/7/7/5/3/6/2/6/6 3 3,X,-0.6428571428571428571428571429,2,SLEEP,Z,0.02460078,0.03748294
7/7/7/5/3/6/2/6/5 3 3,X,-0.5,2,SLEEP,Z,0.008525196,0.0340909
7/7/7/5/3/6/2/6/3 3 3,X,0.5,2,SLEEP,Z,0,0
7/7/7/5/3/6/2/5/6 3 3,X,-0.6428571428571428571428571429,4,SLEEP,Z,0.05286022,0.1193478
7/7/7/5/3/6/2/5/5 3 3,X,-0.5,2,SLEEP,Z,0.007211295,0.02069474
7/7/7/5/3/6/2/5/3 3 3,Z,0.5,2,SLEEP,Z,0,0
7/7/7/5/3/6/2/3/6 3 3,Z,0.7,2,SLEEP,Z,0.03904854,0.1159631
7/7/7/5/3/6/2/3/5 3 3,Z,0.7,4,SLEEP,Z,0.09313665,0.3343138
7/7/7/5/3/6/2/3/3 3 3,Z,0.7,2,SLEEP,Z,0.02178487,0.05971604
7/7/7/5/3/6/2/7/4 3 3,X,-0.6428571428571428571428571429,2,SLEEP,Z,0.05896095,0.1370297
7/7/7/5/3/6/2/7/2 3 3,X,-0.5,2,SLEEP,Z,0.05564346,0.1710103
7/7/7/5/3/6/2/7/1 3 3,Z,0.5,2,SLEEP,Z,0.01024798,0.03159053
7/7/7/5/3/6/6/2/6 3 3,X,-0.7857142857142857142857142857,2,SLEEP,Z,0.026528,0.07655534
7/7/7/5/3/6/6/2/5 3 3,X,-0.6428571428571428571428571429,2,SLEEP,Z,0.01867323,0.05369402
7/7/7/5/3/6/6/2/3 3 3,X,0.8333333333333333333333333333,2,SLEEP,Z,0,0
7/7/7/5/3/6/6/6/4 3 3,X,-0.7857142857142857142857142857,4,SLEEP,Z,0.043557,0.1304647
7/7/7/5/3/6/6/6/2 3 3,X,-0.6428571428571428571428571429,2,SLEEP,Z,0.01133196,0.03020547
7/7/7/5/3/6/6/6/1 3 3,X,0.8333333333333333333333333333,2,SLEEP,Z,0.02622289,0.02603121
7/7/7/5/3/6/6/5/4 3 3,X,-0.7857142857142857142857142857,4,SLEEP,Z,0.04200048,0.1386634
7/7/7/5/3/6/6/5/2 3 3,X,-0.6428571428571428571428571429,2,SLEEP,Z,0,0
7/7/7/5/3/6/6/5/1 3 3,X,0.8333333333333333333333333333,2,SLEEP,Z,0,0
7/7/7/5/3/6/6/3/4 3 3,X,-0.7857142857142857142857142857,4,SLEEP,Z,0.197071,0.3807234
7/7/7/5/3/6/6/3/2 3 3,Z,0.7,4,SLEEP,Z,0.03991995,0.09551375
7/7/7/5/3/6/6/3/1 3 3,X,0.8333333333333333333333333333,2,SLEEP,Z,0,0
7/7/7/5/3/6/5/2/6 3 3,X,-0.6428571428571428571428571429,2,SLEEP,Z,0.02284988,0.05608135
7/7/7/5/3/6/5/2/5 3 3,X,-0.5,2,SLEEP,Z,0,0
7/7/7/5/3/6/5/2/3 3 3,Z,0.5,2,SLEEP,Z,0,0
7/7/7/5/3/6/5/6/4 3 3,X,-0.6428571428571428571428571429,2,SLEEP,Z,0.01226815,0.02164824
7/7/7/5/3/6/5/6/2 3 3,X,-0.5,2,SLEEP,Z,0,0
7/7/7/5/3/6/5/6/1 3 3,Z,0.5,2,SLEEP,Z,0,0
7/7/7/5/3/6/5/5/4 3 3,X,-0.6428571428571428571428571429,2,SLEEP,Z,0,0
7/7/7/5/3/6/5/5/2 3 3,X,-0.5,2,SLEEP,Z,0,0
7/7/7/5/3/6/5/5/1 3 3,Z,0.5,2,SLEEP,Z,0,0
7/7/7/5/3/6/5/3/4 3 3,Z,0.7,2,SLEEP,Z,0.01722125,0.0489105
7/7/7/5/3/6/5/3/2 3 3,Z,0.7,2,SLEEP,Z,0.003830656,0.01268947
7/7/7/5/3/6/5/3/1 3 3,Z,0.7,2,SLEEP,Z,0.02640483,0.04986891
7/7/7/5/3/6/3/2/6 3 3,X,-0.8333333333333333333333333333,2,SLEEP,Z,0.01351321,0.04667545
7/7/7/5/3/6/3/2/5 3 3,Z,0.5,2,SLEEP,Z,0.0127705,0.02035647
7/7/7/5/3/6/3/2/3 3 3,Z,0.5,2,SLEEP,Z,0,0
7/7/7/5/3/6/3/6/4 3 3,X,-0.8333333333333333333333333333,2,SLEEP,Z,0.0128473,0.03719087
7/7/7/5/3/6/3/6/2 3 3,X,-0.5,2,SLEEP,Z,0,0
7/7/7/5/3/6/3/6/1 3 3,Z,0.5,2,SLEEP,Z,0.00607116,0.02182949
7/7/7/5/3/6/3/5/4 3 3,X,-0.8333333333333333333333333333,2,SLEEP,Z,0.07035561,0.08443775
7/7/7/5/3/6/3/5/2 3 3,Z,0.5,2,SLEEP,Z,0,0
7/7/7/5/3/6/3/5/1 3 3,Z,0.5,2,SLEEP,Z,0.05310157,0.2736958
7/7/7/5/3/6/3/3/4 3 3,X,-0.8333333333333333333333333333,2,SLEEP,Z,0.04535593,0.07894063
7/7/7/5/3/6/3/3/2 3 3,Z,0.7,2,SLEEP,Z,0.02868645,0.07411353
7/7/7/5/3/6/3/3/1 3 3,Z,0.7,2,SLEEP,Z,0.009697849,0.03271013
7/7/7/5/3/6/7/2/4 3 3,X,-0.6428571428571428571428571429,2,SLEEP,Z,0,0
7/7/7/5/3/6/7/2/2 3 3,X,-0.5,2,SLEEP,Z,0,0
7/7/7/5/3/6/7/2/1 3 3,Z,0.5,2,SLEEP,Z,0,0
7/7/7/5/3/5/2/2/7 3 3,X,-0.5,2,SLEEP,Z,0.01425177,0.04384973
7/7/7/5/3/5/2/6/6 3 3,X,-0.6428571428571428571428571429,4,SLEEP,Z,0.04045312,0.1049979
7/7/7/5/3/5/2/6/5 3 3,X,-0.5,2,SLEEP,Z,0,0
7/7/7/5/3/5/2/6/3 3 3,X,0.5,2,SLEEP,Z,0,0
7/7/7/5/3/5/2/5/6 3 3,X,-0.6428571428571428571428571429,4,SLEEP,Z,0.04305897,0.1147306
7/7/7/5/3/5/2/5/5 3 3,X,-0.5,2,SLEEP,Z,0.007061312,0.02020555
7/7/7/5/3/5/2/5/3 3 3,X,0.5,2,SLEEP,Z,0,0
7/7/7/5/3/5/2/3/6 3 3,X,-0.6428571428571428571428571429,2,SLEEP,Z,0.0633392,0.1343269
7/7/7/5/3/5/2/3/5 3 3,X,-0.5,2,SLEEP,Z,0,0
7/7/7/5/3/5/2/3/3 3 3,X,0.5,2,SLEEP,Z,0.002479614,0.007780452
7/7/7/5/3/5/2/7/4 3 3,X,-0.6428571428571428571428571429,2,SLEEP,Z,0.01578431,0.04818321
7/7/7/5/3/5/2/7/2 3 3,X,-0.5,2,SLEEP,Z,0,0
7/7/7/5/3/5/2/7/1 3 3,X,0.5,2,SLEEP,Z,0,0
7/7/7/5/3/5/6/2/6 3 3,X,-0.7857142857142857142857142857,2,SLEEP,Z,0.03393536,0.1006059
7/7/7/5/3/5/6/2/5 3 3,X,-0.6428571428571428571428571429,4,SLEEP,Z,0.08187789,0.1562003
7/7/7/5/3/5/6/2/3 3 3,X,0.8333333333333333333333333333,2,SLEEP,Z,0,0
7/7/7/5/3/5/6/6/4 3 3,X,-0.7857142857142857142857142857,2,SLEEP,Z,0.03793548,0.1264693
7/7/7/5/3/5/6/6/2 3 3,X,-0.6428571428571428571428571429,2,SLEEP,Z,0.01762414,0.05674701
7/7/7/5/3/5/6/6/1 3 3,X,0.8333333333333333333333333333,2,SLEEP,Z,0.003384033,0.01078633
7/7/7/5/3/5/6/5/4 3 3,X,-0.7857142857142857142857142857,4,SLEEP,Z,0.06750646,0.1710613
7/7/7/5/3/5/6/5/2 3 3,X,-0.6428571428571428571428571429,2,SLEEP,Z,0.02245381,0.06576842
7/7/7/5/3/5/6/5/1 3 3,X,0.8333333333333333333333333333,2,SLEEP,Z,0,0
7/7/7/5/3/5/6/3/4 3 3,X,-0.7857142857142857142857142857,4,SLEEP,Z,0.04853614,0.1402993
7/7/7/5/3/5/6/3/2 3 3,X,-0.6428571428571428571428571429,2,SLEEP,Z,0,0
7/7/7/5/3/5/6/3/1 3 3,X,0.8333333333333333333333333333,2,SLEEP,Z,0.006098143,0.02161129
7/7/7/5/3/5/5/2/6 3 3,X,-0.6428571428571428571428571429,2,SLEEP,Z,0.02359201,0.07381277
7/7/7/5/3/5/5/2/5 3 3,X,-0.5,2,SLEEP,Z,0.01609968,0.03029028
7/7/7/5/3/5/5/2/3 3 3,X,-0.3571428571428571428571428571,2,SLEEP,Z,0,0
7/7/7/5/3/5/5/6/4 3 3,X,-0.6428571428571428571428571429,2,SLEEP,Z,0.02960091,0.08714569
7/7/7/5/3/5/5/6/2 3 3,X,-0.5,2,SLEEP,Z,0,0
7/7/7/5/3/5/5/6/1 3 3,Z,0.5,2,SLEEP,Z,0,0
7/7/7/5/3/5/5/5/4 3 3,X,-0.6428571428571428571428571429,2,SLEEP,Z,0.02504847,0.09933066
7/7/7/5/3/5/5/5/2 3 3,X,-0.5,2,SLEEP,Z,0.01740773,0.04411541
7/7/7/5/3/5/5/5/1 3 3,X,-0.3571428571428571428571428571,2,SLEEP,Z,0.04066518,0.1986056
7/7/7/5/3/5/5/3/4 3 3,X,-0.6428571428571428571428571429,2,SLEEP,Z,0.008936675,0.02904487
7/7/7/5/3/5/5/3/2 3 3,X,-0.5,2,SLEEP,Z,0,0
7/7/7/5/3/5/5/3/1 3 3,Z,-0.5,2,SLEEP,Z,0,0
7/7/7/5/3/5/3/2/6 3 3,X,-0.8333333333333333333333333333,2,SLEEP,Z,0.01609628,0.04867541
7/7/7/5/3/5/3/2/5 3 3,X,-0.5,2,SLEEP,Z,0,0
7/7/7/5/3/5/3/2/3 3 3,X,-0.2142857142857142857142857143,2,SLEEP,Z,0,0
7/7/7/5/3/5/3/6/4 3 3,X,-0.8333333333333333333333333333,2,SLEEP,Z,0,0
7/7/7/5/3/5/3/6/2 3 3,X,-0.5,2,SLEEP,Z,0,0
7/7/7/5/3/5/3/6/1 3 3,Z,0.5,2,SLEEP,Z,0,0
7/7/7/5/3/5/3/5/4 3 3,X,-0.8333333333333333333333333333,2,SLEEP,Z,0.01658742,0.04711615
7/7/7/5/3/5/3/5/2 3 3,X,-0.5,2,SLEEP,Z,0,0
7/7/7/5/3/5/3/5/1 3 3,X,-0.2142857142857142857142857143,2,SLEEP,Z,0,0
7/7/7/5/3/5/3/3/4 3 3,X,-0.8333333333333333333333333333,2,SLEEP,Z,0.009848383,0.02425778
7/7/7/5/3/5/3/3/2 3 3,X,-0.5,2,SLEEP,Z,0.004401322,0.01724491
7/7/7/5/3/5/3/3/1 3 3,Z,-0.5,2,SLEEP,Z,0.008219759,0.03246409
7/7/7/5/3/5/7/2/4 3 3,X,-0.6428571428571428571428571429,2,SLEEP,Z,0.0310501,0.07776961
7/7/7/5/3/5/7/2/2 3 3,X,-0.5,2,SLEEP,Z,0.03639396,0.07296533
7/7/7/5/3/5/7/2/1 3 3,X,-0.3571428571428571428571428571,2,SLEEP,Z,0,0
7/7/7/5/3/3/2/2/7 3 3,X,-0.5,2,SLEEP,Z,0.02280818,0.0291746
7/7/7/5/3/3/2/6/6 3 3,Z,-0.7,2,SLEEP,Z,0.04381574,0.0938172
7/7/7/5/3/3/2/6/5 3 3,Z,-0.7,2,SLEEP,Z,0.02075344,0.05730106
7/7/7/5/3/3/2/6/3 3 3,Z,-0.7,2,SLEEP,Z,0.04651894,0.126767
7/7/7/5/3/3/2/5/6 3 3,X,-0.6428571428571428571428571429,2,SLEEP,Z,0.01443839,0.0432603
7/7/7/5/3/3/2/5/5 3 3,X,-0.5,2,SLEEP,Z,0,0
7/7/7/5/3/3/2/5/3 3 3,Z,-0.5,2,SLEEP,Z,0,0
7/7/7/5/3/3/2/3/6 3 3,X,-0.6428571428571428571428571429,2,SLEEP,Z,0.04336677,0.1002256
7/7/7/5/3/3/2/3/5 3 3,X,-0.5,2,SLEEP,Z,0.01571209,0.04079169
7/7/7/5/3/3/2/3/3 3 3,X,0.5,2,SLEEP,Z,0.03114747,0.06227706
7/7/7/5/3/3/2/7/4 3 3,X,-0.6428571428571428571428571429,2,SLEEP,Z,0.02756638,0.07751608
7/7/7/5/3/3/2/7/2 3 3,X,-0.5,2,SLEEP,Z,0,0
7/7/7/5/3/3/2/7/1 3 3,Z,-0.5,2,SLEEP,Z,0.02329966,0.05420175
7/7/7/5/3/3/6/2/6 3 3,X,-0.7857142857142857142857142857,2,SLEEP,Z,0.02240632,0.0730452
7/7/7/5/3/3/6/2/5 3 3,X,-0.6428571428571428571428571429,2,SLEEP,Z,0.0816728,0.1187701
7/7/7/5/3/3/6/2/3 3 3,X,0.8333333333333333333333333333,2,SLEEP,Z,0,0
7/7/7/5/3/3/6/6/4 3 3,X,-0.7857142857142857142857142857,4,SLEEP,Z,0.08640143,0.2115403
7/7/7/5/3/3/6/6/2 3 3,Z,-0.7,2,SLEEP,Z,0.01655021,0.04623901
7/7/7/5/3/3/6/6/1 3 3,X,0.8333333333333333333333333333,2,SLEEP,Z,0.04442927,0.08602233
7/7/7/5/3/3/6/5/4 3 3,X,-0.7857142857142857142857142857,2,SLEEP,Z,0.0388617,0.1139817
7/7/7/5/3/3/6/5/2 3 3,X,-0.6428571428571428571428571429,2,SLEEP,Z,0.02306021,0.03975533
7/7/7/5/3/3/6/5/1 3 3,X,0.8333333333333333333333333333,2,SLEEP,Z,0,0
7/7/7/5/3/3/6/3/4 3 3,X,-0.7857142857142857142857142857,2,SLEEP,Z,0.03744535,0.1101104
7/7/7/5/3/3/6/3/2 3 3,X,-0.6428571428571428571428571429,2,SLEEP,Z,0.04592238,0.08968752
7/7/7/5/3/3/6/3/1 3 3,X,0.8333333333333333333333333333,2,SLEEP,Z,0.01036542,0.0190708
7/7/7/5/3/3/5/2/6 3 3,X,-0.6428571428571428571428571429,2,SLEEP,Z,0.04401002,0.08886597
7/7/7/5/3/3/5/2/5 3 3,X,-0.5,2,SLEEP,Z,0.05996409,0.0474232
7/7/7/5/3/3/5/2/3 3 3,Z,-0.5,2,SLEEP,Z,0,0
7/7/7/5/3/3/5/6/4 3 3,Z,-0.7,2,SLEEP,Z,0.04114458,0.08294681
7/7/7/5/3/3/5/6/2 3 3,Z,-0.7,2,SLEEP,Z,0.02003752,0.05829204
7/7/7/5/3/3/5/6/1 3 3,Z,-0.7,2,SLEEP,Z,0,0
7/7/7/5/3/3/5/5/4 3 3,X,-0.6428571428571428571428571429,2,SLEEP,Z,0,0
7/7/7/5/3/3/5/5/2 3 3,X,-0.5,2,SLEEP,Z,0,0
7/7/7/5/3/3/5/5/1 3 3,Z,-0.5,2,SLEEP,Z,0,0
7/7/7/5/3/3/5/3/4 3 3,X,-0.6428571428571428571428571429,2,SLEEP,Z,0.01505382,0.05252561
7/7/7/5/3/3/5/3/2 3 3,X,-0.5,2,SLEEP,Z,0,0
7/7/7/5/3/3/5/3/1 3 3,Z,-0.5,2,SLEEP,Z,0.03476253,0.2734466
7/7/7/5/3/3/3/2/6 3 3,X,-0.8333333333333333333333333333,2,SLEEP,Z,0.01252455,0.02823171
7/7/7/5/3/3/3/2/5 3 3,Z,-0.5,2,SLEEP,Z,0,0
7/7/7/5/3/3/3/2/3 3 3,Z,-0.5,2,SLEEP,Z,0,0
7/7/7/5/3/3/3/6/4 3 3,X,-0.8333333333333333333333333333,2,SLEEP,Z,0.02339914,0.05485535
7/7/7/5/3/3/3/6/2 3 3,Z,-0.7,2,SLEEP,Z,0.007508452,0.02017206
7/7/7/5/3/3/3/6/1 3 3,Z,-0.7,2,SLEEP,Z,0.01715237,0.06137494
7/7/7/5/3/3/3/5/4 3 3,X,-0.8333333333333333333333333333,2,SLEEP,Z,0.01544662,0.04939831
7/7/7/5/3/3/3/5/2 3 3,Z,-0.5,2,SLEEP,Z,0,0
7/7/7/5/3/3/3/5/1 3 3,Z,-0.5,2,SLEEP,Z,0.02341274,0.08449224
7/7/7/5/3/3/3/3/4 3 3,X,-0.8333333333333333333333333333,2,SLEEP,Z,0.0252123,0.06376173
7/7/7/5/3/3/3/3/2 3 3,X,-0.5,2,SLEEP,Z,0.01455567,0.05034501
7/7/7/5/3/3/3/3/1 3 3,Z,-0.5,2,SLEEP,Z,0.007519059,0.02952322
7/7/7/5/3/3/7/2/4 3 3,X,-0.6428571428571428571428571429,2,SLEEP,Z,0.01925799,0.06580232
7/7/7/5/3/3/7/2/2 3 3,X,-0.5,2,SLEEP,Z,0.002531239,0.009850214
7/7/7/5/3/3/7/2/1 3 3,Z,-0.5,2,SLEEP,Z,0,0
7/7/7/5/3/7/2/2/6 3 3,X,-0.6666666666666666666666666666,2,SLEEP,Z,0,0
7/7/7/5/3/7/2/2/5 3 3,X,-0.5,2,SLEEP,Z,0,0
7/7/7/5/3/7/2/2/3 3 3,X,0.6666666666666666666666666666,2,SLEEP,Z,0,0
7/7/7/5/3/7/2/6/4 3 3,X,-0.6666666666666666666666666666,4,SLEEP,Z,0.1634795,0.3440199
7/7/7/5/3/7/2/6/2 3 3,X,-0.5,2,SLEEP,Z,0,0
7/7/7/5/3/7/2/6/1 3 3,X,0.6666666666666666666666666666,2,SLEEP,Z,0,0
7/7/7/5/3/7/2/5/4 3 3,X,-0.6666666666666666666666666666,2,SLEEP,Z,0.05583018,0.1371179
7/7/7/5/3/7/2/5/2 3 3,X,-0.5,2,SLEEP,Z,0,0
7/7/7/5/3/7/2/5/1 3 3,X,0.6666666666666666666666666666,2,SLEEP,Z,0,0
7/7/7/5/3/7/2/3/4 3 3,X,-0.6666666666666666666666666666,2,SLEEP,Z,0.01902533,0.0446323
7/7/7/5/3/7/2/3/2 3 3,X,-0.5,2,SLEEP,Z,0,0
7/7/7/5/3/7/2/3/1 3 3,X,0.6666666666666666666666666666,2,SLEEP,Z,0.02111426,0.05792059
7/7/7/5/3/7/6/2/4 3 3,X,-0.7857142857142857142857142857,2,SLEEP,Z,0.06625125,0.1555157
7/7/7/5/3/7/6/2/2 3 3,X,-0.6428571428571428571428571429,2,SLEEP,Z,0.02589742,0.07226625
7/7/7/5/3/7/5/2/4 3 3,X,-0.6428571428571428571428571429,2,SLEEP,Z,0,0
7/7/7/5/3/7/5/2/2 3 3,X,-0.5,2,SLEEP,Z,0,0
7/7/7/5/3/7/5/2/1 3 3,X,-0.3571428571428571428571428571,2,SLEEP,Z,0,0
7/7/7/5/3/7/3/2/2 3 3,X,-0.5,2,SLEEP,Z,0,0
7/7/7/5/3/7/3/2/1 3 3,X,-0.2142857142857142857142857143,2,SLEEP,Z,0,0
7/7/7/5/7/2/2/2/7 3 3,X,0,2,SLEEP,Z,0,0
7/7/7/5/7/2/2/6/6 3 3,X,-0.5,2,SLEEP,Z,0.01940162,0.05569006
7/7/7/5/7/2/2/6/5 3 3,Z,0.5,2,SLEEP,Z,0.02131627,0.0328497
7/7/7/5/7/2/2/6/3 3 3,X,0.5,2,SLEEP,Z,0.02312067,0.06175867
7/7/7/5/7/2/2/5/6 3 3,X,-0.5,2,SLEEP,Z,0.0139906,0.04190537
7/7/7/5/7/2/2/5/5 3 3,X,0,2,SLEEP,Z,0,0
7/7/7/5/7/2/2/5/3 3 3,X,0.5,2,SLEEP,Z,0,0
7/7/7/5/7/2/2/3/6 3 3,X,-0.5,2,SLEEP,Z,0.019099,0.0482839
7/7/7/5/7/2/2/3/5 3 3,Z,-0.5,2,SLEEP,Z,0.01848469,0.05202788
7/7/7/5/7/2/2/3/3 3 3,X,0.5,2,SLEEP,Z,0.02560541,0.07166541
7/7/7/5/7/2/2/7/4 3 3,X,-0.5,2,SLEEP,Z,0,0
7/7/7/5/7/2/2/7/2 3 3,X,0,2,SLEEP,Z,0,0
7/7/7/5/7/2/2/7/1 3 3,X,0.5,2,SLEEP,Z,0.01884766,0.04714982
7/7/7/5/7/2/6/2/6 3 3,X,-0.2222222222222222222222222222,2,SLEEP,Z,0.007500037,0.02990676
7/7/7/5/7/2/6/2/5 3 3,X,0.5,2,SLEEP,Z,0,0
7/7/7/5/7/2/6/2/3 3 3,X,0.8333333333333333333333333333,2,SLEEP,Z,0,0
7/7/7/5/7/2/6/6/4 3 3,Z,0.5,2,SLEEP,Z,0,0
7/7/7/5/7/2/6/6/2 3 3,X,0.5,2,SLEEP,Z,0,0
7/7/7/5/7/2/6/6/1 3 3,X,0.8333333333333333333333333333,2,SLEEP,Z,0,0
7/7/7/5/7/2/6/5/4 3 3,X,-0.2222222222222222222222222222,2,SLEEP,Z,0.01856828,0.05092235
7/7/7/5/7/2/6/5/2 3 3,X,0.5,2,SLEEP,Z,0,0
7/7/7/5/7/2/6/5/1 3 3,X,0.8333333333333333333333333333,2,SLEEP,Z,0,0
7/7/7/5/7/2/6/3/4 3 3,Z,-0.5,2,SLEEP,Z,0.01214193,0.03963315
7/7/7/5/7/2/6/3/2 3 3,X,0.5,2,SLEEP,Z,0.00914859,0.03787087
7/7/7/5/7/2/6/3/1 3 3,X,0.8333333333333333333333333333,2,SLEEP,Z,0,0
7/7/7/5/7/2/5/2/6 3 3,X,-0.2222222222222222222222222222,2,SLEEP,Z,0,0
7/7/7/5/7/2/5/2/5 3 3,X,0,2,SLEEP,Z,0,0
7/7/7/5/7/2/5/2/3 3 3,X,0.2222222222222222222222222222,2,SLEEP,Z,0,0
7/7/7/5/7/2/5/6/4 3 3,Z,0.5,2,SLEEP,Z,0.01144769,0.03451618
7/7/7/5/7/2/5/6/2 3 3,Z,0.5,2,SLEEP,Z,0.002961579,0.002534282
7/7/7/5/7/2/5/6/1 3 3,Z,0.5,2,SLEEP,Z,0,0
7/7/7/5/7/2/5/5/4 3 3,X,-0.2222222222222222222222222222,2,SLEEP,Z,0,0
7/7/7/5/7/2/5/5/2 3 3,X,0,2,SLEEP,Z,0,0
7/7/7/5/7/2/5/5/1 3 3,X,0.2222222222222222222222222222,2,SLEEP,Z,0,0
7/7/7/5/7/2/5/3/4 3 3,Z,-0.5,2,SLEEP,Z,0.02931998,0.05757097
7/7/7/5/7/2/5/3/2 3 3,Z,-0.5,2,SLEEP,Z,0,0
7/7/7/5/7/2/5/3/1 3 3,Z,-0.5,2,SLEEP,Z,0,0
7/7/7/5/7/2/3/2/6 3 3,X,-0.8333333333333333333333333333,2,SLEEP,Z,0,0
7/7/7/5/7/2/3/2/5 3 3,X,-0.5,2,SLEEP,Z,0,0
7/7/7/5/7/2/3/2/3 3 3,X,0.2222222222222222222222222222,2,SLEEP,Z,0,0
7/7/7/5/7/2/3/6/4 3 3,X,-0.8333333333333333333333333333,2,SLEEP,Z,0,0
7/7/7/5/7/2/3/6/2 3 3,X,-0.5,2,SLEEP,Z,0,0
7/7/7/5/7/2/3/6/1 3 3,Z,0.5,2,SLEEP,Z,0.007649246,0.02009189
7/7/7/5/7/2/3/5/4 3 3,X,-0.8333333333333333333333333333,2,SLEEP,Z,0.03936663,0.02798935
7/7/7/5/7/2/3/5/2 3 3,X,-0.5,2,SLEEP,Z,0,0
7/7/7/5/7/2/3/5/1 3 3,X,0.2222222222222222222222222222,2,SLEEP,Z,0.007648199,0.03210324
7/7/7/5/7/2/3/3/4 3 3,X,-0.8333333333333333333333333333,2,SLEEP,Z,0.02148715,0.06208695
7/7/7/5/7/2/3/3/2 3 3,X,-0.5,2,SLEEP,Z,0,0
7/7/7/5/7/2/3/3/1 3 3,Z,-0.5,2,SLEEP,Z,0,0
7/7/7/5/7/2/7/2/4 3 3,X,-0.3333333333333333333333333333,2,SLEEP,Z,0,0
7/7/7/5/7/2/7/2/2 3 3,X,0,2,SLEEP,Z,0,0
7/7/7/5/7/2/7/2/1 3 3,X,0.3333333333333333333333333333,2,SLEEP,Z,0,0
7/7/7/5/7/6/2/2/6 3 3,X,-0.6666666666666666666666666666,2,SLEEP,Z,0,0
7/7/7/5/7/6/2/2/5 3 3,Z,0.5,2,SLEEP,Z,0,0
7/7/7/5/7/6/2/2/3 3 3,X,0.6666666666666666666666666666,2,SLEEP,Z,0,0
7/7/7/5/7/6/2/6/4 3 3,X,-0.6666666666666666666666666666,2,SLEEP,Z,0.01169734,0.01896119
7/7/7/5/7/6/2/6/2 3 3,Z,0.5,2,SLEEP,Z,0,0
7/7/7/5/7/6/2/6/1 3 3,X,0.6666666666666666666666666666,2,SLEEP,Z,0,0
7/7/7/5/7/6/2/5/4 3 3,X,-0.6666666666666666666666666666,2,SLEEP,Z,0.04338192,0.04757103
7/7/7/5/7/6/2/5/2 3 3,Z,0.5,2,SLEEP,Z,0,0
7/7/7/5/7/6/2/5/1 3 3,X,0.6666666666666666666666666666,2,SLEEP,Z,0,0
7/7/7/5/7/6/2/3/4 3 3,Z,0.75,2,SLEEP,Z,0.06276011,0.1370924
7/7/7/5/7/6/2/3/2 3 3,Z,0.75,2,SLEEP,Z,0.109522,0.2042553
7/7/7/5/7/6/2/3/1 3 3,Z,0.75,2,SLEEP,Z,0.04840825,0.1131068
7/7/7/5/7/6/6/2/4 3 3,Z,0.5,2,SLEEP,Z,0,0
7/7/7/5/7/6/6/2/2 3 3,Z,0.5,2,SLEEP,Z,0,0
7/7/7/5/7/6/5/2/4 3 3,Z,0.5,2,SLEEP,Z,0.007911159,0.03305256
7/7/7/5/7/6/5/2/2 3 3,Z,0.5,2,SLEEP,Z,0,0
7/7/7/5/7/6/5/2/1 3 3,Z,0.5,2,SLEEP,Z,0,0
7/7/7/5/7/6/3/2/2 3 3,Z,0.5,2,SLEEP,Z,0,0
7/7/7/5/7/6/3/2/1 3 3,Z,0.5,2,SLEEP,Z,0,0
7/7/7/5/7/5/2/2/6 3 3,X,-0.6666666666666666666666666666,2,SLEEP,Z,0.01113194,0.03822332
7/7/7/5/7/5/2/2/5 3 3,X,0,2,SLEEP,Z,0,0
7/7/7/5/7/5/2/2/3 3 3,X,0.6666666666666666666666666666,2,SLEEP,Z,0,0
7/7/7/5/7/5/2/6/4 3 3,X,-0.6666666666666666666666666666,2,SLEEP,Z,0,0
7/7/7/5/7/5/2/6/2 3 3,Z,0.5,2,SLEEP,Z,0,0
7/7/7/5/7/5/2/6/1 3 3,X,0.6666666666666666666666666666,2,SLEEP,Z,0,0
7/7/7/5/7/5/2/5/4 3 3,X,-0.6666666666666666666666666666,2,SLEEP,Z,0.1123187,0.3343565
7/7/7/5/7/5/2/5/2 3 3,X,0,2,SLEEP,Z,0,0
7/7/7/5/7/5/2/5/1 3 3,X,0.6666666666666666666666666666,2,SLEEP,Z,0,0
7/7/7/5/7/5/2/3/4 3 3,X,-0.6666666666666666666666666666,2,SLEEP,Z,0,0
7/7/7/5/7/5/2/3/2 3 3,Z,-0.5,2,SLEEP,Z,0,0
7/7/7/5/7/5/2/3/1 3 3,X,0.6666666666666666666666666666,2,SLEEP,Z,0.01886747,0.02500589
7/7/7/5/7/5/6/2/4 3 3,X,-0.2222222222222222222222222222,2,SLEEP,Z,0.005582672,0.02636176
7/7/7/5/7/5/6/2/2 3 3,X,0.5,2,SLEEP,Z,0,0
7/7/7/5/7/5/5/2/4 3 3,X,-0.3333333333333333333333333333,2,SLEEP,Z,0.006357734,0.02643577
7/7/7/5/7/5/5/2/2 3 3,X,0,2,SLEEP,Z,0,0
7/7/7/5/7/5/5/2/1 3 3,X,0.3333333333333333333333333333,2,SLEEP,Z,0,0
7/7/7/5/7/5/3/2/2 3 3,X,-0.5,2,SLEEP,Z,0,0
7/7/7/5/7/5/3/2/1 3 3,X,0.2222222222222222222222222222,2,SLEEP,Z,0,0
7/7/7/5/7/3/2/2/6 3 3,X,-0.6666666666666666666666666666,2,SLEEP,Z,0,0
7/7/7/5/7/3/2/2/5 3 3,Z,-0.5,2,SLEEP,Z,0,0
7/7/7/5/7/3/2/2/3 3 3,X,0.6666666666666666666666666666,2,SLEEP,Z,0.007068438,0.02188415
7/7/7/5/7/3/2/6/4 3 3,Z,-0.75,4,SLEEP,Z,0.04680738,0.1017742
7/7/7/5/7/3/2/6/2 3 3,Z,-0.75,2,SLEEP,Z,0,0
7/7/7/5/7/3/2/6/1 3 3,Z,-0.75,2,SLEEP,Z,0,0
7/7/7/5/7/3/2/5/4 3 3,X,-0.6666666666666666666666666666,2,SLEEP,Z,0.0175298,0.04540623
7/7/7/5/7/3/2/5/2 3 3,Z,-0.5,2,SLEEP,Z,0,0
7/7/7/5/7/3/2/5/1 3 3,X,0.6666666666666666666666666666,2,SLEEP,Z,0.03828653,0.1044048
7/7/7/5/7/3/2/3/4 3 3,X,-0.6666666666666666666666666666,2,SLEEP,Z,0.03622947,0.05996852
7/7/7/5/7/3/2/3/2 3 3,Z,-0.5,2,SLEEP,Z,0.01577678,0.04711235
7/7/7/5/7/3/2/3/1 3 3,X,0.6666666666666666666666666666,2,SLEEP,Z,0.01765137,0.04487897
7/7/7/5/7/3/6/2/4 3 3,Z,-0.5,2,SLEEP,Z,0,0
7/7/7/5/7/3/6/2/2 3 3,Z,-0.5,2,SLEEP,Z,0,0
7/7/7/5/7/3/5/2/4 3 3,Z,-0.5,2,SLEEP,Z,0.07243975,0.08624092
7/7/7/5/7/3/5/2/2 3 3,Z,-0.5,2,SLEEP,Z,0,0
7/7/7/5/7/3/5/2/1 3 3,Z,-0.5,2,SLEEP,Z,0,0
7/7/7/5/7/3/3/2/2 3 3,Z,-0.5,2,SLEEP,Z,0,0
7/7/7/5/7/3/3/2/1 3 3,Z,-0.5,2,SLEEP,Z,0,0
7/7/7/5/7/7/2/2/2 3 3,X,0,2,SLEEP,Z,0.003438528,0.01314418
7/7/7/3/2/2/2/7/7 3 3,Z,-0.5,2,SLEEP,Z,0.02851851,0.07873045
7/7/7/3/2/2/6/6/7 3 3,Z,-0.6111111111111111111111111111,8,SLEEP,Z,0.07495625,0.1981475
7/7/7/3/2/2/6/5/7 3 3,Z,-0.5,6,SLEEP,Z,0.03058882,0.08328718
7/7/7/3/2/2/6/3/7 3 3,X,0.5,2,SLEEP,Z,0.00620512,0.02126545
7/7/7/3/2/2/6/7/6 3 3,Z,-0.5,6,SLEEP,Z,0.07749389,0.2235768
7/7/7/3/2/2/6/7/5 3 3,Z,-0.5,6,SLEEP,Z,0.04570191,0.1158509
7/7/7/3/2/2/6/7/3 3 3,X,0.7,2,SLEEP,Z,0.02868544,0.08130269
7/7/7/3/2/2/5/6/7 3 3,Z,-0.6111111111111111111111111111,14,SLEEP,Z,0.08812375,0.2139435
7/7/7/3/2/2/5/5/7 3 3,Z,-0.5,4,SLEEP,Z,0.05061639,0.08878258
7/7/7/3/2/2/5/3/7 3 3,Z,-0.5,2,SLEEP,Z,0.02438283,0.0656853
7/7/7/3/2/2/5/7/6 3 3,Z,-0.5,2,SLEEP,Z,0.07054015,0.1664247
7/7/7/3/2/2/5/7/5 3 3,Z,-0.5,2,SLEEP,Z,0.02489905,0.0324573
7/7/7/3/2/2/5/7/3 3 3,Z,-0.5,6,SLEEP,Z,0.05893912,0.1610015
7/7/7/3/2/2/3/6/7 3 3,Z,-0.6111111111111111111111111111,6,SLEEP,Z,0.09218102,0.2359471
7/7/7/3/2/2/3/5/7 3 3,Z,-0.5,4,SLEEP,Z,0.02299569,0.06688409
7/7/7/3/2/2/3/3/7 3 3,X,-0.5,2,SLEEP,Z,0.03745418,0.06404031
7/7/7/3/2/2/3/7/6 3 3,X,-0.7,2,SLEEP,Z,0,0
7/7/7/3/2/2/3/7/5 3 3,Z,-0.5,2,SLEEP,Z,0.03038509,0.09047546
7/7/7/3/2/2/3/7/3 3 3,Z,-0.5,6,SLEEP,Z,0.06444018,0.2007555
7/7/7/3/2/2/7/2/7 3 3,Z,-0.5,4,SLEEP,Z,0.02703609,0.07749549
7/7/7/3/2/2/7/6/6 3 3,Z,-0.6111111111111111111111111111,18,SLEEP,Z,0.07763243,0.2228597
7/7/7/3/2/2/7/6/5 3 3,Z,-0.6111111111111111111111111111,6,SLEEP,Z,0.03558213,0.1047314
7/7/7/3/2/2/7/6/3 3 3,Z,-0.6111111111111111111111111111,6,SLEEP,Z,0.1113805,0.2236898
7/7/7/3/2/2/7/5/6 3 3,Z,-0.5,2,SLEEP,Z,0.04235528,0.118068
7/7/7/3/2/2/7/5/5 3 3,Z,-0.5,4,SLEEP,Z,0.03197028,0.09386253
7/7/7/3/2/2/7/5/3 3 3,Z,-0.5,4,SLEEP,Z,0.0481524,0.1420258
7/7/7/3/2/2/7/3/6 3 3,Z,-0.5,2,SLEEP,Z,0.04231553,0.1038816
7/7/7/3/2/2/7/3/5 3 3,Z,-0.5,2,SLEEP,Z,0,0
7/7/7/3/2/2/7/3/3 3 3,Z,-0.5,4,SLEEP,Z,0.02852903,0.07487537
7/7/7/3/2/2/7/7/4 3 3,Z,-0.5,10,SLEEP,Z,0.05936759,0.1714368
7/7/7/3/2/2/7/7/2 3 3,Z,-0.5,2,SLEEP,Z,0.01662772,0.04959166
7/7/7/3/2/2/7/7/1 3 3,Z,-0.5,4,SLEEP,Z,0.04257051,0.1298079
7/7/7/3/2/6/2/6/7 3 3,Z,-0.7222222222222222222222222222,6,SLEEP,Z,0.07104236,0.1936311
7/7/7/3/2/6/2/5/7 3 3,Z,-0.6111111111111111111111111111,8,SLEEP,Z,0.06687049,0.2043598
7/7/7/3/2/6/2/3/7 3 3,Z,0.6666666666666666666666666667,2,SLEEP,Z,0,0
7/7/7/3/2/6/2/7/6 3 3,Z,-0.6111111111111111111111111111,2,SLEEP,Z,0,0
7/7/7/3/2/6/2/7/5 3 3,Z,-0.6111111111111111111111111111,16,SLEEP,Z,0.0274108,0.05644895
7/7/7/3/2/6/2/7/3 3 3,Z,-0.6111111111111111111111111111,2,SLEEP,Z,0.04981876,0.1295373
7/7/7/3/2/6/6/2/7 3 3,Z,-0.6111111111111111111111111111,4,SLEEP,Z,0.03292412,0.1060948
7/7/7/3/2/6/6/6/6 3 3,Z,-0.7222222222222222222222222222,4,SLEEP,Z,0.04716417,0.1475659
7/7/7/3/2/6/6/6/5 3 3,Z,-0.7222222222222222222222222222,4,SLEEP,Z,0.05075616,0.1791318
7/7/7/3/2/6/6/6/3 3 3,X,0.75,4,SLEEP,Z,0.03137312,0.09063902
7/7/7/3/2/6/6/5/6 3 3,Z,-0.6111111111111111111111111111,6,SLEEP,Z,0.0599387,0.1665333
7/7/7/3/2/6/6/5/5 3 3,Z,-0.6111111111111111111111111111,4,SLEEP,Z,0.06285774,0.1887546
7/7/7/3/2/6/6/5/3 3 3,X,0.75,2,SLEEP,Z,0.03145046,0.07302453
7/7/7/3/2/6/6/3/6 3 3,Z,0.6666666666666666666666666667,4,SLEEP,Z,0.03920949,0.1327762
7/7/7/3/2/6/6/3/5 3 3,Z,0.6666666666666666666666666667,2,SLEEP,Z,0.01429348,0.04243536
7/7/7/3/2/6/6/3/3 3 3,X,0.75,2,SLEEP,Z,0.009954112,0.03259135
7/7/7/3/2/6/6/7/4 3 3,Z,-0.6111111111111111111111111111,4,SLEEP,Z,0.06895618,0.214654
7/7/7/3/2/6/6/7/2 3 3,Z,-0.6111111111111111111111111111,2,SLEEP,Z,0.01914745,0.06122671
7/7/7/3/2/6/6/7/1 3 3,X,0.75,2,SLEEP,Z,0.02101408,0.06779679
7/7/7/3/2/6/5/2/7 3 3,Z,-0.6111111111111111111111111111,4,SLEEP,Z,0.03280107,0.1033993
7/7/7/3/2/6/5/6/6 3 3,Z,-0.7222222222222222222222222222,6,SLEEP,Z,0.0631298,0.2030666
7/7/7/3/2/6/5/6/5 3 3,Z,-0.7222222222222222222222222222,4,SLEEP,Z,0.06232495,0.1917991
7/7/7/3/2/6/5/6/3 3 3,Z,-0.7222222222222222222222222222,6,SLEEP,Z,0.09926048,0.2938103
7/7/7/3/2/6/5/5/6 3 3,Z,-0.6111111111111111111111111111,2,SLEEP,Z,0.02694736,0.08956478
7/7/7/3/2/6/5/5/5 3 3,Z,-0.6111111111111111111111111111,10,SLEEP,Z,0.0513611,0.1811822
7/7/7/3/2/6/5/5/3 3 3,Z,-0.6111111111111111111111111111,2,SLEEP,Z,0.02815629,0.09110871
7/7/7/3/2/6/5/3/6 3 3,Z,0.6666666666666666666666666667,2,SLEEP,Z,0,0
7/7/7/3/2/6/5/3/5 3 3,Z,0.6666666666666666666666666667,2,SLEEP,Z,0,0
7/7/7/3/2/6/5/3/3 3 3,Z,0.6666666666666666666666666667,2,SLEEP,Z,0,0
7/7/7/3/2/6/5/7/4 3 3,Z,-0.6111111111111111111111111111,2,SLEEP,Z,0.06099134,0.1685832
7/7/7/3/2/6/5/7/2 3 3,Z,-0.6111111111111111111111111111,4,SLEEP,Z,0.06368716,0.1844101
7/7/7/3/2/6/5/7/1 3 3,Z,-0.6111111111111111111111111111,4,SLEEP,Z,0.03513629,0.1178031
7/7/7/3/2/6/3/2/7 3 3,Z,-0.6111111111111111111111111111,2,SLEEP,Z,0.04586283,0.09749027
7/7/7/3/2/6/3/6/6 3 3,X,-0.75,6,SLEEP,Z,0.02758062,0.0913904
7/7/7/3/2/6/3/6/5 3 3,Z,-0.7222222222222222222222222222,6,SLEEP,Z,0.05839825,0.1838015
7/7/7/3/2/6/3/6/3 3 3,Z,-0.7222222222222222222222222222,4,SLEEP,Z,0.04846824,0.1269991
7/7/7/3/2/6/3/5/6 3 3,X,-0.75,2,SLEEP,Z,0,0
7/7/7/3/2/6/3/5/5 3 3,Z,-0.6111111111111111111111111111,4,SLEEP,Z,0.03487288,0.1084001
7/7/7/3/2/6/3/5/3 3 3,Z,-0.6111111111111111111111111111,4,SLEEP,Z,0.04058362,0.1259827
7/7/7/3/2/6/3/3/6 3 3,X,-0.75,2,SLEEP,Z,0.01344613,0.02548823
7/7/7/3/2/6/3/3/5 3 3,Z,0.6666666666666666666666666667,2,SLEEP,Z,0.03150154,0.1014662
7/7/7/3/2/6/3/3/3 3 3,Z,0.6666666666666666666666666667,4,SLEEP,Z,0.04785656,0.1388201
7/7/7/3/2/6/3/7/4 3 3,X,-0.75,4,SLEEP,Z,0.0428334,0.132695
7/7/7/3/2/6/3/7/2 3 3,Z,-0.6111111111111111111111111111,4,SLEEP,Z,0.06704134,0.1725762
7/7/7/3/2/6/3/7/1 3 3,Z,-0.6111111111111111111111111111,4,SLEEP,Z,0.08311889,0.2305396
7/7/7/3/2/6/7/2/6 3 3,Z,-0.6111111111111111111111111111,2,SLEEP,Z,0.02811059,0.08691071
7/7/7/3/2/6/7/2/5 3 3,Z,-0.6111111111111111111111111111,2,SLEEP,Z,0.01976588,0.06735194
7/7/7/3/2/6/7/2/3 3 3,Z,-0.6111111111111111111111111111,6,SLEEP,Z,0.04642287,0.1377547
7/7/7/3/2/6/7/6/4 3 3,Z,-0.7222222222222222222222222222,4,SLEEP,Z,0.08215918,0.2997705
7/7/7/3/2/6/7/6/2 3 3,Z,-0.7222222222222222222222222222,4,SLEEP,Z,0.0738638,0.2212538
7/7/7/3/2/6/7/6/1 3 3,Z,-0.7222222222222222222222222222,6,SLEEP,Z,0.05874713,0.165117
7/7/7/3/2/6/7/5/4 3 3,Z,-0.6111111111111111111111111111,4,SLEEP,Z,0.05178444,0.1785572
7/7/7/3/2/6/7/5/2 3 3,Z,-0.6111111111111111111111111111,2,SLEEP,Z,0.02922058,0.09151519
7/7/7/3/2/6/7/5/1 3 3,Z,-0.6111111111111111111111111111,4,SLEEP,Z,0.06186349,0.1870831
7/7/7/3/2/6/7/3/4 3 3,Z,0.6666666666666666666666666666,2,SLEEP,Z,0.01049291,0.03790866
7/7/7/3/2/6/7/3/2 3 3,Z,0.6666666666666666666666666666,2,SLEEP,Z,0,0
7/7/7/3/2/6/7/3/1 3 3,Z,0.6666666666666666666666666666,4,SLEEP,Z,0.04121382,0.1253697
7/7/7/3/2/5/2/6/7 3 3,Z,-0.6111111111111111111111111111,4,SLEEP,Z,0.07069033,0.2064088
7/7/7/3/2/5/2/5/7 3 3,Z,-0.5,2,SLEEP,Z,0.02989212,0.05606193
7/7/7/3/2/5/2/3/7 3 3,Z,-0.5,2,SLEEP,Z,0.03770627,0.07918783
7/7/7/3/2/5/2/7/6 3 3,Z,-0.5,2,SLEEP,Z,0.03921605,0.08519953
7/7/7/3/2/5/2/7/5 3 3,Z,-0.5,2,SLEEP,Z,0.01550385,0.0569726
7/7/7/3/2/5/2/7/3 3 3,Z,-0.5,2,SLEEP,Z,0.03018716,0.08837466
7/7/7/3/2/5/6/2/7 3 3,Z,-0.5,4,SLEEP,Z,0.02219286,0.07358219
7/7/7/3/2/5/6/6/6 3 3,Z,-0.6111111111111111111111111111,2,SLEEP,Z,0.03547548,0.101478
7/7/7/3/2/5/6/6/5 3 3,Z,-0.6111111111111111111111111111,4,SLEEP,Z,0.03815345,0.1244124
7/7/7/3/2/5/6/6/3 3 3,X,0.75,4,SLEEP,Z,0.05544321,0.1865429
7/7/7/3/2/5/6/5/6 3 3,Z,-0.5,4,SLEEP,Z,0.05680737,0.182054
7/7/7/3/2/5/6/5/5 3 3,Z,-0.5,4,SLEEP,Z,0.01771479,0.06400621
7/7/7/3/2/5/6/5/3 3 3,X,0.75,4,SLEEP,Z,0.03411739,0.1073505
7/7/7/3/2/5/6/3/6 3 3,X,-0.5,2,SLEEP,Z,0.04136709,0.09941924
7/7/7/3/2/5/6/3/5 3 3,X,0.5,2,SLEEP,Z,0.02157986,0.06746176
7/7/7/3/2/5/6/3/3 3 3,X,0.75,2,SLEEP,Z,0.03038004,0.03959467
7/7/7/3/2/5/6/7/4 3 3,Z,-0.5,4,SLEEP,Z,0.05336099,0.1507466
7/7/7/3/2/5/6/7/2 3 3,Z,-0.5,2,SLEEP,Z,0.02604396,0.06364929
7/7/7/3/2/5/6/7/1 3 3,X,0.75,4,SLEEP,Z,0.0397042,0.1287288
7/7/7/3/2/5/5/2/7 3 3,Z,-0.5,2,SLEEP,Z,0.006739331,0.0216988
7/7/7/3/2/5/5/6/6 3 3,Z,-0.6111111111111111111111111111,4,SLEEP,Z,0.04349671,0.1339187
7/7/7/3/2/5/5/6/5 3 3,Z,-0.6111111111111111111111111111,2,SLEEP,Z,0.02490168,0.06922226
7/7/7/3/2/5/5/6/3 3 3,Z,-0.6111111111111111111111111111,6,SLEEP,Z,0.05644375,0.1734418
7/7/7/3/2/5/5/5/6 3 3,Z,-0.5,4,SLEEP,Z,0.05293606,0.1820042
7/7/7/3/2/5/5/5/5 3 3,Z,-0.5,4,SLEEP,Z,0.02120441,0.07945279
7/7/7/3/2/5/5/5/3 3 3,Z,-0.5,2,SLEEP,Z,0.05133682,0.06988099
7/7/7/3/2/5/5/3/6 3 3,Z,-0.5,2,SLEEP,Z,0.02562486,0.08367405
7/7/7/3/2/5/5/3/5 3 3,Z,-0.5,2,SLEEP,Z,0,0
7/7/7/3/2/5/5/3/3 3 3,Z,-0.5,2,SLEEP,Z,0.01913844,0.0541015
7/7/7/3/2/5/5/7/4 3 3,Z,-0.5,4,SLEEP,Z,0.03234393,0.1095837
7/7/7/3/2/5/5/7/2 3 3,Z,-0.5,6,SLEEP,Z,0.02273651,0.07195628
7/7/7/3/2/5/5/7/1 3 3,Z,-0.5,4,SLEEP,Z,0.03416563,0.1092847
7/7/7/3/2/5/3/2/7 3 3,Z,-0.5,2,SLEEP,Z,0.02630835,0.07868699
7/7/7/3/2/5/3/6/6 3 3,X,-0.75,2,SLEEP,Z,0.02988665,0.09502213
7/7/7/3/2/5/3/6/5 3 3,Z,-0.6111111111111111111111111111,4,SLEEP,Z,0.06030301,0.1740366
7/7/7/3/2/5/3/6/3 3 3,Z,-0.6111111111111111111111111111,6,SLEEP,Z,0.07689428,0.2013567
7/7/7/3/2/5/3/5/6 3 3,X,-0.75,6,SLEEP,Z,0.1043036,0.3925373
7/7/7/3/2/5/3/5/5 3 3,Z,-0.5,2,SLEEP,Z,0.01963026,0.06287485
7/7/7/3/2/5/3/5/3 3 3,Z,-0.5,4,SLEEP,Z,0.1231819,0.2143489
7/7/7/3/2/5/3/3/6 3 3,X,-0.75,2,SLEEP,Z,0,0
7/7/7/3/2/5/3/3/5 3 3,X,-0.5,2,SLEEP,Z,0.02565851,0.06024255
7/7/7/3/2/5/3/3/3 3 3,X,0.5,4,SLEEP,Z,0.08501521,0.2475006
7/7/7/3/2/5/3/7/4 3 3,X,-0.75,2,SLEEP,Z,0.006947082,0.0255825
7/7/7/3/2/5/3/7/2 3 3,Z,-0.5,2,SLEEP,Z,0.03753298,0.08205371
7/7/7/3/2/5/3/7/1 3 3,Z,-0.5,14,SLEEP,Z,0.05597865,0.1701567
7/7/7/3/2/5/7/2/6 3 3,Z,-0.5,2,SLEEP,Z,0.01232344,0.03837766
7/7/7/3/2/5/7/2/5 3 3,Z,-0.5,4,SLEEP,Z,0.03628896,0.09968238
7/7/7/3/2/5/7/2/3 3 3,Z,-0.5,2,SLEEP,Z,0.01549812,0.04792192
7/7/7/3/2/5/7/6/4 3 3,Z,-0.6111111111111111111111111111,4,SLEEP,Z,0.05049279,0.1691991
7/7/7/3/2/5/7/6/2 3 3,Z,-0.6111111111111111111111111111,4,SLEEP,Z,0.02186416,0.07200482
7/7/7/3/2/5/7/6/1 3 3,Z,-0.6111111111111111111111111111,4,SLEEP,Z,0.07783538,0.2032416
7/7/7/3/2/5/7/5/4 3 3,Z,-0.5,4,SLEEP,Z,0.02931935,0.09432654
7/7/7/3/2/5/7/5/2 3 3,Z,-0.5,2,SLEEP,Z,0.01263435,0.04688055
7/7/7/3/2/5/7/5/1 3 3,Z,-0.5,2,SLEEP,Z,0.03311584,0.07977757
7/7/7/3/2/5/7/3/4 3 3,Z,-0.5,2,SLEEP,Z,0,0
7/7/7/3/2/5/7/3/2 3 3,Z,-0.5,2,SLEEP,Z,0,0
7/7/7/3/2/5/7/3/1 3 3,Z,-0.5,2,SLEEP,Z,0.01571995,0.05096458
7/7/7/3/2/3/2/6/7 3 3,Z,-0.6666666666666666666666666667,12,SLEEP,Z,0.04425731,0.1178619
7/7/7/3/2/3/2/5/7 3 3,Z,-0.5,2,SLEEP,Z,0.02010603,0.07694646
7/7/7/3/2/3/2/3/7 3 3,Z,-0.5,2,SLEEP,Z,0,0
7/7/7/3/2/3/2/7/6 3 3,Z,-0.5,2,SLEEP,Z,0.01445766,0.04128176
7/7/7/3/2/3/2/7/5 3 3,Z,-0.5,2,SLEEP,Z,0.01584413,0.04662001
7/7/7/3/2/3/2/7/3 3 3,Z,-0.5,4,SLEEP,Z,0.1660533,0.3090716
7/7/7/3/2/3/6/2/7 3 3,Z,-0.5,2,SLEEP,Z,0.1127355,0.3457924
7/7/7/3/2/3/6/6/6 3 3,Z,-0.6666666666666666666666666667,4,SLEEP,Z,0.06040966,0.1672412
7/7/7/3/2/3/6/6/5 3 3,Z,-0.6666666666666666666666666667,28,SLEEP,Z,0.0572424,0.1608931
7/7/7/3/2/3/6/6/3 3 3,X,0.75,6,SLEEP,Z,0.04101919,0.09784539
7/7/7/3/2/3/6/5/6 3 3,X,-0.5,4,SLEEP,Z,0.05607583,0.1741957
7/7/7/3/2/3/6/5/5 3 3,Z,-0.5,2,SLEEP,Z,0.02510197,0.07789989
7/7/7/3/2/3/6/5/3 3 3,X,0.75,4,SLEEP,Z,0.1576756,0.3424545
7/7/7/3/2/3/6/3/6 3 3,X,-0.5,4,SLEEP,Z,0.05815442,0.1605251
7/7/7/3/2/3/6/3/5 3 3,X,0.5,2,SLEEP,Z,0.01562626,0.04847331
7/7/7/3/2/3/6/3/3 3 3,X,0.75,2,SLEEP,Z,0.03318575,0.05691926
7/7/7/3/2/3/6/7/4 3 3,X,-0.5,4,SLEEP,Z,0.081826,0.2325545
7/7/7/3/2/3/6/7/2 3 3,Z,-0.5,4,SLEEP,Z,0.02561217,0.06992336
7/7/7/3/2/3/6/7/1 3 3,X,0.75,2,SLEEP,Z,0.01976193,0.05591701
7/7/7/3/2/3/5/2/7 3 3,Z,-0.5,2,SLEEP,Z,0.04042733,0.05532243
7/7/7/3/2/3/5/6/6 3 3,Z,-0.6666666666666666666666666667,4,SLEEP,Z,0.1622922,0.3516238
7/7/7/3/2/3/5/6/5 3 3,Z,-0.6666666666666666666666666667,4,SLEEP,Z,0.1030114,0.2079802
7/7/7/3/2/3/5/6/3 3 3,Z,-0.6666666666666666666666666667,6,SLEEP,Z,0.1089881,0.2731422
7/7/7/3/2/3/5/5/6 3 3,Z,-0.5,2,SLEEP,Z,0.01968052,0.0609027
7/7/7/3/2/3/5/5/5 3 3,Z,-0.5,4,SLEEP,Z,0.07855462,0.1455961
7/7/7/3/2/3/5/5/3 3 3,Z,-0.5,4,SLEEP,Z,0.04145293,0.1230011
7/7/7/3/2/3/5/3/6 3 3,Z,-0.5,4,SLEEP,Z,0.115158,0.2476406
7/7/7/3/2/3/5/3/5 3 3,Z,-0.5,2,SLEEP,Z,0,0
7/7/7/3/2/3/5/3/3 3 3,Z,-0.5,2,SLEEP,Z,0.008963429,0.03135143
7/7/7/3/2/3/5/7/4 3 3,Z,-0.5,2,SLEEP,Z,0.01070688,0.04441746
7/7/7/3/2/3/5/7/2 3 3,Z,-0.5,2,SLEEP,Z,0.01014634,0.02925004
7/7/7/3/2/3/5/7/1 3 3,Z,-0.5,4,SLEEP,Z,0.03985921,0.1273212
7/7/7/3/2/3/3/2/7 3 3,Z,-0.5,2,SLEEP,Z,0.02781584,0.08166792
7/7/7/3/2/3/3/6/6 3 3,X,-0.75,4,SLEEP,Z,0.1315926,0.3158836
7/7/7/3/2/3/3/6/5 3 3,Z,-0.6666666666666666666666666667,4,SLEEP,Z,0.09584199,0.2461376
7/7/7/3/2/3/3/6/3 3 3,Z,-0.6666666666666666666666666667,8,SLEEP,Z,0.0830635,0.2271234
7/7/7/3/2/3/3/5/6 3 3,X,-0.75,2,SLEEP,Z,0.02155546,0.06809261
7/7/7/3/2/3/3/5/5 3 3,Z,-0.5,2,SLEEP,Z,0.02799623,0.09168141
7/7/7/3/2/3/3/5/3 3 3,X,0.5,6,SLEEP,Z,0.1126077,0.3290281
7/7/7/3/2/3/3/3/6 3 3,X,-0.75,2,SLEEP,Z,0,0
7/7/7/3/2/3/3/3/5 3 3,X,-0.5,2,SLEEP,Z,0.02987223,0.07472215
7/7/7/3/2/3/3/3/3 3 3,X,0.5,6,SLEEP,Z,0.07722442,0.2226813
7/7/7/3/2/3/3/7/4 3 3,X,-0.75,2,SLEEP,Z,0.0195751,0.04140937
7/7/7/3/2/3/3/7/2 3 3,Z,-0.5,4,SLEEP,Z,0.06524509,0.1836773
7/7/7/3/2/3/3/7/1 3 3,X,0.5,6,SLEEP,Z,0.05316829,0.1670349
7/7/7/3/2/3/7/2/6 3 3,Z,-0.5,2,SLEEP,Z,0.01135463,0.03662161
7/7/7/3/2/3/7/2/5 3 3,Z,-0.5,2,SLEEP,Z,0.02897249,0.0615955
7/7/7/3/2/3/7/2/3 3 3,Z,-0.5,4,SLEEP,Z,0.04099637,0.09936132
7/7/7/3/2/3/7/6/4 3 3,Z,-0.6666666666666666666666666666,2,SLEEP,Z,0.02703821,0.08396818
7/7/7/3/2/3/7/6/2 3 3,Z,-0.6666666666666666666666666666,6,SLEEP,Z,0.1593478,0.3301745
7/7/7/3/2/3/7/6/1 3 3,Z,-0.6666666666666666666666666666,4,SLEEP,Z,0.04878119,0.1324075
7/7/7/3/2/3/7/5/4 3 3,Z,-0.5,2,SLEEP,Z,0.02114334,0.06715783
7/7/7/3/2/3/7/5/2 3 3,Z,-0.5,4,SLEEP,Z,0.05612507,0.09854231
7/7/7/3/2/3/7/5/1 3 3,Z,-0.5,2,SLEEP,Z,0.02554625,0.08271374
7/7/7/3/2/3/7/3/4 3 3,Z,-0.5,2,SLEEP,Z,0.01104422,0.03921992
7/7/7/3/2/3/7/3/2 3 3,Z,-0.5,2,SLEEP,Z,0.007081051,0.02614404
7/7/7/3/2/3/7/3/1 3 3,Z,-0.5,2,SLEEP,Z,0.02259788,0.0736526
7/7/7/3/2/7/2/2/7 3 3,Z,-0.5,4,SLEEP,Z,0.02258148,0.06444788
7/7/7/3/2/7/2/6/6 3 3,Z,-0.6111111111111111111111111111,2,SLEEP,Z,0.03688607,0.117753
7/7/7/3/2/7/2/6/5 3 3,Z,-0.6111111111111111111111111111,4,SLEEP,Z,0.02794924,0.09264979
7/7/7/3/2/7/2/6/3 3 3,Z,-0.6111111111111111111111111111,4,SLEEP,Z,0.05017328,0.1552292
7/7/7/3/2/7/2/5/6 3 3,Z,-0.5,4,SLEEP,Z,0.1006853,0.386794
7/7/7/3/2/7/2/5/5 3 3,Z,-0.5,2,SLEEP,Z,0.02498749,0.08097243
7/7/7/3/2/7/2/5/3 3 3,Z,-0.5,2,SLEEP,Z,0.02017583,0.0646481
7/7/7/3/2/7/2/3/6 3 3,X,-0.5,2,SLEEP,Z,0.04020254,0.1087049
7/7/7/3/2/7/2/3/5 3 3,Z,-0.5,2,SLEEP,Z,0.030312,0.1200808
7/7/7/3/2/7/2/3/3 3 3,X,0.5,4,SLEEP,Z,0.04721079,0.1184589
7/7/7/3/2/7/2/7/4 3 3,Z,-0.5,2,SLEEP,Z,0.02713257,0.09150584
7/7/7/3/2/7/2/7/2 3 3,Z,-0.5,2,SLEEP,Z,0.0337998,0.06261779
7/7/7/3/2/7/2/7/1 3 3,Z,-0.5,4,SLEEP,Z,0.03880004,0.1176414
7/7/7/3/2/7/6/2/6 3 3,Z,-0.5,2,SLEEP,Z,0.04094627,0.1368181
7/7/7/3/2/7/6/2/5 3 3,Z,-0.5,4,SLEEP,Z,0.04270402,0.1242339
7/7/7/3/2/7/6/2/3 3 3,X,0.8333333333333333333333333333,4,SLEEP,Z,0.04857006,0.1241776
7/7/7/3/2/7/6/6/4 3 3,Z,-0.6111111111111111111111111111,4,SLEEP,Z,0.07828613,0.2063654
7/7/7/3/2/7/6/6/2 3 3,Z,-0.6111111111111111111111111111,2,SLEEP,Z,0.03927395,0.1356079
7/7/7/3/2/7/6/6/1 3 3,X,0.8333333333333333333333333333,6,SLEEP,Z,0.09182575,0.3874611
7/7/7/3/2/7/6/5/4 3 3,Z,-0.5,4,SLEEP,Z,0.05389709,0.1639543
7/7/7/3/2/7/6/5/2 3 3,Z,-0.5,6,SLEEP,Z,0.02772016,0.08552508
7/7/7/3/2/7/6/5/1 3 3,X,0.8333333333333333333333333333,4,SLEEP,Z,0.02225886,0.05383351
7/7/7/3/2/7/6/3/4 3 3,X,-0.5,4,SLEEP,Z,0.05899217,0.1931711
7/7/7/3/2/7/6/3/2 3 3,X,0.5,2,SLEEP,Z,0.01986028,0.06580988
7/7/7/3/2/7/6/3/1 3 3,X,0.8333333333333333333333333333,2,SLEEP,Z,0,0
7/7/7/3/2/7/5/2/6 3 3,Z,-0.5,4,SLEEP,Z,0.04931007,0.1492643
7/7/7/3/2/7/5/2/5 3 3,Z,-0.5,2,SLEEP,Z,0.0316172,0.08773694
7/7/7/3/2/7/5/2/3 3 3,Z,-0.5,2,SLEEP,Z,0,0
7/7/7/3/2/7/5/6/4 3 3,Z,-0.6111111111111111111111111111,4,SLEEP,Z,0.04384064,0.1610402
7/7/7/3/2/7/5/6/2 3 3,Z,-0.6111111111111111111111111111,4,SLEEP,Z,0.06177187,0.2010868
7/7/7/3/2/7/5/6/1 3 3,Z,-0.6111111111111111111111111111,2,SLEEP,Z,0.06661475,0.1525703
7/7/7/3/2/7/5/5/4 3 3,Z,-0.5,4,SLEEP,Z,0.02215414,0.07213356
7/7/7/3/2/7/5/5/2 3 3,Z,-0.5,2,SLEEP,Z,0.019156,0.06297969
7/7/7/3/2/7/5/5/1 3 3,Z,-0.5,2,SLEEP,Z,0,0
7/7/7/3/2/7/5/3/4 3 3,Z,-0.5,2,SLEEP,Z,0.01961492,0.06308283
7/7/7/3/2/7/5/3/2 3 3,Z,-0.5,2,SLEEP,Z,0.008695385,0.03053003
7/7/7/3/2/7/5/3/1 3 3,Z,-0.5,2,SLEEP,Z,0.01914678,0.06648877
7/7/7/3/2/7/3/2/6 3 3,X,-0.8333333333333333333333333333,2,SLEEP,Z,0.01715572,0.04967454
7/7/7/3/2/7/3/2/5 3 3,Z,-0.5,2,SLEEP,Z,0.02507099,0.08041865
7/7/7/3/2/7/3/2/3 3 3,Z,-0.5,4,SLEEP,Z,0.06926652,0.1901493
7/7/7/3/2/7/3/6/4 3 3,X,-0.8333333333333333333333333333,4,SLEEP,Z,0.04416348,0.143276
7/7/7/3/2/7/3/6/2 3 3,Z,-0.6111111111111111111111111111,4,SLEEP,Z,0.06520178,0.197377
7/7/7/3/2/7/3/6/1 3 3,Z,-0.6111111111111111111111111111,4,SLEEP,Z,0.04428997,0.1380721
7/7/7/3/2/7/3/5/4 3 3,X,-0.8333333333333333333333333333,2,SLEEP,Z,0.01893863,0.0490316
7/7/7/3/2/7/3/5/2 3 3,Z,-0.5,2,SLEEP,Z,0.01684948,0.05308142
7/7/7/3/2/7/3/5/1 3 3,Z,-0.5,4,SLEEP,Z,0.05486816,0.1831771
7/7/7/3/2/7/3/3/4 3 3,X,-0.8333333333333333333333333333,2,SLEEP,Z,0.08809019,0.1120302
7/7/7/3/2/7/3/3/2 3 3,X,-0.5,4,SLEEP,Z,0.03675531,0.108143
7/7/7/3/2/7/3/3/1 3 3,X,0.5,4,SLEEP,Z,0.03589831,0.1148423
7/7/7/3/2/7/7/2/4 3 3,Z,-0.5,2,SLEEP,Z,0.01909849,0.07014708
7/7/7/3/2/7/7/2/2 3 3,Z,-0.5,2,SLEEP,Z,0.02464928,0.07747046
7/7/7/3/2/7/7/2/1 3 3,Z,-0.5,4,SLEEP,Z,0.03130515,0.1020676
7/7/7/3/6/2/2/6/7 3 3,Z,-0.6111111111111111111111111111,2,SLEEP,Z,0.04976653,0.1348232
7/7/7/3/6/2/2/5/7 3 3,Z,-0.5,8,SLEEP,Z,0.08414325,0.2145021
7/7/7/3/6/2/2/3/7 3 3,X,0.5,2,SLEEP,Z,0,0
7/7/7/3/6/2/2/7/6 3 3,Z,-0.5,2,SLEEP,Z,0.02459683,0.02319823
7/7/7/3/6/2/2/7/5 3 3,Z,-0.5,2,SLEEP,Z,0.01247061,0.0329701
7/7/7/3/6/2/2/7/3 3 3,X,0.6428571428571428571428571429,2,SLEEP,Z,0.05067524,0.1201689
7/7/7/3/6/2/6/2/7 3 3,Z,-0.5,2,SLEEP,Z,0.02053823,0.05556085
7/7/7/3/6/2/6/6/6 3 3,Z,-0.6111111111111111111111111111,4,SLEEP,Z,0.05405392,0.1515769
7/7/7/3/6/2/6/6/5 3 3,Z,-0.6111111111111111111111111111,4,SLEEP,Z,0.03842007,0.1075299
7/7/7/3/6/2/6/6/3 3 3,X,0.75,4,SLEEP,Z,0.05420778,0.1456364
7/7/7/3/6/2/6/5/6 3 3,Z,-0.5,2,SLEEP,Z,0.08090737,0.2922973
7/7/7/3/6/2/6/5/5 3 3,Z,-0.5,2,SLEEP,Z,0.0108237,0.03274924
7/7/7/3/6/2/6/5/3 3 3,X,0.75,2,SLEEP,Z,0.02891573,0.07800701
7/7/7/3/6/2/6/3/6 3 3,Z,-0.5,2,SLEEP,Z,0.007667813,0.02202339
7/7/7/3/6/2/6/3/5 3 3,X,0.5,2,SLEEP,Z,0.01375703,0.03173057
7/7/7/3/6/2/6/3/3 3 3,X,0.75,4,SLEEP,Z,0.03320727,0.08838372
7/7/7/3/6/2/6/7/4 3 3,Z,-0.5,2,SLEEP,Z,0.0175494,0.05373555
7/7/7/3/6/2/6/7/2 3 3,Z,-0.5,2,SLEEP,Z,0,0
7/7/7/3/6/2/6/7/1 3 3,X,0.75,6,SLEEP,Z,0.05621559,0.1218547
7/7/7/3/6/2/5/2/7 3 3,Z,-0.5,4,SLEEP,Z,0.04145744,0.1090206
7/7/7/3/6/2/5/6/6 3 3,Z,-0.6111111111111111111111111111,4,SLEEP,Z,0.06587344,0.1933545
7/7/7/3/6/2/5/6/5 3 3,Z,-0.6111111111111111111111111111,6,SLEEP,Z,0.1190734,0.2925082
7/7/7/3/6/2/5/6/3 3 3,X,0.6428571428571428571428571429,4,SLEEP,Z,0.04315023,0.1293363
7/7/7/3/6/2/5/5/6 3 3,Z,-0.5,2,SLEEP,Z,0.02057802,0.0458769
7/7/7/3/6/2/5/5/5 3 3,Z,-0.5,2,SLEEP,Z,0,0
7/7/7/3/6/2/5/5/3 3 3,X,0.6428571428571428571428571429,2,SLEEP,Z,0.03857281,0.08780999
7/7/7/3/6/2/5/3/6 3 3,Z,-0.5,2,SLEEP,Z,0,0
7/7/7/3/6/2/5/3/5 3 3,X,0.5,2,SLEEP,Z,0,0
7/7/7/3/6/2/5/3/3 3 3,X,0.6428571428571428571428571429,2,SLEEP,Z,0.02520083,0.06382984
7/7/7/3/6/2/5/7/4 3 3,Z,-0.5,2,SLEEP,Z,0.02192375,0.04273828
7/7/7/3/6/2/5/7/2 3 3,Z,-0.5,2,SLEEP,Z,0.02423064,0.06504088
7/7/7/3/6/2/5/7/1 3 3,X,0.6428571428571428571428571429,4,SLEEP,Z,0.04516948,0.1238751
7/7/7/3/6/2/3/2/7 3 3,X,0.6428571428571428571428571429,4,SLEEP,Z,0.0678994,0.1276458
7/7/7/3/6/2/3/6/6 3 3,X,-0.75,2,SLEEP,Z,0.04134414,0.1124135
7/7/7/3/6/2/3/6/5 3 3,X,0.6428571428571428571428571429,6,SLEEP,Z,0.1234229,0.2941852
7/7/7/3/6/2/3/6/3 3 3,X,0.7857142857142857142857142857,2,SLEEP,Z,0.07797567,0.1594494
7/7/7/3/6/2/3/5/6 3 3,X,-0.75,2,SLEEP,Z,0.02536545,0.08132422
7/7/7/3/6/2/3/5/5 3 3,X,0.6428571428571428571428571429,4,SLEEP,Z,0.05162542,0.1260595
7/7/7/3/6/2/3/5/3 3 3,X,0.7857142857142857142857142857,4,SLEEP,Z,0.04840638,0.1230114
7/7/7/3/6/2/3/3/6 3 3,X,-0.75,2,SLEEP,Z,0,0
7/7/7/3/6/2/3/3/5 3 3,X,0.6428571428571428571428571429,2,SLEEP,Z,0.0141306,0.03333098
7/7/7/3/6/2/3/3/3 3 3,X,0.7857142857142857142857142857,6,SLEEP,Z,0.07787324,0.1902324
7/7/7/3/6/2/3/7/4 3 3,X,-0.75,2,SLEEP,Z,0.01668921,0.04732758
7/7/7/3/6/2/3/7/2 3 3,X,0.6428571428571428571428571429,4,SLEEP,Z,0.04160434,0.1311885
7/7/7/3/6/2/3/7/1 3 3,X,0.7857142857142857142857142857,8,SLEEP,Z,0.0876935,0.2390373
7/7/7/3/6/2/7/2/6 3 3,Z,-0.5,2,SLEEP,Z,0.0167907,0.04583462
7/7/7/3/6/2/7/2/5 3 3,Z,-0.5,4,SLEEP,Z,0.043222,0.08604611
7/7/7/3/6/2/7/2/3 3 3,X,0.6428571428571428571428571428,4,SLEEP,Z,0.04749408,0.1168544
7/7/7/3/6/2/7/6/4 3 3,Z,-0.6111111111111111111111111111,4,SLEEP,Z,0.03297549,0.0992571
7/7/7/3/6/2/7/6/2 3 3,Z,-0.6111111111111111111111111111,4,SLEEP,Z,0.03292075,0.0870737
7/7/7/3/6/2/7/6/1 3 3,X,0.6428571428571428571428571428,4,SLEEP,Z,0.0507728,0.1343621
7/7/7/3/6/2/7/5/4 3 3,Z,-0.5,2,SLEEP,Z,0.02887947,0.06055462
7/7/7/3/6/2/7/5/2 3 3,Z,-0.5,2,SLEEP,Z,0,0
7/7/7/3/6/2/7/5/1 3 3,X,0.6428571428571428571428571428,4,SLEEP,Z,0.03763574,0.1014439
7/7/7/3/6/2/7/3/4 3 3,Z,-0.5,2,SLEEP,Z,0,0
7/7/7/3/6/2/7/3/2 3 3,X,0.5,2,SLEEP,Z,0.006903577,0.02172061
7/7/7/3/6/2/7/3/1 3 3,X,0.6428571428571428571428571428,2,SLEEP,Z,0.01736679,0.05255653
7/7/7/3/6/6/2/2/7 3 3,Z,-0.6111111111111111111111111111,2,SLEEP,Z,0,0
7/7/7/3/6/6/2/6/6 3 3,Z,-0.7222222222222222222222222222,2,SLEEP,Z,0.03450644,0.1044248
7/7/7/3/6/6/2/6/5 3 3,Z,-0.7222222222222222222222222222,4,SLEEP,Z,0.06148278,0.2194489
7/7/7/3/6/6/2/6/3 3 3,Z,-0.7222222222222222222222222222,4,SLEEP,Z,0.04732761,0.1379703
7/7/7/3/6/6/2/5/6 3 3,Z,-0.6111111111111111111111111111,2,SLEEP,Z,0.02115226,0.06734738
7/7/7/3/6/6/2/5/5 3 3,Z,-0.6111111111111111111111111111,4,SLEEP,Z,0.05842306,0.200678
7/7/7/3/6/6/2/5/3 3 3,X,0.6428571428571428571428571429,2,SLEEP,Z,0.0413228,0.1167317
7/7/7/3/6/6/2/3/6 3 3,Z,0.7,2,SLEEP,Z,0.04784848,0.1420103
7/7/7/3/6/6/2/3/5 3 3,Z,0.7,2,SLEEP,Z,0.03620532,0.07170997
7/7/7/3/6/6/2/3/3 3 3,Z,0.7,4,SLEEP,Z,0.1742084,0.3398604
7/7/7/3/6/6/2/7/4 3 3,Z,-0.6111111111111111111111111111,2,SLEEP,Z,0.01014798,0.02419245
7/7/7/3/6/6/2/7/2 3 3,Z,-0.6111111111111111111111111111,2,SLEEP,Z,0.0140182,0.04344709
7/7/7/3/6/6/2/7/1 3 3,X,0.6428571428571428571428571429,2,SLEEP,Z,0.0366647,0.09623673
7/7/7/3/6/6/6/2/6 3 3,Z,-0.6111111111111111111111111111,2,SLEEP,Z,0,0
7/7/7/3/6/6/6/2/5 3 3,Z,-0.6111111111111111111111111111,2,SLEEP,Z,0.00927407,0.02827419
7/7/7/3/6/6/6/2/3 3 3,X,0.8333333333333333333333333333,2,SLEEP,Z,0.02908401,0.05764312
7/7/7/3/6/6/6/6/4 3 3,Z,-0.7222222222222222222222222222,4,SLEEP,Z,0.1067055,0.2449757
7/7/7/3/6/6/6/6/2 3 3,Z,-0.7222222222222222222222222222,4,SLEEP,Z,0.04671866,0.1502166
7/7/7/3/6/6/6/6/1 3 3,X,0.8333333333333333333333333333,4,SLEEP,Z,0.07102977,0.2147299
7/7/7/3/6/6/6/5/4 3 3,Z,-0.6111111111111111111111111111,2,SLEEP,Z,0.01770547,0.05830279
7/7/7/3/6/6/6/5/2 3 3,Z,-0.6111111111111111111111111111,2,SLEEP,Z,0.02808779,0.08398934
7/7/7/3/6/6/6/5/1 3 3,X,0.8333333333333333333333333333,4,SLEEP,Z,0.07694694,0.1520751
7/7/7/3/6/6/6/3/4 3 3,Z,0.7,2,SLEEP,Z,0.01502918,0.03795946
7/7/7/3/6/6/6/3/2 3 3,Z,0.7,2,SLEEP,Z,0,0
7/7/7/3/6/6/6/3/1 3 3,X,0.8333333333333333333333333333,2,SLEEP,Z,0.06101038,0.1160502
7/7/7/3/6/6/5/2/6 3 3,Z,-0.6111111111111111111111111111,2,SLEEP,Z,0.02181502,0.06457184
7/7/7/3/6/6/5/2/5 3 3,Z,-0.6111111111111111111111111111,2,SLEEP,Z,0.03233057,0.0983948
7/7/7/3/6/6/5/2/3 3 3,X,0.6428571428571428571428571429,4,SLEEP,Z,0.06868488,0.2020486
7/7/7/3/6/6/5/6/4 3 3,Z,-0.7222222222222222222222222222,4,SLEEP,Z,0.09403033,0.2707581
7/7/7/3/6/6/5/6/2 3 3,Z,-0.7222222222222222222222222222,6,SLEEP,Z,0.05868229,0.1948224
7/7/7/3/6/6/5/6/1 3 3,Z,-0.7222222222222222222222222222,4,SLEEP,Z,0.08204997,0.2536351
7/7/7/3/6/6/5/5/4 3 3,Z,-0.6111111111111111111111111111,2,SLEEP,Z,0.03075941,0.05887777
7/7/7/3/6/6/5/5/2 3 3,Z,-0.6111111111111111111111111111,2,SLEEP,Z,0.01600794,0.05621399
7/7/7/3/6/6/5/5/1 3 3,X,0.6428571428571428571428571429,2,SLEEP,Z,0.04518745,0.085524
7/7/7/3/6/6/5/3/4 3 3,Z,0.7,2,SLEEP,Z,0.02048634,0.03812777
7/7/7/3/6/6/5/3/2 3 3,Z,0.7,2,SLEEP,Z,0,0
7/7/7/3/6/6/5/3/1 3 3,Z,0.7,2,SLEEP,Z,0.02699717,0.08732358
7/7/7/3/6/6/3/2/6 3 3,X,-0.8333333333333333333333333333,2,SLEEP,Z,0,0
7/7/7/3/6/6/3/2/5 3 3,X,0.6428571428571428571428571429,4,SLEEP,Z,0.03116886,0.09359538
7/7/7/3/6/6/3/2/3 3 3,X,0.7857142857142857142857142857,4,SLEEP,Z,0.03029374,0.06306151
7/7/7/3/6/6/3/6/4 3 3,X,-0.8333333333333333333333333333,4,SLEEP,Z,0.03010256,0.09920777
7/7/7/3/6/6/3/6/2 3 3,Z,-0.7222222222222222222222222222,4,SLEEP,Z,0.04225998,0.1325338
7/7/7/3/6/6/3/6/1 3 3,X,0.7857142857142857142857142857,4,SLEEP,Z,0.047812,0.154196
7/7/7/3/6/6/3/5/4 3 3,X,-0.8333333333333333333333333333,4,SLEEP,Z,0.04200725,0.1132548
7/7/7/3/6/6/3/5/2 3 3,X,0.6428571428571428571428571429,2,SLEEP,Z,0.03244824,0.09067331
7/7/7/3/6/6/3/5/1 3 3,X,0.7857142857142857142857142857,6,SLEEP,Z,0.1850103,0.4004169
7/7/7/3/6/6/3/3/4 3 3,X,-0.8333333333333333333333333333,2,SLEEP,Z,0,0
7/7/7/3/6/6/3/3/2 3 3,Z,0.7,2,SLEEP,Z,0.01363091,0.04164829
7/7/7/3/6/6/3/3/1 3 3,X,0.7857142857142857142857142857,10,SLEEP,Z,0.04714671,0.123934
7/7/7/3/6/6/7/2/4 3 3,Z,-0.6111111111111111111111111111,2,SLEEP,Z,0.02254294,0.0699503
7/7/7/3/6/6/7/2/2 3 3,Z,-0.6111111111111111111111111111,4,SLEEP,Z,0.04625391,0.1517673
7/7/7/3/6/6/7/2/1 3 3,X,0.6428571428571428571428571429,2,SLEEP,Z,0.02322937,0.07457128
7/7/7/3/6/5/2/2/7 3 3,Z,-0.5,2,SLEEP,Z,0.04063638,0.1605395
7/7/7/3/6/5/2/6/6 3 3,Z,-0.6111111111111111111111111111,2,SLEEP,Z,0.02737229,0.09711329
7/7/7/3/6/5/2/6/5 3 3,Z,-0.6111111111111111111111111111,2,SLEEP,Z,0.01234865,0.03891637
7/7/7/3/6/5/2/6/3 3 3,X,0.6428571428571428571428571429,4,SLEEP,Z,0.07642902,0.1868058
7/7/7/3/6/5/2/5/6 3 3,Z,-0.5,2,SLEEP,Z,0.02689991,0.04434238
7/7/7/3/6/5/2/5/5 3 3,Z,-0.5,2,SLEEP,Z,0.0224408,0.06592527
7/7/7/3/6/5/2/5/3 3 3,X,0.6428571428571428571428571429,4,SLEEP,Z,0.07653772,0.1886374
7/7/7/3/6/5/2/3/6 3 3,X,-0.5,2,SLEEP,Z,0,0
7/7/7/3/6/5/2/3/5 3 3,X,0.5,2,SLEEP,Z,0,0
7/7/7/3/6/5/2/3/3 3 3,X,0.6428571428571428571428571429,2,SLEEP,Z,0.02514525,0.07260535
7/7/7/3/6/5/2/7/4 3 3,Z,-0.5,2,SLEEP,Z,0.02759167,0.08979182
7/7/7/3/6/5/2/7/2 3 3,Z,-0.5,2,SLEEP,Z,0.03123172,0.08918483
7/7/7/3/6/5/2/7/1 3 3,X,0.6428571428571428571428571429,4,SLEEP,Z,0.1384835,0.2420873
7/7/7/3/6/5/6/2/6 3 3,Z,-0.5,2,SLEEP,Z,0.01247498,0.03862588
7/7/7/3/6/5/6/2/5 3 3,Z,-0.5,2,SLEEP,Z,0.01650768,0.04647021
7/7/7/3/6/5/6/2/3 3 3,X,0.8333333333333333333333333333,4,SLEEP,Z,0.05527604,0.1218048
7/7/7/3/6/5/6/6/4 3 3,Z,-0.6111111111111111111111111111,2,SLEEP,Z,0.01265812,0.04437548
7/7/7/3/6/5/6/6/2 3 3,Z,-0.6111111111111111111111111111,2,SLEEP,Z,0.01488894,0.05214262
7/7/7/3/6/5/6/6/1 3 3,X,0.8333333333333333333333333333,4,SLEEP,Z,0.03718172,0.07268547
7/7/7/3/6/5/6/5/4 3 3,Z,-0.5,2,SLEEP,Z,0,0
7/7/7/3/6/5/6/5/2 3 3,Z,-0.5,2,SLEEP,Z,0,0
7/7/7/3/6/5/6/5/1 3 3,X,0.8333333333333333333333333333,2,SLEEP,Z,0,0
7/7/7/3/6/5/6/3/4 3 3,Z,-0.5,2,SLEEP,Z,0.009461003,0.03565393
7/7/7/3/6/5/6/3/2 3 3,X,0.5,2,SLEEP,Z,0,0
7/7/7/3/6/5/6/3/1 3 3,X,0.8333333333333333333333333333,2,SLEEP,Z,0,0
7/7/7/3/6/5/5/2/6 3 3,Z,-0.5,2,SLEEP,Z,0.02513902,0.05470916
7/7/7/3/6/5/5/2/5 3 3,Z,-0.5,2,SLEEP,Z,0.01318046,0.04389554
7/7/7/3/6/5/5/2/3 3 3,X,0.6428571428571428571428571429,2,SLEEP,Z,0.04126582,0.1360854
7/7/7/3/6/5/5/6/4 3 3,Z,-0.6111111111111111111111111111,2,SLEEP,Z,0.03881259,0.09509131
7/7/7/3/6/5/5/6/2 3 3,Z,-0.6111111111111111111111111111,4,SLEEP,Z,0.05986394,0.2003758
7/7/7/3/6/5/5/6/1 3 3,X,0.6428571428571428571428571429,2,SLEEP,Z,0.05457984,0.1258062
7/7/7/3/6/5/5/5/4 3 3,Z,-0.5,2,SLEEP,Z,0,0
7/7/7/3/6/5/5/5/2 3 3,Z,-0.5,2,SLEEP,Z,0,0
7/7/7/3/6/5/5/5/1 3 3,X,0.6428571428571428571428571429,2,SLEEP,Z,0.01309436,0.04256975
7/7/7/3/6/5/5/3/4 3 3,Z,-0.5,2,SLEEP,Z,0,0
7/7/7/3/6/5/5/3/2 3 3,X,0.5,2,SLEEP,Z,0,0
7/7/7/3/6/5/5/3/1 3 3,X,0.6428571428571428571428571429,2,SLEEP,Z,0.00786765,0.02860853
7/7/7/3/6/5/3/2/6 3 3,X,-0.8333333333333333333333333333,2,SLEEP,Z,0.04012211,0.07979017
7/7/7/3/6/5/3/2/5 3 3,X,0.6428571428571428571428571429,6,SLEEP,Z,0.1114203,0.3266828
7/7/7/3/6/5/3/2/3 3 3,X,0.7857142857142857142857142857,4,SLEEP,Z,0.06532755,0.199741
7/7/7/3/6/5/3/6/4 3 3,X,-0.8333333333333333333333333333,2,SLEEP,Z,0.01427122,0.04821951
7/7/7/3/6/5/3/6/2 3 3,X,0.6428571428571428571428571429,4,SLEEP,Z,0.04349067,0.1506796
7/7/7/3/6/5/3/6/1 3 3,X,0.7857142857142857142857142857,6,SLEEP,Z,0.05581223,0.1606715
7/7/7/3/6/5/3/5/4 3 3,X,-0.8333333333333333333333333333,2,SLEEP,Z,0,0
7/7/7/3/6/5/3/5/2 3 3,X,0.6428571428571428571428571429,2,SLEEP,Z,0.01619512,0.05325034
7/7/7/3/6/5/3/5/1 3 3,X,0.7857142857142857142857142857,4,SLEEP,Z,0.04098985,0.1287938
7/7/7/3/6/5/3/3/4 3 3,X,-0.8333333333333333333333333333,2,SLEEP,Z,0.1117584,0.3581069
7/7/7/3/6/5/3/3/2 3 3,X,0.6428571428571428571428571429,4,SLEEP,Z,0.03771428,0.1047538
7/7/7/3/6/5/3/3/1 3 3,X,0.7857142857142857142857142857,2,SLEEP,Z,0.02157514,0.07082348
7/7/7/3/6/5/7/2/4 3 3,Z,-0.5,2,SLEEP,Z,0,0
7/7/7/3/6/5/7/2/2 3 3,Z,-0.5,2,SLEEP,Z,0.009183277,0.03117669
7/7/7/3/6/5/7/2/1 3 3,X,0.6428571428571428571428571429,2,SLEEP,Z,0,0
7/7/7/3/6/3/2/2/7 3 3,X,0.5,2,SLEEP,Z,0.02841918,0.04446253
7/7/7/3/6/3/2/6/6 3 3,Z,-0.7,2,SLEEP,Z,0.02809466,0.07661555
7/7/7/3/6/3/2/6/5 3 3,Z,-0.7,4,SLEEP,Z,0.07554101,0.1747311
7/7/7/3/6/3/2/6/3 3 3,Z,-0.7,4,SLEEP,Z,0.09492308,0.2481935
7/7/7/3/6/3/2/5/6 3 3,Z,-0.5,2,SLEEP,Z,0,0
7/7/7/3/6/3/2/5/5 3 3,X,0.5,2,SLEEP,Z,0.01287181,0.04038808
7/7/7/3/6/3/2/5/3 3 3,X,0.6428571428571428571428571429,2,SLEEP,Z,0.03357599,0.08109154
7/7/7/3/6/3/2/3/6 3 3,X,-0.5,2,SLEEP,Z,0,0
7/7/7/3/6/3/2/3/5 3 3,X,0.5,2,SLEEP,Z,0,0
7/7/7/3/6/3/2/3/3 3 3,X,0.6428571428571428571428571429,2,SLEEP,Z,0.03594862,0.09404969
7/7/7/3/6/3/2/7/4 3 3,Z,-0.5,2,SLEEP,Z,0.01403974,0.03292422
7/7/7/3/6/3/2/7/2 3 3,X,0.5,2,SLEEP,Z,0.007984743,0.02592268
7/7/7/3/6/3/2/7/1 3 3,X,0.6428571428571428571428571429,4,SLEEP,Z,0.05673322,0.1293089
7/7/7/3/6/3/6/2/6 3 3,Z,-0.5,2,SLEEP,Z,0.009337359,0.02982747
7/7/7/3/6/3/6/2/5 3 3,Z,-0.5,2,SLEEP,Z,0.01051042,0.02794923
7/7/7/3/6/3/6/2/3 3 3,X,0.8333333333333333333333333333,2,SLEEP,Z,0.01797514,0.05120675
7/7/7/3/6/3/6/6/4 3 3,Z,-0.7,2,SLEEP,Z,0.01477821,0.05060101
7/7/7/3/6/3/6/6/2 3 3,Z,-0.7,4,SLEEP,Z,0.05778842,0.1299608
7/7/7/3/6/3/6/6/1 3 3,X,0.8333333333333333333333333333,2,SLEEP,Z,0.02368031,0.06736659
7/7/7/3/6/3/6/5/4 3 3,Z,-0.5,2,SLEEP,Z,0.03105901,0.08573765
7/7/7/3/6/3/6/5/2 3 3,Z,-0.5,2,SLEEP,Z,0.03841058,0.08630062
7/7/7/3/6/3/6/5/1 3 3,X,0.8333333333333333333333333333,2,SLEEP,Z,0.03753646,0.08140156
7/7/7/3/6/3/6/3/4 3 3,Z,-0.5,2,SLEEP,Z,0.01168418,0.04623643
7/7/7/3/6/3/6/3/2 3 3,X,0.5,2,SLEEP,Z,0,0
7/7/7/3/6/3/6/3/1 3 3,X,0.8333333333333333333333333333,2,SLEEP,Z,0,0
7/7/7/3/6/3/5/2/6 3 3,Z,-0.5,2,SLEEP,Z,0.0188261,0.05019015
7/7/7/3/6/3/5/2/5 3 3,X,0.5,2,SLEEP,Z,0.03159228,0.02794019
7/7/7/3/6/3/5/2/3 3 3,X,0.6428571428571428571428571429,4,SLEEP,Z,0.03693772,0.08859751
7/7/7/3/6/3/5/6/4 3 3,Z,-0.7,4,SLEEP,Z,0.0445998,0.1381584
7/7/7/3/6/3/5/6/2 3 3,Z,-0.7,2,SLEEP,Z,0.02877368,0.08194647
7/7/7/3/6/3/5/6/1 3 3,Z,-0.7,4,SLEEP,Z,0.03538935,0.1035973
7/7/7/3/6/3/5/5/4 3 3,Z,-0.5,2,SLEEP,Z,0.01860475,0.03781262
7/7/7/3/6/3/5/5/2 3 3,X,0.5,2,SLEEP,Z,0.02584996,0.0776071
7/7/7/3/6/3/5/5/1 3 3,X,0.6428571428571428571428571429,2,SLEEP,Z,0,0
7/7/7/3/6/3/5/3/4 3 3,Z,-0.5,2,SLEEP,Z,0.004541372,0.01803705
7/7/7/3/6/3/5/3/2 3 3,X,0.5,2,SLEEP,Z,0,0
7/7/7/3/6/3/5/3/1 3 3,X,0.6428571428571428571428571429,2,SLEEP,Z,0.01300191,0.03418054
7/7/7/3/6/3/3/2/6 3 3,X,-0.8333333333333333333333333333,2,SLEEP,Z,0.03068708,0.04158832
7/7/7/3/6/3/3/2/5 3 3,X,0.6428571428571428571428571429,2,SLEEP,Z,0.05885983,0.1209979
7/7/7/3/6/3/3/2/3 3 3,X,0.7857142857142857142857142857,6,SLEEP,Z,0.2339392,0.3388115
7/7/7/3/6/3/3/6/4 3 3,X,-0.8333333333333333333333333333,2,SLEEP,Z,0.0120646,0.03443516
7/7/7/3/6/3/3/6/2 3 3,Z,-0.7,2,SLEEP,Z,0.02413665,0.07201599
7/7/7/3/6/3/3/6/1 3 3,X,0.7857142857142857142857142857,2,SLEEP,Z,0.05523523,0.1610981
7/7/7/3/6/3/3/5/4 3 3,X,-0.8333333333333333333333333333,2,SLEEP,Z,0,0
7/7/7/3/6/3/3/5/2 3 3,X,0.6428571428571428571428571429,2,SLEEP,Z,0.008573441,0.02638713
7/7/7/3/6/3/3/5/1 3 3,X,0.7857142857142857142857142857,4,SLEEP,Z,0.06749149,0.164716
7/7/7/3/6/3/3/3/4 3 3,X,-0.8333333333333333333333333333,2,SLEEP,Z,0.06901855,0.04387489
7/7/7/3/6/3/3/3/2 3 3,X,0.6428571428571428571428571429,2,SLEEP,Z,0.02361315,0.06913333
7/7/7/3/6/3/3/3/1 3 3,X,0.7857142857142857142857142857,2,SLEEP,Z,0.02580289,0.08184891
7/7/7/3/6/3/7/2/4 3 3,Z,-0.5,2,SLEEP,Z,0,0
7/7/7/3/6/3/7/2/2 3 3,X,0.5,2,SLEEP,Z,0.006219764,0.02090982
7/7/7/3/6/3/7/2/1 3 3,X,0.6428571428571428571428571429,2,SLEEP,Z,0.01900504,0.06269389
7/7/7/3/6/7/2/2/6 3 3,X,-0.6666666666666666666666666666,2,SLEEP,Z,0.01141056,0.0361477
7/7/7/3/6/7/2/2/5 3 3,Z,-0.5,2,SLEEP,Z,0.03084831,0.08869057
7/7/7/3/6/7/2/2/3 3 3,X,0.6666666666666666666666666666,4,SLEEP,Z,0.1790141,0.3052903
7/7/7/3/6/7/2/6/4 3 3,X,-0.6666666666666666666666666666,4,SLEEP,Z,0.03546535,0.08620671
7/7/7/3/6/7/2/6/2 3 3,Z,-0.6111111111111111111111111111,2,SLEEP,Z,0.009633246,0.04070535
7/7/7/3/6/7/2/6/1 3 3,X,0.6666666666666666666666666666,6,SLEEP,Z,0.09332682,0.2386655
7/7/7/3/6/7/2/5/4 3 3,X,-0.6666666666666666666666666666,2,SLEEP,Z,0.01460677,0.05998353
7/7/7/3/6/7/2/5/2 3 3,Z,-0.5,2,SLEEP,Z,0.0247004,0.05762642
7/7/7/3/6/7/2/5/1 3 3,X,0.6666666666666666666666666666,2,SLEEP,Z,0.06925335,0.168214
7/7/7/3/6/7/2/3/4 3 3,X,-0.6666666666666666666666666666,2,SLEEP,Z,0,0
7/7/7/3/6/7/2/3/2 3 3,X,0.5,2,SLEEP,Z,0,0
7/7/7/3/6/7/2/3/1 3 3,X,0.6666666666666666666666666666,2,SLEEP,Z,0.02097603,0.05797826
7/7/7/3/6/7/6/2/4 3 3,Z,-0.5,2,SLEEP,Z,0.03605753,0.08000792
7/7/7/3/6/7/6/2/2 3 3,Z,-0.5,2,SLEEP,Z,0.06908452,0.1137395
7/7/7/3/6/7/5/2/4 3 3,Z,-0.5,2,SLEEP,Z,0.03149625,0.05578046
7/7/7/3/6/7/5/2/2 3 3,Z,-0.5,2,SLEEP,Z,0,0
7/7/7/3/6/7/5/2/1 3 3,X,0.6428571428571428571428571429,2,SLEEP,Z,0.007479789,0.02610223
7/7/7/3/6/7/3/2/2 3 3,X,0.6428571428571428571428571429,2,SLEEP,Z,0.02117168,0.07510024
7/7/7/3/6/7/3/2/1 3 3,X,0.7857142857142857142857142857,2,SLEEP,Z,0.04318133,0.1418605
7/7/7/3/5/2/2/6/7 3 3,Z,-0.6111111111111111111111111111,2,SLEEP,Z,0.04118498,0.1154179
7/7/7/3/5/2/2/5/7 3 3,Z,-0.5,2,SLEEP,Z,0.0557231,0.1583423
7/7/7/3/5/2/2/3/7 3 3,Z,-0.5,2,SLEEP,Z,0.03380456,0.0253404
7/7/7/3/5/2/2/7/6 3 3,Z,-0.5,2,SLEEP,Z,0.02134916,0.04987512
7/7/7/3/5/2/2/7/5 3 3,Z,-0.5,2,SLEEP,Z,0,0
7/7/7/3/5/2/2/7/3 3 3,Z,-0.5,2,SLEEP,Z,0.0130883,0.04014195
7/7/7/3/5/2/6/2/7 3 3,Z,-0.5,2,SLEEP,Z,0.02764517,0.06576388
7/7/7/3/5/2/6/6/6 3 3,Z,-0.6111111111111111111111111111,4,SLEEP,Z,0.06497794,0.1880601
7/7/7/3/5/2/6/6/5 3 3,Z,-0.6111111111111111111111111111,4,SLEEP,Z,0.04725795,0.137973
7/7/7/3/5/2/6/6/3 3 3,X,0.75,2,SLEEP,Z,0.05754814,0.1464822
7/7/7/3/5/2/6/5/6 3 3,Z,-0.5,2,SLEEP,Z,0,0
7/7/7/3/5/2/6/5/5 3 3,Z,-0.5,2,SLEEP,Z,0,0
7/7/7/3/5/2/6/5/3 3 3,X,0.75,2,SLEEP,Z,0.01721533,0.0531641
7/7/7/3/5/2/6/3/6 3 3,Z,-0.5,2,SLEEP,Z,0.01661073,0.04696417
7/7/7/3/5/2/6/3/5 3 3,X,0.5,2,SLEEP,Z,0,0
7/7/7/3/5/2/6/3/3 3 3,X,0.75,2,SLEEP,Z,0,0
7/7/7/3/5/2/6/7/4 3 3,Z,-0.5,2,SLEEP,Z,0.02084258,0.0690928
7/7/7/3/5/2/6/7/2 3 3,Z,-0.5,2,SLEEP,Z,0.02538549,0.07393888
7/7/7/3/5/2/6/7/1 3 3,X,0.75,2,SLEEP,Z,0.02217226,0.03167541
7/7/7/3/5/2/5/2/7 3 3,Z,-0.5,2,SLEEP,Z,0.03041206,0.06597986
7/7/7/3/5/2/5/6/6 3 3,Z,-0.6111111111111111111111111111,4,SLEEP,Z,0.04073075,0.1241631
7/7/7/3/5/2/5/6/5 3 3,Z,-0.6111111111111111111111111111,2,SLEEP,Z,0.04251531,0.1114265
7/7/7/3/5/2/5/6/3 3 3,Z,-0.6111111111111111111111111111,4,SLEEP,Z,0.0407454,0.1053492
7/7/7/3/5/2/5/5/6 3 3,Z,-0.5,2,SLEEP,Z,0.02321772,0.08176739
7/7/7/3/5/2/5/5/5 3 3,Z,-0.5,2,SLEEP,Z,0.01797125,0.04939212
7/7/7/3/5/2/5/5/3 3 3,Z,-0.5,2,SLEEP,Z,0.03492972,0.07849728
7/7/7/3/5/2/5/3/6 3 3,Z,-0.5,2,SLEEP,Z,0,0
7/7/7/3/5/2/5/3/5 3 3,Z,-0.5,2,SLEEP,Z,0,0
7/7/7/3/5/2/5/3/3 3 3,Z,-0.5,2,SLEEP,Z,0,0
7/7/7/3/5/2/5/7/4 3 3,Z,-0.5,2,SLEEP,Z,0,0
7/7/7/3/5/2/5/7/2 3 3,Z,-0.5,2,SLEEP,Z,0,0
7/7/7/3/5/2/5/7/1 3 3,Z,-0.5,2,SLEEP,Z,0.01465259,0.0447426
7/7/7/3/5/2/3/2/7 3 3,Z,-0.5,4,SLEEP,Z,0.04066823,0.1112899
7/7/7/3/5/2/3/6/6 3 3,X,-0.75,2,SLEEP,Z,0.04425637,0.1286471
7/7/7/3/5/2/3/6/5 3 3,Z,-0.6111111111111111111111111111,2,SLEEP,Z,0.05421328,0.1446838
7/7/7/3/5/2/3/6/3 3 3,Z,-0.6111111111111111111111111111,6,SLEEP,Z,0.1365731,0.3259059
7/7/7/3/5/2/3/5/6 3 3,X,-0.75,4,SLEEP,Z,0.128808,0.2267363
7/7/7/3/5/2/3/5/5 3 3,Z,-0.5,2,SLEEP,Z,0.01651913,0.0535796
7/7/7/3/5/2/3/5/3 3 3,Z,-0.5,2,SLEEP,Z,0.02017353,0.06728148
7/7/7/3/5/2/3/3/6 3 3,X,-0.75,2,SLEEP,Z,0.1457142,0.4270903
7/7/7/3/5/2/3/3/5 3 3,X,-0.5,2,SLEEP,Z,0,0
7/7/7/3/5/2/3/3/3 3 3,Z,-0.5,2,SLEEP,Z,0,0
7/7/7/3/5/2/3/7/4 3 3,X,-0.75,2,SLEEP,Z,0.02091039,0.0479986
7/7/7/3/5/2/3/7/2 3 3,Z,-0.5,2,SLEEP,Z,0.01958051,0.05906484
7/7/7/3/5/2/3/7/1 3 3,Z,-0.5,2,SLEEP,Z,0.02193241,0.06531184
7/7/7/3/5/2/7/2/6 3 3,Z,-0.5,2,SLEEP,Z,0.03037678,0.08132877
7/7/7/3/5/2/7/2/5 3 3,Z,-0.5,4,SLEEP,Z,0.06893887,0.1516383
7/7/7/3/5/2/7/2/3 3 3,Z,-0.5,2,SLEEP,Z,0.01522642,0.04299948
7/7/7/3/5/2/7/6/4 3 3,Z,-0.6111111111111111111111111111,2,SLEEP,Z,0.03045026,0.0886135
7/7/7/3/5/2/7/6/2 3 3,Z,-0.6111111111111111111111111111,4,SLEEP,Z,0.06496455,0.1595807
7/7/7/3/5/2/7/6/1 3 3,Z,-0.6111111111111111111111111111,2,SLEEP,Z,0.02863494,0.08643127
7/7/7/3/5/2/7/5/4 3 3,Z,-0.5,2,SLEEP,Z,0.02115921,0.04101381
7/7/7/3/5/2/7/5/2 3 3,Z,-0.5,2,SLEEP,Z,0.0117913,0.03478695
7/7/7/3/5/2/7/5/1 3 3,Z,-0.5,2,SLEEP,Z,0.02658217,0.07391686
7/7/7/3/5/2/7/3/4 3 3,Z,-0.5,2,SLEEP,Z,0,0
7/7/7/3/5/2/7/3/2 3 3,Z,-0.5,2,SLEEP,Z,0,0
7/7/7/3/5/2/7/3/1 3 3,Z,-0.5,2,SLEEP,Z,0,0
7/7/7/3/5/6/2/2/7 3 3,Z,-0.6111111111111111111111111111,4,SLEEP,Z,0.0809911,0.3112825
7/7/7/3/5/6/2/6/6 3 3,Z,-0.7222222222222222222222222222,2,SLEEP,Z,0.0408913,0.1476794
7/7/7/3/5/6/2/6/5 3 3,Z,-0.7222222222222222222222222222,6,SLEEP,Z,0.111694,0.2775879
7/7/7/3/5/6/2/6/3 3 3,Z,-0.7222222222222222222222222222,4,SLEEP,Z,0.05024153,0.1447698
7/7/7/3/5/6/2/5/6 3 3,Z,-0.6111111111111111111111111111,2,SLEEP,Z,0.03540207,0.07451018
7/7/7/3/5/6/2/5/5 3 3,Z,-0.6111111111111111111111111111,2,SLEEP,Z,0.02752285,0.08525945
7/7/7/3/5/6/2/5/3 3 3,Z,-0.6111111111111111111111111111,2,SLEEP,Z,0.01516246,0.04407699
7/7/7/3/5/6/2/3/6 3 3,Z,0.7,2,SLEEP,Z,0,0
7/7/7/3/5/6/2/3/5 3 3,Z,0.7,2,SLEEP,Z,0,0
7/7/7/3/5/6/2/3/3 3 3,Z,0.7,2,SLEEP,Z,0,0
7/7/7/3/5/6/2/7/4 3 3,Z,-0.6111111111111111111111111111,2,SLEEP,Z,0.01875304,0.06017596
7/7/7/3/5/6/2/7/2 3 3,Z,-0.6111111111111111111111111111,4,SLEEP,Z,0.06046525,0.2305515
7/7/7/3/5/6/2/7/1 3 3,Z,-0.6111111111111111111111111111,4,SLEEP,Z,0.042344,0.1185263
7/7/7/3/5/6/6/2/6 3 3,Z,-0.6111111111111111111111111111,2,SLEEP,Z,0.04256951,0.1054897
7/7/7/3/5/6/6/2/5 3 3,Z,-0.6111111111111111111111111111,4,SLEEP,Z,0.04144332,0.1244253
7/7/7/3/5/6/6/2/3 3 3,X,0.8333333333333333333333333333,2,SLEEP,Z,0.006587547,0.01971858
7/7/7/3/5/6/6/6/4 3 3,Z,-0.7222222222222222222222222222,4,SLEEP,Z,0.04228954,0.1461759
7/7/7/3/5/6/6/6/2 3 3,Z,-0.7222222222222222222222222222,4,SLEEP,Z,0.03605561,0.1221805
7/7/7/3/5/6/6/6/1 3 3,X,0.8333333333333333333333333333,2,SLEEP,Z,0.03702255,0.0960079
7/7/7/3/5/6/6/5/4 3 3,Z,-0.6111111111111111111111111111,2,SLEEP,Z,0.01709601,0.05787276
7/7/7/3/5/6/6/5/2 3 3,Z,-0.6111111111111111111111111111,4,SLEEP,Z,0.03202632,0.08541209
7/7/7/3/5/6/6/5/1 3 3,X,0.8333333333333333333333333333,2,SLEEP,Z,0.02184764,0.06063939
7/7/7/3/5/6/6/3/4 3 3,Z,0.7,2,SLEEP,Z,0.01804224,0.03352694
7/7/7/3/5/6/6/3/2 3 3,Z,0.7,2,SLEEP,Z,0.006889707,0.023866
7/7/7/3/5/6/6/3/1 3 3,X,0.8333333333333333333333333333,2,SLEEP,Z,0,0
7/7/7/3/5/6/5/2/6 3 3,Z,-0.6111111111111111111111111111,2,SLEEP,Z,0.04270451,0.09822012
7/7/7/3/5/6/5/2/5 3 3,Z,-0.6111111111111111111111111111,2,SLEEP,Z,0.04076007,0.1103627
7/7/7/3/5/6/5/2/3 3 3,Z,-0.6111111111111111111111111111,4,SLEEP,Z,0.04936839,0.1690015
7/7/7/3/5/6/5/6/4 3 3,Z,-0.7222222222222222222222222222,2,SLEEP,Z,0.03258707,0.1053941
7/7/7/3/5/6/5/6/2 3 3,Z,-0.7222222222222222222222222222,2,SLEEP,Z,0.03480457,0.1299329
7/7/7/3/5/6/5/6/1 3 3,Z,-0.7222222222222222222222222222,2,SLEEP,Z,0.02301921,0.07768603
7/7/7/3/5/6/5/5/4 3 3,Z,-0.6111111111111111111111111111,2,SLEEP,Z,0,0
7/7/7/3/5/6/5/5/2 3 3,Z,-0.6111111111111111111111111111,2,SLEEP,Z,0,0
7/7/7/3/5/6/5/5/1 3 3,Z,-0.6111111111111111111111111111,2,SLEEP,Z,0.03490036,0.07376005
7/7/7/3/5/6/5/3/4 3 3,Z,0.7,2,SLEEP,Z,0,0
7/7/7/3/5/6/5/3/2 3 3,Z,0.7,2,SLEEP,Z,0,0
7/7/7/3/5/6/5/3/1 3 3,Z,0.7,2,SLEEP,Z,0,0
7/7/7/3/5/6/3/2/6 3 3,X,-0.8333333333333333333333333333,2,SLEEP,Z,0.01349841,0.04105943
7/7/7/3/5/6/3/2/5 3 3,Z,-0.6111111111111111111111111111,2,SLEEP,Z,0.01678872,0.05357629
7/7/7/3/5/6/3/2/3 3 3,Z,-0.6111111111111111111111111111,2,SLEEP,Z,0.01844046,0.05288625
7/7/7/3/5/6/3/6/4 3 3,X,-0.8333333333333333333333333333,2,SLEEP,Z,0.03314877,0.1155566
7/7/7/3/5/6/3/6/2 3 3,Z,-0.7222222222222222222222222222,4,SLEEP,Z,0.07708758,0.1891687
7/7/7/3/5/6/3/6/1 3 3,Z,-0.7222222222222222222222222222,4,SLEEP,Z,0.0757302,0.2139802
7/7/7/3/5/6/3/5/4 3 3,X,-0.8333333333333333333333333333,4,SLEEP,Z,0.06516717,0.18955
7/7/7/3/5/6/3/5/2 3 3,Z,-0.6111111111111111111111111111,2,SLEEP,Z,0.01892188,0.05483797
7/7/7/3/5/6/3/5/1 3 3,Z,-0.6111111111111111111111111111,4,SLEEP,Z,0.03057415,0.09909265
7/7/7/3/5/6/3/3/4 3 3,X,-0.8333333333333333333333333333,2,SLEEP,Z,0.02664521,0.02992539
7/7/7/3/5/6/3/3/2 3 3,Z,0.7,2,SLEEP,Z,0,0
7/7/7/3/5/6/3/3/1 3 3,Z,0.7,2,SLEEP,Z,0.009802972,0.03348261
7/7/7/3/5/6/7/2/4 3 3,Z,-0.6111111111111111111111111111,4,SLEEP,Z,0.03185977,0.1003192
7/7/7/3/5/6/7/2/2 3 3,Z,-0.6111111111111111111111111111,2,SLEEP,Z,0.01669119,0.05311314
7/7/7/3/5/6/7/2/1 3 3,Z,-0.6111111111111111111111111111,2,SLEEP,Z,0.01591708,0.04927067
7/7/7/3/5/5/2/2/7 3 3,Z,-0.5,2,SLEEP,Z,0.03267668,0.0481379
7/7/7/3/5/5/2/6/6 3 3,Z,-0.6111111111111111111111111111,4,SLEEP,Z,0.03647103,0.1150045
7/7/7/3/5/5/2/6/5 3 3,Z,-0.6111111111111111111111111111,4,SLEEP,Z,0.03009476,0.09840842
7/7/7/3/5/5/2/6/3 3 3,Z,-0.6111111111111111111111111111,2,SLEEP,Z,0.05264312,0.08031785
7/7/7/3/5/5/2/5/6 3 3,Z,-0.5,2,SLEEP,Z,0.01299438,0.04599078
7/7/7/3/5/5/2/5/5 3 3,Z,-0.5,2,SLEEP,Z,0.02429933,0.06170183
7/7/7/3/5/5/2/5/3 3 3,Z,-0.5,2,SLEEP,Z,0.02552943,0.05633882
7/7/7/3/5/5/2/3/6 3 3,X,-0.5,2,SLEEP,Z,0.03965032,0.09208389
7/7/7/3/5/5/2/3/5 3 3,Z,-0.5,2,SLEEP,Z,0.009849907,0.0330274
7/7/7/3/5/5/2/3/3 3 3,X,0.5,2,SLEEP,Z,0,0
7/7/7/3/5/5/2/7/4 3 3,Z,-0.5,2,SLEEP,Z,0,0
7/7/7/3/5/5/2/7/2 3 3,Z,-0.5,2,SLEEP,Z,0,0
7/7/7/3/5/5/2/7/1 3 3,Z,-0.5,2,SLEEP,Z,0.004819836,0.01371682
7/7/7/3/5/5/6/2/6 3 3,Z,-0.5,2,SLEEP,Z,0.04119657,0.07752685
7/7/7/3/5/5/6/2/5 3 3,Z,-0.5,2,SLEEP,Z,0.078736,0.1349192
7/7/7/3/5/5/6/2/3 3 3,X,0.8333333333333333333333333333,2,SLEEP,Z,0.06043657,0.09039582
7/7/7/3/5/5/6/6/4 3 3,Z,-0.6111111111111111111111111111,2,SLEEP,Z,0.02825476,0.09355915
7/7/7/3/5/5/6/6/2 3 3,Z,-0.6111111111111111111111111111,4,SLEEP,Z,0.07321973,0.1996008
7/7/7/3/5/5/6/6/1 3 3,X,0.8333333333333333333333333333,2,SLEEP,Z,0.03365233,0.1031584
7/7/7/3/5/5/6/5/4 3 3,Z,-0.5,2,SLEEP,Z,0.01582811,0.06518537
7/7/7/3/5/5/6/5/2 3 3,Z,-0.5,2,SLEEP,Z,0.03208751,0.07020393
7/7/7/3/5/5/6/5/1 3 3,X,0.8333333333333333333333333333,2,SLEEP,Z,0.01519044,0.05053031
7/7/7/3/5/5/6/3/4 3 3,Z,-0.5,2,SLEEP,Z,0.03266755,0.1094225
7/7/7/3/5/5/6/3/2 3 3,X,0.5,2,SLEEP,Z,0,0
7/7/7/3/5/5/6/3/1 3 3,X,0.8333333333333333333333333333,2,SLEEP,Z,0.07852831,0.08478949
7/7/7/3/5/5/5/2/6 3 3,Z,-0.5,2,SLEEP,Z,0.01244212,0.03856481
7/7/7/3/5/5/5/2/5 3 3,Z,-0.5,2,SLEEP,Z,0.0234914,0.04930244
7/7/7/3/5/5/5/2/3 3 3,Z,-0.5,2,SLEEP,Z,0.01725512,0.05417674
7/7/7/3/5/5/5/6/4 3 3,Z,-0.6111111111111111111111111111,2,SLEEP,Z,0.02940715,0.09558082
7/7/7/3/5/5/5/6/2 3 3,Z,-0.6111111111111111111111111111,4,SLEEP,Z,0.0563264,0.1425308
7/7/7/3/5/5/5/6/1 3 3,Z,-0.6111111111111111111111111111,2,SLEEP,Z,0.03437091,0.05907293
7/7/7/3/5/5/5/5/4 3 3,Z,-0.5,2,SLEEP,Z,0.02064482,0.03334882
7/7/7/3/5/5/5/5/2 3 3,Z,-0.5,2,SLEEP,Z,0,0
7/7/7/3/5/5/5/5/1 3 3,Z,-0.5,2,SLEEP,Z,0.01079313,0.04493086
7/7/7/3/5/5/5/3/4 3 3,Z,-0.5,2,SLEEP,Z,0.01450507,0.05908948
7/7/7/3/5/5/5/3/2 3 3,Z,-0.5,2,SLEEP,Z,0,0
7/7/7/3/5/5/5/3/1 3 3,Z,-0.5,2,SLEEP,Z,0,0
7/7/7/3/5/5/3/2/6 3 3,X,-0.8333333333333333333333333333,2,SLEEP,Z,0.09947439,0.1502478
7/7/7/3/5/5/3/2/5 3 3,Z,-0.5,4,SLEEP,Z,0.10208,0.3416139
7/7/7/3/5/5/3/2/3 3 3,Z,-0.5,2,SLEEP,Z,0.01660511,0.05567753
7/7/7/3/5/5/3/6/4 3 3,X,-0.8333333333333333333333333333,4,SLEEP,Z,0.07486917,0.2099199
7/7/7/3/5/5/3/6/2 3 3,Z,-0.6111111111111111111111111111,2,SLEEP,Z,0.02160175,0.08299579
7/7/7/3/5/5/3/6/1 3 3,Z,-0.6111111111111111111111111111,2,SLEEP,Z,0.02012091,0.06507144
7/7/7/3/5/5/3/5/4 3 3,X,-0.8333333333333333333333333333,2,SLEEP,Z,0.009332649,0.03555281
7/7/7/3/5/5/3/5/2 3 3,Z,-0.5,2,SLEEP,Z,0,0
7/7/7/3/5/5/3/5/1 3 3,Z,-0.5,2,SLEEP,Z,0.01515794,0.06175171
7/7/7/3/5/5/3/3/4 3 3,X,-0.8333333333333333333333333333,2,SLEEP,Z,0.04303115,0.03223561
7/7/7/3/5/5/3/3/2 3 3,X,-0.5,2,SLEEP,Z,0,0
7/7/7/3/5/5/3/3/1 3 3,Z,-0.5,2,SLEEP,Z,0,0
7/7/7/3/5/5/7/2/4 3 3,Z,-0.5,2,SLEEP,Z,0.007576806,0.02624029
7/7/7/3/5/5/7/2/2 3 3,Z,-0.5,2,SLEEP,Z,0,0
7/7/7/3/5/5/7/2/1 3 3,Z,-0.5,2,SLEEP,Z,0.01479751,0.05472954
7/7/7/3/5/3/2/2/7 3 3,Z,-0.5,2,SLEEP,Z,0.02927095,0.0675106
7/7/7/3/5/3/2/6/6 3 3,Z,-0.7,2,SLEEP,Z,0.03464755,0.1064204
7/7/7/3/5/3/2/6/5 3 3,Z,-0.7,2,SLEEP,Z,0.04055042,0.1248849
7/7/7/3/5/3/2/6/3 3 3,Z,-0.7,4,SLEEP,Z,0.06837943,0.1364162
7/7/7/3/5/3/2/5/6 3 3,Z,-0.5,2,SLEEP,Z,0.01186208,0.03972513
7/7/7/3/5/3/2/5/5 3 3,Z,-0.5,2,SLEEP,Z,0.03719528,0.07518132
7/7/7/3/5/3/2/5/3 3 3,Z,-0.5,4,SLEEP,Z,0.1173041,0.3094194
7/7/7/3/5/3/2/3/6 3 3,X,-0.5,2,SLEEP,Z,0,0
7/7/7/3/5/3/2/3/5 3 3,Z,-0.5,2,SLEEP,Z,0,0
7/7/7/3/5/3/2/3/3 3 3,X,0.5,2,SLEEP,Z,0,0
7/7/7/3/5/3/2/7/4 3 3,Z,-0.5,2,SLEEP,Z,0.009355177,0.02782688
7/7/7/3/5/3/2/7/2 3 3,Z,-0.5,2,SLEEP,Z,0.01286773,0.03242166
7/7/7/3/5/3/2/7/1 3 3,Z,-0.5,2,SLEEP,Z,0.01839986,0.05582969
7/7/7/3/5/3/6/2/6 3 3,Z,-0.5,2,SLEEP,Z,0.03838287,0.09170329
7/7/7/3/5/3/6/2/5 3 3,Z,-0.5,2,SLEEP,Z,0.1111434,0.2207829
7/7/7/3/5/3/6/2/3 3 3,X,0.8333333333333333333333333333,2,SLEEP,Z,0,0
7/7/7/3/5/3/6/6/4 3 3,Z,-0.7,4,SLEEP,Z,0.04424198,0.1596365
7/7/7/3/5/3/6/6/2 3 3,Z,-0.7,2,SLEEP,Z,0.01529107,0.04577317
7/7/7/3/5/3/6/6/1 3 3,X,0.8333333333333333333333333333,2,SLEEP,Z,0.03206107,0.05623153
7/7/7/3/5/3/6/5/4 3 3,Z,-0.5,2,SLEEP,Z,0.01219792,0.04569868
7/7/7/3/5/3/6/5/2 3 3,Z,-0.5,2,SLEEP,Z,0.009522236,0.03326134
7/7/7/3/5/3/6/5/1 3 3,X,0.8333333333333333333333333333,2,SLEEP,Z,0.01626006,0.05661025
7/7/7/3/5/3/6/3/4 3 3,Z,-0.5,2,SLEEP,Z,0,0
7/7/7/3/5/3/6/3/2 3 3,X,0.5,2,SLEEP,Z,0,0
7/7/7/3/5/3/6/3/1 3 3,X,0.8333333333333333333333333333,2,SLEEP,Z,0.02746158,0.05865543
7/7/7/3/5/3/5/2/6 3 3,Z,-0.5,2,SLEEP,Z,0.07012598,0.05762269
7/7/7/3/5/3/5/2/5 3 3,Z,-0.5,2,SLEEP,Z,0.01481322,0.04087108
7/7/7/3/5/3/5/2/3 3 3,Z,-0.5,2,SLEEP,Z,0,0
7/7/7/3/5/3/5/6/4 3 3,Z,-0.7,2,SLEEP,Z,0.01671249,0.05169293
7/7/7/3/5/3/5/6/2 3 3,Z,-0.7,2,SLEEP,Z,0.03541097,0.1251774
7/7/7/3/5/3/5/6/1 3 3,Z,-0.7,2,SLEEP,Z,0.03042406,0.09224754
7/7/7/3/5/3/5/5/4 3 3,Z,-0.5,2,SLEEP,Z,0.01157145,0.03778081
7/7/7/3/5/3/5/5/2 3 3,Z,-0.5,2,SLEEP,Z,0.01217315,0.03489922
7/7/7/3/5/3/5/5/1 3 3,Z,-0.5,2,SLEEP,Z,0.01077188,0.03538404
7/7/7/3/5/3/5/3/4 3 3,Z,-0.5,2,SLEEP,Z,0,0
7/7/7/3/5/3/5/3/2 3 3,Z,-0.5,2,SLEEP,Z,0,0
7/7/7/3/5/3/5/3/1 3 3,Z,-0.5,2,SLEEP,Z,0,0
7/7/7/3/5/3/3/2/6 3 3,X,-0.8333333333333333333333333333,2,SLEEP,Z,0.01984216,0.07416899
7/7/7/3/5/3/3/2/5 3 3,Z,-0.5,2,SLEEP,Z,0.05931197,0.07099532
7/7/7/3/5/3/3/2/3 3 3,Z,-0.5,2,SLEEP,Z,0.01435324,0.05463623
7/7/7/3/5/3/3/6/4 3 3,X,-0.8333333333333333333333333333,2,SLEEP,Z,0.02784076,0.07103587
7/7/7/3/5/3/3/6/2 3 3,Z,-0.7,2,SLEEP,Z,0.01166768,0.03528164
7/7/7/3/5/3/3/6/1 3 3,Z,-0.7,2,SLEEP,Z,0.01616566,0.05064694
7/7/7/3/5/3/3/5/4 3 3,X,-0.8333333333333333333333333333,2,SLEEP,Z,0.04341193,0.1000166
7/7/7/3/5/3/3/5/2 3 3,Z,-0.5,2,SLEEP,Z,0.01098679,0.03550843
7/7/7/3/5/3/3/5/1 3 3,Z,-0.5,2,SLEEP,Z,0.01614559,0.06530616
7/7/7/3/5/3/3/3/4 3 3,X,-0.8333333333333333333333333333,2,SLEEP,Z,0,0
7/7/7/3/5/3/3/3/2 3 3,X,-0.5,2,SLEEP,Z,0,0
7/7/7/3/5/3/3/3/1 3 3,Z,-0.5,2,SLEEP,Z,0,0
7/7/7/3/5/3/7/2/4 3 3,Z,-0.5,2,SLEEP,Z,0.008418431,0.02533314
7/7/7/3/5/3/7/2/2 3 3,Z,-0.5,2,SLEEP,Z,0,0
7/7/7/3/5/3/7/2/1 3 3,Z,-0.5,2,SLEEP,Z,0,0
7/7/7/3/5/7/2/2/6 3 3,X,-0.6666666666666666666666666666,2,SLEEP,Z,0.01286419,0.03828917
7/7/7/3/5/7/2/2/5 3 3,Z,-0.5,2,SLEEP,Z,0.009386055,0.0288426
7/7/7/3/5/7/2/2/3 3 3,X,0.6666666666666666666666666666,2,SLEEP,Z,0.005219279,0.01664787
7/7/7/3/5/7/2/6/4 3 3,X,-0.6666666666666666666666666666,2,SLEEP,Z,0.03809809,0.1262277
7/7/7/3/5/7/2/6/2 3 3,Z,-0.6111111111111111111111111111,2,SLEEP,Z,0.01119444,0.03846723
7/7/7/3/5/7/2/6/1 3 3,X,0.6666666666666666666666666666,2,SLEEP,Z,0.01044522,0.03572646
7/7/7/3/5/7/2/5/4 3 3,X,-0.6666666666666666666666666666,2,SLEEP,Z,0.01294906,0.04735493
7/7/7/3/5/7/2/5/2 3 3,Z,-0.5,2,SLEEP,Z,0.0101756,0.03879683
7/7/7/3/5/7/2/5/1 3 3,X,0.6666666666666666666666666666,2,SLEEP,Z,0,0
7/7/7/3/5/7/2/3/4 3 3,X,-0.6666666666666666666666666666,2,SLEEP,Z,0.02226788,0.04260788
7/7/7/3/5/7/2/3/2 3 3,Z,-0.5,2,SLEEP,Z,0,0
7/7/7/3/5/7/2/3/1 3 3,X,0.6666666666666666666666666666,2,SLEEP,Z,0,0
7/7/7/3/5/7/6/2/4 3 3,Z,-0.5,2,SLEEP,Z,0.009593499,0.0349881
7/7/7/3/5/7/6/2/2 3 3,Z,-0.5,2,SLEEP,Z,0.01826111,0.06143167
7/7/7/3/5/7/5/2/4 3 3,Z,-0.5,2,SLEEP,Z,0.02994971,0.07533072
7/7/7/3/5/7/5/2/2 3 3,Z,-0.5,4,SLEEP,Z,0.08156779,0.1679938
7/7/7/3/5/7/5/2/1 3 3,Z,-0.5,2,SLEEP,Z,0.02305771,0.04285074
7/7/7/3/5/7/3/2/2 3 3,Z,-0.5,2,SLEEP,Z,0.0125021,0.0392569
7/7/7/3/5/7/3/2/1 3 3,Z,-0.5,4,SLEEP,Z,0.04177026,0.09983034
7/7/7/3/3/2/2/6/7 3 3,Z,-0.6111111111111111111111111111,2,SLEEP,Z,0.05374595,0.1366756
7/7/7/3/3/2/2/5/7 3 3,Z,-0.5,4,SLEEP,Z,0.04054512,0.1018958
7/7/7/3/3/2/2/3/7 3 3,X,-0.5,2,SLEEP,Z,0.03306587,0.1301329
7/7/7/3/3/2/2/7/6 3 3,X,-0.6428571428571428571428571429,4,SLEEP,Z,0.03451646,0.1016337
7/7/7/3/3/2/2/7/5 3 3,Z,-0.5,2,SLEEP,Z,0,0
7/7/7/3/3/2/2/7/3 3 3,Z,-0.5,2,SLEEP,Z,0.01156071,0.02722293
7/7/7/3/3/2/6/2/7 3 3,X,-0.6428571428571428571428571429,4,SLEEP,Z,0.07534539,0.1286483
7/7/7/3/3/2/6/6/6 3 3,X,-0.7857142857142857142857142857,4,SLEEP,Z,0.06048596,0.1606357
7/7/7/3/3/2/6/6/5 3 3,X,-0.6428571428571428571428571429,4,SLEEP,Z,0.05096108,0.1337102
7/7/7/3/3/2/6/6/3 3 3,X,0.75,4,SLEEP,Z,0.05810368,0.1482947
7/7/7/3/3/2/6/5/6 3 3,X,-0.7857142857142857142857142857,4,SLEEP,Z,0.03661959,0.1026642
7/7/7/3/3/2/6/5/5 3 3,X,-0.6428571428571428571428571429,2,SLEEP,Z,0.01716623,0.04772202
7/7/7/3/3/2/6/5/3 3 3,X,0.75,2,SLEEP,Z,0.02378101,0.03875771
7/7/7/3/3/2/6/3/6 3 3,X,-0.7857142857142857142857142857,4,SLEEP,Z,0.04956674,0.1459743
7/7/7/3/3/2/6/3/5 3 3,X,-0.6428571428571428571428571429,2,SLEEP,Z,0.04745865,0.07370613
7/7/7/3/3/2/6/3/3 3 3,X,0.75,2,SLEEP,Z,0.01660104,0.02846113
7/7/7/3/3/2/6/7/4 3 3,X,-0.7857142857142857142857142857,4,SLEEP,Z,0.04109795,0.1398263
7/7/7/3/3/2/6/7/2 3 3,X,-0.6428571428571428571428571429,2,SLEEP,Z,0.02666507,0.07791324
7/7/7/3/3/2/6/7/1 3 3,X,0.75,2,SLEEP,Z,0.02862435,0.08784695
7/7/7/3/3/2/5/2/7 3 3,Z,-0.5,2,SLEEP,Z,0.05782003,0.06435905
7/7/7/3/3/2/5/6/6 3 3,X,-0.6428571428571428571428571429,4,SLEEP,Z,0.06130852,0.1669069
7/7/7/3/3/2/5/6/5 3 3,Z,-0.6111111111111111111111111111,4,SLEEP,Z,0.05021302,0.1463345
7/7/7/3/3/2/5/6/3 3 3,Z,-0.6111111111111111111111111111,2,SLEEP,Z,0.03863269,0.1060884
7/7/7/3/3/2/5/5/6 3 3,X,-0.6428571428571428571428571429,4,SLEEP,Z,0.04641155,0.1369099
7/7/7/3/3/2/5/5/5 3 3,Z,-0.5,2,SLEEP,Z,0.02942723,0.08370602
7/7/7/3/3/2/5/5/3 3 3,Z,-0.5,2,SLEEP,Z,0.02315307,0.05471378
7/7/7/3/3/2/5/3/6 3 3,X,-0.6428571428571428571428571429,4,SLEEP,Z,0.06869038,0.3717764
7/7/7/3/3/2/5/3/5 3 3,X,-0.5,4,SLEEP,Z,0.01891303,0.04052107
7/7/7/3/3/2/5/3/3 3 3,Z,-0.5,2,SLEEP,Z,0,0
7/7/7/3/3/2/5/7/4 3 3,X,-0.6428571428571428571428571429,4,SLEEP,Z,0.04150957,0.1360579
7/7/7/3/3/2/5/7/2 3 3,Z,-0.5,2,SLEEP,Z,0.08893619,0.3142678
7/7/7/3/3/2/5/7/1 3 3,Z,-0.5,2,SLEEP,Z,0.01393652,0.03258844
7/7/7/3/3/2/3/2/7 3 3,Z,-0.5,2,SLEEP,Z,0.02096664,0.0604162
7/7/7/3/3/2/3/6/6 3 3,X,-0.75,2,SLEEP,Z,0.08416267,0.1772659
7/7/7/3/3/2/3/6/5 3 3,Z,-0.6111111111111111111111111111,4,SLEEP,Z,0.07300546,0.2045716
7/7/7/3/3/2/3/6/3 3 3,Z,-0.6111111111111111111111111111,4,SLEEP,Z,0.03630437,0.1316913
7/7/7/3/3/2/3/5/6 3 3,X,-0.75,2,SLEEP,Z,0.02546107,0.06291319
7/7/7/3/3/2/3/5/5 3 3,Z,-0.5,4,SLEEP,Z,0.02587895,0.0711353
7/7/7/3/3/2/3/5/3 3 3,Z,-0.5,2,SLEEP,Z,0,0
7/7/7/3/3/2/3/3/6 3 3,X,-0.75,2,SLEEP,Z,0.04778279,0.1023542
7/7/7/3/3/2/3/3/5 3 3,X,-0.5,2,SLEEP,Z,0.09248541,0.3825181
7/7/7/3/3/2/3/3/3 3 3,Z,-0.5,2,SLEEP,Z,0.009384491,0.03369718
7/7/7/3/3/2/3/7/4 3 3,X,-0.75,2,SLEEP,Z,0.02046461,0.05944723
7/7/7/3/3/2/3/7/2 3 3,Z,-0.5,2,SLEEP,Z,0,0
7/7/7/3/3/2/3/7/1 3 3,Z,-0.5,2,SLEEP,Z,0.02421754,0.05398665
7/7/7/3/3/2/7/2/6 3 3,X,-0.6428571428571428571428571428,4,SLEEP,Z,0.04711181,0.1255264
7/7/7/3/3/2/7/2/5 3 3,Z,-0.5,4,SLEEP,Z,0.04515888,0.09948198
7/7/7/3/3/2/7/2/3 3 3,Z,-0.5,2,SLEEP,Z,0.01845916,0.04945132
7/7/7/3/3/2/7/6/4 3 3,X,-0.6428571428571428571428571428,4,SLEEP,Z,0.04935814,0.1444961
7/7/7/3/3/2/7/6/2 3 3,Z,-0.6111111111111111111111111111,4,SLEEP,Z,0.05479631,0.1654052
7/7/7/3/3/2/7/6/1 3 3,Z,-0.6111111111111111111111111111,4,SLEEP,Z,0.07904699,0.2310011
7/7/7/3/3/2/7/5/4 3 3,X,-0.6428571428571428571428571428,4,SLEEP,Z,0.04035384,0.1071997
7/7/7/3/3/2/7/5/2 3 3,Z,-0.5,2,SLEEP,Z,0.02241907,0.06211841
7/7/7/3/3/2/7/5/1 3 3,Z,-0.5,2,SLEEP,Z,0.01229698,0.03727166
7/7/7/3/3/2/7/3/4 3 3,X,-0.6428571428571428571428571428,2,SLEEP,Z,0.1232932,0.3304359
7/7/7/3/3/2/7/3/2 3 3,X,-0.5,2,SLEEP,Z,0,0
7/7/7/3/3/2/7/3/1 3 3,Z,-0.5,2,SLEEP,Z,0,0
7/7/7/3/3/6/2/2/7 3 3,Z,-0.6111111111111111111111111111,2,SLEEP,Z,0.06446034,0.137629
7/7/7/3/3/6/2/6/6 3 3,Z,-0.7222222222222222222222222222,4,SLEEP,Z,0.05932392,0.2029251
7/7/7/3/3/6/2/6/5 3 3,Z,-0.7222222222222222222222222222,6,SLEEP,Z,0.06437813,0.2000074
7/7/7/3/3/6/2/6/3 3 3,Z,-0.7222222222222222222222222222,6,SLEEP,Z,0.1115242,0.29804
7/7/7/3/3/6/2/5/6 3 3,X,-0.6428571428571428571428571429,4,SLEEP,Z,0.03492012,0.107513
7/7/7/3/3/6/2/5/5 3 3,Z,-0.6111111111111111111111111111,2,SLEEP,Z,0.03252789,0.1332548
7/7/7/3/3/6/2/5/3 3 3,Z,-0.6111111111111111111111111111,2,SLEEP,Z,0.02389047,0.07114282
7/7/7/3/3/6/2/3/6 3 3,Z,0.7,4,SLEEP,Z,0.03786753,0.09404834
7/7/7/3/3/6/2/3/5 3 3,Z,0.7,2,SLEEP,Z,0,0
7/7/7/3/3/6/2/3/3 3 3,Z,0.7,2,SLEEP,Z,0.008362867,0.02793302
7/7/7/3/3/6/2/7/4 3 3,X,-0.6428571428571428571428571429,2,SLEEP,Z,0.04073771,0.1076712
7/7/7/3/3/6/2/7/2 3 3,Z,-0.6111111111111111111111111111,2,SLEEP,Z,0.04379726,0.1413191
7/7/7/3/3/6/2/7/1 3 3,Z,-0.6111111111111111111111111111,2,SLEEP,Z,0.01958921,0.06096831
7/7/7/3/3/6/6/2/6 3 3,X,-0.7857142857142857142857142857,4,SLEEP,Z,0.04066849,0.1208365
7/7/7/3/3/6/6/2/5 3 3,X,-0.6428571428571428571428571429,2,SLEEP,Z,0.01296035,0.04454079
7/7/7/3/3/6/6/2/3 3 3,X,0.8333333333333333333333333333,2,SLEEP,Z,0.03476899,0.0766926
7/7/7/3/3/6/6/6/4 3 3,X,-0.7857142857142857142857142857,4,SLEEP,Z,0.07931216,0.2317019
7/7/7/3/3/6/6/6/2 3 3,Z,-0.7222222222222222222222222222,4,SLEEP,Z,0.06163447,0.194166
7/7/7/3/3/6/6/6/1 3 3,X,0.8333333333333333333333333333,4,SLEEP,Z,0.04182651,0.1381652
7/7/7/3/3/6/6/5/4 3 3,X,-0.7857142857142857142857142857,4,SLEEP,Z,0.1530136,0.365657
7/7/7/3/3/6/6/5/2 3 3,X,-0.6428571428571428571428571429,4,SLEEP,Z,0.08946807,0.3062306
7/7/7/3/3/6/6/5/1 3 3,X,0.8333333333333333333333333333,2,SLEEP,Z,0.0211983,0.07017121
7/7/7/3/3/6/6/3/4 3 3,X,-0.7857142857142857142857142857,2,SLEEP,Z,0.02399779,0.05659928
7/7/7/3/3/6/6/3/2 3 3,Z,0.7,2,SLEEP,Z,0,0
7/7/7/3/3/6/6/3/1 3 3,X,0.8333333333333333333333333333,2,SLEEP,Z,0.03824487,0.141017
7/7/7/3/3/6/5/2/6 3 3,X,-0.6428571428571428571428571429,4,SLEEP,Z,0.1194052,0.3672431
7/7/7/3/3/6/5/2/5 3 3,Z,-0.6111111111111111111111111111,2,SLEEP,Z,0.03730307,0.1148022
7/7/7/3/3/6/5/2/3 3 3,Z,-0.6111111111111111111111111111,4,SLEEP,Z,0.06720427,0.1874113
7/7/7/3/3/6/5/6/4 3 3,Z,-0.7222222222222222222222222222,4,SLEEP,Z,0.06447814,0.1942504
7/7/7/3/3/6/5/6/2 3 3,Z,-0.7222222222222222222222222222,4,SLEEP,Z,0.0425613,0.1348978
7/7/7/3/3/6/5/6/1 3 3,Z,-0.7222222222222222222222222222,2,SLEEP,Z,0.01935727,0.0632326
7/7/7/3/3/6/5/5/4 3 3,X,-0.6428571428571428571428571429,2,SLEEP,Z,0.02832091,0.09472885
7/7/7/3/3/6/5/5/2 3 3,Z,-0.6111111111111111111111111111,2,SLEEP,Z,0.02453976,0.08073939
7/7/7/3/3/6/5/5/1 3 3,Z,-0.6111111111111111111111111111,2,SLEEP,Z,0.02673732,0.07455412
7/7/7/3/3/6/5/3/4 3 3,Z,0.7,2,SLEEP,Z,0.0286736,0.06289022
7/7/7/3/3/6/5/3/2 3 3,Z,0.7,2,SLEEP,Z,0.01382132,0.04454538
7/7/7/3/3/6/5/3/1 3 3,Z,0.7,2,SLEEP,Z,0.03483891,0.07632639
7/7/7/3/3/6/3/2/6 3 3,X,-0.8333333333333333333333333333,2,SLEEP,Z,0.0220139,0.06904233
7/7/7/3/3/6/3/2/5 3 3,Z,-0.6111111111111111111111111111,4,SLEEP,Z,0.02090115,0.05881539
7/7/7/3/3/6/3/2/3 3 3,Z,-0.6111111111111111111111111111,2,SLEEP,Z,0.01988463,0.05094165
7/7/7/3/3/6/3/6/4 3 3,X,-0.8333333333333333333333333333,4,SLEEP,Z,0.1254385,0.3794606
7/7/7/3/3/6/3/6/2 3 3,Z,-0.7222222222222222222222222222,4,SLEEP,Z,0.07134337,0.219485
7/7/7/3/3/6/3/6/1 3 3,Z,-0.7222222222222222222222222222,4,SLEEP,Z,0.05370215,0.1672967
7/7/7/3/3/6/3/5/4 3 3,X,-0.8333333333333333333333333333,4,SLEEP,Z,0.1419237,0.3795425
7/7/7/3/3/6/3/5/2 3 3,Z,-0.6111111111111111111111111111,2,SLEEP,Z,0.02631164,0.08066259
7/7/7/3/3/6/3/5/1 3 3,Z,-0.6111111111111111111111111111,2,SLEEP,Z,0.02298117,0.07881987
7/7/7/3/3/6/3/3/4 3 3,X,-0.8333333333333333333333333333,2,SLEEP,Z,0.08388871,0.1711901
7/7/7/3/3/6/3/3/2 3 3,Z,0.7,2,SLEEP,Z,0,0
7/7/7/3/3/6/3/3/1 3 3,Z,0.7,2,SLEEP,Z,0.01535878,0.03991579
7/7/7/3/3/6/7/2/4 3 3,X,-0.6428571428571428571428571429,2,SLEEP,Z,0.02630267,0.08173752
7/7/7/3/3/6/7/2/2 3 3,Z,-0.6111111111111111111111111111,2,SLEEP,Z,0.04913086,0.1708673
7/7/7/3/3/6/7/2/1 3 3,Z,-0.6111111111111111111111111111,2,SLEEP,Z,0.02658719,0.09564718
7/7/7/3/3/5/2/2/7 3 3,Z,-0.5,2,SLEEP,Z,0.01484871,0.04432429
7/7/7/3/3/5/2/6/6 3 3,X,-0.6428571428571428571428571429,4,SLEEP,Z,0.04125895,0.1086593
7/7/7/3/3/5/2/6/5 3 3,Z,-0.6111111111111111111111111111,2,SLEEP,Z,0.02373746,0.07298583
7/7/7/3/3/5/2/6/3 3 3,Z,-0.6111111111111111111111111111,2,SLEEP,Z,0.04220395,0.1397388
7/7/7/3/3/5/2/5/6 3 3,X,-0.6428571428571428571428571429,4,SLEEP,Z,0.028979,0.07335845
7/7/7/3/3/5/2/5/5 3 3,Z,-0.5,2,SLEEP,Z,0.02939003,0.08301231
7/7/7/3/3/5/2/5/3 3 3,Z,-0.5,4,SLEEP,Z,0.05785957,0.3154771
7/7/7/3/3/5/2/3/6 3 3,X,-0.6428571428571428571428571429,2,SLEEP,Z,0.01882533,0.04767694
7/7/7/3/3/5/2/3/5 3 3,X,-0.5,2,SLEEP,Z,0.02561441,0.07156367
7/7/7/3/3/5/2/3/3 3 3,X,0.5,2,SLEEP,Z,0.00771439,0.02811486
7/7/7/3/3/5/2/7/4 3 3,X,-0.6428571428571428571428571429,2,SLEEP,Z,0.01784366,0.05350464
7/7/7/3/3/5/2/7/2 3 3,Z,-0.5,2,SLEEP,Z,0,0
7/7/7/3/3/5/2/7/1 3 3,Z,-0.5,2,SLEEP,Z,0.01519679,0.0411179
7/7/7/3/3/5/6/2/6 3 3,X,-0.7857142857142857142857142857,2,SLEEP,Z,0.03652477,0.1039565
7/7/7/3/3/5/6/2/5 3 3,X,-0.6428571428571428571428571429,2,SLEEP,Z,0.1047561,0.2080589
7/7/7/3/3/5/6/2/3 3 3,X,0.8333333333333333333333333333,2,SLEEP,Z,0.01831016,0.02795733
7/7/7/3/3/5/6/6/4 3 3,X,-0.7857142857142857142857142857,2,SLEEP,Z,0.04751229,0.1385875
7/7/7/3/3/5/6/6/2 3 3,X,-0.6428571428571428571428571429,4,SLEEP,Z,0.1215418,0.2442251
7/7/7/3/3/5/6/6/1 3 3,X,0.8333333333333333333333333333,4,SLEEP,Z,0.0348378,0.1160808
7/7/7/3/3/5/6/5/4 3 3,X,-0.7857142857142857142857142857,6,SLEEP,Z,0.1497981,0.355006
7/7/7/3/3/5/6/5/2 3 3,X,-0.6428571428571428571428571429,2,SLEEP,Z,0.01503373,0.03736768
7/7/7/3/3/5/6/5/1 3 3,X,0.8333333333333333333333333333,2,SLEEP,Z,0.01444862,0.04484173
7/7/7/3/3/5/6/3/4 3 3,X,-0.7857142857142857142857142857,4,SLEEP,Z,0.07038584,0.1654884
7/7/7/3/3/5/6/3/2 3 3,X,-0.6428571428571428571428571429,2,SLEEP,Z,0,0
7/7/7/3/3/5/6/3/1 3 3,X,0.8333333333333333333333333333,2,SLEEP,Z,0.02849304,0.05496477
7/7/7/3/3/5/5/2/6 3 3,X,-0.6428571428571428571428571429,4,SLEEP,Z,0.0199348,0.0679945
7/7/7/3/3/5/5/2/5 3 3,Z,-0.5,2,SLEEP,Z,0.02122542,0.06580183
7/7/7/3/3/5/5/2/3 3 3,Z,-0.5,2,SLEEP,Z,0,0
7/7/7/3/3/5/5/6/4 3 3,X,-0.6428571428571428571428571429,2,SLEEP,Z,0.02277783,0.07483026
7/7/7/3/3/5/5/6/2 3 3,Z,-0.6111111111111111111111111111,2,SLEEP,Z,0.018419,0.06598018
7/7/7/3/3/5/5/6/1 3 3,Z,-0.6111111111111111111111111111,4,SLEEP,Z,0.05196407,0.1655085
7/7/7/3/3/5/5/5/4 3 3,X,-0.6428571428571428571428571429,2,SLEEP,Z,0.03108154,0.1091666
7/7/7/3/3/5/5/5/2 3 3,Z,-0.5,4,SLEEP,Z,0.025936,0.0951423
7/7/7/3/3/5/5/5/1 3 3,Z,-0.5,2,SLEEP,Z,0.0267674,0.0360308
7/7/7/3/3/5/5/3/4 3 3,X,-0.6428571428571428571428571429,2,SLEEP,Z,0.02490487,0.06632346
7/7/7/3/3/5/5/3/2 3 3,X,-0.5,2,SLEEP,Z,0.0128404,0.04163827
7/7/7/3/3/5/5/3/1 3 3,Z,-0.5,2,SLEEP,Z,0,0
7/7/7/3/3/5/3/2/6 3 3,X,-0.8333333333333333333333333333,2,SLEEP,Z,0.03003075,0.09413926
7/7/7/3/3/5/3/2/5 3 3,Z,-0.5,2,SLEEP,Z,0.02223858,0.04819205
7/7/7/3/3/5/3/2/3 3 3,Z,-0.5,2,SLEEP,Z,0.01016089,0.03668699
7/7/7/3/3/5/3/6/4 3 3,X,-0.8333333333333333333333333333,2,SLEEP,Z,0.008400393,0.0284924
7/7/7/3/3/5/3/6/2 3 3,Z,-0.6111111111111111111111111111,2,SLEEP,Z,0.02948625,0.09889615
7/7/7/3/3/5/3/6/1 3 3,Z,-0.6111111111111111111111111111,2,SLEEP,Z,0.01982183,0.0712781
7/7/7/3/3/5/3/5/4 3 3,X,-0.8333333333333333333333333333,2,SLEEP,Z,0.01470184,0.05556963
7/7/7/3/3/5/3/5/2 3 3,Z,-0.5,2,SLEEP,Z,0.0747491,0.1269835
7/7/7/3/3/5/3/5/1 3 3,Z,-0.5,2,SLEEP,Z,0.009817683,0.03800944
7/7/7/3/3/5/3/3/4 3 3,X,-0.8333333333333333333333333333,2,SLEEP,Z,0,0
7/7/7/3/3/5/3/3/2 3 3,X,-0.5,2,SLEEP,Z,0,0
7/7/7/3/3/5/3/3/1 3 3,Z,-0.5,2,SLEEP,Z,0.01459198,0.05649378
7/7/7/3/3/5/7/2/4 3 3,X,-0.6428571428571428571428571429,4,SLEEP,Z,0.04171129,0.1119944
7/7/7/3/3/5/7/2/2 3 3,Z,-0.5,2,SLEEP,Z,0.008259498,0.02539356
7/7/7/3/3/5/7/2/1 3 3,Z,-0.5,2,SLEEP,Z,0,0
7/7/7/3/3/3/2/2/7 3 3,X,-0.5,4,SLEEP,Z,0.03064753,0.08059275
7/7/7/3/3/3/2/6/6 3 3,Z,-0.7,4,SLEEP,Z,0.1159187,0.206678
7/7/7/3/3/3/2/6/5 3 3,Z,-0.7,4,SLEEP,Z,0.02973092,0.0662564
7/7/7/3/3/3/2/6/3 3 3,Z,-0.7,6,SLEEP,Z,0.0278709,0.07111403
7/7/7/3/3/3/2/5/6 3 3,X,-0.6428571428571428571428571429,2,SLEEP,Z,0.05236047,0.1093793
7/7/7/3/3/3/2/5/5 3 3,X,-0.5,2,SLEEP,Z,0,0
7/7/7/3/3/3/2/5/3 3 3,Z,-0.5,2,SLEEP,Z,0.02861173,0.02944442
7/7/7/3/3/3/2/3/6 3 3,X,-0.6428571428571428571428571429,2,SLEEP,Z,0.02356953,0.06680341
7/7/7/3/3/3/2/3/5 3 3,X,-0.5,2,SLEEP,Z,0,0
7/7/7/3/3/3/2/3/3 3 3,X,0.5,2,SLEEP,Z,0,0
7/7/7/3/3/3/2/7/4 3 3,X,-0.6428571428571428571428571429,4,SLEEP,Z,0.06480557,0.1271307
7/7/7/3/3/3/2/7/2 3 3,X,-0.5,2,SLEEP,Z,0.01463957,0.03941887
7/7/7/3/3/3/2/7/1 3 3,Z,-0.5,2,SLEEP,Z,0,0
7/7/7/3/3/3/6/2/6 3 3,X,-0.7857142857142857142857142857,4,SLEEP,Z,0.04848083,0.1222255
7/7/7/3/3/3/6/2/5 3 3,X,-0.6428571428571428571428571429,2,SLEEP,Z,0,0
7/7/7/3/3/3/6/2/3 3 3,X,0.8333333333333333333333333333,2,SLEEP,Z,0,0
7/7/7/3/3/3/6/6/4 3 3,X,-0.7857142857142857142857142857,4,SLEEP,Z,0.07030718,0.1796009
7/7/7/3/3/3/6/6/2 3 3,Z,-0.7,4,SLEEP,Z,0.08777767,0.2559933
7/7/7/3/3/3/6/6/1 3 3,X,0.8333333333333333333333333333,2,SLEEP,Z,0.03477969,0.09907568
7/7/7/3/3/3/6/5/4 3 3,X,-0.7857142857142857142857142857,2,SLEEP,Z,0.03665801,0.1206689
7/7/7/3/3/3/6/5/2 3 3,X,-0.6428571428571428571428571429,2,SLEEP,Z,0.03911145,0.1333222
7/7/7/3/3/3/6/5/1 3 3,X,0.8333333333333333333333333333,2,SLEEP,Z,0,0
7/7/7/3/3/3/6/3/4 3 3,X,-0.7857142857142857142857142857,4,SLEEP,Z,0.1521306,0.3512559
7/7/7/3/3/3/6/3/2 3 3,X,-0.6428571428571428571428571429,2,SLEEP,Z,0.01648554,0.0351097
7/7/7/3/3/3/6/3/1 3 3,X,0.8333333333333333333333333333,2,SLEEP,Z,0,0
7/7/7/3/3/3/5/2/6 3 3,X,-0.6428571428571428571428571429,2,SLEEP,Z,0.01527495,0.04300066
7/7/7/3/3/3/5/2/5 3 3,X,-0.5,2,SLEEP,Z,0,0
7/7/7/3/3/3/5/2/3 3 3,Z,-0.5,2,SLEEP,Z,0,0
7/7/7/3/3/3/5/6/4 3 3,Z,-0.7,2,SLEEP,Z,0.0297114,0.07952327
7/7/7/3/3/3/5/6/2 3 3,Z,-0.7,2,SLEEP,Z,0.06591375,0.1110729
7/7/7/3/3/3/5/6/1 3 3,Z,-0.7,2,SLEEP,Z,0,0
7/7/7/3/3/3/5/5/4 3 3,X,-0.6428571428571428571428571429,2,SLEEP,Z,0.02205561,0.05381705
7/7/7/3/3/3/5/5/2 3 3,X,-0.5,2,SLEEP,Z,0.03615146,0.07594988
7/7/7/3/3/3/5/5/1 3 3,Z,-0.5,2,SLEEP,Z,0.03100758,0.03565615
7/7/7/3/3/3/5/3/4 3 3,X,-0.6428571428571428571428571429,2,SLEEP,Z,0.01741209,0.04767746
7/7/7/3/3/3/5/3/2 3 3,X,-0.5,2,SLEEP,Z,0.01689131,0.05421825
7/7/7/3/3/3/5/3/1 3 3,Z,-0.5,2,SLEEP,Z,0,0
7/7/7/3/3/3/3/2/6 3 3,X,-0.8333333333333333333333333333,2,SLEEP,Z,0.01103752,0.02106708
7/7/7/3/3/3/3/2/5 3 3,Z,-0.5,2,SLEEP,Z,0,0
7/7/7/3/3/3/3/2/3 3 3,Z,-0.5,2,SLEEP,Z,0.03013489,0.03560388
7/7/7/3/3/3/3/6/4 3 3,X,-0.8333333333333333333333333333,4,SLEEP,Z,0.03622198,0.1035275
7/7/7/3/3/3/3/6/2 3 3,Z,-0.7,2,SLEEP,Z,0.02710332,0.06673875
7/7/7/3/3/3/3/6/1 3 3,Z,-0.7,2,SLEEP,Z,0.02610995,0.08080755
7/7/7/3/3/3/3/5/4 3 3,X,-0.8333333333333333333333333333,2,SLEEP,Z,0.01798755,0.05321732
7/7/7/3/3/3/3/5/2 3 3,Z,-0.5,2,SLEEP,Z,0.007742734,0.02105332
7/7/7/3/3/3/3/5/1 3 3,Z,-0.5,2,SLEEP,Z,0.006635232,0.02605288
7/7/7/3/3/3/3/3/4 3 3,X,-0.8333333333333333333333333333,2,SLEEP,Z,0,0
7/7/7/3/3/3/3/3/2 3 3,X,-0.5,2,SLEEP,Z,0,0
7/7/7/3/3/3/3/3/1 3 3,Z,-0.5,2,SLEEP,Z,0,0
7/7/7/3/3/3/7/2/4 3 3,X,-0.6428571428571428571428571429,2,SLEEP,Z,0.01736833,0.05682922
7/7/7/3/3/3/7/2/2 3 3,X,-0.5,2,SLEEP,Z,0.01687598,0.04863017
7/7/7/3/3/3/7/2/1 3 3,Z,-0.5,2,SLEEP,Z,0.09714876,0.2930999
7/7/7/3/3/7/2/2/6 3 3,X,-0.6666666666666666666666666666,2,SLEEP,Z,0.0238586,0.06382243
7/7/7/3/3/7/2/2/5 3 3,Z,-0.5,2,SLEEP,Z,0.01824748,0.0546582
7/7/7/3/3/7/2/2/3 3 3,X,0.6666666666666666666666666666,2,SLEEP,Z,0.01286653,0.03865163
7/7/7/3/3/7/2/6/4 3 3,X,-0.6666666666666666666666666666,2,SLEEP,Z,0.02680773,0.06937715
7/7/7/3/3/7/2/6/2 3 3,Z,-0.6111111111111111111111111111,2,SLEEP,Z,0.03581582,0.1129327
7/7/7/3/3/7/2/6/1 3 3,X,0.6666666666666666666666666666,4,SLEEP,Z,0.1571814,0.3484825
7/7/7/3/3/7/2/5/4 3 3,X,-0.6666666666666666666666666666,2,SLEEP,Z,0.04694636,0.06150472
7/7/7/3/3/7/2/5/2 3 3,Z,-0.5,2,SLEEP,Z,0.02250854,0.02748151
7/7/7/3/3/7/2/5/1 3 3,X,0.6666666666666666666666666666,2,SLEEP,Z,0,0
7/7/7/3/3/7/2/3/4 3 3,X,-0.6666666666666666666666666666,2,SLEEP,Z,0.01938771,0.05753778
7/7/7/3/3/7/2/3/2 3 3,X,-0.5,2,SLEEP,Z,0.04489475,0.08138335
7/7/7/3/3/7/2/3/1 3 3,X,0.6666666666666666666666666666,2,SLEEP,Z,0,0
7/7/7/3/3/7/6/2/4 3 3,X,-0.7857142857142857142857142857,4,SLEEP,Z,0.0630449,0.1654087
7/7/7/3/3/7/6/2/2 3 3,X,-0.6428571428571428571428571429,2,SLEEP,Z,0,0
7/7/7/3/3/7/5/2/4 3 3,X,-0.6428571428571428571428571429,2,SLEEP,Z,0.01847336,0.06397192
7/7/7/3/3/7/5/2/2 3 3,Z,-0.5,4,SLEEP,Z,0.04564334,0.1738181
7/7/7/3/3/7/5/2/1 3 3,Z,-0.5,2,SLEEP,Z,0.01375713,0.04178536
7/7/7/3/3/7/3/2/2 3 3,Z,-0.5,2,SLEEP,Z,0.02586064,0.077011
7/7/7/3/3/7/3/2/1 3 3,Z,-0.5,2,SLEEP,Z,0.01663143,0.05425243
7/7/7/3/7/2/2/2/7 3 3,Z,-0.5,2,SLEEP,Z,0.0289163,0.07272137
7/7/7/3/7/2/2/6/6 3 3,Z,-0.6111111111111111111111111111,4,SLEEP,Z,0.07585303,0.1496365
7/7/7/3/7/2/2/6/5 3 3,Z,-0.6111111111111111111111111111,4,SLEEP,Z,0.06743971,0.1796104
7/7/7/3/7/2/2/6/3 3 3,Z,-0.6111111111111111111111111111,4,SLEEP,Z,0.05133274,0.1368522
7/7/7/3/7/2/2/5/6 3 3,Z,-0.5,4,SLEEP,Z,0.0367233,0.1040015
7/7/7/3/7/2/2/5/5 3 3,Z,-0.5,2,SLEEP,Z,0,0
7/7/7/3/7/2/2/5/3 3 3,Z,-0.5,2,SLEEP,Z,0,0
7/7/7/3/7/2/2/3/6 3 3,X,-0.5,2,SLEEP,Z,0.02072283,0.05483485
7/7/7/3/7/2/2/3/5 3 3,Z,-0.5,2,SLEEP,Z,0,0
7/7/7/3/7/2/2/3/3 3 3,X,0.5,2,SLEEP,Z,0.02775507,0.03352437
7/7/7/3/7/2/2/7/4 3 3,Z,-0.5,2,SLEEP,Z,0.01335036,0.04446451
7/7/7/3/7/2/2/7/2 3 3,Z,-0.5,2,SLEEP,Z,0,0
7/7/7/3/7/2/2/7/1 3 3,Z,-0.5,2,SLEEP,Z,0.01136091,0.02692137
7/7/7/3/7/2/6/2/6 3 3,Z,-0.5,2,SLEEP,Z,0.0169411,0.04590724
7/7/7/3/7/2/6/2/5 3 3,Z,-0.5,2,SLEEP,Z,0.0178429,0.0467343
7/7/7/3/7/2/6/2/3 3 3,X,0.8333333333333333333333333333,2,SLEEP,Z,0.02954303,0.07799684
7/7/7/3/7/2/6/6/4 3 3,Z,-0.6111111111111111111111111111,4,SLEEP,Z,0.0588757,0.1817748
7/7/7/3/7/2/6/6/2 3 3,Z,-0.6111111111111111111111111111,2,SLEEP,Z,0.01568999,0.04133588
7/7/7/3/7/2/6/6/1 3 3,X,0.8333333333333333333333333333,4,SLEEP,Z,0.02775546,0.07653534
7/7/7/3/7/2/6/5/4 3 3,Z,-0.5,2,SLEEP,Z,0.01855911,0.05371828
7/7/7/3/7/2/6/5/2 3 3,Z,-0.5,2,SLEEP,Z,0.01953,0.05577142
7/7/7/3/7/2/6/5/1 3 3,X,0.8333333333333333333333333333,2,SLEEP,Z,0.02147907,0.06417063
7/7/7/3/7/2/6/3/4 3 3,Z,-0.5,2,SLEEP,Z,0.00606256,0.02187672
7/7/7/3/7/2/6/3/2 3 3,X,0.5,2,SLEEP,Z,0.01152728,0.02447163
7/7/7/3/7/2/6/3/1 3 3,X,0.8333333333333333333333333333,2,SLEEP,Z,0,0
7/7/7/3/7/2/5/2/6 3 3,Z,-0.5,2,SLEEP,Z,0,0
7/7/7/3/7/2/5/2/5 3 3,Z,-0.5,2,SLEEP,Z,0.01477868,0.03036458
7/7/7/3/7/2/5/2/3 3 3,Z,-0.5,2,SLEEP,Z,0.01982695,0.05008254
7/7/7/3/7/2/5/6/4 3 3,Z,-0.6111111111111111111111111111,2,SLEEP,Z,0.04021696,0.1002034
7/7/7/3/7/2/5/6/2 3 3,Z,-0.6111111111111111111111111111,4,SLEEP,Z,0.05418563,0.1277343
7/7/7/3/7/2/5/6/1 3 3,Z,-0.6111111111111111111111111111,4,SLEEP,Z,0.1302215,0.3084724
7/7/7/3/7/2/5/5/4 3 3,Z,-0.5,2,SLEEP,Z,0.007180813,0.0403722
7/7/7/3/7/2/5/5/2 3 3,Z,-0.5,2,SLEEP,Z,0.01410776,0.03984818
7/7/7/3/7/2/5/5/1 3 3,Z,-0.5,2,SLEEP,Z,0.03507974,0.03940556
7/7/7/3/7/2/5/3/4 3 3,Z,-0.5,2,SLEEP,Z,0.01554816,0.03476447
7/7/7/3/7/2/5/3/2 3 3,Z,-0.5,2,SLEEP,Z,0.0194931,0.02077489
7/7/7/3/7/2/5/3/1 3 3,Z,-0.5,2,SLEEP,Z,0,0
7/7/7/3/7/2/3/2/6 3 3,X,-0.8333333333333333333333333333,2,SLEEP,Z,0.01289303,0.02464167
7/7/7/3/7/2/3/2/5 3 3,Z,-0.5,2,SLEEP,Z,0,0
7/7/7/3/7/2/3/2/3 3 3,Z,-0.5,2,SLEEP,Z,0.0105393,0.03008029
7/7/7/3/7/2/3/6/4 3 3,X,-0.8333333333333333333333333333,2,SLEEP,Z,0.03514866,0.09948158
7/7/7/3/7/2/3/6/2 3 3,Z,-0.6111111111111111111111111111,2,SLEEP,Z,0.04912038,0.140003
7/7/7/3/7/2/3/6/1 3 3,Z,-0.6111111111111111111111111111,4,SLEEP,Z,0.1403311,0.2944382
7/7/7/3/7/2/3/5/4 3 3,X,-0.8333333333333333333333333333,2,SLEEP,Z,0.02705632,0.07564075
7/7/7/3/7/2/3/5/2 3 3,Z,-0.5,2,SLEEP,Z,0,0
7/7/7/3/7/2/3/5/1 3 3,Z,-0.5,2,SLEEP,Z,0.01536773,0.05481876
7/7/7/3/7/2/3/3/4 3 3,X,-0.8333333333333333333333333333,2,SLEEP,Z,0.0107858,0.02475568
7/7/7/3/7/2/3/3/2 3 3,X,-0.5,2,SLEEP,Z,0,0
7/7/7/3/7/2/3/3/1 3 3,Z,-0.5,2,SLEEP,Z,0,0
7/7/7/3/7/2/7/2/4 3 3,Z,-0.5,2,SLEEP,Z,0,0
7/7/7/3/7/2/7/2/2 3 3,Z,-0.5,2,SLEEP,Z,0,0
7/7/7/3/7/2/7/2/1 3 3,Z,-0.5,2,SLEEP,Z,0,0
7/7/7/3/7/6/2/2/6 3 3,X,-0.6666666666666666666666666666,2,SLEEP,Z,0.02086331,0.05758796
7/7/7/3/7/6/2/2/5 3 3,Z,-0.6111111111111111111111111111,2,SLEEP,Z,0.01400147,0.04221982
7/7/7/3/7/6/2/2/3 3 3,X,0.6666666666666666666666666666,2,SLEEP,Z,0.01154765,0.03426221
7/7/7/3/7/6/2/6/4 3 3,Z,-0.7222222222222222222222222222,2,SLEEP,Z,0.03184331,0.1213194
7/7/7/3/7/6/2/6/2 3 3,Z,-0.7222222222222222222222222222,4,SLEEP,Z,0.06982747,0.2433635
7/7/7/3/7/6/2/6/1 3 3,Z,-0.7222222222222222222222222222,2,SLEEP,Z,0.03362514,0.1061253
7/7/7/3/7/6/2/5/4 3 3,X,-0.6666666666666666666666666666,2,SLEEP,Z,0.03626121,0.08166707
7/7/7/3/7/6/2/5/2 3 3,Z,-0.6111111111111111111111111111,2,SLEEP,Z,0.02898542,0.06277238
7/7/7/3/7/6/2/5/1 3 3,X,0.6666666666666666666666666666,2,SLEEP,Z,0.007742332,0.02762546
7/7/7/3/7/6/2/3/4 3 3,Z,0.75,2,SLEEP,Z,0.0230184,0.04291942
7/7/7/3/7/6/2/3/2 3 3,Z,0.75,2,SLEEP,Z,0,0
7/7/7/3/7/6/2/3/1 3 3,Z,0.75,2,SLEEP,Z,0.02519628,0.04596843
7/7/7/3/7/6/6/2/4 3 3,Z,-0.6111111111111111111111111111,2,SLEEP,Z,0.01070077,0.03627853
7/7/7/3/7/6/6/2/2 3 3,Z,-0.6111111111111111111111111111,2,SLEEP,Z,0.01072625,0.03371066
7/7/7/3/7/6/5/2/4 3 3,Z,-0.6111111111111111111111111111,4,SLEEP,Z,0.05361012,0.159529
7/7/7/3/7/6/5/2/2 3 3,Z,-0.6111111111111111111111111111,2,SLEEP,Z,0.007650279,0.02520679
7/7/7/3/7/6/5/2/1 3 3,Z,-0.6111111111111111111111111111,2,SLEEP,Z,0.03981661,0.115114
7/7/7/3/7/6/3/2/2 3 3,Z,-0.6111111111111111111111111111,2,SLEEP,Z,0.02452021,0.07518571
7/7/7/3/7/6/3/2/1 3 3,Z,-0.6111111111111111111111111111,2,SLEEP,Z,0.04343565,0.1171364
7/7/7/3/7/5/2/2/6 3 3,X,-0.6666666666666666666666666666,2,SLEEP,Z,0.01657761,0.05294752
7/7/7/3/7/5/2/2/5 3 3,Z,-0.5,2,SLEEP,Z,0.006972379,0.01869915
7/7/7/3/7/5/2/2/3 3 3,X,0.6666666666666666666666666666,2,SLEEP,Z,0.01231927,0.03348708
7/7/7/3/7/5/2/6/4 3 3,X,-0.6666666666666666666666666666,4,SLEEP,Z,0.0416709,0.1203031
7/7/7/3/7/5/2/6/2 3 3,Z,-0.6111111111111111111111111111,2,SLEEP,Z,0.02226321,0.07180637
7/7/7/3/7/5/2/6/1 3 3,X,0.6666666666666666666666666666,2,SLEEP,Z,0.01857513,0.05989192
7/7/7/3/7/5/2/5/4 3 3,X,-0.6666666666666666666666666666,2,SLEEP,Z,0.04025683,0.05918581
7/7/7/3/7/5/2/5/2 3 3,Z,-0.5,2,SLEEP,Z,0.008785622,0.03586446
7/7/7/3/7/5/2/5/1 3 3,X,0.6666666666666666666666666666,2,SLEEP,Z,0.01883777,0.06606038
7/7/7/3/7/5/2/3/4 3 3,X,-0.6666666666666666666666666666,2,SLEEP,Z,0,0
7/7/7/3/7/5/2/3/2 3 3,Z,-0.5,2,SLEEP,Z,0,0
7/7/7/3/7/5/2/3/1 3 3,X,0.6666666666666666666666666666,2,SLEEP,Z,0.02339008,0.04846713
7/7/7/3/7/5/6/2/4 3 3,Z,-0.5,2,SLEEP,Z,0.03133607,0.06981181
7/7/7/3/7/5/6/2/2 3 3,Z,-0.5,2,SLEEP,Z,0.07733495,0.249645
7/7/7/3/7/5/5/2/4 3 3,Z,-0.5,2,SLEEP,Z,0.02103471,0.05511097
7/7/7/3/7/5/5/2/2 3 3,Z,-0.5,2,SLEEP,Z,0.01345741,0.05796519
7/7/7/3/7/5/5/2/1 3 3,Z,-0.5,2,SLEEP,Z,0,0
7/7/7/3/7/5/3/2/2 3 3,Z,-0.5,2,SLEEP,Z,0.02732463,0.06611195
7/7/7/3/7/5/3/2/1 3 3,Z,-0.5,2,SLEEP,Z,0,0
7/7/7/3/7/3/2/2/6 3 3,X,-0.6666666666666666666666666666,2,SLEEP,Z,0.009913605,0.03016893
7/7/7/3/7/3/2/2/5 3 3,Z,-0.5,2,SLEEP,Z,0,0
7/7/7/3/7/3/2/2/3 3 3,X,0.6666666666666666666666666666,2,SLEEP,Z,0.01019667,0.02792267
7/7/7/3/7/3/2/6/4 3 3,Z,-0.75,4,SLEEP,Z,0.07362767,0.1802476
7/7/7/3/7/3/2/6/2 3 3,Z,-0.75,2,SLEEP,Z,0.02304162,0.0621173
7/7/7/3/7/3/2/6/1 3 3,Z,-0.75,2,SLEEP,Z,0.02649604,0.05846598
7/7/7/3/7/3/2/5/4 3 3,X,-0.6666666666666666666666666666,2,SLEEP,Z,0,0
7/7/7/3/7/3/2/5/2 3 3,Z,-0.5,2,SLEEP,Z,0,0
7/7/7/3/7/3/2/5/1 3 3,X,0.6666666666666666666666666666,2,SLEEP,Z,0.03472082,0.09014908
7/7/7/3/7/3/2/3/4 3 3,X,-0.6666666666666666666666666666,2,SLEEP,Z,0.01741631,0.03997654
7/7/7/3/7/3/2/3/2 3 3,Z,-0.5,2,SLEEP,Z,0,0
7/7/7/3/7/3/2/3/1 3 3,X,0.6666666666666666666666666666,2,SLEEP,Z,0,0
7/7/7/3/7/3/6/2/4 3 3,Z,-0.5,2,SLEEP,Z,0.006769198,0.02134633
7/7/7/3/7/3/6/2/2 3 3,Z,-0.5,2,SLEEP,Z,0,0
7/7/7/3/7/3/5/2/4 3 3,Z,-0.5,2,SLEEP,Z,0.02815499,0.04639105
7/7/7/3/7/3/5/2/2 3 3,Z,-0.5,2,SLEEP,Z,0,0
7/7/7/3/7/3/5/2/1 3 3,Z,-0.5,2,SLEEP,Z,0,0
7/7/7/3/7/3/3/2/2 3 3,Z,-0.5,2,SLEEP,Z,0,0
7/7/7/3/7/3/3/2/1 3 3,Z,-0.5,2,SLEEP,Z,0,0
7/7/7/3/7/7/2/2/2 3 3,Z,-0.5,2,SLEEP,Z,0,0
7/7/7/7/2/2/2/6/7 3 3,Z,0.5,4,SLEEP,Z,0.03408203,0.09496896
7/7/7/7/2/2/2/5/7 3 3,X,0,2,SLEEP,Z,0,0
7/7/7/7/2/2/2/3/7 3 3,Z,-0.5,2,SLEEP,Z,0.01539284,0.03653296
7/7/7/7/2/2/2/7/6 3 3,X,-0.4,2,SLEEP,Z,0.03701688,0.07978933
7/7/7/7/2/2/2/7/5 3 3,X,0,2,SLEEP,Z,0.01922195,0.0349536
7/7/7/7/2/2/2/7/3 3 3,X,0.4,4,SLEEP,Z,0.06335688,0.1733672
7/7/7/7/2/2/6/2/7 3 3,X,0.5,2,SLEEP,Z,0,0
7/7/7/7/2/2/6/6/6 3 3,X,-0.5714285714285714285714285714,4,SLEEP,Z,0.05505494,0.1303655
7/7/7/7/2/2/6/6/5 3 3,X,0.5,2,SLEEP,Z,0.01568339,0.04707001
7/7/7/7/2/2/6/5/6 3 3,X,-0.5714285714285714285714285714,4,SLEEP,Z,0.04463916,0.1351191
7/7/7/7/2/2/6/5/5 3 3,X,0.5,2,SLEEP,Z,0,0
7/7/7/7/2/2/6/5/3 3 3,X,0.75,2,SLEEP,Z,0,0
7/7/7/7/2/2/6/3/6 3 3,X,-0.5714285714285714285714285714,2,SLEEP,Z,0.03850231,0.1211093
7/7/7/7/2/2/6/3/5 3 3,X,0.5,4,SLEEP,Z,0.03074204,0.08768479
7/7/7/7/2/2/6/3/3 3 3,X,0.75,2,SLEEP,Z,0.02202217,0.05521296
7/7/7/7/2/2/6/7/4 3 3,X,-0.5714285714285714285714285714,2,SLEEP,Z,0.03015687,0.08565627
7/7/7/7/2/2/6/7/2 3 3,X,0.5,2,SLEEP,Z,0.02593922,0.07267395
7/7/7/7/2/2/6/7/1 3 3,X,0.75,2,SLEEP,Z,0.02286241,0.06354275
7/7/7/7/2/2/6/6/3 3 3,X,0.75,2,SLEEP,Z,0.02815546,0.06288978
7/7/7/7/2/2/5/2/7 3 3,X,0,2,SLEEP,Z,0,0
7/7/7/7/2/2/5/6/5 3 3,Z,0.5,2,SLEEP,Z,0,0
7/7/7/7/2/2/5/6/3 3 3,Z,0.5,2,SLEEP,Z,0.03489855,0.08053074
7/7/7/7/2/2/5/5/6 3 3,X,-0.2857142857142857142857142858,2,SLEEP,Z,0.039986,0.07232492
7/7/7/7/2/2/5/5/5 3 3,X,0,2,SLEEP,Z,0.02176108,0.02155891
7/7/7/7/2/2/5/5/3 3 3,X,0.2857142857142857142857142858,6,SLEEP,Z,0.02860367,0.08972487
7/7/7/7/2/2/5/3/6 3 3,Z,-0.5,4,SLEEP,Z,0.02284819,0.06105351
7/7/7/7/2/2/5/3/5 3 3,Z,-0.5,2,SLEEP,Z,0.02808073,0.05815372
7/7/7/7/2/2/5/3/3 3 3,Z,-0.5,2,SLEEP,Z,0.03206615,0.1074928
7/7/7/7/2/2/5/6/6 3 3,Z,0.5,2,SLEEP,Z,0.04509495,0.09003828
7/7/7/7/2/2/5/7/4 3 3,X,-0.2857142857142857142857142858,2,SLEEP,Z,0,0
7/7/7/7/2/2/5/7/2 3 3,X,0,2,SLEEP,Z,0,0
7/7/7/7/2/2/5/7/1 3 3,X,0.2857142857142857142857142858,4,SLEEP,Z,0.02429404,0.07402296
7/7/7/7/2/2/3/2/7 3 3,X,-0.5,2,SLEEP,Z,0.02443726,0.06533708
7/7/7/7/2/2/3/6/6 3 3,X,-0.75,2,SLEEP,Z,0.02824873,0.07316803
7/7/7/7/2/2/3/6/5 3 3,X,-0.5,4,SLEEP,Z,0.03263342,0.09552099
7/7/7/7/2/2/3/6/3 3 3,X,0.5714285714285714285714285714,4,SLEEP,Z,0.07962553,0.2886239
7/7/7/7/2/2/3/5/6 3 3,X,-0.75,2,SLEEP,Z,0.02105163,0.03602938
7/7/7/7/2/2/3/5/5 3 3,X,-0.5,2,SLEEP,Z,0.02326905,0.06894172
7/7/7/7/2/2/3/5/3 3 3,X,0.5714285714285714285714285714,4,SLEEP,Z,0.1403758,0.2794121
7/7/7/7/2/2/3/3/6 3 3,X,-0.75,4,SLEEP,Z,0.02381701,0.0643857
7/7/7/7/2/2/3/3/5 3 3,X,-0.5,2,SLEEP,Z,0.02408762,0.06804382
7/7/7/7/2/2/3/3/3 3 3,X,0.5714285714285714285714285714,12,SLEEP,Z,0.1116646,0.2918033
7/7/7/7/2/2/3/7/4 3 3,X,-0.75,2,SLEEP,Z,0,0
7/7/7/7/2/2/3/7/2 3 3,X,-0.5,2,SLEEP,Z,0.01861351,0.05437257
7/7/7/7/2/2/3/7/1 3 3,X,0.5714285714285714285714285714,4,SLEEP,Z,0.04196802,0.1272003
7/7/7/7/2/2/7/2/6 3 3,X,-0.2857142857142857142857142856,2,SLEEP,Z,0.03071835,0.05800626
7/7/7/7/2/2/7/2/5 3 3,X,0,2,SLEEP,Z,0,0
7/7/7/7/2/2/7/2/3 3 3,X,0.2857142857142857142857142856,2,SLEEP,Z,0.01771955,0.05264293
7/7/7/7/2/2/7/6/4 3 3,Z,0.5,2,SLEEP,Z,0.01985099,0.06116888
7/7/7/7/2/2/7/6/2 3 3,Z,0.5,4,SLEEP,Z,0.03451534,0.08200178
7/7/7/7/2/2/7/6/1 3 3,Z,0.5,4,SLEEP,Z,0.0427341,0.07305157
7/7/7/7/2/2/7/5/4 3 3,X,-0.2857142857142857142857142856,2,SLEEP,Z,0.0252581,0.0825033
7/7/7/7/2/2/7/5/2 3 3,X,0,2,SLEEP,Z,0,0
7/7/7/7/2/2/7/5/1 3 3,X,0.2857142857142857142857142856,2,SLEEP,Z,0.01904085,0.0603076
7/7/7/7/2/2/7/3/4 3 3,Z,-0.5,4,SLEEP,Z,0.0299124,0.08838765
7/7/7/7/2/2/7/3/2 3 3,Z,-0.5,4,SLEEP,Z,0.03877377,0.1005084
7/7/7/7/2/2/7/3/1 3 3,Z,-0.5,2,SLEEP,Z,0.01452296,0.04199607
7/7/7/7/2/6/2/2/7 3 3,Z,0.5,2,SLEEP,Z,0,0
7/7/7/7/2/6/2/6/6 3 3,X,-0.5,2,SLEEP,Z,0.02038085,0.06154529
7/7/7/7/2/6/2/6/5 3 3,Z,0.5,2,SLEEP,Z,0.008354218,0.02940308
7/7/7/7/2/6/2/6/3 3 3,X,0.5,2,SLEEP,Z,0.01739523,0.04883194
7/7/7/7/2/6/2/5/6 3 3,Z,0.5,2,SLEEP,Z,0.04085761,0.0971825
7/7/7/7/2/6/2/5/5 3 3,Z,0.5,2,SLEEP,Z,0.06597532,0.3293736
7/7/7/7/2/6/2/5/3 3 3,Z,0.5,2,SLEEP,Z,0.05886896,0.08326969
7/7/7/7/2/6/2/3/6 3 3,Z,0.7,2,SLEEP,Z,0.04223698,0.1067827
7/7/7/7/2/6/2/3/5 3 3,Z,0.7,2,SLEEP,Z,0.0441223,0.1216346
7/7/7/7/2/6/2/3/3 3 3,Z,0.7,4,SLEEP,Z,0.06117681,0.1602563
7/7/7/7/2/6/2/7/4 3 3,Z,0.5,4,SLEEP,Z,0.03847592,0.11833
7/7/7/7/2/6/2/7/2 3 3,Z,0.5,2,SLEEP,Z,0,0
7/7/7/7/2/6/2/7/1 3 3,Z,0.5,2,SLEEP,Z,0.02493951,0.07187255
7/7/7/7/2/6/6/2/6 3 3,X,-0.5714285714285714285714285714,2,SLEEP,Z,0.008505975,0.02937266
7/7/7/7/2/6/6/2/5 3 3,Z,0.5,2,SLEEP,Z,0,0
7/7/7/7/2/6/6/2/3 3 3,X,0.8333333333333333333333333333,2,SLEEP,Z,0,0
7/7/7/7/2/6/6/6/4 3 3,X,-0.5714285714285714285714285714,2,SLEEP,Z,0.02221431,0.07552564
7/7/7/7/2/6/6/6/2 3 3,X,0.5,2,SLEEP,Z,0.008045183,0.02966951
7/7/7/7/2/6/6/6/1 3 3,X,0.8333333333333333333333333333,2,SLEEP,Z,0.01598824,0.03617234
7/7/7/7/2/6/6/5/4 3 3,X,-0.5714285714285714285714285714,2,SLEEP,Z,0.023326,0.07676199
7/7/7/7/2/6/6/5/2 3 3,Z,0.5,4,SLEEP,Z,0.05503752,0.1479578
7/7/7/7/2/6/6/5/1 3 3,X,0.8333333333333333333333333333,2,SLEEP,Z,0.04156587,0.09002434
7/7/7/7/2/6/6/3/4 3 3,Z,0.7,4,SLEEP,Z,0.1238692,0.3248948
7/7/7/7/2/6/6/3/2 3 3,Z,0.7,2,SLEEP,Z,0.1043175,0.2014352
7/7/7/7/2/6/6/3/1 3 3,X,0.8333333333333333333333333333,2,SLEEP,Z,0.0117469,0.02245539
7/7/7/7/2/6/5/2/6 3 3,Z,0.5,2,SLEEP,Z,0.03384934,0.07319473
7/7/7/7/2/6/5/2/5 3 3,Z,0.5,2,SLEEP,Z,0,0
7/7/7/7/2/6/5/2/3 3 3,Z,0.5,2,SLEEP,Z,0.02848304,0.06286454
7/7/7/7/2/6/5/6/4 3 3,Z,0.5,2,SLEEP,Z,0.01866298,0.05938915
7/7/7/7/2/6/5/6/2 3 3,Z,0.5,2,SLEEP,Z,0,0
7/7/7/7/2/6/5/6/1 3 3,Z,0.5,2,SLEEP,Z,0.02474454,0.05238089
7/7/7/7/2/6/5/5/4 3 3,Z,0.5,2,SLEEP,Z,0.05118039,0.08465018
7/7/7/7/2/6/5/5/2 3 3,Z,0.5,2,SLEEP,Z,0.01542293,0.03255093
7/7/7/7/2/6/5/5/1 3 3,Z,0.5,2,SLEEP,Z,0.03207259,0.05368032
7/7/7/7/2/6/5/3/4 3 3,Z,0.7,2,SLEEP,Z,0.0122368,0.02450966
7/7/7/7/2/6/5/3/2 3 3,Z,0.7,2,SLEEP,Z,0,0
7/7/7/7/2/6/5/3/1 3 3,Z,0.7,2,SLEEP,Z,0.02072155,0.07000774
7/7/7/7/2/6/3/2/6 3 3,X,-0.8333333333333333333333333333,2,SLEEP,Z,0.0107908,0.02023132
7/7/7/7/2/6/3/2/5 3 3,Z,0.5,2,SLEEP,Z,0.01436046,0.04433301
7/7/7/7/2/6/3/2/3 3 3,X,0.5714285714285714285714285714,4,SLEEP,Z,0.04290654,0.1289797
7/7/7/7/2/6/3/6/4 3 3,X,-0.8333333333333333333333333333,2,SLEEP,Z,0,0
7/7/7/7/2/6/3/6/2 3 3,X,-0.5,2,SLEEP,Z,0.01649699,0.0159238
7/7/7/7/2/6/3/6/1 3 3,X,0.5714285714285714285714285714,2,SLEEP,Z,0.02747283,0.09126144
7/7/7/7/2/6/3/5/4 3 3,X,-0.8333333333333333333333333333,2,SLEEP,Z,0.0119421,0.02937902
7/7/7/7/2/6/3/5/2 3 3,Z,0.5,2,SLEEP,Z,0.01549769,0.04359806
7/7/7/7/2/6/3/5/1 3 3,X,0.5714285714285714285714285714,2,SLEEP,Z,0.02292782,0.07835902
7/7/7/7/2/6/3/3/4 3 3,X,-0.8333333333333333333333333333,2,SLEEP,Z,0.01592513,0.05190338
7/7/7/7/2/6/3/3/2 3 3,Z,0.7,2,SLEEP,Z,0.01786886,0.04410835
7/7/7/7/2/6/3/3/1 3 3,Z,0.7,2,SLEEP,Z,0.05473276,0.1698825
7/7/7/7/2/6/7/2/4 3 3,Z,0.5,2,SLEEP,Z,0.03300244,0.1212423
7/7/7/7/2/6/7/2/2 3 3,Z,0.5,2,SLEEP,Z,0,0
7/7/7/7/2/6/7/2/1 3 3,Z,0.5,2,SLEEP,Z,0.01460978,0.04600419
7/7/7/7/2/5/2/2/7 3 3,X,0,2,SLEEP,Z,0,0
7/7/7/7/2/5/2/6/6 3 3,X,-0.5,2,SLEEP,Z,0,0
7/7/7/7/2/5/2/6/5 3 3,Z,0.5,2,SLEEP,Z,0,0
7/7/7/7/2/5/2/6/3 3 3,X,0.5,2,SLEEP,Z,0.06187098,0.06974306
7/7/7/7/2/5/2/5/6 3 3,X,-0.5,2,SLEEP,Z,0.03403505,0.07618666
7/7/7/7/2/5/2/5/5 3 3,X,0,2,SLEEP,Z,0.00607546,0.0245429
7/7/7/7/2/5/2/5/3 3 3,X,0.5,2,SLEEP,Z,0.0259147,0.06344833
7/7/7/7/2/5/2/3/6 3 3,X,-0.5,2,SLEEP,Z,0.04548899,0.06584489
7/7/7/7/2/5/2/3/5 3 3,Z,-0.5,2,SLEEP,Z,0,0
7/7/7/7/2/5/2/3/3 3 3,X,0.5,2,SLEEP,Z,0.0206549,0.05531646
7/7/7/7/2/5/2/7/4 3 3,X,-0.5,4,SLEEP,Z,0.04825963,0.1079333
7/7/7/7/2/5/2/7/2 3 3,X,0,2,SLEEP,Z,0,0
7/7/7/7/2/5/2/7/1 3 3,X,0.5,4,SLEEP,Z,0.04395112,0.1071933
7/7/7/7/2/5/6/2/6 3 3,X,-0.5714285714285714285714285714,2,SLEEP,Z,0.03461625,0.09475928
7/7/7/7/2/5/6/2/5 3 3,X,0.5,2,SLEEP,Z,0.02747506,0.0776995
7/7/7/7/2/5/6/2/3 3 3,X,0.8333333333333333333333333333,2,SLEEP,Z,0.03533339,0.05282057
7/7/7/7/2/5/6/6/4 3 3,X,-0.5714285714285714285714285714,2,SLEEP,Z,0.02700445,0.09054722
7/7/7/7/2/5/6/6/2 3 3,X,0.5,2,SLEEP,Z,0.0186664,0.05665771
7/7/7/7/2/5/6/6/1 3 3,X,0.8333333333333333333333333333,2,SLEEP,Z,0.03214547,0.03894056
7/7/7/7/2/5/6/5/4 3 3,X,-0.5714285714285714285714285714,4,SLEEP,Z,0.1193507,0.3378968
7/7/7/7/2/5/6/5/2 3 3,X,0.5,2,SLEEP,Z,0.01583983,0.04601033
7/7/7/7/2/5/6/5/1 3 3,X,0.8333333333333333333333333333,2,SLEEP,Z,0.01791903,0.03129859
7/7/7/7/2/5/6/3/4 3 3,X,-0.5714285714285714285714285714,4,SLEEP,Z,0.1206774,0.3180792
7/7/7/7/2/5/6/3/2 3 3,X,0.5,2,SLEEP,Z,0.03313261,0.09609461
7/7/7/7/2/5/6/3/1 3 3,X,0.8333333333333333333333333333,2,SLEEP,Z,0.009777209,0.03128148
7/7/7/7/2/5/5/2/6 3 3,X,-0.2857142857142857142857142858,2,SLEEP,Z,0.01855051,0.05996035
7/7/7/7/2/5/5/2/5 3 3,X,0,2,SLEEP,Z,0,0
7/7/7/7/2/5/5/2/3 3 3,X,0.2857142857142857142857142858,2,SLEEP,Z,0.02695156,0.03290661
7/7/7/7/2/5/5/6/4 3 3,Z,0.5,2,SLEEP,Z,0.02081974,0.06573375
7/7/7/7/2/5/5/6/2 3 3,Z,0.5,2,SLEEP,Z,0,0
7/7/7/7/2/5/5/6/1 3 3,Z,0.5,2,SLEEP,Z,0.01159499,0.01636625
7/7/7/7/2/5/5/5/4 3 3,X,-0.2857142857142857142857142858,2,SLEEP,Z,0.02110557,0.07811114
7/7/7/7/2/5/5/5/2 3 3,X,0,2,SLEEP,Z,0,0
7/7/7/7/2/5/5/5/1 3 3,X,0.2857142857142857142857142858,4,SLEEP,Z,0.03287675,0.1212605
7/7/7/7/2/5/5/3/4 3 3,Z,-0.5,2,SLEEP,Z,0.02178712,0.04014544
7/7/7/7/2/5/5/3/2 3 3,Z,-0.5,2,SLEEP,Z,0,0
7/7/7/7/2/5/5/3/1 3 3,Z,-0.5,2,SLEEP,Z,0.01093949,0.05349077
7/7/7/7/2/5/3/2/6 3 3,X,-0.8333333333333333333333333333,2,SLEEP,Z,0.00766404,0.02335111
7/7/7/7/2/5/3/2/5 3 3,X,-0.5,2,SLEEP,Z,0.0112956,0.0365243
7/7/7/7/2/5/3/2/3 3 3,X,0.5714285714285714285714285714,2,SLEEP,Z,0.05234735,0.09696193
7/7/7/7/2/5/3/6/4 3 3,X,-0.8333333333333333333333333333,2,SLEEP,Z,0,0
7/7/7/7/2/5/3/6/2 3 3,X,-0.5,2,SLEEP,Z,0,0
7/7/7/7/2/5/3/6/1 3 3,X,0.5714285714285714285714285714,2,SLEEP,Z,0.01454891,0.04172453
7/7/7/7/2/5/3/5/4 3 3,X,-0.8333333333333333333333333333,2,SLEEP,Z,0.02708254,0.03498304
7/7/7/7/2/5/3/5/2 3 3,X,-0.5,2,SLEEP,Z,0.02157515,0.06605666
7/7/7/7/2/5/3/5/1 3 3,X,0.5714285714285714285714285714,4,SLEEP,Z,0.03314722,0.1056261
7/7/7/7/2/5/3/3/4 3 3,X,-0.8333333333333333333333333333,2,SLEEP,Z,0,0
7/7/7/7/2/5/3/3/2 3 3,X,-0.5,2,SLEEP,Z,0.005266899,0.01646044
7/7/7/7/2/5/3/3/1 3 3,X,0.5714285714285714285714285714,2,SLEEP,Z,0.03431644,0.1137413
7/7/7/7/2/5/7/2/4 3 3,X,-0.3333333333333333333333333333,2,SLEEP,Z,0,0
7/7/7/7/2/5/7/2/2 3 3,X,0,2,SLEEP,Z,0,0
7/7/7/7/2/5/7/2/1 3 3,X,0.3333333333333333333333333333,2,SLEEP,Z,0.01090429,0.03393332
7/7/7/7/2/3/2/2/7 3 3,Z,-0.5,2,SLEEP,Z,0.04486453,0.05523792
7/7/7/7/2/3/2/6/6 3 3,Z,-0.7,4,SLEEP,Z,0.05813383,0.1254034
7/7/7/7/2/3/2/6/5 3 3,Z,-0.7,2,SLEEP,Z,0.01545925,0.04343029
7/7/7/7/2/3/2/6/3 3 3,Z,-0.7,4,SLEEP,Z,0.06984826,0.1767578
7/7/7/7/2/3/2/5/6 3 3,Z,-0.5,4,SLEEP,Z,0.04300026,0.1279413
7/7/7/7/2/3/2/5/5 3 3,Z,-0.5,2,SLEEP,Z,0,0
7/7/7/7/2/3/2/5/3 3 3,Z,-0.5,2,SLEEP,Z,0,0
7/7/7/7/2/3/2/3/6 3 3,X,-0.5,2,SLEEP,Z,0.03774399,0.1006971
7/7/7/7/2/3/2/3/5 3 3,Z,-0.5,2,SLEEP,Z,0.05704233,0.0796589
7/7/7/7/2/3/2/3/3 3 3,X,0.5,4,SLEEP,Z,0.03737246,0.09549045
7/7/7/7/2/3/2/7/4 3 3,Z,-0.5,2,SLEEP,Z,0.03343423,0.0948807
7/7/7/7/2/3/2/7/2 3 3,Z,-0.5,2,SLEEP,Z,0,0
7/7/7/7/2/3/2/7/1 3 3,Z,-0.5,2,SLEEP,Z,0.03798503,0.1106535
7/7/7/7/2/3/6/2/6 3 3,X,-0.5714285714285714285714285714,2,SLEEP,Z,0.0252192,0.09108181
7/7/7/7/2/3/6/2/5 3 3,Z,-0.5,2,SLEEP,Z,0.07924924,0.08782056
7/7/7/7/2/3/6/2/3 3 3,X,0.8333333333333333333333333333,2,SLEEP,Z,0,0
7/7/7/7/2/3/6/6/4 3 3,Z,-0.7,4,SLEEP,Z,0.05921344,0.135963
7/7/7/7/2/3/6/6/2 3 3,Z,-0.7,2,SLEEP,Z,0.01348575,0.03061061
7/7/7/7/2/3/6/6/1 3 3,X,0.8333333333333333333333333333,2,SLEEP,Z,0,0
7/7/7/7/2/3/6/5/4 3 3,X,-0.5714285714285714285714285714,2,SLEEP,Z,0.03804196,0.1041613
7/7/7/7/2/3/6/5/2 3 3,Z,-0.5,2,SLEEP,Z,0.02260714,0.05382975
7/7/7/7/2/3/6/5/1 3 3,X,0.8333333333333333333333333333,2,SLEEP,Z,0,0
7/7/7/7/2/3/6/3/4 3 3,X,-0.5714285714285714285714285714,4,SLEEP,Z,0.0641629,0.1724589
7/7/7/7/2/3/6/3/2 3 3,X,0.5,2,SLEEP,Z,0.01035568,0.0317378
7/7/7/7/2/3/6/3/1 3 3,X,0.8333333333333333333333333333,2,SLEEP,Z,0.005531588,0.02007313
7/7/7/7/2/3/5/2/6 3 3,Z,-0.5,2,SLEEP,Z,0.02607369,0.06486207
7/7/7/7/2/3/5/2/5 3 3,Z,-0.5,2,SLEEP,Z,0,0
7/7/7/7/2/3/5/2/3 3 3,Z,-0.5,2,SLEEP,Z,0.01983911,0.05936692
7/7/7/7/2/3/5/6/4 3 3,Z,-0.7,2,SLEEP,Z,0.009283798,0.03063846
7/7/7/7/2/3/5/6/2 3 3,Z,-0.7,2,SLEEP,Z,0.01433031,0.03337912
7/7/7/7/2/3/5/6/1 3 3,Z,-0.7,2,SLEEP,Z,0.03018644,0.08273892
7/7/7/7/2/3/5/5/4 3 3,Z,-0.5,2,SLEEP,Z,0.02547951,0.03737418
7/7/7/7/2/3/5/5/2 3 3,Z,-0.5,2,SLEEP,Z,0.006359598,0.02119596
7/7/7/7/2/3/5/5/1 3 3,Z,-0.5,2,SLEEP,Z,0.01613762,0.05350099
7/7/7/7/2/3/5/3/4 3 3,Z,-0.5,2,SLEEP,Z,0.01530168,0.04944999
7/7/7/7/2/3/5/3/2 3 3,Z,-0.5,2,SLEEP,Z,0.00899094,0.03202855
7/7/7/7/2/3/5/3/1 3 3,Z,-0.5,2,SLEEP,Z,0.02173648,0.03832015
7/7/7/7/2/3/3/2/6 3 3,X,-0.8333333333333333333333333333,2,SLEEP,Z,0,0
7/7/7/7/2/3/3/2/5 3 3,Z,-0.5,2,SLEEP,Z,0.00467679,0.01564444
7/7/7/7/2/3/3/2/3 3 3,X,0.5714285714285714285714285714,4,SLEEP,Z,0.04737778,0.1338301
7/7/7/7/2/3/3/6/4 3 3,X,-0.8333333333333333333333333333,2,SLEEP,Z,0.1232602,0.2073214
7/7/7/7/2/3/3/6/2 3 3,Z,-0.7,2,SLEEP,Z,0.0502227,0.07069613
7/7/7/7/2/3/3/6/1 3 3,Z,-0.7,2,SLEEP,Z,0.05481591,0.156765
7/7/7/7/2/3/3/5/4 3 3,X,-0.8333333333333333333333333333,2,SLEEP,Z,0,0
7/7/7/7/2/3/3/5/2 3 3,Z,-0.5,2,SLEEP,Z,0,0
7/7/7/7/2/3/3/5/1 3 3,X,0.5714285714285714285714285714,4,SLEEP,Z,0.04915315,0.1476748
7/7/7/7/2/3/3/3/4 3 3,X,-0.8333333333333333333333333333,2,SLEEP,Z,0,0
7/7/7/7/2/3/3/3/2 3 3,X,-0.5,2,SLEEP,Z,0.0153166,0.03782602
7/7/7/7/2/3/3/3/1 3 3,X,0.5714285714285714285714285714,4,SLEEP,Z,0.07058846,0.2046493
7/7/7/7/2/3/7/2/4 3 3,Z,-0.5,2,SLEEP,Z,0,0
7/7/7/7/2/3/7/2/2 3 3,Z,-0.5,2,SLEEP,Z,0,0
7/7/7/7/2/3/7/2/1 3 3,Z,-0.5,2,SLEEP,Z,0,0
7/7/7/7/2/7/2/2/6 3 3,X,-0.6666666666666666666666666666,2,SLEEP,Z,0,0
7/7/7/7/2/7/2/2/5 3 3,X,0,2,SLEEP,Z,0,0
7/7/7/7/2/7/2/2/3 3 3,X,0.6666666666666666666666666666,2,SLEEP,Z,0.02145537,0.05987759
7/7/7/7/2/7/2/6/4 3 3,X,-0.6666666666666666666666666666,2,SLEEP,Z,0.02529952,0.07489303
7/7/7/7/2/7/2/6/2 3 3,Z,0.5,2,SLEEP,Z,0,0
7/7/7/7/2/7/2/6/1 3 3,X,0.6666666666666666666666666666,2,SLEEP,Z,0.03282028,0.08828168
7/7/7/7/2/7/2/5/4 3 3,X,-0.6666666666666666666666666666,2,SLEEP,Z,0.02346174,0.06460389
7/7/7/7/2/7/2/5/2 3 3,X,0,2,SLEEP,Z,0.01565477,0.02310903
7/7/7/7/2/7/2/5/1 3 3,X,0.6666666666666666666666666666,2,SLEEP,Z,0.04321925,0.1005254
7/7/7/7/2/7/2/3/4 3 3,X,-0.6666666666666666666666666666,2,SLEEP,Z,0.01523922,0.0459658
7/7/7/7/2/7/2/3/2 3 3,Z,-0.5,2,SLEEP,Z,0,0
7/7/7/7/2/7/2/3/1 3 3,X,0.6666666666666666666666666666,2,SLEEP,Z,0.03579859,0.07316746
7/7/7/7/2/7/6/2/4 3 3,X,-0.5714285714285714285714285714,2,SLEEP,Z,0.009189799,0.03285015
7/7/7/7/2/7/6/2/2 3 3,X,0.5,2,SLEEP,Z,0.01730054,0.05202915
7/7/7/7/2/7/5/2/4 3 3,X,-0.3333333333333333333333333333,2,SLEEP,Z,0.02593446,0.0778121
7/7/7/7/2/7/5/2/2 3 3,X,0,2,SLEEP,Z,0,0
7/7/7/7/2/7/5/2/1 3 3,X,0.3333333333333333333333333333,2,SLEEP,Z,0.01112033,0.03824881
7/7/7/7/2/7/3/2/2 3 3,X,-0.5,2,SLEEP,Z,0.01569918,0.04680175
7/7/7/7/2/7/3/2/1 3 3,X,0.5714285714285714285714285714,4,SLEEP,Z,0.03316244,0.1006416
7/7/7/7/6/2/2/2/7 3 3,X,0.5,2,SLEEP,Z,0.01520174,0.03807535
7/7/7/7/6/2/2/6/6 3 3,X,-0.5,2,SLEEP,Z,0.03189518,0.04657217
7/7/7/7/6/2/2/6/5 3 3,X,0.5,4,SLEEP,Z,0.05466468,0.1242009
7/7/7/7/6/2/2/6/3 3 3,X,0.6666666666666666666666666667,10,SLEEP,Z,0.05985289,0.1416431
7/7/7/7/6/2/2/5/6 3 3,X,-0.5,2,SLEEP,Z,0.03526993,0.05494152
7/7/7/7/6/2/2/5/5 3 3,X,0.5,2,SLEEP,Z,0,0
7/7/7/7/6/2/2/5/3 3 3,X,0.6666666666666666666666666667,4,SLEEP,Z,0.03442145,0.07867594
7/7/7/7/6/2/2/3/6 3 3,X,-0.5,2,SLEEP,Z,0,0
7/7/7/7/6/2/2/3/5 3 3,X,0.5,2,SLEEP,Z,0.01014268,0.02054464
7/7/7/7/6/2/2/3/3 3 3,X,0.6666666666666666666666666667,4,SLEEP,Z,0.04706937,0.1122666
7/7/7/7/6/2/2/7/4 3 3,X,-0.5,2,SLEEP,Z,0,0
7/7/7/7/6/2/2/7/2 3 3,X,0.5,2,SLEEP,Z,0,0
7/7/7/7/6/2/2/7/1 3 3,X,0.6666666666666666666666666667,2,SLEEP,Z,0.02464244,0.07113498
7/7/7/7/6/2/6/2/6 3 3,X,-0.1818181818181818181818181818,2,SLEEP,Z,0.01378935,0.05138801
7/7/7/7/6/2/6/2/5 3 3,X,0.5,2,SLEEP,Z,0.01683467,0.03725577
7/7/7/7/6/2/6/2/3 3 3,X,0.8333333333333333333333333333,2,SLEEP,Z,0.04278883,0.08403415
7/7/7/7/6/2/6/6/4 3 3,Z,0.5,2,SLEEP,Z,0,0
7/7/7/7/6/2/6/6/2 3 3,X,0.5,2,SLEEP,Z,0,0
7/7/7/7/6/2/6/6/1 3 3,X,0.8333333333333333333333333333,2,SLEEP,Z,0.03273752,0.0978865
7/7/7/7/6/2/6/5/4 3 3,X,-0.1818181818181818181818181818,2,SLEEP,Z,0.003527377,0.01005458
7/7/7/7/6/2/6/5/2 3 3,X,0.5,2,SLEEP,Z,0,0
7/7/7/7/6/2/6/5/1 3 3,X,0.8333333333333333333333333333,2,SLEEP,Z,0.02183999,0.05015362
7/7/7/7/6/2/6/3/4 3 3,Z,-0.5,2,SLEEP,Z,0.02318154,0.04156954
7/7/7/7/6/2/6/3/2 3 3,X,0.5,2,SLEEP,Z,0,0
7/7/7/7/6/2/6/3/1 3 3,X,0.8333333333333333333333333333,2,SLEEP,Z,0.02761385,0.06711667
7/7/7/7/6/2/5/2/6 3 3,X,0.3333333333333333333333333333,2,SLEEP,Z,0,0
7/7/7/7/6/2/5/2/5 3 3,X,0.5,2,SLEEP,Z,0,0
7/7/7/7/6/2/5/2/3 3 3,X,0.6666666666666666666666666667,2,SLEEP,Z,0.01302139,0.04228686
7/7/7/7/6/2/5/6/4 3 3,Z,0.5,2,SLEEP,Z,0.01129049,0.03396934
7/7/7/7/6/2/5/6/2 3 3,X,0.5,2,SLEEP,Z,0,0
7/7/7/7/6/2/5/6/1 3 3,X,0.6666666666666666666666666667,2,SLEEP,Z,0.04227657,0.08291369
7/7/7/7/6/2/5/5/4 3 3,X,0.3333333333333333333333333333,2,SLEEP,Z,0,0
7/7/7/7/6/2/5/5/2 3 3,X,0.5,2,SLEEP,Z,0,0
7/7/7/7/6/2/5/5/1 3 3,X,0.6666666666666666666666666667,2,SLEEP,Z,0.03897673,0.1140076
7/7/7/7/6/2/5/3/4 3 3,Z,-0.5,2,SLEEP,Z,0.01446749,0.04543116
7/7/7/7/6/2/5/3/2 3 3,X,0.5,2,SLEEP,Z,0.02765056,0.07267807
7/7/7/7/6/2/5/3/1 3 3,X,0.6666666666666666666666666667,2,SLEEP,Z,0.01557043,0.04779839
7/7/7/7/6/2/3/2/6 3 3,X,-0.8333333333333333333333333333,2,SLEEP,Z,0,0
7/7/7/7/6/2/3/2/5 3 3,X,0.6666666666666666666666666667,2,SLEEP,Z,0.0177921,0.0547028
7/7/7/7/6/2/3/2/3 3 3,X,0.8333333333333333333333333333,6,SLEEP,Z,0.08852664,0.1889988
7/7/7/7/6/2/3/6/4 3 3,X,-0.8333333333333333333333333333,2,SLEEP,Z,0,0
7/7/7/7/6/2/3/6/2 3 3,X,0.6666666666666666666666666667,2,SLEEP,Z,0.01865479,0.03747927
7/7/7/7/6/2/3/6/1 3 3,X,0.8333333333333333333333333333,4,SLEEP,Z,0.04683745,0.147532
7/7/7/7/6/2/3/5/4 3 3,X,-0.8333333333333333333333333333,2,SLEEP,Z,0.01930819,0.01002962
7/7/7/7/6/2/3/5/2 3 3,X,0.6666666666666666666666666667,2,SLEEP,Z,0.002229022,0.02692044
7/7/7/7/6/2/3/5/1 3 3,X,0.8333333333333333333333333333,4,SLEEP,Z,0.04173929,0.1165421
7/7/7/7/6/2/3/3/4 3 3,X,-0.8333333333333333333333333333,2,SLEEP,Z,0.01700193,0.04625569
7/7/7/7/6/2/3/3/2 3 3,X,0.6666666666666666666666666667,2,SLEEP,Z,0.02287251,0.0656331
7/7/7/7/6/2/3/3/1 3 3,X,0.8333333333333333333333333333,4,SLEEP,Z,0.04407731,0.1176664
7/7/7/7/6/2/7/2/4 3 3,X,0.3333333333333333333333333333,2,SLEEP,Z,0,0
7/7/7/7/6/2/7/2/2 3 3,X,0.5,2,SLEEP,Z,0,0
7/7/7/7/6/2/7/2/1 3 3,X,0.6666666666666666666666666667,2,SLEEP,Z,0.009854954,0.03215436
7/7/7/7/6/6/2/2/6 3 3,X,-0.6666666666666666666666666666,2,SLEEP,Z,0,0
7/7/7/7/6/6/2/2/5 3 3,X,0.5,2,SLEEP,Z,0,0
7/7/7/7/6/6/2/2/3 3 3,X,0.6666666666666666666666666667,2,SLEEP,Z,0.02485848,0.03982415
7/7/7/7/6/6/2/6/4 3 3,X,-0.6666666666666666666666666666,2,SLEEP,Z,0.0329054,0.04815967
7/7/7/7/6/6/2/6/2 3 3,X,0.5,2,SLEEP,Z,0,0
7/7/7/7/6/6/2/6/1 3 3,X,0.6666666666666666666666666667,2,SLEEP,Z,0.02917049,0.04047965
7/7/7/7/6/6/2/5/4 3 3,X,-0.6666666666666666666666666666,2,SLEEP,Z,0.03066492,0.08144949
7/7/7/7/6/6/2/5/2 3 3,X,0.5,2,SLEEP,Z,0,0
7/7/7/7/6/6/2/5/1 3 3,X,0.6666666666666666666666666667,2,SLEEP,Z,0.03290411,0.06895002
7/7/7/7/6/6/2/3/4 3 3,Z,0.75,4,SLEEP,Z,0.05971457,0.1031137
7/7/7/7/6/6/2/3/2 3 3,Z,0.75,2,SLEEP,Z,0,0
7/7/7/7/6/6/2/3/1 3 3,Z,0.75,2,SLEEP,Z,0.0351418,0.07330904
7/7/7/7/6/6/6/2/4 3 3,Z,0.5,2,SLEEP,Z,0.01539719,0.06026793
7/7/7/7/6/6/6/2/2 3 3,Z,0.5,2,SLEEP,Z,0,0
7/7/7/7/6/6/5/2/4 3 3,Z,0.5,2,SLEEP,Z,0.006910704,0.02834087
7/7/7/7/6/6/5/2/2 3 3,X,0.5,2,SLEEP,Z,0,0
7/7/7/7/6/6/5/2/1 3 3,X,0.6666666666666666666666666667,2,SLEEP,Z,0.02506663,0.02611946
7/7/7/7/6/6/3/2/2 3 3,X,0.6666666666666666666666666667,2,SLEEP,Z,0,0
7/7/7/7/6/6/3/2/1 3 3,X,0.8333333333333333333333333333,2,SLEEP,Z,0.03290793,0.08693802
7/7/7/7/6/5/2/2/6 3 3,X,-0.6666666666666666666666666666,2,SLEEP,Z,0.03500777,0.04906371
7/7/7/7/6/5/2/2/5 3 3,X,0.5,2,SLEEP,Z,0.005515964,0.01437225
7/7/7/7/6/5/2/2/3 3 3,X,0.6666666666666666666666666667,2,SLEEP,Z,0.0158964,0.03928363
7/7/7/7/6/5/2/6/4 3 3,X,-0.6666666666666666666666666666,2,SLEEP,Z,0.02826538,0.07806094
7/7/7/7/6/5/2/6/2 3 3,X,0.5,2,SLEEP,Z,0.02285467,0.05142748
7/7/7/7/6/5/2/6/1 3 3,X,0.6666666666666666666666666667,2,SLEEP,Z,0.0283346,0.05496148
7/7/7/7/6/5/2/5/4 3 3,X,-0.6666666666666666666666666666,2,SLEEP,Z,0.07258841,0.3117465
7/7/7/7/6/5/2/5/2 3 3,X,0.5,2,SLEEP,Z,0.01062388,0.02366677
7/7/7/7/6/5/2/5/1 3 3,X,0.6666666666666666666666666667,2,SLEEP,Z,0.02450001,0.03502757
7/7/7/7/6/5/2/3/4 3 3,X,-0.6666666666666666666666666666,2,SLEEP,Z,0.01938147,0.01634431
7/7/7/7/6/5/2/3/2 3 3,X,0.5,2,SLEEP,Z,0.0129345,0.01223241
7/7/7/7/6/5/2/3/1 3 3,X,0.6666666666666666666666666667,2,SLEEP,Z,0.03022272,0.07117934
7/7/7/7/6/5/6/2/4 3 3,X,-0.1818181818181818181818181818,2,SLEEP,Z,0.01774084,0.06896032
7/7/7/7/6/5/6/2/2 3 3,X,0.5,2,SLEEP,Z,0,0
7/7/7/7/6/5/5/2/4 3 3,X,0.3333333333333333333333333333,2,SLEEP,Z,0.003073264,0.0130868
7/7/7/7/6/5/5/2/2 3 3,X,0.5,2,SLEEP,Z,0,0
7/7/7/7/6/5/5/2/1 3 3,X,0.6666666666666666666666666667,2,SLEEP,Z,0,0
7/7/7/7/6/5/3/2/2 3 3,X,0.6666666666666666666666666667,2,SLEEP,Z,0.03088278,0.08062626
7/7/7/7/6/5/3/2/1 3 3,X,0.8333333333333333333333333333,2,SLEEP,Z,0.03361205,0.09541616
7/7/7/7/6/3/2/2/6 3 3,X,-0.6666666666666666666666666666,2,SLEEP,Z,0,0
7/7/7/7/6/3/2/2/5 3 3,X,0.5,2,SLEEP,Z,0,0
7/7/7/7/6/3/2/2/3 3 3,X,0.6666666666666666666666666667,2,SLEEP,Z,0,0
7/7/7/7/6/3/2/6/4 3 3,Z,-0.75,2,SLEEP,Z,0.01198376,0.03121285
7/7/7/7/6/3/2/6/2 3 3,Z,-0.75,2,SLEEP,Z,0,0
7/7/7/7/6/3/2/6/1 3 3,Z,-0.75,2,SLEEP,Z,0.05635735,0.1267505
7/7/7/7/6/3/2/5/4 3 3,X,-0.6666666666666666666666666666,2,SLEEP,Z,0.04847804,0.04309326
7/7/7/7/6/3/2/5/2 3 3,X,0.5,2,SLEEP,Z,0.0250282,0.04149752
7/7/7/7/6/3/2/5/1 3 3,X,0.6666666666666666666666666667,2,SLEEP,Z,0.02083177,0.05257923
7/7/7/7/6/3/2/3/4 3 3,X,-0.6666666666666666666666666666,2,SLEEP,Z,0.0160891,0.03544573
7/7/7/7/6/3/2/3/2 3 3,X,0.5,2,SLEEP,Z,0.005850282,0.02017202
7/7/7/7/6/3/2/3/1 3 3,X,0.6666666666666666666666666667,2,SLEEP,Z,0.03420998,0.09160542
7/7/7/7/6/3/6/2/4 3 3,Z,-0.5,2,SLEEP,Z,0.00662553,0.02622259
7/7/7/7/6/3/6/2/2 3 3,Z,-0.5,2,SLEEP,Z,0,0
7/7/7/7/6/3/5/2/4 3 3,Z,-0.5,2,SLEEP,Z,0.01490657,0.02270786
7/7/7/7/6/3/5/2/2 3 3,X,0.5,2,SLEEP,Z,0,0
7/7/7/7/6/3/5/2/1 3 3,X,0.6666666666666666666666666667,2,SLEEP,Z,0.02974362,0.05009816
7/7/7/7/6/3/3/2/2 3 3,X,0.6666666666666666666666666667,2,SLEEP,Z,0,0
7/7/7/7/6/3/3/2/1 3 3,X,0.8333333333333333333333333333,2,SLEEP,Z,0.03783323,0.1107998
7/7/7/7/6/7/2/2/2 3 3,X,0.5,2,SLEEP,Z,0,0
7/7/7/7/5/2/2/2/7 3 3,X,0,2,SLEEP,Z,0,0
7/7/7/7/5/2/2/6/6 3 3,X,-0.5,2,SLEEP,Z,0.02373127,0.0430743
7/7/7/7/5/2/2/6/5 3 3,Z,0.5,4,SLEEP,Z,0.03879055,0.08891157
7/7/7/7/5/2/2/6/3 3 3,X,0.5,2,SLEEP,Z,0.01861444,0.05456442
7/7/7/7/5/2/2/5/6 3 3,X,-0.5,2,SLEEP,Z,0,0
7/7/7/7/5/2/2/5/5 3 3,X,0,2,SLEEP,Z,0,0
7/7/7/7/5/2/2/5/3 3 3,X,0.5,2,SLEEP,Z,0,0
7/7/7/7/5/2/2/3/6 3 3,X,-0.5,2,SLEEP,Z,0.02573671,0.03891004
7/7/7/7/5/2/2/3/5 3 3,Z,-0.5,2,SLEEP,Z,0.0120464,0.0313938
7/7/7/7/5/2/2/3/3 3 3,X,0.5,4,SLEEP,Z,0.0325468,0.06750458
7/7/7/7/5/2/2/7/4 3 3,X,-0.5,2,SLEEP,Z,0,0
7/7/7/7/5/2/2/7/2 3 3,X,0,2,SLEEP,Z,0,0
7/7/7/7/5/2/2/7/1 3 3,X,0.5,2,SLEEP,Z,0.01946443,0.05265088
7/7/7/7/5/2/6/2/6 3 3,X,-0.2222222222222222222222222222,2,SLEEP,Z,0,0
7/7/7/7/5/2/6/2/5 3 3,X,0.5,2,SLEEP,Z,0,0
7/7/7/7/5/2/6/2/3 3 3,X,0.8333333333333333333333333333,2,SLEEP,Z,0,0
7/7/7/7/5/2/6/6/4 3 3,Z,0.5,2,SLEEP,Z,0.01819381,0.06108369
7/7/7/7/5/2/6/6/2 3 3,X,0.5,2,SLEEP,Z,0.01976609,0.05727105
7/7/7/7/5/2/6/6/1 3 3,X,0.8333333333333333333333333333,2,SLEEP,Z,0,0
7/7/7/7/5/2/6/5/4 3 3,X,-0.2222222222222222222222222222,2,SLEEP,Z,0.008972044,0.03239776
7/7/7/7/5/2/6/5/2 3 3,X,0.5,2,SLEEP,Z,0,0
7/7/7/7/5/2/6/5/1 3 3,X,0.8333333333333333333333333333,2,SLEEP,Z,0,0
7/7/7/7/5/2/6/3/4 3 3,Z,-0.5,2,SLEEP,Z,0,0
7/7/7/7/5/2/6/3/2 3 3,X,0.5,2,SLEEP,Z,0,0
7/7/7/7/5/2/6/3/1 3 3,X,0.8333333333333333333333333333,2,SLEEP,Z,0,0
7/7/7/7/5/2/5/2/6 3 3,X,-0.2222222222222222222222222222,2,SLEEP,Z,0,0
7/7/7/7/5/2/5/2/5 3 3,X,0,2,SLEEP,Z,0,0
7/7/7/7/5/2/5/2/3 3 3,X,0.2222222222222222222222222222,2,SLEEP,Z,0,0
7/7/7/7/5/2/5/6/4 3 3,Z,0.5,2,SLEEP,Z,0.01775373,0.06463446
7/7/7/7/5/2/5/6/2 3 3,Z,0.5,2,SLEEP,Z,0,0
7/7/7/7/5/2/5/6/1 3 3,Z,0.5,2,SLEEP,Z,0.02752346,0.02382677
7/7/7/7/5/2/5/5/4 3 3,X,-0.2222222222222222222222222222,2,SLEEP,Z,0.01069471,0.04660667
7/7/7/7/5/2/5/5/2 3 3,X,0,2,SLEEP,Z,0,0
7/7/7/7/5/2/5/5/1 3 3,X,0.2222222222222222222222222222,2,SLEEP,Z,0,0
7/7/7/7/5/2/5/3/4 3 3,Z,-0.5,2,SLEEP,Z,0,0
7/7/7/7/5/2/5/3/2 3 3,Z,-0.5,2,SLEEP,Z,0,0
7/7/7/7/5/2/5/3/1 3 3,Z,-0.5,2,SLEEP,Z,0,0
7/7/7/7/5/2/3/2/6 3 3,X,-0.8333333333333333333333333333,2,SLEEP,Z,0,0
7/7/7/7/5/2/3/2/5 3 3,X,-0.5,2,SLEEP,Z,0,0
7/7/7/7/5/2/3/2/3 3 3,X,0.2222222222222222222222222222,2,SLEEP,Z,0,0
7/7/7/7/5/2/3/6/4 3 3,X,-0.8333333333333333333333333333,2,SLEEP,Z,0,0
7/7/7/7/5/2/3/6/2 3 3,X,-0.5,2,SLEEP,Z,0,0
7/7/7/7/5/2/3/6/1 3 3,Z,0.5,2,SLEEP,Z,0.01773705,0.05896333
7/7/7/7/5/2/3/5/4 3 3,X,-0.8333333333333333333333333333,2,SLEEP,Z,0.1134201,0.288546
7/7/7/7/5/2/3/5/2 3 3,X,-0.5,2,SLEEP,Z,0,0
7/7/7/7/5/2/3/5/1 3 3,X,0.2222222222222222222222222222,2,SLEEP,Z,0,0
7/7/7/7/5/2/3/3/4 3 3,X,-0.8333333333333333333333333333,2,SLEEP,Z,0,0
7/7/7/7/5/2/3/3/2 3 3,X,-0.5,2,SLEEP,Z,0,0
7/7/7/7/5/2/3/3/1 3 3,Z,-0.5,2,SLEEP,Z,0.009400414,0.02722705
7/7/7/7/5/2/7/2/4 3 3,X,-0.3333333333333333333333333333,2,SLEEP,Z,0,0
7/7/7/7/5/2/7/2/2 3 3,X,0,2,SLEEP,Z,0,0
7/7/7/7/5/2/7/2/1 3 3,X,0.3333333333333333333333333333,2,SLEEP,Z,0,0
7/7/7/7/5/6/2/2/6 3 3,X,-0.6666666666666666666666666666,2,SLEEP,Z,0.009211042,0.02680462
7/7/7/7/5/6/2/2/5 3 3,Z,0.5,2,SLEEP,Z,0,0
7/7/7/7/5/6/2/2/3 3 3,X,0.6666666666666666666666666666,2,SLEEP,Z,0,0
7/7/7/7/5/6/2/6/4 3 3,X,-0.6666666666666666666666666666,2,SLEEP,Z,0.0339548,0.06247146
7/7/7/7/5/6/2/6/2 3 3,Z,0.5,2,SLEEP,Z,0,0
7/7/7/7/5/6/2/6/1 3 3,X,0.6666666666666666666666666666,2,SLEEP,Z,0.01099086,0.02894043
7/7/7/7/5/6/2/5/4 3 3,X,-0.6666666666666666666666666666,2,SLEEP,Z,0.0652771,0.07841507
7/7/7/7/5/6/2/5/2 3 3,Z,0.5,2,SLEEP,Z,0.01562398,0.02173552
7/7/7/7/5/6/2/5/1 3 3,X,0.6666666666666666666666666666,2,SLEEP,Z,0.009591824,0.02620343
7/7/7/7/5/6/2/3/4 3 3,Z,0.75,2,SLEEP,Z,0.02388087,0.06160674
7/7/7/7/5/6/2/3/2 3 3,Z,0.75,2,SLEEP,Z,0.01176383,0.02914421
7/7/7/7/5/6/2/3/1 3 3,Z,0.75,2,SLEEP,Z,0.02235384,0.04879352
7/7/7/7/5/6/6/2/4 3 3,Z,0.5,2,SLEEP,Z,0,0
7/7/7/7/5/6/6/2/2 3 3,Z,0.5,2,SLEEP,Z,0,0
7/7/7/7/5/6/5/2/4 3 3,Z,0.5,2,SLEEP,Z,0.002394546,0.01093189
7/7/7/7/5/6/5/2/2 3 3,Z,0.5,2,SLEEP,Z,0,0
7/7/7/7/5/6/5/2/1 3 3,Z,0.5,2,SLEEP,Z,0,0
7/7/7/7/5/6/3/2/2 3 3,Z,0.5,2,SLEEP,Z,0,0
7/7/7/7/5/6/3/2/1 3 3,Z,0.5,2,SLEEP,Z,0,0
7/7/7/7/5/5/2/2/6 3 3,X,-0.6666666666666666666666666666,2,SLEEP,Z,0.03982493,0.05760505
7/7/7/7/5/5/2/2/5 3 3,X,0,2,SLEEP,Z,0,0
7/7/7/7/5/5/2/2/3 3 3,X,0.6666666666666666666666666666,2,SLEEP,Z,0,0
7/7/7/7/5/5/2/6/4 3 3,X,-0.6666666666666666666666666666,2,SLEEP,Z,0,0
7/7/7/7/5/5/2/6/2 3 3,Z,0.5,2,SLEEP,Z,0,0
7/7/7/7/5/5/2/6/1 3 3,X,0.6666666666666666666666666666,2,SLEEP,Z,0,0
7/7/7/7/5/5/2/5/4 3 3,X,-0.6666666666666666666666666666,2,SLEEP,Z,0.01368225,0.0483387
7/7/7/7/5/5/2/5/2 3 3,X,0,2,SLEEP,Z,0,0
7/7/7/7/5/5/2/5/1 3 3,X,0.6666666666666666666666666666,2,SLEEP,Z,0,0
7/7/7/7/5/5/2/3/4 3 3,X,-0.6666666666666666666666666666,2,SLEEP,Z,0,0
7/7/7/7/5/5/2/3/2 3 3,Z,-0.5,2,SLEEP,Z,0,0
7/7/7/7/5/5/2/3/1 3 3,X,0.6666666666666666666666666666,2,SLEEP,Z,0,0
7/7/7/7/5/5/6/2/4 3 3,X,-0.2222222222222222222222222222,2,SLEEP,Z,0,0
7/7/7/7/5/5/6/2/2 3 3,X,0.5,2,SLEEP,Z,0,0
7/7/7/7/5/5/5/2/4 3 3,X,-0.3333333333333333333333333333,2,SLEEP,Z,0.00942543,0.03999951
7/7/7/7/5/5/5/2/2 3 3,X,0,2,SLEEP,Z,0,0
7/7/7/7/5/5/5/2/1 3 3,X,0.3333333333333333333333333333,2,SLEEP,Z,0,0
7/7/7/7/5/5/3/2/2 3 3,X,-0.5,2,SLEEP,Z,0,0
7/7/7/7/5/5/3/2/1 3 3,X,0.2222222222222222222222222222,2,SLEEP,Z,0,0
7/7/7/7/5/3/2/2/6 3 3,X,-0.6666666666666666666666666666,2,SLEEP,Z,0.008095232,0.02330344
7/7/7/7/5/3/2/2/5 3 3,Z,-0.5,2,SLEEP,Z,0,0
7/7/7/7/5/3/2/2/3 3 3,X,0.6666666666666666666666666666,2,SLEEP,Z,0,0
7/7/7/7/5/3/2/6/4 3 3,Z,-0.75,2,SLEEP,Z,0.01795176,0.0427002
7/7/7/7/5/3/2/6/2 3 3,Z,-0.75,2,SLEEP,Z,0.01200066,0.02922648
7/7/7/7/5/3/2/6/1 3 3,Z,-0.75,2,SLEEP,Z,0,0
7/7/7/7/5/3/2/5/4 3 3,X,-0.6666666666666666666666666666,2,SLEEP,Z,0.02745935,0.05705045
7/7/7/7/5/3/2/5/2 3 3,Z,-0.5,2,SLEEP,Z,0,0
7/7/7/7/5/3/2/5/1 3 3,X,0.6666666666666666666666666666,2,SLEEP,Z,0.01665005,0.054233
7/7/7/7/5/3/2/3/4 3 3,X,-0.6666666666666666666666666666,2,SLEEP,Z,0.03942565,0.03165415
7/7/7/7/5/3/2/3/2 3 3,Z,-0.5,2,SLEEP,Z,0,0
7/7/7/7/5/3/2/3/1 3 3,X,0.6666666666666666666666666666,2,SLEEP,Z,0,0
7/7/7/7/5/3/6/2/4 3 3,Z,-0.5,2,SLEEP,Z,0,0
7/7/7/7/5/3/6/2/2 3 3,Z,-0.5,2,SLEEP,Z,0,0
7/7/7/7/5/3/5/2/4 3 3,Z,-0.5,2,SLEEP,Z,0,0
7/7/7/7/5/3/5/2/2 3 3,Z,-0.5,2,SLEEP,Z,0,0
7/7/7/7/5/3/5/2/1 3 3,Z,-0.5,2,SLEEP,Z,0,0
7/7/7/7/5/3/3/2/2 3 3,Z,-0.5,2,SLEEP,Z,0,0
7/7/7/7/5/3/3/2/1 3 3,Z,-0.5,2,SLEEP,Z,0,0
7/7/7/7/5/7/2/2/2 3 3,X,0,2,SLEEP,Z,0.005926068,0.02020619
7/7/7/7/3/2/2/2/7 3 3,X,-0.5,2,SLEEP,Z,0.01869132,0.02813322
7/7/7/7/3/2/2/6/6 3 3,X,-0.6666666666666666666666666667,4,SLEEP,Z,0.05500307,0.1295548
7/7/7/7/3/2/2/6/5 3 3,X,-0.5,2,SLEEP,Z,0.01890493,0.05203709
7/7/7/7/3/2/2/6/3 3 3,X,0.5,2,SLEEP,Z,0.03403458,0.08673773
7/7/7/7/3/2/2/5/6 3 3,X,-0.6666666666666666666666666667,4,SLEEP,Z,0.04463553,0.1021897
7/7/7/7/3/2/2/5/5 3 3,X,-0.5,2,SLEEP,Z,0,0
7/7/7/7/3/2/2/5/3 3 3,X,0.5,2,SLEEP,Z,0,0
7/7/7/7/3/2/2/3/6 3 3,X,-0.6666666666666666666666666667,2,SLEEP,Z,0.02944616,0.08248508
7/7/7/7/3/2/2/3/5 3 3,X,-0.5,6,SLEEP,Z,0.09948033,0.3048923
7/7/7/7/3/2/2/3/3 3 3,X,0.5,4,SLEEP,Z,0.03106754,0.07588457
7/7/7/7/3/2/2/7/4 3 3,X,-0.6666666666666666666666666667,4,SLEEP,Z,0.02969272,0.08976611
7/7/7/7/3/2/2/7/2 3 3,X,-0.5,2,SLEEP,Z,0,0
7/7/7/7/3/2/2/7/1 3 3,X,0.5,2,SLEEP,Z,0.007550729,0.02282098
7/7/7/7/3/2/6/2/6 3 3,X,-0.8333333333333333333333333333,2,SLEEP,Z,0.01733086,0.05297446
7/7/7/7/3/2/6/2/5 3 3,X,-0.6666666666666666666666666667,2,SLEEP,Z,0.03273498,0.07389227
7/7/7/7/3/2/6/2/3 3 3,X,0.8333333333333333333333333333,2,SLEEP,Z,0.01514848,0.02891497
7/7/7/7/3/2/6/6/4 3 3,X,-0.8333333333333333333333333333,4,SLEEP,Z,0.1732714,0.3294145
7/7/7/7/3/2/6/6/2 3 3,X,-0.6666666666666666666666666667,2,SLEEP,Z,0.02688971,0.07131423
7/7/7/7/3/2/6/6/1 3 3,X,0.8333333333333333333333333333,2,SLEEP,Z,0.04566287,0.09901468
7/7/7/7/3/2/6/5/4 3 3,X,-0.8333333333333333333333333333,4,SLEEP,Z,0.02716792,0.08505522
7/7/7/7/3/2/6/5/2 3 3,X,-0.6666666666666666666666666667,2,SLEEP,Z,0.009325997,0.02808077
7/7/7/7/3/2/6/5/1 3 3,X,0.8333333333333333333333333333,2,SLEEP,Z,0,0
7/7/7/7/3/2/6/3/4 3 3,X,-0.8333333333333333333333333333,4,SLEEP,Z,0.04471541,0.1214562
7/7/7/7/3/2/6/3/2 3 3,X,-0.6666666666666666666666666667,2,SLEEP,Z,0.009936657,0.03301397
7/7/7/7/3/2/6/3/1 3 3,X,0.8333333333333333333333333333,2,SLEEP,Z,0.02227145,0.05490924
7/7/7/7/3/2/5/2/6 3 3,X,-0.6666666666666666666666666667,4,SLEEP,Z,0.03451286,0.08978621
7/7/7/7/3/2/5/2/5 3 3,X,-0.5,2,SLEEP,Z,0,0
7/7/7/7/3/2/5/2/3 3 3,X,-0.3333333333333333333333333333,2,SLEEP,Z,0,0
7/7/7/7/3/2/5/6/4 3 3,X,-0.6666666666666666666666666667,2,SLEEP,Z,0.03894484,0.08023069
7/7/7/7/3/2/5/6/2 3 3,X,-0.5,2,SLEEP,Z,0.04500643,0.1126003
7/7/7/7/3/2/5/6/1 3 3,Z,0.5,4,SLEEP,Z,0.03149659,0.08902598
7/7/7/7/3/2/5/5/4 3 3,X,-0.6666666666666666666666666667,2,SLEEP,Z,0,0
7/7/7/7/3/2/5/5/2 3 3,X,-0.5,2,SLEEP,Z,0,0
7/7/7/7/3/2/5/5/1 3 3,X,-0.3333333333333333333333333333,2,SLEEP,Z,0.0248744,0.02926734
7/7/7/7/3/2/5/3/4 3 3,X,-0.6666666666666666666666666667,4,SLEEP,Z,0.04955292,0.1437028
7/7/7/7/3/2/5/3/2 3 3,X,-0.5,2,SLEEP,Z,0,0
7/7/7/7/3/2/5/3/1 3 3,Z,-0.5,2,SLEEP,Z,0,0
7/7/7/7/3/2/3/2/6 3 3,X,-0.8333333333333333333333333333,2,SLEEP,Z,0,0
7/7/7/7/3/2/3/2/5 3 3,X,-0.5,2,SLEEP,Z,0,0
7/7/7/7/3/2/3/2/3 3 3,X,0.1818181818181818181818181818,2,SLEEP,Z,0,0
7/7/7/7/3/2/3/6/4 3 3,X,-0.8333333333333333333333333333,2,SLEEP,Z,0.02518006,0.05315412
7/7/7/7/3/2/3/6/2 3 3,X,-0.5,2,SLEEP,Z,0.07471268,0.1871092
7/7/7/7/3/2/3/6/1 3 3,Z,0.5,2,SLEEP,Z,0.009923927,0.01884177
7/7/7/7/3/2/3/5/4 3 3,X,-0.8333333333333333333333333333,2,SLEEP,Z,0.02955276,0.06346766
7/7/7/7/3/2/3/5/2 3 3,X,-0.5,2,SLEEP,Z,0,0
7/7/7/7/3/2/3/5/1 3 3,X,0.1818181818181818181818181818,2,SLEEP,Z,0.02932853,0.05281966
7/7/7/7/3/2/3/3/4 3 3,X,-0.8333333333333333333333333333,2,SLEEP,Z,0,0
7/7/7/7/3/2/3/3/2 3 3,X,-0.5,2,SLEEP,Z,0,0
7/7/7/7/3/2/3/3/1 3 3,Z,-0.5,4,SLEEP,Z,0.03397616,0.09544645
7/7/7/7/3/2/7/2/4 3 3,X,-0.6666666666666666666666666667,2,SLEEP,Z,0.03812135,0.1191311
7/7/7/7/3/2/7/2/2 3 3,X,-0.5,2,SLEEP,Z,0.02375664,0.05204996
7/7/7/7/3/2/7/2/1 3 3,X,-0.3333333333333333333333333333,2,SLEEP,Z,0,0
7/7/7/7/3/6/2/2/6 3 3,X,-0.6666666666666666666666666667,2,SLEEP,Z,0.02139399,0.05268238
7/7/7/7/3/6/2/2/5 3 3,X,-0.5,2,SLEEP,Z,0,0
7/7/7/7/3/6/2/2/3 3 3,X,0.6666666666666666666666666666,2,SLEEP,Z,0,0
7/7/7/7/3/6/2/6/4 3 3,X,-0.6666666666666666666666666667,2,SLEEP,Z,0.02487038,0.06151585
7/7/7/7/3/6/2/6/2 3 3,X,-0.5,2,SLEEP,Z,0.01987979,0.04476161
7/7/7/7/3/6/2/6/1 3 3,X,0.6666666666666666666666666666,2,SLEEP,Z,0,0
7/7/7/7/3/6/2/5/4 3 3,X,-0.6666666666666666666666666667,2,SLEEP,Z,0.07424961,0.09065308
7/7/7/7/3/6/2/5/2 3 3,X,-0.5,2,SLEEP,Z,0,0
7/7/7/7/3/6/2/5/1 3 3,X,0.6666666666666666666666666666,2,SLEEP,Z,0.02604031,0.06177505
7/7/7/7/3/6/2/3/4 3 3,Z,0.75,4,SLEEP,Z,0.08755702,0.185791
7/7/7/7/3/6/2/3/2 3 3,Z,0.75,2,SLEEP,Z,0.01077571,0.03042799
7/7/7/7/3/6/2/3/1 3 3,Z,0.75,2,SLEEP,Z,0.04401257,0.131548
7/7/7/7/3/6/6/2/4 3 3,X,-0.8333333333333333333333333333,4,SLEEP,Z,0.03463142,0.11644
7/7/7/7/3/6/6/2/2 3 3,X,-0.6666666666666666666666666667,2,SLEEP,Z,0.005962237,0.01797446
7/7/7/7/3/6/5/2/4 3 3,X,-0.6666666666666666666666666667,2,SLEEP,Z,0.1015831,0.31791
7/7/7/7/3/6/5/2/2 3 3,X,-0.5,2,SLEEP,Z,0,0
7/7/7/7/3/6/5/2/1 3 3,Z,0.5,2,SLEEP,Z,0.004818695,0.01971859
7/7/7/7/3/6/3/2/2 3 3,Z,0.5,2,SLEEP,Z,0.004930168,0.01531974
7/7/7/7/3/6/3/2/1 3 3,Z,0.5,2,SLEEP,Z,0.03447301,0.2622885
7/7/7/7/3/5/2/2/6 3 3,X,-0.6666666666666666666666666667,2,SLEEP,Z,0.02035582,0.06822664
7/7/7/7/3/5/2/2/5 3 3,X,-0.5,2,SLEEP,Z,0,0
7/7/7/7/3/5/2/2/3 3 3,X,0.6666666666666666666666666666,2,SLEEP,Z,0,0
7/7/7/7/3/5/2/6/4 3 3,X,-0.6666666666666666666666666667,2,SLEEP,Z,0.02847927,0.07216595
7/7/7/7/3/5/2/6/2 3 3,X,-0.5,2,SLEEP,Z,0,0
7/7/7/7/3/5/2/6/1 3 3,X,0.6666666666666666666666666666,2,SLEEP,Z,0.007813809,0.0227524
7/7/7/7/3/5/2/5/4 3 3,X,-0.6666666666666666666666666667,2,SLEEP,Z,0.04779423,0.1161484
7/7/7/7/3/5/2/5/2 3 3,X,-0.5,2,SLEEP,Z,0.0268459,0.03570408
7/7/7/7/3/5/2/5/1 3 3,X,0.6666666666666666666666666666,2,SLEEP,Z,0,0
7/7/7/7/3/5/2/3/4 3 3,X,-0.6666666666666666666666666667,2,SLEEP,Z,0.01251686,0.03082455
7/7/7/7/3/5/2/3/2 3 3,X,-0.5,2,SLEEP,Z,0,0
7/7/7/7/3/5/2/3/1 3 3,X,0.6666666666666666666666666666,2,SLEEP,Z,0.02098381,0.03142752
7/7/7/7/3/5/6/2/4 3 3,X,-0.8333333333333333333333333333,2,SLEEP,Z,0.04520911,0.1241425
7/7/7/7/3/5/6/2/2 3 3,X,-0.6666666666666666666666666667,2,SLEEP,Z,0.01180454,0.03405674
7/7/7/7/3/5/5/2/4 3 3,X,-0.6666666666666666666666666667,2,SLEEP,Z,0.01268143,0.04297954
7/7/7/7/3/5/5/2/2 3 3,X,-0.5,2,SLEEP,Z,0,0
7/7/7/7/3/5/5/2/1 3 3,X,-0.3333333333333333333333333333,2,SLEEP,Z,0,0
7/7/7/7/3/5/3/2/2 3 3,X,-0.5,2,SLEEP,Z,0.003269294,0.01195193
7/7/7/7/3/5/3/2/1 3 3,X,0.1818181818181818181818181818,2,SLEEP,Z,0.007842874,0.03087234
7/7/7/7/3/3/2/2/6 3 3,X,-0.6666666666666666666666666667,4,SLEEP,Z,0.02521937,0.0640121
7/7/7/7/3/3/2/2/5 3 3,X,-0.5,2,SLEEP,Z,0,0
7/7/7/7/3/3/2/2/3 3 3,X,0.6666666666666666666666666666,2,SLEEP,Z,0,0
7/7/7/7/3/3/2/6/4 3 3,Z,-0.75,4,SLEEP,Z,0.1103538,0.1906997
7/7/7/7/3/3/2/6/2 3 3,Z,-0.75,2,SLEEP,Z,0.008790899,0.02791843
7/7/7/7/3/3/2/6/1 3 3,Z,-0.75,2,SLEEP,Z,0,0
7/7/7/7/3/3/2/5/4 3 3,X,-0.6666666666666666666666666667,2,SLEEP,Z,0.1491133,0.3426125
7/7/7/7/3/3/2/5/2 3 3,X,-0.5,2,SLEEP,Z,0,0
7/7/7/7/3/3/2/5/1 3 3,X,0.6666666666666666666666666666,2,SLEEP,Z,0.07426848,0.2448184
7/7/7/7/3/3/2/3/4 3 3,X,-0.6666666666666666666666666667,4,SLEEP,Z,0.1737162,0.3384673
7/7/7/7/3/3/2/3/2 3 3,X,-0.5,2,SLEEP,Z,0,0
7/7/7/7/3/3/2/3/1 3 3,X,0.6666666666666666666666666666,2,SLEEP,Z,0.0159715,0.04704621
7/7/7/7/3/3/6/2/4 3 3,X,-0.8333333333333333333333333333,4,SLEEP,Z,0.0547678,0.1511949
7/7/7/7/3/3/6/2/2 3 3,X,-0.6666666666666666666666666667,2,SLEEP,Z,0.01315836,0.03917832
7/7/7/7/3/3/5/2/4 3 3,X,-0.6666666666666666666666666667,2,SLEEP,Z,0.03705432,0.1034022
7/7/7/7/3/3/5/2/2 3 3,X,-0.5,2,SLEEP,Z,0.005594069,0.0150328
7/7/7/7/3/3/5/2/1 3 3,Z,-0.5,2,SLEEP,Z,0.02324207,0.02463258
7/7/7/7/3/3/3/2/2 3 3,Z,-0.5,2,SLEEP,Z,0.005873348,0.02056997
7/7/7/7/3/3/3/2/1 3 3,Z,-0.5,2,SLEEP,Z,0,0
7/7/7/7/3/7/2/2/2 3 3,X,-0.5,2,SLEEP,Z,0,0
7/7/7/7/7/2/2/2/6 3 3,X,-0.6666666666666666666666666666,2,SLEEP,Z,0,0
7/7/7/7/7/2/2/2/5 3 3,X,0,2,SLEEP,Z,0,0
7/7/7/7/7/2/2/2/3 3 3,X,0.6666666666666666666666666666,2,SLEEP,Z,0,0
7/7/7/7/7/2/2/6/4 3 3,X,-0.6666666666666666666666666666,2,SLEEP,Z,0,0
7/7/7/7/7/2/2/6/2 3 3,Z,-0.5,2,SLEEP,Z,0,0
7/7/7/7/7/2/2/6/1 3 3,X,0.6666666666666666666666666666,2,SLEEP,Z,0.0254539,0.05058539
7/7/7/7/7/2/2/5/4 3 3,X,-0.6666666666666666666666666666,2,SLEEP,Z,0.04205049,0.03566331
7/7/7/7/7/2/2/5/2 3 3,X,0,2,SLEEP,Z,0,0
7/7/7/7/7/2/2/5/1 3 3,X,0.6666666666666666666666666666,2,SLEEP,Z,0,0
7/7/7/7/7/2/2/3/4 3 3,X,-0.6666666666666666666666666666,2,SLEEP,Z,0.04069731,0.07294394
7/7/7/7/7/2/2/3/2 3 3,Z,0.5,2,SLEEP,Z,0.07841896,0.2481127
7/7/7/7/7/2/2/3/1 3 3,X,0.6666666666666666666666666666,4,SLEEP,Z,0.04566505,0.1251104
7/7/7/7/7/2/6/2/4 3 3,X,-0.2666666666666666666666666667,2,SLEEP,Z,0,0
7/7/7/7/7/2/6/2/2 3 3,X,0.5,2,SLEEP,Z,0,0
7/7/7/7/7/2/5/2/4 3 3,X,-0.3333333333333333333333333333,2,SLEEP,Z,0.009040955,0.009390861
7/7/7/7/7/2/5/2/2 3 3,X,0,2,SLEEP,Z,0,0
7/7/7/7/7/2/5/2/1 3 3,X,0.3333333333333333333333333333,2,SLEEP,Z,0,0
7/7/7/7/7/2/3/2/2 3 3,X,-0.5,2,SLEEP,Z,0,0
7/7/7/7/7/2/3/2/1 3 3,X,0.2666666666666666666666666667,2,SLEEP,Z,0,0
7/7/7/7/7/6/2/2/2 3 3,Z,0.5,2,SLEEP,Z,0,0
7/7/7/7/7/5/2/2/2 3 3,X,0,2,SLEEP,Z,0,0
7/7/7/7/7/3/2/2/2 3 3,Z,-0.5,2,SLEEP,Z,0,0
