board,cog_axis,cog_value,unity_time,unity_state,unity_axis,unity_mav,unity_mlv
3/7/3/3/5/7/6/7/1 3 3,X,0.75,8,SLEEP,Z,0.0707956,0.2548373
3/7/3/3/5/7/5/2/7 3 3,X,-0.5,6,SLEEP,Z,0.05231708,0.2082971
3/7/3/3/5/7/5/6/6 3 3,Z,-0.5909090909090909090909090909,8,SLEEP,Z,0.08019708,0.3488197
3/7/3/3/5/7/5/6/5 3 3,Z,-0.5909090909090909090909090909,6,SLEEP,Z,0.05768983,0.2361414
3/7/3/3/5/7/5/6/3 3 3,Z,-0.5909090909090909090909090909,4,SLEEP,Z,0.05410495,0.223983
3/7/3/3/5/7/5/5/6 3 3,X,-0.5769230769230769230769230769,8,SLEEP,Z,0.112074,0.4089949
3/7/3/3/5/7/5/5/5 3 3,X,-0.5,6,SLEEP,Z,0.03927809,0.1759721
3/7/3/3/5/7/5/5/3 3 3,Z,-0.5,4,SLEEP,Z,0.06165771,0.1830156
3/7/3/3/5/7/5/3/6 3 3,X,-0.5769230769230769230769230769,4,SLEEP,Z,0.06722254,0.2750195
3/7/3/3/5/7/5/3/5 3 3,X,-0.5,4,SLEEP,Z,0.05859747,0.2205418
3/7/3/3/5/7/5/3/3 3 3,Z,-0.5,6,SLEEP,Z,0.06431134,0.2359898
3/7/3/3/5/7/5/7/4 3 3,X,-0.5769230769230769230769230769,12,SLEEP,Z,0.07163937,0.3191969
3/7/3/3/5/7/5/7/2 3 3,X,-0.5,6,SLEEP,Z,0.06283946,0.2394822
3/7/3/3/5/7/5/7/1 3 3,Z,-0.5,6,SLEEP,Z,0.08453983,0.2794758
3/7/3/3/5/7/3/2/7 3 3,Z,-0.5,6,SLEEP,Z,0.04755292,0.1811673
3/7/3/3/5/7/3/6/6 3 3,X,-0.75,6,SLEEP,Z,0.1152156,0.3613792
3/7/3/3/5/7/3/6/5 3 3,Z,-0.5909090909090909090909090909,6,SLEEP,Z,0.05676793,0.219094
3/7/3/3/5/7/3/6/3 3 3,Z,-0.5909090909090909090909090909,4,SLEEP,Z,0.03127386,0.125512
3/7/3/3/5/7/3/5/6 3 3,X,-0.75,6,SLEEP,Z,0.06100173,0.2336675
3/7/3/3/5/7/3/5/5 3 3,Z,-0.5,8,SLEEP,Z,0.05631175,0.2333829
3/7/3/3/5/7/3/5/3 3 3,Z,-0.5,4,SLEEP,Z,0.03005174,0.1263786
3/7/3/3/5/7/3/3/6 3 3,X,-0.75,6,SLEEP,Z,0.06532136,0.2594279
3/7/3/3/5/7/3/3/5 3 3,X,-0.5,6,SLEEP,Z,0.1052459,0.333624
3/7/3/3/5/7/3/3/3 3 3,Z,-0.5,2,SLEEP,Z,0.02820768,0.09988549
3/7/3/3/5/7/3/7/4 3 3,X,-0.75,4,SLEEP,Z,0.04559374,0.1779874
3/7/3/3/5/7/3/7/2 3 3,Z,-0.5,6,SLEEP,Z,0.05355281,0.201569
3/7/3/3/5/7/3/7/1 3 3,Z,-0.5,4,SLEEP,Z,0.04748646,0.1430196
3/7/3/3/5/7/7/2/6 3 3,X,-0.5769230769230769230769230769,6,SLEEP,Z,0.06082295,0.2612596
3/7/3/3/5/7/7/2/5 3 3,X,-0.5,8,SLEEP,Z,0.1541223,0.3776602
3/7/3/3/5/7/7/2/3 3 3,Z,-0.5,4,SLEEP,Z,0.04048178,0.1695541
3/7/3/3/5/7/7/6/4 3 3,Z,-0.5909090909090909090909090909,6,SLEEP,Z,0.08958782,0.3329233
3/7/3/3/5/7/7/6/2 3 3,Z,-0.5909090909090909090909090909,4,SLEEP,Z,0.03626289,0.1483559
3/7/3/3/5/7/7/6/1 3 3,Z,-0.5909090909090909090909090909,4,SLEEP,Z,0.03523342,0.1320499
3/7/3/3/5/7/7/5/4 3 3,X,-0.5769230769230769230769230769,6,SLEEP,Z,0.04320083,0.1872833
3/7/3/3/5/7/7/5/2 3 3,X,-0.5,6,SLEEP,Z,0.102156,0.3370842
3/7/3/3/5/7/7/5/1 3 3,Z,-0.5,4,SLEEP,Z,0.01971942,0.08192893
3/7/3/3/5/7/7/3/4 3 3,X,-0.5769230769230769230769230769,6,SLEEP,Z,0.06501044,0.2826962
3/7/3/3/5/7/7/3/2 3 3,X,-0.5,6,SLEEP,Z,0.0464703,0.2018601
3/7/3/3/5/7/7/3/1 3 3,Z,-0.5,4,SLEEP,Z,0.05551881,0.2177885
3/7/3/3/3/2/6/7/7 3 3,X,-0.6111111111111111111111111111,6,SLEEP,Z,0.09684221,0.3173592
3/7/3/3/3/2/5/7/7 3 3,Z,-0.5,8,SLEEP,Z,0.05669359,0.2607647
3/7/3/3/3/2/3/7/7 3 3,Z,-0.5,14,SLEEP,Z,0.06640352,0.2232353
3/7/3/3/3/2/7/6/7 3 3,Z,-0.5909090909090909090909090909,22,SLEEP,Z,0.08560728,0.2333523
3/7/3/3/3/2/7/5/7 3 3,Z,-0.5,6,SLEEP,Z,0.05968197,0.2353014
3/7/3/3/3/2/7/3/7 3 3,X,-0.5,8,SLEEP,Z,0.05393467,0.2100188
3/7/3/3/3/2/7/7/6 3 3,X,-0.6111111111111111111111111111,6,SLEEP,Z,0.06612469,0.2553189
3/7/3/3/3/2/7/7/5 3 3,Z,-0.5,8,SLEEP,Z,0.127429,0.3994839
3/7/3/3/3/2/7/7/3 3 3,Z,-0.5,6,SLEEP,Z,0.05993825,0.2143728
3/7/3/3/3/6/2/7/7 3 3,Z,-0.5909090909090909090909090909,8,SLEEP,Z,0.09903637,0.3023919
3/7/3/3/3/6/6/6/7 3 3,Z,-0.6818181818181818181818181819,10,SLEEP,Z,0.1465583,0.401812
3/7/3/3/3/6/6/5/7 3 3,X,-0.6111111111111111111111111111,10,SLEEP,Z,0.1030302,0.4001458
3/7/3/3/3/6/6/3/7 3 3,Z,0.6428571428571428571428571429,10,SLEEP,Z,0.06729642,0.2271966
3/7/3/3/3/6/6/7/6 3 3,X,-0.7222222222222222222222222222,10,SLEEP,Z,0.1659197,0.4580402
3/7/3/3/3/6/6/7/5 3 3,X,-0.6111111111111111111111111111,6,SLEEP,Z,0.07154441,0.2606902
3/7/3/3/3/6/6/7/3 3 3,X,0.7,6,SLEEP,Z,0.05086002,0.1949692
3/7/3/3/3/6/5/6/7 3 3,Z,-0.6818181818181818181818181819,6,SLEEP,Z,0.1264017,0.3645621
3/7/3/3/3/6/5/5/7 3 3,Z,-0.5909090909090909090909090909,8,SLEEP,Z,0.1473333,0.4310113
3/7/3/3/3/6/5/3/7 3 3,Z,0.6428571428571428571428571429,4,SLEEP,Z,0.05781435,0.2224784
3/7/3/3/3/6/5/7/6 3 3,X,-0.6111111111111111111111111111,10,SLEEP,Z,0.08979594,0.3422746
3/7/3/3/3/6/5/7/5 3 3,Z,-0.5909090909090909090909090909,4,SLEEP,Z,0.05461185,0.2068312
3/7/3/3/3/6/5/7/3 3 3,Z,-0.5909090909090909090909090909,4,SLEEP,Z,0.0346226,0.09827548
3/7/3/3/3/6/3/6/7 3 3,Z,-0.6818181818181818181818181819,8,SLEEP,Z,0.141064,0.371438
3/7/3/3/3/6/3/5/7 3 3,Z,-0.5909090909090909090909090909,4,SLEEP,Z,0.04225287,0.1597762
3/7/3/3/3/6/3/3/7 3 3,Z,0.6428571428571428571428571429,4,SLEEP,Z,0.04341252,0.156439
3/7/3/3/3/6/3/7/6 3 3,X,-0.7,8,SLEEP,Z,0.08290046,0.3351334
3/7/3/3/3/6/3/7/5 3 3,Z,-0.5909090909090909090909090909,6,SLEEP,Z,0.04555881,0.1552923
3/7/3/3/3/6/3/7/3 3 3,Z,-0.5909090909090909090909090909,4,SLEEP,Z,0.03637465,0.1266735
3/7/3/3/3/6/7/2/7 3 3,Z,-0.5909090909090909090909090909,6,SLEEP,Z,0.05329492,0.1780593
3/7/3/3/3/6/7/6/6 3 3,Z,-0.6818181818181818181818181819,12,SLEEP,Z,0.1275139,0.3697684
3/7/3/3/3/6/7/6/5 3 3,Z,-0.6818181818181818181818181819,8,SLEEP,Z,0.09537774,0.308418
3/7/3/3/3/6/7/6/3 3 3,Z,-0.6818181818181818181818181819,6,SLEEP,Z,0.116717,0.3470251
3/7/3/3/3/6/7/5/6 3 3,X,-0.6111111111111111111111111111,8,SLEEP,Z,0.08798989,0.3108369
3/7/3/3/3/6/7/5/5 3 3,Z,-0.5909090909090909090909090909,6,SLEEP,Z,0.05979173,0.2183187
3/7/3/3/3/6/7/5/3 3 3,Z,-0.5909090909090909090909090909,2,SLEEP,Z,0.04505026,0.1674185
3/7/3/3/3/6/7/3/6 3 3,Z,0.6428571428571428571428571429,8,SLEEP,Z,0.1201132,0.3946543
3/7/3/3/3/6/7/3/5 3 3,Z,0.6428571428571428571428571429,4,SLEEP,Z,0.04353505,0.1837313
3/7/3/3/3/6/7/3/3 3 3,Z,0.6428571428571428571428571429,4,SLEEP,Z,0.08460741,0.3579948
3/7/3/3/3/6/7/7/4 3 3,X,-0.6111111111111111111111111111,8,SLEEP,Z,0.08094298,0.315018
3/7/3/3/3/6/7/7/2 3 3,Z,-0.5909090909090909090909090909,6,SLEEP,Z,0.1237687,0.3726048
3/7/3/3/3/6/7/7/1 3 3,Z,-0.5909090909090909090909090909,2,SLEEP,Z,0.0370866,0.1346627
3/7/3/3/3/5/2/7/7 3 3,Z,-0.5,6,SLEEP,Z,0.07038296,0.1756349
3/7/3/3/3/5/6/6/7 3 3,X,-0.6111111111111111111111111111,6,SLEEP,Z,0.04591361,0.1761834
3/7/3/3/3/5/6/5/7 3 3,X,-0.6111111111111111111111111111,8,SLEEP,Z,0.07653581,0.2988018
3/7/3/3/3/5/6/3/7 3 3,X,-0.6111111111111111111111111111,6,SLEEP,Z,0.1058276,0.3440484
3/7/3/3/3/5/6/7/6 3 3,X,-0.7222222222222222222222222222,18,SLEEP,Z,0.1234605,0.3530928
3/7/3/3/3/5/6/7/5 3 3,X,-0.6111111111111111111111111111,6,SLEEP,Z,0.05804837,0.2211378
3/7/3/3/3/5/6/7/3 3 3,X,0.7,6,SLEEP,Z,0.07076105,0.1894854
3/7/3/3/3/5/5/6/7 3 3,Z,-0.5909090909090909090909090909,6,SLEEP,Z,0.08053648,0.2686214
3/7/3/3/3/5/5/5/7 3 3,Z,-0.5,6,SLEEP,Z,0.06499967,0.2260517
3/7/3/3/3/5/5/3/7 3 3,X,-0.5,4,SLEEP,Z,0.03177831,0.1176558
3/7/3/3/3/5/5/7/6 3 3,X,-0.6111111111111111111111111111,6,SLEEP,Z,0.1377283,0.4342144
3/7/3/3/3/5/5/7/5 3 3,Z,-0.5,6,SLEEP,Z,0.06517623,0.2499782
3/7/3/3/3/5/5/7/3 3 3,Z,-0.5,6,SLEEP,Z,0.05814133,0.2148068
3/7/3/3/3/5/3/6/7 3 3,Z,-0.5909090909090909090909090909,6,SLEEP,Z,0.05044967,0.1956304
3/7/3/3/3/5/3/5/7 3 3,Z,-0.5,4,SLEEP,Z,0.04434605,0.1813396
3/7/3/3/3/5/3/3/7 3 3,X,-0.5,2,SLEEP,Z,0.04417255,0.159434
3/7/3/3/3/5/3/7/6 3 3,X,-0.7,8,SLEEP,Z,0.08325195,0.2738275
3/7/3/3/3/5/3/7/5 3 3,Z,-0.5,4,SLEEP,Z,0.0490201,0.203502
3/7/3/3/3/5/3/7/3 3 3,Z,-0.5,4,SLEEP,Z,0.04890442,0.1512725
3/7/3/3/3/5/7/2/7 3 3,Z,-0.5,4,SLEEP,Z,0.06641168,0.2611121
3/7/3/3/3/5/7/6/6 3 3,X,-0.6111111111111111111111111111,8,SLEEP,Z,0.1489143,0.4521894
3/7/3/3/3/5/7/6/5 3 3,Z,-0.5909090909090909090909090909,6,SLEEP,Z,0.08509655,0.3288638
3/7/3/3/3/5/7/6/3 3 3,Z,-0.5909090909090909090909090909,6,SLEEP,Z,0.07241701,0.2341015
3/7/3/3/3/5/7/5/6 3 3,X,-0.6111111111111111111111111111,8,SLEEP,Z,0.163278,0.462107
3/7/3/3/3/5/7/5/5 3 3,Z,-0.5,6,SLEEP,Z,0.05864131,0.2154533
3/7/3/3/3/5/7/5/3 3 3,Z,-0.5,2,SLEEP,Z,0.02271423,0.0913659
3/7/3/3/3/5/7/3/6 3 3,X,-0.6111111111111111111111111111,6,SLEEP,Z,0.06859209,0.2765271
3/7/3/3/3/5/7/3/5 3 3,X,-0.5,8,SLEEP,Z,0.1445098,0.4128731
3/7/3/3/3/5/7/3/3 3 3,Z,-0.5,4,SLEEP,Z,0.03590311,0.1485057
3/7/3/3/3/5/7/7/4 3 3,X,-0.6111111111111111111111111111,6,SLEEP,Z,0.1299619,0.4393553
3/7/3/3/3/5/7/7/2 3 3,Z,-0.5,6,SLEEP,Z,0.05819101,0.2032256
3/7/3/3/3/5/7/7/1 3 3,Z,-0.5,4,SLEEP,Z,0.03019539,0.1236154
3/7/3/3/3/3/2/7/7 3 3,X,-0.5,8,SLEEP,Z,0.0742792,0.2644934
3/7/3/3/3/3/6/6/7 3 3,Z,-0.6428571428571428571428571429,6,SLEEP,Z,0.09843721,0.3051045
3/7/3/3/3/3/6/5/7 3 3,X,-0.6111111111111111111111111111,6,SLEEP,Z,0.1195716,0.3793737
3/7/3/3/3/3/6/3/7 3 3,X,-0.6111111111111111111111111111,8,SLEEP,Z,0.1543011,0.3626943
3/7/3/3/3/3/6/7/6 3 3,X,-0.7222222222222222222222222222,10,SLEEP,Z,0.1172433,0.424817
3/7/3/3/3/3/6/7/5 3 3,X,-0.6111111111111111111111111111,8,SLEEP,Z,0.07190301,0.2538617
3/7/3/3/3/3/6/7/3 3 3,X,0.7,2,SLEEP,Z,0.05569392,0.1635546
3/7/3/3/3/3/5/6/7 3 3,Z,-0.6428571428571428571428571429,4,SLEEP,Z,0.04616288,0.1830452
3/7/3/3/3/3/5/5/7 3 3,X,-0.5,8,SLEEP,Z,0.08264462,0.2853763
3/7/3/3/3/3/5/3/7 3 3,X,-0.5,6,SLEEP,Z,0.07872951,0.2563772
3/7/3/3/3/3/5/7/6 3 3,X,-0.6111111111111111111111111111,8,SLEEP,Z,0.07913014,0.2756809
3/7/3/3/3/3/5/7/5 3 3,X,-0.5,4,SLEEP,Z,0.06490543,0.2618711
3/7/3/3/3/3/5/7/3 3 3,Z,-0.5,6,SLEEP,Z,0.08483208,0.25333
3/7/3/3/3/3/3/6/7 3 3,Z,-0.6428571428571428571428571429,2,SLEEP,Z,0.03559119,0.1442876
3/7/3/3/3/3/3/5/7 3 3,Z,-0.5,4,SLEEP,Z,0.05359969,0.2297689
3/7/3/3/3/3/3/3/7 3 3,X,-0.5,4,SLEEP,Z,0.04947563,0.1861482
3/7/3/3/3/3/3/7/6 3 3,X,-0.7,4,SLEEP,Z,0.102453,0.2786138
3/7/3/3/3/3/3/7/5 3 3,Z,-0.5,8,SLEEP,Z,0.1338145,0.4181604
3/7/3/3/3/3/3/7/3 3 3,Z,-0.5,4,SLEEP,Z,0.0293417,0.1125781
3/7/3/3/3/3/7/2/7 3 3,X,-0.5,6,SLEEP,Z,0.07755826,0.2397819
3/7/3/3/3/3/7/6/6 3 3,Z,-0.6428571428571428571428571429,6,SLEEP,Z,0.081071,0.3046272
3/7/3/3/3/3/7/6/5 3 3,Z,-0.6428571428571428571428571429,8,SLEEP,Z,0.1475312,0.359282
3/7/3/3/3/3/7/6/3 3 3,Z,-0.6428571428571428571428571429,6,SLEEP,Z,0.0431216,0.1825416
3/7/3/3/3/3/7/5/6 3 3,X,-0.6111111111111111111111111111,8,SLEEP,Z,0.06461867,0.2686616
3/7/3/3/3/3/7/5/5 3 3,X,-0.5,6,SLEEP,Z,0.06011368,0.2298225
3/7/3/3/3/3/7/5/3 3 3,Z,-0.5,6,SLEEP,Z,0.09405588,0.2378622
3/7/3/3/3/3/7/3/6 3 3,X,-0.6111111111111111111111111111,8,SLEEP,Z,0.07452057,0.2909644
3/7/3/3/3/3/7/3/5 3 3,X,-0.5,4,SLEEP,Z,0.05274971,0.1658964
3/7/3/3/3/3/7/3/3 3 3,Z,-0.5,4,SLEEP,Z,0.03392592,0.1318461
3/7/3/3/3/3/7/7/4 3 3,X,-0.6111111111111111111111111111,4,SLEEP,Z,0.06179902,0.2440251
3/7/3/3/3/3/7/7/2 3 3,X,-0.5,8,SLEEP,Z,0.1110089,0.3293755
3/7/3/3/3/3/7/7/1 3 3,Z,-0.5,4,SLEEP,Z,0.05266653,0.2127412
3/7/3/3/3/7/2/6/7 3 3,Z,-0.5909090909090909090909090909,8,SLEEP,Z,0.08451051,0.2881692
3/7/3/3/3/7/2/5/7 3 3,Z,-0.5,4,SLEEP,Z,0.05945384,0.2105984
3/7/3/3/3/7/2/3/7 3 3,X,-0.5,8,SLEEP,Z,0.09060057,0.2634603
3/7/3/3/3/7/2/7/6 3 3,X,-0.6111111111111111111111111111,4,SLEEP,Z,0.06195874,0.2435774
3/7/3/3/3/7/2/7/5 3 3,Z,-0.5,8,SLEEP,Z,0.1129706,0.3425473
3/7/3/3/3/7/2/7/3 3 3,Z,-0.5,4,SLEEP,Z,0.03881739,0.1240427
3/7/3/3/3/7/6/2/7 3 3,X,-0.6111111111111111111111111111,4,SLEEP,Z,0.05100637,0.1821604
3/7/3/3/3/7/6/6/5 3 3,X,-0.6111111111111111111111111111,6,SLEEP,Z,0.08107868,0.2810351
3/7/3/3/3/7/6/6/3 3 3,X,0.75,6,SLEEP,Z,0.07050373,0.2489428
3/7/3/3/3/7/6/5/6 3 3,X,-0.7222222222222222222222222222,8,SLEEP,Z,0.1042058,0.3966813
3/7/3/3/3/7/6/5/5 3 3,X,-0.6111111111111111111111111111,6,SLEEP,Z,0.05138014,0.1904745
3/7/3/3/3/7/6/5/3 3 3,X,0.75,6,SLEEP,Z,0.07926639,0.2362101
3/7/3/3/3/7/6/3/6 3 3,X,-0.7222222222222222222222222222,10,SLEEP,Z,0.1727728,0.4089871
3/7/3/3/3/7/6/3/5 3 3,X,-0.6111111111111111111111111111,6,SLEEP,Z,0.06226374,0.2275353
3/7/3/3/3/7/6/3/3 3 3,X,0.75,2,SLEEP,Z,0.0477476,0.1722678
3/7/3/3/2/7/6/7/6 3 3,X,-0.6538461538461538461538461538,8,SLEEP,Z,0.08191126,0.3116989
3/7/3/3/3/7/6/6/6 3 3,X,-0.7222222222222222222222222222,16,SLEEP,Z,0.1103749,0.3749284
3/7/3/3/3/7/6/7/4 3 3,X,-0.7222222222222222222222222222,8,SLEEP,Z,0.1893893,0.52061
3/7/3/3/3/7/6/7/2 3 3,X,-0.6111111111111111111111111111,4,SLEEP,Z,0.0450214,0.1822715
3/7/3/3/3/7/6/7/1 3 3,X,0.75,8,SLEEP,Z,0.1300297,0.3803592
3/7/3/3/3/7/5/2/7 3 3,Z,-0.5,6,SLEEP,Z,0.06483495,0.2337625
3/7/3/3/3/7/5/6/6 3 3,X,-0.6111111111111111111111111111,6,SLEEP,Z,0.08873852,0.3057188
3/7/3/3/3/7/5/6/5 3 3,Z,-0.5909090909090909090909090909,6,SLEEP,Z,0.05733903,0.2376313
3/7/3/3/3/7/5/6/3 3 3,Z,-0.5909090909090909090909090909,6,SLEEP,Z,0.08319078,0.2470527
3/7/3/3/3/7/5/5/6 3 3,X,-0.6111111111111111111111111111,8,SLEEP,Z,0.08233751,0.31209
3/7/3/3/3/7/5/5/5 3 3,Z,-0.5,6,SLEEP,Z,0.05360899,0.2022053
3/7/3/3/3/7/5/5/3 3 3,Z,-0.5,4,SLEEP,Z,0.05078177,0.1638131
3/7/3/3/3/7/5/3/6 3 3,X,-0.6111111111111111111111111111,6,SLEEP,Z,0.0743757,0.2794564
3/7/3/3/3/7/5/3/5 3 3,X,-0.5,4,SLEEP,Z,0.07136817,0.2717684
3/7/3/3/3/7/5/3/3 3 3,Z,-0.5,4,SLEEP,Z,0.06258926,0.2074379
3/7/3/3/3/7/5/7/4 3 3,X,-0.6111111111111111111111111111,6,SLEEP,Z,0.08049617,0.2886027
3/7/3/3/3/7/5/7/2 3 3,Z,-0.5,2,SLEEP,Z,0.0397703,0.1734091
3/7/3/3/3/7/5/7/1 3 3,Z,-0.5,4,SLEEP,Z,0.04761114,0.1898689
3/7/3/3/3/7/3/2/7 3 3,Z,-0.5,6,SLEEP,Z,0.06139299,0.2160457
3/7/3/3/3/7/3/6/6 3 3,X,-0.75,6,SLEEP,Z,0.07640593,0.2588316
3/7/3/3/3/7/3/6/5 3 3,Z,-0.5909090909090909090909090909,6,SLEEP,Z,0.06405763,0.2275523
3/7/3/3/3/7/3/6/3 3 3,Z,-0.5909090909090909090909090909,14,SLEEP,Z,0.04133422,0.1338969
3/7/3/3/3/7/3/5/6 3 3,X,-0.75,6,SLEEP,Z,0.06032985,0.2461602
3/7/3/3/3/7/3/5/5 3 3,Z,-0.5,4,SLEEP,Z,0.03474847,0.1484912
3/7/3/3/3/7/3/5/3 3 3,Z,-0.5,4,SLEEP,Z,0.04353706,0.163539
3/7/3/3/3/7/3/3/6 3 3,X,-0.75,4,SLEEP,Z,0.08551374,0.2377023
3/7/3/3/3/7/3/3/5 3 3,X,-0.5,8,SLEEP,Z,0.06967767,0.2512091
3/7/3/3/3/7/3/3/3 3 3,Z,-0.5,2,SLEEP,Z,0.01668067,0.07086541
3/7/3/3/3/7/3/7/4 3 3,X,-0.75,2,SLEEP,Z,0.05524815,0.2049726
3/7/3/3/3/7/3/7/2 3 3,Z,-0.5,4,SLEEP,Z,0.0839166,0.2504618
3/7/3/3/3/7/3/7/1 3 3,Z,-0.5,4,SLEEP,Z,0.09092969,0.2910156
3/7/3/3/3/7/7/2/6 3 3,X,-0.6111111111111111111111111111,6,SLEEP,Z,0.06644344,0.2383373
3/7/3/3/3/7/7/2/5 3 3,Z,-0.5,6,SLEEP,Z,0.06474249,0.2537795
3/7/3/3/3/7/7/2/3 3 3,Z,-0.5,4,SLEEP,Z,0.04947079,0.1774742
3/7/3/3/3/7/7/6/4 3 3,X,-0.6111111111111111111111111111,8,SLEEP,Z,0.1400379,0.3985533
3/7/3/3/3/7/7/6/2 3 3,Z,-0.5909090909090909090909090909,6,SLEEP,Z,0.03636471,0.1468529
3/7/3/3/3/7/7/6/1 3 3,Z,-0.5909090909090909090909090909,4,SLEEP,Z,0.05449659,0.2182739
3/7/3/3/3/7/7/5/4 3 3,X,-0.6111111111111111111111111111,6,SLEEP,Z,0.04882646,0.1865197
3/7/3/3/3/7/7/5/2 3 3,Z,-0.5,6,SLEEP,Z,0.05916718,0.2328685
3/7/3/3/3/7/7/5/1 3 3,Z,-0.5,4,SLEEP,Z,0.1015231,0.2851791
3/7/3/3/3/7/7/3/4 3 3,X,-0.6111111111111111111111111111,6,SLEEP,Z,0.06621518,0.2922718
3/7/3/3/3/7/7/3/2 3 3,X,-0.5,4,SLEEP,Z,0.04254829,0.175464
3/7/3/3/3/7/7/3/1 3 3,Z,-0.5,4,SLEEP,Z,0.05370367,0.1766547
3/7/3/3/7/2/2/7/7 3 3,X,-0.5,6,SLEEP,Z,0.07271142,0.2643349
3/7/3/3/7/2/6/6/7 3 3,Z,-0.5909090909090909090909090909,10,SLEEP,Z,0.06416364,0.2144499
3/7/3/3/7/2/6/5/7 3 3,X,-0.5769230769230769230769230769,8,SLEEP,Z,0.08992334,0.3368507
3/7/3/3/7/2/6/3/7 3 3,X,-0.5769230769230769230769230769,10,SLEEP,Z,0.08593147,0.3434955
3/7/3/3/7/2/6/7/6 3 3,X,-0.6538461538461538461538461538,8,SLEEP,Z,0.1111089,0.4281898
3/7/3/3/7/2/6/7/5 3 3,X,-0.5769230769230769230769230769,10,SLEEP,Z,0.1022353,0.3963715
3/7/3/3/7/2/6/7/3 3 3,X,0.7,6,SLEEP,Z,0.04441536,0.1522384
3/7/3/3/7/2/5/6/7 3 3,Z,-0.5909090909090909090909090909,6,SLEEP,Z,0.06136316,0.1528557
3/7/3/3/7/2/5/5/7 3 3,X,-0.5,8,SLEEP,Z,0.04208588,0.181363
3/7/3/3/7/2/5/3/7 3 3,X,-0.5,6,SLEEP,Z,0.06731168,0.1819924
3/7/3/3/7/2/5/7/6 3 3,X,-0.5769230769230769230769230769,6,SLEEP,Z,0.06078348,0.2384056
3/7/3/3/7/2/5/7/5 3 3,X,-0.5,4,SLEEP,Z,0.05533749,0.1959337
3/7/3/3/7/2/5/7/3 3 3,Z,-0.5,6,SLEEP,Z,0.06178427,0.2443048
3/7/3/3/7/2/3/6/7 3 3,Z,-0.5909090909090909090909090909,6,SLEEP,Z,0.04888018,0.1680439
3/7/3/3/7/2/3/5/7 3 3,Z,-0.5,4,SLEEP,Z,0.05972851,0.2191109
3/7/3/3/7/2/3/3/7 3 3,X,-0.5,10,SLEEP,Z,0.05317706,0.3912293
3/7/3/3/7/2/3/7/6 3 3,X,-0.7,8,SLEEP,Z,0.1091514,0.3408124
3/7/3/3/7/2/3/7/5 3 3,Z,-0.5,4,SLEEP,Z,0.04162691,0.1489157
3/7/3/3/7/2/3/7/3 3 3,Z,-0.5,4,SLEEP,Z,0.04145527,0.1629539
3/7/3/3/7/2/7/2/7 3 3,X,-0.5,6,SLEEP,Z,0.09039614,0.2899218
3/7/3/3/7/2/7/6/6 3 3,Z,-0.5909090909090909090909090909,12,SLEEP,Z,0.08821864,0.3330684
3/7/3/3/7/2/7/6/5 3 3,Z,-0.5909090909090909090909090909,8,SLEEP,Z,0.05570396,0.2352736
3/7/3/3/7/2/7/6/3 3 3,Z,-0.5909090909090909090909090909,4,SLEEP,Z,0.04203282,0.1410792
3/7/3/3/7/2/7/5/6 3 3,X,-0.5769230769230769230769230769,8,SLEEP,Z,0.06219335,0.2516185
3/7/3/3/7/2/7/5/5 3 3,X,-0.5,6,SLEEP,Z,0.05384481,0.1892013
3/7/3/3/7/2/7/5/3 3 3,Z,-0.5,6,SLEEP,Z,0.04857776,0.1849905
3/7/3/3/7/2/7/3/6 3 3,X,-0.5769230769230769230769230769,8,SLEEP,Z,0.1173451,0.411179
3/7/3/3/7/2/7/3/5 3 3,X,-0.5,6,SLEEP,Z,0.04840176,0.2047594
3/7/3/3/7/2/7/3/3 3 3,Z,-0.5,4,SLEEP,Z,0.04603775,0.2081678
3/7/3/3/7/2/7/7/4 3 3,X,-0.5769230769230769230769230769,10,SLEEP,Z,0.1312938,0.47515
3/7/3/3/7/2/7/7/2 3 3,X,-0.5,6,SLEEP,Z,0.05076274,0.2093462
3/7/3/3/7/2/7/7/1 3 3,Z,-0.5,6,SLEEP,Z,0.1075318,0.383615
3/7/3/3/7/6/2/6/7 3 3,Z,-0.6818181818181818181818181818,10,SLEEP,Z,0.1034967,0.35562
3/7/3/3/7/6/2/5/7 3 3,Z,-0.5909090909090909090909090909,4,SLEEP,Z,0.05884696,0.2124206
3/7/3/3/7/6/2/3/7 3 3,Z,0.6666666666666666666666666667,6,SLEEP,Z,0.08708716,0.3541957
3/7/3/3/7/6/2/7/6 3 3,Z,-0.5909090909090909090909090909,6,SLEEP,Z,0.07957205,0.3049287
3/7/3/3/7/6/2/7/5 3 3,Z,-0.5909090909090909090909090909,8,SLEEP,Z,0.1169894,0.3454703
3/7/3/3/7/6/2/7/3 3 3,Z,-0.5909090909090909090909090909,4,SLEEP,Z,0.04392273,0.1727753
3/3/3/3/7/6/6/6/7 3 3,Z,-0.6666666666666666666666666667,14,SLEEP,Z,0.124391,0.4543073
3/7/3/3/7/6/6/2/7 3 3,Z,-0.5909090909090909090909090909,14,SLEEP,Z,0.08819041,0.335782
3/7/3/3/7/6/6/6/6 3 3,Z,-0.6818181818181818181818181818,14,SLEEP,Z,0.2033819,0.6906342
3/7/3/3/7/6/6/6/5 3 3,Z,-0.6818181818181818181818181818,14,SLEEP,Z,0.09891789,0.4510343
3/7/3/3/7/6/6/6/3 3 3,X,0.75,6,SLEEP,Z,0.09303288,0.2455029
3/7/3/3/7/6/6/5/6 3 3,X,-0.6538461538461538461538461538,14,SLEEP,Z,0.153744,0.5788339
3/7/3/3/7/6/6/5/5 3 3,Z,-0.5909090909090909090909090909,6,SLEEP,Z,0.06007043,0.1758643
3/7/3/3/7/6/6/5/3 3 3,X,0.75,6,SLEEP,Z,0.08065736,0.3130428
3/7/3/3/7/6/6/3/6 3 3,Z,0.6666666666666666666666666667,10,SLEEP,Z,0.09920733,0.3965463
3/7/3/3/7/6/6/3/5 3 3,Z,0.6666666666666666666666666667,6,SLEEP,Z,0.06411738,0.2723225
3/7/3/3/7/6/6/3/3 3 3,X,0.75,6,SLEEP,Z,0.05726454,0.1972872
3/7/3/3/7/6/6/7/4 3 3,X,-0.6538461538461538461538461538,10,SLEEP,Z,0.1548911,0.5537398
3/7/3/3/7/6/6/7/2 3 3,Z,-0.5909090909090909090909090909,6,SLEEP,Z,0.05992635,0.2282901
3/7/3/3/7/6/6/7/1 3 3,X,0.75,4,SLEEP,Z,0.03928227,0.1624704
3/7/3/3/7/6/5/2/7 3 3,Z,-0.5909090909090909090909090909,6,SLEEP,Z,0.06499249,0.2813335
3/7/3/3/7/6/5/6/6 3 3,Z,-0.6818181818181818181818181818,6,SLEEP,Z,0.04848586,0.1886461
3/7/3/3/7/6/5/6/5 3 3,Z,-0.6818181818181818181818181818,6,SLEEP,Z,0.05675032,0.2419017
3/7/3/3/7/6/5/6/3 3 3,Z,-0.6818181818181818181818181818,12,SLEEP,Z,0.1257754,0.406268
3/7/3/3/7/6/5/5/6 3 3,Z,-0.5909090909090909090909090909,10,SLEEP,Z,0.07929636,0.2417181
3/7/3/3/7/6/5/5/5 3 3,Z,-0.5909090909090909090909090909,6,SLEEP,Z,0.05734682,0.2390604
3/7/3/3/7/6/5/5/3 3 3,Z,-0.5909090909090909090909090909,6,SLEEP,Z,0.06789923,0.2203839
3/7/3/3/7/6/5/3/6 3 3,Z,0.6666666666666666666666666667,6,SLEEP,Z,0.05546615,0.2252203
3/7/3/3/7/6/5/3/5 3 3,Z,0.6666666666666666666666666667,6,SLEEP,Z,0.05785578,0.2289951
3/7/3/3/7/6/5/3/3 3 3,Z,0.6666666666666666666666666667,6,SLEEP,Z,0.0622431,0.2342358
3/7/3/3/7/6/5/7/4 3 3,Z,-0.5909090909090909090909090909,10,SLEEP,Z,0.1256002,0.4799866
3/7/3/3/7/6/5/7/2 3 3,Z,-0.5909090909090909090909090909,6,SLEEP,Z,0.08210702,0.3214155
3/7/3/3/7/6/5/7/1 3 3,Z,-0.5909090909090909090909090909,6,SLEEP,Z,0.04183954,0.1353728
3/7/3/3/7/6/3/2/7 3 3,Z,-0.5909090909090909090909090909,6,SLEEP,Z,0.06662056,0.2252339
3/7/3/3/7/6/3/6/6 3 3,X,-0.75,42,SLEEP,Z,0.1543535,0.470549
3/7/3/3/7/6/3/6/5 3 3,Z,-0.6818181818181818181818181818,4,SLEEP,Z,0.0816358,0.3037493
3/7/3/3/7/6/3/6/3 3 3,Z,-0.6818181818181818181818181818,6,SLEEP,Z,0.1086228,0.3794909
3/7/3/3/7/6/3/5/6 3 3,X,-0.75,4,SLEEP,Z,0.06032641,0.220867
3/7/3/3/7/6/3/5/5 3 3,Z,-0.5909090909090909090909090909,4,SLEEP,Z,0.04796554,0.1895875
3/7/3/3/7/6/3/5/3 3 3,Z,-0.5909090909090909090909090909,6,SLEEP,Z,0.06478228,0.1890834
3/7/3/3/7/6/3/3/6 3 3,X,-0.75,4,SLEEP,Z,0.05133837,0.1470628
3/7/3/3/7/6/3/3/5 3 3,Z,0.6666666666666666666666666667,6,SLEEP,Z,0.04575909,0.1844469
3/7/3/3/7/6/3/3/3 3 3,Z,0.6666666666666666666666666667,4,SLEEP,Z,0.0377719,0.1190246
3/7/3/3/7/6/3/7/4 3 3,X,-0.75,6,SLEEP,Z,0.109417,0.3342016
3/7/3/3/7/6/3/7/2 3 3,Z,-0.5909090909090909090909090909,6,SLEEP,Z,0.09029265,0.2804911
3/7/3/3/7/6/3/7/1 3 3,Z,-0.5909090909090909090909090909,2,SLEEP,Z,0.02709396,0.1196819
3/7/3/3/7/6/7/2/6 3 3,Z,-0.5909090909090909090909090909,6,SLEEP,Z,0.06434315,0.2704511
3/7/3/3/7/6/7/2/5 3 3,Z,-0.5909090909090909090909090909,4,SLEEP,Z,0.04758979,0.2022177
3/7/3/3/7/6/7/2/3 3 3,Z,-0.5909090909090909090909090909,6,SLEEP,Z,0.06481937,0.253935
3/7/3/3/7/6/7/6/4 3 3,Z,-0.6818181818181818181818181818,6,SLEEP,Z,0.08193032,0.3376575
3/7/3/3/7/6/7/6/2 3 3,Z,-0.6818181818181818181818181818,8,SLEEP,Z,0.1294917,0.3715934
3/7/3/3/7/6/7/6/1 3 3,Z,-0.6818181818181818181818181818,4,SLEEP,Z,0.07057756,0.2623711
3/7/3/3/7/6/7/5/4 3 3,Z,-0.5909090909090909090909090909,8,SLEEP,Z,0.06249342,0.2599918
3/7/3/3/7/6/7/5/2 3 3,Z,-0.5909090909090909090909090909,6,SLEEP,Z,0.06164372,0.2525039
3/7/3/3/7/6/7/5/1 3 3,Z,-0.5909090909090909090909090909,4,SLEEP,Z,0.06059618,0.2224267
3/7/3/3/7/6/7/3/4 3 3,Z,0.6666666666666666666666666666,6,SLEEP,Z,0.08306979,0.361443
3/7/3/3/7/6/7/3/2 3 3,Z,0.6666666666666666666666666666,6,SLEEP,Z,0.09155529,0.3382505
3/7/3/3/7/6/7/3/1 3 3,Z,0.6666666666666666666666666666,4,SLEEP,Z,0.05254534,0.2002892
3/7/3/3/7/5/2/6/7 3 3,Z,-0.5909090909090909090909090909,6,SLEEP,Z,0.07486957,0.2669693
3/7/3/3/7/5/2/5/7 3 3,X,-0.5,8,SLEEP,Z,0.07440676,0.3843369
3/7/3/3/7/5/2/3/7 3 3,X,-0.5,4,SLEEP,Z,0.06220378,0.2255678
3/7/3/3/7/5/2/7/6 3 3,X,-0.5769230769230769230769230769,6,SLEEP,Z,0.07140806,0.2526785
3/7/3/3/7/5/2/7/5 3 3,X,-0.5,6,SLEEP,Z,0.1008143,0.3502198
3/7/3/3/7/5/2/7/3 3 3,Z,-0.5,4,SLEEP,Z,0.077501,0.1869217
3/7/3/3/7/5/6/2/7 3 3,X,-0.5769230769230769230769230769,8,SLEEP,Z,0.1061188,0.4270909
3/7/3/3/7/5/6/6/6 3 3,X,-0.6538461538461538461538461538,12,SLEEP,Z,0.1123958,0.4275528
3/7/3/3/7/5/6/6/5 3 3,Z,-0.5909090909090909090909090909,8,SLEEP,Z,0.08641498,0.3106239
3/7/3/3/7/5/6/6/3 3 3,X,0.75,6,SLEEP,Z,0.04914945,0.2119263
3/7/3/3/7/5/6/5/6 3 3,X,-0.6538461538461538461538461538,12,SLEEP,Z,0.1488319,0.5838814
3/7/3/3/7/5/6/5/5 3 3,X,-0.5769230769230769230769230769,6,SLEEP,Z,0.04821543,0.2077062
3/7/3/3/7/5/6/5/3 3 3,X,0.75,4,SLEEP,Z,0.05318351,0.1753063
3/7/3/3/7/5/6/3/6 3 3,X,-0.6538461538461538461538461538,12,SLEEP,Z,0.1612263,0.5028543
3/7/3/3/7/5/6/3/5 3 3,X,-0.5769230769230769230769230769,10,SLEEP,Z,0.1497866,0.4495446
3/7/3/3/7/5/6/3/3 3 3,X,0.75,2,SLEEP,Z,0.04202693,0.1578626
3/7/3/3/7/5/6/7/4 3 3,X,-0.6538461538461538461538461538,6,SLEEP,Z,0.08902197,0.3715773
3/7/3/3/7/5/6/7/2 3 3,X,-0.5769230769230769230769230769,8,SLEEP,Z,0.1172988,0.404177
3/7/3/3/7/5/6/7/1 3 3,X,0.75,6,SLEEP,Z,0.05599396,0.2011024
3/7/3/3/7/5/5/2/7 3 3,X,-0.5,4,SLEEP,Z,0.04564845,0.2002534
3/7/3/3/7/5/5/6/6 3 3,Z,-0.5909090909090909090909090909,8,SLEEP,Z,0.05949231,0.2508432
3/7/3/3/7/5/5/6/5 3 3,Z,-0.5909090909090909090909090909,6,SLEEP,Z,0.04948144,0.2048525
3/7/3/3/7/5/5/6/3 3 3,Z,-0.5909090909090909090909090909,6,SLEEP,Z,0.05244479,0.1906089
3/7/3/3/7/5/5/5/6 3 3,X,-0.5769230769230769230769230769,6,SLEEP,Z,0.0517436,0.2749473
3/7/3/3/7/5/5/5/5 3 3,X,-0.5,8,SLEEP,Z,0.1140103,0.3951318
3/7/3/3/7/5/5/5/3 3 3,Z,-0.5,4,SLEEP,Z,0.03518412,0.1567435
3/7/3/3/7/5/5/3/6 3 3,X,-0.5769230769230769230769230769,6,SLEEP,Z,0.1114226,0.4264281
3/7/3/3/7/5/5/3/5 3 3,X,-0.5,6,SLEEP,Z,0.09322464,0.336908
3/7/3/3/7/5/5/3/3 3 3,Z,-0.5,4,SLEEP,Z,0.0293697,0.1311641
3/7/3/3/7/5/5/7/4 3 3,X,-0.5769230769230769230769230769,6,SLEEP,Z,0.1285734,0.4542782
3/7/3/3/7/5/5/7/2 3 3,X,-0.5,6,SLEEP,Z,0.1197542,0.3921707
3/7/3/3/7/5/5/7/1 3 3,Z,-0.5,4,SLEEP,Z,0.0427333,0.1676973
3/7/3/3/7/5/3/2/7 3 3,Z,-0.5,8,SLEEP,Z,0.06770714,0.2333478
3/7/3/3/7/5/3/6/6 3 3,X,-0.75,6,SLEEP,Z,0.06926727,0.2958651
3/7/3/3/7/5/3/6/5 3 3,Z,-0.5909090909090909090909090909,6,SLEEP,Z,0.03744503,0.1308079
3/7/3/3/7/5/3/6/3 3 3,Z,-0.5909090909090909090909090909,4,SLEEP,Z,0.05001137,0.1595087
3/7/3/3/7/5/3/5/6 3 3,X,-0.75,6,SLEEP,Z,0.06067391,0.2225824
3/7/3/3/7/5/3/5/5 3 3,Z,-0.5,4,SLEEP,Z,0.03330644,0.1359657
3/7/3/3/7/5/3/5/3 3 3,Z,-0.5,4,SLEEP,Z,0.05553648,0.1596951
3/7/3/3/7/5/3/3/6 3 3,X,-0.75,6,SLEEP,Z,0.1066234,0.3343068
3/7/3/3/7/5/3/3/5 3 3,X,-0.5,2,SLEEP,Z,0.02752038,0.113146
3/7/3/3/7/5/3/3/3 3 3,Z,-0.5,4,SLEEP,Z,0.03082807,0.1417193
3/7/3/3/7/5/3/7/4 3 3,X,-0.75,4,SLEEP,Z,0.05342447,0.2153073
3/7/3/3/7/5/3/7/2 3 3,Z,-0.5,4,SLEEP,Z,0.03624213,0.1411386
3/7/3/3/7/5/3/7/1 3 3,Z,-0.5,4,SLEEP,Z,0.074413,0.2973461
3/7/3/3/7/5/7/2/6 3 3,X,-0.5769230769230769230769230769,6,SLEEP,Z,0.1336823,0.3730898
3/7/3/3/7/5/7/2/5 3 3,X,-0.5,8,SLEEP,Z,0.0625141,0.2382428
3/7/3/3/7/5/7/2/3 3 3,Z,-0.5,4,SLEEP,Z,0.02718488,0.1302143
3/7/3/3/7/5/7/6/4 3 3,Z,-0.5909090909090909090909090909,8,SLEEP,Z,0.06396981,0.2730948
3/7/3/3/7/5/7/6/2 3 3,Z,-0.5909090909090909090909090909,6,SLEEP,Z,0.05397465,0.2141271
3/7/3/3/7/5/7/6/1 3 3,Z,-0.5909090909090909090909090909,4,SLEEP,Z,0.02939709,0.1074094
3/7/3/3/7/5/7/5/4 3 3,X,-0.5769230769230769230769230769,6,SLEEP,Z,0.09370707,0.3795422
3/7/3/3/7/5/7/5/2 3 3,X,-0.5,4,SLEEP,Z,0.05899704,0.2432303
3/7/3/3/7/5/7/5/1 3 3,Z,-0.5,8,SLEEP,Z,0.08174389,0.2866707
3/7/3/3/7/5/7/3/4 3 3,X,-0.5769230769230769230769230769,8,SLEEP,Z,0.1134975,0.4252618
3/7/3/3/7/5/7/3/2 3 3,X,-0.5,4,SLEEP,Z,0.04368638,0.1919912
3/7/3/3/7/5/7/3/1 3 3,Z,-0.5,4,SLEEP,Z,0.03856667,0.1609359
3/7/3/3/7/3/2/6/7 3 3,Z,-0.6666666666666666666666666667,4,SLEEP,Z,0.0531266,0.2083456
3/7/3/3/7/3/2/5/7 3 3,X,-0.5,6,SLEEP,Z,0.09819312,0.3103208
3/7/3/3/7/3/2/3/7 3 3,X,-0.5,6,SLEEP,Z,0.10105,0.3509634
3/7/3/3/7/3/2/7/6 3 3,X,-0.5769230769230769230769230769,4,SLEEP,Z,0.05106372,0.2145025
3/7/3/3/7/3/2/7/5 3 3,X,-0.5,8,SLEEP,Z,0.1047248,0.3643391
3/7/3/3/7/3/2/7/3 3 3,Z,-0.5,4,SLEEP,Z,0.05924025,0.1880237
3/7/3/3/7/3/6/2/7 3 3,X,-0.5769230769230769230769230769,8,SLEEP,Z,0.09695604,0.3854966
3/7/3/3/7/3/6/6/6 3 3,Z,-0.6666666666666666666666666667,8,SLEEP,Z,0.1481887,0.4874732
3/7/3/3/7/3/6/6/5 3 3,Z,-0.6666666666666666666666666667,10,SLEEP,Z,0.1757615,0.5487682
3/7/3/3/7/3/6/6/3 3 3,X,0.75,8,SLEEP,Z,0.09734707,0.2272099
3/7/3/3/7/3/6/5/6 3 3,X,-0.6538461538461538461538461538,14,SLEEP,Z,0.09022321,0.3632701
3/7/3/3/7/3/6/5/5 3 3,X,-0.5769230769230769230769230769,6,SLEEP,Z,0.06088949,0.228766
3/7/3/3/7/3/6/5/3 3 3,X,0.75,4,SLEEP,Z,0.05035326,0.2091303
3/7/3/3/7/3/6/3/6 3 3,X,-0.6538461538461538461538461538,8,SLEEP,Z,0.09183936,0.3945712
3/7/3/3/7/3/6/3/5 3 3,X,-0.5769230769230769230769230769,6,SLEEP,Z,0.128448,0.3546934
3/7/3/3/7/3/6/3/3 3 3,X,0.75,6,SLEEP,Z,0.06457381,0.2112877
3/7/3/3/7/3/6/7/4 3 3,X,-0.6538461538461538461538461538,10,SLEEP,Z,0.09889653,0.4199512
3/7/3/3/7/3/6/7/2 3 3,X,-0.5769230769230769230769230769,4,SLEEP,Z,0.07071295,0.2959616
3/7/3/3/7/3/6/7/1 3 3,X,0.75,4,SLEEP,Z,0.03707614,0.152478
3/7/3/3/7/3/5/2/7 3 3,X,-0.5,8,SLEEP,Z,0.08750359,0.328943
3/7/3/3/7/3/5/6/6 3 3,Z,-0.6666666666666666666666666667,8,SLEEP,Z,0.0701054,0.2850882
3/7/3/3/7/3/5/6/5 3 3,Z,-0.6666666666666666666666666667,10,SLEEP,Z,0.1171608,0.4005148
3/7/3/3/7/3/5/6/3 3 3,Z,-0.6666666666666666666666666667,6,SLEEP,Z,0.04847995,0.1820743
3/7/3/3/7/3/5/5/6 3 3,X,-0.5769230769230769230769230769,4,SLEEP,Z,0.05357458,0.2299798
3/7/3/3/7/3/5/5/5 3 3,X,-0.5,4,SLEEP,Z,0.10946,0.3652922
3/7/3/3/7/3/5/5/3 3 3,Z,-0.5,4,SLEEP,Z,0.1264467,0.3429548
3/7/3/3/7/3/5/3/6 3 3,X,-0.5769230769230769230769230769,6,SLEEP,Z,0.06303806,0.2847211
3/7/3/3/7/3/5/3/5 3 3,X,-0.5,4,SLEEP,Z,0.08609764,0.3154558
3/7/3/3/7/3/5/3/3 3 3,Z,-0.5,8,SLEEP,Z,0.07190853,0.2401814
3/7/3/3/7/3/5/7/4 3 3,X,-0.5769230769230769230769230769,4,SLEEP,Z,0.065989,0.2613356
3/7/3/3/7/3/5/7/2 3 3,X,-0.5,6,SLEEP,Z,0.07708254,0.2762456
3/7/3/3/7/3/5/7/1 3 3,Z,-0.5,2,SLEEP,Z,0.03791716,0.1403294
3/7/3/3/7/3/3/2/7 3 3,Z,-0.5,8,SLEEP,Z,0.1240901,0.2988869
3/7/3/3/7/3/3/6/6 3 3,X,-0.75,4,SLEEP,Z,0.06193493,0.219211
3/7/3/3/7/3/3/6/5 3 3,Z,-0.6666666666666666666666666667,6,SLEEP,Z,0.09887339,0.2550694
3/7/3/3/7/3/3/6/3 3 3,Z,-0.6666666666666666666666666667,6,SLEEP,Z,0.03921454,0.1475744
3/7/3/3/7/3/3/5/6 3 3,X,-0.75,6,SLEEP,Z,0.05637217,0.2346864
3/7/3/3/7/3/3/5/5 3 3,Z,-0.5,4,SLEEP,Z,0.03629228,0.1542007
3/7/3/3/7/3/3/5/3 3 3,Z,-0.5,4,SLEEP,Z,0.05309701,0.1841871
3/7/3/3/7/3/3/3/6 3 3,X,-0.75,6,SLEEP,Z,0.07355313,0.2732301
3/7/3/3/7/3/3/3/5 3 3,X,-0.5,4,SLEEP,Z,0.03168847,0.1409703
3/7/3/3/7/3/3/3/3 3 3,Z,-0.5,4,SLEEP,Z,0.02835146,0.1259094
3/7/3/3/7/3/3/7/4 3 3,X,-0.75,4,SLEEP,Z,0.03726478,0.1620699
3/7/3/3/7/3/3/7/2 3 3,Z,-0.5,4,SLEEP,Z,0.02567334,0.1139604
3/7/3/3/7/3/3/7/1 3 3,Z,-0.5,2,SLEEP,Z,0.03053219,0.1405738
3/7/3/3/7/3/7/2/6 3 3,X,-0.5769230769230769230769230769,8,SLEEP,Z,0.07065491,0.2890261
3/7/3/3/7/3/7/2/5 3 3,X,-0.5,6,SLEEP,Z,0.06493121,0.2722344
3/7/3/3/7/3/7/2/3 3 3,Z,-0.5,4,SLEEP,Z,0.1354697,0.2315214
3/7/3/3/7/3/7/6/4 3 3,Z,-0.6666666666666666666666666666,8,SLEEP,Z,0.07232435,0.3401314
3/7/3/3/7/3/7/6/2 3 3,Z,-0.6666666666666666666666666666,4,SLEEP,Z,0.05405037,0.2197514
3/7/3/3/7/3/7/6/1 3 3,Z,-0.6666666666666666666666666666,6,SLEEP,Z,0.09285853,0.2793183
3/7/3/3/7/3/7/5/4 3 3,X,-0.5769230769230769230769230769,8,SLEEP,Z,0.06261317,0.202934
3/7/3/3/7/3/7/5/2 3 3,X,-0.5,4,SLEEP,Z,0.06918222,0.2794314
3/7/3/3/7/3/7/5/1 3 3,Z,-0.5,4,SLEEP,Z,0.03150372,0.1223221
3/7/3/3/7/3/7/3/4 3 3,X,-0.5769230769230769230769230769,4,SLEEP,Z,0.06809812,0.2928471
3/7/3/3/7/3/7/3/2 3 3,X,-0.5,8,SLEEP,Z,0.08986986,0.3386733
3/7/3/3/7/3/7/3/1 3 3,Z,-0.5,4,SLEEP,Z,0.04568845,0.1877412
3/7/3/3/7/7/2/2/7 3 3,X,-0.5,6,SLEEP,Z,0.05672074,0.1873024
3/7/3/3/7/7/2/6/6 3 3,Z,-0.5909090909090909090909090909,8,SLEEP,Z,0.1022509,0.3733897
3/7/3/3/7/7/2/6/5 3 3,Z,-0.5909090909090909090909090909,6,SLEEP,Z,0.05907468,0.2412744
3/7/3/3/7/7/2/6/3 3 3,Z,-0.5909090909090909090909090909,4,SLEEP,Z,0.05779451,0.2091086
3/7/3/3/7/7/2/5/6 3 3,X,-0.5769230769230769230769230769,4,SLEEP,Z,0.1451204,0.3549997
3/7/3/3/7/7/2/5/5 3 3,X,-0.5,8,SLEEP,Z,0.06413395,0.2543344
3/7/3/3/7/7/2/5/3 3 3,Z,-0.5,4,SLEEP,Z,0.02690659,0.1002907
3/7/3/3/7/7/2/3/6 3 3,X,-0.5769230769230769230769230769,6,SLEEP,Z,0.06463533,0.2449828
3/7/3/3/7/7/2/3/5 3 3,X,-0.5,4,SLEEP,Z,0.04801759,0.1904447
3/7/3/3/7/7/2/3/3 3 3,X,0.5,4,SLEEP,Z,0.06852562,0.2321025
3/7/3/3/7/7/2/7/4 3 3,X,-0.5769230769230769230769230769,6,SLEEP,Z,0.08628985,0.3291127
3/7/3/3/7/7/2/7/2 3 3,X,-0.5,6,SLEEP,Z,0.06325293,0.2559722
3/7/3/3/7/7/2/7/1 3 3,Z,-0.5,6,SLEEP,Z,0.05842312,0.2171953
3/7/3/3/7/7/6/2/6 3 3,X,-0.6538461538461538461538461538,8,SLEEP,Z,0.07528152,0.3521293
3/7/3/3/7/7/6/2/5 3 3,X,-0.5769230769230769230769230769,6,SLEEP,Z,0.04164393,0.1703616
3/7/3/3/7/7/6/2/3 3 3,X,0.8333333333333333333333333333,6,SLEEP,Z,0.05753541,0.2128902
3/7/3/3/7/7/6/6/4 3 3,X,-0.6538461538461538461538461538,20,SLEEP,Z,0.1454403,0.4994702
3/7/3/3/7/7/6/6/2 3 3,Z,-0.5909090909090909090909090909,8,SLEEP,Z,0.1221868,0.4139348
3/7/3/3/7/7/6/6/1 3 3,X,0.8333333333333333333333333333,4,SLEEP,Z,0.1893371,0.3724626
3/7/3/3/7/7/6/5/4 3 3,X,-0.6538461538461538461538461538,8,SLEEP,Z,0.09219813,0.4009047
3/7/3/3/7/7/6/5/2 3 3,X,-0.5769230769230769230769230769,6,SLEEP,Z,0.06295004,0.2575711
3/7/3/3/7/7/6/5/1 3 3,X,0.8333333333333333333333333333,6,SLEEP,Z,0.07842356,0.2531115
3/7/3/3/7/7/6/3/4 3 3,X,-0.6538461538461538461538461538,8,SLEEP,Z,0.09842855,0.4003063
3/7/3/3/7/7/6/3/2 3 3,X,-0.5769230769230769230769230769,8,SLEEP,Z,0.09980056,0.3857118
3/7/3/3/7/7/6/3/1 3 3,X,0.8333333333333333333333333333,6,SLEEP,Z,0.05855003,0.2330141
3/7/3/3/7/7/5/2/6 3 3,X,-0.5769230769230769230769230769,8,SLEEP,Z,0.07290112,0.3007747
3/7/3/3/7/7/5/2/5 3 3,X,-0.5,6,SLEEP,Z,0.07860324,0.2758326
3/7/3/3/7/7/5/2/3 3 3,Z,-0.5,4,SLEEP,Z,0.0551676,0.2060952
3/7/3/3/7/7/5/6/4 3 3,Z,-0.5909090909090909090909090909,8,SLEEP,Z,0.09368996,0.333311
3/7/3/3/7/7/5/6/2 3 3,Z,-0.5909090909090909090909090909,6,SLEEP,Z,0.1160107,0.3534603
3/7/3/3/7/7/5/6/1 3 3,Z,-0.5909090909090909090909090909,8,SLEEP,Z,0.1265895,0.3666835
3/7/3/3/7/7/5/5/4 3 3,X,-0.5769230769230769230769230769,6,SLEEP,Z,0.06703737,0.287773
3/7/3/3/7/7/5/5/2 3 3,X,-0.5,4,SLEEP,Z,0.0493697,0.2134052
3/7/3/3/7/7/5/5/1 3 3,Z,-0.5,4,SLEEP,Z,0.06604349,0.2208563
3/7/3/3/7/7/5/3/4 3 3,X,-0.5769230769230769230769230769,4,SLEEP,Z,0.07174324,0.3008833
3/7/3/3/7/7/5/3/2 3 3,X,-0.5,4,SLEEP,Z,0.04932623,0.1887034
3/7/3/3/7/7/5/3/1 3 3,Z,-0.5,4,SLEEP,Z,0.04420466,0.1858603
3/7/3/3/7/7/3/2/6 3 3,X,-0.8333333333333333333333333333,6,SLEEP,Z,0.05102808,0.1959122
3/7/3/3/7/7/3/2/5 3 3,Z,-0.5,6,SLEEP,Z,0.03980986,0.1634791
3/7/3/3/7/7/3/2/3 3 3,Z,-0.5,4,SLEEP,Z,0.03159975,0.1143624
3/7/3/3/7/7/3/6/4 3 3,X,-0.8333333333333333333333333333,6,SLEEP,Z,0.07074165,0.2630488
3/7/3/3/7/7/3/6/2 3 3,Z,-0.5909090909090909090909090909,6,SLEEP,Z,0.06022365,0.2476549
3/7/3/3/7/7/3/6/1 3 3,Z,-0.5909090909090909090909090909,2,SLEEP,Z,0.03434706,0.1297294
3/7/3/3/7/7/3/5/4 3 3,X,-0.8333333333333333333333333333,6,SLEEP,Z,0.129122,0.4056175
3/7/3/3/7/7/3/5/2 3 3,Z,-0.5,4,SLEEP,Z,0.05438158,0.2073744
3/7/3/3/7/7/3/5/1 3 3,Z,-0.5,4,SLEEP,Z,0.07050284,0.2550446
3/7/3/3/7/7/3/3/4 3 3,X,-0.8333333333333333333333333333,4,SLEEP,Z,0.07076415,0.243502
3/7/3/3/7/7/3/3/2 3 3,X,-0.5,4,SLEEP,Z,0.04666938,0.1965677
3/7/3/3/7/7/3/3/1 3 3,Z,-0.5,4,SLEEP,Z,0.0537361,0.2256182
3/7/3/3/7/7/7/2/4 3 3,X,-0.5769230769230769230769230769,6,SLEEP,Z,0.1077153,0.3676716
3/7/3/3/7/7/7/2/2 3 3,X,-0.5,6,SLEEP,Z,0.06189962,0.2732286
3/7/3/3/7/7/7/2/1 3 3,Z,-0.5,4,SLEEP,Z,0.03795546,0.1590157
3/7/3/7/2/2/6/7/7 3 3,X,-0.5769230769230769230769230769,8,SLEEP,Z,0.1391055,0.3833131
3/7/3/7/2/2/5/7/7 3 3,X,-0.5,8,SLEEP,Z,0.06815968,0.2164972
3/7/3/7/2/2/3/7/7 3 3,X,-0.5,2,SLEEP,Z,0.02923837,0.08985959
3/7/3/7/2/2/7/6/7 3 3,X,-0.5,6,SLEEP,Z,0.1224057,0.3407785
3/7/3/7/2/2/7/5/7 3 3,X,-0.5,6,SLEEP,Z,0.1280781,0.3413212
3/7/3/7/2/2/7/3/7 3 3,X,-0.5,6,SLEEP,Z,0.0913963,0.3149855
3/7/3/7/2/2/7/7/6 3 3,X,-0.5769230769230769230769230769,8,SLEEP,Z,0.1023631,0.4120626
3/7/3/7/2/2/7/7/5 3 3,X,-0.5,4,SLEEP,Z,0.0648753,0.2013915
3/7/3/7/2/2/7/7/3 3 3,X,-0.4230769230769230769230769231,4,SLEEP,Z,0.03627414,0.1151878
3/7/3/7/2/6/2/7/7 3 3,X,-0.5,4,SLEEP,Z,0.05327915,0.1773103
3/7/3/7/2/6/6/6/7 3 3,X,-0.5769230769230769230769230769,6,SLEEP,Z,0.108113,0.3468675
3/7/3/7/2/6/6/5/7 3 3,X,-0.5769230769230769230769230769,6,SLEEP,Z,0.06828237,0.2569361
3/7/3/7/2/6/6/3/7 3 3,Z,0.6428571428571428571428571429,14,SLEEP,Z,0.1467153,0.4345543
3/7/3/7/2/6/6/7/6 3 3,X,-0.6538461538461538461538461538,16,SLEEP,Z,0.09875149,0.4114471
3/7/3/7/2/6/6/7/5 3 3,X,-0.5769230769230769230769230769,6,SLEEP,Z,0.05883956,0.2234462
3/7/3/7/2/6/6/7/3 3 3,X,0.7,2,SLEEP,Z,0.06494708,0.1690752
3/7/3/7/2/6/5/6/7 3 3,X,-0.5,6,SLEEP,Z,0.04257612,0.1553959
3/7/3/7/2/6/5/5/7 3 3,X,-0.5,6,SLEEP,Z,0.0678013,0.2218739
3/7/3/7/2/6/5/3/7 3 3,Z,0.6428571428571428571428571429,6,SLEEP,Z,0.0693607,0.1641037
3/7/3/7/2/6/5/7/6 3 3,X,-0.5769230769230769230769230769,6,SLEEP,Z,0.08144607,0.3003519
3/7/3/7/2/6/5/7/5 3 3,X,-0.5,6,SLEEP,Z,0.04949483,0.1889891
3/7/3/7/2/6/5/7/3 3 3,Z,0.5,6,SLEEP,Z,0.1230598,0.2309
3/7/3/7/2/6/3/6/7 3 3,X,-0.5,2,SLEEP,Z,0.09142279,0.1918431
3/7/3/7/2/6/3/5/7 3 3,Z,0.5,4,SLEEP,Z,0.1069634,0.2301273
3/7/3/7/2/6/3/3/7 3 3,Z,0.6428571428571428571428571429,4,SLEEP,Z,0.04527263,0.1604409
3/7/3/7/2/6/3/7/6 3 3,X,-0.7,8,SLEEP,Z,0.1143655,0.4668068
3/7/3/7/2/6/3/7/5 3 3,Z,0.5,4,SLEEP,Z,0.03460076,0.1252399
3/7/3/7/2/6/3/7/3 3 3,Z,0.5,2,SLEEP,Z,0.01614223,0.05544289
3/7/3/7/2/6/7/2/7 3 3,X,-0.5,2,SLEEP,Z,0.03445412,0.1252531
3/7/3/7/2/6/7/6/6 3 3,X,-0.5769230769230769230769230769,10,SLEEP,Z,0.1189645,0.4393432
3/7/3/7/2/6/7/6/5 3 3,X,-0.5,4,SLEEP,Z,0.0506051,0.1975054
3/7/3/7/2/6/7/6/3 3 3,Z,0.5,2,SLEEP,Z,0.03508562,0.11904
3/7/3/7/2/6/7/5/6 3 3,X,-0.5769230769230769230769230769,8,SLEEP,Z,0.09046951,0.3397606
3/7/3/7/2/6/7/5/5 3 3,X,-0.5,6,SLEEP,Z,0.1132881,0.3435057
3/7/3/7/2/6/7/5/3 3 3,Z,0.5,4,SLEEP,Z,0.1022477,0.1866954
3/7/3/7/2/6/7/3/6 3 3,Z,0.6428571428571428571428571429,8,SLEEP,Z,0.1692364,0.4409468
3/7/3/7/2/6/7/3/5 3 3,Z,0.6428571428571428571428571429,4,SLEEP,Z,0.0467525,0.1833823
3/7/3/7/2/6/7/3/3 3 3,Z,0.6428571428571428571428571429,4,SLEEP,Z,0.1397821,0.3641926
3/7/3/7/2/6/7/7/4 3 3,X,-0.5769230769230769230769230769,6,SLEEP,Z,0.09219559,0.3531558
3/7/3/7/2/6/7/7/2 3 3,X,-0.5,4,SLEEP,Z,0.03875027,0.137782
3/7/3/7/2/6/7/7/1 3 3,Z,0.5,4,SLEEP,Z,0.04937938,0.1723251
3/7/3/7/2/5/2/7/7 3 3,X,-0.5,4,SLEEP,Z,0.09252343,0.2407241
3/7/3/7/2/5/6/6/7 3 3,X,-0.5769230769230769230769230769,8,SLEEP,Z,0.119053,0.3874421
3/7/3/7/2/5/6/5/7 3 3,X,-0.5769230769230769230769230769,6,SLEEP,Z,0.1447239,0.3926302
3/7/3/7/2/5/6/3/7 3 3,X,-0.5769230769230769230769230769,6,SLEEP,Z,0.06431818,0.2463068
3/7/3/7/2/5/6/7/6 3 3,X,-0.6538461538461538461538461538,10,SLEEP,Z,0.107728,0.412296
3/7/3/7/2/5/6/7/5 3 3,X,-0.5769230769230769230769230769,8,SLEEP,Z,0.1403231,0.4355369
3/7/3/7/2/5/6/7/3 3 3,X,0.7,6,SLEEP,Z,0.05884713,0.2135499
3/7/3/7/2/5/5/6/7 3 3,X,-0.5,6,SLEEP,Z,0.06959102,0.2324831
3/7/3/7/2/5/5/5/7 3 3,X,-0.5,6,SLEEP,Z,0.06869359,0.2792545
3/7/3/7/2/5/5/3/7 3 3,X,-0.5,4,SLEEP,Z,0.07673209,0.1959823
3/7/3/7/2/5/5/7/6 3 3,X,-0.5769230769230769230769230769,6,SLEEP,Z,0.07232205,0.2585018
3/7/3/7/2/5/5/7/5 3 3,X,-0.5,4,SLEEP,Z,0.04698004,0.1577654
3/7/3/7/2/5/5/7/3 3 3,X,-0.4230769230769230769230769231,6,SLEEP,Z,0.03526496,0.1241126
3/7/3/7/2/5/3/6/7 3 3,X,-0.5,4,SLEEP,Z,0.04228395,0.1461778
3/7/3/7/2/5/3/5/7 3 3,X,-0.5,4,SLEEP,Z,0.04622623,0.1676472
3/7/3/7/2/5/3/3/7 3 3,X,-0.5,4,SLEEP,Z,0.05049384,0.1794396
3/7/3/7/2/5/3/7/6 3 3,X,-0.7,6,SLEEP,Z,0.05856234,0.2129744
3/7/3/7/2/5/3/7/5 3 3,X,-0.5,2,SLEEP,Z,0.04011868,0.1319968
3/7/3/7/2/5/3/7/3 3 3,X,0.4444444444444444444444444444,2,SLEEP,Z,0.04344637,0.09532484
3/7/3/7/2/5/7/2/7 3 3,X,-0.5,6,SLEEP,Z,0.0736476,0.2787524
3/7/3/7/2/5/7/6/6 3 3,X,-0.5769230769230769230769230769,6,SLEEP,Z,0.06753641,0.2738427
3/7/3/7/2/5/7/6/5 3 3,X,-0.5,6,SLEEP,Z,0.0847782,0.3147914
3/7/3/7/2/5/7/6/3 3 3,Z,0.5,4,SLEEP,Z,0.04316801,0.1596419
3/7/3/7/2/5/7/5/6 3 3,X,-0.5769230769230769230769230769,8,SLEEP,Z,0.1105588,0.3344369
3/7/3/7/2/5/7/5/5 3 3,X,-0.5,4,SLEEP,Z,0.06066905,0.2181495
3/7/3/7/2/5/7/5/3 3 3,X,-0.4230769230769230769230769231,4,SLEEP,Z,0.037489,0.1295275
3/7/3/7/2/5/7/3/6 3 3,X,-0.5769230769230769230769230769,8,SLEEP,Z,0.06250748,0.2560973
3/7/3/7/2/5/7/3/5 3 3,X,-0.5,6,SLEEP,Z,0.06428383,0.2030952
3/7/3/7/2/5/7/3/3 3 3,Z,-0.5,2,SLEEP,Z,0.04318645,0.145458
3/7/3/7/2/5/7/7/4 3 3,X,-0.5769230769230769230769230769,4,SLEEP,Z,0.09392115,0.358006
3/7/3/7/2/5/7/7/2 3 3,X,-0.5,6,SLEEP,Z,0.05799833,0.2133882
3/7/3/7/2/5/7/7/1 3 3,X,-0.4230769230769230769230769231,4,SLEEP,Z,0.04111615,0.1410176
3/7/3/7/2/3/2/7/7 3 3,X,-0.5,6,SLEEP,Z,0.07417812,0.2290448
3/7/3/7/2/3/6/6/7 3 3,Z,-0.6428571428571428571428571429,8,SLEEP,Z,0.07505241,0.2450162
3/7/3/7/2/3/6/5/7 3 3,X,-0.5769230769230769230769230769,6,SLEEP,Z,0.07584078,0.2364005
3/7/3/7/2/3/6/3/7 3 3,X,-0.5769230769230769230769230769,8,SLEEP,Z,0.07352617,0.2693527
3/7/3/7/2/3/6/7/6 3 3,X,-0.6538461538461538461538461538,14,SLEEP,Z,0.1454939,0.5157207
3/7/3/7/2/3/6/7/5 3 3,X,-0.5769230769230769230769230769,10,SLEEP,Z,0.1361141,0.3569226
3/7/3/7/2/3/6/7/3 3 3,X,0.7,4,SLEEP,Z,0.04953771,0.163037
3/7/3/7/2/3/5/6/7 3 3,Z,-0.6428571428571428571428571429,6,SLEEP,Z,0.06366845,0.2188927
3/7/3/7/2/3/5/5/7 3 3,X,-0.5,10,SLEEP,Z,0.1407078,0.3919979
3/7/3/7/2/3/5/3/7 3 3,X,-0.5,6,SLEEP,Z,0.06249259,0.2154284
3/7/3/7/2/3/5/7/6 3 3,X,-0.5769230769230769230769230769,6,SLEEP,Z,0.08211347,0.2784093
3/7/3/7/2/3/5/7/5 3 3,X,-0.5,8,SLEEP,Z,0.09173585,0.3587363
3/7/3/7/2/3/5/7/3 3 3,Z,-0.5,4,SLEEP,Z,0.03965517,0.1036984
3/7/3/7/2/3/3/6/7 3 3,Z,-0.6428571428571428571428571429,6,SLEEP,Z,0.05689521,0.1943134
3/7/3/7/2/3/3/5/7 3 3,Z,-0.5,2,SLEEP,Z,0.02723826,0.1011491
3/7/3/7/2/3/3/3/7 3 3,X,-0.5,6,SLEEP,Z,0.0513514,0.1817438
3/7/3/7/2/3/3/7/6 3 3,X,-0.7,6,SLEEP,Z,0.07419569,0.2157714
3/7/3/7/2/3/3/7/5 3 3,Z,-0.5,4,SLEEP,Z,0.04573194,0.1126812
3/7/3/7/2/3/3/7/3 3 3,Z,-0.5,2,SLEEP,Z,0.1411517,0.1392007
3/7/3/7/2/3/7/2/7 3 3,X,-0.5,4,SLEEP,Z,0.04797296,0.1800033
3/7/3/7/2/3/7/6/6 3 3,Z,-0.6428571428571428571428571429,8,SLEEP,Z,0.1041479,0.3708612
3/7/3/7/2/3/7/6/5 3 3,Z,-0.6428571428571428571428571429,4,SLEEP,Z,0.04857909,0.1819265
3/7/3/7/2/3/7/6/3 3 3,Z,-0.6428571428571428571428571429,4,SLEEP,Z,0.04771871,0.125898
3/7/3/7/2/3/7/5/6 3 3,X,-0.5769230769230769230769230769,6,SLEEP,Z,0.1043334,0.4072461
3/7/3/7/2/3/7/5/5 3 3,X,-0.5,4,SLEEP,Z,0.05334304,0.1923458
3/7/3/7/2/3/7/5/3 3 3,Z,-0.5,4,SLEEP,Z,0.05971374,0.1305219
3/7/3/7/2/3/7/3/6 3 3,X,-0.5769230769230769230769230769,8,SLEEP,Z,0.1023547,0.4007054
3/7/3/7/2/3/7/3/5 3 3,X,-0.5,6,SLEEP,Z,0.05160137,0.2056054
3/7/3/7/2/3/7/3/3 3 3,Z,-0.5,2,SLEEP,Z,0.03599357,0.1188544
3/7/3/7/2/3/7/7/4 3 3,X,-0.5769230769230769230769230769,8,SLEEP,Z,0.06393218,0.2349115
3/7/3/7/2/3/7/7/2 3 3,X,-0.5,4,SLEEP,Z,0.05540942,0.1998335
3/7/3/7/2/3/7/7/1 3 3,Z,-0.5,2,SLEEP,Z,0.03648826,0.07418239
3/7/3/7/2/7/2/6/7 3 3,X,-0.5,4,SLEEP,Z,0.06476491,0.2520436
3/7/3/7/2/7/2/5/7 3 3,X,-0.5,4,SLEEP,Z,0.07945133,0.2164102
3/7/3/7/2/7/2/3/7 3 3,X,-0.5,6,SLEEP,Z,0.1367535,0.3401788
3/7/3/7/2/7/2/7/6 3 3,X,-0.5769230769230769230769230769,6,SLEEP,Z,0.07187009,0.2595111
3/7/3/7/2/7/2/7/5 3 3,X,-0.5,6,SLEEP,Z,0.071173,0.2420561
3/7/3/7/2/7/2/7/3 3 3,X,-0.4230769230769230769230769231,2,SLEEP,Z,0.03212812,0.1107771
3/7/3/7/2/7/6/2/7 3 3,X,-0.5769230769230769230769230769,6,SLEEP,Z,0.1222973,0.4016542
3/7/3/7/2/7/6/6/6 3 3,X,-0.6538461538461538461538461538,12,SLEEP,Z,0.1327629,0.3645
3/7/3/7/2/7/6/6/5 3 3,X,-0.5769230769230769230769230769,6,SLEEP,Z,0.05008741,0.1962914
3/7/3/7/2/7/6/6/3 3 3,X,0.75,4,SLEEP,Z,0.05862419,0.1863455
3/7/3/7/2/7/6/5/6 3 3,X,-0.6538461538461538461538461538,10,SLEEP,Z,0.09620987,0.3757334
3/7/3/7/2/7/6/5/5 3 3,X,-0.5769230769230769230769230769,6,SLEEP,Z,0.07917174,0.3041815
3/7/3/7/2/7/6/5/3 3 3,X,0.75,6,SLEEP,Z,0.05187058,0.1715314
3/7/3/7/2/7/6/3/6 3 3,X,-0.6538461538461538461538461538,6,SLEEP,Z,0.0829173,0.346429
3/7/3/7/2/7/6/3/5 3 3,X,-0.5769230769230769230769230769,6,SLEEP,Z,0.07757482,0.3146746
3/7/3/7/2/7/6/3/3 3 3,X,0.75,4,SLEEP,Z,0.05751872,0.2044951
3/7/3/7/2/7/6/7/4 3 3,X,-0.6538461538461538461538461538,8,SLEEP,Z,0.1068917,0.3914078
3/7/3/7/2/7/6/7/1 3 3,X,0.75,6,SLEEP,Z,0.06813416,0.2149459
3/7/3/7/2/7/6/7/2 3 3,X,-0.5769230769230769230769230769,4,SLEEP,Z,0.05297662,0.2167394
3/7/3/7/2/7/5/2/7 3 3,X,-0.5,4,SLEEP,Z,0.05904562,0.1890157
3/7/3/7/2/7/5/6/6 3 3,X,-0.5769230769230769230769230769,10,SLEEP,Z,0.1129485,0.4147333
3/7/3/7/2/7/5/6/5 3 3,X,-0.5,6,SLEEP,Z,0.05337025,0.1924496
3/7/3/7/2/7/5/6/3 3 3,Z,0.5,2,SLEEP,Z,0.02324001,0.07644484
3/7/3/7/2/7/5/5/6 3 3,X,-0.5769230769230769230769230769,6,SLEEP,Z,0.06868061,0.2993668
3/7/3/7/2/7/5/5/5 3 3,X,-0.5,8,SLEEP,Z,0.06418213,0.2586935
3/7/3/7/2/7/5/5/3 3 3,X,-0.4230769230769230769230769231,2,SLEEP,Z,0.02958592,0.1154878
3/7/3/7/2/7/5/3/6 3 3,X,-0.5769230769230769230769230769,6,SLEEP,Z,0.1179341,0.4234743
3/7/3/7/2/7/5/3/5 3 3,X,-0.5,4,SLEEP,Z,0.04791718,0.1823362
3/7/3/7/2/7/5/3/3 3 3,Z,-0.5,6,SLEEP,Z,0.06714059,0.22742
3/7/3/7/2/7/5/7/4 3 3,X,-0.5769230769230769230769230769,8,SLEEP,Z,0.06064139,0.2592857
3/7/3/7/2/7/5/7/2 3 3,X,-0.5,6,SLEEP,Z,0.05065495,0.1795357
3/7/3/7/2/7/5/7/1 3 3,X,-0.4230769230769230769230769231,6,SLEEP,Z,0.08688821,0.2534067
3/7/3/7/2/7/3/2/7 3 3,X,-0.5,4,SLEEP,Z,0.03967237,0.1455941
3/7/3/7/2/7/3/6/6 3 3,X,-0.75,4,SLEEP,Z,0.05874765,0.2087762
3/7/3/7/2/7/3/6/5 3 3,X,-0.5,4,SLEEP,Z,0.04493671,0.1569444
3/7/3/7/2/7/3/6/3 3 3,Z,0.5,2,SLEEP,Z,0.08516213,0.118948
3/7/3/7/2/7/3/5/6 3 3,X,-0.75,6,SLEEP,Z,0.07105698,0.2406019
3/7/3/7/2/7/3/5/5 3 3,X,-0.5,2,SLEEP,Z,0.04058699,0.1630898
3/7/3/7/2/7/3/5/3 3 3,X,0.4444444444444444444444444444,4,SLEEP,Z,0.1160531,0.3097765
3/7/3/7/2/7/3/3/6 3 3,X,-0.75,6,SLEEP,Z,0.05858241,0.2399976
3/7/3/7/2/7/3/3/5 3 3,X,-0.5,4,SLEEP,Z,0.05469032,0.2077923
3/7/3/7/2/7/3/3/3 3 3,Z,-0.5,2,SLEEP,Z,0.08677928,0.1236639
3/7/3/7/2/7/3/7/4 3 3,X,-0.75,4,SLEEP,Z,0.04582915,0.1742932
3/7/3/7/2/7/3/7/2 3 3,X,-0.5,4,SLEEP,Z,0.1020947,0.2299547
3/7/3/7/2/7/3/7/1 3 3,X,0.4444444444444444444444444444,2,SLEEP,Z,0.02425175,0.03162739
3/7/3/7/2/7/7/2/6 3 3,X,-0.5769230769230769230769230769,8,SLEEP,Z,0.1212617,0.4521563
3/7/3/7/2/7/7/2/5 3 3,X,-0.5,6,SLEEP,Z,0.06699803,0.3441304
3/7/3/7/2/7/7/2/3 3 3,X,-0.4230769230769230769230769231,6,SLEEP,Z,0.1036985,0.3426547
3/7/3/7/2/7/7/6/4 3 3,X,-0.5769230769230769230769230769,6,SLEEP,Z,0.07217498,0.3113829
3/7/3/7/2/7/7/6/2 3 3,X,-0.5,2,SLEEP,Z,0.04185947,0.1602945
3/7/3/7/2/7/7/6/1 3 3,Z,0.5,4,SLEEP,Z,0.02558962,0.0953837
3/7/3/7/2/7/7/5/4 3 3,X,-0.5769230769230769230769230769,6,SLEEP,Z,0.07425053,0.2981582
3/7/3/7/2/7/7/5/2 3 3,X,-0.5,4,SLEEP,Z,0.04230601,0.1623576
3/7/3/7/2/7/7/5/1 3 3,X,-0.4230769230769230769230769231,4,SLEEP,Z,0.03438723,0.1344299
3/7/3/7/2/7/7/3/4 3 3,X,-0.5769230769230769230769230769,8,SLEEP,Z,0.1091393,0.402727
3/7/3/7/2/7/7/3/2 3 3,X,-0.5,4,SLEEP,Z,0.0438411,0.1385172
3/7/3/7/2/7/7/3/1 3 3,Z,-0.5,2,SLEEP,Z,0.04358089,0.1426765
3/7/3/7/6/2/2/7/7 3 3,X,-0.5769230769230769230769230769,6,SLEEP,Z,0.1396116,0.3057092
3/7/3/7/6/2/6/6/7 3 3,X,-0.6538461538461538461538461538,8,SLEEP,Z,0.05987465,0.2364588
3/7/3/7/6/2/6/5/7 3 3,X,-0.6538461538461538461538461538,10,SLEEP,Z,0.08692542,0.3190533
3/7/3/7/6/2/6/3/7 3 3,X,-0.6538461538461538461538461538,6,SLEEP,Z,0.05825192,0.2176702
3/7/3/7/6/2/6/7/5 3 3,X,-0.6538461538461538461538461538,6,SLEEP,Z,0.08028173,0.2830709
3/7/3/7/6/2/6/7/3 3 3,X,0.7,6,SLEEP,Z,0.2223813,0.3293009
3/7/3/7/6/2/5/6/7 3 3,X,-0.5769230769230769230769230769,6,SLEEP,Z,0.04265866,0.1682975
3/7/3/7/6/2/5/5/7 3 3,X,-0.5769230769230769230769230769,6,SLEEP,Z,0.1371754,0.3700785
3/7/3/7/6/2/5/3/7 3 3,X,-0.5769230769230769230769230769,6,SLEEP,Z,0.05839082,0.2283206
3/7/3/7/6/2/5/7/6 3 3,X,-0.6538461538461538461538461538,4,SLEEP,Z,0.058405,0.2222516
3/7/3/7/6/2/5/7/5 3 3,X,-0.5769230769230769230769230769,4,SLEEP,Z,0.04348854,0.1491849
3/7/3/7/6/2/5/7/3 3 3,X,0.625,6,SLEEP,Z,0.05803429,0.1803633
3/7/3/7/6/2/3/6/7 3 3,X,0.625,4,SLEEP,Z,0.03636057,0.1158889
3/7/3/7/6/2/3/5/7 3 3,X,0.625,6,SLEEP,Z,0.06870285,0.224311
3/7/3/7/6/2/3/3/7 3 3,X,0.625,4,SLEEP,Z,0.03522626,0.08665352
3/7/3/7/6/2/3/7/6 3 3,X,-0.7,4,SLEEP,Z,0.03954995,0.163093
3/7/3/7/6/2/3/7/5 3 3,X,0.625,2,SLEEP,Z,0.01720179,0.09282731
3/7/3/7/6/2/3/7/3 3 3,X,0.75,4,SLEEP,Z,0.02465825,0.07522619
3/7/3/7/6/2/7/2/7 3 3,X,-0.5769230769230769230769230769,4,SLEEP,Z,0.05583433,0.1232859
3/7/3/7/6/2/7/6/6 3 3,X,-0.6538461538461538461538461538,8,SLEEP,Z,0.07973795,0.3168974
3/7/3/7/6/2/7/6/5 3 3,X,-0.5769230769230769230769230769,4,SLEEP,Z,0.0324658,0.1148509
3/7/3/7/6/2/7/6/3 3 3,X,0.625,6,SLEEP,Z,0.05113451,0.1647256
3/7/3/7/6/2/7/5/6 3 3,X,-0.6538461538461538461538461538,14,SLEEP,Z,0.08896653,0.4033137
3/7/3/7/6/2/7/5/5 3 3,X,-0.5769230769230769230769230769,6,SLEEP,Z,0.05576428,0.2410852
3/7/3/7/6/2/7/5/3 3 3,X,0.625,2,SLEEP,Z,0.038266,0.1390878
3/7/3/7/6/2/7/3/6 3 3,X,-0.6538461538461538461538461538,8,SLEEP,Z,0.1017184,0.387005
3/7/3/7/6/2/7/3/5 3 3,X,-0.5769230769230769230769230769,6,SLEEP,Z,0.1498479,0.3600044
3/7/3/7/6/2/7/3/3 3 3,X,0.625,4,SLEEP,Z,0.04612576,0.1523259
3/7/3/7/6/2/6/7/6 3 3,X,-0.7307692307692307692307692308,8,SLEEP,Z,0.0942177,0.3734167
3/7/3/7/6/2/7/7/4 3 3,X,-0.6538461538461538461538461538,6,SLEEP,Z,0.05988465,0.2374423
3/7/3/7/6/2/7/7/2 3 3,X,-0.5769230769230769230769230769,4,SLEEP,Z,0.1163297,0.2983846
3/7/3/7/6/2/7/7/1 3 3,X,0.625,2,SLEEP,Z,0.03035754,0.1120217
3/7/3/7/6/6/2/6/7 3 3,X,-0.5769230769230769230769230769,8,SLEEP,Z,0.0552211,0.2017443
3/7/3/7/6/6/2/5/7 3 3,X,-0.5769230769230769230769230769,6,SLEEP,Z,0.05830395,0.2020191
3/7/3/7/6/6/2/3/7 3 3,Z,0.6666666666666666666666666667,6,SLEEP,Z,0.05224646,0.2173668
3/7/3/7/6/6/2/7/6 3 3,X,-0.6538461538461538461538461538,6,SLEEP,Z,0.08686281,0.3392319
3/7/3/7/6/6/2/7/5 3 3,X,-0.5769230769230769230769230769,4,SLEEP,Z,0.05353251,0.1790785
3/7/3/7/6/6/2/7/3 3 3,X,0.625,4,SLEEP,Z,0.1861898,0.368962
3/7/3/7/6/6/6/2/7 3 3,X,-0.6538461538461538461538461538,10,SLEEP,Z,0.08461955,0.3451645
3/7/3/7/6/6/6/6/6 3 3,X,-0.7307692307692307692307692308,8,SLEEP,Z,0.07655266,0.3204406
3/7/3/7/6/6/6/6/5 3 3,X,-0.6538461538461538461538461538,6,SLEEP,Z,0.05556566,0.2523038
3/7/3/7/6/6/6/6/3 3 3,X,0.75,4,SLEEP,Z,0.0597357,0.1512143
3/7/3/7/6/6/6/5/6 3 3,X,-0.7307692307692307692307692308,10,SLEEP,Z,0.1341177,0.3536903
3/7/3/7/6/6/6/5/5 3 3,X,-0.6538461538461538461538461538,4,SLEEP,Z,0.06425187,0.2317788
3/7/3/7/6/6/6/5/3 3 3,X,0.75,4,SLEEP,Z,0.05417016,0.197558
3/7/3/7/6/6/6/3/5 3 3,Z,0.6666666666666666666666666667,6,SLEEP,Z,0.06928962,0.285237
3/7/3/7/6/6/6/3/3 3 3,X,0.75,4,SLEEP,Z,0.06629831,0.1897875
3/7/3/7/6/6/6/7/1 3 3,X,0.75,4,SLEEP,Z,0.04758941,0.1773049
3/7/3/7/6/6/6/7/2 3 3,X,-0.6538461538461538461538461538,8,SLEEP,Z,0.1071209,0.3716276
3/7/3/7/6/6/5/2/7 3 3,X,-0.5769230769230769230769230769,6,SLEEP,Z,0.07178762,0.1749728
3/7/3/7/6/6/5/6/6 3 3,X,-0.6538461538461538461538461538,6,SLEEP,Z,0.06417029,0.2606067
3/7/3/7/6/6/5/6/5 3 3,X,-0.5769230769230769230769230769,6,SLEEP,Z,0.07691749,0.3263501
3/7/3/7/6/6/5/6/3 3 3,X,0.625,6,SLEEP,Z,0.1276758,0.290296
3/7/3/7/6/6/5/5/6 3 3,X,-0.6538461538461538461538461538,8,SLEEP,Z,0.09597652,0.4174094
3/7/3/7/6/6/5/5/5 3 3,X,-0.5769230769230769230769230769,6,SLEEP,Z,0.05263736,0.2114076
3/7/3/7/6/6/5/5/3 3 3,X,0.625,6,SLEEP,Z,0.04725398,0.163155
3/7/3/7/6/6/5/3/6 3 3,Z,0.6666666666666666666666666667,8,SLEEP,Z,0.1066127,0.4010394
3/7/3/7/6/6/5/3/5 3 3,Z,0.6666666666666666666666666667,4,SLEEP,Z,0.04614258,0.1574233
3/7/3/7/6/6/5/3/3 3 3,Z,0.6666666666666666666666666667,2,SLEEP,Z,0.0305943,0.1181542
3/7/3/7/6/6/5/7/4 3 3,X,-0.6538461538461538461538461538,8,SLEEP,Z,0.07231558,0.3309268
3/7/3/7/6/6/5/7/2 3 3,X,-0.5769230769230769230769230769,4,SLEEP,Z,0.04547325,0.1552741
3/7/3/7/6/6/5/7/1 3 3,X,0.625,4,SLEEP,Z,0.04413616,0.1494715
3/7/3/7/6/6/3/2/7 3 3,X,0.625,6,SLEEP,Z,0.1328381,0.3262677
3/7/3/7/6/6/3/6/6 3 3,X,-0.75,6,SLEEP,Z,0.06707359,0.1986922
3/7/3/7/6/6/3/6/5 3 3,X,0.625,6,SLEEP,Z,0.155149,0.3964288
3/7/3/7/6/6/3/6/3 3 3,X,0.75,2,SLEEP,Z,0.01730944,0.04634264
3/7/3/7/6/6/3/5/6 3 3,X,-0.75,4,SLEEP,Z,0.04311428,0.157653
3/7/3/7/6/6/3/5/5 3 3,X,0.625,4,SLEEP,Z,0.05004933,0.1758784
3/7/3/7/6/6/3/5/3 3 3,X,0.75,2,SLEEP,Z,0.02449216,0.09205658
3/7/3/7/6/6/3/3/6 3 3,X,-0.75,6,SLEEP,Z,0.07307824,0.2181311
3/7/3/7/6/6/3/3/5 3 3,Z,0.6666666666666666666666666667,4,SLEEP,Z,0.0428084,0.1518461
3/7/3/7/6/6/3/3/3 3 3,X,0.75,4,SLEEP,Z,0.03407605,0.1074855
3/7/3/7/6/6/3/7/4 3 3,X,-0.75,6,SLEEP,Z,0.1653815,0.4301739
3/7/3/7/6/6/3/7/2 3 3,X,0.625,2,SLEEP,Z,0.04305491,0.1413238
3/7/3/7/6/6/3/7/1 3 3,X,0.75,2,SLEEP,Z,0.02019689,0.04478165
3/7/3/7/6/6/7/2/6 3 3,X,-0.6538461538461538461538461538,10,SLEEP,Z,0.09166785,0.3414745
3/7/3/7/6/6/7/2/5 3 3,X,-0.5769230769230769230769230769,4,SLEEP,Z,0.04391529,0.1890021
3/7/3/7/6/6/7/2/3 3 3,X,0.625,2,SLEEP,Z,0.03894765,0.1509745
3/7/3/7/6/6/7/6/4 3 3,X,-0.6538461538461538461538461538,8,SLEEP,Z,0.09797774,0.3997847
3/7/3/7/6/6/7/6/2 3 3,X,-0.5769230769230769230769230769,4,SLEEP,Z,0.03136512,0.1409076
3/7/3/7/6/6/7/6/1 3 3,X,0.625,4,SLEEP,Z,0.03499146,0.1273734
3/7/3/7/6/6/7/5/4 3 3,X,-0.6538461538461538461538461538,6,SLEEP,Z,0.06029557,0.2654382
3/7/3/7/6/6/7/5/2 3 3,X,-0.5769230769230769230769230769,6,SLEEP,Z,0.04223276,0.1716231
3/7/3/7/6/6/7/5/1 3 3,X,0.625,4,SLEEP,Z,0.04915638,0.1989728
3/7/3/7/6/6/7/3/4 3 3,Z,0.6666666666666666666666666666,8,SLEEP,Z,0.07688512,0.3330735
3/7/3/7/6/6/7/3/2 3 3,Z,0.6666666666666666666666666666,6,SLEEP,Z,0.07409243,0.2885455
3/7/3/7/6/6/7/3/1 3 3,Z,0.6666666666666666666666666666,6,SLEEP,Z,0.03703332,0.1496755
3/7/3/7/6/6/6/3/6 3 3,X,-0.7307692307692307692307692308,12,SLEEP,Z,0.1270168,0.4565104
3/7/3/7/6/6/6/7/4 3 3,X,-0.7307692307692307692307692308,12,SLEEP,Z,0.1032565,0.4763879
3/7/3/7/6/5/2/6/7 3 3,X,-0.5769230769230769230769230769,6,SLEEP,Z,0.1654162,0.4389401
3/7/3/7/6/5/2/5/7 3 3,X,-0.5769230769230769230769230769,4,SLEEP,Z,0.130657,0.368109
3/7/3/7/6/5/2/3/7 3 3,X,-0.5769230769230769230769230769,4,SLEEP,Z,0.06739216,0.2435918
3/7/3/7/6/5/2/7/6 3 3,X,-0.6538461538461538461538461538,6,SLEEP,Z,0.113816,0.3994524
3/7/3/7/6/5/2/7/5 3 3,X,-0.5769230769230769230769230769,6,SLEEP,Z,0.1231043,0.3838071
3/7/3/7/6/5/2/7/3 3 3,X,0.625,4,SLEEP,Z,0.2192047,0.3056456
3/7/3/7/6/5/6/2/7 3 3,X,-0.6538461538461538461538461538,8,SLEEP,Z,0.09642571,0.2863806
3/7/3/7/6/5/6/6/5 3 3,X,-0.6538461538461538461538461538,8,SLEEP,Z,0.08077077,0.3179484
3/7/3/7/6/5/6/6/3 3 3,X,0.75,6,SLEEP,Z,0.04850725,0.1858935
3/7/3/7/6/5/6/5/5 3 3,X,-0.6538461538461538461538461538,8,SLEEP,Z,0.0827583,0.3369706
3/7/3/7/6/5/6/5/3 3 3,X,0.75,6,SLEEP,Z,0.1886371,0.3565553
3/7/3/7/6/5/6/3/5 3 3,X,-0.6538461538461538461538461538,10,SLEEP,Z,0.1142376,0.4011352
3/7/3/7/6/5/6/3/3 3 3,X,0.75,6,SLEEP,Z,0.04779191,0.176854
3/7/3/7/6/5/6/6/6 3 3,X,-0.7307692307692307692307692308,10,SLEEP,Z,0.09760326,0.4237314
3/7/3/7/6/5/6/5/6 3 3,X,-0.7307692307692307692307692308,10,SLEEP,Z,0.1299003,0.3889143
3/7/3/7/6/5/6/7/2 3 3,X,-0.6538461538461538461538461538,6,SLEEP,Z,0.05226312,0.2234138
3/7/3/7/6/5/6/7/4 3 3,X,-0.7307692307692307692307692308,10,SLEEP,Z,0.1208573,0.4987312
3/7/3/7/6/5/6/7/1 3 3,X,0.75,4,SLEEP,Z,0.04771759,0.1742193
3/7/3/7/6/5/5/2/7 3 3,X,-0.5769230769230769230769230769,6,SLEEP,Z,0.05250538,0.2153695
3/7/3/7/6/5/5/6/6 3 3,X,-0.6538461538461538461538461538,8,SLEEP,Z,0.07383883,0.3239584
3/7/3/7/6/5/5/6/5 3 3,X,-0.5769230769230769230769230769,6,SLEEP,Z,0.06289501,0.2394338
3/7/3/7/6/5/5/6/3 3 3,X,0.625,4,SLEEP,Z,0.07689488,0.199439
3/7/3/7/6/5/5/5/6 3 3,X,-0.6538461538461538461538461538,6,SLEEP,Z,0.06993068,0.2881781
3/7/3/7/6/5/5/5/5 3 3,X,-0.5769230769230769230769230769,4,SLEEP,Z,0.04089078,0.1770813
3/7/3/7/6/5/5/5/3 3 3,X,0.625,4,SLEEP,Z,0.08777563,0.2278217
3/7/3/7/6/5/5/3/6 3 3,X,-0.6538461538461538461538461538,8,SLEEP,Z,0.07159865,0.3177932
3/7/3/7/6/5/5/3/5 3 3,X,-0.5769230769230769230769230769,6,SLEEP,Z,0.05935379,0.2103977
3/7/3/7/6/5/5/3/3 3 3,X,0.625,8,SLEEP,Z,0.05639271,0.1904406
3/7/3/7/6/5/5/7/4 3 3,X,-0.6538461538461538461538461538,6,SLEEP,Z,0.07095309,0.3160866
3/7/3/7/6/5/5/7/2 3 3,X,-0.5769230769230769230769230769,6,SLEEP,Z,0.04965564,0.2068209
3/7/3/7/6/5/5/7/1 3 3,X,0.625,2,SLEEP,Z,0.03078097,0.1280523
3/7/3/7/6/5/3/2/7 3 3,X,0.625,6,SLEEP,Z,0.1428816,0.3359361
3/7/3/7/6/5/3/6/6 3 3,X,-0.75,6,SLEEP,Z,0.05458638,0.2371146
3/7/3/7/6/5/3/6/5 3 3,X,0.625,2,SLEEP,Z,0.02829633,0.1029056
3/7/3/7/6/5/3/6/3 3 3,X,0.75,2,SLEEP,Z,0.01585915,0.05236105
3/7/3/7/6/5/3/5/6 3 3,X,-0.75,6,SLEEP,Z,0.07928165,0.3157406
3/7/3/7/6/5/3/5/5 3 3,X,0.625,6,SLEEP,Z,0.04481125,0.162984
3/7/3/7/6/5/3/5/3 3 3,X,0.75,4,SLEEP,Z,0.03520396,0.1370438
3/7/3/7/6/5/3/3/6 3 3,X,-0.75,4,SLEEP,Z,0.05699061,0.2262998
3/7/3/7/6/5/3/3/5 3 3,X,0.625,6,SLEEP,Z,0.04490514,0.1786573
3/7/3/7/6/5/3/3/3 3 3,X,0.75,4,SLEEP,Z,0.02986466,0.1221275
3/7/3/7/6/5/3/7/4 3 3,X,-0.75,4,SLEEP,Z,0.04369289,0.1688008
3/7/3/7/6/5/3/7/2 3 3,X,0.625,4,SLEEP,Z,0.03742334,0.1249562
3/7/3/7/6/5/3/7/1 3 3,X,0.75,4,SLEEP,Z,0.03916095,0.1283468
3/7/3/7/6/5/7/2/6 3 3,X,-0.6538461538461538461538461538,8,SLEEP,Z,0.1135697,0.4373846
3/7/3/7/6/5/7/2/5 3 3,X,-0.5769230769230769230769230769,6,SLEEP,Z,0.1228612,0.3518187
3/7/3/7/6/5/7/2/3 3 3,X,0.625,4,SLEEP,Z,0.02799078,0.1001369
3/7/3/7/6/5/7/6/4 3 3,X,-0.6538461538461538461538461538,8,SLEEP,Z,0.08070458,0.3403167
3/7/3/7/6/5/7/6/2 3 3,X,-0.5769230769230769230769230769,8,SLEEP,Z,0.09916891,0.3625304
3/7/3/7/6/5/7/6/1 3 3,X,0.625,4,SLEEP,Z,0.04656337,0.1887684
3/7/3/7/6/5/7/5/4 3 3,X,-0.6538461538461538461538461538,8,SLEEP,Z,0.06731978,0.2949669
3/7/3/7/6/5/7/5/2 3 3,X,-0.5769230769230769230769230769,6,SLEEP,Z,0.04703383,0.1990649
3/7/3/7/6/5/7/5/1 3 3,X,0.625,6,SLEEP,Z,0.05490603,0.1714171
3/7/3/7/6/5/6/3/6 3 3,X,-0.7307692307692307692307692308,10,SLEEP,Z,0.1192681,0.4677888
3/7/3/7/6/5/7/3/4 3 3,X,-0.6538461538461538461538461538,12,SLEEP,Z,0.1085325,0.4395334
3/7/3/7/6/5/7/3/2 3 3,X,-0.5769230769230769230769230769,4,SLEEP,Z,0.03037477,0.1180141
3/7/3/7/6/5/7/3/1 3 3,X,0.625,4,SLEEP,Z,0.05202566,0.1920999
3/7/3/7/6/3/2/6/7 3 3,Z,-0.6666666666666666666666666667,6,SLEEP,Z,0.04955249,0.1375283
3/7/3/7/6/3/2/5/7 3 3,X,-0.5769230769230769230769230769,8,SLEEP,Z,0.1851242,0.4168627
3/7/3/7/6/3/2/3/7 3 3,X,-0.5769230769230769230769230769,6,SLEEP,Z,0.09445356,0.2897926
3/7/3/7/6/3/2/7/6 3 3,X,-0.6538461538461538461538461538,8,SLEEP,Z,0.08589801,0.3282232
3/7/3/7/6/3/2/7/5 3 3,X,-0.5769230769230769230769230769,4,SLEEP,Z,0.04473837,0.1594719
3/7/3/7/6/3/2/7/3 3 3,X,0.625,6,SLEEP,Z,0.1720812,0.2402608
3/7/3/7/6/3/6/2/7 3 3,X,-0.6538461538461538461538461538,8,SLEEP,Z,0.1114779,0.3896004
3/7/3/7/6/3/6/6/5 3 3,Z,-0.6666666666666666666666666667,10,SLEEP,Z,0.0995078,0.3791208
3/7/3/7/6/3/6/6/3 3 3,X,0.75,8,SLEEP,Z,0.06706049,0.2040314
3/7/3/7/6/3/6/5/5 3 3,X,-0.6538461538461538461538461538,6,SLEEP,Z,0.06304502,0.235354
3/7/3/7/6/3/6/5/3 3 3,X,0.75,4,SLEEP,Z,0.04731607,0.1663985
3/7/3/7/6/3/6/3/5 3 3,X,-0.6538461538461538461538461538,8,SLEEP,Z,0.08331518,0.3334164
3/7/3/7/6/3/6/3/3 3 3,X,0.75,6,SLEEP,Z,0.2428532,0.4236031
3/7/3/7/6/3/6/6/6 3 3,X,-0.7307692307692307692307692308,10,SLEEP,Z,0.08014638,0.3390981
3/7/3/7/6/3/6/5/6 3 3,X,-0.7307692307692307692307692308,8,SLEEP,Z,0.06969396,0.2981458
3/7/3/7/6/3/6/7/2 3 3,X,-0.6538461538461538461538461538,8,SLEEP,Z,0.09387074,0.3378448
3/7/3/7/6/3/6/7/1 3 3,X,0.75,2,SLEEP,Z,0.0568674,0.2070768
3/7/3/7/6/3/5/2/7 3 3,X,-0.5769230769230769230769230769,6,SLEEP,Z,0.1200049,0.3472137
3/7/3/7/6/3/5/6/6 3 3,Z,-0.6666666666666666666666666667,8,SLEEP,Z,0.07644096,0.3091491
3/7/3/7/6/3/5/6/5 3 3,Z,-0.6666666666666666666666666667,6,SLEEP,Z,0.08260863,0.3281993
3/7/3/7/6/3/5/6/3 3 3,Z,-0.6666666666666666666666666667,6,SLEEP,Z,0.05334826,0.182517
3/7/3/7/6/3/5/5/6 3 3,X,-0.6538461538461538461538461538,8,SLEEP,Z,0.1142295,0.4512424
3/7/3/7/6/3/5/5/5 3 3,X,-0.5769230769230769230769230769,6,SLEEP,Z,0.05919785,0.2655019
3/7/3/7/6/3/5/5/3 3 3,X,0.625,4,SLEEP,Z,0.04638129,0.1566065
3/7/3/7/6/3/5/3/6 3 3,X,-0.6538461538461538461538461538,6,SLEEP,Z,0.05287209,0.2068907
3/7/3/7/6/3/5/3/5 3 3,X,-0.5769230769230769230769230769,6,SLEEP,Z,0.07602612,0.2272826
3/7/3/7/6/3/5/3/3 3 3,X,0.625,6,SLEEP,Z,0.06321475,0.2077984
3/7/3/7/6/3/5/7/4 3 3,X,-0.6538461538461538461538461538,6,SLEEP,Z,0.07489713,0.3076115
3/7/3/7/6/3/5/7/2 3 3,X,-0.5769230769230769230769230769,6,SLEEP,Z,0.06866033,0.2959552
3/7/3/7/6/3/5/7/1 3 3,X,0.625,2,SLEEP,Z,0.03496531,0.1379432
3/7/3/7/6/3/3/2/7 3 3,X,0.625,4,SLEEP,Z,0.05058316,0.1821342
3/7/3/7/6/3/3/6/6 3 3,X,-0.75,4,SLEEP,Z,0.05698648,0.2498536
3/7/3/7/6/3/3/6/5 3 3,Z,-0.6666666666666666666666666667,4,SLEEP,Z,0.05266558,0.1571215
3/7/3/7/6/3/3/6/3 3 3,X,0.75,4,SLEEP,Z,0.1495833,0.3000247
3/7/3/7/6/3/3/5/6 3 3,X,-0.75,6,SLEEP,Z,0.07515503,0.2396544
3/7/3/7/6/3/3/5/5 3 3,X,0.625,4,SLEEP,Z,0.04603099,0.1691585
3/7/3/7/6/3/3/5/3 3 3,X,0.75,2,SLEEP,Z,0.0445705,0.06955012
3/7/3/7/6/3/3/3/6 3 3,X,-0.75,6,SLEEP,Z,0.1256216,0.3980401
3/7/3/7/6/3/3/3/5 3 3,X,0.625,4,SLEEP,Z,0.05071474,0.1769326
3/7/3/7/6/3/3/3/3 3 3,X,0.75,4,SLEEP,Z,0.03691332,0.09755985
3/7/3/7/6/3/3/7/4 3 3,X,-0.75,6,SLEEP,Z,0.1252482,0.4075924
3/7/3/7/6/3/3/7/2 3 3,X,0.625,6,SLEEP,Z,0.1035176,0.2826781
3/7/3/7/6/3/3/7/1 3 3,X,0.75,2,SLEEP,Z,0.01753289,0.07436005
3/7/3/7/6/3/7/2/6 3 3,X,-0.6538461538461538461538461538,8,SLEEP,Z,0.1137563,0.3995888
3/7/3/7/6/3/7/2/5 3 3,X,-0.5769230769230769230769230769,6,SLEEP,Z,0.1398472,0.3697827
3/7/3/7/6/3/7/2/3 3 3,X,0.625,2,SLEEP,Z,0.02886448,0.08072808
3/7/3/7/6/3/7/6/4 3 3,Z,-0.6666666666666666666666666666,8,SLEEP,Z,0.06141483,0.2618473
3/7/3/7/6/3/7/6/2 3 3,Z,-0.6666666666666666666666666666,8,SLEEP,Z,0.1229596,0.407287
3/7/3/7/6/3/7/6/1 3 3,Z,-0.6666666666666666666666666666,4,SLEEP,Z,0.1284428,0.2783355
3/7/3/7/6/3/7/5/4 3 3,X,-0.6538461538461538461538461538,10,SLEEP,Z,0.09521152,0.3858269
3/7/3/7/6/3/7/5/2 3 3,X,-0.5769230769230769230769230769,6,SLEEP,Z,0.1164118,0.3483424
3/7/3/7/6/3/7/5/1 3 3,X,0.625,6,SLEEP,Z,0.0475385,0.1759718
3/7/3/7/6/3/6/3/6 3 3,X,-0.7307692307692307692307692308,10,SLEEP,Z,0.09489821,0.4205514
3/7/3/7/6/3/7/3/4 3 3,X,-0.6538461538461538461538461538,8,SLEEP,Z,0.08421338,0.3428344
3/7/3/7/6/3/7/3/2 3 3,X,-0.5769230769230769230769230769,6,SLEEP,Z,0.05724278,0.2266039
3/7/3/7/6/3/7/3/1 3 3,X,0.625,4,SLEEP,Z,0.04936965,0.1919855
3/7/3/7/6/7/2/2/7 3 3,X,-0.5769230769230769230769230769,6,SLEEP,Z,0.1436002,0.3669572
3/7/3/7/6/7/2/6/6 3 3,X,-0.6538461538461538461538461538,8,SLEEP,Z,0.08409926,0.3140483
3/7/3/7/6/7/2/6/5 3 3,X,-0.5769230769230769230769230769,6,SLEEP,Z,0.063506,0.2806746
3/7/3/7/6/7/2/6/3 3 3,X,0.625,4,SLEEP,Z,0.03645751,0.1117503
3/7/3/7/6/7/2/5/6 3 3,X,-0.6538461538461538461538461538,10,SLEEP,Z,0.112353,0.4200729
3/7/3/7/6/7/2/5/5 3 3,X,-0.5769230769230769230769230769,6,SLEEP,Z,0.05274698,0.212394
3/7/3/7/6/7/2/5/3 3 3,X,0.625,6,SLEEP,Z,0.1568167,0.2922699
3/7/3/7/6/7/2/3/6 3 3,X,-0.6538461538461538461538461538,6,SLEEP,Z,0.09847949,0.3622754
3/7/3/7/6/7/2/3/5 3 3,X,-0.5769230769230769230769230769,6,SLEEP,Z,0.1681041,0.4423755
3/7/3/7/6/7/2/3/3 3 3,X,0.625,6,SLEEP,Z,0.217478,0.3187452
3/7/3/7/6/7/2/7/4 3 3,X,-0.6538461538461538461538461538,10,SLEEP,Z,0.1205762,0.474661
3/7/3/7/6/7/2/7/2 3 3,X,-0.5769230769230769230769230769,6,SLEEP,Z,0.07336337,0.2791019
3/7/3/7/6/7/2/7/1 3 3,X,0.625,2,SLEEP,Z,0.03284805,0.1299115
3/7/3/7/6/7/6/2/6 3 3,X,-0.7307692307692307692307692308,8,SLEEP,Z,0.1194713,0.4400656
3/7/3/7/6/7/6/2/5 3 3,X,-0.6538461538461538461538461538,8,SLEEP,Z,0.0774638,0.32809
3/7/3/7/6/7/6/2/3 3 3,X,0.8333333333333333333333333333,4,SLEEP,Z,0.3118463,0.3726182
3/7/3/7/6/7/6/6/4 3 3,X,-0.7307692307692307692307692308,14,SLEEP,Z,0.1291687,0.4127813
3/7/3/7/6/7/6/6/2 3 3,X,-0.6538461538461538461538461538,8,SLEEP,Z,0.1595901,0.4594074
3/7/3/7/6/7/6/6/1 3 3,X,0.8333333333333333333333333333,4,SLEEP,Z,0.0517879,0.1580109
3/5/3/7/6/7/6/5/6 3 3,X,-0.7142857142857142857142857143,10,SLEEP,Z,0.09228037,0.2846665
3/7/3/5/6/7/6/5/6 3 3,X,-0.7307692307692307692307692307,12,SLEEP,Z,0.09133442,0.3721015
3/7/3/7/6/7/6/5/2 3 3,X,-0.6538461538461538461538461538,10,SLEEP,Z,0.1013606,0.3916553
3/7/3/7/6/7/6/5/1 3 3,X,0.8333333333333333333333333333,6,SLEEP,Z,0.04787705,0.1816907
3/7/3/7/6/7/6/3/4 3 3,X,-0.7307692307692307692307692308,8,SLEEP,Z,0.09136393,0.3950223
3/7/3/7/6/7/6/3/2 3 3,X,-0.6538461538461538461538461538,10,SLEEP,Z,0.1285888,0.5126452
3/7/3/7/6/7/6/3/1 3 3,X,0.8333333333333333333333333333,6,SLEEP,Z,0.3140081,0.4632779
3/6/3/7/6/7/6/7/4 3 3,X,-0.7142857142857142857142857143,10,SLEEP,Z,0.09795281,0.4193188
3/7/3/7/6/7/6/5/4 3 3,X,-0.7307692307692307692307692308,6,SLEEP,Z,0.1149584,0.4598433
3/7/3/7/6/7/5/2/6 3 3,X,-0.6538461538461538461538461538,6,SLEEP,Z,0.0656242,0.2893459
3/7/3/7/6/7/5/2/5 3 3,X,-0.5769230769230769230769230769,6,SLEEP,Z,0.06670197,0.1793339
3/7/3/7/6/7/5/2/3 3 3,X,0.625,4,SLEEP,Z,0.03812195,0.1409764
3/7/3/7/6/7/5/6/4 3 3,X,-0.6538461538461538461538461538,8,SLEEP,Z,0.0843981,0.3409066
3/7/3/7/6/7/5/6/2 3 3,X,-0.5769230769230769230769230769,4,SLEEP,Z,0.0364726,0.1483921
3/7/3/7/6/7/5/6/1 3 3,X,0.625,4,SLEEP,Z,0.03841935,0.1563053
3/7/3/7/6/7/5/5/4 3 3,X,-0.6538461538461538461538461538,8,SLEEP,Z,0.0864013,0.362014
3/7/3/7/6/7/5/5/2 3 3,X,-0.5769230769230769230769230769,4,SLEEP,Z,0.05545248,0.2310464
3/7/3/7/6/7/5/5/1 3 3,X,0.625,4,SLEEP,Z,0.07926273,0.3320216
3/7/3/7/6/7/5/3/4 3 3,X,-0.6538461538461538461538461538,6,SLEEP,Z,0.04954738,0.2017693
3/7/3/7/6/7/5/3/2 3 3,X,-0.5769230769230769230769230769,6,SLEEP,Z,0.0625347,0.2363176
3/7/3/7/6/7/5/3/1 3 3,X,0.625,4,SLEEP,Z,0.03823215,0.1398919
3/7/3/7/6/7/3/2/6 3 3,X,-0.8333333333333333333333333333,6,SLEEP,Z,0.06505322,0.240282
3/7/3/7/6/7/3/2/5 3 3,X,0.625,8,SLEEP,Z,0.1041626,0.3172986
3/7/3/7/6/7/3/2/3 3 3,X,0.75,2,SLEEP,Z,0.01814826,0.06912988
3/7/3/7/6/7/3/6/4 3 3,X,-0.8333333333333333333333333333,4,SLEEP,Z,0.06120682,0.1991066
3/7/3/7/6/7/3/6/2 3 3,X,0.625,4,SLEEP,Z,0.04438708,0.144312
3/7/3/7/6/7/3/6/1 3 3,X,0.75,2,SLEEP,Z,0.03078042,0.09003898
3/7/3/7/6/7/3/5/4 3 3,X,-0.8333333333333333333333333333,4,SLEEP,Z,0.03960007,0.1527974
3/7/3/7/6/7/3/5/2 3 3,X,0.625,4,SLEEP,Z,0.0521554,0.194209
3/7/3/7/6/7/3/5/1 3 3,X,0.75,4,SLEEP,Z,0.1626991,0.3552718
3/7/3/7/6/7/3/3/4 3 3,X,-0.8333333333333333333333333333,4,SLEEP,Z,0.06445973,0.2290304
3/7/3/7/6/7/3/3/2 3 3,X,0.625,6,SLEEP,Z,0.1402781,0.3391947
3/7/3/7/6/7/3/3/1 3 3,X,0.75,2,SLEEP,Z,0.02402017,0.06578045
3/7/3/7/6/7/7/2/4 3 3,X,-0.6538461538461538461538461538,10,SLEEP,Z,0.08547158,0.3416108
3/7/3/7/6/7/7/2/2 3 3,X,-0.5769230769230769230769230769,6,SLEEP,Z,0.05361274,0.2136341
3/7/3/7/6/7/7/2/1 3 3,X,0.625,6,SLEEP,Z,0.03690438,0.1407471
3/7/3/7/5/2/2/7/7 3 3,X,-0.5,6,SLEEP,Z,0.06808809,0.2375777
3/7/3/7/5/2/6/6/7 3 3,X,-0.5769230769230769230769230769,6,SLEEP,Z,0.04602137,0.2032413
3/7/3/7/5/2/6/5/7 3 3,X,-0.5769230769230769230769230769,6,SLEEP,Z,0.07879322,0.292021
3/7/3/7/5/2/6/3/7 3 3,X,-0.5769230769230769230769230769,6,SLEEP,Z,0.05957332,0.2330581
3/7/3/7/5/2/6/7/6 3 3,X,-0.6538461538461538461538461538,8,SLEEP,Z,0.07920706,0.3168159
3/7/3/7/5/2/6/7/5 3 3,X,-0.5769230769230769230769230769,4,SLEEP,Z,0.05362337,0.2106882
3/7/3/7/5/2/6/7/3 3 3,X,0.7,4,SLEEP,Z,0.2027625,0.3410611
3/7/3/7/5/2/5/6/7 3 3,X,-0.5,6,SLEEP,Z,0.05895228,0.3710381
3/7/3/7/5/2/5/5/7 3 3,X,-0.5,6,SLEEP,Z,0.04393294,0.1909068
3/7/3/7/5/2/5/3/7 3 3,X,-0.5,4,SLEEP,Z,0.06591817,0.2180324
3/7/3/7/5/2/5/7/6 3 3,X,-0.5769230769230769230769230769,4,SLEEP,Z,0.04236847,0.1377912
3/7/3/7/5/2/5/7/5 3 3,X,-0.5,4,SLEEP,Z,0.06176953,0.2318672
3/7/3/7/5/2/5/7/3 3 3,X,-0.4230769230769230769230769231,4,SLEEP,Z,0.04019685,0.1607582
3/7/3/7/5/2/3/6/7 3 3,X,-0.5,6,SLEEP,Z,0.06159544,0.2251376
3/7/3/7/5/2/3/5/7 3 3,X,-0.5,4,SLEEP,Z,0.06394668,0.2203213
3/7/3/7/5/2/3/3/7 3 3,X,-0.5,6,SLEEP,Z,0.04481411,0.2005673
3/7/3/7/5/2/3/7/6 3 3,X,-0.7,6,SLEEP,Z,0.07309036,0.2678492
3/7/3/7/5/2/3/7/5 3 3,X,-0.5,4,SLEEP,Z,0.05159138,0.1921823
3/7/3/7/5/2/3/7/3 3 3,X,-0.3461538461538461538461538462,6,SLEEP,Z,0.04662642,0.1413922
3/7/3/7/5/2/7/2/7 3 3,X,-0.5,6,SLEEP,Z,0.06287681,0.2634831
3/7/3/7/5/2/7/6/6 3 3,X,-0.5769230769230769230769230769,4,SLEEP,Z,0.05853718,0.2327457
3/7/3/7/5/2/7/6/5 3 3,X,-0.5,4,SLEEP,Z,0.0945882,0.3588997
3/7/3/7/5/2/7/6/3 3 3,Z,0.5,4,SLEEP,Z,0.04677509,0.188068
3/7/3/7/5/2/7/5/6 3 3,X,-0.5769230769230769230769230769,8,SLEEP,Z,0.07389101,0.2886613
3/7/3/7/5/2/7/5/5 3 3,X,-0.5,6,SLEEP,Z,0.0519469,0.2047819
3/7/3/7/5/2/7/5/3 3 3,X,-0.4230769230769230769230769231,4,SLEEP,Z,0.02919163,0.1185635
3/7/3/7/5/2/7/3/6 3 3,X,-0.5769230769230769230769230769,8,SLEEP,Z,0.06719041,0.2881352
3/7/3/7/5/2/7/3/5 3 3,X,-0.5,6,SLEEP,Z,0.0774146,0.2439559
3/7/3/7/5/2/7/3/3 3 3,Z,-0.5,2,SLEEP,Z,0.04646856,0.1496501
3/7/3/7/5/2/7/7/4 3 3,X,-0.5769230769230769230769230769,4,SLEEP,Z,0.04477553,0.1948531
3/7/3/7/5/2/7/7/2 3 3,X,-0.5,6,SLEEP,Z,0.04470313,0.1918775
3/7/3/7/5/2/7/7/1 3 3,X,-0.4230769230769230769230769231,4,SLEEP,Z,0.03484164,0.1479913
3/7/3/7/5/6/2/6/7 3 3,X,-0.5,6,SLEEP,Z,0.1141383,0.3306498
3/7/3/7/5/6/2/5/7 3 3,X,-0.5,4,SLEEP,Z,0.06737214,0.2079043
3/7/3/7/5/6/2/3/7 3 3,Z,0.6666666666666666666666666667,4,SLEEP,Z,0.0514519,0.1800994
3/7/3/7/5/6/2/7/6 3 3,X,-0.5769230769230769230769230769,8,SLEEP,Z,0.06650855,0.2414693
3/7/3/7/5/6/2/7/5 3 3,X,-0.5,4,SLEEP,Z,0.04662241,0.173039
3/7/3/7/5/6/2/7/3 3 3,Z,0.5,2,SLEEP,Z,0.0545692,0.1768036
3/7/3/7/5/6/6/2/7 3 3,X,-0.5769230769230769230769230769,6,SLEEP,Z,0.1340131,0.3515149
3/7/3/7/5/6/6/6/6 3 3,X,-0.6538461538461538461538461538,12,SLEEP,Z,0.1165563,0.4344226
3/7/3/7/5/6/6/6/5 3 3,X,-0.5769230769230769230769230769,8,SLEEP,Z,0.0779521,0.3321352
3/7/3/7/5/6/6/6/3 3 3,X,0.75,2,SLEEP,Z,0.03089889,0.1240278
3/7/3/7/5/6/6/5/6 3 3,X,-0.6538461538461538461538461538,10,SLEEP,Z,0.07577248,0.331661
3/7/3/7/5/6/6/5/5 3 3,X,-0.5769230769230769230769230769,8,SLEEP,Z,0.07988724,0.2461462
3/7/3/7/5/6/6/5/3 3 3,X,0.75,4,SLEEP,Z,0.05582894,0.1241403
3/7/3/7/5/6/6/3/6 3 3,Z,0.6666666666666666666666666667,6,SLEEP,Z,0.06372854,0.2998252
3/7/3/7/5/6/6/3/5 3 3,Z,0.6666666666666666666666666667,8,SLEEP,Z,0.065728,0.2534404
3/7/3/7/5/6/6/3/3 3 3,X,0.75,4,SLEEP,Z,0.06538793,0.234896
3/7/3/7/5/6/6/7/4 3 3,X,-0.6538461538461538461538461538,8,SLEEP,Z,0.09311763,0.3920959
3/7/3/7/5/6/6/7/2 3 3,X,-0.5769230769230769230769230769,6,SLEEP,Z,0.1246087,0.459668
3/7/3/7/5/6/6/7/1 3 3,X,0.75,4,SLEEP,Z,0.05971063,0.1895819
3/7/3/7/5/6/5/2/7 3 3,X,-0.5,6,SLEEP,Z,0.06196635,0.2554806
3/7/3/7/5/6/5/6/6 3 3,X,-0.5769230769230769230769230769,6,SLEEP,Z,0.06856886,0.2688034
3/7/3/7/5/6/5/6/5 3 3,X,-0.5,6,SLEEP,Z,0.08294575,0.3344386
3/7/3/7/5/6/5/6/3 3 3,Z,0.5,4,SLEEP,Z,0.04487747,0.1793543
3/7/3/7/5/6/5/5/6 3 3,X,-0.5769230769230769230769230769,6,SLEEP,Z,0.06353258,0.2430369
3/7/3/7/5/6/5/5/5 3 3,X,-0.5,6,SLEEP,Z,0.06617046,0.261955
3/7/3/7/5/6/5/5/3 3 3,Z,0.5,6,SLEEP,Z,0.06486902,0.2374923
3/7/3/7/5/6/5/3/6 3 3,Z,0.6666666666666666666666666667,6,SLEEP,Z,0.05606203,0.2599671
3/7/3/7/5/6/5/3/5 3 3,Z,0.6666666666666666666666666667,4,SLEEP,Z,0.03823849,0.1683194
3/7/3/7/5/6/5/3/3 3 3,Z,0.6666666666666666666666666667,4,SLEEP,Z,0.0695489,0.2390297
3/7/3/7/5/6/5/7/4 3 3,X,-0.5769230769230769230769230769,6,SLEEP,Z,0.05070762,0.2276853
3/7/3/7/5/6/5/7/2 3 3,X,-0.5,4,SLEEP,Z,0.06307092,0.2116608
3/7/3/7/5/6/5/7/1 3 3,Z,0.5,4,SLEEP,Z,0.03189449,0.1283688
3/7/3/7/5/6/3/2/7 3 3,Z,0.5,4,SLEEP,Z,0.03295103,0.1335272
3/7/3/7/5/6/3/6/6 3 3,X,-0.75,6,SLEEP,Z,0.05739586,0.2405613
3/7/3/7/5/6/3/6/5 3 3,X,-0.5,4,SLEEP,Z,0.04078691,0.1683269
3/7/3/7/5/6/3/6/3 3 3,Z,0.5,2,SLEEP,Z,0.02329711,0.0986248
3/7/3/7/5/6/3/5/6 3 3,X,-0.75,6,SLEEP,Z,0.05805107,0.2215561
3/7/3/7/5/6/3/5/5 3 3,Z,0.5,2,SLEEP,Z,0.0375924,0.154921
3/7/3/7/5/6/3/5/3 3 3,Z,0.5,6,SLEEP,Z,0.06194222,0.3347988
3/7/3/7/5/6/3/3/6 3 3,X,-0.75,4,SLEEP,Z,0.0422275,0.1552089
3/7/3/7/5/6/3/3/5 3 3,Z,0.6666666666666666666666666667,2,SLEEP,Z,0.02919856,0.1274332
3/7/3/7/5/6/3/3/3 3 3,Z,0.6666666666666666666666666667,2,SLEEP,Z,0.026384,0.1083041
3/7/3/7/5/6/3/7/4 3 3,X,-0.75,6,SLEEP,Z,0.1697131,0.4132194
3/7/3/7/5/6/3/7/2 3 3,Z,0.5,4,SLEEP,Z,0.06832992,0.2232234
3/7/3/7/5/6/3/7/1 3 3,Z,0.5,2,SLEEP,Z,0.03462243,0.151445
3/7/3/7/5/6/7/2/6 3 3,X,-0.5769230769230769230769230769,4,SLEEP,Z,0.04379788,0.2009739
3/7/3/7/5/6/7/2/5 3 3,X,-0.5,6,SLEEP,Z,0.0831365,0.3185187
3/7/3/7/5/6/7/2/3 3 3,Z,0.5,4,SLEEP,Z,0.04221713,0.1692928
3/7/3/7/5/6/7/6/4 3 3,X,-0.5769230769230769230769230769,6,SLEEP,Z,0.05520764,0.2523192
3/7/3/7/5/6/7/6/2 3 3,X,-0.5,6,SLEEP,Z,0.08587433,0.2870444
3/7/3/7/5/6/7/6/1 3 3,Z,0.5,6,SLEEP,Z,0.07358701,0.2587015
3/7/3/7/5/6/7/5/4 3 3,X,-0.5769230769230769230769230769,8,SLEEP,Z,0.1065806,0.419694
3/7/3/7/5/6/7/5/2 3 3,X,-0.5,6,SLEEP,Z,0.06013773,0.2461735
3/7/3/7/5/6/7/5/1 3 3,Z,0.5,4,SLEEP,Z,0.03327727,0.1439257
3/7/3/7/5/6/7/3/4 3 3,Z,0.6666666666666666666666666666,6,SLEEP,Z,0.06833197,0.3174972
3/7/3/7/5/6/7/3/2 3 3,Z,0.6666666666666666666666666666,4,SLEEP,Z,0.04845915,0.1992176
3/7/3/7/5/6/7/3/1 3 3,Z,0.6666666666666666666666666666,2,SLEEP,Z,0.03322542,0.1324449
3/7/3/7/5/5/2/6/7 3 3,X,-0.5,6,SLEEP,Z,0.06053404,0.2222043
3/7/3/7/5/5/2/5/7 3 3,X,-0.5,6,SLEEP,Z,0.07049094,0.2317613
3/7/3/7/5/5/2/3/7 3 3,X,-0.5,6,SLEEP,Z,0.07610089,0.2142462
3/7/3/7/5/5/2/7/6 3 3,X,-0.5769230769230769230769230769,6,SLEEP,Z,0.1127047,0.374787
3/7/3/7/5/5/2/7/5 3 3,X,-0.5,6,SLEEP,Z,0.07030251,0.2282753
3/7/3/7/5/5/2/7/3 3 3,X,-0.4230769230769230769230769231,4,SLEEP,Z,0.04756059,0.1743139
3/7/3/7/5/5/6/2/7 3 3,X,-0.5769230769230769230769230769,6,SLEEP,Z,0.05050446,0.2175343
3/7/3/7/5/5/6/6/6 3 3,X,-0.6538461538461538461538461538,12,SLEEP,Z,0.1259268,0.4453174
3/7/3/7/5/5/6/6/5 3 3,X,-0.5769230769230769230769230769,8,SLEEP,Z,0.06364156,0.2755309
3/7/3/7/5/5/6/6/3 3 3,X,0.75,4,SLEEP,Z,0.04607875,0.1792818
3/7/3/7/5/5/6/5/6 3 3,X,-0.6538461538461538461538461538,8,SLEEP,Z,0.0869632,0.3593253
3/7/3/7/5/5/6/5/5 3 3,X,-0.5769230769230769230769230769,4,SLEEP,Z,0.04097082,0.1703933
3/7/3/7/5/5/6/5/3 3 3,X,0.75,6,SLEEP,Z,0.1613847,0.3376102
3/7/3/7/5/5/6/3/6 3 3,X,-0.6538461538461538461538461538,10,SLEEP,Z,0.1132605,0.4416324
3/7/3/7/5/5/6/3/5 3 3,X,-0.5769230769230769230769230769,6,SLEEP,Z,0.05196033,0.2125192
3/7/3/7/5/5/6/3/3 3 3,X,0.75,6,SLEEP,Z,0.05783796,0.2089653
3/7/3/7/5/5/6/7/4 3 3,X,-0.6538461538461538461538461538,10,SLEEP,Z,0.1352291,0.5325477
3/7/3/7/5/5/6/7/2 3 3,X,-0.5769230769230769230769230769,8,SLEEP,Z,0.05534961,0.2286418
3/7/3/7/5/5/6/7/1 3 3,X,0.75,6,SLEEP,Z,0.1527279,0.3603154
3/7/3/7/5/5/5/2/7 3 3,X,-0.5,6,SLEEP,Z,0.09669714,0.2986483
3/7/3/7/5/5/5/6/6 3 3,X,-0.5769230769230769230769230769,6,SLEEP,Z,0.06982569,0.3041859
3/7/3/7/5/5/5/6/5 3 3,X,-0.5,6,SLEEP,Z,0.06720971,0.2745087
3/7/3/7/5/5/5/6/3 3 3,Z,0.5,4,SLEEP,Z,0.04599777,0.1548782
3/7/3/7/5/5/5/5/6 3 3,X,-0.5769230769230769230769230769,4,SLEEP,Z,0.05728742,0.2384468
3/7/3/7/5/5/5/5/5 3 3,X,-0.5,6,SLEEP,Z,0.07621393,0.3172725
3/7/3/7/5/5/5/5/3 3 3,X,-0.4230769230769230769230769231,6,SLEEP,Z,0.06221825,0.3062858
3/7/3/7/5/5/5/3/6 3 3,X,-0.5769230769230769230769230769,8,SLEEP,Z,0.09268482,0.368522
3/7/3/7/5/5/5/3/5 3 3,X,-0.5,6,SLEEP,Z,0.05534496,0.235065
3/7/3/7/5/5/5/3/3 3 3,Z,-0.5,4,SLEEP,Z,0.04903986,0.2127678
3/7/3/7/5/5/5/7/4 3 3,X,-0.5769230769230769230769230769,6,SLEEP,Z,0.06708298,0.2639033
3/7/3/7/5/5/5/7/2 3 3,X,-0.5,4,SLEEP,Z,0.05060471,0.2019394
3/7/3/7/5/5/5/7/1 3 3,X,-0.4230769230769230769230769231,4,SLEEP,Z,0.06704813,0.2242633
3/7/3/7/5/5/3/2/7 3 3,X,-0.5,4,SLEEP,Z,0.02542929,0.1054793
3/7/3/7/5/5/3/6/6 3 3,X,-0.75,4,SLEEP,Z,0.06820767,0.2576044
3/7/3/7/5/5/3/6/5 3 3,X,-0.5,4,SLEEP,Z,0.06861313,0.2903037
3/7/3/7/5/5/3/6/3 3 3,Z,0.5,6,SLEEP,Z,0.08698075,0.3522967
3/7/3/7/5/5/3/5/6 3 3,X,-0.75,6,SLEEP,Z,0.104886,0.3196813
3/7/3/7/5/5/3/5/5 3 3,X,-0.5,4,SLEEP,Z,0.03749863,0.1522984
3/7/3/7/5/5/3/5/3 3 3,X,-0.3461538461538461538461538462,2,SLEEP,Z,0.02468793,0.10565
3/7/3/7/5/5/3/3/6 3 3,X,-0.75,6,SLEEP,Z,0.1513649,0.4289083
3/7/3/7/5/5/3/3/5 3 3,X,-0.5,4,SLEEP,Z,0.04600745,0.1915629
3/7/3/7/5/5/3/3/3 3 3,Z,-0.5,4,SLEEP,Z,0.05527724,0.2358007
3/7/3/7/5/5/3/7/4 3 3,X,-0.75,4,SLEEP,Z,0.1079668,0.3126311
3/7/3/7/5/5/3/7/2 3 3,X,-0.5,4,SLEEP,Z,0.04324636,0.1791397
3/7/3/7/5/5/3/7/1 3 3,X,-0.3461538461538461538461538462,4,SLEEP,Z,0.03863715,0.1291551
3/7/3/7/5/5/7/2/6 3 3,X,-0.5769230769230769230769230769,8,SLEEP,Z,0.1025757,0.3969389
3/7/3/7/5/5/7/2/5 3 3,X,-0.5,8,SLEEP,Z,0.08711792,0.3410834
3/7/3/7/5/5/7/2/3 3 3,X,-0.4230769230769230769230769231,4,SLEEP,Z,0.03116936,0.1315974
3/7/3/7/5/5/7/6/4 3 3,X,-0.5769230769230769230769230769,4,SLEEP,Z,0.05338758,0.2266043
3/7/3/7/5/5/7/6/2 3 3,X,-0.5,4,SLEEP,Z,0.05417076,0.2334441
3/7/3/7/5/5/7/6/1 3 3,Z,0.5,4,SLEEP,Z,0.05973025,0.264625
3/7/3/7/5/5/7/5/4 3 3,X,-0.5769230769230769230769230769,8,SLEEP,Z,0.06195775,0.2646221
3/7/3/7/5/5/7/5/2 3 3,X,-0.5,6,SLEEP,Z,0.05818455,0.2284148
3/7/3/7/5/5/7/5/1 3 3,X,-0.4230769230769230769230769231,4,SLEEP,Z,0.04694831,0.1833894
3/7/3/7/5/5/7/3/4 3 3,X,-0.5769230769230769230769230769,8,SLEEP,Z,0.09550314,0.3874047
3/7/3/7/5/5/7/3/2 3 3,X,-0.5,4,SLEEP,Z,0.04684467,0.1952646
3/7/3/7/5/5/7/3/1 3 3,Z,-0.5,4,SLEEP,Z,0.04175912,0.1875044
3/7/3/7/5/3/2/6/7 3 3,Z,-0.6666666666666666666666666667,6,SLEEP,Z,0.04778587,0.1920195
3/7/3/7/5/3/2/5/7 3 3,X,-0.5,6,SLEEP,Z,0.07355095,0.2082357
3/7/3/7/5/3/2/3/7 3 3,X,-0.5,6,SLEEP,Z,0.1010639,0.3659891
3/7/3/7/5/3/2/7/6 3 3,X,-0.5769230769230769230769230769,6,SLEEP,Z,0.08984387,0.3526366
3/7/3/7/5/3/2/7/5 3 3,X,-0.5,4,SLEEP,Z,0.04986745,0.1937445
3/7/3/7/5/3/2/7/3 3 3,Z,-0.5,6,SLEEP,Z,0.1046177,0.3569106
3/7/3/7/5/3/6/2/7 3 3,X,-0.5769230769230769230769230769,6,SLEEP,Z,0.07756586,0.3209065
3/7/3/7/5/3/6/6/6 3 3,Z,-0.6666666666666666666666666667,10,SLEEP,Z,0.1208924,0.4749525
3/7/3/7/5/3/6/6/5 3 3,Z,-0.6666666666666666666666666667,6,SLEEP,Z,0.05340743,0.2264121
3/7/3/7/5/3/6/6/3 3 3,X,0.75,4,SLEEP,Z,0.06263451,0.2244973
3/7/3/7/5/3/6/5/6 3 3,X,-0.6538461538461538461538461538,6,SLEEP,Z,0.07886923,0.336675
3/7/3/7/5/3/6/5/5 3 3,X,-0.5769230769230769230769230769,8,SLEEP,Z,0.1250354,0.3964272
3/7/3/7/5/3/6/5/3 3 3,X,0.75,6,SLEEP,Z,0.06454015,0.2369244
3/7/3/7/5/3/6/3/6 3 3,X,-0.6538461538461538461538461538,10,SLEEP,Z,0.1047656,0.4179876
3/7/3/7/5/3/6/3/5 3 3,X,-0.5769230769230769230769230769,6,SLEEP,Z,0.04896255,0.1967237
3/7/3/7/5/3/6/3/3 3 3,X,0.75,4,SLEEP,Z,0.0524882,0.2080896
3/7/3/7/5/3/6/7/4 3 3,X,-0.6538461538461538461538461538,8,SLEEP,Z,0.09793863,0.4139631
3/7/3/7/5/3/6/7/2 3 3,X,-0.5769230769230769230769230769,8,SLEEP,Z,0.06915963,0.2738796
3/7/3/7/5/3/6/7/1 3 3,X,0.75,4,SLEEP,Z,0.04861851,0.199438
3/7/3/7/5/3/5/2/7 3 3,X,-0.5,6,SLEEP,Z,0.03148357,0.1317767
3/7/3/7/5/3/5/6/6 3 3,Z,-0.6666666666666666666666666667,10,SLEEP,Z,0.07596307,0.3140934
3/7/3/7/5/3/5/6/5 3 3,Z,-0.6666666666666666666666666667,6,SLEEP,Z,0.05440633,0.2372992
3/7/3/7/5/3/5/6/3 3 3,Z,-0.6666666666666666666666666667,2,SLEEP,Z,0.02653205,0.1131282
3/7/3/7/5/3/5/5/6 3 3,X,-0.5769230769230769230769230769,4,SLEEP,Z,0.03381086,0.148045
3/7/3/7/5/3/5/5/5 3 3,X,-0.5,6,SLEEP,Z,0.05975782,0.2534593
3/7/3/7/5/3/5/5/3 3 3,Z,-0.5,2,SLEEP,Z,0.04012732,0.1730323
3/7/3/7/5/3/5/3/6 3 3,X,-0.5769230769230769230769230769,8,SLEEP,Z,0.06816225,0.3259282
3/7/3/7/5/3/5/3/5 3 3,X,-0.5,4,SLEEP,Z,0.03657363,0.1625267
3/7/3/7/5/3/5/3/3 3 3,Z,-0.5,4,SLEEP,Z,0.05437745,0.2159852
3/7/3/7/5/3/5/7/4 3 3,X,-0.5769230769230769230769230769,8,SLEEP,Z,0.0596512,0.2682966
3/7/3/7/5/3/5/7/2 3 3,X,-0.5,4,SLEEP,Z,0.06176916,0.2561487
3/7/3/7/5/3/5/7/1 3 3,Z,-0.5,4,SLEEP,Z,0.07115168,0.2920396
3/7/3/7/5/3/3/2/7 3 3,Z,-0.5,4,SLEEP,Z,0.03453947,0.1430361
3/7/3/7/5/3/3/6/6 3 3,X,-0.75,4,SLEEP,Z,0.05700804,0.2076471
3/7/3/7/5/3/3/6/5 3 3,Z,-0.6666666666666666666666666667,4,SLEEP,Z,0.05089868,0.225285
3/7/3/7/5/3/3/6/3 3 3,Z,-0.6666666666666666666666666667,4,SLEEP,Z,0.06104269,0.2058869
3/7/3/7/5/3/3/5/6 3 3,X,-0.75,4,SLEEP,Z,0.04973591,0.1856956
3/7/3/7/5/3/3/5/5 3 3,Z,-0.5,6,SLEEP,Z,0.0467279,0.1981979
3/7/3/7/5/3/3/5/3 3 3,Z,-0.5,2,SLEEP,Z,0.03076084,0.1269455
3/7/3/7/5/3/3/3/6 3 3,X,-0.75,6,SLEEP,Z,0.08292221,0.3119139
3/7/3/7/5/3/3/3/5 3 3,X,-0.5,6,SLEEP,Z,0.04796738,0.1871911
3/7/3/7/5/3/3/3/3 3 3,Z,-0.5,2,SLEEP,Z,0.03384243,0.1431857
3/7/3/7/5/3/3/7/4 3 3,X,-0.75,4,SLEEP,Z,0.05002071,0.2008514
3/7/3/7/5/3/3/7/2 3 3,Z,-0.5,4,SLEEP,Z,0.06522878,0.225861
3/7/3/7/5/3/3/7/1 3 3,Z,-0.5,2,SLEEP,Z,0.02437163,0.1112006
3/7/3/7/5/3/7/2/6 3 3,X,-0.5769230769230769230769230769,8,SLEEP,Z,0.06119876,0.2401579
3/7/3/7/5/3/7/2/5 3 3,X,-0.5,6,SLEEP,Z,0.05402489,0.221772
3/7/3/7/5/3/7/2/3 3 3,Z,-0.5,4,SLEEP,Z,0.05222199,0.2110422
3/7/3/7/5/3/7/6/4 3 3,Z,-0.6666666666666666666666666666,4,SLEEP,Z,0.06388623,0.2339907
3/7/3/7/5/3/7/6/2 3 3,Z,-0.6666666666666666666666666666,4,SLEEP,Z,0.04644766,0.2055347
3/7/3/7/5/3/7/6/1 3 3,Z,-0.6666666666666666666666666666,2,SLEEP,Z,0.04609315,0.1756641
3/7/3/7/5/3/7/5/4 3 3,X,-0.5769230769230769230769230769,6,SLEEP,Z,0.100344,0.3892538
3/7/3/7/5/3/7/5/2 3 3,X,-0.5,6,SLEEP,Z,0.08590814,0.3150968
3/7/3/7/5/3/7/5/1 3 3,Z,-0.5,4,SLEEP,Z,0.02912738,0.1302557
3/7/3/7/5/3/7/3/4 3 3,X,-0.5769230769230769230769230769,4,SLEEP,Z,0.09671661,0.3755879
3/7/3/7/5/3/7/3/2 3 3,X,-0.5,4,SLEEP,Z,0.07186179,0.2663237
3/7/3/7/5/3/7/3/1 3 3,Z,-0.5,4,SLEEP,Z,0.03481094,0.1505018
3/7/3/7/5/7/2/2/7 3 3,X,-0.5,4,SLEEP,Z,0.05198721,0.1947472
3/7/3/7/5/7/2/6/6 3 3,X,-0.5769230769230769230769230769,8,SLEEP,Z,0.1347805,0.3954296
3/7/3/7/5/7/2/6/5 3 3,X,-0.5,6,SLEEP,Z,0.05440265,0.1863153
3/7/3/7/5/7/2/6/3 3 3,X,0.5,4,SLEEP,Z,0.03427024,0.1384678
3/7/3/7/5/7/2/5/6 3 3,X,-0.5769230769230769230769230769,6,SLEEP,Z,0.05986919,0.247749
3/7/3/7/5/7/2/5/5 3 3,X,-0.5,4,SLEEP,Z,0.05967764,0.2327925
3/7/3/7/5/7/2/5/3 3 3,X,0.5,4,SLEEP,Z,0.07913714,0.3107454
3/7/3/7/5/7/2/3/6 3 3,X,-0.5769230769230769230769230769,8,SLEEP,Z,0.08113337,0.2992429
3/7/3/7/5/7/2/3/5 3 3,X,-0.5,6,SLEEP,Z,0.06275122,0.2375812
3/7/3/7/5/7/2/3/3 3 3,X,0.5,2,SLEEP,Z,0.02729104,0.08944657
3/7/3/7/5/7/2/7/4 3 3,X,-0.5769230769230769230769230769,6,SLEEP,Z,0.1245602,0.4013643
3/7/3/7/5/7/2/7/2 3 3,X,-0.5,4,SLEEP,Z,0.04865666,0.2099606
3/7/3/7/5/7/2/7/1 3 3,X,0.5,4,SLEEP,Z,0.0407973,0.1612982
3/7/3/7/5/7/6/2/6 3 3,X,-0.6538461538461538461538461538,10,SLEEP,Z,0.1076861,0.475915
3/7/3/7/5/7/6/2/5 3 3,X,-0.5769230769230769230769230769,8,SLEEP,Z,0.08336901,0.3285155
3/7/3/7/5/7/6/2/3 3 3,X,0.8333333333333333333333333333,6,SLEEP,Z,0.05820852,0.2134896
3/7/3/7/5/7/6/6/4 3 3,X,-0.6538461538461538461538461538,8,SLEEP,Z,0.08294954,0.3584154
3/7/3/7/5/7/6/6/2 3 3,X,-0.5769230769230769230769230769,4,SLEEP,Z,0.04481657,0.1717206
3/7/3/7/5/7/6/6/1 3 3,X,0.8333333333333333333333333333,4,SLEEP,Z,0.1530521,0.2890541
3/7/3/7/5/7/6/5/4 3 3,X,-0.6538461538461538461538461538,8,SLEEP,Z,0.09320841,0.3908159
3/7/3/7/5/7/6/5/2 3 3,X,-0.5769230769230769230769230769,8,SLEEP,Z,0.06024677,0.2349289
3/7/3/7/5/7/6/5/1 3 3,X,0.8333333333333333333333333333,6,SLEEP,Z,0.1702398,0.391931
3/7/3/7/5/7/6/3/4 3 3,X,-0.6538461538461538461538461538,10,SLEEP,Z,0.1163266,0.4361505
3/7/3/7/5/7/6/3/2 3 3,X,-0.5769230769230769230769230769,2,SLEEP,Z,0.04082376,0.1724926
3/7/3/7/5/7/6/3/1 3 3,X,0.8333333333333333333333333333,4,SLEEP,Z,0.05148355,0.2061914
3/7/3/7/5/7/5/2/6 3 3,X,-0.5769230769230769230769230769,4,SLEEP,Z,0.07738204,0.3239663
3/7/3/7/5/7/5/2/5 3 3,X,-0.5,4,SLEEP,Z,0.08921845,0.3474558
3/7/3/7/5/7/5/2/3 3 3,X,-0.4230769230769230769230769231,4,SLEEP,Z,0.06200217,0.3307507
3/7/3/7/5/7/5/6/4 3 3,X,-0.5769230769230769230769230769,6,SLEEP,Z,0.06224768,0.2409193
3/7/3/7/5/7/5/6/2 3 3,X,-0.5,4,SLEEP,Z,0.07681321,0.2916361
3/7/3/7/5/7/5/6/1 3 3,Z,0.5,4,SLEEP,Z,0.0302252,0.1379655
3/7/3/7/5/7/5/5/4 3 3,X,-0.5769230769230769230769230769,6,SLEEP,Z,0.0845658,0.362837
3/7/3/7/5/7/5/5/2 3 3,X,-0.5,6,SLEEP,Z,0.05635478,0.2323439
3/7/3/7/5/7/5/5/1 3 3,X,-0.4230769230769230769230769231,4,SLEEP,Z,0.04408122,0.1875988
3/7/3/7/5/7/5/3/4 3 3,X,-0.5769230769230769230769230769,6,SLEEP,Z,0.0664266,0.2883855
3/7/3/7/5/7/5/3/2 3 3,X,-0.5,4,SLEEP,Z,0.03503294,0.1365449
3/7/3/7/5/7/5/3/1 3 3,Z,-0.5,4,SLEEP,Z,0.03037186,0.1332956
3/7/3/7/5/7/3/2/6 3 3,X,-0.8333333333333333333333333333,8,SLEEP,Z,0.166128,0.4009587
3/7/3/7/5/7/3/2/5 3 3,X,-0.5,6,SLEEP,Z,0.03563738,0.1564311
3/7/3/7/5/7/3/2/3 3 3,X,-0.3461538461538461538461538462,4,SLEEP,Z,0.03386944,0.1465532
3/7/3/7/5/7/3/6/4 3 3,X,-0.8333333333333333333333333333,4,SLEEP,Z,0.05862727,0.2101452
3/7/3/7/5/7/3/6/2 3 3,X,-0.5,4,SLEEP,Z,0.03772426,0.1624396
3/7/3/7/5/7/3/6/1 3 3,Z,0.5,4,SLEEP,Z,0.04049489,0.1542873
3/7/3/7/5/7/3/5/4 3 3,X,-0.8333333333333333333333333333,6,SLEEP,Z,0.06382029,0.2113605
3/7/3/7/5/7/3/5/2 3 3,X,-0.5,2,SLEEP,Z,0.05354515,0.2045478
3/7/3/7/5/7/3/5/1 3 3,X,-0.3461538461538461538461538462,4,SLEEP,Z,0.03063956,0.1336989
3/7/3/7/5/7/3/3/4 3 3,X,-0.8333333333333333333333333333,4,SLEEP,Z,0.1134516,0.3168914
3/7/3/7/5/7/3/3/2 3 3,X,-0.5,4,SLEEP,Z,0.05125073,0.3172937
3/7/3/7/5/7/3/3/1 3 3,Z,-0.5,4,SLEEP,Z,0.02222694,0.1003326
3/7/3/7/5/7/7/2/4 3 3,X,-0.5769230769230769230769230769,4,SLEEP,Z,0.05088152,0.1996927
3/7/3/7/5/7/7/2/2 3 3,X,-0.5,6,SLEEP,Z,0.06307154,0.250982
3/7/3/7/5/7/7/2/1 3 3,X,-0.4230769230769230769230769231,4,SLEEP,Z,0.07223396,0.3028595
3/7/3/7/3/2/2/7/7 3 3,X,-0.5,6,SLEEP,Z,0.06296481,0.2003828
3/7/3/7/3/2/6/6/7 3 3,X,-0.625,4,SLEEP,Z,0.06545161,0.2297976
3/7/3/7/3/2/6/5/7 3 3,X,-0.625,8,SLEEP,Z,0.1111012,0.3742083
3/7/3/7/3/2/6/3/7 3 3,X,-0.625,4,SLEEP,Z,0.05945881,0.2081196
3/7/3/7/3/2/6/7/6 3 3,X,-0.75,6,SLEEP,Z,0.08087644,0.3033538
3/7/3/7/3/2/6/7/5 3 3,X,-0.625,6,SLEEP,Z,0.1221266,0.3769692
3/7/3/7/3/2/6/7/3 3 3,X,0.7,6,SLEEP,Z,0.06378241,0.18306
3/7/3/7/3/2/5/6/7 3 3,X,-0.5,6,SLEEP,Z,0.0703721,0.2420718
3/7/3/7/3/2/5/5/7 3 3,X,-0.5,4,SLEEP,Z,0.06362867,0.1578444
3/7/3/7/3/2/5/3/7 3 3,X,-0.5,8,SLEEP,Z,0.1165487,0.3032653
3/7/3/7/3/2/5/7/6 3 3,X,-0.625,4,SLEEP,Z,0.06100842,0.194572
3/7/3/7/3/2/5/7/5 3 3,X,-0.5,6,SLEEP,Z,0.05588933,0.2187652
3/7/3/7/3/2/5/7/3 3 3,X,-0.375,4,SLEEP,Z,0.03395533,0.13597
3/7/3/7/3/2/3/6/7 3 3,X,-0.5,4,SLEEP,Z,0.05690497,0.2100308
3/7/3/7/3/2/3/5/7 3 3,X,-0.5,4,SLEEP,Z,0.04596429,0.1655928
3/7/3/7/3/2/3/3/7 3 3,X,-0.5,6,SLEEP,Z,0.05617525,0.2069622
3/7/3/7/3/2/3/7/6 3 3,X,-0.7,8,SLEEP,Z,0.08818947,0.2955299
3/7/3/7/3/2/3/7/5 3 3,X,-0.5,4,SLEEP,Z,0.03658001,0.1440861
3/7/3/7/3/2/3/7/3 3 3,X,-0.3,4,SLEEP,Z,0.05538441,0.2482419
3/7/3/7/3/2/7/2/7 3 3,X,-0.5,6,SLEEP,Z,0.09193711,0.3795442
3/7/3/7/3/2/7/6/6 3 3,X,-0.625,8,SLEEP,Z,0.126758,0.4267105
3/7/3/7/3/2/7/6/5 3 3,X,-0.5,6,SLEEP,Z,0.05868186,0.216609
3/7/3/7/3/2/7/6/3 3 3,Z,0.5,4,SLEEP,Z,0.03216887,0.135314
3/7/3/7/3/2/7/5/6 3 3,X,-0.625,8,SLEEP,Z,0.1646417,0.4629852
3/7/3/7/3/2/7/5/5 3 3,X,-0.5,6,SLEEP,Z,0.06490004,0.2422452
3/7/3/7/3/2/7/5/3 3 3,X,-0.375,4,SLEEP,Z,0.0318207,0.1335699
3/7/3/7/3/2/7/3/6 3 3,X,-0.625,4,SLEEP,Z,0.07408543,0.2417543
3/7/3/7/3/2/7/3/5 3 3,X,-0.5,4,SLEEP,Z,0.04733841,0.1918107
3/7/3/7/3/2/7/3/3 3 3,Z,-0.5,6,SLEEP,Z,0.05273642,0.2075702
3/7/3/7/3/2/7/7/4 3 3,X,-0.625,6,SLEEP,Z,0.06273266,0.2255119
3/7/3/7/3/2/7/7/2 3 3,X,-0.5,4,SLEEP,Z,0.04647275,0.1866688
3/7/3/7/3/2/7/7/1 3 3,X,-0.375,2,SLEEP,Z,0.03334133,0.1354305
3/7/3/7/3/6/2/6/7 3 3,X,-0.5,4,SLEEP,Z,0.05450979,0.1821992
3/7/3/7/3/6/2/5/7 3 3,X,-0.5,6,SLEEP,Z,0.07369893,0.2391695
3/7/3/7/3/6/2/3/7 3 3,Z,0.6666666666666666666666666667,6,SLEEP,Z,0.06726252,0.2067157
3/7/3/7/3/6/2/7/6 3 3,X,-0.625,8,SLEEP,Z,0.1048672,0.3102129
3/7/3/7/3/6/2/7/5 3 3,X,-0.5,6,SLEEP,Z,0.08071708,0.2846792
3/7/3/7/3/6/2/7/3 3 3,Z,0.5,4,SLEEP,Z,0.04880107,0.1553853
3/7/3/7/3/6/6/2/7 3 3,X,-0.625,4,SLEEP,Z,0.05976832,0.2196141
3/7/3/7/3/6/6/6/6 3 3,X,-0.75,8,SLEEP,Z,0.1084057,0.3941271
3/7/3/7/3/6/6/6/5 3 3,X,-0.625,8,SLEEP,Z,0.07710212,0.2810208
3/7/3/7/3/6/6/6/3 3 3,X,0.75,4,SLEEP,Z,0.04031889,0.1467354
3/7/3/7/3/6/6/5/6 3 3,X,-0.75,8,SLEEP,Z,0.1162366,0.4120288
3/7/3/7/3/6/6/5/5 3 3,X,-0.625,8,SLEEP,Z,0.1099481,0.3706975
3/7/3/7/3/6/6/5/3 3 3,X,0.75,4,SLEEP,Z,0.04328495,0.1483863
3/7/3/7/3/6/6/3/6 3 3,X,-0.75,8,SLEEP,Z,0.1213853,0.3651862
3/7/3/7/3/6/6/3/5 3 3,Z,0.6666666666666666666666666667,4,SLEEP,Z,0.07260242,0.2399251
3/7/3/7/3/6/6/3/3 3 3,X,0.75,6,SLEEP,Z,0.06841572,0.2365968
3/7/3/7/3/6/6/7/4 3 3,X,-0.75,6,SLEEP,Z,0.2022032,0.4683675
3/7/3/7/3/6/6/7/2 3 3,X,-0.625,4,SLEEP,Z,0.07118089,0.2659399
3/7/3/7/3/6/6/7/1 3 3,X,0.75,4,SLEEP,Z,0.03997831,0.1471672
3/7/3/7/3/6/5/2/7 3 3,X,-0.5,6,SLEEP,Z,0.05871099,0.2206812
3/7/3/7/3/6/5/6/6 3 3,X,-0.625,10,SLEEP,Z,0.134999,0.4160228
3/7/3/7/3/6/5/6/5 3 3,X,-0.5,4,SLEEP,Z,0.04309164,0.1705238
3/7/3/7/3/6/5/6/3 3 3,Z,0.5,4,SLEEP,Z,0.04709514,0.1655229
3/7/3/7/3/6/5/5/6 3 3,X,-0.625,8,SLEEP,Z,0.1034507,0.3878337
3/7/3/7/3/6/5/5/5 3 3,X,-0.5,4,SLEEP,Z,0.05704446,0.2192341
3/7/3/7/3/6/5/5/3 3 3,Z,0.5,4,SLEEP,Z,0.04101113,0.1556037
3/7/3/7/3/6/5/3/6 3 3,Z,0.6666666666666666666666666667,6,SLEEP,Z,0.1497215,0.4037721
3/7/3/7/3/6/5/3/5 3 3,Z,0.6666666666666666666666666667,6,SLEEP,Z,0.1126216,0.3840504
3/7/3/7/3/6/5/3/3 3 3,Z,0.6666666666666666666666666667,4,SLEEP,Z,0.02819969,0.1047392
3/7/3/7/3/6/5/7/4 3 3,X,-0.625,6,SLEEP,Z,0.06547042,0.2488882
3/7/3/7/3/6/5/7/2 3 3,X,-0.5,4,SLEEP,Z,0.07332105,0.2562098
3/7/3/7/3/6/5/7/1 3 3,Z,0.5,4,SLEEP,Z,0.03239152,0.1390133
3/7/3/7/3/6/3/2/7 3 3,Z,0.5,4,SLEEP,Z,0.03231048,0.1358249
3/7/3/7/3/6/3/6/6 3 3,X,-0.75,4,SLEEP,Z,0.05345296,0.1918839
3/7/3/7/3/6/3/6/5 3 3,X,-0.5,6,SLEEP,Z,0.058423,0.217745
3/7/3/7/3/6/3/6/3 3 3,Z,0.5,2,SLEEP,Z,0.01304556,0.02953159
3/7/3/7/3/6/3/5/6 3 3,X,-0.75,6,SLEEP,Z,0.1100614,0.347054
3/7/3/7/3/6/3/5/5 3 3,Z,0.5,4,SLEEP,Z,0.0542169,0.1957643
3/7/3/7/3/6/3/5/3 3 3,Z,0.5,4,SLEEP,Z,0.06946971,0.1650012
3/7/3/7/3/6/3/3/6 3 3,X,-0.75,6,SLEEP,Z,0.06274274,0.2423353
3/7/3/7/3/6/3/3/5 3 3,Z,0.6666666666666666666666666667,4,SLEEP,Z,0.02494877,0.08743351
3/7/3/7/3/6/3/3/3 3 3,Z,0.6666666666666666666666666667,4,SLEEP,Z,0.03324264,0.1263559
3/7/3/7/3/6/3/7/4 3 3,X,-0.75,4,SLEEP,Z,0.04054082,0.1634616
3/7/3/7/3/6/3/7/2 3 3,Z,0.5,2,SLEEP,Z,0.03193567,0.1330971
3/7/3/7/3/6/3/7/1 3 3,Z,0.5,2,SLEEP,Z,0.01674823,0.07395767
3/7/3/7/3/6/7/2/6 3 3,X,-0.625,6,SLEEP,Z,0.1204286,0.4112184
3/7/3/7/3/6/7/2/5 3 3,X,-0.5,6,SLEEP,Z,0.1134543,0.3444497
3/7/3/7/3/6/7/2/3 3 3,Z,0.5,4,SLEEP,Z,0.05136007,0.19987
3/7/3/7/3/6/7/6/4 3 3,X,-0.625,8,SLEEP,Z,0.09041815,0.3256394
3/7/3/7/3/6/7/6/2 3 3,X,-0.5,6,SLEEP,Z,0.05583182,0.2280128
3/7/3/7/3/6/7/6/1 3 3,Z,0.5,4,SLEEP,Z,0.03045239,0.1295765
3/7/3/7/3/6/7/5/4 3 3,X,-0.625,6,SLEEP,Z,0.05050074,0.2047417
3/7/3/7/3/6/7/5/2 3 3,X,-0.5,2,SLEEP,Z,0.04002922,0.1677396
3/7/3/7/3/6/7/5/1 3 3,Z,0.5,4,SLEEP,Z,0.04139982,0.1632795
3/7/3/7/3/6/7/3/4 3 3,Z,0.6666666666666666666666666666,6,SLEEP,Z,0.07572594,0.2853658
3/7/3/7/3/6/7/3/2 3 3,Z,0.6666666666666666666666666666,4,SLEEP,Z,0.03429895,0.1356782
3/7/3/7/3/6/7/3/1 3 3,Z,0.6666666666666666666666666666,4,SLEEP,Z,0.02317984,0.0957234
3/7/3/7/3/5/2/6/7 3 3,X,-0.5,6,SLEEP,Z,0.1161074,0.2673033
3/7/3/7/3/5/2/5/7 3 3,X,-0.5,6,SLEEP,Z,0.08383134,0.2460789
3/7/3/7/3/5/2/3/7 3 3,X,-0.5,8,SLEEP,Z,0.1294421,0.2720856
3/7/3/7/3/5/2/7/6 3 3,X,-0.625,6,SLEEP,Z,0.07324936,0.2754856
3/7/3/7/3/5/2/7/5 3 3,X,-0.5,6,SLEEP,Z,0.06861055,0.2079071
3/7/3/7/3/5/2/7/3 3 3,X,0.4,4,SLEEP,Z,0.03896317,0.1304799
3/7/3/7/3/5/6/2/7 3 3,X,-0.625,8,SLEEP,Z,0.06920204,0.2498601
3/7/3/7/3/5/6/6/6 3 3,X,-0.75,12,SLEEP,Z,0.1077913,0.3892576
3/7/3/7/3/5/6/6/5 3 3,X,-0.625,8,SLEEP,Z,0.108102,0.3741014
3/7/3/7/3/5/6/6/3 3 3,X,0.75,4,SLEEP,Z,0.04697605,0.1593434
3/7/3/7/3/5/6/5/6 3 3,X,-0.75,6,SLEEP,Z,0.08089907,0.3300128
3/7/3/7/3/5/6/5/5 3 3,X,-0.625,6,SLEEP,Z,0.1134214,0.3974755
3/7/3/7/3/5/6/5/3 3 3,X,0.75,4,SLEEP,Z,0.03745995,0.1319616
3/7/3/7/3/5/6/3/6 3 3,X,-0.75,10,SLEEP,Z,0.1131609,0.4230843
3/7/3/7/3/5/6/3/5 3 3,X,-0.625,6,SLEEP,Z,0.06086932,0.2336951
3/7/3/7/3/5/6/3/3 3 3,X,0.75,4,SLEEP,Z,0.07969648,0.2094643
3/7/3/7/3/5/6/7/4 3 3,X,-0.75,10,SLEEP,Z,0.1478278,0.507475
3/7/3/7/3/5/6/7/2 3 3,X,-0.625,6,SLEEP,Z,0.05626471,0.2217545
3/7/3/7/3/5/6/7/1 3 3,X,0.75,4,SLEEP,Z,0.06884839,0.197796
3/7/3/7/3/5/5/2/7 3 3,X,-0.5,6,SLEEP,Z,0.06451315,0.223562
3/7/3/7/3/5/5/6/6 3 3,X,-0.625,6,SLEEP,Z,0.06557484,0.2545829
3/7/3/7/3/5/5/6/5 3 3,X,-0.5,8,SLEEP,Z,0.06176358,0.2409033
3/7/3/7/3/5/5/6/3 3 3,Z,0.5,4,SLEEP,Z,0.02596328,0.1067
3/7/3/7/3/5/5/5/6 3 3,X,-0.625,4,SLEEP,Z,0.05856809,0.2417661
3/7/3/7/3/5/5/5/5 3 3,X,-0.5,6,SLEEP,Z,0.09004764,0.321583
3/7/3/7/3/5/5/5/3 3 3,X,-0.375,4,SLEEP,Z,0.05874062,0.2126232
3/7/3/7/3/5/5/3/6 3 3,X,-0.625,6,SLEEP,Z,0.0753602,0.2777972
3/7/3/7/3/5/5/3/5 3 3,X,-0.5,4,SLEEP,Z,0.04377861,0.1667715
3/7/3/7/3/5/5/3/3 3 3,Z,-0.5,4,SLEEP,Z,0.03954162,0.1647837
3/7/3/7/3/5/5/7/4 3 3,X,-0.625,8,SLEEP,Z,0.1122565,0.3820241
3/7/3/7/3/5/5/7/2 3 3,X,-0.5,4,SLEEP,Z,0.03787809,0.1522332
3/7/3/7/3/5/5/7/1 3 3,X,-0.375,4,SLEEP,Z,0.05072935,0.1420935
3/7/3/7/3/5/3/2/7 3 3,X,-0.5,6,SLEEP,Z,0.08085025,0.2395677
3/7/3/7/3/5/3/6/6 3 3,X,-0.75,6,SLEEP,Z,0.07045363,0.2098072
3/7/3/7/3/5/3/6/5 3 3,X,-0.5,2,SLEEP,Z,0.02763328,0.1147415
3/7/3/7/3/5/3/6/3 3 3,Z,0.5,4,SLEEP,Z,0.07112072,0.1977409
3/7/3/7/3/5/3/5/6 3 3,X,-0.75,6,SLEEP,Z,0.1163023,0.3654746
3/7/3/7/3/5/3/5/5 3 3,X,-0.5,6,SLEEP,Z,0.07654262,0.2649509
3/7/3/7/3/5/3/5/3 3 3,X,-0.2777777777777777777777777778,2,SLEEP,Z,0.02397758,0.1015907
3/7/3/7/3/5/3/3/6 3 3,X,-0.75,6,SLEEP,Z,0.07606897,0.2628869
3/7/3/7/3/5/3/3/5 3 3,X,-0.5,4,SLEEP,Z,0.03111339,0.1307346
3/7/3/7/3/5/3/3/3 3 3,Z,-0.5,2,SLEEP,Z,0.01376531,0.04607031
3/7/3/7/3/5/3/7/4 3 3,X,-0.75,4,SLEEP,Z,0.1178028,0.3282711
3/7/3/7/3/5/3/7/2 3 3,X,-0.5,4,SLEEP,Z,0.09403427,0.2527175
3/7/3/7/3/5/3/7/1 3 3,X,-0.2777777777777777777777777778,2,SLEEP,Z,0.03326935,0.1357083
3/7/3/7/3/5/7/2/6 3 3,X,-0.625,6,SLEEP,Z,0.06628998,0.2451679
3/7/3/7/3/5/7/2/5 3 3,X,-0.5,6,SLEEP,Z,0.05385703,0.2031588
3/7/3/7/3/5/7/2/3 3 3,X,-0.375,4,SLEEP,Z,0.04994738,0.1866484
3/7/3/7/3/5/7/6/4 3 3,X,-0.625,6,SLEEP,Z,0.07565941,0.2852548
3/7/3/7/3/5/7/6/2 3 3,X,-0.5,6,SLEEP,Z,0.09694925,0.3123996
3/7/3/7/3/5/7/6/1 3 3,Z,0.5,4,SLEEP,Z,0.05354216,0.2101718
3/7/3/7/3/5/7/5/4 3 3,X,-0.625,6,SLEEP,Z,0.0841822,0.3237199
3/7/3/7/3/5/7/5/2 3 3,X,-0.5,4,SLEEP,Z,0.1091699,0.3240262
3/7/3/7/3/5/7/5/1 3 3,X,-0.375,4,SLEEP,Z,0.08944505,0.2564957
3/7/3/7/3/5/7/3/4 3 3,X,-0.625,6,SLEEP,Z,0.05928955,0.2356213
3/7/3/7/3/5/7/3/2 3 3,X,-0.5,4,SLEEP,Z,0.04886456,0.1813929
3/7/3/7/3/5/7/3/1 3 3,Z,-0.5,4,SLEEP,Z,0.0774843,0.2475747
3/7/3/7/3/3/2/6/7 3 3,Z,-0.6666666666666666666666666667,6,SLEEP,Z,0.09868617,0.2612306
3/7/3/7/3/3/2/5/7 3 3,X,-0.5,6,SLEEP,Z,0.08116505,0.2589549
3/7/3/7/3/3/2/3/7 3 3,X,-0.5,4,SLEEP,Z,0.07640218,0.2454917
3/7/3/7/3/3/2/7/6 3 3,X,-0.625,8,SLEEP,Z,0.1672466,0.4313473
3/7/3/7/3/3/2/7/5 3 3,X,-0.5,6,SLEEP,Z,0.06828911,0.2356915
3/7/3/7/3/3/2/7/3 3 3,Z,-0.5,4,SLEEP,Z,0.04859765,0.1279227
3/7/3/7/3/3/6/2/7 3 3,X,-0.625,4,SLEEP,Z,0.05823916,0.2103315
3/7/3/7/3/3/6/6/6 3 3,X,-0.75,6,SLEEP,Z,0.08672541,0.3020205
3/7/3/7/3/3/6/6/5 3 3,Z,-0.6666666666666666666666666667,6,SLEEP,Z,0.07582088,0.2586951
3/7/3/7/3/3/6/6/3 3 3,X,0.75,2,SLEEP,Z,0.03841693,0.1398545
3/7/3/7/3/3/6/5/6 3 3,X,-0.75,8,SLEEP,Z,0.08496705,0.2712933
3/7/3/7/3/3/6/5/5 3 3,X,-0.625,6,SLEEP,Z,0.06486774,0.2449509
3/7/3/7/3/3/6/5/3 3 3,X,0.75,4,SLEEP,Z,0.05517776,0.1537495
3/7/3/7/3/3/6/3/6 3 3,X,-0.75,8,SLEEP,Z,0.1011628,0.3380183
3/7/3/7/3/3/6/3/5 3 3,X,-0.625,8,SLEEP,Z,0.07007695,0.2592166
3/7/3/7/3/3/6/3/3 3 3,X,0.75,4,SLEEP,Z,0.0538988,0.1689619
3/7/3/7/3/3/6/7/4 3 3,X,-0.75,6,SLEEP,Z,0.1288706,0.4660118
3/7/3/7/3/3/6/7/2 3 3,X,-0.625,8,SLEEP,Z,0.1050007,0.3897056
3/7/3/7/3/3/6/7/1 3 3,X,0.75,4,SLEEP,Z,0.0460848,0.1804617
3/7/3/7/3/3/5/2/7 3 3,X,-0.5,6,SLEEP,Z,0.05983084,0.2056668
3/7/3/7/3/3/5/6/6 3 3,Z,-0.6666666666666666666666666667,8,SLEEP,Z,0.08264864,0.2954904
3/7/3/7/3/3/5/6/5 3 3,Z,-0.6666666666666666666666666667,4,SLEEP,Z,0.05390511,0.2177765
3/7/3/7/3/3/5/6/3 3 3,Z,-0.6666666666666666666666666667,4,SLEEP,Z,0.04585855,0.1732583
3/7/3/7/3/3/5/5/6 3 3,X,-0.625,4,SLEEP,Z,0.04994242,0.1917767
3/7/3/7/3/3/5/5/5 3 3,X,-0.5,4,SLEEP,Z,0.06725489,0.2408063
3/7/3/7/3/3/5/5/3 3 3,Z,-0.5,4,SLEEP,Z,0.02823146,0.1216945
3/7/3/7/3/3/5/3/6 3 3,X,-0.625,6,SLEEP,Z,0.06397353,0.2285595
3/7/3/7/3/3/5/3/5 3 3,X,-0.5,6,SLEEP,Z,0.04409157,0.1773855
3/7/3/7/3/3/5/3/3 3 3,Z,-0.5,4,SLEEP,Z,0.03030292,0.1362156
3/7/3/7/3/3/5/7/4 3 3,X,-0.625,8,SLEEP,Z,0.1121925,0.3816048
3/7/3/7/3/3/5/7/2 3 3,X,-0.5,4,SLEEP,Z,0.07102838,0.2398602
3/7/3/7/3/3/5/7/1 3 3,Z,-0.5,4,SLEEP,Z,0.07105386,0.2866232
3/7/3/7/3/3/3/2/7 3 3,Z,-0.5,4,SLEEP,Z,0.04436088,0.1867023
3/7/3/7/3/3/3/6/6 3 3,X,-0.75,4,SLEEP,Z,0.06317993,0.2130686
3/7/3/7/3/3/3/6/5 3 3,Z,-0.6666666666666666666666666667,4,SLEEP,Z,0.04204717,0.1722463
3/7/3/7/3/3/3/6/3 3 3,Z,-0.6666666666666666666666666667,2,SLEEP,Z,0.05499368,0.1418351
3/7/3/7/3/3/3/5/6 3 3,X,-0.75,4,SLEEP,Z,0.04649912,0.1880498
3/7/3/7/3/3/3/5/5 3 3,Z,-0.5,4,SLEEP,Z,0.02726087,0.0993592
3/7/3/7/3/3/3/5/3 3 3,Z,-0.5,2,SLEEP,Z,0.02818481,0.114406
3/7/3/7/3/3/3/3/6 3 3,X,-0.75,4,SLEEP,Z,0.07848145,0.2730122
3/7/3/7/3/3/3/3/5 3 3,X,-0.5,6,SLEEP,Z,0.0596684,0.2180517
3/7/3/7/3/3/3/3/3 3 3,Z,-0.5,4,SLEEP,Z,0.03400262,0.1374767
3/7/3/7/3/3/3/7/4 3 3,X,-0.75,6,SLEEP,Z,0.1092202,0.2808645
3/7/3/7/3/3/3/7/2 3 3,Z,-0.5,2,SLEEP,Z,0.02466747,0.100025
3/7/3/7/3/3/3/7/1 3 3,Z,-0.5,2,SLEEP,Z,0.06884719,0.2933438
3/7/3/7/3/3/7/2/6 3 3,X,-0.625,4,SLEEP,Z,0.07068361,0.2422706
3/7/3/7/3/3/7/2/5 3 3,X,-0.5,4,SLEEP,Z,0.05581255,0.2067634
3/7/3/7/3/3/7/2/3 3 3,Z,-0.5,2,SLEEP,Z,0.05056985,0.1528691
3/7/3/7/3/3/7/6/4 3 3,Z,-0.6666666666666666666666666666,6,SLEEP,Z,0.1270813,0.3847167
3/7/3/7/3/3/7/6/2 3 3,Z,-0.6666666666666666666666666666,4,SLEEP,Z,0.05672065,0.2118342
3/7/3/7/3/3/7/6/1 3 3,Z,-0.6666666666666666666666666666,4,SLEEP,Z,0.0253784,0.1025861
3/7/3/7/3/3/7/5/4 3 3,X,-0.625,6,SLEEP,Z,0.05294062,0.2208638
3/7/3/7/3/3/7/5/2 3 3,X,-0.5,4,SLEEP,Z,0.05838756,0.2482773
3/7/3/7/3/3/7/5/1 3 3,Z,-0.5,4,SLEEP,Z,0.03017331,0.1308513
3/7/3/7/3/3/7/3/4 3 3,X,-0.625,6,SLEEP,Z,0.07654747,0.3041679
3/7/3/7/3/3/7/3/2 3 3,X,-0.5,4,SLEEP,Z,0.07007086,0.2572904
3/7/3/7/3/3/7/3/1 3 3,Z,-0.5,4,SLEEP,Z,0.03506986,0.1563766
3/7/3/7/3/7/2/2/7 3 3,X,-0.5,6,SLEEP,Z,0.09082459,0.2749954
3/7/3/7/3/7/2/6/6 3 3,X,-0.625,6,SLEEP,Z,0.08432707,0.3064229
3/7/3/7/3/7/2/6/5 3 3,X,-0.5,4,SLEEP,Z,0.06651721,0.2487904
3/7/3/7/3/7/2/6/3 3 3,X,0.5,2,SLEEP,Z,0.05189958,0.17234
3/7/3/7/3/7/2/5/6 3 3,X,-0.625,6,SLEEP,Z,0.07537194,0.2843972
3/7/3/7/3/7/2/5/5 3 3,X,-0.5,4,SLEEP,Z,0.1113766,0.310777
3/7/3/7/3/7/2/5/3 3 3,X,0.5,4,SLEEP,Z,0.08954844,0.2009399
3/7/3/7/3/7/2/3/6 3 3,X,-0.625,8,SLEEP,Z,0.06730905,0.2652187
3/7/3/7/3/7/2/3/5 3 3,X,-0.5,6,SLEEP,Z,0.06945749,0.2784587
3/7/3/7/3/7/2/3/3 3 3,X,0.5,4,SLEEP,Z,0.05675496,0.2299796
3/7/3/7/3/7/2/7/4 3 3,X,-0.625,4,SLEEP,Z,0.05557954,0.1980545
3/7/3/7/3/7/2/7/2 3 3,X,-0.5,6,SLEEP,Z,0.1014263,0.3070182
3/7/3/7/3/7/2/7/1 3 3,X,0.5,2,SLEEP,Z,0.02524325,0.09961138
3/7/3/7/3/7/6/2/6 3 3,X,-0.75,6,SLEEP,Z,0.1096641,0.374732
3/7/3/7/3/7/6/2/5 3 3,X,-0.625,6,SLEEP,Z,0.07391661,0.2682974
3/7/3/7/3/7/6/2/3 3 3,X,0.8333333333333333333333333333,4,SLEEP,Z,0.04154216,0.1412494
3/7/3/7/3/7/6/6/4 3 3,X,-0.75,8,SLEEP,Z,0.09739918,0.3604671
3/7/3/7/3/7/6/6/2 3 3,X,-0.625,4,SLEEP,Z,0.04853809,0.197601
3/7/3/7/3/7/6/6/1 3 3,X,0.8333333333333333333333333333,4,SLEEP,Z,0.09636366,0.3328958
3/7/3/7/3/7/6/5/4 3 3,X,-0.75,8,SLEEP,Z,0.09656877,0.3531126
3/7/3/7/3/7/6/5/2 3 3,X,-0.625,6,SLEEP,Z,0.0682152,0.2697736
3/7/3/7/3/7/6/5/1 3 3,X,0.8333333333333333333333333333,4,SLEEP,Z,0.04684783,0.1767336
3/7/3/7/3/7/6/3/4 3 3,X,-0.75,6,SLEEP,Z,0.0971017,0.3782629
3/7/3/7/3/7/6/3/2 3 3,X,-0.625,6,SLEEP,Z,0.07133736,0.2545675
3/7/3/7/3/7/6/3/1 3 3,X,0.8333333333333333333333333333,4,SLEEP,Z,0.0594326,0.2073406
3/7/3/7/3/7/5/2/6 3 3,X,-0.625,6,SLEEP,Z,0.04842106,0.1957857
3/7/3/7/3/7/5/2/5 3 3,X,-0.5,6,SLEEP,Z,0.04725008,0.1781746
3/7/3/7/3/7/5/2/3 3 3,X,-0.375,4,SLEEP,Z,0.05951611,0.1731256
3/7/3/7/3/7/5/6/4 3 3,X,-0.625,6,SLEEP,Z,0.07810409,0.2796146
3/7/3/7/3/7/5/6/2 3 3,X,-0.5,6,SLEEP,Z,0.1026788,0.2971868
3/7/3/7/3/7/5/6/1 3 3,Z,0.5,6,SLEEP,Z,0.05285502,0.2187146
3/7/3/7/3/7/5/5/4 3 3,X,-0.625,6,SLEEP,Z,0.05423853,0.2347319
3/7/3/7/3/7/5/5/2 3 3,X,-0.5,6,SLEEP,Z,0.07597197,0.2725712
3/7/3/7/3/7/5/5/1 3 3,X,-0.375,4,SLEEP,Z,0.08624128,0.282658
3/7/3/7/3/7/5/3/4 3 3,X,-0.625,8,SLEEP,Z,0.1209604,0.3884196
3/7/3/7/3/7/5/3/2 3 3,X,-0.5,2,SLEEP,Z,0.04112538,0.1667291
3/7/3/7/3/7/5/3/1 3 3,Z,-0.5,2,SLEEP,Z,0.02550521,0.1100382
3/7/3/7/3/7/3/2/6 3 3,X,-0.8333333333333333333333333333,4,SLEEP,Z,0.05292175,0.1944548
3/7/3/7/3/7/3/2/5 3 3,X,-0.5,4,SLEEP,Z,0.03161313,0.1271154
3/7/3/7/3/7/3/2/3 3 3,X,-0.2777777777777777777777777778,2,SLEEP,Z,0.0204448,0.08261806
3/7/3/7/3/7/3/6/4 3 3,X,-0.8333333333333333333333333333,4,SLEEP,Z,0.05706916,0.193379
3/7/3/7/3/7/3/6/2 3 3,X,-0.5,2,SLEEP,Z,0.02553974,0.1127005
3/7/3/7/3/7/3/6/1 3 3,Z,0.5,4,SLEEP,Z,0.05396546,0.2876506
3/7/3/7/3/7/3/5/4 3 3,X,-0.8333333333333333333333333333,6,SLEEP,Z,0.07305685,0.2429773
3/7/3/7/3/7/3/5/2 3 3,X,-0.5,4,SLEEP,Z,0.03302704,0.1446334
3/7/3/7/3/7/3/5/1 3 3,X,-0.2777777777777777777777777778,4,SLEEP,Z,0.05372875,0.2023799
3/7/3/7/3/7/3/3/4 3 3,X,-0.8333333333333333333333333333,6,SLEEP,Z,0.09752619,0.3335088
3/7/3/7/3/7/3/3/2 3 3,X,-0.5,2,SLEEP,Z,0.02601235,0.1035901
3/7/3/7/3/7/3/3/1 3 3,Z,-0.5,2,SLEEP,Z,0.02113136,0.09140413
3/7/3/7/3/7/7/2/4 3 3,X,-0.625,2,SLEEP,Z,0.03884818,0.1584675
3/7/3/7/3/7/7/2/2 3 3,X,-0.5,4,SLEEP,Z,0.1127423,0.3161348
3/7/3/7/3/7/7/2/1 3 3,X,-0.375,2,SLEEP,Z,0.0214251,0.09135744
3/7/3/7/7/2/2/6/7 3 3,X,-0.5,4,SLEEP,Z,0.06156818,0.2175556
3/7/3/7/7/2/2/5/7 3 3,X,-0.5,6,SLEEP,Z,0.1147202,0.3485006
3/7/3/7/7/2/2/3/7 3 3,X,-0.5,8,SLEEP,Z,0.1035741,0.2479221
3/7/3/7/7/2/2/7/6 3 3,X,-0.5769230769230769230769230769,8,SLEEP,Z,0.0870249,0.3250851
3/7/3/7/7/2/2/7/5 3 3,X,-0.5,4,SLEEP,Z,0.05989323,0.2158984
3/7/3/7/7/2/2/7/3 3 3,X,-0.4230769230769230769230769231,4,SLEEP,Z,0.1611083,0.2627491
3/7/3/7/7/2/6/2/7 3 3,X,-0.5769230769230769230769230769,4,SLEEP,Z,0.0329541,0.1315407
3/7/3/7/7/2/6/6/6 3 3,X,-0.6538461538461538461538461538,14,SLEEP,Z,0.1410729,0.5419723
3/7/3/7/7/2/6/6/5 3 3,X,-0.5769230769230769230769230769,6,SLEEP,Z,0.05857962,0.2477207
3/7/3/7/7/2/6/6/3 3 3,X,0.75,4,SLEEP,Z,0.04791831,0.1652752
3/7/3/7/7/2/6/5/6 3 3,X,-0.6538461538461538461538461538,8,SLEEP,Z,0.1162747,0.4866567
3/7/3/7/7/2/6/5/5 3 3,X,-0.5769230769230769230769230769,6,SLEEP,Z,0.05782802,0.2324048
3/7/3/7/7/2/6/5/3 3 3,X,0.75,6,SLEEP,Z,0.06274437,0.2244782
3/7/3/7/7/2/6/3/6 3 3,X,-0.6538461538461538461538461538,10,SLEEP,Z,0.1091206,0.426807
3/7/3/7/7/2/6/3/5 3 3,X,-0.5769230769230769230769230769,6,SLEEP,Z,0.05483828,0.2373954
3/7/3/7/7/2/6/3/3 3 3,X,0.75,4,SLEEP,Z,0.05977141,0.1829901
3/7/3/7/7/2/6/7/4 3 3,X,-0.6538461538461538461538461538,6,SLEEP,Z,0.07727974,0.2955124
3/7/3/7/7/2/6/7/2 3 3,X,-0.5769230769230769230769230769,6,SLEEP,Z,0.08888354,0.3092727
3/7/3/7/7/2/6/7/1 3 3,X,0.75,4,SLEEP,Z,0.04547914,0.1608719
3/7/3/7/7/2/5/2/7 3 3,X,-0.5,6,SLEEP,Z,0.05573294,0.220366
3/7/3/7/7/2/5/6/6 3 3,X,-0.5769230769230769230769230769,8,SLEEP,Z,0.1179269,0.4273397
3/7/3/7/7/2/5/6/5 3 3,X,-0.5,4,SLEEP,Z,0.04208219,0.1486139
3/7/3/7/7/2/5/6/3 3 3,Z,0.5,4,SLEEP,Z,0.04620276,0.1667893
3/7/3/7/7/2/5/5/6 3 3,X,-0.5769230769230769230769230769,4,SLEEP,Z,0.06114224,0.2125951
3/7/3/7/7/2/5/5/5 3 3,X,-0.5,4,SLEEP,Z,0.04345802,0.1724091
3/7/3/7/7/2/5/5/3 3 3,X,-0.4230769230769230769230769231,6,SLEEP,Z,0.06449801,0.2500889
3/7/3/7/7/2/5/3/6 3 3,X,-0.5769230769230769230769230769,4,SLEEP,Z,0.04774321,0.1756018
3/7/3/7/7/2/5/3/5 3 3,X,-0.5,6,SLEEP,Z,0.05097982,0.2196409
3/7/3/7/7/2/5/3/3 3 3,Z,-0.5,4,SLEEP,Z,0.0367946,0.1501749
3/7/3/7/7/2/5/7/4 3 3,X,-0.5769230769230769230769230769,6,SLEEP,Z,0.09921451,0.3735584
3/7/3/7/7/2/5/7/2 3 3,X,-0.5,4,SLEEP,Z,0.03008284,0.1328593
3/7/3/7/7/2/5/7/1 3 3,X,-0.4230769230769230769230769231,4,SLEEP,Z,0.0465892,0.1932495
3/7/3/7/7/2/3/2/7 3 3,X,-0.5,4,SLEEP,Z,0.04256266,0.1831272
3/7/3/7/7/2/3/6/6 3 3,X,-0.75,6,SLEEP,Z,0.04726026,0.2019495
3/7/3/7/7/2/3/6/5 3 3,X,-0.5,4,SLEEP,Z,0.05931223,0.149513
3/7/3/7/7/2/3/6/3 3 3,Z,0.5,4,SLEEP,Z,0.05179559,0.1951583
3/7/3/7/7/2/3/5/6 3 3,X,-0.75,6,SLEEP,Z,0.07290497,0.2767223
3/7/3/7/7/2/3/5/5 3 3,X,-0.5,4,SLEEP,Z,0.0549639,0.2194159
3/7/3/7/7/2/3/5/3 3 3,X,-0.3461538461538461538461538462,2,SLEEP,Z,0.03394205,0.1373693
3/7/3/7/7/2/3/3/6 3 3,X,-0.75,6,SLEEP,Z,0.07717459,0.2583459
3/7/3/7/7/2/3/3/5 3 3,X,-0.5,4,SLEEP,Z,0.04811064,0.147202
3/7/3/7/7/2/3/3/3 3 3,Z,-0.5,4,SLEEP,Z,0.02726041,0.1157575
3/7/3/7/7/2/3/7/4 3 3,X,-0.75,6,SLEEP,Z,0.1377638,0.3872587
3/7/3/7/7/2/3/7/2 3 3,X,-0.5,4,SLEEP,Z,0.03649633,0.1473465
3/7/3/7/7/2/3/7/1 3 3,X,-0.3461538461538461538461538462,4,SLEEP,Z,0.04312764,0.1155618
3/7/3/7/7/2/7/2/6 3 3,X,-0.5769230769230769230769230769,6,SLEEP,Z,0.05864021,0.2388562
3/7/3/7/7/2/7/2/5 3 3,X,-0.5,6,SLEEP,Z,0.05811764,0.2445918
3/7/3/7/7/2/7/2/3 3 3,X,-0.4230769230769230769230769231,4,SLEEP,Z,0.04390697,0.16407
3/7/3/7/7/2/7/6/4 3 3,X,-0.5769230769230769230769230769,8,SLEEP,Z,0.06284238,0.265224
3/7/3/7/7/2/7/6/2 3 3,X,-0.5,4,SLEEP,Z,0.04435587,0.1677604
3/7/3/7/7/2/7/6/1 3 3,Z,0.5,4,SLEEP,Z,0.03174425,0.1425794
3/7/3/7/7/2/7/5/4 3 3,X,-0.5769230769230769230769230769,6,SLEEP,Z,0.06451701,0.2559137
3/7/3/7/7/2/7/5/2 3 3,X,-0.5,4,SLEEP,Z,0.07500809,0.3020693
3/7/3/7/7/2/7/5/1 3 3,X,-0.4230769230769230769230769231,4,SLEEP,Z,0.04881942,0.1897699
3/7/3/7/7/2/7/3/4 3 3,X,-0.5769230769230769230769230769,6,SLEEP,Z,0.1013345,0.3924426
3/7/3/7/7/2/7/3/2 3 3,X,-0.5,6,SLEEP,Z,0.06177479,0.2454098
3/7/3/7/7/2/7/3/1 3 3,Z,-0.5,4,SLEEP,Z,0.02977853,0.1309044
3/7/3/7/7/6/2/2/7 3 3,X,-0.5,8,SLEEP,Z,0.08600253,0.3165972
3/7/3/7/7/6/2/6/6 3 3,X,-0.5769230769230769230769230769,4,SLEEP,Z,0.06586583,0.2676155
3/7/3/7/7/6/2/6/5 3 3,X,-0.5,4,SLEEP,Z,0.04952878,0.1855773
3/7/3/7/7/6/2/6/3 3 3,X,0.5,2,SLEEP,Z,0.03668334,0.1235877
3/7/3/7/7/6/2/5/6 3 3,X,-0.5769230769230769230769230769,4,SLEEP,Z,0.06335334,0.2375807
3/7/3/7/7/6/2/5/5 3 3,X,-0.5,6,SLEEP,Z,0.06128961,0.2016825
3/7/3/7/7/6/2/5/3 3 3,Z,0.5,4,SLEEP,Z,0.0512111,0.1871247
3/7/3/7/7/6/2/3/6 3 3,Z,0.7,6,SLEEP,Z,0.08829404,0.3248564
3/7/3/7/7/6/2/3/5 3 3,Z,0.7,6,SLEEP,Z,0.09715737,0.2875183
3/7/3/7/7/6/2/3/3 3 3,Z,0.7,4,SLEEP,Z,0.0562459,0.1835875
3/7/3/7/7/6/2/7/4 3 3,X,-0.5769230769230769230769230769,4,SLEEP,Z,0.05201865,0.1703523
3/7/3/7/7/6/2/7/2 3 3,X,-0.5,6,SLEEP,Z,0.07902564,0.2611273
3/7/3/7/7/6/2/7/1 3 3,Z,0.5,2,SLEEP,Z,0.03169509,0.1213804
3/7/3/7/7/6/6/2/6 3 3,X,-0.6538461538461538461538461538,8,SLEEP,Z,0.1303274,0.471314
3/7/3/7/7/6/6/2/5 3 3,X,-0.5769230769230769230769230769,6,SLEEP,Z,0.06190034,0.2381719
3/7/3/7/7/6/6/2/3 3 3,X,0.8333333333333333333333333333,4,SLEEP,Z,0.04768151,0.1890409
3/7/3/7/7/6/6/6/4 3 3,X,-0.6538461538461538461538461538,8,SLEEP,Z,0.07497913,0.3301463
3/7/3/7/7/6/6/6/2 3 3,X,-0.5769230769230769230769230769,6,SLEEP,Z,0.07306187,0.2857411
3/7/3/7/7/6/6/6/1 3 3,X,0.8333333333333333333333333333,4,SLEEP,Z,0.04779346,0.1992746
3/7/3/7/7/6/6/5/4 3 3,X,-0.6538461538461538461538461538,8,SLEEP,Z,0.07272721,0.3093584
3/7/3/7/7/6/6/5/2 3 3,X,-0.5769230769230769230769230769,6,SLEEP,Z,0.03842859,0.1543978
3/7/3/7/7/6/6/5/1 3 3,X,0.8333333333333333333333333333,6,SLEEP,Z,0.1315683,0.3212785
3/7/3/7/7/6/6/3/4 3 3,Z,0.7,8,SLEEP,Z,0.08390424,0.3633723
3/7/3/7/7/6/6/3/2 3 3,Z,0.7,6,SLEEP,Z,0.06435764,0.2626742
3/7/3/7/7/6/6/3/1 3 3,X,0.8333333333333333333333333333,4,SLEEP,Z,0.04385636,0.1590089
3/7/3/7/7/6/5/2/6 3 3,X,-0.5769230769230769230769230769,8,SLEEP,Z,0.1423897,0.4749052
3/7/3/7/7/6/5/2/5 3 3,X,-0.5,4,SLEEP,Z,0.03544538,0.1595973
3/7/3/7/7/6/5/2/3 3 3,Z,0.5,2,SLEEP,Z,0.03787244,0.1556534
3/7/3/7/7/6/5/6/4 3 3,X,-0.5769230769230769230769230769,8,SLEEP,Z,0.0697559,0.315089
3/7/3/7/7/6/5/6/2 3 3,X,-0.5,4,SLEEP,Z,0.03678298,0.1574827
3/7/3/7/7/6/5/6/1 3 3,Z,0.5,2,SLEEP,Z,0.04503615,0.1182675
3/7/3/7/7/6/5/5/4 3 3,X,-0.5769230769230769230769230769,6,SLEEP,Z,0.06969356,0.2438983
3/7/3/7/7/6/5/5/2 3 3,X,-0.5,4,SLEEP,Z,0.08118959,0.2794207
3/7/3/7/7/6/5/5/1 3 3,Z,0.5,2,SLEEP,Z,0.04923963,0.1954852
3/7/3/7/7/6/5/3/4 3 3,Z,0.7,6,SLEEP,Z,0.0850164,0.3368216
3/7/3/7/7/6/5/3/2 3 3,Z,0.7,4,SLEEP,Z,0.04568601,0.1833764
3/7/3/7/7/6/5/3/1 3 3,Z,0.7,4,SLEEP,Z,0.07895508,0.2662296
3/7/3/7/7/6/3/2/6 3 3,X,-0.8333333333333333333333333333,6,SLEEP,Z,0.05971763,0.246715
3/7/3/7/7/6/3/2/5 3 3,Z,0.5,4,SLEEP,Z,0.05784837,0.2278623
3/7/3/7/7/6/3/2/3 3 3,Z,0.5,2,SLEEP,Z,0.02092993,0.08605477
3/7/3/7/7/6/3/6/4 3 3,X,-0.8333333333333333333333333333,6,SLEEP,Z,0.139976,0.3784231
3/7/3/7/7/6/3/6/2 3 3,X,-0.5,4,SLEEP,Z,0.04093251,0.1849321
3/7/3/7/7/6/3/6/1 3 3,Z,0.5,2,SLEEP,Z,0.0230155,0.1018202
3/7/3/7/7/6/3/5/4 3 3,X,-0.8333333333333333333333333333,6,SLEEP,Z,0.06874944,0.2691128
3/7/3/7/7/6/3/5/2 3 3,Z,0.5,4,SLEEP,Z,0.03272909,0.1366837
3/7/3/7/7/6/3/5/1 3 3,Z,0.5,4,SLEEP,Z,0.03472332,0.1487084
3/7/3/7/7/6/3/3/4 3 3,X,-0.8333333333333333333333333333,6,SLEEP,Z,0.05959525,0.2075288
3/7/3/7/7/6/3/3/2 3 3,Z,0.7,4,SLEEP,Z,0.06185168,0.2343793
3/7/3/7/7/6/3/3/1 3 3,Z,0.7,4,SLEEP,Z,0.02307106,0.0982179
3/7/3/7/7/6/7/2/4 3 3,X,-0.5769230769230769230769230769,6,SLEEP,Z,0.06168915,0.2671036
3/7/3/7/7/6/7/2/2 3 3,X,-0.5,6,SLEEP,Z,0.04671653,0.2002016
3/7/3/7/7/6/7/2/1 3 3,Z,0.5,4,SLEEP,Z,0.08534133,0.3030515
3/7/3/7/7/5/2/2/7 3 3,X,-0.5,6,SLEEP,Z,0.04750506,0.1616928
3/7/3/7/7/5/2/6/6 3 3,X,-0.5769230769230769230769230769,6,SLEEP,Z,0.07414807,0.2412522
3/7/3/7/7/5/2/6/5 3 3,X,-0.5,6,SLEEP,Z,0.1007148,0.3296826
3/7/3/7/7/5/2/6/3 3 3,X,0.5,4,SLEEP,Z,0.07988135,0.2738625
3/7/3/7/7/5/2/5/6 3 3,X,-0.5769230769230769230769230769,4,SLEEP,Z,0.1485503,0.3954471
3/7/3/7/7/5/2/5/5 3 3,X,-0.5,4,SLEEP,Z,0.04666226,0.1789612
3/7/3/7/7/5/2/5/3 3 3,X,0.5,4,SLEEP,Z,0.0326873,0.1193589
3/7/3/7/7/5/2/3/6 3 3,X,-0.5769230769230769230769230769,8,SLEEP,Z,0.1428739,0.4614103
3/7/3/7/7/5/2/3/5 3 3,X,-0.5,6,SLEEP,Z,0.1029645,0.3441742
3/7/3/7/7/5/2/3/3 3 3,X,0.5,2,SLEEP,Z,0.07700809,0.1732373
3/7/3/7/7/5/2/7/4 3 3,X,-0.5769230769230769230769230769,4,SLEEP,Z,0.05883377,0.2381987
3/7/3/7/7/5/2/7/2 3 3,X,-0.5,6,SLEEP,Z,0.05662063,0.229077
3/7/3/7/7/5/2/7/1 3 3,X,0.5,4,SLEEP,Z,0.04122779,0.1597233
3/7/3/7/7/5/6/2/6 3 3,X,-0.6538461538461538461538461538,8,SLEEP,Z,0.1324008,0.5143754
3/7/3/7/7/5/6/2/5 3 3,X,-0.5769230769230769230769230769,4,SLEEP,Z,0.08244587,0.3377973
3/7/3/7/7/5/6/2/3 3 3,X,0.8333333333333333333333333333,4,SLEEP,Z,0.1984184,0.3456443
3/7/3/7/7/5/6/6/4 3 3,X,-0.6538461538461538461538461538,6,SLEEP,Z,0.08016507,0.3511449
3/7/3/7/7/5/6/6/2 3 3,X,-0.5769230769230769230769230769,6,SLEEP,Z,0.05576747,0.2209134
3/7/3/7/7/5/6/6/1 3 3,X,0.8333333333333333333333333333,6,SLEEP,Z,0.1371018,0.3188261
3/7/3/7/7/5/6/5/4 3 3,X,-0.6538461538461538461538461538,10,SLEEP,Z,0.1299591,0.4999844
3/7/3/7/7/5/6/5/2 3 3,X,-0.5769230769230769230769230769,6,SLEEP,Z,0.06031384,0.2596109
3/7/3/7/7/5/6/5/1 3 3,X,0.8333333333333333333333333333,4,SLEEP,Z,0.05236246,0.183771
3/7/3/7/7/5/6/3/4 3 3,X,-0.6538461538461538461538461538,6,SLEEP,Z,0.06503234,0.2704166
3/7/3/7/7/5/6/3/2 3 3,X,-0.5769230769230769230769230769,8,SLEEP,Z,0.07307497,0.2671124
3/7/3/7/7/5/6/3/1 3 3,X,0.8333333333333333333333333333,4,SLEEP,Z,0.0522095,0.201574
3/7/3/7/7/5/5/2/6 3 3,X,-0.5769230769230769230769230769,6,SLEEP,Z,0.06286303,0.2743012
3/7/3/7/7/5/5/2/5 3 3,X,-0.5,4,SLEEP,Z,0.07800366,0.2483639
3/7/3/7/7/5/5/2/3 3 3,X,-0.4230769230769230769230769231,2,SLEEP,Z,0.03076369,0.1006267
3/7/3/7/7/5/5/6/4 3 3,X,-0.5769230769230769230769230769,6,SLEEP,Z,0.1132437,0.4264476
3/7/3/7/7/5/5/6/2 3 3,X,-0.5,6,SLEEP,Z,0.05107403,0.2033953
3/7/3/7/7/5/5/6/1 3 3,Z,0.5,4,SLEEP,Z,0.03497392,0.1558221
3/7/3/7/7/5/5/5/4 3 3,X,-0.5769230769230769230769230769,6,SLEEP,Z,0.05845089,0.2577911
3/7/3/7/7/5/5/5/2 3 3,X,-0.5,4,SLEEP,Z,0.05148103,0.2148753
3/7/3/7/7/5/5/5/1 3 3,X,-0.4230769230769230769230769231,4,SLEEP,Z,0.04498784,0.1705791
3/7/3/7/7/5/5/3/4 3 3,X,-0.5769230769230769230769230769,6,SLEEP,Z,0.1007747,0.3993642
3/7/3/7/7/5/5/3/2 3 3,X,-0.5,6,SLEEP,Z,0.08779058,0.3024875
3/7/3/7/7/5/5/3/1 3 3,Z,-0.5,4,SLEEP,Z,0.04810459,0.2070027
3/7/3/7/7/5/3/2/6 3 3,X,-0.8333333333333333333333333333,6,SLEEP,Z,0.07203507,0.278524
3/7/3/7/7/5/3/2/5 3 3,X,-0.5,4,SLEEP,Z,0.07610956,0.2900042
3/7/3/7/7/5/3/2/3 3 3,X,-0.3461538461538461538461538462,2,SLEEP,Z,0.01612564,0.07183851
3/7/3/7/7/5/3/6/4 3 3,X,-0.8333333333333333333333333333,6,SLEEP,Z,0.08983832,0.2828044
3/7/3/7/7/5/3/6/2 3 3,X,-0.5,6,SLEEP,Z,0.05198167,0.2068044
3/7/3/7/7/5/3/6/1 3 3,Z,0.5,2,SLEEP,Z,0.02341546,0.1040472
3/7/3/7/7/5/3/5/4 3 3,X,-0.8333333333333333333333333333,6,SLEEP,Z,0.09314035,0.330893
3/7/3/7/7/5/3/5/2 3 3,X,-0.5,4,SLEEP,Z,0.04401904,0.1791759
3/7/3/7/7/5/3/5/1 3 3,X,-0.3461538461538461538461538462,2,SLEEP,Z,0.01989841,0.08607974
3/7/3/7/7/5/3/3/4 3 3,X,-0.8333333333333333333333333333,6,SLEEP,Z,0.06202651,0.2392614
3/7/3/7/7/5/3/3/2 3 3,X,-0.5,4,SLEEP,Z,0.03064319,0.1075588
3/7/3/7/7/5/3/3/1 3 3,Z,-0.5,2,SLEEP,Z,0.01713449,0.07479515
3/7/3/7/7/5/7/2/4 3 3,X,-0.5769230769230769230769230769,8,SLEEP,Z,0.05935182,0.2404526
3/7/3/7/7/5/7/2/2 3 3,X,-0.5,4,SLEEP,Z,0.04854767,0.1880447
3/7/3/7/7/5/7/2/1 3 3,X,-0.4230769230769230769230769231,4,SLEEP,Z,0.02407678,0.1090521
3/7/3/7/7/3/2/2/7 3 3,X,-0.5,4,SLEEP,Z,0.03452211,0.1318596
3/7/3/7/7/3/2/6/6 3 3,Z,-0.7,6,SLEEP,Z,0.06602227,0.2330414
3/7/3/7/7/3/2/6/5 3 3,Z,-0.7,4,SLEEP,Z,0.05759082,0.1894575
3/7/3/7/7/3/2/6/3 3 3,Z,-0.7,4,SLEEP,Z,0.08713581,0.2075925
3/7/3/7/7/3/2/5/6 3 3,X,-0.5769230769230769230769230769,4,SLEEP,Z,0.07035639,0.2525301
3/7/3/7/7/3/2/5/5 3 3,X,-0.5,6,SLEEP,Z,0.06102052,0.2403368
3/7/3/7/7/3/2/5/3 3 3,Z,-0.5,2,SLEEP,Z,0.07928653,0.1803808
3/7/3/7/7/3/2/3/6 3 3,X,-0.5769230769230769230769230769,8,SLEEP,Z,0.07766861,0.3478494
3/7/3/7/7/3/2/3/5 3 3,X,-0.5,2,SLEEP,Z,0.04333021,0.1681334
3/7/3/7/7/3/2/3/3 3 3,X,0.5,4,SLEEP,Z,0.1655287,0.2689157
3/7/3/7/7/3/2/7/4 3 3,X,-0.5769230769230769230769230769,6,SLEEP,Z,0.06442346,0.2606816
3/7/3/7/7/3/2/7/2 3 3,X,-0.5,4,SLEEP,Z,0.04383644,0.1543986
3/7/3/7/7/3/2/7/1 3 3,Z,-0.5,6,SLEEP,Z,0.03841676,0.1377551
3/7/3/7/7/3/6/2/6 3 3,X,-0.6538461538461538461538461538,8,SLEEP,Z,0.1010949,0.3921143
3/7/3/7/7/3/6/2/5 3 3,X,-0.5769230769230769230769230769,6,SLEEP,Z,0.1136375,0.4273773
3/7/3/7/7/3/6/2/3 3 3,X,0.8333333333333333333333333333,2,SLEEP,Z,0.04299524,0.1557841
3/7/3/7/7/3/6/6/4 3 3,Z,-0.7,8,SLEEP,Z,0.06358834,0.2755943
3/7/3/7/7/3/6/6/2 3 3,Z,-0.7,4,SLEEP,Z,0.05172073,0.2263835
3/7/3/7/7/3/6/6/1 3 3,X,0.8333333333333333333333333333,4,SLEEP,Z,0.05831538,0.1918455
3/7/3/7/7/3/6/5/4 3 3,X,-0.6538461538461538461538461538,10,SLEEP,Z,0.134379,0.5702723
3/7/3/7/7/3/6/5/2 3 3,X,-0.5769230769230769230769230769,6,SLEEP,Z,0.06536091,0.2759326
3/7/3/7/7/3/6/5/1 3 3,X,0.8333333333333333333333333333,4,SLEEP,Z,0.0552525,0.1887724
3/7/3/7/7/3/6/3/4 3 3,X,-0.6538461538461538461538461538,10,SLEEP,Z,0.1219199,0.4697505
3/7/3/7/7/3/6/3/2 3 3,X,-0.5769230769230769230769230769,6,SLEEP,Z,0.07118589,0.2909081
3/7/3/7/7/3/6/3/1 3 3,X,0.8333333333333333333333333333,4,SLEEP,Z,0.05078899,0.212553
3/7/3/7/6/3/6/7/4 3 3,X,-0.7307692307692307692307692308,10,SLEEP,Z,0.1073599,0.3573157
3/7/3/7/7/3/5/2/6 3 3,X,-0.5769230769230769230769230769,6,SLEEP,Z,0.140574,0.4220305
3/7/3/7/7/3/5/2/5 3 3,X,-0.5,6,SLEEP,Z,0.05742447,0.2433367
3/7/3/7/7/3/5/2/3 3 3,Z,-0.5,4,SLEEP,Z,0.0596359,0.1390333
3/7/3/7/7/3/5/6/4 3 3,Z,-0.7,4,SLEEP,Z,0.07489131,0.2602589
3/7/3/7/7/3/5/6/2 3 3,Z,-0.7,6,SLEEP,Z,0.05667838,0.2271212
3/7/3/7/7/3/5/6/1 3 3,Z,-0.7,4,SLEEP,Z,0.04994202,0.1424069
3/7/3/7/7/3/5/5/4 3 3,X,-0.5769230769230769230769230769,6,SLEEP,Z,0.09186483,0.3446795
3/7/3/7/7/3/5/5/2 3 3,X,-0.5,6,SLEEP,Z,0.06610058,0.2645138
3/7/3/7/7/3/5/5/1 3 3,Z,-0.5,2,SLEEP,Z,0.02561862,0.1122085
3/7/3/7/7/3/5/3/4 3 3,X,-0.5769230769230769230769230769,6,SLEEP,Z,0.05578135,0.2455146
3/7/3/7/7/3/5/3/2 3 3,X,-0.5,6,SLEEP,Z,0.09061326,0.3237708
3/7/3/7/7/3/5/3/1 3 3,Z,-0.5,4,SLEEP,Z,0.03252699,0.1449946
3/7/3/7/7/3/3/2/6 3 3,X,-0.8333333333333333333333333333,8,SLEEP,Z,0.07476985,0.2630416
3/7/3/7/7/3/3/2/5 3 3,Z,-0.5,2,SLEEP,Z,0.02898469,0.1251408
3/7/3/7/7/3/3/2/3 3 3,Z,-0.5,2,SLEEP,Z,0.03103818,0.1277905
3/7/3/7/7/3/3/6/4 3 3,X,-0.8333333333333333333333333333,6,SLEEP,Z,0.100108,0.2879436
3/7/3/7/7/3/3/6/2 3 3,Z,-0.7,4,SLEEP,Z,0.03776409,0.1487329
3/7/3/7/7/3/3/6/1 3 3,Z,-0.7,4,SLEEP,Z,0.02489181,0.1132543
3/7/3/7/7/3/3/5/4 3 3,X,-0.8333333333333333333333333333,4,SLEEP,Z,0.04725818,0.1850062
3/7/3/7/7/3/3/5/2 3 3,Z,-0.5,4,SLEEP,Z,0.05806954,0.225602
3/7/3/7/7/3/3/5/1 3 3,Z,-0.5,4,SLEEP,Z,0.05141883,0.200777
3/7/3/7/7/3/3/3/4 3 3,X,-0.8333333333333333333333333333,8,SLEEP,Z,0.06590708,0.249309
3/7/3/7/7/3/3/3/2 3 3,X,-0.5,2,SLEEP,Z,0.02009277,0.08674106
3/7/3/7/7/3/3/3/1 3 3,Z,-0.5,4,SLEEP,Z,0.06128147,0.2241994
3/7/3/7/7/3/7/2/4 3 3,X,-0.5769230769230769230769230769,6,SLEEP,Z,0.06499898,0.2725058
3/7/3/7/7/3/7/2/2 3 3,X,-0.5,6,SLEEP,Z,0.07714012,0.3113937
3/7/3/7/7/3/7/2/1 3 3,Z,-0.5,4,SLEEP,Z,0.04295199,0.1780185
3/7/3/7/7/7/2/2/6 3 3,X,-0.6666666666666666666666666666,8,SLEEP,Z,0.07581662,0.3077084
3/7/3/7/7/7/2/2/5 3 3,X,-0.5,6,SLEEP,Z,0.06384484,0.21978
3/7/3/7/7/7/2/2/3 3 3,X,0.6666666666666666666666666666,4,SLEEP,Z,0.04171895,0.1498498
3/7/3/7/7/7/2/6/4 3 3,X,-0.6666666666666666666666666666,8,SLEEP,Z,0.1687802,0.433836
3/7/3/7/7/7/2/6/2 3 3,X,-0.5,4,SLEEP,Z,0.05705495,0.2279871
3/7/3/7/7/7/2/6/1 3 3,X,0.6666666666666666666666666666,4,SLEEP,Z,0.02907485,0.1106114
3/7/3/7/7/7/2/5/4 3 3,X,-0.6666666666666666666666666666,6,SLEEP,Z,0.05944343,0.247627
3/7/3/7/7/7/2/5/2 3 3,X,-0.5,4,SLEEP,Z,0.0539085,0.2091789
3/7/3/7/7/7/2/5/1 3 3,X,0.6666666666666666666666666666,2,SLEEP,Z,0.03050317,0.1083349
3/7/3/7/7/7/2/3/4 3 3,X,-0.6666666666666666666666666666,6,SLEEP,Z,0.07962909,0.2847027
3/7/3/7/7/7/2/3/2 3 3,X,-0.5,4,SLEEP,Z,0.0628345,0.2407979
3/7/3/7/7/7/2/3/1 3 3,X,0.6666666666666666666666666666,4,SLEEP,Z,0.05445424,0.2136502
3/7/3/7/7/7/6/2/4 3 3,X,-0.6538461538461538461538461538,10,SLEEP,Z,0.1168842,0.4830461
3/7/3/7/7/7/6/2/2 3 3,X,-0.5769230769230769230769230769,6,SLEEP,Z,0.04454933,0.1756654
3/7/3/7/7/7/5/2/4 3 3,X,-0.5769230769230769230769230769,8,SLEEP,Z,0.06740846,0.2987807
3/7/3/7/7/7/5/2/2 3 3,X,-0.5,4,SLEEP,Z,0.04880722,0.1975158
3/7/3/7/7/7/5/2/1 3 3,X,-0.4230769230769230769230769231,4,SLEEP,Z,0.03573956,0.1493287
3/7/3/7/7/7/3/2/2 3 3,X,-0.5,4,SLEEP,Z,0.04000583,0.1739915
3/7/3/7/7/7/3/2/1 3 3,X,-0.3461538461538461538461538462,4,SLEEP,Z,0.03033656,0.1314813
3/7/7/2/2/2/7/7/7 3 3,X,-0.5,6,SLEEP,Z,0.04288257,0.1038469
3/7/7/2/2/6/6/7/7 3 3,X,-0.5555555555555555555555555555,24,SLEEP,Z,0.06952307,0.2224562
3/7/7/2/2/6/3/7/7 3 3,Z,0.5,6,SLEEP,Z,0.02539314,0.07204416
3/7/7/2/2/6/7/6/7 3 3,X,-0.5,4,SLEEP,Z,0.02833176,0.09561333
3/7/7/2/2/6/7/5/7 3 3,X,-0.5,8,SLEEP,Z,0.03042275,0.1020994
3/7/7/2/2/6/7/3/7 3 3,Z,0.625,4,SLEEP,Z,0.03046092,0.1182772
3/7/7/2/2/6/7/7/6 3 3,X,-0.5555555555555555555555555555,8,SLEEP,Z,0.0572028,0.1978265
3/7/7/2/2/6/7/7/5 3 3,X,-0.5,58,SLEEP,Z,0.07167403,0.2456338
3/7/7/2/2/6/7/7/3 3 3,Z,0.5,6,SLEEP,Z,0.01750875,0.05532109
3/7/7/2/2/5/6/7/7 3 3,X,-0.5555555555555555555555555555,12,SLEEP,Z,0.06596216,0.2530348
3/7/7/2/2/5/5/7/7 3 3,X,-0.5,2,SLEEP,Z,0.03356168,0.09460661
3/7/7/2/2/5/3/7/7 3 3,X,-0.5,2,SLEEP,Z,0.08628398,0.4229192
3/7/7/2/2/5/7/6/7 3 3,X,-0.5,6,SLEEP,Z,0.03754143,0.1170938
3/7/7/2/2/5/7/5/7 3 3,X,-0.5,4,SLEEP,Z,0.03772271,0.1396318
3/7/7/2/2/5/7/3/7 3 3,X,-0.5,4,SLEEP,Z,0.03029398,0.1177168
3/7/7/2/2/5/7/7/6 3 3,X,-0.5555555555555555555555555555,10,SLEEP,Z,0.07081788,0.283692
3/7/7/2/2/5/7/7/5 3 3,X,-0.5,4,SLEEP,Z,0.09349436,0.3893591
3/7/7/2/2/5/7/7/3 3 3,X,-0.4444444444444444444444444445,2,SLEEP,Z,0,0
3/7/7/2/2/3/6/7/7 3 3,X,-0.5555555555555555555555555555,6,SLEEP,Z,0.06323186,0.1603584
3/7/7/2/2/3/5/7/7 3 3,X,-0.5,4,SLEEP,Z,0.03172933,0.09460789
3/7/7/2/2/3/3/7/7 3 3,Z,-0.5,2,SLEEP,Z,0.01872643,0.06909515
3/7/7/2/2/3/7/6/7 3 3,Z,-0.625,4,SLEEP,Z,0.04112808,0.09227897
3/7/7/2/2/3/7/5/7 3 3,X,-0.5,6,SLEEP,Z,0.03606743,0.1170324
3/7/7/2/2/3/7/3/7 3 3,X,-0.5,8,SLEEP,Z,0.07064034,0.2582015
3/7/7/2/2/3/7/7/6 3 3,X,-0.5555555555555555555555555555,6,SLEEP,Z,0.119206,0.2984674
3/7/7/2/2/3/7/7/5 3 3,X,-0.5,4,SLEEP,Z,0.03144353,0.1095502
3/7/7/2/2/3/7/7/3 3 3,Z,-0.5,2,SLEEP,Z,0.02420726,0.07356077
3/7/7/2/2/7/2/7/7 3 3,X,-0.5,8,SLEEP,Z,0.1283844,0.3903843
3/7/7/2/2/7/6/5/7 3 3,X,-0.5555555555555555555555555555,6,SLEEP,Z,0.05192773,0.2031043
3/7/7/2/2/7/6/3/7 3 3,X,-0.5555555555555555555555555555,6,SLEEP,Z,0.06486212,0.1809132
3/7/7/2/2/7/6/7/6 3 3,X,-0.6111111111111111111111111111,12,SLEEP,Z,0.1021035,0.4035024
3/7/7/2/2/7/6/7/5 3 3,X,-0.5555555555555555555555555555,6,SLEEP,Z,0.06062319,0.2630114
3/7/7/2/2/7/6/7/3 3 3,X,0.7,4,SLEEP,Z,0.03485285,0.107172
3/7/7/2/2/6/5/7/7 3 3,X,-0.5,2,SLEEP,Z,0.03319102,0.1048232
3/7/7/2/2/7/5/6/7 3 3,X,-0.5,6,SLEEP,Z,0.06787575,0.2259201
3/7/7/2/2/7/5/5/7 3 3,X,-0.5,4,SLEEP,Z,0.03634979,0.120162
3/7/7/2/2/7/5/3/7 3 3,X,-0.5,4,SLEEP,Z,0.03134769,0.1116003
3/7/7/2/2/7/5/7/6 3 3,X,-0.5555555555555555555555555555,4,SLEEP,Z,0.05346314,0.2175247
3/7/7/2/2/7/5/7/5 3 3,X,-0.5,2,SLEEP,Z,0.05456711,0.1170506
3/7/7/2/2/7/5/7/3 3 3,X,-0.4444444444444444444444444445,2,SLEEP,Z,0,0
3/7/7/2/2/7/3/6/7 3 3,X,-0.5,2,SLEEP,Z,0.02687124,0.08705109
3/7/7/2/2/7/3/5/7 3 3,X,-0.5,2,SLEEP,Z,0.03801611,0.04929519
3/7/7/2/2/7/3/3/7 3 3,X,-0.5,58,SLEEP,Z,0.03152226,0.08754672
3/7/7/2/2/7/3/7/6 3 3,X,-0.7,6,SLEEP,Z,0.03836401,0.1503494
3/7/7/2/2/7/3/7/5 3 3,X,-0.5,2,SLEEP,Z,0.01946088,0.02998088
3/7/7/2/2/7/3/7/3 3 3,X,0.4,2,SLEEP,Z,0.004769107,0.01393926
3/7/7/2/2/7/6/6/7 3 3,X,-0.5555555555555555555555555555,8,SLEEP,Z,0.07475384,0.2420524
3/7/7/2/2/7/7/2/7 3 3,X,-0.5,4,SLEEP,Z,0.03988352,0.1286681
3/7/7/2/2/7/7/6/5 3 3,X,-0.5,6,SLEEP,Z,0.03554719,0.1028456
3/7/7/2/2/7/7/5/6 3 3,X,-0.5555555555555555555555555555,8,SLEEP,Z,0.1013955,0.3178659
3/7/7/2/2/7/7/5/5 3 3,X,-0.5,6,SLEEP,Z,0.04075088,0.1300451
3/7/7/2/2/7/7/5/3 3 3,X,-0.4444444444444444444444444445,4,SLEEP,Z,0.02907678,0.0545338
3/7/7/2/2/7/7/3/6 3 3,X,-0.5555555555555555555555555555,8,SLEEP,Z,0.07136306,0.2545809
3/7/7/2/2/7/7/3/5 3 3,X,-0.5,4,SLEEP,Z,0.03412623,0.1265463
3/7/7/2/2/7/7/3/3 3 3,Z,-0.5,2,SLEEP,Z,0.02255734,0.08643735
3/7/7/2/2/7/7/6/6 3 3,X,-0.5555555555555555555555555555,10,SLEEP,Z,0.06511882,0.2286937
3/7/7/2/2/7/7/7/4 3 3,X,-0.5555555555555555555555555555,4,SLEEP,Z,0.04996809,0.1967549
3/7/7/2/2/7/7/7/2 3 3,X,-0.5,6,SLEEP,Z,0.1287434,0.3240809
3/7/7/2/2/7/7/7/1 3 3,X,-0.4444444444444444444444444445,18,SLEEP,Z,0.1134973,0.445549
3/7/7/2/2/7/7/6/3 3 3,Z,0.5,2,SLEEP,Z,0.007531245,0.02582263
3/7/7/2/6/2/6/7/7 3 3,X,-0.6111111111111111111111111111,4,SLEEP,Z,0.05018665,0.1695084
3/7/7/2/6/2/5/7/7 3 3,X,-0.5555555555555555555555555555,2,SLEEP,Z,0.02765644,0.09095915
3/7/7/2/6/2/3/7/7 3 3,X,0.6111111111111111111111111111,2,SLEEP,Z,0.1722934,0.265112
3/7/7/2/6/2/7/6/7 3 3,X,-0.5555555555555555555555555555,4,SLEEP,Z,0.02752351,0.09512638
3/7/7/2/6/2/7/5/7 3 3,X,-0.5555555555555555555555555555,4,SLEEP,Z,0.1244393,0.2743673
3/7/7/2/6/2/7/3/7 3 3,X,-0.5555555555555555555555555555,10,SLEEP,Z,0.05345758,0.1691401
3/7/7/2/6/2/7/7/6 3 3,X,-0.6111111111111111111111111111,6,SLEEP,Z,0.04393545,0.2038069
3/7/7/2/6/2/7/7/5 3 3,X,-0.5555555555555555555555555555,2,SLEEP,Z,0.02688616,0.08658592
3/7/7/2/6/2/7/7/3 3 3,X,0.6111111111111111111111111111,2,SLEEP,Z,0.04144442,0.04799628
3/7/7/2/6/6/2/7/7 3 3,X,-0.5555555555555555555555555555,2,SLEEP,Z,0.04335898,0.09350445
3/7/7/2/6/6/6/6/7 3 3,X,-0.6111111111111111111111111111,10,SLEEP,Z,0.08687154,0.2360221
3/7/7/2/6/6/6/5/7 3 3,X,-0.6111111111111111111111111111,8,SLEEP,Z,0.0566925,0.1880396
3/7/7/2/6/6/6/3/7 3 3,Z,0.6428571428571428571428571429,6,SLEEP,Z,0.04612493,0.1907492
3/7/7/2/6/6/6/7/6 3 3,X,-0.6666666666666666666666666667,10,SLEEP,Z,0.07817186,0.3199941
3/7/7/2/6/6/6/7/5 3 3,X,-0.6111111111111111111111111111,6,SLEEP,Z,0.0622857,0.247656
3/7/7/2/6/6/6/7/3 3 3,X,0.7,4,SLEEP,Z,0.05355558,0.1296101
3/7/7/2/6/6/5/6/7 3 3,X,-0.5555555555555555555555555555,8,SLEEP,Z,0.1019259,0.2915674
3/7/7/2/6/6/5/5/7 3 3,X,-0.5555555555555555555555555555,6,SLEEP,Z,0.04491407,0.1039494
3/7/7/2/6/6/5/3/7 3 3,Z,0.6428571428571428571428571429,2,SLEEP,Z,0.03273544,0.1185307
3/7/7/2/6/6/5/7/6 3 3,X,-0.6111111111111111111111111111,6,SLEEP,Z,0.1412057,0.3511259
3/7/7/2/6/6/5/7/5 3 3,X,-0.5555555555555555555555555555,4,SLEEP,Z,0.1629995,0.3510906
3/7/7/2/6/6/5/7/3 3 3,X,0.6111111111111111111111111111,4,SLEEP,Z,0.06072732,0.0753547
3/7/7/2/6/6/3/6/7 3 3,X,0.6111111111111111111111111111,6,SLEEP,Z,0.04901156,0.1725615
3/7/7/2/6/6/3/5/7 3 3,X,0.6111111111111111111111111111,4,SLEEP,Z,0.04172561,0.09427284
3/7/7/2/6/6/3/3/7 3 3,Z,0.6428571428571428571428571429,2,SLEEP,Z,0.02903366,0.0841549
3/7/7/2/6/6/3/7/6 3 3,X,-0.7,4,SLEEP,Z,0.04001511,0.1478671
3/7/7/2/6/6/3/7/5 3 3,X,0.6111111111111111111111111111,4,SLEEP,Z,0.04346233,0.0669812
3/7/7/2/6/6/3/7/3 3 3,X,0.7222222222222222222222222222,2,SLEEP,Z,0,0
3/7/7/2/6/6/7/2/7 3 3,X,-0.5555555555555555555555555555,6,SLEEP,Z,0.03908981,0.1393244
3/7/7/2/6/6/7/6/6 3 3,X,-0.6111111111111111111111111111,4,SLEEP,Z,0.05213489,0.2152795
3/7/7/2/6/6/7/6/5 3 3,X,-0.5555555555555555555555555555,8,SLEEP,Z,0.1512199,0.3626451
3/7/7/2/6/6/7/6/3 3 3,X,0.6111111111111111111111111111,8,SLEEP,Z,0.0428075,0.1446036
3/7/7/2/6/6/7/5/6 3 3,X,-0.6111111111111111111111111111,4,SLEEP,Z,0.07439476,0.2469983
3/7/7/2/6/6/7/5/5 3 3,X,-0.5555555555555555555555555555,4,SLEEP,Z,0.02804195,0.1114592
3/7/7/2/6/6/7/5/3 3 3,X,0.6111111111111111111111111111,4,SLEEP,Z,0.1725561,0.3346552
3/7/7/2/6/6/7/3/6 3 3,Z,0.6428571428571428571428571429,6,SLEEP,Z,0.04442902,0.2035104
3/7/7/2/6/6/7/3/5 3 3,Z,0.6428571428571428571428571429,4,SLEEP,Z,0.03228766,0.1237397
3/7/7/2/6/6/7/3/3 3 3,Z,0.6428571428571428571428571429,6,SLEEP,Z,0.1746351,0.2223429
3/7/7/2/6/6/7/7/4 3 3,X,-0.6111111111111111111111111111,6,SLEEP,Z,0.1182413,0.3041036
3/7/7/2/6/6/7/7/2 3 3,X,-0.5555555555555555555555555555,4,SLEEP,Z,0.04496966,0.1230697
3/7/7/2/6/6/7/7/1 3 3,X,0.6111111111111111111111111111,2,SLEEP,Z,0.03451511,0.08734956
3/7/7/2/6/5/2/7/7 3 3,X,-0.5555555555555555555555555555,4,SLEEP,Z,0.05281669,0.118844
3/7/7/2/6/5/6/6/7 3 3,X,-0.6111111111111111111111111111,6,SLEEP,Z,0.03924847,0.1576439
3/7/7/2/6/5/6/5/7 3 3,X,-0.6111111111111111111111111111,8,SLEEP,Z,0.06656253,0.1927047
3/7/7/2/6/5/6/3/7 3 3,X,-0.6111111111111111111111111111,8,SLEEP,Z,0.06216918,0.1825931
3/7/7/2/6/5/6/7/6 3 3,X,-0.6666666666666666666666666667,10,SLEEP,Z,0.07142121,0.2977268
3/7/7/2/6/5/6/7/5 3 3,X,-0.6111111111111111111111111111,4,SLEEP,Z,0.06777643,0.2628146
3/7/7/2/6/5/6/7/3 3 3,X,0.7,4,SLEEP,Z,0.05217379,0.1017882
3/7/7/2/6/5/5/6/7 3 3,X,-0.5555555555555555555555555555,6,SLEEP,Z,0.06750996,0.1518245
3/7/7/2/6/5/5/5/7 3 3,X,-0.5555555555555555555555555555,2,SLEEP,Z,0.02373501,0.1062811
3/7/7/2/6/5/5/3/7 3 3,X,-0.5555555555555555555555555555,4,SLEEP,Z,0.03454951,0.1183648
3/7/7/2/6/5/5/7/6 3 3,X,-0.6111111111111111111111111111,6,SLEEP,Z,0.05314456,0.234621
3/7/7/2/6/5/5/7/5 3 3,X,-0.5555555555555555555555555555,4,SLEEP,Z,0.1249026,0.2583033
3/7/7/2/6/5/5/7/3 3 3,X,0.6111111111111111111111111111,2,SLEEP,Z,0.03520162,0.05833866
3/7/7/2/6/5/3/6/7 3 3,X,0.6111111111111111111111111111,4,SLEEP,Z,0.03955768,0.118943
3/7/7/2/6/5/3/5/7 3 3,X,0.6111111111111111111111111111,4,SLEEP,Z,0.06198061,0.1047697
3/7/7/2/6/5/3/3/7 3 3,X,0.6111111111111111111111111111,6,SLEEP,Z,0.03206026,0.08019517
3/7/7/2/6/5/3/7/6 3 3,X,-0.7,2,SLEEP,Z,0.02799983,0.1086931
3/7/7/2/6/5/3/7/5 3 3,X,0.6111111111111111111111111111,4,SLEEP,Z,0.03879511,0.08959637
3/7/7/2/6/5/3/7/3 3 3,X,0.7222222222222222222222222222,2,SLEEP,Z,0,0
3/7/7/2/6/5/7/2/7 3 3,X,-0.5555555555555555555555555555,4,SLEEP,Z,0.02791821,0.1196903
3/7/7/2/6/5/7/6/6 3 3,X,-0.6111111111111111111111111111,6,SLEEP,Z,0.04562201,0.2049472
3/7/7/2/6/5/7/6/5 3 3,X,-0.5555555555555555555555555555,6,SLEEP,Z,0.02301752,0.09228427
3/7/7/2/6/5/7/6/3 3 3,X,0.6111111111111111111111111111,6,SLEEP,Z,0.02813839,0.1010672
3/7/7/2/6/5/7/5/6 3 3,X,-0.6111111111111111111111111111,8,SLEEP,Z,0.05385747,0.2228424
3/7/7/2/6/5/7/5/5 3 3,X,-0.5555555555555555555555555555,4,SLEEP,Z,0.02459045,0.09507179
3/7/7/2/6/5/7/5/3 3 3,X,0.6111111111111111111111111111,2,SLEEP,Z,0.01288313,0.04872447
3/7/7/2/6/5/7/3/6 3 3,X,-0.6111111111111111111111111111,8,SLEEP,Z,0.05124956,0.2102713
3/7/7/2/6/5/7/3/5 3 3,X,-0.5555555555555555555555555555,4,SLEEP,Z,0.03267953,0.1163882
3/7/7/2/6/5/7/3/3 3 3,X,0.6111111111111111111111111111,4,SLEEP,Z,0.02784582,0.09075993
3/7/7/2/6/5/7/7/4 3 3,X,-0.6111111111111111111111111111,6,SLEEP,Z,0.05733343,0.2466031
3/7/7/2/6/5/7/7/2 3 3,X,-0.5555555555555555555555555555,2,SLEEP,Z,0.03422242,0.1047721
3/7/7/2/6/5/7/7/1 3 3,X,0.6111111111111111111111111111,2,SLEEP,Z,0.02861036,0.07130489
3/7/7/2/6/3/2/7/7 3 3,X,-0.5555555555555555555555555555,8,SLEEP,Z,0.04808848,0.135948
3/7/7/2/6/3/6/6/7 3 3,Z,-0.6428571428571428571428571429,6,SLEEP,Z,0.05147544,0.199672
3/7/7/2/6/3/6/5/7 3 3,X,-0.6111111111111111111111111111,4,SLEEP,Z,0.06391929,0.1672963
3/7/7/2/6/3/6/3/7 3 3,X,-0.6111111111111111111111111111,6,SLEEP,Z,0.06403229,0.2437145
3/7/7/2/6/3/6/7/6 3 3,X,-0.6666666666666666666666666667,10,SLEEP,Z,0.09811875,0.3564985
3/7/7/2/6/3/6/7/5 3 3,X,-0.6111111111111111111111111111,6,SLEEP,Z,0.04898448,0.2135311
3/7/7/2/6/3/6/7/3 3 3,X,0.7,4,SLEEP,Z,0.03963597,0.100326
3/7/7/2/6/3/5/6/7 3 3,Z,-0.6428571428571428571428571429,8,SLEEP,Z,0.1549451,0.3493554
3/7/7/2/6/3/5/5/7 3 3,X,-0.5555555555555555555555555555,2,SLEEP,Z,0.02208097,0.09232979
3/7/7/2/6/3/5/3/7 3 3,X,-0.5555555555555555555555555555,8,SLEEP,Z,0.05273362,0.2198022
3/7/7/2/6/3/5/7/6 3 3,X,-0.6111111111111111111111111111,6,SLEEP,Z,0.06231862,0.253194
3/7/7/2/6/3/5/7/5 3 3,X,-0.5555555555555555555555555555,2,SLEEP,Z,0.04074118,0.1177036
3/7/7/2/6/3/5/7/3 3 3,X,0.6111111111111111111111111111,2,SLEEP,Z,0.02868144,0.04867828
3/7/7/2/6/3/3/6/7 3 3,Z,-0.6428571428571428571428571429,4,SLEEP,Z,0.1664641,0.4307067
3/7/7/2/6/3/3/5/7 3 3,X,0.6111111111111111111111111111,8,SLEEP,Z,0.06645989,0.1152342
3/7/7/2/6/3/3/3/7 3 3,X,0.6111111111111111111111111111,6,SLEEP,Z,0.04493697,0.0982838
3/7/7/2/6/3/3/7/6 3 3,X,-0.7,4,SLEEP,Z,0.0465847,0.1286864
3/7/7/2/6/3/3/7/5 3 3,X,0.6111111111111111111111111111,4,SLEEP,Z,0.06127459,0.09040847
3/7/7/2/6/3/3/7/3 3 3,X,0.7222222222222222222222222222,2,SLEEP,Z,0.18888,0.2016207
3/7/7/2/6/3/7/2/7 3 3,X,-0.5555555555555555555555555555,2,SLEEP,Z,0.0282462,0.132098
3/7/7/2/6/3/7/6/6 3 3,Z,-0.6428571428571428571428571429,8,SLEEP,Z,0.1329889,0.3766446
3/7/7/2/6/3/7/6/5 3 3,Z,-0.6428571428571428571428571429,4,SLEEP,Z,0.0294568,0.09973071
3/7/7/2/6/3/7/6/3 3 3,Z,-0.6428571428571428571428571429,4,SLEEP,Z,0.03612473,0.09721041
3/7/7/2/6/3/7/5/6 3 3,X,-0.6111111111111111111111111111,8,SLEEP,Z,0.06047399,0.2609232
3/7/7/2/6/3/7/5/5 3 3,X,-0.5555555555555555555555555555,2,SLEEP,Z,0.02864322,0.1157617
3/7/7/2/6/3/7/5/3 3 3,X,0.6111111111111111111111111111,2,SLEEP,Z,0.01393761,0.05282481
3/7/7/2/6/3/7/3/6 3 3,X,-0.6111111111111111111111111111,6,SLEEP,Z,0.05529198,0.2362948
3/7/7/2/6/3/7/3/5 3 3,X,-0.5555555555555555555555555555,4,SLEEP,Z,0.03625798,0.1408303
3/7/7/2/6/3/7/3/3 3 3,X,0.6111111111111111111111111111,6,SLEEP,Z,0.05660008,0.141738
3/7/7/2/6/3/7/7/4 3 3,X,-0.6111111111111111111111111111,4,SLEEP,Z,0.0556789,0.2560582
3/7/7/2/6/3/7/7/2 3 3,X,-0.5555555555555555555555555555,6,SLEEP,Z,0.0287082,0.08969349
3/7/7/2/6/3/7/7/1 3 3,X,0.6111111111111111111111111111,2,SLEEP,Z,0.01619701,0.05474903
3/7/7/2/6/7/2/6/7 3 3,X,-0.5555555555555555555555555555,6,SLEEP,Z,0.0519938,0.1603852
3/7/7/2/6/7/2/5/7 3 3,X,-0.5555555555555555555555555555,2,SLEEP,Z,0.03881491,0.1140265
3/7/7/2/6/7/2/3/7 3 3,X,-0.5555555555555555555555555555,4,SLEEP,Z,0.04119241,0.1060429
3/7/7/2/6/7/2/7/6 3 3,X,-0.6111111111111111111111111111,4,SLEEP,Z,0.07600567,0.3021185
3/7/7/2/6/7/2/7/5 3 3,X,-0.5555555555555555555555555555,4,SLEEP,Z,0.1421844,0.2942196
3/7/7/2/6/7/2/7/3 3 3,X,0.6111111111111111111111111111,2,SLEEP,Z,0.02981754,0.06511737
3/7/7/2/6/7/6/2/7 3 3,X,-0.6111111111111111111111111111,6,SLEEP,Z,0.1881046,0.4057339
3/7/7/2/6/7/6/6/6 3 3,X,-0.6666666666666666666666666667,10,SLEEP,Z,0.08515428,0.3651391
3/7/7/2/6/7/6/6/5 3 3,X,-0.6111111111111111111111111111,6,SLEEP,Z,0.05491744,0.2011437
3/7/7/2/6/7/6/6/3 3 3,X,0.75,8,SLEEP,Z,0.05031117,0.15136
3/7/7/2/6/7/6/5/6 3 3,X,-0.6666666666666666666666666667,8,SLEEP,Z,0.06363077,0.2906686
3/7/7/2/6/7/6/5/5 3 3,X,-0.6111111111111111111111111111,6,SLEEP,Z,0.04286195,0.180258
3/7/7/2/6/7/6/5/3 3 3,X,0.75,2,SLEEP,Z,0.028455,0.1017314
3/7/7/2/6/7/6/3/6 3 3,X,-0.6666666666666666666666666667,12,SLEEP,Z,0.1089341,0.4142394
3/7/7/2/6/7/6/3/5 3 3,X,-0.6111111111111111111111111111,6,SLEEP,Z,0.04917206,0.2000166
3/7/7/2/6/7/6/3/3 3 3,X,0.75,6,SLEEP,Z,0.1355194,0.2472662
3/7/7/2/6/7/6/7/4 3 3,X,-0.6666666666666666666666666667,12,SLEEP,Z,0.09636288,0.3852997
3/7/7/2/6/7/6/7/2 3 3,X,-0.6111111111111111111111111111,4,SLEEP,Z,0.04923771,0.2062718
3/7/7/2/6/7/6/7/1 3 3,X,0.75,4,SLEEP,Z,0.1800493,0.3250798
3/7/7/2/6/7/5/2/7 3 3,X,-0.5555555555555555555555555555,4,SLEEP,Z,0.02015806,0.08202784
3/7/7/2/6/7/5/6/6 3 3,X,-0.6111111111111111111111111111,10,SLEEP,Z,0.06331516,0.2629354
3/7/7/2/6/7/5/6/5 3 3,X,-0.5555555555555555555555555555,6,SLEEP,Z,0.05590675,0.1757281
3/7/7/2/6/7/5/6/3 3 3,X,0.6111111111111111111111111111,4,SLEEP,Z,0.142769,0.3839103
3/7/7/2/6/7/5/5/6 3 3,X,-0.6111111111111111111111111111,4,SLEEP,Z,0.06839851,0.2147385
3/7/7/2/6/7/5/5/5 3 3,X,-0.5555555555555555555555555555,4,SLEEP,Z,0.04373618,0.138812
3/7/7/2/6/7/5/5/3 3 3,X,0.6111111111111111111111111111,2,SLEEP,Z,0.009311657,0.04951472
3/7/7/2/6/7/5/3/6 3 3,X,-0.6111111111111111111111111111,6,SLEEP,Z,0.05325182,0.2360004
3/7/7/2/6/7/5/3/5 3 3,X,-0.5555555555555555555555555555,8,SLEEP,Z,0.04111438,0.157636
3/7/7/2/6/7/5/3/3 3 3,X,0.6111111111111111111111111111,4,SLEEP,Z,0.02141046,0.07348396
3/7/7/2/6/7/5/7/4 3 3,X,-0.6111111111111111111111111111,8,SLEEP,Z,0.1194722,0.3464435
3/7/7/2/6/7/5/7/2 3 3,X,-0.5555555555555555555555555555,2,SLEEP,Z,0.02846074,0.115381
3/7/7/2/6/7/5/7/1 3 3,X,0.6111111111111111111111111111,2,SLEEP,Z,0.05784578,0.05587986
3/7/7/2/6/7/3/2/7 3 3,X,0.6111111111111111111111111111,2,SLEEP,Z,0.07244704,0.08255383
3/7/7/2/6/7/3/6/6 3 3,X,-0.75,8,SLEEP,Z,0.05140936,0.1859301
3/7/7/2/6/7/3/6/5 3 3,X,0.6111111111111111111111111111,2,SLEEP,Z,0.02875885,0.1072593
3/7/7/2/6/7/3/6/3 3 3,X,0.7222222222222222222222222222,6,SLEEP,Z,0.143936,0.1822228
3/7/7/2/6/7/3/5/6 3 3,X,-0.75,4,SLEEP,Z,0.1216856,0.4154942
3/7/7/2/6/7/3/5/5 3 3,X,0.6111111111111111111111111111,2,SLEEP,Z,0.04378422,0.09715838
3/7/7/2/6/7/3/5/3 3 3,X,0.7222222222222222222222222222,2,SLEEP,Z,0,0
3/7/7/2/6/7/3/3/6 3 3,X,-0.75,8,SLEEP,Z,0.1032823,0.2844517
3/7/7/2/6/7/3/3/5 3 3,X,0.6111111111111111111111111111,4,SLEEP,Z,0.03723735,0.07514062
3/7/7/2/6/7/3/3/3 3 3,X,0.7222222222222222222222222222,6,SLEEP,Z,0.05413913,0.07790677
3/7/7/2/6/7/3/7/4 3 3,X,-0.75,6,SLEEP,Z,0.04854101,0.1981616
3/7/7/2/6/7/3/7/2 3 3,X,0.6111111111111111111111111111,2,SLEEP,Z,0.01768706,0.05666793
3/7/7/2/6/7/3/7/1 3 3,X,0.7222222222222222222222222222,2,SLEEP,Z,0,0
3/7/7/2/6/7/7/2/6 3 3,X,-0.6111111111111111111111111111,2,SLEEP,Z,0.03470719,0.1467984
3/7/7/2/6/7/7/2/5 3 3,X,-0.5555555555555555555555555555,4,SLEEP,Z,0.1254961,0.3051369
3/7/7/2/6/7/7/2/3 3 3,X,0.6111111111111111111111111111,8,SLEEP,Z,0.0219986,0.07879735
3/7/7/2/6/7/7/6/4 3 3,X,-0.6111111111111111111111111111,6,SLEEP,Z,0.05159489,0.2324614
3/7/7/2/6/7/7/6/2 3 3,X,-0.5555555555555555555555555555,4,SLEEP,Z,0.1207572,0.309373
3/7/7/2/6/7/7/6/1 3 3,X,0.6111111111111111111111111111,2,SLEEP,Z,0.01738824,0.07023853
3/7/7/2/6/7/7/5/4 3 3,X,-0.6111111111111111111111111111,6,SLEEP,Z,0.05612998,0.2455457
3/7/7/2/6/7/7/5/2 3 3,X,-0.5555555555555555555555555555,2,SLEEP,Z,0.02612804,0.103082
3/7/7/2/6/7/7/5/1 3 3,X,0.6111111111111111111111111111,2,SLEEP,Z,0.02104059,0.06928893
3/7/7/2/6/7/7/3/4 3 3,X,-0.6111111111111111111111111111,4,SLEEP,Z,0.03265414,0.1470832
3/7/7/2/6/7/7/3/2 3 3,X,-0.5555555555555555555555555555,4,SLEEP,Z,0.0227108,0.09808125
3/7/7/2/6/7/7/3/1 3 3,X,0.6111111111111111111111111111,4,SLEEP,Z,0.02790446,0.1039343
3/7/7/2/5/2/6/7/7 3 3,X,-0.5555555555555555555555555555,6,SLEEP,Z,0.03234001,0.1236697
3/7/7/2/5/2/5/7/7 3 3,X,-0.5,4,SLEEP,Z,0.0300415,0.1358181
3/7/7/2/5/2/3/7/7 3 3,X,-0.5,4,SLEEP,Z,0.06788282,0.1886604
3/7/7/2/5/2/7/6/7 3 3,X,-0.5,10,SLEEP,Z,0.09356088,0.2962629
3/7/7/2/5/2/7/5/7 3 3,X,-0.5,6,SLEEP,Z,0.04607625,0.2321455
3/7/7/2/5/2/7/3/7 3 3,X,-0.5,6,SLEEP,Z,0.0365527,0.160974
3/7/7/2/5/2/7/7/6 3 3,X,-0.5555555555555555555555555555,4,SLEEP,Z,0.04016137,0.193066
3/7/7/2/5/2/7/7/5 3 3,X,-0.5,4,SLEEP,Z,0.03958989,0.3875728
3/7/7/2/5/2/7/7/3 3 3,X,-0.4444444444444444444444444445,6,SLEEP,Z,0.04739318,0.3638978
3/7/7/2/5/6/2/7/7 3 3,X,-0.5,8,SLEEP,Z,0.06090701,0.2195657
3/7/7/2/5/6/6/6/7 3 3,X,-0.5555555555555555555555555555,8,SLEEP,Z,0.07284503,0.2640505
3/7/7/2/5/6/6/5/7 3 3,X,-0.5555555555555555555555555555,6,SLEEP,Z,0.05639094,0.2056056
3/7/7/2/5/6/6/3/7 3 3,Z,0.6428571428571428571428571429,6,SLEEP,Z,0.03922071,0.1565112
3/7/7/2/5/6/6/7/6 3 3,X,-0.6111111111111111111111111111,8,SLEEP,Z,0.08685543,0.3938862
3/7/7/2/5/6/6/7/5 3 3,X,-0.5555555555555555555555555555,6,SLEEP,Z,0.04862741,0.1788992
3/7/7/2/5/6/6/7/3 3 3,X,0.7,2,SLEEP,Z,0.03792391,0.1145522
3/7/7/2/5/6/5/6/7 3 3,X,-0.5,6,SLEEP,Z,0.04726743,0.1890474
3/7/7/2/5/6/5/5/7 3 3,X,-0.5,6,SLEEP,Z,0.05388088,0.1509066
3/7/7/2/5/6/5/3/7 3 3,Z,0.6428571428571428571428571429,4,SLEEP,Z,0.02318649,0.09837797
3/7/7/2/5/6/5/7/6 3 3,X,-0.5555555555555555555555555555,4,SLEEP,Z,0.03547526,0.1643647
3/7/7/2/5/6/5/7/5 3 3,X,-0.5,6,SLEEP,Z,0.04826145,0.1884769
3/7/7/2/5/6/5/7/3 3 3,Z,0.5,2,SLEEP,Z,0.03345963,0.1142898
3/7/7/2/5/6/3/6/7 3 3,X,-0.5,6,SLEEP,Z,0.07096038,0.2351187
3/7/7/2/5/6/3/5/7 3 3,Z,0.5,6,SLEEP,Z,0.05323242,0.2164078
3/7/7/2/5/6/3/3/7 3 3,Z,0.6428571428571428571428571429,6,SLEEP,Z,0.0370337,0.1548559
3/7/7/2/5/6/3/7/6 3 3,X,-0.7,6,SLEEP,Z,0.07973078,0.2778307
3/7/7/2/5/6/3/7/5 3 3,Z,0.5,4,SLEEP,Z,0.03720612,0.1469905
3/7/7/2/5/6/3/7/3 3 3,Z,0.5,4,SLEEP,Z,0.06228084,0.3754369
3/7/7/2/5/6/7/2/7 3 3,X,-0.5,6,SLEEP,Z,0.03812039,0.1557133
3/7/7/2/5/6/7/6/6 3 3,X,-0.5555555555555555555555555555,8,SLEEP,Z,0.09765796,0.4019865
3/7/7/2/5/6/7/6/5 3 3,X,-0.5,8,SLEEP,Z,0.04973588,0.1917856
3/7/7/2/5/6/7/6/3 3 3,Z,0.5,10,SLEEP,Z,0.08746533,0.3431711
3/7/7/2/5/6/7/5/6 3 3,X,-0.5555555555555555555555555555,6,SLEEP,Z,0.06885628,0.3346756
3/7/7/2/5/6/7/5/5 3 3,X,-0.5,4,SLEEP,Z,0.0391736,0.1757523
3/7/7/2/5/6/7/5/3 3 3,Z,0.5,6,SLEEP,Z,0.04721209,0.1899775
3/7/7/2/5/6/7/3/6 3 3,Z,0.6428571428571428571428571429,4,SLEEP,Z,0.04185508,0.1293141
3/7/7/2/5/6/7/3/5 3 3,Z,0.6428571428571428571428571429,4,SLEEP,Z,0.03067474,0.1288646
3/7/7/2/5/6/7/3/3 3 3,Z,0.6428571428571428571428571429,6,SLEEP,Z,0.03137987,0.1313176
3/7/7/2/5/6/7/7/4 3 3,X,-0.5555555555555555555555555555,8,SLEEP,Z,0.06319164,0.2746446
3/7/7/2/5/6/7/7/2 3 3,X,-0.5,4,SLEEP,Z,0.03620292,0.1622707
3/7/7/2/5/6/7/7/1 3 3,Z,0.5,6,SLEEP,Z,0.03763092,0.1377812
3/7/7/2/5/5/2/7/7 3 3,X,-0.5,6,SLEEP,Z,0.04044406,0.2176239
3/7/7/2/5/5/6/6/7 3 3,X,-0.5555555555555555555555555555,6,SLEEP,Z,0.04850898,0.18515
3/7/7/2/5/5/6/5/7 3 3,X,-0.5555555555555555555555555555,8,SLEEP,Z,0.06080596,0.3280672
3/7/7/2/5/5/6/3/7 3 3,X,-0.5555555555555555555555555555,6,SLEEP,Z,0.03869285,0.1275149
3/7/7/2/5/5/6/7/6 3 3,X,-0.6111111111111111111111111111,6,SLEEP,Z,0.06287964,0.2778513
3/7/7/2/5/5/6/7/5 3 3,X,-0.5555555555555555555555555555,4,SLEEP,Z,0.0464017,0.1829358
3/7/7/2/5/5/6/7/3 3 3,X,0.7,4,SLEEP,Z,0.05651537,0.1434964
3/7/7/2/5/5/5/6/7 3 3,X,-0.5,6,SLEEP,Z,0.04434373,0.1759401
3/7/7/2/5/5/5/5/7 3 3,X,-0.5,4,SLEEP,Z,0.04219654,0.1217545
3/7/7/2/5/5/5/3/7 3 3,X,-0.5,4,SLEEP,Z,0.03820241,0.1406623
3/7/7/2/5/5/5/7/6 3 3,X,-0.5555555555555555555555555555,4,SLEEP,Z,0.06480844,0.2832311
3/7/7/2/5/5/5/7/5 3 3,X,-0.5,4,SLEEP,Z,0.03915896,0.1513982
3/7/7/2/5/5/5/7/3 3 3,X,-0.4444444444444444444444444445,4,SLEEP,Z,0.03943453,0.1626935
3/7/7/2/5/5/3/6/7 3 3,X,-0.5,8,SLEEP,Z,0.06910086,0.2405538
3/7/7/2/5/5/3/5/7 3 3,X,-0.5,4,SLEEP,Z,0.02703476,0.1073187
3/7/7/2/5/5/3/3/7 3 3,X,-0.5,4,SLEEP,Z,0.02979774,0.1100092
3/7/7/2/5/5/3/7/6 3 3,X,-0.7,8,SLEEP,Z,0.05452066,0.1698381
3/7/7/2/5/5/3/7/5 3 3,X,-0.5,4,SLEEP,Z,0.0335771,0.1392184
3/7/7/2/5/5/3/7/3 3 3,X,-0.3888888888888888888888888889,2,SLEEP,Z,0.03459224,0.079715
3/7/7/2/5/5/7/2/7 3 3,X,-0.5,6,SLEEP,Z,0.03251461,0.1473207
3/7/7/2/5/5/7/6/6 3 3,X,-0.5555555555555555555555555555,6,SLEEP,Z,0.05574461,0.1748051
3/7/7/2/5/5/7/6/5 3 3,X,-0.5,6,SLEEP,Z,0.03021708,0.128178
3/7/7/2/5/5/7/6/3 3 3,Z,0.5,4,SLEEP,Z,0.04518074,0.1776299
3/7/7/2/5/5/7/5/6 3 3,X,-0.5555555555555555555555555555,10,SLEEP,Z,0.06890487,0.3076533
3/7/7/2/5/5/7/5/5 3 3,X,-0.5,6,SLEEP,Z,0.03320366,0.1486289
3/7/7/2/5/5/7/5/3 3 3,X,-0.4444444444444444444444444445,2,SLEEP,Z,0.0184094,0.08245212
3/7/7/2/5/5/7/3/6 3 3,X,-0.5555555555555555555555555555,6,SLEEP,Z,0.05141626,0.2296091
3/7/7/2/5/5/7/3/5 3 3,X,-0.5,4,SLEEP,Z,0.05868637,0.2844129
3/7/7/2/5/5/7/3/3 3 3,Z,-0.5,6,SLEEP,Z,0.07175171,0.2650219
3/7/7/2/5/5/7/7/4 3 3,X,-0.5555555555555555555555555555,6,SLEEP,Z,0.04535169,0.2094952
3/7/7/2/5/5/7/7/2 3 3,X,-0.5,4,SLEEP,Z,0.03254531,0.1377348
3/7/7/2/5/5/7/7/1 3 3,X,-0.4444444444444444444444444445,2,SLEEP,Z,0.02132529,0.09810497
3/7/7/2/5/3/2/7/7 3 3,X,-0.5,4,SLEEP,Z,0.0413667,0.1192745
3/7/7/2/5/3/6/6/7 3 3,Z,-0.6428571428571428571428571429,6,SLEEP,Z,0.03299103,0.134323
3/7/7/2/5/3/6/5/7 3 3,X,-0.5555555555555555555555555555,4,SLEEP,Z,0.0460731,0.1796215
3/7/7/2/5/3/6/3/7 3 3,X,-0.5555555555555555555555555555,8,SLEEP,Z,0.1239501,0.3319387
3/7/7/2/5/3/6/7/6 3 3,X,-0.6111111111111111111111111111,8,SLEEP,Z,0.07808089,0.352742
3/7/7/2/5/3/6/7/5 3 3,X,-0.5555555555555555555555555555,8,SLEEP,Z,0.05504208,0.1842574
3/7/7/2/5/3/6/7/3 3 3,X,0.7,6,SLEEP,Z,0.05013398,0.1207442
3/7/7/2/5/3/5/6/7 3 3,Z,-0.6428571428571428571428571429,8,SLEEP,Z,0.0960557,0.4052945
3/7/7/2/5/3/5/5/7 3 3,X,-0.5,8,SLEEP,Z,0.03547014,0.1303719
3/7/7/2/5/3/5/3/7 3 3,X,-0.5,8,SLEEP,Z,0.04096045,0.1494828
3/7/7/2/5/3/5/7/6 3 3,X,-0.5555555555555555555555555555,6,SLEEP,Z,0.03838706,0.1765059
3/7/7/2/5/3/5/7/5 3 3,X,-0.5,4,SLEEP,Z,0.03394099,0.1004386
3/7/7/2/5/3/5/7/3 3 3,Z,-0.5,4,SLEEP,Z,0.03010858,0.1313705
3/7/7/2/5/3/3/6/7 3 3,Z,-0.6428571428571428571428571429,6,SLEEP,Z,0.04020568,0.1488979
3/7/7/2/5/3/3/5/7 3 3,Z,-0.5,8,SLEEP,Z,0.0423119,0.1354149
3/7/7/2/5/3/3/3/7 3 3,X,-0.5,6,SLEEP,Z,0.04368559,0.1742577
3/7/7/2/5/3/3/7/6 3 3,X,-0.7,6,SLEEP,Z,0.05311922,0.1676847
3/7/7/2/5/3/3/7/5 3 3,Z,-0.5,4,SLEEP,Z,0.04727291,0.1709075
3/7/7/2/5/3/3/7/3 3 3,Z,-0.5,2,SLEEP,Z,0.02145698,0.08827047
3/7/7/2/5/3/7/2/7 3 3,X,-0.5,4,SLEEP,Z,0.06802632,0.2238074
3/7/7/2/5/3/7/6/6 3 3,Z,-0.6428571428571428571428571429,4,SLEEP,Z,0.07156009,0.2735908
3/7/7/2/5/3/7/6/5 3 3,Z,-0.6428571428571428571428571429,8,SLEEP,Z,0.08670042,0.2629925
3/7/7/2/5/3/7/6/3 3 3,Z,-0.6428571428571428571428571429,6,SLEEP,Z,0.07210776,0.2272798
3/7/7/2/5/3/7/5/6 3 3,X,-0.5555555555555555555555555555,4,SLEEP,Z,0.06743991,0.3046267
3/7/7/2/5/3/7/5/5 3 3,X,-0.5,4,SLEEP,Z,0.08369339,0.3922475
3/7/7/2/5/3/7/5/3 3 3,Z,-0.5,10,SLEEP,Z,0.06825981,0.2889339
3/7/7/2/5/3/7/3/6 3 3,X,-0.5555555555555555555555555555,6,SLEEP,Z,0.09027012,0.3655746
3/7/7/2/5/3/7/3/5 3 3,X,-0.5,6,SLEEP,Z,0.04944398,0.1835627
3/7/7/2/5/3/7/3/3 3 3,Z,-0.5,12,SLEEP,Z,0.03529643,0.1477819
3/7/7/2/5/3/7/7/4 3 3,X,-0.5555555555555555555555555555,6,SLEEP,Z,0.05036072,0.2715054
3/7/7/2/5/3/7/7/2 3 3,X,-0.5,6,SLEEP,Z,0.04107712,0.1800293
3/7/7/2/5/3/7/7/1 3 3,Z,-0.5,4,SLEEP,Z,0.04840484,0.167258
3/7/7/2/5/7/2/6/7 3 3,X,-0.5,6,SLEEP,Z,0.08811248,0.2806428
3/7/7/2/5/7/2/5/7 3 3,X,-0.5,4,SLEEP,Z,0.0356063,0.1410667
3/7/7/2/5/7/2/3/7 3 3,X,-0.5,8,SLEEP,Z,0.1174808,0.3801357
3/7/7/2/5/7/2/7/6 3 3,X,-0.5555555555555555555555555555,4,SLEEP,Z,0.05540278,0.1765349
3/7/7/2/5/7/2/7/5 3 3,X,-0.5,2,SLEEP,Z,0.05092896,0.1205552
3/7/7/2/5/7/2/7/3 3 3,X,-0.4444444444444444444444444445,4,SLEEP,Z,0.02553003,0.09338341
3/7/7/2/5/7/6/2/7 3 3,X,-0.5555555555555555555555555555,6,SLEEP,Z,0.04393392,0.1955953
3/7/7/2/5/7/6/6/6 3 3,X,-0.6111111111111111111111111111,8,SLEEP,Z,0.06601483,0.2997028
3/7/7/2/5/7/6/6/5 3 3,X,-0.5555555555555555555555555555,4,SLEEP,Z,0.03491967,0.1532077
3/7/7/2/5/7/6/6/3 3 3,X,0.75,4,SLEEP,Z,0.04387812,0.1810753
3/7/7/2/5/7/6/5/6 3 3,X,-0.6111111111111111111111111111,6,SLEEP,Z,0.0685561,0.3271254
3/7/7/2/5/7/6/5/5 3 3,X,-0.5555555555555555555555555555,4,SLEEP,Z,0.03553891,0.1629085
3/7/7/2/5/7/6/5/3 3 3,X,0.75,4,SLEEP,Z,0.05728714,0.1411905
3/7/7/2/5/7/6/3/6 3 3,X,-0.6111111111111111111111111111,6,SLEEP,Z,0.06416014,0.2647079
3/7/7/2/5/7/6/3/5 3 3,X,-0.5555555555555555555555555555,6,SLEEP,Z,0.03563196,0.1439903
3/7/7/2/5/7/6/3/3 3 3,X,0.75,4,SLEEP,Z,0.05484757,0.1545291
3/7/7/2/5/7/6/7/4 3 3,X,-0.6111111111111111111111111111,8,SLEEP,Z,0.07165717,0.3314544
3/7/7/2/5/7/6/7/2 3 3,X,-0.5555555555555555555555555555,6,SLEEP,Z,0.04191009,0.1966055
3/7/7/2/5/7/6/7/1 3 3,X,0.75,2,SLEEP,Z,0.02292202,0.1007528
3/7/7/2/5/7/5/2/7 3 3,X,-0.5,6,SLEEP,Z,0.0627612,0.2462991
3/7/7/2/5/7/5/6/6 3 3,X,-0.5555555555555555555555555555,8,SLEEP,Z,0.04962005,0.1705715
3/7/7/2/5/7/5/6/5 3 3,X,-0.5,12,SLEEP,Z,0.04295648,0.1675798
3/7/7/2/5/7/5/6/3 3 3,Z,0.5,4,SLEEP,Z,0.02709761,0.113492
3/7/7/2/5/7/5/5/6 3 3,X,-0.5555555555555555555555555555,6,SLEEP,Z,0.04410905,0.2024537
3/7/7/2/5/7/5/5/5 3 3,X,-0.5,6,SLEEP,Z,0.03772622,0.1517601
3/7/7/2/5/7/5/5/3 3 3,X,-0.4444444444444444444444444445,4,SLEEP,Z,0.03175502,0.1379202
3/7/7/2/5/7/5/3/6 3 3,X,-0.5555555555555555555555555555,4,SLEEP,Z,0.04306966,0.1863281
3/7/7/2/5/7/5/3/5 3 3,X,-0.5,6,SLEEP,Z,0.03600379,0.1588829
3/7/7/2/5/7/5/3/3 3 3,Z,-0.5,10,SLEEP,Z,0.03582192,0.09231813
3/7/7/2/5/7/5/7/4 3 3,X,-0.5555555555555555555555555555,4,SLEEP,Z,0.0364395,0.1617268
3/7/7/2/5/7/5/7/2 3 3,X,-0.5,4,SLEEP,Z,0.02777225,0.125483
3/7/7/2/5/7/5/7/1 3 3,X,-0.4444444444444444444444444445,6,SLEEP,Z,0.04467941,0.238162
3/7/7/2/5/7/3/2/7 3 3,X,-0.5,6,SLEEP,Z,0.03245889,0.1355385
3/7/7/2/5/7/3/6/6 3 3,X,-0.75,6,SLEEP,Z,0.05733384,0.2169296
3/7/7/2/5/7/3/6/5 3 3,X,-0.5,6,SLEEP,Z,0.02833408,0.117277
3/7/7/2/5/7/3/6/3 3 3,Z,0.5,8,SLEEP,Z,0.03333594,0.1257134
3/7/7/2/5/7/3/5/6 3 3,X,-0.75,4,SLEEP,Z,0.0328858,0.136272
3/7/7/2/5/7/3/5/5 3 3,X,-0.5,4,SLEEP,Z,0.04981416,0.3859681
3/7/7/2/5/7/3/5/3 3 3,X,-0.3888888888888888888888888889,4,SLEEP,Z,0.02188673,0.09360147
3/7/7/2/5/7/3/3/6 3 3,X,-0.75,6,SLEEP,Z,0.07663263,0.2272078
3/7/7/2/5/7/3/3/5 3 3,X,-0.5,6,SLEEP,Z,0.05849037,0.2325384
3/7/7/2/5/7/3/3/3 3 3,Z,-0.5,2,SLEEP,Z,0,0
3/7/7/2/5/7/3/7/4 3 3,X,-0.75,4,SLEEP,Z,0.03055636,0.1321533
3/7/7/2/5/7/3/7/2 3 3,X,-0.5,2,SLEEP,Z,0.03424354,0.1437904
3/7/7/2/5/7/3/7/1 3 3,X,-0.3888888888888888888888888889,2,SLEEP,Z,0,0
3/7/7/2/5/7/7/2/6 3 3,X,-0.5555555555555555555555555555,6,SLEEP,Z,0.05473251,0.23731
3/7/7/2/5/7/7/2/5 3 3,X,-0.5,4,SLEEP,Z,0.03829477,0.1699642
3/7/7/2/5/7/7/2/3 3 3,X,-0.4444444444444444444444444445,6,SLEEP,Z,0.02594178,0.111092
3/7/7/2/5/7/7/6/4 3 3,X,-0.5555555555555555555555555555,8,SLEEP,Z,0.05172475,0.2114448
3/7/7/2/5/7/7/6/2 3 3,X,-0.5,4,SLEEP,Z,0.03299242,0.1469045
3/7/7/2/5/7/7/6/1 3 3,Z,0.5,6,SLEEP,Z,0.05286008,0.2029698
3/7/7/2/5/7/7/5/4 3 3,X,-0.5555555555555555555555555555,6,SLEEP,Z,0.0571317,0.2616756
3/7/7/2/5/7/7/5/2 3 3,X,-0.5,6,SLEEP,Z,0.05565802,0.2700409
3/7/7/2/5/7/7/5/1 3 3,X,-0.4444444444444444444444444445,2,SLEEP,Z,0.009616178,0.04286938
3/7/7/2/5/7/7/3/4 3 3,X,-0.5555555555555555555555555555,8,SLEEP,Z,0.04078405,0.1922256
3/7/7/2/5/7/7/3/2 3 3,X,-0.5,4,SLEEP,Z,0.03481177,0.1512369
3/7/7/2/5/7/7/3/1 3 3,Z,-0.5,2,SLEEP,Z,0.02283635,0.07525007
3/7/7/2/3/2/6/7/7 3 3,X,-0.6111111111111111111111111111,8,SLEEP,Z,0.09979484,0.3758228
3/7/7/2/3/2/5/7/7 3 3,X,-0.5,8,SLEEP,Z,0.04794917,0.1978753
3/7/7/2/3/2/3/7/7 3 3,X,-0.5,6,SLEEP,Z,0.08095799,0.2249799
3/7/7/2/3/2/7/6/7 3 3,X,-0.5,6,SLEEP,Z,0.09698943,0.317227
3/7/7/2/3/2/7/5/7 3 3,X,-0.5,10,SLEEP,Z,0.04520592,0.394399
3/7/7/2/3/2/7/3/7 3 3,X,-0.5,4,SLEEP,Z,0.04746728,0.1730473
3/7/7/2/3/2/7/7/6 3 3,X,-0.6111111111111111111111111111,6,SLEEP,Z,0.08204594,0.283769
3/7/7/2/3/2/7/7/5 3 3,X,-0.5,8,SLEEP,Z,0.04025679,0.1575222
3/7/7/2/3/2/7/7/3 3 3,X,-0.3888888888888888888888888889,4,SLEEP,Z,0.03171055,0.1090534
3/7/7/2/3/6/2/7/7 3 3,X,-0.5,8,SLEEP,Z,0.05649661,0.1791848
3/7/7/2/3/6/6/6/7 3 3,X,-0.6111111111111111111111111111,4,SLEEP,Z,0.06771706,0.2470462
3/7/7/2/3/6/6/5/7 3 3,X,-0.6111111111111111111111111111,8,SLEEP,Z,0.110753,0.3775753
3/7/7/2/3/6/6/3/7 3 3,Z,0.6428571428571428571428571429,6,SLEEP,Z,0.066733,0.2247222
3/7/7/2/3/6/6/7/6 3 3,X,-0.7222222222222222222222222222,8,SLEEP,Z,0.09939128,0.3321914
3/7/7/2/3/6/6/7/5 3 3,X,-0.6111111111111111111111111111,6,SLEEP,Z,0.04257083,0.1713856
3/7/7/2/3/6/6/7/3 3 3,X,0.7,8,SLEEP,Z,0.05510375,0.1501075
3/7/7/2/3/6/5/6/7 3 3,X,-0.5,6,SLEEP,Z,0.08194853,0.2733426
3/7/7/2/3/6/5/5/7 3 3,X,-0.5,12,SLEEP,Z,0.06162056,0.4094293
3/7/7/2/3/6/5/3/7 3 3,Z,0.6428571428571428571428571429,10,SLEEP,Z,0.04207171,0.1855371
3/7/7/2/3/6/5/7/6 3 3,X,-0.6111111111111111111111111111,6,SLEEP,Z,0.04919271,0.1784937
3/7/7/2/3/6/5/7/5 3 3,X,-0.5,6,SLEEP,Z,0.05251985,0.1789168
3/7/7/2/3/6/5/7/3 3 3,Z,0.5,4,SLEEP,Z,0.03663062,0.1013054
3/7/7/2/3/6/3/6/7 3 3,X,-0.5,8,SLEEP,Z,0.06609203,0.2156925
3/7/7/2/3/6/3/5/7 3 3,Z,0.5,2,SLEEP,Z,0.03818612,0.1278318
3/7/7/2/3/6/3/3/7 3 3,Z,0.6428571428571428571428571429,4,SLEEP,Z,0.09654205,0.2307744
3/7/7/2/3/6/3/7/6 3 3,X,-0.7,4,SLEEP,Z,0.06007112,0.1830845
3/7/7/2/3/6/3/7/5 3 3,Z,0.5,4,SLEEP,Z,0.06108745,0.4044636
3/7/7/2/3/6/3/7/3 3 3,Z,0.5,6,SLEEP,Z,0.05172052,0.1834021
3/7/7/2/3/6/7/2/7 3 3,X,-0.5,4,SLEEP,Z,0.03813551,0.1575215
3/7/7/2/3/6/7/6/6 3 3,X,-0.6111111111111111111111111111,10,SLEEP,Z,0.1354833,0.4301581
3/7/7/2/3/6/7/6/5 3 3,X,-0.5,6,SLEEP,Z,0.0690601,0.2487736
3/7/7/2/3/6/7/6/3 3 3,Z,0.5,2,SLEEP,Z,0.03734471,0.1364954
3/7/7/2/3/6/7/5/6 3 3,X,-0.6111111111111111111111111111,6,SLEEP,Z,0.08947701,0.3170948
3/7/7/2/3/6/7/5/5 3 3,X,-0.5,2,SLEEP,Z,0.03857283,0.1459031
3/7/7/2/3/6/7/5/3 3 3,Z,0.5,4,SLEEP,Z,0.03688894,0.1377396
3/7/7/2/3/6/7/3/6 3 3,Z,0.6428571428571428571428571429,6,SLEEP,Z,0.05108501,0.2025327
3/7/7/2/3/6/7/3/5 3 3,Z,0.6428571428571428571428571429,4,SLEEP,Z,0.03315975,0.1450466
3/7/7/2/3/6/7/3/3 3 3,Z,0.6428571428571428571428571429,8,SLEEP,Z,0.03826847,0.1555335
3/7/7/2/3/6/7/7/4 3 3,X,-0.6111111111111111111111111111,6,SLEEP,Z,0.05855299,0.2180242
3/7/7/2/3/6/7/7/2 3 3,X,-0.5,6,SLEEP,Z,0.04367447,0.1720749
3/7/7/2/3/6/7/7/1 3 3,Z,0.5,2,SLEEP,Z,0.03917912,0.1436487
3/7/7/2/3/5/2/7/7 3 3,X,-0.5,8,SLEEP,Z,0.05206747,0.1942484
3/7/7/2/3/5/6/6/7 3 3,X,-0.6111111111111111111111111111,6,SLEEP,Z,0.0595577,0.206698
3/7/7/2/3/5/6/5/7 3 3,X,-0.6111111111111111111111111111,6,SLEEP,Z,0.08928145,0.3389481
3/7/7/2/3/5/6/3/7 3 3,X,-0.6111111111111111111111111111,6,SLEEP,Z,0.05630759,0.2136378
3/7/7/2/3/5/6/7/6 3 3,X,-0.7222222222222222222222222222,6,SLEEP,Z,0.09870274,0.3227163
3/7/7/2/3/5/6/7/5 3 3,X,-0.6111111111111111111111111111,6,SLEEP,Z,0.06638453,0.2445168
3/7/7/2/3/5/6/7/3 3 3,X,0.7,6,SLEEP,Z,0.04173588,0.1532267
3/7/7/2/3/5/5/6/7 3 3,X,-0.5,6,SLEEP,Z,0.04583443,0.1841132
3/7/7/2/3/5/5/5/7 3 3,X,-0.5,4,SLEEP,Z,0.04271723,0.134955
3/7/7/2/3/5/5/3/7 3 3,X,-0.5,4,SLEEP,Z,0.087591,0.3046772
3/7/7/2/3/5/5/7/6 3 3,X,-0.6111111111111111111111111111,6,SLEEP,Z,0.07789234,0.2978835
3/7/7/2/3/5/5/7/5 3 3,X,-0.5,6,SLEEP,Z,0.04336486,0.1902949
3/7/7/2/3/5/5/7/3 3 3,X,-0.3888888888888888888888888889,2,SLEEP,Z,0.05539864,0.1683269
3/7/7/2/3/5/3/6/7 3 3,X,-0.5,4,SLEEP,Z,0.05093367,0.1826866
3/7/7/2/3/5/3/5/7 3 3,X,-0.5,2,SLEEP,Z,0.03584993,0.1038664
3/7/7/2/3/5/3/3/7 3 3,X,-0.5,6,SLEEP,Z,0.120213,0.3503192
3/7/7/2/3/5/3/7/6 3 3,X,-0.7,6,SLEEP,Z,0.04116003,0.1535637
3/7/7/2/3/5/3/7/5 3 3,X,-0.5,4,SLEEP,Z,0.05429071,0.2196546
3/7/7/2/3/5/3/7/3 3 3,X,-0.3333333333333333333333333333,4,SLEEP,Z,0.03246595,0.2995798
3/7/7/2/3/5/7/2/7 3 3,X,-0.5,6,SLEEP,Z,0.04142398,0.1658903
3/7/7/2/3/5/7/6/6 3 3,X,-0.6111111111111111111111111111,4,SLEEP,Z,0.04619239,0.1502684
3/7/7/2/3/5/7/6/5 3 3,X,-0.5,4,SLEEP,Z,0.0418109,0.161367
3/7/7/2/3/5/7/6/3 3 3,Z,0.5,8,SLEEP,Z,0.06449907,0.2051834
3/7/7/2/3/5/7/5/6 3 3,X,-0.6111111111111111111111111111,4,SLEEP,Z,0.06310645,0.2461673
3/7/7/2/3/5/7/5/5 3 3,X,-0.5,8,SLEEP,Z,0.06476288,0.370186
3/7/7/2/3/5/7/5/3 3 3,X,-0.3888888888888888888888888889,6,SLEEP,Z,0.02870824,0.1184694
3/7/7/2/3/5/7/3/6 3 3,X,-0.6111111111111111111111111111,8,SLEEP,Z,0.09925518,0.3205859
3/7/7/2/3/5/7/3/5 3 3,X,-0.5,8,SLEEP,Z,0.05670517,0.1884477
3/7/7/2/3/5/7/3/3 3 3,Z,-0.5,2,SLEEP,Z,0.02434197,0.09398174
3/7/7/2/3/5/7/7/4 3 3,X,-0.6111111111111111111111111111,4,SLEEP,Z,0.04123301,0.1631819
3/7/7/2/3/5/7/7/2 3 3,X,-0.5,4,SLEEP,Z,0.04195423,0.1541579
3/7/7/2/3/5/7/7/1 3 3,X,-0.3888888888888888888888888889,2,SLEEP,Z,0.03873478,0.1062305
3/7/7/2/3/3/2/7/7 3 3,X,-0.5,8,SLEEP,Z,0.0454362,0.1560094
3/7/7/2/3/3/6/6/7 3 3,Z,-0.6428571428571428571428571429,4,SLEEP,Z,0.06138168,0.1793759
3/7/7/2/3/3/6/5/7 3 3,X,-0.6111111111111111111111111111,6,SLEEP,Z,0.0434916,0.1593283
3/7/7/2/3/3/6/3/7 3 3,X,-0.6111111111111111111111111111,8,SLEEP,Z,0.06405351,0.232694
3/7/7/2/3/3/6/7/6 3 3,X,-0.7222222222222222222222222222,6,SLEEP,Z,0.1269023,0.4257863
3/7/7/2/3/3/6/7/5 3 3,X,-0.6111111111111111111111111111,6,SLEEP,Z,0.03875103,0.1342337
3/7/7/2/3/3/6/7/3 3 3,X,0.7,4,SLEEP,Z,0.04266987,0.1535163
3/7/7/2/3/3/5/6/7 3 3,Z,-0.6428571428571428571428571429,6,SLEEP,Z,0.0376447,0.146942
3/7/7/2/3/3/5/5/7 3 3,X,-0.5,6,SLEEP,Z,0.06128054,0.1927737
3/7/7/2/3/3/5/3/7 3 3,X,-0.5,8,SLEEP,Z,0.0555587,0.2266296
3/7/7/2/3/3/5/7/6 3 3,X,-0.6111111111111111111111111111,6,SLEEP,Z,0.0448005,0.1899728
3/7/7/2/3/3/5/7/5 3 3,X,-0.5,12,SLEEP,Z,0.08909943,0.302231
3/7/7/2/3/3/5/7/3 3 3,Z,-0.5,2,SLEEP,Z,0.03205439,0.1178293
3/7/7/2/3/3/3/6/7 3 3,Z,-0.6428571428571428571428571429,10,SLEEP,Z,0.1064919,0.3223645
3/7/7/2/3/3/3/5/7 3 3,Z,-0.5,4,SLEEP,Z,0.03656041,0.1274792
3/7/7/2/3/3/3/3/7 3 3,X,-0.5,6,SLEEP,Z,0.1005904,0.2866961
3/7/7/2/3/3/3/7/6 3 3,X,-0.7,6,SLEEP,Z,0.1554812,0.4014772
3/7/7/2/3/3/3/7/5 3 3,Z,-0.5,6,SLEEP,Z,0.03701435,0.1273899
3/7/7/2/3/3/3/7/3 3 3,Z,-0.5,4,SLEEP,Z,0.03677455,0.08513905
3/7/7/2/3/3/7/2/7 3 3,X,-0.5,8,SLEEP,Z,0.04175891,0.1737306
3/7/7/2/3/3/7/6/6 3 3,Z,-0.6428571428571428571428571429,4,SLEEP,Z,0.03019552,0.1307467
3/7/7/2/3/3/7/6/5 3 3,Z,-0.6428571428571428571428571429,6,SLEEP,Z,0.07901955,0.1948513
3/7/7/2/3/3/7/6/3 3 3,Z,-0.6428571428571428571428571429,8,SLEEP,Z,0.05834211,0.1736117
3/7/7/2/3/3/7/5/6 3 3,X,-0.6111111111111111111111111111,6,SLEEP,Z,0.05796024,0.199453
3/7/7/2/3/3/7/5/5 3 3,X,-0.5,8,SLEEP,Z,0.04364627,0.1794588
3/7/7/2/3/3/7/5/3 3 3,Z,-0.5,6,SLEEP,Z,0.03498361,0.09966354
3/7/7/2/3/3/7/3/6 3 3,X,-0.6111111111111111111111111111,10,SLEEP,Z,0.1169013,0.3677856
3/7/7/2/3/3/7/3/5 3 3,X,-0.5,44,SLEEP,Z,0.08753898,0.2628264
3/7/7/2/3/3/7/3/3 3 3,Z,-0.5,10,SLEEP,Z,0.03233464,0.1165928
3/7/7/2/3/3/7/7/4 3 3,X,-0.6111111111111111111111111111,8,SLEEP,Z,0.1051628,0.368398
3/7/7/2/3/3/7/7/2 3 3,X,-0.5,4,SLEEP,Z,0.04255639,0.1800088
3/7/7/2/3/3/7/7/1 3 3,Z,-0.5,4,SLEEP,Z,0.06073773,0.2678415
3/7/7/2/3/7/2/6/7 3 3,X,-0.5,6,SLEEP,Z,0.119081,0.3184747
3/7/7/2/3/7/2/5/7 3 3,X,-0.5,8,SLEEP,Z,0.0409685,0.2048995
3/7/7/2/3/7/2/3/7 3 3,X,-0.5,8,SLEEP,Z,0.04835385,0.1851196
3/7/7/2/3/7/2/7/6 3 3,X,-0.6111111111111111111111111111,6,SLEEP,Z,0.05785201,0.2273808
3/7/7/2/3/7/2/7/5 3 3,X,-0.5,4,SLEEP,Z,0.05970358,0.228173
3/7/7/2/3/7/2/7/3 3 3,X,0.4,8,SLEEP,Z,0.04467301,0.1712884
3/7/7/2/3/7/6/2/7 3 3,X,-0.6111111111111111111111111111,4,SLEEP,Z,0.04920059,0.1872929
3/7/7/2/3/7/6/6/6 3 3,X,-0.7222222222222222222222222222,8,SLEEP,Z,0.1298116,0.41847
3/7/7/2/3/7/6/6/5 3 3,X,-0.6111111111111111111111111111,6,SLEEP,Z,0.05570473,0.1987085
3/7/7/2/3/7/6/6/3 3 3,X,0.75,6,SLEEP,Z,0.05265214,0.1889796
3/7/7/2/3/7/6/5/6 3 3,X,-0.7222222222222222222222222222,6,SLEEP,Z,0.09217125,0.3913058
3/7/7/2/3/7/6/5/5 3 3,X,-0.6111111111111111111111111111,2,SLEEP,Z,0.04618473,0.1927022
3/7/7/2/3/7/6/5/3 3 3,X,0.75,4,SLEEP,Z,0.1002361,0.2689977
3/7/7/2/3/7/6/3/6 3 3,X,-0.7222222222222222222222222222,6,SLEEP,Z,0.07587663,0.3138701
3/7/7/2/3/7/6/3/5 3 3,X,-0.6111111111111111111111111111,4,SLEEP,Z,0.03575809,0.1371851
3/7/7/2/3/7/6/3/3 3 3,X,0.75,6,SLEEP,Z,0.03956192,0.143316
3/7/7/2/3/7/6/7/4 3 3,X,-0.7222222222222222222222222222,4,SLEEP,Z,0.07052807,0.2466053
3/7/7/2/3/7/6/7/2 3 3,X,-0.6111111111111111111111111111,6,SLEEP,Z,0.1159974,0.3266469
3/7/7/2/3/7/6/7/1 3 3,X,0.75,2,SLEEP,Z,0.0325262,0.120724
3/7/7/2/3/7/5/2/7 3 3,X,-0.5,6,SLEEP,Z,0.03942879,0.1213124
3/7/7/2/3/7/5/6/6 3 3,X,-0.6111111111111111111111111111,8,SLEEP,Z,0.08301301,0.325589
3/7/7/2/3/7/5/6/5 3 3,X,-0.5,4,SLEEP,Z,0.04235825,0.167144
3/7/7/2/3/7/5/6/3 3 3,Z,0.5,4,SLEEP,Z,0.04761963,0.2135034
3/7/7/2/3/7/5/5/6 3 3,X,-0.6111111111111111111111111111,6,SLEEP,Z,0.09327196,0.3225441
3/7/7/2/3/7/5/5/5 3 3,X,-0.5,6,SLEEP,Z,0.03144167,0.12679
3/7/7/2/3/7/5/5/3 3 3,X,-0.3888888888888888888888888889,8,SLEEP,Z,0.0274856,0.1080591
3/7/7/2/3/7/5/3/6 3 3,X,-0.6111111111111111111111111111,4,SLEEP,Z,0.0530111,0.2467578
3/7/7/2/3/7/5/3/5 3 3,X,-0.5,10,SLEEP,Z,0.06295872,0.3779168
3/7/7/2/3/7/5/3/3 3 3,Z,-0.5,4,SLEEP,Z,0.02233796,0.07886218
3/7/7/2/3/7/5/7/4 3 3,X,-0.6111111111111111111111111111,8,SLEEP,Z,0.08087563,0.2728109
3/7/7/2/3/7/5/7/2 3 3,X,-0.5,4,SLEEP,Z,0.03127206,0.1229098
3/7/7/2/3/7/5/7/1 3 3,X,-0.3888888888888888888888888889,4,SLEEP,Z,0.01856344,0.08629573
3/7/7/2/3/7/3/2/7 3 3,X,-0.5,2,SLEEP,Z,0.01969393,0.07594997
3/7/7/2/3/7/3/6/6 3 3,X,-0.75,6,SLEEP,Z,0.08030978,0.2485977
3/7/7/2/3/7/3/6/5 3 3,X,-0.5,2,SLEEP,Z,0.04606062,0.1561578
3/7/7/2/3/7/3/6/3 3 3,Z,0.5,6,SLEEP,Z,0.03479851,0.1132034
3/7/7/2/3/7/3/5/6 3 3,X,-0.75,4,SLEEP,Z,0.05703664,0.2205749
3/7/7/2/3/7/3/5/5 3 3,X,-0.5,2,SLEEP,Z,0.02761824,0.1041622
3/7/7/2/3/7/3/5/3 3 3,X,-0.3333333333333333333333333333,2,SLEEP,Z,0.03678587,0.136213
3/7/7/2/3/7/3/3/6 3 3,X,-0.75,6,SLEEP,Z,0.05458307,0.2143563
3/7/7/2/3/7/3/3/5 3 3,X,-0.5,6,SLEEP,Z,0.04477033,0.182196
3/7/7/2/3/7/3/3/3 3 3,Z,-0.5,2,SLEEP,Z,0.02305584,0.08446444
3/7/7/2/3/7/3/7/4 3 3,X,-0.75,6,SLEEP,Z,0.177324,0.4728211
3/7/7/2/3/7/3/7/2 3 3,X,-0.5,2,SLEEP,Z,0.02983121,0.1147179
3/7/7/2/3/7/3/7/1 3 3,X,-0.3333333333333333333333333333,2,SLEEP,Z,0,0
3/7/7/2/3/7/7/2/6 3 3,X,-0.6111111111111111111111111111,4,SLEEP,Z,0.1005739,0.3449573
3/7/7/2/3/7/7/2/5 3 3,X,-0.5,10,SLEEP,Z,0.07970019,0.2504817
3/7/7/2/3/7/7/2/3 3 3,X,-0.3888888888888888888888888889,6,SLEEP,Z,0.02208224,0.08811151
3/7/7/2/3/7/7/6/4 3 3,X,-0.6111111111111111111111111111,4,SLEEP,Z,0.04158131,0.1616864
3/7/7/2/3/7/7/6/2 3 3,X,-0.5,4,SLEEP,Z,0.05229023,0.2049528
3/7/7/2/3/7/7/6/1 3 3,Z,0.5,4,SLEEP,Z,0.04090305,0.1444052
3/7/7/2/3/7/7/5/4 3 3,X,-0.6111111111111111111111111111,4,SLEEP,Z,0.03398451,0.135636
3/7/7/2/3/7/7/5/2 3 3,X,-0.5,6,SLEEP,Z,0.103082,0.3701513
3/7/7/2/3/7/7/5/1 3 3,X,-0.3888888888888888888888888889,4,SLEEP,Z,0.0620309,0.3371696
3/7/7/2/3/7/7/3/4 3 3,X,-0.6111111111111111111111111111,6,SLEEP,Z,0.04045702,0.161336
3/7/7/2/3/7/7/3/2 3 3,X,-0.5,2,SLEEP,Z,0.04257741,0.1639396
3/7/7/2/3/7/7/3/1 3 3,Z,-0.5,6,SLEEP,Z,0.05086298,0.2541085
3/7/7/2/7/2/2/7/7 3 3,X,-0.5,12,SLEEP,Z,0.0498011,0.2092668
3/7/7/2/7/2/6/6/7 3 3,X,-0.5555555555555555555555555555,6,SLEEP,Z,0.05630634,0.2029095
3/7/7/2/7/2/6/5/7 3 3,X,-0.5555555555555555555555555555,4,SLEEP,Z,0.04844867,0.178121
3/7/7/2/7/2/6/3/7 3 3,X,-0.5555555555555555555555555555,6,SLEEP,Z,0.05278983,0.209614
3/7/7/2/7/2/6/7/6 3 3,X,-0.6111111111111111111111111111,6,SLEEP,Z,0.06031349,0.2917797
3/7/7/2/7/2/6/7/5 3 3,X,-0.5555555555555555555555555555,6,SLEEP,Z,0.149271,0.3661568
3/7/7/2/7/2/6/7/3 3 3,X,0.7,4,SLEEP,Z,0.02960263,0.1250656
3/7/7/2/7/2/5/6/7 3 3,X,-0.5,6,SLEEP,Z,0.06107289,0.2118895
3/7/7/2/7/2/5/5/7 3 3,X,-0.5,4,SLEEP,Z,0.03953246,0.1422798
3/7/7/2/7/2/5/3/7 3 3,X,-0.5,4,SLEEP,Z,0.05460377,0.1653667
3/7/7/2/7/2/5/7/6 3 3,X,-0.5555555555555555555555555555,6,SLEEP,Z,0.07134738,0.2893662
3/7/7/2/7/2/5/7/5 3 3,X,-0.5,6,SLEEP,Z,0.04671621,0.2245255
3/7/7/2/7/2/5/7/3 3 3,X,-0.4444444444444444444444444445,2,SLEEP,Z,0.01396457,0.05043511
3/7/7/2/7/2/3/6/7 3 3,X,-0.5,8,SLEEP,Z,0.05306446,0.1788457
3/7/7/2/7/2/3/5/7 3 3,X,-0.5,4,SLEEP,Z,0.0376314,0.1520759
3/7/7/2/7/2/3/3/7 3 3,X,-0.5,6,SLEEP,Z,0.05986005,0.1810013
3/7/7/2/7/2/3/7/6 3 3,X,-0.7,4,SLEEP,Z,0.04710592,0.1659334
3/7/7/2/7/2/3/7/5 3 3,X,-0.5,6,SLEEP,Z,0.03031069,0.1283809
3/7/7/2/7/2/3/7/3 3 3,X,-0.3888888888888888888888888889,4,SLEEP,Z,0.02732065,0.0781625
3/7/7/2/7/2/7/2/7 3 3,X,-0.5,4,SLEEP,Z,0.02273835,0.09499659
3/7/7/2/7/2/7/6/6 3 3,X,-0.5555555555555555555555555555,6,SLEEP,Z,0.05093597,0.1880512
3/7/7/2/7/2/7/6/5 3 3,X,-0.5,8,SLEEP,Z,0.08011344,0.3505586
3/7/7/2/7/2/7/6/3 3 3,Z,0.5,6,SLEEP,Z,0.04067914,0.1212473
3/7/7/2/7/2/7/5/6 3 3,X,-0.5555555555555555555555555555,8,SLEEP,Z,0.03339323,0.1512284
3/7/7/2/7/2/7/5/5 3 3,X,-0.5,2,SLEEP,Z,0.03064953,0.09607019
3/7/7/2/7/2/7/5/3 3 3,X,-0.4444444444444444444444444445,8,SLEEP,Z,0.03630982,0.1493088
3/7/7/2/7/2/7/3/6 3 3,X,-0.5555555555555555555555555555,6,SLEEP,Z,0.07752185,0.3065396
3/7/7/2/7/2/7/3/5 3 3,X,-0.5,6,SLEEP,Z,0.04713035,0.1686179
3/7/7/2/7/2/7/3/3 3 3,Z,-0.5,4,SLEEP,Z,0.04222576,0.1566146
3/7/7/2/7/2/7/7/4 3 3,X,-0.5555555555555555555555555555,6,SLEEP,Z,0.05196282,0.2146297
3/7/7/2/7/2/7/7/2 3 3,X,-0.5,12,SLEEP,Z,0.0296271,0.1352297
3/7/7/2/7/2/7/7/1 3 3,X,-0.4444444444444444444444444445,6,SLEEP,Z,0.02785343,0.1212148
3/7/7/2/7/6/2/6/7 3 3,X,-0.5,6,SLEEP,Z,0.1071562,0.292625
3/7/7/2/7/6/2/5/7 3 3,X,-0.5,2,SLEEP,Z,0.040492,0.146624
3/7/7/2/7/6/2/3/7 3 3,Z,0.6666666666666666666666666667,4,SLEEP,Z,0.03474232,0.1312573
3/7/7/2/7/6/2/7/6 3 3,X,-0.5555555555555555555555555555,6,SLEEP,Z,0.0981297,0.3376703
3/7/7/2/7/6/2/7/5 3 3,X,-0.5,4,SLEEP,Z,0.04920484,0.1868082
3/7/7/2/7/6/2/7/3 3 3,Z,0.5,4,SLEEP,Z,0.1114724,0.18485
3/7/7/2/7/6/6/2/7 3 3,X,-0.5555555555555555555555555555,8,SLEEP,Z,0.0552102,0.3026293
3/7/7/2/7/6/6/6/6 3 3,X,-0.6111111111111111111111111111,8,SLEEP,Z,0.0763058,0.3450922
3/7/7/2/7/6/6/6/5 3 3,X,-0.5555555555555555555555555555,6,SLEEP,Z,0.07387349,0.2413241
3/7/7/2/7/6/6/6/3 3 3,X,0.75,6,SLEEP,Z,0.04669894,0.1810715
3/7/7/2/7/6/6/5/6 3 3,X,-0.6111111111111111111111111111,8,SLEEP,Z,0.06621309,0.2946519
3/7/7/2/7/6/6/5/5 3 3,X,-0.5555555555555555555555555555,6,SLEEP,Z,0.05470194,0.2390737
3/7/7/2/7/6/6/5/3 3 3,X,0.75,4,SLEEP,Z,0.04227461,0.1155582
3/7/7/2/7/6/6/3/6 3 3,Z,0.6666666666666666666666666667,6,SLEEP,Z,0.06307933,0.267802
3/7/7/2/7/6/6/3/5 3 3,Z,0.6666666666666666666666666667,6,SLEEP,Z,0.04781542,0.2042218
3/7/7/2/7/6/6/3/3 3 3,X,0.75,6,SLEEP,Z,0.06080369,0.1062032
3/7/7/2/7/6/6/7/4 3 3,X,-0.6111111111111111111111111111,6,SLEEP,Z,0.08218005,0.3333646
3/7/7/2/7/6/6/7/2 3 3,X,-0.5555555555555555555555555555,4,SLEEP,Z,0.03184004,0.1249389
3/7/7/2/7/6/6/7/1 3 3,X,0.75,4,SLEEP,Z,0.03874515,0.146915
3/7/7/2/7/6/5/2/7 3 3,X,-0.5,6,SLEEP,Z,0.0433751,0.1817943
3/7/7/2/7/6/5/6/6 3 3,X,-0.5555555555555555555555555555,8,SLEEP,Z,0.04704413,0.2008143
3/7/7/2/7/6/5/6/5 3 3,X,-0.5,6,SLEEP,Z,0.03491016,0.1591561
3/7/7/2/7/6/5/6/3 3 3,Z,0.5,6,SLEEP,Z,0.04823759,0.1649064
3/7/7/2/7/6/5/5/6 3 3,X,-0.5555555555555555555555555555,4,SLEEP,Z,0.03868688,0.2240721
3/7/7/2/7/6/5/5/5 3 3,X,-0.5,12,SLEEP,Z,0.05263249,0.2449072
3/7/7/2/7/6/5/5/3 3 3,Z,0.5,6,SLEEP,Z,0.06727112,0.212956
3/7/7/2/7/6/5/3/6 3 3,Z,0.6666666666666666666666666667,4,SLEEP,Z,0.03447177,0.1461278
3/7/7/2/7/6/5/3/5 3 3,Z,0.6666666666666666666666666667,2,SLEEP,Z,0.03048676,0.1364382
3/7/7/2/7/6/5/3/3 3 3,Z,0.6666666666666666666666666667,4,SLEEP,Z,0.08075958,0.3677283
3/7/7/2/7/6/5/7/4 3 3,X,-0.5555555555555555555555555555,6,SLEEP,Z,0.05458653,0.2783054
3/7/7/2/7/6/5/7/2 3 3,X,-0.5,4,SLEEP,Z,0.03498485,0.165781
3/7/7/2/7/6/5/7/1 3 3,Z,0.5,4,SLEEP,Z,0.03182425,0.1252961
3/7/7/2/7/6/3/2/7 3 3,Z,0.5,4,SLEEP,Z,0.03346693,0.1323637
3/7/7/2/7/6/3/6/6 3 3,X,-0.75,8,SLEEP,Z,0.05214607,0.1646352
3/7/7/2/7/6/3/6/5 3 3,X,-0.5,6,SLEEP,Z,0.06255747,0.2207001
3/7/7/2/7/6/3/6/3 3 3,Z,0.5,6,SLEEP,Z,0.03772739,0.1304386
3/7/7/2/7/6/3/5/6 3 3,X,-0.75,6,SLEEP,Z,0.04332318,0.1815995
3/7/7/2/7/6/3/5/5 3 3,Z,0.5,4,SLEEP,Z,0.03183691,0.09598763
3/7/7/2/7/6/3/5/3 3 3,Z,0.5,6,SLEEP,Z,0.06099021,0.3390188
3/7/7/2/7/6/3/3/6 3 3,X,-0.75,6,SLEEP,Z,0.05010037,0.1951658
3/7/7/2/7/6/3/3/5 3 3,Z,0.6666666666666666666666666667,4,SLEEP,Z,0.03738591,0.1516029
3/7/7/2/7/6/3/3/3 3 3,Z,0.6666666666666666666666666667,2,SLEEP,Z,0.02014025,0.06691857
3/7/7/2/7/6/3/7/4 3 3,X,-0.75,6,SLEEP,Z,0.03513134,0.1415493
3/7/7/2/7/6/3/7/2 3 3,Z,0.5,2,SLEEP,Z,0.0254891,0.1102522
3/7/7/2/7/6/3/7/1 3 3,Z,0.5,2,SLEEP,Z,0.01679289,0.07033184
3/7/7/2/7/6/7/2/6 3 3,X,-0.5555555555555555555555555555,6,SLEEP,Z,0.05464243,0.2465713
3/7/7/2/7/6/7/2/5 3 3,X,-0.5,6,SLEEP,Z,0.03512414,0.1537004
3/7/7/2/7/6/7/2/3 3 3,Z,0.5,6,SLEEP,Z,0.0651568,0.1860716
3/7/7/2/7/6/7/6/4 3 3,X,-0.5555555555555555555555555555,6,SLEEP,Z,0.04414241,0.1966039
3/7/7/2/7/6/7/6/2 3 3,X,-0.5,4,SLEEP,Z,0.02762591,0.1144444
3/7/7/2/7/6/7/6/1 3 3,Z,0.5,6,SLEEP,Z,0.07254025,0.2869863
3/7/7/2/7/6/7/5/4 3 3,X,-0.5555555555555555555555555555,4,SLEEP,Z,0.04566565,0.145832
3/7/7/2/7/6/7/5/2 3 3,X,-0.5,8,SLEEP,Z,0.04502422,0.1866981
3/7/7/2/7/6/7/5/1 3 3,Z,0.5,4,SLEEP,Z,0.02629296,0.1042961
3/7/7/2/7/6/7/3/4 3 3,Z,0.6666666666666666666666666666,6,SLEEP,Z,0.06762461,0.2867385
3/7/7/2/7/6/7/3/2 3 3,Z,0.6666666666666666666666666666,4,SLEEP,Z,0.02551076,0.1173763
3/7/7/2/7/6/7/3/1 3 3,Z,0.6666666666666666666666666666,6,SLEEP,Z,0.02764442,0.1089725
3/7/7/2/7/5/2/6/7 3 3,X,-0.5,4,SLEEP,Z,0.03447799,0.1391714
3/7/7/2/7/5/2/5/7 3 3,X,-0.5,2,SLEEP,Z,0.03833506,0.1328051
3/7/7/2/7/5/2/3/7 3 3,X,-0.5,6,SLEEP,Z,0.04251195,0.1659829
3/7/7/2/7/5/2/7/6 3 3,X,-0.5555555555555555555555555555,4,SLEEP,Z,0.05132433,0.1652818
3/7/7/2/7/5/2/7/5 3 3,X,-0.5,6,SLEEP,Z,0.0429101,0.1805235
3/7/7/2/7/5/2/7/3 3 3,X,-0.4444444444444444444444444445,6,SLEEP,Z,0.1093223,0.3571044
3/7/7/2/7/5/6/2/7 3 3,X,-0.5555555555555555555555555555,2,SLEEP,Z,0.03997132,0.153602
3/7/7/2/7/5/6/6/6 3 3,X,-0.6111111111111111111111111111,6,SLEEP,Z,0.08531243,0.3656128
3/7/7/2/7/5/6/6/5 3 3,X,-0.5555555555555555555555555555,6,SLEEP,Z,0.1176202,0.33614
3/7/7/2/7/5/6/6/3 3 3,X,0.75,4,SLEEP,Z,0.0973886,0.2625608
3/7/7/2/7/5/6/5/6 3 3,X,-0.6111111111111111111111111111,8,SLEEP,Z,0.08622987,0.3765536
3/7/7/2/7/5/6/5/5 3 3,X,-0.5555555555555555555555555555,6,SLEEP,Z,0.03793715,0.227328
3/7/7/2/7/5/6/5/3 3 3,X,0.75,4,SLEEP,Z,0.03079765,0.125092
3/7/7/2/7/5/6/3/6 3 3,X,-0.6111111111111111111111111111,8,SLEEP,Z,0.06689993,0.2697639
3/7/7/2/7/5/6/3/5 3 3,X,-0.5555555555555555555555555555,6,SLEEP,Z,0.03627042,0.1626161
3/7/7/2/7/5/6/3/3 3 3,X,0.75,4,SLEEP,Z,0.03079435,0.1220283
3/7/7/2/7/5/6/7/4 3 3,X,-0.6111111111111111111111111111,8,SLEEP,Z,0.08143543,0.3651206
3/7/7/2/7/5/6/7/2 3 3,X,-0.5555555555555555555555555555,4,SLEEP,Z,0.05532913,0.2387559
3/7/7/2/7/5/6/7/1 3 3,X,0.75,4,SLEEP,Z,0.03359266,0.1396061
3/7/7/2/7/5/5/2/7 3 3,X,-0.5,4,SLEEP,Z,0.03099857,0.139871
3/7/7/2/7/5/5/6/6 3 3,X,-0.5555555555555555555555555555,6,SLEEP,Z,0.05053277,0.2186185
3/7/7/2/7/5/5/6/5 3 3,X,-0.5,6,SLEEP,Z,0.03610887,0.1576538
3/7/7/2/7/5/5/6/3 3 3,Z,0.5,6,SLEEP,Z,0.04217897,0.1665936
3/7/7/2/7/5/5/5/6 3 3,X,-0.5555555555555555555555555555,6,SLEEP,Z,0.0925749,0.31986
3/7/7/2/7/5/5/5/5 3 3,X,-0.5,6,SLEEP,Z,0.03465317,0.1518525
3/7/7/2/7/5/5/5/3 3 3,X,-0.4444444444444444444444444445,6,SLEEP,Z,0.0293664,0.1372023
3/7/7/2/7/5/5/3/6 3 3,X,-0.5555555555555555555555555555,8,SLEEP,Z,0.03967289,0.1805608
3/7/7/2/7/5/5/3/5 3 3,X,-0.5,4,SLEEP,Z,0.02644839,0.1205143
3/7/7/2/7/5/5/3/3 3 3,Z,-0.5,6,SLEEP,Z,0.06076099,0.2441407
3/7/7/2/7/5/5/7/4 3 3,X,-0.5555555555555555555555555555,6,SLEEP,Z,0.07461577,0.3428384
3/7/7/2/7/5/5/7/2 3 3,X,-0.5,4,SLEEP,Z,0.03187797,0.1421809
3/7/7/2/7/5/5/7/1 3 3,X,-0.4444444444444444444444444445,2,SLEEP,Z,0.02795221,0.1117245
3/7/7/2/7/5/3/2/7 3 3,X,-0.5,4,SLEEP,Z,0.03013786,0.08437783
3/7/7/2/7/5/3/6/6 3 3,X,-0.75,10,SLEEP,Z,0.05101144,0.208427
3/7/7/2/7/5/3/6/5 3 3,X,-0.5,6,SLEEP,Z,0.04796469,0.1533086
3/7/7/2/7/5/3/6/3 3 3,Z,0.5,2,SLEEP,Z,0.02761467,0.08418792
3/7/7/2/7/5/3/5/6 3 3,X,-0.75,6,SLEEP,Z,0.1286042,0.4303233
3/7/7/2/7/5/3/5/5 3 3,X,-0.5,4,SLEEP,Z,0.032773,0.1318458
3/7/7/2/7/5/3/5/3 3 3,X,-0.3888888888888888888888888889,4,SLEEP,Z,0.01864312,0.07311646
3/7/7/2/7/5/3/3/6 3 3,X,-0.75,6,SLEEP,Z,0.04569052,0.1831512
3/7/7/2/7/5/3/3/5 3 3,X,-0.5,6,SLEEP,Z,0.02207709,0.09200769
3/7/7/2/7/5/3/3/3 3 3,Z,-0.5,2,SLEEP,Z,0.03478665,0.1275329
3/7/7/2/7/5/3/7/4 3 3,X,-0.75,4,SLEEP,Z,0.0365584,0.1579238
3/7/7/2/7/5/3/7/2 3 3,X,-0.5,4,SLEEP,Z,0.03373166,0.1319318
3/7/7/2/7/5/3/7/1 3 3,X,-0.3888888888888888888888888889,2,SLEEP,Z,0.01278037,0.05388514
3/7/7/2/7/5/7/2/6 3 3,X,-0.5555555555555555555555555555,8,SLEEP,Z,0.05797312,0.2549054
3/7/7/2/7/5/7/2/5 3 3,X,-0.5,4,SLEEP,Z,0.03126493,0.1291552
3/7/7/2/7/5/7/2/3 3 3,X,-0.4444444444444444444444444445,4,SLEEP,Z,0.02812332,0.1182572
3/7/7/2/7/5/7/6/4 3 3,X,-0.5555555555555555555555555555,4,SLEEP,Z,0.03721086,0.1682949
3/7/7/2/7/5/7/6/2 3 3,X,-0.5,4,SLEEP,Z,0.02671736,0.1157315
3/7/7/2/7/5/7/6/1 3 3,Z,0.5,2,SLEEP,Z,0.02615801,0.110535
3/7/7/2/7/5/7/5/4 3 3,X,-0.5555555555555555555555555555,8,SLEEP,Z,0.06118328,0.341852
3/7/7/2/7/5/7/5/2 3 3,X,-0.5,4,SLEEP,Z,0.03772534,0.1712542
3/7/7/2/7/5/7/5/1 3 3,X,-0.4444444444444444444444444445,2,SLEEP,Z,0.03517418,0.1571967
3/7/7/2/7/5/7/3/4 3 3,X,-0.5555555555555555555555555555,4,SLEEP,Z,0.02865136,0.1267609
3/7/7/2/7/5/7/3/2 3 3,X,-0.5,6,SLEEP,Z,0.03910884,0.1645333
3/7/7/2/7/5/7/3/1 3 3,Z,-0.5,4,SLEEP,Z,0.020152,0.05461023
3/7/7/2/7/3/2/6/7 3 3,Z,-0.6666666666666666666666666667,6,SLEEP,Z,0.03112211,0.129932
3/7/7/2/7/3/2/5/7 3 3,X,-0.5,4,SLEEP,Z,0.03370091,0.1294086
3/7/7/2/7/3/2/3/7 3 3,X,-0.5,6,SLEEP,Z,0.06864946,0.2264608
3/7/7/2/7/3/2/7/6 3 3,X,-0.5555555555555555555555555555,4,SLEEP,Z,0.0557004,0.2357852
3/7/7/2/7/3/2/7/5 3 3,X,-0.5,8,SLEEP,Z,0.1227936,0.3500858
3/7/7/2/7/3/2/7/3 3 3,Z,-0.5,2,SLEEP,Z,0.03151434,0.07052605
3/7/7/2/7/3/6/2/7 3 3,X,-0.5555555555555555555555555555,4,SLEEP,Z,0.03136468,0.1187966
3/7/7/2/7/3/6/6/6 3 3,Z,-0.6666666666666666666666666667,8,SLEEP,Z,0.06860052,0.2969428
3/7/7/2/7/3/6/6/5 3 3,Z,-0.6666666666666666666666666667,4,SLEEP,Z,0.0529733,0.2300177
3/7/7/2/7/3/6/6/3 3 3,X,0.75,4,SLEEP,Z,0.05260446,0.1197945
3/7/7/2/7/3/6/5/6 3 3,X,-0.6111111111111111111111111111,8,SLEEP,Z,0.06578792,0.3061551
3/7/7/2/7/3/6/5/5 3 3,X,-0.5555555555555555555555555555,4,SLEEP,Z,0.04420178,0.1927654
3/7/7/2/7/3/6/5/3 3 3,X,0.75,6,SLEEP,Z,0.03966979,0.149146
3/7/7/2/7/3/6/3/6 3 3,X,-0.6111111111111111111111111111,6,SLEEP,Z,0.08474372,0.3824166
3/7/7/2/7/3/6/3/5 3 3,X,-0.5555555555555555555555555555,8,SLEEP,Z,0.1064313,0.3597896
3/7/7/2/7/3/6/3/3 3 3,X,0.75,6,SLEEP,Z,0.2138946,0.3397509
3/7/7/2/7/3/6/7/4 3 3,X,-0.6111111111111111111111111111,6,SLEEP,Z,0.06965889,0.3190548
3/7/7/2/7/3/6/7/2 3 3,X,-0.5555555555555555555555555555,4,SLEEP,Z,0.04439668,0.1895108
3/7/7/2/7/3/6/7/1 3 3,X,0.75,4,SLEEP,Z,0.02990521,0.1250467
3/7/7/2/7/3/5/2/7 3 3,X,-0.5,4,SLEEP,Z,0.03582692,0.1584484
3/7/7/2/7/3/5/6/6 3 3,Z,-0.6666666666666666666666666667,6,SLEEP,Z,0.04112721,0.1818404
3/7/7/2/7/3/5/6/5 3 3,Z,-0.6666666666666666666666666667,10,SLEEP,Z,0.04391912,0.1776534
3/7/7/2/7/3/5/6/3 3 3,Z,-0.6666666666666666666666666667,4,SLEEP,Z,0.02737162,0.1125891
3/7/7/2/7/3/5/5/6 3 3,X,-0.5555555555555555555555555555,4,SLEEP,Z,0.03581608,0.1618232
3/7/7/2/7/3/5/5/5 3 3,X,-0.5,6,SLEEP,Z,0.04417951,0.1724612
3/7/7/2/7/3/5/5/3 3 3,Z,-0.5,4,SLEEP,Z,0.0439709,0.132302
3/7/7/2/7/3/5/3/6 3 3,X,-0.5555555555555555555555555555,6,SLEEP,Z,0.05944953,0.2468857
3/7/7/2/7/3/5/3/5 3 3,X,-0.5,8,SLEEP,Z,0.0460539,0.1854503
3/7/7/2/7/3/5/3/3 3 3,Z,-0.5,4,SLEEP,Z,0.05214595,0.1520801
3/7/7/2/7/3/5/7/4 3 3,X,-0.5555555555555555555555555555,6,SLEEP,Z,0.04189786,0.1989276
3/7/7/2/7/3/5/7/2 3 3,X,-0.5,4,SLEEP,Z,0.03061113,0.1255596
3/7/7/2/7/3/5/7/1 3 3,Z,-0.5,2,SLEEP,Z,0.05742568,0.198741
3/7/7/2/7/3/3/2/7 3 3,Z,-0.5,6,SLEEP,Z,0.04702887,0.1862134
3/7/7/2/7/3/3/6/6 3 3,X,-0.75,6,SLEEP,Z,0.05689742,0.1826695
3/7/7/2/7/3/3/6/5 3 3,Z,-0.6666666666666666666666666667,6,SLEEP,Z,0.04535937,0.1592966
3/7/7/2/7/3/3/6/3 3 3,Z,-0.6666666666666666666666666667,4,SLEEP,Z,0.05246587,0.1253024
3/7/7/2/7/3/3/5/6 3 3,X,-0.75,4,SLEEP,Z,0.03491751,0.1319288
3/7/7/2/7/3/3/5/5 3 3,Z,-0.5,10,SLEEP,Z,0.03469764,0.1456747
3/7/7/2/7/3/3/5/3 3 3,Z,-0.5,2,SLEEP,Z,0,0
3/7/7/2/7/3/3/3/6 3 3,X,-0.75,6,SLEEP,Z,0.05133521,0.1718873
3/7/7/2/7/3/3/3/5 3 3,X,-0.5,6,SLEEP,Z,0.04077269,0.1429682
3/7/7/2/7/3/3/3/3 3 3,Z,-0.5,4,SLEEP,Z,0.04069313,0.1578544
3/7/7/2/7/3/3/7/4 3 3,X,-0.75,6,SLEEP,Z,0.04198043,0.162476
3/7/7/2/7/3/3/7/2 3 3,Z,-0.5,4,SLEEP,Z,0.03704492,0.1493176
3/7/7/2/7/3/3/7/1 3 3,Z,-0.5,2,SLEEP,Z,0.01519295,0.06195826
3/7/7/2/7/3/7/2/6 3 3,X,-0.5555555555555555555555555555,4,SLEEP,Z,0.0619142,0.2557404
3/7/7/2/7/3/7/2/5 3 3,X,-0.5,4,SLEEP,Z,0.02536647,0.1155199
3/7/7/2/7/3/7/2/3 3 3,Z,-0.5,4,SLEEP,Z,0.03634086,0.1416793
3/7/7/2/7/3/7/6/4 3 3,Z,-0.6666666666666666666666666666,4,SLEEP,Z,0.05763895,0.255222
3/7/7/2/7/3/7/6/2 3 3,Z,-0.6666666666666666666666666666,6,SLEEP,Z,0.07004213,0.2562005
3/7/7/2/7/3/7/6/1 3 3,Z,-0.6666666666666666666666666666,2,SLEEP,Z,0.0444291,0.1135377
3/7/7/2/7/3/7/5/4 3 3,X,-0.5555555555555555555555555555,6,SLEEP,Z,0.04493183,0.2001352
3/7/7/2/7/3/7/5/2 3 3,X,-0.5,12,SLEEP,Z,0.0322777,0.1478277
3/7/7/2/7/3/7/5/1 3 3,Z,-0.5,4,SLEEP,Z,0.02092856,0.09529733
3/7/7/2/7/3/7/3/4 3 3,X,-0.5555555555555555555555555555,6,SLEEP,Z,0.04647323,0.2014885
3/7/7/2/7/3/7/3/2 3 3,X,-0.5,6,SLEEP,Z,0.04568425,0.1666798
3/7/7/2/7/3/7/3/1 3 3,Z,-0.5,6,SLEEP,Z,0.07582547,0.2879831
3/7/7/2/7/7/2/2/7 3 3,X,-0.5,6,SLEEP,Z,0.08595133,0.2479707
3/7/7/2/7/7/2/6/6 3 3,X,-0.5555555555555555555555555555,6,SLEEP,Z,0.04139922,0.1845745
3/7/7/2/7/7/2/6/5 3 3,X,-0.5,6,SLEEP,Z,0.04036181,0.115142
3/7/7/2/7/7/2/6/3 3 3,X,0.5,4,SLEEP,Z,0.03248198,0.1180087
3/7/7/2/7/7/2/5/6 3 3,X,-0.5555555555555555555555555555,6,SLEEP,Z,0.04529095,0.1913598
3/7/7/2/7/7/2/5/5 3 3,X,-0.5,4,SLEEP,Z,0.0316205,0.1268118
3/7/7/2/7/7/2/5/3 3 3,X,0.5,4,SLEEP,Z,0.01850282,0.06328414
3/7/7/2/7/7/2/3/6 3 3,X,-0.5555555555555555555555555555,6,SLEEP,Z,0.04809405,0.1825081
3/7/7/2/7/7/2/3/5 3 3,X,-0.5,6,SLEEP,Z,0.0438104,0.1847999
3/7/7/2/7/7/2/3/3 3 3,X,0.5,6,SLEEP,Z,0.04078941,0.1338673
3/7/7/2/7/7/2/7/4 3 3,X,-0.5555555555555555555555555555,6,SLEEP,Z,0.1176304,0.381689
3/7/7/2/7/7/2/7/2 3 3,X,-0.5,6,SLEEP,Z,0.06501818,0.2260002
3/7/7/2/7/7/2/7/1 3 3,X,0.5,4,SLEEP,Z,0.02562104,0.09912085
3/7/7/2/7/7/6/2/6 3 3,X,-0.6111111111111111111111111111,6,SLEEP,Z,0.06176925,0.2760149
3/7/7/2/7/7/6/2/5 3 3,X,-0.5555555555555555555555555555,6,SLEEP,Z,0.02975868,0.1177282
3/7/7/2/7/7/6/2/3 3 3,X,0.8333333333333333333333333333,2,SLEEP,Z,0.02967908,0.09440809
3/7/7/2/7/7/6/6/4 3 3,X,-0.6111111111111111111111111111,8,SLEEP,Z,0.09533725,0.3907043
3/7/7/2/7/7/6/6/2 3 3,X,-0.5555555555555555555555555555,4,SLEEP,Z,0.04399692,0.1984594
3/7/7/2/7/7/6/6/1 3 3,X,0.8333333333333333333333333333,4,SLEEP,Z,0.0439395,0.1333157
3/7/7/2/7/7/6/5/4 3 3,X,-0.6111111111111111111111111111,8,SLEEP,Z,0.05948783,0.274074
3/7/7/2/7/7/6/5/2 3 3,X,-0.5555555555555555555555555555,2,SLEEP,Z,0.0339998,0.1406566
3/7/7/2/7/7/6/5/1 3 3,X,0.8333333333333333333333333333,2,SLEEP,Z,0.02584847,0.09455196
3/7/7/2/7/7/6/3/4 3 3,X,-0.6111111111111111111111111111,8,SLEEP,Z,0.06820951,0.2979825
3/7/7/2/7/7/6/3/2 3 3,X,-0.5555555555555555555555555555,6,SLEEP,Z,0.04736654,0.2021338
3/7/7/2/7/7/6/3/1 3 3,X,0.8333333333333333333333333333,4,SLEEP,Z,0.03057748,0.1250958
3/7/7/2/7/7/5/2/6 3 3,X,-0.5555555555555555555555555555,6,SLEEP,Z,0.06868203,0.3096406
3/7/7/2/7/7/5/2/5 3 3,X,-0.5,6,SLEEP,Z,0.04792027,0.2322338
3/7/7/2/7/7/5/2/3 3 3,X,-0.4444444444444444444444444445,4,SLEEP,Z,0.04066117,0.07678993
3/7/7/2/7/7/5/6/4 3 3,X,-0.5555555555555555555555555555,4,SLEEP,Z,0.05443753,0.1832991
3/7/7/2/7/7/5/6/2 3 3,X,-0.5,6,SLEEP,Z,0.05201779,0.2098184
3/7/7/2/7/7/5/6/1 3 3,Z,0.5,6,SLEEP,Z,0.04719517,0.1947575
3/7/7/2/7/7/5/5/4 3 3,X,-0.5555555555555555555555555555,6,SLEEP,Z,0.07521145,0.3577697
3/7/7/2/7/7/5/5/2 3 3,X,-0.5,2,SLEEP,Z,0.03025127,0.1340448
3/7/7/2/7/7/5/5/1 3 3,X,-0.4444444444444444444444444445,2,SLEEP,Z,0.04433361,0.2261477
3/7/7/2/7/7/5/3/4 3 3,X,-0.5555555555555555555555555555,4,SLEEP,Z,0.06528086,0.2778279
3/7/7/2/7/7/5/3/2 3 3,X,-0.5,4,SLEEP,Z,0.05491878,0.2369622
3/7/7/2/7/7/5/3/1 3 3,Z,-0.5,4,SLEEP,Z,0.03307847,0.1523121
3/7/7/2/7/7/3/2/6 3 3,X,-0.8333333333333333333333333333,4,SLEEP,Z,0.04068508,0.1756135
3/7/7/2/7/7/3/2/5 3 3,X,-0.5,2,SLEEP,Z,0.02034424,0.08467244
3/7/7/2/7/7/3/2/3 3 3,X,-0.3888888888888888888888888889,6,SLEEP,Z,0.05710925,0.1399186
3/7/7/2/7/7/3/6/4 3 3,X,-0.8333333333333333333333333333,8,SLEEP,Z,0.07643256,0.2982147
3/7/7/2/7/7/3/6/2 3 3,X,-0.5,6,SLEEP,Z,0.0429071,0.189556
3/7/7/2/7/7/3/6/1 3 3,Z,0.5,2,SLEEP,Z,0.02311369,0.1011597
3/7/7/2/7/7/3/5/4 3 3,X,-0.8333333333333333333333333333,4,SLEEP,Z,0.05072358,0.2027642
3/7/7/2/7/7/3/5/2 3 3,X,-0.5,6,SLEEP,Z,0.03669139,0.156239
3/7/7/2/7/7/3/5/1 3 3,X,-0.3888888888888888888888888889,2,SLEEP,Z,0,0
3/7/7/2/7/7/3/3/4 3 3,X,-0.8333333333333333333333333333,4,SLEEP,Z,0.05535464,0.1738496
3/7/7/2/7/7/3/3/2 3 3,X,-0.5,6,SLEEP,Z,0.07239078,0.3511645
3/7/7/2/7/7/3/3/1 3 3,Z,-0.5,4,SLEEP,Z,0.02187467,0.07799745
3/7/7/2/7/7/7/2/4 3 3,X,-0.5555555555555555555555555555,10,SLEEP,Z,0.08618611,0.3607778
3/7/7/2/7/7/7/2/2 3 3,X,-0.5,2,SLEEP,Z,0.02094666,0.09388752
3/7/7/2/7/7/7/2/1 3 3,X,-0.4444444444444444444444444445,2,SLEEP,Z,0,0
3/7/7/6/2/2/6/7/7 3 3,X,-0.5555555555555555555555555555,4,SLEEP,Z,0.05304174,0.2010396
3/7/7/6/2/2/5/7/7 3 3,X,-0.5,4,SLEEP,Z,0.03878507,0.1318262
3/7/7/6/2/2/3/7/7 3 3,Z,0.5,6,SLEEP,Z,0.03095524,0.08969019
3/7/7/6/2/2/7/6/7 3 3,X,-0.5,4,SLEEP,Z,0.1183568,0.2387799
3/7/7/6/2/2/7/5/7 3 3,X,-0.5,8,SLEEP,Z,0.04279741,0.1457567
3/7/7/6/2/2/7/3/7 3 3,Z,0.6,8,SLEEP,Z,0.06737525,0.2062132
3/7/7/6/2/2/7/7/6 3 3,X,-0.5555555555555555555555555555,4,SLEEP,Z,0.06398899,0.230254
3/7/7/6/2/2/7/7/5 3 3,X,-0.5,6,SLEEP,Z,0.04112297,0.1207485
3/7/7/6/2/2/7/7/3 3 3,Z,0.5,4,SLEEP,Z,0.01940457,0.0621973
3/7/7/6/2/6/2/7/7 3 3,X,-0.5,6,SLEEP,Z,0.05390431,0.1639542
3/7/7/6/2/6/6/6/7 3 3,X,-0.5555555555555555555555555555,4,SLEEP,Z,0.04297652,0.1733243
3/7/7/6/2/6/6/5/7 3 3,X,-0.5555555555555555555555555555,4,SLEEP,Z,0.07128787,0.1703977
3/7/7/6/2/6/6/3/7 3 3,Z,0.6428571428571428571428571429,6,SLEEP,Z,0.05840801,0.2059094
3/7/7/6/2/6/6/7/6 3 3,X,-0.6111111111111111111111111112,8,SLEEP,Z,0.07217664,0.2952562
3/7/7/6/2/6/6/7/5 3 3,X,-0.5555555555555555555555555555,6,SLEEP,Z,0.1011435,0.2846217
3/7/7/6/2/6/6/7/3 3 3,X,0.7,6,SLEEP,Z,0.1142239,0.2140424
3/7/7/6/2/6/5/6/7 3 3,X,-0.5,2,SLEEP,Z,0.0349335,0.1372449
3/7/7/6/2/6/5/5/7 3 3,X,-0.5,6,SLEEP,Z,0.1133568,0.2645301
3/7/7/6/2/6/5/3/7 3 3,Z,0.6428571428571428571428571429,6,SLEEP,Z,0.04246873,0.1436012
3/7/7/6/2/6/5/7/6 3 3,X,-0.5555555555555555555555555555,6,SLEEP,Z,0.04565407,0.1394297
3/7/7/6/2/6/5/7/5 3 3,X,-0.5,4,SLEEP,Z,0.03127937,0.1161282
3/7/7/6/2/6/5/7/3 3 3,Z,0.5,4,SLEEP,Z,0.04194075,0.08606503
3/7/7/6/2/6/3/6/7 3 3,X,-0.5,4,SLEEP,Z,0.0586241,0.1216125
3/7/7/6/2/6/3/5/7 3 3,Z,0.5,6,SLEEP,Z,0.05908206,0.10247
3/7/7/6/2/6/3/3/7 3 3,Z,0.6428571428571428571428571429,6,SLEEP,Z,0.04629373,0.1256335
3/7/7/6/2/6/3/7/6 3 3,X,-0.7,4,SLEEP,Z,0.04286864,0.1433236
3/7/7/6/2/6/3/7/5 3 3,Z,0.5,4,SLEEP,Z,0.03088889,0.1110158
3/7/7/6/2/6/3/7/3 3 3,Z,0.5,2,SLEEP,Z,0.06032428,0.1345161
3/7/7/6/2/6/7/2/7 3 3,X,-0.5,4,SLEEP,Z,0.03713048,0.1372121
3/7/7/6/2/6/7/6/6 3 3,X,-0.5555555555555555555555555555,6,SLEEP,Z,0.08921128,0.3071184
3/7/7/6/2/6/7/6/5 3 3,X,-0.5,4,SLEEP,Z,0.02947838,0.103683
3/7/7/6/2/6/7/6/3 3 3,Z,0.5,2,SLEEP,Z,0.04882675,0.1048058
3/7/7/6/2/6/7/5/6 3 3,X,-0.5555555555555555555555555555,6,SLEEP,Z,0.0633781,0.2430127
3/7/7/6/2/6/7/5/5 3 3,X,-0.5,4,SLEEP,Z,0.1029455,0.222768
3/7/7/6/2/6/7/5/3 3 3,Z,0.5,6,SLEEP,Z,0.09580058,0.1484095
3/7/7/6/2/6/7/3/6 3 3,Z,0.6428571428571428571428571429,6,SLEEP,Z,0.04875338,0.1965834
3/7/7/6/2/6/7/3/5 3 3,Z,0.6428571428571428571428571429,6,SLEEP,Z,0.05945849,0.1889956
3/7/7/6/2/6/7/3/3 3 3,Z,0.6428571428571428571428571429,6,SLEEP,Z,0.04499966,0.1626197
3/7/7/6/2/6/7/7/4 3 3,X,-0.5555555555555555555555555555,6,SLEEP,Z,0.05555997,0.220478
3/7/7/6/2/6/7/7/2 3 3,X,-0.5,4,SLEEP,Z,0.04854722,0.1489102
3/7/7/6/2/6/7/7/1 3 3,Z,0.5,4,SLEEP,Z,0.02625537,0.09786873
3/7/7/6/2/5/2/7/7 3 3,X,-0.5,4,SLEEP,Z,0.04416872,0.1516374
3/7/7/6/2/5/6/6/7 3 3,X,-0.5555555555555555555555555555,4,SLEEP,Z,0.04830981,0.1890099
3/7/7/6/2/5/6/5/7 3 3,X,-0.5555555555555555555555555555,6,SLEEP,Z,0.04620619,0.1784632
3/7/7/6/2/5/6/3/7 3 3,Z,0.6,6,SLEEP,Z,0.06454518,0.1987953
3/7/7/6/2/5/6/7/6 3 3,X,-0.6111111111111111111111111112,8,SLEEP,Z,0.09211698,0.3492407
3/7/7/6/2/5/6/7/5 3 3,X,-0.5555555555555555555555555555,6,SLEEP,Z,0.06499904,0.2626037
3/7/7/6/2/5/6/7/3 3 3,X,0.7,4,SLEEP,Z,0.04232555,0.1232808
3/7/7/6/2/5/5/6/7 3 3,X,-0.5,4,SLEEP,Z,0.0435761,0.1992693
3/7/7/6/2/5/5/5/7 3 3,X,-0.5,4,SLEEP,Z,0.05087378,0.1062967
3/7/7/6/2/5/5/3/7 3 3,Z,0.6,6,SLEEP,Z,0.1204968,0.3203604
3/7/7/6/2/5/5/7/6 3 3,X,-0.5555555555555555555555555555,6,SLEEP,Z,0.0971026,0.289304
3/7/7/6/2/5/5/7/5 3 3,X,-0.5,2,SLEEP,Z,0.02939685,0.1107136
3/7/7/6/2/5/5/7/3 3 3,Z,0.5,4,SLEEP,Z,0.06358988,0.1529339
3/7/7/6/2/5/3/6/7 3 3,X,-0.5,2,SLEEP,Z,0.03199968,0.0614066
3/7/7/6/2/5/3/5/7 3 3,Z,0.5,6,SLEEP,Z,0.0367992,0.1272982
3/7/7/6/2/5/3/3/7 3 3,Z,0.6,6,SLEEP,Z,0.03841371,0.1117309
3/7/7/6/2/5/3/7/6 3 3,X,-0.7,4,SLEEP,Z,0.03627538,0.1167423
3/7/7/6/2/5/3/7/5 3 3,Z,0.5,6,SLEEP,Z,0.02668979,0.08975474
3/7/7/6/2/5/3/7/3 3 3,Z,0.5,2,SLEEP,Z,0.022357,0.07970486
3/7/7/6/2/5/7/2/7 3 3,X,-0.5,6,SLEEP,Z,0.04150382,0.1519459
3/7/7/6/2/5/7/6/6 3 3,X,-0.5555555555555555555555555555,4,SLEEP,Z,0.04996357,0.2082795
3/7/7/6/2/5/7/6/5 3 3,X,-0.5,4,SLEEP,Z,0.04575524,0.161862
3/7/7/6/2/5/7/6/3 3 3,Z,0.5,2,SLEEP,Z,0.01744015,0.0629095
3/7/7/6/2/5/7/5/6 3 3,X,-0.5555555555555555555555555555,6,SLEEP,Z,0.05494741,0.2142604
3/7/7/6/2/5/7/5/5 3 3,X,-0.5,6,SLEEP,Z,0.04071626,0.155104
3/7/7/6/2/5/7/5/3 3 3,Z,0.5,4,SLEEP,Z,0.03158641,0.10252
3/7/7/6/2/5/7/3/6 3 3,Z,0.6,6,SLEEP,Z,0.0949549,0.2777535
3/7/7/6/2/5/7/3/5 3 3,Z,0.6,6,SLEEP,Z,0.04459951,0.1679711
3/7/7/6/2/5/7/3/3 3 3,Z,0.6,12,SLEEP,Z,0.04013115,0.1332948
3/7/7/6/2/5/7/7/4 3 3,X,-0.5555555555555555555555555555,4,SLEEP,Z,0.06652921,0.2744482
3/7/7/6/2/5/7/7/2 3 3,X,-0.5,4,SLEEP,Z,0.04736597,0.1453917
3/7/7/6/2/5/7/7/1 3 3,Z,0.5,2,SLEEP,Z,0.02468769,0.09150666
3/7/7/6/2/3/2/7/7 3 3,Z,0.6,6,SLEEP,Z,0.04683051,0.1489342
3/7/7/6/2/3/6/6/7 3 3,Z,-0.6428571428571428571428571429,8,SLEEP,Z,0.09039935,0.1795672
3/7/7/6/2/3/6/5/7 3 3,Z,0.6,6,SLEEP,Z,0.07367925,0.2422646
3/7/7/6/2/3/6/3/7 3 3,Z,0.7000000000000000000000000001,8,SLEEP,Z,0.08680227,0.3146397
3/7/7/6/2/3/6/7/6 3 3,X,-0.6111111111111111111111111112,10,SLEEP,Z,0.1073373,0.4439002
3/7/7/6/2/3/6/7/5 3 3,Z,0.6,2,SLEEP,Z,0.05065594,0.1698729
3/7/7/6/2/3/6/7/3 3 3,X,0.7,4,SLEEP,Z,0.07609642,0.1418503
3/7/7/6/2/3/5/6/7 3 3,Z,-0.6428571428571428571428571429,2,SLEEP,Z,0.05633518,0.1367586
3/7/7/6/2/3/5/5/7 3 3,Z,0.6,8,SLEEP,Z,0.142545,0.378601
3/7/7/6/2/3/5/3/7 3 3,Z,0.7000000000000000000000000001,4,SLEEP,Z,0.0582086,0.2060599
3/7/7/6/2/3/5/7/6 3 3,Z,0.6,8,SLEEP,Z,0.08934924,0.3270363
3/7/7/6/2/3/5/7/5 3 3,Z,0.6,4,SLEEP,Z,0.04210963,0.1316852
3/7/7/6/2/3/5/7/3 3 3,Z,0.6,6,SLEEP,Z,0.07891596,0.1842255
3/7/7/6/2/3/3/6/7 3 3,Z,-0.6428571428571428571428571429,2,SLEEP,Z,0.01602357,0.05295844
3/7/7/6/2/3/3/5/7 3 3,Z,0.6,6,SLEEP,Z,0.06771025,0.1796459
3/7/7/6/2/3/3/3/7 3 3,Z,0.7000000000000000000000000001,6,SLEEP,Z,0.04144087,0.1364038
3/7/7/6/2/3/3/7/6 3 3,X,-0.7,8,SLEEP,Z,0.09339909,0.3143616
3/7/7/6/2/3/3/7/5 3 3,Z,0.6,4,SLEEP,Z,0.02434192,0.07248676
3/7/7/6/2/3/3/7/3 3 3,Z,0.6,8,SLEEP,Z,0.04132076,0.09406818
3/7/7/6/2/3/7/2/7 3 3,Z,0.6,2,SLEEP,Z,0.0299078,0.1240628
3/7/7/6/2/3/7/6/6 3 3,Z,-0.6428571428571428571428571429,8,SLEEP,Z,0.07685428,0.3034824
3/7/7/6/2/3/7/6/5 3 3,Z,-0.6428571428571428571428571429,4,SLEEP,Z,0.03783825,0.1302261
3/7/7/6/2/3/7/6/3 3 3,Z,-0.6428571428571428571428571429,4,SLEEP,Z,0.02501774,0.07841089
3/7/7/6/2/3/7/5/6 3 3,Z,0.6,6,SLEEP,Z,0.05165883,0.1692202
3/7/7/6/2/3/7/5/5 3 3,Z,0.6,4,SLEEP,Z,0.02825399,0.1101162
3/7/7/6/2/3/7/5/3 3 3,Z,0.6,2,SLEEP,Z,0,0
3/7/7/6/2/3/7/3/6 3 3,Z,0.7000000000000000000000000001,8,SLEEP,Z,0.07116912,0.2940797
3/7/7/6/2/3/7/3/5 3 3,Z,0.7000000000000000000000000001,6,SLEEP,Z,0.05379831,0.1754908
3/7/7/6/2/3/7/3/3 3 3,Z,0.7000000000000000000000000001,6,SLEEP,Z,0.05817027,0.1703261
3/7/7/6/2/3/7/7/4 3 3,Z,0.6,6,SLEEP,Z,0.06678613,0.2514989
3/7/7/6/2/3/7/7/2 3 3,Z,0.6,6,SLEEP,Z,0.0407664,0.1431125
3/7/7/6/2/3/7/7/1 3 3,Z,0.6,4,SLEEP,Z,0.03497223,0.1139845
3/7/7/6/2/7/2/6/7 3 3,X,-0.5,4,SLEEP,Z,0.1255153,0.2740963
3/7/7/6/2/7/2/5/7 3 3,X,-0.5,4,SLEEP,Z,0.1329988,0.2974178
3/7/7/6/2/7/2/3/7 3 3,Z,0.6,6,SLEEP,Z,0.07197817,0.1747334
3/7/7/6/2/7/2/7/6 3 3,X,-0.5555555555555555555555555555,6,SLEEP,Z,0.06500683,0.2457301
3/7/7/6/2/7/2/7/5 3 3,X,-0.5,4,SLEEP,Z,0.04219002,0.1506722
3/7/7/6/2/7/2/7/3 3 3,Z,0.5,4,SLEEP,Z,0.03118774,0.1007238
3/7/7/6/2/7/6/2/7 3 3,X,-0.5555555555555555555555555555,6,SLEEP,Z,0.05349474,0.2174018
3/7/7/6/2/7/6/6/6 3 3,X,-0.6111111111111111111111111112,12,SLEEP,Z,0.09145379,0.3560152
3/7/7/6/2/7/6/6/5 3 3,X,-0.5555555555555555555555555555,8,SLEEP,Z,0.1498158,0.4057159
3/7/7/6/2/7/6/6/3 3 3,X,0.75,4,SLEEP,Z,0.02988776,0.1179095
3/7/7/6/2/7/6/5/6 3 3,X,-0.6111111111111111111111111112,8,SLEEP,Z,0.1192957,0.4482705
3/7/7/6/2/7/6/5/5 3 3,X,-0.5555555555555555555555555555,4,SLEEP,Z,0.1152887,0.3462763
3/7/7/6/2/7/6/5/3 3 3,X,0.75,6,SLEEP,Z,0.1321152,0.3565986
3/7/7/6/2/7/6/3/6 3 3,X,-0.6111111111111111111111111112,10,SLEEP,Z,0.08660585,0.3484674
3/7/7/6/2/7/6/3/5 3 3,Z,0.6,8,SLEEP,Z,0.07607705,0.2596651
3/7/7/6/2/7/6/3/3 3 3,X,0.75,4,SLEEP,Z,0.0328469,0.1026214
3/7/7/6/2/7/6/7/4 3 3,X,-0.6111111111111111111111111112,8,SLEEP,Z,0.1286076,0.4729439
3/7/7/6/2/7/6/7/2 3 3,X,-0.5555555555555555555555555555,6,SLEEP,Z,0.08305002,0.3018555
3/7/7/6/2/7/6/7/1 3 3,X,0.75,4,SLEEP,Z,0.04138865,0.1752416
3/7/7/6/2/7/5/2/7 3 3,X,-0.5,4,SLEEP,Z,0.05042579,0.1794702
3/7/7/6/2/7/5/6/6 3 3,X,-0.5555555555555555555555555555,4,SLEEP,Z,0.04894069,0.1605911
3/7/7/6/2/7/5/6/5 3 3,X,-0.5,4,SLEEP,Z,0.03988579,0.1312084
3/7/7/6/2/7/5/6/3 3 3,Z,0.5,2,SLEEP,Z,0.01997093,0.05979095
3/7/7/6/2/7/5/5/6 3 3,X,-0.5555555555555555555555555555,6,SLEEP,Z,0.1053386,0.3679826
3/7/7/6/2/7/5/5/5 3 3,X,-0.5,6,SLEEP,Z,0.04479899,0.1742661
3/7/7/6/2/7/5/5/3 3 3,Z,0.5,2,SLEEP,Z,0.02133363,0.06875211
3/7/7/6/2/7/5/3/6 3 3,Z,0.6,6,SLEEP,Z,0.1146411,0.3801057
3/7/7/6/2/7/5/3/5 3 3,Z,0.6,8,SLEEP,Z,0.07109623,0.2166214
3/7/7/6/2/7/5/3/3 3 3,Z,0.6,4,SLEEP,Z,0.05981255,0.2022344
3/7/7/6/2/7/5/7/4 3 3,X,-0.5555555555555555555555555555,4,SLEEP,Z,0.04954101,0.1826325
3/7/7/6/2/7/5/7/2 3 3,X,-0.5,4,SLEEP,Z,0.03970475,0.1417068
3/7/7/6/2/7/5/7/1 3 3,Z,0.5,6,SLEEP,Z,0.07108226,0.2082301
3/7/7/6/2/7/3/2/7 3 3,Z,0.5,8,SLEEP,Z,0.1318207,0.3658882
3/7/7/6/2/7/3/6/6 3 3,X,-0.75,4,SLEEP,Z,0.04487688,0.1757485
3/7/7/6/2/7/3/6/5 3 3,X,-0.5,4,SLEEP,Z,0.03005284,0.09557046
3/7/7/6/2/7/3/6/3 3 3,Z,0.5,2,SLEEP,Z,0.0203017,0.04590082
3/7/7/6/2/7/3/5/6 3 3,X,-0.75,6,SLEEP,Z,0.07229689,0.2398273
3/7/7/6/2/7/3/5/5 3 3,Z,0.5,2,SLEEP,Z,0.02197983,0.082836
3/7/7/6/2/7/3/5/3 3 3,Z,0.5,2,SLEEP,Z,0.1281869,0.3354234
3/7/7/6/2/7/3/3/6 3 3,X,-0.75,6,SLEEP,Z,0.06933229,0.2014297
3/7/7/6/2/7/3/3/5 3 3,Z,0.6,4,SLEEP,Z,0.04334579,0.1450135
3/7/7/6/2/7/3/3/3 3 3,Z,0.6,4,SLEEP,Z,0.04826003,0.15595
3/7/7/6/2/7/3/7/4 3 3,X,-0.75,4,SLEEP,Z,0.04411667,0.17404
3/7/7/6/2/7/3/7/2 3 3,Z,0.5,6,SLEEP,Z,0.03442644,0.1243287
3/7/7/6/2/7/3/7/1 3 3,Z,0.5,4,SLEEP,Z,0.02681653,0.09616639
3/7/7/6/2/7/7/2/6 3 3,X,-0.5555555555555555555555555555,6,SLEEP,Z,0.041075,0.1590437
3/7/7/6/2/7/7/2/5 3 3,X,-0.5,6,SLEEP,Z,0.04163269,0.1516143
3/7/7/6/2/7/7/2/3 3 3,Z,0.5,2,SLEEP,Z,0.03233677,0.08580211
3/7/7/6/2/7/7/6/4 3 3,X,-0.5555555555555555555555555555,6,SLEEP,Z,0.08804715,0.3397886
3/7/7/6/2/7/7/6/2 3 3,X,-0.5,4,SLEEP,Z,0.03643424,0.1458116
3/7/7/6/2/7/7/6/1 3 3,Z,0.5,2,SLEEP,Z,0.02147693,0.07950235
3/7/7/6/2/7/7/5/4 3 3,X,-0.5555555555555555555555555555,4,SLEEP,Z,0.04129941,0.1656106
3/7/7/6/2/7/7/5/2 3 3,X,-0.5,6,SLEEP,Z,0.1013053,0.2555648
3/7/7/6/2/7/7/5/1 3 3,Z,0.5,4,SLEEP,Z,0.03272983,0.08970882
3/7/7/6/2/7/7/3/4 3 3,Z,0.6,6,SLEEP,Z,0.08187295,0.2999405
3/7/7/6/2/7/7/3/2 3 3,Z,0.6,8,SLEEP,Z,0.1255337,0.3318029
3/7/7/6/2/7/7/3/1 3 3,Z,0.6,4,SLEEP,Z,0.03885652,0.1361199
3/7/7/6/6/2/2/7/7 3 3,X,-0.5555555555555555555555555555,4,SLEEP,Z,0.04093141,0.1400767
3/7/7/6/6/2/6/6/7 3 3,X,-0.6111111111111111111111111112,6,SLEEP,Z,0.1771896,0.370362
3/7/7/6/6/2/6/5/7 3 3,X,-0.6111111111111111111111111112,8,SLEEP,Z,0.1534573,0.3628833
3/7/7/6/6/2/6/3/7 3 3,X,-0.6111111111111111111111111112,8,SLEEP,Z,0.06089142,0.2030478
3/7/7/6/6/2/6/7/6 3 3,X,-0.6666666666666666666666666667,8,SLEEP,Z,0.06856372,0.308535
3/7/7/6/6/2/6/7/5 3 3,X,-0.6111111111111111111111111112,6,SLEEP,Z,0.0526853,0.2029342
3/7/7/6/6/2/6/7/3 3 3,X,0.7,4,SLEEP,Z,0.03195279,0.1125729
3/7/7/6/6/2/5/6/7 3 3,X,-0.5555555555555555555555555555,4,SLEEP,Z,0.1135381,0.2536887
3/7/7/6/6/2/5/5/7 3 3,X,-0.5555555555555555555555555555,2,SLEEP,Z,0.05161349,0.1166885
3/7/7/6/6/2/5/3/7 3 3,Z,0.60,8,SLEEP,Z,0.1480047,0.3345959
3/7/7/6/6/2/5/7/6 3 3,X,-0.6111111111111111111111111112,6,SLEEP,Z,0.06181559,0.2623148
3/7/7/6/6/2/5/7/5 3 3,X,-0.5555555555555555555555555555,4,SLEEP,Z,0.04164572,0.1044316
3/7/7/6/6/2/5/7/3 3 3,X,0.625,4,SLEEP,Z,0.03606106,0.09242831
3/7/7/6/6/2/3/6/7 3 3,X,0.625,4,SLEEP,Z,0.1121513,0.2127907
3/7/7/6/6/2/3/5/7 3 3,X,0.625,2,SLEEP,Z,0.04636585,0.08186404
3/7/7/6/6/2/3/3/7 3 3,X,0.625,8,SLEEP,Z,0.07868762,0.1916295
3/7/7/6/6/2/3/7/6 3 3,X,-0.7,4,SLEEP,Z,0.03628882,0.1130453
3/7/7/6/6/2/3/7/5 3 3,X,0.625,4,SLEEP,Z,0.02857863,0.09493781
3/7/7/6/6/2/3/7/3 3 3,X,0.75,2,SLEEP,Z,0.01907162,0.05153681
3/7/7/6/6/2/7/2/7 3 3,X,-0.5555555555555555555555555555,6,SLEEP,Z,0.03130881,0.1069807
3/7/7/6/6/2/7/6/6 3 3,X,-0.6111111111111111111111111112,4,SLEEP,Z,0.05510649,0.2318811
3/7/7/6/6/2/7/6/5 3 3,X,-0.5555555555555555555555555555,4,SLEEP,Z,0.151492,0.3204232
3/7/7/6/6/2/7/6/3 3 3,X,0.625,2,SLEEP,Z,0.01403506,0.04817083
3/7/7/6/6/2/7/5/6 3 3,X,-0.6111111111111111111111111112,6,SLEEP,Z,0.09544137,0.2914293
3/7/7/6/6/2/7/5/5 3 3,X,-0.5555555555555555555555555555,4,SLEEP,Z,0.1410978,0.3421152
3/7/7/6/6/2/7/5/3 3 3,X,0.625,4,SLEEP,Z,0.03517621,0.112509
3/7/7/6/6/2/7/3/6 3 3,X,-0.6111111111111111111111111112,8,SLEEP,Z,0.07124231,0.2436549
3/7/7/6/6/2/7/3/5 3 3,Z,0.60,6,SLEEP,Z,0.054037,0.1814482
3/7/7/6/6/2/7/3/3 3 3,X,0.625,4,SLEEP,Z,0.04026269,0.1219672
3/7/7/6/6/2/7/7/4 3 3,X,-0.6111111111111111111111111112,6,SLEEP,Z,0.04928042,0.2055798
3/7/7/6/6/2/7/7/2 3 3,X,-0.5555555555555555555555555555,4,SLEEP,Z,0.03842379,0.1485787
3/7/7/6/6/2/7/7/1 3 3,X,0.625,4,SLEEP,Z,0.1053848,0.2320254
3/7/7/6/6/6/2/6/7 3 3,X,-0.5555555555555555555555555555,2,SLEEP,Z,0.06105698,0.1610248
3/7/7/6/6/6/2/5/7 3 3,X,-0.5555555555555555555555555555,6,SLEEP,Z,0.1321334,0.2639297
3/7/7/6/6/6/2/3/7 3 3,Z,0.6666666666666666666666666667,2,SLEEP,Z,0.07873487,0.1589942
3/7/7/6/6/6/2/7/6 3 3,X,-0.6111111111111111111111111112,10,SLEEP,Z,0.06855384,0.2690361
3/7/7/6/6/6/2/7/5 3 3,X,-0.5555555555555555555555555555,4,SLEEP,Z,0.04268387,0.1324914
3/7/7/6/6/6/2/7/3 3 3,X,0.625,2,SLEEP,Z,0.02729589,0.08455907
3/7/7/6/6/6/6/2/7 3 3,X,-0.6111111111111111111111111112,6,SLEEP,Z,0.06161363,0.194374
3/7/7/6/6/6/6/6/6 3 3,X,-0.6666666666666666666666666667,6,SLEEP,Z,0.06457283,0.261131
3/7/7/6/6/6/6/6/5 3 3,X,-0.6111111111111111111111111112,6,SLEEP,Z,0.08043628,0.2844928
3/7/7/6/6/6/6/6/3 3 3,X,0.75,4,SLEEP,Z,0.03244935,0.1348348
3/7/7/6/6/6/6/5/6 3 3,X,-0.6666666666666666666666666667,10,SLEEP,Z,0.1139122,0.3928528
3/7/7/6/6/6/6/5/5 3 3,X,-0.6111111111111111111111111112,6,SLEEP,Z,0.06355022,0.2544273
3/7/7/6/6/6/6/5/3 3 3,X,0.75,2,SLEEP,Z,0.023453,0.1004297
3/7/7/6/6/6/6/3/6 3 3,X,-0.6666666666666666666666666667,8,SLEEP,Z,0.07315281,0.3043595
3/7/7/6/6/6/6/3/5 3 3,Z,0.6666666666666666666666666667,6,SLEEP,Z,0.06675635,0.2730509
3/7/7/6/6/6/6/3/3 3 3,X,0.75,4,SLEEP,Z,0.03251796,0.1096566
3/7/7/6/6/6/6/7/4 3 3,X,-0.6666666666666666666666666667,8,SLEEP,Z,0.06732199,0.3135545
3/7/7/6/6/6/6/7/2 3 3,X,-0.6111111111111111111111111112,6,SLEEP,Z,0.1521949,0.3595958
3/7/7/6/6/6/6/7/1 3 3,X,0.75,4,SLEEP,Z,0.04524947,0.1370991
3/7/7/6/6/6/5/2/7 3 3,X,-0.5555555555555555555555555555,4,SLEEP,Z,0.03592497,0.1500961
3/7/7/6/6/6/5/6/6 3 3,X,-0.6111111111111111111111111112,4,SLEEP,Z,0.04612911,0.1977315
3/7/7/6/6/6/5/6/5 3 3,X,-0.5555555555555555555555555555,4,SLEEP,Z,0.1076778,0.2764476
3/7/7/6/6/6/5/6/3 3 3,X,0.625,4,SLEEP,Z,0.1444762,0.1898499
3/7/7/6/6/6/5/5/6 3 3,X,-0.6111111111111111111111111112,6,SLEEP,Z,0.06829909,0.2736868
3/7/7/6/6/6/5/5/5 3 3,X,-0.5555555555555555555555555555,4,SLEEP,Z,0.1260986,0.2892071
3/7/7/6/6/6/5/5/3 3 3,X,0.625,2,SLEEP,Z,0.01543608,0.06966129
3/7/7/6/6/6/5/3/6 3 3,Z,0.6666666666666666666666666667,6,SLEEP,Z,0.08360645,0.2798254
3/7/7/6/6/6/5/3/5 3 3,Z,0.6666666666666666666666666667,4,SLEEP,Z,0.04848482,0.1957151
3/7/7/6/6/6/5/3/3 3 3,Z,0.6666666666666666666666666667,6,SLEEP,Z,0.1391816,0.3842545
3/7/7/6/6/6/5/7/4 3 3,X,-0.6111111111111111111111111112,10,SLEEP,Z,0.1403608,0.388771
3/7/7/6/6/6/5/7/2 3 3,X,-0.5555555555555555555555555555,4,SLEEP,Z,0.04506837,0.1742778
3/7/7/6/6/6/5/7/1 3 3,X,0.625,2,SLEEP,Z,0.01969567,0.07142274
3/7/7/6/6/6/3/2/7 3 3,X,0.625,2,SLEEP,Z,0.04109171,0.08012281
3/7/7/6/6/6/3/6/6 3 3,X,-0.75,4,SLEEP,Z,0.05624923,0.1188499
3/7/7/6/6/6/3/6/5 3 3,X,0.625,4,SLEEP,Z,0.02503576,0.09570473
3/7/7/6/6/6/3/6/3 3 3,X,0.75,2,SLEEP,Z,0.01153676,0.04031195
3/7/7/6/6/6/3/5/6 3 3,X,-0.75,6,SLEEP,Z,0.05701654,0.1949615
3/7/7/6/6/6/3/5/5 3 3,X,0.625,4,SLEEP,Z,0.03246173,0.09310707
3/7/7/6/6/6/3/5/3 3 3,X,0.75,2,SLEEP,Z,0,0
3/7/7/6/6/6/3/3/6 3 3,X,-0.75,4,SLEEP,Z,0.04279575,0.1191462
3/7/7/6/6/6/3/3/5 3 3,Z,0.6666666666666666666666666667,4,SLEEP,Z,0.05098618,0.1627018
3/7/7/6/6/6/3/3/3 3 3,X,0.75,4,SLEEP,Z,0.2382388,0.3707001
3/7/7/6/6/6/3/7/4 3 3,X,-0.75,4,SLEEP,Z,0.04367457,0.1499831
3/7/7/6/6/6/3/7/2 3 3,X,0.625,4,SLEEP,Z,0.1157685,0.2270412
3/7/7/6/6/6/3/7/1 3 3,X,0.75,2,SLEEP,Z,0.01353432,0.05225286
3/7/7/6/6/6/7/2/6 3 3,X,-0.6111111111111111111111111112,6,SLEEP,Z,0.04662945,0.1974642
3/7/7/6/6/6/7/2/5 3 3,X,-0.5555555555555555555555555555,6,SLEEP,Z,0.04068932,0.1775926
3/7/7/6/6/6/7/2/3 3 3,X,0.625,4,SLEEP,Z,0.02895831,0.09642287
3/7/7/6/6/6/7/6/4 3 3,X,-0.6111111111111111111111111112,6,SLEEP,Z,0.1150065,0.3646991
3/7/7/6/6/6/7/6/2 3 3,X,-0.5555555555555555555555555555,4,SLEEP,Z,0.0368255,0.1379543
3/7/7/6/6/6/7/6/1 3 3,X,0.625,2,SLEEP,Z,0.02578079,0.06695317
3/7/7/6/6/6/7/5/4 3 3,X,-0.6111111111111111111111111112,6,SLEEP,Z,0.04179041,0.1785783
3/7/7/6/6/6/7/5/2 3 3,X,-0.5555555555555555555555555555,4,SLEEP,Z,0.02752895,0.1197854
3/7/7/6/6/6/7/5/1 3 3,X,0.625,4,SLEEP,Z,0.03660031,0.125748
3/7/7/6/6/6/7/3/4 3 3,Z,0.6666666666666666666666666666,6,SLEEP,Z,0.04159625,0.1853015
3/7/7/6/6/6/7/3/2 3 3,Z,0.6666666666666666666666666666,4,SLEEP,Z,0.03902786,0.1351569
3/7/7/6/6/6/7/3/1 3 3,Z,0.6666666666666666666666666666,4,SLEEP,Z,0.03161361,0.09262963
3/7/7/6/6/5/2/6/7 3 3,X,-0.5555555555555555555555555555,2,SLEEP,Z,0.03581046,0.1155268
3/7/7/6/6/5/2/5/7 3 3,X,-0.5555555555555555555555555555,8,SLEEP,Z,0.1508137,0.3650161
3/7/7/6/6/5/2/3/7 3 3,Z,0.60,4,SLEEP,Z,0.05548902,0.1787554
3/7/7/6/6/5/2/7/6 3 3,X,-0.6111111111111111111111111112,8,SLEEP,Z,0.107227,0.364138
3/7/7/6/6/5/2/7/5 3 3,X,-0.5555555555555555555555555555,4,SLEEP,Z,0.1404615,0.3539914
3/7/7/6/6/5/2/7/3 3 3,X,0.625,4,SLEEP,Z,0.02740445,0.08726493
3/7/7/6/6/5/6/2/7 3 3,X,-0.6111111111111111111111111112,8,SLEEP,Z,0.1608031,0.3671848
3/7/7/6/6/5/6/6/6 3 3,X,-0.6666666666666666666666666667,8,SLEEP,Z,0.06761658,0.3181397
3/7/7/6/6/5/6/6/5 3 3,X,-0.6111111111111111111111111112,6,SLEEP,Z,0.05600765,0.1877549
3/7/7/6/6/5/6/6/3 3 3,X,0.75,4,SLEEP,Z,0.03822294,0.1457852
3/7/7/6/6/5/6/5/6 3 3,X,-0.6666666666666666666666666667,12,SLEEP,Z,0.09049483,0.3822542
3/7/7/6/6/5/6/5/5 3 3,X,-0.6111111111111111111111111112,8,SLEEP,Z,0.0591019,0.2470427
3/7/7/6/6/5/6/5/3 3 3,X,0.75,4,SLEEP,Z,0.02758886,0.1164491
3/7/7/6/6/5/6/3/6 3 3,X,-0.6666666666666666666666666667,6,SLEEP,Z,0.1068247,0.3316799
3/7/7/6/6/5/6/3/5 3 3,X,-0.6111111111111111111111111112,6,SLEEP,Z,0.04635874,0.1961671
3/7/7/6/6/5/6/3/3 3 3,X,0.75,4,SLEEP,Z,0.02455214,0.09972196
3/7/7/6/6/5/6/7/4 3 3,X,-0.6666666666666666666666666667,8,SLEEP,Z,0.146107,0.4487026
3/7/7/6/6/5/6/7/2 3 3,X,-0.6111111111111111111111111112,8,SLEEP,Z,0.1056619,0.3049121
3/7/7/6/6/5/6/7/1 3 3,X,0.75,4,SLEEP,Z,0.1240939,0.2681005
3/7/7/6/6/5/5/2/7 3 3,X,-0.5555555555555555555555555555,4,SLEEP,Z,0.1111922,0.2880496
3/7/7/6/6/5/5/6/6 3 3,X,-0.6111111111111111111111111112,6,SLEEP,Z,0.04507162,0.2018459
3/7/7/6/6/5/5/6/5 3 3,X,-0.5555555555555555555555555555,4,SLEEP,Z,0.03022961,0.1237933
3/7/7/6/6/5/5/6/3 3 3,X,0.625,4,SLEEP,Z,0.03198687,0.1031233
3/7/7/6/6/5/5/5/6 3 3,X,-0.6111111111111111111111111112,8,SLEEP,Z,0.07583382,0.2865675
3/7/7/6/6/5/5/5/5 3 3,X,-0.5555555555555555555555555555,4,SLEEP,Z,0.03275936,0.1328481
3/7/7/6/6/5/5/5/3 3 3,X,0.625,6,SLEEP,Z,0.09971856,0.2200278
3/7/7/6/6/5/5/3/6 3 3,X,-0.6111111111111111111111111112,6,SLEEP,Z,0.07135453,0.2865504
3/7/7/6/6/5/5/3/5 3 3,Z,0.60,4,SLEEP,Z,0.04104749,0.1500112
3/7/7/6/6/5/5/3/3 3 3,X,0.625,4,SLEEP,Z,0.1299271,0.3697744
3/7/7/6/6/5/5/7/4 3 3,X,-0.6111111111111111111111111112,8,SLEEP,Z,0.0972422,0.3432095
3/7/7/6/6/5/5/7/2 3 3,X,-0.5555555555555555555555555555,4,SLEEP,Z,0.03690015,0.1525532
3/7/7/6/6/5/5/7/1 3 3,X,0.625,4,SLEEP,Z,0.03187365,0.1170315
3/7/7/6/6/5/3/2/7 3 3,X,0.625,4,SLEEP,Z,0.03230653,0.1122042
3/7/7/6/6/5/3/6/6 3 3,X,-0.75,2,SLEEP,Z,0.04659799,0.1370396
3/7/7/6/6/5/3/6/5 3 3,X,0.625,4,SLEEP,Z,0.04444745,0.1255134
3/7/7/6/6/5/3/6/3 3 3,X,0.75,2,SLEEP,Z,0.02512631,0.05290513
3/7/7/6/6/5/3/5/6 3 3,X,-0.75,6,SLEEP,Z,0.1126864,0.401235
3/7/7/6/6/5/3/5/5 3 3,X,0.625,2,SLEEP,Z,0.01374094,0.05403343
3/7/7/6/6/5/3/5/3 3 3,X,0.75,2,SLEEP,Z,0.007554,0.02350931
3/7/7/6/6/5/3/3/6 3 3,X,-0.75,4,SLEEP,Z,0.04386285,0.1499761
3/7/7/6/6/5/3/3/5 3 3,X,0.625,6,SLEEP,Z,0.04581254,0.1669986
3/7/7/6/6/5/3/3/3 3 3,X,0.75,4,SLEEP,Z,0.05119559,0.1104626
3/7/7/6/6/5/3/7/4 3 3,X,-0.75,6,SLEEP,Z,0.0505488,0.1855557
3/7/7/6/6/5/3/7/2 3 3,X,0.625,2,SLEEP,Z,0.0387087,0.0917889
3/7/7/6/6/5/3/7/1 3 3,X,0.75,2,SLEEP,Z,0.03084461,0.1161475
3/7/7/6/6/5/7/2/6 3 3,X,-0.6111111111111111111111111112,4,SLEEP,Z,0.04297932,0.1865733
3/7/7/6/6/5/7/2/5 3 3,X,-0.5555555555555555555555555555,6,SLEEP,Z,0.03687184,0.1507011
3/7/7/6/6/5/7/2/3 3 3,X,0.625,4,SLEEP,Z,0.03796894,0.1268685
3/7/7/6/6/5/7/6/4 3 3,X,-0.6111111111111111111111111112,6,SLEEP,Z,0.06295602,0.270318
3/7/7/6/6/5/7/6/2 3 3,X,-0.5555555555555555555555555555,6,SLEEP,Z,0.05587167,0.2191799
3/7/7/6/6/5/7/6/1 3 3,X,0.625,2,SLEEP,Z,0.02087719,0.07133732
3/7/7/6/6/5/7/5/4 3 3,X,-0.6111111111111111111111111112,8,SLEEP,Z,0.1090834,0.3857929
3/7/7/6/6/5/7/5/2 3 3,X,-0.5555555555555555555555555555,4,SLEEP,Z,0.05077103,0.1696326
3/7/7/6/6/5/7/5/1 3 3,X,0.625,6,SLEEP,Z,0.1016658,0.2424211
3/7/7/6/6/5/7/3/4 3 3,X,-0.6111111111111111111111111112,6,SLEEP,Z,0.05915662,0.2656846
3/7/7/6/6/5/7/3/2 3 3,Z,0.60,4,SLEEP,Z,0.02828524,0.1082966
3/7/7/6/6/5/7/3/1 3 3,X,0.625,4,SLEEP,Z,0.03779053,0.1343719
3/7/7/6/6/3/2/6/7 3 3,Z,-0.6666666666666666666666666667,2,SLEEP,Z,0.03801233,0.1165445
3/7/7/6/6/3/2/5/7 3 3,Z,0.60,6,SLEEP,Z,0.1388114,0.3479659
3/7/7/6/6/3/2/3/7 3 3,Z,0.7,8,SLEEP,Z,0.1883825,0.3807467
3/7/7/6/6/3/2/7/6 3 3,X,-0.6111111111111111111111111112,6,SLEEP,Z,0.05631511,0.2444382
3/7/7/6/6/3/2/7/5 3 3,Z,0.60,6,SLEEP,Z,0.04183888,0.1516674
3/7/7/6/6/3/2/7/3 3 3,X,0.625,4,SLEEP,Z,0.02737384,0.0895085
3/7/7/6/6/3/6/2/7 3 3,X,-0.6111111111111111111111111112,6,SLEEP,Z,0.05644105,0.2218728
3/7/7/6/6/3/6/6/6 3 3,X,-0.6666666666666666666666666667,8,SLEEP,Z,0.1078859,0.3774455
3/7/7/6/6/3/6/6/5 3 3,Z,-0.6666666666666666666666666667,6,SLEEP,Z,0.1883022,0.4280445
3/7/7/6/6/3/6/6/3 3 3,X,0.75,2,SLEEP,Z,0.03414838,0.07567688
3/7/7/6/6/3/6/5/6 3 3,X,-0.6666666666666666666666666667,10,SLEEP,Z,0.08014012,0.3578469
3/7/7/6/6/3/6/5/5 3 3,X,-0.6111111111111111111111111112,4,SLEEP,Z,0.04674391,0.1890671
3/7/7/6/6/3/6/5/3 3 3,X,0.75,6,SLEEP,Z,0.2936123,0.3602993
3/7/7/6/6/3/6/3/6 3 3,Z,0.7,8,SLEEP,Z,0.1465694,0.4697501
3/7/7/6/6/3/6/3/5 3 3,Z,0.7,6,SLEEP,Z,0.06267338,0.2436224
3/7/7/6/6/3/6/3/3 3 3,X,0.75,4,SLEEP,Z,0.04055264,0.1484653
3/7/7/6/6/3/6/7/4 3 3,X,-0.6666666666666666666666666667,8,SLEEP,Z,0.06202185,0.281841
3/7/7/6/6/3/6/7/2 3 3,X,-0.6111111111111111111111111112,6,SLEEP,Z,0.1293236,0.3524133
3/7/7/6/6/3/6/7/1 3 3,X,0.75,6,SLEEP,Z,0.270777,0.4451066
3/7/7/6/6/3/5/2/7 3 3,Z,0.60,4,SLEEP,Z,0.0327226,0.1254658
3/7/7/6/6/3/5/6/6 3 3,Z,-0.6666666666666666666666666667,4,SLEEP,Z,0.1115426,0.3808936
3/7/7/6/6/3/5/6/5 3 3,Z,-0.6666666666666666666666666667,4,SLEEP,Z,0.0712314,0.2350127
3/7/7/6/6/3/5/6/3 3 3,Z,-0.6666666666666666666666666667,2,SLEEP,Z,0.02736479,0.06353121
3/7/7/6/6/3/5/5/6 3 3,X,-0.6111111111111111111111111112,4,SLEEP,Z,0.04681551,0.1986017
3/7/7/6/6/3/5/5/5 3 3,Z,0.60,2,SLEEP,Z,0.0210619,0.08958344
3/7/7/6/6/3/5/5/3 3 3,X,0.625,4,SLEEP,Z,0.03170874,0.08055619
3/7/7/6/6/3/5/3/6 3 3,Z,0.7,8,SLEEP,Z,0.07106262,0.2611825
3/7/7/6/6/3/5/3/5 3 3,Z,0.7,6,SLEEP,Z,0.04568968,0.1498357
3/7/7/6/6/3/5/3/3 3 3,Z,0.7,4,SLEEP,Z,0.05414291,0.1581105
3/7/7/6/6/3/5/7/4 3 3,X,-0.6111111111111111111111111112,6,SLEEP,Z,0.04777472,0.2002105
3/7/7/6/6/3/5/7/2 3 3,Z,0.60,6,SLEEP,Z,0.04937125,0.1604582
3/7/7/6/6/3/5/7/1 3 3,X,0.625,6,SLEEP,Z,0.05093286,0.1690369
3/7/7/6/6/3/3/2/7 3 3,X,0.625,6,SLEEP,Z,0.07532467,0.1934606
3/7/7/6/6/3/3/6/6 3 3,X,-0.75,2,SLEEP,Z,0.03693525,0.1178747
3/7/7/6/6/3/3/6/5 3 3,Z,-0.6666666666666666666666666667,4,SLEEP,Z,0.1358093,0.2531296
3/7/7/6/6/3/3/6/3 3 3,X,0.75,4,SLEEP,Z,0.08064708,0.1086973
3/7/7/6/6/3/3/5/6 3 3,X,-0.75,4,SLEEP,Z,0.02600542,0.09383711
3/7/7/6/6/3/3/5/5 3 3,X,0.625,2,SLEEP,Z,0.02017291,0.07574817
3/7/7/6/6/3/3/5/3 3 3,X,0.75,4,SLEEP,Z,0.1123846,0.1855228
3/7/7/6/6/3/3/3/6 3 3,X,-0.75,6,SLEEP,Z,0.04982429,0.1845287
3/7/7/6/6/3/3/3/5 3 3,Z,0.7,4,SLEEP,Z,0.1190107,0.2388079
3/7/7/6/6/3/3/3/3 3 3,X,0.75,6,SLEEP,Z,0.1145875,0.2065449
3/7/7/6/6/3/3/7/4 3 3,X,-0.75,2,SLEEP,Z,0.02209689,0.0791695
3/7/7/6/6/3/3/7/2 3 3,X,0.625,4,SLEEP,Z,0.04202443,0.09735055
3/7/7/6/6/3/3/7/1 3 3,X,0.75,2,SLEEP,Z,0.02114619,0.05193122
3/7/7/6/6/3/7/2/6 3 3,X,-0.6111111111111111111111111112,6,SLEEP,Z,0.08297464,0.3103286
3/7/7/6/6/3/7/2/5 3 3,Z,0.60,4,SLEEP,Z,0.1332665,0.3184652
3/7/7/6/6/3/7/2/3 3 3,X,0.625,4,SLEEP,Z,0.01956091,0.06648948
3/7/7/6/6/3/7/6/4 3 3,Z,-0.6666666666666666666666666666,6,SLEEP,Z,0.05699259,0.2579174
3/7/7/6/6/3/7/6/2 3 3,Z,-0.6666666666666666666666666666,6,SLEEP,Z,0.1619388,0.3585856
3/7/7/6/6/3/7/6/1 3 3,Z,-0.6666666666666666666666666666,2,SLEEP,Z,0.1460726,0.25904
3/7/7/6/6/3/7/5/4 3 3,X,-0.6111111111111111111111111112,6,SLEEP,Z,0.07651797,0.2942969
3/7/7/6/6/3/7/5/2 3 3,Z,0.60,4,SLEEP,Z,0.04970939,0.1988756
3/7/7/6/6/3/7/5/1 3 3,X,0.625,12,SLEEP,Z,0.03628687,0.1225684
3/7/7/6/6/3/7/3/4 3 3,Z,0.7,6,SLEEP,Z,0.1283434,0.402037
3/7/7/6/6/3/7/3/2 3 3,Z,0.7,6,SLEEP,Z,0.06630684,0.2040821
3/7/7/6/6/3/7/3/1 3 3,Z,0.7,4,SLEEP,Z,0.04041838,0.1098005
3/7/7/6/6/7/2/2/7 3 3,X,-0.5555555555555555555555555555,6,SLEEP,Z,0.04612671,0.1488438
3/7/7/6/6/7/2/6/6 3 3,X,-0.6111111111111111111111111112,6,SLEEP,Z,0.06371617,0.2725744
3/7/7/6/6/7/2/6/5 3 3,X,-0.5555555555555555555555555555,4,SLEEP,Z,0.0299826,0.1238871
3/7/7/6/6/7/2/6/3 3 3,X,0.625,4,SLEEP,Z,0.02608588,0.08874422
3/7/7/6/6/7/2/5/6 3 3,X,-0.6111111111111111111111111112,8,SLEEP,Z,0.07338636,0.310192
3/7/7/6/6/7/2/5/5 3 3,X,-0.5555555555555555555555555555,4,SLEEP,Z,0.05882116,0.193753
3/7/7/6/6/7/2/5/3 3 3,X,0.625,4,SLEEP,Z,0.0269719,0.09180304
3/7/7/6/6/7/2/3/6 3 3,X,-0.6111111111111111111111111112,8,SLEEP,Z,0.1392999,0.4139859
3/7/7/6/6/7/2/3/5 3 3,Z,0.60,6,SLEEP,Z,0.05391876,0.1850643
3/7/7/6/6/7/2/3/3 3 3,X,0.625,6,SLEEP,Z,0.04326377,0.1360488
3/7/7/6/6/7/2/7/4 3 3,X,-0.6111111111111111111111111112,4,SLEEP,Z,0.05812417,0.263104
3/7/7/6/6/7/2/7/2 3 3,X,-0.5555555555555555555555555555,6,SLEEP,Z,0.1498374,0.3462658
3/7/7/6/6/7/2/7/1 3 3,X,0.625,4,SLEEP,Z,0.03910287,0.124062
3/7/7/6/6/7/6/2/6 3 3,X,-0.6666666666666666666666666667,8,SLEEP,Z,0.0952369,0.4095998
3/7/7/6/6/7/6/2/5 3 3,X,-0.6111111111111111111111111112,8,SLEEP,Z,0.05762306,0.256856
3/7/7/6/6/7/6/2/3 3 3,X,0.8333333333333333333333333333,4,SLEEP,Z,0.275028,0.3178179
3/7/7/6/6/7/6/6/4 3 3,X,-0.6666666666666666666666666667,8,SLEEP,Z,0.07189926,0.3437899
3/7/7/6/6/7/6/6/2 3 3,X,-0.6111111111111111111111111112,8,SLEEP,Z,0.05558049,0.2435869
3/7/7/6/6/7/6/6/1 3 3,X,0.8333333333333333333333333333,2,SLEEP,Z,0.02008733,0.078545
3/7/7/6/6/7/6/5/4 3 3,X,-0.6666666666666666666666666667,8,SLEEP,Z,0.1104138,0.4087476
3/7/7/6/6/7/6/5/2 3 3,X,-0.6111111111111111111111111112,4,SLEEP,Z,0.112785,0.3120582
3/7/7/6/6/7/6/5/1 3 3,X,0.8333333333333333333333333333,4,SLEEP,Z,0.04700596,0.1430072
3/7/7/6/6/7/6/3/4 3 3,X,-0.6666666666666666666666666667,8,SLEEP,Z,0.1059943,0.3812551
3/7/7/6/6/7/6/3/2 3 3,X,-0.6111111111111111111111111112,6,SLEEP,Z,0.05858476,0.2559406
3/7/7/6/6/7/6/3/1 3 3,X,0.8333333333333333333333333333,4,SLEEP,Z,0.03695442,0.1457095
3/7/7/6/6/7/5/2/6 3 3,X,-0.6111111111111111111111111112,6,SLEEP,Z,0.06299524,0.2548971
3/7/7/6/6/7/5/2/5 3 3,X,-0.5555555555555555555555555555,6,SLEEP,Z,0.0403828,0.1663092
3/7/7/6/6/7/5/2/3 3 3,X,0.625,4,SLEEP,Z,0.0605785,0.1677606
3/7/7/6/6/7/5/6/4 3 3,X,-0.6111111111111111111111111112,4,SLEEP,Z,0.04764609,0.216949
3/7/7/6/6/7/5/6/2 3 3,X,-0.5555555555555555555555555555,2,SLEEP,Z,0.04063533,0.1782892
3/7/7/6/6/7/5/6/1 3 3,X,0.625,2,SLEEP,Z,0.01812468,0.07787573
3/7/7/6/6/7/5/5/4 3 3,X,-0.6111111111111111111111111112,4,SLEEP,Z,0.05731406,0.2111286
3/7/7/6/6/7/5/5/2 3 3,X,-0.5555555555555555555555555555,4,SLEEP,Z,0.05349217,0.1898465
3/7/7/6/6/7/5/5/1 3 3,X,0.625,4,SLEEP,Z,0.02944889,0.117194
3/7/7/6/6/7/5/3/4 3 3,X,-0.6111111111111111111111111112,6,SLEEP,Z,0.05565179,0.2523236
3/7/7/6/6/7/5/3/2 3 3,Z,0.60,6,SLEEP,Z,0.06875331,0.250607
3/7/7/6/6/7/5/3/1 3 3,X,0.625,4,SLEEP,Z,0.06249277,0.1484392
3/7/7/6/6/7/3/2/6 3 3,X,-0.8333333333333333333333333333,4,SLEEP,Z,0.02800876,0.1008112
3/7/7/6/6/7/3/2/5 3 3,X,0.625,4,SLEEP,Z,0.02927465,0.1042889
3/7/7/6/6/7/3/2/3 3 3,X,0.75,2,SLEEP,Z,0.01212898,0.04616909
3/7/7/6/6/7/3/6/4 3 3,X,-0.8333333333333333333333333333,4,SLEEP,Z,0.0758828,0.1481215
3/7/7/6/6/7/3/6/2 3 3,X,0.625,2,SLEEP,Z,0.02017251,0.07215269
3/7/7/6/6/7/3/6/1 3 3,X,0.75,2,SLEEP,Z,0.009163472,0.03099959
3/7/7/6/6/7/3/5/4 3 3,X,-0.8333333333333333333333333333,4,SLEEP,Z,0.0256434,0.0985469
3/7/7/6/6/7/3/5/2 3 3,X,0.625,4,SLEEP,Z,0.03348176,0.1285572
3/7/7/6/6/7/3/5/1 3 3,X,0.75,2,SLEEP,Z,0.07418931,0.1114471
3/7/7/6/6/7/3/3/4 3 3,X,-0.8333333333333333333333333333,4,SLEEP,Z,0.03420592,0.1271986
3/7/7/6/6/7/3/3/2 3 3,X,0.625,4,SLEEP,Z,0.1143496,0.2689006
3/7/7/6/6/7/3/3/1 3 3,X,0.75,2,SLEEP,Z,0.05468659,0.1604144
3/7/7/6/6/7/7/2/4 3 3,X,-0.6111111111111111111111111112,6,SLEEP,Z,0.07408488,0.2713502
3/7/7/6/6/7/7/2/2 3 3,X,-0.5555555555555555555555555555,4,SLEEP,Z,0.03014239,0.1260415
3/7/7/6/6/7/7/2/1 3 3,X,0.625,4,SLEEP,Z,0.04457629,0.1297345
3/7/7/6/5/2/2/7/7 3 3,X,-0.5,6,SLEEP,Z,0.04817374,0.174378
3/7/7/6/5/2/6/6/7 3 3,X,-0.5555555555555555555555555555,4,SLEEP,Z,0.02820702,0.1134331
3/7/7/6/5/2/6/5/7 3 3,X,-0.5555555555555555555555555555,6,SLEEP,Z,0.04638881,0.1820786
3/7/7/6/5/2/6/3/7 3 3,Z,0.60,6,SLEEP,Z,0.05983101,0.1960566
3/7/7/6/5/2/6/7/6 3 3,X,-0.6111111111111111111111111112,4,SLEEP,Z,0.07970633,0.3094675
3/7/7/6/5/2/6/7/5 3 3,X,-0.5555555555555555555555555555,4,SLEEP,Z,0.1019322,0.2828618
3/7/7/6/5/2/6/7/3 3 3,X,0.7,6,SLEEP,Z,0.1491375,0.2441475
3/7/7/6/5/2/5/6/7 3 3,X,-0.5,6,SLEEP,Z,0.06640925,0.3815466
3/7/7/6/5/2/5/5/7 3 3,X,-0.5,2,SLEEP,Z,0.03589178,0.1056519
3/7/7/6/5/2/5/3/7 3 3,Z,0.60,8,SLEEP,Z,0.04175431,0.1654457
3/7/7/6/5/2/5/7/6 3 3,X,-0.5555555555555555555555555555,4,SLEEP,Z,0.04412139,0.1611613
3/7/7/6/5/2/5/7/5 3 3,X,-0.5,2,SLEEP,Z,0.03049015,0.1349529
3/7/7/6/5/2/5/7/3 3 3,Z,0.5,8,SLEEP,Z,0.05674393,0.1767923
3/7/7/6/5/2/3/6/7 3 3,X,-0.5,4,SLEEP,Z,0.03557111,0.1371906
3/7/7/6/5/2/3/5/7 3 3,Z,0.5,6,SLEEP,Z,0.02590146,0.1003325
3/7/7/6/5/2/3/3/7 3 3,Z,0.60,4,SLEEP,Z,0.05412096,0.1874645
3/7/7/6/5/2/3/7/6 3 3,X,-0.7,6,SLEEP,Z,0.0472279,0.1926855
3/7/7/6/5/2/3/7/5 3 3,Z,0.5,2,SLEEP,Z,0.02094084,0.1100446
3/7/7/6/5/2/3/7/3 3 3,Z,0.5,4,SLEEP,Z,0.03723632,0.08206437
3/7/7/6/5/2/7/2/7 3 3,X,-0.5,4,SLEEP,Z,0.04429945,0.1543308
3/7/7/6/5/2/7/6/6 3 3,X,-0.5555555555555555555555555555,4,SLEEP,Z,0.05194029,0.2428785
3/7/7/6/5/2/7/6/5 3 3,X,-0.5,4,SLEEP,Z,0.04254804,0.1920048
3/7/7/6/5/2/7/6/3 3 3,Z,0.5,4,SLEEP,Z,0.03238917,0.1139182
3/7/7/6/5/2/7/5/6 3 3,X,-0.5555555555555555555555555555,4,SLEEP,Z,0.04476319,0.2032686
3/7/7/6/5/2/7/5/5 3 3,X,-0.5,4,SLEEP,Z,0.03725807,0.1340404
3/7/7/6/5/2/7/5/3 3 3,Z,0.5,8,SLEEP,Z,0.05769939,0.3482662
3/7/7/6/5/2/7/3/6 3 3,Z,0.60,6,SLEEP,Z,0.04413371,0.1680548
3/7/7/6/5/2/7/3/5 3 3,Z,0.60,6,SLEEP,Z,0.04273183,0.1531459
3/7/7/6/5/2/7/3/3 3 3,Z,0.60,6,SLEEP,Z,0.04150315,0.1313942
3/7/7/6/5/2/7/7/4 3 3,X,-0.5555555555555555555555555555,4,SLEEP,Z,0.03287056,0.1557058
3/7/7/6/5/2/7/7/2 3 3,X,-0.5,4,SLEEP,Z,0.03777656,0.1636841
3/7/7/6/5/2/7/7/1 3 3,Z,0.5,4,SLEEP,Z,0.03680127,0.1607553
3/7/7/6/5/6/2/6/7 3 3,X,-0.5,4,SLEEP,Z,0.04764739,0.1648097
3/7/7/6/5/6/2/5/7 3 3,X,-0.5,2,SLEEP,Z,0.04248182,0.1605103
3/7/7/6/5/6/2/3/7 3 3,Z,0.6666666666666666666666666667,8,SLEEP,Z,0.1235412,0.3160207
3/7/7/6/5/6/2/7/6 3 3,X,-0.5555555555555555555555555555,4,SLEEP,Z,0.04860905,0.2167806
3/7/7/6/5/6/2/7/5 3 3,X,-0.5,4,SLEEP,Z,0.03449591,0.1353539
3/7/7/6/5/6/2/7/3 3 3,Z,0.5,4,SLEEP,Z,0.04026146,0.1127464
3/7/7/6/5/6/6/2/7 3 3,X,-0.5555555555555555555555555555,4,SLEEP,Z,0.1265486,0.304883
3/7/7/6/5/6/6/6/6 3 3,X,-0.6111111111111111111111111112,6,SLEEP,Z,0.05920599,0.2741804
3/7/7/6/5/6/6/6/5 3 3,X,-0.5555555555555555555555555555,4,SLEEP,Z,0.08745937,0.2571998
3/7/7/6/5/6/6/6/3 3 3,X,0.75,4,SLEEP,Z,0.03604175,0.1317212
3/7/7/6/5/6/6/5/6 3 3,X,-0.6111111111111111111111111112,6,SLEEP,Z,0.04927779,0.2304623
3/7/7/6/5/6/6/5/5 3 3,X,-0.5555555555555555555555555555,4,SLEEP,Z,0.08928621,0.2770641
3/7/7/6/5/6/6/5/3 3 3,X,0.75,6,SLEEP,Z,0.1367976,0.3458497
3/7/7/6/5/6/6/3/6 3 3,Z,0.6666666666666666666666666667,6,SLEEP,Z,0.07656252,0.3164077
3/7/7/6/5/6/6/3/5 3 3,Z,0.6666666666666666666666666667,6,SLEEP,Z,0.05016816,0.2024947
3/7/7/6/5/6/6/3/3 3 3,X,0.75,6,SLEEP,Z,0.04877598,0.1537369
3/7/7/6/5/6/6/7/4 3 3,X,-0.6111111111111111111111111112,6,SLEEP,Z,0.05519737,0.2553026
3/7/7/6/5/6/6/7/2 3 3,X,-0.5555555555555555555555555555,6,SLEEP,Z,0.04714744,0.1827558
3/7/7/6/5/6/6/7/1 3 3,X,0.75,4,SLEEP,Z,0.03393588,0.1428447
3/7/7/6/5/6/5/2/7 3 3,X,-0.5,6,SLEEP,Z,0.03788885,0.157957
3/7/7/6/5/6/5/6/6 3 3,X,-0.5555555555555555555555555555,4,SLEEP,Z,0.04223138,0.1891869
3/7/7/6/5/6/5/6/5 3 3,X,-0.5,4,SLEEP,Z,0.03113277,0.1438291
3/7/7/6/5/6/5/6/3 3 3,Z,0.5,4,SLEEP,Z,0.05959591,0.169101
3/7/7/6/5/6/5/5/6 3 3,X,-0.5555555555555555555555555555,4,SLEEP,Z,0.04178169,0.1941017
3/7/7/6/5/6/5/5/5 3 3,X,-0.5,6,SLEEP,Z,0.05371583,0.2479083
3/7/7/6/5/6/5/5/3 3 3,Z,0.5,2,SLEEP,Z,0.03143453,0.1378136
3/7/7/6/5/6/5/3/6 3 3,Z,0.6666666666666666666666666667,8,SLEEP,Z,0.07774306,0.2987448
3/7/7/6/5/6/5/3/5 3 3,Z,0.6666666666666666666666666667,4,SLEEP,Z,0.04698083,0.1929036
3/7/7/6/5/6/5/3/3 3 3,Z,0.6666666666666666666666666667,4,SLEEP,Z,0.0420256,0.1576611
3/7/7/6/5/6/5/7/4 3 3,X,-0.5555555555555555555555555555,6,SLEEP,Z,0.06218079,0.262098
3/7/7/6/5/6/5/7/2 3 3,X,-0.5,4,SLEEP,Z,0.04332594,0.1833384
3/7/7/6/5/6/5/7/1 3 3,Z,0.5,4,SLEEP,Z,0.03732033,0.1423047
3/7/7/6/5/6/3/2/7 3 3,Z,0.5,4,SLEEP,Z,0.03330422,0.1403824
3/7/7/6/5/6/3/6/6 3 3,X,-0.75,6,SLEEP,Z,0.03931203,0.1729123
3/7/7/6/5/6/3/6/5 3 3,X,-0.5,2,SLEEP,Z,0.02555444,0.1103426
3/7/7/6/5/6/3/6/3 3 3,Z,0.5,2,SLEEP,Z,0.01616287,0.07231995
3/7/7/6/5/6/3/5/6 3 3,X,-0.75,6,SLEEP,Z,0.04636625,0.1758458
3/7/7/6/5/6/3/5/5 3 3,Z,0.5,2,SLEEP,Z,0.02581689,0.1139776
3/7/7/6/5/6/3/5/3 3 3,Z,0.5,4,SLEEP,Z,0.1054471,0.3323192
3/7/7/6/5/6/3/3/6 3 3,X,-0.75,4,SLEEP,Z,0.03085921,0.124075
3/7/7/6/5/6/3/3/5 3 3,Z,0.6666666666666666666666666667,6,SLEEP,Z,0.04492688,0.173045
3/7/7/6/5/6/3/3/3 3 3,Z,0.6666666666666666666666666667,2,SLEEP,Z,0.01792547,0.06907324
3/7/7/6/5/6/3/7/4 3 3,X,-0.75,2,SLEEP,Z,0.03525826,0.1613147
3/7/7/6/5/6/3/7/2 3 3,Z,0.5,4,SLEEP,Z,0.05342945,0.1755749
3/7/7/6/5/6/3/7/1 3 3,Z,0.5,4,SLEEP,Z,0.07477171,0.3434994
3/7/7/6/5/6/7/2/6 3 3,X,-0.5555555555555555555555555555,4,SLEEP,Z,0.04346536,0.1965364
3/7/7/6/5/6/7/2/5 3 3,X,-0.5,6,SLEEP,Z,0.04389552,0.1931006
3/7/7/6/5/6/7/2/3 3 3,Z,0.5,4,SLEEP,Z,0.05125327,0.1518439
3/7/7/6/5/6/7/6/4 3 3,X,-0.5555555555555555555555555555,4,SLEEP,Z,0.07789313,0.3025792
3/7/7/6/5/6/7/6/2 3 3,X,-0.5,4,SLEEP,Z,0.07555152,0.2858545
3/7/7/6/5/6/7/6/1 3 3,Z,0.5,4,SLEEP,Z,0.02028189,0.08615126
3/7/7/6/5/6/7/5/4 3 3,X,-0.5555555555555555555555555555,6,SLEEP,Z,0.07037379,0.3054696
3/7/7/6/5/6/7/5/2 3 3,X,-0.5,4,SLEEP,Z,0.03312726,0.1509998
3/7/7/6/5/6/7/5/1 3 3,Z,0.5,4,SLEEP,Z,0.07507607,0.2440845
3/7/7/6/5/6/7/3/4 3 3,Z,0.6666666666666666666666666666,6,SLEEP,Z,0.05119736,0.1983501
3/7/7/6/5/6/7/3/2 3 3,Z,0.6666666666666666666666666666,6,SLEEP,Z,0.07983145,0.2651286
3/7/7/6/5/6/7/3/1 3 3,Z,0.6666666666666666666666666666,4,SLEEP,Z,0.04082768,0.1577264
3/7/7/6/5/5/2/6/7 3 3,X,-0.5,4,SLEEP,Z,0.03164557,0.1175032
3/7/7/6/5/5/2/5/7 3 3,X,-0.5,6,SLEEP,Z,0.0441006,0.1792822
3/7/7/6/5/5/2/3/7 3 3,Z,0.60,6,SLEEP,Z,0.03973508,0.1533115
3/7/7/6/5/5/2/7/6 3 3,X,-0.5555555555555555555555555555,6,SLEEP,Z,0.07253342,0.2785312
3/7/7/6/5/5/2/7/5 3 3,X,-0.5,4,SLEEP,Z,0.03560289,0.1224217
3/7/7/6/5/5/2/7/3 3 3,Z,0.5,4,SLEEP,Z,0.02307578,0.07964882
3/7/7/6/5/5/6/2/7 3 3,X,-0.5555555555555555555555555555,4,SLEEP,Z,0.035195,0.1534147
3/7/7/6/5/5/6/6/6 3 3,X,-0.6111111111111111111111111112,6,SLEEP,Z,0.0723154,0.332275
3/7/7/6/5/5/6/6/5 3 3,X,-0.5555555555555555555555555555,2,SLEEP,Z,0.02729275,0.1182114
3/7/7/6/5/5/6/6/3 3 3,X,0.75,2,SLEEP,Z,0.02596888,0.1081964
3/7/7/6/5/5/6/5/6 3 3,X,-0.6111111111111111111111111112,6,SLEEP,Z,0.08194158,0.3552086
3/7/7/6/5/5/6/5/5 3 3,X,-0.5555555555555555555555555555,6,SLEEP,Z,0.05218622,0.250523
3/7/7/6/5/5/6/5/3 3 3,X,0.75,4,SLEEP,Z,0.0525105,0.2219435
3/7/7/6/5/5/6/3/6 3 3,X,-0.6111111111111111111111111112,6,SLEEP,Z,0.0733327,0.3153815
3/7/7/6/5/5/6/3/5 3 3,Z,0.60,4,SLEEP,Z,0.0572842,0.2173675
3/7/7/6/5/5/6/3/3 3 3,X,0.75,4,SLEEP,Z,0.1504765,0.289163
3/7/7/6/5/5/6/7/4 3 3,X,-0.6111111111111111111111111112,8,SLEEP,Z,0.07274884,0.334543
3/7/7/6/5/5/6/7/2 3 3,X,-0.5555555555555555555555555555,4,SLEEP,Z,0.02530032,0.1163621
3/7/7/6/5/5/6/7/1 3 3,X,0.75,2,SLEEP,Z,0.02967081,0.1058652
3/7/7/6/5/5/5/2/7 3 3,X,-0.5,6,SLEEP,Z,0.06467307,0.2730457
3/7/7/6/5/5/5/6/6 3 3,X,-0.5555555555555555555555555555,4,SLEEP,Z,0.04858558,0.2210551
3/7/7/6/5/5/5/6/5 3 3,X,-0.5,4,SLEEP,Z,0.04367225,0.145655
3/7/7/6/5/5/5/6/3 3 3,Z,0.5,4,SLEEP,Z,0.04463604,0.1543262
3/7/7/6/5/5/5/5/6 3 3,X,-0.5555555555555555555555555555,4,SLEEP,Z,0.04154626,0.1411691
3/7/7/6/5/5/5/5/5 3 3,X,-0.5,4,SLEEP,Z,0.03670995,0.1685263
3/7/7/6/5/5/5/5/3 3 3,Z,0.5,4,SLEEP,Z,0.02850178,0.1267185
3/7/7/6/5/5/5/3/6 3 3,Z,0.60,6,SLEEP,Z,0.05766005,0.2220344
3/7/7/6/5/5/5/3/5 3 3,Z,0.60,4,SLEEP,Z,0.04354061,0.191365
3/7/7/6/5/5/5/3/3 3 3,Z,0.60,6,SLEEP,Z,0.0708625,0.2337534
3/7/7/6/5/5/5/7/4 3 3,X,-0.5555555555555555555555555555,4,SLEEP,Z,0.04312196,0.2057492
3/7/7/6/5/5/5/7/2 3 3,X,-0.5,4,SLEEP,Z,0.05629357,0.2648863
3/7/7/6/5/5/5/7/1 3 3,Z,0.5,4,SLEEP,Z,0.04832327,0.1688062
3/7/7/6/5/5/3/2/7 3 3,Z,0.5,4,SLEEP,Z,0.02375175,0.09162208
3/7/7/6/5/5/3/6/6 3 3,X,-0.75,4,SLEEP,Z,0.0329399,0.1433112
3/7/7/6/5/5/3/6/5 3 3,X,-0.5,4,SLEEP,Z,0.05314207,0.2212151
3/7/7/6/5/5/3/6/3 3 3,Z,0.5,4,SLEEP,Z,0.02438384,0.1045207
3/7/7/6/5/5/3/5/6 3 3,X,-0.75,4,SLEEP,Z,0.05143946,0.2126933
3/7/7/6/5/5/3/5/5 3 3,Z,0.5,4,SLEEP,Z,0.0607538,0.2467057
3/7/7/6/5/5/3/5/3 3 3,Z,0.5,4,SLEEP,Z,0.04687682,0.1584994
3/7/7/6/5/5/3/3/6 3 3,X,-0.75,4,SLEEP,Z,0.05283652,0.2185531
3/7/7/6/5/5/3/3/5 3 3,Z,0.60,4,SLEEP,Z,0.04240575,0.1395712
3/7/7/6/5/5/3/3/3 3 3,Z,0.60,6,SLEEP,Z,0.04304141,0.1557105
3/7/7/6/5/5/3/7/4 3 3,X,-0.75,4,SLEEP,Z,0.04375232,0.1429209
3/7/7/6/5/5/3/7/2 3 3,Z,0.5,2,SLEEP,Z,0.02829914,0.1103145
3/7/7/6/5/5/3/7/1 3 3,Z,0.5,2,SLEEP,Z,0.01417296,0.05452402
3/7/7/6/5/5/7/2/6 3 3,X,-0.5555555555555555555555555555,4,SLEEP,Z,0.04089642,0.1773341
3/7/7/6/5/5/7/2/5 3 3,X,-0.5,4,SLEEP,Z,0.03298749,0.1503244
3/7/7/6/5/5/7/2/3 3 3,Z,0.5,4,SLEEP,Z,0.0194813,0.08288356
3/7/7/6/5/5/7/6/4 3 3,X,-0.5555555555555555555555555555,8,SLEEP,Z,0.06154642,0.2758963
3/7/7/6/5/5/7/6/2 3 3,X,-0.5,4,SLEEP,Z,0.02580323,0.117648
3/7/7/6/5/5/7/6/1 3 3,Z,0.5,4,SLEEP,Z,0.04722398,0.1641975
3/7/7/6/5/5/7/5/4 3 3,X,-0.5555555555555555555555555555,6,SLEEP,Z,0.0576489,0.2607471
3/7/7/6/5/5/7/5/2 3 3,X,-0.5,4,SLEEP,Z,0.02767677,0.1190064
3/7/7/6/5/5/7/5/1 3 3,Z,0.5,4,SLEEP,Z,0.0328243,0.1478342
3/7/7/6/5/5/7/3/4 3 3,Z,0.60,4,SLEEP,Z,0.05975203,0.2611891
3/7/7/6/5/5/7/3/2 3 3,Z,0.60,4,SLEEP,Z,0.03576628,0.1501378
3/7/7/6/5/5/7/3/1 3 3,Z,0.60,6,SLEEP,Z,0.03858862,0.1635257
3/7/7/6/5/3/2/6/7 3 3,Z,-0.6666666666666666666666666667,4,SLEEP,Z,0.03892165,0.1553053
3/7/7/6/5/3/2/5/7 3 3,Z,0.60,4,SLEEP,Z,0.03552899,0.1470275
3/7/7/6/5/3/2/3/7 3 3,Z,0.7,6,SLEEP,Z,0.04483652,0.1593738
3/7/7/6/5/3/2/7/6 3 3,Z,0.60,6,SLEEP,Z,0.04782199,0.193826
3/7/7/6/5/3/2/7/5 3 3,Z,0.60,4,SLEEP,Z,0.03829829,0.1516132
3/7/7/6/5/3/2/7/3 3 3,Z,0.60,2,SLEEP,Z,0.01743503,0.0588386
3/7/7/6/5/3/6/2/7 3 3,Z,0.60,6,SLEEP,Z,0.03870158,0.1475058
3/7/7/6/5/3/6/6/6 3 3,Z,-0.6666666666666666666666666667,6,SLEEP,Z,0.08136546,0.306821
3/7/7/6/5/3/6/6/5 3 3,Z,-0.6666666666666666666666666667,4,SLEEP,Z,0.1012259,0.3004712
3/7/7/6/5/3/6/6/3 3 3,X,0.75,4,SLEEP,Z,0.04278209,0.1728128
3/7/7/6/5/3/6/5/6 3 3,X,-0.6111111111111111111111111112,6,SLEEP,Z,0.05858438,0.2600765
3/7/7/6/5/3/6/5/5 3 3,Z,0.60,6,SLEEP,Z,0.04401772,0.1905567
3/7/7/6/5/3/6/5/3 3 3,X,0.75,6,SLEEP,Z,0.04287813,0.118064
3/7/7/6/5/3/6/3/6 3 3,Z,0.7,8,SLEEP,Z,0.1004533,0.425689
3/7/7/6/5/3/6/3/5 3 3,Z,0.7,6,SLEEP,Z,0.05555421,0.1870864
3/7/7/6/5/3/6/3/3 3 3,X,0.75,6,SLEEP,Z,0.04202424,0.1820855
3/7/7/6/5/3/6/7/4 3 3,X,-0.6111111111111111111111111112,6,SLEEP,Z,0.04985245,0.2405515
3/7/7/6/5/3/6/7/2 3 3,Z,0.60,4,SLEEP,Z,0.03480114,0.1478288
3/7/7/6/5/3/6/7/1 3 3,X,0.75,4,SLEEP,Z,0.05092618,0.1333057
3/7/7/6/5/3/5/2/7 3 3,Z,0.60,6,SLEEP,Z,0.04039872,0.1795635
3/7/7/6/5/3/5/6/6 3 3,Z,-0.6666666666666666666666666667,6,SLEEP,Z,0.0449359,0.185365
3/7/7/6/5/3/5/6/5 3 3,Z,-0.6666666666666666666666666667,4,SLEEP,Z,0.02997728,0.1351335
3/7/7/6/5/3/5/6/3 3 3,Z,-0.6666666666666666666666666667,4,SLEEP,Z,0.02749906,0.07931946
3/7/7/6/5/3/5/5/6 3 3,Z,0.60,6,SLEEP,Z,0.04198667,0.1861447
3/7/7/6/5/3/5/5/5 3 3,Z,0.60,6,SLEEP,Z,0.05858192,0.1954479
3/7/7/6/5/3/5/5/3 3 3,Z,0.60,6,SLEEP,Z,0.02930674,0.1023297
3/7/7/6/5/3/5/3/6 3 3,Z,0.7,6,SLEEP,Z,0.05091305,0.2323606
3/7/7/6/5/3/5/3/5 3 3,Z,0.7,6,SLEEP,Z,0.0938755,0.2697555
3/7/7/6/5/3/5/3/3 3 3,Z,0.7,36,SLEEP,Z,0.06404929,0.2653015
3/7/7/6/5/3/5/7/4 3 3,Z,0.60,6,SLEEP,Z,0.07241686,0.3444028
3/7/7/6/5/3/5/7/2 3 3,Z,0.60,4,SLEEP,Z,0.03085435,0.1427086
3/7/7/6/5/3/5/7/1 3 3,Z,0.60,4,SLEEP,Z,0.02872349,0.09212432
3/7/7/6/5/3/3/2/7 3 3,Z,0.60,6,SLEEP,Z,0.02862696,0.1243421
3/7/7/6/5/3/3/6/6 3 3,X,-0.75,6,SLEEP,Z,0.07294222,0.2804089
3/7/7/6/5/3/3/6/5 3 3,Z,-0.6666666666666666666666666667,4,SLEEP,Z,0.02971242,0.1292961
3/7/7/6/5/3/3/6/3 3 3,Z,-0.6666666666666666666666666667,6,SLEEP,Z,0.0303424,0.1320975
3/7/7/6/5/3/3/5/6 3 3,X,-0.75,4,SLEEP,Z,0.04619423,0.1530289
3/7/7/6/5/3/3/5/5 3 3,Z,0.60,4,SLEEP,Z,0.0545862,0.2209514
3/7/7/6/5/3/3/5/3 3 3,Z,0.60,4,SLEEP,Z,0.02631124,0.1064522
3/7/7/6/5/3/3/3/6 3 3,X,-0.75,6,SLEEP,Z,0.05101434,0.1999437
3/7/7/6/5/3/3/3/5 3 3,Z,0.7,10,SLEEP,Z,0.06896286,0.2333815
3/7/7/6/5/3/3/3/3 3 3,Z,0.7,6,SLEEP,Z,0.03487629,0.1301928
3/7/7/6/5/3/3/7/4 3 3,X,-0.75,6,SLEEP,Z,0.09360429,0.2991773
3/7/7/6/5/3/3/7/2 3 3,Z,0.60,6,SLEEP,Z,0.06803542,0.2501938
3/7/7/6/5/3/3/7/1 3 3,Z,0.60,2,SLEEP,Z,0.02555363,0.09864219
3/7/7/6/5/3/7/2/6 3 3,Z,0.60,6,SLEEP,Z,0.06387667,0.2550017
3/7/7/6/5/3/7/2/5 3 3,Z,0.60,6,SLEEP,Z,0.03914443,0.1669708
3/7/7/6/5/3/7/2/3 3 3,Z,0.60,2,SLEEP,Z,0.02998868,0.1329092
3/7/7/6/5/3/7/6/4 3 3,Z,-0.6666666666666666666666666666,4,SLEEP,Z,0.02972976,0.1325665
3/7/7/6/5/3/7/6/2 3 3,Z,-0.6666666666666666666666666666,4,SLEEP,Z,0.03567395,0.1600515
3/7/7/6/5/3/7/6/1 3 3,Z,-0.6666666666666666666666666666,4,SLEEP,Z,0.04927991,0.1424319
3/7/7/6/5/3/7/5/4 3 3,Z,0.60,8,SLEEP,Z,0.08700107,0.3547856
3/7/7/6/5/3/7/5/2 3 3,Z,0.60,4,SLEEP,Z,0.03037747,0.1284952
3/7/7/6/5/3/7/5/1 3 3,Z,0.60,4,SLEEP,Z,0.05707302,0.2041347
3/7/7/6/5/3/7/3/4 3 3,Z,0.7,4,SLEEP,Z,0.04315991,0.192704
3/7/7/6/5/3/7/3/2 3 3,Z,0.7,8,SLEEP,Z,0.1298676,0.3615758
3/7/7/6/5/3/7/3/1 3 3,Z,0.7,4,SLEEP,Z,0.06734543,0.2536157
3/7/7/6/5/7/2/2/7 3 3,X,-0.5,4,SLEEP,Z,0.03500075,0.1246786
3/7/7/6/5/7/2/6/6 3 3,X,-0.5555555555555555555555555555,6,SLEEP,Z,0.07049079,0.2864494
3/7/7/6/5/7/2/6/5 3 3,X,-0.5,4,SLEEP,Z,0.0442393,0.1810999
3/7/7/6/5/7/2/6/3 3 3,X,0.5,2,SLEEP,Z,0.03117575,0.1220983
3/7/7/6/5/7/2/5/6 3 3,X,-0.5555555555555555555555555555,4,SLEEP,Z,0.03857429,0.1620623
3/7/7/6/5/7/2/5/5 3 3,X,-0.5,6,SLEEP,Z,0.06957799,0.2376457
3/7/7/6/5/7/2/5/3 3 3,Z,0.5,4,SLEEP,Z,0.03158921,0.1084706
3/7/7/6/5/7/2/3/6 3 3,Z,0.60,6,SLEEP,Z,0.1019409,0.337376
3/7/7/6/5/7/2/3/5 3 3,Z,0.60,4,SLEEP,Z,0.03968437,0.1516229
3/7/7/6/5/7/2/3/3 3 3,Z,0.60,8,SLEEP,Z,0.05536713,0.1855732
3/7/7/6/5/7/2/7/4 3 3,X,-0.5555555555555555555555555555,8,SLEEP,Z,0.04359247,0.1896136
3/7/7/6/5/7/2/7/2 3 3,X,-0.5,4,SLEEP,Z,0.03573877,0.1396241
3/7/7/6/5/7/2/7/1 3 3,Z,0.5,4,SLEEP,Z,0.03096162,0.1173864
3/7/7/6/5/7/6/2/6 3 3,X,-0.6111111111111111111111111112,6,SLEEP,Z,0.07196991,0.3327777
3/7/7/6/5/7/6/2/5 3 3,X,-0.5555555555555555555555555555,6,SLEEP,Z,0.03975494,0.1718155
3/7/7/6/5/7/6/2/3 3 3,X,0.8333333333333333333333333333,2,SLEEP,Z,0.02309271,0.09237669
3/7/7/6/5/7/6/6/4 3 3,X,-0.6111111111111111111111111112,8,SLEEP,Z,0.08883213,0.4020799
3/7/7/6/5/7/6/6/2 3 3,X,-0.5555555555555555555555555555,6,SLEEP,Z,0.05331007,0.2356341
3/7/7/6/5/7/6/6/1 3 3,X,0.8333333333333333333333333333,2,SLEEP,Z,0.02243206,0.09805916
3/7/7/6/5/7/6/5/4 3 3,X,-0.6111111111111111111111111112,8,SLEEP,Z,0.08182558,0.368591
3/7/7/6/5/7/6/5/2 3 3,X,-0.5555555555555555555555555555,6,SLEEP,Z,0.04242488,0.168763
3/7/7/6/5/7/6/5/1 3 3,X,0.8333333333333333333333333333,4,SLEEP,Z,0.129056,0.3665501
3/7/7/6/5/7/6/3/4 3 3,X,-0.6111111111111111111111111112,6,SLEEP,Z,0.05381098,0.2579594
3/7/7/6/5/7/6/3/2 3 3,Z,0.60,6,SLEEP,Z,0.04294236,0.1513251
3/7/7/6/5/7/6/3/1 3 3,X,0.8333333333333333333333333333,4,SLEEP,Z,0.0384495,0.1519477
3/7/7/6/5/7/5/2/6 3 3,X,-0.5555555555555555555555555555,4,SLEEP,Z,0.06648596,0.2719966
3/7/7/6/5/7/5/2/5 3 3,X,-0.5,4,SLEEP,Z,0.04399158,0.1303338
3/7/7/6/5/7/5/2/3 3 3,Z,0.5,4,SLEEP,Z,0.06841181,0.1855867
3/7/7/6/5/7/5/6/4 3 3,X,-0.5555555555555555555555555555,6,SLEEP,Z,0.07096972,0.2950096
3/7/7/6/5/7/5/6/2 3 3,X,-0.5,4,SLEEP,Z,0.02690586,0.1185456
3/7/7/6/5/7/5/6/1 3 3,Z,0.5,2,SLEEP,Z,0.03910502,0.1709966
3/7/7/6/5/7/5/5/4 3 3,X,-0.5555555555555555555555555555,6,SLEEP,Z,0.07527819,0.3055151
3/7/7/6/5/7/5/5/2 3 3,X,-0.5,4,SLEEP,Z,0.03733965,0.1676191
3/7/7/6/5/7/5/5/1 3 3,Z,0.5,4,SLEEP,Z,0.03033516,0.1311585
3/7/7/6/5/7/5/3/4 3 3,Z,0.60,6,SLEEP,Z,0.08298314,0.3642362
3/7/7/6/5/7/5/3/2 3 3,Z,0.60,4,SLEEP,Z,0.05494928,0.2255524
3/7/7/6/5/7/5/3/1 3 3,Z,0.60,4,SLEEP,Z,0.02029042,0.0856838
3/7/7/6/5/7/3/2/6 3 3,X,-0.8333333333333333333333333333,4,SLEEP,Z,0.04391618,0.1598251
3/7/7/6/5/7/3/2/5 3 3,Z,0.5,6,SLEEP,Z,0.0810658,0.225326
3/7/7/6/5/7/3/2/3 3 3,Z,0.5,8,SLEEP,Z,0.02353111,0.09144497
3/7/7/6/5/7/3/6/4 3 3,X,-0.8333333333333333333333333333,4,SLEEP,Z,0.04266449,0.183287
3/7/7/6/5/7/3/6/2 3 3,X,-0.5,2,SLEEP,Z,0.02248886,0.100266
3/7/7/6/5/7/3/6/1 3 3,Z,0.5,4,SLEEP,Z,0.0529671,0.3171741
3/7/7/6/5/7/3/5/4 3 3,X,-0.8333333333333333333333333333,4,SLEEP,Z,0.05156802,0.2050682
3/7/7/6/5/7/3/5/2 3 3,Z,0.5,4,SLEEP,Z,0.0340526,0.1336797
3/7/7/6/5/7/3/5/1 3 3,Z,0.5,2,SLEEP,Z,0.01900304,0.07754323
3/7/7/6/5/7/3/3/4 3 3,X,-0.8333333333333333333333333333,4,SLEEP,Z,0.05468715,0.1772314
3/7/7/6/5/7/3/3/2 3 3,Z,0.60,6,SLEEP,Z,0.05833668,0.2089341
3/7/7/6/5/7/3/3/1 3 3,Z,0.60,4,SLEEP,Z,0.01565911,0.06070799
3/7/7/6/5/7/7/2/4 3 3,X,-0.5555555555555555555555555555,6,SLEEP,Z,0.1053089,0.3841226
3/7/7/6/5/7/7/2/2 3 3,X,-0.5,4,SLEEP,Z,0.03029662,0.1394906
3/7/7/6/5/7/7/2/1 3 3,Z,0.5,4,SLEEP,Z,0.04256839,0.1746801
3/7/7/6/3/2/2/7/7 3 3,Z,0.5,4,SLEEP,Z,0.0550915,0.1808721
3/7/7/6/3/2/6/6/7 3 3,X,-0.625,4,SLEEP,Z,0.06588936,0.1902607
3/7/7/6/3/2/6/5/7 3 3,X,-0.625,6,SLEEP,Z,0.1013251,0.3031943
3/7/7/6/3/2/6/3/7 3 3,X,-0.625,6,SLEEP,Z,0.07190146,0.2396423
3/7/7/6/3/2/6/7/6 3 3,X,-0.75,6,SLEEP,Z,0.09173651,0.3354963
3/7/7/6/3/2/6/7/5 3 3,X,-0.625,8,SLEEP,Z,0.0664742,0.2185915
3/7/7/6/3/2/6/7/3 3 3,X,0.7,10,SLEEP,Z,0.05738964,0.154957
3/7/7/6/3/2/5/6/7 3 3,X,-0.5,4,SLEEP,Z,0.04897597,0.1858346
3/7/7/6/3/2/5/5/7 3 3,Z,0.5,2,SLEEP,Z,0.05397317,0.1705131
3/7/7/6/3/2/5/3/7 3 3,Z,0.60,8,SLEEP,Z,0.1028898,0.2776937
3/7/7/6/3/2/5/7/6 3 3,X,-0.625,6,SLEEP,Z,0.05996272,0.2172651
3/7/7/6/3/2/5/7/5 3 3,Z,0.5,6,SLEEP,Z,0.05248311,0.1955606
3/7/7/6/3/2/5/7/3 3 3,Z,0.5,2,SLEEP,Z,0.02975933,0.1061459
3/7/7/6/3/2/3/6/7 3 3,X,-0.5,6,SLEEP,Z,0.03984236,0.1596505
3/7/7/6/3/2/3/5/7 3 3,Z,0.5,6,SLEEP,Z,0.04002646,0.1316808
3/7/7/6/3/2/3/3/7 3 3,Z,0.60,4,SLEEP,Z,0.04961235,0.1600886
3/7/7/6/3/2/3/7/6 3 3,X,-0.7,6,SLEEP,Z,0.06743823,0.2323389
3/7/7/6/3/2/3/7/5 3 3,Z,0.5,4,SLEEP,Z,0.05094132,0.216443
3/7/7/6/3/2/3/7/3 3 3,Z,0.5,12,SLEEP,Z,0.05045488,0.169594
3/7/7/6/3/2/7/2/7 3 3,Z,0.5,8,SLEEP,Z,0.05237322,0.2037701
3/7/7/6/3/2/7/6/6 3 3,X,-0.625,4,SLEEP,Z,0.04112817,0.1591713
3/7/7/6/3/2/7/6/5 3 3,X,-0.5,4,SLEEP,Z,0.05406901,0.2073625
3/7/7/6/3/2/7/6/3 3 3,Z,0.5,4,SLEEP,Z,0.05568222,0.1786721
3/7/7/6/3/2/7/5/6 3 3,X,-0.625,6,SLEEP,Z,0.06515086,0.2096578
3/7/7/6/3/2/7/5/5 3 3,Z,0.5,4,SLEEP,Z,0.04556591,0.1780885
3/7/7/6/3/2/7/5/3 3 3,Z,0.5,4,SLEEP,Z,0.0484129,0.3541603
3/7/7/6/3/2/7/3/6 3 3,X,-0.625,8,SLEEP,Z,0.1478118,0.4260887
3/7/7/6/3/2/7/3/5 3 3,Z,0.60,4,SLEEP,Z,0.03972737,0.1555301
3/7/7/6/3/2/7/3/3 3 3,Z,0.60,4,SLEEP,Z,0.02715687,0.1007626
3/7/7/6/3/2/7/7/4 3 3,X,-0.625,8,SLEEP,Z,0.1013422,0.3288892
3/7/7/6/3/2/7/7/2 3 3,Z,0.5,4,SLEEP,Z,0.03656421,0.1416674
3/7/7/6/3/2/7/7/1 3 3,Z,0.5,4,SLEEP,Z,0.03146044,0.108464
3/7/7/6/3/6/2/6/7 3 3,X,-0.5,4,SLEEP,Z,0.06862945,0.2110056
3/7/7/6/3/6/2/5/7 3 3,X,-0.5,4,SLEEP,Z,0.0774674,0.1999403
3/7/7/6/3/6/2/3/7 3 3,Z,0.6666666666666666666666666667,6,SLEEP,Z,0.09747102,0.26511
3/7/7/6/3/6/2/7/6 3 3,X,-0.625,4,SLEEP,Z,0.04017576,0.1590451
3/7/7/6/3/6/2/7/5 3 3,X,-0.5,2,SLEEP,Z,0.03682108,0.1343344
3/7/7/6/3/6/2/7/3 3 3,Z,0.5,2,SLEEP,Z,0.01807794,0.06027629
3/7/7/6/3/6/6/2/7 3 3,X,-0.625,4,SLEEP,Z,0.05282155,0.212222
3/7/7/6/3/6/6/6/6 3 3,X,-0.75,4,SLEEP,Z,0.06571138,0.2594851
3/7/7/6/3/6/6/6/5 3 3,X,-0.625,6,SLEEP,Z,0.08823446,0.2764824
3/7/7/6/3/6/6/6/3 3 3,X,0.75,4,SLEEP,Z,0.1214049,0.2809527
3/7/7/6/3/6/6/5/6 3 3,X,-0.75,8,SLEEP,Z,0.1007357,0.3575122
3/7/7/6/3/6/6/5/5 3 3,X,-0.625,4,SLEEP,Z,0.04110712,0.1511963
3/7/7/6/3/6/6/5/3 3 3,X,0.75,6,SLEEP,Z,0.06235298,0.2151694
3/7/7/6/3/6/6/3/6 3 3,X,-0.75,10,SLEEP,Z,0.08927576,0.2976977
3/7/7/6/3/6/6/3/5 3 3,Z,0.6666666666666666666666666667,6,SLEEP,Z,0.06452571,0.2141688
3/7/7/6/3/6/6/3/3 3 3,X,0.75,4,SLEEP,Z,0.04304285,0.1271889
3/7/7/6/3/6/6/7/4 3 3,X,-0.75,6,SLEEP,Z,0.06644172,0.2841773
3/7/7/6/3/6/6/7/2 3 3,X,-0.625,4,SLEEP,Z,0.03889347,0.1584572
3/7/7/6/3/6/6/7/1 3 3,X,0.75,6,SLEEP,Z,0.05722619,0.2226243
3/7/7/6/3/6/5/2/7 3 3,X,-0.5,4,SLEEP,Z,0.04416441,0.1893595
3/7/7/6/3/6/5/6/6 3 3,X,-0.625,4,SLEEP,Z,0.05189446,0.1959213
3/7/7/6/3/6/5/6/5 3 3,X,-0.5,4,SLEEP,Z,0.04376014,0.185045
3/7/7/6/3/6/5/6/3 3 3,Z,0.5,2,SLEEP,Z,0.05370102,0.1431993
3/7/7/6/3/6/5/5/6 3 3,X,-0.625,4,SLEEP,Z,0.04806788,0.1718294
3/7/7/6/3/6/5/5/5 3 3,X,-0.5,4,SLEEP,Z,0.09162877,0.2364052
3/7/7/6/3/6/5/5/3 3 3,Z,0.5,4,SLEEP,Z,0.0396346,0.1251407
3/7/7/6/3/6/5/3/6 3 3,Z,0.6666666666666666666666666667,6,SLEEP,Z,0.1527238,0.4002109
3/7/7/6/3/6/5/3/5 3 3,Z,0.6666666666666666666666666667,6,SLEEP,Z,0.0534138,0.2210999
3/7/7/6/3/6/5/3/3 3 3,Z,0.6666666666666666666666666667,4,SLEEP,Z,0.06174628,0.1711346
3/7/7/6/3/6/5/7/4 3 3,X,-0.625,4,SLEEP,Z,0.04986034,0.2011913
3/7/7/6/3/6/5/7/2 3 3,X,-0.5,4,SLEEP,Z,0.1026885,0.3347515
3/7/7/6/3/6/5/7/1 3 3,Z,0.5,4,SLEEP,Z,0.03611978,0.1333758
3/7/7/6/3/6/3/2/7 3 3,Z,0.5,4,SLEEP,Z,0.07424635,0.3669686
3/7/7/6/3/6/3/6/6 3 3,X,-0.75,4,SLEEP,Z,0.06117418,0.2200851
3/7/7/6/3/6/3/6/5 3 3,X,-0.5,4,SLEEP,Z,0.03536929,0.1461615
3/7/7/6/3/6/3/6/3 3 3,Z,0.5,2,SLEEP,Z,0.01925022,0.07888293
3/7/7/6/3/6/3/5/6 3 3,X,-0.75,4,SLEEP,Z,0.0486199,0.1788999
3/7/7/6/3/6/3/5/5 3 3,Z,0.5,2,SLEEP,Z,0.02645236,0.1145677
3/7/7/6/3/6/3/5/3 3 3,Z,0.5,2,SLEEP,Z,0.009941453,0.03817776
3/7/7/6/3/6/3/3/6 3 3,X,-0.75,4,SLEEP,Z,0.06261466,0.1767553
3/7/7/6/3/6/3/3/5 3 3,Z,0.6666666666666666666666666667,6,SLEEP,Z,0.05182613,0.2010695
3/7/7/6/3/6/3/3/3 3 3,Z,0.6666666666666666666666666667,4,SLEEP,Z,0.02292247,0.08573439
3/7/7/6/3/6/3/7/4 3 3,X,-0.75,4,SLEEP,Z,0.136103,0.3870145
3/7/7/6/3/6/3/7/2 3 3,Z,0.5,4,SLEEP,Z,0.04826159,0.1783687
3/7/7/6/3/6/3/7/1 3 3,Z,0.5,2,SLEEP,Z,0.02666791,0.04816213
3/7/7/6/3/6/7/2/6 3 3,X,-0.625,4,SLEEP,Z,0.06064581,0.2231193
3/7/7/6/3/6/7/2/5 3 3,X,-0.5,4,SLEEP,Z,0.02438272,0.1033543
3/7/7/6/3/6/7/2/3 3 3,Z,0.5,2,SLEEP,Z,0.02181398,0.08584964
3/7/7/6/3/6/7/6/4 3 3,X,-0.625,4,SLEEP,Z,0.03821893,0.1548397
3/7/7/6/3/6/7/6/2 3 3,X,-0.5,2,SLEEP,Z,0.03408787,0.131996
3/7/7/6/3/6/7/6/1 3 3,Z,0.5,4,SLEEP,Z,0.0270322,0.1177566
3/7/7/6/3/6/7/5/4 3 3,X,-0.625,4,SLEEP,Z,0.05859758,0.2207786
3/7/7/6/3/6/7/5/2 3 3,X,-0.5,4,SLEEP,Z,0.0741674,0.2423685
3/7/7/6/3/6/7/5/1 3 3,Z,0.5,4,SLEEP,Z,0.08377169,0.3356572
3/7/7/6/3/6/7/3/4 3 3,Z,0.6666666666666666666666666666,4,SLEEP,Z,0.05151268,0.1987308
3/7/7/6/3/6/7/3/2 3 3,Z,0.6666666666666666666666666666,6,SLEEP,Z,0.1386164,0.3342189
3/7/7/6/3/6/7/3/1 3 3,Z,0.6666666666666666666666666666,4,SLEEP,Z,0.1688226,0.2666772
3/7/7/6/3/5/2/6/7 3 3,X,-0.5,4,SLEEP,Z,0.07516521,0.2284062
3/7/7/6/3/5/2/5/7 3 3,Z,0.5,4,SLEEP,Z,0.04789635,0.1535593
3/7/7/6/3/5/2/3/7 3 3,Z,0.60,4,SLEEP,Z,0.04151698,0.1379248
3/7/7/6/3/5/2/7/6 3 3,X,-0.625,4,SLEEP,Z,0.06894112,0.2174773
3/7/7/6/3/5/2/7/5 3 3,Z,0.5,2,SLEEP,Z,0.05124241,0.165275
3/7/7/6/3/5/2/7/3 3 3,Z,0.5,6,SLEEP,Z,0.1062087,0.353992
3/7/7/6/3/5/6/2/7 3 3,X,-0.625,6,SLEEP,Z,0.1032326,0.3090658
3/7/7/6/3/5/6/6/6 3 3,X,-0.75,8,SLEEP,Z,0.08313458,0.3214854
3/7/7/6/3/5/6/6/5 3 3,X,-0.625,6,SLEEP,Z,0.04469593,0.1782512
3/7/7/6/3/5/6/6/3 3 3,X,0.75,2,SLEEP,Z,0.02429986,0.0886576
3/7/7/6/3/5/6/5/6 3 3,X,-0.75,6,SLEEP,Z,0.09909312,0.3595442
3/7/7/6/3/5/6/5/5 3 3,X,-0.625,6,SLEEP,Z,0.05384256,0.2119115
3/7/7/6/3/5/6/5/3 3 3,X,0.75,6,SLEEP,Z,0.1019317,0.234265
3/7/7/6/3/5/6/3/6 3 3,X,-0.75,6,SLEEP,Z,0.1246903,0.422502
3/7/7/6/3/5/6/3/5 3 3,X,-0.625,6,SLEEP,Z,0.07716795,0.2760769
3/7/7/6/3/5/6/3/3 3 3,X,0.75,4,SLEEP,Z,0.04364329,0.1508918
3/7/7/6/3/5/6/7/4 3 3,X,-0.75,8,SLEEP,Z,0.08159939,0.3325367
3/7/7/6/3/5/6/7/2 3 3,X,-0.625,4,SLEEP,Z,0.05125215,0.1749394
3/7/7/6/3/5/6/7/1 3 3,X,0.75,4,SLEEP,Z,0.04183219,0.1400872
3/7/7/6/3/5/5/2/7 3 3,Z,0.5,4,SLEEP,Z,0.07150925,0.1742825
3/7/7/6/3/5/5/6/6 3 3,X,-0.625,4,SLEEP,Z,0.05143642,0.2149169
3/7/7/6/3/5/5/6/5 3 3,X,-0.5,6,SLEEP,Z,0.04555893,0.185552
3/7/7/6/3/5/5/6/3 3 3,Z,0.5,4,SLEEP,Z,0.03748945,0.1360018
3/7/7/6/3/5/5/5/6 3 3,X,-0.625,8,SLEEP,Z,0.05869645,0.1861591
3/7/7/6/3/5/5/5/5 3 3,Z,0.5,4,SLEEP,Z,0.03968503,0.137623
3/7/7/6/3/5/5/5/3 3 3,Z,0.5,4,SLEEP,Z,0.02010928,0.07846086
3/7/7/6/3/5/5/3/6 3 3,X,-0.625,6,SLEEP,Z,0.07119397,0.2938733
3/7/7/6/3/5/5/3/5 3 3,Z,0.60,8,SLEEP,Z,0.1189756,0.294874
3/7/7/6/3/5/5/3/3 3 3,Z,0.60,2,SLEEP,Z,0.02594879,0.09582023
3/7/7/6/3/5/5/7/4 3 3,X,-0.625,4,SLEEP,Z,0.04975748,0.2045459
3/7/7/6/3/5/5/7/2 3 3,Z,0.5,4,SLEEP,Z,0.05281001,0.2256733
3/7/7/6/3/5/5/7/1 3 3,Z,0.5,4,SLEEP,Z,0.0578841,0.2127717
3/7/7/6/3/5/3/2/7 3 3,Z,0.5,4,SLEEP,Z,0.03156831,0.1133366
3/7/7/6/3/5/3/6/6 3 3,X,-0.75,4,SLEEP,Z,0.04328645,0.1609019
3/7/7/6/3/5/3/6/5 3 3,X,-0.5,2,SLEEP,Z,0.02678429,0.09330977
3/7/7/6/3/5/3/6/3 3 3,Z,0.5,4,SLEEP,Z,0.02587863,0.09521681
3/7/7/6/3/5/3/5/6 3 3,X,-0.75,4,SLEEP,Z,0.04901634,0.1895615
3/7/7/6/3/5/3/5/5 3 3,Z,0.5,4,SLEEP,Z,0.02754306,0.1018335
3/7/7/6/3/5/3/5/3 3 3,Z,0.5,4,SLEEP,Z,0.02518913,0.1044637
3/7/7/6/3/5/3/3/6 3 3,X,-0.75,4,SLEEP,Z,0.06493472,0.2218672
3/7/7/6/3/5/3/3/5 3 3,Z,0.60,6,SLEEP,Z,0.09097023,0.3583421
3/7/7/6/3/5/3/3/3 3 3,Z,0.60,12,SLEEP,Z,0.04014039,0.135071
3/7/7/6/3/5/3/7/4 3 3,X,-0.75,6,SLEEP,Z,0.163697,0.3533308
3/7/7/6/3/5/3/7/2 3 3,Z,0.5,4,SLEEP,Z,0.03685681,0.1401431
3/7/7/6/3/5/3/7/1 3 3,Z,0.5,4,SLEEP,Z,0.02441338,0.1041851
3/7/7/6/3/5/7/2/6 3 3,X,-0.625,8,SLEEP,Z,0.1050261,0.3634772
3/7/7/6/3/5/7/2/5 3 3,Z,0.5,4,SLEEP,Z,0.0451889,0.1726595
3/7/7/6/3/5/7/2/3 3 3,Z,0.5,2,SLEEP,Z,0.02528622,0.09548761
3/7/7/6/3/5/7/6/4 3 3,X,-0.625,2,SLEEP,Z,0.04314236,0.168732
3/7/7/6/3/5/7/6/2 3 3,X,-0.5,4,SLEEP,Z,0.06081056,0.233402
3/7/7/6/3/5/7/6/1 3 3,Z,0.5,2,SLEEP,Z,0.02616591,0.06932315
3/7/7/6/3/5/7/5/4 3 3,X,-0.625,6,SLEEP,Z,0.07071846,0.2469144
3/7/7/6/3/5/7/5/2 3 3,Z,0.5,4,SLEEP,Z,0.04946361,0.1834231
3/7/7/6/3/5/7/5/1 3 3,Z,0.5,6,SLEEP,Z,0.06915099,0.2052942
3/7/7/6/3/5/7/3/4 3 3,X,-0.625,6,SLEEP,Z,0.09122687,0.2928771
3/7/7/6/3/5/7/3/2 3 3,Z,0.60,4,SLEEP,Z,0.0458754,0.198386
3/7/7/6/3/5/7/3/1 3 3,Z,0.60,6,SLEEP,Z,0.03761627,0.1509646
3/7/7/6/3/3/2/6/7 3 3,Z,-0.6666666666666666666666666667,4,SLEEP,Z,0.04418065,0.1644677
3/7/7/6/3/3/2/5/7 3 3,Z,0.60,8,SLEEP,Z,0.1181373,0.3259725
3/7/7/6/3/3/2/3/7 3 3,Z,0.7,6,SLEEP,Z,0.06825574,0.1779385
3/7/7/6/3/3/2/7/6 3 3,X,-0.625,4,SLEEP,Z,0.08103409,0.2375183
3/7/7/6/3/3/2/7/5 3 3,Z,0.60,4,SLEEP,Z,0.04999206,0.1662223
3/7/7/6/3/3/2/7/3 3 3,Z,0.60,4,SLEEP,Z,0.02153327,0.06710929
3/7/7/6/3/3/6/2/7 3 3,X,-0.625,6,SLEEP,Z,0.05178137,0.2115883
3/7/7/6/3/3/6/6/6 3 3,X,-0.75,6,SLEEP,Z,0.106803,0.3744459
3/7/7/6/3/3/6/6/5 3 3,Z,-0.6666666666666666666666666667,4,SLEEP,Z,0.0404111,0.1569963
3/7/7/6/3/3/6/6/3 3 3,X,0.75,4,SLEEP,Z,0.05332921,0.1767842
3/7/7/6/3/3/6/5/6 3 3,X,-0.75,6,SLEEP,Z,0.09715405,0.3817374
3/7/7/6/3/3/6/5/5 3 3,X,-0.625,6,SLEEP,Z,0.06904871,0.2652088
3/7/7/6/3/3/6/5/3 3 3,X,0.75,6,SLEEP,Z,0.1218605,0.2890573
3/7/7/6/3/3/6/3/6 3 3,X,-0.75,8,SLEEP,Z,0.1460368,0.4955319
3/7/7/6/3/3/6/3/5 3 3,Z,0.7,8,SLEEP,Z,0.09745699,0.3226067
3/7/7/6/3/3/6/3/3 3 3,X,0.75,10,SLEEP,Z,0.1076574,0.3052636
3/7/7/6/3/3/6/7/4 3 3,X,-0.75,8,SLEEP,Z,0.09557056,0.3712012
3/7/7/6/3/3/6/7/2 3 3,X,-0.625,6,SLEEP,Z,0.06054298,0.2216194
3/7/7/6/3/3/6/7/1 3 3,X,0.75,4,SLEEP,Z,0.0403942,0.1204798
3/7/7/6/3/3/5/2/7 3 3,Z,0.60,6,SLEEP,Z,0.1024628,0.4070374
3/7/7/6/3/3/5/6/6 3 3,Z,-0.6666666666666666666666666667,6,SLEEP,Z,0.07344591,0.2130461
3/7/7/6/3/3/5/6/5 3 3,Z,-0.6666666666666666666666666667,4,SLEEP,Z,0.03973665,0.1529825
3/7/7/6/3/3/5/6/3 3 3,Z,-0.6666666666666666666666666667,4,SLEEP,Z,0.04181063,0.1916439
3/7/7/6/3/3/5/5/6 3 3,X,-0.625,8,SLEEP,Z,0.09749,0.406859
3/7/7/6/3/3/5/5/5 3 3,Z,0.60,4,SLEEP,Z,0.05281732,0.1497009
3/7/7/6/3/3/5/5/3 3 3,Z,0.60,4,SLEEP,Z,0.03742702,0.1721572
3/7/7/6/3/3/5/3/6 3 3,Z,0.7,8,SLEEP,Z,0.09955603,0.2924148
3/7/7/6/3/3/5/3/5 3 3,Z,0.7,6,SLEEP,Z,0.05709986,0.2017481
3/7/7/6/3/3/5/3/3 3 3,Z,0.7,4,SLEEP,Z,0.05627929,0.1965532
3/7/7/6/3/3/5/7/4 3 3,X,-0.625,4,SLEEP,Z,0.0434723,0.1830265
3/7/7/6/3/3/5/7/2 3 3,Z,0.60,4,SLEEP,Z,0.04691331,0.1788901
3/7/7/6/3/3/5/7/1 3 3,Z,0.60,4,SLEEP,Z,0.02842463,0.124695
3/7/7/6/3/3/3/2/7 3 3,Z,0.60,6,SLEEP,Z,0.0271242,0.09716042
3/7/7/6/3/3/3/6/6 3 3,X,-0.75,6,SLEEP,Z,0.04587119,0.1651465
3/7/7/6/3/3/3/6/5 3 3,Z,-0.6666666666666666666666666667,6,SLEEP,Z,0.03022608,0.1241807
3/7/7/6/3/3/3/6/3 3 3,Z,-0.6666666666666666666666666667,6,SLEEP,Z,0.02857798,0.1098712
3/7/7/6/3/3/3/5/6 3 3,X,-0.75,4,SLEEP,Z,0.03517106,0.1398417
3/7/7/6/3/3/3/5/5 3 3,Z,0.60,4,SLEEP,Z,0.03634588,0.1197748
3/7/7/6/3/3/3/5/3 3 3,Z,0.60,4,SLEEP,Z,0.03508616,0.138864
3/7/7/6/3/3/3/3/6 3 3,X,-0.75,8,SLEEP,Z,0.09408017,0.3035734
3/7/7/6/3/3/3/3/5 3 3,Z,0.7,4,SLEEP,Z,0.03540758,0.1411748
3/7/7/6/3/3/3/3/3 3 3,Z,0.7,4,SLEEP,Z,0.04374948,0.1614916
3/7/7/6/3/3/3/7/4 3 3,X,-0.75,4,SLEEP,Z,0.05100868,0.1727872
3/7/7/6/3/3/3/7/2 3 3,Z,0.60,6,SLEEP,Z,0.03537029,0.1463899
3/7/7/6/3/3/3/7/1 3 3,Z,0.60,4,SLEEP,Z,0.02671174,0.1010616
3/7/7/6/3/3/7/2/6 3 3,X,-0.625,6,SLEEP,Z,0.04949906,0.205007
3/7/7/6/3/3/7/2/5 3 3,Z,0.60,4,SLEEP,Z,0.02929969,0.1077551
3/7/7/6/3/3/7/2/3 3 3,Z,0.60,4,SLEEP,Z,0.03611617,0.1537307
3/7/7/6/3/3/7/6/4 3 3,Z,-0.6666666666666666666666666666,4,SLEEP,Z,0.04666534,0.193378
3/7/7/6/3/3/7/6/2 3 3,Z,-0.6666666666666666666666666666,4,SLEEP,Z,0.08953976,0.2822033
3/7/7/6/3/3/7/6/1 3 3,Z,-0.6666666666666666666666666666,2,SLEEP,Z,0.01152465,0.05026202
3/7/7/6/3/3/7/5/4 3 3,X,-0.625,4,SLEEP,Z,0.0510679,0.2049452
3/7/7/6/3/3/7/5/2 3 3,Z,0.60,6,SLEEP,Z,0.02946138,0.1255945
3/7/7/6/3/3/7/5/1 3 3,Z,0.60,6,SLEEP,Z,0.02596889,0.1074431
3/7/7/6/3/3/7/3/4 3 3,Z,0.7,6,SLEEP,Z,0.0552426,0.2347195
3/7/7/6/3/3/7/3/2 3 3,Z,0.7,36,SLEEP,Z,0.06210137,0.2230052
3/7/7/6/3/3/7/3/1 3 3,Z,0.7,8,SLEEP,Z,0.06516283,0.2466291
3/7/7/6/3/7/2/2/7 3 3,Z,0.5,4,SLEEP,Z,0.04416737,0.1678176
3/7/7/6/3/7/2/6/6 3 3,X,-0.625,6,SLEEP,Z,0.09050933,0.3173043
3/7/7/6/3/7/2/6/5 3 3,X,-0.5,4,SLEEP,Z,0.03779509,0.08590395
3/7/7/6/3/7/2/6/3 3 3,X,0.5,2,SLEEP,Z,0.03199227,0.1021688
3/7/7/6/3/7/2/5/6 3 3,X,-0.625,6,SLEEP,Z,0.06207093,0.229091
3/7/7/6/3/7/2/5/5 3 3,Z,0.5,4,SLEEP,Z,0.04082404,0.1591166
3/7/7/6/3/7/2/5/3 3 3,Z,0.5,6,SLEEP,Z,0.04623488,0.1572126
3/7/7/6/3/7/2/3/6 3 3,X,-0.625,4,SLEEP,Z,0.04157532,0.1473145
3/7/7/6/3/7/2/3/5 3 3,Z,0.60,6,SLEEP,Z,0.08717667,0.3213375
3/7/7/6/3/7/2/3/3 3 3,Z,0.60,4,SLEEP,Z,0.07532147,0.1532526
3/7/7/6/3/7/2/7/4 3 3,X,-0.625,6,SLEEP,Z,0.09976185,0.3417165
3/7/7/6/3/7/2/7/2 3 3,Z,0.5,6,SLEEP,Z,0.08945264,0.3006894
3/7/7/6/3/7/2/7/1 3 3,Z,0.5,2,SLEEP,Z,0.02127566,0.07939824
3/7/7/6/3/7/6/2/6 3 3,X,-0.75,8,SLEEP,Z,0.08561148,0.3198783
3/7/7/6/3/7/6/2/5 3 3,X,-0.625,6,SLEEP,Z,0.05813797,0.2283357
3/7/7/6/3/7/6/2/3 3 3,X,0.8333333333333333333333333333,6,SLEEP,Z,0.0462333,0.1636686
3/7/7/6/3/7/6/6/4 3 3,X,-0.75,6,SLEEP,Z,0.1328861,0.4668052
3/7/7/6/3/7/6/6/2 3 3,X,-0.625,6,SLEEP,Z,0.1248538,0.3290339
3/7/7/6/3/7/6/6/1 3 3,X,0.8333333333333333333333333333,4,SLEEP,Z,0.04495396,0.1785209
3/7/7/6/3/7/6/5/4 3 3,X,-0.75,6,SLEEP,Z,0.05881482,0.2364408
3/7/7/6/3/7/6/5/2 3 3,X,-0.625,4,SLEEP,Z,0.03780907,0.1329988
3/7/7/6/3/7/6/5/1 3 3,X,0.8333333333333333333333333333,4,SLEEP,Z,0.09159435,0.3664643
3/7/7/6/3/7/6/3/4 3 3,X,-0.75,8,SLEEP,Z,0.08924513,0.311364
3/7/7/6/3/7/6/3/2 3 3,X,-0.625,4,SLEEP,Z,0.03704002,0.1520592
3/7/7/6/3/7/6/3/1 3 3,X,0.8333333333333333333333333333,6,SLEEP,Z,0.1686605,0.333714
3/7/7/6/3/7/5/2/6 3 3,X,-0.625,6,SLEEP,Z,0.1533457,0.415578
3/7/7/6/3/7/5/2/5 3 3,Z,0.5,6,SLEEP,Z,0.06262837,0.2343671
3/7/7/6/3/7/5/2/3 3 3,Z,0.5,4,SLEEP,Z,0.03484511,0.1449971
3/7/7/6/3/7/5/6/4 3 3,X,-0.625,4,SLEEP,Z,0.0525401,0.2353494
3/7/7/6/3/7/5/6/2 3 3,X,-0.5,4,SLEEP,Z,0.06764107,0.2560282
3/7/7/6/3/7/5/6/1 3 3,Z,0.5,4,SLEEP,Z,0.03367347,0.1382079
3/7/7/6/3/7/5/5/4 3 3,X,-0.625,6,SLEEP,Z,0.03303754,0.1361403
3/7/7/6/3/7/5/5/2 3 3,Z,0.5,2,SLEEP,Z,0.023701,0.1093745
3/7/7/6/3/7/5/5/1 3 3,Z,0.5,2,SLEEP,Z,0.04458406,0.09933837
3/7/7/6/3/7/5/3/4 3 3,X,-0.625,6,SLEEP,Z,0.06338141,0.2364925
3/7/7/6/3/7/5/3/2 3 3,Z,0.60,4,SLEEP,Z,0.03574068,0.144106
3/7/7/6/3/7/5/3/1 3 3,Z,0.60,8,SLEEP,Z,0.08984685,0.266578
3/7/7/6/3/7/3/2/6 3 3,X,-0.8333333333333333333333333333,4,SLEEP,Z,0.03552715,0.1206284
3/7/7/6/3/7/3/2/5 3 3,Z,0.5,6,SLEEP,Z,0.03623194,0.1321365
3/7/7/6/3/7/3/2/3 3 3,Z,0.5,2,SLEEP,Z,0.02084938,0.0849206
3/7/7/6/3/7/3/6/4 3 3,X,-0.8333333333333333333333333333,4,SLEEP,Z,0.04164723,0.1567606
3/7/7/6/3/7/3/6/2 3 3,X,-0.5,2,SLEEP,Z,0.02534621,0.1026323
3/7/7/6/3/7/3/6/1 3 3,Z,0.5,2,SLEEP,Z,0.01510025,0.06739946
3/7/7/6/3/7/3/5/4 3 3,X,-0.8333333333333333333333333333,6,SLEEP,Z,0.2018197,0.4696523
3/7/7/6/3/7/3/5/2 3 3,Z,0.5,4,SLEEP,Z,0.04649063,0.1755132
3/7/7/6/3/7/3/5/1 3 3,Z,0.5,2,SLEEP,Z,0.0176329,0.07737766
3/7/7/6/3/7/3/3/4 3 3,X,-0.8333333333333333333333333333,4,SLEEP,Z,0.0657054,0.1857687
3/7/7/6/3/7/3/3/2 3 3,Z,0.60,6,SLEEP,Z,0.05710132,0.1926364
3/7/7/6/3/7/3/3/1 3 3,Z,0.60,4,SLEEP,Z,0.03097009,0.1246144
3/7/7/6/3/7/7/2/4 3 3,X,-0.625,6,SLEEP,Z,0.09121353,0.3118566
3/7/7/6/3/7/7/2/2 3 3,Z,0.5,4,SLEEP,Z,0.02358816,0.08824938
3/7/7/6/3/7/7/2/1 3 3,Z,0.5,6,SLEEP,Z,0.02723031,0.1160559
3/7/7/6/7/2/2/6/7 3 3,X,-0.5,4,SLEEP,Z,0.05586048,0.1741358
3/7/7/6/7/2/2/5/7 3 3,X,-0.5,6,SLEEP,Z,0.08816424,0.3659617
3/7/7/6/7/2/2/3/7 3 3,Z,0.6,6,SLEEP,Z,0.0421104,0.141677
3/7/7/6/7/2/2/7/6 3 3,X,-0.5555555555555555555555555555,4,SLEEP,Z,0.04823007,0.1908178
3/7/7/6/7/2/2/7/5 3 3,X,-0.5,4,SLEEP,Z,0.04145741,0.1363355
3/7/7/6/7/2/2/7/3 3 3,Z,0.5,4,SLEEP,Z,0.02684012,0.08319955
3/7/7/6/7/2/6/2/7 3 3,X,-0.5555555555555555555555555555,4,SLEEP,Z,0.04236451,0.1492712
3/7/7/6/7/2/6/6/6 3 3,X,-0.6111111111111111111111111112,6,SLEEP,Z,0.07105736,0.3086827
3/7/7/6/7/2/6/6/5 3 3,X,-0.5555555555555555555555555555,4,SLEEP,Z,0.03390158,0.140979
3/7/7/6/7/2/6/6/3 3 3,X,0.75,4,SLEEP,Z,0.04059333,0.1439488
3/7/7/6/7/2/6/5/6 3 3,X,-0.6111111111111111111111111112,6,SLEEP,Z,0.05802632,0.2117918
3/7/7/6/7/2/6/5/5 3 3,X,-0.5555555555555555555555555555,4,SLEEP,Z,0.0354446,0.1444697
3/7/7/6/7/2/6/5/3 3 3,X,0.75,4,SLEEP,Z,0.03782798,0.1449516
3/7/7/6/7/2/6/3/6 3 3,X,-0.6111111111111111111111111112,6,SLEEP,Z,0.1015058,0.3740221
3/7/7/6/7/2/6/3/5 3 3,Z,0.6,6,SLEEP,Z,0.06033902,0.190538
3/7/7/6/7/2/6/3/3 3 3,X,0.75,6,SLEEP,Z,0.05212678,0.1795709
3/7/7/6/7/2/6/7/4 3 3,X,-0.6111111111111111111111111112,6,SLEEP,Z,0.05458341,0.2592361
3/7/7/6/7/2/6/7/2 3 3,X,-0.5555555555555555555555555555,4,SLEEP,Z,0.08035657,0.3166476
3/7/7/6/7/2/6/7/1 3 3,X,0.75,2,SLEEP,Z,0.03879258,0.0854585
3/7/7/6/7/2/5/2/7 3 3,X,-0.5,4,SLEEP,Z,0.03151724,0.1329984
3/7/7/6/7/2/5/6/6 3 3,X,-0.5555555555555555555555555555,4,SLEEP,Z,0.06353983,0.3127149
3/7/7/6/7/2/5/6/5 3 3,X,-0.5,6,SLEEP,Z,0.03667198,0.1674631
3/7/7/6/7/2/5/6/3 3 3,Z,0.5,2,SLEEP,Z,0.0318526,0.1015614
3/7/7/6/7/2/5/5/6 3 3,X,-0.5555555555555555555555555555,6,SLEEP,Z,0.05790508,0.3211916
3/7/7/6/7/2/5/5/5 3 3,X,-0.5,4,SLEEP,Z,0.03368105,0.1498797
3/7/7/6/7/2/5/5/3 3 3,Z,0.5,4,SLEEP,Z,0.04131668,0.1788646
3/7/7/6/7/2/5/3/6 3 3,Z,0.6,6,SLEEP,Z,0.04259324,0.2074458
3/7/7/6/7/2/5/3/5 3 3,Z,0.6,6,SLEEP,Z,0.05291609,0.1913539
3/7/7/6/7/2/5/3/3 3 3,Z,0.6,6,SLEEP,Z,0.09142621,0.278169
3/7/7/6/7/2/5/7/4 3 3,X,-0.5555555555555555555555555555,4,SLEEP,Z,0.0379342,0.1739391
3/7/7/6/7/2/5/7/2 3 3,X,-0.5,4,SLEEP,Z,0.03077193,0.1267085
3/7/7/6/7/2/5/7/1 3 3,Z,0.5,4,SLEEP,Z,0.02330817,0.109635
3/7/7/6/7/2/3/2/7 3 3,Z,0.5,6,SLEEP,Z,0.03478175,0.1412799
3/7/7/6/7/2/3/6/6 3 3,X,-0.75,6,SLEEP,Z,0.05540935,0.1715993
3/7/7/6/7/2/3/6/5 3 3,X,-0.5,6,SLEEP,Z,0.03161174,0.1461636
3/7/7/6/7/2/3/6/3 3 3,Z,0.5,2,SLEEP,Z,0.02524195,0.07526509
3/7/7/6/7/2/3/5/6 3 3,X,-0.75,4,SLEEP,Z,0.04946634,0.1810558
3/7/7/6/7/2/3/5/5 3 3,Z,0.5,4,SLEEP,Z,0.03339097,0.1465476
3/7/7/6/7/2/3/5/3 3 3,Z,0.5,6,SLEEP,Z,0.05179984,0.1277635
3/7/7/6/7/2/3/3/6 3 3,X,-0.75,8,SLEEP,Z,0.05167986,0.1544494
3/7/7/6/7/2/3/3/5 3 3,Z,0.6,4,SLEEP,Z,0.03218153,0.1333203
3/7/7/6/7/2/3/3/3 3 3,Z,0.6,6,SLEEP,Z,0.03782313,0.1236214
3/7/7/6/7/2/3/7/4 3 3,X,-0.75,2,SLEEP,Z,0.03192445,0.1307391
3/7/7/6/7/2/3/7/2 3 3,Z,0.5,4,SLEEP,Z,0.04712469,0.2260388
3/7/7/6/7/2/3/7/1 3 3,Z,0.5,2,SLEEP,Z,0.02002163,0.07518608
3/7/7/6/7/2/7/2/6 3 3,X,-0.5555555555555555555555555555,4,SLEEP,Z,0.04638126,0.203421
3/7/7/6/7/2/7/2/5 3 3,X,-0.5,4,SLEEP,Z,0.02823514,0.1075571
3/7/7/6/7/2/7/2/3 3 3,Z,0.5,2,SLEEP,Z,0.02467623,0.08537523
3/7/7/6/7/2/7/6/4 3 3,X,-0.5555555555555555555555555555,6,SLEEP,Z,0.04003141,0.1991463
3/7/7/6/7/2/7/6/2 3 3,X,-0.5,4,SLEEP,Z,0.04075969,0.123075
3/7/7/6/7/2/7/6/1 3 3,Z,0.5,4,SLEEP,Z,0.02498894,0.1080881
3/7/7/6/7/2/7/5/4 3 3,X,-0.5555555555555555555555555555,4,SLEEP,Z,0.04314303,0.1934751
3/7/7/6/7/2/7/5/2 3 3,X,-0.5,4,SLEEP,Z,0.03268179,0.1447345
3/7/7/6/7/2/7/5/1 3 3,Z,0.5,2,SLEEP,Z,0.02501055,0.1134836
3/7/7/6/7/2/7/3/4 3 3,Z,0.6,4,SLEEP,Z,0.03277325,0.1245298
3/7/7/6/7/2/7/3/2 3 3,Z,0.6,4,SLEEP,Z,0.03406728,0.1407872
3/7/7/6/7/2/7/3/1 3 3,Z,0.6,4,SLEEP,Z,0.0547281,0.1945795
3/7/7/6/7/6/2/2/7 3 3,X,-0.5,2,SLEEP,Z,0.03163533,0.1231238
3/7/7/6/7/6/2/6/6 3 3,X,-0.5555555555555555555555555555,6,SLEEP,Z,0.108455,0.260669
3/7/7/6/7/6/2/6/5 3 3,X,-0.5,4,SLEEP,Z,0.08969947,0.2835396
3/7/7/6/7/6/2/6/3 3 3,X,0.5,2,SLEEP,Z,0.1316751,0.2392521
3/7/7/6/7/6/2/5/6 3 3,X,-0.5555555555555555555555555555,6,SLEEP,Z,0.0639732,0.257057
3/7/7/6/7/6/2/5/5 3 3,X,-0.5,6,SLEEP,Z,0.05070351,0.189737
3/7/7/6/7/6/2/5/3 3 3,Z,0.5,2,SLEEP,Z,0.02561012,0.0886826
3/7/7/6/7/6/2/3/6 3 3,Z,0.7,6,SLEEP,Z,0.06335977,0.2359116
3/7/7/6/7/6/2/3/5 3 3,Z,0.7,4,SLEEP,Z,0.0348515,0.1139197
3/7/7/6/7/6/2/3/3 3 3,Z,0.7,6,SLEEP,Z,0.06570222,0.168966
3/7/7/6/7/6/2/7/4 3 3,X,-0.5555555555555555555555555555,4,SLEEP,Z,0.04878501,0.2155736
3/7/7/6/7/6/2/7/2 3 3,X,-0.5,4,SLEEP,Z,0.0392699,0.1496403
3/7/7/6/7/6/2/7/1 3 3,Z,0.5,4,SLEEP,Z,0.03172094,0.1210939
3/7/7/6/7/6/6/2/6 3 3,X,-0.6111111111111111111111111112,8,SLEEP,Z,0.06666893,0.3062918
3/7/7/6/7/6/6/2/5 3 3,X,-0.5555555555555555555555555555,4,SLEEP,Z,0.03968106,0.1702358
3/7/7/6/7/6/6/2/3 3 3,X,0.8333333333333333333333333333,2,SLEEP,Z,0.03852693,0.1190935
3/7/7/6/7/6/6/6/4 3 3,X,-0.6111111111111111111111111112,6,SLEEP,Z,0.05569555,0.2718983
3/7/7/6/7/6/6/6/2 3 3,X,-0.5555555555555555555555555555,4,SLEEP,Z,0.04521581,0.1877844
3/7/7/6/7/6/6/6/1 3 3,X,0.8333333333333333333333333333,4,SLEEP,Z,0.03547768,0.146919
3/7/7/6/7/6/6/5/4 3 3,X,-0.6111111111111111111111111112,8,SLEEP,Z,0.09140833,0.3921953
3/7/7/6/7/6/6/5/2 3 3,X,-0.5555555555555555555555555555,4,SLEEP,Z,0.05063428,0.1621459
3/7/7/6/7/6/6/5/1 3 3,X,0.8333333333333333333333333333,4,SLEEP,Z,0.02771639,0.1105747
3/7/7/6/7/6/6/3/4 3 3,Z,0.7,6,SLEEP,Z,0.06634678,0.3066662
3/7/7/6/7/6/6/3/2 3 3,Z,0.7,4,SLEEP,Z,0.04025817,0.1575464
3/7/7/6/7/6/6/3/1 3 3,X,0.8333333333333333333333333333,4,SLEEP,Z,0.1758258,0.3015913
3/7/7/6/7/6/5/2/6 3 3,X,-0.5555555555555555555555555555,6,SLEEP,Z,0.05449467,0.2020063
3/7/7/6/7/6/5/2/5 3 3,X,-0.5,4,SLEEP,Z,0.03157897,0.1440398
3/7/7/6/7/6/5/2/3 3 3,Z,0.5,2,SLEEP,Z,0.01959919,0.09031547
3/7/7/6/7/6/5/6/4 3 3,X,-0.5555555555555555555555555555,8,SLEEP,Z,0.06481484,0.2855895
3/7/7/6/7/6/5/6/2 3 3,X,-0.5,4,SLEEP,Z,0.03369718,0.1512856
3/7/7/6/7/6/5/6/1 3 3,Z,0.5,2,SLEEP,Z,0.03868379,0.1746607
3/7/7/6/7/6/5/5/4 3 3,X,-0.5555555555555555555555555555,4,SLEEP,Z,0.03189423,0.1497542
3/7/7/6/7/6/5/5/2 3 3,X,-0.5,4,SLEEP,Z,0.03683269,0.1631081
3/7/7/6/7/6/5/5/1 3 3,Z,0.5,4,SLEEP,Z,0.02916617,0.128601
3/7/7/6/7/6/5/3/4 3 3,Z,0.7,6,SLEEP,Z,0.05023472,0.1941101
3/7/7/6/7/6/5/3/2 3 3,Z,0.7,4,SLEEP,Z,0.04261285,0.175812
3/7/7/6/7/6/5/3/1 3 3,Z,0.7,4,SLEEP,Z,0.03548971,0.1527335
3/7/7/6/7/6/3/2/6 3 3,X,-0.8333333333333333333333333333,4,SLEEP,Z,0.04020675,0.1581382
3/7/7/6/7/6/3/2/5 3 3,Z,0.5,4,SLEEP,Z,0.03299339,0.1432824
3/7/7/6/7/6/3/2/3 3 3,Z,0.5,4,SLEEP,Z,0.0246534,0.1072514
3/7/7/6/7/6/3/6/4 3 3,X,-0.8333333333333333333333333333,4,SLEEP,Z,0.04749522,0.1628626
3/7/7/6/7/6/3/6/2 3 3,X,-0.5,4,SLEEP,Z,0.05640825,0.256767
3/7/7/6/7/6/3/6/1 3 3,Z,0.5,4,SLEEP,Z,0.02630824,0.1208127
3/7/7/6/7/6/3/5/4 3 3,X,-0.8333333333333333333333333333,4,SLEEP,Z,0.0330138,0.130226
3/7/7/6/7/6/3/5/2 3 3,Z,0.5,2,SLEEP,Z,0.02458735,0.1002779
3/7/7/6/7/6/3/5/1 3 3,Z,0.5,4,SLEEP,Z,0.02784288,0.1189084
3/7/7/6/7/6/3/3/4 3 3,X,-0.8333333333333333333333333333,4,SLEEP,Z,0.04756817,0.1954162
3/7/7/6/7/6/3/3/2 3 3,Z,0.7,4,SLEEP,Z,0.04371942,0.1739263
3/7/7/6/7/6/3/3/1 3 3,Z,0.7,2,SLEEP,Z,0.02199711,0.0854779
3/7/7/6/7/6/7/2/4 3 3,X,-0.5555555555555555555555555555,10,SLEEP,Z,0.07699887,0.3273736
3/7/7/6/7/6/7/2/2 3 3,X,-0.5,4,SLEEP,Z,0.03126265,0.1383219
3/7/7/6/7/6/7/2/1 3 3,Z,0.5,2,SLEEP,Z,0.01643386,0.0665022
3/7/7/6/7/5/2/2/7 3 3,X,-0.5,4,SLEEP,Z,0.03775184,0.1559423
3/7/7/6/7/5/2/6/6 3 3,X,-0.5555555555555555555555555555,4,SLEEP,Z,0.05425221,0.2336992
3/7/7/6/7/5/2/6/5 3 3,X,-0.5,4,SLEEP,Z,0.03348989,0.1452462
3/7/7/6/7/5/2/6/3 3 3,X,0.5,2,SLEEP,Z,0.0454265,0.1050513
3/7/7/6/7/5/2/5/6 3 3,X,-0.5555555555555555555555555555,8,SLEEP,Z,0.05472387,0.2274836
3/7/7/6/7/5/2/5/5 3 3,X,-0.5,2,SLEEP,Z,0.02976302,0.1265498
3/7/7/6/7/5/2/5/3 3 3,Z,0.5,4,SLEEP,Z,0.107596,0.3459144
3/7/7/6/7/5/2/3/6 3 3,Z,0.6,6,SLEEP,Z,0.07031611,0.2275253
3/7/7/6/7/5/2/3/5 3 3,Z,0.6,6,SLEEP,Z,0.03544809,0.1317292
3/7/7/6/7/5/2/3/3 3 3,Z,0.6,4,SLEEP,Z,0.04526987,0.1223776
3/7/7/6/7/5/2/7/4 3 3,X,-0.5555555555555555555555555555,6,SLEEP,Z,0.0596498,0.2436258
3/7/7/6/7/5/2/7/2 3 3,X,-0.5,4,SLEEP,Z,0.04130318,0.1630174
3/7/7/6/7/5/2/7/1 3 3,Z,0.5,4,SLEEP,Z,0.03536792,0.1223825
3/7/7/6/7/5/6/2/6 3 3,X,-0.6111111111111111111111111112,6,SLEEP,Z,0.06152034,0.2463782
3/7/7/6/7/5/6/2/5 3 3,X,-0.5555555555555555555555555555,4,SLEEP,Z,0.02720769,0.1190189
3/7/7/6/7/5/6/2/3 3 3,X,0.8333333333333333333333333333,4,SLEEP,Z,0.03438943,0.1393788
3/7/7/6/7/5/6/6/4 3 3,X,-0.6111111111111111111111111112,6,SLEEP,Z,0.07401682,0.3261772
3/7/7/6/7/5/6/6/2 3 3,X,-0.5555555555555555555555555555,6,SLEEP,Z,0.07701699,0.3053844
3/7/7/6/7/5/6/6/1 3 3,X,0.8333333333333333333333333333,4,SLEEP,Z,0.0258748,0.09882007
3/7/7/6/7/5/6/5/4 3 3,X,-0.6111111111111111111111111112,8,SLEEP,Z,0.09376018,0.3953609
3/7/7/6/7/5/6/5/2 3 3,X,-0.5555555555555555555555555555,6,SLEEP,Z,0.05597458,0.2441141
3/7/7/6/7/5/6/5/1 3 3,X,0.8333333333333333333333333333,4,SLEEP,Z,0.03105327,0.1374538
3/7/7/6/7/5/6/3/4 3 3,X,-0.6111111111111111111111111112,6,SLEEP,Z,0.06524075,0.279338
3/7/7/6/7/5/6/3/2 3 3,Z,0.6,4,SLEEP,Z,0.04371802,0.1903202
3/7/7/6/7/5/6/3/1 3 3,X,0.8333333333333333333333333333,4,SLEEP,Z,0.1575216,0.3713447
3/7/7/6/7/5/5/2/6 3 3,X,-0.5555555555555555555555555555,6,SLEEP,Z,0.05388439,0.2429315
3/7/7/6/7/5/5/2/5 3 3,X,-0.5,4,SLEEP,Z,0.0361404,0.1449729
3/7/7/6/7/5/5/2/3 3 3,Z,0.5,4,SLEEP,Z,0.05691804,0.1489629
3/7/7/6/7/5/5/6/4 3 3,X,-0.5555555555555555555555555555,2,SLEEP,Z,0.03294706,0.1427553
3/7/7/6/7/5/5/6/2 3 3,X,-0.5,4,SLEEP,Z,0.062566,0.2308844
3/7/7/6/7/5/5/6/1 3 3,Z,0.5,2,SLEEP,Z,0.0324958,0.1274366
3/7/7/6/7/5/5/5/4 3 3,X,-0.5555555555555555555555555555,6,SLEEP,Z,0.05060572,0.2266758
3/7/7/6/7/5/5/5/2 3 3,X,-0.5,4,SLEEP,Z,0.0447514,0.2152089
3/7/7/6/7/5/5/5/1 3 3,Z,0.5,4,SLEEP,Z,0.04978526,0.138631
3/7/7/6/7/5/5/3/4 3 3,Z,0.6,8,SLEEP,Z,0.05895796,0.2527884
3/7/7/6/7/5/5/3/2 3 3,Z,0.6,4,SLEEP,Z,0.03846746,0.1828462
3/7/7/6/7/5/5/3/1 3 3,Z,0.6,4,SLEEP,Z,0.0387435,0.1435635
3/7/7/6/7/5/3/2/6 3 3,X,-0.8333333333333333333333333333,4,SLEEP,Z,0.06217564,0.2270129
3/7/7/6/7/5/3/2/5 3 3,Z,0.5,4,SLEEP,Z,0.02955062,0.1188369
3/7/7/6/7/5/3/2/3 3 3,Z,0.5,4,SLEEP,Z,0.06194868,0.1649181
3/7/7/6/7/5/3/6/4 3 3,X,-0.8333333333333333333333333333,2,SLEEP,Z,0.03816411,0.1362392
3/7/7/6/7/5/3/6/2 3 3,X,-0.5,2,SLEEP,Z,0.03777657,0.1511276
3/7/7/6/7/5/3/6/1 3 3,Z,0.5,4,SLEEP,Z,0.0334797,0.1388334
3/7/7/6/7/5/3/5/4 3 3,X,-0.8333333333333333333333333333,4,SLEEP,Z,0.03629142,0.1468829
3/7/7/6/7/5/3/5/2 3 3,Z,0.5,2,SLEEP,Z,0.02720285,0.1133414
3/7/7/6/7/5/3/5/1 3 3,Z,0.5,2,SLEEP,Z,0.01916038,0.08660934
3/7/7/6/7/5/3/3/4 3 3,X,-0.8333333333333333333333333333,6,SLEEP,Z,0.07023512,0.2342382
3/7/7/6/7/5/3/3/2 3 3,Z,0.6,4,SLEEP,Z,0.03781819,0.1697171
3/7/7/6/7/5/3/3/1 3 3,Z,0.6,2,SLEEP,Z,0.01901464,0.07835679
3/7/7/6/7/5/7/2/4 3 3,X,-0.5555555555555555555555555555,6,SLEEP,Z,0.05240901,0.2440898
3/7/7/6/7/5/7/2/2 3 3,X,-0.5,4,SLEEP,Z,0.04487439,0.1599462
3/7/7/6/7/5/7/2/1 3 3,Z,0.5,4,SLEEP,Z,0.03091303,0.1345607
3/7/7/6/7/3/2/2/7 3 3,Z,0.6,6,SLEEP,Z,0.03676088,0.1557428
3/7/7/6/7/3/2/6/6 3 3,Z,-0.7,4,SLEEP,Z,0.04514463,0.1693131
3/7/7/6/7/3/2/6/5 3 3,Z,-0.7,4,SLEEP,Z,0.04252652,0.1645773
3/7/7/6/7/3/2/6/3 3 3,Z,-0.7,2,SLEEP,Z,0.009455439,0.03458177
3/7/7/6/7/3/2/5/6 3 3,Z,0.6,4,SLEEP,Z,0.04378721,0.1737994
3/7/7/6/7/3/2/5/5 3 3,Z,0.6,4,SLEEP,Z,0.05335684,0.1710838
3/7/7/6/7/3/2/5/3 3 3,Z,0.6,4,SLEEP,Z,0.04516997,0.1514737
3/7/7/6/7/3/2/3/6 3 3,Z,0.7,6,SLEEP,Z,0.07498156,0.3411843
3/7/7/6/7/3/2/3/5 3 3,Z,0.7,6,SLEEP,Z,0.109837,0.2787323
3/7/7/6/7/3/2/3/3 3 3,Z,0.7,4,SLEEP,Z,0.03137663,0.106627
3/7/7/6/7/3/2/7/4 3 3,Z,0.6,4,SLEEP,Z,0.05420431,0.2266393
3/7/7/6/7/3/2/7/2 3 3,Z,0.6,4,SLEEP,Z,0.03673403,0.1410918
3/7/7/6/7/3/2/7/1 3 3,Z,0.6,2,SLEEP,Z,0.0461386,0.1340129
3/7/7/6/7/3/6/2/6 3 3,X,-0.6111111111111111111111111112,6,SLEEP,Z,0.06013279,0.2577517
3/7/7/6/7/3/6/2/5 3 3,Z,0.6,6,SLEEP,Z,0.1045283,0.3200607
3/7/7/6/7/3/6/2/3 3 3,X,0.8333333333333333333333333333,6,SLEEP,Z,0.2857341,0.3394199
3/7/7/6/7/3/6/6/4 3 3,Z,-0.7,6,SLEEP,Z,0.06927647,0.3267282
3/7/7/6/7/3/6/6/2 3 3,Z,-0.7,6,SLEEP,Z,0.05292514,0.2287577
3/7/7/6/7/3/6/6/1 3 3,X,0.8333333333333333333333333333,4,SLEEP,Z,0.0653044,0.1805309
3/7/7/6/7/3/6/5/4 3 3,X,-0.6111111111111111111111111112,8,SLEEP,Z,0.1179805,0.4343965
3/7/7/6/7/3/6/5/2 3 3,Z,0.6,6,SLEEP,Z,0.06543197,0.2539282
3/7/7/6/7/3/6/5/1 3 3,X,0.8333333333333333333333333333,4,SLEEP,Z,0.03745191,0.1240287
3/7/7/6/7/3/6/3/4 3 3,Z,0.7,6,SLEEP,Z,0.07413843,0.3271996
3/7/7/6/7/3/6/3/2 3 3,Z,0.7,6,SLEEP,Z,0.09609462,0.3736668
3/7/7/6/7/3/6/3/1 3 3,X,0.8333333333333333333333333333,4,SLEEP,Z,0.03415013,0.1344732
3/7/7/6/7/3/5/2/6 3 3,Z,0.6,6,SLEEP,Z,0.04802734,0.1990347
3/7/7/6/7/3/5/2/5 3 3,Z,0.6,4,SLEEP,Z,0.0345008,0.1337754
3/7/7/6/7/3/5/2/3 3 3,Z,0.6,6,SLEEP,Z,0.03083737,0.1176239
3/7/7/6/7/3/5/6/4 3 3,Z,-0.7,6,SLEEP,Z,0.08453318,0.33387
3/7/7/6/7/3/5/6/2 3 3,Z,-0.7,4,SLEEP,Z,0.03853904,0.1710151
3/7/7/6/7/3/5/6/1 3 3,Z,-0.7,4,SLEEP,Z,0.03417056,0.1551969
3/7/7/6/7/3/5/5/4 3 3,Z,0.6,8,SLEEP,Z,0.08622541,0.3286269
3/7/7/6/7/3/5/5/2 3 3,Z,0.6,4,SLEEP,Z,0.02792956,0.1158265
3/7/7/6/7/3/5/5/1 3 3,Z,0.6,2,SLEEP,Z,0.04169669,0.09979992
3/7/7/6/7/3/5/3/4 3 3,Z,0.7,6,SLEEP,Z,0.05479976,0.2567757
3/7/7/6/7/3/5/3/2 3 3,Z,0.7,6,SLEEP,Z,0.1263323,0.3497795
3/7/7/6/7/3/5/3/1 3 3,Z,0.7,4,SLEEP,Z,0.04056459,0.1258189
3/7/7/6/7/3/3/2/6 3 3,X,-0.8333333333333333333333333333,6,SLEEP,Z,0.06110399,0.224715
3/7/7/6/7/3/3/2/5 3 3,Z,0.6,2,SLEEP,Z,0.02995891,0.1238043
3/7/7/6/7/3/3/2/3 3 3,Z,0.6,4,SLEEP,Z,0.04478276,0.08519951
3/7/7/6/7/3/3/6/4 3 3,X,-0.8333333333333333333333333333,4,SLEEP,Z,0.06722341,0.2090625
3/7/7/6/7/3/3/6/2 3 3,Z,-0.7,4,SLEEP,Z,0.0521884,0.181529
3/7/7/6/7/3/3/6/1 3 3,Z,-0.7,2,SLEEP,Z,0.0154221,0.04946051
3/7/7/6/7/3/3/5/4 3 3,X,-0.8333333333333333333333333333,4,SLEEP,Z,0.0494813,0.1599717
3/7/7/6/7/3/3/5/2 3 3,Z,0.6,2,SLEEP,Z,0.03465814,0.08353935
3/7/7/6/7/3/3/5/1 3 3,Z,0.6,4,SLEEP,Z,0.02734228,0.1263491
3/7/7/6/7/3/3/3/4 3 3,X,-0.8333333333333333333333333333,6,SLEEP,Z,0.05502506,0.2294832
3/7/7/6/7/3/3/3/2 3 3,Z,0.7,4,SLEEP,Z,0.03539889,0.1493073
3/7/7/6/7/3/3/3/1 3 3,Z,0.7,4,SLEEP,Z,0.02845868,0.1015776
3/7/7/6/7/3/7/2/4 3 3,Z,0.6,6,SLEEP,Z,0.04579606,0.2083071
3/7/7/6/7/3/7/2/2 3 3,Z,0.6,4,SLEEP,Z,0.04091661,0.1794116
3/7/7/6/7/3/7/2/1 3 3,Z,0.6,4,SLEEP,Z,0.02453803,0.09991737
3/7/7/6/7/7/2/2/6 3 3,X,-0.6666666666666666666666666666,6,SLEEP,Z,0.08544305,0.332157
3/7/7/6/7/7/2/2/5 3 3,X,-0.5,4,SLEEP,Z,0.03655468,0.1561147
3/7/7/6/7/7/2/2/3 3 3,X,0.6666666666666666666666666666,2,SLEEP,Z,0.03507033,0.0768263
3/7/7/6/7/7/2/6/4 3 3,X,-0.6666666666666666666666666666,6,SLEEP,Z,0.06849832,0.2652188
3/7/7/6/7/7/2/6/2 3 3,X,-0.5,4,SLEEP,Z,0.04395765,0.1877612
3/7/7/6/7/7/2/6/1 3 3,X,0.6666666666666666666666666666,4,SLEEP,Z,0.02516547,0.08504593
3/7/7/6/7/7/2/5/4 3 3,X,-0.6666666666666666666666666666,6,SLEEP,Z,0.08267924,0.3489065
3/7/7/6/7/7/2/5/2 3 3,X,-0.5,4,SLEEP,Z,0.03515599,0.1137967
3/7/7/6/7/7/2/5/1 3 3,X,0.6666666666666666666666666666,2,SLEEP,Z,0.02418946,0.09046398
3/7/7/6/7/7/2/3/4 3 3,X,-0.6666666666666666666666666666,6,SLEEP,Z,0.0568581,0.2394796
3/7/7/6/7/7/2/3/2 3 3,Z,0.6,4,SLEEP,Z,0.04335963,0.164465
3/7/7/6/7/7/2/3/1 3 3,X,0.6666666666666666666666666666,4,SLEEP,Z,0.1525608,0.3078235
3/7/7/6/7/7/6/2/4 3 3,X,-0.6111111111111111111111111112,8,SLEEP,Z,0.09826216,0.4155912
3/7/7/6/7/7/6/2/2 3 3,X,-0.5555555555555555555555555555,6,SLEEP,Z,0.0451756,0.1938511
3/7/7/6/7/7/5/2/4 3 3,X,-0.5555555555555555555555555555,6,SLEEP,Z,0.05587134,0.2468282
3/7/7/6/7/7/5/2/2 3 3,X,-0.5,4,SLEEP,Z,0.04524217,0.2047642
3/7/7/6/7/7/5/2/1 3 3,Z,0.5,2,SLEEP,Z,0.0262799,0.1173063
3/7/7/6/7/7/3/2/2 3 3,Z,0.5,4,SLEEP,Z,0.04029366,0.165569
3/7/7/6/7/7/3/2/1 3 3,Z,0.5,2,SLEEP,Z,0.01493179,0.06823032
3/7/7/5/2/2/6/7/7 3 3,X,-0.5555555555555555555555555555,6,SLEEP,Z,0.08108369,0.2372664
3/7/7/5/2/2/5/7/7 3 3,X,-0.5,4,SLEEP,Z,0.1122974,0.378592
3/7/7/5/2/2/3/7/7 3 3,X,-0.5,2,SLEEP,Z,0.03152262,0.07161134
3/7/7/5/2/2/7/6/7 3 3,X,-0.5,6,SLEEP,Z,0.0515507,0.1946356
3/7/7/5/2/2/7/5/7 3 3,X,-0.5,4,SLEEP,Z,0.03695056,0.09100998
3/7/7/5/2/2/7/3/7 3 3,X,-0.5,4,SLEEP,Z,0.06238016,0.1641488
3/7/7/5/2/2/7/7/6 3 3,X,-0.5555555555555555555555555555,10,SLEEP,Z,0.09972864,0.3965075
3/7/7/5/2/2/7/7/5 3 3,X,-0.5,2,SLEEP,Z,0.05063891,0.1558073
3/7/7/5/2/2/7/7/3 3 3,X,-0.4444444444444444444444444445,2,SLEEP,Z,0.04767575,0.08195537
3/7/7/5/2/6/2/7/7 3 3,X,-0.5,2,SLEEP,Z,0.02836709,0.09596496
3/7/7/5/2/6/6/6/7 3 3,X,-0.5555555555555555555555555555,6,SLEEP,Z,0.07819641,0.324218
3/7/7/5/2/6/6/5/7 3 3,X,-0.5555555555555555555555555555,4,SLEEP,Z,0.04520382,0.1802603
3/7/7/5/2/6/6/3/7 3 3,Z,0.6428571428571428571428571429,8,SLEEP,Z,0.168674,0.3950694
3/7/7/5/2/6/6/7/6 3 3,X,-0.6111111111111111111111111112,6,SLEEP,Z,0.09440777,0.3410823
3/7/7/5/2/6/6/7/5 3 3,X,-0.5555555555555555555555555555,6,SLEEP,Z,0.05497664,0.213492
3/7/7/5/2/6/6/7/3 3 3,X,0.7,4,SLEEP,Z,0.030417,0.114302
3/7/7/5/2/6/5/6/7 3 3,X,-0.5,4,SLEEP,Z,0.03447223,0.1339544
3/7/7/5/2/6/5/5/7 3 3,X,-0.5,4,SLEEP,Z,0.03475243,0.1088766
3/7/7/5/2/6/5/3/7 3 3,Z,0.6428571428571428571428571429,8,SLEEP,Z,0.08119565,0.2278033
3/7/7/5/2/6/5/7/6 3 3,X,-0.5555555555555555555555555555,4,SLEEP,Z,0.04786688,0.1905103
3/7/7/5/2/6/5/7/5 3 3,X,-0.5,2,SLEEP,Z,0.03647741,0.1339115
3/7/7/5/2/6/5/7/3 3 3,Z,0.5,2,SLEEP,Z,0,0
3/7/7/5/2/6/3/6/7 3 3,X,-0.5,2,SLEEP,Z,0.03417046,0.1146753
3/7/7/5/2/6/3/5/7 3 3,Z,0.5,2,SLEEP,Z,0.02397948,0.06200083
3/7/7/5/2/6/3/3/7 3 3,Z,0.6428571428571428571428571429,4,SLEEP,Z,0.04719774,0.1170727
3/7/7/5/2/6/3/7/6 3 3,X,-0.7,4,SLEEP,Z,0.03973015,0.145194
3/7/7/5/2/6/3/7/5 3 3,Z,0.5,2,SLEEP,Z,0.02424081,0.06818477
3/7/7/5/2/6/3/7/3 3 3,Z,0.5,4,SLEEP,Z,0.1245167,0.3747639
3/7/7/5/2/6/7/2/7 3 3,X,-0.5,4,SLEEP,Z,0.04173836,0.1480083
3/7/7/5/2/6/7/6/6 3 3,X,-0.5555555555555555555555555555,2,SLEEP,Z,0.04799082,0.2037946
3/7/7/5/2/6/7/6/5 3 3,X,-0.5,4,SLEEP,Z,0.09399614,0.3571132
3/7/7/5/2/6/7/6/3 3 3,Z,0.5,2,SLEEP,Z,0.01927561,0.06319289
3/7/7/5/2/6/7/5/6 3 3,X,-0.5555555555555555555555555555,6,SLEEP,Z,0.03596985,0.1434678
3/7/7/5/2/6/7/5/5 3 3,X,-0.5,4,SLEEP,Z,0.04419482,0.1524663
3/7/7/5/2/6/7/5/3 3 3,Z,0.5,2,SLEEP,Z,0.03616051,0.1176652
3/7/7/5/2/6/7/3/6 3 3,Z,0.6428571428571428571428571429,6,SLEEP,Z,0.0690303,0.2390589
3/7/7/5/2/6/7/3/5 3 3,Z,0.6428571428571428571428571429,4,SLEEP,Z,0.03770029,0.1285119
3/7/7/5/2/6/7/3/3 3 3,Z,0.6428571428571428571428571429,4,SLEEP,Z,0.108756,0.1586239
3/7/7/5/2/6/7/7/4 3 3,X,-0.5555555555555555555555555555,6,SLEEP,Z,0.06911804,0.2427506
3/7/7/5/2/6/7/7/2 3 3,X,-0.5,2,SLEEP,Z,0.03309485,0.1293787
3/7/7/5/2/6/7/7/1 3 3,Z,0.5,2,SLEEP,Z,0.02135706,0.08106124
3/7/7/5/2/5/2/7/7 3 3,X,-0.5,4,SLEEP,Z,0.03332333,0.1073649
3/7/7/5/2/5/6/6/7 3 3,X,-0.5555555555555555555555555555,6,SLEEP,Z,0.05678938,0.2280595
3/7/7/5/2/5/6/5/7 3 3,X,-0.5555555555555555555555555555,4,SLEEP,Z,0.05502254,0.2089249
3/7/7/5/2/5/6/3/7 3 3,X,-0.5555555555555555555555555555,2,SLEEP,Z,0.04026463,0.1588516
3/7/7/5/2/5/6/7/6 3 3,X,-0.6111111111111111111111111112,10,SLEEP,Z,0.1223665,0.4376341
3/7/7/5/2/5/6/7/5 3 3,X,-0.5555555555555555555555555555,4,SLEEP,Z,0.05772667,0.2258752
3/7/7/5/2/5/6/7/3 3 3,X,0.7,4,SLEEP,Z,0.1024124,0.3529516
3/7/7/5/2/5/5/6/7 3 3,X,-0.5,2,SLEEP,Z,0.03635102,0.1239596
3/7/7/5/2/5/5/5/7 3 3,X,-0.5,4,SLEEP,Z,0.03621425,0.1409184
3/7/7/5/2/5/5/3/7 3 3,X,-0.5,4,SLEEP,Z,0.106211,0.2797508
3/7/7/5/2/5/5/7/6 3 3,X,-0.5555555555555555555555555555,6,SLEEP,Z,0.06176838,0.2227657
3/7/7/5/2/5/5/7/5 3 3,X,-0.5,4,SLEEP,Z,0.05569752,0.1598208
3/7/7/5/2/5/5/7/3 3 3,X,-0.4444444444444444444444444445,4,SLEEP,Z,0.0401697,0.116285
3/7/7/5/2/5/3/6/7 3 3,X,-0.5,2,SLEEP,Z,0.06639554,0.1112091
3/7/7/5/2/5/3/5/7 3 3,X,-0.5,4,SLEEP,Z,0.07964449,0.3925262
3/7/7/5/2/5/3/3/7 3 3,X,-0.5,2,SLEEP,Z,0.04458285,0.09025628
3/7/7/5/2/5/3/7/6 3 3,X,-0.7,4,SLEEP,Z,0.0572878,0.1663872
3/7/7/5/2/5/3/7/5 3 3,X,-0.5,4,SLEEP,Z,0.08559559,0.2175729
3/7/7/5/2/5/3/7/3 3 3,X,0.4444444444444444444444444444,2,SLEEP,Z,0,0
3/7/7/5/2/5/7/2/7 3 3,X,-0.5,6,SLEEP,Z,0.05416483,0.1828512
3/7/7/5/2/5/7/6/6 3 3,X,-0.5555555555555555555555555555,2,SLEEP,Z,0.05345374,0.2040427
3/7/7/5/2/5/7/6/5 3 3,X,-0.5,2,SLEEP,Z,0.03983919,0.150097
3/7/7/5/2/5/7/6/3 3 3,Z,0.5,4,SLEEP,Z,0.0717076,0.3577205
3/7/7/5/2/5/7/5/6 3 3,X,-0.5555555555555555555555555555,6,SLEEP,Z,0.04928817,0.1980338
3/7/7/5/2/5/7/5/5 3 3,X,-0.5,2,SLEEP,Z,0.04146971,0.1468099
3/7/7/5/2/5/7/5/3 3 3,X,-0.4444444444444444444444444445,4,SLEEP,Z,0.1062656,0.167107
3/7/7/5/2/5/7/3/6 3 3,X,-0.5555555555555555555555555555,6,SLEEP,Z,0.06334846,0.2506273
3/7/7/5/2/5/7/3/5 3 3,X,-0.5,4,SLEEP,Z,0.04274817,0.1541156
3/7/7/5/2/5/7/3/3 3 3,Z,-0.5,4,SLEEP,Z,0.02588825,0.103973
3/7/7/5/2/5/7/7/4 3 3,X,-0.5555555555555555555555555555,6,SLEEP,Z,0.0898283,0.3582738
3/7/7/5/2/5/7/7/2 3 3,X,-0.5,6,SLEEP,Z,0.0370184,0.1591722
3/7/7/5/2/5/7/7/1 3 3,X,-0.4444444444444444444444444445,2,SLEEP,Z,0.02923966,0.1113203
3/7/7/5/2/3/2/7/7 3 3,X,-0.5,2,SLEEP,Z,0.04206416,0.1058734
3/7/7/5/2/3/6/6/7 3 3,Z,-0.6428571428571428571428571429,8,SLEEP,Z,0.1535424,0.3767007
3/7/7/5/2/3/6/5/7 3 3,X,-0.5555555555555555555555555555,6,SLEEP,Z,0.04633204,0.1977602
3/7/7/5/2/3/6/3/7 3 3,X,-0.5555555555555555555555555555,4,SLEEP,Z,0.05458207,0.1997852
3/7/7/5/2/3/6/7/6 3 3,X,-0.6111111111111111111111111112,12,SLEEP,Z,0.08616891,0.3298749
3/7/7/5/2/3/6/7/5 3 3,X,-0.5555555555555555555555555555,4,SLEEP,Z,0.1333132,0.3440777
3/7/7/5/2/3/6/7/3 3 3,X,0.7,4,SLEEP,Z,0.07093499,0.125837
3/7/7/5/2/3/5/6/7 3 3,Z,-0.6428571428571428571428571429,6,SLEEP,Z,0.08439785,0.2413084
3/7/7/5/2/3/5/5/7 3 3,X,-0.5,6,SLEEP,Z,0.0438074,0.1525073
3/7/7/5/2/3/5/3/7 3 3,X,-0.5,2,SLEEP,Z,0.05380386,0.1442086
3/7/7/5/2/3/5/7/6 3 3,X,-0.5555555555555555555555555555,4,SLEEP,Z,0.08732178,0.3826445
3/7/7/5/2/3/5/7/5 3 3,X,-0.5,4,SLEEP,Z,0.1157649,0.3078876
3/7/7/5/2/3/5/7/3 3 3,Z,-0.5,2,SLEEP,Z,0.02282927,0.05975956
3/7/7/5/2/3/3/6/7 3 3,Z,-0.6428571428571428571428571429,2,SLEEP,Z,0.02110582,0.07011366
3/7/7/5/2/3/3/5/7 3 3,Z,-0.5,4,SLEEP,Z,0.09830616,0.3728808
3/7/7/5/2/3/3/3/7 3 3,X,-0.5,4,SLEEP,Z,0.02764269,0.1010991
3/7/7/5/2/3/3/7/6 3 3,X,-0.7,4,SLEEP,Z,0.03568504,0.1294281
3/7/7/5/2/3/3/7/5 3 3,Z,-0.5,2,SLEEP,Z,0.05635213,0.07817238
3/7/7/5/2/3/3/7/3 3 3,Z,-0.5,2,SLEEP,Z,0.09425762,0.1365102
3/7/7/5/2/3/7/2/7 3 3,X,-0.5,6,SLEEP,Z,0.04571228,0.1720144
3/7/7/5/2/3/7/6/6 3 3,Z,-0.6428571428571428571428571429,8,SLEEP,Z,0.07012533,0.2420815
3/7/7/5/2/3/7/6/5 3 3,Z,-0.6428571428571428571428571429,6,SLEEP,Z,0.1304721,0.3247071
3/7/7/5/2/3/7/6/3 3 3,Z,-0.6428571428571428571428571429,2,SLEEP,Z,0.01716533,0.05464772
3/7/7/5/2/3/7/5/6 3 3,X,-0.5555555555555555555555555555,6,SLEEP,Z,0.06316012,0.260276
3/7/7/5/2/3/7/5/5 3 3,X,-0.5,6,SLEEP,Z,0.03906511,0.152087
3/7/7/5/2/3/7/5/3 3 3,Z,-0.5,2,SLEEP,Z,0.01149008,0.04230557
3/7/7/5/2/3/7/3/6 3 3,X,-0.5555555555555555555555555555,8,SLEEP,Z,0.08755409,0.3339342
3/7/7/5/2/3/7/3/5 3 3,X,-0.5,6,SLEEP,Z,0.04195321,0.1728813
3/7/7/5/2/3/7/3/3 3 3,Z,-0.5,2,SLEEP,Z,0.02122734,0.05941545
3/7/7/5/2/3/7/7/4 3 3,X,-0.5555555555555555555555555555,6,SLEEP,Z,0.05263779,0.1945175
3/7/7/5/2/3/7/7/2 3 3,X,-0.5,4,SLEEP,Z,0.03269361,0.1214548
3/7/7/5/2/3/7/7/1 3 3,Z,-0.5,2,SLEEP,Z,0.01369777,0.04879358
3/7/7/5/2/7/2/6/7 3 3,X,-0.5,2,SLEEP,Z,0.03115765,0.1129521
3/7/7/5/2/7/2/5/7 3 3,X,-0.5,4,SLEEP,Z,0.02950187,0.1248804
3/7/7/5/2/7/2/3/7 3 3,X,-0.5,4,SLEEP,Z,0.03728366,0.139185
3/7/7/5/2/7/2/7/6 3 3,X,-0.5555555555555555555555555555,2,SLEEP,Z,0.05923561,0.2225174
3/7/7/5/2/7/2/7/5 3 3,X,-0.5,2,SLEEP,Z,0.03126783,0.1204455
3/7/7/5/2/7/2/7/3 3 3,X,-0.4444444444444444444444444445,4,SLEEP,Z,0.04561786,0.1034802
3/7/7/5/2/7/6/2/7 3 3,X,-0.5555555555555555555555555555,4,SLEEP,Z,0.03800498,0.1466965
3/7/7/5/2/7/6/6/6 3 3,X,-0.6111111111111111111111111112,8,SLEEP,Z,0.07545476,0.3084955
3/7/7/5/2/7/6/6/5 3 3,X,-0.5555555555555555555555555555,6,SLEEP,Z,0.05651084,0.2253661
3/7/7/5/2/7/6/6/3 3 3,X,0.75,4,SLEEP,Z,0.04522627,0.1008157
3/7/7/5/2/7/6/5/6 3 3,X,-0.6111111111111111111111111112,8,SLEEP,Z,0.08276075,0.348469
3/7/7/5/2/7/6/5/5 3 3,X,-0.5555555555555555555555555555,6,SLEEP,Z,0.1029428,0.3048485
3/7/7/5/2/7/6/5/3 3 3,X,0.75,4,SLEEP,Z,0.04068523,0.1252675
3/7/7/5/2/7/6/3/6 3 3,X,-0.6111111111111111111111111112,8,SLEEP,Z,0.09215863,0.3555024
3/7/7/5/2/7/6/3/5 3 3,X,-0.5555555555555555555555555555,6,SLEEP,Z,0.0452144,0.1791791
3/7/7/5/2/7/6/3/3 3 3,X,0.75,4,SLEEP,Z,0.04982585,0.1329819
3/7/7/5/2/7/6/7/4 3 3,X,-0.6111111111111111111111111112,8,SLEEP,Z,0.1106626,0.4309614
3/7/7/5/2/7/6/7/2 3 3,X,-0.5555555555555555555555555555,10,SLEEP,Z,0.1273507,0.3806117
3/7/7/5/2/7/6/7/1 3 3,X,0.75,6,SLEEP,Z,0.1452994,0.4038741
3/7/7/5/2/7/5/2/7 3 3,X,-0.5,4,SLEEP,Z,0.1107717,0.2829752
3/7/7/5/2/7/5/6/6 3 3,X,-0.5555555555555555555555555555,6,SLEEP,Z,0.10569,0.3822548
3/7/7/5/2/7/5/6/5 3 3,X,-0.5,6,SLEEP,Z,0.08992383,0.2668783
3/7/7/5/2/7/5/6/3 3 3,Z,0.5,4,SLEEP,Z,0.09110339,0.3638639
3/7/7/5/2/7/5/5/6 3 3,X,-0.5555555555555555555555555555,8,SLEEP,Z,0.06605306,0.2459583
3/7/7/5/2/7/5/5/5 3 3,X,-0.5,4,SLEEP,Z,0.04187284,0.129745
3/7/7/5/2/7/5/5/3 3 3,X,-0.4444444444444444444444444445,4,SLEEP,Z,0.03709298,0.1054105
3/7/7/5/2/7/5/3/6 3 3,X,-0.5555555555555555555555555555,8,SLEEP,Z,0.07787645,0.2938304
3/7/7/5/2/7/5/3/5 3 3,X,-0.5,6,SLEEP,Z,0.04219434,0.177519
3/7/7/5/2/7/5/3/3 3 3,Z,-0.5,2,SLEEP,Z,0.02507155,0.08131146
3/7/7/5/2/7/5/7/4 3 3,X,-0.5555555555555555555555555555,4,SLEEP,Z,0.05189834,0.2140269
3/7/7/5/2/7/5/7/2 3 3,X,-0.5,4,SLEEP,Z,0.04797868,0.1534475
3/7/7/5/2/7/5/7/1 3 3,X,-0.4444444444444444444444444445,4,SLEEP,Z,0.0406753,0.1183538
3/7/7/5/2/7/3/2/7 3 3,X,-0.5,2,SLEEP,Z,0.02437901,0.08838156
3/7/7/5/2/7/3/6/6 3 3,X,-0.75,6,SLEEP,Z,0.1153932,0.3291673
3/7/7/5/2/7/3/6/5 3 3,X,-0.5,2,SLEEP,Z,0.0156204,0.06557701
3/7/7/5/2/7/3/6/3 3 3,Z,0.5,2,SLEEP,Z,0.02259173,0.05466447
3/7/7/5/2/7/3/5/6 3 3,X,-0.75,6,SLEEP,Z,0.0494568,0.1797127
3/7/7/5/2/7/3/5/5 3 3,X,-0.5,2,SLEEP,Z,0.02098919,0.07088029
3/7/7/5/2/7/3/5/3 3 3,X,0.4444444444444444444444444444,2,SLEEP,Z,0.01263318,0.02078305
3/7/7/5/2/7/3/3/6 3 3,X,-0.75,6,SLEEP,Z,0.06221181,0.2115482
3/7/7/5/2/7/3/3/5 3 3,X,-0.5,2,SLEEP,Z,0.02824722,0.1171879
3/7/7/5/2/7/3/3/3 3 3,Z,-0.5,2,SLEEP,Z,0.150337,0.2085861
3/7/7/5/2/7/3/7/4 3 3,X,-0.75,4,SLEEP,Z,0.04129422,0.1614167
3/7/7/5/2/7/3/7/2 3 3,X,-0.5,2,SLEEP,Z,0.02632301,0.08683404
3/7/7/5/2/7/3/7/1 3 3,X,0.4444444444444444444444444444,2,SLEEP,Z,0.01394536,0.06372363
3/7/7/5/2/7/7/2/6 3 3,X,-0.5555555555555555555555555555,4,SLEEP,Z,0.06206784,0.231139
3/7/7/5/2/7/7/2/5 3 3,X,-0.5,4,SLEEP,Z,0.05177272,0.18552
3/7/7/5/2/7/7/2/3 3 3,X,-0.4444444444444444444444444445,4,SLEEP,Z,0.1095948,0.1777114
3/7/7/5/2/7/7/6/4 3 3,X,-0.5555555555555555555555555555,4,SLEEP,Z,0.05680217,0.2224791
3/7/7/5/2/7/7/6/2 3 3,X,-0.5,4,SLEEP,Z,0.03614241,0.124986
3/7/7/5/2/7/7/6/1 3 3,Z,0.5,2,SLEEP,Z,0.01798886,0.06441841
3/7/7/5/2/7/7/5/4 3 3,X,-0.5555555555555555555555555555,8,SLEEP,Z,0.1160824,0.3929296
3/7/7/5/2/7/7/5/2 3 3,X,-0.5,4,SLEEP,Z,0.02968794,0.1104411
3/7/7/5/2/7/7/5/1 3 3,X,-0.4444444444444444444444444445,2,SLEEP,Z,0.01898018,0.07488522
3/7/7/5/2/7/7/3/4 3 3,X,-0.5555555555555555555555555555,8,SLEEP,Z,0.0882855,0.3697113
3/7/7/5/2/7/7/3/2 3 3,X,-0.5,4,SLEEP,Z,0.03497408,0.1357219
3/7/7/5/2/7/7/3/1 3 3,Z,-0.5,2,SLEEP,Z,0.02672379,0.1061123
3/7/7/5/6/2/2/7/7 3 3,X,-0.5555555555555555555555555555,8,SLEEP,Z,0.05473364,0.1776598
3/7/7/5/6/2/6/6/7 3 3,X,-0.6111111111111111111111111112,4,SLEEP,Z,0.04241722,0.1430698
3/7/7/5/6/2/6/5/7 3 3,X,-0.6111111111111111111111111112,8,SLEEP,Z,0.05618895,0.2196024
3/7/7/5/6/2/6/3/7 3 3,X,-0.6111111111111111111111111112,2,SLEEP,Z,0.03438001,0.1480251
3/7/7/5/6/2/6/7/6 3 3,X,-0.6666666666666666666666666667,12,SLEEP,Z,0.1634431,0.4182833
3/7/7/5/6/2/6/7/5 3 3,X,-0.6111111111111111111111111112,4,SLEEP,Z,0.1839744,0.3913713
3/7/7/5/6/2/6/7/3 3 3,X,0.7,4,SLEEP,Z,0.05326253,0.1179518
3/7/7/5/6/2/5/6/7 3 3,X,-0.5555555555555555555555555555,6,SLEEP,Z,0.04632588,0.1302746
3/7/7/5/6/2/5/5/7 3 3,X,-0.5555555555555555555555555555,2,SLEEP,Z,0.01222355,0.04635496
3/7/7/5/6/2/5/3/7 3 3,X,-0.5555555555555555555555555555,4,SLEEP,Z,0.01935738,0.08001903
3/7/7/5/6/2/5/7/6 3 3,X,-0.6111111111111111111111111112,4,SLEEP,Z,0.05371449,0.2243429
3/7/7/5/6/2/5/7/5 3 3,X,-0.5555555555555555555555555555,4,SLEEP,Z,0.03925816,0.1386599
3/7/7/5/6/2/5/7/3 3 3,X,0.625,2,SLEEP,Z,0,0
3/7/7/5/6/2/3/6/7 3 3,X,0.625,4,SLEEP,Z,0.03515183,0.1037229
3/7/7/5/6/2/3/5/7 3 3,X,0.625,2,SLEEP,Z,0.05197648,0.07200801
3/7/7/5/6/2/3/3/7 3 3,X,0.625,4,SLEEP,Z,0.03703649,0.1109256
3/7/7/5/6/2/3/7/6 3 3,X,-0.7,4,SLEEP,Z,0.04919738,0.1591211
3/7/7/5/6/2/3/7/5 3 3,X,0.625,2,SLEEP,Z,0.1293142,0.311969
3/7/7/5/6/2/3/7/3 3 3,X,0.75,2,SLEEP,Z,0.1361416,0.3458867
3/7/7/5/6/2/7/2/7 3 3,X,-0.5555555555555555555555555555,4,SLEEP,Z,0.04896246,0.1616417
3/7/7/5/6/2/7/6/6 3 3,X,-0.6111111111111111111111111112,8,SLEEP,Z,0.1390624,0.382193
3/7/7/5/6/2/7/6/5 3 3,X,-0.5555555555555555555555555555,4,SLEEP,Z,0.03861751,0.1305121
3/7/7/5/6/2/7/6/3 3 3,X,0.625,4,SLEEP,Z,0.04169412,0.09174166
3/7/7/5/6/2/7/5/6 3 3,X,-0.6111111111111111111111111112,6,SLEEP,Z,0.05838503,0.2209993
3/7/7/5/6/2/7/5/5 3 3,X,-0.5555555555555555555555555555,4,SLEEP,Z,0.04134291,0.1555937
3/7/7/5/6/2/7/5/3 3 3,X,0.625,2,SLEEP,Z,0.02741991,0.07132038
3/7/7/5/6/2/7/3/6 3 3,X,-0.6111111111111111111111111112,6,SLEEP,Z,0.0894896,0.2938892
3/7/7/5/6/2/7/3/5 3 3,X,-0.5555555555555555555555555555,4,SLEEP,Z,0.1224223,0.2779588
3/7/7/5/6/2/7/3/3 3 3,X,0.625,4,SLEEP,Z,0.05005969,0.1060372
3/7/7/5/6/2/7/7/4 3 3,X,-0.6111111111111111111111111112,8,SLEEP,Z,0.06079544,0.2971188
3/7/7/5/6/2/7/7/2 3 3,X,-0.5555555555555555555555555555,4,SLEEP,Z,0.03723487,0.1503312
3/7/7/5/6/2/7/7/1 3 3,X,0.625,4,SLEEP,Z,0.1355978,0.4315283
3/7/7/5/6/6/2/6/7 3 3,X,-0.5555555555555555555555555555,4,SLEEP,Z,0.02994239,0.1179611
3/7/7/5/6/6/2/5/7 3 3,X,-0.5555555555555555555555555555,4,SLEEP,Z,0.129308,0.3082451
3/7/7/5/6/6/2/3/7 3 3,Z,0.6666666666666666666666666667,4,SLEEP,Z,0.05041301,0.1612263
3/7/7/5/6/6/2/7/6 3 3,X,-0.6111111111111111111111111112,4,SLEEP,Z,0.06214669,0.2613135
3/7/7/5/6/6/2/7/5 3 3,X,-0.5555555555555555555555555555,4,SLEEP,Z,0.1694354,0.3360373
3/7/7/5/6/6/2/7/3 3 3,X,0.625,2,SLEEP,Z,0.02502795,0.07061838
3/7/7/5/6/6/6/2/7 3 3,X,-0.6111111111111111111111111112,6,SLEEP,Z,0.07787904,0.2383186
3/7/7/5/6/6/6/6/6 3 3,X,-0.6666666666666666666666666667,8,SLEEP,Z,0.0779134,0.3537304
3/7/7/5/6/6/6/6/5 3 3,X,-0.6111111111111111111111111112,8,SLEEP,Z,0.05298147,0.243907
3/7/7/5/6/6/6/6/3 3 3,X,0.75,2,SLEEP,Z,0.03798395,0.1367956
3/7/7/5/6/6/6/5/6 3 3,X,-0.6666666666666666666666666667,6,SLEEP,Z,0.09418733,0.3660181
3/7/7/5/6/6/6/5/5 3 3,X,-0.6111111111111111111111111112,6,SLEEP,Z,0.1606848,0.3523785
3/7/7/5/6/6/6/5/3 3 3,X,0.75,2,SLEEP,Z,0.05438906,0.1080557
3/7/7/5/6/6/6/3/6 3 3,X,-0.6666666666666666666666666667,14,SLEEP,Z,0.1094828,0.3713754
3/7/7/5/6/6/6/3/5 3 3,Z,0.6666666666666666666666666667,8,SLEEP,Z,0.1528064,0.428181
3/7/7/5/6/6/6/3/3 3 3,X,0.75,2,SLEEP,Z,0.02223941,0.05748465
3/7/7/5/6/6/6/7/4 3 3,X,-0.6666666666666666666666666667,6,SLEEP,Z,0.0863073,0.3589785
3/7/7/5/6/6/6/7/2 3 3,X,-0.6111111111111111111111111112,6,SLEEP,Z,0.0850372,0.2996722
3/7/7/5/6/6/6/7/1 3 3,X,0.75,4,SLEEP,Z,0.1802284,0.3254405
3/7/7/5/6/6/5/2/7 3 3,X,-0.5555555555555555555555555555,4,SLEEP,Z,0.04391627,0.1398241
3/7/7/5/6/6/5/6/6 3 3,X,-0.6111111111111111111111111112,4,SLEEP,Z,0.04360857,0.2319026
3/7/7/5/6/6/5/6/5 3 3,X,-0.5555555555555555555555555555,2,SLEEP,Z,0.03943628,0.1114585
3/7/7/5/6/6/5/6/3 3 3,X,0.625,4,SLEEP,Z,0.1140928,0.3405297
3/7/7/5/6/6/5/5/6 3 3,X,-0.6111111111111111111111111112,4,SLEEP,Z,0.04535091,0.1878177
3/7/7/5/6/6/5/5/5 3 3,X,-0.5555555555555555555555555555,4,SLEEP,Z,0.03832456,0.195408
3/7/7/5/6/6/5/5/3 3 3,X,0.625,2,SLEEP,Z,0.02806884,0.06183999
3/7/7/5/6/6/5/3/6 3 3,Z,0.6666666666666666666666666667,6,SLEEP,Z,0.05298201,0.2400787
3/7/7/5/6/6/5/3/5 3 3,Z,0.6666666666666666666666666667,2,SLEEP,Z,0.03689279,0.1415569
3/7/7/5/6/6/5/3/3 3 3,Z,0.6666666666666666666666666667,4,SLEEP,Z,0.1327751,0.3536777
3/7/7/5/6/6/5/7/4 3 3,X,-0.6111111111111111111111111112,6,SLEEP,Z,0.0574968,0.2776415
3/7/7/5/6/6/5/7/2 3 3,X,-0.5555555555555555555555555555,4,SLEEP,Z,0.04880911,0.1377547
3/7/7/5/6/6/5/7/1 3 3,X,0.625,2,SLEEP,Z,0.01762686,0.06604245
3/7/7/5/6/6/3/2/7 3 3,X,0.625,2,SLEEP,Z,0.02280913,0.07595684
3/7/7/5/6/6/3/6/6 3 3,X,-0.75,4,SLEEP,Z,0.04556228,0.154718
3/7/7/5/6/6/3/6/5 3 3,X,0.625,4,SLEEP,Z,0.02216178,0.08894952
3/7/7/5/6/6/3/6/3 3 3,X,0.75,2,SLEEP,Z,0,0
3/7/7/5/6/6/3/5/6 3 3,X,-0.75,2,SLEEP,Z,0.04421515,0.1836015
3/7/7/5/6/6/3/5/5 3 3,X,0.625,4,SLEEP,Z,0.1129372,0.3594154
3/7/7/5/6/6/3/5/3 3 3,X,0.75,2,SLEEP,Z,0.008178593,0.02503655
3/7/7/5/6/6/3/3/6 3 3,X,-0.75,2,SLEEP,Z,0.0373761,0.1255414
3/7/7/5/6/6/3/3/5 3 3,Z,0.6666666666666666666666666667,4,SLEEP,Z,0.1329517,0.2714428
3/7/7/5/6/6/3/3/3 3 3,X,0.75,2,SLEEP,Z,0.2091429,0.1949198
3/7/7/5/6/6/3/7/4 3 3,X,-0.75,4,SLEEP,Z,0.04671577,0.184478
3/7/7/5/6/6/3/7/2 3 3,X,0.625,2,SLEEP,Z,0.03326816,0.1038643
3/7/7/5/6/6/3/7/1 3 3,X,0.75,2,SLEEP,Z,0,0
3/7/7/5/6/6/7/2/6 3 3,X,-0.6111111111111111111111111112,6,SLEEP,Z,0.06802831,0.3224025
3/7/7/5/6/6/7/2/5 3 3,X,-0.5555555555555555555555555555,6,SLEEP,Z,0.02917568,0.1259129
3/7/7/5/6/6/7/2/3 3 3,X,0.625,2,SLEEP,Z,0.01466844,0.07247701
3/7/7/5/6/6/7/6/4 3 3,X,-0.6111111111111111111111111112,4,SLEEP,Z,0.03357033,0.1627001
3/7/7/5/6/6/7/6/2 3 3,X,-0.5555555555555555555555555555,4,SLEEP,Z,0.03712411,0.1450679
3/7/7/5/6/6/7/6/1 3 3,X,0.625,4,SLEEP,Z,0.03932452,0.1018387
3/7/7/5/6/6/7/5/4 3 3,X,-0.6111111111111111111111111112,6,SLEEP,Z,0.08584782,0.3227581
3/7/7/5/6/6/7/5/2 3 3,X,-0.5555555555555555555555555555,4,SLEEP,Z,0.04894761,0.1441989
3/7/7/5/6/6/7/5/1 3 3,X,0.625,2,SLEEP,Z,0.02447619,0.09888164
3/7/7/5/6/6/7/3/4 3 3,Z,0.6666666666666666666666666666,6,SLEEP,Z,0.07855503,0.3593898
3/7/7/5/6/6/7/3/2 3 3,Z,0.6666666666666666666666666666,4,SLEEP,Z,0.0286694,0.1213522
3/7/7/5/6/6/7/3/1 3 3,Z,0.6666666666666666666666666666,4,SLEEP,Z,0.0320559,0.1150877
3/7/7/5/6/5/2/6/7 3 3,X,-0.5555555555555555555555555555,4,SLEEP,Z,0.09792658,0.2017703
3/7/7/5/6/5/2/5/7 3 3,X,-0.5555555555555555555555555555,4,SLEEP,Z,0.1611062,0.3518479
3/7/7/5/6/5/2/3/7 3 3,X,-0.5555555555555555555555555555,6,SLEEP,Z,0.05577465,0.1394941
3/7/7/5/6/5/2/7/6 3 3,X,-0.6111111111111111111111111112,6,SLEEP,Z,0.05939909,0.2558385
3/7/7/5/6/5/2/7/5 3 3,X,-0.5555555555555555555555555555,4,SLEEP,Z,0.03880382,0.1303248
3/7/7/5/6/5/2/7/3 3 3,X,0.625,2,SLEEP,Z,0.03154178,0.07485206
3/7/7/5/6/5/6/2/7 3 3,X,-0.6111111111111111111111111112,8,SLEEP,Z,0.157862,0.3553413
3/7/7/5/6/5/6/6/6 3 3,X,-0.6666666666666666666666666667,10,SLEEP,Z,0.06935068,0.3204952
3/7/7/5/6/5/6/6/5 3 3,X,-0.6111111111111111111111111112,4,SLEEP,Z,0.07282045,0.2953804
3/7/7/5/6/5/6/6/3 3 3,X,0.75,4,SLEEP,Z,0.2542056,0.3721494
3/7/7/5/6/5/6/5/6 3 3,X,-0.6666666666666666666666666667,10,SLEEP,Z,0.07990946,0.3312031
3/7/7/5/6/5/6/5/5 3 3,X,-0.6111111111111111111111111112,6,SLEEP,Z,0.06753099,0.2788094
3/7/7/5/6/5/6/5/3 3 3,X,0.75,4,SLEEP,Z,0.0333116,0.1139936
3/7/7/5/6/5/6/3/6 3 3,X,-0.6666666666666666666666666667,8,SLEEP,Z,0.07671521,0.3543387
3/7/7/5/6/5/6/3/5 3 3,X,-0.6111111111111111111111111112,8,SLEEP,Z,0.06209074,0.2472676
3/7/7/5/6/5/6/3/3 3 3,X,0.75,2,SLEEP,Z,0.01746809,0.08733642
3/7/7/5/6/5/6/7/4 3 3,X,-0.6666666666666666666666666667,6,SLEEP,Z,0.07157053,0.3160071
3/7/7/5/6/5/6/7/2 3 3,X,-0.6111111111111111111111111112,4,SLEEP,Z,0.05321522,0.2355514
3/7/7/5/6/5/6/7/1 3 3,X,0.75,2,SLEEP,Z,0.03157325,0.1246385
3/7/7/5/6/5/5/2/7 3 3,X,-0.5555555555555555555555555555,4,SLEEP,Z,0.06110255,0.1422235
3/7/7/5/6/5/5/6/6 3 3,X,-0.6111111111111111111111111112,6,SLEEP,Z,0.08491693,0.2845157
3/7/7/5/6/5/5/6/5 3 3,X,-0.5555555555555555555555555555,6,SLEEP,Z,0.1146676,0.2911719
3/7/7/5/6/5/5/6/3 3 3,X,0.625,2,SLEEP,Z,0.02797055,0.09576155
3/7/7/5/6/5/5/5/6 3 3,X,-0.6111111111111111111111111112,6,SLEEP,Z,0.06371703,0.2491837
3/7/7/5/6/5/5/5/5 3 3,X,-0.5555555555555555555555555555,4,SLEEP,Z,0.1196762,0.2930703
3/7/7/5/6/5/5/5/3 3 3,X,0.625,4,SLEEP,Z,0.03120589,0.1255699
3/7/7/5/6/5/5/3/6 3 3,X,-0.6111111111111111111111111112,6,SLEEP,Z,0.09071629,0.3333464
3/7/7/5/6/5/5/3/5 3 3,X,-0.5555555555555555555555555555,4,SLEEP,Z,0.04802075,0.1572569
3/7/7/5/6/5/5/3/3 3 3,X,0.625,2,SLEEP,Z,0.0234563,0.05528122
3/7/7/5/6/5/5/7/4 3 3,X,-0.6111111111111111111111111112,6,SLEEP,Z,0.06765618,0.2701957
3/7/7/5/6/5/5/7/2 3 3,X,-0.5555555555555555555555555555,6,SLEEP,Z,0.03239451,0.1434258
3/7/7/5/6/5/5/7/1 3 3,X,0.625,2,SLEEP,Z,0.01809856,0.0713861
3/7/7/5/6/5/3/2/7 3 3,X,0.625,2,SLEEP,Z,0.02221676,0.07826761
3/7/7/5/6/5/3/6/6 3 3,X,-0.75,4,SLEEP,Z,0.04205805,0.1682865
3/7/7/5/6/5/3/6/5 3 3,X,0.625,4,SLEEP,Z,0.02996513,0.1140683
3/7/7/5/6/5/3/6/3 3 3,X,0.75,2,SLEEP,Z,0.01521944,0.0591686
3/7/7/5/6/5/3/5/6 3 3,X,-0.75,4,SLEEP,Z,0.0531618,0.2153493
3/7/7/5/6/5/3/5/5 3 3,X,0.625,2,SLEEP,Z,0.03106183,0.1088136
3/7/7/5/6/5/3/5/3 3 3,X,0.75,2,SLEEP,Z,0.07144573,0.02998435
3/7/7/5/6/5/3/3/6 3 3,X,-0.75,2,SLEEP,Z,0.03942059,0.1392154
3/7/7/5/6/5/3/3/5 3 3,X,0.625,4,SLEEP,Z,0.1162741,0.3750416
3/7/7/5/6/5/3/3/3 3 3,X,0.75,2,SLEEP,Z,0,0
3/7/7/5/6/5/3/7/4 3 3,X,-0.75,4,SLEEP,Z,0.1049813,0.3129447
3/7/7/5/6/5/3/7/2 3 3,X,0.625,4,SLEEP,Z,0.02646643,0.06303924
3/7/7/5/6/5/3/7/1 3 3,X,0.75,2,SLEEP,Z,0.1402216,0.4090859
3/7/7/5/6/5/7/2/6 3 3,X,-0.6111111111111111111111111112,8,SLEEP,Z,0.06683541,0.2968207
3/7/7/5/6/5/7/2/5 3 3,X,-0.5555555555555555555555555555,4,SLEEP,Z,0.05590417,0.2411797
3/7/7/5/6/5/7/2/3 3 3,X,0.625,4,SLEEP,Z,0.116907,0.2451651
3/7/7/5/6/5/7/6/4 3 3,X,-0.6111111111111111111111111112,4,SLEEP,Z,0.04857806,0.2186638
3/7/7/5/6/5/7/6/2 3 3,X,-0.5555555555555555555555555555,4,SLEEP,Z,0.03098987,0.1312943
3/7/7/5/6/5/7/6/1 3 3,X,0.625,4,SLEEP,Z,0.112367,0.2760679
3/7/7/5/6/5/7/5/4 3 3,X,-0.6111111111111111111111111112,6,SLEEP,Z,0.07761493,0.3375507
3/7/7/5/6/5/7/5/2 3 3,X,-0.5555555555555555555555555555,4,SLEEP,Z,0.0621943,0.2019354
3/7/7/5/6/5/7/5/1 3 3,X,0.625,2,SLEEP,Z,0.01877853,0.07937761
3/7/7/5/6/5/7/3/4 3 3,X,-0.6111111111111111111111111112,6,SLEEP,Z,0.04376239,0.1991753
3/7/7/5/6/5/7/3/2 3 3,X,-0.5555555555555555555555555555,4,SLEEP,Z,0.0382883,0.1548539
3/7/7/5/6/5/7/3/1 3 3,X,0.625,2,SLEEP,Z,0.1059023,0.2086135
3/7/7/5/6/3/2/6/7 3 3,Z,-0.6666666666666666666666666667,6,SLEEP,Z,0.06181479,0.145375
3/7/7/5/6/3/2/5/7 3 3,X,-0.5555555555555555555555555555,2,SLEEP,Z,0.06699007,0.1134836
3/7/7/5/6/3/2/3/7 3 3,X,-0.5555555555555555555555555555,4,SLEEP,Z,0.141192,0.282729
3/7/7/5/6/3/2/7/6 3 3,X,-0.6111111111111111111111111112,6,SLEEP,Z,0.07578152,0.2283875
3/7/7/5/6/3/2/7/5 3 3,X,-0.5555555555555555555555555555,4,SLEEP,Z,0.1272244,0.296283
3/7/7/5/6/3/2/7/3 3 3,X,0.625,4,SLEEP,Z,0.1670952,0.370529
3/7/7/5/6/3/6/2/7 3 3,X,-0.6111111111111111111111111112,8,SLEEP,Z,0.1710182,0.368576
3/7/7/5/6/3/6/6/6 3 3,X,-0.6666666666666666666666666667,6,SLEEP,Z,0.08188052,0.3348919
3/7/7/5/6/3/6/6/5 3 3,Z,-0.6666666666666666666666666667,8,SLEEP,Z,0.07510386,0.3144008
3/7/7/5/6/3/6/6/3 3 3,X,0.75,4,SLEEP,Z,0.0393049,0.1012462
3/7/7/5/6/3/6/5/6 3 3,X,-0.6666666666666666666666666667,6,SLEEP,Z,0.07859351,0.3453842
3/7/7/5/6/3/6/5/5 3 3,X,-0.6111111111111111111111111112,8,SLEEP,Z,0.1580591,0.3791758
3/7/7/5/6/3/6/5/3 3 3,X,0.75,4,SLEEP,Z,0.2126508,0.3512773
3/7/7/5/6/3/6/3/6 3 3,X,-0.6666666666666666666666666667,8,SLEEP,Z,0.089159,0.3764969
3/7/7/5/6/3/6/3/5 3 3,X,-0.6111111111111111111111111112,6,SLEEP,Z,0.05097063,0.2084012
3/7/7/5/6/3/6/3/3 3 3,X,0.75,2,SLEEP,Z,0.03237243,0.1046906
3/7/7/5/6/3/6/7/4 3 3,X,-0.6666666666666666666666666667,6,SLEEP,Z,0.07077512,0.3330166
3/7/7/5/6/3/6/7/2 3 3,X,-0.6111111111111111111111111112,6,SLEEP,Z,0.04744578,0.2012503
3/7/7/5/6/3/6/7/1 3 3,X,0.75,2,SLEEP,Z,0.0248889,0.1000283
3/7/7/5/6/3/5/2/7 3 3,X,-0.5555555555555555555555555555,4,SLEEP,Z,0.1211316,0.3265783
3/7/7/5/6/3/5/6/6 3 3,Z,-0.6666666666666666666666666667,6,SLEEP,Z,0.06150068,0.2313412
3/7/7/5/6/3/5/6/5 3 3,Z,-0.6666666666666666666666666667,4,SLEEP,Z,0.04081473,0.1597428
3/7/7/5/6/3/5/6/3 3 3,Z,-0.6666666666666666666666666667,6,SLEEP,Z,0.04917148,0.1347042
3/7/7/5/6/3/5/5/6 3 3,X,-0.6111111111111111111111111112,8,SLEEP,Z,0.1308466,0.3775581
3/7/7/5/6/3/5/5/5 3 3,X,-0.5555555555555555555555555555,2,SLEEP,Z,0.04422722,0.1570978
3/7/7/5/6/3/5/5/3 3 3,X,0.625,2,SLEEP,Z,0.01447473,0.04778147
3/7/7/5/6/3/5/3/6 3 3,X,-0.6111111111111111111111111112,6,SLEEP,Z,0.05372989,0.228678
3/7/7/5/6/3/5/3/5 3 3,X,-0.5555555555555555555555555555,4,SLEEP,Z,0.03716304,0.1272426
3/7/7/5/6/3/5/3/3 3 3,X,0.625,2,SLEEP,Z,0.004869777,0.03940601
3/7/7/5/6/3/5/7/4 3 3,X,-0.6111111111111111111111111112,6,SLEEP,Z,0.04714031,0.2134653
3/7/7/5/6/3/5/7/2 3 3,X,-0.5555555555555555555555555555,2,SLEEP,Z,0.04039116,0.1610784
3/7/7/5/6/3/5/7/1 3 3,X,0.625,2,SLEEP,Z,0.02193794,0.0819426
3/7/7/5/6/3/3/2/7 3 3,X,0.625,4,SLEEP,Z,0.1690011,0.2651603
3/7/7/5/6/3/3/6/6 3 3,X,-0.75,4,SLEEP,Z,0.03852832,0.1400602
3/7/7/5/6/3/3/6/5 3 3,Z,-0.6666666666666666666666666667,6,SLEEP,Z,0.1613314,0.3186348
3/7/7/5/6/3/3/6/3 3 3,X,0.75,2,SLEEP,Z,0.0137391,0.03051091
3/7/7/5/6/3/3/5/6 3 3,X,-0.75,2,SLEEP,Z,0.03187879,0.1144612
3/7/7/5/6/3/3/5/5 3 3,X,0.625,4,SLEEP,Z,0.1167265,0.2330707
3/7/7/5/6/3/3/5/3 3 3,X,0.75,2,SLEEP,Z,0,0
3/7/7/5/6/3/3/3/6 3 3,X,-0.75,6,SLEEP,Z,0.09736484,0.3623097
3/7/7/5/6/3/3/3/5 3 3,X,0.625,2,SLEEP,Z,0.0337387,0.1066241
3/7/7/5/6/3/3/3/3 3 3,X,0.75,2,SLEEP,Z,0,0
3/7/7/5/6/3/3/7/4 3 3,X,-0.75,2,SLEEP,Z,0.02970832,0.1289779
3/7/7/5/6/3/3/7/2 3 3,X,0.625,2,SLEEP,Z,0.1079696,0.3293962
3/7/7/5/6/3/3/7/1 3 3,X,0.75,2,SLEEP,Z,0.02379157,0.04260828
3/7/7/5/6/3/7/2/6 3 3,X,-0.6111111111111111111111111112,4,SLEEP,Z,0.06556844,0.2878395
3/7/7/5/6/3/7/2/5 3 3,X,-0.5555555555555555555555555555,4,SLEEP,Z,0.04342463,0.1743458
3/7/7/5/6/3/7/2/3 3 3,X,0.625,2,SLEEP,Z,0.01078921,0.04066094
3/7/7/5/6/3/7/6/4 3 3,Z,-0.6666666666666666666666666666,6,SLEEP,Z,0.06030673,0.2438468
3/7/7/5/6/3/7/6/2 3 3,Z,-0.6666666666666666666666666666,4,SLEEP,Z,0.05267496,0.1550071
3/7/7/5/6/3/7/6/1 3 3,Z,-0.6666666666666666666666666666,2,SLEEP,Z,0.02059238,0.08119644
3/7/7/5/6/3/7/5/4 3 3,X,-0.6111111111111111111111111112,4,SLEEP,Z,0.05029242,0.2246017
3/7/7/5/6/3/7/5/2 3 3,X,-0.5555555555555555555555555555,4,SLEEP,Z,0.04478889,0.1457675
3/7/7/5/6/3/7/5/1 3 3,X,0.625,2,SLEEP,Z,0.09732933,0.2397099
3/7/7/5/6/3/7/3/4 3 3,X,-0.6111111111111111111111111112,4,SLEEP,Z,0.04049489,0.199097
3/7/7/5/6/3/7/3/2 3 3,X,-0.5555555555555555555555555555,4,SLEEP,Z,0.02479129,0.1027785
3/7/7/5/6/3/7/3/1 3 3,X,0.625,2,SLEEP,Z,0.09694526,0.2022779
3/7/7/5/6/7/2/2/7 3 3,X,-0.5555555555555555555555555555,4,SLEEP,Z,0.03957865,0.1333627
3/7/7/5/6/7/2/6/6 3 3,X,-0.6111111111111111111111111112,10,SLEEP,Z,0.06380501,0.2854258
3/7/7/5/6/7/2/6/5 3 3,X,-0.5555555555555555555555555555,4,SLEEP,Z,0.04222559,0.1687842
3/7/7/5/6/7/2/6/3 3 3,X,0.625,4,SLEEP,Z,0.03281201,0.07717195
3/7/7/5/6/7/2/5/6 3 3,X,-0.6111111111111111111111111112,6,SLEEP,Z,0.06234422,0.2954399
3/7/7/5/6/7/2/5/5 3 3,X,-0.5555555555555555555555555555,4,SLEEP,Z,0.05160522,0.1916124
3/7/7/5/6/7/2/5/3 3 3,X,0.625,4,SLEEP,Z,0.1498984,0.2086707
3/7/7/5/6/7/2/3/6 3 3,X,-0.6111111111111111111111111112,6,SLEEP,Z,0.06454561,0.2660076
3/7/7/5/6/7/2/3/5 3 3,X,-0.5555555555555555555555555555,4,SLEEP,Z,0.03964845,0.1498379
3/7/7/5/6/7/2/3/3 3 3,X,0.625,2,SLEEP,Z,0.05249019,0.08863844
3/7/7/5/6/7/2/7/4 3 3,X,-0.6111111111111111111111111112,6,SLEEP,Z,0.08543237,0.3141748
3/7/7/5/6/7/2/7/2 3 3,X,-0.5555555555555555555555555555,4,SLEEP,Z,0.1224297,0.3023261
3/7/7/5/6/7/2/7/1 3 3,X,0.625,2,SLEEP,Z,0.02810482,0.07460859
3/7/7/5/6/7/6/2/6 3 3,X,-0.6666666666666666666666666667,10,SLEEP,Z,0.08230651,0.3858256
3/7/7/5/6/7/6/2/5 3 3,X,-0.6111111111111111111111111112,10,SLEEP,Z,0.1779318,0.4265925
3/7/7/5/6/7/6/2/3 3 3,X,0.8333333333333333333333333333,2,SLEEP,Z,0.04018319,0.1239653
3/7/7/5/6/7/6/6/4 3 3,X,-0.6666666666666666666666666667,8,SLEEP,Z,0.103404,0.4457622
3/7/7/5/6/7/6/6/2 3 3,X,-0.6111111111111111111111111112,6,SLEEP,Z,0.1282791,0.3775118
3/7/7/5/6/7/6/6/1 3 3,X,0.8333333333333333333333333333,4,SLEEP,Z,0.2480404,0.4172499
3/7/7/5/6/7/6/5/4 3 3,X,-0.6666666666666666666666666667,10,SLEEP,Z,0.08540732,0.3886799
3/7/7/5/6/7/6/5/2 3 3,X,-0.6111111111111111111111111112,6,SLEEP,Z,0.06312917,0.2854781
3/7/7/5/6/7/6/5/1 3 3,X,0.8333333333333333333333333333,6,SLEEP,Z,0.03934844,0.1608503
3/7/7/5/6/7/6/3/4 3 3,X,-0.6666666666666666666666666667,10,SLEEP,Z,0.0906979,0.4068645
3/7/7/5/6/7/6/3/2 3 3,X,-0.6111111111111111111111111112,6,SLEEP,Z,0.06701698,0.2800664
3/7/7/5/6/7/6/3/1 3 3,X,0.8333333333333333333333333333,4,SLEEP,Z,0.2585705,0.3662446
3/7/7/5/6/7/5/2/6 3 3,X,-0.6111111111111111111111111112,6,SLEEP,Z,0.07724187,0.2490855
3/7/7/5/6/7/5/2/5 3 3,X,-0.5555555555555555555555555555,4,SLEEP,Z,0.1063004,0.2790523
3/7/7/5/6/7/5/2/3 3 3,X,0.625,2,SLEEP,Z,0.02802497,0.1139264
3/7/7/5/6/7/5/6/4 3 3,X,-0.6111111111111111111111111112,6,SLEEP,Z,0.06394003,0.2922729
3/7/7/5/6/7/5/6/2 3 3,X,-0.5555555555555555555555555555,2,SLEEP,Z,0.03101917,0.1081668
3/7/7/5/6/7/5/6/1 3 3,X,0.625,4,SLEEP,Z,0.0772669,0.2368671
3/7/7/5/6/7/5/5/4 3 3,X,-0.6111111111111111111111111112,6,SLEEP,Z,0.1009307,0.3604182
3/7/7/5/6/7/5/5/2 3 3,X,-0.5555555555555555555555555555,4,SLEEP,Z,0.1228225,0.3345863
3/7/7/5/6/7/5/5/1 3 3,X,0.625,4,SLEEP,Z,0.0289995,0.1274062
3/7/7/5/6/7/5/3/4 3 3,X,-0.6111111111111111111111111112,6,SLEEP,Z,0.06388704,0.2766273
3/7/7/5/6/7/5/3/2 3 3,X,-0.5555555555555555555555555555,4,SLEEP,Z,0.03515862,0.1467652
3/7/7/5/6/7/5/3/1 3 3,X,0.625,2,SLEEP,Z,0.05382989,0.1118076
3/7/7/5/6/7/3/2/6 3 3,X,-0.8333333333333333333333333333,6,SLEEP,Z,0.04802764,0.1928096
3/7/7/5/6/7/3/2/5 3 3,X,0.625,4,SLEEP,Z,0.04035529,0.1125067
3/7/7/5/6/7/3/2/3 3 3,X,0.75,2,SLEEP,Z,0.01962332,0.04559713
3/7/7/5/6/7/3/6/4 3 3,X,-0.8333333333333333333333333333,4,SLEEP,Z,0.05227369,0.1521441
3/7/7/5/6/7/3/6/2 3 3,X,0.625,4,SLEEP,Z,0.03735624,0.1296023
3/7/7/5/6/7/3/6/1 3 3,X,0.75,2,SLEEP,Z,0.01209685,0.05671183
3/7/7/5/6/7/3/5/4 3 3,X,-0.8333333333333333333333333333,2,SLEEP,Z,0.02636107,0.09882037
3/7/7/5/6/7/3/5/2 3 3,X,0.625,2,SLEEP,Z,0.02636148,0.08541394
3/7/7/5/6/7/3/5/1 3 3,X,0.75,2,SLEEP,Z,0.05053815,0.07016528
3/7/7/5/6/7/3/3/4 3 3,X,-0.8333333333333333333333333333,4,SLEEP,Z,0.0420232,0.1697994
3/7/7/5/6/7/3/3/2 3 3,X,0.625,4,SLEEP,Z,0.03186553,0.1204034
3/7/7/5/6/7/3/3/1 3 3,X,0.75,2,SLEEP,Z,0,0
3/7/7/5/6/7/7/2/4 3 3,X,-0.6111111111111111111111111112,8,SLEEP,Z,0.06056903,0.2668457
3/7/7/5/6/7/7/2/2 3 3,X,-0.5555555555555555555555555555,2,SLEEP,Z,0.02617892,0.1121373
3/7/7/5/6/7/7/2/1 3 3,X,0.625,4,SLEEP,Z,0.03143962,0.1256218
3/7/7/5/5/2/2/7/7 3 3,X,-0.5,4,SLEEP,Z,0.04603245,0.1690229
3/7/7/5/5/2/6/6/7 3 3,X,-0.5555555555555555555555555555,6,SLEEP,Z,0.049248,0.2032008
3/7/7/5/5/2/6/5/7 3 3,X,-0.5555555555555555555555555555,6,SLEEP,Z,0.07627339,0.2017721
3/7/7/5/5/2/6/3/7 3 3,X,-0.5555555555555555555555555555,4,SLEEP,Z,0.06132896,0.2110179
3/7/7/5/5/2/6/7/6 3 3,X,-0.6111111111111111111111111112,8,SLEEP,Z,0.09610634,0.3950071
3/7/7/5/5/2/6/7/5 3 3,X,-0.5555555555555555555555555555,6,SLEEP,Z,0.1130802,0.2853574
3/7/7/5/5/2/6/7/3 3 3,X,0.7,4,SLEEP,Z,0.03390719,0.1162356
3/7/7/5/5/2/5/6/7 3 3,X,-0.5,4,SLEEP,Z,0.03519342,0.141624
3/7/7/5/5/2/5/5/7 3 3,X,-0.5,4,SLEEP,Z,0.0529867,0.3670894
3/7/7/5/5/2/5/3/7 3 3,X,-0.5,4,SLEEP,Z,0.06334505,0.2021516
3/7/7/5/5/2/5/7/6 3 3,X,-0.5555555555555555555555555555,6,SLEEP,Z,0.06128852,0.2591901
3/7/7/5/5/2/5/7/5 3 3,X,-0.5,4,SLEEP,Z,0.03764855,0.1590548
3/7/7/5/5/2/5/7/3 3 3,X,-0.4444444444444444444444444445,4,SLEEP,Z,0.04817969,0.2300247
3/7/7/5/5/2/3/6/7 3 3,X,-0.5,4,SLEEP,Z,0.03074955,0.08231075
3/7/7/5/5/2/3/5/7 3 3,X,-0.5,4,SLEEP,Z,0.03332292,0.1207075
3/7/7/5/5/2/3/3/7 3 3,X,-0.5,4,SLEEP,Z,0.0392779,0.1588784
3/7/7/5/5/2/3/7/6 3 3,X,-0.7,6,SLEEP,Z,0.05574695,0.1867215
3/7/7/5/5/2/3/7/5 3 3,X,-0.5,2,SLEEP,Z,0.02765703,0.1135139
3/7/7/5/5/2/3/7/3 3 3,X,-0.3888888888888888888888888888,2,SLEEP,Z,0.03182049,0.09587595
3/7/7/5/5/2/7/2/7 3 3,X,-0.5,4,SLEEP,Z,0.0316602,0.1451775
3/7/7/5/5/2/7/6/6 3 3,X,-0.5555555555555555555555555555,4,SLEEP,Z,0.03703199,0.1384908
3/7/7/5/5/2/7/6/5 3 3,X,-0.5,4,SLEEP,Z,0.03183676,0.1334395
3/7/7/5/5/2/7/6/3 3 3,Z,0.5,6,SLEEP,Z,0.047702,0.182364
3/7/7/5/5/2/7/5/6 3 3,X,-0.5555555555555555555555555555,4,SLEEP,Z,0.05615008,0.2429956
3/7/7/5/5/2/7/5/5 3 3,X,-0.5,4,SLEEP,Z,0.05231079,0.2522915
3/7/7/5/5/2/7/5/3 3 3,X,-0.4444444444444444444444444445,4,SLEEP,Z,0.036539,0.122411
3/7/7/5/5/2/7/3/6 3 3,X,-0.5555555555555555555555555555,6,SLEEP,Z,0.05195583,0.2115081
3/7/7/5/5/2/7/3/5 3 3,X,-0.5,4,SLEEP,Z,0.03552362,0.1388714
3/7/7/5/5/2/7/3/3 3 3,Z,-0.5,6,SLEEP,Z,0.07712729,0.3640898
3/7/7/5/5/2/7/7/4 3 3,X,-0.5555555555555555555555555555,6,SLEEP,Z,0.06508444,0.3439871
3/7/7/5/5/2/7/7/2 3 3,X,-0.5,4,SLEEP,Z,0.03367681,0.1569782
3/7/7/5/5/2/7/7/1 3 3,X,-0.4444444444444444444444444445,2,SLEEP,Z,0.02770556,0.1307843
3/7/7/5/5/6/2/6/7 3 3,X,-0.5,2,SLEEP,Z,0.04061943,0.1132541
3/7/7/5/5/6/2/5/7 3 3,X,-0.5,2,SLEEP,Z,0.03761102,0.1627531
3/7/7/5/5/6/2/3/7 3 3,Z,0.6666666666666666666666666667,4,SLEEP,Z,0.09218942,0.2638344
3/7/7/5/5/6/2/7/6 3 3,X,-0.5555555555555555555555555555,6,SLEEP,Z,0.07711834,0.2610612
3/7/7/5/5/6/2/7/5 3 3,X,-0.5,4,SLEEP,Z,0.1044786,0.2989797
3/7/7/5/5/6/2/7/3 3 3,Z,0.5,4,SLEEP,Z,0.123328,0.2517609
3/7/7/5/5/6/6/2/7 3 3,X,-0.5555555555555555555555555555,6,SLEEP,Z,0.04653804,0.1984702
3/7/7/5/5/6/6/6/6 3 3,X,-0.6111111111111111111111111112,8,SLEEP,Z,0.07551955,0.3795598
3/7/7/5/5/6/6/6/5 3 3,X,-0.5555555555555555555555555555,4,SLEEP,Z,0.03957123,0.1829493
3/7/7/5/5/6/6/6/3 3 3,X,0.75,6,SLEEP,Z,0.146727,0.3033268
3/7/7/5/5/6/6/5/6 3 3,X,-0.6111111111111111111111111112,8,SLEEP,Z,0.08623597,0.3182091
3/7/7/5/5/6/6/5/5 3 3,X,-0.5555555555555555555555555555,4,SLEEP,Z,0.03586097,0.1626779
3/7/7/5/5/6/6/5/3 3 3,X,0.75,2,SLEEP,Z,0.03129696,0.1224497
3/7/7/5/5/6/6/3/6 3 3,Z,0.6666666666666666666666666667,8,SLEEP,Z,0.07697053,0.3346718
3/7/7/5/5/6/6/3/5 3 3,Z,0.6666666666666666666666666667,4,SLEEP,Z,0.03219987,0.1417944
3/7/7/5/5/6/6/3/3 3 3,X,0.75,4,SLEEP,Z,0.03299755,0.1477371
3/7/7/5/5/6/6/7/4 3 3,X,-0.6111111111111111111111111112,6,SLEEP,Z,0.07278287,0.337361
3/7/7/5/5/6/6/7/2 3 3,X,-0.5555555555555555555555555555,6,SLEEP,Z,0.04301299,0.1760149
3/7/7/5/5/6/6/7/1 3 3,X,0.75,4,SLEEP,Z,0.1519603,0.3804691
3/7/7/5/5/6/5/2/7 3 3,X,-0.5,4,SLEEP,Z,0.03455285,0.1338391
3/7/7/5/5/6/5/6/6 3 3,X,-0.5555555555555555555555555555,4,SLEEP,Z,0.03902221,0.1645838
3/7/7/5/5/6/5/6/5 3 3,X,-0.5,4,SLEEP,Z,0.03233638,0.1499888
3/7/7/5/5/6/5/6/3 3 3,Z,0.5,2,SLEEP,Z,0.04684616,0.1074979
3/7/7/5/5/6/5/5/6 3 3,X,-0.5555555555555555555555555555,4,SLEEP,Z,0.05741793,0.2479203
3/7/7/5/5/6/5/5/5 3 3,X,-0.5,6,SLEEP,Z,0.05131293,0.2233215
3/7/7/5/5/6/5/5/3 3 3,Z,0.5,2,SLEEP,Z,0.05100637,0.1238628
3/7/7/5/5/6/5/3/6 3 3,Z,0.6666666666666666666666666667,4,SLEEP,Z,0.04949541,0.1651774
3/7/7/5/5/6/5/3/5 3 3,Z,0.6666666666666666666666666667,4,SLEEP,Z,0.04172509,0.1845384
3/7/7/5/5/6/5/3/3 3 3,Z,0.6666666666666666666666666667,4,SLEEP,Z,0.06595838,0.1973784
3/7/7/5/5/6/5/7/4 3 3,X,-0.5555555555555555555555555555,4,SLEEP,Z,0.03346177,0.1610741
3/7/7/5/5/6/5/7/2 3 3,X,-0.5,4,SLEEP,Z,0.03956074,0.1370829
3/7/7/5/5/6/5/7/1 3 3,Z,0.5,4,SLEEP,Z,0.0289169,0.109918
3/7/7/5/5/6/3/2/7 3 3,Z,0.5,2,SLEEP,Z,0.02257356,0.09379885
3/7/7/5/5/6/3/6/6 3 3,X,-0.75,6,SLEEP,Z,0.08833567,0.2398842
3/7/7/5/5/6/3/6/5 3 3,X,-0.5,4,SLEEP,Z,0.03161146,0.1481505
3/7/7/5/5/6/3/6/3 3 3,Z,0.5,4,SLEEP,Z,0.02475618,0.1097317
3/7/7/5/5/6/3/5/6 3 3,X,-0.75,4,SLEEP,Z,0.0461354,0.1782402
3/7/7/5/5/6/3/5/5 3 3,Z,0.5,2,SLEEP,Z,0.01784154,0.07869691
3/7/7/5/5/6/3/5/3 3 3,Z,0.5,2,SLEEP,Z,0.04163405,0.1114538
3/7/7/5/5/6/3/3/6 3 3,X,-0.75,6,SLEEP,Z,0.0450724,0.1831625
3/7/7/5/5/6/3/3/5 3 3,Z,0.6666666666666666666666666667,4,SLEEP,Z,0.05082703,0.1598219
3/7/7/5/5/6/3/3/3 3 3,Z,0.6666666666666666666666666667,4,SLEEP,Z,0.0168716,0.07574954
3/7/7/5/5/6/3/7/4 3 3,X,-0.75,4,SLEEP,Z,0.0460364,0.1903459
3/7/7/5/5/6/3/7/2 3 3,Z,0.5,4,SLEEP,Z,0.04088731,0.1572639
3/7/7/5/5/6/3/7/1 3 3,Z,0.5,2,SLEEP,Z,0.01223314,0.05447736
3/7/7/5/5/6/7/2/6 3 3,X,-0.5555555555555555555555555555,6,SLEEP,Z,0.0503411,0.2563802
3/7/7/5/5/6/7/2/5 3 3,X,-0.5,4,SLEEP,Z,0.02632007,0.1198686
3/7/7/5/5/6/7/2/3 3 3,Z,0.5,2,SLEEP,Z,0.02567674,0.1112787
3/7/7/5/5/6/7/6/4 3 3,X,-0.5555555555555555555555555555,4,SLEEP,Z,0.06021909,0.2859137
3/7/7/5/5/6/7/6/2 3 3,X,-0.5,4,SLEEP,Z,0.03950755,0.1609254
3/7/7/5/5/6/7/6/1 3 3,Z,0.5,4,SLEEP,Z,0.03743647,0.166633
3/7/7/5/5/6/7/5/4 3 3,X,-0.5555555555555555555555555555,6,SLEEP,Z,0.05332306,0.2365367
3/7/7/5/5/6/7/5/2 3 3,X,-0.5,2,SLEEP,Z,0.02440408,0.1062026
3/7/7/5/5/6/7/5/1 3 3,Z,0.5,2,SLEEP,Z,0.01978629,0.09057796
3/7/7/5/5/6/7/3/4 3 3,Z,0.6666666666666666666666666666,6,SLEEP,Z,0.09717585,0.3201307
3/7/7/5/5/6/7/3/2 3 3,Z,0.6666666666666666666666666666,4,SLEEP,Z,0.03295426,0.1454716
3/7/7/5/5/6/7/3/1 3 3,Z,0.6666666666666666666666666666,4,SLEEP,Z,0.02676478,0.1140312
3/7/7/5/5/5/2/6/7 3 3,X,-0.5,2,SLEEP,Z,0.02178819,0.09547725
3/7/7/5/5/5/2/5/7 3 3,X,-0.5,2,SLEEP,Z,0.02956505,0.1189476
3/7/7/5/5/5/2/3/7 3 3,X,-0.5,6,SLEEP,Z,0.05877108,0.1862455
3/7/7/5/5/5/2/7/6 3 3,X,-0.5555555555555555555555555555,4,SLEEP,Z,0.04700065,0.1932276
3/7/7/5/5/5/2/7/5 3 3,X,-0.5,6,SLEEP,Z,0.05717472,0.2397339
3/7/7/5/5/5/2/7/3 3 3,X,-0.4444444444444444444444444445,4,SLEEP,Z,0.02639763,0.1007891
3/7/7/5/5/5/6/2/7 3 3,X,-0.5555555555555555555555555555,8,SLEEP,Z,0.1031351,0.349444
3/7/7/5/5/5/6/6/6 3 3,X,-0.6111111111111111111111111112,4,SLEEP,Z,0.06280635,0.2523875
3/7/7/5/5/5/6/6/5 3 3,X,-0.5555555555555555555555555555,4,SLEEP,Z,0.09459478,0.2894441
3/7/7/5/5/5/6/6/3 3 3,X,0.75,4,SLEEP,Z,0.05674604,0.1360725
3/7/7/5/5/5/6/5/6 3 3,X,-0.6111111111111111111111111112,8,SLEEP,Z,0.06602593,0.291051
3/7/7/5/5/5/6/5/5 3 3,X,-0.5555555555555555555555555555,8,SLEEP,Z,0.03965316,0.1675867
3/7/7/5/5/5/6/5/3 3 3,X,0.75,2,SLEEP,Z,0.02932632,0.1094995
3/7/7/5/5/5/6/3/6 3 3,X,-0.6111111111111111111111111112,6,SLEEP,Z,0.05448772,0.2498603
3/7/7/5/5/5/6/3/5 3 3,X,-0.5555555555555555555555555555,6,SLEEP,Z,0.05625335,0.2403878
3/7/7/5/5/5/6/3/3 3 3,X,0.75,6,SLEEP,Z,0.0429615,0.175259
3/7/7/5/5/5/6/7/4 3 3,X,-0.6111111111111111111111111112,10,SLEEP,Z,0.06002398,0.2734296
3/7/7/5/5/5/6/7/2 3 3,X,-0.5555555555555555555555555555,4,SLEEP,Z,0.03034407,0.1336388
3/7/7/5/5/5/6/7/1 3 3,X,0.75,2,SLEEP,Z,0.02085993,0.09139155
3/7/7/5/5/5/5/2/7 3 3,X,-0.5,4,SLEEP,Z,0.04224869,0.1839241
3/7/7/5/5/5/5/6/6 3 3,X,-0.5555555555555555555555555555,8,SLEEP,Z,0.076175,0.34178
3/7/7/5/5/5/5/6/5 3 3,X,-0.5,6,SLEEP,Z,0.03663423,0.1644691
3/7/7/5/5/5/5/6/3 3 3,Z,0.5,2,SLEEP,Z,0.03956016,0.08913095
3/7/7/5/5/5/5/5/6 3 3,X,-0.5555555555555555555555555555,6,SLEEP,Z,0.06845661,0.2999279
3/7/7/5/5/5/5/5/5 3 3,X,-0.5,6,SLEEP,Z,0.03896128,0.1628633
3/7/7/5/5/5/5/5/3 3 3,X,-0.4444444444444444444444444445,2,SLEEP,Z,0.02325088,0.09991559
3/7/7/5/5/5/5/3/6 3 3,X,-0.5555555555555555555555555555,6,SLEEP,Z,0.04072042,0.1829072
3/7/7/5/5/5/5/3/5 3 3,X,-0.5,6,SLEEP,Z,0.03403163,0.1585767
3/7/7/5/5/5/5/3/3 3 3,Z,-0.5,4,SLEEP,Z,0.03243196,0.1330392
3/7/7/5/5/5/5/7/4 3 3,X,-0.5555555555555555555555555555,4,SLEEP,Z,0.02347085,0.1151526
3/7/7/5/5/5/5/7/2 3 3,X,-0.5,4,SLEEP,Z,0.03086999,0.1313651
3/7/7/5/5/5/5/7/1 3 3,X,-0.4444444444444444444444444445,2,SLEEP,Z,0.03241105,0.08961554
3/7/7/5/5/5/3/2/7 3 3,X,-0.5,4,SLEEP,Z,0.04367729,0.1656165
3/7/7/5/5/5/3/6/6 3 3,X,-0.75,4,SLEEP,Z,0.07373983,0.2911942
3/7/7/5/5/5/3/6/5 3 3,X,-0.5,4,SLEEP,Z,0.04289446,0.1770003
3/7/7/5/5/5/3/6/3 3 3,Z,0.5,4,SLEEP,Z,0.02664086,0.1204737
3/7/7/5/5/5/3/5/6 3 3,X,-0.75,4,SLEEP,Z,0.03005364,0.1261147
3/7/7/5/5/5/3/5/5 3 3,X,-0.5,4,SLEEP,Z,0.03245524,0.141664
3/7/7/5/5/5/3/5/3 3 3,X,-0.3888888888888888888888888888,4,SLEEP,Z,0.02682629,0.1179677
3/7/7/5/5/5/3/3/6 3 3,X,-0.75,4,SLEEP,Z,0.02936069,0.1241815
3/7/7/5/5/5/3/3/5 3 3,X,-0.5,4,SLEEP,Z,0.03247209,0.1458841
3/7/7/5/5/5/3/3/3 3 3,Z,-0.5,2,SLEEP,Z,0,0
3/7/7/5/5/5/3/7/4 3 3,X,-0.75,6,SLEEP,Z,0.0773538,0.2533295
3/7/7/5/5/5/3/7/2 3 3,X,-0.5,4,SLEEP,Z,0.02841066,0.1255671
3/7/7/5/5/5/3/7/1 3 3,X,-0.3888888888888888888888888888,4,SLEEP,Z,0.02464121,0.112076
3/7/7/5/5/5/7/2/6 3 3,X,-0.5555555555555555555555555555,6,SLEEP,Z,0.05459404,0.2422555
3/7/7/5/5/5/7/2/5 3 3,X,-0.5,6,SLEEP,Z,0.03119,0.1364896
3/7/7/5/5/5/7/2/3 3 3,X,-0.4444444444444444444444444445,4,SLEEP,Z,0.02525119,0.1118812
3/7/7/5/5/5/7/6/4 3 3,X,-0.5555555555555555555555555555,6,SLEEP,Z,0.03841264,0.1801423
3/7/7/5/5/5/7/6/2 3 3,X,-0.5,2,SLEEP,Z,0.02590602,0.1188313
3/7/7/5/5/5/7/6/1 3 3,Z,0.5,4,SLEEP,Z,0.03460465,0.163245
3/7/7/5/5/5/7/5/4 3 3,X,-0.5555555555555555555555555555,4,SLEEP,Z,0.06675014,0.2972317
3/7/7/5/5/5/7/5/2 3 3,X,-0.5,4,SLEEP,Z,0.03387322,0.1511936
3/7/7/5/5/5/7/5/1 3 3,X,-0.4444444444444444444444444445,4,SLEEP,Z,0.04119632,0.1591071
3/7/7/5/5/5/7/3/4 3 3,X,-0.5555555555555555555555555555,6,SLEEP,Z,0.0732632,0.3079846
3/7/7/5/5/5/7/3/2 3 3,X,-0.5,4,SLEEP,Z,0.02777671,0.1249441
3/7/7/5/5/5/7/3/1 3 3,Z,-0.5,4,SLEEP,Z,0.03696224,0.1621647
3/7/7/5/5/3/2/6/7 3 3,Z,-0.6666666666666666666666666667,4,SLEEP,Z,0.03874432,0.1562778
3/7/7/5/5/3/2/5/7 3 3,X,-0.5,6,SLEEP,Z,0.06543877,0.1605969
3/7/7/5/5/3/2/3/7 3 3,X,-0.5,2,SLEEP,Z,0.05857075,0.1499364
3/7/7/5/5/3/2/7/6 3 3,X,-0.5555555555555555555555555555,8,SLEEP,Z,0.09648645,0.3214621
3/7/7/5/5/3/2/7/5 3 3,X,-0.5,4,SLEEP,Z,0.03481948,0.1428238
3/7/7/5/5/3/2/7/3 3 3,Z,-0.5,4,SLEEP,Z,0.1282233,0.2142096
3/7/7/5/5/3/6/2/7 3 3,X,-0.5555555555555555555555555555,4,SLEEP,Z,0.03222297,0.1372136
3/7/7/5/5/3/6/6/6 3 3,Z,-0.6666666666666666666666666667,4,SLEEP,Z,0.050146,0.2082444
3/7/7/5/5/3/6/6/5 3 3,Z,-0.6666666666666666666666666667,4,SLEEP,Z,0.05333656,0.2231143
3/7/7/5/5/3/6/6/3 3 3,X,0.75,4,SLEEP,Z,0.05903831,0.1369333
3/7/7/5/5/3/6/5/6 3 3,X,-0.6111111111111111111111111112,6,SLEEP,Z,0.07193001,0.3236911
3/7/7/5/5/3/6/5/5 3 3,X,-0.5555555555555555555555555555,6,SLEEP,Z,0.04188905,0.1570721
3/7/7/5/5/3/6/5/3 3 3,X,0.75,2,SLEEP,Z,0.02209026,0.08913466
3/7/7/5/5/3/6/3/6 3 3,X,-0.6111111111111111111111111112,6,SLEEP,Z,0.05365161,0.245836
3/7/7/5/5/3/6/3/5 3 3,X,-0.5555555555555555555555555555,4,SLEEP,Z,0.04311965,0.1804217
3/7/7/5/5/3/6/3/3 3 3,X,0.75,2,SLEEP,Z,0.03499043,0.1286889
3/7/7/5/5/3/6/7/4 3 3,X,-0.6111111111111111111111111112,8,SLEEP,Z,0.08446274,0.3725201
3/7/7/5/5/3/6/7/2 3 3,X,-0.5555555555555555555555555555,2,SLEEP,Z,0.02284774,0.1481372
3/7/7/5/5/3/6/7/1 3 3,X,0.75,4,SLEEP,Z,0.1259401,0.269816
3/7/7/5/5/3/5/2/7 3 3,X,-0.5,6,SLEEP,Z,0.09176209,0.2106809
3/7/7/5/5/3/5/6/6 3 3,Z,-0.6666666666666666666666666667,4,SLEEP,Z,0.04345832,0.1337032
3/7/7/5/5/3/5/6/5 3 3,Z,-0.6666666666666666666666666667,6,SLEEP,Z,0.04228317,0.164311
3/7/7/5/5/3/5/6/3 3 3,Z,-0.6666666666666666666666666667,4,SLEEP,Z,0.02352018,0.1159612
3/7/7/5/5/3/5/5/6 3 3,X,-0.5555555555555555555555555555,6,SLEEP,Z,0.04805011,0.2173713
3/7/7/5/5/3/5/5/5 3 3,X,-0.5,6,SLEEP,Z,0.04622021,0.1305772
3/7/7/5/5/3/5/5/3 3 3,Z,-0.5,2,SLEEP,Z,0.01779723,0.08094712
3/7/7/5/5/3/5/3/6 3 3,X,-0.5555555555555555555555555555,4,SLEEP,Z,0.03576741,0.1599025
3/7/7/5/5/3/5/3/5 3 3,X,-0.5,4,SLEEP,Z,0.04505537,0.1483185
3/7/7/5/5/3/5/3/3 3 3,Z,-0.5,4,SLEEP,Z,0.02498937,0.103672
3/7/7/5/5/3/5/7/4 3 3,X,-0.5555555555555555555555555555,4,SLEEP,Z,0.03098645,0.1415945
3/7/7/5/5/3/5/7/2 3 3,X,-0.5,4,SLEEP,Z,0.03237559,0.1529253
3/7/7/5/5/3/5/7/1 3 3,Z,-0.5,2,SLEEP,Z,0.04325352,0.1517103
3/7/7/5/5/3/3/2/7 3 3,Z,-0.5,4,SLEEP,Z,0.07544336,0.2097653
3/7/7/5/5/3/3/6/6 3 3,X,-0.75,2,SLEEP,Z,0.04444333,0.1780385
3/7/7/5/5/3/3/6/5 3 3,Z,-0.6666666666666666666666666667,4,SLEEP,Z,0.06444908,0.2304333
3/7/7/5/5/3/3/6/3 3 3,Z,-0.6666666666666666666666666667,4,SLEEP,Z,0.03257187,0.1336664
3/7/7/5/5/3/3/5/6 3 3,X,-0.75,6,SLEEP,Z,0.05906474,0.1892378
3/7/7/5/5/3/3/5/5 3 3,Z,-0.5,2,SLEEP,Z,0.03234763,0.1335057
3/7/7/5/5/3/3/5/3 3 3,Z,-0.5,2,SLEEP,Z,0.01794117,0.06947901
3/7/7/5/5/3/3/3/6 3 3,X,-0.75,6,SLEEP,Z,0.06558475,0.2654793
3/7/7/5/5/3/3/3/5 3 3,X,-0.5,4,SLEEP,Z,0.02977546,0.1301068
3/7/7/5/5/3/3/3/3 3 3,Z,-0.5,4,SLEEP,Z,0.02594949,0.1137435
3/7/7/5/5/3/3/7/4 3 3,X,-0.75,4,SLEEP,Z,0.07593872,0.2184859
3/7/7/5/5/3/3/7/2 3 3,Z,-0.5,4,SLEEP,Z,0.04773444,0.1787047
3/7/7/5/5/3/3/7/1 3 3,Z,-0.5,2,SLEEP,Z,0.01048956,0.0457834
3/7/7/5/5/3/7/2/6 3 3,X,-0.5555555555555555555555555555,8,SLEEP,Z,0.05374538,0.211391
3/7/7/5/5/3/7/2/5 3 3,X,-0.5,4,SLEEP,Z,0.02334628,0.1070439
3/7/7/5/5/3/7/2/3 3 3,Z,-0.5,4,SLEEP,Z,0.02967748,0.1473548
3/7/7/5/5/3/7/6/4 3 3,Z,-0.6666666666666666666666666666,4,SLEEP,Z,0.04544054,0.1910778
3/7/7/5/5/3/7/6/2 3 3,Z,-0.6666666666666666666666666666,6,SLEEP,Z,0.09422568,0.2658021
3/7/7/5/5/3/7/6/1 3 3,Z,-0.6666666666666666666666666666,4,SLEEP,Z,0.03246324,0.1362456
3/7/7/5/5/3/7/5/4 3 3,X,-0.5555555555555555555555555555,4,SLEEP,Z,0.04147006,0.1922024
3/7/7/5/5/3/7/5/2 3 3,X,-0.5,6,SLEEP,Z,0.06930979,0.2382895
3/7/7/5/5/3/7/5/1 3 3,Z,-0.5,2,SLEEP,Z,0.02958072,0.103287
3/7/7/5/5/3/7/3/4 3 3,X,-0.5555555555555555555555555555,4,SLEEP,Z,0.03192502,0.1346557
3/7/7/5/5/3/7/3/2 3 3,X,-0.5,4,SLEEP,Z,0.02759659,0.1232084
3/7/7/5/5/3/7/3/1 3 3,Z,-0.5,2,SLEEP,Z,0.02433095,0.1104574
3/7/7/5/5/7/2/2/7 3 3,X,-0.5,4,SLEEP,Z,0.03410107,0.1407356
3/7/7/5/5/7/2/6/6 3 3,X,-0.5555555555555555555555555555,6,SLEEP,Z,0.08696684,0.3396792
3/7/7/5/5/7/2/6/5 3 3,X,-0.5,4,SLEEP,Z,0.1097223,0.3112964
3/7/7/5/5/7/2/6/3 3 3,X,0.5,4,SLEEP,Z,0.03623164,0.1193958
3/7/7/5/5/7/2/5/6 3 3,X,-0.5555555555555555555555555555,8,SLEEP,Z,0.06515748,0.2370191
3/7/7/5/5/7/2/5/5 3 3,X,-0.5,4,SLEEP,Z,0.04296445,0.1657569
3/7/7/5/5/7/2/5/3 3 3,X,0.5,4,SLEEP,Z,0.0407655,0.0799082
3/7/7/5/5/7/2/3/6 3 3,X,-0.5555555555555555555555555555,6,SLEEP,Z,0.05215674,0.1979143
3/7/7/5/5/7/2/3/5 3 3,X,-0.5,6,SLEEP,Z,0.05541145,0.1814339
3/7/7/5/5/7/2/3/3 3 3,X,0.5,2,SLEEP,Z,0.01850959,0.09758397
3/7/7/5/5/7/2/7/4 3 3,X,-0.5555555555555555555555555555,6,SLEEP,Z,0.08446141,0.3276083
3/7/7/5/5/7/2/7/2 3 3,X,-0.5,6,SLEEP,Z,0.0321887,0.149427
3/7/7/5/5/7/2/7/1 3 3,X,0.5,4,SLEEP,Z,0.04189064,0.1325965
3/7/7/5/5/7/6/2/6 3 3,X,-0.6111111111111111111111111112,4,SLEEP,Z,0.06229724,0.2704384
3/7/7/5/5/7/6/2/5 3 3,X,-0.5555555555555555555555555555,6,SLEEP,Z,0.09909734,0.3260108
3/7/7/5/5/7/6/2/3 3 3,X,0.8333333333333333333333333333,4,SLEEP,Z,0.03976438,0.1706689
3/7/7/5/5/7/6/6/4 3 3,X,-0.6111111111111111111111111112,8,SLEEP,Z,0.09036122,0.3842782
3/7/7/5/5/7/6/6/2 3 3,X,-0.5555555555555555555555555555,6,SLEEP,Z,0.05289013,0.2166127
3/7/7/5/5/7/6/6/1 3 3,X,0.8333333333333333333333333333,4,SLEEP,Z,0.03937739,0.1589679
3/7/7/5/5/7/6/5/4 3 3,X,-0.6111111111111111111111111112,8,SLEEP,Z,0.09564427,0.412658
3/7/7/5/5/7/6/5/2 3 3,X,-0.5555555555555555555555555555,4,SLEEP,Z,0.05819472,0.2246056
3/7/7/5/5/7/6/5/1 3 3,X,0.8333333333333333333333333333,2,SLEEP,Z,0.04307688,0.1650517
3/7/7/5/5/7/6/3/4 3 3,X,-0.6111111111111111111111111112,6,SLEEP,Z,0.06045601,0.2911598
3/7/7/5/5/7/6/3/2 3 3,X,-0.5555555555555555555555555555,4,SLEEP,Z,0.03908518,0.1751667
3/7/7/5/5/7/6/3/1 3 3,X,0.8333333333333333333333333333,2,SLEEP,Z,0.02945735,0.1281791
3/7/7/5/5/7/5/2/6 3 3,X,-0.5555555555555555555555555555,6,SLEEP,Z,0.04208556,0.188444
3/7/7/5/5/7/5/2/5 3 3,X,-0.5,4,SLEEP,Z,0.02616637,0.1217233
3/7/7/5/5/7/5/2/3 3 3,X,-0.4444444444444444444444444445,4,SLEEP,Z,0.02956156,0.1341847
3/7/7/5/5/7/5/6/4 3 3,X,-0.5555555555555555555555555555,6,SLEEP,Z,0.06675828,0.2989522
3/7/7/5/5/7/5/6/2 3 3,X,-0.5,4,SLEEP,Z,0.03717691,0.1530246
3/7/7/5/5/7/5/6/1 3 3,Z,0.5,4,SLEEP,Z,0.04125268,0.1390302
3/7/7/5/5/7/5/5/4 3 3,X,-0.5555555555555555555555555555,4,SLEEP,Z,0.04228589,0.1706327
3/7/7/5/5/7/5/5/2 3 3,X,-0.5,4,SLEEP,Z,0.0275466,0.1308126
3/7/7/5/5/7/5/5/1 3 3,X,-0.4444444444444444444444444445,4,SLEEP,Z,0.0518169,0.3310109
3/7/7/5/5/7/5/3/4 3 3,X,-0.5555555555555555555555555555,4,SLEEP,Z,0.03661189,0.1711217
3/7/7/5/5/7/5/3/2 3 3,X,-0.5,6,SLEEP,Z,0.03783382,0.1696987
3/7/7/5/5/7/5/3/1 3 3,Z,-0.5,4,SLEEP,Z,0.03965158,0.1802146
3/7/7/5/5/7/3/2/6 3 3,X,-0.8333333333333333333333333333,6,SLEEP,Z,0.08593023,0.2795054
3/7/7/5/5/7/3/2/5 3 3,X,-0.5,4,SLEEP,Z,0.02814017,0.1210392
3/7/7/5/5/7/3/2/3 3 3,X,-0.3888888888888888888888888888,2,SLEEP,Z,0.01935589,0.08155036
3/7/7/5/5/7/3/6/4 3 3,X,-0.8333333333333333333333333333,4,SLEEP,Z,0.0344003,0.1643574
3/7/7/5/5/7/3/6/2 3 3,X,-0.5,4,SLEEP,Z,0.04637812,0.1743081
3/7/7/5/5/7/3/6/1 3 3,Z,0.5,4,SLEEP,Z,0.03335266,0.1663546
3/7/7/5/5/7/3/5/4 3 3,X,-0.8333333333333333333333333333,4,SLEEP,Z,0.03277609,0.1414167
3/7/7/5/5/7/3/5/2 3 3,X,-0.5,4,SLEEP,Z,0.0198716,0.08412486
3/7/7/5/5/7/3/5/1 3 3,X,-0.3888888888888888888888888888,4,SLEEP,Z,0.02839526,0.1291999
3/7/7/5/5/7/3/3/4 3 3,X,-0.8333333333333333333333333333,6,SLEEP,Z,0.09385511,0.3825196
3/7/7/5/5/7/3/3/2 3 3,X,-0.5,4,SLEEP,Z,0.04180549,0.190996
3/7/7/5/5/7/3/3/1 3 3,Z,-0.5,2,SLEEP,Z,0.02349333,0.1101476
3/7/7/5/5/7/7/2/4 3 3,X,-0.5555555555555555555555555555,6,SLEEP,Z,0.04768412,0.2205482
3/7/7/5/5/7/7/2/2 3 3,X,-0.5,4,SLEEP,Z,0.03915074,0.1663399
3/7/7/5/5/7/7/2/1 3 3,X,-0.4444444444444444444444444445,2,SLEEP,Z,0.03658049,0.1584515
3/7/7/5/3/2/2/7/7 3 3,X,-0.5,4,SLEEP,Z,0.05020669,0.1598381
3/7/7/5/3/2/6/6/7 3 3,X,-0.625,6,SLEEP,Z,0.05675451,0.2067712
3/7/7/5/3/2/6/5/7 3 3,X,-0.625,4,SLEEP,Z,0.063186,0.170541
3/7/7/5/3/2/6/3/7 3 3,X,-0.625,4,SLEEP,Z,0.05842315,0.1923156
3/7/7/5/3/2/6/7/6 3 3,X,-0.75,8,SLEEP,Z,0.1012239,0.3749793
3/7/7/5/3/2/6/7/5 3 3,X,-0.625,4,SLEEP,Z,0.06113297,0.2555819
3/7/7/5/3/2/6/7/3 3 3,X,0.7,4,SLEEP,Z,0.1660179,0.2685811
3/7/7/5/3/2/5/6/7 3 3,X,-0.5,4,SLEEP,Z,0.05336123,0.184899
3/7/7/5/3/2/5/5/7 3 3,X,-0.5,6,SLEEP,Z,0.06487032,0.249722
3/7/7/5/3/2/5/3/7 3 3,X,-0.5,4,SLEEP,Z,0.03993643,0.1549129
3/7/7/5/3/2/5/7/6 3 3,X,-0.625,4,SLEEP,Z,0.05091218,0.2317072
3/7/7/5/3/2/5/7/5 3 3,X,-0.5,4,SLEEP,Z,0.04000545,0.1764488
3/7/7/5/3/2/5/7/3 3 3,X,-0.3888888888888888888888888888,4,SLEEP,Z,0.04384951,0.1645911
3/7/7/5/3/2/3/6/7 3 3,X,-0.5,4,SLEEP,Z,0.04864649,0.1646286
3/7/7/5/3/2/3/5/7 3 3,X,-0.5,2,SLEEP,Z,0.02888363,0.06415527
3/7/7/5/3/2/3/3/7 3 3,X,-0.5,4,SLEEP,Z,0.0307644,0.09739909
3/7/7/5/3/2/3/7/6 3 3,X,-0.7,4,SLEEP,Z,0.04561307,0.1755808
3/7/7/5/3/2/3/7/5 3 3,X,-0.5,4,SLEEP,Z,0.03581951,0.1328013
3/7/7/5/3/2/3/7/3 3 3,X,-0.3333333333333333333333333333,2,SLEEP,Z,0,0
3/7/7/5/3/2/7/2/7 3 3,X,-0.5,4,SLEEP,Z,0.03435012,0.1440494
3/7/7/5/3/2/7/6/6 3 3,X,-0.625,6,SLEEP,Z,0.0747884,0.2742437
3/7/7/5/3/2/7/6/5 3 3,X,-0.5,6,SLEEP,Z,0.04533007,0.2015878
3/7/7/5/3/2/7/6/3 3 3,Z,0.5,2,SLEEP,Z,0.03275042,0.08816562
3/7/7/5/3/2/7/5/6 3 3,X,-0.625,4,SLEEP,Z,0.04272567,0.1861165
3/7/7/5/3/2/7/5/5 3 3,X,-0.5,2,SLEEP,Z,0.0288211,0.118655
3/7/7/5/3/2/7/5/3 3 3,X,-0.3888888888888888888888888888,4,SLEEP,Z,0.03881057,0.3456244
3/7/7/5/3/2/7/3/6 3 3,X,-0.625,6,SLEEP,Z,0.06986979,0.2439632
3/7/7/5/3/2/7/3/5 3 3,X,-0.5,6,SLEEP,Z,0.053403,0.2034572
3/7/7/5/3/2/7/3/3 3 3,Z,-0.5,2,SLEEP,Z,0.0300908,0.1225125
3/7/7/5/3/2/7/7/4 3 3,X,-0.625,6,SLEEP,Z,0.1091901,0.3764846
3/7/7/5/3/2/7/7/2 3 3,X,-0.5,6,SLEEP,Z,0.04884793,0.191602
3/7/7/5/3/2/7/7/1 3 3,X,-0.3888888888888888888888888888,4,SLEEP,Z,0.03517037,0.1432348
3/7/7/5/3/6/2/6/7 3 3,X,-0.5,4,SLEEP,Z,0.08207072,0.2259121
3/7/7/5/3/6/2/5/7 3 3,X,-0.5,6,SLEEP,Z,0.06717204,0.216813
3/7/7/5/3/6/2/3/7 3 3,Z,0.6666666666666666666666666667,4,SLEEP,Z,0.05141981,0.1448265
3/7/7/5/3/6/2/7/6 3 3,X,-0.625,6,SLEEP,Z,0.07099929,0.2450114
3/7/7/5/3/6/2/7/5 3 3,X,-0.5,4,SLEEP,Z,0.04611129,0.1833608
3/7/7/5/3/6/2/7/3 3 3,Z,0.5,2,SLEEP,Z,0.03988907,0.1007511
3/7/7/5/3/6/6/2/7 3 3,X,-0.625,6,SLEEP,Z,0.051637,0.1979713
3/7/7/5/3/6/6/6/6 3 3,X,-0.75,8,SLEEP,Z,0.08665288,0.3360162
3/7/7/5/3/6/6/6/5 3 3,X,-0.625,4,SLEEP,Z,0.05159852,0.2001361
3/7/7/5/3/6/6/6/3 3 3,X,0.75,4,SLEEP,Z,0.03668498,0.1392019
3/7/7/5/3/6/6/5/6 3 3,X,-0.75,8,SLEEP,Z,0.08151499,0.3032207
3/7/7/5/3/6/6/5/5 3 3,X,-0.625,6,SLEEP,Z,0.04730374,0.1803706
3/7/7/5/3/6/6/5/3 3 3,X,0.75,2,SLEEP,Z,0.05493243,0.11324
3/7/7/5/3/6/6/3/6 3 3,X,-0.75,8,SLEEP,Z,0.08718438,0.2871799
3/7/7/5/3/6/6/3/5 3 3,Z,0.6666666666666666666666666667,4,SLEEP,Z,0.05113554,0.1933364
3/7/7/5/3/6/6/3/3 3 3,X,0.75,4,SLEEP,Z,0.05002718,0.188261
3/7/7/5/3/6/6/7/4 3 3,X,-0.75,6,SLEEP,Z,0.08442284,0.3401399
3/7/7/5/3/6/6/7/2 3 3,X,-0.625,4,SLEEP,Z,0.05058388,0.1624189
3/7/7/5/3/6/6/7/1 3 3,X,0.75,2,SLEEP,Z,0.03123221,0.1260457
3/7/7/5/3/6/5/2/7 3 3,X,-0.5,4,SLEEP,Z,0.134582,0.2478276
3/7/7/5/3/6/5/6/6 3 3,X,-0.625,8,SLEEP,Z,0.08282164,0.2973489
3/7/7/5/3/6/5/6/5 3 3,X,-0.5,4,SLEEP,Z,0.05220867,0.2063884
3/7/7/5/3/6/5/6/3 3 3,Z,0.5,2,SLEEP,Z,0.03315006,0.1508264
3/7/7/5/3/6/5/5/6 3 3,X,-0.625,4,SLEEP,Z,0.05813158,0.2378322
3/7/7/5/3/6/5/5/5 3 3,X,-0.5,4,SLEEP,Z,0.07008266,0.2525339
3/7/7/5/3/6/5/5/3 3 3,Z,0.5,4,SLEEP,Z,0.04285173,0.1253384
3/7/7/5/3/6/5/3/6 3 3,Z,0.6666666666666666666666666667,6,SLEEP,Z,0.06193096,0.2296288
3/7/7/5/3/6/5/3/5 3 3,Z,0.6666666666666666666666666667,4,SLEEP,Z,0.04129462,0.1344474
3/7/7/5/3/6/5/3/3 3 3,Z,0.6666666666666666666666666667,4,SLEEP,Z,0.04486118,0.1770213
3/7/7/5/3/6/5/7/4 3 3,X,-0.625,2,SLEEP,Z,0.04483074,0.1919902
3/7/7/5/3/6/5/7/2 3 3,X,-0.5,4,SLEEP,Z,0.05661145,0.1769459
3/7/7/5/3/6/5/7/1 3 3,Z,0.5,4,SLEEP,Z,0.06282803,0.3130193
3/7/7/5/3/6/3/2/7 3 3,Z,0.5,4,SLEEP,Z,0.04775301,0.1640902
3/7/7/5/3/6/3/6/6 3 3,X,-0.75,4,SLEEP,Z,0.04294777,0.1710892
3/7/7/5/3/6/3/6/5 3 3,X,-0.5,2,SLEEP,Z,0.03096837,0.1269854
3/7/7/5/3/6/3/6/3 3 3,Z,0.5,4,SLEEP,Z,0.03918551,0.1912571
3/7/7/5/3/6/3/5/6 3 3,X,-0.75,4,SLEEP,Z,0.04895706,0.1671534
3/7/7/5/3/6/3/5/5 3 3,Z,0.5,2,SLEEP,Z,0.02689354,0.1018407
3/7/7/5/3/6/3/5/3 3 3,Z,0.5,2,SLEEP,Z,0.03115214,0.08571344
3/7/7/5/3/6/3/3/6 3 3,X,-0.75,6,SLEEP,Z,0.04343908,0.1533004
3/7/7/5/3/6/3/3/5 3 3,Z,0.6666666666666666666666666667,2,SLEEP,Z,0.01896968,0.07493101
3/7/7/5/3/6/3/3/3 3 3,Z,0.6666666666666666666666666667,4,SLEEP,Z,0.03999396,0.09331856
3/7/7/5/3/6/3/7/4 3 3,X,-0.75,4,SLEEP,Z,0.07855777,0.2393148
3/7/7/5/3/6/3/7/2 3 3,Z,0.5,4,SLEEP,Z,0.0900249,0.3074957
3/7/7/5/3/6/3/7/1 3 3,Z,0.5,4,SLEEP,Z,0.04323012,0.1587939
3/7/7/5/3/6/7/2/6 3 3,X,-0.625,4,SLEEP,Z,0.03983262,0.1696391
3/7/7/5/3/6/7/2/5 3 3,X,-0.5,6,SLEEP,Z,0.04956655,0.201558
3/7/7/5/3/6/7/2/3 3 3,Z,0.5,4,SLEEP,Z,0.02948347,0.1225106
3/7/7/5/3/6/7/6/4 3 3,X,-0.625,8,SLEEP,Z,0.0650151,0.231936
3/7/7/5/3/6/7/6/2 3 3,X,-0.5,4,SLEEP,Z,0.03746079,0.149332
3/7/7/5/3/6/7/6/1 3 3,Z,0.5,2,SLEEP,Z,0.0187818,0.07237625
3/7/7/5/3/6/7/5/4 3 3,X,-0.625,4,SLEEP,Z,0.08280782,0.3067125
3/7/7/5/3/6/7/5/2 3 3,X,-0.5,4,SLEEP,Z,0.05960953,0.2035469
3/7/7/5/3/6/7/5/1 3 3,Z,0.5,4,SLEEP,Z,0.05776981,0.2987236
3/7/7/5/3/6/7/3/4 3 3,Z,0.6666666666666666666666666666,6,SLEEP,Z,0.06243585,0.2436934
3/7/7/5/3/6/7/3/2 3 3,Z,0.6666666666666666666666666666,4,SLEEP,Z,0.03504429,0.1482314
3/7/7/5/3/6/7/3/1 3 3,Z,0.6666666666666666666666666666,4,SLEEP,Z,0.03617053,0.1266582
3/7/7/5/3/5/2/6/7 3 3,X,-0.5,6,SLEEP,Z,0.05801908,0.2134218
3/7/7/5/3/5/2/5/7 3 3,X,-0.5,4,SLEEP,Z,0.06946943,0.2601369
3/7/7/5/3/5/2/3/7 3 3,X,-0.5,4,SLEEP,Z,0.04471601,0.1580455
3/7/7/5/3/5/2/7/6 3 3,X,-0.625,4,SLEEP,Z,0.07912273,0.2691446
3/7/7/5/3/5/2/7/5 3 3,X,-0.5,6,SLEEP,Z,0.08029181,0.301266
3/7/7/5/3/5/2/7/3 3 3,X,0.4,2,SLEEP,Z,0.03358246,0.08009699
3/7/7/5/3/5/6/2/7 3 3,X,-0.625,6,SLEEP,Z,0.1078107,0.3032271
3/7/7/5/3/5/6/6/6 3 3,X,-0.75,6,SLEEP,Z,0.08185817,0.2831362
3/7/7/5/3/5/6/6/5 3 3,X,-0.625,6,SLEEP,Z,0.1057748,0.3524015
3/7/7/5/3/5/6/6/3 3 3,X,0.75,4,SLEEP,Z,0.04097128,0.142823
3/7/7/5/3/5/6/5/6 3 3,X,-0.75,6,SLEEP,Z,0.07971742,0.2933635
3/7/7/5/3/5/6/5/5 3 3,X,-0.625,2,SLEEP,Z,0.05221833,0.1879503
3/7/7/5/3/5/6/5/3 3 3,X,0.75,2,SLEEP,Z,0.03746951,0.1258072
3/7/7/5/3/5/6/3/6 3 3,X,-0.75,8,SLEEP,Z,0.1208289,0.3813086
3/7/7/5/3/5/6/3/5 3 3,X,-0.625,4,SLEEP,Z,0.040458,0.1423541
3/7/7/5/3/5/6/3/3 3 3,X,0.75,4,SLEEP,Z,0.04380809,0.1665339
3/7/7/5/3/5/6/7/4 3 3,X,-0.75,6,SLEEP,Z,0.08978602,0.3610464
3/7/7/5/3/5/6/7/2 3 3,X,-0.625,4,SLEEP,Z,0.1052123,0.3484872
3/7/7/5/3/5/6/7/1 3 3,X,0.75,4,SLEEP,Z,0.04423063,0.1713323
3/7/7/5/3/5/5/2/7 3 3,X,-0.5,4,SLEEP,Z,0.05531849,0.2045406
3/7/7/5/3/5/5/6/6 3 3,X,-0.625,4,SLEEP,Z,0.0356523,0.148399
3/7/7/5/3/5/5/6/5 3 3,X,-0.5,4,SLEEP,Z,0.05912263,0.1886343
3/7/7/5/3/5/5/6/3 3 3,Z,0.5,4,SLEEP,Z,0.05629158,0.2010789
3/7/7/5/3/5/5/5/6 3 3,X,-0.625,4,SLEEP,Z,0.03749061,0.1512893
3/7/7/5/3/5/5/5/5 3 3,X,-0.5,4,SLEEP,Z,0.0429437,0.154666
3/7/7/5/3/5/5/5/3 3 3,X,-0.3888888888888888888888888888,4,SLEEP,Z,0.02306802,0.09709496
3/7/7/5/3/5/5/3/6 3 3,X,-0.625,4,SLEEP,Z,0.0377287,0.1453234
3/7/7/5/3/5/5/3/5 3 3,X,-0.5,4,SLEEP,Z,0.05877384,0.1274184
3/7/7/5/3/5/5/3/3 3 3,Z,-0.5,4,SLEEP,Z,0.04840167,0.1758876
3/7/7/5/3/5/5/7/4 3 3,X,-0.625,6,SLEEP,Z,0.03643485,0.1630908
3/7/7/5/3/5/5/7/2 3 3,X,-0.5,2,SLEEP,Z,0.02474489,0.0939929
3/7/7/5/3/5/5/7/1 3 3,X,-0.3888888888888888888888888888,4,SLEEP,Z,0.04749192,0.1704755
3/7/7/5/3/5/3/2/7 3 3,X,-0.5,2,SLEEP,Z,0.03473227,0.133568
3/7/7/5/3/5/3/6/6 3 3,X,-0.75,6,SLEEP,Z,0.1541453,0.4440283
3/7/7/5/3/5/3/6/5 3 3,X,-0.5,4,SLEEP,Z,0.0404933,0.1339435
3/7/7/5/3/5/3/6/3 3 3,Z,0.5,4,SLEEP,Z,0.0337098,0.1352404
3/7/7/5/3/5/3/5/6 3 3,X,-0.75,4,SLEEP,Z,0.05788945,0.1870228
3/7/7/5/3/5/3/5/5 3 3,X,-0.5,2,SLEEP,Z,0.0271603,0.106894
3/7/7/5/3/5/3/5/3 3 3,X,-0.3333333333333333333333333333,2,SLEEP,Z,0,0
3/7/7/5/3/5/3/3/6 3 3,X,-0.75,4,SLEEP,Z,0.04104124,0.1571491
3/7/7/5/3/5/3/3/5 3 3,X,-0.5,2,SLEEP,Z,0.04113339,0.1179516
3/7/7/5/3/5/3/3/3 3 3,Z,-0.5,2,SLEEP,Z,0.01946144,0.05871969
3/7/7/5/3/5/3/7/4 3 3,X,-0.75,4,SLEEP,Z,0.05731741,0.1966233
3/7/7/5/3/5/3/7/2 3 3,X,-0.5,4,SLEEP,Z,0.04170302,0.1527687
3/7/7/5/3/5/3/7/1 3 3,X,-0.3333333333333333333333333333,2,SLEEP,Z,0.006900759,0.02675274
3/7/7/5/3/5/7/2/6 3 3,X,-0.625,4,SLEEP,Z,0.04176101,0.1825366
3/7/7/5/3/5/7/2/5 3 3,X,-0.5,6,SLEEP,Z,0.0597073,0.2271004
3/7/7/5/3/5/7/2/3 3 3,X,-0.3888888888888888888888888888,2,SLEEP,Z,0.03516441,0.1416304
3/7/7/5/3/5/7/6/4 3 3,X,-0.625,6,SLEEP,Z,0.1336511,0.3463464
3/7/7/5/3/5/7/6/2 3 3,X,-0.5,4,SLEEP,Z,0.0598336,0.2340486
3/7/7/5/3/5/7/6/1 3 3,Z,0.5,4,SLEEP,Z,0.02885516,0.1190168
3/7/7/5/3/5/7/5/4 3 3,X,-0.625,4,SLEEP,Z,0.03988278,0.1571278
3/7/7/5/3/5/7/5/2 3 3,X,-0.5,4,SLEEP,Z,0.05381416,0.2153604
3/7/7/5/3/5/7/5/1 3 3,X,-0.3888888888888888888888888888,2,SLEEP,Z,0.03253638,0.0906954
3/7/7/5/3/5/7/3/4 3 3,X,-0.625,6,SLEEP,Z,0.05521553,0.2150334
3/7/7/5/3/5/7/3/2 3 3,X,-0.5,4,SLEEP,Z,0.0403878,0.1628517
3/7/7/5/3/5/7/3/1 3 3,Z,-0.5,2,SLEEP,Z,0.01804994,0.07610788
3/7/7/5/3/3/2/6/7 3 3,Z,-0.6666666666666666666666666667,6,SLEEP,Z,0.1049131,0.2736454
3/7/7/5/3/3/2/5/7 3 3,X,-0.5,4,SLEEP,Z,0.04165493,0.1432961
3/7/7/5/3/3/2/3/7 3 3,X,-0.5,4,SLEEP,Z,0.04631639,0.1520405
3/7/7/5/3/3/2/7/6 3 3,X,-0.625,4,SLEEP,Z,0.0578968,0.2430605
3/7/7/5/3/3/2/7/5 3 3,X,-0.5,4,SLEEP,Z,0.1025061,0.2522151
3/7/7/5/3/3/2/7/3 3 3,Z,-0.5,4,SLEEP,Z,0.09951816,0.1977981
3/7/7/5/3/3/6/2/7 3 3,X,-0.625,6,SLEEP,Z,0.05296241,0.200973
3/7/7/5/3/3/6/6/6 3 3,X,-0.75,10,SLEEP,Z,0.09098438,0.3095393
3/7/7/5/3/3/6/6/5 3 3,Z,-0.6666666666666666666666666667,4,SLEEP,Z,0.04917615,0.1820876
3/7/7/5/3/3/6/6/3 3 3,X,0.75,4,SLEEP,Z,0.1472176,0.3651602
3/7/7/5/3/3/6/5/6 3 3,X,-0.75,10,SLEEP,Z,0.1275098,0.459109
3/7/7/5/3/3/6/5/5 3 3,X,-0.625,6,SLEEP,Z,0.04263803,0.1681734
3/7/7/5/3/3/6/5/3 3 3,X,0.75,4,SLEEP,Z,0.03378956,0.1256716
3/7/7/5/3/3/6/3/6 3 3,X,-0.75,10,SLEEP,Z,0.07881819,0.3063403
3/7/7/5/3/3/6/3/5 3 3,X,-0.625,6,SLEEP,Z,0.03504675,0.1389754
3/7/7/5/3/3/6/3/3 3 3,X,0.75,4,SLEEP,Z,0.04301105,0.1267941
3/7/7/5/3/3/6/7/4 3 3,X,-0.75,6,SLEEP,Z,0.07715788,0.2803262
3/7/7/5/3/3/6/7/2 3 3,X,-0.625,4,SLEEP,Z,0.05513004,0.2085713
3/7/7/5/3/3/6/7/1 3 3,X,0.75,4,SLEEP,Z,0.1063095,0.2886045
3/7/7/5/3/3/5/2/7 3 3,X,-0.5,4,SLEEP,Z,0.05550988,0.2063316
3/7/7/5/3/3/5/6/6 3 3,Z,-0.6666666666666666666666666667,4,SLEEP,Z,0.06340902,0.2543051
3/7/7/5/3/3/5/6/5 3 3,Z,-0.6666666666666666666666666667,4,SLEEP,Z,0.04693275,0.1955936
3/7/7/5/3/3/5/6/3 3 3,Z,-0.6666666666666666666666666667,4,SLEEP,Z,0.02388356,0.0923415
3/7/7/5/3/3/5/5/6 3 3,X,-0.625,4,SLEEP,Z,0.05020269,0.2121245
3/7/7/5/3/3/5/5/5 3 3,X,-0.5,6,SLEEP,Z,0.0635594,0.2651075
3/7/7/5/3/3/5/5/3 3 3,Z,-0.5,2,SLEEP,Z,0.03062783,0.1293438
3/7/7/5/3/3/5/3/6 3 3,X,-0.625,4,SLEEP,Z,0.04148908,0.1615019
3/7/7/5/3/3/5/3/5 3 3,X,-0.5,4,SLEEP,Z,0.04807341,0.1909007
3/7/7/5/3/3/5/3/3 3 3,Z,-0.5,2,SLEEP,Z,0.02533709,0.09971689
3/7/7/5/3/3/5/7/4 3 3,X,-0.625,4,SLEEP,Z,0.04245324,0.1371034
3/7/7/5/3/3/5/7/2 3 3,X,-0.5,4,SLEEP,Z,0.04535882,0.1776072
3/7/7/5/3/3/5/7/1 3 3,Z,-0.5,4,SLEEP,Z,0.05087291,0.2115095
3/7/7/5/3/3/3/2/7 3 3,Z,-0.5,4,SLEEP,Z,0.03503623,0.1327332
3/7/7/5/3/3/3/6/6 3 3,X,-0.75,4,SLEEP,Z,0.04912579,0.1665928
3/7/7/5/3/3/3/6/5 3 3,Z,-0.6666666666666666666666666667,4,SLEEP,Z,0.03308159,0.1228519
3/7/7/5/3/3/3/6/3 3 3,Z,-0.6666666666666666666666666667,2,SLEEP,Z,0.0116824,0.04724287
3/7/7/5/3/3/3/5/6 3 3,X,-0.75,4,SLEEP,Z,0.04533974,0.1784125
3/7/7/5/3/3/3/5/5 3 3,Z,-0.5,4,SLEEP,Z,0.02648702,0.1135704
3/7/7/5/3/3/3/5/3 3 3,Z,-0.5,2,SLEEP,Z,0.02027683,0.07960506
3/7/7/5/3/3/3/3/6 3 3,X,-0.75,4,SLEEP,Z,0.04012717,0.1588406
3/7/7/5/3/3/3/3/5 3 3,X,-0.5,4,SLEEP,Z,0.0467028,0.1740444
3/7/7/5/3/3/3/3/3 3 3,Z,-0.5,2,SLEEP,Z,0.0162058,0.06149773
3/7/7/5/3/3/3/7/4 3 3,X,-0.75,4,SLEEP,Z,0.05053273,0.1991053
3/7/7/5/3/3/3/7/2 3 3,Z,-0.5,4,SLEEP,Z,0.05803198,0.1970134
3/7/7/5/3/3/3/7/1 3 3,Z,-0.5,2,SLEEP,Z,0.03948471,0.1412947
3/7/7/5/3/3/7/2/6 3 3,X,-0.625,4,SLEEP,Z,0.0326143,0.1257724
3/7/7/5/3/3/7/2/5 3 3,X,-0.5,6,SLEEP,Z,0.08176871,0.3048888
3/7/7/5/3/3/7/2/3 3 3,Z,-0.5,4,SLEEP,Z,0.06327605,0.2010294
3/7/7/5/3/3/7/6/4 3 3,Z,-0.6666666666666666666666666666,4,SLEEP,Z,0.03910001,0.1629224
3/7/7/5/3/3/7/6/2 3 3,Z,-0.6666666666666666666666666666,2,SLEEP,Z,0.02850425,0.1048995
3/7/7/5/3/3/7/6/1 3 3,Z,-0.6666666666666666666666666666,4,SLEEP,Z,0.1031271,0.272179
3/7/7/5/3/3/7/5/4 3 3,X,-0.625,6,SLEEP,Z,0.05671777,0.226065
3/7/7/5/3/3/7/5/2 3 3,X,-0.5,2,SLEEP,Z,0.03543448,0.1410895
3/7/7/5/3/3/7/5/1 3 3,Z,-0.5,4,SLEEP,Z,0.0598921,0.1811338
3/7/7/5/3/3/7/3/4 3 3,X,-0.625,4,SLEEP,Z,0.05671269,0.2196424
3/7/7/5/3/3/7/3/2 3 3,X,-0.5,4,SLEEP,Z,0.03534077,0.1425297
3/7/7/5/3/3/7/3/1 3 3,Z,-0.5,4,SLEEP,Z,0.03177906,0.1405737
3/7/7/5/3/7/2/2/7 3 3,X,-0.5,4,SLEEP,Z,0.05827326,0.2074885
3/7/7/5/3/7/2/6/6 3 3,X,-0.625,4,SLEEP,Z,0.1048173,0.3995539
3/7/7/5/3/7/2/6/5 3 3,X,-0.5,2,SLEEP,Z,0.04220894,0.1374153
3/7/7/5/3/7/2/6/3 3 3,X,0.5,2,SLEEP,Z,0.07277836,0.1827424
3/7/7/5/3/7/2/5/6 3 3,X,-0.625,6,SLEEP,Z,0.09362175,0.3306443
3/7/7/5/3/7/2/5/5 3 3,X,-0.5,2,SLEEP,Z,0.03970679,0.1448745
3/7/7/5/3/7/2/5/3 3 3,X,0.5,2,SLEEP,Z,0.0467403,0.1301741
3/7/7/5/3/7/2/3/6 3 3,X,-0.625,4,SLEEP,Z,0.0463883,0.1631681
3/7/7/5/3/7/2/3/5 3 3,X,-0.5,4,SLEEP,Z,0.0555506,0.1916069
3/7/7/5/3/7/2/3/3 3 3,X,0.5,4,SLEEP,Z,0.054178,0.1716978
3/7/7/5/3/7/2/7/4 3 3,X,-0.625,4,SLEEP,Z,0.09458318,0.2554731
3/7/7/5/3/7/2/7/2 3 3,X,-0.5,4,SLEEP,Z,0.05943311,0.2317542
3/7/7/5/3/7/2/7/1 3 3,X,0.5,2,SLEEP,Z,0.02786741,0.1020002
3/7/7/5/3/7/6/2/6 3 3,X,-0.75,6,SLEEP,Z,0.08943123,0.3454277
3/7/7/5/3/7/6/2/5 3 3,X,-0.625,4,SLEEP,Z,0.04211319,0.1626776
3/7/7/5/3/7/6/2/3 3 3,X,0.8333333333333333333333333333,4,SLEEP,Z,0.03985655,0.1459763
3/7/7/5/3/7/6/6/4 3 3,X,-0.75,6,SLEEP,Z,0.05758908,0.2363692
3/7/7/5/3/7/6/6/2 3 3,X,-0.625,4,SLEEP,Z,0.0531243,0.2014825
3/7/7/5/3/7/6/6/1 3 3,X,0.8333333333333333333333333333,2,SLEEP,Z,0.03179391,0.1241187
3/7/7/5/3/7/6/5/4 3 3,X,-0.75,8,SLEEP,Z,0.1206635,0.4183224
3/7/7/5/3/7/6/5/2 3 3,X,-0.625,4,SLEEP,Z,0.04299058,0.1610585
3/7/7/5/3/7/6/5/1 3 3,X,0.8333333333333333333333333333,4,SLEEP,Z,0.07162141,0.2468117
3/7/7/5/3/7/6/3/4 3 3,X,-0.75,8,SLEEP,Z,0.1112598,0.4082781
3/7/7/5/3/7/6/3/2 3 3,X,-0.625,4,SLEEP,Z,0.06420124,0.2347067
3/7/7/5/3/7/6/3/1 3 3,X,0.8333333333333333333333333333,2,SLEEP,Z,0.02915996,0.1099674
3/7/7/5/3/7/5/2/6 3 3,X,-0.625,8,SLEEP,Z,0.09394819,0.3551196
3/7/7/5/3/7/5/2/5 3 3,X,-0.5,2,SLEEP,Z,0.03792844,0.1502329
3/7/7/5/3/7/5/2/3 3 3,X,-0.3888888888888888888888888888,4,SLEEP,Z,0.05597105,0.1812116
3/7/7/5/3/7/5/6/4 3 3,X,-0.625,6,SLEEP,Z,0.0759382,0.2773537
3/7/7/5/3/7/5/6/2 3 3,X,-0.5,2,SLEEP,Z,0.03529662,0.1280725
3/7/7/5/3/7/5/6/1 3 3,Z,0.5,4,SLEEP,Z,0.03341036,0.1424362
3/7/7/5/3/7/5/5/4 3 3,X,-0.625,6,SLEEP,Z,0.09321567,0.3152424
3/7/7/5/3/7/5/5/2 3 3,X,-0.5,4,SLEEP,Z,0.02741855,0.1181071
3/7/7/5/3/7/5/5/1 3 3,X,-0.3888888888888888888888888888,2,SLEEP,Z,0.02239638,0.1005154
3/7/7/5/3/7/5/3/4 3 3,X,-0.625,6,SLEEP,Z,0.05052507,0.1972613
3/7/7/5/3/7/5/3/2 3 3,X,-0.5,4,SLEEP,Z,0.04186332,0.1544622
3/7/7/5/3/7/5/3/1 3 3,Z,-0.5,2,SLEEP,Z,0.02423683,0.1035811
3/7/7/5/3/7/3/2/6 3 3,X,-0.8333333333333333333333333333,4,SLEEP,Z,0.0331902,0.1378584
3/7/7/5/3/7/3/2/5 3 3,X,-0.5,2,SLEEP,Z,0.01971935,0.08398873
3/7/7/5/3/7/3/2/3 3 3,X,-0.3333333333333333333333333333,4,SLEEP,Z,0.03539427,0.1520593
3/7/7/5/3/7/3/6/4 3 3,X,-0.8333333333333333333333333333,4,SLEEP,Z,0.04736026,0.1655416
3/7/7/5/3/7/3/6/2 3 3,X,-0.5,4,SLEEP,Z,0.02558051,0.102297
3/7/7/5/3/7/3/6/1 3 3,Z,0.5,4,SLEEP,Z,0.04572079,0.1739204
3/7/7/5/3/7/3/5/4 3 3,X,-0.8333333333333333333333333333,4,SLEEP,Z,0.04265897,0.1546534
3/7/7/5/3/7/3/5/2 3 3,X,-0.5,4,SLEEP,Z,0.03570875,0.1385125
3/7/7/5/3/7/3/5/1 3 3,X,-0.3333333333333333333333333333,2,SLEEP,Z,0.01687599,0.07232195
3/7/7/5/3/7/3/3/4 3 3,X,-0.8333333333333333333333333333,4,SLEEP,Z,0.07013291,0.2502321
3/7/7/5/3/7/3/3/2 3 3,X,-0.5,4,SLEEP,Z,0.03700786,0.1416703
3/7/7/5/3/7/3/3/1 3 3,Z,-0.5,2,SLEEP,Z,0.01974268,0.08261395
3/7/7/5/3/7/7/2/4 3 3,X,-0.625,6,SLEEP,Z,0.04057949,0.1668873
3/7/7/5/3/7/7/2/2 3 3,X,-0.5,2,SLEEP,Z,0.02808427,0.118918
3/7/7/5/3/7/7/2/1 3 3,X,-0.3888888888888888888888888888,4,SLEEP,Z,0.03816572,0.1174833
3/7/7/5/7/2/2/6/7 3 3,X,-0.5,6,SLEEP,Z,0.0463165,0.1500777
3/7/7/5/7/2/2/5/7 3 3,X,-0.5,2,SLEEP,Z,0.04353051,0.1589386
3/7/7/5/7/2/2/3/7 3 3,X,-0.5,6,SLEEP,Z,0.1187096,0.3016489
3/7/7/5/7/2/2/7/6 3 3,X,-0.5555555555555555555555555555,6,SLEEP,Z,0.06301059,0.2339467
3/7/7/5/7/2/2/7/5 3 3,X,-0.5,4,SLEEP,Z,0.04285904,0.1439057
3/7/7/5/7/2/2/7/3 3 3,X,-0.4444444444444444444444444445,4,SLEEP,Z,0.2215678,0.2705745
3/7/7/5/7/2/6/2/7 3 3,X,-0.5555555555555555555555555555,6,SLEEP,Z,0.05766425,0.1786957
3/7/7/5/7/2/6/6/6 3 3,X,-0.6111111111111111111111111112,10,SLEEP,Z,0.07646798,0.3216855
3/7/7/5/7/2/6/6/5 3 3,X,-0.5555555555555555555555555555,6,SLEEP,Z,0.07995179,0.3160061
3/7/7/5/7/2/6/6/3 3 3,X,0.75,4,SLEEP,Z,0.04952155,0.1384919
3/7/7/5/7/2/6/5/6 3 3,X,-0.6111111111111111111111111112,8,SLEEP,Z,0.06923585,0.312457
3/7/7/5/7/2/6/5/5 3 3,X,-0.5555555555555555555555555555,4,SLEEP,Z,0.02622459,0.1141103
3/7/7/5/7/2/6/5/3 3 3,X,0.75,4,SLEEP,Z,0.03771741,0.1395274
3/7/7/5/7/2/6/3/6 3 3,X,-0.6111111111111111111111111112,10,SLEEP,Z,0.09727561,0.3490308
3/7/7/5/7/2/6/3/5 3 3,X,-0.5555555555555555555555555555,6,SLEEP,Z,0.05008734,0.2084745
3/7/7/5/7/2/6/3/3 3 3,X,0.75,4,SLEEP,Z,0.02776808,0.1090278
3/7/7/5/7/2/6/7/4 3 3,X,-0.6111111111111111111111111112,10,SLEEP,Z,0.06895347,0.3592717
3/7/7/5/7/2/6/7/2 3 3,X,-0.5555555555555555555555555555,2,SLEEP,Z,0.02613753,0.1130234
3/7/7/5/7/2/6/7/1 3 3,X,0.75,2,SLEEP,Z,0.03086921,0.123796
3/7/7/5/7/2/5/2/7 3 3,X,-0.5,4,SLEEP,Z,0.03479598,0.1255354
3/7/7/5/7/2/5/6/6 3 3,X,-0.5555555555555555555555555555,6,SLEEP,Z,0.06891579,0.2868181
3/7/7/5/7/2/5/6/5 3 3,X,-0.5,4,SLEEP,Z,0.04683168,0.1386024
3/7/7/5/7/2/5/6/3 3 3,Z,0.5,4,SLEEP,Z,0.02981927,0.1117563
3/7/7/5/7/2/5/5/6 3 3,X,-0.5555555555555555555555555555,6,SLEEP,Z,0.05727968,0.2684924
3/7/7/5/7/2/5/5/5 3 3,X,-0.5,4,SLEEP,Z,0.04605498,0.1954522
3/7/7/5/7/2/5/5/3 3 3,X,-0.4444444444444444444444444445,2,SLEEP,Z,0.05060503,0.1090293
3/7/7/5/7/2/5/3/6 3 3,X,-0.5555555555555555555555555555,8,SLEEP,Z,0.05293916,0.2468948
3/7/7/5/7/2/5/3/5 3 3,X,-0.5,4,SLEEP,Z,0.02483199,0.1104226
3/7/7/5/7/2/5/3/3 3 3,Z,-0.5,4,SLEEP,Z,0.04044055,0.1510546
3/7/7/5/7/2/5/7/4 3 3,X,-0.5555555555555555555555555555,6,SLEEP,Z,0.0422301,0.1972504
3/7/7/5/7/2/5/7/2 3 3,X,-0.5,4,SLEEP,Z,0.03612144,0.128951
3/7/7/5/7/2/5/7/1 3 3,X,-0.4444444444444444444444444445,2,SLEEP,Z,0.02184084,0.09176604
3/7/7/5/7/2/3/2/7 3 3,X,-0.5,2,SLEEP,Z,0.01985742,0.08807196
3/7/7/5/7/2/3/6/6 3 3,X,-0.75,6,SLEEP,Z,0.05134507,0.1787349
3/7/7/5/7/2/3/6/5 3 3,X,-0.5,4,SLEEP,Z,0.03843582,0.1447866
3/7/7/5/7/2/3/6/3 3 3,Z,0.5,4,SLEEP,Z,0.01940294,0.06938674
3/7/7/5/7/2/3/5/6 3 3,X,-0.75,4,SLEEP,Z,0.1000272,0.37994
3/7/7/5/7/2/3/5/5 3 3,X,-0.5,4,SLEEP,Z,0.06242622,0.161945
3/7/7/5/7/2/3/5/3 3 3,X,-0.3888888888888888888888888888,2,SLEEP,Z,0.02725104,0.1212668
3/7/7/5/7/2/3/3/6 3 3,X,-0.75,4,SLEEP,Z,0.02855708,0.1214824
3/7/7/5/7/2/3/3/5 3 3,X,-0.5,4,SLEEP,Z,0.0412449,0.13535
3/7/7/5/7/2/3/3/3 3 3,Z,-0.5,4,SLEEP,Z,0.03931633,0.140269
3/7/7/5/7/2/3/7/4 3 3,X,-0.75,4,SLEEP,Z,0.03327949,0.1365184
3/7/7/5/7/2/3/7/2 3 3,X,-0.5,2,SLEEP,Z,0.02733517,0.1125435
3/7/7/5/7/2/3/7/1 3 3,X,-0.3888888888888888888888888888,2,SLEEP,Z,0.03518692,0.1418373
3/7/7/5/7/2/7/2/6 3 3,X,-0.5555555555555555555555555555,2,SLEEP,Z,0.03066378,0.1286041
3/7/7/5/7/2/7/2/5 3 3,X,-0.5,4,SLEEP,Z,0.03831083,0.182406
3/7/7/5/7/2/7/2/3 3 3,X,-0.4444444444444444444444444445,2,SLEEP,Z,0.04059111,0.1896332
3/7/7/5/7/2/7/6/4 3 3,X,-0.5555555555555555555555555555,4,SLEEP,Z,0.0423751,0.1475769
3/7/7/5/7/2/7/6/2 3 3,X,-0.5,4,SLEEP,Z,0.07359441,0.2672868
3/7/7/5/7/2/7/6/1 3 3,Z,0.5,2,SLEEP,Z,0.0284163,0.1237111
3/7/7/5/7/2/7/5/4 3 3,X,-0.5555555555555555555555555555,6,SLEEP,Z,0.05092143,0.2078858
3/7/7/5/7/2/7/5/2 3 3,X,-0.5,2,SLEEP,Z,0.03844644,0.1621158
3/7/7/5/7/2/7/5/1 3 3,X,-0.4444444444444444444444444445,2,SLEEP,Z,0.03858261,0.1359076
3/7/7/5/7/2/7/3/4 3 3,X,-0.5555555555555555555555555555,6,SLEEP,Z,0.0527136,0.2306905
3/7/7/5/7/2/7/3/2 3 3,X,-0.5,6,SLEEP,Z,0.1059859,0.3176107
3/7/7/5/7/2/7/3/1 3 3,Z,-0.5,6,SLEEP,Z,0.04370892,0.1778259
3/7/7/5/7/6/2/2/7 3 3,X,-0.5,4,SLEEP,Z,0.06308836,0.1444791
3/7/7/5/7/6/2/6/6 3 3,X,-0.5555555555555555555555555555,4,SLEEP,Z,0.05269003,0.1785775
3/7/7/5/7/6/2/6/5 3 3,X,-0.5,4,SLEEP,Z,0.03803075,0.1488557
3/7/7/5/7/6/2/6/3 3 3,X,0.5,2,SLEEP,Z,0.05440181,0.1313037
3/7/7/5/7/6/2/5/6 3 3,X,-0.5555555555555555555555555555,6,SLEEP,Z,0.05183899,0.1758947
3/7/7/5/7/6/2/5/5 3 3,X,-0.5,4,SLEEP,Z,0.03650164,0.1210657
3/7/7/5/7/6/2/5/3 3 3,Z,0.5,2,SLEEP,Z,0.0500158,0.1114372
3/7/7/5/7/6/2/3/6 3 3,Z,0.7,6,SLEEP,Z,0.1357503,0.3784403
3/7/7/5/7/6/2/3/5 3 3,Z,0.7,4,SLEEP,Z,0.09148266,0.2664936
3/7/7/5/7/6/2/3/3 3 3,Z,0.7,4,SLEEP,Z,0.1733591,0.2883898
3/7/7/5/7/6/2/7/4 3 3,X,-0.5555555555555555555555555555,4,SLEEP,Z,0.05277483,0.2101809
3/7/7/5/7/6/2/7/2 3 3,X,-0.5,4,SLEEP,Z,0.0436714,0.1812805
3/7/7/5/7/6/2/7/1 3 3,Z,0.5,2,SLEEP,Z,0.1294693,0.2034746
3/7/7/5/7/6/6/2/6 3 3,X,-0.6111111111111111111111111112,8,SLEEP,Z,0.08040638,0.3546961
3/7/7/5/7/6/6/2/5 3 3,X,-0.5555555555555555555555555555,6,SLEEP,Z,0.04780804,0.2112802
3/7/7/5/7/6/6/2/3 3 3,X,0.8333333333333333333333333333,4,SLEEP,Z,0.2210621,0.3333787
3/7/7/5/7/6/6/6/4 3 3,X,-0.6111111111111111111111111112,4,SLEEP,Z,0.07520939,0.3478264
3/7/7/5/7/6/6/6/2 3 3,X,-0.5555555555555555555555555555,6,SLEEP,Z,0.102389,0.3631007
3/7/7/5/7/6/6/6/1 3 3,X,0.8333333333333333333333333333,2,SLEEP,Z,0.0401755,0.1590029
3/7/7/5/7/6/6/5/4 3 3,X,-0.6111111111111111111111111112,6,SLEEP,Z,0.05199009,0.2424109
3/7/7/5/7/6/6/5/2 3 3,X,-0.5555555555555555555555555555,6,SLEEP,Z,0.05707975,0.2753302
3/7/7/5/7/6/6/5/1 3 3,X,0.8333333333333333333333333333,2,SLEEP,Z,0.04189618,0.130793
3/7/7/5/7/6/6/3/4 3 3,Z,0.7,8,SLEEP,Z,0.06895472,0.3281233
3/7/7/5/7/6/6/3/2 3 3,Z,0.7,4,SLEEP,Z,0.04520648,0.1892368
3/7/7/5/7/6/6/3/1 3 3,X,0.8333333333333333333333333333,4,SLEEP,Z,0.0456178,0.1486813
3/7/7/5/7/6/5/2/6 3 3,X,-0.5555555555555555555555555555,8,SLEEP,Z,0.05559715,0.2507093
3/7/7/5/7/6/5/2/5 3 3,X,-0.5,4,SLEEP,Z,0.02951973,0.1301942
3/7/7/5/7/6/5/2/3 3 3,Z,0.5,4,SLEEP,Z,0.02353931,0.1061021
3/7/7/5/7/6/5/6/4 3 3,X,-0.5555555555555555555555555555,6,SLEEP,Z,0.03656352,0.1792103
3/7/7/5/7/6/5/6/2 3 3,X,-0.5,4,SLEEP,Z,0.03067779,0.1406834
3/7/7/5/7/6/5/6/1 3 3,Z,0.5,2,SLEEP,Z,0.01644139,0.07668388
3/7/7/5/7/6/5/5/4 3 3,X,-0.5555555555555555555555555555,6,SLEEP,Z,0.05151185,0.1962831
3/7/7/5/7/6/5/5/2 3 3,X,-0.5,4,SLEEP,Z,0.0285667,0.1215695
3/7/7/5/7/6/5/5/1 3 3,Z,0.5,2,SLEEP,Z,0.01836531,0.08550922
3/7/7/5/7/6/5/3/4 3 3,Z,0.7,4,SLEEP,Z,0.08503268,0.3194915
3/7/7/5/7/6/5/3/2 3 3,Z,0.7,4,SLEEP,Z,0.03703722,0.1654946
3/7/7/5/7/6/5/3/1 3 3,Z,0.7,4,SLEEP,Z,0.03142446,0.1462524
3/7/7/5/7/6/3/2/6 3 3,X,-0.8333333333333333333333333333,4,SLEEP,Z,0.04884039,0.1890731
3/7/7/5/7/6/3/2/5 3 3,Z,0.5,2,SLEEP,Z,0.03790188,0.1081161
3/7/7/5/7/6/3/2/3 3 3,Z,0.5,4,SLEEP,Z,0.07392475,0.2138923
3/7/7/5/7/6/3/6/4 3 3,X,-0.8333333333333333333333333333,6,SLEEP,Z,0.09499945,0.3616496
3/7/7/5/7/6/3/6/2 3 3,X,-0.5,2,SLEEP,Z,0.01728239,0.07466604
3/7/7/5/7/6/3/6/1 3 3,Z,0.5,2,SLEEP,Z,0.01468034,0.0664794
3/7/7/5/7/6/3/5/4 3 3,X,-0.8333333333333333333333333333,4,SLEEP,Z,0.06264041,0.2224715
3/7/7/5/7/6/3/5/2 3 3,Z,0.5,4,SLEEP,Z,0.05187451,0.2751692
3/7/7/5/7/6/3/5/1 3 3,Z,0.5,4,SLEEP,Z,0.03083123,0.1225836
3/7/7/5/7/6/3/3/4 3 3,X,-0.8333333333333333333333333333,6,SLEEP,Z,0.04607703,0.194703
3/7/7/5/7/6/3/3/2 3 3,Z,0.7,4,SLEEP,Z,0.02358502,0.1008475
3/7/7/5/7/6/3/3/1 3 3,Z,0.7,4,SLEEP,Z,0.0335543,0.1498214
3/7/7/5/7/6/7/2/4 3 3,X,-0.5555555555555555555555555555,8,SLEEP,Z,0.03847546,0.1783804
3/7/7/5/7/6/7/2/2 3 3,X,-0.5,4,SLEEP,Z,0.0349908,0.1557961
3/7/7/5/7/6/7/2/1 3 3,Z,0.5,4,SLEEP,Z,0.05754549,0.2617523
3/7/7/5/7/5/2/2/7 3 3,X,-0.5,6,SLEEP,Z,0.03921825,0.1581982
3/7/7/5/7/5/2/6/6 3 3,X,-0.5555555555555555555555555555,4,SLEEP,Z,0.05284879,0.2221041
3/7/7/5/7/5/2/6/5 3 3,X,-0.5,4,SLEEP,Z,0.1058161,0.3007866
3/7/7/5/7/5/2/6/3 3 3,X,0.5,4,SLEEP,Z,0.1791695,0.3421618
3/7/7/5/7/5/2/5/6 3 3,X,-0.5555555555555555555555555555,8,SLEEP,Z,0.04569076,0.1925956
3/7/7/5/7/5/2/5/5 3 3,X,-0.5,4,SLEEP,Z,0.04555868,0.1536899
3/7/7/5/7/5/2/5/3 3 3,X,0.5,4,SLEEP,Z,0.05485013,0.145014
3/7/7/5/7/5/2/3/6 3 3,X,-0.5555555555555555555555555555,6,SLEEP,Z,0.05447176,0.2046233
3/7/7/5/7/5/2/3/5 3 3,X,-0.5,4,SLEEP,Z,0.03920701,0.1579838
3/7/7/5/7/5/2/3/3 3 3,X,0.5,4,SLEEP,Z,0.03780372,0.122197
3/7/7/5/7/5/2/7/4 3 3,X,-0.5555555555555555555555555555,6,SLEEP,Z,0.0990139,0.326548
3/7/7/5/7/5/2/7/2 3 3,X,-0.5,4,SLEEP,Z,0.09460376,0.2766514
3/7/7/5/7/5/2/7/1 3 3,X,0.5,2,SLEEP,Z,0.02754439,0.1014412
3/7/7/5/7/5/6/2/6 3 3,X,-0.6111111111111111111111111112,10,SLEEP,Z,0.06885562,0.2883515
3/7/7/5/7/5/6/2/5 3 3,X,-0.5555555555555555555555555555,2,SLEEP,Z,0.03244216,0.1415202
3/7/7/5/7/5/6/2/3 3 3,X,0.8333333333333333333333333333,4,SLEEP,Z,0.04420173,0.09487983
3/7/7/5/7/5/6/6/4 3 3,X,-0.6111111111111111111111111112,6,SLEEP,Z,0.04873339,0.2116334
3/7/7/5/7/5/6/6/2 3 3,X,-0.5555555555555555555555555555,6,SLEEP,Z,0.04203294,0.1569197
3/7/7/5/7/5/6/6/1 3 3,X,0.8333333333333333333333333333,4,SLEEP,Z,0.03999237,0.1728664
3/7/7/5/7/5/6/5/4 3 3,X,-0.6111111111111111111111111112,6,SLEEP,Z,0.0502052,0.2295772
3/7/7/5/7/5/6/5/2 3 3,X,-0.5555555555555555555555555555,4,SLEEP,Z,0.0492357,0.2134368
3/7/7/5/7/5/6/5/1 3 3,X,0.8333333333333333333333333333,4,SLEEP,Z,0.03581264,0.149862
3/7/7/5/7/5/6/3/4 3 3,X,-0.6111111111111111111111111112,6,SLEEP,Z,0.09121012,0.4104277
3/7/7/5/7/5/6/3/2 3 3,X,-0.5555555555555555555555555555,6,SLEEP,Z,0.07536322,0.2786614
3/7/7/5/7/5/6/3/1 3 3,X,0.8333333333333333333333333333,4,SLEEP,Z,0.03422564,0.1350318
3/7/7/5/7/5/5/2/6 3 3,X,-0.5555555555555555555555555555,6,SLEEP,Z,0.03612025,0.1823095
3/7/7/5/7/5/5/2/5 3 3,X,-0.5,4,SLEEP,Z,0.05484702,0.165004
3/7/7/5/7/5/5/2/3 3 3,X,-0.4444444444444444444444444445,4,SLEEP,Z,0.02282893,0.1069594
3/7/7/5/7/5/5/6/4 3 3,X,-0.5555555555555555555555555555,4,SLEEP,Z,0.0521858,0.1715616
3/7/7/5/7/5/5/6/2 3 3,X,-0.5,4,SLEEP,Z,0.03850488,0.1785714
3/7/7/5/7/5/5/6/1 3 3,Z,0.5,4,SLEEP,Z,0.04792709,0.1369441
3/7/7/5/7/5/5/5/4 3 3,X,-0.5555555555555555555555555555,8,SLEEP,Z,0.05046242,0.2389566
3/7/7/5/7/5/5/5/2 3 3,X,-0.5,4,SLEEP,Z,0.03523415,0.1468703
3/7/7/5/7/5/5/5/1 3 3,X,-0.4444444444444444444444444445,4,SLEEP,Z,0.05155339,0.1406606
3/7/7/5/7/5/5/3/4 3 3,X,-0.5555555555555555555555555555,6,SLEEP,Z,0.04194196,0.1999034
3/7/7/5/7/5/5/3/2 3 3,X,-0.5,2,SLEEP,Z,0.02766521,0.1304832
3/7/7/5/7/5/5/3/1 3 3,Z,-0.5,2,SLEEP,Z,0.0578481,0.1724875
3/7/7/5/7/5/3/2/6 3 3,X,-0.8333333333333333333333333333,6,SLEEP,Z,0.04014109,0.1684307
3/7/7/5/7/5/3/2/5 3 3,X,-0.5,2,SLEEP,Z,0.02479973,0.1076129
3/7/7/5/7/5/3/2/3 3 3,X,-0.3888888888888888888888888888,2,SLEEP,Z,0.02322025,0.1021537
3/7/7/5/7/5/3/6/4 3 3,X,-0.8333333333333333333333333333,4,SLEEP,Z,0.06826117,0.2023622
3/7/7/5/7/5/3/6/2 3 3,X,-0.5,2,SLEEP,Z,0.04589907,0.1768738
3/7/7/5/7/5/3/6/1 3 3,Z,0.5,2,SLEEP,Z,0.01731844,0.07775085
3/7/7/5/7/5/3/5/4 3 3,X,-0.8333333333333333333333333333,4,SLEEP,Z,0.04196459,0.1347866
3/7/7/5/7/5/3/5/2 3 3,X,-0.5,2,SLEEP,Z,0.02308567,0.09512553
3/7/7/5/7/5/3/5/1 3 3,X,-0.3888888888888888888888888888,2,SLEEP,Z,0.01744089,0.06975326
3/7/7/5/7/5/3/3/4 3 3,X,-0.8333333333333333333333333333,4,SLEEP,Z,0.08901241,0.2977354
3/7/7/5/7/5/3/3/2 3 3,X,-0.5,4,SLEEP,Z,0.04785273,0.3019997
3/7/7/5/7/5/3/3/1 3 3,Z,-0.5,2,SLEEP,Z,0.008552464,0.03838061
3/7/7/5/7/5/7/2/4 3 3,X,-0.5555555555555555555555555555,6,SLEEP,Z,0.05037832,0.2280332
3/7/7/5/7/5/7/2/2 3 3,X,-0.5,4,SLEEP,Z,0.03672027,0.1680568
3/7/7/5/7/5/7/2/1 3 3,X,-0.4444444444444444444444444445,4,SLEEP,Z,0.0382629,0.1811718
3/7/7/5/7/3/2/2/7 3 3,X,-0.5,4,SLEEP,Z,0.04926053,0.1932885
3/7/7/5/7/3/2/6/6 3 3,Z,-0.7,4,SLEEP,Z,0.1190111,0.35436
3/7/7/5/7/3/2/6/5 3 3,Z,-0.7,4,SLEEP,Z,0.1177447,0.3032856
3/7/7/5/7/3/2/6/3 3 3,Z,-0.7,4,SLEEP,Z,0.06247866,0.1581905
3/7/7/5/7/3/2/5/6 3 3,X,-0.5555555555555555555555555555,6,SLEEP,Z,0.05060085,0.2347139
3/7/7/5/7/3/2/5/5 3 3,X,-0.5,2,SLEEP,Z,0.03242427,0.1205756
3/7/7/5/7/3/2/5/3 3 3,Z,-0.5,2,SLEEP,Z,0.1366851,0.33167
3/7/7/5/7/3/2/3/6 3 3,X,-0.5555555555555555555555555555,6,SLEEP,Z,0.06875056,0.2711273
3/7/7/5/7/3/2/3/5 3 3,X,-0.5,6,SLEEP,Z,0.102055,0.3413256
3/7/7/5/7/3/2/3/3 3 3,X,0.5,4,SLEEP,Z,0.0428788,0.1390708
3/7/7/5/7/3/2/7/4 3 3,X,-0.5555555555555555555555555555,4,SLEEP,Z,0.07706662,0.2029584
3/7/7/5/7/3/2/7/2 3 3,X,-0.5,4,SLEEP,Z,0.03482028,0.143085
3/7/7/5/7/3/2/7/1 3 3,Z,-0.5,2,SLEEP,Z,0.0253353,0.09894109
3/7/7/5/7/3/6/2/6 3 3,X,-0.6111111111111111111111111112,8,SLEEP,Z,0.06494533,0.2993931
3/7/7/5/7/3/6/2/5 3 3,X,-0.5555555555555555555555555555,4,SLEEP,Z,0.0368642,0.1580929
3/7/7/5/7/3/6/2/3 3 3,X,0.8333333333333333333333333333,2,SLEEP,Z,0.2208136,0.3142317
3/7/7/5/7/3/6/6/4 3 3,Z,-0.7,6,SLEEP,Z,0.05282233,0.2525507
3/7/7/5/7/3/6/6/2 3 3,Z,-0.7,4,SLEEP,Z,0.03949614,0.1694505
3/7/7/5/7/3/6/6/1 3 3,X,0.8333333333333333333333333333,4,SLEEP,Z,0.02948786,0.0958958
3/7/7/5/7/3/6/5/4 3 3,X,-0.6111111111111111111111111112,8,SLEEP,Z,0.08063474,0.3718314
3/7/7/5/7/3/6/5/2 3 3,X,-0.5555555555555555555555555555,4,SLEEP,Z,0.06338291,0.2816815
3/7/7/5/7/3/6/5/1 3 3,X,0.8333333333333333333333333333,2,SLEEP,Z,0.02199844,0.09223793
3/7/7/5/7/3/6/3/4 3 3,X,-0.6111111111111111111111111112,8,SLEEP,Z,0.08884366,0.4094417
3/7/7/5/7/3/6/3/2 3 3,X,-0.5555555555555555555555555555,6,SLEEP,Z,0.04453233,0.1969302
3/7/7/5/7/3/6/3/1 3 3,X,0.8333333333333333333333333333,4,SLEEP,Z,0.03732263,0.1650249
3/7/7/5/7/3/5/2/6 3 3,X,-0.5555555555555555555555555555,6,SLEEP,Z,0.07244194,0.3013822
3/7/7/5/7/3/5/2/5 3 3,X,-0.5,4,SLEEP,Z,0.02857762,0.1240529
3/7/7/5/7/3/5/2/3 3 3,Z,-0.5,2,SLEEP,Z,0.03548836,0.08673749
3/7/7/5/7/3/5/6/4 3 3,Z,-0.7,4,SLEEP,Z,0.08410773,0.3485296
3/7/7/5/7/3/5/6/2 3 3,Z,-0.7,4,SLEEP,Z,0.04205069,0.1779159
3/7/7/5/7/3/5/6/1 3 3,Z,-0.7,4,SLEEP,Z,0.03824885,0.1559082
3/7/7/5/7/3/5/5/4 3 3,X,-0.5555555555555555555555555555,4,SLEEP,Z,0.02649522,0.127251
3/7/7/5/7/3/5/5/2 3 3,X,-0.5,2,SLEEP,Z,0.03050322,0.122889
3/7/7/5/7/3/5/5/1 3 3,Z,-0.5,2,SLEEP,Z,0.03841883,0.06228134
3/7/7/5/7/3/5/3/4 3 3,X,-0.5555555555555555555555555555,6,SLEEP,Z,0.0459903,0.1581936
3/7/7/5/7/3/5/3/2 3 3,X,-0.5,6,SLEEP,Z,0.03110991,0.1412522
3/7/7/5/7/3/5/3/1 3 3,Z,-0.5,2,SLEEP,Z,0.02408006,0.1078784
3/7/7/5/7/3/3/2/6 3 3,X,-0.8333333333333333333333333333,4,SLEEP,Z,0.04805445,0.2113021
3/7/7/5/7/3/3/2/5 3 3,Z,-0.5,4,SLEEP,Z,0.03820982,0.1619876
3/7/7/5/7/3/3/2/3 3 3,Z,-0.5,4,SLEEP,Z,0.0292479,0.1239341
3/7/7/5/7/3/3/6/4 3 3,X,-0.8333333333333333333333333333,4,SLEEP,Z,0.04345004,0.1877996
3/7/7/5/7/3/3/6/2 3 3,Z,-0.7,2,SLEEP,Z,0.03799902,0.1552812
3/7/7/5/7/3/3/6/1 3 3,Z,-0.7,2,SLEEP,Z,0.01643784,0.07405306
3/7/7/5/7/3/3/5/4 3 3,X,-0.8333333333333333333333333333,4,SLEEP,Z,0.03681688,0.146129
3/7/7/5/7/3/3/5/2 3 3,Z,-0.5,2,SLEEP,Z,0.01910751,0.08463531
3/7/7/5/7/3/3/5/1 3 3,Z,-0.5,4,SLEEP,Z,0.04002111,0.1349049
3/7/7/5/7/3/3/3/4 3 3,X,-0.8333333333333333333333333333,4,SLEEP,Z,0.0341993,0.136416
3/7/7/5/7/3/3/3/2 3 3,X,-0.5,4,SLEEP,Z,0.04112839,0.1660574
3/7/7/5/7/3/3/3/1 3 3,Z,-0.5,2,SLEEP,Z,0.02626132,0.1152369
3/7/7/5/7/3/7/2/4 3 3,X,-0.5555555555555555555555555555,4,SLEEP,Z,0.0435457,0.1839534
3/7/7/5/7/3/7/2/2 3 3,X,-0.5,4,SLEEP,Z,0.05817606,0.2406151
3/7/7/5/7/3/7/2/1 3 3,Z,-0.5,4,SLEEP,Z,0.02876917,0.1220905
3/7/7/5/7/7/2/2/6 3 3,X,-0.6666666666666666666666666666,4,SLEEP,Z,0.04698187,0.1850881
3/7/7/5/7/7/2/2/5 3 3,X,-0.5,4,SLEEP,Z,0.03650242,0.1538548
3/7/7/5/7/7/2/2/3 3 3,X,0.6666666666666666666666666666,4,SLEEP,Z,0.1380061,0.3150372
3/7/7/5/7/7/2/6/4 3 3,X,-0.6666666666666666666666666666,6,SLEEP,Z,0.0642432,0.257162
3/7/7/5/7/7/2/6/2 3 3,X,-0.5,2,SLEEP,Z,0.03097935,0.1185843
3/7/7/5/7/7/2/6/1 3 3,X,0.6666666666666666666666666666,2,SLEEP,Z,0.02831642,0.0712935
3/7/7/5/7/7/2/5/4 3 3,X,-0.6666666666666666666666666666,8,SLEEP,Z,0.079923,0.3023335
3/7/7/5/7/7/2/5/2 3 3,X,-0.5,4,SLEEP,Z,0.0353887,0.1523626
3/7/7/5/7/7/2/5/1 3 3,X,0.6666666666666666666666666666,4,SLEEP,Z,0.03447743,0.1508907
3/7/7/5/7/7/2/3/4 3 3,X,-0.6666666666666666666666666666,6,SLEEP,Z,0.07272264,0.2727457
3/7/7/5/7/7/2/3/2 3 3,X,-0.5,4,SLEEP,Z,0.02777886,0.1209384
3/7/7/5/7/7/2/3/1 3 3,X,0.6666666666666666666666666666,2,SLEEP,Z,0.008170046,0.05107243
3/7/7/5/7/7/6/2/4 3 3,X,-0.6111111111111111111111111112,6,SLEEP,Z,0.07303307,0.3407913
3/7/7/5/7/7/6/2/2 3 3,X,-0.5555555555555555555555555555,6,SLEEP,Z,0.08821938,0.3168953
3/7/7/5/7/7/5/2/4 3 3,X,-0.5555555555555555555555555555,6,SLEEP,Z,0.05136941,0.2390688
3/7/7/5/7/7/5/2/2 3 3,X,-0.5,4,SLEEP,Z,0.03199192,0.1427448
3/7/7/5/7/7/5/2/1 3 3,X,-0.4444444444444444444444444445,2,SLEEP,Z,0.02289967,0.1046476
3/7/7/5/7/7/3/2/2 3 3,X,-0.5,4,SLEEP,Z,0.04248457,0.1789714
3/7/7/5/7/7/3/2/1 3 3,X,-0.3888888888888888888888888888,2,SLEEP,Z,0.01974587,0.0882632
3/7/7/3/2/2/6/7/7 3 3,X,-0.5555555555555555555555555555,18,SLEEP,Z,0.05897534,0.1679777
3/7/7/3/2/2/5/7/7 3 3,X,-0.5,2,SLEEP,Z,0.03881744,0.1284288
3/7/7/3/2/2/3/7/7 3 3,Z,-0.5,2,SLEEP,Z,0.01855435,0.05465171
3/7/7/3/2/2/7/6/7 3 3,Z,-0.6,8,SLEEP,Z,0.05319445,0.1544639
3/7/7/3/2/2/7/5/7 3 3,X,-0.5,6,SLEEP,Z,0.05198184,0.1579997
3/7/7/3/2/2/7/3/7 3 3,X,-0.5,4,SLEEP,Z,0.1351647,0.2405493
3/7/7/3/2/2/7/7/6 3 3,X,-0.5555555555555555555555555555,6,SLEEP,Z,0.04791416,0.1587714
3/7/7/3/2/2/7/7/5 3 3,X,-0.5,6,SLEEP,Z,0.0584475,0.1702318
3/7/7/3/2/2/7/7/3 3 3,Z,-0.5,2,SLEEP,Z,0,0
3/7/7/3/2/6/2/7/7 3 3,Z,-0.6,6,SLEEP,Z,0.1433937,0.293056
3/7/7/3/2/6/6/6/7 3 3,Z,-0.7000000000000000000000000001,10,SLEEP,Z,0.1562908,0.4088519
3/7/7/3/2/6/6/5/7 3 3,Z,-0.6,8,SLEEP,Z,0.05420925,0.1839173
3/7/7/3/2/6/6/3/7 3 3,Z,0.6428571428571428571428571429,4,SLEEP,Z,0.03786847,0.1558141
3/7/7/3/2/6/6/7/6 3 3,X,-0.6111111111111111111111111112,10,SLEEP,Z,0.09763701,0.3483443
3/7/7/3/2/6/6/7/5 3 3,Z,-0.6,6,SLEEP,Z,0.04391557,0.150367
3/7/7/3/2/6/6/7/3 3 3,X,0.7,4,SLEEP,Z,0.0290253,0.1129716
3/7/7/3/2/6/5/6/7 3 3,Z,-0.7000000000000000000000000001,8,SLEEP,Z,0.05637204,0.1761806
3/7/7/3/2/6/5/5/7 3 3,Z,-0.6,4,SLEEP,Z,0.03342694,0.1199441
3/7/7/3/2/6/5/3/7 3 3,Z,0.6428571428571428571428571429,4,SLEEP,Z,0.05705212,0.1634421
3/7/7/3/2/6/5/7/6 3 3,Z,-0.6,6,SLEEP,Z,0.05354642,0.2027741
3/7/7/3/2/6/5/7/5 3 3,Z,-0.6,8,SLEEP,Z,0.05497637,0.1522506
3/7/7/3/2/6/5/7/3 3 3,Z,-0.6,4,SLEEP,Z,0.02084366,0.06783661
3/7/7/3/2/6/3/6/7 3 3,Z,-0.7000000000000000000000000001,6,SLEEP,Z,0.07908787,0.2576479
3/7/7/3/2/6/3/5/7 3 3,Z,-0.6,4,SLEEP,Z,0.03623202,0.1013408
3/7/7/3/2/6/3/3/7 3 3,Z,0.6428571428571428571428571429,2,SLEEP,Z,0.02622127,0.03211293
3/7/7/3/2/6/3/7/6 3 3,X,-0.7,2,SLEEP,Z,0.03235584,0.1180655
3/7/7/3/2/6/3/7/5 3 3,Z,-0.6,6,SLEEP,Z,0.143761,0.2988225
3/7/7/3/2/6/3/7/3 3 3,Z,-0.6,4,SLEEP,Z,0.03290413,0.09385969
3/7/7/3/2/6/7/2/7 3 3,Z,-0.6,4,SLEEP,Z,0.03322336,0.1166354
3/7/7/3/2/6/7/6/6 3 3,Z,-0.7000000000000000000000000001,6,SLEEP,Z,0.06482153,0.2221562
3/7/7/3/2/6/7/6/5 3 3,Z,-0.7000000000000000000000000001,6,SLEEP,Z,0.03424497,0.1332633
3/7/7/3/2/6/7/6/3 3 3,Z,-0.7000000000000000000000000001,34,SLEEP,Z,0.03248376,0.1132062
3/7/7/3/2/6/7/5/6 3 3,Z,-0.6,6,SLEEP,Z,0.06761668,0.2350108
3/7/7/3/2/6/7/5/5 3 3,Z,-0.6,6,SLEEP,Z,0.0529539,0.1731446
3/7/7/3/2/6/7/5/3 3 3,Z,-0.6,6,SLEEP,Z,0.1127009,0.2174705
3/7/7/3/2/6/7/3/6 3 3,Z,0.6428571428571428571428571429,6,SLEEP,Z,0.05735689,0.2162803
3/7/7/3/2/6/7/3/5 3 3,Z,0.6428571428571428571428571429,2,SLEEP,Z,0.04135343,0.152868
3/7/7/3/2/6/7/3/3 3 3,Z,0.6428571428571428571428571429,2,SLEEP,Z,0.1209752,0.3895864
3/7/7/3/2/6/7/7/4 3 3,Z,-0.6,6,SLEEP,Z,0.06370356,0.2265897
3/7/7/3/2/6/7/7/2 3 3,Z,-0.6,6,SLEEP,Z,0.05222379,0.1595897
3/7/7/3/2/6/7/7/1 3 3,Z,-0.6,4,SLEEP,Z,0.06604244,0.1828957
3/7/7/3/2/5/2/7/7 3 3,X,-0.5,4,SLEEP,Z,0.04663263,0.1661321
3/7/7/3/2/5/6/6/7 3 3,Z,-0.6,8,SLEEP,Z,0.1478624,0.3662148
3/7/7/3/2/5/6/5/7 3 3,X,-0.5555555555555555555555555555,6,SLEEP,Z,0.05362091,0.1998157
3/7/7/3/2/5/6/3/7 3 3,X,-0.5555555555555555555555555555,8,SLEEP,Z,0.04655143,0.1882375
3/7/7/3/2/5/6/7/6 3 3,X,-0.6111111111111111111111111112,6,SLEEP,Z,0.08577526,0.3000986
3/7/7/3/2/5/6/7/5 3 3,X,-0.5555555555555555555555555555,6,SLEEP,Z,0.04475103,0.1795156
3/7/7/3/2/5/6/7/3 3 3,X,0.7,6,SLEEP,Z,0.1181171,0.2433021
3/7/7/3/2/5/5/6/7 3 3,Z,-0.6,6,SLEEP,Z,0.0548666,0.1876314
3/7/7/3/2/5/5/5/7 3 3,X,-0.5,6,SLEEP,Z,0.08584135,0.2243439
3/7/7/3/2/5/5/3/7 3 3,X,-0.5,4,SLEEP,Z,0.03748864,0.102867
3/7/7/3/2/5/5/7/6 3 3,X,-0.5555555555555555555555555555,8,SLEEP,Z,0.07963143,0.2957584
3/7/7/3/2/5/5/7/5 3 3,X,-0.5,6,SLEEP,Z,0.1282791,0.3471167
3/7/7/3/2/5/5/7/3 3 3,Z,-0.5,2,SLEEP,Z,0.02797098,0.1035203
3/7/7/3/2/5/3/6/7 3 3,Z,-0.6,4,SLEEP,Z,0.0507298,0.182618
3/7/7/3/2/5/3/5/7 3 3,Z,-0.5,4,SLEEP,Z,0.1074038,0.2349887
3/7/7/3/2/5/3/3/7 3 3,X,-0.5,4,SLEEP,Z,0.09124245,0.2312404
3/7/7/3/2/5/3/7/6 3 3,X,-0.7,2,SLEEP,Z,0.02462577,0.1140387
3/7/7/3/2/5/3/7/5 3 3,Z,-0.5,6,SLEEP,Z,0.04301699,0.1476232
3/7/7/3/2/5/3/7/3 3 3,Z,-0.5,4,SLEEP,Z,0.06738265,0.1427959
3/7/7/3/2/5/7/2/7 3 3,X,-0.5,4,SLEEP,Z,0.04109929,0.1372895
3/7/7/3/2/5/7/6/6 3 3,Z,-0.6,6,SLEEP,Z,0.09596238,0.3307558
3/7/7/3/2/5/7/6/5 3 3,Z,-0.6,8,SLEEP,Z,0.1236784,0.3750871
3/7/7/3/2/5/7/6/3 3 3,Z,-0.6,2,SLEEP,Z,0.03232661,0.09538176
3/7/7/3/2/5/7/5/6 3 3,X,-0.5555555555555555555555555555,8,SLEEP,Z,0.06132022,0.243653
3/7/7/3/2/5/7/5/5 3 3,X,-0.5,6,SLEEP,Z,0.0404391,0.1447929
3/7/7/3/2/5/7/5/3 3 3,Z,-0.5,4,SLEEP,Z,0.03161202,0.1209139
3/7/7/3/2/5/7/3/6 3 3,X,-0.5555555555555555555555555555,6,SLEEP,Z,0.05098997,0.2055356
3/7/7/3/2/5/7/3/5 3 3,X,-0.5,6,SLEEP,Z,0.08795999,0.2459193
3/7/7/3/2/5/7/3/3 3 3,Z,-0.5,4,SLEEP,Z,0.03373642,0.09944525
3/7/7/3/2/5/7/7/4 3 3,X,-0.5555555555555555555555555555,6,SLEEP,Z,0.05225313,0.2105066
3/7/7/3/2/5/7/7/2 3 3,X,-0.5,6,SLEEP,Z,0.04184235,0.1566889
3/7/7/3/2/5/7/7/1 3 3,Z,-0.5,4,SLEEP,Z,0.02428885,0.09587243
3/7/7/3/2/3/2/7/7 3 3,X,-0.5,4,SLEEP,Z,0.03695539,0.1132854
3/7/7/3/2/3/6/6/7 3 3,Z,-0.6428571428571428571428571429,6,SLEEP,Z,0.06031297,0.2459644
3/7/7/3/2/3/6/5/7 3 3,X,-0.5555555555555555555555555555,4,SLEEP,Z,0.05089179,0.1819798
3/7/7/3/2/3/6/3/7 3 3,X,-0.5555555555555555555555555555,4,SLEEP,Z,0.05586849,0.1718605
3/7/7/3/2/3/6/7/6 3 3,X,-0.6111111111111111111111111112,6,SLEEP,Z,0.08456095,0.3161971
3/7/7/3/2/3/6/7/5 3 3,X,-0.5555555555555555555555555555,8,SLEEP,Z,0.08985157,0.2628574
3/7/7/3/2/3/6/7/3 3 3,X,0.7,4,SLEEP,Z,0.04131953,0.1299806
3/7/7/3/2/3/5/6/7 3 3,Z,-0.6428571428571428571428571429,8,SLEEP,Z,0.1676243,0.3626089
3/7/7/3/2/3/5/5/7 3 3,X,-0.5,4,SLEEP,Z,0.04629112,0.1377236
3/7/7/3/2/3/5/3/7 3 3,X,-0.5,4,SLEEP,Z,0.1259896,0.3724322
3/7/7/3/2/3/5/7/6 3 3,X,-0.5555555555555555555555555555,4,SLEEP,Z,0.05528526,0.1721491
3/7/7/3/2/3/5/7/5 3 3,X,-0.5,6,SLEEP,Z,0.03908026,0.1369075
3/7/7/3/2/3/5/7/3 3 3,Z,-0.5,2,SLEEP,Z,0.02656117,0.08518151
3/7/7/3/2/3/3/6/7 3 3,Z,-0.6428571428571428571428571429,4,SLEEP,Z,0.08387493,0.2390012
3/7/7/3/2/3/3/5/7 3 3,Z,-0.5,6,SLEEP,Z,0.1020394,0.2361439
3/7/7/3/2/3/3/3/7 3 3,X,-0.5,4,SLEEP,Z,0.04815731,0.1662031
3/7/7/3/2/3/3/7/6 3 3,X,-0.7,6,SLEEP,Z,0.1397924,0.4116711
3/7/7/3/2/3/3/7/5 3 3,Z,-0.5,4,SLEEP,Z,0.03163286,0.1034589
3/7/7/3/2/3/3/7/3 3 3,Z,-0.5,2,SLEEP,Z,0.01256369,0.04254694
3/7/7/3/2/3/7/2/7 3 3,X,-0.5,4,SLEEP,Z,0.05227223,0.137277
3/7/7/3/2/3/7/6/6 3 3,Z,-0.6428571428571428571428571429,8,SLEEP,Z,0.1245098,0.3465849
3/7/7/3/2/3/7/6/5 3 3,Z,-0.6428571428571428571428571429,4,SLEEP,Z,0.04991124,0.1159002
3/7/7/3/2/3/7/6/3 3 3,Z,-0.6428571428571428571428571429,6,SLEEP,Z,0.1743533,0.3274934
3/7/7/3/2/3/7/5/6 3 3,X,-0.5555555555555555555555555555,6,SLEEP,Z,0.04947251,0.2099189
3/7/7/3/2/3/7/5/5 3 3,X,-0.5,4,SLEEP,Z,0.03121809,0.1141635
3/7/7/3/2/3/7/5/3 3 3,Z,-0.5,2,SLEEP,Z,0.009988943,0.03061423
3/7/7/3/2/3/7/3/6 3 3,X,-0.5555555555555555555555555555,6,SLEEP,Z,0.05878176,0.2294931
3/7/7/3/2/3/7/3/5 3 3,X,-0.5,4,SLEEP,Z,0.1003184,0.226786
3/7/7/3/2/3/7/3/3 3 3,Z,-0.5,2,SLEEP,Z,0.0269118,0.04554346
3/7/7/3/2/3/7/7/4 3 3,X,-0.5555555555555555555555555555,6,SLEEP,Z,0.04538944,0.1693599
3/7/7/3/2/3/7/7/2 3 3,X,-0.5,4,SLEEP,Z,0.03676595,0.1462864
3/7/7/3/2/3/7/7/1 3 3,Z,-0.5,2,SLEEP,Z,0.01817645,0.05905124
3/7/7/3/2/7/2/6/7 3 3,Z,-0.6,6,SLEEP,Z,0.04325666,0.1506449
3/7/7/3/2/7/2/5/7 3 3,X,-0.5,6,SLEEP,Z,0.05550132,0.165439
3/7/7/3/2/7/2/3/7 3 3,X,-0.5,4,SLEEP,Z,0.03497527,0.1166766
3/7/7/3/2/7/2/7/6 3 3,X,-0.5555555555555555555555555555,6,SLEEP,Z,0.08706291,0.2920111
3/7/7/3/2/7/2/7/5 3 3,X,-0.5,6,SLEEP,Z,0.03670792,0.1185018
3/7/7/3/2/7/2/7/3 3 3,Z,-0.5,4,SLEEP,Z,0.02912521,0.1124467
3/7/7/3/2/7/6/2/7 3 3,X,-0.5555555555555555555555555555,6,SLEEP,Z,0.04942453,0.199698
3/7/7/3/2/7/6/6/6 3 3,X,-0.6111111111111111111111111112,8,SLEEP,Z,0.08418851,0.3167626
3/7/7/3/2/7/6/6/5 3 3,Z,-0.6,6,SLEEP,Z,0.1209381,0.351006
3/7/7/3/2/7/6/6/3 3 3,X,0.75,6,SLEEP,Z,0.06350126,0.2036909
3/7/7/3/2/7/6/5/6 3 3,X,-0.6111111111111111111111111112,6,SLEEP,Z,0.08445559,0.3563088
3/7/7/3/2/7/6/5/5 3 3,X,-0.5555555555555555555555555555,4,SLEEP,Z,0.08897103,0.3087807
3/7/7/3/2/7/6/5/3 3 3,X,0.75,4,SLEEP,Z,0.03075598,0.1094857
3/7/7/3/2/7/6/3/6 3 3,X,-0.6111111111111111111111111112,8,SLEEP,Z,0.1407206,0.4693728
3/7/7/3/2/7/6/3/5 3 3,X,-0.5555555555555555555555555555,8,SLEEP,Z,0.08977576,0.2928155
3/7/7/3/2/7/6/3/3 3 3,X,0.75,4,SLEEP,Z,0.13824,0.2400103
3/7/7/3/2/7/6/7/4 3 3,X,-0.6111111111111111111111111112,6,SLEEP,Z,0.1152877,0.3338184
3/7/7/3/2/7/6/7/2 3 3,X,-0.5555555555555555555555555555,6,SLEEP,Z,0.04779003,0.1649023
3/7/7/3/2/7/6/7/1 3 3,X,0.75,4,SLEEP,Z,0.03574159,0.12081
3/7/7/3/2/7/5/2/7 3 3,X,-0.5,6,SLEEP,Z,0.05698963,0.1407146
3/7/7/3/2/7/5/6/6 3 3,Z,-0.6,6,SLEEP,Z,0.0579721,0.2027436
3/7/7/3/2/7/5/6/5 3 3,Z,-0.6,2,SLEEP,Z,0.02593285,0.09298273
3/7/7/3/2/7/5/6/3 3 3,Z,-0.6,6,SLEEP,Z,0.0846419,0.2294705
3/7/7/3/2/7/5/5/6 3 3,X,-0.5555555555555555555555555555,8,SLEEP,Z,0.05786674,0.233288
3/7/7/3/2/7/5/5/5 3 3,X,-0.5,4,SLEEP,Z,0.03002728,0.1135672
3/7/7/3/2/7/5/5/3 3 3,Z,-0.5,4,SLEEP,Z,0.03579024,0.09546738
3/7/7/3/2/7/5/3/6 3 3,X,-0.5555555555555555555555555555,6,SLEEP,Z,0.05826822,0.2231854
3/7/7/3/2/7/5/3/5 3 3,X,-0.5,6,SLEEP,Z,0.03793316,0.1385814
3/7/7/3/2/7/5/3/3 3 3,Z,-0.5,4,SLEEP,Z,0.04895634,0.09270505
3/7/7/3/2/7/5/7/4 3 3,X,-0.5555555555555555555555555555,6,SLEEP,Z,0.06147336,0.243912
3/7/7/3/2/7/5/7/2 3 3,X,-0.5,6,SLEEP,Z,0.08587854,0.2612301
3/7/7/3/2/7/5/7/1 3 3,Z,-0.5,4,SLEEP,Z,0.04533941,0.1729451
3/7/7/3/2/7/3/2/7 3 3,Z,-0.5,6,SLEEP,Z,0.06513024,0.1415427
3/7/7/3/2/7/3/6/6 3 3,X,-0.75,4,SLEEP,Z,0.04109408,0.1343118
3/7/7/3/2/7/3/6/5 3 3,Z,-0.6,4,SLEEP,Z,0.04153278,0.1360803
3/7/7/3/2/7/3/6/3 3 3,Z,-0.6,6,SLEEP,Z,0.0838302,0.2104726
3/7/7/3/2/7/3/5/6 3 3,X,-0.75,6,SLEEP,Z,0.04034405,0.1392224
3/7/7/3/2/7/3/5/5 3 3,Z,-0.5,4,SLEEP,Z,0.02457649,0.08752318
3/7/7/3/2/7/3/5/3 3 3,Z,-0.5,4,SLEEP,Z,0.04896587,0.1462586
3/7/7/3/2/7/3/3/6 3 3,X,-0.75,6,SLEEP,Z,0.0766342,0.2421104
3/7/7/3/2/7/3/3/5 3 3,X,-0.5,2,SLEEP,Z,0.003515826,0.01062137
3/7/7/3/2/7/3/3/3 3 3,Z,-0.5,2,SLEEP,Z,0.01401114,0.05154743
3/7/7/3/2/7/3/7/4 3 3,X,-0.75,6,SLEEP,Z,0.05316488,0.1682712
3/7/7/3/2/7/3/7/2 3 3,Z,-0.5,4,SLEEP,Z,0.02989414,0.1120188
3/7/7/3/2/7/3/7/1 3 3,Z,-0.5,2,SLEEP,Z,0.03881168,0.07413708
3/7/7/3/2/7/7/2/6 3 3,X,-0.5555555555555555555555555555,8,SLEEP,Z,0.06879561,0.2337279
3/7/7/3/2/7/7/2/5 3 3,X,-0.5,4,SLEEP,Z,0.04962096,0.1582195
3/7/7/3/2/7/7/2/3 3 3,Z,-0.5,4,SLEEP,Z,0.04760174,0.1575677
3/7/7/3/2/7/7/6/4 3 3,Z,-0.6,6,SLEEP,Z,0.05685719,0.2148881
3/7/7/3/2/7/7/6/2 3 3,Z,-0.6,4,SLEEP,Z,0.07101439,0.1991617
3/7/7/3/2/7/7/6/1 3 3,Z,-0.6,4,SLEEP,Z,0.05635882,0.1567406
3/7/7/3/2/7/7/5/4 3 3,X,-0.5555555555555555555555555555,8,SLEEP,Z,0.1285622,0.4214797
3/7/7/3/2/7/7/5/2 3 3,X,-0.5,4,SLEEP,Z,0.03820082,0.1328462
3/7/7/3/2/7/7/5/1 3 3,Z,-0.5,2,SLEEP,Z,0.01903491,0.07531401
3/7/7/3/2/7/7/3/4 3 3,X,-0.5555555555555555555555555555,6,SLEEP,Z,0.03879687,0.1618347
3/7/7/3/2/7/7/3/2 3 3,X,-0.5,4,SLEEP,Z,0.04350412,0.1592339
3/7/7/3/2/7/7/3/1 3 3,Z,-0.5,2,SLEEP,Z,0.02778681,0.1045764
3/7/7/3/6/2/2/7/7 3 3,X,-0.5555555555555555555555555555,6,SLEEP,Z,0.1436311,0.3339168
3/7/7/3/6/2/6/6/7 3 3,X,-0.6111111111111111111111111112,8,SLEEP,Z,0.1348146,0.3616477
3/7/7/3/6/2/6/5/7 3 3,X,-0.6111111111111111111111111112,6,SLEEP,Z,0.05252661,0.2110233
3/7/7/3/6/2/6/3/7 3 3,X,-0.6111111111111111111111111112,6,SLEEP,Z,0.05090753,0.2082665
3/7/7/3/6/2/6/7/6 3 3,X,-0.6666666666666666666666666667,12,SLEEP,Z,0.08427501,0.3511867
3/7/7/3/6/2/6/7/5 3 3,X,-0.6111111111111111111111111112,6,SLEEP,Z,0.0458086,0.2045149
3/7/7/3/6/2/6/7/3 3 3,X,0.7,6,SLEEP,Z,0.04869202,0.1327995
3/7/7/3/6/2/5/6/7 3 3,Z,-0.60,4,SLEEP,Z,0.04172382,0.1295113
3/7/7/3/6/2/5/5/7 3 3,X,-0.5555555555555555555555555555,4,SLEEP,Z,0.02714262,0.09344497
3/7/7/3/6/2/5/3/7 3 3,X,-0.5555555555555555555555555555,2,SLEEP,Z,0.05122278,0.1453942
3/7/7/3/6/2/5/7/6 3 3,X,-0.6111111111111111111111111112,6,SLEEP,Z,0.1262654,0.3443745
3/7/7/3/6/2/5/7/5 3 3,X,-0.5555555555555555555555555555,4,SLEEP,Z,0.03978757,0.1261874
3/7/7/3/6/2/5/7/3 3 3,X,0.625,4,SLEEP,Z,0.07316437,0.1653907
3/7/7/3/6/2/3/6/7 3 3,X,0.625,4,SLEEP,Z,0.08246328,0.2103392
3/7/7/3/6/2/3/5/7 3 3,X,0.625,4,SLEEP,Z,0.03369131,0.08653247
3/7/7/3/6/2/3/3/7 3 3,X,0.625,2,SLEEP,Z,0.01324933,0.04944536
3/7/7/3/6/2/3/7/6 3 3,X,-0.7,6,SLEEP,Z,0.05130412,0.1077005
3/7/7/3/6/2/3/7/5 3 3,X,0.625,4,SLEEP,Z,0.04065982,0.1182997
3/7/7/3/6/2/3/7/3 3 3,X,0.75,4,SLEEP,Z,0.1067009,0.151347
3/7/7/3/6/2/7/2/7 3 3,X,-0.5555555555555555555555555555,8,SLEEP,Z,0.1310681,0.3248075
3/7/7/3/6/2/7/6/6 3 3,X,-0.6111111111111111111111111112,8,SLEEP,Z,0.05730662,0.2457726
3/7/7/3/6/2/7/6/5 3 3,Z,-0.60,8,SLEEP,Z,0.0596338,0.1759414
3/7/7/3/6/2/7/6/3 3 3,X,0.625,4,SLEEP,Z,0.06030533,0.1571995
3/7/7/3/6/2/7/5/6 3 3,X,-0.6111111111111111111111111112,8,SLEEP,Z,0.07522514,0.2704814
3/7/7/3/6/2/7/5/5 3 3,X,-0.5555555555555555555555555555,6,SLEEP,Z,0.04668447,0.1520451
3/7/7/3/6/2/7/5/3 3 3,X,0.625,4,SLEEP,Z,0.04952721,0.13963
3/7/7/3/6/2/7/3/6 3 3,X,-0.6111111111111111111111111112,6,SLEEP,Z,0.04958934,0.2181008
3/7/7/3/6/2/7/3/5 3 3,X,-0.5555555555555555555555555555,4,SLEEP,Z,0.03749051,0.1471545
3/7/7/3/6/2/7/3/3 3 3,X,0.625,2,SLEEP,Z,0.01166364,0.03456665
3/7/7/3/6/2/7/7/4 3 3,X,-0.6111111111111111111111111112,4,SLEEP,Z,0.05011446,0.2105268
3/7/7/3/6/2/7/7/2 3 3,X,-0.5555555555555555555555555555,6,SLEEP,Z,0.1584238,0.3138141
3/7/7/3/6/2/7/7/1 3 3,X,0.625,4,SLEEP,Z,0.1655208,0.2588072
3/7/7/3/6/6/2/6/7 3 3,Z,-0.7,6,SLEEP,Z,0.06179933,0.1928367
3/7/7/3/6/6/2/5/7 3 3,Z,-0.60,8,SLEEP,Z,0.1846332,0.3975404
3/7/7/3/6/6/2/3/7 3 3,Z,0.6666666666666666666666666667,4,SLEEP,Z,0.1681215,0.3248375
3/7/7/3/6/6/2/7/6 3 3,X,-0.6111111111111111111111111112,6,SLEEP,Z,0.05504983,0.2340727
3/7/7/3/6/6/2/7/5 3 3,Z,-0.60,6,SLEEP,Z,0.03389985,0.1291554
3/7/7/3/6/6/2/7/3 3 3,X,0.625,4,SLEEP,Z,0.05284088,0.1134596
3/7/7/3/6/6/6/2/7 3 3,X,-0.6111111111111111111111111112,6,SLEEP,Z,0.05294361,0.2196613
3/7/7/3/6/6/6/6/6 3 3,Z,-0.7,10,SLEEP,Z,0.1040829,0.3971052
3/7/7/3/6/6/6/6/5 3 3,Z,-0.7,6,SLEEP,Z,0.08419425,0.2552246
3/7/7/3/6/6/6/6/3 3 3,X,0.75,4,SLEEP,Z,0.03793615,0.1458785
3/7/7/3/6/6/6/5/6 3 3,X,-0.6666666666666666666666666667,8,SLEEP,Z,0.07237678,0.3236074
3/7/7/3/6/6/6/5/5 3 3,X,-0.6111111111111111111111111112,8,SLEEP,Z,0.0811372,0.2402885
3/7/7/3/6/6/6/5/3 3 3,X,0.75,2,SLEEP,Z,0.02850957,0.09511792
3/7/7/3/6/6/6/3/6 3 3,X,-0.6666666666666666666666666667,8,SLEEP,Z,0.07129248,0.309186
3/7/7/3/6/6/6/3/5 3 3,Z,0.6666666666666666666666666667,8,SLEEP,Z,0.07027251,0.2712253
3/7/7/3/6/6/6/3/3 3 3,X,0.75,2,SLEEP,Z,0.06139086,0.135361
3/7/7/3/6/6/6/7/4 3 3,X,-0.6666666666666666666666666667,10,SLEEP,Z,0.06151781,0.2692706
3/7/7/3/6/6/6/7/2 3 3,X,-0.6111111111111111111111111112,4,SLEEP,Z,0.03733874,0.1502291
3/7/7/3/6/6/6/7/1 3 3,X,0.75,6,SLEEP,Z,0.2157329,0.4011315
3/7/7/3/6/6/5/2/7 3 3,Z,-0.60,6,SLEEP,Z,0.04467813,0.1202823
3/7/7/3/6/6/5/6/6 3 3,Z,-0.7,6,SLEEP,Z,0.07137262,0.2379885
3/7/7/3/6/6/5/6/5 3 3,Z,-0.7,6,SLEEP,Z,0.06731605,0.2114295
3/7/7/3/6/6/5/6/3 3 3,Z,-0.7,4,SLEEP,Z,0.06633551,0.222561
3/7/7/3/6/6/5/5/6 3 3,X,-0.6111111111111111111111111112,8,SLEEP,Z,0.1628627,0.4264694
3/7/7/3/6/6/5/5/5 3 3,Z,-0.60,8,SLEEP,Z,0.1146746,0.2680731
3/7/7/3/6/6/5/5/3 3 3,X,0.625,2,SLEEP,Z,0.02915401,0.09418501
3/7/7/3/6/6/5/3/6 3 3,Z,0.6666666666666666666666666667,6,SLEEP,Z,0.04236206,0.1893797
3/7/7/3/6/6/5/3/5 3 3,Z,0.6666666666666666666666666667,6,SLEEP,Z,0.04631853,0.1444806
3/7/7/3/6/6/5/3/3 3 3,Z,0.6666666666666666666666666667,2,SLEEP,Z,0.01559799,0.05085102
3/7/7/3/6/6/5/7/4 3 3,X,-0.6111111111111111111111111112,8,SLEEP,Z,0.07637674,0.3182841
3/7/7/3/6/6/5/7/2 3 3,Z,-0.60,4,SLEEP,Z,0.03287852,0.1458457
3/7/7/3/6/6/5/7/1 3 3,X,0.625,4,SLEEP,Z,0.03220581,0.09943321
3/7/7/3/6/6/3/2/7 3 3,X,0.625,2,SLEEP,Z,0.03172879,0.08154801
3/7/7/3/6/6/3/6/6 3 3,X,-0.75,6,SLEEP,Z,0.09172596,0.3035158
3/7/7/3/6/6/3/6/5 3 3,Z,-0.7,6,SLEEP,Z,0.07954624,0.2888027
3/7/7/3/6/6/3/6/3 3 3,X,0.75,6,SLEEP,Z,0.05806686,0.1749555
3/7/7/3/6/6/3/5/6 3 3,X,-0.75,6,SLEEP,Z,0.03988242,0.1453674
3/7/7/3/6/6/3/5/5 3 3,X,0.625,4,SLEEP,Z,0.02551237,0.08832903
3/7/7/3/6/6/3/5/3 3 3,X,0.75,6,SLEEP,Z,0.03046682,0.09212602
3/7/7/3/6/6/3/3/6 3 3,X,-0.75,4,SLEEP,Z,0.02969063,0.1176742
3/7/7/3/6/6/3/3/5 3 3,Z,0.6666666666666666666666666667,2,SLEEP,Z,0.02031395,0.05369941
3/7/7/3/6/6/3/3/3 3 3,X,0.75,4,SLEEP,Z,0.05341222,0.1086012
3/7/7/3/6/6/3/7/4 3 3,X,-0.75,6,SLEEP,Z,0.05452795,0.1637989
3/7/7/3/6/6/3/7/2 3 3,X,0.625,4,SLEEP,Z,0.1606864,0.2987173
3/7/7/3/6/6/3/7/1 3 3,X,0.75,4,SLEEP,Z,0.04401065,0.1309218
3/7/7/3/6/6/7/2/6 3 3,X,-0.6111111111111111111111111112,6,SLEEP,Z,0.07019062,0.238944
3/7/7/3/6/6/7/2/5 3 3,Z,-0.60,4,SLEEP,Z,0.03785907,0.1607173
3/7/7/3/6/6/7/2/3 3 3,X,0.625,6,SLEEP,Z,0.1526716,0.2977385
3/7/7/3/6/6/7/6/4 3 3,Z,-0.7,6,SLEEP,Z,0.09216999,0.3846823
3/7/7/3/6/6/7/6/2 3 3,Z,-0.7,6,SLEEP,Z,0.04638766,0.1872388
3/7/7/3/6/6/7/6/1 3 3,Z,-0.7,4,SLEEP,Z,0.0554371,0.1805122
3/7/7/3/6/6/7/5/4 3 3,X,-0.6111111111111111111111111112,8,SLEEP,Z,0.1020982,0.3703142
3/7/7/3/6/6/7/5/2 3 3,Z,-0.60,4,SLEEP,Z,0.03382209,0.1311415
3/7/7/3/6/6/7/5/1 3 3,X,0.625,2,SLEEP,Z,0.01730033,0.06766961
3/7/7/3/6/6/7/3/4 3 3,Z,0.6666666666666666666666666666,4,SLEEP,Z,0.125485,0.368864
3/7/7/3/6/6/7/3/2 3 3,Z,0.6666666666666666666666666666,4,SLEEP,Z,0.03776236,0.1673391
3/7/7/3/6/6/7/3/1 3 3,Z,0.6666666666666666666666666666,2,SLEEP,Z,0.01498645,0.06128194
3/7/7/3/6/5/2/6/7 3 3,Z,-0.60,8,SLEEP,Z,0.07224669,0.2184482
3/7/7/3/6/5/2/5/7 3 3,X,-0.5555555555555555555555555555,4,SLEEP,Z,0.04489025,0.1167743
3/7/7/3/6/5/2/3/7 3 3,X,-0.5555555555555555555555555555,4,SLEEP,Z,0.03872507,0.1047134
3/7/7/3/6/5/2/7/6 3 3,X,-0.6111111111111111111111111112,6,SLEEP,Z,0.06003205,0.2403865
3/7/7/3/6/5/2/7/5 3 3,X,-0.5555555555555555555555555555,8,SLEEP,Z,0.142739,0.3382973
3/7/7/3/6/5/2/7/3 3 3,X,0.625,4,SLEEP,Z,0.05408926,0.09941931
3/7/7/3/6/5/6/2/7 3 3,X,-0.6111111111111111111111111112,6,SLEEP,Z,0.07728156,0.2379268
3/7/7/3/6/5/6/6/6 3 3,X,-0.6666666666666666666666666667,10,SLEEP,Z,0.1219356,0.4547438
3/7/7/3/6/5/6/6/5 3 3,X,-0.6111111111111111111111111112,8,SLEEP,Z,0.04614349,0.1983258
3/7/7/3/6/5/6/6/3 3 3,X,0.75,2,SLEEP,Z,0.03001324,0.1072899
3/7/7/3/6/5/6/5/6 3 3,X,-0.6666666666666666666666666667,10,SLEEP,Z,0.09028691,0.3967764
3/7/7/3/6/5/6/5/5 3 3,X,-0.6111111111111111111111111112,8,SLEEP,Z,0.06150109,0.257018
3/7/7/3/6/5/6/5/3 3 3,X,0.75,4,SLEEP,Z,0.0392426,0.1369926
3/7/7/3/6/5/6/3/6 3 3,X,-0.6666666666666666666666666667,16,SLEEP,Z,0.1141363,0.4362563
3/7/7/3/6/5/6/3/5 3 3,X,-0.6111111111111111111111111112,4,SLEEP,Z,0.05053405,0.2274006
3/7/7/3/6/5/6/3/3 3 3,X,0.75,4,SLEEP,Z,0.2110624,0.3288412
3/7/7/3/6/5/6/7/4 3 3,X,-0.6666666666666666666666666667,8,SLEEP,Z,0.07986502,0.3539236
3/7/7/3/6/5/6/7/2 3 3,X,-0.6111111111111111111111111112,8,SLEEP,Z,0.06749433,0.3063101
3/7/7/3/6/5/6/7/1 3 3,X,0.75,6,SLEEP,Z,0.06264568,0.2051436
3/7/7/3/6/5/5/2/7 3 3,X,-0.5555555555555555555555555555,4,SLEEP,Z,0.05802862,0.1469661
3/7/7/3/6/5/5/6/6 3 3,X,-0.6111111111111111111111111112,8,SLEEP,Z,0.07744942,0.3075405
3/7/7/3/6/5/5/6/5 3 3,Z,-0.60,6,SLEEP,Z,0.03501352,0.134618
3/7/7/3/6/5/5/6/3 3 3,X,0.625,2,SLEEP,Z,0.03002075,0.09635391
3/7/7/3/6/5/5/5/6 3 3,X,-0.6111111111111111111111111112,6,SLEEP,Z,0.05649923,0.2249998
3/7/7/3/6/5/5/5/5 3 3,X,-0.5555555555555555555555555555,6,SLEEP,Z,0.04080979,0.1410336
3/7/7/3/6/5/5/5/3 3 3,X,0.625,4,SLEEP,Z,0.03019873,0.09805497
3/7/7/3/6/5/5/3/6 3 3,X,-0.6111111111111111111111111112,6,SLEEP,Z,0.1081621,0.3487024
3/7/7/3/6/5/5/3/5 3 3,X,-0.5555555555555555555555555555,4,SLEEP,Z,0.06056546,0.1310421
3/7/7/3/6/5/5/3/3 3 3,X,0.625,2,SLEEP,Z,0.01902303,0.06924256
3/7/7/3/6/5/5/7/4 3 3,X,-0.6111111111111111111111111112,6,SLEEP,Z,0.04588905,0.191629
3/7/7/3/6/5/5/7/2 3 3,X,-0.5555555555555555555555555555,6,SLEEP,Z,0.04386122,0.1795853
3/7/7/3/6/5/5/7/1 3 3,X,0.625,6,SLEEP,Z,0.1534249,0.2956472
3/7/7/3/6/5/3/2/7 3 3,X,0.625,6,SLEEP,Z,0.142016,0.3568208
3/7/7/3/6/5/3/6/6 3 3,X,-0.75,6,SLEEP,Z,0.06083049,0.2200287
3/7/7/3/6/5/3/6/5 3 3,X,0.625,4,SLEEP,Z,0.1111111,0.3727994
3/7/7/3/6/5/3/6/3 3 3,X,0.75,6,SLEEP,Z,0.0891147,0.2138637
3/7/7/3/6/5/3/5/6 3 3,X,-0.75,6,SLEEP,Z,0.1149114,0.3311561
3/7/7/3/6/5/3/5/5 3 3,X,0.625,4,SLEEP,Z,0.02351909,0.06876256
3/7/7/3/6/5/3/5/3 3 3,X,0.75,4,SLEEP,Z,0.05160522,0.1154857
3/7/7/3/6/5/3/3/6 3 3,X,-0.75,6,SLEEP,Z,0.1397169,0.3677478
3/7/7/3/6/5/3/3/5 3 3,X,0.625,4,SLEEP,Z,0.1040944,0.215596
3/7/7/3/6/5/3/3/3 3 3,X,0.75,4,SLEEP,Z,0.06499874,0.09614446
3/7/7/3/6/5/3/7/4 3 3,X,-0.75,4,SLEEP,Z,0.03725998,0.1299076
3/7/7/3/6/5/3/7/2 3 3,X,0.625,4,SLEEP,Z,0.03357181,0.1324268
3/7/7/3/6/5/3/7/1 3 3,X,0.75,4,SLEEP,Z,0.1523225,0.4201154
3/7/7/3/6/5/7/2/6 3 3,X,-0.6111111111111111111111111112,10,SLEEP,Z,0.1013145,0.3000061
3/7/7/3/6/5/7/2/5 3 3,X,-0.5555555555555555555555555555,4,SLEEP,Z,0.03401079,0.1067753
3/7/7/3/6/5/7/2/3 3 3,X,0.625,4,SLEEP,Z,0.02255496,0.08572193
3/7/7/3/6/5/7/6/4 3 3,X,-0.6111111111111111111111111112,8,SLEEP,Z,0.06827703,0.3124966
3/7/7/3/6/5/7/6/2 3 3,Z,-0.60,4,SLEEP,Z,0.03814553,0.1630924
3/7/7/3/6/5/7/6/1 3 3,X,0.625,6,SLEEP,Z,0.1525353,0.3260359
3/7/7/3/6/5/7/5/4 3 3,X,-0.6111111111111111111111111112,6,SLEEP,Z,0.07115079,0.2670789
3/7/7/3/6/5/7/5/2 3 3,X,-0.5555555555555555555555555555,4,SLEEP,Z,0.03928549,0.1577691
3/7/7/3/6/5/7/5/1 3 3,X,0.625,4,SLEEP,Z,0.117026,0.2920494
3/7/7/3/6/5/7/3/4 3 3,X,-0.6111111111111111111111111112,6,SLEEP,Z,0.05233043,0.2448676
3/7/7/3/6/5/7/3/2 3 3,X,-0.5555555555555555555555555555,4,SLEEP,Z,0.03319711,0.1362682
3/7/7/3/6/5/7/3/1 3 3,X,0.625,4,SLEEP,Z,0.02818908,0.1097834
3/7/7/3/6/3/2/6/7 3 3,Z,-0.6666666666666666666666666667,8,SLEEP,Z,0.1789563,0.4013325
3/7/7/3/6/3/2/5/7 3 3,X,-0.5555555555555555555555555555,6,SLEEP,Z,0.04970754,0.1419262
3/7/7/3/6/3/2/3/7 3 3,X,-0.5555555555555555555555555555,4,SLEEP,Z,0.1077829,0.2704785
3/7/7/3/6/3/2/7/6 3 3,X,-0.6111111111111111111111111112,8,SLEEP,Z,0.07229056,0.2374426
3/7/7/3/6/3/2/7/5 3 3,X,-0.5555555555555555555555555555,6,SLEEP,Z,0.02437041,0.09244471
3/7/7/3/6/3/2/7/3 3 3,X,0.625,4,SLEEP,Z,0.03363867,0.1024623
3/7/7/3/6/3/6/2/7 3 3,X,-0.6111111111111111111111111112,8,SLEEP,Z,0.20757,0.4542268
3/7/7/3/6/3/6/6/6 3 3,X,-0.6666666666666666666666666667,8,SLEEP,Z,0.07385964,0.336877
3/7/7/3/6/3/6/6/5 3 3,Z,-0.6666666666666666666666666667,6,SLEEP,Z,0.04848079,0.2164175
3/7/7/3/6/3/6/6/3 3 3,X,0.75,8,SLEEP,Z,0.2205447,0.3761498
3/7/7/3/6/3/6/5/6 3 3,X,-0.6666666666666666666666666667,8,SLEEP,Z,0.06748994,0.3332381
3/7/7/3/6/3/6/5/5 3 3,X,-0.6111111111111111111111111112,8,SLEEP,Z,0.07320017,0.2478333
3/7/7/3/6/3/6/5/3 3 3,X,0.75,4,SLEEP,Z,0.03994098,0.09403294
3/7/7/3/6/3/6/3/6 3 3,X,-0.6666666666666666666666666667,12,SLEEP,Z,0.1298556,0.4044868
3/7/7/3/6/3/6/3/5 3 3,X,-0.6111111111111111111111111112,6,SLEEP,Z,0.05026152,0.2182954
3/7/7/3/6/3/6/3/3 3 3,X,0.75,2,SLEEP,Z,0.05172642,0.1227406
3/7/7/3/6/3/6/7/4 3 3,X,-0.6666666666666666666666666667,6,SLEEP,Z,0.06671633,0.3103968
3/7/7/3/6/3/6/7/2 3 3,X,-0.6111111111111111111111111112,4,SLEEP,Z,0.07325216,0.2118158
3/7/7/3/6/3/6/7/1 3 3,X,0.75,4,SLEEP,Z,0.04403417,0.1561137
3/7/7/3/6/3/5/2/7 3 3,X,-0.5555555555555555555555555555,6,SLEEP,Z,0.05615921,0.1475701
3/7/7/3/6/3/5/6/6 3 3,Z,-0.6666666666666666666666666667,6,SLEEP,Z,0.05540723,0.2646811
3/7/7/3/6/3/5/6/5 3 3,Z,-0.6666666666666666666666666667,8,SLEEP,Z,0.06258751,0.2119295
3/7/7/3/6/3/5/6/3 3 3,Z,-0.6666666666666666666666666667,4,SLEEP,Z,0.05261368,0.1536847
3/7/7/3/6/3/5/5/6 3 3,X,-0.6111111111111111111111111112,4,SLEEP,Z,0.05006094,0.2157646
3/7/7/3/6/3/5/5/5 3 3,X,-0.5555555555555555555555555555,4,SLEEP,Z,0.05353126,0.2100874
3/7/7/3/6/3/5/5/3 3 3,X,0.625,6,SLEEP,Z,0.1296263,0.2545172
3/7/7/3/6/3/5/3/6 3 3,X,-0.6111111111111111111111111112,8,SLEEP,Z,0.133243,0.340811
3/7/7/3/6/3/5/3/5 3 3,X,-0.5555555555555555555555555555,2,SLEEP,Z,0.01924654,0.08612763
3/7/7/3/6/3/5/3/3 3 3,X,0.625,4,SLEEP,Z,0.1368981,0.3633863
3/7/7/3/6/3/5/7/4 3 3,X,-0.6111111111111111111111111112,6,SLEEP,Z,0.04409223,0.2101085
3/7/7/3/6/3/5/7/2 3 3,X,-0.5555555555555555555555555555,4,SLEEP,Z,0.0328001,0.136271
3/7/7/3/6/3/5/7/1 3 3,X,0.625,2,SLEEP,Z,0.01444328,0.0582493
3/7/7/3/6/3/3/2/7 3 3,X,0.625,4,SLEEP,Z,0.03204715,0.0982468
3/7/7/3/6/3/3/6/6 3 3,X,-0.75,6,SLEEP,Z,0.07274225,0.18896
3/7/7/3/6/3/3/6/5 3 3,Z,-0.6666666666666666666666666667,6,SLEEP,Z,0.1416799,0.3336664
3/7/7/3/6/3/3/6/3 3 3,X,0.75,6,SLEEP,Z,0.07991721,0.1468877
3/7/7/3/6/3/3/5/6 3 3,X,-0.75,6,SLEEP,Z,0.04384135,0.1694064
3/7/7/3/6/3/3/5/5 3 3,X,0.625,4,SLEEP,Z,0.05633373,0.1034332
3/7/7/3/6/3/3/5/3 3 3,X,0.75,4,SLEEP,Z,0.06750583,0.1234811
3/7/7/3/6/3/3/3/6 3 3,X,-0.75,6,SLEEP,Z,0.09586786,0.2625884
3/7/7/3/6/3/3/3/5 3 3,X,0.625,2,SLEEP,Z,0.01988261,0.07751215
3/7/7/3/6/3/3/3/3 3 3,X,0.75,2,SLEEP,Z,0,0
3/7/7/3/6/3/3/7/4 3 3,X,-0.75,6,SLEEP,Z,0.03931142,0.1589191
3/7/7/3/6/3/3/7/2 3 3,X,0.625,4,SLEEP,Z,0.03298673,0.07901264
3/7/7/3/6/3/3/7/1 3 3,X,0.75,4,SLEEP,Z,0.04469589,0.1112711
3/7/7/3/6/3/7/2/6 3 3,X,-0.6111111111111111111111111112,6,SLEEP,Z,0.05606475,0.2372589
3/7/7/3/6/3/7/2/5 3 3,X,-0.5555555555555555555555555555,4,SLEEP,Z,0.04087652,0.1562353
3/7/7/3/6/3/7/2/3 3 3,X,0.625,4,SLEEP,Z,0.1244795,0.1993939
3/7/7/3/6/3/7/6/4 3 3,Z,-0.6666666666666666666666666666,4,SLEEP,Z,0.05752274,0.1765307
3/7/7/3/6/3/7/6/2 3 3,Z,-0.6666666666666666666666666666,6,SLEEP,Z,0.04156581,0.1526249
3/7/7/3/6/3/7/6/1 3 3,Z,-0.6666666666666666666666666666,4,SLEEP,Z,0.09037907,0.2280836
3/7/7/3/6/3/7/5/4 3 3,X,-0.6111111111111111111111111112,6,SLEEP,Z,0.04643983,0.2013407
3/7/7/3/6/3/7/5/2 3 3,X,-0.5555555555555555555555555555,6,SLEEP,Z,0.0328765,0.1459057
3/7/7/3/6/3/7/5/1 3 3,X,0.625,4,SLEEP,Z,0.03093738,0.08750905
3/7/7/3/6/3/7/3/4 3 3,X,-0.6111111111111111111111111112,8,SLEEP,Z,0.07460184,0.333314
3/7/7/3/6/3/7/3/2 3 3,X,-0.5555555555555555555555555555,4,SLEEP,Z,0.03768671,0.1468873
3/7/7/3/6/3/7/3/1 3 3,X,0.625,4,SLEEP,Z,0.04259644,0.1588433
3/7/7/3/6/7/2/2/7 3 3,X,-0.5555555555555555555555555555,4,SLEEP,Z,0.03687684,0.1141687
3/7/7/3/6/7/2/6/6 3 3,X,-0.6111111111111111111111111112,8,SLEEP,Z,0.07997894,0.3095418
3/7/7/3/6/7/2/6/5 3 3,Z,-0.60,4,SLEEP,Z,0.02575345,0.100373
3/7/7/3/6/7/2/6/3 3 3,X,0.625,6,SLEEP,Z,0.06741686,0.1932431
3/7/7/3/6/7/2/5/6 3 3,X,-0.6111111111111111111111111112,6,SLEEP,Z,0.0775503,0.280225
3/7/7/3/6/7/2/5/5 3 3,X,-0.5555555555555555555555555555,6,SLEEP,Z,0.1332764,0.3265187
3/7/7/3/6/7/2/5/3 3 3,X,0.625,4,SLEEP,Z,0.1549788,0.2320109
3/7/7/3/6/7/2/3/6 3 3,X,-0.6111111111111111111111111112,6,SLEEP,Z,0.1033119,0.268811
3/7/7/3/6/7/2/3/5 3 3,X,-0.5555555555555555555555555555,6,SLEEP,Z,0.1565194,0.3507631
3/7/7/3/6/7/2/3/3 3 3,X,0.625,2,SLEEP,Z,0.02165073,0.04680767
3/7/7/3/6/7/2/7/4 3 3,X,-0.6111111111111111111111111112,6,SLEEP,Z,0.05193054,0.2121541
3/7/7/3/6/7/2/7/2 3 3,X,-0.5555555555555555555555555555,4,SLEEP,Z,0.06196017,0.1884239
3/7/7/3/6/7/2/7/1 3 3,X,0.625,4,SLEEP,Z,0.02664249,0.106944
3/7/7/3/6/7/6/2/6 3 3,X,-0.6666666666666666666666666667,8,SLEEP,Z,0.0970191,0.4018748
3/7/7/3/6/7/6/2/5 3 3,X,-0.6111111111111111111111111112,4,SLEEP,Z,0.04731541,0.1891466
3/7/7/3/6/7/6/2/3 3 3,X,0.8333333333333333333333333333,2,SLEEP,Z,0.02572259,0.1033887
3/7/7/3/6/7/6/6/4 3 3,X,-0.6666666666666666666666666667,14,SLEEP,Z,0.1070772,0.4152581
3/7/7/3/6/7/6/6/2 3 3,X,-0.6111111111111111111111111112,6,SLEEP,Z,0.05617108,0.2331223
3/7/7/3/6/7/6/6/1 3 3,X,0.8333333333333333333333333333,4,SLEEP,Z,0.04814303,0.1420427
3/7/7/3/6/7/6/5/4 3 3,X,-0.6666666666666666666666666667,8,SLEEP,Z,0.1035178,0.4253385
3/7/7/3/6/7/6/5/2 3 3,X,-0.6111111111111111111111111112,4,SLEEP,Z,0.1094432,0.354765
3/7/7/3/6/7/6/5/1 3 3,X,0.8333333333333333333333333333,2,SLEEP,Z,0.02405374,0.09951909
3/7/7/3/6/7/6/3/4 3 3,X,-0.6666666666666666666666666667,8,SLEEP,Z,0.06767847,0.3157189
3/7/7/3/6/7/6/3/2 3 3,X,-0.6111111111111111111111111112,8,SLEEP,Z,0.0788361,0.2644667
3/7/7/3/6/7/6/3/1 3 3,X,0.8333333333333333333333333333,6,SLEEP,Z,0.03655276,0.1716287
3/7/7/3/6/7/5/2/6 3 3,X,-0.6111111111111111111111111112,8,SLEEP,Z,0.06640083,0.314367
3/7/7/3/6/7/5/2/5 3 3,X,-0.5555555555555555555555555555,4,SLEEP,Z,0.04973551,0.1785202
3/7/7/3/6/7/5/2/3 3 3,X,0.625,4,SLEEP,Z,0.1031095,0.2125473
3/7/7/3/6/7/5/6/4 3 3,X,-0.6111111111111111111111111112,8,SLEEP,Z,0.068615,0.308733
3/7/7/3/6/7/5/6/2 3 3,Z,-0.60,6,SLEEP,Z,0.05076467,0.1762496
3/7/7/3/6/7/5/6/1 3 3,X,0.625,4,SLEEP,Z,0.03993289,0.1218988
3/7/7/3/6/7/5/5/4 3 3,X,-0.6111111111111111111111111112,6,SLEEP,Z,0.07048889,0.3182449
3/7/7/3/6/7/5/5/2 3 3,X,-0.5555555555555555555555555555,6,SLEEP,Z,0.03837237,0.1610679
3/7/7/3/6/7/5/5/1 3 3,X,0.625,4,SLEEP,Z,0.02411235,0.09013809
3/7/7/3/6/7/5/3/4 3 3,X,-0.6111111111111111111111111112,6,SLEEP,Z,0.07848269,0.3046041
3/7/7/3/6/7/5/3/2 3 3,X,-0.5555555555555555555555555555,6,SLEEP,Z,0.03670113,0.1556832
3/7/7/3/6/7/5/3/1 3 3,X,0.625,2,SLEEP,Z,0.02375895,0.09001678
3/7/7/3/6/7/3/2/6 3 3,X,-0.8333333333333333333333333333,4,SLEEP,Z,0.1327671,0.3238811
3/7/7/3/6/7/3/2/5 3 3,X,0.625,4,SLEEP,Z,0.03711262,0.1188342
3/7/7/3/6/7/3/2/3 3 3,X,0.75,2,SLEEP,Z,0.0145389,0.05414914
3/7/7/3/6/7/3/6/4 3 3,X,-0.8333333333333333333333333333,4,SLEEP,Z,0.03722881,0.1304776
3/7/7/3/6/7/3/6/2 3 3,X,0.625,4,SLEEP,Z,0.03090217,0.105209
3/7/7/3/6/7/3/6/1 3 3,X,0.75,6,SLEEP,Z,0.0608402,0.2141755
3/7/7/3/6/7/3/5/4 3 3,X,-0.8333333333333333333333333333,6,SLEEP,Z,0.134883,0.3521672
3/7/7/3/6/7/3/5/2 3 3,X,0.625,4,SLEEP,Z,0.02437453,0.08593404
3/7/7/3/6/7/3/5/1 3 3,X,0.75,2,SLEEP,Z,0.01888434,0.06748603
3/7/7/3/6/7/3/3/4 3 3,X,-0.8333333333333333333333333333,2,SLEEP,Z,0.03688023,0.1356421
3/7/7/3/6/7/3/3/2 3 3,X,0.625,2,SLEEP,Z,0.1731863,0.2860018
3/7/7/3/6/7/3/3/1 3 3,X,0.75,2,SLEEP,Z,0.01091023,0.03793199
3/7/7/3/6/7/7/2/4 3 3,X,-0.6111111111111111111111111112,8,SLEEP,Z,0.05649609,0.2597016
3/7/7/3/6/7/7/2/2 3 3,X,-0.5555555555555555555555555555,4,SLEEP,Z,0.112542,0.3161968
3/7/7/3/6/7/7/2/1 3 3,X,0.625,4,SLEEP,Z,0.02488342,0.08823913
3/7/7/3/5/2/2/7/7 3 3,X,-0.5,4,SLEEP,Z,0.04859359,0.1551914
3/7/7/3/5/2/6/6/7 3 3,Z,-0.60,8,SLEEP,Z,0.05170368,0.1573255
3/7/7/3/5/2/6/5/7 3 3,X,-0.5555555555555555555555555555,6,SLEEP,Z,0.04535194,0.1817126
3/7/7/3/5/2/6/3/7 3 3,X,-0.5555555555555555555555555555,4,SLEEP,Z,0.04554908,0.1623649
3/7/7/3/5/2/6/7/6 3 3,X,-0.6111111111111111111111111112,6,SLEEP,Z,0.08040006,0.3233213
3/7/7/3/5/2/6/7/5 3 3,X,-0.5555555555555555555555555555,6,SLEEP,Z,0.0396953,0.1531941
3/7/7/3/5/2/6/7/3 3 3,X,0.7,4,SLEEP,Z,0.04153552,0.1368109
3/7/7/3/5/2/5/6/7 3 3,Z,-0.60,8,SLEEP,Z,0.07948812,0.2452181
3/7/7/3/5/2/5/5/7 3 3,X,-0.5,4,SLEEP,Z,0.03292076,0.1216774
3/7/7/3/5/2/5/3/7 3 3,X,-0.5,6,SLEEP,Z,0.05941021,0.3784909
3/7/7/3/5/2/5/7/6 3 3,X,-0.5555555555555555555555555555,6,SLEEP,Z,0.05439869,0.2001318
3/7/7/3/5/2/5/7/5 3 3,X,-0.5,6,SLEEP,Z,0.04841263,0.1618611
3/7/7/3/5/2/5/7/3 3 3,Z,-0.5,4,SLEEP,Z,0.03573604,0.1390225
3/7/7/3/5/2/3/6/7 3 3,Z,-0.60,6,SLEEP,Z,0.07743226,0.2239564
3/7/7/3/5/2/3/5/7 3 3,Z,-0.5,8,SLEEP,Z,0.06848051,0.2086755
3/7/7/3/5/2/3/3/7 3 3,X,-0.5,4,SLEEP,Z,0.02464043,0.1060993
3/7/7/3/5/2/3/7/6 3 3,X,-0.7,2,SLEEP,Z,0.05339905,0.1599905
3/7/7/3/5/2/3/7/5 3 3,Z,-0.5,6,SLEEP,Z,0.04401497,0.1367497
3/7/7/3/5/2/3/7/3 3 3,Z,-0.5,2,SLEEP,Z,0.04703462,0.1431758
3/7/7/3/5/2/7/2/7 3 3,X,-0.5,6,SLEEP,Z,0.05892427,0.2397572
3/7/7/3/5/2/7/6/6 3 3,Z,-0.60,6,SLEEP,Z,0.07772498,0.2176824
3/7/7/3/5/2/7/6/5 3 3,Z,-0.60,6,SLEEP,Z,0.09742384,0.294641
3/7/7/3/5/2/7/6/3 3 3,Z,-0.60,6,SLEEP,Z,0.03366747,0.1175956
3/7/7/3/5/2/7/5/6 3 3,X,-0.5555555555555555555555555555,6,SLEEP,Z,0.06614378,0.2015167
3/7/7/3/5/2/7/5/5 3 3,X,-0.5,8,SLEEP,Z,0.07133428,0.2729775
3/7/7/3/5/2/7/5/3 3 3,Z,-0.5,4,SLEEP,Z,0.02370419,0.1049153
3/7/7/3/5/2/7/3/6 3 3,X,-0.5555555555555555555555555555,6,SLEEP,Z,0.05750731,0.2514382
3/7/7/3/5/2/7/3/5 3 3,X,-0.5,4,SLEEP,Z,0.03472443,0.1179761
3/7/7/3/5/2/7/3/3 3 3,Z,-0.5,4,SLEEP,Z,0.03279319,0.1427863
3/7/7/3/5/2/7/7/4 3 3,X,-0.5555555555555555555555555555,8,SLEEP,Z,0.1011972,0.3278672
3/7/7/3/5/2/7/7/2 3 3,X,-0.5,4,SLEEP,Z,0.03355828,0.1237572
3/7/7/3/5/2/7/7/1 3 3,Z,-0.5,6,SLEEP,Z,0.06614064,0.2490998
3/7/7/3/5/6/2/6/7 3 3,Z,-0.7,6,SLEEP,Z,0.05761841,0.1701453
3/7/7/3/5/6/2/5/7 3 3,Z,-0.60,6,SLEEP,Z,0.0941753,0.3132529
3/7/7/3/5/6/2/3/7 3 3,Z,0.6666666666666666666666666667,2,SLEEP,Z,0.031888,0.1254594
3/7/7/3/5/6/2/7/6 3 3,Z,-0.60,6,SLEEP,Z,0.08349197,0.365518
3/7/7/3/5/6/2/7/5 3 3,Z,-0.60,4,SLEEP,Z,0.02641632,0.09345708
3/7/7/3/5/6/2/7/3 3 3,Z,-0.60,4,SLEEP,Z,0.04179904,0.1309338
3/7/7/3/5/6/6/2/7 3 3,Z,-0.60,4,SLEEP,Z,0.1402949,0.3543948
3/7/7/3/5/6/6/6/6 3 3,Z,-0.7,6,SLEEP,Z,0.05525771,0.24327
3/7/7/3/5/6/6/6/5 3 3,Z,-0.7,8,SLEEP,Z,0.1006337,0.3967072
3/7/7/3/5/6/6/6/3 3 3,X,0.75,6,SLEEP,Z,0.04268517,0.1547547
3/7/7/3/5/6/6/5/6 3 3,X,-0.6111111111111111111111111112,8,SLEEP,Z,0.08739875,0.3805629
3/7/7/3/5/6/6/5/5 3 3,Z,-0.60,6,SLEEP,Z,0.04481586,0.20124
3/7/7/3/5/6/6/5/3 3 3,X,0.75,4,SLEEP,Z,0.04492553,0.1224513
3/7/7/3/5/6/6/3/6 3 3,Z,0.6666666666666666666666666667,8,SLEEP,Z,0.07536379,0.3405338
3/7/7/3/5/6/6/3/5 3 3,Z,0.6666666666666666666666666667,2,SLEEP,Z,0.03353264,0.147431
3/7/7/3/5/6/6/3/3 3 3,X,0.75,2,SLEEP,Z,0.03611943,0.1379546
3/7/7/3/5/6/6/7/4 3 3,X,-0.6111111111111111111111111112,6,SLEEP,Z,0.05419619,0.2508967
3/7/7/3/5/6/6/7/2 3 3,Z,-0.60,8,SLEEP,Z,0.05905821,0.2785229
3/7/7/3/5/6/6/7/1 3 3,X,0.75,2,SLEEP,Z,0.02981255,0.1264353
3/7/7/3/5/6/5/2/7 3 3,Z,-0.60,4,SLEEP,Z,0.06815066,0.1456726
3/7/7/3/5/6/5/6/6 3 3,Z,-0.7,8,SLEEP,Z,0.1290727,0.4281987
3/7/7/3/5/6/5/6/5 3 3,Z,-0.7,6,SLEEP,Z,0.09167597,0.3802353
3/7/7/3/5/6/5/6/3 3 3,Z,-0.7,4,SLEEP,Z,0.04817241,0.1827281
3/7/7/3/5/6/5/5/6 3 3,Z,-0.60,8,SLEEP,Z,0.05438852,0.2545857
3/7/7/3/5/6/5/5/5 3 3,Z,-0.60,4,SLEEP,Z,0.03846049,0.1576532
3/7/7/3/5/6/5/5/3 3 3,Z,-0.60,4,SLEEP,Z,0.06012382,0.181184
3/7/7/3/5/6/5/3/6 3 3,Z,0.6666666666666666666666666667,2,SLEEP,Z,0.03593896,0.163387
3/7/7/3/5/6/5/3/5 3 3,Z,0.6666666666666666666666666667,6,SLEEP,Z,0.0352389,0.1766811
3/7/7/3/5/6/5/3/3 3 3,Z,0.6666666666666666666666666667,2,SLEEP,Z,0.01775389,0.05121857
3/7/7/3/5/6/5/7/4 3 3,Z,-0.60,6,SLEEP,Z,0.07322219,0.3267732
3/7/7/3/5/6/5/7/2 3 3,Z,-0.60,6,SLEEP,Z,0.0474464,0.187603
3/7/7/3/5/6/5/7/1 3 3,Z,-0.60,4,SLEEP,Z,0.04122267,0.1288471
3/7/7/3/5/6/3/2/7 3 3,Z,-0.60,4,SLEEP,Z,0.03720379,0.14854
3/7/7/3/5/6/3/6/6 3 3,X,-0.75,8,SLEEP,Z,0.09248946,0.3244857
3/7/7/3/5/6/3/6/5 3 3,Z,-0.7,2,SLEEP,Z,0.05489089,0.1972704
3/7/7/3/5/6/3/6/3 3 3,Z,-0.7,4,SLEEP,Z,0.08455122,0.3515697
3/7/7/3/5/6/3/5/6 3 3,X,-0.75,4,SLEEP,Z,0.04655337,0.1461266
3/7/7/3/5/6/3/5/5 3 3,Z,-0.60,2,SLEEP,Z,0.06069942,0.2258826
3/7/7/3/5/6/3/5/3 3 3,Z,-0.60,4,SLEEP,Z,0.06587818,0.3759598
3/7/7/3/5/6/3/3/6 3 3,X,-0.75,4,SLEEP,Z,0.03956076,0.1602215
3/7/7/3/5/6/3/3/5 3 3,Z,0.6666666666666666666666666667,6,SLEEP,Z,0.05809505,0.1690971
3/7/7/3/5/6/3/3/3 3 3,Z,0.6666666666666666666666666667,4,SLEEP,Z,0.02663754,0.08807443
3/7/7/3/5/6/3/7/4 3 3,X,-0.75,6,SLEEP,Z,0.03226996,0.145933
3/7/7/3/5/6/3/7/2 3 3,Z,-0.60,4,SLEEP,Z,0.03817055,0.1454821
3/7/7/3/5/6/3/7/1 3 3,Z,-0.60,6,SLEEP,Z,0.02877537,0.09480242
3/7/7/3/5/6/7/2/6 3 3,Z,-0.60,6,SLEEP,Z,0.06129479,0.2772407
3/7/7/3/5/6/7/2/5 3 3,Z,-0.60,4,SLEEP,Z,0.0375007,0.1577884
3/7/7/3/5/6/7/2/3 3 3,Z,-0.60,2,SLEEP,Z,0.02644975,0.09259095
3/7/7/3/5/6/7/6/4 3 3,Z,-0.7,8,SLEEP,Z,0.1488018,0.3903089
3/7/7/3/5/6/7/6/2 3 3,Z,-0.7,6,SLEEP,Z,0.1079412,0.3525606
3/7/7/3/5/6/7/6/1 3 3,Z,-0.7,4,SLEEP,Z,0.05388811,0.1842212
3/7/7/3/5/6/7/5/4 3 3,Z,-0.60,6,SLEEP,Z,0.06099882,0.248834
3/7/7/3/5/6/7/5/2 3 3,Z,-0.60,4,SLEEP,Z,0.04188018,0.175887
3/7/7/3/5/6/7/5/1 3 3,Z,-0.60,4,SLEEP,Z,0.0316477,0.1334985
3/7/7/3/5/6/7/3/4 3 3,Z,0.6666666666666666666666666666,4,SLEEP,Z,0.04311603,0.1718196
3/7/7/3/5/6/7/3/2 3 3,Z,0.6666666666666666666666666666,4,SLEEP,Z,0.03236178,0.1291843
3/7/7/3/5/6/7/3/1 3 3,Z,0.6666666666666666666666666666,4,SLEEP,Z,0.03377525,0.1466673
3/7/7/3/5/5/2/6/7 3 3,Z,-0.60,6,SLEEP,Z,0.06200365,0.1951619
3/7/7/3/5/5/2/5/7 3 3,X,-0.5,4,SLEEP,Z,0.03872651,0.1488035
3/7/7/3/5/5/2/3/7 3 3,X,-0.5,4,SLEEP,Z,0.03667618,0.1513673
3/7/7/3/5/5/2/7/6 3 3,X,-0.5555555555555555555555555555,6,SLEEP,Z,0.08887046,0.3208206
3/7/7/3/5/5/2/7/5 3 3,X,-0.5,6,SLEEP,Z,0.1014113,0.3357275
3/7/7/3/5/5/2/7/3 3 3,Z,-0.5,4,SLEEP,Z,0.02806264,0.098125
3/7/7/3/5/5/6/2/7 3 3,X,-0.5555555555555555555555555555,6,SLEEP,Z,0.1007617,0.3000458
3/7/7/3/5/5/6/6/6 3 3,X,-0.6111111111111111111111111112,8,SLEEP,Z,0.09265508,0.378666
3/7/7/3/5/5/6/6/5 3 3,Z,-0.60,6,SLEEP,Z,0.05008955,0.1890514
3/7/7/3/5/5/6/6/3 3 3,X,0.75,2,SLEEP,Z,0.04028514,0.1279972
3/7/7/3/5/5/6/5/6 3 3,X,-0.6111111111111111111111111112,8,SLEEP,Z,0.06389107,0.2824439
3/7/7/3/5/5/6/5/5 3 3,X,-0.5555555555555555555555555555,6,SLEEP,Z,0.08335037,0.3025281
3/7/7/3/5/5/6/5/3 3 3,X,0.75,6,SLEEP,Z,0.1727304,0.3238167
3/7/7/3/5/5/6/3/6 3 3,X,-0.6111111111111111111111111112,6,SLEEP,Z,0.05836714,0.2730666
3/7/7/3/5/5/6/3/5 3 3,X,-0.5555555555555555555555555555,6,SLEEP,Z,0.04964289,0.228185
3/7/7/3/5/5/6/3/3 3 3,X,0.75,2,SLEEP,Z,0.02511161,0.1016017
3/7/7/3/5/5/6/7/4 3 3,X,-0.6111111111111111111111111112,6,SLEEP,Z,0.07067128,0.3276965
3/7/7/3/5/5/6/7/2 3 3,X,-0.5555555555555555555555555555,6,SLEEP,Z,0.09531485,0.3322823
3/7/7/3/5/5/6/7/1 3 3,X,0.75,4,SLEEP,Z,0.03571605,0.1449876
3/7/7/3/5/5/5/2/7 3 3,X,-0.5,6,SLEEP,Z,0.04515521,0.2260841
3/7/7/3/5/5/5/6/6 3 3,Z,-0.60,6,SLEEP,Z,0.05911346,0.2713698
3/7/7/3/5/5/5/6/5 3 3,Z,-0.60,4,SLEEP,Z,0.03732698,0.1618449
3/7/7/3/5/5/5/6/3 3 3,Z,-0.60,6,SLEEP,Z,0.06118332,0.2197354
3/7/7/3/5/5/5/5/6 3 3,X,-0.5555555555555555555555555555,6,SLEEP,Z,0.04404768,0.1989604
3/7/7/3/5/5/5/5/5 3 3,X,-0.5,4,SLEEP,Z,0.03066764,0.1196489
3/7/7/3/5/5/5/5/3 3 3,Z,-0.5,4,SLEEP,Z,0.05508783,0.3067113
3/7/7/3/5/5/5/3/6 3 3,X,-0.5555555555555555555555555555,4,SLEEP,Z,0.03902771,0.1800123
3/7/7/3/5/5/5/3/5 3 3,X,-0.5,4,SLEEP,Z,0.02888557,0.1242537
3/7/7/3/5/5/5/3/3 3 3,Z,-0.5,2,SLEEP,Z,0.03323033,0.1094723
3/7/7/3/5/5/5/7/4 3 3,X,-0.5555555555555555555555555555,6,SLEEP,Z,0.05185734,0.2524208
3/7/7/3/5/5/5/7/2 3 3,X,-0.5,4,SLEEP,Z,0.02390546,0.1104485
3/7/7/3/5/5/5/7/1 3 3,Z,-0.5,4,SLEEP,Z,0.03204621,0.1149104
3/7/7/3/5/5/3/2/7 3 3,Z,-0.5,6,SLEEP,Z,0.03750553,0.1465944
3/7/7/3/5/5/3/6/6 3 3,X,-0.75,6,SLEEP,Z,0.08190873,0.3115422
3/7/7/3/5/5/3/6/5 3 3,Z,-0.60,4,SLEEP,Z,0.03046489,0.1195122
3/7/7/3/5/5/3/6/3 3 3,Z,-0.60,4,SLEEP,Z,0.03120617,0.09763414
3/7/7/3/5/5/3/5/6 3 3,X,-0.75,4,SLEEP,Z,0.04824492,0.1720282
3/7/7/3/5/5/3/5/5 3 3,Z,-0.5,4,SLEEP,Z,0.0230779,0.1011453
3/7/7/3/5/5/3/5/3 3 3,Z,-0.5,2,SLEEP,Z,0.0222058,0.08997914
3/7/7/3/5/5/3/3/6 3 3,X,-0.75,6,SLEEP,Z,0.06483719,0.2234889
3/7/7/3/5/5/3/3/5 3 3,X,-0.5,2,SLEEP,Z,0.0127659,0.05695741
3/7/7/3/5/5/3/3/3 3 3,Z,-0.5,4,SLEEP,Z,0.02976604,0.09298526
3/7/7/3/5/5/3/7/4 3 3,X,-0.75,4,SLEEP,Z,0.07742861,0.2368648
3/7/7/3/5/5/3/7/2 3 3,Z,-0.5,4,SLEEP,Z,0.09116428,0.3226147
3/7/7/3/5/5/3/7/1 3 3,Z,-0.5,4,SLEEP,Z,0.02792249,0.1136305
3/7/7/3/5/5/7/2/6 3 3,X,-0.5555555555555555555555555555,6,SLEEP,Z,0.062844,0.245151
3/7/7/3/5/5/7/2/5 3 3,X,-0.5,4,SLEEP,Z,0.03798594,0.1739904
3/7/7/3/5/5/7/2/3 3 3,Z,-0.5,4,SLEEP,Z,0.05370884,0.1885376
3/7/7/3/5/5/7/6/4 3 3,Z,-0.60,4,SLEEP,Z,0.0575841,0.2322437
3/7/7/3/5/5/7/6/2 3 3,Z,-0.60,4,SLEEP,Z,0.02613448,0.1081078
3/7/7/3/5/5/7/6/1 3 3,Z,-0.60,4,SLEEP,Z,0.04602825,0.1723269
3/7/7/3/5/5/7/5/4 3 3,X,-0.5555555555555555555555555555,6,SLEEP,Z,0.1009082,0.3667588
3/7/7/3/5/5/7/5/2 3 3,X,-0.5,4,SLEEP,Z,0.03659094,0.148041
3/7/7/3/5/5/7/5/1 3 3,Z,-0.5,4,SLEEP,Z,0.03757923,0.1137269
3/7/7/3/5/5/7/3/4 3 3,X,-0.5555555555555555555555555555,4,SLEEP,Z,0.03762896,0.1782123
3/7/7/3/5/5/7/3/2 3 3,X,-0.5,2,SLEEP,Z,0.02158722,0.09481133
3/7/7/3/5/5/7/3/1 3 3,Z,-0.5,2,SLEEP,Z,0.01763369,0.0819732
3/7/7/3/5/3/2/6/7 3 3,Z,-0.6666666666666666666666666667,6,SLEEP,Z,0.06521979,0.1808669
3/7/7/3/5/3/2/5/7 3 3,X,-0.5,6,SLEEP,Z,0.1137588,0.3242028
3/7/7/3/5/3/2/3/7 3 3,X,-0.5,4,SLEEP,Z,0.03224634,0.1226226
3/7/7/3/5/3/2/7/6 3 3,X,-0.5555555555555555555555555555,6,SLEEP,Z,0.0610429,0.2492078
3/7/7/3/5/3/2/7/5 3 3,X,-0.5,6,SLEEP,Z,0.1046517,0.3074323
3/7/7/3/5/3/2/7/3 3 3,Z,-0.5,2,SLEEP,Z,0.0461675,0.1127922
3/7/7/3/5/3/6/2/7 3 3,X,-0.5555555555555555555555555555,6,SLEEP,Z,0.04747034,0.1651518
3/7/7/3/5/3/6/6/6 3 3,Z,-0.6666666666666666666666666667,8,SLEEP,Z,0.07182407,0.2907645
3/7/7/3/5/3/6/6/5 3 3,Z,-0.6666666666666666666666666667,4,SLEEP,Z,0.04002915,0.1706121
3/7/7/3/5/3/6/6/3 3 3,X,0.75,6,SLEEP,Z,0.1226835,0.2799788
3/7/7/3/5/3/6/5/6 3 3,X,-0.6111111111111111111111111112,6,SLEEP,Z,0.07171375,0.2612329
3/7/7/3/5/3/6/5/5 3 3,X,-0.5555555555555555555555555555,6,SLEEP,Z,0.03932652,0.1702591
3/7/7/3/5/3/6/5/3 3 3,X,0.75,4,SLEEP,Z,0.03996259,0.140218
3/7/7/3/5/3/6/3/6 3 3,X,-0.6111111111111111111111111112,6,SLEEP,Z,0.07081719,0.3226464
3/7/7/3/5/3/6/3/5 3 3,X,-0.5555555555555555555555555555,6,SLEEP,Z,0.03666366,0.1669175
3/7/7/3/5/3/6/3/3 3 3,X,0.75,2,SLEEP,Z,0.03086532,0.1354538
3/7/7/3/5/3/6/7/4 3 3,X,-0.6111111111111111111111111112,6,SLEEP,Z,0.07254867,0.3259973
3/7/7/3/5/3/6/7/2 3 3,X,-0.5555555555555555555555555555,6,SLEEP,Z,0.07328375,0.3475658
3/7/7/3/5/3/6/7/1 3 3,X,0.75,2,SLEEP,Z,0.0305718,0.07046932
3/7/7/3/5/3/5/2/7 3 3,X,-0.5,4,SLEEP,Z,0.03938024,0.1456277
3/7/7/3/5/3/5/6/6 3 3,Z,-0.6666666666666666666666666667,10,SLEEP,Z,0.08453336,0.2680702
3/7/7/3/5/3/5/6/5 3 3,Z,-0.6666666666666666666666666667,4,SLEEP,Z,0.04978719,0.1536461
3/7/7/3/5/3/5/6/3 3 3,Z,-0.6666666666666666666666666667,6,SLEEP,Z,0.05296868,0.1782489
3/7/7/3/5/3/5/5/6 3 3,X,-0.5555555555555555555555555555,6,SLEEP,Z,0.04018505,0.1686955
3/7/7/3/5/3/5/5/5 3 3,X,-0.5,6,SLEEP,Z,0.03892107,0.1681065
3/7/7/3/5/3/5/5/3 3 3,Z,-0.5,4,SLEEP,Z,0.0270694,0.1098748
3/7/7/3/5/3/5/3/6 3 3,X,-0.5555555555555555555555555555,6,SLEEP,Z,0.04588334,0.2305118
3/7/7/3/5/3/5/3/5 3 3,X,-0.5,2,SLEEP,Z,0.02899022,0.139172
3/7/7/3/5/3/5/3/3 3 3,Z,-0.5,2,SLEEP,Z,0.02667597,0.1267915
3/7/7/3/5/3/5/7/4 3 3,X,-0.5555555555555555555555555555,6,SLEEP,Z,0.09580612,0.3556216
3/7/7/3/5/3/5/7/2 3 3,X,-0.5,4,SLEEP,Z,0.02669434,0.1115255
3/7/7/3/5/3/5/7/1 3 3,Z,-0.5,2,SLEEP,Z,0.01630796,0.06178167
3/7/7/3/5/3/3/2/7 3 3,Z,-0.5,4,SLEEP,Z,0.02628483,0.09761874
3/7/7/3/5/3/3/6/6 3 3,X,-0.75,4,SLEEP,Z,0.05259176,0.1569254
3/7/7/3/5/3/3/6/5 3 3,Z,-0.6666666666666666666666666667,4,SLEEP,Z,0.07420666,0.1876699
3/7/7/3/5/3/3/6/3 3 3,Z,-0.6666666666666666666666666667,4,SLEEP,Z,0.08374598,0.196624
3/7/7/3/5/3/3/5/6 3 3,X,-0.75,4,SLEEP,Z,0.07032219,0.2074076
3/7/7/3/5/3/3/5/5 3 3,Z,-0.5,6,SLEEP,Z,0.09687214,0.389677
3/7/7/3/5/3/3/5/3 3 3,Z,-0.5,4,SLEEP,Z,0.0223385,0.08043232
3/7/7/3/5/3/3/3/6 3 3,X,-0.75,6,SLEEP,Z,0.04441915,0.2011766
3/7/7/3/5/3/3/3/5 3 3,X,-0.5,4,SLEEP,Z,0.02956675,0.1201704
3/7/7/3/5/3/3/3/3 3 3,Z,-0.5,4,SLEEP,Z,0.02080905,0.1001312
3/7/7/3/5/3/3/7/4 3 3,X,-0.75,4,SLEEP,Z,0.04565823,0.151205
3/7/7/3/5/3/3/7/2 3 3,Z,-0.5,2,SLEEP,Z,0.02349401,0.09468577
3/7/7/3/5/3/3/7/1 3 3,Z,-0.5,4,SLEEP,Z,0.06439503,0.1548185
3/7/7/3/5/3/7/2/6 3 3,X,-0.5555555555555555555555555555,6,SLEEP,Z,0.09788491,0.3294103
3/7/7/3/5/3/7/2/5 3 3,X,-0.5,4,SLEEP,Z,0.0334164,0.1396335
3/7/7/3/5/3/7/2/3 3 3,Z,-0.5,4,SLEEP,Z,0.02818545,0.1296136
3/7/7/3/5/3/7/6/4 3 3,Z,-0.6666666666666666666666666666,6,SLEEP,Z,0.05510134,0.2371719
3/7/7/3/5/3/7/6/2 3 3,Z,-0.6666666666666666666666666666,4,SLEEP,Z,0.04610925,0.1730626
3/7/7/3/5/3/7/6/1 3 3,Z,-0.6666666666666666666666666666,6,SLEEP,Z,0.03620084,0.1455837
3/7/7/3/5/3/7/5/4 3 3,X,-0.5555555555555555555555555555,4,SLEEP,Z,0.02857758,0.1288017
3/7/7/3/5/3/7/5/2 3 3,X,-0.5,4,SLEEP,Z,0.04287469,0.1770086
3/7/7/3/5/3/7/5/1 3 3,Z,-0.5,2,SLEEP,Z,0.01598524,0.0677859
3/7/7/3/5/3/7/3/4 3 3,X,-0.5555555555555555555555555555,6,SLEEP,Z,0.05248592,0.2506892
3/7/7/3/5/3/7/3/2 3 3,X,-0.5,4,SLEEP,Z,0.0329361,0.1309941
3/7/7/3/5/3/7/3/1 3 3,Z,-0.5,2,SLEEP,Z,0.04382759,0.1952563
3/7/7/3/5/7/2/2/7 3 3,X,-0.5,6,SLEEP,Z,0.1048952,0.2860551
3/7/7/3/5/7/2/6/6 3 3,Z,-0.60,6,SLEEP,Z,0.04546993,0.1728763
3/7/7/3/5/7/2/6/5 3 3,Z,-0.60,4,SLEEP,Z,0.03086556,0.1211827
3/7/7/3/5/7/2/6/3 3 3,Z,-0.60,6,SLEEP,Z,0.07096907,0.2520956
3/7/7/3/5/7/2/5/6 3 3,X,-0.5555555555555555555555555555,4,SLEEP,Z,0.04167756,0.1863472
3/7/7/3/5/7/2/5/5 3 3,X,-0.5,4,SLEEP,Z,0.03053183,0.1349781
3/7/7/3/5/7/2/5/3 3 3,Z,-0.5,4,SLEEP,Z,0.03363817,0.09155599
3/7/7/3/5/7/2/3/6 3 3,X,-0.5555555555555555555555555555,6,SLEEP,Z,0.04834649,0.2060016
3/7/7/3/5/7/2/3/5 3 3,X,-0.5,2,SLEEP,Z,0.02952163,0.1281105
3/7/7/3/5/7/2/3/3 3 3,X,0.5,4,SLEEP,Z,0.09188405,0.3164537
3/7/7/3/5/7/2/7/4 3 3,X,-0.5555555555555555555555555555,6,SLEEP,Z,0.1093735,0.3260099
3/7/7/3/5/7/2/7/2 3 3,X,-0.5,4,SLEEP,Z,0.03157977,0.1308084
3/7/7/3/5/7/2/7/1 3 3,Z,-0.5,4,SLEEP,Z,0.03744327,0.1332588
3/7/7/3/5/7/6/2/6 3 3,X,-0.6111111111111111111111111112,4,SLEEP,Z,0.07240742,0.3345891
3/7/7/3/5/7/6/2/5 3 3,X,-0.5555555555555555555555555555,4,SLEEP,Z,0.02729421,0.09380851
3/7/7/3/5/7/6/2/3 3 3,X,0.8333333333333333333333333333,4,SLEEP,Z,0.03941384,0.1237049
3/7/7/3/5/7/6/6/4 3 3,X,-0.6111111111111111111111111112,8,SLEEP,Z,0.06682673,0.3222831
3/7/7/3/5/7/6/6/2 3 3,Z,-0.60,6,SLEEP,Z,0.05044399,0.1824237
3/7/7/3/5/7/6/6/1 3 3,X,0.8333333333333333333333333333,4,SLEEP,Z,0.0311328,0.1216941
3/7/7/3/5/7/6/5/4 3 3,X,-0.6111111111111111111111111112,8,SLEEP,Z,0.07585972,0.3614163
3/7/7/3/5/7/6/5/2 3 3,X,-0.5555555555555555555555555555,4,SLEEP,Z,0.04321267,0.1871391
3/7/7/3/5/7/6/5/1 3 3,X,0.8333333333333333333333333333,4,SLEEP,Z,0.11909,0.2790656
3/7/7/3/5/7/6/3/4 3 3,X,-0.6111111111111111111111111112,8,SLEEP,Z,0.08554307,0.3640928
3/7/7/3/5/7/6/3/2 3 3,X,-0.5555555555555555555555555555,4,SLEEP,Z,0.04586452,0.2057394
3/7/7/3/5/7/6/3/1 3 3,X,0.8333333333333333333333333333,6,SLEEP,Z,0.1001971,0.3186432
3/7/7/3/5/7/5/2/6 3 3,X,-0.5555555555555555555555555555,6,SLEEP,Z,0.04252606,0.1548156
3/7/7/3/5/7/5/2/5 3 3,X,-0.5,4,SLEEP,Z,0.02607179,0.1146752
3/7/7/3/5/7/5/2/3 3 3,Z,-0.5,6,SLEEP,Z,0.04365212,0.1320147
3/7/7/3/5/7/5/6/4 3 3,Z,-0.60,6,SLEEP,Z,0.06796074,0.3197055
3/7/7/3/5/7/5/6/2 3 3,Z,-0.60,6,SLEEP,Z,0.05813333,0.2110174
3/7/7/3/5/7/5/6/1 3 3,Z,-0.60,6,SLEEP,Z,0.05251386,0.2060839
3/7/7/3/5/7/5/5/4 3 3,X,-0.5555555555555555555555555555,4,SLEEP,Z,0.07310844,0.2905307
3/7/7/3/5/7/5/5/2 3 3,X,-0.5,6,SLEEP,Z,0.05619158,0.2088768
3/7/7/3/5/7/5/5/1 3 3,Z,-0.5,4,SLEEP,Z,0.05459564,0.2508067
3/7/7/3/5/7/5/3/4 3 3,X,-0.5555555555555555555555555555,4,SLEEP,Z,0.03908681,0.1801496
3/7/7/3/5/7/5/3/2 3 3,X,-0.5,4,SLEEP,Z,0.03057014,0.1393619
3/7/7/3/5/7/5/3/1 3 3,Z,-0.5,2,SLEEP,Z,0.03100109,0.08596689
3/7/7/3/5/7/3/2/6 3 3,X,-0.8333333333333333333333333333,6,SLEEP,Z,0.119068,0.383138
3/7/7/3/5/7/3/2/5 3 3,Z,-0.5,4,SLEEP,Z,0.04196914,0.1483587
3/7/7/3/5/7/3/2/3 3 3,Z,-0.5,4,SLEEP,Z,0.07468446,0.1911817
3/7/7/3/5/7/3/6/4 3 3,X,-0.8333333333333333333333333333,4,SLEEP,Z,0.03271412,0.1377325
3/7/7/3/5/7/3/6/2 3 3,Z,-0.60,4,SLEEP,Z,0.04619532,0.1919206
3/7/7/3/5/7/3/6/1 3 3,Z,-0.60,4,SLEEP,Z,0.04493032,0.1798129
3/7/7/3/5/7/3/5/4 3 3,X,-0.8333333333333333333333333333,6,SLEEP,Z,0.08701793,0.283739
3/7/7/3/5/7/3/5/2 3 3,Z,-0.5,4,SLEEP,Z,0.0446502,0.1640721
3/7/7/3/5/7/3/5/1 3 3,Z,-0.5,2,SLEEP,Z,0.01928101,0.08053039
3/7/7/3/5/7/3/3/4 3 3,X,-0.8333333333333333333333333333,4,SLEEP,Z,0.02446486,0.1031907
3/7/7/3/5/7/3/3/2 3 3,X,-0.5,4,SLEEP,Z,0.02340575,0.09979977
3/7/7/3/5/7/3/3/1 3 3,Z,-0.5,2,SLEEP,Z,0.04675899,0.1794753
3/7/7/3/5/7/7/2/4 3 3,X,-0.5555555555555555555555555555,6,SLEEP,Z,0.1309512,0.3328078
3/7/7/3/5/7/7/2/2 3 3,X,-0.5,4,SLEEP,Z,0.04299499,0.1777559
3/7/7/3/5/7/7/2/1 3 3,Z,-0.5,2,SLEEP,Z,0.02230951,0.1019514
3/7/7/3/3/2/2/7/7 3 3,Z,-0.5,6,SLEEP,Z,0.05313347,0.14775
3/7/7/3/3/2/6/6/7 3 3,X,-0.625,4,SLEEP,Z,0.05230976,0.1682307
3/7/7/3/3/2/6/5/7 3 3,X,-0.625,6,SLEEP,Z,0.114793,0.3822723
3/7/7/3/3/2/6/3/7 3 3,X,-0.625,4,SLEEP,Z,0.04575647,0.1656052
3/7/7/3/3/2/6/7/6 3 3,X,-0.75,8,SLEEP,Z,0.09889452,0.3447593
3/7/7/3/3/2/6/7/5 3 3,X,-0.625,4,SLEEP,Z,0.05015064,0.1599532
3/7/7/3/3/2/6/7/3 3 3,X,0.7,4,SLEEP,Z,0.1386567,0.2488774
3/7/7/3/3/2/5/6/7 3 3,Z,-0.60,6,SLEEP,Z,0.1287621,0.4548285
3/7/7/3/3/2/5/5/7 3 3,Z,-0.5,2,SLEEP,Z,0.03297573,0.1247732
3/7/7/3/3/2/5/3/7 3 3,X,-0.5,20,SLEEP,Z,0.0553393,0.1945856
3/7/7/3/3/2/5/7/6 3 3,X,-0.625,6,SLEEP,Z,0.04189619,0.1386115
3/7/7/3/3/2/5/7/5 3 3,Z,-0.5,2,SLEEP,Z,0.04588929,0.1658356
3/7/7/3/3/2/5/7/3 3 3,Z,-0.5,4,SLEEP,Z,0.06292853,0.1861245
3/7/7/3/3/2/3/6/7 3 3,Z,-0.60,6,SLEEP,Z,0.07613997,0.2108016
3/7/7/3/3/2/3/5/7 3 3,Z,-0.5,6,SLEEP,Z,0.05904579,0.08915326
3/7/7/3/3/2/3/3/7 3 3,X,-0.5,8,SLEEP,Z,0.04868374,0.1208671
3/7/7/3/3/2/3/7/6 3 3,X,-0.7,6,SLEEP,Z,0.06696157,0.2364164
3/7/7/3/3/2/3/7/5 3 3,Z,-0.5,4,SLEEP,Z,0.03755099,0.1315935
3/7/7/3/3/2/3/7/3 3 3,Z,-0.5,2,SLEEP,Z,0.020466,0.0830902
3/7/7/3/3/2/7/2/7 3 3,Z,-0.5,8,SLEEP,Z,0.05358723,0.2029877
3/7/7/3/3/2/7/6/6 3 3,X,-0.625,8,SLEEP,Z,0.1273045,0.3946932
3/7/7/3/3/2/7/6/5 3 3,Z,-0.60,8,SLEEP,Z,0.1218136,0.3455168
3/7/7/3/3/2/7/6/3 3 3,Z,-0.60,6,SLEEP,Z,0.1327999,0.2934168
3/7/7/3/3/2/7/5/6 3 3,X,-0.625,4,SLEEP,Z,0.05771746,0.1973531
3/7/7/3/3/2/7/5/5 3 3,Z,-0.5,4,SLEEP,Z,0.05079534,0.1942802
3/7/7/3/3/2/7/5/3 3 3,Z,-0.5,4,SLEEP,Z,0.03797665,0.1239727
3/7/7/3/3/2/7/3/6 3 3,X,-0.625,4,SLEEP,Z,0.06129897,0.2118943
3/7/7/3/3/2/7/3/5 3 3,X,-0.5,4,SLEEP,Z,0.07301503,0.2528776
3/7/7/3/3/2/7/3/3 3 3,Z,-0.5,6,SLEEP,Z,0.0513841,0.2032171
3/7/7/3/3/2/7/7/4 3 3,X,-0.625,4,SLEEP,Z,0.0404684,0.1672459
3/7/7/3/3/2/7/7/2 3 3,Z,-0.5,4,SLEEP,Z,0.09142084,0.2706622
3/7/7/3/3/2/7/7/1 3 3,Z,-0.5,6,SLEEP,Z,0.06786823,0.2412593
3/7/7/3/3/6/2/6/7 3 3,Z,-0.7,4,SLEEP,Z,0.06228899,0.1958476
3/7/7/3/3/6/2/5/7 3 3,Z,-0.60,6,SLEEP,Z,0.06715284,0.2287203
3/7/7/3/3/6/2/3/7 3 3,Z,0.6666666666666666666666666667,4,SLEEP,Z,0.044156,0.143493
3/7/7/3/3/6/2/7/6 3 3,X,-0.625,6,SLEEP,Z,0.101481,0.3562927
3/7/7/3/3/6/2/7/5 3 3,Z,-0.60,4,SLEEP,Z,0.08618905,0.2756064
3/7/7/3/3/6/2/7/3 3 3,Z,-0.60,4,SLEEP,Z,0.05111164,0.1699909
3/7/7/3/3/6/6/2/7 3 3,X,-0.625,4,SLEEP,Z,0.0521479,0.1977578
3/7/7/3/3/6/6/6/6 3 3,X,-0.75,6,SLEEP,Z,0.09652923,0.2887376
3/7/7/3/3/6/6/6/5 3 3,Z,-0.7,8,SLEEP,Z,0.1729148,0.4065089
3/7/7/3/3/6/6/6/3 3 3,X,0.75,4,SLEEP,Z,0.06558292,0.2049929
3/7/7/3/3/6/6/5/6 3 3,X,-0.75,6,SLEEP,Z,0.0793811,0.3053455
3/7/7/3/3/6/6/5/5 3 3,X,-0.625,4,SLEEP,Z,0.03670875,0.1553409
3/7/7/3/3/6/6/5/3 3 3,X,0.75,4,SLEEP,Z,0.04255714,0.1339807
3/7/7/3/3/6/6/3/6 3 3,X,-0.75,8,SLEEP,Z,0.07456996,0.3046572
3/7/7/3/3/6/6/3/5 3 3,Z,0.6666666666666666666666666667,4,SLEEP,Z,0.04275222,0.1629073
3/7/7/3/3/6/6/3/3 3 3,X,0.75,4,SLEEP,Z,0.03147754,0.1032051
3/7/7/3/3/6/6/7/4 3 3,X,-0.75,6,SLEEP,Z,0.1192981,0.3696512
3/7/7/3/3/6/6/7/2 3 3,X,-0.625,6,SLEEP,Z,0.07752632,0.3052732
3/7/7/3/3/6/6/7/1 3 3,X,0.75,4,SLEEP,Z,0.07712155,0.2547341
3/7/7/3/3/6/5/2/7 3 3,Z,-0.60,6,SLEEP,Z,0.06781761,0.2567764
3/7/7/3/3/6/5/6/6 3 3,Z,-0.7,6,SLEEP,Z,0.1610241,0.4335575
3/7/7/3/3/6/5/6/5 3 3,Z,-0.7,6,SLEEP,Z,0.07574628,0.2896096
3/7/7/3/3/6/5/6/3 3 3,Z,-0.7,4,SLEEP,Z,0.08884708,0.2662646
3/7/7/3/3/6/5/5/6 3 3,X,-0.625,4,SLEEP,Z,0.05686465,0.23768
3/7/7/3/3/6/5/5/5 3 3,Z,-0.60,2,SLEEP,Z,0.02611096,0.1158181
3/7/7/3/3/6/5/5/3 3 3,Z,-0.60,4,SLEEP,Z,0.05945711,0.3466112
3/7/7/3/3/6/5/3/6 3 3,Z,0.6666666666666666666666666667,4,SLEEP,Z,0.08889215,0.2904231
3/7/7/3/3/6/5/3/5 3 3,Z,0.6666666666666666666666666667,6,SLEEP,Z,0.03522661,0.1565182
3/7/7/3/3/6/5/3/3 3 3,Z,0.6666666666666666666666666667,4,SLEEP,Z,0.02613069,0.09644229
3/7/7/3/3/6/5/7/4 3 3,X,-0.625,6,SLEEP,Z,0.08861575,0.2598393
3/7/7/3/3/6/5/7/2 3 3,Z,-0.60,6,SLEEP,Z,0.03939299,0.1662621
3/7/7/3/3/6/5/7/1 3 3,Z,-0.60,6,SLEEP,Z,0.04539606,0.1397049
3/7/7/3/3/6/3/2/7 3 3,Z,-0.60,6,SLEEP,Z,0.06855386,0.2073197
3/7/7/3/3/6/3/6/6 3 3,X,-0.75,8,SLEEP,Z,0.09782545,0.2880006
3/7/7/3/3/6/3/6/5 3 3,Z,-0.7,8,SLEEP,Z,0.07480634,0.2385945
3/7/7/3/3/6/3/6/3 3 3,Z,-0.7,4,SLEEP,Z,0.01713452,0.05543669
3/7/7/3/3/6/3/5/6 3 3,X,-0.75,6,SLEEP,Z,0.05292042,0.1842869
3/7/7/3/3/6/3/5/5 3 3,Z,-0.60,4,SLEEP,Z,0.04441186,0.1657972
3/7/7/3/3/6/3/5/3 3 3,Z,-0.60,6,SLEEP,Z,0.03108231,0.1090842
3/7/7/3/3/6/3/3/6 3 3,X,-0.75,4,SLEEP,Z,0.05055268,0.1899635
3/7/7/3/3/6/3/3/5 3 3,Z,0.6666666666666666666666666667,4,SLEEP,Z,0.02937088,0.113032
3/7/7/3/3/6/3/3/3 3 3,Z,0.6666666666666666666666666667,2,SLEEP,Z,0.02231338,0.08389106
3/7/7/3/3/6/3/7/4 3 3,X,-0.75,6,SLEEP,Z,0.05976778,0.2144079
3/7/7/3/3/6/3/7/2 3 3,Z,-0.60,6,SLEEP,Z,0.02974632,0.101016
3/7/7/3/3/6/3/7/1 3 3,Z,-0.60,2,SLEEP,Z,0.01792377,0.07074845
3/7/7/3/3/6/7/2/6 3 3,X,-0.625,6,SLEEP,Z,0.06670997,0.2209695
3/7/7/3/3/6/7/2/5 3 3,Z,-0.60,6,SLEEP,Z,0.07138766,0.2411436
3/7/7/3/3/6/7/2/3 3 3,Z,-0.60,8,SLEEP,Z,0.05079778,0.1425829
3/7/7/3/3/6/7/6/4 3 3,Z,-0.7,8,SLEEP,Z,0.07855884,0.2536077
3/7/7/3/3/6/7/6/2 3 3,Z,-0.7,8,SLEEP,Z,0.04881884,0.1790939
3/7/7/3/3/6/7/6/1 3 3,Z,-0.7,4,SLEEP,Z,0.03422182,0.1284943
3/7/7/3/3/6/7/5/4 3 3,X,-0.625,4,SLEEP,Z,0.06296066,0.1970543
3/7/7/3/3/6/7/5/2 3 3,Z,-0.60,6,SLEEP,Z,0.06258077,0.2236615
3/7/7/3/3/6/7/5/1 3 3,Z,-0.60,4,SLEEP,Z,0.03971229,0.1520641
3/7/7/3/3/6/7/3/4 3 3,Z,0.6666666666666666666666666666,4,SLEEP,Z,0.04152479,0.1652377
3/7/7/3/3/6/7/3/2 3 3,Z,0.6666666666666666666666666666,4,SLEEP,Z,0.04850064,0.1770602
3/7/7/3/3/6/7/3/1 3 3,Z,0.6666666666666666666666666666,4,SLEEP,Z,0.04038823,0.1466563
3/7/7/3/3/5/2/6/7 3 3,Z,-0.60,6,SLEEP,Z,0.05461881,0.1847121
3/7/7/3/3/5/2/5/7 3 3,Z,-0.5,8,SLEEP,Z,0.08503971,0.2760812
3/7/7/3/3/5/2/3/7 3 3,X,-0.5,2,SLEEP,Z,0.03349257,0.116486
3/7/7/3/3/5/2/7/6 3 3,X,-0.625,4,SLEEP,Z,0.1476787,0.372078
3/7/7/3/3/5/2/7/5 3 3,Z,-0.5,6,SLEEP,Z,0.09461538,0.3726829
3/7/7/3/3/5/2/7/3 3 3,Z,-0.5,2,SLEEP,Z,0.02184661,0.0824019
3/7/7/3/3/5/6/2/7 3 3,X,-0.625,4,SLEEP,Z,0.05034373,0.2011385
3/7/7/3/3/5/6/6/6 3 3,X,-0.75,10,SLEEP,Z,0.1758541,0.4386639
3/7/7/3/3/5/6/6/5 3 3,X,-0.625,6,SLEEP,Z,0.05775139,0.2543058
3/7/7/3/3/5/6/6/3 3 3,X,0.75,6,SLEEP,Z,0.06946825,0.217064
3/7/7/3/3/5/6/5/6 3 3,X,-0.75,8,SLEEP,Z,0.07799751,0.2751919
3/7/7/3/3/5/6/5/5 3 3,X,-0.625,6,SLEEP,Z,0.03953222,0.1399181
3/7/7/3/3/5/6/5/3 3 3,X,0.75,4,SLEEP,Z,0.04906169,0.1362518
3/7/7/3/3/5/6/3/6 3 3,X,-0.75,6,SLEEP,Z,0.06622119,0.2541553
3/7/7/3/3/5/6/3/5 3 3,X,-0.625,4,SLEEP,Z,0.03855966,0.1603643
3/7/7/3/3/5/6/3/3 3 3,X,0.75,4,SLEEP,Z,0.04987084,0.143837
3/7/7/3/3/5/6/7/4 3 3,X,-0.75,8,SLEEP,Z,0.1153746,0.3800267
3/7/7/3/3/5/6/7/2 3 3,X,-0.625,4,SLEEP,Z,0.04230386,0.1597895
3/7/7/3/3/5/6/7/1 3 3,X,0.75,4,SLEEP,Z,0.03584812,0.1393625
3/7/7/3/3/5/5/2/7 3 3,Z,-0.5,6,SLEEP,Z,0.07883041,0.2286529
3/7/7/3/3/5/5/6/6 3 3,X,-0.625,8,SLEEP,Z,0.1081387,0.363585
3/7/7/3/3/5/5/6/5 3 3,Z,-0.60,6,SLEEP,Z,0.03778408,0.1391168
3/7/7/3/3/5/5/6/3 3 3,Z,-0.60,6,SLEEP,Z,0.06295361,0.1408504
3/7/7/3/3/5/5/5/6 3 3,X,-0.625,4,SLEEP,Z,0.04159152,0.1644332
3/7/7/3/3/5/5/5/5 3 3,Z,-0.5,4,SLEEP,Z,0.0381403,0.1350289
3/7/7/3/3/5/5/5/3 3 3,Z,-0.5,4,SLEEP,Z,0.03824812,0.1576442
3/7/7/3/3/5/5/3/6 3 3,X,-0.625,4,SLEEP,Z,0.06041472,0.2242702
3/7/7/3/3/5/5/3/5 3 3,X,-0.5,4,SLEEP,Z,0.0645575,0.2085124
3/7/7/3/3/5/5/3/3 3 3,Z,-0.5,4,SLEEP,Z,0.03193128,0.1310261
3/7/7/3/3/5/5/7/4 3 3,X,-0.625,6,SLEEP,Z,0.05275167,0.1882052
3/7/7/3/3/5/5/7/2 3 3,Z,-0.5,4,SLEEP,Z,0.03953304,0.1481014
3/7/7/3/3/5/5/7/1 3 3,Z,-0.5,2,SLEEP,Z,0.02646379,0.1131768
3/7/7/3/3/5/3/2/7 3 3,Z,-0.5,4,SLEEP,Z,0.0402657,0.1490081
3/7/7/3/3/5/3/6/6 3 3,X,-0.75,4,SLEEP,Z,0.05732024,0.141318
3/7/7/3/3/5/3/6/5 3 3,Z,-0.60,4,SLEEP,Z,0.03096253,0.1295359
3/7/7/3/3/5/3/6/3 3 3,Z,-0.60,6,SLEEP,Z,0.03501709,0.1079235
3/7/7/3/3/5/3/5/6 3 3,X,-0.75,4,SLEEP,Z,0.04282039,0.1432088
3/7/7/3/3/5/3/5/5 3 3,Z,-0.5,6,SLEEP,Z,0.02865786,0.1060845
3/7/7/3/3/5/3/5/3 3 3,Z,-0.5,2,SLEEP,Z,0.02079991,0.07331292
3/7/7/3/3/5/3/3/6 3 3,X,-0.75,4,SLEEP,Z,0.03722104,0.1322101
3/7/7/3/3/5/3/3/5 3 3,X,-0.5,2,SLEEP,Z,0.03775426,0.1484039
3/7/7/3/3/5/3/3/3 3 3,Z,-0.5,2,SLEEP,Z,0.05847051,0.3299637
3/7/7/3/3/5/3/7/4 3 3,X,-0.75,4,SLEEP,Z,0.05769502,0.188397
3/7/7/3/3/5/3/7/2 3 3,Z,-0.5,4,SLEEP,Z,0.0477815,0.1774329
3/7/7/3/3/5/3/7/1 3 3,Z,-0.5,2,SLEEP,Z,0.04010608,0.1118562
3/7/7/3/3/5/7/2/6 3 3,X,-0.625,6,SLEEP,Z,0.07049507,0.2423887
3/7/7/3/3/5/7/2/5 3 3,Z,-0.5,4,SLEEP,Z,0.03527517,0.1525512
3/7/7/3/3/5/7/2/3 3 3,Z,-0.5,2,SLEEP,Z,0.04398482,0.1399628
3/7/7/3/3/5/7/6/4 3 3,X,-0.625,8,SLEEP,Z,0.1441818,0.4187706
3/7/7/3/3/5/7/6/2 3 3,Z,-0.60,4,SLEEP,Z,0.04252641,0.1684046
3/7/7/3/3/5/7/6/1 3 3,Z,-0.60,4,SLEEP,Z,0.02651148,0.1159928
3/7/7/3/3/5/7/5/4 3 3,X,-0.625,6,SLEEP,Z,0.143558,0.4258914
3/7/7/3/3/5/7/5/2 3 3,Z,-0.5,4,SLEEP,Z,0.04278956,0.1597991
3/7/7/3/3/5/7/5/1 3 3,Z,-0.5,2,SLEEP,Z,0.03136773,0.1305466
3/7/7/3/3/5/7/3/4 3 3,X,-0.625,6,SLEEP,Z,0.1134249,0.319416
3/7/7/3/3/5/7/3/2 3 3,X,-0.5,4,SLEEP,Z,0.04612438,0.1726905
3/7/7/3/3/5/7/3/1 3 3,Z,-0.5,2,SLEEP,Z,0.02481217,0.1128651
3/7/7/3/3/3/2/6/7 3 3,Z,-0.6666666666666666666666666667,6,SLEEP,Z,0.1800468,0.258627
3/7/7/3/3/3/2/5/7 3 3,X,-0.5,8,SLEEP,Z,0.08610656,0.2827008
3/7/7/3/3/3/2/3/7 3 3,X,-0.5,4,SLEEP,Z,0.04933323,0.1870993
3/7/7/3/3/3/2/7/6 3 3,X,-0.625,6,SLEEP,Z,0.1319731,0.3363684
3/7/7/3/3/3/2/7/5 3 3,X,-0.5,4,SLEEP,Z,0.07436155,0.2565911
3/7/7/3/3/3/2/7/3 3 3,Z,-0.5,6,SLEEP,Z,0.1585645,0.2050879
3/7/7/3/3/3/6/2/7 3 3,X,-0.625,4,SLEEP,Z,0.04261044,0.1720672
3/7/7/3/3/3/6/6/6 3 3,X,-0.75,8,SLEEP,Z,0.09023967,0.3250525
3/7/7/3/3/3/6/6/5 3 3,Z,-0.6666666666666666666666666667,6,SLEEP,Z,0.1299095,0.3625988
3/7/7/3/3/3/6/6/3 3 3,X,0.75,6,SLEEP,Z,0.05970218,0.1733933
3/7/7/3/3/3/6/5/6 3 3,X,-0.75,6,SLEEP,Z,0.09003916,0.2773166
3/7/7/3/3/3/6/5/5 3 3,X,-0.625,6,SLEEP,Z,0.08808561,0.2751151
3/7/7/3/3/3/6/5/3 3 3,X,0.75,4,SLEEP,Z,0.04389507,0.163948
3/7/7/3/3/3/6/3/6 3 3,X,-0.75,8,SLEEP,Z,0.1029341,0.4032092
3/7/7/3/3/3/6/3/5 3 3,X,-0.625,8,SLEEP,Z,0.05413594,0.2182546
3/7/7/3/3/3/6/3/3 3 3,X,0.75,2,SLEEP,Z,0.03471252,0.1157261
3/7/7/3/3/3/6/7/4 3 3,X,-0.75,8,SLEEP,Z,0.08139036,0.3120032
3/7/7/3/3/3/6/7/2 3 3,X,-0.625,4,SLEEP,Z,0.03898458,0.1519819
3/7/7/3/3/3/6/7/1 3 3,X,0.75,4,SLEEP,Z,0.04523883,0.1796817
3/7/7/3/3/3/5/2/7 3 3,X,-0.5,4,SLEEP,Z,0.07949855,0.1810691
3/7/7/3/3/3/5/6/6 3 3,Z,-0.6666666666666666666666666667,6,SLEEP,Z,0.1143402,0.316499
3/7/7/3/3/3/5/6/5 3 3,Z,-0.6666666666666666666666666667,4,SLEEP,Z,0.05093864,0.1993383
3/7/7/3/3/3/5/6/3 3 3,Z,-0.6666666666666666666666666667,2,SLEEP,Z,0.01823398,0.07768791
3/7/7/3/3/3/5/5/6 3 3,X,-0.625,6,SLEEP,Z,0.104295,0.3148919
3/7/7/3/3/3/5/5/5 3 3,X,-0.5,6,SLEEP,Z,0.1106887,0.30464
3/7/7/3/3/3/5/5/3 3 3,Z,-0.5,2,SLEEP,Z,0.02033926,0.07827336
3/7/7/3/3/3/5/3/6 3 3,X,-0.625,4,SLEEP,Z,0.05315384,0.1423297
3/7/7/3/3/3/5/3/5 3 3,X,-0.5,4,SLEEP,Z,0.04185102,0.1736125
3/7/7/3/3/3/5/3/3 3 3,Z,-0.5,4,SLEEP,Z,0.03553922,0.1482818
3/7/7/3/3/3/5/7/4 3 3,X,-0.625,6,SLEEP,Z,0.1019575,0.3599154
3/7/7/3/3/3/5/7/2 3 3,X,-0.5,4,SLEEP,Z,0.03862312,0.165485
3/7/7/3/3/3/5/7/1 3 3,Z,-0.5,4,SLEEP,Z,0.04884472,0.1812656
3/7/7/3/3/3/3/2/7 3 3,Z,-0.5,4,SLEEP,Z,0.02297997,0.08344337
3/7/7/3/3/3/3/6/6 3 3,X,-0.75,6,SLEEP,Z,0.06726379,0.246033
3/7/7/3/3/3/3/6/5 3 3,Z,-0.6666666666666666666666666667,8,SLEEP,Z,0.03264386,0.1197836
3/7/7/3/3/3/3/6/3 3 3,Z,-0.6666666666666666666666666667,6,SLEEP,Z,0.03421422,0.1095146
3/7/7/3/3/3/3/5/6 3 3,X,-0.75,4,SLEEP,Z,0.03328821,0.1264123
3/7/7/3/3/3/3/5/5 3 3,Z,-0.5,2,SLEEP,Z,0.03906716,0.1470511
3/7/7/3/3/3/3/5/3 3 3,Z,-0.5,4,SLEEP,Z,0.089886,0.3458841
3/7/7/3/3/3/3/3/6 3 3,X,-0.75,4,SLEEP,Z,0.06495407,0.2195624
3/7/7/3/3/3/3/3/5 3 3,X,-0.5,4,SLEEP,Z,0.03641203,0.1369132
3/7/7/3/3/3/3/3/3 3 3,Z,-0.5,2,SLEEP,Z,0.02070803,0.07433352
3/7/7/3/3/3/3/7/4 3 3,X,-0.75,4,SLEEP,Z,0.0419184,0.1509852
3/7/7/3/3/3/3/7/2 3 3,Z,-0.5,2,SLEEP,Z,0.0218579,0.08426699
3/7/7/3/3/3/3/7/1 3 3,Z,-0.5,4,SLEEP,Z,0.02209459,0.09401888
3/7/7/3/3/3/7/2/6 3 3,X,-0.625,4,SLEEP,Z,0.03534803,0.1477244
3/7/7/3/3/3/7/2/5 3 3,X,-0.5,6,SLEEP,Z,0.04280857,0.1751845
3/7/7/3/3/3/7/2/3 3 3,Z,-0.5,2,SLEEP,Z,0.02214617,0.08160643
3/7/7/3/3/3/7/6/4 3 3,Z,-0.6666666666666666666666666666,6,SLEEP,Z,0.07445085,0.2687684
3/7/7/3/3/3/7/6/2 3 3,Z,-0.6666666666666666666666666666,6,SLEEP,Z,0.02664581,0.1035757
3/7/7/3/3/3/7/6/1 3 3,Z,-0.6666666666666666666666666666,6,SLEEP,Z,0.06156977,0.1818049
3/7/7/3/3/3/7/5/4 3 3,X,-0.625,4,SLEEP,Z,0.09091431,0.346331
3/7/7/3/3/3/7/5/2 3 3,X,-0.5,6,SLEEP,Z,0.08582953,0.2729667
3/7/7/3/3/3/7/5/1 3 3,Z,-0.5,6,SLEEP,Z,0.06244063,0.1724429
3/7/7/3/3/3/7/3/4 3 3,X,-0.625,6,SLEEP,Z,0.05110482,0.2064972
3/7/7/3/3/3/7/3/2 3 3,X,-0.5,4,SLEEP,Z,0.03472173,0.1392807
3/7/7/3/3/3/7/3/1 3 3,Z,-0.5,8,SLEEP,Z,0.03107962,0.09223467
3/7/7/3/3/7/2/2/7 3 3,Z,-0.5,4,SLEEP,Z,0.04921761,0.1818477
3/7/7/3/3/7/2/6/6 3 3,X,-0.625,8,SLEEP,Z,0.1079661,0.3106044
3/7/7/3/3/7/2/6/5 3 3,Z,-0.60,6,SLEEP,Z,0.0455174,0.1722293
3/7/7/3/3/7/2/6/3 3 3,Z,-0.60,6,SLEEP,Z,0.04356129,0.1592828
3/7/7/3/3/7/2/5/6 3 3,X,-0.625,6,SLEEP,Z,0.05048091,0.1919139
3/7/7/3/3/7/2/5/5 3 3,Z,-0.5,4,SLEEP,Z,0.0393391,0.1354563
3/7/7/3/3/7/2/5/3 3 3,Z,-0.5,4,SLEEP,Z,0.07601852,0.1479031
3/7/7/3/3/7/2/3/6 3 3,X,-0.625,4,SLEEP,Z,0.06649908,0.2290518
3/7/7/3/3/7/2/3/5 3 3,X,-0.5,4,SLEEP,Z,0.04933894,0.172146
3/7/7/3/3/7/2/3/3 3 3,X,0.5,4,SLEEP,Z,0.01966667,0.06708086
3/7/7/3/3/7/2/7/4 3 3,X,-0.625,6,SLEEP,Z,0.1996825,0.4238132
3/7/7/3/3/7/2/7/2 3 3,Z,-0.5,6,SLEEP,Z,0.08955302,0.2590674
3/7/7/3/3/7/2/7/1 3 3,Z,-0.5,4,SLEEP,Z,0.05963718,0.1564607
3/7/7/3/3/7/6/2/6 3 3,X,-0.75,8,SLEEP,Z,0.0589442,0.238672
3/7/7/3/3/7/6/2/5 3 3,X,-0.625,4,SLEEP,Z,0.03541909,0.1413243
3/7/7/3/3/7/6/2/3 3 3,X,0.8333333333333333333333333333,4,SLEEP,Z,0.0300366,0.1106206
3/7/7/3/3/7/6/6/4 3 3,X,-0.75,8,SLEEP,Z,0.1619832,0.5008352
3/7/7/3/3/7/6/6/2 3 3,X,-0.625,6,SLEEP,Z,0.05594664,0.2124532
3/7/7/3/3/7/6/6/1 3 3,X,0.8333333333333333333333333333,2,SLEEP,Z,0.03251466,0.134479
3/7/7/3/3/7/6/5/4 3 3,X,-0.75,4,SLEEP,Z,0.04606352,0.1899229
3/7/7/3/3/7/6/5/2 3 3,X,-0.625,4,SLEEP,Z,0.04605167,0.1731425
3/7/7/3/3/7/6/5/1 3 3,X,0.8333333333333333333333333333,4,SLEEP,Z,0.03822739,0.1437063
3/7/7/3/3/7/6/3/4 3 3,X,-0.75,6,SLEEP,Z,0.09056881,0.343113
3/7/7/3/3/7/6/3/2 3 3,X,-0.625,6,SLEEP,Z,0.09848043,0.3140292
3/7/7/3/3/7/6/3/1 3 3,X,0.8333333333333333333333333333,4,SLEEP,Z,0.07218697,0.2394357
3/7/7/3/3/7/5/2/6 3 3,X,-0.625,4,SLEEP,Z,0.05183496,0.1804461
3/7/7/3/3/7/5/2/5 3 3,Z,-0.5,4,SLEEP,Z,0.02912561,0.12923
3/7/7/3/3/7/5/2/3 3 3,Z,-0.5,6,SLEEP,Z,0.05594632,0.1677807
3/7/7/3/3/7/5/6/4 3 3,X,-0.625,8,SLEEP,Z,0.1264115,0.3823599
3/7/7/3/3/7/5/6/2 3 3,Z,-0.60,4,SLEEP,Z,0.02808759,0.1134171
3/7/7/3/3/7/5/6/1 3 3,Z,-0.60,4,SLEEP,Z,0.0374664,0.1561166
3/7/7/3/3/7/5/5/4 3 3,X,-0.625,6,SLEEP,Z,0.06186335,0.2261424
3/7/7/3/3/7/5/5/2 3 3,Z,-0.5,4,SLEEP,Z,0.03796474,0.1441063
3/7/7/3/3/7/5/5/1 3 3,Z,-0.5,4,SLEEP,Z,0.08013444,0.2738985
3/7/7/3/3/7/5/3/4 3 3,X,-0.625,4,SLEEP,Z,0.03750484,0.1614785
3/7/7/3/3/7/5/3/2 3 3,X,-0.5,2,SLEEP,Z,0.02834501,0.1163155
3/7/7/3/3/7/5/3/1 3 3,Z,-0.5,4,SLEEP,Z,0.0562291,0.1779985
3/7/7/3/3/7/3/2/6 3 3,X,-0.8333333333333333333333333333,4,SLEEP,Z,0.05633827,0.1995832
3/7/7/3/3/7/3/2/5 3 3,Z,-0.5,6,SLEEP,Z,0.03475695,0.1383543
3/7/7/3/3/7/3/2/3 3 3,Z,-0.5,2,SLEEP,Z,0.01550992,0.06068792
3/7/7/3/3/7/3/6/4 3 3,X,-0.8333333333333333333333333333,4,SLEEP,Z,0.08192857,0.2464346
3/7/7/3/3/7/3/6/2 3 3,Z,-0.60,4,SLEEP,Z,0.08903354,0.2271776
3/7/7/3/3/7/3/6/1 3 3,Z,-0.60,4,SLEEP,Z,0.02975817,0.1103758
3/7/7/3/3/7/3/5/4 3 3,X,-0.8333333333333333333333333333,6,SLEEP,Z,0.05407304,0.2059247
3/7/7/3/3/7/3/5/2 3 3,Z,-0.5,4,SLEEP,Z,0.02802943,0.1157462
3/7/7/3/3/7/3/5/1 3 3,Z,-0.5,2,SLEEP,Z,0.01343572,0.05210132
3/7/7/3/3/7/3/3/4 3 3,X,-0.8333333333333333333333333333,4,SLEEP,Z,0.04906146,0.1705918
3/7/7/3/3/7/3/3/2 3 3,X,-0.5,2,SLEEP,Z,0.02062644,0.08348635
3/7/7/3/3/7/3/3/1 3 3,Z,-0.5,2,SLEEP,Z,0.01468022,0.06635118
3/7/7/3/3/7/7/2/4 3 3,X,-0.625,4,SLEEP,Z,0.03889254,0.169862
3/7/7/3/3/7/7/2/2 3 3,Z,-0.5,2,SLEEP,Z,0.02555681,0.09933484
3/7/7/3/3/7/7/2/1 3 3,Z,-0.5,4,SLEEP,Z,0.02127266,0.08190872
3/7/7/3/7/2/2/6/7 3 3,Z,-0.6,6,SLEEP,Z,0.04756475,0.1356468
3/7/7/3/7/2/2/5/7 3 3,X,-0.5,4,SLEEP,Z,0.04100055,0.154708
3/7/7/3/7/2/2/3/7 3 3,X,-0.5,2,SLEEP,Z,0.03749047,0.1312125
3/7/7/3/7/2/2/7/6 3 3,X,-0.5555555555555555555555555555,6,SLEEP,Z,0.09491357,0.3840294
3/7/7/3/7/2/2/7/5 3 3,X,-0.5,4,SLEEP,Z,0.04014664,0.1383924
3/7/7/3/7/2/2/7/3 3 3,Z,-0.5,2,SLEEP,Z,0.02879427,0.09696365
3/7/7/3/7/2/6/2/7 3 3,X,-0.5555555555555555555555555555,6,SLEEP,Z,0.05597969,0.2185512
3/7/7/3/7/2/6/6/6 3 3,X,-0.6111111111111111111111111112,8,SLEEP,Z,0.06732135,0.2725019
3/7/7/3/7/2/6/6/5 3 3,Z,-0.6,6,SLEEP,Z,0.04445476,0.1489018
3/7/7/3/7/2/6/6/3 3 3,X,0.75,6,SLEEP,Z,0.03999776,0.1651133
3/7/7/3/7/2/6/5/6 3 3,X,-0.6111111111111111111111111112,8,SLEEP,Z,0.08234629,0.3893202
3/7/7/3/7/2/6/5/5 3 3,X,-0.5555555555555555555555555555,6,SLEEP,Z,0.05361049,0.2559897
3/7/7/3/7/2/6/5/3 3 3,X,0.75,6,SLEEP,Z,0.03996286,0.1407089
3/7/7/3/7/2/6/3/6 3 3,X,-0.6111111111111111111111111112,8,SLEEP,Z,0.09694687,0.3985935
3/7/7/3/7/2/6/3/5 3 3,X,-0.5555555555555555555555555555,8,SLEEP,Z,0.05355471,0.2211822
3/7/7/3/7/2/6/3/3 3 3,X,0.75,2,SLEEP,Z,0.02537477,0.09516229
3/7/7/3/7/2/6/7/4 3 3,X,-0.6111111111111111111111111112,6,SLEEP,Z,0.06027398,0.2725565
3/7/7/3/7/2/6/7/2 3 3,X,-0.5555555555555555555555555555,4,SLEEP,Z,0.05712395,0.128917
3/7/7/3/7/2/6/7/1 3 3,X,0.75,4,SLEEP,Z,0.02438281,0.1019635
3/7/7/3/7/2/5/2/7 3 3,X,-0.5,6,SLEEP,Z,0.04859414,0.1950447
3/7/7/3/7/2/5/6/6 3 3,Z,-0.6,6,SLEEP,Z,0.0541001,0.1986657
3/7/7/3/7/2/5/6/5 3 3,Z,-0.6,6,SLEEP,Z,0.1271248,0.3337989
3/7/7/3/7/2/5/6/3 3 3,Z,-0.6,6,SLEEP,Z,0.06370045,0.2032843
3/7/7/3/7/2/5/5/6 3 3,X,-0.5555555555555555555555555555,8,SLEEP,Z,0.08512951,0.3120965
3/7/7/3/7/2/5/5/5 3 3,X,-0.5,6,SLEEP,Z,0.03233127,0.1319604
3/7/7/3/7/2/5/5/3 3 3,Z,-0.5,4,SLEEP,Z,0.04666188,0.1571875
3/7/7/3/7/2/5/3/6 3 3,X,-0.5555555555555555555555555555,6,SLEEP,Z,0.07132774,0.2904959
3/7/7/3/7/2/5/3/5 3 3,X,-0.5,4,SLEEP,Z,0.04975272,0.1250617
3/7/7/3/7/2/5/3/3 3 3,Z,-0.5,2,SLEEP,Z,0.03047539,0.1234196
3/7/7/3/7/2/5/7/4 3 3,X,-0.5555555555555555555555555555,4,SLEEP,Z,0.03869956,0.1617728
3/7/7/3/7/2/5/7/2 3 3,X,-0.5,4,SLEEP,Z,0.03340021,0.1425229
3/7/7/3/7/2/5/7/1 3 3,Z,-0.5,4,SLEEP,Z,0.04814555,0.1363715
3/7/7/3/7/2/3/2/7 3 3,Z,-0.5,4,SLEEP,Z,0.03911635,0.1829579
3/7/7/3/7/2/3/6/6 3 3,X,-0.75,6,SLEEP,Z,0.06973827,0.223055
3/7/7/3/7/2/3/6/5 3 3,Z,-0.6,4,SLEEP,Z,0.06114937,0.2466887
3/7/7/3/7/2/3/6/3 3 3,Z,-0.6,2,SLEEP,Z,0.04005996,0.1309175
3/7/7/3/7/2/3/5/6 3 3,X,-0.75,6,SLEEP,Z,0.06152291,0.2139414
3/7/7/3/7/2/3/5/5 3 3,Z,-0.5,4,SLEEP,Z,0.05151726,0.1720966
3/7/7/3/7/2/3/5/3 3 3,Z,-0.5,4,SLEEP,Z,0.05667747,0.1804523
3/7/7/3/7/2/3/3/6 3 3,X,-0.75,4,SLEEP,Z,0.03029457,0.1273598
3/7/7/3/7/2/3/3/5 3 3,X,-0.5,6,SLEEP,Z,0.04375842,0.1799446
3/7/7/3/7/2/3/3/3 3 3,Z,-0.5,4,SLEEP,Z,0.01477347,0.05892497
3/7/7/3/7/2/3/7/4 3 3,X,-0.75,6,SLEEP,Z,0.0856269,0.3480611
3/7/7/3/7/2/3/7/2 3 3,Z,-0.5,4,SLEEP,Z,0.06207711,0.2954829
3/7/7/3/7/2/3/7/1 3 3,Z,-0.5,2,SLEEP,Z,0.02121618,0.07748994
3/7/7/3/7/2/7/2/6 3 3,X,-0.5555555555555555555555555555,4,SLEEP,Z,0.03419311,0.1534477
3/7/7/3/7/2/7/2/5 3 3,X,-0.5,6,SLEEP,Z,0.04047713,0.1293896
3/7/7/3/7/2/7/2/3 3 3,Z,-0.5,4,SLEEP,Z,0.03430184,0.1305569
3/7/7/3/7/2/7/6/4 3 3,Z,-0.6,8,SLEEP,Z,0.1515344,0.3618007
3/7/7/3/7/2/7/6/2 3 3,Z,-0.6,6,SLEEP,Z,0.04543453,0.1604462
3/7/7/3/7/2/7/6/1 3 3,Z,-0.6,4,SLEEP,Z,0.02632365,0.112057
3/7/7/3/7/2/7/5/4 3 3,X,-0.5555555555555555555555555555,8,SLEEP,Z,0.07466457,0.3546406
3/7/7/3/7/2/7/5/2 3 3,X,-0.5,2,SLEEP,Z,0.03054823,0.114
3/7/7/3/7/2/7/5/1 3 3,Z,-0.5,4,SLEEP,Z,0.08284716,0.3674805
3/7/7/3/7/2/7/3/4 3 3,X,-0.5555555555555555555555555555,6,SLEEP,Z,0.04402458,0.1945735
3/7/7/3/7/2/7/3/2 3 3,X,-0.5,4,SLEEP,Z,0.03481937,0.1755493
3/7/7/3/7/2/7/3/1 3 3,Z,-0.5,4,SLEEP,Z,0.07251983,0.3515791
3/7/7/3/7/6/2/2/7 3 3,Z,-0.6,6,SLEEP,Z,0.04805855,0.1799413
3/7/7/3/7/6/2/6/6 3 3,Z,-0.7,4,SLEEP,Z,0.04933529,0.1782509
3/7/7/3/7/6/2/6/5 3 3,Z,-0.7,4,SLEEP,Z,0.05323565,0.2004797
3/7/7/3/7/6/2/6/3 3 3,Z,-0.7,4,SLEEP,Z,0.04420162,0.142837
3/7/7/3/7/6/2/5/6 3 3,Z,-0.6,4,SLEEP,Z,0.02840167,0.1167198
3/7/7/3/7/6/2/5/5 3 3,Z,-0.6,4,SLEEP,Z,0.0540233,0.1957487
3/7/7/3/7/6/2/5/3 3 3,Z,-0.6,4,SLEEP,Z,0.05967949,0.1200132
3/7/7/3/7/6/2/3/6 3 3,Z,0.7,6,SLEEP,Z,0.05933284,0.2409698
3/7/7/3/7/6/2/3/5 3 3,Z,0.7,2,SLEEP,Z,0.04091839,0.1192044
3/7/7/3/7/6/2/3/3 3 3,Z,0.7,4,SLEEP,Z,0.1159448,0.3334931
3/7/7/3/7/6/2/7/4 3 3,Z,-0.6,6,SLEEP,Z,0.06954853,0.2627802
3/7/7/3/7/6/2/7/2 3 3,Z,-0.6,6,SLEEP,Z,0.09584684,0.2945729
3/7/7/3/7/6/2/7/1 3 3,Z,-0.6,4,SLEEP,Z,0.05215654,0.177857
3/7/7/3/7/6/6/2/6 3 3,X,-0.6111111111111111111111111112,8,SLEEP,Z,0.07784646,0.3377868
3/7/7/3/7/6/6/2/5 3 3,Z,-0.6,6,SLEEP,Z,0.05304373,0.219764
3/7/7/3/7/6/6/2/3 3 3,X,0.8333333333333333333333333333,4,SLEEP,Z,0.02968866,0.1244829
3/7/7/3/7/6/6/6/4 3 3,Z,-0.7,8,SLEEP,Z,0.06519596,0.300009
3/7/7/3/7/6/6/6/2 3 3,Z,-0.7,6,SLEEP,Z,0.05660827,0.2399356
3/7/7/3/7/6/6/6/1 3 3,X,0.8333333333333333333333333333,6,SLEEP,Z,0.07301679,0.2008781
3/7/7/3/7/6/6/5/4 3 3,X,-0.6111111111111111111111111112,8,SLEEP,Z,0.06859602,0.3156831
3/7/7/3/7/6/6/5/2 3 3,Z,-0.6,6,SLEEP,Z,0.08509478,0.341351
3/7/7/3/7/6/6/5/1 3 3,X,0.8333333333333333333333333333,2,SLEEP,Z,0.03007907,0.0810364
3/7/7/3/7/6/6/3/4 3 3,Z,0.7,6,SLEEP,Z,0.05415096,0.2452465
3/7/7/3/7/6/6/3/2 3 3,Z,0.7,4,SLEEP,Z,0.040374,0.1888374
3/7/7/3/7/6/6/3/1 3 3,X,0.8333333333333333333333333333,2,SLEEP,Z,0.02295202,0.09185205
3/7/7/3/7/6/5/2/6 3 3,Z,-0.6,6,SLEEP,Z,0.0493231,0.2137472
3/7/7/3/7/6/5/2/5 3 3,Z,-0.6,6,SLEEP,Z,0.03618415,0.1277742
3/7/7/3/7/6/5/2/3 3 3,Z,-0.6,4,SLEEP,Z,0.03932574,0.09951649
3/7/7/3/7/6/5/6/4 3 3,Z,-0.7,6,SLEEP,Z,0.09250682,0.3767241
3/7/7/3/7/6/5/6/2 3 3,Z,-0.7,6,SLEEP,Z,0.04664961,0.1819017
3/7/7/3/7/6/5/6/1 3 3,Z,-0.7,4,SLEEP,Z,0.0348447,0.1230575
3/7/7/3/7/6/5/5/4 3 3,Z,-0.6,6,SLEEP,Z,0.06466897,0.2894837
3/7/7/3/7/6/5/5/2 3 3,Z,-0.6,4,SLEEP,Z,0.03405727,0.1324982
3/7/7/3/7/6/5/5/1 3 3,Z,-0.6,4,SLEEP,Z,0.02062545,0.08544775
3/7/7/3/7/6/5/3/4 3 3,Z,0.7,8,SLEEP,Z,0.0537376,0.2502221
3/7/7/3/7/6/5/3/2 3 3,Z,0.7,4,SLEEP,Z,0.03611637,0.1442916
3/7/7/3/7/6/5/3/1 3 3,Z,0.7,4,SLEEP,Z,0.0328235,0.1458459
3/7/7/3/7/6/3/2/6 3 3,X,-0.8333333333333333333333333333,6,SLEEP,Z,0.07685354,0.2214158
3/7/7/3/7/6/3/2/5 3 3,Z,-0.6,4,SLEEP,Z,0.05205027,0.1727584
3/7/7/3/7/6/3/2/3 3 3,Z,-0.6,4,SLEEP,Z,0.04221977,0.1554122
3/7/7/3/7/6/3/6/4 3 3,X,-0.8333333333333333333333333333,6,SLEEP,Z,0.04927289,0.1629921
3/7/7/3/7/6/3/6/2 3 3,Z,-0.7,4,SLEEP,Z,0.0524358,0.1811273
3/7/7/3/7/6/3/6/1 3 3,Z,-0.7,6,SLEEP,Z,0.08884942,0.2833949
3/7/7/3/7/6/3/5/4 3 3,X,-0.8333333333333333333333333333,4,SLEEP,Z,0.07319745,0.2454083
3/7/7/3/7/6/3/5/2 3 3,Z,-0.6,4,SLEEP,Z,0.0484915,0.168632
3/7/7/3/7/6/3/5/1 3 3,Z,-0.6,2,SLEEP,Z,0.02606757,0.1005157
3/7/7/3/7/6/3/3/4 3 3,X,-0.8333333333333333333333333333,4,SLEEP,Z,0.04572551,0.1322459
3/7/7/3/7/6/3/3/2 3 3,Z,0.7,4,SLEEP,Z,0.02490545,0.08613257
3/7/7/3/7/6/3/3/1 3 3,Z,0.7,2,SLEEP,Z,0.01103663,0.04564705
3/7/7/3/7/6/7/2/4 3 3,Z,-0.6,6,SLEEP,Z,0.04756426,0.2149525
3/7/7/3/7/6/7/2/2 3 3,Z,-0.6,4,SLEEP,Z,0.02389473,0.09874232
3/7/7/3/7/6/7/2/1 3 3,Z,-0.6,4,SLEEP,Z,0.06587609,0.2728408
3/7/7/3/7/5/2/2/7 3 3,X,-0.5,4,SLEEP,Z,0.03800847,0.1387295
3/7/7/3/7/5/2/6/6 3 3,Z,-0.6,6,SLEEP,Z,0.1570701,0.3697418
3/7/7/3/7/5/2/6/5 3 3,Z,-0.6,4,SLEEP,Z,0.08619405,0.2946664
3/7/7/3/7/5/2/6/3 3 3,Z,-0.6,6,SLEEP,Z,0.14243,0.3455923
3/7/7/3/7/5/2/5/6 3 3,X,-0.5555555555555555555555555555,4,SLEEP,Z,0.07521063,0.3110437
3/7/7/3/7/5/2/5/5 3 3,X,-0.5,6,SLEEP,Z,0.09552218,0.2998923
3/7/7/3/7/5/2/5/3 3 3,Z,-0.5,4,SLEEP,Z,0.0247522,0.06836694
3/7/7/3/7/5/2/3/6 3 3,X,-0.5555555555555555555555555555,6,SLEEP,Z,0.06566123,0.2739652
3/7/7/3/7/5/2/3/5 3 3,X,-0.5,4,SLEEP,Z,0.1068807,0.3129703
3/7/7/3/7/5/2/3/3 3 3,X,0.5,4,SLEEP,Z,0.02541731,0.08517011
3/7/7/3/7/5/2/7/4 3 3,X,-0.5555555555555555555555555555,6,SLEEP,Z,0.06024048,0.2467249
3/7/7/3/7/5/2/7/2 3 3,X,-0.5,4,SLEEP,Z,0.0432765,0.1825697
3/7/7/3/7/5/2/7/1 3 3,Z,-0.5,4,SLEEP,Z,0.06523412,0.2113993
3/7/7/3/7/5/6/2/6 3 3,X,-0.6111111111111111111111111112,8,SLEEP,Z,0.09065115,0.3814366
3/7/7/3/7/5/6/2/5 3 3,X,-0.5555555555555555555555555555,6,SLEEP,Z,0.04169012,0.1745564
3/7/7/3/7/5/6/2/3 3 3,X,0.8333333333333333333333333333,4,SLEEP,Z,0.04581267,0.1443632
3/7/7/3/7/5/6/6/4 3 3,X,-0.6111111111111111111111111112,6,SLEEP,Z,0.0651136,0.3084171
3/7/7/3/7/5/6/6/2 3 3,Z,-0.6,6,SLEEP,Z,0.08343179,0.3353525
3/7/7/3/7/5/6/6/1 3 3,X,0.8333333333333333333333333333,4,SLEEP,Z,0.05320641,0.1866553
3/7/7/3/7/5/6/5/4 3 3,X,-0.6111111111111111111111111112,6,SLEEP,Z,0.07323894,0.3290539
3/7/7/3/7/5/6/5/2 3 3,X,-0.5555555555555555555555555555,2,SLEEP,Z,0.02641677,0.1159376
3/7/7/3/7/5/6/5/1 3 3,X,0.8333333333333333333333333333,6,SLEEP,Z,0.2008281,0.3487408
3/7/7/3/7/5/6/3/4 3 3,X,-0.6111111111111111111111111112,6,SLEEP,Z,0.06825507,0.3193384
3/7/7/3/7/5/6/3/2 3 3,X,-0.5555555555555555555555555555,6,SLEEP,Z,0.05045388,0.2025314
3/7/7/3/7/5/6/3/1 3 3,X,0.8333333333333333333333333333,4,SLEEP,Z,0.04577686,0.1472766
3/7/7/3/7/5/5/2/6 3 3,X,-0.5555555555555555555555555555,6,SLEEP,Z,0.112929,0.367172
3/7/7/3/7/5/5/2/5 3 3,X,-0.5,6,SLEEP,Z,0.04999691,0.2322944
3/7/7/3/7/5/5/2/3 3 3,Z,-0.5,2,SLEEP,Z,0.02181113,0.09451674
3/7/7/3/7/5/5/6/4 3 3,Z,-0.6,6,SLEEP,Z,0.04303474,0.2147494
3/7/7/3/7/5/5/6/2 3 3,Z,-0.6,2,SLEEP,Z,0.02320039,0.1069118
3/7/7/3/7/5/5/6/1 3 3,Z,-0.6,4,SLEEP,Z,0.07450885,0.3213885
3/7/7/3/7/5/5/5/4 3 3,X,-0.5555555555555555555555555555,2,SLEEP,Z,0.03048978,0.1340347
3/7/7/3/7/5/5/5/2 3 3,X,-0.5,4,SLEEP,Z,0.04067261,0.1838053
3/7/7/3/7/5/5/5/1 3 3,Z,-0.5,2,SLEEP,Z,0.01637154,0.059936
3/7/7/3/7/5/5/3/4 3 3,X,-0.5555555555555555555555555555,2,SLEEP,Z,0.03747987,0.1313169
3/7/7/3/7/5/5/3/2 3 3,X,-0.5,4,SLEEP,Z,0.0691879,0.2684942
3/7/7/3/7/5/5/3/1 3 3,Z,-0.5,4,SLEEP,Z,0.0670187,0.3222601
3/7/7/3/7/5/3/2/6 3 3,X,-0.8333333333333333333333333333,6,SLEEP,Z,0.1069601,0.3908008
3/7/7/3/7/5/3/2/5 3 3,Z,-0.5,2,SLEEP,Z,0.01986876,0.08507273
3/7/7/3/7/5/3/2/3 3 3,Z,-0.5,4,SLEEP,Z,0.03075932,0.1180408
3/7/7/3/7/5/3/6/4 3 3,X,-0.8333333333333333333333333333,6,SLEEP,Z,0.03758308,0.1483813
3/7/7/3/7/5/3/6/2 3 3,Z,-0.6,2,SLEEP,Z,0.02477325,0.09778482
3/7/7/3/7/5/3/6/1 3 3,Z,-0.6,4,SLEEP,Z,0.01734113,0.06342606
3/7/7/3/7/5/3/5/4 3 3,X,-0.8333333333333333333333333333,4,SLEEP,Z,0.03731065,0.1516457
3/7/7/3/7/5/3/5/2 3 3,Z,-0.5,2,SLEEP,Z,0.02368998,0.09989636
3/7/7/3/7/5/3/5/1 3 3,Z,-0.5,4,SLEEP,Z,0.05009867,0.2017302
3/7/7/3/7/5/3/3/4 3 3,X,-0.8333333333333333333333333333,4,SLEEP,Z,0.0458685,0.1620362
3/7/7/3/7/5/3/3/2 3 3,X,-0.5,4,SLEEP,Z,0.04682136,0.1696362
3/7/7/3/7/5/3/3/1 3 3,Z,-0.5,2,SLEEP,Z,0.0209526,0.08889341
3/7/7/3/7/5/7/2/4 3 3,X,-0.5555555555555555555555555555,6,SLEEP,Z,0.09922248,0.3552944
3/7/7/3/7/5/7/2/2 3 3,X,-0.5,4,SLEEP,Z,0.03469017,0.1567812
3/7/7/3/7/5/7/2/1 3 3,Z,-0.5,4,SLEEP,Z,0.02852521,0.1241677
3/7/7/3/7/3/2/2/7 3 3,X,-0.5,4,SLEEP,Z,0.08815547,0.2435776
3/7/7/3/7/3/2/6/6 3 3,Z,-0.7,6,SLEEP,Z,0.09501673,0.3417025
3/7/7/3/7/3/2/6/5 3 3,Z,-0.7,4,SLEEP,Z,0.0499067,0.1662895
3/7/7/3/7/3/2/6/3 3 3,Z,-0.7,6,SLEEP,Z,0.1518869,0.2529836
3/7/7/3/7/3/2/5/6 3 3,X,-0.5555555555555555555555555555,6,SLEEP,Z,0.07768642,0.317691
3/7/7/3/7/3/2/5/5 3 3,X,-0.5,4,SLEEP,Z,0.03229728,0.12133
3/7/7/3/7/3/2/5/3 3 3,Z,-0.5,4,SLEEP,Z,0.02949764,0.07939838
3/7/7/3/7/3/2/3/6 3 3,X,-0.5555555555555555555555555555,6,SLEEP,Z,0.06225449,0.2070211
3/7/7/3/7/3/2/3/5 3 3,X,-0.5,4,SLEEP,Z,0.04020585,0.1518126
3/7/7/3/7/3/2/3/3 3 3,X,0.5,2,SLEEP,Z,0.03206974,0.1178579
3/7/7/3/7/3/2/7/4 3 3,X,-0.5555555555555555555555555555,6,SLEEP,Z,0.06263009,0.2137445
3/7/7/3/7/3/2/7/2 3 3,X,-0.5,4,SLEEP,Z,0.03574516,0.1512703
3/7/7/3/7/3/2/7/1 3 3,Z,-0.5,4,SLEEP,Z,0.1542908,0.1970157
3/7/7/3/7/3/6/2/6 3 3,X,-0.6111111111111111111111111112,8,SLEEP,Z,0.1023643,0.3472735
3/7/7/3/7/3/6/2/5 3 3,X,-0.5555555555555555555555555555,4,SLEEP,Z,0.05431094,0.1954401
3/7/7/3/7/3/6/2/3 3 3,X,0.8333333333333333333333333333,4,SLEEP,Z,0.03298516,0.1206815
3/7/7/3/7/3/6/6/4 3 3,Z,-0.7,6,SLEEP,Z,0.05844882,0.2503642
3/7/7/3/7/3/6/6/2 3 3,Z,-0.7,6,SLEEP,Z,0.04039706,0.1562671
3/7/7/3/7/3/6/6/1 3 3,X,0.8333333333333333333333333333,6,SLEEP,Z,0.04838408,0.158731
3/7/7/3/7/3/6/5/4 3 3,X,-0.6111111111111111111111111112,10,SLEEP,Z,0.07910104,0.3637713
3/7/7/3/7/3/6/5/2 3 3,X,-0.5555555555555555555555555555,4,SLEEP,Z,0.03645353,0.1567198
3/7/7/3/7/3/6/5/1 3 3,X,0.8333333333333333333333333333,4,SLEEP,Z,0.1659993,0.2650439
3/7/7/3/7/3/6/3/4 3 3,X,-0.6111111111111111111111111112,8,SLEEP,Z,0.06784738,0.3353608
3/7/7/3/7/3/6/3/2 3 3,X,-0.5555555555555555555555555555,2,SLEEP,Z,0.03597166,0.1521954
3/7/7/3/7/3/6/3/1 3 3,X,0.8333333333333333333333333333,4,SLEEP,Z,0.04047988,0.1836528
3/7/7/3/7/3/5/2/6 3 3,X,-0.5555555555555555555555555555,2,SLEEP,Z,0.03846643,0.1650918
3/7/7/3/7/3/5/2/5 3 3,X,-0.5,4,SLEEP,Z,0.07004458,0.2307692
3/7/7/3/7/3/5/2/3 3 3,Z,-0.5,4,SLEEP,Z,0.09331688,0.2475879
3/7/7/3/7/3/5/6/4 3 3,Z,-0.7,4,SLEEP,Z,0.03567851,0.17
3/7/7/3/7/3/5/6/2 3 3,Z,-0.7,6,SLEEP,Z,0.04347125,0.1518674
3/7/7/3/7/3/5/6/1 3 3,Z,-0.7,2,SLEEP,Z,0.03033258,0.1265654
3/7/7/3/7/3/5/5/4 3 3,X,-0.5555555555555555555555555555,4,SLEEP,Z,0.04666837,0.2214013
3/7/7/3/7/3/5/5/2 3 3,X,-0.5,4,SLEEP,Z,0.03869176,0.1603054
3/7/7/3/7/3/5/5/1 3 3,Z,-0.5,2,SLEEP,Z,0.02124277,0.09893364
3/7/7/3/7/3/5/3/4 3 3,X,-0.5555555555555555555555555555,4,SLEEP,Z,0.04546677,0.2096354
3/7/7/3/7/3/5/3/2 3 3,X,-0.5,4,SLEEP,Z,0.02433483,0.1104064
3/7/7/3/7/3/5/3/1 3 3,Z,-0.5,4,SLEEP,Z,0.07940158,0.2526571
3/7/7/3/7/3/3/2/6 3 3,X,-0.8333333333333333333333333333,4,SLEEP,Z,0.04024593,0.1669161
3/7/7/3/7/3/3/2/5 3 3,Z,-0.5,4,SLEEP,Z,0.03767736,0.1533625
3/7/7/3/7/3/3/2/3 3 3,Z,-0.5,2,SLEEP,Z,0.02128744,0.08986311
3/7/7/3/7/3/3/6/4 3 3,X,-0.8333333333333333333333333333,4,SLEEP,Z,0.04943702,0.1642112
3/7/7/3/7/3/3/6/2 3 3,Z,-0.7,4,SLEEP,Z,0.1510065,0.3247545
3/7/7/3/7/3/3/6/1 3 3,Z,-0.7,6,SLEEP,Z,0.06443248,0.1934403
3/7/7/3/7/3/3/5/4 3 3,X,-0.8333333333333333333333333333,4,SLEEP,Z,0.04997555,0.1748438
3/7/7/3/7/3/3/5/2 3 3,Z,-0.5,2,SLEEP,Z,0.01348418,0.05939206
3/7/7/3/7/3/3/5/1 3 3,Z,-0.5,4,SLEEP,Z,0.07959997,0.2027221
3/7/7/3/7/3/3/3/4 3 3,X,-0.8333333333333333333333333333,4,SLEEP,Z,0.06583505,0.2479291
3/7/7/3/7/3/3/3/2 3 3,X,-0.5,4,SLEEP,Z,0.0732346,0.2174936
3/7/7/3/7/3/3/3/1 3 3,Z,-0.5,2,SLEEP,Z,0.02366321,0.08171631
3/7/7/3/7/3/7/2/4 3 3,X,-0.5555555555555555555555555555,6,SLEEP,Z,0.04506913,0.207723
3/7/7/3/7/3/7/2/2 3 3,X,-0.5,4,SLEEP,Z,0.02785054,0.1238974
3/7/7/3/7/3/7/2/1 3 3,Z,-0.5,4,SLEEP,Z,0.03483213,0.1511411
3/7/7/3/7/7/2/2/6 3 3,X,-0.6666666666666666666666666666,6,SLEEP,Z,0.06019355,0.2320826
3/7/7/3/7/7/2/2/5 3 3,X,-0.5,4,SLEEP,Z,0.02328832,0.09583811
3/7/7/3/7/7/2/2/3 3 3,X,0.6666666666666666666666666666,4,SLEEP,Z,0.03936774,0.08347259
3/7/7/3/7/7/2/6/4 3 3,X,-0.6666666666666666666666666666,8,SLEEP,Z,0.07038989,0.3113791
3/7/7/3/7/7/2/6/2 3 3,Z,-0.6,4,SLEEP,Z,0.02619906,0.1079184
3/7/7/3/7/7/2/6/1 3 3,X,0.6666666666666666666666666666,4,SLEEP,Z,0.03316845,0.1012704
3/7/7/3/7/7/2/5/4 3 3,X,-0.6666666666666666666666666666,6,SLEEP,Z,0.05749725,0.1928552
3/7/7/3/7/7/2/5/2 3 3,X,-0.5,2,SLEEP,Z,0.02290859,0.09159329
3/7/7/3/7/7/2/5/1 3 3,X,0.6666666666666666666666666666,4,SLEEP,Z,0.03369753,0.1055074
3/7/7/3/7/7/2/3/4 3 3,X,-0.6666666666666666666666666666,6,SLEEP,Z,0.05770923,0.2420943
3/7/7/3/7/7/2/3/2 3 3,X,-0.5,4,SLEEP,Z,0.02498879,0.1029982
3/7/7/3/7/7/2/3/1 3 3,X,0.6666666666666666666666666666,4,SLEEP,Z,0.04369297,0.1276744
3/7/7/3/7/7/6/2/4 3 3,X,-0.6111111111111111111111111112,10,SLEEP,Z,0.110598,0.4441521
3/7/7/3/7/7/6/2/2 3 3,X,-0.5555555555555555555555555555,4,SLEEP,Z,0.02903262,0.1081012
3/7/7/3/7/7/5/2/4 3 3,X,-0.5555555555555555555555555555,6,SLEEP,Z,0.06074718,0.2805173
3/7/7/3/7/7/5/2/2 3 3,X,-0.5,4,SLEEP,Z,0.03139267,0.142906
3/7/7/3/7/7/5/2/1 3 3,Z,-0.5,4,SLEEP,Z,0.0772169,0.2851287
3/7/7/3/7/7/3/2/2 3 3,Z,-0.5,4,SLEEP,Z,0.02793583,0.1222343
3/7/7/3/7/7/3/2/1 3 3,Z,-0.5,2,SLEEP,Z,0.02672477,0.1056368
3/7/7/7/2/2/2/7/7 3 3,X,-0.5,4,SLEEP,Z,0.05021786,0.1557398
3/7/7/7/2/2/6/6/7 3 3,X,-0.5555555555555555555555555555,8,SLEEP,Z,0.0643443,0.1491154
3/7/7/7/2/2/6/5/7 3 3,X,-0.5555555555555555555555555555,6,SLEEP,Z,0.04493678,0.1668934
3/7/7/7/2/2/6/3/7 3 3,X,-0.5555555555555555555555555555,4,SLEEP,Z,0.03893976,0.1418231
3/7/7/7/2/2/6/7/6 3 3,X,-0.6111111111111111111111111111,8,SLEEP,Z,0.1332247,0.4497973
3/7/7/7/2/2/6/7/5 3 3,X,-0.5555555555555555555555555555,4,SLEEP,Z,0.1218091,0.3301406
3/7/7/7/2/2/6/7/3 3 3,X,0.7,4,SLEEP,Z,0.02844406,0.1010672
3/7/7/7/2/2/5/6/7 3 3,X,-0.5,2,SLEEP,Z,0.04528318,0.1384651
3/7/7/7/2/2/5/5/7 3 3,X,-0.5,4,SLEEP,Z,0.07417874,0.25342
3/7/7/7/2/2/5/3/7 3 3,X,-0.5,4,SLEEP,Z,0.04071559,0.1566793
3/7/7/7/2/2/5/7/6 3 3,X,-0.5555555555555555555555555555,4,SLEEP,Z,0.0431857,0.1732662
3/7/7/7/2/2/5/7/5 3 3,X,-0.5,6,SLEEP,Z,0.09710303,0.2686653
3/7/7/7/2/2/5/7/3 3 3,X,-0.4444444444444444444444444445,2,SLEEP,Z,0.02733388,0.07170426
3/7/7/7/2/2/3/6/7 3 3,X,-0.5,4,SLEEP,Z,0.08171373,0.1959545
3/7/7/7/2/2/3/5/7 3 3,X,-0.5,2,SLEEP,Z,0.02493572,0.07640809
3/7/7/7/2/2/3/3/7 3 3,X,-0.5,4,SLEEP,Z,0.04920914,0.1429084
3/7/7/7/2/2/3/7/6 3 3,X,-0.7,4,SLEEP,Z,0.04431639,0.1289693
3/7/7/7/2/2/3/7/5 3 3,X,-0.5,4,SLEEP,Z,0.1025555,0.3748035
3/7/7/7/2/2/3/7/3 3 3,X,0.5,2,SLEEP,Z,0,0
3/7/7/7/2/2/7/2/7 3 3,X,-0.5,6,SLEEP,Z,0.04564327,0.1751853
3/7/7/7/2/2/7/6/6 3 3,X,-0.5555555555555555555555555555,6,SLEEP,Z,0.06257144,0.2390959
3/7/7/7/2/2/7/6/5 3 3,X,-0.5,4,SLEEP,Z,0.03428742,0.1289789
3/7/7/7/2/2/7/6/3 3 3,Z,0.5,4,SLEEP,Z,0.0508885,0.1429509
3/7/7/7/2/2/7/5/6 3 3,X,-0.5555555555555555555555555555,4,SLEEP,Z,0.03908037,0.1611491
3/7/7/7/2/2/7/5/5 3 3,X,-0.5,4,SLEEP,Z,0.03739953,0.1625803
3/7/7/7/2/2/7/5/3 3 3,X,-0.4444444444444444444444444445,2,SLEEP,Z,0.03509019,0.08321588
3/7/7/7/2/2/7/3/6 3 3,X,-0.5555555555555555555555555555,6,SLEEP,Z,0.08833485,0.3060088
3/7/7/7/2/2/7/3/5 3 3,X,-0.5,8,SLEEP,Z,0.1186275,0.3143626
3/7/7/7/2/2/7/3/3 3 3,Z,-0.5,4,SLEEP,Z,0.02646493,0.08155111
3/7/7/7/2/2/7/7/4 3 3,X,-0.5555555555555555555555555555,6,SLEEP,Z,0.05534155,0.2326204
3/7/7/7/2/2/7/7/2 3 3,X,-0.5,2,SLEEP,Z,0.02696552,0.08926079
3/7/7/7/2/2/7/7/1 3 3,X,-0.4444444444444444444444444445,2,SLEEP,Z,0.03366431,0.09468903
3/7/7/7/2/6/2/6/7 3 3,X,-0.5,4,SLEEP,Z,0.0498514,0.1486621
3/7/7/7/2/6/2/5/7 3 3,X,-0.5,2,SLEEP,Z,0.04402374,0.1323937
3/7/7/7/2/6/2/3/7 3 3,Z,0.6666666666666666666666666667,4,SLEEP,Z,0.1289042,0.2826765
3/7/7/7/2/6/2/7/6 3 3,X,-0.5555555555555555555555555555,4,SLEEP,Z,0.05436172,0.1825669
3/7/7/7/2/6/2/7/5 3 3,X,-0.5,2,SLEEP,Z,0.04378517,0.1274778
3/7/7/7/2/6/2/7/3 3 3,Z,0.5,2,SLEEP,Z,0.1524452,0.3582411
3/7/7/7/2/6/6/2/7 3 3,X,-0.5555555555555555555555555555,6,SLEEP,Z,0.06524623,0.2400631
3/7/7/7/2/6/6/6/6 3 3,X,-0.6111111111111111111111111111,8,SLEEP,Z,0.1075153,0.4068457
3/7/7/7/2/6/6/6/5 3 3,X,-0.5555555555555555555555555555,4,SLEEP,Z,0.04554429,0.1846829
3/7/7/7/2/6/6/6/3 3 3,X,0.75,2,SLEEP,Z,0.1188051,0.333166
3/7/7/7/2/6/6/5/6 3 3,X,-0.6111111111111111111111111111,14,SLEEP,Z,0.09426013,0.3653229
3/7/7/7/2/6/6/5/5 3 3,X,-0.5555555555555555555555555555,4,SLEEP,Z,0.04955494,0.2082323
3/7/7/7/2/6/6/5/3 3 3,X,0.75,6,SLEEP,Z,0.1456132,0.333566
3/7/7/7/2/6/6/3/6 3 3,Z,0.6666666666666666666666666667,8,SLEEP,Z,0.08985774,0.3498811
3/7/7/7/2/6/6/3/5 3 3,Z,0.6666666666666666666666666667,6,SLEEP,Z,0.1483868,0.3781802
3/7/7/7/2/6/6/3/3 3 3,X,0.75,2,SLEEP,Z,0.06128993,0.1273415
3/7/7/7/2/6/6/7/4 3 3,X,-0.6111111111111111111111111111,10,SLEEP,Z,0.0979263,0.3905555
3/7/7/7/2/6/6/7/2 3 3,X,-0.5555555555555555555555555555,4,SLEEP,Z,0.04528416,0.1692223
3/7/7/7/2/6/6/7/1 3 3,X,0.75,2,SLEEP,Z,0.03296248,0.1294563
3/7/7/7/2/6/5/2/7 3 3,X,-0.5,6,SLEEP,Z,0.08257992,0.3268387
3/7/7/7/2/6/5/6/6 3 3,X,-0.5555555555555555555555555555,8,SLEEP,Z,0.09983672,0.3166915
3/7/7/7/2/6/5/6/5 3 3,X,-0.5,4,SLEEP,Z,0.04501742,0.1516507
3/7/7/7/2/6/5/6/3 3 3,Z,0.5,4,SLEEP,Z,0.03019674,0.08881556
3/7/7/7/2/6/5/5/6 3 3,X,-0.5555555555555555555555555555,4,SLEEP,Z,0.08006874,0.3199256
3/7/7/7/2/6/5/5/5 3 3,X,-0.5,4,SLEEP,Z,0.0499495,0.1651771
3/7/7/7/2/6/5/5/3 3 3,Z,0.5,4,SLEEP,Z,0.09852091,0.142184
3/7/7/7/2/6/5/3/6 3 3,Z,0.6666666666666666666666666667,6,SLEEP,Z,0.1116302,0.3565727
3/7/7/7/2/6/5/3/5 3 3,Z,0.6666666666666666666666666667,4,SLEEP,Z,0.02709232,0.1015523
3/7/7/7/2/6/5/3/3 3 3,Z,0.6666666666666666666666666667,2,SLEEP,Z,0.02765945,0.06823424
3/7/7/7/2/6/5/7/4 3 3,X,-0.5555555555555555555555555555,4,SLEEP,Z,0.06232437,0.2315351
3/7/7/7/2/6/5/7/2 3 3,X,-0.5,4,SLEEP,Z,0.0381269,0.1501786
3/7/7/7/2/6/5/7/1 3 3,Z,0.5,2,SLEEP,Z,0.05536114,0.08527771
3/7/7/7/2/6/3/2/7 3 3,Z,0.5,2,SLEEP,Z,0.03238606,0.08215788
3/7/7/7/2/6/3/6/6 3 3,X,-0.75,6,SLEEP,Z,0.04529012,0.1765434
3/7/7/7/2/6/3/6/5 3 3,X,-0.5,2,SLEEP,Z,0.03415883,0.08036909
3/7/7/7/2/6/3/6/3 3 3,X,0.5,2,SLEEP,Z,0.02607374,0.03542429
3/7/7/7/2/6/3/5/6 3 3,X,-0.75,4,SLEEP,Z,0.04231152,0.1506326
3/7/7/7/2/6/3/5/5 3 3,Z,0.5,2,SLEEP,Z,0,0
3/7/7/7/2/6/3/5/3 3 3,X,0.5,2,SLEEP,Z,0,0
3/7/7/7/2/6/3/3/6 3 3,X,-0.75,6,SLEEP,Z,0.07859323,0.2370073
3/7/7/7/2/6/3/3/5 3 3,Z,0.6666666666666666666666666667,2,SLEEP,Z,0.01959492,0.0875897
3/7/7/7/2/6/3/3/3 3 3,Z,0.6666666666666666666666666667,2,SLEEP,Z,0.02607508,0.0738061
3/7/7/7/2/6/3/7/4 3 3,X,-0.75,4,SLEEP,Z,0.04287353,0.1471657
3/7/7/7/2/6/3/7/2 3 3,Z,0.5,2,SLEEP,Z,0.02137035,0.0726361
3/7/7/7/2/6/3/7/1 3 3,X,0.5,2,SLEEP,Z,0.01508516,0.05871338
3/7/7/7/2/6/7/2/6 3 3,X,-0.5555555555555555555555555555,6,SLEEP,Z,0.05527897,0.2203588
3/7/7/7/2/6/7/2/5 3 3,X,-0.5,6,SLEEP,Z,0.03346397,0.1403533
3/7/7/7/2/6/7/2/3 3 3,Z,0.5,2,SLEEP,Z,0.03195549,0.06387737
3/7/7/7/2/6/7/6/4 3 3,X,-0.5555555555555555555555555555,4,SLEEP,Z,0.04770281,0.1901744
3/7/7/7/2/6/7/6/2 3 3,X,-0.5,4,SLEEP,Z,0.03835403,0.1431418
3/7/7/7/2/6/7/6/1 3 3,Z,0.5,2,SLEEP,Z,0.02372116,0.07214324
3/7/7/7/2/6/7/5/4 3 3,X,-0.5555555555555555555555555555,6,SLEEP,Z,0.04907969,0.2134646
3/7/7/7/2/6/7/5/2 3 3,X,-0.5,4,SLEEP,Z,0.04661724,0.1756555
3/7/7/7/2/6/7/5/1 3 3,Z,0.5,2,SLEEP,Z,0.04322596,0.109007
3/7/7/7/2/6/7/3/4 3 3,Z,0.6666666666666666666666666666,6,SLEEP,Z,0.1195642,0.3492318
3/7/7/7/2/6/7/3/2 3 3,Z,0.6666666666666666666666666666,2,SLEEP,Z,0.03792045,0.1450251
3/7/7/7/2/6/7/3/1 3 3,Z,0.6666666666666666666666666666,2,SLEEP,Z,0.03604914,0.1069929
3/7/7/7/2/5/2/6/7 3 3,X,-0.5,4,SLEEP,Z,0.04533464,0.1489784
3/7/7/7/2/5/2/5/7 3 3,X,-0.5,4,SLEEP,Z,0.0507032,0.1516843
3/7/7/7/2/5/2/3/7 3 3,X,-0.5,2,SLEEP,Z,0.04283976,0.1535306
3/7/7/7/2/5/2/7/6 3 3,X,-0.5555555555555555555555555555,6,SLEEP,Z,0.1089541,0.342315
3/7/7/7/2/5/2/7/5 3 3,X,-0.5,4,SLEEP,Z,0.03023776,0.1151003
3/7/7/7/2/5/2/7/3 3 3,X,-0.4444444444444444444444444445,4,SLEEP,Z,0.03700804,0.09939556
3/7/7/7/2/5/6/2/7 3 3,X,-0.5555555555555555555555555555,6,SLEEP,Z,0.06657264,0.2703638
3/7/7/7/2/5/6/6/6 3 3,X,-0.6111111111111111111111111111,10,SLEEP,Z,0.1317206,0.4438726
3/7/7/7/2/5/6/6/5 3 3,X,-0.5555555555555555555555555555,4,SLEEP,Z,0.05832865,0.2270168
3/7/7/7/2/5/6/6/3 3 3,X,0.75,4,SLEEP,Z,0.04153872,0.1454129
3/7/7/7/2/5/6/5/6 3 3,X,-0.6111111111111111111111111111,10,SLEEP,Z,0.09517714,0.3863053
3/7/7/7/2/5/6/5/5 3 3,X,-0.5555555555555555555555555555,4,SLEEP,Z,0.04094585,0.1510647
3/7/7/7/2/5/6/5/3 3 3,X,0.75,4,SLEEP,Z,0.0501537,0.1570896
3/7/7/7/2/5/6/3/6 3 3,X,-0.6111111111111111111111111111,8,SLEEP,Z,0.1455401,0.4944188
3/7/7/7/2/5/6/3/5 3 3,X,-0.5555555555555555555555555555,6,SLEEP,Z,0.04756984,0.1820623
3/7/7/7/2/5/6/3/3 3 3,X,0.75,4,SLEEP,Z,0.1241054,0.2645033
3/7/7/7/2/5/6/7/4 3 3,X,-0.6111111111111111111111111111,6,SLEEP,Z,0.09545932,0.3639333
3/7/7/7/2/5/6/7/2 3 3,X,-0.5555555555555555555555555555,6,SLEEP,Z,0.06096279,0.2306449
3/7/7/7/2/5/6/7/1 3 3,X,0.75,2,SLEEP,Z,0.03345519,0.1156751
3/7/7/7/2/5/5/2/7 3 3,X,-0.5,4,SLEEP,Z,0.03716987,0.1386522
3/7/7/7/2/5/5/6/6 3 3,X,-0.5555555555555555555555555555,6,SLEEP,Z,0.07118699,0.2726744
3/7/7/7/2/5/5/6/5 3 3,X,-0.5,4,SLEEP,Z,0.02923267,0.119545
3/7/7/7/2/5/5/6/3 3 3,Z,0.5,2,SLEEP,Z,0.03185527,0.09279433
3/7/7/7/2/5/5/5/6 3 3,X,-0.5555555555555555555555555555,8,SLEEP,Z,0.1132452,0.3672383
3/7/7/7/2/5/5/5/5 3 3,X,-0.5,4,SLEEP,Z,0.03277364,0.1243095
3/7/7/7/2/5/5/5/3 3 3,X,-0.4444444444444444444444444445,4,SLEEP,Z,0.0338006,0.08894814
3/7/7/7/2/5/5/3/6 3 3,X,-0.5555555555555555555555555555,6,SLEEP,Z,0.07554748,0.2572217
3/7/7/7/2/5/5/3/5 3 3,X,-0.5,6,SLEEP,Z,0.04067917,0.1627364
3/7/7/7/2/5/5/3/3 3 3,Z,-0.5,2,SLEEP,Z,0.01701497,0.05013249
3/7/7/7/2/5/5/7/4 3 3,X,-0.5555555555555555555555555555,6,SLEEP,Z,0.06846611,0.2636691
3/7/7/7/2/5/5/7/2 3 3,X,-0.5,2,SLEEP,Z,0.02464944,0.1050655
3/7/7/7/2/5/5/7/1 3 3,X,-0.4444444444444444444444444445,4,SLEEP,Z,0.116898,0.2157824
3/7/7/7/2/5/3/2/7 3 3,X,-0.5,2,SLEEP,Z,0.01907631,0.06750103
3/7/7/7/2/5/3/6/6 3 3,X,-0.75,4,SLEEP,Z,0.1134669,0.3261733
3/7/7/7/2/5/3/6/5 3 3,X,-0.5,4,SLEEP,Z,0.04463301,0.1049876
3/7/7/7/2/5/3/6/3 3 3,X,0.5,2,SLEEP,Z,0.01461627,0.05118817
3/7/7/7/2/5/3/5/6 3 3,X,-0.75,2,SLEEP,Z,0.03494845,0.1069491
3/7/7/7/2/5/3/5/5 3 3,X,-0.5,4,SLEEP,Z,0.03036192,0.1187064
3/7/7/7/2/5/3/5/3 3 3,X,0.5,2,SLEEP,Z,0,0
3/7/7/7/2/5/3/3/6 3 3,X,-0.75,6,SLEEP,Z,0.1409682,0.3506719
3/7/7/7/2/5/3/3/5 3 3,X,-0.5,2,SLEEP,Z,0.02817195,0.09542749
3/7/7/7/2/5/3/3/3 3 3,X,0.5,2,SLEEP,Z,0.01262445,0.03715079
3/7/7/7/2/5/3/7/4 3 3,X,-0.75,4,SLEEP,Z,0.03651706,0.1369437
3/7/7/7/2/5/3/7/2 3 3,X,-0.5,2,SLEEP,Z,0.03703615,0.1048031
3/7/7/7/2/5/3/7/1 3 3,X,0.5,2,SLEEP,Z,0.009047318,0.01818782
3/7/7/7/2/5/7/2/6 3 3,X,-0.5555555555555555555555555555,6,SLEEP,Z,0.04958439,0.2093189
3/7/7/7/2/5/7/2/5 3 3,X,-0.5,4,SLEEP,Z,0.04644383,0.1754993
3/7/7/7/2/5/7/2/3 3 3,X,-0.4444444444444444444444444445,4,SLEEP,Z,0.1186945,0.2279993
3/7/7/7/2/5/7/6/4 3 3,X,-0.5555555555555555555555555555,2,SLEEP,Z,0.04435254,0.1795623
3/7/7/7/2/5/7/6/2 3 3,X,-0.5,4,SLEEP,Z,0.1022289,0.2756071
3/7/7/7/2/5/7/6/1 3 3,Z,0.5,2,SLEEP,Z,0.02742632,0.09028598
3/7/7/7/2/5/7/5/4 3 3,X,-0.5555555555555555555555555555,4,SLEEP,Z,0.06774224,0.2683518
3/7/7/7/2/5/7/5/2 3 3,X,-0.5,4,SLEEP,Z,0.046383,0.1679892
3/7/7/7/2/5/7/5/1 3 3,X,-0.4444444444444444444444444445,2,SLEEP,Z,0.0188736,0.06662349
3/7/7/7/2/5/7/3/4 3 3,X,-0.5555555555555555555555555555,6,SLEEP,Z,0.05307303,0.2010859
3/7/7/7/2/5/7/3/2 3 3,X,-0.5,2,SLEEP,Z,0.02599988,0.105259
3/7/7/7/2/5/7/3/1 3 3,Z,-0.5,2,SLEEP,Z,0.02448855,0.08575498
3/7/7/7/2/3/2/6/7 3 3,Z,-0.6666666666666666666666666667,4,SLEEP,Z,0.03785653,0.1292484
3/7/7/7/2/3/2/5/7 3 3,X,-0.5,4,SLEEP,Z,0.1162552,0.263617
3/7/7/7/2/3/2/3/7 3 3,X,-0.5,4,SLEEP,Z,0.0518587,0.1473731
3/7/7/7/2/3/2/7/6 3 3,X,-0.5555555555555555555555555555,6,SLEEP,Z,0.09958255,0.3209975
3/7/7/7/2/3/2/7/5 3 3,X,-0.5,4,SLEEP,Z,0.05609755,0.1510736
3/7/7/7/2/3/2/7/3 3 3,Z,-0.5,2,SLEEP,Z,0.03951123,0.05513936
3/7/7/7/2/3/6/2/7 3 3,X,-0.5555555555555555555555555555,6,SLEEP,Z,0.04783101,0.2087373
3/7/7/7/2/3/6/6/6 3 3,Z,-0.6666666666666666666666666667,6,SLEEP,Z,0.1055981,0.3631046
3/7/7/7/2/3/6/6/5 3 3,Z,-0.6666666666666666666666666667,4,SLEEP,Z,0.1448841,0.3681657
3/7/7/7/2/3/6/6/3 3 3,X,0.75,6,SLEEP,Z,0.06660885,0.1604035
3/7/7/7/2/3/6/5/6 3 3,X,-0.6111111111111111111111111111,10,SLEEP,Z,0.1202181,0.4175211
3/7/7/7/2/3/6/5/5 3 3,X,-0.5555555555555555555555555555,8,SLEEP,Z,0.1348565,0.3688373
3/7/7/7/2/3/6/5/3 3 3,X,0.75,4,SLEEP,Z,0.039836,0.1117117
3/7/7/7/2/3/6/3/6 3 3,X,-0.6111111111111111111111111111,8,SLEEP,Z,0.09727498,0.373424
3/7/7/7/2/3/6/3/5 3 3,X,-0.5555555555555555555555555555,8,SLEEP,Z,0.05901344,0.2314774
3/7/7/7/2/3/6/3/3 3 3,X,0.75,4,SLEEP,Z,0.04358011,0.1197591
3/7/7/7/2/3/6/7/4 3 3,X,-0.6111111111111111111111111111,8,SLEEP,Z,0.1275529,0.4541885
3/7/7/7/2/3/6/7/2 3 3,X,-0.5555555555555555555555555555,4,SLEEP,Z,0.04496093,0.1743666
3/7/7/7/2/3/6/7/1 3 3,X,0.75,4,SLEEP,Z,0.0353879,0.1197828
3/7/7/7/2/3/5/2/7 3 3,X,-0.5,4,SLEEP,Z,0.03550526,0.1467103
3/7/7/7/2/3/5/6/6 3 3,Z,-0.6666666666666666666666666667,6,SLEEP,Z,0.0725695,0.2249284
3/7/7/7/2/3/5/6/5 3 3,Z,-0.6666666666666666666666666667,4,SLEEP,Z,0.03948181,0.1354396
3/7/7/7/2/3/5/6/3 3 3,Z,-0.6666666666666666666666666667,4,SLEEP,Z,0.02344633,0.07352059
3/7/7/7/2/3/5/5/6 3 3,X,-0.5555555555555555555555555555,2,SLEEP,Z,0.06363472,0.2179419
3/7/7/7/2/3/5/5/5 3 3,X,-0.5,4,SLEEP,Z,0.1048811,0.2777548
3/7/7/7/2/3/5/5/3 3 3,Z,-0.5,2,SLEEP,Z,0.03561256,0.08406292
3/7/7/7/2/3/5/3/6 3 3,X,-0.5555555555555555555555555555,6,SLEEP,Z,0.06271339,0.2513479
3/7/7/7/2/3/5/3/5 3 3,X,-0.5,4,SLEEP,Z,0.03374813,0.1257169
3/7/7/7/2/3/5/3/3 3 3,Z,-0.5,2,SLEEP,Z,0.02909661,0.07008786
3/7/7/7/2/3/5/7/4 3 3,X,-0.5555555555555555555555555555,4,SLEEP,Z,0.04290716,0.1694131
3/7/7/7/2/3/5/7/2 3 3,X,-0.5,4,SLEEP,Z,0.03100335,0.1248302
3/7/7/7/2/3/5/7/1 3 3,Z,-0.5,2,SLEEP,Z,0.02974003,0.09750316
3/7/7/7/2/3/3/2/7 3 3,Z,-0.5,2,SLEEP,Z,0,0
3/7/7/7/2/3/3/6/6 3 3,X,-0.75,4,SLEEP,Z,0.03312448,0.1147362
3/7/7/7/2/3/3/6/5 3 3,Z,-0.6666666666666666666666666667,2,SLEEP,Z,0.02290495,0.0816763
3/7/7/7/2/3/3/6/3 3 3,Z,-0.6666666666666666666666666667,4,SLEEP,Z,0.08350006,0.108987
3/7/7/7/2/3/3/5/6 3 3,X,-0.75,4,SLEEP,Z,0.09979455,0.2966194
3/7/7/7/2/3/3/5/5 3 3,Z,-0.5,4,SLEEP,Z,0.02894971,0.1047487
3/7/7/7/2/3/3/5/3 3 3,X,0.5,2,SLEEP,Z,0,0
3/7/7/7/2/3/3/3/6 3 3,X,-0.75,4,SLEEP,Z,0.0423256,0.1680979
3/7/7/7/2/3/3/3/5 3 3,X,-0.5,2,SLEEP,Z,0.02631841,0.07475039
3/7/7/7/2/3/3/3/3 3 3,X,0.5,2,SLEEP,Z,0,0
3/7/7/7/2/3/3/7/4 3 3,X,-0.75,4,SLEEP,Z,0.04288106,0.1621324
3/7/7/7/2/3/3/7/2 3 3,Z,-0.5,2,SLEEP,Z,0.07579751,0.1519868
3/7/7/7/2/3/3/7/1 3 3,X,0.5,2,SLEEP,Z,0.008295995,0.008368997
3/7/7/7/2/3/7/2/6 3 3,X,-0.5555555555555555555555555555,6,SLEEP,Z,0.1218314,0.3866208
3/7/7/7/2/3/7/2/5 3 3,X,-0.5,4,SLEEP,Z,0.03392506,0.1315267
3/7/7/7/2/3/7/2/3 3 3,Z,-0.5,4,SLEEP,Z,0.1105461,0.1910666
3/7/7/7/2/3/7/6/4 3 3,Z,-0.6666666666666666666666666666,4,SLEEP,Z,0.05616334,0.2351271
3/7/7/7/2/3/7/6/2 3 3,Z,-0.6666666666666666666666666666,4,SLEEP,Z,0.109164,0.3235547
3/7/7/7/2/3/7/6/1 3 3,Z,-0.6666666666666666666666666666,4,SLEEP,Z,0.03733461,0.1034563
3/7/7/7/2/3/7/5/4 3 3,X,-0.5555555555555555555555555555,6,SLEEP,Z,0.06384992,0.2376183
3/7/7/7/2/3/7/5/2 3 3,X,-0.5,4,SLEEP,Z,0.04714532,0.1724305
3/7/7/7/2/3/7/5/1 3 3,Z,-0.5,2,SLEEP,Z,0.03718346,0.1049999
3/7/7/7/2/3/7/3/4 3 3,X,-0.5555555555555555555555555555,10,SLEEP,Z,0.06349026,0.2677644
3/7/7/7/2/3/7/3/2 3 3,X,-0.5,2,SLEEP,Z,0.04193141,0.1424379
3/7/7/7/2/3/7/3/1 3 3,Z,-0.5,2,SLEEP,Z,0.02291013,0.0868902
3/7/7/7/2/7/2/2/7 3 3,X,-0.5,4,SLEEP,Z,0.03808215,0.1396114
3/7/7/7/2/7/2/6/6 3 3,X,-0.5555555555555555555555555555,4,SLEEP,Z,0.05689108,0.2135668
3/7/7/7/2/7/2/6/5 3 3,X,-0.5,4,SLEEP,Z,0.04019741,0.1615115
3/7/7/7/2/7/2/6/3 3 3,X,0.5,2,SLEEP,Z,0.01909997,0.06087778
3/7/7/7/2/7/2/5/6 3 3,X,-0.5555555555555555555555555555,6,SLEEP,Z,0.05317434,0.1990906
3/7/7/7/2/7/2/5/5 3 3,X,-0.5,4,SLEEP,Z,0.03850725,0.1117143
3/7/7/7/2/7/2/5/3 3 3,X,0.5,4,SLEEP,Z,0.01952252,0.06366238
3/7/7/7/2/7/2/3/6 3 3,X,-0.5555555555555555555555555555,8,SLEEP,Z,0.153703,0.4481426
3/7/7/7/2/7/2/3/5 3 3,X,-0.5,6,SLEEP,Z,0.04435478,0.1765994
3/7/7/7/2/7/2/3/3 3 3,X,0.5,2,SLEEP,Z,0.1506381,0.3366399
3/7/7/7/2/7/2/7/4 3 3,X,-0.5555555555555555555555555555,8,SLEEP,Z,0.1341105,0.3972331
3/7/7/7/2/7/2/7/2 3 3,X,-0.5,6,SLEEP,Z,0.08241859,0.2512241
3/7/7/7/2/7/2/7/1 3 3,X,0.5,2,SLEEP,Z,0.05204458,0.1258068
3/7/7/7/2/7/6/2/6 3 3,X,-0.6111111111111111111111111111,8,SLEEP,Z,0.08550487,0.2834703
3/7/7/7/2/7/6/2/5 3 3,X,-0.5555555555555555555555555555,6,SLEEP,Z,0.05446455,0.2152418
3/7/7/7/2/7/6/2/3 3 3,X,0.8333333333333333333333333333,2,SLEEP,Z,0.03199303,0.1071111
3/7/7/7/2/7/6/6/4 3 3,X,-0.6111111111111111111111111111,6,SLEEP,Z,0.07415134,0.318019
3/7/7/7/2/7/6/6/2 3 3,X,-0.5555555555555555555555555555,4,SLEEP,Z,0.03537296,0.1475762
3/7/7/7/2/7/6/6/1 3 3,X,0.8333333333333333333333333333,4,SLEEP,Z,0.04461235,0.1630604
3/7/7/7/2/7/6/5/4 3 3,X,-0.6111111111111111111111111111,10,SLEEP,Z,0.07981033,0.3426023
3/7/7/7/2/7/6/5/2 3 3,X,-0.5555555555555555555555555555,4,SLEEP,Z,0.04753319,0.1862041
3/7/7/7/2/7/6/5/1 3 3,X,0.8333333333333333333333333333,4,SLEEP,Z,0.03565333,0.1321519
3/7/7/7/2/7/6/3/4 3 3,X,-0.6111111111111111111111111111,6,SLEEP,Z,0.07387628,0.3197291
3/7/7/7/2/7/6/3/2 3 3,X,-0.5555555555555555555555555555,6,SLEEP,Z,0.05534667,0.2335257
3/7/7/7/2/7/6/3/1 3 3,X,0.8333333333333333333333333333,4,SLEEP,Z,0.04234753,0.1493357
3/7/7/7/2/7/5/2/6 3 3,X,-0.5555555555555555555555555555,4,SLEEP,Z,0.04275081,0.1380371
3/7/7/7/2/7/5/2/5 3 3,X,-0.5,4,SLEEP,Z,0.02771444,0.1187687
3/7/7/7/2/7/5/2/3 3 3,X,-0.4444444444444444444444444445,2,SLEEP,Z,0.007723413,0.03896612
3/7/7/7/2/7/5/6/4 3 3,X,-0.5555555555555555555555555555,6,SLEEP,Z,0.05016933,0.2174609
3/7/7/7/2/7/5/6/2 3 3,X,-0.5,2,SLEEP,Z,0.03297092,0.1210602
3/7/7/7/2/7/5/6/1 3 3,Z,0.5,4,SLEEP,Z,0.08607209,0.2287316
3/7/7/7/2/7/5/5/4 3 3,X,-0.5555555555555555555555555555,6,SLEEP,Z,0.0828502,0.3351981
3/7/7/7/2/7/5/5/2 3 3,X,-0.5,4,SLEEP,Z,0.05049417,0.1783616
3/7/7/7/2/7/5/5/1 3 3,X,-0.4444444444444444444444444445,4,SLEEP,Z,0.09569382,0.3272111
3/7/7/7/2/7/5/3/4 3 3,X,-0.5555555555555555555555555555,6,SLEEP,Z,0.05074005,0.2169831
3/7/7/7/2/7/5/3/2 3 3,X,-0.5,4,SLEEP,Z,0.04022306,0.1487722
3/7/7/7/2/7/5/3/1 3 3,Z,-0.5,2,SLEEP,Z,0.01680601,0.0655296
3/7/7/7/2/7/3/2/6 3 3,X,-0.8333333333333333333333333333,6,SLEEP,Z,0.1137048,0.3321448
3/7/7/7/2/7/3/2/5 3 3,X,-0.5,4,SLEEP,Z,0.03415166,0.1249364
3/7/7/7/2/7/3/2/3 3 3,X,0.5,2,SLEEP,Z,0.01773256,0.0384225
3/7/7/7/2/7/3/6/4 3 3,X,-0.8333333333333333333333333333,6,SLEEP,Z,0.04188575,0.162827
3/7/7/7/2/7/3/6/2 3 3,X,-0.5,4,SLEEP,Z,0.02967847,0.1086742
3/7/7/7/2/7/3/6/1 3 3,X,0.5,2,SLEEP,Z,0.01246679,0.04722236
3/7/7/7/2/7/3/5/4 3 3,X,-0.8333333333333333333333333333,4,SLEEP,Z,0.05776274,0.1569133
3/7/7/7/2/7/3/5/2 3 3,X,-0.5,2,SLEEP,Z,0.04167312,0.146293
3/7/7/7/2/7/3/5/1 3 3,X,0.5,2,SLEEP,Z,0,0
3/7/7/7/2/7/3/3/4 3 3,X,-0.8333333333333333333333333333,4,SLEEP,Z,0.03359819,0.1260919
3/7/7/7/2/7/3/3/2 3 3,X,-0.5,4,SLEEP,Z,0.03657207,0.1080412
3/7/7/7/2/7/3/3/1 3 3,X,0.5,2,SLEEP,Z,0.02170289,0.0631246
3/7/7/7/2/7/7/2/4 3 3,X,-0.5555555555555555555555555555,6,SLEEP,Z,0.05357634,0.2080739
3/7/7/7/2/7/7/2/2 3 3,X,-0.5,4,SLEEP,Z,0.03361374,0.135429
3/7/7/7/2/7/7/2/1 3 3,X,-0.4444444444444444444444444445,2,SLEEP,Z,0.0164213,0.06754702
3/7/7/7/6/2/2/6/7 3 3,X,-0.5555555555555555555555555555,2,SLEEP,Z,0.03135843,0.1245067
3/7/7/7/6/2/2/5/7 3 3,X,-0.5555555555555555555555555555,4,SLEEP,Z,0.1306757,0.314926
3/7/7/7/6/2/2/3/7 3 3,X,-0.5555555555555555555555555555,4,SLEEP,Z,0.03414453,0.09609269
3/7/7/7/6/2/2/7/6 3 3,X,-0.6111111111111111111111111112,6,SLEEP,Z,0.06585593,0.25269
3/7/7/7/6/2/2/7/5 3 3,X,-0.5555555555555555555555555555,4,SLEEP,Z,0.036071,0.1261326
3/7/7/7/6/2/2/7/3 3 3,X,0.6428571428571428571428571429,2,SLEEP,Z,0.02038377,0.06443876
3/7/7/7/6/2/6/2/7 3 3,X,-0.6111111111111111111111111112,6,SLEEP,Z,0.05229592,0.1945664
3/7/7/7/6/2/6/6/6 3 3,X,-0.6666666666666666666666666667,8,SLEEP,Z,0.07586212,0.3278798
3/7/7/7/6/2/6/6/5 3 3,X,-0.6111111111111111111111111112,2,SLEEP,Z,0.0489917,0.1957305
3/7/7/7/6/2/6/6/3 3 3,X,0.75,4,SLEEP,Z,0.03385399,0.1216977
3/7/7/7/6/2/6/5/6 3 3,X,-0.6666666666666666666666666667,8,SLEEP,Z,0.06582046,0.2995119
3/7/7/7/6/2/6/5/5 3 3,X,-0.6111111111111111111111111112,8,SLEEP,Z,0.05542691,0.229523
3/7/7/7/6/2/6/5/3 3 3,X,0.75,4,SLEEP,Z,0.03087701,0.1078998
3/7/7/7/6/2/6/3/6 3 3,X,-0.6666666666666666666666666667,8,SLEEP,Z,0.09036556,0.3924634
3/7/7/7/6/2/6/3/5 3 3,X,-0.6111111111111111111111111112,8,SLEEP,Z,0.1306511,0.3054762
3/7/7/7/6/2/6/3/3 3 3,X,0.75,4,SLEEP,Z,0.02973502,0.1013813
3/7/7/7/6/2/6/7/4 3 3,X,-0.6666666666666666666666666667,6,SLEEP,Z,0.06732456,0.3080982
3/7/7/7/6/2/6/7/2 3 3,X,-0.6111111111111111111111111112,6,SLEEP,Z,0.06171756,0.2200656
3/7/7/7/6/2/6/7/1 3 3,X,0.75,2,SLEEP,Z,0.2174437,0.3315175
3/7/7/7/6/2/5/2/7 3 3,X,-0.5555555555555555555555555555,6,SLEEP,Z,0.04137593,0.1682956
3/7/7/7/6/2/5/6/6 3 3,X,-0.6111111111111111111111111112,4,SLEEP,Z,0.05024995,0.2146484
3/7/7/7/6/2/5/6/5 3 3,X,-0.5555555555555555555555555555,4,SLEEP,Z,0.04292277,0.1753967
3/7/7/7/6/2/5/6/3 3 3,X,0.6428571428571428571428571429,2,SLEEP,Z,0.02424246,0.07832612
3/7/7/7/6/2/5/5/6 3 3,X,-0.6111111111111111111111111112,6,SLEEP,Z,0.05082516,0.2524822
3/7/7/7/6/2/5/5/5 3 3,X,-0.5555555555555555555555555555,2,SLEEP,Z,0.02706933,0.1125207
3/7/7/7/6/2/5/5/3 3 3,X,0.6428571428571428571428571429,2,SLEEP,Z,0.01882623,0.07814971
3/7/7/7/6/2/5/3/6 3 3,X,-0.6111111111111111111111111112,4,SLEEP,Z,0.048579,0.2095986
3/7/7/7/6/2/5/3/5 3 3,X,-0.5555555555555555555555555555,6,SLEEP,Z,0.1076886,0.2563964
3/7/7/7/6/2/5/3/3 3 3,X,0.6428571428571428571428571429,2,SLEEP,Z,0.02304029,0.08068065
3/7/7/7/6/2/5/7/4 3 3,X,-0.6111111111111111111111111112,6,SLEEP,Z,0.06248392,0.2834272
3/7/7/7/6/2/5/7/2 3 3,X,-0.5555555555555555555555555555,4,SLEEP,Z,0.03345516,0.1190686
3/7/7/7/6/2/5/7/1 3 3,X,0.6428571428571428571428571429,2,SLEEP,Z,0.03108425,0.07893419
3/7/7/7/6/2/3/2/7 3 3,X,0.6428571428571428571428571429,2,SLEEP,Z,0.02951892,0.07558151
3/7/7/7/6/2/3/6/6 3 3,X,-0.75,6,SLEEP,Z,0.04699871,0.1361731
3/7/7/7/6/2/3/6/5 3 3,X,0.6428571428571428571428571429,4,SLEEP,Z,0.03320832,0.09316847
3/7/7/7/6/2/3/6/3 3 3,X,0.7857142857142857142857142857,2,SLEEP,Z,0.04148711,0.1035189
3/7/7/7/6/2/3/5/6 3 3,X,-0.75,2,SLEEP,Z,0.02337988,0.07289986
3/7/7/7/6/2/3/5/5 3 3,X,0.6428571428571428571428571429,4,SLEEP,Z,0.03139909,0.09988211
3/7/7/7/6/2/3/5/3 3 3,X,0.7857142857142857142857142857,2,SLEEP,Z,0.01496025,0.02518695
3/7/7/7/6/2/3/3/6 3 3,X,-0.75,4,SLEEP,Z,0.1431964,0.3094594
3/7/7/7/6/2/3/3/5 3 3,X,0.6428571428571428571428571429,4,SLEEP,Z,0.1236672,0.2660661
3/7/7/7/6/2/3/3/3 3 3,X,0.7857142857142857142857142857,4,SLEEP,Z,0.05433428,0.0926863
3/7/7/7/6/2/3/7/4 3 3,X,-0.75,6,SLEEP,Z,0.0475683,0.1815228
3/7/7/7/6/2/3/7/2 3 3,X,0.6428571428571428571428571429,2,SLEEP,Z,0,0
3/7/7/7/6/2/3/7/1 3 3,X,0.7857142857142857142857142857,2,SLEEP,Z,0.05332484,0.1039463
3/7/7/7/6/2/7/2/6 3 3,X,-0.6111111111111111111111111111,6,SLEEP,Z,0.06179196,0.2748477
3/7/7/7/6/2/7/2/5 3 3,X,-0.5555555555555555555555555555,6,SLEEP,Z,0.04554462,0.1988911
3/7/7/7/6/2/7/2/3 3 3,X,0.6428571428571428571428571428,2,SLEEP,Z,0.01808911,0.06287809
3/7/7/7/6/2/7/6/4 3 3,X,-0.6111111111111111111111111111,6,SLEEP,Z,0.06200448,0.2580554
3/7/7/7/6/2/7/6/2 3 3,X,-0.5555555555555555555555555555,4,SLEEP,Z,0.03864609,0.1538894
3/7/7/7/6/2/7/6/1 3 3,X,0.6428571428571428571428571428,4,SLEEP,Z,0.03260832,0.07106155
3/7/7/7/6/2/7/5/4 3 3,X,-0.6111111111111111111111111111,6,SLEEP,Z,0.06144956,0.2777627
3/7/7/7/6/2/7/5/2 3 3,X,-0.5555555555555555555555555555,4,SLEEP,Z,0.03381888,0.1407314
3/7/7/7/6/2/7/5/1 3 3,X,0.6428571428571428571428571428,4,SLEEP,Z,0.1373122,0.2692833
3/7/7/7/6/2/7/3/4 3 3,X,-0.6111111111111111111111111111,6,SLEEP,Z,0.06461865,0.2527021
3/7/7/7/6/2/7/3/2 3 3,X,-0.5555555555555555555555555555,6,SLEEP,Z,0.05419658,0.1799556
3/7/7/7/6/2/7/3/1 3 3,X,0.6428571428571428571428571428,4,SLEEP,Z,0.050839,0.1236076
3/7/7/7/6/6/2/2/7 3 3,X,-0.5555555555555555555555555555,6,SLEEP,Z,0.05464746,0.1823017
3/7/7/7/6/6/2/6/6 3 3,X,-0.6111111111111111111111111112,4,SLEEP,Z,0.0468393,0.1997747
3/7/7/7/6/6/2/6/5 3 3,X,-0.5555555555555555555555555555,2,SLEEP,Z,0.03493206,0.1369906
3/7/7/7/6/6/2/6/3 3 3,X,0.6428571428571428571428571429,4,SLEEP,Z,0.1565142,0.3329316
3/7/7/7/6/6/2/5/6 3 3,X,-0.6111111111111111111111111112,6,SLEEP,Z,0.05038316,0.1924695
3/7/7/7/6/6/2/5/5 3 3,X,-0.5555555555555555555555555555,4,SLEEP,Z,0.03672115,0.1283285
3/7/7/7/6/6/2/5/3 3 3,X,0.6428571428571428571428571429,4,SLEEP,Z,0.1801733,0.2289672
3/7/7/7/6/6/2/3/6 3 3,Z,0.7,6,SLEEP,Z,0.04899822,0.1898668
3/7/7/7/6/6/2/3/5 3 3,Z,0.7,2,SLEEP,Z,0.01485942,0.05972122
3/7/7/7/6/6/2/3/3 3 3,Z,0.7,2,SLEEP,Z,0.03276802,0.06391295
3/7/7/7/6/6/2/7/4 3 3,X,-0.6111111111111111111111111112,2,SLEEP,Z,0.04652533,0.1939638
3/7/7/7/6/6/2/7/2 3 3,X,-0.5555555555555555555555555555,6,SLEEP,Z,0.05846322,0.1754399
3/7/7/7/6/6/2/7/1 3 3,X,0.6428571428571428571428571429,2,SLEEP,Z,0.02835932,0.07042132
3/7/7/7/6/6/6/2/6 3 3,X,-0.6666666666666666666666666667,12,SLEEP,Z,0.08860216,0.3799436
3/7/7/7/6/6/6/2/5 3 3,X,-0.6111111111111111111111111112,4,SLEEP,Z,0.05361838,0.2324025
3/7/7/7/6/6/6/2/3 3 3,X,0.8333333333333333333333333333,4,SLEEP,Z,0.0336211,0.09256292
3/7/7/7/6/6/6/6/4 3 3,X,-0.6666666666666666666666666667,8,SLEEP,Z,0.07852558,0.3718036
3/7/7/7/6/6/6/6/2 3 3,X,-0.6111111111111111111111111112,4,SLEEP,Z,0.04988189,0.2283582
3/7/7/7/6/6/6/6/1 3 3,X,0.8333333333333333333333333333,4,SLEEP,Z,0.03360846,0.1262105
3/7/7/7/6/6/6/5/4 3 3,X,-0.6666666666666666666666666667,8,SLEEP,Z,0.07633279,0.3666874
3/7/7/7/6/6/6/5/2 3 3,X,-0.6111111111111111111111111112,4,SLEEP,Z,0.05689733,0.2468504
3/7/7/7/6/6/6/5/1 3 3,X,0.8333333333333333333333333333,4,SLEEP,Z,0.03260153,0.1335255
3/7/7/7/6/6/6/3/4 3 3,Z,0.7,8,SLEEP,Z,0.1129701,0.4313269
3/7/7/7/6/6/6/3/2 3 3,Z,0.7,6,SLEEP,Z,0.1038132,0.3506432
3/7/7/7/6/6/6/3/1 3 3,X,0.8333333333333333333333333333,6,SLEEP,Z,0.2734474,0.3102515
3/7/7/7/6/6/5/2/6 3 3,X,-0.6111111111111111111111111112,2,SLEEP,Z,0.06113895,0.226952
3/7/7/7/6/6/5/2/5 3 3,X,-0.5555555555555555555555555555,4,SLEEP,Z,0.1107533,0.3126991
3/7/7/7/6/6/5/2/3 3 3,X,0.6428571428571428571428571429,4,SLEEP,Z,0.1307563,0.2385118
3/7/7/7/6/6/5/6/4 3 3,X,-0.6111111111111111111111111112,6,SLEEP,Z,0.05077033,0.2431091
3/7/7/7/6/6/5/6/2 3 3,X,-0.5555555555555555555555555555,4,SLEEP,Z,0.02613008,0.1055051
3/7/7/7/6/6/5/6/1 3 3,X,0.6428571428571428571428571429,2,SLEEP,Z,0.023242,0.09932785
3/7/7/7/6/6/5/5/4 3 3,X,-0.6111111111111111111111111112,8,SLEEP,Z,0.07087024,0.3170043
3/7/7/7/6/6/5/5/2 3 3,X,-0.5555555555555555555555555555,4,SLEEP,Z,0.0483503,0.1907845
3/7/7/7/6/6/5/5/1 3 3,X,0.6428571428571428571428571429,2,SLEEP,Z,0.02403987,0.09980655
3/7/7/7/6/6/5/3/4 3 3,Z,0.7,6,SLEEP,Z,0.06480053,0.3049761
3/7/7/7/6/6/5/3/2 3 3,Z,0.7,4,SLEEP,Z,0.05313956,0.1421619
3/7/7/7/6/6/5/3/1 3 3,Z,0.7,2,SLEEP,Z,0.03133214,0.09016803
3/7/7/7/6/6/3/2/6 3 3,X,-0.8333333333333333333333333333,6,SLEEP,Z,0.03985105,0.1497736
3/7/7/7/6/6/3/2/5 3 3,X,0.6428571428571428571428571429,4,SLEEP,Z,0.02025202,0.08820365
3/7/7/7/6/6/3/2/3 3 3,X,0.7857142857142857142857142857,2,SLEEP,Z,0.02843016,0.05055105
3/7/7/7/6/6/3/6/4 3 3,X,-0.8333333333333333333333333333,4,SLEEP,Z,0.1341442,0.341676
3/7/7/7/6/6/3/6/2 3 3,X,0.6428571428571428571428571429,4,SLEEP,Z,0.0293567,0.1135887
3/7/7/7/6/6/3/6/1 3 3,X,0.7857142857142857142857142857,2,SLEEP,Z,0.02226454,0.07796007
3/7/7/7/6/6/3/5/4 3 3,X,-0.8333333333333333333333333333,4,SLEEP,Z,0.0499115,0.1677756
3/7/7/7/6/6/3/5/2 3 3,X,0.6428571428571428571428571429,4,SLEEP,Z,0.1340875,0.2792412
3/7/7/7/6/6/3/5/1 3 3,X,0.7857142857142857142857142857,2,SLEEP,Z,0,0
3/7/7/7/6/6/3/3/4 3 3,X,-0.8333333333333333333333333333,6,SLEEP,Z,0.06829216,0.2301041
3/7/7/7/6/6/3/3/2 3 3,Z,0.7,2,SLEEP,Z,0.02591407,0.08778527
3/7/7/7/6/6/3/3/1 3 3,X,0.7857142857142857142857142857,2,SLEEP,Z,0.03674125,0.08109195
3/7/7/7/6/6/7/2/4 3 3,X,-0.6111111111111111111111111112,8,SLEEP,Z,0.1191605,0.4028078
3/7/7/7/6/6/7/2/2 3 3,X,-0.5555555555555555555555555555,4,SLEEP,Z,0.02804348,0.1177408
3/7/7/7/6/6/7/2/1 3 3,X,0.6428571428571428571428571429,2,SLEEP,Z,0.01902878,0.07729098
3/7/7/7/6/5/2/2/7 3 3,X,-0.5555555555555555555555555555,4,SLEEP,Z,0.03338976,0.1281692
3/7/7/7/6/5/2/6/6 3 3,X,-0.6111111111111111111111111112,6,SLEEP,Z,0.0696161,0.2748068
3/7/7/7/6/5/2/6/5 3 3,X,-0.5555555555555555555555555555,4,SLEEP,Z,0.03349172,0.1255559
3/7/7/7/6/5/2/6/3 3 3,X,0.6428571428571428571428571429,4,SLEEP,Z,0.03823855,0.09483211
3/7/7/7/6/5/2/5/6 3 3,X,-0.6111111111111111111111111112,6,SLEEP,Z,0.07977843,0.2478991
3/7/7/7/6/5/2/5/5 3 3,X,-0.5555555555555555555555555555,4,SLEEP,Z,0.03749783,0.1444788
3/7/7/7/6/5/2/5/3 3 3,X,0.6428571428571428571428571429,2,SLEEP,Z,0.0253542,0.09997144
3/7/7/7/6/5/2/3/6 3 3,X,-0.6111111111111111111111111112,8,SLEEP,Z,0.08998138,0.3046958
3/7/7/7/6/5/2/3/5 3 3,X,-0.5555555555555555555555555555,4,SLEEP,Z,0.05001656,0.1404484
3/7/7/7/6/5/2/3/3 3 3,X,0.6428571428571428571428571429,2,SLEEP,Z,0.02863932,0.1071321
3/7/7/7/6/5/2/7/4 3 3,X,-0.6111111111111111111111111112,10,SLEEP,Z,0.1199042,0.3907217
3/7/7/7/6/5/2/7/2 3 3,X,-0.5555555555555555555555555555,4,SLEEP,Z,0.05275748,0.1282635
3/7/7/7/6/5/2/7/1 3 3,X,0.6428571428571428571428571429,4,SLEEP,Z,0.02844711,0.08996813
3/7/7/7/6/5/6/2/6 3 3,X,-0.6666666666666666666666666667,8,SLEEP,Z,0.09047586,0.345474
3/7/7/7/6/5/6/2/5 3 3,X,-0.6111111111111111111111111112,10,SLEEP,Z,0.07475684,0.303881
3/7/7/7/6/5/6/2/3 3 3,X,0.8333333333333333333333333333,2,SLEEP,Z,0.02637292,0.1028375
3/7/7/7/6/5/6/6/4 3 3,X,-0.6666666666666666666666666667,8,SLEEP,Z,0.1032679,0.4297993
3/7/7/7/6/5/6/6/2 3 3,X,-0.6111111111111111111111111112,6,SLEEP,Z,0.06403019,0.2689825
3/7/7/7/6/5/6/6/1 3 3,X,0.8333333333333333333333333333,4,SLEEP,Z,0.03743912,0.1533415
3/7/7/7/6/5/6/5/4 3 3,X,-0.6666666666666666666666666667,8,SLEEP,Z,0.07966611,0.3770145
3/7/7/7/6/5/6/5/2 3 3,X,-0.6111111111111111111111111112,6,SLEEP,Z,0.06042847,0.2699523
3/7/7/7/6/5/6/5/1 3 3,X,0.8333333333333333333333333333,4,SLEEP,Z,0.02822287,0.1291096
3/7/7/7/6/5/6/3/4 3 3,X,-0.6666666666666666666666666667,6,SLEEP,Z,0.07870968,0.3457198
3/7/7/7/6/5/6/3/2 3 3,X,-0.6111111111111111111111111112,6,SLEEP,Z,0.05948538,0.2452113
3/7/7/7/6/5/6/3/1 3 3,X,0.8333333333333333333333333333,4,SLEEP,Z,0.03614189,0.14407
3/7/7/7/6/5/5/2/6 3 3,X,-0.6111111111111111111111111112,6,SLEEP,Z,0.1318435,0.4045141
3/7/7/7/6/5/5/2/5 3 3,X,-0.5555555555555555555555555555,6,SLEEP,Z,0.04660674,0.1952559
3/7/7/7/6/5/5/2/3 3 3,X,0.6428571428571428571428571429,4,SLEEP,Z,0.02895948,0.1068702
3/7/7/7/6/5/5/6/4 3 3,X,-0.6111111111111111111111111112,6,SLEEP,Z,0.04980221,0.2278953
3/7/7/7/6/5/5/6/2 3 3,X,-0.5555555555555555555555555555,2,SLEEP,Z,0.03449589,0.1187176
3/7/7/7/6/5/5/6/1 3 3,X,0.6428571428571428571428571429,2,SLEEP,Z,0.023709,0.1060771
3/7/7/7/6/5/5/5/4 3 3,X,-0.6111111111111111111111111112,6,SLEEP,Z,0.06751052,0.2764026
3/7/7/7/6/5/5/5/2 3 3,X,-0.5555555555555555555555555555,4,SLEEP,Z,0.0336214,0.1287459
3/7/7/7/6/5/5/5/1 3 3,X,0.6428571428571428571428571429,2,SLEEP,Z,0.02846806,0.07766298
3/7/7/7/6/5/5/3/4 3 3,X,-0.6111111111111111111111111112,6,SLEEP,Z,0.05879667,0.2334811
3/7/7/7/6/5/5/3/2 3 3,X,-0.5555555555555555555555555555,4,SLEEP,Z,0.03746947,0.1660537
3/7/7/7/6/5/5/3/1 3 3,X,0.6428571428571428571428571429,2,SLEEP,Z,0.03345511,0.08968201
3/7/7/7/6/5/3/2/6 3 3,X,-0.8333333333333333333333333333,6,SLEEP,Z,0.07228173,0.2739232
3/7/7/7/6/5/3/2/5 3 3,X,0.6428571428571428571428571429,4,SLEEP,Z,0.02441632,0.0899606
3/7/7/7/6/5/3/2/3 3 3,X,0.7857142857142857142857142857,2,SLEEP,Z,0.01319709,0.04260586
3/7/7/7/6/5/3/6/4 3 3,X,-0.8333333333333333333333333333,4,SLEEP,Z,0.03691191,0.1605733
3/7/7/7/6/5/3/6/2 3 3,X,0.6428571428571428571428571429,2,SLEEP,Z,0.02463213,0.1014891
3/7/7/7/6/5/3/6/1 3 3,X,0.7857142857142857142857142857,2,SLEEP,Z,0.03757701,0.07224143
3/7/7/7/6/5/3/5/4 3 3,X,-0.8333333333333333333333333333,4,SLEEP,Z,0.056269,0.1477459
3/7/7/7/6/5/3/5/2 3 3,X,0.6428571428571428571428571429,2,SLEEP,Z,0.01830419,0.07067579
3/7/7/7/6/5/3/5/1 3 3,X,0.7857142857142857142857142857,2,SLEEP,Z,0.01304013,0.0503234
3/7/7/7/6/5/3/3/4 3 3,X,-0.8333333333333333333333333333,6,SLEEP,Z,0.05883443,0.2343222
3/7/7/7/6/5/3/3/2 3 3,X,0.6428571428571428571428571429,2,SLEEP,Z,0.02752024,0.09459376
3/7/7/7/6/5/3/3/1 3 3,X,0.7857142857142857142857142857,2,SLEEP,Z,0.1025523,0.1754255
3/7/7/7/6/5/7/2/4 3 3,X,-0.6111111111111111111111111112,8,SLEEP,Z,0.06914188,0.3199534
3/7/7/7/6/5/7/2/2 3 3,X,-0.5555555555555555555555555555,4,SLEEP,Z,0.04562612,0.2011523
3/7/7/7/6/5/7/2/1 3 3,X,0.6428571428571428571428571429,4,SLEEP,Z,0.04291353,0.1758239
3/7/7/7/6/3/2/2/7 3 3,X,-0.5555555555555555555555555555,4,SLEEP,Z,0.05618722,0.1339433
3/7/7/7/6/3/2/6/6 3 3,Z,-0.7,6,SLEEP,Z,0.08070957,0.3075928
3/7/7/7/6/3/2/6/5 3 3,Z,-0.7,4,SLEEP,Z,0.1671378,0.3382635
3/7/7/7/6/3/2/6/3 3 3,Z,-0.7,4,SLEEP,Z,0.07038424,0.1261541
3/7/7/7/6/3/2/5/6 3 3,X,-0.6111111111111111111111111112,6,SLEEP,Z,0.1490693,0.4119341
3/7/7/7/6/3/2/5/5 3 3,X,-0.5555555555555555555555555555,6,SLEEP,Z,0.1232459,0.3336624
3/7/7/7/6/3/2/5/3 3 3,X,0.6428571428571428571428571429,4,SLEEP,Z,0.03722691,0.1087811
3/7/7/7/6/3/2/3/6 3 3,X,-0.6111111111111111111111111112,4,SLEEP,Z,0.04387358,0.1743252
3/7/7/7/6/3/2/3/5 3 3,X,-0.5555555555555555555555555555,2,SLEEP,Z,0.03762306,0.1642731
3/7/7/7/6/3/2/3/3 3 3,X,0.6428571428571428571428571429,4,SLEEP,Z,0.08400033,0.1565423
3/7/7/7/6/3/2/7/4 3 3,X,-0.6111111111111111111111111112,6,SLEEP,Z,0.06822778,0.2662829
3/7/7/7/6/3/2/7/2 3 3,X,-0.5555555555555555555555555555,4,SLEEP,Z,0.03992171,0.1445001
3/7/7/7/6/3/2/7/1 3 3,X,0.6428571428571428571428571429,4,SLEEP,Z,0.02576298,0.08386236
3/7/7/7/6/3/6/2/6 3 3,X,-0.6666666666666666666666666667,8,SLEEP,Z,0.07814787,0.3493982
3/7/7/7/6/3/6/2/5 3 3,X,-0.6111111111111111111111111112,8,SLEEP,Z,0.0511159,0.2180801
3/7/7/7/6/3/6/2/3 3 3,X,0.8333333333333333333333333333,4,SLEEP,Z,0.04576306,0.09375051
3/7/7/7/6/3/6/6/4 3 3,Z,-0.7,6,SLEEP,Z,0.086091,0.3663876
3/7/7/7/6/3/6/6/2 3 3,Z,-0.7,6,SLEEP,Z,0.05772489,0.261386
3/7/7/7/6/3/6/6/1 3 3,X,0.8333333333333333333333333333,4,SLEEP,Z,0.2457156,0.321067
3/7/7/7/6/3/6/5/4 3 3,X,-0.6666666666666666666666666667,10,SLEEP,Z,0.08705762,0.402381
3/7/7/7/6/3/6/5/2 3 3,X,-0.6111111111111111111111111112,6,SLEEP,Z,0.06359677,0.2713901
3/7/7/7/6/3/6/5/1 3 3,X,0.8333333333333333333333333333,4,SLEEP,Z,0.04418045,0.1437937
3/7/7/7/6/3/6/3/4 3 3,X,-0.6666666666666666666666666667,8,SLEEP,Z,0.1094139,0.4374556
3/7/7/7/6/3/6/3/2 3 3,X,-0.6111111111111111111111111112,4,SLEEP,Z,0.05708815,0.2870778
3/7/7/7/6/3/6/3/1 3 3,X,0.8333333333333333333333333333,2,SLEEP,Z,0.02940604,0.1086494
3/7/7/7/6/3/5/2/6 3 3,X,-0.6111111111111111111111111112,6,SLEEP,Z,0.06382885,0.290241
3/7/7/7/6/3/5/2/5 3 3,X,-0.5555555555555555555555555555,4,SLEEP,Z,0.02793845,0.1107374
3/7/7/7/6/3/5/2/3 3 3,X,0.6428571428571428571428571429,4,SLEEP,Z,0.02536095,0.09401497
3/7/7/7/6/3/5/6/4 3 3,Z,-0.7,6,SLEEP,Z,0.1219016,0.3677994
3/7/7/7/6/3/5/6/2 3 3,Z,-0.7,6,SLEEP,Z,0.1549177,0.3474794
3/7/7/7/6/3/5/6/1 3 3,Z,-0.7,4,SLEEP,Z,0.1364925,0.2090065
3/7/7/7/6/3/5/5/4 3 3,X,-0.6111111111111111111111111112,4,SLEEP,Z,0.0444752,0.2062936
3/7/7/7/6/3/5/5/2 3 3,X,-0.5555555555555555555555555555,4,SLEEP,Z,0.03257161,0.130227
3/7/7/7/6/3/5/5/1 3 3,X,0.6428571428571428571428571429,2,SLEEP,Z,0.0569714,0.1074767
3/7/7/7/6/3/5/3/4 3 3,X,-0.6111111111111111111111111112,6,SLEEP,Z,0.04479345,0.2082246
3/7/7/7/6/3/5/3/2 3 3,X,-0.5555555555555555555555555555,2,SLEEP,Z,0.03268859,0.1443174
3/7/7/7/6/3/5/3/1 3 3,X,0.6428571428571428571428571429,2,SLEEP,Z,0.02766189,0.06573541
3/7/7/7/6/3/3/2/6 3 3,X,-0.8333333333333333333333333333,4,SLEEP,Z,0.03772059,0.1612867
3/7/7/7/6/3/3/2/5 3 3,X,0.6428571428571428571428571429,4,SLEEP,Z,0.02412439,0.08610801
3/7/7/7/6/3/3/2/3 3 3,X,0.7857142857142857142857142857,2,SLEEP,Z,0.0259674,0.03458622
3/7/7/7/6/3/3/6/4 3 3,X,-0.8333333333333333333333333333,4,SLEEP,Z,0.1163217,0.3310172
3/7/7/7/6/3/3/6/2 3 3,Z,-0.7,4,SLEEP,Z,0.119924,0.2551782
3/7/7/7/6/3/3/6/1 3 3,X,0.7857142857142857142857142857,2,SLEEP,Z,0.01706359,0.04822175
3/7/7/7/6/3/3/5/4 3 3,X,-0.8333333333333333333333333333,6,SLEEP,Z,0.06699235,0.3045253
3/7/7/7/6/3/3/5/2 3 3,X,0.6428571428571428571428571429,2,SLEEP,Z,0.0238067,0.09540813
3/7/7/7/6/3/3/5/1 3 3,X,0.7857142857142857142857142857,2,SLEEP,Z,0.01606115,0.05091371
3/7/7/7/6/3/3/3/4 3 3,X,-0.8333333333333333333333333333,6,SLEEP,Z,0.1334891,0.379355
3/7/7/7/6/3/3/3/2 3 3,X,0.6428571428571428571428571429,2,SLEEP,Z,0.03024297,0.1096471
3/7/7/7/6/3/3/3/1 3 3,X,0.7857142857142857142857142857,2,SLEEP,Z,0.02078147,0.07463462
3/7/7/7/6/3/7/2/4 3 3,X,-0.6111111111111111111111111112,8,SLEEP,Z,0.06834172,0.3240092
3/7/7/7/6/3/7/2/2 3 3,X,-0.5555555555555555555555555555,6,SLEEP,Z,0.03853382,0.1680462
3/7/7/7/6/3/7/2/1 3 3,X,0.6428571428571428571428571429,4,SLEEP,Z,0.0331398,0.1373936
3/7/7/7/6/7/2/2/6 3 3,X,-0.6666666666666666666666666666,8,SLEEP,Z,0.09696095,0.3803679
3/7/7/7/6/7/2/2/5 3 3,X,-0.5555555555555555555555555555,2,SLEEP,Z,0.03864595,0.1637898
3/7/7/7/6/7/2/2/3 3 3,X,0.6666666666666666666666666666,2,SLEEP,Z,0.03285383,0.07899451
3/7/7/7/6/7/2/6/4 3 3,X,-0.6666666666666666666666666666,6,SLEEP,Z,0.05606977,0.2501301
3/7/7/7/6/7/2/6/2 3 3,X,-0.5555555555555555555555555555,4,SLEEP,Z,0.1284997,0.328793
3/7/7/7/6/7/2/6/1 3 3,X,0.6666666666666666666666666666,2,SLEEP,Z,0.02954922,0.06615406
3/7/7/7/6/7/2/5/4 3 3,X,-0.6666666666666666666666666666,4,SLEEP,Z,0.0419452,0.1871058
3/7/7/7/6/7/2/5/2 3 3,X,-0.5555555555555555555555555555,6,SLEEP,Z,0.06429467,0.1889071
3/7/7/7/6/7/2/5/1 3 3,X,0.6666666666666666666666666666,2,SLEEP,Z,0.04225266,0.1389244
3/7/7/7/6/7/2/3/4 3 3,X,-0.6666666666666666666666666666,8,SLEEP,Z,0.07569774,0.3153715
3/7/7/7/6/7/2/3/2 3 3,X,-0.5555555555555555555555555555,6,SLEEP,Z,0.03736813,0.154968
3/7/7/7/6/7/2/3/1 3 3,X,0.6666666666666666666666666666,2,SLEEP,Z,0.03017349,0.0817122
3/7/7/7/6/7/6/2/4 3 3,X,-0.6666666666666666666666666667,8,SLEEP,Z,0.06960457,0.317387
3/7/7/7/6/7/6/2/2 3 3,X,-0.6111111111111111111111111112,6,SLEEP,Z,0.05802494,0.258499
3/7/7/7/6/7/5/2/4 3 3,X,-0.6111111111111111111111111112,6,SLEEP,Z,0.07267548,0.2972294
3/7/7/7/6/7/5/2/2 3 3,X,-0.5555555555555555555555555555,4,SLEEP,Z,0.07516355,0.2896436
3/7/7/7/6/7/5/2/1 3 3,X,0.6428571428571428571428571429,2,SLEEP,Z,0.02210594,0.0893272
3/7/7/7/6/7/3/2/2 3 3,X,0.6428571428571428571428571429,2,SLEEP,Z,0.03653279,0.1541368
3/7/7/7/6/7/3/2/1 3 3,X,0.7857142857142857142857142857,2,SLEEP,Z,0.01375757,0.05509609
3/7/7/7/5/2/2/6/7 3 3,X,-0.5,4,SLEEP,Z,0.04376184,0.1269988
3/7/7/7/5/2/2/5/7 3 3,X,-0.5,6,SLEEP,Z,0.1053196,0.2585838
3/7/7/7/5/2/2/3/7 3 3,X,-0.5,4,SLEEP,Z,0.05922853,0.1372234
3/7/7/7/5/2/2/7/6 3 3,X,-0.5555555555555555555555555555,6,SLEEP,Z,0.06486531,0.2612033
3/7/7/7/5/2/2/7/5 3 3,X,-0.5,4,SLEEP,Z,0.03320305,0.1331506
3/7/7/7/5/2/2/7/3 3 3,X,-0.4444444444444444444444444445,2,SLEEP,Z,0.027031,0.1165124
3/7/7/7/5/2/6/2/7 3 3,X,-0.5555555555555555555555555555,8,SLEEP,Z,0.1334288,0.3290984
3/7/7/7/5/2/6/6/6 3 3,X,-0.6111111111111111111111111111,8,SLEEP,Z,0.06769153,0.3041411
3/7/7/7/5/2/6/6/5 3 3,X,-0.5555555555555555555555555555,4,SLEEP,Z,0.04734215,0.1890833
3/7/7/7/5/2/6/6/3 3 3,X,0.75,4,SLEEP,Z,0.07486043,0.1237202
3/7/7/7/5/2/6/5/6 3 3,X,-0.6111111111111111111111111111,6,SLEEP,Z,0.06263805,0.2845694
3/7/7/7/5/2/6/5/5 3 3,X,-0.5555555555555555555555555555,4,SLEEP,Z,0.0351989,0.1462737
3/7/7/7/5/2/6/5/3 3 3,X,0.75,2,SLEEP,Z,0.02189404,0.09514575
3/7/7/7/5/2/6/3/6 3 3,X,-0.6111111111111111111111111111,6,SLEEP,Z,0.06021826,0.256007
3/7/7/7/5/2/6/3/5 3 3,X,-0.5555555555555555555555555555,4,SLEEP,Z,0.03561394,0.1433721
3/7/7/7/5/2/6/3/3 3 3,X,0.75,2,SLEEP,Z,0.0280189,0.1097787
3/7/7/7/5/2/6/7/4 3 3,X,-0.6111111111111111111111111111,6,SLEEP,Z,0.06110352,0.2657044
3/7/7/7/5/2/6/7/2 3 3,X,-0.5555555555555555555555555555,4,SLEEP,Z,0.03234308,0.1400529
3/7/7/7/5/2/6/7/1 3 3,X,0.75,4,SLEEP,Z,0.2163761,0.3027987
3/7/7/7/5/2/5/2/7 3 3,X,-0.5,4,SLEEP,Z,0.03151982,0.1365411
3/7/7/7/5/2/5/6/6 3 3,X,-0.5555555555555555555555555555,4,SLEEP,Z,0.08038098,0.2530321
3/7/7/7/5/2/5/6/5 3 3,X,-0.5,4,SLEEP,Z,0.03828378,0.1508481
3/7/7/7/5/2/5/6/3 3 3,Z,0.5,2,SLEEP,Z,0.03920213,0.153478
3/7/7/7/5/2/5/5/6 3 3,X,-0.5555555555555555555555555555,6,SLEEP,Z,0.06038366,0.2499107
3/7/7/7/5/2/5/5/5 3 3,X,-0.5,4,SLEEP,Z,0.03328084,0.1083789
3/7/7/7/5/2/5/5/3 3 3,X,-0.4444444444444444444444444445,6,SLEEP,Z,0.04320838,0.1981893
3/7/7/7/5/2/5/3/6 3 3,X,-0.5555555555555555555555555555,4,SLEEP,Z,0.0405843,0.1745048
3/7/7/7/5/2/5/3/5 3 3,X,-0.5,6,SLEEP,Z,0.04754681,0.1910729
3/7/7/7/5/2/5/3/3 3 3,Z,-0.5,4,SLEEP,Z,0.02805095,0.1210832
3/7/7/7/5/2/5/7/4 3 3,X,-0.5555555555555555555555555555,8,SLEEP,Z,0.05386877,0.2449594
3/7/7/7/5/2/5/7/2 3 3,X,-0.5,2,SLEEP,Z,0.02775041,0.1078758
3/7/7/7/5/2/5/7/1 3 3,X,-0.4444444444444444444444444445,4,SLEEP,Z,0.03121369,0.1386011
3/7/7/7/5/2/3/2/7 3 3,X,-0.5,4,SLEEP,Z,0.03531392,0.1439015
3/7/7/7/5/2/3/6/6 3 3,X,-0.75,4,SLEEP,Z,0.03856156,0.1581457
3/7/7/7/5/2/3/6/5 3 3,X,-0.5,4,SLEEP,Z,0.04916353,0.1699287
3/7/7/7/5/2/3/6/3 3 3,Z,0.5,2,SLEEP,Z,0.0217684,0.08289519
3/7/7/7/5/2/3/5/6 3 3,X,-0.75,4,SLEEP,Z,0.04993094,0.1774211
3/7/7/7/5/2/3/5/5 3 3,X,-0.5,2,SLEEP,Z,0.01772172,0.06888754
3/7/7/7/5/2/3/5/3 3 3,X,-0.3888888888888888888888888889,2,SLEEP,Z,0.0191135,0.07560435
3/7/7/7/5/2/3/3/6 3 3,X,-0.75,6,SLEEP,Z,0.04662484,0.1856327
3/7/7/7/5/2/3/3/5 3 3,X,-0.5,2,SLEEP,Z,0.03997485,0.1660117
3/7/7/7/5/2/3/3/3 3 3,Z,-0.5,4,SLEEP,Z,0.05025539,0.185107
3/7/7/7/5/2/3/7/4 3 3,X,-0.75,4,SLEEP,Z,0.05670102,0.2082479
3/7/7/7/5/2/3/7/2 3 3,X,-0.5,2,SLEEP,Z,0.04635732,0.1403241
3/7/7/7/5/2/3/7/1 3 3,X,-0.3888888888888888888888888889,2,SLEEP,Z,0.01554903,0.07106692
3/7/7/7/5/2/7/2/6 3 3,X,-0.5555555555555555555555555555,4,SLEEP,Z,0.03423991,0.1582321
3/7/7/7/5/2/7/2/5 3 3,X,-0.5,4,SLEEP,Z,0.04339121,0.1701539
3/7/7/7/5/2/7/2/3 3 3,X,-0.4444444444444444444444444445,4,SLEEP,Z,0.06045268,0.1495506
3/7/7/7/5/2/7/6/4 3 3,X,-0.5555555555555555555555555555,4,SLEEP,Z,0.04407927,0.191977
3/7/7/7/5/2/7/6/2 3 3,X,-0.5,4,SLEEP,Z,0.03842092,0.1694932
3/7/7/7/5/2/7/6/1 3 3,Z,0.5,4,SLEEP,Z,0.02878634,0.1128624
3/7/7/7/5/2/7/5/4 3 3,X,-0.5555555555555555555555555555,6,SLEEP,Z,0.0654526,0.2805097
3/7/7/7/5/2/7/5/2 3 3,X,-0.5,4,SLEEP,Z,0.04771536,0.1849032
3/7/7/7/5/2/7/5/1 3 3,X,-0.4444444444444444444444444445,2,SLEEP,Z,0.02031712,0.0908344
3/7/7/7/5/2/7/3/4 3 3,X,-0.5555555555555555555555555555,4,SLEEP,Z,0.03966611,0.1817866
3/7/7/7/5/2/7/3/2 3 3,X,-0.5,4,SLEEP,Z,0.03466192,0.1511415
3/7/7/7/5/2/7/3/1 3 3,Z,-0.5,4,SLEEP,Z,0.03089298,0.126409
3/7/7/7/5/6/2/2/7 3 3,X,-0.5,4,SLEEP,Z,0.04070154,0.1705472
3/7/7/7/5/6/2/6/6 3 3,X,-0.5555555555555555555555555555,4,SLEEP,Z,0.05709993,0.2631871
3/7/7/7/5/6/2/6/5 3 3,X,-0.5,4,SLEEP,Z,0.04555569,0.179418
3/7/7/7/5/6/2/6/3 3 3,X,0.5,2,SLEEP,Z,0.0246724,0.05932747
3/7/7/7/5/6/2/5/6 3 3,X,-0.5555555555555555555555555555,8,SLEEP,Z,0.07613222,0.3432716
3/7/7/7/5/6/2/5/5 3 3,X,-0.5,6,SLEEP,Z,0.0401396,0.1667775
3/7/7/7/5/6/2/5/3 3 3,Z,0.5,4,SLEEP,Z,0.03152617,0.09459556
3/7/7/7/5/6/2/3/6 3 3,Z,0.7,6,SLEEP,Z,0.07443971,0.2905695
3/7/7/7/5/6/2/3/5 3 3,Z,0.7,4,SLEEP,Z,0.04774851,0.1688611
3/7/7/7/5/6/2/3/3 3 3,Z,0.7,4,SLEEP,Z,0.04711602,0.1421918
3/7/7/7/5/6/2/7/4 3 3,X,-0.5555555555555555555555555555,6,SLEEP,Z,0.05195796,0.224718
3/7/7/7/5/6/2/7/2 3 3,X,-0.5,2,SLEEP,Z,0.0364229,0.1277941
3/7/7/7/5/6/2/7/1 3 3,Z,0.5,2,SLEEP,Z,0.03616955,0.1540325
3/7/7/7/5/6/6/2/6 3 3,X,-0.6111111111111111111111111111,6,SLEEP,Z,0.04810369,0.209586
3/7/7/7/5/6/6/2/5 3 3,X,-0.5555555555555555555555555555,6,SLEEP,Z,0.05674594,0.2466943
3/7/7/7/5/6/6/2/3 3 3,X,0.8333333333333333333333333333,4,SLEEP,Z,0.03723499,0.1042548
3/7/7/7/5/6/6/6/4 3 3,X,-0.6111111111111111111111111111,8,SLEEP,Z,0.06419469,0.2905411
3/7/7/7/5/6/6/6/2 3 3,X,-0.5555555555555555555555555555,2,SLEEP,Z,0.02687487,0.1105974
3/7/7/7/5/6/6/6/1 3 3,X,0.8333333333333333333333333333,4,SLEEP,Z,0.03480124,0.1570958
3/7/7/7/5/6/6/5/4 3 3,X,-0.6111111111111111111111111111,8,SLEEP,Z,0.06630265,0.2792939
3/7/7/7/5/6/6/5/2 3 3,X,-0.5555555555555555555555555555,4,SLEEP,Z,0.03223039,0.1281216
3/7/7/7/5/6/6/5/1 3 3,X,0.8333333333333333333333333333,4,SLEEP,Z,0.04792799,0.1642778
3/7/7/7/5/6/6/3/4 3 3,Z,0.7,10,SLEEP,Z,0.07601678,0.3395717
3/7/7/7/5/6/6/3/2 3 3,Z,0.7,4,SLEEP,Z,0.032081,0.143417
3/7/7/7/5/6/6/3/1 3 3,X,0.8333333333333333333333333333,4,SLEEP,Z,0.03688845,0.1360622
3/7/7/7/5/6/5/2/6 3 3,X,-0.5555555555555555555555555555,4,SLEEP,Z,0.06544618,0.1818536
3/7/7/7/5/6/5/2/5 3 3,X,-0.5,2,SLEEP,Z,0.02131116,0.09475942
3/7/7/7/5/6/5/2/3 3 3,Z,0.5,4,SLEEP,Z,0.06095479,0.1630788
3/7/7/7/5/6/5/6/4 3 3,X,-0.5555555555555555555555555555,4,SLEEP,Z,0.03666252,0.1676393
3/7/7/7/5/6/5/6/2 3 3,X,-0.5,4,SLEEP,Z,0.03816409,0.1706263
3/7/7/7/5/6/5/6/1 3 3,Z,0.5,4,SLEEP,Z,0.03029427,0.140603
3/7/7/7/5/6/5/5/4 3 3,X,-0.5555555555555555555555555555,4,SLEEP,Z,0.04526728,0.2014602
3/7/7/7/5/6/5/5/2 3 3,X,-0.5,6,SLEEP,Z,0.05186321,0.1973971
3/7/7/7/5/6/5/5/1 3 3,Z,0.5,2,SLEEP,Z,0.0192963,0.09248814
3/7/7/7/5/6/5/3/4 3 3,Z,0.7,4,SLEEP,Z,0.03309241,0.1495217
3/7/7/7/5/6/5/3/2 3 3,Z,0.7,4,SLEEP,Z,0.04373872,0.1501108
3/7/7/7/5/6/5/3/1 3 3,Z,0.7,2,SLEEP,Z,0.0222239,0.09520631
3/7/7/7/5/6/3/2/6 3 3,X,-0.8333333333333333333333333333,2,SLEEP,Z,0.03487357,0.1415867
3/7/7/7/5/6/3/2/5 3 3,Z,0.5,4,SLEEP,Z,0.03848663,0.169361
3/7/7/7/5/6/3/2/3 3 3,Z,0.5,2,SLEEP,Z,0.01864432,0.0804816
3/7/7/7/5/6/3/6/4 3 3,X,-0.8333333333333333333333333333,6,SLEEP,Z,0.03455518,0.1547904
3/7/7/7/5/6/3/6/2 3 3,X,-0.5,2,SLEEP,Z,0.02412648,0.1044404
3/7/7/7/5/6/3/6/1 3 3,Z,0.5,4,SLEEP,Z,0.07493706,0.3149742
3/7/7/7/5/6/3/5/4 3 3,X,-0.8333333333333333333333333333,6,SLEEP,Z,0.04310673,0.1635686
3/7/7/7/5/6/3/5/2 3 3,Z,0.5,2,SLEEP,Z,0.01578336,0.07167246
3/7/7/7/5/6/3/5/1 3 3,Z,0.5,4,SLEEP,Z,0.02293508,0.109559
3/7/7/7/5/6/3/3/4 3 3,X,-0.8333333333333333333333333333,4,SLEEP,Z,0.06026586,0.2075232
3/7/7/7/5/6/3/3/2 3 3,Z,0.7,2,SLEEP,Z,0.02596031,0.0963669
3/7/7/7/5/6/3/3/1 3 3,Z,0.7,2,SLEEP,Z,0.01437882,0.06060133
3/7/7/7/5/6/7/2/4 3 3,X,-0.5555555555555555555555555555,2,SLEEP,Z,0.0447716,0.188017
3/7/7/7/5/6/7/2/2 3 3,X,-0.5,4,SLEEP,Z,0.05661161,0.2345795
3/7/7/7/5/6/7/2/1 3 3,Z,0.5,4,SLEEP,Z,0.03917271,0.1732266
3/7/7/7/5/5/2/2/7 3 3,X,-0.5,4,SLEEP,Z,0.03764604,0.1386919
3/7/7/7/5/5/2/6/6 3 3,X,-0.5555555555555555555555555555,6,SLEEP,Z,0.08194004,0.3097627
3/7/7/7/5/5/2/6/5 3 3,X,-0.5,4,SLEEP,Z,0.0367379,0.1471708
3/7/7/7/5/5/2/6/3 3 3,X,0.5,2,SLEEP,Z,0.02153285,0.08021598
3/7/7/7/5/5/2/5/6 3 3,X,-0.5555555555555555555555555555,8,SLEEP,Z,0.0720647,0.2896314
3/7/7/7/5/5/2/5/5 3 3,X,-0.5,4,SLEEP,Z,0.02826249,0.1148629
3/7/7/7/5/5/2/5/3 3 3,X,0.5,2,SLEEP,Z,0.03638211,0.1209839
3/7/7/7/5/5/2/3/6 3 3,X,-0.5555555555555555555555555555,8,SLEEP,Z,0.06288194,0.25721
3/7/7/7/5/5/2/3/5 3 3,X,-0.5,4,SLEEP,Z,0.040275,0.1623754
3/7/7/7/5/5/2/3/3 3 3,X,0.5,2,SLEEP,Z,0.02289164,0.07943185
3/7/7/7/5/5/2/7/4 3 3,X,-0.5555555555555555555555555555,4,SLEEP,Z,0.03582833,0.1335787
3/7/7/7/5/5/2/7/2 3 3,X,-0.5,4,SLEEP,Z,0.03438771,0.1352235
3/7/7/7/5/5/2/7/1 3 3,X,0.5,2,SLEEP,Z,0.01965997,0.08053348
3/7/7/7/5/5/6/2/6 3 3,X,-0.6111111111111111111111111111,6,SLEEP,Z,0.07618695,0.3324402
3/7/7/7/5/5/6/2/5 3 3,X,-0.5555555555555555555555555555,6,SLEEP,Z,0.04745768,0.1679858
3/7/7/7/5/5/6/2/3 3 3,X,0.8333333333333333333333333333,4,SLEEP,Z,0.02560972,0.09772308
3/7/7/7/5/5/6/6/4 3 3,X,-0.6111111111111111111111111111,6,SLEEP,Z,0.08539358,0.374451
3/7/7/7/5/5/6/6/2 3 3,X,-0.5555555555555555555555555555,8,SLEEP,Z,0.05233621,0.2326278
3/7/7/7/5/5/6/6/1 3 3,X,0.8333333333333333333333333333,4,SLEEP,Z,0.04493755,0.1961554
3/7/7/7/5/5/6/5/4 3 3,X,-0.6111111111111111111111111111,8,SLEEP,Z,0.07493418,0.3266273
3/7/7/7/5/5/6/5/2 3 3,X,-0.5555555555555555555555555555,6,SLEEP,Z,0.05812263,0.2573988
3/7/7/7/5/5/6/5/1 3 3,X,0.8333333333333333333333333333,4,SLEEP,Z,0.03462568,0.1316636
3/7/7/7/5/5/6/3/4 3 3,X,-0.6111111111111111111111111111,4,SLEEP,Z,0.05267997,0.2540181
3/7/7/7/5/5/6/3/2 3 3,X,-0.5555555555555555555555555555,4,SLEEP,Z,0.06013866,0.2759375
3/7/7/7/5/5/6/3/1 3 3,X,0.8333333333333333333333333333,4,SLEEP,Z,0.04128454,0.1410661
3/7/7/7/5/5/5/2/6 3 3,X,-0.5555555555555555555555555555,6,SLEEP,Z,0.07840563,0.3172804
3/7/7/7/5/5/5/2/5 3 3,X,-0.5,4,SLEEP,Z,0.04607712,0.1146828
3/7/7/7/5/5/5/2/3 3 3,X,-0.4444444444444444444444444445,2,SLEEP,Z,0.02287524,0.1064725
3/7/7/7/5/5/5/6/4 3 3,X,-0.5555555555555555555555555555,4,SLEEP,Z,0.04414873,0.1755622
3/7/7/7/5/5/5/6/2 3 3,X,-0.5,4,SLEEP,Z,0.04646314,0.1508021
3/7/7/7/5/5/5/6/1 3 3,Z,0.5,4,SLEEP,Z,0.03745072,0.1826516
3/7/7/7/5/5/5/5/4 3 3,X,-0.5555555555555555555555555555,6,SLEEP,Z,0.07894173,0.352989
3/7/7/7/5/5/5/5/2 3 3,X,-0.5,4,SLEEP,Z,0.02601359,0.1157797
3/7/7/7/5/5/5/5/1 3 3,X,-0.4444444444444444444444444445,2,SLEEP,Z,0.02606053,0.101465
3/7/7/7/5/5/5/3/4 3 3,X,-0.5555555555555555555555555555,6,SLEEP,Z,0.05327434,0.2469018
3/7/7/7/5/5/5/3/2 3 3,X,-0.5,4,SLEEP,Z,0.04239304,0.1825357
3/7/7/7/5/5/5/3/1 3 3,Z,-0.5,2,SLEEP,Z,0.01938883,0.1204849
3/7/7/7/5/5/3/2/6 3 3,X,-0.8333333333333333333333333333,6,SLEEP,Z,0.04713235,0.2016505
3/7/7/7/5/5/3/2/5 3 3,X,-0.5,4,SLEEP,Z,0.03342429,0.1506525
3/7/7/7/5/5/3/2/3 3 3,X,-0.3888888888888888888888888889,4,SLEEP,Z,0.03077204,0.1074832
3/7/7/7/5/5/3/6/4 3 3,X,-0.8333333333333333333333333333,4,SLEEP,Z,0.06590058,0.2328275
3/7/7/7/5/5/3/6/2 3 3,X,-0.5,4,SLEEP,Z,0.03378446,0.1455153
3/7/7/7/5/5/3/6/1 3 3,Z,0.5,2,SLEEP,Z,0.01796643,0.08279359
3/7/7/7/5/5/3/5/4 3 3,X,-0.8333333333333333333333333333,6,SLEEP,Z,0.05070629,0.1924744
3/7/7/7/5/5/3/5/2 3 3,X,-0.5,2,SLEEP,Z,0.02574605,0.1168088
3/7/7/7/5/5/3/5/1 3 3,X,-0.3888888888888888888888888889,2,SLEEP,Z,0.02418166,0.1102692
3/7/7/7/5/5/3/3/4 3 3,X,-0.8333333333333333333333333333,4,SLEEP,Z,0.03464882,0.1456196
3/7/7/7/5/5/3/3/2 3 3,X,-0.5,2,SLEEP,Z,0.0255135,0.1122616
3/7/7/7/5/5/3/3/1 3 3,Z,-0.5,2,SLEEP,Z,0.01418743,0.06159158
3/7/7/7/5/5/7/2/4 3 3,X,-0.5555555555555555555555555555,6,SLEEP,Z,0.0441813,0.1974834
3/7/7/7/5/5/7/2/2 3 3,X,-0.5,4,SLEEP,Z,0.02721638,0.1237474
3/7/7/7/5/5/7/2/1 3 3,X,-0.4444444444444444444444444445,2,SLEEP,Z,0.06160787,0.2611235
3/7/7/7/5/3/2/2/7 3 3,X,-0.5,4,SLEEP,Z,0.04278009,0.1600326
3/7/7/7/5/3/2/6/6 3 3,Z,-0.7,4,SLEEP,Z,0.06013921,0.1754204
3/7/7/7/5/3/2/6/5 3 3,Z,-0.7,4,SLEEP,Z,0.0405097,0.1645027
3/7/7/7/5/3/2/6/3 3 3,Z,-0.7,2,SLEEP,Z,0.03050479,0.06993134
3/7/7/7/5/3/2/5/6 3 3,X,-0.5555555555555555555555555555,4,SLEEP,Z,0.04456259,0.1770705
3/7/7/7/5/3/2/5/5 3 3,X,-0.5,4,SLEEP,Z,0.04053446,0.1686676
3/7/7/7/5/3/2/5/3 3 3,Z,-0.5,2,SLEEP,Z,0.01269546,0.04507045
3/7/7/7/5/3/2/3/6 3 3,X,-0.5555555555555555555555555555,8,SLEEP,Z,0.05927523,0.2537686
3/7/7/7/5/3/2/3/5 3 3,X,-0.5,2,SLEEP,Z,0.02363672,0.09748974
3/7/7/7/5/3/2/3/3 3 3,X,0.5,2,SLEEP,Z,0.03575625,0.1248757
3/7/7/7/5/3/2/7/4 3 3,X,-0.5555555555555555555555555555,6,SLEEP,Z,0.04253486,0.171184
3/7/7/7/5/3/2/7/2 3 3,X,-0.5,4,SLEEP,Z,0.04680783,0.1784918
3/7/7/7/5/3/2/7/1 3 3,Z,-0.5,4,SLEEP,Z,0.05923798,0.1531456
3/7/7/7/5/3/6/2/6 3 3,X,-0.6111111111111111111111111111,6,SLEEP,Z,0.07652291,0.3317946
3/7/7/7/5/3/6/2/5 3 3,X,-0.5555555555555555555555555555,6,SLEEP,Z,0.13135,0.3504308
3/7/7/7/5/3/6/2/3 3 3,X,0.8333333333333333333333333333,2,SLEEP,Z,0.02166459,0.09180222
3/7/7/7/5/3/6/6/4 3 3,Z,-0.7,6,SLEEP,Z,0.08693342,0.3871572
3/7/7/7/5/3/6/6/2 3 3,Z,-0.7,8,SLEEP,Z,0.1484261,0.3865346
3/7/7/7/5/3/6/6/1 3 3,X,0.8333333333333333333333333333,4,SLEEP,Z,0.05845907,0.147327
3/7/7/7/5/3/6/5/4 3 3,X,-0.6111111111111111111111111111,6,SLEEP,Z,0.05994306,0.2737577
3/7/7/7/5/3/6/5/2 3 3,X,-0.5555555555555555555555555555,6,SLEEP,Z,0.05706608,0.2765147
3/7/7/7/5/3/6/5/1 3 3,X,0.8333333333333333333333333333,4,SLEEP,Z,0.03246155,0.128351
3/7/7/7/5/3/6/3/4 3 3,X,-0.6111111111111111111111111111,6,SLEEP,Z,0.06603825,0.3224869
3/7/7/7/5/3/6/3/2 3 3,X,-0.5555555555555555555555555555,6,SLEEP,Z,0.1152364,0.3418154
3/7/7/7/5/3/6/3/1 3 3,X,0.8333333333333333333333333333,4,SLEEP,Z,0.02991111,0.1350946
3/7/7/7/5/3/5/2/6 3 3,X,-0.5555555555555555555555555555,6,SLEEP,Z,0.05383229,0.2206473
3/7/7/7/5/3/5/2/5 3 3,X,-0.5,2,SLEEP,Z,0.03220786,0.1407114
3/7/7/7/5/3/5/2/3 3 3,Z,-0.5,2,SLEEP,Z,0.03747828,0.08108412
3/7/7/7/5/3/5/6/4 3 3,Z,-0.7,6,SLEEP,Z,0.04996675,0.2300358
3/7/7/7/5/3/5/6/2 3 3,Z,-0.7,2,SLEEP,Z,0.02460736,0.0980099
3/7/7/7/5/3/5/6/1 3 3,Z,-0.7,2,SLEEP,Z,0.03705306,0.1025102
3/7/7/7/5/3/5/5/4 3 3,X,-0.5555555555555555555555555555,2,SLEEP,Z,0.04436805,0.1406877
3/7/7/7/5/3/5/5/2 3 3,X,-0.5,4,SLEEP,Z,0.04393198,0.2024371
3/7/7/7/5/3/5/5/1 3 3,Z,-0.5,4,SLEEP,Z,0.02897253,0.1356792
3/7/7/7/5/3/5/3/4 3 3,X,-0.5555555555555555555555555555,2,SLEEP,Z,0.03081875,0.1351325
3/7/7/7/5/3/5/3/2 3 3,X,-0.5,4,SLEEP,Z,0.06748662,0.258094
3/7/7/7/5/3/5/3/1 3 3,Z,-0.5,4,SLEEP,Z,0.07253169,0.2252963
3/7/7/7/5/3/3/2/6 3 3,X,-0.8333333333333333333333333333,4,SLEEP,Z,0.0299429,0.1300213
3/7/7/7/5/3/3/2/5 3 3,Z,-0.5,2,SLEEP,Z,0.02753996,0.1114614
3/7/7/7/5/3/3/2/3 3 3,Z,-0.5,4,SLEEP,Z,0.02814055,0.1273389
3/7/7/7/5/3/3/6/4 3 3,X,-0.8333333333333333333333333333,4,SLEEP,Z,0.05785135,0.2220554
3/7/7/7/5/3/3/6/2 3 3,Z,-0.7,2,SLEEP,Z,0.03376522,0.1415043
3/7/7/7/5/3/3/6/1 3 3,Z,-0.7,4,SLEEP,Z,0.03950258,0.1146128
3/7/7/7/5/3/3/5/4 3 3,X,-0.8333333333333333333333333333,4,SLEEP,Z,0.06750553,0.2209919
3/7/7/7/5/3/3/5/2 3 3,Z,-0.5,4,SLEEP,Z,0.04076671,0.1709059
3/7/7/7/5/3/3/5/1 3 3,Z,-0.5,4,SLEEP,Z,0.02910057,0.1307574
3/7/7/7/5/3/3/3/4 3 3,X,-0.8333333333333333333333333333,6,SLEEP,Z,0.04714106,0.1626349
3/7/7/7/5/3/3/3/2 3 3,X,-0.5,2,SLEEP,Z,0.03190558,0.1160345
3/7/7/7/5/3/3/3/1 3 3,Z,-0.5,4,SLEEP,Z,0.02903165,0.1318564
3/7/7/7/5/3/7/2/4 3 3,X,-0.5555555555555555555555555555,4,SLEEP,Z,0.03431507,0.1624038
3/7/7/7/5/3/7/2/2 3 3,X,-0.5,2,SLEEP,Z,0.02527169,0.1103404
3/7/7/7/5/3/7/2/1 3 3,Z,-0.5,4,SLEEP,Z,0.03696879,0.1640713
3/7/7/7/5/7/2/2/6 3 3,X,-0.6666666666666666666666666666,4,SLEEP,Z,0.04984709,0.1599642
3/7/7/7/5/7/2/2/5 3 3,X,-0.5,6,SLEEP,Z,0.04127952,0.1968954
3/7/7/7/5/7/2/2/3 3 3,X,0.6666666666666666666666666666,4,SLEEP,Z,0.03148147,0.1261813
3/7/7/7/5/7/2/6/4 3 3,X,-0.6666666666666666666666666666,4,SLEEP,Z,0.06449449,0.268065
3/7/7/7/5/7/2/6/2 3 3,X,-0.5,6,SLEEP,Z,0.07797287,0.2651252
3/7/7/7/5/7/2/6/1 3 3,X,0.6666666666666666666666666666,2,SLEEP,Z,0.04881462,0.129641
3/7/7/7/5/7/2/5/4 3 3,X,-0.6666666666666666666666666666,6,SLEEP,Z,0.06108377,0.2088383
3/7/7/7/5/7/2/5/2 3 3,X,-0.5,4,SLEEP,Z,0.04524685,0.1681852
3/7/7/7/5/7/2/5/1 3 3,X,0.6666666666666666666666666666,4,SLEEP,Z,0.1228517,0.2532234
3/7/7/7/5/7/2/3/4 3 3,X,-0.6666666666666666666666666666,6,SLEEP,Z,0.09704314,0.3420937
3/7/7/7/5/7/2/3/2 3 3,X,-0.5,4,SLEEP,Z,0.02769344,0.1144744
3/7/7/7/5/7/2/3/1 3 3,X,0.6666666666666666666666666666,4,SLEEP,Z,0.0479922,0.129475
3/7/7/7/5/7/6/2/4 3 3,X,-0.6111111111111111111111111111,8,SLEEP,Z,0.05353054,0.2456194
3/7/7/7/5/7/6/2/2 3 3,X,-0.5555555555555555555555555555,6,SLEEP,Z,0.08991995,0.3137487
3/7/7/7/5/7/5/2/4 3 3,X,-0.5555555555555555555555555555,6,SLEEP,Z,0.03699109,0.1689108
3/7/7/7/5/7/5/2/2 3 3,X,-0.5,4,SLEEP,Z,0.02895637,0.1304729
3/7/7/7/5/7/5/2/1 3 3,X,-0.4444444444444444444444444445,4,SLEEP,Z,0.03812318,0.1728875
3/7/7/7/5/7/3/2/2 3 3,X,-0.5,4,SLEEP,Z,0.02670295,0.1203665
3/7/7/7/5/7/3/2/1 3 3,X,-0.3888888888888888888888888889,4,SLEEP,Z,0.01873884,0.07428018
3/7/7/7/3/2/2/6/7 3 3,X,-0.5,4,SLEEP,Z,0.06361116,0.2157607
3/7/7/7/3/2/2/5/7 3 3,X,-0.5,6,SLEEP,Z,0.05922464,0.2275772
3/7/7/7/3/2/2/3/7 3 3,X,-0.5,4,SLEEP,Z,0.06605475,0.1447872
3/7/7/7/3/2/2/7/6 3 3,X,-0.6428571428571428571428571429,4,SLEEP,Z,0.05974345,0.2024507
3/7/7/7/3/2/2/7/5 3 3,X,-0.5,6,SLEEP,Z,0.08198194,0.2428315
3/7/7/7/3/2/2/7/3 3 3,X,0.4,2,SLEEP,Z,0.03577943,0.1038214
3/7/7/7/3/2/6/2/7 3 3,X,-0.6428571428571428571428571429,6,SLEEP,Z,0.109163,0.3343964
3/7/7/7/3/2/6/6/6 3 3,X,-0.7857142857142857142857142857,6,SLEEP,Z,0.09017594,0.3056096
3/7/7/7/3/2/6/6/5 3 3,X,-0.6428571428571428571428571429,6,SLEEP,Z,0.1256064,0.3922456
3/7/7/7/3/2/6/6/3 3 3,X,0.75,4,SLEEP,Z,0.04229939,0.1349379
3/7/7/7/3/2/6/5/6 3 3,X,-0.7857142857142857142857142857,6,SLEEP,Z,0.105418,0.397144
3/7/7/7/3/2/6/5/5 3 3,X,-0.6428571428571428571428571429,6,SLEEP,Z,0.1096643,0.3527437
3/7/7/7/3/2/6/5/3 3 3,X,0.75,4,SLEEP,Z,0.04469011,0.1477016
3/7/7/7/3/2/6/3/6 3 3,X,-0.7857142857142857142857142857,8,SLEEP,Z,0.09931831,0.343878
3/7/7/7/3/2/6/3/5 3 3,X,-0.6428571428571428571428571429,6,SLEEP,Z,0.05889647,0.2145504
3/7/7/7/3/2/6/3/3 3 3,X,0.75,4,SLEEP,Z,0.0557068,0.1436299
3/7/7/7/3/2/6/7/4 3 3,X,-0.7857142857142857142857142857,6,SLEEP,Z,0.0840919,0.360867
3/7/7/7/3/2/6/7/2 3 3,X,-0.6428571428571428571428571429,6,SLEEP,Z,0.08312903,0.26998
3/7/7/7/3/2/6/7/1 3 3,X,0.75,2,SLEEP,Z,0.03787111,0.1397703
3/7/7/7/3/2/5/2/7 3 3,X,-0.5,6,SLEEP,Z,0.04412796,0.1908642
3/7/7/7/3/2/5/6/6 3 3,X,-0.6428571428571428571428571429,4,SLEEP,Z,0.04252505,0.1370217
3/7/7/7/3/2/5/6/5 3 3,X,-0.5,4,SLEEP,Z,0.03836877,0.1601134
3/7/7/7/3/2/5/6/3 3 3,Z,0.5,4,SLEEP,Z,0.03957085,0.140432
3/7/7/7/3/2/5/5/6 3 3,X,-0.6428571428571428571428571429,8,SLEEP,Z,0.1110898,0.3894536
3/7/7/7/3/2/5/5/5 3 3,X,-0.5,2,SLEEP,Z,0.02644044,0.1288781
3/7/7/7/3/2/5/5/3 3 3,X,-0.3888888888888888888888888888,4,SLEEP,Z,0.052175,0.1078746
3/7/7/7/3/2/5/3/6 3 3,X,-0.6428571428571428571428571429,6,SLEEP,Z,0.08268053,0.288797
3/7/7/7/3/2/5/3/5 3 3,X,-0.5,6,SLEEP,Z,0.03768696,0.141148
3/7/7/7/3/2/5/3/3 3 3,Z,-0.5,2,SLEEP,Z,0.05198616,0.1023892
3/7/7/7/3/2/5/7/4 3 3,X,-0.6428571428571428571428571429,6,SLEEP,Z,0.09785557,0.3518211
3/7/7/7/3/2/5/7/2 3 3,X,-0.5,2,SLEEP,Z,0.02535312,0.1107264
3/7/7/7/3/2/5/7/1 3 3,X,-0.3888888888888888888888888888,4,SLEEP,Z,0.05183906,0.3242377
3/7/7/7/3/2/3/2/7 3 3,X,-0.5,4,SLEEP,Z,0.04365361,0.1607035
3/7/7/7/3/2/3/6/6 3 3,X,-0.75,4,SLEEP,Z,0.05247933,0.1927438
3/7/7/7/3/2/3/6/5 3 3,X,-0.5,4,SLEEP,Z,0.02733901,0.09848443
3/7/7/7/3/2/3/6/3 3 3,Z,0.5,4,SLEEP,Z,0.03269248,0.1151386
3/7/7/7/3/2/3/5/6 3 3,X,-0.75,4,SLEEP,Z,0.04811376,0.1665277
3/7/7/7/3/2/3/5/5 3 3,X,-0.5,4,SLEEP,Z,0.02545529,0.1049286
3/7/7/7/3/2/3/5/3 3 3,X,-0.3333333333333333333333333333,2,SLEEP,Z,0.02088257,0.08453453
3/7/7/7/3/2/3/3/6 3 3,X,-0.75,4,SLEEP,Z,0.07336872,0.2471835
3/7/7/7/3/2/3/3/5 3 3,X,-0.5,4,SLEEP,Z,0.04555576,0.1622559
3/7/7/7/3/2/3/3/3 3 3,Z,-0.5,2,SLEEP,Z,0.01403551,0.05476206
3/7/7/7/3/2/3/7/4 3 3,X,-0.75,6,SLEEP,Z,0.1464786,0.4282633
3/7/7/7/3/2/3/7/2 3 3,X,-0.5,4,SLEEP,Z,0.03933536,0.1499607
3/7/7/7/3/2/3/7/1 3 3,X,-0.3333333333333333333333333333,2,SLEEP,Z,0.01549975,0.07355997
3/7/7/7/3/2/7/2/6 3 3,X,-0.6428571428571428571428571428,4,SLEEP,Z,0.04631226,0.1798317
3/7/7/7/3/2/7/2/5 3 3,X,-0.5,4,SLEEP,Z,0.06073207,0.2514863
3/7/7/7/3/2/7/2/3 3 3,X,-0.3888888888888888888888888889,4,SLEEP,Z,0.04335738,0.1680079
3/7/7/7/3/2/7/6/4 3 3,X,-0.6428571428571428571428571428,6,SLEEP,Z,0.1410367,0.4010924
3/7/7/7/3/2/7/6/2 3 3,X,-0.5,4,SLEEP,Z,0.02957356,0.1140193
3/7/7/7/3/2/7/6/1 3 3,Z,0.5,4,SLEEP,Z,0.02109059,0.09097928
3/7/7/7/3/2/7/5/4 3 3,X,-0.6428571428571428571428571428,4,SLEEP,Z,0.04037168,0.1605783
3/7/7/7/3/2/7/5/2 3 3,X,-0.5,4,SLEEP,Z,0.03722292,0.1559163
3/7/7/7/3/2/7/5/1 3 3,X,-0.3888888888888888888888888889,2,SLEEP,Z,0.01827927,0.07674366
3/7/7/7/3/2/7/3/4 3 3,X,-0.6428571428571428571428571428,4,SLEEP,Z,0.06652259,0.2309576
3/7/7/7/3/2/7/3/2 3 3,X,-0.5,4,SLEEP,Z,0.04257823,0.1617577
3/7/7/7/3/2/7/3/1 3 3,Z,-0.5,4,SLEEP,Z,0.0250418,0.09895415
3/7/7/7/3/6/2/2/7 3 3,X,-0.5,4,SLEEP,Z,0.028096,0.1022283
3/7/7/7/3/6/2/6/6 3 3,X,-0.6428571428571428571428571429,4,SLEEP,Z,0.07520827,0.3021581
3/7/7/7/3/6/2/6/5 3 3,X,-0.5,4,SLEEP,Z,0.04051957,0.1521088
3/7/7/7/3/6/2/6/3 3 3,X,0.5,2,SLEEP,Z,0.02595298,0.0882229
3/7/7/7/3/6/2/5/6 3 3,X,-0.6428571428571428571428571429,6,SLEEP,Z,0.1450786,0.3373507
3/7/7/7/3/6/2/5/5 3 3,X,-0.5,2,SLEEP,Z,0.04250904,0.1463022
3/7/7/7/3/6/2/5/3 3 3,Z,0.5,4,SLEEP,Z,0.1004879,0.221816
3/7/7/7/3/6/2/3/6 3 3,Z,0.7,6,SLEEP,Z,0.1053975,0.2741643
3/7/7/7/3/6/2/3/5 3 3,Z,0.7,4,SLEEP,Z,0.06183138,0.2007313
3/7/7/7/3/6/2/3/3 3 3,Z,0.7,4,SLEEP,Z,0.04730494,0.1456042
3/7/7/7/3/6/2/7/4 3 3,X,-0.6428571428571428571428571429,4,SLEEP,Z,0.08307492,0.2331504
3/7/7/7/3/6/2/7/2 3 3,X,-0.5,4,SLEEP,Z,0.09320056,0.2934068
3/7/7/7/3/6/2/7/1 3 3,Z,0.5,2,SLEEP,Z,0.02000437,0.07530528
3/7/7/7/3/6/6/2/6 3 3,X,-0.7857142857142857142857142857,8,SLEEP,Z,0.09000269,0.324202
3/7/7/7/3/6/6/2/5 3 3,X,-0.6428571428571428571428571429,6,SLEEP,Z,0.05120479,0.1936698
3/7/7/7/3/6/6/2/3 3 3,X,0.8333333333333333333333333333,4,SLEEP,Z,0.05103186,0.1515877
3/7/7/7/3/6/6/6/4 3 3,X,-0.7857142857142857142857142857,6,SLEEP,Z,0.1075891,0.3787621
3/7/7/7/3/6/6/6/2 3 3,X,-0.6428571428571428571428571429,6,SLEEP,Z,0.1386101,0.4103953
3/7/7/7/3/6/6/6/1 3 3,X,0.8333333333333333333333333333,4,SLEEP,Z,0.03079869,0.1169535
3/7/7/7/3/6/6/5/4 3 3,X,-0.7857142857142857142857142857,6,SLEEP,Z,0.06032769,0.265682
3/7/7/7/3/6/6/5/2 3 3,X,-0.6428571428571428571428571429,6,SLEEP,Z,0.06809415,0.2473971
3/7/7/7/3/6/6/5/1 3 3,X,0.8333333333333333333333333333,4,SLEEP,Z,0.03712814,0.1184112
3/7/7/7/3/6/6/3/4 3 3,X,-0.7857142857142857142857142857,8,SLEEP,Z,0.09041718,0.3211142
3/7/7/7/3/6/6/3/2 3 3,Z,0.7,4,SLEEP,Z,0.03933008,0.1554949
3/7/7/7/3/6/6/3/1 3 3,X,0.8333333333333333333333333333,2,SLEEP,Z,0.02401549,0.08328004
3/7/7/7/3/6/5/2/6 3 3,X,-0.6428571428571428571428571429,8,SLEEP,Z,0.08675285,0.3442541
3/7/7/7/3/6/5/2/5 3 3,X,-0.5,4,SLEEP,Z,0.02858831,0.1121605
3/7/7/7/3/6/5/2/3 3 3,Z,0.5,4,SLEEP,Z,0.05450067,0.1306451
3/7/7/7/3/6/5/6/4 3 3,X,-0.6428571428571428571428571429,6,SLEEP,Z,0.07480497,0.3032371
3/7/7/7/3/6/5/6/2 3 3,X,-0.5,4,SLEEP,Z,0.04601055,0.179616
3/7/7/7/3/6/5/6/1 3 3,Z,0.5,4,SLEEP,Z,0.06809201,0.2267874
3/7/7/7/3/6/5/5/4 3 3,X,-0.6428571428571428571428571429,4,SLEEP,Z,0.04950218,0.2057406
3/7/7/7/3/6/5/5/2 3 3,X,-0.5,4,SLEEP,Z,0.07269939,0.2808807
3/7/7/7/3/6/5/5/1 3 3,Z,0.5,4,SLEEP,Z,0.0305604,0.1295644
3/7/7/7/3/6/5/3/4 3 3,Z,0.7,4,SLEEP,Z,0.1324565,0.3152266
3/7/7/7/3/6/5/3/2 3 3,Z,0.7,4,SLEEP,Z,0.06149877,0.2164904
3/7/7/7/3/6/5/3/1 3 3,Z,0.7,4,SLEEP,Z,0.09898931,0.2449381
3/7/7/7/3/6/3/2/6 3 3,X,-0.8333333333333333333333333333,4,SLEEP,Z,0.05582402,0.1862169
3/7/7/7/3/6/3/2/5 3 3,Z,0.5,4,SLEEP,Z,0.07657631,0.192917
3/7/7/7/3/6/3/2/3 3 3,Z,0.5,4,SLEEP,Z,0.02988114,0.1068205
3/7/7/7/3/6/3/6/4 3 3,X,-0.8333333333333333333333333333,4,SLEEP,Z,0.03823297,0.1539596
3/7/7/7/3/6/3/6/2 3 3,X,-0.5,4,SLEEP,Z,0.04078202,0.1599206
3/7/7/7/3/6/3/6/1 3 3,Z,0.5,4,SLEEP,Z,0.02920228,0.2904182
3/7/7/7/3/6/3/5/4 3 3,X,-0.8333333333333333333333333333,6,SLEEP,Z,0.1582162,0.4224454
3/7/7/7/3/6/3/5/2 3 3,Z,0.5,2,SLEEP,Z,0.02355944,0.09436844
3/7/7/7/3/6/3/5/1 3 3,Z,0.5,2,SLEEP,Z,0.01746737,0.07537857
3/7/7/7/3/6/3/3/4 3 3,X,-0.8333333333333333333333333333,4,SLEEP,Z,0.08460075,0.2390817
3/7/7/7/3/6/3/3/2 3 3,Z,0.7,4,SLEEP,Z,0.04965366,0.1644925
3/7/7/7/3/6/3/3/1 3 3,Z,0.7,2,SLEEP,Z,0.02472089,0.09176312
3/7/7/7/3/6/7/2/4 3 3,X,-0.6428571428571428571428571429,4,SLEEP,Z,0.04931035,0.1873156
3/7/7/7/3/6/7/2/2 3 3,X,-0.5,4,SLEEP,Z,0.04185295,0.1454012
3/7/7/7/3/6/7/2/1 3 3,Z,0.5,2,SLEEP,Z,0.03080128,0.1302611
3/7/7/7/3/5/2/2/7 3 3,X,-0.5,4,SLEEP,Z,0.0798511,0.2688875
3/7/7/7/3/5/2/6/6 3 3,X,-0.6428571428571428571428571429,6,SLEEP,Z,0.04913155,0.1734681
3/7/7/7/3/5/2/6/5 3 3,X,-0.5,4,SLEEP,Z,0.04697799,0.1555856
3/7/7/7/3/5/2/6/3 3 3,X,0.5,2,SLEEP,Z,0.01904104,0.06119934
3/7/7/7/3/5/2/5/6 3 3,X,-0.6428571428571428571428571429,6,SLEEP,Z,0.06271265,0.2069368
3/7/7/7/3/5/2/5/5 3 3,X,-0.5,4,SLEEP,Z,0.04407021,0.1573536
3/7/7/7/3/5/2/5/3 3 3,X,0.5,2,SLEEP,Z,0.03568904,0.11789
3/7/7/7/3/5/2/3/6 3 3,X,-0.6428571428571428571428571429,6,SLEEP,Z,0.1441777,0.389581
3/7/7/7/3/5/2/3/5 3 3,X,-0.5,6,SLEEP,Z,0.06146549,0.2191319
3/7/7/7/3/5/2/3/3 3 3,X,0.5,2,SLEEP,Z,0.03054912,0.1050383
3/7/7/7/3/5/2/7/4 3 3,X,-0.6428571428571428571428571429,4,SLEEP,Z,0.06553847,0.2163532
3/7/7/7/3/5/2/7/2 3 3,X,-0.5,4,SLEEP,Z,0.07198902,0.2121981
3/7/7/7/3/5/2/7/1 3 3,X,0.5,2,SLEEP,Z,0.02082322,0.07822548
3/7/7/7/3/5/6/2/6 3 3,X,-0.7857142857142857142857142857,8,SLEEP,Z,0.06943979,0.2979491
3/7/7/7/3/5/6/2/5 3 3,X,-0.6428571428571428571428571429,4,SLEEP,Z,0.04358548,0.1516308
3/7/7/7/3/5/6/2/3 3 3,X,0.8333333333333333333333333333,4,SLEEP,Z,0.1312479,0.3348655
3/7/7/7/3/5/6/6/4 3 3,X,-0.7857142857142857142857142857,6,SLEEP,Z,0.08789979,0.3295382
3/7/7/7/3/5/6/6/2 3 3,X,-0.6428571428571428571428571429,4,SLEEP,Z,0.04070743,0.1490974
3/7/7/7/3/5/6/6/1 3 3,X,0.8333333333333333333333333333,4,SLEEP,Z,0.02770385,0.1108799
3/7/7/7/3/5/6/5/4 3 3,X,-0.7857142857142857142857142857,8,SLEEP,Z,0.09010218,0.3503911
3/7/7/7/3/5/6/5/2 3 3,X,-0.6428571428571428571428571429,6,SLEEP,Z,0.05348978,0.2018994
3/7/7/7/3/5/6/5/1 3 3,X,0.8333333333333333333333333333,4,SLEEP,Z,0.04050855,0.1313495
3/7/7/7/3/5/6/3/4 3 3,X,-0.7857142857142857142857142857,8,SLEEP,Z,0.1045376,0.3752683
3/7/7/7/3/5/6/3/2 3 3,X,-0.6428571428571428571428571429,6,SLEEP,Z,0.0621862,0.234559
3/7/7/7/3/5/6/3/1 3 3,X,0.8333333333333333333333333333,4,SLEEP,Z,0.157892,0.3464345
3/7/7/7/3/5/5/2/6 3 3,X,-0.6428571428571428571428571429,4,SLEEP,Z,0.04109562,0.1546966
3/7/7/7/3/5/5/2/5 3 3,X,-0.5,2,SLEEP,Z,0.04106876,0.1584484
3/7/7/7/3/5/5/2/3 3 3,X,-0.3888888888888888888888888888,2,SLEEP,Z,0,0
3/7/7/7/3/5/5/6/4 3 3,X,-0.6428571428571428571428571429,6,SLEEP,Z,0.1484893,0.3967232
3/7/7/7/3/5/5/6/2 3 3,X,-0.5,4,SLEEP,Z,0.05759137,0.1899755
3/7/7/7/3/5/5/6/1 3 3,Z,0.5,2,SLEEP,Z,0.02393655,0.1052285
3/7/7/7/3/5/5/5/4 3 3,X,-0.6428571428571428571428571429,6,SLEEP,Z,0.1119732,0.3307979
3/7/7/7/3/5/5/5/2 3 3,X,-0.5,2,SLEEP,Z,0.0226677,0.09382209
3/7/7/7/3/5/5/5/1 3 3,X,-0.3888888888888888888888888888,4,SLEEP,Z,0.03960336,0.2851092
3/7/7/7/3/5/5/3/4 3 3,X,-0.6428571428571428571428571429,6,SLEEP,Z,0.06914502,0.2517798
3/7/7/7/3/5/5/3/2 3 3,X,-0.5,2,SLEEP,Z,0.0359314,0.1344435
3/7/7/7/3/5/5/3/1 3 3,Z,-0.5,4,SLEEP,Z,0.02289733,0.091242
3/7/7/7/3/5/3/2/6 3 3,X,-0.8333333333333333333333333333,2,SLEEP,Z,0.03241619,0.1236087
3/7/7/7/3/5/3/2/5 3 3,X,-0.5,4,SLEEP,Z,0.05373754,0.1963557
3/7/7/7/3/5/3/2/3 3 3,X,-0.3333333333333333333333333333,2,SLEEP,Z,0.01395601,0.05836966
3/7/7/7/3/5/3/6/4 3 3,X,-0.8333333333333333333333333333,6,SLEEP,Z,0.09911418,0.2967903
3/7/7/7/3/5/3/6/2 3 3,X,-0.5,2,SLEEP,Z,0.02183198,0.08671829
3/7/7/7/3/5/3/6/1 3 3,Z,0.5,2,SLEEP,Z,0.01826726,0.07887699
3/7/7/7/3/5/3/5/4 3 3,X,-0.8333333333333333333333333333,6,SLEEP,Z,0.04430526,0.1692724
3/7/7/7/3/5/3/5/2 3 3,X,-0.5,2,SLEEP,Z,0.02482276,0.09091977
3/7/7/7/3/5/3/5/1 3 3,X,-0.3333333333333333333333333333,2,SLEEP,Z,0.0153048,0.06553762
3/7/7/7/3/5/3/3/4 3 3,X,-0.8333333333333333333333333333,4,SLEEP,Z,0.04957345,0.1766504
3/7/7/7/3/5/3/3/2 3 3,X,-0.5,4,SLEEP,Z,0.0429192,0.1653015
3/7/7/7/3/5/3/3/1 3 3,Z,-0.5,4,SLEEP,Z,0.02947067,0.1162011
3/7/7/7/3/5/7/2/4 3 3,X,-0.6428571428571428571428571429,6,SLEEP,Z,0.08076675,0.2795715
3/7/7/7/3/5/7/2/2 3 3,X,-0.5,4,SLEEP,Z,0.0290281,0.118877
3/7/7/7/3/5/7/2/1 3 3,X,-0.3888888888888888888888888888,2,SLEEP,Z,0.02646492,0.1171384
3/7/7/7/3/3/2/2/7 3 3,X,-0.5,4,SLEEP,Z,0.04345812,0.1560869
3/7/7/7/3/3/2/6/6 3 3,Z,-0.7,6,SLEEP,Z,0.09838408,0.2754604
3/7/7/7/3/3/2/6/5 3 3,Z,-0.7,2,SLEEP,Z,0.03276505,0.1116781
3/7/7/7/3/3/2/6/3 3 3,Z,-0.7,2,SLEEP,Z,0.0362723,0.1088035
3/7/7/7/3/3/2/5/6 3 3,X,-0.6428571428571428571428571429,4,SLEEP,Z,0.05294848,0.219091
3/7/7/7/3/3/2/5/5 3 3,X,-0.5,6,SLEEP,Z,0.0851044,0.2796913
3/7/7/7/3/3/2/5/3 3 3,Z,-0.5,2,SLEEP,Z,0.03135106,0.105289
3/7/7/7/3/3/2/3/6 3 3,X,-0.6428571428571428571428571429,4,SLEEP,Z,0.1292378,0.3787272
3/7/7/7/3/3/2/3/5 3 3,X,-0.5,6,SLEEP,Z,0.06446233,0.232402
3/7/7/7/3/3/2/3/3 3 3,X,0.5,2,SLEEP,Z,0.01481298,0.05247496
3/7/7/7/3/3/2/7/4 3 3,X,-0.6428571428571428571428571429,6,SLEEP,Z,0.09230101,0.3408435
3/7/7/7/3/3/2/7/2 3 3,X,-0.5,4,SLEEP,Z,0.07253738,0.2257719
3/7/7/7/3/3/2/7/1 3 3,Z,-0.5,2,SLEEP,Z,0.01837738,0.07715942
3/7/7/7/3/3/6/2/6 3 3,X,-0.7857142857142857142857142857,6,SLEEP,Z,0.1090145,0.3667961
3/7/7/7/3/3/6/2/5 3 3,X,-0.6428571428571428571428571429,6,SLEEP,Z,0.08324573,0.2974869
3/7/7/7/3/3/6/2/3 3 3,X,0.8333333333333333333333333333,4,SLEEP,Z,0.0429921,0.1130665
3/7/7/7/3/3/6/6/4 3 3,X,-0.7857142857142857142857142857,8,SLEEP,Z,0.09847863,0.3186204
3/7/7/7/3/3/6/6/2 3 3,Z,-0.7,4,SLEEP,Z,0.03982873,0.1597547
3/7/7/7/3/3/6/6/1 3 3,X,0.8333333333333333333333333333,4,SLEEP,Z,0.0765012,0.1861784
3/7/7/7/3/3/6/5/4 3 3,X,-0.7857142857142857142857142857,6,SLEEP,Z,0.0897595,0.3427687
3/7/7/7/3/3/6/5/2 3 3,X,-0.6428571428571428571428571429,4,SLEEP,Z,0.05403853,0.1829068
3/7/7/7/3/3/6/5/1 3 3,X,0.8333333333333333333333333333,4,SLEEP,Z,0.03059236,0.1149368
3/7/7/7/3/3/6/3/4 3 3,X,-0.7857142857142857142857142857,8,SLEEP,Z,0.08845029,0.335222
3/7/7/7/3/3/6/3/2 3 3,X,-0.6428571428571428571428571429,4,SLEEP,Z,0.0398877,0.1518838
3/7/7/7/3/3/6/3/1 3 3,X,0.8333333333333333333333333333,4,SLEEP,Z,0.05097739,0.1364935
3/7/7/7/3/3/5/2/6 3 3,X,-0.6428571428571428571428571429,4,SLEEP,Z,0.05735607,0.1917736
3/7/7/7/3/3/5/2/5 3 3,X,-0.5,6,SLEEP,Z,0.08503721,0.3500726
3/7/7/7/3/3/5/2/3 3 3,Z,-0.5,2,SLEEP,Z,0.02489473,0.08722871
3/7/7/7/3/3/5/6/4 3 3,Z,-0.7,2,SLEEP,Z,0.03529558,0.1331599
3/7/7/7/3/3/5/6/2 3 3,Z,-0.7,4,SLEEP,Z,0.03583389,0.1158338
3/7/7/7/3/3/5/6/1 3 3,Z,-0.7,2,SLEEP,Z,0.02105264,0.09061766
3/7/7/7/3/3/5/5/4 3 3,X,-0.6428571428571428571428571429,6,SLEEP,Z,0.04682874,0.1922686
3/7/7/7/3/3/5/5/2 3 3,X,-0.5,2,SLEEP,Z,0.02866836,0.1045415
3/7/7/7/3/3/5/5/1 3 3,Z,-0.5,2,SLEEP,Z,0.01651209,0.0693401
3/7/7/7/3/3/5/3/4 3 3,X,-0.6428571428571428571428571429,4,SLEEP,Z,0.08103998,0.3046272
3/7/7/7/3/3/5/3/2 3 3,X,-0.5,6,SLEEP,Z,0.07013021,0.3203152
3/7/7/7/3/3/5/3/1 3 3,Z,-0.5,4,SLEEP,Z,0.05368596,0.2864019
3/7/7/7/3/3/3/2/6 3 3,X,-0.8333333333333333333333333333,2,SLEEP,Z,0.04390723,0.156482
3/7/7/7/3/3/3/2/5 3 3,Z,-0.5,4,SLEEP,Z,0.0872769,0.2492253
3/7/7/7/3/3/3/2/3 3 3,Z,-0.5,2,SLEEP,Z,0.01304146,0.05415435
3/7/7/7/3/3/3/6/4 3 3,X,-0.8333333333333333333333333333,4,SLEEP,Z,0.0330322,0.1219063
3/7/7/7/3/3/3/6/2 3 3,Z,-0.7,2,SLEEP,Z,0.02235123,0.08625942
3/7/7/7/3/3/3/6/1 3 3,Z,-0.7,2,SLEEP,Z,0.01540108,0.0723166
3/7/7/7/3/3/3/5/4 3 3,X,-0.8333333333333333333333333333,2,SLEEP,Z,0.05788368,0.199181
3/7/7/7/3/3/3/5/2 3 3,Z,-0.5,4,SLEEP,Z,0.06911995,0.2798255
3/7/7/7/3/3/3/5/1 3 3,Z,-0.5,2,SLEEP,Z,0.008491805,0.02673911
3/7/7/7/3/3/3/3/4 3 3,X,-0.8333333333333333333333333333,6,SLEEP,Z,0.08962642,0.2683649
3/7/7/7/3/3/3/3/2 3 3,X,-0.5,2,SLEEP,Z,0.02179445,0.08203994
3/7/7/7/3/3/3/3/1 3 3,Z,-0.5,4,SLEEP,Z,0.04859644,0.3085701
3/7/7/7/3/3/7/2/4 3 3,X,-0.6428571428571428571428571429,6,SLEEP,Z,0.05283279,0.2162714
3/7/7/7/3/3/7/2/2 3 3,X,-0.5,4,SLEEP,Z,0.03721765,0.1488396
3/7/7/7/3/3/7/2/1 3 3,Z,-0.5,4,SLEEP,Z,0.02468023,0.1047493
3/7/7/7/3/7/2/2/6 3 3,X,-0.6666666666666666666666666666,4,SLEEP,Z,0.05511134,0.1849878
3/7/7/7/3/7/2/2/5 3 3,X,-0.5,6,SLEEP,Z,0.08581547,0.2838151
3/7/7/7/3/7/2/2/3 3 3,X,0.6666666666666666666666666666,2,SLEEP,Z,0.03779875,0.08079082
3/7/7/7/3/7/2/6/4 3 3,X,-0.6666666666666666666666666666,4,SLEEP,Z,0.06389448,0.1710949
3/7/7/7/3/7/2/6/2 3 3,X,-0.5,4,SLEEP,Z,0.05022072,0.1929926
3/7/7/7/3/7/2/6/1 3 3,X,0.6666666666666666666666666666,4,SLEEP,Z,0.05349601,0.162347
3/7/7/7/3/7/2/5/4 3 3,X,-0.6666666666666666666666666666,2,SLEEP,Z,0.04659377,0.1586379
3/7/7/7/3/7/2/5/2 3 3,X,-0.5,4,SLEEP,Z,0.06504498,0.2147911
3/7/7/7/3/7/2/5/1 3 3,X,0.6666666666666666666666666666,2,SLEEP,Z,0.02564905,0.09589744
3/7/7/7/3/7/2/3/4 3 3,X,-0.6666666666666666666666666666,4,SLEEP,Z,0.05528274,0.202318
3/7/7/7/3/7/2/3/2 3 3,X,-0.5,4,SLEEP,Z,0.05263364,0.1882713
3/7/7/7/3/7/2/3/1 3 3,X,0.6666666666666666666666666666,2,SLEEP,Z,0.01657126,0.06784799
3/7/7/7/3/7/6/2/4 3 3,X,-0.7857142857142857142857142857,6,SLEEP,Z,0.1663706,0.4566964
3/7/7/7/3/7/6/2/2 3 3,X,-0.6428571428571428571428571429,4,SLEEP,Z,0.07795936,0.3042023
3/7/7/7/3/7/5/2/4 3 3,X,-0.6428571428571428571428571429,4,SLEEP,Z,0.03335155,0.1412556
3/7/7/7/3/7/5/2/2 3 3,X,-0.5,4,SLEEP,Z,0.04549859,0.1746659
3/7/7/7/3/7/5/2/1 3 3,X,-0.3888888888888888888888888888,2,SLEEP,Z,0.03159532,0.1388001
3/7/7/7/3/7/3/2/2 3 3,X,-0.5,2,SLEEP,Z,0.0137617,0.05951396
3/7/7/7/3/7/3/2/1 3 3,X,-0.3333333333333333333333333333,2,SLEEP,Z,0.009984764,0.04336333
3/7/7/7/7/2/2/2/7 3 3,X,-0.5,4,SLEEP,Z,0.06564034,0.1600653
3/7/7/7/7/2/2/6/6 3 3,X,-0.5555555555555555555555555555,6,SLEEP,Z,0.09979853,0.3070473
3/7/7/7/7/2/2/6/5 3 3,X,-0.5,6,SLEEP,Z,0.03892669,0.1510703
3/7/7/7/7/2/2/6/3 3 3,X,0.5,2,SLEEP,Z,0.02493924,0.06724426
3/7/7/7/7/2/2/5/6 3 3,X,-0.5555555555555555555555555555,4,SLEEP,Z,0.04607312,0.1752917
3/7/7/7/7/2/2/5/5 3 3,X,-0.5,4,SLEEP,Z,0.04009289,0.1629951
3/7/7/7/7/2/2/5/3 3 3,X,0.5,4,SLEEP,Z,0.04831464,0.1326275
3/7/7/7/7/2/2/3/6 3 3,X,-0.5555555555555555555555555555,6,SLEEP,Z,0.06998328,0.2668675
3/7/7/7/7/2/2/3/5 3 3,X,-0.5,4,SLEEP,Z,0.04568125,0.1246977
3/7/7/7/7/2/2/3/3 3 3,X,0.5,2,SLEEP,Z,0.03110489,0.1046258
3/7/7/7/7/2/2/7/4 3 3,X,-0.5555555555555555555555555555,4,SLEEP,Z,0.05395077,0.2209582
3/7/7/7/7/2/2/7/2 3 3,X,-0.5,4,SLEEP,Z,0.04265679,0.1914768
3/7/7/7/7/2/2/7/1 3 3,X,0.5,4,SLEEP,Z,0.03931881,0.1187711
3/7/7/7/7/2/6/2/6 3 3,X,-0.6111111111111111111111111111,8,SLEEP,Z,0.06299842,0.2954953
3/7/7/7/7/2/6/2/5 3 3,X,-0.5555555555555555555555555555,4,SLEEP,Z,0.03925389,0.1893233
3/7/7/7/7/2/6/2/3 3 3,X,0.8333333333333333333333333333,2,SLEEP,Z,0.03355338,0.1214678
3/7/7/7/7/2/6/6/4 3 3,X,-0.6111111111111111111111111111,6,SLEEP,Z,0.06971762,0.3213732
3/7/7/7/7/2/6/6/2 3 3,X,-0.5555555555555555555555555555,4,SLEEP,Z,0.0310043,0.1188586
3/7/7/7/7/2/6/6/1 3 3,X,0.8333333333333333333333333333,4,SLEEP,Z,0.1965514,0.3114299
3/7/7/7/7/2/6/5/4 3 3,X,-0.6111111111111111111111111111,6,SLEEP,Z,0.05681261,0.2534155
3/7/7/7/7/2/6/5/2 3 3,X,-0.5555555555555555555555555555,4,SLEEP,Z,0.04554378,0.1558792
3/7/7/7/7/2/6/5/1 3 3,X,0.8333333333333333333333333333,2,SLEEP,Z,0.02497343,0.09880447
3/7/7/7/7/2/6/3/4 3 3,X,-0.6111111111111111111111111111,10,SLEEP,Z,0.07449314,0.3404436
3/7/7/7/7/2/6/3/2 3 3,X,-0.5555555555555555555555555555,4,SLEEP,Z,0.04267509,0.1693592
3/7/7/7/7/2/6/3/1 3 3,X,0.8333333333333333333333333333,2,SLEEP,Z,0.02985848,0.106455
3/7/7/7/7/2/5/2/6 3 3,X,-0.5555555555555555555555555555,2,SLEEP,Z,0.03897275,0.1745183
3/7/7/7/7/2/5/2/5 3 3,X,-0.5,4,SLEEP,Z,0.0490919,0.2265364
3/7/7/7/7/2/5/2/3 3 3,X,-0.4444444444444444444444444445,2,SLEEP,Z,0.01261948,0.06300344
3/7/7/7/7/2/5/6/4 3 3,X,-0.5555555555555555555555555555,6,SLEEP,Z,0.04783823,0.198681
3/7/7/7/7/2/5/6/2 3 3,X,-0.5,2,SLEEP,Z,0.03597579,0.1448001
3/7/7/7/7/2/5/6/1 3 3,Z,0.5,2,SLEEP,Z,0.03793558,0.1076903
3/7/7/7/7/2/5/5/4 3 3,X,-0.5555555555555555555555555555,4,SLEEP,Z,0.03325994,0.1420704
3/7/7/7/7/2/5/5/2 3 3,X,-0.5,4,SLEEP,Z,0.05021207,0.1789143
3/7/7/7/7/2/5/5/1 3 3,X,-0.4444444444444444444444444445,4,SLEEP,Z,0.03042718,0.09723889
3/7/7/7/7/2/5/3/4 3 3,X,-0.5555555555555555555555555555,6,SLEEP,Z,0.05839736,0.2715507
3/7/7/7/7/2/5/3/2 3 3,X,-0.5,4,SLEEP,Z,0.0274934,0.1323135
3/7/7/7/7/2/5/3/1 3 3,Z,-0.5,4,SLEEP,Z,0.03848093,0.1698165
3/7/7/7/7/2/3/2/6 3 3,X,-0.8333333333333333333333333333,2,SLEEP,Z,0.04576536,0.1821575
3/7/7/7/7/2/3/2/5 3 3,X,-0.5,4,SLEEP,Z,0.05100476,0.2058943
3/7/7/7/7/2/3/2/3 3 3,X,-0.3888888888888888888888888889,2,SLEEP,Z,0.01120037,0.04800535
3/7/7/7/7/2/3/6/4 3 3,X,-0.8333333333333333333333333333,4,SLEEP,Z,0.08347634,0.2375376
3/7/7/7/7/2/3/6/2 3 3,X,-0.5,4,SLEEP,Z,0.04674385,0.1680266
3/7/7/7/7/2/3/6/1 3 3,Z,0.5,4,SLEEP,Z,0.0418234,0.1716934
3/7/7/7/7/2/3/5/4 3 3,X,-0.8333333333333333333333333333,4,SLEEP,Z,0.04653227,0.1749573
3/7/7/7/7/2/3/5/2 3 3,X,-0.5,2,SLEEP,Z,0.01843472,0.07614928
3/7/7/7/7/2/3/5/1 3 3,X,-0.3888888888888888888888888889,4,SLEEP,Z,0.03180823,0.1417202
3/7/7/7/7/2/3/3/4 3 3,X,-0.8333333333333333333333333333,6,SLEEP,Z,0.09695244,0.3109547
3/7/7/7/7/2/3/3/2 3 3,X,-0.5,2,SLEEP,Z,0.02683691,0.1053097
3/7/7/7/7/2/3/3/1 3 3,Z,-0.5,4,SLEEP,Z,0.08066979,0.3036202
3/7/7/7/7/2/7/2/4 3 3,X,-0.5555555555555555555555555555,6,SLEEP,Z,0.05741,0.2192558
3/7/7/7/7/2/7/2/2 3 3,X,-0.5,4,SLEEP,Z,0.02460075,0.1099311
3/7/7/7/7/2/7/2/1 3 3,X,-0.4444444444444444444444444445,4,SLEEP,Z,0.03095972,0.1402875
3/7/7/7/7/6/2/2/6 3 3,X,-0.6666666666666666666666666666,4,SLEEP,Z,0.04428691,0.1966597
3/7/7/7/7/6/2/2/5 3 3,X,-0.5,4,SLEEP,Z,0.03990411,0.1448708
3/7/7/7/7/6/2/2/3 3 3,X,0.6666666666666666666666666666,2,SLEEP,Z,0.02712804,0.06455754
3/7/7/7/7/6/2/6/4 3 3,X,-0.6666666666666666666666666666,6,SLEEP,Z,0.04735581,0.1554094
3/7/7/7/7/6/2/6/2 3 3,X,-0.5,6,SLEEP,Z,0.04172847,0.1498194
3/7/7/7/7/6/2/6/1 3 3,X,0.6666666666666666666666666666,2,SLEEP,Z,0.0273487,0.07448044
3/7/7/7/7/6/2/5/4 3 3,X,-0.6666666666666666666666666666,6,SLEEP,Z,0.06888583,0.2217668
3/7/7/7/7/6/2/5/2 3 3,X,-0.5,4,SLEEP,Z,0.0417322,0.1532684
3/7/7/7/7/6/2/5/1 3 3,X,0.6666666666666666666666666666,4,SLEEP,Z,0.03480386,0.1499115
3/7/7/7/7/6/2/3/4 3 3,Z,0.75,4,SLEEP,Z,0.05256474,0.200872
3/7/7/7/7/6/2/3/2 3 3,Z,0.75,4,SLEEP,Z,0.106558,0.3153853
3/7/7/7/7/6/2/3/1 3 3,Z,0.75,4,SLEEP,Z,0.1750429,0.2489151
3/7/7/7/7/6/6/2/4 3 3,X,-0.6111111111111111111111111111,10,SLEEP,Z,0.07226444,0.3184912
3/7/7/7/7/6/6/2/2 3 3,X,-0.5555555555555555555555555555,4,SLEEP,Z,0.03798643,0.1555352
3/7/7/7/7/6/5/2/4 3 3,X,-0.5555555555555555555555555555,6,SLEEP,Z,0.04275722,0.1897584
3/7/7/7/7/6/5/2/2 3 3,X,-0.5,4,SLEEP,Z,0.03915051,0.1632198
3/7/7/7/7/6/5/2/1 3 3,Z,0.5,4,SLEEP,Z,0.03862729,0.1894356
3/7/7/7/7/6/3/2/2 3 3,Z,0.5,4,SLEEP,Z,0.03001538,0.1348291
3/7/7/7/7/6/3/2/1 3 3,Z,0.5,2,SLEEP,Z,0.01578105,0.06614528
3/7/7/7/7/5/2/2/6 3 3,X,-0.6666666666666666666666666666,6,SLEEP,Z,0.05086711,0.2325641
3/7/7/7/7/5/2/2/5 3 3,X,-0.5,4,SLEEP,Z,0.04047392,0.1712227
3/7/7/7/7/5/2/2/3 3 3,X,0.6666666666666666666666666666,2,SLEEP,Z,0.04914292,0.106294
3/7/7/7/7/5/2/6/4 3 3,X,-0.6666666666666666666666666666,6,SLEEP,Z,0.05110691,0.2262073
3/7/7/7/7/5/2/6/2 3 3,X,-0.5,6,SLEEP,Z,0.04549953,0.2021083
3/7/7/7/7/5/2/6/1 3 3,X,0.6666666666666666666666666666,4,SLEEP,Z,0.157722,0.2330704
3/7/7/7/7/5/2/5/4 3 3,X,-0.6666666666666666666666666666,4,SLEEP,Z,0.05791913,0.2136005
3/7/7/7/7/5/2/5/2 3 3,X,-0.5,4,SLEEP,Z,0.02477271,0.1009895
3/7/7/7/7/5/2/5/1 3 3,X,0.6666666666666666666666666666,2,SLEEP,Z,0.02393165,0.088973
3/7/7/7/7/5/2/3/4 3 3,X,-0.6666666666666666666666666666,6,SLEEP,Z,0.09953696,0.3689848
3/7/7/7/7/5/2/3/2 3 3,X,-0.5,2,SLEEP,Z,0.02279213,0.09396478
3/7/7/7/7/5/2/3/1 3 3,X,0.6666666666666666666666666666,2,SLEEP,Z,0.02986481,0.07754833
3/7/7/7/7/5/6/2/4 3 3,X,-0.6111111111111111111111111111,6,SLEEP,Z,0.05137136,0.2373145
3/7/7/7/7/5/6/2/2 3 3,X,-0.5555555555555555555555555555,4,SLEEP,Z,0.03862199,0.1478824
3/7/7/7/7/5/5/2/4 3 3,X,-0.5555555555555555555555555555,6,SLEEP,Z,0.04770876,0.2247492
3/7/7/7/7/5/5/2/2 3 3,X,-0.5,4,SLEEP,Z,0.04036275,0.1782468
3/7/7/7/7/5/5/2/1 3 3,X,-0.4444444444444444444444444445,2,SLEEP,Z,0.01810178,0.08180118
3/7/7/7/7/5/3/2/2 3 3,X,-0.5,2,SLEEP,Z,0.02141358,0.08984178
3/7/7/7/7/5/3/2/1 3 3,X,-0.3888888888888888888888888889,2,SLEEP,Z,0.01657114,0.07658093
3/7/7/7/7/3/2/2/6 3 3,X,-0.6666666666666666666666666666,6,SLEEP,Z,0.07823473,0.2979304
3/7/7/7/7/3/2/2/5 3 3,X,-0.5,2,SLEEP,Z,0.02683491,0.08383574
3/7/7/7/7/3/2/2/3 3 3,X,0.6666666666666666666666666666,4,SLEEP,Z,0.04483207,0.1334405
3/7/7/7/7/3/2/6/4 3 3,Z,-0.75,6,SLEEP,Z,0.1563148,0.3997284
3/7/7/7/7/3/2/6/2 3 3,Z,-0.75,4,SLEEP,Z,0.0358792,0.138023
3/7/7/7/7/3/2/6/1 3 3,Z,-0.75,2,SLEEP,Z,0.03450054,0.09181219
3/7/7/7/7/3/2/5/4 3 3,X,-0.6666666666666666666666666666,6,SLEEP,Z,0.02976,0.1286452
3/7/7/7/7/3/2/5/2 3 3,X,-0.5,4,SLEEP,Z,0.03102805,0.1318456
3/7/7/7/7/3/2/5/1 3 3,X,0.6666666666666666666666666666,2,SLEEP,Z,0.03362202,0.07800099
3/7/7/7/7/3/2/3/4 3 3,X,-0.6666666666666666666666666666,6,SLEEP,Z,0.06255314,0.1785874
3/7/7/7/7/3/2/3/2 3 3,X,-0.5,4,SLEEP,Z,0.03974776,0.1156343
3/7/7/7/7/3/2/3/1 3 3,X,0.6666666666666666666666666666,2,SLEEP,Z,0.02727898,0.06778493
3/7/7/7/7/3/6/2/4 3 3,X,-0.6111111111111111111111111111,8,SLEEP,Z,0.07414348,0.327354
3/7/7/7/7/3/6/2/2 3 3,X,-0.5555555555555555555555555555,6,SLEEP,Z,0.05934687,0.2640905
3/7/7/7/7/3/5/2/4 3 3,X,-0.5555555555555555555555555555,8,SLEEP,Z,0.04396338,0.2002601
3/7/7/7/7/3/5/2/2 3 3,X,-0.5,4,SLEEP,Z,0.03094278,0.1451964
3/7/7/7/7/3/5/2/1 3 3,Z,-0.5,4,SLEEP,Z,0.06071212,0.2482223
3/7/7/7/7/3/3/2/2 3 3,Z,-0.5,4,SLEEP,Z,0.03964337,0.1712652
3/7/7/7/7/3/3/2/1 3 3,Z,-0.5,2,SLEEP,Z,0.01900496,0.08491714
3/7/7/7/7/7/2/2/2 3 3,X,-0.5,4,SLEEP,Z,0.03813031,0.1652958
7/2/2/2/6/7/7/7/7 3 3,X,0.5,22,SLEEP,Z,0.1407133,0.4836402
7/2/2/2/5/7/7/7/7 3 3,X,0,2,SLEEP,Z,0.03902661,0.1251855
7/2/2/2/3/7/7/7/7 3 3,X,-0.5,48,SLEEP,Z,0.09548233,0.3941284
7/2/2/2/7/6/7/7/7 3 3,Z,0.5,30,SLEEP,Z,0.1101505,0.404623
7/2/2/2/7/5/7/7/7 3 3,X,0,60,SLEEP,Z,0.1042667,0.3561255
7/2/2/2/7/3/7/7/7 3 3,Z,-0.5,16,SLEEP,Z,0.08469206,0.2838621
7/2/2/2/7/7/6/7/7 3 3,X,0.5,4,SLEEP,Z,0.02042929,0.07156412
7/2/2/2/7/7/5/7/7 3 3,X,0,14,SLEEP,Z,0.07748901,0.231768
7/2/2/2/7/7/3/7/7 3 3,X,-0.5,70,SLEEP,Z,0.1257948,0.5132411
7/2/2/2/7/7/7/6/7 3 3,Z,0.5,20,SLEEP,Z,0.05890033,0.4744657
7/2/2/2/7/7/7/5/7 3 3,X,0,8,SLEEP,Z,0.04397079,0.1666509
7/2/2/2/7/7/7/3/7 3 3,Z,-0.5,14,SLEEP,Z,0.07881816,0.2960886
7/2/2/2/7/7/7/7/6 3 3,X,-0.1333333333333333333333333333,2,SLEEP,Z,0.009833943,0.02343008
7/2/2/2/7/7/7/7/5 3 3,X,0,28,SLEEP,Z,0.05740033,0.2336306
7/2/2/6/2/7/7/7/7 3 3,Z,0.5,68,SLEEP,Z,0.1554963,0.5621534
7/2/2/6/6/5/7/7/7 3 3,Z,0.5,2,SLEEP,Z,0,0
7/2/2/6/6/3/7/7/7 3 3,Z,0.5769230769230769230769230769,2,SLEEP,Z,0.01196281,0.04403636
7/2/2/6/6/7/6/7/7 3 3,Z,0.5,6,SLEEP,Z,0.09334252,0.1836775
7/2/2/6/6/7/5/7/7 3 3,Z,0.5,2,SLEEP,Z,0.08377371,0.1300592
7/2/2/6/6/7/3/7/7 3 3,X,0.5909090909090909090909090909,12,SLEEP,Z,0.08546636,0.2098666
7/2/2/6/6/7/7/5/7 3 3,Z,0.5,2,SLEEP,Z,0,0
7/2/2/6/6/7/7/3/7 3 3,Z,0.5769230769230769230769230769,2,SLEEP,Z,0.01587331,0.06560488
7/2/2/6/6/7/7/7/6 3 3,Z,0.5,8,SLEEP,Z,0.07981902,0.1981073
7/2/2/6/6/7/7/7/5 3 3,Z,0.5,66,SLEEP,Z,0.05730039,0.2024682
7/2/2/6/6/7/7/7/3 3 3,X,0.5909090909090909090909090909,8,SLEEP,Z,0.04907648,0.1687386
7/2/2/6/3/6/7/7/7 3 3,X,-0.5,10,SLEEP,Z,0.1304733,0.3119603
7/2/2/6/3/5/7/7/7 3 3,Z,0.5,4,SLEEP,Z,0.05185594,0.131025
7/2/2/6/3/3/7/7/7 3 3,Z,0.5769230769230769230769230769,2,SLEEP,Z,0.06463552,0.1163719
7/2/2/6/3/7/5/7/7 3 3,Z,0.5,58,SLEEP,Z,0.09644903,0.3737212
7/2/2/6/3/7/3/7/7 3 3,Z,0.5,10,SLEEP,Z,0.08321355,0.2208371
7/2/2/6/3/7/7/6/7 3 3,X,-0.5,10,SLEEP,Z,0.08751692,0.31657
7/2/2/6/3/7/7/5/7 3 3,Z,0.5,4,SLEEP,Z,0.03108776,0.1204204
7/2/2/6/3/7/7/3/7 3 3,Z,0.5769230769230769230769230769,6,SLEEP,Z,0.02930362,0.08344326
7/2/2/6/3/7/7/7/5 3 3,Z,0.5,32,SLEEP,Z,0.0231038,0.08725345
7/2/2/6/3/7/7/7/3 3 3,Z,0.5,20,SLEEP,Z,0.08641784,0.3248283
7/2/2/6/5/5/7/7/7 3 3,Z,0.5,10,SLEEP,Z,0.09585968,0.3341198
7/2/2/6/7/5/6/7/7 3 3,Z,0.5,2,SLEEP,Z,0.009219871,0.02561004
7/2/2/6/7/5/3/7/7 3 3,Z,0.5,24,SLEEP,Z,0.07925238,0.2994488
7/2/2/6/7/5/7/5/7 3 3,Z,0.5,2,SLEEP,Z,0,0
7/2/2/6/7/5/7/3/7 3 3,Z,0.5769230769230769230769230769,4,SLEEP,Z,0.02516316,0.06850439
7/2/2/6/7/5/7/7/6 3 3,Z,0.5,2,SLEEP,Z,0.003394732,0.0178221
7/2/2/6/7/5/7/7/3 3 3,Z,0.5,8,SLEEP,Z,0.03378802,0.1363443
7/2/2/6/5/3/7/7/7 3 3,Z,0.5769230769230769230769230769,4,SLEEP,Z,0.02896738,0.07019994
7/2/2/6/7/2/7/7/7 3 3,Z,0.5,222,SLEEP,Z,0.1516925,0.5924239
7/2/2/6/7/3/6/7/7 3 3,Z,0.5769230769230769230769230769,20,SLEEP,Z,0.05479002,0.1069193
7/2/2/6/7/3/5/7/7 3 3,Z,0.5769230769230769230769230769,20,SLEEP,Z,0.02975504,0.1199161
7/2/2/6/7/3/3/7/7 3 3,Z,0.5769230769230769230769230769,20,SLEEP,Z,0.06660489,0.2642811
7/2/2/6/7/3/7/6/7 3 3,Z,-0.625,2,SLEEP,Z,0.0502026,0.1172704
7/2/2/6/7/3/7/5/7 3 3,Z,0.5769230769230769230769230769,10,SLEEP,Z,0.06837666,0.2388371
7/2/2/6/7/3/7/3/7 3 3,Z,0.6538461538461538461538461538,24,SLEEP,Z,0.09227277,0.3475741
7/2/2/6/7/3/7/7/6 3 3,Z,0.5769230769230769230769230769,2,SLEEP,Z,0.009952961,0.03442726
7/2/2/6/7/3/7/7/5 3 3,Z,0.5769230769230769230769230769,4,SLEEP,Z,0.02046859,0.07670179
7/2/2/6/7/3/7/7/3 3 3,Z,0.5769230769230769230769230769,14,SLEEP,Z,0.06602909,0.2266202
7/2/2/6/5/7/6/7/7 3 3,Z,0.5,2,SLEEP,Z,0,0
7/2/2/6/3/7/6/7/7 3 3,X,-0.5909090909090909090909090909,2,SLEEP,Z,0,0
7/2/2/6/7/6/6/7/7 3 3,Z,0.5,18,SLEEP,Z,0.09651326,0.3860115
7/2/2/6/7/7/6/5/7 3 3,Z,0.5,2,SLEEP,Z,0.03640257,0.149669
7/2/2/6/7/7/6/3/7 3 3,Z,0.5769230769230769230769230769,4,SLEEP,Z,0.03763258,0.070066
7/2/2/6/7/7/6/7/5 3 3,Z,0.5,2,SLEEP,Z,0,0
7/2/2/6/7/7/6/7/3 3 3,X,0.7,12,SLEEP,Z,0.01746944,0.06682284
7/2/2/6/7/5/5/7/7 3 3,Z,0.5,108,SLEEP,Z,0.03828243,0.08749496
7/2/2/6/7/7/5/6/7 3 3,Z,0.5,4,SLEEP,Z,0.08271856,0.448933
7/2/2/6/7/7/5/5/7 3 3,Z,0.5,4,SLEEP,Z,0.0829976,0.2405138
7/2/2/6/7/7/5/3/7 3 3,Z,0.5769230769230769230769230769,20,SLEEP,Z,0.03072523,0.1222995
7/2/2/6/7/7/5/7/6 3 3,Z,0.5,6,SLEEP,Z,0.08425465,0.1917916
7/2/2/6/7/7/5/7/5 3 3,Z,0.5,8,SLEEP,Z,0.01959404,0.06522231
7/2/2/6/7/7/5/7/3 3 3,Z,0.5,56,SLEEP,Z,0.1590988,0.6179469
7/2/2/6/5/7/3/7/7 3 3,Z,0.5,22,SLEEP,Z,0.05737854,0.2012739
7/2/2/6/7/7/3/6/7 3 3,X,-0.5,26,SLEEP,Z,0.117918,0.4499242
7/2/2/6/7/7/3/5/7 3 3,Z,0.5,28,SLEEP,Z,0.04075477,0.1299566
7/2/2/6/7/7/3/3/7 3 3,Z,0.5769230769230769230769230769,10,SLEEP,Z,0.05856173,0.2130561
7/2/2/6/7/7/3/7/6 3 3,X,-0.7,12,SLEEP,Z,0.09903894,0.4841833
7/2/2/6/7/7/3/7/3 3 3,Z,0.5,8,SLEEP,Z,0.04989171,0.2076735
7/2/2/6/7/7/7/5/6 3 3,Z,0.5,2,SLEEP,Z,0.02702928,0.05830974
7/2/2/6/5/7/7/3/7 3 3,Z,0.5769230769230769230769230769,16,SLEEP,Z,0.09808695,0.3677248
7/2/2/6/7/6/7/3/7 3 3,Z,0.625,16,SLEEP,Z,0.06672952,0.1153968
7/2/2/6/7/7/7/2/7 3 3,Z,0.5,2,SLEEP,Z,0.05301651,0.4325483
7/2/2/6/7/7/7/3/6 3 3,Z,0.5769230769230769230769230769,2,SLEEP,Z,0.06964538,0.4568363
7/2/2/6/7/7/7/3/5 3 3,Z,0.5769230769230769230769230769,4,SLEEP,Z,0.06077351,0.1057275
7/2/2/6/7/7/7/3/3 3 3,Z,0.5769230769230769230769230769,8,SLEEP,Z,0.06459116,0.2414553
7/2/2/6/5/7/7/7/6 3 3,Z,0.5,8,SLEEP,Z,0.04224026,0.1663129
7/2/2/6/3/7/7/7/6 3 3,X,-0.5909090909090909090909090909,2,SLEEP,Z,0.004515101,0.01281702
7/2/2/6/7/7/6/7/6 3 3,Z,0.5,8,SLEEP,Z,0.032528,0.1298577
7/2/2/6/7/7/7/7/4 3 3,Z,0.5,2,SLEEP,Z,0.005377076,0.01543822
7/2/2/6/7/7/7/7/2 3 3,Z,0.5,40,SLEEP,Z,0.03073235,0.1176027
7/2/2/6/5/7/7/7/5 3 3,Z,0.5,12,SLEEP,Z,0.01937582,0.07973281
7/2/2/6/7/6/7/7/5 3 3,Z,0.5,46,SLEEP,Z,0.02403989,0.09646661
7/2/2/6/7/5/7/7/5 3 3,Z,0.5,2,SLEEP,Z,0.016918,0.07757146
7/2/2/6/7/7/3/7/5 3 3,Z,0.5,24,SLEEP,Z,0.09017706,0.3554233
7/2/2/6/7/7/7/6/5 3 3,Z,0.5,2,SLEEP,Z,0.01835867,0.07468219
7/2/2/6/7/7/7/5/5 3 3,Z,0.5,4,SLEEP,Z,0.01740778,0.08958063
7/2/2/6/7/7/7/7/1 3 3,Z,0.5,24,SLEEP,Z,0.03482271,0.1403241
7/2/2/2/7/7/7/7/3 3 3,X,0.1333333333333333333333333333,8,SLEEP,Z,0.07150861,0.464792
7/2/2/6/7/6/7/7/3 3 3,Z,0.5,6,SLEEP,Z,0.05032063,0.2078841
7/2/2/6/7/7/7/6/3 3 3,Z,0.5,214,SLEEP,Z,0.1224692,0.3938061
7/2/2/6/7/7/7/5/3 3 3,Z,0.5,28,SLEEP,Z,0.1003406,0.3899187
7/2/2/3/2/7/7/7/7 3 3,Z,-0.5,2,SLEEP,Z,0.02853364,0.09879849
7/2/2/3/6/6/7/7/7 3 3,Z,-0.5769230769230769230769230769,132,SLEEP,Z,0.2011201,0.6949022
7/2/2/3/6/5/7/7/7 3 3,Z,-0.5,10,SLEEP,Z,0.01607574,0.05728441
7/2/2/3/6/7/6/7/7 3 3,Z,-0.5,10,SLEEP,Z,0.03083125,0.07770997
7/2/2/3/6/7/5/7/7 3 3,Z,-0.5,2,SLEEP,Z,0.009224093,0.01978908
7/2/2/3/6/7/3/7/7 3 3,X,0.5909090909090909090909090909,4,SLEEP,Z,0.05034569,0.1745145
7/2/2/3/6/7/7/5/7 3 3,Z,-0.5,2,SLEEP,Z,0,0
7/2/2/3/6/7/7/7/6 3 3,Z,-0.5,2,SLEEP,Z,0.01819588,0.06885459
7/2/2/3/6/7/7/7/5 3 3,Z,-0.5,4,SLEEP,Z,0.02938,0.112663
7/2/2/3/6/7/7/7/3 3 3,X,0.5909090909090909090909090909,28,SLEEP,Z,0.09117849,0.2358101
7/2/2/3/5/6/7/7/7 3 3,Z,-0.5769230769230769230769230769,6,SLEEP,Z,0.0316369,0.1225032
7/2/2/3/5/3/7/7/7 3 3,Z,-0.5,172,SLEEP,Z,0.06823827,0.2516993
7/2/2/3/5/7/6/7/7 3 3,Z,-0.5,2,SLEEP,Z,0.04695414,0.05159901
7/2/2/3/5/7/5/7/7 3 3,Z,-0.5,2,SLEEP,Z,0.02175865,0.01381526
7/2/2/3/5/7/3/7/7 3 3,Z,-0.5,10,SLEEP,Z,0.04694118,0.1729766
7/2/2/3/5/7/7/6/7 3 3,Z,-0.5769230769230769230769230769,4,SLEEP,Z,0.08057924,0.1827793
7/2/2/3/5/7/7/5/7 3 3,Z,-0.5,4,SLEEP,Z,0.05027183,0.1057709
7/2/2/3/5/7/7/3/7 3 3,Z,-0.5,10,SLEEP,Z,0.0683549,0.1790806
7/2/2/3/5/7/7/7/6 3 3,Z,-0.5,6,SLEEP,Z,0.02701373,0.1100471
7/2/2/3/5/7/7/7/5 3 3,Z,-0.5,22,SLEEP,Z,0.07432392,0.4459528
7/2/2/3/3/6/7/7/7 3 3,Z,-0.5769230769230769230769230769,6,SLEEP,Z,0.0251997,0.09963994
7/2/2/3/3/5/7/7/7 3 3,Z,-0.5,48,SLEEP,Z,0.05216685,0.1947077
7/2/2/3/3/7/6/7/7 3 3,X,-0.5909090909090909090909090909,2,SLEEP,Z,0,0
7/2/2/3/3/7/5/7/7 3 3,Z,-0.5,8,SLEEP,Z,0.05194796,0.156115
7/2/2/3/3/7/3/7/7 3 3,Z,-0.5,10,SLEEP,Z,0.1164562,0.3954324
7/2/2/3/3/7/7/5/7 3 3,Z,-0.5,12,SLEEP,Z,0.03839487,0.1451739
7/2/2/3/3/7/7/3/7 3 3,X,-0.5,16,SLEEP,Z,0.037313,0.14227
7/2/2/3/3/7/7/7/6 3 3,X,-0.5909090909090909090909090909,2,SLEEP,Z,0.01782,0.0395306
7/2/2/3/3/7/7/7/5 3 3,Z,-0.5,4,SLEEP,Z,0.03127119,0.1312558
7/2/2/3/3/7/7/7/3 3 3,Z,-0.5,6,SLEEP,Z,0.06725613,0.1997601
7/2/2/3/7/2/7/7/7 3 3,Z,-0.5,12,SLEEP,Z,0.07553887,0.2421492
7/2/2/3/7/6/5/7/7 3 3,Z,-0.5769230769230769230769230769,2,SLEEP,Z,0.01859546,0.1254767
7/2/2/3/7/6/3/7/7 3 3,Z,-0.5769230769230769230769230769,4,SLEEP,Z,0.03770172,0.1491159
7/2/2/3/7/6/7/6/7 3 3,Z,-0.6538461538461538461538461538,6,SLEEP,Z,0.05748571,0.2133735
7/2/2/3/7/6/7/5/7 3 3,Z,-0.5769230769230769230769230769,6,SLEEP,Z,0.09592286,0.2558201
7/2/2/3/7/6/7/3/7 3 3,Z,0.625,16,SLEEP,Z,0.08482166,0.3204702
7/2/2/3/7/6/7/7/6 3 3,Z,-0.5769230769230769230769230769,6,SLEEP,Z,0.03396644,0.1241382
7/2/2/3/7/6/7/7/5 3 3,Z,-0.5769230769230769230769230769,48,SLEEP,Z,0.02463618,0.07359117
7/2/2/3/7/6/7/7/3 3 3,Z,-0.5769230769230769230769230769,16,SLEEP,Z,0.07048056,0.2667775
7/2/2/3/5/5/7/7/7 3 3,Z,-0.5,2,SLEEP,Z,0.0263817,0.1065479
7/2/2/3/7/5/6/7/7 3 3,Z,-0.5,2,SLEEP,Z,0.01974946,0.06550511
7/2/2/3/7/5/5/7/7 3 3,Z,-0.5,2,SLEEP,Z,0,0
7/2/2/3/7/5/3/7/7 3 3,Z,-0.5,12,SLEEP,Z,0.04311349,0.1484303
7/2/2/3/7/5/7/6/7 3 3,Z,-0.5769230769230769230769230769,6,SLEEP,Z,0.05089218,0.1333476
7/2/2/3/7/5/7/5/7 3 3,Z,-0.5,10,SLEEP,Z,0.05678344,0.3865846
7/2/2/3/7/5/7/7/6 3 3,Z,-0.5,2,SLEEP,Z,0,0
7/2/2/3/7/5/7/7/5 3 3,Z,-0.5,2,SLEEP,Z,0.02124305,0.08129343
7/2/2/3/7/5/7/7/3 3 3,Z,-0.5,16,SLEEP,Z,0.1001082,0.3768627
7/2/2/3/6/3/7/7/7 3 3,X,0.5,6,SLEEP,Z,0.1757769,0.2715248
7/2/2/3/3/3/7/7/7 3 3,X,-0.5,8,SLEEP,Z,0.03994353,0.1462294
7/2/2/3/7/3/6/7/7 3 3,Z,-0.5,2,SLEEP,Z,0.05035711,0.08633485
7/2/2/3/7/3/5/7/7 3 3,Z,-0.5,16,SLEEP,Z,0.04338805,0.1512754
7/2/2/3/7/3/3/7/7 3 3,Z,-0.5,8,SLEEP,Z,0.09452784,0.1753451
7/2/2/3/7/3/7/6/7 3 3,Z,-0.625,6,SLEEP,Z,0.03868951,0.1271833
7/2/2/3/7/3/7/5/7 3 3,Z,-0.5,14,SLEEP,Z,0.034223,0.1400067
7/2/2/3/7/3/7/7/5 3 3,Z,-0.5,32,SLEEP,Z,0.1444164,0.5613202
7/2/2/3/7/3/7/7/3 3 3,Z,-0.5,8,SLEEP,Z,0.06107038,0.1979175
7/2/2/3/7/6/6/7/7 3 3,Z,-0.5769230769230769230769230769,22,SLEEP,Z,0.02168553,0.08079652
7/2/2/3/7/7/2/7/7 3 3,Z,-0.5,8,SLEEP,Z,0.03600445,0.1063556
7/2/2/3/7/7/6/6/7 3 3,Z,-0.5769230769230769230769230769,12,SLEEP,Z,0.06555583,0.243493
7/2/2/3/7/7/6/5/7 3 3,Z,-0.5,2,SLEEP,Z,0.08423109,0.1920564
7/2/2/3/7/7/6/7/6 3 3,Z,-0.5,16,SLEEP,Z,0.08507979,0.3241263
7/2/2/3/7/7/6/7/5 3 3,Z,-0.5,4,SLEEP,Z,0.04432969,0.1056475
7/2/2/3/7/7/6/7/3 3 3,X,0.7,14,SLEEP,Z,0.1050568,0.3821021
7/2/2/3/7/7/5/6/7 3 3,Z,-0.5769230769230769230769230769,2,SLEEP,Z,0.04543929,0.1286447
7/2/2/3/7/7/5/5/7 3 3,Z,-0.5,8,SLEEP,Z,0.09876212,0.2304349
7/2/2/3/7/7/5/3/7 3 3,Z,-0.5,12,SLEEP,Z,0.08324965,0.3269568
7/2/2/3/7/7/5/7/6 3 3,Z,-0.5,2,SLEEP,Z,0,0
7/2/2/3/7/7/5/7/5 3 3,Z,-0.5,20,SLEEP,Z,0.02019011,0.07539573
7/2/2/3/7/7/5/7/3 3 3,Z,-0.5,6,SLEEP,Z,0.04412689,0.164197
7/2/2/3/7/7/3/6/7 3 3,Z,-0.5769230769230769230769230769,8,SLEEP,Z,0.07779477,0.2384559
7/2/2/3/7/7/3/3/7 3 3,X,-0.5,14,SLEEP,Z,0.05315143,0.2103872
7/2/2/3/7/7/3/7/6 3 3,X,-0.7,20,SLEEP,Z,0.01742087,0.07369899
7/2/2/3/7/7/3/7/5 3 3,Z,-0.5,4,SLEEP,Z,0.03548742,0.1322664
7/2/2/3/7/7/3/7/3 3 3,Z,-0.5,50,SLEEP,Z,0.1078712,0.4329056
7/2/2/3/6/7/7/6/7 3 3,Z,-0.5769230769230769230769230769,4,SLEEP,Z,0.1188734,0.2238681
7/2/2/3/7/7/7/2/7 3 3,Z,-0.5,24,SLEEP,Z,0.1055655,0.3941363
7/2/2/3/7/7/7/6/6 3 3,Z,-0.5769230769230769230769230769,2,SLEEP,Z,0.00543946,0.0232099
7/2/2/3/7/7/7/6/3 3 3,Z,-0.5769230769230769230769230769,8,SLEEP,Z,0.04602959,0.1553423
7/2/2/3/7/7/3/5/7 3 3,Z,-0.5,8,SLEEP,Z,0.08581422,0.254851
7/2/2/3/7/7/7/5/6 3 3,Z,-0.5,2,SLEEP,Z,0.03894809,0.05876708
7/2/2/3/7/7/7/5/5 3 3,Z,-0.5,2,SLEEP,Z,0.0153791,0.05948942
7/2/2/3/7/3/7/7/6 3 3,Z,-0.5,2,SLEEP,Z,0,0
7/2/2/3/7/7/7/7/4 3 3,Z,-0.5,2,SLEEP,Z,0,0
7/2/2/3/7/7/7/7/2 3 3,Z,-0.5,22,SLEEP,Z,0.0456139,0.179946
7/2/2/3/7/7/7/6/5 3 3,Z,-0.5769230769230769230769230769,10,SLEEP,Z,0.04418369,0.1400293
7/2/2/3/7/7/7/3/5 3 3,Z,-0.5,26,SLEEP,Z,0.1133216,0.4545915
7/2/2/3/7/7/7/7/1 3 3,Z,-0.5,8,SLEEP,Z,0.06329287,0.2327311
7/2/2/3/5/7/7/7/3 3 3,Z,-0.5,4,SLEEP,Z,0.04246054,0.1590149
7/2/2/3/7/7/7/3/3 3 3,Z,-0.5,8,SLEEP,Z,0.04130512,0.1693556
7/2/2/5/2/7/7/7/7 3 3,X,0,2,SLEEP,Z,0.02701014,0.1146506
7/2/2/5/6/6/7/7/7 3 3,X,0.5,2,SLEEP,Z,0.0443382,0.08633366
7/2/2/5/6/5/7/7/7 3 3,X,0.5,2,SLEEP,Z,0.007219314,0.0225124
7/2/2/5/6/3/7/7/7 3 3,X,0.5,2,SLEEP,Z,0.008231107,0.02776664
7/2/2/5/6/7/5/7/7 3 3,X,0.5,6,SLEEP,Z,0.04958491,0.4511994
7/2/2/5/6/7/3/7/7 3 3,X,0.5909090909090909090909090909,4,SLEEP,Z,0.05396576,0.257926
7/2/2/5/6/7/7/5/7 3 3,X,0.5,2,SLEEP,Z,0.01277484,0.04924835
7/2/2/5/6/7/7/3/7 3 3,X,0.5,2,SLEEP,Z,0.005915076,0.02031416
7/2/2/5/6/7/7/7/6 3 3,X,0.4090909090909090909090909091,30,SLEEP,Z,0.03762579,0.1542556
7/2/2/5/6/7/7/7/3 3 3,X,0.5909090909090909090909090909,22,SLEEP,Z,0.02260845,0.08549519
7/2/2/6/6/6/7/7/7 3 3,X,0.5,8,SLEEP,Z,0.03467197,0.141434
7/2/2/7/2/6/7/7/7 3 3,Z,0.5,2,SLEEP,Z,0.04155462,0.09978411
7/2/2/7/6/2/7/7/7 3 3,X,0.5,2,SLEEP,Z,0.04015625,0.0982038
7/2/2/7/6/6/7/6/7 3 3,X,0.5,18,SLEEP,Z,0.06553585,0.2456229
7/2/2/7/6/6/7/5/7 3 3,X,0.5,262,SLEEP,Z,0.1448659,0.4641905
7/2/2/7/6/6/7/3/7 3 3,Z,0.625,2,SLEEP,Z,0.05569211,0.07394197
7/2/2/7/6/6/7/7/5 3 3,X,0.5,2,SLEEP,Z,0,0
7/2/2/7/2/5/7/7/7 3 3,X,0,8,SLEEP,Z,0.02933301,0.08236126
7/2/2/7/6/5/6/7/7 3 3,X,0.5,2,SLEEP,Z,0,0
7/2/2/7/6/5/5/7/7 3 3,X,0.5,2,SLEEP,Z,0.01490302,0.07486424
7/2/2/7/6/5/3/7/7 3 3,X,0.60,10,SLEEP,Z,0.02823631,0.104556
7/2/2/7/6/5/7/5/7 3 3,X,0.5,2,SLEEP,Z,0,0
7/2/2/7/6/5/7/3/7 3 3,X,0.5,8,SLEEP,Z,0.02789082,0.07473081
7/2/2/7/6/5/7/7/5 3 3,X,0.5,2,SLEEP,Z,0,0
7/2/2/7/6/5/7/7/3 3 3,X,0.60,40,SLEEP,Z,0.05917063,0.2144307
7/2/2/7/2/3/7/7/7 3 3,Z,-0.5,2,SLEEP,Z,0,0
7/2/2/7/6/3/6/7/7 3 3,Z,-0.5,2,SLEEP,Z,0.02422482,0.07566161
7/2/2/7/6/3/5/7/7 3 3,X,0.5,2,SLEEP,Z,0.02182987,0.07302084
7/2/2/7/6/3/3/7/7 3 3,X,0.60,6,SLEEP,Z,0.03413632,0.1089048
7/2/2/7/6/3/7/6/7 3 3,Z,-0.625,2,SLEEP,Z,0.1604543,0.4104705
7/2/2/7/6/3/7/5/7 3 3,X,0.5,2,SLEEP,Z,0.03590067,0.06373531
7/2/2/7/6/3/7/3/7 3 3,X,0.5,8,SLEEP,Z,0.03877869,0.1711923
7/2/2/7/6/3/7/7/6 3 3,Z,-0.5,4,SLEEP,Z,0.09422942,0.4332595
7/2/2/7/6/3/7/7/5 3 3,X,0.5,16,SLEEP,Z,0.07875713,0.3256221
7/2/2/7/6/3/7/7/3 3 3,X,0.60,18,SLEEP,Z,0.09774712,0.4549409
7/2/2/7/2/7/5/7/7 3 3,X,0,4,SLEEP,Z,0.03124087,0.2149109
7/2/2/7/6/6/5/7/7 3 3,X,0.5,2,SLEEP,Z,0.01223894,0.03098543
7/2/2/7/6/7/5/6/7 3 3,X,0.5,96,SLEEP,Z,0.1556282,0.593435
7/2/2/7/6/7/5/5/7 3 3,X,0.5,2,SLEEP,Z,0.01002435,0.03527403
7/2/2/7/6/7/5/3/7 3 3,X,0.5,8,SLEEP,Z,0.01607914,0.06051351
7/2/2/7/6/7/5/7/6 3 3,X,0.4,20,SLEEP,Z,0.02715935,0.1094467
7/2/2/7/6/7/5/7/5 3 3,X,0.5,2,SLEEP,Z,0,0
7/2/2/7/6/7/5/7/3 3 3,X,0.6,6,SLEEP,Z,0.04027069,0.1479216
7/2/2/7/2/7/3/7/7 3 3,X,-0.5,10,SLEEP,Z,0.05473099,0.179377
7/2/2/7/6/7/2/7/7 3 3,X,0.5,2,SLEEP,Z,0.01542653,0.05764675
7/2/2/7/6/7/3/6/7 3 3,X,0.6,16,SLEEP,Z,0.05023469,0.1652141
7/2/2/7/6/7/3/5/7 3 3,X,0.6,2,SLEEP,Z,0.0714944,0.1413531
7/2/2/7/6/7/3/3/7 3 3,X,0.6,22,SLEEP,Z,0.08986332,0.4460304
7/2/2/7/6/7/3/7/6 3 3,X,-0.7,6,SLEEP,Z,0.02799983,0.07322934
7/2/2/7/6/7/3/7/5 3 3,X,0.6,2,SLEEP,Z,0.02209056,0.1058789
7/2/2/7/6/7/3/7/3 3 3,X,0.7,4,SLEEP,Z,0.045734,0.1599029
7/2/2/7/2/7/7/5/7 3 3,X,0,2,SLEEP,Z,0.03842004,0.1151433
7/2/2/7/6/7/6/5/7 3 3,X,0.5,6,SLEEP,Z,0.02019932,0.06905589
7/2/2/7/6/7/7/5/6 3 3,X,0.4,82,SLEEP,Z,0.1473484,0.5758938
7/2/2/7/6/7/7/5/5 3 3,X,0.5,2,SLEEP,Z,0,0
7/2/2/7/6/7/7/5/3 3 3,X,0.6,34,SLEEP,Z,0.02392897,0.08700111
7/2/2/3/6/7/7/3/7 3 3,X,0.5,8,SLEEP,Z,0.04356004,0.16529
7/2/2/7/2/7/7/3/7 3 3,Z,-0.5,104,SLEEP,Z,0.1212647,0.3942058
7/2/2/7/6/7/7/2/7 3 3,X,0.5,4,SLEEP,Z,0.05493961,0.06169403
7/2/2/7/6/7/7/3/6 3 3,Z,-0.5,2,SLEEP,Z,0.02613488,0.1215625
7/2/2/7/6/7/7/3/5 3 3,X,0.5,4,SLEEP,Z,0.05590442,0.1955709
7/2/2/7/6/7/7/3/3 3 3,X,0.6,6,SLEEP,Z,0.0291338,0.1143321
7/2/2/7/2/7/7/7/6 3 3,X,-0.1818181818181818181818181818,6,SLEEP,Z,0.03059128,0.08589718
7/2/2/7/6/6/7/7/6 3 3,Z,0.5,64,SLEEP,Z,0.139304,0.5191301
7/2/2/7/6/5/7/7/6 3 3,X,0.40,8,SLEEP,Z,0.02880682,0.1227355
7/2/2/7/6/7/6/7/6 3 3,X,-0.4,12,SLEEP,Z,0.04700892,0.1967022
7/2/2/7/6/7/7/6/6 3 3,Z,0.5,112,SLEEP,Z,0.03067029,0.1230623
7/2/2/7/6/7/7/7/4 3 3,X,0.4,2,SLEEP,Z,0.03939827,0.3111382
7/2/2/7/6/7/7/7/2 3 3,X,0.5,2,SLEEP,Z,0.0167134,0.06378366
7/2/2/5/6/7/7/7/5 3 3,X,0.5,2,SLEEP,Z,0,0
7/2/2/7/2/7/7/7/5 3 3,X,0,18,SLEEP,Z,0.02152589,0.08415953
7/2/2/7/6/7/6/7/5 3 3,X,0.5,4,SLEEP,Z,0.03903206,0.1581597
7/2/2/7/6/7/7/6/5 3 3,X,0.5,6,SLEEP,Z,0.05546303,0.1786676
7/2/2/7/6/7/7/7/1 3 3,X,0.6,4,SLEEP,Z,0.03086661,0.1243643
7/2/2/7/2/7/7/7/3 3 3,X,0.1818181818181818181818181818,2,SLEEP,Z,0.03622214,0.1394597
7/2/2/7/6/7/6/7/3 3 3,X,0.7,2,SLEEP,Z,0.007025757,0.02764911
7/2/2/7/6/7/7/6/3 3 3,X,0.6,20,SLEEP,Z,0.04148961,0.1418737
7/2/2/5/3/6/7/7/7 3 3,X,-0.5,14,SLEEP,Z,0.02958059,0.09098123
7/2/2/5/3/3/7/7/7 3 3,X,-0.5,86,SLEEP,Z,0.1508509,0.5409336
7/2/2/5/3/7/6/7/7 3 3,X,-0.5909090909090909090909090909,4,SLEEP,Z,0.0149313,0.04844134
7/2/2/5/3/7/5/7/7 3 3,X,-0.5,10,SLEEP,Z,0.02483073,0.09429299
7/2/2/5/3/7/3/7/7 3 3,X,-0.5,6,SLEEP,Z,0.1327733,0.5253163
7/2/2/5/3/7/7/6/7 3 3,X,-0.5,206,SLEEP,Z,0.0390152,0.14844
7/2/2/5/3/7/7/5/7 3 3,X,-0.5,4,SLEEP,Z,0.03356746,0.09632637
7/2/2/5/3/7/7/3/7 3 3,X,-0.5,44,SLEEP,Z,0.1258748,0.4614933
7/2/2/5/3/7/7/7/6 3 3,X,-0.5909090909090909090909090909,28,SLEEP,Z,0.09032529,0.3287823
7/2/2/5/3/7/7/7/5 3 3,X,-0.5,22,SLEEP,Z,0.02595382,0.1046295
7/2/2/5/3/7/7/7/3 3 3,X,-0.4090909090909090909090909091,4,SLEEP,Z,0.06317478,0.2051888
7/2/2/7/2/7/6/7/7 3 3,X,0.5,6,SLEEP,Z,0.02312846,0.1171537
7/2/2/7/2/7/7/6/7 3 3,Z,0.5,24,SLEEP,Z,0.03209217,0.2218969
7/2/2/7/3/2/7/7/7 3 3,X,-0.5,2,SLEEP,Z,0.02490045,0.05952082
7/2/2/7/3/6/6/7/7 3 3,X,-0.60,2,SLEEP,Z,0.0159245,0.05478465
7/2/2/7/3/6/3/7/7 3 3,Z,0.5,6,SLEEP,Z,0.04419393,0.1669878
7/2/2/7/3/6/7/6/7 3 3,X,-0.5,30,SLEEP,Z,0.1089399,0.4165038
7/2/2/7/3/6/7/5/7 3 3,X,-0.5,8,SLEEP,Z,0.03249164,0.1312075
7/2/2/7/3/6/7/3/7 3 3,Z,0.625,24,SLEEP,Z,0.09900205,0.3538078
7/2/2/7/3/6/7/7/6 3 3,X,-0.60,2,SLEEP,Z,0,0
7/2/2/7/3/6/7/7/5 3 3,X,-0.5,6,SLEEP,Z,0.03660644,0.1440828
7/2/2/7/3/6/7/7/3 3 3,Z,0.5,8,SLEEP,Z,0.05420886,0.1965374
7/2/2/5/3/5/7/7/7 3 3,X,-0.5,10,SLEEP,Z,0.05844951,0.2038694
7/2/2/7/3/5/5/7/7 3 3,X,-0.5,8,SLEEP,Z,0.03639173,0.1187036
7/2/2/7/3/5/3/7/7 3 3,X,-0.5,2,SLEEP,Z,0.03825061,0.1328286
7/2/2/7/3/5/7/6/7 3 3,X,-0.5,2,SLEEP,Z,0.03339406,0.1335216
7/2/2/7/3/5/7/5/7 3 3,X,-0.5,4,SLEEP,Z,0.06261025,0.4809302
7/2/2/7/3/5/7/3/7 3 3,X,-0.5,26,SLEEP,Z,0.07165055,0.2725585
7/2/2/7/3/5/7/7/6 3 3,X,-0.60,2,SLEEP,Z,0.09515043,0.4956682
7/2/2/7/3/5/7/7/5 3 3,X,-0.5,6,SLEEP,Z,0.03196101,0.1106855
7/2/2/7/3/5/7/7/3 3 3,X,-0.40,4,SLEEP,Z,0.04358613,0.1394358
7/2/2/7/3/5/6/7/7 3 3,X,-0.60,2,SLEEP,Z,0.01656003,0.02507537
7/2/2/7/3/7/2/7/7 3 3,X,-0.5,2,SLEEP,Z,0.02311669,0.08892901
7/2/2/7/3/7/6/6/7 3 3,X,-0.6,2,SLEEP,Z,0.02735571,0.05880133
7/2/2/7/3/7/6/5/7 3 3,X,-0.6,2,SLEEP,Z,0.005958355,0.01689107
7/2/2/7/3/7/6/3/7 3 3,X,-0.6,2,SLEEP,Z,0.0378227,0.07634791
7/2/2/7/3/7/6/7/6 3 3,X,-0.7,24,SLEEP,Z,0.03340939,0.1164623
7/2/2/7/3/7/6/7/5 3 3,X,-0.6,218,SLEEP,Z,0.1495927,0.5498284
7/2/2/7/3/6/5/7/7 3 3,X,-0.5,6,SLEEP,Z,0.06559913,0.4799286
7/2/2/7/3/3/5/7/7 3 3,X,-0.5,4,SLEEP,Z,0.0213415,0.08584848
7/2/2/7/3/7/5/6/7 3 3,X,-0.5,58,SLEEP,Z,0.0461973,0.1091126
7/2/2/7/3/7/5/5/7 3 3,X,-0.5,4,SLEEP,Z,0.02855266,0.1133259
7/2/2/7/3/7/5/3/7 3 3,X,-0.5,36,SLEEP,Z,0.0735826,0.2829654
7/2/2/7/3/7/5/7/6 3 3,X,-0.6,2,SLEEP,Z,0,0
7/2/2/7/3/7/5/7/5 3 3,X,-0.5,18,SLEEP,Z,0.05872627,0.2286938
7/2/2/7/3/7/5/7/3 3 3,X,-0.4,8,SLEEP,Z,0.04496354,0.182624
7/2/2/7/3/3/3/7/7 3 3,Z,-0.5,10,SLEEP,Z,0.05536317,0.2099821
7/2/2/7/3/7/3/6/7 3 3,X,-0.5,10,SLEEP,Z,0.06787328,0.2555757
7/2/2/7/3/7/3/5/7 3 3,X,-0.5,6,SLEEP,Z,0.05585362,0.2248943
7/2/2/7/3/7/3/3/7 3 3,X,-0.5,10,SLEEP,Z,0.08803537,0.1938107
7/2/2/7/3/7/3/7/5 3 3,X,-0.5,4,SLEEP,Z,0.0249268,0.09723174
7/2/2/7/3/7/3/7/3 3 3,X,0.4,12,SLEEP,Z,0.09063715,0.3424825
7/2/2/3/3/7/7/6/7 3 3,Z,-0.5769230769230769230769230769,8,SLEEP,Z,0.03290587,0.1211919
7/2/2/7/3/3/7/6/7 3 3,Z,-0.625,4,SLEEP,Z,0.02676968,0.1131168
7/2/2/7/3/7/7/2/7 3 3,X,-0.5,44,SLEEP,Z,0.0446172,0.2290522
7/2/2/7/3/7/7/6/5 3 3,X,-0.5,4,SLEEP,Z,0.03429393,0.1437944
7/2/2/7/3/3/7/3/7 3 3,X,-0.5,4,SLEEP,Z,0.03864061,0.1711484
7/2/2/7/3/7/7/3/6 3 3,X,-0.6,20,SLEEP,Z,0.09116316,0.3226717
7/2/2/7/3/7/7/3/5 3 3,X,-0.5,6,SLEEP,Z,0.04213657,0.1526366
7/2/2/7/3/7/7/3/3 3 3,Z,-0.5,10,SLEEP,Z,0.08539634,0.2848878
7/2/2/7/3/3/7/7/6 3 3,X,-0.60,2,SLEEP,Z,0,0
7/2/2/7/3/7/7/6/6 3 3,X,-0.6,6,SLEEP,Z,0.04854681,0.1731275
7/2/2/7/3/7/7/5/6 3 3,X,-0.6,2,SLEEP,Z,0.07491328,0.2138614
7/2/2/7/3/7/7/7/4 3 3,X,-0.6,2,SLEEP,Z,0.008361207,0.03068422
7/2/2/7/3/7/7/7/2 3 3,X,-0.5,22,SLEEP,Z,0.0750606,0.2785723
7/2/2/7/3/3/7/7/5 3 3,X,-0.5,26,SLEEP,Z,0.03146038,0.1260785
7/2/2/7/3/7/7/5/5 3 3,X,-0.5,4,SLEEP,Z,0.03500779,0.1327727
7/2/2/7/3/7/7/7/1 3 3,X,-0.4,4,SLEEP,Z,0.04216275,0.1680487
7/2/2/7/3/3/7/7/3 3 3,Z,-0.5,8,SLEEP,Z,0.05334028,0.1702135
7/2/2/7/3/7/7/6/3 3 3,Z,0.5,6,SLEEP,Z,0.06933196,0.276493
7/2/2/7/3/7/7/5/3 3 3,X,-0.4,12,SLEEP,Z,0.05008354,0.1972167
7/2/2/6/7/6/3/7/7 3 3,Z,0.5,10,SLEEP,Z,0.06670021,0.2458196
7/2/2/6/7/6/7/5/7 3 3,Z,0.5,56,SLEEP,Z,0.08151998,0.3146937
7/2/2/5/5/6/7/7/7 3 3,Z,0.5,2,SLEEP,Z,0.01254288,0.04568839
7/2/2/5/7/2/7/7/7 3 3,X,0,2,SLEEP,Z,0.01167937,0.03439786
7/2/2/5/7/6/6/7/7 3 3,Z,0.5,44,SLEEP,Z,0.06520662,0.2406106
7/2/2/5/7/6/3/7/7 3 3,Z,0.5,78,SLEEP,Z,0.08845352,0.3286177
7/2/2/5/7/6/7/5/7 3 3,Z,0.5,64,SLEEP,Z,0.07380572,0.292325
7/2/2/5/7/6/7/7/6 3 3,Z,0.5,56,SLEEP,Z,0.02509054,0.09787983
7/2/2/5/7/6/7/7/5 3 3,Z,0.5,6,SLEEP,Z,0.05449408,0.1749592
7/2/2/5/7/6/7/7/3 3 3,Z,0.5,12,SLEEP,Z,0.07271288,0.253249
7/2/2/6/5/6/7/7/7 3 3,Z,0.5,8,SLEEP,Z,0.03530355,0.1391998
7/2/2/7/5/2/7/7/7 3 3,X,0,10,SLEEP,Z,0.03409177,0.1400056
7/2/2/7/5/6/6/7/7 3 3,Z,0.5,8,SLEEP,Z,0.05015131,0.33263
7/2/2/7/5/6/3/7/7 3 3,Z,0.5,26,SLEEP,Z,0.09471817,0.2919732
7/2/2/7/5/6/7/5/7 3 3,Z,0.5,2,SLEEP,Z,0.03389319,0.1393081
7/2/2/7/5/6/7/3/7 3 3,Z,0.625,4,SLEEP,Z,0.01568045,0.04792153
7/2/2/7/5/6/7/7/6 3 3,Z,0.5,36,SLEEP,Z,0.1604449,0.6009688
7/2/2/7/5/6/7/7/5 3 3,Z,0.5,22,SLEEP,Z,0.07287785,0.4352995
7/2/2/7/7/2/6/7/7 3 3,X,0.5,2,SLEEP,Z,0,0
7/2/2/7/7/2/5/7/7 3 3,X,0,2,SLEEP,Z,0,0
7/2/2/7/7/2/3/7/7 3 3,X,-0.5,2,SLEEP,Z,0.03432503,0.08944663
7/2/2/7/7/2/7/6/7 3 3,Z,0.5,6,SLEEP,Z,0.04919889,0.1036508
7/2/2/7/7/2/7/5/7 3 3,X,0,6,SLEEP,Z,0.04365066,0.4207547
7/2/2/7/7/2/7/3/7 3 3,Z,-0.5,2,SLEEP,Z,0,0
7/2/2/7/7/2/7/7/6 3 3,X,-0.1333333333333333333333333333,2,SLEEP,Z,0,0
7/2/2/7/7/2/7/7/5 3 3,X,0,12,SLEEP,Z,0.01523902,0.06159106
7/2/2/7/7/2/7/7/3 3 3,X,0.1333333333333333333333333333,30,SLEEP,Z,0.07408065,0.4264705
7/2/2/7/6/6/6/7/7 3 3,Z,0.5,166,SLEEP,Z,0.113411,0.3701973
7/2/2/7/7/6/2/7/7 3 3,Z,0.5,2,SLEEP,Z,0.01399841,0.04057616
7/2/2/7/7/6/6/6/7 3 3,X,0.5,26,SLEEP,Z,0.07872266,0.3107531
7/2/2/7/7/6/6/5/7 3 3,Z,0.5,54,SLEEP,Z,0.0628228,0.4224737
7/2/2/7/7/6/6/3/7 3 3,Z,0.6428571428571428571428571429,4,SLEEP,Z,0.03119562,0.05432824
7/2/2/7/7/6/6/7/6 3 3,Z,0.5,24,SLEEP,Z,0.06125442,0.4445204
7/2/2/7/7/6/6/7/5 3 3,Z,0.5,8,SLEEP,Z,0.04652339,0.3109758
7/2/2/6/7/6/5/7/7 3 3,Z,0.5,34,SLEEP,Z,0.05934294,0.2504778
7/2/2/5/7/6/5/7/7 3 3,Z,0.5,42,SLEEP,Z,0.1814579,0.595754
7/2/2/7/5/6/5/7/7 3 3,Z,0.5,2,SLEEP,Z,0,0
7/2/2/7/7/6/5/6/7 3 3,Z,0.5,18,SLEEP,Z,0.06612628,0.2420983
7/2/2/7/7/6/5/3/7 3 3,Z,0.6428571428571428571428571429,20,SLEEP,Z,0.02028491,0.09120537
7/2/2/7/7/6/5/7/6 3 3,Z,0.5,2,SLEEP,Z,0.0232398,0.07771092
7/2/2/7/7/6/5/5/7 3 3,Z,0.5,14,SLEEP,Z,0.01572674,0.06404912
7/2/2/7/7/6/7/5/6 3 3,Z,0.5,2,SLEEP,Z,0.01180186,0.03588385
7/2/2/7/7/6/7/5/5 3 3,Z,0.5,34,SLEEP,Z,0.1894526,0.7262292
7/2/2/7/7/6/7/5/3 3 3,Z,0.5,20,SLEEP,Z,0.06326143,0.2578964
7/2/2/5/7/6/7/3/7 3 3,Z,0.625,260,SLEEP,Z,0.1322273,0.5378019
7/2/2/7/7/6/3/3/7 3 3,Z,0.6428571428571428571428571429,262,SLEEP,Z,0.0343003,0.1225839
7/2/2/7/7/6/7/2/7 3 3,Z,0.5,2,SLEEP,Z,0.03058389,0.1218432
7/2/2/7/7/6/7/3/6 3 3,Z,0.6428571428571428571428571429,2,SLEEP,Z,0.04878332,0.165953
7/2/2/7/7/6/7/3/5 3 3,Z,0.6428571428571428571428571429,8,SLEEP,Z,0.04064559,0.1630256
7/2/2/7/7/6/7/3/3 3 3,Z,0.6428571428571428571428571429,210,SLEEP,Z,0.1904768,0.731054
7/2/2/6/7/6/7/7/6 3 3,Z,0.5,48,SLEEP,Z,0.09449203,0.3218109
7/2/2/7/7/6/3/7/6 3 3,X,-0.7,138,SLEEP,Z,0.1038595,0.3651733
7/2/2/7/7/6/7/6/6 3 3,Z,0.5,118,SLEEP,Z,0.1585741,0.5570166
7/2/2/7/7/6/7/7/2 3 3,Z,0.5,14,SLEEP,Z,0.07585187,0.3084183
7/2/2/7/5/6/7/7/3 3 3,Z,0.5,2,SLEEP,Z,0.0414912,0.1530428
7/2/2/7/7/6/6/7/3 3 3,X,0.7,6,SLEEP,Z,0.03332751,0.07375232
7/2/2/7/7/6/3/7/3 3 3,Z,0.5,24,SLEEP,Z,0.1276087,0.4538343
7/2/2/7/7/6/7/7/1 3 3,Z,0.5,12,SLEEP,Z,0.07025753,0.2701418
7/2/2/5/5/5/7/7/7 3 3,X,0,6,SLEEP,Z,0.01572839,0.06497212
7/2/2/5/7/5/6/7/7 3 3,X,0.5,2,SLEEP,Z,0.02060033,0.1067206
7/2/2/5/7/5/5/7/7 3 3,X,0,2,SLEEP,Z,0.02666208,0.08212649
7/2/2/5/7/5/3/7/7 3 3,X,-0.5,178,SLEEP,Z,0.06569119,0.2530689
7/2/2/5/7/5/7/5/7 3 3,X,0,2,SLEEP,Z,0,0
7/2/2/5/7/5/7/3/7 3 3,Z,-0.5,4,SLEEP,Z,0.01976419,0.08198734
7/2/2/5/7/5/7/7/6 3 3,X,-0.1333333333333333333333333333,2,SLEEP,Z,0.02570823,0.1833406
7/2/2/5/7/5/7/7/5 3 3,X,0,2,SLEEP,Z,0.01871172,0.06592899
7/2/2/7/5/5/6/7/7 3 3,X,0.5,6,SLEEP,Z,0.02724684,0.07660709
7/2/2/7/5/5/5/7/7 3 3,X,0,2,SLEEP,Z,0.02343129,0.455709
7/2/2/7/5/5/3/7/7 3 3,X,-0.5,6,SLEEP,Z,0.03307907,0.1379525
7/2/2/7/5/5/7/5/7 3 3,X,0,2,SLEEP,Z,0,0
7/2/2/7/5/5/7/3/7 3 3,Z,-0.5,12,SLEEP,Z,0.04636997,0.1935041
7/2/2/7/5/5/7/7/6 3 3,X,-0.1333333333333333333333333333,6,SLEEP,Z,0.03948141,0.1319702
7/2/2/7/5/5/7/7/5 3 3,X,0,58,SLEEP,Z,0.01725318,0.07264651
7/2/2/7/5/5/7/7/3 3 3,X,0.1333333333333333333333333333,4,SLEEP,Z,0.03049297,0.1258733
7/2/2/7/7/5/2/7/7 3 3,X,0,2,SLEEP,Z,0.03268812,0.100099
7/2/2/7/7/5/6/6/7 3 3,X,0.5,8,SLEEP,Z,0.05894396,0.1671326
7/2/2/7/7/5/6/5/7 3 3,X,0.5,2,SLEEP,Z,0.009184129,0.03528719
7/2/2/7/7/5/6/3/7 3 3,X,0.5,2,SLEEP,Z,0.003157117,0.02580594
7/2/2/7/7/5/6/7/6 3 3,X,0.3,6,SLEEP,Z,0.04180912,0.1753829
7/2/2/7/7/5/6/7/5 3 3,X,0.5,2,SLEEP,Z,0.01304064,0.04361375
7/2/2/7/7/5/6/7/3 3 3,X,0.7,2,SLEEP,Z,0.01540921,0.06676741
7/2/2/7/7/5/5/6/7 3 3,Z,0.5,2,SLEEP,Z,0.026234,0.08084966
7/2/2/7/7/5/5/5/7 3 3,X,0,4,SLEEP,Z,0.06107869,0.1024599
7/2/2/7/7/5/5/3/7 3 3,Z,-0.5,26,SLEEP,Z,0.08160778,0.2482681
7/2/2/7/7/5/5/7/6 3 3,X,-0.1333333333333333333333333333,6,SLEEP,Z,0.03641002,0.1251727
7/2/2/7/7/5/5/7/5 3 3,X,0,118,SLEEP,Z,0.09896532,0.3835759
7/2/2/7/7/5/5/7/3 3 3,X,0.1333333333333333333333333333,2,SLEEP,Z,0.03642049,0.1066719
7/2/2/7/7/5/3/5/7 3 3,X,-0.5,8,SLEEP,Z,0.04293476,0.1587905
7/2/2/7/7/5/3/7/6 3 3,X,-0.7,2,SLEEP,Z,0.01274705,0.06425479
7/2/2/7/7/5/3/7/5 3 3,X,-0.5,4,SLEEP,Z,0.039028,0.1499747
7/2/2/7/7/5/3/7/3 3 3,X,-0.3,52,SLEEP,Z,0.1216223,0.4317547
7/2/2/7/5/5/7/6/7 3 3,Z,0.5,2,SLEEP,Z,0.02419237,0.08660271
7/2/2/7/7/5/3/6/7 3 3,X,-0.5,10,SLEEP,Z,0.03080744,0.1114458
7/2/2/7/7/5/7/2/7 3 3,X,0,78,SLEEP,Z,0.03119037,0.09494387
7/2/2/7/7/5/7/6/3 3 3,Z,0.5,12,SLEEP,Z,0.0785349,0.3056225
7/2/2/7/7/5/7/5/6 3 3,X,-0.1666666666666666666666666667,2,SLEEP,Z,0.02642241,0.1214411
7/2/2/7/7/5/7/5/5 3 3,X,0,162,SLEEP,Z,0.1201739,0.4729261
7/2/2/7/7/5/7/5/3 3 3,X,0.1666666666666666666666666667,6,SLEEP,Z,0.04595751,0.175088
7/2/2/3/7/5/7/3/7 3 3,Z,-0.5,10,SLEEP,Z,0.07040214,0.2345816
7/2/2/7/7/5/3/3/7 3 3,X,-0.5,12,SLEEP,Z,0.04497616,0.1916638
7/2/2/7/7/5/7/3/6 3 3,Z,-0.5,4,SLEEP,Z,0.01898145,0.06624447
7/2/2/7/7/5/7/3/5 3 3,Z,-0.5,16,SLEEP,Z,0.09026185,0.3280612
7/2/2/7/7/5/7/3/3 3 3,Z,-0.5,14,SLEEP,Z,0.06420384,0.2456302
7/2/2/7/7/5/7/6/6 3 3,Z,0.5,38,SLEEP,Z,0.06095955,0.251604
7/2/2/7/7/5/7/7/4 3 3,X,-0.1666666666666666666666666667,4,SLEEP,Z,0.02537358,0.07221643
7/2/2/7/7/5/7/7/2 3 3,X,0,10,SLEEP,Z,0.03543637,0.1535594
7/2/2/7/7/5/7/7/1 3 3,X,0.1666666666666666666666666667,8,SLEEP,Z,0.04278502,0.171986
7/2/2/5/7/5/7/7/3 3 3,X,0.1333333333333333333333333333,20,SLEEP,Z,0.0418083,0.1600355
7/2/2/5/5/3/7/7/7 3 3,Z,-0.5,6,SLEEP,Z,0.07682582,0.4692331
7/2/2/5/7/3/6/7/7 3 3,Z,-0.5,6,SLEEP,Z,0.02855163,0.08990626
7/2/2/5/7/3/5/7/7 3 3,Z,-0.5,2,SLEEP,Z,0,0
7/2/2/5/7/3/3/7/7 3 3,Z,-0.5,14,SLEEP,Z,0.0459413,0.1785941
7/2/2/5/7/3/7/6/7 3 3,Z,-0.625,2,SLEEP,Z,0.048569,0.06456394
7/2/2/5/7/3/7/5/7 3 3,Z,-0.5,2,SLEEP,Z,0.01341181,0.03246003
7/2/2/5/7/3/7/7/6 3 3,Z,-0.5,2,SLEEP,Z,0,0
7/2/2/5/7/3/7/7/5 3 3,Z,-0.5,18,SLEEP,Z,0.09843379,0.3571281
7/2/2/5/7/3/7/7/3 3 3,Z,-0.5,10,SLEEP,Z,0.029486,0.1027853
7/2/2/7/5/3/6/7/7 3 3,Z,-0.5,114,SLEEP,Z,0.03303621,0.0906839
7/2/2/7/5/3/5/7/7 3 3,Z,-0.5,6,SLEEP,Z,0.05249376,0.1639539
7/2/2/7/5/3/3/7/7 3 3,Z,-0.5,18,SLEEP,Z,0.1156258,0.3667861
7/2/2/7/5/3/7/6/7 3 3,Z,-0.625,88,SLEEP,Z,0.0712558,0.2454251
7/2/2/7/5/3/7/5/7 3 3,Z,-0.5,8,SLEEP,Z,0.05198972,0.1274236
7/2/2/7/5/3/7/7/6 3 3,Z,-0.5,2,SLEEP,Z,0.02092131,0.08373368
7/2/2/7/5/3/7/7/5 3 3,Z,-0.5,6,SLEEP,Z,0.01800687,0.06453809
7/2/2/7/5/3/7/7/3 3 3,Z,-0.5,166,SLEEP,Z,0.07576799,0.2876165
7/2/2/7/3/3/6/7/7 3 3,X,-0.60,2,SLEEP,Z,0.01718222,0.03382691
7/2/2/7/3/3/7/5/7 3 3,X,-0.5,4,SLEEP,Z,0.01537832,0.03980724
7/2/2/7/7/3/2/7/7 3 3,Z,-0.5,10,SLEEP,Z,0.04039464,0.1350427
7/2/2/7/7/3/6/6/7 3 3,Z,-0.6428571428571428571428571429,2,SLEEP,Z,0.02556788,0.01973622
7/2/2/7/7/3/6/5/7 3 3,Z,-0.5,82,SLEEP,Z,0.02925466,0.08818239
7/2/2/7/7/3/6/7/6 3 3,Z,-0.5,14,SLEEP,Z,0.04358011,0.1718701
7/2/2/7/7/3/6/7/5 3 3,Z,-0.5,2,SLEEP,Z,0.02294013,0.08325061
7/2/2/7/7/3/6/7/3 3 3,X,0.7,32,SLEEP,Z,0.07655353,0.2365218
7/2/2/7/7/3/5/6/7 3 3,Z,-0.6428571428571428571428571429,2,SLEEP,Z,0,0
7/2/2/7/7/3/5/5/7 3 3,Z,-0.5,2,SLEEP,Z,0.03369215,0.04254429
7/2/2/7/7/3/5/3/7 3 3,Z,-0.5,24,SLEEP,Z,0.1409887,0.5387751
7/2/2/7/7/3/5/7/6 3 3,Z,-0.5,2,SLEEP,Z,0,0
7/2/2/7/7/3/5/7/3 3 3,Z,-0.5,8,SLEEP,Z,0.03980516,0.112147
7/2/2/7/7/3/3/6/7 3 3,Z,-0.6428571428571428571428571429,4,SLEEP,Z,0.04312135,0.1284503
7/2/2/7/7/3/3/5/7 3 3,Z,-0.5,12,SLEEP,Z,0.07980902,0.2796344
7/2/2/7/7/3/3/3/7 3 3,X,-0.5,12,SLEEP,Z,0.06949562,0.2424504
7/2/2/7/7/3/3/7/6 3 3,X,-0.7,48,SLEEP,Z,0.07844218,0.2970721
7/2/2/7/7/3/7/6/6 3 3,Z,-0.6428571428571428571428571429,6,SLEEP,Z,0.02917607,0.1081784
7/2/2/7/7/3/7/6/5 3 3,Z,-0.6428571428571428571428571429,2,SLEEP,Z,0,0
7/2/2/7/7/3/7/6/3 3 3,Z,-0.6428571428571428571428571429,4,SLEEP,Z,0.02934249,0.07636245
7/2/2/5/7/3/7/3/7 3 3,Z,-0.5,12,SLEEP,Z,0.06258221,0.2042002
7/2/2/7/5/3/7/3/7 3 3,Z,-0.5,72,SLEEP,Z,0.03386658,0.1451491
7/2/2/7/7/3/6/3/7 3 3,X,0.5,48,SLEEP,Z,0.174984,0.5980974
7/2/2/7/7/3/7/2/7 3 3,Z,-0.5,46,SLEEP,Z,0.01758799,0.07370371
7/2/2/7/7/3/7/3/6 3 3,Z,-0.5,8,SLEEP,Z,0.05766894,0.2467325
7/2/2/7/7/3/7/3/3 3 3,Z,-0.5,40,SLEEP,Z,0.05469412,0.2029101
7/2/2/7/7/3/7/5/6 3 3,Z,-0.5,188,SLEEP,Z,0.03105991,0.1223276
7/2/2/7/7/3/7/7/4 3 3,Z,-0.5,2,SLEEP,Z,0.02634532,0.09775741
7/2/2/7/7/3/7/7/2 3 3,Z,-0.5,46,SLEEP,Z,0.05229837,0.1877464
7/2/2/7/7/3/5/7/5 3 3,Z,-0.5,6,SLEEP,Z,0.04100294,0.171287
7/2/2/7/7/3/7/5/5 3 3,Z,-0.5,6,SLEEP,Z,0.01557934,0.06293783
7/2/2/7/7/3/7/3/5 3 3,Z,-0.5,20,SLEEP,Z,0.1192582,0.463583
7/2/2/7/7/3/7/7/1 3 3,Z,-0.5,42,SLEEP,Z,0.1157981,0.4602614
7/2/2/7/7/3/3/7/3 3 3,Z,-0.5,12,SLEEP,Z,0.08519688,0.3164958
7/2/2/7/7/3/7/5/3 3 3,Z,-0.5,28,SLEEP,Z,0.05287021,0.2166451
7/2/2/5/6/7/6/7/7 3 3,X,0.5,8,SLEEP,Z,0.03379403,0.08291989
7/2/2/5/5/7/6/7/7 3 3,X,0.5,4,SLEEP,Z,0.02630211,0.08048418
7/2/2/5/7/7/2/7/7 3 3,X,0,4,SLEEP,Z,0.02574786,0.2186069
7/2/2/5/7/7/6/6/7 3 3,X,0.5,50,SLEEP,Z,0.1196666,0.4591987
7/2/2/5/7/7/6/5/7 3 3,X,0.5,8,SLEEP,Z,0.04037469,0.1406416
7/2/2/5/7/7/6/3/7 3 3,X,0.5,2,SLEEP,Z,0.01771446,0.06932083
7/2/2/5/7/7/6/7/6 3 3,X,0.3,112,SLEEP,Z,0.07502671,0.2760421
7/2/2/5/7/7/6/7/5 3 3,X,0.5,8,SLEEP,Z,0.04331625,0.1393415
7/2/2/7/5/7/2/7/7 3 3,X,0,66,SLEEP,Z,0.08031585,0.3431082
7/2/2/7/5/7/6/6/7 3 3,X,0.5,98,SLEEP,Z,0.05297284,0.2322176
7/2/2/7/5/7/6/5/7 3 3,X,0.5,2,SLEEP,Z,0.01212775,0.04576221
7/2/2/7/5/7/6/3/7 3 3,X,0.5,2,SLEEP,Z,0.006550339,0.01516386
7/2/2/7/5/7/6/7/6 3 3,X,0.3,2,SLEEP,Z,0.0282845,0.1140914
7/2/2/7/5/7/6/7/5 3 3,X,0.5,2,SLEEP,Z,0.01152129,0.01700529
7/2/2/7/5/7/6/7/3 3 3,X,0.7,6,SLEEP,Z,0.04171668,0.148268
7/2/2/6/7/7/2/7/7 3 3,Z,0.5,10,SLEEP,Z,0.02225671,0.08512355
7/2/2/7/7/7/2/5/7 3 3,X,0,2,SLEEP,Z,0,0
7/2/2/7/7/7/2/3/7 3 3,Z,-0.5,6,SLEEP,Z,0.03475655,0.09668986
7/2/2/7/7/7/2/7/6 3 3,X,-0.4,2,SLEEP,Z,0.009791295,0.02583208
7/2/2/7/7/7/2/7/5 3 3,X,0,2,SLEEP,Z,0.02791566,0.09193601
7/2/2/7/7/7/2/7/3 3 3,X,0.4,20,SLEEP,Z,0.06980255,0.2295341
7/2/2/6/7/7/6/6/7 3 3,X,0.5,2,SLEEP,Z,0,0
7/2/2/7/7/7/2/6/7 3 3,Z,0.5,2,SLEEP,Z,0,0
7/2/2/7/7/7/6/2/7 3 3,X,0.5,2,SLEEP,Z,0,0
7/2/2/7/7/7/6/6/5 3 3,X,0.5,68,SLEEP,Z,0.1221625,0.4953019
7/2/2/7/7/7/6/5/6 3 3,X,-0.2666666666666666666666666666,20,SLEEP,Z,0.03456874,0.1362178
7/2/2/7/7/7/6/5/5 3 3,X,0.5,6,SLEEP,Z,0.01736808,0.07327303
7/2/2/7/7/7/6/5/3 3 3,X,0.75,14,SLEEP,Z,0.02612304,0.06870065
7/2/2/7/6/7/6/3/7 3 3,X,0.5,4,SLEEP,Z,0.07201456,0.163415
7/2/2/7/7/7/6/3/6 3 3,Z,-0.5,2,SLEEP,Z,0.05068922,0.1780225
7/2/2/7/7/7/6/3/5 3 3,X,0.5,6,SLEEP,Z,0.04310551,0.2471629
7/2/2/7/7/7/6/3/3 3 3,X,0.75,6,SLEEP,Z,0.1051404,0.3111767
7/2/2/7/7/7/6/6/6 3 3,Z,0.5,48,SLEEP,Z,0.1653521,0.6358058
7/2/2/7/7/7/6/7/4 3 3,X,-0.2666666666666666666666666666,8,SLEEP,Z,0.03534457,0.1442354
7/2/2/7/7/7/6/7/2 3 3,X,0.5,2,SLEEP,Z,0,0
7/2/2/5/7/7/6/7/3 3 3,X,0.7,2,SLEEP,Z,0,0
7/2/2/7/7/7/6/6/3 3 3,X,0.75,34,SLEEP,Z,0.06544708,0.2475844
7/2/2/7/7/7/6/7/1 3 3,X,0.75,78,SLEEP,Z,0.08046,0.3158145
7/2/2/5/5/7/5/7/7 3 3,X,0,98,SLEEP,Z,0.0592621,0.2221839
7/2/2/5/7/7/5/5/7 3 3,X,0,4,SLEEP,Z,0.02404986,0.06988329
7/2/2/5/7/7/5/3/7 3 3,Z,-0.5,16,SLEEP,Z,0.07669767,0.295757
7/2/2/5/7/7/5/7/6 3 3,X,-0.1333333333333333333333333333,6,SLEEP,Z,0.03299524,0.07410721
7/2/2/5/7/7/5/7/5 3 3,X,0,2,SLEEP,Z,0,0
7/2/2/5/7/7/5/7/3 3 3,X,0.1333333333333333333333333333,2,SLEEP,Z,0.01757258,0.07950547
7/2/2/6/5/7/5/7/7 3 3,Z,0.5,288,SLEEP,Z,0.1295346,0.4620248
7/2/2/7/5/7/5/6/7 3 3,Z,0.5,4,SLEEP,Z,0.0444331,0.1589813
7/2/2/7/5/7/5/3/7 3 3,Z,-0.5,4,SLEEP,Z,0.02053698,0.05365605
7/2/2/7/5/7/5/7/6 3 3,X,-0.1333333333333333333333333333,2,SLEEP,Z,0,0
7/2/2/7/5/7/5/7/5 3 3,X,0,2,SLEEP,Z,0.01644729,0.06781857
7/2/2/7/5/7/5/7/3 3 3,X,0.1333333333333333333333333333,98,SLEEP,Z,0.06087843,0.2449986
7/2/2/7/7/7/5/2/7 3 3,X,0,2,SLEEP,Z,0.05594996,0.1165782
7/2/2/7/7/7/5/3/6 3 3,Z,-0.5,2,SLEEP,Z,0,0
7/2/2/7/7/7/5/3/3 3 3,Z,-0.5,6,SLEEP,Z,0.0296385,0.1228466
7/2/2/7/7/7/5/6/6 3 3,Z,0.5,20,SLEEP,Z,0.03199653,0.1464847
7/2/2/7/7/7/5/5/6 3 3,X,-0.1666666666666666666666666667,6,SLEEP,Z,0.01845246,0.08322377
7/2/2/7/7/7/5/7/4 3 3,X,-0.1666666666666666666666666667,4,SLEEP,Z,0.01311866,0.05168423
7/2/2/7/7/7/5/7/2 3 3,X,0,10,SLEEP,Z,0.01587894,0.0661289
7/2/2/7/7/6/5/7/5 3 3,Z,0.5,14,SLEEP,Z,0.02038207,0.08419976
7/2/2/7/7/7/5/5/5 3 3,X,0,14,SLEEP,Z,0.01693314,0.0717006
7/2/2/7/7/7/5/7/1 3 3,X,0.1666666666666666666666666667,4,SLEEP,Z,0.03469916,0.1416559
7/2/2/5/7/7/3/6/7 3 3,X,-0.5,4,SLEEP,Z,0.03244221,0.1309711
7/2/2/5/7/7/3/5/7 3 3,X,-0.5,24,SLEEP,Z,0.04054947,0.1534343
7/2/2/5/7/7/3/3/7 3 3,X,-0.5,6,SLEEP,Z,0.05613582,0.09153946
7/2/2/5/7/7/3/7/6 3 3,X,-0.7,58,SLEEP,Z,0.0711836,0.2549992
7/2/2/5/7/7/3/7/5 3 3,X,-0.5,4,SLEEP,Z,0.04243744,0.1201486
7/2/2/5/7/7/3/7/3 3 3,X,-0.3,6,SLEEP,Z,0.06313786,0.2238675
7/2/2/5/5/7/3/7/7 3 3,X,-0.5,2,SLEEP,Z,0.06516587,0.1635693
7/2/2/7/5/7/3/6/7 3 3,X,-0.5,104,SLEEP,Z,0.03541576,0.1508792
7/2/2/7/5/7/3/5/7 3 3,X,-0.5,4,SLEEP,Z,0.04465038,0.4515573
7/2/2/7/5/7/3/7/6 3 3,X,-0.7,2,SLEEP,Z,0.04501091,0.06411858
7/2/2/7/5/7/3/7/3 3 3,X,-0.3,4,SLEEP,Z,0.04337195,0.1655774
7/2/2/7/7/6/3/6/7 3 3,X,-0.5,8,SLEEP,Z,0.06857249,0.2400637
7/2/2/7/7/7/3/2/7 3 3,X,-0.5,4,SLEEP,Z,0.03842891,0.1544455
7/2/2/7/7/7/3/6/6 3 3,X,-0.75,2,SLEEP,Z,0,0
7/2/2/7/7/7/3/6/5 3 3,X,-0.5,4,SLEEP,Z,0.0255621,0.09495215
7/2/2/7/7/7/3/6/3 3 3,Z,0.5,8,SLEEP,Z,0.05632171,0.2212194
7/2/2/7/5/7/3/3/7 3 3,X,-0.5,22,SLEEP,Z,0.0749418,0.2785039
7/2/2/7/7/7/3/3/6 3 3,X,-0.75,4,SLEEP,Z,0.03549284,0.09119754
7/2/2/7/7/7/3/3/5 3 3,X,-0.5,46,SLEEP,Z,0.1249705,0.4783132
7/2/2/7/7/7/3/3/3 3 3,Z,-0.5,10,SLEEP,Z,0.0746531,0.2934129
7/2/2/7/3/7/3/7/6 3 3,X,-0.7,2,SLEEP,Z,0.01415362,0.04044982
7/2/2/7/7/7/3/5/6 3 3,X,-0.75,2,SLEEP,Z,0,0
7/2/2/7/7/7/3/7/4 3 3,X,-0.75,2,SLEEP,Z,0.01472654,0.05348346
7/2/2/7/5/7/3/7/5 3 3,X,-0.5,6,SLEEP,Z,0.02254624,0.09366048
7/2/2/7/7/6/3/7/5 3 3,Z,0.5,10,SLEEP,Z,0.08657324,0.3267726
7/2/2/7/7/3/3/7/5 3 3,Z,-0.5,20,SLEEP,Z,0.1347822,0.459036
7/2/2/7/7/7/3/5/5 3 3,X,-0.5,42,SLEEP,Z,0.04481578,0.1752935
7/2/2/7/7/7/3/7/1 3 3,X,0.2666666666666666666666666666,4,SLEEP,Z,0.0437775,0.1748296
7/2/2/7/7/7/3/5/3 3 3,X,0.2666666666666666666666666666,4,SLEEP,Z,0.04138806,0.1600316
7/2/2/7/7/7/3/7/2 3 3,X,-0.5,2,SLEEP,Z,0.02905863,0.1158366
7/2/2/5/5/7/7/5/7 3 3,X,0,70,SLEEP,Z,0.1450406,0.5693471
7/2/2/5/7/7/7/5/6 3 3,X,-0.1666666666666666666666666667,4,SLEEP,Z,0.01901059,0.07937899
7/2/2/5/7/7/7/5/3 3 3,X,0.1666666666666666666666666667,4,SLEEP,Z,0.02350174,0.09320301
7/2/2/7/5/7/5/5/7 3 3,X,0,2,SLEEP,Z,0,0
7/2/2/7/5/7/7/5/6 3 3,X,-0.1666666666666666666666666667,2,SLEEP,Z,0,0
7/2/2/7/5/7/7/5/5 3 3,X,0,2,SLEEP,Z,0.0160922,0.06655528
7/2/2/7/5/7/7/5/3 3 3,X,0.1666666666666666666666666667,154,SLEEP,Z,0.06040845,0.21145
7/2/2/7/7/7/5/5/3 3 3,X,0.1666666666666666666666666667,4,SLEEP,Z,0.02284326,0.08555239
7/2/2/7/7/6/3/5/7 3 3,Z,0.5,6,SLEEP,Z,0.03974405,0.1614332
7/2/2/7/7/7/7/5/4 3 3,X,-0.2222222222222222222222222222,22,SLEEP,Z,0.02878267,0.1279213
7/2/2/7/7/7/7/5/2 3 3,X,0,2,SLEEP,Z,0,0
7/2/2/5/5/7/7/3/7 3 3,Z,-0.5,2,SLEEP,Z,0.008208443,0.04105423
7/2/2/5/7/7/7/2/7 3 3,X,0,2,SLEEP,Z,0,0
7/2/2/5/7/7/7/3/6 3 3,Z,-0.5,6,SLEEP,Z,0.04870716,0.1874797
7/2/2/5/7/7/7/3/5 3 3,Z,-0.5,62,SLEEP,Z,0.07817873,0.2940643
7/2/2/5/7/7/7/3/3 3 3,Z,-0.5,14,SLEEP,Z,0.0709593,0.2534964
7/2/2/3/7/7/6/3/7 3 3,X,0.5,36,SLEEP,Z,0.04344158,0.162652
7/2/2/3/7/7/7/3/6 3 3,Z,-0.5,2,SLEEP,Z,0,0
7/2/2/7/5/7/7/2/7 3 3,X,0,2,SLEEP,Z,0,0
7/2/2/7/5/7/7/3/6 3 3,Z,-0.5,2,SLEEP,Z,0.0101597,0.05003986
7/2/2/7/5/7/7/3/5 3 3,Z,-0.5,6,SLEEP,Z,0.01699319,0.06493466
7/2/2/7/7/7/7/2/6 3 3,X,-0.2222222222222222222222222222,22,SLEEP,Z,0.01451454,0.05653587
7/2/2/7/7/7/7/2/5 3 3,X,0,2,SLEEP,Z,0.01022723,0.03482739
7/2/2/7/7/7/7/3/4 3 3,Z,-0.5,2,SLEEP,Z,0.03654636,0.1558151
7/2/2/7/7/7/7/3/2 3 3,Z,-0.5,4,SLEEP,Z,0.02168037,0.3822825
7/2/2/7/7/7/5/3/5 3 3,Z,-0.5,6,SLEEP,Z,0.03481046,0.129569
7/2/2/7/7/7/7/3/1 3 3,Z,-0.5,8,SLEEP,Z,0.04196291,0.1726576
7/2/2/5/5/7/7/7/6 3 3,X,-0.1333333333333333333333333333,6,SLEEP,Z,0.03630618,0.4599494
7/2/2/5/7/7/7/7/4 3 3,X,-0.1666666666666666666666666667,6,SLEEP,Z,0.02409678,0.08626275
7/2/2/5/7/7/7/7/2 3 3,X,0,4,SLEEP,Z,0.03330443,0.2080369
7/2/2/7/5/7/7/6/6 3 3,Z,0.5,2,SLEEP,Z,0.04058548,0.1260335
7/2/2/7/5/7/7/7/4 3 3,X,-0.1666666666666666666666666667,4,SLEEP,Z,0.01511766,0.06080077
7/2/2/7/5/7/7/7/2 3 3,X,0,2,SLEEP,Z,0.02113077,0.1680304
7/2/2/6/7/7/7/6/6 3 3,Z,0.5,12,SLEEP,Z,0.01619262,0.0700673
7/2/2/5/7/7/7/6/6 3 3,Z,0.5,34,SLEEP,Z,0.1695468,0.5970348
7/2/2/7/7/6/7/7/4 3 3,Z,0.5,2,SLEEP,Z,0,0
7/2/2/7/7/7/7/6/4 3 3,Z,0.5,138,SLEEP,Z,0.07201315,0.2977947
7/2/2/7/7/7/7/6/2 3 3,Z,0.5,166,SLEEP,Z,0.03661618,0.1548209
7/2/2/5/5/7/7/7/3 3 3,X,0.1333333333333333333333333333,20,SLEEP,Z,0.0617599,0.2244766
7/2/2/5/7/7/7/7/1 3 3,X,0.1666666666666666666666666667,14,SLEEP,Z,0.03314573,0.1337393
7/2/2/6/5/7/7/7/3 3 3,Z,0.5,42,SLEEP,Z,0.1031815,0.434413
7/2/2/7/5/7/7/6/3 3 3,Z,0.5,14,SLEEP,Z,0.08061779,0.3258203
7/2/2/7/5/7/7/3/3 3 3,Z,-0.5,6,SLEEP,Z,0.02865418,0.1160073
7/2/2/7/5/7/7/7/1 3 3,X,0.1666666666666666666666666667,6,SLEEP,Z,0.0390516,0.1556272
7/2/2/7/7/7/5/6/3 3 3,Z,0.5,4,SLEEP,Z,0.04122972,0.1701156
7/2/2/3/7/7/7/5/3 3 3,Z,-0.5,10,SLEEP,Z,0.03632493,0.1459157
7/2/2/7/7/7/7/5/1 3 3,X,0.2222222222222222222222222222,4,SLEEP,Z,0.04547967,0.1841492
7/2/2/7/7/7/7/2/3 3 3,X,0.2222222222222222222222222222,4,SLEEP,Z,0.05761735,0.1993936
7/2/6/2/2/7/7/7/7 3 3,X,0.5,6,SLEEP,Z,0.06259308,0.1995601
7/2/6/2/6/6/7/7/7 3 3,X,0.5,4,SLEEP,Z,0.05394874,0.1427672
7/2/6/2/6/5/7/7/7 3 3,X,0.5,6,SLEEP,Z,0.08701988,0.3046116
7/2/6/2/6/3/7/7/7 3 3,X,0.5,8,SLEEP,Z,0.09016423,0.3802182
7/2/6/2/6/7/6/7/7 3 3,X,0.5,4,SLEEP,Z,0.04485401,0.1616744
7/2/6/2/6/7/5/7/7 3 3,X,0.5,6,SLEEP,Z,0.0428594,0.1490958
7/2/6/2/6/7/3/7/7 3 3,X,0.5909090909090909090909090909,4,SLEEP,Z,0.06290375,0.2304717
7/2/6/2/6/7/7/6/7 3 3,X,0.5,6,SLEEP,Z,0.04574355,0.1489519
7/2/6/2/6/7/7/5/7 3 3,X,0.5,4,SLEEP,Z,0.04560394,0.1612455
7/2/6/2/6/7/7/3/7 3 3,X,0.5,6,SLEEP,Z,0.04988559,0.1675877
7/2/6/2/6/7/7/7/6 3 3,X,0.4090909090909090909090909091,4,SLEEP,Z,0.06978446,0.1997236
7/2/6/2/6/7/7/7/5 3 3,X,0.5,8,SLEEP,Z,0.1152074,0.3081303
7/2/6/2/6/7/7/7/3 3 3,X,0.5909090909090909090909090909,6,SLEEP,Z,0.07346445,0.2573035
7/2/6/2/5/6/7/7/7 3 3,X,0.5,6,SLEEP,Z,0.03760556,0.1415115
7/2/6/2/5/5/7/7/7 3 3,X,0.5,4,SLEEP,Z,0.03621637,0.150526
7/2/6/2/5/3/7/7/7 3 3,X,0.5,6,SLEEP,Z,0.07439294,0.2074894
7/2/6/2/5/7/6/7/7 3 3,X,0.5,4,SLEEP,Z,0.03396112,0.1118465
7/2/6/2/5/7/5/7/7 3 3,X,0.5,4,SLEEP,Z,0.05532585,0.2038772
7/2/6/2/5/7/3/7/7 3 3,X,0.5714285714285714285714285714,6,SLEEP,Z,0.04436306,0.1729591
7/2/6/2/5/7/7/6/7 3 3,X,0.5,8,SLEEP,Z,0.04519838,0.1870085
7/2/6/2/5/7/7/5/7 3 3,X,0.5,4,SLEEP,Z,0.02423862,0.09469301
7/2/6/2/5/7/7/3/7 3 3,X,0.5,6,SLEEP,Z,0.04237229,0.1697666
7/2/6/2/5/7/7/7/6 3 3,X,0.4285714285714285714285714286,4,SLEEP,Z,0.05002147,0.2111785
7/2/6/2/5/7/7/7/5 3 3,X,0.5,8,SLEEP,Z,0.08032918,0.2283906
7/2/6/2/5/7/7/7/3 3 3,X,0.5714285714285714285714285714,4,SLEEP,Z,0.05604288,0.2087488
7/2/6/2/3/6/7/7/7 3 3,X,0.5714285714285714285714285714,18,SLEEP,Z,0.1018756,0.257824
7/2/6/2/3/5/7/7/7 3 3,X,0.5714285714285714285714285714,6,SLEEP,Z,0.04038821,0.1563831
7/2/6/2/3/3/7/7/7 3 3,X,0.5714285714285714285714285714,6,SLEEP,Z,0.04360069,0.1748413
7/2/6/2/3/7/6/7/7 3 3,X,-0.5909090909090909090909090909,6,SLEEP,Z,0.06666726,0.2540772
7/2/6/2/3/7/5/7/7 3 3,X,0.5714285714285714285714285714,4,SLEEP,Z,0.04185925,0.125953
7/2/6/2/3/7/3/7/7 3 3,X,0.6428571428571428571428571428,6,SLEEP,Z,0.05842387,0.1963767
7/2/6/2/3/7/7/6/7 3 3,X,0.5714285714285714285714285714,12,SLEEP,Z,0.06803274,0.2548285
7/2/6/2/3/7/7/5/7 3 3,X,0.5714285714285714285714285714,6,SLEEP,Z,0.03333171,0.1340056
7/2/6/2/3/7/7/3/7 3 3,X,0.5714285714285714285714285714,14,SLEEP,Z,0.1489981,0.5070381
7/2/6/2/3/7/7/7/6 3 3,X,-0.5909090909090909090909090909,2,SLEEP,Z,0.03622942,0.1262098
7/2/6/2/3/7/7/7/5 3 3,X,0.5714285714285714285714285714,6,SLEEP,Z,0.09916805,0.4135271
7/2/6/2/3/7/7/7/3 3 3,X,0.6428571428571428571428571428,8,SLEEP,Z,0.1172393,0.3409727
7/2/6/2/7/2/7/7/7 3 3,X,0.5,4,SLEEP,Z,0.04481683,0.1752462
7/2/6/2/7/6/6/7/7 3 3,Z,0.5,6,SLEEP,Z,0.05195751,0.1697586
7/2/6/2/7/6/5/7/7 3 3,X,0.5,8,SLEEP,Z,0.0923491,0.251396
7/2/6/2/7/6/3/7/7 3 3,X,0.5714285714285714285714285714,16,SLEEP,Z,0.08213228,0.2885629
7/2/6/2/7/6/7/6/7 3 3,X,0.5,32,SLEEP,Z,0.08904093,0.3410373
7/2/6/2/7/6/7/5/7 3 3,X,0.5,10,SLEEP,Z,0.116281,0.3372261
7/2/6/2/7/6/7/3/7 3 3,Z,0.625,2,SLEEP,Z,0.03678038,0.1310882
7/2/6/2/7/6/7/7/6 3 3,Z,0.5,12,SLEEP,Z,0.08097919,0.2523345
7/2/6/2/7/6/7/7/3 3 3,X,0.5714285714285714285714285714,8,SLEEP,Z,0.04835817,0.1840974
7/2/6/2/7/5/6/7/7 3 3,X,0.5,4,SLEEP,Z,0.02831857,0.0847738
7/2/6/2/7/5/5/7/7 3 3,X,0.5,6,SLEEP,Z,0.05677233,0.2201926
7/2/6/2/7/5/3/7/7 3 3,X,0.5714285714285714285714285714,8,SLEEP,Z,0.08815997,0.3175635
7/2/6/2/7/5/7/6/7 3 3,X,0.5,10,SLEEP,Z,0.05237554,0.1381408
7/2/6/2/7/5/7/5/7 3 3,X,0.5,4,SLEEP,Z,0.05204078,0.07029223
7/2/6/2/7/5/7/3/7 3 3,X,0.5,10,SLEEP,Z,0.04588804,0.1843506
7/2/6/2/7/5/7/7/6 3 3,X,0.4285714285714285714285714286,2,SLEEP,Z,0.02367929,0.09263047
7/2/6/2/7/5/7/7/5 3 3,X,0.5,4,SLEEP,Z,0.06537186,0.2439605
7/2/6/2/7/5/7/7/3 3 3,X,0.5714285714285714285714285714,6,SLEEP,Z,0.1120598,0.3489719
7/2/6/2/7/3/6/7/7 3 3,Z,-0.5,6,SLEEP,Z,0.04452438,0.1608885
7/2/6/2/7/3/5/7/7 3 3,X,0.5,6,SLEEP,Z,0.05609704,0.1618177
7/2/6/2/7/3/3/7/7 3 3,X,0.5714285714285714285714285714,10,SLEEP,Z,0.08875077,0.3324203
7/2/6/2/7/3/7/6/7 3 3,Z,-0.625,8,SLEEP,Z,0.0699706,0.1945134
7/2/6/2/7/3/7/5/7 3 3,X,0.5,10,SLEEP,Z,0.05797182,0.2189902
7/2/6/2/7/3/7/3/7 3 3,X,0.5,12,SLEEP,Z,0.1106687,0.3138095
7/2/6/2/7/3/7/7/6 3 3,Z,-0.5,4,SLEEP,Z,0.03318776,0.1012786
7/2/6/2/7/3/7/7/5 3 3,X,0.5,8,SLEEP,Z,0.07195359,0.2473256
7/2/6/2/7/3/7/7/3 3 3,X,0.5714285714285714285714285714,18,SLEEP,Z,0.101491,0.3326014
7/2/6/2/7/7/2/7/7 3 3,X,0.5,6,SLEEP,Z,0.06953794,0.2265854
7/2/6/2/7/7/6/6/7 3 3,X,0.5,6,SLEEP,Z,0.03872577,0.1523919
7/2/6/2/7/7/6/5/7 3 3,X,0.5,4,SLEEP,Z,0.04163351,0.1506825
7/2/6/2/7/7/6/3/7 3 3,X,0.5,10,SLEEP,Z,0.04898233,0.1881774
7/2/6/2/7/7/6/7/6 3 3,X,0.3571428571428571428571428572,2,SLEEP,Z,0.01922547,0.1411992
7/2/6/2/7/7/6/7/5 3 3,X,0.5,2,SLEEP,Z,0.03812289,0.06662439
7/2/6/2/7/7/6/7/3 3 3,X,0.7,4,SLEEP,Z,0.07078613,0.2230489
7/2/6/2/7/7/5/6/7 3 3,X,0.5,4,SLEEP,Z,0.04702638,0.1773142
7/2/6/2/7/7/5/5/7 3 3,X,0.5,2,SLEEP,Z,0.02198068,0.08479483
7/2/6/2/7/7/5/3/7 3 3,X,0.5,6,SLEEP,Z,0.06924801,0.1734665
7/2/6/2/7/7/5/7/6 3 3,X,0.4285714285714285714285714286,2,SLEEP,Z,0,0
7/2/6/2/7/7/5/7/5 3 3,X,0.5,6,SLEEP,Z,0.0436165,0.1724955
7/2/6/2/7/7/5/7/3 3 3,X,0.5714285714285714285714285714,8,SLEEP,Z,0.1123635,0.3557189
7/2/6/2/7/7/3/6/7 3 3,X,0.5714285714285714285714285714,8,SLEEP,Z,0.07430222,0.2844028
7/2/6/2/7/7/3/5/7 3 3,X,0.5714285714285714285714285714,4,SLEEP,Z,0.06441958,0.2341139
7/2/6/2/7/7/3/3/7 3 3,X,0.5714285714285714285714285714,14,SLEEP,Z,0.1143377,0.3835674
7/2/6/2/7/7/3/7/6 3 3,X,-0.7,6,SLEEP,Z,0.1024618,0.441893
7/2/6/2/7/7/3/7/3 3 3,X,0.6428571428571428571428571428,12,SLEEP,Z,0.0738325,0.2831605
7/2/6/2/7/7/7/2/7 3 3,X,0.5,6,SLEEP,Z,0.09498398,0.3139276
7/2/6/2/7/7/7/6/6 3 3,Z,0.5,6,SLEEP,Z,0.04468348,0.169038
7/2/6/2/7/7/7/6/5 3 3,X,0.5,8,SLEEP,Z,0.04352137,0.1588346
7/2/6/2/7/7/7/6/3 3 3,X,0.5714285714285714285714285714,8,SLEEP,Z,0.06090315,0.255093
7/2/6/2/7/7/7/5/6 3 3,X,0.4285714285714285714285714286,4,SLEEP,Z,0.05650216,0.1562406
7/2/6/2/7/7/7/5/5 3 3,X,0.5,2,SLEEP,Z,0.0335903,0.1311338
7/2/6/2/7/7/7/5/3 3 3,X,0.5714285714285714285714285714,6,SLEEP,Z,0.05181691,0.2006073
7/2/6/2/7/7/7/3/6 3 3,Z,-0.5,8,SLEEP,Z,0.05623176,0.2176162
7/2/6/2/7/7/7/3/5 3 3,X,0.5,10,SLEEP,Z,0.04287737,0.1661273
7/2/6/2/7/7/7/3/3 3 3,X,0.5714285714285714285714285714,20,SLEEP,Z,0.08290373,0.2480488
7/2/6/2/7/7/7/7/4 3 3,X,0.4285714285714285714285714286,4,SLEEP,Z,0.03495527,0.1517603
7/2/6/2/7/7/7/7/2 3 3,X,0.5,8,SLEEP,Z,0.06325234,0.2325015
7/2/6/2/7/6/7/7/5 3 3,X,0.5,8,SLEEP,Z,0.04956654,0.1859445
7/2/6/2/7/7/3/7/5 3 3,X,0.5714285714285714285714285714,6,SLEEP,Z,0.05101278,0.1960398
7/2/6/2/7/7/7/7/1 3 3,X,0.5714285714285714285714285714,6,SLEEP,Z,0.1101314,0.3562702
7/2/6/6/2/6/7/7/7 3 3,X,0.5,8,SLEEP,Z,0.04554399,0.1635544
7/2/6/6/2/5/7/7/7 3 3,X,0.5,12,SLEEP,Z,0.07896146,0.2518944
7/2/6/6/2/3/7/7/7 3 3,Z,0.5833333333333333333333333333,56,SLEEP,Z,0.05656276,0.180228
7/2/6/6/2/7/6/7/7 3 3,Z,0.5,6,SLEEP,Z,0.0356397,0.1251303
7/2/6/6/2/7/5/7/7 3 3,X,0.5,2,SLEEP,Z,0.04986439,0.1566602
7/2/6/6/2/7/3/7/7 3 3,X,0.5714285714285714285714285714,8,SLEEP,Z,0.05196579,0.1708993
7/2/6/6/2/7/7/5/7 3 3,X,0.5,8,SLEEP,Z,0.02463012,0.08390736
7/2/6/6/2/7/7/3/7 3 3,Z,0.5833333333333333333333333333,6,SLEEP,Z,0.05945274,0.1942764
7/2/6/6/2/7/7/7/6 3 3,Z,0.5,4,SLEEP,Z,0.09821533,0.4776256
7/2/6/6/2/7/7/7/5 3 3,X,0.5,2,SLEEP,Z,0.04529,0.1565119
7/2/6/6/2/7/7/7/3 3 3,X,0.5714285714285714285714285714,10,SLEEP,Z,0.1275158,0.3858402
7/2/6/6/6/2/7/7/7 3 3,Z,0.5,8,SLEEP,Z,0.1102508,0.2669211
7/2/6/6/6/6/6/7/7 3 3,Z,0.5,6,SLEEP,Z,0.03874807,0.1468836
7/2/6/6/6/6/5/7/7 3 3,X,0.5,8,SLEEP,Z,0.07370017,0.2735948
7/2/6/6/6/6/3/7/7 3 3,X,0.60,8,SLEEP,Z,0.09903073,0.2604047
7/2/6/6/6/6/7/6/7 3 3,X,0.5,4,SLEEP,Z,0.08887132,0.2491934
7/2/6/6/6/6/7/5/7 3 3,X,0.5,6,SLEEP,Z,0.1069713,0.27796
7/2/6/6/6/6/7/3/7 3 3,Z,0.625,6,SLEEP,Z,0.1278977,0.2640848
7/2/6/6/6/6/7/7/6 3 3,Z,0.5,8,SLEEP,Z,0.04777344,0.1889962
7/2/6/6/6/6/7/7/5 3 3,X,0.5,6,SLEEP,Z,0.07873487,0.1846366
7/2/6/6/6/5/6/7/7 3 3,Z,0.5,4,SLEEP,Z,0.03340755,0.1242473
7/2/6/6/6/5/5/7/7 3 3,Z,0.5,6,SLEEP,Z,0.1083897,0.3420256
7/2/6/6/6/5/3/7/7 3 3,X,0.60,8,SLEEP,Z,0.1340049,0.4870694
7/2/6/6/6/5/7/6/7 3 3,X,0.5,6,SLEEP,Z,0.03940273,0.1193555
7/2/6/6/6/5/7/5/7 3 3,Z,0.5,6,SLEEP,Z,0.04007105,0.108746
7/2/6/6/6/5/7/3/7 3 3,Z,0.5833333333333333333333333333,10,SLEEP,Z,0.1118029,0.3005947
7/2/6/6/6/5/7/7/6 3 3,Z,0.5,2,SLEEP,Z,0,0
7/2/6/6/6/5/7/7/5 3 3,Z,0.5,4,SLEEP,Z,0.03482513,0.1364192
7/2/6/6/6/5/7/7/3 3 3,X,0.60,6,SLEEP,Z,0.1421796,0.3670446
7/2/6/6/6/3/6/7/7 3 3,Z,0.5833333333333333333333333333,6,SLEEP,Z,0.0430495,0.1864616
7/2/6/6/6/3/5/7/7 3 3,Z,0.5833333333333333333333333333,12,SLEEP,Z,0.06381807,0.217503
7/2/6/6/6/3/3/7/7 3 3,X,0.60,8,SLEEP,Z,0.04198631,0.1442064
7/2/6/6/6/3/7/6/7 3 3,Z,-0.625,8,SLEEP,Z,0.04463216,0.1006407
7/2/6/6/6/3/7/5/7 3 3,Z,0.5833333333333333333333333333,12,SLEEP,Z,0.0850035,0.273352
7/2/6/6/6/3/7/3/7 3 3,Z,0.6666666666666666666666666667,6,SLEEP,Z,0.05556631,0.2117442
7/2/6/6/6/3/7/7/6 3 3,Z,0.5833333333333333333333333333,6,SLEEP,Z,0.09770279,0.2123185
7/2/6/6/6/3/7/7/5 3 3,Z,0.5833333333333333333333333333,6,SLEEP,Z,0.03113945,0.1105673
7/2/6/6/6/3/7/7/3 3 3,X,0.60,16,SLEEP,Z,0.1166609,0.3827669
7/2/6/6/6/7/2/7/7 3 3,Z,0.5,2,SLEEP,Z,0,0
7/2/6/6/6/7/6/6/7 3 3,X,0.5,2,SLEEP,Z,0.02203656,0.08259437
7/2/6/6/6/7/6/5/7 3 3,Z,0.5,4,SLEEP,Z,0.03299031,0.1225595
7/2/6/6/6/7/6/3/7 3 3,Z,0.5833333333333333333333333333,2,SLEEP,Z,0.08405924,0.1322832
7/2/6/6/6/7/6/7/6 3 3,Z,0.5,2,SLEEP,Z,0.01326044,0.02831004
7/2/6/6/6/7/6/7/5 3 3,Z,0.5,6,SLEEP,Z,0.04646847,0.1678068
7/2/6/6/6/7/6/7/3 3 3,X,0.7,4,SLEEP,Z,0.08765796,0.1730672
7/2/6/6/6/7/5/6/7 3 3,X,0.5,6,SLEEP,Z,0.08002565,0.2352566
7/2/6/6/6/7/5/5/7 3 3,Z,0.5,6,SLEEP,Z,0.03892243,0.1357864
7/2/6/6/6/7/5/3/7 3 3,Z,0.5833333333333333333333333333,4,SLEEP,Z,0.02667802,0.1197637
7/2/6/6/6/7/5/7/6 3 3,Z,0.5,2,SLEEP,Z,0.02199673,0.07634409
7/2/6/6/6/7/5/7/5 3 3,Z,0.5,2,SLEEP,Z,0.03828862,0.1407054
7/2/6/6/6/7/5/7/3 3 3,X,0.6,4,SLEEP,Z,0.0527333,0.1718735
7/2/6/6/6/7/3/6/7 3 3,X,0.6,8,SLEEP,Z,0.07043791,0.240373
7/2/6/6/6/7/3/5/7 3 3,X,0.6,10,SLEEP,Z,0.06539618,0.2418951
7/2/6/6/6/7/3/3/7 3 3,X,0.6,6,SLEEP,Z,0.0603369,0.1859426
7/2/6/6/6/7/3/7/6 3 3,X,-0.7,4,SLEEP,Z,0.03376015,0.125618
7/2/6/6/6/7/3/7/5 3 3,X,0.6,6,SLEEP,Z,0.05020442,0.1712609
7/2/6/6/6/7/3/7/3 3 3,X,0.7,8,SLEEP,Z,0.08194026,0.256578
7/2/2/6/6/7/7/6/7 3 3,X,0.5,102,SLEEP,Z,0.05290193,0.1193213
7/2/6/6/2/7/7/6/7 3 3,X,0.5,10,SLEEP,Z,0.04547597,0.1624228
7/2/6/6/6/7/7/2/7 3 3,Z,0.5,2,SLEEP,Z,0.03592485,0.1287515
7/2/6/6/6/7/7/6/6 3 3,Z,0.5,8,SLEEP,Z,0.05897648,0.1838536
7/2/6/6/6/7/7/6/5 3 3,X,0.5,4,SLEEP,Z,0.07107695,0.1788289
7/2/6/6/6/7/7/6/3 3 3,X,0.6,8,SLEEP,Z,0.1274945,0.3106703
7/2/6/6/6/7/7/5/6 3 3,Z,0.5,6,SLEEP,Z,0.03427824,0.1116081
7/2/6/6/6/7/7/5/5 3 3,Z,0.5,4,SLEEP,Z,0.03057338,0.1120496
7/2/6/6/6/7/7/5/3 3 3,X,0.6,10,SLEEP,Z,0.06247103,0.2225215
7/2/6/6/6/7/7/3/6 3 3,Z,0.5833333333333333333333333333,2,SLEEP,Z,0.02232774,0.08990411
7/2/6/6/6/7/7/3/5 3 3,Z,0.5833333333333333333333333333,10,SLEEP,Z,0.05822179,0.198384
7/2/6/6/6/7/7/3/3 3 3,X,0.6,10,SLEEP,Z,0.1303721,0.3384464
7/2/6/6/6/7/7/7/4 3 3,Z,0.5,6,SLEEP,Z,0.02868377,0.1110228
7/2/6/6/6/7/7/7/2 3 3,Z,0.5,6,SLEEP,Z,0.0747247,0.2606736
7/2/6/6/6/7/7/7/1 3 3,X,0.6,8,SLEEP,Z,0.05418668,0.1817085
7/2/6/6/6/6/7/7/3 3 3,X,0.60,6,SLEEP,Z,0.03920897,0.1456995
7/2/2/6/5/7/7/6/7 3 3,Z,0.5,2,SLEEP,Z,0,0
7/2/6/6/5/2/7/7/7 3 3,X,0.5,6,SLEEP,Z,0.041921,0.1530803
7/2/6/6/5/6/6/7/7 3 3,Z,0.5,8,SLEEP,Z,0.04158182,0.1319021
7/2/6/6/5/6/5/7/7 3 3,X,0.5,10,SLEEP,Z,0.1036253,0.2802367
7/2/6/6/5/6/3/7/7 3 3,X,0.5714285714285714285714285714,6,SLEEP,Z,0.04979899,0.1917313
7/2/6/6/5/6/7/6/7 3 3,X,0.5,8,SLEEP,Z,0.06402236,0.2365883
7/2/6/6/5/6/7/5/7 3 3,X,0.5,8,SLEEP,Z,0.1037032,0.2296828
7/2/6/6/5/6/7/3/7 3 3,Z,0.625,8,SLEEP,Z,0.05701956,0.1968677
7/2/6/6/5/6/7/7/6 3 3,Z,0.5,4,SLEEP,Z,0.07368838,0.1921801
7/2/6/6/5/6/7/7/5 3 3,X,0.5,6,SLEEP,Z,0.02636037,0.1041307
7/2/6/6/5/6/7/7/3 3 3,X,0.5714285714285714285714285714,6,SLEEP,Z,0.04243929,0.1596018
7/2/6/6/5/5/6/7/7 3 3,Z,0.5,4,SLEEP,Z,0.05079876,0.1226366
7/2/6/6/5/5/5/7/7 3 3,X,0.5,4,SLEEP,Z,0.03639654,0.1500588
7/2/6/6/5/5/3/7/7 3 3,X,0.5714285714285714285714285714,8,SLEEP,Z,0.05523247,0.2138271
7/2/6/6/5/5/7/6/7 3 3,X,0.5,4,SLEEP,Z,0.03411367,0.09743554
7/2/6/6/5/5/7/5/7 3 3,X,0.5,6,SLEEP,Z,0.0980491,0.403112
7/2/6/6/5/5/7/3/7 3 3,Z,0.5833333333333333333333333333,8,SLEEP,Z,0.1227874,0.3451512
7/2/6/6/5/5/7/7/6 3 3,Z,0.5,6,SLEEP,Z,0.06207466,0.2441428
7/2/6/6/5/5/7/7/5 3 3,X,0.5,2,SLEEP,Z,0.0166426,0.06582051
7/2/6/6/5/5/7/7/3 3 3,X,0.5714285714285714285714285714,6,SLEEP,Z,0.04659095,0.1834
7/2/6/6/5/3/6/7/7 3 3,Z,0.5833333333333333333333333333,4,SLEEP,Z,0.033978,0.1054157
7/2/6/6/5/3/5/7/7 3 3,Z,0.5833333333333333333333333333,6,SLEEP,Z,0.03639115,0.1544379
7/2/6/6/5/3/3/7/7 3 3,Z,0.5833333333333333333333333333,12,SLEEP,Z,0.062682,0.2364877
7/2/6/6/5/3/7/6/7 3 3,Z,-0.625,2,SLEEP,Z,0.03295605,0.1252599
7/2/6/6/5/3/7/5/7 3 3,Z,0.5833333333333333333333333333,10,SLEEP,Z,0.0875211,0.2547124
7/2/6/6/5/3/7/3/7 3 3,Z,0.6666666666666666666666666667,12,SLEEP,Z,0.1356655,0.3930147
7/2/6/6/5/3/7/7/6 3 3,Z,0.5833333333333333333333333333,4,SLEEP,Z,0.03902135,0.1449786
7/2/6/6/5/3/7/7/5 3 3,Z,0.5833333333333333333333333333,6,SLEEP,Z,0.06710313,0.4401909
7/2/6/6/5/3/7/7/3 3 3,Z,0.5833333333333333333333333333,8,SLEEP,Z,0.1360639,0.3973684
7/2/6/6/5/7/2/7/7 3 3,X,0.5,6,SLEEP,Z,0.04634547,0.1734701
7/2/6/6/5/7/6/6/7 3 3,X,0.5,6,SLEEP,Z,0.03675475,0.1445405
7/2/6/6/5/7/6/5/7 3 3,Z,0.5,6,SLEEP,Z,0.02909013,0.07691389
7/2/6/6/5/7/6/3/7 3 3,Z,0.5833333333333333333333333333,4,SLEEP,Z,0.02382073,0.09463177
7/2/6/6/5/7/6/7/6 3 3,Z,0.5,4,SLEEP,Z,0.02231807,0.07538737
7/2/6/6/5/7/6/7/5 3 3,Z,0.5,4,SLEEP,Z,0.06453948,0.2334649
7/2/6/6/5/7/6/7/3 3 3,X,0.7,6,SLEEP,Z,0.05100778,0.1910724
7/2/6/6/5/7/5/6/7 3 3,X,0.5,10,SLEEP,Z,0.07495786,0.1953159
7/2/6/6/5/7/5/5/7 3 3,X,0.5,2,SLEEP,Z,0.01982315,0.03487397
7/2/6/6/5/7/5/3/7 3 3,Z,0.5833333333333333333333333333,10,SLEEP,Z,0.087535,0.2689585
7/2/6/6/5/7/5/7/6 3 3,Z,0.5,6,SLEEP,Z,0.03162037,0.1216743
7/2/6/6/5/7/5/7/5 3 3,X,0.5,8,SLEEP,Z,0.06032472,0.2238716
7/2/6/6/5/7/5/7/3 3 3,X,0.5714285714285714285714285714,6,SLEEP,Z,0.06326947,0.190718
7/2/6/6/5/7/3/6/7 3 3,X,0.5714285714285714285714285714,8,SLEEP,Z,0.04715814,0.1764616
7/2/6/6/5/7/3/5/7 3 3,X,0.5714285714285714285714285714,8,SLEEP,Z,0.05440613,0.2190959
7/2/6/6/5/7/3/3/7 3 3,Z,0.5833333333333333333333333333,10,SLEEP,Z,0.06472628,0.2515919
7/2/6/6/5/7/3/7/6 3 3,X,-0.7,6,SLEEP,Z,0.04743357,0.1692532
7/2/6/6/5/7/3/7/5 3 3,X,0.5714285714285714285714285714,8,SLEEP,Z,0.06729645,0.2426668
7/2/6/6/5/7/3/7/3 3 3,X,0.6428571428571428571428571429,8,SLEEP,Z,0.07946284,0.2976865
7/2/6/6/5/7/7/2/7 3 3,X,0.5,10,SLEEP,Z,0.04610636,0.1661989
7/2/6/6/5/7/7/6/6 3 3,Z,0.5,6,SLEEP,Z,0.03546796,0.1518556
7/2/6/6/5/7/7/6/5 3 3,X,0.5,8,SLEEP,Z,0.05824097,0.2353946
7/2/6/6/5/7/7/6/3 3 3,X,0.5714285714285714285714285714,8,SLEEP,Z,0.1065526,0.3404233
7/2/2/6/5/7/7/5/7 3 3,Z,0.5,8,SLEEP,Z,0.01536436,0.06022425
7/2/6/6/5/7/7/5/6 3 3,Z,0.5,2,SLEEP,Z,0.04300981,0.09281342
7/2/6/6/5/7/7/5/5 3 3,X,0.5,6,SLEEP,Z,0.03894561,0.1672356
7/2/6/6/5/7/7/5/3 3 3,X,0.5714285714285714285714285714,10,SLEEP,Z,0.05781295,0.2190659
7/2/6/6/5/7/7/3/6 3 3,Z,0.5833333333333333333333333333,6,SLEEP,Z,0.09648129,0.2641461
7/2/6/6/5/7/7/3/5 3 3,Z,0.5833333333333333333333333333,8,SLEEP,Z,0.05125504,0.1703506
7/2/6/6/5/7/7/3/3 3 3,Z,0.5833333333333333333333333333,8,SLEEP,Z,0.09660576,0.3592884
7/2/6/6/5/7/7/7/4 3 3,Z,0.5,4,SLEEP,Z,0.0354318,0.1506754
7/2/6/6/5/7/7/7/2 3 3,X,0.5,6,SLEEP,Z,0.02976479,0.1149984
7/2/6/6/5/7/7/7/1 3 3,X,0.5714285714285714285714285714,6,SLEEP,Z,0.0432653,0.1675187
7/2/6/6/3/2/7/7/7 3 3,X,0.5714285714285714285714285714,4,SLEEP,Z,0.04166017,0.1340426
7/2/6/6/3/6/6/7/7 3 3,X,-0.60,4,SLEEP,Z,0.02948736,0.09153339
7/2/6/6/3/6/5/7/7 3 3,X,0.5714285714285714285714285714,6,SLEEP,Z,0.04398928,0.1692441
7/2/6/6/3/6/3/7/7 3 3,X,0.6428571428571428571428571429,6,SLEEP,Z,0.04620794,0.1884214
7/2/6/6/3/6/7/6/7 3 3,X,0.5714285714285714285714285714,8,SLEEP,Z,0.2368782,0.4928781
7/2/6/6/3/6/7/5/7 3 3,X,0.5714285714285714285714285714,26,SLEEP,Z,0.0344271,0.1268159
7/2/6/6/3/6/7/3/7 3 3,Z,0.625,6,SLEEP,Z,0.07238245,0.1487103
7/2/6/6/3/6/7/7/6 3 3,X,-0.60,2,SLEEP,Z,0.04635573,0.07756671
7/2/6/6/3/6/7/7/5 3 3,X,0.5714285714285714285714285714,12,SLEEP,Z,0.07288197,0.246419
7/2/6/6/3/6/7/7/3 3 3,X,0.6428571428571428571428571429,6,SLEEP,Z,0.1634984,0.4128015
7/2/6/6/3/5/6/7/7 3 3,X,-0.60,6,SLEEP,Z,0.04563815,0.135667
7/2/6/6/3/5/5/7/7 3 3,X,0.5714285714285714285714285714,10,SLEEP,Z,0.06364321,0.1935835
7/2/6/6/3/5/3/7/7 3 3,X,0.6428571428571428571428571429,6,SLEEP,Z,0.03785489,0.1321725
7/2/6/6/3/5/7/6/7 3 3,X,0.5714285714285714285714285714,8,SLEEP,Z,0.1531538,0.3453057
7/2/6/6/3/5/7/5/7 3 3,X,0.5714285714285714285714285714,2,SLEEP,Z,0.03842402,0.1397238
7/2/6/6/3/5/7/3/7 3 3,Z,0.5833333333333333333333333333,10,SLEEP,Z,0.1004947,0.5086535
7/2/6/6/3/5/7/7/6 3 3,X,-0.60,2,SLEEP,Z,0.02780771,0.04663096
7/2/6/6/3/5/7/7/5 3 3,X,0.5714285714285714285714285714,8,SLEEP,Z,0.1483975,0.3808573
7/2/6/6/3/5/7/7/3 3 3,X,0.6428571428571428571428571429,6,SLEEP,Z,0.08544102,0.2755268
7/2/6/6/3/3/6/7/7 3 3,X,-0.60,6,SLEEP,Z,0.0205625,0.06840463
7/2/6/6/3/3/5/7/7 3 3,Z,0.5833333333333333333333333333,4,SLEEP,Z,0.03755582,0.1456663
7/2/6/6/3/3/3/7/7 3 3,X,0.6428571428571428571428571429,8,SLEEP,Z,0.06362906,0.2419282
7/2/6/6/3/3/7/6/7 3 3,Z,-0.625,4,SLEEP,Z,0.04494743,0.1352518
7/2/6/6/3/3/7/5/7 3 3,Z,0.5833333333333333333333333333,6,SLEEP,Z,0.04201403,0.1549383
7/2/6/6/3/3/7/3/7 3 3,Z,0.6666666666666666666666666667,12,SLEEP,Z,0.1296901,0.4459727
7/2/6/6/3/3/7/7/6 3 3,X,-0.60,4,SLEEP,Z,0.04011105,0.1382794
7/2/6/6/3/3/7/7/5 3 3,Z,0.5833333333333333333333333333,6,SLEEP,Z,0.1086977,0.4896871
7/2/6/6/3/3/7/7/3 3 3,X,0.6428571428571428571428571429,12,SLEEP,Z,0.09111079,0.4575696
7/2/6/6/3/7/2/7/7 3 3,X,0.5714285714285714285714285714,6,SLEEP,Z,0.03379798,0.1275817
7/2/6/6/3/7/6/6/7 3 3,X,-0.6,4,SLEEP,Z,0.1049797,0.2918453
7/2/6/6/3/7/6/5/7 3 3,X,-0.6,2,SLEEP,Z,0.01500834,0.04693423
7/2/6/6/3/7/6/3/7 3 3,X,-0.6,6,SLEEP,Z,0.1176191,0.3436093
7/2/6/6/3/7/6/7/6 3 3,X,-0.7,6,SLEEP,Z,0.04765692,0.190283
7/2/6/6/3/7/6/7/5 3 3,X,-0.6,2,SLEEP,Z,0.03591609,0.05973192
7/2/6/6/3/7/6/7/3 3 3,X,0.7,6,SLEEP,Z,0.03591929,0.1188813
7/2/6/6/3/7/5/6/7 3 3,X,0.5714285714285714285714285714,6,SLEEP,Z,0.0534456,0.1789408
7/2/6/6/3/7/5/5/7 3 3,X,0.5714285714285714285714285714,2,SLEEP,Z,0.03131296,0.07135342
7/2/6/6/3/7/5/3/7 3 3,Z,0.5833333333333333333333333333,6,SLEEP,Z,0.05152322,0.1542483
7/2/6/6/3/7/5/7/6 3 3,X,-0.6,8,SLEEP,Z,0.1189968,0.3558781
7/2/6/6/3/7/5/7/5 3 3,X,0.5714285714285714285714285714,6,SLEEP,Z,0.0489683,0.1816119
7/2/6/6/3/7/5/7/3 3 3,X,0.6428571428571428571428571429,8,SLEEP,Z,0.06100912,0.2142596
7/2/6/6/3/7/3/6/7 3 3,X,0.6428571428571428571428571429,6,SLEEP,Z,0.0636236,0.2395551
7/2/6/6/3/7/3/5/7 3 3,X,0.6428571428571428571428571429,6,SLEEP,Z,0.1130896,0.467915
7/2/6/6/3/7/3/3/7 3 3,X,0.6428571428571428571428571429,12,SLEEP,Z,0.1091107,0.3441019
7/2/6/6/3/7/3/7/6 3 3,X,-0.7,4,SLEEP,Z,0.1130554,0.3065488
7/2/6/6/3/7/3/7/5 3 3,X,0.6428571428571428571428571429,10,SLEEP,Z,0.1206404,0.3828991
7/2/6/6/3/7/3/7/3 3 3,X,0.7142857142857142857142857143,8,SLEEP,Z,0.09810881,0.3634445
7/2/6/6/3/7/7/2/7 3 3,X,0.5714285714285714285714285714,2,SLEEP,Z,0.05438264,0.1919247
7/2/6/6/3/7/7/6/6 3 3,X,-0.6,4,SLEEP,Z,0.08772071,0.445473
7/2/6/6/3/7/7/6/5 3 3,X,0.5714285714285714285714285714,12,SLEEP,Z,0.1431778,0.449615
7/2/6/6/3/7/7/6/3 3 3,X,0.6428571428571428571428571429,10,SLEEP,Z,0.07800732,0.2779845
7/2/6/6/3/7/7/5/6 3 3,X,-0.6,2,SLEEP,Z,0.01606814,0.04737974
7/2/6/6/3/7/7/5/5 3 3,X,0.5714285714285714285714285714,6,SLEEP,Z,0.1422891,0.459618
7/2/6/6/3/7/7/5/3 3 3,X,0.6428571428571428571428571429,8,SLEEP,Z,0.1163325,0.3835667
7/2/6/6/3/7/7/3/6 3 3,X,-0.6,6,SLEEP,Z,0.1087776,0.2801336
7/2/6/6/3/7/7/3/5 3 3,Z,0.5833333333333333333333333333,10,SLEEP,Z,0.06267247,0.2341612
7/2/6/6/3/7/7/3/3 3 3,X,0.6428571428571428571428571429,10,SLEEP,Z,0.06784301,0.2786866
7/2/6/6/3/7/7/7/4 3 3,X,-0.6,2,SLEEP,Z,0,0
7/2/6/6/3/7/7/7/2 3 3,X,0.5714285714285714285714285714,8,SLEEP,Z,0.0624581,0.1916644
7/2/6/6/3/7/7/7/1 3 3,X,0.6428571428571428571428571429,6,SLEEP,Z,0.05603101,0.2237158
7/2/6/6/7/2/6/7/7 3 3,Z,0.5,4,SLEEP,Z,0.02126859,0.05955983
7/2/6/6/7/2/5/7/7 3 3,X,0.5,8,SLEEP,Z,0.04450437,0.1538231
7/2/6/6/7/2/3/7/7 3 3,X,0.5714285714285714285714285714,8,SLEEP,Z,0.06376574,0.2112949
7/2/6/6/7/2/7/6/7 3 3,X,0.5,6,SLEEP,Z,0.1061478,0.2565249
7/2/6/6/7/2/7/5/7 3 3,X,0.5,6,SLEEP,Z,0.0511397,0.1982846
7/2/6/6/7/2/7/3/7 3 3,Z,0.5833333333333333333333333333,10,SLEEP,Z,0.1127656,0.247953
7/2/6/6/7/2/7/7/6 3 3,Z,0.5,2,SLEEP,Z,0.01477114,0.05572424
7/2/6/6/7/2/7/7/5 3 3,X,0.5,6,SLEEP,Z,0.04734505,0.1830131
7/2/6/6/7/2/7/7/3 3 3,X,0.5714285714285714285714285714,6,SLEEP,Z,0.04690364,0.1732177
7/2/6/6/7/6/2/7/7 3 3,X,0.5,6,SLEEP,Z,0.05128086,0.1656525
7/2/6/6/7/6/6/6/7 3 3,X,0.5,6,SLEEP,Z,0.06121228,0.2458542
7/2/6/6/7/6/6/5/7 3 3,Z,0.5,6,SLEEP,Z,0.02934435,0.1100842
7/2/6/6/7/6/6/3/7 3 3,Z,0.6428571428571428571428571429,6,SLEEP,Z,0.07676665,0.1715241
7/2/6/6/7/6/6/7/6 3 3,Z,0.5,6,SLEEP,Z,0.06824607,0.2047173
7/2/6/6/7/6/6/7/5 3 3,Z,0.5,4,SLEEP,Z,0.04032002,0.1609916
7/2/6/6/7/6/6/7/3 3 3,X,0.7,10,SLEEP,Z,0.1506518,0.3792894
7/2/6/6/7/6/5/6/7 3 3,X,0.5,8,SLEEP,Z,0.07683852,0.2481046
7/2/6/6/7/6/5/5/7 3 3,X,0.5,6,SLEEP,Z,0.04632667,0.1107945
7/2/6/6/7/6/5/3/7 3 3,Z,0.6428571428571428571428571429,6,SLEEP,Z,0.05711615,0.193543
7/2/6/6/7/6/5/7/6 3 3,Z,0.5,2,SLEEP,Z,0.02754099,0.0658024
7/2/6/6/7/6/5/7/5 3 3,X,0.5,8,SLEEP,Z,0.05613605,0.1943719
7/2/6/6/7/6/5/7/3 3 3,X,0.5714285714285714285714285714,8,SLEEP,Z,0.06191421,0.2453568
7/2/6/6/7/6/3/6/7 3 3,X,0.5714285714285714285714285714,10,SLEEP,Z,0.1195462,0.4315728
7/2/6/6/7/6/3/5/7 3 3,X,0.5714285714285714285714285714,8,SLEEP,Z,0.1099627,0.3235312
7/2/6/6/7/6/3/3/7 3 3,Z,0.6428571428571428571428571429,6,SLEEP,Z,0.04059464,0.1639585
7/2/6/6/7/6/3/7/6 3 3,X,-0.7,6,SLEEP,Z,0.077355,0.2203038
7/2/6/6/7/6/3/7/5 3 3,X,0.5714285714285714285714285714,6,SLEEP,Z,0.09552216,0.3409168
7/2/6/6/7/6/3/7/3 3 3,X,0.6428571428571428571428571428,6,SLEEP,Z,0.06395496,0.2189822
7/2/2/6/7/6/7/6/7 3 3,Z,0.5,4,SLEEP,Z,0.06101727,0.1894069
7/2/6/6/7/6/7/2/7 3 3,X,0.5,6,SLEEP,Z,0.1143723,0.3959011
7/2/6/6/7/6/7/6/6 3 3,Z,0.5,4,SLEEP,Z,0.05043843,0.1359187
7/2/6/6/7/6/7/6/5 3 3,X,0.5,12,SLEEP,Z,0.0637254,0.2153559
7/2/6/6/7/6/7/6/3 3 3,X,0.5714285714285714285714285714,8,SLEEP,Z,0.07688621,0.2997229
7/2/6/6/7/6/7/5/6 3 3,Z,0.5,8,SLEEP,Z,0.112945,0.3716811
7/2/6/6/7/6/7/5/5 3 3,X,0.5,6,SLEEP,Z,0.03705499,0.1555628
7/2/6/6/7/6/7/5/3 3 3,X,0.5714285714285714285714285714,6,SLEEP,Z,0.06547682,0.2322849
7/2/6/6/7/6/7/3/6 3 3,Z,0.6428571428571428571428571429,6,SLEEP,Z,0.1196275,0.3445988
7/2/6/6/7/6/7/3/5 3 3,Z,0.6428571428571428571428571429,10,SLEEP,Z,0.06453157,0.2325587
7/2/6/6/7/6/7/3/3 3 3,Z,0.6428571428571428571428571429,8,SLEEP,Z,0.07662475,0.2978747
7/2/6/6/7/6/7/7/4 3 3,Z,0.5,6,SLEEP,Z,0.03140601,0.1093328
7/2/6/6/7/6/7/7/2 3 3,X,0.5,6,SLEEP,Z,0.03072436,0.1199625
7/2/6/6/7/6/7/7/1 3 3,X,0.5714285714285714285714285714,8,SLEEP,Z,0.05862385,0.2418883
7/2/6/6/7/5/2/7/7 3 3,X,0.5,4,SLEEP,Z,0.03613107,0.1208587
7/2/6/6/7/5/6/6/7 3 3,X,0.5,6,SLEEP,Z,0.03125883,0.1205472
7/2/6/6/7/5/6/5/7 3 3,Z,0.5,6,SLEEP,Z,0.03991441,0.1495161
7/2/6/6/7/5/6/3/7 3 3,Z,0.5833333333333333333333333333,8,SLEEP,Z,0.04579256,0.1642777
7/2/6/6/7/5/6/7/6 3 3,Z,0.5,6,SLEEP,Z,0.03439947,0.1193044
7/2/6/6/7/5/6/7/5 3 3,Z,0.5,4,SLEEP,Z,0.02859573,0.09977923
7/2/6/6/7/5/6/7/3 3 3,X,0.7,6,SLEEP,Z,0.04170101,0.1476049
7/2/6/6/7/5/5/6/7 3 3,X,0.5,4,SLEEP,Z,0.09979673,0.2588479
7/2/6/6/7/5/5/5/7 3 3,X,0.5,8,SLEEP,Z,0.04955043,0.188544
7/2/6/6/7/5/5/3/7 3 3,Z,0.5833333333333333333333333333,6,SLEEP,Z,0.06221839,0.1553309
7/2/6/6/7/5/5/7/6 3 3,Z,0.5,2,SLEEP,Z,0.05880374,0.1932287
7/2/6/6/7/5/5/7/5 3 3,X,0.5,8,SLEEP,Z,0.06349883,0.1901645
7/2/6/6/7/5/5/7/3 3 3,X,0.5714285714285714285714285714,6,SLEEP,Z,0.04625405,0.1858207
6/2/6/6/7/5/3/7/7 3 3,X,0.5666666666666666666666666666,16,SLEEP,Z,0.08458878,0.3744045
7/2/6/6/7/5/3/6/7 3 3,X,0.5714285714285714285714285714,10,SLEEP,Z,0.06706838,0.2047457
7/2/6/6/7/5/3/5/7 3 3,X,0.5714285714285714285714285714,10,SLEEP,Z,0.07741503,0.2286983
7/2/6/6/7/5/3/3/7 3 3,Z,0.5833333333333333333333333333,8,SLEEP,Z,0.1058524,0.4503812
7/2/6/6/7/5/3/7/6 3 3,X,-0.7,6,SLEEP,Z,0.03301413,0.1205059
7/2/6/6/7/5/3/7/5 3 3,X,0.5714285714285714285714285714,6,SLEEP,Z,0.04717196,0.1733752
7/2/6/6/7/5/3/7/3 3 3,X,0.6428571428571428571428571428,8,SLEEP,Z,0.08729954,0.3332259
7/2/2/6/7/5/7/6/7 3 3,Z,0.5,246,SLEEP,Z,0.1431019,0.5416704
7/2/6/6/7/5/7/2/7 3 3,X,0.5,6,SLEEP,Z,0.04865066,0.1525656
7/2/6/6/7/5/7/6/6 3 3,Z,0.5,4,SLEEP,Z,0.0208403,0.08703984
7/2/6/6/7/5/7/6/5 3 3,X,0.5,4,SLEEP,Z,0.04065815,0.1625062
7/2/6/6/7/5/7/6/3 3 3,X,0.5714285714285714285714285714,8,SLEEP,Z,0.08575287,0.2817649
7/2/6/6/7/5/7/5/6 3 3,Z,0.5,8,SLEEP,Z,0.03066508,0.1193274
7/2/6/6/7/5/7/5/5 3 3,X,0.5,6,SLEEP,Z,0.03403887,0.1379681
7/2/6/6/7/5/7/5/3 3 3,X,0.5714285714285714285714285714,8,SLEEP,Z,0.086576,0.3248059
7/2/6/6/7/5/7/3/6 3 3,Z,0.5833333333333333333333333333,4,SLEEP,Z,0.04308164,0.1601578
7/2/6/6/7/5/7/3/5 3 3,Z,0.5833333333333333333333333333,8,SLEEP,Z,0.03668475,0.1464571
7/2/6/6/7/5/7/3/3 3 3,Z,0.5833333333333333333333333333,4,SLEEP,Z,0.03851001,0.1520232
7/2/6/6/7/5/7/7/4 3 3,Z,0.5,4,SLEEP,Z,0.04472236,0.1609698
7/2/6/6/7/5/7/7/2 3 3,X,0.5,4,SLEEP,Z,0.03179789,0.1244801
7/2/6/6/7/5/7/7/1 3 3,X,0.5714285714285714285714285714,10,SLEEP,Z,0.08919991,0.2895439
7/2/6/6/7/3/2/7/7 3 3,Z,0.5833333333333333333333333333,10,SLEEP,Z,0.07650445,0.2525557
7/2/6/6/7/3/6/6/7 3 3,Z,-0.6428571428571428571428571429,2,SLEEP,Z,0.02682323,0.04561616
7/2/6/6/7/3/6/5/7 3 3,Z,0.5833333333333333333333333333,2,SLEEP,Z,0.01939975,0.05342129
7/2/6/6/7/3/6/3/7 3 3,Z,0.6666666666666666666666666667,6,SLEEP,Z,0.05924058,0.1883606
7/2/6/6/7/3/6/7/6 3 3,Z,0.5833333333333333333333333333,6,SLEEP,Z,0.05682876,0.1301053
7/2/6/6/7/3/6/7/5 3 3,Z,0.5833333333333333333333333333,4,SLEEP,Z,0.04947442,0.1486624
7/2/6/6/7/3/6/7/3 3 3,X,0.7,4,SLEEP,Z,0.06414767,0.2019413
7/2/6/6/7/3/5/6/7 3 3,Z,-0.6428571428571428571428571429,8,SLEEP,Z,0.05299602,0.1380039
7/2/6/6/7/3/5/5/7 3 3,Z,0.5833333333333333333333333333,8,SLEEP,Z,0.08018519,0.2192284
7/2/6/6/7/3/5/3/7 3 3,Z,0.6666666666666666666666666667,6,SLEEP,Z,0.07071903,0.2463322
7/2/6/6/7/3/5/7/6 3 3,Z,0.5833333333333333333333333333,4,SLEEP,Z,0.02895234,0.1184901
7/2/6/6/7/3/5/7/5 3 3,Z,0.5833333333333333333333333333,4,SLEEP,Z,0.05736059,0.1706326
7/2/6/6/7/3/5/7/3 3 3,Z,0.5833333333333333333333333333,10,SLEEP,Z,0.1001221,0.2881207
7/2/6/6/7/3/3/6/7 3 3,Z,-0.6428571428571428571428571429,8,SLEEP,Z,0.06094423,0.2244136
7/2/6/6/7/3/3/5/7 3 3,Z,0.5833333333333333333333333333,12,SLEEP,Z,0.0764519,0.2736129
7/2/6/6/7/3/3/3/7 3 3,Z,0.6666666666666666666666666667,8,SLEEP,Z,0.07028268,0.2650124
7/2/6/6/7/3/3/7/6 3 3,X,-0.7,4,SLEEP,Z,0.05787435,0.1515303
7/2/6/6/7/3/3/7/5 3 3,Z,0.5833333333333333333333333333,8,SLEEP,Z,0.1847124,0.5087543
7/2/6/6/7/3/3/7/3 3 3,X,0.6428571428571428571428571428,12,SLEEP,Z,0.06965719,0.2552748
7/2/6/6/7/3/7/2/7 3 3,Z,0.5833333333333333333333333333,2,SLEEP,Z,0.02924686,0.1114084
7/2/6/6/7/3/7/6/6 3 3,Z,-0.6428571428571428571428571429,6,SLEEP,Z,0.04399338,0.155989
7/2/6/6/7/3/7/6/5 3 3,Z,-0.6428571428571428571428571429,8,SLEEP,Z,0.05279957,0.1973508
7/2/6/6/7/3/7/6/3 3 3,Z,-0.6428571428571428571428571429,6,SLEEP,Z,0.0614432,0.2024302
7/2/6/6/7/3/7/5/6 3 3,Z,0.5833333333333333333333333333,6,SLEEP,Z,0.05436961,0.1788189
7/2/6/6/7/3/7/5/5 3 3,Z,0.5833333333333333333333333333,6,SLEEP,Z,0.03845293,0.1442648
7/2/6/6/7/3/7/5/3 3 3,Z,0.5833333333333333333333333333,6,SLEEP,Z,0.06763774,0.255477
7/2/6/6/7/3/7/3/6 3 3,Z,0.6666666666666666666666666667,6,SLEEP,Z,0.05864038,0.218274
7/2/6/6/7/3/7/3/5 3 3,Z,0.6666666666666666666666666667,6,SLEEP,Z,0.05474566,0.1909886
7/2/6/6/7/3/7/3/3 3 3,Z,0.6666666666666666666666666667,14,SLEEP,Z,0.1145754,0.4144983
7/2/6/6/7/3/7/7/4 3 3,Z,0.5833333333333333333333333333,6,SLEEP,Z,0.03516613,0.1427558
7/2/6/6/7/3/7/7/2 3 3,Z,0.5833333333333333333333333333,6,SLEEP,Z,0.03391371,0.1271304
7/2/6/6/7/3/7/7/1 3 3,Z,0.5833333333333333333333333333,8,SLEEP,Z,0.1335325,0.3479254
7/2/6/6/7/7/2/6/7 3 3,X,0.5,8,SLEEP,Z,0.09245466,0.4192902
7/2/6/6/7/7/2/5/7 3 3,X,0.5,4,SLEEP,Z,0.0482879,0.1455379
7/2/6/6/7/7/2/3/7 3 3,Z,0.5833333333333333333333333333,6,SLEEP,Z,0.05318072,0.1823792
7/2/6/6/7/7/2/7/6 3 3,Z,0.5,4,SLEEP,Z,0.106938,0.2320057
7/2/6/6/7/7/2/7/5 3 3,X,0.5,4,SLEEP,Z,0.06763528,0.1745353
7/2/6/6/7/7/2/7/3 3 3,X,0.5714285714285714285714285714,4,SLEEP,Z,0.07817184,0.2324983
7/2/6/6/7/7/6/2/7 3 3,Z,0.5,2,SLEEP,Z,0.01443716,0.06134234
7/2/6/6/7/7/6/6/6 3 3,Z,0.5,4,SLEEP,Z,0.06237394,0.3559759
7/2/6/6/7/7/6/6/5 3 3,X,0.5,8,SLEEP,Z,0.03893113,0.1581208
7/2/6/6/7/7/6/6/3 3 3,X,0.75,8,SLEEP,Z,0.04625846,0.1581049
7/2/6/6/7/7/6/5/6 3 3,Z,0.5,2,SLEEP,Z,0.0119107,0.04315364
7/2/6/6/7/7/6/5/5 3 3,Z,0.5,2,SLEEP,Z,0,0
7/2/6/6/7/7/6/5/3 3 3,X,0.75,6,SLEEP,Z,0.05450973,0.1877473
7/2/6/6/7/7/6/3/6 3 3,Z,0.5833333333333333333333333333,6,SLEEP,Z,0.1019549,0.3686243
7/2/6/6/7/7/6/3/5 3 3,Z,0.5833333333333333333333333333,4,SLEEP,Z,0.04000261,0.151604
7/2/6/6/7/7/6/3/3 3 3,X,0.75,4,SLEEP,Z,0.06268758,0.1758367
7/2/6/6/7/7/6/7/4 3 3,Z,0.5,2,SLEEP,Z,0,0
7/2/6/6/7/7/6/7/2 3 3,Z,0.5,2,SLEEP,Z,0,0
7/2/6/6/7/7/6/7/1 3 3,X,0.75,4,SLEEP,Z,0.0716989,0.156154
7/2/6/6/7/7/5/2/7 3 3,X,0.5,6,SLEEP,Z,0.0258407,0.1010082
7/2/6/6/7/7/5/6/6 3 3,Z,0.5,4,SLEEP,Z,0.04169489,0.1606953
7/2/6/6/7/7/5/6/5 3 3,X,0.5,4,SLEEP,Z,0.08413178,0.3827745
7/2/6/6/7/7/5/6/3 3 3,X,0.5714285714285714285714285714,10,SLEEP,Z,0.0568277,0.2237073
7/2/6/6/7/7/5/5/6 3 3,Z,0.5,2,SLEEP,Z,0.03532152,0.06435818
7/2/6/6/7/7/5/5/5 3 3,X,0.5,4,SLEEP,Z,0.0211478,0.0830655
7/2/6/6/7/7/5/5/3 3 3,X,0.5714285714285714285714285714,8,SLEEP,Z,0.07370842,0.2556436
7/2/6/6/7/7/5/3/6 3 3,Z,0.5833333333333333333333333333,4,SLEEP,Z,0.03199125,0.1195856
7/2/6/6/7/7/5/3/5 3 3,Z,0.5833333333333333333333333333,8,SLEEP,Z,0.1180934,0.3949237
7/2/6/6/7/7/5/3/3 3 3,Z,0.5833333333333333333333333333,10,SLEEP,Z,0.0927534,0.2578248
7/2/6/6/7/7/5/7/4 3 3,Z,0.5,2,SLEEP,Z,0.06865102,0.1639039
7/2/6/6/7/7/5/7/2 3 3,X,0.5,6,SLEEP,Z,0.04984162,0.1818869
7/2/6/6/7/7/5/7/1 3 3,X,0.5714285714285714285714285714,6,SLEEP,Z,0.05551105,0.2043437
7/2/6/6/7/7/3/2/7 3 3,X,0.5714285714285714285714285714,6,SLEEP,Z,0.1523672,0.4463927
7/2/6/6/7/7/3/6/6 3 3,X,-0.75,4,SLEEP,Z,0.0321004,0.1585665
7/2/6/6/7/7/3/6/5 3 3,X,0.5714285714285714285714285714,8,SLEEP,Z,0.06390409,0.2282949
7/2/6/6/7/7/3/6/3 3 3,X,0.6428571428571428571428571428,10,SLEEP,Z,0.07527029,0.2732087
7/2/6/6/7/7/3/5/6 3 3,X,-0.75,6,SLEEP,Z,0.1548858,0.38442
7/2/6/6/7/7/3/5/5 3 3,X,0.5714285714285714285714285714,8,SLEEP,Z,0.05625696,0.2178357
7/2/6/6/7/7/3/5/3 3 3,X,0.6428571428571428571428571428,6,SLEEP,Z,0.07715537,0.2828206
7/2/6/6/7/7/3/3/6 3 3,X,-0.75,4,SLEEP,Z,0.03383345,0.1027803
7/2/6/6/7/7/3/3/5 3 3,Z,0.5833333333333333333333333333,12,SLEEP,Z,0.1093512,0.3890967
7/2/6/6/7/7/3/7/4 3 3,X,-0.75,6,SLEEP,Z,0.1803662,0.406984
7/2/6/6/7/7/3/7/2 3 3,X,0.5714285714285714285714285714,6,SLEEP,Z,0.05475205,0.209918
7/2/6/6/7/7/3/7/1 3 3,X,0.6428571428571428571428571428,8,SLEEP,Z,0.07206208,0.2803623
7/2/6/6/7/7/3/3/3 3 3,X,0.6428571428571428571428571428,8,SLEEP,Z,0.07798223,0.2758886
7/2/6/6/7/7/7/2/6 3 3,Z,0.5,6,SLEEP,Z,0.0438457,0.1532417
7/2/6/6/7/7/7/2/5 3 3,X,0.5,4,SLEEP,Z,0.0329008,0.1241593
7/2/6/6/7/7/7/2/3 3 3,X,0.5714285714285714285714285714,4,SLEEP,Z,0.0398736,0.1465071
7/2/6/6/7/7/7/6/4 3 3,Z,0.5,8,SLEEP,Z,0.04668266,0.1614249
7/2/6/6/7/7/7/6/2 3 3,X,0.5,6,SLEEP,Z,0.05945858,0.2379004
7/2/6/6/7/7/7/6/1 3 3,X,0.5714285714285714285714285714,6,SLEEP,Z,0.04590964,0.1688164
7/2/6/6/7/7/7/5/4 3 3,Z,0.5,2,SLEEP,Z,0.02501865,0.07390293
7/2/6/6/7/7/7/5/2 3 3,X,0.5,4,SLEEP,Z,0.05724758,0.2210328
7/2/6/6/7/7/7/5/1 3 3,X,0.5714285714285714285714285714,6,SLEEP,Z,0.1067874,0.3070683
7/2/6/6/7/7/7/3/4 3 3,Z,0.5833333333333333333333333333,4,SLEEP,Z,0.0353317,0.116172
7/2/6/6/7/7/7/3/2 3 3,Z,0.5833333333333333333333333333,6,SLEEP,Z,0.05012773,0.1984682
7/2/6/6/7/7/7/3/1 3 3,Z,0.5833333333333333333333333333,6,SLEEP,Z,0.054551,0.2223965
7/2/2/5/5/7/7/7/5 3 3,X,0,204,SLEEP,Z,0.1693476,0.6757259
7/2/2/5/6/7/7/6/7 3 3,X,0.5,36,SLEEP,Z,0.1711871,0.5590725
7/2/2/5/5/7/7/6/7 3 3,Z,0.5,60,SLEEP,Z,0.1941464,0.7520843
7/2/2/5/7/6/7/6/7 3 3,Z,0.5,150,SLEEP,Z,0.1200032,0.4170666
7/2/2/5/7/5/7/6/7 3 3,Z,0.5,2,SLEEP,Z,0.0157197,0.03786031
7/2/2/5/7/7/5/6/7 3 3,Z,0.5,4,SLEEP,Z,0.06364096,0.1952324
7/2/2/5/7/7/7/6/5 3 3,Z,0.5,2,SLEEP,Z,0.01781325,0.07676557
7/2/2/5/7/7/7/6/3 3 3,Z,0.5,10,SLEEP,Z,0.0496424,0.1928138
7/2/6/5/2/6/7/7/7 3 3,X,0.5,4,SLEEP,Z,0.06561334,0.4691692
7/2/6/5/2/5/7/7/7 3 3,X,0.5,2,SLEEP,Z,0.01777435,0.05254271
7/2/6/5/2/3/7/7/7 3 3,X,0.5,10,SLEEP,Z,0.1121379,0.4430105
7/2/6/5/2/7/6/7/7 3 3,X,0.5,2,SLEEP,Z,0,0
7/2/6/5/2/7/5/7/7 3 3,X,0.5,4,SLEEP,Z,0.02764621,0.08071811
7/2/6/5/2/7/3/7/7 3 3,X,0.5714285714285714285714285714,6,SLEEP,Z,0.06347199,0.2165018
7/2/6/5/2/7/7/6/7 3 3,X,0.5,6,SLEEP,Z,0.03266994,0.1275026
7/2/6/5/2/7/7/5/7 3 3,X,0.5,4,SLEEP,Z,0.04710519,0.164596
7/2/6/5/2/7/7/3/7 3 3,X,0.5,10,SLEEP,Z,0.04130529,0.1409241
7/2/6/5/2/7/7/7/6 3 3,X,0.4285714285714285714285714286,2,SLEEP,Z,0.03597547,0.1698658
7/2/6/5/2/7/7/7/5 3 3,X,0.5,4,SLEEP,Z,0.04869395,0.1820463
7/2/6/5/2/7/7/7/3 3 3,X,0.5714285714285714285714285714,4,SLEEP,Z,0.05058515,0.1632183
7/2/6/5/6/2/7/7/7 3 3,X,0.5,4,SLEEP,Z,0.03858505,0.1380894
7/2/6/5/6/6/6/7/7 3 3,Z,0.5,188,SLEEP,Z,0.1551536,0.3624537
7/2/6/5/6/6/5/7/7 3 3,X,0.5,6,SLEEP,Z,0.05556088,0.164765
7/2/6/5/6/6/3/7/7 3 3,X,0.60,10,SLEEP,Z,0.08576792,0.2202203
7/2/6/5/6/6/7/6/7 3 3,X,0.5,66,SLEEP,Z,0.05429276,0.2116123
7/2/6/5/6/6/7/5/7 3 3,X,0.5,10,SLEEP,Z,0.1032255,0.2604063
7/2/6/5/6/6/7/3/7 3 3,Z,0.625,4,SLEEP,Z,0.03034863,0.1025225
7/2/6/5/6/6/7/7/6 3 3,Z,0.5,8,SLEEP,Z,0.03834275,0.1581464
7/2/6/5/6/6/7/7/5 3 3,X,0.5,6,SLEEP,Z,0.05569052,0.1862978
7/2/6/5/6/6/7/7/3 3 3,X,0.60,24,SLEEP,Z,0.05349545,0.177492
7/2/6/5/6/5/6/7/7 3 3,X,0.5,4,SLEEP,Z,0.03018478,0.1087873
7/2/6/5/6/5/5/7/7 3 3,X,0.5,4,SLEEP,Z,0.05887909,0.1336493
7/2/6/5/6/5/3/7/7 3 3,X,0.60,4,SLEEP,Z,0.05589292,0.1911327
7/2/6/5/6/5/7/6/7 3 3,X,0.5,8,SLEEP,Z,0.09662875,0.2588985
7/2/6/5/6/5/7/5/7 3 3,X,0.5,8,SLEEP,Z,0.08047687,0.2809366
7/2/6/5/6/5/7/3/7 3 3,X,0.5,8,SLEEP,Z,0.03537913,0.1648041
7/2/6/5/6/5/7/7/6 3 3,X,0.40,2,SLEEP,Z,0.02507195,0.1010526
7/2/6/5/6/5/7/7/5 3 3,X,0.5,4,SLEEP,Z,0.0749179,0.1541813
7/2/6/5/6/5/7/7/3 3 3,X,0.60,4,SLEEP,Z,0.1124852,0.2886979
7/2/6/5/6/3/6/7/7 3 3,Z,-0.5,4,SLEEP,Z,0.03559528,0.1210143
7/2/6/5/6/3/5/7/7 3 3,X,0.5,6,SLEEP,Z,0.04119168,0.1493661
7/2/6/5/6/3/3/7/7 3 3,X,0.60,8,SLEEP,Z,0.06378614,0.22717
7/2/6/5/6/3/7/6/7 3 3,Z,-0.625,6,SLEEP,Z,0.1230574,0.2803297
7/2/6/5/6/3/7/5/7 3 3,X,0.5,6,SLEEP,Z,0.07297629,0.226483
7/2/6/5/6/3/7/3/7 3 3,X,0.5,10,SLEEP,Z,0.06039326,0.2415369
7/2/6/5/6/3/7/7/6 3 3,Z,-0.5,4,SLEEP,Z,0.02883184,0.1110386
7/2/6/5/6/3/7/7/5 3 3,X,0.5,4,SLEEP,Z,0.08113854,0.2006631
7/2/6/5/6/3/7/7/3 3 3,X,0.60,6,SLEEP,Z,0.09456219,0.247057
7/2/6/5/6/7/2/7/7 3 3,X,0.5,4,SLEEP,Z,0.04482568,0.1631757
7/2/6/5/6/7/6/6/7 3 3,X,0.5,10,SLEEP,Z,0.03744325,0.1503395
7/2/6/5/6/7/6/5/7 3 3,X,0.5,4,SLEEP,Z,0.03219132,0.1108005
7/2/6/5/6/7/6/3/7 3 3,X,0.5,16,SLEEP,Z,0.03745734,0.1535817
7/2/6/5/6/7/6/7/6 3 3,X,0.3,2,SLEEP,Z,0.01857697,0.04188674
7/2/6/5/6/7/6/7/5 3 3,X,0.5,4,SLEEP,Z,0.03001547,0.1185506
7/2/6/5/6/7/6/7/3 3 3,X,0.7,4,SLEEP,Z,0.05424654,0.1482712
7/2/6/5/6/7/5/6/7 3 3,X,0.5,6,SLEEP,Z,0.08029964,0.2468978
7/2/6/5/6/7/5/5/7 3 3,X,0.5,4,SLEEP,Z,0.04344203,0.1394237
7/2/6/5/6/7/5/3/7 3 3,X,0.5,8,SLEEP,Z,0.05632372,0.2063842
7/2/6/5/6/7/5/7/6 3 3,X,0.4,2,SLEEP,Z,0.03237434,0.1267234
7/2/6/5/6/7/5/7/5 3 3,X,0.5,4,SLEEP,Z,0.1159214,0.3533454
7/2/6/5/6/7/5/7/3 3 3,X,0.6,6,SLEEP,Z,0.1460054,0.3858499
7/2/6/5/6/7/3/6/7 3 3,X,0.6,12,SLEEP,Z,0.1663526,0.4162031
7/2/6/5/6/7/3/5/7 3 3,X,0.6,6,SLEEP,Z,0.05759789,0.1843874
7/2/6/5/6/7/3/3/7 3 3,X,0.6,6,SLEEP,Z,0.04052135,0.1502319
7/2/6/5/6/7/3/7/6 3 3,X,-0.7,4,SLEEP,Z,0.08367409,0.1680116
7/2/6/5/6/7/3/7/5 3 3,X,0.6,4,SLEEP,Z,0.08662187,0.2069542
7/2/6/5/6/7/3/7/3 3 3,X,0.7,6,SLEEP,Z,0.08063778,0.2782838
7/2/6/5/6/7/7/2/7 3 3,X,0.5,4,SLEEP,Z,0.02115128,0.08310664
7/2/6/5/6/7/7/6/6 3 3,Z,0.5,8,SLEEP,Z,0.05825788,0.2446851
7/2/6/5/6/7/7/6/5 3 3,X,0.5,8,SLEEP,Z,0.1043622,0.2420365
7/2/6/5/6/7/7/6/3 3 3,X,0.6,8,SLEEP,Z,0.06210261,0.1860629
7/2/6/5/6/7/7/5/6 3 3,X,0.4,2,SLEEP,Z,0.001098456,0.003563484
7/2/6/5/6/7/7/5/5 3 3,X,0.5,2,SLEEP,Z,0.02073031,0.07882566
7/2/6/5/6/7/7/5/3 3 3,X,0.6,4,SLEEP,Z,0.06556322,0.2273109
7/2/6/5/6/7/7/3/6 3 3,Z,-0.5,2,SLEEP,Z,0,0
7/2/6/5/6/7/7/3/5 3 3,X,0.5,4,SLEEP,Z,0.02948038,0.1118826
7/2/6/5/6/7/7/3/3 3 3,X,0.6,22,SLEEP,Z,0.08314431,0.2465284
7/2/6/5/6/7/7/7/4 3 3,X,0.4,4,SLEEP,Z,0.06798241,0.3530423
7/2/6/5/6/7/7/7/2 3 3,X,0.5,2,SLEEP,Z,0.02012036,0.07739898
7/2/6/5/6/7/7/7/1 3 3,X,0.6,4,SLEEP,Z,0.04560497,0.1514618
7/2/6/5/5/2/7/7/7 3 3,X,0.5,2,SLEEP,Z,0.05340633,0.08331954
7/2/6/5/5/6/6/7/7 3 3,Z,0.5,8,SLEEP,Z,0.1055061,0.3736805
7/2/6/5/5/6/5/7/7 3 3,X,0.5,4,SLEEP,Z,0.04042589,0.1327737
7/2/6/5/5/6/3/7/7 3 3,X,0.5714285714285714285714285714,6,SLEEP,Z,0.05883428,0.2339025
7/2/6/5/5/6/7/6/7 3 3,X,0.5,8,SLEEP,Z,0.09214671,0.2877201
7/2/6/5/5/6/7/5/7 3 3,X,0.5,6,SLEEP,Z,0.06308022,0.2228948
7/2/6/5/5/6/7/3/7 3 3,Z,0.625,4,SLEEP,Z,0.0328614,0.1316664
7/2/6/5/5/6/7/7/6 3 3,Z,0.5,10,SLEEP,Z,0.05159166,0.1912732
7/2/6/5/5/6/7/7/5 3 3,X,0.5,6,SLEEP,Z,0.04462849,0.1784632
7/2/6/5/5/6/7/7/3 3 3,X,0.5714285714285714285714285714,8,SLEEP,Z,0.04798606,0.1736726
7/2/6/5/5/5/6/7/7 3 3,X,0.5,2,SLEEP,Z,0.02861724,0.07446217
7/2/6/5/5/5/5/7/7 3 3,X,0.5,2,SLEEP,Z,0,0
7/2/6/5/5/5/3/7/7 3 3,X,0.5714285714285714285714285714,8,SLEEP,Z,0.0383673,0.1430863
7/2/6/5/5/5/7/6/7 3 3,X,0.5,8,SLEEP,Z,0.04822969,0.1570076
7/2/6/5/5/5/7/5/7 3 3,X,0.5,6,SLEEP,Z,0.09256504,0.2390777
7/2/6/5/5/5/7/3/7 3 3,X,0.5,4,SLEEP,Z,0.03497545,0.1331038
7/2/6/5/5/5/7/7/6 3 3,X,0.4285714285714285714285714286,2,SLEEP,Z,0,0
7/2/6/5/5/5/7/7/5 3 3,X,0.5,4,SLEEP,Z,0.03524287,0.1456573
7/2/6/5/5/5/7/7/3 3 3,X,0.5714285714285714285714285714,2,SLEEP,Z,0.05619116,0.2193555
7/2/6/5/5/3/6/7/7 3 3,Z,-0.5,6,SLEEP,Z,0.03447362,0.1177384
7/2/6/5/5/3/5/7/7 3 3,X,0.5,8,SLEEP,Z,0.1016337,0.2426028
7/2/6/5/5/3/3/7/7 3 3,X,0.5714285714285714285714285714,10,SLEEP,Z,0.1564194,0.3619426
7/2/6/5/5/3/7/6/7 3 3,Z,-0.625,6,SLEEP,Z,0.04169116,0.1636867
7/2/6/5/5/3/7/5/7 3 3,X,0.5,4,SLEEP,Z,0.0306584,0.1306828
7/2/6/5/5/3/7/3/7 3 3,X,0.5,10,SLEEP,Z,0.06449539,0.26949
7/2/6/5/5/3/7/7/6 3 3,Z,-0.5,4,SLEEP,Z,0.03161741,0.08162326
7/2/6/5/5/3/7/7/5 3 3,X,0.5,6,SLEEP,Z,0.03538192,0.1252393
7/2/6/5/5/3/7/7/3 3 3,X,0.5714285714285714285714285714,6,SLEEP,Z,0.1115855,0.4027236
7/2/6/5/5/7/2/7/7 3 3,X,0.5,2,SLEEP,Z,0.02846931,0.08452888
7/2/6/5/5/7/6/6/7 3 3,X,0.5,4,SLEEP,Z,0.05216597,0.1397946
7/2/6/5/5/7/6/5/7 3 3,X,0.5,4,SLEEP,Z,0.1052609,0.1643337
7/2/6/5/5/7/6/3/7 3 3,X,0.5,4,SLEEP,Z,0.01968298,0.08481894
7/2/6/5/5/7/6/7/6 3 3,X,0.3571428571428571428571428571,2,SLEEP,Z,0.01735006,0.0698557
7/2/6/5/5/7/6/7/5 3 3,X,0.5,2,SLEEP,Z,0.02260543,0.07844292
7/2/6/5/5/7/6/7/3 3 3,X,0.7,4,SLEEP,Z,0.124074,0.4021823
7/2/6/5/5/7/5/6/7 3 3,X,0.5,4,SLEEP,Z,0.03038091,0.1307409
7/2/6/5/5/7/5/5/7 3 3,X,0.5,6,SLEEP,Z,0.06794745,0.2029142
7/2/6/5/5/7/5/3/7 3 3,X,0.5,6,SLEEP,Z,0.03156056,0.1228223
7/2/6/5/5/7/5/7/6 3 3,X,0.4285714285714285714285714286,4,SLEEP,Z,0.03871291,0.1073266
7/2/6/5/5/7/5/7/5 3 3,X,0.5,4,SLEEP,Z,0.05347352,0.1737761
7/2/6/5/5/7/5/7/3 3 3,X,0.5714285714285714285714285714,12,SLEEP,Z,0.0545362,0.2216011
7/2/6/5/5/7/3/6/7 3 3,X,0.5714285714285714285714285714,8,SLEEP,Z,0.03458374,0.130844
7/2/6/5/5/7/3/5/7 3 3,X,0.5714285714285714285714285714,4,SLEEP,Z,0.04021401,0.1499522
7/2/6/5/5/7/3/3/7 3 3,X,0.5714285714285714285714285714,8,SLEEP,Z,0.05111581,0.1868842
7/2/6/5/5/7/3/7/6 3 3,X,-0.7,4,SLEEP,Z,0.04011504,0.1539224
7/2/6/5/5/7/3/7/5 3 3,X,0.5714285714285714285714285714,4,SLEEP,Z,0.06025543,0.2199297
7/2/6/5/5/7/3/7/3 3 3,X,0.6428571428571428571428571429,8,SLEEP,Z,0.1102159,0.3435464
7/2/6/5/5/7/7/2/7 3 3,X,0.5,2,SLEEP,Z,0.03132641,0.3977303
7/2/6/5/5/7/7/6/6 3 3,Z,0.5,8,SLEEP,Z,0.07903086,0.304852
7/2/6/5/5/7/7/6/5 3 3,X,0.5,6,SLEEP,Z,0.04133462,0.1535057
7/2/6/5/5/7/7/6/3 3 3,X,0.5714285714285714285714285714,6,SLEEP,Z,0.03188707,0.1393687
7/2/6/5/5/7/7/5/6 3 3,X,0.4285714285714285714285714286,2,SLEEP,Z,0,0
7/2/6/5/5/7/7/5/5 3 3,X,0.5,2,SLEEP,Z,0.03346428,0.1302448
7/2/6/5/5/7/7/5/3 3 3,X,0.5714285714285714285714285714,6,SLEEP,Z,0.09485663,0.284385
7/2/6/5/5/7/7/3/6 3 3,Z,-0.5,6,SLEEP,Z,0.0438869,0.1879683
7/2/6/5/5/7/7/3/5 3 3,X,0.5,8,SLEEP,Z,0.103904,0.3687077
7/2/6/5/5/7/7/3/3 3 3,X,0.5714285714285714285714285714,6,SLEEP,Z,0.04329825,0.1706879
7/2/6/5/5/7/7/7/4 3 3,X,0.4285714285714285714285714286,2,SLEEP,Z,0.02781168,0.325715
7/2/6/5/5/7/7/7/2 3 3,X,0.5,4,SLEEP,Z,0.04436134,0.1820048
7/2/6/5/5/7/7/7/1 3 3,X,0.5714285714285714285714285714,4,SLEEP,Z,0.05772364,0.1797929
7/2/6/5/3/2/7/7/7 3 3,X,0.5714285714285714285714285714,6,SLEEP,Z,0.03777344,0.1583293
7/2/6/5/3/6/6/7/7 3 3,X,-0.60,6,SLEEP,Z,0.02730277,0.1075923
7/2/6/5/3/6/5/7/7 3 3,X,0.5714285714285714285714285714,2,SLEEP,Z,0.03015575,0.08765626
7/2/6/5/3/6/3/7/7 3 3,X,0.6428571428571428571428571429,10,SLEEP,Z,0.04600081,0.1683631
7/2/6/5/3/6/7/6/7 3 3,X,0.5714285714285714285714285714,4,SLEEP,Z,0.04336422,0.1774997
7/2/6/5/3/6/7/5/7 3 3,X,0.5714285714285714285714285714,4,SLEEP,Z,0.07198326,0.2830763
7/2/6/5/3/6/7/3/7 3 3,Z,0.625,4,SLEEP,Z,0.03931181,0.1462206
7/2/6/5/3/6/7/7/6 3 3,X,-0.60,2,SLEEP,Z,0.01370123,0.05508246
7/2/6/5/3/6/7/7/5 3 3,X,0.5714285714285714285714285714,8,SLEEP,Z,0.02831691,0.1118632
7/2/6/5/3/6/7/7/3 3 3,X,0.6428571428571428571428571429,8,SLEEP,Z,0.1230333,0.4351003
7/2/6/5/3/5/6/7/7 3 3,X,-0.60,2,SLEEP,Z,0.04247298,0.1026084
7/2/6/5/3/5/5/7/7 3 3,X,0.5714285714285714285714285714,4,SLEEP,Z,0.06827898,0.2289841
7/2/6/5/3/5/3/7/7 3 3,X,0.6428571428571428571428571429,6,SLEEP,Z,0.1152857,0.3172341
7/2/6/5/3/5/7/6/7 3 3,X,0.5714285714285714285714285714,6,SLEEP,Z,0.04451861,0.1443357
7/2/6/5/3/5/7/5/7 3 3,X,0.5714285714285714285714285714,2,SLEEP,Z,0.03315797,0.08056285
7/2/6/5/3/5/7/3/7 3 3,X,0.5714285714285714285714285714,8,SLEEP,Z,0.04742108,0.1675892
7/2/6/5/3/5/7/7/6 3 3,X,-0.60,2,SLEEP,Z,0.02659415,0.1023415
7/2/6/5/3/5/7/7/5 3 3,X,0.5714285714285714285714285714,2,SLEEP,Z,0.05714075,0.2380438
7/2/6/5/3/5/7/7/3 3 3,X,0.6428571428571428571428571429,2,SLEEP,Z,0.0293156,0.1106526
7/2/6/5/3/3/6/7/7 3 3,X,-0.60,2,SLEEP,Z,0.01817329,0.06234805
7/2/6/5/3/3/5/7/7 3 3,X,0.5714285714285714285714285714,8,SLEEP,Z,0.06083254,0.1836814
7/2/6/5/3/3/3/7/7 3 3,X,0.6428571428571428571428571429,8,SLEEP,Z,0.0851112,0.2443004
7/2/6/5/3/3/7/6/7 3 3,Z,-0.625,4,SLEEP,Z,0.08747023,0.3175852
7/2/6/5/3/3/7/5/7 3 3,X,0.5714285714285714285714285714,8,SLEEP,Z,0.03700894,0.1020806
7/2/6/5/3/3/7/3/7 3 3,X,0.5714285714285714285714285714,6,SLEEP,Z,0.03805652,0.1554768
7/2/6/5/3/3/7/7/6 3 3,X,-0.60,6,SLEEP,Z,0.04258084,0.07940623
7/2/6/5/3/3/7/7/5 3 3,X,0.5714285714285714285714285714,8,SLEEP,Z,0.04381606,0.175809
7/2/6/5/3/3/7/7/3 3 3,X,0.6428571428571428571428571429,8,SLEEP,Z,0.05299693,0.1933267
7/2/6/5/3/7/2/7/7 3 3,X,0.5714285714285714285714285714,4,SLEEP,Z,0.02073169,0.076285
7/2/6/5/3/7/6/6/7 3 3,X,-0.6,2,SLEEP,Z,0,0
7/2/6/5/3/7/6/5/7 3 3,X,-0.6,2,SLEEP,Z,0.009521221,0.04383103
7/2/6/5/3/7/6/3/7 3 3,X,-0.6,4,SLEEP,Z,0.04738878,0.1795757
7/2/6/5/3/7/6/7/6 3 3,X,-0.7,2,SLEEP,Z,0.06224293,0.4522992
7/2/6/5/3/7/6/7/5 3 3,X,-0.6,2,SLEEP,Z,0.02434617,0.08665837
7/2/6/5/3/7/6/7/3 3 3,X,0.7,6,SLEEP,Z,0.0922072,0.4268046
7/2/6/5/3/7/5/6/7 3 3,X,0.5714285714285714285714285714,6,SLEEP,Z,0.07216754,0.2373903
7/2/6/5/3/7/5/5/7 3 3,X,0.5714285714285714285714285714,4,SLEEP,Z,0.04668074,0.1536263
7/2/6/5/3/7/5/3/7 3 3,X,0.5714285714285714285714285714,10,SLEEP,Z,0.0570793,0.2091649
7/2/6/5/3/7/5/7/6 3 3,X,-0.6,4,SLEEP,Z,0.037031,0.09174717
7/2/6/5/3/7/5/7/5 3 3,X,0.5714285714285714285714285714,2,SLEEP,Z,0.005407977,0.02236325
7/2/6/5/3/7/5/7/3 3 3,X,0.6428571428571428571428571429,4,SLEEP,Z,0.05878237,0.2116479
7/2/6/5/3/7/3/6/7 3 3,X,0.6428571428571428571428571429,8,SLEEP,Z,0.1057062,0.3121704
7/2/6/5/3/7/3/5/7 3 3,X,0.6428571428571428571428571429,4,SLEEP,Z,0.06611992,0.2360124
7/2/6/5/3/7/3/3/7 3 3,X,0.6428571428571428571428571429,10,SLEEP,Z,0.1285885,0.4805551
7/2/6/5/3/7/3/7/6 3 3,X,-0.7,2,SLEEP,Z,0.01784284,0.04580309
7/2/6/5/3/7/3/7/5 3 3,X,0.6428571428571428571428571429,10,SLEEP,Z,0.05383509,0.2307934
7/2/6/5/3/7/3/7/3 3 3,X,0.7142857142857142857142857143,12,SLEEP,Z,0.101988,0.3672484
7/2/6/5/3/7/7/2/7 3 3,X,0.5714285714285714285714285714,6,SLEEP,Z,0.1056765,0.3741268
7/2/6/5/3/7/7/6/6 3 3,X,-0.6,4,SLEEP,Z,0.03054613,0.1294942
7/2/6/5/3/7/7/6/5 3 3,X,0.5714285714285714285714285714,6,SLEEP,Z,0.03478928,0.1279777
7/2/6/5/3/7/7/6/3 3 3,X,0.6428571428571428571428571429,10,SLEEP,Z,0.0372345,0.1396621
7/2/6/5/3/7/7/5/6 3 3,X,-0.6,4,SLEEP,Z,0.01520648,0.05431581
7/2/6/5/3/7/7/5/5 3 3,X,0.5714285714285714285714285714,4,SLEEP,Z,0.02194848,0.08410321
7/2/6/5/3/7/7/5/3 3 3,X,0.6428571428571428571428571429,4,SLEEP,Z,0.06369361,0.2493363
7/2/6/5/3/7/7/3/6 3 3,X,-0.6,10,SLEEP,Z,0.09728286,0.3164327
7/2/6/5/3/7/7/3/5 3 3,X,0.5714285714285714285714285714,6,SLEEP,Z,0.0302922,0.1153002
7/2/6/5/3/7/7/3/3 3 3,X,0.6428571428571428571428571429,6,SLEEP,Z,0.04504266,0.1686179
7/2/6/5/3/7/7/7/4 3 3,X,-0.6,2,SLEEP,Z,0.09155033,0.381482
7/2/6/5/3/7/7/7/2 3 3,X,0.5714285714285714285714285714,4,SLEEP,Z,0.04460933,0.1625465
7/2/6/5/3/7/7/7/1 3 3,X,0.6428571428571428571428571429,2,SLEEP,Z,0.0384636,0.1251747
7/2/6/5/7/2/6/7/7 3 3,X,0.5,4,SLEEP,Z,0.03152275,0.1272865
7/2/6/5/7/2/5/7/7 3 3,X,0.5,6,SLEEP,Z,0.06593608,0.2048157
7/2/6/5/7/2/3/7/7 3 3,X,0.5714285714285714285714285714,6,SLEEP,Z,0.09110969,0.3353333
7/2/6/5/7/2/7/6/7 3 3,X,0.5,6,SLEEP,Z,0.05186952,0.1608308
7/2/6/5/7/2/7/5/7 3 3,X,0.5,2,SLEEP,Z,0.0378032,0.204127
7/2/6/5/7/2/7/3/7 3 3,X,0.5,8,SLEEP,Z,0.08474979,0.3693657
7/2/6/5/7/2/7/7/6 3 3,X,0.4285714285714285714285714286,6,SLEEP,Z,0.05003982,0.1888767
7/2/6/5/7/2/7/7/5 3 3,X,0.5,2,SLEEP,Z,0.04286898,0.1364411
7/2/6/5/7/2/7/7/3 3 3,X,0.5714285714285714285714285714,4,SLEEP,Z,0.03480672,0.1423085
7/2/6/5/7/6/2/7/7 3 3,X,0.5,4,SLEEP,Z,0.03217125,0.09352346
7/2/6/5/7/6/6/5/7 3 3,Z,0.5,2,SLEEP,Z,0,0
7/2/6/5/7/6/6/3/7 3 3,Z,0.6428571428571428571428571429,2,SLEEP,Z,0.02185994,0.09778724
7/2/6/5/7/6/6/7/6 3 3,Z,0.5,4,SLEEP,Z,0.01750169,0.0762829
7/2/6/5/7/6/6/7/5 3 3,Z,0.5,6,SLEEP,Z,0.08048426,0.3073238
7/2/6/5/7/6/6/7/3 3 3,X,0.7,8,SLEEP,Z,0.0707312,0.2569096
7/2/6/5/7/6/5/6/7 3 3,X,0.5,6,SLEEP,Z,0.06925564,0.2001814
7/2/6/5/7/6/5/5/7 3 3,X,0.5,8,SLEEP,Z,0.08939538,0.2751026
7/2/6/5/7/6/5/3/7 3 3,Z,0.6428571428571428571428571429,6,SLEEP,Z,0.07353776,0.2005668
7/2/6/5/7/6/5/7/6 3 3,Z,0.5,4,SLEEP,Z,0.02943639,0.1194641
7/2/6/5/7/6/5/7/5 3 3,X,0.5,4,SLEEP,Z,0.01934957,0.08166537
7/2/6/5/7/6/5/7/3 3 3,X,0.5714285714285714285714285714,4,SLEEP,Z,0.03928697,0.1474352
7/2/6/5/7/6/3/6/7 3 3,X,0.5714285714285714285714285714,8,SLEEP,Z,0.0925118,0.3304797
7/2/6/5/7/6/3/5/7 3 3,X,0.5714285714285714285714285714,8,SLEEP,Z,0.06504734,0.1673411
7/2/6/5/7/6/3/3/7 3 3,Z,0.6428571428571428571428571429,6,SLEEP,Z,0.07059447,0.1612125
7/2/6/5/7/6/3/7/6 3 3,X,-0.7,6,SLEEP,Z,0.03972856,0.1642547
7/2/6/5/7/6/3/7/5 3 3,X,0.5714285714285714285714285714,8,SLEEP,Z,0.06139642,0.2233162
7/2/6/5/7/6/3/7/3 3 3,X,0.6428571428571428571428571428,10,SLEEP,Z,0.08718941,0.3099195
7/2/6/5/7/6/6/6/7 3 3,X,0.5,10,SLEEP,Z,0.07857739,0.2979958
7/2/6/5/7/6/7/2/7 3 3,X,0.5,6,SLEEP,Z,0.03918941,0.1355698
7/2/6/5/7/6/7/6/6 3 3,Z,0.5,4,SLEEP,Z,0.04504548,0.1919944
7/2/6/5/7/6/7/6/5 3 3,X,0.5,8,SLEEP,Z,0.06278295,0.2134833
7/2/6/5/7/6/7/6/3 3 3,X,0.5714285714285714285714285714,8,SLEEP,Z,0.05694089,0.2299329
7/2/6/5/7/6/7/5/6 3 3,Z,0.5,4,SLEEP,Z,0.04826174,0.1911151
7/2/6/5/7/6/7/5/5 3 3,X,0.5,4,SLEEP,Z,0.03476794,0.1368694
7/2/6/5/7/6/7/5/3 3 3,X,0.5714285714285714285714285714,8,SLEEP,Z,0.04237049,0.1554382
7/2/6/5/7/6/7/3/6 3 3,Z,0.6428571428571428571428571429,2,SLEEP,Z,0.01927503,0.07835195
7/2/6/5/7/6/7/3/5 3 3,Z,0.6428571428571428571428571429,2,SLEEP,Z,0.01800302,0.06451239
7/2/6/5/7/6/7/3/3 3 3,Z,0.6428571428571428571428571429,4,SLEEP,Z,0.05409174,0.2160159
7/2/6/5/7/6/7/7/4 3 3,Z,0.5,6,SLEEP,Z,0.02837618,0.1020125
7/2/6/5/7/6/7/7/2 3 3,X,0.5,8,SLEEP,Z,0.04572419,0.1789033
7/2/6/5/7/6/7/7/1 3 3,X,0.5714285714285714285714285714,6,SLEEP,Z,0.03590758,0.1315235
7/2/6/5/7/5/2/7/7 3 3,X,0.5,4,SLEEP,Z,0.07631797,0.3774178
7/2/6/5/7/5/6/6/7 3 3,X,0.5,50,SLEEP,Z,0.05391218,0.2099444
7/2/6/5/7/5/6/5/7 3 3,X,0.5,2,SLEEP,Z,0.01665183,0.06130286
7/2/6/5/7/5/6/3/7 3 3,X,0.5,4,SLEEP,Z,0.01871561,0.07759546
7/2/6/5/7/5/6/7/6 3 3,X,0.3571428571428571428571428572,2,SLEEP,Z,0.01209848,0.05285468
7/2/6/5/7/5/6/7/5 3 3,X,0.5,4,SLEEP,Z,0.06629051,0.1431268
7/2/6/5/7/5/6/7/3 3 3,X,0.7,4,SLEEP,Z,0.05174066,0.1169977
7/2/6/5/7/5/5/6/7 3 3,X,0.5,4,SLEEP,Z,0.08546763,0.3842274
7/2/6/5/7/5/5/5/7 3 3,X,0.5,4,SLEEP,Z,0.03688503,0.1522667
7/2/6/5/7/5/5/3/7 3 3,X,0.5,6,SLEEP,Z,0.03446788,0.134576
7/2/6/5/7/5/5/7/6 3 3,X,0.4285714285714285714285714286,2,SLEEP,Z,0.02047144,0.07582671
7/2/6/5/7/5/5/7/5 3 3,X,0.5,6,SLEEP,Z,0.03836839,0.155236
7/2/6/5/7/5/5/7/3 3 3,X,0.5714285714285714285714285714,8,SLEEP,Z,0.06429316,0.2137088
7/2/6/5/7/5/3/6/7 3 3,X,0.5714285714285714285714285714,6,SLEEP,Z,0.03209816,0.137792
7/2/6/5/7/5/3/5/7 3 3,X,0.5714285714285714285714285714,6,SLEEP,Z,0.07794105,0.2467588
7/2/6/5/7/5/3/3/7 3 3,X,0.5714285714285714285714285714,12,SLEEP,Z,0.04688716,0.1933578
7/2/6/5/7/5/3/7/6 3 3,X,-0.7,8,SLEEP,Z,0.1543922,0.4779248
7/2/6/5/7/5/3/7/5 3 3,X,0.5714285714285714285714285714,2,SLEEP,Z,0.03351011,0.1292831
7/2/6/5/7/5/3/7/3 3 3,X,0.6428571428571428571428571428,8,SLEEP,Z,0.1316863,0.3541701
7/2/6/5/7/5/7/2/7 3 3,X,0.5,6,SLEEP,Z,0.05964198,0.2286271
7/2/6/5/7/5/7/6/6 3 3,Z,0.5,4,SLEEP,Z,0.02565084,0.1148879
7/2/6/5/7/5/7/6/5 3 3,X,0.5,4,SLEEP,Z,0.03061106,0.134392
7/2/6/5/7/5/7/6/3 3 3,X,0.5714285714285714285714285714,8,SLEEP,Z,0.0641855,0.2511252
7/2/6/5/7/5/7/5/6 3 3,X,0.4285714285714285714285714286,4,SLEEP,Z,0.06533779,0.2717644
7/2/6/5/7/5/7/5/5 3 3,X,0.5,4,SLEEP,Z,0.08233147,0.226417
7/2/6/5/7/5/7/5/3 3 3,X,0.5714285714285714285714285714,6,SLEEP,Z,0.0406415,0.1570586
7/2/6/5/7/5/7/3/6 3 3,Z,-0.5,2,SLEEP,Z,0.01973325,0.08331507
7/2/6/5/7/5/7/3/5 3 3,X,0.5,8,SLEEP,Z,0.04543726,0.14357
7/2/6/5/7/5/7/3/3 3 3,X,0.5714285714285714285714285714,8,SLEEP,Z,0.04326391,0.1683029
7/2/6/5/7/5/7/7/4 3 3,X,0.4285714285714285714285714286,4,SLEEP,Z,0.02871799,0.1072149
7/2/6/5/7/5/7/7/2 3 3,X,0.5,4,SLEEP,Z,0.04579822,0.2003573
7/2/6/5/7/5/7/7/1 3 3,X,0.5714285714285714285714285714,8,SLEEP,Z,0.04538807,0.1765616
7/2/6/5/7/3/2/7/7 3 3,X,0.5,2,SLEEP,Z,0.0289111,0.1008931
7/2/6/5/7/3/6/6/7 3 3,Z,-0.6428571428571428571428571429,2,SLEEP,Z,0.019401,0.0589551
7/2/6/5/7/3/6/5/7 3 3,Z,-0.5,2,SLEEP,Z,0.01854833,0.07643101
7/2/6/5/7/3/6/3/7 3 3,X,0.5,6,SLEEP,Z,0.08042842,0.362787
7/2/6/5/7/3/6/7/6 3 3,Z,-0.5,2,SLEEP,Z,0.01733972,0.03872082
7/2/6/5/7/3/6/7/5 3 3,Z,-0.5,2,SLEEP,Z,0,0
7/2/6/5/7/3/6/7/3 3 3,X,0.7,6,SLEEP,Z,0.02649749,0.08862194
7/2/6/5/7/3/5/6/7 3 3,Z,-0.6428571428571428571428571429,4,SLEEP,Z,0.03229279,0.1185669
7/2/6/5/7/3/5/5/7 3 3,X,0.5,8,SLEEP,Z,0.0553817,0.1570604
7/2/6/5/7/3/5/3/7 3 3,X,0.5,6,SLEEP,Z,0.03470456,0.1113757
7/2/6/5/7/3/5/7/6 3 3,Z,-0.5,4,SLEEP,Z,0.03642911,0.170755
7/2/6/5/7/3/5/7/5 3 3,X,0.5,8,SLEEP,Z,0.08605358,0.2019885
7/2/6/5/7/3/5/7/3 3 3,X,0.5714285714285714285714285714,10,SLEEP,Z,0.06410915,0.253334
7/2/6/5/7/3/3/6/7 3 3,Z,-0.6428571428571428571428571429,6,SLEEP,Z,0.05969739,0.193856
7/2/6/5/7/3/3/5/7 3 3,X,0.5714285714285714285714285714,8,SLEEP,Z,0.1359959,0.3755884
7/2/6/5/7/3/3/3/7 3 3,X,0.5714285714285714285714285714,10,SLEEP,Z,0.08343738,0.2636369
7/2/6/5/7/3/3/7/6 3 3,X,-0.7,6,SLEEP,Z,0.03519582,0.1349363
7/2/6/5/7/3/3/7/5 3 3,X,0.5714285714285714285714285714,6,SLEEP,Z,0.03881432,0.1336764
7/2/6/5/7/3/3/7/3 3 3,X,0.6428571428571428571428571428,10,SLEEP,Z,0.08781128,0.2968088
7/2/6/5/7/3/7/2/7 3 3,X,0.5,4,SLEEP,Z,0.0349123,0.09004511
7/2/6/5/7/3/7/6/6 3 3,Z,-0.6428571428571428571428571429,2,SLEEP,Z,0.05884389,0.08906623
7/2/6/5/7/3/7/6/5 3 3,Z,-0.6428571428571428571428571429,6,SLEEP,Z,0.06615452,0.2499973
7/2/6/5/7/3/7/6/3 3 3,Z,-0.6428571428571428571428571429,6,SLEEP,Z,0.07611313,0.1949869
7/2/6/5/7/3/7/5/6 3 3,Z,-0.5,2,SLEEP,Z,0.01414367,0.06679378
7/2/6/5/7/3/7/5/5 3 3,X,0.5,8,SLEEP,Z,0.06149788,0.240128
7/2/6/5/7/3/7/5/3 3 3,X,0.5714285714285714285714285714,6,SLEEP,Z,0.05739484,0.1945061
7/2/6/5/7/3/7/3/6 3 3,Z,-0.5,6,SLEEP,Z,0.0691245,0.216668
7/2/6/5/7/3/7/3/5 3 3,X,0.5,6,SLEEP,Z,0.02587321,0.1058735
7/2/6/5/7/3/7/3/3 3 3,X,0.5714285714285714285714285714,8,SLEEP,Z,0.03829476,0.1619602
7/2/6/5/7/3/7/7/4 3 3,Z,-0.5,4,SLEEP,Z,0.0297987,0.1152453
7/2/6/5/7/3/7/7/2 3 3,X,0.5,4,SLEEP,Z,0.028495,0.1095524
7/2/6/5/7/3/7/7/1 3 3,X,0.5714285714285714285714285714,10,SLEEP,Z,0.1115171,0.3743409
7/2/6/5/7/7/2/6/7 3 3,X,0.5,6,SLEEP,Z,0.04191337,0.1269117
7/2/6/5/7/7/2/5/7 3 3,X,0.5,4,SLEEP,Z,0.0704523,0.4131209
7/2/6/5/7/7/2/3/7 3 3,X,0.5,6,SLEEP,Z,0.0553922,0.1590312
7/2/6/5/7/7/2/7/6 3 3,X,0.4285714285714285714285714286,2,SLEEP,Z,0.02131412,0.08323555
7/2/6/5/7/7/2/7/5 3 3,X,0.5,4,SLEEP,Z,0.04931539,0.4014133
7/2/6/5/7/7/2/7/3 3 3,X,0.5714285714285714285714285714,4,SLEEP,Z,0.04393707,0.1652139
7/2/6/5/7/7/6/2/7 3 3,X,0.5,4,SLEEP,Z,0.03548225,0.1228088
7/2/6/5/7/7/6/6/6 3 3,Z,0.5,4,SLEEP,Z,0.03483682,0.1472092
7/2/6/5/7/7/6/6/5 3 3,X,0.5,2,SLEEP,Z,0.02320967,0.1012557
7/2/6/5/7/7/6/6/3 3 3,X,0.75,6,SLEEP,Z,0.124171,0.2875438
7/2/6/5/7/7/6/5/6 3 3,X,0.3571428571428571428571428572,2,SLEEP,Z,0.01343529,0.05741258
7/2/6/5/7/7/6/5/5 3 3,X,0.5,6,SLEEP,Z,0.03506295,0.1261715
7/2/6/5/7/7/6/5/3 3 3,X,0.75,8,SLEEP,Z,0.1166898,0.3311529
7/2/6/5/7/7/6/3/6 3 3,Z,-0.5,6,SLEEP,Z,0.02123065,0.08690918
7/2/6/5/7/7/6/3/5 3 3,X,0.5,6,SLEEP,Z,0.03219768,0.1225359
7/2/6/5/7/7/6/3/3 3 3,X,0.75,6,SLEEP,Z,0.04697243,0.1664783
7/2/6/5/7/7/6/7/4 3 3,X,0.3571428571428571428571428572,2,SLEEP,Z,0.006547629,0.02289834
7/2/6/5/7/7/6/7/2 3 3,X,0.5,4,SLEEP,Z,0.01800439,0.07560246
7/2/6/5/7/7/6/7/1 3 3,X,0.75,6,SLEEP,Z,0.04278263,0.1492543
7/2/6/5/7/7/5/2/7 3 3,X,0.5,6,SLEEP,Z,0.04995278,0.1770698
7/2/6/5/7/7/5/6/6 3 3,Z,0.5,6,SLEEP,Z,0.03039313,0.106237
7/2/6/5/7/7/5/6/5 3 3,X,0.5,8,SLEEP,Z,0.04189773,0.1712517
7/2/6/5/7/7/5/6/3 3 3,X,0.5714285714285714285714285714,8,SLEEP,Z,0.02997769,0.1152557
7/2/6/5/7/7/5/5/6 3 3,X,0.4285714285714285714285714286,4,SLEEP,Z,0.02916153,0.1181151
7/2/6/5/7/7/5/5/5 3 3,X,0.5,2,SLEEP,Z,0.01321554,0.05046114
7/2/6/5/7/7/5/5/3 3 3,X,0.5714285714285714285714285714,4,SLEEP,Z,0.05858759,0.1972522
7/2/6/5/7/7/5/3/6 3 3,Z,-0.5,4,SLEEP,Z,0.03568583,0.1357342
7/2/6/5/7/7/5/3/5 3 3,X,0.5,4,SLEEP,Z,0.04661375,0.1514238
7/2/6/5/7/7/5/3/3 3 3,X,0.5714285714285714285714285714,8,SLEEP,Z,0.08352012,0.2779272
7/2/6/5/7/7/5/7/4 3 3,X,0.4285714285714285714285714286,2,SLEEP,Z,0.01819194,0.06350321
7/2/6/5/7/7/5/7/2 3 3,X,0.5,4,SLEEP,Z,0.02226776,0.08461758
7/2/6/5/7/7/5/7/1 3 3,X,0.5714285714285714285714285714,4,SLEEP,Z,0.04049136,0.1603118
7/2/6/5/7/7/3/2/7 3 3,X,0.5714285714285714285714285714,4,SLEEP,Z,0.04882641,0.2071997
7/2/6/5/7/7/3/6/6 3 3,X,-0.75,4,SLEEP,Z,0.1042281,0.4210182
7/2/6/5/7/7/3/6/5 3 3,X,0.5714285714285714285714285714,6,SLEEP,Z,0.0626995,0.2364624
7/2/6/5/7/7/3/6/3 3 3,X,0.6428571428571428571428571428,6,SLEEP,Z,0.05648762,0.2069476
7/2/6/5/7/7/3/5/6 3 3,X,-0.75,4,SLEEP,Z,0.05214045,0.1341158
7/2/6/5/7/7/3/5/5 3 3,X,0.5714285714285714285714285714,4,SLEEP,Z,0.03927488,0.1519074
7/2/6/5/7/7/3/5/3 3 3,X,0.6428571428571428571428571428,4,SLEEP,Z,0.04754219,0.1701548
7/2/6/5/7/7/3/3/6 3 3,X,-0.75,4,SLEEP,Z,0.02479802,0.08763682
7/2/6/5/7/7/3/3/5 3 3,X,0.5714285714285714285714285714,8,SLEEP,Z,0.09737452,0.2650757
7/2/6/5/7/7/3/3/3 3 3,X,0.6428571428571428571428571428,10,SLEEP,Z,0.0567099,0.2021646
7/2/6/5/7/7/3/7/4 3 3,X,-0.75,2,SLEEP,Z,0.01967504,0.07885127
7/2/6/5/7/7/3/7/2 3 3,X,0.5714285714285714285714285714,6,SLEEP,Z,0.09986771,0.2915425
7/2/6/5/7/7/3/7/1 3 3,X,0.6428571428571428571428571428,6,SLEEP,Z,0.06112479,0.2435105
7/2/6/5/7/7/7/2/6 3 3,X,0.4285714285714285714285714286,2,SLEEP,Z,0.02960442,0.1240993
7/2/6/5/7/7/7/2/5 3 3,X,0.5,6,SLEEP,Z,0.1034035,0.2616133
7/2/6/5/7/7/7/2/3 3 3,X,0.5714285714285714285714285714,6,SLEEP,Z,0.1173842,0.2970803
7/2/6/5/7/7/7/6/4 3 3,Z,0.5,6,SLEEP,Z,0.04920739,0.2016594
7/2/6/5/7/7/7/6/2 3 3,X,0.5,4,SLEEP,Z,0.02333373,0.1004257
7/2/6/5/7/7/7/6/1 3 3,X,0.5714285714285714285714285714,8,SLEEP,Z,0.1389356,0.4745674
7/2/6/5/7/7/7/5/4 3 3,X,0.4285714285714285714285714286,2,SLEEP,Z,0.02029757,0.07404675
7/2/6/5/7/7/7/5/2 3 3,X,0.5,6,SLEEP,Z,0.09253433,0.2836788
7/2/2/5/7/7/7/5/5 3 3,X,0,2,SLEEP,Z,0.01755838,0.07149838
7/2/6/5/7/7/7/5/1 3 3,X,0.5714285714285714285714285714,4,SLEEP,Z,0.03811266,0.1485179
7/2/6/5/7/7/7/3/4 3 3,Z,-0.5,6,SLEEP,Z,0.03846174,0.1580742
7/2/6/5/7/7/7/3/2 3 3,X,0.5,6,SLEEP,Z,0.09415001,0.3743448
7/2/6/5/7/7/7/3/1 3 3,X,0.5714285714285714285714285714,6,SLEEP,Z,0.03938067,0.1619405
7/2/6/3/2/6/7/7/7 3 3,Z,-0.5833333333333333333333333333,10,SLEEP,Z,0.07453589,0.2066515
7/2/6/3/2/5/7/7/7 3 3,X,0.5,4,SLEEP,Z,0.05025681,0.1721504
7/2/6/3/2/3/7/7/7 3 3,X,0.5,10,SLEEP,Z,0.108454,0.4622113
7/2/6/3/2/7/6/7/7 3 3,Z,-0.5,2,SLEEP,Z,0.01879892,0.05643662
7/2/6/3/2/7/5/7/7 3 3,X,0.5,8,SLEEP,Z,0.1025279,0.2724093
7/2/6/3/2/7/3/7/7 3 3,X,0.5714285714285714285714285714,12,SLEEP,Z,0.07672266,0.2464467
7/2/6/3/2/7/7/6/7 3 3,Z,-0.5833333333333333333333333333,10,SLEEP,Z,0.1224294,0.2675202
7/2/6/3/2/7/7/5/7 3 3,X,0.5,6,SLEEP,Z,0.025449,0.08450215
7/2/6/3/2/7/7/3/7 3 3,X,0.5,4,SLEEP,Z,0.02744113,0.08891263
7/2/6/3/2/7/7/7/6 3 3,Z,-0.5,2,SLEEP,Z,0.004691372,0.01451167
7/2/6/3/2/7/7/7/5 3 3,X,0.5,6,SLEEP,Z,0.03841416,0.1326694
7/2/6/3/2/7/7/7/3 3 3,X,0.5714285714285714285714285714,12,SLEEP,Z,0.08132398,0.2513312
7/2/6/3/6/2/7/7/7 3 3,Z,-0.5,4,SLEEP,Z,0.06921355,0.2161276
7/2/6/3/6/6/6/7/7 3 3,Z,-0.5833333333333333333333333333,4,SLEEP,Z,0.06853068,0.2120063
7/2/6/3/6/6/5/7/7 3 3,Z,-0.5833333333333333333333333333,10,SLEEP,Z,0.05832168,0.2291365
7/2/6/3/6/6/3/7/7 3 3,X,0.60,18,SLEEP,Z,0.06977822,0.2420606
7/2/6/3/6/6/7/6/7 3 3,Z,-0.6666666666666666666666666667,8,SLEEP,Z,0.09018171,0.2725336
7/2/6/3/6/6/7/5/7 3 3,Z,-0.5833333333333333333333333333,6,SLEEP,Z,0.04274002,0.1151675
7/2/6/3/6/6/7/3/7 3 3,Z,0.625,6,SLEEP,Z,0.04075997,0.1557659
7/2/6/3/6/6/7/7/6 3 3,Z,-0.5833333333333333333333333333,4,SLEEP,Z,0.05724853,0.1453968
7/2/6/3/6/6/7/7/5 3 3,Z,-0.5833333333333333333333333333,12,SLEEP,Z,0.07463158,0.2748357
7/2/6/3/6/6/7/7/3 3 3,X,0.60,8,SLEEP,Z,0.08062435,0.2761596
7/2/6/3/6/5/6/7/7 3 3,Z,-0.5,2,SLEEP,Z,0.01710635,0.06065033
7/2/6/3/6/5/5/7/7 3 3,Z,-0.5,6,SLEEP,Z,0.07160074,0.2711563
7/2/6/3/6/5/3/7/7 3 3,X,0.60,8,SLEEP,Z,0.1217776,0.3277024
7/2/6/3/6/5/7/6/7 3 3,Z,-0.5833333333333333333333333333,8,SLEEP,Z,0.05985266,0.2233939
7/2/6/3/6/5/7/5/7 3 3,Z,-0.5,6,SLEEP,Z,0.1159603,0.3825449
7/2/6/3/6/5/7/3/7 3 3,X,0.5,8,SLEEP,Z,0.08598346,0.2985433
7/2/6/3/6/5/7/7/6 3 3,Z,-0.5,4,SLEEP,Z,0.04987831,0.1852302
7/2/6/3/6/5/7/7/5 3 3,Z,-0.5,4,SLEEP,Z,0.03620303,0.1406779
7/2/6/3/6/5/7/7/3 3 3,X,0.60,8,SLEEP,Z,0.06513422,0.2133881
7/2/6/3/6/3/6/7/7 3 3,Z,-0.5,10,SLEEP,Z,0.1010934,0.3865101
7/2/6/3/6/3/5/7/7 3 3,X,0.5,6,SLEEP,Z,0.03393516,0.1299591
7/2/6/3/6/3/3/7/7 3 3,X,0.60,8,SLEEP,Z,0.101606,0.2319412
7/2/6/3/6/3/7/6/7 3 3,Z,-0.625,6,SLEEP,Z,0.0587096,0.2153692
7/2/6/3/6/3/7/5/7 3 3,X,0.5,10,SLEEP,Z,0.1313221,0.3820328
7/2/6/3/6/3/7/3/7 3 3,X,0.5,8,SLEEP,Z,0.09443867,0.2451947
7/2/6/3/6/3/7/7/6 3 3,Z,-0.5,2,SLEEP,Z,0.01944013,0.08273557
7/2/6/3/6/3/7/7/5 3 3,X,0.5,4,SLEEP,Z,0.07987713,0.1830953
7/2/6/3/6/3/7/7/3 3 3,X,0.60,10,SLEEP,Z,0.1916596,0.4454571
7/2/6/3/6/7/2/7/7 3 3,Z,-0.5,8,SLEEP,Z,0.03490088,0.1283264
7/2/6/3/6/7/6/6/7 3 3,Z,-0.5833333333333333333333333333,6,SLEEP,Z,0.04428557,0.1554094
7/2/6/3/6/7/6/5/7 3 3,Z,-0.5,8,SLEEP,Z,0.1475476,0.3733503
7/2/6/3/6/7/6/3/7 3 3,X,0.5,4,SLEEP,Z,0.03099904,0.1146233
7/2/6/3/6/7/6/7/6 3 3,Z,-0.5,4,SLEEP,Z,0.07671219,0.1562346
7/2/6/3/6/7/6/7/5 3 3,Z,-0.5,6,SLEEP,Z,0.03471836,0.1359215
7/2/6/3/6/7/6/7/3 3 3,X,0.7,4,SLEEP,Z,0.1251078,0.2928983
7/2/6/3/6/7/5/6/7 3 3,Z,-0.5833333333333333333333333333,8,SLEEP,Z,0.04720762,0.1734046
7/2/6/3/6/7/5/5/7 3 3,Z,-0.5,2,SLEEP,Z,0.02071763,0.07631343
7/2/6/3/6/7/5/3/7 3 3,X,0.5,6,SLEEP,Z,0.04265979,0.1524905
7/2/6/3/6/7/5/7/6 3 3,Z,-0.5,6,SLEEP,Z,0.09847488,0.3723167
7/2/6/3/6/7/5/7/5 3 3,Z,-0.5,8,SLEEP,Z,0.0594688,0.2360199
7/2/6/3/6/7/5/7/3 3 3,X,0.6,4,SLEEP,Z,0.05938752,0.2084531
7/2/6/3/6/7/3/6/7 3 3,X,0.6,12,SLEEP,Z,0.06589253,0.2426827
7/2/6/3/6/7/3/5/7 3 3,X,0.6,4,SLEEP,Z,0.08792228,0.2664421
7/2/6/3/6/7/3/3/7 3 3,X,0.6,8,SLEEP,Z,0.1521225,0.4202798
7/2/6/3/6/7/3/7/6 3 3,X,-0.7,6,SLEEP,Z,0.04432203,0.1407923
7/2/6/3/6/7/3/7/5 3 3,X,0.6,6,SLEEP,Z,0.05944772,0.1732793
7/2/6/3/6/7/3/7/3 3 3,X,0.7,8,SLEEP,Z,0.1634195,0.3689468
7/2/6/3/6/7/7/2/7 3 3,Z,-0.5,2,SLEEP,Z,0.02343435,0.04077795
7/2/6/3/6/7/7/6/6 3 3,Z,-0.5833333333333333333333333333,4,SLEEP,Z,0.02399193,0.08182773
7/2/6/3/6/7/7/6/5 3 3,Z,-0.5833333333333333333333333333,2,SLEEP,Z,0.0517742,0.1770806
7/2/6/3/6/7/7/6/3 3 3,X,0.6,8,SLEEP,Z,0.1532403,0.4306973
7/2/6/3/6/7/7/5/6 3 3,Z,-0.5,2,SLEEP,Z,0,0
7/2/6/3/6/7/7/5/5 3 3,Z,-0.5,2,SLEEP,Z,0.01763858,0.06145493
7/2/6/3/6/7/7/5/3 3 3,X,0.6,6,SLEEP,Z,0.05957659,0.2335004
7/2/6/3/6/7/7/3/6 3 3,Z,-0.5,2,SLEEP,Z,0.005101142,0.005201594
7/2/6/3/6/7/7/3/5 3 3,X,0.5,2,SLEEP,Z,0.02282766,0.08475643
7/2/6/3/6/7/7/3/3 3 3,X,0.6,10,SLEEP,Z,0.07284826,0.2448034
7/2/6/3/6/7/7/7/4 3 3,Z,-0.5,6,SLEEP,Z,0.02546266,0.0676749
7/2/6/3/6/7/7/7/2 3 3,Z,-0.5,6,SLEEP,Z,0.03851693,0.1522996
7/2/6/3/6/7/7/7/1 3 3,X,0.6,6,SLEEP,Z,0.07999327,0.2755753
7/2/6/3/5/2/7/7/7 3 3,X,0.5,6,SLEEP,Z,0.07513861,0.1924243
7/2/6/3/5/6/6/7/7 3 3,Z,-0.5833333333333333333333333333,4,SLEEP,Z,0.05446296,0.2066789
7/2/6/3/5/6/5/7/7 3 3,Z,-0.5833333333333333333333333333,8,SLEEP,Z,0.07630254,0.3012998
7/2/6/3/5/6/3/7/7 3 3,Z,-0.5833333333333333333333333333,10,SLEEP,Z,0.06303295,0.2435659
7/2/6/3/5/6/7/6/7 3 3,Z,-0.6666666666666666666666666667,6,SLEEP,Z,0.06830279,0.2337433
7/2/6/3/5/6/7/5/7 3 3,Z,-0.5833333333333333333333333333,10,SLEEP,Z,0.1104647,0.2703357
7/2/6/3/5/6/7/3/7 3 3,Z,0.625,4,SLEEP,Z,0.03893523,0.1602358
7/2/6/3/5/6/7/7/6 3 3,Z,-0.5833333333333333333333333333,8,SLEEP,Z,0.03514628,0.1089573
7/2/6/3/5/6/7/7/5 3 3,Z,-0.5833333333333333333333333333,6,SLEEP,Z,0.05365169,0.2107957
7/2/6/3/5/6/7/7/3 3 3,Z,-0.5833333333333333333333333333,12,SLEEP,Z,0.06925862,0.2607636
7/2/6/3/5/5/6/7/7 3 3,Z,-0.5,6,SLEEP,Z,0.03536957,0.139117
7/2/6/3/5/5/5/7/7 3 3,X,0.5,8,SLEEP,Z,0.05919481,0.2340407
7/2/6/3/5/5/3/7/7 3 3,X,0.5714285714285714285714285714,6,SLEEP,Z,0.04791142,0.1602077
7/2/6/3/5/5/7/6/7 3 3,Z,-0.5833333333333333333333333333,4,SLEEP,Z,0.02555845,0.1022692
7/2/6/3/5/5/7/5/7 3 3,X,0.5,6,SLEEP,Z,0.03781457,0.1498725
7/2/6/3/5/5/7/3/7 3 3,X,0.5,10,SLEEP,Z,0.06400364,0.2036557
7/2/6/3/5/5/7/7/6 3 3,Z,-0.5,4,SLEEP,Z,0.04337024,0.1618462
7/2/6/3/5/5/7/7/5 3 3,X,0.5,6,SLEEP,Z,0.04680725,0.1955571
7/2/6/3/5/5/7/7/3 3 3,X,0.5714285714285714285714285714,10,SLEEP,Z,0.07956287,0.301159
7/2/6/3/5/3/6/7/7 3 3,Z,-0.5,6,SLEEP,Z,0.05639366,0.09273203
7/2/6/3/5/3/5/7/7 3 3,X,0.5,6,SLEEP,Z,0.05365465,0.1511459
7/2/6/3/5/3/3/7/7 3 3,X,0.5714285714285714285714285714,6,SLEEP,Z,0.120795,0.2798574
7/2/6/3/5/3/7/6/7 3 3,Z,-0.625,6,SLEEP,Z,0.03071194,0.1169497
7/2/6/3/5/3/7/5/7 3 3,X,0.5,6,SLEEP,Z,0.1318544,0.3028648
7/2/6/3/5/3/7/3/7 3 3,X,0.5,8,SLEEP,Z,0.09927171,0.4128979
7/2/6/3/5/3/7/7/6 3 3,Z,-0.5,4,SLEEP,Z,0.02530659,0.1063967
7/2/6/3/5/3/7/7/5 3 3,X,0.5,6,SLEEP,Z,0.03324515,0.1288783
7/2/6/3/5/3/7/7/3 3 3,X,0.5714285714285714285714285714,8,SLEEP,Z,0.05267987,0.1947915
7/2/6/3/5/7/2/7/7 3 3,X,0.5,8,SLEEP,Z,0.04810321,0.1566378
7/2/6/3/5/7/6/6/7 3 3,Z,-0.5833333333333333333333333333,4,SLEEP,Z,0.02954745,0.1154404
7/2/6/3/5/7/6/5/7 3 3,Z,-0.5,4,SLEEP,Z,0.09889287,0.2569938
7/2/6/3/5/7/6/3/7 3 3,X,0.5,10,SLEEP,Z,0.05203053,0.1054094
7/2/6/3/5/7/6/7/6 3 3,Z,-0.5,2,SLEEP,Z,0.04710481,0.1369064
7/2/6/3/5/7/6/7/5 3 3,Z,-0.5,4,SLEEP,Z,0.03612807,0.1372406
7/2/6/3/5/7/6/7/3 3 3,X,0.7,6,SLEEP,Z,0.04869469,0.1834134
7/2/6/3/5/7/5/6/7 3 3,Z,-0.5833333333333333333333333333,6,SLEEP,Z,0.09356614,0.2561882
7/2/6/3/5/7/5/5/7 3 3,X,0.5,6,SLEEP,Z,0.09570205,0.3295022
7/2/6/3/5/7/5/3/7 3 3,X,0.5,6,SLEEP,Z,0.03370628,0.1286538
7/2/6/3/5/7/5/7/6 3 3,Z,-0.5,2,SLEEP,Z,0.00771882,0.02329578
7/2/6/3/5/7/5/7/5 3 3,X,0.5,6,SLEEP,Z,0.02818917,0.09413586
7/2/6/3/5/7/5/7/3 3 3,X,0.5714285714285714285714285714,10,SLEEP,Z,0.0713987,0.2457294
7/2/6/3/5/7/3/6/7 3 3,Z,-0.5833333333333333333333333333,8,SLEEP,Z,0.1886504,0.4189074
7/2/6/3/5/7/3/5/7 3 3,X,0.5714285714285714285714285714,8,SLEEP,Z,0.09896187,0.3491896
7/2/6/3/5/7/3/3/7 3 3,X,0.5714285714285714285714285714,12,SLEEP,Z,0.07043638,0.2548415
7/2/6/3/5/7/3/7/6 3 3,X,-0.7,4,SLEEP,Z,0.02180295,0.05005043
7/2/6/3/5/7/3/7/5 3 3,X,0.5714285714285714285714285714,6,SLEEP,Z,0.04082076,0.162805
7/2/6/3/5/7/3/7/3 3 3,X,0.6428571428571428571428571429,24,SLEEP,Z,0.1024349,0.3242904
7/2/6/3/5/7/7/2/7 3 3,X,0.5,4,SLEEP,Z,0.04090619,0.1235782
7/2/6/3/5/7/7/6/6 3 3,Z,-0.5833333333333333333333333333,6,SLEEP,Z,0.02873048,0.1193921
7/2/6/3/5/7/7/6/5 3 3,Z,-0.5833333333333333333333333333,6,SLEEP,Z,0.05404605,0.2014348
7/2/6/3/5/7/7/6/3 3 3,Z,-0.5833333333333333333333333333,14,SLEEP,Z,0.06389428,0.2301834
7/2/6/3/5/7/7/5/6 3 3,Z,-0.5,6,SLEEP,Z,0.028345,0.1200927
7/2/6/3/5/7/7/5/5 3 3,X,0.5,8,SLEEP,Z,0.05823084,0.2084359
7/2/6/3/5/7/7/5/3 3 3,X,0.5714285714285714285714285714,8,SLEEP,Z,0.08519819,0.285289
7/2/6/3/5/7/7/3/6 3 3,Z,-0.5,6,SLEEP,Z,0.04151388,0.1773431
7/2/6/3/5/7/7/3/5 3 3,X,0.5,6,SLEEP,Z,0.05036482,0.1361278
7/2/6/3/5/7/7/3/3 3 3,X,0.5714285714285714285714285714,10,SLEEP,Z,0.08039836,0.3057391
7/2/6/3/5/7/7/7/4 3 3,Z,-0.5,2,SLEEP,Z,0.02506606,0.06154933
7/2/6/3/5/7/7/7/2 3 3,X,0.5,6,SLEEP,Z,0.03815897,0.1408723
7/2/6/3/5/7/7/7/1 3 3,X,0.5714285714285714285714285714,8,SLEEP,Z,0.08161225,0.3241053
7/2/6/3/3/2/7/7/7 3 3,X,0.5714285714285714285714285714,2,SLEEP,Z,0.02740875,0.09656253
7/2/6/3/3/6/6/7/7 3 3,X,-0.60,4,SLEEP,Z,0.05122799,0.1728258
7/2/6/3/3/6/5/7/7 3 3,Z,-0.5833333333333333333333333333,8,SLEEP,Z,0.08375871,0.4688008
7/2/6/3/3/6/3/7/7 3 3,X,0.6428571428571428571428571429,10,SLEEP,Z,0.06115313,0.2290086
7/2/6/3/3/6/7/6/7 3 3,Z,-0.6666666666666666666666666667,22,SLEEP,Z,0.09574701,0.3352817
7/2/6/3/3/6/7/5/7 3 3,Z,-0.5833333333333333333333333333,6,SLEEP,Z,0.05535213,0.2034112
7/2/6/3/3/6/7/3/7 3 3,Z,0.625,10,SLEEP,Z,0.05049143,0.180204
7/2/6/3/3/6/7/7/6 3 3,X,-0.60,2,SLEEP,Z,0.02648991,0.1044521
7/2/6/3/3/6/7/7/3 3 3,X,0.6428571428571428571428571429,2,SLEEP,Z,0.04711977,0.1740189
7/2/6/3/3/5/6/7/7 3 3,X,-0.60,4,SLEEP,Z,0.04978653,0.1502241
7/2/6/3/3/5/5/7/7 3 3,X,0.5714285714285714285714285714,8,SLEEP,Z,0.1437912,0.3475062
7/2/6/3/3/5/3/7/7 3 3,X,0.6428571428571428571428571429,8,SLEEP,Z,0.0659896,0.2503974
7/2/6/3/3/5/7/6/7 3 3,Z,-0.5833333333333333333333333333,8,SLEEP,Z,0.1153982,0.2487395
7/2/6/3/3/5/7/5/7 3 3,X,0.5714285714285714285714285714,6,SLEEP,Z,0.03114471,0.1192468
7/2/6/3/3/5/7/3/7 3 3,X,0.5714285714285714285714285714,8,SLEEP,Z,0.03422034,0.1397994
7/2/6/3/3/5/7/7/6 3 3,X,-0.60,2,SLEEP,Z,0,0
7/2/6/3/3/5/7/7/5 3 3,X,0.5714285714285714285714285714,4,SLEEP,Z,0.02525192,0.09647669
7/2/6/3/3/5/7/7/3 3 3,X,0.6428571428571428571428571429,10,SLEEP,Z,0.07556017,0.2765974
7/2/6/3/3/3/6/7/7 3 3,X,-0.60,6,SLEEP,Z,0.03693151,0.1282237
7/2/6/3/3/3/5/7/7 3 3,X,0.5714285714285714285714285714,10,SLEEP,Z,0.06169638,0.1990528
7/2/6/3/3/3/3/7/7 3 3,X,0.6428571428571428571428571429,10,SLEEP,Z,0.2057256,0.4736558
7/2/6/3/3/3/7/6/7 3 3,Z,-0.625,4,SLEEP,Z,0.04337657,0.1438736
7/2/6/3/3/3/7/5/7 3 3,X,0.5714285714285714285714285714,4,SLEEP,Z,0.0421304,0.1605768
7/2/6/3/3/3/7/3/7 3 3,X,0.5714285714285714285714285714,10,SLEEP,Z,0.1019409,0.2314697
7/2/6/3/3/3/7/7/6 3 3,X,-0.60,4,SLEEP,Z,0.05593149,0.09254364
7/2/6/3/3/3/7/7/5 3 3,X,0.5714285714285714285714285714,8,SLEEP,Z,0.06116043,0.2291948
7/2/6/3/3/7/2/7/7 3 3,X,0.5714285714285714285714285714,4,SLEEP,Z,0.1093983,0.3489898
7/2/6/3/3/7/6/6/7 3 3,X,-0.6,8,SLEEP,Z,0.1349178,0.2990509
7/2/6/3/3/7/6/5/7 3 3,X,-0.6,2,SLEEP,Z,0.03199109,0.06364072
7/2/6/3/3/7/6/3/7 3 3,X,-0.6,4,SLEEP,Z,0.08857906,0.2372511
7/2/6/3/3/7/6/7/6 3 3,X,-0.7,2,SLEEP,Z,0.006926726,0.02590434
7/2/6/3/3/7/6/7/5 3 3,X,-0.6,2,SLEEP,Z,0.01563755,0.05688759
7/2/6/3/3/7/6/7/3 3 3,X,0.7,10,SLEEP,Z,0.04903407,0.1596873
7/2/6/3/3/7/5/6/7 3 3,Z,-0.5833333333333333333333333333,8,SLEEP,Z,0.0457282,0.1565166
7/2/6/3/3/7/5/5/7 3 3,X,0.5714285714285714285714285714,6,SLEEP,Z,0.06062431,0.2264757
7/2/6/3/3/7/5/3/7 3 3,X,0.5714285714285714285714285714,6,SLEEP,Z,0.0454898,0.1360266
7/2/6/3/3/7/5/7/6 3 3,X,-0.6,8,SLEEP,Z,0.02706732,0.08356702
7/2/6/3/3/7/5/7/5 3 3,X,0.5714285714285714285714285714,8,SLEEP,Z,0.04834456,0.2086504
7/2/6/3/3/7/5/7/3 3 3,X,0.6428571428571428571428571429,8,SLEEP,Z,0.08362653,0.3084207
7/2/6/3/3/7/3/6/7 3 3,X,0.6428571428571428571428571429,12,SLEEP,Z,0.08047152,0.2803066
7/2/6/3/3/7/3/5/7 3 3,X,0.6428571428571428571428571429,10,SLEEP,Z,0.06664676,0.2616193
7/2/6/3/3/7/3/3/7 3 3,X,0.6428571428571428571428571429,6,SLEEP,Z,0.06952347,0.243575
7/2/6/3/3/7/3/7/6 3 3,X,-0.7,6,SLEEP,Z,0.1052097,0.37444
7/2/6/3/3/7/3/7/5 3 3,X,0.6428571428571428571428571429,8,SLEEP,Z,0.07732613,0.2410875
7/2/6/3/3/7/3/7/3 3 3,X,0.7142857142857142857142857143,18,SLEEP,Z,0.1103109,0.408877
7/2/6/3/3/7/7/2/7 3 3,X,0.5714285714285714285714285714,6,SLEEP,Z,0.06598126,0.1144374
7/2/6/3/3/7/7/6/6 3 3,X,-0.6,4,SLEEP,Z,0.04214125,0.1068497
7/2/6/3/3/7/7/6/5 3 3,Z,-0.5833333333333333333333333333,6,SLEEP,Z,0.04624984,0.1809321
7/2/6/3/3/7/7/6/3 3 3,X,0.6428571428571428571428571429,14,SLEEP,Z,0.1415218,0.4512448
7/2/6/3/3/7/7/5/6 3 3,X,-0.6,4,SLEEP,Z,0.09181452,0.3090955
7/2/6/3/3/7/7/5/5 3 3,X,0.5714285714285714285714285714,6,SLEEP,Z,0.03615465,0.1485126
7/2/6/3/3/7/7/5/3 3 3,X,0.6428571428571428571428571429,10,SLEEP,Z,0.1142467,0.3217329
7/2/6/3/3/7/7/3/6 3 3,X,-0.6,6,SLEEP,Z,0.04973155,0.1943346
7/2/6/3/3/7/7/3/5 3 3,X,0.5714285714285714285714285714,16,SLEEP,Z,0.04608262,0.1765354
7/2/6/3/3/7/7/3/3 3 3,X,0.6428571428571428571428571429,12,SLEEP,Z,0.09452383,0.3562087
7/2/6/3/3/7/7/7/4 3 3,X,-0.6,2,SLEEP,Z,0.006778536,0.007564341
7/2/6/3/3/7/7/7/2 3 3,X,0.5714285714285714285714285714,6,SLEEP,Z,0.05983402,0.2065354
7/2/6/3/3/6/7/7/5 3 3,Z,-0.5833333333333333333333333333,4,SLEEP,Z,0.04201221,0.154523
7/2/6/3/3/7/7/7/1 3 3,X,0.6428571428571428571428571429,6,SLEEP,Z,0.06956179,0.2648551
7/2/6/3/3/3/7/7/3 3 3,X,0.6428571428571428571428571429,10,SLEEP,Z,0.08031847,0.2950284
7/2/6/3/7/2/6/7/7 3 3,Z,-0.5,2,SLEEP,Z,0.01484506,0.04237898
7/2/6/3/7/2/5/7/7 3 3,X,0.5,6,SLEEP,Z,0.03548014,0.1085433
7/2/6/3/7/2/3/7/7 3 3,X,0.5714285714285714285714285714,8,SLEEP,Z,0.04414604,0.1590909
7/2/6/3/7/2/7/6/7 3 3,Z,-0.5833333333333333333333333333,8,SLEEP,Z,0.05751089,0.1851361
7/2/6/3/7/2/7/5/7 3 3,X,0.5,10,SLEEP,Z,0.09728923,0.3149
7/2/6/3/7/2/7/3/7 3 3,X,0.5,8,SLEEP,Z,0.07656515,0.2853675
7/2/6/3/7/2/7/7/6 3 3,Z,-0.5,4,SLEEP,Z,0.0745447,0.1166563
7/2/6/3/7/2/7/7/5 3 3,X,0.5,8,SLEEP,Z,0.05157687,0.1882331
7/2/6/3/7/2/7/7/3 3 3,X,0.5714285714285714285714285714,6,SLEEP,Z,0.06629995,0.2437257
7/2/6/3/7/6/2/7/7 3 3,Z,-0.5833333333333333333333333333,8,SLEEP,Z,0.1048778,0.2123517
7/2/6/3/7/6/6/6/7 3 3,Z,-0.6666666666666666666666666667,4,SLEEP,Z,0.07206187,0.2543853
7/2/6/3/7/6/6/5/7 3 3,Z,-0.5833333333333333333333333333,4,SLEEP,Z,0.0868945,0.3354419
7/2/6/3/7/6/6/3/7 3 3,Z,0.6428571428571428571428571429,6,SLEEP,Z,0.02680549,0.1094761
7/2/6/3/7/6/6/7/6 3 3,Z,-0.5833333333333333333333333333,2,SLEEP,Z,0.02834924,0.1154414
7/2/6/3/7/6/6/7/5 3 3,Z,-0.5833333333333333333333333333,8,SLEEP,Z,0.065435,0.2085021
7/2/6/3/7/6/6/7/3 3 3,X,0.7,8,SLEEP,Z,0.1166626,0.2714756
7/2/6/3/7/6/5/6/7 3 3,Z,-0.6666666666666666666666666667,10,SLEEP,Z,0.07443693,0.21904
7/2/6/3/7/6/5/5/7 3 3,Z,-0.5833333333333333333333333333,6,SLEEP,Z,0.02966409,0.1202311
7/2/6/3/7/6/5/3/7 3 3,Z,0.6428571428571428571428571429,6,SLEEP,Z,0.0453906,0.177962
7/2/6/3/7/6/5/7/6 3 3,Z,-0.5833333333333333333333333333,4,SLEEP,Z,0.06402019,0.2134615
7/2/6/3/7/6/5/7/5 3 3,Z,-0.5833333333333333333333333333,6,SLEEP,Z,0.05018521,0.194956
7/2/6/3/7/6/5/7/3 3 3,Z,-0.5833333333333333333333333333,8,SLEEP,Z,0.1191972,0.3166751
7/2/6/3/7/6/3/6/7 3 3,Z,-0.6666666666666666666666666667,8,SLEEP,Z,0.06160301,0.2301785
7/2/6/3/7/6/3/5/7 3 3,Z,-0.5833333333333333333333333333,6,SLEEP,Z,0.1042139,0.4373254
7/2/6/3/7/6/3/3/7 3 3,Z,0.6428571428571428571428571429,8,SLEEP,Z,0.09132618,0.2854317
7/2/6/3/7/6/3/7/6 3 3,X,-0.7,4,SLEEP,Z,0.04503632,0.1470375
7/2/6/3/7/6/3/7/5 3 3,Z,-0.5833333333333333333333333333,8,SLEEP,Z,0.1052354,0.4615721
7/2/6/3/7/6/3/7/3 3 3,X,0.6428571428571428571428571428,6,SLEEP,Z,0.08730127,0.3039732
7/2/6/3/7/6/7/2/7 3 3,Z,-0.5833333333333333333333333333,10,SLEEP,Z,0.1277193,0.3548207
7/2/6/3/7/6/7/6/6 3 3,Z,-0.6666666666666666666666666667,6,SLEEP,Z,0.05339105,0.2021129
7/2/6/3/7/6/7/6/5 3 3,Z,-0.6666666666666666666666666667,10,SLEEP,Z,0.06548382,0.2189929
7/2/6/3/7/6/7/6/3 3 3,Z,-0.6666666666666666666666666667,10,SLEEP,Z,0.07516178,0.2323658
7/2/6/3/7/6/7/5/6 3 3,Z,-0.5833333333333333333333333333,6,SLEEP,Z,0.03526204,0.1270373
7/2/6/3/7/6/7/5/5 3 3,Z,-0.5833333333333333333333333333,6,SLEEP,Z,0.0392155,0.1489886
7/2/6/3/7/6/7/5/3 3 3,Z,-0.5833333333333333333333333333,8,SLEEP,Z,0.06638497,0.2519141
7/2/6/3/7/6/7/3/6 3 3,Z,0.6428571428571428571428571429,4,SLEEP,Z,0.0294879,0.09009832
7/2/6/3/7/6/7/3/5 3 3,Z,0.6428571428571428571428571429,4,SLEEP,Z,0.04549313,0.1673807
7/2/6/3/7/6/7/3/3 3 3,Z,0.6428571428571428571428571429,6,SLEEP,Z,0.09136695,0.2739194
7/2/6/3/7/6/7/7/4 3 3,Z,-0.5833333333333333333333333333,4,SLEEP,Z,0.01999044,0.0881713
7/2/6/3/7/6/7/7/2 3 3,Z,-0.5833333333333333333333333333,8,SLEEP,Z,0.04241836,0.1676681
7/2/6/3/7/6/7/7/1 3 3,Z,-0.5833333333333333333333333333,10,SLEEP,Z,0.06688903,0.2417603
7/2/6/3/7/5/2/7/7 3 3,X,0.5,6,SLEEP,Z,0.06829772,0.2626651
7/2/6/3/7/5/6/6/7 3 3,Z,-0.5833333333333333333333333333,8,SLEEP,Z,0.03192183,0.1347622
7/2/6/3/7/5/6/5/7 3 3,Z,-0.5,2,SLEEP,Z,0.03723516,0.0950604
7/2/6/3/7/5/6/3/7 3 3,X,0.5,4,SLEEP,Z,0.1258419,0.2235716
7/2/6/3/7/5/6/7/6 3 3,Z,-0.5,4,SLEEP,Z,0.101226,0.2115567
7/2/6/3/7/5/6/7/5 3 3,Z,-0.5,2,SLEEP,Z,0,0
7/2/6/3/7/5/6/7/3 3 3,X,0.7,4,SLEEP,Z,0.04717751,0.1253223
7/2/6/3/7/5/5/6/7 3 3,Z,-0.5833333333333333333333333333,10,SLEEP,Z,0.1025211,0.2959403
7/2/6/3/7/5/5/5/7 3 3,X,0.5,2,SLEEP,Z,0.0488848,0.09821607
7/2/6/3/7/5/5/3/7 3 3,X,0.5,4,SLEEP,Z,0.06134856,0.1968105
7/2/6/3/7/5/5/7/6 3 3,Z,-0.5,4,SLEEP,Z,0.09209358,0.2020661
7/2/6/3/7/5/5/7/5 3 3,X,0.5,10,SLEEP,Z,0.05667507,0.212404
7/2/6/3/7/5/5/7/3 3 3,X,0.5714285714285714285714285714,4,SLEEP,Z,0.05742741,0.1888552
7/2/6/3/7/5/3/6/7 3 3,Z,-0.5833333333333333333333333333,10,SLEEP,Z,0.09049398,0.2929525
7/2/6/3/7/5/3/5/7 3 3,X,0.5714285714285714285714285714,4,SLEEP,Z,0.05178977,0.1661061
7/2/6/3/7/5/3/3/7 3 3,X,0.5714285714285714285714285714,8,SLEEP,Z,0.05481373,0.2087184
7/2/6/3/7/5/3/7/6 3 3,X,-0.7,4,SLEEP,Z,0.05180686,0.1599607
7/2/6/3/7/5/3/7/5 3 3,X,0.5714285714285714285714285714,6,SLEEP,Z,0.1122125,0.3311018
7/2/6/3/7/5/3/7/3 3 3,X,0.6428571428571428571428571428,8,SLEEP,Z,0.1127931,0.3599737
7/2/6/3/7/5/7/2/7 3 3,X,0.5,6,SLEEP,Z,0.0485951,0.1919682
7/2/6/3/7/5/7/6/6 3 3,Z,-0.5833333333333333333333333333,4,SLEEP,Z,0.02913532,0.09417573
7/2/6/3/7/5/7/6/5 3 3,Z,-0.5833333333333333333333333333,8,SLEEP,Z,0.05470356,0.2152167
7/2/6/3/7/5/7/6/3 3 3,Z,-0.5833333333333333333333333333,10,SLEEP,Z,0.0770105,0.3054225
7/2/6/3/7/5/7/5/6 3 3,Z,-0.5,4,SLEEP,Z,0.02682104,0.1117949
7/2/6/3/7/5/7/5/5 3 3,X,0.5,2,SLEEP,Z,0.02025795,0.07813691
7/2/6/3/7/5/7/5/3 3 3,X,0.5714285714285714285714285714,8,SLEEP,Z,0.04927552,0.1969176
7/2/6/3/7/5/7/3/6 3 3,Z,-0.5,6,SLEEP,Z,0.04530019,0.1377396
7/2/6/3/7/5/7/3/5 3 3,X,0.5,6,SLEEP,Z,0.05235246,0.2170833
7/2/6/3/7/5/7/3/3 3 3,X,0.5714285714285714285714285714,10,SLEEP,Z,0.1318699,0.3495583
7/2/6/3/7/5/7/7/4 3 3,Z,-0.5,4,SLEEP,Z,0.05148946,0.2045545
7/2/6/3/7/5/7/7/2 3 3,X,0.5,6,SLEEP,Z,0.06693633,0.2491629
7/2/6/3/7/5/7/7/1 3 3,X,0.5714285714285714285714285714,6,SLEEP,Z,0.1029505,0.3124937
7/2/6/3/7/3/2/7/7 3 3,X,0.5,12,SLEEP,Z,0.113625,0.3299245
7/2/6/3/7/3/6/6/7 3 3,Z,-0.6428571428571428571428571429,4,SLEEP,Z,0.07550268,0.1246422
7/2/6/3/7/3/6/5/7 3 3,Z,-0.5,6,SLEEP,Z,0.04535968,0.1658447
7/2/6/3/7/3/6/3/7 3 3,X,0.5,12,SLEEP,Z,0.1024492,0.3952347
7/2/6/3/7/3/6/7/6 3 3,Z,-0.5,4,SLEEP,Z,0.02526818,0.08108455
7/2/6/3/7/3/6/7/5 3 3,Z,-0.5,6,SLEEP,Z,0.02940934,0.1090951
7/2/6/3/7/3/6/7/3 3 3,X,0.7,6,SLEEP,Z,0.05012576,0.1461086
7/2/6/3/7/3/5/6/7 3 3,Z,-0.6428571428571428571428571429,6,SLEEP,Z,0.1328817,0.2851678
7/2/6/3/7/3/5/5/7 3 3,X,0.5,6,SLEEP,Z,0.07516317,0.1747127
7/2/6/3/7/3/5/3/7 3 3,X,0.5,6,SLEEP,Z,0.05703046,0.2479932
7/2/6/3/7/3/5/7/6 3 3,Z,-0.5,6,SLEEP,Z,0.02893972,0.1173677
7/2/6/3/7/3/5/7/5 3 3,X,0.5,2,SLEEP,Z,0.0427888,0.1354557
7/2/6/3/7/3/5/7/3 3 3,X,0.5714285714285714285714285714,8,SLEEP,Z,0.05360365,0.1951993
7/2/6/3/7/3/3/6/7 3 3,Z,-0.6428571428571428571428571429,6,SLEEP,Z,0.1344447,0.247867
7/2/6/3/7/3/3/5/7 3 3,X,0.5714285714285714285714285714,16,SLEEP,Z,0.07489037,0.2326941
7/2/6/3/7/3/3/3/7 3 3,X,0.5714285714285714285714285714,14,SLEEP,Z,0.101135,0.4133823
7/2/6/3/7/3/3/7/6 3 3,X,-0.7,4,SLEEP,Z,0.03990699,0.1384095
7/2/6/3/7/3/3/7/5 3 3,X,0.5714285714285714285714285714,4,SLEEP,Z,0.04173606,0.1390438
7/2/6/3/7/3/3/7/3 3 3,X,0.6428571428571428571428571428,6,SLEEP,Z,0.09597748,0.2809457
7/2/6/3/7/3/7/2/7 3 3,X,0.5,8,SLEEP,Z,0.1242362,0.2355616
7/2/6/3/7/3/7/6/6 3 3,Z,-0.6428571428571428571428571429,2,SLEEP,Z,0.02544645,0.0682282
7/2/6/3/7/3/7/6/5 3 3,Z,-0.6428571428571428571428571429,4,SLEEP,Z,0.04657994,0.1179738
7/2/6/3/7/3/7/6/3 3 3,Z,-0.6428571428571428571428571429,8,SLEEP,Z,0.1927309,0.4043748
7/2/6/3/7/3/7/5/6 3 3,Z,-0.5,2,SLEEP,Z,0,0
7/2/6/3/7/3/7/5/5 3 3,X,0.5,6,SLEEP,Z,0.03396541,0.1577001
7/2/6/3/7/3/7/5/3 3 3,X,0.5714285714285714285714285714,4,SLEEP,Z,0.06722625,0.1546771
7/2/6/3/7/3/7/3/6 3 3,Z,-0.5,8,SLEEP,Z,0.06343152,0.2641502
7/2/6/3/7/3/7/3/5 3 3,X,0.5,8,SLEEP,Z,0.07079945,0.2813982
7/2/6/3/7/3/7/3/3 3 3,X,0.5714285714285714285714285714,12,SLEEP,Z,0.08018745,0.2854753
7/2/6/3/7/3/7/7/4 3 3,Z,-0.5,6,SLEEP,Z,0.03734765,0.158688
7/2/6/3/7/3/7/7/2 3 3,X,0.5,2,SLEEP,Z,0.02521372,0.1070548
7/2/6/3/7/3/7/7/1 3 3,X,0.5714285714285714285714285714,8,SLEEP,Z,0.05994085,0.2546571
7/2/6/3/7/7/2/6/7 3 3,Z,-0.5833333333333333333333333333,6,SLEEP,Z,0.06012832,0.2022343
7/2/6/3/7/7/2/5/7 3 3,X,0.5,6,SLEEP,Z,0.05785993,0.2047651
7/2/6/3/7/7/2/3/7 3 3,X,0.5,8,SLEEP,Z,0.111385,0.3453327
7/2/6/3/7/7/2/7/6 3 3,Z,-0.5,2,SLEEP,Z,0.03765373,0.1026511
7/2/6/3/7/7/2/7/5 3 3,X,0.5,2,SLEEP,Z,0.02655116,0.08516134
7/2/6/3/7/7/2/7/3 3 3,X,0.5714285714285714285714285714,8,SLEEP,Z,0.1444419,0.4026204
7/2/6/3/7/7/6/2/7 3 3,Z,-0.5,4,SLEEP,Z,0.03178105,0.1257883
7/2/6/3/7/7/6/6/6 3 3,Z,-0.5833333333333333333333333333,2,SLEEP,Z,0.02600357,0.1045712
7/2/6/3/7/7/6/6/5 3 3,Z,-0.5833333333333333333333333333,8,SLEEP,Z,0.05927848,0.2090097
7/2/6/3/7/7/6/6/3 3 3,X,0.75,6,SLEEP,Z,0.06363672,0.2112725
7/2/6/3/7/7/6/5/6 3 3,Z,-0.5,6,SLEEP,Z,0.04678747,0.1461119
7/2/6/3/7/7/6/5/5 3 3,Z,-0.5,4,SLEEP,Z,0.03017048,0.1200143
7/2/6/3/7/7/6/5/3 3 3,X,0.75,10,SLEEP,Z,0.1056841,0.3576668
7/2/6/3/7/7/6/3/6 3 3,Z,-0.5,4,SLEEP,Z,0.02966062,0.1247075
7/2/6/3/7/7/6/3/5 3 3,X,0.5,8,SLEEP,Z,0.04195739,0.1693484
7/2/6/3/7/7/6/3/3 3 3,X,0.75,6,SLEEP,Z,0.04169156,0.1662181
7/2/6/3/7/7/6/7/4 3 3,Z,-0.5,2,SLEEP,Z,0.01795976,0.06497602
7/2/6/3/7/7/6/7/2 3 3,Z,-0.5,4,SLEEP,Z,0.02696003,0.109181
7/2/6/3/7/7/6/7/1 3 3,X,0.75,2,SLEEP,Z,0.01818805,0.07351071
7/2/6/3/7/7/5/2/7 3 3,X,0.5,8,SLEEP,Z,0.07793112,0.2754135
7/2/6/3/7/7/5/6/6 3 3,Z,-0.5833333333333333333333333333,6,SLEEP,Z,0.03672546,0.1507871
7/2/6/3/7/7/5/6/5 3 3,Z,-0.5833333333333333333333333333,6,SLEEP,Z,0.0372877,0.1564478
7/2/6/3/7/7/5/6/3 3 3,Z,-0.5833333333333333333333333333,8,SLEEP,Z,0.05862049,0.1944868
7/2/6/3/7/7/5/5/6 3 3,Z,-0.5,4,SLEEP,Z,0.09354198,0.2466639
7/2/6/3/7/7/5/5/5 3 3,X,0.5,6,SLEEP,Z,0.08089484,0.2081912
7/2/6/3/7/7/5/5/3 3 3,X,0.5714285714285714285714285714,8,SLEEP,Z,0.06235723,0.2532358
7/2/6/3/7/7/5/3/6 3 3,Z,-0.5,4,SLEEP,Z,0.05617626,0.1703028
7/2/6/3/7/7/5/3/5 3 3,X,0.5,8,SLEEP,Z,0.09078229,0.3013761
7/2/6/3/7/7/5/3/3 3 3,X,0.5714285714285714285714285714,10,SLEEP,Z,0.09157513,0.3223761
7/2/6/3/7/7/5/7/4 3 3,Z,-0.5,2,SLEEP,Z,0.01720073,0.07611819
7/2/6/3/7/7/5/7/2 3 3,X,0.5,4,SLEEP,Z,0.04730812,0.191374
7/2/6/3/7/7/5/7/1 3 3,X,0.5714285714285714285714285714,6,SLEEP,Z,0.06966636,0.2358339
7/2/6/3/7/7/3/2/7 3 3,X,0.5714285714285714285714285714,4,SLEEP,Z,0.03764221,0.1373529
7/2/6/3/7/7/3/6/6 3 3,X,-0.75,4,SLEEP,Z,0.03147293,0.1152519
7/2/6/3/7/7/3/6/5 3 3,Z,-0.5833333333333333333333333333,6,SLEEP,Z,0.07530079,0.2556747
7/2/6/3/7/7/3/6/3 3 3,X,0.6428571428571428571428571428,12,SLEEP,Z,0.128007,0.4004331
7/2/6/3/7/7/3/5/6 3 3,X,-0.75,6,SLEEP,Z,0.183564,0.3662388
7/2/6/3/7/7/3/5/5 3 3,X,0.5714285714285714285714285714,8,SLEEP,Z,0.0637849,0.216179
7/2/6/3/7/7/3/5/3 3 3,X,0.6428571428571428571428571428,8,SLEEP,Z,0.08823663,0.3244176
7/2/6/3/7/7/3/3/6 3 3,X,-0.75,8,SLEEP,Z,0.03881647,0.1530639
7/2/6/3/7/7/3/3/5 3 3,X,0.5714285714285714285714285714,12,SLEEP,Z,0.06273814,0.2442878
7/2/6/3/7/7/3/3/3 3 3,X,0.6428571428571428571428571428,8,SLEEP,Z,0.06091189,0.2358228
7/2/6/3/7/7/3/7/4 3 3,X,-0.75,2,SLEEP,Z,0.05200298,0.109953
7/2/6/3/7/7/3/7/2 3 3,X,0.5714285714285714285714285714,4,SLEEP,Z,0.070596,0.2604717
7/2/6/3/7/7/3/7/1 3 3,X,0.6428571428571428571428571428,8,SLEEP,Z,0.08351931,0.3186194
7/2/6/3/7/7/7/2/6 3 3,Z,-0.5,2,SLEEP,Z,0.02287966,0.09436794
7/2/6/3/7/7/7/2/5 3 3,X,0.5,8,SLEEP,Z,0.122627,0.3475902
7/2/6/3/7/7/7/2/3 3 3,X,0.5714285714285714285714285714,4,SLEEP,Z,0.0555778,0.1931076
7/2/6/3/7/7/7/6/4 3 3,Z,-0.5833333333333333333333333333,2,SLEEP,Z,0.03072767,0.1012314
7/2/6/3/7/7/7/6/2 3 3,Z,-0.5833333333333333333333333333,6,SLEEP,Z,0.04953243,0.1862725
7/2/6/3/7/7/7/6/1 3 3,Z,-0.5833333333333333333333333333,10,SLEEP,Z,0.09317985,0.2831282
7/2/6/3/7/7/7/5/4 3 3,Z,-0.5,4,SLEEP,Z,0.02562619,0.09724636
7/2/6/3/7/7/7/5/2 3 3,X,0.5,4,SLEEP,Z,0.02889721,0.1170727
7/2/6/3/7/7/7/5/1 3 3,X,0.5714285714285714285714285714,6,SLEEP,Z,0.05046529,0.2060777
7/2/6/3/7/7/7/3/4 3 3,Z,-0.5,4,SLEEP,Z,0.02829804,0.1052857
7/2/6/3/7/7/7/3/2 3 3,X,0.5,8,SLEEP,Z,0.0802702,0.2594332
7/2/6/3/7/7/7/3/1 3 3,X,0.5714285714285714285714285714,6,SLEEP,Z,0.06399725,0.2216051
7/2/6/7/2/2/7/7/7 3 3,X,0.5,8,SLEEP,Z,0.08870278,0.2560604
7/2/6/7/2/6/6/7/7 3 3,Z,0.5,6,SLEEP,Z,0.03963461,0.1512928
7/2/6/7/2/6/5/7/7 3 3,X,0.5,4,SLEEP,Z,0.03547499,0.1530327
7/2/6/7/2/6/3/7/7 3 3,X,0.5714285714285714285714285714,12,SLEEP,Z,0.09092069,0.4749248
7/2/6/7/2/6/7/6/7 3 3,X,0.5,8,SLEEP,Z,0.08174289,0.2669047
7/2/6/7/2/6/7/5/7 3 3,X,0.5,8,SLEEP,Z,0.04636078,0.1354062
7/2/6/7/2/6/7/3/7 3 3,Z,0.625,4,SLEEP,Z,0.0759319,0.1094664
7/2/6/7/2/6/7/7/6 3 3,Z,0.5,6,SLEEP,Z,0.03964069,0.1733287
7/2/6/7/2/6/7/7/5 3 3,X,0.5,4,SLEEP,Z,0.05945228,0.1353117
7/2/6/7/2/6/7/7/3 3 3,X,0.5714285714285714285714285714,6,SLEEP,Z,0.05800455,0.2000073
7/2/6/7/2/5/6/7/7 3 3,X,0.5,2,SLEEP,Z,0,0
7/2/6/7/2/5/5/7/7 3 3,X,0.5,4,SLEEP,Z,0.04172419,0.1409601
7/2/6/7/2/5/3/7/7 3 3,X,0.5714285714285714285714285714,2,SLEEP,Z,0.04569054,0.1479483
7/2/6/7/2/5/7/6/7 3 3,X,0.5,20,SLEEP,Z,0.06030511,0.1877116
7/2/6/7/2/5/7/5/7 3 3,X,0.5,6,SLEEP,Z,0.06323337,0.2142486
7/2/6/7/2/5/7/3/7 3 3,X,0.5,6,SLEEP,Z,0.03910742,0.1580006
7/2/6/7/2/5/7/7/6 3 3,X,0.4285714285714285714285714286,2,SLEEP,Z,0.02732911,0.1026722
7/2/6/7/2/5/7/7/5 3 3,X,0.5,4,SLEEP,Z,0.06580438,0.1751138
7/2/6/7/2/5/7/7/3 3 3,X,0.5714285714285714285714285714,4,SLEEP,Z,0.08364281,0.2384534
7/2/6/7/2/3/6/7/7 3 3,Z,-0.5,6,SLEEP,Z,0.02421316,0.03879943
7/2/6/7/2/3/5/7/7 3 3,X,0.5,4,SLEEP,Z,0.03268106,0.1140837
7/2/6/7/2/3/3/7/7 3 3,X,0.5714285714285714285714285714,4,SLEEP,Z,0.05279133,0.1680707
7/2/6/7/2/3/7/6/7 3 3,Z,-0.625,6,SLEEP,Z,0.139451,0.4299879
7/2/6/7/2/3/7/5/7 3 3,X,0.5,6,SLEEP,Z,0.04616083,0.1359057
7/2/6/7/2/3/7/3/7 3 3,X,0.5,10,SLEEP,Z,0.07711238,0.2700699
7/2/6/7/2/3/7/7/6 3 3,Z,-0.5,2,SLEEP,Z,0.02594817,0.07803563
7/2/6/7/2/3/7/7/5 3 3,X,0.5,6,SLEEP,Z,0.04286216,0.161758
7/2/6/7/2/3/7/7/3 3 3,X,0.5714285714285714285714285714,4,SLEEP,Z,0.04016734,0.1465292
7/2/6/7/2/7/2/7/7 3 3,X,0.5,2,SLEEP,Z,0,0
7/2/6/7/2/7/6/6/7 3 3,X,0.5,4,SLEEP,Z,0.03656771,0.1444883
7/2/6/7/2/7/6/5/7 3 3,X,0.5,4,SLEEP,Z,0.03588579,0.1224162
7/2/6/7/2/7/6/3/7 3 3,X,0.5,4,SLEEP,Z,0.04872159,0.1532989
7/2/6/7/2/7/6/7/6 3 3,X,-0.4,2,SLEEP,Z,0.04378041,0.0883955
7/2/6/7/2/7/6/7/5 3 3,X,0.5,2,SLEEP,Z,0.01703847,0.04733882
7/2/6/7/2/7/6/7/3 3 3,X,0.7,6,SLEEP,Z,0.06181187,0.199964
7/2/6/7/2/7/5/6/7 3 3,X,0.5,6,SLEEP,Z,0.04373282,0.1785329
7/2/6/7/2/7/5/5/7 3 3,X,0.5,4,SLEEP,Z,0.03865534,0.1320186
7/2/6/7/2/7/5/3/7 3 3,X,0.5,8,SLEEP,Z,0.04763071,0.1844445
7/2/6/7/2/7/5/7/6 3 3,X,0.4285714285714285714285714286,2,SLEEP,Z,0.02650607,0.07168226
7/2/6/7/2/7/5/7/5 3 3,X,0.5,8,SLEEP,Z,0.0677328,0.2363944
7/2/6/7/2/7/5/7/3 3 3,X,0.5714285714285714285714285714,6,SLEEP,Z,0.07308427,0.2114405
7/2/6/7/2/7/3/6/7 3 3,X,0.5714285714285714285714285714,4,SLEEP,Z,0.1553482,0.4058148
7/2/6/7/2/7/3/5/7 3 3,X,0.5714285714285714285714285714,8,SLEEP,Z,0.1323791,0.4428923
7/2/6/7/2/7/3/3/7 3 3,X,0.5714285714285714285714285714,10,SLEEP,Z,0.1112385,0.3760869
7/2/6/7/2/7/3/7/6 3 3,X,-0.7,4,SLEEP,Z,0.0377365,0.09682947
7/2/6/7/2/7/3/7/5 3 3,X,0.5714285714285714285714285714,6,SLEEP,Z,0.05709448,0.1962891
7/2/6/7/2/7/3/7/3 3 3,X,0.6428571428571428571428571428,22,SLEEP,Z,0.08665891,0.3050294
7/2/6/7/2/7/7/2/7 3 3,X,0.5,4,SLEEP,Z,0.04233044,0.1439951
7/2/6/7/2/7/7/6/6 3 3,Z,0.5,18,SLEEP,Z,0.05320057,0.3959503
7/2/6/7/2/7/7/6/5 3 3,X,0.5,6,SLEEP,Z,0.0348638,0.1241851
7/2/6/7/2/7/7/6/3 3 3,X,0.5714285714285714285714285714,6,SLEEP,Z,0.09770571,0.3168371
7/2/6/7/2/7/7/5/6 3 3,X,0.4285714285714285714285714286,2,SLEEP,Z,0,0
7/2/6/7/2/7/7/5/5 3 3,X,0.5,4,SLEEP,Z,0.03390728,0.1299871
7/2/6/7/2/7/7/5/3 3 3,X,0.5714285714285714285714285714,6,SLEEP,Z,0.05550786,0.1802939
7/2/6/7/2/7/7/3/6 3 3,Z,-0.5,4,SLEEP,Z,0.05233967,0.1639091
7/2/6/7/2/7/7/3/5 3 3,X,0.5,4,SLEEP,Z,0.03412298,0.1245903
7/2/6/7/2/7/7/3/3 3 3,X,0.5714285714285714285714285714,10,SLEEP,Z,0.08208661,0.245263
7/2/6/7/2/7/7/7/4 3 3,X,0.4285714285714285714285714286,2,SLEEP,Z,0.04525757,0.2770494
7/2/6/7/2/7/7/7/2 3 3,X,0.5,2,SLEEP,Z,0.03683138,0.1306552
7/2/6/7/2/7/7/7/1 3 3,X,0.5714285714285714285714285714,4,SLEEP,Z,0.05821669,0.2226937
7/2/6/7/6/2/6/7/7 3 3,X,0.5,2,SLEEP,Z,0.01981735,0.05866475
7/2/6/7/6/2/5/7/7 3 3,X,0.5,6,SLEEP,Z,0.06787471,0.2286345
7/2/6/7/6/2/3/7/7 3 3,X,0.6111111111111111111111111111,8,SLEEP,Z,0.09886073,0.2487642
7/2/6/7/6/2/7/6/7 3 3,X,0.5,10,SLEEP,Z,0.1337742,0.3213328
7/2/6/7/6/2/7/5/7 3 3,X,0.5,4,SLEEP,Z,0.05609486,0.1766075
7/2/6/7/6/2/7/3/7 3 3,X,0.5,12,SLEEP,Z,0.1182858,0.3113346
7/2/6/7/6/2/7/7/6 3 3,X,0.3888888888888888888888888889,2,SLEEP,Z,0.02916675,0.06077325
7/2/6/7/6/2/7/7/5 3 3,X,0.5,6,SLEEP,Z,0.03482664,0.1087369
7/2/6/7/6/2/7/7/3 3 3,X,0.6111111111111111111111111111,6,SLEEP,Z,0.06443366,0.1871267
7/2/6/7/6/6/2/7/7 3 3,X,0.5,14,SLEEP,Z,0.05485091,0.1738199
7/2/6/7/6/6/6/6/7 3 3,X,0.5,6,SLEEP,Z,0.05620603,0.2247565
7/2/6/7/6/6/6/5/7 3 3,Z,0.5,4,SLEEP,Z,0.04334216,0.08928062
7/2/6/7/6/6/6/3/7 3 3,Z,0.6428571428571428571428571429,2,SLEEP,Z,0.03631865,0.1237239
7/2/6/7/6/6/6/7/6 3 3,Z,0.5,4,SLEEP,Z,0.07509673,0.3495447
7/2/6/7/6/6/6/7/5 3 3,Z,0.5,4,SLEEP,Z,0.01986038,0.06853254
7/2/6/7/6/6/6/7/3 3 3,X,0.7,6,SLEEP,Z,0.03744552,0.1145405
7/2/6/7/6/6/5/6/7 3 3,X,0.5,6,SLEEP,Z,0.05971022,0.2075879
7/2/6/7/6/6/5/5/7 3 3,X,0.5,4,SLEEP,Z,0.08251984,0.1932953
7/2/6/7/6/6/5/3/7 3 3,Z,0.6428571428571428571428571429,8,SLEEP,Z,0.05191245,0.2006973
7/2/6/7/6/6/5/7/6 3 3,Z,0.5,80,SLEEP,Z,0.07215115,0.2523897
7/2/6/7/6/6/5/7/5 3 3,X,0.5,8,SLEEP,Z,0.09702221,0.367389
7/2/6/7/6/6/5/7/3 3 3,X,0.6111111111111111111111111111,4,SLEEP,Z,0.0555652,0.2031392
7/2/2/7/6/6/3/7/7 3 3,X,0.60,6,SLEEP,Z,0.04546959,0.1781533
7/2/6/7/6/6/3/6/7 3 3,X,0.6111111111111111111111111111,12,SLEEP,Z,0.1734536,0.4474776
7/2/6/7/6/6/3/5/7 3 3,X,0.6111111111111111111111111111,10,SLEEP,Z,0.05815035,0.1858179
7/2/6/7/6/6/3/3/7 3 3,Z,0.6428571428571428571428571429,4,SLEEP,Z,0.02240135,0.08744412
7/2/6/7/6/6/3/7/6 3 3,X,-0.7,6,SLEEP,Z,0.03277615,0.07349867
7/2/6/7/6/6/3/7/5 3 3,X,0.6111111111111111111111111111,6,SLEEP,Z,0.04569561,0.1499407
7/2/6/7/6/6/3/7/3 3 3,X,0.7222222222222222222222222222,8,SLEEP,Z,0.08469251,0.2522612
7/2/6/7/6/6/7/2/7 3 3,X,0.5,6,SLEEP,Z,0.03779134,0.1441256
7/2/6/7/6/6/7/6/6 3 3,Z,0.5,6,SLEEP,Z,0.04169797,0.1699651
7/2/6/7/6/6/7/6/5 3 3,X,0.5,6,SLEEP,Z,0.07709666,0.2434707
7/2/6/7/6/6/7/6/3 3 3,X,0.6111111111111111111111111111,10,SLEEP,Z,0.08801513,0.3822837
7/2/6/7/6/6/7/5/6 3 3,Z,0.5,6,SLEEP,Z,0.1340362,0.2993234
7/2/6/7/6/6/7/5/5 3 3,X,0.5,6,SLEEP,Z,0.03642576,0.1484153
7/2/6/7/6/6/7/5/3 3 3,X,0.6111111111111111111111111111,6,SLEEP,Z,0.05368273,0.2066217
7/2/6/7/6/6/7/3/6 3 3,Z,0.6428571428571428571428571429,2,SLEEP,Z,0.02624081,0.07711258
7/2/6/7/6/6/7/3/5 3 3,Z,0.6428571428571428571428571429,2,SLEEP,Z,0.01996084,0.07728872
7/2/6/7/6/6/7/3/3 3 3,Z,0.6428571428571428571428571429,4,SLEEP,Z,0.0571775,0.1698624
7/2/6/7/6/6/7/7/4 3 3,Z,0.5,6,SLEEP,Z,0.07330729,0.2218943
7/2/6/7/6/6/7/7/2 3 3,X,0.5,4,SLEEP,Z,0.03734887,0.1108199
7/2/6/7/6/6/7/7/1 3 3,X,0.6111111111111111111111111111,8,SLEEP,Z,0.08759703,0.2372629
7/2/2/7/6/6/7/7/3 3 3,X,0.60,62,SLEEP,Z,0.04079461,0.1521772
7/2/6/7/6/5/2/7/7 3 3,X,0.5,4,SLEEP,Z,0.05028798,0.1659505
7/2/6/7/6/5/6/6/7 3 3,X,0.5,6,SLEEP,Z,0.0293803,0.1253014
7/2/6/7/6/5/6/5/7 3 3,X,0.5,4,SLEEP,Z,0.02294569,0.0814905
7/2/6/7/6/5/6/3/7 3 3,X,0.5,6,SLEEP,Z,0.06185211,0.145331
7/2/6/7/6/5/6/7/6 3 3,X,0.3,2,SLEEP,Z,0,0
7/2/6/7/6/5/6/7/5 3 3,X,0.5,2,SLEEP,Z,0.02573021,0.09832143
7/2/6/7/6/5/6/7/3 3 3,X,0.7,4,SLEEP,Z,0.1433505,0.2416846
7/2/6/7/6/5/5/6/7 3 3,X,0.5,4,SLEEP,Z,0.03631308,0.1501062
7/2/6/7/6/5/5/5/7 3 3,X,0.5,6,SLEEP,Z,0.02921699,0.1003736
7/2/6/7/6/5/5/3/7 3 3,X,0.5,6,SLEEP,Z,0.02536216,0.1095187
7/2/6/7/6/5/5/7/6 3 3,X,0.3888888888888888888888888889,4,SLEEP,Z,0.02348887,0.09396946
7/2/6/7/6/5/5/7/5 3 3,X,0.5,2,SLEEP,Z,0.01563813,0.07547225
7/2/6/7/6/5/5/7/3 3 3,X,0.6111111111111111111111111111,6,SLEEP,Z,0.06246036,0.2084677
7/2/6/7/6/5/3/6/7 3 3,X,0.6111111111111111111111111111,8,SLEEP,Z,0.1685798,0.4527996
7/2/6/7/6/5/3/5/7 3 3,X,0.6111111111111111111111111111,8,SLEEP,Z,0.09346009,0.2551969
7/2/6/7/6/5/3/3/7 3 3,X,0.6111111111111111111111111111,6,SLEEP,Z,0.02654021,0.1014341
7/2/6/7/6/5/3/7/6 3 3,X,-0.7,4,SLEEP,Z,0.04601854,0.1493158
7/2/6/7/6/5/3/7/5 3 3,X,0.6111111111111111111111111111,4,SLEEP,Z,0.05015301,0.1666944
7/2/6/7/6/5/3/7/3 3 3,X,0.7222222222222222222222222222,6,SLEEP,Z,0.08218975,0.2823235
7/2/2/7/6/5/7/6/7 3 3,X,0.5,40,SLEEP,Z,0.07276878,0.2566812
7/2/6/7/6/5/7/2/7 3 3,X,0.5,2,SLEEP,Z,0.02274579,0.07878431
7/2/6/7/6/5/7/6/6 3 3,Z,0.5,4,SLEEP,Z,0.07022639,0.1844673
7/2/6/7/6/5/7/6/5 3 3,X,0.5,8,SLEEP,Z,0.05972148,0.2254129
7/2/6/7/6/5/7/6/3 3 3,X,0.6111111111111111111111111111,12,SLEEP,Z,0.1494652,0.3985449
7/2/6/7/6/5/7/5/6 3 3,X,0.3888888888888888888888888889,2,SLEEP,Z,0.04826917,0.1487458
7/2/6/7/6/5/7/5/5 3 3,X,0.5,4,SLEEP,Z,0.08219814,0.2122828
7/2/6/7/6/5/7/5/3 3 3,X,0.6111111111111111111111111111,4,SLEEP,Z,0.0335632,0.1017813
7/2/6/7/6/5/7/3/6 3 3,Z,-0.5,4,SLEEP,Z,0.03678576,0.1008911
7/2/6/7/6/5/7/3/3 3 3,X,0.6111111111111111111111111111,16,SLEEP,Z,0.05789115,0.1989406
7/2/6/7/6/5/7/7/4 3 3,X,0.3888888888888888888888888889,4,SLEEP,Z,0.02953368,0.111833
7/2/6/7/6/5/7/7/2 3 3,X,0.5,6,SLEEP,Z,0.05364258,0.1773086
7/2/6/7/6/5/7/3/5 3 3,X,0.5,4,SLEEP,Z,0.02575423,0.1013827
7/2/6/7/6/5/7/7/1 3 3,X,0.6111111111111111111111111111,8,SLEEP,Z,0.1268777,0.3390384
7/2/6/7/6/3/2/7/7 3 3,X,0.5,6,SLEEP,Z,0.04994171,0.1497386
7/2/6/7/6/3/6/6/7 3 3,Z,-0.6428571428571428571428571429,4,SLEEP,Z,0.02913282,0.09825789
7/2/6/7/6/3/6/5/7 3 3,Z,-0.5,4,SLEEP,Z,0.02740444,0.09227268
7/2/6/7/6/3/6/3/7 3 3,X,0.5,4,SLEEP,Z,0.04974588,0.2070384
7/2/6/7/6/3/6/7/6 3 3,Z,-0.5,4,SLEEP,Z,0.1024658,0.3243971
7/2/6/7/6/3/6/7/5 3 3,Z,-0.5,4,SLEEP,Z,0.06733055,0.1044689
7/2/6/7/6/3/6/7/3 3 3,X,0.7,6,SLEEP,Z,0.06604851,0.1947408
7/2/6/7/6/3/5/6/7 3 3,Z,-0.6428571428571428571428571429,6,SLEEP,Z,0.05542951,0.1735117
7/2/6/7/6/3/5/5/7 3 3,X,0.5,4,SLEEP,Z,0.08844966,0.1040178
7/2/6/7/6/3/5/3/7 3 3,X,0.5,6,SLEEP,Z,0.04252767,0.1848189
7/2/6/7/6/3/5/7/6 3 3,Z,-0.5,4,SLEEP,Z,0.07209047,0.2864276
7/2/6/7/6/3/5/7/5 3 3,X,0.5,4,SLEEP,Z,0.06985255,0.197066
7/2/6/7/6/3/5/7/3 3 3,X,0.6111111111111111111111111111,12,SLEEP,Z,0.1201973,0.3257367
7/2/6/7/6/3/3/6/7 3 3,Z,-0.6428571428571428571428571429,8,SLEEP,Z,0.1436023,0.4218173
7/2/6/7/6/3/3/5/7 3 3,X,0.6111111111111111111111111111,6,SLEEP,Z,0.04489854,0.1697973
7/2/6/7/6/3/3/3/7 3 3,X,0.6111111111111111111111111111,10,SLEEP,Z,0.09701779,0.3411968
7/2/6/7/6/3/3/7/6 3 3,X,-0.7,4,SLEEP,Z,0.02074279,0.08351794
7/2/6/7/6/3/3/7/5 3 3,X,0.6111111111111111111111111111,8,SLEEP,Z,0.06702184,0.2395206
7/2/6/7/6/3/3/7/3 3 3,X,0.7222222222222222222222222222,8,SLEEP,Z,0.1712169,0.3489663
7/2/6/7/6/3/7/2/7 3 3,X,0.5,4,SLEEP,Z,0.08400982,0.2233205
7/2/6/7/6/3/7/6/6 3 3,Z,-0.6428571428571428571428571429,4,SLEEP,Z,0.02139903,0.08901588
7/2/6/7/6/3/7/6/5 3 3,Z,-0.6428571428571428571428571429,6,SLEEP,Z,0.08850358,0.2484882
7/2/6/7/6/3/7/6/3 3 3,Z,-0.6428571428571428571428571429,4,SLEEP,Z,0.04913293,0.128537
7/2/6/7/6/3/7/5/6 3 3,Z,-0.5,4,SLEEP,Z,0.0480842,0.09922685
7/2/6/7/6/3/7/5/5 3 3,X,0.5,6,SLEEP,Z,0.03774444,0.1241047
7/2/6/7/6/3/7/5/3 3 3,X,0.6111111111111111111111111111,8,SLEEP,Z,0.06349862,0.2068059
7/2/6/7/6/3/7/3/6 3 3,Z,-0.5,6,SLEEP,Z,0.07557126,0.2390115
7/2/6/7/6/3/7/3/5 3 3,X,0.5,12,SLEEP,Z,0.04536695,0.1669432
7/2/6/7/6/3/7/3/3 3 3,X,0.6111111111111111111111111111,8,SLEEP,Z,0.06061151,0.2138742
7/2/6/7/6/3/7/7/4 3 3,Z,-0.5,4,SLEEP,Z,0.03896906,0.08446576
7/2/6/7/6/3/7/7/2 3 3,X,0.5,4,SLEEP,Z,0.05326045,0.1723107
7/2/6/7/6/3/7/7/1 3 3,X,0.6111111111111111111111111111,8,SLEEP,Z,0.1315889,0.3023891
7/2/6/7/6/7/2/6/7 3 3,X,0.5,4,SLEEP,Z,0.111564,0.2084272
7/2/6/7/6/7/2/5/7 3 3,X,0.5,2,SLEEP,Z,0.02193229,0.07819355
7/2/6/7/6/7/2/3/7 3 3,X,0.5,6,SLEEP,Z,0.04552064,0.1523987
7/2/6/7/6/7/2/7/6 3 3,X,-0.4,2,SLEEP,Z,0,0
7/2/6/7/6/7/2/7/5 3 3,X,0.5,4,SLEEP,Z,0.04581943,0.1476282
7/2/6/7/6/7/2/7/3 3 3,X,0.6111111111111111111111111111,4,SLEEP,Z,0.06105378,0.2020158
7/2/6/7/6/7/6/2/7 3 3,X,0.5,2,SLEEP,Z,0.06758816,0.1251569
7/2/6/7/6/7/6/6/6 3 3,Z,0.5,6,SLEEP,Z,0.04472433,0.1601428
7/2/6/7/6/7/6/6/5 3 3,X,0.5,4,SLEEP,Z,0.02986038,0.1235993
7/2/6/7/6/7/6/6/3 3 3,X,0.75,6,SLEEP,Z,0.07479981,0.1981859
7/2/6/7/6/7/6/5/6 3 3,X,0.2857142857142857142857142857,2,SLEEP,Z,0.002380252,0.008929318
7/2/6/7/6/7/6/5/5 3 3,X,0.5,2,SLEEP,Z,0,0
7/2/6/7/6/7/6/5/3 3 3,X,0.75,2,SLEEP,Z,0.02773395,0.07055349
7/2/6/7/6/7/6/3/6 3 3,Z,-0.5,2,SLEEP,Z,0.009298276,0.03696862
7/2/6/7/6/7/6/3/5 3 3,X,0.5,4,SLEEP,Z,0.02773834,0.1077591
7/2/6/7/6/7/6/3/3 3 3,X,0.75,8,SLEEP,Z,0.04392935,0.169928
7/2/6/7/6/7/6/7/4 3 3,X,0.2857142857142857142857142857,2,SLEEP,Z,0.006872982,0.02906678
7/2/6/7/6/7/6/7/2 3 3,X,0.5,4,SLEEP,Z,0.03551731,0.1320651
7/2/6/7/6/7/6/7/1 3 3,X,0.75,2,SLEEP,Z,0.04325641,0.1213376
7/2/6/7/6/7/5/2/7 3 3,X,0.5,4,SLEEP,Z,0.06325884,0.1054687
7/2/6/7/6/7/5/6/6 3 3,Z,0.5,4,SLEEP,Z,0.02852898,0.1250142
7/2/6/7/6/7/5/6/5 3 3,X,0.5,4,SLEEP,Z,0.02538311,0.09135981
7/2/6/7/6/7/5/6/3 3 3,X,0.6111111111111111111111111111,6,SLEEP,Z,0.1598064,0.3964995
7/2/6/7/6/7/5/5/6 3 3,X,0.3888888888888888888888888889,2,SLEEP,Z,0,0
7/2/6/7/6/7/5/5/5 3 3,X,0.5,4,SLEEP,Z,0.04658451,0.1491246
7/2/6/7/6/7/5/5/3 3 3,X,0.6111111111111111111111111111,8,SLEEP,Z,0.08454438,0.2946789
7/2/6/7/6/7/5/3/6 3 3,Z,-0.5,6,SLEEP,Z,0.04123513,0.135596
7/2/6/7/6/7/5/3/5 3 3,X,0.5,6,SLEEP,Z,0.03573396,0.1619359
7/2/6/7/6/7/5/3/3 3 3,X,0.6111111111111111111111111111,8,SLEEP,Z,0.06172695,0.2493626
7/2/6/7/6/7/5/7/4 3 3,X,0.3888888888888888888888888889,2,SLEEP,Z,0.01923897,0.07704251
7/2/6/7/6/7/5/7/2 3 3,X,0.5,2,SLEEP,Z,0.02092564,0.06510935
7/2/6/7/6/7/5/7/1 3 3,X,0.6111111111111111111111111111,8,SLEEP,Z,0.09369473,0.2648626
7/2/6/7/6/7/3/2/7 3 3,X,0.6111111111111111111111111111,6,SLEEP,Z,0.1463663,0.3955874
7/2/6/7/6/7/3/6/6 3 3,X,-0.75,4,SLEEP,Z,0.03183363,0.1316247
7/2/6/7/6/7/3/6/5 3 3,X,0.6111111111111111111111111111,8,SLEEP,Z,0.0745525,0.2619358
7/2/6/7/6/7/3/6/3 3 3,X,0.7222222222222222222222222222,10,SLEEP,Z,0.08622166,0.2844591
7/2/6/7/6/7/3/5/6 3 3,X,-0.75,4,SLEEP,Z,0.1113574,0.4187305
7/2/6/7/6/7/3/5/5 3 3,X,0.6111111111111111111111111111,6,SLEEP,Z,0.1849624,0.4674188
7/2/6/7/6/7/3/5/3 3 3,X,0.7222222222222222222222222222,4,SLEEP,Z,0.05837721,0.2031092
7/2/6/7/6/7/3/3/6 3 3,X,-0.75,4,SLEEP,Z,0.08263275,0.2291406
7/2/6/7/6/7/3/3/5 3 3,X,0.6111111111111111111111111111,10,SLEEP,Z,0.09860028,0.2533391
7/2/6/7/6/7/3/3/3 3 3,X,0.7222222222222222222222222222,22,SLEEP,Z,0.05885236,0.2105397
7/2/6/7/6/7/3/7/4 3 3,X,-0.75,2,SLEEP,Z,0.03568621,0.120296
7/2/6/7/6/7/3/7/2 3 3,X,0.6111111111111111111111111111,2,SLEEP,Z,0,0
7/2/6/7/6/7/3/7/1 3 3,X,0.7222222222222222222222222222,8,SLEEP,Z,0.1614921,0.3946267
7/2/6/7/6/7/7/2/6 3 3,X,0.3888888888888888888888888889,2,SLEEP,Z,0.04648255,0.1539608
7/2/6/7/6/7/7/2/5 3 3,X,0.5,6,SLEEP,Z,0.02590055,0.1061484
7/2/6/7/6/7/7/2/3 3 3,X,0.6111111111111111111111111111,4,SLEEP,Z,0.05502693,0.186373
7/2/6/7/6/7/7/6/4 3 3,Z,0.5,4,SLEEP,Z,0.03255084,0.1266482
7/2/6/7/6/7/7/6/2 3 3,X,0.5,6,SLEEP,Z,0.1062755,0.2932901
7/2/6/7/6/7/7/6/1 3 3,X,0.6111111111111111111111111111,8,SLEEP,Z,0.09627238,0.2921055
7/2/6/7/6/7/7/5/4 3 3,X,0.3888888888888888888888888889,2,SLEEP,Z,0.01059197,0.04196497
7/2/6/7/6/7/7/5/2 3 3,X,0.5,2,SLEEP,Z,0.01861941,0.07358744
7/2/6/7/6/7/7/5/1 3 3,X,0.6111111111111111111111111111,4,SLEEP,Z,0.02909675,0.1078421
7/2/6/7/6/7/7/3/4 3 3,Z,-0.5,4,SLEEP,Z,0.05195722,0.1469864
7/2/6/7/6/7/7/3/2 3 3,X,0.5,6,SLEEP,Z,0.1178041,0.3233902
7/2/6/7/6/7/7/3/1 3 3,X,0.6111111111111111111111111111,6,SLEEP,Z,0.1555411,0.4857914
7/2/6/7/5/2/6/7/7 3 3,X,0.5,6,SLEEP,Z,0.04016044,0.1444905
7/2/6/7/5/2/5/7/7 3 3,X,0.5,4,SLEEP,Z,0.03735377,0.1002829
7/2/6/7/5/2/3/7/7 3 3,X,0.5714285714285714285714285714,6,SLEEP,Z,0.0624259,0.1754021
7/2/6/7/5/2/7/6/7 3 3,X,0.5,6,SLEEP,Z,0.07135092,0.2079441
7/2/6/7/5/2/7/5/7 3 3,X,0.5,4,SLEEP,Z,0.0270481,0.1060207
7/2/6/7/5/2/7/3/7 3 3,X,0.5,6,SLEEP,Z,0.05487065,0.2282923
7/2/6/7/5/2/7/7/6 3 3,X,0.4285714285714285714285714286,2,SLEEP,Z,0.03186287,0.1243065
7/2/6/7/5/2/7/7/5 3 3,X,0.5,6,SLEEP,Z,0.08886752,0.2866439
7/2/6/7/5/2/7/7/3 3 3,X,0.5714285714285714285714285714,8,SLEEP,Z,0.05793963,0.215285
7/2/6/7/5/6/2/7/7 3 3,X,0.5,4,SLEEP,Z,0.05863608,0.2642483
7/2/6/7/5/6/6/6/7 3 3,X,0.5,6,SLEEP,Z,0.09197462,0.2571681
7/2/6/7/5/6/6/5/7 3 3,Z,0.5,10,SLEEP,Z,0.05479697,0.1864332
7/2/6/7/5/6/6/3/7 3 3,Z,0.6428571428571428571428571429,4,SLEEP,Z,0.03744118,0.06232541
7/2/6/7/5/6/6/7/6 3 3,Z,0.5,6,SLEEP,Z,0.03955356,0.1309977
7/2/6/7/5/6/6/7/5 3 3,Z,0.5,4,SLEEP,Z,0.03679811,0.1510365
7/2/6/7/5/6/6/7/3 3 3,X,0.7,8,SLEEP,Z,0.1310686,0.2711468
7/2/6/7/5/6/5/6/7 3 3,X,0.5,6,SLEEP,Z,0.0578728,0.2143223
7/2/6/7/5/6/5/5/7 3 3,X,0.5,10,SLEEP,Z,0.06341876,0.2131726
7/2/6/7/5/6/5/3/7 3 3,Z,0.6428571428571428571428571429,6,SLEEP,Z,0.05228599,0.1652999
7/2/6/7/5/6/5/7/6 3 3,Z,0.5,6,SLEEP,Z,0.0738335,0.3648927
7/2/6/7/5/6/5/7/5 3 3,X,0.5,6,SLEEP,Z,0.03991445,0.135294
7/2/6/7/5/6/5/7/3 3 3,X,0.5714285714285714285714285714,4,SLEEP,Z,0.05278436,0.1845722
7/2/6/7/5/6/3/6/7 3 3,X,0.5714285714285714285714285714,12,SLEEP,Z,0.1042094,0.3492471
7/2/6/7/5/6/3/5/7 3 3,X,0.5714285714285714285714285714,6,SLEEP,Z,0.0357676,0.1122717
7/2/6/7/5/6/3/3/7 3 3,Z,0.6428571428571428571428571429,6,SLEEP,Z,0.06178091,0.2359361
7/2/6/7/5/6/3/7/6 3 3,X,-0.7,4,SLEEP,Z,0.03754321,0.1377687
7/2/6/7/5/6/3/7/5 3 3,X,0.5714285714285714285714285714,6,SLEEP,Z,0.05398969,0.2031939
7/2/6/7/5/6/3/7/3 3 3,X,0.6428571428571428571428571428,6,SLEEP,Z,0.0649299,0.2364034
7/2/6/7/5/6/7/2/7 3 3,X,0.5,8,SLEEP,Z,0.03982351,0.165262
7/2/6/7/5/6/7/6/5 3 3,X,0.5,6,SLEEP,Z,0.04767609,0.1947555
7/2/6/7/5/6/7/6/3 3 3,X,0.5714285714285714285714285714,8,SLEEP,Z,0.08924491,0.3404104
7/2/6/7/5/6/7/5/6 3 3,Z,0.5,4,SLEEP,Z,0.03716473,0.06609369
7/2/6/7/5/6/7/5/5 3 3,X,0.5,2,SLEEP,Z,0.01743715,0.0730187
7/2/6/7/5/6/7/5/3 3 3,X,0.5714285714285714285714285714,14,SLEEP,Z,0.08755863,0.3738586
7/2/6/7/5/6/7/3/6 3 3,Z,0.6428571428571428571428571429,4,SLEEP,Z,0.06764559,0.203284
7/2/6/7/5/6/7/3/5 3 3,Z,0.6428571428571428571428571429,4,SLEEP,Z,0.02307344,0.09264741
7/2/6/7/5/6/7/3/3 3 3,Z,0.6428571428571428571428571429,6,SLEEP,Z,0.0855971,0.280144
7/2/6/7/5/6/7/6/6 3 3,Z,0.5,4,SLEEP,Z,0.03225447,0.1495887
7/2/6/7/5/6/7/7/4 3 3,Z,0.5,6,SLEEP,Z,0.03331142,0.1317201
7/2/6/7/5/6/7/7/2 3 3,X,0.5,6,SLEEP,Z,0.03562759,0.1551098
7/2/6/7/5/6/7/7/1 3 3,X,0.5714285714285714285714285714,8,SLEEP,Z,0.1398979,0.4468262
7/2/6/7/5/5/2/7/7 3 3,X,0.5,2,SLEEP,Z,0.03653735,0.08838015
7/2/6/7/5/5/6/6/7 3 3,X,0.5,4,SLEEP,Z,0.04070502,0.1363832
7/2/6/7/5/5/6/5/7 3 3,X,0.5,4,SLEEP,Z,0.04570873,0.1001769
7/2/6/7/5/5/6/3/7 3 3,X,0.5,2,SLEEP,Z,0.02293893,0.08310898
7/2/6/7/5/5/6/7/6 3 3,X,0.3571428571428571428571428572,4,SLEEP,Z,0.07183228,0.3796966
7/2/6/7/5/5/6/7/5 3 3,X,0.5,4,SLEEP,Z,0.05976451,0.1847102
7/2/6/7/5/5/6/7/3 3 3,X,0.7,6,SLEEP,Z,0.05170372,0.1613829
7/2/6/7/5/5/5/6/7 3 3,X,0.5,10,SLEEP,Z,0.09155276,0.2594023
7/2/6/7/5/5/5/5/7 3 3,X,0.5,4,SLEEP,Z,0.05000155,0.1172762
7/2/6/7/5/5/5/3/7 3 3,X,0.5,4,SLEEP,Z,0.03265045,0.1322771
7/2/6/7/5/5/5/7/6 3 3,X,0.4285714285714285714285714286,2,SLEEP,Z,0.03083223,0.3811753
7/2/6/7/5/5/5/7/5 3 3,X,0.5,6,SLEEP,Z,0.09109334,0.2647536
7/2/6/7/5/5/5/7/3 3 3,X,0.5714285714285714285714285714,6,SLEEP,Z,0.09579387,0.2685004
7/2/6/7/5/5/3/6/7 3 3,X,0.5714285714285714285714285714,8,SLEEP,Z,0.04657441,0.1795847
7/2/6/7/5/5/3/5/7 3 3,X,0.5714285714285714285714285714,4,SLEEP,Z,0.03803965,0.137304
7/2/6/7/5/5/3/3/7 3 3,X,0.5714285714285714285714285714,4,SLEEP,Z,0.04541643,0.1753921
7/2/6/7/5/5/3/7/6 3 3,X,-0.7,4,SLEEP,Z,0.124976,0.4293734
7/2/6/7/5/5/3/7/5 3 3,X,0.5714285714285714285714285714,6,SLEEP,Z,0.04828261,0.1990848
7/2/6/7/5/5/3/7/3 3 3,X,0.6428571428571428571428571428,6,SLEEP,Z,0.06058158,0.2255379
7/2/6/7/5/5/7/2/7 3 3,X,0.5,2,SLEEP,Z,0.01005948,0.03909518
7/2/6/7/5/5/7/6/6 3 3,Z,0.5,6,SLEEP,Z,0.04060457,0.1698338
7/2/6/7/5/5/7/6/5 3 3,X,0.5,4,SLEEP,Z,0.03274065,0.1416183
7/2/6/7/5/5/7/6/3 3 3,X,0.5714285714285714285714285714,8,SLEEP,Z,0.03754625,0.1913203
7/2/6/7/5/5/7/5/6 3 3,X,0.4285714285714285714285714286,2,SLEEP,Z,0.008836956,0.02916038
7/2/6/7/5/5/7/5/5 3 3,X,0.5,4,SLEEP,Z,0.03241946,0.1313514
7/2/6/7/5/5/7/5/3 3 3,X,0.5714285714285714285714285714,4,SLEEP,Z,0.0506454,0.1948341
7/2/6/7/5/5/7/3/6 3 3,Z,-0.5,4,SLEEP,Z,0.03100694,0.1392774
7/2/6/7/5/5/7/3/5 3 3,X,0.5,4,SLEEP,Z,0.03651655,0.1390759
7/2/6/7/5/5/7/3/3 3 3,X,0.5714285714285714285714285714,8,SLEEP,Z,0.03653558,0.1493507
7/2/6/7/5/5/7/7/4 3 3,X,0.4285714285714285714285714286,4,SLEEP,Z,0.03710553,0.1462947
7/2/6/7/5/5/7/7/2 3 3,X,0.5,4,SLEEP,Z,0.0273407,0.1104432
7/2/6/7/5/5/7/7/1 3 3,X,0.5714285714285714285714285714,6,SLEEP,Z,0.07613845,0.2228038
7/2/6/7/5/3/2/7/7 3 3,X,0.5,6,SLEEP,Z,0.05360796,0.153222
7/2/6/7/5/3/6/6/7 3 3,Z,-0.6428571428571428571428571429,2,SLEEP,Z,0.01388623,0.05280211
7/2/6/7/5/3/6/5/7 3 3,Z,-0.5,6,SLEEP,Z,0.03887362,0.1439763
7/2/6/7/5/3/6/3/7 3 3,X,0.5,4,SLEEP,Z,0.04057207,0.1841495
7/2/6/7/5/3/6/7/6 3 3,Z,-0.5,2,SLEEP,Z,0.03306839,0.05980872
7/2/6/7/5/3/6/7/5 3 3,Z,-0.5,2,SLEEP,Z,0.0418823,0.07050212
7/2/6/7/5/3/6/7/3 3 3,X,0.7,4,SLEEP,Z,0.06005956,0.1506844
7/2/6/7/5/3/5/6/7 3 3,Z,-0.6428571428571428571428571429,6,SLEEP,Z,0.03065201,0.11793
7/2/6/7/5/3/5/5/7 3 3,X,0.5,6,SLEEP,Z,0.04861284,0.1734976
7/2/6/7/5/3/5/3/7 3 3,X,0.5,6,SLEEP,Z,0.05029924,0.1978877
7/2/6/7/5/3/5/7/6 3 3,Z,-0.5,4,SLEEP,Z,0.02528549,0.09271141
7/2/6/7/5/3/5/7/5 3 3,X,0.5,8,SLEEP,Z,0.06689838,0.2505947
7/2/6/7/5/3/5/7/3 3 3,X,0.5714285714285714285714285714,8,SLEEP,Z,0.05567611,0.2075096
7/2/6/7/5/3/3/6/7 3 3,Z,-0.6428571428571428571428571429,6,SLEEP,Z,0.03980522,0.1540924
7/2/6/7/5/3/3/5/7 3 3,X,0.5714285714285714285714285714,4,SLEEP,Z,0.03860672,0.1328643
7/2/6/7/5/3/3/3/7 3 3,X,0.5714285714285714285714285714,10,SLEEP,Z,0.1239399,0.4341263
7/2/6/7/5/3/3/7/6 3 3,X,-0.7,4,SLEEP,Z,0.0396147,0.1457576
7/2/6/7/5/3/3/7/5 3 3,X,0.5714285714285714285714285714,8,SLEEP,Z,0.08382883,0.281638
7/2/6/7/5/3/3/7/3 3 3,X,0.6428571428571428571428571428,10,SLEEP,Z,0.06318418,0.2384494
7/2/6/7/5/3/7/2/7 3 3,X,0.5,8,SLEEP,Z,0.04514366,0.179633
7/2/6/7/5/3/7/6/6 3 3,Z,-0.6428571428571428571428571429,4,SLEEP,Z,0.02918155,0.1265235
7/2/6/7/5/3/7/6/5 3 3,Z,-0.6428571428571428571428571429,4,SLEEP,Z,0.04746944,0.186284
7/2/6/7/5/3/7/6/3 3 3,Z,-0.6428571428571428571428571429,6,SLEEP,Z,0.04673152,0.19436
7/2/6/7/5/3/7/5/6 3 3,Z,-0.5,2,SLEEP,Z,0.02814869,0.0542758
7/2/6/7/5/3/7/5/5 3 3,X,0.5,8,SLEEP,Z,0.1042131,0.2999869
7/2/6/7/5/3/7/5/3 3 3,X,0.5714285714285714285714285714,6,SLEEP,Z,0.03766695,0.1512219
7/2/6/7/5/3/7/3/6 3 3,Z,-0.5,4,SLEEP,Z,0.04428164,0.1793406
7/2/6/7/5/3/7/3/5 3 3,X,0.5,6,SLEEP,Z,0.07810979,0.2446958
7/2/6/7/5/3/7/3/3 3 3,X,0.5714285714285714285714285714,8,SLEEP,Z,0.02720003,0.1136608
7/2/6/7/5/3/7/7/4 3 3,Z,-0.5,4,SLEEP,Z,0.03981344,0.1692457
7/2/6/7/5/3/7/7/2 3 3,X,0.5,6,SLEEP,Z,0.03956356,0.1530874
7/2/6/7/5/3/7/7/1 3 3,X,0.5714285714285714285714285714,6,SLEEP,Z,0.04411306,0.1836056
7/2/6/7/5/7/2/6/7 3 3,X,0.5,4,SLEEP,Z,0.0945927,0.3654665
7/2/6/7/5/7/2/5/7 3 3,X,0.5,2,SLEEP,Z,0,0
7/2/6/7/5/7/2/3/7 3 3,X,0.5,8,SLEEP,Z,0.03765521,0.1391897
7/2/6/7/5/7/2/7/6 3 3,X,0.4285714285714285714285714286,2,SLEEP,Z,0,0
7/2/6/7/5/7/2/7/5 3 3,X,0.5,4,SLEEP,Z,0.03290791,0.1184362
7/2/6/7/5/7/2/7/3 3 3,X,0.5714285714285714285714285714,6,SLEEP,Z,0.05560636,0.1973645
7/2/6/7/5/7/6/2/7 3 3,X,0.5,6,SLEEP,Z,0.03982468,0.1194991
7/2/6/7/5/7/6/6/6 3 3,Z,0.5,2,SLEEP,Z,0.02464036,0.1059003
7/2/6/7/5/7/6/6/5 3 3,X,0.5,6,SLEEP,Z,0.07322916,0.1829689
7/2/6/7/5/7/6/6/3 3 3,X,0.75,6,SLEEP,Z,0.1243391,0.2202374
7/2/6/7/5/7/6/5/6 3 3,X,0.3571428571428571428571428572,4,SLEEP,Z,0.05170982,0.1425749
7/2/6/7/5/7/6/5/5 3 3,X,0.5,4,SLEEP,Z,0.03473571,0.1268279
7/2/6/7/5/7/6/5/3 3 3,X,0.75,4,SLEEP,Z,0.03964927,0.1359061
7/2/6/7/5/7/6/3/6 3 3,Z,-0.5,2,SLEEP,Z,0.01407642,0.06471835
7/2/6/7/5/7/6/3/5 3 3,X,0.5,6,SLEEP,Z,0.03620455,0.1117727
7/2/6/7/5/7/6/3/3 3 3,X,0.75,10,SLEEP,Z,0.1389021,0.3023289
7/2/6/7/5/7/6/7/4 3 3,X,0.3571428571428571428571428572,2,SLEEP,Z,0.01622941,0.06752428
7/2/6/7/5/7/6/7/2 3 3,X,0.5,2,SLEEP,Z,0.01724217,0.07047081
7/2/6/7/5/7/6/7/1 3 3,X,0.75,4,SLEEP,Z,0.02310819,0.08659577
7/2/6/7/5/7/5/2/7 3 3,X,0.5,2,SLEEP,Z,0.02411019,0.09795106
7/2/6/7/5/7/5/6/6 3 3,Z,0.5,6,SLEEP,Z,0.07326172,0.2937001
7/2/6/7/5/7/5/6/5 3 3,X,0.5,4,SLEEP,Z,0.05616278,0.1992327
7/2/6/7/5/7/5/6/3 3 3,X,0.5714285714285714285714285714,6,SLEEP,Z,0.07725938,0.2598275
7/2/6/7/5/7/5/5/6 3 3,X,0.4285714285714285714285714286,2,SLEEP,Z,0.01766353,0.04938125
7/2/6/7/5/7/5/5/5 3 3,X,0.5,2,SLEEP,Z,0.03075203,0.07354123
7/2/6/7/5/7/5/5/3 3 3,X,0.5714285714285714285714285714,4,SLEEP,Z,0.04363507,0.1765328
7/2/6/7/5/7/5/3/6 3 3,Z,-0.5,6,SLEEP,Z,0.0716578,0.2176436
7/2/6/7/5/7/5/3/5 3 3,X,0.5,6,SLEEP,Z,0.02874002,0.1132484
7/2/6/7/5/7/5/3/3 3 3,X,0.5714285714285714285714285714,10,SLEEP,Z,0.06616817,0.2561781
7/2/6/7/5/7/5/7/4 3 3,X,0.4285714285714285714285714286,4,SLEEP,Z,0.05343853,0.1910309
7/2/6/7/5/7/5/7/2 3 3,X,0.5,2,SLEEP,Z,0.03397077,0.1381581
7/2/6/7/5/7/5/7/1 3 3,X,0.5714285714285714285714285714,8,SLEEP,Z,0.08198405,0.3921717
7/2/6/7/5/7/3/2/7 3 3,X,0.5714285714285714285714285714,8,SLEEP,Z,0.106953,0.3532919
7/2/6/7/5/7/3/6/6 3 3,X,-0.75,8,SLEEP,Z,0.09758671,0.2907717
7/2/6/7/5/7/3/6/5 3 3,X,0.5714285714285714285714285714,8,SLEEP,Z,0.03541952,0.14245
7/2/6/7/5/7/3/6/3 3 3,X,0.6428571428571428571428571428,8,SLEEP,Z,0.09376612,0.3472451
7/2/6/7/5/7/3/5/6 3 3,X,-0.75,2,SLEEP,Z,0.02501506,0.07852291
7/2/6/7/5/7/3/5/5 3 3,X,0.5714285714285714285714285714,4,SLEEP,Z,0.1283678,0.3428458
7/2/6/7/5/7/3/5/3 3 3,X,0.6428571428571428571428571428,8,SLEEP,Z,0.09734509,0.3149745
7/2/6/7/5/7/3/3/6 3 3,X,-0.75,6,SLEEP,Z,0.05188635,0.158616
7/2/6/7/5/7/3/3/5 3 3,X,0.5714285714285714285714285714,6,SLEEP,Z,0.04310416,0.1566174
7/2/6/7/5/7/3/3/3 3 3,X,0.6428571428571428571428571428,10,SLEEP,Z,0.07565776,0.3007953
7/2/6/7/5/7/3/7/4 3 3,X,-0.75,6,SLEEP,Z,0.04474135,0.1666617
7/2/6/7/5/7/3/7/2 3 3,X,0.5714285714285714285714285714,4,SLEEP,Z,0.03590945,0.1350893
7/2/6/7/5/7/3/7/1 3 3,X,0.6428571428571428571428571428,6,SLEEP,Z,0.05987261,0.2559912
7/2/6/7/5/7/7/2/6 3 3,X,0.4285714285714285714285714286,4,SLEEP,Z,0.03558381,0.1430171
7/2/6/7/5/7/7/2/5 3 3,X,0.5,6,SLEEP,Z,0.06918658,0.2133096
7/2/6/7/5/7/7/2/3 3 3,X,0.5714285714285714285714285714,6,SLEEP,Z,0.04023005,0.1559571
7/2/6/7/5/7/7/6/4 3 3,Z,0.5,6,SLEEP,Z,0.02604855,0.1018884
7/2/6/7/5/7/7/6/2 3 3,X,0.5,6,SLEEP,Z,0.06353891,0.3668374
7/2/2/7/5/7/7/6/5 3 3,Z,0.5,6,SLEEP,Z,0.04654739,0.1544427
7/2/6/7/5/7/7/6/1 3 3,X,0.5714285714285714285714285714,6,SLEEP,Z,0.0471403,0.2166945
7/2/6/7/5/7/7/5/4 3 3,X,0.4285714285714285714285714286,4,SLEEP,Z,0.06893267,0.3476626
7/2/6/7/5/7/7/5/2 3 3,X,0.5,2,SLEEP,Z,0.04265401,0.1547771
7/2/6/7/5/7/7/5/1 3 3,X,0.5714285714285714285714285714,6,SLEEP,Z,0.06289683,0.2589184
7/2/6/7/5/7/7/3/4 3 3,Z,-0.5,6,SLEEP,Z,0.0679425,0.2146097
7/2/6/7/5/7/7/3/2 3 3,X,0.5,6,SLEEP,Z,0.03556969,0.1438107
7/2/6/7/5/7/7/3/1 3 3,X,0.5714285714285714285714285714,6,SLEEP,Z,0.04284771,0.1742076
7/2/6/7/3/2/6/7/7 3 3,X,-0.6111111111111111111111111111,2,SLEEP,Z,0,0
7/2/6/7/3/2/5/7/7 3 3,X,0.5714285714285714285714285714,2,SLEEP,Z,0.03589421,0.1271632
7/2/6/7/3/2/3/7/7 3 3,X,0.6428571428571428571428571428,14,SLEEP,Z,0.07961397,0.4843673
7/2/6/7/3/2/7/6/7 3 3,X,0.5714285714285714285714285714,8,SLEEP,Z,0.07798973,0.1887807
7/2/6/7/3/2/7/5/7 3 3,X,0.5714285714285714285714285714,4,SLEEP,Z,0.06298936,0.2396282
7/2/6/7/3/2/7/3/7 3 3,X,0.5714285714285714285714285714,10,SLEEP,Z,0.03952735,0.114572
7/2/6/7/3/2/7/7/6 3 3,X,-0.6111111111111111111111111111,6,SLEEP,Z,0.0381088,0.1383085
7/2/6/7/3/2/7/7/5 3 3,X,0.5714285714285714285714285714,2,SLEEP,Z,0.01845852,0.07088313
7/2/6/7/3/2/7/7/3 3 3,X,0.6428571428571428571428571428,6,SLEEP,Z,0.05319082,0.2101243
7/2/6/7/3/6/2/7/7 3 3,X,0.5714285714285714285714285714,10,SLEEP,Z,0.04091407,0.1344609
7/2/6/7/3/6/6/6/7 3 3,X,-0.6111111111111111111111111111,4,SLEEP,Z,0.03770859,0.1603583
7/2/6/7/3/6/6/5/7 3 3,X,-0.6111111111111111111111111111,4,SLEEP,Z,0.02996511,0.09691292
7/2/6/7/3/6/6/3/7 3 3,Z,0.6428571428571428571428571429,10,SLEEP,Z,0.03001777,0.09369259
7/2/6/7/3/6/6/7/6 3 3,X,-0.7222222222222222222222222222,2,SLEEP,Z,0.02009797,0.02198392
7/2/6/7/3/6/6/7/5 3 3,X,-0.6111111111111111111111111111,4,SLEEP,Z,0.0333548,0.09916354
7/2/6/7/3/6/6/7/3 3 3,X,0.7,6,SLEEP,Z,0.04407904,0.1459373
7/2/6/7/3/6/5/6/7 3 3,X,0.5714285714285714285714285714,8,SLEEP,Z,0.07055669,0.2567659
7/2/6/7/3/6/5/5/7 3 3,X,0.5714285714285714285714285714,8,SLEEP,Z,0.07235505,0.1920704
7/2/6/7/3/6/5/3/7 3 3,Z,0.6428571428571428571428571429,4,SLEEP,Z,0.03391307,0.1109729
7/2/6/7/3/6/5/7/6 3 3,X,-0.6111111111111111111111111111,2,SLEEP,Z,0,0
7/2/6/7/3/6/5/7/5 3 3,X,0.5714285714285714285714285714,2,SLEEP,Z,0.02113791,0.09923152
7/2/6/7/3/6/5/7/3 3 3,X,0.6428571428571428571428571428,6,SLEEP,Z,0.05321899,0.2073486
7/2/6/7/3/6/3/6/7 3 3,X,0.6428571428571428571428571428,12,SLEEP,Z,0.08745559,0.3096948
7/2/6/7/3/6/3/5/7 3 3,X,0.6428571428571428571428571428,8,SLEEP,Z,0.06903892,0.2706692
7/2/6/7/3/6/3/3/7 3 3,Z,0.6428571428571428571428571429,4,SLEEP,Z,0.02748177,0.1107648
7/2/6/7/3/6/3/7/6 3 3,X,-0.7,4,SLEEP,Z,0.03249093,0.129437
7/2/6/7/3/6/3/7/5 3 3,X,0.6428571428571428571428571428,8,SLEEP,Z,0.1155347,0.3814518
7/2/6/7/3/6/3/7/3 3 3,X,0.7142857142857142857142857143,6,SLEEP,Z,0.05335194,0.1967673
7/2/6/7/3/6/7/2/7 3 3,X,0.5714285714285714285714285714,4,SLEEP,Z,0.02981499,0.1224403
7/2/6/7/3/6/7/6/6 3 3,X,-0.6111111111111111111111111111,6,SLEEP,Z,0.04497978,0.1486125
7/2/6/7/3/6/7/6/5 3 3,X,0.5714285714285714285714285714,10,SLEEP,Z,0.07737525,0.2994535
7/2/6/7/3/6/7/6/3 3 3,X,0.6428571428571428571428571428,8,SLEEP,Z,0.09608128,0.4010277
7/2/6/7/3/6/7/5/6 3 3,X,-0.6111111111111111111111111111,6,SLEEP,Z,0.02924547,0.1159631
7/2/6/7/3/6/7/5/5 3 3,X,0.5714285714285714285714285714,4,SLEEP,Z,0.0236745,0.08859055
7/2/6/7/3/6/7/5/3 3 3,X,0.6428571428571428571428571428,8,SLEEP,Z,0.0977279,0.3543738
7/2/6/7/3/6/7/3/6 3 3,Z,0.6428571428571428571428571429,2,SLEEP,Z,0,0
7/2/6/7/3/6/7/3/5 3 3,Z,0.6428571428571428571428571429,4,SLEEP,Z,0.04516724,0.1696035
7/2/6/7/3/6/7/3/3 3 3,Z,0.6428571428571428571428571429,4,SLEEP,Z,0.04236083,0.1683629
7/2/6/7/3/6/7/7/4 3 3,X,-0.6111111111111111111111111111,6,SLEEP,Z,0.04788033,0.1555903
7/2/6/7/3/6/7/7/2 3 3,X,0.5714285714285714285714285714,6,SLEEP,Z,0.04724064,0.1936441
7/2/6/7/3/6/7/7/1 3 3,X,0.6428571428571428571428571428,8,SLEEP,Z,0.121345,0.4122781
7/2/6/7/3/5/2/7/7 3 3,X,0.5714285714285714285714285714,6,SLEEP,Z,0.05036048,0.1568847
7/2/6/7/3/5/6/6/7 3 3,X,-0.6111111111111111111111111111,4,SLEEP,Z,0.07621446,0.1957743
7/2/6/7/3/5/6/5/7 3 3,X,-0.6111111111111111111111111111,2,SLEEP,Z,0,0
7/2/6/7/3/5/6/3/7 3 3,X,-0.6111111111111111111111111111,6,SLEEP,Z,0.02840809,0.1068552
7/2/6/7/3/5/6/7/6 3 3,X,-0.7222222222222222222222222222,2,SLEEP,Z,0.01767441,0.0612224
7/2/6/7/3/5/6/7/5 3 3,X,-0.6111111111111111111111111111,4,SLEEP,Z,0.03975311,0.1343448
7/2/6/7/3/5/6/7/3 3 3,X,0.7,6,SLEEP,Z,0.04514618,0.1252728
7/2/6/7/3/5/5/6/7 3 3,X,0.5714285714285714285714285714,6,SLEEP,Z,0.04657906,0.1512304
7/2/6/7/3/5/5/5/7 3 3,X,0.5714285714285714285714285714,4,SLEEP,Z,0.03653794,0.1249126
7/2/6/7/3/5/5/3/7 3 3,X,0.5714285714285714285714285714,8,SLEEP,Z,0.04028719,0.1641438
7/2/6/7/3/5/5/7/6 3 3,X,-0.6111111111111111111111111111,2,SLEEP,Z,0,0
7/2/6/7/3/5/5/7/5 3 3,X,0.5714285714285714285714285714,6,SLEEP,Z,0.06112129,0.2263512
7/2/6/7/3/5/5/7/3 3 3,X,0.6428571428571428571428571428,24,SLEEP,Z,0.05142045,0.1897542
7/2/6/7/3/5/3/6/7 3 3,X,0.6428571428571428571428571428,6,SLEEP,Z,0.0468507,0.1841302
7/2/6/7/3/5/3/5/7 3 3,X,0.6428571428571428571428571428,6,SLEEP,Z,0.05573831,0.2041534
7/2/6/7/3/5/3/3/7 3 3,X,0.6428571428571428571428571428,6,SLEEP,Z,0.03728732,0.1367226
7/2/6/7/3/5/3/7/6 3 3,X,-0.7,6,SLEEP,Z,0.0555658,0.1948652
7/2/6/7/3/5/3/7/5 3 3,X,0.6428571428571428571428571428,4,SLEEP,Z,0.071778,0.1789563
7/2/6/7/3/5/3/7/3 3 3,X,0.7142857142857142857142857143,8,SLEEP,Z,0.1113882,0.4127062
7/2/6/7/3/5/7/2/7 3 3,X,0.5714285714285714285714285714,6,SLEEP,Z,0.05688975,0.1646782
7/2/6/7/3/5/7/6/6 3 3,X,-0.6111111111111111111111111111,6,SLEEP,Z,0.01792743,0.08194886
7/2/6/7/3/5/7/6/5 3 3,X,0.5714285714285714285714285714,10,SLEEP,Z,0.04715497,0.1771427
7/2/6/7/3/5/7/6/3 3 3,X,0.6428571428571428571428571428,6,SLEEP,Z,0.07441555,0.264173
7/2/6/7/3/5/7/5/6 3 3,X,-0.6111111111111111111111111111,2,SLEEP,Z,0.09227307,0.4586322
7/2/6/7/3/5/7/5/5 3 3,X,0.5714285714285714285714285714,6,SLEEP,Z,0.04080079,0.1544736
7/2/6/7/3/5/7/5/3 3 3,X,0.6428571428571428571428571428,6,SLEEP,Z,0.03613907,0.1376493
7/2/6/7/3/5/7/3/6 3 3,X,-0.6111111111111111111111111111,4,SLEEP,Z,0.02787125,0.09686967
7/2/6/7/3/5/7/3/5 3 3,X,0.5714285714285714285714285714,8,SLEEP,Z,0.04276137,0.1689474
7/2/6/7/3/5/7/3/3 3 3,X,0.6428571428571428571428571428,10,SLEEP,Z,0.07085561,0.2734537
7/2/6/7/3/5/7/7/4 3 3,X,-0.6111111111111111111111111111,2,SLEEP,Z,0,0
7/2/6/7/3/5/7/7/2 3 3,X,0.5714285714285714285714285714,2,SLEEP,Z,0.03834697,0.1367969
7/2/6/7/3/5/7/7/1 3 3,X,0.6428571428571428571428571428,6,SLEEP,Z,0.06171618,0.244418
7/2/6/7/3/3/2/7/7 3 3,X,0.5714285714285714285714285714,8,SLEEP,Z,0.04278064,0.1409641
7/2/6/7/3/3/6/6/7 3 3,Z,-0.6428571428571428571428571429,2,SLEEP,Z,0.03008038,0.04764049
7/2/6/7/3/3/6/5/7 3 3,X,-0.6111111111111111111111111111,6,SLEEP,Z,0.03437052,0.1369394
7/2/6/7/3/3/6/3/7 3 3,X,-0.6111111111111111111111111111,2,SLEEP,Z,0.04384797,0.1795052
7/2/6/7/3/3/6/7/6 3 3,X,-0.7222222222222222222222222222,2,SLEEP,Z,0.07457718,0.174027
7/2/6/7/3/3/6/7/5 3 3,X,-0.6111111111111111111111111111,2,SLEEP,Z,0.01739576,0.06772087
7/2/6/7/3/3/6/7/3 3 3,X,0.7,4,SLEEP,Z,0.04990793,0.1483154
7/2/6/7/3/3/5/6/7 3 3,Z,-0.6428571428571428571428571429,6,SLEEP,Z,0.03782722,0.1015872
7/2/6/7/3/3/5/5/7 3 3,X,0.5714285714285714285714285714,4,SLEEP,Z,0.04376213,0.1334049
7/2/6/7/3/3/5/3/7 3 3,X,0.5714285714285714285714285714,8,SLEEP,Z,0.07847524,0.2662251
7/2/6/7/3/3/5/7/6 3 3,X,-0.6111111111111111111111111111,4,SLEEP,Z,0.1228323,0.4508449
7/2/6/7/3/3/5/7/5 3 3,X,0.5714285714285714285714285714,6,SLEEP,Z,0.09503163,0.3364556
7/2/6/7/3/3/5/7/3 3 3,X,0.6428571428571428571428571428,10,SLEEP,Z,0.1086888,0.2883784
7/2/6/7/3/3/3/6/7 3 3,Z,-0.6428571428571428571428571429,4,SLEEP,Z,0.0502408,0.1364385
7/2/6/7/3/3/3/5/7 3 3,X,0.6428571428571428571428571428,8,SLEEP,Z,0.07634353,0.2871754
7/2/6/7/3/3/3/3/7 3 3,X,0.6428571428571428571428571428,12,SLEEP,Z,0.07526542,0.2349196
7/2/6/7/3/3/3/7/6 3 3,X,-0.7,8,SLEEP,Z,0.1344845,0.5065382
7/2/6/7/3/3/3/7/5 3 3,X,0.6428571428571428571428571428,4,SLEEP,Z,0.04773721,0.1816426
7/2/6/7/3/3/3/7/3 3 3,X,0.7142857142857142857142857143,10,SLEEP,Z,0.07450765,0.2621999
7/2/6/7/3/3/7/2/7 3 3,X,0.5714285714285714285714285714,10,SLEEP,Z,0.09866292,0.2994235
7/2/6/7/3/3/7/6/6 3 3,Z,-0.6428571428571428571428571429,2,SLEEP,Z,0,0
7/2/6/7/3/3/7/6/5 3 3,Z,-0.6428571428571428571428571429,4,SLEEP,Z,0.03969676,0.1408654
7/2/6/7/3/3/7/6/3 3 3,Z,-0.6428571428571428571428571429,6,SLEEP,Z,0.1105252,0.2811021
7/2/6/7/3/3/7/5/6 3 3,X,-0.6111111111111111111111111111,4,SLEEP,Z,0.1092153,0.2507792
7/2/6/7/3/3/7/5/5 3 3,X,0.5714285714285714285714285714,6,SLEEP,Z,0.02846918,0.1143843
7/2/6/7/3/3/7/5/3 3 3,X,0.6428571428571428571428571428,8,SLEEP,Z,0.06706202,0.2679003
7/2/6/7/3/3/7/3/6 3 3,X,-0.6111111111111111111111111111,2,SLEEP,Z,0.03815628,0.1623689
7/2/6/7/3/3/7/3/5 3 3,X,0.5714285714285714285714285714,8,SLEEP,Z,0.1144513,0.4059195
7/2/6/7/3/3/7/3/3 3 3,X,0.6428571428571428571428571428,8,SLEEP,Z,0.08079517,0.3030519
7/2/6/7/3/3/7/7/4 3 3,X,-0.6111111111111111111111111111,6,SLEEP,Z,0.02770708,0.1056847
7/2/6/7/3/3/7/7/2 3 3,X,0.5714285714285714285714285714,8,SLEEP,Z,0.05337538,0.2049259
7/2/6/7/3/3/7/7/1 3 3,X,0.6428571428571428571428571428,12,SLEEP,Z,0.08725022,0.3265252
7/2/6/7/3/7/2/6/7 3 3,X,0.5714285714285714285714285714,8,SLEEP,Z,0.0622349,0.201752
7/2/6/7/3/7/2/5/7 3 3,X,0.5714285714285714285714285714,6,SLEEP,Z,0.0561729,0.1580421
7/2/6/7/3/7/2/3/7 3 3,X,0.5714285714285714285714285714,10,SLEEP,Z,0.06291998,0.2380031
7/2/6/7/3/7/2/7/6 3 3,X,-0.6111111111111111111111111111,2,SLEEP,Z,0.0202795,0.06610052
7/2/6/7/3/7/2/7/5 3 3,X,0.5714285714285714285714285714,4,SLEEP,Z,0.04348052,0.1732045
7/2/6/7/3/7/2/7/3 3 3,X,0.6428571428571428571428571428,8,SLEEP,Z,0.1007858,0.2883751
7/2/6/7/3/7/6/2/7 3 3,X,-0.6111111111111111111111111111,2,SLEEP,Z,0,0
7/2/6/7/3/7/6/6/6 3 3,X,-0.7222222222222222222222222222,4,SLEEP,Z,0.02711429,0.114262
7/2/6/7/3/7/6/6/5 3 3,X,-0.6111111111111111111111111111,4,SLEEP,Z,0.02939376,0.1262725
7/2/6/7/3/7/6/6/3 3 3,X,0.75,6,SLEEP,Z,0.07908701,0.2960695
7/2/6/7/3/7/6/5/6 3 3,X,-0.7222222222222222222222222222,2,SLEEP,Z,0.02703082,0.1686941
7/2/6/7/3/7/6/5/5 3 3,X,-0.6111111111111111111111111111,6,SLEEP,Z,0.05914196,0.2079503
7/2/6/7/3/7/6/5/3 3 3,X,0.75,4,SLEEP,Z,0.02916538,0.09924751
7/2/6/7/3/7/6/3/6 3 3,X,-0.7222222222222222222222222222,2,SLEEP,Z,0.0182368,0.07702565
7/2/6/7/3/7/6/3/5 3 3,X,-0.6111111111111111111111111111,6,SLEEP,Z,0.04134034,0.1258771
7/2/6/7/3/7/6/3/3 3 3,X,0.75,6,SLEEP,Z,0.03718011,0.1317893
7/2/6/7/3/7/6/7/4 3 3,X,-0.7222222222222222222222222222,2,SLEEP,Z,0.01523812,0.05045913
7/2/6/7/3/7/6/7/2 3 3,X,-0.6111111111111111111111111111,2,SLEEP,Z,0.02456034,0.08596216
7/2/6/7/3/7/6/7/1 3 3,X,0.75,4,SLEEP,Z,0.04261633,0.1388284
7/2/2/7/3/7/6/7/3 3 3,X,0.7,8,SLEEP,Z,0.04908308,0.1723126
7/2/6/7/3/7/5/2/7 3 3,X,0.5714285714285714285714285714,4,SLEEP,Z,0.0683312,0.2286699
7/2/6/7/3/7/5/6/6 3 3,X,-0.6111111111111111111111111111,4,SLEEP,Z,0.03679268,0.1206895
7/2/6/7/3/7/5/6/5 3 3,X,0.5714285714285714285714285714,6,SLEEP,Z,0.05356067,0.2056891
7/2/6/7/3/7/5/6/3 3 3,X,0.6428571428571428571428571428,6,SLEEP,Z,0.08303585,0.3064617
7/2/6/7/3/7/5/5/6 3 3,X,-0.6111111111111111111111111111,4,SLEEP,Z,0.01693813,0.05914473
7/2/6/7/3/7/5/5/5 3 3,X,0.5714285714285714285714285714,8,SLEEP,Z,0.02850686,0.09374479
7/2/6/7/3/7/5/5/3 3 3,X,0.6428571428571428571428571428,6,SLEEP,Z,0.06329045,0.2373186
7/2/6/7/3/7/5/3/6 3 3,X,-0.6111111111111111111111111111,4,SLEEP,Z,0.02789707,0.09354249
7/2/6/7/3/7/5/3/5 3 3,X,0.5714285714285714285714285714,6,SLEEP,Z,0.04083068,0.1606342
7/2/6/7/3/7/5/3/3 3 3,X,0.6428571428571428571428571428,6,SLEEP,Z,0.06320284,0.2259595
7/2/6/7/3/7/5/7/4 3 3,X,-0.6111111111111111111111111111,4,SLEEP,Z,0.04548675,0.123023
7/2/6/7/3/7/5/7/2 3 3,X,0.5714285714285714285714285714,4,SLEEP,Z,0.0389933,0.1486085
7/2/6/7/3/7/5/7/1 3 3,X,0.6428571428571428571428571428,6,SLEEP,Z,0.06937744,0.2715679
7/2/6/7/3/7/3/2/7 3 3,X,0.6428571428571428571428571428,10,SLEEP,Z,0.09709974,0.4598749
7/2/6/7/3/7/3/6/6 3 3,X,-0.75,6,SLEEP,Z,0.04756229,0.1710502
7/2/6/7/3/7/3/6/5 3 3,X,0.6428571428571428571428571428,10,SLEEP,Z,0.08223554,0.3085338
7/2/6/7/3/7/3/6/3 3 3,X,0.7142857142857142857142857143,8,SLEEP,Z,0.08897799,0.3250266
7/2/6/7/3/7/3/5/6 3 3,X,-0.75,4,SLEEP,Z,0.03351476,0.1256206
7/2/6/7/3/7/3/5/5 3 3,X,0.6428571428571428571428571428,4,SLEEP,Z,0.06000781,0.2237945
7/2/6/7/3/7/3/5/3 3 3,X,0.7142857142857142857142857143,8,SLEEP,Z,0.1076478,0.3721204
7/2/6/7/3/7/3/3/6 3 3,X,-0.75,8,SLEEP,Z,0.1808459,0.3864813
7/2/6/7/3/7/3/3/5 3 3,X,0.6428571428571428571428571428,8,SLEEP,Z,0.1487591,0.4926279
7/2/6/7/3/7/3/3/3 3 3,X,0.7142857142857142857142857143,12,SLEEP,Z,0.05096816,0.1863504
7/2/6/7/3/7/3/7/4 3 3,X,-0.75,4,SLEEP,Z,0.04261469,0.1519719
7/2/6/7/3/7/3/7/2 3 3,X,0.6428571428571428571428571428,4,SLEEP,Z,0.1081791,0.307034
7/2/6/7/3/7/3/7/1 3 3,X,0.7142857142857142857142857143,6,SLEEP,Z,0.07293411,0.2853815
7/2/6/7/3/7/7/2/6 3 3,X,-0.6111111111111111111111111111,2,SLEEP,Z,0.02856793,0.1066816
7/2/6/7/3/7/7/2/5 3 3,X,0.5714285714285714285714285714,4,SLEEP,Z,0.03128347,0.1162493
7/2/6/7/3/7/7/2/3 3 3,X,0.6428571428571428571428571428,8,SLEEP,Z,0.08400766,0.2536331
7/2/6/7/3/7/7/6/4 3 3,X,-0.6111111111111111111111111111,4,SLEEP,Z,0.03859712,0.1692144
7/2/6/7/3/7/7/6/2 3 3,X,0.5714285714285714285714285714,4,SLEEP,Z,0.03276462,0.1204489
7/2/6/7/3/7/7/6/1 3 3,X,0.6428571428571428571428571428,8,SLEEP,Z,0.06583524,0.2625948
7/2/6/7/3/7/7/5/4 3 3,X,-0.6111111111111111111111111111,2,SLEEP,Z,0.06002588,0.1636271
7/2/6/7/3/7/7/5/2 3 3,X,0.5714285714285714285714285714,6,SLEEP,Z,0.03747371,0.1452454
7/2/6/7/3/7/7/5/1 3 3,X,0.6428571428571428571428571428,8,SLEEP,Z,0.06477114,0.251221
7/2/6/7/3/7/7/3/4 3 3,X,-0.6111111111111111111111111111,6,SLEEP,Z,0.03113283,0.1247872
7/2/6/7/3/7/7/3/2 3 3,X,0.5714285714285714285714285714,6,SLEEP,Z,0.03518408,0.1386029
7/2/6/7/3/7/7/3/1 3 3,X,0.6428571428571428571428571428,6,SLEEP,Z,0.03903075,0.1532752
7/2/6/7/7/2/2/7/7 3 3,X,0.5,2,SLEEP,Z,0.04208202,0.08008888
7/2/6/7/7/2/6/6/7 3 3,X,0.5,4,SLEEP,Z,0.06432896,0.1369958
7/2/6/7/7/2/6/5/7 3 3,X,0.5,2,SLEEP,Z,0.03379732,0.07960041
7/2/6/7/7/2/6/3/7 3 3,X,0.5,6,SLEEP,Z,0.05605502,0.135313
7/2/6/7/7/2/6/7/6 3 3,X,0.3571428571428571428571428572,2,SLEEP,Z,0,0
7/2/6/7/7/2/6/7/5 3 3,X,0.5,2,SLEEP,Z,0.01988984,0.04514199
7/2/6/7/7/2/6/7/3 3 3,X,0.7,6,SLEEP,Z,0.04658002,0.1721525
7/2/6/7/7/2/5/6/7 3 3,X,0.5,8,SLEEP,Z,0.07487279,0.2810797
7/2/6/7/7/2/5/5/7 3 3,X,0.5,6,SLEEP,Z,0.07055809,0.1842214
7/2/6/7/7/2/5/3/7 3 3,X,0.5,6,SLEEP,Z,0.06336398,0.1486476
7/2/6/7/7/2/5/7/6 3 3,X,0.4285714285714285714285714286,2,SLEEP,Z,0.03689166,0.1112128
7/2/6/7/7/2/5/7/5 3 3,X,0.5,6,SLEEP,Z,0.0590818,0.2372908
7/2/6/7/7/2/5/7/3 3 3,X,0.5714285714285714285714285714,6,SLEEP,Z,0.06289288,0.251639
7/2/6/7/7/2/3/6/7 3 3,X,0.5714285714285714285714285714,6,SLEEP,Z,0.06774689,0.2524541
7/2/6/7/7/2/3/5/7 3 3,X,0.5714285714285714285714285714,4,SLEEP,Z,0.03629124,0.1342621
7/2/6/7/7/2/3/3/7 3 3,X,0.5714285714285714285714285714,6,SLEEP,Z,0.04515162,0.1667543
7/2/6/7/7/2/3/7/6 3 3,X,-0.7,6,SLEEP,Z,0.1372238,0.391993
7/2/6/7/7/2/3/7/5 3 3,X,0.5714285714285714285714285714,4,SLEEP,Z,0.1102226,0.373688
7/2/6/7/7/2/3/7/3 3 3,X,0.6428571428571428571428571428,8,SLEEP,Z,0.08499151,0.2741942
7/2/6/7/7/2/7/2/7 3 3,X,0.5,2,SLEEP,Z,0.01570228,0.05952604
7/2/6/7/7/2/7/6/6 3 3,Z,0.5,4,SLEEP,Z,0.03855714,0.1348685
7/2/6/7/7/2/7/6/5 3 3,X,0.5,6,SLEEP,Z,0.06637774,0.2093204
7/2/6/7/7/2/7/6/3 3 3,X,0.5714285714285714285714285714,6,SLEEP,Z,0.09348454,0.3789971
7/2/6/7/7/2/7/5/6 3 3,X,0.4285714285714285714285714286,4,SLEEP,Z,0.01996841,0.08064748
7/2/6/7/7/2/7/5/5 3 3,X,0.5,2,SLEEP,Z,0.01528577,0.06057161
7/2/6/7/7/2/7/5/3 3 3,X,0.5714285714285714285714285714,4,SLEEP,Z,0.07051957,0.215534
7/2/6/7/7/2/7/3/6 3 3,Z,-0.5,6,SLEEP,Z,0.0372173,0.137086
7/2/6/7/7/2/7/3/5 3 3,X,0.5,8,SLEEP,Z,0.05612304,0.2258947
7/2/6/7/7/2/7/3/3 3 3,X,0.5714285714285714285714285714,6,SLEEP,Z,0.05298195,0.2042324
7/2/6/7/7/2/7/7/4 3 3,X,0.4285714285714285714285714286,4,SLEEP,Z,0.05448136,0.1685525
7/2/6/7/7/2/7/7/2 3 3,X,0.5,2,SLEEP,Z,0,0
7/2/6/7/7/2/7/7/1 3 3,X,0.5714285714285714285714285714,4,SLEEP,Z,0.04011401,0.1650519
7/2/6/7/7/6/2/6/7 3 3,X,0.5,10,SLEEP,Z,0.05716812,0.2209504
7/2/6/7/7/6/2/5/7 3 3,X,0.5,8,SLEEP,Z,0.04258532,0.1622782
7/2/6/7/7/6/2/3/7 3 3,Z,0.6666666666666666666666666667,4,SLEEP,Z,0.0360317,0.1238394
7/2/6/7/7/6/2/7/6 3 3,Z,0.5,12,SLEEP,Z,0.05949372,0.2267598
7/2/6/7/7/6/2/7/5 3 3,X,0.5,6,SLEEP,Z,0.06907611,0.2256289
7/2/6/7/7/6/2/7/3 3 3,X,0.5714285714285714285714285714,6,SLEEP,Z,0.06579202,0.1870212
7/2/6/7/7/6/6/2/7 3 3,Z,0.5,4,SLEEP,Z,0.03781768,0.1488466
7/2/6/7/7/6/6/6/6 3 3,Z,0.5,6,SLEEP,Z,0.06496911,0.2593676
7/2/6/7/7/6/6/6/5 3 3,X,0.5,6,SLEEP,Z,0.07834038,0.2621851
7/2/6/7/7/6/6/6/3 3 3,X,0.75,6,SLEEP,Z,0.04738416,0.1742952
7/2/6/7/7/6/6/5/6 3 3,Z,0.5,4,SLEEP,Z,0.0330428,0.1409563
7/2/6/7/7/6/6/5/5 3 3,Z,0.5,4,SLEEP,Z,0.07449876,0.2504348
7/2/6/7/7/6/6/5/3 3 3,X,0.75,6,SLEEP,Z,0.1035013,0.2557561
7/2/6/7/7/6/6/3/6 3 3,Z,0.6666666666666666666666666667,2,SLEEP,Z,0,0
7/2/6/7/7/6/6/3/5 3 3,Z,0.6666666666666666666666666667,2,SLEEP,Z,0.02924105,0.07579526
7/2/6/7/7/6/6/3/3 3 3,X,0.75,4,SLEEP,Z,0.1383676,0.3810361
7/2/6/7/7/6/6/7/4 3 3,Z,0.5,6,SLEEP,Z,0.05784854,0.1551419
7/2/6/7/7/6/6/7/2 3 3,Z,0.5,6,SLEEP,Z,0.03013506,0.1142849
7/2/6/7/7/6/6/7/1 3 3,X,0.75,6,SLEEP,Z,0.1039178,0.2851829
7/2/6/7/7/6/5/2/7 3 3,X,0.5,6,SLEEP,Z,0.100575,0.3465419
7/2/6/7/7/6/5/6/6 3 3,Z,0.5,4,SLEEP,Z,0.03692009,0.152232
7/2/6/7/7/6/5/6/5 3 3,X,0.5,10,SLEEP,Z,0.07137378,0.283996
7/2/6/7/7/6/5/6/3 3 3,X,0.5714285714285714285714285714,8,SLEEP,Z,0.09947441,0.338782
7/2/6/7/7/6/5/5/6 3 3,Z,0.5,2,SLEEP,Z,0.02914219,0.09812716
7/2/6/7/7/6/5/5/5 3 3,X,0.5,6,SLEEP,Z,0.0635217,0.2329256
7/2/6/7/7/6/5/5/3 3 3,X,0.5714285714285714285714285714,4,SLEEP,Z,0.03088624,0.1219635
7/2/6/7/7/6/5/3/6 3 3,Z,0.6666666666666666666666666667,2,SLEEP,Z,0.05677594,0.3582658
7/2/6/7/7/6/5/3/5 3 3,Z,0.6666666666666666666666666667,4,SLEEP,Z,0.04068352,0.1556333
7/2/6/7/7/6/5/3/3 3 3,Z,0.6666666666666666666666666667,2,SLEEP,Z,0.0545677,0.1675021
7/2/6/7/7/6/5/7/4 3 3,Z,0.5,112,SLEEP,Z,0.03843971,0.1407354
7/2/6/7/7/6/5/7/2 3 3,X,0.5,6,SLEEP,Z,0.03336914,0.1303688
7/2/6/7/7/6/5/7/1 3 3,X,0.5714285714285714285714285714,6,SLEEP,Z,0.03161858,0.1339883
7/2/6/7/7/6/3/2/7 3 3,X,0.5714285714285714285714285714,8,SLEEP,Z,0.04357392,0.1578269
7/2/6/7/7/6/3/6/6 3 3,X,-0.75,2,SLEEP,Z,0.04265885,0.2116478
7/2/6/7/7/6/3/6/5 3 3,X,0.5714285714285714285714285714,8,SLEEP,Z,0.06191076,0.2465785
7/2/6/7/7/6/3/6/3 3 3,X,0.6428571428571428571428571428,64,SLEEP,Z,0.06004492,0.2480996
7/2/6/7/7/6/3/5/6 3 3,X,-0.75,8,SLEEP,Z,0.08893698,0.2837367
7/2/6/7/7/6/3/5/5 3 3,X,0.5714285714285714285714285714,8,SLEEP,Z,0.05305926,0.1821121
7/2/6/7/7/6/3/5/3 3 3,X,0.6428571428571428571428571428,6,SLEEP,Z,0.07594568,0.2769048
7/2/6/7/7/6/3/3/6 3 3,X,-0.75,8,SLEEP,Z,0.04312056,0.1478276
7/2/6/7/7/6/3/3/5 3 3,Z,0.6666666666666666666666666667,6,SLEEP,Z,0.04722337,0.171745
7/2/6/7/7/6/3/3/3 3 3,Z,0.6666666666666666666666666667,8,SLEEP,Z,0.08463352,0.3282569
7/2/6/7/7/6/3/7/4 3 3,X,-0.75,6,SLEEP,Z,0.03994095,0.1700429
7/2/6/7/7/6/3/7/2 3 3,X,0.5714285714285714285714285714,6,SLEEP,Z,0.1067567,0.3223369
7/2/6/7/7/6/3/7/1 3 3,X,0.6428571428571428571428571428,6,SLEEP,Z,0.1031661,0.3642582
7/2/2/7/7/6/7/6/3 3 3,Z,0.5,8,SLEEP,Z,0.0495707,0.2077345
7/2/6/7/7/6/7/2/6 3 3,Z,0.5,278,SLEEP,Z,0.0751318,0.2674215
7/2/6/7/7/6/7/2/5 3 3,X,0.5,4,SLEEP,Z,0.03925289,0.1590484
7/2/6/7/7/6/7/2/3 3 3,X,0.5714285714285714285714285714,8,SLEEP,Z,0.0671661,0.2364603
7/2/6/7/7/6/7/6/4 3 3,Z,0.5,6,SLEEP,Z,0.04435788,0.1901271
7/2/6/7/7/6/7/6/2 3 3,X,0.5,6,SLEEP,Z,0.03232784,0.1316964
7/2/2/7/7/6/7/6/5 3 3,Z,0.5,4,SLEEP,Z,0.03436513,0.1451301
7/2/6/7/7/6/7/6/1 3 3,X,0.5714285714285714285714285714,8,SLEEP,Z,0.06034651,0.2455828
7/2/6/7/7/6/7/5/4 3 3,Z,0.5,8,SLEEP,Z,0.0505561,0.2122054
7/2/6/7/7/6/7/5/2 3 3,X,0.5,4,SLEEP,Z,0.01940568,0.08104325
7/2/6/7/7/6/7/5/1 3 3,X,0.5714285714285714285714285714,6,SLEEP,Z,0.07240576,0.2385366
7/2/6/7/7/6/7/3/4 3 3,Z,0.6666666666666666666666666666,4,SLEEP,Z,0.03170151,0.124844
7/2/6/7/7/6/7/3/2 3 3,Z,0.6666666666666666666666666666,2,SLEEP,Z,0.03256208,0.1274721
7/2/6/7/7/6/7/3/1 3 3,Z,0.6666666666666666666666666666,6,SLEEP,Z,0.05811578,0.2408329
7/2/6/7/7/5/2/6/7 3 3,X,0.5,6,SLEEP,Z,0.06295081,0.1913464
7/2/6/7/7/5/2/5/7 3 3,X,0.5,2,SLEEP,Z,0.04544695,0.1528903
7/2/6/7/7/5/2/3/7 3 3,X,0.5,6,SLEEP,Z,0.03900638,0.1382842
7/2/6/7/7/5/2/7/6 3 3,X,0.4285714285714285714285714286,2,SLEEP,Z,0,0
7/2/6/7/7/5/2/7/5 3 3,X,0.5,2,SLEEP,Z,0.04811857,0.1341043
7/2/6/7/7/5/2/7/3 3 3,X,0.5714285714285714285714285714,4,SLEEP,Z,0.04706505,0.1614457
7/2/6/7/7/5/6/2/7 3 3,X,0.5,2,SLEEP,Z,0.01701453,0.04271434
7/2/6/7/7/5/6/6/6 3 3,Z,0.5,6,SLEEP,Z,0.04005818,0.1243317
7/2/6/7/7/5/6/6/3 3 3,X,0.75,6,SLEEP,Z,0.04396619,0.187181
7/2/6/7/7/5/6/5/6 3 3,X,0.3571428571428571428571428572,2,SLEEP,Z,0,0
7/2/6/7/7/5/6/5/5 3 3,X,0.5,2,SLEEP,Z,0.01794652,0.07059067
7/2/6/7/7/5/6/5/3 3 3,X,0.75,4,SLEEP,Z,0.1049881,0.2045477
7/2/6/7/7/5/6/3/6 3 3,Z,-0.5,4,SLEEP,Z,0.03709931,0.1412269
7/2/6/7/7/5/6/3/5 3 3,X,0.5,6,SLEEP,Z,0.03434141,0.1348179
7/2/6/7/7/5/6/3/3 3 3,X,0.75,8,SLEEP,Z,0.05334512,0.206324
7/2/6/7/7/5/6/7/4 3 3,X,0.3571428571428571428571428572,2,SLEEP,Z,0.0132189,0.05684796
7/2/6/7/7/5/6/7/2 3 3,X,0.5,2,SLEEP,Z,0.05036863,0.1782739
7/2/6/7/7/5/6/6/5 3 3,X,0.5,6,SLEEP,Z,0.02934185,0.1243925
7/2/6/7/7/5/6/7/1 3 3,X,0.75,4,SLEEP,Z,0.03711652,0.134826
7/2/6/7/7/5/5/2/7 3 3,X,0.5,4,SLEEP,Z,0.035198,0.1335288
7/2/6/7/7/5/5/6/6 3 3,Z,0.5,6,SLEEP,Z,0.05759484,0.2022634
7/2/6/7/7/5/5/6/5 3 3,X,0.5,4,SLEEP,Z,0.1077261,0.2748695
7/2/6/7/7/5/5/6/3 3 3,X,0.5714285714285714285714285714,8,SLEEP,Z,0.05501138,0.2268358
7/2/6/7/7/5/5/5/6 3 3,X,0.4285714285714285714285714286,2,SLEEP,Z,0.01159099,0.04638024
7/2/6/7/7/5/5/5/5 3 3,X,0.5,2,SLEEP,Z,0,0
7/2/6/7/7/5/5/5/3 3 3,X,0.5714285714285714285714285714,4,SLEEP,Z,0.05039209,0.1465582
7/2/6/7/7/5/5/3/6 3 3,Z,-0.5,4,SLEEP,Z,0.02400172,0.1159334
7/2/6/7/7/5/5/3/5 3 3,X,0.5,6,SLEEP,Z,0.07766479,0.2195898
7/2/6/7/7/5/5/3/3 3 3,X,0.5714285714285714285714285714,6,SLEEP,Z,0.07932898,0.3887915
7/2/6/7/7/5/5/7/4 3 3,X,0.4285714285714285714285714286,2,SLEEP,Z,0,0
7/2/6/7/7/5/5/7/2 3 3,X,0.5,4,SLEEP,Z,0.04220273,0.1503926
7/2/6/7/7/5/5/7/1 3 3,X,0.5714285714285714285714285714,6,SLEEP,Z,0.08393864,0.3945882
7/2/6/7/7/5/3/2/7 3 3,X,0.5714285714285714285714285714,6,SLEEP,Z,0.0373971,0.1345066
7/2/6/7/7/5/3/6/6 3 3,X,-0.75,8,SLEEP,Z,0.04592306,0.1869662
7/2/6/7/7/5/3/6/5 3 3,X,0.5714285714285714285714285714,4,SLEEP,Z,0.04179536,0.156971
7/2/6/7/7/5/3/6/3 3 3,X,0.6428571428571428571428571428,8,SLEEP,Z,0.115901,0.3914723
7/2/6/7/7/5/3/5/6 3 3,X,-0.75,4,SLEEP,Z,0.03818162,0.1414882
7/2/6/7/7/5/3/5/5 3 3,X,0.5714285714285714285714285714,2,SLEEP,Z,0.03264555,0.1213643
7/2/6/7/7/5/3/5/3 3 3,X,0.6428571428571428571428571428,6,SLEEP,Z,0.09079165,0.3173782
7/2/6/7/7/5/3/3/6 3 3,X,-0.75,4,SLEEP,Z,0.02171347,0.09153184
7/2/6/7/7/5/3/3/5 3 3,X,0.5714285714285714285714285714,8,SLEEP,Z,0.06451854,0.2242896
7/2/6/7/7/5/3/3/3 3 3,X,0.6428571428571428571428571428,8,SLEEP,Z,0.05899014,0.2212554
7/2/6/7/7/5/3/7/4 3 3,X,-0.75,4,SLEEP,Z,0.04628301,0.1631158
7/2/6/7/7/5/3/7/2 3 3,X,0.5714285714285714285714285714,4,SLEEP,Z,0.04383026,0.1699005
7/2/6/7/7/5/3/7/1 3 3,X,0.6428571428571428571428571428,4,SLEEP,Z,0.04895272,0.1993523
7/2/6/7/7/5/7/2/6 3 3,X,0.4285714285714285714285714286,2,SLEEP,Z,0.01790453,0.07675571
7/2/6/7/7/5/7/2/5 3 3,X,0.5,6,SLEEP,Z,0.08316702,0.2324739
7/2/6/7/7/5/7/2/3 3 3,X,0.5714285714285714285714285714,6,SLEEP,Z,0.04922706,0.1948807
7/2/6/7/7/5/7/6/4 3 3,Z,0.5,6,SLEEP,Z,0.03568348,0.1569412
7/2/6/7/7/5/7/6/2 3 3,X,0.5,6,SLEEP,Z,0.08787661,0.3439363
7/2/2/7/7/5/7/6/5 3 3,Z,0.5,22,SLEEP,Z,0.03496528,0.1796856
7/2/6/7/7/5/7/6/1 3 3,X,0.5714285714285714285714285714,4,SLEEP,Z,0.03606253,0.1618216
7/2/6/7/7/5/7/5/4 3 3,X,0.4285714285714285714285714286,2,SLEEP,Z,0.02625341,0.1177937
7/2/6/7/7/5/7/5/2 3 3,X,0.5,4,SLEEP,Z,0.03274903,0.1350105
7/2/6/7/7/5/7/5/1 3 3,X,0.5714285714285714285714285714,4,SLEEP,Z,0.0321603,0.1318213
7/2/6/7/7/5/7/3/4 3 3,Z,-0.5,6,SLEEP,Z,0.03360416,0.152343
7/2/6/7/7/5/7/3/2 3 3,X,0.5,6,SLEEP,Z,0.05127804,0.2098222
7/2/6/7/7/5/7/3/1 3 3,X,0.5714285714285714285714285714,6,SLEEP,Z,0.0413789,0.1688951
7/2/6/7/7/3/2/6/7 3 3,Z,-0.6666666666666666666666666667,6,SLEEP,Z,0.05716929,0.1972045
7/2/6/7/7/3/2/5/7 3 3,X,0.5,6,SLEEP,Z,0.09349329,0.1740713
7/2/6/7/7/3/2/3/7 3 3,X,0.5,4,SLEEP,Z,0.04725887,0.1995718
7/2/6/7/7/3/2/7/6 3 3,Z,-0.5,6,SLEEP,Z,0.08616767,0.4169321
7/2/6/7/7/3/2/7/5 3 3,X,0.5,10,SLEEP,Z,0.08560906,0.2824176
7/2/6/7/7/3/2/7/3 3 3,X,0.5714285714285714285714285714,6,SLEEP,Z,0.1479226,0.3319914
7/2/6/7/7/3/6/2/7 3 3,Z,-0.5,6,SLEEP,Z,0.03998029,0.1478794
7/2/6/7/7/3/6/6/6 3 3,Z,-0.6666666666666666666666666667,2,SLEEP,Z,0.01312636,0.05391726
7/2/6/7/7/3/6/6/5 3 3,Z,-0.6666666666666666666666666667,4,SLEEP,Z,0.05121127,0.1640565
7/2/6/7/7/3/6/6/3 3 3,X,0.75,6,SLEEP,Z,0.1195228,0.2248082
7/2/6/7/7/3/6/5/6 3 3,Z,-0.5,4,SLEEP,Z,0.02547261,0.07812484
7/2/6/7/7/3/6/5/5 3 3,Z,-0.5,6,SLEEP,Z,0.02351271,0.09208507
7/2/6/7/7/3/6/5/3 3 3,X,0.75,6,SLEEP,Z,0.05441285,0.1998831
7/2/6/7/7/3/6/3/6 3 3,Z,-0.5,4,SLEEP,Z,0.03634255,0.1493686
7/2/6/7/7/3/6/3/5 3 3,X,0.5,6,SLEEP,Z,0.06775599,0.2010316
7/2/6/7/7/3/6/3/3 3 3,X,0.75,6,SLEEP,Z,0.0681989,0.2046001
7/2/6/7/7/3/6/7/4 3 3,Z,-0.5,2,SLEEP,Z,0.03040184,0.07705424
7/2/6/7/7/3/6/7/2 3 3,Z,-0.5,6,SLEEP,Z,0.03525113,0.1116519
7/2/6/7/7/3/6/7/1 3 3,X,0.75,4,SLEEP,Z,0.0414128,0.1276458
7/2/6/7/7/3/5/2/7 3 3,X,0.5,8,SLEEP,Z,0.05475972,0.2130009
7/2/6/7/7/3/5/6/6 3 3,Z,-0.6666666666666666666666666667,4,SLEEP,Z,0.02548508,0.08463077
7/2/6/7/7/3/5/6/5 3 3,Z,-0.6666666666666666666666666667,4,SLEEP,Z,0.07249907,0.1593954
7/2/6/7/7/3/5/6/3 3 3,Z,-0.6666666666666666666666666667,6,SLEEP,Z,0.03775945,0.1499426
7/2/6/7/7/3/5/5/6 3 3,Z,-0.5,4,SLEEP,Z,0.026139,0.08481496
7/2/6/7/7/3/5/5/3 3 3,X,0.5714285714285714285714285714,6,SLEEP,Z,0.03668826,0.1451814
7/2/6/7/7/3/5/3/6 3 3,Z,-0.5,6,SLEEP,Z,0.0464859,0.1845416
7/2/6/7/7/3/5/3/5 3 3,X,0.5,6,SLEEP,Z,0.04179736,0.17092
7/2/6/7/7/3/5/3/3 3 3,X,0.5714285714285714285714285714,10,SLEEP,Z,0.0556661,0.2214822
7/2/6/7/7/3/5/7/4 3 3,Z,-0.5,4,SLEEP,Z,0.02193276,0.09216734
7/2/6/7/7/3/5/7/2 3 3,X,0.5,4,SLEEP,Z,0.0362703,0.1172017
7/2/6/7/7/3/5/5/5 3 3,X,0.5,6,SLEEP,Z,0.03581917,0.1462363
7/2/6/7/7/3/5/7/1 3 3,X,0.5714285714285714285714285714,4,SLEEP,Z,0.02716379,0.115557
7/2/6/7/7/3/3/2/7 3 3,X,0.5714285714285714285714285714,6,SLEEP,Z,0.05830962,0.2206113
7/2/6/7/7/3/3/6/6 3 3,X,-0.75,4,SLEEP,Z,0.01916841,0.06605466
7/2/6/7/7/3/3/6/5 3 3,Z,-0.6666666666666666666666666667,6,SLEEP,Z,0.0265374,0.1026049
7/2/6/7/7/3/3/6/3 3 3,Z,-0.6666666666666666666666666667,8,SLEEP,Z,0.05507563,0.2140724
7/2/6/7/7/3/3/5/6 3 3,X,-0.75,6,SLEEP,Z,0.03528349,0.1271975
7/2/6/7/7/3/3/5/5 3 3,X,0.5714285714285714285714285714,6,SLEEP,Z,0.06535623,0.1950458
7/2/6/7/7/3/3/5/3 3 3,X,0.6428571428571428571428571428,6,SLEEP,Z,0.09555763,0.3379133
7/2/6/7/7/3/3/3/6 3 3,X,-0.75,8,SLEEP,Z,0.06467975,0.2388833
7/2/6/7/7/3/3/3/5 3 3,X,0.5714285714285714285714285714,6,SLEEP,Z,0.06080905,0.2455076
7/2/6/7/7/3/3/3/3 3 3,X,0.6428571428571428571428571428,8,SLEEP,Z,0.1601765,0.3973576
7/2/6/7/7/3/3/7/4 3 3,X,-0.75,6,SLEEP,Z,0.02334937,0.09156503
7/2/6/7/7/3/3/7/2 3 3,X,0.5714285714285714285714285714,4,SLEEP,Z,0.08413767,0.3807512
7/2/6/7/7/3/3/7/1 3 3,X,0.6428571428571428571428571428,8,SLEEP,Z,0.05967507,0.2445261
7/2/6/7/7/3/7/2/6 3 3,Z,-0.5,6,SLEEP,Z,0.03838499,0.1588596
7/2/6/7/7/3/7/2/5 3 3,X,0.5,6,SLEEP,Z,0.03184533,0.1311037
7/2/6/7/7/3/7/2/3 3 3,X,0.5714285714285714285714285714,6,SLEEP,Z,0.05982315,0.2270544
7/2/6/7/7/3/7/6/4 3 3,Z,-0.6666666666666666666666666666,2,SLEEP,Z,0.03285034,0.1246173
7/2/6/7/7/3/7/6/2 3 3,Z,-0.6666666666666666666666666666,6,SLEEP,Z,0.1039915,0.3580574
7/2/6/7/7/3/7/6/1 3 3,Z,-0.6666666666666666666666666666,4,SLEEP,Z,0.05417825,0.221385
7/2/6/7/7/3/7/5/4 3 3,Z,-0.5,4,SLEEP,Z,0.03476331,0.1004357
7/2/6/7/7/3/7/5/2 3 3,X,0.5,4,SLEEP,Z,0.02051777,0.08131594
7/2/6/7/7/3/7/5/1 3 3,X,0.5714285714285714285714285714,6,SLEEP,Z,0.04864076,0.1865068
7/2/6/7/7/3/7/3/4 3 3,Z,-0.5,8,SLEEP,Z,0.05278989,0.206821
7/2/6/7/7/3/7/3/2 3 3,X,0.5,8,SLEEP,Z,0.04329586,0.1736726
7/2/6/7/7/3/7/3/1 3 3,X,0.5714285714285714285714285714,6,SLEEP,Z,0.04617373,0.1946123
7/2/6/7/7/7/2/2/7 3 3,X,0.5,4,SLEEP,Z,0.01997269,0.06828891
7/2/6/7/7/7/2/6/6 3 3,X,-0.5,6,SLEEP,Z,0.0284894,0.1133076
7/2/6/7/7/7/2/6/5 3 3,X,0.5,4,SLEEP,Z,0.04271246,0.1437124
7/2/6/7/7/7/2/6/3 3 3,X,0.5714285714285714285714285714,8,SLEEP,Z,0.154832,0.4096419
7/2/6/7/7/7/2/5/6 3 3,X,-0.5,4,SLEEP,Z,0.02956517,0.1028056
7/2/6/7/7/7/2/5/5 3 3,X,0.5,2,SLEEP,Z,0,0
7/2/6/7/7/7/2/5/3 3 3,X,0.5714285714285714285714285714,4,SLEEP,Z,0.04232914,0.144125
7/2/6/7/7/7/2/3/6 3 3,X,-0.5,2,SLEEP,Z,0.02232399,0.07962769
7/2/6/7/7/7/2/3/5 3 3,X,0.5,6,SLEEP,Z,0.1242855,0.3362873
7/2/6/7/7/7/2/3/3 3 3,X,0.5714285714285714285714285714,6,SLEEP,Z,0.04722219,0.1749379
7/2/6/7/7/7/2/7/4 3 3,X,-0.5,4,SLEEP,Z,0.03718983,0.135907
7/2/6/7/7/7/2/7/2 3 3,X,0.5,6,SLEEP,Z,0.05295441,0.1814521
7/2/6/7/7/7/2/7/1 3 3,X,0.5714285714285714285714285714,4,SLEEP,Z,0.06305061,0.215836
7/2/6/7/7/7/6/2/6 3 3,X,0.3571428571428571428571428572,2,SLEEP,Z,0.01762451,0.07440469
7/2/6/7/7/7/6/2/5 3 3,X,0.5,2,SLEEP,Z,0.01968304,0.07393431
7/2/6/7/7/7/6/2/3 3 3,X,0.8333333333333333333333333333,6,SLEEP,Z,0.04809334,0.1472418
7/2/6/7/7/7/6/6/4 3 3,Z,0.5,2,SLEEP,Z,0.02216156,0.0821422
7/2/6/7/7/7/6/6/2 3 3,X,0.5,6,SLEEP,Z,0.05293947,0.1785077
7/2/6/7/7/7/6/6/1 3 3,X,0.8333333333333333333333333333,6,SLEEP,Z,0.03997391,0.1991237
7/2/6/7/7/7/6/5/4 3 3,X,0.3571428571428571428571428572,2,SLEEP,Z,0.00964878,0.0419251
7/2/6/7/7/7/6/5/2 3 3,X,0.5,4,SLEEP,Z,0.02116221,0.07714317
7/2/6/7/7/7/6/5/1 3 3,X,0.8333333333333333333333333333,4,SLEEP,Z,0.09399056,0.1845053
7/2/6/7/7/7/6/3/4 3 3,Z,-0.5,2,SLEEP,Z,0.02849783,0.09815997
7/2/6/7/7/7/6/3/2 3 3,X,0.5,4,SLEEP,Z,0.02710649,0.1010234
7/2/6/7/7/7/6/3/1 3 3,X,0.8333333333333333333333333333,4,SLEEP,Z,0.02956817,0.1198268
7/2/2/7/7/7/5/6/5 3 3,Z,0.5,4,SLEEP,Z,0.03202658,0.1371693
7/2/6/7/7/7/5/2/6 3 3,X,0.4285714285714285714285714286,2,SLEEP,Z,0,0
7/2/6/7/7/7/5/2/5 3 3,X,0.5,2,SLEEP,Z,0.01500195,0.05980213
7/2/6/7/7/7/5/2/3 3 3,X,0.5714285714285714285714285714,4,SLEEP,Z,0.0480404,0.1866302
7/2/6/7/7/7/5/6/4 3 3,Z,0.5,2,SLEEP,Z,0.02806295,0.1115088
7/2/6/7/7/7/5/6/2 3 3,X,0.5,6,SLEEP,Z,0.04416771,0.1661746
7/2/6/7/7/7/5/6/1 3 3,X,0.5714285714285714285714285714,6,SLEEP,Z,0.0351893,0.1478546
7/2/6/7/7/7/5/5/4 3 3,X,0.4285714285714285714285714286,2,SLEEP,Z,0.01375729,0.04744643
7/2/6/7/7/7/5/5/2 3 3,X,0.5,4,SLEEP,Z,0.03609864,0.1465921
7/2/6/7/7/7/5/5/1 3 3,X,0.5714285714285714285714285714,6,SLEEP,Z,0.06004046,0.262173
7/2/6/7/7/7/5/3/4 3 3,Z,-0.5,4,SLEEP,Z,0.02776388,0.1181466
7/2/6/7/7/7/5/3/2 3 3,X,0.5,4,SLEEP,Z,0.05030252,0.2049131
7/2/6/7/7/7/5/3/1 3 3,X,0.5714285714285714285714285714,4,SLEEP,Z,0.04862418,0.1500513
7/2/6/7/7/7/3/2/6 3 3,X,-0.8333333333333333333333333333,4,SLEEP,Z,0.1078109,0.4262401
7/2/6/7/7/7/3/2/5 3 3,X,0.5714285714285714285714285714,6,SLEEP,Z,0.05190407,0.1944791
7/2/6/7/7/7/3/2/3 3 3,X,0.6428571428571428571428571428,4,SLEEP,Z,0.06218633,0.2299199
7/2/6/7/7/7/3/6/4 3 3,X,-0.8333333333333333333333333333,6,SLEEP,Z,0.02781516,0.1072498
7/2/6/7/7/7/3/6/2 3 3,X,0.5714285714285714285714285714,4,SLEEP,Z,0.03793722,0.1486989
7/2/6/7/7/7/3/6/1 3 3,X,0.6428571428571428571428571428,6,SLEEP,Z,0.07153609,0.30028
7/2/6/7/7/7/3/5/4 3 3,X,-0.8333333333333333333333333333,2,SLEEP,Z,0.03057701,0.08441955
7/2/6/7/7/7/3/5/2 3 3,X,0.5714285714285714285714285714,6,SLEEP,Z,0.08266177,0.2710496
7/2/6/7/7/7/3/5/1 3 3,X,0.6428571428571428571428571428,6,SLEEP,Z,0.06172073,0.2453205
7/2/6/7/7/7/3/3/4 3 3,X,-0.8333333333333333333333333333,6,SLEEP,Z,0.1664674,0.3657396
7/2/6/7/7/7/3/3/2 3 3,X,0.5714285714285714285714285714,6,SLEEP,Z,0.09448421,0.2923713
7/2/6/7/7/7/3/3/1 3 3,X,0.6428571428571428571428571428,8,SLEEP,Z,0.1422912,0.4461155
7/2/2/7/7/7/7/6/1 3 3,Z,0.5,2,SLEEP,Z,0.03837787,0.1515621
7/2/6/7/7/7/7/2/4 3 3,X,0.4285714285714285714285714286,4,SLEEP,Z,0.04742006,0.1254083
7/2/6/7/7/7/7/2/2 3 3,X,0.5,6,SLEEP,Z,0.1296945,0.373981
7/2/6/7/7/7/7/2/1 3 3,X,0.5714285714285714285714285714,6,SLEEP,Z,0.03550763,0.1438597
7/2/5/2/2/7/7/7/7 3 3,X,0,4,SLEEP,Z,0.03613806,0.1416073
7/2/5/2/6/6/7/7/7 3 3,X,0.5,6,SLEEP,Z,0.1032118,0.2411251
7/2/5/2/6/5/7/7/7 3 3,X,0.5,2,SLEEP,Z,0.01896131,0.06010279
7/2/5/2/6/3/7/7/7 3 3,X,0.5,2,SLEEP,Z,0.0664294,0.08119172
7/2/5/2/6/7/6/7/7 3 3,X,0.5,2,SLEEP,Z,0.03239642,0.0754677
7/2/5/2/6/7/5/7/7 3 3,X,0.5,4,SLEEP,Z,0.01426351,0.05533068
7/2/5/2/6/7/3/7/7 3 3,X,0.5909090909090909090909090909,4,SLEEP,Z,0.01747283,0.06540909
7/2/5/2/6/7/7/6/7 3 3,X,0.5,10,SLEEP,Z,0.1292767,0.3447111
7/2/5/2/6/7/7/5/7 3 3,X,0.5,2,SLEEP,Z,0.01190428,0.04039769
7/2/5/2/6/7/7/3/7 3 3,X,0.5,2,SLEEP,Z,0.02849108,0.06606738
7/2/5/2/6/7/7/7/6 3 3,X,0.4090909090909090909090909091,2,SLEEP,Z,0.008188511,0.03018812
7/2/5/2/6/7/7/7/5 3 3,X,0.5,2,SLEEP,Z,0.02351107,0.09141055
7/2/5/2/6/7/7/7/3 3 3,X,0.5909090909090909090909090909,4,SLEEP,Z,0.1656841,0.3630377
7/2/5/2/5/6/7/7/7 3 3,Z,0.5,2,SLEEP,Z,0.03619402,0.1200893
7/2/5/2/5/5/7/7/7 3 3,X,0,2,SLEEP,Z,0.01778061,0.4319143
7/2/5/2/5/3/7/7/7 3 3,Z,-0.5,2,SLEEP,Z,0.09434193,0.1517655
7/2/5/2/5/7/6/7/7 3 3,X,0.5,4,SLEEP,Z,0.03905528,0.06972349
7/2/5/2/5/7/5/7/7 3 3,X,0,2,SLEEP,Z,0.01563662,0.05404885
7/2/5/2/5/7/3/7/7 3 3,X,-0.5,2,SLEEP,Z,0.01853026,0.0759896
7/2/5/2/5/7/7/6/7 3 3,Z,0.5,2,SLEEP,Z,0.02107886,0.08418796
7/2/5/2/5/7/7/5/7 3 3,X,0,2,SLEEP,Z,0.004679149,0.02006934
7/2/5/2/5/7/7/3/7 3 3,Z,-0.5,4,SLEEP,Z,0.02981664,0.1105992
7/2/5/2/5/7/7/7/6 3 3,X,-0.1333333333333333333333333333,2,SLEEP,Z,0.02440671,0.104088
7/2/5/2/5/7/7/7/5 3 3,X,0,4,SLEEP,Z,0.03014038,0.1036398
7/2/5/2/5/7/7/7/3 3 3,X,0.1333333333333333333333333333,4,SLEEP,Z,0.01611168,0.06348307
7/2/5/2/3/6/7/7/7 3 3,X,-0.5,14,SLEEP,Z,0.1096721,0.5303151
7/2/5/2/3/5/7/7/7 3 3,X,-0.5,2,SLEEP,Z,0.03777784,0.4617129
7/2/5/2/3/3/7/7/7 3 3,X,-0.5,2,SLEEP,Z,0.09397105,0.1709545
7/2/5/2/3/7/6/7/7 3 3,X,-0.5909090909090909090909090909,6,SLEEP,Z,0.08264595,0.1576143
7/2/5/2/3/7/5/7/7 3 3,X,-0.5,4,SLEEP,Z,0.03256582,0.1190643
7/2/5/2/3/7/3/7/7 3 3,X,-0.5,2,SLEEP,Z,0.003569097,0.01474399
7/2/5/2/3/7/7/6/7 3 3,X,-0.5,8,SLEEP,Z,0.06618474,0.2425286
7/2/5/2/3/7/7/5/7 3 3,X,-0.5,4,SLEEP,Z,0.02778758,0.1031978
7/2/5/2/3/7/7/3/7 3 3,X,-0.5,4,SLEEP,Z,0.03436111,0.1262482
7/2/5/2/3/7/7/7/6 3 3,X,-0.5909090909090909090909090909,6,SLEEP,Z,0.1020093,0.1901897
7/2/5/2/3/7/7/7/5 3 3,X,-0.5,4,SLEEP,Z,0.01748407,0.06257689
7/2/5/2/3/7/7/7/3 3 3,X,-0.4090909090909090909090909091,2,SLEEP,Z,0,0
7/2/5/2/7/2/7/7/7 3 3,X,0,4,SLEEP,Z,0.02013577,0.06083075
7/2/5/2/7/6/6/7/7 3 3,Z,0.5,6,SLEEP,Z,0.04804974,0.1838921
7/2/5/2/7/6/5/7/7 3 3,Z,0.5,4,SLEEP,Z,0.0429947,0.1577874
7/2/5/2/7/6/3/7/7 3 3,Z,0.5,2,SLEEP,Z,0.04354927,0.1561976
7/2/5/2/7/6/7/6/7 3 3,Z,0.5,10,SLEEP,Z,0.09204658,0.3134443
7/2/5/2/7/6/7/5/7 3 3,Z,0.5,4,SLEEP,Z,0.05454104,0.2109451
7/2/5/2/7/6/7/3/7 3 3,Z,0.625,2,SLEEP,Z,0.04017625,0.1497562
7/2/5/2/7/6/7/7/6 3 3,Z,0.5,8,SLEEP,Z,0.04990886,0.1898403
7/2/5/2/7/6/7/7/5 3 3,Z,0.5,4,SLEEP,Z,0.04412977,0.1722444
7/2/5/2/7/6/7/7/3 3 3,Z,0.5,4,SLEEP,Z,0.05690349,0.1909288
7/2/5/2/7/5/6/7/7 3 3,X,0.5,2,SLEEP,Z,0.02278364,0.0936761
7/2/5/2/7/5/5/7/7 3 3,X,0,2,SLEEP,Z,0.02919059,0.08764141
7/2/5/2/7/5/3/7/7 3 3,X,-0.5,2,SLEEP,Z,0.02470511,0.07053805
7/2/5/2/7/5/7/6/7 3 3,Z,0.5,4,SLEEP,Z,0.04030261,0.1486924
7/2/5/2/7/5/7/5/7 3 3,X,0,2,SLEEP,Z,0.02311292,0.2780207
7/2/5/2/7/5/7/3/7 3 3,Z,-0.5,4,SLEEP,Z,0.04130439,0.1308564
7/2/5/2/7/5/7/7/6 3 3,X,-0.1333333333333333333333333333,2,SLEEP,Z,0.01145737,0.04611272
7/2/5/2/7/5/7/7/5 3 3,X,0,2,SLEEP,Z,0.007842873,0.0313231
7/2/5/2/7/5/7/7/3 3 3,X,0.1333333333333333333333333333,2,SLEEP,Z,0.01608881,0.06742007
7/2/5/2/7/3/6/7/7 3 3,Z,-0.5,4,SLEEP,Z,0.06104933,0.4355377
7/2/5/2/7/3/5/7/7 3 3,Z,-0.5,2,SLEEP,Z,0.06402379,0.09034158
7/2/5/2/7/3/3/7/7 3 3,Z,-0.5,2,SLEEP,Z,0.02637759,0.06441698
7/2/5/2/7/3/7/6/7 3 3,Z,-0.625,2,SLEEP,Z,0.01958298,0.06877252
7/2/5/2/7/3/7/5/7 3 3,Z,-0.5,2,SLEEP,Z,0,0
7/2/5/2/7/3/7/3/7 3 3,Z,-0.5,4,SLEEP,Z,0.05249038,0.1349979
7/2/5/2/7/3/7/7/6 3 3,Z,-0.5,4,SLEEP,Z,0.03410872,0.09379419
7/2/5/2/7/3/7/7/5 3 3,Z,-0.5,2,SLEEP,Z,0.01697912,0.03123365
7/2/5/2/7/3/7/7/3 3 3,Z,-0.5,4,SLEEP,Z,0.03439184,0.08316452
7/2/5/2/7/7/2/7/7 3 3,X,0,2,SLEEP,Z,0.03711424,0.1046492
7/2/5/2/7/7/6/6/7 3 3,X,0.5,4,SLEEP,Z,0.06429739,0.2057681
7/2/5/2/7/7/6/5/7 3 3,X,0.5,4,SLEEP,Z,0.07646687,0.1623332
7/2/5/2/7/7/6/3/7 3 3,X,0.5,4,SLEEP,Z,0.02055259,0.07906283
7/2/5/2/7/7/6/7/6 3 3,X,0.3,2,SLEEP,Z,0,0
7/2/5/2/7/7/6/7/5 3 3,X,0.5,2,SLEEP,Z,0.02342333,0.09539173
7/2/5/2/7/7/6/7/3 3 3,X,0.7,2,SLEEP,Z,0.02325294,0.06350821
7/2/5/2/7/7/5/6/7 3 3,Z,0.5,8,SLEEP,Z,0.04429688,0.1748917
7/2/5/2/7/7/5/5/7 3 3,X,0,4,SLEEP,Z,0.01935634,0.07916041
7/2/5/2/7/7/5/3/7 3 3,Z,-0.5,2,SLEEP,Z,0,0
7/2/5/2/7/7/5/7/6 3 3,X,-0.1333333333333333333333333333,2,SLEEP,Z,0.02799235,0.0905509
7/2/5/2/7/7/5/7/5 3 3,X,0,4,SLEEP,Z,0.0324904,0.09076627
7/2/5/2/7/7/5/7/3 3 3,X,0.1333333333333333333333333333,2,SLEEP,Z,0.01625442,0.06479517
7/2/5/2/7/7/3/6/7 3 3,X,-0.5,6,SLEEP,Z,0.04632096,0.191274
7/2/5/2/7/7/3/5/7 3 3,X,-0.5,2,SLEEP,Z,0,0
7/2/5/2/7/7/3/3/7 3 3,X,-0.5,2,SLEEP,Z,0,0
7/2/5/2/7/7/3/7/6 3 3,X,-0.7,2,SLEEP,Z,0.03738897,0.05393713
7/2/5/2/7/7/3/7/5 3 3,X,-0.5,4,SLEEP,Z,0.02215767,0.093514
7/2/5/2/7/7/3/7/3 3 3,X,-0.3,4,SLEEP,Z,0.03433805,0.09541786
7/2/5/2/7/7/7/2/7 3 3,X,0,4,SLEEP,Z,0.03443242,0.1068132
7/2/5/2/7/7/7/6/6 3 3,Z,0.5,6,SLEEP,Z,0.04847632,0.191553
7/2/5/2/7/7/7/6/5 3 3,Z,0.5,6,SLEEP,Z,0.05314717,0.2071954
7/2/5/2/7/7/7/6/3 3 3,Z,0.5,6,SLEEP,Z,0.04594899,0.1711351
7/2/5/2/7/7/7/5/6 3 3,X,-0.1666666666666666666666666667,2,SLEEP,Z,0.01027846,0.04168557
7/2/5/2/7/7/7/5/5 3 3,X,0,2,SLEEP,Z,0.02257167,0.1339666
7/2/5/2/7/7/7/5/3 3 3,X,0.1666666666666666666666666667,2,SLEEP,Z,0.01627375,0.04726402
7/2/5/2/7/7/7/3/6 3 3,Z,-0.5,2,SLEEP,Z,0.009821533,0.02973959
7/2/5/2/7/7/7/3/5 3 3,Z,-0.5,2,SLEEP,Z,0.01846271,0.06768969
7/2/5/2/7/7/7/3/3 3 3,Z,-0.5,2,SLEEP,Z,0.006559205,0.01327596
7/2/5/2/7/7/7/7/4 3 3,X,-0.1666666666666666666666666667,4,SLEEP,Z,0.01787652,0.07669342
7/2/5/2/7/7/7/7/2 3 3,X,0,2,SLEEP,Z,0.01609757,0.07353815
7/2/5/2/7/7/7/7/1 3 3,X,0.1666666666666666666666666667,4,SLEEP,Z,0.02853649,0.1203414
7/2/5/6/2/6/7/7/7 3 3,Z,0.5,4,SLEEP,Z,0.07728923,0.1514272
7/2/5/6/2/5/7/7/7 3 3,Z,0.5,2,SLEEP,Z,0.0297238,0.07804537
7/2/5/6/2/3/7/7/7 3 3,Z,0.5833333333333333333333333333,4,SLEEP,Z,0.0252733,0.08316559
7/2/5/6/2/7/6/7/7 3 3,Z,0.5,6,SLEEP,Z,0.06885044,0.4050195
7/2/5/6/2/7/5/7/7 3 3,Z,0.5,2,SLEEP,Z,0.05994593,0.09931764
7/2/5/6/2/7/3/7/7 3 3,Z,0.5,4,SLEEP,Z,0.0385854,0.1127861
7/2/5/6/2/7/7/6/7 3 3,Z,0.5,4,SLEEP,Z,0.04500601,0.1492879
7/2/5/6/2/7/7/5/7 3 3,Z,0.5,2,SLEEP,Z,0.01194132,0.03872516
7/2/5/6/2/7/7/3/7 3 3,Z,0.5833333333333333333333333333,2,SLEEP,Z,0.02409761,0.08836185
7/2/5/6/2/7/7/7/6 3 3,Z,0.5,4,SLEEP,Z,0.05281289,0.1719414
7/2/5/6/2/7/7/7/5 3 3,Z,0.5,2,SLEEP,Z,0.02545814,0.0838398
7/2/5/6/2/7/7/7/3 3 3,Z,0.5,4,SLEEP,Z,0.06006191,0.4008041
7/2/5/6/6/2/7/7/7 3 3,Z,0.5,4,SLEEP,Z,0.02515111,0.06105585
7/2/5/6/6/6/6/7/7 3 3,Z,0.5,6,SLEEP,Z,0.081083,0.1395333
7/2/5/6/6/6/5/7/7 3 3,X,0.5,4,SLEEP,Z,0.03304036,0.07964436
7/2/5/6/6/6/3/7/7 3 3,X,0.60,6,SLEEP,Z,0.1169297,0.2581007
7/2/5/6/6/6/7/6/7 3 3,X,0.5,12,SLEEP,Z,0.1133548,0.3184156
7/2/5/6/6/6/7/5/7 3 3,X,0.5,8,SLEEP,Z,0.0469221,0.189087
7/2/5/6/6/6/7/3/7 3 3,Z,0.625,2,SLEEP,Z,0.03134605,0.09333986
7/2/5/6/6/6/7/7/6 3 3,Z,0.5,10,SLEEP,Z,0.09411788,0.2245176
7/2/5/6/6/6/7/7/5 3 3,X,0.5,4,SLEEP,Z,0.03417144,0.141304
7/2/5/6/6/6/7/7/3 3 3,X,0.60,6,SLEEP,Z,0.05296966,0.1683058
7/2/5/6/6/5/6/7/7 3 3,Z,0.5,2,SLEEP,Z,0.01456852,0.0389272
7/2/5/6/6/5/5/7/7 3 3,Z,0.5,2,SLEEP,Z,0.02617341,0.04587782
7/2/5/6/6/5/3/7/7 3 3,X,0.60,4,SLEEP,Z,0.0269074,0.08144564
7/2/5/6/6/5/7/6/7 3 3,X,0.5,4,SLEEP,Z,0.02220627,0.08335953
7/2/5/6/6/5/7/5/7 3 3,Z,0.5,2,SLEEP,Z,0,0
7/2/5/6/6/5/7/3/7 3 3,Z,0.5833333333333333333333333333,2,SLEEP,Z,0.01306476,0.07995811
7/2/5/6/6/5/7/7/6 3 3,Z,0.5,6,SLEEP,Z,0.02968737,0.09264365
7/2/5/6/6/5/7/7/5 3 3,Z,0.5,2,SLEEP,Z,0.02792444,0.1129475
7/2/5/6/6/5/7/7/3 3 3,X,0.60,2,SLEEP,Z,0.02942016,0.09870936
7/2/5/6/6/3/6/7/7 3 3,Z,0.5833333333333333333333333333,2,SLEEP,Z,0.06897489,0.0791581
7/2/5/6/6/3/5/7/7 3 3,Z,0.5833333333333333333333333333,2,SLEEP,Z,0.0278061,0.04445698
7/2/5/6/6/3/3/7/7 3 3,X,0.60,4,SLEEP,Z,0.0440059,0.1357593
7/2/5/6/6/3/7/6/7 3 3,Z,-0.625,8,SLEEP,Z,0.02911313,0.1092814
7/2/5/6/6/3/7/5/7 3 3,Z,0.5833333333333333333333333333,2,SLEEP,Z,0.01299681,0.03153961
7/2/5/6/6/3/7/3/7 3 3,Z,0.6666666666666666666666666667,2,SLEEP,Z,0.02224613,0.08077645
7/2/5/6/6/3/7/7/6 3 3,Z,0.5833333333333333333333333333,4,SLEEP,Z,0.03231758,0.07594815
7/2/5/6/6/3/7/7/5 3 3,Z,0.5833333333333333333333333333,2,SLEEP,Z,0,0
7/2/5/6/6/3/7/7/3 3 3,X,0.60,4,SLEEP,Z,0.02068752,0.07746562
7/2/5/6/6/7/2/7/7 3 3,Z,0.5,2,SLEEP,Z,0.00983082,0.03946871
7/2/5/6/6/7/6/6/7 3 3,X,0.5,4,SLEEP,Z,0.04100485,0.1487028
7/2/5/6/6/7/6/5/7 3 3,Z,0.5,2,SLEEP,Z,0.0266979,0.09983918
7/2/5/6/6/7/6/3/7 3 3,Z,0.5833333333333333333333333333,2,SLEEP,Z,0.01518364,0.05065927
7/2/5/6/6/7/6/7/6 3 3,Z,0.5,4,SLEEP,Z,0.03218057,0.1264288
7/2/5/6/6/7/6/7/5 3 3,Z,0.5,2,SLEEP,Z,0.01843627,0.05945836
7/2/5/6/6/7/6/7/3 3 3,X,0.7,2,SLEEP,Z,0,0
7/2/5/6/6/7/5/6/7 3 3,X,0.5,10,SLEEP,Z,0.05005876,0.2247691
7/2/5/6/6/7/5/5/7 3 3,Z,0.5,2,SLEEP,Z,0.02964962,0.06718213
7/2/5/6/6/7/5/3/7 3 3,Z,0.5833333333333333333333333333,2,SLEEP,Z,0.01474894,0.0133543
7/2/5/6/6/7/5/7/6 3 3,Z,0.5,4,SLEEP,Z,0.02230883,0.09768199
7/2/5/6/6/7/5/7/5 3 3,Z,0.5,4,SLEEP,Z,0.0591727,0.1157173
7/2/5/6/6/7/5/7/3 3 3,X,0.6,6,SLEEP,Z,0.08186757,0.1616638
7/2/5/6/6/7/3/6/7 3 3,X,0.6,4,SLEEP,Z,0.03982139,0.1532003
7/2/5/6/6/7/3/5/7 3 3,X,0.6,2,SLEEP,Z,0.05585497,0.2235273
7/2/5/6/6/7/3/3/7 3 3,X,0.6,4,SLEEP,Z,0.03848177,0.09444729
7/2/5/6/6/7/3/7/6 3 3,X,-0.7,2,SLEEP,Z,0.02136779,0.08496913
7/2/5/6/6/7/3/7/5 3 3,X,0.6,2,SLEEP,Z,0.01588118,0.05322056
7/2/5/6/6/7/3/7/3 3 3,X,0.7,4,SLEEP,Z,0.06851428,0.1646119
7/2/5/6/6/7/7/2/7 3 3,Z,0.5,2,SLEEP,Z,0.04910599,0.0858031
7/2/5/6/6/7/7/6/6 3 3,Z,0.5,2,SLEEP,Z,0.03063469,0.1269176
7/2/5/6/6/7/7/6/5 3 3,X,0.5,8,SLEEP,Z,0.05771631,0.1800483
7/2/5/6/6/7/7/6/3 3 3,X,0.6,4,SLEEP,Z,0.03936628,0.1525141
7/2/5/6/6/7/7/5/6 3 3,Z,0.5,2,SLEEP,Z,0.01471929,0.06125844
7/2/5/6/6/7/7/5/5 3 3,Z,0.5,2,SLEEP,Z,0.02585316,0.101247
7/2/5/6/6/7/7/5/3 3 3,X,0.6,4,SLEEP,Z,0.04120797,0.1074824
7/2/5/6/6/7/7/3/6 3 3,Z,0.5833333333333333333333333333,2,SLEEP,Z,0.07898539,0.1454618
7/2/5/6/6/7/7/3/5 3 3,Z,0.5833333333333333333333333333,4,SLEEP,Z,0.01726485,0.06110083
7/2/5/6/6/7/7/3/3 3 3,X,0.6,2,SLEEP,Z,0.01737611,0.06383921
7/2/5/6/6/7/7/7/4 3 3,Z,0.5,6,SLEEP,Z,0.03341083,0.142076
7/2/5/6/6/7/7/7/2 3 3,Z,0.5,2,SLEEP,Z,0.02271144,0.0749564
7/2/5/6/6/7/7/7/1 3 3,X,0.6,4,SLEEP,Z,0.02744232,0.1155619
7/2/5/6/5/2/7/7/7 3 3,Z,0.5,2,SLEEP,Z,0.01487718,0.06052633
7/2/5/6/5/6/6/7/7 3 3,Z,0.5,8,SLEEP,Z,0.04432625,0.1868434
7/2/5/6/5/6/5/7/7 3 3,Z,0.5,4,SLEEP,Z,0.03545738,0.1533328
7/2/5/6/5/6/3/7/7 3 3,Z,0.5,2,SLEEP,Z,0.02342039,0.1032084
7/2/5/6/5/6/7/6/7 3 3,Z,0.5,10,SLEEP,Z,0.08238842,0.2973514
7/2/5/6/5/6/7/5/7 3 3,Z,0.5,2,SLEEP,Z,0.02659064,0.1130876
7/2/5/6/5/6/7/3/7 3 3,Z,0.625,4,SLEEP,Z,0.1388641,0.3936018
7/2/5/6/5/6/7/7/6 3 3,Z,0.5,6,SLEEP,Z,0.03862794,0.1373447
7/2/5/6/5/6/7/7/5 3 3,Z,0.5,6,SLEEP,Z,0.10191,0.292561
7/2/5/6/5/6/7/7/3 3 3,Z,0.5,6,SLEEP,Z,0.0371737,0.1470247
7/2/5/6/5/5/6/7/7 3 3,Z,0.5,2,SLEEP,Z,0.02618898,0.05590956
7/2/5/6/5/5/5/7/7 3 3,Z,0.5,2,SLEEP,Z,0.01564746,0.04239434
7/2/5/6/5/5/3/7/7 3 3,Z,0.5,2,SLEEP,Z,0,0
7/2/5/6/5/5/7/6/7 3 3,Z,0.5,6,SLEEP,Z,0.0486759,0.1922875
7/2/5/6/5/5/7/5/7 3 3,Z,0.5,4,SLEEP,Z,0.04361269,0.3075012
7/2/5/6/5/5/7/3/7 3 3,Z,0.5833333333333333333333333333,2,SLEEP,Z,0.003995006,0.01740559
7/2/5/6/5/5/7/7/6 3 3,Z,0.5,2,SLEEP,Z,0.02285807,0.0956062
7/2/5/6/5/5/7/7/5 3 3,Z,0.5,2,SLEEP,Z,0.01280374,0.05324593
7/2/5/6/5/5/7/7/3 3 3,Z,0.5,2,SLEEP,Z,0.01415221,0.06363073
7/2/5/6/5/3/6/7/7 3 3,Z,0.5833333333333333333333333333,2,SLEEP,Z,0.002935931,0.01179667
7/2/5/6/5/3/5/7/7 3 3,Z,0.5833333333333333333333333333,2,SLEEP,Z,0.02692548,0.06122119
7/2/5/6/5/3/3/7/7 3 3,Z,0.5833333333333333333333333333,4,SLEEP,Z,0.02467085,0.07853124
7/2/5/6/5/3/7/6/7 3 3,Z,-0.625,2,SLEEP,Z,0.04490032,0.1315027
7/2/5/6/5/3/7/5/7 3 3,Z,0.5833333333333333333333333333,2,SLEEP,Z,0.007405381,0.02307997
7/2/5/6/5/3/7/3/7 3 3,Z,0.6666666666666666666666666667,2,SLEEP,Z,0.02629644,0.09480415
7/2/5/6/5/3/7/7/6 3 3,Z,0.5833333333333333333333333333,2,SLEEP,Z,0.02489898,0.1005582
7/2/5/6/5/3/7/7/5 3 3,Z,0.5833333333333333333333333333,4,SLEEP,Z,0.01378942,0.05217737
7/2/5/6/5/3/7/7/3 3 3,Z,0.5833333333333333333333333333,2,SLEEP,Z,0,0
7/2/5/6/5/7/2/7/7 3 3,Z,0.5,2,SLEEP,Z,0.02807831,0.06391023
7/2/5/6/5/7/6/6/7 3 3,X,0.5,6,SLEEP,Z,0.09197582,0.3692213
7/2/5/6/5/7/6/5/7 3 3,Z,0.5,2,SLEEP,Z,0.01346414,0.06582576
7/2/5/6/5/7/6/3/7 3 3,Z,0.5833333333333333333333333333,4,SLEEP,Z,0.02155183,0.05937243
7/2/5/6/5/7/6/7/6 3 3,Z,0.5,2,SLEEP,Z,0.01907226,0.06793145
7/2/5/6/5/7/6/7/5 3 3,Z,0.5,2,SLEEP,Z,0.01766793,0.07273788
7/2/5/6/5/7/6/7/3 3 3,X,0.7,2,SLEEP,Z,0.04436875,0.06207197
7/2/5/6/5/7/5/6/7 3 3,Z,0.5,8,SLEEP,Z,0.04620104,0.2154198
7/2/5/6/5/7/5/5/7 3 3,Z,0.5,2,SLEEP,Z,0.01451078,0.08852518
7/2/5/6/5/7/5/3/7 3 3,Z,0.5833333333333333333333333333,4,SLEEP,Z,0.07892124,0.1459591
7/2/5/6/5/7/5/7/6 3 3,Z,0.5,4,SLEEP,Z,0.04903957,0.1895831
7/2/5/6/5/7/5/7/5 3 3,Z,0.5,4,SLEEP,Z,0.06160855,0.1652312
7/2/5/6/5/7/5/7/3 3 3,Z,0.5,2,SLEEP,Z,0.01315481,0.04444709
7/2/5/6/5/7/3/6/7 3 3,X,-0.5,6,SLEEP,Z,0.08099636,0.4167003
7/2/5/6/5/7/3/5/7 3 3,Z,0.5,2,SLEEP,Z,0.01127697,0.04976774
7/2/5/6/5/7/3/3/7 3 3,Z,0.5833333333333333333333333333,4,SLEEP,Z,0.04941295,0.0982861
7/2/5/6/5/7/3/7/6 3 3,X,-0.7,4,SLEEP,Z,0.03272164,0.1006767
7/2/5/6/5/7/3/7/5 3 3,Z,0.5,2,SLEEP,Z,0.02712327,0.09246369
7/2/5/6/5/7/3/7/3 3 3,Z,0.5,6,SLEEP,Z,0.02285231,0.08466861
7/2/5/6/5/7/7/2/7 3 3,Z,0.5,2,SLEEP,Z,0.03115318,0.06473734
7/2/5/6/5/7/7/6/6 3 3,Z,0.5,6,SLEEP,Z,0.07708161,0.2297875
7/2/5/6/5/7/7/6/5 3 3,Z,0.5,2,SLEEP,Z,0.02725974,0.1133126
7/2/5/6/5/7/7/6/3 3 3,Z,0.5,6,SLEEP,Z,0.03660912,0.1567461
7/2/5/6/5/7/7/5/6 3 3,Z,0.5,6,SLEEP,Z,0.02638803,0.09174798
7/2/5/6/5/7/7/5/5 3 3,Z,0.5,4,SLEEP,Z,0.01327928,0.05351674
7/2/5/6/5/7/7/5/3 3 3,Z,0.5,2,SLEEP,Z,0.02431522,0.09969001
7/2/5/6/5/7/7/3/6 3 3,Z,0.5833333333333333333333333333,2,SLEEP,Z,0.01965867,0.07636176
7/2/5/6/5/7/7/3/5 3 3,Z,0.5833333333333333333333333333,2,SLEEP,Z,0.03275502,0.0765199
7/2/5/6/5/7/7/3/3 3 3,Z,0.5833333333333333333333333333,4,SLEEP,Z,0.01796255,0.07891855
7/2/5/6/5/7/7/7/4 3 3,Z,0.5,2,SLEEP,Z,0,0
7/2/5/6/5/7/7/7/2 3 3,Z,0.5,2,SLEEP,Z,0,0
7/2/5/6/5/7/7/7/1 3 3,Z,0.5,2,SLEEP,Z,0.02087986,0.06336495
7/2/5/6/3/2/7/7/7 3 3,Z,0.5,2,SLEEP,Z,0.02934754,0.1260261
7/2/5/6/3/6/6/7/7 3 3,X,-0.60,4,SLEEP,Z,0.03803071,0.1418935
7/2/5/6/3/6/5/7/7 3 3,X,-0.5,4,SLEEP,Z,0.05366534,0.1762378
7/2/5/6/3/6/3/7/7 3 3,Z,0.5,2,SLEEP,Z,0.02070233,0.09258054
7/2/5/6/3/6/7/6/7 3 3,X,-0.5,12,SLEEP,Z,0.1074433,0.3232916
7/2/5/6/3/6/7/5/7 3 3,X,-0.5,2,SLEEP,Z,0.03470829,0.1456973
7/2/5/6/3/6/7/3/7 3 3,Z,0.625,2,SLEEP,Z,0,0
7/2/5/6/3/6/7/7/6 3 3,X,-0.60,8,SLEEP,Z,0.04464181,0.1765785
7/2/5/6/3/6/7/7/5 3 3,X,-0.5,2,SLEEP,Z,0.03481199,0.1341631
7/2/5/6/3/6/7/7/3 3 3,Z,0.5,4,SLEEP,Z,0.1043718,0.1795162
7/2/5/6/3/5/6/7/7 3 3,X,-0.60,2,SLEEP,Z,0.03822924,0.04650589
7/2/5/6/3/5/5/7/7 3 3,Z,0.5,4,SLEEP,Z,0.03026914,0.09067275
7/2/5/6/3/5/3/7/7 3 3,Z,0.5,2,SLEEP,Z,0.07144783,0.1135605
7/2/5/6/3/5/7/6/7 3 3,X,-0.5,8,SLEEP,Z,0.03745639,0.1540083
7/2/5/6/3/5/7/5/7 3 3,Z,0.5,2,SLEEP,Z,0.008242555,0.03285506
7/2/5/6/3/5/7/3/7 3 3,Z,0.5833333333333333333333333333,2,SLEEP,Z,0.02937653,0.07683701
7/2/5/6/3/5/7/7/6 3 3,X,-0.60,4,SLEEP,Z,0.02453119,0.07968999
7/2/5/6/3/5/7/7/5 3 3,Z,0.5,2,SLEEP,Z,0.00894295,0.04136518
7/2/5/6/3/5/7/7/3 3 3,Z,0.5,2,SLEEP,Z,0.01591664,0.03500936
7/2/5/6/3/3/6/7/7 3 3,X,-0.60,4,SLEEP,Z,0.08292593,0.4566184
7/2/5/6/3/3/5/7/7 3 3,Z,0.5833333333333333333333333333,2,SLEEP,Z,0.01264472,0.02759634
7/2/5/6/3/3/3/7/7 3 3,Z,0.5833333333333333333333333333,2,SLEEP,Z,0,0
7/2/5/6/3/3/7/6/7 3 3,Z,-0.625,4,SLEEP,Z,0.026985,0.101893
7/2/5/6/3/3/7/5/7 3 3,Z,0.5833333333333333333333333333,6,SLEEP,Z,0.1005201,0.2787991
7/2/5/6/3/3/7/3/7 3 3,Z,0.6666666666666666666666666667,4,SLEEP,Z,0.0227549,0.08558126
7/2/5/6/3/3/7/7/6 3 3,X,-0.60,2,SLEEP,Z,0.02219273,0.0691796
7/2/5/6/3/3/7/7/5 3 3,Z,0.5833333333333333333333333333,2,SLEEP,Z,0.08005706,0.1066165
7/2/5/6/3/3/7/7/3 3 3,Z,0.5833333333333333333333333333,2,SLEEP,Z,0.02167824,0.08029375
7/2/5/6/3/7/2/7/7 3 3,Z,0.5,4,SLEEP,Z,0.04188793,0.1377554
7/2/5/6/3/7/6/6/7 3 3,X,-0.6,2,SLEEP,Z,0.006378769,0.03149792
7/2/5/6/3/7/6/5/7 3 3,X,-0.6,2,SLEEP,Z,0,0
7/2/5/6/3/7/6/3/7 3 3,X,-0.6,2,SLEEP,Z,0.01162311,0.04105064
7/2/5/6/3/7/6/7/6 3 3,X,-0.7,2,SLEEP,Z,0.02770975,0.08847547
7/2/5/6/3/7/6/7/5 3 3,X,-0.6,2,SLEEP,Z,0.05603661,0.1633821
7/2/5/6/3/7/6/7/3 3 3,X,0.7,2,SLEEP,Z,0.01924152,0.03137636
7/2/5/6/3/7/5/6/7 3 3,X,-0.5,8,SLEEP,Z,0.06644178,0.2184521
7/2/5/6/3/7/5/5/7 3 3,Z,0.5,4,SLEEP,Z,0.05737484,0.1034293
7/2/5/6/3/7/5/3/7 3 3,Z,0.5833333333333333333333333333,2,SLEEP,Z,0,0
7/2/5/6/3/7/5/7/6 3 3,X,-0.6,4,SLEEP,Z,0.03192773,0.09515871
7/2/5/6/3/7/5/7/5 3 3,Z,0.5,4,SLEEP,Z,0.04458783,0.1241796
7/2/5/6/3/7/5/7/3 3 3,Z,0.5,2,SLEEP,Z,0.01193159,0.04858964
7/2/5/6/3/7/3/6/7 3 3,X,-0.5,4,SLEEP,Z,0.03317902,0.1310204
7/2/5/6/3/7/3/5/7 3 3,Z,0.5,4,SLEEP,Z,0.1032094,0.3859883
7/2/5/6/3/7/3/3/7 3 3,Z,0.5833333333333333333333333333,2,SLEEP,Z,0.02135587,0.01869749
7/2/5/6/3/7/3/7/6 3 3,X,-0.7,2,SLEEP,Z,0.01275152,0.05240983
7/2/5/6/3/7/3/7/5 3 3,Z,0.5,2,SLEEP,Z,0.02823807,0.09404997
7/2/5/6/3/7/3/7/3 3 3,Z,0.5,2,SLEEP,Z,0.07739418,0.1798479
7/2/5/6/3/7/7/2/7 3 3,Z,0.5,4,SLEEP,Z,0.05402401,0.1214548
7/2/5/6/3/7/7/6/6 3 3,X,-0.6,6,SLEEP,Z,0.05555188,0.2335244
7/2/5/6/3/7/7/6/5 3 3,X,-0.5,10,SLEEP,Z,0.05496793,0.4065109
7/2/5/6/3/7/7/6/3 3 3,Z,0.5,8,SLEEP,Z,0.07127853,0.200803
7/2/5/6/3/7/7/5/6 3 3,X,-0.6,2,SLEEP,Z,0.01556884,0.06041896
7/2/5/6/3/7/7/5/5 3 3,Z,0.5,2,SLEEP,Z,0.008623624,0.02527561
7/2/5/6/3/7/7/5/3 3 3,Z,0.5,2,SLEEP,Z,0.01832931,0.07620662
7/2/5/6/3/7/7/3/6 3 3,X,-0.6,2,SLEEP,Z,0.02721002,0.1039171
7/2/5/6/3/7/7/3/5 3 3,Z,0.5833333333333333333333333333,2,SLEEP,Z,0.0529063,0.1824241
7/2/5/6/3/7/7/3/3 3 3,Z,0.5833333333333333333333333333,2,SLEEP,Z,0.007082235,0.02966668
7/2/5/6/3/7/7/7/4 3 3,X,-0.6,4,SLEEP,Z,0.02167144,0.07596558
7/2/5/6/3/7/7/7/2 3 3,Z,0.5,2,SLEEP,Z,0.01210603,0.06558833
7/2/5/6/3/7/7/7/1 3 3,Z,0.5,2,SLEEP,Z,0.01003222,0.03711285
7/2/5/6/7/2/6/7/7 3 3,Z,0.5,4,SLEEP,Z,0.06729593,0.1143762
7/2/5/6/7/2/5/7/7 3 3,Z,0.5,2,SLEEP,Z,0,0
7/2/5/6/7/2/3/7/7 3 3,Z,0.5,2,SLEEP,Z,0,0
7/2/5/6/7/2/7/6/7 3 3,Z,0.5,6,SLEEP,Z,0.05928144,0.237466
7/2/5/6/7/2/7/5/7 3 3,Z,0.5,2,SLEEP,Z,0.006374836,0.01782427
7/2/5/6/7/2/7/3/7 3 3,Z,0.5833333333333333333333333333,2,SLEEP,Z,0.03276293,0.1205157
7/2/5/6/7/2/7/7/6 3 3,Z,0.5,2,SLEEP,Z,0.02833539,0.03965909
7/2/5/6/7/2/7/7/5 3 3,Z,0.5,2,SLEEP,Z,0.02352612,0.08772226
7/2/5/6/7/2/7/7/3 3 3,Z,0.5,2,SLEEP,Z,0.04960008,0.09722374
7/2/5/6/7/6/2/7/7 3 3,Z,0.5,4,SLEEP,Z,0.03842102,0.152908
7/2/5/6/7/6/6/6/7 3 3,X,0.5,8,SLEEP,Z,0.09666257,0.3309755
7/2/5/6/7/6/6/5/7 3 3,Z,0.5,4,SLEEP,Z,0.04541732,0.1843036
7/2/5/6/7/6/6/3/7 3 3,Z,0.6428571428571428571428571429,2,SLEEP,Z,0.007388091,0.01684089
7/2/5/6/7/6/6/7/6 3 3,Z,0.5,8,SLEEP,Z,0.04944879,0.1827573
7/2/5/6/7/6/6/7/5 3 3,Z,0.5,4,SLEEP,Z,0.07226145,0.1804371
7/2/5/6/7/6/6/7/3 3 3,X,0.7,8,SLEEP,Z,0.05854429,0.1856219
7/2/5/6/7/6/5/6/7 3 3,Z,0.5,4,SLEEP,Z,0.0328967,0.1434613
7/2/5/6/7/6/5/5/7 3 3,Z,0.5,12,SLEEP,Z,0.06058299,0.200946
7/2/5/6/7/6/5/3/7 3 3,Z,0.6428571428571428571428571429,2,SLEEP,Z,0,0
7/2/5/6/7/6/5/7/6 3 3,Z,0.5,4,SLEEP,Z,0.03738118,0.1487175
7/2/5/6/7/6/5/7/5 3 3,Z,0.5,4,SLEEP,Z,0.02477773,0.09541363
7/2/5/6/7/6/5/7/3 3 3,Z,0.5,4,SLEEP,Z,0.04197584,0.1728711
7/2/5/6/7/6/3/6/7 3 3,X,-0.5,10,SLEEP,Z,0.0634089,0.2558825
7/2/5/6/7/6/3/5/7 3 3,Z,0.5,4,SLEEP,Z,0.03654913,0.1680319
7/2/5/6/7/6/3/3/7 3 3,Z,0.6428571428571428571428571429,2,SLEEP,Z,0.1146706,0.1190899
7/2/5/6/7/6/3/7/6 3 3,X,-0.7,6,SLEEP,Z,0.04410633,0.2004136
7/2/5/6/7/6/3/7/5 3 3,Z,0.5,4,SLEEP,Z,0.04634783,0.1899246
7/2/5/6/7/6/3/7/3 3 3,Z,0.5,4,SLEEP,Z,0.03625936,0.1182038
7/2/5/6/7/6/7/2/7 3 3,Z,0.5,4,SLEEP,Z,0.0650548,0.1575268
7/2/5/6/7/6/7/6/6 3 3,Z,0.5,6,SLEEP,Z,0.06443958,0.2483879
7/2/5/6/7/6/7/6/5 3 3,Z,0.5,14,SLEEP,Z,0.09625915,0.3030689
7/2/5/6/7/6/7/6/3 3 3,Z,0.5,10,SLEEP,Z,0.05941416,0.2511583
7/2/5/6/7/6/7/5/6 3 3,Z,0.5,4,SLEEP,Z,0.04882636,0.2020902
7/2/5/6/7/6/7/5/5 3 3,Z,0.5,4,SLEEP,Z,0.06450108,0.1975576
7/2/5/6/7/6/7/5/3 3 3,Z,0.5,6,SLEEP,Z,0.0875686,0.1984099
7/2/5/6/7/6/7/3/6 3 3,Z,0.6428571428571428571428571429,4,SLEEP,Z,0.01801426,0.07554997
7/2/5/6/7/6/7/3/5 3 3,Z,0.6428571428571428571428571429,2,SLEEP,Z,0.00509493,0.009215179
7/2/5/6/7/6/7/3/3 3 3,Z,0.6428571428571428571428571429,2,SLEEP,Z,0,0
7/2/5/6/7/6/7/7/4 3 3,Z,0.5,6,SLEEP,Z,0.0416175,0.1721854
7/2/5/6/7/6/7/7/2 3 3,Z,0.5,4,SLEEP,Z,0.06631011,0.2047271
7/2/5/6/7/6/7/7/1 3 3,Z,0.5,6,SLEEP,Z,0.03811757,0.1607185
7/2/5/6/7/5/2/7/7 3 3,Z,0.5,2,SLEEP,Z,0.03343407,0.0863179
7/2/5/6/7/5/6/6/7 3 3,X,0.5,4,SLEEP,Z,0.05442395,0.1487646
7/2/5/6/7/5/6/5/7 3 3,Z,0.5,4,SLEEP,Z,0.04230531,0.09014747
7/2/5/6/7/5/6/3/7 3 3,Z,0.5833333333333333333333333333,2,SLEEP,Z,0,0
7/2/5/6/7/5/6/7/6 3 3,Z,0.5,2,SLEEP,Z,0.0134862,0.05413869
7/2/5/6/7/5/6/7/5 3 3,Z,0.5,2,SLEEP,Z,0.02413611,0.09943123
7/2/5/6/7/5/6/7/3 3 3,X,0.7,2,SLEEP,Z,0,0
7/2/5/6/7/5/5/6/7 3 3,Z,0.5,8,SLEEP,Z,0.07907271,0.4037664
7/2/5/6/7/5/5/5/7 3 3,Z,0.5,2,SLEEP,Z,0.01932196,0.04454066
7/2/5/6/7/5/5/3/7 3 3,Z,0.5833333333333333333333333333,2,SLEEP,Z,0.005782238,0.02941432
7/2/5/6/7/5/5/7/6 3 3,Z,0.5,2,SLEEP,Z,0,0
7/2/5/6/7/5/5/7/5 3 3,Z,0.5,2,SLEEP,Z,0.02996657,0.08945191
7/2/5/6/7/5/5/7/3 3 3,Z,0.5,2,SLEEP,Z,0.01566864,0.0639682
7/2/5/6/7/5/3/6/7 3 3,X,-0.5,4,SLEEP,Z,0.07373235,0.1972863
7/2/5/6/7/5/3/5/7 3 3,Z,0.5,4,SLEEP,Z,0.1268211,0.2304769
7/2/5/6/7/5/3/3/7 3 3,Z,0.5833333333333333333333333333,4,SLEEP,Z,0.02181159,0.08072511
7/2/5/6/7/5/3/7/6 3 3,X,-0.7,2,SLEEP,Z,0.007039444,0.04526684
7/2/5/6/7/5/3/7/5 3 3,Z,0.5,2,SLEEP,Z,0.01646289,0.05780609
7/2/5/6/7/5/3/7/3 3 3,Z,0.5,4,SLEEP,Z,0.02520563,0.08655454
7/2/5/6/7/5/7/2/7 3 3,Z,0.5,2,SLEEP,Z,0.05703394,0.1873106
7/2/5/6/7/5/7/6/6 3 3,Z,0.5,6,SLEEP,Z,0.04617171,0.2083087
7/2/5/6/7/5/7/6/5 3 3,Z,0.5,2,SLEEP,Z,0.035636,0.1350092
7/2/5/6/7/5/7/6/3 3 3,Z,0.5,10,SLEEP,Z,0.05710027,0.214823
7/2/5/6/7/5/7/5/6 3 3,Z,0.5,2,SLEEP,Z,0.02279908,0.07614017
7/2/5/6/7/5/7/5/5 3 3,Z,0.5,2,SLEEP,Z,0.01481058,0.0631613
7/2/5/6/7/5/7/5/3 3 3,Z,0.5,4,SLEEP,Z,0.04468281,0.1136818
7/2/5/6/7/5/7/3/6 3 3,Z,0.5833333333333333333333333333,2,SLEEP,Z,0,0
7/2/5/6/7/5/7/3/5 3 3,Z,0.5833333333333333333333333333,2,SLEEP,Z,0,0
7/2/5/6/7/5/7/3/3 3 3,Z,0.5833333333333333333333333333,2,SLEEP,Z,0.01155386,0.05077576
7/2/5/6/7/5/7/7/4 3 3,Z,0.5,2,SLEEP,Z,0.03083721,0.09407853
7/2/5/6/7/5/7/7/2 3 3,Z,0.5,4,SLEEP,Z,0.04425922,0.3747495
7/2/5/6/7/5/7/7/1 3 3,Z,0.5,2,SLEEP,Z,0.03380714,0.09124516
7/2/5/6/7/3/2/7/7 3 3,Z,0.5833333333333333333333333333,2,SLEEP,Z,0.01502544,0.03893915
7/2/5/6/7/3/6/6/7 3 3,Z,-0.6428571428571428571428571429,4,SLEEP,Z,0.03580102,0.1347718
7/2/5/6/7/3/6/5/7 3 3,Z,0.5833333333333333333333333333,2,SLEEP,Z,0.02684632,0.03978352
7/2/5/6/7/3/6/3/7 3 3,Z,0.6666666666666666666666666667,4,SLEEP,Z,0.1081287,0.2395929
7/2/5/6/7/3/6/7/6 3 3,Z,0.5833333333333333333333333333,2,SLEEP,Z,0.04751154,0.4069758
7/2/5/6/7/3/6/7/5 3 3,Z,0.5833333333333333333333333333,2,SLEEP,Z,0.00426988,0.01625678
7/2/5/6/7/3/6/7/3 3 3,X,0.7,2,SLEEP,Z,0.02600002,0.05490575
7/2/5/6/7/3/5/6/7 3 3,Z,-0.6428571428571428571428571429,4,SLEEP,Z,0.04213417,0.1290307
7/2/5/6/7/3/5/5/7 3 3,Z,0.5833333333333333333333333333,2,SLEEP,Z,0.01566762,0.06526172
7/2/5/6/7/3/5/3/7 3 3,Z,0.6666666666666666666666666667,4,SLEEP,Z,0.04625643,0.1276932
7/2/5/6/7/3/5/7/6 3 3,Z,0.5833333333333333333333333333,2,SLEEP,Z,0.01954465,0.04608268
7/2/5/6/7/3/5/7/5 3 3,Z,0.5833333333333333333333333333,2,SLEEP,Z,0.008664181,0.03768998
7/2/5/6/7/3/5/7/3 3 3,Z,0.5833333333333333333333333333,2,SLEEP,Z,0.02056359,0.0624134
7/2/5/6/7/3/3/6/7 3 3,Z,-0.6428571428571428571428571429,6,SLEEP,Z,0.03248927,0.1092977
7/2/5/6/7/3/3/5/7 3 3,Z,0.5833333333333333333333333333,2,SLEEP,Z,0.01716623,0.0515523
7/2/5/6/7/3/3/3/7 3 3,Z,0.6666666666666666666666666667,6,SLEEP,Z,0.0597958,0.2223121
7/2/5/6/7/3/3/7/6 3 3,X,-0.7,2,SLEEP,Z,0.01946037,0.07319485
7/2/5/6/7/3/3/7/5 3 3,Z,0.5833333333333333333333333333,2,SLEEP,Z,0.09770593,0.2847213
7/2/5/6/7/3/3/7/3 3 3,Z,0.5833333333333333333333333333,4,SLEEP,Z,0.06775688,0.2643288
7/2/5/6/7/3/7/2/7 3 3,Z,0.5833333333333333333333333333,2,SLEEP,Z,0.01488137,0.02114893
7/2/5/6/7/3/7/6/6 3 3,Z,-0.6428571428571428571428571429,2,SLEEP,Z,0.02040544,0.05310761
7/2/5/6/7/3/7/6/5 3 3,Z,-0.6428571428571428571428571429,2,SLEEP,Z,0.01886528,0.07797636
7/2/5/6/7/3/7/6/3 3 3,Z,-0.6428571428571428571428571429,2,SLEEP,Z,0,0
7/2/5/6/7/3/7/5/6 3 3,Z,0.5833333333333333333333333333,2,SLEEP,Z,0.00934018,0.03706436
7/2/5/6/7/3/7/5/5 3 3,Z,0.5833333333333333333333333333,2,SLEEP,Z,0,0
7/2/5/6/7/3/7/5/3 3 3,Z,0.5833333333333333333333333333,2,SLEEP,Z,0.01011165,0.03816608
7/2/5/6/7/3/7/3/6 3 3,Z,0.6666666666666666666666666667,2,SLEEP,Z,0.02266518,0.08489282
7/2/5/6/7/3/7/3/5 3 3,Z,0.6666666666666666666666666667,2,SLEEP,Z,0.0248537,0.09677054
7/2/5/6/7/3/7/3/3 3 3,Z,0.6666666666666666666666666667,2,SLEEP,Z,0.05615142,0.1600372
7/2/5/6/7/3/7/7/4 3 3,Z,0.5833333333333333333333333333,2,SLEEP,Z,0,0
7/2/5/6/7/3/7/7/2 3 3,Z,0.5833333333333333333333333333,2,SLEEP,Z,0,0
7/2/5/6/7/3/7/7/1 3 3,Z,0.5833333333333333333333333333,2,SLEEP,Z,0,0
7/2/5/6/7/7/2/6/7 3 3,Z,0.5,2,SLEEP,Z,0.03566847,0.1500259
7/2/5/6/7/7/2/5/7 3 3,Z,0.5,2,SLEEP,Z,0.01314182,0.05369746
7/2/5/6/7/7/2/3/7 3 3,Z,0.5833333333333333333333333333,2,SLEEP,Z,0.007714064,0.03688073
7/2/5/6/7/7/2/7/6 3 3,Z,0.5,2,SLEEP,Z,0,0
7/2/5/6/7/7/2/7/5 3 3,Z,0.5,2,SLEEP,Z,0.0142326,0.05870901
7/2/5/6/7/7/2/7/3 3 3,Z,0.5,4,SLEEP,Z,0.02047545,0.08312429
7/2/5/6/7/7/6/2/7 3 3,Z,0.5,4,SLEEP,Z,0.03349391,0.1120158
7/2/5/6/7/7/6/6/6 3 3,Z,0.5,6,SLEEP,Z,0.0591131,0.2541636
7/2/5/6/7/7/6/6/5 3 3,X,0.5,2,SLEEP,Z,0.02951738,0.1168682
7/2/5/6/7/7/6/6/3 3 3,X,0.75,4,SLEEP,Z,0.1064284,0.2028991
7/2/5/6/7/7/6/5/6 3 3,Z,0.5,2,SLEEP,Z,0.02945359,0.08230598
7/2/5/6/7/7/6/5/5 3 3,Z,0.5,4,SLEEP,Z,0.01883708,0.07821816
7/2/5/6/7/7/6/5/3 3 3,X,0.75,2,SLEEP,Z,0.01542995,0.06158022
7/2/5/6/7/7/6/3/6 3 3,Z,0.5833333333333333333333333333,2,SLEEP,Z,0.02102606,0.05863462
7/2/5/6/7/7/6/3/5 3 3,Z,0.5833333333333333333333333333,2,SLEEP,Z,0,0
7/2/5/6/7/7/6/3/3 3 3,X,0.75,2,SLEEP,Z,0.01538255,0.06136402
7/2/5/6/7/7/6/7/4 3 3,Z,0.5,2,SLEEP,Z,0.02048057,0.08219757
7/2/5/6/7/7/6/7/2 3 3,Z,0.5,2,SLEEP,Z,0.007465864,0.02299318
7/2/5/6/7/7/6/7/1 3 3,X,0.75,2,SLEEP,Z,0.02692406,0.09044613
7/2/5/6/7/7/5/2/7 3 3,Z,0.5,2,SLEEP,Z,0.01395116,0.05671597
7/2/5/6/7/7/5/6/6 3 3,Z,0.5,10,SLEEP,Z,0.05293298,0.2288291
7/2/5/6/7/7/5/6/5 3 3,Z,0.5,2,SLEEP,Z,0.040502,0.1525883
7/2/5/6/7/7/5/6/3 3 3,Z,0.5,4,SLEEP,Z,0.03849326,0.1384832
7/2/5/6/7/7/5/5/6 3 3,Z,0.5,2,SLEEP,Z,0.05316289,0.1495269
7/2/5/6/7/7/5/5/5 3 3,Z,0.5,2,SLEEP,Z,0.0111614,0.04484966
7/2/5/6/7/7/5/5/3 3 3,Z,0.5,4,SLEEP,Z,0.06491379,0.3752414
7/2/5/6/7/7/5/3/6 3 3,Z,0.5833333333333333333333333333,2,SLEEP,Z,0.1070649,0.3095586
7/2/5/6/7/7/5/3/5 3 3,Z,0.5833333333333333333333333333,2,SLEEP,Z,0.04856933,0.1591366
7/2/5/6/7/7/5/3/3 3 3,Z,0.5833333333333333333333333333,4,SLEEP,Z,0.0399192,0.1184445
7/2/5/6/7/7/5/7/4 3 3,Z,0.5,2,SLEEP,Z,0.01477973,0.0636249
