board,cog_axis,cog_value,unity_time,unity_state,unity_axis,unity_mav,unity_mlv
7/2/6/7/7/4/7/5/5 3 3,Z,2,0,BLOCK,Z,0.676379,0.6526992
7/2/6/7/7/6/7/1/5 3 3,Z,-2,0,BLOCK,Z,0.4732532,0.4956975
7/2/4/7/7/6/7/5/3 3 3,X,2.1333333333333333333333333332,0,BLOCK,X,0.7120953,0.6198587
7/2/2/7/7/6/7/5/3 3 3,Z,0.5,302,TIMEOUT,Z,0.01109999,0.003513402
7/2/6/7/7/4/7/5/3 3 3,Z,2,0,BLOCK,Z,0.402726,0.5634291
7/2/6/7/7/6/7/1/3 3 3,Z,-2,0,BLOCK,Z,0.3203788,0.3601216
7/2/4/7/7/6/7/3/6 3 3,X,1.8666666666666666666666666668,2,BLOCK,X,0.8365473,0.5848486
7/2/6/7/7/4/7/3/6 3 3,Z,2.2857142857142857142857142858,0,BLOCK,Z,0.6172077,0.5585619
7/2/4/7/7/6/7/3/5 3 3,X,2,0,BLOCK,X,0.7547529,0.5073619
7/2/6/7/7/4/7/3/5 3 3,Z,2.2857142857142857142857142858,0,BLOCK,Z,0.4677814,0.4633248
7/2/4/7/7/6/7/3/3 3 3,X,2.1333333333333333333333333332,0,BLOCK,X,0.6845236,0.7412338
7/2/6/7/7/4/7/3/3 3 3,Z,2.2857142857142857142857142858,0,BLOCK,Z,0.2765158,0.3117069
7/2/4/7/7/6/7/7/4 3 3,X,1.8666666666666666666666666668,0,BLOCK,X,0.5783681,0.4355501
7/2/6/7/7/4/7/7/4 3 3,Z,2,0,BLOCK,Z,0.3171781,0.4029235
7/2/4/7/7/6/7/7/2 3 3,X,2,2,BLOCK,X,0.8614512,0.5633321
7/2/6/7/7/4/7/7/2 3 3,Z,2,0,BLOCK,Z,0.5773105,0.5739707
7/2/2/6/7/6/7/7/5 3 3,Z,0.5,302,TIMEOUT,Z,0.01086362,0.01014541
3/2/6/7/7/6/7/7/1 3 3,X,0.5666666666666666666666666666,302,TIMEOUT,Z,0.08478502,0.0436315
7/2/4/7/7/6/7/7/1 3 3,X,2.1333333333333333333333333332,0,BLOCK,X,0.6848353,0.5020417
7/2/2/7/7/6/7/7/1 3 3,Z,0.5,302,TIMEOUT,Z,0.01461605,0.006986822
7/2/6/7/7/4/7/7/1 3 3,Z,2,0,BLOCK,Z,0.7484763,0.5834628
7/2/4/7/7/5/2/7/7 3 3,X,2,2,BLOCK,X,0.94271,0.5666581
7/2/6/7/7/1/2/7/7 3 3,Z,-2,0,BLOCK,Z,0.3298576,0.3764824
7/2/4/7/7/5/6/6/7 3 3,X,1.8666666666666666666666666668,0,BLOCK,X,0.6918108,0.3676607
7/2/2/7/7/5/6/6/7 3 3,X,0.5,302,TIMEOUT,Z,0.04833083,0.02574903
7/2/6/7/7/1/6/6/7 3 3,Z,-2.2857142857142857142857142858,2,BLOCK,Z,1.455766,1.024897
7/2/6/7/7/5/4/6/7 3 3,X,2,0,BLOCK,X,0.7877086,0.7426952
7/2/6/7/7/5/6/4/7 3 3,Z,2,2,BLOCK,Z,1.558097,0.982835
7/2/6/7/7/5/6/6/5 3 3,X,0.5,302,TIMEOUT,Z,0.01400808,0.009138077
7/2/4/7/7/5/6/5/7 3 3,X,1.8666666666666666666666666668,0,BLOCK,X,0.6506706,0.4565616
7/2/6/7/7/1/6/5/7 3 3,Z,-2,2,BLOCK,Z,1.130539,0.8913562
7/2/6/7/7/5/4/5/7 3 3,X,2,0,BLOCK,X,0.4096442,0.6437017
7/2/6/7/7/5/6/1/7 3 3,Z,-2,2,BLOCK,Z,1.58699,0.9301207
7/2/4/7/7/5/6/3/7 3 3,X,1.8666666666666666666666666668,0,BLOCK,X,0.7225037,0.5880331
7/2/6/7/7/1/6/3/7 3 3,Z,-1.7142857142857142857142857142,0,BLOCK,Z,0.1589858,0.4044451
7/2/6/7/7/5/4/3/7 3 3,X,2,0,BLOCK,X,1.192353,0.7796615
7/2/4/7/7/5/6/7/6 3 3,X,1.7333333333333333333333333334,0,BLOCK,X,0.4273105,0.4244052
7/2/6/7/7/1/6/7/6 3 3,Z,-2,0,BLOCK,Z,1.345164,0.9795915
7/2/6/7/7/5/4/7/6 3 3,X,1.6,0,BLOCK,X,0.4259005,0.5344711
7/2/4/7/7/5/6/7/5 3 3,X,1.8666666666666666666666666668,2,BLOCK,X,0.8658844,0.5458461
7/2/6/7/7/1/6/7/5 3 3,Z,-2,0,BLOCK,Z,0.5073236,0.4425864
7/2/6/7/7/5/4/7/5 3 3,X,2,0,BLOCK,X,0.6953799,0.716811
7/2/4/7/7/5/6/7/3 3 3,X,2,0,BLOCK,X,0.5780858,0.5821072
7/2/6/7/7/1/6/7/3 3 3,Z,-2,0,BLOCK,Z,1.335531,0.9222645
7/2/6/7/7/5/4/7/3 3 3,X,2.4,2,BLOCK,X,1.608647,0.947324
7/2/4/7/7/5/5/6/7 3 3,X,2,2,BLOCK,X,0.7905098,0.7117341
7/2/6/7/7/1/5/6/7 3 3,Z,-2.2857142857142857142857142858,0,BLOCK,Z,0.1937562,0.2823793
7/2/6/7/7/5/1/6/7 3 3,X,-2,2,BLOCK,X,1.405143,0.8960335
7/2/6/7/7/5/5/4/7 3 3,Z,2,0,BLOCK,Z,0.06428012,0.2629596
7/2/4/7/7/5/5/5/7 3 3,X,2,0,BLOCK,X,0.3892264,0.4404062
7/2/6/7/7/1/5/5/7 3 3,Z,-2,0,BLOCK,Z,0.4642664,0.6376492
7/2/6/7/7/5/1/5/7 3 3,X,-2,0,BLOCK,X,0.5050009,0.3932661
7/2/6/7/7/5/5/1/7 3 3,Z,-2,0,BLOCK,Z,0.3253134,0.3925355
7/2/4/7/7/5/5/3/7 3 3,X,2,0,BLOCK,X,0.4543297,0.6020796
7/2/6/7/7/1/5/3/7 3 3,Z,-1.7142857142857142857142857142,0,BLOCK,Z,1.12723,0.836468
7/2/6/7/7/5/1/3/7 3 3,X,-2,2,BLOCK,X,1.397265,0.8623804
7/2/4/7/7/5/5/7/6 3 3,X,1.8666666666666666666666666668,0,BLOCK,X,0.4997981,0.513309
7/2/6/7/7/1/5/7/6 3 3,Z,-2,2,BLOCK,Z,1.317343,0.9699612
7/2/6/7/7/5/1/7/6 3 3,X,-2.4,0,BLOCK,X,0.3065797,0.455754
7/2/4/7/7/5/5/7/5 3 3,X,2,0,BLOCK,X,0.5031958,0.4690061
7/2/6/7/7/1/5/7/5 3 3,Z,-2,0,BLOCK,Z,0.5194823,0.4057238
7/2/6/7/7/5/1/7/5 3 3,X,-2,0,BLOCK,X,0.3979293,0.3499676
7/2/4/7/7/5/5/7/3 3 3,X,2.1333333333333333333333333332,2,BLOCK,X,0.7782769,0.7144735
7/2/6/7/7/1/5/7/3 3 3,Z,-2,0,BLOCK,Z,1.294318,0.8482186
7/2/6/7/7/5/1/7/3 3 3,X,-1.6,0,BLOCK,X,1.055425,0.700713
7/2/4/7/7/5/3/6/7 3 3,X,2.1333333333333333333333333332,0,BLOCK,X,0.6620911,0.5060464
7/2/6/7/7/1/3/6/7 3 3,Z,-2.2857142857142857142857142858,0,BLOCK,Z,0.2072574,0.3405315
7/2/6/7/7/5/3/4/7 3 3,Z,2,0,BLOCK,Z,0.3889657,0.3443579
7/2/4/7/7/5/3/5/7 3 3,X,2.1333333333333333333333333332,2,BLOCK,X,0.8278363,0.7977655
7/2/6/7/7/1/3/5/7 3 3,Z,-2,0,BLOCK,Z,1.28608,0.9556255
7/2/6/7/7/5/3/1/7 3 3,Z,-2,0,BLOCK,Z,1.116782,0.6058803
7/2/4/7/7/5/3/3/7 3 3,X,2.1333333333333333333333333332,2,BLOCK,X,0.8378899,0.5411053
7/2/6/7/7/1/3/3/7 3 3,Z,-1.7142857142857142857142857142,0,BLOCK,Z,1.195941,0.8671572
7/2/4/7/7/5/3/7/6 3 3,X,2,0,BLOCK,X,0.8013507,0.7356018
7/2/6/7/7/1/3/7/6 3 3,Z,-2,0,BLOCK,Z,0.4973896,0.4536138
7/2/4/7/7/5/3/7/5 3 3,X,2.1333333333333333333333333332,2,BLOCK,X,0.881547,0.6818314
7/2/6/7/7/1/3/7/5 3 3,Z,-2,2,BLOCK,Z,1.281617,0.9078589
7/2/4/7/7/5/3/7/3 3 3,X,2.2666666666666666666666666666,2,BLOCK,X,0.9354137,0.5737089
7/2/6/7/7/1/3/7/3 3 3,Z,-2,0,BLOCK,Z,1.082774,0.9222701
7/2/4/7/7/5/7/2/7 3 3,X,2,0,BLOCK,X,0.5694498,0.3337422
7/2/6/7/7/1/7/2/7 3 3,Z,-2,0,BLOCK,Z,0.1771012,0.365235
7/2/4/7/7/5/7/6/6 3 3,X,1.8666666666666666666666666668,2,BLOCK,X,0.8545125,0.5789328
7/2/6/7/5/5/7/6/6 3 3,Z,0.5,302,TIMEOUT,Z,0.0132809,0.008073488
7/2/6/7/7/1/7/6/6 3 3,Z,-2.2857142857142857142857142858,0,BLOCK,Z,0.4378083,0.5229576
7/2/6/7/7/5/7/4/6 3 3,Z,2,0,BLOCK,Z,0.04431766,0.07196955
7/2/4/7/7/5/7/6/5 3 3,X,2,0,BLOCK,X,0.7210268,0.5010467
7/2/6/7/7/1/7/6/5 3 3,Z,-2.2857142857142857142857142858,0,BLOCK,Z,0.05415695,0.1877267
7/2/6/7/7/5/7/4/5 3 3,Z,2,0,BLOCK,Z,0.1527762,0.25879
7/2/4/7/7/5/7/6/3 3 3,X,2.1333333333333333333333333332,0,BLOCK,X,0.6465884,0.603777
7/2/6/7/7/1/7/6/3 3 3,Z,-2.2857142857142857142857142858,0,BLOCK,Z,0.1480578,0.2003641
7/2/6/7/7/5/7/4/3 3 3,Z,2,0,BLOCK,Z,0.0868125,0.3052206
7/2/4/7/7/5/7/5/6 3 3,X,1.8666666666666666666666666668,0,BLOCK,X,0.6199762,0.583124
7/2/6/7/7/1/7/5/6 3 3,Z,-2,2,BLOCK,Z,1.230527,0.8368085
7/2/6/7/7/5/7/1/6 3 3,Z,-2,0,BLOCK,Z,0.1080631,0.1136598
7/2/4/7/7/5/7/5/5 3 3,X,2,2,BLOCK,X,0.8331608,0.5695375
7/2/6/7/7/1/7/5/5 3 3,Z,-2,0,BLOCK,Z,0.5841037,0.5758172
7/2/6/7/7/5/7/1/5 3 3,Z,-2,0,BLOCK,Z,0.1062008,0.06933421
7/2/4/7/7/5/7/5/3 3 3,X,2.1333333333333333333333333332,0,BLOCK,X,0.7061873,0.5742999
7/2/6/7/7/1/7/5/3 3 3,Z,-2,0,BLOCK,Z,0.526027,0.2772443
7/2/6/7/7/5/7/1/3 3 3,Z,-2,2,BLOCK,Z,1.634812,1.024823
7/2/4/7/7/5/7/3/6 3 3,X,1.8666666666666666666666666668,0,BLOCK,X,0.4256905,0.3270223
7/2/2/7/7/5/7/3/6 3 3,Z,-0.5,302,TIMEOUT,Z,0.009406866,0.007008345
7/2/6/7/7/1/7/3/6 3 3,Z,-1.7142857142857142857142857142,0,BLOCK,Z,1.253937,0.9066358
7/2/4/7/7/5/7/3/5 3 3,X,2,0,BLOCK,X,0.6098082,0.4138547
7/2/6/7/7/1/7/3/5 3 3,Z,-1.7142857142857142857142857142,0,BLOCK,Z,0.3325066,0.6547119
6/2/6/7/7/5/7/3/3 3 3,X,0.5666666666666666666666666666,302,TIMEOUT,Z,0.1281724,0.09333055
7/2/4/7/7/5/7/3/3 3 3,X,2.1333333333333333333333333332,0,BLOCK,X,0.6383978,0.4313504
7/2/6/7/7/1/7/3/3 3 3,Z,-1.7142857142857142857142857142,0,BLOCK,Z,0.3900616,0.6508997
7/2/4/7/7/5/7/7/4 3 3,X,1.8666666666666666666666666668,0,BLOCK,X,0.6531193,0.5292789
7/2/6/7/7/1/7/7/4 3 3,Z,-2,0,BLOCK,Z,0.4946979,0.6070817
7/2/4/7/7/5/7/7/2 3 3,X,2,0,BLOCK,X,0.5155377,0.6220891
7/2/6/7/7/1/7/7/2 3 3,Z,-2,2,BLOCK,Z,1.335393,0.8703736
7/2/4/7/7/5/7/7/1 3 3,X,2.1333333333333333333333333332,0,BLOCK,X,0.719282,0.6013858
7/2/6/7/7/1/7/7/1 3 3,Z,-2,2,BLOCK,Z,1.33531,0.9293038
7/2/4/7/7/3/2/7/7 3 3,X,2,0,BLOCK,X,0.6489148,0.4944757
7/2/4/7/7/3/6/6/7 3 3,X,1.8666666666666666666666666668,0,BLOCK,X,0.5570762,0.5362113
7/2/6/7/7/3/4/6/7 3 3,X,2,0,BLOCK,X,0.5245204,0.66294
7/2/6/7/7/3/6/4/7 3 3,Z,2,0,BLOCK,Z,0.6342559,0.6172162
7/2/4/7/7/3/6/5/7 3 3,X,1.8666666666666666666666666668,0,BLOCK,X,0.675141,0.2657505
7/2/6/7/7/3/4/5/7 3 3,X,2,0,BLOCK,X,0.4613071,0.5495978
7/2/6/7/7/3/6/1/7 3 3,Z,-2,0,BLOCK,Z,0.4491636,0.4658656
7/2/4/7/7/3/6/3/7 3 3,X,1.8666666666666666666666666668,0,BLOCK,X,0.6176991,0.2923005
7/2/6/7/7/3/4/3/7 3 3,X,2,0,BLOCK,X,0.4090529,0.7024585
7/2/4/7/7/3/6/7/6 3 3,X,1.7333333333333333333333333334,0,BLOCK,X,0.5777273,0.2183515
7/2/6/7/7/3/4/7/6 3 3,X,1.6,0,BLOCK,X,0.5346098,0.548447
7/2/4/7/7/3/6/7/5 3 3,X,1.8666666666666666666666666668,0,BLOCK,X,0.7112684,0.4653449
7/2/2/7/7/3/6/7/5 3 3,Z,-0.5,302,TIMEOUT,Z,0.006283466,0.00199661
7/2/6/7/7/3/4/7/5 3 3,X,2,2,BLOCK,X,1.36506,0.9214588
7/2/4/7/7/3/6/7/3 3 3,X,2,2,BLOCK,X,0.8926532,0.4157638
7/2/2/7/7/3/6/7/3 3 3,X,0.7,302,TIMEOUT,Z,0.01327795,0.005586805
7/2/6/7/7/3/4/7/3 3 3,X,2.4,2,BLOCK,X,1.627622,0.9410797
7/2/4/7/7/3/5/6/7 3 3,X,2,0,BLOCK,X,0.511543,0.5291048
7/2/6/7/7/3/1/6/7 3 3,X,-2,0,BLOCK,X,0.3740959,0.377001
7/2/6/7/7/3/5/4/7 3 3,Z,2,0,BLOCK,Z,0.6201006,0.5434851
7/2/4/7/7/3/5/5/7 3 3,X,2,0,BLOCK,X,0.5293506,0.5702702
7/2/6/7/7/3/1/5/7 3 3,X,-2,0,BLOCK,X,0.7680641,0.432303
7/2/6/7/7/3/5/1/7 3 3,Z,-2,0,BLOCK,Z,0.5693177,0.5450222
7/2/6/7/7/3/5/5/5 3 3,X,0.5,302,TIMEOUT,Z,0.02177636,0.009850446
7/2/4/7/7/3/5/3/7 3 3,X,2,0,BLOCK,X,0.5431852,0.388844
7/2/6/7/7/3/1/3/7 3 3,X,-2,2,BLOCK,X,1.434401,0.9973956
7/2/4/7/7/3/5/7/6 3 3,X,1.8666666666666666666666666668,2,BLOCK,X,0.8218527,0.5116595
7/2/6/7/7/3/1/7/6 3 3,X,-2.4,0,BLOCK,X,1.571243,0.9914237
7/2/4/7/7/3/5/7/5 3 3,X,2,2,BLOCK,X,0.8835521,0.5682743
7/2/6/7/7/3/1/7/5 3 3,X,-2,2,BLOCK,X,1.354078,0.7801571
7/2/4/7/7/3/5/7/3 3 3,X,2.1333333333333333333333333332,0,BLOCK,X,0.6256986,0.5722688
7/2/6/7/6/3/5/7/3 3 3,X,0.6111111111111111111111111111,302,TIMEOUT,Z,0.02331077,0.01131631
7/2/6/7/7/3/1/7/3 3 3,X,-1.6,0,BLOCK,X,0.4684432,0.4236971
7/2/4/7/7/3/3/6/7 3 3,X,2.1333333333333333333333333332,0,BLOCK,X,0.486395,0.6844562
7/2/6/7/7/3/3/4/7 3 3,Z,2,0,BLOCK,Z,1.076206,0.6463358
7/2/4/7/7/3/3/5/7 3 3,X,2.1333333333333333333333333332,2,BLOCK,X,0.8630879,0.6119388
7/2/6/7/7/3/3/1/7 3 3,Z,-2,0,BLOCK,Z,0.1658274,0.3313789
7/2/4/7/7/3/3/3/7 3 3,X,2.1333333333333333333333333332,2,BLOCK,X,0.8951364,0.7158771
7/2/4/7/7/3/3/7/6 3 3,X,2,2,BLOCK,X,0.9014555,0.7953131
5/2/6/7/7/3/3/7/5 3 3,X,0.5666666666666666666666666666,302,TIMEOUT,Z,0.05512957,0.03150724
7/2/4/7/7/3/3/7/5 3 3,X,2.1333333333333333333333333332,0,BLOCK,X,0.6193929,0.6298986
7/2/4/7/7/3/3/7/3 3 3,X,2.2666666666666666666666666666,0,BLOCK,X,0.6839691,0.7172993
7/2/4/7/7/3/7/2/7 3 3,X,2,0,BLOCK,X,0.545077,0.445727
7/2/4/7/7/3/7/6/6 3 3,X,1.8666666666666666666666666668,0,BLOCK,X,0.4529027,0.3146039
7/2/6/7/7/3/7/4/6 3 3,Z,2,2,BLOCK,Z,1.63029,0.9926408
7/2/4/7/7/3/7/6/5 3 3,X,2,0,BLOCK,X,0.3622386,0.498348
7/2/6/7/7/3/7/4/5 3 3,Z,2,0,BLOCK,Z,0.5223367,0.4927943
7/2/4/7/7/3/7/6/3 3 3,X,2.1333333333333333333333333332,0,BLOCK,X,0.6642695,0.4973214
7/2/2/7/7/3/7/6/3 3 3,Z,-0.6428571428571428571428571429,118,BLOCK,Z,0.7861465,0.417352
7/2/6/7/7/3/7/4/3 3 3,Z,2,2,BLOCK,Z,1.621568,0.9977768
7/2/4/7/7/3/7/5/6 3 3,X,1.8666666666666666666666666668,2,BLOCK,X,0.8503924,0.6174363
7/2/6/7/7/3/7/1/6 3 3,Z,-2,0,BLOCK,Z,0.5325407,0.4774246
7/2/4/7/7/3/7/5/5 3 3,X,2,0,BLOCK,X,0.6412356,0.6006967
7/2/6/7/7/3/7/1/5 3 3,Z,-2,0,BLOCK,Z,0.2210129,0.2195357
7/2/4/7/7/3/7/5/3 3 3,X,2.1333333333333333333333333332,2,BLOCK,X,0.8399164,0.6299609
7/2/6/7/7/3/7/1/3 3 3,Z,-2,0,BLOCK,Z,0.2755391,0.2946411
7/2/4/7/7/3/7/3/6 3 3,X,1.8666666666666666666666666668,0,BLOCK,X,0.5213667,0.3741463
7/2/4/7/7/3/7/3/5 3 3,X,2,2,BLOCK,X,0.8738425,0.5968331
7/2/4/7/7/3/7/3/3 3 3,X,2.1333333333333333333333333332,0,BLOCK,X,0.7621524,0.5005389
7/2/4/7/7/3/7/7/4 3 3,X,1.8666666666666666666666666668,0,BLOCK,X,0.7069314,0.5404708
7/2/4/7/7/3/7/7/2 3 3,X,2,0,BLOCK,X,0.5672172,0.5265098
7/2/4/7/7/3/7/7/1 3 3,X,2.1333333333333333333333333332,2,BLOCK,X,0.8718892,0.6153719
7/2/2/7/7/3/7/7/1 3 3,Z,-0.5,302,TIMEOUT,Z,0.01114819,0.004754657
7/2/4/7/7/7/2/6/7 3 3,X,2,0,BLOCK,X,0.6571236,0.4674416
7/2/6/7/7/7/2/4/7 3 3,Z,2,2,BLOCK,Z,1.574156,0.954218
7/2/4/7/7/7/2/5/7 3 3,X,2,0,BLOCK,X,0.6508911,0.5972189
7/2/2/7/7/7/2/5/7 3 3,X,0,302,TIMEOUT,Z,0.009347592,0.004788227
7/2/6/7/7/7/2/1/7 3 3,Z,-2,0,BLOCK,Z,1.626776,0.9849267
7/2/4/7/7/7/2/3/7 3 3,X,2,0,BLOCK,X,0.6694499,0.5588568
7/2/4/7/7/7/2/7/6 3 3,X,1.8666666666666666666666666668,0,BLOCK,X,0.65904,0.6821914
7/2/4/7/7/7/2/7/5 3 3,X,2,2,BLOCK,X,0.8448445,0.5482863
7/2/4/7/7/7/2/7/3 3 3,X,2.1333333333333333333333333332,0,BLOCK,X,0.6703011,0.4820401
7/2/4/7/7/7/6/2/7 3 3,X,1.8666666666666666666666666668,0,BLOCK,X,0.6539347,0.4275273
7/2/6/7/7/7/4/2/7 3 3,X,2,2,BLOCK,X,1.327716,0.8222815
7/2/4/7/7/7/6/6/6 3 3,X,1.7333333333333333333333333334,2,BLOCK,X,0.8489255,0.4913722
7/2/6/7/7/7/4/6/6 3 3,X,1.5,0,BLOCK,X,0.3028187,0.4897183
7/2/6/7/7/7/6/4/6 3 3,Z,2,0,BLOCK,Z,0.1204815,0.1152303
7/2/4/7/7/7/6/6/5 3 3,X,1.8666666666666666666666666668,0,BLOCK,X,0.4383473,0.4723731
7/2/6/7/7/7/4/6/5 3 3,X,2,0,BLOCK,X,0.4292482,0.6351985
7/2/6/7/7/7/6/4/5 3 3,Z,2,0,BLOCK,Z,0.07418354,0.1969512
6/2/6/7/7/7/6/6/3 3 3,X,0.75,302,TIMEOUT,Z,0.1216972,0.09207214
7/2/4/7/7/7/6/6/3 3 3,X,2.0,0,BLOCK,X,0.4918187,0.462828
7/2/6/7/7/7/4/6/3 3 3,X,2.5,0,BLOCK,X,0.4695633,0.7128244
7/2/6/7/7/7/6/4/3 3 3,Z,2,0,BLOCK,Z,1.701548,1.020054
7/2/4/7/7/7/6/5/6 3 3,X,1.7333333333333333333333333334,0,BLOCK,X,0.6916357,0.4158006
7/2/6/7/7/7/4/5/6 3 3,X,1.5,0,BLOCK,X,0.2734903,0.4494466
7/2/6/7/7/7/6/1/6 3 3,Z,-2,0,BLOCK,Z,0.05778365,0.03348427
7/2/4/7/7/7/6/5/5 3 3,X,1.8666666666666666666666666668,0,BLOCK,X,0.8540512,0.465847
7/2/6/7/7/7/4/5/5 3 3,X,2,2,BLOCK,X,1.371777,0.8650336
7/2/6/7/7/7/6/1/5 3 3,Z,-2,0,BLOCK,Z,0.3846844,0.3768096
7/2/4/7/7/7/6/5/3 3 3,X,2.0,0,BLOCK,X,0.5485728,0.5017344
7/2/6/7/7/7/4/5/3 3 3,X,2.5,0,BLOCK,X,0.3774174,0.7232966
7/2/6/7/7/7/6/1/3 3 3,Z,-2,0,BLOCK,Z,0.05713945,0.1974985
7/2/4/7/7/7/6/3/6 3 3,X,1.7333333333333333333333333334,0,BLOCK,X,0.7492958,0.3761952
7/2/6/7/7/7/4/3/6 3 3,X,1.5,2,BLOCK,X,1.27803,0.7345243
7/2/4/7/7/7/6/3/5 3 3,X,1.8666666666666666666666666668,0,BLOCK,X,0.4395175,0.4667499
7/2/6/7/7/7/4/3/5 3 3,X,2,0,BLOCK,X,0.3811834,0.5678929
7/2/4/7/7/7/6/3/3 3 3,X,2.0,0,BLOCK,X,0.7015644,0.4187056
7/2/6/7/7/7/4/3/3 3 3,X,2.5,0,BLOCK,X,0.5924046,0.8577824
7/2/4/7/7/7/6/7/4 3 3,X,1.7333333333333333333333333334,0,BLOCK,X,0.6336575,0.4071678
7/2/6/7/7/7/4/7/4 3 3,X,1.5,0,BLOCK,X,0.08250064,0.2325336
7/2/4/7/7/7/6/7/2 3 3,X,1.8666666666666666666666666668,0,BLOCK,X,0.6108662,0.4609765
7/2/6/7/7/7/4/7/2 3 3,X,2,0,BLOCK,X,0.4467844,0.6181319
7/2/4/7/7/7/6/7/1 3 3,X,2.0,2,BLOCK,X,0.8671382,0.6023448
7/2/6/7/7/7/4/7/1 3 3,X,2.5,0,BLOCK,X,0.5875227,0.7961103
7/2/2/6/7/7/5/6/7 3 3,Z,0.5,302,TIMEOUT,Z,0.008147199,0.004646372
7/2/2/7/6/7/5/6/7 3 3,X,0.5,32,BLOCK,Z,0.7746693,0.5048304
7/2/2/7/5/7/5/6/7 3 3,Z,0.5,302,TIMEOUT,Z,0.07539747,0.04597386
7/2/2/7/7/3/5/6/7 3 3,Z,-0.6428571428571428571428571429,302,TIMEOUT,Z,0.0111669,0.004533816
7/2/4/7/7/7/5/2/7 3 3,X,2,2,BLOCK,X,0.870248,0.5321433
7/2/6/7/7/7/1/2/7 3 3,X,-2,0,BLOCK,X,0.3225702,0.3349169
7/2/4/7/7/7/5/6/6 3 3,X,1.8666666666666666666666666668,0,BLOCK,X,0.5684561,0.3312635
7/2/6/7/7/7/1/6/6 3 3,X,-2.5,2,BLOCK,X,1.644293,0.9458035
7/2/6/7/7/7/5/4/6 3 3,Z,2,0,BLOCK,Z,1.622147,1.027148
7/2/4/7/7/7/5/6/5 3 3,X,2,0,BLOCK,X,0.7475743,0.4676766
7/2/6/7/7/7/1/6/5 3 3,X,-2,0,BLOCK,X,0.5447201,0.4152626
7/2/6/7/7/7/5/4/5 3 3,Z,2,0,BLOCK,Z,0.9020742,0.4074637
3/2/6/7/7/7/5/6/3 3 3,X,0.5666666666666666666666666666,302,TIMEOUT,Z,0.01653871,0.007739343
7/2/4/7/7/7/5/6/3 3 3,X,2.1333333333333333333333333332,0,BLOCK,X,0.7518597,0.557922
7/2/6/7/7/7/1/6/3 3 3,X,-1.5,2,BLOCK,X,1.175027,0.8273392
7/2/6/7/7/7/5/4/3 3 3,Z,2,0,BLOCK,Z,1.732027,1.079199
7/2/4/7/7/7/5/5/6 3 3,X,1.8666666666666666666666666668,0,BLOCK,X,0.6258751,0.3429014
7/2/6/7/7/7/1/5/6 3 3,X,-2.5,2,BLOCK,X,1.612697,0.9762343
7/2/6/7/7/7/5/1/6 3 3,Z,-2,0,BLOCK,Z,0.1187211,0.1003768
7/2/4/7/7/7/5/5/5 3 3,X,2,0,BLOCK,X,0.5451189,0.4527897
7/2/6/7/7/7/1/5/5 3 3,X,-2,0,BLOCK,X,0.2240617,0.2431967
7/2/6/7/7/7/5/1/5 3 3,Z,-2,0,BLOCK,Z,0.1744637,0.273542
7/2/4/7/7/7/5/5/3 3 3,X,2.1333333333333333333333333332,2,BLOCK,X,0.8272636,0.6448168
7/2/2/7/7/7/5/5/3 3 3,X,0.1666666666666666666666666667,302,TIMEOUT,Z,0.01558552,0.01093371
7/2/6/7/7/7/1/5/3 3 3,X,-1.5,0,BLOCK,X,0.09810312,0.2005036
7/2/6/7/7/7/5/1/3 3 3,Z,-2,2,BLOCK,Z,1.630383,1.087624
7/2/4/7/7/7/5/3/6 3 3,X,1.8666666666666666666666666668,0,BLOCK,X,0.6170518,0.3568645
7/2/6/7/7/7/1/3/6 3 3,X,-2.5,0,BLOCK,X,0.3377489,0.5469124
7/2/4/7/7/7/5/3/5 3 3,X,2,0,BLOCK,X,0.6708553,0.5731704
7/2/6/7/7/7/1/3/5 3 3,X,-2,0,BLOCK,X,0.2371361,0.1775056
7/2/4/7/7/7/5/3/3 3 3,X,2.1333333333333333333333333332,2,BLOCK,X,0.8512851,0.7099545
7/2/2/7/7/7/5/3/3 3 3,Z,-0.5,302,TIMEOUT,Z,0.01661218,0.008675373
7/2/6/7/6/7/5/3/3 3 3,X,0.6111111111111111111111111111,302,TIMEOUT,Z,0.0092517,0.005824982
7/2/6/7/7/7/1/3/3 3 3,X,-1.5,2,BLOCK,X,1.180464,0.8298261
7/2/4/7/7/7/5/7/4 3 3,X,1.8666666666666666666666666668,0,BLOCK,X,0.6561503,0.494524
7/2/6/7/7/7/1/7/4 3 3,X,-2.5,0,BLOCK,X,0.3881332,0.4417199
7/2/4/7/7/7/5/7/2 3 3,X,2,2,BLOCK,X,0.8417748,0.6638174
7/2/6/7/7/7/1/7/2 3 3,X,-2,0,BLOCK,X,0.1901857,0.3435429
7/2/4/7/7/7/5/7/1 3 3,X,2.1333333333333333333333333332,2,BLOCK,X,0.883224,0.6366683
7/2/6/7/7/7/1/7/1 3 3,X,-1.5,0,BLOCK,X,0.3038512,0.3436818
7/2/4/7/7/7/3/2/7 3 3,X,2.1333333333333333333333333332,0,BLOCK,X,0.7323475,0.5115343
3/2/6/7/7/7/3/6/6 3 3,X,-0.75,302,TIMEOUT,Z,0.07748469,0.04431377
7/2/4/7/7/7/3/6/6 3 3,X,2.0,0,BLOCK,X,0.7803146,0.5937886
7/2/6/7/7/7/3/4/6 3 3,Z,2,0,BLOCK,Z,0.06066084,0.3453978
7/2/4/7/7/7/3/6/5 3 3,X,2.1333333333333333333333333332,2,BLOCK,X,0.9810551,0.6438723
7/2/6/7/7/7/3/4/5 3 3,Z,2,0,BLOCK,Z,1.706762,1.069338
7/2/4/7/7/7/3/6/3 3 3,X,2.2666666666666666666666666666,0,BLOCK,X,0.8425475,0.6068143
7/2/6/7/7/7/3/4/3 3 3,Z,2,0,BLOCK,Z,0.177753,0.3832833
7/2/4/7/7/7/3/5/6 3 3,X,2.0,0,BLOCK,X,0.8156539,0.6081774
7/2/6/7/7/7/3/1/6 3 3,Z,-2,0,BLOCK,Z,1.734038,1.009486
7/2/4/7/7/7/3/5/5 3 3,X,2.1333333333333333333333333332,0,BLOCK,X,0.7811071,0.5665201
7/2/6/7/7/7/3/1/5 3 3,Z,-2,0,BLOCK,Z,1.561848,1.034329
7/2/4/7/7/7/3/5/3 3 3,X,2.2666666666666666666666666666,0,BLOCK,X,0.5600467,0.7015316
7/2/6/7/7/7/3/1/3 3 3,Z,-2,2,BLOCK,Z,1.630877,1.073306
7/2/4/7/7/7/3/3/6 3 3,X,2.0,0,BLOCK,X,0.8380127,0.80979
7/2/4/7/7/7/3/3/5 3 3,X,2.1333333333333333333333333332,2,BLOCK,X,0.7930187,0.7195252
7/2/2/7/7/7/3/3/5 3 3,X,-0.5,302,TIMEOUT,Z,0.01717035,0.00847462
7/2/4/7/7/7/3/3/3 3 3,X,2.2666666666666666666666666666,0,BLOCK,X,0.578567,0.810708
7/2/4/7/7/7/3/7/4 3 3,X,2.0,0,BLOCK,X,0.7557417,0.528664
7/2/4/7/7/7/3/7/2 3 3,X,2.1333333333333333333333333332,0,BLOCK,X,0.5723057,0.594251
7/2/4/7/7/7/3/7/1 3 3,X,2.2666666666666666666666666666,2,BLOCK,X,0.8170419,0.7746887
7/2/2/6/5/7/7/6/7 3 3,Z,0.5,302,TIMEOUT,Z,0.01201223,0.006208724
7/2/2/7/7/7/7/4/5 3 3,Z,2,0,BLOCK,Z,0.1068234,0.1175037
7/2/2/3/7/7/7/6/3 3 3,Z,-0.5769230769230769230769230769,302,TIMEOUT,Z,0.01853283,0.01476043
7/2/2/7/7/7/7/6/1 3 3,Z,0.5,302,TIMEOUT,Z,0.01467303,0.009333783
7/2/4/7/7/7/7/2/6 3 3,X,1.8666666666666666666666666668,2,BLOCK,X,0.8651595,0.5388589
7/2/4/7/7/7/7/2/5 3 3,X,2,0,BLOCK,X,0.7423875,0.605799
7/2/4/7/7/7/7/2/3 3 3,X,2.1333333333333333333333333332,0,BLOCK,X,0.7801602,0.5622954
7/2/4/7/7/7/7/6/4 3 3,X,1.8666666666666666666666666668,2,BLOCK,X,0.8744054,0.5219483
7/2/6/7/7/7/7/4/4 3 3,Z,2,0,BLOCK,Z,0.04153546,0.06538277
7/2/4/7/7/7/7/6/2 3 3,X,2,0,BLOCK,X,0.8593976,0.7150415
7/2/6/7/7/7/7/4/2 3 3,Z,2,0,BLOCK,Z,0.03209196,0.1475241
7/2/4/7/7/7/7/6/1 3 3,X,2.1333333333333333333333333332,0,BLOCK,X,0.7351609,0.6256267
7/2/6/7/7/7/7/4/1 3 3,Z,2,0,BLOCK,Z,0.2423971,0.4704588
7/2/4/7/7/7/7/5/4 3 3,X,1.8666666666666666666666666668,2,BLOCK,X,0.8360009,0.5050067
7/2/6/7/7/7/7/1/4 3 3,Z,-2,0,BLOCK,Z,0.1145121,0.06886283
7/2/4/7/7/7/7/5/2 3 3,X,2,0,BLOCK,X,0.9166091,0.5097088
7/2/6/7/7/7/7/1/2 3 3,Z,-2,0,BLOCK,Z,0.07840691,0.1871854
7/2/4/7/7/7/7/5/1 3 3,X,2.1333333333333333333333333332,0,BLOCK,X,0.7535256,0.6661121
7/2/6/7/7/7/7/1/1 3 3,Z,-2,0,BLOCK,Z,0.1333854,0.3518372
7/2/4/7/7/7/7/3/4 3 3,X,1.8666666666666666666666666668,0,BLOCK,X,0.8399544,0.4293209
7/2/4/7/7/7/7/3/2 3 3,X,2,0,BLOCK,X,0.6599714,0.5447837
7/2/4/7/7/7/7/3/1 3 3,X,2.1333333333333333333333333332,0,BLOCK,X,0.5549873,0.5298813
7/2/1/2/6/7/7/7/7 3 3,X,-2.1333333333333333333333333332,2,BLOCK,X,1.318991,0.7791435
7/2/5/2/4/7/7/7/7 3 3,X,2,0,BLOCK,X,0.9693552,0.4130155
7/2/1/2/5/7/7/7/7 3 3,X,-2,0,BLOCK,X,0.5564506,0.5108433
7/2/5/2/1/7/7/7/7 3 3,X,-2,0,BLOCK,X,0.7359874,0.4376796
7/2/1/2/3/7/7/7/7 3 3,X,-1.8666666666666666666666666668,0,BLOCK,X,0.4905422,0.3739591
7/2/1/2/7/6/7/7/7 3 3,X,-2,0,BLOCK,X,0.6012952,0.535792
7/2/5/2/7/4/7/7/7 3 3,Z,2,0,BLOCK,Z,0.8425345,0.7199105
7/2/1/2/7/5/7/7/7 3 3,X,-2,0,BLOCK,X,0.4562505,0.5177124
7/2/5/2/7/1/7/7/7 3 3,Z,-2,0,BLOCK,Z,0.712726,0.5241091
7/2/1/2/7/3/7/7/7 3 3,X,-2,2,BLOCK,X,0.7801195,0.5628936
7/2/1/2/7/7/6/7/7 3 3,X,-2.1333333333333333333333333332,0,BLOCK,X,0.6254411,0.5710186
7/2/5/2/7/7/4/7/7 3 3,X,2,0,BLOCK,X,0.4764594,0.6611198
7/2/1/2/7/7/5/7/7 3 3,X,-2,2,BLOCK,X,0.7988712,0.470619
7/2/5/2/7/7/1/7/7 3 3,X,-2,2,BLOCK,X,1.437313,0.8362166
7/2/1/2/7/7/3/7/7 3 3,X,-1.8666666666666666666666666668,0,BLOCK,X,0.4243556,0.430402
6/2/5/2/7/7/7/6/7 3 3,X,0.5,302,TIMEOUT,Z,0.1532943,0.1001302
7/2/1/2/7/7/7/6/7 3 3,X,-2,2,BLOCK,X,0.7809867,0.5825143
7/2/5/2/7/7/7/4/7 3 3,Z,2,0,BLOCK,Z,0.3050565,0.3323188
7/2/1/2/7/7/7/5/7 3 3,X,-2,0,BLOCK,X,0.587877,0.5406302
7/2/5/2/7/7/7/1/7 3 3,Z,-2,2,BLOCK,Z,1.585904,0.952777
7/2/1/2/7/7/7/3/7 3 3,X,-2,2,BLOCK,X,0.821156,0.6304212
7/2/1/2/7/7/7/7/6 3 3,X,-2.1333333333333333333333333332,2,BLOCK,X,0.6298167,0.7606522
7/2/1/2/7/7/7/7/5 3 3,X,-2,2,BLOCK,X,0.844174,0.5821116
7/2/1/2/7/7/7/7/3 3 3,X,-1.8666666666666666666666666668,0,BLOCK,X,0.5836447,0.4447632
7/2/1/6/2/7/7/7/7 3 3,X,-2,0,BLOCK,X,0.6438837,0.3948603
7/2/5/4/2/7/7/7/7 3 3,Z,2,0,BLOCK,Z,1.050535,1.547457
7/2/1/6/6/6/7/7/7 3 3,X,-2.1333333333333333333333333332,0,BLOCK,X,0.788395,0.5172842
7/2/5/4/6/6/7/7/7 3 3,Z,1.8461538461538461538461538462,0,BLOCK,Z,0.7268123,1.090495
7/2/5/6/4/6/7/7/7 3 3,X,2,0,BLOCK,X,0.6766859,0.5837275
7/2/5/6/6/4/7/7/7 3 3,Z,2,0,BLOCK,Z,0.6050012,0.5363688
7/2/1/6/6/5/7/7/7 3 3,X,-2.1333333333333333333333333332,0,BLOCK,X,1.482362,0.8852994
7/2/5/4/6/5/7/7/7 3 3,Z,2,0,BLOCK,Z,0.4948264,0.9141281
7/2/5/6/4/5/7/7/7 3 3,X,2,2,BLOCK,X,0.9781049,0.6139615
7/2/5/6/6/1/7/7/7 3 3,Z,-2,0,BLOCK,Z,0.733324,0.7029918
7/2/1/6/6/3/7/7/7 3 3,X,-2.1333333333333333333333333332,0,BLOCK,X,0.6365564,0.7065346
7/2/5/4/6/3/7/7/7 3 3,Z,2.1538461538461538461538461538,0,BLOCK,Z,0.406956,1.057523
7/2/5/6/4/3/7/7/7 3 3,X,2,0,BLOCK,X,0.5906379,0.326034
7/2/1/6/6/7/6/7/7 3 3,X,-2.2666666666666666666666666666,2,BLOCK,X,1.282678,0.5012473
7/2/5/4/6/7/6/7/7 3 3,Z,2,0,BLOCK,Z,0.9653981,1.356061
7/2/5/6/4/7/6/7/7 3 3,X,1.8181818181818181818181818182,0,BLOCK,X,0.6406401,0.5111738
7/2/5/6/6/7/4/7/7 3 3,X,2,0,BLOCK,X,0.7369611,0.6763985
7/2/1/6/6/7/5/7/7 3 3,X,-2.1333333333333333333333333332,0,BLOCK,X,0.7882159,0.5948243
7/2/5/4/6/7/5/7/7 3 3,Z,2,0,BLOCK,Z,0.4774175,0.9246978
7/2/5/6/4/7/5/7/7 3 3,X,2,0,BLOCK,X,0.6879987,0.5800201
7/2/5/6/6/7/1/7/7 3 3,X,-2,0,BLOCK,X,0.6018522,0.4992028
7/2/1/6/6/7/3/7/7 3 3,X,-2,0,BLOCK,X,0.8058972,0.3339853
7/2/5/4/6/7/3/7/7 3 3,Z,2,0,BLOCK,Z,0.9720889,1.294507
7/2/5/6/4/7/3/7/7 3 3,X,2.1818181818181818181818181818,2,BLOCK,X,1.395088,0.6521968
7/2/1/6/6/7/7/6/7 3 3,X,-2.1333333333333333333333333332,0,BLOCK,X,1.25437,0.6064835
7/2/5/4/6/7/7/6/7 3 3,Z,1.8461538461538461538461538462,0,BLOCK,Z,0.6095827,0.9698177
7/2/5/6/4/7/7/6/7 3 3,X,2,2,BLOCK,X,0.9808377,0.5559221
7/2/5/6/6/7/7/4/7 3 3,Z,2,0,BLOCK,Z,0.4484621,0.3923874
7/2/1/6/6/7/7/5/7 3 3,X,-2.1333333333333333333333333332,2,BLOCK,X,1.212472,0.5176615
7/2/5/4/6/7/7/5/7 3 3,Z,2,0,BLOCK,Z,0.7730607,1.046726
7/2/5/6/4/7/7/5/7 3 3,X,2,0,BLOCK,X,0.8934671,0.6927546
7/2/5/6/6/7/7/1/7 3 3,Z,-2,0,BLOCK,Z,0.1481041,0.1095928
3/2/5/6/6/7/7/3/7 3 3,Z,0.5769230769230769230769230769,302,TIMEOUT,Z,0.04210428,0.01868113
7/2/1/6/6/7/7/3/7 3 3,X,-2.1333333333333333333333333332,0,BLOCK,X,0.554471,0.555536
7/2/5/4/6/7/7/3/7 3 3,Z,2.1538461538461538461538461538,0,BLOCK,Z,0.6532097,1.101557
7/2/5/6/4/7/7/3/7 3 3,X,2,0,BLOCK,X,0.6547935,0.6402382
7/2/1/6/6/7/7/7/6 3 3,X,-2.2666666666666666666666666666,0,BLOCK,X,0.7953348,0.5236731
7/2/5/4/6/7/7/7/6 3 3,Z,2,2,BLOCK,Z,1.039136,1.226208
7/2/5/6/4/7/7/7/6 3 3,X,1.8181818181818181818181818182,0,BLOCK,X,0.6733181,0.6940665
7/2/1/6/6/7/7/7/5 3 3,X,-2.1333333333333333333333333332,2,BLOCK,X,1.286922,0.4931632
7/2/5/4/6/7/7/7/5 3 3,Z,2,0,BLOCK,Z,0.5208719,0.9689234
7/2/5/6/4/7/7/7/5 3 3,X,2,0,BLOCK,X,0.6850269,0.6245636
7/2/1/6/6/7/7/7/3 3 3,X,-2,0,BLOCK,X,0.9442686,0.7317563
7/2/5/4/6/7/7/7/3 3 3,Z,2,0,BLOCK,Z,1.113397,1.338049
7/2/5/6/4/7/7/7/3 3 3,X,2.1818181818181818181818181818,0,BLOCK,X,0.7025511,0.6015827
7/2/1/6/5/6/7/7/7 3 3,X,-2,0,BLOCK,X,0.6686992,0.4276711
7/2/5/4/5/6/7/7/7 3 3,Z,1.8461538461538461538461538462,2,BLOCK,Z,0.9647731,1.283635
7/2/5/6/1/6/7/7/7 3 3,X,-2,0,BLOCK,X,0.68791,0.6012468
7/2/5/6/5/4/7/7/7 3 3,Z,2,0,BLOCK,Z,1.080401,0.8218368
7/2/1/6/5/5/7/7/7 3 3,X,-2,0,BLOCK,X,0.4215699,0.3947867
7/2/5/4/5/5/7/7/7 3 3,Z,2,0,BLOCK,Z,0.4360197,0.8295943
7/2/5/6/1/5/7/7/7 3 3,X,-2,2,BLOCK,X,1.078256,0.5914432
7/2/5/6/5/1/7/7/7 3 3,Z,-2,0,BLOCK,Z,1.103069,0.9192702
7/2/1/6/5/3/7/7/7 3 3,X,-2,0,BLOCK,X,0.519278,0.4875221
7/2/5/4/5/3/7/7/7 3 3,Z,2.1538461538461538461538461538,0,BLOCK,Z,0.2536481,0.7224816
7/2/5/6/1/3/7/7/7 3 3,X,-2,2,BLOCK,X,1.031769,0.4617646
7/2/1/6/5/7/6/7/7 3 3,X,-2.1333333333333333333333333332,2,BLOCK,X,0.8997539,0.6529567
7/2/5/4/5/7/6/7/7 3 3,Z,2,0,BLOCK,Z,0.8155987,1.153341
7/2/5/6/1/7/6/7/7 3 3,X,-2.1818181818181818181818181818,0,BLOCK,X,0.3016019,0.1795799
7/2/5/6/5/7/4/7/7 3 3,X,2,0,BLOCK,X,0.3153922,0.4967344
7/2/1/6/5/7/5/7/7 3 3,X,-2,2,BLOCK,X,0.8140503,0.5320829
7/2/5/4/5/7/5/7/7 3 3,Z,2,0,BLOCK,Z,0.4065056,0.8115774
7/2/5/6/1/7/5/7/7 3 3,X,-2,0,BLOCK,X,0.4740598,0.4229518
7/2/5/6/5/7/1/7/7 3 3,X,-2,0,BLOCK,X,0.4312421,0.6360844
7/2/1/6/5/7/3/7/7 3 3,X,-1.8666666666666666666666666668,2,BLOCK,X,0.7534587,0.6206402
7/2/5/4/5/7/3/7/7 3 3,Z,2,0,BLOCK,Z,0.6342422,1.123589
7/2/5/6/1/7/3/7/7 3 3,X,-1.8181818181818181818181818182,0,BLOCK,X,0.5248995,0.6814641
7/2/1/6/5/7/7/6/7 3 3,X,-2,0,BLOCK,X,0.7084411,0.4322232
7/2/5/4/5/7/7/6/7 3 3,Z,1.8461538461538461538461538462,0,BLOCK,Z,0.3537001,0.7821667
7/2/5/6/1/7/7/6/7 3 3,X,-2,0,BLOCK,X,0.6319554,0.7138671
7/2/5/6/5/7/7/4/7 3 3,Z,2,0,BLOCK,Z,0.426614,0.4810883
7/2/1/6/5/7/7/5/7 3 3,X,-2,0,BLOCK,X,0.584889,0.6577731
7/2/5/4/5/7/7/5/7 3 3,Z,2,0,BLOCK,Z,0.5325143,0.9403284
7/2/5/6/1/7/7/5/7 3 3,X,-2,0,BLOCK,X,0.8621797,0.4188061
7/2/5/6/5/7/7/1/7 3 3,Z,-2,0,BLOCK,Z,0.4436145,0.32518
7/2/1/6/5/7/7/3/7 3 3,X,-2,2,BLOCK,X,0.8466095,0.4934483
7/2/5/4/5/7/7/3/7 3 3,Z,2.1538461538461538461538461538,0,BLOCK,Z,0.6577001,0.9568441
7/2/5/6/1/7/7/3/7 3 3,X,-2,0,BLOCK,X,0.7765606,0.3734583
7/2/1/6/5/7/7/7/6 3 3,X,-2.1333333333333333333333333332,0,BLOCK,X,0.564846,0.6742645
7/2/5/4/5/7/7/7/6 3 3,Z,2,0,BLOCK,Z,0.5752867,0.8235881
7/2/5/6/1/7/7/7/6 3 3,X,-2.1818181818181818181818181818,0,BLOCK,X,0.6014214,0.6894933
7/2/1/6/5/7/7/7/5 3 3,X,-2,2,BLOCK,X,0.7347349,0.5578232
7/2/5/4/5/7/7/7/5 3 3,Z,2,0,BLOCK,Z,0.6767373,0.9923043
7/2/5/6/1/7/7/7/5 3 3,X,-2,0,BLOCK,X,0.9534549,0.643597
7/2/1/6/5/7/7/7/3 3 3,X,-1.8666666666666666666666666668,2,BLOCK,X,0.7998827,0.5516557
7/2/5/4/5/7/7/7/3 3 3,Z,2,0,BLOCK,Z,0.4163973,0.8557214
7/2/5/6/1/7/7/7/3 3 3,X,-1.8181818181818181818181818182,0,BLOCK,X,0.6021187,0.4455181
7/2/1/6/3/6/7/7/7 3 3,X,-1.8666666666666666666666666668,2,BLOCK,X,0.799435,0.5519658
7/2/5/4/3/6/7/7/7 3 3,Z,1.8461538461538461538461538462,0,BLOCK,Z,0.5686612,0.9208615
7/2/5/6/3/4/7/7/7 3 3,Z,2,0,BLOCK,Z,0.6524373,0.4546679
7/2/1/6/3/5/7/7/7 3 3,X,-1.8666666666666666666666666668,0,BLOCK,X,0.5371307,0.3492166
7/2/5/4/3/5/7/7/7 3 3,Z,2,0,BLOCK,Z,0.4041864,0.8895726
7/2/5/6/3/1/7/7/7 3 3,Z,-2,0,BLOCK,Z,1.140894,0.9211915
7/2/1/6/3/3/7/7/7 3 3,X,-1.8666666666666666666666666668,2,BLOCK,X,0.7726017,0.4931789
7/2/5/4/3/3/7/7/7 3 3,Z,2.1538461538461538461538461538,0,BLOCK,Z,0.4360878,0.9771246
7/2/1/6/3/7/6/7/7 3 3,X,-2,0,BLOCK,X,0.4377264,0.4772215
7/2/5/4/3/7/6/7/7 3 3,Z,2,0,BLOCK,Z,0.8484268,0.9785183
7/2/5/6/3/7/4/7/7 3 3,X,2,0,BLOCK,X,1.033479,0.4962169
7/2/1/6/3/7/5/7/7 3 3,X,-1.8666666666666666666666666668,2,BLOCK,X,0.8629404,0.632579
7/2/5/4/3/7/5/7/7 3 3,Z,2,0,BLOCK,Z,0.3972872,0.807185
7/2/5/6/3/7/1/7/7 3 3,X,-2,0,BLOCK,X,0.6326267,0.6914533
7/2/1/6/3/7/3/7/7 3 3,X,-1.7333333333333333333333333334,0,BLOCK,X,0.6082129,0.2592443
7/2/5/4/3/7/3/7/7 3 3,Z,2,0,BLOCK,Z,0.604365,0.9917466
7/2/1/6/3/7/7/6/7 3 3,X,-1.8666666666666666666666666668,2,BLOCK,X,0.7380233,0.6618085
7/2/5/4/3/7/7/6/7 3 3,Z,1.8461538461538461538461538462,0,BLOCK,Z,0.3909742,0.9114406
7/2/5/6/3/7/7/4/7 3 3,Z,2,0,BLOCK,Z,0.3348984,0.2998868
7/2/1/6/3/7/7/5/7 3 3,X,-1.8666666666666666666666666668,2,BLOCK,X,0.809132,0.4512851
7/2/5/4/3/7/7/5/7 3 3,Z,2,0,BLOCK,Z,0.8878676,1.172492
7/2/5/6/3/7/7/1/7 3 3,Z,-2,2,BLOCK,Z,1.577915,0.9008344
7/2/1/6/3/7/7/3/7 3 3,X,-1.8666666666666666666666666668,0,BLOCK,X,0.3970418,0.3156524
7/2/5/4/3/7/7/3/7 3 3,Z,2.1538461538461538461538461538,2,BLOCK,Z,1.129454,1.355291
7/2/1/6/3/7/7/7/6 3 3,X,-2,0,BLOCK,X,0.5229947,0.6407139
7/2/5/4/3/7/7/7/6 3 3,Z,2,0,BLOCK,Z,0.1215896,0.9085915
7/2/1/6/3/7/7/7/5 3 3,X,-1.8666666666666666666666666668,0,BLOCK,X,0.617847,0.2992103
7/2/5/4/3/7/7/7/5 3 3,Z,2,0,BLOCK,Z,0.2827193,0.872308
7/2/1/6/3/7/7/7/3 3 3,X,-1.7333333333333333333333333334,2,BLOCK,X,0.7464362,0.6065152
7/2/5/4/3/7/7/7/3 3 3,Z,2,0,BLOCK,Z,0.8776528,1.149883
7/2/1/6/7/2/7/7/7 3 3,X,-2,2,BLOCK,X,0.8809453,0.6049345
7/2/5/4/7/2/7/7/7 3 3,Z,2,0,BLOCK,Z,0.05934535,0.8848464
7/2/1/6/7/6/6/7/7 3 3,X,-2.1333333333333333333333333332,0,BLOCK,X,0.4771009,0.5480535
7/2/5/4/7/6/6/7/7 3 3,Z,1.8461538461538461538461538462,0,BLOCK,Z,0.6014982,0.9833469
7/2/5/6/7/4/6/7/7 3 3,Z,2,2,BLOCK,Z,1.316148,1.030459
7/2/5/6/7/6/4/7/7 3 3,X,2,0,BLOCK,X,0.5149859,0.6591951
7/2/1/6/7/6/5/7/7 3 3,X,-2,0,BLOCK,X,0.7883436,0.6590376
7/2/5/4/7/6/5/7/7 3 3,Z,1.8461538461538461538461538462,2,BLOCK,Z,0.9552907,1.174681
7/2/5/6/7/4/5/7/7 3 3,Z,2,0,BLOCK,Z,0.6604146,0.5469348
7/2/5/6/7/6/1/7/7 3 3,X,-2,0,BLOCK,X,0.4653279,0.5932351
7/2/1/6/7/6/3/7/7 3 3,X,-1.8666666666666666666666666668,0,BLOCK,X,0.4623751,0.4125373
7/2/5/4/7/6/3/7/7 3 3,Z,1.8461538461538461538461538462,2,BLOCK,Z,0.9236917,1.17122
7/2/5/6/7/4/3/7/7 3 3,Z,2,0,BLOCK,Z,0.5024359,0.2929347
7/2/1/6/7/6/7/6/7 3 3,X,-2,0,BLOCK,X,0.3648214,0.4461454
7/2/5/4/7/6/7/6/7 3 3,Z,1.6923076923076923076923076924,0,BLOCK,Z,0.7312724,1.047359
7/2/5/6/7/4/7/6/7 3 3,Z,1.75,2,BLOCK,Z,1.215625,1.027065
7/2/5/6/7/6/7/4/7 3 3,Z,2,0,BLOCK,Z,0.3993551,0.4172894
7/2/1/6/7/6/7/5/7 3 3,X,-2,0,BLOCK,X,0.4826784,0.5554857
7/2/5/4/7/6/7/5/7 3 3,Z,1.8461538461538461538461538462,0,BLOCK,Z,0.08075684,0.8948985
7/2/5/6/7/4/7/5/7 3 3,Z,2,0,BLOCK,Z,0.5889837,0.5512815
7/2/5/6/7/6/7/1/7 3 3,Z,-2,0,BLOCK,Z,0.5923751,0.5714808
7/2/1/6/7/6/7/3/7 3 3,X,-2,0,BLOCK,X,0.5076411,0.5786319
7/2/5/4/7/6/7/3/7 3 3,Z,2.00,0,BLOCK,Z,0.6783704,1.051101
7/2/5/6/7/4/7/3/7 3 3,Z,2.25,0,BLOCK,Z,0.3747057,0.2862884
3/2/5/6/7/6/7/7/6 3 3,X,-0.5555555555555555555555555555,302,TIMEOUT,Z,0.1760529,0.1016858
7/2/1/6/7/6/7/7/6 3 3,X,-2.1333333333333333333333333332,0,BLOCK,X,0.547731,0.7402049
7/2/5/4/7/6/7/7/6 3 3,Z,1.8461538461538461538461538462,0,BLOCK,Z,0.1645133,0.8874409
7/2/5/6/7/4/7/7/6 3 3,Z,2,0,BLOCK,Z,0.4846374,0.4567026
3/2/5/6/7/6/7/7/5 3 3,X,-0.5,302,TIMEOUT,Z,0.0569778,0.0343052
7/2/1/6/7/6/7/7/5 3 3,X,-2,0,BLOCK,X,0.7227216,0.5266075
7/2/5/4/7/6/7/7/5 3 3,Z,1.8461538461538461538461538462,0,BLOCK,Z,0.5502634,1.029775
7/2/5/6/7/4/7/7/5 3 3,Z,2,0,BLOCK,Z,0.5595821,0.5608042
7/2/1/6/7/6/7/7/3 3 3,X,-1.8666666666666666666666666668,0,BLOCK,X,0.7079734,0.4411717
7/2/5/4/7/6/7/7/3 3 3,Z,1.8461538461538461538461538462,2,BLOCK,Z,0.942292,1.150195
7/2/5/6/7/4/7/7/3 3 3,Z,2,2,BLOCK,Z,1.345572,0.9875484
7/2/1/6/7/5/6/7/7 3 3,X,-2.1333333333333333333333333332,0,BLOCK,X,0.6337703,0.5914871
7/2/5/4/7/5/6/7/7 3 3,Z,2,0,BLOCK,Z,0.6067641,0.6865454
7/2/5/6/7/1/6/7/7 3 3,Z,-2,2,BLOCK,Z,1.268366,0.9407871
7/2/5/6/7/5/4/7/7 3 3,X,2,0,BLOCK,X,1.078838,0.901615
7/2/1/6/7/5/5/7/7 3 3,X,-2,2,BLOCK,X,0.7364732,0.5605558
7/2/5/4/7/5/5/7/7 3 3,Z,2,0,BLOCK,Z,0.9788043,1.082658
7/2/5/6/7/1/5/7/7 3 3,Z,-2,0,BLOCK,Z,0.665525,0.4257355
7/2/5/6/7/5/1/7/7 3 3,X,-2,0,BLOCK,X,0.5076979,0.5806285
7/2/1/6/7/5/3/7/7 3 3,X,-1.8666666666666666666666666668,2,BLOCK,X,0.7543286,0.555077
7/2/5/4/7/5/3/7/7 3 3,Z,2,0,BLOCK,Z,0.7664327,1.143816
7/2/5/6/7/1/3/7/7 3 3,Z,-2,0,BLOCK,Z,0.6427013,0.5554154
6/2/5/6/7/5/7/6/7 3 3,X,0.5,302,TIMEOUT,Z,0.2042729,0.1152968
7/2/1/6/7/5/7/6/7 3 3,X,-2,2,BLOCK,X,0.7744727,0.6174089
7/2/5/4/7/5/7/6/7 3 3,Z,1.8461538461538461538461538462,0,BLOCK,Z,0.6156369,0.9109212
7/2/5/6/7/1/7/6/7 3 3,Z,-2.25,0,BLOCK,Z,0.3705576,0.434422
7/2/5/6/7/5/7/4/7 3 3,Z,2,0,BLOCK,Z,0.394419,0.4237742
7/2/1/6/7/5/7/5/7 3 3,X,-2,0,BLOCK,X,0.5217515,0.507129
7/2/5/4/7/5/7/5/7 3 3,Z,2,0,BLOCK,Z,0.7815853,0.9355347
7/2/5/6/7/1/7/5/7 3 3,Z,-2,2,BLOCK,Z,1.232245,0.94293
7/2/5/6/7/5/7/1/7 3 3,Z,-2,0,BLOCK,Z,0.2194126,0.08759815
7/2/1/6/7/5/7/3/7 3 3,X,-2,0,BLOCK,X,0.7963462,0.6592851
7/2/5/4/7/5/7/3/7 3 3,Z,2.1538461538461538461538461538,0,BLOCK,Z,0.610561,0.7930347
7/2/5/6/7/1/7/3/7 3 3,Z,-1.75,0,BLOCK,Z,0.5123549,0.4263061
7/2/1/6/7/5/7/7/6 3 3,X,-2.1333333333333333333333333332,0,BLOCK,X,0.6569756,0.5417621
7/2/5/4/7/5/7/7/6 3 3,Z,2,2,BLOCK,Z,0.8796858,1.181289
7/2/5/6/7/1/7/7/6 3 3,Z,-2,2,BLOCK,Z,1.284404,0.8271309
6/2/5/6/7/5/7/7/5 3 3,X,0.5,302,TIMEOUT,Z,0.1353269,0.09571267
7/2/1/6/7/5/7/7/5 3 3,X,-2,0,BLOCK,X,0.5568608,0.5743806
7/2/5/4/7/5/7/7/5 3 3,Z,2,0,BLOCK,Z,0.639353,0.8184433
7/2/5/6/7/1/7/7/5 3 3,Z,-2,0,BLOCK,Z,0.5863758,0.5114611
6/2/5/6/7/5/7/7/3 3 3,X,0.5555555555555555555555555555,302,TIMEOUT,Z,0.1467036,0.0993723
7/2/1/6/7/5/7/7/3 3 3,X,-1.8666666666666666666666666668,0,BLOCK,X,0.5538895,0.4827173
7/2/5/4/7/5/7/7/3 3 3,Z,2,0,BLOCK,Z,0.5661764,0.7126347
7/2/5/6/7/1/7/7/3 3 3,Z,-2,0,BLOCK,Z,0.547653,0.528886
7/2/1/6/7/3/6/7/7 3 3,X,-2.1333333333333333333333333332,0,BLOCK,X,0.8085393,0.5602739
7/2/5/4/7/3/6/7/7 3 3,Z,2.1538461538461538461538461538,2,BLOCK,Z,1.396911,1.305883
7/2/5/6/7/3/4/7/7 3 3,X,2,0,BLOCK,X,0.3769889,0.6021085
7/2/1/6/7/3/5/7/7 3 3,X,-2,0,BLOCK,X,0.6262779,0.5147986
7/2/5/4/7/3/5/7/7 3 3,Z,2.1538461538461538461538461538,2,BLOCK,Z,1.502788,1.137142
7/2/5/6/7/3/1/7/7 3 3,X,-2,0,BLOCK,X,0.4892051,0.6312668
7/2/1/6/7/3/3/7/7 3 3,X,-1.8666666666666666666666666668,0,BLOCK,X,0.5042926,0.4929394
7/2/5/4/7/3/3/7/7 3 3,Z,2.1538461538461538461538461538,0,BLOCK,Z,0.1168529,0.7455034
7/2/1/6/7/3/7/6/7 3 3,X,-2,2,BLOCK,X,0.8202207,0.4740909
7/2/5/4/7/3/7/6/7 3 3,Z,2.00,0,BLOCK,Z,0.05923374,0.6853958
7/2/5/6/7/3/7/4/7 3 3,Z,2,0,BLOCK,Z,0.4794497,0.5534593
7/2/1/6/7/3/7/5/7 3 3,X,-2,0,BLOCK,X,0.6072451,0.5149843
7/2/5/4/7/3/7/5/7 3 3,Z,2.1538461538461538461538461538,0,BLOCK,Z,0.2890483,0.6588907
7/2/5/6/7/3/7/1/7 3 3,Z,-2,0,BLOCK,Z,0.4968387,0.4694455
7/2/1/6/7/3/7/3/7 3 3,X,-2,0,BLOCK,X,0.626048,0.4566025
7/2/5/4/7/3/7/3/7 3 3,Z,2.3076923076923076923076923076,0,BLOCK,Z,1.367808,1.10735
7/2/1/6/7/3/7/7/6 3 3,X,-2.1333333333333333333333333332,2,BLOCK,X,0.8365469,0.6544324
7/2/5/4/7/3/7/7/6 3 3,Z,2.1538461538461538461538461538,0,BLOCK,Z,0.2938689,0.753114
7/2/1/6/7/3/7/7/5 3 3,X,-2,0,BLOCK,X,0.5876489,0.5804843
7/2/5/4/7/3/7/7/5 3 3,Z,2.1538461538461538461538461538,0,BLOCK,Z,0.6166747,0.8702503
7/2/1/6/7/3/7/7/3 3 3,X,-1.8666666666666666666666666668,0,BLOCK,X,0.3683435,0.3802319
7/2/5/4/7/3/7/7/3 3 3,Z,2.1538461538461538461538461538,0,BLOCK,Z,0.5901947,0.5617695
7/2/1/6/7/7/2/7/7 3 3,X,-2,0,BLOCK,X,0.644352,0.5124092
7/2/5/4/7/7/2/7/7 3 3,Z,2,0,BLOCK,Z,0.4000527,0.7071825
7/2/1/6/7/7/6/6/7 3 3,X,-2.1333333333333333333333333332,0,BLOCK,X,0.75166,0.5569365
7/2/5/4/7/7/6/6/7 3 3,Z,1.8461538461538461538461538462,0,BLOCK,Z,0.5663518,0.8571799
7/2/5/6/7/7/4/6/7 3 3,X,2,0,BLOCK,X,0.5465662,0.6519983
7/2/5/6/7/7/6/4/7 3 3,Z,2,0,BLOCK,Z,1.244649,0.9055951
7/2/1/6/7/7/6/5/7 3 3,X,-2.1333333333333333333333333332,0,BLOCK,X,0.6698802,0.7028598
7/2/5/4/7/7/6/5/7 3 3,Z,2,0,BLOCK,Z,0.4185853,0.6582829
7/2/5/6/7/7/4/5/7 3 3,X,2,0,BLOCK,X,0.4355532,0.6926063
7/2/5/6/7/7/6/1/7 3 3,Z,-2,0,BLOCK,Z,0.5183352,0.4669591
7/2/1/6/7/7/6/3/7 3 3,X,-2.1333333333333333333333333332,2,BLOCK,X,0.6605003,0.7177571
7/2/5/4/7/7/6/3/7 3 3,Z,2.1538461538461538461538461538,0,BLOCK,Z,0.790852,0.9680622
7/2/5/6/7/7/4/3/7 3 3,X,2,0,BLOCK,X,0.7492628,0.7131091
7/2/1/6/7/7/6/7/6 3 3,X,-2.2666666666666666666666666666,0,BLOCK,X,0.6843006,0.6361339
7/2/5/4/7/7/6/7/6 3 3,Z,2,2,BLOCK,Z,1.087936,1.165633
7/2/5/6/7/7/4/7/6 3 3,X,1.6,0,BLOCK,X,0.3011634,0.4754117
7/2/1/6/7/7/6/7/5 3 3,X,-2.1333333333333333333333333332,0,BLOCK,X,0.7447837,0.5790153
7/2/5/4/7/7/6/7/5 3 3,Z,2,2,BLOCK,Z,0.9995381,1.168374
7/2/5/6/7/7/4/7/5 3 3,X,2,0,BLOCK,X,0.3424163,0.5057123
7/2/1/6/7/7/6/7/3 3 3,X,-2,0,BLOCK,X,0.7444206,0.5934758
7/2/5/4/7/7/6/7/3 3 3,Z,2,0,BLOCK,Z,0.6909418,0.9275074
7/2/5/6/7/7/4/7/3 3 3,X,2.4,0,BLOCK,X,0.4150237,0.7421308
7/2/1/6/7/7/5/6/7 3 3,X,-2,0,BLOCK,X,0.6269314,0.5106191
7/2/5/4/7/7/5/6/7 3 3,Z,1.8461538461538461538461538462,2,BLOCK,Z,0.8720438,1.093325
7/2/5/6/7/7/1/6/7 3 3,X,-2,2,BLOCK,X,1.40129,0.8040288
7/2/5/6/7/7/5/4/7 3 3,Z,2,0,BLOCK,Z,0.3463888,0.3809833
7/2/1/6/7/7/5/5/7 3 3,X,-2,0,BLOCK,X,0.4123438,0.3834178
7/2/5/4/7/7/5/5/7 3 3,Z,2,2,BLOCK,Z,0.9306676,1.184549
7/2/5/6/7/7/1/5/7 3 3,X,-2,0,BLOCK,X,0.6288193,0.7364488
7/2/5/6/7/7/5/1/7 3 3,Z,-2,0,BLOCK,Z,0.5430558,0.4511779
7/2/1/6/7/7/5/3/7 3 3,X,-2,0,BLOCK,X,0.4183226,0.4736263
7/2/5/4/7/7/5/3/7 3 3,Z,2.1538461538461538461538461538,0,BLOCK,Z,0.5438152,0.8464995
7/2/5/6/7/7/1/3/7 3 3,X,-2,0,BLOCK,X,0.3788255,0.7123539
7/2/1/6/7/7/5/7/6 3 3,X,-2.1333333333333333333333333332,0,BLOCK,X,0.5843854,0.8013068
7/2/5/4/7/7/5/7/6 3 3,Z,2,0,BLOCK,Z,0.7763287,0.9751616
7/2/5/6/7/7/1/7/6 3 3,X,-2.4,0,BLOCK,X,0.5000393,0.7003123
7/2/1/6/7/7/5/7/5 3 3,X,-2,0,BLOCK,X,0.5071015,0.4971476
7/2/5/4/7/7/5/7/5 3 3,Z,2,0,BLOCK,Z,0.5610656,0.754825
7/2/5/6/7/7/1/7/5 3 3,X,-2,2,BLOCK,X,1.398315,0.8819488
7/2/1/6/7/7/5/7/3 3 3,X,-1.8666666666666666666666666668,0,BLOCK,X,0.6080015,0.4148253
7/2/5/4/7/7/5/7/3 3 3,Z,2,0,BLOCK,Z,0.9424402,1.070708
7/2/5/6/7/7/1/7/3 3 3,X,-1.6,0,BLOCK,X,0.2039113,0.3133412
7/2/1/6/7/7/3/6/7 3 3,X,-1.8666666666666666666666666668,0,BLOCK,X,0.5706077,0.4402615
7/2/5/4/7/7/3/6/7 3 3,Z,1.8461538461538461538461538462,0,BLOCK,Z,0.5886396,0.7763151
7/2/5/6/7/7/3/4/7 3 3,Z,2,0,BLOCK,Z,0.8440589,0.3654597
7/2/1/6/7/7/3/5/7 3 3,X,-1.8666666666666666666666666668,0,BLOCK,X,0.793171,0.4332303
7/2/5/4/7/7/3/5/7 3 3,Z,2,0,BLOCK,Z,0.6371909,0.9089689
7/2/5/6/7/7/3/1/7 3 3,Z,-2,0,BLOCK,Z,0.4342273,0.4652989
7/2/1/6/7/7/3/3/7 3 3,X,-1.8666666666666666666666666668,0,BLOCK,X,0.6524169,0.3518909
7/2/5/4/7/7/3/3/7 3 3,Z,2.1538461538461538461538461538,2,BLOCK,Z,1.066489,1.199838
7/2/1/6/7/7/3/7/6 3 3,X,-2,0,BLOCK,X,0.4905444,0.6176594
7/2/5/4/7/7/3/7/6 3 3,Z,2,0,BLOCK,Z,0.6195652,0.9336758
7/2/1/6/7/7/3/7/5 3 3,X,-1.8666666666666666666666666668,2,BLOCK,X,0.6642062,0.5803069
7/2/5/4/7/7/3/7/5 3 3,Z,2,0,BLOCK,Z,0.5268486,0.6581851
7/2/1/6/7/7/3/7/3 3 3,X,-1.7333333333333333333333333334,2,BLOCK,X,0.7721349,0.587637
7/2/5/4/7/7/3/7/3 3 3,Z,2,0,BLOCK,Z,0.5824916,0.6708205
7/2/1/6/7/7/7/2/7 3 3,X,-2,0,BLOCK,X,0.7187783,0.630029
7/2/5/4/7/7/7/2/7 3 3,Z,2,2,BLOCK,Z,1.075869,1.219917
7/2/1/6/7/7/7/6/6 3 3,X,-2.1333333333333333333333333332,0,BLOCK,X,0.5058933,0.6110244
7/2/5/4/7/7/7/6/6 3 3,Z,1.8461538461538461538461538462,0,BLOCK,Z,0.540389,0.7135862
7/2/5/6/7/7/7/4/6 3 3,Z,2,0,BLOCK,Z,0.1438546,0.05149883
7/2/1/6/7/7/7/6/5 3 3,X,-2,0,BLOCK,X,0.8711982,0.6420083
7/2/5/4/7/7/7/6/5 3 3,Z,1.8461538461538461538461538462,0,BLOCK,Z,0.497123,0.6568785
7/2/5/6/7/7/7/4/5 3 3,Z,2,0,BLOCK,Z,0.4178529,0.3893055
7/2/1/6/7/7/7/6/3 3 3,X,-1.8666666666666666666666666668,0,BLOCK,X,0.4826516,0.4368499
7/2/5/4/7/7/7/6/3 3 3,Z,1.8461538461538461538461538462,0,BLOCK,Z,0.6115177,0.8647189
7/2/5/6/7/7/7/4/3 3 3,Z,2,0,BLOCK,Z,0.3294785,0.3353111
7/2/1/6/7/7/7/5/6 3 3,X,-2.1333333333333333333333333332,0,BLOCK,X,0.7304519,0.6645784
7/2/5/4/7/7/7/5/6 3 3,Z,2,0,BLOCK,Z,0.7589029,1.017706
7/2/5/6/7/7/7/1/6 3 3,Z,-2,0,BLOCK,Z,0.04401654,0.05024904
3/2/5/6/7/7/7/5/5 3 3,X,-0.5,302,TIMEOUT,Z,0.03131508,0.01907094
7/2/1/6/7/7/7/5/5 3 3,X,-2,0,BLOCK,X,0.748705,0.5573727
7/2/5/4/7/7/7/5/5 3 3,Z,2,2,BLOCK,Z,0.9346356,1.136085
7/2/5/6/7/7/7/1/5 3 3,Z,-2,0,BLOCK,Z,0.1297952,0.1409498
7/2/1/6/7/7/7/5/3 3 3,X,-1.8666666666666666666666666668,2,BLOCK,X,0.8334008,0.6323771
7/2/5/4/7/7/7/5/3 3 3,Z,2,0,BLOCK,Z,0.8487365,1.125752
7/2/5/6/7/7/7/1/3 3 3,Z,-2,2,BLOCK,Z,1.63315,1.000649
7/2/1/6/7/7/7/3/6 3 3,X,-2.1333333333333333333333333332,0,BLOCK,X,0.5321518,0.5054765
7/2/5/4/7/7/7/3/6 3 3,Z,2.1538461538461538461538461538,0,BLOCK,Z,0.8519384,1.139783
7/2/1/6/7/7/7/3/5 3 3,X,-2,2,BLOCK,X,0.8154265,0.7085278
7/2/5/4/7/7/7/3/5 3 3,Z,2.1538461538461538461538461538,0,BLOCK,Z,0.6277182,0.7616481
7/2/1/6/7/7/7/3/3 3 3,X,-1.8666666666666666666666666668,2,BLOCK,X,0.7686558,0.6344452
7/2/5/4/7/7/7/3/3 3 3,Z,2.1538461538461538461538461538,0,BLOCK,Z,0.7726735,0.8807127
7/2/1/6/7/7/7/7/4 3 3,X,-2.1333333333333333333333333332,0,BLOCK,X,0.7022085,0.6042842
7/2/5/4/7/7/7/7/4 3 3,Z,2,2,BLOCK,Z,1.027107,1.40042
7/2/1/6/7/7/7/7/2 3 3,X,-2,0,BLOCK,X,0.6970939,0.596972
7/2/5/4/7/7/7/7/2 3 3,Z,2,0,BLOCK,Z,0.6545137,0.8026201
7/2/1/6/7/7/7/7/1 3 3,X,-1.8666666666666666666666666668,2,BLOCK,X,0.8062443,0.5037971
7/2/5/4/7/7/7/7/1 3 3,Z,2,0,BLOCK,Z,0.78306,0.9393275
7/2/1/5/2/7/7/7/7 3 3,X,-2,0,BLOCK,X,1.200203,0.676238
7/2/5/1/2/7/7/7/7 3 3,Z,-2,2,BLOCK,Z,0.8885142,1.288198
7/2/1/5/6/6/7/7/7 3 3,X,-2.1333333333333333333333333332,0,BLOCK,X,0.7091058,0.5998519
7/2/5/1/6/6/7/7/7 3 3,Z,-2.1538461538461538461538461538,0,BLOCK,Z,0.2353507,0.9252729
7/2/5/5/4/6/7/7/7 3 3,X,2,0,BLOCK,X,0.6730692,0.6009743
7/2/5/5/6/4/7/7/7 3 3,Z,2,0,BLOCK,Z,1.184126,0.8904104
7/2/1/5/6/5/7/7/7 3 3,X,-2.1333333333333333333333333332,0,BLOCK,X,1.038291,0.6764234
7/2/5/1/6/5/7/7/7 3 3,Z,-2,0,BLOCK,Z,0.5856332,1.086799
7/2/5/5/4/5/7/7/7 3 3,X,2,0,BLOCK,X,0.6534657,0.4109718
7/2/5/5/6/1/7/7/7 3 3,Z,-2,0,BLOCK,Z,0.8756935,0.6559159
7/2/1/5/6/3/7/7/7 3 3,X,-2.1333333333333333333333333332,0,BLOCK,X,1.260055,0.5255272
7/2/5/1/6/3/7/7/7 3 3,Z,-1.8461538461538461538461538462,0,BLOCK,Z,0.07699745,0.8846138
7/2/5/5/4/3/7/7/7 3 3,X,2,2,BLOCK,X,0.9478983,0.6560329
7/2/1/5/6/7/6/7/7 3 3,X,-2.2666666666666666666666666666,0,BLOCK,X,0.7219374,0.523105
7/2/5/1/6/7/6/7/7 3 3,Z,-2,0,BLOCK,Z,0.4638303,0.8236168
7/2/5/5/4/7/6/7/7 3 3,X,1.8181818181818181818181818182,0,BLOCK,X,0.5448245,0.5160983
7/2/5/5/6/7/4/7/7 3 3,X,2,0,BLOCK,X,0.5932422,0.7470011
7/2/1/5/6/7/5/7/7 3 3,X,-2.1333333333333333333333333332,0,BLOCK,X,1.5181,0.4166101
7/2/5/1/6/7/5/7/7 3 3,Z,-2,2,BLOCK,Z,0.9025046,1.27778
7/2/5/5/4/7/5/7/7 3 3,X,2,0,BLOCK,X,0.6244312,0.4688264
7/2/5/5/6/7/1/7/7 3 3,X,-2,0,BLOCK,X,0.6161848,0.4999252
7/2/1/5/6/7/3/7/7 3 3,X,-2,0,BLOCK,X,1.04849,0.6817024
7/2/5/1/6/7/3/7/7 3 3,Z,-2,0,BLOCK,Z,0.7580388,1.091138
7/2/5/5/4/7/3/7/7 3 3,X,2.1818181818181818181818181818,0,BLOCK,X,0.560403,0.4033355
7/2/1/5/6/7/7/6/7 3 3,X,-2.1333333333333333333333333332,0,BLOCK,X,1.527096,0.8000855
7/2/5/1/6/7/7/6/7 3 3,Z,-2.1538461538461538461538461538,0,BLOCK,Z,0.8814178,1.106446
7/2/5/5/4/7/7/6/7 3 3,X,2,0,BLOCK,X,0.6044651,0.6520954
7/2/5/5/6/7/7/4/7 3 3,Z,2,0,BLOCK,Z,0.3591877,0.1877489
7/2/1/5/6/7/7/5/7 3 3,X,-2.1333333333333333333333333332,0,BLOCK,X,0.9447777,0.6002634
7/2/5/1/6/7/7/5/7 3 3,Z,-2,0,BLOCK,Z,0.8162917,1.079719
7/2/5/5/4/7/7/5/7 3 3,X,2,0,BLOCK,X,0.6560854,0.4295232
7/2/5/5/6/7/7/1/7 3 3,Z,-2,0,BLOCK,Z,0.1195614,0.1774726
6/2/5/5/6/7/7/3/7 3 3,X,0.5,302,TIMEOUT,Z,0.1159525,0.08188032
7/2/1/5/6/7/7/3/7 3 3,X,-2.1333333333333333333333333332,0,BLOCK,X,0.9468082,0.4931186
7/2/5/1/6/7/7/3/7 3 3,Z,-1.8461538461538461538461538462,0,BLOCK,Z,0.9733462,1.211786
7/2/5/5/4/7/7/3/7 3 3,X,2,2,BLOCK,X,0.9716815,0.6503108
3/2/5/5/6/7/7/7/6 3 3,X,-0.6111111111111111111111111111,302,TIMEOUT,Z,0.04086273,0.01865223
7/2/1/5/6/7/7/7/6 3 3,X,-2.2666666666666666666666666666,0,BLOCK,X,1.250332,0.5676122
7/2/5/1/6/7/7/7/6 3 3,Z,-2,2,BLOCK,Z,1.084916,1.258762
7/2/5/5/4/7/7/7/6 3 3,X,1.8181818181818181818181818182,0,BLOCK,X,0.713747,0.6040846
7/2/1/5/6/7/7/7/5 3 3,X,-2.1333333333333333333333333332,0,BLOCK,X,0.6570566,0.6183256
7/2/5/1/6/7/7/7/5 3 3,Z,-2,0,BLOCK,Z,0.7679214,1.193063
7/2/5/5/4/7/7/7/5 3 3,X,2,0,BLOCK,X,0.5695207,0.4119952
7/2/1/5/6/7/7/7/3 3 3,X,-2,0,BLOCK,X,0.8850346,0.7671329
7/2/5/1/6/7/7/7/3 3 3,Z,-2,0,BLOCK,Z,0.7781147,1.083576
7/2/5/5/4/7/7/7/3 3 3,X,2.1818181818181818181818181818,0,BLOCK,X,0.7130952,0.5783194
7/2/1/5/5/6/7/7/7 3 3,X,-2,2,BLOCK,X,0.860536,0.4630534
7/2/5/1/5/6/7/7/7 3 3,Z,-2.1538461538461538461538461538,0,BLOCK,Z,0.7535009,0.7227254
7/2/5/5/1/6/7/7/7 3 3,X,-2,2,BLOCK,X,1.001257,0.4341767
7/2/5/5/5/4/7/7/7 3 3,Z,2,0,BLOCK,Z,1.246702,1.059998
3/2/5/5/5/5/7/7/7 3 3,X,-0.5,302,TIMEOUT,Z,0.06601311,0.02773914
7/2/1/5/5/5/7/7/7 3 3,X,-2,0,BLOCK,X,0.5134243,0.4055255
7/2/5/1/5/5/7/7/7 3 3,Z,-2,0,BLOCK,Z,0.582333,0.8337201
7/2/5/5/1/5/7/7/7 3 3,X,-2,2,BLOCK,X,0.9784638,0.5676396
7/2/5/5/5/1/7/7/7 3 3,Z,-2,0,BLOCK,Z,0.6322384,0.5975777
7/2/1/5/5/3/7/7/7 3 3,X,-2,2,BLOCK,X,0.8512676,0.6474457
7/2/5/1/5/3/7/7/7 3 3,Z,-1.8461538461538461538461538462,0,BLOCK,Z,0.1986812,0.822172
7/2/5/5/1/3/7/7/7 3 3,X,-2,0,BLOCK,X,0.8838095,0.4552938
7/2/1/5/5/7/6/7/7 3 3,X,-2.1333333333333333333333333332,0,BLOCK,X,0.5957447,0.4551716
7/2/5/1/5/7/6/7/7 3 3,Z,-2,0,BLOCK,Z,0.450783,0.794125
7/2/5/5/1/7/6/7/7 3 3,X,-2.1818181818181818181818181818,0,BLOCK,X,0.6863695,0.3581971
7/2/5/5/5/7/4/7/7 3 3,X,2,0,BLOCK,X,0.561272,0.656096
7/2/1/5/5/7/5/7/7 3 3,X,-2,2,BLOCK,X,0.8643687,0.7990755
7/2/5/1/5/7/5/7/7 3 3,Z,-2,0,BLOCK,Z,0.5389693,1.166564
7/2/5/5/1/7/5/7/7 3 3,X,-2,0,BLOCK,X,0.6973115,0.6300791
7/2/5/5/5/7/1/7/7 3 3,X,-2,0,BLOCK,X,0.4388997,0.6175429
7/2/1/5/5/7/3/7/7 3 3,X,-1.8666666666666666666666666668,2,BLOCK,X,0.8005721,0.6798055
7/2/5/1/5/7/3/7/7 3 3,Z,-2,0,BLOCK,Z,0.4540449,0.7525744
7/2/5/5/1/7/3/7/7 3 3,X,-1.8181818181818181818181818182,0,BLOCK,X,0.4704359,0.5990854
7/2/1/5/5/7/7/6/7 3 3,X,-2,0,BLOCK,X,0.6410987,0.4243011
7/2/5/1/5/7/7/6/7 3 3,Z,-2.1538461538461538461538461538,2,BLOCK,Z,1.12764,1.363295
7/2/5/5/1/7/7/6/7 3 3,X,-2,0,BLOCK,X,0.8079882,0.5496451
7/2/5/5/5/7/7/4/7 3 3,Z,2,0,BLOCK,Z,0.3019642,0.2815998
7/2/1/5/5/7/7/5/7 3 3,X,-2,0,BLOCK,X,0.662701,0.3978731
7/2/5/1/5/7/7/5/7 3 3,Z,-2,0,BLOCK,Z,0.4268416,0.8757613
7/2/5/5/1/7/7/5/7 3 3,X,-2,0,BLOCK,X,0.7503877,0.5650951
7/2/5/5/5/7/7/1/7 3 3,Z,-2,0,BLOCK,Z,0.07903314,0.1276452
7/2/1/5/5/7/7/3/7 3 3,X,-2,0,BLOCK,X,0.5240725,0.4649821
7/2/5/1/5/7/7/3/7 3 3,Z,-1.8461538461538461538461538462,2,BLOCK,Z,0.9390097,1.224369
7/2/5/5/1/7/7/3/7 3 3,X,-2,0,BLOCK,X,0.6981923,0.6275914
7/2/1/5/5/7/7/7/6 3 3,X,-2.1333333333333333333333333332,2,BLOCK,X,0.8211234,0.5755717
7/2/5/1/5/7/7/7/6 3 3,Z,-2,0,BLOCK,Z,0.6130726,0.7060233
7/2/5/5/1/7/7/7/6 3 3,X,-2.1818181818181818181818181818,0,BLOCK,X,0.9378405,0.6560214
7/2/1/5/5/7/7/7/5 3 3,X,-2,0,BLOCK,X,0.6953849,0.3423378
7/2/5/1/5/7/7/7/5 3 3,Z,-2,0,BLOCK,Z,0.4747075,0.7713667
7/2/5/5/1/7/7/7/5 3 3,X,-2,0,BLOCK,X,0.5773471,0.6556219
7/2/1/5/5/7/7/7/3 3 3,X,-1.8666666666666666666666666668,0,BLOCK,X,0.7873975,0.5459176
7/2/5/1/5/7/7/7/3 3 3,Z,-2,0,BLOCK,Z,0.5960097,0.7640725
7/2/5/5/1/7/7/7/3 3 3,X,-1.8181818181818181818181818182,0,BLOCK,X,0.6394086,0.3956005
7/2/1/5/3/6/7/7/7 3 3,X,-1.8666666666666666666666666668,0,BLOCK,X,0.6144847,0.4344741
7/2/5/1/3/6/7/7/7 3 3,Z,-2.1538461538461538461538461538,0,BLOCK,Z,0.06213284,0.8681924
7/2/5/5/3/4/7/7/7 3 3,Z,2,0,BLOCK,Z,0.6639403,0.5353769
7/2/1/5/3/5/7/7/7 3 3,X,-1.8666666666666666666666666668,0,BLOCK,X,0.5061086,0.3237526
7/2/5/1/3/5/7/7/7 3 3,Z,-2,2,BLOCK,Z,0.9598874,1.471301
7/2/5/5/3/1/7/7/7 3 3,Z,-2,0,BLOCK,Z,0.6149957,0.4237657
7/2/1/5/3/3/7/7/7 3 3,X,-1.8666666666666666666666666668,0,BLOCK,X,0.4274009,0.328898
7/2/5/1/3/3/7/7/7 3 3,Z,-1.8461538461538461538461538462,2,BLOCK,Z,0.944272,1.349998
7/2/1/5/3/7/6/7/7 3 3,X,-2,2,BLOCK,X,0.8612056,0.5798486
7/2/5/1/3/7/6/7/7 3 3,Z,-2,0,BLOCK,Z,0.6219859,1.045644
7/2/5/5/3/7/4/7/7 3 3,X,2,0,BLOCK,X,0.6932799,0.550608
7/2/1/5/3/7/5/7/7 3 3,X,-1.8666666666666666666666666668,0,BLOCK,X,0.4414203,0.3477733
7/2/5/1/3/7/5/7/7 3 3,Z,-2,0,BLOCK,Z,0.6444377,1.078873
7/2/5/5/3/7/1/7/7 3 3,X,-2,0,BLOCK,X,0.6080546,0.7000314
7/2/1/5/3/7/3/7/7 3 3,X,-1.7333333333333333333333333334,0,BLOCK,X,0.5203999,0.3824494
7/2/5/1/3/7/3/7/7 3 3,Z,-2,0,BLOCK,Z,0.7103495,1.12237
7/2/1/5/3/7/7/6/7 3 3,X,-1.8666666666666666666666666668,0,BLOCK,X,0.8799787,0.5340682
7/2/5/1/3/7/7/6/7 3 3,Z,-2.1538461538461538461538461538,0,BLOCK,Z,0.8844913,1.036704
7/2/5/5/3/7/7/4/7 3 3,Z,2,0,BLOCK,Z,1.115981,0.4474714
7/2/1/5/3/7/7/5/7 3 3,X,-1.8666666666666666666666666668,2,BLOCK,X,0.8469914,0.4252184
7/2/5/1/3/7/7/5/7 3 3,Z,-2,0,BLOCK,Z,0.8476439,1.066933
7/2/5/5/3/7/7/1/7 3 3,Z,-2,0,BLOCK,Z,0.142073,0.05526261
7/2/1/5/3/7/7/3/7 3 3,X,-1.8666666666666666666666666668,2,BLOCK,X,0.8253213,0.5466944
7/2/5/1/3/7/7/3/7 3 3,Z,-1.8461538461538461538461538462,0,BLOCK,Z,0.6151566,0.9473373
7/2/1/5/3/7/7/7/6 3 3,X,-2,2,BLOCK,X,0.8930683,0.4801589
7/2/5/1/3/7/7/7/6 3 3,Z,-2,0,BLOCK,Z,0.8926731,0.9228626
7/2/1/5/3/7/7/7/5 3 3,X,-1.8666666666666666666666666668,2,BLOCK,X,0.8491628,0.4415841
7/2/5/1/3/7/7/7/5 3 3,Z,-2,0,BLOCK,Z,0.5370482,0.9610242
7/2/1/5/3/7/7/7/3 3 3,X,-1.7333333333333333333333333334,0,BLOCK,X,0.3255221,0.2637796
7/2/5/1/3/7/7/7/3 3 3,Z,-2,0,BLOCK,Z,0.6875135,0.9324306
7/2/1/5/7/2/7/7/7 3 3,X,-2,0,BLOCK,X,0.6401818,0.4275785
7/2/5/1/7/2/7/7/7 3 3,Z,-2,0,BLOCK,Z,0.2622928,0.9142809
7/2/1/5/7/6/6/7/7 3 3,X,-2.1333333333333333333333333332,0,BLOCK,X,0.8710043,0.6208099
7/2/5/1/7/6/6/7/7 3 3,Z,-2.1538461538461538461538461538,0,BLOCK,Z,0.6218334,0.8828163
7/2/5/5/7/4/6/7/7 3 3,Z,2,0,BLOCK,Z,0.5572239,0.6015937
7/2/5/5/7/6/4/7/7 3 3,X,2,0,BLOCK,X,0.8150137,0.7004853
7/2/1/5/7/6/5/7/7 3 3,X,-2,2,BLOCK,X,0.715098,0.4799338
7/2/5/1/7/6/5/7/7 3 3,Z,-2.1538461538461538461538461538,0,BLOCK,Z,1.122925,1.07745
7/2/5/5/7/4/5/7/7 3 3,Z,2,0,BLOCK,Z,0.6058711,0.6087932
7/2/5/5/7/6/1/7/7 3 3,X,-2,0,BLOCK,X,0.4391031,0.5838397
7/2/1/5/7/6/3/7/7 3 3,X,-1.8666666666666666666666666668,0,BLOCK,X,0.6035008,0.4040328
7/2/5/1/7/6/3/7/7 3 3,Z,-2.1538461538461538461538461538,0,BLOCK,Z,0.3194897,0.5612556
7/2/5/5/7/4/3/7/7 3 3,Z,2,2,BLOCK,Z,1.267317,0.8519825
7/2/1/5/7/6/7/6/7 3 3,X,-2,0,BLOCK,X,0.6041467,0.4647519
7/2/5/1/7/6/7/6/7 3 3,Z,-2.3076923076923076923076923076,0,BLOCK,Z,0.3753935,0.6940172
7/2/5/5/7/4/7/6/7 3 3,Z,1.75,0,BLOCK,Z,0.03965795,0.4424028
7/2/5/5/7/6/7/4/7 3 3,Z,2,0,BLOCK,Z,0.5155088,0.4701096
7/2/1/5/7/6/7/5/7 3 3,X,-2,0,BLOCK,X,0.6435747,0.3928826
7/2/5/1/7/6/7/5/7 3 3,Z,-2.1538461538461538461538461538,2,BLOCK,Z,1.449253,1.143288
7/2/5/5/7/4/7/5/7 3 3,Z,2,2,BLOCK,Z,1.224644,0.9019544
7/2/5/5/7/6/7/1/7 3 3,Z,-2,0,BLOCK,Z,0.490585,0.5581712
7/2/1/5/7/6/7/3/7 3 3,X,-2,2,BLOCK,X,0.8423467,0.6226827
7/2/5/1/7/6/7/3/7 3 3,Z,-2.00,0,BLOCK,Z,0.2212002,0.5194387
7/2/5/5/7/4/7/3/7 3 3,Z,2.25,0,BLOCK,Z,0.1972168,0.318199
7/2/1/5/7/6/7/7/6 3 3,X,-2.1333333333333333333333333332,0,BLOCK,X,0.6839769,0.6240174
7/2/5/1/7/6/7/7/6 3 3,Z,-2.1538461538461538461538461538,2,BLOCK,Z,1.42436,1.086264
7/2/5/5/7/4/7/7/6 3 3,Z,2,0,BLOCK,Z,0.3974231,0.4106708
7/2/1/5/7/6/7/7/5 3 3,X,-2,2,BLOCK,X,0.8870208,0.6234641
7/2/5/1/7/6/7/7/5 3 3,Z,-2.1538461538461538461538461538,0,BLOCK,Z,0.2323672,0.7606199
7/2/5/5/3/6/7/7/5 3 3,X,-0.5,302,TIMEOUT,Z,0.02464949,0.0106231
7/2/5/5/7/4/7/7/5 3 3,Z,2,0,BLOCK,Z,0.4719405,0.4418557
7/2/1/5/7/6/7/7/3 3 3,X,-1.8666666666666666666666666668,2,BLOCK,X,0.8376936,0.4511524
7/2/5/1/7/6/7/7/3 3 3,Z,-2.1538461538461538461538461538,0,BLOCK,Z,0.2068094,0.655521
7/2/5/5/7/4/7/7/3 3 3,Z,2,2,BLOCK,Z,1.290924,0.8493749
7/2/1/5/7/5/6/7/7 3 3,X,-2.1333333333333333333333333332,0,BLOCK,X,0.6423419,0.5456082
7/2/5/1/7/5/6/7/7 3 3,Z,-2,0,BLOCK,Z,0.4242193,0.6326452
7/2/5/5/7/1/6/7/7 3 3,Z,-2,0,BLOCK,Z,0.5767581,0.4688376
7/2/5/5/7/5/4/7/7 3 3,X,2,0,BLOCK,X,0.7147448,0.6817334
7/2/1/5/7/5/5/7/7 3 3,X,-2,0,BLOCK,X,0.667572,0.4438872
7/2/5/1/7/5/5/7/7 3 3,Z,-2,2,BLOCK,Z,0.9280508,1.312845
7/2/5/5/7/1/5/7/7 3 3,Z,-2,0,BLOCK,Z,0.5224781,0.4509669
7/2/5/5/7/5/1/7/7 3 3,X,-2,0,BLOCK,X,0.6595671,0.741142
7/2/1/5/7/5/3/7/7 3 3,X,-1.8666666666666666666666666668,0,BLOCK,X,0.7063165,0.3155813
7/2/5/1/7/5/3/7/7 3 3,Z,-2,0,BLOCK,Z,0.4101087,0.8379912
7/2/5/5/7/1/3/7/7 3 3,Z,-2,0,BLOCK,Z,0.3149768,0.4410327
7/2/1/5/7/5/7/6/7 3 3,X,-2,0,BLOCK,X,0.7430882,0.4818246
7/2/5/1/7/5/7/6/7 3 3,Z,-2.1538461538461538461538461538,2,BLOCK,Z,0.9514868,1.2322
7/2/5/5/7/1/7/6/7 3 3,Z,-2.25,2,BLOCK,Z,1.470235,0.9993615
7/2/5/5/7/5/7/4/7 3 3,Z,2,0,BLOCK,Z,0.3525001,0.3143361
7/2/1/5/7/5/7/5/7 3 3,X,-2,2,BLOCK,X,0.8035548,0.7085952
7/2/5/1/7/5/7/5/7 3 3,Z,-2,0,BLOCK,Z,0.7166707,0.9802326
7/2/5/5/7/1/7/5/7 3 3,Z,-2,0,BLOCK,Z,0.5266225,0.3756961
7/2/5/5/7/5/7/1/7 3 3,Z,-2,0,BLOCK,Z,0.05552994,0.2002955
7/2/1/5/7/5/7/3/7 3 3,X,-2,2,BLOCK,X,0.8178536,0.5749209
7/2/5/1/7/5/7/3/7 3 3,Z,-1.8461538461538461538461538462,0,BLOCK,Z,0.6522555,1.092224
7/2/5/5/7/1/7/3/7 3 3,Z,-1.75,2,BLOCK,Z,1.186033,0.8834572
7/2/1/5/7/5/7/7/6 3 3,X,-2.1333333333333333333333333332,2,BLOCK,X,0.8003991,0.6052314
7/2/5/1/7/5/7/7/6 3 3,Z,-2,0,BLOCK,Z,0.7042741,0.9685082
7/2/5/5/7/1/7/7/6 3 3,Z,-2,2,BLOCK,Z,1.356544,0.9212024
7/2/1/5/7/5/7/7/5 3 3,X,-2,0,BLOCK,X,0.6760538,0.5501199
7/2/5/1/7/5/7/7/5 3 3,Z,-2,0,BLOCK,Z,0.6658217,0.8059031
7/2/5/5/7/1/7/7/5 3 3,Z,-2,0,BLOCK,Z,0.407052,0.3160824
7/2/1/5/7/5/7/7/3 3 3,X,-1.8666666666666666666666666668,2,BLOCK,X,0.8100098,0.5998184
7/2/5/1/7/5/7/7/3 3 3,Z,-2,0,BLOCK,Z,0.1967377,0.7642776
7/2/5/5/7/1/7/7/3 3 3,Z,-2,0,BLOCK,Z,0.3089176,0.3460749
7/2/1/5/7/3/6/7/7 3 3,X,-2.1333333333333333333333333332,0,BLOCK,X,0.7498191,0.5585915
7/2/5/1/7/3/6/7/7 3 3,Z,-1.8461538461538461538461538462,0,BLOCK,Z,0.411087,0.8959924
7/2/5/5/7/3/4/7/7 3 3,X,2,0,BLOCK,X,0.4144264,0.5806991
7/2/1/5/7/3/5/7/7 3 3,X,-2,2,BLOCK,X,0.7601663,0.5069092
7/2/5/1/7/3/5/7/7 3 3,Z,-1.8461538461538461538461538462,0,BLOCK,Z,0.2231858,1.08785
7/2/5/5/7/3/1/7/7 3 3,X,-2,2,BLOCK,X,1.430987,0.9448407
7/2/1/5/7/3/3/7/7 3 3,X,-1.8666666666666666666666666668,0,BLOCK,X,0.622738,0.2789654
7/2/5/1/7/3/3/7/7 3 3,Z,-1.8461538461538461538461538462,0,BLOCK,Z,0.1709442,0.8676001
7/2/1/5/7/3/7/6/7 3 3,X,-2,0,BLOCK,X,0.5605824,0.4338511
7/2/5/1/7/3/7/6/7 3 3,Z,-2.00,2,BLOCK,Z,0.9401875,1.305154
7/2/5/5/7/3/7/4/7 3 3,Z,2,0,BLOCK,Z,0.5414598,0.5041643
7/2/1/5/7/3/7/5/7 3 3,X,-2,0,BLOCK,X,0.706017,0.5578009
7/2/5/1/7/3/7/5/7 3 3,Z,-1.8461538461538461538461538462,0,BLOCK,Z,0.3084358,0.9343989
7/2/5/5/7/3/7/1/7 3 3,Z,-2,2,BLOCK,Z,1.576482,0.9821131
7/2/1/5/7/3/7/3/7 3 3,X,-2,2,BLOCK,X,0.7481477,0.688223
7/2/5/1/7/3/7/3/7 3 3,Z,-1.6923076923076923076923076924,0,BLOCK,Z,0.1778309,0.9648626
7/2/1/5/7/3/7/7/6 3 3,X,-2.1333333333333333333333333332,0,BLOCK,X,0.5955284,0.5327179
7/2/5/1/7/3/7/7/6 3 3,Z,-1.8461538461538461538461538462,2,BLOCK,Z,0.8539283,1.262918
7/2/1/5/7/3/7/7/5 3 3,X,-2,2,BLOCK,X,0.9009908,0.5723554
7/2/5/1/7/3/7/7/5 3 3,Z,-1.8461538461538461538461538462,0,BLOCK,Z,0.3730212,0.9097176
7/2/1/5/7/3/7/7/3 3 3,X,-1.8666666666666666666666666668,0,BLOCK,X,0.6504015,0.4767508
7/2/5/1/7/3/7/7/3 3 3,Z,-1.8461538461538461538461538462,0,BLOCK,Z,0.2851613,0.8863776
7/2/1/5/7/7/2/7/7 3 3,X,-2,0,BLOCK,X,0.7402493,0.4327842
7/2/5/1/7/7/2/7/7 3 3,Z,-2,0,BLOCK,Z,0.4644465,0.6924951
7/2/1/5/7/7/6/6/7 3 3,X,-2.1333333333333333333333333332,0,BLOCK,X,0.7024136,0.5345678
7/2/5/1/7/7/6/6/7 3 3,Z,-2.1538461538461538461538461538,0,BLOCK,Z,0.457807,0.9342364
7/2/5/5/7/7/4/6/7 3 3,X,2,0,BLOCK,X,0.3922559,0.7187134
7/2/5/5/7/7/6/4/7 3 3,Z,2,2,BLOCK,Z,1.58695,0.9469973
7/2/1/5/7/7/6/5/7 3 3,X,-2.1333333333333333333333333332,0,BLOCK,X,0.4541632,0.5396241
7/2/5/1/7/7/6/5/7 3 3,Z,-2,0,BLOCK,Z,0.3601659,0.6352583
7/2/5/5/7/7/4/5/7 3 3,X,2,0,BLOCK,X,0.4724887,0.6460677
7/2/5/5/7/7/6/1/7 3 3,Z,-2,0,BLOCK,Z,0.05515488,0.1149376
7/2/1/5/7/7/6/3/7 3 3,X,-2.1333333333333333333333333332,0,BLOCK,X,0.7444292,0.6393809
7/2/5/1/7/7/6/3/7 3 3,Z,-1.8461538461538461538461538462,0,BLOCK,Z,0.6510318,0.799614
7/2/5/5/7/7/4/3/7 3 3,X,2,0,BLOCK,X,0.3851826,0.6763672
7/2/1/5/7/7/6/7/6 3 3,X,-2.2666666666666666666666666666,2,BLOCK,X,0.9442891,0.6706868
7/2/5/1/7/7/6/7/6 3 3,Z,-2,0,BLOCK,Z,0.4276098,0.723277
7/2/5/5/7/7/4/7/6 3 3,X,1.6,0,BLOCK,X,0.2404557,0.3734739
7/2/1/5/7/7/6/7/5 3 3,X,-2.1333333333333333333333333332,0,BLOCK,X,0.6595361,0.6325938
7/2/5/1/7/7/6/7/5 3 3,Z,-2,2,BLOCK,Z,1.073982,1.10647
7/2/5/5/7/7/4/7/5 3 3,X,2,0,BLOCK,X,0.3224176,0.504356
7/2/1/5/7/7/6/7/3 3 3,X,-2,0,BLOCK,X,1.042545,0.6138498
7/2/5/1/7/7/6/7/3 3 3,Z,-2,2,BLOCK,Z,0.9084427,1.195412
7/2/5/5/7/7/4/7/3 3 3,X,2.4,0,BLOCK,X,0.4872948,0.6914591
7/2/1/5/7/7/5/6/7 3 3,X,-2,0,BLOCK,X,0.7698899,0.5567939
7/2/5/1/7/7/5/6/7 3 3,Z,-2.1538461538461538461538461538,2,BLOCK,Z,1.088156,1.190624
7/2/5/5/7/7/1/6/7 3 3,X,-2,0,BLOCK,X,0.5756881,0.6739723
7/2/5/5/7/7/5/4/7 3 3,Z,2,0,BLOCK,Z,0.1825767,0.1930567
7/2/1/5/7/7/5/5/7 3 3,X,-2,0,BLOCK,X,0.6706315,0.4863167
7/2/5/1/7/7/5/5/7 3 3,Z,-2,0,BLOCK,Z,0.4987943,0.8332685
7/2/5/5/7/7/1/5/7 3 3,X,-2,0,BLOCK,X,0.4056899,0.5985498
7/2/5/5/7/7/5/1/7 3 3,Z,-2,0,BLOCK,Z,0.05036908,0.0504741
7/2/1/5/7/7/5/3/7 3 3,X,-2,0,BLOCK,X,0.6287697,0.4426562
7/2/5/1/7/7/5/3/7 3 3,Z,-1.8461538461538461538461538462,2,BLOCK,Z,1.018344,1.120146
7/2/5/5/7/7/1/3/7 3 3,X,-2,2,BLOCK,X,1.396394,0.8617548
7/2/1/5/7/7/5/7/6 3 3,X,-2.1333333333333333333333333332,2,BLOCK,X,0.9236652,0.6479083
7/2/5/1/7/7/5/7/6 3 3,Z,-2,0,BLOCK,Z,0.5995161,0.6945575
7/2/5/5/7/7/1/7/6 3 3,X,-2.4,0,BLOCK,X,0.4670122,0.689395
7/2/1/5/7/7/5/7/5 3 3,X,-2,0,BLOCK,X,0.5994627,0.4906814
7/2/5/1/7/7/5/7/5 3 3,Z,-2,0,BLOCK,Z,0.6605396,0.822645
7/2/5/5/7/7/1/7/5 3 3,X,-2,0,BLOCK,X,0.3599543,0.5450791
7/2/1/5/7/7/5/7/3 3 3,X,-1.8666666666666666666666666668,0,BLOCK,X,0.5536112,0.5425906
7/2/5/1/7/7/5/7/3 3 3,Z,-2,0,BLOCK,Z,0.4069829,0.7709046
7/2/5/5/7/7/1/7/3 3 3,X,-1.6,0,BLOCK,X,0.2137686,0.4013939
6/2/5/5/7/7/3/6/7 3 3,X,0.5555555555555555555555555555,302,TIMEOUT,Z,0.1342493,0.07964711
7/2/1/5/7/7/3/6/7 3 3,X,-1.8666666666666666666666666668,0,BLOCK,X,0.6822264,0.3382083
7/2/5/1/7/7/3/6/7 3 3,Z,-2.1538461538461538461538461538,0,BLOCK,Z,0.516092,0.8533981
7/2/5/5/7/7/3/4/7 3 3,Z,2,2,BLOCK,Z,1.576282,0.9583018
7/2/1/5/7/7/3/5/7 3 3,X,-1.8666666666666666666666666668,2,BLOCK,X,0.8157021,0.4291795
7/2/5/1/7/7/3/5/7 3 3,Z,-2,0,BLOCK,Z,0.6321267,1.00915
7/2/5/5/7/7/3/1/7 3 3,Z,-2,0,BLOCK,Z,0.3185913,0.3563269
7/2/1/5/7/7/3/3/7 3 3,X,-1.8666666666666666666666666668,0,BLOCK,X,0.5764434,0.3977076
7/2/5/1/7/7/3/3/7 3 3,Z,-1.8461538461538461538461538462,0,BLOCK,Z,0.422216,0.797765
3/2/5/5/7/7/3/7/6 3 3,X,-0.7,302,TIMEOUT,Z,0.05867776,0.03147468
7/2/1/5/7/7/3/7/6 3 3,X,-2,0,BLOCK,X,0.7244995,0.5790368
7/2/5/1/7/7/3/7/6 3 3,Z,-2,0,BLOCK,Z,0.6488025,0.8457923
7/2/1/5/7/7/3/7/5 3 3,X,-1.8666666666666666666666666668,0,BLOCK,X,0.5974267,0.439782
7/2/5/1/7/7/3/7/5 3 3,Z,-2,0,BLOCK,Z,0.7460445,0.9167891
7/2/1/5/7/7/3/7/3 3 3,X,-1.7333333333333333333333333334,2,BLOCK,X,0.874123,0.483873
7/2/5/1/7/7/3/7/3 3 3,Z,-2,0,BLOCK,Z,0.563823,0.7665268
7/2/5/5/7/6/3/7/3 3 3,Z,0.5,302,TIMEOUT,Z,0.02731002,0.01392893
7/2/1/5/7/7/7/2/7 3 3,X,-2,0,BLOCK,X,0.6417653,0.50169
7/2/5/1/7/7/7/2/7 3 3,Z,-2,2,BLOCK,Z,1.017797,1.197769
3/2/5/5/7/7/7/6/6 3 3,X,-0.5555555555555555555555555555,302,TIMEOUT,Z,0.1772701,0.105292
7/2/1/5/7/7/7/6/6 3 3,X,-2.1333333333333333333333333332,0,BLOCK,X,0.6371716,0.8330469
7/2/5/1/7/7/7/6/6 3 3,Z,-2.1538461538461538461538461538,0,BLOCK,Z,0.5183294,0.7586696
7/2/5/5/7/7/7/4/6 3 3,Z,2,0,BLOCK,Z,0.1361073,0.08839906
7/2/1/5/7/7/7/6/5 3 3,X,-2,0,BLOCK,X,0.6962638,0.5327762
7/2/5/1/7/7/7/6/5 3 3,Z,-2.1538461538461538461538461538,0,BLOCK,Z,0.5142744,0.6135594
7/2/5/5/7/7/7/4/5 3 3,Z,2,0,BLOCK,Z,0.06479773,0.07653676
7/2/1/5/7/7/7/6/3 3 3,X,-1.8666666666666666666666666668,0,BLOCK,X,0.7900366,0.3848617
7/2/5/1/7/7/7/6/3 3 3,Z,-2.1538461538461538461538461538,0,BLOCK,Z,0.7041011,0.6823309
7/2/5/5/7/7/7/4/3 3 3,Z,2,0,BLOCK,Z,0.0514468,0.09573254
7/2/1/5/7/7/7/5/6 3 3,X,-2.1333333333333333333333333332,0,BLOCK,X,0.7094285,0.7772145
7/2/5/1/7/7/7/5/6 3 3,Z,-2,0,BLOCK,Z,0.8693163,0.9665867
7/2/5/5/7/7/7/1/6 3 3,Z,-2,0,BLOCK,Z,0.05434612,0.0480506
7/2/1/5/7/7/7/5/5 3 3,X,-2,0,BLOCK,X,0.6572552,0.7105147
7/2/5/1/7/7/7/5/5 3 3,Z,-2,0,BLOCK,Z,0.6297995,0.7577723
7/2/5/5/7/7/7/1/5 3 3,Z,-2,2,BLOCK,Z,1.633399,1.009781
7/2/1/5/7/7/7/5/3 3 3,X,-1.8666666666666666666666666668,2,BLOCK,X,0.8493853,0.574901
7/2/5/1/7/7/7/5/3 3 3,Z,-2,0,BLOCK,Z,0.6138781,0.6587282
7/2/5/5/7/7/7/1/3 3 3,Z,-2,0,BLOCK,Z,0.05010068,0.04567485
7/2/1/5/7/7/7/3/6 3 3,X,-2.1333333333333333333333333332,0,BLOCK,X,0.5710912,0.6237538
7/2/5/1/7/7/7/3/6 3 3,Z,-1.8461538461538461538461538462,0,BLOCK,Z,0.6012422,0.7049891
7/2/1/5/7/7/7/3/5 3 3,X,-2,0,BLOCK,X,0.7410479,0.6254681
7/2/5/1/7/7/7/3/5 3 3,Z,-1.8461538461538461538461538462,0,BLOCK,Z,0.7237936,0.8578432
7/2/1/5/7/7/7/3/3 3 3,X,-1.8666666666666666666666666668,2,BLOCK,X,0.8124918,0.5606458
7/2/5/1/7/7/7/3/3 3 3,Z,-1.8461538461538461538461538462,0,BLOCK,Z,0.6372709,0.8448246
7/2/1/5/7/7/7/7/4 3 3,X,-2.1333333333333333333333333332,2,BLOCK,X,0.7887467,0.7449108
7/2/5/1/7/7/7/7/4 3 3,Z,-2,0,BLOCK,Z,0.5481172,0.8636863
7/2/1/5/7/7/7/7/2 3 3,X,-2,0,BLOCK,X,0.6443011,0.5677441
7/2/5/1/7/7/7/7/2 3 3,Z,-2,0,BLOCK,Z,0.8794144,0.9401225
7/2/1/5/7/7/7/7/1 3 3,X,-1.8666666666666666666666666668,0,BLOCK,X,0.8520255,0.4502659
7/2/5/1/7/7/7/7/1 3 3,Z,-2,0,BLOCK,Z,0.4947078,0.8341811
7/2/1/3/2/7/7/7/7 3 3,X,-2,2,BLOCK,X,0.6439682,0.6600417
7/2/1/3/6/6/7/7/7 3 3,X,-2.1333333333333333333333333332,0,BLOCK,X,0.7925391,0.6084673
7/2/5/3/4/6/7/7/7 3 3,X,2,2,BLOCK,X,0.9951767,0.4706053
7/2/5/3/6/4/7/7/7 3 3,Z,2,0,BLOCK,Z,0.6063355,0.5729527
7/2/1/3/6/5/7/7/7 3 3,X,-2.1333333333333333333333333332,2,BLOCK,X,1.353114,0.7449822
7/2/5/3/4/5/7/7/7 3 3,X,2,0,BLOCK,X,0.6625025,0.5550995
7/2/5/3/6/1/7/7/7 3 3,Z,-2,2,BLOCK,Z,1.382322,1.15898
7/2/1/3/6/3/7/7/7 3 3,X,-2.1333333333333333333333333332,0,BLOCK,X,1.40771,0.9934866
7/2/5/3/4/3/7/7/7 3 3,X,2,0,BLOCK,X,0.6830591,0.4837427
7/2/1/3/6/7/6/7/7 3 3,X,-2.2666666666666666666666666666,0,BLOCK,X,1.378573,0.5852088
7/2/5/3/4/7/6/7/7 3 3,X,1.8181818181818181818181818182,0,BLOCK,X,0.4152612,0.4525947
7/2/5/3/6/7/4/7/7 3 3,X,2,0,BLOCK,X,0.922649,0.6978583
7/2/1/3/6/7/5/7/7 3 3,X,-2.1333333333333333333333333332,0,BLOCK,X,0.8055634,0.3909022
7/2/5/3/4/7/5/7/7 3 3,X,2,0,BLOCK,X,0.8406878,0.5103277
7/2/5/3/6/7/1/7/7 3 3,X,-2,0,BLOCK,X,1.043679,0.7141472
7/2/1/3/6/7/3/7/7 3 3,X,-2,0,BLOCK,X,1.322658,0.3355757
7/2/5/3/4/7/3/7/7 3 3,X,2.1818181818181818181818181818,0,BLOCK,X,0.4595925,0.3661696
7/2/1/3/6/7/7/6/7 3 3,X,-2.1333333333333333333333333332,2,BLOCK,X,1.27707,0.6964731
7/2/5/3/4/7/7/6/7 3 3,X,2,2,BLOCK,X,1.031174,0.4924194
7/2/5/3/6/7/7/4/7 3 3,Z,2,0,BLOCK,Z,0.5328759,0.4096216
7/2/1/3/6/7/7/5/7 3 3,X,-2.1333333333333333333333333332,0,BLOCK,X,0.6845777,0.5759474
7/2/5/3/4/7/7/5/7 3 3,X,2,0,BLOCK,X,0.4657309,0.3195971
7/2/5/3/6/7/7/1/7 3 3,Z,-2,0,BLOCK,Z,0.3963937,0.3542561
7/2/1/3/6/7/7/3/7 3 3,X,-2.1333333333333333333333333332,0,BLOCK,X,0.7062775,0.3665394
7/2/5/3/4/7/7/3/7 3 3,X,2,0,BLOCK,X,0.6003019,0.5404069
7/2/1/3/6/7/7/7/6 3 3,X,-2.2666666666666666666666666666,0,BLOCK,X,0.9409325,0.5186335
7/2/5/3/4/7/7/7/6 3 3,X,1.8181818181818181818181818182,0,BLOCK,X,0.5586212,0.7016147
7/2/1/3/6/7/7/7/5 3 3,X,-2.1333333333333333333333333332,2,BLOCK,X,1.055585,0.582855
7/2/5/3/4/7/7/7/5 3 3,X,2,0,BLOCK,X,1.016989,0.5372559
7/2/1/3/6/7/7/7/3 3 3,X,-2,0,BLOCK,X,0.5377451,0.4531255
7/2/5/3/4/7/7/7/3 3 3,X,2.1818181818181818181818181818,2,BLOCK,X,1.182176,0.5702108
7/2/1/3/5/6/7/7/7 3 3,X,-2,0,BLOCK,X,0.4521949,0.4033239
7/2/5/3/1/6/7/7/7 3 3,X,-2,2,BLOCK,X,1.024523,0.6112277
7/2/5/3/5/4/7/7/7 3 3,Z,2,0,BLOCK,Z,0.8186305,0.6945125
7/2/1/3/5/5/7/7/7 3 3,X,-2,0,BLOCK,X,0.6849353,0.5021466
7/2/5/3/1/5/7/7/7 3 3,X,-2,0,BLOCK,X,0.9028577,0.3531855
7/2/5/3/5/1/7/7/7 3 3,Z,-2,0,BLOCK,Z,1.405912,1.110535
7/2/1/3/5/3/7/7/7 3 3,X,-2,2,BLOCK,X,0.8338314,0.6106425
7/2/5/3/1/3/7/7/7 3 3,X,-2,2,BLOCK,X,0.9668105,0.6778238
7/2/1/3/5/7/6/7/7 3 3,X,-2.1333333333333333333333333332,2,BLOCK,X,0.7385837,0.6148957
7/2/5/3/1/7/6/7/7 3 3,X,-2.1818181818181818181818181818,0,BLOCK,X,0.8789352,0.5106729
7/2/5/3/5/7/4/7/7 3 3,X,2,0,BLOCK,X,0.4018622,0.6408378
7/2/1/3/5/7/5/7/7 3 3,X,-2,2,BLOCK,X,0.8923358,0.5679602
7/2/5/3/1/7/5/7/7 3 3,X,-2,0,BLOCK,X,0.7450458,0.4920509
7/2/5/3/5/7/1/7/7 3 3,X,-2,0,BLOCK,X,0.4077743,0.5192769
7/2/1/3/5/7/3/7/7 3 3,X,-1.8666666666666666666666666668,0,BLOCK,X,0.7199289,0.5396405
7/2/5/3/1/7/3/7/7 3 3,X,-1.8181818181818181818181818182,0,BLOCK,X,0.3801626,0.5668619
7/2/1/3/5/7/7/6/7 3 3,X,-2,0,BLOCK,X,0.6560205,0.4415668
7/2/5/3/1/7/7/6/7 3 3,X,-2,0,BLOCK,X,0.4319543,0.4670442
7/2/5/3/5/7/7/4/7 3 3,Z,2,0,BLOCK,Z,0.3274797,0.2965624
7/2/1/3/5/7/7/5/7 3 3,X,-2,2,BLOCK,X,0.6771719,0.6132603
7/2/5/3/1/7/7/5/7 3 3,X,-2,0,BLOCK,X,0.7484008,0.5027761
7/2/5/3/5/7/7/1/7 3 3,Z,-2,0,BLOCK,Z,0.4050848,0.4380326
7/2/1/3/5/7/7/3/7 3 3,X,-2,0,BLOCK,X,0.4918186,0.3733951
7/2/5/3/1/7/7/3/7 3 3,X,-2,0,BLOCK,X,0.5694849,0.4716834
7/2/1/3/5/7/7/7/6 3 3,X,-2.1333333333333333333333333332,0,BLOCK,X,0.6316722,0.6831317
7/2/5/3/1/7/7/7/6 3 3,X,-2.1818181818181818181818181818,0,BLOCK,X,0.7840701,0.4500149
7/2/1/3/5/7/7/7/5 3 3,X,-2,0,BLOCK,X,0.7342916,0.4952727
7/2/5/3/1/7/7/7/5 3 3,X,-2,0,BLOCK,X,0.6157306,0.3932142
7/2/1/3/5/7/7/7/3 3 3,X,-1.8666666666666666666666666668,0,BLOCK,X,0.5065116,0.4275154
7/2/5/3/1/7/7/7/3 3 3,X,-1.8181818181818181818181818182,0,BLOCK,X,0.6664939,0.6864261
7/2/1/3/3/6/7/7/7 3 3,X,-1.8666666666666666666666666668,0,BLOCK,X,0.5524632,0.4531305
7/2/5/3/3/4/7/7/7 3 3,Z,2,0,BLOCK,Z,0.8980778,0.7406352
7/2/1/3/3/5/7/7/7 3 3,X,-1.8666666666666666666666666668,2,BLOCK,X,0.7131167,0.6394147
7/2/5/3/3/1/7/7/7 3 3,Z,-2,0,BLOCK,Z,0.8265484,0.7317303
7/2/1/3/3/3/7/7/7 3 3,X,-1.8666666666666666666666666668,0,BLOCK,X,0.3806549,0.3774436
7/2/1/3/3/7/6/7/7 3 3,X,-2,2,BLOCK,X,0.8581561,0.5734441
7/2/5/3/3/7/4/7/7 3 3,X,2,0,BLOCK,X,1.013269,0.5964702
7/2/1/3/3/7/5/7/7 3 3,X,-1.8666666666666666666666666668,0,BLOCK,X,0.5055549,0.3631439
7/2/5/3/3/7/1/7/7 3 3,X,-2,0,BLOCK,X,0.5956169,0.6018044
7/2/1/3/3/7/3/7/7 3 3,X,-1.7333333333333333333333333334,2,BLOCK,X,0.7460943,0.4807146
7/2/1/3/3/7/7/6/7 3 3,X,-1.8666666666666666666666666668,0,BLOCK,X,0.4002078,0.3660776
7/2/5/3/3/7/7/4/7 3 3,Z,2,0,BLOCK,Z,0.2387425,0.1862938
7/2/1/3/3/7/7/5/7 3 3,X,-1.8666666666666666666666666668,2,BLOCK,X,0.8051297,0.4360791
7/2/5/3/3/7/7/1/7 3 3,Z,-2,0,BLOCK,Z,0.3042179,0.3084574
7/2/1/3/3/7/7/3/7 3 3,X,-1.8666666666666666666666666668,2,BLOCK,X,0.8643663,0.6388027
7/2/1/3/3/7/7/7/6 3 3,X,-2,0,BLOCK,X,0.4579913,0.5022026
7/2/1/3/3/7/7/7/5 3 3,X,-1.8666666666666666666666666668,0,BLOCK,X,0.5010839,0.2677827
7/2/1/3/3/7/7/7/3 3 3,X,-1.7333333333333333333333333334,0,BLOCK,X,0.5089774,0.4167686
7/2/1/3/7/2/7/7/7 3 3,X,-2,0,BLOCK,X,0.5655263,0.4357839
7/2/1/3/7/6/6/7/7 3 3,X,-2.1333333333333333333333333332,0,BLOCK,X,0.6632537,0.6042078
7/2/5/3/7/4/6/7/7 3 3,Z,2,0,BLOCK,Z,1.047739,0.8655084
7/2/5/3/7/6/4/7/7 3 3,X,2,2,BLOCK,X,1.432544,0.8935935
7/2/1/3/7/6/5/7/7 3 3,X,-2,0,BLOCK,X,0.5491172,0.5038566
7/2/5/3/7/4/5/7/7 3 3,Z,2,0,BLOCK,Z,0.6643112,0.6738394
7/2/5/3/7/6/1/7/7 3 3,X,-2,0,BLOCK,X,0.3589402,0.5372474
7/2/1/3/7/6/3/7/7 3 3,X,-1.8666666666666666666666666668,0,BLOCK,X,0.5833898,0.5245391
7/2/5/3/7/4/3/7/7 3 3,Z,2,0,BLOCK,Z,0.694351,0.6905034
7/2/1/3/7/6/7/6/7 3 3,X,-2,2,BLOCK,X,0.8275888,0.4999647
7/2/5/3/7/4/7/6/7 3 3,Z,1.75,2,BLOCK,Z,1.188174,0.9350687
7/2/5/3/7/6/7/4/7 3 3,Z,2,0,BLOCK,Z,0.3404275,0.2937447
7/2/1/3/7/6/7/5/7 3 3,X,-2,0,BLOCK,X,0.5680792,0.3287002
7/2/5/3/7/4/7/5/7 3 3,Z,2,2,BLOCK,Z,1.18528,0.9167511
7/2/5/3/7/6/7/1/7 3 3,Z,-2,0,BLOCK,Z,0.157699,0.1682198
7/2/1/3/7/6/7/3/7 3 3,X,-2,0,BLOCK,X,0.6314781,0.5733191
7/2/5/3/7/4/7/3/7 3 3,Z,2.25,0,BLOCK,Z,0.6349541,0.5283049
7/2/1/3/7/6/7/7/6 3 3,X,-2.1333333333333333333333333332,0,BLOCK,X,0.6464212,0.6180831
7/2/5/3/7/4/7/7/6 3 3,Z,2,0,BLOCK,Z,0.622703,0.5664207
7/2/1/3/7/6/7/7/5 3 3,X,-2,0,BLOCK,X,0.5114184,0.5287316
7/2/5/3/7/4/7/7/5 3 3,Z,2,0,BLOCK,Z,0.5221477,0.5721323
7/2/1/3/7/6/7/7/3 3 3,X,-1.8666666666666666666666666668,0,BLOCK,X,0.5233268,0.5633364
7/2/5/3/7/4/7/7/3 3 3,Z,2,0,BLOCK,Z,0.9160951,0.6870791
7/2/1/3/7/5/6/7/7 3 3,X,-2.1333333333333333333333333332,0,BLOCK,X,0.8653112,0.5926413
7/2/5/3/7/1/6/7/7 3 3,Z,-2,0,BLOCK,Z,1.371178,1.095691
7/2/5/3/7/5/4/7/7 3 3,X,2,0,BLOCK,X,0.6597918,0.5849762
7/2/1/3/7/5/5/7/7 3 3,X,-2,0,BLOCK,X,0.6656765,0.5475393
7/2/5/3/7/1/5/7/7 3 3,Z,-2,0,BLOCK,Z,0.509066,0.5168938
7/2/5/3/7/5/1/7/7 3 3,X,-2,0,BLOCK,X,1.270651,0.9122638
7/2/1/3/7/5/3/7/7 3 3,X,-1.8666666666666666666666666668,2,BLOCK,X,0.835337,0.6198244
7/2/5/3/7/1/3/7/7 3 3,Z,-2,0,BLOCK,Z,0.5253152,0.4535678
7/2/1/3/7/5/7/6/7 3 3,X,-2,0,BLOCK,X,0.6473602,0.4998015
7/2/5/3/7/1/7/6/7 3 3,Z,-2.25,0,BLOCK,Z,0.5017287,0.4212765
7/2/5/3/7/5/7/4/7 3 3,Z,2,2,BLOCK,Z,1.5843,0.9067855
7/2/1/3/7/5/7/5/7 3 3,X,-2,2,BLOCK,X,0.8380724,0.5306278
7/2/5/3/7/1/7/5/7 3 3,Z,-2,0,BLOCK,Z,0.4766847,0.5022649
7/2/5/3/7/5/7/1/7 3 3,Z,-2,0,BLOCK,Z,0.4651774,0.5332783
7/2/1/3/7/5/7/3/7 3 3,X,-2,2,BLOCK,X,0.7467415,0.5763393
7/2/5/3/7/1/7/3/7 3 3,Z,-1.75,0,BLOCK,Z,0.3005836,0.4316598
7/2/1/3/7/5/7/7/6 3 3,X,-2.1333333333333333333333333332,0,BLOCK,X,0.6637104,0.613751
7/2/5/3/7/1/7/7/6 3 3,Z,-2,0,BLOCK,Z,0.4955891,0.5109102
7/2/1/3/7/5/7/7/5 3 3,X,-2,2,BLOCK,X,0.7729917,0.560443
7/2/5/3/7/1/7/7/5 3 3,Z,-2,0,BLOCK,Z,0.5653011,0.4659353
7/2/1/3/7/5/7/7/3 3 3,X,-1.8666666666666666666666666668,0,BLOCK,X,0.5502148,0.2739883
7/2/5/3/7/1/7/7/3 3 3,Z,-2,0,BLOCK,Z,0.5284258,0.4487087
7/2/1/3/7/3/6/7/7 3 3,X,-2.1333333333333333333333333332,0,BLOCK,X,0.549263,0.5056521
7/2/5/3/7/3/4/7/7 3 3,X,2,0,BLOCK,X,0.3953803,0.5942835
7/2/1/3/7/3/5/7/7 3 3,X,-2,0,BLOCK,X,0.5931156,0.5049301
7/2/5/3/7/3/1/7/7 3 3,X,-2,0,BLOCK,X,0.8161826,0.6802812
7/2/1/3/7/3/3/7/7 3 3,X,-1.8666666666666666666666666668,0,BLOCK,X,0.72104,0.4911412
7/2/1/3/7/3/7/6/7 3 3,X,-2,0,BLOCK,X,0.5573896,0.4330398
7/2/5/3/7/3/7/4/7 3 3,Z,2,0,BLOCK,Z,0.4664879,0.4482423
7/2/1/3/7/3/7/5/7 3 3,X,-2,2,BLOCK,X,0.7511607,0.5961838
7/2/5/3/7/3/7/1/7 3 3,Z,-2,2,BLOCK,Z,1.600329,1.008725
7/2/1/3/7/3/7/3/7 3 3,X,-2,2,BLOCK,X,0.7761933,0.5958832
7/2/1/3/7/3/7/7/6 3 3,X,-2.1333333333333333333333333332,2,BLOCK,X,0.8186324,0.6411391
7/2/1/3/7/3/7/7/5 3 3,X,-2,0,BLOCK,X,0.6485378,0.4117213
7/2/1/3/7/3/7/7/3 3 3,X,-1.8666666666666666666666666668,0,BLOCK,X,0.6342047,0.5535996
7/2/1/3/7/7/2/7/7 3 3,X,-2,2,BLOCK,X,0.8803338,0.574305
7/2/1/3/7/7/6/6/7 3 3,X,-2.1333333333333333333333333332,0,BLOCK,X,0.5271503,0.5570931
7/2/5/3/7/7/4/6/7 3 3,X,2,0,BLOCK,X,0.4467776,0.5998383
7/2/5/3/7/7/6/4/7 3 3,Z,2,0,BLOCK,Z,0.3792441,0.3074402
7/2/1/3/7/7/6/5/7 3 3,X,-2.1333333333333333333333333332,0,BLOCK,X,0.6526744,0.7814361
7/2/5/3/7/7/4/5/7 3 3,X,2,0,BLOCK,X,0.479461,0.6652136
7/2/5/3/7/7/6/1/7 3 3,Z,-2,0,BLOCK,Z,0.1079311,0.06643025
7/2/1/3/7/7/6/3/7 3 3,X,-2.1333333333333333333333333332,0,BLOCK,X,0.6457585,0.6590695
7/2/5/3/7/7/4/3/7 3 3,X,2,0,BLOCK,X,0.4774295,0.6135608
7/2/1/3/7/7/6/7/6 3 3,X,-2.2666666666666666666666666666,0,BLOCK,X,0.7120422,0.665721
7/2/5/3/7/7/4/7/6 3 3,X,1.6,0,BLOCK,X,0.4817531,0.5712404
7/2/1/3/7/7/6/7/5 3 3,X,-2.1333333333333333333333333332,0,BLOCK,X,0.6690749,0.7494169
7/2/5/3/7/7/4/7/5 3 3,X,2,0,BLOCK,X,0.3797205,0.5414637
7/2/1/3/7/7/6/7/3 3 3,X,-2,0,BLOCK,X,0.7004641,0.5498405
7/2/5/3/7/7/4/7/3 3 3,X,2.4,0,BLOCK,X,0.390578,0.6751262
7/2/1/3/7/7/5/6/7 3 3,X,-2,0,BLOCK,X,0.4636391,0.3924698
7/2/5/3/7/7/1/6/7 3 3,X,-2,0,BLOCK,X,0.5888147,0.6753289
7/2/5/3/7/7/5/4/7 3 3,Z,2,0,BLOCK,Z,0.358103,0.2963655
7/2/1/3/7/7/5/5/7 3 3,X,-2,0,BLOCK,X,0.5645775,0.5839279
7/2/5/3/7/7/1/5/7 3 3,X,-2,0,BLOCK,X,0.4550471,0.6255122
7/2/5/3/7/7/5/1/7 3 3,Z,-2,0,BLOCK,Z,0.6505545,0.3746338
7/2/1/3/7/7/5/3/7 3 3,X,-2,0,BLOCK,X,0.4960752,0.6274093
7/2/5/3/7/7/1/3/7 3 3,X,-2,2,BLOCK,X,1.401242,0.8513441
7/2/1/3/7/7/5/7/6 3 3,X,-2.1333333333333333333333333332,0,BLOCK,X,0.6294658,0.6112938
7/2/5/3/7/7/1/7/6 3 3,X,-2.4,0,BLOCK,X,0.4778658,0.7456853
7/2/1/3/7/7/5/7/5 3 3,X,-2,2,BLOCK,X,0.7255421,0.7498564
7/2/5/3/7/7/1/7/5 3 3,X,-2,0,BLOCK,X,0.3372509,0.5670537
7/2/1/3/7/7/5/7/3 3 3,X,-1.8666666666666666666666666668,2,BLOCK,X,0.8284652,0.5258041
7/2/5/3/7/7/1/7/3 3 3,X,-1.6,2,BLOCK,X,1.289529,0.7914937
7/2/1/3/7/7/3/6/7 3 3,X,-1.8666666666666666666666666668,0,BLOCK,X,0.7205047,0.4728442
7/2/5/3/7/7/3/4/7 3 3,Z,2,2,BLOCK,Z,1.61457,0.8948507
7/2/1/3/7/7/3/5/7 3 3,X,-1.8666666666666666666666666668,2,BLOCK,X,0.8116344,0.4820484
7/2/5/3/7/7/3/1/7 3 3,Z,-2,0,BLOCK,Z,0.4473768,0.3871577
7/2/1/3/7/7/3/3/7 3 3,X,-1.8666666666666666666666666668,0,BLOCK,X,0.6294016,0.4199421
7/2/1/3/7/7/3/7/6 3 3,X,-2,0,BLOCK,X,0.6536636,0.3657401
7/2/1/3/7/7/3/7/5 3 3,X,-1.8666666666666666666666666668,0,BLOCK,X,0.5722883,0.4976626
7/2/1/3/7/7/3/7/3 3 3,X,-1.7333333333333333333333333334,0,BLOCK,X,0.503757,0.3388777
7/2/1/3/7/7/7/2/7 3 3,X,-2,0,BLOCK,X,0.595562,0.49248
7/2/1/3/7/7/7/6/6 3 3,X,-2.1333333333333333333333333332,0,BLOCK,X,0.5127386,0.6392232
7/2/5/3/7/7/7/4/6 3 3,Z,2,0,BLOCK,Z,0.4377837,0.4219713
7/2/1/3/7/7/7/6/5 3 3,X,-2,0,BLOCK,X,0.5536981,0.3851351
7/2/5/3/7/7/7/4/5 3 3,Z,2,0,BLOCK,Z,0.4593321,0.4010395
7/2/1/3/7/7/7/6/3 3 3,X,-1.8666666666666666666666666668,0,BLOCK,X,0.5286554,0.4042565
7/2/5/3/7/7/7/4/3 3 3,Z,2,0,BLOCK,Z,0.1218797,0.1600553
7/2/1/3/7/7/7/5/6 3 3,X,-2.1333333333333333333333333332,0,BLOCK,X,0.6696168,0.5897433
7/2/5/3/7/7/7/1/6 3 3,Z,-2,0,BLOCK,Z,0.1089406,0.1749593
7/2/1/3/7/7/7/5/5 3 3,X,-2,2,BLOCK,X,0.8302703,0.6511701
7/2/5/3/7/7/7/1/5 3 3,Z,-2,2,BLOCK,Z,1.661121,1.042987
7/2/1/3/7/7/7/5/3 3 3,X,-1.8666666666666666666666666668,2,BLOCK,X,0.8125556,0.6174112
7/2/5/3/7/7/7/1/3 3 3,Z,-2,0,BLOCK,Z,0.07890768,0.07197283
7/2/1/3/7/7/7/3/6 3 3,X,-2.1333333333333333333333333332,0,BLOCK,X,0.6084116,0.5907214
7/2/1/3/7/7/7/3/5 3 3,X,-2,2,BLOCK,X,0.8260175,0.6248233
7/2/1/3/7/7/7/3/3 3 3,X,-1.8666666666666666666666666668,0,BLOCK,X,0.5704074,0.5224029
7/2/1/3/7/7/7/7/4 3 3,X,-2.1333333333333333333333333332,2,BLOCK,X,0.8232357,0.6408561
7/2/1/3/7/7/7/7/2 3 3,X,-2,0,BLOCK,X,0.7005906,0.4983977
7/2/1/3/7/7/7/7/1 3 3,X,-1.8666666666666666666666666668,0,BLOCK,X,0.5358393,0.5010872
7/2/1/7/2/6/7/7/7 3 3,X,-2,0,BLOCK,X,1.005403,0.3503138
7/2/5/7/2/4/7/7/7 3 3,Z,2,0,BLOCK,Z,0.40169,0.4321476
7/2/1/7/2/5/7/7/7 3 3,X,-2,0,BLOCK,X,0.3143958,0.4235084
7/2/5/7/2/1/7/7/7 3 3,Z,-2,2,BLOCK,Z,1.302852,1.066088
7/2/1/7/2/3/7/7/7 3 3,X,-2,0,BLOCK,X,0.8302924,0.5080158
7/2/1/7/2/7/6/7/7 3 3,X,-2.1333333333333333333333333332,0,BLOCK,X,0.5112872,0.580875
7/2/5/7/2/7/4/7/7 3 3,X,2,0,BLOCK,X,0.5708662,0.5911646
3/2/5/7/2/7/5/7/7 3 3,X,-0.5,302,TIMEOUT,Z,0.0882474,0.04887132
7/2/1/7/2/7/5/7/7 3 3,X,-2,0,BLOCK,X,0.7882648,0.4524534
7/2/5/7/2/7/1/7/7 3 3,X,-2,0,BLOCK,X,0.5583373,0.5102564
7/2/1/7/2/7/3/7/7 3 3,X,-1.8666666666666666666666666668,0,BLOCK,X,0.7109528,0.8202121
7/2/1/7/2/7/7/6/7 3 3,X,-2,0,BLOCK,X,0.871384,0.6384006
7/2/5/7/2/7/7/4/7 3 3,Z,2,0,BLOCK,Z,0.4700297,0.390517
7/2/1/7/2/7/7/5/7 3 3,X,-2,0,BLOCK,X,0.4931813,0.5235546
7/2/5/7/2/7/7/1/7 3 3,Z,-2,0,BLOCK,Z,0.2553934,0.2188985
7/2/1/7/2/7/7/3/7 3 3,X,-2,0,BLOCK,X,0.8546462,0.4853005
7/2/1/7/2/7/7/7/6 3 3,X,-2.1333333333333333333333333332,0,BLOCK,X,0.5820826,0.545104
7/2/1/7/2/7/7/7/5 3 3,X,-2,0,BLOCK,X,0.6448089,0.231121
7/2/1/7/2/7/7/7/3 3 3,X,-1.8666666666666666666666666668,2,BLOCK,X,1.176004,0.6314131
7/2/1/7/6/2/7/7/7 3 3,X,-2.1333333333333333333333333332,2,BLOCK,X,1.608893,1.027722
7/2/5/7/4/2/7/7/7 3 3,X,2,2,BLOCK,X,0.9530643,0.6665115
7/2/1/7/6/6/6/7/7 3 3,X,-2.2666666666666666666666666668,0,BLOCK,X,0.4445763,0.3895402
7/2/5/7/4/6/6/7/7 3 3,X,1.80,2,BLOCK,X,0.8144897,0.6626369
7/2/5/7/6/4/6/7/7 3 3,Z,2,0,BLOCK,Z,0.770041,0.5482642
7/2/5/7/6/6/4/7/7 3 3,X,2,0,BLOCK,X,0.4799505,0.6769522
3/2/5/7/6/6/5/7/7 3 3,X,-0.5555555555555555555555555555,302,TIMEOUT,Z,0.1721151,0.08331912
7/2/1/7/6/6/5/7/7 3 3,X,-2.1333333333333333333333333332,0,BLOCK,X,0.7979989,0.7021098
7/2/5/7/4/6/5/7/7 3 3,X,2,0,BLOCK,X,0.5929469,0.7274357
7/2/5/7/6/4/5/7/7 3 3,Z,2,0,BLOCK,Z,0.9208882,0.4657215
7/2/5/7/6/6/1/7/7 3 3,X,-2,0,BLOCK,X,0.7655586,0.7473519
7/2/1/7/6/6/3/7/7 3 3,X,-2.00,0,BLOCK,X,0.7222703,0.6194262
7/2/5/7/4/6/3/7/7 3 3,X,2.20,2,BLOCK,X,1.388196,0.6662278
7/2/5/7/6/4/3/7/7 3 3,Z,2,0,BLOCK,Z,0.7114343,0.6950704
7/2/1/7/6/6/7/6/7 3 3,X,-2.1333333333333333333333333332,0,BLOCK,X,0.7920044,0.6909764
7/2/5/7/4/6/7/6/7 3 3,X,2,2,BLOCK,X,1.008023,0.6034645
7/2/5/7/6/4/7/6/7 3 3,Z,1.75,0,BLOCK,Z,1.235689,0.8685169
7/2/5/7/6/6/7/4/7 3 3,Z,2,0,BLOCK,Z,0.3588199,0.379732
7/2/1/7/6/6/7/5/7 3 3,X,-2.1333333333333333333333333332,0,BLOCK,X,1.364722,0.7638248
7/2/5/7/4/6/7/5/7 3 3,X,2,0,BLOCK,X,0.8057902,0.6724003
7/2/5/7/6/4/7/5/7 3 3,Z,2,0,BLOCK,Z,0.4916119,0.5075533
7/2/5/7/6/6/7/1/7 3 3,Z,-2,2,BLOCK,Z,1.559723,0.9164748
7/2/1/7/6/6/7/3/7 3 3,X,-2.1333333333333333333333333332,0,BLOCK,X,0.6144218,0.6922262
7/2/5/7/4/6/7/3/7 3 3,X,2,0,BLOCK,X,0.5198316,0.7291756
7/2/5/7/6/4/7/3/7 3 3,Z,2.25,0,BLOCK,Z,1.382846,0.9830005
7/2/1/7/6/6/7/7/6 3 3,X,-2.2666666666666666666666666668,0,BLOCK,X,0.7553699,0.4644844
7/2/5/7/4/6/7/7/6 3 3,X,1.80,0,BLOCK,X,0.6778619,0.5914867
7/2/5/7/6/4/7/7/6 3 3,Z,2,2,BLOCK,Z,1.28246,0.9075419
7/2/1/7/6/6/7/7/5 3 3,X,-2.1333333333333333333333333332,0,BLOCK,X,1.020546,0.5302171
7/2/5/7/4/6/7/7/5 3 3,X,2,0,BLOCK,X,0.5281914,0.6265301
7/2/5/7/6/4/7/7/5 3 3,Z,2,0,BLOCK,Z,0.365161,0.325798
7/2/1/7/6/6/7/7/3 3 3,X,-2.00,0,BLOCK,X,0.6924531,0.6085113
7/2/5/7/4/6/7/7/3 3 3,X,2.20,2,BLOCK,X,1.086404,0.6793391
7/2/5/7/6/4/7/7/3 3 3,Z,2,0,BLOCK,Z,0.5705448,0.4728867
7/2/1/7/6/5/6/7/7 3 3,X,-2.2666666666666666666666666668,0,BLOCK,X,1.317232,0.7559756
7/2/5/7/4/5/6/7/7 3 3,X,1.80,0,BLOCK,X,0.9083837,0.5626836
7/2/5/7/6/1/6/7/7 3 3,Z,-2,2,BLOCK,Z,1.274166,0.9623657
7/2/5/7/6/5/4/7/7 3 3,X,2,0,BLOCK,X,0.7335529,0.7555587
7/2/1/7/6/5/5/7/7 3 3,X,-2.1333333333333333333333333332,0,BLOCK,X,0.8843238,0.7850023
7/2/5/7/4/5/5/7/7 3 3,X,2,0,BLOCK,X,0.6531975,0.6844407
7/2/5/7/6/1/5/7/7 3 3,Z,-2,0,BLOCK,Z,0.6567572,0.6710284
7/2/5/7/6/5/1/7/7 3 3,X,-2,0,BLOCK,X,0.8683764,0.6591733
7/2/1/7/6/5/3/7/7 3 3,X,-2.00,0,BLOCK,X,0.8760297,0.7799412
7/2/5/7/4/5/3/7/7 3 3,X,2.20,0,BLOCK,X,0.4487743,0.5091714
7/2/5/7/6/1/3/7/7 3 3,Z,-2,0,BLOCK,Z,0.780053,0.6482323
7/2/1/7/6/5/7/6/7 3 3,X,-2.1333333333333333333333333332,0,BLOCK,X,1.1995,0.5517733
7/2/5/7/4/5/7/6/7 3 3,X,2,2,BLOCK,X,0.9606799,0.6421597
7/2/5/7/6/1/7/6/7 3 3,Z,-2.25,0,BLOCK,Z,1.460281,0.9749479
7/2/5/7/6/5/7/4/7 3 3,Z,2,0,BLOCK,Z,0.4400898,0.379961
7/2/1/7/6/5/7/5/7 3 3,X,-2.1333333333333333333333333332,0,BLOCK,X,1.538242,0.592989
7/2/5/7/4/5/7/5/7 3 3,X,2,0,BLOCK,X,0.701713,0.6513601
7/2/5/7/6/1/7/5/7 3 3,Z,-2,2,BLOCK,Z,1.221071,0.8637866
7/2/5/7/6/5/7/1/7 3 3,Z,-2,0,BLOCK,Z,0.3246249,0.3219016
7/2/1/7/6/5/7/3/7 3 3,X,-2.1333333333333333333333333332,2,BLOCK,X,1.443942,0.7502527
7/2/5/7/4/5/7/3/7 3 3,X,2,0,BLOCK,X,0.6416022,0.7177524
7/2/5/7/6/1/7/3/7 3 3,Z,-1.75,0,BLOCK,Z,0.1877913,0.5996226
7/2/1/7/6/5/7/7/6 3 3,X,-2.2666666666666666666666666668,0,BLOCK,X,0.694152,0.6282998
7/2/5/7/4/5/7/7/6 3 3,X,1.80,0,BLOCK,X,0.5550934,0.6917737
7/2/5/7/6/1/7/7/6 3 3,Z,-2,0,BLOCK,Z,0.7376271,0.5127498
7/2/1/7/6/5/7/7/5 3 3,X,-2.1333333333333333333333333332,2,BLOCK,X,1.400562,0.6213983
7/2/5/7/4/5/7/7/5 3 3,X,2,0,BLOCK,X,0.6479569,0.7258757
7/2/5/7/6/1/7/7/5 3 3,Z,-2,0,BLOCK,Z,0.7518921,0.5488656
7/2/1/7/6/5/7/7/3 3 3,X,-2.00,0,BLOCK,X,1.146821,0.6404307
7/2/5/7/4/5/7/7/3 3 3,X,2.20,0,BLOCK,X,0.726648,0.7610951
7/2/5/7/6/1/7/7/3 3 3,Z,-2,0,BLOCK,Z,0.8218746,0.6068389
7/2/1/7/6/3/6/7/7 3 3,X,-2.2666666666666666666666666668,2,BLOCK,X,1.358649,0.6337709
7/2/5/7/4/3/6/7/7 3 3,X,1.80,0,BLOCK,X,0.7117972,0.4269748
7/2/5/7/6/3/4/7/7 3 3,X,2,2,BLOCK,X,1.426536,0.8485188
7/2/1/7/6/3/5/7/7 3 3,X,-2.1333333333333333333333333332,0,BLOCK,X,1.410113,0.9477109
7/2/5/7/4/3/5/7/7 3 3,X,2,2,BLOCK,X,0.8916706,0.548211
7/2/5/7/6/3/1/7/7 3 3,X,-2,0,BLOCK,X,0.6715447,0.7118851
7/2/1/7/6/3/3/7/7 3 3,X,-2.00,0,BLOCK,X,1.019331,0.7438782
7/2/5/7/4/3/3/7/7 3 3,X,2.20,0,BLOCK,X,0.7000316,0.4331534
7/2/1/7/6/3/7/6/7 3 3,X,-2.1333333333333333333333333332,0,BLOCK,X,0.7585733,0.5636013
7/2/5/7/4/3/7/6/7 3 3,X,2,2,BLOCK,X,0.9409559,0.7063977
7/2/5/7/6/3/7/4/7 3 3,Z,2,0,BLOCK,Z,0.4786994,0.4236684
7/2/1/7/6/3/7/5/7 3 3,X,-2.1333333333333333333333333332,2,BLOCK,X,1.563859,1.054673
7/2/5/7/4/3/7/5/7 3 3,X,2,0,BLOCK,X,0.5497685,0.7043057
7/2/5/7/6/3/7/1/7 3 3,Z,-2,0,BLOCK,Z,0.4315426,0.3751287
7/2/1/7/6/3/7/3/7 3 3,X,-2.1333333333333333333333333332,0,BLOCK,X,0.7117916,0.6456559
7/2/5/7/4/3/7/3/7 3 3,X,2,2,BLOCK,X,0.9091962,0.7152416
7/2/1/7/6/3/7/7/6 3 3,X,-2.2666666666666666666666666668,0,BLOCK,X,0.7476448,0.6145451
7/2/5/7/4/3/7/7/6 3 3,X,1.80,2,BLOCK,X,0.8927989,0.6878677
7/2/1/7/6/3/7/7/5 3 3,X,-2.1333333333333333333333333332,0,BLOCK,X,0.7266068,0.7281457
7/2/5/7/4/3/7/7/5 3 3,X,2,0,BLOCK,X,0.561156,0.6569395
7/2/1/7/6/3/7/7/3 3 3,X,-2.00,2,BLOCK,X,1.521838,0.9962153
7/2/5/7/4/3/7/7/3 3 3,X,2.20,0,BLOCK,X,0.6268481,0.4468947
7/2/1/7/6/7/2/7/7 3 3,X,-2.1333333333333333333333333332,0,BLOCK,X,0.8428661,0.6347048
7/2/5/7/4/7/2/7/7 3 3,X,2,0,BLOCK,X,0.3965529,0.4607078
7/2/1/7/6/7/6/6/7 3 3,X,-2.2666666666666666666666666668,0,BLOCK,X,0.8381974,0.3313147
7/2/5/7/4/7/6/6/7 3 3,X,1.8,0,BLOCK,X,0.4052849,0.5011427
7/2/5/7/6/7/4/6/7 3 3,X,2,0,BLOCK,X,0.7272261,0.7881784
7/2/5/7/6/7/6/4/7 3 3,Z,2,0,BLOCK,Z,1.022699,0.5376816
7/2/1/7/6/7/6/5/7 3 3,X,-2.2666666666666666666666666668,0,BLOCK,X,1.312356,0.7231181
7/2/5/7/4/7/6/5/7 3 3,X,1.8,0,BLOCK,X,1.002563,0.6255112
7/2/5/7/6/7/4/5/7 3 3,X,2,0,BLOCK,X,0.6720752,0.7585528
7/2/5/7/6/7/6/1/7 3 3,Z,-2,2,BLOCK,Z,1.562535,0.9721227
7/2/1/7/6/7/6/3/7 3 3,X,-2.2666666666666666666666666668,0,BLOCK,X,1.078403,0.5727282
7/2/5/7/4/7/6/3/7 3 3,X,1.8,0,BLOCK,X,0.3898318,0.5817698
7/2/5/7/6/7/4/3/7 3 3,X,2,0,BLOCK,X,0.6428678,0.7816185
7/2/1/7/6/7/6/7/6 3 3,X,-2.4,0,BLOCK,X,1.054752,0.5007191
7/2/5/7/4/7/6/7/6 3 3,X,1.6,0,BLOCK,X,0.4232663,0.6275767
7/2/5/7/6/7/4/7/6 3 3,X,1.6,0,BLOCK,X,0.4476413,0.4725581
7/2/1/7/6/7/6/7/5 3 3,X,-2.2666666666666666666666666668,0,BLOCK,X,0.5200223,0.3667646
7/2/5/7/4/7/6/7/5 3 3,X,1.8,2,BLOCK,X,0.9304329,0.6470233
7/2/5/7/6/7/4/7/5 3 3,X,2,0,BLOCK,X,0.7130246,0.6477457
7/2/1/7/6/7/6/7/3 3 3,X,-2.1333333333333333333333333332,0,BLOCK,X,0.6746796,0.7636351
7/2/5/7/4/7/6/7/3 3 3,X,2,0,BLOCK,X,0.4157247,0.5726393
7/2/5/7/6/7/4/7/3 3 3,X,2.4,0,BLOCK,X,0.6791285,0.864032
7/2/1/7/6/7/5/6/7 3 3,X,-2.1333333333333333333333333332,0,BLOCK,X,0.7520275,0.3513621
7/2/5/7/4/7/5/6/7 3 3,X,2,2,BLOCK,X,1.023498,0.788836
7/2/5/7/6/7/1/6/7 3 3,X,-2,0,BLOCK,X,0.5563079,0.47524
7/2/5/7/6/7/5/4/7 3 3,Z,2,0,BLOCK,Z,0.3852904,0.3235117
7/2/1/7/6/7/5/5/7 3 3,X,-2.1333333333333333333333333332,0,BLOCK,X,0.7202085,0.3712796
7/2/5/7/4/7/5/5/7 3 3,X,2,0,BLOCK,X,0.5739404,0.8404489
7/2/5/7/6/7/1/5/7 3 3,X,-2,0,BLOCK,X,0.604995,0.5480281
7/2/5/7/6/7/5/1/7 3 3,Z,-2,0,BLOCK,Z,0.3303472,0.351722
7/2/1/7/6/7/5/3/7 3 3,X,-2.1333333333333333333333333332,2,BLOCK,X,1.343398,0.8257635
7/2/5/7/4/7/5/3/7 3 3,X,2,0,BLOCK,X,0.6627118,0.5268996
7/2/5/7/6/7/1/3/7 3 3,X,-2,0,BLOCK,X,0.6147782,0.5523766
7/2/1/7/6/7/5/7/6 3 3,X,-2.2666666666666666666666666668,0,BLOCK,X,0.9106178,0.4126605
7/2/5/7/4/7/5/7/6 3 3,X,1.8,0,BLOCK,X,0.6062098,0.6126269
7/2/5/7/6/7/1/7/6 3 3,X,-2.4,0,BLOCK,X,1.257331,0.7185188
7/2/1/7/6/7/5/7/5 3 3,X,-2.1333333333333333333333333332,0,BLOCK,X,0.9033909,0.6299511
7/2/5/7/4/7/5/7/5 3 3,X,2,0,BLOCK,X,0.4478675,0.561604
7/2/5/7/6/7/1/7/5 3 3,X,-2,0,BLOCK,X,0.7262278,0.6902474
7/2/1/7/6/7/5/7/3 3 3,X,-2,2,BLOCK,X,1.43292,0.5868652
7/2/5/7/4/7/5/7/3 3 3,X,2.2,2,BLOCK,X,1.086367,0.6871283
7/2/5/7/6/7/1/7/3 3 3,X,-1.6,0,BLOCK,X,0.4615287,0.2844922
7/2/1/7/6/7/3/6/7 3 3,X,-2,2,BLOCK,X,1.459741,0.676767
7/2/5/7/4/7/3/6/7 3 3,X,2.2,0,BLOCK,X,0.3604355,0.468891
7/2/5/7/6/7/3/4/7 3 3,Z,2,0,BLOCK,Z,0.9980802,0.2531386
7/2/1/7/6/7/3/5/7 3 3,X,-2,0,BLOCK,X,1.161995,0.5005339
7/2/5/7/4/7/3/5/7 3 3,X,2.2,0,BLOCK,X,0.3740749,0.5159417
7/2/5/7/6/7/3/1/7 3 3,Z,-2,2,BLOCK,Z,1.549242,0.9646618
7/2/1/7/6/7/3/3/7 3 3,X,-2,0,BLOCK,X,0.9745048,0.5344784
7/2/5/7/4/7/3/3/7 3 3,X,2.2,0,BLOCK,X,0.7821373,0.5002954
7/2/1/7/6/7/3/7/6 3 3,X,-2.1333333333333333333333333332,2,BLOCK,X,1.305096,0.6731414
7/2/5/7/4/7/3/7/6 3 3,X,2,0,BLOCK,X,0.4685062,0.5362583
7/2/1/7/6/7/3/7/5 3 3,X,-2,0,BLOCK,X,0.5438377,0.4580353
7/2/5/7/4/7/3/7/5 3 3,X,2.2,0,BLOCK,X,0.4775286,0.6620543
7/2/1/7/6/7/3/7/3 3 3,X,-1.8666666666666666666666666668,2,BLOCK,X,1.602662,0.5094857
7/2/5/7/4/7/3/7/3 3 3,X,2.4,2,BLOCK,X,1.272661,0.6760054
7/2/1/7/6/7/7/2/7 3 3,X,-2.1333333333333333333333333332,0,BLOCK,X,0.707489,0.7040422
7/2/5/7/4/7/7/2/7 3 3,X,2,0,BLOCK,X,0.5618793,0.6477125
7/2/1/7/6/7/7/6/6 3 3,X,-2.2666666666666666666666666668,0,BLOCK,X,0.6395712,0.3976226
7/2/5/7/4/7/7/6/6 3 3,X,1.8,0,BLOCK,X,0.5712803,0.6496448
7/2/5/7/6/7/7/4/6 3 3,Z,2,0,BLOCK,Z,0.1395883,0.09624675
7/2/1/7/6/7/7/6/5 3 3,X,-2.1333333333333333333333333332,0,BLOCK,X,0.6539741,0.5281323
7/2/5/7/4/7/7/6/5 3 3,X,2,0,BLOCK,X,0.4911449,0.6372548
7/2/5/7/6/7/7/4/5 3 3,Z,2,0,BLOCK,Z,0.1532652,0.1278267
7/2/1/7/6/7/7/6/3 3 3,X,-2,0,BLOCK,X,0.8667539,0.6743203
7/2/5/7/4/7/7/6/3 3 3,X,2.2,0,BLOCK,X,0.730599,0.6600624
7/2/5/7/6/7/7/4/3 3 3,Z,2,0,BLOCK,Z,0.1057609,0.1295994
7/2/1/7/6/7/7/5/6 3 3,X,-2.2666666666666666666666666668,0,BLOCK,X,0.9036106,0.6971654
7/2/5/7/4/7/7/5/6 3 3,X,1.8,0,BLOCK,X,0.809438,0.7060851
7/2/5/7/6/7/7/1/6 3 3,Z,-2,0,BLOCK,Z,0.07521631,0.1393408
7/2/1/7/6/7/7/5/5 3 3,X,-2.1333333333333333333333333332,0,BLOCK,X,1.267396,0.600363
7/2/5/7/4/7/7/5/5 3 3,X,2,0,BLOCK,X,0.6672148,0.6221848
7/2/5/7/6/7/7/1/5 3 3,Z,-2,0,BLOCK,Z,0.133362,0.1430979
7/2/1/7/6/7/7/5/3 3 3,X,-2,0,BLOCK,X,0.3481283,0.4015442
7/2/5/7/4/7/7/5/3 3 3,X,2.2,0,BLOCK,X,0.5421242,0.8096206
7/2/5/7/6/7/7/1/3 3 3,Z,-2,2,BLOCK,Z,1.635629,1.007844
7/2/1/7/6/7/7/3/6 3 3,X,-2.2666666666666666666666666668,0,BLOCK,X,0.9485883,0.6143288
7/2/5/7/4/7/7/3/6 3 3,X,1.8,0,BLOCK,X,0.5701788,0.6493748
7/2/1/7/6/7/7/3/5 3 3,X,-2.1333333333333333333333333332,0,BLOCK,X,1.396374,0.9830155
7/2/5/7/4/7/7/3/5 3 3,X,2,2,BLOCK,X,1.008838,0.590833
7/2/1/7/6/7/7/3/3 3 3,X,-2,0,BLOCK,X,1.430734,0.8047512
7/2/5/7/4/7/7/3/3 3 3,X,2.2,0,BLOCK,X,0.7305608,0.7347725
7/2/1/7/6/7/7/7/4 3 3,X,-2.2666666666666666666666666668,0,BLOCK,X,0.8298733,0.55597
7/2/5/7/4/7/7/7/4 3 3,X,1.8,0,BLOCK,X,0.637795,0.6433541
7/2/1/7/6/7/7/7/2 3 3,X,-2.1333333333333333333333333332,0,BLOCK,X,1.219997,0.599504
7/2/5/7/4/7/7/7/2 3 3,X,2,0,BLOCK,X,0.7122025,0.6470627
7/2/1/7/6/7/7/7/1 3 3,X,-2,0,BLOCK,X,1.650876,0.8046091
7/2/5/7/4/7/7/7/1 3 3,X,2.2,0,BLOCK,X,0.7356709,0.6923375
7/2/1/7/5/2/7/7/7 3 3,X,-2,2,BLOCK,X,0.7917143,0.5875249
7/2/5/7/1/2/7/7/7 3 3,X,-2,2,BLOCK,X,0.9356421,0.5972167
7/2/1/7/5/6/6/7/7 3 3,X,-2.1333333333333333333333333332,0,BLOCK,X,0.5404451,0.3514409
7/2/5/7/1/6/6/7/7 3 3,X,-2.20,2,BLOCK,X,1.365832,0.7446371
7/2/5/7/5/4/6/7/7 3 3,Z,2,0,BLOCK,Z,0.6689929,0.5585691
7/2/5/7/5/6/4/7/7 3 3,X,2,0,BLOCK,X,0.9687525,0.7523966
7/2/1/7/5/6/5/7/7 3 3,X,-2,0,BLOCK,X,0.5727558,0.4257317
7/2/5/7/1/6/5/7/7 3 3,X,-2,0,BLOCK,X,0.6619354,0.7246519
7/2/5/7/5/4/5/7/7 3 3,Z,2,2,BLOCK,Z,1.265183,0.9756853
7/2/5/7/5/6/1/7/7 3 3,X,-2,0,BLOCK,X,0.3888017,0.6041178
6/2/5/7/5/6/3/7/7 3 3,X,0.5555555555555555555555555555,302,TIMEOUT,Z,0.1418902,0.09942681
7/2/1/7/5/6/3/7/7 3 3,X,-1.8666666666666666666666666668,0,BLOCK,X,0.6267315,0.2646991
7/2/5/7/1/6/3/7/7 3 3,X,-1.80,0,BLOCK,X,0.3729526,0.5214976
7/2/5/7/5/4/3/7/7 3 3,Z,2,0,BLOCK,Z,0.5797409,0.3116842
7/2/1/7/5/6/7/6/7 3 3,X,-2,2,BLOCK,X,0.7952014,0.5911206
7/2/5/7/1/6/7/6/7 3 3,X,-2,0,BLOCK,X,0.8001238,0.5617805
7/2/5/7/5/4/7/6/7 3 3,Z,1.75,0,BLOCK,Z,0.2892514,0.5533437
7/2/5/7/5/6/7/4/7 3 3,Z,2,0,BLOCK,Z,0.3811834,0.3542469
7/2/1/7/5/6/7/5/7 3 3,X,-2,2,BLOCK,X,0.8149406,0.554258
7/2/5/7/1/6/7/5/7 3 3,X,-2,0,BLOCK,X,0.7753555,0.4840877
7/2/5/7/5/4/7/5/7 3 3,Z,2,0,BLOCK,Z,0.4738648,0.43457
7/2/5/7/5/6/7/1/7 3 3,Z,-2,0,BLOCK,Z,0.612272,0.5562579
7/2/1/7/5/6/7/3/7 3 3,X,-2,2,BLOCK,X,0.8606043,0.448714
7/2/5/7/1/6/7/3/7 3 3,X,-2,0,BLOCK,X,0.5595327,0.5538881
7/2/5/7/5/4/7/3/7 3 3,Z,2.25,0,BLOCK,Z,0.0641585,0.3396303
7/2/1/7/5/6/7/7/6 3 3,X,-2.1333333333333333333333333332,0,BLOCK,X,0.5932092,0.5855294
7/2/5/7/1/6/7/7/6 3 3,X,-2.20,2,BLOCK,X,1.090049,0.6887429
7/2/5/7/5/4/7/7/6 3 3,Z,2,0,BLOCK,Z,0.6188153,0.5262048
7/2/1/7/5/6/7/7/5 3 3,X,-2,0,BLOCK,X,0.899457,0.4854435
7/2/5/7/1/6/7/7/5 3 3,X,-2,0,BLOCK,X,0.8366179,0.6695985
7/2/5/7/5/4/7/7/5 3 3,Z,2,0,BLOCK,Z,0.5968514,0.4012507
3/2/5/7/5/6/7/7/3 3 3,Z,0.5,302,TIMEOUT,Z,0.1719007,0.08182283
7/2/1/7/5/6/7/7/3 3 3,X,-1.8666666666666666666666666668,0,BLOCK,X,0.7501126,0.394026
7/2/5/7/1/6/7/7/3 3 3,X,-1.80,2,BLOCK,X,0.8635642,0.6825514
7/2/5/7/5/4/7/7/3 3 3,Z,2,0,BLOCK,Z,0.4180589,0.3292689
7/2/1/7/5/5/6/7/7 3 3,X,-2.1333333333333333333333333332,0,BLOCK,X,0.9180218,0.3561973
7/2/5/7/1/5/6/7/7 3 3,X,-2.20,0,BLOCK,X,0.5742416,0.4035478
7/2/5/7/5/1/6/7/7 3 3,Z,-2,2,BLOCK,Z,1.274668,0.8409083
7/2/5/7/5/5/4/7/7 3 3,X,2,0,BLOCK,X,0.6270684,0.7140483
7/2/1/7/5/5/5/7/7 3 3,X,-2,0,BLOCK,X,0.6229563,0.4034948
7/2/5/7/1/5/5/7/7 3 3,X,-2,0,BLOCK,X,0.6189371,0.6948179
7/2/5/7/5/1/5/7/7 3 3,Z,-2,0,BLOCK,Z,0.5936936,0.6764362
7/2/5/7/5/5/1/7/7 3 3,X,-2,0,BLOCK,X,1.272925,0.9770486
7/2/1/7/5/5/3/7/7 3 3,X,-1.8666666666666666666666666668,0,BLOCK,X,0.5672583,0.4790135
7/2/5/7/1/5/3/7/7 3 3,X,-1.80,0,BLOCK,X,0.623766,0.6235156
7/2/5/7/5/1/3/7/7 3 3,Z,-2,0,BLOCK,Z,0.748451,0.7343754
7/2/1/7/5/5/7/6/7 3 3,X,-2,0,BLOCK,X,0.5742738,0.4684011
7/2/5/7/1/5/7/6/7 3 3,X,-2,0,BLOCK,X,0.7844383,0.5971918
7/2/5/7/5/1/7/6/7 3 3,Z,-2.25,0,BLOCK,Z,0.204394,0.2110624
7/2/5/7/5/5/7/4/7 3 3,Z,2,0,BLOCK,Z,0.4149206,0.4773403
7/2/1/7/5/5/7/5/7 3 3,X,-2,0,BLOCK,X,0.6349621,0.4121655
7/2/5/7/1/5/7/5/7 3 3,X,-2,2,BLOCK,X,0.9427068,0.6332083
7/2/5/7/5/1/7/5/7 3 3,Z,-2,0,BLOCK,Z,0.4819148,0.4700564
7/2/5/7/5/5/7/1/7 3 3,Z,-2,0,BLOCK,Z,0.06186658,0.1559513
7/2/1/7/5/5/7/3/7 3 3,X,-2,2,BLOCK,X,0.8230759,0.5669738
7/2/5/7/1/5/7/3/7 3 3,X,-2,0,BLOCK,X,0.6301504,0.7976012
7/2/5/7/5/1/7/3/7 3 3,Z,-1.75,0,BLOCK,Z,0.6962808,0.6914688
7/2/1/7/5/5/7/7/6 3 3,X,-2.1333333333333333333333333332,0,BLOCK,X,0.7618724,0.4946344
7/2/5/7/1/5/7/7/6 3 3,X,-2.20,0,BLOCK,X,0.6163079,0.6248574
7/2/5/7/5/1/7/7/6 3 3,Z,-2,2,BLOCK,Z,1.289539,0.8526284
7/2/1/7/5/5/7/7/5 3 3,X,-2,0,BLOCK,X,0.5519739,0.3870948
7/2/5/7/1/5/7/7/5 3 3,X,-2,0,BLOCK,X,0.5734799,0.487018
7/2/5/7/5/1/7/7/5 3 3,Z,-2,0,BLOCK,Z,0.678917,0.54994
7/2/1/7/5/5/7/7/3 3 3,X,-1.8666666666666666666666666668,0,BLOCK,X,0.5693804,0.3462835
7/2/5/7/1/5/7/7/3 3 3,X,-1.80,2,BLOCK,X,0.909019,0.608425
7/2/5/7/5/1/7/7/3 3 3,Z,-2,0,BLOCK,Z,0.409713,0.482697
7/2/1/7/5/3/6/7/7 3 3,X,-2.1333333333333333333333333332,0,BLOCK,X,0.5379503,0.4174016
7/2/5/7/1/3/6/7/7 3 3,X,-2.20,0,BLOCK,X,0.4194006,0.2812378
7/2/5/7/5/3/4/7/7 3 3,X,2,0,BLOCK,X,0.8924091,0.5841492
7/2/1/7/5/3/5/7/7 3 3,X,-2,0,BLOCK,X,0.3975502,0.3398887
7/2/5/7/1/3/5/7/7 3 3,X,-2,0,BLOCK,X,0.688337,0.5555817
7/2/5/7/5/3/1/7/7 3 3,X,-2,0,BLOCK,X,0.3784867,0.4891989
7/2/1/7/5/3/3/7/7 3 3,X,-1.8666666666666666666666666668,0,BLOCK,X,0.7431061,0.5585819
7/2/5/7/1/3/3/7/7 3 3,X,-1.80,0,BLOCK,X,0.6506279,0.6640785
7/2/1/7/5/3/7/6/7 3 3,X,-2,0,BLOCK,X,0.4702117,0.3868407
7/2/5/7/1/3/7/6/7 3 3,X,-2,0,BLOCK,X,0.7614774,0.5924851
7/2/5/7/5/3/7/4/7 3 3,Z,2,0,BLOCK,Z,0.4817744,0.4616416
7/2/1/7/5/3/7/5/7 3 3,X,-2,0,BLOCK,X,0.5618334,0.3192536
7/2/5/7/1/3/7/5/7 3 3,X,-2,0,BLOCK,X,0.5710115,0.6460481
7/2/5/7/5/3/7/1/7 3 3,Z,-2,0,BLOCK,Z,0.5489668,0.5135083
7/2/1/7/5/3/7/3/7 3 3,X,-2,0,BLOCK,X,0.7339289,0.3578193
7/2/5/7/1/3/7/3/7 3 3,X,-2,2,BLOCK,X,0.9281627,0.6009778
7/2/1/7/5/3/7/7/6 3 3,X,-2.1333333333333333333333333332,0,BLOCK,X,0.6945583,0.3753172
7/2/5/7/1/3/7/7/6 3 3,X,-2.20,0,BLOCK,X,0.8626384,0.5363814
7/2/1/7/5/3/7/7/5 3 3,X,-2,0,BLOCK,X,0.6681458,0.5950025
7/2/5/7/1/3/7/7/5 3 3,X,-2,0,BLOCK,X,0.9567041,0.5902397
7/2/1/7/5/3/7/7/3 3 3,X,-1.8666666666666666666666666668,2,BLOCK,X,0.8291994,0.5433279
7/2/5/7/1/3/7/7/3 3 3,X,-1.80,0,BLOCK,X,0.5371288,0.7297849
7/2/1/7/5/7/2/7/7 3 3,X,-2,2,BLOCK,X,0.8970013,0.5735646
7/2/5/7/1/7/2/7/7 3 3,X,-2,0,BLOCK,X,0.322775,0.2932181
7/2/1/7/5/7/6/6/7 3 3,X,-2.1333333333333333333333333332,2,BLOCK,X,0.8207767,0.6447362
7/2/5/7/1/7/6/6/7 3 3,X,-2.2,0,BLOCK,X,0.5878477,0.5512921
7/2/5/7/5/7/4/6/7 3 3,X,2,0,BLOCK,X,0.3782494,0.6328128
7/2/5/7/5/7/6/4/7 3 3,Z,2,0,BLOCK,Z,0.3973907,0.3343317
7/2/1/7/5/7/6/5/7 3 3,X,-2.1333333333333333333333333332,0,BLOCK,X,0.6394767,0.6122466
7/2/5/7/1/7/6/5/7 3 3,X,-2.2,2,BLOCK,X,1.36431,0.7310688
7/2/5/7/5/7/4/5/7 3 3,X,2,0,BLOCK,X,0.3801539,0.6545552
7/2/5/7/5/7/6/1/7 3 3,Z,-2,0,BLOCK,Z,0.2749491,0.07466356
7/2/1/7/5/7/6/3/7 3 3,X,-2.1333333333333333333333333332,2,BLOCK,X,0.8683538,0.6566454
7/2/5/7/1/7/6/3/7 3 3,X,-2.2,0,BLOCK,X,0.6378339,0.561727
7/2/5/7/5/7/4/3/7 3 3,X,2,0,BLOCK,X,0.3470874,0.6975172
7/2/1/7/5/7/6/7/6 3 3,X,-2.2666666666666666666666666668,0,BLOCK,X,0.7263596,0.7281903
7/2/5/7/1/7/6/7/6 3 3,X,-2.4,2,BLOCK,X,1.295272,0.684995
7/2/5/7/5/7/4/7/6 3 3,X,1.6,0,BLOCK,X,0.6223492,0.5706061
7/2/1/7/5/7/6/7/5 3 3,X,-2.1333333333333333333333333332,2,BLOCK,X,0.7819527,0.5388469
7/2/5/7/1/7/6/7/5 3 3,X,-2.2,0,BLOCK,X,0.4201226,0.4619334
7/2/5/7/5/7/4/7/5 3 3,X,2,0,BLOCK,X,0.4270313,0.6393809
7/2/1/7/5/7/6/7/3 3 3,X,-2,0,BLOCK,X,0.7392818,0.8065312
7/2/5/7/1/7/6/7/3 3 3,X,-2,0,BLOCK,X,0.6990364,0.6904588
7/2/5/7/5/7/4/7/3 3 3,X,2.4,0,BLOCK,X,0.3880635,0.6873461
7/2/1/7/5/7/5/6/7 3 3,X,-2,2,BLOCK,X,0.8310626,0.6086518
7/2/5/7/1/7/5/6/7 3 3,X,-2,0,BLOCK,X,0.682514,0.71952
7/2/5/7/5/7/1/6/7 3 3,X,-2,0,BLOCK,X,0.375482,0.5615757
7/2/5/7/5/7/5/4/7 3 3,Z,2,0,BLOCK,Z,0.4156431,0.4936624
7/2/1/7/5/7/5/5/7 3 3,X,-2,2,BLOCK,X,0.8896308,0.4698916
7/2/5/7/1/7/5/5/7 3 3,X,-2,0,BLOCK,X,0.6316656,0.6338894
7/2/5/7/5/7/1/5/7 3 3,X,-2,0,BLOCK,X,0.4973045,0.6636057
7/2/5/7/5/7/5/1/7 3 3,Z,-2,0,BLOCK,Z,0.05008273,0.05036882
7/2/1/7/5/7/5/3/7 3 3,X,-2,2,BLOCK,X,0.8678256,0.4167706
7/2/5/7/1/7/5/3/7 3 3,X,-2,2,BLOCK,X,0.9524257,0.6103615
7/2/5/7/5/7/1/3/7 3 3,X,-2,0,BLOCK,X,0.4044586,0.4425518
7/2/1/7/5/7/5/7/6 3 3,X,-2.1333333333333333333333333332,0,BLOCK,X,0.7157778,0.6418254
7/2/5/7/1/7/5/7/6 3 3,X,-2.2,0,BLOCK,X,0.6757008,0.6559846
7/2/5/7/5/7/1/7/6 3 3,X,-2.4,0,BLOCK,X,0.5455453,0.7486631
7/2/1/7/5/7/5/7/5 3 3,X,-2,2,BLOCK,X,0.8041645,0.629581
7/2/5/7/1/7/5/7/5 3 3,X,-2,2,BLOCK,X,0.9450624,0.7376862
7/2/5/7/5/7/1/7/5 3 3,X,-2,0,BLOCK,X,0.3151604,0.4800134
7/2/1/7/5/7/5/7/3 3 3,X,-1.8666666666666666666666666668,2,BLOCK,X,0.7936673,0.3642887
7/2/5/7/1/7/5/7/3 3 3,X,-1.8,2,BLOCK,X,0.847259,0.6830914
7/2/5/7/5/7/1/7/3 3 3,X,-1.6,2,BLOCK,X,1.268442,0.7823056
7/2/1/7/5/7/3/6/7 3 3,X,-1.8666666666666666666666666668,0,BLOCK,X,0.5124648,0.3308536
7/2/5/7/1/7/3/6/7 3 3,X,-1.8,0,BLOCK,X,0.5695056,0.6585944
7/2/5/7/5/7/3/4/7 3 3,Z,2,0,BLOCK,Z,0.3002431,0.307926
7/2/1/7/5/7/3/5/7 3 3,X,-1.8666666666666666666666666668,0,BLOCK,X,0.5866121,0.38737
7/2/5/7/1/7/3/5/7 3 3,X,-1.8,0,BLOCK,X,0.5958388,0.6498193
7/2/5/7/5/7/3/1/7 3 3,Z,-2,0,BLOCK,Z,0.1109396,0.1478582
7/2/1/7/5/7/3/3/7 3 3,X,-1.8666666666666666666666666668,0,BLOCK,X,0.5771358,0.4139667
7/2/5/7/1/7/3/3/7 3 3,X,-1.8,0,BLOCK,X,0.5384564,0.5821034
7/2/1/7/5/7/3/7/6 3 3,X,-2,2,BLOCK,X,0.8339272,0.6028396
7/2/5/7/1/7/3/7/6 3 3,X,-2,0,BLOCK,X,0.6280078,0.632412
3/2/5/7/5/7/3/7/5 3 3,X,-0.5,302,TIMEOUT,Z,0.05985321,0.02322839
7/2/1/7/5/7/3/7/5 3 3,X,-1.8666666666666666666666666668,0,BLOCK,X,0.7482467,0.3950092
7/2/5/7/1/7/3/7/5 3 3,X,-1.8,0,BLOCK,X,0.5797896,0.6327672
7/2/1/7/5/7/3/7/3 3 3,X,-1.7333333333333333333333333332,2,BLOCK,X,0.8561593,0.5516549
7/2/5/7/1/7/3/7/3 3 3,X,-1.6,0,BLOCK,X,0.6146763,0.5438752
7/2/1/7/5/7/7/2/7 3 3,X,-2,0,BLOCK,X,0.5912455,0.6351761
7/2/5/7/1/7/7/2/7 3 3,X,-2,0,BLOCK,X,0.6052321,0.6632972
7/2/1/7/5/7/7/6/6 3 3,X,-2.1333333333333333333333333332,0,BLOCK,X,0.7487048,0.6001375
7/2/5/7/1/7/7/6/6 3 3,X,-2.2,2,BLOCK,X,1.134696,0.7102409
7/2/5/7/5/7/7/4/6 3 3,Z,2,0,BLOCK,Z,0.1595579,0.1220554
7/2/1/7/5/7/7/6/5 3 3,X,-2,0,BLOCK,X,0.5211242,0.7141153
7/2/5/7/1/7/7/6/5 3 3,X,-2,0,BLOCK,X,0.5019869,0.7203087
7/2/5/7/5/7/7/4/5 3 3,Z,2,0,BLOCK,Z,0.1780131,0.05314489
7/2/1/7/5/7/7/5/6 3 3,X,-2.1333333333333333333333333332,0,BLOCK,X,0.7808586,0.5995503
7/2/5/7/1/7/7/5/6 3 3,X,-2.2,0,BLOCK,X,0.8135708,0.6209131
7/2/5/7/5/7/7/1/6 3 3,Z,-2,0,BLOCK,Z,0.03303213,0.08437642
7/2/1/7/5/7/7/5/5 3 3,X,-2,2,BLOCK,X,0.8415784,0.6144108
7/2/5/7/1/7/7/5/5 3 3,X,-2,0,BLOCK,X,0.4995963,0.5668437
7/2/5/7/5/7/7/1/5 3 3,Z,-2,0,BLOCK,Z,0.1111276,0.09594181
7/2/1/7/5/7/7/5/3 3 3,X,-1.8666666666666666666666666668,0,BLOCK,X,0.6537273,0.477404
7/2/5/7/1/7/7/5/3 3 3,X,-1.8,2,BLOCK,X,0.9471677,0.6199798
7/2/5/7/5/7/7/4/3 3 3,Z,2,0,BLOCK,Z,0.0936325,0.1137639
7/2/5/7/5/7/7/1/3 3 3,Z,-2,0,BLOCK,Z,0.1122162,0.06152234
7/2/1/7/5/7/7/3/6 3 3,X,-2.1333333333333333333333333332,2,BLOCK,X,0.6816093,0.6356564
7/2/5/7/1/7/7/3/6 3 3,X,-2.2,0,BLOCK,X,0.6732293,0.747202
7/2/1/7/5/7/7/3/5 3 3,X,-2,0,BLOCK,X,0.5233144,0.5202182
7/2/5/7/1/7/7/3/5 3 3,X,-2,2,BLOCK,X,1.025165,0.5733646
7/2/1/7/5/7/7/3/3 3 3,X,-1.8666666666666666666666666668,0,BLOCK,X,0.6401407,0.4204641
7/2/5/7/1/7/7/3/3 3 3,X,-1.8,0,BLOCK,X,0.5984746,0.6174262
7/2/1/7/5/7/7/7/4 3 3,X,-2.1333333333333333333333333332,0,BLOCK,X,0.6778351,0.4974137
7/2/5/7/1/7/7/7/4 3 3,X,-2.2,0,BLOCK,X,0.9008869,0.736259
7/2/5/7/5/7/7/6/4 3 3,Z,0.5,302,TIMEOUT,Z,0.02549986,0.0147432
7/2/1/7/5/7/7/7/2 3 3,X,-2,0,BLOCK,X,0.7191505,0.5972124
7/2/5/7/1/7/7/7/2 3 3,X,-2,0,BLOCK,X,0.686701,0.7575778
7/2/1/7/5/7/7/7/1 3 3,X,-1.8666666666666666666666666668,0,BLOCK,X,0.7319079,0.416254
7/2/5/7/1/7/7/7/1 3 3,X,-1.8,0,BLOCK,X,0.6795899,0.637329
7/2/1/7/5/7/7/6/3 3 3,X,-1.8666666666666666666666666668,0,BLOCK,X,0.4970157,0.430346
7/2/5/7/1/7/7/6/3 3 3,X,-1.8,0,BLOCK,X,0.6262209,0.6843361
7/2/1/7/3/2/7/7/7 3 3,X,-1.8666666666666666666666666668,0,BLOCK,X,0.5652924,0.2640441
7/2/1/7/3/6/6/7/7 3 3,X,-2.00,2,BLOCK,X,0.9085876,0.4566559
7/2/5/7/3/4/6/7/7 3 3,Z,2,0,BLOCK,Z,1.155108,0.9171014
7/2/5/7/3/6/4/7/7 3 3,X,2,0,BLOCK,X,0.7242089,0.5340819
7/2/1/7/3/6/5/7/7 3 3,X,-1.8666666666666666666666666668,2,BLOCK,X,0.8522226,0.5406643
7/2/5/7/3/4/5/7/7 3 3,Z,2,0,BLOCK,Z,0.4699496,0.5517368
7/2/5/7/3/6/1/7/7 3 3,X,-2,0,BLOCK,X,0.7826778,0.6374439
7/2/1/7/3/6/3/7/7 3 3,X,-1.7333333333333333333333333332,0,BLOCK,X,0.2832766,0.3881819
7/2/5/7/3/4/3/7/7 3 3,Z,2,0,BLOCK,Z,0.6390434,0.5140823
7/2/1/7/3/6/7/6/7 3 3,X,-1.8666666666666666666666666668,0,BLOCK,X,0.653271,0.2872637
7/2/5/7/3/4/7/6/7 3 3,Z,1.75,0,BLOCK,Z,1.191391,0.8646752
7/2/5/7/3/6/7/4/7 3 3,Z,2,0,BLOCK,Z,0.3927281,0.3161904
7/2/1/7/3/6/7/5/7 3 3,X,-1.8666666666666666666666666668,2,BLOCK,X,0.8050368,0.5473745
7/2/5/7/3/4/7/5/7 3 3,Z,2,0,BLOCK,Z,0.4640449,0.3093253
7/2/5/7/3/6/7/1/7 3 3,Z,-2,2,BLOCK,Z,1.534727,0.9148309
7/2/1/7/3/6/7/3/7 3 3,X,-1.8666666666666666666666666668,0,BLOCK,X,0.2029551,0.3281685
7/2/5/7/3/4/7/3/7 3 3,Z,2.25,0,BLOCK,Z,0.1801605,0.2833484
6/2/5/7/3/6/7/7/6 3 3,X,-0.60,302,TIMEOUT,Z,0.1936805,0.1088209
7/2/1/7/3/6/7/7/6 3 3,X,-2.00,0,BLOCK,X,0.4964032,0.4514717
7/2/5/7/3/4/7/7/6 3 3,Z,2,0,BLOCK,Z,1.153392,0.8461151
7/2/1/7/3/6/7/7/5 3 3,X,-1.8666666666666666666666666668,0,BLOCK,X,0.4997736,0.3051039
7/2/5/7/3/4/7/7/5 3 3,Z,2,0,BLOCK,Z,0.336271,0.3972772
7/2/1/7/3/6/7/7/3 3 3,X,-1.7333333333333333333333333332,0,BLOCK,X,0.5697604,0.4532949
7/2/5/7/3/4/7/7/3 3 3,Z,2,0,BLOCK,Z,0.300235,0.4352465
7/2/1/7/3/5/6/7/7 3 3,X,-2.00,2,BLOCK,X,0.8357978,0.5236311
7/2/5/7/3/1/6/7/7 3 3,Z,-2,0,BLOCK,Z,0.3261462,0.3551393
7/2/5/7/3/5/4/7/7 3 3,X,2,0,BLOCK,X,1.249809,0.7994544
7/2/1/7/3/5/5/7/7 3 3,X,-1.8666666666666666666666666668,2,BLOCK,X,0.7861475,0.411691
7/2/5/7/3/1/5/7/7 3 3,Z,-2,0,BLOCK,Z,0.3310627,0.3875858
7/2/5/7/3/5/1/7/7 3 3,X,-2,0,BLOCK,X,0.6242388,0.7143983
7/2/1/7/3/5/3/7/7 3 3,X,-1.7333333333333333333333333332,2,BLOCK,X,0.7067245,0.5275856
7/2/5/7/3/1/3/7/7 3 3,Z,-2,0,BLOCK,Z,0.65065,0.4575135
7/2/1/7/3/5/7/6/7 3 3,X,-1.8666666666666666666666666668,0,BLOCK,X,0.3873959,0.2268995
7/2/5/7/3/1/7/6/7 3 3,Z,-2.25,0,BLOCK,Z,1.482045,0.996457
7/2/5/7/3/5/7/4/7 3 3,Z,2,0,BLOCK,Z,0.3058347,0.3158454
3/2/5/7/3/5/7/5/7 3 3,X,-0.5,302,TIMEOUT,Z,0.06934297,0.03218427
7/2/1/7/3/5/7/5/7 3 3,X,-1.8666666666666666666666666668,0,BLOCK,X,0.3387092,0.3026428
7/2/5/7/3/1/7/5/7 3 3,Z,-2,0,BLOCK,Z,0.4080764,0.3565452
7/2/5/7/3/5/7/1/7 3 3,Z,-2,0,BLOCK,Z,1.116484,0.4632711
7/2/1/7/3/5/7/3/7 3 3,X,-1.8666666666666666666666666668,0,BLOCK,X,0.7974105,0.2813013
7/2/5/7/3/1/7/3/7 3 3,Z,-1.75,2,BLOCK,Z,1.192899,0.9232763
7/2/1/7/3/5/7/7/6 3 3,X,-2.00,0,BLOCK,X,0.4675589,0.3916019
7/2/5/7/3/1/7/7/6 3 3,Z,-2,2,BLOCK,Z,1.281632,0.8965755
7/2/1/7/3/5/7/7/5 3 3,X,-1.8666666666666666666666666668,0,BLOCK,X,0.5270971,0.3323779
7/2/5/7/3/1/7/7/5 3 3,Z,-2,0,BLOCK,Z,0.3297675,0.3753864
6/2/5/7/3/5/7/7/3 3 3,X,0.6111111111111111111111111112,302,TIMEOUT,Z,0.1229784,0.08957282
7/2/1/7/3/5/7/7/3 3 3,X,-1.7333333333333333333333333332,2,BLOCK,X,0.8580905,0.4432342
7/2/5/7/3/1/7/7/3 3 3,Z,-2,2,BLOCK,Z,1.341747,0.9192768
7/2/1/7/3/3/6/7/7 3 3,X,-2.00,2,BLOCK,X,0.9306595,0.631349
7/2/5/7/3/3/4/7/7 3 3,X,2,0,BLOCK,X,0.7880331,0.6237578
7/2/1/7/3/3/5/7/7 3 3,X,-1.8666666666666666666666666668,2,BLOCK,X,0.7869802,0.5522343
7/2/5/7/3/3/1/7/7 3 3,X,-2,2,BLOCK,X,1.422049,0.9257687
7/2/1/7/3/3/3/7/7 3 3,X,-1.7333333333333333333333333332,0,BLOCK,X,0.5840983,0.3376395
7/2/1/7/3/3/7/6/7 3 3,X,-1.8666666666666666666666666668,0,BLOCK,X,0.5890796,0.3739196
7/2/5/7/3/3/7/4/7 3 3,Z,2,0,BLOCK,Z,0.5027822,0.5150042
7/2/1/7/3/3/7/5/7 3 3,X,-1.8666666666666666666666666668,2,BLOCK,X,0.8328378,0.5515504
7/2/5/7/3/3/7/1/7 3 3,Z,-2,0,BLOCK,Z,0.4005906,0.4560537
7/2/1/7/3/3/7/3/7 3 3,X,-1.8666666666666666666666666668,2,BLOCK,X,0.8330153,0.482102
7/2/1/7/3/3/7/7/6 3 3,X,-2.00,2,BLOCK,X,0.8766558,0.4970559
7/2/1/7/3/3/7/7/5 3 3,X,-1.8666666666666666666666666668,0,BLOCK,X,0.3553243,0.3663853
7/2/1/7/3/3/7/7/3 3 3,X,-1.7333333333333333333333333332,0,BLOCK,X,0.4894944,0.3286988
7/2/1/7/3/7/2/7/7 3 3,X,-1.8666666666666666666666666668,2,BLOCK,X,0.860678,0.4449045
7/2/1/7/3/7/6/6/7 3 3,X,-2,0,BLOCK,X,0.753719,0.4268098
7/2/5/7/3/7/4/6/7 3 3,X,2,2,BLOCK,X,1.251712,0.724002
7/2/5/7/3/7/6/4/7 3 3,Z,2,0,BLOCK,Z,0.5464636,0.4235649
7/2/1/7/3/7/6/5/7 3 3,X,-2,0,BLOCK,X,0.4905521,0.4118055
7/2/5/7/3/7/4/5/7 3 3,X,2,0,BLOCK,X,0.6911362,0.6462068
7/2/5/7/3/7/6/1/7 3 3,Z,-2,0,BLOCK,Z,0.2308551,0.2132309
7/2/1/7/3/7/6/3/7 3 3,X,-2,0,BLOCK,X,0.5107167,0.2904429
7/2/5/7/3/7/4/3/7 3 3,X,2,0,BLOCK,X,0.7108464,0.502754
7/2/1/7/3/7/6/7/6 3 3,X,-2.1333333333333333333333333332,0,BLOCK,X,0.6946841,0.6773381
7/2/5/7/3/7/4/7/6 3 3,X,1.6,0,BLOCK,X,0.4307767,0.3155895
7/2/1/7/3/7/6/7/5 3 3,X,-2,0,BLOCK,X,0.581782,0.4589279
7/2/5/7/3/7/4/7/5 3 3,X,2,0,BLOCK,X,0.6394414,0.4987915
7/2/1/7/3/7/6/7/3 3 3,X,-1.8666666666666666666666666668,2,BLOCK,X,0.9904904,0.6455514
7/2/5/7/3/7/4/7/3 3 3,X,2.4,0,BLOCK,X,0.7966283,0.838708
7/2/1/7/3/7/5/6/7 3 3,X,-1.8666666666666666666666666668,0,BLOCK,X,0.3753534,0.3090683
7/2/5/7/3/7/1/6/7 3 3,X,-2,0,BLOCK,X,0.4873017,0.6013046
7/2/5/7/3/7/5/4/7 3 3,Z,2,0,BLOCK,Z,0.2371092,0.2848727
7/2/1/7/3/7/5/5/7 3 3,X,-1.8666666666666666666666666668,2,BLOCK,X,0.8312988,0.4520154
7/2/5/7/3/7/1/5/7 3 3,X,-2,2,BLOCK,X,1.370585,0.8261073
7/2/5/7/3/7/5/1/7 3 3,Z,-2,0,BLOCK,Z,0.4444448,0.4638799
7/2/1/7/3/7/5/3/7 3 3,X,-1.8666666666666666666666666668,2,BLOCK,X,0.7298182,0.4565864
7/2/5/7/3/7/1/3/7 3 3,X,-2,0,BLOCK,X,0.7185999,0.7448692
7/2/1/7/3/7/5/7/6 3 3,X,-2,2,BLOCK,X,0.7917475,0.566295
7/2/5/7/3/7/1/7/6 3 3,X,-2.4,0,BLOCK,X,0.6546931,0.821315
7/2/1/7/3/7/5/7/5 3 3,X,-1.8666666666666666666666666668,0,BLOCK,X,0.3641538,0.258693
7/2/5/7/3/7/1/7/5 3 3,X,-2,0,BLOCK,X,0.5449552,0.6823071
7/2/1/7/3/7/5/7/3 3 3,X,-1.7333333333333333333333333332,0,BLOCK,X,0.3966077,0.1964528
7/2/5/7/3/7/1/7/3 3 3,X,-1.6,0,BLOCK,X,0.4117742,0.5352159
7/2/1/7/3/7/3/6/7 3 3,X,-1.7333333333333333333333333332,0,BLOCK,X,0.4432947,0.3547989
7/2/5/7/3/7/3/4/7 3 3,Z,2,0,BLOCK,Z,0.8233392,0.3927155
7/2/1/7/3/7/3/5/7 3 3,X,-1.7333333333333333333333333332,0,BLOCK,X,0.4524658,0.2810148
7/2/5/7/3/7/3/1/7 3 3,Z,-2,0,BLOCK,Z,0.354839,0.3525003
7/2/1/7/3/7/3/3/7 3 3,X,-1.7333333333333333333333333332,0,BLOCK,X,0.3416492,0.3139757
7/2/1/7/3/7/3/7/6 3 3,X,-1.8666666666666666666666666668,0,BLOCK,X,0.5329354,0.4079249
7/2/1/7/3/7/3/7/5 3 3,X,-1.7333333333333333333333333332,0,BLOCK,X,0.4706793,0.3522173
7/2/1/7/3/7/3/7/3 3 3,X,-1.6,0,BLOCK,X,0.4764597,0.1644934
7/2/1/7/3/7/7/2/7 3 3,X,-1.8666666666666666666666666668,0,BLOCK,X,0.3956242,0.2265838
7/2/1/7/3/7/7/6/6 3 3,X,-2,2,BLOCK,X,0.8942015,0.5321513
7/2/5/7/3/7/7/4/6 3 3,Z,2,0,BLOCK,Z,0.3023206,0.3305298
7/2/1/7/3/7/7/6/5 3 3,X,-1.8666666666666666666666666668,0,BLOCK,X,0.3987952,0.4088539
7/2/5/7/3/7/7/4/5 3 3,Z,2,2,BLOCK,Z,1.659693,1.017091
7/2/1/7/3/7/7/6/3 3 3,X,-1.7333333333333333333333333332,2,BLOCK,X,0.8398474,0.3698674
7/2/5/7/3/7/7/4/3 3 3,Z,2,2,BLOCK,Z,1.643674,1.044039
7/2/1/7/3/7/7/5/6 3 3,X,-2,0,BLOCK,X,0.5632161,0.5880128
7/2/5/7/3/7/7/1/6 3 3,Z,-2,0,BLOCK,Z,0.1104808,0.1569645
7/2/1/7/3/7/7/5/5 3 3,X,-1.8666666666666666666666666668,0,BLOCK,X,0.4375752,0.4476279
7/2/5/7/3/7/7/1/5 3 3,Z,-2,0,BLOCK,Z,0.1406366,0.2230686
7/2/1/7/3/7/7/5/3 3 3,X,-1.7333333333333333333333333332,0,BLOCK,X,0.342513,0.4225957
7/2/5/7/3/7/7/1/3 3 3,Z,-2,0,BLOCK,Z,0.07410638,0.07590105
7/2/1/7/3/7/7/3/6 3 3,X,-2,0,BLOCK,X,0.4821286,0.4816873
7/2/1/7/3/7/7/3/5 3 3,X,-1.8666666666666666666666666668,0,BLOCK,X,0.423209,0.4231274
7/2/1/7/3/7/7/3/3 3 3,X,-1.7333333333333333333333333332,0,BLOCK,X,0.4276668,0.3201867
7/2/1/7/3/7/7/7/4 3 3,X,-2,2,BLOCK,X,0.831682,0.7032146
7/2/1/7/3/7/7/7/2 3 3,X,-1.8666666666666666666666666668,2,BLOCK,X,0.7837656,0.6506323
7/2/1/7/3/7/7/7/1 3 3,X,-1.7333333333333333333333333332,0,BLOCK,X,0.4327782,0.4697075
7/2/1/7/7/2/6/7/7 3 3,X,-2.1333333333333333333333333332,2,BLOCK,X,0.7945113,0.5044628
7/2/5/7/7/2/4/7/7 3 3,X,2,0,BLOCK,X,0.6046503,0.654027
3/2/5/7/7/2/5/7/7 3 3,X,-0.5,302,TIMEOUT,Z,0.06747379,0.02559768
7/2/1/7/7/2/5/7/7 3 3,X,-2,0,BLOCK,X,0.5054574,0.4201983
7/2/5/7/7/2/1/7/7 3 3,X,-2,0,BLOCK,X,0.7574978,0.6976085
7/2/1/7/7/2/3/7/7 3 3,X,-1.8666666666666666666666666668,2,BLOCK,X,0.7631719,0.4181743
7/2/1/7/7/2/7/6/7 3 3,X,-2,2,BLOCK,X,0.8235767,0.6447231
7/2/5/7/7/2/7/4/7 3 3,Z,2,0,BLOCK,Z,0.5030559,0.4208505
7/2/1/7/7/2/7/5/7 3 3,X,-2,0,BLOCK,X,0.6816586,0.467229
7/2/5/7/7/2/7/1/7 3 3,Z,-2,0,BLOCK,Z,0.5325752,0.5599979
7/2/1/7/7/2/7/3/7 3 3,X,-2,0,BLOCK,X,0.3558034,0.324621
7/2/1/7/7/2/7/7/6 3 3,X,-2.1333333333333333333333333332,0,BLOCK,X,0.631564,0.6565338
7/2/1/7/7/2/7/7/5 3 3,X,-2,0,BLOCK,X,0.6615611,0.5477597
7/2/1/7/7/2/7/7/3 3 3,X,-1.8666666666666666666666666668,0,BLOCK,X,0.5944703,0.4027415
7/2/1/7/7/6/2/7/7 3 3,X,-2,0,BLOCK,X,0.5801356,0.4845426
7/2/5/7/7/4/2/7/7 3 3,Z,2,0,BLOCK,Z,0.4065362,0.4080508
7/2/1/7/7/6/6/6/7 3 3,X,-2.1333333333333333333333333332,0,BLOCK,X,0.7801852,0.5925819
7/2/5/7/7/4/6/6/7 3 3,Z,1.7142857142857142857142857142,0,BLOCK,Z,0.2407854,0.4062618
7/2/5/7/7/6/4/6/7 3 3,X,2,0,BLOCK,X,0.4795989,0.7146273
7/2/5/7/7/6/6/4/7 3 3,Z,2,0,BLOCK,Z,0.29926,0.2417677
7/2/1/7/7/6/6/5/7 3 3,X,-2.1333333333333333333333333332,0,BLOCK,X,0.646241,0.5413619
7/2/5/7/7/4/6/5/7 3 3,Z,2,0,BLOCK,Z,0.5570556,0.4779047
7/2/5/7/7/6/4/5/7 3 3,X,2,0,BLOCK,X,0.4788888,0.6835004
7/2/5/7/7/6/6/1/7 3 3,Z,-2,0,BLOCK,Z,0.5717641,0.6176426
7/2/1/7/7/6/6/3/7 3 3,X,-2.1333333333333333333333333332,0,BLOCK,X,0.6130316,0.8315791
7/2/5/7/7/4/6/3/7 3 3,Z,2.2857142857142857142857142858,0,BLOCK,Z,0.4324511,0.4067273
7/2/5/7/7/6/4/3/7 3 3,X,2,0,BLOCK,X,1.306909,0.8799888
7/2/1/7/7/6/6/7/6 3 3,X,-2.2666666666666666666666666666,0,BLOCK,X,0.6450422,0.5720153
7/2/5/7/7/4/6/7/6 3 3,Z,2,0,BLOCK,Z,0.380886,0.4731271
7/2/5/7/7/6/4/7/6 3 3,X,1.6,0,BLOCK,X,1.151188,0.847541
7/2/1/7/7/6/6/7/5 3 3,X,-2.1333333333333333333333333332,0,BLOCK,X,0.6992,0.6174829
7/2/5/7/7/4/6/7/5 3 3,Z,2,0,BLOCK,Z,0.3087707,0.423049
7/2/5/7/7/6/4/7/5 3 3,X,2,2,BLOCK,X,1.328077,0.8272675
6/2/5/7/7/6/6/7/3 3 3,X,0.7,302,TIMEOUT,Z,0.1690042,0.1031317
7/2/1/7/7/6/6/7/3 3 3,X,-2,2,BLOCK,X,0.7531868,0.8282905
7/2/5/7/7/4/6/7/3 3 3,Z,2,0,BLOCK,Z,0.9491169,0.6953356
7/2/5/7/7/6/4/7/3 3 3,X,2.4,0,BLOCK,X,0.5740535,0.7430086
7/2/1/7/7/6/5/6/7 3 3,X,-2,0,BLOCK,X,0.3903698,0.4556073
7/2/5/7/7/4/5/6/7 3 3,Z,1.7142857142857142857142857142,0,BLOCK,Z,0.1127822,0.4400782
7/2/5/7/7/6/1/6/7 3 3,X,-2,0,BLOCK,X,0.4983476,0.6970453
7/2/5/7/7/6/5/4/7 3 3,Z,2,0,BLOCK,Z,0.329347,0.362634
7/2/1/7/7/6/5/5/7 3 3,X,-2,2,BLOCK,X,0.8542269,0.5947561
7/2/5/7/7/4/5/5/7 3 3,Z,2,0,BLOCK,Z,0.4264544,0.3261516
7/2/5/7/7/6/1/5/7 3 3,X,-2,0,BLOCK,X,0.4108915,0.5571154
7/2/5/7/7/6/5/1/7 3 3,Z,-2,0,BLOCK,Z,0.581075,0.5536149
7/2/1/7/7/6/5/3/7 3 3,X,-2,0,BLOCK,X,0.7482278,0.4726989
7/2/5/7/7/4/5/3/7 3 3,Z,2.2857142857142857142857142858,0,BLOCK,Z,0.2389156,0.3021936
7/2/5/7/7/6/1/3/7 3 3,X,-2,2,BLOCK,X,1.353688,0.8181621
7/2/1/7/7/6/5/7/6 3 3,X,-2.1333333333333333333333333332,0,BLOCK,X,0.5224862,0.6717155
7/2/5/7/7/4/5/7/6 3 3,Z,2,0,BLOCK,Z,0.3091916,0.4917884
7/2/5/7/7/6/1/7/6 3 3,X,-2.4,0,BLOCK,X,1.629952,1.097763
7/2/1/7/7/6/5/7/5 3 3,X,-2,0,BLOCK,X,0.51785,0.4498526
7/2/5/7/7/4/5/7/5 3 3,Z,2,0,BLOCK,Z,0.3811752,0.3765443
7/2/5/7/7/6/1/7/5 3 3,X,-2,2,BLOCK,X,1.370365,0.8580809
7/2/1/7/7/6/5/7/3 3 3,X,-1.8666666666666666666666666668,0,BLOCK,X,0.5664305,0.4306279
7/2/5/7/7/4/5/7/3 3 3,Z,2,0,BLOCK,Z,0.8754863,0.6182634
7/2/5/7/7/6/1/7/3 3 3,X,-1.6,0,BLOCK,X,1.224323,0.9092449
7/2/1/7/7/6/3/6/7 3 3,X,-1.8666666666666666666666666668,0,BLOCK,X,0.6804005,0.4603244
7/2/5/7/7/4/3/6/7 3 3,Z,1.7142857142857142857142857142,0,BLOCK,Z,0.3916107,0.6202452
7/2/5/7/7/6/3/4/7 3 3,Z,2,0,BLOCK,Z,1.638762,1.099445
7/2/1/7/7/6/3/5/7 3 3,X,-1.8666666666666666666666666668,2,BLOCK,X,0.8554716,0.5853674
7/2/5/7/7/4/3/5/7 3 3,Z,2,0,BLOCK,Z,1.24078,0.9691995
7/2/5/7/7/6/3/1/7 3 3,Z,-2,2,BLOCK,Z,1.563927,0.951283
7/2/1/7/7/6/3/3/7 3 3,X,-1.8666666666666666666666666668,0,BLOCK,X,0.4569312,0.4317659
7/2/5/7/7/4/3/3/7 3 3,Z,2.2857142857142857142857142858,0,BLOCK,Z,0.2447029,0.3330089
7/2/1/7/7/6/3/7/6 3 3,X,-2,2,BLOCK,X,0.8264129,0.5784313
7/2/5/7/7/4/3/7/6 3 3,Z,2,0,BLOCK,Z,0.3055742,0.3755555
7/2/1/7/7/6/3/7/5 3 3,X,-1.8666666666666666666666666668,0,BLOCK,X,0.6885136,0.4014706
7/2/5/7/7/4/3/7/5 3 3,Z,2,0,BLOCK,Z,0.4791389,0.3708356
7/2/1/7/7/6/3/7/3 3 3,X,-1.7333333333333333333333333334,0,BLOCK,X,0.601715,0.3746587
7/2/5/7/7/4/3/7/3 3 3,Z,2,0,BLOCK,Z,0.3896148,0.3252878
3/2/5/7/7/6/7/2/7 3 3,X,-0.5,302,TIMEOUT,Z,0.1220308,0.06008789
7/2/1/7/7/6/7/2/7 3 3,X,-2,0,BLOCK,X,0.7234579,0.571872
7/2/5/7/7/4/7/2/7 3 3,Z,2,0,BLOCK,Z,0.04796739,0.3416817
7/2/1/7/7/6/7/6/6 3 3,X,-2.1333333333333333333333333332,0,BLOCK,X,0.8848278,0.7171878
7/2/5/7/7/4/7/6/6 3 3,Z,1.7142857142857142857142857142,0,BLOCK,Z,0.2086595,0.3700102
7/2/5/7/7/6/7/4/6 3 3,Z,2,2,BLOCK,Z,1.579802,0.9721676
7/2/1/7/7/6/7/6/5 3 3,X,-2,0,BLOCK,X,0.72077,0.3511863
7/2/5/7/7/4/7/6/5 3 3,Z,1.7142857142857142857142857142,0,BLOCK,Z,0.1781559,0.4100569
7/2/5/7/7/6/7/4/5 3 3,Z,2,2,BLOCK,Z,1.577357,0.9803547
7/2/1/7/7/6/7/6/3 3 3,X,-1.8666666666666666666666666668,0,BLOCK,X,0.7025648,0.3508217
7/2/5/7/7/4/7/6/3 3 3,Z,1.7142857142857142857142857142,0,BLOCK,Z,0.2360685,0.2071811
7/2/5/7/7/6/7/4/3 3 3,Z,2,0,BLOCK,Z,0.4625897,0.4912439
3/2/5/7/7/6/7/5/6 3 3,X,-0.5555555555555555555555555555,302,TIMEOUT,Z,0.16474,0.0966665
7/2/1/7/7/6/7/5/6 3 3,X,-2.1333333333333333333333333332,0,BLOCK,X,0.8740761,0.4549167
7/2/5/7/7/4/7/5/6 3 3,Z,2,2,BLOCK,Z,1.219644,0.8945102
7/2/5/7/7/6/7/1/6 3 3,Z,-2,0,BLOCK,Z,0.1724886,0.2045855
7/2/1/7/7/6/7/5/5 3 3,X,-2,0,BLOCK,X,0.9295835,0.4941293
7/2/5/7/7/4/7/5/5 3 3,Z,2,0,BLOCK,Z,0.4250629,0.3561607
7/2/5/7/7/6/7/1/5 3 3,Z,-2,0,BLOCK,Z,0.2791418,0.2375662
7/2/1/7/7/6/7/5/3 3 3,X,-1.8666666666666666666666666668,0,BLOCK,X,0.6379992,0.3431226
7/2/5/7/7/4/7/5/3 3 3,Z,2,2,BLOCK,Z,1.255675,0.8865542
7/2/5/7/7/6/7/1/3 3 3,Z,-2,0,BLOCK,Z,0.1677247,0.2155176
7/2/1/7/7/6/7/3/6 3 3,X,-2.1333333333333333333333333332,0,BLOCK,X,0.6847738,0.6121655
7/2/5/7/7/4/7/3/6 3 3,Z,2.2857142857142857142857142858,0,BLOCK,Z,0.4221156,0.4547212
7/2/1/7/7/6/7/3/5 3 3,X,-2,0,BLOCK,X,0.822852,0.5630617
7/2/5/7/7/4/7/3/5 3 3,Z,2.2857142857142857142857142858,0,BLOCK,Z,0.479773,0.4258764
7/2/1/7/7/6/7/3/3 3 3,X,-1.8666666666666666666666666668,2,BLOCK,X,0.8435163,0.5445163
7/2/5/7/7/4/7/3/3 3 3,Z,2.2857142857142857142857142858,0,BLOCK,Z,0.4013494,0.4429327
7/2/1/7/7/6/7/7/4 3 3,X,-2.1333333333333333333333333332,2,BLOCK,X,0.8205907,0.7116513
7/2/5/7/7/4/7/7/4 3 3,Z,2,2,BLOCK,Z,1.364614,0.9290045
7/2/1/7/7/6/7/7/2 3 3,X,-2,0,BLOCK,X,0.6314719,0.7287691
7/2/5/7/7/4/7/7/2 3 3,Z,2,0,BLOCK,Z,0.3376105,0.3614416
7/2/1/7/7/6/7/7/1 3 3,X,-1.8666666666666666666666666668,0,BLOCK,X,0.5382312,0.3901508
7/2/5/7/7/4/7/7/1 3 3,Z,2,0,BLOCK,Z,0.9781348,0.6857764
7/2/1/7/7/5/2/7/7 3 3,X,-2,0,BLOCK,X,0.6998577,0.4152952
7/2/5/7/7/1/2/7/7 3 3,Z,-2,0,BLOCK,Z,0.3537471,0.4179368
7/2/1/7/7/5/6/6/7 3 3,X,-2.1333333333333333333333333332,2,BLOCK,X,0.8229367,0.7719409
7/2/5/7/7/1/6/6/7 3 3,Z,-2.2857142857142857142857142858,0,BLOCK,Z,0.1946525,0.3067362
7/2/5/7/7/5/4/6/7 3 3,X,2,2,BLOCK,X,1.35392,0.8079036
7/2/5/7/7/5/6/4/7 3 3,Z,2,0,BLOCK,Z,1.069079,0.6055502
7/2/1/7/7/5/6/5/7 3 3,X,-2.1333333333333333333333333332,0,BLOCK,X,0.5056967,0.6251345
7/2/5/7/7/1/6/5/7 3 3,Z,-2,0,BLOCK,Z,0.4062028,0.4908034
7/2/5/7/7/5/4/5/7 3 3,X,2,0,BLOCK,X,0.4565524,0.7181066
7/2/5/7/7/5/6/1/7 3 3,Z,-2,0,BLOCK,Z,0.35166,0.3680921
7/2/1/7/7/5/6/3/7 3 3,X,-2.1333333333333333333333333332,0,BLOCK,X,0.4140633,0.5249105
7/2/5/7/7/1/6/3/7 3 3,Z,-1.7142857142857142857142857142,0,BLOCK,Z,0.3085397,0.4781561
7/2/5/7/7/5/4/3/7 3 3,X,2,0,BLOCK,X,0.5225322,0.6699965
7/2/1/7/7/5/6/7/6 3 3,X,-2.2666666666666666666666666666,0,BLOCK,X,0.5161831,0.6097512
7/2/5/7/7/1/6/7/6 3 3,Z,-2,0,BLOCK,Z,0.280387,0.4772106
7/2/5/7/7/5/4/7/6 3 3,X,1.6,0,BLOCK,X,0.2931914,0.4706836
7/2/1/7/7/5/6/7/5 3 3,X,-2.1333333333333333333333333332,0,BLOCK,X,0.6497023,0.5489089
7/2/5/7/7/1/6/7/5 3 3,Z,-2,0,BLOCK,Z,0.3784233,0.4532808
7/2/5/7/7/5/4/7/5 3 3,X,2,0,BLOCK,X,0.7102751,0.6738028
7/2/1/7/7/5/6/7/3 3 3,X,-2,0,BLOCK,X,0.5756152,0.6758031
7/2/5/7/7/1/6/7/3 3 3,Z,-2,0,BLOCK,Z,0.3815395,0.3187248
7/2/5/7/7/5/4/7/3 3 3,X,2.4,0,BLOCK,X,1.470802,1.070902
7/2/1/7/7/5/5/6/7 3 3,X,-2,0,BLOCK,X,0.6779056,0.5245457
7/2/5/7/7/1/5/6/7 3 3,Z,-2.2857142857142857142857142858,0,BLOCK,Z,0.228234,0.3786158
7/2/5/7/7/5/1/6/7 3 3,X,-2,0,BLOCK,X,0.6285903,0.7023164
7/2/5/7/7/5/5/4/7 3 3,Z,2,0,BLOCK,Z,0.4334655,0.4298256
7/2/1/7/7/5/5/5/7 3 3,X,-2,2,BLOCK,X,0.8283542,0.5550916
7/2/5/7/7/1/5/5/7 3 3,Z,-2,0,BLOCK,Z,0.5042969,0.4269501
7/2/5/7/7/5/1/5/7 3 3,X,-2,2,BLOCK,X,1.371865,0.838551
7/2/5/7/7/5/5/1/7 3 3,Z,-2,0,BLOCK,Z,0.3864187,0.4322327
7/2/1/7/7/5/5/3/7 3 3,X,-2,0,BLOCK,X,0.4022017,0.4637645
7/2/5/7/7/1/5/3/7 3 3,Z,-1.7142857142857142857142857142,2,BLOCK,Z,1.147869,0.8887127
7/2/5/7/7/5/1/3/7 3 3,X,-2,0,BLOCK,X,0.6651837,0.7155617
7/2/1/7/7/5/5/7/6 3 3,X,-2.1333333333333333333333333332,0,BLOCK,X,0.6657661,0.5787629
7/2/5/7/7/1/5/7/6 3 3,Z,-2,0,BLOCK,Z,0.511693,0.5348068
7/2/5/7/7/5/1/7/6 3 3,X,-2.4,0,BLOCK,X,0.5281088,0.7189426
7/2/1/7/7/5/5/7/5 3 3,X,-2,0,BLOCK,X,0.6797791,0.4451097
7/2/5/7/7/1/5/7/5 3 3,Z,-2,0,BLOCK,Z,0.414516,0.4840468
7/2/5/7/7/5/1/7/5 3 3,X,-2,0,BLOCK,X,0.5967199,0.6528105
7/2/1/7/7/5/5/7/3 3 3,X,-1.8666666666666666666666666668,0,BLOCK,X,0.7491961,0.4776818
7/2/5/7/7/1/5/7/3 3 3,Z,-2,0,BLOCK,Z,0.523074,0.4027926
7/2/5/7/7/5/1/7/3 3 3,X,-1.6,0,BLOCK,X,0.5150453,0.5641903
7/2/1/7/7/5/3/6/7 3 3,X,-1.8666666666666666666666666668,2,BLOCK,X,0.8294498,0.4686902
7/2/5/7/7/1/3/6/7 3 3,Z,-2.2857142857142857142857142858,2,BLOCK,Z,1.439861,0.9632915
7/2/5/7/7/5/3/4/7 3 3,Z,2,0,BLOCK,Z,0.4510882,0.4107185
7/2/1/7/7/5/3/5/7 3 3,X,-1.8666666666666666666666666668,0,BLOCK,X,0.5630382,0.4941682
7/2/5/7/7/1/3/5/7 3 3,Z,-2,0,BLOCK,Z,0.4200688,0.3608586
7/2/5/7/7/5/3/1/7 3 3,Z,-2,0,BLOCK,Z,1.124353,0.45441
7/2/1/7/7/5/3/3/7 3 3,X,-1.8666666666666666666666666668,0,BLOCK,X,0.4697708,0.4793791
7/2/5/7/7/1/3/3/7 3 3,Z,-1.7142857142857142857142857142,0,BLOCK,Z,0.2172474,0.4240296
7/2/1/7/7/5/3/7/6 3 3,X,-2,2,BLOCK,X,0.8339771,0.5648858
7/2/5/7/7/1/3/7/6 3 3,Z,-2,2,BLOCK,Z,1.254976,0.9127451
7/2/1/7/7/5/3/7/5 3 3,X,-1.8666666666666666666666666668,0,BLOCK,X,0.6204318,0.5157045
7/2/5/7/7/1/3/7/5 3 3,Z,-2,0,BLOCK,Z,0.4161142,0.3759429
7/2/1/7/7/5/3/7/3 3 3,X,-1.7333333333333333333333333334,0,BLOCK,X,0.7452449,0.3387537
7/2/5/7/7/1/3/7/3 3 3,Z,-2,0,BLOCK,Z,0.4355206,0.3534617
7/2/1/7/7/5/7/2/7 3 3,X,-2,2,BLOCK,X,0.838644,0.5693022
7/2/5/7/7/1/7/2/7 3 3,Z,-2,0,BLOCK,Z,0.1361734,0.3652036
7/2/1/7/7/5/7/6/6 3 3,X,-2.1333333333333333333333333332,2,BLOCK,X,0.8726346,0.5358446
7/2/5/7/7/1/7/6/6 3 3,Z,-2.2857142857142857142857142858,0,BLOCK,Z,0.2672459,0.2381741
7/2/5/7/7/5/7/4/6 3 3,Z,2,2,BLOCK,Z,1.646086,1.020437
7/2/1/7/7/5/7/6/5 3 3,X,-2,0,BLOCK,X,0.6471421,0.5837209
7/2/5/7/7/1/7/6/5 3 3,Z,-2.2857142857142857142857142858,0,BLOCK,Z,0.4839303,0.5634071
7/2/5/7/7/5/7/4/5 3 3,Z,2,2,BLOCK,Z,1.645118,1.021209
7/2/1/7/7/5/7/6/3 3 3,X,-1.8666666666666666666666666668,2,BLOCK,X,0.9131752,0.5544026
7/2/5/7/7/1/7/6/3 3 3,Z,-2.2857142857142857142857142858,0,BLOCK,Z,0.2572343,0.1609605
7/2/5/7/7/5/7/4/3 3 3,Z,2,0,BLOCK,Z,0.08898053,0.05926534
7/2/1/7/7/5/7/5/6 3 3,X,-2.1333333333333333333333333332,0,BLOCK,X,0.6199176,0.689263
7/2/5/7/7/1/7/5/6 3 3,Z,-2,0,BLOCK,Z,0.2268897,0.2349533
7/2/5/7/7/5/7/1/6 3 3,Z,-2,0,BLOCK,Z,0.05972485,0.1018721
7/2/1/7/7/5/7/5/5 3 3,X,-2,0,BLOCK,X,0.6608695,0.5980224
7/2/5/7/7/1/7/5/5 3 3,Z,-2,0,BLOCK,Z,1.317096,0.9206981
7/2/5/7/7/5/7/1/5 3 3,Z,-2,0,BLOCK,Z,0.09375848,0.1037239
7/2/1/7/7/5/7/5/3 3 3,X,-1.8666666666666666666666666668,0,BLOCK,X,0.6579638,0.4681933
7/2/5/7/7/1/7/5/3 3 3,Z,-2,0,BLOCK,Z,1.324139,0.8670831
7/2/5/7/7/5/7/1/3 3 3,Z,-2,0,BLOCK,Z,0.0853188,0.1128497
7/2/1/7/7/5/7/3/6 3 3,X,-2.1333333333333333333333333332,0,BLOCK,X,0.5528141,0.7117848
7/2/5/7/7/1/7/3/6 3 3,Z,-1.7142857142857142857142857142,0,BLOCK,Z,0.6656278,0.5811594
7/2/1/7/7/5/7/3/5 3 3,X,-2,0,BLOCK,X,0.5360165,0.6417124
7/2/5/7/7/1/7/3/5 3 3,Z,-1.7142857142857142857142857142,0,BLOCK,Z,0.1548021,0.3147609
7/2/1/7/7/5/7/3/3 3 3,X,-1.8666666666666666666666666668,0,BLOCK,X,0.5439599,0.4560656
7/2/5/7/7/1/7/3/3 3 3,Z,-1.7142857142857142857142857142,0,BLOCK,Z,0.119539,0.3230451
7/2/1/7/7/5/7/7/4 3 3,X,-2.1333333333333333333333333332,2,BLOCK,X,0.8352606,0.665879
7/2/5/7/7/1/7/7/4 3 3,Z,-2,0,BLOCK,Z,0.3428874,0.3615872
7/2/1/7/7/5/7/7/2 3 3,X,-2,2,BLOCK,X,0.8453354,0.6620048
7/2/5/7/7/1/7/7/2 3 3,Z,-2,0,BLOCK,Z,0.4149287,0.4209589
7/2/1/7/7/5/7/7/1 3 3,X,-1.8666666666666666666666666668,0,BLOCK,X,0.6837544,0.5188752
7/2/5/7/7/1/7/7/1 3 3,Z,-2,0,BLOCK,Z,0.3676876,0.4449542
7/2/1/7/7/3/2/7/7 3 3,X,-2,0,BLOCK,X,0.7407215,0.5225067
7/2/1/7/7/3/6/6/7 3 3,X,-2.1333333333333333333333333332,0,BLOCK,X,0.7272261,0.7477543
7/2/5/7/7/3/4/6/7 3 3,X,2,0,BLOCK,X,1.337924,0.9948034
7/2/5/7/7/3/6/4/7 3 3,Z,2,0,BLOCK,Z,0.6191133,0.5305849
7/2/1/7/7/3/6/5/7 3 3,X,-2.1333333333333333333333333332,0,BLOCK,X,0.5160509,0.5068914
7/2/5/7/7/3/4/5/7 3 3,X,2,0,BLOCK,X,0.54881,0.6485741
7/2/5/7/7/3/6/1/7 3 3,Z,-2,0,BLOCK,Z,0.361697,0.4192277
7/2/1/7/7/3/6/3/7 3 3,X,-2.1333333333333333333333333332,2,BLOCK,X,0.831021,0.6423444
7/2/5/7/7/3/4/3/7 3 3,X,2,0,BLOCK,X,0.6889774,0.7622715
7/2/1/7/7/3/6/7/6 3 3,X,-2.2666666666666666666666666666,0,BLOCK,X,0.6685185,0.5978746
7/2/5/7/7/3/4/7/6 3 3,X,1.6,0,BLOCK,X,0.1972154,0.468489
7/2/1/7/7/3/6/7/5 3 3,X,-2.1333333333333333333333333332,0,BLOCK,X,0.7454082,0.5399468
7/2/5/7/7/3/4/7/5 3 3,X,2,0,BLOCK,X,0.2941664,0.5217507
7/2/1/7/7/3/6/7/3 3 3,X,-2,0,BLOCK,X,0.6133536,0.5638781
7/2/5/7/7/3/4/7/3 3 3,X,2.4,0,BLOCK,X,0.4813902,0.6355174
7/2/1/7/7/3/5/6/7 3 3,X,-2,0,BLOCK,X,0.6177766,0.564565
7/2/5/7/7/3/1/6/7 3 3,X,-2,2,BLOCK,X,1.364965,0.8801407
7/2/5/7/7/3/5/4/7 3 3,Z,2,0,BLOCK,Z,0.5737445,0.5086092
7/2/1/7/7/3/5/5/7 3 3,X,-2,0,BLOCK,X,0.5557112,0.467492
7/2/5/7/7/3/1/5/7 3 3,X,-2,0,BLOCK,X,1.340272,0.9570388
7/2/5/7/7/3/5/1/7 3 3,Z,-2,0,BLOCK,Z,0.5695344,0.5255166
7/2/1/7/7/3/5/3/7 3 3,X,-2,2,BLOCK,X,0.7949475,0.8453485
7/2/5/7/7/3/1/3/7 3 3,X,-2,2,BLOCK,X,1.358754,0.8129188
7/2/1/7/7/3/5/7/6 3 3,X,-2.1333333333333333333333333332,2,BLOCK,X,0.9056344,0.5488275
7/2/5/7/7/3/1/7/6 3 3,X,-2.4,0,BLOCK,X,1.586379,1.014372
7/2/1/7/7/3/5/7/5 3 3,X,-2,2,BLOCK,X,0.841895,0.4973437
7/2/5/7/7/3/1/7/5 3 3,X,-2,0,BLOCK,X,0.7892413,0.7263837
7/2/1/7/7/3/5/7/3 3 3,X,-1.8666666666666666666666666668,2,BLOCK,X,0.7623041,0.4836285
7/2/5/7/7/3/1/7/3 3 3,X,-1.6,0,BLOCK,X,0.1786444,0.4145117
7/2/1/7/7/3/3/6/7 3 3,X,-1.8666666666666666666666666668,0,BLOCK,X,0.6079839,0.2637724
7/2/5/7/7/3/3/4/7 3 3,Z,2,0,BLOCK,Z,1.123299,0.5683041
7/2/1/7/7/3/3/5/7 3 3,X,-1.8666666666666666666666666668,2,BLOCK,X,0.7988548,0.5190814
7/2/5/7/7/3/3/1/7 3 3,Z,-2,0,BLOCK,Z,0.6885625,0.6033615
7/2/1/7/7/3/3/3/7 3 3,X,-1.8666666666666666666666666668,2,BLOCK,X,0.8534299,0.4801904
7/2/1/7/7/3/3/7/6 3 3,X,-2,0,BLOCK,X,0.7414745,0.4332859
7/2/1/7/7/3/3/7/5 3 3,X,-1.8666666666666666666666666668,2,BLOCK,X,0.7478216,0.6219428
7/2/1/7/7/3/3/7/3 3 3,X,-1.7333333333333333333333333334,2,BLOCK,X,0.8246365,0.4089198
7/2/1/7/7/3/7/2/7 3 3,X,-2,0,BLOCK,X,0.4914188,0.3771648
7/2/1/7/7/3/7/6/6 3 3,X,-2.1333333333333333333333333332,0,BLOCK,X,0.6051446,0.5677354
7/2/5/7/7/3/7/4/6 3 3,Z,2,0,BLOCK,Z,0.1847856,0.1448724
7/2/1/7/7/3/7/6/5 3 3,X,-2,0,BLOCK,X,0.7506589,0.4514354
7/2/5/7/7/3/7/4/5 3 3,Z,2,0,BLOCK,Z,0.5453478,0.4673321
7/2/1/7/7/3/7/6/3 3 3,X,-1.8666666666666666666666666668,0,BLOCK,X,0.5904155,0.4772507
7/2/5/7/7/3/7/4/3 3 3,Z,2,0,BLOCK,Z,0.153797,0.1556819
7/2/1/7/7/3/7/5/6 3 3,X,-2.1333333333333333333333333332,0,BLOCK,X,0.6244436,0.524875
7/2/5/7/7/3/7/1/6 3 3,Z,-2,0,BLOCK,Z,0.3195004,0.2190476
7/2/1/7/7/3/7/5/5 3 3,X,-2,0,BLOCK,X,0.6040511,0.4538936
7/2/5/7/7/3/7/1/5 3 3,Z,-2,0,BLOCK,Z,0.4439593,0.440534
7/2/1/7/7/3/7/5/3 3 3,X,-1.8666666666666666666666666668,0,BLOCK,X,0.5779139,0.5127567
7/2/5/7/7/3/7/1/3 3 3,Z,-2,0,BLOCK,Z,0.3652841,0.3517993
7/2/1/7/7/3/7/3/6 3 3,X,-2.1333333333333333333333333332,0,BLOCK,X,0.6378344,0.5820466
7/2/1/7/7/3/7/3/5 3 3,X,-2,0,BLOCK,X,0.7180581,0.5518292
7/2/1/7/7/3/7/3/3 3 3,X,-1.8666666666666666666666666668,2,BLOCK,X,0.8424786,0.5215187
7/2/1/7/7/3/7/7/4 3 3,X,-2.1333333333333333333333333332,0,BLOCK,X,0.6213479,0.5344037
7/2/1/7/7/3/7/7/2 3 3,X,-2,0,BLOCK,X,0.6978486,0.5705459
7/2/1/7/7/3/7/7/1 3 3,X,-1.8666666666666666666666666668,0,BLOCK,X,0.640987,0.5306721
3/2/5/7/7/7/2/6/7 3 3,X,-0.5,302,TIMEOUT,Z,0.1266376,0.0933793
7/2/1/7/7/7/2/6/7 3 3,X,-2,0,BLOCK,X,0.6133283,0.4361662
7/2/5/7/7/7/2/4/7 3 3,Z,2,2,BLOCK,Z,1.558041,0.9582223
7/2/1/7/7/7/2/5/7 3 3,X,-2,0,BLOCK,X,0.9831443,0.5119113
7/2/5/7/7/7/2/1/7 3 3,Z,-2,0,BLOCK,Z,1.669184,1.012774
7/2/1/7/7/7/2/3/7 3 3,X,-2,2,BLOCK,X,0.8813534,0.6239266
7/2/1/7/7/7/2/7/6 3 3,X,-2.1333333333333333333333333332,0,BLOCK,X,0.5631317,0.6094659
7/2/1/7/7/7/2/7/5 3 3,X,-2,0,BLOCK,X,0.5132541,0.4529516
7/2/1/7/7/7/2/7/3 3 3,X,-1.8666666666666666666666666668,0,BLOCK,X,0.6533284,0.6656665
7/2/1/7/7/7/6/2/7 3 3,X,-2.1333333333333333333333333332,0,BLOCK,X,0.6083774,0.7932354
7/2/5/7/7/7/4/2/7 3 3,X,2,0,BLOCK,X,0.307078,0.6614996
7/2/1/7/7/7/6/6/6 3 3,X,-2.2666666666666666666666666666,0,BLOCK,X,0.9507573,0.5931869
7/2/5/7/7/7/4/6/6 3 3,X,1.5,0,BLOCK,X,0.3375435,0.5177291
7/2/5/7/7/7/6/4/6 3 3,Z,2,0,BLOCK,Z,0.06752809,0.07618706
7/2/1/7/7/7/6/6/5 3 3,X,-2.1333333333333333333333333332,0,BLOCK,X,0.7064894,0.6964981
7/2/5/7/7/7/4/6/5 3 3,X,2,0,BLOCK,X,1.44699,0.9080147
7/2/5/7/7/7/6/4/5 3 3,Z,2,0,BLOCK,Z,1.721531,1.11772
6/2/5/7/7/7/6/6/3 3 3,X,0.75,302,TIMEOUT,Z,0.1882629,0.1083331
7/2/1/7/7/7/6/6/3 3 3,X,-2.0,0,BLOCK,X,0.8491504,0.8929871
7/2/5/7/7/7/4/6/3 3 3,X,2.5,0,BLOCK,X,0.4942596,0.7277232
7/2/5/7/7/7/6/4/3 3 3,Z,2,0,BLOCK,Z,0.1743194,0.3365315
7/2/1/7/7/7/6/5/6 3 3,X,-2.2666666666666666666666666666,0,BLOCK,X,0.7852598,0.806394
7/2/5/7/7/7/4/5/6 3 3,X,1.5,0,BLOCK,X,0.4280046,0.5644517
7/2/5/7/7/7/6/1/6 3 3,Z,-2,0,BLOCK,Z,0.03432694,0.07674984
7/2/1/7/7/7/6/5/5 3 3,X,-2.1333333333333333333333333332,0,BLOCK,X,0.6277037,0.6049893
7/2/5/7/7/7/4/5/5 3 3,X,2,0,BLOCK,X,0.6983743,0.682971
7/2/5/7/7/7/6/1/5 3 3,Z,-2,0,BLOCK,Z,0.09794026,0.1603995
7/2/1/7/7/7/6/5/3 3 3,X,-2.0,0,BLOCK,X,0.4782822,0.6682484
7/2/5/7/7/7/4/5/3 3 3,X,2.5,0,BLOCK,X,0.5492584,0.725332
7/2/5/7/7/7/6/1/3 3 3,Z,-2,0,BLOCK,Z,0.1671279,0.1824387
7/2/1/7/7/7/6/3/6 3 3,X,-2.2666666666666666666666666666,2,BLOCK,X,0.8277662,0.7553664
7/2/5/7/7/7/4/3/6 3 3,X,1.5,0,BLOCK,X,0.437921,0.5248511
7/2/1/7/7/7/6/3/5 3 3,X,-2.1333333333333333333333333332,2,BLOCK,X,0.8930621,0.6633369
7/2/5/7/7/7/4/3/5 3 3,X,2,0,BLOCK,X,0.3083676,0.5694546
7/2/1/7/7/7/6/3/3 3 3,X,-2.0,2,BLOCK,X,0.9124511,0.8444527
7/2/5/7/7/7/4/3/3 3 3,X,2.5,0,BLOCK,X,0.4042597,0.7121308
7/2/1/7/7/7/6/7/4 3 3,X,-2.2666666666666666666666666666,2,BLOCK,X,0.8655036,0.6342699
7/2/5/7/7/7/4/7/4 3 3,X,1.5,0,BLOCK,X,0.2494716,0.3679499
6/2/5/7/7/7/6/7/2 3 3,X,0.5,302,TIMEOUT,Z,0.1093404,0.08789649
7/2/1/7/7/7/6/7/2 3 3,X,-2.1333333333333333333333333332,2,BLOCK,X,0.8343886,0.7513438
7/2/5/7/7/7/4/7/2 3 3,X,2,2,BLOCK,X,1.651878,1.019948
7/2/1/7/7/7/6/7/1 3 3,X,-2.0,0,BLOCK,X,0.6608453,0.7981067
7/2/5/7/7/7/4/7/1 3 3,X,2.5,0,BLOCK,X,0.3523099,0.5719708
7/2/1/7/7/7/5/2/7 3 3,X,-2,0,BLOCK,X,0.7418405,0.5263434
7/2/5/7/7/7/1/2/7 3 3,X,-2,2,BLOCK,X,1.328116,0.8242288
7/2/1/7/7/7/5/6/6 3 3,X,-2.1333333333333333333333333332,2,BLOCK,X,0.8733518,0.6654558
7/2/5/7/7/7/1/6/6 3 3,X,-2.5,0,BLOCK,X,0.5624368,0.797626
7/2/5/7/7/7/5/4/6 3 3,Z,2,0,BLOCK,Z,0.1401087,0.1740386
7/2/1/7/7/7/5/6/5 3 3,X,-2,0,BLOCK,X,0.5956178,0.4997677
7/2/5/7/7/7/1/6/5 3 3,X,-2,0,BLOCK,X,0.4504102,0.5987936
7/2/5/7/7/7/5/4/5 3 3,Z,2,2,BLOCK,Z,1.649329,1.017347
7/2/1/7/7/7/5/6/3 3 3,X,-1.8666666666666666666666666668,0,BLOCK,X,0.5339573,0.4741086
7/2/5/7/7/7/1/6/3 3 3,X,-1.5,2,BLOCK,X,1.174508,0.6889825
7/2/5/7/7/7/5/4/3 3 3,Z,2,0,BLOCK,Z,1.78201,0.9803458
7/2/1/7/7/7/5/5/6 3 3,X,-2.1333333333333333333333333332,0,BLOCK,X,0.6352474,0.5510164
7/2/5/7/7/7/1/5/6 3 3,X,-2.5,0,BLOCK,X,0.4039268,0.5864732
7/2/5/7/7/7/5/1/6 3 3,Z,-2,2,BLOCK,Z,1.747323,1.018995
3/2/5/7/7/7/5/5/5 3 3,X,-0.5,302,TIMEOUT,Z,0.06646971,0.03461678
7/2/1/7/7/7/5/5/5 3 3,X,-2,0,BLOCK,X,0.6055987,0.499164
7/2/5/7/7/7/1/5/5 3 3,X,-2,0,BLOCK,X,0.4041898,0.5647559
7/2/5/7/7/7/5/1/5 3 3,Z,-2,0,BLOCK,Z,0.09212755,0.1390553
7/2/1/7/7/7/5/5/3 3 3,X,-1.8666666666666666666666666668,2,BLOCK,X,0.8665596,0.4533283
7/2/5/7/7/7/1/5/3 3 3,X,-1.5,0,BLOCK,X,0.5277036,0.5984781
7/2/5/7/7/7/5/1/3 3 3,Z,-2,0,BLOCK,Z,1.710192,1.053282
7/2/1/7/7/7/5/3/6 3 3,X,-2.1333333333333333333333333332,0,BLOCK,X,0.567873,0.6215343
7/2/5/7/7/7/1/3/6 3 3,X,-2.5,0,BLOCK,X,0.3651873,0.6295313
7/2/1/7/7/7/5/3/5 3 3,X,-2,0,BLOCK,X,0.542064,0.4140682
7/2/5/7/7/7/1/3/5 3 3,X,-2,0,BLOCK,X,0.5178906,0.6293616
7/2/1/7/7/7/5/3/3 3 3,X,-1.8666666666666666666666666668,2,BLOCK,X,0.8144375,0.5421577
7/2/5/7/7/7/1/3/3 3 3,X,-1.5,0,BLOCK,X,0.284793,0.4233457
7/2/1/7/7/7/5/7/4 3 3,X,-2.1333333333333333333333333332,0,BLOCK,X,0.5905938,0.5711784
7/2/5/7/7/7/1/7/4 3 3,X,-2.5,0,BLOCK,X,0.3336931,0.512819
7/2/1/7/7/7/5/7/2 3 3,X,-2,0,BLOCK,X,0.661129,0.5206014
7/2/5/7/7/7/1/7/2 3 3,X,-2,0,BLOCK,X,0.4169972,0.5618796
7/2/1/7/7/7/5/7/1 3 3,X,-1.8666666666666666666666666668,0,BLOCK,X,0.7605286,0.5438693
7/2/5/7/7/7/1/7/1 3 3,X,-1.5,0,BLOCK,X,0.3278357,0.382357
7/2/1/7/7/7/3/2/7 3 3,X,-1.8666666666666666666666666668,0,BLOCK,X,0.5073858,0.4932311
7/2/1/7/7/7/3/6/6 3 3,X,-2.0,2,BLOCK,X,0.8445045,0.5814478
7/2/5/7/7/7/3/4/6 3 3,Z,2,0,BLOCK,Z,1.01335,0.3638198
7/2/1/7/7/7/3/6/5 3 3,X,-1.8666666666666666666666666668,0,BLOCK,X,0.6762623,0.5956839
7/2/5/7/7/7/3/4/5 3 3,Z,2,0,BLOCK,Z,1.602058,0.9919789
7/2/1/7/7/7/3/6/3 3 3,X,-1.7333333333333333333333333334,0,BLOCK,X,0.5816939,0.4057693
7/2/5/7/7/7/3/4/3 3 3,Z,2,0,BLOCK,Z,0.0801466,0.1191018
7/2/1/7/7/7/3/5/6 3 3,X,-2.0,0,BLOCK,X,0.6115893,0.553603
7/2/5/7/7/7/3/1/6 3 3,Z,-2,0,BLOCK,Z,0.1097746,0.1713076
7/2/1/7/7/7/3/5/5 3 3,X,-1.8666666666666666666666666668,0,BLOCK,X,0.5485303,0.4401842
7/2/5/7/7/7/3/1/5 3 3,Z,-2,0,BLOCK,Z,1.474273,1.05202
7/2/1/7/7/7/3/5/3 3 3,X,-1.7333333333333333333333333334,0,BLOCK,X,0.7987347,0.430592
7/2/5/7/7/7/3/1/3 3 3,Z,-2,0,BLOCK,Z,0.1188294,0.146161
7/2/1/7/7/7/3/3/6 3 3,X,-2.0,0,BLOCK,X,0.6440521,0.5462311
7/2/1/7/7/7/3/3/5 3 3,X,-1.8666666666666666666666666668,0,BLOCK,X,0.485421,0.4264831
7/2/1/7/7/7/3/3/3 3 3,X,-1.7333333333333333333333333334,0,BLOCK,X,0.725175,0.4269795
3/2/5/7/7/7/3/7/4 3 3,X,-0.75,302,TIMEOUT,Z,0.05814978,0.03342891
7/2/1/7/7/7/3/7/4 3 3,X,-2.0,0,BLOCK,X,0.8458545,0.7039987
7/2/1/7/7/7/3/7/2 3 3,X,-1.8666666666666666666666666668,0,BLOCK,X,0.7306161,0.5942358
7/2/1/7/7/7/3/7/1 3 3,X,-1.7333333333333333333333333334,2,BLOCK,X,0.808815,0.5514683
7/2/1/7/7/7/7/2/6 3 3,X,-2.1333333333333333333333333332,2,BLOCK,X,0.7934553,0.7324923
7/2/1/7/7/7/7/2/5 3 3,X,-2,0,BLOCK,X,0.5834613,0.4818881
7/2/1/7/7/7/7/2/3 3 3,X,-1.8666666666666666666666666668,2,BLOCK,X,0.8872315,0.5300969
7/2/1/7/7/7/7/6/4 3 3,X,-2.1333333333333333333333333332,0,BLOCK,X,0.6265875,0.6793018
7/2/5/7/7/7/7/4/4 3 3,Z,2,2,BLOCK,Z,1.630732,1.011649
7/2/1/7/7/7/7/6/2 3 3,X,-2,0,BLOCK,X,0.8111499,0.5932032
7/2/5/7/7/7/7/4/2 3 3,Z,2,2,BLOCK,Z,1.640589,1.003995
3/2/5/7/7/7/7/6/1 3 3,Z,0.5,302,TIMEOUT,Z,0.1055808,0.09426475
7/2/1/7/7/7/7/6/1 3 3,X,-1.8666666666666666666666666668,0,BLOCK,X,0.7257226,0.6639766
7/2/5/7/7/7/7/4/1 3 3,Z,2,0,BLOCK,Z,0.02661908,0.1069686
7/2/1/7/7/7/7/5/4 3 3,X,-2.1333333333333333333333333332,0,BLOCK,X,0.760913,0.5441774
7/2/5/7/7/7/7/1/4 3 3,Z,-2,2,BLOCK,Z,1.624121,1.015764
7/2/1/7/7/7/7/5/2 3 3,X,-2,0,BLOCK,X,0.5929854,0.5438396
7/2/5/7/7/7/7/1/2 3 3,Z,-2,0,BLOCK,Z,0.0311598,0.04844838
7/2/1/7/7/7/7/5/1 3 3,X,-1.8666666666666666666666666668,2,BLOCK,X,0.744655,0.6524434
7/2/5/7/7/7/7/1/1 3 3,Z,-2,0,BLOCK,Z,0.06631177,0.0871987
7/2/1/7/7/7/7/3/4 3 3,X,-2.1333333333333333333333333332,0,BLOCK,X,0.5943501,0.7941507
7/2/1/7/7/7/7/3/2 3 3,X,-2,0,BLOCK,X,0.7119561,0.4989134
7/2/1/7/7/7/7/3/1 3 3,X,-1.8666666666666666666666666668,0,BLOCK,X,0.6622323,0.654815
7/2/3/2/4/7/7/7/7 3 3,X,2,0,BLOCK,X,1.113953,1.140774
7/2/3/2/1/7/7/7/7 3 3,X,-2,2,BLOCK,X,1.029821,0.662488
7/2/3/2/7/4/7/7/7 3 3,Z,2,2,BLOCK,Z,1.318672,1.071801
7/2/3/2/7/1/7/7/7 3 3,Z,-2,0,BLOCK,Z,0.7886266,0.66231
7/2/3/2/7/7/4/7/7 3 3,X,2,2,BLOCK,X,1.469917,0.8695914
7/2/3/2/7/6/5/7/7 3 3,X,-0.5,302,TIMEOUT,Z,0.007926811,0.004188009
7/2/3/2/7/7/1/7/7 3 3,X,-2,0,BLOCK,X,0.43911,0.66276
7/2/2/2/7/7/7/6/7 3 3,Z,0.5,302,TIMEOUT,Z,0.1031054,0.07407901
7/2/3/2/7/7/7/4/7 3 3,Z,2,0,BLOCK,Z,0.2180148,0.2793949
7/2/3/2/7/7/7/6/5 3 3,X,-0.5,302,TIMEOUT,Z,0.01267518,0.005905577
7/2/3/2/7/7/7/1/7 3 3,Z,-2,0,BLOCK,Z,0.3762219,0.345764
7/2/2/2/7/7/7/3/7 3 3,Z,-0.5,302,TIMEOUT,Z,0.01386758,0.008116153
7/2/3/2/7/7/7/6/3 3 3,Z,0.5,302,TIMEOUT,Z,0.02179435,0.009288135
7/2/3/4/2/7/7/7/7 3 3,Z,2,0,BLOCK,Z,0.6635654,0.8271559
7/2/3/4/6/6/7/7/7 3 3,Z,1.8461538461538461538461538462,0,BLOCK,Z,0.04951259,0.9333542
7/2/3/6/4/6/7/7/7 3 3,X,2,0,BLOCK,X,0.2926342,0.635843
7/2/3/6/6/4/7/7/7 3 3,Z,2,0,BLOCK,Z,0.509595,0.5770513
7/2/3/4/6/5/7/7/7 3 3,Z,2,0,BLOCK,Z,0.9893838,0.7656484
7/2/3/6/4/5/7/7/7 3 3,X,2,0,BLOCK,X,1.113119,1.136192
7/2/3/6/6/1/7/7/7 3 3,Z,-2,0,BLOCK,Z,0.7652,0.6284553
7/2/3/4/6/3/7/7/7 3 3,Z,2.1538461538461538461538461538,2,BLOCK,Z,1.574821,1.449941
7/2/3/6/4/3/7/7/7 3 3,X,2,0,BLOCK,X,0.5711161,0.7243239
7/2/3/4/6/7/6/7/7 3 3,Z,2,0,BLOCK,Z,0.7954511,1.077368
7/2/3/6/4/7/6/7/7 3 3,X,1.8181818181818181818181818182,0,BLOCK,X,0.1915399,0.6995919
7/2/3/6/6/7/4/7/7 3 3,X,2,0,BLOCK,X,0.5274211,0.4409941
6/2/3/6/6/7/5/7/7 3 3,X,-0.5666666666666666666666666666,96,PLANE,X,0.7193795,0.367338
7/2/3/4/6/7/5/7/7 3 3,Z,2,0,BLOCK,Z,0.7325521,1.192497
7/2/3/6/4/7/5/7/7 3 3,X,2,0,BLOCK,X,0.8095405,0.8787934
7/2/3/6/6/7/1/7/7 3 3,X,-2,2,BLOCK,X,1.397158,0.7399148
7/2/3/4/6/7/3/7/7 3 3,Z,2,0,BLOCK,Z,0.7229154,1.15994
7/2/3/6/4/7/3/7/7 3 3,X,2.1818181818181818181818181818,2,BLOCK,X,1.61354,1.134772
7/2/3/4/6/7/7/6/7 3 3,Z,1.8461538461538461538461538462,0,BLOCK,Z,0.450296,0.9975173
7/2/3/6/4/7/7/6/7 3 3,X,2,0,BLOCK,X,0.576241,0.6538517
7/2/3/6/6/7/7/4/7 3 3,Z,2,2,BLOCK,Z,1.675362,0.9388838
7/2/3/4/6/7/7/5/7 3 3,Z,2,0,BLOCK,Z,0.7065696,1.071353
7/2/3/6/4/7/7/5/7 3 3,X,2,0,BLOCK,X,0.4399165,0.5848912
7/2/3/6/6/7/7/1/7 3 3,Z,-2,2,BLOCK,Z,1.608988,0.8965527
7/2/3/4/6/7/7/3/7 3 3,Z,2.1538461538461538461538461538,0,BLOCK,Z,0.9579374,1.162887
7/2/3/6/4/7/7/3/7 3 3,X,2,0,BLOCK,X,0.6462638,0.7038611
7/2/3/4/6/7/7/7/6 3 3,Z,2,0,BLOCK,Z,0.9172487,1.21219
7/2/3/6/4/7/7/7/6 3 3,X,1.8181818181818181818181818182,0,BLOCK,X,0.6591147,0.6153806
7/2/3/4/6/7/7/7/5 3 3,Z,2,0,BLOCK,Z,0.8195325,1.248563
7/2/3/6/4/7/7/7/5 3 3,X,2,0,BLOCK,X,1.007772,0.8508468
7/2/3/4/6/7/7/7/3 3 3,Z,2,0,BLOCK,Z,0.4531883,0.8244694
7/2/3/6/4/7/7/7/3 3 3,X,2.1818181818181818181818181818,0,BLOCK,X,0.6581085,0.5674748
7/2/3/4/5/6/7/7/7 3 3,Z,1.8461538461538461538461538462,0,BLOCK,Z,0.4253323,0.867197
7/2/3/6/1/6/7/7/7 3 3,X,-2,0,BLOCK,X,0.6666618,0.3022142
7/2/3/6/5/4/7/7/7 3 3,Z,2,2,BLOCK,Z,1.353967,1.016741
7/2/2/6/5/5/7/7/7 3 3,Z,0.5,302,TIMEOUT,Z,0.01483229,0.006833127
7/2/3/4/5/5/7/7/7 3 3,Z,2,0,BLOCK,Z,0.5796467,1.111831
7/2/3/6/1/5/7/7/7 3 3,X,-2,2,BLOCK,X,0.9904613,0.3936335
7/2/3/6/5/1/7/7/7 3 3,Z,-2,0,BLOCK,Z,1.008004,0.7849195
7/2/3/4/5/3/7/7/7 3 3,Z,2.1538461538461538461538461538,0,BLOCK,Z,0.6783202,0.8248519
7/2/3/6/1/3/7/7/7 3 3,X,-2,2,BLOCK,X,1.011817,0.6521266
7/2/3/4/5/7/6/7/7 3 3,Z,2,0,BLOCK,Z,0.381835,0.9132626
7/2/3/6/1/7/6/7/7 3 3,X,-2.1818181818181818181818181818,0,BLOCK,X,1.359168,0.7465463
7/2/3/6/5/7/4/7/7 3 3,X,2,0,BLOCK,X,0.4498818,0.4021621
7/2/3/4/5/7/5/7/7 3 3,Z,2,0,BLOCK,Z,0.6340632,1.078169
7/2/3/6/1/7/5/7/7 3 3,X,-2,2,BLOCK,X,0.9836869,0.3985627
7/2/3/6/5/7/1/7/7 3 3,X,-2,0,BLOCK,X,0.55818,0.6833614
7/2/3/4/5/7/3/7/7 3 3,Z,2,0,BLOCK,Z,0.7745504,1.282057
7/2/3/6/1/7/3/7/7 3 3,X,-1.8181818181818181818181818182,0,BLOCK,X,0.4281338,0.4556166
7/2/3/4/5/7/7/6/7 3 3,Z,1.8461538461538461538461538462,0,BLOCK,Z,0.3979002,0.9025409
7/2/3/6/1/7/7/6/7 3 3,X,-2,0,BLOCK,X,0.7870655,0.4752019
7/2/3/6/5/7/5/6/7 3 3,X,-0.5,302,TIMEOUT,Z,0.009440818,0.006531539
7/2/3/6/5/7/7/4/7 3 3,Z,2,0,BLOCK,Z,0.3837784,0.4214307
6/2/3/6/5/7/7/5/7 3 3,X,0.5555555555555555555555555556,302,TIMEOUT,Z,0.1754482,0.1034228
7/2/3/4/5/7/7/5/7 3 3,Z,2,0,BLOCK,Z,0.6171864,0.9301789
7/2/3/6/1/7/7/5/7 3 3,X,-2,2,BLOCK,X,1.016657,0.5179217
7/2/3/6/5/7/7/1/7 3 3,Z,-2,0,BLOCK,Z,0.5162296,0.4930208
7/2/3/6/5/7/7/5/3 3 3,Z,0.5,302,TIMEOUT,Z,0.01005891,0.005396836
7/2/3/4/5/7/7/3/7 3 3,Z,2.1538461538461538461538461538,0,BLOCK,Z,0.558558,0.7752014
7/2/3/6/1/7/7/3/7 3 3,X,-2,0,BLOCK,X,0.6101688,0.5238288
7/2/3/4/5/7/7/7/6 3 3,Z,2,0,BLOCK,Z,0.7255721,1.071891
7/2/3/6/1/7/7/7/6 3 3,X,-2.1818181818181818181818181818,2,BLOCK,X,1.127589,0.6171855
7/2/3/4/5/7/7/7/5 3 3,Z,2,0,BLOCK,Z,0.4659894,0.8253846
7/2/3/6/1/7/7/7/5 3 3,X,-2,0,BLOCK,X,0.6696622,0.5238382
7/2/3/4/5/7/7/7/3 3 3,Z,2,0,BLOCK,Z,0.4781317,0.9449586
7/2/3/6/1/7/7/7/3 3 3,X,-1.8181818181818181818181818182,0,BLOCK,X,0.8125948,0.6793773
7/2/3/6/5/7/7/6/3 3 3,Z,0.5,302,TIMEOUT,Z,0.01749227,0.007570139
7/2/3/4/3/6/7/7/7 3 3,Z,1.8461538461538461538461538462,0,BLOCK,Z,0.3090682,0.8603794
7/2/3/6/3/4/7/7/7 3 3,Z,2,0,BLOCK,Z,0.6289272,0.6611214
6/2/3/6/3/5/7/7/7 3 3,X,0.6111111111111111111111111111,302,TIMEOUT,Z,0.1213277,0.08236095
7/2/2/6/3/5/7/7/7 3 3,Z,0.5,302,TIMEOUT,Z,0.04111968,0.02175808
7/2/3/4/3/5/7/7/7 3 3,Z,2,0,BLOCK,Z,0.6226423,0.7058531
7/2/3/6/3/1/7/7/7 3 3,Z,-2,0,BLOCK,Z,0.8585804,0.6708058
7/2/3/4/3/3/7/7/7 3 3,Z,2.1538461538461538461538461538,0,BLOCK,Z,0.3749667,0.6452869
7/2/3/4/3/7/6/7/7 3 3,Z,2,0,BLOCK,Z,0.2986532,0.6939495
7/2/3/6/3/7/4/7/7 3 3,X,2,0,BLOCK,X,0.6673068,0.5294363
7/2/3/4/3/7/5/7/7 3 3,Z,2,0,BLOCK,Z,0.4419915,0.7934158
7/2/3/6/3/7/1/7/7 3 3,X,-2,0,BLOCK,X,0.5450155,0.5835609
7/2/3/4/3/7/3/7/7 3 3,Z,2,0,BLOCK,Z,0.5254932,0.9423203
7/2/3/4/3/7/7/6/7 3 3,Z,1.8461538461538461538461538462,0,BLOCK,Z,0.6290408,0.8709584
7/2/3/6/3/7/7/4/7 3 3,Z,2,0,BLOCK,Z,0.4213852,0.5002527
7/2/3/6/3/7/7/6/5 3 3,X,-0.5,302,TIMEOUT,Z,0.02633658,0.01425795
7/2/3/4/3/7/7/5/7 3 3,Z,2,0,BLOCK,Z,0.6017793,0.8518527
7/2/3/6/3/7/7/1/7 3 3,Z,-2,0,BLOCK,Z,0.3343166,0.2780029
7/2/3/4/3/7/7/3/7 3 3,Z,2.1538461538461538461538461538,2,BLOCK,Z,1.030935,1.363245
7/2/3/4/3/7/7/7/6 3 3,Z,2,0,BLOCK,Z,0.419109,0.6909934
6/2/3/6/3/7/7/7/5 3 3,X,0.6111111111111111111111111111,302,TIMEOUT,Z,0.1176838,0.08464938
7/2/3/4/3/7/7/7/5 3 3,Z,2,0,BLOCK,Z,0.521814,0.7872698
7/2/3/4/3/7/7/7/3 3 3,Z,2,0,BLOCK,Z,0.6438577,1.071431
7/2/3/4/7/2/7/7/7 3 3,Z,2,0,BLOCK,Z,1.345233,1.358479
7/2/3/4/7/6/6/7/7 3 3,Z,1.8461538461538461538461538462,0,BLOCK,Z,0.2015656,0.8684673
7/2/3/6/7/4/6/7/7 3 3,Z,2,0,BLOCK,Z,0.6905454,0.5339982
7/2/3/6/7/6/4/7/7 3 3,X,2,2,BLOCK,X,1.502357,0.9277418
7/2/3/4/7/6/5/7/7 3 3,Z,1.8461538461538461538461538462,0,BLOCK,Z,0.3979304,1.077579
7/2/3/6/7/4/5/7/7 3 3,Z,2,0,BLOCK,Z,0.6886117,0.5665886
7/2/3/6/7/6/1/7/7 3 3,X,-2,0,BLOCK,X,0.4669524,0.5998015
7/2/3/6/7/6/5/6/7 3 3,X,-0.5,302,TIMEOUT,Z,0.03775189,0.01729243
7/2/3/4/7/6/3/7/7 3 3,Z,1.8461538461538461538461538462,0,BLOCK,Z,0.3257222,1.087425
7/2/3/6/7/4/3/7/7 3 3,Z,2,0,BLOCK,Z,0.5893574,0.5654648
6/2/3/6/7/6/7/6/7 3 3,X,0.5555555555555555555555555556,302,TIMEOUT,Z,0.2004855,0.1157578
7/2/3/4/7/6/7/6/7 3 3,Z,1.6923076923076923076923076924,0,BLOCK,Z,0.7176803,1.126177
7/2/3/6/7/4/7/6/7 3 3,Z,1.75,0,BLOCK,Z,0.2683311,0.4833036
7/2/3/6/7/6/3/6/7 3 3,X,-0.5,302,TIMEOUT,Z,0.07468493,0.04422262
7/2/3/6/7/6/7/4/7 3 3,Z,2,0,BLOCK,Z,0.3704391,0.3335882
7/2/3/4/7/6/7/5/7 3 3,Z,1.8461538461538461538461538462,0,BLOCK,Z,0.4095037,0.8653713
7/2/3/6/7/4/7/5/7 3 3,Z,2,0,BLOCK,Z,0.5286561,0.4638546
7/2/3/6/7/6/7/1/7 3 3,Z,-2,0,BLOCK,Z,0.5045237,0.4967642
7/2/3/4/7/6/7/3/7 3 3,Z,2.00,0,BLOCK,Z,0.3592652,0.7872404
7/2/3/6/7/4/7/3/7 3 3,Z,2.25,2,BLOCK,Z,1.591122,1.037716
7/2/3/4/7/6/7/7/6 3 3,Z,1.8461538461538461538461538462,0,BLOCK,Z,0.08133378,0.8305458
7/2/3/6/7/4/7/7/6 3 3,Z,2,0,BLOCK,Z,0.5917054,0.5538484
7/2/3/6/7/6/7/6/6 3 3,X,-0.5714285714285714285714285714,302,TIMEOUT,Z,0.01996992,0.01108399
7/2/3/4/7/6/7/7/5 3 3,Z,1.8461538461538461538461538462,0,BLOCK,Z,0.8765455,1.104919
7/2/3/6/7/4/7/7/5 3 3,Z,2,0,BLOCK,Z,0.4551696,0.5116544
7/2/3/6/7/6/3/7/5 3 3,Z,0.5,302,TIMEOUT,Z,0.03477416,0.01617858
7/2/3/4/7/6/7/7/3 3 3,Z,1.8461538461538461538461538462,0,BLOCK,Z,0.3111142,0.8095918
7/2/3/6/7/4/7/7/3 3 3,Z,2,0,BLOCK,Z,0.555541,0.4732772
7/2/3/4/7/5/6/7/7 3 3,Z,2,0,BLOCK,Z,0.6017915,0.8947535
7/2/3/6/7/1/6/7/7 3 3,Z,-2,0,BLOCK,Z,0.4262738,0.456044
7/2/3/6/7/5/4/7/7 3 3,X,2,0,BLOCK,X,1.348022,0.9502744
7/2/3/4/7/5/5/7/7 3 3,Z,2,0,BLOCK,Z,0.9904377,1.457176
7/2/3/6/7/1/5/7/7 3 3,Z,-2,2,BLOCK,Z,1.236977,1.002431
7/2/3/6/7/5/1/7/7 3 3,X,-2,0,BLOCK,X,0.411068,0.7004163
7/2/3/4/7/5/3/7/7 3 3,Z,2,2,BLOCK,Z,0.8111076,1.250243
7/2/3/6/7/1/3/7/7 3 3,Z,-2,2,BLOCK,Z,1.207171,0.8917561
7/2/3/4/7/5/7/6/7 3 3,Z,1.8461538461538461538461538462,0,BLOCK,Z,0.5833514,0.7393317
7/2/3/6/7/1/7/6/7 3 3,Z,-2.25,0,BLOCK,Z,0.3506774,0.3899179
7/2/3/6/7/5/7/4/7 3 3,Z,2,2,BLOCK,Z,1.590992,0.9715424
7/2/3/4/7/5/7/5/7 3 3,Z,2,0,BLOCK,Z,0.7979579,1.005862
7/2/3/6/7/1/7/5/7 3 3,Z,-2,0,BLOCK,Z,0.826256,0.5567043
7/2/3/6/7/5/7/1/7 3 3,Z,-2,0,BLOCK,Z,0.3772394,0.3283064
7/2/3/4/7/5/7/3/7 3 3,Z,2.1538461538461538461538461538,0,BLOCK,Z,0.4815131,0.6340484
7/2/3/6/7/1/7/3/7 3 3,Z,-1.75,0,BLOCK,Z,0.8476862,0.7187858
7/2/3/4/7/5/7/7/6 3 3,Z,2,0,BLOCK,Z,0.539474,0.8743224
7/2/3/6/7/1/7/7/6 3 3,Z,-2,0,BLOCK,Z,0.6698418,0.4051815
7/2/3/4/7/5/7/7/5 3 3,Z,2,0,BLOCK,Z,0.3446667,0.622515
7/2/3/6/7/1/7/7/5 3 3,Z,-2,0,BLOCK,Z,0.5993035,0.5346377
5/2/3/6/7/5/7/7/3 3 3,Z,0.5,302,TIMEOUT,Z,0.01186428,0.005106001
7/2/3/4/7/5/7/7/3 3 3,Z,2,0,BLOCK,Z,0.6534323,0.9958754
7/2/3/6/7/1/7/7/3 3 3,Z,-2,0,BLOCK,Z,0.5381952,0.5244991
7/2/3/4/7/3/6/7/7 3 3,Z,2.1538461538461538461538461538,2,BLOCK,Z,1.659558,1.467091
7/2/3/6/7/3/4/7/7 3 3,X,2,0,BLOCK,X,0.5286661,0.4424667
7/2/3/4/7/3/5/7/7 3 3,Z,2.1538461538461538461538461538,0,BLOCK,Z,0.2580664,0.7114073
7/2/3/6/7/3/1/7/7 3 3,X,-2,0,BLOCK,X,0.627469,0.7291592
7/2/3/4/7/3/3/7/7 3 3,Z,2.1538461538461538461538461538,0,BLOCK,Z,1.610675,1.269866
7/2/3/4/7/3/7/6/7 3 3,Z,2.00,0,BLOCK,Z,0.6298937,0.7896192
7/2/3/6/7/3/7/4/7 3 3,Z,2,2,BLOCK,Z,1.583454,0.9269806
7/2/3/4/7/3/7/5/7 3 3,Z,2.1538461538461538461538461538,0,BLOCK,Z,0.3561535,0.953021
7/2/3/6/7/3/7/1/7 3 3,Z,-2,0,BLOCK,Z,0.4680929,0.3950542
7/2/3/4/7/3/7/3/7 3 3,Z,2.3076923076923076923076923076,0,BLOCK,Z,0.5603782,0.6923938
7/2/3/4/7/3/7/7/6 3 3,Z,2.1538461538461538461538461538,0,BLOCK,Z,0.532941,0.8154017
7/2/3/4/7/3/7/7/5 3 3,Z,2.1538461538461538461538461538,0,BLOCK,Z,0.66666,0.6446024
7/2/3/4/7/3/7/7/3 3 3,Z,2.1538461538461538461538461538,0,BLOCK,Z,1.727701,1.314854
7/2/3/4/7/7/2/7/7 3 3,Z,2,0,BLOCK,Z,0.6869581,0.9861951
5/2/3/6/7/7/6/6/7 3 3,X,-0.5666666666666666666666666666,302,TIMEOUT,Z,0.05479657,0.02675792
7/2/3/4/7/7/6/6/7 3 3,Z,1.8461538461538461538461538462,2,BLOCK,Z,0.9462187,1.139796
7/2/3/6/7/7/4/6/7 3 3,X,2,0,BLOCK,X,0.5016364,0.4622305
7/2/3/6/7/7/2/6/7 3 3,X,-0.5,302,TIMEOUT,Z,0.02218929,0.01713536
7/2/3/6/7/7/6/4/7 3 3,Z,2,0,BLOCK,Z,0.5923446,0.4372401
7/2/3/4/7/7/6/5/7 3 3,Z,2,0,BLOCK,Z,0.4622927,0.7225464
7/2/3/6/7/7/4/5/7 3 3,X,2,0,BLOCK,X,0.4017993,0.4840719
7/2/3/6/7/7/6/1/7 3 3,Z,-2,0,BLOCK,Z,0.4271654,0.4952535
7/2/3/4/7/7/6/3/7 3 3,Z,2.1538461538461538461538461538,2,BLOCK,Z,1.059679,1.186673
7/2/3/6/7/7/4/3/7 3 3,X,2,2,BLOCK,X,1.382022,0.8632259
7/2/3/4/7/7/6/7/6 3 3,Z,2,0,BLOCK,Z,0.6748511,0.9900252
7/2/3/6/7/7/4/7/6 3 3,X,1.6,0,BLOCK,X,0.6084201,0.4845508
7/2/3/4/7/7/6/7/5 3 3,Z,2,2,BLOCK,Z,1.051089,1.277605
7/2/3/6/7/7/4/7/5 3 3,X,2,0,BLOCK,X,0.132118,0.2917627
7/2/3/4/7/7/6/7/3 3 3,Z,2,0,BLOCK,Z,0.720506,0.8796279
7/2/3/6/7/7/4/7/3 3 3,X,2.4,0,BLOCK,X,0.5153608,0.5110629
7/2/3/6/7/7/6/5/3 3 3,X,0.75,302,TIMEOUT,Z,0.01016796,0.006596806
6/2/3/6/7/7/5/5/7 3 3,X,0.5555555555555555555555555556,62,PLANE,X,0.6534015,0.4525256
7/2/3/4/7/7/5/5/7 3 3,Z,2,2,BLOCK,Z,0.9878992,1.285757
7/2/3/6/7/7/1/5/7 3 3,X,-2,0,BLOCK,X,0.4931438,0.6563146
7/2/3/6/7/7/5/4/7 3 3,Z,2,2,BLOCK,Z,1.582667,0.9724713
7/2/3/6/7/7/5/1/7 3 3,Z,-2,0,BLOCK,Z,0.4159268,0.4044205
7/2/3/4/7/7/5/3/7 3 3,Z,2.1538461538461538461538461538,0,BLOCK,Z,0.8017747,1.099453
7/2/3/6/7/6/5/3/7 3 3,Z,0.6428571428571428571428571429,302,TIMEOUT,Z,0.0144313,0.007934553
7/2/3/6/7/7/1/3/7 3 3,X,-2,0,BLOCK,X,0.3941946,0.5984043
7/2/3/4/7/7/5/7/6 3 3,Z,2,2,BLOCK,Z,1.022613,1.13497
7/2/3/6/5/7/5/7/6 3 3,X,-0.5714285714285714285714285714,302,TIMEOUT,Z,0.01059083,0.006254839
7/2/3/6/7/7/1/7/6 3 3,X,-2.4,0,BLOCK,X,0.6233821,0.8890365
7/2/3/4/7/7/5/7/5 3 3,Z,2,0,BLOCK,Z,0.715817,0.9112769
7/2/3/6/7/7/1/7/5 3 3,X,-2,0,BLOCK,X,0.4606806,0.4893018
7/2/3/4/7/7/5/7/3 3 3,Z,2,0,BLOCK,Z,0.7081758,0.8349129
7/2/3/6/7/7/1/7/3 3 3,X,-1.6,0,BLOCK,X,0.3060713,0.5031638
7/2/3/4/7/7/3/6/7 3 3,Z,1.8461538461538461538461538462,0,BLOCK,Z,0.6657606,0.9062335
7/2/3/6/7/7/1/6/7 3 3,X,-2,0,BLOCK,X,0.4663939,0.6390207
7/2/3/6/7/7/3/4/7 3 3,Z,2,0,BLOCK,Z,0.7486739,0.3941471
7/2/3/6/7/7/3/2/7 3 3,Z,0.5,302,TIMEOUT,Z,0.02464607,0.01182428
7/2/3/4/7/7/3/5/7 3 3,Z,2,0,BLOCK,Z,0.3563191,0.7869788
7/2/3/6/7/7/3/1/7 3 3,Z,-2,0,BLOCK,Z,0.4331297,0.3589482
7/2/3/4/7/7/3/3/7 3 3,Z,2.1538461538461538461538461538,0,BLOCK,Z,0.5672431,0.8410121
7/2/3/4/7/7/3/7/6 3 3,Z,2,0,BLOCK,Z,0.4038247,0.7835286
7/2/3/4/7/7/3/7/5 3 3,Z,2,0,BLOCK,Z,0.7021717,1.046344
7/2/3/4/7/7/3/7/3 3 3,Z,2,2,BLOCK,Z,0.9426458,1.190579
7/2/3/4/7/7/5/6/7 3 3,Z,1.8461538461538461538461538462,0,BLOCK,Z,0.4711396,0.7604066
7/2/3/4/7/7/7/2/7 3 3,Z,2,0,BLOCK,Z,0.6033702,0.7814949
7/2/3/4/7/7/7/6/6 3 3,Z,1.8461538461538461538461538462,0,BLOCK,Z,0.8250715,1.045496
7/2/3/6/7/7/7/4/6 3 3,Z,2,0,BLOCK,Z,0.06921089,0.2957892
7/2/3/4/7/7/7/6/3 3 3,Z,1.8461538461538461538461538462,0,BLOCK,Z,0.2813112,0.8870427
7/2/3/6/7/7/7/4/3 3 3,Z,2,2,BLOCK,Z,1.660419,1.048766
3/2/3/6/7/7/7/5/6 3 3,X,-0.5666666666666666666666666666,302,TIMEOUT,Z,0.1406981,0.08042522
7/2/3/4/7/7/7/5/6 3 3,Z,2,0,BLOCK,Z,0.5997944,0.9435032
7/2/3/6/7/7/7/1/6 3 3,Z,-2,0,BLOCK,Z,0.2173754,0.380919
7/2/3/4/7/7/7/5/5 3 3,Z,2,0,BLOCK,Z,0.5040896,0.7577271
7/2/3/6/7/7/7/4/5 3 3,Z,2,0,BLOCK,Z,0.1342363,0.08424193
7/2/3/6/7/7/7/1/5 3 3,Z,-2,0,BLOCK,Z,0.2067413,0.3508644
7/2/3/4/7/7/7/5/3 3 3,Z,2,0,BLOCK,Z,0.7786987,0.7598767
7/2/3/6/7/7/7/1/3 3 3,Z,-2,0,BLOCK,Z,0.1511653,0.143409
7/2/3/4/7/7/7/3/6 3 3,Z,2.1538461538461538461538461538,2,BLOCK,Z,1.098588,1.266134
7/2/3/4/7/7/7/3/5 3 3,Z,2.1538461538461538461538461538,0,BLOCK,Z,0.5665029,0.6911945
7/2/3/4/7/7/7/3/3 3 3,Z,2.1538461538461538461538461538,0,BLOCK,Z,0.6694322,0.8053823
7/2/3/4/7/7/7/7/4 3 3,Z,2,0,BLOCK,Z,0.8577943,1.107224
7/2/3/6/6/7/7/7/4 3 3,X,-0.6428571428571428571428571429,302,TIMEOUT,Z,0.03867302,0.01978797
3/2/3/6/7/7/7/7/2 3 3,X,-0.5,302,TIMEOUT,Z,0.03354231,0.01787243
7/2/3/4/7/7/7/7/2 3 3,Z,2,0,BLOCK,Z,0.4176666,0.652513
7/2/3/4/7/7/7/6/5 3 3,Z,1.8461538461538461538461538462,0,BLOCK,Z,0.6388716,0.7354701
3/2/3/6/7/7/7/7/1 3 3,Z,0.5,302,TIMEOUT,Z,0.1964183,0.0928391
7/2/3/4/7/7/7/7/1 3 3,Z,2,0,BLOCK,Z,0.3189194,0.5405846
7/2/3/6/7/7/3/7/1 3 3,Z,0.5,302,TIMEOUT,Z,0.02420678,0.01046838
7/2/3/1/2/7/7/7/7 3 3,Z,-2,0,BLOCK,Z,0.655866,0.9748236
7/2/3/1/6/6/7/7/7 3 3,Z,-2.1538461538461538461538461538,0,BLOCK,Z,1.187524,1.428935
7/2/3/5/4/6/7/7/7 3 3,X,2,0,BLOCK,X,0.3697869,0.6833483
7/2/3/5/6/4/7/7/7 3 3,Z,2,0,BLOCK,Z,0.5774134,0.5497714
7/2/3/1/6/5/7/7/7 3 3,Z,-2,0,BLOCK,Z,0.4099443,0.9367003
7/2/3/5/4/5/7/7/7 3 3,X,2,0,BLOCK,X,0.5618595,0.6311549
7/2/3/5/6/1/7/7/7 3 3,Z,-2,0,BLOCK,Z,0.4328537,0.4802588
7/2/3/1/6/3/7/7/7 3 3,Z,-1.8461538461538461538461538462,0,BLOCK,Z,1.191031,1.256095
7/2/3/5/4/3/7/7/7 3 3,X,2,0,BLOCK,X,0.8742248,0.7943711
7/2/3/1/6/7/6/7/7 3 3,Z,-2,0,BLOCK,Z,0.7032734,0.9348372
7/2/3/5/4/7/6/7/7 3 3,X,1.8181818181818181818181818182,0,BLOCK,X,0.3648216,0.6101333
7/2/3/5/6/7/4/7/7 3 3,X,2,0,BLOCK,X,0.5383628,0.4580657
7/2/3/1/6/7/5/7/7 3 3,Z,-2,0,BLOCK,Z,0.7656947,0.6615829
7/2/3/5/4/7/5/7/7 3 3,X,2,0,BLOCK,X,0.492672,0.500691
7/2/3/5/6/7/1/7/7 3 3,X,-2,0,BLOCK,X,0.7260564,0.6804746
7/2/3/1/6/7/3/7/7 3 3,Z,-2,0,BLOCK,Z,0.6728421,0.8784611
7/2/3/5/4/7/3/7/7 3 3,X,2.1818181818181818181818181818,0,BLOCK,X,0.5224613,0.5375925
7/2/3/1/6/7/7/6/7 3 3,Z,-2.1538461538461538461538461538,0,BLOCK,Z,0.655743,0.9999245
7/2/3/5/4/7/7/6/7 3 3,X,2,2,BLOCK,X,1.128187,1.060743
7/2/3/5/6/7/5/6/7 3 3,X,-0.5714285714285714285714285714,302,TIMEOUT,Z,0.01296485,0.0093599
7/2/3/5/6/7/7/4/7 3 3,Z,2,0,BLOCK,Z,0.2400958,0.1522517
7/2/3/5/6/7/7/6/5 3 3,X,-0.5714285714285714285714285714,302,TIMEOUT,Z,0.01891284,0.009625256
7/2/3/1/6/7/7/5/7 3 3,Z,-2,0,BLOCK,Z,0.6701192,0.897113
7/2/3/5/4/7/7/5/7 3 3,X,2,0,BLOCK,X,1.035881,0.8270664
7/2/3/5/6/7/7/1/7 3 3,Z,-2,0,BLOCK,Z,0.4278308,0.3812791
7/2/3/1/6/7/7/3/7 3 3,Z,-1.8461538461538461538461538462,0,BLOCK,Z,0.3749511,0.9714242
7/2/3/5/4/7/7/3/7 3 3,X,2,0,BLOCK,X,0.5984213,0.6507917
7/2/3/1/6/7/7/7/6 3 3,Z,-2,0,BLOCK,Z,0.5611029,0.8345555
7/2/3/5/4/7/7/7/6 3 3,X,1.8181818181818181818181818182,2,BLOCK,X,1.147394,1.015426
7/2/3/1/6/7/7/7/5 3 3,Z,-2,0,BLOCK,Z,0.6454094,0.8262007
7/2/3/5/4/7/7/7/5 3 3,X,2,0,BLOCK,X,0.660622,0.6650952
7/2/3/5/6/6/7/7/5 3 3,X,-0.5714285714285714285714285714,302,TIMEOUT,Z,0.02333488,0.012968
7/2/3/1/6/7/7/7/3 3 3,Z,-2,0,BLOCK,Z,0.492986,0.7273146
7/2/3/5/4/7/7/7/3 3 3,X,2.1818181818181818181818181818,0,BLOCK,X,0.6627757,0.429263
7/2/3/1/5/6/7/7/7 3 3,Z,-2.1538461538461538461538461538,0,BLOCK,Z,0.1696342,0.7196749
7/2/3/5/1/6/7/7/7 3 3,X,-2,0,BLOCK,X,0.6378647,0.4762349
7/2/3/5/5/4/7/7/7 3 3,Z,2,0,BLOCK,Z,0.644083,0.5229638
7/2/3/1/5/5/7/7/7 3 3,Z,-2,0,BLOCK,Z,1.003238,1.259469
7/2/3/5/1/5/7/7/7 3 3,X,-2,2,BLOCK,X,0.9770323,0.4820689
7/2/3/5/5/1/7/7/7 3 3,Z,-2,0,BLOCK,Z,0.6206065,0.7699395
7/2/3/1/5/3/7/7/7 3 3,Z,-1.8461538461538461538461538462,0,BLOCK,Z,0.3324292,0.9947321
7/2/3/5/1/3/7/7/7 3 3,X,-2,2,BLOCK,X,1.017319,0.6430957
7/2/3/1/5/7/6/7/7 3 3,Z,-2,0,BLOCK,Z,0.4521032,0.9931126
7/2/3/5/1/7/6/7/7 3 3,X,-2.1818181818181818181818181818,0,BLOCK,X,1.223657,0.6568348
7/2/3/5/5/7/4/7/7 3 3,X,2,0,BLOCK,X,0.5701599,0.5097742
7/2/3/1/5/7/5/7/7 3 3,Z,-2,2,BLOCK,Z,0.9690448,1.342297
7/2/3/5/1/7/5/7/7 3 3,X,-2,0,BLOCK,X,0.5215321,0.4733951
7/2/3/5/5/7/1/7/7 3 3,X,-2,0,BLOCK,X,0.2990427,0.5740124
7/2/3/1/5/7/3/7/7 3 3,Z,-2,0,BLOCK,Z,0.6396385,1.074146
7/2/3/5/1/7/3/7/7 3 3,X,-1.8181818181818181818181818182,2,BLOCK,X,0.9099857,0.601745
7/2/3/1/5/7/7/6/7 3 3,Z,-2.1538461538461538461538461538,0,BLOCK,Z,0.6370723,0.7151306
7/2/3/5/1/7/7/6/7 3 3,X,-2,0,BLOCK,X,0.9498776,0.6331743
7/2/3/5/5/7/5/6/7 3 3,X,-0.5,302,TIMEOUT,Z,0.01604496,0.01072896
7/2/3/5/5/7/7/4/7 3 3,Z,2,0,BLOCK,Z,0.1132047,0.1562885
3/2/3/5/5/7/7/5/7 3 3,X,-0.5,302,TIMEOUT,Z,0.04953923,0.01901065
7/2/3/1/5/7/7/5/7 3 3,Z,-2,0,BLOCK,Z,0.5897856,0.8786539
7/2/3/5/1/7/7/5/7 3 3,X,-2,0,BLOCK,X,0.6725169,0.5501533
7/2/3/5/5/7/7/1/7 3 3,Z,-2,0,BLOCK,Z,0.4184807,0.3881884
7/2/3/1/5/7/7/3/7 3 3,Z,-1.8461538461538461538461538462,0,BLOCK,Z,0.4729996,0.9548333
7/2/3/5/1/7/7/3/7 3 3,X,-2,0,BLOCK,X,0.7789632,0.489059
7/2/3/1/5/7/7/7/6 3 3,Z,-2,0,BLOCK,Z,0.8903188,1.231029
7/2/3/5/1/7/7/7/6 3 3,X,-2.1818181818181818181818181818,0,BLOCK,X,0.8697948,0.4795248
7/2/3/1/5/7/7/7/5 3 3,Z,-2,0,BLOCK,Z,0.9111941,1.17458
7/2/3/5/1/7/7/7/5 3 3,X,-2,0,BLOCK,X,0.5464771,0.4626866
7/2/3/5/5/6/7/7/5 3 3,X,-0.5,302,TIMEOUT,Z,0.01855594,0.009500014
7/2/3/1/5/7/7/7/3 3 3,Z,-2,0,BLOCK,Z,0.4418325,0.7036948
7/2/3/5/1/7/7/7/3 3 3,X,-1.8181818181818181818181818182,0,BLOCK,X,0.8576059,0.4569333
7/2/3/1/3/6/7/7/7 3 3,Z,-2.1538461538461538461538461538,0,BLOCK,Z,0.435192,0.6927103
7/2/3/5/3/4/7/7/7 3 3,Z,2,0,BLOCK,Z,0.5314208,0.6110134
7/2/3/1/3/5/7/7/7 3 3,Z,-2,0,BLOCK,Z,0.6190507,0.8200489
7/2/3/5/3/1/7/7/7 3 3,Z,-2,0,BLOCK,Z,1.260599,0.9857316
7/2/3/1/3/3/7/7/7 3 3,Z,-1.8461538461538461538461538462,0,BLOCK,Z,0.1049535,0.8946908
7/2/3/1/3/7/6/7/7 3 3,Z,-2,0,BLOCK,Z,0.4336945,0.7752553
7/2/3/5/3/7/4/7/7 3 3,X,2,0,BLOCK,X,0.6840024,0.6160716
7/2/3/1/3/7/5/7/7 3 3,Z,-2,2,BLOCK,Z,0.9244163,1.252812
7/2/3/5/3/7/1/7/7 3 3,X,-2,0,BLOCK,X,0.618001,0.727006
7/2/3/1/3/7/3/7/7 3 3,Z,-2,0,BLOCK,Z,0.6420271,0.9111078
7/2/2/5/3/7/7/6/7 3 3,X,-0.5,302,TIMEOUT,Z,0.02028278,0.01333093
7/2/3/1/3/7/7/6/7 3 3,Z,-2.1538461538461538461538461538,0,BLOCK,Z,0.6437473,0.7886239
7/2/3/5/3/6/7/6/7 3 3,X,-0.5,302,TIMEOUT,Z,0.01272654,0.007995955
7/2/3/5/3/7/7/4/7 3 3,Z,2,2,BLOCK,Z,1.588518,0.9567889
7/2/3/1/3/7/7/5/7 3 3,Z,-2,0,BLOCK,Z,0.5456674,0.790284
7/2/3/5/3/7/7/1/7 3 3,Z,-2,0,BLOCK,Z,0.4216133,0.4106499
7/2/3/1/3/7/7/3/7 3 3,Z,-1.8461538461538461538461538462,0,BLOCK,Z,0.3980905,0.7526456
7/2/3/1/3/7/7/7/6 3 3,Z,-2,0,BLOCK,Z,0.6586906,0.8238083
7/2/3/1/3/7/7/7/5 3 3,Z,-2,0,BLOCK,Z,0.574183,0.7521794
7/2/3/5/3/7/7/6/5 3 3,X,-0.5,302,TIMEOUT,Z,0.009202644,0.003679964
3/2/3/5/3/7/7/7/3 3 3,X,-0.4090909090909090909090909091,302,TIMEOUT,Z,0.04787157,0.0209315
7/2/3/1/3/7/7/7/3 3 3,Z,-2,0,BLOCK,Z,0.9677157,1.186858
7/2/2/5/7/2/7/7/7 3 3,X,0,302,TIMEOUT,Z,0.008611665,0.003825053
7/2/3/1/7/2/7/7/7 3 3,Z,-2,0,BLOCK,Z,0.2060689,0.9450792
7/2/3/1/7/6/6/7/7 3 3,Z,-2.1538461538461538461538461538,0,BLOCK,Z,0.588644,0.7238643
7/2/3/5/3/6/6/7/7 3 3,X,-0.60,302,TIMEOUT,Z,0.02227802,0.01011214
7/2/3/5/7/4/6/7/7 3 3,Z,2,0,BLOCK,Z,1.377641,0.9949925
7/2/3/5/7/6/4/7/7 3 3,X,2,0,BLOCK,X,0.5204886,0.421465
7/2/3/5/7/6/6/6/7 3 3,X,-0.5714285714285714285714285714,302,TIMEOUT,Z,0.02266243,0.01726791
7/2/3/1/7/6/5/7/7 3 3,Z,-2.1538461538461538461538461538,0,BLOCK,Z,0.3521787,0.7096627
7/2/3/5/7/4/5/7/7 3 3,Z,2,0,BLOCK,Z,0.4320745,0.4852031
7/2/3/5/7/6/1/7/7 3 3,X,-2,0,BLOCK,X,1.266663,0.8357441
7/2/3/1/7/6/3/7/7 3 3,Z,-2.1538461538461538461538461538,0,BLOCK,Z,0.3546461,0.4078419
7/2/3/5/7/4/3/7/7 3 3,Z,2,0,BLOCK,Z,0.4926825,0.321547
7/2/3/1/7/6/7/6/7 3 3,Z,-2.3076923076923076923076923076,0,BLOCK,Z,1.292261,1.240193
7/2/3/5/7/4/7/6/7 3 3,Z,1.75,0,BLOCK,Z,0.1517476,0.488901
7/2/3/5/7/6/7/4/7 3 3,Z,2,0,BLOCK,Z,0.4020287,0.4009399
7/2/3/5/7/6/7/6/5 3 3,X,-0.5,302,TIMEOUT,Z,0.01718765,0.01712547
7/2/3/1/7/6/7/5/7 3 3,Z,-2.1538461538461538461538461538,0,BLOCK,Z,0.3987063,0.7309125
7/2/3/5/7/4/7/5/7 3 3,Z,2,0,BLOCK,Z,0.3342028,0.3617095
7/2/3/5/7/6/7/1/7 3 3,Z,-2,0,BLOCK,Z,0.2294533,0.3218401
7/2/3/1/7/6/7/3/7 3 3,Z,-2.00,0,BLOCK,Z,0.3760841,0.6282754
7/2/3/5/7/4/7/3/7 3 3,Z,2.25,0,BLOCK,Z,0.115768,0.3492072
3/2/3/5/7/6/7/7/5 3 3,X,-0.5,302,TIMEOUT,Z,0.07894897,0.06488567
7/2/3/1/7/6/7/7/5 3 3,Z,-2.1538461538461538461538461538,2,BLOCK,Z,1.435856,1.282255
7/2/3/5/7/4/7/7/5 3 3,Z,2,0,BLOCK,Z,0.3750535,0.447739
7/2/3/1/7/6/7/7/3 3 3,Z,-2.1538461538461538461538461538,0,BLOCK,Z,0.2379781,0.7726502
7/2/3/5/7/4/7/7/3 3 3,Z,2,0,BLOCK,Z,0.6100833,0.6872961
7/2/3/5/7/6/7/7/2 3 3,X,-0.5,302,TIMEOUT,Z,0.03085874,0.01475665
7/2/3/1/7/5/6/7/7 3 3,Z,-2,0,BLOCK,Z,0.6303046,1.075721
7/2/3/5/7/1/6/7/7 3 3,Z,-2,0,BLOCK,Z,0.2606173,0.5450621
7/2/3/5/7/5/4/7/7 3 3,X,2,2,BLOCK,X,1.411753,0.9124414
7/2/3/1/7/5/5/7/7 3 3,Z,-2,2,BLOCK,Z,0.9768549,1.239355
7/2/3/5/7/1/5/7/7 3 3,Z,-2,0,BLOCK,Z,0.5058294,0.5078971
7/2/3/5/7/5/1/7/7 3 3,X,-2,0,BLOCK,X,0.3823173,0.6706605
7/2/3/1/7/5/3/7/7 3 3,Z,-2,0,BLOCK,Z,0.9920415,1.075108
7/2/3/5/7/1/3/7/7 3 3,Z,-2,2,BLOCK,Z,1.256284,0.957614
7/2/3/5/7/5/3/6/7 3 3,X,-0.5,302,TIMEOUT,Z,0.02105412,0.01181569
7/2/3/1/7/5/7/6/7 3 3,Z,-2.1538461538461538461538461538,0,BLOCK,Z,1.047316,1.380072
7/2/3/5/7/1/7/6/7 3 3,Z,-2.25,0,BLOCK,Z,0.3331978,0.4364643
7/2/3/5/7/5/7/4/7 3 3,Z,2,0,BLOCK,Z,0.07364392,0.224328
7/2/3/1/7/5/7/5/7 3 3,Z,-2,0,BLOCK,Z,0.5070967,0.719824
7/2/3/5/7/1/7/5/7 3 3,Z,-2,0,BLOCK,Z,0.4709406,0.5208026
7/2/3/5/7/5/7/1/7 3 3,Z,-2,0,BLOCK,Z,0.1576123,0.1602153
7/2/3/1/7/5/7/3/7 3 3,Z,-1.8461538461538461538461538462,0,BLOCK,Z,0.5537355,0.6613425
7/2/3/5/7/1/7/3/7 3 3,Z,-1.75,0,BLOCK,Z,0.1336551,0.3583905
7/2/3/1/7/5/7/7/6 3 3,Z,-2,0,BLOCK,Z,0.7655285,0.9499525
7/2/3/5/7/4/7/7/6 3 3,Z,2,2,BLOCK,Z,1.317699,0.9047757
7/2/3/5/7/1/7/7/6 3 3,Z,-2,0,BLOCK,Z,0.3307615,0.2894365
7/2/3/1/7/5/7/7/5 3 3,Z,-2,0,BLOCK,Z,0.5643182,0.6719753
7/2/3/5/7/1/7/7/5 3 3,Z,-2,0,BLOCK,Z,0.4052687,0.3150516
7/2/3/1/7/5/7/7/3 3 3,Z,-2,0,BLOCK,Z,0.5121913,0.7496088
7/2/3/5/7/1/7/7/3 3 3,Z,-2,0,BLOCK,Z,0.4390875,0.4809857
7/2/3/1/7/3/6/7/7 3 3,Z,-1.8461538461538461538461538462,0,BLOCK,Z,0.2896176,0.9683866
7/2/3/5/7/3/4/7/7 3 3,X,2,2,BLOCK,X,1.468567,0.9149297
7/2/3/1/7/3/5/7/7 3 3,Z,-1.8461538461538461538461538462,0,BLOCK,Z,0.8917123,1.337654
7/2/3/5/7/3/1/7/7 3 3,X,-2,0,BLOCK,X,0.4380861,0.5333664
7/2/3/1/7/3/3/7/7 3 3,Z,-1.8461538461538461538461538462,0,BLOCK,Z,0.4973718,0.9622383
7/2/3/1/7/3/7/6/7 3 3,Z,-2.00,0,BLOCK,Z,0.9712123,1.318481
7/2/3/5/7/3/7/4/7 3 3,Z,2,2,BLOCK,Z,1.598443,0.938361
7/2/3/1/7/3/7/5/7 3 3,Z,-1.8461538461538461538461538462,0,BLOCK,Z,0.08026581,0.9439819
7/2/3/5/7/3/7/1/7 3 3,Z,-2,0,BLOCK,Z,0.4653153,0.4668506
7/2/3/1/7/3/7/3/7 3 3,Z,-1.6923076923076923076923076924,0,BLOCK,Z,0.04460461,0.7149409
7/2/3/1/7/3/7/7/6 3 3,Z,-1.8461538461538461538461538462,0,BLOCK,Z,0.1323323,0.7212751
7/2/3/1/7/3/7/7/5 3 3,Z,-1.8461538461538461538461538462,0,BLOCK,Z,0.2207091,0.8583307
7/2/3/1/7/3/7/7/3 3 3,Z,-1.8461538461538461538461538462,0,BLOCK,Z,0.2305756,0.8428479
7/2/3/1/7/7/2/7/7 3 3,Z,-2,0,BLOCK,Z,0.4246774,0.7262607
7/2/3/1/7/7/6/6/7 3 3,Z,-2.1538461538461538461538461538,0,BLOCK,Z,0.8263922,1.020856
7/2/3/5/7/5/6/6/7 3 3,X,-0.5714285714285714285714285714,302,TIMEOUT,Z,0.009155168,0.005935288
7/2/3/5/7/7/4/6/7 3 3,X,2,0,BLOCK,X,0.3248968,0.4405581
7/2/3/5/7/7/6/4/7 3 3,Z,2,0,BLOCK,Z,0.3310935,0.3949361
7/2/3/1/7/7/6/5/7 3 3,Z,-2,0,BLOCK,Z,0.5613953,0.885668
7/2/3/5/7/7/4/5/7 3 3,X,2,0,BLOCK,X,0.3633713,0.3973146
7/2/3/5/7/7/6/1/7 3 3,Z,-2,0,BLOCK,Z,0.1411117,0.3129862
7/2/3/1/7/7/6/3/7 3 3,Z,-1.8461538461538461538461538462,0,BLOCK,Z,0.3143384,0.7032159
7/2/3/5/7/7/4/3/7 3 3,X,2,0,BLOCK,X,0.3091516,0.3765923
5/2/3/5/7/7/6/7/6 3 3,X,-0.6333333333333333333333333333,302,TIMEOUT,Z,0.1214341,0.05333191
3/2/3/5/7/7/6/7/6 3 3,X,-0.6333333333333333333333333333,2,BLOCK,X,0.789423,0.4121875
7/2/3/1/7/7/6/7/6 3 3,Z,-2,0,BLOCK,Z,0.5136041,0.591473
7/2/3/5/7/7/4/7/6 3 3,X,1.6,2,BLOCK,X,1.326722,0.8480022
7/2/3/1/7/7/6/7/5 3 3,Z,-2,0,BLOCK,Z,0.4756957,0.7282178
7/2/3/5/7/7/4/7/5 3 3,X,2,0,BLOCK,X,0.4898612,0.4710951
7/2/3/1/7/7/6/7/3 3 3,Z,-2,0,BLOCK,Z,0.4806564,0.6912934
7/2/3/5/7/7/4/7/3 3 3,X,2.4,2,BLOCK,X,1.650798,0.9186254
7/2/3/5/7/7/6/6/3 3 3,X,0.75,302,TIMEOUT,Z,0.01197725,0.007489332
7/2/3/1/7/7/5/6/7 3 3,Z,-2.1538461538461538461538461538,0,BLOCK,Z,0.5435843,0.8793396
7/2/3/5/7/7/1/6/7 3 3,X,-2,0,BLOCK,X,0.4224201,0.6695704
7/2/3/5/7/7/5/4/7 3 3,Z,2,0,BLOCK,Z,0.3813372,0.3660853
7/2/3/1/7/7/5/5/7 3 3,Z,-2,2,BLOCK,Z,0.8029565,1.158518
7/2/3/5/7/7/1/5/7 3 3,X,-2,0,BLOCK,X,0.4550974,0.7146251
7/2/3/5/7/7/5/1/7 3 3,Z,-2,0,BLOCK,Z,1.33077,0.5810117
7/2/3/1/7/7/5/3/7 3 3,Z,-1.8461538461538461538461538462,0,BLOCK,Z,0.477959,0.8135346
7/2/3/5/7/7/1/3/7 3 3,X,-2,0,BLOCK,X,0.4911948,0.6546669
7/2/3/1/7/7/5/7/6 3 3,Z,-2,0,BLOCK,Z,0.7074727,0.9095284
7/2/3/5/7/7/1/7/6 3 3,X,-2.4,0,BLOCK,X,0.4989025,0.7127103
7/2/3/1/7/7/5/7/5 3 3,Z,-2,0,BLOCK,Z,0.6128566,0.7886544
7/2/3/5/7/7/1/7/5 3 3,X,-2,2,BLOCK,X,1.371081,0.8609678
7/2/3/1/7/7/5/7/3 3 3,Z,-2,0,BLOCK,Z,0.5865948,0.8050382
7/2/3/5/7/7/1/7/3 3 3,X,-1.6,0,BLOCK,X,0.2636696,0.5281402
7/2/3/1/7/7/3/6/7 3 3,Z,-2.1538461538461538461538461538,0,BLOCK,Z,0.3846823,0.9068339
7/2/3/5/7/7/3/4/7 3 3,Z,2,2,BLOCK,Z,1.571312,0.9700075
7/2/3/5/7/7/3/6/6 3 3,X,-0.75,302,TIMEOUT,Z,0.02769573,0.0170793
3/2/3/5/7/7/3/5/7 3 3,X,-0.5,302,TIMEOUT,Z,0.0538638,0.01863363
7/2/3/1/7/7/3/5/7 3 3,Z,-2,0,BLOCK,Z,0.7214661,1.147024
7/2/3/5/7/7/3/1/7 3 3,Z,-2,0,BLOCK,Z,0.344199,0.3550895
6/2/3/5/7/7/3/3/7 3 3,X,0.6111111111111111111111111111,302,TIMEOUT,Z,0.2557209,0.1459342
7/2/2/5/7/7/3/3/7 3 3,X,-0.5,302,TIMEOUT,Z,0.01244851,0.00750726
7/2/3/1/7/7/3/3/7 3 3,Z,-1.8461538461538461538461538462,0,BLOCK,Z,0.6412824,0.9870846
7/2/3/1/7/7/3/7/6 3 3,Z,-2,0,BLOCK,Z,0.4469373,0.7081377
7/2/3/1/7/7/3/7/5 3 3,Z,-2,0,BLOCK,Z,0.8640727,1.055594
7/2/3/1/7/7/3/7/3 3 3,Z,-2,2,BLOCK,Z,0.9912036,1.149915
7/2/3/5/7/7/3/6/3 3 3,Z,0.5,302,TIMEOUT,Z,0.02947146,0.01277
7/2/3/1/7/7/7/2/7 3 3,Z,-2,0,BLOCK,Z,0.5519018,0.656696
7/2/3/1/7/7/7/6/6 3 3,Z,-2.1538461538461538461538461538,2,BLOCK,Z,1.028181,1.116139
7/2/3/5/7/7/7/4/6 3 3,Z,2,2,BLOCK,Z,1.644342,1.023496
7/2/3/1/7/7/7/6/5 3 3,Z,-2.1538461538461538461538461538,0,BLOCK,Z,0.6397964,0.7201987
7/2/3/5/7/7/5/6/5 3 3,X,-0.5,302,TIMEOUT,Z,0.01933757,0.01344202
7/2/3/5/7/7/7/4/5 3 3,Z,2,0,BLOCK,Z,0.06563068,0.1611783
7/2/3/1/7/7/7/6/3 3 3,Z,-2.1538461538461538461538461538,0,BLOCK,Z,0.5731503,0.6538816
7/2/3/5/7/7/7/4/3 3 3,Z,2,0,BLOCK,Z,0.2949013,0.3080226
7/2/3/1/7/7/7/5/6 3 3,Z,-2,0,BLOCK,Z,0.5788462,0.6502659
7/2/3/5/7/7/7/1/6 3 3,Z,-2,0,BLOCK,Z,0.07749689,0.2565034
7/2/3/1/7/7/7/5/5 3 3,Z,-2,0,BLOCK,Z,0.7925726,0.9766265
7/2/3/5/7/7/7/1/5 3 3,Z,-2,0,BLOCK,Z,0.05696279,0.07141119
7/2/3/1/7/7/7/5/3 3 3,Z,-2,0,BLOCK,Z,0.5462471,0.6762742
7/2/3/5/7/7/7/1/3 3 3,Z,-2,0,BLOCK,Z,0.1072272,0.1072275
7/2/3/1/7/7/7/3/6 3 3,Z,-1.8461538461538461538461538462,0,BLOCK,Z,0.2884148,0.4687512
7/2/3/1/7/7/7/3/5 3 3,Z,-1.8461538461538461538461538462,2,BLOCK,Z,0.8980181,1.040511
7/2/3/1/7/7/7/3/3 3 3,Z,-1.8461538461538461538461538462,0,BLOCK,Z,0.6044167,0.8001407
7/2/2/5/7/6/7/7/6 3 3,Z,0.5,30,BLOCK,Z,0.7863121,0.4946365
7/2/3/1/7/6/7/7/6 3 3,Z,-2.1538461538461538461538461538,0,BLOCK,Z,0.5347736,0.6137271
7/2/3/1/7/7/7/7/4 3 3,Z,-2,0,BLOCK,Z,0.756427,0.9682851
7/2/3/1/7/7/7/7/2 3 3,Z,-2,2,BLOCK,Z,0.9945765,1.122568
7/2/3/1/7/7/7/7/1 3 3,Z,-2,2,BLOCK,Z,1.006418,1.130118
7/2/3/5/7/7/7/6/1 3 3,Z,0.5,302,TIMEOUT,Z,0.006956297,0.003170314
7/2/3/3/4/6/7/7/7 3 3,X,2,0,BLOCK,X,0.7676076,0.7972533
7/2/3/3/6/4/7/7/7 3 3,Z,2,0,BLOCK,Z,0.6999697,0.5704125
7/2/3/3/4/5/7/7/7 3 3,X,2,0,BLOCK,X,1.227138,1.180815
7/2/3/3/6/1/7/7/7 3 3,Z,-2,0,BLOCK,Z,0.588531,0.4972395
7/2/3/3/4/3/7/7/7 3 3,X,2,0,BLOCK,X,0.4455785,0.6624761
5/2/3/3/6/7/6/7/7 3 3,X,-0.6333333333333333333333333333,302,TIMEOUT,Z,0.03089351,0.01694623
7/2/3/3/4/7/6/7/7 3 3,X,1.8181818181818181818181818182,0,BLOCK,X,1.00053,1.051041
7/2/3/3/6/7/4/7/7 3 3,X,2,2,BLOCK,X,1.469537,0.9136313
7/2/3/3/4/7/5/7/7 3 3,X,2,0,BLOCK,X,1.030593,1.045947
7/2/3/3/6/7/1/7/7 3 3,X,-2,0,BLOCK,X,0.6487451,0.5608176
7/2/3/3/4/7/3/7/7 3 3,X,2.1818181818181818181818181818,0,BLOCK,X,0.3802773,0.4592286
7/2/3/3/4/7/7/6/7 3 3,X,2,0,BLOCK,X,1.01109,0.986227
7/2/3/3/6/5/7/6/7 3 3,Z,-0.5833333333333333333333333333,302,TIMEOUT,Z,0.007062572,0.004669235
7/2/3/3/6/7/7/4/7 3 3,Z,2,0,BLOCK,Z,0.2774229,0.2278581
7/2/3/3/4/7/7/5/7 3 3,X,2,2,BLOCK,X,1.055881,1.112108
7/2/3/3/6/7/7/1/7 3 3,Z,-2,0,BLOCK,Z,0.3795578,0.4156242
7/2/3/3/4/7/7/3/7 3 3,X,2,0,BLOCK,X,0.930441,0.8592944
7/2/3/3/4/7/7/7/6 3 3,X,1.8181818181818181818181818182,0,BLOCK,X,1.010926,0.989219
7/2/3/3/4/7/7/7/5 3 3,X,2,0,BLOCK,X,0.566166,0.6812543
7/2/3/3/4/7/7/7/3 3 3,X,2.1818181818181818181818181818,0,BLOCK,X,0.7007166,0.6397601
6/2/3/3/5/6/7/7/7 3 3,Z,-0.5769230769230769230769230769,56,PLANE,X,0.6338537,0.3317541
7/2/3/3/1/6/7/7/7 3 3,X,-2,0,BLOCK,X,0.6356349,0.5999581
7/2/3/3/5/4/7/7/7 3 3,Z,2,2,BLOCK,Z,1.332401,1.095929
7/2/3/3/1/5/7/7/7 3 3,X,-2,2,BLOCK,X,0.9879634,0.5017639
7/2/3/3/5/1/7/7/7 3 3,Z,-2,0,BLOCK,Z,0.7595708,0.628408
7/2/3/3/1/3/7/7/7 3 3,X,-2,2,BLOCK,X,0.9621192,0.5599291
3/2/3/3/5/7/6/7/7 3 3,X,-0.5666666666666666666666666666,302,TIMEOUT,Z,0.06687948,0.03646465
7/2/3/3/1/7/6/7/7 3 3,X,-2.1818181818181818181818181818,0,BLOCK,X,1.393882,0.5755793
7/2/3/3/5/7/4/7/7 3 3,X,2,2,BLOCK,X,1.461128,0.8373405
3/2/3/3/5/7/5/7/7 3 3,X,-0.5,302,TIMEOUT,Z,0.1275973,0.09089786
7/2/3/3/1/7/5/7/7 3 3,X,-2,2,BLOCK,X,0.9742494,0.6081606
7/2/3/3/5/7/1/7/7 3 3,X,-2,0,BLOCK,X,0.444218,0.6728919
7/2/3/3/1/7/3/7/7 3 3,X,-1.8181818181818181818181818182,2,BLOCK,X,0.917066,0.5896252
7/2/3/3/1/7/7/6/7 3 3,X,-2,0,BLOCK,X,0.7046648,0.5501571
7/2/3/3/5/7/7/4/7 3 3,Z,2,0,BLOCK,Z,0.2508517,0.298344
7/2/3/3/1/7/7/5/7 3 3,X,-2,0,BLOCK,X,0.6902803,0.4141449
7/2/3/3/5/7/7/1/7 3 3,Z,-2,2,BLOCK,Z,1.599962,0.9552364
6/2/3/3/5/7/7/3/7 3 3,X,0.5555555555555555555555555556,302,TIMEOUT,Z,0.1347096,0.08346569
7/2/2/3/5/7/7/3/7 3 3,Z,-0.5,302,TIMEOUT,Z,0.01290435,0.005571563
7/2/3/3/1/7/7/3/7 3 3,X,-2,2,BLOCK,X,1.016075,0.5200818
7/2/3/3/1/7/7/7/6 3 3,X,-2.1818181818181818181818181818,0,BLOCK,X,0.9816455,0.4012082
7/2/3/3/1/7/7/7/5 3 3,X,-2,2,BLOCK,X,1.075377,0.6094558
7/2/3/3/1/7/7/7/3 3 3,X,-1.8181818181818181818181818182,0,BLOCK,X,0.7401005,0.4725316
7/2/3/3/3/4/7/7/7 3 3,Z,2,0,BLOCK,Z,1.147068,1.03202
7/2/3/3/3/1/7/7/7 3 3,Z,-2,2,BLOCK,Z,1.338011,1.053072
7/2/3/3/3/7/4/7/7 3 3,X,2,0,BLOCK,X,1.114954,0.7184838
7/2/3/3/3/7/1/7/7 3 3,X,-2,0,BLOCK,X,0.4496558,0.5998563
7/2/3/3/3/7/7/4/7 3 3,Z,2,0,BLOCK,Z,0.3947575,0.3322457
7/2/3/3/3/7/7/1/7 3 3,Z,-2,0,BLOCK,Z,0.2145862,0.2469464
6/2/3/3/3/7/7/7/3 3 3,X,0.6666666666666666666666666666,18,PLANE,X,0.6814577,0.4801704
7/2/3/3/7/4/6/7/7 3 3,Z,2,0,BLOCK,Z,0.6207408,0.6019739
7/2/3/3/7/6/4/7/7 3 3,X,2,0,BLOCK,X,0.4043018,0.4943517
7/2/2/3/7/6/5/7/7 3 3,Z,-0.5769230769230769230769230769,302,TIMEOUT,Z,0.0590238,0.03500349
7/2/3/3/7/4/5/7/7 3 3,Z,2,0,BLOCK,Z,0.9803457,0.7538389
7/2/3/3/7/6/1/7/7 3 3,X,-2,2,BLOCK,X,1.439535,0.8161902
7/2/3/3/7/4/3/7/7 3 3,Z,2,0,BLOCK,Z,0.774003,0.6011387
7/2/3/3/7/4/7/5/7 3 3,Z,2,2,BLOCK,Z,1.219634,0.9347085
7/2/3/3/7/6/7/4/7 3 3,Z,2,0,BLOCK,Z,0.4584627,0.3687399
7/2/3/3/7/6/7/1/7 3 3,Z,-2,0,BLOCK,Z,0.3800877,0.3435159
7/2/3/3/7/4/7/3/7 3 3,Z,2.25,0,BLOCK,Z,0.5994242,0.5446026
7/2/3/3/7/4/7/7/6 3 3,Z,2,0,BLOCK,Z,0.6281454,0.553599
5/2/3/3/7/6/7/7/5 3 3,Z,-0.5769230769230769230769230769,302,TIMEOUT,Z,0.01480398,0.008791694
7/2/2/3/7/6/7/7/5 3 3,Z,-0.5769230769230769230769230769,302,TIMEOUT,Z,0.01169061,0.006328255
7/2/3/3/7/4/7/7/5 3 3,Z,2,0,BLOCK,Z,0.5338686,0.5904254
6/2/3/3/7/6/7/7/3 3 3,X,0.6111111111111111111111111111,18,PLANE,X,0.5935159,0.3875645
7/2/3/3/7/4/7/7/3 3 3,Z,2,0,BLOCK,Z,0.6024284,0.5019884
7/2/3/3/7/1/6/7/7 3 3,Z,-2,0,BLOCK,Z,0.4043091,0.4176315
7/2/3/3/7/5/4/7/7 3 3,X,2,0,BLOCK,X,0.3539906,0.5090742
7/2/3/3/7/1/5/7/7 3 3,Z,-2,0,BLOCK,Z,0.49398,0.5318436
7/2/3/3/7/5/1/7/7 3 3,X,-2,0,BLOCK,X,0.5732077,0.7020258
7/2/3/3/7/1/3/7/7 3 3,Z,-2,2,BLOCK,Z,1.298538,0.9622239
7/2/3/3/7/4/7/6/7 3 3,Z,1.75,0,BLOCK,Z,0.3708307,0.5524408
7/2/3/3/7/1/7/6/7 3 3,Z,-2.25,0,BLOCK,Z,0.3932771,0.4201706
7/2/3/3/7/5/7/4/7 3 3,Z,2,0,BLOCK,Z,0.4033855,0.408882
3/2/3/3/7/5/7/5/7 3 3,X,-0.5,302,TIMEOUT,Z,0.1341811,0.07714156
7/2/2/3/7/5/7/5/7 3 3,Z,-0.5,302,TIMEOUT,Z,0.008170525,0.003124613
7/2/3/3/7/1/7/5/7 3 3,Z,-2,0,BLOCK,Z,0.4883405,0.4033753
7/2/3/3/7/5/7/1/7 3 3,Z,-2,0,BLOCK,Z,0.1496384,0.253515
7/2/3/3/7/1/7/3/7 3 3,Z,-1.75,0,BLOCK,Z,0.3580802,0.5217204
7/2/3/3/7/1/7/7/6 3 3,Z,-2,0,BLOCK,Z,0.6568865,0.5657791
7/2/2/3/7/5/7/7/5 3 3,Z,-0.5,302,TIMEOUT,Z,0.009653176,0.003862343
7/2/3/3/7/1/7/7/5 3 3,Z,-2,0,BLOCK,Z,0.4884028,0.4836508
7/2/3/3/7/1/7/7/3 3 3,Z,-2,0,BLOCK,Z,0.5402386,0.6492847
7/2/2/3/7/3/6/7/7 3 3,Z,-0.5,302,TIMEOUT,Z,0.01419389,0.007319843
7/2/3/3/7/3/4/7/7 3 3,X,2,2,BLOCK,X,1.433652,0.9147093
7/2/2/3/7/3/5/7/7 3 3,Z,-0.5,302,TIMEOUT,Z,0.01110035,0.005501922
7/2/3/3/7/3/1/7/7 3 3,X,-2,0,BLOCK,X,0.3865594,0.6621148
7/2/3/3/7/3/7/4/7 3 3,Z,2,0,BLOCK,Z,0.8493692,0.5687196
7/2/3/3/7/3/7/1/7 3 3,Z,-2,0,BLOCK,Z,0.385624,0.3130604
7/2/3/3/3/3/7/7/6 3 3,X,-0.60,302,TIMEOUT,Z,0.02087379,0.01011922
6/2/3/3/7/3/7/7/5 3 3,X,0.5555555555555555555555555556,302,TIMEOUT,Z,0.1243062,0.09255973
7/2/2/3/7/3/7/7/3 3 3,Z,-0.5,302,TIMEOUT,Z,0.02261953,0.01319567
7/2/2/3/7/7/2/7/7 3 3,Z,-0.5,302,TIMEOUT,Z,0.007060973,0.002988943
7/2/3/3/7/7/4/6/7 3 3,X,2,0,BLOCK,X,0.3794017,0.4094206
7/2/3/3/7/7/6/4/7 3 3,Z,2,0,BLOCK,Z,0.1693729,0.2492945
7/2/3/3/7/7/4/5/7 3 3,X,2,0,BLOCK,X,0.3371276,0.3678969
7/2/3/3/7/7/6/1/7 3 3,Z,-2,2,BLOCK,Z,1.589993,0.9276898
7/2/3/3/7/7/4/3/7 3 3,X,2,2,BLOCK,X,1.413618,0.8693578
7/2/3/3/7/7/4/7/6 3 3,X,1.6,0,BLOCK,X,0.4069779,0.3761501
7/2/3/3/7/6/6/7/5 3 3,Z,-0.5833333333333333333333333333,302,TIMEOUT,Z,0.01240603,0.00825953
7/2/3/3/7/7/4/7/5 3 3,X,2,2,BLOCK,X,1.3746,0.881078
7/2/3/3/7/7/4/7/3 3 3,X,2.4,0,BLOCK,X,0.4143906,0.5400152
7/2/3/3/7/7/1/6/7 3 3,X,-2,0,BLOCK,X,0.4007504,0.6476256
7/2/3/3/7/7/5/4/7 3 3,Z,2,0,BLOCK,Z,1.672541,1.001097
7/2/3/3/7/7/1/5/7 3 3,X,-2,0,BLOCK,X,0.4393021,0.6102164
7/2/3/3/7/7/5/1/7 3 3,Z,-2,0,BLOCK,Z,1.129989,0.3483955
7/2/3/3/7/7/1/3/7 3 3,X,-2,0,BLOCK,X,0.3959093,0.7679288
7/2/3/3/7/7/1/7/6 3 3,X,-2.4,0,BLOCK,X,0.4938585,0.673654
7/2/3/3/7/7/1/7/5 3 3,X,-2,0,BLOCK,X,0.3906215,0.6253996
7/2/3/3/7/7/1/7/3 3 3,X,-1.6,2,BLOCK,X,1.318063,0.8339696
7/2/3/3/7/7/3/4/7 3 3,Z,2,0,BLOCK,Z,0.3938972,0.2838423
7/2/3/3/7/7/3/1/7 3 3,Z,-2,2,BLOCK,Z,1.584384,0.9814054
7/2/3/3/7/7/7/4/6 3 3,Z,2,2,BLOCK,Z,1.56258,0.9855034
7/2/3/3/7/7/3/6/3 3 3,Z,-0.5833333333333333333333333333,302,TIMEOUT,Z,0.005088847,0.003034702
7/2/3/3/7/7/7/4/3 3 3,Z,2,0,BLOCK,Z,0.4129976,0.3493398
3/2/3/3/7/7/7/5/6 3 3,X,-0.5666666666666666666666666666,14,PLANE,X,0.7739259,0.5426832
7/2/3/3/7/7/7/1/6 3 3,Z,-2,0,BLOCK,Z,0.08607722,0.192611
7/2/3/3/7/7/7/4/5 3 3,Z,2,0,BLOCK,Z,0.1019854,0.192348
7/2/3/3/7/7/7/1/5 3 3,Z,-2,0,BLOCK,Z,0.1641192,0.1248071
7/2/3/3/7/7/7/1/3 3 3,Z,-2,0,BLOCK,Z,0.04907075,0.08445888
3/2/3/3/7/7/7/3/5 3 3,X,-0.5,16,PLANE,X,0.6722436,0.464335
7/2/2/3/7/7/7/7/1 3 3,Z,-0.5,302,TIMEOUT,Z,0.01988188,0.009103515
7/2/3/7/2/4/7/7/7 3 3,Z,2,0,BLOCK,Z,1.337496,1.035074
7/2/3/7/2/1/7/7/7 3 3,Z,-2,2,BLOCK,Z,1.315272,1.046586
7/2/3/7/2/7/4/7/7 3 3,X,2,0,BLOCK,X,0.911391,0.7119458
7/2/3/7/2/7/1/7/7 3 3,X,-2,0,BLOCK,X,0.5846868,0.694153
7/2/3/7/2/7/7/4/7 3 3,Z,2,0,BLOCK,Z,0.3026483,0.2956114
7/2/2/7/2/7/7/5/7 3 3,X,0,302,TIMEOUT,Z,0.06561308,0.04080178
7/2/3/7/2/7/7/1/7 3 3,Z,-2,0,BLOCK,Z,0.2145915,0.2169138
7/2/3/7/4/2/7/7/7 3 3,X,2,0,BLOCK,X,0.9050604,0.9079672
7/2/3/7/4/6/6/7/7 3 3,X,1.80,0,BLOCK,X,0.5066295,0.6230832
7/2/3/7/6/4/6/7/7 3 3,Z,2,0,BLOCK,Z,0.7458384,0.6222436
7/2/3/7/6/6/4/7/7 3 3,X,2,2,BLOCK,X,1.447191,0.9223388
6/2/3/7/6/6/5/7/7 3 3,X,-0.5666666666666666666666666666,302,TIMEOUT,Z,0.09591579,0.07468812
7/2/3/7/4/6/5/7/7 3 3,X,2,0,BLOCK,X,0.3897538,0.5023951
7/2/3/7/6/4/5/7/7 3 3,Z,2,0,BLOCK,Z,0.6237557,0.6490842
7/2/3/7/6/6/1/7/7 3 3,X,-2,0,BLOCK,X,0.8456153,0.5404686
7/2/3/7/4/6/3/7/7 3 3,X,2.20,0,BLOCK,X,1.142465,0.9021527
7/2/3/7/6/4/3/7/7 3 3,Z,2,0,BLOCK,Z,1.128117,0.9724569
7/2/3/7/4/6/7/6/7 3 3,X,2,0,BLOCK,X,0.6622564,0.4945506
7/2/3/7/6/4/7/6/7 3 3,Z,1.75,0,BLOCK,Z,0.3312948,0.7395242
7/2/3/7/6/2/7/6/7 3 3,X,-0.5714285714285714285714285714,302,TIMEOUT,Z,0.01026697,0.00418108
7/2/3/7/6/6/7/4/7 3 3,Z,2,0,BLOCK,Z,0.538704,0.4821584
7/2/3/7/4/6/7/5/7 3 3,X,2,0,BLOCK,X,0.5040829,0.6325014
7/2/3/7/6/4/7/5/7 3 3,Z,2,0,BLOCK,Z,0.9340363,0.6058068
7/2/3/7/6/6/7/1/7 3 3,Z,-2,0,BLOCK,Z,0.6090146,0.5082955
7/2/3/7/4/6/7/3/7 3 3,X,2,0,BLOCK,X,0.8249215,0.6194071
7/2/3/7/6/4/7/3/7 3 3,Z,2.25,0,BLOCK,Z,1.526488,0.983151
7/2/3/7/4/6/7/7/6 3 3,X,1.80,0,BLOCK,X,0.7862478,0.6271274
7/2/3/7/6/4/7/7/6 3 3,Z,2,0,BLOCK,Z,1.196745,0.9831929
7/2/3/7/4/6/7/7/5 3 3,X,2,0,BLOCK,X,0.5595785,0.5315734
7/2/3/7/6/4/7/7/5 3 3,Z,2,0,BLOCK,Z,0.6426896,0.7885513
5/2/3/7/6/6/7/7/3 3 3,X,0.60,302,TIMEOUT,Z,0.01346792,0.007143694
7/2/3/7/4/6/7/7/3 3 3,X,2.20,0,BLOCK,X,0.6589136,0.7239156
7/2/3/7/6/4/7/7/3 3 3,Z,2,0,BLOCK,Z,0.6391264,0.5444286
7/2/2/7/6/5/6/7/7 3 3,X,0.5,302,TIMEOUT,Z,0.06198293,0.03627127
7/2/3/7/4/5/6/7/7 3 3,X,1.80,2,BLOCK,X,0.9831575,1.056915
7/2/3/7/6/1/6/7/7 3 3,Z,-2,0,BLOCK,Z,0.7518131,0.677632
7/2/3/7/6/5/4/7/7 3 3,X,2,0,BLOCK,X,1.236704,0.846437
7/2/3/7/4/5/5/7/7 3 3,X,2,0,BLOCK,X,0.6177843,0.5882907
7/2/3/7/6/1/5/7/7 3 3,Z,-2,2,BLOCK,Z,1.284601,0.9152697
7/2/3/7/6/5/1/7/7 3 3,X,-2,0,BLOCK,X,1.210672,0.8043919
7/2/3/7/4/5/3/7/7 3 3,X,2.20,0,BLOCK,X,0.8476444,0.6747012
7/2/3/7/6/1/3/7/7 3 3,Z,-2,0,BLOCK,Z,0.696754,0.6049297
7/2/3/7/4/5/7/6/7 3 3,X,2,0,BLOCK,X,0.6275903,0.5130343
7/2/3/7/6/1/7/6/7 3 3,Z,-2.25,0,BLOCK,Z,0.2772559,0.4021128
7/2/3/7/6/5/7/4/7 3 3,Z,2,0,BLOCK,Z,0.3573897,0.3162106
7/2/3/7/4/5/7/5/7 3 3,X,2,0,BLOCK,X,0.6612023,0.5114984
7/2/3/7/6/1/7/5/7 3 3,Z,-2,0,BLOCK,Z,0.5086971,0.6172377
7/2/3/7/6/5/7/1/7 3 3,Z,-2,0,BLOCK,Z,0.1173002,0.1653364
7/2/3/7/4/5/7/3/7 3 3,X,2,0,BLOCK,X,0.5279657,0.5523709
7/2/3/7/6/1/7/3/7 3 3,Z,-1.75,0,BLOCK,Z,0.3662692,0.5723009
7/2/3/7/4/5/7/7/6 3 3,X,1.80,0,BLOCK,X,0.5489028,0.3474376
7/2/3/7/6/1/7/7/6 3 3,Z,-2,0,BLOCK,Z,0.9009245,0.5131015
7/2/3/7/4/5/7/7/5 3 3,X,2,0,BLOCK,X,0.7472683,0.6585871
7/2/3/7/6/1/7/7/5 3 3,Z,-2,2,BLOCK,Z,1.350561,0.8614761
7/2/3/7/4/5/7/7/3 3 3,X,2.20,0,BLOCK,X,0.6953835,0.6878436
7/2/3/7/6/1/7/7/3 3 3,Z,-2,0,BLOCK,Z,1.1712,0.7636657
3/2/3/7/6/3/6/7/7 3 3,X,-0.6333333333333333333333333334,302,TIMEOUT,Z,0.06553312,0.04023716
7/2/3/7/4/3/6/7/7 3 3,X,1.80,0,BLOCK,X,0.3744506,0.545678
7/2/3/7/6/3/4/7/7 3 3,X,2,0,BLOCK,X,0.5752994,0.6053794
7/2/3/7/4/3/5/7/7 3 3,X,2,0,BLOCK,X,0.5484509,0.4872012
7/2/3/7/6/3/1/7/7 3 3,X,-2,0,BLOCK,X,1.00897,0.4865761
7/2/2/7/6/3/3/7/7 3 3,X,0.60,302,TIMEOUT,Z,0.01782622,0.008501935
7/2/3/7/4/3/3/7/7 3 3,X,2.20,0,BLOCK,X,0.3572522,0.5711525
7/2/3/7/4/3/7/6/7 3 3,X,2,2,BLOCK,X,1.110045,0.9648477
7/2/3/7/6/3/7/4/7 3 3,Z,2,0,BLOCK,Z,0.5225954,0.4903488
7/2/3/7/4/3/7/5/7 3 3,X,2,0,BLOCK,X,0.5200014,0.5271969
7/2/3/7/6/3/7/1/7 3 3,Z,-2,0,BLOCK,Z,0.466792,0.4587977
3/2/3/7/6/3/7/3/7 3 3,X,-0.5666666666666666666666666666,28,PLANE,X,0.6663622,0.3923078
7/2/3/7/4/3/7/3/7 3 3,X,2,0,BLOCK,X,0.6681093,0.6161967
7/2/3/7/4/3/7/7/6 3 3,X,1.80,2,BLOCK,X,1.003184,0.9100866
7/2/3/7/4/3/7/7/5 3 3,X,2,0,BLOCK,X,1.011916,0.8585712
7/2/3/7/4/3/7/7/3 3 3,X,2.20,0,BLOCK,X,0.5950711,0.5239797
7/2/3/7/4/7/2/7/7 3 3,X,2,0,BLOCK,X,0.3180467,0.597682
7/2/3/7/4/7/6/6/7 3 3,X,1.8,0,BLOCK,X,0.3465945,0.5664866
7/2/3/7/6/7/4/6/7 3 3,X,2,0,BLOCK,X,0.6605389,0.5561938
7/2/3/7/6/7/6/4/7 3 3,Z,2,2,BLOCK,Z,1.637534,0.9200943
7/2/3/7/4/7/6/5/7 3 3,X,1.8,0,BLOCK,X,0.3695394,0.6022468
7/2/3/7/6/7/4/5/7 3 3,X,2,0,BLOCK,X,0.5819876,0.5204035
7/2/3/7/6/7/6/1/7 3 3,Z,-2,0,BLOCK,Z,0.4171521,0.4354354
7/2/3/7/4/7/6/3/7 3 3,X,1.8,0,BLOCK,X,0.6252165,0.7852652
7/2/3/7/6/7/4/3/7 3 3,X,2,2,BLOCK,X,1.364669,0.8877574
7/2/3/7/4/7/6/7/6 3 3,X,1.6,0,BLOCK,X,0.7489455,0.635933
7/2/3/7/6/7/4/7/6 3 3,X,1.6,0,BLOCK,X,0.3390968,0.3002816
7/2/3/7/4/7/6/7/5 3 3,X,1.8,0,BLOCK,X,0.3791836,0.5556197
7/2/3/7/6/7/4/7/5 3 3,X,2,0,BLOCK,X,0.4489624,0.3903219
7/2/3/7/4/7/6/7/3 3 3,X,2,2,BLOCK,X,1.143319,0.9094564
7/2/3/7/6/7/4/7/3 3 3,X,2.4,0,BLOCK,X,0.6107101,0.5761219
7/2/3/7/4/7/5/6/7 3 3,X,2,0,BLOCK,X,0.5981045,0.4710425
7/2/3/7/6/7/1/6/7 3 3,X,-2,0,BLOCK,X,0.8317156,0.7306409
7/2/3/7/6/7/5/4/7 3 3,Z,2,0,BLOCK,Z,0.3237609,0.3384232
7/2/3/7/4/7/5/5/7 3 3,X,2,0,BLOCK,X,0.9190713,0.7313578
7/2/3/7/6/7/1/5/7 3 3,X,-2,2,BLOCK,X,1.354795,0.688594
7/2/3/7/6/7/5/1/7 3 3,Z,-2,0,BLOCK,Z,0.4313024,0.4342553
7/2/3/7/4/7/5/3/7 3 3,X,2,0,BLOCK,X,0.4745383,0.4556883
7/2/3/7/6/7/1/3/7 3 3,X,-2,0,BLOCK,X,0.7253009,0.5750203
7/2/3/7/4/7/5/7/6 3 3,X,1.8,0,BLOCK,X,0.4578949,0.4202247
7/2/3/7/6/7/1/7/6 3 3,X,-2.4,0,BLOCK,X,0.7326254,0.7473932
7/2/3/7/4/7/5/7/5 3 3,X,2,0,BLOCK,X,0.725507,0.6316284
7/2/3/7/6/7/1/7/5 3 3,X,-2,0,BLOCK,X,0.6221304,0.6625291
7/2/3/7/4/7/5/7/3 3 3,X,2.2,0,BLOCK,X,0.6408372,0.5503237
7/2/3/7/6/7/1/7/3 3 3,X,-1.6,0,BLOCK,X,0.4079332,0.5198581
7/2/3/5/6/7/3/6/7 3 3,X,0.6,302,TIMEOUT,Z,0.02030285,0.008242698
7/2/3/7/4/7/3/6/7 3 3,X,2.2,0,BLOCK,X,1.042267,0.8099707
7/2/3/7/6/7/3/4/7 3 3,Z,2,0,BLOCK,Z,0.2862503,0.2806168
7/2/3/7/4/7/3/5/7 3 3,X,2.2,0,BLOCK,X,0.7163973,0.5727458
7/2/3/7/6/7/3/1/7 3 3,Z,-2,0,BLOCK,Z,0.998323,0.3565646
7/2/3/7/4/7/3/3/7 3 3,X,2.2,0,BLOCK,X,0.7002031,0.5352333
7/2/3/7/4/7/3/7/6 3 3,X,2,0,BLOCK,X,0.288101,0.4314907
7/2/2/7/6/7/3/7/5 3 3,X,0.6,302,TIMEOUT,Z,0.04016792,0.02003718
7/2/3/7/4/7/3/7/5 3 3,X,2.2,0,BLOCK,X,0.6709241,0.5611817
7/2/3/7/4/7/3/7/3 3 3,X,2.4,0,BLOCK,X,0.7602147,0.6674325
7/2/3/7/4/7/7/2/7 3 3,X,2,0,BLOCK,X,0.4918115,0.5066455
7/2/3/7/4/7/7/6/6 3 3,X,1.8,2,BLOCK,X,1.012755,0.8257229
7/2/3/7/6/6/7/6/6 3 3,X,-0.6428571428571428571428571428,302,TIMEOUT,Z,0.02499721,0.01240099
7/2/3/7/6/7/7/4/6 3 3,Z,2,0,BLOCK,Z,0.04496465,0.1925013
7/2/3/7/4/7/7/6/5 3 3,X,2,0,BLOCK,X,0.5986956,0.6038076
7/2/3/7/6/5/7/6/5 3 3,X,-0.5714285714285714285714285714,302,TIMEOUT,Z,0.009330508,0.004175267
7/2/3/7/6/7/7/4/5 3 3,Z,2,2,BLOCK,Z,1.617618,1.084765
7/2/3/7/4/7/7/6/3 3 3,X,2.2,0,BLOCK,X,0.5003951,0.4420141
7/2/3/7/2/7/7/6/3 3 3,Z,0.5,302,TIMEOUT,Z,0.0169313,0.01111587
7/2/3/7/6/6/7/6/3 3 3,X,0.6111111111111111111111111111,302,TIMEOUT,Z,0.01125032,0.006580636
7/2/3/7/6/7/6/6/3 3 3,X,0.75,302,TIMEOUT,Z,0.01335141,0.006891572
7/2/3/7/6/7/7/4/3 3 3,Z,2,0,BLOCK,Z,0.09160999,0.1031901
7/2/3/7/4/7/7/5/6 3 3,X,1.8,0,BLOCK,X,0.457411,0.4119868
7/2/3/7/6/7/7/1/6 3 3,Z,-2,0,BLOCK,Z,0.1686659,0.3407217
7/2/3/7/4/7/7/5/5 3 3,X,2,2,BLOCK,X,1.087061,0.8323966
7/2/3/7/6/7/7/1/5 3 3,Z,-2,0,BLOCK,Z,0.1181466,0.2688852
5/2/3/7/6/7/7/5/3 3 3,X,0.6,302,TIMEOUT,Z,0.01128131,0.0117308
7/2/3/7/4/7/7/5/3 3 3,X,2.2,0,BLOCK,X,0.5258164,0.5493952
7/2/3/7/6/7/7/1/3 3 3,Z,-2,0,BLOCK,Z,0.07849327,0.211045
7/2/3/7/4/7/7/3/6 3 3,X,1.8,0,BLOCK,X,0.5949529,0.3760552
7/2/3/7/4/7/7/3/5 3 3,X,2,0,BLOCK,X,0.5847831,0.5217106
7/2/3/7/4/7/7/3/3 3 3,X,2.2,0,BLOCK,X,0.7846161,0.6234813
7/2/3/7/4/7/7/7/4 3 3,X,1.8,0,BLOCK,X,0.4480597,0.3406893
7/2/3/7/4/7/7/7/2 3 3,X,2,0,BLOCK,X,0.4890938,0.4693917
7/2/3/7/4/7/7/7/1 3 3,X,2.2,0,BLOCK,X,0.6393963,0.5145127
7/2/3/7/1/2/7/7/7 3 3,X,-2,0,BLOCK,X,0.557909,0.5810339
7/2/3/7/1/6/6/7/7 3 3,X,-2.20,0,BLOCK,X,0.5595951,0.3020563
7/2/3/7/5/4/6/7/7 3 3,Z,2,0,BLOCK,Z,0.6117455,0.7349182
7/2/3/7/5/6/4/7/7 3 3,X,2,0,BLOCK,X,0.3239978,0.3927547
7/2/3/7/1/6/5/7/7 3 3,X,-2,0,BLOCK,X,0.9597166,0.557897
7/2/3/7/5/4/5/7/7 3 3,Z,2,2,BLOCK,Z,1.293517,1.006014
7/2/3/7/5/6/1/7/7 3 3,X,-2,0,BLOCK,X,1.267421,1.018939
7/2/3/7/1/6/3/7/7 3 3,X,-1.80,0,BLOCK,X,0.4197777,0.5199459
7/2/3/7/5/4/3/7/7 3 3,Z,2,0,BLOCK,Z,0.6680952,0.3827275
3/2/3/7/5/6/7/6/7 3 3,X,-0.5,302,TIMEOUT,Z,0.0754531,0.03614037
7/2/3/6/5/6/7/6/7 3 3,X,-0.5,302,TIMEOUT,Z,0.1048166,0.04319199
7/2/3/5/5/6/7/6/7 3 3,X,-0.5,302,TIMEOUT,Z,0.1063993,0.05316359
7/2/3/7/1/6/7/6/7 3 3,X,-2,0,BLOCK,X,0.6292521,0.6558713
7/2/3/7/5/4/7/6/7 3 3,Z,1.75,0,BLOCK,Z,1.03536,0.926358
7/2/3/7/5/2/7/6/7 3 3,X,-0.5,302,TIMEOUT,Z,0.01553521,0.009257948
7/2/3/7/5/6/7/4/7 3 3,Z,2,0,BLOCK,Z,0.4667231,0.4986821
7/2/3/7/1/6/7/5/7 3 3,X,-2,0,BLOCK,X,0.5356168,0.671193
7/2/3/7/5/4/7/5/7 3 3,Z,2,0,BLOCK,Z,0.2921548,0.4597577
7/2/3/7/5/6/7/1/7 3 3,Z,-2,0,BLOCK,Z,0.5884852,0.6124007
3/2/3/7/5/6/7/3/7 3 3,Z,0.625,302,TIMEOUT,Z,0.1475042,0.06922045
7/2/3/7/1/6/7/3/7 3 3,X,-2,0,BLOCK,X,0.7738416,0.5893501
7/2/3/7/5/4/7/3/7 3 3,Z,2.25,2,BLOCK,Z,1.552202,1.037542
7/2/3/7/1/6/7/7/6 3 3,X,-2.20,0,BLOCK,X,0.6931603,0.6526542
7/2/3/7/5/4/7/7/6 3 3,Z,2,0,BLOCK,Z,0.5623118,0.531169
7/2/3/7/1/6/7/7/5 3 3,X,-2,2,BLOCK,X,1.025561,0.5904761
7/2/3/7/5/4/7/7/5 3 3,Z,2,0,BLOCK,Z,0.5051351,0.4451047
7/2/3/7/1/6/7/7/3 3 3,X,-1.80,0,BLOCK,X,0.6079968,0.5953652
7/2/3/7/5/4/7/7/3 3 3,Z,2,0,BLOCK,Z,0.4601207,0.5228616
7/2/3/7/1/5/6/7/7 3 3,X,-2.20,0,BLOCK,X,0.5998611,0.4389948
7/2/3/7/5/1/6/7/7 3 3,Z,-2,0,BLOCK,Z,0.3375595,0.6052167
7/2/3/7/5/5/4/7/7 3 3,X,2,0,BLOCK,X,1.168055,0.8930626
7/2/3/7/1/5/5/7/7 3 3,X,-2,0,BLOCK,X,0.5747195,0.4723248
7/2/3/7/5/1/5/7/7 3 3,Z,-2,0,BLOCK,Z,0.4872666,0.3670948
7/2/3/7/5/5/1/7/7 3 3,X,-2,0,BLOCK,X,1.259954,0.946032
7/2/3/7/1/5/3/7/7 3 3,X,-1.80,0,BLOCK,X,0.5759099,0.3454391
7/2/3/7/5/1/3/7/7 3 3,Z,-2,0,BLOCK,Z,1.381971,1.023445
7/2/3/7/1/5/7/6/7 3 3,X,-2,2,BLOCK,X,0.9268434,0.6139255
7/2/3/7/5/1/7/6/7 3 3,Z,-2.25,0,BLOCK,Z,0.2201986,0.407964
7/2/3/7/5/5/7/4/7 3 3,Z,2,2,BLOCK,Z,1.593727,0.953217
7/2/3/7/5/5/7/6/6 3 3,X,-0.5714285714285714285714285714,302,TIMEOUT,Z,0.006200291,0.003306385
7/2/3/7/5/5/7/6/3 3 3,Z,0.5,302,TIMEOUT,Z,0.01861797,0.009620965
7/2/3/7/1/5/7/5/7 3 3,X,-2,0,BLOCK,X,0.6862887,0.4383217
7/2/3/7/5/1/7/5/7 3 3,Z,-2,0,BLOCK,Z,0.6781912,0.6260177
7/2/3/7/5/5/7/1/7 3 3,Z,-2,0,BLOCK,Z,0.07323094,0.1263905
7/2/3/7/1/5/7/3/7 3 3,X,-2,2,BLOCK,X,0.9210632,0.5962455
7/2/3/7/5/1/7/3/7 3 3,Z,-1.75,0,BLOCK,Z,1.248291,0.99443
7/2/3/7/1/5/7/7/6 3 3,X,-2.20,0,BLOCK,X,0.6488644,0.6928608
7/2/3/7/5/1/7/7/6 3 3,Z,-2,2,BLOCK,Z,1.412157,0.9890443
7/2/3/7/1/5/7/7/5 3 3,X,-2,0,BLOCK,X,0.4872157,0.5854529
7/2/3/7/5/1/7/7/5 3 3,Z,-2,0,BLOCK,Z,0.7580394,0.5099335
7/2/3/7/1/5/7/7/3 3 3,X,-1.80,0,BLOCK,X,0.7492853,0.6756957
7/2/3/7/5/1/7/7/3 3 3,Z,-2,0,BLOCK,Z,0.4054899,0.4653117
7/2/3/7/1/3/6/7/7 3 3,X,-2.20,0,BLOCK,X,0.4733171,0.4816391
7/2/3/7/5/3/4/7/7 3 3,X,2,0,BLOCK,X,0.5723143,0.4672156
7/2/3/7/1/3/5/7/7 3 3,X,-2,0,BLOCK,X,0.7161573,0.5918152
7/2/3/7/5/3/1/7/7 3 3,X,-2,0,BLOCK,X,0.3200271,0.5545168
7/2/3/7/1/3/3/7/7 3 3,X,-1.80,0,BLOCK,X,0.7977058,0.4487746
7/2/2/7/5/3/7/6/7 3 3,Z,-0.625,302,TIMEOUT,Z,0.009248761,0.004276151
7/2/3/7/1/3/7/6/7 3 3,X,-2,0,BLOCK,X,0.5222864,0.6078684
7/2/3/7/5/3/7/4/7 3 3,Z,2,0,BLOCK,Z,0.2194998,0.3006112
3/2/3/7/5/3/7/5/7 3 3,X,-0.5,302,TIMEOUT,Z,0.09261577,0.0456844
7/2/3/7/1/3/7/5/7 3 3,X,-2,0,BLOCK,X,0.4587348,0.4889079
7/2/3/7/5/3/7/1/7 3 3,Z,-2,2,BLOCK,Z,1.608701,1.02078
7/2/3/7/1/3/7/3/7 3 3,X,-2,0,BLOCK,X,0.6298527,0.7666924
7/2/3/7/5/3/3/3/7 3 3,X,-0.5,302,TIMEOUT,Z,0.01942902,0.01032281
7/2/3/7/1/3/7/7/6 3 3,X,-2.20,2,BLOCK,X,1.066762,0.6964973
7/2/3/7/1/3/7/7/5 3 3,X,-2,0,BLOCK,X,0.6203635,0.5387574
7/2/3/7/1/3/7/7/3 3 3,X,-1.80,0,BLOCK,X,0.5690085,0.6962793
7/2/3/7/1/7/2/7/7 3 3,X,-2,0,BLOCK,X,0.2796767,0.1342591
7/2/3/7/1/7/6/6/7 3 3,X,-2.2,0,BLOCK,X,0.8004562,0.5036234
7/2/3/7/5/7/4/6/7 3 3,X,2,0,BLOCK,X,0.2818892,0.3528867
7/2/3/7/5/7/6/4/7 3 3,Z,2,0,BLOCK,Z,0.4448159,0.4742748
7/2/3/7/1/7/6/5/7 3 3,X,-2.2,0,BLOCK,X,1.297163,0.8322622
7/2/3/7/5/7/4/5/7 3 3,X,2,2,BLOCK,X,1.436871,0.9742019
7/2/3/7/5/7/6/1/7 3 3,Z,-2,0,BLOCK,Z,1.074426,0.309382
7/2/3/7/1/7/6/3/7 3 3,X,-2.2,0,BLOCK,X,0.5495786,0.4460389
7/2/3/7/5/7/4/3/7 3 3,X,2,0,BLOCK,X,0.3113975,0.3576202
7/2/2/7/5/7/6/7/6 3 3,X,0.3,302,TIMEOUT,Z,0.01763557,0.01060735
7/2/3/7/1/7/6/7/6 3 3,X,-2.4,0,BLOCK,X,0.5143507,0.5218217
7/2/3/7/5/7/4/7/6 3 3,X,1.6,0,BLOCK,X,0.368838,0.4392482
7/2/3/7/1/7/6/7/5 3 3,X,-2.2,0,BLOCK,X,0.5025899,0.5062234
7/2/3/7/5/7/4/7/5 3 3,X,2,0,BLOCK,X,0.4086471,0.5071798
7/2/3/7/1/7/6/7/3 3 3,X,-2,2,BLOCK,X,1.445434,0.7903037
7/2/3/7/5/6/6/7/3 3 3,X,0.7,302,TIMEOUT,Z,0.006925744,0.003839004
7/2/3/7/5/7/4/7/3 3 3,X,2.4,0,BLOCK,X,0.5020092,0.6066009
7/2/3/7/1/7/5/6/7 3 3,X,-2,0,BLOCK,X,0.5409443,0.7246885
7/2/3/7/5/7/1/6/7 3 3,X,-2,0,BLOCK,X,0.5398894,0.739195
7/2/3/7/5/7/5/4/7 3 3,Z,2,0,BLOCK,Z,0.7038344,0.5516468
7/2/3/7/1/7/5/5/7 3 3,X,-2,0,BLOCK,X,0.6634753,0.6649566
7/2/3/7/5/7/1/5/7 3 3,X,-2,2,BLOCK,X,1.348073,0.8278872
7/2/3/7/5/7/5/1/7 3 3,Z,-2,0,BLOCK,Z,0.02578437,0.1825317
7/2/2/7/5/7/5/3/7 3 3,Z,-0.5,302,TIMEOUT,Z,0.01248766,0.006211963
7/2/3/7/1/7/5/3/7 3 3,X,-2,0,BLOCK,X,0.4913382,0.6102887
7/2/3/7/5/7/1/3/7 3 3,X,-2,0,BLOCK,X,0.6815196,0.7453153
7/2/3/7/1/7/5/7/6 3 3,X,-2.2,0,BLOCK,X,0.5719194,0.4616058
7/2/3/7/5/7/1/7/6 3 3,X,-2.4,0,BLOCK,X,0.6171094,0.7922031
7/2/3/7/1/7/5/7/5 3 3,X,-2,0,BLOCK,X,0.8097029,0.6086809
7/2/3/7/5/7/1/7/5 3 3,X,-2,2,BLOCK,X,1.388087,0.8474555
7/2/3/7/1/7/5/7/3 3 3,X,-1.8,0,BLOCK,X,0.6685975,0.6299456
7/2/3/7/5/7/1/7/3 3 3,X,-1.6,0,BLOCK,X,0.2251287,0.3890441
7/2/3/7/1/7/3/6/7 3 3,X,-1.8,0,BLOCK,X,0.4903943,0.6633972
7/2/3/7/5/7/3/4/7 3 3,Z,2,0,BLOCK,Z,0.0332601,0.1316803
7/2/3/7/1/7/3/5/7 3 3,X,-1.8,2,BLOCK,X,0.9529667,0.5586904
7/2/3/7/5/7/3/1/7 3 3,Z,-2,0,BLOCK,Z,0.08628036,0.08163064
7/2/3/7/1/7/3/3/7 3 3,X,-1.8,0,BLOCK,X,0.4661813,0.5926983
7/2/3/7/1/7/3/7/6 3 3,X,-2,0,BLOCK,X,0.3881435,0.3417112
7/2/3/7/1/7/3/7/5 3 3,X,-1.8,0,BLOCK,X,0.4982934,0.6705498
7/2/3/7/1/7/3/7/3 3 3,X,-1.6,0,BLOCK,X,0.571836,0.5965455
7/2/3/7/5/7/3/6/3 3 3,Z,0.5,302,TIMEOUT,Z,0.03773437,0.01655838
7/2/3/7/1/7/7/2/7 3 3,X,-2,0,BLOCK,X,0.5917,0.6453102
7/2/3/7/1/7/7/6/6 3 3,X,-2.2,0,BLOCK,X,0.8223447,0.6117941
7/2/3/7/5/7/7/4/6 3 3,Z,2,0,BLOCK,Z,0.05739915,0.2142925
7/2/3/7/5/7/7/6/2 3 3,X,-0.5,302,TIMEOUT,Z,0.01970903,0.01086158
7/2/3/6/5/7/7/6/5 3 3,X,-0.5,302,TIMEOUT,Z,0.02072758,0.01523174
7/2/3/7/1/7/7/6/5 3 3,X,-2,0,BLOCK,X,0.6418386,0.6531531
7/2/3/7/5/7/7/4/5 3 3,Z,2,0,BLOCK,Z,0.1002091,0.09980901
7/2/3/7/1/7/7/6/3 3 3,X,-1.8,0,BLOCK,X,0.8015385,0.6375602
7/2/3/7/5/7/7/4/3 3 3,Z,2,0,BLOCK,Z,0.04622688,0.05972616
7/2/3/7/1/7/7/5/6 3 3,X,-2.2,0,BLOCK,X,0.6388362,0.5527529
7/2/3/7/5/7/7/1/6 3 3,Z,-2,0,BLOCK,Z,0.1528625,0.2891757
7/2/3/7/1/7/7/5/5 3 3,X,-2,0,BLOCK,X,0.7887714,0.471864
7/2/3/7/5/7/7/1/5 3 3,Z,-2,0,BLOCK,Z,0.2103899,0.1381612
7/2/3/7/1/7/7/5/3 3 3,X,-1.8,0,BLOCK,X,0.6065608,0.6129931
7/2/3/7/5/7/7/1/3 3 3,Z,-2,0,BLOCK,Z,0.08852042,0.1329726
7/2/3/7/1/7/7/3/6 3 3,X,-2.2,0,BLOCK,X,0.6331022,0.6253178
7/2/3/7/1/7/7/3/5 3 3,X,-2,0,BLOCK,X,0.6620495,0.6768414
7/2/3/7/1/7/7/3/3 3 3,X,-1.8,0,BLOCK,X,0.5293322,0.7318245
7/2/3/7/1/7/7/7/4 3 3,X,-2.2,0,BLOCK,X,0.5054308,0.5770562
7/2/3/7/1/7/7/7/2 3 3,X,-2,0,BLOCK,X,0.7176612,0.7803732
7/2/3/7/1/7/7/7/1 3 3,X,-1.8,0,BLOCK,X,0.7008861,0.5102834
7/2/2/7/3/2/7/7/7 3 3,X,-0.5,302,TIMEOUT,Z,0.004592994,0.002590639
7/2/2/7/3/6/6/7/7 3 3,X,-0.60,302,TIMEOUT,Z,0.008202787,0.005995159
7/2/3/7/3/4/6/7/7 3 3,Z,2,0,BLOCK,Z,0.4014682,0.5432292
7/2/3/7/3/6/4/7/7 3 3,X,2,0,BLOCK,X,0.7199247,0.5969366
7/2/3/7/3/4/5/7/7 3 3,Z,2,0,BLOCK,Z,0.6782937,0.533949
7/2/3/7/3/6/1/7/7 3 3,X,-2,0,BLOCK,X,1.310664,0.8691369
7/2/3/7/3/6/5/6/7 3 3,X,-0.5,302,TIMEOUT,Z,0.05627389,0.02487376
7/2/3/7/3/4/3/7/7 3 3,Z,2,0,BLOCK,Z,0.5565759,0.593933
7/2/3/7/3/4/7/6/7 3 3,Z,1.75,0,BLOCK,Z,0.3093377,0.3450214
7/2/3/7/3/2/7/6/7 3 3,X,-0.5,302,TIMEOUT,Z,0.05263977,0.02351213
7/2/3/7/3/6/7/4/7 3 3,Z,2,0,BLOCK,Z,0.5008201,0.4475249
7/2/3/7/3/4/7/5/7 3 3,Z,2,0,BLOCK,Z,0.4558166,0.3896116
7/2/3/7/3/6/5/5/7 3 3,X,-0.5,302,TIMEOUT,Z,0.02605787,0.01303227
7/2/3/7/3/6/7/1/7 3 3,Z,-2,2,BLOCK,Z,1.611822,0.8856402
7/2/3/7/3/4/7/3/7 3 3,Z,2.25,0,BLOCK,Z,0.2150802,0.3459884
7/2/3/7/3/4/7/7/6 3 3,Z,2,0,BLOCK,Z,0.9212285,0.5939609
7/2/3/7/3/6/7/6/6 3 3,X,-0.6111111111111111111111111111,302,TIMEOUT,Z,0.02480149,0.01360073
7/2/3/7/3/4/7/7/3 3 3,Z,2,0,BLOCK,Z,0.6125876,0.415275
7/2/3/7/3/1/6/7/7 3 3,Z,-2,0,BLOCK,Z,0.4472365,0.4619451
7/2/3/7/3/5/4/7/7 3 3,X,2,2,BLOCK,X,1.417642,0.8058992
7/2/3/7/3/1/5/7/7 3 3,Z,-2,0,BLOCK,Z,0.6123769,0.6520227
7/2/3/7/3/5/1/7/7 3 3,X,-2,0,BLOCK,X,0.7455525,0.7065228
7/2/3/7/3/1/3/7/7 3 3,Z,-2,0,BLOCK,Z,0.7740229,0.6255914
7/2/3/7/3/1/7/6/7 3 3,Z,-2.25,0,BLOCK,Z,0.2893794,0.5101982
7/2/3/7/3/5/7/4/7 3 3,Z,2,2,BLOCK,Z,1.577304,0.963706
7/2/3/7/3/1/7/5/7 3 3,Z,-2,2,BLOCK,Z,1.295929,0.9160014
7/2/3/7/3/5/7/1/7 3 3,Z,-2,0,BLOCK,Z,0.06318908,0.1098343
7/2/3/7/3/1/7/3/7 3 3,Z,-1.75,0,BLOCK,Z,0.3530494,0.4031087
7/2/3/7/3/1/7/7/6 3 3,Z,-2,0,BLOCK,Z,0.4734504,0.5112385
7/2/3/7/3/4/7/7/5 3 3,Z,2,2,BLOCK,Z,1.259084,0.9583172
7/2/3/7/3/1/7/7/5 3 3,Z,-2,0,BLOCK,Z,0.4061164,0.4051783
7/2/3/7/3/1/7/7/3 3 3,Z,-2,0,BLOCK,Z,0.3400001,0.3489564
7/2/3/7/3/3/4/7/7 3 3,X,2,0,BLOCK,X,1.294069,0.8678879
7/2/3/7/3/3/1/7/7 3 3,X,-2,0,BLOCK,X,0.586719,0.76936
7/2/3/7/3/3/7/4/7 3 3,Z,2,0,BLOCK,Z,0.476845,0.4792727
7/2/3/7/3/3/7/1/7 3 3,Z,-2,0,BLOCK,Z,0.3470205,0.335653
7/2/2/7/3/3/7/7/6 3 3,X,-0.60,302,TIMEOUT,Z,0.007853294,0.004468174
7/2/3/6/3/7/2/7/7 3 3,Z,0.5,302,TIMEOUT,Z,0.03266816,0.01653374
7/2/3/7/3/6/6/6/7 3 3,X,-0.6111111111111111111111111111,302,TIMEOUT,Z,0.03302855,0.02242113
7/2/3/7/3/7/4/6/7 3 3,X,2,0,BLOCK,X,0.6427544,0.5360589
7/2/3/7/3/7/6/4/7 3 3,Z,2,0,BLOCK,Z,1.53541,0.9412725
7/2/3/7/3/7/4/5/7 3 3,X,2,0,BLOCK,X,0.6389869,0.5061842
7/2/3/7/3/7/6/1/7 3 3,Z,-2,0,BLOCK,Z,0.1741714,0.2200009
7/2/2/7/3/7/6/3/7 3 3,X,-0.6,302,TIMEOUT,Z,0.1004631,0.05311383
7/2/3/7/3/7/4/3/7 3 3,X,2,0,BLOCK,X,0.492761,0.4803308
3/2/3/7/3/7/6/7/6 3 3,X,-0.7,302,TIMEOUT,Z,0.06825845,0.04137112
7/2/3/7/3/7/4/7/6 3 3,X,1.6,0,BLOCK,X,0.5469224,0.5144212
7/2/3/7/3/7/4/7/5 3 3,X,2,0,BLOCK,X,0.5965295,0.5194723
7/2/3/7/3/7/4/7/3 3 3,X,2.4,2,BLOCK,X,1.564181,0.8515478
7/2/2/7/3/7/5/6/7 3 3,X,-0.5,302,TIMEOUT,Z,0.02826412,0.01570912
7/2/3/7/2/7/5/6/7 3 3,X,-0.5,302,TIMEOUT,Z,0.01613124,0.01279139
7/2/3/7/3/7/1/6/7 3 3,X,-2,0,BLOCK,X,0.6516582,0.7068124
7/2/3/7/3/7/5/4/7 3 3,Z,2,0,BLOCK,Z,1.511983,0.9996424
7/2/3/7/3/7/1/5/7 3 3,X,-2,0,BLOCK,X,0.4896904,0.6696687
7/2/3/7/3/7/5/1/7 3 3,Z,-2,2,BLOCK,Z,1.723149,1.078317
7/2/3/7/3/7/1/3/7 3 3,X,-2,0,BLOCK,X,0.5537115,0.6883042
7/2/3/7/3/7/1/7/6 3 3,X,-2.4,0,BLOCK,X,0.6513615,0.8095366
7/2/3/7/3/7/1/7/5 3 3,X,-2,0,BLOCK,X,0.6818879,0.6215163
7/2/3/7/3/7/1/7/3 3 3,X,-1.6,0,BLOCK,X,0.5651249,0.70596
7/2/3/7/3/7/3/4/7 3 3,Z,2,2,BLOCK,Z,1.606244,0.966507
3/2/3/7/3/7/3/5/7 3 3,X,-0.5,302,TIMEOUT,Z,0.1967159,0.1116162
7/2/2/7/3/7/3/5/7 3 3,X,-0.5,302,TIMEOUT,Z,0.00939441,0.002959902
7/2/3/7/3/7/3/1/7 3 3,Z,-2,0,BLOCK,Z,0.09700967,0.1448786
3/2/3/7/3/7/3/7/6 3 3,X,-0.7,302,TIMEOUT,Z,0.2053902,0.1056686
7/2/3/7/3/6/7/2/7 3 3,X,-0.5,302,TIMEOUT,Z,0.01260803,0.007908758
7/2/3/7/3/7/7/4/6 3 3,Z,2,0,BLOCK,Z,0.1330176,0.3072653
7/2/3/7/3/7/7/4/5 3 3,Z,2,0,BLOCK,Z,0.3648737,0.4037799
6/2/3/7/3/7/7/6/3 3 3,X,0.6666666666666666666666666667,6,PLANE,X,0.7050471,0.4801643
7/2/3/7/3/5/7/6/3 3 3,Z,0.5,302,TIMEOUT,Z,0.006830553,0.00468039
7/2/3/7/3/7/7/4/3 3 3,Z,2,0,BLOCK,Z,0.08473906,0.08981103
7/2/3/7/3/7/7/1/6 3 3,Z,-2,0,BLOCK,Z,0.1771135,0.3378578
7/2/3/7/3/7/7/1/5 3 3,Z,-2,0,BLOCK,Z,0.1075384,0.2370543
7/2/3/7/3/7/7/1/3 3 3,Z,-2,0,BLOCK,Z,0.07201989,0.1005524
5/2/3/7/3/6/7/7/5 3 3,X,-0.5,302,TIMEOUT,Z,0.01601309,0.008961445
7/2/3/7/7/2/4/7/7 3 3,X,2,2,BLOCK,X,1.447674,0.9011577
7/2/3/7/7/2/1/7/7 3 3,X,-2,0,BLOCK,X,0.3535837,0.6414895
7/2/3/7/7/2/5/6/7 3 3,X,-0.5,302,TIMEOUT,Z,0.02058102,0.009924191
7/2/3/7/7/2/7/4/7 3 3,Z,2,0,BLOCK,Z,0.512375,0.5554073
3/2/3/7/7/2/7/5/7 3 3,X,-0.5,302,TIMEOUT,Z,0.04524312,0.01990814
7/2/3/7/7/2/7/1/7 3 3,Z,-2,0,BLOCK,Z,0.5455927,0.5182627
7/2/2/7/7/2/7/3/7 3 3,Z,-0.5,302,TIMEOUT,Z,0.003781186,0.001904296
7/2/3/6/7/2/7/7/5 3 3,X,-0.5,302,TIMEOUT,Z,0.004097194,0.002356122
7/2/3/7/7/4/2/7/7 3 3,Z,2,0,BLOCK,Z,0.4634081,0.3746326
7/2/3/7/6/6/6/6/7 3 3,X,-0.6428571428571428571428571428,302,TIMEOUT,Z,0.02283786,0.008731654
7/2/3/7/7/4/6/6/7 3 3,Z,1.7142857142857142857142857142,0,BLOCK,Z,0.3249608,0.5012525
7/2/3/7/7/6/4/6/7 3 3,X,2,2,BLOCK,X,1.403046,0.9910401
7/2/3/7/7/6/6/4/7 3 3,Z,2,2,BLOCK,Z,1.642321,1.050728
7/2/3/7/7/6/6/6/6 3 3,X,-0.6428571428571428571428571428,302,TIMEOUT,Z,0.07930145,0.03726243
7/2/3/7/7/4/6/5/7 3 3,Z,2,0,BLOCK,Z,0.4929655,0.4367803
7/2/3/7/7/6/4/5/7 3 3,X,2,2,BLOCK,X,1.356592,0.859668
7/2/3/7/7/6/6/1/7 3 3,Z,-2,2,BLOCK,Z,1.592135,1.024626
7/2/3/7/7/4/6/3/7 3 3,Z,2.2857142857142857142857142858,0,BLOCK,Z,0.287582,0.3891881
7/2/3/7/7/6/4/3/7 3 3,X,2,0,BLOCK,X,0.6706945,0.6008559
7/2/3/7/7/4/6/7/6 3 3,Z,2,2,BLOCK,Z,1.253616,1.04205
7/2/3/7/7/6/4/7/6 3 3,X,1.6,0,BLOCK,X,0.08614648,0.2785695
7/2/2/7/7/6/6/7/5 3 3,Z,0.5,302,TIMEOUT,Z,0.008948664,0.004089328
7/2/3/5/7/6/6/7/5 3 3,X,-0.5714285714285714285714285714,302,TIMEOUT,Z,0.01230964,0.005901835
7/2/3/7/7/4/6/7/5 3 3,Z,2,0,BLOCK,Z,0.4547079,0.5137812
7/2/3/7/7/6/4/7/5 3 3,X,2,0,BLOCK,X,0.2883324,0.3229811
7/2/3/7/7/6/6/7/4 3 3,X,-0.6428571428571428571428571428,302,TIMEOUT,Z,0.01646581,0.009745577
7/2/3/7/7/4/6/7/3 3 3,Z,2,0,BLOCK,Z,0.4701019,0.4244389
7/2/3/7/7/6/4/7/3 3 3,X,2.4,0,BLOCK,X,0.3954517,0.4298904
7/2/3/7/7/4/5/5/7 3 3,Z,2,0,BLOCK,Z,0.5359457,0.5754462
7/2/3/7/7/6/1/5/7 3 3,X,-2,0,BLOCK,X,0.4056649,0.5442989
7/2/3/7/7/6/5/4/7 3 3,Z,2,0,BLOCK,Z,0.5768414,0.4771994
7/2/3/7/7/6/5/1/7 3 3,Z,-2,2,BLOCK,Z,1.571317,1.015438
7/2/2/7/7/6/5/3/7 3 3,Z,0.6428571428571428571428571429,302,TIMEOUT,Z,0.00851203,0.004677275
7/2/3/7/7/4/5/3/7 3 3,Z,2.2857142857142857142857142858,0,BLOCK,Z,0.3465862,0.4374277
7/2/3/7/7/6/1/3/7 3 3,X,-2,2,BLOCK,X,1.383212,0.8403485
7/2/3/7/7/4/5/7/6 3 3,Z,2,2,BLOCK,Z,1.284673,0.8912117
7/2/3/7/7/6/1/7/6 3 3,X,-2.4,0,BLOCK,X,0.4249819,0.6273031
7/2/3/7/7/4/5/7/5 3 3,Z,2,0,BLOCK,Z,0.3611735,0.3625813
7/2/3/7/7/6/1/7/5 3 3,X,-2,0,BLOCK,X,0.3407924,0.5420718
7/2/3/7/7/4/5/7/3 3 3,Z,2,2,BLOCK,Z,1.244073,0.9624251
7/2/3/7/7/6/1/7/3 3 3,X,-1.6,0,BLOCK,X,0.9507697,0.7307442
7/2/2/7/7/6/3/3/7 3 3,Z,0.6428571428571428571428571429,302,TIMEOUT,Z,0.01000357,0.003047911
7/2/2/7/7/6/3/7/6 3 3,X,-0.7,302,TIMEOUT,Z,0.001826702,0.00121999
7/2/3/3/7/6/3/6/7 3 3,Z,-0.6666666666666666666666666667,302,TIMEOUT,Z,0.03234287,0.01479155
7/2/3/7/7/4/3/6/7 3 3,Z,1.7142857142857142857142857142,0,BLOCK,Z,1.207647,0.8480656
7/2/3/7/7/6/2/6/7 3 3,X,-0.5,302,TIMEOUT,Z,0.011272,0.007289483
7/2/3/7/7/6/1/6/7 3 3,X,-2,0,BLOCK,X,0.3730841,0.6640807
7/2/3/7/7/6/3/4/7 3 3,Z,2,0,BLOCK,Z,0.3032368,0.3026501
7/2/3/7/7/4/3/5/7 3 3,Z,2,0,BLOCK,Z,0.3444604,0.3014855
7/2/3/7/7/6/3/1/7 3 3,Z,-2,0,BLOCK,Z,1.113775,0.4698339
7/2/3/7/7/4/3/3/7 3 3,Z,2.2857142857142857142857142858,0,BLOCK,Z,0.2774155,0.3715695
7/2/3/7/7/4/3/7/6 3 3,Z,2,0,BLOCK,Z,0.9017324,0.6214953
7/2/2/7/7/6/3/7/5 3 3,Z,0.5,302,TIMEOUT,Z,0.02240711,0.01164919
7/2/3/7/7/4/3/7/5 3 3,Z,2,2,BLOCK,Z,1.294928,0.9490536
3/2/3/7/7/6/3/7/3 3 3,Z,0.5,302,TIMEOUT,Z,0.04263271,0.02678946
7/2/3/7/7/4/3/7/3 3 3,Z,2,0,BLOCK,Z,0.3317128,0.3745143
7/2/3/7/7/6/2/7/3 3 3,Z,0.5,302,TIMEOUT,Z,0.004337768,0.002476484
7/2/2/3/7/6/7/6/7 3 3,Z,-0.6538461538461538461538461538,302,TIMEOUT,Z,0.008220575,0.004972463
7/2/3/3/6/6/7/6/7 3 3,Z,-0.6666666666666666666666666667,60,PLANE,Z,0.8884147,0.7746858
7/2/3/7/7/4/5/6/7 3 3,Z,1.7142857142857142857142857142,0,BLOCK,Z,0.1398077,0.5378101
7/2/3/7/7/4/7/2/7 3 3,Z,2,0,BLOCK,Z,0.05384909,0.3465109
7/2/3/7/7/4/7/6/6 3 3,Z,1.7142857142857142857142857142,0,BLOCK,Z,0.2354961,0.3474647
7/2/3/7/7/6/7/4/6 3 3,Z,2,0,BLOCK,Z,0.3476091,0.318768
7/2/3/7/7/6/7/6/2 3 3,X,-0.5,302,TIMEOUT,Z,0.02189249,0.0147276
7/2/3/7/7/4/7/6/5 3 3,Z,1.7142857142857142857142857142,0,BLOCK,Z,1.019472,0.8561581
7/2/3/7/7/6/5/6/5 3 3,X,-0.5,302,TIMEOUT,Z,0.02993598,0.01810664
7/2/3/7/7/6/7/4/5 3 3,Z,2,0,BLOCK,Z,0.2758956,0.275658
7/2/3/7/7/6/7/6/4 3 3,X,-0.5714285714285714285714285714,302,TIMEOUT,Z,0.03259986,0.02633457
3/2/3/7/7/6/7/6/3 3 3,Z,0.5,302,TIMEOUT,Z,0.05757321,0.02978835
7/2/3/7/7/4/7/6/3 3 3,Z,1.7142857142857142857142857142,0,BLOCK,Z,0.3289515,0.3474431
7/2/3/7/7/6/7/4/3 3 3,Z,2,0,BLOCK,Z,0.5197565,0.4445883
7/2/3/7/7/4/7/5/6 3 3,Z,2,0,BLOCK,Z,0.4757799,0.3961334
7/2/3/7/7/6/7/1/6 3 3,Z,-2,0,BLOCK,Z,1.136394,0.7131809
7/2/3/6/7/6/7/5/5 3 3,X,-0.5,302,TIMEOUT,Z,0.01468302,0.00976874
7/2/3/7/7/4/7/5/5 3 3,Z,2,0,BLOCK,Z,1.305756,0.8364915
7/2/3/7/7/6/7/1/5 3 3,Z,-2,2,BLOCK,Z,1.542607,0.9335712
7/2/3/7/3/6/7/5/3 3 3,Z,0.5,302,TIMEOUT,Z,0.008307373,0.003832695
7/2/3/7/7/4/7/5/3 3 3,Z,2,0,BLOCK,Z,0.6631393,0.4804274
7/2/3/7/7/6/7/1/3 3 3,Z,-2,2,BLOCK,Z,1.550362,0.9204583
7/2/3/7/7/6/7/5/2 3 3,X,-0.5,302,TIMEOUT,Z,0.005906121,0.003027163
7/2/3/7/7/4/7/3/6 3 3,Z,2.2857142857142857142857142858,2,BLOCK,Z,1.476283,1.065276
7/2/3/7/7/4/7/3/5 3 3,Z,2.2857142857142857142857142858,0,BLOCK,Z,0.243953,0.3591511
7/2/3/7/7/4/7/3/3 3 3,Z,2.2857142857142857142857142858,0,BLOCK,Z,0.3306188,0.3683516
3/2/3/7/7/6/7/7/4 3 3,X,-0.5666666666666666666666666666,302,TIMEOUT,Z,0.09993583,0.06216308
7/2/3/7/7/4/7/7/4 3 3,Z,2,0,BLOCK,Z,0.4958934,0.4698692
7/2/3/7/7/4/7/7/2 3 3,Z,2,2,BLOCK,Z,1.301496,0.9001837
7/2/3/7/7/6/6/7/2 3 3,X,-0.5714285714285714285714285714,302,TIMEOUT,Z,0.01888788,0.009196569
7/2/3/7/7/6/3/7/2 3 3,Z,0.5,302,TIMEOUT,Z,0.01022147,0.006382024
7/2/3/7/7/4/7/7/1 3 3,Z,2,0,BLOCK,Z,0.4300894,0.431071
7/2/3/7/7/6/7/6/1 3 3,Z,0.5,302,TIMEOUT,Z,0.0120502,0.005782367
3/2/3/7/7/5/2/7/7 3 3,X,-0.5,302,TIMEOUT,Z,0.07270055,0.02430189
7/2/3/7/7/1/2/7/7 3 3,Z,-2,0,BLOCK,Z,0.736006,0.5676967
7/2/3/7/7/1/6/6/7 3 3,Z,-2.2857142857142857142857142858,2,BLOCK,Z,1.474616,1.049041
7/2/3/7/7/5/4/6/7 3 3,X,2,0,BLOCK,X,1.350883,0.8824527
7/2/3/7/7/5/6/4/7 3 3,Z,2,0,BLOCK,Z,0.3720651,0.4459533
7/2/3/7/7/1/6/5/7 3 3,Z,-2,0,BLOCK,Z,0.7524769,0.5058492
7/2/3/7/7/5/4/5/7 3 3,X,2,0,BLOCK,X,0.5504941,0.528332
7/2/3/7/7/5/6/1/7 3 3,Z,-2,2,BLOCK,Z,1.574254,0.9752657
7/2/3/7/7/1/6/3/7 3 3,Z,-1.7142857142857142857142857142,0,BLOCK,Z,0.4179473,0.474224
7/2/3/7/7/5/4/3/7 3 3,X,2,2,BLOCK,X,1.415813,0.9169713
7/2/3/7/7/1/6/7/6 3 3,Z,-2,0,BLOCK,Z,1.327788,0.9072755
7/2/3/7/7/5/4/7/6 3 3,X,1.6,0,BLOCK,X,0.4552445,0.3593362
7/2/3/7/7/1/6/7/5 3 3,Z,-2,0,BLOCK,Z,0.4245538,0.5785109
7/2/3/7/7/5/4/7/5 3 3,X,2,0,BLOCK,X,0.6207861,0.5119142
7/2/3/7/7/1/6/7/3 3 3,Z,-2,0,BLOCK,Z,0.2100413,0.3626929
7/2/3/7/7/5/4/7/3 3 3,X,2.4,0,BLOCK,X,0.302488,0.4141504
7/2/3/7/7/1/5/6/7 3 3,Z,-2.2857142857142857142857142858,0,BLOCK,Z,0.2319008,0.3620689
7/2/3/7/7/5/1/6/7 3 3,X,-2,0,BLOCK,X,0.4684847,0.6912835
7/2/3/7/7/5/5/4/7 3 3,Z,2,0,BLOCK,Z,0.4980552,0.4568784
7/2/3/7/7/1/5/5/7 3 3,Z,-2,0,BLOCK,Z,0.4491445,0.3803449
7/2/3/7/7/5/1/5/7 3 3,X,-2,0,BLOCK,X,0.5282755,0.6601855
7/2/3/7/7/5/5/1/7 3 3,Z,-2,0,BLOCK,Z,0.223171,0.2634379
7/2/3/7/7/1/5/3/7 3 3,Z,-1.7142857142857142857142857142,0,BLOCK,Z,0.2583963,0.3591884
7/2/3/7/7/5/1/3/7 3 3,X,-2,0,BLOCK,X,0.495042,0.5988308
7/2/3/7/7/1/5/7/6 3 3,Z,-2,0,BLOCK,Z,0.4319063,0.3320345
7/2/3/7/7/5/1/7/6 3 3,X,-2.4,0,BLOCK,X,1.417291,1.055924
7/2/3/7/7/1/5/7/5 3 3,Z,-2,0,BLOCK,Z,0.3386616,0.362404
7/2/3/7/7/5/1/7/5 3 3,X,-2,2,BLOCK,X,1.408149,0.8408128
7/2/3/7/7/1/5/7/3 3 3,Z,-2,0,BLOCK,Z,0.5575443,0.4123361
7/2/3/7/7/5/1/7/3 3 3,X,-1.6,0,BLOCK,X,0.5235532,0.5217357
6/2/3/7/7/5/3/6/7 3 3,X,0.6111111111111111111111111111,38,PLANE,X,0.6758302,0.4861087
7/2/3/7/7/1/3/6/7 3 3,Z,-2.2857142857142857142857142858,2,BLOCK,Z,1.4139,0.9402274
7/2/3/7/7/5/3/4/7 3 3,Z,2,0,BLOCK,Z,1.041624,0.4287099
7/2/3/7/7/1/3/5/7 3 3,Z,-2,2,BLOCK,Z,1.171521,0.8973351
7/2/3/7/7/5/3/1/7 3 3,Z,-2,0,BLOCK,Z,0.1094272,0.06304454
7/2/3/7/7/1/3/3/7 3 3,Z,-1.7142857142857142857142857142,0,BLOCK,Z,0.2421705,0.4229369
7/2/3/7/7/1/3/7/6 3 3,Z,-2,2,BLOCK,Z,1.286348,0.9285077
7/2/3/7/7/1/3/7/5 3 3,Z,-2,2,BLOCK,Z,1.284733,0.8923647
7/2/3/7/7/1/3/7/3 3 3,Z,-2,0,BLOCK,Z,0.3660196,0.3175104
7/2/3/7/7/1/7/2/7 3 3,Z,-2,0,BLOCK,Z,0.1485264,0.5658041
7/2/3/7/7/1/7/6/6 3 3,Z,-2.2857142857142857142857142858,0,BLOCK,Z,0.6448861,0.5614809
7/2/3/7/7/5/7/4/6 3 3,Z,2,0,BLOCK,Z,0.1007978,0.305546
7/2/3/7/7/5/7/6/2 3 3,X,-0.5,302,TIMEOUT,Z,0.009961111,0.005302723
7/2/3/7/7/1/7/6/5 3 3,Z,-2.2857142857142857142857142858,0,BLOCK,Z,0.5232713,0.4503135
7/2/3/7/7/5/7/4/5 3 3,Z,2,0,BLOCK,Z,0.1487362,0.1966993
7/2/3/7/7/1/7/6/3 3 3,Z,-2.2857142857142857142857142858,0,BLOCK,Z,0.2876275,0.3881042
7/2/3/7/7/5/7/4/3 3 3,Z,2,0,BLOCK,Z,0.3517617,0.3446757
7/2/3/7/7/1/7/5/6 3 3,Z,-2,2,BLOCK,Z,1.203853,0.8926268
7/2/3/7/7/5/7/1/6 3 3,Z,-2,0,BLOCK,Z,0.07251669,0.303476
7/2/3/7/7/1/7/5/5 3 3,Z,-2,0,BLOCK,Z,0.2854688,0.4166132
7/2/3/7/7/5/7/1/5 3 3,Z,-2,2,BLOCK,Z,1.626443,1.025225
7/2/3/7/7/1/7/5/3 3 3,Z,-2,0,BLOCK,Z,0.2964002,0.4576454
7/2/3/7/7/5/7/1/3 3 3,Z,-2,0,BLOCK,Z,0.07654859,0.08898116
7/2/3/7/7/1/7/3/6 3 3,Z,-1.7142857142857142857142857142,0,BLOCK,Z,0.5492103,0.4716877
3/2/3/7/7/5/7/3/5 3 3,X,-0.5,302,TIMEOUT,Z,0.031937,0.02026025
7/2/3/7/7/1/7/3/5 3 3,Z,-1.7142857142857142857142857142,0,BLOCK,Z,0.4049033,0.446361
7/2/3/7/7/1/7/3/3 3 3,Z,-1.7142857142857142857142857142,0,BLOCK,Z,0.3197711,0.4330458
7/2/3/7/7/1/7/7/4 3 3,Z,-2,0,BLOCK,Z,0.5987667,0.4887455
7/2/3/7/7/1/7/7/2 3 3,Z,-2,0,BLOCK,Z,0.4666213,0.5462504
7/2/3/7/7/1/7/7/1 3 3,Z,-2,0,BLOCK,Z,0.4715419,0.5263124
7/2/3/7/7/3/4/6/7 3 3,X,2,0,BLOCK,X,1.319297,0.864797
7/2/3/7/7/3/6/4/7 3 3,Z,2,0,BLOCK,Z,0.6246201,0.5034989
7/2/3/7/7/3/4/5/7 3 3,X,2,0,BLOCK,X,0.8012406,0.515732
7/2/3/7/7/3/6/1/7 3 3,Z,-2,0,BLOCK,Z,0.3879679,0.4067387
7/2/3/7/7/3/4/3/7 3 3,X,2,0,BLOCK,X,0.3287511,0.3684529
7/2/3/7/7/3/4/7/6 3 3,X,1.6,0,BLOCK,X,0.5470468,0.4740053
7/2/3/7/7/3/4/7/5 3 3,X,2,2,BLOCK,X,1.374999,0.8877223
7/2/3/7/7/3/4/7/3 3 3,X,2.4,0,BLOCK,X,0.3977365,0.4861896
7/2/3/7/7/3/1/6/7 3 3,X,-2,0,BLOCK,X,0.6766476,0.8190172
7/2/3/7/7/3/5/4/7 3 3,Z,2,0,BLOCK,Z,0.69577,0.5279788
7/2/3/7/7/3/1/5/7 3 3,X,-2,0,BLOCK,X,0.8437746,0.8122106
7/2/3/7/7/3/5/1/7 3 3,Z,-2,0,BLOCK,Z,0.5434796,0.4827186
7/2/3/7/7/3/1/3/7 3 3,X,-2,0,BLOCK,X,0.8313779,0.7956327
7/2/3/7/7/3/1/7/6 3 3,X,-2.4,0,BLOCK,X,0.7893897,0.8450646
7/2/3/7/7/3/1/7/5 3 3,X,-2,0,BLOCK,X,1.321232,0.8800492
7/2/3/7/7/3/1/7/3 3 3,X,-1.6,0,BLOCK,X,0.7845583,0.6414967
7/2/3/7/7/3/3/4/7 3 3,Z,2,0,BLOCK,Z,0.6653459,0.5445632
3/2/3/7/7/3/3/5/7 3 3,Z,-0.5,302,TIMEOUT,Z,0.1232633,0.07659813
7/2/3/7/7/3/3/1/7 3 3,Z,-2,0,BLOCK,Z,0.6162764,0.5204752
7/2/3/7/7/3/7/4/6 3 3,Z,2,2,BLOCK,Z,1.533385,0.9925773
7/2/3/7/7/3/7/4/5 3 3,Z,2,0,BLOCK,Z,0.1381709,0.1466707
7/2/3/7/7/3/7/4/3 3 3,Z,2,0,BLOCK,Z,0.8297774,0.5463344
7/2/3/7/7/3/7/1/6 3 3,Z,-2,0,BLOCK,Z,0.4093238,0.3487394
5/2/3/7/7/3/7/5/5 3 3,X,-0.5,302,TIMEOUT,Z,0.05602254,0.03212234
7/2/2/7/7/3/7/5/5 3 3,Z,-0.5,302,TIMEOUT,Z,0.009095887,0.005213493
7/2/3/7/7/3/7/1/5 3 3,Z,-2,0,BLOCK,Z,0.3345997,0.3281756
7/2/3/7/7/3/7/1/3 3 3,Z,-2,0,BLOCK,Z,0.4053511,0.4194508
7/2/2/7/7/3/7/3/6 3 3,Z,-0.5,302,TIMEOUT,Z,0.01720317,0.00779527
7/2/3/7/7/3/6/3/6 3 3,X,-0.6428571428571428571428571428,302,TIMEOUT,Z,0.02031245,0.01148016
7/2/3/7/7/7/2/4/7 3 3,Z,2,0,BLOCK,Z,1.106738,0.3556481
7/2/3/7/7/7/2/1/7 3 3,Z,-2,0,BLOCK,Z,1.083246,0.5568777
3/2/3/7/7/7/6/2/7 3 3,X,-0.5666666666666666666666666666,302,TIMEOUT,Z,0.08773698,0.05260525
7/2/3/7/7/6/6/2/7 3 3,X,-0.5714285714285714285714285714,302,TIMEOUT,Z,0.004029082,0.003051393
7/2/3/7/7/7/4/2/7 3 3,X,2,0,BLOCK,X,0.3199928,0.3993571
7/2/3/7/7/7/4/6/6 3 3,X,1.5,0,BLOCK,X,0.2399425,0.2739473
7/2/3/7/7/7/6/4/6 3 3,Z,2,0,BLOCK,Z,0.07301211,0.2226518
7/2/3/7/7/7/4/6/5 3 3,X,2,0,BLOCK,X,0.4465613,0.456543
7/2/3/7/7/7/6/4/5 3 3,Z,2,0,BLOCK,Z,1.62326,1.023502
7/2/3/7/7/7/4/6/3 3 3,X,2.5,0,BLOCK,X,0.4799367,0.6394468
7/2/3/7/7/7/6/4/3 3 3,Z,2,0,BLOCK,Z,1.713519,0.9844086
7/2/3/7/7/6/6/5/6 3 3,X,-0.6428571428571428571428571428,302,TIMEOUT,Z,0.09977835,0.05315761
7/2/3/7/7/7/4/5/6 3 3,X,1.5,0,BLOCK,X,0.1706879,0.2385372
7/2/3/7/7/7/6/1/6 3 3,Z,-2,0,BLOCK,Z,0.1434586,0.3723121
7/2/3/7/7/7/4/5/5 3 3,X,2,2,BLOCK,X,1.41036,0.8916659
7/2/3/7/7/7/6/1/5 3 3,Z,-2,0,BLOCK,Z,1.725961,1.083555
7/2/3/7/7/7/4/5/3 3 3,X,2.5,0,BLOCK,X,0.481745,0.5255885
7/2/3/7/7/7/6/1/3 3 3,Z,-2,0,BLOCK,Z,0.09744123,0.1600189
7/2/3/7/7/7/4/3/6 3 3,X,1.5,2,BLOCK,X,1.177879,0.8184396
6/2/3/7/7/7/6/3/5 3 3,X,-0.5666666666666666666666666666,302,TIMEOUT,Z,0.1038692,0.06991424
7/2/3/7/7/7/4/3/5 3 3,X,2,0,BLOCK,X,0.3319664,0.403748
7/2/3/7/7/7/4/3/3 3 3,X,2.5,2,BLOCK,X,1.617496,0.9626892
7/2/3/7/7/7/4/7/4 3 3,X,1.5,0,BLOCK,X,0.4059773,0.2904854
7/2/3/7/7/7/4/7/2 3 3,X,2,0,BLOCK,X,0.1933745,0.3365493
7/2/3/7/7/7/4/7/1 3 3,X,2.5,0,BLOCK,X,0.3762631,0.4388366
7/2/3/7/7/7/6/6/1 3 3,X,0.8333333333333333333333333333,302,TIMEOUT,Z,0.00696664,0.003545708
7/2/3/7/7/7/1/2/7 3 3,X,-2,0,BLOCK,X,0.4057233,0.6968477
7/2/3/7/7/7/1/6/6 3 3,X,-2.5,0,BLOCK,X,0.4733037,0.6245721
7/2/3/7/7/7/5/4/6 3 3,Z,2,0,BLOCK,Z,1.560647,0.9660193
7/2/3/7/7/7/1/6/5 3 3,X,-2,0,BLOCK,X,0.4599473,0.6326446
7/2/3/7/7/7/5/4/5 3 3,Z,2,0,BLOCK,Z,0.08119212,0.1136336
7/2/3/7/7/7/1/6/3 3 3,X,-1.5,0,BLOCK,X,0.3299929,0.445686
7/2/3/7/7/7/5/4/3 3 3,Z,2,0,BLOCK,Z,0.281263,0.2830298
7/2/3/7/7/7/1/5/6 3 3,X,-2.5,0,BLOCK,X,0.4704546,0.7048205
7/2/3/7/7/7/5/1/6 3 3,Z,-2,0,BLOCK,Z,0.01580884,0.2164402
7/2/3/7/7/7/1/5/5 3 3,X,-2,0,BLOCK,X,0.3721884,0.5536072
7/2/3/7/7/7/5/1/5 3 3,Z,-2,0,BLOCK,Z,0.1172408,0.07578795
7/2/3/7/7/7/1/5/3 3 3,X,-1.5,0,BLOCK,X,0.1803634,0.4383829
7/2/3/7/7/7/5/1/3 3 3,Z,-2,2,BLOCK,Z,1.640885,1.021796
7/2/3/7/7/7/1/3/6 3 3,X,-2.5,2,BLOCK,X,1.700334,1.039561
7/2/3/7/7/7/1/3/5 3 3,X,-2,0,BLOCK,X,0.3556384,0.5657308
7/2/3/7/7/7/1/3/3 3 3,X,-1.5,0,BLOCK,X,0.2825091,0.4689849
7/2/3/7/7/7/1/7/4 3 3,X,-2.5,0,BLOCK,X,0.4591533,0.6694736
7/2/2/7/7/7/5/7/2 3 3,X,0,302,TIMEOUT,Z,0.02895495,0.01104739
7/2/3/7/7/7/1/7/2 3 3,X,-2,0,BLOCK,X,0.5188828,0.7128407
7/2/3/7/7/7/1/7/1 3 3,X,-1.5,2,BLOCK,X,1.186903,0.7215896
7/2/3/7/3/7/3/6/5 3 3,X,-0.5,302,TIMEOUT,Z,0.005961786,0.003604958
7/2/3/7/7/7/3/4/5 3 3,Z,2,0,BLOCK,Z,0.04185382,0.1626886
7/2/3/7/6/7/3/6/3 3 3,X,0.7222222222222222222222222222,302,TIMEOUT,Z,0.006973736,0.004373863
7/2/3/7/7/7/3/4/3 3 3,Z,2,0,BLOCK,Z,0.04037685,0.0773932
7/2/3/7/7/7/3/4/6 3 3,Z,2,0,BLOCK,Z,1.21732,0.5021389
7/2/3/7/7/7/3/1/6 3 3,Z,-2,0,BLOCK,Z,1.721233,1.095289
7/2/2/7/7/7/3/5/5 3 3,X,-0.5,302,TIMEOUT,Z,0.01072311,0.00340447
7/2/3/7/7/7/3/1/5 3 3,Z,-2,0,BLOCK,Z,1.651342,1.075752
7/2/2/7/7/7/3/5/3 3 3,X,0.2666666666666666666666666666,302,TIMEOUT,Z,0.024146,0.01390614
7/2/3/7/7/7/3/1/3 3 3,Z,-2,0,BLOCK,Z,0.0861908,0.0716257
7/2/3/6/7/7/7/2/3 3 3,Z,0.5,302,TIMEOUT,Z,0.03279105,0.01403624
7/2/3/7/7/7/7/4/4 3 3,Z,2,0,BLOCK,Z,0.0792097,0.1678064
7/2/3/7/3/7/7/6/2 3 3,X,-0.5,302,TIMEOUT,Z,0.02131762,0.01248456
7/2/3/7/7/7/7/4/2 3 3,Z,2,0,BLOCK,Z,0.0749342,0.09923902
7/2/3/7/7/7/7/4/1 3 3,Z,2,2,BLOCK,Z,1.64163,1.006927
5/2/3/7/7/7/7/5/4 3 3,X,-0.5666666666666666666666666666,302,TIMEOUT,Z,0.02399039,0.01796888
7/2/3/6/7/7/7/5/4 3 3,X,-0.5714285714285714285714285714,302,TIMEOUT,Z,0.01050387,0.005677851
7/2/3/7/7/7/7/1/4 3 3,Z,-2,0,BLOCK,Z,0.1378182,0.2746294
7/2/3/7/7/7/7/1/2 3 3,Z,-2,2,BLOCK,Z,1.617244,0.9941444
7/2/3/7/7/7/7/1/1 3 3,Z,-2,0,BLOCK,Z,0.09338124,0.07230829
7/2/2/7/7/7/7/3/4 3 3,Z,-0.5,302,TIMEOUT,Z,0.01445025,0.006176353
5/2/3/7/7/7/7/3/1 3 3,Z,-0.5,302,TIMEOUT,Z,0.02395138,0.01425362
7/2/7/2/4/6/7/7/7 3 3,X,2,0,BLOCK,X,0.7941198,0.2952764
7/2/7/2/6/4/7/7/7 3 3,Z,2,0,BLOCK,Z,0.9396395,0.8703547
7/2/7/2/4/5/7/7/7 3 3,X,2,0,BLOCK,X,0.6477627,0.4512537
7/2/7/2/6/1/7/7/7 3 3,Z,-2,0,BLOCK,Z,1.202178,0.8300241
7/2/7/2/4/3/7/7/7 3 3,X,2,2,BLOCK,X,0.9746351,0.6356556
7/2/7/2/4/7/6/7/7 3 3,X,1.8181818181818181818181818182,0,BLOCK,X,0.6376286,0.4676738
7/2/7/2/6/7/4/7/7 3 3,X,2,0,BLOCK,X,0.5904392,0.7546002
7/2/7/2/4/7/5/7/7 3 3,X,2,2,BLOCK,X,0.9496704,0.5455417
7/2/7/2/6/7/1/7/7 3 3,X,-2,2,BLOCK,X,1.425912,0.6846219
7/2/7/2/4/7/3/7/7 3 3,X,2.1818181818181818181818181818,0,BLOCK,X,1.44004,0.6893231
7/2/7/2/4/7/7/6/7 3 3,X,2,0,BLOCK,X,0.5252677,0.4291681
7/2/7/2/6/7/7/4/7 3 3,Z,2,2,BLOCK,Z,1.591124,0.9734561
7/2/7/2/4/7/7/5/7 3 3,X,2,2,BLOCK,X,0.9715908,0.458626
7/2/7/2/6/7/7/1/7 3 3,Z,-2,2,BLOCK,Z,1.570354,0.911351
7/2/7/2/4/7/7/3/7 3 3,X,2,0,BLOCK,X,0.6424595,0.5842544
7/2/7/2/4/7/7/7/6 3 3,X,1.8181818181818181818181818182,2,BLOCK,X,1.006391,0.6581041
7/2/7/2/4/7/7/7/5 3 3,X,2,0,BLOCK,X,0.8365393,0.3794945
7/2/7/2/4/7/7/7/3 3 3,X,2.1818181818181818181818181818,0,BLOCK,X,1.247502,0.5700514
7/2/7/2/1/6/7/7/7 3 3,X,-2,0,BLOCK,X,0.6118018,0.3930601
7/2/7/2/5/4/7/7/7 3 3,Z,2,0,BLOCK,Z,0.7135587,0.6870865
7/2/7/2/1/5/7/7/7 3 3,X,-2,0,BLOCK,X,0.9743084,0.5959036
7/2/7/2/5/1/7/7/7 3 3,Z,-2,0,BLOCK,Z,0.9597149,0.7829594
7/2/7/2/1/3/7/7/7 3 3,X,-2,0,BLOCK,X,0.8292298,0.3858483
7/2/7/2/1/7/6/7/7 3 3,X,-2.1818181818181818181818181818,0,BLOCK,X,1.412755,0.6164533
7/2/7/2/5/7/4/7/7 3 3,X,2,0,BLOCK,X,0.6964066,0.6753008
7/2/7/2/1/7/5/7/7 3 3,X,-2,0,BLOCK,X,0.8039231,0.4158021
7/2/7/2/5/7/1/7/7 3 3,X,-2,2,BLOCK,X,1.409851,0.8506499
7/2/7/2/1/7/3/7/7 3 3,X,-1.8181818181818181818181818182,0,BLOCK,X,0.487435,0.5461215
7/2/7/2/1/7/7/6/7 3 3,X,-2,0,BLOCK,X,0.8656326,0.4966473
7/2/7/2/5/7/7/4/7 3 3,Z,2,0,BLOCK,Z,0.2622539,0.2688532
7/2/7/2/1/7/7/5/7 3 3,X,-2,0,BLOCK,X,0.7649495,0.4115527
7/2/7/2/5/7/7/1/7 3 3,Z,-2,2,BLOCK,Z,1.573409,0.9806578
7/2/7/2/1/7/7/3/7 3 3,X,-2,0,BLOCK,X,0.9346654,0.4044825
7/2/7/2/1/7/7/7/6 3 3,X,-2.1818181818181818181818181818,2,BLOCK,X,1.132496,0.5333107
7/2/7/2/1/7/7/7/5 3 3,X,-2,2,BLOCK,X,1.125809,0.576089
7/2/7/2/1/7/7/7/3 3 3,X,-1.8181818181818181818181818182,2,BLOCK,X,0.893003,0.6603521
7/2/7/2/3/4/7/7/7 3 3,Z,2,2,BLOCK,Z,1.351893,1.07662
7/2/7/2/3/1/7/7/7 3 3,Z,-2,0,BLOCK,Z,1.007631,0.673642
7/2/7/2/3/7/4/7/7 3 3,X,2,0,BLOCK,X,0.788779,0.6087232
7/2/7/2/3/7/1/7/7 3 3,X,-2,0,BLOCK,X,0.7190298,0.7261656
7/2/3/2/3/7/3/7/7 3 3,X,-0.5,302,TIMEOUT,Z,0.04630822,0.02114382
7/2/7/2/2/7/7/6/7 3 3,Z,0.5,302,TIMEOUT,Z,0.02747034,0.01312372
7/2/7/2/3/7/7/4/7 3 3,Z,2,0,BLOCK,Z,0.4429618,0.3616692
7/2/7/2/3/7/7/1/7 3 3,Z,-2,0,BLOCK,Z,0.5346816,0.4998817
7/2/7/2/7/4/6/7/7 3 3,Z,2,2,BLOCK,Z,1.249744,0.9974168
7/2/7/2/7/6/4/7/7 3 3,X,2,0,BLOCK,X,0.4460109,0.6053841
7/2/7/2/7/4/5/7/7 3 3,Z,2,2,BLOCK,Z,1.257795,1.060913
7/2/7/2/7/6/1/7/7 3 3,X,-2,0,BLOCK,X,0.4119549,0.590009
7/2/7/2/7/4/3/7/7 3 3,Z,2,2,BLOCK,Z,1.225228,0.9114707
7/2/7/2/7/4/7/6/7 3 3,Z,1.75,0,BLOCK,Z,0.2954201,0.477443
7/2/7/2/7/6/7/4/7 3 3,Z,2,0,BLOCK,Z,0.2540813,0.2157914
7/2/3/2/7/6/7/5/7 3 3,X,-0.5,302,TIMEOUT,Z,0.01407269,0.007666078
7/2/7/2/7/4/7/5/7 3 3,Z,2,0,BLOCK,Z,0.5996686,0.5539655
7/2/7/2/7/6/7/1/7 3 3,Z,-2,0,BLOCK,Z,0.8550595,0.5624993
7/2/7/2/7/4/7/3/7 3 3,Z,2.25,0,BLOCK,Z,0.5498562,0.5777014
7/2/7/2/7/4/7/7/6 3 3,Z,2,0,BLOCK,Z,0.4409151,0.4707224
7/2/7/2/7/4/7/7/5 3 3,Z,2,0,BLOCK,Z,1.008497,0.8198775
3/2/7/2/7/6/7/7/3 3 3,Z,0.5,302,TIMEOUT,Z,0.08754244,0.03488708
7/2/7/2/7/4/7/7/3 3 3,Z,2,0,BLOCK,Z,0.49973,0.5203008
7/2/7/2/7/1/6/7/7 3 3,Z,-2,0,BLOCK,Z,0.7470975,0.8156321
7/2/7/2/7/5/4/7/7 3 3,X,2,0,BLOCK,X,0.6548851,0.7541976
7/2/7/2/7/1/5/7/7 3 3,Z,-2,0,BLOCK,Z,0.6272187,0.6000686
7/2/7/2/7/5/1/7/7 3 3,X,-2,0,BLOCK,X,0.3474989,0.5632641
7/2/7/2/7/1/3/7/7 3 3,Z,-2,0,BLOCK,Z,0.6583058,0.5018492
7/2/7/2/7/1/7/6/7 3 3,Z,-2.25,0,BLOCK,Z,0.531541,0.5306342
7/2/7/2/7/5/7/4/7 3 3,Z,2,2,BLOCK,Z,1.571068,0.9509147
7/2/7/2/7/1/7/5/7 3 3,Z,-2,0,BLOCK,Z,0.5343817,0.4874454
7/2/7/2/7/5/7/1/7 3 3,Z,-2,0,BLOCK,Z,0.4872265,0.4770974
7/2/7/2/7/1/7/3/7 3 3,Z,-1.75,0,BLOCK,Z,0.3579464,0.5863135
7/2/7/2/7/1/7/7/6 3 3,Z,-2,0,BLOCK,Z,0.6291379,0.590932
7/2/7/2/7/1/7/7/5 3 3,Z,-2,0,BLOCK,Z,0.5925993,0.4108011
7/2/7/2/7/1/7/7/3 3 3,Z,-2,0,BLOCK,Z,0.5656644,0.5026466
7/2/7/2/7/3/4/7/7 3 3,X,2,0,BLOCK,X,0.6079715,0.6526396
7/2/7/2/7/3/1/7/7 3 3,X,-2,0,BLOCK,X,0.7141287,0.6979182
7/2/7/2/7/3/7/4/7 3 3,Z,2,0,BLOCK,Z,0.4416783,0.443968
7/2/7/2/7/3/7/1/7 3 3,Z,-2,0,BLOCK,Z,0.4277372,0.3555683
7/2/7/2/7/7/4/6/7 3 3,X,2,0,BLOCK,X,0.3542319,0.6134583
7/2/7/2/7/7/6/4/7 3 3,Z,2,0,BLOCK,Z,1.687184,1.010025
7/2/7/2/7/7/4/5/7 3 3,X,2,0,BLOCK,X,0.7558075,0.7010171
7/2/7/2/7/7/6/1/7 3 3,Z,-2,0,BLOCK,Z,0.4692016,0.3870634
7/2/7/2/7/7/4/3/7 3 3,X,2,0,BLOCK,X,0.6146449,0.7481462
7/2/7/2/7/7/4/7/6 3 3,X,1.6,0,BLOCK,X,1.25887,0.8607246
7/2/7/2/7/7/4/7/5 3 3,X,2,0,BLOCK,X,0.366732,0.5435076
7/2/7/2/7/7/4/7/3 3 3,X,2.4,0,BLOCK,X,0.4986071,0.7127327
7/2/7/2/7/7/1/6/7 3 3,X,-2,0,BLOCK,X,0.5035233,0.6229345
7/2/7/2/7/7/5/4/7 3 3,Z,2,0,BLOCK,Z,0.2471125,0.3273051
7/2/7/2/7/7/1/5/7 3 3,X,-2,0,BLOCK,X,0.4340282,0.5869495
7/2/7/2/7/7/5/1/7 3 3,Z,-2,0,BLOCK,Z,0.4290806,0.4157891
7/2/7/2/7/7/1/3/7 3 3,X,-2,0,BLOCK,X,0.4570797,0.6202681
7/2/7/2/7/7/1/7/6 3 3,X,-2.4,2,BLOCK,X,1.629602,0.9722582
7/2/7/2/7/7/1/7/5 3 3,X,-2,0,BLOCK,X,0.4923679,0.6906208
7/2/7/2/7/7/1/7/3 3 3,X,-1.6,0,BLOCK,X,0.2309928,0.4188496
7/2/7/2/7/7/3/4/7 3 3,Z,2,0,BLOCK,Z,1.109478,0.4730812
7/2/7/2/7/7/3/1/7 3 3,Z,-2,0,BLOCK,Z,0.9159058,0.4948648
3/2/7/2/7/7/7/6/6 3 3,X,-0.5555555555555555555555555556,302,TIMEOUT,Z,0.1523417,0.08235889
7/2/7/2/7/7/7/4/6 3 3,Z,2,0,BLOCK,Z,0.182669,0.05284681
7/2/7/2/7/7/7/4/5 3 3,Z,2,0,BLOCK,Z,0.3804376,0.37853
7/2/7/2/7/7/7/4/3 3 3,Z,2,2,BLOCK,Z,1.574122,0.9679021
7/2/7/2/7/7/7/1/6 3 3,Z,-2,0,BLOCK,Z,0.09880926,0.1247318
7/2/7/2/7/7/7/1/5 3 3,Z,-2,0,BLOCK,Z,0.07125451,0.0291741
7/2/7/2/7/7/7/1/3 3 3,Z,-2,0,BLOCK,Z,0.06596515,0.1584186
7/2/7/4/2/6/7/7/7 3 3,Z,1.8333333333333333333333333334,0,BLOCK,Z,0.4997707,0.96876
7/2/7/6/2/4/7/7/7 3 3,Z,2,0,BLOCK,Z,1.031512,0.7526852
7/2/7/4/2/5/7/7/7 3 3,Z,2,0,BLOCK,Z,0.5230771,0.71548
7/2/7/6/2/1/7/7/7 3 3,Z,-2,0,BLOCK,Z,1.242807,0.9744566
7/2/7/4/2/3/7/7/7 3 3,Z,2.1666666666666666666666666666,0,BLOCK,Z,0.4243691,0.6746234
7/2/7/4/2/7/6/7/7 3 3,Z,2,0,BLOCK,Z,0.3860858,0.8566043
7/2/7/6/2/7/4/7/7 3 3,X,2,0,BLOCK,X,0.7267874,0.4819709
7/2/7/4/2/7/5/7/7 3 3,Z,2,0,BLOCK,Z,0.6465097,1.097156
7/2/7/6/2/7/1/7/7 3 3,X,-2,0,BLOCK,X,0.6365358,0.4968548
7/2/7/4/2/7/3/7/7 3 3,Z,2,2,BLOCK,Z,1.028409,1.315387
7/2/7/4/2/7/7/6/7 3 3,Z,1.8333333333333333333333333334,0,BLOCK,Z,0.3680722,0.8223484
7/2/7/6/2/7/7/4/7 3 3,Z,2,0,BLOCK,Z,0.4136672,0.398154
7/2/7/4/2/7/7/5/7 3 3,Z,2,0,BLOCK,Z,0.734327,0.848711
7/2/7/6/2/7/7/1/7 3 3,Z,-2,0,BLOCK,Z,0.4009354,0.3817502
7/2/7/4/2/7/7/3/7 3 3,Z,2.1666666666666666666666666666,0,BLOCK,Z,0.5324755,0.8570396
7/2/7/4/2/7/7/7/6 3 3,Z,2,0,BLOCK,Z,0.7089349,1.132397
7/2/7/4/2/7/7/7/5 3 3,Z,2,0,BLOCK,Z,0.5612102,0.7738014
7/2/7/4/2/7/7/7/3 3 3,Z,2,0,BLOCK,Z,0.4707806,0.6676239
7/2/7/4/6/2/7/7/7 3 3,Z,2,0,BLOCK,Z,0.3146009,0.8714607
7/2/7/6/4/2/7/7/7 3 3,X,2,0,BLOCK,X,0.7294975,0.5243074
7/2/7/4/6/6/6/7/7 3 3,Z,1.8333333333333333333333333334,2,BLOCK,Z,0.9400146,1.151605
7/2/7/6/4/6/6/7/7 3 3,X,1.80,2,BLOCK,X,0.8118246,0.6620872
7/2/7/6/6/4/6/7/7 3 3,Z,2,0,BLOCK,Z,0.564698,0.4403115
7/2/7/6/6/6/4/7/7 3 3,X,2,0,BLOCK,X,1.078484,0.6395787
3/2/7/6/6/6/5/7/7 3 3,X,-0.5555555555555555555555555556,302,TIMEOUT,Z,0.1075434,0.07111935
7/2/7/4/6/6/5/7/7 3 3,Z,1.8333333333333333333333333334,2,BLOCK,Z,0.8234466,1.153235
7/2/7/6/4/6/5/7/7 3 3,X,2,0,BLOCK,X,0.4959444,0.7574339
7/2/7/6/6/4/5/7/7 3 3,Z,2,0,BLOCK,Z,1.098821,1.002527
7/2/7/6/6/6/1/7/7 3 3,X,-2,0,BLOCK,X,1.383026,0.7669206
7/2/7/4/6/6/3/7/7 3 3,Z,1.8333333333333333333333333334,2,BLOCK,Z,0.7988909,1.005175
7/2/7/6/4/6/3/7/7 3 3,X,2.20,0,BLOCK,X,0.6165369,0.5567276
7/2/7/6/6/4/3/7/7 3 3,Z,2,0,BLOCK,Z,1.412609,1.109073
7/2/7/4/6/6/7/6/7 3 3,Z,1.6666666666666666666666666666,0,BLOCK,Z,0.2334916,0.8766466
7/2/7/6/4/6/7/6/7 3 3,X,2,2,BLOCK,X,0.9315075,0.6913122
7/2/7/6/6/4/7/6/7 3 3,Z,1.75,2,BLOCK,Z,1.188284,0.9741134
7/2/7/6/6/6/7/4/7 3 3,Z,2,0,BLOCK,Z,0.3588007,0.3949601
7/2/7/4/6/6/7/5/7 3 3,Z,1.8333333333333333333333333334,0,BLOCK,Z,0.2155852,0.7416697
7/2/7/6/4/6/7/5/7 3 3,X,2,0,BLOCK,X,0.5886677,0.5883987
7/2/7/6/6/4/7/5/7 3 3,Z,2,0,BLOCK,Z,0.5871266,0.4198487
7/2/7/6/6/6/7/1/7 3 3,Z,-2,0,BLOCK,Z,0.5930833,0.6190565
7/2/7/4/6/6/7/3/7 3 3,Z,2.00,0,BLOCK,Z,0.4611881,0.8446029
7/2/7/6/4/6/7/3/7 3 3,X,2,0,BLOCK,X,0.7198354,0.6958568
7/2/7/6/6/4/7/3/7 3 3,Z,2.25,0,BLOCK,Z,0.4239996,0.3501737
7/2/7/4/6/6/7/7/6 3 3,Z,1.8333333333333333333333333334,0,BLOCK,Z,0.5142485,1.112474
7/2/7/6/4/6/7/7/6 3 3,X,1.80,2,BLOCK,X,0.900526,0.6118265
7/2/7/6/6/4/7/7/6 3 3,Z,2,2,BLOCK,Z,1.331736,1.047572
3/2/7/6/6/6/7/7/5 3 3,X,-0.5555555555555555555555555556,302,TIMEOUT,Z,0.04729629,0.02435823
7/2/7/4/6/6/7/7/5 3 3,Z,1.8333333333333333333333333334,0,BLOCK,Z,0.2182463,0.6174903
7/2/7/6/4/6/7/7/5 3 3,X,2,0,BLOCK,X,0.5520793,0.5206877
7/2/7/6/6/4/7/7/5 3 3,Z,2,0,BLOCK,Z,0.517442,0.434405
7/2/7/4/6/6/7/7/3 3 3,Z,1.8333333333333333333333333334,2,BLOCK,Z,0.8723577,1.189858
7/2/7/6/4/6/7/7/3 3 3,X,2.20,2,BLOCK,X,1.078149,0.7049538
7/2/7/6/6/4/7/7/3 3 3,Z,2,0,BLOCK,Z,0.9430208,0.7652124
7/2/7/4/6/5/6/7/7 3 3,Z,2,0,BLOCK,Z,0.7679877,0.9818584
7/2/7/6/4/5/6/7/7 3 3,X,1.80,0,BLOCK,X,0.6306716,0.5180772
7/2/7/6/6/1/6/7/7 3 3,Z,-2,0,BLOCK,Z,0.6072284,0.6229034
7/2/7/6/6/5/4/7/7 3 3,X,2,0,BLOCK,X,0.6236602,0.6198257
7/2/7/4/6/5/5/7/7 3 3,Z,2,0,BLOCK,Z,0.9279905,1.150267
7/2/7/6/4/5/5/7/7 3 3,X,2,0,BLOCK,X,0.5940192,0.8144715
7/2/7/6/6/1/5/7/7 3 3,Z,-2,2,BLOCK,Z,1.332606,1.012611
7/2/7/6/6/5/1/7/7 3 3,X,-2,0,BLOCK,X,1.267264,0.8670741
7/2/7/4/6/5/3/7/7 3 3,Z,2,0,BLOCK,Z,0.6449098,0.9799428
7/2/7/6/4/5/3/7/7 3 3,X,2.20,0,BLOCK,X,0.5181883,0.3854099
7/2/7/6/6/1/3/7/7 3 3,Z,-2,0,BLOCK,Z,0.8740278,0.6812921
7/2/7/4/6/5/7/6/7 3 3,Z,1.8333333333333333333333333334,0,BLOCK,Z,0.6074009,0.9401029
7/2/7/6/4/5/7/6/7 3 3,X,2,2,BLOCK,X,0.9745965,0.5948372
7/2/7/6/6/1/7/6/7 3 3,Z,-2.25,0,BLOCK,Z,0.4559174,0.4507957
7/2/7/6/6/5/7/4/7 3 3,Z,2,0,BLOCK,Z,0.4263661,0.4841943
7/2/7/4/6/5/7/5/7 3 3,Z,2,0,BLOCK,Z,0.54228,0.6286849
7/2/7/6/4/5/7/5/7 3 3,X,2,0,BLOCK,X,0.5016081,0.531844
7/2/7/6/6/1/7/5/7 3 3,Z,-2,0,BLOCK,Z,0.7108751,0.6054698
7/2/7/6/6/5/7/1/7 3 3,Z,-2,2,BLOCK,Z,1.580531,0.9359289
7/2/7/4/6/5/7/3/7 3 3,Z,2.1666666666666666666666666666,0,BLOCK,Z,0.8704882,0.9583456
7/2/7/6/4/5/7/3/7 3 3,X,2,0,BLOCK,X,0.5572187,0.4909658
7/2/7/6/6/1/7/3/7 3 3,Z,-1.75,0,BLOCK,Z,0.4412381,0.6408119
7/2/3/6/6/5/7/7/6 3 3,X,-0.6428571428571428571428571429,302,TIMEOUT,Z,0.0137884,0.00644371
7/2/7/4/6/5/7/7/6 3 3,Z,2,0,BLOCK,Z,0.6253605,0.955597
7/2/7/6/4/5/7/7/6 3 3,X,1.80,0,BLOCK,X,0.7745152,0.618021
7/2/7/6/6/1/7/7/6 3 3,Z,-2,0,BLOCK,Z,0.6510025,0.5852905
6/2/7/6/6/5/7/7/5 3 3,Z,0.5,302,TIMEOUT,Z,0.1230333,0.08479754
7/2/7/4/6/5/7/7/5 3 3,Z,2,2,BLOCK,Z,0.9278933,1.143448
7/2/7/6/4/5/7/7/5 3 3,X,2,0,BLOCK,X,0.5317558,0.56673
7/2/7/6/6/1/7/7/5 3 3,Z,-2,0,BLOCK,Z,0.6729601,0.5972624
7/2/7/4/6/5/7/7/3 3 3,Z,2,0,BLOCK,Z,0.8423775,0.8726488
7/2/7/6/4/5/7/7/3 3 3,X,2.20,0,BLOCK,X,1.038537,0.5257429
7/2/7/6/6/1/7/7/3 3 3,Z,-2,0,BLOCK,Z,1.027778,0.7477525
7/2/7/4/6/3/6/7/7 3 3,Z,2.1666666666666666666666666666,0,BLOCK,Z,0.6317282,0.7101583
7/2/7/6/4/3/6/7/7 3 3,X,1.80,0,BLOCK,X,0.6371112,0.5826443
7/2/7/6/6/3/4/7/7 3 3,X,2,2,BLOCK,X,1.397506,0.829259
7/2/7/4/6/3/5/7/7 3 3,Z,2.1666666666666666666666666666,0,BLOCK,Z,0.6589854,0.6779715
7/2/7/6/4/3/5/7/7 3 3,X,2,2,BLOCK,X,0.8877125,0.5659732
7/2/7/6/6/3/1/7/7 3 3,X,-2,2,BLOCK,X,1.46036,0.6975875
7/2/7/4/6/3/3/7/7 3 3,Z,2.1666666666666666666666666666,0,BLOCK,Z,0.4248623,0.5794383
7/2/7/6/4/3/3/7/7 3 3,X,2.20,0,BLOCK,X,0.7027079,0.3511997
7/2/7/4/6/3/7/6/7 3 3,Z,2.00,0,BLOCK,Z,0.34929,0.6248118
7/2/7/6/4/3/7/6/7 3 3,X,2,0,BLOCK,X,0.554906,0.662283
7/2/7/6/6/3/7/4/7 3 3,Z,2,0,BLOCK,Z,0.4528288,0.4252781
7/2/7/4/6/3/7/5/7 3 3,Z,2.1666666666666666666666666666,0,BLOCK,Z,0.357697,0.4553767
7/2/7/6/4/3/7/5/7 3 3,X,2,2,BLOCK,X,0.9805338,0.5917216
7/2/7/6/6/3/7/1/7 3 3,Z,-2,2,BLOCK,Z,1.570993,0.9554166
7/2/7/4/6/3/7/3/7 3 3,Z,2.3333333333333333333333333334,0,BLOCK,Z,0.7619901,0.6611674
7/2/7/6/4/3/7/3/7 3 3,X,2,0,BLOCK,X,0.7170903,0.4857371
7/2/7/4/6/3/7/7/6 3 3,Z,2.1666666666666666666666666666,0,BLOCK,Z,0.7345727,0.8835654
7/2/7/6/4/3/7/7/6 3 3,X,1.80,0,BLOCK,X,0.6805645,0.6961762
7/2/7/4/6/3/7/7/5 3 3,Z,2.1666666666666666666666666666,2,BLOCK,Z,1.325623,1.408094
7/2/7/6/4/3/7/7/5 3 3,X,2,2,BLOCK,X,1.014144,0.6555807
7/2/7/4/6/3/7/7/3 3 3,Z,2.1666666666666666666666666666,0,BLOCK,Z,0.4386814,0.4762129
7/2/7/6/4/3/7/7/3 3 3,X,2.20,0,BLOCK,X,0.8341022,0.6829298
7/2/7/4/6/7/2/7/7 3 3,Z,2,0,BLOCK,Z,0.5586123,0.8011265
7/2/7/6/4/7/2/7/7 3 3,X,2,0,BLOCK,X,0.5470827,0.4973736
7/2/7/4/6/7/6/6/7 3 3,Z,1.8333333333333333333333333334,0,BLOCK,Z,0.6240439,0.7771454
7/2/7/6/4/7/6/6/7 3 3,X,1.8,0,BLOCK,X,0.6078644,0.4056948
7/2/7/6/6/7/4/6/7 3 3,X,2,0,BLOCK,X,0.5113925,0.7973763
7/2/7/6/6/7/6/4/7 3 3,Z,2,0,BLOCK,Z,0.2588587,0.3422676
7/2/7/4/6/7/6/5/7 3 3,Z,2,0,BLOCK,Z,0.5096524,0.7514676
7/2/7/6/4/7/6/5/7 3 3,X,1.8,0,BLOCK,X,0.5785944,0.6045849
7/2/7/6/6/7/4/5/7 3 3,X,2,0,BLOCK,X,0.6524621,0.7469713
7/2/7/6/6/7/6/1/7 3 3,Z,-2,0,BLOCK,Z,0.4273466,0.452262
7/2/7/4/6/7/6/3/7 3 3,Z,2.1666666666666666666666666666,0,BLOCK,Z,0.4999633,0.7439163
7/2/7/6/4/7/6/3/7 3 3,X,1.8,0,BLOCK,X,0.5623371,0.5528592
7/2/7/6/6/7/4/3/7 3 3,X,2,0,BLOCK,X,0.5561733,0.7869027
7/2/7/4/6/7/6/7/6 3 3,Z,2,0,BLOCK,Z,0.9360316,0.9157587
7/2/7/6/4/7/6/7/6 3 3,X,1.6,0,BLOCK,X,0.5767448,0.7075732
7/2/7/6/6/7/4/7/6 3 3,X,1.6,0,BLOCK,X,0.4165583,0.5896893
7/2/7/4/6/7/6/7/5 3 3,Z,2,2,BLOCK,Z,0.944993,1.11641
7/2/7/6/4/7/6/7/5 3 3,X,1.8,0,BLOCK,X,0.8843341,0.7566232
7/2/7/6/6/7/4/7/5 3 3,X,2,0,BLOCK,X,0.6632056,0.7569277
6/2/7/6/6/7/6/7/3 3 3,X,0.7,302,TIMEOUT,Z,0.1327458,0.08861887
7/2/7/4/6/7/6/7/3 3 3,Z,2,0,BLOCK,Z,0.586224,0.8194667
7/2/7/6/4/7/6/7/3 3 3,X,2,0,BLOCK,X,0.6345202,0.3999784
7/2/7/6/6/7/4/7/3 3 3,X,2.4,0,BLOCK,X,0.7578264,0.8198043
3/2/7/6/6/7/5/6/7 3 3,X,-0.5555555555555555555555555556,36,PLANE,X,0.520549,0.4983577
7/2/7/4/6/7/5/6/7 3 3,Z,1.8333333333333333333333333334,0,BLOCK,Z,0.3297572,0.56261
7/2/7/6/4/7/5/6/7 3 3,X,2,0,BLOCK,X,0.8603648,0.5348089
7/2/7/6/6/7/1/6/7 3 3,X,-2,0,BLOCK,X,0.7494071,0.6559066
7/2/7/6/6/7/5/4/7 3 3,Z,2,0,BLOCK,Z,0.4379981,0.3713757
7/2/7/4/6/7/5/5/7 3 3,Z,2,2,BLOCK,Z,0.8912759,1.062591
7/2/7/6/4/7/5/5/7 3 3,X,2,2,BLOCK,X,0.9477281,0.7310327
7/2/7/6/6/7/1/5/7 3 3,X,-2,0,BLOCK,X,0.7873482,0.5007665
7/2/7/6/6/7/5/1/7 3 3,Z,-2,0,BLOCK,Z,1.136954,0.3776786
7/2/7/4/6/7/5/3/7 3 3,Z,2.1666666666666666666666666666,0,BLOCK,Z,0.5020534,0.7753172
7/2/7/6/4/7/5/3/7 3 3,X,2,0,BLOCK,X,0.5503998,0.6720861
7/2/7/6/6/7/1/3/7 3 3,X,-2,0,BLOCK,X,0.6946815,0.6048077
7/2/7/4/6/7/5/7/6 3 3,Z,2,0,BLOCK,Z,0.5239987,0.6439132
7/2/7/6/4/7/5/7/6 3 3,X,1.8,0,BLOCK,X,0.6200403,0.6119497
7/2/7/6/6/7/1/7/6 3 3,X,-2.4,0,BLOCK,X,0.6393623,0.7765943
7/2/7/4/6/7/5/7/5 3 3,Z,2,0,BLOCK,Z,0.6725834,0.8644444
7/2/7/6/4/7/5/7/5 3 3,X,2,2,BLOCK,X,1.005077,0.5998248
7/2/7/6/6/7/1/7/5 3 3,X,-2,0,BLOCK,X,0.5123107,0.4724994
7/2/7/4/6/7/5/7/3 3 3,Z,2,0,BLOCK,Z,0.4366836,0.6292962
7/2/7/6/4/7/5/7/3 3 3,X,2.2,0,BLOCK,X,0.9465098,0.4421139
7/2/7/6/6/7/1/7/3 3 3,X,-1.6,0,BLOCK,X,0.4723955,0.4241056
7/2/7/4/6/7/3/6/7 3 3,Z,1.8333333333333333333333333334,0,BLOCK,Z,0.3072132,0.7123145
7/2/7/6/4/7/3/6/7 3 3,X,2.2,0,BLOCK,X,0.4805089,0.272621
7/2/7/6/6/7/3/4/7 3 3,Z,2,2,BLOCK,Z,1.571834,0.9804338
7/2/7/4/6/7/3/5/7 3 3,Z,2,2,BLOCK,Z,0.8313528,1.101028
7/2/7/6/4/7/3/5/7 3 3,X,2.2,0,BLOCK,X,0.6201459,0.5092233
7/2/7/6/6/7/3/1/7 3 3,Z,-2,0,BLOCK,Z,1.622724,1.00413
7/2/7/4/6/7/3/3/7 3 3,Z,2.1666666666666666666666666666,0,BLOCK,Z,0.4584459,0.720278
7/2/7/6/4/7/3/3/7 3 3,X,2.2,2,BLOCK,X,1.392776,0.6712108
7/2/7/4/6/7/3/7/6 3 3,Z,2,0,BLOCK,Z,0.32927,0.6055276
7/2/7/6/4/7/3/7/6 3 3,X,2,0,BLOCK,X,0.5636193,0.5823007
3/2/7/6/6/7/3/7/5 3 3,X,0.6,302,TIMEOUT,Z,0.0816201,0.03933584
7/2/7/4/6/7/3/7/5 3 3,Z,2,0,BLOCK,Z,0.7026005,0.9516541
7/2/7/6/4/7/3/7/5 3 3,X,2.2,0,BLOCK,X,0.5954477,0.4136329
3/2/7/6/6/7/3/7/3 3 3,X,0.7,302,TIMEOUT,Z,0.14278,0.05287822
7/2/7/4/6/7/3/7/3 3 3,Z,2,0,BLOCK,Z,0.5114588,0.668666
7/2/7/6/4/7/3/7/3 3 3,X,2.4,0,BLOCK,X,0.5435526,0.54088
7/2/7/4/6/7/7/2/7 3 3,Z,2,0,BLOCK,Z,0.4700891,0.7091276
7/2/7/6/4/7/7/2/7 3 3,X,2,2,BLOCK,X,0.9754422,0.799791
3/2/7/6/6/7/7/6/6 3 3,X,-0.6111111111111111111111111112,302,TIMEOUT,Z,0.1723685,0.1378378
7/2/7/4/6/7/7/6/6 3 3,Z,1.8333333333333333333333333334,0,BLOCK,Z,0.5944508,0.7708922
7/2/7/6/4/7/7/6/6 3 3,X,1.8,0,BLOCK,X,0.7344545,0.5986126
7/2/7/6/6/7/7/4/6 3 3,Z,2,0,BLOCK,Z,0.09175605,0.1149759
7/2/7/4/6/7/7/6/5 3 3,Z,1.8333333333333333333333333334,0,BLOCK,Z,0.478664,0.6316965
7/2/7/6/4/7/7/6/5 3 3,X,2,0,BLOCK,X,0.7842283,0.6093296
7/2/7/6/6/7/7/4/5 3 3,Z,2,2,BLOCK,Z,1.651319,1.058117
7/2/7/4/6/7/7/6/3 3 3,Z,1.8333333333333333333333333334,0,BLOCK,Z,0.6992761,0.8529131
7/2/7/6/4/7/7/6/3 3 3,X,2.2,0,BLOCK,X,0.8616755,0.6871314
7/2/7/6/6/7/7/4/3 3 3,Z,2,0,BLOCK,Z,0.05356589,0.2024879
7/2/7/4/6/7/7/5/6 3 3,Z,2,0,BLOCK,Z,0.5877244,0.8092934
7/2/7/6/4/7/7/5/6 3 3,X,1.8,0,BLOCK,X,0.7907923,0.7168354
7/2/7/6/6/7/7/1/6 3 3,Z,-2,0,BLOCK,Z,0.1347629,0.1355612
7/2/7/4/6/7/7/5/5 3 3,Z,2,0,BLOCK,Z,0.5770083,0.6909232
7/2/7/6/4/7/7/5/5 3 3,X,2,0,BLOCK,X,0.6776918,0.6566705
7/2/7/6/6/7/7/1/5 3 3,Z,-2,0,BLOCK,Z,0.4127891,0.3960493
7/2/7/4/6/7/7/5/3 3 3,Z,2,0,BLOCK,Z,0.6275841,0.7778361
7/2/7/6/4/7/7/5/3 3 3,X,2.2,0,BLOCK,X,1.032264,0.7247849
7/2/7/6/6/7/7/1/3 3 3,Z,-2,0,BLOCK,Z,0.1367915,0.2021673
7/2/7/4/6/7/7/3/6 3 3,Z,2.1666666666666666666666666666,0,BLOCK,Z,0.6118846,0.8268282
7/2/7/6/4/7/7/3/6 3 3,X,1.8,2,BLOCK,X,0.9521598,0.6190214
7/2/7/4/6/7/7/3/5 3 3,Z,2.1666666666666666666666666666,0,BLOCK,Z,0.5347763,0.6839067
7/2/7/6/4/7/7/3/5 3 3,X,2,2,BLOCK,X,1.003994,0.6586427
7/2/7/4/6/7/7/3/3 3 3,Z,2.1666666666666666666666666666,2,BLOCK,Z,1.106169,1.211901
7/2/7/6/4/7/7/3/3 3 3,X,2.2,0,BLOCK,X,0.7842808,0.7009876
7/2/7/4/6/7/7/7/4 3 3,Z,2,0,BLOCK,Z,0.6612159,0.8195413
7/2/7/6/4/7/7/7/4 3 3,X,1.8,0,BLOCK,X,0.8464525,0.687042
7/2/7/4/6/7/7/7/2 3 3,Z,2,0,BLOCK,Z,0.6339353,0.6461378
7/2/7/6/4/7/7/7/2 3 3,X,2,2,BLOCK,X,1.099617,0.506445
7/2/7/4/6/7/7/7/1 3 3,Z,2,0,BLOCK,Z,1.008452,1.002149
7/2/7/6/4/7/7/7/1 3 3,X,2.2,0,BLOCK,X,0.7687743,0.6104242
7/2/7/4/5/2/7/7/7 3 3,Z,2,0,BLOCK,Z,0.2406209,0.6689851
7/2/7/6/1/2/7/7/7 3 3,X,-2,0,BLOCK,X,0.9207335,0.5391137
7/2/7/4/5/6/6/7/7 3 3,Z,1.8333333333333333333333333334,0,BLOCK,Z,0.2632487,0.9216765
7/2/7/6/1/6/6/7/7 3 3,X,-2.20,0,BLOCK,X,0.6536562,0.4797194
7/2/7/6/5/4/6/7/7 3 3,Z,2,2,BLOCK,Z,1.255415,0.9415047
7/2/7/6/5/6/4/7/7 3 3,X,2,0,BLOCK,X,0.3753887,0.6336176
3/2/7/6/5/6/5/7/7 3 3,X,-0.5,302,TIMEOUT,Z,0.12828,0.04378274
7/2/7/4/5/6/5/7/7 3 3,Z,1.8333333333333333333333333334,2,BLOCK,Z,0.8546053,1.216018
7/2/7/6/1/6/5/7/7 3 3,X,-2,0,BLOCK,X,0.6351773,0.7576425
7/2/7/6/5/4/5/7/7 3 3,Z,2,0,BLOCK,Z,0.5989251,0.5826163
7/2/7/6/5/6/1/7/7 3 3,X,-2,2,BLOCK,X,1.377477,0.8073885
7/2/7/4/5/6/3/7/7 3 3,Z,1.8333333333333333333333333334,0,BLOCK,Z,0.173021,0.7513472
7/2/7/6/1/6/3/7/7 3 3,X,-1.80,0,BLOCK,X,0.4688224,0.6875128
7/2/7/6/5/4/3/7/7 3 3,Z,2,0,BLOCK,Z,0.4031932,0.6083066
7/2/7/4/5/6/7/6/7 3 3,Z,1.6666666666666666666666666666,0,BLOCK,Z,0.1488625,0.7388521
7/2/7/6/1/6/7/6/7 3 3,X,-2,0,BLOCK,X,0.5934792,0.527092
7/2/7/6/5/4/7/6/7 3 3,Z,1.75,2,BLOCK,Z,1.167889,0.8745229
7/2/7/6/5/6/7/4/7 3 3,Z,2,0,BLOCK,Z,0.3280873,0.3402606
7/2/7/4/5/6/7/5/7 3 3,Z,1.8333333333333333333333333334,2,BLOCK,Z,0.8568283,1.070978
7/2/7/6/1/6/7/5/7 3 3,X,-2,0,BLOCK,X,0.533004,0.5683637
7/2/7/6/5/4/7/5/7 3 3,Z,2,0,BLOCK,Z,0.6715776,0.5538738
7/2/7/6/5/6/7/1/7 3 3,Z,-2,2,BLOCK,Z,1.596115,0.886444
7/2/7/4/5/6/7/3/7 3 3,Z,2.00,0,BLOCK,Z,0.2491423,0.7895747
7/2/7/6/1/6/7/3/7 3 3,X,-2,0,BLOCK,X,0.5454929,0.6780583
7/2/7/6/5/4/7/3/7 3 3,Z,2.25,2,BLOCK,Z,1.455621,1.101614
7/2/7/4/5/6/7/7/6 3 3,Z,1.8333333333333333333333333334,2,BLOCK,Z,0.9444843,1.148559
7/2/7/6/1/6/7/7/6 3 3,X,-2.20,2,BLOCK,X,1.08856,0.4808065
7/2/7/6/5/4/7/7/6 3 3,Z,2,0,BLOCK,Z,0.7866796,0.7387249
7/2/7/4/5/6/7/7/5 3 3,Z,1.8333333333333333333333333334,0,BLOCK,Z,0.1068979,0.7090669
7/2/7/6/1/6/7/7/5 3 3,X,-2,0,BLOCK,X,0.5426401,0.6868016
7/2/7/6/5/4/7/7/5 3 3,Z,2,2,BLOCK,Z,1.350757,0.9787644
7/2/7/4/5/6/7/7/3 3 3,Z,1.8333333333333333333333333334,0,BLOCK,Z,0.2714477,0.7836849
7/2/7/6/1/6/7/7/3 3 3,X,-1.80,0,BLOCK,X,0.6744562,0.6509163
7/2/7/6/5/4/7/7/3 3 3,Z,2,2,BLOCK,Z,1.363979,0.9910988
7/2/7/4/5/5/6/7/7 3 3,Z,2,2,BLOCK,Z,0.8915884,1.154683
7/2/7/6/1/5/6/7/7 3 3,X,-2.20,0,BLOCK,X,0.8700964,0.3434719
7/2/7/6/5/1/6/7/7 3 3,Z,-2,0,BLOCK,Z,0.9814558,0.7681709
7/2/7/6/5/5/4/7/7 3 3,X,2,2,BLOCK,X,1.412459,0.8220312
7/2/7/4/5/5/5/7/7 3 3,Z,2,0,BLOCK,Z,0.3582201,0.7515283
7/2/7/6/1/5/5/7/7 3 3,X,-2,0,BLOCK,X,0.620475,0.664566
7/2/7/6/5/1/5/7/7 3 3,Z,-2,0,BLOCK,Z,0.6906829,0.6141992
7/2/7/6/5/5/1/7/7 3 3,X,-2,0,BLOCK,X,0.4721536,0.6132485
7/2/7/4/5/5/3/7/7 3 3,Z,2,0,BLOCK,Z,0.2728785,0.7071403
7/2/7/6/1/5/3/7/7 3 3,X,-1.80,0,BLOCK,X,0.4108633,0.5577688
7/2/7/6/5/1/3/7/7 3 3,Z,-2,2,BLOCK,Z,1.260541,1.062039
3/2/7/6/5/5/7/6/7 3 3,X,-0.5,302,TIMEOUT,Z,0.07500202,0.03994333
7/2/7/4/5/5/7/6/7 3 3,Z,1.8333333333333333333333333334,2,BLOCK,Z,0.9168839,1.143552
7/2/7/6/1/5/7/6/7 3 3,X,-2,0,BLOCK,X,0.7636561,0.6386499
7/2/7/6/5/1/7/6/7 3 3,Z,-2.25,0,BLOCK,Z,1.437057,1.055948
7/2/7/6/5/5/7/4/7 3 3,Z,2,0,BLOCK,Z,0.2572174,0.3179756
7/2/7/4/5/5/7/5/7 3 3,Z,2,0,BLOCK,Z,0.4193949,0.7147322
7/2/7/6/1/5/7/5/7 3 3,X,-2,0,BLOCK,X,0.6294526,0.6153749
7/2/7/6/5/1/7/5/7 3 3,Z,-2,0,BLOCK,Z,1.182457,0.966936
7/2/7/6/5/5/7/1/7 3 3,Z,-2,0,BLOCK,Z,0.1167544,0.1446637
7/2/7/4/5/5/7/3/7 3 3,Z,2.1666666666666666666666666666,2,BLOCK,Z,1.050844,1.265617
7/2/7/6/1/5/7/3/7 3 3,X,-2,0,BLOCK,X,0.4649757,0.3932922
7/2/7/6/5/1/7/3/7 3 3,Z,-1.75,0,BLOCK,Z,0.5659121,0.6289343
7/2/7/4/5/5/7/7/6 3 3,Z,2,0,BLOCK,Z,0.5509957,0.6651042
7/2/7/6/1/5/7/7/6 3 3,X,-2.20,2,BLOCK,X,1.068894,0.6065644
7/2/7/6/5/1/7/7/6 3 3,Z,-2,0,BLOCK,Z,0.6858581,0.5766765
7/2/7/4/5/5/7/7/5 3 3,Z,2,0,BLOCK,Z,0.4807116,0.8137104
7/2/7/6/1/5/7/7/5 3 3,X,-2,0,BLOCK,X,0.9320226,0.5514476
7/2/7/6/5/1/7/7/5 3 3,Z,-2,0,BLOCK,Z,0.7824906,0.572705
7/2/7/4/5/5/7/7/3 3 3,Z,2,0,BLOCK,Z,0.4977706,0.7097359
7/2/7/6/1/5/7/7/3 3 3,X,-1.80,0,BLOCK,X,0.5313841,0.6233176
7/2/7/6/5/1/7/7/3 3 3,Z,-2,0,BLOCK,Z,1.080624,0.9087856
7/2/7/4/5/3/6/7/7 3 3,Z,2.1666666666666666666666666666,0,BLOCK,Z,0.230589,0.6048381
7/2/7/6/1/3/6/7/7 3 3,X,-2.20,0,BLOCK,X,0.5414422,0.4537742
7/2/7/6/5/3/4/7/7 3 3,X,2,0,BLOCK,X,0.3973054,0.6396794
7/2/7/4/5/3/5/7/7 3 3,Z,2.1666666666666666666666666666,0,BLOCK,Z,0.2028605,0.6444004
7/2/7/6/1/3/5/7/7 3 3,X,-2,2,BLOCK,X,0.8731385,0.6110967
7/2/7/6/5/3/1/7/7 3 3,X,-2,0,BLOCK,X,0.5298607,0.582513
7/2/7/4/5/3/3/7/7 3 3,Z,2.1666666666666666666666666666,0,BLOCK,Z,0.5495808,0.5544789
7/2/7/6/1/3/3/7/7 3 3,X,-1.80,0,BLOCK,X,0.3175793,0.3604712
7/2/7/4/5/3/7/6/7 3 3,Z,2.00,0,BLOCK,Z,0.3072213,0.466373
7/2/7/6/1/3/7/6/7 3 3,X,-2,2,BLOCK,X,0.9581083,0.6308916
7/2/7/6/5/3/7/4/7 3 3,Z,2,0,BLOCK,Z,0.4625749,0.4153467
7/2/7/4/5/3/7/5/7 3 3,Z,2.1666666666666666666666666666,0,BLOCK,Z,0.4279855,0.6795178
7/2/7/6/1/3/7/5/7 3 3,X,-2,0,BLOCK,X,0.6483907,0.5164162
7/2/7/6/5/3/7/1/7 3 3,Z,-2,0,BLOCK,Z,0.3897736,0.3307018
7/2/7/4/5/3/7/3/7 3 3,Z,2.3333333333333333333333333334,0,BLOCK,Z,0.3621819,0.6729657
7/2/7/6/1/3/7/3/7 3 3,X,-2,0,BLOCK,X,0.7480342,0.5535566
7/2/7/4/5/3/7/7/6 3 3,Z,2.1666666666666666666666666666,0,BLOCK,Z,0.2408241,0.6359184
7/2/7/6/1/3/7/7/6 3 3,X,-2.20,0,BLOCK,X,1.1861,0.6631835
7/2/7/4/5/3/7/7/5 3 3,Z,2.1666666666666666666666666666,0,BLOCK,Z,0.2740474,0.6311549
7/2/7/6/1/3/7/7/5 3 3,X,-2,0,BLOCK,X,0.8289163,0.5819983
7/2/7/4/5/3/7/7/3 3 3,Z,2.1666666666666666666666666666,2,BLOCK,Z,1.535398,1.02222
7/2/7/6/1/3/7/7/3 3 3,X,-1.80,0,BLOCK,X,0.5359246,0.4800095
7/2/7/4/5/7/2/7/7 3 3,Z,2,0,BLOCK,Z,0.4624103,0.783444
7/2/7/6/1/7/2/7/7 3 3,X,-2,0,BLOCK,X,0.5271353,0.3400008
7/2/7/4/5/7/6/6/7 3 3,Z,1.8333333333333333333333333334,0,BLOCK,Z,0.687458,0.905387
7/2/7/6/1/7/6/6/7 3 3,X,-2.2,0,BLOCK,X,0.4939144,0.5378497
7/2/7/6/5/7/4/6/7 3 3,X,2,0,BLOCK,X,0.4833048,0.6721807
7/2/7/6/5/7/6/4/7 3 3,Z,2,0,BLOCK,Z,0.3825365,0.4189061
7/2/7/4/5/7/6/5/7 3 3,Z,2,0,BLOCK,Z,0.7017516,0.9147401
7/2/7/6/1/7/6/5/7 3 3,X,-2.2,0,BLOCK,X,0.7011745,0.5023899
7/2/7/6/5/7/4/5/7 3 3,X,2,0,BLOCK,X,0.5042334,0.6558247
7/2/7/6/5/7/6/1/7 3 3,Z,-2,0,BLOCK,Z,0.482684,0.479342
7/2/7/4/5/7/6/3/7 3 3,Z,2.1666666666666666666666666666,0,BLOCK,Z,0.4630504,0.7871341
7/2/7/6/1/7/6/3/7 3 3,X,-2.2,0,BLOCK,X,0.7942362,0.3774678
7/2/7/6/5/7/4/3/7 3 3,X,2,0,BLOCK,X,0.4286568,0.6341217
3/2/7/6/5/7/6/7/6 3 3,X,-0.6111111111111111111111111112,26,PLANE,X,0.5788441,0.4465584
7/2/7/4/5/7/6/7/6 3 3,Z,2,0,BLOCK,Z,0.4212576,0.8216321
7/2/7/6/1/7/6/7/6 3 3,X,-2.4,0,BLOCK,X,0.4596052,0.2460641
7/2/7/6/5/7/4/7/6 3 3,X,1.6,0,BLOCK,X,0.2912692,0.4100584
7/2/7/4/5/7/6/7/5 3 3,Z,2,0,BLOCK,Z,0.4446026,0.7012941
7/2/7/6/1/7/6/7/5 3 3,X,-2.2,0,BLOCK,X,0.5107741,0.6751752
7/2/7/6/5/7/4/7/5 3 3,X,2,0,BLOCK,X,0.5161459,0.6245548
7/2/7/4/5/7/6/7/3 3 3,Z,2,0,BLOCK,Z,0.8775629,1.003124
7/2/7/6/1/7/6/7/3 3 3,X,-2,0,BLOCK,X,0.6738377,0.5742069
7/2/7/6/5/7/4/7/3 3 3,X,2.4,0,BLOCK,X,0.516298,0.6968128
7/2/7/4/5/7/5/6/7 3 3,Z,1.8333333333333333333333333334,2,BLOCK,Z,0.8192489,1.139089
7/2/7/6/1/7/5/6/7 3 3,X,-2,2,BLOCK,X,0.9100268,0.6721199
7/2/7/6/5/7/1/6/7 3 3,X,-2,0,BLOCK,X,0.5774778,0.7119395
7/2/7/6/5/7/5/4/7 3 3,Z,2,0,BLOCK,Z,0.3396244,0.3490773
7/2/7/4/5/7/5/5/7 3 3,Z,2,0,BLOCK,Z,0.4139124,0.6343083
7/2/7/6/1/7/5/5/7 3 3,X,-2,2,BLOCK,X,0.9196742,0.6002958
7/2/7/6/5/7/1/5/7 3 3,X,-2,0,BLOCK,X,0.4997512,0.6119425
7/2/7/6/5/7/5/1/7 3 3,Z,-2,0,BLOCK,Z,0.5117207,0.541416
7/2/7/4/5/7/5/3/7 3 3,Z,2.1666666666666666666666666666,0,BLOCK,Z,0.6221136,0.6251654
7/2/7/6/1/7/5/3/7 3 3,X,-2,2,BLOCK,X,0.9340738,0.5136055
7/2/7/6/5/7/1/3/7 3 3,X,-2,0,BLOCK,X,0.4228903,0.5781859
7/2/7/4/5/7/5/7/6 3 3,Z,2,0,BLOCK,Z,0.4400375,0.6285177
7/2/7/6/1/7/5/7/6 3 3,X,-2.2,0,BLOCK,X,0.9638123,0.6266013
7/2/7/6/5/7/1/7/6 3 3,X,-2.4,0,BLOCK,X,0.4052657,0.7071159
7/2/7/4/5/7/5/7/5 3 3,Z,2,2,BLOCK,Z,0.9691728,1.238479
7/2/7/6/1/7/5/7/5 3 3,X,-2,0,BLOCK,X,0.8089337,0.5323107
7/2/7/6/5/7/1/7/5 3 3,X,-2,0,BLOCK,X,0.3116433,0.5621756
7/2/7/4/5/7/5/7/3 3 3,Z,2,0,BLOCK,Z,0.6108946,0.8010412
7/2/7/6/1/7/5/7/3 3 3,X,-1.8,0,BLOCK,X,0.4350553,0.4403094
7/2/7/6/5/7/1/7/3 3 3,X,-1.6,0,BLOCK,X,0.4450985,0.5915722
7/2/7/4/5/7/3/6/7 3 3,Z,1.8333333333333333333333333334,2,BLOCK,Z,0.8612791,1.197771
7/2/7/6/1/7/3/6/7 3 3,X,-1.8,2,BLOCK,X,0.850426,0.5304366
7/2/7/6/5/7/3/4/7 3 3,Z,2,0,BLOCK,Z,0.2259313,0.3460622
7/2/7/4/5/7/3/5/7 3 3,Z,2,0,BLOCK,Z,0.6128706,0.8169571
7/2/7/6/1/7/3/5/7 3 3,X,-1.8,2,BLOCK,X,0.8329996,0.7737465
7/2/7/6/5/7/3/1/7 3 3,Z,-2,0,BLOCK,Z,0.517858,0.3031903
7/2/7/4/5/7/3/3/7 3 3,Z,2.1666666666666666666666666666,0,BLOCK,Z,0.3931238,0.7093087
7/2/7/6/1/7/3/3/7 3 3,X,-1.8,0,BLOCK,X,0.6922993,0.5151336
7/2/7/4/5/7/3/7/6 3 3,Z,2,2,BLOCK,Z,0.9517548,1.125646
7/2/7/6/1/7/3/7/6 3 3,X,-2,0,BLOCK,X,0.700624,0.5631391
7/2/7/4/5/7/3/7/5 3 3,Z,2,0,BLOCK,Z,0.5383583,0.7729409
7/2/7/6/1/7/3/7/5 3 3,X,-1.8,2,BLOCK,X,0.8940789,0.5942869
6/2/7/6/5/7/3/7/3 3 3,X,0.6111111111111111111111111112,208,PLANE,X,0.610368,0.5013313
7/2/7/4/5/7/3/7/3 3 3,Z,2,0,BLOCK,Z,0.3635605,0.5984102
7/2/7/6/1/7/3/7/3 3 3,X,-1.6,0,BLOCK,X,0.4676514,0.534242
7/2/7/4/5/7/7/2/7 3 3,Z,2,0,BLOCK,Z,0.3572567,0.6494691
7/2/7/6/1/7/7/2/7 3 3,X,-2,0,BLOCK,X,0.747291,0.6078851
7/2/7/4/5/7/7/6/6 3 3,Z,1.8333333333333333333333333334,2,BLOCK,Z,0.9309617,1.122844
7/2/7/6/1/7/7/6/6 3 3,X,-2.2,2,BLOCK,X,1.140119,0.5774622
7/2/7/6/5/7/7/4/6 3 3,Z,2,0,BLOCK,Z,0.1266462,0.09264958
7/2/7/4/5/7/7/6/5 3 3,Z,1.8333333333333333333333333334,0,BLOCK,Z,0.9054474,1.101666
7/2/7/6/1/7/7/6/5 3 3,X,-2,2,BLOCK,X,0.9776722,0.5782618
7/2/7/6/5/7/7/4/5 3 3,Z,2,0,BLOCK,Z,0.1117328,0.07526919
7/2/7/4/5/7/7/6/3 3 3,Z,1.8333333333333333333333333334,0,BLOCK,Z,0.4138834,0.6544346
7/2/7/6/1/7/7/6/3 3 3,X,-1.8,0,BLOCK,X,0.6031755,0.7445499
7/2/7/6/5/7/7/4/3 3 3,Z,2,0,BLOCK,Z,0.08627784,0.08837824
7/2/7/4/5/7/7/5/6 3 3,Z,2,2,BLOCK,Z,0.915067,0.9654357
7/2/7/6/1/7/7/5/6 3 3,X,-2.2,0,BLOCK,X,0.640352,0.722936
7/2/7/6/5/7/7/1/6 3 3,Z,-2,0,BLOCK,Z,0.09202199,0.1336064
7/2/7/4/5/7/7/5/5 3 3,Z,2,0,BLOCK,Z,0.3279917,0.6523266
7/2/7/6/1/7/7/5/5 3 3,X,-2,0,BLOCK,X,0.707907,0.6028581
7/2/7/6/5/7/7/1/5 3 3,Z,-2,0,BLOCK,Z,0.1251501,0.07946908
7/2/7/4/5/7/7/5/3 3 3,Z,2,0,BLOCK,Z,0.6610578,0.8359775
7/2/7/6/1/7/7/5/3 3 3,X,-1.8,0,BLOCK,X,0.4317592,0.5625195
7/2/7/6/5/7/7/1/3 3 3,Z,-2,0,BLOCK,Z,0.1024963,0.08839758
7/2/7/4/5/7/7/3/6 3 3,Z,2.1666666666666666666666666666,2,BLOCK,Z,1.036363,1.199643
7/2/7/6/1/7/7/3/6 3 3,X,-2.2,2,BLOCK,X,1.134882,0.6113473
7/2/7/4/5/7/7/3/5 3 3,Z,2.1666666666666666666666666666,2,BLOCK,Z,1.023485,1.124104
7/2/7/6/1/7/7/3/5 3 3,X,-2,0,BLOCK,X,0.8127192,0.654826
7/2/7/4/5/7/7/3/3 3 3,Z,2.1666666666666666666666666666,0,BLOCK,Z,0.563188,0.7279543
7/2/7/6/1/7/7/3/3 3 3,X,-1.8,2,BLOCK,X,0.950829,0.7553333
3/2/7/6/5/7/7/7/4 3 3,X,-0.5555555555555555555555555556,302,TIMEOUT,Z,0.04856037,0.03397964
7/2/7/4/5/7/7/7/4 3 3,Z,2,0,BLOCK,Z,0.4240345,0.6391101
7/2/7/6/1/7/7/7/4 3 3,X,-2.2,0,BLOCK,X,0.7590213,0.7231957
7/2/7/4/5/7/7/7/2 3 3,Z,2,0,BLOCK,Z,0.4948517,0.6751639
7/2/7/6/1/7/7/7/2 3 3,X,-2,2,BLOCK,X,1.07994,0.5654792
7/2/7/4/5/7/7/7/1 3 3,Z,2,0,BLOCK,Z,0.5908717,0.73261
7/2/7/6/1/7/7/7/1 3 3,X,-1.8,0,BLOCK,X,0.7695885,0.7883274
7/2/7/4/3/2/7/7/7 3 3,Z,2,0,BLOCK,Z,0.3046491,0.8237677
7/2/7/4/3/6/6/7/7 3 3,Z,1.8333333333333333333333333334,0,BLOCK,Z,0.2863305,0.6513621
7/2/7/6/3/4/6/7/7 3 3,Z,2,0,BLOCK,Z,0.8159871,0.5911124
7/2/7/6/3/6/4/7/7 3 3,X,2,0,BLOCK,X,1.011197,0.5887828
7/2/7/4/3/6/5/7/7 3 3,Z,1.8333333333333333333333333334,0,BLOCK,Z,0.06941758,0.9153042
7/2/7/6/3/4/5/7/7 3 3,Z,2,2,BLOCK,Z,1.323357,1.039447
7/2/7/6/3/6/1/7/7 3 3,X,-2,2,BLOCK,X,1.447367,0.8708305
7/2/7/4/3/6/3/7/7 3 3,Z,1.8333333333333333333333333334,0,BLOCK,Z,0.3999075,0.7371137
7/2/7/6/3/4/3/7/7 3 3,Z,2,0,BLOCK,Z,0.5224984,0.3681985
6/2/7/6/3/6/7/6/7 3 3,X,0.5555555555555555555555555556,302,TIMEOUT,Z,0.1562884,0.1140127
7/2/7/4/3/6/7/6/7 3 3,Z,1.6666666666666666666666666666,0,BLOCK,Z,0.4628598,0.9296601
7/2/7/6/3/4/7/6/7 3 3,Z,1.75,0,BLOCK,Z,0.1587271,0.5849603
7/2/7/6/3/6/7/4/7 3 3,Z,2,2,BLOCK,Z,1.560552,1.060145
7/2/7/4/3/6/7/5/7 3 3,Z,1.8333333333333333333333333334,0,BLOCK,Z,0.3238811,0.7604918
7/2/7/6/3/4/7/5/7 3 3,Z,2,2,BLOCK,Z,1.264006,0.9159724
7/2/7/6/3/6/7/1/7 3 3,Z,-2,2,BLOCK,Z,1.581338,0.9048043
7/2/7/4/3/6/7/3/7 3 3,Z,2.00,0,BLOCK,Z,0.52543,0.9374548
7/2/7/6/3/4/7/3/7 3 3,Z,2.25,2,BLOCK,Z,1.522895,1.080518
6/2/7/6/3/6/7/7/6 3 3,X,-0.60,302,TIMEOUT,Z,0.1265389,0.09128983
7/2/7/4/3/6/7/7/6 3 3,Z,1.8333333333333333333333333334,0,BLOCK,Z,0.186672,0.7400933
7/2/7/6/3/4/7/7/6 3 3,Z,2,0,BLOCK,Z,1.023997,0.787155
7/2/7/4/3/6/7/7/5 3 3,Z,1.8333333333333333333333333334,0,BLOCK,Z,0.1811291,0.73431
7/2/7/6/3/4/7/7/5 3 3,Z,2,0,BLOCK,Z,0.6897092,0.5465376
7/2/7/4/3/6/7/7/3 3 3,Z,1.8333333333333333333333333334,0,BLOCK,Z,0.176134,0.8239591
7/2/7/6/3/4/7/7/3 3 3,Z,2,0,BLOCK,Z,0.564389,0.4428658
7/2/7/4/3/5/6/7/7 3 3,Z,2,2,BLOCK,Z,0.9408105,1.241809
7/2/7/6/3/1/6/7/7 3 3,Z,-2,0,BLOCK,Z,1.152938,0.9792587
7/2/7/6/3/5/4/7/7 3 3,X,2,0,BLOCK,X,0.8899145,0.6200981
3/2/7/6/3/5/5/7/7 3 3,Z,0.5,302,TIMEOUT,Z,0.0514019,0.02630414
7/2/7/4/3/5/5/7/7 3 3,Z,2,0,BLOCK,Z,0.4675529,0.8237808
7/2/7/6/3/1/5/7/7 3 3,Z,-2,0,BLOCK,Z,0.791565,0.6826316
7/2/7/6/3/5/1/7/7 3 3,X,-2,2,BLOCK,X,1.417967,0.821092
7/2/7/4/3/5/3/7/7 3 3,Z,2,0,BLOCK,Z,0.2537738,0.6361649
7/2/7/6/3/1/3/7/7 3 3,Z,-2,0,BLOCK,Z,0.6801099,0.6339341
7/2/7/4/3/5/7/6/7 3 3,Z,1.8333333333333333333333333334,2,BLOCK,Z,0.8207495,1.033232
7/2/7/6/3/1/7/6/7 3 3,Z,-2.25,0,BLOCK,Z,0.9443949,0.7738692
7/2/7/6/3/5/7/4/7 3 3,Z,2,0,BLOCK,Z,0.197041,0.2378797
7/2/7/4/3/5/7/5/7 3 3,Z,2,0,BLOCK,Z,0.3040038,0.7109337
7/2/7/6/3/1/7/5/7 3 3,Z,-2,0,BLOCK,Z,1.042399,0.914803
7/2/7/6/3/5/7/1/7 3 3,Z,-2,0,BLOCK,Z,0.1104697,0.1409153
7/2/7/4/3/5/7/3/7 3 3,Z,2.1666666666666666666666666666,0,BLOCK,Z,0.8962016,1.087846
7/2/7/6/3/1/7/3/7 3 3,Z,-1.75,0,BLOCK,Z,1.039779,0.932277
7/2/7/4/3/5/7/7/6 3 3,Z,2,0,BLOCK,Z,0.7586368,1.04508
7/2/7/6/3/1/7/7/6 3 3,Z,-2,0,BLOCK,Z,0.6902246,0.6618432
7/2/7/4/3/5/7/7/5 3 3,Z,2,0,BLOCK,Z,0.497567,0.8008437
7/2/7/6/3/1/7/7/5 3 3,Z,-2,0,BLOCK,Z,0.7715181,0.633575
7/2/7/4/3/5/7/7/3 3 3,Z,2,0,BLOCK,Z,0.6013051,0.8525848
7/2/7/6/3/1/7/7/3 3 3,Z,-2,0,BLOCK,Z,0.6331116,0.4811145
7/2/7/4/3/3/6/7/7 3 3,Z,2.1666666666666666666666666666,0,BLOCK,Z,0.8791082,0.8839917
7/2/7/6/3/3/4/7/7 3 3,X,2,0,BLOCK,X,0.7424388,0.5328597
7/2/7/4/3/3/5/7/7 3 3,Z,2.1666666666666666666666666666,0,BLOCK,Z,0.5416873,0.633982
7/2/7/6/3/3/1/7/7 3 3,X,-2,2,BLOCK,X,1.435835,0.8449672
7/2/7/4/3/3/3/7/7 3 3,Z,2.1666666666666666666666666666,0,BLOCK,Z,0.2731518,0.4115595
7/2/7/4/3/3/7/6/7 3 3,Z,2.00,0,BLOCK,Z,0.3764371,0.5208702
7/2/7/6/3/3/7/4/7 3 3,Z,2,0,BLOCK,Z,0.5193416,0.3855423
7/2/7/4/3/3/7/5/7 3 3,Z,2.1666666666666666666666666666,0,BLOCK,Z,0.274558,0.4687972
7/2/7/6/3/3/7/1/7 3 3,Z,-2,0,BLOCK,Z,0.4901097,0.4171349
7/2/7/4/3/3/7/3/7 3 3,Z,2.3333333333333333333333333334,2,BLOCK,Z,1.418548,1.379646
7/2/7/4/3/3/7/7/6 3 3,Z,2.1666666666666666666666666666,0,BLOCK,Z,0.3457438,0.4687356
7/2/7/4/3/3/7/7/5 3 3,Z,2.1666666666666666666666666666,0,BLOCK,Z,0.4799498,0.5834411
7/2/7/4/3/3/7/7/3 3 3,Z,2.1666666666666666666666666666,2,BLOCK,Z,1.386949,1.070346
7/2/7/4/3/7/2/7/7 3 3,Z,2,0,BLOCK,Z,0.4854504,0.8596882
7/2/7/4/3/7/6/6/7 3 3,Z,1.8333333333333333333333333334,0,BLOCK,Z,0.6076832,0.8731945
7/2/7/6/3/7/4/6/7 3 3,X,2,0,BLOCK,X,0.6436077,0.6365238
7/2/7/6/3/7/6/4/7 3 3,Z,2,2,BLOCK,Z,1.591177,1.001447
7/2/7/4/3/7/6/5/7 3 3,Z,2,0,BLOCK,Z,0.4839944,0.7625791
7/2/7/6/3/7/4/5/7 3 3,X,2,0,BLOCK,X,0.6589606,0.5170673
7/2/7/6/3/7/6/1/7 3 3,Z,-2,0,BLOCK,Z,0.5454212,0.5230014
7/2/7/4/3/7/6/3/7 3 3,Z,2.1666666666666666666666666666,0,BLOCK,Z,0.6144454,0.8185768
7/2/7/6/3/7/4/3/7 3 3,X,2,2,BLOCK,X,1.426993,0.7474799
7/2/7/4/3/7/6/7/6 3 3,Z,2,0,BLOCK,Z,0.4862981,0.6358198
7/2/7/6/3/7/4/7/6 3 3,X,1.6,0,BLOCK,X,0.6774694,0.4895563
7/2/7/4/3/7/6/7/5 3 3,Z,2,2,BLOCK,Z,0.8192567,1.114757
7/2/7/6/3/7/4/7/5 3 3,X,2,0,BLOCK,X,0.6200972,0.5209766
7/2/7/4/3/7/6/7/3 3 3,Z,2,0,BLOCK,Z,0.3978094,0.6289645
7/2/7/6/3/7/4/7/3 3 3,X,2.4,0,BLOCK,X,0.7575607,0.7971151
7/2/6/6/3/7/5/6/7 3 3,X,0.5714285714285714285714285714,302,TIMEOUT,Z,0.006001795,0.003350779
7/2/7/4/3/7/5/6/7 3 3,Z,1.8333333333333333333333333334,0,BLOCK,Z,0.4642281,0.794108
7/2/7/6/3/7/1/6/7 3 3,X,-2,2,BLOCK,X,1.384627,0.8417053
7/2/7/6/3/7/5/4/7 3 3,Z,2,0,BLOCK,Z,0.4906141,0.4915302
7/2/7/4/3/7/5/5/7 3 3,Z,2,0,BLOCK,Z,0.2857783,0.7439113
7/2/7/6/3/7/1/5/7 3 3,X,-2,0,BLOCK,X,0.5689723,0.7117128
7/2/7/6/3/7/5/1/7 3 3,Z,-2,0,BLOCK,Z,0.4664188,0.4639279
7/2/7/4/3/7/5/3/7 3 3,Z,2.1666666666666666666666666666,0,BLOCK,Z,0.8860524,1.019827
7/2/7/6/3/7/1/3/7 3 3,X,-2,0,BLOCK,X,0.5582175,0.7132385
7/2/7/4/3/7/5/7/6 3 3,Z,2,0,BLOCK,Z,0.5352453,0.7942088
7/2/7/6/3/7/1/7/6 3 3,X,-2.4,0,BLOCK,X,0.6199248,0.7531176
7/2/3/6/3/7/5/7/5 3 3,Z,0.5,302,TIMEOUT,Z,0.01364937,0.006047859
7/2/7/4/3/7/5/7/5 3 3,Z,2,0,BLOCK,Z,0.3732719,0.5893186
7/2/7/6/3/7/1/7/5 3 3,X,-2,0,BLOCK,X,0.5124159,0.6582585
7/2/7/4/3/7/5/7/3 3 3,Z,2,0,BLOCK,Z,0.6401058,0.7530857
7/2/7/6/3/7/1/7/3 3 3,X,-1.6,0,BLOCK,X,0.5540588,0.6537663
7/2/7/4/3/7/3/6/7 3 3,Z,1.8333333333333333333333333334,2,BLOCK,Z,0.9496859,1.143832
7/2/7/6/3/7/3/4/7 3 3,Z,2,0,BLOCK,Z,0.2346276,0.2195229
7/2/7/4/3/7/3/5/7 3 3,Z,2,0,BLOCK,Z,0.3026319,0.6955275
7/2/7/6/3/7/3/1/7 3 3,Z,-2,2,BLOCK,Z,1.582993,0.962132
7/2/7/4/3/7/3/3/7 3 3,Z,2.1666666666666666666666666666,0,BLOCK,Z,0.03709783,0.7310866
3/2/7/6/3/7/3/7/6 3 3,X,-0.7,302,TIMEOUT,Z,0.1165306,0.0498055
7/2/7/4/3/7/3/7/6 3 3,Z,2,0,BLOCK,Z,0.4767727,0.6891252
7/2/7/4/3/7/3/7/5 3 3,Z,2,0,BLOCK,Z,0.5621724,0.7115834
7/2/7/4/3/7/3/7/3 3 3,Z,2,0,BLOCK,Z,0.469405,0.7595212
3/2/7/6/3/7/7/2/7 3 3,Z,0.5,302,TIMEOUT,Z,0.07929502,0.03917794
7/2/7/4/3/7/7/2/7 3 3,Z,2,2,BLOCK,Z,0.9452546,1.091
7/2/7/4/3/7/7/6/6 3 3,Z,1.8333333333333333333333333334,0,BLOCK,Z,0.8965369,1.015957
7/2/7/6/3/7/7/4/6 3 3,Z,2,0,BLOCK,Z,0.1680609,0.1240467
7/2/7/4/3/7/7/6/5 3 3,Z,1.8333333333333333333333333334,2,BLOCK,Z,0.8517073,0.9459114
7/2/7/6/3/7/7/4/5 3 3,Z,2,0,BLOCK,Z,0.373696,0.4195295
7/2/7/4/3/7/7/6/3 3 3,Z,1.8333333333333333333333333334,0,BLOCK,Z,0.5598512,0.8291049
7/2/7/6/3/7/7/4/3 3 3,Z,2,0,BLOCK,Z,0.378554,0.4064555
7/2/7/4/3/7/7/5/6 3 3,Z,2,0,BLOCK,Z,0.4427339,0.6288547
7/2/7/6/3/7/7/1/6 3 3,Z,-2,0,BLOCK,Z,0.0872644,0.0965153
7/2/7/4/3/7/7/5/5 3 3,Z,2,0,BLOCK,Z,0.5562077,0.8493354
7/2/7/6/3/7/7/1/5 3 3,Z,-2,0,BLOCK,Z,0.128048,0.07165321
7/2/7/4/3/7/7/5/3 3 3,Z,2,2,BLOCK,Z,0.9810417,1.103989
7/2/7/6/3/7/7/1/3 3 3,Z,-2,0,BLOCK,Z,0.05474309,0.04838569
7/2/7/4/3/7/7/3/6 3 3,Z,2.1666666666666666666666666666,0,BLOCK,Z,1.065111,1.170802
7/2/7/4/3/7/7/3/5 3 3,Z,2.1666666666666666666666666666,0,BLOCK,Z,0.3443165,0.7258502
7/2/7/4/3/7/7/3/3 3 3,Z,2.1666666666666666666666666666,0,BLOCK,Z,0.4985966,0.6623099
7/2/7/4/3/7/7/7/4 3 3,Z,2,0,BLOCK,Z,0.1362839,0.6651347
7/2/7/4/3/7/7/7/2 3 3,Z,2,2,BLOCK,Z,0.9448181,1.042796
7/2/7/4/3/7/7/7/1 3 3,Z,2,0,BLOCK,Z,0.8097902,0.9476835
7/2/7/4/7/2/6/7/7 3 3,Z,2,0,BLOCK,Z,1.2153,1.091396
7/2/7/6/7/2/4/7/7 3 3,X,2,0,BLOCK,X,1.277718,1.003159
7/2/7/4/7/2/5/7/7 3 3,Z,2,0,BLOCK,Z,0.2744275,0.7219477
7/2/7/6/7/2/1/7/7 3 3,X,-2,0,BLOCK,X,0.6302134,0.5894071
7/2/7/4/7/2/3/7/7 3 3,Z,2,0,BLOCK,Z,0.1552887,0.6642999
7/2/7/4/7/2/7/6/7 3 3,Z,1.8333333333333333333333333334,0,BLOCK,Z,0.05302832,0.533953
7/2/7/6/7/2/7/4/7 3 3,Z,2,0,BLOCK,Z,0.4138754,0.2818086
7/2/7/4/7/2/7/5/7 3 3,Z,2,0,BLOCK,Z,0.1399555,0.564334
7/2/7/6/7/2/7/1/7 3 3,Z,-2,0,BLOCK,Z,0.4308624,0.4220254
7/2/7/4/7/2/7/3/7 3 3,Z,2.1666666666666666666666666666,0,BLOCK,Z,0.2789957,0.7198371
7/2/7/4/7/2/7/7/6 3 3,Z,2,0,BLOCK,Z,0.188184,0.6705294
7/2/7/4/7/2/7/7/5 3 3,Z,2,0,BLOCK,Z,0.04863051,0.6547042
7/2/7/4/7/2/7/7/3 3 3,Z,2,0,BLOCK,Z,0.1939277,0.6566165
7/2/7/4/7/6/2/7/7 3 3,Z,1.8333333333333333333333333334,0,BLOCK,Z,0.3582672,0.8848936
7/2/7/6/7/4/2/7/7 3 3,Z,2,0,BLOCK,Z,0.54773,0.5594506
7/2/7/4/7/6/6/6/7 3 3,Z,1.6666666666666666666666666666,0,BLOCK,Z,0.1879486,0.6855056
7/2/7/6/7/4/6/6/7 3 3,Z,1.7142857142857142857142857142,0,BLOCK,Z,0.1007795,0.5237949
7/2/7/6/7/6/4/6/7 3 3,X,2,0,BLOCK,X,0.4174941,0.5130635
7/2/7/6/7/6/6/4/7 3 3,Z,2,0,BLOCK,Z,0.1649986,0.1824874
6/2/7/6/7/6/6/5/7 3 3,Z,0.5,302,TIMEOUT,Z,0.104913,0.08019724
7/2/7/4/7/6/6/5/7 3 3,Z,1.8333333333333333333333333334,2,BLOCK,Z,0.8784931,1.007535
7/2/7/6/7/4/6/5/7 3 3,Z,2,2,BLOCK,Z,1.20459,0.9493535
7/2/7/6/7/6/4/5/7 3 3,X,2,0,BLOCK,X,1.395384,0.9771428
7/2/7/6/7/6/6/1/7 3 3,Z,-2,0,BLOCK,Z,0.5300189,0.3419014
7/2/7/4/7/6/6/3/7 3 3,Z,2,0,BLOCK,Z,0.4139423,0.9659488
7/2/7/6/7/4/6/3/7 3 3,Z,2.2857142857142857142857142858,0,BLOCK,Z,0.4148331,0.3774607
7/2/7/6/7/6/4/3/7 3 3,X,2,0,BLOCK,X,0.7329402,0.7753878
7/2/7/4/7/6/6/7/6 3 3,Z,1.8333333333333333333333333334,0,BLOCK,Z,0.3597479,0.8136261
7/2/7/6/7/4/6/7/6 3 3,Z,2,0,BLOCK,Z,0.6299953,0.5013359
7/2/7/6/7/6/4/7/6 3 3,X,1.6,0,BLOCK,X,0.17954,0.4456387
7/2/7/4/7/6/6/7/5 3 3,Z,1.8333333333333333333333333334,2,BLOCK,Z,1.058829,1.204117
7/2/7/6/7/4/6/7/5 3 3,Z,2,0,BLOCK,Z,0.519679,0.5350462
7/2/7/6/7/6/4/7/5 3 3,X,2,0,BLOCK,X,0.5076957,0.5477408
7/2/6/6/7/6/6/7/3 3 3,X,0.7,302,TIMEOUT,Z,0.01661416,0.008597973
7/2/7/4/7/6/6/7/3 3 3,Z,1.8333333333333333333333333334,0,BLOCK,Z,0.6888494,0.8549643
7/2/7/6/7/4/6/7/3 3 3,Z,2,0,BLOCK,Z,0.424676,0.4072184
7/2/7/6/7/6/4/7/3 3 3,X,2.4,2,BLOCK,X,1.637936,0.9755664
7/2/7/4/7/6/5/6/7 3 3,Z,1.6666666666666666666666666666,0,BLOCK,Z,0.3333386,0.8485441
7/2/7/6/7/4/5/6/7 3 3,Z,1.7142857142857142857142857142,2,BLOCK,Z,1.102702,0.9144406
7/2/7/6/7/6/1/6/7 3 3,X,-2,0,BLOCK,X,0.4820942,0.7348099
7/2/7/6/7/6/5/4/7 3 3,Z,2,0,BLOCK,Z,0.5679277,0.5562469
7/2/7/4/7/6/5/5/7 3 3,Z,1.8333333333333333333333333334,0,BLOCK,Z,0.4277872,0.8476402
7/2/7/6/7/4/5/5/7 3 3,Z,2,0,BLOCK,Z,0.6173226,0.5527562
7/2/7/6/7/6/1/5/7 3 3,X,-2,0,BLOCK,X,0.4353469,0.625046
7/2/7/6/7/6/5/1/7 3 3,Z,-2,0,BLOCK,Z,0.5291677,0.4354269
7/2/7/4/7/6/5/3/7 3 3,Z,2,0,BLOCK,Z,0.14398,0.6570565
7/2/7/6/7/4/5/3/7 3 3,Z,2.2857142857142857142857142858,0,BLOCK,Z,0.3858066,0.3473955
7/2/7/6/7/6/1/3/7 3 3,X,-2,0,BLOCK,X,0.6665767,0.7108064
7/2/7/4/7/6/5/7/6 3 3,Z,1.8333333333333333333333333334,0,BLOCK,Z,0.1564966,0.6960756
7/2/7/6/7/4/5/7/6 3 3,Z,2,0,BLOCK,Z,0.5312621,0.4761016
7/2/7/6/7/6/1/7/6 3 3,X,-2.4,2,BLOCK,X,1.655592,1.047865
7/2/7/4/7/6/5/7/5 3 3,Z,1.8333333333333333333333333334,0,BLOCK,Z,0.2756414,0.7207407
7/2/7/6/7/4/5/7/5 3 3,Z,2,0,BLOCK,Z,0.4523856,0.5028147
7/2/7/6/7/6/1/7/5 3 3,X,-2,0,BLOCK,X,0.3630254,0.5245436
7/2/7/4/7/6/5/7/3 3 3,Z,1.8333333333333333333333333334,0,BLOCK,Z,0.1946117,0.7227548
7/2/7/6/7/4/5/7/3 3 3,Z,2,2,BLOCK,Z,1.279246,0.8620049
7/2/7/6/7/6/1/7/3 3 3,X,-1.6,0,BLOCK,X,0.1606419,0.3675065
7/2/7/4/7/6/3/6/7 3 3,Z,1.6666666666666666666666666666,0,BLOCK,Z,0.05335271,0.6383456
7/2/7/6/7/4/3/6/7 3 3,Z,1.7142857142857142857142857142,2,BLOCK,Z,1.11724,0.833081
7/2/7/6/7/6/3/4/7 3 3,Z,2,0,BLOCK,Z,0.3733113,0.3924694
7/2/7/4/7/6/3/5/7 3 3,Z,1.8333333333333333333333333334,0,BLOCK,Z,0.08977049,0.6098157
7/2/7/6/7/4/3/5/7 3 3,Z,2,0,BLOCK,Z,0.6508122,0.400626
7/2/7/6/7/6/3/1/7 3 3,Z,-2,0,BLOCK,Z,1.541452,1.043732
7/2/7/4/7/6/3/3/7 3 3,Z,2,0,BLOCK,Z,0.4354445,0.8831518
7/2/7/6/7/4/3/3/7 3 3,Z,2.2857142857142857142857142858,0,BLOCK,Z,0.2933071,0.2779756
7/2/7/4/7/6/3/7/6 3 3,Z,1.8333333333333333333333333334,0,BLOCK,Z,0.2893787,0.7880232
7/2/7/6/7/4/3/7/6 3 3,Z,2,0,BLOCK,Z,0.5575178,0.4776382
7/2/7/4/7/6/3/7/5 3 3,Z,1.8333333333333333333333333334,0,BLOCK,Z,0.2075302,0.6138076
7/2/7/6/7/4/3/7/5 3 3,Z,2,0,BLOCK,Z,0.9369612,0.7280695
7/2/7/4/7/6/3/7/3 3 3,Z,1.8333333333333333333333333334,0,BLOCK,Z,0.337521,0.880702
7/2/7/6/7/4/3/7/3 3 3,Z,2,0,BLOCK,Z,0.4424892,0.5610809
7/2/7/4/7/6/7/2/7 3 3,Z,1.8333333333333333333333333334,2,BLOCK,Z,0.8751413,1.001127
7/2/7/6/7/4/7/2/7 3 3,Z,2,0,BLOCK,Z,0.2969735,0.3756512
7/2/7/4/7/6/7/6/6 3 3,Z,1.6666666666666666666666666666,0,BLOCK,Z,0.581312,1.036518
7/2/7/6/7/4/7/6/6 3 3,Z,1.7142857142857142857142857142,0,BLOCK,Z,0.3283127,0.3884253
7/2/7/6/7/6/7/4/6 3 3,Z,2,0,BLOCK,Z,0.2258474,0.2806222
7/2/7/4/7/6/7/6/5 3 3,Z,1.6666666666666666666666666666,0,BLOCK,Z,0.3096219,0.8177864
7/2/7/6/7/4/7/6/5 3 3,Z,1.7142857142857142857142857142,0,BLOCK,Z,0.4390543,0.5432523
7/2/7/6/7/6/7/4/5 3 3,Z,2,0,BLOCK,Z,0.2835367,0.2956363
7/2/7/4/7/6/7/6/3 3 3,Z,1.6666666666666666666666666666,0,BLOCK,Z,0.3102207,0.6825645
7/2/7/6/7/4/7/6/3 3 3,Z,1.7142857142857142857142857142,0,BLOCK,Z,0.2392465,0.3221173
7/2/7/6/7/6/7/4/3 3 3,Z,2,0,BLOCK,Z,0.2469755,0.2963433
7/2/7/4/7/6/7/5/6 3 3,Z,1.8333333333333333333333333334,0,BLOCK,Z,0.8312876,0.8905126
7/2/7/6/7/4/7/5/6 3 3,Z,2,0,BLOCK,Z,0.4865142,0.4027628
7/2/7/6/7/6/7/1/6 3 3,Z,-2,0,BLOCK,Z,1.07306,0.6253442
7/2/7/4/7/6/7/5/5 3 3,Z,1.8333333333333333333333333334,0,BLOCK,Z,0.8405239,0.9893366
7/2/7/6/7/4/7/5/5 3 3,Z,2,0,BLOCK,Z,0.4391106,0.3182351
7/2/7/6/7/6/7/1/5 3 3,Z,-2,0,BLOCK,Z,1.0196,0.6335195
7/2/7/4/7/6/7/5/3 3 3,Z,1.8333333333333333333333333334,0,BLOCK,Z,0.5334213,0.9126674
7/2/7/6/7/4/7/5/3 3 3,Z,2,0,BLOCK,Z,0.5378469,0.3937916
7/2/7/6/7/6/7/1/3 3 3,Z,-2,0,BLOCK,Z,0.5606785,0.6083562
7/2/7/4/7/6/7/3/6 3 3,Z,2,0,BLOCK,Z,0.1175275,0.7452525
7/2/7/6/7/4/7/3/6 3 3,Z,2.2857142857142857142857142858,0,BLOCK,Z,0.2908627,0.3735443
7/2/7/4/7/6/7/3/5 3 3,Z,2,0,BLOCK,Z,0.1441837,0.6256857
7/2/7/6/7/4/7/3/5 3 3,Z,2.2857142857142857142857142858,0,BLOCK,Z,0.2983713,0.3371135
7/2/7/4/7/6/7/3/3 3 3,Z,2,0,BLOCK,Z,0.3722386,0.8660393
7/2/7/6/7/4/7/3/3 3 3,Z,2.2857142857142857142857142858,0,BLOCK,Z,0.346003,0.290664
3/2/7/6/7/6/7/7/4 3 3,X,-0.5555555555555555555555555556,302,TIMEOUT,Z,0.1282073,0.06320383
7/2/7/4/7/6/7/7/4 3 3,Z,1.8333333333333333333333333334,0,BLOCK,Z,0.151989,0.6423666
7/2/7/6/7/4/7/7/4 3 3,Z,2,2,BLOCK,Z,1.316938,0.8695125
7/2/7/4/7/6/7/7/2 3 3,Z,1.8333333333333333333333333334,0,BLOCK,Z,0.2995695,0.7169759
7/2/7/6/7/4/7/7/2 3 3,Z,2,0,BLOCK,Z,0.4972759,0.3985003
7/2/7/4/7/6/7/7/1 3 3,Z,1.8333333333333333333333333334,2,BLOCK,Z,0.8660835,0.9860269
7/2/7/6/7/4/7/7/1 3 3,Z,2,0,BLOCK,Z,0.4980403,0.4555797
3/2/7/6/7/5/2/7/7 3 3,X,-0.5,302,TIMEOUT,Z,0.02847156,0.009664477
7/2/7/4/7/5/2/7/7 3 3,Z,2,0,BLOCK,Z,0.4694314,0.8345268
7/2/7/6/7/1/2/7/7 3 3,Z,-2,0,BLOCK,Z,0.6837015,0.6750008
7/2/7/4/7/5/6/6/7 3 3,Z,1.8333333333333333333333333334,0,BLOCK,Z,0.4003032,0.7473952
7/2/7/6/7/1/6/6/7 3 3,Z,-2.2857142857142857142857142858,0,BLOCK,Z,0.7807333,0.6166969
7/2/7/6/7/5/4/6/7 3 3,X,2,0,BLOCK,X,0.662679,0.7286568
7/2/7/6/7/5/6/4/7 3 3,Z,2,2,BLOCK,Z,1.589236,0.9820033
7/2/3/6/7/5/6/5/7 3 3,X,-0.5714285714285714285714285714,302,TIMEOUT,Z,0.05076989,0.0230892
7/2/7/4/7/5/6/5/7 3 3,Z,2,0,BLOCK,Z,0.4578307,0.5894106
7/2/7/6/7/1/6/5/7 3 3,Z,-2,0,BLOCK,Z,1.143974,0.9822327
7/2/7/6/7/5/4/5/7 3 3,X,2,2,BLOCK,X,1.346262,0.8403897
7/2/7/6/7/5/6/1/7 3 3,Z,-2,0,BLOCK,Z,0.3705964,0.4081642
6/2/7/6/7/5/6/3/7 3 3,Z,0.5833333333333333333333333333,302,TIMEOUT,Z,0.1477901,0.08625707
7/2/7/4/7/5/6/3/7 3 3,Z,2.1666666666666666666666666666,0,BLOCK,Z,0.4250759,0.6803343
7/2/7/6/7/1/6/3/7 3 3,Z,-1.7142857142857142857142857142,0,BLOCK,Z,0.7398881,0.7540486
7/2/7/6/7/5/4/3/7 3 3,X,2,0,BLOCK,X,1.011458,0.6686298
7/2/7/4/7/5/6/7/6 3 3,Z,2,0,BLOCK,Z,0.4134464,0.5901325
7/2/7/6/7/1/6/7/6 3 3,Z,-2,0,BLOCK,Z,0.6136211,0.5595241
7/2/7/6/7/5/4/7/6 3 3,X,1.6,0,BLOCK,X,0.2362765,0.4024587
7/2/7/4/7/5/6/7/5 3 3,Z,2,0,BLOCK,Z,0.3870701,0.7099698
7/2/7/6/7/1/6/7/5 3 3,Z,-2,2,BLOCK,Z,1.262332,0.9068232
7/2/7/6/7/5/4/7/5 3 3,X,2,0,BLOCK,X,0.3977198,0.6169462
7/2/7/4/7/5/6/7/3 3 3,Z,2,0,BLOCK,Z,0.5848836,0.8786249
7/2/7/6/7/1/6/7/3 3 3,Z,-2,0,BLOCK,Z,0.9027101,0.7397232
7/2/7/6/7/5/4/7/3 3 3,X,2.4,2,BLOCK,X,1.649907,0.9910168
7/2/7/4/7/5/5/6/7 3 3,Z,1.8333333333333333333333333334,0,BLOCK,Z,0.3710844,0.6404673
7/2/7/6/7/1/5/6/7 3 3,Z,-2.2857142857142857142857142858,0,BLOCK,Z,0.7977158,0.7478303
7/2/7/6/7/5/1/6/7 3 3,X,-2,0,BLOCK,X,1.266311,0.893136
7/2/7/6/7/5/5/4/7 3 3,Z,2,0,BLOCK,Z,0.2135323,0.3127209
7/2/7/4/7/5/5/5/7 3 3,Z,2,0,BLOCK,Z,0.674942,0.7950274
7/2/7/6/7/1/5/5/7 3 3,Z,-2,0,BLOCK,Z,0.6712003,0.5967919
7/2/7/6/7/5/1/5/7 3 3,X,-2,0,BLOCK,X,0.4164762,0.6132314
7/2/7/6/7/5/5/1/7 3 3,Z,-2,0,BLOCK,Z,0.3229664,0.35895
7/2/7/4/7/5/5/3/7 3 3,Z,2.1666666666666666666666666666,0,BLOCK,Z,0.2289915,0.5827905
7/2/7/6/7/1/5/3/7 3 3,Z,-1.7142857142857142857142857142,0,BLOCK,Z,0.2865672,0.5435605
7/2/7/6/7/5/1/3/7 3 3,X,-2,2,BLOCK,X,1.359763,0.8345694
7/2/7/4/7/5/5/7/6 3 3,Z,2,0,BLOCK,Z,0.6353607,0.9165636
7/2/7/6/7/1/5/7/6 3 3,Z,-2,0,BLOCK,Z,0.8620093,0.6560304
7/2/7/6/7/5/1/7/6 3 3,X,-2.4,0,BLOCK,X,0.3156033,0.6323385
7/2/7/4/7/5/5/7/5 3 3,Z,2,2,BLOCK,Z,0.8769635,0.9659639
7/2/7/6/7/1/5/7/5 3 3,Z,-2,0,BLOCK,Z,0.8027451,0.722214
7/2/7/6/7/5/1/7/5 3 3,X,-2,0,BLOCK,X,0.584457,0.6437818
7/2/7/4/7/5/5/7/3 3 3,Z,2,2,BLOCK,Z,0.9432715,0.9795011
7/2/7/6/7/1/5/7/3 3 3,Z,-2,0,BLOCK,Z,0.6158656,0.5601507
7/2/7/6/7/5/1/7/3 3 3,X,-1.6,0,BLOCK,X,1.084135,0.7077492
7/2/7/4/7/5/3/6/7 3 3,Z,1.8333333333333333333333333334,0,BLOCK,Z,0.3580908,0.7191134
7/2/7/6/7/1/3/6/7 3 3,Z,-2.2857142857142857142857142858,0,BLOCK,Z,0.728947,0.6593198
7/2/7/6/7/5/3/4/7 3 3,Z,2,0,BLOCK,Z,0.08120216,0.1840635
7/2/7/4/7/5/3/5/7 3 3,Z,2,0,BLOCK,Z,0.6223817,0.7677085
7/2/7/6/7/1/3/5/7 3 3,Z,-2,0,BLOCK,Z,0.488471,0.533413
7/2/7/6/7/5/3/1/7 3 3,Z,-2,0,BLOCK,Z,1.281892,0.4460795
7/2/7/4/7/5/3/3/7 3 3,Z,2.1666666666666666666666666666,0,BLOCK,Z,0.7925668,1.005834
7/2/7/6/7/1/3/3/7 3 3,Z,-1.7142857142857142857142857142,0,BLOCK,Z,0.4385311,0.5696161
7/2/7/4/7/5/3/7/6 3 3,Z,2,0,BLOCK,Z,0.5682466,0.6274755
7/2/7/6/7/1/3/7/6 3 3,Z,-2,0,BLOCK,Z,0.4457364,0.4792808
3/2/7/6/7/5/3/7/5 3 3,Z,0.5,302,TIMEOUT,Z,0.0265247,0.01341176
7/2/7/4/7/5/3/7/5 3 3,Z,2,0,BLOCK,Z,0.4196678,0.7973331
7/2/7/6/7/1/3/7/5 3 3,Z,-2,0,BLOCK,Z,0.4972984,0.5486737
7/2/7/4/7/5/3/7/3 3 3,Z,2,0,BLOCK,Z,0.5981263,0.8107161
7/2/7/6/7/1/3/7/3 3 3,Z,-2,0,BLOCK,Z,0.7047802,0.4228685
7/2/7/4/7/5/7/2/7 3 3,Z,2,0,BLOCK,Z,0.4198501,0.5930079
7/2/7/6/7/1/7/2/7 3 3,Z,-2,0,BLOCK,Z,0.3722757,0.4911741
7/2/7/4/7/5/7/6/6 3 3,Z,1.8333333333333333333333333334,0,BLOCK,Z,0.9097822,1.009743
7/2/7/6/7/1/7/6/6 3 3,Z,-2.2857142857142857142857142858,0,BLOCK,Z,0.5381499,0.5255893
7/2/7/6/7/5/7/4/6 3 3,Z,2,0,BLOCK,Z,0.3601283,0.402524
7/2/7/4/7/5/7/6/5 3 3,Z,1.8333333333333333333333333334,0,BLOCK,Z,0.4473855,0.5758364
7/2/7/6/7/1/7/6/5 3 3,Z,-2.2857142857142857142857142858,0,BLOCK,Z,0.7204194,0.5555497
7/2/7/6/7/5/7/4/5 3 3,Z,2,0,BLOCK,Z,0.3810222,0.4137636
7/2/7/4/7/5/7/6/3 3 3,Z,1.8333333333333333333333333334,0,BLOCK,Z,0.3885682,0.64656
7/2/7/6/7/1/7/6/3 3 3,Z,-2.2857142857142857142857142858,0,BLOCK,Z,0.619002,0.6132955
7/2/7/6/7/5/7/4/3 3 3,Z,2,0,BLOCK,Z,0.4280975,0.4403943
7/2/7/4/7/5/7/5/6 3 3,Z,2,0,BLOCK,Z,0.5197567,0.5962832
7/2/7/6/7/1/7/5/6 3 3,Z,-2,0,BLOCK,Z,0.7118004,0.593365
7/2/7/6/7/5/7/1/6 3 3,Z,-2,2,BLOCK,Z,1.649166,0.992375
7/2/7/4/7/5/7/5/5 3 3,Z,2,2,BLOCK,Z,0.9239112,1.035275
7/2/7/6/7/1/7/5/5 3 3,Z,-2,0,BLOCK,Z,0.5200786,0.5149233
7/2/7/6/7/5/7/1/5 3 3,Z,-2,0,BLOCK,Z,0.08254946,0.07431992
3/2/7/6/7/5/7/5/3 3 3,Z,0.5,302,TIMEOUT,Z,0.1175567,0.08741342
7/2/7/4/7/5/7/5/3 3 3,Z,2,0,BLOCK,Z,0.5010329,0.6398582
7/2/7/6/7/1/7/5/3 3 3,Z,-2,2,BLOCK,Z,1.16324,0.7943391
7/2/7/6/7/5/7/1/3 3 3,Z,-2,0,BLOCK,Z,0.08633291,0.1028486
7/2/7/4/7/5/7/3/6 3 3,Z,2.1666666666666666666666666666,0,BLOCK,Z,0.4453691,0.64933
7/2/7/6/7/1/7/3/6 3 3,Z,-1.7142857142857142857142857142,2,BLOCK,Z,1.134513,0.9101458
7/2/7/4/7/5/7/3/5 3 3,Z,2.1666666666666666666666666666,0,BLOCK,Z,0.4326421,0.5878107
7/2/7/6/7/1/7/3/5 3 3,Z,-1.7142857142857142857142857142,0,BLOCK,Z,0.605688,0.5351349
7/2/7/4/7/5/7/3/3 3 3,Z,2.1666666666666666666666666666,0,BLOCK,Z,0.46616,0.4460238
7/2/7/6/7/1/7/3/3 3 3,Z,-1.7142857142857142857142857142,0,BLOCK,Z,0.315949,0.4518182
7/2/7/4/7/5/7/7/4 3 3,Z,2,2,BLOCK,Z,0.9717622,1.062166
7/2/7/6/7/1/7/7/4 3 3,Z,-2,0,BLOCK,Z,0.5674849,0.5760595
7/2/7/4/7/5/7/7/2 3 3,Z,2,0,BLOCK,Z,0.8284514,0.9005952
7/2/7/6/7/1/7/7/2 3 3,Z,-2,0,BLOCK,Z,0.6793783,0.645247
7/2/7/4/7/5/7/7/1 3 3,Z,2,0,BLOCK,Z,0.8506705,0.8319386
7/2/7/6/7/1/7/7/1 3 3,Z,-2,0,BLOCK,Z,0.6036881,0.706813
7/2/7/4/7/3/2/7/7 3 3,Z,2.1666666666666666666666666666,0,BLOCK,Z,0.6204168,0.8913729
7/2/7/4/7/3/6/6/7 3 3,Z,2,0,BLOCK,Z,0.7278117,0.5014331
7/2/7/6/7/3/4/6/7 3 3,X,2,0,BLOCK,X,0.6595989,0.7152086
7/2/7/6/7/3/6/4/7 3 3,Z,2,0,BLOCK,Z,0.6369334,0.6197426
7/2/7/4/7/3/6/5/7 3 3,Z,2.1666666666666666666666666666,0,BLOCK,Z,0.6274109,0.384972
7/2/7/6/7/3/4/5/7 3 3,X,2,0,BLOCK,X,0.4449087,0.5525532
7/2/7/6/7/3/6/1/7 3 3,Z,-2,0,BLOCK,Z,0.347091,0.3636882
7/2/7/4/7/3/6/3/7 3 3,Z,2.3333333333333333333333333334,2,BLOCK,Z,1.360671,1.086893
7/2/7/6/7/3/4/3/7 3 3,X,2,0,BLOCK,X,0.5103177,0.7109949
7/2/7/4/7/3/6/7/6 3 3,Z,2.1666666666666666666666666666,0,BLOCK,Z,0.1219087,0.5589399
7/2/7/6/7/3/4/7/6 3 3,X,1.6,0,BLOCK,X,0.2855824,0.4430504
7/2/7/4/7/3/6/7/5 3 3,Z,2.1666666666666666666666666666,0,BLOCK,Z,0.2007384,0.5416054
7/2/7/6/7/3/4/7/5 3 3,X,2,0,BLOCK,X,0.5776477,0.7009856
7/2/7/4/7/3/6/7/3 3 3,Z,2.1666666666666666666666666666,0,BLOCK,Z,0.5531754,0.4885835
7/2/7/6/7/3/4/7/3 3 3,X,2.4,0,BLOCK,X,1.640867,1.153762
7/2/7/4/7/3/5/6/7 3 3,Z,2,0,BLOCK,Z,0.2382787,0.5290051
7/2/7/6/7/3/1/6/7 3 3,X,-2,0,BLOCK,X,0.4938211,0.7294686
7/2/7/6/7/3/5/4/7 3 3,Z,2,0,BLOCK,Z,0.4428087,0.4454883
7/2/7/4/7/3/5/5/7 3 3,Z,2.1666666666666666666666666666,2,BLOCK,Z,1.49696,1.28855
7/2/7/6/7/3/1/5/7 3 3,X,-2,0,BLOCK,X,1.281346,0.9757144
7/2/7/6/7/3/5/1/7 3 3,Z,-2,2,BLOCK,Z,1.578135,0.978297
7/2/7/4/7/3/5/3/7 3 3,Z,2.3333333333333333333333333334,0,BLOCK,Z,0.4597037,0.6980793
7/2/7/6/7/3/1/3/7 3 3,X,-2,0,BLOCK,X,0.5084168,0.7620454
7/2/7/4/7/3/5/7/6 3 3,Z,2.1666666666666666666666666666,0,BLOCK,Z,0.3978137,0.5668041
7/2/7/6/7/3/1/7/6 3 3,X,-2.4,0,BLOCK,X,0.4284663,0.6520934
7/2/7/4/7/3/5/7/5 3 3,Z,2.1666666666666666666666666666,0,BLOCK,Z,0.1937279,0.6301274
7/2/7/6/7/3/1/7/5 3 3,X,-2,0,BLOCK,X,1.301008,0.9885135
7/2/7/4/7/3/5/7/3 3 3,Z,2.1666666666666666666666666666,0,BLOCK,Z,0.08475066,0.5039963
7/2/7/6/7/3/1/7/3 3 3,X,-1.6,0,BLOCK,X,1.241786,0.8450991
7/2/7/4/7/3/3/6/7 3 3,Z,2,0,BLOCK,Z,0.3566649,0.4855328
7/2/7/6/7/3/3/4/7 3 3,Z,2,0,BLOCK,Z,1.627781,0.9651993
7/2/7/4/7/3/3/5/7 3 3,Z,2.1666666666666666666666666666,2,BLOCK,Z,1.550648,1.186094
7/2/7/6/7/3/3/1/7 3 3,Z,-2,0,BLOCK,Z,0.4074583,0.4408874
7/2/7/4/7/3/3/3/7 3 3,Z,2.3333333333333333333333333334,0,BLOCK,Z,0.438499,0.6323451
7/2/7/4/7/3/3/7/6 3 3,Z,2.1666666666666666666666666666,0,BLOCK,Z,0.4576398,0.7458706
7/2/7/4/7/3/3/7/5 3 3,Z,2.1666666666666666666666666666,2,BLOCK,Z,1.465718,1.087981
7/2/7/4/7/3/3/7/3 3 3,Z,2.1666666666666666666666666666,0,BLOCK,Z,0.3760484,0.4836007
7/2/7/4/7/3/7/2/7 3 3,Z,2.1666666666666666666666666666,0,BLOCK,Z,0.4403342,0.6084703
7/2/7/4/7/3/7/6/6 3 3,Z,2,0,BLOCK,Z,0.5636624,0.4554866
7/2/7/6/7/3/7/4/6 3 3,Z,2,2,BLOCK,Z,1.534478,0.9607278
7/2/7/4/7/3/7/6/5 3 3,Z,2,0,BLOCK,Z,0.4436158,0.5743623
7/2/7/6/7/3/7/4/5 3 3,Z,2,0,BLOCK,Z,0.5800905,0.6035436
7/2/7/4/7/3/7/6/3 3 3,Z,2,0,BLOCK,Z,0.4074782,0.5517
7/2/7/6/7/3/7/4/3 3 3,Z,2,0,BLOCK,Z,0.1213146,0.1304506
7/2/7/4/7/3/7/5/6 3 3,Z,2.1666666666666666666666666666,0,BLOCK,Z,0.5955458,0.4316173
7/2/7/6/7/3/7/1/6 3 3,Z,-2,2,BLOCK,Z,1.579904,0.948096
7/2/7/4/7/3/7/5/5 3 3,Z,2.1666666666666666666666666666,0,BLOCK,Z,0.6230344,0.6201553
7/2/7/6/7/3/7/1/5 3 3,Z,-2,0,BLOCK,Z,0.5599101,0.5110893
7/2/7/4/7/3/7/5/3 3 3,Z,2.1666666666666666666666666666,0,BLOCK,Z,0.5762573,0.4729083
7/2/7/6/7/3/7/1/3 3 3,Z,-2,2,BLOCK,Z,1.572026,0.9594854
7/2/7/4/7/3/7/3/6 3 3,Z,2.3333333333333333333333333334,0,BLOCK,Z,0.4168655,0.5727311
7/2/7/4/7/3/7/3/5 3 3,Z,2.3333333333333333333333333334,0,BLOCK,Z,0.466289,0.5098743
7/2/7/4/7/3/7/3/3 3 3,Z,2.3333333333333333333333333334,0,BLOCK,Z,0.2185777,0.5583179
7/2/7/4/7/3/7/7/4 3 3,Z,2.1666666666666666666666666666,0,BLOCK,Z,0.2422794,0.6081507
7/2/7/4/7/3/7/7/2 3 3,Z,2.1666666666666666666666666666,0,BLOCK,Z,0.8826394,0.7192502
7/2/7/4/7/3/7/7/1 3 3,Z,2.1666666666666666666666666666,0,BLOCK,Z,0.4121253,0.4649628
7/2/7/4/7/7/2/6/7 3 3,Z,1.8333333333333333333333333334,0,BLOCK,Z,0.2273188,0.4520426
7/2/7/6/7/7/2/4/7 3 3,Z,2,0,BLOCK,Z,0.9436353,0.4242634
7/2/7/4/7/7/2/5/7 3 3,Z,2,0,BLOCK,Z,0.3789358,0.7398233
7/2/7/6/7/7/2/1/7 3 3,Z,-2,0,BLOCK,Z,0.9794132,0.3905923
7/2/7/4/7/7/2/3/7 3 3,Z,2.1666666666666666666666666666,0,BLOCK,Z,0.673155,0.8210003
7/2/7/4/7/7/2/7/6 3 3,Z,2,0,BLOCK,Z,0.6405862,0.8170682
3/2/7/6/7/7/2/7/5 3 3,X,-0.5,302,TIMEOUT,Z,0.1415855,0.05711346
7/2/7/4/7/7/2/7/5 3 3,Z,2,0,BLOCK,Z,0.3145291,0.6838878
7/2/7/4/7/7/2/7/3 3 3,Z,2,2,BLOCK,Z,0.907721,1.135326
7/2/7/4/7/7/6/2/7 3 3,Z,2,0,BLOCK,Z,0.3325005,0.4835618
7/2/7/6/7/7/4/2/7 3 3,X,2,0,BLOCK,X,0.7095334,0.6767216
7/2/7/4/7/7/6/6/6 3 3,Z,1.8333333333333333333333333334,0,BLOCK,Z,0.7396838,0.8060758
7/2/7/6/7/7/4/6/6 3 3,X,1.5,0,BLOCK,X,0.3482916,0.5969892
7/2/7/6/7/7/6/4/6 3 3,Z,2,2,BLOCK,Z,1.560679,0.980754
7/2/7/4/7/7/6/6/5 3 3,Z,1.8333333333333333333333333334,2,BLOCK,Z,0.8942139,0.9511835
7/2/7/6/7/7/4/6/5 3 3,X,2,0,BLOCK,X,0.3862263,0.5439347
7/2/7/6/7/7/6/4/5 3 3,Z,2,0,BLOCK,Z,1.057288,0.3354203
7/2/7/4/7/7/6/6/3 3 3,Z,1.8333333333333333333333333334,0,BLOCK,Z,0.6373091,0.735134
7/2/7/6/7/7/4/6/3 3 3,X,2.5,0,BLOCK,X,0.4048727,0.6928016
7/2/7/6/7/7/6/4/3 3 3,Z,2,0,BLOCK,Z,0.3750943,0.4132137
7/2/7/4/7/7/6/5/6 3 3,Z,2,0,BLOCK,Z,0.3784027,0.6656979
7/2/7/6/7/7/4/5/6 3 3,X,1.5,0,BLOCK,X,0.2979859,0.443669
7/2/7/6/7/7/6/1/6 3 3,Z,-2,0,BLOCK,Z,0.5199153,0.3855476
7/2/7/4/7/7/6/5/5 3 3,Z,2,2,BLOCK,Z,0.9614365,1.001171
7/2/7/6/7/7/4/5/5 3 3,X,2,0,BLOCK,X,0.4289811,0.6059015
7/2/7/6/7/7/6/1/5 3 3,Z,-2,0,BLOCK,Z,0.08392407,0.04516888
7/2/7/4/7/7/6/5/3 3 3,Z,2,0,BLOCK,Z,0.557129,0.7385843
7/2/7/6/7/7/4/5/3 3 3,X,2.5,0,BLOCK,X,0.524725,0.7459136
7/2/7/6/7/7/6/1/3 3 3,Z,-2,2,BLOCK,Z,1.66628,1.002638
7/2/7/4/7/7/6/3/6 3 3,Z,2.1666666666666666666666666666,0,BLOCK,Z,0.3570748,0.5252264
7/2/7/6/7/7/4/3/6 3 3,X,1.5,0,BLOCK,X,0.2750592,0.4696622
7/2/7/4/7/7/6/3/5 3 3,Z,2.1666666666666666666666666666,0,BLOCK,Z,0.8464839,0.9230266
7/2/7/6/7/7/4/3/5 3 3,X,2,0,BLOCK,X,0.3816281,0.5698807
7/2/7/4/7/7/6/3/3 3 3,Z,2.1666666666666666666666666666,0,BLOCK,Z,0.4145203,0.7660144
7/2/7/6/7/7/4/3/3 3 3,X,2.5,2,BLOCK,X,1.622771,0.9665329
7/2/7/4/7/7/6/7/4 3 3,Z,2,0,BLOCK,Z,0.3947468,0.6142116
7/2/7/6/7/7/4/7/4 3 3,X,1.5,0,BLOCK,X,0.384812,0.5072801
7/2/7/4/7/7/6/7/2 3 3,Z,2,0,BLOCK,Z,0.6231763,0.7015231
7/2/7/6/7/7/4/7/2 3 3,X,2,0,BLOCK,X,0.464166,0.6491984
7/2/7/4/7/7/6/7/1 3 3,Z,2,0,BLOCK,Z,0.5302704,0.6935845
7/2/7/6/7/7/4/7/1 3 3,X,2.5,0,BLOCK,X,0.3107665,0.5493366
7/2/7/4/7/7/5/2/7 3 3,Z,2,2,BLOCK,Z,0.9648696,1.118936
7/2/7/6/7/7/1/2/7 3 3,X,-2,0,BLOCK,X,0.4149683,0.5884184
7/2/7/4/7/7/5/6/6 3 3,Z,1.8333333333333333333333333334,2,BLOCK,Z,0.8931057,1.00224
7/2/7/6/7/7/1/6/6 3 3,X,-2.5,0,BLOCK,X,0.4233321,0.5036503
7/2/7/6/7/7/5/4/6 3 3,Z,2,2,BLOCK,Z,1.573309,0.9715058
7/2/7/4/7/7/5/6/5 3 3,Z,1.8333333333333333333333333334,0,BLOCK,Z,0.5072718,0.7181084
7/2/7/6/7/7/1/6/5 3 3,X,-2,0,BLOCK,X,0.5061717,0.6332434
7/2/7/6/7/7/5/4/5 3 3,Z,2,0,BLOCK,Z,0.3770397,0.3889589
7/2/7/4/7/7/5/6/3 3 3,Z,1.8333333333333333333333333334,0,BLOCK,Z,0.4796533,0.6868127
7/2/7/6/7/7/1/6/3 3 3,X,-1.5,2,BLOCK,X,1.21368,0.7446651
7/2/7/6/7/7/5/4/3 3 3,Z,2,0,BLOCK,Z,0.3173293,0.3904585
7/2/7/4/7/7/5/5/6 3 3,Z,2,0,BLOCK,Z,0.3915215,0.6155429
7/2/7/6/7/7/1/5/6 3 3,X,-2.5,0,BLOCK,X,0.4011382,0.6762373
7/2/7/6/7/7/5/1/6 3 3,Z,-2,0,BLOCK,Z,0.07259746,0.08393923
7/2/3/6/7/7/5/5/5 3 3,X,-0.5,302,TIMEOUT,Z,0.02204743,0.008905391
7/2/7/4/7/7/5/5/5 3 3,Z,2,0,BLOCK,Z,0.5026534,0.6858909
7/2/7/6/7/7/1/5/5 3 3,X,-2,0,BLOCK,X,0.3936219,0.5333748
7/2/7/6/7/7/5/1/5 3 3,Z,-2,2,BLOCK,Z,1.626657,1.014127
7/2/7/4/7/7/5/5/3 3 3,Z,2,0,BLOCK,Z,0.4088879,0.6747629
7/2/7/6/7/7/1/5/3 3 3,X,-1.5,0,BLOCK,X,0.377894,0.4831174
7/2/7/6/7/7/5/1/3 3 3,Z,-2,0,BLOCK,Z,1.710981,1.011891
7/2/7/4/7/7/5/3/6 3 3,Z,2.1666666666666666666666666666,2,BLOCK,Z,1.019449,1.099322
7/2/7/6/7/7/1/3/6 3 3,X,-2.5,0,BLOCK,X,0.5140742,0.5781202
7/2/7/4/7/7/5/3/5 3 3,Z,2.1666666666666666666666666666,0,BLOCK,Z,0.5316694,0.697679
7/2/7/6/7/7/1/3/5 3 3,X,-2,0,BLOCK,X,0.4673982,0.6354737
7/2/7/4/7/7/5/3/3 3 3,Z,2.1666666666666666666666666666,0,BLOCK,Z,0.4810342,0.6541492
7/2/7/6/7/7/1/3/3 3 3,X,-1.5,0,BLOCK,X,0.2645483,0.388809
7/2/7/4/7/7/5/7/4 3 3,Z,2,0,BLOCK,Z,0.5862439,0.6221105
7/2/7/6/7/7/1/7/4 3 3,X,-2.5,0,BLOCK,X,0.4224425,0.6055325
7/2/7/4/7/7/5/7/2 3 3,Z,2,0,BLOCK,Z,0.4358887,0.63304
7/2/7/6/7/7/1/7/2 3 3,X,-2,0,BLOCK,X,0.4913006,0.6243268
7/2/7/4/7/7/5/7/1 3 3,Z,2,0,BLOCK,Z,0.559878,0.5178605
7/2/7/6/7/7/1/7/1 3 3,X,-1.5,0,BLOCK,X,0.4470703,0.4509983
7/2/7/4/7/7/3/2/7 3 3,Z,2,0,BLOCK,Z,0.6905296,0.7243776
7/2/7/4/7/7/3/6/6 3 3,Z,1.8333333333333333333333333334,2,BLOCK,Z,0.9088937,0.9996858
7/2/7/6/7/7/3/4/6 3 3,Z,2,0,BLOCK,Z,1.286504,0.4156252
7/2/7/4/7/7/3/6/5 3 3,Z,1.8333333333333333333333333334,0,BLOCK,Z,0.3519842,0.6380584
7/2/7/6/7/7/3/4/5 3 3,Z,2,0,BLOCK,Z,0.3676713,0.3590786
6/2/7/6/7/7/3/6/3 3 3,X,0.6111111111111111111111111111,24,PLANE,X,0.5841336,0.4704199
7/2/7/4/7/7/3/6/3 3 3,Z,1.8333333333333333333333333334,0,BLOCK,Z,0.574585,0.7092436
7/2/7/6/7/7/3/4/3 3 3,Z,2,0,BLOCK,Z,0.4073442,0.4307942
7/2/7/4/7/7/3/5/6 3 3,Z,2,0,BLOCK,Z,0.4806516,0.533069
7/2/7/6/7/7/3/1/6 3 3,Z,-2,0,BLOCK,Z,1.111631,0.360796
7/2/7/4/7/7/3/5/5 3 3,Z,2,0,BLOCK,Z,0.6430773,0.7920955
7/2/7/6/7/7/3/1/5 3 3,Z,-2,2,BLOCK,Z,1.634989,1.00763
7/2/7/4/7/7/3/5/3 3 3,Z,2,0,BLOCK,Z,0.4523388,0.6096834
7/2/7/6/7/7/3/1/3 3 3,Z,-2,0,BLOCK,Z,0.04696141,0.1050784
7/2/7/4/7/7/3/3/6 3 3,Z,2.1666666666666666666666666666,0,BLOCK,Z,0.6562887,0.7085063
7/2/7/4/7/7/3/3/5 3 3,Z,2.1666666666666666666666666666,2,BLOCK,Z,1.077677,1.059572
7/2/7/4/7/7/3/3/3 3 3,Z,2.1666666666666666666666666666,0,BLOCK,Z,0.5342312,0.6545254
6/2/7/6/7/7/3/7/4 3 3,X,-0.75,302,TIMEOUT,Z,0.1518508,0.101165
7/2/7/4/7/7/3/7/4 3 3,Z,2,0,BLOCK,Z,0.6041928,0.7337512
7/2/3/6/7/7/3/7/2 3 3,Z,0.5,302,TIMEOUT,Z,0.01369564,0.00691059
7/2/7/4/7/7/3/7/2 3 3,Z,2,0,BLOCK,Z,0.6615041,0.723143
7/2/7/4/7/7/3/7/1 3 3,Z,2,0,BLOCK,Z,0.5099542,0.6200755
7/2/7/4/7/7/7/2/6 3 3,Z,2,0,BLOCK,Z,0.5268242,0.7682928
7/2/7/4/7/7/7/2/5 3 3,Z,2,0,BLOCK,Z,0.5431015,0.7851734
3/2/7/6/7/7/7/2/3 3 3,Z,0.5,302,TIMEOUT,Z,0.09098533,0.05202249
7/2/7/4/7/7/7/2/3 3 3,Z,2,0,BLOCK,Z,0.747544,0.7179234
7/2/7/4/7/7/7/6/4 3 3,Z,1.8333333333333333333333333334,0,BLOCK,Z,0.7104326,0.8037503
7/2/7/6/7/7/7/4/4 3 3,Z,2,0,BLOCK,Z,0.03085036,0.06255322
7/2/7/4/7/7/7/6/2 3 3,Z,1.8333333333333333333333333334,0,BLOCK,Z,0.7700828,0.8415596
7/2/7/6/7/7/7/4/2 3 3,Z,2,0,BLOCK,Z,0.1502393,0.1989363
7/2/7/4/7/7/7/6/1 3 3,Z,1.8333333333333333333333333334,0,BLOCK,Z,0.7872547,0.8218268
7/2/7/6/7/7/7/4/1 3 3,Z,2,0,BLOCK,Z,0.02104286,0.07948911
7/2/7/4/7/7/7/5/4 3 3,Z,2,0,BLOCK,Z,0.5037027,0.4811967
7/2/7/6/7/7/7/1/4 3 3,Z,-2,0,BLOCK,Z,0.0707964,0.06151482
7/2/7/4/7/7/7/5/2 3 3,Z,2,0,BLOCK,Z,0.4495572,0.572201
7/2/7/6/7/7/7/1/2 3 3,Z,-2,0,BLOCK,Z,0.01125403,0.02885207
7/2/7/4/7/7/7/5/1 3 3,Z,2,0,BLOCK,Z,0.4540948,0.6223984
7/2/7/6/7/7/7/1/1 3 3,Z,-2,0,BLOCK,Z,0.09707524,0.1174333
7/2/7/4/7/7/7/3/4 3 3,Z,2.1666666666666666666666666666,2,BLOCK,Z,1.149932,1.03033
7/2/7/4/7/7/7/3/2 3 3,Z,2.1666666666666666666666666666,0,BLOCK,Z,0.6861049,0.7177948
7/2/7/4/7/7/7/3/1 3 3,Z,2.1666666666666666666666666666,0,BLOCK,Z,1.001731,0.9175541
6/2/7/5/2/6/7/7/7 3 3,X,0.5,302,TIMEOUT,Z,0.1340029,0.08895316
7/2/3/5/2/6/7/7/7 3 3,X,-0.5,302,TIMEOUT,Z,0.004332985,0.004339601
7/2/7/1/2/6/7/7/7 3 3,Z,-2.1666666666666666666666666666,0,BLOCK,Z,0.358157,0.5380106
7/2/7/5/2/4/7/7/7 3 3,Z,2,0,BLOCK,Z,0.7769204,0.575966
7/2/7/1/2/5/7/7/7 3 3,Z,-2,0,BLOCK,Z,0.4036529,0.6975278
7/2/7/5/2/1/7/7/7 3 3,Z,-2,0,BLOCK,Z,0.7868165,0.6436177
7/2/7/1/2/3/7/7/7 3 3,Z,-1.8333333333333333333333333334,0,BLOCK,Z,0.3348401,0.9571487
7/2/7/1/2/7/6/7/7 3 3,Z,-2,0,BLOCK,Z,0.9814706,1.290104
7/2/7/5/2/7/4/7/7 3 3,X,2,0,BLOCK,X,0.6409294,0.6700788
7/2/7/1/2/7/5/7/7 3 3,Z,-2,0,BLOCK,Z,0.6225697,0.7683342
7/2/7/5/2/7/1/7/7 3 3,X,-2,0,BLOCK,X,0.6282787,0.6050091
7/2/7/1/2/7/3/7/7 3 3,Z,-2,0,BLOCK,Z,0.5874786,0.9691492
7/2/7/1/2/7/7/6/7 3 3,Z,-2.1666666666666666666666666666,2,BLOCK,Z,1.010957,1.240602
7/2/7/5/2/7/7/4/7 3 3,Z,2,0,BLOCK,Z,0.06686581,0.1083513
7/2/7/1/2/7/7/5/7 3 3,Z,-2,2,BLOCK,Z,0.8931448,1.166994
7/2/7/5/2/7/7/1/7 3 3,Z,-2,0,BLOCK,Z,0.1645836,0.2031286
7/2/7/1/2/7/7/3/7 3 3,Z,-1.8333333333333333333333333334,0,BLOCK,Z,0.4388249,0.6622106
7/2/7/1/2/7/7/7/6 3 3,Z,-2,2,BLOCK,Z,0.9443922,1.123977
7/2/7/1/2/7/7/7/5 3 3,Z,-2,0,BLOCK,Z,0.7221931,0.8614846
7/2/7/1/2/7/7/7/3 3 3,Z,-2,2,BLOCK,Z,0.8973145,1.018555
7/2/7/1/6/2/7/7/7 3 3,Z,-2,0,BLOCK,Z,0.3524978,1.025867
7/2/7/5/4/2/7/7/7 3 3,X,2,0,BLOCK,X,0.7281121,0.6163946
7/2/7/1/6/6/6/7/7 3 3,Z,-2.1666666666666666666666666666,2,BLOCK,Z,1.415688,1.104122
7/2/7/5/4/6/6/7/7 3 3,X,1.80,0,BLOCK,X,0.4534652,0.5769922
7/2/7/5/6/4/6/7/7 3 3,Z,2,0,BLOCK,Z,0.6844043,0.5251461
7/2/7/5/6/6/4/7/7 3 3,X,2,0,BLOCK,X,0.6180389,0.7639496
7/2/7/1/6/6/5/7/7 3 3,Z,-2.1666666666666666666666666666,0,BLOCK,Z,0.4076759,0.644846
7/2/7/5/4/6/5/7/7 3 3,X,2,2,BLOCK,X,0.8854581,0.5540318
7/2/7/5/6/4/5/7/7 3 3,Z,2,0,BLOCK,Z,1.149062,0.8726885
7/2/7/5/6/6/1/7/7 3 3,X,-2,2,BLOCK,X,1.39034,0.7366223
7/2/7/1/6/6/3/7/7 3 3,Z,-2.1666666666666666666666666666,2,BLOCK,Z,1.547576,1.229634
7/2/7/5/4/6/3/7/7 3 3,X,2.20,0,BLOCK,X,0.6318976,0.458837
7/2/7/5/6/4/3/7/7 3 3,Z,2,0,BLOCK,Z,0.536841,0.5620977
7/2/7/1/6/6/7/6/7 3 3,Z,-2.3333333333333333333333333334,0,BLOCK,Z,0.4719565,0.7792545
7/2/7/5/4/6/7/6/7 3 3,X,2,2,BLOCK,X,0.9788827,0.769307
7/2/7/5/6/4/7/6/7 3 3,Z,1.75,0,BLOCK,Z,0.1890998,0.4485854
7/2/7/5/6/6/7/4/7 3 3,Z,2,0,BLOCK,Z,0.4948219,0.5457649
7/2/7/1/6/6/7/5/7 3 3,Z,-2.1666666666666666666666666666,0,BLOCK,Z,1.461627,1.192353
7/2/7/5/4/6/7/5/7 3 3,X,2,0,BLOCK,X,0.7325039,0.6705649
7/2/7/5/6/4/7/5/7 3 3,Z,2,0,BLOCK,Z,0.477172,0.4035855
7/2/7/5/6/6/7/1/7 3 3,Z,-2,0,BLOCK,Z,0.7033018,0.6483521
7/2/7/1/6/6/7/3/7 3 3,Z,-2.00,0,BLOCK,Z,0.16907,0.5149696
7/2/7/5/4/6/7/3/7 3 3,X,2,0,BLOCK,X,0.5592551,0.5088597
7/2/7/5/6/4/7/3/7 3 3,Z,2.25,0,BLOCK,Z,0.419944,0.4240227
7/2/7/1/6/6/7/7/6 3 3,Z,-2.1666666666666666666666666666,0,BLOCK,Z,0.2719263,0.5182969
7/2/7/5/4/6/7/7/6 3 3,X,1.80,2,BLOCK,X,0.9300177,0.7480984
7/2/7/5/6/4/7/7/6 3 3,Z,2,0,BLOCK,Z,0.4246985,0.3939942
7/2/7/1/6/6/7/7/5 3 3,Z,-2.1666666666666666666666666666,0,BLOCK,Z,0.4471048,0.5960227
7/2/7/5/4/6/7/7/5 3 3,X,2,2,BLOCK,X,0.9481415,0.6224587
7/2/7/5/6/4/7/7/5 3 3,Z,2,0,BLOCK,Z,0.5627026,0.3505823
7/2/7/1/6/6/7/7/3 3 3,Z,-2.1666666666666666666666666666,0,BLOCK,Z,0.2834538,0.6631892
7/2/7/5/4/6/7/7/3 3 3,X,2.20,0,BLOCK,X,0.88146,0.4190753
7/2/7/5/6/4/7/7/3 3 3,Z,2,0,BLOCK,Z,0.9038694,0.7125566
7/2/7/1/6/5/6/7/7 3 3,Z,-2,0,BLOCK,Z,0.6251194,0.8066173
7/2/7/5/4/5/6/7/7 3 3,X,1.80,2,BLOCK,X,0.8697881,0.6367195
7/2/7/5/6/1/6/7/7 3 3,Z,-2,0,BLOCK,Z,0.5046865,0.5149838
7/2/7/5/6/5/4/7/7 3 3,X,2,0,BLOCK,X,1.115681,0.8832396
7/2/7/1/6/5/5/7/7 3 3,Z,-2,2,BLOCK,Z,0.8072563,1.154306
7/2/7/5/4/5/5/7/7 3 3,X,2,0,BLOCK,X,0.5989484,0.4564855
7/2/7/5/6/1/5/7/7 3 3,Z,-2,0,BLOCK,Z,0.6865569,0.6544632
7/2/7/5/6/5/1/7/7 3 3,X,-2,0,BLOCK,X,0.7702908,0.6404134
7/2/7/1/6/5/3/7/7 3 3,Z,-2,2,BLOCK,Z,0.9622115,1.178948
7/2/7/5/4/5/3/7/7 3 3,X,2.20,0,BLOCK,X,0.4057961,0.5046492
7/2/7/5/6/1/3/7/7 3 3,Z,-2,0,BLOCK,Z,0.8299087,0.7323911
3/2/7/5/6/5/7/6/7 3 3,X,-0.5555555555555555555555555556,302,TIMEOUT,Z,0.1438786,0.07575348
7/2/7/1/6/5/7/6/7 3 3,Z,-2.1666666666666666666666666666,2,BLOCK,Z,0.9945492,1.163476
7/2/7/5/4/5/7/6/7 3 3,X,2,0,BLOCK,X,0.7040129,0.835012
7/2/7/5/6/1/7/6/7 3 3,Z,-2.25,0,BLOCK,Z,1.331307,0.8685374
7/2/7/5/6/5/5/6/7 3 3,X,0.5,302,TIMEOUT,Z,0.01069282,0.00593004
7/2/7/5/6/5/7/4/7 3 3,Z,2,0,BLOCK,Z,0.3613907,0.4199308
7/2/7/1/6/5/7/5/7 3 3,Z,-2,0,BLOCK,Z,0.4524085,0.6618068
7/2/7/5/4/5/7/5/7 3 3,X,2,0,BLOCK,X,0.7352346,0.3902299
7/2/7/5/6/1/7/5/7 3 3,Z,-2,0,BLOCK,Z,0.4749113,0.3763838
7/2/7/5/6/5/7/1/7 3 3,Z,-2,0,BLOCK,Z,0.3836643,0.4156297
7/2/7/1/6/5/7/3/7 3 3,Z,-1.8333333333333333333333333334,0,BLOCK,Z,0.6823332,0.9834269
7/2/7/5/4/5/7/3/7 3 3,X,2,0,BLOCK,X,0.6443424,0.6377491
7/2/7/5/6/1/7/3/7 3 3,Z,-1.75,2,BLOCK,Z,1.195463,0.9438352
7/2/7/1/6/5/7/7/6 3 3,Z,-2,0,BLOCK,Z,0.927215,1.158243
7/2/7/5/4/5/7/7/6 3 3,X,1.80,0,BLOCK,X,0.6654838,0.5100965
7/2/7/5/6/1/7/7/6 3 3,Z,-2,0,BLOCK,Z,0.5977461,0.5639775
7/2/7/1/6/5/7/7/5 3 3,Z,-2,0,BLOCK,Z,0.1965837,0.7393092
7/2/7/5/4/5/7/7/5 3 3,X,2,0,BLOCK,X,0.9180816,0.576042
7/2/7/5/6/1/7/7/5 3 3,Z,-2,0,BLOCK,Z,0.4671541,0.5353757
7/2/7/1/6/5/7/7/3 3 3,Z,-2,0,BLOCK,Z,0.6986248,0.571936
7/2/7/5/4/5/7/7/3 3 3,X,2.20,2,BLOCK,X,1.139186,0.5844389
7/2/7/5/6/1/7/7/3 3 3,Z,-2,0,BLOCK,Z,0.8706387,0.5725847
7/2/7/1/6/3/6/7/7 3 3,Z,-1.8333333333333333333333333334,0,BLOCK,Z,0.2499207,0.8167125
7/2/7/5/4/3/6/7/7 3 3,X,1.80,2,BLOCK,X,0.9042144,0.6058699
7/2/7/5/6/3/4/7/7 3 3,X,2,0,BLOCK,X,0.705913,0.7452718
7/2/7/1/6/3/5/7/7 3 3,Z,-1.8333333333333333333333333334,0,BLOCK,Z,0.08876008,0.7226125
7/2/7/5/4/3/5/7/7 3 3,X,2,0,BLOCK,X,0.6587483,0.5675445
7/2/7/5/6/3/1/7/7 3 3,X,-2,2,BLOCK,X,1.427045,0.8584295
7/2/7/1/6/3/3/7/7 3 3,Z,-1.8333333333333333333333333334,0,BLOCK,Z,0.8106566,1.053975
7/2/7/5/4/3/3/7/7 3 3,X,2.20,2,BLOCK,X,1.303953,0.6101936
7/2/7/1/6/3/7/6/7 3 3,Z,-2.00,0,BLOCK,Z,0.2018013,0.7610201
7/2/7/5/4/3/7/6/7 3 3,X,2,0,BLOCK,X,0.766148,0.6224742
7/2/7/5/6/3/7/4/7 3 3,Z,2,0,BLOCK,Z,1.11933,0.6441124
7/2/7/1/6/3/7/5/7 3 3,Z,-1.8333333333333333333333333334,0,BLOCK,Z,0.701795,0.9261665
7/2/7/5/4/3/7/5/7 3 3,X,2,0,BLOCK,X,0.6826247,0.5847057
7/2/7/5/6/3/7/1/7 3 3,Z,-2,0,BLOCK,Z,0.3678848,0.3962742
7/2/7/1/6/3/7/3/7 3 3,Z,-1.6666666666666666666666666666,0,BLOCK,Z,0.4432034,0.7109821
7/2/7/5/4/3/7/3/7 3 3,X,2,0,BLOCK,X,0.799405,0.4970081
7/2/7/1/6/3/7/7/6 3 3,Z,-1.8333333333333333333333333334,0,BLOCK,Z,0.3256721,0.8371518
7/2/7/5/4/3/7/7/6 3 3,X,1.80,2,BLOCK,X,0.9024205,0.5921929
7/2/7/1/6/3/7/7/5 3 3,Z,-1.8333333333333333333333333334,0,BLOCK,Z,0.4125447,1.00472
7/2/7/5/4/3/7/7/5 3 3,X,2,0,BLOCK,X,0.9166227,0.5387712
7/2/7/1/6/3/7/7/3 3 3,Z,-1.8333333333333333333333333334,0,BLOCK,Z,0.2131884,0.677071
7/2/7/5/4/3/7/7/3 3 3,X,2.20,0,BLOCK,X,0.8034006,0.6728979
7/2/7/1/6/7/2/7/7 3 3,Z,-2,2,BLOCK,Z,0.8925704,1.109782
7/2/7/5/4/7/2/7/7 3 3,X,2,0,BLOCK,X,0.3186599,0.3207161
7/2/7/1/6/7/6/6/7 3 3,Z,-2.1666666666666666666666666666,0,BLOCK,Z,0.8427911,0.9807971
7/2/7/5/4/7/6/6/7 3 3,X,1.8,0,BLOCK,X,0.4087347,0.3433691
7/2/7/5/6/7/4/6/7 3 3,X,2,0,BLOCK,X,0.5348635,0.679601
7/2/7/5/6/7/6/4/7 3 3,Z,2,0,BLOCK,Z,0.3875907,0.3577731
7/2/7/1/6/7/6/5/7 3 3,Z,-2,2,BLOCK,Z,0.8982594,1.148945
7/2/7/5/4/7/6/5/7 3 3,X,1.8,0,BLOCK,X,0.6408629,0.5608937
7/2/7/5/6/7/4/5/7 3 3,X,2,0,BLOCK,X,0.5621325,0.6736338
7/2/7/5/6/7/6/1/7 3 3,Z,-2,0,BLOCK,Z,0.1228597,0.1559201
7/2/7/1/6/7/6/3/7 3 3,Z,-1.8333333333333333333333333334,0,BLOCK,Z,0.6045297,0.8260729
7/2/7/5/4/7/6/3/7 3 3,X,1.8,0,BLOCK,X,0.5608132,0.6216765
7/2/7/5/6/7/4/3/7 3 3,X,2,2,BLOCK,X,1.357989,0.8305068
7/2/7/1/6/7/6/7/6 3 3,Z,-2,0,BLOCK,Z,0.4615952,0.7383961
7/2/7/5/4/7/6/7/6 3 3,X,1.6,0,BLOCK,X,0.5748782,0.5919038
7/2/7/5/6/7/4/7/6 3 3,X,1.6,0,BLOCK,X,0.5742926,0.5879897
7/2/7/1/6/7/6/7/5 3 3,Z,-2,2,BLOCK,Z,0.8805085,1.097695
7/2/7/5/4/7/6/7/5 3 3,X,1.8,0,BLOCK,X,0.5651267,0.6428722
7/2/7/5/6/7/4/7/5 3 3,X,2,0,BLOCK,X,0.7606566,0.6512702
7/2/7/1/6/7/6/7/3 3 3,Z,-2,0,BLOCK,Z,0.4226523,0.5806399
7/2/7/5/4/7/6/7/3 3 3,X,2,0,BLOCK,X,0.6737421,0.6182432
7/2/7/5/6/7/4/7/3 3 3,X,2.4,0,BLOCK,X,0.7320827,0.8337401
3/2/7/5/6/7/5/6/7 3 3,X,-0.5555555555555555555555555556,302,TIMEOUT,Z,0.07316892,0.05243272
7/2/7/1/6/7/5/6/7 3 3,Z,-2.1666666666666666666666666666,0,BLOCK,Z,0.4689387,0.5436347
7/2/7/5/4/7/5/6/7 3 3,X,2,0,BLOCK,X,0.7453426,0.5811714
7/2/7/5/6/7/1/6/7 3 3,X,-2,0,BLOCK,X,0.7307647,0.5660592
7/2/7/5/6/7/5/4/7 3 3,Z,2,0,BLOCK,Z,0.4085602,0.4517098
7/2/7/1/6/7/5/5/7 3 3,Z,-2,2,BLOCK,Z,0.968075,1.211223
7/2/7/5/4/7/5/5/7 3 3,X,2,0,BLOCK,X,0.7392595,0.5247431
7/2/7/5/6/7/1/5/7 3 3,X,-2,0,BLOCK,X,0.7712798,0.5410008
7/2/7/5/6/7/5/1/7 3 3,Z,-2,0,BLOCK,Z,0.4438731,0.4674136
7/2/7/1/6/7/5/3/7 3 3,Z,-1.8333333333333333333333333334,0,BLOCK,Z,0.5612555,0.7230679
7/2/7/5/4/7/5/3/7 3 3,X,2,0,BLOCK,X,0.6597976,0.4535857
7/2/7/5/6/7/1/3/7 3 3,X,-2,0,BLOCK,X,0.6522661,0.5749155
7/2/7/1/6/7/5/7/6 3 3,Z,-2,0,BLOCK,Z,0.8204721,0.8999628
7/2/7/5/4/7/5/7/6 3 3,X,1.8,0,BLOCK,X,0.7217149,0.5229457
7/2/7/5/6/7/1/7/6 3 3,X,-2.4,0,BLOCK,X,0.6683433,0.7556238
7/2/7/1/6/7/5/7/5 3 3,Z,-2,0,BLOCK,Z,0.5739099,0.685953
7/2/7/5/4/7/5/7/5 3 3,X,2,2,BLOCK,X,0.9793281,0.5151315
7/2/7/5/6/7/1/7/5 3 3,X,-2,0,BLOCK,X,0.6190833,0.6542498
7/2/7/1/6/7/5/7/3 3 3,Z,-2,0,BLOCK,Z,0.7108517,0.8531816
7/2/7/5/4/7/5/7/3 3 3,X,2.2,2,BLOCK,X,1.040664,0.5608687
7/2/7/5/6/7/1/7/3 3 3,X,-1.6,0,BLOCK,X,0.3254612,0.4243357
7/2/7/1/6/7/3/6/7 3 3,Z,-2.1666666666666666666666666666,0,BLOCK,Z,0.9220662,1.005901
7/2/7/5/4/7/3/6/7 3 3,X,2.2,2,BLOCK,X,1.379765,0.7038825
7/2/7/5/6/7/3/4/7 3 3,Z,2,0,BLOCK,Z,0.4113061,0.4583892
7/2/7/1/6/7/3/5/7 3 3,Z,-2,0,BLOCK,Z,0.6475058,1.02905
7/2/7/5/4/7/3/5/7 3 3,X,2.2,0,BLOCK,X,0.4374428,0.3962973
7/2/7/5/6/7/3/1/7 3 3,Z,-2,0,BLOCK,Z,1.210272,0.4625834
7/2/7/1/6/7/3/3/7 3 3,Z,-1.8333333333333333333333333334,0,BLOCK,Z,0.6877578,0.9880771
7/2/7/5/4/7/3/3/7 3 3,X,2.2,2,BLOCK,X,1.357391,0.6364087
7/2/7/1/6/7/3/7/6 3 3,Z,-2,0,BLOCK,Z,0.4826706,0.7500372
7/2/7/5/4/7/3/7/6 3 3,X,2,0,BLOCK,X,0.5488828,0.6434643
7/2/7/1/6/7/3/7/5 3 3,Z,-2,0,BLOCK,Z,0.4322286,0.6938925
7/2/7/5/4/7/3/7/5 3 3,X,2.2,0,BLOCK,X,0.696925,0.6260076
7/2/7/1/6/7/3/7/3 3 3,Z,-2,0,BLOCK,Z,0.79539,0.9424781
7/2/7/5/4/7/3/7/3 3 3,X,2.4,0,BLOCK,X,0.5659995,0.5477273
7/2/7/1/6/7/7/2/7 3 3,Z,-2,0,BLOCK,Z,0.5793806,0.7065482
7/2/7/5/4/7/7/2/7 3 3,X,2,2,BLOCK,X,0.9726682,0.5552663
7/2/7/1/6/7/7/6/6 3 3,Z,-2.1666666666666666666666666666,2,BLOCK,Z,1.016773,1.144355
7/2/7/5/4/7/7/6/6 3 3,X,1.8,0,BLOCK,X,0.6675791,0.7868049
7/2/7/5/6/7/7/4/6 3 3,Z,2,2,BLOCK,Z,1.650375,1.012537
7/2/7/1/6/7/7/6/5 3 3,Z,-2.1666666666666666666666666666,0,BLOCK,Z,0.7303002,0.5965365
7/2/7/5/4/7/7/6/5 3 3,X,2,0,BLOCK,X,0.7272654,0.476236
7/2/7/5/6/7/7/4/5 3 3,Z,2,0,BLOCK,Z,0.08655822,0.06330424
7/2/7/1/6/7/7/6/3 3 3,Z,-2.1666666666666666666666666666,0,BLOCK,Z,0.719725,0.7518843
7/2/7/5/4/7/7/6/3 3 3,X,2.2,2,BLOCK,X,1.079671,0.6443584
7/2/7/5/6/7/7/4/3 3 3,Z,2,0,BLOCK,Z,0.07979693,0.1164681
7/2/7/1/6/7/7/5/6 3 3,Z,-2,0,BLOCK,Z,0.4908097,0.6318911
7/2/7/5/4/7/7/5/6 3 3,X,1.8,2,BLOCK,X,0.9205611,0.6731383
7/2/7/5/6/7/7/1/6 3 3,Z,-2,0,BLOCK,Z,0.04319844,0.01277846
7/2/7/1/6/7/7/5/5 3 3,Z,-2,2,BLOCK,Z,0.9620737,1.159435
7/2/7/5/4/7/7/5/5 3 3,X,2,0,BLOCK,X,0.5494707,0.5754362
7/2/7/5/6/7/7/1/5 3 3,Z,-2,0,BLOCK,Z,0.08918121,0.1332894
7/2/7/1/6/7/7/5/3 3 3,Z,-2,0,BLOCK,Z,0.4981589,0.5951473
7/2/7/5/4/7/7/5/3 3 3,X,2.2,0,BLOCK,X,0.8233812,0.6074217
7/2/7/5/6/7/7/1/3 3 3,Z,-2,0,BLOCK,Z,0.1062327,0.1910763
7/2/7/1/6/7/7/3/6 3 3,Z,-1.8333333333333333333333333334,2,BLOCK,Z,0.905045,1.023037
7/2/7/5/4/7/7/3/6 3 3,X,1.8,0,BLOCK,X,0.5927213,0.6927587
7/2/7/1/6/7/7/3/5 3 3,Z,-1.8333333333333333333333333334,0,BLOCK,Z,0.5626594,0.7130206
7/2/7/5/4/7/7/3/5 3 3,X,2,0,BLOCK,X,0.7976279,0.6351443
7/2/7/1/6/7/7/3/3 3 3,Z,-1.8333333333333333333333333334,0,BLOCK,Z,0.3012205,0.5393234
7/2/7/5/4/7/7/3/3 3 3,X,2.2,2,BLOCK,X,1.106358,0.7258886
7/2/7/1/6/7/7/7/4 3 3,Z,-2,0,BLOCK,Z,0.3335815,0.5989118
7/2/7/5/4/7/7/7/4 3 3,X,1.8,0,BLOCK,X,0.7724094,0.5872753
7/2/7/1/6/7/7/7/2 3 3,Z,-2,0,BLOCK,Z,0.6869072,0.4516612
7/2/7/5/4/7/7/7/2 3 3,X,2,2,BLOCK,X,1.078982,0.6479542
7/2/7/1/6/7/7/7/1 3 3,Z,-2,0,BLOCK,Z,0.6458502,0.7637045
7/2/7/5/4/7/7/7/1 3 3,X,2.2,0,BLOCK,X,0.6840621,0.6800528
7/2/7/1/5/2/7/7/7 3 3,Z,-2,0,BLOCK,Z,0.1224686,0.7866433
7/2/7/5/1/2/7/7/7 3 3,X,-2,2,BLOCK,X,0.9461433,0.4691527
7/2/7/1/5/6/6/7/7 3 3,Z,-2.1666666666666666666666666666,0,BLOCK,Z,0.1815787,0.6871569
7/2/7/5/1/6/6/7/7 3 3,X,-2.20,0,BLOCK,X,0.2977028,0.1255847
7/2/7/5/5/4/6/7/7 3 3,Z,2,0,BLOCK,Z,0.6183138,0.4563896
7/2/7/5/5/6/4/7/7 3 3,X,2,0,BLOCK,X,0.3925616,0.5306679
7/2/7/1/5/6/5/7/7 3 3,Z,-2.1666666666666666666666666666,0,BLOCK,Z,0.4642328,0.4974749
7/2/7/5/1/6/5/7/7 3 3,X,-2,2,BLOCK,X,0.8772246,0.6235064
7/2/7/5/5/4/5/7/7 3 3,Z,2,0,BLOCK,Z,0.5371757,0.4549388
7/2/7/5/5/6/1/7/7 3 3,X,-2,0,BLOCK,X,0.4144465,0.6453481
7/2/7/1/5/6/3/7/7 3 3,Z,-2.1666666666666666666666666666,0,BLOCK,Z,0.134232,0.6616892
7/2/7/5/1/6/3/7/7 3 3,X,-1.80,2,BLOCK,X,0.8480563,0.5758002
7/2/7/5/5/4/3/7/7 3 3,Z,2,0,BLOCK,Z,0.7746068,0.4347238
7/2/7/1/5/6/7/6/7 3 3,Z,-2.3333333333333333333333333334,0,BLOCK,Z,0.4798304,0.7022004
7/2/7/5/1/6/7/6/7 3 3,X,-2,2,BLOCK,X,0.9133863,0.5894513
7/2/7/5/5/4/7/6/7 3 3,Z,1.75,0,BLOCK,Z,0.1956214,0.4870522
7/2/7/5/5/6/7/4/7 3 3,Z,2,0,BLOCK,Z,0.4816313,0.4848206
7/2/7/1/5/6/7/5/7 3 3,Z,-2.1666666666666666666666666666,0,BLOCK,Z,0.3564014,0.5018458
7/2/7/5/1/6/7/5/7 3 3,X,-2,2,BLOCK,X,0.9156217,0.5710241
7/2/7/5/5/4/7/5/7 3 3,Z,2,0,BLOCK,Z,0.6133038,0.4693172
7/2/7/5/5/6/7/1/7 3 3,Z,-2,0,BLOCK,Z,0.4590924,0.4959754
7/2/7/1/5/6/7/3/7 3 3,Z,-2.00,0,BLOCK,Z,0.1849487,0.5133234
7/2/7/5/1/6/7/3/7 3 3,X,-2,0,BLOCK,X,0.5844323,0.6434295
7/2/7/5/5/4/7/3/7 3 3,Z,2.25,0,BLOCK,Z,0.2282548,0.3254271
7/2/7/1/5/6/7/7/6 3 3,Z,-2.1666666666666666666666666666,0,BLOCK,Z,0.1509345,0.5180722
7/2/7/5/1/6/7/7/6 3 3,X,-2.20,0,BLOCK,X,0.7794129,0.3633998
7/2/7/5/5/4/7/7/6 3 3,Z,2,0,BLOCK,Z,0.4716887,0.3893229
7/2/7/1/5/6/7/7/5 3 3,Z,-2.1666666666666666666666666666,0,BLOCK,Z,0.5202919,0.5054172
7/2/7/5/1/6/7/7/5 3 3,X,-2,0,BLOCK,X,0.7722397,0.6586882
7/2/7/5/5/4/7/7/5 3 3,Z,2,0,BLOCK,Z,0.3634785,0.3979342
7/2/7/1/5/6/7/7/3 3 3,Z,-2.1666666666666666666666666666,0,BLOCK,Z,0.2547301,0.5458946
7/2/7/5/1/6/7/7/3 3 3,X,-1.80,0,BLOCK,X,0.7346849,0.5067031
7/2/7/5/5/4/7/7/3 3 3,Z,2,0,BLOCK,Z,0.5225392,0.5411959
7/2/7/1/5/5/6/7/7 3 3,Z,-2,0,BLOCK,Z,0.8480832,1.136097
7/2/7/5/1/5/6/7/7 3 3,X,-2.20,0,BLOCK,X,0.7204219,0.4610247
7/2/7/5/5/1/6/7/7 3 3,Z,-2,0,BLOCK,Z,0.8920451,0.6728833
7/2/7/5/5/5/4/7/7 3 3,X,2,2,BLOCK,X,1.364554,0.846692
7/2/7/1/5/5/5/7/7 3 3,Z,-2,0,BLOCK,Z,0.3118261,0.641358
7/2/7/5/1/5/5/7/7 3 3,X,-2,0,BLOCK,X,0.5448863,0.5717617
7/2/7/5/5/1/5/7/7 3 3,Z,-2,0,BLOCK,Z,0.3533685,0.5237586
7/2/7/5/5/5/1/7/7 3 3,X,-2,0,BLOCK,X,0.7236871,0.7178679
7/2/7/1/5/5/3/7/7 3 3,Z,-2,0,BLOCK,Z,0.6399959,0.818128
7/2/7/5/1/5/3/7/7 3 3,X,-1.80,2,BLOCK,X,0.8221619,0.6440813
7/2/7/5/5/1/3/7/7 3 3,Z,-2,0,BLOCK,Z,1.147134,0.9608925
7/2/7/1/5/5/7/6/7 3 3,Z,-2.1666666666666666666666666666,2,BLOCK,Z,0.9854363,1.132277
7/2/7/5/1/5/7/6/7 3 3,X,-2,0,BLOCK,X,0.5679673,0.46821
7/2/7/5/5/1/7/6/7 3 3,Z,-2.25,2,BLOCK,Z,1.569483,1.033448
7/2/7/5/5/5/7/4/7 3 3,Z,2,0,BLOCK,Z,0.3424489,0.3496096
7/2/7/1/5/5/7/5/7 3 3,Z,-2,0,BLOCK,Z,0.4616108,0.7673899
7/2/7/5/1/5/7/5/7 3 3,X,-2,0,BLOCK,X,0.5816855,0.5991872
7/2/7/5/5/1/7/5/7 3 3,Z,-2,0,BLOCK,Z,0.6172337,0.476281
7/2/7/5/5/5/7/1/7 3 3,Z,-2,0,BLOCK,Z,0.3726878,0.4124049
7/2/7/1/5/5/7/3/7 3 3,Z,-1.8333333333333333333333333334,0,BLOCK,Z,0.3601212,0.8255542
7/2/7/5/1/5/7/3/7 3 3,X,-2,0,BLOCK,X,0.6001598,0.5064021
7/2/7/5/5/1/7/3/7 3 3,Z,-1.75,0,BLOCK,Z,1.169168,0.8497445
7/2/7/1/5/5/7/7/6 3 3,Z,-2,0,BLOCK,Z,0.238492,0.6344392
7/2/7/5/1/5/7/7/6 3 3,X,-2.20,0,BLOCK,X,0.5173729,0.5106012
7/2/7/5/5/1/7/7/6 3 3,Z,-2,0,BLOCK,Z,1.18809,0.9043241
7/2/7/1/5/5/7/7/5 3 3,Z,-2,0,BLOCK,Z,0.7839468,0.9124718
7/2/7/5/1/5/7/7/5 3 3,X,-2,0,BLOCK,X,0.6606877,0.6765675
7/2/7/5/5/1/7/7/5 3 3,Z,-2,0,BLOCK,Z,0.4820446,0.5015085
7/2/7/1/5/5/7/7/3 3 3,Z,-2,0,BLOCK,Z,0.4693522,0.781022
7/2/7/5/1/5/7/7/3 3 3,X,-1.80,0,BLOCK,X,0.5947962,0.6430327
7/2/7/5/5/1/7/7/3 3 3,Z,-2,0,BLOCK,Z,0.5185241,0.6093532
7/2/7/1/5/3/6/7/7 3 3,Z,-1.8333333333333333333333333334,0,BLOCK,Z,0.09232124,0.755296
7/2/7/5/1/3/6/7/7 3 3,X,-2.20,0,BLOCK,X,0.8322089,0.5442178
7/2/7/5/5/3/4/7/7 3 3,X,2,0,BLOCK,X,1.22424,0.911373
7/2/7/1/5/3/5/7/7 3 3,Z,-1.8333333333333333333333333334,2,BLOCK,Z,0.9286479,1.144061
7/2/7/5/1/3/5/7/7 3 3,X,-2,0,BLOCK,X,0.8163792,0.5012205
7/2/7/5/5/3/1/7/7 3 3,X,-2,2,BLOCK,X,1.403987,0.8961809
7/2/7/1/5/3/3/7/7 3 3,Z,-1.8333333333333333333333333334,0,BLOCK,Z,0.1670628,0.9089504
7/2/7/5/1/3/3/7/7 3 3,X,-1.80,0,BLOCK,X,0.6553984,0.3585891
7/2/7/1/5/3/7/6/7 3 3,Z,-2.00,0,BLOCK,Z,0.3414677,0.8001952
7/2/7/5/1/3/7/6/7 3 3,X,-2,0,BLOCK,X,0.6806629,0.455995
7/2/7/5/5/3/7/4/7 3 3,Z,2,0,BLOCK,Z,0.4752309,0.4840753
7/2/7/1/5/3/7/5/7 3 3,Z,-1.8333333333333333333333333334,0,BLOCK,Z,0.1702373,0.7343258
7/2/7/5/1/3/7/5/7 3 3,X,-2,0,BLOCK,X,0.7689967,0.5416903
7/2/7/5/5/3/7/1/7 3 3,Z,-2,0,BLOCK,Z,0.5348146,0.4666398
7/2/7/1/5/3/7/3/7 3 3,Z,-1.6666666666666666666666666666,0,BLOCK,Z,0.08040027,0.7012344
7/2/7/5/1/3/7/3/7 3 3,X,-2,0,BLOCK,X,0.534242,0.5995395
7/2/7/1/5/3/7/7/6 3 3,Z,-1.8333333333333333333333333334,0,BLOCK,Z,0.1028599,0.6307706
7/2/7/5/1/3/7/7/6 3 3,X,-2.20,0,BLOCK,X,0.6823013,0.7186727
7/2/7/1/5/3/7/7/5 3 3,Z,-1.8333333333333333333333333334,0,BLOCK,Z,0.02916514,0.7811863
7/2/7/5/1/3/7/7/5 3 3,X,-2,0,BLOCK,X,0.6762217,0.7224254
7/2/7/1/5/3/7/7/3 3 3,Z,-1.8333333333333333333333333334,0,BLOCK,Z,0.1019992,0.7624099
7/2/7/5/1/3/7/7/3 3 3,X,-1.80,2,BLOCK,X,0.8155508,0.508661
7/2/7/1/5/7/2/7/7 3 3,Z,-2,0,BLOCK,Z,0.4780381,0.8054549
7/2/7/5/1/7/2/7/7 3 3,X,-2,2,BLOCK,X,1.065357,0.6087609
7/2/7/1/5/7/6/6/7 3 3,Z,-2.1666666666666666666666666666,0,BLOCK,Z,0.549027,0.7740815
7/2/7/5/1/7/6/6/7 3 3,X,-2.2,0,BLOCK,X,0.5110307,0.3870977
7/2/7/5/5/7/4/6/7 3 3,X,2,2,BLOCK,X,1.342587,0.8367298
7/2/7/5/5/7/6/4/7 3 3,Z,2,0,BLOCK,Z,0.3465425,0.3468498
7/2/7/1/5/7/6/5/7 3 3,Z,-2,0,BLOCK,Z,0.8118572,0.8406154
7/2/7/5/1/7/6/5/7 3 3,X,-2.2,0,BLOCK,X,0.6405584,0.4857526
7/2/7/5/5/7/4/5/7 3 3,X,2,0,BLOCK,X,0.4392316,0.6029158
7/2/7/5/5/7/6/1/7 3 3,Z,-2,0,BLOCK,Z,0.4305646,0.4062833
7/2/7/1/5/7/6/3/7 3 3,Z,-1.8333333333333333333333333334,0,BLOCK,Z,0.1774782,0.5361795
7/2/7/5/1/7/6/3/7 3 3,X,-2.2,2,BLOCK,X,1.395537,0.6733108
7/2/7/5/5/7/4/3/7 3 3,X,2,0,BLOCK,X,0.4233371,0.6181754
7/2/7/1/5/7/6/7/6 3 3,Z,-2,0,BLOCK,Z,0.6765639,0.8523
7/2/7/5/1/7/6/7/6 3 3,X,-2.4,0,BLOCK,X,0.8198006,0.5525954
7/2/7/5/5/7/4/7/6 3 3,X,1.6,0,BLOCK,X,0.2512799,0.411311
7/2/7/1/5/7/6/7/5 3 3,Z,-2,0,BLOCK,Z,0.3124654,0.5734163
7/2/7/5/1/7/6/7/5 3 3,X,-2.2,0,BLOCK,X,0.6343286,0.4154277
7/2/7/5/5/7/4/7/5 3 3,X,2,0,BLOCK,X,0.3325446,0.5495048
6/2/7/5/5/7/6/7/3 3 3,X,0.7,302,TIMEOUT,Z,0.1205689,0.0813802
7/2/7/1/5/7/6/7/3 3 3,Z,-2,0,BLOCK,Z,0.4762916,0.6104553
7/2/7/5/1/7/6/7/3 3 3,X,-2,0,BLOCK,X,0.512186,0.6308569
7/2/7/5/5/7/4/7/3 3 3,X,2.4,0,BLOCK,X,0.5118337,0.6930251
7/2/7/1/5/7/5/6/7 3 3,Z,-2.1666666666666666666666666666,0,BLOCK,Z,0.5010076,0.7992457
7/2/7/5/1/7/5/6/7 3 3,X,-2,0,BLOCK,X,0.6250987,0.5562012
7/2/7/5/5/7/1/6/7 3 3,X,-2,0,BLOCK,X,0.3981366,0.72436
7/2/7/5/5/7/5/4/7 3 3,Z,2,2,BLOCK,Z,1.564793,0.9653269
7/2/7/1/5/7/5/5/7 3 3,Z,-2,2,BLOCK,Z,0.8901732,1.091976
7/2/7/5/1/7/5/5/7 3 3,X,-2,0,BLOCK,X,0.6156391,0.6567659
7/2/7/5/5/7/1/5/7 3 3,X,-2,0,BLOCK,X,0.5547557,0.6741598
7/2/7/5/5/7/5/1/7 3 3,Z,-2,0,BLOCK,Z,0.451649,0.4662823
7/2/7/1/5/7/5/3/7 3 3,Z,-1.8333333333333333333333333334,0,BLOCK,Z,0.4622687,0.7227182
7/2/7/5/1/7/5/3/7 3 3,X,-2,0,BLOCK,X,0.5790012,0.6407367
7/2/7/5/5/7/1/3/7 3 3,X,-2,0,BLOCK,X,0.5041858,0.6782596
7/2/7/1/5/7/5/7/6 3 3,Z,-2,0,BLOCK,Z,0.4872864,0.8573619
7/2/7/5/1/7/5/7/6 3 3,X,-2.2,2,BLOCK,X,1.102254,0.6117926
7/2/7/5/5/7/1/7/6 3 3,X,-2.4,2,BLOCK,X,1.611663,0.9877958
7/2/7/1/5/7/5/7/5 3 3,Z,-2,0,BLOCK,Z,0.3818743,0.6138436
7/2/7/5/1/7/5/7/5 3 3,X,-2,0,BLOCK,X,0.8766127,0.6334676
7/2/7/5/5/7/1/7/5 3 3,X,-2,0,BLOCK,X,0.9733595,0.7506225
7/2/7/1/5/7/5/7/3 3 3,Z,-2,0,BLOCK,Z,0.5385911,0.7550549
7/2/7/5/1/7/5/7/3 3 3,X,-1.8,2,BLOCK,X,0.8913022,0.5996915
7/2/7/5/5/7/1/7/3 3 3,X,-1.6,0,BLOCK,X,0.2174719,0.3710319
7/2/7/1/5/7/3/6/7 3 3,Z,-2.1666666666666666666666666666,0,BLOCK,Z,0.5458497,0.7225977
7/2/7/5/1/7/3/6/7 3 3,X,-1.8,2,BLOCK,X,0.8893155,0.5790871
7/2/7/5/5/7/3/4/7 3 3,Z,2,0,BLOCK,Z,0.3720233,0.3599608
7/2/7/1/5/7/3/5/7 3 3,Z,-2,2,BLOCK,Z,0.9154779,1.097067
7/2/7/5/1/7/3/5/7 3 3,X,-1.8,0,BLOCK,X,0.4147796,0.6181943
7/2/7/5/5/7/3/1/7 3 3,Z,-2,0,BLOCK,Z,0.5447524,0.4286129
7/2/7/1/5/7/3/3/7 3 3,Z,-1.8333333333333333333333333334,0,BLOCK,Z,0.455873,0.7418334
7/2/7/5/1/7/3/3/7 3 3,X,-1.8,2,BLOCK,X,0.9190516,0.5827265
7/2/7/1/5/7/3/7/6 3 3,Z,-2,2,BLOCK,Z,0.9139419,1.123889
7/2/7/5/1/7/3/7/6 3 3,X,-2,0,BLOCK,X,0.5017818,0.5055367
7/2/7/1/5/7/3/7/5 3 3,Z,-2,2,BLOCK,Z,0.9351051,1.121965
7/2/7/5/1/7/3/7/5 3 3,X,-1.8,0,BLOCK,X,0.7154297,0.5256335
7/2/7/1/5/7/3/7/3 3 3,Z,-2,0,BLOCK,Z,0.3613648,0.7138445
7/2/7/5/1/7/3/7/3 3 3,X,-1.6,0,BLOCK,X,0.5173939,0.4754464
7/2/7/1/5/7/7/2/7 3 3,Z,-2,2,BLOCK,Z,0.9383257,1.040087
7/2/7/5/1/7/7/2/7 3 3,X,-2,0,BLOCK,X,0.5885423,0.5068966
7/2/7/1/5/7/7/6/6 3 3,Z,-2.1666666666666666666666666666,0,BLOCK,Z,1.028941,0.9973666
7/2/7/5/1/7/7/6/6 3 3,X,-2.2,0,BLOCK,X,0.9408164,0.6590146
7/2/7/5/5/7/7/4/6 3 3,Z,2,0,BLOCK,Z,0.09794509,0.06300736
3/2/7/5/5/7/7/6/5 3 3,X,-0.5,302,TIMEOUT,Z,0.09165595,0.05435558
7/2/7/1/5/7/7/6/5 3 3,Z,-2.1666666666666666666666666666,0,BLOCK,Z,0.5400368,0.7909229
7/2/7/5/1/7/7/6/5 3 3,X,-2,0,BLOCK,X,0.6726318,0.6608908
7/2/7/5/5/7/7/4/5 3 3,Z,2,0,BLOCK,Z,0.128457,0.05807788
7/2/3/5/5/7/7/6/3 3 3,Z,0.5,302,TIMEOUT,Z,0.01754504,0.01407465
7/2/7/1/5/7/7/6/3 3 3,Z,-2.1666666666666666666666666666,0,BLOCK,Z,0.6019402,0.7741744
7/2/7/5/1/7/7/6/3 3 3,X,-1.8,0,BLOCK,X,0.7107083,0.5953978
7/2/7/5/5/7/7/4/3 3 3,Z,2,2,BLOCK,Z,1.647564,1.015066
7/2/7/1/5/7/7/5/6 3 3,Z,-2,0,BLOCK,Z,0.4603215,0.7799362
7/2/7/5/1/7/7/5/6 3 3,X,-2.2,0,BLOCK,X,0.8437967,0.6365752
7/2/7/5/5/7/7/1/6 3 3,Z,-2,0,BLOCK,Z,0.06920271,0.1049952
7/2/7/1/5/7/7/5/5 3 3,Z,-2,0,BLOCK,Z,0.6661409,0.7883698
7/2/7/5/1/7/7/5/5 3 3,X,-2,0,BLOCK,X,0.5227404,0.7303942
7/2/7/5/5/7/7/1/5 3 3,Z,-2,0,BLOCK,Z,0.05643322,0.07327618
7/2/7/1/5/7/7/5/3 3 3,Z,-2,0,BLOCK,Z,0.4091188,0.6932662
7/2/7/5/1/7/7/5/3 3 3,X,-1.8,0,BLOCK,X,0.6003397,0.6419353
7/2/7/5/5/7/7/1/3 3 3,Z,-2,0,BLOCK,Z,0.0187557,0.03928394
7/2/7/1/5/7/7/3/6 3 3,Z,-1.8333333333333333333333333334,0,BLOCK,Z,0.5330398,0.6539481
7/2/7/5/1/7/7/3/6 3 3,X,-2.2,0,BLOCK,X,0.8511608,0.6715891
7/2/7/1/5/7/7/3/5 3 3,Z,-1.8333333333333333333333333334,0,BLOCK,Z,0.5507876,0.7348293
7/2/7/5/1/7/7/3/5 3 3,X,-2,0,BLOCK,X,0.4697332,0.5340387
7/2/7/1/5/7/7/3/3 3 3,Z,-1.8333333333333333333333333334,0,BLOCK,Z,0.2535722,0.56872
7/2/7/5/1/7/7/3/3 3 3,X,-1.8,0,BLOCK,X,0.5929422,0.6233034
7/2/7/1/5/7/7/7/4 3 3,Z,-2,2,BLOCK,Z,0.9373493,1.072379
7/2/7/5/1/7/7/7/4 3 3,X,-2.2,0,BLOCK,X,0.9589506,0.5976341
7/2/7/1/5/7/7/7/2 3 3,Z,-2,0,BLOCK,Z,0.6709189,0.8216872
7/2/7/5/1/7/7/7/2 3 3,X,-2,0,BLOCK,X,0.6604726,0.5091714
7/2/7/1/5/7/7/7/1 3 3,Z,-2,0,BLOCK,Z,0.5457972,0.7303587
7/2/7/5/1/7/7/7/1 3 3,X,-1.8,2,BLOCK,X,0.9684734,0.6222641
7/2/7/1/3/2/7/7/7 3 3,Z,-2,2,BLOCK,Z,1.42574,1.058427
7/2/7/1/3/6/6/7/7 3 3,Z,-2.1666666666666666666666666666,0,BLOCK,Z,0.4850164,0.4069696
7/2/7/5/3/4/6/7/7 3 3,Z,2,2,BLOCK,Z,1.246164,0.95577
7/2/7/5/3/6/4/7/7 3 3,X,2,0,BLOCK,X,1.370097,0.7551508
7/2/7/1/3/6/5/7/7 3 3,Z,-2.1666666666666666666666666666,0,BLOCK,Z,0.3617947,0.665405
7/2/7/5/3/4/5/7/7 3 3,Z,2,0,BLOCK,Z,0.548222,0.5603514
7/2/7/5/3/6/1/7/7 3 3,X,-2,2,BLOCK,X,1.427037,0.7720999
7/2/7/1/3/6/3/7/7 3 3,Z,-2.1666666666666666666666666666,0,BLOCK,Z,0.507537,0.5726455
7/2/7/5/3/4/3/7/7 3 3,Z,2,0,BLOCK,Z,0.6390436,0.5319025
7/2/7/1/3/6/7/6/7 3 3,Z,-2.3333333333333333333333333334,0,BLOCK,Z,1.358162,1.196599
7/2/7/5/3/4/7/6/7 3 3,Z,1.75,0,BLOCK,Z,0.4453664,0.5606272
7/2/7/5/3/6/7/4/7 3 3,Z,2,0,BLOCK,Z,0.3134473,0.2884868
7/2/7/1/3/6/7/5/7 3 3,Z,-2.1666666666666666666666666666,0,BLOCK,Z,0.1634589,0.6140987
7/2/7/5/3/4/7/5/7 3 3,Z,2,2,BLOCK,Z,1.268519,0.915907
7/2/7/5/3/6/7/1/7 3 3,Z,-2,0,BLOCK,Z,0.5019038,0.4678936
7/2/7/1/3/6/7/3/7 3 3,Z,-2.00,2,BLOCK,Z,1.510291,1.129227
7/2/7/5/3/4/7/3/7 3 3,Z,2.25,0,BLOCK,Z,0.4906999,0.4838675
7/2/7/1/3/6/7/7/6 3 3,Z,-2.1666666666666666666666666666,2,BLOCK,Z,1.506181,1.100076
7/2/7/5/3/4/7/7/6 3 3,Z,2,0,BLOCK,Z,0.571628,0.5501655
7/2/7/1/3/6/7/7/5 3 3,Z,-2.1666666666666666666666666666,2,BLOCK,Z,1.308321,1.067459
7/2/7/5/3/4/7/7/5 3 3,Z,2,0,BLOCK,Z,0.5035932,0.541618
7/2/7/1/3/6/7/7/3 3 3,Z,-2.1666666666666666666666666666,0,BLOCK,Z,0.8840114,0.6615716
7/2/7/5/3/4/7/7/3 3 3,Z,2,0,BLOCK,Z,0.6354359,0.6120142
7/2/7/1/3/5/6/7/7 3 3,Z,-2,0,BLOCK,Z,0.31195,0.6637695
7/2/7/5/3/1/6/7/7 3 3,Z,-2,0,BLOCK,Z,1.175074,0.9528589
7/2/7/5/3/5/4/7/7 3 3,X,2,0,BLOCK,X,0.7961425,0.5375621
7/2/7/1/3/5/5/7/7 3 3,Z,-2,0,BLOCK,Z,0.4839702,0.7864553
7/2/7/5/3/1/5/7/7 3 3,Z,-2,0,BLOCK,Z,1.248855,1.093767
7/2/7/5/3/5/1/7/7 3 3,X,-2,0,BLOCK,X,0.6463119,0.7044432
7/2/7/1/3/5/3/7/7 3 3,Z,-2,0,BLOCK,Z,0.4999779,0.8308917
7/2/7/5/3/1/3/7/7 3 3,Z,-2,0,BLOCK,Z,0.6316854,0.7412469
7/2/7/1/3/5/7/6/7 3 3,Z,-2.1666666666666666666666666666,0,BLOCK,Z,0.6434751,0.7934324
7/2/7/5/3/1/7/6/7 3 3,Z,-2.25,0,BLOCK,Z,0.6680902,0.6044741
7/2/7/5/3/5/7/4/7 3 3,Z,2,2,BLOCK,Z,1.66523,1.011185
7/2/6/5/3/5/7/5/7 3 3,X,0.5714285714285714285714285714,302,TIMEOUT,Z,0.008423806,0.004393967
7/2/7/1/3/5/7/5/7 3 3,Z,-2,0,BLOCK,Z,0.4889343,0.7121238
7/2/7/5/3/1/7/5/7 3 3,Z,-2,0,BLOCK,Z,0.4737625,0.3832404
7/2/7/5/3/5/7/1/7 3 3,Z,-2,0,BLOCK,Z,0.07720508,0.1175253
7/2/7/1/3/5/7/3/7 3 3,Z,-1.8333333333333333333333333334,0,BLOCK,Z,0.6044601,0.7624454
7/2/7/5/3/1/7/3/7 3 3,Z,-1.75,0,BLOCK,Z,0.2135771,0.5345106
7/2/7/1/3/5/7/7/6 3 3,Z,-2,2,BLOCK,Z,1.014177,1.196764
7/2/7/5/3/1/7/7/6 3 3,Z,-2,0,BLOCK,Z,1.15729,0.821965
7/2/7/1/3/5/7/7/5 3 3,Z,-2,2,BLOCK,Z,0.9069532,1.058814
7/2/7/5/3/1/7/7/5 3 3,Z,-2,0,BLOCK,Z,1.082745,0.8942087
7/2/7/1/3/5/7/7/3 3 3,Z,-2,0,BLOCK,Z,0.6821856,0.9250869
7/2/7/5/3/1/7/7/3 3 3,Z,-2,0,BLOCK,Z,0.4300025,0.3532814
7/2/7/1/3/3/6/7/7 3 3,Z,-1.8333333333333333333333333334,2,BLOCK,Z,0.9010241,1.078376
7/2/7/5/3/3/4/7/7 3 3,X,2,0,BLOCK,X,1.425672,0.7877331
7/2/7/1/3/3/5/7/7 3 3,Z,-1.8333333333333333333333333334,0,BLOCK,Z,0.2567199,0.804818
7/2/7/5/3/3/1/7/7 3 3,X,-2,0,BLOCK,X,0.5608276,0.6608243
7/2/7/1/3/3/3/7/7 3 3,Z,-1.8333333333333333333333333334,2,BLOCK,Z,0.9049947,1.161637
7/2/7/1/3/3/7/6/7 3 3,Z,-2.00,0,BLOCK,Z,0.235044,0.6812844
7/2/7/5/3/3/7/4/7 3 3,Z,2,2,BLOCK,Z,1.613139,0.9400458
7/2/7/1/3/3/7/5/7 3 3,Z,-1.8333333333333333333333333334,0,BLOCK,Z,0.4658585,1.02974
7/2/7/5/3/3/7/1/7 3 3,Z,-2,0,BLOCK,Z,0.4475302,0.4038368
7/2/7/1/3/3/7/3/7 3 3,Z,-1.6666666666666666666666666666,0,BLOCK,Z,0.3882633,0.8067855
7/2/7/1/3/3/7/7/6 3 3,Z,-1.8333333333333333333333333334,0,BLOCK,Z,0.1707638,0.6255671
7/2/7/1/3/3/7/7/5 3 3,Z,-1.8333333333333333333333333334,2,BLOCK,Z,0.8536209,1.255959
7/2/7/1/3/3/7/7/3 3 3,Z,-1.8333333333333333333333333334,0,BLOCK,Z,0.2888627,0.7070498
7/2/7/1/3/7/2/7/7 3 3,Z,-2,0,BLOCK,Z,0.4507714,0.763228
7/2/7/1/3/7/6/6/7 3 3,Z,-2.1666666666666666666666666666,2,BLOCK,Z,1.055646,1.110137
7/2/7/5/3/7/4/6/7 3 3,X,2,0,BLOCK,X,0.6251129,0.6248628
7/2/7/5/3/7/6/4/7 3 3,Z,2,2,BLOCK,Z,1.562501,0.9840119
7/2/7/1/3/7/6/5/7 3 3,Z,-2,0,BLOCK,Z,0.7287698,0.8552059
7/2/7/5/3/7/4/5/7 3 3,X,2,0,BLOCK,X,0.7013256,0.6486351
7/2/7/5/3/7/6/1/7 3 3,Z,-2,0,BLOCK,Z,0.2375104,0.09290823
7/2/7/1/3/7/6/3/7 3 3,Z,-1.8333333333333333333333333334,0,BLOCK,Z,0.6013868,0.9884698
7/2/7/5/3/7/4/3/7 3 3,X,2,0,BLOCK,X,0.7651767,0.5771918
7/2/7/1/3/7/6/7/6 3 3,Z,-2,0,BLOCK,Z,0.5423118,0.7945397
7/2/7/5/3/7/4/7/6 3 3,X,1.6,2,BLOCK,X,1.28153,0.6926714
7/2/7/1/3/7/6/7/5 3 3,Z,-2,2,BLOCK,Z,1.162099,1.226597
7/2/7/5/3/7/4/7/5 3 3,X,2,0,BLOCK,X,0.529461,0.5063227
7/2/7/1/3/7/6/7/3 3 3,Z,-2,0,BLOCK,Z,0.3812703,0.8285191
7/2/7/5/3/7/4/7/3 3 3,X,2.4,0,BLOCK,X,1.138877,0.7065961
7/2/7/1/3/7/5/6/7 3 3,Z,-2.1666666666666666666666666666,0,BLOCK,Z,0.5637939,0.6834008
7/2/7/5/3/7/1/6/7 3 3,X,-2,0,BLOCK,X,0.6032535,0.7572916
7/2/7/5/3/7/5/4/7 3 3,Z,2,0,BLOCK,Z,0.6219195,0.4040709
7/2/7/1/3/7/5/5/7 3 3,Z,-2,0,BLOCK,Z,0.4205531,0.8159006
7/2/7/5/3/7/1/5/7 3 3,X,-2,0,BLOCK,X,0.6690851,0.6858543
7/2/7/5/3/7/5/1/7 3 3,Z,-2,0,BLOCK,Z,0.541554,0.3359887
7/2/7/1/3/7/5/3/7 3 3,Z,-1.8333333333333333333333333334,0,BLOCK,Z,0.4487637,0.6581004
7/2/7/5/3/7/1/3/7 3 3,X,-2,0,BLOCK,X,0.6779019,0.669941
7/2/7/1/3/7/5/7/6 3 3,Z,-2,0,BLOCK,Z,0.3310751,0.6662124
7/2/7/5/3/7/1/7/6 3 3,X,-2.4,0,BLOCK,X,0.5325896,0.7345702
7/2/7/1/3/7/5/7/5 3 3,Z,-2,0,BLOCK,Z,0.16225,0.5748292
7/2/7/5/3/7/1/7/5 3 3,X,-2,0,BLOCK,X,0.478837,0.5870391
7/2/7/1/3/7/5/7/3 3 3,Z,-2,0,BLOCK,Z,0.4259976,0.8266191
7/2/7/5/3/7/1/7/3 3 3,X,-1.6,0,BLOCK,X,0.3426651,0.5111939
7/2/7/1/3/7/3/6/7 3 3,Z,-2.1666666666666666666666666666,0,BLOCK,Z,0.8464005,1.114797
7/2/7/5/3/7/3/4/7 3 3,Z,2,0,BLOCK,Z,0.9556115,0.5434847
7/2/7/1/3/7/3/5/7 3 3,Z,-2,0,BLOCK,Z,0.3472433,0.7267572
7/2/7/5/3/7/3/1/7 3 3,Z,-2,0,BLOCK,Z,0.4466544,0.4430611
7/2/7/1/3/7/3/3/7 3 3,Z,-1.8333333333333333333333333334,2,BLOCK,Z,0.9031799,1.106608
7/2/7/1/3/7/3/7/6 3 3,Z,-2,0,BLOCK,Z,0.7347341,0.8969647
7/2/7/1/3/7/3/7/5 3 3,Z,-2,0,BLOCK,Z,0.3991205,0.6346956
7/2/7/1/3/7/3/7/3 3 3,Z,-2,0,BLOCK,Z,0.3566657,0.72546
7/2/7/1/3/7/7/2/7 3 3,Z,-2,0,BLOCK,Z,0.6410546,0.6932476
7/2/7/1/3/7/7/6/6 3 3,Z,-2.1666666666666666666666666666,2,BLOCK,Z,1.137568,1.139817
7/2/7/5/3/7/7/4/6 3 3,Z,2,0,BLOCK,Z,0.1888653,0.2322743
7/2/7/1/3/7/7/6/5 3 3,Z,-2.1666666666666666666666666666,0,BLOCK,Z,0.7202861,0.77108
7/2/7/5/3/7/7/4/5 3 3,Z,2,0,BLOCK,Z,0.2677441,0.1444982
7/2/7/1/3/7/7/6/3 3 3,Z,-2.1666666666666666666666666666,0,BLOCK,Z,0.5078917,0.8181018
7/2/7/5/3/7/7/4/3 3 3,Z,2,0,BLOCK,Z,0.100157,0.1164482
7/2/7/1/3/7/7/5/6 3 3,Z,-2,0,BLOCK,Z,0.6717661,0.9148373
7/2/7/5/3/7/7/1/6 3 3,Z,-2,0,BLOCK,Z,0.06383239,0.172435
7/2/7/1/3/7/7/5/5 3 3,Z,-2,0,BLOCK,Z,0.889825,1.038615
7/2/7/5/3/7/7/1/5 3 3,Z,-2,0,BLOCK,Z,0.1373609,0.1379956
7/2/7/1/3/7/7/5/3 3 3,Z,-2,2,BLOCK,Z,0.903874,1.141541
7/2/7/5/3/7/7/1/3 3 3,Z,-2,0,BLOCK,Z,0.05093546,0.1294807
7/2/7/1/3/7/7/3/6 3 3,Z,-1.8333333333333333333333333334,0,BLOCK,Z,0.5232311,0.5336094
7/2/7/1/3/7/7/3/5 3 3,Z,-1.8333333333333333333333333334,0,BLOCK,Z,0.4084983,0.5841406
7/2/7/1/3/7/7/3/3 3 3,Z,-1.8333333333333333333333333334,0,BLOCK,Z,0.3696429,0.6607165
7/2/7/1/3/7/7/7/4 3 3,Z,-2,0,BLOCK,Z,0.4638852,0.495032
7/2/7/1/3/7/7/7/2 3 3,Z,-2,0,BLOCK,Z,0.9429709,1.042343
7/2/7/1/3/7/7/7/1 3 3,Z,-2,0,BLOCK,Z,0.4358353,0.6222894
7/2/7/1/7/2/6/7/7 3 3,Z,-2,0,BLOCK,Z,0.1741316,0.8194813
7/2/7/5/7/2/4/7/7 3 3,X,2,2,BLOCK,X,1.428396,0.9786157
7/2/7/1/7/2/5/7/7 3 3,Z,-2,0,BLOCK,Z,0.09107281,0.6589005
7/2/7/5/7/2/1/7/7 3 3,X,-2,0,BLOCK,X,0.7638434,0.7011545
7/2/7/1/7/2/3/7/7 3 3,Z,-2,0,BLOCK,Z,0.4233181,0.7208778
7/2/7/1/7/2/7/6/7 3 3,Z,-2.1666666666666666666666666666,2,BLOCK,Z,1.262281,1.153779
7/2/7/5/7/2/7/4/7 3 3,Z,2,0,BLOCK,Z,0.426353,0.410843
7/2/7/1/7/2/7/5/7 3 3,Z,-2,0,BLOCK,Z,0.1389543,0.6464613
7/2/7/5/7/2/7/1/7 3 3,Z,-2,0,BLOCK,Z,0.4439981,0.3974201
7/2/7/1/7/2/7/3/7 3 3,Z,-1.8333333333333333333333333334,2,BLOCK,Z,1.365945,0.9325442
7/2/7/1/7/2/7/7/6 3 3,Z,-2,2,BLOCK,Z,1.347337,1.34367
7/2/7/1/7/2/7/7/5 3 3,Z,-2,0,BLOCK,Z,0.1031593,0.703584
7/2/7/1/7/2/7/7/3 3 3,Z,-2,0,BLOCK,Z,0.3999721,0.6899278
7/2/7/1/7/6/2/7/7 3 3,Z,-2.1666666666666666666666666666,0,BLOCK,Z,0.3253275,0.797505
7/2/7/5/7/4/2/7/7 3 3,Z,2,0,BLOCK,Z,0.6873217,0.5390568
7/2/7/1/7/6/6/6/7 3 3,Z,-2.3333333333333333333333333334,0,BLOCK,Z,0.1340343,0.4457097
7/2/7/5/7/4/6/6/7 3 3,Z,1.7142857142857142857142857142,0,BLOCK,Z,0.2680481,0.3911107
7/2/7/5/7/6/4/6/7 3 3,X,2,0,BLOCK,X,0.505629,0.6664689
7/2/7/5/7/6/6/4/7 3 3,Z,2,0,BLOCK,Z,0.3981603,0.385326
7/2/7/1/7/6/6/5/7 3 3,Z,-2.1666666666666666666666666666,2,BLOCK,Z,1.475136,1.041265
7/2/7/5/7/4/6/5/7 3 3,Z,2,0,BLOCK,Z,0.3846595,0.4473849
7/2/7/5/7/6/4/5/7 3 3,X,2,0,BLOCK,X,0.3762381,0.6432677
7/2/7/5/7/6/6/1/7 3 3,Z,-2,0,BLOCK,Z,0.4482094,0.4868487
7/2/7/1/7/6/6/3/7 3 3,Z,-2,0,BLOCK,Z,0.4522218,0.4541292
7/2/7/5/7/4/6/3/7 3 3,Z,2.2857142857142857142857142858,0,BLOCK,Z,0.1713386,0.3415968
7/2/7/5/7/6/4/3/7 3 3,X,2,0,BLOCK,X,0.5849165,0.7409533
7/2/7/1/7/6/6/7/6 3 3,Z,-2.1666666666666666666666666666,0,BLOCK,Z,0.6587015,0.6851032
7/2/7/5/7/4/6/7/6 3 3,Z,2,0,BLOCK,Z,0.5411132,0.497564
7/2/7/5/7/6/4/7/6 3 3,X,1.6,0,BLOCK,X,0.2172417,0.419061
7/2/7/1/7/6/6/7/5 3 3,Z,-2.1666666666666666666666666666,0,BLOCK,Z,0.5613481,0.5457084
7/2/7/5/7/4/6/7/5 3 3,Z,2,0,BLOCK,Z,0.4070092,0.4403399
7/2/7/5/7/6/4/7/5 3 3,X,2,0,BLOCK,X,0.3720185,0.4798683
7/2/7/1/7/6/6/7/3 3 3,Z,-2.1666666666666666666666666666,0,BLOCK,Z,0.5835527,0.7424032
7/2/7/5/7/4/6/7/3 3 3,Z,2,0,BLOCK,Z,0.3140944,0.3515997
7/2/7/5/7/6/4/7/3 3 3,X,2.4,0,BLOCK,X,0.4571814,0.5797809
7/2/7/1/7/6/5/6/7 3 3,Z,-2.3333333333333333333333333334,0,BLOCK,Z,0.237302,0.4955092
7/2/7/5/7/4/5/6/7 3 3,Z,1.7142857142857142857142857142,2,BLOCK,Z,1.087108,0.7418771
7/2/7/5/7/6/1/6/7 3 3,X,-2,0,BLOCK,X,0.6081449,0.7318747
7/2/7/5/7/6/5/4/7 3 3,Z,2,0,BLOCK,Z,0.4903282,0.4369955
7/2/7/1/7/6/5/5/7 3 3,Z,-2.1666666666666666666666666666,0,BLOCK,Z,0.1885743,0.412482
7/2/7/5/7/4/5/5/7 3 3,Z,2,0,BLOCK,Z,0.3406078,0.3920933
7/2/7/5/7/6/1/5/7 3 3,X,-2,0,BLOCK,X,0.8574123,0.7065952
7/2/7/5/7/6/5/1/7 3 3,Z,-2,0,BLOCK,Z,0.5713148,0.5543464
7/2/7/1/7/6/5/3/7 3 3,Z,-2,0,BLOCK,Z,0.1756581,0.3936419
7/2/7/5/7/4/5/3/7 3 3,Z,2.2857142857142857142857142858,0,BLOCK,Z,0.1519967,0.2984358
7/2/7/5/7/6/1/3/7 3 3,X,-2,0,BLOCK,X,0.5523117,0.6745186
7/2/7/1/7/6/5/7/6 3 3,Z,-2.1666666666666666666666666666,0,BLOCK,Z,0.6752582,0.6574349
7/2/7/5/7/4/5/7/6 3 3,Z,2,0,BLOCK,Z,0.3202938,0.4366336
7/2/7/5/7/6/1/7/6 3 3,X,-2.4,0,BLOCK,X,0.3534949,0.6550332
7/2/7/1/7/6/5/7/5 3 3,Z,-2.1666666666666666666666666666,2,BLOCK,Z,1.483649,1.105473
7/2/7/5/7/4/5/7/5 3 3,Z,2,0,BLOCK,Z,0.3564477,0.3788522
7/2/7/5/7/6/1/7/5 3 3,X,-2,0,BLOCK,X,0.3641025,0.5250296
7/2/7/1/7/6/5/7/3 3 3,Z,-2.1666666666666666666666666666,0,BLOCK,Z,0.8130572,0.5853289
7/2/7/5/7/4/5/7/3 3 3,Z,2,0,BLOCK,Z,0.3341103,0.1390376
7/2/7/5/7/6/1/7/3 3 3,X,-1.6,2,BLOCK,X,1.282583,0.7992247
7/2/7/1/7/6/3/6/7 3 3,Z,-2.3333333333333333333333333334,0,BLOCK,Z,0.3715332,0.623596
7/2/7/5/7/4/3/6/7 3 3,Z,1.7142857142857142857142857142,2,BLOCK,Z,1.121461,0.8513937
7/2/7/5/7/6/3/4/7 3 3,Z,2,0,BLOCK,Z,0.4286935,0.3686842
3/2/7/5/7/6/3/5/7 3 3,Z,0.5,302,TIMEOUT,Z,0.05619326,0.03142395
7/2/7/1/7/6/3/5/7 3 3,Z,-2.1666666666666666666666666666,0,BLOCK,Z,0.4652925,0.605636
7/2/7/5/7/4/3/5/7 3 3,Z,2,0,BLOCK,Z,0.3562772,0.3222784
7/2/7/5/7/6/3/1/7 3 3,Z,-2,0,BLOCK,Z,1.120224,0.5831367
7/2/7/1/7/6/3/3/7 3 3,Z,-2,2,BLOCK,Z,1.517631,0.9110315
7/2/7/5/7/4/3/3/7 3 3,Z,2.2857142857142857142857142858,0,BLOCK,Z,0.1235547,0.3609222
7/2/7/1/7/6/3/7/6 3 3,Z,-2.1666666666666666666666666666,0,BLOCK,Z,0.5436807,0.5608365
7/2/7/5/7/4/3/7/6 3 3,Z,2,0,BLOCK,Z,0.4058981,0.2559538
7/2/7/1/7/6/3/7/5 3 3,Z,-2.1666666666666666666666666666,0,BLOCK,Z,0.149414,0.5421632
7/2/7/5/7/4/3/7/5 3 3,Z,2,0,BLOCK,Z,0.7133893,0.4819652
7/2/7/1/7/6/3/7/3 3 3,Z,-2.1666666666666666666666666666,2,BLOCK,Z,1.436244,1.327243
7/2/7/5/7/4/3/7/3 3 3,Z,2,0,BLOCK,Z,0.3034967,0.3830807
7/2/7/1/7/6/7/2/7 3 3,Z,-2.1666666666666666666666666666,2,BLOCK,Z,1.472353,0.9856074
7/2/7/5/7/4/7/2/7 3 3,Z,2,0,BLOCK,Z,0.156856,0.3942237
7/2/7/1/7/6/7/6/6 3 3,Z,-2.3333333333333333333333333334,2,BLOCK,Z,1.38755,1.076989
7/2/7/5/7/4/7/6/6 3 3,Z,1.7142857142857142857142857142,0,BLOCK,Z,0.1874743,0.4710716
7/2/7/5/7/6/7/4/6 3 3,Z,2,0,BLOCK,Z,0.5373424,0.4505205
7/2/7/1/7/6/7/6/5 3 3,Z,-2.3333333333333333333333333334,0,BLOCK,Z,0.1732956,0.4870825
7/2/7/5/7/4/7/6/5 3 3,Z,1.7142857142857142857142857142,2,BLOCK,Z,1.149916,0.8626323
7/2/7/5/7/6/7/4/5 3 3,Z,2,2,BLOCK,Z,1.575504,0.9775478
6/2/7/5/7/6/7/6/3 3 3,X,0.5555555555555555555555555556,302,TIMEOUT,Z,0.1663781,0.1093141
7/2/7/1/7/6/7/6/3 3 3,Z,-2.3333333333333333333333333334,0,BLOCK,Z,0.2321279,0.4253277
7/2/7/5/7/4/7/6/3 3 3,Z,1.7142857142857142857142857142,0,BLOCK,Z,0.3327229,0.4429707
7/2/7/5/7/6/7/4/3 3 3,Z,2,0,BLOCK,Z,0.4239169,0.4294768
7/2/7/1/7/6/7/5/6 3 3,Z,-2.1666666666666666666666666666,0,BLOCK,Z,0.1487297,0.5394558
7/2/7/5/7/4/7/5/6 3 3,Z,2,2,BLOCK,Z,1.205435,0.8490021
7/2/7/5/7/6/7/1/6 3 3,Z,-2,0,BLOCK,Z,0.133317,0.2613603
7/2/7/1/7/6/7/5/5 3 3,Z,-2.1666666666666666666666666666,0,BLOCK,Z,0.3314791,0.4983887
7/2/7/5/7/4/7/5/5 3 3,Z,2,0,BLOCK,Z,0.468284,0.4025589
7/2/7/5/7/6/7/1/5 3 3,Z,-2,2,BLOCK,Z,1.539388,0.9259088
7/2/7/1/7/6/7/5/3 3 3,Z,-2.1666666666666666666666666666,0,BLOCK,Z,0.4058439,0.5306327
7/2/7/5/7/4/7/5/3 3 3,Z,2,0,BLOCK,Z,0.326308,0.2567454
7/2/7/5/7/6/7/1/3 3 3,Z,-2,0,BLOCK,Z,0.1050968,0.1334327
7/2/7/1/7/6/7/3/6 3 3,Z,-2,0,BLOCK,Z,0.2750194,0.3946583
7/2/7/5/7/4/7/3/6 3 3,Z,2.2857142857142857142857142858,0,BLOCK,Z,0.1840261,0.3263632
7/2/7/1/7/6/7/3/5 3 3,Z,-2,0,BLOCK,Z,0.5046504,0.4249576
7/2/7/5/7/4/7/3/5 3 3,Z,2.2857142857142857142857142858,0,BLOCK,Z,0.2575643,0.240414
7/2/7/1/7/6/7/3/3 3 3,Z,-2,0,BLOCK,Z,0.5051399,0.7681578
7/2/7/5/7/4/7/3/3 3 3,Z,2.2857142857142857142857142858,0,BLOCK,Z,0.4780566,0.4893613
5/2/7/5/7/6/7/7/4 3 3,Z,0.5,302,TIMEOUT,Z,0.02917799,0.01853753
7/2/7/1/7/6/7/7/4 3 3,Z,-2.1666666666666666666666666666,0,BLOCK,Z,0.2504356,0.3989383
7/2/7/5/7/4/7/7/4 3 3,Z,2,0,BLOCK,Z,0.4930559,0.5273619
7/2/7/1/7/6/7/7/2 3 3,Z,-2.1666666666666666666666666666,0,BLOCK,Z,0.4316283,0.5999008
7/2/7/5/7/4/7/7/2 3 3,Z,2,0,BLOCK,Z,0.4864086,0.4486178
7/2/7/1/7/6/7/7/1 3 3,Z,-2.1666666666666666666666666666,0,BLOCK,Z,0.6005961,0.6013996
7/2/7/5/7/4/7/7/1 3 3,Z,2,0,BLOCK,Z,0.5312406,0.509636
7/2/7/1/7/5/2/7/7 3 3,Z,-2,0,BLOCK,Z,0.8302093,1.081889
7/2/7/5/7/1/2/7/7 3 3,Z,-2,2,BLOCK,Z,1.221643,0.9014857
7/2/7/1/7/5/6/6/7 3 3,Z,-2.1666666666666666666666666666,0,BLOCK,Z,0.4995726,0.6776052
7/2/7/5/7/1/6/6/7 3 3,Z,-2.2857142857142857142857142858,0,BLOCK,Z,0.2002953,0.3619325
7/2/7/5/7/5/4/6/7 3 3,X,2,0,BLOCK,X,1.231467,0.9029231
7/2/7/5/7/5/6/4/7 3 3,Z,2,0,BLOCK,Z,0.8559426,0.6323842
7/2/7/1/7/5/6/5/7 3 3,Z,-2,2,BLOCK,Z,0.8548052,1.17322
7/2/7/5/7/1/6/5/7 3 3,Z,-2,0,BLOCK,Z,0.4013434,0.3304943
7/2/7/5/7/5/4/5/7 3 3,X,2,0,BLOCK,X,0.6349357,0.6735874
7/2/7/5/7/5/6/1/7 3 3,Z,-2,0,BLOCK,Z,0.3434129,0.3996102
7/2/7/1/7/5/6/3/7 3 3,Z,-1.8333333333333333333333333334,0,BLOCK,Z,0.5088891,0.7169108
7/2/7/5/7/1/6/3/7 3 3,Z,-1.7142857142857142857142857142,0,BLOCK,Z,0.3313577,0.3849682
7/2/7/5/7/5/4/3/7 3 3,X,2,0,BLOCK,X,1.233824,0.8668871
7/2/7/1/7/5/6/7/6 3 3,Z,-2,0,BLOCK,Z,0.5002289,0.6648738
7/2/7/5/7/1/6/7/6 3 3,Z,-2,0,BLOCK,Z,0.3877903,0.3530466
7/2/7/5/7/5/4/7/6 3 3,X,1.6,0,BLOCK,X,1.01418,0.8553604
7/2/7/1/7/5/6/7/5 3 3,Z,-2,2,BLOCK,Z,0.9515967,1.054206
7/2/7/5/7/1/6/7/5 3 3,Z,-2,0,BLOCK,Z,0.3638711,0.3194696
7/2/7/5/7/5/4/7/5 3 3,X,2,0,BLOCK,X,0.5266116,0.6470762
7/2/7/1/7/5/6/7/3 3 3,Z,-2,0,BLOCK,Z,0.4905764,0.5086613
7/2/7/5/7/1/6/7/3 3 3,Z,-2,0,BLOCK,Z,0.5097175,0.4258978
7/2/7/5/7/5/4/7/3 3 3,X,2.4,0,BLOCK,X,0.4884137,0.7054801
7/2/7/1/7/5/5/6/7 3 3,Z,-2.1666666666666666666666666666,0,BLOCK,Z,0.5439423,0.6648893
7/2/7/5/7/1/5/6/7 3 3,Z,-2.2857142857142857142857142858,0,BLOCK,Z,0.2787488,0.4048669
7/2/7/5/7/5/1/6/7 3 3,X,-2,0,BLOCK,X,1.215281,0.8139432
7/2/7/5/7/5/5/4/7 3 3,Z,2,0,BLOCK,Z,0.4158439,0.4374333
7/2/7/1/7/5/5/5/7 3 3,Z,-2,0,BLOCK,Z,0.3489686,0.6715916
7/2/7/5/7/1/5/5/7 3 3,Z,-2,0,BLOCK,Z,0.3494617,0.2968458
7/2/7/5/7/5/1/5/7 3 3,X,-2,0,BLOCK,X,0.4254824,0.5745335
7/2/7/5/7/5/5/1/7 3 3,Z,-2,0,BLOCK,Z,0.4958934,0.5559728
7/2/7/1/7/5/5/3/7 3 3,Z,-1.8333333333333333333333333334,0,BLOCK,Z,0.6460184,0.771822
7/2/7/5/7/1/5/3/7 3 3,Z,-1.7142857142857142857142857142,2,BLOCK,Z,1.125882,0.9050116
7/2/7/5/7/5/1/3/7 3 3,X,-2,0,BLOCK,X,1.210259,0.8412641
7/2/7/1/7/5/5/7/6 3 3,Z,-2,0,BLOCK,Z,0.4155013,0.7484313
7/2/7/5/7/1/5/7/6 3 3,Z,-2,0,BLOCK,Z,0.5092186,0.4828178
7/2/7/5/7/5/1/7/6 3 3,X,-2.4,0,BLOCK,X,0.3496113,0.6037332
7/2/7/1/7/5/5/7/5 3 3,Z,-2,2,BLOCK,Z,0.9439895,1.007511
7/2/7/5/7/1/5/7/5 3 3,Z,-2,0,BLOCK,Z,0.518158,0.4331197
7/2/7/5/7/5/1/7/5 3 3,X,-2,0,BLOCK,X,0.5344478,0.6427715
7/2/7/1/7/5/5/7/3 3 3,Z,-2,0,BLOCK,Z,0.5692969,0.8434065
7/2/7/5/7/1/5/7/3 3 3,Z,-2,0,BLOCK,Z,0.3742641,0.2823396
7/2/7/5/7/5/1/7/3 3 3,X,-1.6,2,BLOCK,X,1.243501,0.7673299
7/2/7/1/7/5/3/6/7 3 3,Z,-2.1666666666666666666666666666,0,BLOCK,Z,0.3978567,0.5982284
7/2/7/5/7/1/3/6/7 3 3,Z,-2.2857142857142857142857142858,0,BLOCK,Z,0.3150179,0.4001341
7/2/7/5/7/5/3/4/7 3 3,Z,2,0,BLOCK,Z,0.7861415,0.4597324
7/2/7/1/7/5/3/5/7 3 3,Z,-2,0,BLOCK,Z,0.7374561,0.9548438
7/2/7/5/7/1/3/5/7 3 3,Z,-2,0,BLOCK,Z,0.2896005,0.3829057
7/2/7/5/7/5/3/1/7 3 3,Z,-2,0,BLOCK,Z,0.3734549,0.3840805
7/2/7/1/7/5/3/3/7 3 3,Z,-1.8333333333333333333333333334,0,BLOCK,Z,0.4135455,0.557807
7/2/7/5/7/1/3/3/7 3 3,Z,-1.7142857142857142857142857142,0,BLOCK,Z,0.3176436,0.5442038
7/2/7/1/7/5/3/7/6 3 3,Z,-2,0,BLOCK,Z,0.5428533,0.7884395
7/2/7/5/7/1/3/7/6 3 3,Z,-2,0,BLOCK,Z,0.3422135,0.5079966
7/2/7/1/7/5/3/7/5 3 3,Z,-2,0,BLOCK,Z,0.8397142,0.9680411
7/2/7/5/7/1/3/7/5 3 3,Z,-2,0,BLOCK,Z,0.4207831,0.5105817
7/2/7/1/7/5/3/7/3 3 3,Z,-2,0,BLOCK,Z,0.3487944,0.6022412
7/2/7/5/7/1/3/7/3 3 3,Z,-2,0,BLOCK,Z,0.761552,0.5049946
7/2/7/1/7/5/7/2/7 3 3,Z,-2,2,BLOCK,Z,0.9001318,1.053814
7/2/7/5/7/1/7/2/7 3 3,Z,-2,0,BLOCK,Z,0.1147245,0.3375759
7/2/7/1/7/5/7/6/6 3 3,Z,-2.1666666666666666666666666666,0,BLOCK,Z,0.55586,0.6166754
7/2/7/5/7/1/7/6/6 3 3,Z,-2.2857142857142857142857142858,0,BLOCK,Z,0.353151,0.4496422
7/2/7/5/7/5/7/4/6 3 3,Z,2,0,BLOCK,Z,0.1145342,0.05447341
7/2/7/1/7/5/7/6/5 3 3,Z,-2.1666666666666666666666666666,0,BLOCK,Z,0.6512046,0.7682527
7/2/7/5/7/1/7/6/5 3 3,Z,-2.2857142857142857142857142858,0,BLOCK,Z,0.4736324,0.5247353
7/2/7/5/7/5/7/4/5 3 3,Z,2,0,BLOCK,Z,0.08845837,0.02073977
3/2/7/5/7/5/7/6/3 3 3,Z,0.5,302,TIMEOUT,Z,0.09877336,0.05390181
7/2/6/5/7/5/7/6/3 3 3,X,0.5714285714285714285714285714,302,TIMEOUT,Z,0.0111122,0.007634935
7/2/7/1/7/5/7/6/3 3 3,Z,-2.1666666666666666666666666666,0,BLOCK,Z,0.5626082,0.589945
7/2/7/5/7/1/7/6/3 3 3,Z,-2.2857142857142857142857142858,0,BLOCK,Z,0.5776186,0.510185
7/2/7/5/7/5/7/4/3 3 3,Z,2,0,BLOCK,Z,0.06511436,0.1534364
7/2/7/1/7/5/7/5/6 3 3,Z,-2,2,BLOCK,Z,0.8978543,0.9601792
7/2/7/5/7/1/7/5/6 3 3,Z,-2,0,BLOCK,Z,0.3327934,0.4170173
7/2/7/5/7/5/7/1/6 3 3,Z,-2,0,BLOCK,Z,0.04396977,0.1022945
7/2/7/1/7/5/7/5/5 3 3,Z,-2,0,BLOCK,Z,0.8157459,0.9679704
7/2/7/5/7/1/7/5/5 3 3,Z,-2,0,BLOCK,Z,0.5310622,0.3967236
7/2/7/5/7/5/7/1/5 3 3,Z,-2,0,BLOCK,Z,0.1729015,0.04544207
7/2/7/1/7/5/7/5/3 3 3,Z,-2,0,BLOCK,Z,0.5568201,0.7090543
7/2/7/5/7/1/7/5/3 3 3,Z,-2,0,BLOCK,Z,0.3969504,0.3963856
7/2/7/5/7/5/7/1/3 3 3,Z,-2,0,BLOCK,Z,0.08915006,0.07761111
7/2/7/1/7/5/7/3/6 3 3,Z,-1.8333333333333333333333333334,0,BLOCK,Z,0.4937668,0.5963081
7/2/7/5/7/1/7/3/6 3 3,Z,-1.7142857142857142857142857142,0,BLOCK,Z,0.04732255,0.3111714
7/2/7/1/7/5/7/3/5 3 3,Z,-1.8333333333333333333333333334,0,BLOCK,Z,0.4278314,0.5596498
7/2/7/5/7/1/7/3/5 3 3,Z,-1.7142857142857142857142857142,0,BLOCK,Z,0.09755529,0.4401613
7/2/7/1/7/5/7/3/3 3 3,Z,-1.8333333333333333333333333334,0,BLOCK,Z,0.5111209,0.6562068
7/2/7/5/7/1/7/3/3 3 3,Z,-1.7142857142857142857142857142,0,BLOCK,Z,0.2894988,0.4387453
7/2/7/1/7/5/7/7/4 3 3,Z,-2,0,BLOCK,Z,0.4730729,0.5839922
7/2/7/5/7/1/7/7/4 3 3,Z,-2,0,BLOCK,Z,0.393368,0.4764174
7/2/7/1/7/5/7/7/2 3 3,Z,-2,2,BLOCK,Z,0.9897256,0.9996617
7/2/7/5/7/1/7/7/2 3 3,Z,-2,0,BLOCK,Z,0.4224785,0.4177127
7/2/7/1/7/5/7/7/1 3 3,Z,-2,0,BLOCK,Z,0.5774376,0.7996514
7/2/7/5/7/1/7/7/1 3 3,Z,-2,0,BLOCK,Z,0.799799,0.5859124
7/2/7/1/7/3/2/7/7 3 3,Z,-1.8333333333333333333333333334,0,BLOCK,Z,0.3628105,0.7705383
7/2/7/1/7/3/6/6/7 3 3,Z,-2,0,BLOCK,Z,0.1280366,0.73329
7/2/7/5/7/3/4/6/7 3 3,X,2,0,BLOCK,X,0.4439214,0.620807
7/2/7/5/7/3/6/4/7 3 3,Z,2,0,BLOCK,Z,0.478558,0.4865796
7/2/7/1/7/3/6/5/7 3 3,Z,-1.8333333333333333333333333334,0,BLOCK,Z,0.07069106,0.617323
7/2/7/5/7/3/4/5/7 3 3,X,2,0,BLOCK,X,0.9722803,0.7955967
7/2/7/5/7/3/6/1/7 3 3,Z,-2,0,BLOCK,Z,0.5081596,0.4371552
7/2/7/1/7/3/6/3/7 3 3,Z,-1.6666666666666666666666666666,0,BLOCK,Z,0.2713369,0.8193452
7/2/7/5/7/3/4/3/7 3 3,X,2,0,BLOCK,X,0.420137,0.6621909
7/2/7/1/7/3/6/7/6 3 3,Z,-1.8333333333333333333333333334,0,BLOCK,Z,0.2436641,0.7625304
7/2/7/5/7/3/4/7/6 3 3,X,1.6,0,BLOCK,X,0.2845209,0.4295096
7/2/7/1/7/3/6/7/5 3 3,Z,-1.8333333333333333333333333334,0,BLOCK,Z,0.1675796,0.8198825
7/2/7/5/7/3/4/7/5 3 3,X,2,0,BLOCK,X,0.3809369,0.4503942
7/2/7/1/7/3/6/7/3 3 3,Z,-1.8333333333333333333333333334,0,BLOCK,Z,0.5318878,0.8380467
7/2/7/5/7/3/4/7/3 3 3,X,2.4,0,BLOCK,X,0.3649367,0.6690581
7/2/7/1/7/3/5/6/7 3 3,Z,-2,0,BLOCK,Z,0.2016504,0.6172657
7/2/7/5/7/3/1/6/7 3 3,X,-2,0,BLOCK,X,0.5019348,0.532781
7/2/7/5/7/3/5/4/7 3 3,Z,2,0,BLOCK,Z,0.5775079,0.5261667
6/2/7/5/7/3/5/5/7 3 3,X,0.5,302,TIMEOUT,Z,0.124276,0.08460245
7/2/7/1/7/3/5/5/7 3 3,Z,-1.8333333333333333333333333334,0,BLOCK,Z,0.2588341,0.7698008
7/2/7/5/7/3/1/5/7 3 3,X,-2,2,BLOCK,X,1.363037,0.9944629
7/2/7/5/7/3/5/1/7 3 3,Z,-2,0,BLOCK,Z,0.486818,0.4282915
7/2/7/1/7/3/5/3/7 3 3,Z,-1.6666666666666666666666666666,0,BLOCK,Z,0.4966918,0.8077813
7/2/7/5/7/3/1/3/7 3 3,X,-2,2,BLOCK,X,1.358279,0.8497753
7/2/7/1/7/3/5/7/6 3 3,Z,-1.8333333333333333333333333334,0,BLOCK,Z,0.5326127,0.8604882
7/2/7/5/7/3/1/7/6 3 3,X,-2.4,0,BLOCK,X,0.4890409,0.6373051
7/2/7/1/7/3/5/7/5 3 3,Z,-1.8333333333333333333333333334,0,BLOCK,Z,0.2265846,0.6941767
7/2/7/5/7/3/1/7/5 3 3,X,-2,0,BLOCK,X,0.3784455,0.5862671
6/2/7/5/7/3/5/7/3 3 3,X,0.5555555555555555555555555556,302,TIMEOUT,Z,0.1125957,0.08085695
7/2/7/1/7/3/5/7/3 3 3,Z,-1.8333333333333333333333333334,0,BLOCK,Z,0.3289022,0.7319179
7/2/7/5/7/3/1/7/3 3 3,X,-1.6,2,BLOCK,X,1.249552,0.8370541
7/2/7/1/7/3/3/6/7 3 3,Z,-2,0,BLOCK,Z,0.1932718,0.696982
7/2/7/5/7/3/3/4/7 3 3,Z,2,0,BLOCK,Z,0.6796588,0.6916882
7/2/7/1/7/3/3/5/7 3 3,Z,-1.8333333333333333333333333334,0,BLOCK,Z,0.2690429,0.7267627
7/2/7/5/7/3/3/1/7 3 3,Z,-2,0,BLOCK,Z,0.3386928,0.2798516
7/2/7/1/7/3/3/3/7 3 3,Z,-1.6666666666666666666666666666,0,BLOCK,Z,0.4515442,0.938486
7/2/7/1/7/3/3/7/6 3 3,Z,-1.8333333333333333333333333334,0,BLOCK,Z,0.09744067,0.6127666
7/2/7/1/7/3/3/7/5 3 3,Z,-1.8333333333333333333333333334,2,BLOCK,Z,0.8760799,1.092482
7/2/7/1/7/3/3/7/3 3 3,Z,-1.8333333333333333333333333334,0,BLOCK,Z,0.1434987,0.5777326
7/2/7/1/7/3/7/2/7 3 3,Z,-1.8333333333333333333333333334,0,BLOCK,Z,0.5551407,0.8192903
7/2/7/1/7/3/7/6/6 3 3,Z,-2,0,BLOCK,Z,0.9926867,1.029737
7/2/7/5/7/3/7/4/6 3 3,Z,2,0,BLOCK,Z,0.09948651,0.1552027
7/2/7/1/7/3/7/6/5 3 3,Z,-2,0,BLOCK,Z,0.1972045,0.7309489
7/2/7/5/7/3/7/4/5 3 3,Z,2,0,BLOCK,Z,0.1240174,0.1024141
7/2/7/1/7/3/7/6/3 3 3,Z,-2,0,BLOCK,Z,0.2627362,0.7264504
7/2/7/5/7/3/7/4/3 3 3,Z,2,0,BLOCK,Z,0.1543896,0.1148551
7/2/7/1/7/3/7/5/6 3 3,Z,-1.8333333333333333333333333334,2,BLOCK,Z,0.8744443,1.003082
7/2/7/5/7/3/7/1/6 3 3,Z,-2,0,BLOCK,Z,0.4110615,0.4105547
7/2/7/1/7/3/7/5/5 3 3,Z,-1.8333333333333333333333333334,0,BLOCK,Z,0.2222692,0.6051662
7/2/7/5/7/3/7/1/5 3 3,Z,-2,0,BLOCK,Z,0.3141221,0.1989162
6/2/7/5/7/3/7/5/3 3 3,X,0.5555555555555555555555555556,302,TIMEOUT,Z,0.1113914,0.08684997
7/2/7/1/7/3/7/5/3 3 3,Z,-1.8333333333333333333333333334,2,BLOCK,Z,0.9477918,1.058475
7/2/7/5/7/3/7/1/3 3 3,Z,-2,0,BLOCK,Z,0.4256755,0.3841119
7/2/7/1/7/3/7/3/6 3 3,Z,-1.6666666666666666666666666666,0,BLOCK,Z,0.4786829,0.782047
7/2/7/1/7/3/7/3/5 3 3,Z,-1.6666666666666666666666666666,0,BLOCK,Z,0.5164816,0.8657017
7/2/7/1/7/3/7/3/3 3 3,Z,-1.6666666666666666666666666666,0,BLOCK,Z,0.3108474,0.7930597
7/2/7/1/7/3/7/7/4 3 3,Z,-1.8333333333333333333333333334,2,BLOCK,Z,0.9137246,0.9847949
7/2/7/1/7/3/7/7/2 3 3,Z,-1.8333333333333333333333333334,2,BLOCK,Z,0.9274811,1.022544
7/2/7/1/7/3/7/7/1 3 3,Z,-1.8333333333333333333333333334,0,BLOCK,Z,0.487374,0.824737
3/2/7/5/7/7/2/6/7 3 3,X,-0.5,302,TIMEOUT,Z,0.09496479,0.06261088
7/2/7/1/7/7/2/6/7 3 3,Z,-2.1666666666666666666666666666,0,BLOCK,Z,0.383078,0.6365511
7/2/7/5/7/7/2/4/7 3 3,Z,2,0,BLOCK,Z,0.8985611,0.4839532
7/2/7/1/7/7/2/5/7 3 3,Z,-2,0,BLOCK,Z,0.3735825,0.7711188
7/2/7/5/7/7/2/1/7 3 3,Z,-2,0,BLOCK,Z,0.8933482,0.5485279
7/2/7/1/7/7/2/3/7 3 3,Z,-1.8333333333333333333333333334,2,BLOCK,Z,0.8384236,0.9528285
7/2/7/1/7/7/2/7/6 3 3,Z,-2,0,BLOCK,Z,0.4139453,0.5602129
7/2/7/1/7/7/2/7/5 3 3,Z,-2,0,BLOCK,Z,0.7456204,0.9538364
7/2/7/1/7/7/2/7/3 3 3,Z,-2,0,BLOCK,Z,0.39807,0.5454704
7/2/7/1/7/7/6/2/7 3 3,Z,-2,0,BLOCK,Z,0.8326834,0.9507868
7/2/7/5/7/7/4/2/7 3 3,X,2,0,BLOCK,X,0.4896618,0.6689515
7/2/7/1/7/7/6/6/6 3 3,Z,-2.1666666666666666666666666666,2,BLOCK,Z,1.000831,1.00334
7/2/7/5/7/7/4/6/6 3 3,X,1.5,0,BLOCK,X,0.282198,0.3665254
7/2/7/5/7/7/6/4/6 3 3,Z,2,0,BLOCK,Z,0.1248949,0.113196
7/2/7/1/7/7/6/6/5 3 3,Z,-2.1666666666666666666666666666,0,BLOCK,Z,0.5922889,0.5893593
7/2/7/5/7/7/4/6/5 3 3,X,2,0,BLOCK,X,0.6093385,0.675826
7/2/7/5/7/7/6/4/5 3 3,Z,2,0,BLOCK,Z,1.704155,1.103303
7/2/7/1/7/7/6/6/3 3 3,Z,-2.1666666666666666666666666666,0,BLOCK,Z,0.5865039,0.5881355
7/2/7/5/7/7/4/6/3 3 3,X,2.5,0,BLOCK,X,0.4306086,0.695161
7/2/7/5/7/7/6/4/3 3 3,Z,2,0,BLOCK,Z,1.809127,1.020715
7/2/7/1/7/7/6/5/6 3 3,Z,-2,0,BLOCK,Z,0.4296419,0.5851166
7/2/7/5/7/7/4/5/6 3 3,X,1.5,0,BLOCK,X,0.2443383,0.4171538
7/2/7/5/7/7/6/1/6 3 3,Z,-2,0,BLOCK,Z,0.07041597,0.1039058
7/2/7/1/7/7/6/5/5 3 3,Z,-2,0,BLOCK,Z,0.3676179,0.5335478
7/2/7/5/7/7/4/5/5 3 3,X,2,0,BLOCK,X,0.3601315,0.5669861
7/2/7/5/7/7/6/1/5 3 3,Z,-2,0,BLOCK,Z,0.1399966,0.1474445
7/2/7/1/7/7/6/5/3 3 3,Z,-2,0,BLOCK,Z,0.6332657,0.7284678
7/2/7/5/7/7/4/5/3 3 3,X,2.5,0,BLOCK,X,0.4489733,0.6710209
7/2/7/5/7/7/6/1/3 3 3,Z,-2,0,BLOCK,Z,0.1215043,0.180088
7/2/7/1/7/7/6/3/6 3 3,Z,-1.8333333333333333333333333334,0,BLOCK,Z,0.7961919,0.9188942
7/2/7/5/7/7/4/3/6 3 3,X,1.5,0,BLOCK,X,0.5356686,0.6061759
7/2/7/1/7/7/6/3/5 3 3,Z,-1.8333333333333333333333333334,0,BLOCK,Z,0.3439474,0.5908876
7/2/7/5/7/7/4/3/5 3 3,X,2,0,BLOCK,X,0.3345938,0.4811807
7/2/7/1/7/7/6/3/3 3 3,Z,-1.8333333333333333333333333334,0,BLOCK,Z,0.6478909,0.7714588
7/2/7/5/7/7/4/3/3 3 3,X,2.5,2,BLOCK,X,1.633852,0.9991803
7/2/7/1/7/7/6/7/4 3 3,Z,-2,2,BLOCK,Z,0.970962,1.041972
7/2/7/5/7/7/4/7/4 3 3,X,1.5,0,BLOCK,X,0.2329439,0.3975578
7/2/7/1/7/7/6/7/2 3 3,Z,-2,0,BLOCK,Z,0.4000416,0.514138
7/2/7/5/7/7/4/7/2 3 3,X,2,2,BLOCK,X,1.589293,0.9663482
7/2/7/1/7/7/6/7/1 3 3,Z,-2,0,BLOCK,Z,0.7729115,0.8285627
7/2/7/5/7/7/4/7/1 3 3,X,2.5,0,BLOCK,X,0.3365618,0.5729634
7/2/7/1/7/7/5/2/7 3 3,Z,-2,0,BLOCK,Z,0.4509071,0.5789405
7/2/7/5/7/7/1/2/7 3 3,X,-2,0,BLOCK,X,0.372088,0.6168884
7/2/7/1/7/7/5/6/6 3 3,Z,-2.1666666666666666666666666666,0,BLOCK,Z,0.3631983,0.6030437
7/2/7/5/7/7/1/6/6 3 3,X,-2.5,0,BLOCK,X,0.3956509,0.6617789
7/2/7/5/7/7/5/4/6 3 3,Z,2,0,BLOCK,Z,1.448777,0.9004967
7/2/7/1/7/7/5/6/5 3 3,Z,-2.1666666666666666666666666666,0,BLOCK,Z,0.8606451,0.8792757
7/2/7/5/7/7/1/6/5 3 3,X,-2,0,BLOCK,X,0.3740072,0.5226604
7/2/7/5/7/7/5/4/5 3 3,Z,2,2,BLOCK,Z,1.638867,1.022292
7/2/7/1/7/7/5/6/3 3 3,Z,-2.1666666666666666666666666666,0,BLOCK,Z,0.5230765,0.8425118
7/2/7/5/7/7/1/6/3 3 3,X,-1.5,0,BLOCK,X,0.3663183,0.5088255
7/2/7/5/7/7/5/4/3 3 3,Z,2,0,BLOCK,Z,0.1027491,0.2037271
7/2/7/1/7/7/5/5/6 3 3,Z,-2,0,BLOCK,Z,0.6620757,0.7658603
7/2/7/5/7/7/1/5/6 3 3,X,-2.5,0,BLOCK,X,0.4647723,0.7193493
7/2/7/5/7/7/5/1/6 3 3,Z,-2,0,BLOCK,Z,1.608873,0.9714615
7/2/7/1/7/7/5/5/5 3 3,Z,-2,0,BLOCK,Z,0.5595942,0.6255882
7/2/7/5/7/7/1/5/5 3 3,X,-2,0,BLOCK,X,0.4063787,0.560124
7/2/7/5/7/7/5/1/5 3 3,Z,-2,2,BLOCK,Z,1.650281,1.019483
7/2/7/1/7/7/5/5/3 3 3,Z,-2,0,BLOCK,Z,0.4226294,0.6442462
7/2/7/5/7/7/1/5/3 3 3,X,-1.5,0,BLOCK,X,0.3558834,0.4980631
7/2/7/5/7/7/5/1/3 3 3,Z,-2,0,BLOCK,Z,0.1032616,0.1352672
7/2/7/1/7/7/5/3/6 3 3,Z,-1.8333333333333333333333333334,0,BLOCK,Z,0.4422953,0.4743513
7/2/7/5/7/7/1/3/6 3 3,X,-2.5,0,BLOCK,X,0.4063304,0.6511552
7/2/7/1/7/7/5/3/5 3 3,Z,-1.8333333333333333333333333334,0,BLOCK,Z,0.4327751,0.6597474
7/2/7/5/7/7/1/3/5 3 3,X,-2,2,BLOCK,X,1.320971,0.8027701
7/2/7/1/7/7/5/3/3 3 3,Z,-1.8333333333333333333333333334,0,BLOCK,Z,0.5508109,0.755206
7/2/7/5/7/7/1/3/3 3 3,X,-1.5,2,BLOCK,X,1.193984,0.7169309
7/2/7/1/7/7/5/7/4 3 3,Z,-2,0,BLOCK,Z,0.474504,0.5737491
7/2/7/5/7/7/1/7/4 3 3,X,-2.5,0,BLOCK,X,0.3521448,0.5527973
7/2/7/1/7/7/5/7/2 3 3,Z,-2,0,BLOCK,Z,0.5210752,0.6136575
7/2/7/5/7/7/1/7/2 3 3,X,-2,0,BLOCK,X,0.402515,0.5938082
7/2/7/1/7/7/5/7/1 3 3,Z,-2,0,BLOCK,Z,0.3515737,0.6039196
7/2/7/5/7/7/1/7/1 3 3,X,-1.5,0,BLOCK,X,0.2353036,0.3330919
7/2/7/1/7/7/3/2/7 3 3,Z,-2,0,BLOCK,Z,0.4747767,0.6475335
7/2/7/1/7/7/3/6/6 3 3,Z,-2.1666666666666666666666666666,0,BLOCK,Z,0.6914133,0.6299328
7/2/7/5/7/7/3/4/6 3 3,Z,2,0,BLOCK,Z,1.728826,1.048211
7/2/7/1/7/7/3/6/5 3 3,Z,-2.1666666666666666666666666666,2,BLOCK,Z,1.016661,0.9964159
7/2/7/5/7/7/3/4/5 3 3,Z,2,2,BLOCK,Z,1.646893,1.040438
7/2/7/1/7/7/3/6/3 3 3,Z,-2.1666666666666666666666666666,0,BLOCK,Z,0.6425939,0.7990066
7/2/7/5/7/7/3/4/3 3 3,Z,2,0,BLOCK,Z,0.04289006,0.1042565
7/2/7/1/7/7/3/5/6 3 3,Z,-2,0,BLOCK,Z,0.6227002,0.7506903
7/2/7/5/7/7/3/1/6 3 3,Z,-2,0,BLOCK,Z,1.790648,1.053111
7/2/7/1/7/7/3/5/5 3 3,Z,-2,0,BLOCK,Z,0.4969874,0.7122221
7/2/7/5/7/7/3/1/5 3 3,Z,-2,0,BLOCK,Z,1.581938,1.01316
7/2/7/1/7/7/3/5/3 3 3,Z,-2,0,BLOCK,Z,0.5659024,0.7193169
7/2/7/5/7/7/3/1/3 3 3,Z,-2,0,BLOCK,Z,0.07478753,0.1045775
7/2/7/1/7/7/3/3/6 3 3,Z,-1.8333333333333333333333333334,0,BLOCK,Z,0.4746193,0.6406847
7/2/7/1/7/7/3/3/5 3 3,Z,-1.8333333333333333333333333334,0,BLOCK,Z,0.6359556,0.8591491
7/2/7/1/7/7/3/3/3 3 3,Z,-1.8333333333333333333333333334,0,BLOCK,Z,0.6019431,0.6369781
7/2/7/1/7/7/3/7/4 3 3,Z,-2,0,BLOCK,Z,0.3444366,0.5802279
7/2/7/1/7/7/3/7/2 3 3,Z,-2,0,BLOCK,Z,0.3433713,0.5159898
7/2/7/1/7/7/3/7/1 3 3,Z,-2,0,BLOCK,Z,0.5653216,0.7548727
7/2/7/1/7/7/7/2/6 3 3,Z,-2,2,BLOCK,Z,1.116175,0.9886746
7/2/7/1/7/7/7/2/5 3 3,Z,-2,0,BLOCK,Z,0.579872,0.676687
7/2/7/1/7/7/7/2/3 3 3,Z,-2,0,BLOCK,Z,0.9553805,1.018697
7/2/7/1/7/7/7/6/4 3 3,Z,-2.1666666666666666666666666666,0,BLOCK,Z,0.5763696,0.5819741
7/2/7/5/7/7/7/4/4 3 3,Z,2,0,BLOCK,Z,0.02741968,0.06151424
7/2/7/1/7/7/7/6/2 3 3,Z,-2.1666666666666666666666666666,2,BLOCK,Z,1.076539,1.016423
7/2/7/5/7/7/7/4/2 3 3,Z,2,0,BLOCK,Z,0.07411351,0.1092089
7/2/7/1/7/7/7/6/1 3 3,Z,-2.1666666666666666666666666666,0,BLOCK,Z,0.7924551,0.7011224
7/2/7/5/7/7/7/4/1 3 3,Z,2,0,BLOCK,Z,0.08704058,0.0556729
7/2/7/1/7/7/7/5/4 3 3,Z,-2,0,BLOCK,Z,0.7264482,0.6429079
7/2/7/5/7/7/7/1/4 3 3,Z,-2,0,BLOCK,Z,0.08909541,0.1622156
7/2/7/1/7/7/7/5/2 3 3,Z,-2,2,BLOCK,Z,0.9666027,0.9371578
7/2/7/5/7/7/7/1/2 3 3,Z,-2,0,BLOCK,Z,0.01189296,0.06506409
7/2/7/1/7/7/7/5/1 3 3,Z,-2,0,BLOCK,Z,0.4049642,0.4992231
7/2/7/5/7/7/7/1/1 3 3,Z,-2,0,BLOCK,Z,0.08950814,0.07747387
7/2/7/1/7/7/7/3/4 3 3,Z,-1.8333333333333333333333333334,2,BLOCK,Z,1.00682,0.9876835
6/2/7/5/7/7/7/3/2 3 3,X,0.5,302,TIMEOUT,Z,0.1229261,0.08714229
7/2/7/1/7/7/7/3/2 3 3,Z,-1.8333333333333333333333333334,0,BLOCK,Z,0.438452,0.5127209
7/2/7/1/7/7/7/3/1 3 3,Z,-1.8333333333333333333333333334,2,BLOCK,Z,1.055659,0.9637728
7/2/7/3/2/4/7/7/7 3 3,Z,2,0,BLOCK,Z,1.166497,1.067355
7/2/7/3/2/1/7/7/7 3 3,Z,-2,0,BLOCK,Z,1.246649,1.004975
7/2/7/3/2/7/4/7/7 3 3,X,2,0,BLOCK,X,0.776952,0.6424057
7/2/7/3/2/7/1/7/7 3 3,X,-2,0,BLOCK,X,0.713965,0.5102836
7/2/7/3/2/7/7/4/7 3 3,Z,2,2,BLOCK,Z,1.601822,0.9209675
6/2/7/3/2/7/7/5/7 3 3,X,0.5,302,TIMEOUT,Z,0.1504199,0.08702497
7/2/7/3/2/7/7/1/7 3 3,Z,-2,0,BLOCK,Z,0.1732316,0.2289259
7/2/7/3/4/2/7/7/7 3 3,X,2,0,BLOCK,X,0.7564961,0.4209513
7/2/7/3/4/6/6/7/7 3 3,X,1.80,0,BLOCK,X,0.3620728,0.5883206
7/2/7/3/6/4/6/7/7 3 3,Z,2,0,BLOCK,Z,0.8140923,0.7239385
7/2/7/3/6/6/4/7/7 3 3,X,2,0,BLOCK,X,0.6781583,0.7750778
7/2/7/3/4/6/5/7/7 3 3,X,2,2,BLOCK,X,0.8893828,0.5869843
7/2/7/3/6/4/5/7/7 3 3,Z,2,0,BLOCK,Z,1.106818,0.9459787
7/2/7/3/6/6/1/7/7 3 3,X,-2,0,BLOCK,X,0.6936295,0.6170908
7/2/7/3/4/6/3/7/7 3 3,X,2.20,0,BLOCK,X,0.8935468,0.5271195
7/2/7/3/6/4/3/7/7 3 3,Z,2,2,BLOCK,Z,1.29145,0.9543966
6/2/7/3/6/6/7/6/7 3 3,Z,-0.6666666666666666666666666667,302,TIMEOUT,Z,0.1163327,0.08557669
7/2/7/3/4/6/7/6/7 3 3,X,2,0,BLOCK,X,0.8094332,0.5489177
7/2/7/3/6/4/7/6/7 3 3,Z,1.75,0,BLOCK,Z,0.5278675,0.7450104
7/2/7/3/6/6/7/4/7 3 3,Z,2,0,BLOCK,Z,0.3862437,0.3278628
7/2/7/3/4/6/7/5/7 3 3,X,2,0,BLOCK,X,0.5559468,0.6472507
7/2/7/3/6/4/7/5/7 3 3,Z,2,0,BLOCK,Z,0.7247836,0.4893192
7/2/7/3/6/6/7/1/7 3 3,Z,-2,0,BLOCK,Z,0.6712707,0.6597604
7/2/7/3/4/6/7/3/7 3 3,X,2,0,BLOCK,X,0.7245615,0.492802
7/2/7/3/6/4/7/3/7 3 3,Z,2.25,0,BLOCK,Z,0.4298022,0.5462824
7/2/7/3/4/6/7/7/6 3 3,X,1.80,0,BLOCK,X,0.4987949,0.6443274
7/2/7/3/6/4/7/7/6 3 3,Z,2,0,BLOCK,Z,0.6469917,0.4887974
7/2/7/3/4/6/7/7/5 3 3,X,2,0,BLOCK,X,0.5597398,0.714016
7/2/7/3/6/4/7/7/5 3 3,Z,2,0,BLOCK,Z,0.8093088,0.8039093
7/2/7/3/4/6/7/7/3 3 3,X,2.20,0,BLOCK,X,0.8340223,0.4811811
7/2/7/3/6/4/7/7/3 3 3,Z,2,0,BLOCK,Z,0.9147137,0.7731997
7/2/7/3/4/5/6/7/7 3 3,X,1.80,2,BLOCK,X,0.844552,0.5661116
7/2/7/3/6/1/6/7/7 3 3,Z,-2,0,BLOCK,Z,0.9882225,0.7886156
7/2/7/3/6/5/4/7/7 3 3,X,2,0,BLOCK,X,0.7234113,0.7642734
7/2/7/3/4/5/5/7/7 3 3,X,2,0,BLOCK,X,0.5168267,0.44272
7/2/7/3/6/1/5/7/7 3 3,Z,-2,0,BLOCK,Z,1.257994,1.068818
7/2/7/3/6/5/1/7/7 3 3,X,-2,0,BLOCK,X,0.5252894,0.4767813
7/2/7/3/4/5/3/7/7 3 3,X,2.20,0,BLOCK,X,0.8779459,0.4757321
7/2/7/3/6/1/3/7/7 3 3,Z,-2,0,BLOCK,Z,0.5938691,0.619301
7/2/7/3/4/5/7/6/7 3 3,X,2,0,BLOCK,X,0.7186651,0.462197
7/2/7/3/6/1/7/6/7 3 3,Z,-2.25,0,BLOCK,Z,0.5345235,0.453923
7/2/7/3/6/5/7/4/7 3 3,Z,2,0,BLOCK,Z,0.2472709,0.2936906
7/2/7/3/4/5/7/5/7 3 3,X,2,0,BLOCK,X,0.8325126,0.6610407
7/2/7/3/6/1/7/5/7 3 3,Z,-2,2,BLOCK,Z,1.243334,0.9214722
7/2/7/3/6/5/7/1/7 3 3,Z,-2,0,BLOCK,Z,0.2070662,0.2644012
7/2/7/3/4/5/7/3/7 3 3,X,2,2,BLOCK,X,0.960385,0.4495567
7/2/7/3/6/1/7/3/7 3 3,Z,-1.75,0,BLOCK,Z,0.6112015,0.683182
7/2/7/3/4/5/7/7/6 3 3,X,1.80,0,BLOCK,X,0.6972194,0.6924313
7/2/7/3/6/1/7/7/6 3 3,Z,-2,2,BLOCK,Z,1.318265,0.9365627
7/2/7/3/4/5/7/7/5 3 3,X,2,0,BLOCK,X,0.7193748,0.6100304
7/2/7/3/6/1/7/7/5 3 3,Z,-2,0,BLOCK,Z,0.5864967,0.4539144
7/2/7/3/4/5/7/7/3 3 3,X,2.20,0,BLOCK,X,0.7726805,0.657499
7/2/7/3/6/1/7/7/3 3 3,Z,-2,0,BLOCK,Z,1.22584,0.9956214
7/2/7/3/4/3/6/7/7 3 3,X,1.80,0,BLOCK,X,0.4735544,0.6262792
7/2/7/3/6/3/4/7/7 3 3,X,2,0,BLOCK,X,0.7261283,0.6842286
7/2/7/3/4/3/5/7/7 3 3,X,2,2,BLOCK,X,0.8804693,0.5418129
7/2/7/3/6/3/1/7/7 3 3,X,-2,0,BLOCK,X,1.389453,0.819741
7/2/7/3/4/3/3/7/7 3 3,X,2.20,0,BLOCK,X,0.4186983,0.4241172
7/2/7/3/4/3/7/6/7 3 3,X,2,0,BLOCK,X,0.6316109,0.5424038
7/2/7/3/6/3/7/4/7 3 3,Z,2,0,BLOCK,Z,0.5197922,0.4469111
7/2/7/3/4/3/7/5/7 3 3,X,2,0,BLOCK,X,0.7496086,0.472594
7/2/7/3/6/3/7/1/7 3 3,Z,-2,0,BLOCK,Z,0.3655414,0.418864
7/2/7/3/4/3/7/3/7 3 3,X,2,2,BLOCK,X,0.9293308,0.5621703
7/2/7/3/4/3/7/7/6 3 3,X,1.80,0,BLOCK,X,0.6665359,0.3336223
7/2/7/3/4/3/7/7/5 3 3,X,2,0,BLOCK,X,1.020201,0.5652614
7/2/7/3/4/3/7/7/3 3 3,X,2.20,2,BLOCK,X,1.142505,0.5743488
7/2/7/3/4/7/2/7/7 3 3,X,2,0,BLOCK,X,0.4034062,0.2042838
7/2/3/3/6/7/6/6/7 3 3,X,-0.6428571428571428571428571429,302,TIMEOUT,Z,0.02015679,0.01147639
7/2/7/3/4/7/6/6/7 3 3,X,1.8,2,BLOCK,X,0.8639681,0.5854746
7/2/7/3/6/7/4/6/7 3 3,X,2,0,BLOCK,X,0.5261779,0.7558449
7/2/7/3/6/7/6/4/7 3 3,Z,2,0,BLOCK,Z,0.2499028,0.236252
7/2/7/3/4/7/6/5/7 3 3,X,1.8,0,BLOCK,X,0.5883678,0.5633764
7/2/7/3/6/7/4/5/7 3 3,X,2,0,BLOCK,X,0.4949785,0.7281401
7/2/7/3/6/7/6/1/7 3 3,Z,-2,0,BLOCK,Z,0.3750169,0.3282344
7/2/7/3/4/7/6/3/7 3 3,X,1.8,0,BLOCK,X,0.3665107,0.5446159
7/2/7/3/6/7/4/3/7 3 3,X,2,0,BLOCK,X,0.5414361,0.7464728
7/2/7/3/4/7/6/7/6 3 3,X,1.6,0,BLOCK,X,0.4749596,0.6814399
7/2/7/3/6/7/4/7/6 3 3,X,1.6,0,BLOCK,X,0.2891397,0.3962658
7/2/7/3/4/7/6/7/5 3 3,X,1.8,2,BLOCK,X,0.897732,0.6761717
7/2/7/3/6/7/4/7/5 3 3,X,2,0,BLOCK,X,0.5308644,0.7308825
7/2/7/3/4/7/6/7/3 3 3,X,2,2,BLOCK,X,1.019862,0.5336419
7/2/7/3/6/7/4/7/3 3 3,X,2.4,0,BLOCK,X,0.6807877,0.7738216
7/2/7/3/4/7/5/6/7 3 3,X,2,2,BLOCK,X,0.9902475,0.5700173
7/2/7/3/6/7/1/6/7 3 3,X,-2,0,BLOCK,X,0.913361,0.4572614
7/2/7/3/6/7/5/4/7 3 3,Z,2,0,BLOCK,Z,0.3833772,0.3002298
7/2/7/3/4/7/5/5/7 3 3,X,2,0,BLOCK,X,0.4749381,0.5337452
7/2/7/3/6/7/1/5/7 3 3,X,-2,0,BLOCK,X,0.6530628,0.5517008
7/2/7/3/6/7/5/1/7 3 3,Z,-2,0,BLOCK,Z,0.2864826,0.3233289
7/2/7/3/4/7/5/3/7 3 3,X,2,0,BLOCK,X,0.7232296,0.656549
7/2/7/3/6/7/1/3/7 3 3,X,-2,2,BLOCK,X,1.416999,0.7926404
7/2/7/3/4/7/5/7/6 3 3,X,1.8,0,BLOCK,X,0.6326435,0.6604809
7/2/7/3/6/7/1/7/6 3 3,X,-2.4,0,BLOCK,X,0.7583551,0.7246048
7/2/7/3/4/7/5/7/5 3 3,X,2,0,BLOCK,X,0.7830629,0.5621686
7/2/7/3/6/7/1/7/5 3 3,X,-2,0,BLOCK,X,0.52969,0.5094652
7/2/7/3/4/7/5/7/3 3 3,X,2.2,2,BLOCK,X,1.076716,0.5085602
7/2/7/3/6/7/1/7/3 3 3,X,-1.6,0,BLOCK,X,0.5388401,0.4840008
7/2/7/3/4/7/3/6/7 3 3,X,2.2,0,BLOCK,X,1.322549,0.8003026
7/2/7/3/6/7/3/4/7 3 3,Z,2,2,BLOCK,Z,1.588052,0.9126999
7/2/7/3/4/7/3/5/7 3 3,X,2.2,0,BLOCK,X,0.6992085,0.7094712
7/2/7/3/6/7/3/1/7 3 3,Z,-2,0,BLOCK,Z,1.102484,0.4057504
7/2/7/3/4/7/3/3/7 3 3,X,2.2,2,BLOCK,X,1.408359,0.6036895
7/2/7/3/4/7/3/7/6 3 3,X,2,0,BLOCK,X,0.5955046,0.5438482
7/2/7/3/4/7/3/7/5 3 3,X,2.2,0,BLOCK,X,0.5050599,0.4022237
7/2/7/3/4/7/3/7/3 3 3,X,2.4,0,BLOCK,X,0.5585939,0.542201
7/2/7/3/4/7/7/2/7 3 3,X,2,0,BLOCK,X,0.601945,0.6374032
7/2/7/3/4/7/7/6/6 3 3,X,1.8,0,BLOCK,X,0.5189844,0.617822
7/2/7/3/6/7/7/4/6 3 3,Z,2,2,BLOCK,Z,1.638846,1.026559
7/2/7/3/4/7/7/6/5 3 3,X,2,0,BLOCK,X,0.7002104,0.7475119
7/2/7/3/6/7/7/4/5 3 3,Z,2,0,BLOCK,Z,0.1318847,0.09444739
7/2/7/3/4/7/7/6/3 3 3,X,2.2,0,BLOCK,X,1.17856,0.6182187
7/2/7/3/6/7/7/4/3 3 3,Z,2,0,BLOCK,Z,0.04620985,0.1028791
7/2/7/3/4/7/7/5/6 3 3,X,1.8,0,BLOCK,X,0.666596,0.6008489
7/2/7/3/6/7/7/1/6 3 3,Z,-2,0,BLOCK,Z,0.3969585,0.3665686
7/2/7/3/4/7/7/5/5 3 3,X,2,0,BLOCK,X,0.73379,0.6295149
7/2/7/3/6/7/7/1/5 3 3,Z,-2,0,BLOCK,Z,0.1460742,0.1274371
7/2/7/3/4/7/7/5/3 3 3,X,2.2,2,BLOCK,X,1.117752,0.6158645
7/2/7/3/6/7/7/1/3 3 3,Z,-2,0,BLOCK,Z,0.1343883,0.1068942
7/2/7/3/4/7/7/3/6 3 3,X,1.8,0,BLOCK,X,0.8532652,0.632768
7/2/7/3/4/7/7/3/5 3 3,X,2,2,BLOCK,X,0.9815358,0.4917978
7/2/7/3/4/7/7/3/3 3 3,X,2.2,2,BLOCK,X,1.10515,0.6542649
7/2/7/3/4/7/7/7/4 3 3,X,1.8,0,BLOCK,X,0.6675318,0.6636375
7/2/7/3/4/7/7/7/2 3 3,X,2,0,BLOCK,X,0.6128656,0.5762904
7/2/7/3/4/7/7/7/1 3 3,X,2.2,0,BLOCK,X,0.9096643,0.6053059
7/2/7/3/1/2/7/7/7 3 3,X,-2,2,BLOCK,X,0.9049995,0.6511289
7/2/7/3/1/6/6/7/7 3 3,X,-2.20,0,BLOCK,X,0.5703493,0.4075608
7/2/7/3/5/4/6/7/7 3 3,Z,2,0,BLOCK,Z,1.087939,0.8483137
7/2/7/3/5/6/4/7/7 3 3,X,2,2,BLOCK,X,1.429166,0.8696774
7/2/7/3/1/6/5/7/7 3 3,X,-2,0,BLOCK,X,0.709753,0.5539488
7/2/7/3/5/4/5/7/7 3 3,Z,2,0,BLOCK,Z,0.5307391,0.6187249
7/2/7/3/5/6/1/7/7 3 3,X,-2,0,BLOCK,X,0.4399926,0.7124648
7/2/7/3/1/6/3/7/7 3 3,X,-1.80,0,BLOCK,X,0.5157243,0.7210526
7/2/7/3/5/4/3/7/7 3 3,Z,2,0,BLOCK,Z,0.5128322,0.5515483
7/2/7/3/1/6/7/6/7 3 3,X,-2,0,BLOCK,X,0.7252735,0.4604272
7/2/7/3/5/4/7/6/7 3 3,Z,1.75,0,BLOCK,Z,0.47549,0.5787187
7/2/7/3/5/6/7/4/7 3 3,Z,2,0,BLOCK,Z,0.4423092,0.3574662
7/2/7/3/1/6/7/5/7 3 3,X,-2,0,BLOCK,X,0.7239525,0.6607243
7/2/7/3/5/4/7/5/7 3 3,Z,2,2,BLOCK,Z,1.211672,0.89121
7/2/7/3/5/6/7/1/7 3 3,Z,-2,2,BLOCK,Z,1.56195,0.9342607
7/2/7/3/1/6/7/3/7 3 3,X,-2,0,BLOCK,X,0.7719402,0.4837565
7/2/7/3/5/4/7/3/7 3 3,Z,2.25,0,BLOCK,Z,1.237887,0.888788
7/2/7/3/1/6/7/7/6 3 3,X,-2.20,0,BLOCK,X,0.7420882,0.9676187
7/2/7/3/5/4/7/7/6 3 3,Z,2,0,BLOCK,Z,0.7607097,0.6932611
7/2/7/3/1/6/7/7/5 3 3,X,-2,0,BLOCK,X,0.6525512,0.587625
7/2/7/3/5/4/7/7/5 3 3,Z,2,0,BLOCK,Z,0.9961597,0.7635933
7/2/7/3/1/6/7/7/3 3 3,X,-1.80,0,BLOCK,X,0.4699572,0.4254964
7/2/7/3/5/4/7/7/3 3 3,Z,2,0,BLOCK,Z,0.7488438,0.7529743
7/2/7/3/1/5/6/7/7 3 3,X,-2.20,2,BLOCK,X,1.229367,0.5459799
7/2/7/3/5/1/6/7/7 3 3,Z,-2,0,BLOCK,Z,1.118188,0.8121278
7/2/7/3/5/5/4/7/7 3 3,X,2,0,BLOCK,X,0.4282419,0.5546678
7/2/7/3/1/5/5/7/7 3 3,X,-2,2,BLOCK,X,0.8866308,0.5429154
7/2/7/3/5/1/5/7/7 3 3,Z,-2,0,BLOCK,Z,0.5986769,0.5226283
7/2/7/3/5/5/1/7/7 3 3,X,-2,2,BLOCK,X,1.458523,0.8919867
7/2/7/3/1/5/3/7/7 3 3,X,-1.80,2,BLOCK,X,0.8477631,0.6562827
7/2/7/3/5/1/3/7/7 3 3,Z,-2,0,BLOCK,Z,0.5599865,0.381121
7/2/7/3/1/5/7/6/7 3 3,X,-2,0,BLOCK,X,0.6802676,0.5166131
7/2/7/3/5/1/7/6/7 3 3,Z,-2.25,0,BLOCK,Z,0.3694583,0.4366712
7/2/7/3/5/5/7/4/7 3 3,Z,2,0,BLOCK,Z,0.4450383,0.3695578
7/2/7/3/1/5/7/5/7 3 3,X,-2,0,BLOCK,X,0.7529339,0.6309476
7/2/7/3/5/1/7/5/7 3 3,Z,-2,0,BLOCK,Z,0.7116879,0.5689123
7/2/7/3/5/5/7/1/7 3 3,Z,-2,0,BLOCK,Z,0.398088,0.318103
7/2/7/3/1/5/7/3/7 3 3,X,-2,0,BLOCK,X,0.6831816,0.5956866
7/2/7/3/5/1/7/3/7 3 3,Z,-1.75,0,BLOCK,Z,0.296568,0.5635805
7/2/7/3/1/5/7/7/6 3 3,X,-2.20,0,BLOCK,X,0.4748281,0.5183502
7/2/7/3/5/1/7/7/6 3 3,Z,-2,2,BLOCK,Z,1.31754,1.016464
7/2/7/3/1/5/7/7/5 3 3,X,-2,0,BLOCK,X,0.5712861,0.6240209
7/2/7/3/5/1/7/7/5 3 3,Z,-2,0,BLOCK,Z,1.014042,0.7210909
7/2/7/3/1/5/7/7/3 3 3,X,-1.80,0,BLOCK,X,0.6712784,0.6868019
7/2/7/3/5/1/7/7/3 3 3,Z,-2,0,BLOCK,Z,0.5913163,0.6164365
7/2/7/3/1/3/6/7/7 3 3,X,-2.20,0,BLOCK,X,0.3993003,0.4196074
7/2/7/3/5/3/4/7/7 3 3,X,2,0,BLOCK,X,0.3791764,0.6264386
7/2/7/3/1/3/5/7/7 3 3,X,-2,2,BLOCK,X,0.8190723,0.6120752
7/2/7/3/5/3/1/7/7 3 3,X,-2,0,BLOCK,X,1.270744,0.7825471
7/2/7/3/1/3/3/7/7 3 3,X,-1.80,0,BLOCK,X,0.3373223,0.5081917
7/2/7/3/1/3/7/6/7 3 3,X,-2,2,BLOCK,X,0.8902443,0.6282765
7/2/7/3/5/3/7/4/7 3 3,Z,2,0,BLOCK,Z,1.111088,0.7197339
7/2/7/3/1/3/7/5/7 3 3,X,-2,0,BLOCK,X,0.6936318,0.468572
7/2/7/3/5/3/7/1/7 3 3,Z,-2,0,BLOCK,Z,0.3304364,0.3537584
7/2/7/3/1/3/7/3/7 3 3,X,-2,0,BLOCK,X,0.50496,0.5041975
7/2/7/3/1/3/7/7/6 3 3,X,-2.20,2,BLOCK,X,1.070195,0.5576597
7/2/7/3/1/3/7/7/5 3 3,X,-2,0,BLOCK,X,0.6222599,0.7120566
7/2/7/3/1/3/7/7/3 3 3,X,-1.80,0,BLOCK,X,0.7734778,0.4806592
7/2/7/3/1/7/2/7/7 3 3,X,-2,2,BLOCK,X,1.097546,0.6161515
7/2/7/3/1/7/6/6/7 3 3,X,-2.2,0,BLOCK,X,0.5340344,0.39708
7/2/7/3/5/7/4/6/7 3 3,X,2,0,BLOCK,X,0.5158815,0.6590297
7/2/7/3/5/7/6/4/7 3 3,Z,2,0,BLOCK,Z,0.942321,0.4840841
7/2/7/3/1/7/6/5/7 3 3,X,-2.2,2,BLOCK,X,1.366823,0.7103902
7/2/7/3/5/7/4/5/7 3 3,X,2,0,BLOCK,X,0.5460097,0.6801067
7/2/7/3/5/7/6/1/7 3 3,Z,-2,0,BLOCK,Z,0.3419068,0.4035015
7/2/7/3/1/7/6/3/7 3 3,X,-2.2,0,BLOCK,X,0.4784709,0.5048434
7/2/7/3/5/7/4/3/7 3 3,X,2,0,BLOCK,X,0.6125255,0.6771148
7/2/7/3/1/7/6/7/6 3 3,X,-2.4,0,BLOCK,X,0.5491471,0.3825941
7/2/7/3/5/7/4/7/6 3 3,X,1.6,2,BLOCK,X,1.299192,0.8027489
7/2/7/3/1/7/6/7/5 3 3,X,-2.2,0,BLOCK,X,0.8898129,0.633404
7/2/7/3/5/7/4/7/5 3 3,X,2,0,BLOCK,X,0.3712487,0.5850905
7/2/7/3/1/7/6/7/3 3 3,X,-2,0,BLOCK,X,0.8540121,0.6346915
7/2/7/3/5/7/4/7/3 3 3,X,2.4,0,BLOCK,X,0.4038276,0.6469108
7/2/7/3/1/7/5/6/7 3 3,X,-2,0,BLOCK,X,0.7742999,0.6522176
7/2/7/3/5/7/1/6/7 3 3,X,-2,0,BLOCK,X,0.4591827,0.6323005
7/2/7/3/5/7/5/4/7 3 3,Z,2,0,BLOCK,Z,0.3875156,0.3442245
7/2/7/3/1/7/5/5/7 3 3,X,-2,0,BLOCK,X,0.7977663,0.5969886
7/2/7/3/5/7/1/5/7 3 3,X,-2,0,BLOCK,X,0.453741,0.6121308
7/2/7/3/5/7/5/1/7 3 3,Z,-2,0,BLOCK,Z,0.3365537,0.3120134
7/2/7/3/1/7/5/3/7 3 3,X,-2,0,BLOCK,X,0.6137035,0.6589485
7/2/7/3/5/7/1/3/7 3 3,X,-2,0,BLOCK,X,0.4123234,0.5574084
7/2/7/3/1/7/5/7/6 3 3,X,-2.2,2,BLOCK,X,1.077041,0.4826376
7/2/7/3/5/7/1/7/6 3 3,X,-2.4,0,BLOCK,X,0.4591916,0.6957378
7/2/7/3/1/7/5/7/5 3 3,X,-2,2,BLOCK,X,0.9775106,0.6417691
7/2/7/3/5/7/1/7/5 3 3,X,-2,0,BLOCK,X,0.3415489,0.5329022
7/2/7/3/1/7/5/7/3 3 3,X,-1.8,2,BLOCK,X,0.8922196,0.5979491
7/2/7/3/5/7/1/7/3 3 3,X,-1.6,0,BLOCK,X,0.2882532,0.4161322
7/2/7/3/1/7/3/6/7 3 3,X,-1.8,0,BLOCK,X,0.4774534,0.425218
7/2/7/3/5/7/3/4/7 3 3,Z,2,2,BLOCK,Z,1.555046,0.9584314
7/2/7/3/1/7/3/5/7 3 3,X,-1.8,2,BLOCK,X,0.8874639,0.5008004
7/2/7/3/5/7/3/1/7 3 3,Z,-2,0,BLOCK,Z,0.3234071,0.3489189
7/2/7/3/1/7/3/3/7 3 3,X,-1.8,0,BLOCK,X,0.5774335,0.565115
7/2/7/3/1/7/3/7/6 3 3,X,-2,0,BLOCK,X,0.592205,0.5052581
7/2/7/3/1/7/3/7/5 3 3,X,-1.8,0,BLOCK,X,0.7715565,0.5449054
7/2/7/3/1/7/3/7/3 3 3,X,-1.6,0,BLOCK,X,0.4679525,0.5606223
7/2/7/3/1/7/7/2/7 3 3,X,-2,0,BLOCK,X,0.8831408,0.6131281
7/2/7/3/1/7/7/6/6 3 3,X,-2.2,2,BLOCK,X,1.083943,0.624473
7/2/7/3/5/7/7/4/6 3 3,Z,2,0,BLOCK,Z,0.505549,0.4021265
7/2/7/3/1/7/7/6/5 3 3,X,-2,0,BLOCK,X,0.7168072,0.7023669
7/2/7/3/5/7/7/4/5 3 3,Z,2,0,BLOCK,Z,0.1088192,0.0599264
7/2/7/3/1/7/7/6/3 3 3,X,-1.8,2,BLOCK,X,0.9113791,0.7003784
7/2/7/3/5/7/7/4/3 3 3,Z,2,0,BLOCK,Z,0.1163638,0.07345865
6/2/7/3/5/7/7/5/6 3 3,Z,-0.5,302,TIMEOUT,Z,0.1009738,0.06830425
7/2/7/3/1/7/7/5/6 3 3,X,-2.2,0,BLOCK,X,0.5570701,0.7120464
7/2/7/3/5/7/7/1/6 3 3,Z,-2,0,BLOCK,Z,0.1398989,0.1790144
7/2/7/3/1/7/7/5/5 3 3,X,-2,2,BLOCK,X,1.01748,0.6722216
7/2/7/3/5/7/7/1/5 3 3,Z,-2,0,BLOCK,Z,0.3814667,0.3994274
7/2/7/3/1/7/7/5/3 3 3,X,-1.8,0,BLOCK,X,0.744532,0.5555453
7/2/7/3/5/7/7/1/3 3 3,Z,-2,0,BLOCK,Z,0.04934664,0.06428867
7/2/7/3/1/7/7/3/6 3 3,X,-2.2,2,BLOCK,X,1.109106,0.7034578
7/2/7/3/1/7/7/3/5 3 3,X,-2,2,BLOCK,X,0.9924855,0.6921332
7/2/7/3/1/7/7/3/3 3 3,X,-1.8,2,BLOCK,X,0.8687322,0.6429546
7/2/7/3/1/7/7/7/4 3 3,X,-2.2,2,BLOCK,X,1.162851,0.5941029
7/2/7/3/1/7/7/7/2 3 3,X,-2,0,BLOCK,X,0.6190314,0.6913092
7/2/7/3/1/7/7/7/1 3 3,X,-1.8,0,BLOCK,X,0.5093917,0.6090292
7/2/7/3/3/4/6/7/7 3 3,Z,2,0,BLOCK,Z,0.8241792,0.7564174
7/2/7/3/3/6/4/7/7 3 3,X,2,0,BLOCK,X,0.6547866,0.5153828
7/2/7/3/3/4/5/7/7 3 3,Z,2,0,BLOCK,Z,0.8979529,0.861999
7/2/7/3/3/6/1/7/7 3 3,X,-2,0,BLOCK,X,0.6341298,0.6854575
7/2/7/3/3/4/3/7/7 3 3,Z,2,2,BLOCK,Z,1.251382,0.9702168
7/2/7/3/3/4/7/6/7 3 3,Z,1.75,0,BLOCK,Z,0.4883762,0.7218807
7/2/7/3/3/6/7/4/7 3 3,Z,2,2,BLOCK,Z,1.6099,0.9749429
7/2/7/3/3/4/7/5/7 3 3,Z,2,0,BLOCK,Z,0.9462632,0.7638718
7/2/7/3/3/6/7/1/7 3 3,Z,-2,0,BLOCK,Z,0.9695941,0.6431374
7/2/6/3/3/6/7/3/7 3 3,Z,0.625,302,TIMEOUT,Z,0.01932441,0.008664125
7/2/7/3/3/4/7/3/7 3 3,Z,2.25,2,BLOCK,Z,1.545368,1.08285
7/2/7/3/3/4/7/7/6 3 3,Z,2,0,BLOCK,Z,0.9227171,0.6518553
7/2/7/3/3/4/7/7/5 3 3,Z,2,0,BLOCK,Z,0.5352552,0.5515158
7/2/7/3/3/4/7/7/3 3 3,Z,2,0,BLOCK,Z,0.6506947,0.6143991
7/2/7/3/3/1/6/7/7 3 3,Z,-2,2,BLOCK,Z,1.268878,1.029839
7/2/7/3/3/5/4/7/7 3 3,X,2,0,BLOCK,X,0.739012,0.5854287
7/2/7/3/3/1/5/7/7 3 3,Z,-2,0,BLOCK,Z,0.5386718,0.5375863
7/2/7/3/3/5/1/7/7 3 3,X,-2,0,BLOCK,X,1.21377,0.8066876
7/2/7/3/3/1/3/7/7 3 3,Z,-2,0,BLOCK,Z,0.6375164,0.5101954
7/2/7/3/3/1/7/6/7 3 3,Z,-2.25,0,BLOCK,Z,0.3543941,0.36668
7/2/7/3/3/5/7/4/7 3 3,Z,2,0,BLOCK,Z,0.3654773,0.4176305
7/2/7/3/3/1/7/5/7 3 3,Z,-2,0,BLOCK,Z,0.6893305,0.5414917
7/2/7/3/3/5/7/1/7 3 3,Z,-2,0,BLOCK,Z,0.470795,0.5168172
7/2/7/3/3/1/7/3/7 3 3,Z,-1.75,0,BLOCK,Z,0.2033327,0.5892475
7/2/7/3/3/1/7/7/6 3 3,Z,-2,0,BLOCK,Z,0.5442948,0.384734
7/2/7/3/3/1/7/7/5 3 3,Z,-2,0,BLOCK,Z,0.5899909,0.5391136
7/2/7/3/3/1/7/7/3 3 3,Z,-2,0,BLOCK,Z,0.4885535,0.4966037
7/2/7/3/3/3/4/7/7 3 3,X,2,0,BLOCK,X,1.437413,0.8959941
7/2/7/3/3/3/1/7/7 3 3,X,-2,0,BLOCK,X,1.318627,0.744685
7/2/7/3/3/3/7/4/7 3 3,Z,2,0,BLOCK,Z,0.5350174,0.4052568
7/2/7/3/3/3/7/1/7 3 3,Z,-2,0,BLOCK,Z,0.3017655,0.325446
7/2/7/3/3/7/4/6/7 3 3,X,2,0,BLOCK,X,0.6110064,0.5463774
7/2/7/3/3/7/6/4/7 3 3,Z,2,0,BLOCK,Z,0.4105215,0.2878674
7/2/7/3/3/7/4/5/7 3 3,X,2,0,BLOCK,X,0.5302064,0.5214196
7/2/7/3/3/7/6/1/7 3 3,Z,-2,0,BLOCK,Z,0.3992259,0.3456525
7/2/7/3/3/7/4/3/7 3 3,X,2,0,BLOCK,X,0.7044291,0.6278486
7/2/7/3/3/7/4/7/6 3 3,X,1.6,0,BLOCK,X,0.6321201,0.5183724
7/2/7/3/3/7/4/7/5 3 3,X,2,0,BLOCK,X,0.6475993,0.6515363
7/2/7/3/3/7/4/7/3 3 3,X,2.4,0,BLOCK,X,0.7154909,0.7508388
7/2/7/3/3/7/1/6/7 3 3,X,-2,2,BLOCK,X,1.376166,0.8658302
7/2/7/3/3/7/5/4/7 3 3,Z,2,0,BLOCK,Z,0.4059153,0.4292462
7/2/7/3/3/7/1/5/7 3 3,X,-2,0,BLOCK,X,0.5775402,0.6973996
7/2/7/3/3/7/5/1/7 3 3,Z,-2,0,BLOCK,Z,0.4186531,0.3862175
7/2/7/3/3/7/1/3/7 3 3,X,-2,2,BLOCK,X,1.378609,0.8570136
7/2/7/3/3/7/1/7/6 3 3,X,-2.4,0,BLOCK,X,0.6705891,0.7843874
7/2/7/3/3/7/1/7/5 3 3,X,-2,0,BLOCK,X,0.4983278,0.6694798
7/2/7/3/3/7/1/7/3 3 3,X,-1.6,0,BLOCK,X,0.3104612,0.5197877
7/2/7/3/3/7/3/4/7 3 3,Z,2,0,BLOCK,Z,0.2544534,0.3430891
7/2/7/3/3/7/3/1/7 3 3,Z,-2,0,BLOCK,Z,0.8711703,0.4253073
6/2/7/3/3/7/3/7/5 3 3,X,0.6111111111111111111111111112,32,PLANE,X,0.5550033,0.411724
7/2/7/3/3/7/7/4/6 3 3,Z,2,0,BLOCK,Z,0.4273023,0.3930874
7/2/7/3/3/7/7/4/5 3 3,Z,2,0,BLOCK,Z,0.4694889,0.4541566
7/2/7/3/3/7/7/4/3 3 3,Z,2,0,BLOCK,Z,0.01412086,0.07674129
7/2/7/3/3/7/7/1/6 3 3,Z,-2,0,BLOCK,Z,0.1714637,0.2068728
7/2/7/3/3/7/7/1/5 3 3,Z,-2,0,BLOCK,Z,0.164883,0.0461619
7/2/7/3/3/7/7/1/3 3 3,Z,-2,0,BLOCK,Z,0.099481,0.1402707
6/2/7/3/3/7/7/3/5 3 3,X,0.5555555555555555555555555556,36,PLANE,X,0.5933698,0.3796616
7/2/7/3/7/2/4/7/7 3 3,X,2,0,BLOCK,X,1.1234,0.8635985
7/2/7/3/7/2/1/7/7 3 3,X,-2,0,BLOCK,X,0.7000467,0.6472662
7/2/7/3/7/2/7/4/7 3 3,Z,2,0,BLOCK,Z,0.9570568,0.6611108
7/2/7/3/7/2/7/1/7 3 3,Z,-2,0,BLOCK,Z,0.4794703,0.3540225
7/2/7/3/7/4/2/7/7 3 3,Z,2,0,BLOCK,Z,0.7958962,0.5478345
7/2/7/3/7/4/6/6/7 3 3,Z,1.7142857142857142857142857142,0,BLOCK,Z,0.38163,0.6753918
7/2/7/3/7/6/4/6/7 3 3,X,2,0,BLOCK,X,0.514721,0.6853753
7/2/7/3/7/6/6/4/7 3 3,Z,2,2,BLOCK,Z,1.589278,0.9739542
7/2/7/3/7/4/6/5/7 3 3,Z,2,0,BLOCK,Z,0.4678383,0.3845902
7/2/7/3/7/6/4/5/7 3 3,X,2,0,BLOCK,X,0.5938284,0.6249799
7/2/7/3/7/6/6/1/7 3 3,Z,-2,0,BLOCK,Z,0.378879,0.4054525
7/2/7/3/7/4/6/3/7 3 3,Z,2.2857142857142857142857142858,0,BLOCK,Z,0.2792178,0.4311309
7/2/7/3/7/6/4/3/7 3 3,X,2,0,BLOCK,X,0.7532248,0.6955757
7/2/7/3/7/4/6/7/6 3 3,Z,2,0,BLOCK,Z,0.9069688,0.6831757
7/2/7/3/7/6/4/7/6 3 3,X,1.6,0,BLOCK,X,1.125344,0.7966102
7/2/7/3/7/4/6/7/5 3 3,Z,2,0,BLOCK,Z,0.7521417,0.7375522
7/2/7/3/7/6/4/7/5 3 3,X,2,0,BLOCK,X,0.4134756,0.5645682
7/2/7/3/7/4/6/7/3 3 3,Z,2,0,BLOCK,Z,0.7003936,0.5220526
7/2/7/3/7/6/4/7/3 3 3,X,2.4,0,BLOCK,X,0.5439096,0.6820716
7/2/7/3/7/4/5/6/7 3 3,Z,1.7142857142857142857142857142,0,BLOCK,Z,0.2376445,0.5946309
7/2/7/3/7/6/1/6/7 3 3,X,-2,0,BLOCK,X,0.4412008,0.6636545
7/2/7/3/7/6/5/4/7 3 3,Z,2,2,BLOCK,Z,1.579678,1.069947
7/2/7/3/7/4/5/5/7 3 3,Z,2,0,BLOCK,Z,0.7831804,0.7034382
7/2/7/3/7/6/1/5/7 3 3,X,-2,0,BLOCK,X,0.622536,0.5944751
7/2/7/3/7/6/5/1/7 3 3,Z,-2,2,BLOCK,Z,1.553698,0.9858571
7/2/7/3/7/4/5/3/7 3 3,Z,2.2857142857142857142857142858,0,BLOCK,Z,0.8199389,0.6181877
7/2/7/3/7/6/1/3/7 3 3,X,-2,2,BLOCK,X,1.386063,0.8044339
7/2/7/3/7/4/5/7/6 3 3,Z,2,2,BLOCK,Z,1.227107,0.9335558
7/2/7/3/7/6/1/7/6 3 3,X,-2.4,0,BLOCK,X,0.4101664,0.5628713
7/2/7/3/7/4/5/7/5 3 3,Z,2,0,BLOCK,Z,0.7327992,0.5859943
7/2/7/3/7/6/1/7/5 3 3,X,-2,0,BLOCK,X,0.5674118,0.6193506
7/2/7/3/7/4/5/7/3 3 3,Z,2,0,BLOCK,Z,0.6706231,0.5849372
7/2/7/3/7/6/1/7/3 3 3,X,-1.6,0,BLOCK,X,0.2668558,0.4320477
7/2/7/3/7/4/3/6/7 3 3,Z,1.7142857142857142857142857142,0,BLOCK,Z,0.2595723,0.5093868
7/2/7/3/7/6/3/4/7 3 3,Z,2,0,BLOCK,Z,0.4046352,0.3328335
7/2/7/3/7/4/3/5/7 3 3,Z,2,0,BLOCK,Z,0.5727803,0.4599511
7/2/7/3/7/6/3/1/7 3 3,Z,-2,0,BLOCK,Z,0.4628177,0.3459697
7/2/7/3/7/4/3/3/7 3 3,Z,2.2857142857142857142857142858,0,BLOCK,Z,0.353823,0.4767955
7/2/7/3/7/4/3/7/6 3 3,Z,2,0,BLOCK,Z,0.1973506,0.3597787
7/2/7/3/7/4/3/7/5 3 3,Z,2,0,BLOCK,Z,1.203862,0.7583934
7/2/7/3/7/4/3/7/3 3 3,Z,2,0,BLOCK,Z,0.6312943,0.5200491
7/2/7/3/7/4/7/2/7 3 3,Z,2,0,BLOCK,Z,0.2958995,0.5058486
7/2/7/3/7/4/7/6/6 3 3,Z,1.7142857142857142857142857142,0,BLOCK,Z,0.3862211,0.4728625
7/2/7/3/7/6/7/4/6 3 3,Z,2,0,BLOCK,Z,0.4587964,0.4545513
7/2/7/3/7/4/7/6/5 3 3,Z,1.7142857142857142857142857142,0,BLOCK,Z,0.4125286,0.5364818
7/2/7/3/7/6/7/4/5 3 3,Z,2,0,BLOCK,Z,0.3935632,0.3724747
7/2/7/3/7/4/7/6/3 3 3,Z,1.7142857142857142857142857142,0,BLOCK,Z,0.3044388,0.4717036
7/2/7/3/7/6/7/4/3 3 3,Z,2,0,BLOCK,Z,0.4890094,0.4439882
7/2/7/3/7/4/7/5/6 3 3,Z,2,0,BLOCK,Z,0.7247344,0.5877513
7/2/7/3/7/6/7/1/6 3 3,Z,-2,0,BLOCK,Z,0.1406059,0.153589
7/2/7/3/7/4/7/5/5 3 3,Z,2,0,BLOCK,Z,0.6170772,0.5054691
7/2/7/3/7/6/7/1/5 3 3,Z,-2,0,BLOCK,Z,0.1463778,0.2598133
7/2/7/3/7/4/7/5/3 3 3,Z,2,0,BLOCK,Z,0.5035125,0.379327
7/2/7/3/7/6/7/1/3 3 3,Z,-2,0,BLOCK,Z,0.1277123,0.1485324
7/2/7/3/7/4/7/3/6 3 3,Z,2.2857142857142857142857142858,0,BLOCK,Z,0.4579503,0.4426928
7/2/7/3/7/4/7/3/5 3 3,Z,2.2857142857142857142857142858,0,BLOCK,Z,0.4331849,0.4709777
7/2/7/3/7/4/7/3/3 3 3,Z,2.2857142857142857142857142858,0,BLOCK,Z,0.3757195,0.3803521
7/2/7/3/7/4/7/7/4 3 3,Z,2,0,BLOCK,Z,0.4562171,0.3128387
7/2/7/3/7/4/7/7/2 3 3,Z,2,0,BLOCK,Z,0.6441001,0.6287565
7/2/7/3/7/4/7/7/1 3 3,Z,2,0,BLOCK,Z,0.7463121,0.648223
7/2/7/3/7/1/2/7/7 3 3,Z,-2,0,BLOCK,Z,0.7750711,0.6929643
7/2/7/3/7/1/6/6/7 3 3,Z,-2.2857142857142857142857142858,0,BLOCK,Z,0.4513241,0.4292269
7/2/7/3/7/5/4/6/7 3 3,X,2,0,BLOCK,X,0.6633763,0.7397724
7/2/7/3/7/5/6/4/7 3 3,Z,2,0,BLOCK,Z,0.4107884,0.3157688
7/2/7/3/7/1/6/5/7 3 3,Z,-2,0,BLOCK,Z,0.5446277,0.516117
7/2/7/3/7/5/4/5/7 3 3,X,2,0,BLOCK,X,0.8832292,0.7594776
7/2/7/3/7/5/6/1/7 3 3,Z,-2,0,BLOCK,Z,1.037839,0.50428
7/2/7/3/7/1/6/3/7 3 3,Z,-1.7142857142857142857142857142,0,BLOCK,Z,0.2876966,0.4261529
7/2/7/3/7/5/4/3/7 3 3,X,2,2,BLOCK,X,1.339955,0.8543362
7/2/7/3/7/1/6/7/6 3 3,Z,-2,0,BLOCK,Z,1.037442,0.68654
7/2/7/3/7/5/4/7/6 3 3,X,1.6,2,BLOCK,X,1.263122,0.7679999
7/2/7/3/7/1/6/7/5 3 3,Z,-2,0,BLOCK,Z,0.5382488,0.4506482
7/2/7/3/7/5/4/7/5 3 3,X,2,0,BLOCK,X,0.4820744,0.5857767
7/2/7/3/7/1/6/7/3 3 3,Z,-2,0,BLOCK,Z,0.5141053,0.4538904
7/2/7/3/7/5/4/7/3 3 3,X,2.4,0,BLOCK,X,1.58585,1.060916
7/2/7/3/7/1/5/6/7 3 3,Z,-2.2857142857142857142857142858,0,BLOCK,Z,0.3220707,0.4047002
7/2/7/3/7/5/1/6/7 3 3,X,-2,2,BLOCK,X,1.421991,0.8395278
7/2/7/3/7/5/5/4/7 3 3,Z,2,0,BLOCK,Z,0.3574459,0.3746023
7/2/7/3/7/1/5/5/7 3 3,Z,-2,0,BLOCK,Z,0.6312492,0.4985971
7/2/7/3/7/5/1/5/7 3 3,X,-2,0,BLOCK,X,0.3926652,0.6476523
7/2/7/3/7/5/5/1/7 3 3,Z,-2,2,BLOCK,Z,1.57665,1.002043
7/2/7/3/7/1/5/3/7 3 3,Z,-1.7142857142857142857142857142,0,BLOCK,Z,0.3945103,0.5897584
7/2/7/3/7/5/1/3/7 3 3,X,-2,0,BLOCK,X,0.7356489,0.709709
7/2/7/3/7/1/5/7/6 3 3,Z,-2,0,BLOCK,Z,0.4148315,0.5315314
7/2/7/3/7/5/1/7/6 3 3,X,-2.4,0,BLOCK,X,1.68505,1.048167
7/2/7/3/7/1/5/7/5 3 3,Z,-2,0,BLOCK,Z,0.9152334,0.8103268
7/2/7/3/7/5/1/7/5 3 3,X,-2,0,BLOCK,X,0.876268,0.6635107
7/2/7/3/7/1/5/7/3 3 3,Z,-2,0,BLOCK,Z,0.7779886,0.6497698
7/2/7/3/7/5/1/7/3 3 3,X,-1.6,0,BLOCK,X,1.007227,0.7544586
7/2/7/3/7/1/3/6/7 3 3,Z,-2.2857142857142857142857142858,0,BLOCK,Z,0.5183627,0.4563744
7/2/7/3/7/5/3/4/7 3 3,Z,2,2,BLOCK,Z,1.56635,1.00089
7/2/7/3/7/1/3/5/7 3 3,Z,-2,0,BLOCK,Z,0.7472129,0.4504029
7/2/7/3/7/5/3/1/7 3 3,Z,-2,0,BLOCK,Z,0.4403605,0.3662261
7/2/7/3/7/1/3/3/7 3 3,Z,-1.7142857142857142857142857142,2,BLOCK,Z,1.135104,0.8495453
7/2/7/3/7/1/3/7/6 3 3,Z,-2,0,BLOCK,Z,0.5171639,0.5415201
7/2/7/3/7/1/3/7/5 3 3,Z,-2,0,BLOCK,Z,0.4928106,0.4180844
7/2/7/3/7/1/3/7/3 3 3,Z,-2,0,BLOCK,Z,0.6383113,0.5621555
7/2/7/3/7/1/7/2/7 3 3,Z,-2,0,BLOCK,Z,0.1129348,0.4231841
7/2/7/3/7/1/7/6/6 3 3,Z,-2.2857142857142857142857142858,0,BLOCK,Z,0.6474638,0.5293893
7/2/7/3/7/5/7/4/6 3 3,Z,2,0,BLOCK,Z,0.08825296,0.0385396
7/2/7/3/7/1/7/6/5 3 3,Z,-2.2857142857142857142857142858,0,BLOCK,Z,0.4035344,0.3448541
7/2/7/3/7/5/7/4/5 3 3,Z,2,0,BLOCK,Z,0.02479478,0.07462995
7/2/7/3/7/1/7/6/3 3 3,Z,-2.2857142857142857142857142858,0,BLOCK,Z,0.3409693,0.4317178
7/2/7/3/7/5/7/4/3 3 3,Z,2,0,BLOCK,Z,0.05420224,0.1502519
7/2/7/3/7/1/7/5/6 3 3,Z,-2,0,BLOCK,Z,0.5242972,0.4064578
7/2/7/3/7/5/7/1/6 3 3,Z,-2,2,BLOCK,Z,1.656772,1.033802
7/2/7/3/7/1/7/5/5 3 3,Z,-2,0,BLOCK,Z,0.5718529,0.2997007
7/2/7/3/7/5/7/1/5 3 3,Z,-2,0,BLOCK,Z,0.3115213,0.3454644
7/2/7/3/7/1/7/5/3 3 3,Z,-2,0,BLOCK,Z,0.4389573,0.4321709
7/2/7/3/7/5/7/1/3 3 3,Z,-2,0,BLOCK,Z,0.3447997,0.388993
6/2/7/3/7/5/7/3/6 3 3,Z,-0.5,302,TIMEOUT,Z,0.2144591,0.10229
7/2/7/3/7/1/7/3/6 3 3,Z,-1.7142857142857142857142857142,0,BLOCK,Z,0.3667713,0.4159159
7/2/7/3/7/1/7/3/5 3 3,Z,-1.7142857142857142857142857142,2,BLOCK,Z,1.228214,0.9009036
7/2/7/3/7/1/7/3/3 3 3,Z,-1.7142857142857142857142857142,0,BLOCK,Z,0.4060358,0.4618081
7/2/7/3/7/1/7/7/4 3 3,Z,-2,0,BLOCK,Z,0.4592945,0.4053355
7/2/7/3/7/1/7/7/2 3 3,Z,-2,0,BLOCK,Z,0.5431284,0.5383947
7/2/7/3/7/1/7/7/1 3 3,Z,-2,0,BLOCK,Z,0.5077707,0.5645961
7/2/7/3/7/3/4/6/7 3 3,X,2,0,BLOCK,X,0.5764809,0.710534
7/2/7/3/7/3/6/4/7 3 3,Z,2,0,BLOCK,Z,0.712985,0.681332
7/2/7/3/7/3/4/5/7 3 3,X,2,0,BLOCK,X,0.6249663,0.7333064
7/2/7/3/7/3/6/1/7 3 3,Z,-2,0,BLOCK,Z,1.035969,0.6678346
7/2/7/3/7/3/4/3/7 3 3,X,2,0,BLOCK,X,0.5428509,0.6873885
7/2/7/3/7/3/4/7/6 3 3,X,1.6,0,BLOCK,X,0.2411024,0.3807195
7/2/7/3/7/3/4/7/5 3 3,X,2,0,BLOCK,X,0.5400017,0.6296782
7/2/7/3/7/3/4/7/3 3 3,X,2.4,0,BLOCK,X,0.4329596,0.6797156
7/2/7/3/7/3/1/6/7 3 3,X,-2,2,BLOCK,X,1.400753,0.8661132
7/2/7/3/7/3/5/4/7 3 3,Z,2,0,BLOCK,Z,0.7683782,0.628028
7/2/7/3/7/3/1/5/7 3 3,X,-2,0,BLOCK,X,1.316599,0.9788801
7/2/7/3/7/3/5/1/7 3 3,Z,-2,2,BLOCK,Z,1.606123,1.006009
7/2/7/3/7/3/1/3/7 3 3,X,-2,0,BLOCK,X,0.359174,0.6079136
7/2/7/3/7/3/1/7/6 3 3,X,-2.4,0,BLOCK,X,0.4489209,0.7665692
7/2/7/3/7/3/1/7/5 3 3,X,-2,0,BLOCK,X,1.309858,0.8751964
7/2/7/3/7/3/1/7/3 3 3,X,-1.6,0,BLOCK,X,0.4022726,0.5612644
7/2/7/3/7/3/3/4/7 3 3,Z,2,0,BLOCK,Z,0.703842,0.659732
7/2/6/3/7/3/3/5/7 3 3,X,0.5714285714285714285714285714,302,TIMEOUT,Z,0.01260955,0.007726048
7/2/7/3/7/3/3/1/7 3 3,Z,-2,0,BLOCK,Z,0.2304582,0.2681774
6/2/7/3/7/3/3/7/5 3 3,X,0.5555555555555555555555555556,302,TIMEOUT,Z,0.1849334,0.09120753
7/2/6/3/7/3/3/7/3 3 3,X,0.6428571428571428571428571428,302,TIMEOUT,Z,0.0176837,0.01049219
7/2/7/3/7/3/7/4/6 3 3,Z,2,0,BLOCK,Z,0.589295,0.5939425
7/2/7/3/7/3/7/4/5 3 3,Z,2,0,BLOCK,Z,0.408062,0.3927539
7/2/7/3/7/3/7/4/3 3 3,Z,2,0,BLOCK,Z,0.5821112,0.527016
7/2/7/3/7/3/7/1/6 3 3,Z,-2,0,BLOCK,Z,0.4702211,0.4222211
7/2/7/3/7/3/7/1/5 3 3,Z,-2,0,BLOCK,Z,0.2503223,0.2958079
7/2/7/3/7/3/7/1/3 3 3,Z,-2,0,BLOCK,Z,0.3307922,0.3062524
7/2/7/3/7/7/2/4/7 3 3,Z,2,0,BLOCK,Z,0.8937166,0.4080465
7/2/7/3/7/7/2/1/7 3 3,Z,-2,0,BLOCK,Z,0.8280813,0.480224
6/2/7/3/7/7/2/7/6 3 3,Z,-0.5,302,TIMEOUT,Z,0.1217643,0.07984274
7/2/7/3/7/7/4/2/7 3 3,X,2,0,BLOCK,X,0.3909512,0.6074531
7/2/7/3/7/7/4/6/6 3 3,X,1.5,2,BLOCK,X,1.288603,0.7456713
7/2/7/3/7/7/6/4/6 3 3,Z,2,0,BLOCK,Z,0.09757578,0.1333086
7/2/7/3/7/7/4/6/5 3 3,X,2,0,BLOCK,X,0.5261889,0.6279424
7/2/7/3/7/7/6/4/5 3 3,Z,2,0,BLOCK,Z,0.1069375,0.1544397
7/2/7/3/7/7/4/6/3 3 3,X,2.5,0,BLOCK,X,0.478641,0.7604931
7/2/7/3/7/7/6/4/3 3 3,Z,2,0,BLOCK,Z,1.708509,1.037625
7/2/7/3/7/7/4/5/6 3 3,X,1.5,0,BLOCK,X,0.2697334,0.3406882
7/2/7/3/7/7/6/1/6 3 3,Z,-2,0,BLOCK,Z,0.9872631,0.4469787
7/2/7/3/7/7/4/5/5 3 3,X,2,0,BLOCK,X,0.3273204,0.4717613
7/2/7/3/7/7/6/1/5 3 3,Z,-2,0,BLOCK,Z,0.04279699,0.03399934
7/2/7/3/7/7/4/5/3 3 3,X,2.5,0,BLOCK,X,0.4553752,0.7535275
7/2/7/3/7/7/6/1/3 3 3,Z,-2,0,BLOCK,Z,0.1906016,0.2905867
7/2/7/3/7/7/4/3/6 3 3,X,1.5,2,BLOCK,X,1.194016,0.7218642
7/2/7/3/7/7/4/3/5 3 3,X,2,0,BLOCK,X,0.4432748,0.5629415
7/2/7/3/7/7/4/3/3 3 3,X,2.5,0,BLOCK,X,0.3938862,0.6386394
7/2/7/3/7/7/4/7/4 3 3,X,1.5,0,BLOCK,X,0.1929967,0.3474803
7/2/7/3/7/7/4/7/2 3 3,X,2,2,BLOCK,X,1.556831,0.9377703
7/2/7/3/7/7/4/7/1 3 3,X,2.5,2,BLOCK,X,1.646015,0.9924656
7/2/7/3/7/7/1/2/7 3 3,X,-2,0,BLOCK,X,0.4152206,0.6161979
7/2/7/3/7/7/1/6/6 3 3,X,-2.5,0,BLOCK,X,0.4538296,0.6718492
7/2/7/3/7/7/5/4/6 3 3,Z,2,0,BLOCK,Z,0.9750137,0.4069822
7/2/7/3/7/7/1/6/5 3 3,X,-2,0,BLOCK,X,0.5482727,0.7303838
7/2/7/3/7/7/5/4/5 3 3,Z,2,0,BLOCK,Z,0.09800978,0.1148587
7/2/7/3/7/7/1/6/3 3 3,X,-1.5,0,BLOCK,X,0.3558185,0.5293469
7/2/7/3/7/7/5/4/3 3 3,Z,2,0,BLOCK,Z,1.688463,1.00351
7/2/7/3/7/7/1/5/6 3 3,X,-2.5,2,BLOCK,X,1.622253,0.9141958
7/2/7/3/7/7/5/1/6 3 3,Z,-2,0,BLOCK,Z,0.3741642,0.3865138
7/2/7/3/7/7/1/5/5 3 3,X,-2,0,BLOCK,X,0.7383024,0.7217688
7/2/7/3/7/7/5/1/5 3 3,Z,-2,0,BLOCK,Z,0.3700321,0.3931026
7/2/7/3/7/7/1/5/3 3 3,X,-1.5,0,BLOCK,X,0.2531453,0.4732581
7/2/7/3/7/7/5/1/3 3 3,Z,-2,0,BLOCK,Z,0.01498424,0.05243055
7/2/7/3/7/7/1/3/6 3 3,X,-2.5,0,BLOCK,X,0.4782966,0.7586471
7/2/7/3/7/7/1/3/5 3 3,X,-2,0,BLOCK,X,0.5401965,0.6459406
7/2/7/3/7/7/1/3/3 3 3,X,-1.5,0,BLOCK,X,0.1356121,0.374429
7/2/7/3/7/7/1/7/4 3 3,X,-2.5,0,BLOCK,X,0.3427826,0.5559978
7/2/7/3/7/7/1/7/2 3 3,X,-2,0,BLOCK,X,0.3539289,0.5353294
7/2/7/3/7/7/1/7/1 3 3,X,-1.5,2,BLOCK,X,1.185456,0.7165042
7/2/7/3/7/7/3/4/6 3 3,Z,2,0,BLOCK,Z,0.4454384,0.3894893
7/2/7/3/7/7/3/4/5 3 3,Z,2,0,BLOCK,Z,1.054226,0.4625041
3/2/7/3/7/7/3/6/3 3 3,Z,-0.5833333333333333333333333333,302,TIMEOUT,Z,0.06083014,0.02776254
7/2/7/3/7/7/3/4/3 3 3,Z,2,0,BLOCK,Z,0.1083226,0.1309849
7/2/7/3/7/7/3/1/6 3 3,Z,-2,0,BLOCK,Z,1.075323,0.3249726
7/2/7/3/7/7/3/1/5 3 3,Z,-2,0,BLOCK,Z,0.992992,0.3712667
7/2/7/3/7/7/3/1/3 3 3,Z,-2,2,BLOCK,Z,1.567909,0.9811089
7/2/7/3/7/7/7/4/4 3 3,Z,2,0,BLOCK,Z,0.07404191,0.04914613
7/2/7/3/7/7/7/4/2 3 3,Z,2,0,BLOCK,Z,0.03584903,0.05404717
7/2/7/3/7/7/7/4/1 3 3,Z,2,0,BLOCK,Z,0.03310164,0.04356334
7/2/7/3/7/7/7/1/4 3 3,Z,-2,0,BLOCK,Z,0.05508101,0.05193093
7/2/7/3/7/7/7/1/2 3 3,Z,-2,0,BLOCK,Z,0.07635863,0.1515913
7/2/7/3/7/7/7/1/1 3 3,Z,-2,0,BLOCK,Z,0.05442885,0.06816252
7/2/7/7/2/4/6/7/7 3 3,Z,2,0,BLOCK,Z,0.4721476,0.4311474
7/2/7/7/2/6/4/7/7 3 3,X,2,0,BLOCK,X,0.9884061,0.6533889
7/2/7/7/2/4/5/7/7 3 3,Z,2,0,BLOCK,Z,1.323769,0.9997374
7/2/7/7/2/6/1/7/7 3 3,X,-2,0,BLOCK,X,0.6041622,0.5241514
7/2/7/7/2/4/3/7/7 3 3,Z,2,0,BLOCK,Z,0.569317,0.417185
7/2/3/7/2/6/7/6/7 3 3,X,-0.5,302,TIMEOUT,Z,0.07428026,0.03419492
7/2/7/7/2/4/7/6/7 3 3,Z,1.75,0,BLOCK,Z,1.143167,0.8088284
7/2/7/7/2/6/7/4/7 3 3,Z,2,0,BLOCK,Z,0.390236,0.3993923
7/2/7/7/2/4/7/5/7 3 3,Z,2,2,BLOCK,Z,1.255194,0.9446346
7/2/7/7/2/6/7/1/7 3 3,Z,-2,0,BLOCK,Z,0.6482844,0.5507735
7/2/7/7/2/4/7/3/7 3 3,Z,2.25,0,BLOCK,Z,1.584336,0.9400786
7/2/7/7/2/4/7/7/6 3 3,Z,2,0,BLOCK,Z,1.203074,0.9778894
7/2/7/7/2/4/7/7/5 3 3,Z,2,0,BLOCK,Z,0.6930867,0.6078706
6/2/7/7/2/6/7/7/3 3 3,X,0.5555555555555555555555555556,302,TIMEOUT,Z,0.1199476,0.1027062
7/2/7/7/2/4/7/7/3 3 3,Z,2,0,BLOCK,Z,0.6047404,0.5353923
7/2/7/7/2/1/6/7/7 3 3,Z,-2,0,BLOCK,Z,0.3914827,0.304804
7/2/7/7/2/5/4/7/7 3 3,X,2,0,BLOCK,X,0.7223134,0.5602308
7/2/7/7/2/1/5/7/7 3 3,Z,-2,0,BLOCK,Z,1.259906,0.9058213
7/2/7/7/2/5/1/7/7 3 3,X,-2,0,BLOCK,X,0.7680442,0.5572023
7/2/7/7/2/1/3/7/7 3 3,Z,-2,0,BLOCK,Z,0.8218783,0.684557
7/2/7/7/2/1/7/6/7 3 3,Z,-2.25,0,BLOCK,Z,1.51584,1.050832
7/2/7/7/2/5/7/4/7 3 3,Z,2,0,BLOCK,Z,0.3152055,0.3440155
7/2/7/7/2/1/7/5/7 3 3,Z,-2,0,BLOCK,Z,0.7650988,0.6434426
7/2/7/7/2/5/7/1/7 3 3,Z,-2,0,BLOCK,Z,0.4652348,0.4651609
7/2/7/7/2/1/7/3/7 3 3,Z,-1.75,2,BLOCK,Z,1.205592,0.9283455
7/2/7/7/2/1/7/7/6 3 3,Z,-2,2,BLOCK,Z,1.316025,0.8968949
7/2/7/7/2/1/7/7/5 3 3,Z,-2,0,BLOCK,Z,0.7369103,0.6172999
7/2/7/7/2/1/7/7/3 3 3,Z,-2,0,BLOCK,Z,1.141293,0.755586
7/2/7/7/2/3/4/7/7 3 3,X,2,0,BLOCK,X,0.9284058,0.5771783
7/2/7/7/2/3/1/7/7 3 3,X,-2,0,BLOCK,X,1.228811,0.8387895
7/2/7/7/2/3/7/4/7 3 3,Z,2,0,BLOCK,Z,0.5377014,0.4965239
7/2/7/7/2/3/7/1/7 3 3,Z,-2,0,BLOCK,Z,0.3726439,0.4498274
7/2/7/7/2/7/4/6/7 3 3,X,2,0,BLOCK,X,0.7735479,0.6136571
7/2/7/7/2/7/6/4/7 3 3,Z,2,2,BLOCK,Z,1.579549,1.000776
7/2/7/7/2/7/4/5/7 3 3,X,2,0,BLOCK,X,0.5669197,0.5675426
7/2/7/7/2/7/6/1/7 3 3,Z,-2,0,BLOCK,Z,0.3833323,0.4848936
7/2/7/7/2/7/4/3/7 3 3,X,2,0,BLOCK,X,0.7762101,0.5672626
7/2/7/7/2/7/4/7/6 3 3,X,1.6,0,BLOCK,X,0.6658381,0.5966461
7/2/7/7/2/7/4/7/5 3 3,X,2,0,BLOCK,X,0.7654286,0.7029219
7/2/7/7/2/7/4/7/3 3 3,X,2.4,0,BLOCK,X,0.594642,0.7578557
7/2/7/7/2/7/1/6/7 3 3,X,-2,0,BLOCK,X,0.7481148,0.6882084
7/2/7/7/2/7/5/4/7 3 3,Z,2,0,BLOCK,Z,0.432009,0.4169186
7/2/7/7/2/7/1/5/7 3 3,X,-2,0,BLOCK,X,0.7106888,0.7554082
7/2/7/7/2/7/5/1/7 3 3,Z,-2,0,BLOCK,Z,0.4085971,0.4620996
7/2/7/7/2/7/1/3/7 3 3,X,-2,0,BLOCK,X,0.7789101,0.5652351
7/2/7/7/2/7/1/7/6 3 3,X,-2.4,2,BLOCK,X,1.54967,0.8921826
7/2/7/7/2/7/1/7/5 3 3,X,-2,0,BLOCK,X,0.8101689,0.6541198
7/2/7/7/2/7/1/7/3 3 3,X,-1.6,0,BLOCK,X,0.576601,0.4522141
7/2/7/7/2/7/3/4/7 3 3,Z,2,0,BLOCK,Z,0.4810697,0.4197915
7/2/7/7/2/7/3/1/7 3 3,Z,-2,0,BLOCK,Z,0.3700079,0.3801666
7/2/7/7/2/7/7/4/6 3 3,Z,2,0,BLOCK,Z,0.1397399,0.1531938
7/2/7/7/2/7/7/4/5 3 3,Z,2,0,BLOCK,Z,0.1038045,0.03813702
7/2/7/7/2/7/7/4/3 3 3,Z,2,0,BLOCK,Z,0.0474848,0.09748654
3/2/7/7/2/7/7/5/6 3 3,X,-0.5555555555555555555555555556,302,TIMEOUT,Z,0.08313723,0.04947578
7/2/7/7/2/7/7/1/6 3 3,Z,-2,0,BLOCK,Z,0.2044869,0.2380733
7/2/7/7/2/7/7/1/5 3 3,Z,-2,2,BLOCK,Z,1.640668,1.033418
7/2/7/7/2/7/7/1/3 3 3,Z,-2,2,BLOCK,Z,1.648875,1.03653
7/2/7/7/4/2/6/7/7 3 3,X,1.7777777777777777777777777778,0,BLOCK,X,0.5104245,0.6366168
7/2/7/7/6/2/4/7/7 3 3,X,2,0,BLOCK,X,1.333622,0.8840157
7/2/7/7/4/2/5/7/7 3 3,X,2,0,BLOCK,X,0.768003,0.6770725
7/2/7/7/6/2/1/7/7 3 3,X,-2,0,BLOCK,X,1.357908,1.000389
7/2/7/7/4/2/3/7/7 3 3,X,2.2222222222222222222222222222,0,BLOCK,X,0.4346387,0.539249
7/2/7/7/4/2/7/6/7 3 3,X,2,0,BLOCK,X,0.8097808,0.729621
7/2/7/7/6/2/7/4/7 3 3,Z,2,0,BLOCK,Z,0.4658331,0.3703754
7/2/7/7/4/2/7/5/7 3 3,X,2,0,BLOCK,X,0.5272033,0.7251937
7/2/7/7/6/2/7/1/7 3 3,Z,-2,0,BLOCK,Z,0.5827714,0.4611996
7/2/7/7/4/2/7/3/7 3 3,X,2,2,BLOCK,X,0.9152589,0.6045271
7/2/7/7/4/2/7/7/6 3 3,X,1.7777777777777777777777777778,0,BLOCK,X,0.7270983,0.6878783
7/2/7/7/4/2/7/7/5 3 3,X,2,0,BLOCK,X,0.5539108,0.7575242
7/2/7/7/4/2/7/7/3 3 3,X,2.2222222222222222222222222222,0,BLOCK,X,0.5985238,0.7111
7/2/7/7/4/6/2/7/7 3 3,X,2,2,BLOCK,X,0.953439,0.6643086
7/2/7/7/6/4/2/7/7 3 3,Z,2,0,BLOCK,Z,0.7080494,0.6350563
7/2/7/7/4/6/6/6/7 3 3,X,1.7777777777777777777777777778,0,BLOCK,X,0.9079575,0.6236765
7/2/7/7/6/4/6/6/7 3 3,Z,1.7142857142857142857142857142,0,BLOCK,Z,0.1651698,0.3182437
7/2/7/7/6/6/4/6/7 3 3,X,2,0,BLOCK,X,0.6279257,0.8422737
7/2/7/7/6/6/6/4/7 3 3,Z,2,0,BLOCK,Z,0.3338647,0.4057544
7/2/3/7/6/6/6/5/7 3 3,X,-0.6428571428571428571428571428,302,TIMEOUT,Z,0.04895917,0.03221789
7/2/7/7/4/6/6/5/7 3 3,X,1.7777777777777777777777777778,0,BLOCK,X,0.3976904,0.6738238
7/2/7/7/6/4/6/5/7 3 3,Z,2,0,BLOCK,Z,0.443047,0.4026343
7/2/7/7/6/6/4/5/7 3 3,X,2,0,BLOCK,X,0.5954067,0.6829156
7/2/7/7/6/6/6/1/7 3 3,Z,-2,2,BLOCK,Z,1.620047,1.012307
7/2/7/7/4/6/6/3/7 3 3,X,1.7777777777777777777777777778,0,BLOCK,X,0.3998041,0.4771703
7/2/7/7/6/4/6/3/7 3 3,Z,2.2857142857142857142857142858,0,BLOCK,Z,0.4067101,0.2953797
7/2/7/7/6/6/4/3/7 3 3,X,2,0,BLOCK,X,1.317236,0.8947062
3/2/7/7/6/6/6/7/6 3 3,X,-0.6666666666666666666666666666,8,PLANE,X,0.7084141,0.4550466
7/2/7/7/4/6/6/7/6 3 3,X,1.5555555555555555555555555556,0,BLOCK,X,0.6005449,0.5345957
7/2/7/7/6/4/6/7/6 3 3,Z,2,0,BLOCK,Z,0.4421192,0.4121128
7/2/7/7/6/6/4/7/6 3 3,X,1.6,0,BLOCK,X,0.9346543,0.7799918
7/2/7/7/4/6/6/7/5 3 3,X,1.7777777777777777777777777778,2,BLOCK,X,0.930613,0.6507051
7/2/7/7/6/4/6/7/5 3 3,Z,2,2,BLOCK,Z,1.311799,0.9393195
7/2/7/7/6/6/4/7/5 3 3,X,2,0,BLOCK,X,0.5819056,0.7232394
7/2/7/7/4/6/6/7/3 3 3,X,2,0,BLOCK,X,0.4105454,0.5444334
7/2/7/7/6/4/6/7/3 3 3,Z,2,0,BLOCK,Z,0.3433742,0.34975
7/2/7/7/6/6/4/7/3 3 3,X,2.4,0,BLOCK,X,0.6645007,0.709304
7/2/7/7/4/6/5/6/7 3 3,X,2,0,BLOCK,X,0.5401714,0.6376812
7/2/7/7/6/4/5/6/7 3 3,Z,1.7142857142857142857142857142,0,BLOCK,Z,0.3734816,0.4844362
7/2/7/7/6/6/1/6/7 3 3,X,-2,0,BLOCK,X,0.7778653,0.7008712
7/2/7/7/6/6/5/4/7 3 3,Z,2,0,BLOCK,Z,0.3887175,0.3005174
7/2/7/7/4/6/5/5/7 3 3,X,2,0,BLOCK,X,0.7656081,0.6253383
7/2/7/7/6/4/5/5/7 3 3,Z,2,0,BLOCK,Z,0.2430866,0.285586
7/2/7/7/6/6/1/5/7 3 3,X,-2,0,BLOCK,X,0.7432155,0.5932479
7/2/7/7/6/6/5/1/7 3 3,Z,-2,0,BLOCK,Z,1.410498,1.010142
7/2/7/7/4/6/5/3/7 3 3,X,2,0,BLOCK,X,0.6375431,0.6938779
7/2/7/7/6/4/5/3/7 3 3,Z,2.2857142857142857142857142858,0,BLOCK,Z,1.446678,1.030071
7/2/7/7/6/6/1/3/7 3 3,X,-2,0,BLOCK,X,0.9404324,0.6772589
7/2/7/7/4/6/5/7/6 3 3,X,1.7777777777777777777777777778,0,BLOCK,X,0.5069954,0.6071844
7/2/7/7/6/4/5/7/6 3 3,Z,2,0,BLOCK,Z,0.7082615,0.5467574
7/2/7/7/6/6/1/7/6 3 3,X,-2.4,0,BLOCK,X,0.8004156,0.7201337
7/2/7/7/4/6/5/7/5 3 3,X,2,0,BLOCK,X,0.5663716,0.7531073
7/2/7/7/6/4/5/7/5 3 3,Z,2,0,BLOCK,Z,0.623944,0.619989
7/2/7/7/6/6/1/7/5 3 3,X,-2,0,BLOCK,X,0.6663596,0.4861303
7/2/7/7/4/6/5/7/3 3 3,X,2.2222222222222222222222222222,0,BLOCK,X,0.7038708,0.7670795
7/2/7/7/6/4/5/7/3 3 3,Z,2,0,BLOCK,Z,0.7362138,0.67677
7/2/7/7/6/6/1/7/3 3 3,X,-1.6,2,BLOCK,X,1.261603,0.7347867
7/2/7/7/4/6/3/6/7 3 3,X,2.2222222222222222222222222222,0,BLOCK,X,0.6293951,0.6082078
7/2/7/7/6/4/3/6/7 3 3,Z,1.7142857142857142857142857142,0,BLOCK,Z,0.4063034,0.4228719
7/2/7/7/6/6/3/4/7 3 3,Z,2,0,BLOCK,Z,0.4635573,0.4480832
7/2/7/7/4/6/3/5/7 3 3,X,2.2222222222222222222222222222,2,BLOCK,X,1.307302,0.6943112
7/2/7/7/6/4/3/5/7 3 3,Z,2,0,BLOCK,Z,0.3692441,0.4572361
7/2/7/7/6/6/3/1/7 3 3,Z,-2,0,BLOCK,Z,1.073475,0.3644929
7/2/7/7/4/6/3/3/7 3 3,X,2.2222222222222222222222222222,0,BLOCK,X,0.5935141,0.5689034
7/2/7/7/6/4/3/3/7 3 3,Z,2.2857142857142857142857142858,0,BLOCK,Z,1.476707,0.9162741
7/2/6/7/6/6/3/7/6 3 3,X,-0.7,302,TIMEOUT,Z,0.0343998,0.01798391
7/2/7/7/4/6/3/7/6 3 3,X,2,0,BLOCK,X,0.3656823,0.376108
7/2/7/7/6/4/3/7/6 3 3,Z,2,0,BLOCK,Z,0.5342962,0.489594
7/2/3/7/6/6/3/7/5 3 3,X,0.6111111111111111111111111111,302,TIMEOUT,Z,0.004418571,0.00285187
7/2/7/7/4/6/3/7/5 3 3,X,2.2222222222222222222222222222,2,BLOCK,X,1.380661,0.5906385
7/2/7/7/6/4/3/7/5 3 3,Z,2,2,BLOCK,Z,1.275376,0.9065914
7/2/7/7/4/6/3/7/3 3 3,X,2.4444444444444444444444444444,0,BLOCK,X,0.6017394,0.5666315
7/2/7/7/6/4/3/7/3 3 3,Z,2,0,BLOCK,Z,1.149182,0.9029774
7/2/7/7/4/6/7/2/7 3 3,X,2,0,BLOCK,X,0.4903844,0.6837351
7/2/7/7/6/4/7/2/7 3 3,Z,2,0,BLOCK,Z,0.2631819,0.3625324
7/2/7/7/4/6/7/6/6 3 3,X,1.7777777777777777777777777778,0,BLOCK,X,0.5987552,0.6447917
7/2/7/7/6/4/7/6/6 3 3,Z,1.7142857142857142857142857142,0,BLOCK,Z,0.05717843,0.408443
7/2/7/7/6/6/7/4/6 3 3,Z,2,0,BLOCK,Z,0.3717141,0.3699965
6/2/7/7/6/6/7/6/5 3 3,X,0.5,302,TIMEOUT,Z,0.139526,0.09751823
7/2/7/7/4/6/7/6/5 3 3,X,2,2,BLOCK,X,0.9218429,0.7742449
7/2/7/7/6/4/7/6/5 3 3,Z,1.7142857142857142857142857142,0,BLOCK,Z,0.3828621,0.5069523
7/2/7/7/6/2/7/6/5 3 3,X,0.5,302,TIMEOUT,Z,0.01803624,0.008552912
7/2/7/7/6/6/7/4/5 3 3,Z,2,2,BLOCK,Z,1.561846,1.007326
7/2/7/7/4/6/7/6/3 3 3,X,2.2222222222222222222222222222,0,BLOCK,X,1.113696,0.6195308
7/2/7/7/6/4/7/6/3 3 3,Z,1.7142857142857142857142857142,0,BLOCK,Z,0.2592658,0.3906628
7/2/7/7/6/6/7/4/3 3 3,Z,2,0,BLOCK,Z,0.3348747,0.3133234
7/2/7/7/4/6/7/5/6 3 3,X,1.7777777777777777777777777778,0,BLOCK,X,0.5878001,0.6737148
7/2/7/7/6/4/7/5/6 3 3,Z,2,2,BLOCK,Z,1.208001,0.9021815
7/2/7/7/6/6/7/1/6 3 3,Z,-2,2,BLOCK,Z,1.63429,1.01437
7/2/7/7/4/6/7/5/5 3 3,X,2,0,BLOCK,X,0.6506684,0.7007287
7/2/7/7/6/4/7/5/5 3 3,Z,2,0,BLOCK,Z,0.6626871,0.5965486
7/2/7/7/6/6/7/1/5 3 3,Z,-2,0,BLOCK,Z,0.1703645,0.1692765
7/2/7/7/4/6/7/5/3 3 3,X,2.2222222222222222222222222222,2,BLOCK,X,1.073433,0.6884473
7/2/7/7/6/4/7/5/3 3 3,Z,2,0,BLOCK,Z,0.6527222,0.4233546
7/2/7/7/6/6/7/1/3 3 3,Z,-2,0,BLOCK,Z,0.6086363,0.6316716
6/2/7/7/6/6/7/3/6 3 3,Z,0.6428571428571428571428571429,302,TIMEOUT,Z,0.105285,0.07082947
7/2/7/7/4/6/7/3/6 3 3,X,1.7777777777777777777777777778,0,BLOCK,X,0.6753724,0.7323395
7/2/7/7/6/4/7/3/6 3 3,Z,2.2857142857142857142857142858,0,BLOCK,Z,0.4500873,0.5608615
7/2/7/7/4/6/7/3/5 3 3,X,2,0,BLOCK,X,0.4925292,0.5989569
7/2/7/7/6/4/7/3/5 3 3,Z,2.2857142857142857142857142858,0,BLOCK,Z,0.2789263,0.3714589
7/2/7/7/4/6/7/3/3 3 3,X,2.2222222222222222222222222222,0,BLOCK,X,0.6930838,0.7374295
7/2/7/7/6/4/7/3/3 3 3,Z,2.2857142857142857142857142858,0,BLOCK,Z,0.6379654,0.6143062
7/2/7/7/4/6/7/7/4 3 3,X,1.7777777777777777777777777778,0,BLOCK,X,0.4745586,0.7453052
7/2/7/7/6/4/7/7/4 3 3,Z,2,0,BLOCK,Z,0.7510459,0.6273159
7/2/7/7/4/6/7/7/2 3 3,X,2,0,BLOCK,X,0.8013205,0.7336367
7/2/7/7/6/4/7/7/2 3 3,Z,2,0,BLOCK,Z,0.5071988,0.5000781
7/2/7/7/4/6/7/7/1 3 3,X,2.2222222222222222222222222222,0,BLOCK,X,0.823676,0.7458523
7/2/7/7/6/4/7/7/1 3 3,Z,2,0,BLOCK,Z,0.3341612,0.2912232
7/2/7/7/4/5/2/7/7 3 3,X,2,0,BLOCK,X,0.3258102,0.4933289
7/2/7/7/6/1/2/7/7 3 3,Z,-2,0,BLOCK,Z,0.6989073,0.5373505
7/2/7/7/4/5/6/6/7 3 3,X,1.7777777777777777777777777778,2,BLOCK,X,0.9529706,0.5955003
7/2/7/7/6/1/6/6/7 3 3,Z,-2.2857142857142857142857142858,0,BLOCK,Z,0.2911871,0.4683009
7/2/7/7/6/5/4/6/7 3 3,X,2,2,BLOCK,X,1.365727,0.8515458
7/2/7/7/6/5/6/4/7 3 3,Z,2,0,BLOCK,Z,0.3814051,0.4618703
6/2/7/7/6/5/6/5/7 3 3,X,0.5,302,TIMEOUT,Z,0.1064425,0.06441095
7/2/7/7/4/5/6/5/7 3 3,X,1.7777777777777777777777777778,0,BLOCK,X,0.3479235,0.5652716
7/2/7/7/6/1/6/5/7 3 3,Z,-2,0,BLOCK,Z,0.6134006,0.4861584
7/2/7/7/6/5/4/5/7 3 3,X,2,0,BLOCK,X,0.6829813,0.6929895
7/2/7/7/6/5/6/1/7 3 3,Z,-2,0,BLOCK,Z,0.4080948,0.4608445
7/2/3/7/6/5/6/3/7 3 3,X,-0.6428571428571428571428571428,302,TIMEOUT,Z,0.02460575,0.01102519
7/2/7/7/4/5/6/3/7 3 3,X,1.7777777777777777777777777778,2,BLOCK,X,0.9466923,0.5612992
7/2/7/7/6/1/6/3/7 3 3,Z,-1.7142857142857142857142857142,0,BLOCK,Z,0.6748115,0.618232
7/2/7/7/6/5/4/3/7 3 3,X,2,2,BLOCK,X,1.401141,0.8284697
7/2/7/7/4/5/6/7/6 3 3,X,1.5555555555555555555555555556,0,BLOCK,X,0.2019792,0.5292687
7/2/7/7/6/1/6/7/6 3 3,Z,-2,0,BLOCK,Z,0.3348327,0.4500326
7/2/7/7/6/5/4/7/6 3 3,X,1.6,0,BLOCK,X,0.5959247,0.5269617
7/2/7/7/4/5/6/7/5 3 3,X,1.7777777777777777777777777778,0,BLOCK,X,0.5811726,0.6612813
7/2/7/7/6/1/6/7/5 3 3,Z,-2,0,BLOCK,Z,0.4653713,0.4317398
7/2/7/7/6/5/4/7/5 3 3,X,2,0,BLOCK,X,0.8036463,0.6826562
7/2/7/7/4/5/6/7/3 3 3,X,2,0,BLOCK,X,0.3707915,0.5603998
7/2/7/7/6/1/6/7/3 3 3,Z,-2,0,BLOCK,Z,0.8371,0.598691
7/2/7/7/6/5/4/7/3 3 3,X,2.4,0,BLOCK,X,1.630096,1.074352
7/2/7/7/4/5/5/6/7 3 3,X,2,0,BLOCK,X,0.703899,0.6203692
7/2/7/7/6/1/5/6/7 3 3,Z,-2.2857142857142857142857142858,0,BLOCK,Z,0.5295072,0.5449914
7/2/7/7/6/5/1/6/7 3 3,X,-2,0,BLOCK,X,0.6766108,0.6133037
7/2/7/7/6/5/5/4/7 3 3,Z,2,0,BLOCK,Z,0.4244883,0.4412754
7/2/7/7/4/5/5/5/7 3 3,X,2,0,BLOCK,X,0.7186475,0.6368953
7/2/7/7/6/1/5/5/7 3 3,Z,-2,0,BLOCK,Z,0.8494006,0.7022212
7/2/7/7/6/5/1/5/7 3 3,X,-2,0,BLOCK,X,0.6382132,0.6617481
7/2/7/7/6/5/5/1/7 3 3,Z,-2,0,BLOCK,Z,1.189187,0.5294079
7/2/7/7/4/5/5/3/7 3 3,X,2,2,BLOCK,X,0.8718938,0.5887904
7/2/7/7/6/1/5/3/7 3 3,Z,-1.7142857142857142857142857142,0,BLOCK,Z,0.4167911,0.5642928
7/2/7/7/6/5/1/3/7 3 3,X,-2,0,BLOCK,X,0.6338178,0.5821614
7/2/7/7/4/5/5/7/6 3 3,X,1.7777777777777777777777777778,0,BLOCK,X,0.5173089,0.6152066
7/2/7/7/6/1/5/7/6 3 3,Z,-2,0,BLOCK,Z,0.5954075,0.4279596
7/2/7/7/6/5/1/7/6 3 3,X,-2.4,0,BLOCK,X,0.8967823,0.7636514
7/2/7/7/4/5/5/7/5 3 3,X,2,0,BLOCK,X,0.7367064,0.4983571
7/2/7/7/6/1/5/7/5 3 3,Z,-2,0,BLOCK,Z,0.8355443,0.5656836
7/2/7/7/6/5/1/7/5 3 3,X,-2,2,BLOCK,X,1.337278,0.7953263
7/2/7/7/4/5/5/7/3 3 3,X,2.2222222222222222222222222222,0,BLOCK,X,0.7062563,0.6436005
7/2/7/7/6/1/5/7/3 3 3,Z,-2,0,BLOCK,Z,0.6710515,0.5078175
7/2/7/7/6/5/1/7/3 3 3,X,-1.6,0,BLOCK,X,0.4547005,0.4038027
7/2/7/7/4/5/3/6/7 3 3,X,2.2222222222222222222222222222,0,BLOCK,X,0.6300012,0.6251432
7/2/7/7/6/1/3/6/7 3 3,Z,-2.2857142857142857142857142858,0,BLOCK,Z,0.2895471,0.3990543
7/2/7/7/6/5/3/4/7 3 3,Z,2,0,BLOCK,Z,0.3785591,0.4755634
7/2/7/7/4/5/3/5/7 3 3,X,2.2222222222222222222222222222,2,BLOCK,X,1.301794,0.7070917
7/2/7/7/6/1/3/5/7 3 3,Z,-2,2,BLOCK,Z,1.208048,0.8816451
7/2/7/7/6/5/3/1/7 3 3,Z,-2,0,BLOCK,Z,0.2045331,0.1749822
7/2/7/7/4/5/3/3/7 3 3,X,2.2222222222222222222222222222,2,BLOCK,X,1.40166,0.6866601
7/2/7/7/6/1/3/3/7 3 3,Z,-1.7142857142857142857142857142,0,BLOCK,Z,1.147929,0.768522
7/2/7/7/4/5/3/7/6 3 3,X,2,0,BLOCK,X,0.5413025,0.5051764
7/2/7/7/6/1/3/7/6 3 3,Z,-2,0,BLOCK,Z,0.611895,0.4643762
7/2/7/7/4/5/3/7/5 3 3,X,2.2222222222222222222222222222,0,BLOCK,X,0.7108287,0.6090612
7/2/7/7/6/1/3/7/5 3 3,Z,-2,0,BLOCK,Z,0.4842509,0.4952455
7/2/7/7/4/5/3/7/3 3 3,X,2.4444444444444444444444444444,0,BLOCK,X,0.3213326,0.4356241
7/2/7/7/6/1/3/7/3 3 3,Z,-2,0,BLOCK,Z,0.4227893,0.4957308
7/2/7/7/4/5/7/2/7 3 3,X,2,0,BLOCK,X,0.5603698,0.7689909
7/2/7/7/6/1/7/2/7 3 3,Z,-2,2,BLOCK,Z,1.43708,0.8706925
7/2/7/7/4/5/7/6/6 3 3,X,1.7777777777777777777777777778,0,BLOCK,X,0.644654,0.6026278
7/2/7/7/6/1/7/6/6 3 3,Z,-2.2857142857142857142857142858,0,BLOCK,Z,0.4138706,0.4718089
7/2/7/7/6/5/7/4/6 3 3,Z,2,0,BLOCK,Z,0.1072488,0.1156303
7/2/7/7/4/5/7/6/5 3 3,X,2,0,BLOCK,X,0.6016702,0.7102299
7/2/7/7/6/1/7/6/5 3 3,Z,-2.2857142857142857142857142858,0,BLOCK,Z,0.3545639,0.4805893
7/2/7/7/6/5/7/4/5 3 3,Z,2,0,BLOCK,Z,0.05900349,0.1285724
7/2/7/7/4/5/7/6/3 3 3,X,2.2222222222222222222222222222,0,BLOCK,X,0.5054149,0.6587567
7/2/7/7/6/1/7/6/3 3 3,Z,-2.2857142857142857142857142858,0,BLOCK,Z,0.3838973,0.4067758
7/2/7/7/6/5/7/4/3 3 3,Z,2,0,BLOCK,Z,0.04933866,0.1627139
7/2/7/7/4/5/7/5/6 3 3,X,1.7777777777777777777777777778,0,BLOCK,X,0.5738216,0.684262
7/2/7/7/6/1/7/5/6 3 3,Z,-2,0,BLOCK,Z,0.8426169,0.6295457
7/2/7/7/6/5/7/1/6 3 3,Z,-2,0,BLOCK,Z,0.1184322,0.1807972
7/2/7/7/4/5/7/5/5 3 3,X,2,0,BLOCK,X,0.542344,0.7217732
7/2/7/7/6/1/7/5/5 3 3,Z,-2,0,BLOCK,Z,0.3066958,0.3491496
7/2/7/7/6/5/7/1/5 3 3,Z,-2,0,BLOCK,Z,0.1823548,0.1398284
7/2/7/7/4/5/7/5/3 3 3,X,2.2222222222222222222222222222,2,BLOCK,X,1.066157,0.7201874
7/2/7/7/6/1/7/5/3 3 3,Z,-2,0,BLOCK,Z,0.4611926,0.4643986
7/2/7/7/6/5/7/1/3 3 3,Z,-2,0,BLOCK,Z,0.08274354,0.1394832
7/2/7/7/4/5/7/3/6 3 3,X,1.7777777777777777777777777778,0,BLOCK,X,0.5536789,0.5863079
7/2/7/7/6/1/7/3/6 3 3,Z,-1.7142857142857142857142857142,2,BLOCK,Z,1.179581,0.8876308
7/2/7/7/4/5/7/3/5 3 3,X,2,0,BLOCK,X,0.5709957,0.7047895
7/2/7/7/6/1/7/3/5 3 3,Z,-1.7142857142857142857142857142,0,BLOCK,Z,0.6848204,0.6631861
7/2/7/7/4/5/7/3/3 3 3,X,2.2222222222222222222222222222,0,BLOCK,X,0.5027676,0.6092825
7/2/7/7/6/1/7/3/3 3 3,Z,-1.7142857142857142857142857142,0,BLOCK,Z,0.5823708,0.6298857
7/2/7/7/4/5/7/7/4 3 3,X,1.7777777777777777777777777778,0,BLOCK,X,0.7126485,0.7680023
7/2/7/7/6/1/7/7/4 3 3,Z,-2,2,BLOCK,Z,1.30984,0.8913512
7/2/7/7/4/5/7/7/2 3 3,X,2,0,BLOCK,X,0.5911267,0.7139967
7/2/7/7/6/1/7/7/2 3 3,Z,-2,0,BLOCK,Z,0.8695894,0.579195
7/2/7/7/4/5/7/7/1 3 3,X,2.2222222222222222222222222222,0,BLOCK,X,0.6135319,0.7362049
7/2/7/7/6/1/7/7/1 3 3,Z,-2,0,BLOCK,Z,0.6200207,0.7230889
7/2/7/7/4/3/2/7/7 3 3,X,2,0,BLOCK,X,0.3365249,0.5092317
7/2/7/7/4/3/6/6/7 3 3,X,1.7777777777777777777777777778,0,BLOCK,X,0.6339868,0.6004052
7/2/7/7/6/3/4/6/7 3 3,X,2,0,BLOCK,X,0.6212159,0.8485502
7/2/7/7/6/3/6/4/7 3 3,Z,2,0,BLOCK,Z,0.6221303,0.5424247
7/2/7/7/4/3/6/5/7 3 3,X,1.7777777777777777777777777778,2,BLOCK,X,0.9145585,0.6116901
7/2/7/7/6/3/4/5/7 3 3,X,2,2,BLOCK,X,1.386715,0.9620386
7/2/7/7/6/3/6/1/7 3 3,Z,-2,0,BLOCK,Z,0.3790162,0.2059423
7/2/7/7/4/3/6/3/7 3 3,X,1.7777777777777777777777777778,2,BLOCK,X,0.9150447,0.6032739
7/2/7/7/6/3/4/3/7 3 3,X,2,0,BLOCK,X,0.543022,0.7890007
7/2/7/7/4/3/6/7/6 3 3,X,1.5555555555555555555555555556,0,BLOCK,X,0.5244539,0.5460929
7/2/7/7/6/3/4/7/6 3 3,X,1.6,0,BLOCK,X,0.4018757,0.4945011
7/2/7/7/4/3/6/7/5 3 3,X,1.7777777777777777777777777778,0,BLOCK,X,0.5475587,0.6864249
7/2/7/7/6/3/4/7/5 3 3,X,2,0,BLOCK,X,1.316293,0.9294817
7/2/7/7/4/3/6/7/3 3 3,X,2,0,BLOCK,X,0.4025381,0.7568784
7/2/7/7/6/3/4/7/3 3 3,X,2.4,2,BLOCK,X,1.624952,1.048162
7/2/7/7/4/3/5/6/7 3 3,X,2,2,BLOCK,X,0.8658392,0.6065786
7/2/7/7/6/3/1/6/7 3 3,X,-2,2,BLOCK,X,1.394188,0.8005288
7/2/7/7/6/3/5/4/7 3 3,Z,2,0,BLOCK,Z,1.478273,1.004507
7/2/7/7/4/3/5/5/7 3 3,X,2,0,BLOCK,X,0.4366207,0.6419966
7/2/7/7/6/3/1/5/7 3 3,X,-2,0,BLOCK,X,0.6470305,0.5971903
7/2/7/7/6/3/5/1/7 3 3,Z,-2,2,BLOCK,Z,1.593982,0.9216379
7/2/7/7/4/3/5/3/7 3 3,X,2,0,BLOCK,X,0.5111263,0.6332638
7/2/7/7/6/3/1/3/7 3 3,X,-2,0,BLOCK,X,0.558793,0.4647488
7/2/7/7/4/3/5/7/6 3 3,X,1.7777777777777777777777777778,0,BLOCK,X,0.5287136,0.5939102
7/2/7/7/6/3/1/7/6 3 3,X,-2.4,0,BLOCK,X,1.54087,1.093421
7/2/7/7/4/3/5/7/5 3 3,X,2,0,BLOCK,X,0.7008918,0.7116943
7/2/7/7/6/3/1/7/5 3 3,X,-2,0,BLOCK,X,0.6619259,0.605475
7/2/7/7/4/3/5/7/3 3 3,X,2.2222222222222222222222222222,2,BLOCK,X,1.035396,0.5916486
7/2/7/7/6/3/1/7/3 3 3,X,-1.6,0,BLOCK,X,1.127768,0.7234372
7/2/7/7/4/3/3/6/7 3 3,X,2.2222222222222222222222222222,0,BLOCK,X,0.4136889,0.5134954
7/2/7/7/6/3/3/4/7 3 3,Z,2,0,BLOCK,Z,0.7602888,0.5725828
7/2/7/7/4/3/3/5/7 3 3,X,2.2222222222222222222222222222,2,BLOCK,X,1.31737,0.7046083
7/2/7/7/6/3/3/1/7 3 3,Z,-2,0,BLOCK,Z,1.651924,1.068872
7/2/7/7/4/3/3/3/7 3 3,X,2.2222222222222222222222222222,0,BLOCK,X,0.2763638,0.4461938
7/2/7/7/4/3/3/7/6 3 3,X,2,0,BLOCK,X,0.6269242,0.6648569
7/2/7/7/4/3/3/7/5 3 3,X,2.2222222222222222222222222222,0,BLOCK,X,0.4080325,0.4765446
7/2/7/7/4/3/3/7/3 3 3,X,2.4444444444444444444444444444,0,BLOCK,X,0.5230781,0.4586364
7/2/7/7/4/3/7/2/7 3 3,X,2,0,BLOCK,X,0.5918097,0.7021465
7/2/7/7/4/3/7/6/6 3 3,X,1.7777777777777777777777777778,0,BLOCK,X,0.6747876,0.6001073
7/2/7/7/6/3/7/4/6 3 3,Z,2,0,BLOCK,Z,0.4585243,0.4786614
7/2/7/7/4/3/7/6/5 3 3,X,2,0,BLOCK,X,1.055187,0.6655357
7/2/7/7/6/3/7/4/5 3 3,Z,2,0,BLOCK,Z,0.2105955,0.140296
7/2/7/7/4/3/7/6/3 3 3,X,2.2222222222222222222222222222,0,BLOCK,X,0.7131165,0.5980119
7/2/7/7/6/3/7/4/3 3 3,Z,2,0,BLOCK,Z,0.2020436,0.2728934
7/2/7/7/4/3/7/5/6 3 3,X,1.7777777777777777777777777778,0,BLOCK,X,0.6401813,0.7058026
7/2/7/7/6/3/7/1/6 3 3,Z,-2,0,BLOCK,Z,0.4133462,0.4351633
7/2/7/7/4/3/7/5/5 3 3,X,2,0,BLOCK,X,0.5729079,0.6338315
7/2/7/7/6/3/7/1/5 3 3,Z,-2,0,BLOCK,Z,0.3260486,0.3352463
7/2/7/7/4/3/7/5/3 3 3,X,2.2222222222222222222222222222,0,BLOCK,X,0.6059114,0.8123995
7/2/7/7/6/3/7/1/3 3 3,Z,-2,0,BLOCK,Z,0.3000419,0.3257977
7/2/7/7/4/3/7/3/6 3 3,X,1.7777777777777777777777777778,0,BLOCK,X,0.7342905,0.6375851
7/2/7/7/4/3/7/3/5 3 3,X,2,2,BLOCK,X,1.046588,0.6552049
7/2/7/7/4/3/7/3/3 3 3,X,2.2222222222222222222222222222,2,BLOCK,X,1.039044,0.5762708
7/2/7/7/4/3/7/7/4 3 3,X,1.7777777777777777777777777778,0,BLOCK,X,0.6294947,0.6724191
7/2/7/7/4/3/7/7/2 3 3,X,2,2,BLOCK,X,1.028608,0.8072449
7/2/7/7/4/3/7/7/1 3 3,X,2.2222222222222222222222222222,0,BLOCK,X,0.8310819,0.6369876
3/2/7/7/6/7/2/6/7 3 3,X,-0.5555555555555555555555555556,302,TIMEOUT,Z,0.07037319,0.03066275
7/2/7/7/4/7/2/6/7 3 3,X,2,0,BLOCK,X,0.4935988,0.4851907
7/2/7/7/6/7/2/4/7 3 3,Z,2,0,BLOCK,Z,0.7221135,0.4030621
7/2/7/7/4/7/2/5/7 3 3,X,2,0,BLOCK,X,0.4741194,0.4513837
7/2/7/7/6/7/2/1/7 3 3,Z,-2,0,BLOCK,Z,0.5398439,0.4854508
7/2/7/7/4/7/2/3/7 3 3,X,2,0,BLOCK,X,0.4000307,0.5187243
7/2/7/7/4/7/2/7/6 3 3,X,1.7777777777777777777777777778,2,BLOCK,X,1.213946,0.7403666
7/2/7/7/4/7/2/7/5 3 3,X,2,0,BLOCK,X,0.4815967,0.5033765
7/2/7/7/4/7/2/7/3 3 3,X,2.2222222222222222222222222222,0,BLOCK,X,0.6907467,0.6203273
7/2/7/7/4/7/6/2/7 3 3,X,1.7777777777777777777777777778,0,BLOCK,X,0.4572347,0.6501393
7/2/7/7/6/7/4/2/7 3 3,X,2,0,BLOCK,X,0.6303348,0.7255997
7/2/7/7/4/7/6/6/6 3 3,X,1.5555555555555555555555555556,0,BLOCK,X,0.5061049,0.6539434
7/2/7/7/6/7/4/6/6 3 3,X,1.5,0,BLOCK,X,1.278916,0.7748492
7/2/7/7/6/7/6/4/6 3 3,Z,2,0,BLOCK,Z,0.08673768,0.1037403
7/2/7/7/4/7/6/6/5 3 3,X,1.7777777777777777777777777778,0,BLOCK,X,0.4872432,0.5872095
7/2/7/7/6/7/4/6/5 3 3,X,2,0,BLOCK,X,0.3869456,0.5670727
7/2/7/7/6/7/6/4/5 3 3,Z,2,0,BLOCK,Z,0.1480248,0.2283685
7/2/7/7/4/7/6/6/3 3 3,X,2.0,2,BLOCK,X,1.020346,0.7962335
7/2/7/7/6/7/4/6/3 3 3,X,2.5,0,BLOCK,X,0.6440475,0.8142056
7/2/7/7/6/7/6/4/3 3 3,Z,2,0,BLOCK,Z,1.716459,0.964602
7/2/7/7/4/7/6/5/6 3 3,X,1.5555555555555555555555555556,0,BLOCK,X,0.5388484,0.4476464
7/2/7/7/6/7/4/5/6 3 3,X,1.5,0,BLOCK,X,0.3674191,0.5453464
7/2/7/7/6/7/6/1/6 3 3,Z,-2,2,BLOCK,Z,1.632499,1.027285
7/2/7/7/4/7/6/5/5 3 3,X,1.7777777777777777777777777778,0,BLOCK,X,0.3761045,0.6275347
7/2/7/7/6/7/4/5/5 3 3,X,2,0,BLOCK,X,0.5562902,0.6331553
7/2/7/7/6/7/6/1/5 3 3,Z,-2,0,BLOCK,Z,1.739643,1.059285
7/2/7/7/4/7/6/5/3 3 3,X,2.0,0,BLOCK,X,0.7930241,0.6189903
7/2/7/7/6/7/4/5/3 3 3,X,2.5,2,BLOCK,X,1.65967,0.982618
7/2/7/7/6/7/6/1/3 3 3,Z,-2,0,BLOCK,Z,0.06852257,0.1418897
7/2/7/7/4/7/6/3/6 3 3,X,1.5555555555555555555555555556,2,BLOCK,X,0.9251757,0.5927653
7/2/7/7/6/7/4/3/6 3 3,X,1.5,0,BLOCK,X,0.4798312,0.584147
7/2/7/7/4/7/6/3/5 3 3,X,1.7777777777777777777777777778,2,BLOCK,X,0.9663547,0.5442424
7/2/7/7/6/7/4/3/5 3 3,X,2,2,BLOCK,X,1.330036,0.7999997
7/2/7/7/4/7/6/3/3 3 3,X,2.0,0,BLOCK,X,0.7156968,0.6446378
7/2/7/7/6/7/4/3/3 3 3,X,2.5,0,BLOCK,X,0.6417241,0.778347
7/2/7/7/4/7/6/7/4 3 3,X,1.5555555555555555555555555556,0,BLOCK,X,0.397049,0.5751121
7/2/7/7/6/7/4/7/4 3 3,X,1.5,0,BLOCK,X,0.3575996,0.4915093
7/2/7/7/4/7/6/7/2 3 3,X,1.7777777777777777777777777778,0,BLOCK,X,0.4528397,0.6823078
7/2/7/7/6/7/4/7/2 3 3,X,2,0,BLOCK,X,0.4437876,0.5838118
7/2/7/7/4/7/6/7/1 3 3,X,2.0,0,BLOCK,X,0.5416309,0.6918982
7/2/7/7/6/7/4/7/1 3 3,X,2.5,0,BLOCK,X,0.635721,0.6338648
7/2/7/7/4/7/5/2/7 3 3,X,2,0,BLOCK,X,0.5602975,0.6768837
7/2/7/7/6/7/1/2/7 3 3,X,-2,0,BLOCK,X,0.6667609,0.6539566
7/2/7/7/4/7/5/6/6 3 3,X,1.7777777777777777777777777778,0,BLOCK,X,0.7942088,0.6313299
7/2/7/7/6/7/1/6/6 3 3,X,-2.5,0,BLOCK,X,0.8435423,0.9245117
7/2/7/7/6/7/5/4/6 3 3,Z,2,2,BLOCK,Z,1.652593,1.008663
7/2/7/7/4/7/5/6/5 3 3,X,2,0,BLOCK,X,0.6507894,0.776579
7/2/7/7/6/7/1/6/5 3 3,X,-2,0,BLOCK,X,0.8355631,0.6280137
7/2/7/7/6/7/5/4/5 3 3,Z,2,0,BLOCK,Z,0.143424,0.06003445
7/2/7/7/4/7/5/6/3 3 3,X,2.2222222222222222222222222222,2,BLOCK,X,1.037358,0.7555165
7/2/7/7/6/7/1/6/3 3 3,X,-1.5,0,BLOCK,X,0.4532657,0.456865
7/2/7/7/6/7/5/4/3 3 3,Z,2,0,BLOCK,Z,1.714315,0.9953346
7/2/7/7/4/7/5/5/6 3 3,X,1.7777777777777777777777777778,0,BLOCK,X,0.4725913,0.7349251
7/2/7/7/6/7/1/5/6 3 3,X,-2.5,0,BLOCK,X,0.7643047,0.8719144
7/2/7/7/6/7/5/1/6 3 3,Z,-2,0,BLOCK,Z,1.541402,0.9219666
7/2/7/7/4/7/5/5/5 3 3,X,2,0,BLOCK,X,0.529132,0.7288053
7/2/7/7/6/7/1/5/5 3 3,X,-2,0,BLOCK,X,0.6548866,0.6310142
7/2/7/7/6/7/5/1/5 3 3,Z,-2,0,BLOCK,Z,0.06650733,0.03492652
7/2/7/7/4/7/5/5/3 3 3,X,2.2222222222222222222222222222,0,BLOCK,X,0.8726878,0.6920137
7/2/7/7/6/7/1/5/3 3 3,X,-1.5,0,BLOCK,X,0.4727748,0.4646336
7/2/7/7/6/7/5/1/3 3 3,Z,-2,0,BLOCK,Z,0.0552437,0.09426802
7/2/7/7/4/7/5/3/6 3 3,X,1.7777777777777777777777777778,2,BLOCK,X,0.9074315,0.6438133
7/2/7/7/6/7/1/3/6 3 3,X,-2.5,0,BLOCK,X,0.8091918,0.8109724
7/2/7/7/4/7/5/3/5 3 3,X,2,0,BLOCK,X,0.56946,0.6929628
7/2/7/7/6/7/1/3/5 3 3,X,-2,0,BLOCK,X,0.5692574,0.5645671
7/2/7/7/4/7/5/3/3 3 3,X,2.2222222222222222222222222222,0,BLOCK,X,0.780786,0.7344669
7/2/7/7/6/7/1/3/3 3 3,X,-1.5,0,BLOCK,X,0.8182546,0.5317596
7/2/7/7/4/7/5/7/4 3 3,X,1.7777777777777777777777777778,0,BLOCK,X,0.8028111,0.6573867
7/2/7/7/6/7/1/7/4 3 3,X,-2.5,0,BLOCK,X,0.5586524,0.6455505
7/2/7/7/4/7/5/7/2 3 3,X,2,0,BLOCK,X,0.7422549,0.5460939
7/2/7/7/6/7/1/7/2 3 3,X,-2,2,BLOCK,X,1.530267,0.8886577
7/2/7/7/4/7/5/7/1 3 3,X,2.2222222222222222222222222222,0,BLOCK,X,0.7299615,0.8562703
7/2/7/7/6/7/1/7/1 3 3,X,-1.5,0,BLOCK,X,0.4804049,0.4286624
7/2/7/7/4/7/3/2/7 3 3,X,2.2222222222222222222222222222,0,BLOCK,X,0.4711336,0.5532821
7/2/7/7/4/7/3/6/6 3 3,X,2.0,0,BLOCK,X,0.5004528,0.7180122
7/2/7/7/6/7/3/4/6 3 3,Z,2,0,BLOCK,Z,1.694098,1.080767
7/2/7/7/4/7/3/6/5 3 3,X,2.2222222222222222222222222222,0,BLOCK,X,0.4608031,0.6610284
7/2/7/7/6/7/3/4/5 3 3,Z,2,0,BLOCK,Z,0.1060437,0.1004106
7/2/7/7/4/7/3/6/3 3 3,X,2.4444444444444444444444444444,0,BLOCK,X,0.9649073,0.5746995
7/2/7/7/6/7/3/4/3 3 3,Z,2,0,BLOCK,Z,0.0768392,0.1406881
7/2/7/7/4/7/3/5/6 3 3,X,2.0,0,BLOCK,X,0.5830814,0.7736518
7/2/7/7/6/7/3/1/6 3 3,Z,-2,0,BLOCK,Z,0.1080455,0.157325
7/2/7/7/4/7/3/5/5 3 3,X,2.2222222222222222222222222222,0,BLOCK,X,0.5587182,0.6834942
7/2/7/7/6/7/3/1/5 3 3,Z,-2,0,BLOCK,Z,1.048242,0.4771727
7/2/7/7/4/7/3/5/3 3 3,X,2.4444444444444444444444444444,0,BLOCK,X,0.8239213,0.6211905
7/2/7/7/6/7/3/1/3 3 3,Z,-2,0,BLOCK,Z,0.2201595,0.2888595
7/2/7/7/4/7/3/3/6 3 3,X,2.0,0,BLOCK,X,0.5671957,0.7004114
7/2/7/7/4/7/3/3/5 3 3,X,2.2222222222222222222222222222,0,BLOCK,X,0.5527156,0.6521055
7/2/7/7/4/7/3/3/3 3 3,X,2.4444444444444444444444444444,0,BLOCK,X,0.5445409,0.5434396
7/2/7/7/4/7/3/7/4 3 3,X,2.0,0,BLOCK,X,0.4047401,0.6275834
7/2/7/7/4/7/3/7/2 3 3,X,2.2222222222222222222222222222,0,BLOCK,X,0.3585229,0.5006196
7/2/7/7/4/7/3/7/1 3 3,X,2.4444444444444444444444444444,0,BLOCK,X,0.6892451,0.6846483
7/2/7/7/4/7/7/2/6 3 3,X,1.7777777777777777777777777778,0,BLOCK,X,0.6750289,0.6452966
7/2/7/7/4/7/7/2/5 3 3,X,2,0,BLOCK,X,0.5397031,0.6250306
7/2/7/7/4/7/7/2/3 3 3,X,2.2222222222222222222222222222,0,BLOCK,X,0.5357626,0.6948999
7/2/7/7/4/7/7/6/4 3 3,X,1.7777777777777777777777777778,0,BLOCK,X,0.6870226,0.6629674
7/2/7/7/6/7/7/4/4 3 3,Z,2,0,BLOCK,Z,0.04609409,0.05565548
7/2/7/7/4/7/7/6/2 3 3,X,2,2,BLOCK,X,1.093066,0.6521142
7/2/7/7/6/7/7/4/2 3 3,Z,2,0,BLOCK,Z,0.06898085,0.1228687
7/2/7/7/4/7/7/6/1 3 3,X,2.2222222222222222222222222222,2,BLOCK,X,1.179385,0.7587077
7/2/7/7/6/7/7/4/1 3 3,Z,2,0,BLOCK,Z,0.07508814,0.1308111
7/2/7/7/4/7/7/5/4 3 3,X,1.7777777777777777777777777778,0,BLOCK,X,0.6200005,0.6853198
7/2/7/7/6/7/7/1/4 3 3,Z,-2,0,BLOCK,Z,0.08417445,0.09699295
7/2/7/7/4/7/7/5/2 3 3,X,2,0,BLOCK,X,0.4761212,0.7725673
7/2/7/7/6/7/7/1/2 3 3,Z,-2,0,BLOCK,Z,0.01511,0.0659468
7/2/7/7/4/7/7/5/1 3 3,X,2.2222222222222222222222222222,0,BLOCK,X,0.5861477,0.8273606
7/2/7/7/6/7/7/1/1 3 3,Z,-2,2,BLOCK,Z,1.61956,1.009203
7/2/7/7/4/7/7/3/4 3 3,X,1.7777777777777777777777777778,0,BLOCK,X,0.6745489,0.7127501
7/2/7/7/4/7/7/3/2 3 3,X,2,2,BLOCK,X,1.118429,0.771916
7/2/7/7/4/7/7/3/1 3 3,X,2.2222222222222222222222222222,0,BLOCK,X,0.6608586,0.8675867
7/2/7/7/1/2/6/7/7 3 3,X,-2.2222222222222222222222222222,0,BLOCK,X,0.8421761,0.5105092
7/2/7/7/5/2/4/7/7 3 3,X,2,0,BLOCK,X,1.259887,0.9487068
7/2/7/7/1/2/5/7/7 3 3,X,-2,2,BLOCK,X,0.8590353,0.6341192
7/2/7/7/5/2/1/7/7 3 3,X,-2,0,BLOCK,X,0.7029567,0.6313477
7/2/7/7/1/2/3/7/7 3 3,X,-1.7777777777777777777777777778,0,BLOCK,X,0.6669223,0.5228362
7/2/7/7/1/2/7/6/7 3 3,X,-2,0,BLOCK,X,0.7193181,0.7128851
7/2/7/7/5/2/7/4/7 3 3,Z,2,0,BLOCK,Z,0.4482106,0.4140598
7/2/7/7/1/2/7/5/7 3 3,X,-2,0,BLOCK,X,0.6903358,0.5916073
7/2/7/7/5/2/7/1/7 3 3,Z,-2,0,BLOCK,Z,0.4811824,0.4511791
7/2/7/7/1/2/7/3/7 3 3,X,-2,0,BLOCK,X,0.6929396,0.6795516
7/2/7/7/1/2/7/7/6 3 3,X,-2.2222222222222222222222222222,0,BLOCK,X,0.5283585,0.8229903
7/2/7/7/1/2/7/7/5 3 3,X,-2,0,BLOCK,X,0.6681553,0.7239651
7/2/7/7/1/2/7/7/3 3 3,X,-1.7777777777777777777777777778,0,BLOCK,X,0.6955263,0.7216572
7/2/7/7/1/6/2/7/7 3 3,X,-2,2,BLOCK,X,0.9092804,0.6639027
7/2/7/7/5/4/2/7/7 3 3,Z,2,0,BLOCK,Z,0.6503982,0.5121878
7/2/3/7/5/6/6/6/7 3 3,X,-0.5714285714285714285714285714,302,TIMEOUT,Z,0.02572549,0.01295357
7/2/7/7/1/6/6/6/7 3 3,X,-2.2222222222222222222222222222,0,BLOCK,X,0.763545,0.5540521
7/2/7/7/5/4/6/6/7 3 3,Z,1.7142857142857142857142857142,0,BLOCK,Z,0.3243364,0.4280626
7/2/7/7/5/6/4/6/7 3 3,X,2,0,BLOCK,X,0.4449248,0.6689749
7/2/7/7/5/6/6/4/7 3 3,Z,2,0,BLOCK,Z,0.2282198,0.2841871
7/2/7/7/1/6/6/5/7 3 3,X,-2.2222222222222222222222222222,0,BLOCK,X,0.4176873,0.3554964
7/2/7/7/5/4/6/5/7 3 3,Z,2,0,BLOCK,Z,0.6968483,0.503713
7/2/7/7/5/6/4/5/7 3 3,X,2,0,BLOCK,X,0.6077585,0.6419449
7/2/7/7/5/6/6/1/7 3 3,Z,-2,2,BLOCK,Z,1.563113,0.9829468
7/2/7/7/1/6/6/3/7 3 3,X,-2.2222222222222222222222222222,0,BLOCK,X,0.2485559,0.2856405
7/2/7/7/5/4/6/3/7 3 3,Z,2.2857142857142857142857142858,0,BLOCK,Z,0.3472195,0.3356185
7/2/7/7/5/6/4/3/7 3 3,X,2,0,BLOCK,X,0.8267564,0.6683913
7/2/7/7/1/6/6/7/6 3 3,X,-2.4444444444444444444444444444,0,BLOCK,X,0.5807093,0.3303964
7/2/7/7/5/4/6/7/6 3 3,Z,2,0,BLOCK,Z,1.055761,0.7244335
7/2/7/7/5/6/4/7/6 3 3,X,1.6,0,BLOCK,X,0.74828,0.5882915
7/2/7/7/1/6/6/7/5 3 3,X,-2.2222222222222222222222222222,0,BLOCK,X,0.577025,0.5843985
7/2/7/7/5/4/6/7/5 3 3,Z,2,0,BLOCK,Z,0.3998076,0.2927677
7/2/7/7/5/6/4/7/5 3 3,X,2,0,BLOCK,X,1.313234,0.9684349
7/2/7/7/1/6/6/7/3 3 3,X,-2,0,BLOCK,X,0.7099202,0.4602664
7/2/7/7/5/4/6/7/3 3 3,Z,2,2,BLOCK,Z,1.271211,0.9897481
7/2/7/7/5/6/4/7/3 3 3,X,2.4,0,BLOCK,X,0.4158761,0.7008588
7/2/7/7/1/6/5/6/7 3 3,X,-2,2,BLOCK,X,0.9368836,0.6728818
7/2/7/7/5/4/5/6/7 3 3,Z,1.7142857142857142857142857142,0,BLOCK,Z,0.3123334,0.4486057
7/2/7/7/5/6/1/6/7 3 3,X,-2,0,BLOCK,X,0.5602376,0.6483784
7/2/7/7/5/6/5/4/7 3 3,Z,2,0,BLOCK,Z,1.540108,1.063626
7/2/7/7/1/6/5/5/7 3 3,X,-2,2,BLOCK,X,0.8850113,0.7443845
7/2/7/7/5/4/5/5/7 3 3,Z,2,0,BLOCK,Z,0.3343321,0.3270484
7/2/7/7/5/6/1/5/7 3 3,X,-2,0,BLOCK,X,0.4972427,0.6227637
7/2/7/7/5/6/5/1/7 3 3,Z,-2,2,BLOCK,Z,1.559316,0.9028873
7/2/7/7/1/6/5/3/7 3 3,X,-2,0,BLOCK,X,0.5475671,0.6720777
7/2/7/7/5/4/5/3/7 3 3,Z,2.2857142857142857142857142858,0,BLOCK,Z,0.1730192,0.345093
7/2/7/7/5/6/1/3/7 3 3,X,-2,0,BLOCK,X,0.4693924,0.6489548
7/2/7/7/1/6/5/7/6 3 3,X,-2.2222222222222222222222222222,0,BLOCK,X,0.6909923,0.7917992
7/2/7/7/5/4/5/7/6 3 3,Z,2,0,BLOCK,Z,0.4865815,0.58
7/2/7/7/5/6/1/7/6 3 3,X,-2.4,0,BLOCK,X,1.617852,1.072124
7/2/7/7/1/6/5/7/5 3 3,X,-2,2,BLOCK,X,0.9047118,0.7464304
7/2/7/7/5/4/5/7/5 3 3,Z,2,0,BLOCK,Z,0.6164531,0.5018143
7/2/7/7/5/6/1/7/5 3 3,X,-2,0,BLOCK,X,0.5505759,0.6035782
7/2/7/7/1/6/5/7/3 3 3,X,-1.7777777777777777777777777778,0,BLOCK,X,0.7774564,0.6660688
7/2/7/7/5/4/5/7/3 3 3,Z,2,0,BLOCK,Z,0.421934,0.4982178
7/2/7/7/5/6/1/7/3 3 3,X,-1.6,0,BLOCK,X,0.4948202,0.5158203
7/2/7/7/1/6/3/6/7 3 3,X,-1.7777777777777777777777777778,0,BLOCK,X,0.5484661,0.6594874
7/2/7/7/5/4/3/6/7 3 3,Z,1.7142857142857142857142857142,0,BLOCK,Z,0.3769796,0.5676038
7/2/7/7/5/6/3/4/7 3 3,Z,2,0,BLOCK,Z,0.4721068,0.4436001
7/2/7/7/1/6/3/5/7 3 3,X,-1.7777777777777777777777777778,0,BLOCK,X,0.3670571,0.5363484
7/2/7/7/5/4/3/5/7 3 3,Z,2,2,BLOCK,Z,1.157836,0.8978038
7/2/7/7/5/6/3/1/7 3 3,Z,-2,2,BLOCK,Z,1.564001,0.8966791
7/2/7/7/1/6/3/3/7 3 3,X,-1.7777777777777777777777777778,0,BLOCK,X,0.5890852,0.7267516
7/2/7/7/5/4/3/3/7 3 3,Z,2.2857142857142857142857142858,0,BLOCK,Z,0.4412842,0.4858471
6/2/7/7/5/6/3/7/6 3 3,X,-0.7,302,TIMEOUT,Z,0.150776,0.09911384
7/2/7/7/1/6/3/7/6 3 3,X,-2,2,BLOCK,X,0.9588338,0.5039086
7/2/7/7/5/4/3/7/6 3 3,Z,2,0,BLOCK,Z,0.8175671,0.5910041
7/2/7/7/1/6/3/7/5 3 3,X,-1.7777777777777777777777777778,2,BLOCK,X,0.8441708,0.7162474
7/2/7/7/5/4/3/7/5 3 3,Z,2,0,BLOCK,Z,0.6303463,0.5637855
7/2/7/7/1/6/3/7/3 3 3,X,-1.5555555555555555555555555556,2,BLOCK,X,0.8655904,0.5992027
7/2/7/7/5/4/3/7/3 3 3,Z,2,0,BLOCK,Z,0.9474506,0.6264474
7/2/7/7/1/6/7/2/7 3 3,X,-2,0,BLOCK,X,0.626209,0.6307975
7/2/7/7/5/4/7/2/7 3 3,Z,2,0,BLOCK,Z,0.05065155,0.3966177
7/2/7/7/1/6/7/6/6 3 3,X,-2.2222222222222222222222222222,0,BLOCK,X,1.125003,0.661747
7/2/7/7/5/4/7/6/6 3 3,Z,1.7142857142857142857142857142,2,BLOCK,Z,1.255653,0.9415166
7/2/7/7/5/6/7/4/6 3 3,Z,2,0,BLOCK,Z,0.4724971,0.4805295
7/2/7/7/1/6/7/6/5 3 3,X,-2,0,BLOCK,X,0.7417747,0.7212235
7/2/7/7/5/4/7/6/5 3 3,Z,1.7142857142857142857142857142,0,BLOCK,Z,0.3597432,0.3521442
7/2/7/7/5/6/7/4/5 3 3,Z,2,2,BLOCK,Z,1.56962,0.9700204
7/2/7/7/1/6/7/6/3 3 3,X,-1.7777777777777777777777777778,0,BLOCK,X,0.542944,0.6770666
7/2/7/7/5/4/7/6/3 3 3,Z,1.7142857142857142857142857142,0,BLOCK,Z,0.9021828,0.6626872
7/2/7/7/5/6/7/4/3 3 3,Z,2,0,BLOCK,Z,0.4014319,0.3945464
7/2/7/7/1/6/7/5/6 3 3,X,-2.2222222222222222222222222222,0,BLOCK,X,0.8920845,0.6300058
7/2/7/7/5/4/7/5/6 3 3,Z,2,0,BLOCK,Z,0.4721337,0.4665468
7/2/7/7/5/6/7/1/6 3 3,Z,-2,2,BLOCK,Z,1.615079,1.000791
7/2/7/7/1/6/7/5/5 3 3,X,-2,2,BLOCK,X,0.9972511,0.7577884
7/2/7/7/5/4/7/5/5 3 3,Z,2,0,BLOCK,Z,0.6229792,0.4623398
7/2/7/7/5/6/7/1/5 3 3,Z,-2,0,BLOCK,Z,0.1464434,0.1715893
7/2/7/7/1/6/7/5/3 3 3,X,-1.7777777777777777777777777778,0,BLOCK,X,0.7400199,0.6307786
7/2/7/7/5/4/7/5/3 3 3,Z,2,0,BLOCK,Z,0.5366394,0.5103026
7/2/7/7/5/6/7/1/3 3 3,Z,-2,0,BLOCK,Z,0.1485214,0.1499625
7/2/7/7/1/6/7/3/6 3 3,X,-2.2222222222222222222222222222,0,BLOCK,X,0.7328648,0.7050862
7/2/7/7/5/4/7/3/6 3 3,Z,2.2857142857142857142857142858,0,BLOCK,Z,1.499445,0.9367775
7/2/7/7/1/6/7/3/5 3 3,X,-2,0,BLOCK,X,0.5469254,0.7443577
7/2/7/7/5/4/7/3/5 3 3,Z,2.2857142857142857142857142858,0,BLOCK,Z,0.2088566,0.433779
7/2/7/7/1/6/7/3/3 3 3,X,-1.7777777777777777777777777778,0,BLOCK,X,0.6863812,0.6582177
7/2/7/7/5/4/7/3/3 3 3,Z,2.2857142857142857142857142858,0,BLOCK,Z,0.4142652,0.450937
7/2/7/7/1/6/7/7/4 3 3,X,-2.2222222222222222222222222222,0,BLOCK,X,1.13138,0.7178584
7/2/7/7/5/4/7/7/4 3 3,Z,2,0,BLOCK,Z,0.9181177,0.628651
7/2/7/7/5/6/7/5/4 3 3,Z,0.5,302,TIMEOUT,Z,0.01431899,0.008386626
7/2/7/7/1/6/7/7/2 3 3,X,-2,0,BLOCK,X,0.6057237,0.7057462
7/2/7/7/5/4/7/7/2 3 3,Z,2,0,BLOCK,Z,0.4452199,0.5082716
7/2/7/7/1/6/7/7/1 3 3,X,-1.7777777777777777777777777778,2,BLOCK,X,0.9633062,0.6905186
7/2/7/7/5/4/7/7/1 3 3,Z,2,0,BLOCK,Z,0.367656,0.4475579
7/2/7/7/1/5/2/7/7 3 3,X,-2,0,BLOCK,X,0.4016594,0.5217199
7/2/7/7/5/1/2/7/7 3 3,Z,-2,2,BLOCK,Z,1.304693,0.9750779
7/2/7/7/1/5/6/6/7 3 3,X,-2.2222222222222222222222222222,0,BLOCK,X,0.526517,0.4606062
7/2/7/7/5/1/6/6/7 3 3,Z,-2.2857142857142857142857142858,0,BLOCK,Z,0.5387046,0.4903751
7/2/7/7/5/5/4/6/7 3 3,X,2,0,BLOCK,X,0.5704387,0.701174
7/2/7/7/5/5/6/4/7 3 3,Z,2,0,BLOCK,Z,0.4087076,0.409105
7/2/7/7/1/5/6/5/7 3 3,X,-2.2222222222222222222222222222,2,BLOCK,X,1.335437,0.7084635
7/2/7/7/5/1/6/5/7 3 3,Z,-2,0,BLOCK,Z,0.5491201,0.4058112
7/2/7/7/5/5/4/5/7 3 3,X,2,0,BLOCK,X,0.5406862,0.7277885
7/2/7/7/5/5/6/1/7 3 3,Z,-2,0,BLOCK,Z,1.266425,0.4341398
7/2/7/7/1/5/6/3/7 3 3,X,-2.2222222222222222222222222222,0,BLOCK,X,0.3249006,0.5734737
7/2/7/7/5/1/6/3/7 3 3,Z,-1.7142857142857142857142857142,2,BLOCK,Z,1.194769,0.8932164
7/2/7/7/5/5/4/3/7 3 3,X,2,0,BLOCK,X,1.242326,0.910375
7/2/7/7/1/5/6/7/6 3 3,X,-2.4444444444444444444444444444,0,BLOCK,X,0.7174479,0.4844072
7/2/7/7/5/1/6/7/6 3 3,Z,-2,0,BLOCK,Z,1.110459,0.814599
7/2/7/7/5/5/4/7/6 3 3,X,1.6,2,BLOCK,X,1.300718,0.7855851
7/2/7/7/1/5/6/7/5 3 3,X,-2.2222222222222222222222222222,0,BLOCK,X,0.3336205,0.6039974
7/2/7/7/5/1/6/7/5 3 3,Z,-2,2,BLOCK,Z,1.28093,0.9528391
7/2/7/7/5/5/4/7/5 3 3,X,2,0,BLOCK,X,1.268513,0.8986627
7/2/7/7/1/5/6/7/3 3 3,X,-2,0,BLOCK,X,0.4837026,0.6347902
7/2/7/7/5/1/6/7/3 3 3,Z,-2,2,BLOCK,Z,1.27658,0.8931283
7/2/7/7/5/5/4/7/3 3 3,X,2.4,0,BLOCK,X,1.488931,1.089918
7/2/7/7/1/5/5/6/7 3 3,X,-2,0,BLOCK,X,0.7145987,0.7639225
7/2/7/7/5/1/5/6/7 3 3,Z,-2.2857142857142857142857142858,0,BLOCK,Z,0.4034777,0.4700392
7/2/7/7/5/5/1/6/7 3 3,X,-2,0,BLOCK,X,1.228162,0.8149554
7/2/7/7/5/5/5/4/7 3 3,Z,2,0,BLOCK,Z,0.3668522,0.3236072
7/2/7/7/1/5/5/5/7 3 3,X,-2,0,BLOCK,X,0.5811465,0.6618066
7/2/7/7/5/1/5/5/7 3 3,Z,-2,2,BLOCK,Z,1.155652,0.7788851
7/2/7/7/5/5/1/5/7 3 3,X,-2,0,BLOCK,X,0.4422523,0.6784595
7/2/7/7/5/5/5/1/7 3 3,Z,-2,2,BLOCK,Z,1.563183,0.978056
7/2/7/7/1/5/5/3/7 3 3,X,-2,0,BLOCK,X,0.6920801,0.5667938
7/2/7/7/5/1/5/3/7 3 3,Z,-1.7142857142857142857142857142,0,BLOCK,Z,0.2738417,0.3984882
7/2/7/7/5/5/1/3/7 3 3,X,-2,0,BLOCK,X,0.5660028,0.6573358
7/2/7/7/1/5/5/7/6 3 3,X,-2.2222222222222222222222222222,0,BLOCK,X,0.7727879,0.6810891
7/2/7/7/5/1/5/7/6 3 3,Z,-2,0,BLOCK,Z,0.6369285,0.461793
7/2/7/7/5/5/1/7/6 3 3,X,-2.4,0,BLOCK,X,0.4900519,0.5879405
7/2/7/7/1/5/5/7/5 3 3,X,-2,0,BLOCK,X,0.6109951,0.7166653
7/2/7/7/5/1/5/7/5 3 3,Z,-2,0,BLOCK,Z,0.4311026,0.5727237
7/2/7/7/5/5/1/7/5 3 3,X,-2,0,BLOCK,X,0.7270338,0.6268577
7/2/7/7/1/5/5/7/3 3 3,X,-1.7777777777777777777777777778,0,BLOCK,X,0.6486763,0.6754689
7/2/7/7/5/1/5/7/3 3 3,Z,-2,0,BLOCK,Z,0.5807266,0.4873589
7/2/7/7/5/5/1/7/3 3 3,X,-1.6,0,BLOCK,X,1.125749,0.8473085
7/2/7/7/1/5/3/6/7 3 3,X,-1.7777777777777777777777777778,2,BLOCK,X,0.9174579,0.5908103
7/2/7/7/5/1/3/6/7 3 3,Z,-2.2857142857142857142857142858,0,BLOCK,Z,0.43816,0.3998404
7/2/7/7/5/5/3/4/7 3 3,Z,2,0,BLOCK,Z,0.4098939,0.3299134
7/2/7/7/1/5/3/5/7 3 3,X,-1.7777777777777777777777777778,0,BLOCK,X,0.43617,0.5571591
7/2/7/7/5/1/3/5/7 3 3,Z,-2,2,BLOCK,Z,1.161624,0.8859163
7/2/7/7/5/5/3/1/7 3 3,Z,-2,0,BLOCK,Z,0.4202571,0.3805131
7/2/7/7/1/5/3/3/7 3 3,X,-1.7777777777777777777777777778,2,BLOCK,X,0.8387254,0.6605587
7/2/7/7/5/1/3/3/7 3 3,Z,-1.7142857142857142857142857142,0,BLOCK,Z,0.5391451,0.5307378
7/2/7/7/1/5/3/7/6 3 3,X,-2,2,BLOCK,X,0.9889964,0.5215797
7/2/7/7/5/1/3/7/6 3 3,Z,-2,0,BLOCK,Z,0.7168121,0.4819776
7/2/7/7/1/5/3/7/5 3 3,X,-1.7777777777777777777777777778,0,BLOCK,X,0.5204781,0.6177102
7/2/7/7/5/1/3/7/5 3 3,Z,-2,2,BLOCK,Z,1.292905,0.8646185
7/2/7/7/1/5/3/7/3 3 3,X,-1.5555555555555555555555555556,0,BLOCK,X,0.353464,0.5469737
7/2/7/7/5/1/3/7/3 3 3,Z,-2,2,BLOCK,Z,1.351993,1.022942
7/2/7/7/1/5/7/2/7 3 3,X,-2,0,BLOCK,X,0.6120409,0.6288573
7/2/7/7/5/1/7/2/7 3 3,Z,-2,0,BLOCK,Z,0.1842473,0.3946657
7/2/7/7/1/5/7/6/6 3 3,X,-2.2222222222222222222222222222,0,BLOCK,X,0.6197625,0.7327199
7/2/7/7/5/1/7/6/6 3 3,Z,-2.2857142857142857142857142858,0,BLOCK,Z,0.4388059,0.5295869
7/2/7/7/5/5/7/4/6 3 3,Z,2,0,BLOCK,Z,0.1251757,0.05181473
7/2/7/7/1/5/7/6/5 3 3,X,-2,0,BLOCK,X,0.6289455,0.6007921
7/2/7/7/5/1/7/6/5 3 3,Z,-2.2857142857142857142857142858,0,BLOCK,Z,0.4730076,0.4605116
7/2/7/7/5/5/7/4/5 3 3,Z,2,2,BLOCK,Z,1.655671,1.01823
7/2/7/7/1/5/7/6/3 3 3,X,-1.7777777777777777777777777778,0,BLOCK,X,0.6627871,0.7667043
7/2/7/7/5/1/7/6/3 3 3,Z,-2.2857142857142857142857142858,2,BLOCK,Z,1.527303,0.9223076
7/2/7/7/5/5/7/4/3 3 3,Z,2,0,BLOCK,Z,0.07340445,0.1280049
7/2/7/7/1/5/7/5/6 3 3,X,-2.2222222222222222222222222222,2,BLOCK,X,1.07152,0.7826623
7/2/7/7/5/1/7/5/6 3 3,Z,-2,0,BLOCK,Z,0.4012173,0.4078369
7/2/7/7/5/5/7/1/6 3 3,Z,-2,0,BLOCK,Z,0.08059009,0.06087682
7/2/7/7/1/5/7/5/5 3 3,X,-2,0,BLOCK,X,0.7017149,0.7615502
7/2/7/7/5/1/7/5/5 3 3,Z,-2,2,BLOCK,Z,1.217591,0.7178718
7/2/7/7/5/5/7/1/5 3 3,Z,-2,0,BLOCK,Z,0.1269372,0.1407989
7/2/7/7/1/5/7/5/3 3 3,X,-1.7777777777777777777777777778,2,BLOCK,X,0.8751368,0.7453627
7/2/7/7/5/1/7/5/3 3 3,Z,-2,0,BLOCK,Z,0.5646502,0.3138425
7/2/7/7/5/5/7/1/3 3 3,Z,-2,0,BLOCK,Z,0.05255765,0.1097061
7/2/7/7/1/5/7/3/6 3 3,X,-2.2222222222222222222222222222,2,BLOCK,X,1.06082,0.7456301
7/2/7/7/5/1/7/3/6 3 3,Z,-1.7142857142857142857142857142,0,BLOCK,Z,0.2557496,0.448212
7/2/7/7/1/5/7/3/5 3 3,X,-2,0,BLOCK,X,0.7305863,0.7676934
7/2/7/7/5/1/7/3/5 3 3,Z,-1.7142857142857142857142857142,0,BLOCK,Z,0.4629008,0.4262039
7/2/7/7/1/5/7/3/3 3 3,X,-1.7777777777777777777777777778,0,BLOCK,X,0.71997,0.7547599
7/2/7/7/5/1/7/3/3 3 3,Z,-1.7142857142857142857142857142,0,BLOCK,Z,0.4475583,0.5057747
7/2/7/7/1/5/7/7/4 3 3,X,-2.2222222222222222222222222222,0,BLOCK,X,0.5113161,0.6083043
7/2/7/7/5/1/7/7/4 3 3,Z,-2,2,BLOCK,Z,1.337035,0.8264345
7/2/7/7/1/5/7/7/2 3 3,X,-2,0,BLOCK,X,0.7969911,0.6522776
7/2/7/7/5/1/7/7/2 3 3,Z,-2,2,BLOCK,Z,1.29973,0.9086944
7/2/7/7/1/5/7/7/1 3 3,X,-1.7777777777777777777777777778,0,BLOCK,X,0.9866161,0.6371748
7/2/7/7/5/1/7/7/1 3 3,Z,-2,0,BLOCK,Z,0.2626297,0.3954885
7/2/7/7/1/3/2/7/7 3 3,X,-2,2,BLOCK,X,1.336861,0.7155019
7/2/7/7/1/3/6/6/7 3 3,X,-2.2222222222222222222222222222,0,BLOCK,X,0.7309489,0.6081242
7/2/7/7/5/3/4/6/7 3 3,X,2,0,BLOCK,X,1.279146,0.9144561
7/2/7/7/5/3/6/4/7 3 3,Z,2,0,BLOCK,Z,1.61516,1.065823
7/2/7/7/1/3/6/5/7 3 3,X,-2.2222222222222222222222222222,0,BLOCK,X,0.3919528,0.4439603
7/2/7/7/5/3/4/5/7 3 3,X,2,0,BLOCK,X,0.7188584,0.6358107
7/2/7/7/5/3/6/1/7 3 3,Z,-2,0,BLOCK,Z,0.4056102,0.3765744
7/2/7/7/1/3/6/3/7 3 3,X,-2.2222222222222222222222222222,0,BLOCK,X,0.493891,0.462967
7/2/7/7/5/3/4/3/7 3 3,X,2,0,BLOCK,X,0.4004499,0.5763201
7/2/7/7/1/3/6/7/6 3 3,X,-2.4444444444444444444444444444,0,BLOCK,X,0.504638,0.6599753
7/2/7/7/5/3/4/7/6 3 3,X,1.6,0,BLOCK,X,0.2842748,0.3828296
7/2/7/7/1/3/6/7/5 3 3,X,-2.2222222222222222222222222222,2,BLOCK,X,1.270412,0.6266374
7/2/7/7/5/3/4/7/5 3 3,X,2,0,BLOCK,X,0.3305483,0.5161397
7/2/7/7/1/3/6/7/3 3 3,X,-2,2,BLOCK,X,1.357501,0.7588644
7/2/7/7/5/3/4/7/3 3 3,X,2.4,0,BLOCK,X,0.4134949,0.6586551
7/2/7/7/1/3/5/6/7 3 3,X,-2,2,BLOCK,X,0.8936641,0.7427673
7/2/7/7/5/3/1/6/7 3 3,X,-2,2,BLOCK,X,1.380622,0.8435256
7/2/7/7/5/3/5/4/7 3 3,Z,2,0,BLOCK,Z,0.6622197,0.6117609
7/2/7/7/1/3/5/5/7 3 3,X,-2,0,BLOCK,X,0.5248214,0.6855532
7/2/7/7/5/3/1/5/7 3 3,X,-2,0,BLOCK,X,0.313723,0.5696259
7/2/7/7/5/3/5/1/7 3 3,Z,-2,2,BLOCK,Z,1.585309,1.021149
7/2/7/7/1/3/5/3/7 3 3,X,-2,2,BLOCK,X,0.9381441,0.7860817
7/2/7/7/5/3/1/3/7 3 3,X,-2,0,BLOCK,X,0.3987026,0.5151564
7/2/7/7/1/3/5/7/6 3 3,X,-2.2222222222222222222222222222,0,BLOCK,X,0.6830918,0.6863524
7/2/7/7/5/3/1/7/6 3 3,X,-2.4,0,BLOCK,X,0.4151167,0.6567994
7/2/7/7/1/3/5/7/5 3 3,X,-2,0,BLOCK,X,0.6152025,0.566016
7/2/7/7/5/3/1/7/5 3 3,X,-2,2,BLOCK,X,1.326529,0.7556611
7/2/7/7/1/3/5/7/3 3 3,X,-1.7777777777777777777777777778,0,BLOCK,X,0.5087121,0.6933597
7/2/7/7/5/3/1/7/3 3 3,X,-1.6,2,BLOCK,X,1.264156,0.8335379
7/2/7/7/1/3/3/6/7 3 3,X,-1.7777777777777777777777777778,0,BLOCK,X,0.3707395,0.448699
7/2/7/7/5/3/3/4/7 3 3,Z,2,0,BLOCK,Z,0.4821596,0.5200105
7/2/7/7/1/3/3/5/7 3 3,X,-1.7777777777777777777777777778,0,BLOCK,X,0.3553377,0.5803546
7/2/7/7/5/3/3/1/7 3 3,Z,-2,0,BLOCK,Z,0.2154453,0.2758868
7/2/7/7/1/3/3/3/7 3 3,X,-1.7777777777777777777777777778,2,BLOCK,X,0.8006945,0.6171914
7/2/7/7/1/3/3/7/6 3 3,X,-2,0,BLOCK,X,0.6686707,0.7668898
7/2/7/7/1/3/3/7/5 3 3,X,-1.7777777777777777777777777778,0,BLOCK,X,0.5868786,0.7033015
7/2/7/7/1/3/3/7/3 3 3,X,-1.5555555555555555555555555556,0,BLOCK,X,0.6541227,0.5954093
7/2/7/7/1/3/7/2/7 3 3,X,-2,0,BLOCK,X,0.7139142,0.6369817
7/2/7/7/1/3/7/6/6 3 3,X,-2.2222222222222222222222222222,0,BLOCK,X,0.5893084,0.6776465
7/2/7/7/5/3/7/4/6 3 3,Z,2,2,BLOCK,Z,1.611631,1.031334
7/2/7/7/1/3/7/6/5 3 3,X,-2,0,BLOCK,X,0.394798,0.3614521
7/2/7/7/5/3/7/4/5 3 3,Z,2,0,BLOCK,Z,0.1361995,0.1459817
7/2/7/7/1/3/7/6/3 3 3,X,-1.7777777777777777777777777778,0,BLOCK,X,0.6467652,0.6515596
7/2/7/7/5/3/7/4/3 3 3,Z,2,0,BLOCK,Z,0.5562262,0.5865586
7/2/7/7/1/3/7/5/6 3 3,X,-2.2222222222222222222222222222,0,BLOCK,X,0.6668353,0.7314056
7/2/7/7/5/3/7/1/6 3 3,Z,-2,0,BLOCK,Z,0.4799882,0.5279399
7/2/7/7/1/3/7/5/5 3 3,X,-2,0,BLOCK,X,0.6023636,0.7154089
7/2/7/7/5/3/7/1/5 3 3,Z,-2,0,BLOCK,Z,0.9928493,0.4839182
7/2/7/7/1/3/7/5/3 3 3,X,-1.7777777777777777777777777778,0,BLOCK,X,0.5327302,0.6193998
7/2/7/7/5/3/7/1/3 3 3,Z,-2,2,BLOCK,Z,1.57429,0.9698582
7/2/7/7/1/3/7/3/6 3 3,X,-2.2222222222222222222222222222,0,BLOCK,X,0.6563002,0.7438929
7/2/7/7/1/3/7/3/5 3 3,X,-2,0,BLOCK,X,0.7879816,0.6442268
7/2/7/7/1/3/7/3/3 3 3,X,-1.7777777777777777777777777778,0,BLOCK,X,0.6188178,0.6009508
7/2/7/7/1/3/7/7/4 3 3,X,-2.2222222222222222222222222222,0,BLOCK,X,0.6848143,0.7398976
7/2/7/7/1/3/7/7/2 3 3,X,-2,0,BLOCK,X,0.5797296,0.6484305
7/2/7/7/1/3/7/7/1 3 3,X,-1.7777777777777777777777777778,0,BLOCK,X,0.4865945,0.625181
7/2/7/7/1/7/2/6/7 3 3,X,-2,0,BLOCK,X,0.5588784,0.4220178
7/2/7/7/5/7/2/4/7 3 3,Z,2,0,BLOCK,Z,0.7956854,0.4703676
7/2/7/7/1/7/2/5/7 3 3,X,-2,0,BLOCK,X,0.4783383,0.4757531
7/2/7/7/5/7/2/1/7 3 3,Z,-2,0,BLOCK,Z,1.164022,0.3884806
7/2/7/7/1/7/2/3/7 3 3,X,-2,0,BLOCK,X,0.4578441,0.5582723
7/2/7/7/1/7/2/7/6 3 3,X,-2.2222222222222222222222222222,0,BLOCK,X,0.3557296,0.5390304
7/2/7/7/1/7/2/7/5 3 3,X,-2,0,BLOCK,X,0.5255592,0.5456244
7/2/7/7/1/7/2/7/3 3 3,X,-1.7777777777777777777777777778,0,BLOCK,X,0.4630752,0.3929341
7/2/7/7/1/7/6/2/7 3 3,X,-2.2222222222222222222222222222,0,BLOCK,X,0.9338755,0.5310801
7/2/7/7/5/7/4/2/7 3 3,X,2,0,BLOCK,X,0.5240448,0.6248348
7/2/7/7/1/7/6/6/6 3 3,X,-2.4444444444444444444444444444,2,BLOCK,X,1.279382,0.656793
7/2/7/7/5/7/4/6/6 3 3,X,1.5,0,BLOCK,X,0.4174056,0.5426693
7/2/7/7/5/7/6/4/6 3 3,Z,2,0,BLOCK,Z,0.1169711,0.1033869
7/2/7/7/1/7/6/6/5 3 3,X,-2.2222222222222222222222222222,0,BLOCK,X,0.4477195,0.6615676
7/2/7/7/5/7/4/6/5 3 3,X,2,0,BLOCK,X,0.5165293,0.5490646
7/2/7/7/5/7/6/4/5 3 3,Z,2,2,BLOCK,Z,1.647937,1.038811
7/2/7/7/1/7/6/6/3 3 3,X,-2.0,0,BLOCK,X,0.5474646,0.7245609
7/2/7/7/5/7/4/6/3 3 3,X,2.5,0,BLOCK,X,0.332118,0.7038369
7/2/7/7/5/7/6/4/3 3 3,Z,2,0,BLOCK,Z,0.1673707,0.2906245
7/2/7/7/1/7/6/5/6 3 3,X,-2.4444444444444444444444444444,0,BLOCK,X,0.48108,0.4529646
7/2/7/7/5/7/4/5/6 3 3,X,1.5,2,BLOCK,X,1.198522,0.7197402
7/2/7/7/5/7/6/1/6 3 3,Z,-2,0,BLOCK,Z,0.1919888,0.09498899
7/2/7/7/1/7/6/5/5 3 3,X,-2.2222222222222222222222222222,0,BLOCK,X,0.2251966,0.3965453
7/2/7/7/5/7/4/5/5 3 3,X,2,0,BLOCK,X,0.4604014,0.6110181
7/2/7/7/5/7/6/1/5 3 3,Z,-2,0,BLOCK,Z,0.1433797,0.1781754
7/2/7/7/1/7/6/5/3 3 3,X,-2.0,0,BLOCK,X,0.5223958,0.5202009
7/2/7/7/5/7/4/5/3 3 3,X,2.5,2,BLOCK,X,1.620368,0.9704175
7/2/7/7/5/7/6/1/3 3 3,Z,-2,0,BLOCK,Z,0.116816,0.2326311
7/2/7/7/1/7/6/3/6 3 3,X,-2.4444444444444444444444444444,0,BLOCK,X,0.5783994,0.5968852
7/2/7/7/5/7/4/3/6 3 3,X,1.5,0,BLOCK,X,0.2681576,0.4139778
7/2/7/7/1/7/6/3/5 3 3,X,-2.2222222222222222222222222222,0,BLOCK,X,0.5101126,0.678028
7/2/7/7/5/7/4/3/5 3 3,X,2,2,BLOCK,X,1.319691,0.7954093
7/2/7/7/1/7/6/3/3 3 3,X,-2.0,0,BLOCK,X,0.5288618,0.6043147
7/2/7/7/5/7/4/3/3 3 3,X,2.5,2,BLOCK,X,1.622183,1.00608
7/2/7/7/1/7/6/7/4 3 3,X,-2.4444444444444444444444444444,0,BLOCK,X,0.4053912,0.6232796
7/2/7/7/5/7/4/7/4 3 3,X,1.5,0,BLOCK,X,0.283012,0.3305871
7/2/7/7/1/7/6/7/2 3 3,X,-2.2222222222222222222222222222,2,BLOCK,X,1.346127,0.7896847
7/2/7/7/5/7/4/7/2 3 3,X,2,0,BLOCK,X,0.09402081,0.3808299
7/2/7/7/1/7/6/7/1 3 3,X,-2.0,0,BLOCK,X,0.5166596,0.6560302
7/2/7/7/5/7/4/7/1 3 3,X,2.5,0,BLOCK,X,0.3782081,0.6163308
7/2/7/7/1/7/5/2/7 3 3,X,-2,0,BLOCK,X,0.5647911,0.7041752
7/2/7/7/5/7/1/2/7 3 3,X,-2,0,BLOCK,X,1.451224,0.854815
3/2/7/7/5/7/5/6/6 3 3,X,-0.5555555555555555555555555556,302,TIMEOUT,Z,0.194623,0.07136598
7/2/7/7/1/7/5/6/6 3 3,X,-2.2222222222222222222222222222,0,BLOCK,X,0.612175,0.7321293
7/2/7/7/5/7/1/6/6 3 3,X,-2.5,0,BLOCK,X,0.425681,0.6696432
7/2/7/7/5/7/5/4/6 3 3,Z,2,0,BLOCK,Z,1.58612,0.9198443
7/2/7/7/1/7/5/6/5 3 3,X,-2,2,BLOCK,X,1.024952,0.6361524
7/2/7/7/5/7/1/6/5 3 3,X,-2,0,BLOCK,X,0.3696911,0.5394092
7/2/7/7/5/7/5/4/5 3 3,Z,2,0,BLOCK,Z,0.03944742,0.03080351
7/2/7/7/1/7/5/6/3 3 3,X,-1.7777777777777777777777777778,0,BLOCK,X,0.5701203,0.5488316
7/2/7/7/5/7/1/6/3 3 3,X,-1.5,2,BLOCK,X,1.190839,0.7523703
7/2/7/7/5/7/5/4/3 3 3,Z,2,0,BLOCK,Z,1.702021,0.9908217
7/2/7/7/1/7/5/5/6 3 3,X,-2.2222222222222222222222222222,0,BLOCK,X,0.5787507,0.8044547
7/2/7/7/5/7/1/5/6 3 3,X,-2.5,0,BLOCK,X,0.4780646,0.6721967
7/2/7/7/5/7/5/1/6 3 3,Z,-2,2,BLOCK,Z,1.64807,0.9966286
7/2/7/7/1/7/5/5/5 3 3,X,-2,0,BLOCK,X,0.7896751,0.619683
7/2/7/7/5/7/1/5/5 3 3,X,-2,0,BLOCK,X,0.4786708,0.6088778
7/2/7/7/5/7/5/1/5 3 3,Z,-2,2,BLOCK,Z,1.639659,1.02133
7/2/7/7/1/7/5/5/3 3 3,X,-1.7777777777777777777777777778,0,BLOCK,X,0.484252,0.630668
7/2/7/7/5/7/1/5/3 3 3,X,-1.5,0,BLOCK,X,0.2545972,0.4222414
7/2/7/7/5/7/5/1/3 3 3,Z,-2,0,BLOCK,Z,1.771167,1.023081
7/2/7/7/1/7/5/3/6 3 3,X,-2.2222222222222222222222222222,0,BLOCK,X,0.7831301,0.6890234
7/2/7/7/5/7/1/3/6 3 3,X,-2.5,0,BLOCK,X,0.4527277,0.6812091
7/2/7/7/1/7/5/3/5 3 3,X,-2,0,BLOCK,X,0.6643108,0.5945532
7/2/7/7/5/7/1/3/5 3 3,X,-2,0,BLOCK,X,0.553602,0.5963728
7/2/7/7/1/7/5/3/3 3 3,X,-1.7777777777777777777777777778,0,BLOCK,X,0.5865675,0.6666643
7/2/7/7/5/7/1/3/3 3 3,X,-1.5,0,BLOCK,X,0.4841482,0.4525276
7/2/7/7/1/7/5/7/4 3 3,X,-2.2222222222222222222222222222,0,BLOCK,X,1.01669,0.8242658
7/2/7/7/5/7/1/7/4 3 3,X,-2.5,0,BLOCK,X,0.3290925,0.577866
7/2/7/7/1/7/5/7/2 3 3,X,-2,0,BLOCK,X,0.5758729,0.8019494
7/2/7/7/5/7/1/7/2 3 3,X,-2,2,BLOCK,X,1.579586,0.9784741
7/2/7/7/1/7/5/7/1 3 3,X,-1.7777777777777777777777777778,0,BLOCK,X,0.7218969,0.6715966
7/2/7/7/5/7/1/7/1 3 3,X,-1.5,0,BLOCK,X,0.1009546,0.2395208
7/2/7/7/1/7/3/2/7 3 3,X,-1.7777777777777777777777777778,2,BLOCK,X,0.913808,0.6553298
7/2/7/7/1/7/3/6/6 3 3,X,-2.0,0,BLOCK,X,0.6021332,0.6566554
7/2/7/7/5/7/3/4/6 3 3,Z,2,0,BLOCK,Z,0.14192,0.2011313
7/2/7/7/1/7/3/6/5 3 3,X,-1.7777777777777777777777777778,0,BLOCK,X,0.4455325,0.608398
7/2/7/7/5/7/3/4/5 3 3,Z,2,2,BLOCK,Z,1.6544,1.024986
7/2/7/7/1/7/3/6/3 3 3,X,-1.5555555555555555555555555556,0,BLOCK,X,0.5884159,0.6162387
7/2/7/7/5/7/3/4/3 3 3,Z,2,2,BLOCK,Z,1.644753,1.034564
7/2/7/7/1/7/3/5/6 3 3,X,-2.0,0,BLOCK,X,0.4761755,0.651081
7/2/7/7/5/7/3/1/6 3 3,Z,-2,0,BLOCK,Z,1.0831,0.3531306
7/2/7/7/1/7/3/5/5 3 3,X,-1.7777777777777777777777777778,0,BLOCK,X,0.5623748,0.6979187
7/2/7/7/5/7/3/1/5 3 3,Z,-2,0,BLOCK,Z,0.09059177,0.07653141
7/2/7/7/1/7/3/5/3 3 3,X,-1.5555555555555555555555555556,0,BLOCK,X,0.414937,0.4748718
7/2/7/7/5/7/3/1/3 3 3,Z,-2,0,BLOCK,Z,0.1318636,0.08214945
7/2/7/7/1/7/3/3/6 3 3,X,-2.0,0,BLOCK,X,0.4331501,0.6889466
7/2/7/7/1/7/3/3/5 3 3,X,-1.7777777777777777777777777778,0,BLOCK,X,0.6426246,0.6088124
7/2/7/7/1/7/3/3/3 3 3,X,-1.5555555555555555555555555556,2,BLOCK,X,0.8199404,0.5928531
7/2/7/7/1/7/3/7/4 3 3,X,-2.0,0,BLOCK,X,0.6586492,0.7008654
7/2/7/7/1/7/3/7/2 3 3,X,-1.7777777777777777777777777778,0,BLOCK,X,0.7315116,0.651988
7/2/7/7/1/7/3/7/1 3 3,X,-1.5555555555555555555555555556,0,BLOCK,X,0.3771301,0.6141556
7/2/7/7/1/7/7/2/6 3 3,X,-2.2222222222222222222222222222,0,BLOCK,X,0.710636,0.7419451
7/2/7/7/1/7/7/2/5 3 3,X,-2,0,BLOCK,X,0.4242236,0.5400047
7/2/7/7/1/7/7/2/3 3 3,X,-1.7777777777777777777777777778,2,BLOCK,X,0.9127882,0.7010105
7/2/7/7/1/7/7/6/4 3 3,X,-2.2222222222222222222222222222,0,BLOCK,X,0.669577,0.7481412
7/2/7/7/5/7/7/4/4 3 3,Z,2,2,BLOCK,Z,1.634575,1.019972
7/2/7/7/1/7/7/6/2 3 3,X,-2,0,BLOCK,X,0.7253296,0.7590787
7/2/7/7/5/7/7/4/2 3 3,Z,2,2,BLOCK,Z,1.648601,1.002751
7/2/7/7/1/7/7/6/1 3 3,X,-1.7777777777777777777777777778,0,BLOCK,X,1.042781,0.6924887
7/2/7/7/5/7/7/4/1 3 3,Z,2,0,BLOCK,Z,0.03642886,0.03281888
7/2/7/7/1/7/7/5/4 3 3,X,-2.2222222222222222222222222222,0,BLOCK,X,0.7722348,0.6881887
7/2/7/7/5/7/7/1/4 3 3,Z,-2,0,BLOCK,Z,0.1026266,0.1628284
7/2/7/7/1/7/7/5/2 3 3,X,-2,0,BLOCK,X,0.6090044,0.708073
7/2/7/7/5/7/7/1/2 3 3,Z,-2,0,BLOCK,Z,0.08465303,0.1112169
7/2/7/7/1/7/7/5/1 3 3,X,-1.7777777777777777777777777778,0,BLOCK,X,0.6394829,0.7334089
7/2/7/7/5/7/7/1/1 3 3,Z,-2,0,BLOCK,Z,0.08804382,0.07142045
7/2/7/7/1/7/7/3/4 3 3,X,-2.2222222222222222222222222222,2,BLOCK,X,1.14411,0.7220808
7/2/7/7/1/7/7/3/2 3 3,X,-2,0,BLOCK,X,0.6522896,0.8396511
7/2/7/7/1/7/7/3/1 3 3,X,-1.7777777777777777777777777778,0,BLOCK,X,0.5861843,0.5852656
7/2/7/7/3/2/4/7/7 3 3,X,2,0,BLOCK,X,1.414083,1.033441
7/2/7/7/3/2/1/7/7 3 3,X,-2,0,BLOCK,X,1.289541,0.8585735
7/2/7/7/3/2/7/4/7 3 3,Z,2,0,BLOCK,Z,0.432497,0.356233
7/2/7/7/3/2/7/1/7 3 3,Z,-2,0,BLOCK,Z,0.4689333,0.4458184
7/2/7/7/3/4/2/7/7 3 3,Z,2,0,BLOCK,Z,0.7758102,0.7063714
7/2/7/7/3/4/6/6/7 3 3,Z,1.7142857142857142857142857142,0,BLOCK,Z,0.2939803,0.4206645
7/2/7/7/3/6/4/6/7 3 3,X,2,0,BLOCK,X,0.8471649,0.6662096
7/2/7/7/3/6/6/4/7 3 3,Z,2,2,BLOCK,Z,1.575106,1.030801
7/2/7/7/3/4/6/5/7 3 3,Z,2,2,BLOCK,Z,1.242952,0.88277
7/2/7/7/3/6/4/5/7 3 3,X,2,0,BLOCK,X,0.6133767,0.5627798
7/2/7/7/3/6/6/1/7 3 3,Z,-2,0,BLOCK,Z,0.4083427,0.429271
7/2/7/7/3/4/6/3/7 3 3,Z,2.2857142857142857142857142858,2,BLOCK,Z,1.505227,1.03815
7/2/7/7/3/6/4/3/7 3 3,X,2,0,BLOCK,X,0.8654802,0.5674645
7/2/7/7/3/4/6/7/6 3 3,Z,2,0,BLOCK,Z,1.199723,0.9639037
7/2/7/7/3/6/4/7/6 3 3,X,1.6,0,BLOCK,X,0.644116,0.5532722
7/2/7/7/3/4/6/7/5 3 3,Z,2,0,BLOCK,Z,0.5203341,0.528421
7/2/7/7/3/6/4/7/5 3 3,X,2,0,BLOCK,X,1.211703,0.7635831
7/2/7/7/3/4/6/7/3 3 3,Z,2,0,BLOCK,Z,0.7076079,0.5308979
7/2/7/7/3/6/4/7/3 3 3,X,2.4,0,BLOCK,X,0.8692411,0.7489193
7/2/7/7/3/4/5/6/7 3 3,Z,1.7142857142857142857142857142,2,BLOCK,Z,1.08428,0.8284253
7/2/7/7/3/6/1/6/7 3 3,X,-2,2,BLOCK,X,1.357138,0.7977741
7/2/7/7/3/6/5/4/7 3 3,Z,2,0,BLOCK,Z,0.2916331,0.3468213
7/2/7/7/3/4/5/5/7 3 3,Z,2,0,BLOCK,Z,0.5595121,0.577511
7/2/7/7/3/6/1/5/7 3 3,X,-2,0,BLOCK,X,1.232836,1.022627
7/2/7/7/3/6/5/1/7 3 3,Z,-2,2,BLOCK,Z,1.585375,1.028442
7/2/7/7/3/4/5/3/7 3 3,Z,2.2857142857142857142857142858,0,BLOCK,Z,0.1836907,0.4015186
7/2/7/7/3/6/1/3/7 3 3,X,-2,2,BLOCK,X,1.353938,0.7476552
7/2/7/7/3/4/5/7/6 3 3,Z,2,0,BLOCK,Z,0.8217462,0.6739364
7/2/7/7/3/6/1/7/6 3 3,X,-2.4,2,BLOCK,X,1.68558,1.032777
7/2/7/7/3/4/5/7/5 3 3,Z,2,0,BLOCK,Z,0.6969091,0.6762384
7/2/7/7/3/6/1/7/5 3 3,X,-2,0,BLOCK,X,0.7164539,0.6647524
7/2/7/7/3/4/5/7/3 3 3,Z,2,0,BLOCK,Z,1.201218,0.8703443
7/2/7/7/3/6/1/7/3 3 3,X,-1.6,0,BLOCK,X,0.4277092,0.553221
7/2/6/7/3/6/3/6/7 3 3,X,0.6428571428571428571428571428,302,TIMEOUT,Z,0.03677865,0.022459
7/2/7/7/3/4/3/6/7 3 3,Z,1.7142857142857142857142857142,0,BLOCK,Z,0.1824473,0.4594718
7/2/7/7/3/6/3/4/7 3 3,Z,2,0,BLOCK,Z,0.9270064,0.530974
7/2/7/7/3/4/3/5/7 3 3,Z,2,2,BLOCK,Z,1.1749,0.9091289
7/2/7/7/3/6/3/1/7 3 3,Z,-2,2,BLOCK,Z,1.635034,0.9321769
7/2/7/7/3/4/3/3/7 3 3,Z,2.2857142857142857142857142858,2,BLOCK,Z,1.433072,1.020458
7/2/7/7/3/4/3/7/6 3 3,Z,2,2,BLOCK,Z,1.290305,0.8914676
7/2/7/7/3/4/3/7/5 3 3,Z,2,2,BLOCK,Z,1.26705,0.866364
7/2/7/7/3/4/3/7/3 3 3,Z,2,0,BLOCK,Z,1.383362,0.9437926
7/2/7/7/3/4/7/2/7 3 3,Z,2,0,BLOCK,Z,0.2494971,0.4339344
7/2/7/7/3/4/7/6/6 3 3,Z,1.7142857142857142857142857142,0,BLOCK,Z,1.069096,0.8478805
7/2/7/7/3/6/7/4/6 3 3,Z,2,0,BLOCK,Z,0.5491083,0.4720078
7/2/7/7/3/4/7/6/5 3 3,Z,1.7142857142857142857142857142,0,BLOCK,Z,0.5758125,0.5213201
7/2/7/7/3/6/7/4/5 3 3,Z,2,0,BLOCK,Z,0.451114,0.4503695
7/2/7/7/3/4/7/6/3 3 3,Z,1.7142857142857142857142857142,0,BLOCK,Z,0.4128882,0.3737708
7/2/7/7/3/6/7/4/3 3 3,Z,2,0,BLOCK,Z,0.4709098,0.5020334
7/2/7/7/3/4/7/5/6 3 3,Z,2,0,BLOCK,Z,0.478521,0.3408766
7/2/7/7/3/6/7/1/6 3 3,Z,-2,0,BLOCK,Z,0.6001527,0.5597364
3/2/7/7/3/6/7/5/5 3 3,X,-0.5,302,TIMEOUT,Z,0.01905154,0.01369963
7/2/7/7/3/4/7/5/5 3 3,Z,2,0,BLOCK,Z,0.5479336,0.4805252
7/2/7/7/3/6/7/1/5 3 3,Z,-2,0,BLOCK,Z,1.000813,0.6873283
7/2/7/7/3/4/7/5/3 3 3,Z,2,2,BLOCK,Z,1.227715,0.7969837
7/2/7/7/3/6/7/1/3 3 3,Z,-2,0,BLOCK,Z,0.1490616,0.2066038
7/2/7/7/3/4/7/3/6 3 3,Z,2.2857142857142857142857142858,0,BLOCK,Z,0.2285944,0.3802235
7/2/7/7/3/4/7/3/5 3 3,Z,2.2857142857142857142857142858,0,BLOCK,Z,0.558553,0.4806871
7/2/7/7/3/4/7/3/3 3 3,Z,2.2857142857142857142857142858,2,BLOCK,Z,1.54432,0.9666159
7/2/7/7/3/4/7/7/4 3 3,Z,2,2,BLOCK,Z,1.329772,0.871835
7/2/7/7/3/4/7/7/2 3 3,Z,2,2,BLOCK,Z,1.354753,0.9123753
6/2/7/7/3/6/7/7/1 3 3,X,0.6111111111111111111111111111,36,PLANE,X,0.6323584,0.4209006
7/2/7/7/3/4/7/7/1 3 3,Z,2,0,BLOCK,Z,0.6177437,0.5465993
7/2/7/7/3/1/2/7/7 3 3,Z,-2,0,BLOCK,Z,0.3944159,0.4540733
7/2/7/7/3/1/6/6/7 3 3,Z,-2.2857142857142857142857142858,0,BLOCK,Z,1.346432,1.011524
7/2/7/7/3/5/4/6/7 3 3,X,2,2,BLOCK,X,1.359171,0.8771198
7/2/7/7/3/5/6/4/7 3 3,Z,2,0,BLOCK,Z,0.3482932,0.4888083
7/2/7/7/3/1/6/5/7 3 3,Z,-2,2,BLOCK,Z,1.177337,0.8391317
7/2/7/7/3/5/4/5/7 3 3,X,2,0,BLOCK,X,0.5398216,0.5953463
7/2/7/7/3/5/6/1/7 3 3,Z,-2,0,BLOCK,Z,0.3443048,0.4614188
7/2/7/7/3/1/6/3/7 3 3,Z,-1.7142857142857142857142857142,0,BLOCK,Z,1.02031,0.7496018
7/2/7/7/3/5/4/3/7 3 3,X,2,2,BLOCK,X,1.32378,0.7565025
7/2/7/7/3/1/6/7/6 3 3,Z,-2,0,BLOCK,Z,0.6469247,0.5085024
7/2/7/7/3/5/4/7/6 3 3,X,1.6,2,BLOCK,X,1.241221,0.7915733
7/2/7/7/3/1/6/7/5 3 3,Z,-2,0,BLOCK,Z,0.390388,0.3602758
7/2/7/7/3/5/4/7/5 3 3,X,2,2,BLOCK,X,1.296095,0.7932224
7/2/7/7/3/1/6/7/3 3 3,Z,-2,0,BLOCK,Z,0.2792697,0.349493
7/2/7/7/3/5/4/7/3 3 3,X,2.4,2,BLOCK,X,1.590611,0.9180962
7/2/7/7/3/1/5/6/7 3 3,Z,-2.2857142857142857142857142858,0,BLOCK,Z,0.539023,0.5705051
7/2/7/7/3/5/1/6/7 3 3,X,-2,0,BLOCK,X,0.6513467,0.7187795
7/2/7/7/3/5/5/4/7 3 3,Z,2,0,BLOCK,Z,0.4994759,0.4407202
7/2/7/7/3/1/5/5/7 3 3,Z,-2,0,BLOCK,Z,0.574784,0.4399018
7/2/7/7/3/5/1/5/7 3 3,X,-2,0,BLOCK,X,0.6215864,0.7337458
7/2/7/7/3/5/5/1/7 3 3,Z,-2,0,BLOCK,Z,0.08079302,0.1046626
7/2/7/7/3/1/5/3/7 3 3,Z,-1.7142857142857142857142857142,2,BLOCK,Z,1.082171,0.8873303
7/2/7/7/3/5/1/3/7 3 3,X,-2,0,BLOCK,X,0.7859242,0.759475
7/2/7/7/3/1/5/7/6 3 3,Z,-2,0,BLOCK,Z,0.6303335,0.437028
7/2/7/7/3/5/1/7/6 3 3,X,-2.4,0,BLOCK,X,1.302794,1.003557
7/2/7/7/3/1/5/7/5 3 3,Z,-2,0,BLOCK,Z,0.341318,0.3784652
7/2/7/7/3/5/1/7/5 3 3,X,-2,0,BLOCK,X,0.5613484,0.594367
7/2/7/7/3/1/5/7/3 3 3,Z,-2,0,BLOCK,Z,0.5048372,0.4289799
7/2/7/7/3/5/1/7/3 3 3,X,-1.6,0,BLOCK,X,0.872633,0.6795651
7/2/7/7/3/1/3/6/7 3 3,Z,-2.2857142857142857142857142858,0,BLOCK,Z,0.4125118,0.447053
7/2/7/7/3/5/3/4/7 3 3,Z,2,0,BLOCK,Z,0.9917951,0.5174009
7/2/7/7/3/1/3/5/7 3 3,Z,-2,0,BLOCK,Z,0.410691,0.3044785
7/2/7/7/3/5/3/1/7 3 3,Z,-2,2,BLOCK,Z,1.548207,0.9852702
7/2/7/7/3/1/3/3/7 3 3,Z,-1.7142857142857142857142857142,0,BLOCK,Z,0.2115524,0.4818559
7/2/7/7/3/1/3/7/6 3 3,Z,-2,0,BLOCK,Z,0.6847646,0.6095529
7/2/7/7/3/1/3/7/5 3 3,Z,-2,0,BLOCK,Z,0.4694964,0.5147942
7/2/7/7/3/1/3/7/3 3 3,Z,-2,0,BLOCK,Z,0.4761781,0.3671021
7/2/7/7/3/1/7/2/7 3 3,Z,-2,0,BLOCK,Z,1.403198,0.8708163
6/2/7/7/3/5/7/6/6 3 3,X,-0.6111111111111111111111111111,302,TIMEOUT,Z,0.1563482,0.09817415
7/2/7/7/3/1/7/6/6 3 3,Z,-2.2857142857142857142857142858,2,BLOCK,Z,1.477845,0.8703881
7/2/7/7/3/5/7/4/6 3 3,Z,2,2,BLOCK,Z,1.649083,1.013257
7/2/7/7/3/1/7/6/5 3 3,Z,-2.2857142857142857142857142858,0,BLOCK,Z,0.4607783,0.4353309
7/2/7/7/3/5/7/4/5 3 3,Z,2,0,BLOCK,Z,0.1087543,0.06170282
7/2/7/7/3/1/7/6/3 3 3,Z,-2.2857142857142857142857142858,0,BLOCK,Z,0.4158007,0.4878944
7/2/7/7/3/5/7/4/3 3 3,Z,2,0,BLOCK,Z,0.03972342,0.05118135
7/2/7/7/3/1/7/5/6 3 3,Z,-2,2,BLOCK,Z,1.245762,0.8606353
7/2/7/7/3/5/7/1/6 3 3,Z,-2,0,BLOCK,Z,0.02989186,0.1024595
7/2/7/7/3/1/7/5/5 3 3,Z,-2,0,BLOCK,Z,0.5539245,0.5538914
7/2/7/7/3/5/7/1/5 3 3,Z,-2,0,BLOCK,Z,0.130252,0.06489364
7/2/7/7/3/1/7/5/3 3 3,Z,-2,0,BLOCK,Z,0.4124058,0.4304413
7/2/7/7/3/5/7/1/3 3 3,Z,-2,0,BLOCK,Z,0.0608529,0.03003157
7/2/7/7/3/1/7/3/6 3 3,Z,-1.7142857142857142857142857142,0,BLOCK,Z,0.1462782,0.2777655
7/2/7/7/3/1/7/3/5 3 3,Z,-1.7142857142857142857142857142,0,BLOCK,Z,0.5583789,0.5885644
7/2/7/7/3/1/7/3/3 3 3,Z,-1.7142857142857142857142857142,0,BLOCK,Z,0.2469136,0.5002484
7/2/7/7/3/1/7/7/4 3 3,Z,-2,0,BLOCK,Z,0.2705362,0.1957659
7/2/7/7/3/1/7/7/2 3 3,Z,-2,0,BLOCK,Z,1.349972,1.005297
7/2/7/7/3/1/7/7/1 3 3,Z,-2,0,BLOCK,Z,0.2814291,0.3305261
7/2/7/7/3/3/4/6/7 3 3,X,2,0,BLOCK,X,0.7180488,0.7398709
7/2/7/7/3/3/6/4/7 3 3,Z,2,0,BLOCK,Z,0.3778126,0.3848295
7/2/7/7/3/3/4/5/7 3 3,X,2,0,BLOCK,X,1.334304,0.892059
7/2/7/7/3/3/6/1/7 3 3,Z,-2,0,BLOCK,Z,0.3939874,0.4001668
7/2/7/7/3/3/4/3/7 3 3,X,2,0,BLOCK,X,0.5440311,0.6619772
7/2/7/7/3/3/4/7/6 3 3,X,1.6,0,BLOCK,X,0.8111221,0.4121894
7/2/7/7/3/3/4/7/5 3 3,X,2,2,BLOCK,X,1.2773,0.6911011
7/2/7/7/3/3/4/7/3 3 3,X,2.4,2,BLOCK,X,1.578826,0.8950406
7/2/7/7/3/3/1/6/7 3 3,X,-2,0,BLOCK,X,1.424721,0.9400816
7/2/7/7/3/3/5/4/7 3 3,Z,2,0,BLOCK,Z,0.5897947,0.5300541
7/2/7/7/3/3/1/5/7 3 3,X,-2,2,BLOCK,X,1.383215,0.8917376
7/2/7/7/3/3/5/1/7 3 3,Z,-2,2,BLOCK,Z,1.594625,0.9782921
6/2/7/7/3/3/5/3/7 3 3,X,0.5555555555555555555555555556,302,TIMEOUT,Z,0.1802146,0.08964071
7/2/7/7/3/3/1/3/7 3 3,X,-2,2,BLOCK,X,1.340208,0.8850591
7/2/7/7/3/3/1/7/6 3 3,X,-2.4,0,BLOCK,X,0.6395789,0.7743204
7/2/7/7/3/3/1/7/5 3 3,X,-2,0,BLOCK,X,1.317259,0.8592234
7/2/7/7/3/3/1/7/3 3 3,X,-1.6,2,BLOCK,X,1.274197,0.8179501
6/2/7/7/3/3/3/6/7 3 3,Z,-0.6428571428571428571428571429,302,TIMEOUT,Z,0.2212178,0.119853
7/2/7/7/3/3/3/4/7 3 3,Z,2,0,BLOCK,Z,0.5779687,0.5521113
7/2/7/7/3/3/3/1/7 3 3,Z,-2,0,BLOCK,Z,0.3904339,0.3594174
6/2/7/7/3/3/3/3/7 3 3,X,0.6111111111111111111111111111,30,PLANE,X,0.6826298,0.5660581
7/2/7/7/3/3/7/4/6 3 3,Z,2,0,BLOCK,Z,0.650778,0.6669178
7/2/7/7/3/3/7/4/5 3 3,Z,2,0,BLOCK,Z,0.1618245,0.144883
7/2/7/7/3/3/7/4/3 3 3,Z,2,0,BLOCK,Z,0.09323356,0.1472815
7/2/7/7/3/3/7/1/6 3 3,Z,-2,0,BLOCK,Z,0.2978402,0.3283879
7/2/7/7/3/3/7/1/5 3 3,Z,-2,0,BLOCK,Z,1.039224,0.4746058
7/2/7/7/3/3/7/1/3 3 3,Z,-2,0,BLOCK,Z,0.9500506,0.5434688
7/2/7/7/3/7/2/4/7 3 3,Z,2,0,BLOCK,Z,0.7585166,0.5189163
7/2/7/7/3/7/2/1/7 3 3,Z,-2,0,BLOCK,Z,0.9461347,0.4401379
7/2/7/7/3/7/4/2/7 3 3,X,2,0,BLOCK,X,0.6514074,0.5386224
7/2/3/7/3/7/6/6/6 3 3,X,-0.7222222222222222222222222222,302,TIMEOUT,Z,0.01991447,0.01232864
7/2/7/7/3/7/4/6/6 3 3,X,1.5,0,BLOCK,X,0.5554359,0.5272264
7/2/7/7/3/7/6/4/6 3 3,Z,2,0,BLOCK,Z,0.1659293,0.1949479
7/2/7/7/3/7/4/6/5 3 3,X,2,0,BLOCK,X,0.7893634,0.7124819
7/2/7/7/3/7/6/4/5 3 3,Z,2,0,BLOCK,Z,0.1553286,0.08268155
7/2/7/7/3/7/4/6/3 3 3,X,2.5,0,BLOCK,X,0.8804341,1.000311
7/2/7/7/3/7/6/4/3 3 3,Z,2,2,BLOCK,Z,1.642093,1.007928
7/2/7/7/3/7/4/5/6 3 3,X,1.5,2,BLOCK,X,1.087575,0.7376986
7/2/7/7/3/7/6/1/6 3 3,Z,-2,0,BLOCK,Z,0.1705565,0.2743219
7/2/7/7/3/7/4/5/5 3 3,X,2,0,BLOCK,X,0.6032591,0.6106999
7/2/7/7/3/7/6/1/5 3 3,Z,-2,0,BLOCK,Z,1.676429,1.074453
7/2/7/7/3/7/4/5/3 3 3,X,2.5,0,BLOCK,X,0.7188175,0.8246533
7/2/7/7/3/7/6/1/3 3 3,Z,-2,0,BLOCK,Z,0.1021504,0.2387693
7/2/7/7/3/7/4/3/6 3 3,X,1.5,0,BLOCK,X,0.5583121,0.5456904
7/2/7/7/3/7/4/3/5 3 3,X,2,0,BLOCK,X,0.6057049,0.6558004
7/2/7/7/3/7/4/3/3 3 3,X,2.5,0,BLOCK,X,0.9605244,0.6462068
7/2/7/7/3/7/4/7/4 3 3,X,1.5,2,BLOCK,X,1.115368,0.7512245
7/2/7/7/3/7/4/7/2 3 3,X,2,0,BLOCK,X,0.6798676,0.6514955
7/2/7/7/3/7/4/7/1 3 3,X,2.5,0,BLOCK,X,0.9571036,0.8742306
7/2/7/7/3/7/1/2/7 3 3,X,-2,0,BLOCK,X,0.5553723,0.7798894
7/2/7/7/3/7/1/6/6 3 3,X,-2.5,0,BLOCK,X,0.6795231,0.9190704
7/2/7/7/3/7/5/4/6 3 3,Z,2,2,BLOCK,Z,1.645353,1.003341
7/2/7/7/3/7/1/6/5 3 3,X,-2,0,BLOCK,X,0.6009689,0.6955225
7/2/7/7/3/7/5/4/5 3 3,Z,2,0,BLOCK,Z,0.152146,0.05848642
7/2/7/7/3/7/1/6/3 3 3,X,-1.5,2,BLOCK,X,1.198354,0.7351863
7/2/7/7/3/7/5/4/3 3 3,Z,2,0,BLOCK,Z,1.768851,0.9974229
7/2/7/7/3/7/5/6/1 3 3,Z,0.5,302,TIMEOUT,Z,0.02824081,0.01213055
7/2/7/7/3/7/1/5/6 3 3,X,-2.5,0,BLOCK,X,0.648634,0.796072
7/2/7/7/3/7/5/1/6 3 3,Z,-2,0,BLOCK,Z,1.669467,1.029013
7/2/7/7/3/7/1/5/5 3 3,X,-2,0,BLOCK,X,0.5394547,0.6662633
7/2/7/7/3/7/5/1/5 3 3,Z,-2,0,BLOCK,Z,0.04967127,0.04593258
7/2/7/7/3/7/1/5/3 3 3,X,-1.5,0,BLOCK,X,0.3449731,0.543539
7/2/7/7/3/7/5/1/3 3 3,Z,-2,0,BLOCK,Z,1.692473,0.942684
7/2/7/7/3/7/1/3/6 3 3,X,-2.5,2,BLOCK,X,1.64576,1.000669
7/2/7/7/3/7/1/3/5 3 3,X,-2,0,BLOCK,X,0.5975295,0.6985571
7/2/7/7/3/7/1/3/3 3 3,X,-1.5,0,BLOCK,X,0.4733338,0.514892
7/2/7/7/3/7/1/7/4 3 3,X,-2.5,0,BLOCK,X,0.4820307,0.6841525
7/2/7/7/3/7/1/7/2 3 3,X,-2,0,BLOCK,X,0.4500051,0.5878603
7/2/7/7/3/7/1/7/1 3 3,X,-1.5,0,BLOCK,X,0.4615647,0.4351724
7/2/7/7/3/7/3/4/6 3 3,Z,2,2,BLOCK,Z,1.673234,0.9950444
7/2/7/7/3/7/3/4/5 3 3,Z,2,0,BLOCK,Z,0.09846789,0.1777249
3/2/7/7/3/7/3/6/3 3 3,Z,0.5,302,TIMEOUT,Z,0.01505784,0.008942662
7/2/7/7/3/7/3/4/3 3 3,Z,2,0,BLOCK,Z,0.08526026,0.1105719
7/2/7/7/3/7/3/1/6 3 3,Z,-2,0,BLOCK,Z,1.080558,0.2955746
7/2/7/7/3/7/3/1/5 3 3,Z,-2,0,BLOCK,Z,0.1035987,0.04362277
7/2/7/7/3/7/3/1/3 3 3,Z,-2,0,BLOCK,Z,0.02685001,0.1333276
7/2/7/7/3/7/7/4/4 3 3,Z,2,0,BLOCK,Z,0.1287171,0.2044462
7/2/6/7/3/7/7/6/2 3 3,X,0.5714285714285714285714285714,302,TIMEOUT,Z,0.01023586,0.007257215
7/2/7/7/3/7/7/4/2 3 3,Z,2,0,BLOCK,Z,0.06939355,0.07117436
7/2/7/7/3/7/7/4/1 3 3,Z,2,0,BLOCK,Z,0.03881599,0.04609431
7/2/7/7/3/7/7/1/4 3 3,Z,-2,0,BLOCK,Z,0.1020376,0.1395134
7/2/7/7/3/7/7/1/2 3 3,Z,-2,0,BLOCK,Z,0.03806959,0.04992263
7/2/7/7/3/7/7/1/1 3 3,Z,-2,0,BLOCK,Z,0.1302956,0.1143742
7/2/7/7/7/2/4/6/7 3 3,X,2,0,BLOCK,X,0.5022531,0.6458223
7/2/7/7/7/2/6/4/7 3 3,Z,2,0,BLOCK,Z,1.637445,1.034611
7/2/7/7/7/2/4/5/7 3 3,X,2,0,BLOCK,X,0.9235879,0.6852648
7/2/7/7/7/2/6/1/7 3 3,Z,-2,0,BLOCK,Z,0.4586961,0.478446
7/2/7/7/7/2/4/3/7 3 3,X,2,2,BLOCK,X,1.353496,0.8308857
7/2/7/7/7/2/4/7/6 3 3,X,1.6,0,BLOCK,X,0.4207064,0.4979517
7/2/7/7/7/2/4/7/5 3 3,X,2,0,BLOCK,X,1.47058,0.9119648
7/2/7/7/7/2/4/7/3 3 3,X,2.4,0,BLOCK,X,1.656451,1.057142
7/2/7/7/7/2/1/6/7 3 3,X,-2,0,BLOCK,X,1.215664,0.8894917
7/2/7/7/7/2/5/4/7 3 3,Z,2,0,BLOCK,Z,1.648291,1.027391
7/2/7/7/7/2/1/5/7 3 3,X,-2,0,BLOCK,X,0.7999169,0.6221688
7/2/7/7/7/2/5/1/7 3 3,Z,-2,0,BLOCK,Z,0.7014842,0.5610408
7/2/7/7/7/2/1/3/7 3 3,X,-2,0,BLOCK,X,1.325788,0.9972121
7/2/7/7/7/2/1/7/6 3 3,X,-2.4,0,BLOCK,X,1.682458,1.017406
7/2/7/7/7/2/1/7/5 3 3,X,-2,0,BLOCK,X,0.6178853,0.6854647
7/2/7/7/7/2/1/7/3 3 3,X,-1.6,0,BLOCK,X,1.19922,0.7902867
7/2/7/7/7/2/3/4/7 3 3,Z,2,0,BLOCK,Z,1.642242,1.051289
7/2/7/7/7/2/3/1/7 3 3,Z,-2,0,BLOCK,Z,0.8664754,0.6197266
7/2/7/7/7/2/7/4/6 3 3,Z,2,0,BLOCK,Z,0.4644338,0.4175808
7/2/7/7/7/2/7/4/5 3 3,Z,2,0,BLOCK,Z,0.4421077,0.3838872
7/2/7/7/7/2/7/4/3 3 3,Z,2,0,BLOCK,Z,0.4521539,0.4436905
7/2/7/7/7/2/7/1/6 3 3,Z,-2,0,BLOCK,Z,0.2520977,0.2104283
7/2/7/7/7/2/7/1/5 3 3,Z,-2,0,BLOCK,Z,0.5217438,0.4359413
7/2/7/7/7/2/7/1/3 3 3,Z,-2,0,BLOCK,Z,0.4034912,0.3087336
6/2/7/7/7/6/2/6/7 3 3,X,0.5,302,TIMEOUT,Z,0.1672365,0.1019239
7/2/7/7/7/4/2/6/7 3 3,Z,1.6666666666666666666666666666,2,BLOCK,Z,1.067117,0.7149484
7/2/7/7/7/6/2/4/7 3 3,Z,2,0,BLOCK,Z,0.9572654,0.5876856
7/2/7/7/7/4/2/5/7 3 3,Z,2,0,BLOCK,Z,0.6613217,0.4746191
7/2/7/7/7/6/2/1/7 3 3,Z,-2,0,BLOCK,Z,0.5176719,0.4417547
7/2/7/7/7/4/2/3/7 3 3,Z,2.3333333333333333333333333334,0,BLOCK,Z,0.3964559,0.3930439
7/2/7/7/7/4/2/7/6 3 3,Z,2,2,BLOCK,Z,1.201185,0.8348424
7/2/7/7/7/4/2/7/5 3 3,Z,2,2,BLOCK,Z,1.211681,0.8515068
7/2/7/7/7/4/2/7/3 3 3,Z,2,0,BLOCK,Z,0.5387932,0.4438721
7/2/7/7/7/4/6/2/7 3 3,Z,2,0,BLOCK,Z,0.05671238,0.4769799
7/2/7/7/7/6/4/2/7 3 3,X,2,0,BLOCK,X,0.5017893,0.6717799
7/2/7/7/7/4/6/6/6 3 3,Z,1.6666666666666666666666666666,0,BLOCK,Z,0.3356883,0.4709909
7/2/7/7/7/6/4/6/6 3 3,X,1.5,0,BLOCK,X,1.225384,0.793694
7/2/7/7/7/6/6/4/6 3 3,Z,2,0,BLOCK,Z,0.4888078,0.4806809
7/2/3/7/7/6/6/6/5 3 3,X,-0.5714285714285714285714285714,302,TIMEOUT,Z,0.01444339,0.007520702
7/2/7/7/7/4/6/6/5 3 3,Z,1.6666666666666666666666666666,0,BLOCK,Z,0.0988865,0.4753211
7/2/7/7/7/6/4/6/5 3 3,X,2,0,BLOCK,X,1.451052,0.8743172
7/2/7/7/7/6/6/4/5 3 3,Z,2,0,BLOCK,Z,0.4736232,0.3864828
7/2/7/7/7/4/6/6/3 3 3,Z,1.6666666666666666666666666666,0,BLOCK,Z,0.1854355,0.2484144
7/2/7/7/7/6/4/6/3 3 3,X,2.5,0,BLOCK,X,0.8078809,0.8635699
7/2/7/7/7/6/6/4/3 3 3,Z,2,0,BLOCK,Z,0.4895563,0.4229046
3/2/7/7/7/6/6/5/6 3 3,X,-0.6111111111111111111111111111,28,PLANE,X,0.6421941,0.4024679
7/2/7/7/7/4/6/5/6 3 3,Z,2,0,BLOCK,Z,0.5300826,0.450953
7/2/7/7/7/6/4/5/6 3 3,X,1.5,0,BLOCK,X,1.10567,0.7946
7/2/7/7/7/6/6/1/6 3 3,Z,-2,0,BLOCK,Z,0.6062326,0.6159511
7/2/7/7/7/4/6/5/5 3 3,Z,2,0,BLOCK,Z,0.5813344,0.4055087
7/2/7/7/7/6/4/5/5 3 3,X,2,0,BLOCK,X,1.364635,0.9446946
7/2/7/7/7/6/6/1/5 3 3,Z,-2,2,BLOCK,Z,1.662867,0.9731404
7/2/7/7/7/4/6/5/3 3 3,Z,2,0,BLOCK,Z,1.277282,0.8922406
7/2/7/7/7/6/4/5/3 3 3,X,2.5,0,BLOCK,X,0.4280138,0.6182587
7/2/7/7/7/6/6/1/3 3 3,Z,-2,0,BLOCK,Z,1.035709,0.7168015
7/2/7/7/7/4/6/3/6 3 3,Z,2.3333333333333333333333333334,2,BLOCK,Z,1.492271,0.8712156
7/2/7/7/7/6/4/3/6 3 3,X,1.5,0,BLOCK,X,0.4035557,0.5112784
7/2/7/7/7/4/6/3/5 3 3,Z,2.3333333333333333333333333334,0,BLOCK,Z,0.854943,0.6930718
7/2/7/7/7/6/4/3/5 3 3,X,2,0,BLOCK,X,0.361728,0.5252256
7/2/7/7/7/4/6/3/3 3 3,Z,2.3333333333333333333333333334,0,BLOCK,Z,0.5803498,0.5626097
7/2/7/7/7/6/4/3/3 3 3,X,2.5,0,BLOCK,X,0.7330434,0.8782914
7/2/7/7/7/4/6/7/4 3 3,Z,2,0,BLOCK,Z,0.5651162,0.3754277
7/2/7/7/7/6/4/7/4 3 3,X,1.5,0,BLOCK,X,0.2422754,0.4058481
7/2/7/7/7/4/6/7/2 3 3,Z,2,2,BLOCK,Z,1.278886,0.8963357
7/2/7/7/7/6/4/7/2 3 3,X,2,0,BLOCK,X,0.4247764,0.5976848
7/2/7/7/7/4/6/7/1 3 3,Z,2,0,BLOCK,Z,0.4268927,0.06257226
7/2/7/7/7/6/4/7/1 3 3,X,2.5,0,BLOCK,X,1.739651,1.065715
7/2/7/7/7/4/5/2/7 3 3,Z,2,0,BLOCK,Z,0.2295266,0.3084837
7/2/7/7/7/6/1/2/7 3 3,X,-2,0,BLOCK,X,0.5150852,0.6749644
7/2/3/7/7/6/5/6/6 3 3,X,-0.5714285714285714285714285714,302,TIMEOUT,Z,0.05444548,0.02869611
7/2/7/7/7/4/5/6/6 3 3,Z,1.6666666666666666666666666666,0,BLOCK,Z,0.3610897,0.4729485
7/2/7/7/7/6/1/6/6 3 3,X,-2.5,0,BLOCK,X,0.4201004,0.6371342
7/2/7/7/7/6/5/4/6 3 3,Z,2,0,BLOCK,Z,0.4112561,0.3671274
7/2/7/7/7/4/5/6/5 3 3,Z,1.6666666666666666666666666666,0,BLOCK,Z,0.1923898,0.2059224
7/2/7/7/7/6/1/6/5 3 3,X,-2,0,BLOCK,X,0.4751348,0.6564182
7/2/7/7/7/6/5/4/5 3 3,Z,2,0,BLOCK,Z,0.4660138,0.454759
7/2/7/7/7/4/5/6/3 3 3,Z,1.6666666666666666666666666666,0,BLOCK,Z,0.3407851,0.3854799
7/2/7/7/7/6/1/6/3 3 3,X,-1.5,0,BLOCK,X,0.1900186,0.4069073
7/2/7/7/7/6/5/4/3 3 3,Z,2,0,BLOCK,Z,0.4442437,0.387695
7/2/7/7/7/4/5/5/6 3 3,Z,2,2,BLOCK,Z,1.168368,0.7863051
7/2/7/7/7/6/1/5/6 3 3,X,-2.5,0,BLOCK,X,0.4519862,0.5904591
7/2/7/7/7/6/5/1/6 3 3,Z,-2,0,BLOCK,Z,0.05285675,0.1075952
7/2/7/7/7/4/5/5/5 3 3,Z,2,0,BLOCK,Z,0.5006192,0.3973789
7/2/7/7/7/6/1/5/5 3 3,X,-2,0,BLOCK,X,0.4079957,0.4629067
7/2/7/7/7/6/5/1/5 3 3,Z,-2,0,BLOCK,Z,0.506886,0.5445929
7/2/7/7/7/4/5/5/3 3 3,Z,2,2,BLOCK,Z,1.182607,0.7380334
7/2/7/7/7/6/1/5/3 3 3,X,-1.5,0,BLOCK,X,0.2809237,0.4279052
7/2/7/7/7/6/5/1/3 3 3,Z,-2,2,BLOCK,Z,1.542047,0.9422118
7/2/7/7/7/4/5/3/6 3 3,Z,2.3333333333333333333333333334,0,BLOCK,Z,0.2623133,0.2695698
7/2/7/7/7/6/1/3/6 3 3,X,-2.5,2,BLOCK,X,1.633215,1.074092
7/2/7/7/7/4/5/3/5 3 3,Z,2.3333333333333333333333333334,0,BLOCK,Z,0.6352153,0.4870971
7/2/7/7/7/6/1/3/5 3 3,X,-2,0,BLOCK,X,0.4720052,0.5894145
7/2/7/7/7/4/5/3/3 3 3,Z,2.3333333333333333333333333334,0,BLOCK,Z,0.08483303,0.1694312
7/2/7/7/7/6/1/3/3 3 3,X,-1.5,2,BLOCK,X,1.13985,0.6799005
7/2/7/7/7/4/5/7/4 3 3,Z,2,0,BLOCK,Z,0.4566533,0.2242182
7/2/7/7/7/6/1/7/4 3 3,X,-2.5,0,BLOCK,X,0.2701835,0.5087385
7/2/7/7/7/4/5/7/2 3 3,Z,2,2,BLOCK,Z,1.306136,0.8742797
7/2/7/7/7/6/1/7/2 3 3,X,-2,0,BLOCK,X,0.3924989,0.5246215
7/2/5/7/7/6/5/7/1 3 3,Z,0.5,302,TIMEOUT,Z,0.02919202,0.01452131
7/2/7/7/7/4/5/7/1 3 3,Z,2,2,BLOCK,Z,1.28874,0.9216315
7/2/7/7/7/6/1/7/1 3 3,X,-1.5,0,BLOCK,X,1.153405,0.7164043
7/2/7/7/7/4/3/2/7 3 3,Z,2,0,BLOCK,Z,0.1414807,0.3403377
7/2/7/7/7/4/3/6/6 3 3,Z,1.6666666666666666666666666666,0,BLOCK,Z,0.4195164,0.4822213
7/2/7/7/7/6/3/4/6 3 3,Z,2,2,BLOCK,Z,1.616173,1.047677
7/2/7/7/7/4/3/6/5 3 3,Z,1.6666666666666666666666666666,0,BLOCK,Z,0.329156,0.3044444
7/2/7/7/7/6/3/4/5 3 3,Z,2,2,BLOCK,Z,1.5807,0.9600969
7/2/7/7/7/4/3/6/3 3 3,Z,1.6666666666666666666666666666,0,BLOCK,Z,0.2181815,0.3360995
7/2/7/7/7/6/3/4/3 3 3,Z,2,0,BLOCK,Z,0.3793071,0.3164185
7/2/7/7/7/4/3/5/6 3 3,Z,2,0,BLOCK,Z,0.3377462,0.2643545
7/2/7/7/7/6/3/1/6 3 3,Z,-2,0,BLOCK,Z,0.7204871,0.7208601
7/2/7/7/7/4/3/5/5 3 3,Z,2,2,BLOCK,Z,1.184292,0.8175316
7/2/7/7/7/6/3/1/5 3 3,Z,-2,0,BLOCK,Z,0.4580885,0.5703785
7/2/7/7/7/4/3/5/3 3 3,Z,2,2,BLOCK,Z,1.189454,0.8407259
7/2/7/7/7/6/3/1/3 3 3,Z,-2,2,BLOCK,Z,1.551472,0.9255393
7/2/7/7/7/4/3/3/6 3 3,Z,2.3333333333333333333333333334,0,BLOCK,Z,0.26864,0.143255
7/2/7/7/7/4/3/3/5 3 3,Z,2.3333333333333333333333333334,0,BLOCK,Z,0.2671901,0.4251502
7/2/7/7/7/4/3/3/3 3 3,Z,2.3333333333333333333333333334,0,BLOCK,Z,0.197212,0.2873089
7/2/7/7/7/4/3/7/4 3 3,Z,2,2,BLOCK,Z,1.306853,0.8945006
7/2/7/7/7/4/3/7/2 3 3,Z,2,0,BLOCK,Z,0.3444544,0.3609723
7/2/7/7/7/4/3/7/1 3 3,Z,2,0,BLOCK,Z,0.4256049,0.49706
7/2/7/7/7/4/7/2/6 3 3,Z,2,0,BLOCK,Z,0.07270668,0.4011724
7/2/7/7/7/4/7/2/5 3 3,Z,2,0,BLOCK,Z,0.1890141,0.3769574
7/2/7/7/7/4/7/2/3 3 3,Z,2,0,BLOCK,Z,0.2527043,0.315643
7/2/7/7/7/4/7/6/4 3 3,Z,1.6666666666666666666666666668,0,BLOCK,Z,0.1464804,0.3039284
7/2/7/7/7/6/7/4/4 3 3,Z,2,0,BLOCK,Z,0.2323763,0.184739
7/2/7/7/7/4/7/6/2 3 3,Z,1.6666666666666666666666666668,0,BLOCK,Z,0.2072644,0.2825968
7/2/7/7/7/6/7/4/2 3 3,Z,2,0,BLOCK,Z,0.1088369,0.04096688
7/2/7/7/7/4/7/6/1 3 3,Z,1.6666666666666666666666666668,0,BLOCK,Z,0.3533997,0.4145407
7/2/7/7/7/6/7/4/1 3 3,Z,2,0,BLOCK,Z,0.2375869,0.1340872
7/2/7/7/7/4/7/5/4 3 3,Z,2,0,BLOCK,Z,0.7779337,0.5671316
7/2/7/7/7/6/7/1/4 3 3,Z,-2,0,BLOCK,Z,0.1757023,0.2365199
7/2/7/7/7/4/7/5/2 3 3,Z,2,0,BLOCK,Z,0.5298975,0.4106543
7/2/7/7/7/6/7/1/2 3 3,Z,-2,0,BLOCK,Z,0.2445531,0.2422602
7/2/7/7/7/4/7/5/1 3 3,Z,2,2,BLOCK,Z,1.30492,0.7921236
7/2/7/7/7/6/7/1/1 3 3,Z,-2,0,BLOCK,Z,0.2301221,0.2832642
6/2/7/7/7/6/7/3/4 3 3,Z,0.6666666666666666666666666666,302,TIMEOUT,Z,0.1062769,0.07055564
7/2/7/7/7/4/7/3/4 3 3,Z,2.3333333333333333333333333332,0,BLOCK,Z,0.5956469,0.5894014
7/2/7/7/7/4/7/3/2 3 3,Z,2.3333333333333333333333333332,0,BLOCK,Z,0.4135007,0.38721
7/2/7/7/7/4/7/3/1 3 3,Z,2.3333333333333333333333333332,0,BLOCK,Z,0.4031935,0.4782815
6/2/7/7/7/5/2/6/7 3 3,X,0.5,302,TIMEOUT,Z,0.1680144,0.1021794
7/2/7/7/7/1/2/6/7 3 3,Z,-2.3333333333333333333333333334,0,BLOCK,Z,0.7234891,0.5769915
7/2/7/7/7/5/2/4/7 3 3,Z,2,0,BLOCK,Z,0.2935902,0.3115061
7/2/7/7/7/1/2/5/7 3 3,Z,-2,0,BLOCK,Z,0.6363147,0.4303583
7/2/7/7/7/5/2/1/7 3 3,Z,-2,2,BLOCK,Z,1.562124,0.9884628
7/2/7/7/7/1/2/3/7 3 3,Z,-1.6666666666666666666666666666,0,BLOCK,Z,0.3763236,0.3789351
7/2/7/7/7/1/2/7/6 3 3,Z,-2,0,BLOCK,Z,0.3415748,0.318171
7/2/7/7/7/1/2/7/5 3 3,Z,-2,0,BLOCK,Z,0.3962022,0.4369349
7/2/7/7/7/1/2/7/3 3 3,Z,-2,0,BLOCK,Z,0.3499202,0.351485
7/2/7/7/7/1/6/2/7 3 3,Z,-2,0,BLOCK,Z,0.08465776,0.3872126
7/2/7/7/7/5/4/2/7 3 3,X,2,0,BLOCK,X,0.8667532,0.7209287
3/2/7/7/7/5/6/6/6 3 3,X,-0.6111111111111111111111111111,24,PLANE,X,0.623112,0.3997976
7/2/7/7/7/1/6/6/6 3 3,Z,-2.3333333333333333333333333334,0,BLOCK,Z,0.09639747,0.2793822
7/2/7/7/7/5/4/6/6 3 3,X,1.5,0,BLOCK,X,0.2662198,0.4799219
7/2/7/7/7/5/6/4/6 3 3,Z,2,0,BLOCK,Z,0.1400432,0.09744123
7/2/7/7/7/1/6/6/5 3 3,Z,-2.3333333333333333333333333334,0,BLOCK,Z,0.2266668,0.2622929
7/2/7/7/7/5/4/6/5 3 3,X,2,2,BLOCK,X,1.296302,0.8181843
7/2/7/7/7/5/6/4/5 3 3,Z,2,0,BLOCK,Z,0.1671594,0.2142197
7/2/7/7/7/1/6/6/3 3 3,Z,-2.3333333333333333333333333334,0,BLOCK,Z,0.1816436,0.3210661
7/2/7/7/7/5/4/6/3 3 3,X,2.5,2,BLOCK,X,1.637678,0.9987923
7/2/7/7/7/5/6/4/3 3 3,Z,2,0,BLOCK,Z,0.32546,0.3323274
7/2/7/7/7/1/6/5/6 3 3,Z,-2,0,BLOCK,Z,0.3326763,0.2988284
7/2/7/7/7/5/4/5/6 3 3,X,1.5,0,BLOCK,X,0.1877256,0.3347858
7/2/7/7/7/5/6/1/6 3 3,Z,-2,0,BLOCK,Z,0.0737026,0.06403942
7/2/7/7/7/1/6/5/5 3 3,Z,-2,0,BLOCK,Z,0.3597924,0.3167557
7/2/7/7/7/5/4/5/5 3 3,X,2,0,BLOCK,X,0.4354065,0.5562953
7/2/7/7/7/5/6/1/5 3 3,Z,-2,0,BLOCK,Z,1.54601,0.9828235
7/2/7/7/7/1/6/5/3 3 3,Z,-2,2,BLOCK,Z,1.204787,0.7898473
7/2/7/7/7/5/4/5/3 3 3,X,2.5,0,BLOCK,X,0.3499518,0.7040683
7/2/7/7/7/5/6/1/3 3 3,Z,-2,2,BLOCK,Z,1.650887,1.02668
7/2/7/7/7/1/6/3/6 3 3,Z,-1.6666666666666666666666666666,0,BLOCK,Z,0.2012818,0.3188287
7/2/7/7/7/5/4/3/6 3 3,X,1.5,0,BLOCK,X,0.471106,0.5406528
7/2/7/7/7/1/6/3/5 3 3,Z,-1.6666666666666666666666666666,2,BLOCK,Z,1.110218,0.8172274
7/2/7/7/7/5/4/3/5 3 3,X,2,0,BLOCK,X,0.6324049,0.6809548
7/2/7/7/7/1/6/3/3 3 3,Z,-1.6666666666666666666666666666,0,BLOCK,Z,0.4171825,0.3694481
7/2/7/7/7/5/4/3/3 3 3,X,2.5,0,BLOCK,X,1.580505,1.076692
7/2/7/7/7/1/6/7/4 3 3,Z,-2,0,BLOCK,Z,0.4162659,0.4129838
7/2/7/7/7/5/4/7/4 3 3,X,1.5,0,BLOCK,X,0.5062795,0.4890134
7/2/7/7/7/1/6/7/2 3 3,Z,-2,0,BLOCK,Z,0.324589,0.4048967
7/2/7/7/7/5/4/7/2 3 3,X,2,0,BLOCK,X,0.3774811,0.5578743
7/2/7/7/7/1/6/7/1 3 3,Z,-2,0,BLOCK,Z,0.3260691,0.3385065
7/2/7/7/7/5/4/7/1 3 3,X,2.5,0,BLOCK,X,0.4864551,0.6886503
7/2/7/7/7/1/5/2/7 3 3,Z,-2,0,BLOCK,Z,0.200033,0.337356
7/2/7/7/7/5/1/2/7 3 3,X,-2,2,BLOCK,X,1.402219,0.8604833
7/2/7/7/7/1/5/6/6 3 3,Z,-2.3333333333333333333333333334,0,BLOCK,Z,0.1362524,0.2484825
7/2/7/7/7/5/1/6/6 3 3,X,-2.5,2,BLOCK,X,1.623771,1.138121
7/2/7/7/7/5/5/4/6 3 3,Z,2,0,BLOCK,Z,1.681574,1.016433
7/2/7/7/7/1/5/6/5 3 3,Z,-2.3333333333333333333333333334,0,BLOCK,Z,0.1311927,0.1625843
7/2/7/7/7/5/1/6/5 3 3,X,-2,0,BLOCK,X,0.5010977,0.5671886
7/2/7/7/7/5/5/4/5 3 3,Z,2,0,BLOCK,Z,0.07555266,0.09086026
7/2/3/7/7/5/5/6/3 3 3,Z,0.5,302,TIMEOUT,Z,0.007619969,0.004862768
7/2/7/7/7/1/5/6/3 3 3,Z,-2.3333333333333333333333333334,0,BLOCK,Z,0.2188202,0.2486836
7/2/7/7/7/5/1/6/3 3 3,X,-1.5,0,BLOCK,X,0.4398928,0.5568812
7/2/7/7/7/5/5/4/3 3 3,Z,2,0,BLOCK,Z,1.767157,1.018206
7/2/7/7/7/1/5/5/6 3 3,Z,-2,0,BLOCK,Z,0.2739272,0.4040357
7/2/7/7/7/5/1/5/6 3 3,X,-2.5,2,BLOCK,X,1.636331,0.9822415
7/2/7/7/7/5/5/1/6 3 3,Z,-2,0,BLOCK,Z,1.690448,1.019611
7/2/7/7/7/1/5/5/5 3 3,Z,-2,0,BLOCK,Z,0.5391528,0.2962207
7/2/7/7/7/5/1/5/5 3 3,X,-2,2,BLOCK,X,1.314211,0.7986823
7/2/7/7/7/5/5/1/5 3 3,Z,-2,0,BLOCK,Z,0.4225771,0.3915113
7/2/7/7/7/1/5/5/3 3 3,Z,-2,0,BLOCK,Z,0.3473473,0.3006316
7/2/7/7/7/5/1/5/3 3 3,X,-1.5,0,BLOCK,X,0.2824812,0.413557
7/2/7/7/7/5/5/1/3 3 3,Z,-2,0,BLOCK,Z,1.693547,1.001212
7/2/7/7/7/1/5/3/6 3 3,Z,-1.6666666666666666666666666666,0,BLOCK,Z,0.4554992,0.51191
7/2/7/7/7/5/1/3/6 3 3,X,-2.5,0,BLOCK,X,1.429604,1.066606
7/2/7/7/7/1/5/3/5 3 3,Z,-1.6666666666666666666666666666,0,BLOCK,Z,0.3031124,0.4657488
7/2/7/7/7/5/1/3/5 3 3,X,-2,2,BLOCK,X,1.312505,0.8004876
7/2/7/7/7/1/5/3/3 3 3,Z,-1.6666666666666666666666666666,0,BLOCK,Z,0.2582712,0.3887108
7/2/7/7/7/5/1/3/3 3 3,X,-1.5,0,BLOCK,X,0.4742961,0.5238001
7/2/7/7/7/1/5/7/4 3 3,Z,-2,0,BLOCK,Z,0.3377834,0.2689958
7/2/7/7/7/5/1/7/4 3 3,X,-2.5,2,BLOCK,X,1.688363,0.9985071
7/2/7/7/7/1/5/7/2 3 3,Z,-2,0,BLOCK,Z,0.4025414,0.4133866
7/2/7/7/7/5/1/7/2 3 3,X,-2,0,BLOCK,X,0.3572977,0.5481308
7/2/7/7/7/1/5/7/1 3 3,Z,-2,0,BLOCK,Z,0.3201516,0.2004862
7/2/7/7/7/5/1/7/1 3 3,X,-1.5,0,BLOCK,X,0.3959188,0.3759499
7/2/7/7/7/1/3/2/7 3 3,Z,-2,0,BLOCK,Z,0.3347855,0.4103994
7/2/7/7/7/1/3/6/6 3 3,Z,-2.3333333333333333333333333334,0,BLOCK,Z,0.3494003,0.316608
7/2/7/7/7/5/3/4/6 3 3,Z,2,0,BLOCK,Z,1.073927,0.4657142
7/2/7/7/7/1/3/6/5 3 3,Z,-2.3333333333333333333333333334,0,BLOCK,Z,0.1309561,0.169931
7/2/7/7/7/5/3/4/5 3 3,Z,2,2,BLOCK,Z,1.653029,1.028245
7/2/7/7/7/1/3/6/3 3 3,Z,-2.3333333333333333333333333334,0,BLOCK,Z,0.3496816,0.3466178
7/2/7/7/7/5/3/4/3 3 3,Z,2,0,BLOCK,Z,0.1179869,0.1401944
7/2/7/7/7/1/3/5/6 3 3,Z,-2,0,BLOCK,Z,0.2305993,0.3544635
7/2/7/7/7/5/3/1/6 3 3,Z,-2,0,BLOCK,Z,1.668987,1.031503
7/2/7/7/7/1/3/5/5 3 3,Z,-2,0,BLOCK,Z,0.3903667,0.4155694
7/2/7/7/7/5/3/1/5 3 3,Z,-2,0,BLOCK,Z,1.561083,1.046856
7/2/7/7/7/1/3/5/3 3 3,Z,-2,2,BLOCK,Z,1.190233,0.8221885
7/2/7/7/7/5/3/1/3 3 3,Z,-2,0,BLOCK,Z,0.1120924,0.1370433
7/2/7/7/7/1/3/3/6 3 3,Z,-1.6666666666666666666666666666,0,BLOCK,Z,0.1528231,0.303599
7/2/7/7/7/1/3/3/5 3 3,Z,-1.6666666666666666666666666666,0,BLOCK,Z,0.3396337,0.333083
7/2/7/7/7/1/3/3/3 3 3,Z,-1.6666666666666666666666666666,0,BLOCK,Z,0.4707917,0.5408725
7/2/7/7/7/1/3/7/4 3 3,Z,-2,0,BLOCK,Z,0.4850834,0.3799554
7/2/7/7/7/1/3/7/2 3 3,Z,-2,0,BLOCK,Z,0.4389587,0.4396962
7/2/7/7/7/1/3/7/1 3 3,Z,-2,0,BLOCK,Z,0.356957,0.3871267
7/2/7/7/7/1/7/2/6 3 3,Z,-2,0,BLOCK,Z,0.2069175,0.2626806
7/2/7/7/7/1/7/2/5 3 3,Z,-2,0,BLOCK,Z,0.1423972,0.3641688
7/2/7/7/7/1/7/2/3 3 3,Z,-2,0,BLOCK,Z,0.409704,0.3374307
7/2/7/7/7/1/7/6/4 3 3,Z,-2.3333333333333333333333333332,2,BLOCK,Z,1.562756,0.986052
7/2/7/7/7/5/7/4/4 3 3,Z,2,0,BLOCK,Z,0.03980807,0.1022286
7/2/7/7/7/1/7/6/2 3 3,Z,-2.3333333333333333333333333332,0,BLOCK,Z,0.1600515,0.3279379
7/2/7/7/7/5/7/4/2 3 3,Z,2,2,BLOCK,Z,1.639649,1.003897
7/2/7/7/7/1/7/6/1 3 3,Z,-2.3333333333333333333333333332,0,BLOCK,Z,0.4856227,0.5179709
7/2/7/7/7/5/7/4/1 3 3,Z,2,2,BLOCK,Z,1.635741,1.013397
7/2/7/7/7/1/7/5/4 3 3,Z,-2,0,BLOCK,Z,0.3667053,0.3923085
7/2/7/7/7/5/7/1/4 3 3,Z,-2,0,BLOCK,Z,0.1065499,0.1408425
7/2/7/7/7/1/7/5/2 3 3,Z,-2,0,BLOCK,Z,0.5591288,0.4570009
7/2/7/7/7/5/7/1/2 3 3,Z,-2,0,BLOCK,Z,0.06128987,0.09991208
7/2/7/7/7/1/7/5/1 3 3,Z,-2,0,BLOCK,Z,0.289693,0.2693996
7/2/7/7/7/5/7/1/1 3 3,Z,-2,0,BLOCK,Z,0.03080012,0.0495099
7/2/7/7/7/1/7/3/4 3 3,Z,-1.6666666666666666666666666668,0,BLOCK,Z,0.2468745,0.2075455
7/2/7/7/7/1/7/3/2 3 3,Z,-1.6666666666666666666666666668,0,BLOCK,Z,0.2526951,0.3216462
7/2/7/7/7/1/7/3/1 3 3,Z,-1.6666666666666666666666666668,0,BLOCK,Z,0.313146,0.3459877
7/2/7/7/7/3/2/4/7 3 3,Z,2,0,BLOCK,Z,0.9571987,0.6473119
7/2/7/7/7/3/2/1/7 3 3,Z,-2,0,BLOCK,Z,1.618763,1.07268
7/2/7/7/7/3/4/2/7 3 3,X,2,0,BLOCK,X,0.3963903,0.6414713
7/2/7/7/7/3/4/6/6 3 3,X,1.5,0,BLOCK,X,0.328783,0.4499081
7/2/7/7/7/3/6/4/6 3 3,Z,2,0,BLOCK,Z,0.5946913,0.5591642
7/2/7/7/7/3/4/6/5 3 3,X,2,0,BLOCK,X,0.7373495,0.7236925
7/2/7/7/7/3/6/4/5 3 3,Z,2,0,BLOCK,Z,1.01321,0.6281346
7/2/7/7/7/3/4/6/3 3 3,X,2.5,0,BLOCK,X,0.5069646,0.7588274
7/2/7/7/7/3/6/4/3 3 3,Z,2,2,BLOCK,Z,1.497361,0.8536346
7/2/7/7/7/3/4/5/6 3 3,X,1.5,0,BLOCK,X,0.3238355,0.4527459
7/2/7/7/7/3/6/1/6 3 3,Z,-2,0,BLOCK,Z,0.518515,0.5153762
7/2/7/7/7/3/4/5/5 3 3,X,2,0,BLOCK,X,1.296068,0.8909713
7/2/7/7/7/3/6/1/5 3 3,Z,-2,0,BLOCK,Z,0.975279,0.5640865
7/2/7/7/7/3/4/5/3 3 3,X,2.5,0,BLOCK,X,0.5416946,0.7254205
7/2/7/7/7/3/6/1/3 3 3,Z,-2,0,BLOCK,Z,1.095132,0.5266874
7/2/7/7/7/3/4/3/6 3 3,X,1.5,0,BLOCK,X,0.3267893,0.5574982
7/2/7/7/7/3/4/3/5 3 3,X,2,0,BLOCK,X,0.422875,0.5358611
7/2/7/7/7/3/4/3/3 3 3,X,2.5,0,BLOCK,X,0.5849934,0.8020334
7/2/7/7/7/3/4/7/4 3 3,X,1.5,0,BLOCK,X,0.3735105,0.4691782
7/2/7/7/7/3/4/7/2 3 3,X,2,0,BLOCK,X,0.4618258,0.6197772
7/2/7/7/7/3/4/7/1 3 3,X,2.5,0,BLOCK,X,0.2203481,0.3961345
7/2/7/7/7/3/1/2/7 3 3,X,-2,0,BLOCK,X,0.4529672,0.6616002
7/2/7/7/7/3/1/6/6 3 3,X,-2.5,2,BLOCK,X,1.638097,0.9773569
7/2/7/7/7/3/5/4/6 3 3,Z,2,0,BLOCK,Z,1.596047,1.053577
7/2/7/7/7/3/1/6/5 3 3,X,-2,0,BLOCK,X,0.397541,0.5029919
7/2/7/7/7/3/5/4/5 3 3,Z,2,0,BLOCK,Z,0.6168623,0.5736827
7/2/7/7/7/3/1/6/3 3 3,X,-1.5,2,BLOCK,X,1.189213,0.7331063
7/2/7/7/7/3/5/4/3 3 3,Z,2,0,BLOCK,Z,0.4669668,0.3911701
7/2/7/7/7/3/1/5/6 3 3,X,-2.5,0,BLOCK,X,0.4664853,0.5895976
7/2/7/7/7/3/5/1/6 3 3,Z,-2,0,BLOCK,Z,0.4339978,0.4462932
7/2/7/7/7/3/1/5/5 3 3,X,-2,0,BLOCK,X,0.432477,0.4898261
7/2/7/7/7/3/5/1/5 3 3,Z,-2,0,BLOCK,Z,0.525318,0.4385193
7/2/7/7/7/3/1/5/3 3 3,X,-1.5,0,BLOCK,X,0.26596,0.4100132
7/2/7/7/7/3/5/1/3 3 3,Z,-2,0,BLOCK,Z,0.4782473,0.3638807
7/2/7/7/7/3/1/3/6 3 3,X,-2.5,0,BLOCK,X,0.359337,0.6494583
7/2/7/7/7/3/1/3/5 3 3,X,-2,2,BLOCK,X,1.313802,0.7951217
7/2/7/7/7/3/1/3/3 3 3,X,-1.5,0,BLOCK,X,0.3089949,0.5231518
6/2/7/7/7/3/5/7/4 3 3,Z,-0.5,302,TIMEOUT,Z,0.1056063,0.07472374
7/2/7/7/7/3/1/7/4 3 3,X,-2.5,0,BLOCK,X,0.1672716,0.2851628
7/2/7/7/7/3/1/7/2 3 3,X,-2,0,BLOCK,X,0.5858344,0.7177948
7/2/7/7/7/3/1/7/1 3 3,X,-1.5,2,BLOCK,X,1.178877,0.7186001
7/2/7/7/7/3/3/4/6 3 3,Z,2,0,BLOCK,Z,0.5865367,0.4681814
7/2/7/7/7/3/3/4/5 3 3,Z,2,0,BLOCK,Z,0.9671401,0.5850917
7/2/7/7/7/3/3/4/3 3 3,Z,2,2,BLOCK,Z,1.563934,0.9441097
7/2/7/7/7/3/3/1/6 3 3,Z,-2,2,BLOCK,Z,1.560377,0.9683855
7/2/7/7/7/3/3/1/5 3 3,Z,-2,0,BLOCK,Z,1.071317,0.4513024
7/2/7/7/7/3/3/1/3 3 3,Z,-2,0,BLOCK,Z,0.3276779,0.2736283
7/2/7/7/7/3/7/4/4 3 3,Z,2,0,BLOCK,Z,0.2399164,0.2427634
7/2/7/7/7/3/7/4/2 3 3,Z,2,0,BLOCK,Z,0.04510105,0.0292834
7/2/7/7/7/3/7/4/1 3 3,Z,2,0,BLOCK,Z,0.1574039,0.1892988
7/2/7/7/7/3/7/1/4 3 3,Z,-2,0,BLOCK,Z,0.3225787,0.1891198
7/2/7/7/7/3/7/1/2 3 3,Z,-2,0,BLOCK,Z,0.09387482,0.05090411
7/2/7/7/7/3/7/1/1 3 3,Z,-2,0,BLOCK,Z,0.2470412,0.2070207
7/2/7/7/7/7/2/4/6 3 3,Z,2,2,BLOCK,Z,1.566542,0.9537599
7/2/7/7/7/7/2/4/5 3 3,Z,2,0,BLOCK,Z,1.565036,1.033361
7/2/7/7/7/7/2/4/3 3 3,Z,2,0,BLOCK,Z,0.1746593,0.3132062
7/2/7/7/7/7/2/1/6 3 3,Z,-2,2,BLOCK,Z,1.756753,0.9923443
7/2/7/7/7/7/2/1/5 3 3,Z,-2,0,BLOCK,Z,1.554939,1.027496
7/2/7/7/7/7/2/1/3 3 3,Z,-2,2,BLOCK,Z,1.657109,1.012404
7/2/7/7/7/7/4/2/6 3 3,X,1.3333333333333333333333333334,0,BLOCK,X,0.2300671,0.4230742
7/2/7/7/7/7/4/2/5 3 3,X,2,0,BLOCK,X,0.5321093,0.6189839
7/2/7/7/7/7/6/2/1 3 3,X,1,2,BLOCK,X,1.308069,0.8464446
7/2/7/7/7/7/4/2/3 3 3,X,2.6666666666666666666666666666,0,BLOCK,X,0.4363782,0.6352594
7/2/7/7/7/7/4/6/4 3 3,X,1.3333333333333333333333333334,0,BLOCK,X,0.3269355,0.3698753
7/2/7/7/7/7/6/4/4 3 3,Z,2,0,BLOCK,Z,0.07762568,0.08257698
7/2/7/7/7/7/4/6/2 3 3,X,2,0,BLOCK,X,0.1756432,0.4399687
7/2/7/7/7/7/6/4/2 3 3,Z,2,0,BLOCK,Z,0.1076985,0.15698
7/2/7/7/7/7/4/6/1 3 3,X,2.6666666666666666666666666666,0,BLOCK,X,0.2303511,0.432034
7/2/7/7/7/7/6/4/1 3 3,Z,2,0,BLOCK,Z,1.741396,1.053071
6/2/7/7/7/7/6/5/4 3 3,X,0.3888888888888888888888888889,302,TIMEOUT,Z,0.09883928,0.06613244
7/2/7/7/7/7/4/5/4 3 3,X,1.3333333333333333333333333334,0,BLOCK,X,0.1266082,0.2631561
7/2/7/7/7/7/6/1/4 3 3,Z,-2,2,BLOCK,Z,1.626194,0.9995219
7/2/7/7/7/7/4/5/2 3 3,X,2,0,BLOCK,X,0.3641767,0.5281035
7/2/7/7/7/7/6/1/2 3 3,Z,-2,0,BLOCK,Z,0.06784289,0.09604069
7/2/7/7/7/7/4/5/1 3 3,X,2.6666666666666666666666666666,0,BLOCK,X,0.2126676,0.4661285
7/2/7/7/7/7/6/1/1 3 3,Z,-2,0,BLOCK,Z,1.640194,1.023217
7/2/6/7/7/7/6/3/4 3 3,Z,-0.5,302,TIMEOUT,Z,0.02712897,0.0147904
7/2/7/7/7/7/4/3/4 3 3,X,1.3333333333333333333333333334,0,BLOCK,X,0.166454,0.2786206
7/2/7/7/7/7/4/3/2 3 3,X,2,0,BLOCK,X,0.5466786,0.6724117
7/2/7/7/7/7/4/3/1 3 3,X,2.6666666666666666666666666666,0,BLOCK,X,0.2965983,0.5262304
7/2/7/7/7/7/1/2/6 3 3,X,-2.6666666666666666666666666666,0,BLOCK,X,0.4586045,0.7442666
7/2/7/7/7/7/1/2/5 3 3,X,-2,0,BLOCK,X,0.321484,0.521313
7/2/7/7/7/7/1/2/3 3 3,X,-1.3333333333333333333333333334,0,BLOCK,X,0.3551779,0.460166
7/2/7/7/7/7/1/6/4 3 3,X,-2.6666666666666666666666666666,2,BLOCK,X,1.71338,1.02105
7/2/7/7/7/7/5/4/4 3 3,Z,2,0,BLOCK,Z,0.06781731,0.07023541
3/2/7/7/7/7/5/6/2 3 3,X,-0.5,302,TIMEOUT,Z,0.0883579,0.05657468
7/2/7/7/7/7/1/6/2 3 3,X,-2,0,BLOCK,X,0.1713486,0.4350844
7/2/7/7/7/7/5/4/2 3 3,Z,2,0,BLOCK,Z,1.73801,1.056635
7/2/7/7/7/7/1/6/1 3 3,X,-1.3333333333333333333333333334,0,BLOCK,X,0.468994,0.4868324
7/2/7/7/7/7/5/4/1 3 3,Z,2,0,BLOCK,Z,0.03500516,0.04914884
7/2/7/7/7/7/1/5/4 3 3,X,-2.6666666666666666666666666666,0,BLOCK,X,0.2999745,0.4158872
7/2/7/7/7/7/5/1/4 3 3,Z,-2,0,BLOCK,Z,0.06024262,0.06362072
7/2/7/7/7/7/1/5/2 3 3,X,-2,0,BLOCK,X,0.1639158,0.3838111
7/2/7/7/7/7/5/1/2 3 3,Z,-2,2,BLOCK,Z,1.731996,1.036167
7/2/7/7/7/7/1/5/1 3 3,X,-1.3333333333333333333333333334,2,BLOCK,X,0.9926676,0.6336325
7/2/7/7/7/7/5/1/1 3 3,Z,-2,0,BLOCK,Z,0.04166985,0.07955821
7/2/7/7/7/7/1/3/4 3 3,X,-2.6666666666666666666666666666,0,BLOCK,X,0.4125722,0.5173632
7/2/7/7/7/7/1/3/2 3 3,X,-2,0,BLOCK,X,0.254179,0.3810513
7/2/7/7/7/7/1/3/1 3 3,X,-1.3333333333333333333333333334,0,BLOCK,X,0.4097943,0.470862
7/2/7/7/7/7/3/2/4 3 3,X,-1,0,BLOCK,X,1.097117,0.8355625
7/2/7/7/7/7/3/4/4 3 3,Z,2,0,BLOCK,Z,1.648385,1.01528
7/2/7/7/7/7/3/4/2 3 3,Z,2,0,BLOCK,Z,0.04997711,0.1224185
7/2/7/7/7/7/3/4/1 3 3,Z,2,0,BLOCK,Z,0.03604843,0.06869765
7/2/7/7/7/7/3/1/4 3 3,Z,-2,0,BLOCK,Z,1.570825,0.9843619
7/2/7/7/7/7/3/1/2 3 3,Z,-2,0,BLOCK,Z,0.04090314,0.07165794
7/2/7/7/7/7/3/1/1 3 3,Z,-2,0,BLOCK,Z,0.1472298,0.1053397
7/4/2/2/6/7/7/7/7 3 3,Z,2,0,BLOCK,Z,0.1090177,0.2934687
7/2/2/2/6/7/7/7/7 3 3,X,0.5,302,TIMEOUT,Z,0.04466873,0.01477835
7/6/2/2/4/7/7/7/7 3 3,X,2,0,BLOCK,X,0.923044,1.173614
7/6/2/2/6/5/7/7/7 3 3,Z,0.5,42,BLOCK,X,0.7528584,0.4576323
3/6/2/2/5/7/7/7/7 3 3,X,-0.5,70,PLANE,X,0.5476622,0.4680805
7/4/2/2/5/7/7/7/7 3 3,Z,2,2,BLOCK,Z,1.457437,0.8490247
7/6/2/2/1/7/7/7/7 3 3,X,-2,2,BLOCK,X,1.162819,1.176757
7/4/2/2/7/5/7/7/7 3 3,Z,2,0,BLOCK,Z,0.1255102,0.2068086
7/6/2/2/7/4/7/7/7 3 3,Z,2,0,BLOCK,Z,0.6741482,0.3726668
7/6/2/2/7/1/7/7/7 3 3,Z,-2,0,BLOCK,Z,0.8748947,0.7596512
7/6/2/2/7/5/7/6/7 3 3,Z,0.5,302,TIMEOUT,Z,0.01353532,0.007051694
7/6/2/2/7/5/7/3/7 3 3,Z,0.5666666666666666666666666666,302,TIMEOUT,Z,0.03218844,0.01798252
7/4/2/2/7/3/7/7/7 3 3,Z,2.1249999999999999999999999998,0,BLOCK,Z,0.1820105,0.2780896
7/6/2/2/5/3/7/7/7 3 3,Z,0.5666666666666666666666666666,302,TIMEOUT,Z,0.007165586,0.003186874
7/6/2/2/7/3/7/6/7 3 3,Z,-0.625,302,TIMEOUT,Z,0.01490265,0.007219119
7/6/2/2/7/3/7/7/3 3 3,Z,0.5666666666666666666666666666,302,TIMEOUT,Z,0.01093759,0.008648511
7/4/2/2/7/7/6/7/7 3 3,Z,2,0,BLOCK,Z,0.2224452,0.2526417
7/6/2/2/7/7/4/7/7 3 3,X,2,0,BLOCK,X,0.5587723,0.376581
7/6/2/2/7/7/6/7/5 3 3,Z,0.5,302,TIMEOUT,Z,0.01614491,0.007177342
7/6/2/2/7/7/6/7/3 3 3,X,0.7,302,TIMEOUT,Z,0.009638845,0.00426051
7/4/2/2/7/7/5/7/7 3 3,Z,2,0,BLOCK,Z,0.447007,0.1385172
7/6/2/2/6/7/5/7/7 3 3,Z,0.5,52,BLOCK,X,0.7961001,0.44127
7/6/2/2/7/3/5/7/7 3 3,Z,0.5666666666666666666666666666,302,TIMEOUT,Z,0.03223242,0.01935943
7/6/2/2/7/7/1/7/7 3 3,X,-2,0,BLOCK,X,0.4892585,0.4042066
7/4/2/2/7/7/3/7/7 3 3,Z,2,0,BLOCK,Z,0.286522,0.3226981
7/6/2/2/5/7/3/7/7 3 3,Z,0.5,46,BLOCK,Z,0.8596182,0.6684536
7/6/2/2/7/6/3/7/7 3 3,Z,0.5,302,TIMEOUT,Z,0.05206329,0.02325047
7/6/2/2/7/7/3/6/7 3 3,X,-0.5,302,TIMEOUT,Z,0.06588821,0.04107405
7/6/2/2/7/7/3/7/6 3 3,X,-0.7,302,TIMEOUT,Z,0.01012698,0.006270639
7/4/2/2/7/7/7/5/7 3 3,Z,2,2,BLOCK,Z,1.434655,0.7997259
7/6/2/2/7/6/7/5/7 3 3,Z,0.5,302,TIMEOUT,Z,0.008841974,0.004214504
7/6/2/2/7/7/7/4/7 3 3,Z,2,2,BLOCK,Z,1.667828,0.9493024
7/6/2/2/7/7/7/1/7 3 3,Z,-2,0,BLOCK,Z,0.3681728,0.4155791
7/4/2/2/7/7/7/3/7 3 3,Z,2.1249999999999999999999999998,2,BLOCK,Z,0.8071098,0.627851
7/4/2/2/7/7/7/7/6 3 3,Z,2,0,BLOCK,Z,0.06936747,0.03976529
7/6/2/2/6/7/7/7/6 3 3,Z,0.5,302,TIMEOUT,Z,0.04239398,0.02334933
7/6/2/2/5/7/7/7/6 3 3,Z,0.5,302,TIMEOUT,Z,0.006790151,0.003208797
7/6/2/2/7/6/7/7/6 3 3,Z,0.5,302,TIMEOUT,Z,0.01506933,0.007018464
7/4/2/2/7/7/7/7/5 3 3,Z,2,2,BLOCK,Z,1.513574,0.7271838
7/6/2/2/5/7/7/7/5 3 3,Z,0.5,302,TIMEOUT,Z,0.02179138,0.01002175
7/6/2/2/7/6/7/7/5 3 3,Z,0.5,302,TIMEOUT,Z,0.02348887,0.01095588
7/6/2/2/7/7/7/6/5 3 3,Z,0.5,302,TIMEOUT,Z,0.01774893,0.006440327
7/4/2/2/7/7/7/7/3 3 3,Z,2,2,BLOCK,Z,1.408049,0.6359628
7/6/2/2/5/7/7/7/3 3 3,Z,0.5,302,TIMEOUT,Z,0.06094645,0.02339235
7/6/2/2/7/6/7/7/3 3 3,Z,0.5,302,TIMEOUT,Z,0.03378236,0.02482785
7/6/2/2/7/5/7/7/3 3 3,Z,0.5,30,BLOCK,Z,0.8206317,0.4745895
7/6/2/2/7/7/7/6/3 3 3,Z,0.5,302,TIMEOUT,Z,0.0161847,0.007770833
7/4/2/6/2/7/7/7/7 3 3,Z,1.875,2,BLOCK,Z,0.7123268,0.400022
7/6/2/4/2/7/7/7/7 3 3,Z,2,0,BLOCK,Z,0.8252392,0.5599967
7/4/2/6/6/6/7/7/7 3 3,Z,1.75,0,BLOCK,Z,0.5067394,0.3621183
7/6/2/4/6/6/7/7/7 3 3,Z,1.8461538461538461538461538462,0,BLOCK,Z,0.3011418,0.4604112
7/6/2/6/4/6/7/7/7 3 3,X,2,0,BLOCK,X,0.6066136,0.7073479
7/6/2/6/6/4/7/7/7 3 3,Z,2,0,BLOCK,Z,0.8232844,0.5861208
7/4/2/6/6/5/7/7/7 3 3,Z,1.875,0,BLOCK,Z,0.5785441,0.4111339
7/6/2/4/6/5/7/7/7 3 3,Z,2,2,BLOCK,Z,0.9194759,0.718638
7/6/2/6/4/5/7/7/7 3 3,X,2,0,BLOCK,X,0.7352129,0.9011911
7/6/2/6/6/1/7/7/7 3 3,Z,-2,0,BLOCK,Z,1.292915,1.080196
7/4/2/6/6/3/7/7/7 3 3,Z,2,2,BLOCK,Z,0.7769616,0.3966784
7/6/2/4/6/3/7/7/7 3 3,Z,2.1538461538461538461538461538,0,BLOCK,Z,0.7824306,0.6202602
7/6/2/6/4/3/7/7/7 3 3,X,2,0,BLOCK,X,0.4286266,0.5663214
7/6/2/6/6/3/7/7/6 3 3,Z,0.5833333333333333333333333333,302,TIMEOUT,Z,0.01395923,0.007418161
7/4/2/6/6/7/6/7/7 3 3,Z,1.875,2,BLOCK,Z,0.6592016,0.3733367
7/6/2/4/6/7/6/7/7 3 3,Z,2,0,BLOCK,Z,0.6391438,0.7271921
7/6/2/6/4/7/6/7/7 3 3,X,1.8181818181818181818181818182,0,BLOCK,X,0.6583755,0.9378694
7/6/2/6/6/7/4/7/7 3 3,X,2,0,BLOCK,X,0.5306402,0.7203384
7/4/2/6/6/7/5/7/7 3 3,Z,1.875,0,BLOCK,Z,0.401484,0.2488023
7/6/2/4/6/7/5/7/7 3 3,Z,2,2,BLOCK,Z,0.8952552,0.5696974
7/6/2/6/4/7/5/7/7 3 3,X,2,0,BLOCK,X,0.6400983,0.8064514
7/6/2/6/6/7/1/7/7 3 3,X,-2,0,BLOCK,X,0.5190414,0.6609247
7/4/2/6/6/7/3/7/7 3 3,Z,1.875,2,BLOCK,Z,0.6940573,0.506483
7/6/2/4/6/7/3/7/7 3 3,Z,2,0,BLOCK,Z,0.5522034,0.6356235
7/6/2/6/4/7/3/7/7 3 3,X,2.1818181818181818181818181818,0,BLOCK,X,0.9446161,0.9398107
7/4/2/6/6/7/7/6/7 3 3,Z,1.75,0,BLOCK,Z,0.4407058,0.2266029
7/6/2/4/6/7/7/6/7 3 3,Z,1.8461538461538461538461538462,2,BLOCK,Z,0.7184458,0.6729629
7/6/2/6/4/7/7/6/7 3 3,X,2,0,BLOCK,X,0.9056026,0.9464015
7/6/2/6/6/7/7/4/7 3 3,Z,2,0,BLOCK,Z,0.2861503,0.5658327
7/4/2/6/6/7/7/5/7 3 3,Z,1.875,0,BLOCK,Z,0.5788794,0.354607
7/6/2/4/6/7/7/5/7 3 3,Z,2,0,BLOCK,Z,0.6966413,0.7235893
7/6/2/6/4/7/7/5/7 3 3,X,2,0,BLOCK,X,0.8706646,0.8580762
7/6/2/6/6/7/7/1/7 3 3,Z,-2,0,BLOCK,Z,0.2132293,0.2279504
7/4/2/6/6/7/7/3/7 3 3,Z,2,0,BLOCK,Z,0.5243817,0.4076102
7/6/2/4/6/7/7/3/7 3 3,Z,2.1538461538461538461538461538,2,BLOCK,Z,0.7688528,0.6796729
7/6/2/6/4/7/7/3/7 3 3,X,2,0,BLOCK,X,0.9087505,0.9191299
7/6/2/6/6/3/7/3/7 3 3,Z,0.6666666666666666666666666667,28,BLOCK,Z,0.7924815,0.6009546
7/4/2/6/6/7/7/7/6 3 3,Z,1.875,2,BLOCK,Z,0.7589634,0.3974971
7/6/2/4/6/7/7/7/6 3 3,Z,2,0,BLOCK,Z,0.674518,0.7685917
7/6/2/6/4/7/7/7/6 3 3,X,1.8181818181818181818181818182,0,BLOCK,X,0.5432731,0.6538406
7/4/2/6/6/7/7/7/5 3 3,Z,1.875,2,BLOCK,Z,0.7669325,0.3667917
7/6/2/4/6/7/7/7/5 3 3,Z,2,0,BLOCK,Z,0.6897042,0.7561206
7/6/2/6/4/7/7/7/5 3 3,X,2,2,BLOCK,X,1.083483,0.96788
7/4/2/6/6/7/7/7/3 3 3,Z,1.875,0,BLOCK,Z,0.5230344,0.3311289
7/6/2/4/6/7/7/7/3 3 3,Z,2,0,BLOCK,Z,0.5772051,0.6538726
7/6/2/6/4/7/7/7/3 3 3,X,2.1818181818181818181818181818,0,BLOCK,X,0.7961128,0.7574633
7/4/2/6/5/6/7/7/7 3 3,Z,1.75,2,BLOCK,Z,0.7303078,0.4320773
7/6/2/4/5/6/7/7/7 3 3,Z,1.8461538461538461538461538462,0,BLOCK,Z,0.6200117,0.4627937
7/6/2/6/1/6/7/7/7 3 3,X,-2,0,BLOCK,X,1.062579,0.983899
7/6/2/6/5/4/7/7/7 3 3,Z,2,2,BLOCK,Z,1.202254,0.5694132
7/4/2/6/5/5/7/7/7 3 3,Z,1.875,0,BLOCK,Z,0.4582573,0.3937912
7/6/2/4/5/5/7/7/7 3 3,Z,2,0,BLOCK,Z,0.6906082,0.6526533
7/6/2/6/1/5/7/7/7 3 3,X,-2,0,BLOCK,X,0.409685,0.7049242
7/6/2/6/5/1/7/7/7 3 3,Z,-2,0,BLOCK,Z,1.211894,0.9719214
7/4/2/6/5/3/7/7/7 3 3,Z,2,2,BLOCK,Z,0.7578155,0.4310573
7/6/2/4/5/3/7/7/7 3 3,Z,2.1538461538461538461538461538,0,BLOCK,Z,1.376692,0.6550311
7/6/2/6/1/3/7/7/7 3 3,X,-2,0,BLOCK,X,1.057836,1.119329
7/4/2/6/5/7/6/7/7 3 3,Z,1.875,0,BLOCK,Z,0.6440978,0.4292066
7/6/2/4/5/7/6/7/7 3 3,Z,2,0,BLOCK,Z,0.561173,0.6159713
7/6/2/6/1/7/6/7/7 3 3,X,-2.1818181818181818181818181818,0,BLOCK,X,0.6934091,0.6507478
7/6/2/6/5/7/4/7/7 3 3,X,2,2,BLOCK,X,1.465899,1.031412
7/4/2/6/5/7/5/7/7 3 3,Z,1.875,0,BLOCK,Z,0.2973999,0.2026831
7/6/2/4/5/7/5/7/7 3 3,Z,2,0,BLOCK,Z,0.6907521,0.6118084
7/6/2/6/1/7/5/7/7 3 3,X,-2,0,BLOCK,X,0.9215881,0.9038246
7/6/2/6/5/7/1/7/7 3 3,X,-2,0,BLOCK,X,0.6777278,0.7854595
7/4/2/6/5/7/3/7/7 3 3,Z,1.875,2,BLOCK,Z,0.7356632,0.4143618
7/6/2/4/5/7/3/7/7 3 3,Z,2,0,BLOCK,Z,0.8568459,0.6285887
7/6/2/6/1/7/3/7/7 3 3,X,-1.8181818181818181818181818182,0,BLOCK,X,0.2408239,0.6206061
7/4/2/6/5/7/7/6/7 3 3,Z,1.75,0,BLOCK,Z,0.4313817,0.2429721
7/6/2/4/5/7/7/6/7 3 3,Z,1.8461538461538461538461538462,0,BLOCK,Z,0.7076889,0.5370964
7/6/2/6/1/7/7/6/7 3 3,X,-2,0,BLOCK,X,0.5470707,0.5800786
7/6/2/6/5/7/7/4/7 3 3,Z,2,2,BLOCK,Z,1.619949,1.011318
7/4/2/6/5/7/7/5/7 3 3,Z,1.875,0,BLOCK,Z,0.1807338,0.144981
7/6/2/4/5/7/7/5/7 3 3,Z,2,0,BLOCK,Z,0.9150638,0.5447885
7/6/2/6/1/7/7/5/7 3 3,X,-2,0,BLOCK,X,0.5469888,0.5887335
7/6/2/6/5/7/7/1/7 3 3,Z,-2,2,BLOCK,Z,1.609789,0.9803675
7/4/2/6/5/7/7/3/7 3 3,Z,2,0,BLOCK,Z,0.2001962,0.1770606
7/6/2/4/5/7/7/3/7 3 3,Z,2.1538461538461538461538461538,0,BLOCK,Z,0.7319182,0.6433327
7/6/2/6/1/7/7/3/7 3 3,X,-2,0,BLOCK,X,0.6547719,0.5565863
3/6/2/6/5/7/7/7/6 3 3,X,-0.5555555555555555555555555555,6,PLANE,X,0.8296498,0.5449688
7/4/2/6/5/7/7/7/6 3 3,Z,1.875,2,BLOCK,Z,0.7489808,0.4109321
7/2/2/6/5/7/7/7/6 3 3,Z,0.5,302,TIMEOUT,Z,0.01148942,0.006309326
7/6/2/4/5/7/7/7/6 3 3,Z,2,0,BLOCK,Z,0.5868609,0.7014145
7/6/2/6/1/7/7/7/6 3 3,X,-2.1818181818181818181818181818,0,BLOCK,X,0.6013229,0.6316314
7/4/2/6/5/7/7/7/5 3 3,Z,1.875,2,BLOCK,Z,0.7372872,0.434247
7/6/2/4/5/7/7/7/5 3 3,Z,2,0,BLOCK,Z,0.7430677,0.7208507
7/6/2/6/1/7/7/7/5 3 3,X,-2,0,BLOCK,X,0.5175803,0.7049273
7/4/2/6/5/7/7/7/3 3 3,Z,1.875,0,BLOCK,Z,0.5226721,0.3904161
7/6/2/4/5/7/7/7/3 3 3,Z,2,0,BLOCK,Z,0.8418878,0.7377819
7/6/2/6/1/7/7/7/3 3 3,X,-1.8181818181818181818181818182,0,BLOCK,X,0.6589879,0.590152
7/4/2/2/3/7/7/7/7 3 3,Z,2,0,BLOCK,Z,0.5119561,0.2605754
7/6/2/2/2/7/7/7/7 3 3,Z,0.5,302,TIMEOUT,Z,0.01970723,0.01147251
7/6/2/2/3/6/7/7/7 3 3,X,-0.5,302,TIMEOUT,Z,0.01767413,0.006514022
7/6/2/2/3/7/5/7/7 3 3,Z,0.5,302,TIMEOUT,Z,0.01339037,0.005540276
7/6/2/2/3/7/7/6/7 3 3,X,-0.5,302,TIMEOUT,Z,0.01065362,0.009473533
7/6/2/2/3/7/7/5/7 3 3,Z,0.5,302,TIMEOUT,Z,0.01112942,0.008951942
7/4/2/6/3/6/7/7/7 3 3,Z,1.75,0,BLOCK,Z,0.5143782,0.4260868
7/6/2/4/3/6/7/7/7 3 3,Z,1.8461538461538461538461538462,0,BLOCK,Z,0.4859917,0.4248686
7/6/2/6/3/4/7/7/7 3 3,Z,2,0,BLOCK,Z,0.6338603,0.6226426
7/4/2/6/3/5/7/7/7 3 3,Z,1.875,0,BLOCK,Z,0.4568632,0.386355
7/6/2/4/3/5/7/7/7 3 3,Z,2,0,BLOCK,Z,0.5397383,0.4849723
7/6/2/6/3/1/7/7/7 3 3,Z,-2,0,BLOCK,Z,0.8194431,0.628768
6/6/2/6/3/3/7/7/7 3 3,Z,0.5769230769230769230769230769,6,PLANE,X,0.7225507,0.5262943
7/4/2/6/3/3/7/7/7 3 3,Z,2,0,BLOCK,Z,0.5186931,0.309604
7/6/2/4/3/3/7/7/7 3 3,Z,2.1538461538461538461538461538,0,BLOCK,Z,0.6319299,0.5682556
7/4/2/6/3/7/6/7/7 3 3,Z,1.875,2,BLOCK,Z,0.7231936,0.3961813
7/6/2/4/3/7/6/7/7 3 3,Z,2,0,BLOCK,Z,0.5742587,0.6625348
7/6/2/6/3/7/4/7/7 3 3,X,2,0,BLOCK,X,0.6449133,0.6583595
7/4/2/6/3/7/5/7/7 3 3,Z,1.875,2,BLOCK,Z,0.8357258,0.4702409
7/6/2/4/3/7/5/7/7 3 3,Z,2,0,BLOCK,Z,0.7422442,0.4784783
7/6/2/6/3/7/1/7/7 3 3,X,-2,0,BLOCK,X,0.5409337,0.5494444
7/6/2/6/3/7/5/3/7 3 3,Z,0.5833333333333333333333333333,302,TIMEOUT,Z,0.01121513,0.007111715
7/4/2/6/3/7/3/7/7 3 3,Z,1.875,0,BLOCK,Z,0.3808974,0.1966065
7/6/2/4/3/7/3/7/7 3 3,Z,2,2,BLOCK,Z,0.8116519,0.7959738
7/4/2/6/3/7/7/6/7 3 3,Z,1.75,0,BLOCK,Z,0.3884183,0.1766898
7/6/2/4/3/7/7/6/7 3 3,Z,1.8461538461538461538461538462,0,BLOCK,Z,0.60591,0.7230546
7/6/2/6/3/7/7/4/7 3 3,Z,2,0,BLOCK,Z,0.4396405,0.648304
7/4/2/6/3/7/7/5/7 3 3,Z,1.875,2,BLOCK,Z,0.6926746,0.468258
7/6/2/4/3/7/7/5/7 3 3,Z,2,0,BLOCK,Z,0.6893505,0.6124083
7/6/2/6/3/7/7/1/7 3 3,Z,-2,2,BLOCK,Z,1.6146,1.007296
7/6/2/6/3/7/7/5/3 3 3,Z,0.5,302,TIMEOUT,Z,0.03428169,0.0220897
7/4/2/6/3/7/7/3/7 3 3,Z,2,2,BLOCK,Z,0.7303931,0.4789481
7/6/2/4/3/7/7/3/7 3 3,Z,2.1538461538461538461538461538,0,BLOCK,Z,0.7824473,0.7290414
7/6/2/2/3/7/7/3/7 3 3,Z,0.5666666666666666666666666666,302,TIMEOUT,Z,0.02189943,0.01074987
7/4/2/6/3/7/7/7/6 3 3,Z,1.875,0,BLOCK,Z,0.2702458,0.2897613
7/6/2/4/3/7/7/7/6 3 3,Z,2,0,BLOCK,Z,0.5716801,0.4632761
7/4/2/6/3/7/7/7/5 3 3,Z,1.875,2,BLOCK,Z,0.7044036,0.4388741
7/6/2/4/3/7/7/7/5 3 3,Z,2,2,BLOCK,Z,0.7331666,0.809801
7/6/2/6/3/7/7/3/5 3 3,Z,0.5833333333333333333333333333,302,TIMEOUT,Z,0.01824624,0.01243374
7/4/2/6/3/7/7/7/3 3 3,Z,1.875,0,BLOCK,Z,0.38102,0.3587283
7/6/2/4/3/7/7/7/3 3 3,Z,2,0,BLOCK,Z,0.7713686,0.7899884
7/6/2/2/3/7/7/7/3 3 3,Z,0.5,16,BLOCK,Z,0.7475818,0.4990048
7/6/2/6/3/7/7/3/3 3 3,Z,0.5833333333333333333333333333,16,BLOCK,Z,0.8599595,0.5281143
7/4/2/6/7/2/7/7/7 3 3,Z,1.875,2,BLOCK,Z,0.7810274,0.362675
7/6/2/4/7/2/7/7/7 3 3,Z,2,0,BLOCK,Z,0.4697239,0.6114334
7/4/2/6/7/6/6/7/7 3 3,Z,1.75,0,BLOCK,Z,0.5031035,0.2765576
7/6/2/4/7/6/6/7/7 3 3,Z,1.8461538461538461538461538462,0,BLOCK,Z,0.6090447,0.4770998
7/6/2/6/7/4/6/7/7 3 3,Z,2,0,BLOCK,Z,0.635745,0.7069119
7/6/2/6/7/6/4/7/7 3 3,X,2,0,BLOCK,X,0.7529173,0.5864537
7/4/2/6/7/6/5/7/7 3 3,Z,1.75,2,BLOCK,Z,0.7068018,0.3712659
7/6/2/4/7/6/5/7/7 3 3,Z,1.8461538461538461538461538462,0,BLOCK,Z,0.4389321,0.4510341
7/6/2/2/7/6/5/7/7 3 3,Z,0.5,302,TIMEOUT,Z,0.02513813,0.009859493
7/6/2/6/7/4/5/7/7 3 3,Z,2,0,BLOCK,Z,1.219573,0.7903667
7/6/2/6/7/6/1/7/7 3 3,X,-2,0,BLOCK,X,0.6637734,0.8073098
7/4/2/6/7/6/3/7/7 3 3,Z,1.75,2,BLOCK,Z,0.6865937,0.3887754
7/6/2/4/7/6/3/7/7 3 3,Z,1.8461538461538461538461538462,0,BLOCK,Z,0.8753562,0.510783
7/6/2/6/7/4/3/7/7 3 3,Z,2,0,BLOCK,Z,0.6470661,0.6162919
7/4/2/6/7/6/7/6/7 3 3,Z,1.625,0,BLOCK,Z,0.5268375,0.4161801
7/6/2/4/7/6/7/6/7 3 3,Z,1.6923076923076923076923076924,0,BLOCK,Z,0.5744039,0.5422037
7/6/2/2/7/6/7/6/7 3 3,Z,0.5,302,TIMEOUT,Z,0.01647801,0.01066127
7/6/2/6/7/4/7/6/7 3 3,Z,1.75,0,BLOCK,Z,0.7554264,0.6252656
7/6/2/6/7/6/7/4/7 3 3,Z,2,0,BLOCK,Z,0.5356674,0.6867317
7/4/2/6/7/6/7/5/7 3 3,Z,1.75,2,BLOCK,Z,0.7270969,0.3768748
7/6/2/4/7/6/7/5/7 3 3,Z,1.8461538461538461538461538462,2,BLOCK,Z,0.8969077,0.5567615
7/6/2/6/7/4/7/5/7 3 3,Z,2,0,BLOCK,Z,0.6441253,0.663761
7/6/2/6/7/6/7/1/7 3 3,Z,-2,0,BLOCK,Z,0.5162544,0.4982046
7/4/2/6/7/6/7/3/7 3 3,Z,1.875,2,BLOCK,Z,0.7357885,0.4548543
7/6/2/4/7/6/7/3/7 3 3,Z,2.00,0,BLOCK,Z,0.5443426,0.4842655
7/6/2/6/7/4/7/3/7 3 3,Z,2.25,0,BLOCK,Z,0.5135258,0.6721053
7/4/2/6/7/6/7/7/6 3 3,Z,1.75,0,BLOCK,Z,0.5137691,0.4333115
7/6/2/4/7/6/7/7/6 3 3,Z,1.8461538461538461538461538462,0,BLOCK,Z,0.613026,0.5511768
7/6/2/6/7/4/7/7/6 3 3,Z,2,0,BLOCK,Z,0.672239,0.7428783
7/6/2/6/7/2/7/7/6 3 3,Z,0.5,302,TIMEOUT,Z,0.01402139,0.00564736
7/4/2/6/7/6/7/7/5 3 3,Z,1.75,0,BLOCK,Z,0.3051272,0.2048567
7/6/2/4/7/6/7/7/5 3 3,Z,1.8461538461538461538461538462,0,BLOCK,Z,0.5526875,0.6665377
7/6/2/6/7/4/7/7/5 3 3,Z,2,0,BLOCK,Z,0.942771,0.7564691
7/4/2/6/7/6/7/7/3 3 3,Z,1.75,2,BLOCK,Z,0.6838955,0.3462526
7/2/2/6/7/6/7/7/3 3 3,Z,0.5,302,TIMEOUT,Z,0.01778064,0.008976984
7/6/2/4/7/6/7/7/3 3 3,Z,1.8461538461538461538461538462,0,BLOCK,Z,0.4835968,0.4738742
7/6/2/6/7/4/7/7/3 3 3,Z,2,0,BLOCK,Z,0.6617021,0.699623
7/4/2/6/7/5/6/7/7 3 3,Z,1.875,0,BLOCK,Z,0.4471485,0.2445817
7/6/2/4/7/5/6/7/7 3 3,Z,2,0,BLOCK,Z,0.6055337,0.441892
7/6/2/6/7/1/6/7/7 3 3,Z,-2,0,BLOCK,Z,0.6031837,0.7141532
7/6/2/6/7/5/4/7/7 3 3,X,2,0,BLOCK,X,0.4091279,0.4658808
7/4/2/6/7/5/5/7/7 3 3,Z,1.875,2,BLOCK,Z,0.7864485,0.3270268
7/6/2/4/7/5/5/7/7 3 3,Z,2,0,BLOCK,Z,0.6368927,0.5076752
7/6/2/6/7/1/5/7/7 3 3,Z,-2,0,BLOCK,Z,0.6706359,0.7067323
7/6/2/6/7/5/1/7/7 3 3,X,-2,0,BLOCK,X,0.5763958,0.5853924
7/4/2/6/7/5/3/7/7 3 3,Z,1.875,2,BLOCK,Z,0.7028503,0.3865813
7/6/2/4/7/5/3/7/7 3 3,Z,2,2,BLOCK,Z,0.9045817,0.5660732
7/6/2/6/7/1/3/7/7 3 3,Z,-2,2,BLOCK,Z,1.232051,1.058148
7/4/2/6/7/5/7/6/7 3 3,Z,1.75,0,BLOCK,Z,0.6248245,0.4193339
7/6/2/4/7/5/7/6/7 3 3,Z,1.8461538461538461538461538462,0,BLOCK,Z,0.686781,0.6495664
7/6/2/6/7/1/7/6/7 3 3,Z,-2.25,0,BLOCK,Z,0.8054342,0.6213891
7/6/2/6/7/5/7/4/7 3 3,Z,2,0,BLOCK,Z,0.3454327,0.5544559
7/4/2/6/7/5/7/5/7 3 3,Z,1.875,0,BLOCK,Z,0.4607081,0.2966801
7/6/2/4/7/5/7/5/7 3 3,Z,2,0,BLOCK,Z,0.8223976,0.60113
7/6/2/6/7/1/7/5/7 3 3,Z,-2,0,BLOCK,Z,0.5077013,0.4926268
7/6/2/6/7/5/7/1/7 3 3,Z,-2,0,BLOCK,Z,0.08428439,0.1935322
7/4/2/6/7/5/7/3/7 3 3,Z,2,0,BLOCK,Z,0.8078717,0.4048148
7/6/2/4/7/5/7/3/7 3 3,Z,2.1538461538461538461538461538,0,BLOCK,Z,0.7813899,0.7912025
7/6/2/6/7/1/7/3/7 3 3,Z,-1.75,2,BLOCK,Z,1.198298,1.039272
3/6/2/6/7/5/7/7/6 3 3,X,-0.5555555555555555555555555555,30,PLANE,X,0.5539832,0.5074821
7/4/2/6/7/5/7/7/6 3 3,Z,1.875,2,BLOCK,Z,0.7658116,0.3779142
7/6/2/4/7/5/7/7/6 3 3,Z,2,2,BLOCK,Z,0.727047,0.7967104
7/6/2/6/7/1/7/7/6 3 3,Z,-2,0,BLOCK,Z,0.6187372,0.5075396
7/4/2/6/7/5/7/7/5 3 3,Z,1.875,0,BLOCK,Z,0.3743565,0.2543293
7/6/2/4/7/5/7/7/5 3 3,Z,2,0,BLOCK,Z,0.5435534,0.8255003
7/6/2/6/7/1/7/7/5 3 3,Z,-2,0,BLOCK,Z,0.8754041,0.7482817
7/4/2/6/7/5/7/7/3 3 3,Z,1.875,0,BLOCK,Z,0.4260675,0.3295138
7/6/2/4/7/5/7/7/3 3 3,Z,2,0,BLOCK,Z,0.8049884,0.6710759
7/6/2/6/7/1/7/7/3 3 3,Z,-2,0,BLOCK,Z,0.6004342,0.5368717
7/6/2/6/7/5/3/7/3 3 3,Z,0.5,302,TIMEOUT,Z,0.03426563,0.0208877
7/4/2/6/7/3/6/7/7 3 3,Z,2,2,BLOCK,Z,0.8575197,0.4999462
7/6/2/4/7/3/6/7/7 3 3,Z,2.1538461538461538461538461538,0,BLOCK,Z,0.5902758,0.5683132
7/6/2/6/6/3/6/7/7 3 3,Z,0.5833333333333333333333333333,302,TIMEOUT,Z,0.007877684,0.002684396
7/6/2/6/7/3/4/7/7 3 3,X,2,0,BLOCK,X,0.268188,0.4694205
7/4/2/6/7/3/5/7/7 3 3,Z,2,0,BLOCK,Z,0.2788289,0.2009527
7/6/2/4/7/3/5/7/7 3 3,Z,2.1538461538461538461538461538,0,BLOCK,Z,1.305407,0.6436716
7/6/2/6/3/3/5/7/7 3 3,Z,0.5833333333333333333333333333,302,TIMEOUT,Z,0.005094247,0.003922727
7/6/2/6/7/3/1/7/7 3 3,X,-2,0,BLOCK,X,0.8087761,0.7290957
7/4/2/6/7/3/3/7/7 3 3,Z,2,2,BLOCK,Z,0.8499393,0.453196
7/6/2/4/7/3/3/7/7 3 3,Z,2.1538461538461538461538461538,2,BLOCK,Z,1.263224,0.6844355
7/6/2/6/7/3/3/7/3 3 3,Z,0.5833333333333333333333333333,150,BLOCK,X,0.8569711,0.4439437
7/4/2/6/7/3/7/6/7 3 3,Z,1.875,0,BLOCK,Z,0.2747725,0.2449876
7/6/2/4/7/3/7/6/7 3 3,Z,2.00,0,BLOCK,Z,0.7859174,0.5601732
7/6/2/6/7/3/5/6/7 3 3,Z,-0.6428571428571428571428571429,302,TIMEOUT,Z,0.02093237,0.009831316
7/6/2/6/7/3/7/4/7 3 3,Z,2,0,BLOCK,Z,0.5130529,0.6625255
7/4/2/6/7/3/7/5/7 3 3,Z,2,0,BLOCK,Z,0.2721896,0.1465631
7/6/2/4/7/3/7/5/7 3 3,Z,2.1538461538461538461538461538,0,BLOCK,Z,0.7066768,0.6838205
7/6/2/2/7/3/7/5/7 3 3,Z,0.5666666666666666666666666666,302,TIMEOUT,Z,0.04973645,0.03018671
7/6/2/6/7/3/7/1/7 3 3,Z,-2,0,BLOCK,Z,0.2830256,0.202688
7/4/2/6/7/3/7/3/7 3 3,Z,2.1249999999999999999999999998,0,BLOCK,Z,0.5077599,0.3381633
7/6/2/4/7/3/7/3/7 3 3,Z,2.3076923076923076923076923076,0,BLOCK,Z,1.173022,0.5390707
7/4/2/6/7/3/7/7/6 3 3,Z,2,0,BLOCK,Z,0.5394281,0.4008535
7/6/2/4/7/3/7/7/6 3 3,Z,2.1538461538461538461538461538,0,BLOCK,Z,0.7180113,0.4087639
7/4/2/6/7/3/7/7/5 3 3,Z,2,2,BLOCK,Z,0.6924398,0.4728329
7/6/2/4/7/3/7/7/5 3 3,Z,2.1538461538461538461538461538,0,BLOCK,Z,0.5790823,0.6238552
7/4/2/6/7/3/7/7/3 3 3,Z,2,0,BLOCK,Z,0.6167731,0.4717133
7/2/2/6/7/3/7/7/3 3 3,Z,0.5769230769230769230769230769,302,TIMEOUT,Z,0.01227023,0.005222934
7/6/2/4/7/3/7/7/3 3 3,Z,2.1538461538461538461538461538,0,BLOCK,Z,0.8401688,0.5004805
7/4/2/6/7/7/2/7/7 3 3,Z,1.875,2,BLOCK,Z,0.7349181,0.3470796
7/6/2/4/7/7/2/7/7 3 3,Z,2,2,BLOCK,Z,0.8505654,0.6673087
7/4/2/6/7/7/6/6/7 3 3,Z,1.75,2,BLOCK,Z,0.7780516,0.4770082
7/6/2/4/7/7/6/6/7 3 3,Z,1.8461538461538461538461538462,0,BLOCK,Z,0.8213576,0.3878855
7/6/2/6/7/7/4/6/7 3 3,X,2,0,BLOCK,X,0.4173573,0.4493879
7/6/2/6/7/7/6/4/7 3 3,Z,2,0,BLOCK,Z,0.4300978,0.6578332
7/4/2/6/7/7/6/5/7 3 3,Z,1.875,0,BLOCK,Z,0.5043548,0.2583384
7/6/2/4/7/7/6/5/7 3 3,Z,2,0,BLOCK,Z,0.755699,0.5986845
7/6/2/6/7/7/4/5/7 3 3,X,2,0,BLOCK,X,0.412075,0.4792377
7/6/2/6/7/7/6/1/7 3 3,Z,-2,0,BLOCK,Z,0.06342675,0.1839179
7/4/2/6/7/7/6/3/7 3 3,Z,2,2,BLOCK,Z,0.8537179,0.4756508
7/6/2/4/7/7/6/3/7 3 3,Z,2.1538461538461538461538461538,0,BLOCK,Z,0.7200803,0.7319047
7/6/2/6/7/3/6/3/7 3 3,Z,0.6666666666666666666666666667,26,BLOCK,X,0.6068543,0.3356392
7/6/2/6/7/7/4/3/7 3 3,X,2,0,BLOCK,X,0.3479241,0.5805123
7/4/2/6/7/7/6/7/6 3 3,Z,1.875,2,BLOCK,Z,0.775737,0.464007
7/6/2/4/7/7/6/7/6 3 3,Z,2,0,BLOCK,Z,0.7715744,0.7100279
7/6/2/6/7/7/4/7/6 3 3,X,1.6,0,BLOCK,X,1.359232,0.8325999
7/4/2/6/7/7/6/7/5 3 3,Z,1.875,2,BLOCK,Z,0.7694879,0.4372666
7/6/2/4/7/7/6/7/5 3 3,Z,2,0,BLOCK,Z,0.6901242,0.7642054
7/6/2/6/7/7/4/7/5 3 3,X,2,0,BLOCK,X,0.3886845,0.6025201
7/4/2/6/7/7/6/7/3 3 3,Z,1.875,0,BLOCK,Z,0.5233642,0.4319814
7/6/2/4/7/7/6/7/3 3 3,Z,2,0,BLOCK,Z,0.7411202,0.4989168
7/6/2/6/7/7/4/7/3 3 3,X,2.4,0,BLOCK,X,0.5091047,0.6991004
7/4/2/6/7/7/5/6/7 3 3,Z,1.75,0,BLOCK,Z,0.4898076,0.4548815
7/6/2/4/7/7/5/6/7 3 3,Z,1.8461538461538461538461538462,0,BLOCK,Z,0.6129025,0.4676167
7/6/2/2/7/7/5/6/7 3 3,Z,0.5,302,TIMEOUT,Z,0.0265576,0.01213577
7/6/2/6/7/7/1/6/7 3 3,X,-2,2,BLOCK,X,1.466176,0.8595598
7/6/2/6/7/7/5/4/7 3 3,Z,2,0,BLOCK,Z,1.635639,1.11344
7/4/2/6/7/7/5/5/7 3 3,Z,1.875,0,BLOCK,Z,0.4793269,0.4374078
7/6/2/4/7/7/5/5/7 3 3,Z,2,2,BLOCK,Z,0.7732046,0.786709
7/6/2/6/7/7/1/5/7 3 3,X,-2,0,BLOCK,X,0.3235568,0.3433256
7/6/2/6/7/7/5/1/7 3 3,Z,-2,0,BLOCK,Z,0.06451244,0.312195
7/4/2/6/7/7/5/3/7 3 3,Z,2,2,BLOCK,Z,0.7642472,0.4314186
7/2/2/6/7/7/5/3/7 3 3,Z,0.5769230769230769230769230769,302,TIMEOUT,Z,0.008977545,0.003296296
7/6/2/4/7/7/5/3/7 3 3,Z,2.1538461538461538461538461538,0,BLOCK,Z,0.7235965,0.8084713
7/6/2/6/7/7/1/3/7 3 3,X,-2,0,BLOCK,X,0.4167474,0.5986292
7/4/2/6/7/7/5/7/6 3 3,Z,1.875,0,BLOCK,Z,0.3439508,0.3818212
7/6/2/4/7/7/5/7/6 3 3,Z,2,0,BLOCK,Z,0.7734856,0.5372462
7/6/2/6/7/7/1/7/6 3 3,X,-2.4,0,BLOCK,X,0.5799993,0.7335599
7/4/2/6/7/7/5/7/5 3 3,Z,1.875,2,BLOCK,Z,0.7390166,0.4351313
7/6/2/4/7/7/5/7/5 3 3,Z,2,0,BLOCK,Z,0.6842633,0.5759962
7/6/2/6/7/7/1/7/5 3 3,X,-2,0,BLOCK,X,0.508192,0.4604061
7/4/2/6/7/7/5/7/3 3 3,Z,1.875,2,BLOCK,Z,0.7824822,0.4039337
7/6/2/4/7/7/5/7/3 3 3,Z,2,2,BLOCK,Z,0.7913883,0.7539175
7/6/2/6/7/7/1/7/3 3 3,X,-1.6,0,BLOCK,X,0.2230964,0.436776
7/4/2/6/7/7/3/6/7 3 3,Z,1.75,0,BLOCK,Z,0.3490745,0.2090757
7/6/2/4/7/7/3/6/7 3 3,Z,1.8461538461538461538461538462,0,BLOCK,Z,0.5489383,0.5499863
7/6/2/6/7/7/3/4/7 3 3,Z,2,0,BLOCK,Z,0.9111032,0.6153396
7/4/2/6/7/7/3/5/7 3 3,Z,1.875,2,BLOCK,Z,0.6957871,0.4560961
7/2/2/6/7/7/3/5/7 3 3,Z,0.5,302,TIMEOUT,Z,0.02762985,0.01447031
7/6/2/4/7/7/3/5/7 3 3,Z,2,0,BLOCK,Z,0.6996377,0.6212984
7/6/2/6/7/7/3/1/7 3 3,Z,-2,0,BLOCK,Z,0.1584146,0.4314898
7/4/2/6/7/7/3/3/7 3 3,Z,2,2,BLOCK,Z,0.7574724,0.4037307
7/6/2/4/7/7/3/3/7 3 3,Z,2.1538461538461538461538461538,0,BLOCK,Z,0.7032982,0.8164679
7/6/2/6/3/7/3/3/7 3 3,Z,0.5833333333333333333333333333,302,TIMEOUT,Z,0.02570543,0.0139038
7/4/2/6/7/7/3/7/6 3 3,Z,1.875,2,BLOCK,Z,0.7203353,0.4247746
7/6/2/4/7/7/3/7/6 3 3,Z,2,0,BLOCK,Z,0.7388219,0.5411637
7/4/2/6/7/7/3/7/5 3 3,Z,1.875,2,BLOCK,Z,0.7324213,0.4526936
7/6/2/4/7/7/3/7/5 3 3,Z,2,2,BLOCK,Z,0.7997901,0.8431079
7/4/2/6/7/7/3/7/3 3 3,Z,1.875,2,BLOCK,Z,0.7213556,0.481924
7/6/2/4/7/7/3/7/3 3 3,Z,2,2,BLOCK,Z,0.9842798,0.7141695
7/4/2/6/7/7/7/2/7 3 3,Z,1.875,2,BLOCK,Z,0.8535417,0.4015633
7/6/2/4/7/7/7/2/7 3 3,Z,2,0,BLOCK,Z,0.6394717,0.6959599
7/4/2/6/7/7/7/6/6 3 3,Z,1.75,0,BLOCK,Z,0.4017638,0.2154059
7/6/2/4/7/7/7/6/6 3 3,Z,1.8461538461538461538461538462,0,BLOCK,Z,0.7406054,0.7159902
7/6/2/6/7/7/7/4/6 3 3,Z,2,0,BLOCK,Z,0.1837947,0.4760725
7/4/2/6/7/7/7/6/5 3 3,Z,1.75,2,BLOCK,Z,0.7324564,0.5315601
7/6/2/4/7/7/7/6/5 3 3,Z,1.8461538461538461538461538462,0,BLOCK,Z,0.6490811,0.7650976
7/6/2/6/7/7/7/4/5 3 3,Z,2,0,BLOCK,Z,0.3782849,0.5305094
7/4/2/6/7/7/7/6/3 3 3,Z,1.75,0,BLOCK,Z,0.3489313,0.3067181
7/6/2/4/7/7/7/6/3 3 3,Z,1.8461538461538461538461538462,0,BLOCK,Z,0.675675,0.6275095
7/6/2/6/7/7/7/4/3 3 3,Z,2,0,BLOCK,Z,0.0871796,0.3264211
7/4/2/6/7/7/7/5/6 3 3,Z,1.875,2,BLOCK,Z,0.7711689,0.4113714
7/6/2/4/7/7/7/5/6 3 3,Z,2,0,BLOCK,Z,0.6792213,0.6953336
7/6/2/6/7/7/7/1/6 3 3,Z,-2,2,BLOCK,Z,1.587077,0.9570571
7/4/2/6/7/7/7/5/5 3 3,Z,1.875,0,BLOCK,Z,0.6499437,0.4343657
7/6/2/4/7/7/7/5/5 3 3,Z,2,0,BLOCK,Z,0.5698474,0.818903
7/6/2/6/7/7/7/1/5 3 3,Z,-2,0,BLOCK,Z,0.09647118,0.1970227
7/4/2/6/7/7/7/5/3 3 3,Z,1.875,0,BLOCK,Z,0.2887602,0.38433
7/6/2/4/7/7/7/5/3 3 3,Z,2,2,BLOCK,Z,0.7961569,0.7581367
7/6/2/6/7/7/7/1/3 3 3,Z,-2,2,BLOCK,Z,1.585673,1.040623
7/4/2/6/7/7/7/3/6 3 3,Z,2,0,BLOCK,Z,0.5781193,0.4526456
7/6/2/4/7/7/7/3/6 3 3,Z,2.1538461538461538461538461538,0,BLOCK,Z,0.6183845,0.7478951
7/4/2/6/7/7/7/3/5 3 3,Z,2,2,BLOCK,Z,0.8455122,0.415512
7/6/2/4/7/7/7/3/5 3 3,Z,2.1538461538461538461538461538,0,BLOCK,Z,0.7666128,0.6558554
7/4/2/6/7/7/7/3/3 3 3,Z,2,2,BLOCK,Z,0.7886668,0.4589806
7/6/2/4/7/7/7/3/3 3 3,Z,2.1538461538461538461538461538,0,BLOCK,Z,0.7398483,0.8622376
7/6/2/2/7/7/7/3/3 3 3,Z,0.5666666666666666666666666666,302,TIMEOUT,Z,0.02916362,0.01854126
7/6/2/6/7/3/7/3/3 3 3,Z,0.6666666666666666666666666667,18,BLOCK,Z,0.8937548,0.5450772
7/6/2/6/7/7/5/3/3 3 3,Z,0.5833333333333333333333333333,66,BLOCK,Z,0.9073768,0.5350825
7/4/2/6/7/7/7/7/4 3 3,Z,1.875,2,BLOCK,Z,0.7841872,0.4279167
7/6/2/4/7/7/7/7/4 3 3,Z,2,0,BLOCK,Z,0.8243656,0.7481942
7/4/2/6/7/7/7/7/2 3 3,Z,1.875,2,BLOCK,Z,0.7486896,0.5072216
7/6/2/4/7/7/7/7/2 3 3,Z,2,0,BLOCK,Z,0.7521065,0.7463418
7/4/2/6/7/7/7/7/1 3 3,Z,1.875,0,BLOCK,Z,0.4352431,0.3159588
7/6/2/4/7/7/7/7/1 3 3,Z,2,0,BLOCK,Z,0.7373803,0.7582027
7/4/2/5/2/7/7/7/7 3 3,Z,2,2,BLOCK,Z,0.6873466,0.4233054
7/6/2/1/2/7/7/7/7 3 3,Z,-2,0,BLOCK,Z,0.5537382,0.964836
7/4/2/5/6/6/7/7/7 3 3,Z,1.8750000000000000000000000002,2,BLOCK,Z,0.7232701,0.3995131
7/6/2/1/6/6/7/7/7 3 3,Z,-2.1538461538461538461538461538,0,BLOCK,Z,0.1124616,1.085486
7/6/2/5/4/6/7/7/7 3 3,X,2,0,BLOCK,X,1.074288,0.9812294
7/6/2/5/6/4/7/7/7 3 3,Z,2,0,BLOCK,Z,0.6848443,0.5773534
7/4/2/5/6/5/7/7/7 3 3,Z,2,0,BLOCK,Z,0.3039497,0.187924
7/6/2/1/6/5/7/7/7 3 3,Z,-2,2,BLOCK,Z,0.9722835,1.394094
7/6/2/5/4/5/7/7/7 3 3,X,2,0,BLOCK,X,0.7489197,0.763344
7/6/2/5/6/1/7/7/7 3 3,Z,-2,2,BLOCK,Z,1.415788,1.012751
7/4/2/5/6/3/7/7/7 3 3,Z,2.1249999999999999999999999998,0,BLOCK,Z,0.3711086,0.1771443
7/6/2/1/6/3/7/7/7 3 3,Z,-1.8461538461538461538461538462,2,BLOCK,Z,1.029968,1.551182
7/6/2/5/4/3/7/7/7 3 3,X,2,0,BLOCK,X,0.8682946,0.9753996
7/4/2/5/6/7/6/7/7 3 3,Z,2,0,BLOCK,Z,0.5506064,0.2875744
7/6/2/1/6/7/6/7/7 3 3,Z,-2,0,BLOCK,Z,0.4474987,0.9918818
7/6/2/5/4/7/6/7/7 3 3,X,1.8181818181818181818181818182,0,BLOCK,X,0.4878496,0.7515706
7/6/2/5/6/7/4/7/7 3 3,X,2,0,BLOCK,X,0.4247558,0.5761093
7/4/2/5/6/7/5/7/7 3 3,Z,2,0,BLOCK,Z,0.4636456,0.2511684
7/6/2/1/6/7/5/7/7 3 3,Z,-2,0,BLOCK,Z,0.5268213,1.06478
7/6/2/5/4/7/5/7/7 3 3,X,2,0,BLOCK,X,0.5388431,0.7276605
7/6/2/5/6/7/1/7/7 3 3,X,-2,0,BLOCK,X,0.7652988,0.547438
7/4/2/5/6/7/3/7/7 3 3,Z,2,0,BLOCK,Z,0.6862401,0.4309807
7/6/2/1/6/7/3/7/7 3 3,Z,-2,2,BLOCK,Z,1.038095,1.471293
7/6/2/5/4/7/3/7/7 3 3,X,2.1818181818181818181818181818,0,BLOCK,X,1.499518,0.97007
7/4/2/5/6/7/7/6/7 3 3,Z,1.8750000000000000000000000002,0,BLOCK,Z,0.6328303,0.3101278
7/6/2/1/6/7/7/6/7 3 3,Z,-2.1538461538461538461538461538,0,BLOCK,Z,0.8042513,1.185094
7/6/2/5/4/7/7/6/7 3 3,X,2,0,BLOCK,X,0.6419905,0.5943153
7/6/2/5/6/7/7/4/7 3 3,Z,2,0,BLOCK,Z,0.3091135,0.4526274
7/4/2/5/6/7/7/5/7 3 3,Z,2,2,BLOCK,Z,0.7414691,0.4051644
7/6/2/1/6/7/7/5/7 3 3,Z,-2,0,BLOCK,Z,0.4796249,0.9138632
7/6/2/5/4/7/7/5/7 3 3,X,2,0,BLOCK,X,0.7166001,0.7097288
7/6/2/5/6/7/5/5/7 3 3,Z,0.5,302,TIMEOUT,Z,0.02267363,0.01113547
7/6/2/5/6/7/7/1/7 3 3,Z,-2,0,BLOCK,Z,0.1101949,0.1801017
7/4/2/5/6/7/7/3/7 3 3,Z,2.1249999999999999999999999998,0,BLOCK,Z,0.4021085,0.1442978
7/6/2/1/6/7/7/3/7 3 3,Z,-1.8461538461538461538461538462,0,BLOCK,Z,0.5545692,1.281987
7/6/2/5/4/7/7/3/7 3 3,X,2,0,BLOCK,X,0.5757968,0.6329216
7/4/2/5/6/7/7/7/6 3 3,Z,2,2,BLOCK,Z,0.7796395,0.3931043
7/6/2/1/6/7/7/7/6 3 3,Z,-2,0,BLOCK,Z,0.7644637,1.112781
7/6/2/5/4/7/7/7/6 3 3,X,1.8181818181818181818181818182,0,BLOCK,X,0.6088646,0.5277704
7/4/2/5/6/7/7/7/5 3 3,Z,2,0,BLOCK,Z,0.3810691,0.2440988
7/6/2/1/6/7/7/7/5 3 3,Z,-2,0,BLOCK,Z,0.850026,1.134437
7/6/2/5/4/7/7/7/5 3 3,X,2,0,BLOCK,X,0.7549205,0.7679018
7/4/2/5/6/7/7/7/3 3 3,Z,2,2,BLOCK,Z,0.8323882,0.4336082
7/6/2/1/6/7/7/7/3 3 3,Z,-2,0,BLOCK,Z,0.8114607,0.9797605
7/6/2/5/4/7/7/7/3 3 3,X,2.1818181818181818181818181818,0,BLOCK,X,0.6370327,0.5778433
7/4/2/5/5/6/7/7/7 3 3,Z,1.8750000000000000000000000002,0,BLOCK,Z,0.5792864,0.3919162
7/6/2/1/5/6/7/7/7 3 3,Z,-2.1538461538461538461538461538,0,BLOCK,Z,0.6634237,1.118391
7/6/2/5/1/6/7/7/7 3 3,X,-2,0,BLOCK,X,0.5765594,0.6443542
7/6/2/5/5/4/7/7/7 3 3,Z,2,2,BLOCK,Z,1.172941,0.5808076
7/4/2/5/5/5/7/7/7 3 3,Z,2,0,BLOCK,Z,0.399143,0.1377174
7/6/2/1/5/5/7/7/7 3 3,Z,-2,0,BLOCK,Z,1.107153,1.566082
7/6/2/5/1/5/7/7/7 3 3,X,-2,2,BLOCK,X,1.171907,1.189297
7/6/2/5/5/1/7/7/7 3 3,Z,-2,0,BLOCK,Z,1.062383,0.911379
7/4/2/5/5/3/7/7/7 3 3,Z,2.1249999999999999999999999998,2,BLOCK,Z,0.7140077,0.4209721
7/6/2/1/5/3/7/7/7 3 3,Z,-1.8461538461538461538461538462,0,BLOCK,Z,1.043629,1.675075
7/6/2/5/1/3/7/7/7 3 3,X,-2,0,BLOCK,X,0.7519095,0.8972961
7/4/2/5/5/7/6/7/7 3 3,Z,2,2,BLOCK,Z,0.7354253,0.3751926
7/6/2/1/5/7/6/7/7 3 3,Z,-2,0,BLOCK,Z,1.049299,1.568093
7/6/2/5/1/7/6/7/7 3 3,X,-2.1818181818181818181818181818,0,BLOCK,X,1.296418,0.9842094
7/6/2/5/5/7/4/7/7 3 3,X,2,0,BLOCK,X,0.4310613,0.5487701
7/4/2/5/5/7/5/7/7 3 3,Z,2,0,BLOCK,Z,0.3231708,0.1707628
7/6/2/1/5/7/5/7/7 3 3,Z,-2,0,BLOCK,Z,0.5008979,1.186064
7/6/2/5/1/7/5/7/7 3 3,X,-2,2,BLOCK,X,1.150392,1.144572
7/6/2/5/5/7/1/7/7 3 3,X,-2,0,BLOCK,X,0.6137298,0.5515428
7/4/2/5/5/7/3/7/7 3 3,Z,2,2,BLOCK,Z,0.7134826,0.407908
7/6/2/1/5/7/3/7/7 3 3,Z,-2,2,BLOCK,Z,1.082964,1.642614
7/6/2/5/1/7/3/7/7 3 3,X,-1.8181818181818181818181818182,0,BLOCK,X,1.023291,1.131159
7/6/2/5/5/7/3/7/6 3 3,X,-0.7,302,TIMEOUT,Z,0.002030747,0.001207969
7/4/2/5/5/7/7/6/7 3 3,Z,1.8750000000000000000000000002,0,BLOCK,Z,0.3024049,0.2202001
7/6/2/1/5/7/7/6/7 3 3,Z,-2.1538461538461538461538461538,2,BLOCK,Z,1.32601,1.690035
7/6/2/5/1/7/7/6/7 3 3,X,-2,0,BLOCK,X,1.168511,0.9945679
7/6/2/5/5/7/7/4/7 3 3,Z,2,0,BLOCK,Z,0.2335616,0.4184242
7/4/2/5/5/7/7/5/7 3 3,Z,2,0,BLOCK,Z,0.6514087,0.377751
7/6/2/1/5/7/7/5/7 3 3,Z,-2,0,BLOCK,Z,0.5908237,1.131131
7/6/2/5/1/7/7/5/7 3 3,X,-2,0,BLOCK,X,0.6368669,0.6874487
7/6/2/5/5/7/3/5/7 3 3,Z,0.5,302,TIMEOUT,Z,0.0332632,0.01458532
7/6/2/5/5/7/7/1/7 3 3,Z,-2,0,BLOCK,Z,0.3592559,0.3787295
7/4/2/5/5/7/7/3/7 3 3,Z,2.1249999999999999999999999998,0,BLOCK,Z,0.4591954,0.3160512
7/6/2/1/5/7/7/3/7 3 3,Z,-1.8461538461538461538461538462,0,BLOCK,Z,1.008651,1.446856
7/6/2/5/1/7/7/3/7 3 3,X,-2,0,BLOCK,X,0.5589945,0.5148585
7/4/2/5/5/7/7/7/6 3 3,Z,2,0,BLOCK,Z,0.5530463,0.2722678
7/6/2/1/5/7/7/7/6 3 3,Z,-2,0,BLOCK,Z,0.548785,1.121917
7/6/2/5/1/7/7/7/6 3 3,X,-2.1818181818181818181818181818,0,BLOCK,X,0.6109748,0.6318648
7/6/2/5/5/3/7/7/6 3 3,Z,0.5666666666666666666666666666,302,TIMEOUT,Z,0.01482583,0.01027869
7/4/2/5/5/7/7/7/5 3 3,Z,2,0,BLOCK,Z,0.406699,0.2446789
7/6/2/1/5/7/7/7/5 3 3,Z,-2,0,BLOCK,Z,1.073842,1.506786
7/6/2/5/1/7/7/7/5 3 3,X,-2,0,BLOCK,X,0.7248316,0.6849066
7/4/2/5/5/7/7/7/3 3 3,Z,2,0,BLOCK,Z,0.4980953,0.4153626
7/6/2/1/5/7/7/7/3 3 3,Z,-2,2,BLOCK,Z,1.260743,1.616867
7/6/2/5/1/7/7/7/3 3 3,X,-1.8181818181818181818181818182,0,BLOCK,X,0.5492683,0.7074878
7/4/2/5/3/6/7/7/7 3 3,Z,1.8750000000000000000000000002,2,BLOCK,Z,0.6985121,0.4000238
7/6/2/1/3/6/7/7/7 3 3,Z,-2.1538461538461538461538461538,0,BLOCK,Z,0.4601121,0.9000678
7/6/2/5/3/4/7/7/7 3 3,Z,2,2,BLOCK,Z,1.25677,0.4792431
7/6/2/5/3/6/3/7/7 3 3,Z,0.5,302,TIMEOUT,Z,0.008610357,0.005137162
7/4/2/5/3/5/7/7/7 3 3,Z,2,0,BLOCK,Z,0.4495389,0.2880924
7/6/2/1/3/5/7/7/7 3 3,Z,-2,0,BLOCK,Z,0.7857537,1.072976
7/6/2/5/3/1/7/7/7 3 3,Z,-2,0,BLOCK,Z,1.33274,0.9443649
7/4/2/5/3/3/7/7/7 3 3,Z,2.1249999999999999999999999998,0,BLOCK,Z,0.2372323,0.2718236
7/6/2/1/3/3/7/7/7 3 3,Z,-1.8461538461538461538461538462,0,BLOCK,Z,0.8149893,1.253945
7/4/2/5/3/7/6/7/7 3 3,Z,2,2,BLOCK,Z,0.732566,0.4289933
7/6/2/1/3/7/6/7/7 3 3,Z,-2,0,BLOCK,Z,0.5843713,1.028909
7/6/2/5/3/7/4/7/7 3 3,X,2,0,BLOCK,X,0.6106327,0.5752195
7/4/2/5/3/7/5/7/7 3 3,Z,2,0,BLOCK,Z,0.2874905,0.1959921
7/6/2/1/3/7/5/7/7 3 3,Z,-2,2,BLOCK,Z,0.974735,1.460145
7/6/2/5/3/7/1/7/7 3 3,X,-2,0,BLOCK,X,0.5787407,0.4527141
3/6/2/5/3/7/3/7/7 3 3,Z,0.5,302,TIMEOUT,Z,0.03259766,0.01559064
7/4/2/5/3/7/3/7/7 3 3,Z,2,0,BLOCK,Z,0.3509223,0.2578471
7/6/2/1/3/7/3/7/7 3 3,Z,-2,0,BLOCK,Z,0.9240246,1.451234
7/4/2/5/3/7/7/6/7 3 3,Z,1.8750000000000000000000000002,2,BLOCK,Z,0.6265677,0.3798719
7/6/2/1/3/7/7/6/7 3 3,Z,-2.1538461538461538461538461538,0,BLOCK,Z,0.6504102,0.9221815
7/6/2/5/3/7/7/4/7 3 3,Z,2,0,BLOCK,Z,0.4570273,0.6131093
7/4/2/5/3/7/7/5/7 3 3,Z,2,0,BLOCK,Z,0.3236408,0.2222136
7/6/2/1/3/7/7/5/7 3 3,Z,-2,0,BLOCK,Z,0.7818007,1.002713
7/6/2/5/3/7/7/1/7 3 3,Z,-2,0,BLOCK,Z,0.1194233,0.1749912
7/4/2/5/3/7/7/3/7 3 3,Z,2.1249999999999999999999999998,0,BLOCK,Z,0.5137249,0.377683
7/6/2/1/3/7/7/3/7 3 3,Z,-1.8461538461538461538461538462,0,BLOCK,Z,0.4756911,1.006457
7/4/2/5/3/7/7/7/6 3 3,Z,2,2,BLOCK,Z,0.7610152,0.4370415
7/6/2/1/3/7/7/7/6 3 3,Z,-2,0,BLOCK,Z,0.9454408,1.204319
7/4/2/5/3/7/7/7/5 3 3,Z,2,0,BLOCK,Z,0.4259468,0.2702729
7/6/2/1/3/7/7/7/5 3 3,Z,-2,0,BLOCK,Z,0.8562223,1.171991
7/4/2/5/3/7/7/7/3 3 3,Z,2,2,BLOCK,Z,0.64303,0.387619
7/6/2/1/3/7/7/7/3 3 3,Z,-2,0,BLOCK,Z,0.7337591,0.9777089
7/4/2/5/7/2/7/7/7 3 3,Z,2,0,BLOCK,Z,0.3442998,0.1810445
7/6/2/1/7/2/7/7/7 3 3,Z,-2,0,BLOCK,Z,1.414866,1.612178
7/4/2/5/7/6/6/7/7 3 3,Z,1.8750000000000000000000000002,2,BLOCK,Z,0.6699902,0.4204184
7/6/2/1/7/6/6/7/7 3 3,Z,-2.1538461538461538461538461538,0,BLOCK,Z,1.494863,1.340286
7/6/2/5/7/4/6/7/7 3 3,Z,2,0,BLOCK,Z,0.6494815,0.7916107
7/6/2/5/7/6/4/7/7 3 3,X,2,0,BLOCK,X,0.5441285,0.5846417
7/4/2/5/7/6/5/7/7 3 3,Z,1.8750000000000000000000000002,0,BLOCK,Z,0.4077501,0.3163821
7/6/2/1/7/6/5/7/7 3 3,Z,-2.1538461538461538461538461538,0,BLOCK,Z,1.699352,1.392354
7/6/2/5/7/4/5/7/7 3 3,Z,2,0,BLOCK,Z,0.6437637,0.7095722
7/6/2/5/7/6/1/7/7 3 3,X,-2,2,BLOCK,X,1.458316,0.8372785
7/4/2/5/7/6/3/7/7 3 3,Z,1.8750000000000000000000000002,2,BLOCK,Z,0.7211036,0.3979954
7/6/2/1/7/6/3/7/7 3 3,Z,-2.1538461538461538461538461538,0,BLOCK,Z,0.8090403,0.9824477
7/6/2/5/7/4/3/7/7 3 3,Z,2,0,BLOCK,Z,0.5341262,0.5816332
7/4/2/5/7/6/7/6/7 3 3,Z,1.75,0,BLOCK,Z,0.5709163,0.3623735
7/6/2/1/7/6/7/6/7 3 3,Z,-2.3076923076923076923076923076,0,BLOCK,Z,1.388208,1.322296
7/6/2/5/7/4/7/6/7 3 3,Z,1.75,0,BLOCK,Z,0.9988015,0.6043931
7/6/2/5/7/6/7/4/7 3 3,Z,2,0,BLOCK,Z,0.3755706,0.4988368
7/4/2/5/7/6/7/5/7 3 3,Z,1.8750000000000000000000000002,0,BLOCK,Z,0.6364896,0.3814793
7/6/2/1/7/6/7/5/7 3 3,Z,-2.1538461538461538461538461538,2,BLOCK,Z,1.448883,1.329574
7/6/2/5/7/4/7/5/7 3 3,Z,2,0,BLOCK,Z,0.6216267,0.6788025
7/6/2/5/7/6/7/1/7 3 3,Z,-2,0,BLOCK,Z,0.4223679,0.373061
7/4/2/5/7/6/7/3/7 3 3,Z,2.00,0,BLOCK,Z,0.6200027,0.3059294
7/6/2/1/7/6/7/3/7 3 3,Z,-2.00,0,BLOCK,Z,0.2568822,0.8601762
7/6/2/5/7/4/7/3/7 3 3,Z,2.25,0,BLOCK,Z,0.3845676,0.5443024
7/4/2/5/7/6/7/7/6 3 3,Z,1.8750000000000000000000000002,2,BLOCK,Z,0.6527667,0.4462838
7/6/2/1/7/6/7/7/6 3 3,Z,-2.1538461538461538461538461538,2,BLOCK,Z,1.58057,1.400535
7/6/2/5/7/4/7/7/6 3 3,Z,2,0,BLOCK,Z,0.5062017,0.7329082
7/4/2/5/7/6/7/7/5 3 3,Z,1.8750000000000000000000000002,0,BLOCK,Z,0.4823115,0.3920636
7/6/2/1/7/6/7/7/5 3 3,Z,-2.1538461538461538461538461538,0,BLOCK,Z,1.584097,1.186626
7/6/2/5/7/4/7/7/5 3 3,Z,2,0,BLOCK,Z,0.4836216,0.6549333
7/4/2/5/7/6/7/7/3 3 3,Z,1.8750000000000000000000000002,0,BLOCK,Z,0.280411,0.3305236
7/6/2/1/7/6/7/7/3 3 3,Z,-2.1538461538461538461538461538,0,BLOCK,Z,1.29475,1.22964
7/6/2/5/7/4/7/7/3 3 3,Z,2,0,BLOCK,Z,1.171562,0.7389905
7/4/2/5/7/5/6/7/7 3 3,Z,2,0,BLOCK,Z,0.4143029,0.3297261
7/6/2/1/7/5/6/7/7 3 3,Z,-2,0,BLOCK,Z,0.8772182,1.354668
7/6/2/5/7/1/6/7/7 3 3,Z,-2,0,BLOCK,Z,0.5095861,0.609125
7/6/2/5/7/5/4/7/7 3 3,X,2,0,BLOCK,X,0.8350868,0.720061
7/4/2/5/7/5/5/7/7 3 3,Z,2,2,BLOCK,Z,0.711242,0.4291801
7/6/2/1/7/5/5/7/7 3 3,Z,-2,0,BLOCK,Z,0.8089836,1.229224
7/6/2/5/7/1/5/7/7 3 3,Z,-2,0,BLOCK,Z,0.8579658,0.6596961
7/6/2/5/7/5/1/7/7 3 3,X,-2,2,BLOCK,X,1.471392,0.9733893
7/4/2/5/7/5/3/7/7 3 3,Z,2,2,BLOCK,Z,0.6825151,0.4447507
7/6/2/1/7/5/3/7/7 3 3,Z,-2,0,BLOCK,Z,0.8360834,1.366129
7/6/2/5/7/1/3/7/7 3 3,Z,-2,2,BLOCK,Z,1.323981,0.9862549
7/4/2/5/7/5/7/6/7 3 3,Z,1.8750000000000000000000000002,2,BLOCK,Z,0.7360448,0.4229476
7/6/2/1/7/5/7/6/7 3 3,Z,-2.1538461538461538461538461538,0,BLOCK,Z,0.5329238,1.016499
7/6/2/5/7/1/7/6/7 3 3,Z,-2.25,0,BLOCK,Z,0.2993549,0.4242622
7/6/2/5/7/5/7/4/7 3 3,Z,2,0,BLOCK,Z,0.4664205,0.6296263
7/4/2/5/7/5/7/5/7 3 3,Z,2,2,BLOCK,Z,0.7349929,0.4632948
7/6/2/1/7/5/7/5/7 3 3,Z,-2,0,BLOCK,Z,0.8750231,1.150585
7/6/2/5/7/1/7/5/7 3 3,Z,-2,0,BLOCK,Z,0.4411081,0.353767
7/6/2/5/7/5/7/1/7 3 3,Z,-2,0,BLOCK,Z,0.05247625,0.2248864
7/4/2/5/7/5/7/3/7 3 3,Z,2.1249999999999999999999999998,0,BLOCK,Z,0.7404319,0.3971752
7/6/2/1/7/5/7/3/7 3 3,Z,-1.8461538461538461538461538462,0,BLOCK,Z,0.6871177,0.9682257
7/6/2/5/7/1/7/3/7 3 3,Z,-1.75,0,BLOCK,Z,0.1525759,0.5130874
7/4/2/5/7/5/7/7/6 3 3,Z,2,0,BLOCK,Z,0.6755992,0.4567401
7/6/2/1/7/5/7/7/6 3 3,Z,-2,0,BLOCK,Z,0.9021871,1.157013
7/6/2/5/7/1/7/7/6 3 3,Z,-2,0,BLOCK,Z,0.6488082,0.624015
7/4/2/5/7/5/7/7/5 3 3,Z,2,0,BLOCK,Z,0.6937184,0.415411
7/6/2/1/7/5/7/7/5 3 3,Z,-2,0,BLOCK,Z,0.9419006,1.175666
7/6/2/5/7/1/7/7/5 3 3,Z,-2,0,BLOCK,Z,0.4134824,0.4056019
7/4/2/5/7/5/7/7/3 3 3,Z,2,0,BLOCK,Z,0.6910836,0.4272406
7/6/2/1/7/5/7/7/3 3 3,Z,-2,0,BLOCK,Z,1.06462,1.339031
7/6/2/5/7/1/7/7/3 3 3,Z,-2,0,BLOCK,Z,0.5160813,0.539987
7/4/2/5/7/3/6/7/7 3 3,Z,2.1249999999999999999999999998,2,BLOCK,Z,0.7903811,0.5197372
7/6/2/1/7/3/6/7/7 3 3,Z,-1.8461538461538461538461538462,0,BLOCK,Z,0.3331992,0.7725542
7/6/2/5/7/3/4/7/7 3 3,X,2,0,BLOCK,X,0.8310968,0.8793383
7/4/2/5/7/3/5/7/7 3 3,Z,2.1249999999999999999999999998,0,BLOCK,Z,0.6415291,0.5276462
7/2/2/5/7/3/5/7/7 3 3,Z,-0.5,302,TIMEOUT,Z,0.02165288,0.01096827
7/6/2/1/7/3/5/7/7 3 3,Z,-1.8461538461538461538461538462,0,BLOCK,Z,0.4012812,1.081447
7/6/2/5/7/3/1/7/7 3 3,X,-2,0,BLOCK,X,0.7947021,0.8304904
7/4/2/5/7/3/3/7/7 3 3,Z,2.1249999999999999999999999998,0,BLOCK,Z,0.3129053,0.3047392
7/6/2/1/7/3/3/7/7 3 3,Z,-1.8461538461538461538461538462,0,BLOCK,Z,0.277,0.8904241
7/4/2/5/7/3/7/6/7 3 3,Z,2.00,0,BLOCK,Z,0.696469,0.475237
7/6/2/1/7/3/7/6/7 3 3,Z,-2.00,0,BLOCK,Z,0.1127114,0.8500286
7/6/2/5/7/3/7/4/7 3 3,Z,2,2,BLOCK,Z,1.586614,0.9918101
7/4/2/5/7/3/7/5/7 3 3,Z,2.1249999999999999999999999998,2,BLOCK,Z,0.8113942,0.5624156
7/6/2/1/7/3/7/5/7 3 3,Z,-1.8461538461538461538461538462,0,BLOCK,Z,0.3891755,1.038941
7/6/2/5/7/3/7/1/7 3 3,Z,-2,0,BLOCK,Z,0.3061924,0.2032624
7/4/2/5/7/3/7/3/7 3 3,Z,2.25,0,BLOCK,Z,0.449926,0.3885659
7/6/2/1/7/3/7/3/7 3 3,Z,-1.6923076923076923076923076924,0,BLOCK,Z,0.3766284,0.9530228
7/6/2/5/7/3/6/3/7 3 3,Z,0.6333333333333333333333333334,302,TIMEOUT,Z,0.05436001,0.02864751
3/6/2/5/7/3/7/7/6 3 3,Z,0.5624999999999999999999999999,10,PLANE,X,0.902899,0.5771033
7/4/2/5/7/3/7/7/6 3 3,Z,2.1249999999999999999999999998,2,BLOCK,Z,0.815983,0.5615022
7/6/2/1/7/3/7/7/6 3 3,Z,-1.8461538461538461538461538462,0,BLOCK,Z,0.8124239,1.231461
7/4/2/5/7/3/7/7/5 3 3,Z,2.1249999999999999999999999998,0,BLOCK,Z,0.5916991,0.3972938
7/6/2/1/7/3/7/7/5 3 3,Z,-1.8461538461538461538461538462,0,BLOCK,Z,0.5311127,0.9089147
7/4/2/5/7/3/7/7/3 3 3,Z,2.1249999999999999999999999998,2,BLOCK,Z,0.7943419,0.5017068
7/6/2/1/7/3/7/7/3 3 3,Z,-1.8461538461538461538461538462,0,BLOCK,Z,0.7835264,1.273869
7/6/2/5/5/3/7/7/3 3 3,Z,0.5666666666666666666666666666,302,TIMEOUT,Z,0.01866276,0.01089738
7/6/2/5/7/3/3/7/3 3 3,Z,0.5666666666666666666666666666,188,BLOCK,Z,0.7908575,0.4628611
7/4/2/5/7/7/2/7/7 3 3,Z,2,2,BLOCK,Z,0.6940585,0.4701115
7/6/2/1/7/7/2/7/7 3 3,Z,-2,0,BLOCK,Z,0.801374,1.233474
7/4/2/5/7/7/6/6/7 3 3,Z,1.8750000000000000000000000002,0,BLOCK,Z,0.468123,0.2735338
7/6/2/1/7/7/6/6/7 3 3,Z,-2.1538461538461538461538461538,0,BLOCK,Z,0.4949311,0.7480215
7/6/2/5/7/7/4/6/7 3 3,X,2,0,BLOCK,X,0.4120231,0.4239888
7/6/2/5/7/7/6/4/7 3 3,Z,2,0,BLOCK,Z,0.2352146,0.392408
7/4/2/5/7/7/6/5/7 3 3,Z,2,0,BLOCK,Z,0.4082376,0.2989308
7/6/2/1/7/7/6/5/7 3 3,Z,-2,0,BLOCK,Z,0.6776589,1.028696
7/6/2/5/7/7/4/5/7 3 3,X,2,2,BLOCK,X,1.378036,0.8313053
7/6/2/5/7/7/6/1/7 3 3,Z,-2,0,BLOCK,Z,0.1342006,0.3298021
7/4/2/5/7/7/6/3/7 3 3,Z,2.1249999999999999999999999998,0,BLOCK,Z,0.4294634,0.3666227
7/6/2/1/7/7/6/3/7 3 3,Z,-1.8461538461538461538461538462,0,BLOCK,Z,0.5921803,1.109322
7/6/2/5/7/7/4/3/7 3 3,X,2,0,BLOCK,X,0.3964712,0.549732
7/4/2/5/7/7/6/7/6 3 3,Z,2,2,BLOCK,Z,0.7794269,0.4745752
7/6/2/1/7/7/6/7/6 3 3,Z,-2,0,BLOCK,Z,0.5979387,0.9286384
7/6/2/5/7/7/4/7/6 3 3,X,1.6,0,BLOCK,X,0.2662701,0.3606319
7/4/2/5/7/7/6/7/5 3 3,Z,2,0,BLOCK,Z,0.253797,0.2291718
7/6/2/1/7/7/6/7/5 3 3,Z,-2,0,BLOCK,Z,0.7516315,0.9977856
7/6/2/5/7/7/4/7/5 3 3,X,2,0,BLOCK,X,0.3980201,0.5045044
7/4/2/5/7/7/6/7/3 3 3,Z,2,0,BLOCK,Z,0.690784,0.4396089
7/6/2/1/7/7/6/7/3 3 3,Z,-2,0,BLOCK,Z,0.760653,1.074734
7/6/2/5/7/7/4/7/3 3 3,X,2.4,0,BLOCK,X,0.4891133,0.6601283
7/4/2/5/7/7/5/6/7 3 3,Z,1.8750000000000000000000000002,2,BLOCK,Z,0.7310641,0.3795889
7/6/2/1/7/7/5/6/7 3 3,Z,-2.1538461538461538461538461538,0,BLOCK,Z,0.9575781,1.321022
7/6/2/5/7/7/1/6/7 3 3,X,-2,2,BLOCK,X,1.411012,0.9201662
7/6/2/5/7/7/5/4/7 3 3,Z,2,0,BLOCK,Z,0.1223451,0.2636275
7/4/2/5/7/7/5/5/7 3 3,Z,2,0,BLOCK,Z,0.5482847,0.3665133
7/6/2/1/7/7/5/5/7 3 3,Z,-2,0,BLOCK,Z,0.6965189,1.084297
7/6/2/5/7/7/1/5/7 3 3,X,-2,0,BLOCK,X,0.3690109,0.4695409
7/6/2/5/7/7/5/1/7 3 3,Z,-2,0,BLOCK,Z,0.2969973,0.3034328
7/4/2/5/7/7/5/3/7 3 3,Z,2.1249999999999999999999999998,0,BLOCK,Z,0.3201367,0.2490313
7/6/2/1/7/7/5/3/7 3 3,Z,-1.8461538461538461538461538462,0,BLOCK,Z,0.8290642,1.225909
7/6/2/5/7/7/1/3/7 3 3,X,-2,0,BLOCK,X,0.3326612,0.5740378
7/4/2/5/7/7/5/7/6 3 3,Z,2,0,BLOCK,Z,0.6633269,0.4268253
7/6/2/1/7/7/5/7/6 3 3,Z,-2,0,BLOCK,Z,0.6896702,1.001949
7/6/2/5/7/7/1/7/6 3 3,X,-2.4,0,BLOCK,X,0.5914288,0.6909437
7/4/2/5/7/7/5/7/5 3 3,Z,2,0,BLOCK,Z,0.4680109,0.3092235
7/6/2/1/7/7/5/7/5 3 3,Z,-2,2,BLOCK,Z,0.9123285,1.190826
7/6/2/5/7/7/1/7/5 3 3,X,-2,0,BLOCK,X,0.5504943,0.6643223
7/4/2/5/7/7/5/7/3 3 3,Z,2,2,BLOCK,Z,0.7790096,0.4667558
7/6/2/1/7/7/5/7/3 3 3,Z,-2,0,BLOCK,Z,0.9184287,1.228069
7/6/2/5/7/7/1/7/3 3 3,X,-1.6,0,BLOCK,X,0.4198155,0.4662682
7/4/2/5/7/7/3/6/7 3 3,Z,1.8750000000000000000000000002,2,BLOCK,Z,0.7261917,0.4122728
7/6/2/1/7/7/3/6/7 3 3,Z,-2.1538461538461538461538461538,0,BLOCK,Z,0.9098601,1.268377
7/6/2/5/7/7/3/4/7 3 3,Z,2,0,BLOCK,Z,1.069593,0.623991
7/4/2/5/7/7/3/5/7 3 3,Z,2,0,BLOCK,Z,0.33059,0.2752222
7/6/2/1/7/7/3/5/7 3 3,Z,-2,0,BLOCK,Z,0.7790604,1.160354
7/6/2/5/7/7/3/1/7 3 3,Z,-2,0,BLOCK,Z,0.03380372,0.2350776
7/4/2/5/7/7/3/3/7 3 3,Z,2.1249999999999999999999999998,0,BLOCK,Z,0.6423356,0.4157651
7/6/2/1/7/7/3/3/7 3 3,Z,-1.8461538461538461538461538462,0,BLOCK,Z,0.8073199,1.179765
7/4/2/5/7/7/3/7/6 3 3,Z,2,0,BLOCK,Z,0.6777331,0.4219725
7/6/2/1/7/7/3/7/6 3 3,Z,-2,2,BLOCK,Z,1.038654,1.29133
7/6/2/5/7/7/2/7/6 3 3,Z,0.5,302,TIMEOUT,Z,0.009034988,0.004143095
7/4/2/5/7/7/3/7/5 3 3,Z,2,0,BLOCK,Z,0.2520986,0.232399
7/6/2/1/7/7/3/7/5 3 3,Z,-2,0,BLOCK,Z,1.057979,1.347478
7/4/2/5/7/7/3/7/3 3 3,Z,2,0,BLOCK,Z,0.29329,0.2821786
7/6/2/1/7/7/3/7/3 3 3,Z,-2,0,BLOCK,Z,0.6706638,0.8816945
7/4/2/5/7/7/7/2/7 3 3,Z,2,2,BLOCK,Z,0.8067844,0.4635817
7/2/2/5/7/7/7/2/7 3 3,X,0,302,TIMEOUT,Z,0.03547721,0.02047918
7/6/2/1/7/7/7/2/7 3 3,Z,-2,0,BLOCK,Z,1.192511,1.290466
7/6/2/5/6/7/7/2/7 3 3,Z,0.5,302,TIMEOUT,Z,0.005959076,0.003355865
7/4/2/5/7/7/7/6/6 3 3,Z,1.8750000000000000000000000002,0,BLOCK,Z,0.6362801,0.340128
7/6/2/1/7/7/7/6/6 3 3,Z,-2.1538461538461538461538461538,0,BLOCK,Z,0.9777553,1.245669
7/6/2/5/7/7/7/4/6 3 3,Z,2,0,BLOCK,Z,0.1657585,0.4338498
7/4/2/5/7/7/7/6/5 3 3,Z,1.8750000000000000000000000002,0,BLOCK,Z,0.6859861,0.2975374
7/6/2/1/7/7/7/6/5 3 3,Z,-2.1538461538461538461538461538,0,BLOCK,Z,0.7009249,1.002284
7/6/2/5/7/7/7/4/5 3 3,Z,2,0,BLOCK,Z,0.1435323,0.2353283
7/4/2/5/7/7/7/6/3 3 3,Z,1.8750000000000000000000000002,0,BLOCK,Z,0.6317548,0.4382816
7/6/2/1/7/7/7/6/3 3 3,Z,-2.1538461538461538461538461538,0,BLOCK,Z,0.9143471,1.057508
7/6/2/5/7/7/7/4/3 3 3,Z,2,0,BLOCK,Z,0.3794815,0.4996978
7/6/2/5/7/7/7/2/3 3 3,Z,0.5,302,TIMEOUT,Z,0.009368883,0.008224472
7/4/2/5/7/7/7/5/6 3 3,Z,2,2,BLOCK,Z,0.7703869,0.4718645
7/6/2/1/7/7/7/5/6 3 3,Z,-2,0,BLOCK,Z,0.6755021,1.070711
7/6/2/5/7/7/7/1/6 3 3,Z,-2,0,BLOCK,Z,0.1212557,0.1619636
7/4/2/5/7/7/7/5/5 3 3,Z,2,0,BLOCK,Z,0.5845158,0.4177768
7/6/2/1/7/7/7/5/5 3 3,Z,-2,0,BLOCK,Z,0.9982935,1.271737
7/6/2/5/7/7/7/1/5 3 3,Z,-2,0,BLOCK,Z,0.07714447,0.1967398
7/4/2/5/7/7/7/5/3 3 3,Z,2,2,BLOCK,Z,0.7549865,0.4684698
7/2/2/5/7/7/7/5/3 3 3,X,0.1666666666666666666666666667,302,TIMEOUT,Z,0.009624543,0.006842059
7/6/2/1/7/7/7/5/3 3 3,Z,-2,0,BLOCK,Z,0.9624032,1.217124
7/6/2/5/7/7/7/1/3 3 3,Z,-2,0,BLOCK,Z,0.07057676,0.20105
7/4/2/5/7/7/7/3/6 3 3,Z,2.1249999999999999999999999998,0,BLOCK,Z,0.4071192,0.4066166
7/6/2/1/7/7/7/3/6 3 3,Z,-1.8461538461538461538461538462,0,BLOCK,Z,0.6847754,0.9184671
7/6/2/5/7/3/7/3/6 3 3,Z,0.6333333333333333333333333334,138,BLOCK,Z,0.901681,0.514728
7/4/2/5/7/7/7/3/5 3 3,Z,2.1249999999999999999999999998,2,BLOCK,Z,0.8232442,0.4668618
7/6/2/1/7/7/7/3/5 3 3,Z,-1.8461538461538461538461538462,0,BLOCK,Z,0.9206827,1.143886
7/4/2/5/7/7/7/3/3 3 3,Z,2.1249999999999999999999999998,0,BLOCK,Z,0.6738297,0.3050981
7/6/2/1/7/7/7/3/3 3 3,Z,-1.8461538461538461538461538462,0,BLOCK,Z,0.8778546,1.12645
7/4/2/5/7/7/7/7/4 3 3,Z,2,0,BLOCK,Z,0.691201,0.4739999
7/6/2/1/7/7/7/7/4 3 3,Z,-2,2,BLOCK,Z,1.063901,1.246483
7/4/2/5/7/7/7/7/2 3 3,Z,2,0,BLOCK,Z,0.761762,0.4735486
7/6/2/1/7/7/7/7/2 3 3,Z,-2,0,BLOCK,Z,0.7913479,0.9898226
7/4/2/5/7/7/7/7/1 3 3,Z,2,2,BLOCK,Z,0.7573203,0.4845113
7/6/2/1/7/7/7/7/1 3 3,Z,-2,2,BLOCK,Z,1.093336,1.36306
5/6/2/3/2/7/7/7/7 3 3,Z,0.5625,302,TIMEOUT,Z,0.01580457,0.009874722
7/4/2/3/2/7/7/7/7 3 3,Z,2.125,0,BLOCK,Z,0.7166618,0.4270433
7/6/2/3/2/7/6/7/7 3 3,Z,0.5666666666666666666666666666,302,TIMEOUT,Z,0.02209355,0.01033535
7/6/2/3/2/7/7/6/7 3 3,Z,-0.5833333333333333333333333333,302,TIMEOUT,Z,0.02194217,0.009819394
7/4/2/3/6/6/7/7/7 3 3,Z,2,0,BLOCK,Z,0.7528597,0.3775518
7/2/2/3/6/6/7/7/7 3 3,Z,-0.5769230769230769230769230769,302,TIMEOUT,Z,0.02324673,0.01286076
7/6/2/3/4/6/7/7/7 3 3,X,2,0,BLOCK,X,0.6958848,0.8099338
7/6/2/3/6/4/7/7/7 3 3,Z,2,0,BLOCK,Z,0.9961047,0.6522856
7/4/2/3/6/3/7/7/7 3 3,Z,2.25,2,BLOCK,Z,1.473392,0.6989001
7/6/2/3/4/3/7/7/7 3 3,X,2,0,BLOCK,X,0.9072575,0.9387483
7/6/2/3/6/1/7/7/7 3 3,Z,-2,0,BLOCK,Z,0.731675,0.633332
7/6/2/3/6/3/7/3/7 3 3,Z,0.7,302,TIMEOUT,Z,0.06226689,0.03188139
7/4/2/3/6/7/6/7/7 3 3,Z,2.125,0,BLOCK,Z,0.1195376,0.3515632
7/6/2/3/4/7/6/7/7 3 3,X,1.8181818181818181818181818182,0,BLOCK,X,0.4616179,0.8031512
7/6/2/3/6/7/4/7/7 3 3,X,2,0,BLOCK,X,0.5280576,0.4970603
7/4/2/3/6/7/5/7/7 3 3,Z,2.125,2,BLOCK,Z,1.48447,0.6321645
7/6/2/3/4/7/5/7/7 3 3,X,2,0,BLOCK,X,0.4992649,0.6804337
7/6/2/3/6/7/1/7/7 3 3,X,-2,0,BLOCK,X,1.06272,0.6689897
7/4/2/3/6/7/3/7/7 3 3,Z,2.125,2,BLOCK,Z,1.697769,0.8287629
7/6/2/2/6/7/3/7/7 3 3,X,0.5909090909090909090909090909,302,TIMEOUT,Z,0.0189601,0.009533665
7/6/2/3/4/7/3/7/7 3 3,X,2.1818181818181818181818181818,0,BLOCK,X,1.293932,1.100566
7/4/2/3/6/7/7/6/7 3 3,Z,2,0,BLOCK,Z,0.7914293,0.7124461
7/6/2/3/4/7/7/6/7 3 3,X,2,0,BLOCK,X,1.023757,0.8708043
7/6/2/3/6/7/3/6/7 3 3,X,0.6,302,TIMEOUT,Z,0.001921123,0.0009446034
7/6/2/3/6/7/7/4/7 3 3,Z,2,0,BLOCK,Z,0.3445086,0.3886957
7/4/2/3/6/7/7/5/7 3 3,Z,2.125,0,BLOCK,Z,0.7364858,0.604463
7/6/2/3/4/7/7/5/7 3 3,X,2,0,BLOCK,X,0.5251771,0.6687533
7/6/2/3/6/7/7/1/7 3 3,Z,-2,0,BLOCK,Z,0.3047871,0.3259835
7/4/2/3/6/7/7/3/7 3 3,Z,2.25,0,BLOCK,Z,0.4598483,0.5883424
7/6/2/3/4/7/7/3/7 3 3,X,2,0,BLOCK,X,1.102459,0.8007247
7/6/2/3/6/5/7/3/7 3 3,Z,0.6333333333333333333333333333,74,BLOCK,X,0.679868,0.6972184
7/4/2/3/6/7/7/7/6 3 3,Z,2.125,0,BLOCK,Z,0.786873,0.5871317
7/6/2/3/4/7/7/7/6 3 3,X,1.8181818181818181818181818182,0,BLOCK,X,0.9752212,0.8572558
7/6/2/3/2/7/7/7/6 3 3,Z,0.5666666666666666666666666666,302,TIMEOUT,Z,0.05470855,0.03185448
7/6/2/3/6/7/7/5/6 3 3,Z,0.5666666666666666666666666666,302,TIMEOUT,Z,0.01977661,0.01207674
7/4/2/3/6/7/7/7/5 3 3,Z,2.125,0,BLOCK,Z,0.3641529,0.2841302
7/2/2/3/6/7/7/7/5 3 3,Z,-0.5,302,TIMEOUT,Z,0.007198992,0.003052818
7/6/2/3/4/7/7/7/5 3 3,X,2,0,BLOCK,X,0.5770729,0.4987395
7/4/2/3/6/7/7/7/3 3 3,Z,2.125,0,BLOCK,Z,0.6612347,0.6623303
7/6/2/3/4/7/7/7/3 3 3,X,2.1818181818181818181818181818,0,BLOCK,X,0.8777469,0.709507
7/6/2/3/6/7/7/7/2 3 3,Z,0.5666666666666666666666666666,302,TIMEOUT,Z,0.03699939,0.02261325
7/4/2/3/5/6/7/7/7 3 3,Z,2,2,BLOCK,Z,1.982854,0.9782802
7/6/2/2/5/6/7/7/7 3 3,Z,0.5,302,TIMEOUT,Z,0.01459187,0.006187095
7/6/2/3/1/6/7/7/7 3 3,X,-2,0,BLOCK,X,0.6845724,0.7063307
7/6/2/3/5/4/7/7/7 3 3,Z,2,0,BLOCK,Z,0.8207369,0.536198
7/4/2/3/5/5/7/7/7 3 3,Z,2.125,0,BLOCK,Z,0.7476198,0.6357371
7/6/2/3/4/5/7/7/7 3 3,X,2,0,BLOCK,X,0.6641556,0.6797
7/6/2/3/1/5/7/7/7 3 3,X,-2,0,BLOCK,X,0.6071962,0.7808236
7/6/2/3/5/1/7/7/7 3 3,Z,-2,0,BLOCK,Z,0.696138,0.6107566
7/4/2/3/5/3/7/7/7 3 3,Z,2.25,2,BLOCK,Z,1.462074,0.66944
7/6/2/3/1/3/7/7/7 3 3,X,-2,0,BLOCK,X,0.8731293,0.7874277
7/6/2/3/5/3/7/3/7 3 3,Z,0.7,302,TIMEOUT,Z,0.03751465,0.02758012
7/4/2/3/5/7/6/7/7 3 3,Z,2.125,0,BLOCK,Z,0.4760416,0.2209362
7/6/2/3/1/7/6/7/7 3 3,X,-2.1818181818181818181818181818,0,BLOCK,X,1.475068,0.9469302
7/6/2/3/5/7/4/7/7 3 3,X,2,0,BLOCK,X,0.320218,0.4298243
7/4/2/3/5/7/5/7/7 3 3,Z,2.125,2,BLOCK,Z,1.721159,0.9686044
7/6/2/3/1/7/5/7/7 3 3,X,-2,0,BLOCK,X,1.08308,0.9301632
7/6/2/3/5/7/1/7/7 3 3,X,-2,0,BLOCK,X,0.3719788,0.365242
7/6/2/3/5/7/5/3/7 3 3,Z,0.6333333333333333333333333333,302,TIMEOUT,Z,0.009408796,0.004055992
7/6/2/3/5/7/5/7/3 3 3,Z,0.5666666666666666666666666666,302,TIMEOUT,Z,0.02303639,0.01048984
7/4/2/3/5/7/3/7/7 3 3,Z,2.125,0,BLOCK,Z,0.5433475,0.6177047
7/6/2/3/1/7/3/7/7 3 3,X,-1.8181818181818181818181818182,0,BLOCK,X,1.129602,1.147059
7/4/2/3/5/7/7/6/7 3 3,Z,2,0,BLOCK,Z,0.1888866,0.5050909
7/6/2/2/5/7/7/6/7 3 3,Z,0.5,302,TIMEOUT,Z,0.02009577,0.007935716
7/6/2/3/1/7/7/6/7 3 3,X,-2,0,BLOCK,X,1.12579,1.079678
7/6/2/3/5/7/7/4/7 3 3,Z,2,0,BLOCK,Z,0.3087498,0.3962166
7/6/2/3/5/7/7/6/5 3 3,Z,-0.5833333333333333333333333333,302,TIMEOUT,Z,0.001174039,0.0005908824
7/4/2/3/5/7/7/5/7 3 3,Z,2.125,0,BLOCK,Z,0.4130156,0.2550575
7/6/2/3/1/7/7/5/7 3 3,X,-2,0,BLOCK,X,0.6509541,0.6922223
7/6/2/3/5/7/7/1/7 3 3,Z,-2,2,BLOCK,Z,1.622255,0.9728938
7/4/2/3/5/7/7/3/7 3 3,Z,2.25,2,BLOCK,Z,1.415794,0.6820341
7/6/2/2/5/7/7/3/7 3 3,Z,0.5666666666666666666666666666,302,TIMEOUT,Z,0.05178138,0.0335056
7/6/2/3/1/7/7/3/7 3 3,X,-2,0,BLOCK,X,0.5099819,0.6912243
7/4/2/3/5/7/7/7/6 3 3,Z,2.125,2,BLOCK,Z,1.623391,0.7345671
7/6/2/3/1/7/7/7/6 3 3,X,-2.1818181818181818181818181818,0,BLOCK,X,1.024949,0.8892305
7/4/2/3/5/7/7/7/5 3 3,Z,2.125,0,BLOCK,Z,0.4339814,0.512237
7/6/2/3/1/7/7/7/5 3 3,X,-2,0,BLOCK,X,0.5274119,0.6076853
7/6/2/3/5/7/3/7/5 3 3,Z,0.5666666666666666666666666666,302,TIMEOUT,Z,0.01292302,0.007439085
7/4/2/3/5/7/7/7/3 3 3,Z,2.125,0,BLOCK,Z,0.7181041,0.6642374
7/6/2/3/1/7/7/7/3 3 3,X,-1.8181818181818181818181818182,0,BLOCK,X,0.8156455,0.7769498
7/6/2/3/5/6/7/7/3 3 3,Z,-0.5833333333333333333333333333,302,TIMEOUT,Z,0.02622012,0.02029067
7/4/2/3/3/6/7/7/7 3 3,Z,2,0,BLOCK,Z,0.7644036,0.6184613
7/6/2/3/3/4/7/7/7 3 3,Z,2,0,BLOCK,Z,0.7262924,0.4668489
7/4/2/3/3/5/7/7/7 3 3,Z,2.125,0,BLOCK,Z,0.1840127,0.5034036
7/6/2/3/3/1/7/7/7 3 3,Z,-2,0,BLOCK,Z,1.286089,0.8183818
7/4/2/3/3/3/7/7/7 3 3,Z,2.25,0,BLOCK,Z,0.8110112,0.7878104
7/4/2/3/3/7/6/7/7 3 3,Z,2.125,0,BLOCK,Z,0.4651788,0.4579836
7/6/2/3/3/7/4/7/7 3 3,X,2,0,BLOCK,X,0.6592666,0.519255
7/6/2/3/3/7/6/3/7 3 3,Z,0.6333333333333333333333333333,302,TIMEOUT,Z,0.01122046,0.007297691
7/4/2/3/3/7/5/7/7 3 3,Z,2.125,0,BLOCK,Z,0.1565281,0.3581181
7/6/2/3/3/7/1/7/7 3 3,X,-2,0,BLOCK,X,0.6328688,0.3480725
7/4/2/3/3/7/3/7/7 3 3,Z,2.125,0,BLOCK,Z,0.3746889,0.4065258
7/6/2/2/3/7/3/7/7 3 3,Z,0.5,302,TIMEOUT,Z,0.03394322,0.01744037
7/6/2/3/3/7/3/3/7 3 3,Z,0.6333333333333333333333333333,302,TIMEOUT,Z,0.05481128,0.03695489
7/4/2/3/3/7/7/6/7 3 3,Z,2,0,BLOCK,Z,0.2404697,0.3025688
7/6/2/3/3/7/7/4/7 3 3,Z,2,0,BLOCK,Z,0.2132348,0.2416373
7/4/2/3/3/7/7/5/7 3 3,Z,2.125,2,BLOCK,Z,2.028092,0.9982323
7/6/2/3/3/7/7/1/7 3 3,Z,-2,2,BLOCK,Z,1.611003,1.010312
7/6/2/3/3/7/7/5/5 3 3,Z,0.5666666666666666666666666666,56,BLOCK,Z,0.7136927,0.4804484
7/4/2/3/3/7/7/3/7 3 3,Z,2.25,0,BLOCK,Z,0.3919745,0.3580124
7/6/2/3/3/5/7/3/7 3 3,Z,0.6333333333333333333333333333,24,BLOCK,Z,0.6587497,0.5316041
7/6/2/3/3/3/7/3/7 3 3,Z,0.7,302,TIMEOUT,Z,0.02511839,0.01250486
7/6/2/3/3/7/7/3/5 3 3,Z,0.6333333333333333333333333333,302,TIMEOUT,Z,0.0796939,0.04804508
7/4/2/3/3/7/7/7/6 3 3,Z,2.125,0,BLOCK,Z,0.8951641,0.7445436
7/6/2/3/3/7/3/7/6 3 3,X,-0.7,302,TIMEOUT,Z,0.01644655,0.008673075
5/6/2/3/3/7/7/7/5 3 3,Z,0.5625,302,TIMEOUT,Z,0.008696994,0.00556145
7/4/2/3/3/7/7/7/5 3 3,Z,2.125,0,BLOCK,Z,0.5226244,0.3353858
7/6/2/3/3/7/7/6/5 3 3,Z,-0.5833333333333333333333333333,302,TIMEOUT,Z,0.005598478,0.002886857
7/4/2/3/3/7/7/7/3 3 3,Z,2.125,0,BLOCK,Z,0.550027,0.2308379
7/6/2/3/3/3/7/7/3 3 3,Z,0.6333333333333333333333333333,302,TIMEOUT,Z,0.03168206,0.02089666
7/4/2/3/7/2/7/7/7 3 3,Z,2.125,2,BLOCK,Z,1.673773,0.7630428
7/4/2/3/7/6/6/7/7 3 3,Z,2,2,BLOCK,Z,1.895167,0.7369761
7/6/2/3/7/4/6/7/7 3 3,Z,2,2,BLOCK,Z,1.185798,0.6601958
7/6/2/3/7/6/4/7/7 3 3,X,2,0,BLOCK,X,0.4221545,0.2205284
7/4/2/3/7/6/5/7/7 3 3,Z,2,0,BLOCK,Z,0.5085591,0.4744306
7/6/2/3/7/4/5/7/7 3 3,Z,2,0,BLOCK,Z,0.9634109,0.6342268
7/6/2/3/7/6/1/7/7 3 3,X,-2,2,BLOCK,X,1.469513,0.8783656
7/4/2/3/7/6/3/7/7 3 3,Z,2,0,BLOCK,Z,0.5220225,0.3182934
7/6/2/3/3/6/3/7/7 3 3,Z,-0.5833333333333333333333333333,302,TIMEOUT,Z,0.01807377,0.01308068
7/6/2/3/7/4/3/7/7 3 3,Z,2,0,BLOCK,Z,0.6833115,0.3659346
5/6/2/3/7/6/7/6/7 3 3,Z,-0.6538461538461538461538461538,302,TIMEOUT,Z,0.014615,0.004653482
7/4/2/3/7/6/7/6/7 3 3,Z,1.8750000000000000000000000002,2,BLOCK,Z,2.071548,1.18133
7/6/2/3/7/4/7/6/7 3 3,Z,1.75,0,BLOCK,Z,0.5260568,0.5358543
7/6/2/3/7/6/7/4/7 3 3,Z,2,0,BLOCK,Z,0.6068496,0.5394332
7/6/2/3/7/6/7/6/3 3 3,Z,-0.6666666666666666666666666667,302,TIMEOUT,Z,0.01115658,0.007489555
7/4/2/3/7/6/7/5/7 3 3,Z,2,2,BLOCK,Z,1.693717,0.787713
7/6/2/3/7/4/7/5/7 3 3,Z,2,0,BLOCK,Z,0.5657578,0.320876
7/6/2/3/7/6/7/1/7 3 3,Z,-2,0,BLOCK,Z,0.2704935,0.2596719
7/4/2/3/7/6/7/3/7 3 3,Z,2.125,0,BLOCK,Z,0.7471101,0.4703947
7/6/2/3/7/4/7/3/7 3 3,Z,2.25,2,BLOCK,Z,1.414722,0.7950361
7/4/2/3/7/6/7/7/6 3 3,Z,2,0,BLOCK,Z,0.3055201,0.2223268
7/6/2/3/7/4/7/7/6 3 3,Z,2,0,BLOCK,Z,0.6751536,0.4773301
7/4/2/3/7/6/7/7/5 3 3,Z,2,0,BLOCK,Z,0.7565285,0.3533415
7/6/2/3/7/4/7/7/5 3 3,Z,2,0,BLOCK,Z,0.6023856,0.6033574
7/4/2/3/7/6/7/7/3 3 3,Z,2,0,BLOCK,Z,0.1729619,0.3921526
7/6/2/3/7/4/7/7/3 3 3,Z,2,0,BLOCK,Z,0.8239624,0.3047056
7/6/2/3/7/6/3/7/3 3 3,Z,-0.5833333333333333333333333333,28,BLOCK,X,0.6871617,0.4385489
7/4/2/3/6/5/7/7/7 3 3,Z,2.125,0,BLOCK,Z,0.4719523,0.2433032
7/6/2/3/2/5/7/7/7 3 3,Z,0.5666666666666666666666666666,302,TIMEOUT,Z,0.01334477,0.006810035
7/4/2/3/7/5/6/7/7 3 3,Z,2.125,0,BLOCK,Z,0.3846155,0.4939995
7/6/2/3/7/1/6/7/7 3 3,Z,-2,0,BLOCK,Z,0.4094319,0.5139922
7/6/2/3/7/5/4/7/7 3 3,X,2,0,BLOCK,X,0.3512058,0.2694961
7/4/2/3/7/5/5/7/7 3 3,Z,2.125,0,BLOCK,Z,0.4120603,0.2981248
7/6/2/3/7/1/5/7/7 3 3,Z,-2,0,BLOCK,Z,0.9065439,0.6853111
7/6/2/3/7/5/1/7/7 3 3,X,-2,2,BLOCK,X,1.485836,0.9011349
7/4/2/3/7/5/3/7/7 3 3,Z,2.125,0,BLOCK,Z,0.7133042,0.4822511
7/6/2/3/7/1/3/7/7 3 3,Z,-2,0,BLOCK,Z,0.6336244,0.5683551
7/4/2/3/7/5/7/6/7 3 3,Z,2,0,BLOCK,Z,0.3142989,0.5236889
7/6/2/3/7/1/7/6/7 3 3,Z,-2.25,0,BLOCK,Z,0.4031768,0.5683836
7/6/2/3/7/5/3/6/7 3 3,Z,-0.5833333333333333333333333333,302,TIMEOUT,Z,0.04289761,0.0224155
7/6/2/3/7/5/7/4/7 3 3,Z,2,0,BLOCK,Z,0.2759605,0.3649585
3/6/2/3/7/5/7/5/7 3 3,Z,0.5625,302,TIMEOUT,Z,0.1730864,0.07481519
7/4/2/3/7/5/7/5/7 3 3,Z,2.125,0,BLOCK,Z,0.4258116,0.4646485
7/6/2/3/3/5/7/5/7 3 3,Z,0.5666666666666666666666666666,26,BLOCK,Z,0.7831659,0.4459341
7/6/2/3/7/1/7/5/7 3 3,Z,-2,0,BLOCK,Z,0.5833458,0.473839
7/6/2/3/7/5/7/1/7 3 3,Z,-2,0,BLOCK,Z,0.1215533,0.2339093
7/4/2/3/7/5/7/3/7 3 3,Z,2.25,0,BLOCK,Z,0.3538338,0.433011
7/6/2/3/7/1/7/3/7 3 3,Z,-1.75,0,BLOCK,Z,0.3252569,0.4916048
7/6/2/3/7/5/3/3/7 3 3,Z,0.6333333333333333333333333333,20,BLOCK,Z,0.692823,0.541167
7/4/2/3/7/5/7/7/6 3 3,Z,2.125,0,BLOCK,Z,0.2677801,0.3797936
7/6/2/3/7/1/7/7/6 3 3,Z,-2,2,BLOCK,Z,1.341038,0.9867083
7/4/2/3/7/5/7/7/5 3 3,Z,2.125,2,BLOCK,Z,1.630229,0.729968
7/6/2/3/7/1/7/7/5 3 3,Z,-2,0,BLOCK,Z,0.5409725,0.4223788
7/4/2/3/7/5/7/7/3 3 3,Z,2.125,0,BLOCK,Z,0.2655083,0.3591627
7/6/2/3/5/5/7/7/3 3 3,Z,0.5666666666666666666666666666,302,TIMEOUT,Z,0.01827483,0.00927333
7/6/2/3/3/5/7/7/3 3 3,Z,0.5666666666666666666666666666,302,TIMEOUT,Z,0.06392738,0.03001247
7/6/2/3/7/1/7/7/3 3 3,Z,-2,0,BLOCK,Z,0.6760326,0.5168511
7/4/2/3/7/3/6/7/7 3 3,Z,2.25,0,BLOCK,Z,0.7118311,0.3855648
7/6/2/3/7/3/4/7/7 3 3,X,2,0,BLOCK,X,0.8142115,0.5019636
7/4/2/3/7/3/5/7/7 3 3,Z,2.25,0,BLOCK,Z,0.2937343,0.3424195
7/6/2/3/7/3/1/7/7 3 3,X,-2,0,BLOCK,X,0.5195959,0.5396484
7/6/2/3/7/3/5/3/7 3 3,Z,0.7,302,TIMEOUT,Z,0.1104301,0.06528805
7/4/2/3/7/3/7/6/7 3 3,Z,2.125,0,BLOCK,Z,0.6578588,0.3664643
7/6/2/3/7/3/7/4/7 3 3,Z,2,0,BLOCK,Z,0.6259798,0.5431633
7/4/2/3/7/3/7/5/7 3 3,Z,2.25,2,BLOCK,Z,1.311448,0.5971077
7/6/2/3/3/3/7/5/7 3 3,Z,0.6333333333333333333333333333,74,BLOCK,Z,0.6377757,0.3625308
7/6/2/3/7/3/7/1/7 3 3,Z,-2,0,BLOCK,Z,0.3538822,0.1976637
7/4/2/3/7/3/7/3/7 3 3,Z,2.375,0,BLOCK,Z,0.1555857,0.2537156
7/6/2/3/7/3/7/3/5 3 3,Z,0.7,302,TIMEOUT,Z,0.06302483,0.04656805
7/4/2/3/7/3/7/7/6 3 3,Z,2.25,2,BLOCK,Z,1.36427,0.5737502
7/6/2/2/7/3/7/7/6 3 3,Z,0.5666666666666666666666666666,302,TIMEOUT,Z,0.01831061,0.008144895
7/4/2/3/7/3/7/7/5 3 3,Z,2.25,0,BLOCK,Z,0.3513927,0.3673053
7/4/2/3/7/3/7/7/3 3 3,Z,2.25,0,BLOCK,Z,0.4251382,0.2048288
7/4/2/3/7/7/2/7/7 3 3,Z,2.125,0,BLOCK,Z,0.2906631,0.164817
7/4/2/3/7/7/6/6/7 3 3,Z,2,0,BLOCK,Z,0.5077708,0.2579538
7/6/2/3/7/7/4/6/7 3 3,X,2,0,BLOCK,X,0.4653462,0.5116777
7/6/2/3/7/7/6/4/7 3 3,Z,2,0,BLOCK,Z,0.4627609,0.4646736
7/4/2/3/7/7/6/5/7 3 3,Z,2.125,0,BLOCK,Z,0.2222541,0.3105944
7/6/2/3/7/7/4/5/7 3 3,X,2,0,BLOCK,X,0.3751408,0.5089203
7/6/2/3/7/7/6/1/7 3 3,Z,-2,0,BLOCK,Z,0.02220446,0.2492134
3/6/2/3/7/7/6/3/7 3 3,Z,0.625,4,BLOCK,Z,0.6798474,0.3542975
7/4/2/3/7/7/6/3/7 3 3,Z,2.25,0,BLOCK,Z,0.4120051,0.4444691
7/6/2/3/7/6/6/3/7 3 3,Z,0.6428571428571428571428571429,302,TIMEOUT,Z,0.011694,0.008498278
7/6/2/3/7/3/6/3/7 3 3,Z,0.7,16,BLOCK,Z,0.7609516,0.4853877
7/6/2/3/7/7/4/3/7 3 3,X,2,0,BLOCK,X,0.3790685,0.4354385
7/4/2/3/7/7/6/7/6 3 3,Z,2.125,0,BLOCK,Z,0.3170765,0.2907332
7/6/2/3/7/7/4/7/6 3 3,X,1.6,0,BLOCK,X,0.1748307,0.3603999
7/4/2/3/7/7/6/7/5 3 3,Z,2.125,2,BLOCK,Z,1.50264,0.6181005
7/6/2/3/7/7/4/7/5 3 3,X,2,0,BLOCK,X,0.3503209,0.4379846
7/4/2/3/7/7/6/7/3 3 3,Z,2.125,0,BLOCK,Z,0.5528322,0.4010316
7/6/2/3/7/7/4/7/3 3 3,X,2.4,0,BLOCK,X,0.6317342,0.6542647
7/6/2/3/7/7/2/7/3 3 3,Z,0.5666666666666666666666666666,302,TIMEOUT,Z,0.01421982,0.007708951
7/4/2/3/7/7/5/6/7 3 3,Z,2,0,BLOCK,Z,0.3956875,0.2524115
7/6/2/3/5/7/5/6/7 3 3,Z,-0.5833333333333333333333333333,302,TIMEOUT,Z,0.01452999,0.01103559
7/6/2/3/7/7/1/6/7 3 3,X,-2,0,BLOCK,X,0.3828627,0.2085102
7/6/2/3/7/7/5/4/7 3 3,Z,2,0,BLOCK,Z,0.08114389,0.0844111
7/4/2/3/7/7/5/5/7 3 3,Z,2.125,2,BLOCK,Z,1.669971,0.7841568
7/6/2/3/7/7/1/5/7 3 3,X,-2,0,BLOCK,X,0.3447656,0.2833261
7/6/2/3/7/7/5/1/7 3 3,Z,-2,0,BLOCK,Z,0.03340505,0.2264674
7/4/2/3/7/7/5/3/7 3 3,Z,2.25,2,BLOCK,Z,1.285663,0.6833826
7/6/2/3/6/7/5/3/7 3 3,Z,0.6333333333333333333333333333,302,TIMEOUT,Z,0.006417671,0.004459698
7/6/2/3/7/7/1/3/7 3 3,X,-2,0,BLOCK,X,0.3625745,0.4321041
7/4/2/3/7/7/5/7/6 3 3,Z,2.125,0,BLOCK,Z,0.3915509,0.6396918
7/6/2/3/7/7/1/7/6 3 3,X,-2.4,0,BLOCK,X,0.4248731,0.4932852
3/6/2/3/7/7/5/7/5 3 3,Z,0.5625,302,TIMEOUT,Z,0.08901187,0.03497047
7/4/2/3/7/7/5/7/5 3 3,Z,2.125,0,BLOCK,Z,0.8029197,0.6708189
7/6/2/3/7/5/5/7/5 3 3,Z,0.5666666666666666666666666666,302,TIMEOUT,Z,0.006164475,0.00462898
7/6/2/3/7/7/1/7/5 3 3,X,-2,0,BLOCK,X,0.3715935,0.4022777
7/4/2/3/7/7/5/7/3 3 3,Z,2.125,2,BLOCK,Z,1.737002,0.8053687
7/6/2/3/7/7/1/7/3 3 3,X,-1.6,0,BLOCK,X,0.1754068,0.2354065
7/6/2/3/7/7/5/7/1 3 3,Z,0.5666666666666666666666666666,88,BLOCK,Z,0.8415681,0.5101851
7/4/2/3/7/7/3/6/7 3 3,Z,2,0,BLOCK,Z,0.353652,0.428146
7/6/2/3/7/7/3/4/7 3 3,Z,2,0,BLOCK,Z,0.3555656,0.3704696
7/6/2/3/7/7/3/2/7 3 3,Z,0.5666666666666666666666666666,302,TIMEOUT,Z,0.008436018,0.005444708
7/4/2/3/7/7/3/5/7 3 3,Z,2.125,0,BLOCK,Z,0.4002305,0.4343587
7/6/2/3/7/5/3/5/7 3 3,Z,0.5666666666666666666666666666,302,TIMEOUT,Z,0.01592451,0.008051682
7/6/2/3/7/7/3/1/7 3 3,Z,-2,0,BLOCK,Z,1.669976,1.043425
7/6/2/3/7/7/3/5/5 3 3,Z,0.5666666666666666666666666666,302,TIMEOUT,Z,0.01394004,0.007257549
7/6/2/3/7/7/3/5/3 3 3,Z,0.5666666666666666666666666666,44,BLOCK,X,0.7587788,0.495659
7/4/2/3/7/7/3/3/7 3 3,Z,2.25,2,BLOCK,Z,1.510179,0.7103583
7/6/2/2/7/7/3/3/7 3 3,Z,0.5666666666666666666666666666,302,TIMEOUT,Z,0.003284998,0.004994734
7/6/2/3/7/7/3/3/5 3 3,Z,0.6333333333333333333333333333,302,TIMEOUT,Z,0.02391802,0.01335008
7/4/2/3/7/7/3/7/6 3 3,Z,2.125,0,BLOCK,Z,0.4475077,0.3901429
7/4/2/3/7/7/3/7/5 3 3,Z,2.125,0,BLOCK,Z,0.3844898,0.4630198
7/6/2/3/7/7/3/7/1 3 3,Z,0.5666666666666666666666666666,302,TIMEOUT,Z,0.02375528,0.009318689
7/4/2/3/7/7/3/7/3 3 3,Z,2.125,0,BLOCK,Z,0.285068,0.2208772
7/2/2/3/7/7/3/7/3 3 3,Z,-0.5,302,TIMEOUT,Z,0.04635423,0.02268514
7/6/2/3/7/7/3/3/3 3 3,Z,0.6333333333333333333333333333,16,BLOCK,Z,0.7013226,0.6382416
6/6/2/2/7/7/7/6/7 3 3,X,0.5,302,TIMEOUT,Z,0.1162065,0.08062177
7/4/2/2/7/7/7/6/7 3 3,Z,1.8750000000000000000000000002,0,BLOCK,Z,0.430598,0.4357888
7/4/2/3/7/7/7/2/7 3 3,Z,2.125,0,BLOCK,Z,0.2285758,0.3932648
7/6/2/3/3/7/7/2/7 3 3,Z,0.5666666666666666666666666666,302,TIMEOUT,Z,0.01227809,0.006306056
7/6/2/3/7/5/7/2/7 3 3,Z,0.5666666666666666666666666666,302,TIMEOUT,Z,0.008672606,0.00369055
7/4/2/3/7/7/7/6/6 3 3,Z,2,2,BLOCK,Z,1.692299,0.9854227
7/2/2/3/7/7/7/6/6 3 3,Z,-0.5769230769230769230769230769,302,TIMEOUT,Z,0.003899976,0.001618577
7/6/2/3/7/7/7/4/6 3 3,Z,2,0,BLOCK,Z,0.1340033,0.1930062
5/6/2/3/7/7/7/6/5 3 3,Z,-0.5769230769230769230769230769,302,TIMEOUT,Z,0.007758443,0.005372257
7/4/2/3/7/7/7/6/5 3 3,Z,2,0,BLOCK,Z,0.07606917,0.3260104
7/6/2/3/7/7/7/4/5 3 3,Z,2,0,BLOCK,Z,0.1866204,0.1893943
7/4/2/3/7/7/7/6/3 3 3,Z,2,0,BLOCK,Z,0.6756189,0.5398365
7/6/2/3/7/3/7/6/3 3 3,Z,-0.6428571428571428571428571429,302,TIMEOUT,Z,0.02921607,0.01933027
7/6/2/3/7/7/7/4/3 3 3,Z,2,0,BLOCK,Z,0.2116753,0.3313011
7/4/2/3/7/7/7/5/6 3 3,Z,2.125,0,BLOCK,Z,0.4664256,0.2599197
7/6/2/3/7/7/7/1/6 3 3,Z,-2,0,BLOCK,Z,0.08245245,0.2070766
7/4/2/3/7/7/7/5/5 3 3,Z,2.125,0,BLOCK,Z,0.4209455,0.2944699
7/6/2/3/7/7/7/1/5 3 3,Z,-2,2,BLOCK,Z,1.621223,1.005786
7/6/2/3/7/7/7/5/1 3 3,Z,0.5666666666666666666666666666,302,TIMEOUT,Z,0.01276318,0.004995456
7/4/2/3/7/7/7/5/3 3 3,Z,2.125,0,BLOCK,Z,0.9475641,0.7579018
7/6/2/3/7/7/5/5/3 3 3,Z,0.5666666666666666666666666666,302,TIMEOUT,Z,0.0152635,0.008825789
7/6/2/3/7/7/7/1/3 3 3,Z,-2,0,BLOCK,Z,0.09775048,0.1871748
7/4/2/3/7/7/7/3/6 3 3,Z,2.25,0,BLOCK,Z,0.580316,0.5957377
7/4/2/3/7/7/7/3/5 3 3,Z,2.25,2,BLOCK,Z,1.531951,0.8124338
7/6/2/3/7/7/7/3/1 3 3,Z,0.6333333333333333333333333333,22,BLOCK,Z,0.8323901,0.5228634
6/6/2/3/7/7/7/3/3 3 3,Z,0.625,6,PLANE,X,0.7532759,0.5295948
7/4/2/3/7/7/7/3/3 3 3,Z,2.25,0,BLOCK,Z,0.6276875,0.6177286
7/6/2/3/3/7/7/3/3 3 3,Z,0.6333333333333333333333333333,82,BLOCK,Z,0.8171888,0.5108252
7/6/2/3/7/6/7/3/3 3 3,Z,0.6428571428571428571428571429,302,TIMEOUT,Z,0.01006543,0.006776705
7/4/2/3/7/7/7/7/4 3 3,Z,2.125,0,BLOCK,Z,0.4161347,0.6802927
7/4/2/3/7/7/7/7/2 3 3,Z,2.125,0,BLOCK,Z,0.3676321,0.275349
7/6/2/2/7/7/7/7/2 3 3,Z,0.5,302,TIMEOUT,Z,0.01174198,0.008015944
5/6/2/3/7/7/7/7/1 3 3,Z,0.5625,302,TIMEOUT,Z,0.03594549,0.02085717
3/6/2/3/7/7/7/7/1 3 3,Z,0.5625,302,TIMEOUT,Z,0.1679899,0.07878561
7/4/2/3/7/7/7/7/1 3 3,Z,2.125,0,BLOCK,Z,0.3463988,0.1906714
7/4/2/7/2/6/7/7/7 3 3,Z,1.8750000000000000000000000002,0,BLOCK,Z,0.4608515,0.3408203
7/6/2/7/2/4/7/7/7 3 3,Z,2,0,BLOCK,Z,1.145927,0.8329114
7/4/2/7/2/5/7/7/7 3 3,Z,2,0,BLOCK,Z,0.4423021,0.3530227
7/6/2/7/2/1/7/7/7 3 3,Z,-2,2,BLOCK,Z,1.377191,1.028165
7/4/2/7/2/3/7/7/7 3 3,Z,2.1249999999999999999999999998,0,BLOCK,Z,0.4883777,0.4551612
7/6/2/7/2/3/7/3/7 3 3,Z,0.6333333333333333333333333333,302,TIMEOUT,Z,0.07091947,0.03382448
7/4/2/7/2/7/6/7/7 3 3,Z,2,0,BLOCK,Z,0.6025366,0.3903196
7/6/2/7/2/7/4/7/7 3 3,X,2,2,BLOCK,X,1.505486,0.854942
7/4/2/7/2/7/5/7/7 3 3,Z,2,2,BLOCK,Z,0.7153021,0.4005883
7/6/2/7/2/7/1/7/7 3 3,X,-2,0,BLOCK,X,0.5894019,0.5565767
7/4/2/7/2/7/3/7/7 3 3,Z,2,2,BLOCK,Z,0.7298471,0.4453425
7/4/2/7/2/7/7/6/7 3 3,Z,1.8750000000000000000000000002,0,BLOCK,Z,0.2512362,0.2390799
7/6/2/7/2/7/7/4/7 3 3,Z,2,0,BLOCK,Z,0.4155572,0.5755655
7/4/2/7/2/7/7/5/7 3 3,Z,2,0,BLOCK,Z,0.5927272,0.3856063
7/6/2/7/2/7/7/1/7 3 3,Z,-2,0,BLOCK,Z,0.1127802,0.2046654
7/4/2/7/2/7/7/3/7 3 3,Z,2.1249999999999999999999999998,0,BLOCK,Z,0.6326744,0.3683168
7/4/2/7/2/7/7/7/6 3 3,Z,2,2,BLOCK,Z,0.8087105,0.4947711
7/2/2/7/2/7/7/7/6 3 3,X,-0.1818181818181818181818181818,302,TIMEOUT,Z,0.006167527,0.002536997
7/4/2/7/2/7/7/7/5 3 3,Z,2,0,BLOCK,Z,0.4312748,0.3820269
7/4/2/7/2/7/7/7/3 3 3,Z,2,0,BLOCK,Z,0.4035498,0.3186173
7/4/2/7/6/2/7/7/7 3 3,Z,2,0,BLOCK,Z,0.397156,0.3265222
7/6/2/7/4/2/7/7/7 3 3,X,2,0,BLOCK,X,0.8220423,0.710842
7/4/2/7/6/6/6/7/7 3 3,Z,1.8750000000000000000000000002,0,BLOCK,Z,0.4696614,0.3515577
7/6/2/7/4/6/6/7/7 3 3,X,1.80,0,BLOCK,X,0.3990389,0.8211392
7/6/2/7/6/4/6/7/7 3 3,Z,2,0,BLOCK,Z,0.9225814,0.6774498
7/6/2/7/6/6/4/7/7 3 3,X,2,0,BLOCK,X,0.6318241,0.5967542
7/4/2/7/6/6/5/7/7 3 3,Z,1.8750000000000000000000000002,0,BLOCK,Z,0.5792788,0.3176524
7/6/2/7/4/6/5/7/7 3 3,X,2,0,BLOCK,X,0.6237291,0.5241144
7/6/2/7/6/4/5/7/7 3 3,Z,2,0,BLOCK,Z,0.7867486,0.7165275
7/6/2/7/6/6/1/7/7 3 3,X,-2,0,BLOCK,X,0.829588,0.8173375
7/4/2/7/6/6/3/7/7 3 3,Z,1.8750000000000000000000000002,2,BLOCK,Z,0.7186094,0.3800731
7/6/2/7/4/6/3/7/7 3 3,X,2.20,0,BLOCK,X,0.2530895,0.508073
7/6/2/7/6/4/3/7/7 3 3,Z,2,2,BLOCK,Z,1.174405,0.6526488
7/4/2/7/6/6/7/6/7 3 3,Z,1.7499999999999999999999999998,2,BLOCK,Z,0.6704844,0.3743964
7/6/2/7/4/6/7/6/7 3 3,X,2,0,BLOCK,X,0.8649557,0.7533742
7/6/2/7/6/4/7/6/7 3 3,Z,1.75,2,BLOCK,Z,1.013615,0.6979536
7/6/2/7/6/6/7/4/7 3 3,Z,2,2,BLOCK,Z,1.625956,1.014814
7/4/2/7/6/6/7/5/7 3 3,Z,1.8750000000000000000000000002,2,BLOCK,Z,0.7023953,0.4391295
7/6/2/7/4/6/7/5/7 3 3,X,2,0,BLOCK,X,0.6492127,0.7530209
7/6/2/7/6/4/7/5/7 3 3,Z,2,0,BLOCK,Z,0.7678889,0.7240747
7/6/2/7/6/6/7/1/7 3 3,Z,-2,0,BLOCK,Z,0.3000523,0.2546499
7/4/2/7/6/6/7/3/7 3 3,Z,2.00,2,BLOCK,Z,0.759766,0.4455863
7/6/2/6/6/6/7/3/7 3 3,Z,0.625,302,TIMEOUT,Z,0.008965537,0.004408458
7/6/2/7/4/6/7/3/7 3 3,X,2,0,BLOCK,X,0.5300252,0.5720822
7/6/2/7/6/4/7/3/7 3 3,Z,2.25,0,BLOCK,Z,0.8177025,0.7229875
7/4/2/7/6/6/7/7/6 3 3,Z,1.8750000000000000000000000002,2,BLOCK,Z,0.7395352,0.433097
7/6/2/7/4/6/7/7/6 3 3,X,1.80,0,BLOCK,X,0.5341668,0.6397877
7/6/2/7/6/4/7/7/6 3 3,Z,2,0,BLOCK,Z,0.7350636,0.7587399
7/4/2/7/6/6/7/7/5 3 3,Z,1.8750000000000000000000000002,0,BLOCK,Z,0.4978391,0.4396175
7/6/2/7/4/6/7/7/5 3 3,X,2,0,BLOCK,X,0.649192,0.6484417
7/6/2/7/6/4/7/7/5 3 3,Z,2,0,BLOCK,Z,1.123041,0.8825583
7/4/2/7/6/6/7/7/3 3 3,Z,1.8750000000000000000000000002,2,BLOCK,Z,0.7679411,0.3994946
7/6/2/7/4/6/7/7/3 3 3,X,2.20,0,BLOCK,X,0.7094483,0.7953011
7/6/2/7/6/4/7/7/3 3 3,Z,2,0,BLOCK,Z,0.5707857,0.7945765
7/4/2/7/6/5/6/7/7 3 3,Z,2,0,BLOCK,Z,0.7010988,0.3870031
7/6/2/7/4/5/6/7/7 3 3,X,1.80,0,BLOCK,X,0.2673028,0.6220364
7/6/2/7/6/1/6/7/7 3 3,Z,-2,0,BLOCK,Z,0.7722144,0.6325551
7/6/2/7/6/5/4/7/7 3 3,X,2,0,BLOCK,X,0.5728967,0.5493981
7/4/2/7/6/5/5/7/7 3 3,Z,2,0,BLOCK,Z,0.5315048,0.2849588
7/6/2/7/4/5/5/7/7 3 3,X,2,2,BLOCK,X,0.952136,0.993036
7/6/2/7/6/1/5/7/7 3 3,Z,-2,0,BLOCK,Z,0.440048,0.5274469
7/6/2/7/6/5/1/7/7 3 3,X,-2,0,BLOCK,X,1.277552,0.8719472
7/4/2/7/6/5/3/7/7 3 3,Z,2,0,BLOCK,Z,0.4801263,0.3760527
7/6/2/7/4/5/3/7/7 3 3,X,2.20,0,BLOCK,X,0.4673974,0.4723558
7/6/2/7/6/1/3/7/7 3 3,Z,-2,0,BLOCK,Z,0.428467,0.4082362
7/4/2/7/6/5/7/6/7 3 3,Z,1.8750000000000000000000000002,0,BLOCK,Z,0.5745023,0.4920107
7/6/2/7/4/5/7/6/7 3 3,X,2,0,BLOCK,X,0.457119,0.5714436
7/6/2/7/6/1/7/6/7 3 3,Z,-2.25,2,BLOCK,Z,1.560696,1.104009
7/6/2/7/6/5/7/4/7 3 3,Z,2,0,BLOCK,Z,0.3031494,0.4648396
7/4/2/7/6/5/7/5/7 3 3,Z,2,0,BLOCK,Z,0.5844578,0.4590496
7/6/2/7/4/5/7/5/7 3 3,X,2,0,BLOCK,X,0.7929185,0.814914
7/6/2/7/6/1/7/5/7 3 3,Z,-2,0,BLOCK,Z,0.569088,0.5320848
7/6/2/7/6/5/7/1/7 3 3,Z,-2,0,BLOCK,Z,0.125196,0.2484773
7/4/2/7/6/5/7/3/7 3 3,Z,2.1249999999999999999999999998,0,BLOCK,Z,0.6131278,0.3570738
7/6/2/7/4/5/7/3/7 3 3,X,2,2,BLOCK,X,1.047018,1.002185
7/6/2/7/6/1/7/3/7 3 3,Z,-1.75,0,BLOCK,Z,0.8951231,0.7830052
7/4/2/7/6/5/7/7/6 3 3,Z,2,0,BLOCK,Z,0.644719,0.4514614
7/6/2/5/6/5/7/7/6 3 3,Z,0.5,302,TIMEOUT,Z,0.01366634,0.00712939
7/6/2/7/4/5/7/7/6 3 3,X,1.80,0,BLOCK,X,0.692555,0.6793349
7/6/2/7/6/1/7/7/6 3 3,Z,-2,0,BLOCK,Z,0.309063,0.4315513
7/4/2/7/6/5/7/7/5 3 3,Z,2,0,BLOCK,Z,0.4243093,0.3767737
7/6/2/7/4/5/7/7/5 3 3,X,2,0,BLOCK,X,0.4902928,0.6497658
7/6/2/7/6/1/7/7/5 3 3,Z,-2,0,BLOCK,Z,0.5427718,0.6093889
7/4/2/7/6/5/7/7/3 3 3,Z,2,2,BLOCK,Z,0.7353725,0.4587876
7/6/2/7/4/5/7/7/3 3 3,X,2.20,0,BLOCK,X,0.833451,0.7506624
7/6/2/7/6/1/7/7/3 3 3,Z,-2,0,BLOCK,Z,0.5642392,0.5485896
7/4/2/7/6/3/6/7/7 3 3,Z,2.1249999999999999999999999998,0,BLOCK,Z,0.4442364,0.4750823
7/6/2/7/4/3/6/7/7 3 3,X,1.80,0,BLOCK,X,0.145744,0.5426214
7/6/2/7/6/3/4/7/7 3 3,X,2,0,BLOCK,X,1.294421,0.8252521
7/4/2/7/6/3/5/7/7 3 3,Z,2.1249999999999999999999999998,2,BLOCK,Z,0.8361057,0.6527449
7/6/2/7/4/3/5/7/7 3 3,X,2,0,BLOCK,X,0.6371763,0.5491827
7/6/2/7/6/3/1/7/7 3 3,X,-2,0,BLOCK,X,0.9172211,0.6656758
7/4/2/7/6/3/3/7/7 3 3,Z,2.1249999999999999999999999998,0,BLOCK,Z,0.5841549,0.4996288
7/6/2/7/4/3/3/7/7 3 3,X,2.20,2,BLOCK,X,1.496657,1.126074
7/4/2/7/6/3/7/6/7 3 3,Z,2.00,0,BLOCK,Z,0.7082435,0.6224844
7/6/2/7/4/3/7/6/7 3 3,X,2,0,BLOCK,X,0.7433896,0.5588382
7/6/2/7/6/3/7/4/7 3 3,Z,2,0,BLOCK,Z,0.6022754,0.6744697
7/4/2/7/6/3/7/5/7 3 3,Z,2.1249999999999999999999999998,0,BLOCK,Z,0.6067659,0.4227347
7/6/2/7/4/3/7/5/7 3 3,X,2,2,BLOCK,X,1.065852,0.9923855
7/6/2/7/6/3/7/1/7 3 3,Z,-2,0,BLOCK,Z,0.2106031,0.1602175
7/4/2/7/6/3/7/3/7 3 3,Z,2.2500000000000000000000000002,2,BLOCK,Z,0.727379,0.521821
7/6/2/7/4/3/7/3/7 3 3,X,2,0,BLOCK,X,0.6401191,0.5545603
7/4/2/7/6/3/7/7/6 3 3,Z,2.1249999999999999999999999998,2,BLOCK,Z,0.8113231,0.5474933
7/6/2/7/4/3/7/7/6 3 3,X,1.80,0,BLOCK,X,0.5680856,0.564345
7/4/2/7/6/3/7/7/5 3 3,Z,2.1249999999999999999999999998,2,BLOCK,Z,0.8179739,0.5719887
7/6/2/7/4/3/7/7/5 3 3,X,2,0,BLOCK,X,0.6934798,0.4521431
7/4/2/7/6/3/7/7/3 3 3,Z,2.1249999999999999999999999998,0,BLOCK,Z,0.5428067,0.4188628
7/6/2/7/4/3/7/7/3 3 3,X,2.20,0,BLOCK,X,0.4436176,0.5039611
7/4/2/7/6/7/2/7/7 3 3,Z,2,0,BLOCK,Z,0.6269677,0.3587376
7/6/2/7/4/7/2/7/7 3 3,X,2,2,BLOCK,X,1.411227,1.060591
7/4/2/7/6/7/6/6/7 3 3,Z,1.8750000000000000000000000002,0,BLOCK,Z,0.6042759,0.4233502
7/6/2/7/4/7/6/6/7 3 3,X,1.8,0,BLOCK,X,0.4279546,0.6097006
7/6/2/7/6/7/4/6/7 3 3,X,2,2,BLOCK,X,1.387083,0.9247305
7/6/2/7/6/7/6/4/7 3 3,Z,2,0,BLOCK,Z,0.1075349,0.2359468
7/4/2/7/6/7/6/5/7 3 3,Z,2,0,BLOCK,Z,0.5877254,0.4330641
7/6/2/7/4/7/6/5/7 3 3,X,1.8,0,BLOCK,X,0.3710531,0.7208636
7/6/2/7/6/7/4/5/7 3 3,X,2,0,BLOCK,X,0.4379603,0.5105755
7/6/2/7/6/7/6/1/7 3 3,Z,-2,0,BLOCK,Z,0.0613113,0.352938
7/4/2/7/6/7/6/3/7 3 3,Z,2.1249999999999999999999999998,0,BLOCK,Z,0.643721,0.4424113
7/6/2/7/4/7/6/3/7 3 3,X,1.8,0,BLOCK,X,0.3518769,0.6622777
7/6/2/7/6/7/4/3/7 3 3,X,2,0,BLOCK,X,0.508061,0.6059837
7/4/2/7/6/7/6/7/6 3 3,Z,2,0,BLOCK,Z,0.419828,0.3921299
7/6/2/7/4/7/6/7/6 3 3,X,1.6,2,BLOCK,X,0.9370052,0.9239193
7/6/2/7/6/7/4/7/6 3 3,X,1.6,0,BLOCK,X,0.2820986,0.3066055
7/4/2/7/6/7/6/7/5 3 3,Z,2,2,BLOCK,Z,0.7604469,0.424601
7/6/2/7/4/7/6/7/5 3 3,X,1.8,0,BLOCK,X,0.6509874,0.7754124
7/6/2/7/6/7/4/7/5 3 3,X,2,2,BLOCK,X,1.378918,0.9133313
7/4/2/7/6/7/6/7/3 3 3,Z,2,0,BLOCK,Z,0.5418215,0.4032575
7/6/2/7/4/7/6/7/3 3 3,X,2,0,BLOCK,X,0.2695673,0.4841886
7/6/2/7/6/7/4/7/3 3 3,X,2.4,0,BLOCK,X,0.7086282,0.7762563
7/4/2/7/6/7/5/6/7 3 3,Z,1.8750000000000000000000000002,2,BLOCK,Z,0.7262985,0.3967072
7/6/2/7/4/7/5/6/7 3 3,X,2,0,BLOCK,X,0.3965872,0.4243242
7/6/2/7/6/7/1/6/7 3 3,X,-2,0,BLOCK,X,0.5716357,0.4958488
7/6/2/7/6/7/5/4/7 3 3,Z,2,0,BLOCK,Z,0.3089841,0.5045084
7/4/2/7/6/7/5/5/7 3 3,Z,2,0,BLOCK,Z,0.4607085,0.3455045
7/6/2/7/4/7/5/5/7 3 3,X,2,0,BLOCK,X,0.6223446,0.5221859
7/6/2/7/6/7/1/5/7 3 3,X,-2,0,BLOCK,X,0.6391823,0.7688195
7/6/2/7/6/7/5/1/7 3 3,Z,-2,0,BLOCK,Z,0.2917982,0.2592073
7/4/2/7/6/7/5/3/7 3 3,Z,2.1249999999999999999999999998,0,BLOCK,Z,0.4763122,0.3630667
7/6/2/7/4/7/5/3/7 3 3,X,2,0,BLOCK,X,0.423808,0.4129009
7/6/2/7/6/7/1/3/7 3 3,X,-2,0,BLOCK,X,0.9018324,0.8662137
7/4/2/7/6/7/5/7/6 3 3,Z,2,2,BLOCK,Z,0.756635,0.4909241
7/6/2/7/4/7/5/7/6 3 3,X,1.8,2,BLOCK,X,1.004143,0.9093466
7/6/2/7/6/7/1/7/6 3 3,X,-2.4,0,BLOCK,X,0.7019401,0.6326875
7/4/2/7/6/7/5/7/5 3 3,Z,2,0,BLOCK,Z,0.5090351,0.3379947
7/6/2/7/4/7/5/7/5 3 3,X,2,0,BLOCK,X,0.6551273,0.5949736
7/6/2/7/6/7/1/7/5 3 3,X,-2,0,BLOCK,X,0.5817065,0.4760575
7/4/2/7/6/7/5/7/3 3 3,Z,2,0,BLOCK,Z,0.3525949,0.3912137
7/6/2/7/4/7/5/7/3 3 3,X,2.2,0,BLOCK,X,1.150355,0.9689483
7/6/2/7/6/7/1/7/3 3 3,X,-1.6,0,BLOCK,X,1.190748,0.8344241
7/4/2/7/6/7/3/6/7 3 3,Z,1.8750000000000000000000000002,2,BLOCK,Z,0.7154375,0.4234561
7/6/2/7/4/7/3/6/7 3 3,X,2.2,0,BLOCK,X,0.9380186,0.7162762
7/6/2/7/6/7/3/4/7 3 3,Z,2,2,BLOCK,Z,1.569132,1.059309
7/4/2/7/6/7/3/5/7 3 3,Z,2,0,BLOCK,Z,0.4212259,0.3664798
7/6/2/7/4/7/3/5/7 3 3,X,2.2,0,BLOCK,X,0.5021334,0.4379998
7/6/2/7/6/7/3/1/7 3 3,Z,-2,0,BLOCK,Z,1.61056,1.136863
7/4/2/7/6/7/3/3/7 3 3,Z,2.1249999999999999999999999998,0,BLOCK,Z,0.3404552,0.2393613
7/6/2/7/4/7/3/3/7 3 3,X,2.2,0,BLOCK,X,0.8004523,0.8465896
7/4/2/7/6/7/3/7/6 3 3,Z,2,0,BLOCK,Z,0.4565485,0.4296941
7/6/2/7/4/7/3/7/6 3 3,X,2,0,BLOCK,X,0.6099483,0.4071499
7/4/2/7/6/7/3/7/5 3 3,Z,2,0,BLOCK,Z,0.5837199,0.259165
7/6/2/7/4/7/3/7/5 3 3,X,2.2,0,BLOCK,X,0.386542,0.3560799
7/4/2/7/6/7/3/7/3 3 3,Z,2,0,BLOCK,Z,0.5293313,0.3748976
7/6/2/7/4/7/3/7/3 3 3,X,2.4,2,BLOCK,X,1.379365,1.023202
7/4/2/7/6/7/7/2/7 3 3,Z,2,2,BLOCK,Z,0.782174,0.4192455
7/6/2/7/4/7/7/2/7 3 3,X,2,2,BLOCK,X,1.05567,1.040578
7/4/2/7/6/7/7/6/6 3 3,Z,1.8750000000000000000000000002,2,BLOCK,Z,0.7244017,0.4560906
7/6/2/7/4/7/7/6/6 3 3,X,1.8,0,BLOCK,X,0.5414002,0.4638677
7/6/2/7/6/7/7/4/6 3 3,Z,2,0,BLOCK,Z,0.1074103,0.2986942
7/4/2/7/6/7/7/6/5 3 3,Z,1.8750000000000000000000000002,2,BLOCK,Z,0.7359546,0.4663123
7/6/2/7/4/7/7/6/5 3 3,X,2,0,BLOCK,X,0.4823083,0.4256446
7/6/2/7/6/7/7/4/5 3 3,Z,2,0,BLOCK,Z,0.1548085,0.3758287
7/4/2/7/6/7/7/6/3 3 3,Z,1.8750000000000000000000000002,0,BLOCK,Z,0.6072165,0.4318348
7/6/2/7/4/7/7/6/3 3 3,X,2.2,0,BLOCK,X,0.8361358,0.6227132
7/6/2/7/6/7/7/4/3 3 3,Z,2,0,BLOCK,Z,0.2951763,0.4686192
7/4/2/7/6/7/7/5/6 3 3,Z,2,0,BLOCK,Z,0.566713,0.4031633
7/2/2/7/6/7/7/5/6 3 3,X,0.4,302,TIMEOUT,Z,0.06510355,0.0190306
7/6/2/7/4/7/7/5/6 3 3,X,1.8,0,BLOCK,X,0.5820567,0.4617974
7/6/2/7/6/7/7/1/6 3 3,Z,-2,0,BLOCK,Z,0.1391259,0.3112912
7/4/2/7/6/7/7/5/5 3 3,Z,2,2,BLOCK,Z,0.7748795,0.4356045
7/6/2/7/4/7/7/5/5 3 3,X,2,0,BLOCK,X,0.3178824,0.4561466
7/6/2/7/6/7/7/1/5 3 3,Z,-2,0,BLOCK,Z,0.2760814,0.3585192
7/4/2/7/6/7/7/5/3 3 3,Z,2,0,BLOCK,Z,0.469431,0.3741566
7/6/2/7/4/7/7/5/3 3 3,X,2.2,0,BLOCK,X,0.652678,0.5483077
7/6/2/7/6/7/7/1/3 3 3,Z,-2,0,BLOCK,Z,0.1557487,0.1573424
7/4/2/7/6/7/7/3/6 3 3,Z,2.1249999999999999999999999998,0,BLOCK,Z,0.5433315,0.3950782
7/6/2/7/4/7/7/3/6 3 3,X,1.8,0,BLOCK,X,0.5319432,0.5373918
3/6/2/7/6/7/7/3/5 3 3,Z,0.5624999999999999999999999999,302,TIMEOUT,Z,0.08538663,0.0529264
7/4/2/7/6/7/7/3/5 3 3,Z,2.1249999999999999999999999998,0,BLOCK,Z,0.6919131,0.4718356
7/6/2/7/4/7/7/3/5 3 3,X,2,0,BLOCK,X,0.4807318,0.6372707
7/4/2/7/6/7/7/3/3 3 3,Z,2.1249999999999999999999999998,2,BLOCK,Z,0.8122452,0.4657808
7/6/2/7/4/7/7/3/3 3 3,X,2.2,0,BLOCK,X,0.6042778,0.4265643
7/4/2/7/6/7/7/7/4 3 3,Z,2,0,BLOCK,Z,0.5610327,0.4150195
7/6/2/7/4/7/7/7/4 3 3,X,1.8,0,BLOCK,X,0.7466139,0.5586231
7/4/2/7/6/7/7/7/2 3 3,Z,2,0,BLOCK,Z,0.4324851,0.4116993
7/6/2/7/4/7/7/7/2 3 3,X,2,0,BLOCK,X,0.4822231,0.4455514
7/4/2/7/6/7/7/7/1 3 3,Z,2,0,BLOCK,Z,0.4258134,0.3297338
7/2/2/7/6/7/7/7/1 3 3,X,0.6,302,TIMEOUT,Z,0.00917197,0.00540653
7/6/2/7/4/7/7/7/1 3 3,X,2.2,2,BLOCK,X,1.244819,0.9032311
7/4/2/7/5/2/7/7/7 3 3,Z,2,2,BLOCK,Z,0.5992609,0.4613993
7/6/2/7/1/2/7/7/7 3 3,X,-2,0,BLOCK,X,0.884789,0.9184099
7/4/2/7/5/6/6/7/7 3 3,Z,1.8750000000000000000000000002,2,BLOCK,Z,0.7408797,0.4300151
7/6/2/7/1/6/6/7/7 3 3,X,-2.20,0,BLOCK,X,0.894155,0.7239676
7/6/2/7/5/4/6/7/7 3 3,Z,2,2,BLOCK,Z,1.157667,0.699694
7/6/2/7/5/6/4/7/7 3 3,X,2,0,BLOCK,X,0.790266,0.6891601
7/4/2/7/5/6/5/7/7 3 3,Z,1.8750000000000000000000000002,0,BLOCK,Z,0.6040303,0.3103804
7/6/2/7/1/6/5/7/7 3 3,X,-2,0,BLOCK,X,0.8351624,0.6622145
7/6/2/7/5/4/5/7/7 3 3,Z,2,2,BLOCK,Z,1.127391,0.7087288
7/6/2/7/5/6/1/7/7 3 3,X,-2,0,BLOCK,X,0.3676663,0.4936186
7/4/2/7/5/6/3/7/7 3 3,Z,1.8750000000000000000000000002,2,BLOCK,Z,0.7071608,0.4043572
7/6/2/7/1/6/3/7/7 3 3,X,-1.80,2,BLOCK,X,0.9934846,1.139208
7/6/2/7/5/4/3/7/7 3 3,Z,2,0,BLOCK,Z,0.6133625,0.7674758
7/4/2/7/5/6/7/6/7 3 3,Z,1.7499999999999999999999999998,2,BLOCK,Z,0.7447365,0.3997286
7/6/2/7/1/6/7/6/7 3 3,X,-2,0,BLOCK,X,0.467029,0.6015958
7/6/2/7/5/4/7/6/7 3 3,Z,1.75,2,BLOCK,Z,1.034883,0.6435877
7/6/2/7/5/6/7/4/7 3 3,Z,2,0,BLOCK,Z,0.3508811,0.5279076
7/4/2/7/5/6/7/5/7 3 3,Z,1.8750000000000000000000000002,2,BLOCK,Z,0.6799105,0.4367591
7/6/2/7/1/6/7/5/7 3 3,X,-2,0,BLOCK,X,0.2983184,0.4658693
7/6/2/7/5/4/7/5/7 3 3,Z,2,0,BLOCK,Z,0.7029411,0.7218018
7/6/2/7/5/6/7/1/7 3 3,Z,-2,0,BLOCK,Z,0.3358502,0.2686
7/4/2/7/5/6/7/3/7 3 3,Z,2.00,0,BLOCK,Z,0.533953,0.3540015
7/6/2/7/1/6/7/3/7 3 3,X,-2,0,BLOCK,X,0.6089242,0.6584015
7/6/2/7/5/4/7/3/7 3 3,Z,2.25,0,BLOCK,Z,0.9831084,0.7268654
7/4/2/7/5/6/7/7/6 3 3,Z,1.8750000000000000000000000002,0,BLOCK,Z,0.4037139,0.2998812
7/6/2/7/1/6/7/7/6 3 3,X,-2.20,0,BLOCK,X,1.031831,0.7855462
7/6/2/7/5/4/7/7/6 3 3,Z,2,0,BLOCK,Z,1.272101,0.7881942
7/4/2/7/5/6/7/7/5 3 3,Z,1.8750000000000000000000000002,2,BLOCK,Z,0.7234235,0.4176201
7/6/2/7/1/6/7/7/5 3 3,X,-2,2,BLOCK,X,1.027648,0.9186717
7/6/2/7/5/4/7/7/5 3 3,Z,2,0,BLOCK,Z,0.811615,0.7652957
7/4/2/7/5/6/7/7/3 3 3,Z,1.8750000000000000000000000002,2,BLOCK,Z,0.8154411,0.4612205
7/6/2/7/1/6/7/7/3 3 3,X,-1.80,2,BLOCK,X,1.064049,0.8985294
7/6/2/7/5/4/7/7/3 3 3,Z,2,0,BLOCK,Z,0.9519019,0.7789603
7/4/2/7/5/5/6/7/7 3 3,Z,2,2,BLOCK,Z,0.7138556,0.4534915
7/6/2/7/1/5/6/7/7 3 3,X,-2.20,0,BLOCK,X,0.3475648,0.4569447
7/6/2/7/5/1/6/7/7 3 3,Z,-2,2,BLOCK,Z,1.270844,0.992754
7/6/2/7/5/5/4/7/7 3 3,X,2,0,BLOCK,X,0.7672173,0.781588
7/4/2/7/5/5/5/7/7 3 3,Z,2,0,BLOCK,Z,0.7248045,0.2629987
7/6/2/7/1/5/5/7/7 3 3,X,-2,0,BLOCK,X,0.9167375,0.9186918
7/6/2/7/5/1/5/7/7 3 3,Z,-2,0,BLOCK,Z,0.5834324,0.5220654
7/6/2/7/5/5/1/7/7 3 3,X,-2,0,BLOCK,X,1.209685,0.9704145
7/4/2/7/5/5/3/7/7 3 3,Z,2,0,BLOCK,Z,0.5942373,0.4046318
7/6/2/7/1/5/3/7/7 3 3,X,-1.80,2,BLOCK,X,0.9800864,0.9650158
7/6/2/7/5/1/3/7/7 3 3,Z,-2,0,BLOCK,Z,1.034204,0.800485
7/4/2/7/5/5/7/6/7 3 3,Z,1.8750000000000000000000000002,0,BLOCK,Z,0.5547487,0.4090899
7/6/2/7/1/5/7/6/7 3 3,X,-2,2,BLOCK,X,1.048618,0.9908615
7/6/2/7/5/1/7/6/7 3 3,Z,-2.25,0,BLOCK,Z,1.400656,0.9312522
7/6/2/7/5/5/7/4/7 3 3,Z,2,0,BLOCK,Z,0.2762357,0.5257214
7/4/2/7/5/5/7/5/7 3 3,Z,2,2,BLOCK,Z,0.8069892,0.4239381
7/6/2/7/1/5/7/5/7 3 3,X,-2,2,BLOCK,X,1.04457,0.9316988
7/6/2/7/5/1/7/5/7 3 3,Z,-2,0,BLOCK,Z,0.6708443,0.4526562
7/6/2/7/5/5/7/1/7 3 3,Z,-2,2,BLOCK,Z,1.602036,1.05473
7/4/2/7/5/5/7/3/7 3 3,Z,2.1249999999999999999999999998,2,BLOCK,Z,0.7734932,0.4165487
7/6/2/7/1/5/7/3/7 3 3,X,-2,0,BLOCK,X,0.5732193,0.6006629
7/6/2/7/5/1/7/3/7 3 3,Z,-1.75,0,BLOCK,Z,0.3085504,0.5084572
7/4/2/7/5/5/7/7/6 3 3,Z,2,2,BLOCK,Z,0.7362505,0.457087
7/6/2/7/1/5/7/7/6 3 3,X,-2.20,0,BLOCK,X,0.6622933,0.7509865
7/6/2/7/5/1/7/7/6 3 3,Z,-2,2,BLOCK,Z,1.306027,0.9437045
7/4/2/7/5/5/7/7/5 3 3,Z,2,0,BLOCK,Z,0.5822042,0.4322992
7/2/2/7/5/5/7/7/5 3 3,X,0,302,TIMEOUT,Z,0.02244885,0.0116873
7/6/2/7/1/5/7/7/5 3 3,X,-2,0,BLOCK,X,0.5707495,0.7752456
7/6/2/7/5/1/7/7/5 3 3,Z,-2,0,BLOCK,Z,0.5398791,0.4572116
7/4/2/7/5/5/7/7/3 3 3,Z,2,0,BLOCK,Z,0.534384,0.4062281
7/6/2/7/1/5/7/7/3 3 3,X,-1.80,0,BLOCK,X,0.7918507,0.8444182
7/6/2/7/5/1/7/7/3 3 3,Z,-2,0,BLOCK,Z,0.4817231,0.4741377
7/4/2/7/5/3/6/7/7 3 3,Z,2.1249999999999999999999999998,0,BLOCK,Z,0.6563885,0.5670537
7/6/2/7/1/3/6/7/7 3 3,X,-2.20,0,BLOCK,X,0.8821151,0.7666703
7/6/2/7/5/3/4/7/7 3 3,X,2,0,BLOCK,X,0.5252953,0.5569599
7/4/2/7/5/3/5/7/7 3 3,Z,2.1249999999999999999999999998,2,BLOCK,Z,0.854806,0.5591816
7/6/2/7/1/3/5/7/7 3 3,X,-2,0,BLOCK,X,0.6660739,0.6435139
7/6/2/7/5/3/1/7/7 3 3,X,-2,0,BLOCK,X,0.6563605,0.5634938
7/4/2/7/5/3/3/7/7 3 3,Z,2.1249999999999999999999999998,0,BLOCK,Z,0.3180092,0.4322608
7/6/2/3/5/3/3/7/7 3 3,Z,0.6333333333333333333333333333,302,TIMEOUT,Z,0.02402486,0.01067583
7/6/2/7/1/3/3/7/7 3 3,X,-1.80,0,BLOCK,X,0.578339,0.7362889
7/4/2/7/5/3/7/6/7 3 3,Z,2.00,0,BLOCK,Z,0.4168912,0.3860085
7/6/2/7/1/3/7/6/7 3 3,X,-2,0,BLOCK,X,0.645232,0.5893716
7/6/2/7/5/3/7/4/7 3 3,Z,2,0,BLOCK,Z,1.230989,0.7576503
7/4/2/7/5/3/7/5/7 3 3,Z,2.1249999999999999999999999998,0,BLOCK,Z,0.3512231,0.3984591
7/6/2/7/1/3/7/5/7 3 3,X,-2,0,BLOCK,X,0.4124803,0.7431355
7/6/2/7/5/3/7/1/7 3 3,Z,-2,2,BLOCK,Z,1.613288,1.019855
7/4/2/7/5/3/7/3/7 3 3,Z,2.2500000000000000000000000002,2,BLOCK,Z,0.8128552,0.4385639
7/6/2/7/1/3/7/3/7 3 3,X,-2,0,BLOCK,X,0.8544168,0.6880892
7/4/2/7/5/3/7/7/6 3 3,Z,2.1249999999999999999999999998,2,BLOCK,Z,0.6918908,0.5534021
7/6/2/7/1/3/7/7/6 3 3,X,-2.20,0,BLOCK,X,0.6017897,0.4322822
7/4/2/7/5/3/7/7/5 3 3,Z,2.1249999999999999999999999998,0,BLOCK,Z,0.5964605,0.5044275
7/6/2/7/1/3/7/7/5 3 3,X,-2,0,BLOCK,X,0.07019671,0.725872
7/4/2/7/5/3/7/7/3 3 3,Z,2.1249999999999999999999999998,2,BLOCK,Z,0.789222,0.5637923
7/6/2/7/1/3/7/7/3 3 3,X,-1.80,0,BLOCK,X,0.4223185,0.5072484
7/4/2/7/5/7/2/7/7 3 3,Z,2,2,BLOCK,Z,0.6854032,0.3787749
7/6/2/7/1/7/2/7/7 3 3,X,-2,0,BLOCK,X,0.2295666,0.6569694
7/4/2/7/5/7/6/6/7 3 3,Z,1.8750000000000000000000000002,0,BLOCK,Z,0.6219731,0.283725
7/6/2/7/1/7/6/6/7 3 3,X,-2.2,0,BLOCK,X,0.5480998,0.7116371
7/6/2/7/5/7/4/6/7 3 3,X,2,0,BLOCK,X,0.3108453,0.4311117
7/6/2/7/5/7/6/4/7 3 3,Z,2,2,BLOCK,Z,1.605373,1.032989
7/4/2/7/5/7/6/5/7 3 3,Z,2,0,BLOCK,Z,0.5244196,0.2837886
7/6/2/7/1/7/6/5/7 3 3,X,-2.2,0,BLOCK,X,0.4918326,0.5365953
7/6/2/7/5/7/4/5/7 3 3,X,2,0,BLOCK,X,0.3157978,0.4391145
7/6/2/7/5/7/6/1/7 3 3,Z,-2,0,BLOCK,Z,0.1684341,0.2324704
7/4/2/7/5/7/6/3/7 3 3,Z,2.1249999999999999999999999998,2,BLOCK,Z,0.8499395,0.418218
7/6/2/7/1/7/6/3/7 3 3,X,-2.2,0,BLOCK,X,0.4125202,0.4992964
7/6/2/7/5/7/4/3/7 3 3,X,2,0,BLOCK,X,0.3706771,0.5659286
7/4/2/7/5/7/6/7/6 3 3,Z,2,2,BLOCK,Z,0.7332384,0.495004
7/6/2/7/1/7/6/7/6 3 3,X,-2.4,0,BLOCK,X,0.4830687,0.4353141
7/6/2/7/5/7/4/7/6 3 3,X,1.6,0,BLOCK,X,0.3872059,0.453081
7/4/2/7/5/7/6/7/5 3 3,Z,2,0,BLOCK,Z,0.4597093,0.3409482
7/6/2/7/1/7/6/7/5 3 3,X,-2.2,0,BLOCK,X,0.4904557,0.4501426
7/6/2/7/5/7/4/7/5 3 3,X,2,0,BLOCK,X,0.3268455,0.4954444
7/4/2/7/5/7/6/7/3 3 3,Z,2,0,BLOCK,Z,0.453007,0.3266661
7/6/2/7/1/7/6/7/3 3 3,X,-2,0,BLOCK,X,0.5291721,0.6169981
7/6/2/7/5/7/4/7/3 3 3,X,2.4,0,BLOCK,X,0.2288664,0.5105405
7/4/2/7/5/7/5/6/7 3 3,Z,1.8750000000000000000000000002,2,BLOCK,Z,0.795575,0.3643805
7/6/2/7/1/7/5/6/7 3 3,X,-2,0,BLOCK,X,0.6267918,0.6903079
7/6/2/7/5/7/1/6/7 3 3,X,-2,0,BLOCK,X,0.2658359,0.4558366
7/6/2/7/5/7/5/4/7 3 3,Z,2,0,BLOCK,Z,1.633265,1.091289
7/4/2/7/5/7/5/5/7 3 3,Z,2,0,BLOCK,Z,0.3570534,0.3373894
7/6/2/7/1/7/5/5/7 3 3,X,-2,0,BLOCK,X,0.3992074,0.5609766
7/6/2/7/5/7/1/5/7 3 3,X,-2,0,BLOCK,X,0.4711071,0.4543713
7/6/2/7/5/7/5/1/7 3 3,Z,-2,2,BLOCK,Z,1.632514,1.035267
7/4/2/7/5/7/5/3/7 3 3,Z,2.1249999999999999999999999998,0,BLOCK,Z,0.5223912,0.3005629
7/6/2/7/1/7/5/3/7 3 3,X,-2,0,BLOCK,X,0.680711,0.5228823
7/6/2/7/5/7/1/3/7 3 3,X,-2,0,BLOCK,X,0.4370029,0.5980446
7/4/2/7/5/7/5/7/6 3 3,Z,2,0,BLOCK,Z,0.5497598,0.3945755
7/6/2/7/1/7/5/7/6 3 3,X,-2.2,0,BLOCK,X,0.5412004,0.5844827
7/6/2/7/5/7/1/7/6 3 3,X,-2.4,0,BLOCK,X,0.5268231,0.6309308
7/4/2/7/5/7/5/7/5 3 3,Z,2,2,BLOCK,Z,0.7349669,0.4373083
7/6/2/3/5/7/5/7/5 3 3,Z,0.5666666666666666666666666666,302,TIMEOUT,Z,0.01340559,0.007376818
7/6/2/7/1/7/5/7/5 3 3,X,-2,0,BLOCK,X,0.8548449,0.6409001
7/6/2/7/5/7/1/7/5 3 3,X,-2,0,BLOCK,X,0.4195485,0.4701285
7/4/2/7/5/7/5/7/3 3 3,Z,2,0,BLOCK,Z,0.298791,0.3048469
7/6/2/7/1/7/5/7/3 3 3,X,-1.8,0,BLOCK,X,0.5414883,0.4278651
7/6/2/7/5/7/1/7/3 3 3,X,-1.6,0,BLOCK,X,1.387092,0.938327
7/4/2/7/5/7/3/6/7 3 3,Z,1.8750000000000000000000000002,2,BLOCK,Z,0.7285277,0.4041413
7/6/2/7/1/7/3/6/7 3 3,X,-1.8,0,BLOCK,X,0.4405467,0.523232
7/6/2/7/5/7/3/4/7 3 3,Z,2,0,BLOCK,Z,0.2326396,0.4336005
7/4/2/7/5/7/3/5/7 3 3,Z,2,2,BLOCK,Z,0.7482481,0.4492163
7/6/2/7/1/7/3/5/7 3 3,X,-1.8,2,BLOCK,X,1.030305,0.9579757
7/6/2/7/5/7/3/1/7 3 3,Z,-2,0,BLOCK,Z,0.03987701,0.2560224
7/4/2/7/5/7/3/3/7 3 3,Z,2.1249999999999999999999999998,0,BLOCK,Z,0.5145949,0.3450884
7/6/2/7/1/7/3/3/7 3 3,X,-1.8,0,BLOCK,X,0.2260376,0.534561
7/4/2/7/5/7/3/7/6 3 3,Z,2,0,BLOCK,Z,0.5487083,0.3366548
7/6/2/7/1/7/3/7/6 3 3,X,-2,0,BLOCK,X,0.6670614,0.7010704
7/4/2/7/5/7/3/7/5 3 3,Z,2,0,BLOCK,Z,0.3359058,0.2902766
7/6/2/7/1/7/3/7/5 3 3,X,-1.8,0,BLOCK,X,0.34494,0.5429445
7/4/2/7/5/7/3/7/3 3 3,Z,2,2,BLOCK,Z,0.7040153,0.3864111
7/6/2/7/1/7/3/7/3 3 3,X,-1.6,0,BLOCK,X,0.3602474,0.4558473
7/4/2/7/5/7/7/2/7 3 3,Z,2,2,BLOCK,Z,0.7857814,0.4537208
7/6/2/7/1/7/7/2/7 3 3,X,-2,0,BLOCK,X,0.520051,0.4988734
7/4/2/7/5/7/7/6/6 3 3,Z,1.8750000000000000000000000002,0,BLOCK,Z,0.5509485,0.4175996
7/6/2/7/1/7/7/6/6 3 3,X,-2.2,2,BLOCK,X,1.165204,0.9385193
7/6/2/7/5/7/7/4/6 3 3,Z,2,0,BLOCK,Z,0.1303073,0.3461109
7/4/2/7/5/7/7/6/5 3 3,Z,1.8750000000000000000000000002,2,BLOCK,Z,0.6315029,0.444375
7/6/2/7/1/7/7/6/5 3 3,X,-2,0,BLOCK,X,0.6948211,0.5948012
7/6/2/7/5/7/7/4/5 3 3,Z,2,0,BLOCK,Z,0.08712433,0.3511889
7/4/2/7/5/7/7/6/3 3 3,Z,1.8750000000000000000000000002,0,BLOCK,Z,0.6039887,0.4058272
7/6/2/7/1/7/7/6/3 3 3,X,-1.8,0,BLOCK,X,0.9928426,0.7917627
7/6/2/7/5/7/7/4/3 3 3,Z,2,0,BLOCK,Z,0.2644743,0.3977074
7/4/2/7/5/7/7/5/6 3 3,Z,2,0,BLOCK,Z,0.5848039,0.4717359
7/6/2/7/1/7/7/5/6 3 3,X,-2.2,0,BLOCK,X,0.8589692,0.5566047
7/6/2/7/5/7/7/1/6 3 3,Z,-2,0,BLOCK,Z,0.07926843,0.1914444
7/4/2/7/5/7/7/5/5 3 3,Z,2,0,BLOCK,Z,0.663456,0.4295969
7/6/2/7/1/7/7/5/5 3 3,X,-2,0,BLOCK,X,0.5947517,0.6227701
7/6/2/7/5/7/7/1/5 3 3,Z,-2,0,BLOCK,Z,0.1048907,0.1591275
7/4/2/7/5/7/7/5/3 3 3,Z,2,0,BLOCK,Z,0.5459504,0.3917561
7/6/2/7/1/7/7/5/3 3 3,X,-1.8,0,BLOCK,X,0.5435224,0.4915116
7/6/2/7/5/7/7/1/3 3 3,Z,-2,0,BLOCK,Z,0.361734,0.4067058
7/4/2/7/5/7/7/3/6 3 3,Z,2.1249999999999999999999999998,2,BLOCK,Z,0.7064101,0.4679638
7/6/2/7/1/7/7/3/6 3 3,X,-2.2,2,BLOCK,X,1.254615,0.9886779
7/6/2/7/5/7/6/3/6 3 3,Z,0.5666666666666666666666666666,106,PLANE,X,1.564821,1.131605
7/4/2/7/5/7/7/3/5 3 3,Z,2.1249999999999999999999999998,0,BLOCK,Z,0.6977205,0.4490623
7/2/2/7/5/7/7/3/5 3 3,Z,-0.5,302,TIMEOUT,Z,0.01127935,0.004843431
7/6/2/7/1/7/7/3/5 3 3,X,-2,0,BLOCK,X,0.631284,0.5946975
7/4/2/7/5/7/7/3/3 3 3,Z,2.1249999999999999999999999998,2,BLOCK,Z,0.8737324,0.4291116
7/6/2/7/1/7/7/3/3 3 3,X,-1.8,0,BLOCK,X,0.6220006,0.4920536
7/4/2/7/5/7/7/7/4 3 3,Z,2,2,BLOCK,Z,0.77061,0.5020099
7/6/2/7/1/7/7/7/4 3 3,X,-2.2,0,BLOCK,X,1.133006,0.8136511
7/4/2/7/5/7/7/7/2 3 3,Z,2,0,BLOCK,Z,0.3983982,0.3440501
7/2/2/7/5/7/7/7/2 3 3,X,0,302,TIMEOUT,Z,0.0120778,0.006133005
7/6/2/7/1/7/7/7/2 3 3,X,-2,0,BLOCK,X,0.6333992,0.4898504
7/4/2/7/5/7/7/7/1 3 3,Z,2,0,BLOCK,Z,0.7989146,0.4622455
7/2/2/7/5/7/7/7/1 3 3,X,0.1666666666666666666666666667,302,TIMEOUT,Z,0.01434795,0.01054706
7/6/2/7/1/7/7/7/1 3 3,X,-1.8,0,BLOCK,X,0.5918391,0.5164015
7/4/2/7/3/2/7/7/7 3 3,Z,2,0,BLOCK,Z,0.2896276,0.356539
7/6/2/3/3/2/7/7/7 3 3,Z,0.5666666666666666666666666666,302,TIMEOUT,Z,0.005773397,0.003932759
7/6/2/7/3/2/7/7/3 3 3,Z,0.5,302,TIMEOUT,Z,0.01765359,0.006685623
7/4/2/7/3/6/6/7/7 3 3,Z,1.8750000000000000000000000002,2,BLOCK,Z,0.7014339,0.4603618
7/6/2/7/3/4/6/7/7 3 3,Z,2,0,BLOCK,Z,1.078302,0.6961551
7/6/2/7/3/6/4/7/7 3 3,X,2,0,BLOCK,X,0.7034805,0.7100443
7/4/2/7/3/6/5/7/7 3 3,Z,1.8750000000000000000000000002,2,BLOCK,Z,0.7621323,0.4642512
7/6/2/3/3/6/5/7/7 3 3,Z,-0.5833333333333333333333333333,302,TIMEOUT,Z,0.01849206,0.0118202
7/6/2/7/3/4/5/7/7 3 3,Z,2,0,BLOCK,Z,0.8147871,0.6723886
7/6/2/7/3/6/1/7/7 3 3,X,-2,0,BLOCK,X,0.4973559,0.4054929
7/4/2/7/3/6/3/7/7 3 3,Z,1.8750000000000000000000000002,0,BLOCK,Z,0.5092887,0.3483343
7/6/2/7/3/4/3/7/7 3 3,Z,2,0,BLOCK,Z,0.5642321,0.6667084
7/4/2/7/3/6/7/6/7 3 3,Z,1.7499999999999999999999999998,0,BLOCK,Z,0.5276862,0.1987402
7/6/2/7/3/4/7/6/7 3 3,Z,1.75,0,BLOCK,Z,0.3263384,0.5882302
7/6/2/7/3/6/7/4/7 3 3,Z,2,0,BLOCK,Z,0.4717654,0.6066418
7/4/2/7/3/6/7/5/7 3 3,Z,1.8750000000000000000000000002,2,BLOCK,Z,0.6620471,0.4131787
7/6/2/7/3/4/7/5/7 3 3,Z,2,2,BLOCK,Z,1.14456,0.5504084
7/6/2/7/3/6/7/1/7 3 3,Z,-2,0,BLOCK,Z,0.267357,0.1419427
7/4/2/7/3/6/7/3/7 3 3,Z,2.00,0,BLOCK,Z,0.4649572,0.3510875
7/6/2/7/3/4/7/3/7 3 3,Z,2.25,0,BLOCK,Z,0.579171,0.7350891
7/4/2/7/3/6/7/7/6 3 3,Z,1.8750000000000000000000000002,2,BLOCK,Z,0.740967,0.4247162
7/6/2/7/3/4/7/7/6 3 3,Z,2,0,BLOCK,Z,0.5729985,0.8199565
7/4/2/7/3/6/7/7/5 3 3,Z,1.8750000000000000000000000002,0,BLOCK,Z,0.2921575,0.1679733
7/2/2/7/3/6/7/7/5 3 3,X,-0.5,302,TIMEOUT,Z,0.0104719,0.004424769
7/6/2/7/3/4/7/7/5 3 3,Z,2,0,BLOCK,Z,0.5514274,0.6601874
7/4/2/7/3/6/7/7/3 3 3,Z,1.8750000000000000000000000002,0,BLOCK,Z,0.4521875,0.397894
7/6/2/7/3/4/7/7/3 3 3,Z,2,0,BLOCK,Z,0.4440365,0.8003075
7/4/2/7/3/5/6/7/7 3 3,Z,2,0,BLOCK,Z,0.4538999,0.2984474
7/6/2/7/3/1/6/7/7 3 3,Z,-2,2,BLOCK,Z,1.314943,0.9524049
7/6/2/7/3/5/4/7/7 3 3,X,2,0,BLOCK,X,0.81459,0.6184817
6/6/2/7/3/5/5/7/7 3 3,X,0.5555555555555555555555555555,302,TIMEOUT,Z,0.2491593,0.09719418
7/4/2/7/3/5/5/7/7 3 3,Z,2,0,BLOCK,Z,0.4946368,0.3818023
7/6/2/7/3/1/5/7/7 3 3,Z,-2,0,BLOCK,Z,0.6646072,0.6219199
7/6/2/7/3/5/1/7/7 3 3,X,-2,0,BLOCK,X,0.5390381,0.6280974
7/4/2/7/3/5/3/7/7 3 3,Z,2,0,BLOCK,Z,0.5988408,0.3803199
7/6/2/7/3/1/3/7/7 3 3,Z,-2,0,BLOCK,Z,0.5261685,0.5036923
7/6/2/7/3/5/3/3/7 3 3,Z,0.5666666666666666666666666666,302,TIMEOUT,Z,0.02662435,0.01705545
7/4/2/7/3/5/7/6/7 3 3,Z,1.8750000000000000000000000002,2,BLOCK,Z,0.7091476,0.4577367
7/6/2/7/3/1/7/6/7 3 3,Z,-2.25,2,BLOCK,Z,1.51318,1.057402
7/6/2/7/3/5/7/4/7 3 3,Z,2,0,BLOCK,Z,0.2398158,0.4139997
7/4/2/7/3/5/7/5/7 3 3,Z,2,2,BLOCK,Z,0.7025117,0.4141118
7/6/2/7/3/1/7/5/7 3 3,Z,-2,0,BLOCK,Z,0.6941763,0.5145448
7/6/2/7/3/5/7/1/7 3 3,Z,-2,0,BLOCK,Z,0.03798641,0.2755845
7/4/2/7/3/5/7/3/7 3 3,Z,2.1249999999999999999999999998,0,BLOCK,Z,0.3440321,0.348901
7/6/2/7/3/1/7/3/7 3 3,Z,-1.75,0,BLOCK,Z,0.1260249,0.4747249
7/4/2/7/3/5/7/7/6 3 3,Z,2,0,BLOCK,Z,0.3862944,0.438625
7/6/2/7/3/1/7/7/6 3 3,Z,-2,0,BLOCK,Z,0.5251244,0.3052228
7/4/2/7/3/5/7/7/5 3 3,Z,2,0,BLOCK,Z,0.4622907,0.4258155
7/6/2/7/3/1/7/7/5 3 3,Z,-2,0,BLOCK,Z,0.4217795,0.4686483
7/4/2/7/3/5/7/7/3 3 3,Z,2,0,BLOCK,Z,0.5785103,0.3799899
7/6/2/7/3/1/7/7/3 3 3,Z,-2,0,BLOCK,Z,0.4745841,0.3765126
7/4/2/7/3/3/6/7/7 3 3,Z,2.1249999999999999999999999998,0,BLOCK,Z,0.6233177,0.5857598
7/6/2/7/3/3/4/7/7 3 3,X,2,0,BLOCK,X,0.729953,0.7695347
7/4/2/7/3/3/5/7/7 3 3,Z,2.1249999999999999999999999998,0,BLOCK,Z,0.6952487,0.6173987
7/6/2/7/3/3/1/7/7 3 3,X,-2,0,BLOCK,X,1.230825,0.6022007
7/4/2/7/3/3/3/7/7 3 3,Z,2.1249999999999999999999999998,2,BLOCK,Z,0.8083417,0.5663814
7/6/2/7/3/3/3/3/7 3 3,Z,0.6333333333333333333333333334,54,BLOCK,Z,0.6568038,0.4793566
7/6/2/7/3/3/3/7/3 3 3,Z,0.5666666666666666666666666666,302,TIMEOUT,Z,0.04639632,0.02241024
7/4/2/7/3/3/7/6/7 3 3,Z,2.00,0,BLOCK,Z,0.5315107,0.4855006
7/6/2/7/3/3/7/4/7 3 3,Z,2,0,BLOCK,Z,0.8491856,0.7779426
7/4/2/7/3/3/7/5/7 3 3,Z,2.1249999999999999999999999998,0,BLOCK,Z,0.5662825,0.4261098
7/2/2/7/3/3/7/5/7 3 3,X,-0.5,302,TIMEOUT,Z,0.02071938,0.008503129
7/6/2/7/3/3/7/1/7 3 3,Z,-2,0,BLOCK,Z,0.1404217,0.1783515
7/4/2/7/3/3/7/3/7 3 3,Z,2.2500000000000000000000000002,0,BLOCK,Z,0.5259144,0.2961184
7/6/2/7/3/3/7/3/5 3 3,Z,0.6333333333333333333333333334,302,TIMEOUT,Z,0.1095193,0.06494126
7/6/2/7/3/3/7/3/3 3 3,Z,0.6333333333333333333333333334,114,BLOCK,Z,0.7380005,0.6217453
7/4/2/7/3/3/7/7/6 3 3,Z,2.1249999999999999999999999998,0,BLOCK,Z,0.6350084,0.5413918
7/4/2/7/3/3/7/7/5 3 3,Z,2.1249999999999999999999999998,0,BLOCK,Z,0.4867263,0.4644715
7/4/2/7/3/3/7/7/3 3 3,Z,2.1249999999999999999999999998,0,BLOCK,Z,0.5054727,0.5429652
7/6/2/7/3/3/5/7/3 3 3,Z,0.5666666666666666666666666666,302,TIMEOUT,Z,0.03400477,0.02295575
7/4/2/7/3/7/2/7/7 3 3,Z,2,0,BLOCK,Z,0.6589976,0.3728599
7/4/2/7/3/7/6/6/7 3 3,Z,1.8750000000000000000000000002,0,BLOCK,Z,0.5386645,0.3811722
7/6/2/7/3/7/4/6/7 3 3,X,2,0,BLOCK,X,0.6070055,0.5400594
7/6/2/7/3/7/6/4/7 3 3,Z,2,2,BLOCK,Z,1.590076,1.024677
7/4/2/7/3/7/6/5/7 3 3,Z,2,0,BLOCK,Z,0.6108649,0.4076496
7/6/2/7/3/7/4/5/7 3 3,X,2,2,BLOCK,X,1.362923,0.8765884
7/6/2/7/3/7/6/1/7 3 3,Z,-2,0,BLOCK,Z,0.1897125,0.2700582
7/4/2/7/3/7/6/3/7 3 3,Z,2.1249999999999999999999999998,0,BLOCK,Z,0.3000207,0.2452662
7/6/2/7/3/7/4/3/7 3 3,X,2,0,BLOCK,X,0.5878849,0.6339937
7/4/2/7/3/7/6/7/6 3 3,Z,2,0,BLOCK,Z,0.5666816,0.369713
7/6/2/7/3/7/4/7/6 3 3,X,1.6,0,BLOCK,X,0.5262088,0.5848302
7/4/2/7/3/7/6/7/5 3 3,Z,2,0,BLOCK,Z,0.6459951,0.4252885
7/6/2/7/3/7/4/7/5 3 3,X,2,2,BLOCK,X,1.310636,0.8392949
7/4/2/7/3/7/6/7/3 3 3,Z,2,0,BLOCK,Z,0.5692782,0.3841091
7/6/2/7/3/7/4/7/3 3 3,X,2.4,0,BLOCK,X,0.6634525,0.7355161
7/4/2/7/3/7/5/6/7 3 3,Z,1.8750000000000000000000000002,0,BLOCK,Z,0.4801917,0.3143655
7/6/2/7/3/7/1/6/7 3 3,X,-2,0,BLOCK,X,0.5381411,0.4760655
7/6/2/7/3/7/5/4/7 3 3,Z,2,0,BLOCK,Z,0.4296538,0.6169751
7/4/2/7/3/7/5/5/7 3 3,Z,2,0,BLOCK,Z,0.4505627,0.3966623
7/6/2/7/3/7/1/5/7 3 3,X,-2,0,BLOCK,X,0.5120543,0.6707397
7/6/2/7/3/7/5/1/7 3 3,Z,-2,0,BLOCK,Z,0.08186946,0.3145784
7/4/2/7/3/7/5/3/7 3 3,Z,2.1249999999999999999999999998,0,BLOCK,Z,0.6157843,0.410298
7/6/2/7/3/7/1/3/7 3 3,X,-2,2,BLOCK,X,1.376078,0.905289
7/4/2/7/3/7/5/7/6 3 3,Z,2,2,BLOCK,Z,0.7528944,0.4000393
7/6/2/7/3/7/1/7/6 3 3,X,-2.4,2,BLOCK,X,1.636543,0.9263265
7/4/2/7/3/7/5/7/5 3 3,Z,2,2,BLOCK,Z,0.7685349,0.479984
7/6/2/7/3/7/1/7/5 3 3,X,-2,0,BLOCK,X,0.4013732,0.4386623
7/4/2/7/3/7/5/7/3 3 3,Z,2,0,BLOCK,Z,0.5514342,0.3984202
7/6/2/7/3/7/1/7/3 3 3,X,-1.6,0,BLOCK,X,1.388043,1.006757
7/4/2/7/3/7/3/6/7 3 3,Z,1.8750000000000000000000000002,0,BLOCK,Z,0.3700314,0.2790602
7/6/2/3/3/7/3/6/7 3 3,Z,-0.5833333333333333333333333333,302,TIMEOUT,Z,0.03968453,0.01900841
7/6/2/7/3/7/3/4/7 3 3,Z,2,0,BLOCK,Z,0.4560896,0.6317772
3/6/2/7/3/7/3/5/7 3 3,Z,0.5,302,TIMEOUT,Z,0.1257748,0.05838128
7/4/2/7/3/7/3/5/7 3 3,Z,2,0,BLOCK,Z,0.3199289,0.3209032
7/6/2/7/3/7/3/1/7 3 3,Z,-2,0,BLOCK,Z,0.2811592,0.2315769
7/4/2/7/3/7/3/3/7 3 3,Z,2.1249999999999999999999999998,0,BLOCK,Z,0.5869263,0.4130283
7/4/2/7/3/7/3/7/6 3 3,Z,2,2,BLOCK,Z,0.744325,0.5032085
7/4/2/7/3/7/3/7/5 3 3,Z,2,0,BLOCK,Z,0.3380313,0.2865351
7/4/2/7/3/7/7/2/7 3 3,Z,2,0,BLOCK,Z,0.5641597,0.4100187
7/4/2/7/3/7/7/6/6 3 3,Z,1.8750000000000000000000000002,0,BLOCK,Z,0.691112,0.4569494
7/6/2/7/3/7/7/4/6 3 3,Z,2,2,BLOCK,Z,1.591981,1.025956
7/4/2/7/3/7/7/6/5 3 3,Z,1.8750000000000000000000000002,0,BLOCK,Z,0.6816947,0.3221033
7/6/2/7/3/7/7/4/5 3 3,Z,2,0,BLOCK,Z,0.3658089,0.5035707
7/4/2/7/3/7/7/6/3 3 3,Z,1.8750000000000000000000000002,0,BLOCK,Z,0.6006163,0.2670517
7/6/2/7/3/7/7/4/3 3 3,Z,2,0,BLOCK,Z,0.1437,0.3579654
7/4/2/7/3/7/7/5/6 3 3,Z,2,0,BLOCK,Z,0.5871018,0.4973933
7/6/2/7/3/7/7/1/6 3 3,Z,-2,0,BLOCK,Z,0.1377053,0.1639401
7/4/2/7/3/7/7/5/5 3 3,Z,2,0,BLOCK,Z,0.5793732,0.430928
7/6/2/7/3/7/7/1/5 3 3,Z,-2,0,BLOCK,Z,0.08764443,0.2085795
7/4/2/7/3/7/7/5/3 3 3,Z,2,0,BLOCK,Z,0.5274411,0.4415008
7/6/2/3/3/7/7/5/3 3 3,Z,0.5666666666666666666666666666,302,TIMEOUT,Z,0.01589587,0.009759528
7/6/2/7/3/7/7/1/3 3 3,Z,-2,2,BLOCK,Z,1.573572,1.040035
7/4/2/7/3/7/7/3/6 3 3,Z,2.1249999999999999999999999998,0,BLOCK,Z,0.5433922,0.4006782
7/4/2/7/3/7/7/3/5 3 3,Z,2.1249999999999999999999999998,2,BLOCK,Z,0.8177787,0.4750148
7/4/2/7/3/7/7/3/3 3 3,Z,2.1249999999999999999999999998,0,BLOCK,Z,0.5210028,0.4025531
7/4/2/7/3/7/7/7/4 3 3,Z,2,2,BLOCK,Z,0.7450601,0.4148388
7/4/2/7/3/7/7/7/2 3 3,Z,2,2,BLOCK,Z,0.7810257,0.44575
7/4/2/7/3/7/7/7/1 3 3,Z,2,0,BLOCK,Z,0.4181758,0.4081071
7/6/2/3/3/7/7/7/1 3 3,Z,0.5666666666666666666666666666,16,BLOCK,Z,0.7452466,0.4871571
7/4/2/7/3/7/3/7/3 3 3,Z,2,2,BLOCK,Z,0.757265,0.4036777
7/4/2/7/7/2/6/7/7 3 3,Z,2,0,BLOCK,Z,0.3347349,0.4292384
7/6/2/7/7/2/4/7/7 3 3,X,2,0,BLOCK,X,0.8158225,0.7947701
7/4/2/7/7/2/5/7/7 3 3,Z,2,0,BLOCK,Z,0.5459234,0.5187981
7/6/2/7/7/2/1/7/7 3 3,X,-2,2,BLOCK,X,1.471866,0.8873469
7/4/2/7/7/2/3/7/7 3 3,Z,2,0,BLOCK,Z,0.674261,0.3366522
7/4/2/7/7/2/7/6/7 3 3,Z,1.8750000000000000000000000002,0,BLOCK,Z,0.6977573,0.5860704
7/6/2/7/7/2/7/4/7 3 3,Z,2,0,BLOCK,Z,0.7422864,0.691789
7/4/2/7/7/2/7/5/7 3 3,Z,2,2,BLOCK,Z,0.7154247,0.5399408
7/6/2/7/7/2/7/1/7 3 3,Z,-2,0,BLOCK,Z,0.2851024,0.2282718
7/4/2/7/7/2/7/3/7 3 3,Z,2.1249999999999999999999999998,0,BLOCK,Z,0.6708061,0.4862254
7/4/2/7/7/2/7/7/6 3 3,Z,2,0,BLOCK,Z,0.6503913,0.4588799
7/4/2/7/7/2/7/7/5 3 3,Z,2,2,BLOCK,Z,0.6722875,0.4417127
7/4/2/7/7/2/7/7/3 3 3,Z,2,0,BLOCK,Z,0.4608456,0.3113658
7/4/2/7/7/6/2/7/7 3 3,Z,1.8750000000000000000000000002,2,BLOCK,Z,0.7732236,0.4701622
7/6/2/7/7/4/2/7/7 3 3,Z,2,2,BLOCK,Z,1.103648,0.6856343
7/4/2/7/7/6/6/6/7 3 3,Z,1.7499999999999999999999999998,0,BLOCK,Z,0.6795866,0.3676129
7/6/2/7/7/4/6/6/7 3 3,Z,1.7142857142857142857142857142,0,BLOCK,Z,0.5732957,0.7563714
7/6/2/7/7/6/4/6/7 3 3,X,2,0,BLOCK,X,0.4303302,0.494173
7/6/2/7/7/6/6/4/7 3 3,Z,2,0,BLOCK,Z,0.3712582,0.464688
7/4/2/7/7/6/6/5/7 3 3,Z,1.8750000000000000000000000002,0,BLOCK,Z,0.5006945,0.3486948
7/6/2/7/7/4/6/5/7 3 3,Z,2,2,BLOCK,Z,1.091905,0.7047892
7/6/2/7/7/6/4/5/7 3 3,X,2,0,BLOCK,X,0.7634783,0.449953
7/6/2/7/7/6/6/1/7 3 3,Z,-2,0,BLOCK,Z,0.3185627,0.3399292
7/4/2/7/7/6/6/3/7 3 3,Z,2,0,BLOCK,Z,0.4660792,0.3068473
7/2/2/7/7/6/6/3/7 3 3,Z,0.6428571428571428571428571429,302,TIMEOUT,Z,0.0334744,0.009810524
7/6/2/7/7/4/6/3/7 3 3,Z,2.2857142857142857142857142858,0,BLOCK,Z,0.5783551,0.6910924
7/6/2/7/7/6/4/3/7 3 3,X,2,0,BLOCK,X,0.4908436,0.5473312
7/4/2/7/7/6/6/7/6 3 3,Z,1.8750000000000000000000000002,2,BLOCK,Z,0.7696447,0.3814383
7/6/2/7/7/4/6/7/6 3 3,Z,2,0,BLOCK,Z,0.9328535,0.7614844
7/6/2/7/7/6/4/7/6 3 3,X,1.6,2,BLOCK,X,1.367562,0.9038443
7/4/2/7/7/6/6/7/5 3 3,Z,1.8750000000000000000000000002,0,BLOCK,Z,0.5492907,0.387576
7/6/2/7/7/4/6/7/5 3 3,Z,2,0,BLOCK,Z,0.7469236,0.6803581
7/6/2/7/7/6/4/7/5 3 3,X,2,0,BLOCK,X,0.519318,0.4781696
7/4/2/7/7/6/6/7/3 3 3,Z,1.8750000000000000000000000002,0,BLOCK,Z,0.4794921,0.3217342
7/6/2/7/7/4/6/7/3 3 3,Z,2,0,BLOCK,Z,0.5705327,0.7768267
7/6/2/7/7/6/4/7/3 3 3,X,2.4,2,BLOCK,X,1.593307,1.007031
7/4/2/7/7/6/5/6/7 3 3,Z,1.7499999999999999999999999998,2,BLOCK,Z,0.7157233,0.3716531
7/6/2/7/7/4/5/6/7 3 3,Z,1.7142857142857142857142857142,0,BLOCK,Z,0.4172766,0.653263
7/6/2/7/7/6/1/6/7 3 3,X,-2,0,BLOCK,X,0.2774774,0.3141972
7/6/2/7/7/6/5/4/7 3 3,Z,2,2,BLOCK,Z,1.619069,1.002107
7/4/2/7/7/6/5/5/7 3 3,Z,1.8750000000000000000000000002,0,BLOCK,Z,0.4389085,0.3231815
7/6/2/7/7/4/5/5/7 3 3,Z,2,0,BLOCK,Z,0.5982257,0.7172858
7/6/2/7/7/6/1/5/7 3 3,X,-2,0,BLOCK,X,0.5793405,0.3773501
7/6/2/7/7/6/5/1/7 3 3,Z,-2,2,BLOCK,Z,1.535303,0.8654073
7/4/2/7/7/6/5/3/7 3 3,Z,2,0,BLOCK,Z,0.5763468,0.477825
7/6/2/7/7/4/5/3/7 3 3,Z,2.2857142857142857142857142858,0,BLOCK,Z,0.4452282,0.6477183
7/6/2/7/7/6/1/3/7 3 3,X,-2,0,BLOCK,X,0.4754117,0.6841341
7/4/2/7/7/6/5/7/6 3 3,Z,1.8750000000000000000000000002,0,BLOCK,Z,0.5698072,0.3386584
7/6/2/7/7/4/5/7/6 3 3,Z,2,0,BLOCK,Z,0.7076625,0.7456922
7/6/2/7/7/6/1/7/6 3 3,X,-2.4,0,BLOCK,X,0.7406899,0.834441
7/4/2/7/7/6/5/7/5 3 3,Z,1.8750000000000000000000000002,2,BLOCK,Z,0.7129432,0.4431706
7/6/2/7/7/4/5/7/5 3 3,Z,2,0,BLOCK,Z,0.6986726,0.7130694
7/6/2/7/7/6/1/7/5 3 3,X,-2,0,BLOCK,X,0.4267605,0.3674029
7/4/2/7/7/6/5/7/3 3 3,Z,1.8750000000000000000000000002,2,BLOCK,Z,0.7813599,0.3835583
7/6/2/7/7/4/5/7/3 3 3,Z,2,0,BLOCK,Z,0.7780848,0.7966074
7/6/2/7/7/6/1/7/3 3 3,X,-1.6,0,BLOCK,X,1.377895,0.856329
7/4/2/7/7/6/3/6/7 3 3,Z,1.7499999999999999999999999998,2,BLOCK,Z,0.6778528,0.3258159
7/6/2/7/7/4/3/6/7 3 3,Z,1.7142857142857142857142857142,0,BLOCK,Z,0.5098764,0.6959936
7/6/2/7/7/6/3/4/7 3 3,Z,2,0,BLOCK,Z,0.1898327,0.2448463
7/4/2/7/7/6/3/5/7 3 3,Z,1.8750000000000000000000000002,2,BLOCK,Z,0.7096385,0.4258652
7/6/2/7/7/4/3/5/7 3 3,Z,2,0,BLOCK,Z,0.5730754,0.7804558
7/6/2/7/7/6/3/1/7 3 3,Z,-2,0,BLOCK,Z,0.1096082,0.2218303
7/4/2/7/7/6/3/3/7 3 3,Z,2,0,BLOCK,Z,0.4278072,0.3137977
7/6/2/7/7/4/3/3/7 3 3,Z,2.2857142857142857142857142858,0,BLOCK,Z,0.6949397,0.7313969
7/4/2/7/7/6/3/7/6 3 3,Z,1.8750000000000000000000000002,0,BLOCK,Z,0.4531375,0.408494
7/6/2/7/7/4/3/7/6 3 3,Z,2,0,BLOCK,Z,0.650887,0.7971383
7/4/2/7/7/6/3/7/5 3 3,Z,1.8750000000000000000000000002,0,BLOCK,Z,0.4697506,0.3858945
7/6/2/7/7/4/3/7/5 3 3,Z,2,0,BLOCK,Z,0.447584,0.7057117
5/6/2/7/7/6/3/7/3 3 3,Z,0.5,22,PLANE,X,1.515064,0.9735161
7/4/2/7/7/6/3/7/3 3 3,Z,1.8750000000000000000000000002,2,BLOCK,Z,0.7351915,0.4498705
7/6/2/7/7/4/3/7/3 3 3,Z,2,0,BLOCK,Z,0.6196429,0.7347267
7/4/2/7/7/6/7/2/7 3 3,Z,1.8750000000000000000000000002,0,BLOCK,Z,0.346748,0.306725
7/6/2/7/7/4/7/2/7 3 3,Z,2,0,BLOCK,Z,0.2958728,0.4423441
7/4/2/7/7/6/7/6/6 3 3,Z,1.7499999999999999999999999998,0,BLOCK,Z,0.42141,0.3417388
7/6/2/7/7/4/7/6/6 3 3,Z,1.7142857142857142857142857142,0,BLOCK,Z,0.5041834,0.565016
7/6/2/7/7/6/7/4/6 3 3,Z,2,2,BLOCK,Z,1.690092,1.059241
7/4/2/7/7/6/7/6/5 3 3,Z,1.7499999999999999999999999998,0,BLOCK,Z,0.5704641,0.4636715
7/6/2/7/7/4/7/6/5 3 3,Z,1.7142857142857142857142857142,0,BLOCK,Z,0.3242896,0.6278057
7/6/2/7/7/6/7/4/5 3 3,Z,2,0,BLOCK,Z,0.3137997,0.5517871
7/4/2/7/7/6/7/6/3 3 3,Z,1.7499999999999999999999999998,0,BLOCK,Z,0.6408258,0.4594991
7/6/2/7/7/4/7/6/3 3 3,Z,1.7142857142857142857142857142,0,BLOCK,Z,0.5379604,0.6680017
7/6/2/7/7/6/7/4/3 3 3,Z,2,0,BLOCK,Z,0.5272502,0.6694841
7/4/2/7/7/6/7/5/6 3 3,Z,1.8750000000000000000000000002,2,BLOCK,Z,0.8011959,0.4238547
7/6/2/7/7/4/7/5/6 3 3,Z,2,0,BLOCK,Z,0.7866788,0.6116878
7/6/2/7/7/6/7/1/6 3 3,Z,-2,0,BLOCK,Z,0.2801965,0.2836869
7/4/2/7/7/6/7/5/5 3 3,Z,1.8750000000000000000000000002,0,BLOCK,Z,0.7184343,0.3070661
7/6/2/7/7/4/7/5/5 3 3,Z,2,0,BLOCK,Z,0.5358912,0.7916426
7/6/2/7/7/6/7/1/5 3 3,Z,-2,0,BLOCK,Z,0.1216463,0.1683867
7/4/2/7/7/6/7/5/3 3 3,Z,1.8750000000000000000000000002,0,BLOCK,Z,0.4935486,0.3288227
7/6/2/7/7/4/7/5/3 3 3,Z,2,0,BLOCK,Z,0.5327699,0.7416672
7/6/2/7/7/6/7/1/3 3 3,Z,-2,2,BLOCK,Z,1.568941,0.981175
7/4/2/7/7/6/7/3/6 3 3,Z,2,2,BLOCK,Z,0.7911925,0.457175
7/6/2/7/7/4/7/3/6 3 3,Z,2.2857142857142857142857142858,0,BLOCK,Z,0.5127907,0.7493733
7/4/2/7/7/6/7/3/5 3 3,Z,2,0,BLOCK,Z,0.6539956,0.4695612
7/2/2/7/7/6/7/3/5 3 3,Z,0.6428571428571428571428571429,302,TIMEOUT,Z,0.009205947,0.005718416
7/6/2/7/7/4/7/3/5 3 3,Z,2.2857142857142857142857142858,2,BLOCK,Z,1.40245,0.8588218
7/4/2/7/7/6/7/3/3 3 3,Z,2,0,BLOCK,Z,0.5396498,0.3955786
7/6/2/7/7/4/7/3/3 3 3,Z,2.2857142857142857142857142858,0,BLOCK,Z,0.423505,0.6482929
7/4/2/7/7/6/7/7/4 3 3,Z,1.8750000000000000000000000002,0,BLOCK,Z,0.6245257,0.3842174
7/6/2/7/7/4/7/7/4 3 3,Z,2,0,BLOCK,Z,0.5821986,0.7776706
7/4/2/7/7/6/7/7/2 3 3,Z,1.8750000000000000000000000002,0,BLOCK,Z,0.6523167,0.4568738
7/6/2/7/7/4/7/7/2 3 3,Z,2,0,BLOCK,Z,0.6679469,0.8321517
7/4/2/7/7/6/7/7/1 3 3,Z,1.8750000000000000000000000002,0,BLOCK,Z,0.5340511,0.440844
7/6/2/7/7/4/7/7/1 3 3,Z,2,0,BLOCK,Z,0.6545951,0.829883
7/4/2/7/7/5/2/7/7 3 3,Z,2,2,BLOCK,Z,0.7426383,0.4220895
7/6/2/7/7/1/2/7/7 3 3,Z,-2,0,BLOCK,Z,0.4272482,0.4091508
7/4/2/7/7/5/6/6/7 3 3,Z,1.8750000000000000000000000002,2,BLOCK,Z,0.7526466,0.4464259
7/6/2/7/7/1/6/6/7 3 3,Z,-2.2857142857142857142857142858,0,BLOCK,Z,0.2777109,0.3774029
7/6/2/7/7/5/4/6/7 3 3,X,2,0,BLOCK,X,0.6259677,0.6231405
7/6/2/7/7/5/6/4/7 3 3,Z,2,0,BLOCK,Z,0.09577344,0.3526293
7/4/2/7/7/5/6/5/7 3 3,Z,2,2,BLOCK,Z,0.8137283,0.476519
7/6/2/7/7/1/6/5/7 3 3,Z,-2,0,BLOCK,Z,0.5554609,0.4635386
7/6/2/7/7/5/4/5/7 3 3,X,2,0,BLOCK,X,0.2488325,0.5557457
7/6/2/7/7/5/6/1/7 3 3,Z,-2,0,BLOCK,Z,0.17011,0.2268394
7/4/2/7/7/5/6/3/7 3 3,Z,2.1249999999999999999999999998,0,BLOCK,Z,0.6105227,0.4968395
7/6/2/7/7/1/6/3/7 3 3,Z,-1.7142857142857142857142857142,0,BLOCK,Z,0.3728994,0.448084
7/6/2/7/7/5/4/3/7 3 3,X,2,0,BLOCK,X,1.236463,0.8230926
6/6/2/7/7/5/6/7/6 3 3,Z,0.5,302,TIMEOUT,Z,0.1319587,0.07342038
7/4/2/7/7/5/6/7/6 3 3,Z,2,0,BLOCK,Z,0.7570187,0.4555565
7/6/2/7/7/1/6/7/6 3 3,Z,-2,0,BLOCK,Z,0.4989375,0.5264112
7/6/2/7/7/5/4/7/6 3 3,X,1.6,0,BLOCK,X,0.27604,0.4703574
7/4/2/7/7/5/6/7/5 3 3,Z,2,2,BLOCK,Z,0.8038909,0.5144048
7/6/2/7/7/1/6/7/5 3 3,Z,-2,2,BLOCK,Z,1.329831,0.8865495
7/6/2/7/7/5/4/7/5 3 3,X,2,0,BLOCK,X,0.5802351,0.5796188
7/4/2/7/7/5/6/7/3 3 3,Z,2,2,BLOCK,Z,0.7391537,0.4196929
7/6/2/7/7/1/6/7/3 3 3,Z,-2,0,BLOCK,Z,0.3665564,0.3823269
7/6/2/7/7/5/4/7/3 3 3,X,2.4,0,BLOCK,X,0.4075647,0.6499506
7/4/2/7/7/5/5/6/7 3 3,Z,1.8750000000000000000000000002,0,BLOCK,Z,0.6603521,0.4187247
7/6/2/7/7/1/5/6/7 3 3,Z,-2.2857142857142857142857142858,0,BLOCK,Z,0.3207037,0.4511221
7/6/2/7/7/5/1/6/7 3 3,X,-2,0,BLOCK,X,1.097418,0.6624254
7/6/2/7/7/5/5/4/7 3 3,Z,2,2,BLOCK,Z,1.604877,1.025849
7/4/2/7/7/5/5/5/7 3 3,Z,2,0,BLOCK,Z,0.5768348,0.446852
7/6/2/7/7/1/5/5/7 3 3,Z,-2,0,BLOCK,Z,0.5242979,0.4267328
7/6/2/7/7/5/1/5/7 3 3,X,-2,2,BLOCK,X,1.42012,0.829141
7/6/2/7/7/5/5/1/7 3 3,Z,-2,0,BLOCK,Z,0.1563801,0.2565829
7/4/2/7/7/5/5/3/7 3 3,Z,2.1249999999999999999999999998,2,BLOCK,Z,0.7335505,0.459472
7/6/2/7/7/1/5/3/7 3 3,Z,-1.7142857142857142857142857142,0,BLOCK,Z,0.3924875,0.5616888
7/6/2/7/7/5/1/3/7 3 3,X,-2,2,BLOCK,X,1.367678,1.088192
7/4/2/7/7/5/5/7/6 3 3,Z,2,2,BLOCK,Z,0.7663757,0.4199961
7/6/2/7/7/1/5/7/6 3 3,Z,-2,0,BLOCK,Z,0.5215368,0.4445807
7/6/2/7/7/5/1/7/6 3 3,X,-2.4,0,BLOCK,X,0.6599674,0.6043485
7/4/2/7/7/5/5/7/5 3 3,Z,2,2,BLOCK,Z,0.7277477,0.4138265
7/6/2/7/7/1/5/7/5 3 3,Z,-2,2,BLOCK,Z,1.255351,0.9476697
7/6/2/7/7/5/1/7/5 3 3,X,-2,0,BLOCK,X,0.4798014,0.441948
7/4/2/7/7/5/5/7/3 3 3,Z,2,0,BLOCK,Z,0.6194574,0.478735
7/6/2/7/7/1/5/7/3 3 3,Z,-2,2,BLOCK,Z,1.239351,0.9139946
7/6/2/7/7/5/1/7/3 3 3,X,-1.6,0,BLOCK,X,0.4608943,0.4667914
7/4/2/7/7/5/3/6/7 3 3,Z,1.8750000000000000000000000002,2,BLOCK,Z,0.735267,0.3969318
7/6/2/7/7/1/3/6/7 3 3,Z,-2.2857142857142857142857142858,2,BLOCK,Z,1.517378,1.013677
7/6/2/7/7/5/3/4/7 3 3,Z,2,0,BLOCK,Z,1.675352,1.076316
7/4/2/7/7/5/3/5/7 3 3,Z,2,0,BLOCK,Z,0.6224849,0.4414835
7/6/2/7/7/1/3/5/7 3 3,Z,-2,0,BLOCK,Z,0.5298454,0.475126
7/6/2/7/7/5/3/1/7 3 3,Z,-2,0,BLOCK,Z,0.1179877,0.295915
7/4/2/7/7/5/3/3/7 3 3,Z,2.1249999999999999999999999998,0,BLOCK,Z,0.6674805,0.4973674
7/6/2/7/7/1/3/3/7 3 3,Z,-1.7142857142857142857142857142,0,BLOCK,Z,0.2466223,0.4828947
7/4/2/7/7/5/3/7/6 3 3,Z,2,0,BLOCK,Z,0.6107008,0.4698943
7/6/2/7/7/1/3/7/6 3 3,Z,-2,0,BLOCK,Z,0.442165,0.3537776
7/4/2/7/7/5/3/7/5 3 3,Z,2,2,BLOCK,Z,0.7490688,0.4319304
7/6/2/7/3/5/3/7/5 3 3,Z,0.5,302,TIMEOUT,Z,0.08073728,0.04312633
7/6/2/7/7/1/3/7/5 3 3,Z,-2,0,BLOCK,Z,0.5177919,0.4650222
7/4/2/7/7/5/3/7/3 3 3,Z,2,2,BLOCK,Z,0.6911199,0.460269
7/6/2/7/7/1/3/7/3 3 3,Z,-2,0,BLOCK,Z,0.7103374,0.6698356
7/6/2/7/7/5/3/3/3 3 3,Z,0.5666666666666666666666666666,302,TIMEOUT,Z,0.02071861,0.01040626
7/4/2/7/7/5/7/2/7 3 3,Z,2,0,BLOCK,Z,0.5049576,0.4220494
7/6/2/7/7/1/7/2/7 3 3,Z,-2,0,BLOCK,Z,0.06510305,0.4418345
7/4/2/7/7/5/7/6/6 3 3,Z,1.8750000000000000000000000002,2,BLOCK,Z,0.751676,0.4944875
7/6/2/7/7/1/7/6/6 3 3,Z,-2.2857142857142857142857142858,0,BLOCK,Z,0.1407381,0.2763502
7/6/2/7/7/5/7/4/6 3 3,Z,2,0,BLOCK,Z,0.4069694,0.6011078
7/4/2/7/7/5/7/6/5 3 3,Z,1.8750000000000000000000000002,2,BLOCK,Z,0.7558476,0.4192846
7/6/2/7/7/1/7/6/5 3 3,Z,-2.2857142857142857142857142858,0,BLOCK,Z,0.2790304,0.3200374
7/6/2/7/7/5/7/4/5 3 3,Z,2,2,BLOCK,Z,1.585635,1.013669
7/4/2/7/7/5/7/6/3 3 3,Z,1.8750000000000000000000000002,0,BLOCK,Z,0.4565718,0.3317925
7/2/2/7/7/5/7/6/3 3 3,Z,0.5,302,TIMEOUT,Z,0.01401369,0.005939425
7/6/2/7/7/1/7/6/3 3 3,Z,-2.2857142857142857142857142858,0,BLOCK,Z,0.2869642,0.3493677
7/6/2/7/7/5/7/4/3 3 3,Z,2,0,BLOCK,Z,0.07237352,0.2951835
7/4/2/7/7/5/7/5/6 3 3,Z,2,0,BLOCK,Z,0.5629047,0.382758
7/6/2/7/7/1/7/5/6 3 3,Z,-2,2,BLOCK,Z,1.236125,0.8531569
7/6/2/7/7/5/7/1/6 3 3,Z,-2,0,BLOCK,Z,0.06888051,0.2121179
7/4/2/7/7/5/7/5/5 3 3,Z,2,0,BLOCK,Z,0.5730374,0.4228182
7/2/2/7/7/5/7/5/5 3 3,X,0,302,TIMEOUT,Z,0.02407247,0.01019321
7/6/2/7/7/1/7/5/5 3 3,Z,-2,0,BLOCK,Z,0.4251509,0.4377644
7/6/2/7/7/5/7/1/5 3 3,Z,-2,0,BLOCK,Z,0.05052193,0.22279
7/4/2/7/7/5/7/5/3 3 3,Z,2,2,BLOCK,Z,0.6981993,0.4402234
7/6/2/7/7/1/7/5/3 3 3,Z,-2,0,BLOCK,Z,0.3344496,0.4515775
7/6/2/7/7/5/7/1/3 3 3,Z,-2,0,BLOCK,Z,0.3595665,0.4617579
7/4/2/7/7/5/7/3/6 3 3,Z,2.1249999999999999999999999998,2,BLOCK,Z,0.7802158,0.4740131
7/6/2/7/7/1/7/3/6 3 3,Z,-1.7142857142857142857142857142,0,BLOCK,Z,0.1037018,0.4144693
7/4/2/7/7/5/7/3/5 3 3,Z,2.1249999999999999999999999998,2,BLOCK,Z,0.746226,0.4735215
7/6/2/7/7/1/7/3/5 3 3,Z,-1.7142857142857142857142857142,2,BLOCK,Z,1.178031,0.9205645
7/4/2/7/7/5/7/3/3 3 3,Z,2.1249999999999999999999999998,0,BLOCK,Z,0.6053418,0.435533
7/6/2/3/7/5/7/3/3 3 3,Z,0.6333333333333333333333333333,302,TIMEOUT,Z,0.04048612,0.01872581
7/6/2/7/7/1/7/3/3 3 3,Z,-1.7142857142857142857142857142,0,BLOCK,Z,0.2188211,0.2340188
7/4/2/7/7/5/7/7/4 3 3,Z,2,0,BLOCK,Z,0.6209558,0.3974219
7/6/2/7/7/1/7/7/4 3 3,Z,-2,0,BLOCK,Z,0.4890779,0.4801713
7/4/2/7/7/5/7/7/2 3 3,Z,2,2,BLOCK,Z,0.8855901,0.4327965
7/2/2/7/7/5/7/7/2 3 3,X,0,302,TIMEOUT,Z,0.01342926,0.009294388
7/6/2/7/7/1/7/7/2 3 3,Z,-2,2,BLOCK,Z,1.351637,0.9339738
7/4/2/7/7/5/7/7/1 3 3,Z,2,2,BLOCK,Z,0.8584308,0.4033678
7/6/2/7/7/1/7/7/1 3 3,Z,-2,2,BLOCK,Z,1.320156,0.9517242
7/4/2/7/7/3/2/7/7 3 3,Z,2.1249999999999999999999999998,2,BLOCK,Z,0.921304,0.6735224
7/4/2/7/7/3/6/6/7 3 3,Z,2,0,BLOCK,Z,0.3998242,0.5456815
7/6/2/7/7/3/4/6/7 3 3,X,2,2,BLOCK,X,1.423485,0.9209496
7/6/2/7/7/3/6/4/7 3 3,Z,2,0,BLOCK,Z,0.7864216,0.722754
7/4/2/7/7/3/6/5/7 3 3,Z,2.1249999999999999999999999998,0,BLOCK,Z,0.4760516,0.4262951
7/6/2/7/7/3/4/5/7 3 3,X,2,0,BLOCK,X,0.3427383,0.5940115
7/6/2/7/7/3/6/1/7 3 3,Z,-2,0,BLOCK,Z,0.3106811,0.2147821
7/4/2/7/7/3/6/3/7 3 3,Z,2.2500000000000000000000000002,0,BLOCK,Z,0.5061076,0.3693349
7/6/2/7/7/3/4/3/7 3 3,X,2,0,BLOCK,X,0.3171354,0.3627203
7/4/2/7/7/3/6/7/6 3 3,Z,2.1249999999999999999999999998,2,BLOCK,Z,0.8880278,0.5443468
7/6/2/7/7/3/4/7/6 3 3,X,1.6,2,BLOCK,X,1.327895,0.8970872
7/4/2/7/7/3/6/7/5 3 3,Z,2.1249999999999999999999999998,2,BLOCK,Z,0.875073,0.5734596
7/6/2/7/7/3/4/7/5 3 3,X,2,0,BLOCK,X,0.3211227,0.4427701
7/4/2/7/7/3/6/7/3 3 3,Z,2.1249999999999999999999999998,0,BLOCK,Z,0.3266667,0.4308037
7/6/2/7/7/3/4/7/3 3 3,X,2.4,0,BLOCK,X,0.5904084,0.6191959
7/4/2/7/7/3/5/6/7 3 3,Z,2,2,BLOCK,Z,0.9700859,0.5954186
7/6/2/7/7/3/1/6/7 3 3,X,-2,0,BLOCK,X,0.7949908,0.5914334
7/6/2/7/7/3/5/4/7 3 3,Z,2,0,BLOCK,Z,0.6256125,0.6431684
7/4/2/7/7/3/5/5/7 3 3,Z,2.1249999999999999999999999998,2,BLOCK,Z,0.8793133,0.5846341
7/2/2/7/7/3/5/5/7 3 3,Z,-0.5,302,TIMEOUT,Z,0.006418587,0.002296611
7/6/2/7/7/3/1/5/7 3 3,X,-2,0,BLOCK,X,1.4087,1.062816
7/6/2/7/7/3/5/1/7 3 3,Z,-2,0,BLOCK,Z,0.2165797,0.2796304
7/4/2/7/7/3/5/3/7 3 3,Z,2.2500000000000000000000000002,0,BLOCK,Z,0.3915169,0.505006
7/6/2/7/7/3/1/3/7 3 3,X,-2,0,BLOCK,X,0.2753323,0.484001
7/4/2/7/7/3/5/7/6 3 3,Z,2.1249999999999999999999999998,0,BLOCK,Z,0.5947656,0.4537953
7/6/2/7/7/3/1/7/6 3 3,X,-2.4,0,BLOCK,X,0.4783496,0.6938146
7/4/2/7/7/3/5/7/5 3 3,Z,2.1249999999999999999999999998,0,BLOCK,Z,0.2903855,0.2619667
7/6/2/3/7/3/5/7/5 3 3,Z,0.6333333333333333333333333333,302,TIMEOUT,Z,0.009372815,0.003630173
7/6/2/7/7/3/1/7/5 3 3,X,-2,0,BLOCK,X,0.234503,0.324629
7/4/2/7/7/3/5/7/3 3 3,Z,2.1249999999999999999999999998,2,BLOCK,Z,0.8913514,0.5805404
7/6/2/7/7/3/1/7/3 3 3,X,-1.6,2,BLOCK,X,1.279202,1.015933
7/4/2/3/7/3/3/7/7 3 3,Z,2.25,0,BLOCK,Z,0.6638176,0.3435426
7/6/2/3/7/3/3/3/7 3 3,Z,0.7,200,BLOCK,Z,0.7408412,0.4511337
7/4/2/7/7/3/3/6/7 3 3,Z,2,2,BLOCK,Z,1.063557,0.5686093
7/6/2/7/7/3/3/4/7 3 3,Z,2,0,BLOCK,Z,1.085864,0.7583875
7/4/2/7/7/3/3/5/7 3 3,Z,2.1249999999999999999999999998,0,BLOCK,Z,0.6333603,0.5158586
7/6/2/3/7/3/3/5/7 3 3,Z,0.6333333333333333333333333333,302,TIMEOUT,Z,0.01026744,0.007909677
7/6/2/7/7/3/3/1/7 3 3,Z,-2,0,BLOCK,Z,1.693933,1.0576
7/4/2/7/7/3/3/3/7 3 3,Z,2.2500000000000000000000000002,2,BLOCK,Z,0.7933622,0.5499851
7/6/2/6/7/3/3/3/7 3 3,Z,0.6666666666666666666666666667,16,BLOCK,Z,0.9359579,0.5386202
7/6/2/7/7/3/3/3/3 3 3,Z,0.6333333333333333333333333333,12,BLOCK,Z,0.7899778,0.5020566
7/4/2/7/7/3/3/7/6 3 3,Z,2.1249999999999999999999999998,2,BLOCK,Z,0.8567511,0.574903
7/4/2/7/7/3/3/7/5 3 3,Z,2.1249999999999999999999999998,0,BLOCK,Z,0.6485965,0.5508925
7/4/2/7/7/3/3/7/3 3 3,Z,2.1249999999999999999999999998,2,BLOCK,Z,0.8152562,0.5189452
7/4/2/7/7/3/7/2/7 3 3,Z,2.1249999999999999999999999998,2,BLOCK,Z,0.8881142,0.6238528
7/4/2/7/7/3/7/6/6 3 3,Z,2,0,BLOCK,Z,0.7816224,0.6563074
7/6/2/7/7/3/7/4/6 3 3,Z,2,0,BLOCK,Z,0.8288775,0.8274687
7/4/2/7/7/3/7/6/5 3 3,Z,2,0,BLOCK,Z,0.7136377,0.5830403
7/6/2/7/7/3/7/4/5 3 3,Z,2,0,BLOCK,Z,0.5459299,0.6920698
7/4/2/7/7/3/7/6/3 3 3,Z,2,0,BLOCK,Z,0.6182663,0.6712816
7/6/2/7/7/3/7/4/3 3 3,Z,2,0,BLOCK,Z,0.6342781,0.8245831
7/4/2/7/7/3/7/5/6 3 3,Z,2.1249999999999999999999999998,2,BLOCK,Z,0.8712522,0.5641848
7/6/2/7/7/3/7/1/6 3 3,Z,-2,2,BLOCK,Z,1.590758,0.994433
7/4/2/7/7/3/7/5/5 3 3,Z,2.1249999999999999999999999998,0,BLOCK,Z,0.7486759,0.5428025
7/6/2/7/7/3/7/1/5 3 3,Z,-2,2,BLOCK,Z,1.603303,1.027541
7/4/2/7/7/3/7/5/3 3 3,Z,2.1249999999999999999999999998,0,BLOCK,Z,0.2571301,0.3152438
7/6/2/7/3/3/7/5/3 3 3,Z,0.5666666666666666666666666666,302,TIMEOUT,Z,0.03607194,0.02117228
7/6/2/7/7/3/7/1/3 3 3,Z,-2,0,BLOCK,Z,0.2290979,0.2188571
7/4/2/7/7/3/7/3/6 3 3,Z,2.2500000000000000000000000002,2,BLOCK,Z,0.818052,0.4964733
7/4/2/7/7/3/7/3/5 3 3,Z,2.2500000000000000000000000002,2,BLOCK,Z,0.8538654,0.6048788
7/4/2/7/7/3/7/3/3 3 3,Z,2.2500000000000000000000000002,0,BLOCK,Z,0.5655665,0.5182276
7/6/2/5/7/3/7/3/3 3 3,Z,0.6333333333333333333333333334,302,TIMEOUT,Z,0.1107284,0.06440488
7/4/2/7/7/3/7/7/4 3 3,Z,2.1249999999999999999999999998,0,BLOCK,Z,0.4851236,0.4291869
7/4/2/7/7/3/7/7/2 3 3,Z,2.1249999999999999999999999998,0,BLOCK,Z,0.2334597,0.2944832
7/6/2/3/7/3/7/7/2 3 3,Z,0.6333333333333333333333333333,302,TIMEOUT,Z,0.09538914,0.05445266
7/4/2/7/7/3/7/7/1 3 3,Z,2.1249999999999999999999999998,0,BLOCK,Z,0.5368265,0.5861763
7/6/2/3/7/3/7/7/1 3 3,Z,0.6333333333333333333333333333,20,BLOCK,Z,0.7636057,0.4799192
7/6/2/7/3/3/7/7/1 3 3,Z,0.5666666666666666666666666666,302,TIMEOUT,Z,0.009307107,0.006660479
7/4/2/7/7/7/2/6/7 3 3,Z,1.8750000000000000000000000002,0,BLOCK,Z,0.4575624,0.2779206
7/6/2/7/7/7/2/4/7 3 3,Z,2,0,BLOCK,Z,1.687497,1.129229
7/4/2/7/7/7/2/5/7 3 3,Z,2,0,BLOCK,Z,0.4431615,0.2894888
7/6/2/7/7/7/2/1/7 3 3,Z,-2,0,BLOCK,Z,0.1775307,0.2377237
7/4/2/7/7/7/2/3/7 3 3,Z,2.1249999999999999999999999998,0,BLOCK,Z,0.5223523,0.3829272
7/4/2/7/7/7/2/7/6 3 3,Z,2,0,BLOCK,Z,0.7675352,0.4386733
7/4/2/7/7/7/2/7/5 3 3,Z,2,0,BLOCK,Z,0.6261936,0.4384055
7/4/2/7/7/7/2/7/3 3 3,Z,2,0,BLOCK,Z,0.6014778,0.4145221
7/4/2/7/7/7/6/2/7 3 3,Z,2,0,BLOCK,Z,0.5533845,0.3705093
7/6/2/7/7/7/4/2/7 3 3,X,2,0,BLOCK,X,0.3464862,0.5087637
7/4/2/7/7/7/6/6/6 3 3,Z,1.8750000000000000000000000002,2,BLOCK,Z,0.7921149,0.4607744
7/6/2/7/7/7/4/6/6 3 3,X,1.5,2,BLOCK,X,1.221,0.796324
7/6/2/7/7/7/6/4/6 3 3,Z,2,0,BLOCK,Z,0.3558827,0.5049519
7/4/2/7/7/7/6/6/5 3 3,Z,1.8750000000000000000000000002,2,BLOCK,Z,0.7031316,0.4603628
7/6/2/7/7/7/4/6/5 3 3,X,2,0,BLOCK,X,0.3270233,0.3334281
7/6/2/7/7/7/6/4/5 3 3,Z,2,0,BLOCK,Z,0.1685012,0.3451557
7/4/2/7/7/7/6/6/3 3 3,Z,1.8750000000000000000000000002,0,BLOCK,Z,0.6811469,0.4695171
7/6/2/7/7/7/4/6/3 3 3,X,2.5,2,BLOCK,X,1.611623,0.9144492
7/6/2/7/7/7/6/4/3 3 3,Z,2,0,BLOCK,Z,0.01315137,0.2193668
7/4/2/7/7/7/6/5/6 3 3,Z,2,0,BLOCK,Z,0.6632431,0.3664404
7/6/2/7/7/7/4/5/6 3 3,X,1.5,0,BLOCK,X,0.4205598,0.4668672
7/6/2/7/7/7/6/1/6 3 3,Z,-2,0,BLOCK,Z,0.1499163,0.311057
7/4/2/7/7/7/6/5/5 3 3,Z,2,2,BLOCK,Z,0.7794627,0.5074816
7/6/2/7/7/7/4/5/5 3 3,X,2,0,BLOCK,X,1.443334,0.8937283
7/6/2/7/7/7/6/1/5 3 3,Z,-2,0,BLOCK,Z,0.05944553,0.329639
7/4/2/7/7/7/6/5/3 3 3,Z,2,2,BLOCK,Z,0.7417139,0.4699537
7/6/2/7/7/7/4/5/3 3 3,X,2.5,0,BLOCK,X,0.342085,0.5699584
7/6/2/7/7/7/6/1/3 3 3,Z,-2,0,BLOCK,Z,0.1071646,0.2886868
7/4/2/7/7/7/6/3/6 3 3,Z,2.1249999999999999999999999998,2,BLOCK,Z,0.833838,0.4800926
7/6/2/3/7/7/6/3/6 3 3,Z,0.6333333333333333333333333333,302,TIMEOUT,Z,0.03775538,0.02546488
7/6/2/7/7/7/4/3/6 3 3,X,1.5,0,BLOCK,X,0.1236385,0.2505575
7/4/2/7/7/7/6/3/5 3 3,Z,2.1249999999999999999999999998,0,BLOCK,Z,0.7376031,0.519286
7/6/2/7/7/7/4/3/5 3 3,X,2,0,BLOCK,X,0.5511693,0.5934563
7/4/2/7/7/7/6/3/3 3 3,Z,2.1249999999999999999999999998,2,BLOCK,Z,0.812784,0.477144
7/6/2/7/7/7/4/3/3 3 3,X,2.5,0,BLOCK,X,0.3013642,0.5329858
7/4/2/7/7/7/6/7/4 3 3,Z,2,2,BLOCK,Z,0.8357629,0.5145259
7/6/2/7/7/7/4/7/4 3 3,X,1.5,0,BLOCK,X,0.3029444,0.3870908
7/4/2/7/7/7/6/7/2 3 3,Z,2,2,BLOCK,Z,0.7605908,0.4042062
7/6/2/7/7/7/4/7/2 3 3,X,2,0,BLOCK,X,0.2401485,0.4116997
7/4/2/7/7/7/6/7/1 3 3,Z,2,0,BLOCK,Z,0.9042743,0.4956397
7/6/2/7/7/7/4/7/1 3 3,X,2.5,0,BLOCK,X,0.09067771,0.3021339
7/4/2/7/7/7/5/2/7 3 3,Z,2,0,BLOCK,Z,0.3241719,0.363355
7/6/2/7/7/7/1/2/7 3 3,X,-2,0,BLOCK,X,0.1938863,0.4288269
7/4/2/7/7/7/5/6/6 3 3,Z,1.8750000000000000000000000002,0,BLOCK,Z,0.408951,0.2185495
7/2/2/7/7/7/5/6/6 3 3,Z,0.5,302,TIMEOUT,Z,0.008328122,0.005510648
7/6/2/7/7/7/1/6/6 3 3,X,-2.5,0,BLOCK,X,0.5229551,0.5498759
7/6/2/7/7/7/5/4/6 3 3,Z,2,0,BLOCK,Z,0.07319614,0.2770014
7/4/2/7/7/7/5/6/5 3 3,Z,1.8750000000000000000000000002,0,BLOCK,Z,0.5600291,0.4593611
7/6/2/7/7/7/1/6/5 3 3,X,-2,0,BLOCK,X,0.3870158,0.2595631
7/6/2/7/7/7/5/4/5 3 3,Z,2,0,BLOCK,Z,0.3005136,0.4153156
7/4/2/7/7/7/5/6/3 3 3,Z,1.8750000000000000000000000002,0,BLOCK,Z,0.470823,0.4025355
7/6/2/7/7/7/1/6/3 3 3,X,-1.5,0,BLOCK,X,0.1830939,0.1742339
7/6/2/7/7/7/5/4/3 3 3,Z,2,0,BLOCK,Z,0.9936158,0.631523
7/4/2/7/7/7/5/5/6 3 3,Z,2,0,BLOCK,Z,0.6601158,0.4347861
7/6/2/7/7/7/1/5/6 3 3,X,-2.5,0,BLOCK,X,0.5713004,0.5677346
7/6/2/7/7/7/5/1/6 3 3,Z,-2,0,BLOCK,Z,0.1098762,0.3365439
7/4/2/7/7/7/5/5/5 3 3,Z,2,0,BLOCK,Z,0.5926636,0.4403959
7/6/2/7/7/7/1/5/5 3 3,X,-2,0,BLOCK,X,0.2780045,0.3607082
7/6/2/7/7/7/5/1/5 3 3,Z,-2,0,BLOCK,Z,0.07093743,0.1561228
7/4/2/7/7/7/5/5/3 3 3,Z,2,0,BLOCK,Z,0.5621336,0.3972748
7/6/2/7/7/7/1/5/3 3 3,X,-1.5,2,BLOCK,X,1.219391,0.7399294
7/6/2/7/7/7/5/1/3 3 3,Z,-2,0,BLOCK,Z,0.2430053,0.2934653
7/4/2/7/7/7/5/3/6 3 3,Z,2.1249999999999999999999999998,0,BLOCK,Z,0.7241228,0.5214944
7/6/2/7/7/7/1/3/6 3 3,X,-2.5,0,BLOCK,X,0.6685596,0.6516597
7/4/2/7/7/7/5/3/5 3 3,Z,2.1249999999999999999999999998,0,BLOCK,Z,0.5932598,0.466241
7/6/2/7/7/7/1/3/5 3 3,X,-2,2,BLOCK,X,1.318151,0.9422305
7/4/2/7/7/7/5/3/3 3 3,Z,2.1249999999999999999999999998,0,BLOCK,Z,0.6779326,0.4873827
7/6/2/7/7/7/1/3/3 3 3,X,-1.5,0,BLOCK,X,0.1575927,0.3269913
7/4/2/7/7/7/5/7/4 3 3,Z,2,0,BLOCK,Z,0.5523663,0.4127515
7/2/2/7/7/7/5/7/4 3 3,X,-0.1666666666666666666666666667,302,TIMEOUT,Z,0.005781616,0.005322564
7/6/2/7/7/7/1/7/4 3 3,X,-2.5,0,BLOCK,X,0.2021606,0.3052832
7/4/2/7/7/7/5/7/2 3 3,Z,2,2,BLOCK,Z,0.8066534,0.5234594
7/6/2/7/7/7/1/7/2 3 3,X,-2,0,BLOCK,X,0.2175151,0.4263125
7/4/2/7/7/7/5/7/1 3 3,Z,2,2,BLOCK,Z,0.7636858,0.4444758
7/6/2/7/7/7/1/7/1 3 3,X,-1.5,0,BLOCK,X,0.4260279,0.3602181
7/4/2/7/7/7/3/2/7 3 3,Z,2,2,BLOCK,Z,0.7406043,0.3924412
7/4/2/7/7/7/3/6/6 3 3,Z,1.8750000000000000000000000002,0,BLOCK,Z,0.5851132,0.4663317
7/6/2/7/7/7/3/4/6 3 3,Z,2,2,BLOCK,Z,1.674639,1.057271
7/4/2/7/7/7/3/6/5 3 3,Z,1.8750000000000000000000000002,2,BLOCK,Z,0.8415853,0.4408081
7/6/2/7/7/7/3/4/5 3 3,Z,2,0,BLOCK,Z,0.9859035,0.5918258
7/4/2/7/7/7/3/6/3 3 3,Z,1.8750000000000000000000000002,0,BLOCK,Z,0.547343,0.3085315
7/6/2/7/7/7/3/4/3 3 3,Z,2,0,BLOCK,Z,0.1009634,0.3305916
7/4/2/7/7/7/3/5/6 3 3,Z,2,0,BLOCK,Z,0.7072318,0.4763307
7/6/2/7/7/7/3/1/6 3 3,Z,-2,2,BLOCK,Z,1.589988,0.9624485
7/4/2/7/7/7/3/5/5 3 3,Z,2,0,BLOCK,Z,0.6780946,0.4985191
7/6/2/7/7/7/3/1/5 3 3,Z,-2,0,BLOCK,Z,1.516557,1.051402
7/4/2/7/7/7/3/5/3 3 3,Z,2,2,BLOCK,Z,0.814301,0.4349625
7/6/2/7/7/3/3/5/3 3 3,Z,0.5666666666666666666666666666,302,TIMEOUT,Z,0.04229734,0.01981747
7/6/2/7/7/7/3/1/3 3 3,Z,-2,0,BLOCK,Z,0.1116469,0.2468212
7/4/2/7/7/7/3/3/6 3 3,Z,2.1249999999999999999999999998,0,BLOCK,Z,0.6693336,0.4332095
7/4/2/7/7/7/3/3/5 3 3,Z,2.1249999999999999999999999998,0,BLOCK,Z,0.6830199,0.4555024
7/6/2/7/7/7/3/3/1 3 3,Z,0.5666666666666666666666666666,302,TIMEOUT,Z,0.01080015,0.008987919
7/4/2/7/7/7/3/7/4 3 3,Z,2,0,BLOCK,Z,0.3869653,0.3499418
7/4/2/7/7/7/3/7/2 3 3,Z,2,2,BLOCK,Z,0.7727697,0.4441968
7/4/2/7/7/7/3/7/1 3 3,Z,2,0,BLOCK,Z,0.720051,0.4319736
7/4/2/7/7/7/3/3/3 3 3,Z,2.1249999999999999999999999998,0,BLOCK,Z,0.3627905,0.3754674
7/6/2/6/7/7/3/3/3 3 3,Z,0.5833333333333333333333333333,12,BLOCK,Z,0.8557698,0.4931776
7/4/2/7/7/7/7/2/6 3 3,Z,2,2,BLOCK,Z,0.8304375,0.4978297
7/4/2/7/7/7/7/2/5 3 3,Z,2,2,BLOCK,Z,0.8899327,0.4200034
7/4/2/7/7/7/7/2/3 3 3,Z,2,0,BLOCK,Z,0.5227951,0.3915604
7/4/2/7/7/7/7/6/4 3 3,Z,1.8750000000000000000000000002,0,BLOCK,Z,0.7337086,0.4809685
7/6/2/7/7/7/7/4/4 3 3,Z,2,0,BLOCK,Z,0.1068297,0.3224215
7/4/2/7/7/7/7/6/2 3 3,Z,1.8750000000000000000000000002,2,BLOCK,Z,0.8079643,0.4991765
7/6/2/7/7/7/7/4/2 3 3,Z,2,0,BLOCK,Z,0.1992065,0.4247216
7/4/2/7/7/7/7/6/1 3 3,Z,1.8750000000000000000000000002,2,BLOCK,Z,0.7501562,0.5278999
7/6/2/7/7/7/7/4/1 3 3,Z,2,0,BLOCK,Z,0.1386292,0.269238
7/4/2/7/7/7/7/5/4 3 3,Z,2,0,BLOCK,Z,0.5132168,0.4264353
7/6/2/7/7/7/7/1/4 3 3,Z,-2,0,BLOCK,Z,0.3906381,0.4130577
7/4/2/7/7/7/7/5/2 3 3,Z,2,0,BLOCK,Z,0.5986878,0.5243313
7/6/2/7/7/7/7/1/2 3 3,Z,-2,0,BLOCK,Z,0.05067525,0.2874584
7/4/2/7/7/7/7/5/1 3 3,Z,2,0,BLOCK,Z,0.7272492,0.5181529
7/6/2/7/7/7/7/1/1 3 3,Z,-2,0,BLOCK,Z,0.1301923,0.2098252
7/4/2/7/7/7/7/3/4 3 3,Z,2.1249999999999999999999999998,2,BLOCK,Z,0.8607903,0.4843428
7/4/2/7/7/7/7/3/2 3 3,Z,2.1249999999999999999999999998,2,BLOCK,Z,0.8384719,0.5118228
7/4/2/7/7/7/7/3/1 3 3,Z,2.1249999999999999999999999998,0,BLOCK,Z,0.3357258,0.3645768
7/4/6/2/5/6/7/7/7 3 3,Z,1.875,0,BLOCK,Z,0.2663094,0.3774981
7/2/6/2/5/6/7/7/7 3 3,X,0.5,302,TIMEOUT,Z,0.005846027,0.003885979
7/6/4/2/5/6/7/7/7 3 3,X,2,0,BLOCK,X,0.653551,0.4565302
7/6/6/2/4/6/7/7/7 3 3,X,2,0,BLOCK,X,0.755017,0.3967795
7/6/6/2/1/6/7/7/7 3 3,X,-2,0,BLOCK,X,0.780259,0.988726
7/6/6/2/5/4/7/7/7 3 3,Z,2,0,BLOCK,Z,0.7766744,0.5855153
7/6/6/2/5/6/3/7/7 3 3,X,0.5769230769230769230769230769,302,TIMEOUT,Z,0.02273988,0.008355213
7/4/6/2/5/5/7/7/7 3 3,Z,2,0,BLOCK,Z,0.8858183,0.3960705
7/6/4/2/5/5/7/7/7 3 3,X,2,0,BLOCK,X,0.6709935,0.4309507
7/6/6/2/4/5/7/7/7 3 3,X,2,0,BLOCK,X,0.5988037,0.4150284
7/6/6/2/1/5/7/7/7 3 3,X,-2,0,BLOCK,X,1.093166,1.291934
7/6/6/2/5/1/7/7/7 3 3,Z,-2,2,BLOCK,Z,1.354502,1.064028
7/4/6/2/5/3/7/7/7 3 3,Z,2.125,2,BLOCK,Z,1.384567,0.8366398
7/6/4/2/5/3/7/7/7 3 3,X,2,0,BLOCK,X,0.6201519,0.498361
7/6/6/2/4/3/7/7/7 3 3,X,2,0,BLOCK,X,0.6538826,0.6213543
7/6/6/2/1/3/7/7/7 3 3,X,-2,0,BLOCK,X,0.6109649,0.9655477
7/6/6/2/5/3/7/3/7 3 3,Z,0.6333333333333333333333333334,302,TIMEOUT,Z,0.02962873,0.0191812
7/4/6/2/5/7/6/7/7 3 3,Z,2,0,BLOCK,Z,0.2333393,0.2523154
7/6/4/2/5/7/6/7/7 3 3,X,1.8571428571428571428571428572,2,BLOCK,X,0.7695108,0.5220864
7/6/6/2/4/7/6/7/7 3 3,X,1.8181818181818181818181818182,0,BLOCK,X,0.4083082,0.3816806
7/6/6/2/1/7/6/7/7 3 3,X,-2.1818181818181818181818181818,0,BLOCK,X,1.23316,1.073374
7/6/6/2/5/7/4/7/7 3 3,X,2,0,BLOCK,X,0.3877475,0.715052
7/4/6/2/5/7/5/7/7 3 3,Z,2,0,BLOCK,Z,0.2452589,0.2315968
7/6/4/2/5/7/5/7/7 3 3,X,2,2,BLOCK,X,0.8021364,0.5347738
7/6/6/2/4/7/5/7/7 3 3,X,2,0,BLOCK,X,0.5824574,0.4155334
7/6/6/2/1/7/5/7/7 3 3,X,-2,0,BLOCK,X,0.7920288,0.8054838
7/6/6/2/5/7/1/7/7 3 3,X,-2,0,BLOCK,X,0.4083265,0.3991664
7/4/6/2/5/7/3/7/7 3 3,Z,2,2,BLOCK,Z,1.278027,0.4839011
7/6/4/2/5/7/3/7/7 3 3,X,2.1428571428571428571428571428,0,BLOCK,X,0.7656024,0.4499946
7/6/6/2/4/7/3/7/7 3 3,X,2.1818181818181818181818181818,0,BLOCK,X,0.2440918,0.1901287
7/6/6/2/1/7/3/7/7 3 3,X,-1.8181818181818181818181818182,0,BLOCK,X,1.219145,1.390177
7/4/6/2/5/7/7/6/7 3 3,Z,1.875,0,BLOCK,Z,0.5470663,0.3563365
7/2/6/2/5/7/7/6/7 3 3,X,0.5,302,TIMEOUT,Z,0.006088242,0.003230884
7/6/4/2/5/7/7/6/7 3 3,X,2,0,BLOCK,X,0.4683479,0.3568582
7/6/6/2/4/7/7/6/7 3 3,X,2,0,BLOCK,X,0.6505349,0.4055001
7/6/6/2/1/7/7/6/7 3 3,X,-2,0,BLOCK,X,1.021109,1.003489
7/6/6/2/5/7/7/4/7 3 3,Z,2,0,BLOCK,Z,0.1155,0.2433044
7/4/6/2/5/7/7/5/7 3 3,Z,2,0,BLOCK,Z,0.3814244,0.3504651
7/6/4/2/5/7/7/5/7 3 3,X,2,0,BLOCK,X,0.6070606,0.4959606
7/6/6/2/4/7/7/5/7 3 3,X,2,0,BLOCK,X,0.5529291,0.5493671
7/6/6/2/1/7/7/5/7 3 3,X,-2,2,BLOCK,X,1.148743,1.191374
7/6/6/2/5/7/7/1/7 3 3,Z,-2,2,BLOCK,Z,1.589169,1.001621
7/4/6/2/5/7/7/3/7 3 3,Z,2.125,2,BLOCK,Z,1.063465,0.704652
7/6/4/2/5/7/7/3/7 3 3,X,2,0,BLOCK,X,0.7059577,0.5469047
7/6/6/2/4/7/7/3/7 3 3,X,2,0,BLOCK,X,0.8152301,0.4948924
7/6/6/2/1/7/7/3/7 3 3,X,-2,0,BLOCK,X,0.7340441,0.7371683
7/4/6/2/5/7/7/7/6 3 3,Z,2,0,BLOCK,Z,0.3460906,0.1258008
7/6/4/2/5/7/7/7/6 3 3,X,1.8571428571428571428571428572,0,BLOCK,X,0.6932245,0.5191869
7/6/6/2/4/7/7/7/6 3 3,X,1.8181818181818181818181818182,2,BLOCK,X,0.9393913,0.6191491
7/6/6/2/1/7/7/7/6 3 3,X,-2.1818181818181818181818181818,0,BLOCK,X,1.267755,1.164643
7/6/6/2/5/7/7/6/6 3 3,Z,0.5,302,TIMEOUT,Z,0.008151636,0.002911743
6/6/6/2/5/7/7/7/5 3 3,Z,0.5,20,BLOCK,Z,0.7287986,0.7547826
7/4/6/2/5/7/7/7/5 3 3,Z,2,0,BLOCK,Z,0.3838068,0.41049
7/6/4/2/5/7/7/7/5 3 3,X,2,0,BLOCK,X,0.7395809,0.46424
7/6/6/2/4/7/7/7/5 3 3,X,2,0,BLOCK,X,0.7514023,0.4743468
7/6/6/2/1/7/7/7/5 3 3,X,-2,0,BLOCK,X,0.8092257,0.7580952
7/4/6/2/5/7/7/7/3 3 3,Z,2,0,BLOCK,Z,0.43339,0.1986277
7/6/4/2/5/7/7/7/3 3 3,X,2.1428571428571428571428571428,0,BLOCK,X,0.4188547,0.4255313
7/6/6/2/4/7/7/7/3 3 3,X,2.1818181818181818181818181818,0,BLOCK,X,0.6895171,0.4746266
7/6/6/2/1/7/7/7/3 3 3,X,-1.8181818181818181818181818182,0,BLOCK,X,0.9527166,1.000005
7/4/6/2/2/7/7/7/7 3 3,Z,2,0,BLOCK,Z,0.5448809,0.4369
7/6/4/2/2/7/7/7/7 3 3,X,2,2,BLOCK,X,1.041088,0.6990625
7/6/6/2/2/7/7/6/7 3 3,X,0.5,212,BLOCK,X,0.8491924,0.4543883
7/6/6/2/2/7/7/3/7 3 3,Z,0.5666666666666666666666666666,302,TIMEOUT,Z,0.02901822,0.01245983
7/6/6/2/2/7/7/7/5 3 3,Z,0.5,302,TIMEOUT,Z,0.01088517,0.009203349
7/4/6/2/3/6/7/7/7 3 3,Z,1.875,0,BLOCK,Z,0.1876603,0.2925502
7/6/4/2/3/6/7/7/7 3 3,X,2.1428571428571428571428571428,0,BLOCK,X,0.7475448,0.6963536
7/6/6/2/3/4/7/7/7 3 3,Z,2,0,BLOCK,Z,0.6760821,0.5282601
7/4/6/2/3/5/7/7/7 3 3,Z,2,0,BLOCK,Z,0.5515819,0.2802557
7/6/4/2/3/5/7/7/7 3 3,X,2.1428571428571428571428571428,0,BLOCK,X,0.7323045,0.8242681
7/6/6/2/3/1/7/7/7 3 3,Z,-2,2,BLOCK,Z,1.361489,1.071622
7/4/6/2/3/3/7/7/7 3 3,Z,2.125,0,BLOCK,Z,0.981952,0.7786648
7/6/4/2/3/3/7/7/7 3 3,X,2.1428571428571428571428571428,2,BLOCK,X,1.342946,0.6873334
7/6/2/2/3/3/7/7/7 3 3,Z,0.5666666666666666666666666666,302,TIMEOUT,Z,0.00642355,0.00437566
7/4/6/2/3/7/6/7/7 3 3,Z,2,0,BLOCK,Z,0.4876765,0.3525476
7/6/4/2/3/7/6/7/7 3 3,X,2,0,BLOCK,X,0.8778167,0.8026334
7/6/6/2/3/7/4/7/7 3 3,X,2,2,BLOCK,X,1.448335,0.7766488
7/6/6/2/3/7/6/6/7 3 3,X,-0.6,302,TIMEOUT,Z,0.007659756,0.004672198
7/4/6/2/3/7/5/7/7 3 3,Z,2,0,BLOCK,Z,0.4525734,0.2248615
7/6/4/2/3/7/5/7/7 3 3,X,2.1428571428571428571428571428,2,BLOCK,X,1.385876,0.7356741
7/6/6/2/3/7/1/7/7 3 3,X,-2,0,BLOCK,X,0.4725309,0.2823158
7/4/6/2/3/7/3/7/7 3 3,Z,2,0,BLOCK,Z,0.4450876,0.3880289
7/6/4/2/3/7/3/7/7 3 3,X,2.2857142857142857142857142856,0,BLOCK,X,0.7149416,0.7114309
7/6/6/2/3/7/3/3/7 3 3,X,0.6538461538461538461538461539,24,BLOCK,X,0.6527583,0.5273782
7/4/6/2/3/7/7/6/7 3 3,Z,1.875,0,BLOCK,Z,0.2781404,0.4393505
7/6/4/2/3/7/7/6/7 3 3,X,2.1428571428571428571428571428,0,BLOCK,X,0.6907952,0.8160563
7/6/6/2/3/7/7/4/7 3 3,Z,2,0,BLOCK,Z,0.2849372,0.4209487
7/4/6/2/3/7/7/5/7 3 3,Z,2,0,BLOCK,Z,0.1279303,0.2364355
7/6/4/2/3/7/7/5/7 3 3,X,2.1428571428571428571428571428,0,BLOCK,X,0.6335548,0.8009859
7/6/6/2/3/7/7/1/7 3 3,Z,-2,2,BLOCK,Z,1.621361,0.9776092
7/4/6/2/3/7/7/3/7 3 3,Z,2.125,0,BLOCK,Z,0.4165303,0.2216819
7/6/4/2/3/7/7/3/7 3 3,X,2.1428571428571428571428571428,0,BLOCK,X,0.886807,0.7298989
7/6/6/2/3/7/7/3/6 3 3,X,-0.6,302,TIMEOUT,Z,0.01074114,0.006210297
7/4/6/2/3/7/7/7/6 3 3,Z,2,0,BLOCK,Z,0.3400661,0.3690243
7/6/4/2/3/7/7/7/6 3 3,X,2,0,BLOCK,X,0.7771085,0.8915446
7/4/6/2/3/7/7/7/5 3 3,Z,2,2,BLOCK,Z,1.851737,1.35125
7/6/4/2/3/7/7/7/5 3 3,X,2.1428571428571428571428571428,0,BLOCK,X,0.9161363,0.6734645
7/4/6/2/3/7/7/7/3 3 3,Z,2,2,BLOCK,Z,1.223506,0.7848123
7/6/4/2/3/7/7/7/3 3 3,X,2.2857142857142857142857142856,0,BLOCK,X,0.3914479,0.7507914
7/4/6/2/6/6/7/7/7 3 3,Z,1.875,0,BLOCK,Z,0.2632901,0.1697038
7/6/4/2/6/6/7/7/7 3 3,X,1.8571428571428571428571428572,2,BLOCK,X,0.8659313,0.5009842
7/6/2/2/6/6/7/7/7 3 3,X,0.5,302,TIMEOUT,Z,0.03201156,0.0139119
7/6/6/2/6/4/7/7/7 3 3,Z,2,0,BLOCK,Z,0.9207531,0.5707586
7/4/6/2/7/2/7/7/7 3 3,Z,2,0,BLOCK,Z,0.7304509,0.4664834
7/6/4/2/7/2/7/7/7 3 3,X,2,2,BLOCK,X,0.7871954,0.5279056
7/4/6/2/7/6/6/7/7 3 3,Z,1.875,0,BLOCK,Z,0.3372808,0.1745508
7/6/4/2/7/6/6/7/7 3 3,X,1.8571428571428571428571428572,0,BLOCK,X,0.3728157,0.3844878
7/6/2/2/7/6/6/7/7 3 3,Z,0.5,302,TIMEOUT,Z,0.0505392,0.02751789
7/6/6/2/7/4/6/7/7 3 3,Z,2,0,BLOCK,Z,0.4270301,0.4017679
7/6/6/2/7/6/4/7/7 3 3,X,2,0,BLOCK,X,0.5294958,0.6466087
7/4/6/2/7/6/5/7/7 3 3,Z,1.875,0,BLOCK,Z,0.2443802,0.2665458
7/6/4/2/7/6/5/7/7 3 3,X,2,0,BLOCK,X,0.606206,0.458365
7/6/6/2/7/4/5/7/7 3 3,Z,2,2,BLOCK,Z,1.169375,0.7924439
7/6/6/2/7/6/1/7/7 3 3,X,-2,0,BLOCK,X,1.343153,0.9752638
7/4/6/2/7/6/3/7/7 3 3,Z,1.875,0,BLOCK,Z,0.09753757,0.1632147
7/6/4/2/7/6/3/7/7 3 3,X,2.1428571428571428571428571428,2,BLOCK,X,0.8967538,0.5398616
7/6/6/2/7/4/3/7/7 3 3,Z,2,0,BLOCK,Z,0.7683793,0.5140023
7/4/6/2/7/6/7/6/7 3 3,Z,1.75,0,BLOCK,Z,0.2026629,0.1800306
7/6/4/2/7/6/7/6/7 3 3,X,2,0,BLOCK,X,0.6036477,0.470912
7/6/6/2/3/6/7/6/7 3 3,X,0.5769230769230769230769230769,302,TIMEOUT,Z,0.03719035,0.0152718
7/6/6/2/7/4/7/6/7 3 3,Z,1.75,0,BLOCK,Z,0.4710294,0.5144049
7/6/6/2/7/6/7/4/7 3 3,Z,2,0,BLOCK,Z,0.2856062,0.2867444
7/6/6/2/7/6/7/6/3 3 3,X,0.5769230769230769230769230769,302,TIMEOUT,Z,0.02319921,0.0111515
7/4/6/2/7/6/7/5/7 3 3,Z,1.875,0,BLOCK,Z,0.4390282,0.3638178
7/6/4/2/7/6/7/5/7 3 3,X,2,0,BLOCK,X,0.5879115,0.5316677
7/6/6/2/7/4/7/5/7 3 3,Z,2,0,BLOCK,Z,0.523058,0.4476033
7/6/6/2/7/6/7/1/7 3 3,Z,-2,0,BLOCK,Z,0.2750732,0.3452412
7/4/6/2/7/6/7/3/7 3 3,Z,2.00,0,BLOCK,Z,0.3642478,0.3022901
7/6/4/2/7/6/7/3/7 3 3,X,2,0,BLOCK,X,0.3333578,0.4428885
7/6/6/2/7/4/7/3/7 3 3,Z,2.25,0,BLOCK,Z,0.7763319,0.7367721
7/4/6/2/7/6/7/7/6 3 3,Z,1.875,0,BLOCK,Z,0.513049,0.2966533
7/6/4/2/7/6/7/7/6 3 3,X,1.8571428571428571428571428572,2,BLOCK,X,0.8545203,0.4722211
7/6/6/2/7/4/7/7/6 3 3,Z,2,0,BLOCK,Z,0.4592257,0.4100772
6/6/6/2/7/6/7/7/5 3 3,X,0.5,20,BLOCK,Z,0.6908341,0.532751
7/4/6/2/7/6/7/7/5 3 3,Z,1.875,0,BLOCK,Z,0.4186097,0.1402214
7/6/4/2/7/6/7/7/5 3 3,X,2,0,BLOCK,X,0.4715539,0.4121
7/6/6/2/7/4/7/7/5 3 3,Z,2,0,BLOCK,Z,0.7856935,0.630816
7/4/6/2/7/6/7/7/3 3 3,Z,1.875,0,BLOCK,Z,0.2054083,0.4719313
7/6/4/2/7/6/7/7/3 3 3,X,2.1428571428571428571428571428,0,BLOCK,X,0.7055812,0.5229546
7/6/6/2/7/4/7/7/3 3 3,Z,2,0,BLOCK,Z,0.8192382,0.6449097
7/4/6/2/6/5/7/7/7 3 3,Z,2,0,BLOCK,Z,0.1262251,0.5128537
7/6/4/2/6/5/7/7/7 3 3,X,1.8571428571428571428571428572,0,BLOCK,X,0.5549019,0.4643928
7/6/6/2/6/1/7/7/7 3 3,Z,-2,0,BLOCK,Z,0.681549,0.8088453
7/4/6/2/7/5/6/7/7 3 3,Z,2,0,BLOCK,Z,0.2124836,0.2511362
7/6/4/2/7/5/6/7/7 3 3,X,1.8571428571428571428571428572,2,BLOCK,X,0.7906201,0.5409943
7/6/6/2/3/5/6/7/7 3 3,X,-0.60,302,TIMEOUT,Z,0.01857869,0.01211169
7/6/6/2/7/1/6/7/7 3 3,Z,-2,0,BLOCK,Z,0.657342,0.5584162
7/6/6/2/7/5/4/7/7 3 3,X,2,0,BLOCK,X,0.6440697,0.7398104
7/4/6/2/7/5/5/7/7 3 3,Z,2,2,BLOCK,Z,1.287217,0.7204465
7/6/4/2/7/5/5/7/7 3 3,X,2,2,BLOCK,X,0.7867856,0.5251461
7/6/6/2/7/1/5/7/7 3 3,Z,-2,0,BLOCK,Z,0.8156247,0.6634104
7/6/6/2/7/5/1/7/7 3 3,X,-2,0,BLOCK,X,0.5302911,0.3958388
7/4/6/2/7/5/3/7/7 3 3,Z,2,0,BLOCK,Z,0.2320859,0.2524298
7/6/4/2/7/5/3/7/7 3 3,X,2.1428571428571428571428571428,0,BLOCK,X,0.6440981,0.515018
7/6/6/2/7/1/3/7/7 3 3,Z,-2,2,BLOCK,Z,1.222872,1.035346
7/4/6/2/7/5/7/6/7 3 3,Z,1.875,2,BLOCK,Z,1.617303,0.8851159
7/6/4/2/7/5/7/6/7 3 3,X,2,0,BLOCK,X,0.5328554,0.4785829
7/6/6/2/7/1/7/6/7 3 3,Z,-2.25,0,BLOCK,Z,0.5332698,0.5643693
7/6/6/2/7/5/7/4/7 3 3,Z,2,2,BLOCK,Z,1.640106,1.003973
7/4/6/2/7/5/7/5/7 3 3,Z,2,0,BLOCK,Z,0.08945952,0.1385823
7/6/4/2/7/5/7/5/7 3 3,X,2,0,BLOCK,X,0.4445151,0.4023137
7/6/6/2/7/1/7/5/7 3 3,Z,-2,0,BLOCK,Z,0.5958825,0.5469186
7/6/6/2/7/5/7/1/7 3 3,Z,-2,0,BLOCK,Z,0.4420937,0.5365694
7/4/6/2/7/5/7/3/7 3 3,Z,2.125,0,BLOCK,Z,0.4053057,0.6026678
7/6/4/2/7/5/7/3/7 3 3,X,2,2,BLOCK,X,0.8146003,0.4490468
7/6/6/2/7/1/7/3/7 3 3,Z,-1.75,2,BLOCK,Z,1.229142,1.081516
7/4/6/2/7/5/7/7/6 3 3,Z,2,2,BLOCK,Z,1.195199,0.6662143
7/6/4/2/7/5/7/7/6 3 3,X,1.8571428571428571428571428572,2,BLOCK,X,0.8539717,0.481501
7/6/6/2/7/1/7/7/6 3 3,Z,-2,0,BLOCK,Z,0.8582669,0.7330163
7/4/6/2/7/5/7/7/5 3 3,Z,2,0,BLOCK,Z,0.3367165,0.26701
7/6/4/2/7/5/7/7/5 3 3,X,2,2,BLOCK,X,0.85913,0.4997942
7/6/6/2/7/1/7/7/5 3 3,Z,-2,0,BLOCK,Z,0.608155,0.6303638
7/4/6/2/7/5/7/7/3 3 3,Z,2,0,BLOCK,Z,0.25971,0.1948922
7/6/4/2/7/5/7/7/3 3 3,X,2.1428571428571428571428571428,0,BLOCK,X,0.6851711,0.5154032
7/6/6/2/7/1/7/7/3 3 3,Z,-2,0,BLOCK,Z,0.939934,0.8505825
3/6/6/2/6/3/7/7/7 3 3,X,-0.6111111111111111111111111111,302,TIMEOUT,Z,0.08213391,0.03858195
7/4/6/2/6/3/7/7/7 3 3,Z,2.125,0,BLOCK,Z,0.4104511,0.3182954
7/6/4/2/6/3/7/7/7 3 3,X,1.8571428571428571428571428572,0,BLOCK,X,0.4483488,0.3500921
7/6/2/2/6/3/7/7/7 3 3,Z,0.5666666666666666666666666666,302,TIMEOUT,Z,0.02752569,0.02410071
7/4/6/2/7/3/6/7/7 3 3,Z,2.125,0,BLOCK,Z,0.464552,0.4331876
7/6/4/2/7/3/6/7/7 3 3,X,1.8571428571428571428571428572,0,BLOCK,X,0.4282352,0.4179363
7/6/6/2/7/3/4/7/7 3 3,X,2,0,BLOCK,X,0.4532374,0.5490646
7/4/6/2/7/3/5/7/7 3 3,Z,2.125,0,BLOCK,Z,0.4133913,0.36582
7/6/4/2/7/3/5/7/7 3 3,X,2,2,BLOCK,X,0.7832403,0.4861923
7/6/6/2/7/3/1/7/7 3 3,X,-2,0,BLOCK,X,0.4197168,0.3833179
7/4/6/2/7/3/3/7/7 3 3,Z,2.125,0,BLOCK,Z,0.04324963,0.1100145
7/6/4/2/7/3/3/7/7 3 3,X,2.1428571428571428571428571428,0,BLOCK,X,0.4112809,0.4403497
7/6/6/2/7/3/3/3/7 3 3,Z,0.6333333333333333333333333334,302,TIMEOUT,Z,0.04031949,0.02288974
7/6/6/2/7/3/3/7/6 3 3,X,-0.7,302,TIMEOUT,Z,0.02056506,0.01073521
7/4/6/2/7/3/7/6/7 3 3,Z,2.00,0,BLOCK,Z,0.2716981,0.2852522
7/6/4/2/7/3/7/6/7 3 3,X,2,0,BLOCK,X,0.5545217,0.4576184
7/6/6/2/7/3/7/4/7 3 3,Z,2,0,BLOCK,Z,0.6697561,0.656581
7/4/6/2/7/3/7/5/7 3 3,Z,2.125,0,BLOCK,Z,0.2271191,0.2472605
7/6/4/2/7/3/7/5/7 3 3,X,2,0,BLOCK,X,0.63719,0.4737841
7/6/6/2/7/3/7/1/7 3 3,Z,-2,0,BLOCK,Z,0.389021,0.430183
7/4/6/2/7/3/7/3/7 3 3,Z,2.25,0,BLOCK,Z,0.4285361,0.5322837
7/6/4/2/7/3/7/3/7 3 3,X,2,2,BLOCK,X,0.7752018,0.4910222
7/4/6/2/7/3/7/7/6 3 3,Z,2.125,0,BLOCK,Z,0.04071012,0.04583789
7/6/4/2/7/3/7/7/6 3 3,X,1.8571428571428571428571428572,0,BLOCK,X,0.5825554,0.399061
7/4/6/2/7/3/7/7/5 3 3,Z,2.125,0,BLOCK,Z,0.3390143,0.210587
7/6/4/2/7/3/7/7/5 3 3,X,2,0,BLOCK,X,0.7165875,0.542545
7/4/6/2/7/3/7/7/3 3 3,Z,2.125,0,BLOCK,Z,0.5214453,0.4357929
7/6/4/2/7/3/7/7/3 3 3,X,2.1428571428571428571428571428,0,BLOCK,X,0.6268193,0.5275642
7/6/6/2/3/3/7/7/3 3 3,X,0.6538461538461538461538461539,302,TIMEOUT,Z,0.06322125,0.03386906
7/4/6/2/6/7/6/7/7 3 3,Z,2,0,BLOCK,Z,0.6442173,0.3433632
7/6/4/2/6/7/6/7/7 3 3,X,1.7142857142857142857142857144,2,BLOCK,X,0.8172641,0.4705873
7/6/6/2/6/7/4/7/7 3 3,X,2,0,BLOCK,X,0.6067922,0.7966253
7/4/6/2/7/7/2/7/7 3 3,Z,2,0,BLOCK,Z,0.08747254,0.3637833
7/6/4/2/7/7/2/7/7 3 3,X,2,0,BLOCK,X,0.5294743,0.4161199
7/4/6/2/7/7/6/6/7 3 3,Z,1.875,0,BLOCK,Z,0.09822491,0.3509399
7/6/4/2/7/7/6/6/7 3 3,X,1.8571428571428571428571428572,2,BLOCK,X,0.810971,0.4698941
7/6/2/2/7/7/6/6/7 3 3,X,0.5,302,TIMEOUT,Z,0.026557,0.01399595
7/6/6/2/7/7/4/6/7 3 3,X,2,0,BLOCK,X,0.4629265,0.697672
7/6/6/2/7/7/2/6/7 3 3,X,0.5,302,TIMEOUT,Z,0.006175859,0.003872151
7/6/6/2/7/7/6/4/7 3 3,Z,2,0,BLOCK,Z,0.4746033,0.4687115
7/6/6/2/7/7/6/6/3 3 3,X,0.75,302,TIMEOUT,Z,0.008885071,0.003362831
7/4/6/2/7/7/6/5/7 3 3,Z,2,0,BLOCK,Z,0.5412677,0.3747236
7/6/4/2/7/7/6/5/7 3 3,X,1.8571428571428571428571428572,2,BLOCK,X,0.7437485,0.4687442
7/6/6/2/7/7/4/5/7 3 3,X,2,0,BLOCK,X,0.465187,0.7340906
7/6/6/2/7/7/6/1/7 3 3,Z,-2,2,BLOCK,Z,1.646782,1.102697
7/4/6/2/7/7/6/3/7 3 3,Z,2.125,0,BLOCK,Z,0.2839459,0.1429873
7/6/4/2/7/7/6/3/7 3 3,X,1.8571428571428571428571428572,0,BLOCK,X,0.6272179,0.4290198
7/6/6/2/7/7/4/3/7 3 3,X,2,0,BLOCK,X,0.4506502,0.6755524
7/4/6/2/7/7/6/7/6 3 3,Z,2,0,BLOCK,Z,0.5217118,0.2177864
7/6/4/2/7/7/6/7/6 3 3,X,1.7142857142857142857142857144,2,BLOCK,X,0.798471,0.4527585
7/6/6/2/7/7/4/7/6 3 3,X,1.6,0,BLOCK,X,1.401664,0.8475876
7/4/6/2/7/7/6/7/5 3 3,Z,2,0,BLOCK,Z,0.3138325,0.4028671
7/6/4/2/7/7/6/7/5 3 3,X,1.8571428571428571428571428572,0,BLOCK,X,0.5266128,0.4934493
7/6/6/2/7/7/4/7/5 3 3,X,2,0,BLOCK,X,0.4660814,0.6775886
6/6/6/2/7/7/6/7/3 3 3,X,0.7,302,TIMEOUT,Z,0.1192347,0.08858197
7/4/6/2/7/7/6/7/3 3 3,Z,2,0,BLOCK,Z,0.6207262,0.5616251
7/6/4/2/7/7/6/7/3 3 3,X,2,0,BLOCK,X,0.6574453,0.5370015
7/6/6/2/7/7/4/7/3 3 3,X,2.4,0,BLOCK,X,0.7122088,0.8864267
7/4/6/2/6/7/5/7/7 3 3,Z,2,2,BLOCK,Z,1.28014,0.7788067
7/6/4/2/6/7/5/7/7 3 3,X,1.8571428571428571428571428572,0,BLOCK,X,0.6384149,0.4879079
7/6/6/2/6/7/1/7/7 3 3,X,-2,0,BLOCK,X,0.875335,0.4746256
7/4/6/2/7/7/5/6/7 3 3,Z,1.875,0,BLOCK,Z,0.1802332,0.3063326
7/6/4/2/7/7/5/6/7 3 3,X,2,0,BLOCK,X,0.6568738,0.4955883
7/6/6/2/7/7/1/6/7 3 3,X,-2,0,BLOCK,X,0.4817949,0.527015
7/6/6/2/7/7/5/4/7 3 3,Z,2,0,BLOCK,Z,0.2961637,0.545316
3/6/6/2/7/7/5/5/7 3 3,X,-0.5555555555555555555555555556,302,TIMEOUT,Z,0.104668,0.09236504
7/4/6/2/7/7/5/5/7 3 3,Z,2,0,BLOCK,Z,0.1575297,0.1496739
7/6/4/2/7/7/5/5/7 3 3,X,2,0,BLOCK,X,0.4267967,0.456233
7/6/6/2/7/7/1/5/7 3 3,X,-2,0,BLOCK,X,0.5245519,0.5340136
7/6/6/2/7/7/5/1/7 3 3,Z,-2,0,BLOCK,Z,0.131448,0.3766632
7/4/6/2/7/7/5/3/7 3 3,Z,2.125,0,BLOCK,Z,0.1831224,0.05104486
7/6/4/2/7/7/5/3/7 3 3,X,2,2,BLOCK,X,0.7800652,0.4907701
7/6/6/2/7/7/1/3/7 3 3,X,-2,2,BLOCK,X,1.461747,1.087087
7/4/6/2/7/7/5/7/6 3 3,Z,2,2,BLOCK,Z,1.299446,0.77247
7/6/4/2/7/7/5/7/6 3 3,X,1.8571428571428571428571428572,0,BLOCK,X,0.6396068,0.5278355
7/6/6/2/7/7/1/7/6 3 3,X,-2.4,0,BLOCK,X,0.3853228,0.3945926
7/4/6/2/7/7/5/7/5 3 3,Z,2,0,BLOCK,Z,0.2084821,0.2213581
7/6/4/2/7/7/5/7/5 3 3,X,2,2,BLOCK,X,0.89645,0.5289038
7/6/6/2/7/7/1/7/5 3 3,X,-2,2,BLOCK,X,1.397235,0.8488945
7/4/6/2/7/7/5/7/3 3 3,Z,2,0,BLOCK,Z,0.4250761,0.4866037
7/6/4/2/7/7/5/7/3 3 3,X,2.1428571428571428571428571428,0,BLOCK,X,0.705793,0.5389391
7/6/6/2/7/7/1/7/3 3 3,X,-1.6,0,BLOCK,X,0.1601746,0.1323781
7/4/6/2/6/7/3/7/7 3 3,Z,2,0,BLOCK,Z,0.1390481,0.3093674
7/6/4/2/6/7/3/7/7 3 3,X,2,2,BLOCK,X,0.8914064,0.5503869
7/4/6/2/7/7/3/6/7 3 3,Z,1.875,0,BLOCK,Z,0.3885428,0.6374251
7/6/4/2/7/7/3/6/7 3 3,X,2.1428571428571428571428571428,2,BLOCK,X,0.8969468,0.554343
7/6/6/2/7/7/3/4/7 3 3,Z,2,0,BLOCK,Z,0.1353577,0.2798184
7/4/6/2/7/7/3/5/7 3 3,Z,2,0,BLOCK,Z,0.6625653,0.4573776
7/6/4/2/7/7/3/5/7 3 3,X,2.1428571428571428571428571428,0,BLOCK,X,0.7337776,0.5869837
7/6/6/2/7/7/3/1/7 3 3,Z,-2,0,BLOCK,Z,1.691629,1.001279
7/4/6/2/7/7/3/3/7 3 3,Z,2.125,2,BLOCK,Z,1.081788,0.7533855
7/6/4/2/7/7/3/3/7 3 3,X,2.1428571428571428571428571428,0,BLOCK,X,0.8003221,0.6014056
7/4/6/2/7/7/3/7/6 3 3,Z,2,0,BLOCK,Z,0.107408,0.134258
7/6/4/2/7/7/3/7/6 3 3,X,2,2,BLOCK,X,1.008536,0.6489062
7/4/6/2/7/7/3/7/5 3 3,Z,2,0,BLOCK,Z,1.023142,0.2868601
7/6/4/2/7/7/3/7/5 3 3,X,2.1428571428571428571428571428,0,BLOCK,X,0.6238904,0.5365546
7/4/6/2/7/7/3/7/3 3 3,Z,2,0,BLOCK,Z,0.4369896,0.4457747
7/6/4/2/7/7/3/7/3 3 3,X,2.2857142857142857142857142856,2,BLOCK,X,0.9319866,0.607066
7/6/6/2/7/7/2/7/3 3 3,X,0.5769230769230769230769230769,302,TIMEOUT,Z,0.02297595,0.01041283
7/4/6/2/6/7/7/6/7 3 3,Z,1.875,0,BLOCK,Z,0.2308657,0.4409406
7/6/4/2/6/7/7/6/7 3 3,X,1.8571428571428571428571428572,0,BLOCK,X,0.5786032,0.4566148
7/6/2/2/6/7/7/6/7 3 3,X,0.5,34,BLOCK,X,0.7352816,0.497629
7/6/6/2/6/7/7/4/7 3 3,Z,2,2,BLOCK,Z,1.663445,0.9902169
7/4/6/2/7/7/7/2/7 3 3,Z,2,2,BLOCK,Z,1.255613,0.7112584
7/6/4/2/7/7/7/2/7 3 3,X,2,0,BLOCK,X,0.6386485,0.5417169
7/4/6/2/7/7/7/6/6 3 3,Z,1.875,0,BLOCK,Z,0.1580468,0.1725288
7/6/4/2/7/7/7/6/6 3 3,X,1.8571428571428571428571428572,2,BLOCK,X,0.8612722,0.4528398
7/6/6/2/7/7/7/4/6 3 3,Z,2,0,BLOCK,Z,0.2128604,0.3640636
7/4/6/2/7/7/7/6/5 3 3,Z,1.875,0,BLOCK,Z,0.8385029,0.6088076
7/6/4/2/7/7/7/6/5 3 3,X,2,0,BLOCK,X,0.3759432,0.4014786
7/6/6/2/3/7/7/6/5 3 3,X,0.5769230769230769230769230769,302,TIMEOUT,Z,0.03411408,0.01879292
7/6/6/2/7/7/7/4/5 3 3,Z,2,2,BLOCK,Z,1.647699,0.9899065
7/4/6/2/7/7/7/6/3 3 3,Z,1.875,0,BLOCK,Z,0.3402019,0.2264451
7/6/4/2/7/7/7/6/3 3 3,X,2.1428571428571428571428571428,2,BLOCK,X,0.9291776,0.52509
7/6/6/2/7/7/7/4/3 3 3,Z,2,0,BLOCK,Z,0.2750667,0.4247481
7/6/6/2/7/7/7/6/2 3 3,X,0.5,302,TIMEOUT,Z,0.02465626,0.01261021
7/4/6/2/6/7/7/5/7 3 3,Z,2,0,BLOCK,Z,0.263376,0.2381897
7/6/4/2/6/7/7/5/7 3 3,X,1.8571428571428571428571428572,0,BLOCK,X,0.4702618,0.4759811
7/6/6/2/6/7/7/1/7 3 3,Z,-2,0,BLOCK,Z,0.04533824,0.2789747
7/4/6/2/7/7/7/5/6 3 3,Z,2,0,BLOCK,Z,0.1652565,0.2985085
7/6/4/2/7/7/7/5/6 3 3,X,1.8571428571428571428571428572,0,BLOCK,X,0.6447628,0.3659434
7/6/6/2/7/7/7/1/6 3 3,Z,-2,0,BLOCK,Z,0.07835281,0.2261122
7/4/6/2/7/7/7/5/5 3 3,Z,2,0,BLOCK,Z,0.4787812,0.459839
7/6/4/2/7/7/7/5/5 3 3,X,2,0,BLOCK,X,0.5979949,0.4435473
7/6/6/2/7/7/7/1/5 3 3,Z,-2,0,BLOCK,Z,0.0674177,0.3492844
7/4/6/2/7/7/7/5/3 3 3,Z,2,2,BLOCK,Z,1.327571,0.6183516
7/6/4/2/7/7/7/5/3 3 3,X,2.1428571428571428571428571428,2,BLOCK,X,0.9348877,0.5287607
7/6/6/2/7/7/7/1/3 3 3,Z,-2,0,BLOCK,Z,0.2818354,0.3844323
7/4/6/2/6/7/7/3/7 3 3,Z,2.125,0,BLOCK,Z,0.3180679,0.1867365
7/6/4/2/6/7/7/3/7 3 3,X,1.8571428571428571428571428572,0,BLOCK,X,0.2489093,0.5064993
7/6/6/2/6/7/3/3/7 3 3,X,0.6,302,TIMEOUT,Z,0.02233078,0.02752837
7/4/6/2/7/7/7/3/6 3 3,Z,2.125,0,BLOCK,Z,0.1638082,0.4008686
7/6/4/2/7/7/7/3/6 3 3,X,1.8571428571428571428571428572,0,BLOCK,X,0.5051906,0.4862306
7/4/6/2/7/7/7/3/5 3 3,Z,2.125,0,BLOCK,Z,0.05726464,0.07609199
7/6/4/2/7/7/7/3/5 3 3,X,2,2,BLOCK,X,0.8576046,0.567884
7/4/6/2/7/7/7/3/3 3 3,Z,2.125,0,BLOCK,Z,0.167625,0.2586817
7/6/4/2/7/7/7/3/3 3 3,X,2.1428571428571428571428571428,0,BLOCK,X,0.4036564,0.5507714
7/6/6/2/7/3/7/3/3 3 3,Z,0.6333333333333333333333333334,302,TIMEOUT,Z,0.02892241,0.01709064
7/4/6/2/6/7/7/7/6 3 3,Z,2,0,BLOCK,Z,0.05135106,0.1534946
7/6/4/2/6/7/7/7/6 3 3,X,1.7142857142857142857142857144,2,BLOCK,X,0.7972716,0.5571165
6/6/6/2/7/7/7/7/4 3 3,Z,0.5,302,TIMEOUT,Z,0.2220568,0.1139531
7/4/6/2/7/7/7/7/4 3 3,Z,2,0,BLOCK,Z,0.08188341,0.1072262
7/6/4/2/7/7/7/7/4 3 3,X,1.8571428571428571428571428572,2,BLOCK,X,0.905079,0.545157
7/4/6/2/7/7/7/7/2 3 3,Z,2,0,BLOCK,Z,0.1302754,0.2020212
7/6/4/2/7/7/7/7/2 3 3,X,2,0,BLOCK,X,0.7915542,0.5790133
7/4/6/2/6/7/7/7/5 3 3,Z,2,0,BLOCK,Z,0.2805385,0.1030995
7/6/4/2/6/7/7/7/5 3 3,X,1.8571428571428571428571428572,0,BLOCK,X,0.4006252,0.3708128
7/6/6/2/6/7/3/7/5 3 3,X,0.6,302,TIMEOUT,Z,0.01331492,0.005455391
7/4/6/2/7/7/7/7/1 3 3,Z,2,0,BLOCK,Z,0.2008136,0.2031832
7/6/4/2/7/7/7/7/1 3 3,X,2.1428571428571428571428571428,0,BLOCK,X,0.5522146,0.5490438
7/4/6/2/6/7/7/7/3 3 3,Z,2,0,BLOCK,Z,0.2707639,0.4051777
7/6/4/2/6/7/7/7/3 3 3,X,2,0,BLOCK,X,0.2132864,0.4104234
7/4/6/6/2/6/7/7/7 3 3,Z,1.75,2,BLOCK,Z,0.7441659,0.3614884
7/6/4/6/2/6/7/7/7 3 3,X,2,0,BLOCK,X,0.4042012,0.3663852
7/6/6/4/2/6/7/7/7 3 3,Z,1.8333333333333333333333333334,0,BLOCK,Z,0.4344359,0.4112533
7/6/6/2/2/6/7/7/7 3 3,X,0.5,34,BLOCK,Z,0.740572,0.4982742
7/6/6/6/2/4/7/7/7 3 3,Z,2,2,BLOCK,Z,1.209768,0.6918003
7/4/6/6/2/5/7/7/7 3 3,Z,1.875,2,BLOCK,Z,0.7028441,0.4634883
7/6/4/6/2/5/7/7/7 3 3,X,2,2,BLOCK,X,1.040296,0.6560478
7/6/6/4/2/5/7/7/7 3 3,Z,2,2,BLOCK,Z,0.9217494,0.5743561
7/6/6/6/2/1/7/7/7 3 3,Z,-2,0,BLOCK,Z,1.232702,0.945315
7/4/6/6/2/3/7/7/7 3 3,Z,2,2,BLOCK,Z,0.676221,0.4401474
7/6/4/6/2/3/7/7/7 3 3,X,2,2,BLOCK,X,1.063785,0.5760978
7/6/6/4/2/3/7/7/7 3 3,Z,2.1666666666666666666666666666,0,BLOCK,Z,0.6540927,0.6442924
7/6/6/6/2/3/7/3/7 3 3,Z,0.6818181818181818181818181818,302,TIMEOUT,Z,0.01490939,0.008453781
7/4/6/6/2/7/6/7/7 3 3,Z,1.875,0,BLOCK,Z,0.5063768,0.3925593
7/6/4/6/2/7/6/7/7 3 3,X,1.8571428571428571428571428572,0,BLOCK,X,0.4307596,0.4947602
7/6/6/4/2/7/6/7/7 3 3,Z,2,0,BLOCK,Z,0.7766249,0.5789145
7/6/6/2/2/7/6/7/7 3 3,Z,0.5,110,BLOCK,X,0.7785915,0.4479419
7/6/6/6/2/7/4/7/7 3 3,X,2,0,BLOCK,X,0.5874085,0.5450881
7/4/6/6/2/7/5/7/7 3 3,Z,1.875,2,BLOCK,Z,0.591748,0.4613386
7/6/4/6/2/7/5/7/7 3 3,X,2,0,BLOCK,X,0.3141474,0.4122548
7/6/6/4/2/7/5/7/7 3 3,Z,2,0,BLOCK,Z,0.527193,0.5570837
7/6/6/6/2/7/1/7/7 3 3,X,-2,0,BLOCK,X,0.8141749,0.5913073
7/6/6/6/2/7/5/7/3 3 3,X,0.5769230769230769230769230769,302,TIMEOUT,Z,0.02962823,0.01808453
7/4/6/6/2/7/3/7/7 3 3,Z,1.875,2,BLOCK,Z,0.70661,0.3568231
7/6/4/6/2/7/3/7/7 3 3,X,2.1428571428571428571428571428,0,BLOCK,X,0.4953343,0.5394581
7/6/6/4/2/7/3/7/7 3 3,Z,2,0,BLOCK,Z,0.6880183,0.485011
7/4/6/6/2/7/7/6/7 3 3,Z,1.75,2,BLOCK,Z,0.6874745,0.4597976
7/6/4/6/2/7/7/6/7 3 3,X,2,2,BLOCK,X,1.163997,0.7428696
7/6/6/4/2/7/7/6/7 3 3,Z,1.8333333333333333333333333334,0,BLOCK,Z,0.7757457,0.5719488
7/6/6/6/2/7/7/4/7 3 3,Z,2,0,BLOCK,Z,1.191284,0.7550226
7/4/6/6/2/7/7/5/7 3 3,Z,1.875,2,BLOCK,Z,0.7133293,0.42095
7/6/4/6/2/7/7/5/7 3 3,X,2,2,BLOCK,X,0.6902299,0.4736679
7/6/6/4/2/7/7/5/7 3 3,Z,2,0,BLOCK,Z,0.6754766,0.6773529
7/6/6/6/2/7/7/1/7 3 3,Z,-2,0,BLOCK,Z,0.1170796,0.2691576
7/4/6/6/2/7/7/3/7 3 3,Z,2,2,BLOCK,Z,0.7884976,0.4593224
7/6/4/6/2/7/7/3/7 3 3,X,2,0,BLOCK,X,0.5428978,0.4569332
7/6/6/4/2/7/7/3/7 3 3,Z,2.1666666666666666666666666666,0,BLOCK,Z,0.6621529,0.7812814
7/4/6/6/2/7/7/7/6 3 3,Z,1.875,2,BLOCK,Z,0.7088109,0.4063511
7/6/4/6/2/7/7/7/6 3 3,X,1.8571428571428571428571428572,0,BLOCK,X,0.3859139,0.6455976
7/6/6/4/2/7/7/7/6 3 3,Z,2,0,BLOCK,Z,0.7606547,0.6992431
7/4/6/6/2/7/7/7/5 3 3,Z,1.875,0,BLOCK,Z,0.3166879,0.1951978
7/6/4/6/2/7/7/7/5 3 3,X,2,2,BLOCK,X,1.06651,0.6765981
7/6/6/4/2/7/7/7/5 3 3,Z,2,2,BLOCK,Z,0.9594832,0.6780526
7/4/6/6/2/7/7/7/3 3 3,Z,1.875,0,BLOCK,Z,0.4378047,0.360509
7/6/4/6/2/7/7/7/3 3 3,X,2.1428571428571428571428571428,2,BLOCK,X,1.013192,0.6884272
7/6/6/4/2/7/7/7/3 3 3,Z,2,0,BLOCK,Z,0.7753982,0.6680161
7/4/6/6/6/2/7/7/7 3 3,Z,1.875,0,BLOCK,Z,0.3435202,0.3202641
7/6/4/6/6/2/7/7/7 3 3,X,1.8571428571428571428571428572,0,BLOCK,X,0.562079,0.3471702
7/6/6/4/6/2/7/7/7 3 3,Z,2,2,BLOCK,Z,1.037059,0.6629293
7/6/6/6/4/2/7/7/7 3 3,X,2,0,BLOCK,X,0.8017339,0.5553968
7/4/6/6/6/6/6/7/7 3 3,Z,1.75,2,BLOCK,Z,0.7004901,0.4571509
7/6/4/6/6/6/6/7/7 3 3,X,1.7142857142857142857142857142,2,BLOCK,X,0.7606152,0.4325226
7/6/6/4/6/6/6/7/7 3 3,Z,1.8333333333333333333333333334,0,BLOCK,Z,0.7076284,0.4592732
7/6/6/6/4/6/6/7/7 3 3,X,1.80,0,BLOCK,X,0.580945,0.5340512
7/6/6/6/6/4/6/7/7 3 3,Z,2,0,BLOCK,Z,0.9760267,0.7210253
7/6/6/6/6/6/4/7/7 3 3,X,2,0,BLOCK,X,0.7573258,0.7495055
7/4/6/6/6/6/5/7/7 3 3,Z,1.75,0,BLOCK,Z,0.5393805,0.3727332
7/6/4/6/6/6/5/7/7 3 3,X,1.8571428571428571428571428572,0,BLOCK,X,0.5899782,0.3429998
7/6/6/4/6/6/5/7/7 3 3,Z,1.8333333333333333333333333334,0,BLOCK,Z,0.4172465,0.3608652
7/6/6/2/6/6/5/7/7 3 3,X,0.5,302,TIMEOUT,Z,0.07458261,0.03068682
7/6/6/6/4/6/5/7/7 3 3,X,2,0,BLOCK,X,0.5939444,0.5795377
7/6/6/6/6/4/5/7/7 3 3,Z,2,0,BLOCK,Z,1.085751,0.7232757
7/6/6/6/6/6/1/7/7 3 3,X,-2,0,BLOCK,X,1.12522,0.7986396
7/4/6/6/6/6/3/7/7 3 3,Z,1.75,2,BLOCK,Z,0.7398834,0.4430361
7/6/4/6/6/6/3/7/7 3 3,X,2.00,0,BLOCK,X,0.4813478,0.3936421
7/6/6/4/6/6/3/7/7 3 3,Z,1.8333333333333333333333333334,0,BLOCK,Z,0.6098909,0.3101481
7/6/6/6/4/6/3/7/7 3 3,X,2.20,0,BLOCK,X,0.5032588,0.5278016
7/6/6/6/6/4/3/7/7 3 3,Z,2,2,BLOCK,Z,1.199444,0.9463417
7/4/6/6/6/6/7/6/7 3 3,Z,1.625,0,BLOCK,Z,0.5123267,0.2830636
7/6/4/6/6/6/7/6/7 3 3,X,1.8571428571428571428571428572,2,BLOCK,X,0.7541318,0.5075571
7/6/6/4/6/6/7/6/7 3 3,Z,1.6666666666666666666666666666,0,BLOCK,Z,0.6370564,0.424714
7/6/6/6/4/6/7/6/7 3 3,X,2,2,BLOCK,X,0.9199884,0.6478097
7/6/6/6/6/4/7/6/7 3 3,Z,1.75,0,BLOCK,Z,0.4884387,0.6051306
7/6/6/6/6/6/7/4/7 3 3,Z,2,0,BLOCK,Z,0.5474399,0.6993725
7/4/6/6/6/6/7/5/7 3 3,Z,1.75,0,BLOCK,Z,0.3725252,0.2730169
7/6/4/6/6/6/7/5/7 3 3,X,1.8571428571428571428571428572,0,BLOCK,X,0.7294267,0.3873508
7/6/6/4/6/6/7/5/7 3 3,Z,1.8333333333333333333333333334,0,BLOCK,Z,0.646003,0.4218003
7/6/6/6/4/6/7/5/7 3 3,X,2,2,BLOCK,X,0.9548921,0.6021602
7/6/6/6/6/4/7/5/7 3 3,Z,2,0,BLOCK,Z,0.6283624,0.7190522
7/6/6/6/6/6/7/1/7 3 3,Z,-2,0,BLOCK,Z,0.1632961,0.2306615
7/4/6/6/6/6/7/3/7 3 3,Z,1.875,0,BLOCK,Z,0.4050425,0.3460705
7/6/4/6/6/6/7/3/7 3 3,X,1.8571428571428571428571428572,0,BLOCK,X,0.479152,0.4741451
7/6/6/4/6/6/7/3/7 3 3,Z,2.00,2,BLOCK,Z,1.000553,0.5756304
7/6/6/6/4/6/7/3/7 3 3,X,2,0,BLOCK,X,1.00961,0.6090871
7/6/6/6/6/4/7/3/7 3 3,Z,2.25,2,BLOCK,Z,1.411853,0.7731251
7/4/6/6/6/6/7/7/6 3 3,Z,1.75,0,BLOCK,Z,0.4281023,0.3154047
7/6/4/6/6/6/7/7/6 3 3,X,1.7142857142857142857142857142,0,BLOCK,X,0.3449862,0.3357224
7/6/6/4/6/6/7/7/6 3 3,Z,1.8333333333333333333333333334,0,BLOCK,Z,0.441223,0.4667852
7/6/6/6/4/6/7/7/6 3 3,X,1.80,0,BLOCK,X,0.5939212,0.7632069
7/6/6/6/6/4/7/7/6 3 3,Z,2,0,BLOCK,Z,0.7884551,0.7861124
7/4/6/6/6/6/7/7/5 3 3,Z,1.75,2,BLOCK,Z,0.7031472,0.3858435
7/6/4/6/6/6/7/7/5 3 3,X,1.8571428571428571428571428572,0,BLOCK,X,0.3207972,0.09897432
7/6/6/4/6/6/7/7/5 3 3,Z,1.8333333333333333333333333334,0,BLOCK,Z,0.533187,0.4603716
7/6/6/6/4/6/7/7/5 3 3,X,2,0,BLOCK,X,0.711116,0.6607934
7/6/6/6/6/4/7/7/5 3 3,Z,2,0,BLOCK,Z,0.7263675,0.815191
7/4/6/6/6/6/7/7/3 3 3,Z,1.75,2,BLOCK,Z,0.7614849,0.4650839
7/6/4/6/6/6/7/7/3 3 3,X,2.00,0,BLOCK,X,0.6679112,0.4361196
7/6/6/4/6/6/7/7/3 3 3,Z,1.8333333333333333333333333334,0,BLOCK,Z,0.7031862,0.3861805
7/6/6/6/4/6/7/7/3 3 3,X,2.20,0,BLOCK,X,0.6920263,0.6544422
7/6/6/6/6/4/7/7/3 3 3,Z,2,0,BLOCK,Z,0.8131338,0.7275379
7/4/6/6/6/5/6/7/7 3 3,Z,1.875,0,BLOCK,Z,0.3865461,0.220143
7/6/4/6/6/5/6/7/7 3 3,X,1.7142857142857142857142857142,0,BLOCK,X,0.234988,0.2423068
7/6/6/4/6/5/6/7/7 3 3,Z,2,0,BLOCK,Z,0.7636764,0.4380526
7/6/6/6/4/5/6/7/7 3 3,X,1.80,0,BLOCK,X,0.5325832,0.54595
7/6/6/6/6/1/6/7/7 3 3,Z,-2,2,BLOCK,Z,1.258544,1.045783
7/6/6/6/6/5/4/7/7 3 3,X,2,0,BLOCK,X,0.7028623,0.6578826
7/4/6/6/6/5/5/7/7 3 3,Z,1.875,0,BLOCK,Z,0.3097284,0.3564279
7/6/4/6/6/5/5/7/7 3 3,X,1.8571428571428571428571428572,0,BLOCK,X,0.4775222,0.4157678
7/6/6/4/6/5/5/7/7 3 3,Z,2,2,BLOCK,Z,0.9593448,0.6157186
7/6/6/6/4/5/5/7/7 3 3,X,2,0,BLOCK,X,0.6756459,0.5249304
7/6/6/6/6/1/5/7/7 3 3,Z,-2,0,BLOCK,Z,1.300646,1.12686
7/6/6/6/6/5/1/7/7 3 3,X,-2,0,BLOCK,X,1.003725,0.5518831
7/4/6/6/6/5/3/7/7 3 3,Z,1.875,0,BLOCK,Z,0.3306442,0.2892692
7/6/4/6/6/5/3/7/7 3 3,X,2.00,0,BLOCK,X,0.4828129,0.3416387
7/6/6/4/6/5/3/7/7 3 3,Z,2,0,BLOCK,Z,0.8412401,0.4855962
7/6/6/6/4/5/3/7/7 3 3,X,2.20,2,BLOCK,X,1.38151,0.5565242
7/6/6/6/6/1/3/7/7 3 3,Z,-2,0,BLOCK,Z,0.6729346,0.6484395
7/4/6/6/6/5/7/6/7 3 3,Z,1.75,0,BLOCK,Z,0.4355234,0.3032377
7/6/4/6/6/5/7/6/7 3 3,X,1.8571428571428571428571428572,2,BLOCK,X,0.7627956,0.457565
7/6/6/4/6/5/7/6/7 3 3,Z,1.8333333333333333333333333334,0,BLOCK,Z,0.7338702,0.5442679
7/6/6/6/4/5/7/6/7 3 3,X,2,2,BLOCK,X,0.9006047,0.6351557
7/6/6/6/6/1/7/6/7 3 3,Z,-2.25,2,BLOCK,Z,1.464018,1.087173
7/6/6/6/6/5/7/4/7 3 3,Z,2,0,BLOCK,Z,0.3840651,0.5651557
7/4/6/6/6/5/7/5/7 3 3,Z,1.875,2,BLOCK,Z,0.7185466,0.3869446
7/6/4/6/6/5/7/5/7 3 3,X,1.8571428571428571428571428572,2,BLOCK,X,0.8458733,0.3670563
7/6/6/4/6/5/7/5/7 3 3,Z,2,0,BLOCK,Z,0.4647827,0.4569437
7/6/6/6/4/5/7/5/7 3 3,X,2,2,BLOCK,X,0.9617592,0.6995752
7/6/6/6/6/1/7/5/7 3 3,Z,-2,2,BLOCK,Z,1.207402,0.9753226
7/6/6/6/6/5/7/1/7 3 3,Z,-2,2,BLOCK,Z,1.611648,1.04602
7/4/6/6/6/5/7/3/7 3 3,Z,2,0,BLOCK,Z,0.427387,0.2556269
7/6/4/6/6/5/7/3/7 3 3,X,1.8571428571428571428571428572,2,BLOCK,X,0.8422884,0.6729807
7/6/6/4/6/5/7/3/7 3 3,Z,2.1666666666666666666666666666,0,BLOCK,Z,0.5217569,0.5411141
7/6/6/6/4/5/7/3/7 3 3,X,2,0,BLOCK,X,0.5388657,0.5568628
7/6/6/6/6/1/7/3/7 3 3,Z,-1.75,0,BLOCK,Z,0.4383147,0.6985937
7/4/6/6/6/5/7/7/6 3 3,Z,1.875,2,BLOCK,Z,0.732817,0.431835
7/6/4/6/6/5/7/7/6 3 3,X,1.7142857142857142857142857142,0,BLOCK,X,0.7229604,0.5739099
7/6/6/4/6/5/7/7/6 3 3,Z,2,0,BLOCK,Z,0.8205656,0.5477205
7/6/6/6/4/5/7/7/6 3 3,X,1.80,0,BLOCK,X,0.744197,0.5699892
7/6/6/6/6/1/7/7/6 3 3,Z,-2,0,BLOCK,Z,0.7405291,0.7147552
7/4/6/6/6/5/7/7/5 3 3,Z,1.875,2,BLOCK,Z,0.7391987,0.4057862
7/6/4/6/6/5/7/7/5 3 3,X,1.8571428571428571428571428572,2,BLOCK,X,0.857182,0.4319531
7/6/6/4/6/5/7/7/5 3 3,Z,2,2,BLOCK,Z,0.9864835,0.6144468
7/6/6/6/4/5/7/7/5 3 3,X,2,0,BLOCK,X,0.9924234,0.6997352
7/6/6/6/6/1/7/7/5 3 3,Z,-2,0,BLOCK,Z,0.7769449,0.786152
7/4/6/6/6/5/7/7/3 3 3,Z,1.875,0,BLOCK,Z,0.5610398,0.3322598
7/6/4/6/6/5/7/7/3 3 3,X,2.00,0,BLOCK,X,0.4811467,0.4132998
7/6/6/4/6/5/7/7/3 3 3,Z,2,0,BLOCK,Z,0.4309564,0.4370489
7/6/6/6/4/5/7/7/3 3 3,X,2.20,2,BLOCK,X,1.056388,0.6822091
7/6/6/6/6/1/7/7/3 3 3,Z,-2,0,BLOCK,Z,1.227611,1.028559
7/4/6/6/6/3/6/7/7 3 3,Z,2,2,BLOCK,Z,0.7584911,0.4512908
7/6/4/6/6/3/6/7/7 3 3,X,1.7142857142857142857142857142,2,BLOCK,X,0.7090833,0.3084649
7/6/6/4/6/3/6/7/7 3 3,Z,2.1666666666666666666666666666,2,BLOCK,Z,1.191358,0.753068
7/6/6/6/4/3/6/7/7 3 3,X,1.80,2,BLOCK,X,0.8754347,0.7218602
7/6/6/6/6/3/4/7/7 3 3,X,2,0,BLOCK,X,0.6666092,0.828692
3/6/6/6/6/3/5/7/7 3 3,X,-0.6111111111111111111111111111,302,TIMEOUT,Z,0.4223,0.3433924
7/4/6/6/6/3/5/7/7 3 3,Z,2,0,BLOCK,Z,0.2776424,0.402714
7/6/4/6/6/3/5/7/7 3 3,X,1.8571428571428571428571428572,0,BLOCK,X,0.4057748,0.4031752
7/6/6/4/6/3/5/7/7 3 3,Z,2.1666666666666666666666666666,0,BLOCK,Z,0.6178912,0.6856359
7/6/6/6/4/3/5/7/7 3 3,X,2,0,BLOCK,X,0.5406897,0.3999682
7/6/6/6/6/3/1/7/7 3 3,X,-2,0,BLOCK,X,0.7863496,0.7741683
7/4/6/6/6/3/3/7/7 3 3,Z,2,0,BLOCK,Z,0.3506032,0.3003394
7/6/4/6/6/3/3/7/7 3 3,X,2.00,0,BLOCK,X,0.4710196,0.4138716
7/6/6/4/6/3/3/7/7 3 3,Z,2.1666666666666666666666666666,2,BLOCK,Z,1.266185,0.7344506
7/6/6/6/4/3/3/7/7 3 3,X,2.20,0,BLOCK,X,0.7678753,0.5817032
7/4/6/6/6/3/7/6/7 3 3,Z,1.875,0,BLOCK,Z,0.1811928,0.2354812
7/6/4/6/6/3/7/6/7 3 3,X,1.8571428571428571428571428572,0,BLOCK,X,0.4462098,0.3857404
7/6/6/4/6/3/7/6/7 3 3,Z,2.00,0,BLOCK,Z,0.7925214,0.7552396
7/6/6/6/4/3/7/6/7 3 3,X,2,0,BLOCK,X,0.54165,0.6244276
7/6/6/6/6/3/7/4/7 3 3,Z,2,0,BLOCK,Z,0.4926971,0.524671
7/4/6/6/6/3/7/5/7 3 3,Z,2,0,BLOCK,Z,0.4974672,0.4837425
7/6/4/6/6/3/7/5/7 3 3,X,1.8571428571428571428571428572,0,BLOCK,X,0.5865615,0.3160282
7/6/2/6/6/3/7/5/7 3 3,Z,0.5833333333333333333333333333,302,TIMEOUT,Z,0.01178912,0.007700816
7/6/6/4/6/3/7/5/7 3 3,Z,2.1666666666666666666666666666,0,BLOCK,Z,0.4937853,0.647739
7/6/6/6/4/3/7/5/7 3 3,X,2,0,BLOCK,X,0.6974379,0.7966314
7/6/6/6/6/3/7/1/7 3 3,Z,-2,0,BLOCK,Z,0.3267389,0.4036843
7/4/6/6/6/3/7/3/7 3 3,Z,2.1250000000000000000000000002,0,BLOCK,Z,0.5979802,0.3946426
7/6/4/6/6/3/7/3/7 3 3,X,1.8571428571428571428571428572,2,BLOCK,X,0.8050509,0.4237074
7/6/6/4/6/3/7/3/7 3 3,Z,2.3333333333333333333333333334,0,BLOCK,Z,0.6438681,0.7743967
7/6/6/6/4/3/7/3/7 3 3,X,2,0,BLOCK,X,1.026565,0.7183782
7/4/6/6/6/3/7/7/6 3 3,Z,2,0,BLOCK,Z,0.5328172,0.3258015
7/6/4/6/6/3/7/7/6 3 3,X,1.7142857142857142857142857142,0,BLOCK,X,0.7348086,0.1852436
7/6/6/4/6/3/7/7/6 3 3,Z,2.1666666666666666666666666666,0,BLOCK,Z,0.7490407,0.8360948
7/6/6/6/4/3/7/7/6 3 3,X,1.80,0,BLOCK,X,0.6090453,0.735097
7/4/6/6/6/3/7/7/5 3 3,Z,2,2,BLOCK,Z,0.7929796,0.4526867
7/6/4/6/6/3/7/7/5 3 3,X,1.8571428571428571428571428572,0,BLOCK,X,0.5246229,0.3427811
7/6/6/4/6/3/7/7/5 3 3,Z,2.1666666666666666666666666666,0,BLOCK,Z,0.6356654,0.8204906
7/6/6/6/4/3/7/7/5 3 3,X,2,2,BLOCK,X,0.9636974,0.6122608
7/4/6/6/6/3/7/7/3 3 3,Z,2,0,BLOCK,Z,0.5460562,0.3715749
7/6/4/6/6/3/7/7/3 3 3,X,2.00,0,BLOCK,X,0.5672389,0.4516674
7/6/6/4/6/3/7/7/3 3 3,Z,2.1666666666666666666666666666,0,BLOCK,Z,0.336741,0.5229037
7/6/6/6/4/3/7/7/3 3 3,X,2.20,2,BLOCK,X,1.064678,0.6294274
7/6/6/6/6/3/7/7/2 3 3,Z,0.5909090909090909090909090909,302,TIMEOUT,Z,0.0110683,0.006668874
7/4/6/6/6/7/2/7/7 3 3,Z,1.875,2,BLOCK,Z,0.7218686,0.3800917
7/6/4/6/6/7/2/7/7 3 3,X,1.8571428571428571428571428572,2,BLOCK,X,0.7752794,0.4661767
7/6/6/4/6/7/2/7/7 3 3,Z,2,2,BLOCK,Z,1.025742,0.5675394
7/6/6/6/4/7/2/7/7 3 3,X,2,0,BLOCK,X,0.319566,0.3701868
7/4/6/6/6/7/6/6/7 3 3,Z,1.75,0,BLOCK,Z,0.4719194,0.3112222
7/6/4/6/6/7/6/6/7 3 3,X,1.7142857142857142857142857142,2,BLOCK,X,0.8329094,0.4310402
7/6/6/4/6/7/6/6/7 3 3,Z,1.8333333333333333333333333334,0,BLOCK,Z,0.6154659,0.3904446
7/6/6/6/4/7/6/6/7 3 3,X,1.8,0,BLOCK,X,0.5082914,0.5089895
7/6/6/6/6/7/4/6/7 3 3,X,2,2,BLOCK,X,1.402688,0.8232896
7/6/6/6/6/7/6/4/7 3 3,Z,2,0,BLOCK,Z,0.3146526,0.5385886
7/4/6/6/6/7/6/5/7 3 3,Z,1.875,0,BLOCK,Z,0.4746396,0.1578539
7/6/4/6/6/7/6/5/7 3 3,X,1.7142857142857142857142857142,2,BLOCK,X,0.7935011,0.5027808
7/6/6/4/6/7/6/5/7 3 3,Z,2,0,BLOCK,Z,0.7224687,0.6296691
7/6/6/6/4/7/6/5/7 3 3,X,1.8,0,BLOCK,X,0.6328249,0.547828
7/6/6/6/6/7/4/5/7 3 3,X,2,2,BLOCK,X,1.383442,0.7864681
7/6/6/6/6/7/6/1/7 3 3,Z,-2,0,BLOCK,Z,0.07878736,0.228581
7/4/6/6/6/7/6/3/7 3 3,Z,2,2,BLOCK,Z,0.7207925,0.4482235
7/6/4/6/6/7/6/3/7 3 3,X,1.7142857142857142857142857142,0,BLOCK,X,0.5835032,0.4779126
7/6/6/4/6/7/6/3/7 3 3,Z,2.1666666666666666666666666666,0,BLOCK,Z,0.9491888,0.6928984
7/6/6/6/4/7/6/3/7 3 3,X,1.8,0,BLOCK,X,0.7344576,0.6259188
7/6/6/6/6/7/4/3/7 3 3,X,2,0,BLOCK,X,0.6909163,0.8650981
7/4/6/6/6/7/6/7/6 3 3,Z,1.875,0,BLOCK,Z,0.5901299,0.3021395
7/6/4/6/6/7/6/7/6 3 3,X,1.5714285714285714285714285714,0,BLOCK,X,0.6241221,0.4108427
7/6/6/4/6/7/6/7/6 3 3,Z,2,0,BLOCK,Z,0.672253,0.5908149
7/6/6/6/4/7/6/7/6 3 3,X,1.6,0,BLOCK,X,0.5397581,0.4514246
7/6/6/6/6/7/4/7/6 3 3,X,1.6,0,BLOCK,X,0.3983177,0.57088
7/4/6/6/6/7/6/7/5 3 3,Z,1.875,2,BLOCK,Z,0.7549616,0.4784639
7/6/4/6/6/7/6/7/5 3 3,X,1.7142857142857142857142857142,0,BLOCK,X,0.4830931,0.4188355
7/6/6/4/6/7/6/7/5 3 3,Z,2,0,BLOCK,Z,0.4899525,0.62656
7/6/6/6/4/7/6/7/5 3 3,X,1.8,2,BLOCK,X,0.9685544,0.5030302
7/6/6/6/6/7/4/7/5 3 3,X,2,0,BLOCK,X,0.7873246,0.8340504
7/4/6/6/6/7/6/7/3 3 3,Z,1.875,2,BLOCK,Z,0.757938,0.3558657
7/6/4/6/6/7/6/7/3 3 3,X,1.8571428571428571428571428572,0,BLOCK,X,0.5905259,0.464075
7/6/6/4/6/7/6/7/3 3 3,Z,2,0,BLOCK,Z,0.8702747,0.588614
7/6/6/6/4/7/6/7/3 3 3,X,2,0,BLOCK,X,0.4639356,0.5386512
7/6/6/6/2/7/6/7/3 3 3,X,0.7,302,TIMEOUT,Z,0.01463644,0.009626796
7/6/6/6/6/7/4/7/3 3 3,X,2.4,0,BLOCK,X,0.6690169,0.8633813
7/4/6/6/6/7/5/6/7 3 3,Z,1.75,0,BLOCK,Z,0.4068055,0.2557172
7/6/4/6/6/7/5/6/7 3 3,X,1.8571428571428571428571428572,2,BLOCK,X,0.8204814,0.3631643
7/6/6/4/6/7/5/6/7 3 3,Z,1.8333333333333333333333333334,0,BLOCK,Z,0.7711663,0.4494371
7/6/6/6/4/7/5/6/7 3 3,X,2,2,BLOCK,X,0.9744316,0.699294
7/6/6/6/6/7/1/6/7 3 3,X,-2,0,BLOCK,X,0.5898058,0.5538929
7/6/6/6/6/7/5/4/7 3 3,Z,2,0,BLOCK,Z,1.634206,1.150359
7/4/6/6/6/7/5/5/7 3 3,Z,1.875,2,BLOCK,Z,0.7347929,0.4125235
7/6/4/6/6/7/5/5/7 3 3,X,1.8571428571428571428571428572,2,BLOCK,X,0.7454035,0.4946689
7/6/6/4/6/7/5/5/7 3 3,Z,2,2,BLOCK,Z,0.9151307,0.5145707
7/6/6/6/4/7/5/5/7 3 3,X,2,2,BLOCK,X,0.9432743,0.6871498
7/6/6/6/6/7/1/5/7 3 3,X,-2,0,BLOCK,X,0.6531517,0.6253182
7/6/6/6/6/7/5/1/7 3 3,Z,-2,0,BLOCK,Z,1.593005,0.9957793
7/4/6/6/6/7/5/3/7 3 3,Z,2,2,BLOCK,Z,0.8222419,0.4473874
7/6/4/6/6/7/5/3/7 3 3,X,1.8571428571428571428571428572,0,BLOCK,X,0.5133057,0.3965154
7/6/6/4/6/7/5/3/7 3 3,Z,2.1666666666666666666666666666,0,BLOCK,Z,0.7689586,0.5615589
7/6/6/6/4/7/5/3/7 3 3,X,2,2,BLOCK,X,0.966845,0.5454735
7/6/6/6/6/7/1/3/7 3 3,X,-2,0,BLOCK,X,0.7834211,0.7815681
7/4/6/6/6/7/5/7/6 3 3,Z,1.875,0,BLOCK,Z,0.4998067,0.3953577
7/6/4/6/6/7/5/7/6 3 3,X,1.7142857142857142857142857142,0,BLOCK,X,0.5273198,0.3516812
7/6/6/4/6/7/5/7/6 3 3,Z,2,2,BLOCK,Z,0.9184981,0.5107586
7/6/6/6/4/7/5/7/6 3 3,X,1.8,0,BLOCK,X,0.6583729,0.6720738
7/6/6/6/6/7/1/7/6 3 3,X,-2.4,0,BLOCK,X,1.099626,0.8530508
7/4/6/6/6/7/5/7/5 3 3,Z,1.875,0,BLOCK,Z,0.342416,0.2349415
7/6/4/6/6/7/5/7/5 3 3,X,1.8571428571428571428571428572,2,BLOCK,X,0.8236689,0.5708197
7/6/6/4/6/7/5/7/5 3 3,Z,2,0,BLOCK,Z,0.8525668,0.4900714
7/6/6/6/4/7/5/7/5 3 3,X,2,0,BLOCK,X,0.6976084,0.6047407
7/6/6/6/6/7/1/7/5 3 3,X,-2,0,BLOCK,X,0.9438315,0.8670732
7/4/6/6/6/7/5/7/3 3 3,Z,1.875,0,BLOCK,Z,0.6215568,0.4065407
7/6/4/6/6/7/5/7/3 3 3,X,2,2,BLOCK,X,0.8547245,0.418126
7/6/6/4/6/7/5/7/3 3 3,Z,2,0,BLOCK,Z,0.5840332,0.6432605
7/6/6/6/4/7/5/7/3 3 3,X,2.2,2,BLOCK,X,1.052915,0.6649365
7/6/6/6/6/7/1/7/3 3 3,X,-1.6,0,BLOCK,X,0.4105355,0.4740131
7/4/6/6/6/7/3/6/7 3 3,Z,1.75,0,BLOCK,Z,0.777972,0.2352359
7/6/4/6/6/7/3/6/7 3 3,X,2,0,BLOCK,X,0.53418,0.4294288
7/6/6/4/6/7/3/6/7 3 3,Z,1.8333333333333333333333333334,0,BLOCK,Z,0.4745009,0.4009342
7/6/6/6/4/7/3/6/7 3 3,X,2.2,0,BLOCK,X,0.6331283,0.5698644
7/6/6/6/6/7/3/4/7 3 3,Z,2,0,BLOCK,Z,0.9550636,0.648384
7/4/6/6/6/7/3/5/7 3 3,Z,1.875,0,BLOCK,Z,0.2600623,0.3191357
7/6/4/6/6/7/3/5/7 3 3,X,2,0,BLOCK,X,0.6536817,0.5001602
7/6/6/4/6/7/3/5/7 3 3,Z,2,0,BLOCK,Z,0.5414566,0.4068112
7/6/6/6/4/7/3/5/7 3 3,X,2.2,0,BLOCK,X,0.5010965,0.5913885
7/6/6/6/6/7/3/1/7 3 3,Z,-2,0,BLOCK,Z,0.196567,0.3116003
7/4/6/6/6/7/3/3/7 3 3,Z,2,0,BLOCK,Z,0.3855056,0.2236755
7/6/4/6/6/7/3/3/7 3 3,X,2,0,BLOCK,X,0.4965795,0.4321305
7/6/6/4/6/7/3/3/7 3 3,Z,2.1666666666666666666666666666,2,BLOCK,Z,0.8995319,0.6889696
7/6/6/6/4/7/3/3/7 3 3,X,2.2,2,BLOCK,X,1.339187,0.6652255
7/4/6/6/6/7/3/7/6 3 3,Z,1.875,2,BLOCK,Z,0.6348562,0.4230648
7/6/4/6/6/7/3/7/6 3 3,X,1.8571428571428571428571428572,0,BLOCK,X,0.4972375,0.4765451
7/6/6/4/6/7/3/7/6 3 3,Z,2,2,BLOCK,Z,0.9669375,0.5883206
7/6/6/6/4/7/3/7/6 3 3,X,2,2,BLOCK,X,1.398973,0.8925554
7/4/6/6/6/7/3/7/5 3 3,Z,1.875,0,BLOCK,Z,0.7623608,0.3665778
7/6/4/6/6/7/3/7/5 3 3,X,2,0,BLOCK,X,0.5587579,0.5431174
7/6/6/4/6/7/3/7/5 3 3,Z,2,0,BLOCK,Z,0.7748095,0.4486707
7/6/6/6/4/7/3/7/5 3 3,X,2.2,0,BLOCK,X,0.917351,0.6509911
7/6/6/6/2/7/3/7/5 3 3,X,0.5769230769230769230769230769,28,BLOCK,Z,0.720535,0.430606
7/4/6/6/6/7/3/7/3 3 3,Z,1.875,2,BLOCK,Z,0.7829882,0.3954728
7/6/4/6/6/7/3/7/3 3 3,X,2.1428571428571428571428571428,0,BLOCK,X,0.6927177,0.5678648
7/6/6/4/6/7/3/7/3 3 3,Z,2,0,BLOCK,Z,0.6877081,0.4385176
7/6/6/6/4/7/3/7/3 3 3,X,2.4,0,BLOCK,X,0.5907745,0.534538
7/4/6/6/6/7/7/2/7 3 3,Z,1.875,2,BLOCK,Z,0.7404658,0.4238243
7/6/4/6/6/7/7/2/7 3 3,X,1.8571428571428571428571428572,0,BLOCK,X,0.661254,0.4853247
7/6/6/4/6/7/7/2/7 3 3,Z,2,0,BLOCK,Z,0.7042304,0.6466903
7/6/6/6/4/7/7/2/7 3 3,X,2,0,BLOCK,X,0.7378972,0.7422621
7/4/6/6/6/7/7/6/6 3 3,Z,1.75,0,BLOCK,Z,0.3915016,0.258142
7/6/4/6/6/7/7/6/6 3 3,X,1.7142857142857142857142857142,0,BLOCK,X,0.438186,0.4010668
7/6/6/4/6/7/7/6/6 3 3,Z,1.8333333333333333333333333334,2,BLOCK,Z,0.9916639,0.5824298
7/6/6/6/4/7/7/6/6 3 3,X,1.8,0,BLOCK,X,0.7522236,0.595499
7/6/6/6/6/7/7/4/6 3 3,Z,2,0,BLOCK,Z,0.2216819,0.4850329
7/4/6/6/6/7/7/6/5 3 3,Z,1.75,2,BLOCK,Z,0.733108,0.4017544
7/6/4/6/6/7/7/6/5 3 3,X,1.8571428571428571428571428572,0,BLOCK,X,0.4909871,0.4085603
7/6/6/4/6/7/7/6/5 3 3,Z,1.8333333333333333333333333334,0,BLOCK,Z,0.8069272,0.4945159
7/6/6/6/4/7/7/6/5 3 3,X,2,2,BLOCK,X,1.002502,0.5551394
7/6/6/6/6/7/7/4/5 3 3,Z,2,0,BLOCK,Z,0.3696053,0.5024567
7/4/6/6/6/7/7/6/3 3 3,Z,1.75,0,BLOCK,Z,0.4012441,0.2837629
7/6/4/6/6/7/7/6/3 3 3,X,2,2,BLOCK,X,0.8736124,0.5409061
7/6/6/4/6/7/7/6/3 3 3,Z,1.8333333333333333333333333334,2,BLOCK,Z,0.9369773,0.5412359
7/6/6/6/4/7/7/6/3 3 3,X,2.2,0,BLOCK,X,0.5990243,0.6220793
7/6/6/6/6/7/7/4/3 3 3,Z,2,0,BLOCK,Z,0.1829568,0.4565381
7/4/6/6/6/7/7/5/6 3 3,Z,1.875,2,BLOCK,Z,0.7107447,0.4634977
7/6/4/6/6/7/7/5/6 3 3,X,1.7142857142857142857142857142,2,BLOCK,X,0.7746255,0.4661163
7/6/6/4/6/7/7/5/6 3 3,Z,2,2,BLOCK,Z,0.9880273,0.5612398
7/6/6/6/4/7/7/5/6 3 3,X,1.8,0,BLOCK,X,0.8049403,0.5292609
7/6/6/6/6/7/7/1/6 3 3,Z,-2,0,BLOCK,Z,0.1445778,0.1890317
7/4/6/6/6/7/7/5/5 3 3,Z,1.875,0,BLOCK,Z,0.4514406,0.265946
7/6/4/6/6/7/7/5/5 3 3,X,1.8571428571428571428571428572,0,BLOCK,X,0.5532976,0.4957726
7/6/6/4/6/7/7/5/5 3 3,Z,2,0,BLOCK,Z,0.5499522,0.6033415
7/6/6/6/4/7/7/5/5 3 3,X,2,0,BLOCK,X,0.8083657,0.6145538
7/6/6/6/6/7/7/1/5 3 3,Z,-2,0,BLOCK,Z,0.07372098,0.2816302
7/4/6/6/6/7/7/5/3 3 3,Z,1.875,0,BLOCK,Z,0.5846986,0.2829564
7/6/4/6/6/7/7/5/3 3 3,X,2,0,BLOCK,X,0.6587365,0.3948941
7/6/6/4/6/7/7/5/3 3 3,Z,2,2,BLOCK,Z,1.000093,0.6829378
7/6/6/6/4/7/7/5/3 3 3,X,2.2,0,BLOCK,X,0.5468867,0.6159439
7/6/6/6/6/7/7/1/3 3 3,Z,-2,2,BLOCK,Z,1.609259,1.0336
7/4/6/6/6/7/7/3/6 3 3,Z,2,0,BLOCK,Z,0.5014467,0.3535548
7/6/4/6/6/7/7/3/6 3 3,X,1.7142857142857142857142857142,0,BLOCK,X,0.6872699,0.196723
7/6/6/4/6/7/7/3/6 3 3,Z,2.1666666666666666666666666666,2,BLOCK,Z,1.020943,0.6639526
7/6/6/6/4/7/7/3/6 3 3,X,1.8,0,BLOCK,X,0.8727282,0.6240083
7/4/6/6/6/7/7/3/5 3 3,Z,2,2,BLOCK,Z,0.767295,0.4945257
7/6/4/6/6/7/7/3/5 3 3,X,1.8571428571428571428571428572,2,BLOCK,X,0.8353367,0.5156883
7/6/6/4/6/7/7/3/5 3 3,Z,2.1666666666666666666666666666,2,BLOCK,Z,1.0429,0.6496387
7/6/6/6/4/7/7/3/5 3 3,X,2,2,BLOCK,X,1.019448,0.5494722
7/4/6/6/6/7/7/3/3 3 3,Z,2,2,BLOCK,Z,0.8472186,0.3608611
7/6/4/6/6/7/7/3/3 3 3,X,2,2,BLOCK,X,0.8919562,0.4668822
7/6/6/4/6/7/7/3/3 3 3,Z,2.1666666666666666666666666666,0,BLOCK,Z,0.6290551,0.6325622
7/6/6/6/4/7/7/3/3 3 3,X,2.2,2,BLOCK,X,1.153934,0.5786684
7/4/6/6/6/7/7/7/4 3 3,Z,1.875,0,BLOCK,Z,0.469845,0.4686283
7/6/4/6/6/7/7/7/4 3 3,X,1.7142857142857142857142857142,0,BLOCK,X,0.4716272,0.4980747
7/6/6/4/6/7/7/7/4 3 3,Z,2,0,BLOCK,Z,0.9694907,0.5659806
7/6/6/6/4/7/7/7/4 3 3,X,1.8,2,BLOCK,X,0.9167291,0.6361564
7/4/6/6/6/7/7/7/2 3 3,Z,1.875,0,BLOCK,Z,0.4629214,0.2629815
7/6/4/6/6/7/7/7/2 3 3,X,1.8571428571428571428571428572,0,BLOCK,X,0.548456,0.5277531
7/6/6/4/6/7/7/7/2 3 3,Z,2,0,BLOCK,Z,0.7400751,0.6089321
7/6/6/6/4/7/7/7/2 3 3,X,2,0,BLOCK,X,0.7223251,0.5876517
7/4/6/6/6/7/7/7/1 3 3,Z,1.875,0,BLOCK,Z,0.6995593,0.3954475
7/6/4/6/6/7/7/7/1 3 3,X,2,0,BLOCK,X,0.6475689,0.391472
7/6/6/4/6/7/7/7/1 3 3,Z,2,0,BLOCK,Z,0.8659408,0.7170339
7/6/6/6/4/7/7/7/1 3 3,X,2.2,2,BLOCK,X,1.159189,0.5554179
7/4/6/6/5/2/7/7/7 3 3,Z,1.875,0,BLOCK,Z,0.4450184,0.2158413
7/6/4/6/5/2/7/7/7 3 3,X,2,0,BLOCK,X,0.6454198,0.4880221
7/6/6/4/5/2/7/7/7 3 3,Z,2,0,BLOCK,Z,0.552684,0.5447118
7/6/6/6/1/2/7/7/7 3 3,X,-2,0,BLOCK,X,0.4796765,0.6721837
7/4/6/6/5/6/6/7/7 3 3,Z,1.75,0,BLOCK,Z,0.5589466,0.3392729
7/6/4/6/5/6/6/7/7 3 3,X,1.8571428571428571428571428572,2,BLOCK,X,0.7441854,0.4782074
7/6/6/4/5/6/6/7/7 3 3,Z,1.8333333333333333333333333334,0,BLOCK,Z,0.4822269,0.4812086
7/6/6/6/1/6/6/7/7 3 3,X,-2.20,0,BLOCK,X,0.6736332,0.6698555
7/6/6/6/5/4/6/7/7 3 3,Z,2,0,BLOCK,Z,0.780544,0.6114998
7/6/6/6/5/6/4/7/7 3 3,X,2,2,BLOCK,X,1.422133,1.015016
7/4/6/6/5/6/5/7/7 3 3,Z,1.75,0,BLOCK,Z,0.6551127,0.3682909
7/6/4/6/5/6/5/7/7 3 3,X,2,0,BLOCK,X,0.8116002,0.3927403
7/6/6/4/5/6/5/7/7 3 3,Z,1.8333333333333333333333333334,0,BLOCK,Z,0.9328126,0.6134136
7/6/6/6/1/6/5/7/7 3 3,X,-2,0,BLOCK,X,0.7565001,0.7230489
7/6/6/6/5/4/5/7/7 3 3,Z,2,0,BLOCK,Z,0.6894351,0.9183172
7/6/6/6/5/6/1/7/7 3 3,X,-2,0,BLOCK,X,0.4377588,0.5020652
7/4/6/6/5/6/3/7/7 3 3,Z,1.75,0,BLOCK,Z,0.5773445,0.2595356
7/6/4/6/5/6/3/7/7 3 3,X,2.1428571428571428571428571428,0,BLOCK,X,0.6334404,0.4373403
7/6/6/4/5/6/3/7/7 3 3,Z,1.8333333333333333333333333334,2,BLOCK,Z,0.9932644,0.51328
7/6/6/6/1/6/3/7/7 3 3,X,-1.80,0,BLOCK,X,0.1877163,0.7317707
7/6/6/6/5/4/3/7/7 3 3,Z,2,0,BLOCK,Z,0.8562286,0.7607204
7/4/6/6/5/6/7/6/7 3 3,Z,1.625,0,BLOCK,Z,0.2573032,0.2147333
7/6/4/6/5/6/7/6/7 3 3,X,2,0,BLOCK,X,0.6721432,0.412502
7/6/6/4/5/6/7/6/7 3 3,Z,1.6666666666666666666666666666,0,BLOCK,Z,0.3571762,0.4261802
7/6/6/6/1/6/7/6/7 3 3,X,-2,0,BLOCK,X,0.4830587,0.6943673
7/6/6/6/5/4/7/6/7 3 3,Z,1.75,0,BLOCK,Z,1.048421,0.8097216
7/6/6/6/5/6/7/4/7 3 3,Z,2,0,BLOCK,Z,0.4749887,0.7446176
7/4/6/6/5/6/7/5/7 3 3,Z,1.75,0,BLOCK,Z,0.2351232,0.2301806
7/6/4/6/5/6/7/5/7 3 3,X,2,0,BLOCK,X,0.652878,0.5364592
7/6/6/4/5/6/7/5/7 3 3,Z,1.8333333333333333333333333334,0,BLOCK,Z,0.5034959,0.3505441
7/6/6/6/1/6/7/5/7 3 3,X,-2,0,BLOCK,X,0.539262,0.5765201
7/6/6/6/5/4/7/5/7 3 3,Z,2,0,BLOCK,Z,0.8710973,0.7859696
7/6/6/6/5/6/7/1/7 3 3,Z,-2,0,BLOCK,Z,0.1769453,0.2463508
7/4/6/6/5/6/7/3/7 3 3,Z,1.875,2,BLOCK,Z,0.7060905,0.4079084
7/6/4/6/5/6/7/3/7 3 3,X,2,0,BLOCK,X,0.6564175,0.3915915
7/6/6/4/5/6/7/3/7 3 3,Z,2.00,2,BLOCK,Z,0.9859588,0.5812563
7/6/6/6/1/6/7/3/7 3 3,X,-2,0,BLOCK,X,0.5721006,0.570224
7/6/6/6/5/4/7/3/7 3 3,Z,2.25,0,BLOCK,Z,0.6746272,0.6691363
7/4/6/6/5/6/7/7/6 3 3,Z,1.75,0,BLOCK,Z,0.5212387,0.5517318
7/6/4/6/5/6/7/7/6 3 3,X,1.8571428571428571428571428572,0,BLOCK,X,0.5666674,0.3770936
7/6/6/4/5/6/7/7/6 3 3,Z,1.8333333333333333333333333334,2,BLOCK,Z,0.9488372,0.4996711
7/6/6/6/1/6/7/7/6 3 3,X,-2.20,0,BLOCK,X,0.6004436,0.6682169
7/6/6/6/5/4/7/7/6 3 3,Z,2,0,BLOCK,Z,0.8086991,0.7308687
7/4/6/6/5/6/7/7/5 3 3,Z,1.75,0,BLOCK,Z,0.4848803,0.3209361
7/6/4/6/5/6/7/7/5 3 3,X,2,2,BLOCK,X,0.8660862,0.4532267
7/6/6/4/5/6/7/7/5 3 3,Z,1.8333333333333333333333333334,0,BLOCK,Z,0.5774755,0.4359072
7/6/6/6/1/6/7/7/5 3 3,X,-2,0,BLOCK,X,0.7061272,0.6961788
7/6/6/6/5/4/7/7/5 3 3,Z,2,0,BLOCK,Z,0.7180476,0.6629596
7/4/6/6/5/6/7/7/3 3 3,Z,1.75,0,BLOCK,Z,0.3896349,0.2551027
7/6/4/6/5/6/7/7/3 3 3,X,2.1428571428571428571428571428,2,BLOCK,X,0.9122387,0.4716208
7/6/6/4/5/6/7/7/3 3 3,Z,1.8333333333333333333333333334,2,BLOCK,Z,0.9330814,0.4851312
7/6/6/6/1/6/7/7/3 3 3,X,-1.80,0,BLOCK,X,0.6409739,0.6571603
7/6/6/6/5/4/7/7/3 3 3,Z,2,0,BLOCK,Z,1.278386,0.7633115
7/4/6/6/5/3/6/7/7 3 3,Z,2,0,BLOCK,Z,0.4457651,0.246112
7/6/4/6/5/3/6/7/7 3 3,X,1.8571428571428571428571428572,0,BLOCK,X,0.5693474,0.261922
7/6/6/4/5/3/6/7/7 3 3,Z,2.1666666666666666666666666666,0,BLOCK,Z,0.7205959,0.7514726
7/6/6/6/1/3/6/7/7 3 3,X,-2.20,2,BLOCK,X,1.429794,1.164625
7/6/6/6/5/1/6/7/7 3 3,Z,-2,0,BLOCK,Z,1.099865,0.9471812
7/6/6/6/5/3/4/7/7 3 3,X,2,0,BLOCK,X,0.6964515,0.7952277
7/4/6/6/5/3/5/7/7 3 3,Z,2,0,BLOCK,Z,0.5289438,0.4777351
7/6/4/6/5/3/5/7/7 3 3,X,2,2,BLOCK,X,0.7922066,0.3875172
7/6/6/4/5/3/5/7/7 3 3,Z,2.1666666666666666666666666666,0,BLOCK,Z,0.672325,0.6715392
7/6/6/6/1/3/5/7/7 3 3,X,-2,2,BLOCK,X,1.112733,1.148282
7/6/6/6/5/1/5/7/7 3 3,Z,-2,0,BLOCK,Z,0.7097369,0.6299554
7/6/6/6/5/3/1/7/7 3 3,X,-2,0,BLOCK,X,0.5944619,0.5748852
7/4/6/6/5/3/3/7/7 3 3,Z,2,0,BLOCK,Z,0.1767755,0.4050487
7/6/4/6/5/3/3/7/7 3 3,X,2.1428571428571428571428571428,0,BLOCK,X,0.3653165,0.3615491
7/6/6/4/5/3/3/7/7 3 3,Z,2.1666666666666666666666666666,0,BLOCK,Z,0.7880632,0.763544
7/6/6/6/1/3/3/7/7 3 3,X,-1.80,0,BLOCK,X,0.4306998,0.6615655
7/6/6/6/5/1/3/7/7 3 3,Z,-2,0,BLOCK,Z,0.6775182,0.8145936
7/4/6/6/5/3/7/6/7 3 3,Z,1.875,2,BLOCK,Z,0.9212916,0.5715141
7/6/4/6/5/3/7/6/7 3 3,X,2,0,BLOCK,X,0.6658742,0.3878762
7/6/6/4/5/3/7/6/7 3 3,Z,2.00,0,BLOCK,Z,1.255477,0.7263466
7/6/6/6/1/3/7/6/7 3 3,X,-2,0,BLOCK,X,0.6558617,0.5687238
7/6/6/6/5/1/7/6/7 3 3,Z,-2.25,0,BLOCK,Z,1.402974,1.015308
7/6/6/6/5/3/7/4/7 3 3,Z,2,0,BLOCK,Z,0.6547134,0.774484
7/4/6/6/5/3/7/5/7 3 3,Z,2,2,BLOCK,Z,0.7567849,0.4818785
7/6/4/6/5/3/7/5/7 3 3,X,2,0,BLOCK,X,0.3875852,0.351091
7/6/6/4/5/3/7/5/7 3 3,Z,2.1666666666666666666666666666,0,BLOCK,Z,0.5981911,0.6625157
7/6/6/6/1/3/7/5/7 3 3,X,-2,0,BLOCK,X,0.9040898,0.7309231
7/6/6/6/5/1/7/5/7 3 3,Z,-2,0,BLOCK,Z,1.231149,0.9437017
7/6/6/6/5/3/7/1/7 3 3,Z,-2,0,BLOCK,Z,0.3112928,0.2749256
7/4/6/6/5/3/7/3/7 3 3,Z,2.1250000000000000000000000002,2,BLOCK,Z,0.8072478,0.4434254
7/6/4/6/5/3/7/3/7 3 3,X,2,2,BLOCK,X,1.033464,0.6902382
7/6/6/4/5/3/7/3/7 3 3,Z,2.3333333333333333333333333334,0,BLOCK,Z,0.8761614,0.6134701
7/6/6/6/1/3/7/3/7 3 3,X,-2,0,BLOCK,X,0.7325828,0.8339517
7/6/6/6/5/1/7/3/7 3 3,Z,-1.75,2,BLOCK,Z,1.277555,1.027308
7/4/6/6/5/3/7/7/6 3 3,Z,2,0,BLOCK,Z,0.3270057,0.2567683
7/6/4/6/5/3/7/7/6 3 3,X,1.8571428571428571428571428572,2,BLOCK,X,0.8548648,0.4688323
7/6/6/4/5/3/7/7/6 3 3,Z,2.1666666666666666666666666666,0,BLOCK,Z,0.5705315,0.6444044
7/6/6/6/1/3/7/7/6 3 3,X,-2.20,0,BLOCK,X,1.057319,1.16155
7/6/6/6/5/1/7/7/6 3 3,Z,-2,0,BLOCK,Z,0.7756781,0.6680363
7/4/6/6/5/3/7/7/5 3 3,Z,2,0,BLOCK,Z,0.4487413,0.3095647
7/6/4/6/5/3/7/7/5 3 3,X,2,0,BLOCK,X,0.5291845,0.3010474
7/6/6/4/5/3/7/7/5 3 3,Z,2.1666666666666666666666666666,0,BLOCK,Z,0.779569,0.7335199
7/6/6/6/1/3/7/7/5 3 3,X,-2,0,BLOCK,X,0.9536537,0.9278216
7/6/6/6/5/1/7/7/5 3 3,Z,-2,0,BLOCK,Z,1.260563,0.9551982
7/4/6/6/5/3/7/7/3 3 3,Z,2,0,BLOCK,Z,0.3825676,0.2226421
7/6/4/6/5/3/7/7/3 3 3,X,2.1428571428571428571428571428,0,BLOCK,X,0.67057,0.3127072
7/6/6/4/5/3/7/7/3 3 3,Z,2.1666666666666666666666666666,0,BLOCK,Z,0.4569979,0.5946323
7/6/6/6/1/3/7/7/3 3 3,X,-1.80,2,BLOCK,X,1.074571,0.9761025
7/6/6/6/5/1/7/7/3 3 3,Z,-2,2,BLOCK,Z,1.280108,0.9979746
7/4/6/6/5/5/6/7/7 3 3,Z,1.875,2,BLOCK,Z,0.8192914,0.3992311
7/6/4/6/5/5/6/7/7 3 3,X,1.8571428571428571428571428572,2,BLOCK,X,0.8096545,0.4695808
7/6/6/4/5/5/6/7/7 3 3,Z,2,0,BLOCK,Z,0.6853268,0.538433
7/6/6/6/1/5/6/7/7 3 3,X,-2.20,0,BLOCK,X,1.483826,1.315042
7/6/6/6/5/5/4/7/7 3 3,X,2,0,BLOCK,X,0.5349638,0.7504091
7/4/6/6/5/7/2/7/7 3 3,Z,1.875,2,BLOCK,Z,0.6291087,0.3532903
7/6/4/6/5/7/2/7/7 3 3,X,2,2,BLOCK,X,0.8576927,0.4839743
7/6/6/4/5/7/2/7/7 3 3,Z,2,2,BLOCK,Z,0.9843702,0.480196
7/6/6/6/1/7/2/7/7 3 3,X,-2,2,BLOCK,X,1.474988,1.289219
3/6/6/6/5/7/6/6/7 3 3,X,-0.6111111111111111111111111111,302,TIMEOUT,Z,0.1739249,0.1100659
7/4/6/6/5/7/6/6/7 3 3,Z,1.75,0,BLOCK,Z,0.4332928,0.2523096
7/6/4/6/5/7/6/6/7 3 3,X,1.8571428571428571428571428572,2,BLOCK,X,0.7717161,0.5680456
7/6/6/4/5/7/6/6/7 3 3,Z,1.8333333333333333333333333334,0,BLOCK,Z,0.6200692,0.4771468
7/6/6/6/1/7/6/6/7 3 3,X,-2.2,2,BLOCK,X,1.503882,1.200882
7/6/6/6/5/7/4/6/7 3 3,X,2,0,BLOCK,X,0.573856,0.624765
7/6/6/6/5/7/6/4/7 3 3,Z,2,0,BLOCK,Z,1.060748,0.7391831
7/4/6/6/5/7/6/5/7 3 3,Z,1.875,2,BLOCK,Z,0.7122948,0.4333887
7/6/4/6/5/7/6/5/7 3 3,X,1.8571428571428571428571428572,0,BLOCK,X,0.3317948,0.2116735
7/6/6/4/5/7/6/5/7 3 3,Z,2,2,BLOCK,Z,0.972645,0.4941545
7/6/6/6/1/7/6/5/7 3 3,X,-2.2,0,BLOCK,X,0.6683137,0.7100158
7/6/6/6/5/7/4/5/7 3 3,X,2,0,BLOCK,X,0.3961359,0.6827689
7/6/6/6/5/7/6/1/7 3 3,Z,-2,2,BLOCK,Z,1.596895,1.054658
7/4/6/6/5/7/6/3/7 3 3,Z,2,0,BLOCK,Z,0.5467809,0.2550359
7/6/4/6/5/7/6/3/7 3 3,X,1.8571428571428571428571428572,0,BLOCK,X,0.631246,0.51967
7/6/6/4/5/7/6/3/7 3 3,Z,2.1666666666666666666666666666,0,BLOCK,Z,0.7692773,0.6458951
7/6/6/6/1/7/6/3/7 3 3,X,-2.2,0,BLOCK,X,0.5318872,0.4355223
7/6/6/6/5/7/4/3/7 3 3,X,2,0,BLOCK,X,0.5722404,0.7363771
7/4/6/6/5/7/6/7/6 3 3,Z,1.875,2,BLOCK,Z,0.6831729,0.4443067
7/6/4/6/5/7/6/7/6 3 3,X,1.7142857142857142857142857142,0,BLOCK,X,0.6984666,0.3311502
7/6/6/4/5/7/6/7/6 3 3,Z,2,0,BLOCK,Z,0.7004611,0.5358496
7/6/6/6/1/7/6/7/6 3 3,X,-2.4,0,BLOCK,X,0.9035103,0.7753103
7/6/6/6/5/7/4/7/6 3 3,X,1.6,0,BLOCK,X,1.389782,0.8180114
7/4/6/6/5/7/6/7/5 3 3,Z,1.875,0,BLOCK,Z,0.4364206,0.3929802
7/6/4/6/5/7/6/7/5 3 3,X,1.8571428571428571428571428572,0,BLOCK,X,0.4724825,0.3009467
7/6/6/4/5/7/6/7/5 3 3,Z,2,0,BLOCK,Z,0.6357746,0.5486944
7/6/6/6/1/7/6/7/5 3 3,X,-2.2,0,BLOCK,X,1.305491,1.042293
7/6/6/6/5/7/4/7/5 3 3,X,2,0,BLOCK,X,0.3568285,0.6259165
7/4/6/6/5/7/6/7/3 3 3,Z,1.875,0,BLOCK,Z,0.2081523,0.2137121
7/6/4/6/5/7/6/7/3 3 3,X,2,0,BLOCK,X,0.7833996,0.508093
7/6/6/4/5/7/6/7/3 3 3,Z,2,2,BLOCK,Z,1.005122,0.599497
7/6/6/6/1/7/6/7/3 3 3,X,-2,0,BLOCK,X,1.278371,0.78606
7/6/6/6/5/7/4/7/3 3 3,X,2.4,0,BLOCK,X,0.6955561,0.8338865
7/4/6/6/5/5/5/7/7 3 3,Z,1.875,0,BLOCK,Z,0.1629661,0.1393393
7/6/4/6/5/5/5/7/7 3 3,X,2,0,BLOCK,X,0.6373343,0.3686001
7/6/6/4/5/5/5/7/7 3 3,Z,2,0,BLOCK,Z,0.7055255,0.4632282
7/6/6/6/1/5/5/7/7 3 3,X,-2,0,BLOCK,X,1.09901,1.115439
7/6/6/6/5/5/1/7/7 3 3,X,-2,0,BLOCK,X,0.48683,0.6627762
7/4/6/6/5/7/5/6/7 3 3,Z,1.75,2,BLOCK,Z,0.6724591,0.4179177
7/6/4/6/5/7/5/6/7 3 3,X,2,0,BLOCK,X,0.6576223,0.5133154
7/6/6/4/5/7/5/6/7 3 3,Z,1.8333333333333333333333333334,0,BLOCK,Z,0.6527485,0.545356
7/6/6/6/1/7/5/6/7 3 3,X,-2,0,BLOCK,X,0.4961655,0.4292282
7/6/6/6/5/7/1/6/7 3 3,X,-2,0,BLOCK,X,0.2924233,0.4261292
7/6/6/6/5/7/5/4/7 3 3,Z,2,0,BLOCK,Z,0.3660474,0.590148
7/4/6/6/5/7/5/5/7 3 3,Z,1.875,0,BLOCK,Z,0.1951151,0.2710304
7/6/4/6/5/7/5/5/7 3 3,X,2,0,BLOCK,X,0.5430083,0.4613384
7/6/6/4/5/7/5/5/7 3 3,Z,2,0,BLOCK,Z,0.6364264,0.446424
7/6/6/6/1/7/5/5/7 3 3,X,-2,2,BLOCK,X,1.00923,1.006005
7/6/6/6/5/7/1/5/7 3 3,X,-2,0,BLOCK,X,0.5062004,0.6407617
7/6/6/6/5/7/5/1/7 3 3,Z,-2,0,BLOCK,Z,1.566545,0.974211
7/4/6/6/5/7/5/3/7 3 3,Z,2,0,BLOCK,Z,0.4052413,0.1878477
7/6/4/6/5/7/5/3/7 3 3,X,2,0,BLOCK,X,0.4775541,0.5637848
7/6/6/4/5/7/5/3/7 3 3,Z,2.1666666666666666666666666666,0,BLOCK,Z,0.9583541,0.7101943
7/6/6/6/1/7/5/3/7 3 3,X,-2,2,BLOCK,X,1.109594,1.03357
7/6/6/6/5/7/1/3/7 3 3,X,-2,0,BLOCK,X,0.4107889,0.546699
7/4/6/6/5/7/5/7/6 3 3,Z,1.875,0,BLOCK,Z,0.4804537,0.3452824
7/6/4/6/5/7/5/7/6 3 3,X,1.8571428571428571428571428572,2,BLOCK,X,0.8675461,0.4464746
7/6/6/4/5/7/5/7/6 3 3,Z,2,0,BLOCK,Z,0.5446231,0.5062079
7/6/6/6/1/7/5/7/6 3 3,X,-2.2,0,BLOCK,X,0.5904391,0.7616823
7/6/6/6/5/7/1/7/6 3 3,X,-2.4,0,BLOCK,X,0.4054453,0.6892996
7/4/6/6/5/7/5/7/5 3 3,Z,1.875,0,BLOCK,Z,0.571708,0.4469872
7/6/4/6/5/7/5/7/5 3 3,X,2,0,BLOCK,X,0.5614961,0.4928966
7/6/6/4/5/7/5/7/5 3 3,Z,2,2,BLOCK,Z,0.9777995,0.5560561
7/6/6/6/1/7/5/7/5 3 3,X,-2,0,BLOCK,X,0.7711881,0.5404174
7/6/6/6/5/7/1/7/5 3 3,X,-2,0,BLOCK,X,0.3588795,0.4607976
7/4/6/6/5/7/5/7/3 3 3,Z,1.875,2,BLOCK,Z,0.7835291,0.5236738
7/2/6/6/5/7/5/7/3 3 3,X,0.5714285714285714285714285714,302,TIMEOUT,Z,0.03153084,0.01879352
7/6/4/6/5/7/5/7/3 3 3,X,2.1428571428571428571428571428,0,BLOCK,X,0.7569324,0.4660666
7/6/6/4/5/7/5/7/3 3 3,Z,2,0,BLOCK,Z,0.6103992,0.5812076
7/6/6/6/1/7/5/7/3 3 3,X,-1.8,2,BLOCK,X,1.014516,0.9840555
7/6/6/6/5/7/1/7/3 3 3,X,-1.6,2,BLOCK,X,1.297182,0.907121
7/4/6/6/5/5/3/7/7 3 3,Z,1.875,2,BLOCK,Z,0.7579591,0.384917
7/6/4/6/5/5/3/7/7 3 3,X,2.1428571428571428571428571428,0,BLOCK,X,0.5998967,0.377805
7/6/6/4/5/5/3/7/7 3 3,Z,2,0,BLOCK,Z,0.4635329,0.3482135
7/6/6/6/1/5/3/7/7 3 3,X,-1.80,0,BLOCK,X,0.8719099,1.075694
7/4/6/6/5/7/3/6/7 3 3,Z,1.75,2,BLOCK,Z,0.5945661,0.3382927
7/6/4/6/5/7/3/6/7 3 3,X,2.1428571428571428571428571428,0,BLOCK,X,0.5146261,0.4579543
7/6/6/4/5/7/3/6/7 3 3,Z,1.8333333333333333333333333334,0,BLOCK,Z,0.5692188,0.4695649
7/6/6/6/1/7/3/6/7 3 3,X,-1.8,0,BLOCK,X,0.2346239,0.5236841
7/6/6/6/5/7/3/4/7 3 3,Z,2,0,BLOCK,Z,0.9498317,0.719092
7/4/6/6/5/7/3/5/7 3 3,Z,1.875,0,BLOCK,Z,0.4895401,0.2915437
7/6/4/6/5/7/3/5/7 3 3,X,2.1428571428571428571428571428,0,BLOCK,X,0.6742221,0.5595707
7/6/6/4/5/7/3/5/7 3 3,Z,2,0,BLOCK,Z,0.65945,0.5620376
7/6/6/6/1/7/3/5/7 3 3,X,-1.8,0,BLOCK,X,0.1420775,0.4683779
7/6/6/6/5/7/3/1/7 3 3,Z,-2,0,BLOCK,Z,1.642344,1.052359
7/4/6/6/5/7/3/3/7 3 3,Z,2,2,BLOCK,Z,0.7678301,0.3640476
7/6/4/6/5/7/3/3/7 3 3,X,2.1428571428571428571428571428,0,BLOCK,X,0.6332378,0.5202873
7/6/6/4/5/7/3/3/7 3 3,Z,2.1666666666666666666666666666,0,BLOCK,Z,0.5286648,0.6476854
7/6/6/6/1/7/3/3/7 3 3,X,-1.8,0,BLOCK,X,0.2698291,0.6906173
7/4/6/6/5/7/3/7/6 3 3,Z,1.875,2,BLOCK,Z,0.718177,0.4492529
7/6/4/6/5/7/3/7/6 3 3,X,2,2,BLOCK,X,0.9764611,0.5702918
7/6/6/4/5/7/3/7/6 3 3,Z,2,0,BLOCK,Z,0.7512074,0.6062812
7/6/6/6/1/7/3/7/6 3 3,X,-2,0,BLOCK,X,0.2807278,0.492359
7/4/6/6/5/7/3/7/5 3 3,Z,1.875,2,BLOCK,Z,0.7267216,0.4153451
7/6/4/6/5/7/3/7/5 3 3,X,2.1428571428571428571428571428,2,BLOCK,X,0.8913978,0.5848638
7/6/6/4/5/7/3/7/5 3 3,Z,2,2,BLOCK,Z,0.9365548,0.5993541
7/6/6/6/1/7/3/7/5 3 3,X,-1.8,0,BLOCK,X,0.3009107,0.5602299
7/4/6/6/5/7/3/7/3 3 3,Z,1.875,0,BLOCK,Z,0.5349273,0.4260267
7/6/4/6/5/7/3/7/3 3 3,X,2.2857142857142857142857142858,2,BLOCK,X,0.870783,0.614966
7/6/6/4/5/7/3/7/3 3 3,Z,2,2,BLOCK,Z,1.030331,0.6005515
7/6/6/6/1/7/3/7/3 3 3,X,-1.6,2,BLOCK,X,1.084325,0.9501561
7/4/6/6/5/5/7/6/7 3 3,Z,1.75,2,BLOCK,Z,0.7153344,0.4325105
7/6/4/6/5/5/7/6/7 3 3,X,2,2,BLOCK,X,0.7847816,0.5524278
7/6/6/4/5/5/7/6/7 3 3,Z,1.8333333333333333333333333334,0,BLOCK,Z,0.6936337,0.4620117
7/6/6/6/1/5/7/6/7 3 3,X,-2,0,BLOCK,X,0.4660524,0.58014
7/6/6/6/5/5/7/4/7 3 3,Z,2,0,BLOCK,Z,0.4562105,0.6318585
7/4/6/6/5/7/7/2/7 3 3,Z,1.875,2,BLOCK,Z,0.7872293,0.4431674
7/6/4/6/5/7/7/2/7 3 3,X,2,0,BLOCK,X,0.6645923,0.4100377
7/6/6/4/5/7/7/2/7 3 3,Z,2,2,BLOCK,Z,0.9878064,0.5791405
7/6/6/6/1/7/7/2/7 3 3,X,-2,2,BLOCK,X,1.14667,0.9232332
7/4/6/6/5/7/7/6/6 3 3,Z,1.75,0,BLOCK,Z,0.4757818,0.4234958
7/6/4/6/5/7/7/6/6 3 3,X,1.8571428571428571428571428572,0,BLOCK,X,0.6704115,0.5089296
7/6/6/4/5/7/7/6/6 3 3,Z,1.8333333333333333333333333334,0,BLOCK,Z,1.038311,0.565658
7/6/6/6/1/7/7/6/6 3 3,X,-2.2,0,BLOCK,X,0.8960822,0.8171274
7/6/6/6/5/7/7/4/6 3 3,Z,2,0,BLOCK,Z,0.1658769,0.4244253
7/4/6/6/5/7/7/6/5 3 3,Z,1.75,2,BLOCK,Z,0.7397563,0.3759704
7/6/4/6/5/7/7/6/5 3 3,X,2,2,BLOCK,X,0.9197968,0.4935706
7/6/6/4/5/7/7/6/5 3 3,Z,1.8333333333333333333333333334,2,BLOCK,Z,0.9537965,0.5124567
7/6/6/6/1/7/7/6/5 3 3,X,-2,0,BLOCK,X,0.7060525,0.7625988
7/6/6/6/5/7/7/4/5 3 3,Z,2,0,BLOCK,Z,0.1371375,0.4407495
7/4/6/6/5/7/7/6/3 3 3,Z,1.75,0,BLOCK,Z,0.4760999,0.235693
7/6/4/6/5/7/7/6/3 3 3,X,2.1428571428571428571428571428,2,BLOCK,X,0.9070767,0.496329
7/6/6/4/5/7/7/6/3 3 3,Z,1.8333333333333333333333333334,0,BLOCK,Z,0.743811,0.5345923
7/6/6/6/1/7/7/6/3 3 3,X,-1.8,2,BLOCK,X,1.060854,0.9749579
7/6/6/6/5/7/7/4/3 3 3,Z,2,0,BLOCK,Z,0.1683862,0.4166956
7/4/6/6/5/7/7/5/6 3 3,Z,1.875,2,BLOCK,Z,0.7146933,0.3370636
7/6/4/6/5/7/7/5/6 3 3,X,1.8571428571428571428571428572,2,BLOCK,X,0.8131989,0.4877701
7/6/6/4/5/7/7/5/6 3 3,Z,2,0,BLOCK,Z,0.7625264,0.6674103
7/6/6/6/1/7/7/5/6 3 3,X,-2.2,0,BLOCK,X,0.8065434,0.9723431
7/6/6/6/5/7/7/1/6 3 3,Z,-2,0,BLOCK,Z,0.06055554,0.2060741
7/4/6/6/5/7/7/5/5 3 3,Z,1.875,0,BLOCK,Z,0.4789791,0.269174
7/6/4/6/5/7/7/5/5 3 3,X,2,0,BLOCK,X,0.5037015,0.4259056
7/6/6/4/5/7/7/5/5 3 3,Z,2,0,BLOCK,Z,0.8962107,0.6367641
7/6/6/6/1/7/7/5/5 3 3,X,-2,0,BLOCK,X,0.6444187,0.6633553
7/6/6/6/5/7/7/1/5 3 3,Z,-2,0,BLOCK,Z,0.1090796,0.2750648
7/4/6/6/5/7/7/5/3 3 3,Z,1.875,0,BLOCK,Z,0.2572876,0.2270455
7/6/4/6/5/7/7/5/3 3 3,X,2.1428571428571428571428571428,0,BLOCK,X,0.8213977,0.4737615
7/6/6/4/5/7/7/5/3 3 3,Z,2,0,BLOCK,Z,0.6399772,0.6003255
7/6/6/6/1/7/7/5/3 3 3,X,-1.8,0,BLOCK,X,0.6667483,0.8149295
7/6/6/6/5/7/7/1/3 3 3,Z,-2,0,BLOCK,Z,0.2969753,0.4989722
7/4/6/6/5/5/7/3/7 3 3,Z,2,0,BLOCK,Z,0.377862,0.192612
7/6/4/6/5/5/7/3/7 3 3,X,2,2,BLOCK,X,0.8314451,0.4491913
7/6/6/4/5/5/7/3/7 3 3,Z,2.1666666666666666666666666666,0,BLOCK,Z,0.6607325,0.5632699
7/6/6/6/1/5/7/3/7 3 3,X,-2,2,BLOCK,X,1.049878,1.172697
7/6/6/6/5/5/7/1/7 3 3,Z,-2,0,BLOCK,Z,0.1242194,0.2988328
7/4/6/6/5/7/7/3/6 3 3,Z,2,0,BLOCK,Z,0.2467604,0.2703326
7/6/4/6/5/7/7/3/6 3 3,X,1.8571428571428571428571428572,2,BLOCK,X,0.8352423,0.5748717
7/6/6/4/5/7/7/3/6 3 3,Z,2.1666666666666666666666666666,0,BLOCK,Z,0.8935741,0.629596
7/6/6/6/1/7/7/3/6 3 3,X,-2.2,0,BLOCK,X,0.4820985,0.5167622
7/4/6/6/5/7/7/3/5 3 3,Z,2,0,BLOCK,Z,0.497115,0.4507732
7/6/4/6/5/7/7/3/5 3 3,X,2,0,BLOCK,X,0.7492702,0.5810186
7/6/6/4/5/7/7/3/5 3 3,Z,2.1666666666666666666666666666,0,BLOCK,Z,0.8227327,0.6353554
7/6/6/6/1/7/7/3/5 3 3,X,-2,0,BLOCK,X,0.589058,0.6203109
7/4/6/6/5/7/7/3/3 3 3,Z,2,0,BLOCK,Z,0.3346216,0.2931511
7/6/4/6/5/7/7/3/3 3 3,X,2.1428571428571428571428571428,0,BLOCK,X,0.595894,0.5337954
7/6/6/4/5/7/7/3/3 3 3,Z,2.1666666666666666666666666666,0,BLOCK,Z,0.7466771,0.7287475
7/6/6/6/1/7/7/3/3 3 3,X,-1.8,0,BLOCK,X,0.6113506,0.6438335
7/4/6/6/5/5/7/7/6 3 3,Z,1.875,0,BLOCK,Z,0.4827838,0.3314799
7/6/4/6/5/5/7/7/6 3 3,X,1.8571428571428571428571428572,0,BLOCK,X,0.3841702,0.4173065
7/6/6/4/5/5/7/7/6 3 3,Z,2,0,BLOCK,Z,0.8474514,0.5908163
7/6/6/6/1/5/7/7/6 3 3,X,-2.20,0,BLOCK,X,1.11303,1.147029
7/4/6/6/5/7/7/7/4 3 3,Z,1.875,2,BLOCK,Z,0.8451717,0.3991752
7/6/4/6/5/7/7/7/4 3 3,X,1.8571428571428571428571428572,0,BLOCK,X,0.7151213,0.4526707
7/6/6/4/5/7/7/7/4 3 3,Z,2,0,BLOCK,Z,0.9371228,0.6070098
7/6/6/6/1/7/7/7/4 3 3,X,-2.2,0,BLOCK,X,0.7761145,0.7389261
7/4/6/6/5/7/7/7/2 3 3,Z,1.875,0,BLOCK,Z,0.5064689,0.3147583
7/6/4/6/5/7/7/7/2 3 3,X,2,0,BLOCK,X,0.5067106,0.304387
7/6/6/4/5/7/7/7/2 3 3,Z,2,0,BLOCK,Z,0.8952227,0.5885704
7/6/6/6/1/7/7/7/2 3 3,X,-2,0,BLOCK,X,0.7262183,0.3988708
7/4/6/6/5/5/7/7/5 3 3,Z,1.875,0,BLOCK,Z,0.7282436,0.3630399
7/6/4/6/5/5/7/7/5 3 3,X,2,2,BLOCK,X,0.8299866,0.519019
7/6/6/4/5/5/7/7/5 3 3,Z,2,0,BLOCK,Z,0.9062321,0.5614741
7/6/6/6/1/5/7/7/5 3 3,X,-2,0,BLOCK,X,0.7531451,0.7995329
7/4/6/6/5/7/7/7/1 3 3,Z,1.875,0,BLOCK,Z,0.6266548,0.3321649
7/6/4/6/5/7/7/7/1 3 3,X,2.1428571428571428571428571428,2,BLOCK,X,0.9187953,0.5722836
7/6/6/4/5/7/7/7/1 3 3,Z,2,0,BLOCK,Z,0.8410664,0.5847928
7/6/6/6/1/7/7/7/1 3 3,X,-1.8,0,BLOCK,X,0.8160526,0.710326
7/4/6/6/5/5/7/7/3 3 3,Z,1.875,0,BLOCK,Z,0.4336706,0.3504161
7/6/4/6/5/5/7/7/3 3 3,X,2.1428571428571428571428571428,0,BLOCK,X,0.6442362,0.4501471
7/6/6/4/5/5/7/7/3 3 3,Z,2,0,BLOCK,Z,0.8208787,0.5229402
7/6/6/6/1/5/7/7/3 3 3,X,-1.80,0,BLOCK,X,1.059616,0.9969826
7/4/6/6/3/2/7/7/7 3 3,Z,1.875,0,BLOCK,Z,0.4008525,0.3263412
7/6/4/6/3/2/7/7/7 3 3,X,2.1428571428571428571428571428,0,BLOCK,X,0.5577468,0.8115997
7/6/6/4/3/2/7/7/7 3 3,Z,2,2,BLOCK,Z,0.976174,0.6753764
7/4/6/6/3/6/6/7/7 3 3,Z,1.75,0,BLOCK,Z,0.6093891,0.3500865
7/6/4/6/3/6/6/7/7 3 3,X,2.00,0,BLOCK,X,0.4768575,0.5857001
7/6/6/4/3/6/6/7/7 3 3,Z,1.8333333333333333333333333334,2,BLOCK,Z,1.007827,0.4584993
7/6/6/6/3/4/6/7/7 3 3,Z,2,0,BLOCK,Z,1.1339,0.7071645
7/6/6/6/3/6/4/7/7 3 3,X,2,2,BLOCK,X,1.382234,0.8236539
7/4/6/6/3/6/3/7/7 3 3,Z,1.75,2,BLOCK,Z,0.7105496,0.4237913
7/6/4/6/3/6/3/7/7 3 3,X,2.2857142857142857142857142858,2,BLOCK,X,1.232272,0.6901432
7/6/6/4/3/6/3/7/7 3 3,Z,1.8333333333333333333333333334,2,BLOCK,Z,0.8721515,0.4886768
7/6/6/6/3/4/3/7/7 3 3,Z,2,0,BLOCK,Z,0.638026,0.8168274
7/6/6/6/3/6/1/7/7 3 3,X,-2,0,BLOCK,X,0.53807,0.3984779
7/4/6/6/3/6/7/6/7 3 3,Z,1.625,2,BLOCK,Z,0.6883726,0.3878063
7/6/4/6/3/6/7/6/7 3 3,X,2.1428571428571428571428571428,0,BLOCK,X,0.9682658,0.8379776
7/6/6/4/3/6/7/6/7 3 3,Z,1.6666666666666666666666666666,2,BLOCK,Z,0.8441851,0.4254576
7/6/6/6/3/4/7/6/7 3 3,Z,1.75,0,BLOCK,Z,1.014901,0.7994362
7/6/6/6/3/6/7/4/7 3 3,Z,2,0,BLOCK,Z,0.4065845,0.5765204
7/4/6/6/3/6/7/5/7 3 3,Z,1.75,0,BLOCK,Z,0.6004083,0.2219024
7/6/4/6/3/6/7/5/7 3 3,X,2.1428571428571428571428571428,0,BLOCK,X,0.7521285,0.7445866
7/6/6/4/3/6/7/5/7 3 3,Z,1.8333333333333333333333333334,0,BLOCK,Z,0.5528231,0.4333579
7/6/6/6/3/4/7/5/7 3 3,Z,2,2,BLOCK,Z,1.120113,0.8198456
7/6/6/6/3/6/7/1/7 3 3,Z,-2,0,BLOCK,Z,0.6993432,0.5394066
5/6/6/6/3/6/7/3/7 3 3,Z,0.625,302,TIMEOUT,Z,0.01978976,0.01243407
7/4/6/6/3/6/7/3/7 3 3,Z,1.875,2,BLOCK,Z,0.676635,0.355569
7/6/4/6/3/6/7/3/7 3 3,X,2.1428571428571428571428571428,2,BLOCK,X,1.360633,0.815514
7/6/6/4/3/6/7/3/7 3 3,Z,2.00,2,BLOCK,Z,0.9488249,0.5536398
7/6/6/6/3/4/7/3/7 3 3,Z,2.25,0,BLOCK,Z,0.4707383,0.6558978
7/4/6/6/3/6/7/7/6 3 3,Z,1.75,0,BLOCK,Z,0.5198497,0.3319865
7/6/4/6/3/6/7/7/6 3 3,X,2.00,0,BLOCK,X,0.7976956,0.7744961
7/6/6/4/3/6/7/7/6 3 3,Z,1.8333333333333333333333333334,0,BLOCK,Z,0.456697,0.4979491
7/6/6/6/3/4/7/7/6 3 3,Z,2,0,BLOCK,Z,1.031896,0.6634945
7/4/6/6/3/6/7/7/5 3 3,Z,1.75,2,BLOCK,Z,0.704592,0.4244633
7/6/4/6/3/6/7/7/5 3 3,X,2.1428571428571428571428571428,0,BLOCK,X,0.6553998,0.5814571
7/6/6/4/3/6/7/7/5 3 3,Z,1.8333333333333333333333333334,2,BLOCK,Z,0.9600257,0.5620433
7/6/6/6/3/4/7/7/5 3 3,Z,2,0,BLOCK,Z,1.16117,0.7331692
7/4/6/6/3/6/7/7/3 3 3,Z,1.75,0,BLOCK,Z,0.4812601,0.2181873
7/6/4/6/3/6/7/7/3 3 3,X,2.2857142857142857142857142858,0,BLOCK,X,0.499588,0.7830878
7/6/6/4/3/6/7/7/3 3 3,Z,1.8333333333333333333333333334,0,BLOCK,Z,0.5862892,0.4482341
7/6/6/6/3/4/7/7/3 3 3,Z,2,0,BLOCK,Z,1.240109,0.7578954
7/4/6/6/3/5/6/7/7 3 3,Z,1.875,0,BLOCK,Z,0.2328667,0.1997332
7/6/4/6/3/5/6/7/7 3 3,X,2.00,0,BLOCK,X,0.5107104,0.6544881
7/6/6/4/3/5/6/7/7 3 3,Z,2,0,BLOCK,Z,0.6031611,0.544475
7/6/6/6/3/1/6/7/7 3 3,Z,-2,0,BLOCK,Z,0.6836785,0.6637369
7/6/6/6/3/5/4/7/7 3 3,X,2,0,BLOCK,X,0.7432364,0.6274076
7/4/6/6/3/5/5/7/7 3 3,Z,1.875,0,BLOCK,Z,0.4914708,0.280783
7/6/4/6/3/5/5/7/7 3 3,X,2.1428571428571428571428571428,0,BLOCK,X,0.7907004,0.6217465
7/6/6/4/3/5/5/7/7 3 3,Z,2,0,BLOCK,Z,0.8179029,0.547917
7/6/6/6/3/4/5/7/7 3 3,Z,2,2,BLOCK,Z,1.148384,0.7137719
7/6/6/6/3/1/5/7/7 3 3,Z,-2,0,BLOCK,Z,0.76751,0.7476451
7/6/6/6/3/5/1/7/7 3 3,X,-2,0,BLOCK,X,1.351136,0.9944986
7/6/6/6/3/5/5/7/3 3 3,X,0.6538461538461538461538461538,302,TIMEOUT,Z,0.01496445,0.007507459
7/4/6/6/3/5/3/7/7 3 3,Z,1.875,0,BLOCK,Z,0.4739485,0.3218688
7/6/4/6/3/5/3/7/7 3 3,X,2.2857142857142857142857142858,0,BLOCK,X,0.6377451,0.753598
7/6/6/4/3/5/3/7/7 3 3,Z,2,0,BLOCK,Z,0.576672,0.4808268
7/6/6/6/3/1/3/7/7 3 3,Z,-2,0,BLOCK,Z,0.6789452,0.6630206
7/4/6/6/3/5/7/6/7 3 3,Z,1.75,2,BLOCK,Z,0.6669568,0.37053
7/6/4/6/3/5/7/6/7 3 3,X,2.1428571428571428571428571428,0,BLOCK,X,0.6351371,0.7199473
7/6/6/4/3/5/7/6/7 3 3,Z,1.8333333333333333333333333334,2,BLOCK,Z,0.9125826,0.5652376
7/6/6/6/3/1/7/6/7 3 3,Z,-2.25,0,BLOCK,Z,0.6872889,0.6874801
7/6/6/6/3/5/7/4/7 3 3,Z,2,2,BLOCK,Z,1.661759,1.106596
7/4/6/6/3/5/7/5/7 3 3,Z,1.875,0,BLOCK,Z,0.4167629,0.3067985
7/6/4/6/3/5/7/5/7 3 3,X,2.1428571428571428571428571428,0,BLOCK,X,0.7629978,0.7793263
7/6/6/4/3/5/7/5/7 3 3,Z,2,0,BLOCK,Z,0.8408154,0.517307
7/6/6/6/1/5/7/5/7 3 3,X,-2,0,BLOCK,X,1.117724,1.053469
7/6/6/6/3/1/7/5/7 3 3,Z,-2,0,BLOCK,Z,1.051495,0.9529969
7/6/6/6/3/5/7/1/7 3 3,Z,-2,0,BLOCK,Z,0.1432595,0.3033378
7/4/6/6/3/5/7/3/7 3 3,Z,2,0,BLOCK,Z,0.3476246,0.32323
7/6/4/6/3/5/7/3/7 3 3,X,2.1428571428571428571428571428,0,BLOCK,X,0.8191178,0.8953947
7/6/6/4/3/5/7/3/7 3 3,Z,2.1666666666666666666666666666,0,BLOCK,Z,0.8452418,0.6839599
7/6/6/6/3/1/7/3/7 3 3,Z,-1.75,0,BLOCK,Z,0.5821221,0.7744104
7/4/6/6/3/5/7/7/6 3 3,Z,1.875,0,BLOCK,Z,0.4117556,0.403765
7/6/4/6/3/5/7/7/6 3 3,X,2.00,2,BLOCK,X,1.44328,0.8852628
7/6/6/4/3/5/7/7/6 3 3,Z,2,0,BLOCK,Z,0.8749002,0.6017986
7/6/6/6/3/1/7/7/6 3 3,Z,-2,0,BLOCK,Z,0.8814757,0.7453803
7/4/6/6/3/5/7/7/3 3 3,Z,1.875,2,BLOCK,Z,0.6174621,0.3457296
7/6/4/6/3/5/7/7/3 3 3,X,2.2857142857142857142857142858,0,BLOCK,X,0.6757821,0.6708169
7/6/6/4/3/5/7/7/3 3 3,Z,2,0,BLOCK,Z,0.8799547,0.5261174
7/6/6/6/3/1/7/7/3 3 3,Z,-2,0,BLOCK,Z,0.7714287,0.6014072
7/4/6/6/3/3/6/7/7 3 3,Z,2,0,BLOCK,Z,0.02358827,0.2019918
7/6/4/6/3/3/6/7/7 3 3,X,2.00,0,BLOCK,X,0.9849837,0.8055165
7/6/6/4/3/3/6/7/7 3 3,Z,2.1666666666666666666666666666,0,BLOCK,Z,0.4776571,0.5836273
7/6/6/6/3/3/4/7/7 3 3,X,2,2,BLOCK,X,1.424269,0.6870005
7/4/6/6/3/3/5/7/7 3 3,Z,2,0,BLOCK,Z,0.3884539,0.3083547
7/6/4/6/3/3/5/7/7 3 3,X,2.1428571428571428571428571428,0,BLOCK,X,0.4059056,0.4779341
7/6/6/4/3/3/5/7/7 3 3,Z,2.1666666666666666666666666666,0,BLOCK,Z,1.030327,0.6775447
7/6/6/6/3/3/1/7/7 3 3,X,-2,0,BLOCK,X,0.5126752,0.6560124
7/4/6/6/3/3/3/7/7 3 3,Z,2,0,BLOCK,Z,0.4639309,0.3527343
7/6/4/6/3/3/3/7/7 3 3,X,2.2857142857142857142857142858,0,BLOCK,X,0.6038902,0.5497575
7/6/6/4/3/3/3/7/7 3 3,Z,2.1666666666666666666666666666,0,BLOCK,Z,1.004049,0.6393406
7/4/6/6/3/3/7/6/7 3 3,Z,1.875,0,BLOCK,Z,0.5134408,0.3327063
7/6/4/6/3/3/7/6/7 3 3,X,2.1428571428571428571428571428,0,BLOCK,X,0.7350644,0.4620914
7/6/6/4/3/3/7/6/7 3 3,Z,2.00,2,BLOCK,Z,1.358853,0.7269192
7/6/6/6/3/2/7/6/7 3 3,X,0.5769230769230769230769230769,302,TIMEOUT,Z,0.01998218,0.01174242
7/6/6/6/3/3/7/4/7 3 3,Z,2,0,BLOCK,Z,0.6590168,0.7119229
7/4/6/6/3/3/7/5/7 3 3,Z,2,0,BLOCK,Z,0.4290721,0.323828
7/6/4/6/3/3/7/5/7 3 3,X,2.1428571428571428571428571428,0,BLOCK,X,0.3646775,0.5031667
7/6/6/4/3/3/7/5/7 3 3,Z,2.1666666666666666666666666666,0,BLOCK,Z,1.353424,0.6001134
7/6/6/6/3/3/7/1/7 3 3,Z,-2,0,BLOCK,Z,0.3692392,0.3875895
7/4/6/6/3/3/7/3/7 3 3,Z,2.1250000000000000000000000002,0,BLOCK,Z,0.5212145,0.3844091
7/6/4/6/3/3/7/3/7 3 3,X,2.1428571428571428571428571428,0,BLOCK,X,1.054854,0.8072184
7/6/6/4/3/3/7/3/7 3 3,Z,2.3333333333333333333333333334,0,BLOCK,Z,0.9905565,0.7403116
7/6/6/6/3/3/7/3/3 3 3,Z,0.6818181818181818181818181819,2,BLOCK,Z,0.8000487,0.7898976
7/4/6/6/3/3/7/7/6 3 3,Z,2,2,BLOCK,Z,0.7394931,0.4985102
7/6/4/6/3/3/7/7/6 3 3,X,2.00,0,BLOCK,X,0.3947141,0.6711732
7/6/6/4/3/3/7/7/6 3 3,Z,2.1666666666666666666666666666,0,BLOCK,Z,1.471311,0.5872558
7/4/6/6/3/3/7/7/5 3 3,Z,2,0,BLOCK,Z,0.3793027,0.2983988
7/6/4/6/3/3/7/7/5 3 3,X,2.1428571428571428571428571428,0,BLOCK,X,0.8100402,0.9645527
7/6/6/4/3/3/7/7/5 3 3,Z,2.1666666666666666666666666666,0,BLOCK,Z,0.9247966,0.5103188
7/6/6/6/3/2/7/7/5 3 3,X,0.5769230769230769230769230769,302,TIMEOUT,Z,0.0169423,0.006435679
7/6/6/6/3/1/7/7/5 3 3,Z,-2,0,BLOCK,Z,0.7686682,0.6367129
7/4/6/6/3/3/7/7/3 3 3,Z,2,0,BLOCK,Z,0.2792607,0.2582554
7/6/4/6/3/3/7/7/3 3 3,X,2.2857142857142857142857142858,0,BLOCK,X,0.4504893,0.6070486
7/6/6/4/3/3/7/7/3 3 3,Z,2.1666666666666666666666666666,0,BLOCK,Z,0.8666913,0.7068236
7/4/6/6/3/7/2/7/7 3 3,Z,1.875,0,BLOCK,Z,0.5234469,0.3263652
7/6/4/6/3/7/2/7/7 3 3,X,2.1428571428571428571428571428,0,BLOCK,X,0.5574929,0.6733634
7/6/6/4/3/7/2/7/7 3 3,Z,2,0,BLOCK,Z,0.848309,0.6916108
7/4/6/6/3/7/6/6/7 3 3,Z,1.75,2,BLOCK,Z,0.7752525,0.2766761
7/6/4/6/3/7/6/6/7 3 3,X,2,0,BLOCK,X,0.3497621,0.378083
7/6/6/4/3/7/6/6/7 3 3,Z,1.8333333333333333333333333334,0,BLOCK,Z,0.4690674,0.4875369
7/6/6/6/3/7/4/6/7 3 3,X,2,0,BLOCK,X,0.5726027,0.6027647
7/6/6/6/3/7/6/4/7 3 3,Z,2,2,BLOCK,Z,1.606911,0.9979816
7/4/6/6/3/7/6/5/7 3 3,Z,1.875,0,BLOCK,Z,0.4290755,0.3450052
7/6/4/6/3/7/6/5/7 3 3,X,2,0,BLOCK,X,0.5167089,0.7477645
7/6/6/4/3/7/6/5/7 3 3,Z,2,2,BLOCK,Z,0.9780396,0.534271
7/6/6/6/3/7/4/5/7 3 3,X,2,0,BLOCK,X,0.7187195,0.6382925
7/6/6/6/3/7/6/1/7 3 3,Z,-2,2,BLOCK,Z,1.545453,0.9799427
7/4/6/6/3/7/6/3/7 3 3,Z,2,2,BLOCK,Z,0.7797062,0.4202594
7/6/4/6/3/7/6/3/7 3 3,X,2,0,BLOCK,X,1.02618,0.8203668
7/6/6/4/3/7/6/3/7 3 3,Z,2.1666666666666666666666666666,0,BLOCK,Z,0.763482,0.6382067
7/6/6/6/3/7/4/3/7 3 3,X,2,0,BLOCK,X,0.7142596,0.8029624
7/4/6/6/3/7/6/7/6 3 3,Z,1.875,2,BLOCK,Z,0.7416102,0.4582988
7/6/4/6/3/7/6/7/6 3 3,X,1.8571428571428571428571428572,0,BLOCK,X,0.8498439,0.7422745
7/6/6/4/3/7/6/7/6 3 3,Z,2,2,BLOCK,Z,0.8470988,0.5846238
7/6/6/6/3/7/4/7/6 3 3,X,1.6,0,BLOCK,X,0.5460273,0.5894303
7/4/6/6/3/7/6/7/5 3 3,Z,1.875,0,BLOCK,Z,0.2882767,0.2377119
7/6/4/6/3/7/6/7/5 3 3,X,2,0,BLOCK,X,0.6992638,0.8197569
7/6/6/4/3/7/6/7/5 3 3,Z,2,2,BLOCK,Z,0.9486005,0.6809445
7/6/6/6/3/7/4/7/5 3 3,X,2,2,BLOCK,X,1.343193,0.8738628
7/4/6/6/3/7/6/7/3 3 3,Z,1.875,2,BLOCK,Z,0.7937075,0.2992476
7/6/4/6/3/7/6/7/3 3 3,X,2.1428571428571428571428571428,2,BLOCK,X,1.219549,0.7791855
7/6/6/4/3/7/6/7/3 3 3,Z,2,2,BLOCK,Z,0.9352965,0.58576
7/6/6/6/3/7/4/7/3 3 3,X,2.4,0,BLOCK,X,0.8284179,0.8136306
7/4/6/6/3/6/5/7/7 3 3,Z,1.75,0,BLOCK,Z,0.5350671,0.3948941
7/6/4/6/3/6/5/7/7 3 3,X,2.1428571428571428571428571428,0,BLOCK,X,0.7834387,0.6747556
7/6/6/4/3/6/5/7/7 3 3,Z,1.8333333333333333333333333334,0,BLOCK,Z,0.6273187,0.4267879
7/4/6/6/3/7/5/6/7 3 3,Z,1.75,2,BLOCK,Z,0.7392371,0.381722
7/6/4/6/3/7/5/6/7 3 3,X,2.1428571428571428571428571428,0,BLOCK,X,0.4261504,0.7485824
7/6/6/4/3/7/5/6/7 3 3,Z,1.8333333333333333333333333334,2,BLOCK,Z,0.9160258,0.5297757
7/6/6/6/3/7/1/6/7 3 3,X,-2,0,BLOCK,X,0.8366377,0.6513538
7/6/6/6/3/7/5/4/7 3 3,Z,2,2,BLOCK,Z,1.592068,1.053614
7/4/6/6/3/7/5/5/7 3 3,Z,1.875,0,BLOCK,Z,0.4199911,0.2968336
7/6/4/6/3/7/5/5/7 3 3,X,2.1428571428571428571428571428,0,BLOCK,X,0.5371948,0.6747742
7/6/6/4/3/7/5/5/7 3 3,Z,2,2,BLOCK,Z,1.015446,0.7965292
7/6/6/6/3/7/1/5/7 3 3,X,-2,0,BLOCK,X,0.5196118,0.4648626
7/6/6/6/3/7/5/1/7 3 3,Z,-2,0,BLOCK,Z,0.1421313,0.3090705
7/4/6/6/3/7/5/3/7 3 3,Z,2,0,BLOCK,Z,0.294113,0.2503813
7/6/4/6/3/7/5/3/7 3 3,X,2.1428571428571428571428571428,0,BLOCK,X,0.8744615,0.8632038
7/6/6/4/3/7/5/3/7 3 3,Z,2.1666666666666666666666666666,0,BLOCK,Z,0.6702169,0.7047357
7/6/6/6/3/7/1/3/7 3 3,X,-2,0,BLOCK,X,0.4039557,0.7534989
7/4/6/6/3/7/5/7/6 3 3,Z,1.875,0,BLOCK,Z,0.5499049,0.483832
7/6/4/6/3/7/5/7/6 3 3,X,2,0,BLOCK,X,0.7814702,0.7944701
7/6/6/4/3/7/5/7/6 3 3,Z,2,0,BLOCK,Z,0.8784458,0.5901374
7/6/6/6/3/7/1/7/6 3 3,X,-2.4,0,BLOCK,X,0.5489385,0.7145383
7/4/6/6/3/7/5/7/5 3 3,Z,1.875,2,BLOCK,Z,0.7667907,0.3690031
7/6/4/6/3/7/5/7/5 3 3,X,2.1428571428571428571428571428,0,BLOCK,X,0.7623175,0.6286778
7/6/6/4/3/7/5/7/5 3 3,Z,2,0,BLOCK,Z,0.4692531,0.5417602
7/6/6/2/3/7/5/7/5 3 3,X,0.5769230769230769230769230769,302,TIMEOUT,Z,0.02365349,0.02641506
7/6/6/6/3/7/1/7/5 3 3,X,-2,2,BLOCK,X,1.384916,0.9507427
7/4/6/6/3/7/5/7/3 3 3,Z,1.875,2,BLOCK,Z,0.946283,0.3700031
7/6/4/6/3/7/5/7/3 3 3,X,2.2857142857142857142857142858,0,BLOCK,X,0.7576585,0.8737898
7/6/6/4/3/7/5/7/3 3 3,Z,2,2,BLOCK,Z,0.9106029,0.604603
7/6/6/6/3/7/1/7/3 3 3,X,-1.6,2,BLOCK,X,1.31635,0.8441431
7/6/6/6/3/7/5/3/3 3 3,X,0.6538461538461538461538461538,42,BLOCK,Z,0.8464696,0.4999428
7/4/6/6/3/7/3/6/7 3 3,Z,1.75,2,BLOCK,Z,0.6951284,0.3518548
7/6/4/6/3/7/3/6/7 3 3,X,2.2857142857142857142857142858,0,BLOCK,X,0.5781217,0.7988493
7/6/6/4/3/7/3/6/7 3 3,Z,1.8333333333333333333333333334,2,BLOCK,Z,0.8408679,0.6170456
7/6/6/6/3/7/3/4/7 3 3,Z,2,0,BLOCK,Z,0.4930533,0.6638954
7/4/6/6/3/7/3/5/7 3 3,Z,1.875,0,BLOCK,Z,0.4818371,0.2447587
7/6/4/6/3/7/3/5/7 3 3,X,2.2857142857142857142857142858,0,BLOCK,X,1.258112,0.5999172
7/6/6/4/3/7/3/5/7 3 3,Z,2,2,BLOCK,Z,0.9305267,0.5537074
7/6/6/2/3/7/3/5/7 3 3,X,0.6538461538461538461538461539,302,TIMEOUT,Z,0.1267373,0.04681414
7/6/6/6/3/7/3/1/7 3 3,Z,-2,0,BLOCK,Z,0.302277,0.4395919
7/4/6/6/3/7/3/3/7 3 3,Z,2,0,BLOCK,Z,0.5177403,0.2885635
7/6/4/6/3/7/3/3/7 3 3,X,2.2857142857142857142857142858,0,BLOCK,X,0.476259,0.4967911
7/6/6/4/3/7/3/3/7 3 3,Z,2.1666666666666666666666666666,0,BLOCK,Z,0.7489746,0.6164223
7/4/6/6/3/7/3/7/6 3 3,Z,1.875,0,BLOCK,Z,0.6309946,0.2529101
7/6/4/6/3/7/3/7/6 3 3,X,2.1428571428571428571428571428,0,BLOCK,X,0.5689284,0.6564642
7/6/6/4/3/7/3/7/6 3 3,Z,2,0,BLOCK,Z,0.7281793,0.7159988
7/4/6/6/3/7/3/7/5 3 3,Z,1.875,2,BLOCK,Z,0.7008225,0.3989001
7/6/4/6/3/7/3/7/5 3 3,X,2.2857142857142857142857142858,0,BLOCK,X,0.6941765,0.7124398
7/6/6/4/3/7/3/7/5 3 3,Z,2,2,BLOCK,Z,0.8923507,0.6716915
3/6/6/6/3/7/3/7/3 3 3,X,0.7142857142857142857142857143,302,TIMEOUT,Z,0.133766,0.07301214
7/4/6/6/3/7/3/7/3 3 3,Z,1.875,0,BLOCK,Z,0.7422729,0.2744677
7/6/4/6/3/7/3/7/3 3 3,X,2.4285714285714285714285714286,0,BLOCK,X,1.292373,0.7558717
7/6/6/4/3/7/3/7/3 3 3,Z,2,2,BLOCK,Z,0.9181458,0.649304
7/6/6/6/3/5/3/7/3 3 3,X,0.7307692307692307692307692307,302,TIMEOUT,Z,0.005915912,0.004257658
6/6/6/6/3/7/7/2/7 3 3,X,0.5714285714285714285714285714,302,TIMEOUT,Z,0.1396611,0.09728714
7/4/6/6/3/7/7/2/7 3 3,Z,1.875,2,BLOCK,Z,0.8133809,0.3434959
7/6/4/6/3/7/7/2/7 3 3,X,2.1428571428571428571428571428,0,BLOCK,X,0.8264375,0.7566285
7/6/6/4/3/7/7/2/7 3 3,Z,2,0,BLOCK,Z,0.6962849,0.7146234
7/4/6/6/3/7/7/6/6 3 3,Z,1.75,2,BLOCK,Z,0.7412779,0.3877721
7/6/4/6/3/7/7/6/6 3 3,X,2,0,BLOCK,X,0.9463407,0.8994489
7/6/6/4/3/7/7/6/6 3 3,Z,1.8333333333333333333333333334,0,BLOCK,Z,0.8119761,0.5199423
7/6/6/6/3/7/7/4/6 3 3,Z,2,0,BLOCK,Z,0.2785656,0.4733356
7/4/6/6/3/7/7/6/5 3 3,Z,1.75,2,BLOCK,Z,0.6731622,0.3306056
7/6/4/6/3/7/7/6/5 3 3,X,2.1428571428571428571428571428,2,BLOCK,X,1.10231,0.780513
7/6/6/4/3/7/7/6/5 3 3,Z,1.8333333333333333333333333334,0,BLOCK,Z,0.7587416,0.5598629
7/6/6/6/3/7/7/4/5 3 3,Z,2,0,BLOCK,Z,0.1888832,0.4026024
7/4/6/6/3/7/7/6/3 3 3,Z,1.75,2,BLOCK,Z,0.8323683,0.3743457
7/6/4/6/3/7/7/6/3 3 3,X,2.2857142857142857142857142858,0,BLOCK,X,0.7171039,0.5209685
7/6/6/4/3/7/7/6/3 3 3,Z,1.8333333333333333333333333334,2,BLOCK,Z,1.10981,0.5845975
7/6/6/6/3/7/7/4/3 3 3,Z,2,2,BLOCK,Z,1.597431,1.045439
7/4/6/6/3/7/7/5/6 3 3,Z,1.875,0,BLOCK,Z,0.4331994,0.3422253
7/6/4/6/3/7/7/5/6 3 3,X,2,0,BLOCK,X,0.5598619,0.6436157
7/6/6/4/3/7/7/5/6 3 3,Z,2,0,BLOCK,Z,0.8318145,0.5589551
7/6/6/6/3/6/7/5/6 3 3,X,-0.6111111111111111111111111111,302,TIMEOUT,Z,0.01427397,0.009071196
7/6/6/6/3/7/7/1/6 3 3,Z,-2,0,BLOCK,Z,0.08945175,0.2438439
7/4/6/6/3/7/7/5/5 3 3,Z,1.875,0,BLOCK,Z,0.5996931,0.3342235
7/6/4/6/3/7/7/5/5 3 3,X,2.1428571428571428571428571428,0,BLOCK,X,0.4805267,0.6500664
7/6/6/4/3/7/7/5/5 3 3,Z,2,2,BLOCK,Z,0.9332386,0.5625242
7/6/6/6/3/7/7/1/5 3 3,Z,-2,0,BLOCK,Z,0.1232313,0.2490928
7/4/6/6/3/7/7/5/3 3 3,Z,1.875,2,BLOCK,Z,0.8700774,0.3486836
7/6/4/6/3/7/7/5/3 3 3,X,2.2857142857142857142857142858,0,BLOCK,X,0.655996,0.846251
7/6/6/4/3/7/7/5/3 3 3,Z,2,0,BLOCK,Z,0.7929085,0.6066285
7/6/6/6/3/7/7/1/3 3 3,Z,-2,0,BLOCK,Z,0.1158603,0.3455992
5/6/6/6/3/7/7/3/6 3 3,X,-0.6,302,TIMEOUT,Z,0.05324759,0.03063564
3/6/6/6/3/7/7/3/6 3 3,X,-0.6,302,TIMEOUT,Z,0.04126337,0.02563843
7/4/6/6/3/7/7/3/6 3 3,Z,2,0,BLOCK,Z,0.7727117,0.3866595
7/6/4/6/3/7/7/3/6 3 3,X,2,0,BLOCK,X,0.7947263,0.792776
7/6/6/4/3/7/7/3/6 3 3,Z,2.1666666666666666666666666666,0,BLOCK,Z,0.6224378,0.6664656
7/4/6/6/3/7/7/3/5 3 3,Z,2,2,BLOCK,Z,0.8612247,0.457924
7/6/4/6/3/7/7/3/5 3 3,X,2.1428571428571428571428571428,0,BLOCK,X,0.5428858,0.5717036
7/6/6/4/3/7/7/3/5 3 3,Z,2.1666666666666666666666666666,2,BLOCK,Z,1.033171,0.7679865
7/6/6/6/3/7/7/3/1 3 3,X,0.6538461538461538461538461538,302,TIMEOUT,Z,0.02198235,0.01301592
7/4/6/6/3/7/7/3/3 3 3,Z,2,2,BLOCK,Z,0.9399059,0.5033338
7/6/4/6/3/7/7/3/3 3 3,X,2.2857142857142857142857142858,0,BLOCK,X,0.7120378,0.7031498
7/6/6/4/3/7/7/3/3 3 3,Z,2.1666666666666666666666666666,0,BLOCK,Z,0.8493235,0.6928461
7/6/6/6/3/6/7/3/3 3 3,X,0.6538461538461538461538461538,302,TIMEOUT,Z,0.03186957,0.01869242
7/4/6/6/3/7/7/7/4 3 3,Z,1.875,2,BLOCK,Z,0.7560919,0.4723524
7/6/4/6/3/7/7/7/4 3 3,X,2,0,BLOCK,X,0.76548,0.7537433
7/6/6/4/3/7/7/7/4 3 3,Z,2,0,BLOCK,Z,0.7510081,0.7447472
7/4/6/6/3/7/7/7/2 3 3,Z,1.875,2,BLOCK,Z,0.7919495,0.5321698
7/6/4/6/3/7/7/7/2 3 3,X,2.1428571428571428571428571428,2,BLOCK,X,1.141178,0.7525104
7/6/6/4/3/7/7/7/2 3 3,Z,2,0,BLOCK,Z,0.8196874,0.6024206
7/6/6/6/3/5/7/7/2 3 3,X,0.5769230769230769230769230769,302,TIMEOUT,Z,0.01939585,0.01053235
7/4/6/6/3/7/7/7/1 3 3,Z,1.875,2,BLOCK,Z,0.8723308,0.5838622
7/6/4/6/3/7/7/7/1 3 3,X,2.2857142857142857142857142858,0,BLOCK,X,0.6404198,0.5721816
7/6/6/4/3/7/7/7/1 3 3,Z,2,0,BLOCK,Z,0.8629856,0.61568
7/4/6/6/7/2/6/7/7 3 3,Z,1.875,0,BLOCK,Z,0.1688786,0.2091894
7/6/4/6/7/2/6/7/7 3 3,X,1.8571428571428571428571428572,0,BLOCK,X,0.3881386,0.3612609
7/6/6/4/7/2/6/7/7 3 3,Z,2,0,BLOCK,Z,0.4358861,0.3351544
7/6/6/6/7/2/4/7/7 3 3,X,2,0,BLOCK,X,1.269784,0.9680482
7/4/6/6/7/2/5/7/7 3 3,Z,1.875,0,BLOCK,Z,0.449583,0.2057826
7/6/4/6/7/2/5/7/7 3 3,X,2,0,BLOCK,X,0.6152532,0.4809966
7/6/6/4/7/2/5/7/7 3 3,Z,2,0,BLOCK,Z,0.2456061,0.3074703
7/6/6/6/7/2/1/7/7 3 3,X,-2,0,BLOCK,X,0.5908209,0.5997888
7/4/6/6/7/2/3/7/7 3 3,Z,1.875,0,BLOCK,Z,0.3409469,0.1979113
7/6/4/6/7/2/3/7/7 3 3,X,2.1428571428571428571428571428,0,BLOCK,X,0.5821974,0.4401644
7/6/6/4/7/2/3/7/7 3 3,Z,2,2,BLOCK,Z,0.9090345,0.5599906
7/4/6/6/7/2/7/6/7 3 3,Z,1.75,2,BLOCK,Z,0.7620706,0.5239249
7/6/4/6/7/2/7/6/7 3 3,X,2,0,BLOCK,X,0.4379756,0.3253349
7/6/6/4/7/2/7/6/7 3 3,Z,1.8333333333333333333333333334,0,BLOCK,Z,0.6261199,0.7951382
7/6/6/6/7/2/7/4/7 3 3,Z,2,2,BLOCK,Z,1.614503,1.002939
7/4/6/6/7/2/7/5/7 3 3,Z,1.875,2,BLOCK,Z,0.8173213,0.4424981
7/6/4/6/7/2/7/5/7 3 3,X,2,0,BLOCK,X,0.4172117,0.3924057
7/6/6/4/7/2/7/5/7 3 3,Z,2,0,BLOCK,Z,0.5102465,0.5240603
7/6/6/6/7/2/7/1/7 3 3,Z,-2,0,BLOCK,Z,0.4707926,0.4270769
7/4/6/6/7/2/7/3/7 3 3,Z,2,0,BLOCK,Z,0.6164727,0.4127434
7/6/4/6/7/2/7/3/7 3 3,X,2,2,BLOCK,X,0.8115367,0.479775
7/6/6/4/7/2/7/3/7 3 3,Z,2.1666666666666666666666666666,0,BLOCK,Z,0.3895171,0.2894018
7/4/6/6/7/2/7/7/6 3 3,Z,1.875,0,BLOCK,Z,0.336775,0.3274279
7/6/4/6/7/2/7/7/6 3 3,X,1.8571428571428571428571428572,0,BLOCK,X,0.4627208,0.3628695
7/6/6/4/7/2/7/7/6 3 3,Z,2,0,BLOCK,Z,0.3354872,0.356943
7/4/6/6/7/2/7/7/5 3 3,Z,1.875,0,BLOCK,Z,0.487018,0.352177
7/6/4/6/7/2/7/7/5 3 3,X,2,2,BLOCK,X,0.8416584,0.4705232
7/6/6/4/7/2/7/7/5 3 3,Z,2,2,BLOCK,Z,0.9823319,0.6657166
7/4/6/6/7/2/7/7/3 3 3,Z,1.875,0,BLOCK,Z,0.4057742,0.2920378
7/6/4/6/7/2/7/7/3 3 3,X,2.1428571428571428571428571428,0,BLOCK,X,0.7320413,0.4506995
7/6/6/4/7/2/7/7/3 3 3,Z,2,0,BLOCK,Z,1.154291,0.7597434
7/6/6/6/7/2/7/7/1 3 3,X,0.5769230769230769230769230769,302,TIMEOUT,Z,0.03006925,0.02075979
7/4/6/6/7/6/2/7/7 3 3,Z,1.75,0,BLOCK,Z,0.3754447,0.3834865
7/6/4/6/7/6/2/7/7 3 3,X,2,0,BLOCK,X,0.4862454,0.3468349
7/6/6/4/7/6/2/7/7 3 3,Z,1.8333333333333333333333333334,2,BLOCK,Z,0.9062908,0.5310074
7/6/6/6/7/4/2/7/7 3 3,Z,2,0,BLOCK,Z,0.6017236,0.7842852
7/4/6/6/7/6/6/6/7 3 3,Z,1.625,0,BLOCK,Z,0.4880794,0.202458
7/6/4/6/7/6/6/6/7 3 3,X,1.8571428571428571428571428572,0,BLOCK,X,0.6123788,0.4508593
7/6/6/4/7/6/6/6/7 3 3,Z,1.6666666666666666666666666666,2,BLOCK,Z,0.8276432,0.4197437
7/6/6/6/7/4/6/6/7 3 3,Z,1.7142857142857142857142857142,0,BLOCK,Z,0.5459016,0.7081463
7/6/6/6/7/6/4/6/7 3 3,X,2,0,BLOCK,X,0.8157806,0.8132029
7/6/6/6/7/6/6/4/7 3 3,Z,2,2,BLOCK,Z,1.61366,1.013987
7/4/6/6/7/6/6/5/7 3 3,Z,1.75,2,BLOCK,Z,0.7719414,0.3469343
7/6/4/6/7/6/6/5/7 3 3,X,1.8571428571428571428571428572,2,BLOCK,X,0.7896758,0.5355397
7/6/6/4/7/6/6/5/7 3 3,Z,1.8333333333333333333333333334,0,BLOCK,Z,0.3067817,0.3834234
7/6/6/6/7/4/6/5/7 3 3,Z,2,0,BLOCK,Z,0.6225823,0.800865
7/6/6/6/7/6/4/5/7 3 3,X,2,2,BLOCK,X,1.365495,0.8280568
7/6/6/6/7/6/6/1/7 3 3,Z,-2,0,BLOCK,Z,0.4911953,0.4568853
7/4/6/6/7/6/6/3/7 3 3,Z,1.875,2,BLOCK,Z,0.805298,0.5154524
7/6/4/6/7/6/6/3/7 3 3,X,1.8571428571428571428571428572,2,BLOCK,X,0.6919218,0.4972906
7/6/6/4/7/6/6/3/7 3 3,Z,2,0,BLOCK,Z,0.5282283,0.3797193
7/6/6/6/7/4/6/3/7 3 3,Z,2.2857142857142857142857142858,0,BLOCK,Z,0.5530771,0.7589477
7/6/6/6/7/6/4/3/7 3 3,X,2,0,BLOCK,X,0.5767884,0.7068552
7/4/6/6/7/6/6/7/6 3 3,Z,1.75,0,BLOCK,Z,0.4888887,0.34343
7/6/4/6/7/6/6/7/6 3 3,X,1.7142857142857142857142857144,2,BLOCK,X,0.7186878,0.4107386
7/6/6/4/7/6/6/7/6 3 3,Z,1.8333333333333333333333333334,0,BLOCK,Z,0.3814831,0.4996378
7/6/6/6/7/4/6/7/6 3 3,Z,2,0,BLOCK,Z,0.7159587,0.8115553
7/6/6/6/7/6/4/7/6 3 3,X,1.6,2,BLOCK,X,1.314557,0.7575209
7/4/6/6/7/6/6/7/5 3 3,Z,1.75,0,BLOCK,Z,0.5083842,0.2859297
7/6/4/6/7/6/6/7/5 3 3,X,1.8571428571428571428571428572,0,BLOCK,X,0.6620154,0.4766869
7/6/6/4/7/6/6/7/5 3 3,Z,1.8333333333333333333333333334,2,BLOCK,Z,0.9610473,0.4637771
7/6/6/6/7/4/6/7/5 3 3,Z,2,0,BLOCK,Z,0.9446709,0.7228654
7/6/6/6/7/6/4/7/5 3 3,X,2,0,BLOCK,X,0.3756894,0.5029809
7/4/6/6/7/6/6/7/3 3 3,Z,1.75,2,BLOCK,Z,0.7707939,0.4544921
7/6/4/6/7/6/6/7/3 3 3,X,2,0,BLOCK,X,0.6152671,0.378961
7/6/6/4/7/6/6/7/3 3 3,Z,1.8333333333333333333333333334,0,BLOCK,Z,0.7777018,0.4782501
7/6/6/6/7/4/6/7/3 3 3,Z,2,2,BLOCK,Z,1.207683,0.8305205
7/6/6/6/7/6/4/7/3 3 3,X,2.4,0,BLOCK,X,0.5540445,0.7672518
7/4/6/6/7/6/5/6/7 3 3,Z,1.625,0,BLOCK,Z,0.4916525,0.362177
7/6/4/6/7/6/5/6/7 3 3,X,2,2,BLOCK,X,0.8747595,0.5040705
7/6/6/4/7/6/5/6/7 3 3,Z,1.6666666666666666666666666666,0,BLOCK,Z,0.5380828,0.4042518
7/6/6/6/7/4/5/6/7 3 3,Z,1.7142857142857142857142857142,2,BLOCK,Z,1.00277,0.6925786
7/6/6/6/7/6/1/6/7 3 3,X,-2,0,BLOCK,X,0.5196204,0.5077621
7/6/6/6/7/6/5/4/7 3 3,Z,2,2,BLOCK,Z,1.626121,0.9951994
7/4/6/6/7/6/5/5/7 3 3,Z,1.75,0,BLOCK,Z,0.4164798,0.3212046
7/6/4/6/7/6/5/5/7 3 3,X,2,2,BLOCK,X,0.8644587,0.4198632
7/6/6/4/7/6/5/5/7 3 3,Z,1.8333333333333333333333333334,0,BLOCK,Z,0.5894414,0.2959228
7/6/6/6/7/4/5/5/7 3 3,Z,2,0,BLOCK,Z,0.7244158,0.8065271
7/6/6/6/7/6/1/5/7 3 3,X,-2,0,BLOCK,X,1.340948,1.153912
7/6/6/6/7/6/5/1/7 3 3,Z,-2,0,BLOCK,Z,1.06996,0.7044933
7/4/6/6/7/6/5/3/7 3 3,Z,1.875,0,BLOCK,Z,0.3948714,0.4713865
7/6/4/6/7/6/5/3/7 3 3,X,2,0,BLOCK,X,0.5543607,0.4399339
7/6/6/4/7/6/5/3/7 3 3,Z,2,2,BLOCK,Z,0.9650979,0.475945
7/6/6/6/7/4/5/3/7 3 3,Z,2.2857142857142857142857142858,0,BLOCK,Z,0.5866629,0.7039753
7/6/6/6/7/6/1/3/7 3 3,X,-2,0,BLOCK,X,0.6585233,0.6171248
7/4/6/6/7/6/5/7/6 3 3,Z,1.75,2,BLOCK,Z,0.7602265,0.3302729
7/6/4/6/7/6/5/7/6 3 3,X,1.8571428571428571428571428572,0,BLOCK,X,0.6100488,0.4781024
7/6/6/4/7/6/5/7/6 3 3,Z,1.8333333333333333333333333334,2,BLOCK,Z,0.9441527,0.5636286
7/6/6/6/7/4/5/7/6 3 3,Z,2,2,BLOCK,Z,1.192075,0.8735164
7/6/6/6/7/6/1/7/6 3 3,X,-2.4,0,BLOCK,X,0.3707455,0.3654627
7/4/6/6/7/6/5/7/5 3 3,Z,1.75,2,BLOCK,Z,0.7155319,0.3874751
7/6/4/6/7/6/5/7/5 3 3,X,2,0,BLOCK,X,0.5581272,0.370744
7/6/6/4/7/6/5/7/5 3 3,Z,1.8333333333333333333333333334,0,BLOCK,Z,0.6251814,0.485299
7/6/6/6/7/4/5/7/5 3 3,Z,2,0,BLOCK,Z,0.6139017,0.814356
7/6/6/6/7/6/1/7/5 3 3,X,-2,0,BLOCK,X,0.3114966,0.354249
7/4/6/6/7/6/5/7/3 3 3,Z,1.75,0,BLOCK,Z,0.3218986,0.2969382
7/6/4/6/7/6/5/7/3 3 3,X,2.1428571428571428571428571428,0,BLOCK,X,0.5235758,0.390977
7/6/6/4/7/6/5/7/3 3 3,Z,1.8333333333333333333333333334,0,BLOCK,Z,0.376134,0.2793058
7/6/6/6/7/4/5/7/3 3 3,Z,2,0,BLOCK,Z,0.6402888,0.7699512
7/6/6/6/7/6/1/7/3 3 3,X,-1.6,0,BLOCK,X,1.400799,0.8123498
7/4/6/6/7/6/3/6/7 3 3,Z,1.625,2,BLOCK,Z,0.6595221,0.3905756
7/6/4/6/7/6/3/6/7 3 3,X,2.1428571428571428571428571428,2,BLOCK,X,0.842711,0.5274233
7/6/6/4/7/6/3/6/7 3 3,Z,1.6666666666666666666666666666,0,BLOCK,Z,0.3364581,0.3522238
7/6/6/6/7/4/3/6/7 3 3,Z,1.7142857142857142857142857142,0,BLOCK,Z,1.137062,0.6813354
7/6/6/6/7/6/3/4/7 3 3,Z,2,2,BLOCK,Z,1.633491,1.035406
7/6/6/6/7/6/3/6/3 3 3,X,0.6538461538461538461538461538,302,TIMEOUT,Z,0.01936533,0.01000214
7/4/6/6/7/6/3/5/7 3 3,Z,1.75,2,BLOCK,Z,0.7582034,0.3604271
7/6/4/6/7/6/3/5/7 3 3,X,2.1428571428571428571428571428,2,BLOCK,X,0.8729047,0.5628812
7/6/6/4/7/6/3/5/7 3 3,Z,1.8333333333333333333333333334,2,BLOCK,Z,0.9409638,0.4706658
7/6/6/6/7/4/3/5/7 3 3,Z,2,0,BLOCK,Z,0.8197853,0.9258595
7/6/6/6/7/6/3/1/7 3 3,Z,-2,0,BLOCK,Z,1.726729,0.9433294
7/4/6/6/7/6/3/3/7 3 3,Z,1.875,0,BLOCK,Z,0.403673,0.3326676
7/6/4/6/7/6/3/3/7 3 3,X,2.1428571428571428571428571428,0,BLOCK,X,0.7768238,0.4850626
7/6/6/4/7/6/3/3/7 3 3,Z,2,0,BLOCK,Z,0.5657763,0.5339705
7/6/6/6/7/4/3/3/7 3 3,Z,2.2857142857142857142857142858,0,BLOCK,Z,0.6176772,0.6984342
7/4/6/6/7/6/3/7/6 3 3,Z,1.75,0,BLOCK,Z,0.3360368,0.3218674
7/6/4/6/7/6/3/7/6 3 3,X,2,2,BLOCK,X,0.9992566,0.5952658
7/6/6/4/7/6/3/7/6 3 3,Z,1.8333333333333333333333333334,0,BLOCK,Z,0.518755,0.447908
7/6/6/6/7/4/3/7/6 3 3,Z,2,0,BLOCK,Z,0.4783037,0.6632963
7/4/6/6/7/6/3/7/5 3 3,Z,1.75,0,BLOCK,Z,0.4381718,0.1915507
7/6/4/6/7/6/3/7/5 3 3,X,2.1428571428571428571428571428,2,BLOCK,X,1.013055,0.6496758
7/6/6/4/7/6/3/7/5 3 3,Z,1.8333333333333333333333333334,2,BLOCK,Z,0.9324107,0.6027418
7/6/6/6/7/4/3/7/5 3 3,Z,2,0,BLOCK,Z,1.276264,0.8085811
7/4/6/6/7/6/3/7/3 3 3,Z,1.75,2,BLOCK,Z,0.7056872,0.4012512
7/6/4/6/7/6/3/7/3 3 3,X,2.2857142857142857142857142856,2,BLOCK,X,0.9661177,0.6653857
7/6/6/4/7/6/3/7/3 3 3,Z,1.8333333333333333333333333334,0,BLOCK,Z,0.7293234,0.4489663
7/6/6/6/7/4/3/7/3 3 3,Z,2,0,BLOCK,Z,0.6285454,0.8029806
7/4/6/6/7/6/7/2/7 3 3,Z,1.75,2,BLOCK,Z,0.7171754,0.4103258
7/6/4/6/7/6/7/2/7 3 3,X,2,0,BLOCK,X,0.628591,0.4474787
7/6/6/4/7/6/7/2/7 3 3,Z,1.8333333333333333333333333334,0,BLOCK,Z,0.496626,0.4360599
7/6/6/6/5/6/7/2/7 3 3,X,0.5,302,TIMEOUT,Z,0.02098405,0.00804539
7/6/6/6/7/4/7/2/7 3 3,Z,2,0,BLOCK,Z,0.5188988,0.6193899
7/4/6/6/7/6/7/6/6 3 3,Z,1.625,0,BLOCK,Z,0.2242866,0.1458011
7/6/4/6/7/6/7/6/6 3 3,X,1.8571428571428571428571428572,0,BLOCK,X,0.6502824,0.5095037
7/6/6/4/7/6/7/6/6 3 3,Z,1.6666666666666666666666666666,2,BLOCK,Z,0.9308431,0.5350173
7/6/6/6/7/4/7/6/6 3 3,Z,1.7142857142857142857142857142,0,BLOCK,Z,0.5145678,0.7145069
7/6/6/6/7/6/7/4/6 3 3,Z,2,0,BLOCK,Z,0.5669683,0.6623773
7/4/6/6/7/6/7/6/5 3 3,Z,1.625,0,BLOCK,Z,0.5925789,0.3357715
7/6/4/6/7/6/7/6/5 3 3,X,2,2,BLOCK,X,0.8069476,0.4793309
7/6/6/4/7/6/7/6/5 3 3,Z,1.6666666666666666666666666666,0,BLOCK,Z,0.5535365,0.3342189
7/6/6/6/7/4/7/6/5 3 3,Z,1.7142857142857142857142857142,0,BLOCK,Z,0.5538915,0.6532645
7/6/6/6/7/6/7/4/5 3 3,Z,2,0,BLOCK,Z,0.3379842,0.4473708
7/6/6/6/7/6/7/2/5 3 3,X,0.5,302,TIMEOUT,Z,0.02993998,0.02077843
7/4/6/6/7/6/7/6/3 3 3,Z,1.625,0,BLOCK,Z,0.3652591,0.2347668
7/6/4/6/7/6/7/6/3 3 3,X,2.1428571428571428571428571428,2,BLOCK,X,0.9033962,0.5926511
7/6/6/4/7/6/7/6/3 3 3,Z,1.6666666666666666666666666666,2,BLOCK,Z,0.9021331,0.4889672
7/6/6/6/7/4/7/6/3 3 3,Z,1.7142857142857142857142857142,2,BLOCK,Z,1.090771,0.6951374
7/6/6/6/7/6/7/4/3 3 3,Z,2,0,BLOCK,Z,0.5766147,0.6738196
7/4/6/6/7/6/7/5/6 3 3,Z,1.75,2,BLOCK,Z,0.7574444,0.3787849
7/6/4/6/7/6/7/5/6 3 3,X,1.8571428571428571428571428572,0,BLOCK,X,0.7271531,0.3611035
7/6/6/4/7/6/7/5/6 3 3,Z,1.8333333333333333333333333334,0,BLOCK,Z,0.5069162,0.5098888
7/6/6/6/7/4/7/5/6 3 3,Z,2,2,BLOCK,Z,1.192168,0.9020405
7/6/6/6/7/6/7/1/6 3 3,Z,-2,0,BLOCK,Z,0.2360292,0.2091654
