board,cog_axis,cog_value,unity_time,unity_state,unity_axis,unity_mav,unity_mlv
7/7/7/6/6/5/4/3/6 3 3,X,1.5,0,BLOCK,X,1.197703,0.7065744
7/7/7/4/6/5/6/3/5 3 3,Z,2.20,0,BLOCK,Z,0.6591282,0.5209397
7/7/7/6/4/5/6/3/5 3 3,X,1.75,0,BLOCK,X,0.5313931,0.590245
7/7/7/6/6/1/6/3/5 3 3,Z,-1.6666666666666666666666666666,0,BLOCK,Z,0.3196646,0.2739887
7/7/7/6/6/5/4/3/5 3 3,X,2,2,BLOCK,X,1.322255,0.7940797
7/7/7/4/6/5/6/3/3 3 3,Z,2.20,0,BLOCK,Z,0.8411332,0.5662063
7/7/7/6/4/5/6/3/3 3 3,X,2.0,0,BLOCK,X,0.3108836,0.5021812
7/7/7/6/6/1/6/3/3 3 3,Z,-1.6666666666666666666666666666,2,BLOCK,Z,1.074849,0.8538644
7/7/7/6/6/5/4/3/3 3 3,X,2.5,0,BLOCK,X,1.503066,1.108103
7/7/7/4/6/5/6/7/4 3 3,Z,2,2,BLOCK,Z,0.9918464,0.4837597
7/7/7/6/4/5/6/7/4 3 3,X,1.5,0,BLOCK,X,0.1841649,0.3636622
7/7/7/6/6/1/6/7/4 3 3,Z,-2,2,BLOCK,Z,1.253332,0.826333
7/7/7/6/6/5/4/7/4 3 3,X,1.5,0,BLOCK,X,0.6326473,0.6182172
7/7/7/4/6/5/6/7/2 3 3,Z,2,2,BLOCK,Z,1.009315,0.6428445
7/7/7/6/4/5/6/7/2 3 3,X,1.75,0,BLOCK,X,0.4433262,0.5716652
7/7/7/6/6/1/6/7/2 3 3,Z,-2,0,BLOCK,Z,0.6256729,0.5425385
7/7/7/6/6/5/4/7/2 3 3,X,2,0,BLOCK,X,0.6349164,0.7669023
7/7/7/4/6/5/6/7/1 3 3,Z,2,2,BLOCK,Z,1.036223,0.4935543
7/7/7/6/4/5/6/7/1 3 3,X,2.0,0,BLOCK,X,0.4810932,0.6279013
7/7/7/6/6/1/6/7/1 3 3,Z,-2,0,BLOCK,Z,0.8595791,0.6254186
7/7/7/6/6/5/4/7/1 3 3,X,2.5,0,BLOCK,X,0.5667475,0.745421
7/7/7/4/6/5/5/2/7 3 3,Z,2,0,BLOCK,Z,0.4371101,0.4732504
7/7/7/6/4/5/5/2/7 3 3,X,2,0,BLOCK,X,0.4667816,0.4920661
7/7/7/6/6/1/5/2/7 3 3,Z,-2,2,BLOCK,Z,1.285586,0.8797827
7/7/7/6/6/5/1/2/7 3 3,X,-2,0,BLOCK,X,0.6443574,0.5084418
7/7/7/4/6/5/5/6/6 3 3,Z,1.80,0,BLOCK,Z,0.5580627,0.5158266
7/7/7/6/4/5/5/6/6 3 3,X,1.75,0,BLOCK,X,0.4929301,0.5005186
7/7/7/6/6/1/5/6/6 3 3,Z,-2.3333333333333333333333333334,0,BLOCK,Z,0.644914,0.4023516
7/7/7/6/6/5/1/6/6 3 3,X,-2.5,2,BLOCK,X,1.526949,0.8802394
7/7/7/6/6/5/5/4/6 3 3,Z,2,0,BLOCK,Z,1.74066,1.001636
7/7/7/4/6/5/5/6/5 3 3,Z,1.80,0,BLOCK,Z,0.4989499,0.52069
7/7/7/6/4/5/5/6/5 3 3,X,2,2,BLOCK,X,0.9474244,0.6358676
7/7/7/6/6/1/5/6/5 3 3,Z,-2.3333333333333333333333333334,0,BLOCK,Z,0.4986281,0.4256935
7/7/7/6/6/5/1/6/5 3 3,X,-2,2,BLOCK,X,1.227525,0.7696978
7/7/7/6/6/5/5/4/5 3 3,Z,2,0,BLOCK,Z,0.2596147,0.4413069
7/7/7/4/6/5/5/6/3 3 3,Z,1.80,0,BLOCK,Z,0.6904315,0.5673531
7/7/7/6/4/5/5/6/3 3 3,X,2.25,0,BLOCK,X,0.5494261,0.7620937
7/7/7/6/6/1/5/6/3 3 3,Z,-2.3333333333333333333333333334,0,BLOCK,Z,1.476767,1.001174
7/7/7/6/6/5/1/6/3 3 3,X,-1.5,0,BLOCK,X,0.4789893,0.4375568
7/7/7/6/6/5/5/4/3 3 3,Z,2,0,BLOCK,Z,0.438154,0.5893688
7/7/7/4/6/5/5/5/6 3 3,Z,2,0,BLOCK,Z,0.6963303,0.6574271
7/7/7/6/4/5/5/5/6 3 3,X,1.75,0,BLOCK,X,0.5097257,0.5699211
7/7/7/6/6/1/5/5/6 3 3,Z,-2,0,BLOCK,Z,0.649386,0.5982683
7/7/7/6/6/5/1/5/6 3 3,X,-2.5,0,BLOCK,X,0.7668341,0.8013553
7/7/7/6/6/5/5/1/6 3 3,Z,-2,0,BLOCK,Z,0.4270368,0.3187991
7/7/7/4/6/5/5/5/5 3 3,Z,2,0,BLOCK,Z,0.6782569,0.5143194
7/7/7/6/4/5/5/5/5 3 3,X,2,2,BLOCK,X,0.9992698,0.6463009
7/7/7/6/6/1/5/5/5 3 3,Z,-2,0,BLOCK,Z,0.6481875,0.5980072
7/7/7/6/6/5/1/5/5 3 3,X,-2,0,BLOCK,X,0.6041185,0.5807422
7/7/7/6/6/5/5/1/5 3 3,Z,-2,0,BLOCK,Z,0.152463,0.1802499
7/7/7/4/6/5/5/5/3 3 3,Z,2,2,BLOCK,Z,0.8732786,0.5794402
7/7/7/6/4/5/5/5/3 3 3,X,2.25,0,BLOCK,X,0.7361695,0.7698089
7/7/7/6/6/1/5/5/3 3 3,Z,-2,0,BLOCK,Z,1.161042,0.9000955
7/7/7/6/6/5/1/5/3 3 3,X,-1.5,0,BLOCK,X,0.3508743,0.3290873
7/7/7/6/6/5/5/1/3 3 3,Z,-2,0,BLOCK,Z,0.3435366,0.4152204
7/7/7/4/6/5/5/3/6 3 3,Z,2.20,2,BLOCK,Z,1.005625,0.6003332
7/7/7/6/4/5/5/3/6 3 3,X,1.75,0,BLOCK,X,0.9786752,0.6171863
7/7/7/6/6/1/5/3/6 3 3,Z,-1.6666666666666666666666666666,0,BLOCK,Z,0.3794228,0.4405941
7/7/7/6/6/5/1/3/6 3 3,X,-2.5,0,BLOCK,X,1.364533,1.016714
7/7/7/4/6/5/5/3/5 3 3,Z,2.20,0,BLOCK,Z,0.444395,0.5493527
7/7/7/6/4/5/5/3/5 3 3,X,2,0,BLOCK,X,0.8954064,0.550925
7/7/7/6/6/1/5/3/5 3 3,Z,-1.6666666666666666666666666666,0,BLOCK,Z,0.4180721,0.4914812
7/7/7/6/6/5/1/3/5 3 3,X,-2,0,BLOCK,X,0.6158494,0.6806911
7/7/7/4/6/5/5/3/3 3 3,Z,2.20,0,BLOCK,Z,0.802898,0.5070196
7/7/7/6/4/5/5/3/3 3 3,X,2.25,0,BLOCK,X,0.7144781,0.7396602
7/7/7/6/6/1/5/3/3 3 3,Z,-1.6666666666666666666666666666,0,BLOCK,Z,0.1147171,0.4794769
7/7/7/6/6/5/1/3/3 3 3,X,-1.5,0,BLOCK,X,1.077064,0.7551167
7/7/7/4/6/5/5/7/4 3 3,Z,2,2,BLOCK,Z,0.9714317,0.6033118
7/7/7/6/4/5/5/7/4 3 3,X,1.75,0,BLOCK,X,0.7315621,0.5513208
7/7/7/6/6/1/5/7/4 3 3,Z,-2,0,BLOCK,Z,1.215577,0.858028
7/7/7/6/6/5/1/7/4 3 3,X,-2.5,0,BLOCK,X,1.516903,1.022588
7/7/7/4/6/5/5/7/2 3 3,Z,2,0,BLOCK,Z,0.3931137,0.4387679
7/7/7/6/4/5/5/7/2 3 3,X,2,0,BLOCK,X,0.439729,0.5961172
7/7/7/6/6/1/5/7/2 3 3,Z,-2,0,BLOCK,Z,0.7377452,0.5237727
7/7/7/6/6/5/1/7/2 3 3,X,-2,0,BLOCK,X,0.6009772,0.7734395
7/7/7/4/6/5/5/7/1 3 3,Z,2,0,BLOCK,Z,0.5411859,0.5209467
7/7/7/6/4/5/5/7/1 3 3,X,2.25,0,BLOCK,X,0.7694435,0.7502303
7/7/7/6/6/1/5/7/1 3 3,Z,-2,2,BLOCK,Z,1.283028,0.7320179
7/7/7/6/6/5/1/7/1 3 3,X,-1.5,0,BLOCK,X,0.3422289,0.2124258
7/7/7/4/6/5/3/2/7 3 3,Z,2,0,BLOCK,Z,0.7076332,0.4971825
7/7/7/6/4/5/3/2/7 3 3,X,2.25,0,BLOCK,X,0.6542573,0.6135678
7/7/7/6/6/1/3/2/7 3 3,Z,-2,0,BLOCK,Z,0.4601191,0.4164758
7/7/7/4/6/5/3/6/6 3 3,Z,1.80,2,BLOCK,Z,0.9292822,0.4796701
7/7/7/6/4/5/3/6/6 3 3,X,2.0,0,BLOCK,X,0.4434937,0.6621257
7/7/7/6/6/1/3/6/6 3 3,Z,-2.3333333333333333333333333334,0,BLOCK,Z,0.6844108,0.6428013
7/7/7/6/6/5/3/4/6 3 3,Z,2,0,BLOCK,Z,1.68857,1.110947
7/7/7/4/6/5/3/6/5 3 3,Z,1.80,0,BLOCK,Z,0.4426901,0.4723511
7/7/7/6/4/5/3/6/5 3 3,X,2.25,0,BLOCK,X,0.4990112,0.6561611
7/7/7/6/6/1/3/6/5 3 3,Z,-2.3333333333333333333333333334,0,BLOCK,Z,0.6275426,0.55909
7/7/7/6/6/5/3/4/5 3 3,Z,2,0,BLOCK,Z,0.5289335,0.5699084
7/7/7/4/6/5/3/6/3 3 3,Z,1.80,0,BLOCK,Z,0.3670495,0.3714408
7/7/7/6/4/5/3/6/3 3 3,X,2.5,2,BLOCK,X,1.202285,0.7521887
7/7/7/6/6/1/3/6/3 3 3,Z,-2.3333333333333333333333333334,0,BLOCK,Z,1.385712,0.992946
7/7/7/6/6/5/3/4/3 3 3,Z,2,0,BLOCK,Z,0.1922297,0.3386906
7/7/7/4/6/5/3/5/6 3 3,Z,2,0,BLOCK,Z,0.4538607,0.4458078
7/7/7/6/4/5/3/5/6 3 3,X,2.0,0,BLOCK,X,0.4727175,0.7025826
7/7/7/6/6/1/3/5/6 3 3,Z,-2,0,BLOCK,Z,0.8958367,0.7219526
7/7/7/6/6/5/3/1/6 3 3,Z,-2,0,BLOCK,Z,0.4147138,0.4579467
7/7/7/4/6/5/3/5/5 3 3,Z,2,2,BLOCK,Z,0.9283358,0.5141387
7/7/7/6/4/5/3/5/5 3 3,X,2.25,0,BLOCK,X,0.9284682,0.7678131
7/7/7/6/6/1/3/5/5 3 3,Z,-2,0,BLOCK,Z,0.6473585,0.5474649
7/7/7/6/6/5/3/1/5 3 3,Z,-2,0,BLOCK,Z,1.63109,0.9612697
7/7/7/4/6/5/3/5/3 3 3,Z,2,0,BLOCK,Z,0.4919429,0.3081926
7/7/7/6/4/5/3/5/3 3 3,X,2.5,0,BLOCK,X,0.3442642,0.5591925
7/7/7/6/6/1/3/5/3 3 3,Z,-2,0,BLOCK,Z,0.7413389,0.5750335
7/7/7/6/6/5/3/1/3 3 3,Z,-2,2,BLOCK,Z,1.561799,0.9480721
7/7/7/4/6/5/3/3/6 3 3,Z,2.20,2,BLOCK,Z,1.041239,0.6374454
7/7/7/6/4/5/3/3/6 3 3,X,2.0,0,BLOCK,X,0.4212805,0.7283901
7/7/7/6/6/1/3/3/6 3 3,Z,-1.6666666666666666666666666666,2,BLOCK,Z,1.06901,0.7287851
7/7/7/4/6/5/3/3/3 3 3,Z,2.20,0,BLOCK,Z,0.4730008,0.5215167
7/7/7/6/4/5/3/3/3 3 3,X,2.5,2,BLOCK,X,1.193012,0.762906
7/7/7/6/6/1/3/3/3 3 3,Z,-1.6666666666666666666666666666,0,BLOCK,Z,0.4732666,0.5329127
7/7/7/4/6/5/3/7/4 3 3,Z,2,0,BLOCK,Z,0.3607357,0.4780537
7/7/7/6/4/5/3/7/4 3 3,X,2.0,0,BLOCK,X,1.420939,0.9818719
7/7/7/6/6/1/3/7/4 3 3,Z,-2,0,BLOCK,Z,0.6215222,0.5655099
7/7/7/4/6/5/3/7/2 3 3,Z,2,0,BLOCK,Z,0.7583899,0.5435989
7/7/7/6/4/5/3/7/2 3 3,X,2.25,0,BLOCK,X,0.7671655,0.6974762
7/7/7/6/6/1/3/7/2 3 3,Z,-2,0,BLOCK,Z,1.350502,0.8594899
7/7/7/4/6/5/3/3/5 3 3,Z,2.20,0,BLOCK,Z,0.8321636,0.5676035
7/7/7/6/4/5/3/3/5 3 3,X,2.25,0,BLOCK,X,0.6374952,0.716749
7/7/7/6/6/1/3/3/5 3 3,Z,-1.6666666666666666666666666666,0,BLOCK,Z,1.044396,1.033622
7/7/7/4/6/5/3/7/1 3 3,Z,2,0,BLOCK,Z,0.4327525,0.5194702
7/7/7/6/4/5/3/7/1 3 3,X,2.5,0,BLOCK,X,0.6047587,0.6827427
7/7/7/6/6/1/3/7/1 3 3,Z,-2,0,BLOCK,Z,0.9488723,0.7060564
7/7/7/4/6/5/7/2/6 3 3,Z,2,0,BLOCK,Z,0.3742501,0.4869997
7/7/7/6/4/5/7/2/6 3 3,X,1.75,0,BLOCK,X,0.9786289,0.7234768
7/7/7/6/6/1/7/2/6 3 3,Z,-2,0,BLOCK,Z,0.2322777,0.3415585
7/7/7/4/6/5/7/2/5 3 3,Z,2,0,BLOCK,Z,0.4404556,0.4440781
7/7/7/6/4/5/7/2/5 3 3,X,2,0,BLOCK,X,0.6348701,0.5943509
7/7/7/6/6/1/7/2/5 3 3,Z,-2,0,BLOCK,Z,0.1606238,0.3346736
7/7/7/4/6/5/7/2/3 3 3,Z,2,2,BLOCK,Z,0.9988003,0.616973
7/7/7/6/4/5/7/2/3 3 3,X,2.25,0,BLOCK,X,0.7306721,0.7653865
7/7/7/6/6/1/7/2/3 3 3,Z,-2,0,BLOCK,Z,0.4119133,0.4523929
7/7/7/4/6/5/7/6/4 3 3,Z,1.80,0,BLOCK,Z,0.6913376,0.5387608
7/7/7/6/4/5/7/6/4 3 3,X,1.75,0,BLOCK,X,0.9657493,0.5778303
7/7/7/6/6/1/7/6/4 3 3,Z,-2.3333333333333333333333333332,0,BLOCK,Z,0.4952902,0.4811686
7/7/7/6/6/5/7/4/4 3 3,Z,2,0,BLOCK,Z,0.3336338,0.4339828
7/7/7/4/6/5/7/6/2 3 3,Z,1.80,0,BLOCK,Z,0.7667974,0.4820536
7/7/7/6/4/5/7/6/2 3 3,X,2,0,BLOCK,X,0.6646782,0.7614607
7/7/7/6/6/1/7/6/2 3 3,Z,-2.3333333333333333333333333332,0,BLOCK,Z,0.5642019,0.5453287
7/7/7/6/6/5/7/4/2 3 3,Z,2,0,BLOCK,Z,0.3790904,0.4532971
7/7/7/4/6/5/7/6/1 3 3,Z,1.80,0,BLOCK,Z,0.6728805,0.5200126
7/7/7/6/4/5/7/6/1 3 3,X,2.25,0,BLOCK,X,0.4193308,0.7138336
7/7/7/6/6/1/7/6/1 3 3,Z,-2.3333333333333333333333333332,2,BLOCK,Z,1.489513,1.018774
7/7/7/6/6/5/7/4/1 3 3,Z,2,2,BLOCK,Z,1.614542,0.9979129
7/7/7/4/6/5/7/5/4 3 3,Z,2,2,BLOCK,Z,1.024732,0.6178161
7/7/7/6/4/5/7/5/4 3 3,X,1.75,0,BLOCK,X,0.4786718,0.5920793
7/7/7/6/6/1/7/5/4 3 3,Z,-2,0,BLOCK,Z,0.456963,0.503214
7/7/7/6/6/5/7/1/4 3 3,Z,-2,0,BLOCK,Z,0.3513243,0.3865604
7/7/7/4/6/5/7/5/2 3 3,Z,2,0,BLOCK,Z,0.5373951,0.5571296
7/7/7/6/4/5/7/5/2 3 3,X,2,0,BLOCK,X,0.8122832,0.7215944
7/7/7/6/6/1/7/5/2 3 3,Z,-2,0,BLOCK,Z,1.155069,0.9379314
7/7/7/6/6/5/7/1/2 3 3,Z,-2,0,BLOCK,Z,0.0320174,0.07045502
7/7/7/4/6/5/7/5/1 3 3,Z,2,0,BLOCK,Z,0.7260827,0.5836436
7/7/7/6/4/5/7/5/1 3 3,X,2.25,0,BLOCK,X,0.6879359,0.7196223
7/7/7/6/6/1/7/5/1 3 3,Z,-2,0,BLOCK,Z,0.6061162,0.6415791
7/7/7/6/6/5/7/1/1 3 3,Z,-2,0,BLOCK,Z,0.1240652,0.1621157
7/7/7/4/6/5/7/3/4 3 3,Z,2.20,0,BLOCK,Z,0.4433305,0.4576464
7/7/7/6/4/5/7/3/4 3 3,X,1.75,0,BLOCK,X,0.4349244,0.6283005
7/7/7/6/6/1/7/3/4 3 3,Z,-1.6666666666666666666666666668,2,BLOCK,Z,1.106736,0.7554075
7/7/7/4/6/5/7/3/2 3 3,Z,2.20,0,BLOCK,Z,0.6760567,0.6520126
7/7/7/6/4/5/7/3/2 3 3,X,2,0,BLOCK,X,1.040944,0.7846465
7/7/7/6/6/1/7/3/2 3 3,Z,-1.6666666666666666666666666668,0,BLOCK,Z,0.297386,0.4067688
7/7/7/4/6/5/7/3/1 3 3,Z,2.20,0,BLOCK,Z,0.6037017,0.4583649
7/7/7/6/4/5/7/3/1 3 3,X,2.25,0,BLOCK,X,0.5345294,0.7339895
7/7/7/6/6/1/7/3/1 3 3,Z,-1.6666666666666666666666666668,0,BLOCK,Z,1.053477,0.8955125
7/7/7/4/6/3/2/6/7 3 3,Z,2,0,BLOCK,Z,0.7759826,0.6975347
7/7/7/6/4/3/2/6/7 3 3,X,2,0,BLOCK,X,0.3697813,0.5087314
7/7/7/6/6/3/2/4/7 3 3,Z,2,2,BLOCK,Z,1.530717,1.02952
7/7/7/4/6/3/2/5/7 3 3,Z,2.20,2,BLOCK,Z,1.384699,0.6896116
7/7/7/6/4/3/2/5/7 3 3,X,2,0,BLOCK,X,1.028643,0.6715599
7/7/7/6/6/3/2/1/7 3 3,Z,-2,0,BLOCK,Z,0.3903901,0.3675335
7/7/7/4/6/3/2/3/7 3 3,Z,2.4,0,BLOCK,Z,0.8910254,0.7941796
7/7/7/6/4/3/2/3/7 3 3,X,2,2,BLOCK,X,1.101301,0.6601159
7/7/7/4/6/3/2/7/6 3 3,Z,2.20,0,BLOCK,Z,0.4209985,0.559796
7/7/7/6/4/3/2/7/6 3 3,X,1.75,0,BLOCK,X,0.2369971,0.4137658
7/7/7/4/6/3/2/7/5 3 3,Z,2.20,2,BLOCK,Z,1.270535,0.7296901
7/7/7/6/4/3/2/7/5 3 3,X,2,0,BLOCK,X,0.4556317,0.5049149
7/7/7/4/6/3/2/7/3 3 3,Z,2.20,0,BLOCK,Z,0.4649624,0.6775917
7/7/7/6/4/3/2/7/3 3 3,X,2.25,2,BLOCK,X,1.016761,0.7037798
7/7/7/4/6/3/6/2/7 3 3,Z,2.20,0,BLOCK,Z,0.6231445,0.7801377
7/7/7/6/4/3/6/2/7 3 3,X,1.75,0,BLOCK,X,0.7302784,0.5003991
7/7/7/6/6/3/4/2/7 3 3,X,2,0,BLOCK,X,0.6416844,0.8933587
7/7/7/4/6/3/6/6/6 3 3,Z,2,0,BLOCK,Z,0.2013026,0.4919668
7/7/7/6/4/3/6/6/6 3 3,X,1.5,0,BLOCK,X,0.4350971,0.3996344
7/7/7/6/6/3/4/6/6 3 3,X,1.5,0,BLOCK,X,0.5452612,0.6983305
7/7/7/6/6/3/6/4/6 3 3,Z,2,2,BLOCK,Z,1.544234,0.9421378
7/7/7/4/6/3/6/6/5 3 3,Z,2,0,BLOCK,Z,0.3274626,0.555592
7/7/7/6/4/3/6/6/5 3 3,X,1.75,0,BLOCK,X,0.4882857,0.5024074
7/7/7/6/6/3/4/6/5 3 3,X,2,0,BLOCK,X,1.264463,0.9430746
7/7/7/6/6/3/6/4/5 3 3,Z,2,0,BLOCK,Z,1.718397,1.06091
7/7/7/4/6/3/6/6/3 3 3,Z,2,0,BLOCK,Z,0.4093923,0.6447308
7/7/7/6/4/3/6/6/3 3 3,X,2.0,0,BLOCK,X,0.3663038,0.661973
7/7/7/6/6/3/4/6/3 3 3,X,2.5,2,BLOCK,X,1.633442,0.9706936
7/7/7/6/6/3/6/4/3 3 3,Z,2,0,BLOCK,Z,0.5385352,0.6689259
7/7/7/4/6/3/6/5/6 3 3,Z,2.20,0,BLOCK,Z,0.3327607,0.6282927
7/7/7/6/4/3/6/5/6 3 3,X,1.5,2,BLOCK,X,1.000686,0.5470352
7/7/7/6/6/3/4/5/6 3 3,X,1.5,2,BLOCK,X,1.164,0.6547623
7/7/7/6/6/3/6/1/6 3 3,Z,-2,0,BLOCK,Z,0.2916917,0.2816294
7/7/7/4/6/3/6/5/5 3 3,Z,2.20,0,BLOCK,Z,0.6730503,0.6030502
7/7/7/6/4/3/6/5/5 3 3,X,1.75,2,BLOCK,X,0.9617597,0.5431356
7/7/7/6/6/3/4/5/5 3 3,X,2,0,BLOCK,X,0.5733432,0.6932265
7/7/7/6/6/3/6/1/5 3 3,Z,-2,0,BLOCK,Z,0.2167775,0.04037631
7/7/7/4/6/3/6/5/3 3 3,Z,2.20,0,BLOCK,Z,0.07127173,0.2468119
7/7/7/6/4/3/6/5/3 3 3,X,2.0,0,BLOCK,X,0.4585137,0.5981626
7/7/7/6/6/3/4/5/3 3 3,X,2.5,0,BLOCK,X,0.755792,0.8670592
7/7/7/6/6/3/6/1/3 3 3,Z,-2,0,BLOCK,Z,0.3789489,0.35942
7/7/7/4/6/3/6/3/6 3 3,Z,2.4,2,BLOCK,Z,1.171554,0.778059
7/7/7/6/4/3/6/3/6 3 3,X,1.5,0,BLOCK,X,0.3506775,0.5808468
7/7/7/6/6/3/4/3/6 3 3,X,1.5,2,BLOCK,X,1.162212,0.722049
7/7/7/4/6/3/6/3/5 3 3,Z,2.4,0,BLOCK,Z,0.3218914,0.5483201
7/7/7/6/4/3/6/3/5 3 3,X,1.75,0,BLOCK,X,0.3346156,0.5090227
7/7/7/6/6/3/4/3/5 3 3,X,2,0,BLOCK,X,0.5300576,0.7431152
7/7/7/4/6/3/6/3/3 3 3,Z,2.4,0,BLOCK,Z,0.1986032,0.4338408
7/7/7/6/4/3/6/3/3 3 3,X,2.0,2,BLOCK,X,1.016462,0.7145644
7/7/7/6/6/3/4/3/3 3 3,X,2.5,0,BLOCK,X,0.7709789,0.9096777
7/7/7/4/6/3/6/7/4 3 3,Z,2.20,0,BLOCK,Z,0.2280997,0.4618373
7/7/7/6/4/3/6/7/4 3 3,X,1.5,0,BLOCK,X,0.3027021,0.4399032
7/7/7/6/6/3/4/7/4 3 3,X,1.5,0,BLOCK,X,0.3071947,0.4199213
7/7/7/4/6/3/6/7/2 3 3,Z,2.20,0,BLOCK,Z,0.4695483,0.6194875
7/7/7/6/4/3/6/7/2 3 3,X,1.75,0,BLOCK,X,0.497814,0.6409479
7/7/7/6/6/3/4/7/2 3 3,X,2,0,BLOCK,X,0.4461769,0.6420409
7/7/7/4/6/3/6/7/1 3 3,Z,2.20,0,BLOCK,Z,0.15954,0.342712
7/7/7/6/4/3/6/7/1 3 3,X,2.0,0,BLOCK,X,0.6549161,0.7798754
7/7/7/6/6/3/4/7/1 3 3,X,2.5,0,BLOCK,X,0.3798634,0.5333272
7/7/7/4/6/3/5/2/7 3 3,Z,2.20,2,BLOCK,Z,1.360261,0.8703582
7/7/7/6/4/3/5/2/7 3 3,X,2,2,BLOCK,X,0.9040441,0.60732
7/7/7/6/6/3/1/2/7 3 3,X,-2,2,BLOCK,X,1.305079,0.7732274
7/7/7/4/6/3/5/6/6 3 3,Z,2,0,BLOCK,Z,0.7015373,0.8076238
7/7/7/6/4/3/5/6/6 3 3,X,1.75,0,BLOCK,X,0.7296758,0.6245713
7/7/7/6/6/3/1/6/6 3 3,X,-2.5,0,BLOCK,X,1.53738,1.041932
7/7/7/6/6/3/5/4/6 3 3,Z,2,0,BLOCK,Z,0.7228491,0.6318267
7/7/7/4/6/3/5/6/5 3 3,Z,2,0,BLOCK,Z,0.4155389,0.6330564
7/7/7/6/4/3/5/6/5 3 3,X,2,2,BLOCK,X,0.9531305,0.6555306
7/7/7/6/6/3/1/6/5 3 3,X,-2,0,BLOCK,X,1.024433,0.591525
7/7/7/6/6/3/5/4/5 3 3,Z,2,0,BLOCK,Z,0.6869974,0.7627211
7/7/7/4/6/3/5/6/3 3 3,Z,2,0,BLOCK,Z,0.2678514,0.472798
7/7/7/6/4/3/5/6/3 3 3,X,2.25,0,BLOCK,X,0.5681515,0.6535035
7/7/7/6/6/3/1/6/3 3 3,X,-1.5,2,BLOCK,X,1.163107,0.7197036
7/7/7/6/6/3/5/4/3 3 3,Z,2,0,BLOCK,Z,0.687847,0.7802528
7/7/7/4/6/3/5/5/6 3 3,Z,2.20,0,BLOCK,Z,0.4472925,0.6089752
7/7/7/6/4/3/5/5/6 3 3,X,1.75,0,BLOCK,X,0.5281389,0.5685513
7/7/7/6/6/3/1/5/6 3 3,X,-2.5,0,BLOCK,X,1.622522,1.030178
7/7/7/6/6/3/5/1/6 3 3,Z,-2,0,BLOCK,Z,0.2436348,0.2022103
7/7/7/4/6/3/5/5/5 3 3,Z,2.20,0,BLOCK,Z,0.7063696,0.7227986
7/7/7/6/4/3/5/5/5 3 3,X,2,0,BLOCK,X,0.8001431,0.698354
7/7/7/6/6/3/1/5/5 3 3,X,-2,0,BLOCK,X,0.6323754,0.543229
7/7/7/6/6/3/5/1/5 3 3,Z,-2,2,BLOCK,Z,1.599542,0.9396403
7/7/7/4/6/3/5/5/3 3 3,Z,2.20,0,BLOCK,Z,0.6289616,0.8181738
7/7/7/6/4/3/5/5/3 3 3,X,2.25,0,BLOCK,X,0.62122,0.697984
7/7/7/6/6/3/1/5/3 3 3,X,-1.5,0,BLOCK,X,0.4387981,0.4670688
7/7/7/6/6/3/5/1/3 3 3,Z,-2,0,BLOCK,Z,0.2476347,0.2810455
7/7/7/4/6/3/5/3/6 3 3,Z,2.4,2,BLOCK,Z,1.143405,0.7362474
7/7/7/6/4/3/5/3/6 3 3,X,1.75,2,BLOCK,X,1.000394,0.5381979
7/7/7/6/6/3/1/3/6 3 3,X,-2.5,0,BLOCK,X,0.8370488,0.7814113
7/7/7/4/6/3/5/3/5 3 3,Z,2.4,2,BLOCK,Z,1.131748,0.8582202
7/7/7/6/4/3/5/3/5 3 3,X,2,2,BLOCK,X,0.9113219,0.6562067
7/7/7/6/6/3/1/3/5 3 3,X,-2,0,BLOCK,X,0.6773724,0.7051151
7/7/7/4/6/3/5/3/3 3 3,Z,2.4,0,BLOCK,Z,0.2679126,0.3954861
7/7/7/6/4/3/5/3/3 3 3,X,2.25,0,BLOCK,X,0.7152511,0.8927778
7/7/7/6/6/3/1/3/3 3 3,X,-1.5,0,BLOCK,X,1.2079,0.8315089
7/7/7/4/6/3/5/7/4 3 3,Z,2.20,0,BLOCK,Z,0.5036073,0.6346058
7/7/7/6/4/3/5/7/4 3 3,X,1.75,0,BLOCK,X,0.671268,0.7291854
7/7/7/6/6/3/1/7/4 3 3,X,-2.5,0,BLOCK,X,1.624479,1.05014
7/7/7/4/6/3/5/7/2 3 3,Z,2.20,0,BLOCK,Z,0.495566,0.64339
7/7/7/6/4/3/5/7/2 3 3,X,2,0,BLOCK,X,0.7665037,0.8265042
7/7/7/6/6/3/1/7/2 3 3,X,-2,0,BLOCK,X,0.5835731,0.5859793
7/7/7/4/6/3/5/7/1 3 3,Z,2.20,0,BLOCK,Z,0.4866822,0.6252128
7/7/7/6/4/3/5/7/1 3 3,X,2.25,0,BLOCK,X,0.8217322,0.7889837
7/7/7/6/6/3/1/7/1 3 3,X,-1.5,0,BLOCK,X,0.6107488,0.5145132
7/7/7/4/6/3/3/2/7 3 3,Z,2.20,0,BLOCK,Z,0.2473102,0.5042248
7/7/7/6/4/3/3/2/7 3 3,X,2.25,2,BLOCK,X,1.310332,0.7411174
7/7/7/4/6/3/3/6/6 3 3,Z,2,0,BLOCK,Z,0.3439668,0.5788053
7/7/7/6/4/3/3/6/6 3 3,X,2.0,0,BLOCK,X,0.436045,0.607596
7/7/7/6/6/3/3/4/6 3 3,Z,2,0,BLOCK,Z,0.4293252,0.4547194
7/7/7/4/6/3/3/6/5 3 3,Z,2,0,BLOCK,Z,0.6930916,0.7356443
7/7/7/6/4/3/3/6/5 3 3,X,2.25,0,BLOCK,X,0.5899127,0.6791154
7/7/7/6/6/3/3/4/5 3 3,Z,2,0,BLOCK,Z,1.534492,0.9990023
7/7/7/4/6/3/3/6/3 3 3,Z,2,2,BLOCK,Z,1.511361,0.951544
7/7/7/6/4/3/3/6/3 3 3,X,2.5,2,BLOCK,X,1.215448,0.7893797
7/7/7/6/6/3/3/4/3 3 3,Z,2,0,BLOCK,Z,0.5381411,0.644502
7/7/7/4/6/3/3/5/6 3 3,Z,2.20,0,BLOCK,Z,0.1610893,0.3323214
7/7/7/6/4/3/3/5/6 3 3,X,2.0,0,BLOCK,X,0.4616442,0.7135476
7/7/7/6/6/3/3/1/6 3 3,Z,-2,0,BLOCK,Z,0.1256221,0.1513089
7/7/7/4/6/3/3/5/5 3 3,Z,2.20,0,BLOCK,Z,0.3293381,0.5890521
7/7/7/6/4/3/3/5/5 3 3,X,2.25,0,BLOCK,X,0.3571321,0.5960245
7/7/7/6/6/3/3/1/5 3 3,Z,-2,0,BLOCK,Z,1.679,0.9771941
7/7/7/4/6/3/3/5/3 3 3,Z,2.20,0,BLOCK,Z,0.8820745,0.7419195
7/7/7/6/4/3/3/5/3 3 3,X,2.5,2,BLOCK,X,1.272467,0.7245861
7/7/7/6/6/3/3/1/3 3 3,Z,-2,0,BLOCK,Z,0.1595464,0.2425786
7/7/7/4/6/3/3/3/6 3 3,Z,2.4,0,BLOCK,Z,0.658862,0.596637
7/7/7/6/4/3/3/3/6 3 3,X,2.0,0,BLOCK,X,0.9185309,0.7759329
7/7/7/4/6/3/3/3/5 3 3,Z,2.4,0,BLOCK,Z,0.3575661,0.497965
7/7/7/6/4/3/3/3/5 3 3,X,2.25,0,BLOCK,X,1.121403,0.8176576
7/7/7/4/6/3/3/3/3 3 3,Z,2.4,0,BLOCK,Z,0.1948382,0.3954872
7/7/7/6/4/3/3/3/3 3 3,X,2.5,0,BLOCK,X,1.10876,0.7812016
7/7/7/4/6/3/3/7/4 3 3,Z,2.20,0,BLOCK,Z,0.3180088,0.486065
7/7/7/6/4/3/3/7/4 3 3,X,2.0,0,BLOCK,X,1.383491,1.070025
7/7/7/4/6/3/3/7/2 3 3,Z,2.20,0,BLOCK,Z,0.4082361,0.6090375
7/7/7/6/4/3/3/7/2 3 3,X,2.25,0,BLOCK,X,0.5481436,0.7191514
7/7/7/4/6/3/3/7/1 3 3,Z,2.20,0,BLOCK,Z,0.2482615,0.4414668
7/7/7/6/4/3/3/7/1 3 3,X,2.5,0,BLOCK,X,0.8600345,0.7681999
7/7/7/4/6/3/7/2/6 3 3,Z,2.20,0,BLOCK,Z,0.6117533,0.8022844
7/7/7/6/4/3/7/2/6 3 3,X,1.75,0,BLOCK,X,0.5767354,0.5508628
7/7/7/4/6/3/7/2/5 3 3,Z,2.20,0,BLOCK,Z,0.4324738,0.6912526
7/7/7/6/4/3/7/2/5 3 3,X,2,0,BLOCK,X,0.8147276,0.7757515
7/7/7/4/6/3/7/2/3 3 3,Z,2.20,0,BLOCK,Z,0.52725,0.5066333
7/7/7/6/4/3/7/2/3 3 3,X,2.25,2,BLOCK,X,1.075698,0.7165771
7/7/7/4/6/3/7/6/4 3 3,Z,2,0,BLOCK,Z,0.2513306,0.5215527
7/7/7/6/4/3/7/6/4 3 3,X,1.75,0,BLOCK,X,0.9024795,0.7569971
7/7/7/6/6/3/7/4/4 3 3,Z,2,0,BLOCK,Z,0.2567894,0.3480216
7/7/7/4/6/3/7/6/2 3 3,Z,2,2,BLOCK,Z,1.370707,1.005716
7/7/7/6/4/3/7/6/2 3 3,X,2,0,BLOCK,X,0.7147284,0.7931523
7/7/7/6/6/3/7/4/2 3 3,Z,2,0,BLOCK,Z,0.3810608,0.4483788
7/7/7/4/6/3/7/6/1 3 3,Z,2,0,BLOCK,Z,0.8090073,0.8226406
7/7/7/6/4/3/7/6/1 3 3,X,2.25,0,BLOCK,X,0.8678211,0.7784759
7/7/7/6/6/3/7/4/1 3 3,Z,2,0,BLOCK,Z,0.3680593,0.4491706
7/7/7/4/6/3/7/5/4 3 3,Z,2.20,0,BLOCK,Z,0.65166,0.6765785
7/7/7/6/4/3/7/5/4 3 3,X,1.75,0,BLOCK,X,0.8228398,0.703035
7/7/7/6/6/3/7/1/4 3 3,Z,-2,0,BLOCK,Z,0.3534579,0.4244476
7/7/7/4/6/3/7/5/2 3 3,Z,2.20,0,BLOCK,Z,0.6912559,0.6933759
7/7/7/6/4/3/7/5/2 3 3,X,2,0,BLOCK,X,0.8446834,0.7509333
7/7/7/6/6/3/7/1/2 3 3,Z,-2,0,BLOCK,Z,0.1257526,0.1485863
7/7/7/4/6/3/7/5/1 3 3,Z,2.20,0,BLOCK,Z,0.4385723,0.676206
7/7/7/6/4/3/7/5/1 3 3,X,2.25,2,BLOCK,X,1.184287,0.8216913
7/7/7/6/6/3/7/1/1 3 3,Z,-2,0,BLOCK,Z,0.2394004,0.2733087
7/7/7/4/6/3/7/3/4 3 3,Z,2.4,0,BLOCK,Z,0.4596967,0.5902166
7/7/7/6/4/3/7/3/4 3 3,X,1.75,0,BLOCK,X,0.8171045,0.6650911
7/7/7/4/6/3/7/3/2 3 3,Z,2.4,2,BLOCK,Z,1.190847,0.7381609
7/7/7/6/4/3/7/3/2 3 3,X,2,0,BLOCK,X,0.6119605,0.8992581
7/7/7/4/6/3/7/3/1 3 3,Z,2.4,0,BLOCK,Z,0.5024791,0.5629197
7/7/7/6/4/3/7/3/1 3 3,X,2.25,0,BLOCK,X,0.8709618,0.8556194
7/7/7/4/6/7/2/2/7 3 3,Z,2,0,BLOCK,Z,0.6533439,0.6367123
7/7/7/6/4/7/2/2/7 3 3,X,2,0,BLOCK,X,1.193166,0.8394936
7/7/7/4/6/7/2/6/6 3 3,Z,1.80,2,BLOCK,Z,0.8757684,0.5299132
7/7/7/6/4/7/2/6/6 3 3,X,1.75,0,BLOCK,X,0.5308908,0.5494002
7/7/7/6/6/7/2/4/6 3 3,Z,2,0,BLOCK,Z,0.1198322,0.2647384
7/7/7/4/6/7/2/6/5 3 3,Z,1.80,0,BLOCK,Z,0.5546975,0.4634279
7/7/7/6/4/7/2/6/5 3 3,X,2,0,BLOCK,X,0.4663789,0.5561664
7/7/7/6/6/7/2/4/5 3 3,Z,2,0,BLOCK,Z,1.679937,1.033124
7/7/7/4/6/7/2/6/3 3 3,Z,1.80,0,BLOCK,Z,0.4299106,0.4370586
7/7/7/6/4/7/2/6/3 3 3,X,2.25,0,BLOCK,X,0.5451848,0.6189682
7/7/7/6/6/7/2/4/3 3 3,Z,2,0,BLOCK,Z,0.1508787,0.2646324
7/7/7/4/6/7/2/5/6 3 3,Z,2,0,BLOCK,Z,0.4450411,0.4598593
7/7/7/6/4/7/2/5/6 3 3,X,1.75,0,BLOCK,X,0.2464752,0.396518
7/7/7/6/6/7/2/1/6 3 3,Z,-2,0,BLOCK,Z,1.01344,0.4854209
7/7/7/4/6/7/2/5/5 3 3,Z,2,0,BLOCK,Z,0.317913,0.4488632
7/7/7/6/4/7/2/5/5 3 3,X,2,0,BLOCK,X,0.4986728,0.5840775
7/7/7/6/6/7/2/1/5 3 3,Z,-2,0,BLOCK,Z,1.544649,1.000549
7/7/7/4/6/7/2/5/3 3 3,Z,2,0,BLOCK,Z,0.5185437,0.4795558
7/7/7/6/4/7/2/5/3 3 3,X,2.25,0,BLOCK,X,0.5489493,0.636093
7/7/7/6/6/7/2/1/3 3 3,Z,-2,0,BLOCK,Z,0.4673545,0.5464688
7/7/7/4/6/7/2/3/6 3 3,Z,2.20,2,BLOCK,Z,1.058238,0.630362
7/7/7/6/4/7/2/3/6 3 3,X,1.75,0,BLOCK,X,0.5556604,0.6709791
7/7/7/4/6/7/2/3/5 3 3,Z,2.20,0,BLOCK,Z,0.6573732,0.6109784
7/7/7/6/4/7/2/3/5 3 3,X,2,0,BLOCK,X,0.4407509,0.4720365
7/7/7/4/6/7/2/3/3 3 3,Z,2.20,0,BLOCK,Z,0.6422315,0.6119968
7/7/7/6/4/7/2/3/3 3 3,X,2.25,0,BLOCK,X,0.3111417,0.5257907
7/7/7/4/6/7/2/7/4 3 3,Z,2,0,BLOCK,Z,0.5825777,0.4818679
7/7/7/6/4/7/2/7/4 3 3,X,1.75,0,BLOCK,X,0.174068,0.4246305
7/7/7/4/6/7/2/7/2 3 3,Z,2,0,BLOCK,Z,0.6996428,0.5775545
7/7/7/6/4/7/2/7/2 3 3,X,2,0,BLOCK,X,0.3329746,0.5356815
7/7/7/4/6/7/2/7/1 3 3,Z,2,0,BLOCK,Z,0.4914167,0.5230279
7/7/7/6/4/7/2/7/1 3 3,X,2.25,0,BLOCK,X,0.7883624,0.6391922
7/7/7/4/6/7/6/2/6 3 3,Z,2,0,BLOCK,Z,0.63353,0.5169265
7/7/7/6/4/7/6/2/6 3 3,X,1.5,0,BLOCK,X,0.2560715,0.4561978
7/7/7/6/6/7/4/2/6 3 3,X,1.3333333333333333333333333334,0,BLOCK,X,0.3471152,0.5251229
7/7/7/4/6/7/6/2/5 3 3,Z,2,0,BLOCK,Z,0.6958964,0.4871139
7/7/7/6/4/7/6/2/5 3 3,X,1.75,0,BLOCK,X,0.4700049,0.5274329
7/7/7/6/6/7/4/2/5 3 3,X,2,0,BLOCK,X,0.5202502,0.6728754
7/7/7/6/6/7/6/2/1 3 3,X,1,2,BLOCK,X,1.342584,0.9393412
7/7/7/4/6/7/6/2/3 3 3,Z,2,0,BLOCK,Z,0.618121,0.5516545
7/7/7/6/4/7/6/2/3 3 3,X,2,0,BLOCK,X,0.3531958,0.587334
7/7/7/6/6/7/4/2/3 3 3,X,2.6666666666666666666666666666,2,BLOCK,X,1.639002,0.9485922
7/7/7/4/6/7/6/6/4 3 3,Z,1.80,2,BLOCK,Z,0.9630059,0.5767578
7/7/7/6/4/7/6/6/4 3 3,X,1.5,0,BLOCK,X,0.3630047,0.5754954
7/7/7/6/6/7/4/6/4 3 3,X,1.3333333333333333333333333334,0,BLOCK,X,0.3437145,0.4404274
7/7/7/6/6/7/6/4/4 3 3,Z,2,0,BLOCK,Z,0.2967622,0.4162483
7/7/7/4/6/7/6/6/2 3 3,Z,1.80,0,BLOCK,Z,0.466897,0.4832708
7/7/7/6/4/7/6/6/2 3 3,X,1.75,0,BLOCK,X,0.450597,0.5533243
7/7/7/6/6/7/4/6/2 3 3,X,2,0,BLOCK,X,0.5499045,0.6918294
7/7/7/6/6/7/6/4/2 3 3,Z,2,0,BLOCK,Z,0.2102252,0.2996676
7/7/7/4/6/7/6/6/1 3 3,Z,1.80,2,BLOCK,Z,1.008231,0.6156462
7/7/7/6/4/7/6/6/1 3 3,X,2,0,BLOCK,X,0.666402,0.8224849
7/7/7/6/6/7/4/6/1 3 3,X,2.6666666666666666666666666666,0,BLOCK,X,0.4876103,0.6308709
7/7/7/6/6/7/6/4/1 3 3,Z,2,0,BLOCK,Z,1.126449,0.6519564
7/7/7/4/6/7/6/5/4 3 3,Z,2,0,BLOCK,Z,0.5043144,0.6192028
7/7/7/6/4/7/6/5/4 3 3,X,1.5,2,BLOCK,X,1.022951,0.6091577
7/7/7/6/6/7/4/5/4 3 3,X,1.3333333333333333333333333334,0,BLOCK,X,0.3976955,0.4431355
7/7/7/6/6/7/6/1/4 3 3,Z,-2,0,BLOCK,Z,0.9550691,0.3794817
7/7/7/4/6/7/6/5/2 3 3,Z,2,2,BLOCK,Z,1.020914,0.6456833
7/7/7/6/4/7/6/5/2 3 3,X,1.75,0,BLOCK,X,0.6416132,0.5742421
7/7/7/6/6/7/4/5/2 3 3,X,2,0,BLOCK,X,0.5726697,0.6763697
7/7/7/6/6/7/6/1/2 3 3,Z,-2,0,BLOCK,Z,0.0633493,0.1244989
7/7/7/4/6/7/6/5/1 3 3,Z,2,0,BLOCK,Z,0.6466076,0.5862491
7/7/7/6/4/7/6/5/1 3 3,X,2,0,BLOCK,X,0.5973729,0.7657835
7/7/7/6/6/7/4/5/1 3 3,X,2.6666666666666666666666666666,0,BLOCK,X,0.6004391,0.6762811
7/7/7/6/6/7/6/1/1 3 3,Z,-2,0,BLOCK,Z,1.750582,1.03124
7/7/7/4/6/7/6/3/4 3 3,Z,2.20,0,BLOCK,Z,0.6169595,0.6196029
7/7/7/6/4/7/6/3/4 3 3,X,1.5,0,BLOCK,X,0.4156764,0.5262635
7/7/7/6/6/7/4/3/4 3 3,X,1.3333333333333333333333333334,0,BLOCK,X,1.091108,0.6704642
7/7/7/4/6/7/6/3/2 3 3,Z,2.20,2,BLOCK,Z,1.082434,0.6397508
7/7/7/6/4/7/6/3/2 3 3,X,1.75,0,BLOCK,X,0.6754131,0.6525062
7/7/7/6/6/7/4/3/2 3 3,X,2,0,BLOCK,X,0.4693124,0.6702669
7/7/7/4/6/7/6/3/1 3 3,Z,2.20,0,BLOCK,Z,0.6839935,0.7282979
7/7/7/6/4/7/6/3/1 3 3,X,2,0,BLOCK,X,0.6875558,0.7117467
7/7/7/6/6/7/4/3/1 3 3,X,2.6666666666666666666666666666,2,BLOCK,X,1.716389,1.022444
7/7/7/4/6/7/5/2/6 3 3,Z,2,0,BLOCK,Z,0.5768247,0.5187764
7/7/7/6/4/7/5/2/6 3 3,X,1.75,0,BLOCK,X,0.522592,0.5914881
7/7/7/6/6/7/1/2/6 3 3,X,-2.6666666666666666666666666666,0,BLOCK,X,0.606003,0.8671466
7/7/7/4/6/7/5/2/5 3 3,Z,2,2,BLOCK,Z,1.027984,0.634405
7/7/7/6/4/7/5/2/5 3 3,X,2,0,BLOCK,X,0.6630169,0.7157037
7/7/7/6/6/7/1/2/5 3 3,X,-2,2,BLOCK,X,1.199363,0.7346797
7/7/7/4/6/7/5/2/3 3 3,Z,2,0,BLOCK,Z,0.4043795,0.5438423
7/7/7/6/4/7/5/2/3 3 3,X,2.25,0,BLOCK,X,0.6094161,0.6326824
7/7/7/6/6/7/1/2/3 3 3,X,-1.3333333333333333333333333334,0,BLOCK,X,0.3944077,0.3284151
7/7/7/4/6/7/5/6/4 3 3,Z,1.80,0,BLOCK,Z,0.4852498,0.4978365
7/7/7/6/4/7/5/6/4 3 3,X,1.75,2,BLOCK,X,1.014679,0.7103567
7/7/7/6/6/7/1/6/4 3 3,X,-2.6666666666666666666666666666,0,BLOCK,X,0.414804,0.5069873
7/7/7/6/6/7/5/4/4 3 3,Z,2,0,BLOCK,Z,0.3502864,0.4601597
7/7/7/4/6/7/5/6/2 3 3,Z,1.80,0,BLOCK,Z,0.5817592,0.6291661
7/7/7/6/4/7/5/6/2 3 3,X,2,0,BLOCK,X,0.66539,0.7421138
7/7/7/6/6/7/1/6/2 3 3,X,-2,0,BLOCK,X,0.5173831,0.6490242
7/7/7/6/6/7/5/4/2 3 3,Z,2,0,BLOCK,Z,0.3493859,0.4304528
7/7/7/4/6/7/5/6/1 3 3,Z,1.80,0,BLOCK,Z,0.4350536,0.5260042
7/7/7/6/4/7/5/6/1 3 3,X,2.25,0,BLOCK,X,0.7045591,0.80779
7/7/7/6/6/7/1/6/1 3 3,X,-1.3333333333333333333333333334,0,BLOCK,X,0.5428725,0.3904955
7/7/7/6/6/7/5/4/1 3 3,Z,2,2,BLOCK,Z,1.626443,0.9860871
7/7/7/4/6/7/5/5/4 3 3,Z,2,0,BLOCK,Z,0.4050904,0.5377963
7/7/7/6/4/7/5/5/4 3 3,X,1.75,0,BLOCK,X,0.6813618,0.6673965
7/7/7/6/6/7/1/5/4 3 3,X,-2.6666666666666666666666666666,0,BLOCK,X,0.5368731,0.6704174
7/7/7/6/6/7/5/1/4 3 3,Z,-2,2,BLOCK,Z,1.552664,0.9453803
7/7/7/4/6/7/5/5/2 3 3,Z,2,0,BLOCK,Z,0.383611,0.4784549
7/7/7/6/4/7/5/5/2 3 3,X,2,0,BLOCK,X,0.9172915,0.6963332
7/7/7/6/6/7/1/5/2 3 3,X,-2,2,BLOCK,X,1.575599,0.8354491
7/7/7/6/6/7/5/1/2 3 3,Z,-2,0,BLOCK,Z,0.3878994,0.3854946
7/7/7/4/6/7/5/5/1 3 3,Z,2,0,BLOCK,Z,0.6331987,0.5998797
7/7/7/6/4/7/5/5/1 3 3,X,2.25,0,BLOCK,X,0.5792211,0.7821446
7/7/7/6/6/7/1/5/1 3 3,X,-1.3333333333333333333333333334,0,BLOCK,X,0.3709265,0.3584208
7/7/7/6/6/7/5/1/1 3 3,Z,-2,2,BLOCK,Z,1.556446,0.9635113
7/7/7/4/6/7/5/3/4 3 3,Z,2.20,0,BLOCK,Z,0.5713441,0.5936081
7/7/7/6/4/7/5/3/4 3 3,X,1.75,0,BLOCK,X,0.4132168,0.5203403
7/7/7/6/6/7/1/3/4 3 3,X,-2.6666666666666666666666666666,0,BLOCK,X,0.4700384,0.4929689
7/7/7/4/6/7/5/3/2 3 3,Z,2.20,0,BLOCK,Z,0.4994613,0.5840824
7/7/7/6/4/7/5/3/2 3 3,X,2,2,BLOCK,X,1.051572,0.7513959
7/7/7/6/6/7/1/3/2 3 3,X,-2,2,BLOCK,X,1.58904,0.8800589
7/7/7/4/6/7/5/3/1 3 3,Z,2.20,0,BLOCK,Z,0.7934031,0.6311634
7/7/7/6/4/7/5/3/1 3 3,X,2.25,0,BLOCK,X,0.4605907,0.5418756
7/7/7/6/6/7/1/3/1 3 3,X,-1.3333333333333333333333333334,2,BLOCK,X,0.9295872,0.5674917
7/7/7/4/6/7/3/2/6 3 3,Z,2,0,BLOCK,Z,0.673946,0.6005442
7/7/7/6/4/7/3/2/6 3 3,X,2,0,BLOCK,X,0.691539,0.7345496
7/7/7/6/6/7/3/2/4 3 3,X,-1,2,BLOCK,X,1.305769,0.9318382
7/7/7/4/6/7/3/2/5 3 3,Z,2,0,BLOCK,Z,0.554521,0.5033482
7/7/7/6/4/7/3/2/5 3 3,X,2.25,0,BLOCK,X,0.9292661,0.9285566
7/7/7/4/6/7/3/2/3 3 3,Z,2,2,BLOCK,Z,1.022912,0.5832628
7/7/7/6/4/7/3/2/3 3 3,X,2.5,0,BLOCK,X,0.5063436,0.6679502
7/7/7/4/6/7/3/6/4 3 3,Z,1.80,0,BLOCK,Z,0.7780438,0.5717463
7/7/7/6/4/7/3/6/4 3 3,X,2,0,BLOCK,X,0.3541738,0.5791806
7/7/7/6/6/7/3/4/4 3 3,Z,2,0,BLOCK,Z,1.190207,0.5365075
7/7/7/4/6/7/3/6/2 3 3,Z,1.80,0,BLOCK,Z,0.4962606,0.5431021
7/7/7/6/4/7/3/6/2 3 3,X,2.25,0,BLOCK,X,0.6751723,0.7177879
7/7/7/6/6/7/3/4/2 3 3,Z,2,0,BLOCK,Z,0.1490479,0.2759193
7/7/7/4/6/7/3/6/1 3 3,Z,1.80,0,BLOCK,Z,0.5404962,0.5473352
7/7/7/6/4/7/3/6/1 3 3,X,2.5,0,BLOCK,X,0.3756909,0.6317151
7/7/7/6/6/7/3/4/1 3 3,Z,2,0,BLOCK,Z,0.1308114,0.2773015
7/7/7/4/6/7/3/5/4 3 3,Z,2,0,BLOCK,Z,0.438923,0.5078633
7/7/7/6/4/7/3/5/4 3 3,X,2,0,BLOCK,X,0.6427174,0.7780878
7/7/7/6/6/7/3/1/4 3 3,Z,-2,0,BLOCK,Z,0.971468,0.4643471
7/7/7/4/6/7/3/5/2 3 3,Z,2,0,BLOCK,Z,0.3979917,0.5226554
7/7/7/6/4/7/3/5/2 3 3,X,2.25,0,BLOCK,X,0.8752125,0.8162352
7/7/7/6/6/7/3/1/2 3 3,Z,-2,0,BLOCK,Z,0.1805032,0.2310242
7/7/7/4/6/7/3/5/1 3 3,Z,2,0,BLOCK,Z,0.213452,0.2692506
7/7/7/6/4/7/3/5/1 3 3,X,2.5,0,BLOCK,X,1.41596,0.7899627
7/7/7/6/6/7/3/1/1 3 3,Z,-2,0,BLOCK,Z,0.6789221,0.4919748
7/7/7/4/6/7/3/3/4 3 3,Z,2.20,0,BLOCK,Z,0.7830709,0.6637251
7/7/7/6/4/7/3/3/4 3 3,X,2,2,BLOCK,X,1.412266,0.9965564
7/7/7/4/6/7/3/3/2 3 3,Z,2.20,0,BLOCK,Z,0.3876446,0.591755
7/7/7/6/4/7/3/3/2 3 3,X,2.25,2,BLOCK,X,1.367405,0.8305802
7/7/7/4/6/7/3/3/1 3 3,Z,2.20,0,BLOCK,Z,0.5613216,0.5712361
7/7/7/6/4/7/3/3/1 3 3,X,2.5,0,BLOCK,X,0.4907825,0.6436287
7/7/7/4/6/7/7/2/4 3 3,Z,2,0,BLOCK,Z,0.6305331,0.6314396
7/7/7/6/4/7/7/2/4 3 3,X,1.75,0,BLOCK,X,0.7889303,0.7318383
7/7/7/4/6/7/7/2/2 3 3,Z,2,0,BLOCK,Z,0.4751199,0.5866387
7/7/7/6/4/7/7/2/2 3 3,X,2,2,BLOCK,X,1.125633,0.7869434
7/7/7/4/6/7/7/2/1 3 3,Z,2,2,BLOCK,Z,1.116444,0.7348346
7/7/7/6/4/7/7/2/1 3 3,X,2.25,0,BLOCK,X,0.6743763,0.773179
7/7/7/4/5/2/2/7/7 3 3,Z,2,0,BLOCK,Z,0.1491103,0.2178423
7/7/7/6/1/2/2/7/7 3 3,X,-2,0,BLOCK,X,0.5069381,0.4927457
7/7/7/4/5/2/6/6/7 3 3,Z,1.80,0,BLOCK,Z,0.2895648,0.3133417
7/7/7/6/1/2/6/6/7 3 3,X,-2.25,0,BLOCK,X,0.3746137,0.616183
7/7/7/6/5/2/4/6/7 3 3,X,2,0,BLOCK,X,1.272118,0.9832576
7/7/7/6/5/2/6/4/7 3 3,Z,2,0,BLOCK,Z,0.4212277,0.4033768
7/7/7/4/5/2/6/5/7 3 3,Z,2,0,BLOCK,Z,0.1594332,0.1490503
7/7/7/6/1/2/6/5/7 3 3,X,-2.25,0,BLOCK,X,0.3803969,0.6530154
7/7/7/6/5/2/4/5/7 3 3,X,2,2,BLOCK,X,1.359126,0.7727082
7/7/7/6/5/2/6/1/7 3 3,Z,-2,0,BLOCK,Z,0.8187953,0.636508
7/7/7/4/5/2/6/3/7 3 3,Z,2.20,0,BLOCK,Z,0.4446955,0.4813111
7/7/7/6/1/2/6/3/7 3 3,X,-2.25,0,BLOCK,X,0.4925673,0.6976089
7/7/7/6/5/2/4/3/7 3 3,X,2,0,BLOCK,X,0.6238932,0.8519284
7/7/7/4/5/2/6/7/6 3 3,Z,2,0,BLOCK,Z,0.2826605,0.2378206
7/7/7/6/1/2/6/7/6 3 3,X,-2.5,0,BLOCK,X,0.4716538,0.6211237
7/7/7/6/5/2/4/7/6 3 3,X,1.6,2,BLOCK,X,1.237717,0.7456291
7/7/7/4/5/2/6/7/5 3 3,Z,2,0,BLOCK,Z,0.3202463,0.2349432
7/7/7/6/1/2/6/7/5 3 3,X,-2.25,2,BLOCK,X,1.228446,0.7070189
7/7/7/6/5/2/4/7/5 3 3,X,2,0,BLOCK,X,0.7407613,0.7378111
7/7/7/4/5/2/6/7/3 3 3,Z,2,2,BLOCK,Z,1.17201,0.7201744
7/7/7/6/1/2/6/7/3 3 3,X,-2,0,BLOCK,X,0.3820871,0.6325905
7/7/7/6/5/2/4/7/3 3 3,X,2.4,0,BLOCK,X,1.532464,1.058175
7/7/7/4/5/2/5/6/7 3 3,Z,1.80,0,BLOCK,Z,0.08427747,0.3994115
7/7/7/6/1/2/5/6/7 3 3,X,-2,2,BLOCK,X,0.9093089,0.6684399
7/7/7/6/5/2/1/6/7 3 3,X,-2,0,BLOCK,X,0.6351837,0.7795742
7/7/7/6/5/2/5/4/7 3 3,Z,2,0,BLOCK,Z,1.544316,1.034887
7/7/7/4/5/2/5/5/7 3 3,Z,2,2,BLOCK,Z,1.024997,0.5719802
7/7/7/6/1/2/5/5/7 3 3,X,-2,0,BLOCK,X,0.469977,0.5470038
7/7/7/6/5/2/1/5/7 3 3,X,-2,2,BLOCK,X,1.428549,0.9052286
7/7/7/6/5/2/5/1/7 3 3,Z,-2,0,BLOCK,Z,1.161533,0.5113254
7/7/7/4/5/2/5/3/7 3 3,Z,2.20,2,BLOCK,Z,1.052392,0.5889341
7/7/7/6/1/2/5/3/7 3 3,X,-2,0,BLOCK,X,0.3882715,0.5510296
7/7/7/6/5/2/1/3/7 3 3,X,-2,0,BLOCK,X,0.485537,0.6909322
7/7/7/4/5/2/5/7/6 3 3,Z,2,0,BLOCK,Z,0.1497302,0.2725188
7/7/7/6/1/2/5/7/6 3 3,X,-2.25,0,BLOCK,X,0.5449563,0.7500662
7/7/7/6/5/2/1/7/6 3 3,X,-2.4,0,BLOCK,X,1.484095,1.130243
7/7/7/4/5/2/5/7/5 3 3,Z,2,2,BLOCK,Z,1.024059,0.6124884
7/7/7/6/1/2/5/7/5 3 3,X,-2,0,BLOCK,X,0.3652366,0.5701125
7/7/7/6/5/2/1/7/5 3 3,X,-2,2,BLOCK,X,1.327061,0.7859524
7/7/7/4/5/2/5/7/3 3 3,Z,2,0,BLOCK,Z,0.1042134,0.2967697
7/7/7/6/1/2/5/7/3 3 3,X,-1.75,2,BLOCK,X,0.8979848,0.5648962
7/7/7/6/5/2/1/7/3 3 3,X,-1.6,0,BLOCK,X,1.207402,0.8913835
7/7/7/4/5/2/3/6/7 3 3,Z,1.80,0,BLOCK,Z,0.2239473,0.2901127
7/7/7/6/1/2/3/6/7 3 3,X,-1.75,0,BLOCK,X,0.4536149,0.5277109
7/7/7/6/5/2/3/4/7 3 3,Z,2,0,BLOCK,Z,0.464163,0.5277668
7/7/7/4/5/2/3/5/7 3 3,Z,2,0,BLOCK,Z,0.4701009,0.5197981
7/7/7/6/1/2/3/5/7 3 3,X,-1.75,0,BLOCK,X,0.1521086,0.3666928
7/7/7/6/5/2/3/1/7 3 3,Z,-2,0,BLOCK,Z,0.9906515,0.4925185
7/7/7/4/5/2/3/3/7 3 3,Z,2.20,2,BLOCK,Z,1.016372,0.5937385
7/7/7/6/1/2/3/3/7 3 3,X,-1.75,0,BLOCK,X,0.6282647,0.5584125
7/7/7/4/5/2/3/7/6 3 3,Z,2,0,BLOCK,Z,0.4970941,0.4598282
7/7/7/6/1/2/3/7/6 3 3,X,-2,0,BLOCK,X,0.6331792,0.7217433
7/7/7/4/5/2/3/7/5 3 3,Z,2,0,BLOCK,Z,0.473594,0.4432997
7/7/7/6/1/2/3/7/5 3 3,X,-1.75,0,BLOCK,X,0.4272597,0.542505
7/7/7/4/5/2/3/7/3 3 3,Z,2,0,BLOCK,Z,0.2176679,0.3271402
7/7/7/6/1/2/3/7/3 3 3,X,-1.5,0,BLOCK,X,0.4435433,0.4985287
7/7/7/4/5/2/7/2/7 3 3,Z,2,2,BLOCK,Z,1.102742,0.6577832
7/7/7/6/1/2/7/2/7 3 3,X,-2,0,BLOCK,X,0.5308082,0.5910776
7/7/7/4/5/2/7/6/6 3 3,Z,1.80,0,BLOCK,Z,0.386817,0.4324852
7/7/7/6/1/2/7/6/6 3 3,X,-2.25,0,BLOCK,X,0.7911348,0.8049659
7/7/7/6/5/2/7/4/6 3 3,Z,2,0,BLOCK,Z,0.5810913,0.6124728
7/7/7/4/5/2/7/6/5 3 3,Z,1.80,0,BLOCK,Z,0.1871122,0.3944378
7/7/7/6/1/2/7/6/5 3 3,X,-2,2,BLOCK,X,0.9925032,0.6712194
7/7/7/6/5/2/7/4/5 3 3,Z,2,0,BLOCK,Z,0.9193938,0.6715277
7/7/7/4/5/2/7/6/3 3 3,Z,1.80,0,BLOCK,Z,0.07349427,0.1898314
7/7/7/6/1/2/7/6/3 3 3,X,-1.75,0,BLOCK,X,0.7707368,0.6342661
7/7/7/6/5/2/7/4/3 3 3,Z,2,0,BLOCK,Z,0.3027982,0.4472311
7/7/7/4/5/2/7/5/6 3 3,Z,2,2,BLOCK,Z,1.066999,0.6347474
7/7/7/6/1/2/7/5/6 3 3,X,-2.25,0,BLOCK,X,0.7933443,0.8469329
7/7/7/6/5/2/7/1/6 3 3,Z,-2,0,BLOCK,Z,0.3848646,0.3716414
7/7/7/4/5/2/7/5/5 3 3,Z,2,0,BLOCK,Z,0.3256488,0.3160721
7/7/7/6/1/2/7/5/5 3 3,X,-2,0,BLOCK,X,0.6961826,0.774407
7/7/7/6/5/2/7/1/5 3 3,Z,-2,0,BLOCK,Z,0.3493345,0.3300793
7/7/7/4/5/2/7/5/3 3 3,Z,2,2,BLOCK,Z,1.084517,0.6488095
7/7/7/6/1/2/7/5/3 3 3,X,-1.75,0,BLOCK,X,0.6024415,0.6661707
7/7/7/6/5/2/7/1/3 3 3,Z,-2,0,BLOCK,Z,0.2738923,0.251797
7/7/7/4/5/2/7/3/6 3 3,Z,2.20,0,BLOCK,Z,0.1875768,0.2308871
7/7/7/6/1/2/7/3/6 3 3,X,-2.25,0,BLOCK,X,0.8201393,0.6974866
7/7/7/4/5/2/7/3/5 3 3,Z,2.20,0,BLOCK,Z,0.4839721,0.3997769
7/7/7/6/1/2/7/3/5 3 3,X,-2,0,BLOCK,X,0.6969136,0.7009693
7/7/7/4/5/2/7/3/3 3 3,Z,2.20,2,BLOCK,Z,0.992321,0.6142626
7/7/7/6/1/2/7/3/3 3 3,X,-1.75,0,BLOCK,X,0.6542721,0.5940887
7/7/7/4/5/2/7/7/4 3 3,Z,2,2,BLOCK,Z,1.110564,0.6616578
7/7/7/6/1/2/7/7/4 3 3,X,-2.25,0,BLOCK,X,0.8702404,0.807974
7/7/7/4/5/2/7/7/2 3 3,Z,2,0,BLOCK,Z,0.2381825,0.3415147
7/7/7/6/1/2/7/7/2 3 3,X,-2,0,BLOCK,X,0.6101087,0.8565128
7/7/7/4/5/2/7/7/1 3 3,Z,2,0,BLOCK,Z,0.3489112,0.3345748
7/7/7/6/1/2/7/7/1 3 3,X,-1.75,0,BLOCK,X,0.6101758,0.6711711
7/7/7/4/5/6/2/6/7 3 3,Z,1.6,2,BLOCK,Z,0.7837068,0.5572889
7/7/7/6/1/6/2/6/7 3 3,X,-2,2,BLOCK,X,0.998106,0.616298
7/7/7/6/5/4/2/6/7 3 3,Z,1.6666666666666666666666666666,0,BLOCK,Z,0.6236615,0.6475827
7/7/7/6/5/6/2/4/7 3 3,Z,2,0,BLOCK,Z,0.8851483,0.6538367
7/7/7/4/5/6/2/5/7 3 3,Z,1.80,0,BLOCK,Z,0.355884,0.4693767
7/7/7/6/1/6/2/5/7 3 3,X,-2,2,BLOCK,X,1.101147,0.6780173
7/7/7/6/5/4/2/5/7 3 3,Z,2,0,BLOCK,Z,0.9328042,0.7965457
7/7/7/6/5/6/2/1/7 3 3,Z,-2,2,BLOCK,Z,1.55164,1.02125
7/7/7/4/5/6/2/3/7 3 3,Z,2,0,BLOCK,Z,0.6168838,0.4761253
7/7/7/6/1/6/2/3/7 3 3,X,-2,0,BLOCK,X,0.4456734,0.489176
7/7/7/6/5/4/2/3/7 3 3,Z,2.3333333333333333333333333334,2,BLOCK,Z,1.244722,0.7891025
7/7/7/4/5/6/2/7/6 3 3,Z,1.80,0,BLOCK,Z,0.3846585,0.543318
7/7/7/6/1/6/2/7/6 3 3,X,-2.25,0,BLOCK,X,0.5707336,0.7142854
7/7/7/6/5/4/2/7/6 3 3,Z,2,0,BLOCK,Z,0.830578,0.844284
7/7/7/4/5/6/2/7/5 3 3,Z,1.80,0,BLOCK,Z,0.3916163,0.5131883
7/7/7/6/1/6/2/7/5 3 3,X,-2,0,BLOCK,X,0.237737,0.4239334
7/7/7/6/5/4/2/7/5 3 3,Z,2,0,BLOCK,Z,0.811322,0.8651648
7/7/7/4/5/6/2/7/3 3 3,Z,1.80,2,BLOCK,Z,0.8563545,0.5121679
7/7/7/6/1/6/2/7/3 3 3,X,-1.75,0,BLOCK,X,0.9737248,0.6568057
7/7/7/6/5/4/2/7/3 3 3,Z,2,2,BLOCK,Z,1.093114,0.801401
7/7/7/4/5/6/6/2/7 3 3,Z,1.80,0,BLOCK,Z,0.2887273,0.3492783
7/7/7/6/1/6/6/2/7 3 3,X,-2.25,0,BLOCK,X,0.2036602,0.5490859
7/7/7/6/5/4/6/2/7 3 3,Z,2,2,BLOCK,Z,1.091832,0.7295287
7/7/7/6/5/6/4/2/7 3 3,X,2,0,BLOCK,X,0.6016742,0.7293678
7/7/7/4/5/6/6/6/6 3 3,Z,1.6,2,BLOCK,Z,0.8268061,0.5086406
7/7/7/6/1/6/6/6/6 3 3,X,-2.5,0,BLOCK,X,0.411474,0.6795113
7/7/7/6/5/4/6/6/6 3 3,Z,1.6666666666666666666666666666,2,BLOCK,Z,1.049994,0.749858
7/7/7/6/5/6/4/6/6 3 3,X,1.5,0,BLOCK,X,0.4091102,0.5556123
7/7/7/6/5/6/6/4/6 3 3,Z,2,0,BLOCK,Z,0.4160674,0.5892987
7/7/7/4/5/6/6/6/5 3 3,Z,1.6,0,BLOCK,Z,0.3857033,0.4974392
7/7/7/6/1/6/6/6/5 3 3,X,-2.25,0,BLOCK,X,0.7814052,0.819245
7/7/7/6/5/4/6/6/5 3 3,Z,1.6666666666666666666666666666,0,BLOCK,Z,0.7055917,0.722336
7/7/7/6/5/6/4/6/5 3 3,X,2,0,BLOCK,X,0.338159,0.5682161
7/7/7/6/5/6/6/4/5 3 3,Z,2,0,BLOCK,Z,0.2731248,0.3743744
7/7/7/4/5/6/6/6/3 3 3,Z,1.6,0,BLOCK,Z,0.3620635,0.4788772
7/7/7/6/1/6/6/6/3 3 3,X,-2.0,0,BLOCK,X,0.4065605,0.7512007
7/7/7/6/5/4/6/6/3 3 3,Z,1.6666666666666666666666666666,2,BLOCK,Z,1.084529,0.7148654
7/7/7/6/5/6/4/6/3 3 3,X,2.5,0,BLOCK,X,0.421218,0.6300986
7/7/7/6/5/6/6/4/3 3 3,Z,2,0,BLOCK,Z,0.2245181,0.2752962
7/7/7/4/5/6/6/5/6 3 3,Z,1.80,0,BLOCK,Z,0.3957725,0.4386661
7/7/7/6/1/6/6/5/6 3 3,X,-2.5,0,BLOCK,X,0.4670563,0.6280789
7/7/7/6/5/4/6/5/6 3 3,Z,2,0,BLOCK,Z,0.7780356,0.7490414
7/7/7/6/5/6/4/5/6 3 3,X,1.5,0,BLOCK,X,0.3965206,0.4804769
7/7/7/6/5/6/6/1/6 3 3,Z,-2,0,BLOCK,Z,0.3304301,0.3701116
7/7/7/4/5/6/6/5/5 3 3,Z,1.80,0,BLOCK,Z,0.3869199,0.5143927
7/7/7/6/1/6/6/5/5 3 3,X,-2.25,2,BLOCK,X,1.284283,0.7144126
7/7/7/6/5/4/6/5/5 3 3,Z,2,0,BLOCK,Z,0.7244329,0.8347092
7/7/7/6/5/6/4/5/5 3 3,X,2,0,BLOCK,X,0.3645529,0.5813442
7/7/7/6/5/6/6/1/5 3 3,Z,-2,0,BLOCK,Z,1.584729,0.9403003
7/7/7/4/5/6/6/5/3 3 3,Z,1.80,2,BLOCK,Z,0.8839219,0.5630041
7/7/7/6/1/6/6/5/3 3 3,X,-2.0,0,BLOCK,X,0.6100715,0.7952174
7/7/7/6/5/4/6/5/3 3 3,Z,2,2,BLOCK,Z,1.185238,0.8098571
7/7/7/6/5/6/4/5/3 3 3,X,2.5,0,BLOCK,X,1.805414,1.1849
7/7/7/6/5/6/6/1/3 3 3,Z,-2,2,BLOCK,Z,1.584413,0.9467186
7/7/7/4/5/6/6/3/6 3 3,Z,2,2,BLOCK,Z,0.9702704,0.6732365
7/7/7/6/1/6/6/3/6 3 3,X,-2.5,0,BLOCK,X,0.5018457,0.6169543
7/7/7/6/5/4/6/3/6 3 3,Z,2.3333333333333333333333333334,0,BLOCK,Z,0.6075017,0.7283804
7/7/7/6/5/6/4/3/6 3 3,X,1.5,2,BLOCK,X,1.177191,0.6916462
7/7/7/4/5/6/6/3/5 3 3,Z,2,2,BLOCK,Z,1.018993,0.5699369
7/7/7/6/1/6/6/3/5 3 3,X,-2.25,0,BLOCK,X,0.7446464,0.7757389
7/7/7/6/5/4/6/3/5 3 3,Z,2.3333333333333333333333333334,0,BLOCK,Z,0.7532067,0.7677924
7/7/7/6/5/6/4/3/5 3 3,X,2,0,BLOCK,X,0.8125884,0.7849358
7/7/7/4/5/6/6/3/3 3 3,Z,2,0,BLOCK,Z,0.518951,0.3228291
7/7/7/6/1/6/6/3/3 3 3,X,-2.0,2,BLOCK,X,1.341501,0.8311053
7/7/7/6/5/4/6/3/3 3 3,Z,2.3333333333333333333333333334,0,BLOCK,Z,0.4543509,0.5556672
7/7/7/6/5/6/4/3/3 3 3,X,2.5,0,BLOCK,X,0.7262261,0.8999906
7/7/7/4/5/6/6/7/4 3 3,Z,1.80,0,BLOCK,Z,0.6655058,0.530745
7/7/7/6/1/6/6/7/4 3 3,X,-2.5,0,BLOCK,X,0.4304964,0.6208189
7/7/7/6/5/4/6/7/4 3 3,Z,2,0,BLOCK,Z,0.8317421,0.8982819
7/7/7/6/5/6/4/7/4 3 3,X,1.5,0,BLOCK,X,0.4210954,0.4370259
7/7/7/4/5/6/6/7/2 3 3,Z,1.80,0,BLOCK,Z,0.3603232,0.4705415
7/7/7/6/1/6/6/7/2 3 3,X,-2.25,0,BLOCK,X,0.3090619,0.6978233
7/7/7/6/5/4/6/7/2 3 3,Z,2,2,BLOCK,Z,1.217752,0.8921888
7/7/7/6/5/6/4/7/2 3 3,X,2,0,BLOCK,X,0.6116208,0.7249839
7/7/7/4/5/6/6/7/1 3 3,Z,1.80,2,BLOCK,Z,0.9364186,0.5586904
7/7/7/6/1/6/6/7/1 3 3,X,-2.0,0,BLOCK,X,0.2479911,0.5527296
7/7/7/6/5/4/6/7/1 3 3,Z,2,0,BLOCK,Z,0.7992008,0.8005713
7/7/7/6/5/6/4/7/1 3 3,X,2.5,0,BLOCK,X,1.645342,1.145191
7/7/7/4/5/6/5/2/7 3 3,Z,1.80,0,BLOCK,Z,0.3356422,0.4437138
7/7/7/6/1/6/5/2/7 3 3,X,-2,0,BLOCK,X,0.3699263,0.5171317
7/7/7/6/5/4/5/2/7 3 3,Z,2,0,BLOCK,Z,0.5746839,0.755159
7/7/7/6/5/6/1/2/7 3 3,X,-2,0,BLOCK,X,0.4759465,0.7801474
7/7/7/4/5/6/5/6/6 3 3,Z,1.6,2,BLOCK,Z,0.8027351,0.5192495
7/7/7/6/1/6/5/6/6 3 3,X,-2.25,0,BLOCK,X,0.5354013,0.7389121
7/7/7/6/5/4/5/6/6 3 3,Z,1.6666666666666666666666666666,2,BLOCK,Z,1.063509,0.6716301
7/7/7/6/5/6/1/6/6 3 3,X,-2.5,0,BLOCK,X,0.4131154,0.7686797
7/7/7/6/5/6/5/4/6 3 3,Z,2,0,BLOCK,Z,1.690522,1.04925
7/7/7/4/5/6/5/6/5 3 3,Z,1.6,0,BLOCK,Z,0.5151936,0.5295231
7/7/7/6/1/6/5/6/5 3 3,X,-2,0,BLOCK,X,0.4531399,0.6817237
7/7/7/6/5/4/5/6/5 3 3,Z,1.6666666666666666666666666666,0,BLOCK,Z,0.4728369,0.7405602
7/7/7/6/5/6/1/6/5 3 3,X,-2,2,BLOCK,X,1.311518,0.7790392
7/7/7/6/5/6/5/4/5 3 3,Z,2,0,BLOCK,Z,0.3267431,0.4158364
7/7/7/4/5/6/5/6/3 3 3,Z,1.6,0,BLOCK,Z,0.3808744,0.4417594
7/7/7/6/1/6/5/6/3 3 3,X,-1.75,0,BLOCK,X,0.6696184,0.6024317
7/7/7/6/5/4/5/6/3 3 3,Z,1.6666666666666666666666666666,2,BLOCK,Z,1.074607,0.7099304
7/7/7/6/5/6/1/6/3 3 3,X,-1.5,0,BLOCK,X,1.290628,0.7768577
7/7/7/6/5/6/5/4/3 3 3,Z,2,2,BLOCK,Z,1.734743,1.030082
7/7/7/4/5/6/5/5/6 3 3,Z,1.80,2,BLOCK,Z,0.8948575,0.5475011
7/7/7/6/1/6/5/5/6 3 3,X,-2.25,0,BLOCK,X,0.8122602,0.6822183
7/7/7/6/5/4/5/5/6 3 3,Z,2,0,BLOCK,Z,0.6379898,1.000562
7/7/7/6/5/6/1/5/6 3 3,X,-2.5,0,BLOCK,X,0.5915282,0.7343192
7/7/7/6/5/6/5/1/6 3 3,Z,-2,0,BLOCK,Z,0.5710054,0.5419458
7/7/7/4/5/6/5/5/5 3 3,Z,1.80,0,BLOCK,Z,0.4757641,0.4876485
7/7/7/6/1/6/5/5/5 3 3,X,-2,0,BLOCK,X,0.6739083,0.7463546
7/7/7/6/5/4/5/5/5 3 3,Z,2,0,BLOCK,Z,0.8270625,0.8040527
7/7/7/6/5/6/1/5/5 3 3,X,-2,0,BLOCK,X,0.45899,0.5630633
7/7/7/6/5/6/5/1/5 3 3,Z,-2,0,BLOCK,Z,0.3472613,0.3598333
7/7/7/4/5/6/5/5/3 3 3,Z,1.80,0,BLOCK,Z,0.4914083,0.5536149
7/7/7/6/1/6/5/5/3 3 3,X,-1.75,0,BLOCK,X,0.605593,0.5583443
7/7/7/6/5/4/5/5/3 3 3,Z,2,0,BLOCK,Z,0.6428511,0.8437255
7/7/7/6/5/6/1/5/3 3 3,X,-1.5,0,BLOCK,X,0.2776406,0.3973382
7/7/7/6/5/6/5/1/3 3 3,Z,-2,0,BLOCK,Z,1.654553,0.9864305
7/7/7/4/5/6/5/3/6 3 3,Z,2,2,BLOCK,Z,0.9849992,0.6196945
7/7/7/6/1/6/5/3/6 3 3,X,-2.25,0,BLOCK,X,0.7012904,0.6597716
7/7/7/6/5/4/5/3/6 3 3,Z,2.3333333333333333333333333334,0,BLOCK,Z,0.6821271,0.8074091
7/7/7/6/5/6/1/3/6 3 3,X,-2.5,0,BLOCK,X,1.554085,1.102701
7/7/7/4/5/6/5/3/5 3 3,Z,2,0,BLOCK,Z,0.2791536,0.4799394
7/7/7/6/1/6/5/3/5 3 3,X,-2,0,BLOCK,X,0.5603787,0.7194357
7/7/7/6/5/4/5/3/5 3 3,Z,2.3333333333333333333333333334,0,BLOCK,Z,0.9084505,0.8838498
7/7/7/6/5/6/1/3/5 3 3,X,-2,0,BLOCK,X,0.2820804,0.4977863
7/7/7/4/5/6/5/3/3 3 3,Z,2,0,BLOCK,Z,0.4106291,0.4959624
7/7/7/6/1/6/5/3/3 3 3,X,-1.75,0,BLOCK,X,0.6499393,0.583329
7/7/7/6/5/4/5/3/3 3 3,Z,2.3333333333333333333333333334,2,BLOCK,Z,1.380264,0.7946838
7/7/7/6/5/6/1/3/3 3 3,X,-1.5,0,BLOCK,X,0.09193222,0.3256854
7/7/7/4/5/6/5/7/4 3 3,Z,1.80,2,BLOCK,Z,0.9483981,0.505366
7/7/7/6/1/6/5/7/4 3 3,X,-2.25,0,BLOCK,X,0.4785921,0.7413504
7/7/7/6/5/4/5/7/4 3 3,Z,2,0,BLOCK,Z,0.7853194,0.8726023
7/7/7/6/5/6/1/7/4 3 3,X,-2.5,0,BLOCK,X,0.4573191,0.6416062
7/7/7/4/5/6/5/7/2 3 3,Z,1.80,0,BLOCK,Z,0.4127657,0.5018573
7/7/7/6/1/6/5/7/2 3 3,X,-2,2,BLOCK,X,1.075668,0.6609588
7/7/7/6/5/4/5/7/2 3 3,Z,2,0,BLOCK,Z,0.7060021,0.8904352
7/7/7/6/5/6/1/7/2 3 3,X,-2,0,BLOCK,X,0.4781981,0.6636729
7/7/7/4/5/6/5/7/1 3 3,Z,1.80,0,BLOCK,Z,0.5946056,0.6095036
7/7/7/6/1/6/5/7/1 3 3,X,-1.75,2,BLOCK,X,0.9556462,0.7129839
7/7/7/6/5/4/5/7/1 3 3,Z,2,0,BLOCK,Z,0.6358305,0.7523855
7/7/7/6/5/6/1/7/1 3 3,X,-1.5,0,BLOCK,X,0.5533367,0.582948
7/7/7/4/5/6/3/2/7 3 3,Z,1.80,0,BLOCK,Z,0.573219,0.3697319
7/7/7/6/1/6/3/2/7 3 3,X,-1.75,2,BLOCK,X,0.9777015,0.557978
7/7/7/6/5/4/3/2/7 3 3,Z,2,0,BLOCK,Z,0.3824848,0.5159709
7/7/7/4/5/6/3/6/6 3 3,Z,1.6,0,BLOCK,Z,0.5377461,0.4948733
7/7/7/6/1/6/3/6/6 3 3,X,-2.0,2,BLOCK,X,1.044748,0.5919131
7/7/7/6/5/4/3/6/6 3 3,Z,1.6666666666666666666666666666,0,BLOCK,Z,0.6023256,0.7804889
7/7/7/6/5/6/3/4/6 3 3,Z,2,0,BLOCK,Z,0.2732424,0.3589938
7/7/7/4/5/6/3/6/5 3 3,Z,1.6,0,BLOCK,Z,0.353267,0.449775
7/7/7/6/1/6/3/6/5 3 3,X,-1.75,0,BLOCK,X,0.5310403,0.5004608
7/7/7/6/5/4/3/6/5 3 3,Z,1.6666666666666666666666666666,2,BLOCK,Z,1.086042,0.6769711
7/7/7/6/5/6/3/4/5 3 3,Z,2,0,BLOCK,Z,1.589124,1.061999
7/7/7/4/5/6/3/6/3 3 3,Z,1.6,0,BLOCK,Z,0.4428517,0.4858617
7/7/7/6/1/6/3/6/3 3 3,X,-1.5,0,BLOCK,X,0.3470954,0.4540747
7/7/7/6/5/4/3/6/3 3 3,Z,1.6666666666666666666666666666,2,BLOCK,Z,1.071777,0.689988
7/7/7/6/5/6/3/4/3 3 3,Z,2,0,BLOCK,Z,0.3688731,0.5074943
7/7/7/4/5/6/3/5/6 3 3,Z,1.80,2,BLOCK,Z,0.8669494,0.5429071
7/7/7/6/1/6/3/5/6 3 3,X,-2.0,0,BLOCK,X,0.7263827,0.6709526
7/7/7/6/5/4/3/5/6 3 3,Z,2,0,BLOCK,Z,0.5431178,0.5859108
7/7/7/6/5/6/3/1/6 3 3,Z,-2,0,BLOCK,Z,0.3380845,0.3647891
7/7/7/4/5/6/3/5/5 3 3,Z,1.80,0,BLOCK,Z,0.3658991,0.446468
7/7/7/6/1/6/3/5/5 3 3,X,-1.75,0,BLOCK,X,0.6364197,0.5137985
7/7/7/6/5/4/3/5/5 3 3,Z,2,0,BLOCK,Z,0.7811812,0.7950342
7/7/7/6/5/6/3/1/5 3 3,Z,-2,0,BLOCK,Z,0.4013623,0.2815086
7/7/7/4/5/6/3/5/3 3 3,Z,1.80,0,BLOCK,Z,0.6112466,0.574294
7/7/7/6/1/6/3/5/3 3 3,X,-1.5,2,BLOCK,X,0.9740645,0.6842918
7/7/7/6/5/4/3/5/3 3 3,Z,2,0,BLOCK,Z,0.7716761,0.8631833
7/7/7/6/5/6/3/1/3 3 3,Z,-2,0,BLOCK,Z,0.3867337,0.396946
7/7/7/4/5/6/3/3/6 3 3,Z,2,2,BLOCK,Z,1.002545,0.6330562
7/7/7/6/1/6/3/3/6 3 3,X,-2.0,0,BLOCK,X,0.4594407,0.6667082
7/7/7/6/5/4/3/3/6 3 3,Z,2.3333333333333333333333333334,0,BLOCK,Z,0.8270732,0.812558
7/7/7/4/5/6/3/3/5 3 3,Z,2,0,BLOCK,Z,0.7121308,0.5043326
7/7/7/6/1/6/3/3/5 3 3,X,-1.75,0,BLOCK,X,0.5894964,0.6663526
7/7/7/6/5/4/3/3/5 3 3,Z,2.3333333333333333333333333334,2,BLOCK,Z,1.357718,0.8143483
7/7/7/4/5/6/3/3/3 3 3,Z,2,0,BLOCK,Z,0.484829,0.5135127
7/7/7/6/1/6/3/3/3 3 3,X,-1.5,0,BLOCK,X,0.7360846,0.5522409
7/7/7/6/5/4/3/3/3 3 3,Z,2.3333333333333333333333333334,0,BLOCK,Z,0.6082483,0.7785217
7/7/7/4/5/6/3/7/4 3 3,Z,1.80,0,BLOCK,Z,0.6029681,0.5351164
7/7/7/6/1/6/3/7/4 3 3,X,-2.0,2,BLOCK,X,1.084293,0.6778979
7/7/7/6/5/4/3/7/4 3 3,Z,2,0,BLOCK,Z,0.7994812,0.8521515
7/7/7/4/5/6/3/7/2 3 3,Z,1.80,0,BLOCK,Z,0.3970189,0.4985954
7/7/7/6/1/6/3/7/2 3 3,X,-1.75,0,BLOCK,X,0.4139161,0.6097935
7/7/7/6/5/4/3/7/2 3 3,Z,2,0,BLOCK,Z,0.5779317,0.7725407
7/7/7/4/5/6/3/7/1 3 3,Z,1.80,0,BLOCK,Z,0.3090484,0.483199
7/7/7/6/1/6/3/7/1 3 3,X,-1.5,0,BLOCK,X,0.4899605,0.5271351
7/7/7/6/5/4/3/7/1 3 3,Z,2,2,BLOCK,Z,1.24381,0.8368188
7/7/7/4/5/6/7/2/6 3 3,Z,1.80,0,BLOCK,Z,0.5028376,0.5729712
7/7/7/6/1/6/7/2/6 3 3,X,-2.25,2,BLOCK,X,1.121609,0.7441924
7/7/7/6/5/4/7/2/6 3 3,Z,2,0,BLOCK,Z,0.4984517,0.5743591
7/7/7/4/5/6/7/2/5 3 3,Z,1.80,2,BLOCK,Z,0.9337476,0.565167
7/7/7/6/1/6/7/2/5 3 3,X,-2,2,BLOCK,X,1.033812,0.6646692
7/7/7/6/5/4/7/2/5 3 3,Z,2,0,BLOCK,Z,0.4831983,0.6436467
7/7/7/4/5/6/7/2/3 3 3,Z,1.80,0,BLOCK,Z,0.2996065,0.4144682
7/7/7/6/1/6/7/2/3 3 3,X,-1.75,0,BLOCK,X,0.6130017,0.685356
7/7/7/6/5/4/7/2/3 3 3,Z,2,0,BLOCK,Z,1.385759,0.9602322
7/7/7/4/5/6/7/6/4 3 3,Z,1.6,2,BLOCK,Z,0.8600705,0.5778028
7/7/7/6/1/6/7/6/4 3 3,X,-2.25,2,BLOCK,X,1.170526,0.7490153
7/7/7/6/5/4/7/6/4 3 3,Z,1.6666666666666666666666666668,0,BLOCK,Z,0.5647694,0.6994798
7/7/7/6/5/6/7/4/4 3 3,Z,2,0,BLOCK,Z,0.2551084,0.3590365
7/7/7/4/5/6/7/6/2 3 3,Z,1.6,0,BLOCK,Z,0.3263151,0.4876252
7/7/7/6/1/6/7/6/2 3 3,X,-2,0,BLOCK,X,0.6094207,0.7644988
7/7/7/6/5/4/7/6/2 3 3,Z,1.6666666666666666666666666668,0,BLOCK,Z,0.5474563,0.713227
7/7/7/6/5/6/7/4/2 3 3,Z,2,0,BLOCK,Z,0.2261105,0.337347
7/7/7/4/5/6/7/6/1 3 3,Z,1.6,0,BLOCK,Z,0.6325342,0.5490271
7/7/7/6/1/6/7/6/1 3 3,X,-1.75,0,BLOCK,X,0.5998351,0.6313536
7/7/7/6/5/4/7/6/1 3 3,Z,1.6666666666666666666666666668,0,BLOCK,Z,0.6625721,0.7367387
7/7/7/6/5/6/7/4/1 3 3,Z,2,0,BLOCK,Z,0.2636961,0.3614503
7/7/7/4/5/6/7/5/4 3 3,Z,1.80,0,BLOCK,Z,0.544396,0.5618924
7/7/7/6/1/6/7/5/4 3 3,X,-2.25,0,BLOCK,X,0.5478216,0.7698559
7/7/7/6/5/4/7/5/4 3 3,Z,2,2,BLOCK,Z,1.225206,0.8302566
7/7/7/6/5/6/7/1/4 3 3,Z,-2,0,BLOCK,Z,0.02523751,0.1368001
7/7/7/4/5/6/7/5/2 3 3,Z,1.80,0,BLOCK,Z,0.3541462,0.4629626
7/7/7/6/1/6/7/5/2 3 3,X,-2,0,BLOCK,X,0.6613821,0.8210422
7/7/7/6/5/4/7/5/2 3 3,Z,2,2,BLOCK,Z,1.219206,0.938587
7/7/7/6/5/6/7/1/2 3 3,Z,-2,0,BLOCK,Z,0.4464624,0.4573366
7/7/7/4/5/6/7/5/1 3 3,Z,1.80,2,BLOCK,Z,0.9864694,0.5583009
7/7/7/6/1/6/7/5/1 3 3,X,-1.75,2,BLOCK,X,1.069657,0.6333804
7/7/7/6/5/4/7/5/1 3 3,Z,2,0,BLOCK,Z,0.7157456,0.8124897
7/7/7/6/5/6/7/1/1 3 3,Z,-2,0,BLOCK,Z,0.3294244,0.3629893
7/7/7/4/5/6/7/3/4 3 3,Z,2,0,BLOCK,Z,0.3713257,0.5416536
7/7/7/6/1/6/7/3/4 3 3,X,-2.25,0,BLOCK,X,0.6013592,0.7869817
7/7/7/6/5/4/7/3/4 3 3,Z,2.3333333333333333333333333332,0,BLOCK,Z,0.7812997,0.8935272
7/7/7/4/5/6/7/3/2 3 3,Z,2,2,BLOCK,Z,1.051655,0.632489
7/7/7/6/1/6/7/3/2 3 3,X,-2,0,BLOCK,X,0.7709813,0.7399393
7/7/7/6/5/4/7/3/2 3 3,Z,2.3333333333333333333333333332,0,BLOCK,Z,1.032638,0.937385
7/7/7/4/5/6/7/3/1 3 3,Z,2,0,BLOCK,Z,0.2175169,0.4524814
7/7/7/6/1/6/7/3/1 3 3,X,-1.75,0,BLOCK,X,0.6447119,0.6049748
7/7/7/6/5/4/7/3/1 3 3,Z,2.3333333333333333333333333332,0,BLOCK,Z,0.719234,0.8580796
7/7/7/4/5/5/2/6/7 3 3,Z,1.80,0,BLOCK,Z,0.4174749,0.4727888
7/7/7/6/1/5/2/6/7 3 3,X,-2,0,BLOCK,X,0.3815517,0.5158104
7/7/7/6/5/1/2/6/7 3 3,Z,-2.3333333333333333333333333334,2,BLOCK,Z,1.385077,0.9074941
7/7/7/6/5/5/2/4/7 3 3,Z,2,0,BLOCK,Z,1.666132,1.095944
7/7/7/4/5/5/2/5/7 3 3,Z,2,0,BLOCK,Z,0.4622318,0.4726333
7/7/7/6/1/5/2/5/7 3 3,X,-2,0,BLOCK,X,0.2971218,0.382778
7/7/7/6/5/1/2/5/7 3 3,Z,-2,0,BLOCK,Z,0.7312386,0.6359648
7/7/7/6/5/5/2/1/7 3 3,Z,-2,0,BLOCK,Z,0.1220939,0.1920903
7/7/7/4/5/5/2/3/7 3 3,Z,2.20,2,BLOCK,Z,0.9830123,0.563886
7/7/7/6/1/5/2/3/7 3 3,X,-2,2,BLOCK,X,0.9747901,0.6618395
7/7/7/6/5/1/2/3/7 3 3,Z,-1.6666666666666666666666666666,0,BLOCK,Z,1.050615,0.855769
7/7/7/4/5/5/2/7/6 3 3,Z,2,0,BLOCK,Z,0.5730192,0.556241
7/7/7/6/1/5/2/7/6 3 3,X,-2.25,0,BLOCK,X,0.4377108,0.6992562
7/7/7/6/5/1/2/7/6 3 3,Z,-2,0,BLOCK,Z,0.6224756,0.4899164
7/7/7/4/5/5/2/7/5 3 3,Z,2,0,BLOCK,Z,0.5670932,0.5321416
7/7/7/6/1/5/2/7/5 3 3,X,-2,0,BLOCK,X,1.211718,0.6729564
7/7/7/6/5/1/2/7/5 3 3,Z,-2,2,BLOCK,Z,1.134941,0.8190908
7/7/7/4/5/5/2/7/3 3 3,Z,2,0,BLOCK,Z,0.4791431,0.4812351
7/7/7/6/1/5/2/7/3 3 3,X,-1.75,0,BLOCK,X,0.1735322,0.4265997
7/7/7/6/5/1/2/7/3 3 3,Z,-2,2,BLOCK,Z,1.223517,0.9118782
7/7/7/4/5/5/6/2/7 3 3,Z,2,2,BLOCK,Z,0.8949518,0.5721706
7/7/7/6/1/5/6/2/7 3 3,X,-2.25,0,BLOCK,X,0.879892,0.8237405
7/7/7/6/5/1/6/2/7 3 3,Z,-2,0,BLOCK,Z,0.05153036,0.419719
7/7/7/6/5/5/4/2/7 3 3,X,2,0,BLOCK,X,0.8150216,0.7858953
7/7/7/4/5/5/6/6/6 3 3,Z,1.80,0,BLOCK,Z,0.4673194,0.5358295
7/7/7/6/1/5/6/6/6 3 3,X,-2.5,0,BLOCK,X,0.5735402,0.617745
7/7/7/6/5/1/6/6/6 3 3,Z,-2.3333333333333333333333333334,0,BLOCK,Z,0.584111,0.4422671
7/7/7/6/5/5/4/6/6 3 3,X,1.5,2,BLOCK,X,1.164362,0.7067486
7/7/7/6/5/5/6/4/6 3 3,Z,2,0,BLOCK,Z,0.261966,0.4259936
7/7/7/4/5/5/6/6/5 3 3,Z,1.80,0,BLOCK,Z,0.6201944,0.4962719
7/7/7/6/1/5/6/6/5 3 3,X,-2.25,0,BLOCK,X,0.7887717,0.7369931
7/7/7/6/5/1/6/6/5 3 3,Z,-2.3333333333333333333333333334,2,BLOCK,Z,1.436243,0.9030895
7/7/7/6/5/5/4/6/5 3 3,X,2,0,BLOCK,X,0.4317972,0.5677115
7/7/7/6/5/5/6/4/5 3 3,Z,2,0,BLOCK,Z,0.2753397,0.3712756
7/7/7/4/5/5/6/6/3 3 3,Z,1.80,2,BLOCK,Z,0.8736379,0.5659167
7/7/7/6/1/5/6/6/3 3 3,X,-2.0,0,BLOCK,X,0.5626482,0.8052644
7/7/7/6/5/1/6/6/3 3 3,Z,-2.3333333333333333333333333334,0,BLOCK,Z,0.5322983,0.2996116
7/7/7/6/5/5/4/6/3 3 3,X,2.5,0,BLOCK,X,0.5383348,0.8320667
7/7/7/6/5/5/6/4/3 3 3,Z,2,0,BLOCK,Z,0.2004181,0.3261547
7/7/7/4/5/5/6/5/6 3 3,Z,2,2,BLOCK,Z,0.9645824,0.6322515
7/7/7/6/1/5/6/5/6 3 3,X,-2.5,0,BLOCK,X,0.4414672,0.6660283
7/7/7/6/5/1/6/5/6 3 3,Z,-2,0,BLOCK,Z,1.04846,0.768414
7/7/7/6/5/5/4/5/6 3 3,X,1.5,0,BLOCK,X,0.6062057,0.6448354
7/7/7/6/5/5/6/1/6 3 3,Z,-2,0,BLOCK,Z,0.4591241,0.5259187
7/7/7/4/5/5/6/5/5 3 3,Z,2,0,BLOCK,Z,0.4169059,0.4732929
7/7/7/6/1/5/6/5/5 3 3,X,-2.25,0,BLOCK,X,0.4221023,0.6635963
7/7/7/6/5/1/6/5/5 3 3,Z,-2,0,BLOCK,Z,0.7488629,0.5730278
7/7/7/6/5/5/4/5/5 3 3,X,2,0,BLOCK,X,0.2291486,0.5625213
7/7/7/6/5/5/6/1/5 3 3,Z,-2,0,BLOCK,Z,0.1959389,0.202148
7/7/7/4/5/5/6/5/3 3 3,Z,2,2,BLOCK,Z,0.9818789,0.5464786
7/7/7/6/1/5/6/5/3 3 3,X,-2.0,0,BLOCK,X,0.4498147,0.6713706
7/7/7/6/5/1/6/5/3 3 3,Z,-2,2,BLOCK,Z,1.151071,0.7801321
7/7/7/6/5/5/4/5/3 3 3,X,2.5,0,BLOCK,X,0.4309448,0.7893937
7/7/7/6/5/5/6/1/3 3 3,Z,-2,0,BLOCK,Z,0.9742004,0.5463309
7/7/7/4/5/5/6/3/6 3 3,Z,2.20,0,BLOCK,Z,0.3476861,0.4880248
7/7/7/6/1/5/6/3/6 3 3,X,-2.5,0,BLOCK,X,0.3669638,0.6661756
7/7/7/6/5/1/6/3/6 3 3,Z,-1.6666666666666666666666666666,0,BLOCK,Z,0.316883,0.5189022
7/7/7/6/5/5/4/3/6 3 3,X,1.5,2,BLOCK,X,1.176023,0.7393009
7/7/7/4/5/5/6/3/5 3 3,Z,2.20,0,BLOCK,Z,0.484932,0.5765815
7/7/7/6/1/5/6/3/5 3 3,X,-2.25,0,BLOCK,X,0.7470385,0.6303793
7/7/7/6/5/1/6/3/5 3 3,Z,-1.6666666666666666666666666666,0,BLOCK,Z,0.1897165,0.4046275
7/7/7/6/5/5/4/3/5 3 3,X,2,2,BLOCK,X,1.413074,0.8316401
7/7/7/4/5/5/6/3/3 3 3,Z,2.20,0,BLOCK,Z,0.8220932,0.468177
7/7/7/6/1/5/6/3/3 3 3,X,-2.0,0,BLOCK,X,0.7906436,0.7625191
7/7/7/6/5/1/6/3/3 3 3,Z,-1.6666666666666666666666666666,0,BLOCK,Z,0.4256241,0.4662209
7/7/7/6/5/5/4/3/3 3 3,X,2.5,0,BLOCK,X,0.5364867,0.748509
7/7/7/4/5/5/6/7/4 3 3,Z,2,0,BLOCK,Z,0.7546601,0.5717406
7/7/7/6/1/5/6/7/4 3 3,X,-2.5,0,BLOCK,X,0.6785241,0.7454382
7/7/7/6/5/1/6/7/4 3 3,Z,-2,2,BLOCK,Z,1.246982,0.8769858
7/7/7/6/5/5/4/7/4 3 3,X,1.5,0,BLOCK,X,0.3948328,0.4474593
7/7/7/4/5/5/6/7/2 3 3,Z,2,2,BLOCK,Z,0.974784,0.5933258
7/7/7/6/1/5/6/7/2 3 3,X,-2.25,0,BLOCK,X,1.219545,0.8503578
7/7/7/6/5/1/6/7/2 3 3,Z,-2,2,BLOCK,Z,1.250664,0.8215958
7/7/7/6/5/5/4/7/2 3 3,X,2,0,BLOCK,X,0.5691261,0.6615579
7/7/7/4/5/5/6/7/1 3 3,Z,2,2,BLOCK,Z,0.9947537,0.6038677
7/7/7/6/1/5/6/7/1 3 3,X,-2.0,0,BLOCK,X,0.7196685,0.7085094
7/7/7/6/5/1/6/7/1 3 3,Z,-2,2,BLOCK,Z,1.195587,0.7788506
7/7/7/6/5/5/4/7/1 3 3,X,2.5,0,BLOCK,X,0.4313702,0.612845
7/7/7/4/5/5/5/2/7 3 3,Z,2,2,BLOCK,Z,0.908574,0.6236469
7/7/7/6/1/5/5/2/7 3 3,X,-2,0,BLOCK,X,0.7970105,0.5749519
7/7/7/6/5/1/5/2/7 3 3,Z,-2,2,BLOCK,Z,1.138435,0.8111224
7/7/7/6/5/5/1/2/7 3 3,X,-2,0,BLOCK,X,0.8216382,0.7268785
7/7/7/4/5/5/5/6/6 3 3,Z,1.80,0,BLOCK,Z,0.6211843,0.5375767
7/7/7/6/1/5/5/6/6 3 3,X,-2.25,0,BLOCK,X,0.4857899,0.7100272
7/7/7/6/5/1/5/6/6 3 3,Z,-2.3333333333333333333333333334,0,BLOCK,Z,0.7013819,0.6274084
7/7/7/6/5/5/1/6/6 3 3,X,-2.5,0,BLOCK,X,1.455944,1.114578
7/7/7/6/5/5/5/4/6 3 3,Z,2,0,BLOCK,Z,1.670139,1.032845
7/7/7/4/5/5/5/6/5 3 3,Z,1.80,2,BLOCK,Z,0.8661073,0.5704882
7/7/7/6/1/5/5/6/5 3 3,X,-2,0,BLOCK,X,0.7702595,0.6421302
7/7/7/6/5/1/5/6/5 3 3,Z,-2.3333333333333333333333333334,0,BLOCK,Z,0.3902565,0.4126833
7/7/7/6/5/5/1/6/5 3 3,X,-2,0,BLOCK,X,0.7867977,0.6796883
7/7/7/6/5/5/5/4/5 3 3,Z,2,2,BLOCK,Z,1.631133,1.003487
7/7/7/4/5/5/5/6/3 3 3,Z,1.80,0,BLOCK,Z,0.542269,0.5143208
7/7/7/6/1/5/5/6/3 3 3,X,-1.75,0,BLOCK,X,0.660125,0.5869539
7/7/7/6/5/1/5/6/3 3 3,Z,-2.3333333333333333333333333334,0,BLOCK,Z,0.5553647,0.4895893
7/7/7/6/5/5/1/6/3 3 3,X,-1.5,0,BLOCK,X,0.4975151,0.6229908
7/7/7/6/5/5/5/4/3 3 3,Z,2,2,BLOCK,Z,1.63442,0.9894306
7/7/7/4/5/5/5/5/6 3 3,Z,2,0,BLOCK,Z,0.6030887,0.5384442
7/7/7/6/1/5/5/5/6 3 3,X,-2.25,0,BLOCK,X,0.6948338,0.6472642
7/7/7/6/5/1/5/5/6 3 3,Z,-2,0,BLOCK,Z,0.6425123,0.6234048
7/7/7/6/5/5/1/5/6 3 3,X,-2.5,2,BLOCK,X,1.61814,0.9458672
7/7/7/6/5/5/5/1/6 3 3,Z,-2,0,BLOCK,Z,0.5018476,0.2244023
7/7/7/4/5/5/5/5/5 3 3,Z,2,0,BLOCK,Z,0.6207179,0.5631714
7/7/7/6/1/5/5/5/5 3 3,X,-2,0,BLOCK,X,0.7602012,0.6733198
7/7/7/6/5/1/5/5/5 3 3,Z,-2,0,BLOCK,Z,0.6004544,0.5351217
7/7/7/6/5/5/1/5/5 3 3,X,-2,0,BLOCK,X,0.7584659,0.7693411
7/7/7/6/5/5/5/1/5 3 3,Z,-2,0,BLOCK,Z,0.1319505,0.1822979
7/7/7/4/5/5/5/5/3 3 3,Z,2,2,BLOCK,Z,0.9324746,0.564827
7/7/7/6/1/5/5/5/3 3 3,X,-1.75,0,BLOCK,X,0.731765,0.4918548
7/7/7/6/5/1/5/5/3 3 3,Z,-2,2,BLOCK,Z,1.109058,0.7462234
7/7/7/6/5/5/1/5/3 3 3,X,-1.5,0,BLOCK,X,0.4721621,0.5829359
7/7/7/6/5/5/5/1/3 3 3,Z,-2,2,BLOCK,Z,1.588443,0.9260991
7/7/7/4/5/5/5/3/6 3 3,Z,2.20,0,BLOCK,Z,0.5936269,0.5288368
7/7/7/6/1/5/5/3/6 3 3,X,-2.25,0,BLOCK,X,0.6376325,0.7041856
7/7/7/6/5/1/5/3/6 3 3,Z,-1.6666666666666666666666666666,2,BLOCK,Z,1.116697,0.826095
7/7/7/6/5/5/1/3/6 3 3,X,-2.5,0,BLOCK,X,0.6390127,0.8789144
7/7/7/4/5/5/5/3/5 3 3,Z,2.20,2,BLOCK,Z,1.044315,0.5982393
7/7/7/6/1/5/5/3/5 3 3,X,-2,0,BLOCK,X,0.8593702,0.6754293
7/7/7/6/5/1/5/3/5 3 3,Z,-1.6666666666666666666666666666,2,BLOCK,Z,1.058318,0.7834452
7/7/7/6/5/5/1/3/5 3 3,X,-2,0,BLOCK,X,0.604202,0.6838181
7/7/7/4/5/5/5/3/3 3 3,Z,2.20,0,BLOCK,Z,0.7312061,0.5199133
7/7/7/6/1/5/5/3/3 3 3,X,-1.75,2,BLOCK,X,0.9628753,0.6456698
7/7/7/6/5/1/5/3/3 3 3,Z,-1.6666666666666666666666666666,0,BLOCK,Z,0.406513,0.5067608
7/7/7/6/5/5/1/3/3 3 3,X,-1.5,2,BLOCK,X,1.186065,0.7188686
7/7/7/4/5/5/5/7/4 3 3,Z,2,0,BLOCK,Z,0.3844925,0.5398914
7/7/7/6/1/5/5/7/4 3 3,X,-2.25,2,BLOCK,X,1.110862,0.6772566
7/7/7/6/5/1/5/7/4 3 3,Z,-2,0,BLOCK,Z,0.6656323,0.5650465
7/7/7/6/5/5/1/7/4 3 3,X,-2.5,2,BLOCK,X,1.676426,1.088573
7/7/7/4/5/5/5/7/2 3 3,Z,2,2,BLOCK,Z,0.9763952,0.5131101
7/7/7/6/1/5/5/7/2 3 3,X,-2,0,BLOCK,X,0.7568827,0.6283894
7/7/7/6/5/1/5/7/2 3 3,Z,-2,2,BLOCK,Z,1.205895,0.7854554
7/7/7/6/5/5/1/7/2 3 3,X,-2,0,BLOCK,X,0.5071271,0.6881093
7/7/7/4/5/5/5/7/1 3 3,Z,2,0,BLOCK,Z,0.4671909,0.5527015
7/7/7/6/1/5/5/7/1 3 3,X,-1.75,0,BLOCK,X,0.7276856,0.6304184
7/7/7/6/5/1/5/7/1 3 3,Z,-2,0,BLOCK,Z,0.6529459,0.6400701
7/7/7/6/5/5/1/7/1 3 3,X,-1.5,0,BLOCK,X,0.1744238,0.3582373
7/7/7/4/5/5/3/2/7 3 3,Z,2,0,BLOCK,Z,0.6666356,0.4272123
7/7/7/6/1/5/3/2/7 3 3,X,-1.75,0,BLOCK,X,0.3919949,0.5506822
7/7/7/6/5/1/3/2/7 3 3,Z,-2,2,BLOCK,Z,1.184016,0.8449676
7/7/7/4/5/5/3/6/6 3 3,Z,1.80,0,BLOCK,Z,0.7033342,0.4848008
7/7/7/6/1/5/3/6/6 3 3,X,-2.0,0,BLOCK,X,0.4443538,0.6219789
7/7/7/6/5/1/3/6/6 3 3,Z,-2.3333333333333333333333333334,0,BLOCK,Z,0.2500466,0.4302612
7/7/7/6/5/5/3/4/6 3 3,Z,2,0,BLOCK,Z,1.058555,0.6296913
7/7/7/4/5/5/3/6/5 3 3,Z,1.80,0,BLOCK,Z,0.4600214,0.5419269
7/7/7/6/1/5/3/6/5 3 3,X,-1.75,0,BLOCK,X,0.426769,0.4379092
7/7/7/6/5/1/3/6/5 3 3,Z,-2.3333333333333333333333333334,2,BLOCK,Z,1.396835,0.874
7/7/7/6/5/5/3/4/5 3 3,Z,2,0,BLOCK,Z,1.631627,1.039616
7/7/7/4/5/5/3/6/3 3 3,Z,1.80,0,BLOCK,Z,0.5440227,0.4917864
7/7/7/6/1/5/3/6/3 3 3,X,-1.5,0,BLOCK,X,0.6684188,0.5613803
7/7/7/6/5/1/3/6/3 3 3,Z,-2.3333333333333333333333333334,0,BLOCK,Z,0.5857903,0.4596712
7/7/7/6/5/5/3/4/3 3 3,Z,2,0,BLOCK,Z,0.2073116,0.3513098
7/7/7/4/5/5/3/5/6 3 3,Z,2,0,BLOCK,Z,0.4834444,0.4967182
7/7/7/6/1/5/3/5/6 3 3,X,-2.0,0,BLOCK,X,0.6069987,0.6816316
7/7/7/6/5/1/3/5/6 3 3,Z,-2,0,BLOCK,Z,0.8701766,0.6295651
7/7/7/6/5/5/3/1/6 3 3,Z,-2,0,BLOCK,Z,0.9796719,0.6088191
7/7/7/4/5/5/3/5/5 3 3,Z,2,0,BLOCK,Z,0.7873231,0.5342262
7/7/7/6/1/5/3/5/5 3 3,X,-1.75,0,BLOCK,X,0.3395453,0.3912484
7/7/7/6/5/1/3/5/5 3 3,Z,-2,0,BLOCK,Z,0.9381729,0.7026911
7/7/7/6/5/5/3/1/5 3 3,Z,-2,0,BLOCK,Z,0.195145,0.2505449
7/7/7/4/5/5/3/5/3 3 3,Z,2,2,BLOCK,Z,0.9563392,0.6427721
7/7/7/6/1/5/3/5/3 3 3,X,-1.5,0,BLOCK,X,0.2107054,0.3464747
7/7/7/6/5/1/3/5/3 3 3,Z,-2,2,BLOCK,Z,1.141648,0.7765382
7/7/7/6/5/5/3/1/3 3 3,Z,-2,2,BLOCK,Z,1.569507,0.9683233
7/7/7/4/5/5/3/3/6 3 3,Z,2.20,0,BLOCK,Z,0.4128561,0.4049073
7/7/7/6/1/5/3/3/6 3 3,X,-2.0,2,BLOCK,X,0.9909984,0.7135137
7/7/7/6/5/1/3/3/6 3 3,Z,-1.6666666666666666666666666666,0,BLOCK,Z,0.5563049,0.5344815
7/7/7/4/5/5/3/3/5 3 3,Z,2.20,0,BLOCK,Z,0.8357089,0.5706347
7/7/7/6/1/5/3/3/5 3 3,X,-1.75,2,BLOCK,X,1.012084,0.6240615
7/7/7/6/5/1/3/3/5 3 3,Z,-1.6666666666666666666666666666,0,BLOCK,Z,0.3733129,0.4483735
7/7/7/4/5/5/3/3/3 3 3,Z,2.20,2,BLOCK,Z,1.052224,0.6825475
7/7/7/6/1/5/3/3/3 3 3,X,-1.5,0,BLOCK,X,0.5516261,0.482164
7/7/7/6/5/1/3/3/3 3 3,Z,-1.6666666666666666666666666666,2,BLOCK,Z,1.028718,0.7711264
7/7/7/4/5/5/3/7/4 3 3,Z,2,0,BLOCK,Z,0.7032461,0.5497122
7/7/7/6/1/5/3/7/4 3 3,X,-2.0,0,BLOCK,X,0.7859854,0.6805083
7/7/7/6/5/1/3/7/4 3 3,Z,-2,2,BLOCK,Z,1.213255,0.8267445
7/7/7/4/5/5/3/7/2 3 3,Z,2,0,BLOCK,Z,0.5407873,0.5661008
7/7/7/6/1/5/3/7/2 3 3,X,-1.75,2,BLOCK,X,1.036054,0.6166272
7/7/7/6/5/1/3/7/2 3 3,Z,-2,0,BLOCK,Z,0.6114478,0.5382286
7/7/7/4/5/5/3/7/1 3 3,Z,2,2,BLOCK,Z,0.9953117,0.6543319
7/7/7/6/1/5/3/7/1 3 3,X,-1.5,0,BLOCK,X,0.4641545,0.3757235
7/7/7/6/5/1/3/7/1 3 3,Z,-2,2,BLOCK,Z,1.261109,0.7966927
7/7/7/4/5/5/7/2/6 3 3,Z,2,0,BLOCK,Z,0.5510429,0.5583128
7/7/7/6/1/5/7/2/6 3 3,X,-2.25,2,BLOCK,X,1.07773,0.7841074
7/7/7/6/5/1/7/2/6 3 3,Z,-2,0,BLOCK,Z,0.1899058,0.2711239
7/7/7/4/5/5/7/2/5 3 3,Z,2,2,BLOCK,Z,0.9793376,0.6325651
7/7/7/6/1/5/7/2/5 3 3,X,-2,0,BLOCK,X,0.7448328,0.58248
7/7/7/6/5/1/7/2/5 3 3,Z,-2,2,BLOCK,Z,1.289641,0.8284767
7/7/7/4/5/5/7/2/3 3 3,Z,2,0,BLOCK,Z,0.6421452,0.5327848
7/7/7/6/1/5/7/2/3 3 3,X,-1.75,0,BLOCK,X,0.6668462,0.6540648
7/7/7/6/5/1/7/2/3 3 3,Z,-2,2,BLOCK,Z,1.281836,0.827743
7/7/7/4/5/5/7/6/4 3 3,Z,1.80,0,BLOCK,Z,0.6935603,0.5550469
7/7/7/6/1/5/7/6/4 3 3,X,-2.25,2,BLOCK,X,1.143101,0.7136332
7/7/7/6/5/1/7/6/4 3 3,Z,-2.3333333333333333333333333332,0,BLOCK,Z,0.4002188,0.4952287
7/7/7/6/5/5/7/4/4 3 3,Z,2,0,BLOCK,Z,0.2349132,0.3554385
7/7/7/4/5/5/7/6/2 3 3,Z,1.80,0,BLOCK,Z,0.7029771,0.5268396
7/7/7/6/1/5/7/6/2 3 3,X,-2,0,BLOCK,X,0.6691687,0.8067261
7/7/7/6/5/1/7/6/2 3 3,Z,-2.3333333333333333333333333332,0,BLOCK,Z,0.5771099,0.6740245
7/7/7/6/5/5/7/4/2 3 3,Z,2,0,BLOCK,Z,0.4068501,0.4753513
7/7/7/4/5/5/7/6/1 3 3,Z,1.80,0,BLOCK,Z,0.6067007,0.592878
7/7/7/6/1/5/7/6/1 3 3,X,-1.75,0,BLOCK,X,0.8112541,0.6866301
7/7/7/6/5/1/7/6/1 3 3,Z,-2.3333333333333333333333333332,0,BLOCK,Z,0.543865,0.6230959
7/7/7/6/5/5/7/4/1 3 3,Z,2,0,BLOCK,Z,0.3244449,0.4284813
7/7/7/4/5/5/7/5/4 3 3,Z,2,2,BLOCK,Z,1.043925,0.6118966
7/7/7/6/1/5/7/5/4 3 3,X,-2.25,0,BLOCK,X,0.8321008,0.8301251
7/7/7/6/5/1/7/5/4 3 3,Z,-2,0,BLOCK,Z,0.9370308,0.7192163
7/7/7/6/5/5/7/1/4 3 3,Z,-2,0,BLOCK,Z,0.1026981,0.1731161
7/7/7/4/5/5/7/5/2 3 3,Z,2,0,BLOCK,Z,0.406542,0.4754412
7/7/7/6/1/5/7/5/2 3 3,X,-2,0,BLOCK,X,0.6289269,0.7047459
7/7/7/6/5/1/7/5/2 3 3,Z,-2,2,BLOCK,Z,1.183074,0.7499002
7/7/7/6/5/5/7/1/2 3 3,Z,-2,0,BLOCK,Z,0.1183964,0.1368456
7/7/7/4/5/5/7/5/1 3 3,Z,2,2,BLOCK,Z,1.011722,0.6450923
7/7/7/6/1/5/7/5/1 3 3,X,-1.75,0,BLOCK,X,0.8062452,0.6899069
7/7/7/6/5/1/7/5/1 3 3,Z,-2,2,BLOCK,Z,1.184871,0.8038664
7/7/7/6/5/5/7/1/1 3 3,Z,-2,0,BLOCK,Z,0.1689394,0.1259612
7/7/7/4/5/5/7/3/4 3 3,Z,2.20,0,BLOCK,Z,0.4279892,0.5100805
7/7/7/6/1/5/7/3/4 3 3,X,-2.25,0,BLOCK,X,0.4883356,0.6649169
7/7/7/6/5/1/7/3/4 3 3,Z,-1.6666666666666666666666666668,0,BLOCK,Z,0.409694,0.4612348
7/7/7/4/5/5/7/3/2 3 3,Z,2.20,0,BLOCK,Z,0.6550032,0.6109933
7/7/7/6/1/5/7/3/2 3 3,X,-2,2,BLOCK,X,1.048334,0.6851524
7/7/7/6/5/1/7/3/2 3 3,Z,-1.6666666666666666666666666668,0,BLOCK,Z,0.4813526,0.5454799
7/7/7/4/5/5/7/3/1 3 3,Z,2.20,0,BLOCK,Z,0.4155468,0.5097696
7/7/7/6/1/5/7/3/1 3 3,X,-1.75,0,BLOCK,X,0.4825232,0.6013701
7/7/7/6/5/1/7/3/1 3 3,Z,-1.6666666666666666666666666668,0,BLOCK,Z,0.9808459,0.7434191
7/7/7/4/5/3/2/6/7 3 3,Z,2,2,BLOCK,Z,1.442468,0.8886014
7/7/7/6/1/3/2/6/7 3 3,X,-2,2,BLOCK,X,0.9520897,0.6459811
7/7/7/6/5/3/2/4/7 3 3,Z,2,0,BLOCK,Z,1.50215,1.004383
7/7/7/4/5/3/2/5/7 3 3,Z,2.20,0,BLOCK,Z,0.7312552,0.6416488
7/7/7/6/1/3/2/5/7 3 3,X,-2,2,BLOCK,X,1.02829,0.6768458
7/7/7/6/5/3/2/1/7 3 3,Z,-2,0,BLOCK,Z,0.1175232,0.07281191
7/7/7/4/5/3/2/3/7 3 3,Z,2.4,0,BLOCK,Z,0.4314202,0.6412295
7/7/7/6/1/3/2/3/7 3 3,X,-2,0,BLOCK,X,0.6446659,0.4991239
7/7/7/4/5/3/2/7/6 3 3,Z,2.20,0,BLOCK,Z,0.4490525,0.7115756
7/7/7/6/1/3/2/7/6 3 3,X,-2.25,0,BLOCK,X,0.4592094,0.5128133
7/7/7/4/5/3/2/7/5 3 3,Z,2.20,0,BLOCK,Z,0.4267182,0.5389817
7/7/7/6/1/3/2/7/5 3 3,X,-2,2,BLOCK,X,0.9315458,0.7330287
7/7/7/4/5/3/2/7/3 3 3,Z,2.20,0,BLOCK,Z,0.6499919,0.7045214
7/7/7/6/1/3/2/7/3 3 3,X,-1.75,0,BLOCK,X,0.3964904,0.6179729
7/7/7/4/5/3/6/2/7 3 3,Z,2.20,0,BLOCK,Z,0.4025532,0.6627991
7/7/7/6/1/3/6/2/7 3 3,X,-2.25,0,BLOCK,X,0.6836295,0.6985661
7/7/7/6/5/3/4/2/7 3 3,X,2,2,BLOCK,X,1.307703,0.8175504
7/7/7/4/5/3/6/6/6 3 3,Z,2,0,BLOCK,Z,0.6904652,0.730507
7/7/7/6/1/3/6/6/6 3 3,X,-2.5,0,BLOCK,X,0.672061,0.8022737
7/7/7/6/5/3/4/6/6 3 3,X,1.5,0,BLOCK,X,0.623497,0.6406941
7/7/7/6/5/3/6/4/6 3 3,Z,2,0,BLOCK,Z,0.3498342,0.3968675
7/7/7/4/5/3/6/6/5 3 3,Z,2,0,BLOCK,Z,0.5046702,0.690482
7/7/7/6/1/3/6/6/5 3 3,X,-2.25,0,BLOCK,X,1.486457,1.031358
7/7/7/6/5/3/4/6/5 3 3,X,2,0,BLOCK,X,0.6869373,0.7731668
7/7/7/6/5/3/6/4/5 3 3,Z,2,0,BLOCK,Z,1.021405,0.6311506
7/7/7/4/5/3/6/6/3 3 3,Z,2,0,BLOCK,Z,0.5974149,0.7044936
7/7/7/6/1/3/6/6/3 3 3,X,-2.0,0,BLOCK,X,0.7236034,0.849779
7/7/7/6/5/3/4/6/3 3 3,X,2.5,2,BLOCK,X,1.629522,0.9692383
7/7/7/6/5/3/6/4/3 3 3,Z,2,0,BLOCK,Z,0.3975365,0.4848612
7/7/7/4/5/3/6/5/6 3 3,Z,2.20,0,BLOCK,Z,0.4021144,0.637913
7/7/7/6/1/3/6/5/6 3 3,X,-2.5,2,BLOCK,X,1.26245,0.7284458
7/7/7/6/5/3/4/5/6 3 3,X,1.5,0,BLOCK,X,0.3255413,0.598803
7/7/7/6/5/3/6/1/6 3 3,Z,-2,2,BLOCK,Z,1.587916,1.01263
7/7/7/4/5/3/6/5/5 3 3,Z,2.20,2,BLOCK,Z,1.355009,0.8954338
7/7/7/6/1/3/6/5/5 3 3,X,-2.25,0,BLOCK,X,0.7808288,0.753154
7/7/7/6/5/3/4/5/5 3 3,X,2,0,BLOCK,X,1.44606,0.8240962
7/7/7/6/5/3/6/1/5 3 3,Z,-2,0,BLOCK,Z,0.3452916,0.2969894
7/7/7/4/5/3/6/5/3 3 3,Z,2.20,0,BLOCK,Z,0.4109632,0.6325033
7/7/7/6/1/3/6/5/3 3 3,X,-2.0,0,BLOCK,X,1.435845,0.9162586
7/7/7/6/5/3/4/5/3 3 3,X,2.5,0,BLOCK,X,0.7593365,0.8094081
7/7/7/6/5/3/6/1/3 3 3,Z,-2,2,BLOCK,Z,1.609126,0.9604363
7/7/7/4/5/3/6/3/6 3 3,Z,2.4,2,BLOCK,Z,1.249614,0.8101621
7/7/7/6/1/3/6/3/6 3 3,X,-2.5,2,BLOCK,X,1.196256,0.6182836
7/7/7/6/5/3/4/3/6 3 3,X,1.5,0,BLOCK,X,0.4704393,0.5794491
7/7/7/4/5/3/6/3/5 3 3,Z,2.4,0,BLOCK,Z,0.6839277,0.6811519
7/7/7/6/1/3/6/3/5 3 3,X,-2.25,0,BLOCK,X,0.7899616,0.8141046
7/7/7/6/5/3/4/3/5 3 3,X,2,0,BLOCK,X,0.6192331,0.7452722
7/7/7/4/5/3/6/3/3 3 3,Z,2.4,0,BLOCK,Z,0.3723038,0.6040233
7/7/7/6/1/3/6/3/3 3 3,X,-2.0,0,BLOCK,X,0.7009597,0.7086909
7/7/7/6/5/3/4/3/3 3 3,X,2.5,0,BLOCK,X,0.4843214,0.8088294
7/7/7/4/5/3/6/7/4 3 3,Z,2.20,0,BLOCK,Z,0.8069708,0.7489645
7/7/7/6/1/3/6/7/4 3 3,X,-2.5,0,BLOCK,X,1.190905,0.8212038
7/7/7/6/5/3/4/7/4 3 3,X,1.5,0,BLOCK,X,0.4713111,0.50508
7/7/7/4/5/3/6/7/2 3 3,Z,2.20,0,BLOCK,Z,0.3203228,0.489854
7/7/7/6/1/3/6/7/2 3 3,X,-2.25,0,BLOCK,X,0.4581462,0.6494073
7/7/7/6/5/3/4/7/2 3 3,X,2,0,BLOCK,X,0.5098101,0.747149
7/7/7/4/5/3/6/7/1 3 3,Z,2.20,0,BLOCK,Z,0.4567678,0.6709646
7/7/7/6/1/3/6/7/1 3 3,X,-2.0,0,BLOCK,X,0.4241376,0.6333993
7/7/7/6/5/3/4/7/1 3 3,X,2.5,2,BLOCK,X,1.668371,1.170383
7/7/7/4/5/3/5/2/7 3 3,Z,2.20,0,BLOCK,Z,0.4517569,0.5202437
7/7/7/6/1/3/5/2/7 3 3,X,-2,0,BLOCK,X,0.5552829,0.6713807
7/7/7/6/5/3/1/2/7 3 3,X,-2,2,BLOCK,X,1.292613,0.795956
7/7/7/4/5/3/5/6/6 3 3,Z,2,2,BLOCK,Z,1.412457,0.9789563
7/7/7/6/1/3/5/6/6 3 3,X,-2.25,0,BLOCK,X,0.6813166,0.7828581
7/7/7/6/5/3/1/6/6 3 3,X,-2.5,0,BLOCK,X,1.638037,1.071398
7/7/7/6/5/3/5/4/6 3 3,Z,2,0,BLOCK,Z,1.460239,1.039185
7/7/7/4/5/3/5/6/5 3 3,Z,2,0,BLOCK,Z,0.6448252,0.7560127
7/7/7/6/1/3/5/6/5 3 3,X,-2,0,BLOCK,X,0.654911,0.6039228
7/7/7/6/5/3/1/6/5 3 3,X,-2,0,BLOCK,X,0.8015866,0.72501
7/7/7/6/5/3/5/4/5 3 3,Z,2,2,BLOCK,Z,1.532344,0.9558914
7/7/7/4/5/3/5/6/3 3 3,Z,2,0,BLOCK,Z,0.4428609,0.6590873
7/7/7/6/1/3/5/6/3 3 3,X,-1.75,0,BLOCK,X,0.5824249,0.4115647
7/7/7/6/5/3/1/6/3 3 3,X,-1.5,2,BLOCK,X,1.194687,0.7202513
7/7/7/6/5/3/5/4/3 3 3,Z,2,0,BLOCK,Z,0.185167,0.2483391
7/7/7/4/5/3/5/5/6 3 3,Z,2.20,0,BLOCK,Z,0.8296035,0.6842318
7/7/7/6/1/3/5/5/6 3 3,X,-2.25,0,BLOCK,X,0.5188777,0.7182788
7/7/7/6/5/3/1/5/6 3 3,X,-2.5,0,BLOCK,X,0.5259105,0.7242265
7/7/7/6/5/3/5/1/6 3 3,Z,-2,0,BLOCK,Z,1.612532,0.9748977
7/7/7/4/5/3/5/5/5 3 3,Z,2.20,0,BLOCK,Z,0.4030852,0.6204412
7/7/7/6/1/3/5/5/5 3 3,X,-2,0,BLOCK,X,0.7323812,0.5788781
7/7/7/6/5/3/1/5/5 3 3,X,-2,0,BLOCK,X,0.493341,0.6609293
7/7/7/6/5/3/5/1/5 3 3,Z,-2,2,BLOCK,Z,1.593497,0.9681377
7/7/7/4/5/3/5/5/3 3 3,Z,2.20,2,BLOCK,Z,1.235161,0.8147755
7/7/7/6/1/3/5/5/3 3 3,X,-1.75,0,BLOCK,X,0.8138009,0.6141481
7/7/7/6/5/3/1/5/3 3 3,X,-1.5,0,BLOCK,X,0.5519649,0.6529525
7/7/7/6/5/3/5/1/3 3 3,Z,-2,0,BLOCK,Z,1.63989,1.011293
7/7/7/4/5/3/5/3/6 3 3,Z,2.4,2,BLOCK,Z,1.200374,0.7246984
7/7/7/6/1/3/5/3/6 3 3,X,-2.25,2,BLOCK,X,1.083663,0.7686244
7/7/7/6/5/3/1/3/6 3 3,X,-2.5,0,BLOCK,X,0.5046818,0.7957997
7/7/7/4/5/3/5/3/5 3 3,Z,2.4,0,BLOCK,Z,0.4664784,0.6643867
7/7/7/6/1/3/5/3/5 3 3,X,-2,0,BLOCK,X,0.7724234,0.8006148
7/7/7/6/5/3/1/3/5 3 3,X,-2,0,BLOCK,X,1.452222,0.8525652
7/7/7/4/5/3/5/3/3 3 3,Z,2.4,2,BLOCK,Z,1.146499,0.84633
7/7/7/6/1/3/5/3/3 3 3,X,-1.75,2,BLOCK,X,0.9335602,0.5417634
7/7/7/6/5/3/1/3/3 3 3,X,-1.5,0,BLOCK,X,0.5039629,0.5060398
7/7/7/4/5/3/5/7/4 3 3,Z,2.20,2,BLOCK,Z,1.315326,0.7939285
7/7/7/6/1/3/5/7/4 3 3,X,-2.25,0,BLOCK,X,0.6894367,0.8077857
7/7/7/6/5/3/1/7/4 3 3,X,-2.5,0,BLOCK,X,0.2200119,0.4916962
7/7/7/4/5/3/5/7/2 3 3,Z,2.20,0,BLOCK,Z,0.3957907,0.6531136
7/7/7/6/1/3/5/7/2 3 3,X,-2,0,BLOCK,X,0.6628394,0.7608515
7/7/7/6/5/3/1/7/2 3 3,X,-2,0,BLOCK,X,0.5359758,0.6929466
7/7/7/4/5/3/5/7/1 3 3,Z,2.20,0,BLOCK,Z,0.5440385,0.6231076
7/7/7/6/1/3/5/7/1 3 3,X,-1.75,2,BLOCK,X,0.9736593,0.6195083
7/7/7/6/5/3/1/7/1 3 3,X,-1.5,2,BLOCK,X,1.22946,0.8631592
7/7/7/4/5/3/3/2/7 3 3,Z,2.20,0,BLOCK,Z,0.7537059,0.7826206
7/7/7/6/1/3/3/2/7 3 3,X,-1.75,0,BLOCK,X,0.9157676,0.5596313
7/7/7/4/5/3/3/6/6 3 3,Z,2,0,BLOCK,Z,0.3146472,0.5667776
7/7/7/6/1/3/3/6/6 3 3,X,-2.0,2,BLOCK,X,0.9649783,0.7553128
7/7/7/6/5/3/3/4/6 3 3,Z,2,0,BLOCK,Z,0.5567173,0.5876117
7/7/7/4/5/3/3/6/5 3 3,Z,2,0,BLOCK,Z,0.3478254,0.5932414
7/7/7/6/1/3/3/6/5 3 3,X,-1.75,2,BLOCK,X,0.9373672,0.6288829
7/7/7/6/5/3/3/4/5 3 3,Z,2,0,BLOCK,Z,0.9690718,0.6832784
7/7/7/4/5/3/3/6/3 3 3,Z,2,0,BLOCK,Z,0.4055989,0.6383024
7/7/7/6/1/3/3/6/3 3 3,X,-1.5,2,BLOCK,X,0.9072908,0.4819725
7/7/7/6/5/3/3/4/3 3 3,Z,2,0,BLOCK,Z,0.537572,0.6330486
7/7/7/4/5/3/3/5/6 3 3,Z,2.20,0,BLOCK,Z,0.6750296,0.6084239
7/7/7/6/1/3/3/5/6 3 3,X,-2.0,0,BLOCK,X,0.3031208,0.4195819
7/7/7/6/5/3/3/1/6 3 3,Z,-2,0,BLOCK,Z,1.67253,0.9939899
7/7/7/4/5/3/3/5/5 3 3,Z,2.20,0,BLOCK,Z,0.5390896,0.6302098
7/7/7/6/1/3/3/5/5 3 3,X,-1.75,0,BLOCK,X,0.9436541,0.5819716
7/7/7/6/5/3/3/1/5 3 3,Z,-2,0,BLOCK,Z,0.344969,0.3493128
7/7/7/4/5/3/3/5/3 3 3,Z,2.20,0,BLOCK,Z,0.5797387,0.7221746
7/7/7/6/1/3/3/5/3 3 3,X,-1.5,2,BLOCK,X,0.9448227,0.6058278
7/7/7/6/5/3/3/1/3 3 3,Z,-2,0,BLOCK,Z,0.3164685,0.2416578
7/7/7/4/5/3/3/3/6 3 3,Z,2.4,0,BLOCK,Z,0.3072712,0.5288318
7/7/7/6/1/3/3/3/6 3 3,X,-2.0,0,BLOCK,X,0.522473,0.5403562
7/7/6/6/5/3/3/3/5 3 3,Z,0.7,302,TIMEOUT,Z,0.07103152,0.03404754
7/7/7/4/5/3/3/3/5 3 3,Z,2.4,2,BLOCK,Z,1.162711,0.7632865
7/7/7/6/1/3/3/3/5 3 3,X,-1.75,2,BLOCK,X,0.9716747,0.5702944
7/7/7/4/5/3/3/3/3 3 3,Z,2.4,2,BLOCK,Z,1.201873,0.7886891
7/7/7/6/1/3/3/3/3 3 3,X,-1.5,2,BLOCK,X,0.9552583,0.4201483
7/7/7/4/5/3/3/7/4 3 3,Z,2.20,0,BLOCK,Z,0.4217867,0.6009015
7/7/7/6/1/3/3/7/4 3 3,X,-2.0,0,BLOCK,X,0.9693239,0.5739
7/7/7/4/5/3/3/7/2 3 3,Z,2.20,0,BLOCK,Z,0.5101799,0.6511344
7/7/7/6/1/3/3/7/2 3 3,X,-1.75,2,BLOCK,X,0.9475709,0.6433997
7/7/7/4/5/3/3/7/1 3 3,Z,2.20,0,BLOCK,Z,0.4974184,0.6113648
7/7/7/6/1/3/3/7/1 3 3,X,-1.5,0,BLOCK,X,0.478865,0.4970948
7/7/7/4/5/3/7/2/6 3 3,Z,2.20,0,BLOCK,Z,0.4389034,0.6777533
7/7/7/6/1/3/7/2/6 3 3,X,-2.25,0,BLOCK,X,0.9564686,0.8127743
7/7/7/4/5/3/7/2/5 3 3,Z,2.20,0,BLOCK,Z,0.3721011,0.6200198
7/7/7/6/1/3/7/2/5 3 3,X,-2,0,BLOCK,X,1.123942,0.6514759
7/7/7/4/5/3/7/2/3 3 3,Z,2.20,0,BLOCK,Z,0.4896582,0.6154755
7/7/7/6/1/3/7/2/3 3 3,X,-1.75,2,BLOCK,X,1.002891,0.5785895
7/7/7/4/5/3/7/6/4 3 3,Z,2,0,BLOCK,Z,0.7162283,0.7476944
7/7/7/6/1/3/7/6/4 3 3,X,-2.25,0,BLOCK,X,0.8040205,0.8113112
7/7/7/6/5/3/7/4/4 3 3,Z,2,0,BLOCK,Z,0.2305886,0.3786187
7/7/7/4/5/3/7/6/2 3 3,Z,2,2,BLOCK,Z,1.330916,0.9173
7/7/7/6/1/3/7/6/2 3 3,X,-2,0,BLOCK,X,0.7714684,0.7441365
7/7/7/6/5/3/7/4/2 3 3,Z,2,0,BLOCK,Z,0.1899113,0.3115932
7/7/7/4/5/3/7/6/1 3 3,Z,2,0,BLOCK,Z,0.4934732,0.6832562
7/7/7/6/1/3/7/6/1 3 3,X,-1.75,0,BLOCK,X,0.7268503,0.6623437
7/7/7/6/5/3/7/4/1 3 3,Z,2,0,BLOCK,Z,0.2273881,0.3317329
7/7/7/4/5/3/7/5/4 3 3,Z,2.20,2,BLOCK,Z,1.312021,0.8024806
7/7/7/6/1/3/7/5/4 3 3,X,-2.25,0,BLOCK,X,0.7534132,0.8816072
7/7/7/6/5/3/7/1/4 3 3,Z,-2,2,BLOCK,Z,1.580026,0.9451516
7/7/7/4/5/3/7/5/2 3 3,Z,2.20,0,BLOCK,Z,0.6990707,0.714848
7/7/7/6/1/3/7/5/2 3 3,X,-2,0,BLOCK,X,0.7751324,0.8732327
7/7/7/6/5/3/7/1/2 3 3,Z,-2,0,BLOCK,Z,0.2034395,0.1706175
7/7/7/4/5/3/7/5/1 3 3,Z,2.20,0,BLOCK,Z,0.5855193,0.6723683
7/7/7/6/1/3/7/5/1 3 3,X,-1.75,0,BLOCK,X,0.7588317,0.7122498
7/7/7/6/5/3/7/1/1 3 3,Z,-2,0,BLOCK,Z,0.3219945,0.381012
7/7/7/4/5/3/7/3/4 3 3,Z,2.4,0,BLOCK,Z,0.5281107,0.6426266
7/7/7/6/1/3/7/3/4 3 3,X,-2.25,0,BLOCK,X,1.106872,0.7982717
7/7/7/4/5/3/7/3/2 3 3,Z,2.4,0,BLOCK,Z,0.4746222,0.5663527
7/7/7/6/1/3/7/3/2 3 3,X,-2,0,BLOCK,X,0.7829262,0.8321002
7/7/7/4/5/3/7/3/1 3 3,Z,2.4,0,BLOCK,Z,0.5818542,0.6483678
7/7/7/6/1/3/7/3/1 3 3,X,-1.75,0,BLOCK,X,0.6641216,0.7341241
7/7/7/4/5/7/2/2/7 3 3,Z,2,0,BLOCK,Z,0.5575287,0.5191271
7/7/7/6/1/7/2/2/7 3 3,X,-2,0,BLOCK,X,0.2012083,0.3644256
7/7/7/4/5/7/2/6/6 3 3,Z,1.80,2,BLOCK,Z,0.9129158,0.5262978
7/7/7/6/1/7/2/6/6 3 3,X,-2.25,0,BLOCK,X,0.3664084,0.6134651
7/7/7/6/5/7/2/4/6 3 3,Z,2,0,BLOCK,Z,0.07751157,0.1703618
7/7/7/4/5/7/2/6/5 3 3,Z,1.80,0,BLOCK,Z,0.5473665,0.5459841
7/7/7/6/1/7/2/6/5 3 3,X,-2,0,BLOCK,X,1.046646,0.8371266
7/7/7/6/5/7/2/4/5 3 3,Z,2,0,BLOCK,Z,1.677963,1.054011
7/7/7/4/5/7/2/6/3 3 3,Z,1.80,0,BLOCK,Z,0.5817539,0.4913569
7/7/7/6/1/7/2/6/3 3 3,X,-1.75,0,BLOCK,X,0.4803829,0.5320697
7/7/7/6/5/7/2/4/3 3 3,Z,2,0,BLOCK,Z,0.1767072,0.2999764
7/7/7/4/5/7/2/5/6 3 3,Z,2,0,BLOCK,Z,0.404705,0.559857
7/7/7/6/1/7/2/5/6 3 3,X,-2.25,0,BLOCK,X,1.164034,0.828778
7/7/7/6/5/7/2/1/6 3 3,Z,-2,0,BLOCK,Z,1.689671,0.9927006
7/7/7/4/5/7/2/5/5 3 3,Z,2,0,BLOCK,Z,0.5353981,0.5263678
7/7/7/6/1/7/2/5/5 3 3,X,-2,0,BLOCK,X,0.4141517,0.6386634
7/7/7/6/5/7/2/1/5 3 3,Z,-2,0,BLOCK,Z,1.66987,1.009372
7/7/7/4/5/7/2/5/3 3 3,Z,2,0,BLOCK,Z,0.5524105,0.5481147
7/7/7/6/1/7/2/5/3 3 3,X,-1.75,2,BLOCK,X,1.298588,0.7792574
7/7/7/6/5/7/2/1/3 3 3,Z,-2,0,BLOCK,Z,1.634517,0.9836433
7/7/7/4/5/7/2/3/6 3 3,Z,2.20,0,BLOCK,Z,0.5057324,0.5511171
7/7/7/6/1/7/2/3/6 3 3,X,-2.25,0,BLOCK,X,0.6150772,0.7611858
7/7/7/4/5/7/2/3/5 3 3,Z,2.20,0,BLOCK,Z,0.6254982,0.607172
7/7/7/6/1/7/2/3/5 3 3,X,-2,0,BLOCK,X,0.7194587,0.5962973
7/7/7/4/5/7/2/3/3 3 3,Z,2.20,2,BLOCK,Z,1.061394,0.6395
7/7/7/6/1/7/2/3/3 3 3,X,-1.75,0,BLOCK,X,0.3197393,0.4695444
7/7/7/4/5/7/2/7/4 3 3,Z,2,0,BLOCK,Z,0.4426663,0.5459584
7/7/7/6/1/7/2/7/4 3 3,X,-2.25,0,BLOCK,X,0.6010628,0.7490311
7/7/7/4/5/7/2/7/2 3 3,Z,2,0,BLOCK,Z,0.3856559,0.5144012
7/7/7/6/1/7/2/7/2 3 3,X,-2,0,BLOCK,X,1.089284,0.8037744
7/7/7/4/5/7/2/7/1 3 3,Z,2,0,BLOCK,Z,0.7458251,0.5126935
7/7/7/6/1/7/2/7/1 3 3,X,-1.75,0,BLOCK,X,0.5701249,0.6307598
7/7/7/4/5/7/6/2/6 3 3,Z,2,0,BLOCK,Z,0.6046427,0.4560042
7/7/7/6/1/7/6/2/6 3 3,X,-2.5,0,BLOCK,X,0.5017774,0.696949
7/7/7/6/5/7/4/2/6 3 3,X,1.3333333333333333333333333334,0,BLOCK,X,0.3041287,0.4100932
7/7/7/4/5/7/6/2/5 3 3,Z,2,2,BLOCK,Z,1.019399,0.5681304
7/7/7/6/1/7/6/2/5 3 3,X,-2.25,0,BLOCK,X,1.311993,0.8551465
7/7/7/6/5/7/4/2/5 3 3,X,2,0,BLOCK,X,0.3833201,0.5687112
7/7/7/6/5/7/6/2/1 3 3,X,1,2,BLOCK,X,1.403978,0.8124964
7/7/7/4/5/7/6/2/3 3 3,Z,2,2,BLOCK,Z,1.024615,0.6307041
7/7/7/6/1/7/6/2/3 3 3,X,-2,0,BLOCK,X,0.5487775,0.7008638
7/7/7/6/5/7/4/2/3 3 3,X,2.6666666666666666666666666666,0,BLOCK,X,0.5478967,0.7562242
7/7/7/4/5/7/6/6/4 3 3,Z,1.80,0,BLOCK,Z,0.4138966,0.4928142
7/7/7/6/1/7/6/6/4 3 3,X,-2.5,0,BLOCK,X,0.4996663,0.7621831
7/7/7/6/5/7/4/6/4 3 3,X,1.3333333333333333333333333334,0,BLOCK,X,0.2605964,0.3548749
7/7/7/6/5/7/6/4/4 3 3,Z,2,0,BLOCK,Z,0.2825972,0.3793621
7/7/7/4/5/7/6/6/2 3 3,Z,1.80,2,BLOCK,Z,0.9818435,0.5359722
7/7/7/6/1/7/6/6/2 3 3,X,-2.25,0,BLOCK,X,0.5544111,0.5687216
7/7/7/6/5/7/4/6/2 3 3,X,2,0,BLOCK,X,0.1684004,0.4918933
7/7/7/6/5/7/6/4/2 3 3,Z,2,0,BLOCK,Z,0.2881259,0.3627762
7/7/7/4/5/7/6/6/1 3 3,Z,1.80,0,BLOCK,Z,0.3773037,0.4529117
7/7/7/6/1/7/6/6/1 3 3,X,-2,0,BLOCK,X,0.4803833,0.7368842
7/7/7/6/5/7/4/6/1 3 3,X,2.6666666666666666666666666666,0,BLOCK,X,0.3235339,0.5295873
7/7/7/6/5/7/6/4/1 3 3,Z,2,0,BLOCK,Z,1.718148,1.011992
7/7/7/4/5/7/6/5/4 3 3,Z,2,0,BLOCK,Z,0.6914818,0.5755267
7/7/7/6/1/7/6/5/4 3 3,X,-2.5,0,BLOCK,X,0.5708473,0.7201157
7/7/7/6/5/7/4/5/4 3 3,X,1.3333333333333333333333333334,0,BLOCK,X,0.3383711,0.3848952
7/7/7/6/5/7/6/1/4 3 3,Z,-2,0,BLOCK,Z,0.400003,0.4175272
7/7/7/4/5/7/6/5/2 3 3,Z,2,2,BLOCK,Z,1.018641,0.5948626
7/7/7/6/1/7/6/5/2 3 3,X,-2.25,0,BLOCK,X,1.20544,0.9218329
7/7/7/6/5/7/4/5/2 3 3,X,2,0,BLOCK,X,0.5397615,0.6460272
7/7/7/6/5/7/6/1/2 3 3,Z,-2,0,BLOCK,Z,0.1381439,0.1780993
7/7/7/4/5/7/6/5/1 3 3,Z,2,2,BLOCK,Z,1.047375,0.6218169
7/7/7/6/1/7/6/5/1 3 3,X,-2,0,BLOCK,X,0.5354323,0.7445603
7/7/7/6/5/7/4/5/1 3 3,X,2.6666666666666666666666666666,0,BLOCK,X,0.4064505,0.5998774
7/7/7/6/5/7/6/1/1 3 3,Z,-2,0,BLOCK,Z,1.735445,1.029563
7/7/7/4/5/7/6/3/4 3 3,Z,2.20,0,BLOCK,Z,0.2993988,0.445644
7/7/7/6/1/7/6/3/4 3 3,X,-2.5,0,BLOCK,X,0.5542882,0.7137587
7/7/7/6/5/7/4/3/4 3 3,X,1.3333333333333333333333333334,0,BLOCK,X,0.3401058,0.3463408
7/7/7/4/5/7/6/3/2 3 3,Z,2.20,0,BLOCK,Z,0.8683758,0.6465785
7/7/7/6/1/7/6/3/2 3 3,X,-2.25,0,BLOCK,X,1.308625,0.8985859
7/7/7/6/5/7/4/3/2 3 3,X,2,0,BLOCK,X,0.3734736,0.64575
7/7/7/4/5/7/6/3/1 3 3,Z,2.20,0,BLOCK,Z,0.5416122,0.5432204
7/7/7/6/1/7/6/3/1 3 3,X,-2,0,BLOCK,X,0.4580466,0.7506478
7/7/7/6/5/7/4/3/1 3 3,X,2.6666666666666666666666666666,0,BLOCK,X,0.5001255,0.6998672
7/7/7/4/5/7/5/2/6 3 3,Z,2,0,BLOCK,Z,0.6754241,0.5890398
7/7/7/6/1/7/5/2/6 3 3,X,-2.25,0,BLOCK,X,0.5281218,0.7236161
7/7/7/6/5/7/1/2/6 3 3,X,-2.6666666666666666666666666666,0,BLOCK,X,0.4465863,0.785746
7/7/7/4/5/7/5/2/5 3 3,Z,2,2,BLOCK,Z,1.004655,0.5392518
7/7/7/6/1/7/5/2/5 3 3,X,-2,0,BLOCK,X,0.6491212,0.6240905
7/7/7/6/5/7/1/2/5 3 3,X,-2,2,BLOCK,X,1.299633,0.7979628
7/7/7/4/5/7/5/2/3 3 3,Z,2,2,BLOCK,Z,1.032919,0.6309967
7/7/7/6/1/7/5/2/3 3 3,X,-1.75,0,BLOCK,X,0.7801177,0.5529838
7/7/7/6/5/7/1/2/3 3 3,X,-1.3333333333333333333333333334,0,BLOCK,X,0.5129924,0.5990738
7/7/7/4/5/7/5/6/4 3 3,Z,1.80,0,BLOCK,Z,0.6003758,0.6016892
7/7/7/6/1/7/5/6/4 3 3,X,-2.25,0,BLOCK,X,0.8223367,0.7798827
7/7/7/6/5/7/1/6/4 3 3,X,-2.6666666666666666666666666666,0,BLOCK,X,0.3592705,0.5708494
7/7/7/6/5/7/5/4/4 3 3,Z,2,0,BLOCK,Z,0.2686197,0.3789315
7/7/7/4/5/7/5/6/2 3 3,Z,1.80,0,BLOCK,Z,0.436302,0.5634758
7/7/7/6/1/7/5/6/2 3 3,X,-2,0,BLOCK,X,0.9000191,0.7105006
7/7/7/6/5/7/1/6/2 3 3,X,-2,0,BLOCK,X,0.2759699,0.5121889
7/7/7/6/5/7/5/4/2 3 3,Z,2,0,BLOCK,Z,1.725586,1.02432
7/7/7/4/5/7/5/6/1 3 3,Z,1.80,0,BLOCK,Z,0.7195935,0.6093017
7/7/7/6/1/7/5/6/1 3 3,X,-1.75,0,BLOCK,X,0.9309328,0.6297579
7/7/7/6/5/7/1/6/1 3 3,X,-1.3333333333333333333333333334,0,BLOCK,X,1.060656,0.7189049
7/7/7/6/5/7/5/4/1 3 3,Z,2,0,BLOCK,Z,0.2610903,0.3697998
7/7/7/4/5/7/5/5/4 3 3,Z,2,0,BLOCK,Z,0.661887,0.4906574
7/7/7/6/1/7/5/5/4 3 3,X,-2.25,0,BLOCK,X,0.6209375,0.6468822
7/7/7/6/5/7/1/5/4 3 3,X,-2.6666666666666666666666666666,0,BLOCK,X,0.1934062,0.4189104
7/7/7/6/5/7/5/1/4 3 3,Z,-2,0,BLOCK,Z,0.3054928,0.3392549
7/7/7/4/5/7/5/5/2 3 3,Z,2,0,BLOCK,Z,0.7180054,0.5521907
7/7/7/6/1/7/5/5/2 3 3,X,-2,2,BLOCK,X,1.082216,0.708569
7/7/7/6/5/7/1/5/2 3 3,X,-2,0,BLOCK,X,0.1808024,0.5368904
7/7/7/6/5/7/5/1/2 3 3,Z,-2,2,BLOCK,Z,1.56133,0.9310895
7/7/7/4/5/7/5/5/1 3 3,Z,2,2,BLOCK,Z,1.06021,0.556218
7/7/7/6/1/7/5/5/1 3 3,X,-1.75,0,BLOCK,X,0.8292558,0.6852576
7/7/7/6/5/7/1/5/1 3 3,X,-1.3333333333333333333333333334,0,BLOCK,X,0.1385854,0.2718349
7/7/7/6/5/7/5/1/1 3 3,Z,-2,0,BLOCK,Z,0.07256833,0.1513798
7/7/7/4/5/7/5/3/4 3 3,Z,2.20,0,BLOCK,Z,0.8406888,0.5983689
7/7/7/6/1/7/5/3/4 3 3,X,-2.25,0,BLOCK,X,0.6463432,0.7136756
7/7/7/6/5/7/1/3/4 3 3,X,-2.6666666666666666666666666666,2,BLOCK,X,1.706221,1.028934
7/7/7/4/5/7/5/3/2 3 3,Z,2.20,0,BLOCK,Z,0.7064091,0.6856995
7/7/7/6/1/7/5/3/2 3 3,X,-2,0,BLOCK,X,0.9358425,0.7310731
7/7/7/6/5/7/1/3/2 3 3,X,-2,0,BLOCK,X,0.248108,0.4911267
7/7/7/4/5/7/5/3/1 3 3,Z,2.20,0,BLOCK,Z,0.5179526,0.6384413
7/7/7/6/1/7/5/3/1 3 3,X,-1.75,0,BLOCK,X,0.8502485,0.6073214
7/7/7/6/5/7/1/3/1 3 3,X,-1.3333333333333333333333333334,0,BLOCK,X,0.1899778,0.3060222
7/7/7/4/5/7/3/2/6 3 3,Z,2,2,BLOCK,Z,1.00332,0.607079
7/7/7/6/1/7/3/2/6 3 3,X,-2,0,BLOCK,X,0.6633774,0.7654464
7/7/7/6/5/7/3/2/4 3 3,X,-1,2,BLOCK,X,1.377264,0.9424473
7/7/7/4/5/7/3/2/5 3 3,Z,2,0,BLOCK,Z,0.4232955,0.5365848
7/7/7/6/1/7/3/2/5 3 3,X,-1.75,0,BLOCK,X,0.2810793,0.4788335
7/7/7/4/5/7/3/2/3 3 3,Z,2,0,BLOCK,Z,0.6229794,0.546709
7/7/7/6/1/7/3/2/3 3 3,X,-1.5,2,BLOCK,X,0.9950526,0.5334983
7/7/7/4/5/7/3/6/4 3 3,Z,1.80,0,BLOCK,Z,0.3931402,0.567906
7/7/7/6/1/7/3/6/4 3 3,X,-2,2,BLOCK,X,1.162584,0.7069039
7/7/7/6/5/7/3/4/4 3 3,Z,2,0,BLOCK,Z,1.125296,0.5635292
7/7/7/4/5/7/3/6/2 3 3,Z,1.80,0,BLOCK,Z,0.3837097,0.5527717
7/7/7/6/1/7/3/6/2 3 3,X,-1.75,0,BLOCK,X,0.5372765,0.6223419
7/7/7/6/5/7/3/4/2 3 3,Z,2,0,BLOCK,Z,0.1770506,0.2857544
7/7/7/4/5/7/3/6/1 3 3,Z,1.80,0,BLOCK,Z,0.668598,0.4899702
7/7/7/6/1/7/3/6/1 3 3,X,-1.5,0,BLOCK,X,0.4642676,0.4382009
7/7/7/6/5/7/3/4/1 3 3,Z,2,0,BLOCK,Z,0.4454156,0.5387911
7/7/7/4/5/7/3/5/4 3 3,Z,2,0,BLOCK,Z,0.6311207,0.5392914
7/7/7/6/1/7/3/5/4 3 3,X,-2,0,BLOCK,X,0.5722803,0.7256997
7/7/7/6/5/7/3/1/4 3 3,Z,-2,0,BLOCK,Z,1.676782,1.01101
7/7/7/4/5/7/3/5/2 3 3,Z,2,0,BLOCK,Z,0.434177,0.5320987
7/7/7/6/1/7/3/5/2 3 3,X,-1.75,0,BLOCK,X,0.9658005,0.6186392
7/7/7/6/5/7/3/1/2 3 3,Z,-2,2,BLOCK,Z,1.56336,0.9278713
7/7/7/4/5/7/3/5/1 3 3,Z,2,2,BLOCK,Z,1.054334,0.5782219
7/7/7/6/1/7/3/5/1 3 3,X,-1.5,2,BLOCK,X,0.9799604,0.5085369
7/7/7/6/5/7/3/1/1 3 3,Z,-2,0,BLOCK,Z,0.3950741,0.4570519
7/7/7/4/5/7/3/3/4 3 3,Z,2.20,0,BLOCK,Z,0.6300488,0.5921588
7/7/7/6/1/7/3/3/4 3 3,X,-2,0,BLOCK,X,0.5101841,0.6215308
7/7/7/4/5/7/3/3/2 3 3,Z,2.20,0,BLOCK,Z,0.6717749,0.5236185
7/7/7/6/1/7/3/3/2 3 3,X,-1.75,0,BLOCK,X,0.6583287,0.5629665
7/7/7/4/5/7/3/3/1 3 3,Z,2.20,0,BLOCK,Z,0.4528641,0.6729547
7/7/7/6/1/7/3/3/1 3 3,X,-1.5,0,BLOCK,X,0.3311173,0.4462206
7/7/7/4/5/7/7/2/4 3 3,Z,2,0,BLOCK,Z,0.5149556,0.6230826
7/7/7/6/1/7/7/2/4 3 3,X,-2.25,0,BLOCK,X,0.5431845,0.6417034
7/7/7/4/5/7/7/2/2 3 3,Z,2,2,BLOCK,Z,1.09089,0.6204091
7/7/7/6/1/7/7/2/2 3 3,X,-2,0,BLOCK,X,0.5455713,0.7970973
7/7/7/4/5/7/7/2/1 3 3,Z,2,2,BLOCK,Z,1.075312,0.6625933
7/7/7/6/1/7/7/2/1 3 3,X,-1.75,0,BLOCK,X,0.419683,0.6073137
7/7/7/4/3/2/2/7/7 3 3,Z,2,2,BLOCK,Z,0.9995309,0.5697603
7/7/7/4/3/2/6/6/7 3 3,Z,1.80,0,BLOCK,Z,0.3924479,0.3643188
7/7/7/6/3/2/4/6/7 3 3,X,2,0,BLOCK,X,0.7667799,0.6373335
7/7/7/6/3/2/6/4/7 3 3,Z,2,0,BLOCK,Z,0.38178,0.3715594
7/7/7/4/3/2/6/5/7 3 3,Z,2,2,BLOCK,Z,1.014139,0.6337477
7/7/7/6/2/2/6/5/7 3 3,Z,0.5,302,TIMEOUT,Z,0.002413879,0.001495188
7/7/7/6/3/2/4/5/7 3 3,X,2,0,BLOCK,X,0.6202034,0.7617123
7/7/7/6/3/2/6/1/7 3 3,Z,-2,0,BLOCK,Z,0.6899465,0.6763814
7/7/7/4/3/2/6/3/7 3 3,Z,2.20,0,BLOCK,Z,0.09910694,0.171377
7/7/7/6/3/2/4/3/7 3 3,X,2,0,BLOCK,X,0.7183539,0.7248324
7/7/7/4/3/2/6/7/6 3 3,Z,2,0,BLOCK,Z,0.3287118,0.3508175
7/7/7/6/3/2/4/7/6 3 3,X,1.6,0,BLOCK,X,0.7876815,0.610395
7/7/7/4/3/2/6/7/5 3 3,Z,2,0,BLOCK,Z,0.4113367,0.3782694
7/7/7/6/3/2/4/7/5 3 3,X,2,0,BLOCK,X,0.7505707,0.6749057
7/7/7/4/3/2/6/7/3 3 3,Z,2,0,BLOCK,Z,0.1676152,0.2375512
7/7/7/6/3/2/4/7/3 3 3,X,2.4,0,BLOCK,X,1.546151,1.035794
7/7/7/4/3/2/5/6/7 3 3,Z,1.80,0,BLOCK,Z,0.2864456,0.3927594
7/7/7/6/3/2/1/6/7 3 3,X,-2,0,BLOCK,X,0.9549502,0.7253155
7/7/7/6/3/2/5/4/7 3 3,Z,2,2,BLOCK,Z,1.616345,1.017035
7/7/7/4/3/2/5/5/7 3 3,Z,2,0,BLOCK,Z,0.3087004,0.1690195
7/7/7/6/3/2/1/5/7 3 3,X,-2,2,BLOCK,X,1.358005,0.8713904
7/7/7/6/3/2/5/1/7 3 3,Z,-2,0,BLOCK,Z,0.3242372,0.2865245
7/7/7/4/3/2/5/3/7 3 3,Z,2.20,2,BLOCK,Z,1.057249,0.6375301
7/7/7/6/3/2/1/3/7 3 3,X,-2,0,BLOCK,X,0.7051811,0.7872613
7/7/7/4/3/2/5/7/6 3 3,Z,2,0,BLOCK,Z,0.08395053,0.1471148
7/7/7/6/2/2/5/7/6 3 3,Z,0.5,302,TIMEOUT,Z,0.006037608,0.00424347
7/7/7/6/3/2/1/7/6 3 3,X,-2.4,0,BLOCK,X,1.57898,1.089042
7/7/7/4/3/2/5/7/5 3 3,Z,2,0,BLOCK,Z,0.1946881,0.2152287
7/7/7/6/3/2/1/7/5 3 3,X,-2,0,BLOCK,X,0.8353476,0.7982957
7/7/7/4/3/2/5/7/3 3 3,Z,2,2,BLOCK,Z,0.9817461,0.5763276
7/7/7/6/3/2/1/7/3 3 3,X,-1.6,0,BLOCK,X,0.3878927,0.5868517
7/7/7/4/3/2/3/6/7 3 3,Z,1.80,0,BLOCK,Z,0.3335981,0.378718
7/7/7/6/3/2/3/4/7 3 3,Z,2,0,BLOCK,Z,0.4015977,0.3972568
7/7/7/4/3/2/3/5/7 3 3,Z,2,0,BLOCK,Z,0.4479885,0.4575791
7/7/7/6/3/2/3/1/7 3 3,Z,-2,0,BLOCK,Z,0.9277377,0.5658519
7/7/7/4/3/2/3/3/7 3 3,Z,2.20,0,BLOCK,Z,0.110716,0.1434492
7/7/7/4/3/2/3/7/6 3 3,Z,2,0,BLOCK,Z,0.1985087,0.2184113
7/7/7/4/3/2/3/7/5 3 3,Z,2,0,BLOCK,Z,0.1756963,0.199899
7/7/7/4/3/2/3/7/3 3 3,Z,2,0,BLOCK,Z,0.3063727,0.2725873
7/7/7/4/3/2/7/2/7 3 3,Z,2,2,BLOCK,Z,1.344365,0.6966527
7/7/7/4/3/2/7/6/6 3 3,Z,1.80,0,BLOCK,Z,0.5132157,0.5665058
7/7/7/6/3/2/7/4/6 3 3,Z,2,0,BLOCK,Z,0.5320569,0.5816102
7/7/7/4/3/2/7/6/5 3 3,Z,1.80,0,BLOCK,Z,0.2466732,0.3567763
7/7/7/6/3/2/7/4/5 3 3,Z,2,0,BLOCK,Z,0.5769654,0.6360403
7/7/7/4/3/2/7/6/3 3 3,Z,1.80,0,BLOCK,Z,0.5503011,0.5529782
7/7/7/6/3/2/7/4/3 3 3,Z,2,0,BLOCK,Z,0.5609975,0.5847269
7/7/7/4/3/2/7/5/6 3 3,Z,2,0,BLOCK,Z,0.1815147,0.2322806
7/7/7/6/3/2/7/1/6 3 3,Z,-2,0,BLOCK,Z,0.2779469,0.3630686
7/7/7/4/3/2/7/5/5 3 3,Z,2,0,BLOCK,Z,0.4884908,0.4325176
7/7/7/6/3/2/7/1/5 3 3,Z,-2,0,BLOCK,Z,0.2582009,0.2850167
7/7/7/4/3/2/7/5/3 3 3,Z,2,0,BLOCK,Z,0.1449713,0.2154084
7/7/7/6/3/2/7/1/3 3 3,Z,-2,0,BLOCK,Z,0.2806193,0.2682839
7/7/7/4/3/2/7/3/6 3 3,Z,2.20,0,BLOCK,Z,0.3079306,0.277307
7/7/7/4/3/2/7/3/5 3 3,Z,2.20,0,BLOCK,Z,0.1878231,0.1648933
7/7/7/4/3/2/7/3/3 3 3,Z,2.20,2,BLOCK,Z,1.077841,0.6354936
7/7/7/4/3/2/7/7/4 3 3,Z,2,0,BLOCK,Z,0.1548106,0.2025173
7/7/7/4/3/2/7/7/2 3 3,Z,2,0,BLOCK,Z,0.1414099,0.2166879
7/7/7/4/3/2/7/7/1 3 3,Z,2,0,BLOCK,Z,0.4622905,0.4878554
7/7/7/4/3/6/2/6/7 3 3,Z,1.6,0,BLOCK,Z,0.2575704,0.3255534
7/7/7/6/3/4/2/6/7 3 3,Z,1.6666666666666666666666666666,0,BLOCK,Z,0.5528376,0.6449811
7/7/7/6/3/6/2/4/7 3 3,Z,2,0,BLOCK,Z,1.032696,0.6029365
7/7/7/4/3/6/2/5/7 3 3,Z,1.80,2,BLOCK,Z,0.8863714,0.4232142
7/7/7/6/3/4/2/5/7 3 3,Z,2,0,BLOCK,Z,0.6572057,0.8028433
7/7/7/6/3/6/2/1/7 3 3,Z,-2,0,BLOCK,Z,0.3427568,0.3658395
7/7/7/4/3/6/2/3/7 3 3,Z,2,0,BLOCK,Z,0.4922214,0.4090557
7/7/7/6/3/4/2/3/7 3 3,Z,2.3333333333333333333333333334,0,BLOCK,Z,0.587459,0.7463752
7/7/7/4/3/6/2/7/6 3 3,Z,1.80,2,BLOCK,Z,0.8984222,0.5254111
7/7/7/6/3/4/2/7/6 3 3,Z,2,2,BLOCK,Z,1.087991,0.7897425
7/7/7/4/3/6/2/7/5 3 3,Z,1.80,0,BLOCK,Z,0.1747493,0.261335
7/7/7/6/3/4/2/7/5 3 3,Z,2,0,BLOCK,Z,0.6232457,0.8160349
7/7/7/4/3/6/2/7/3 3 3,Z,1.80,0,BLOCK,Z,0.276407,0.4208399
7/7/7/6/3/4/2/7/3 3 3,Z,2,0,BLOCK,Z,1.201507,0.8022408
7/7/7/4/3/6/6/2/7 3 3,Z,1.80,0,BLOCK,Z,0.4821959,0.490866
7/7/7/6/3/4/6/2/7 3 3,Z,2,0,BLOCK,Z,1.107792,0.7326501
7/7/7/6/3/6/4/2/7 3 3,X,2,0,BLOCK,X,0.6234715,0.6742308
7/7/7/4/3/6/6/6/6 3 3,Z,1.6,0,BLOCK,Z,0.3045632,0.2522619
7/7/7/6/3/4/6/6/6 3 3,Z,1.6666666666666666666666666666,0,BLOCK,Z,0.6312327,0.6707392
7/7/7/6/3/6/4/6/6 3 3,X,1.5,0,BLOCK,X,0.3769207,0.4000417
7/7/7/6/3/6/6/4/6 3 3,Z,2,0,BLOCK,Z,0.3972997,0.5899847
7/7/7/4/3/6/6/6/5 3 3,Z,1.6,2,BLOCK,Z,0.8883548,0.535562
7/7/7/6/3/4/6/6/5 3 3,Z,1.6666666666666666666666666666,0,BLOCK,Z,1.110739,0.9089072
7/7/7/6/3/6/4/6/5 3 3,X,2,0,BLOCK,X,0.6125247,0.6677079
7/7/7/6/3/6/6/4/5 3 3,Z,2,0,BLOCK,Z,0.2830689,0.3338919
7/7/7/4/3/6/6/6/3 3 3,Z,1.6,0,BLOCK,Z,0.3891445,0.4852651
7/7/7/6/3/4/6/6/3 3 3,Z,1.6666666666666666666666666666,0,BLOCK,Z,0.8313619,0.7358217
7/7/7/6/3/6/4/6/3 3 3,X,2.5,2,BLOCK,X,1.549761,0.901471
7/7/7/6/3/6/6/4/3 3 3,Z,2,0,BLOCK,Z,0.2168494,0.2572922
7/7/7/4/3/6/6/5/6 3 3,Z,1.80,0,BLOCK,Z,0.1587003,0.1947553
7/7/7/6/3/4/6/5/6 3 3,Z,2,0,BLOCK,Z,0.708581,0.9010901
7/7/7/6/3/6/4/5/6 3 3,X,1.5,0,BLOCK,X,0.3813907,0.2994042
7/7/7/6/3/6/6/1/6 3 3,Z,-2,0,BLOCK,Z,0.5729704,0.5879773
7/7/7/4/3/6/6/5/5 3 3,Z,1.80,0,BLOCK,Z,0.6640284,0.4776041
7/7/7/6/3/4/6/5/5 3 3,Z,2,0,BLOCK,Z,0.8936508,0.850243
7/7/7/6/3/6/4/5/5 3 3,X,2,0,BLOCK,X,1.358221,0.7718785
7/7/7/6/3/6/6/1/5 3 3,Z,-2,0,BLOCK,Z,1.048013,0.5216474
7/7/7/4/3/6/6/5/3 3 3,Z,1.80,0,BLOCK,Z,0.3887434,0.4912059
7/7/7/6/3/4/6/5/3 3 3,Z,2,0,BLOCK,Z,0.809595,0.8603429
7/7/7/6/3/6/4/5/3 3 3,X,2.5,0,BLOCK,X,0.8110114,0.5752958
7/7/7/6/3/6/6/1/3 3 3,Z,-2,2,BLOCK,Z,1.57938,0.9504147
7/7/7/4/3/6/6/3/6 3 3,Z,2,0,BLOCK,Z,0.5363818,0.4573328
7/7/7/6/3/4/6/3/6 3 3,Z,2.3333333333333333333333333334,0,BLOCK,Z,0.6134089,0.8037965
7/7/7/6/3/6/4/3/6 3 3,X,1.5,0,BLOCK,X,0.3185269,0.3295793
7/7/7/4/3/6/6/3/5 3 3,Z,2,2,BLOCK,Z,0.9741805,0.6295291
7/7/7/6/3/4/6/3/5 3 3,Z,2.3333333333333333333333333334,0,BLOCK,Z,1.445333,0.9589722
7/7/7/6/3/6/4/3/5 3 3,X,2,0,BLOCK,X,0.7584921,0.7132062
7/7/7/4/3/6/6/3/3 3 3,Z,2,2,BLOCK,Z,0.9676898,0.6342735
7/7/7/6/3/4/6/3/3 3 3,Z,2.3333333333333333333333333334,0,BLOCK,Z,1.531925,0.9929731
7/7/7/6/3/6/4/3/3 3 3,X,2.5,0,BLOCK,X,1.549809,1.087685
7/7/7/4/3/6/6/7/4 3 3,Z,1.80,0,BLOCK,Z,0.6195418,0.5648025
7/7/7/6/3/4/6/7/4 3 3,Z,2,0,BLOCK,Z,0.8609924,0.8367684
7/7/7/6/3/6/4/7/4 3 3,X,1.5,0,BLOCK,X,0.7743585,0.6407259
7/7/7/4/3/6/6/7/2 3 3,Z,1.80,0,BLOCK,Z,0.5269523,0.576555
7/7/7/6/3/4/6/7/2 3 3,Z,2,0,BLOCK,Z,0.682762,1.051916
7/7/7/6/3/6/4/7/2 3 3,X,2,0,BLOCK,X,1.576076,0.9109442
7/7/7/4/3/6/6/7/1 3 3,Z,1.80,0,BLOCK,Z,0.3817802,0.4474472
7/7/7/6/3/4/6/7/1 3 3,Z,2,0,BLOCK,Z,0.944913,0.8560511
7/7/7/6/3/6/4/7/1 3 3,X,2.5,0,BLOCK,X,0.386633,0.5404961
7/7/7/4/3/6/5/2/7 3 3,Z,1.80,2,BLOCK,Z,0.8697364,0.5377043
7/7/7/6/3/4/5/2/7 3 3,Z,2,0,BLOCK,Z,0.6075461,0.7450204
7/7/7/6/3/6/1/2/7 3 3,X,-2,0,BLOCK,X,0.7098685,0.8183154
7/7/7/4/3/6/5/6/6 3 3,Z,1.6,2,BLOCK,Z,0.8404984,0.5751699
7/7/7/6/3/4/5/6/6 3 3,Z,1.6666666666666666666666666666,0,BLOCK,Z,0.6312534,0.7051404
7/7/7/6/3/6/1/6/6 3 3,X,-2.5,0,BLOCK,X,0.6145438,0.8116571
7/7/7/6/3/6/5/4/6 3 3,Z,2,0,BLOCK,Z,1.646027,1.067091
7/7/7/4/3/6/5/6/5 3 3,Z,1.6,0,BLOCK,Z,0.246307,0.3312291
7/7/7/6/3/4/5/6/5 3 3,Z,1.6666666666666666666666666666,0,BLOCK,Z,0.5929019,0.7433867
7/7/7/6/3/6/1/6/5 3 3,X,-2,2,BLOCK,X,1.316322,0.7686648
7/7/7/6/3/6/5/4/5 3 3,Z,2,0,BLOCK,Z,0.461533,0.6201724
7/7/7/4/3/6/5/6/3 3 3,Z,1.6,0,BLOCK,Z,0.4942961,0.4532307
7/7/7/6/3/4/5/6/3 3 3,Z,1.6666666666666666666666666666,0,BLOCK,Z,0.6903082,0.6715164
7/7/7/6/3/6/1/6/3 3 3,X,-1.5,0,BLOCK,X,0.3855866,0.5847232
7/7/7/6/3/6/5/4/3 3 3,Z,2,0,BLOCK,Z,1.69868,1.102645
7/7/7/4/3/6/5/5/6 3 3,Z,1.80,2,BLOCK,Z,0.8320303,0.5151595
7/7/7/6/3/4/5/5/6 3 3,Z,2,0,BLOCK,Z,1.100059,0.7690282
7/7/7/6/3/6/1/5/6 3 3,X,-2.5,0,BLOCK,X,1.574646,1.224137
7/7/7/6/3/6/5/1/6 3 3,Z,-2,0,BLOCK,Z,0.5472751,0.4237879
7/7/7/4/3/6/5/5/5 3 3,Z,1.80,0,BLOCK,Z,0.2988967,0.3490534
7/7/7/6/3/4/5/5/5 3 3,Z,2,0,BLOCK,Z,0.8214172,0.7771708
7/7/7/6/3/6/1/5/5 3 3,X,-2,0,BLOCK,X,0.641687,0.7658652
7/7/7/6/3/6/5/1/5 3 3,Z,-2,2,BLOCK,Z,1.573617,0.9519977
7/7/7/4/3/6/5/5/3 3 3,Z,1.80,0,BLOCK,Z,0.5714775,0.527397
7/7/7/6/3/4/5/5/3 3 3,Z,2,0,BLOCK,Z,1.062448,0.8433617
7/7/7/6/3/6/1/5/3 3 3,X,-1.5,0,BLOCK,X,0.3971972,0.5447607
7/7/7/6/3/6/5/1/3 3 3,Z,-2,0,BLOCK,Z,1.652512,0.9837793
7/7/7/4/3/6/5/3/6 3 3,Z,2,0,BLOCK,Z,0.4106626,0.4729189
7/7/7/6/3/4/5/3/6 3 3,Z,2.3333333333333333333333333334,0,BLOCK,Z,0.8283666,0.7725134
7/7/7/6/3/6/1/3/6 3 3,X,-2.5,0,BLOCK,X,0.7992956,0.8912464
7/7/7/4/3/6/5/3/5 3 3,Z,2,0,BLOCK,Z,0.4245073,0.4967241
7/7/7/6/3/4/5/3/5 3 3,Z,2.3333333333333333333333333334,2,BLOCK,Z,1.370592,0.8017633
7/7/7/6/3/6/1/3/5 3 3,X,-2,0,BLOCK,X,0.9866698,0.8145921
7/7/7/4/3/6/5/3/3 3 3,Z,2,0,BLOCK,Z,0.3074373,0.4234671
7/7/7/6/3/4/5/3/3 3 3,Z,2.3333333333333333333333333334,0,BLOCK,Z,0.6940369,0.8333068
7/7/7/6/3/6/1/3/3 3 3,X,-1.5,0,BLOCK,X,0.7151142,0.5829029
7/7/7/4/3/6/5/7/4 3 3,Z,1.80,0,BLOCK,Z,0.5045462,0.4421024
7/7/7/6/3/4/5/7/4 3 3,Z,2,0,BLOCK,Z,0.5815638,0.7750618
7/7/7/6/3/6/1/7/4 3 3,X,-2.5,0,BLOCK,X,1.723763,1.121271
7/7/7/4/3/6/5/7/2 3 3,Z,1.80,2,BLOCK,Z,0.9528631,0.5444052
7/7/7/6/3/4/5/7/2 3 3,Z,2,0,BLOCK,Z,0.7501441,0.8591716
7/7/7/6/3/6/1/7/2 3 3,X,-2,2,BLOCK,X,1.607598,1.109724
7/7/7/4/3/6/5/7/1 3 3,Z,1.80,2,BLOCK,Z,0.8982533,0.5490578
7/7/7/6/3/4/5/7/1 3 3,Z,2,0,BLOCK,Z,0.628293,0.8849502
7/7/7/6/3/6/1/7/1 3 3,X,-1.5,0,BLOCK,X,0.6923932,0.6637996
7/7/7/4/3/6/3/2/7 3 3,Z,1.80,2,BLOCK,Z,0.955096,0.4394773
7/7/7/6/3/4/3/2/7 3 3,Z,2,2,BLOCK,Z,1.180924,0.761631
7/7/7/4/3/6/3/6/6 3 3,Z,1.6,0,BLOCK,Z,0.2527041,0.4976555
7/7/7/6/3/4/3/6/6 3 3,Z,1.6666666666666666666666666666,0,BLOCK,Z,0.2224707,0.4751463
7/7/7/6/3/6/3/4/6 3 3,Z,2,0,BLOCK,Z,1.668632,1.09571
7/7/7/4/3/6/3/6/5 3 3,Z,1.6,0,BLOCK,Z,0.4650064,0.5726116
7/7/7/6/3/4/3/6/5 3 3,Z,1.6666666666666666666666666666,0,BLOCK,Z,0.5908344,0.7159414
7/7/7/6/3/6/3/4/5 3 3,Z,2,0,BLOCK,Z,0.2804589,0.3430638
7/7/7/4/3/6/3/6/3 3 3,Z,1.6,0,BLOCK,Z,0.374587,0.4566979
7/7/7/6/3/4/3/6/3 3 3,Z,1.6666666666666666666666666666,0,BLOCK,Z,0.5615869,0.6899429
7/7/7/6/3/6/3/4/3 3 3,Z,2,0,BLOCK,Z,0.2932678,0.4185295
7/7/7/4/3/6/3/5/6 3 3,Z,1.80,0,BLOCK,Z,0.6378006,0.4849348
7/7/7/6/3/4/3/5/6 3 3,Z,2,0,BLOCK,Z,0.5586541,0.7028601
7/7/7/6/3/6/3/1/6 3 3,Z,-2,0,BLOCK,Z,0.3405393,0.3041988
7/7/7/4/3/6/3/5/5 3 3,Z,1.80,0,BLOCK,Z,0.443304,0.4796803
7/7/7/6/3/4/3/5/5 3 3,Z,2,0,BLOCK,Z,0.8895684,0.8135381
7/7/7/6/3/6/3/1/5 3 3,Z,-2,0,BLOCK,Z,1.663792,1.010616
7/7/7/4/3/6/3/5/3 3 3,Z,1.80,0,BLOCK,Z,0.4310538,0.4921452
7/7/7/6/3/4/3/5/3 3 3,Z,2,2,BLOCK,Z,1.149924,0.8233469
7/7/7/6/3/6/3/1/3 3 3,Z,-2,2,BLOCK,Z,1.562609,0.9526408
7/7/7/4/3/6/3/3/6 3 3,Z,2,0,BLOCK,Z,0.3925417,0.5194665
7/7/7/6/3/4/3/3/6 3 3,Z,2.3333333333333333333333333334,0,BLOCK,Z,0.5869583,0.7563018
7/7/7/4/3/6/3/3/5 3 3,Z,2,0,BLOCK,Z,0.268826,0.576635
7/7/7/6/3/4/3/3/5 3 3,Z,2.3333333333333333333333333334,0,BLOCK,Z,0.5172092,0.6813599
7/7/7/4/3/6/3/3/3 3 3,Z,2,2,BLOCK,Z,0.9732562,0.4858969
7/7/7/6/3/4/3/3/3 3 3,Z,2.3333333333333333333333333334,2,BLOCK,Z,1.355018,0.8604995
7/7/7/4/3/6/3/7/4 3 3,Z,1.80,0,BLOCK,Z,0.2519561,0.442604
7/7/7/6/3/4/3/7/4 3 3,Z,2,2,BLOCK,Z,1.241069,0.8575649
7/7/7/4/3/6/3/7/2 3 3,Z,1.80,0,BLOCK,Z,0.3262888,0.3768222
7/7/7/6/3/4/3/7/2 3 3,Z,2,0,BLOCK,Z,0.6042801,0.8372876
7/7/7/4/3/6/3/7/1 3 3,Z,1.80,0,BLOCK,Z,0.6154273,0.4692857
7/7/7/6/3/4/3/7/1 3 3,Z,2,0,BLOCK,Z,0.6597266,0.8640164
7/7/7/4/3/6/7/2/6 3 3,Z,1.80,2,BLOCK,Z,0.9519333,0.4836599
7/7/7/6/3/4/7/2/6 3 3,Z,2,2,BLOCK,Z,1.34862,0.8214226
7/7/7/4/3/6/7/2/5 3 3,Z,1.80,0,BLOCK,Z,0.6132445,0.573033
7/7/7/6/3/4/7/2/5 3 3,Z,2,2,BLOCK,Z,1.247096,0.8016779
7/7/7/4/3/6/7/2/3 3 3,Z,1.80,0,BLOCK,Z,0.4639887,0.6684103
7/7/7/6/3/4/7/2/3 3 3,Z,2,0,BLOCK,Z,1.510928,0.9013069
7/7/7/4/3/6/7/6/4 3 3,Z,1.6,2,BLOCK,Z,0.9985789,0.5572451
7/7/7/6/3/4/7/6/4 3 3,Z,1.6666666666666666666666666668,0,BLOCK,Z,0.777143,0.7808506
7/7/7/6/3/6/7/4/4 3 3,Z,2,0,BLOCK,Z,0.4779793,0.5805782
7/7/7/4/3/6/7/6/2 3 3,Z,1.6,0,BLOCK,Z,0.680433,0.5843599
7/7/7/6/3/4/7/6/2 3 3,Z,1.6666666666666666666666666668,0,BLOCK,Z,0.4102336,0.6065902
7/7/7/6/3/6/7/4/2 3 3,Z,2,0,BLOCK,Z,0.2304308,0.3381858
7/7/7/4/3/6/7/6/1 3 3,Z,1.6,0,BLOCK,Z,0.395418,0.5131183
7/7/7/6/3/4/7/6/1 3 3,Z,1.6666666666666666666666666668,0,BLOCK,Z,0.6989191,0.6408301
7/7/7/6/3/6/7/4/1 3 3,Z,2,0,BLOCK,Z,0.3031935,0.4485016
7/7/7/4/3/6/7/5/4 3 3,Z,1.80,0,BLOCK,Z,0.5371816,0.5791412
7/7/7/6/3/4/7/5/4 3 3,Z,2,0,BLOCK,Z,0.7705397,0.7900634
7/7/7/6/3/6/7/1/4 3 3,Z,-2,0,BLOCK,Z,0.1868789,0.206732
7/7/7/4/3/6/7/5/2 3 3,Z,1.80,0,BLOCK,Z,0.36103,0.4821539
7/7/7/6/3/4/7/5/2 3 3,Z,2,0,BLOCK,Z,0.6225302,0.7603515
7/7/7/6/3/6/7/1/2 3 3,Z,-2,0,BLOCK,Z,0.9883159,0.4655877
7/7/7/4/3/6/7/5/1 3 3,Z,1.80,0,BLOCK,Z,0.3091814,0.4255868
7/7/7/6/3/4/7/5/1 3 3,Z,2,0,BLOCK,Z,1.161235,0.9220749
7/7/7/6/3/6/7/1/1 3 3,Z,-2,0,BLOCK,Z,0.3962376,0.4288147
7/7/7/4/3/6/7/3/4 3 3,Z,2,2,BLOCK,Z,1.033878,0.6359215
7/7/7/6/3/4/7/3/4 3 3,Z,2.3333333333333333333333333332,0,BLOCK,Z,0.6181154,0.8580513
7/7/7/4/3/6/7/3/2 3 3,Z,2,0,BLOCK,Z,0.2969771,0.5337534
7/7/7/6/3/4/7/3/2 3 3,Z,2.3333333333333333333333333332,0,BLOCK,Z,0.6978031,0.7676197
7/7/7/4/3/6/7/3/1 3 3,Z,2,0,BLOCK,Z,0.2002821,0.4670478
7/7/7/6/3/4/7/3/1 3 3,Z,2.3333333333333333333333333332,0,BLOCK,Z,0.620499,0.7908092
7/7/7/4/3/5/2/6/7 3 3,Z,1.80,2,BLOCK,Z,0.8248821,0.5824674
7/7/7/6/3/1/2/6/7 3 3,Z,-2.3333333333333333333333333334,0,BLOCK,Z,0.5098802,0.5563476
7/7/7/6/3/5/2/4/7 3 3,Z,2,2,BLOCK,Z,1.648449,0.9821358
7/7/7/4/3/5/2/5/7 3 3,Z,2,0,BLOCK,Z,0.5742634,0.482852
7/7/7/6/3/1/2/5/7 3 3,Z,-2,0,BLOCK,Z,0.4541695,0.4955088
7/7/7/6/3/5/2/1/7 3 3,Z,-2,0,BLOCK,Z,1.659418,1.019357
7/7/7/4/3/5/2/3/7 3 3,Z,2.20,2,BLOCK,Z,1.004232,0.5159034
7/7/7/6/3/1/2/3/7 3 3,Z,-1.6666666666666666666666666666,2,BLOCK,Z,1.030666,0.8552606
7/7/7/4/3/5/2/7/6 3 3,Z,2,0,BLOCK,Z,0.7700515,0.6045085
7/7/7/6/3/1/2/7/6 3 3,Z,-2,0,BLOCK,Z,0.8610873,0.5951084
7/7/7/4/3/5/2/7/5 3 3,Z,2,2,BLOCK,Z,0.9422333,0.515752
7/7/7/6/3/1/2/7/5 3 3,Z,-2,0,BLOCK,Z,0.6319723,0.643289
7/7/7/4/3/5/2/7/3 3 3,Z,2,0,BLOCK,Z,0.4583245,0.5157397
7/7/7/6/3/1/2/7/3 3 3,Z,-2,0,BLOCK,Z,0.5616947,0.5815403
7/7/7/4/3/5/6/2/7 3 3,Z,2,2,BLOCK,Z,0.9124086,0.5495591
7/7/7/6/3/1/6/2/7 3 3,Z,-2,0,BLOCK,Z,0.332403,0.4836292
7/7/7/6/3/5/4/2/7 3 3,X,2,0,BLOCK,X,0.9398576,0.6850182
7/7/7/4/3/5/6/6/6 3 3,Z,1.80,2,BLOCK,Z,1.099213,0.6517022
7/7/7/6/3/1/6/6/6 3 3,Z,-2.3333333333333333333333333334,0,BLOCK,Z,0.6328908,0.4374491
7/7/7/6/3/5/4/6/6 3 3,X,1.5,2,BLOCK,X,1.122577,0.7286056
7/7/7/6/3/5/6/4/6 3 3,Z,2,0,BLOCK,Z,0.2468709,0.4332704
7/7/7/4/3/5/6/6/5 3 3,Z,1.80,0,BLOCK,Z,0.5940416,0.4388011
7/7/7/6/3/1/6/6/5 3 3,Z,-2.3333333333333333333333333334,0,BLOCK,Z,0.6037051,0.5895753
7/7/7/6/3/5/4/6/5 3 3,X,2,0,BLOCK,X,0.7939365,0.5710567
7/7/7/6/3/5/6/4/5 3 3,Z,2,0,BLOCK,Z,0.3554372,0.432108
7/7/7/4/3/5/6/6/3 3 3,Z,1.80,0,BLOCK,Z,0.6388499,0.5907429
7/7/7/6/3/1/6/6/3 3 3,Z,-2.3333333333333333333333333334,0,BLOCK,Z,0.9236479,0.6865532
7/7/7/6/3/5/4/6/3 3 3,X,2.5,2,BLOCK,X,1.554387,0.8869287
7/7/7/6/3/5/6/4/3 3 3,Z,2,0,BLOCK,Z,1.671519,1.073752
7/7/7/4/3/5/6/5/6 3 3,Z,2,0,BLOCK,Z,0.4165311,0.4363133
7/7/7/6/3/1/6/5/6 3 3,Z,-2,2,BLOCK,Z,1.112669,0.8270051
7/7/7/6/3/5/4/5/6 3 3,X,1.5,0,BLOCK,X,0.335344,0.3926425
7/7/7/6/3/5/6/1/6 3 3,Z,-2,0,BLOCK,Z,0.1306471,0.2840523
7/7/7/4/3/5/6/5/5 3 3,Z,2,0,BLOCK,Z,0.924212,0.5193964
7/7/7/6/3/1/6/5/5 3 3,Z,-2,0,BLOCK,Z,0.6330079,0.5419102
7/7/7/6/3/5/4/5/5 3 3,X,2,0,BLOCK,X,0.6557236,0.6841739
7/7/7/6/3/5/6/1/5 3 3,Z,-2,0,BLOCK,Z,1.634552,0.9156145
7/7/7/4/3/5/6/5/3 3 3,Z,2,0,BLOCK,Z,0.4017425,0.4359481
7/7/7/6/3/1/6/5/3 3 3,Z,-2,0,BLOCK,Z,0.7253274,0.565836
7/7/7/6/3/5/4/5/3 3 3,X,2.5,0,BLOCK,X,0.7236935,0.8186293
7/7/7/6/3/5/6/1/3 3 3,Z,-2,2,BLOCK,Z,1.601561,0.9998602
7/7/7/4/3/5/6/3/6 3 3,Z,2.20,2,BLOCK,Z,1.133263,0.6826161
7/7/7/6/3/1/6/3/6 3 3,Z,-1.6666666666666666666666666666,0,BLOCK,Z,0.3044401,0.4551638
7/7/7/6/3/5/4/3/6 3 3,X,1.5,0,BLOCK,X,0.5870632,0.6298451
7/7/7/4/3/5/6/3/5 3 3,Z,2.20,0,BLOCK,Z,0.3933762,0.4437567
7/7/7/6/3/1/6/3/5 3 3,Z,-1.6666666666666666666666666666,2,BLOCK,Z,1.058012,0.8616785
7/7/7/6/3/5/4/3/5 3 3,X,2,0,BLOCK,X,1.267491,0.8015873
7/7/7/4/3/5/6/3/3 3 3,Z,2.20,0,BLOCK,Z,0.433604,0.4961472
7/7/7/6/3/1/6/3/3 3 3,Z,-1.6666666666666666666666666666,0,BLOCK,Z,0.6654233,0.6078202
7/7/7/6/3/5/4/3/3 3 3,X,2.5,0,BLOCK,X,0.8721365,0.7137113
7/7/7/4/3/5/6/7/4 3 3,Z,2,0,BLOCK,Z,0.1002635,0.1647673
7/7/7/6/3/1/6/7/4 3 3,Z,-2,0,BLOCK,Z,1.144664,0.8551754
7/7/7/6/3/5/4/7/4 3 3,X,1.5,0,BLOCK,X,0.4900653,0.2753729
7/7/7/4/3/5/6/7/2 3 3,Z,2,0,BLOCK,Z,0.8531055,0.4346581
7/7/7/6/3/1/6/7/2 3 3,Z,-2,0,BLOCK,Z,1.172922,0.8474479
7/7/7/6/3/5/4/7/2 3 3,X,2,0,BLOCK,X,0.7841817,0.6768743
7/7/7/4/3/5/6/7/1 3 3,Z,2,2,BLOCK,Z,1.009168,0.5564187
7/7/7/6/3/1/6/7/1 3 3,Z,-2,2,BLOCK,Z,1.205464,0.7920968
7/7/7/6/3/5/4/7/1 3 3,X,2.5,0,BLOCK,X,0.7625698,0.6914454
7/7/7/4/3/5/5/2/7 3 3,Z,2,0,BLOCK,Z,0.5226038,0.4171513
7/7/7/6/3/1/5/2/7 3 3,Z,-2,0,BLOCK,Z,1.353369,0.9547616
7/7/7/6/3/5/1/2/7 3 3,X,-2,0,BLOCK,X,1.418977,0.8447348
7/7/7/4/3/5/5/6/6 3 3,Z,1.80,2,BLOCK,Z,0.8389745,0.5154903
7/7/7/6/3/1/5/6/6 3 3,Z,-2.3333333333333333333333333334,0,BLOCK,Z,0.6566706,0.4992536
7/7/7/6/3/5/1/6/6 3 3,X,-2.5,2,BLOCK,X,1.626838,1.120562
7/7/7/6/3/5/5/4/6 3 3,Z,2,0,BLOCK,Z,1.68296,1.078828
7/7/7/4/3/5/5/6/5 3 3,Z,1.80,2,BLOCK,Z,0.8131703,0.5406786
7/7/7/6/3/1/5/6/5 3 3,Z,-2.3333333333333333333333333334,0,BLOCK,Z,1.44375,1.01102
7/7/7/6/3/5/1/6/5 3 3,X,-2,0,BLOCK,X,1.2758,0.9212943
7/7/7/6/3/5/5/4/5 3 3,Z,2,0,BLOCK,Z,0.1647289,0.34398
7/7/7/4/3/5/5/6/3 3 3,Z,1.80,0,BLOCK,Z,0.481332,0.5402877
7/7/7/6/3/1/5/6/3 3 3,Z,-2.3333333333333333333333333334,0,BLOCK,Z,1.390388,0.8681576
7/7/7/6/3/5/1/6/3 3 3,X,-1.5,2,BLOCK,X,1.187727,0.7097211
7/7/7/6/3/5/5/4/3 3 3,Z,2,0,BLOCK,Z,0.1742221,0.3722308
7/7/7/4/3/5/5/5/6 3 3,Z,2,0,BLOCK,Z,0.7480406,0.6608629
7/7/7/6/3/1/5/5/6 3 3,Z,-2,0,BLOCK,Z,1.122234,0.8545171
7/7/7/6/3/5/1/5/6 3 3,X,-2.5,0,BLOCK,X,0.7037063,0.9340256
7/7/7/6/3/5/5/1/6 3 3,Z,-2,0,BLOCK,Z,0.2954584,0.3383786
7/7/7/4/3/5/5/5/5 3 3,Z,2,0,BLOCK,Z,0.3854038,0.5013243
7/7/7/6/3/1/5/5/5 3 3,Z,-2,0,BLOCK,Z,1.182172,0.8944363
7/7/7/6/3/5/1/5/5 3 3,X,-2,0,BLOCK,X,0.6582083,0.7434989
7/7/7/6/3/5/5/1/5 3 3,Z,-2,0,BLOCK,Z,0.1903538,0.2330317
7/7/7/4/3/5/5/5/3 3 3,Z,2,0,BLOCK,Z,0.4578994,0.488941
7/7/7/6/3/1/5/5/3 3 3,Z,-2,0,BLOCK,Z,0.566838,0.4896883
7/7/7/6/3/5/1/5/3 3 3,X,-1.5,0,BLOCK,X,0.524209,0.6568819
7/7/7/6/3/5/5/1/3 3 3,Z,-2,0,BLOCK,Z,0.4552517,0.2544776
7/7/7/4/3/5/5/3/6 3 3,Z,2.20,0,BLOCK,Z,0.5905401,0.5638177
7/7/7/6/3/1/5/3/6 3 3,Z,-1.6666666666666666666666666666,0,BLOCK,Z,0.5347266,0.542409
7/7/7/6/3/5/1/3/6 3 3,X,-2.5,0,BLOCK,X,1.450526,1.047873
7/7/7/4/3/5/5/3/5 3 3,Z,2.20,2,BLOCK,Z,1.045459,0.5228071
7/7/7/6/3/1/5/3/5 3 3,Z,-1.6666666666666666666666666666,0,BLOCK,Z,1.113005,0.8331395
7/7/7/6/3/5/1/3/5 3 3,X,-2,0,BLOCK,X,0.6992211,0.7462328
7/7/7/4/3/5/5/3/3 3 3,Z,2.20,2,BLOCK,Z,1.037573,0.6136656
7/7/7/6/3/1/5/3/3 3 3,Z,-1.6666666666666666666666666666,0,BLOCK,Z,0.9247001,0.7522438
7/7/7/6/3/5/1/3/3 3 3,X,-1.5,0,BLOCK,X,1.273716,0.7651292
7/7/7/4/3/5/5/7/4 3 3,Z,2,0,BLOCK,Z,0.5244914,0.4660564
7/7/7/6/3/1/5/7/4 3 3,Z,-2,0,BLOCK,Z,0.8080874,0.4860536
7/7/7/6/3/5/1/7/4 3 3,X,-2.5,0,BLOCK,X,1.435555,1.134964
7/7/7/4/3/5/5/7/2 3 3,Z,2,0,BLOCK,Z,0.6738816,0.633225
7/7/7/6/3/1/5/7/2 3 3,Z,-2,2,BLOCK,Z,1.31035,0.806781
7/7/7/6/3/5/1/7/2 3 3,X,-2,0,BLOCK,X,1.486818,1.036835
7/7/7/4/3/5/5/7/1 3 3,Z,2,0,BLOCK,Z,0.5010343,0.5417643
7/7/7/6/3/1/5/7/1 3 3,Z,-2,0,BLOCK,Z,0.6927131,0.5815917
7/7/7/6/3/5/1/7/1 3 3,X,-1.5,0,BLOCK,X,0.3751517,0.5183769
7/7/7/4/3/5/3/2/7 3 3,Z,2,0,BLOCK,Z,0.6639917,0.5836669
7/7/7/6/3/1/3/2/7 3 3,Z,-2,0,BLOCK,Z,0.05745445,0.5235313
7/7/7/4/3/5/3/6/6 3 3,Z,1.80,2,BLOCK,Z,0.9017791,0.5665708
7/7/7/6/3/1/3/6/6 3 3,Z,-2.3333333333333333333333333334,0,BLOCK,Z,0.8432033,0.6207796
7/7/7/6/3/5/3/4/6 3 3,Z,2,0,BLOCK,Z,0.1853402,0.3000345
7/7/7/4/3/5/3/6/5 3 3,Z,1.80,2,BLOCK,Z,0.9033441,0.5460824
7/7/7/6/3/1/3/6/5 3 3,Z,-2.3333333333333333333333333334,0,BLOCK,Z,0.3012573,0.3778636
7/7/7/6/3/5/3/4/5 3 3,Z,2,0,BLOCK,Z,0.2509697,0.3644503
7/7/7/4/3/5/3/6/3 3 3,Z,1.80,0,BLOCK,Z,0.5787471,0.4960197
7/7/7/6/3/1/3/6/3 3 3,Z,-2.3333333333333333333333333334,0,BLOCK,Z,0.5143789,0.4135667
7/7/7/6/3/5/3/4/3 3 3,Z,2,0,BLOCK,Z,0.2013818,0.3651067
7/7/7/4/3/5/3/5/6 3 3,Z,2,0,BLOCK,Z,0.4714918,0.5228456
7/7/7/6/3/1/3/5/6 3 3,Z,-2,0,BLOCK,Z,0.5500029,0.444704
7/7/7/6/3/5/3/1/6 3 3,Z,-2,2,BLOCK,Z,1.59087,0.9560835
7/7/7/4/3/5/3/5/5 3 3,Z,2,0,BLOCK,Z,0.5377356,0.5295436
7/7/7/6/3/1/3/5/5 3 3,Z,-2,0,BLOCK,Z,0.5658675,0.6309741
7/7/7/6/3/5/3/1/5 3 3,Z,-2,0,BLOCK,Z,1.183587,0.4702443
7/7/7/4/3/5/3/5/3 3 3,Z,2,0,BLOCK,Z,0.5065863,0.5427485
7/7/7/6/3/1/3/5/3 3 3,Z,-2,0,BLOCK,Z,0.7395878,0.5957817
7/7/7/6/3/5/3/1/3 3 3,Z,-2,0,BLOCK,Z,0.1102155,0.182688
7/7/7/4/3/5/3/3/6 3 3,Z,2.20,0,BLOCK,Z,0.5039883,0.55861
7/7/7/6/3/1/3/3/6 3 3,Z,-1.6666666666666666666666666666,0,BLOCK,Z,0.3273611,0.3992232
7/7/7/4/3/5/3/3/5 3 3,Z,2.20,0,BLOCK,Z,0.4012797,0.5153047
7/7/7/6/3/1/3/3/5 3 3,Z,-1.6666666666666666666666666666,0,BLOCK,Z,0.2399359,0.3302276
7/7/7/4/3/5/3/3/3 3 3,Z,2.20,0,BLOCK,Z,0.5558552,0.546208
7/7/7/6/3/1/3/3/3 3 3,Z,-1.6666666666666666666666666666,0,BLOCK,Z,0.3178814,0.3634906
7/7/7/4/3/5/3/7/4 3 3,Z,2,0,BLOCK,Z,0.4606117,0.411223
7/7/7/6/3/1/3/7/4 3 3,Z,-2,0,BLOCK,Z,0.5074721,0.5041564
7/7/7/4/3/5/3/7/2 3 3,Z,2,0,BLOCK,Z,0.3955265,0.4433914
7/7/7/6/3/1/3/7/2 3 3,Z,-2,0,BLOCK,Z,0.4010096,0.4861081
7/7/7/4/3/5/3/7/1 3 3,Z,2,0,BLOCK,Z,0.4468206,0.443998
7/7/7/6/3/1/3/7/1 3 3,Z,-2,0,BLOCK,Z,0.545975,0.5673071
7/7/7/4/3/5/7/2/6 3 3,Z,2,0,BLOCK,Z,0.4614081,0.5256064
7/7/7/6/3/1/7/2/6 3 3,Z,-2,0,BLOCK,Z,0.1961356,0.3370448
7/7/7/4/3/5/7/2/5 3 3,Z,2,2,BLOCK,Z,0.9703817,0.5966388
7/7/7/6/3/1/7/2/5 3 3,Z,-2,0,BLOCK,Z,0.2023965,0.2986096
7/7/7/4/3/5/7/2/3 3 3,Z,2,0,BLOCK,Z,0.3787273,0.4833701
7/7/7/6/3/1/7/2/3 3 3,Z,-2,0,BLOCK,Z,0.4645218,0.4500717
7/7/7/4/3/5/7/6/4 3 3,Z,1.80,2,BLOCK,Z,0.9890916,0.5074536
7/7/7/6/3/1/7/6/4 3 3,Z,-2.3333333333333333333333333332,0,BLOCK,Z,1.404163,0.9907194
7/7/7/6/3/5/7/4/4 3 3,Z,2,0,BLOCK,Z,0.370546,0.5147827
7/7/7/4/3/5/7/6/2 3 3,Z,1.80,0,BLOCK,Z,0.4393791,0.4913003
7/7/7/6/3/1/7/6/2 3 3,Z,-2.3333333333333333333333333332,0,BLOCK,Z,0.5859317,0.4494311
7/7/7/6/3/5/7/4/2 3 3,Z,2,0,BLOCK,Z,0.3282322,0.4013087
7/7/7/4/3/5/7/6/1 3 3,Z,1.80,0,BLOCK,Z,0.5346534,0.5032983
7/7/7/6/3/1/7/6/1 3 3,Z,-2.3333333333333333333333333332,0,BLOCK,Z,0.6483894,0.6545884
7/7/7/6/3/5/7/4/1 3 3,Z,2,0,BLOCK,Z,0.1653428,0.2766685
7/7/7/4/3/5/7/5/4 3 3,Z,2,2,BLOCK,Z,0.9659987,0.57829
7/7/7/6/3/1/7/5/4 3 3,Z,-2,2,BLOCK,Z,1.203989,0.795044
7/7/7/6/3/5/7/1/4 3 3,Z,-2,0,BLOCK,Z,1.006747,0.53128
7/7/7/4/3/5/7/5/2 3 3,Z,2,0,BLOCK,Z,0.6338852,0.4867632
7/7/7/6/3/1/7/5/2 3 3,Z,-2,0,BLOCK,Z,0.5767424,0.5204251
7/7/7/6/3/5/7/1/2 3 3,Z,-2,0,BLOCK,Z,0.2571961,0.2554061
7/7/7/4/3/5/7/5/1 3 3,Z,2,0,BLOCK,Z,0.4219535,0.5512668
7/7/7/6/3/1/7/5/1 3 3,Z,-2,0,BLOCK,Z,0.5940658,0.4622234
7/7/7/6/3/5/7/1/1 3 3,Z,-2,0,BLOCK,Z,0.2645114,0.3388771
7/7/7/4/3/5/7/3/4 3 3,Z,2.20,0,BLOCK,Z,0.6585444,0.587524
7/7/7/6/3/1/7/3/4 3 3,Z,-1.6666666666666666666666666668,0,BLOCK,Z,0.290564,0.4337327
7/7/7/4/3/5/7/3/2 3 3,Z,2.20,2,BLOCK,Z,1.116021,0.6137503
7/7/7/6/3/1/7/3/2 3 3,Z,-1.6666666666666666666666666668,0,BLOCK,Z,0.8025602,0.5316691
7/7/7/4/3/5/7/3/1 3 3,Z,2.20,0,BLOCK,Z,0.5072885,0.53026
7/7/7/6/3/1/7/3/1 3 3,Z,-1.6666666666666666666666666668,2,BLOCK,Z,1.121169,0.7729861
7/7/7/4/3/3/2/6/7 3 3,Z,2,2,BLOCK,Z,1.480337,0.8626243
7/7/7/6/3/3/2/4/7 3 3,Z,2,0,BLOCK,Z,0.3506444,0.3523813
7/7/7/4/3/3/2/5/7 3 3,Z,2.20,0,BLOCK,Z,0.3616385,0.5796733
7/7/7/6/3/3/2/1/7 3 3,Z,-2,2,BLOCK,Z,1.617323,0.965881
7/7/7/4/3/3/2/3/7 3 3,Z,2.4,0,BLOCK,Z,0.6276461,0.6608145
7/7/7/4/3/3/2/7/6 3 3,Z,2.20,2,BLOCK,Z,1.368453,0.9462438
7/7/7/4/3/3/2/7/5 3 3,Z,2.20,0,BLOCK,Z,0.377919,0.5045953
7/7/7/4/3/3/2/7/3 3 3,Z,2.20,2,BLOCK,Z,1.295927,0.8411947
7/7/3/6/3/3/6/2/7 3 3,X,-0.625,302,TIMEOUT,Z,0.006682029,0.004269032
7/7/7/4/3/3/6/2/7 3 3,Z,2.20,0,BLOCK,Z,0.4281604,0.5452195
7/7/7/6/3/3/4/2/7 3 3,X,2,0,BLOCK,X,1.282469,1.252847
7/7/7/4/3/3/6/6/6 3 3,Z,2,0,BLOCK,Z,0.2964127,0.3391093
7/7/7/6/3/3/4/6/6 3 3,X,1.5,0,BLOCK,X,1.004551,0.6794826
7/7/7/6/3/3/6/4/6 3 3,Z,2,2,BLOCK,Z,1.525945,0.9598254
7/7/7/4/3/3/6/6/5 3 3,Z,2,0,BLOCK,Z,0.5333295,0.5258999
7/7/7/6/3/3/4/6/5 3 3,X,2,2,BLOCK,X,1.242076,0.7780963
7/7/7/6/3/3/6/4/5 3 3,Z,2,0,BLOCK,Z,1.017165,0.5890879
7/7/7/4/3/3/6/6/3 3 3,Z,2,0,BLOCK,Z,0.2621829,0.3496708
7/7/7/6/3/3/4/6/3 3 3,X,2.5,0,BLOCK,X,0.7947965,1.018489
7/7/7/6/3/3/6/4/3 3 3,Z,2,0,BLOCK,Z,1.547658,1.092347
7/7/7/4/3/3/6/5/6 3 3,Z,2.20,0,BLOCK,Z,0.2877414,0.4149376
7/7/7/6/3/3/4/5/6 3 3,X,1.5,0,BLOCK,X,0.4662669,0.4031613
7/7/7/6/3/3/2/5/6 3 3,X,-0.6428571428571428571428571429,302,TIMEOUT,Z,0.00725748,0.00395696
7/7/7/6/3/3/6/1/6 3 3,Z,-2,0,BLOCK,Z,0.2706549,0.3939659
7/7/7/4/3/3/6/5/5 3 3,Z,2.20,0,BLOCK,Z,0.3704385,0.54423
7/7/7/6/3/3/4/5/5 3 3,X,2,2,BLOCK,X,1.307563,0.8112268
7/7/7/6/3/3/6/1/5 3 3,Z,-2,0,BLOCK,Z,1.699548,0.9902201
7/7/7/4/3/3/6/5/3 3 3,Z,2.20,0,BLOCK,Z,0.2479041,0.3423153
7/7/7/6/3/3/4/5/3 3 3,X,2.5,2,BLOCK,X,1.585085,0.9411765
7/7/7/6/3/3/6/1/3 3 3,Z,-2,0,BLOCK,Z,1.703243,0.961714
7/7/7/4/3/3/6/3/6 3 3,Z,2.4,0,BLOCK,Z,0.3584391,0.4190296
7/7/7/6/3/3/4/3/6 3 3,X,1.5,0,BLOCK,X,0.261655,0.4576936
7/7/7/4/3/3/6/3/5 3 3,Z,2.4,0,BLOCK,Z,0.4355381,0.5897818
7/7/7/6/3/3/4/3/5 3 3,X,2,0,BLOCK,X,0.5408843,0.5848032
7/7/7/4/3/3/6/3/3 3 3,Z,2.4,0,BLOCK,Z,0.3669423,0.5196462
7/7/7/6/3/3/4/3/3 3 3,X,2.5,2,BLOCK,X,1.567307,0.9005184
7/7/7/4/3/3/6/7/4 3 3,Z,2.20,0,BLOCK,Z,0.4376179,0.5624241
7/7/7/6/3/3/4/7/4 3 3,X,1.5,0,BLOCK,X,0.6034954,0.4045397
7/7/7/4/3/3/6/7/2 3 3,Z,2.20,0,BLOCK,Z,0.929117,0.8621516
7/7/7/6/3/3/4/7/2 3 3,X,2,0,BLOCK,X,0.7655419,0.5973958
7/7/7/4/3/3/6/7/1 3 3,Z,2.20,0,BLOCK,Z,0.3307126,0.6725678
7/7/7/6/3/3/4/7/1 3 3,X,2.5,0,BLOCK,X,1.655797,1.029634
7/7/7/4/3/3/5/2/7 3 3,Z,2.20,0,BLOCK,Z,0.9235302,0.6818231
7/7/7/6/3/3/1/2/7 3 3,X,-2,2,BLOCK,X,1.325235,0.8753968
7/7/7/4/3/3/5/6/6 3 3,Z,2,2,BLOCK,Z,1.399776,0.7856
7/7/7/6/3/3/1/6/6 3 3,X,-2.5,0,BLOCK,X,0.7896768,0.9754728
7/7/7/6/3/3/5/4/6 3 3,Z,2,0,BLOCK,Z,0.6794027,0.6197217
7/7/7/4/3/3/5/6/5 3 3,Z,2,0,BLOCK,Z,0.2870312,0.3692824
7/7/7/6/3/3/1/6/5 3 3,X,-2,0,BLOCK,X,1.167568,0.8747899
7/7/7/6/3/3/5/4/5 3 3,Z,2,0,BLOCK,Z,0.6115168,0.6248922
7/7/7/4/3/3/5/6/3 3 3,Z,2,0,BLOCK,Z,0.7053279,0.8439093
7/7/7/6/3/3/1/6/3 3 3,X,-1.5,2,BLOCK,X,1.146773,0.7058243
7/7/7/6/3/3/5/4/3 3 3,Z,2,0,BLOCK,Z,0.6406856,0.5487885
7/7/7/4/3/3/5/5/6 3 3,Z,2.20,0,BLOCK,Z,0.3131663,0.5732583
7/7/7/6/3/3/1/5/6 3 3,X,-2.5,0,BLOCK,X,1.749015,1.217448
7/7/7/6/3/3/5/1/6 3 3,Z,-2,0,BLOCK,Z,0.6158957,0.4659351
7/7/7/4/3/3/5/5/5 3 3,Z,2.20,0,BLOCK,Z,0.7644988,0.8102192
7/7/7/6/3/3/1/5/5 3 3,X,-2,0,BLOCK,X,0.5262882,0.6513487
7/7/7/6/3/3/5/1/5 3 3,Z,-2,0,BLOCK,Z,0.2915152,0.2562053
7/7/7/4/3/3/5/5/3 3 3,Z,2.20,2,BLOCK,Z,1.201553,0.8704288
7/7/7/6/3/3/1/5/3 3 3,X,-1.5,2,BLOCK,X,1.137278,0.6562406
7/7/7/6/3/3/5/1/3 3 3,Z,-2,0,BLOCK,Z,1.711081,0.963087
7/7/7/4/3/3/5/3/6 3 3,Z,2.4,0,BLOCK,Z,0.3519712,0.3227235
7/7/7/6/3/3/1/3/6 3 3,X,-2.5,2,BLOCK,X,1.624951,1.035218
7/7/7/4/3/3/5/3/5 3 3,Z,2.4,0,BLOCK,Z,0.3970108,0.6749086
7/7/7/6/2/3/5/3/5 3 3,Z,0.7222222222222222222222222222,302,TIMEOUT,Z,0.002729596,0.001749215
7/7/7/6/3/3/1/3/5 3 3,X,-2,2,BLOCK,X,1.322646,0.773237
7/7/7/4/3/3/5/3/3 3 3,Z,2.4,0,BLOCK,Z,0.3258603,0.5062888
7/7/7/6/3/3/1/3/3 3 3,X,-1.5,0,BLOCK,X,0.4156889,0.6012778
7/7/7/4/3/3/5/7/4 3 3,Z,2.20,2,BLOCK,Z,1.270647,0.9061784
7/7/7/6/3/3/1/7/4 3 3,X,-2.5,0,BLOCK,X,0.5490863,0.6238046
7/7/7/4/3/3/5/7/2 3 3,Z,2.20,0,BLOCK,Z,0.4189202,0.636768
7/7/7/6/3/3/1/7/2 3 3,X,-2,0,BLOCK,X,0.4741319,0.6996875
7/7/7/4/3/3/5/7/1 3 3,Z,2.20,2,BLOCK,Z,1.352399,0.7982343
7/7/7/6/3/3/1/7/1 3 3,X,-1.5,2,BLOCK,X,1.194708,0.7216108
7/7/7/4/3/3/3/2/7 3 3,Z,2.20,0,BLOCK,Z,0.366445,0.5365038
7/7/7/4/3/3/3/6/6 3 3,Z,2,0,BLOCK,Z,0.3604748,0.6261444
7/7/7/6/3/3/3/4/6 3 3,Z,2,0,BLOCK,Z,1.566387,1.067875
7/7/7/4/3/3/3/6/5 3 3,Z,2,0,BLOCK,Z,0.4303832,0.7000515
7/7/7/6/3/3/3/4/5 3 3,Z,2,0,BLOCK,Z,0.9521974,0.6649316
7/7/7/4/3/3/3/6/3 3 3,Z,2,0,BLOCK,Z,0.7188089,0.738144
7/7/7/6/3/3/3/4/3 3 3,Z,2,0,BLOCK,Z,0.435035,0.5401772
7/7/7/4/3/3/3/5/6 3 3,Z,2.20,0,BLOCK,Z,0.3526033,0.6393354
7/7/7/6/3/3/3/1/6 3 3,Z,-2,0,BLOCK,Z,0.1083257,0.1130037
7/7/7/4/3/3/3/5/5 3 3,Z,2.20,0,BLOCK,Z,0.3786199,0.4836698
7/7/7/6/3/3/3/1/5 3 3,Z,-2,0,BLOCK,Z,0.1896803,0.1785772
7/7/7/4/3/3/3/5/3 3 3,Z,2.20,0,BLOCK,Z,0.5642222,0.7961859
7/7/7/6/3/3/3/1/3 3 3,Z,-2,0,BLOCK,Z,0.3311171,0.3887235
7/7/7/4/3/3/3/3/6 3 3,Z,2.4,0,BLOCK,Z,0.2764589,0.5517041
7/7/7/4/3/3/3/3/5 3 3,Z,2.4,0,BLOCK,Z,0.4095346,0.5824334
7/7/7/4/3/3/3/3/3 3 3,Z,2.4,0,BLOCK,Z,0.3308732,0.5101081
7/7/7/4/3/3/3/7/4 3 3,Z,2.20,0,BLOCK,Z,0.4409403,0.5479797
7/7/7/4/3/3/3/7/2 3 3,Z,2.20,2,BLOCK,Z,1.257393,0.9048861
7/7/7/4/3/3/3/7/1 3 3,Z,2.20,0,BLOCK,Z,0.3673057,0.6303379
7/7/7/4/3/3/7/2/6 3 3,Z,2.20,2,BLOCK,Z,1.265475,0.8759362
7/7/7/4/3/3/7/2/5 3 3,Z,2.20,0,BLOCK,Z,0.6464881,0.6513249
7/7/7/4/3/3/7/2/3 3 3,Z,2.20,0,BLOCK,Z,0.6437576,0.6929442
7/7/7/4/3/3/7/6/4 3 3,Z,2,0,BLOCK,Z,0.4486537,0.6669426
7/7/7/6/3/3/7/4/4 3 3,Z,2,0,BLOCK,Z,0.3782734,0.457606
7/7/7/4/3/3/7/6/2 3 3,Z,2,0,BLOCK,Z,0.2389535,0.4540555
7/7/7/6/3/3/7/4/2 3 3,Z,2,0,BLOCK,Z,0.3683445,0.4594316
7/7/7/4/3/3/7/6/1 3 3,Z,2,0,BLOCK,Z,0.2853069,0.5584288
7/7/7/6/3/3/7/4/1 3 3,Z,2,0,BLOCK,Z,0.2996303,0.4058
7/7/7/4/3/3/7/5/4 3 3,Z,2.20,0,BLOCK,Z,0.3125443,0.4273008
7/7/7/6/3/3/7/1/4 3 3,Z,-2,0,BLOCK,Z,0.2382766,0.3697328
7/7/7/4/3/3/7/5/2 3 3,Z,2.20,0,BLOCK,Z,0.1652395,0.5568195
7/7/7/6/3/3/7/1/2 3 3,Z,-2,0,BLOCK,Z,0.1859841,0.2148435
7/7/7/4/3/3/7/5/1 3 3,Z,2.20,0,BLOCK,Z,0.4245126,0.6645469
7/7/7/6/3/3/7/1/1 3 3,Z,-2,2,BLOCK,Z,1.581703,0.9603279
7/7/7/4/3/3/7/3/4 3 3,Z,2.4,2,BLOCK,Z,1.150685,0.8590416
7/7/7/4/3/3/7/3/2 3 3,Z,2.4,0,BLOCK,Z,0.3079774,0.4523742
7/7/7/4/3/3/7/3/1 3 3,Z,2.4,0,BLOCK,Z,0.6006992,0.6355308
7/7/7/4/3/7/2/2/7 3 3,Z,2,0,BLOCK,Z,0.4407144,0.372501
7/7/7/4/3/7/2/6/6 3 3,Z,1.80,0,BLOCK,Z,0.4190459,0.3365687
7/7/7/6/3/7/2/4/6 3 3,Z,2,2,BLOCK,Z,1.607798,0.9767434
7/7/7/4/3/7/2/6/5 3 3,Z,1.80,0,BLOCK,Z,0.7214391,0.5145819
7/7/7/6/3/7/2/4/5 3 3,Z,2,0,BLOCK,Z,1.724312,1.054127
7/7/7/4/3/7/2/6/3 3 3,Z,1.80,0,BLOCK,Z,0.3410461,0.489613
7/7/7/6/3/7/2/4/3 3 3,Z,2,0,BLOCK,Z,0.07219011,0.2029872
7/7/7/4/3/7/2/5/6 3 3,Z,2,2,BLOCK,Z,0.9877111,0.6423429
7/7/7/6/3/7/2/1/6 3 3,Z,-2,0,BLOCK,Z,0.1065944,0.1469542
7/7/7/4/3/7/2/5/5 3 3,Z,2,0,BLOCK,Z,0.7946662,0.6322883
7/7/7/6/3/7/2/1/5 3 3,Z,-2,0,BLOCK,Z,1.108767,0.3890649
7/7/7/4/3/7/2/5/3 3 3,Z,2,0,BLOCK,Z,0.5719707,0.5178757
7/7/7/6/3/7/2/1/3 3 3,Z,-2,0,BLOCK,Z,0.5535444,0.4759588
7/7/7/4/3/7/2/3/6 3 3,Z,2.20,0,BLOCK,Z,0.4410327,0.4813692
7/7/7/4/3/7/2/3/5 3 3,Z,2.20,0,BLOCK,Z,0.3621599,0.3820418
7/7/7/4/3/7/2/3/3 3 3,Z,2.20,0,BLOCK,Z,0.3885921,0.4726311
7/7/7/4/3/7/2/7/4 3 3,Z,2,0,BLOCK,Z,0.5961539,0.5169203
7/7/7/4/3/7/2/7/2 3 3,Z,2,0,BLOCK,Z,0.7954954,0.5642334
7/7/7/4/3/7/2/7/1 3 3,Z,2,0,BLOCK,Z,0.5835062,0.5049197
7/7/7/4/3/7/6/2/6 3 3,Z,2,0,BLOCK,Z,0.6216491,0.5624416
7/7/7/6/3/7/4/2/6 3 3,X,1.3333333333333333333333333334,0,BLOCK,X,0.378015,0.4458508
7/7/7/4/3/7/6/2/5 3 3,Z,2,2,BLOCK,Z,0.9381595,0.6072389
7/7/7/6/3/7/4/2/5 3 3,X,2,0,BLOCK,X,0.7083778,0.5960824
7/7/7/6/3/7/6/2/1 3 3,X,1,2,BLOCK,X,1.358438,0.9482357
7/7/7/4/3/7/6/2/3 3 3,Z,2,0,BLOCK,Z,0.4029882,0.3982456
7/7/7/6/3/7/4/2/3 3 3,X,2.6666666666666666666666666666,0,BLOCK,X,1.095823,1.086221
7/7/7/4/3/7/6/6/4 3 3,Z,1.80,2,BLOCK,Z,1.047271,0.7052313
7/7/7/6/3/7/4/6/4 3 3,X,1.3333333333333333333333333334,2,BLOCK,X,0.9254467,0.5513659
7/7/7/6/3/7/6/4/4 3 3,Z,2,0,BLOCK,Z,0.2725786,0.3371814
7/7/7/4/3/7/6/6/2 3 3,Z,1.80,0,BLOCK,Z,0.3536517,0.3633808
7/7/7/6/3/7/4/6/2 3 3,X,2,0,BLOCK,X,0.4510569,0.6534482
7/7/7/6/3/7/6/4/2 3 3,Z,2,0,BLOCK,Z,0.391021,0.4985047
7/7/7/4/3/7/6/6/1 3 3,Z,1.80,0,BLOCK,Z,0.6588933,0.4034125
7/7/7/6/3/7/4/6/1 3 3,X,2.6666666666666666666666666666,0,BLOCK,X,0.3765295,0.5026842
7/7/7/6/3/7/6/4/1 3 3,Z,2,0,BLOCK,Z,1.191815,0.5665833
7/7/7/4/3/7/6/5/4 3 3,Z,2,0,BLOCK,Z,0.7892655,0.5427054
7/7/7/6/3/7/4/5/4 3 3,X,1.3333333333333333333333333334,0,BLOCK,X,0.546473,0.4596443
7/7/7/6/3/7/6/1/4 3 3,Z,-2,0,BLOCK,Z,0.3522764,0.2251206
7/7/7/4/3/7/6/5/2 3 3,Z,2,0,BLOCK,Z,0.5044443,0.5893313
7/7/7/6/3/7/4/5/2 3 3,X,2,0,BLOCK,X,0.627948,0.6915576
7/7/7/6/3/7/6/1/2 3 3,Z,-2,0,BLOCK,Z,0.05741016,0.1623898
7/7/7/4/3/7/6/5/1 3 3,Z,2,0,BLOCK,Z,0.4467994,0.4864914
7/7/7/6/3/7/4/5/1 3 3,X,2.6666666666666666666666666666,0,BLOCK,X,0.3422199,0.4989089
7/7/7/6/3/7/6/1/1 3 3,Z,-2,0,BLOCK,Z,1.647501,0.995483
7/7/7/4/3/7/6/3/4 3 3,Z,2.20,0,BLOCK,Z,0.5559623,0.5925482
7/7/7/6/3/7/4/3/4 3 3,X,1.3333333333333333333333333334,0,BLOCK,X,0.183879,0.1507033
7/7/7/4/3/7/6/3/2 3 3,Z,2.20,0,BLOCK,Z,0.772846,0.6736447
7/7/7/6/3/7/4/3/2 3 3,X,2,0,BLOCK,X,0.5103533,0.6079662
7/7/7/4/3/7/6/3/1 3 3,Z,2.20,0,BLOCK,Z,0.5925453,0.5985972
7/7/7/6/3/7/4/3/1 3 3,X,2.6666666666666666666666666666,2,BLOCK,X,1.64889,0.9655735
7/7/7/4/3/7/5/2/6 3 3,Z,2,0,BLOCK,Z,0.7402584,0.5915983
7/7/7/6/3/7/1/2/6 3 3,X,-2.6666666666666666666666666666,0,BLOCK,X,0.640666,1.019048
7/7/7/4/3/7/5/2/5 3 3,Z,2,0,BLOCK,Z,0.4077001,0.5314
7/7/7/6/3/7/1/2/5 3 3,X,-2,0,BLOCK,X,0.5367544,0.8003743
7/7/7/4/3/7/5/2/3 3 3,Z,2,0,BLOCK,Z,0.5038763,0.650727
7/7/7/6/3/7/1/2/3 3 3,X,-1.3333333333333333333333333334,2,BLOCK,X,1.065559,0.6581621
7/7/7/4/3/7/5/6/4 3 3,Z,1.80,2,BLOCK,Z,0.9585441,0.5373777
7/7/7/6/3/7/1/6/4 3 3,X,-2.6666666666666666666666666666,2,BLOCK,X,1.731815,1.041122
7/7/7/6/3/7/5/4/4 3 3,Z,2,0,BLOCK,Z,0.2019627,0.2477028
7/7/7/4/3/7/5/6/2 3 3,Z,1.80,2,BLOCK,Z,0.9831289,0.6173648
7/7/7/6/3/7/1/6/2 3 3,X,-2,0,BLOCK,X,0.7568654,0.773135
7/7/7/6/3/7/5/4/2 3 3,Z,2,0,BLOCK,Z,0.1990829,0.3162341
7/7/7/4/3/7/5/6/1 3 3,Z,1.80,0,BLOCK,Z,0.4779633,0.4989148
7/7/7/6/3/7/1/6/1 3 3,X,-1.3333333333333333333333333334,0,BLOCK,X,0.392037,0.4576902
7/7/7/6/3/7/5/4/1 3 3,Z,2,0,BLOCK,Z,0.2684933,0.3719761
7/7/7/4/3/7/5/5/4 3 3,Z,2,0,BLOCK,Z,0.4313991,0.5176089
7/7/7/6/3/7/1/5/4 3 3,X,-2.6666666666666666666666666666,0,BLOCK,X,0.478529,0.6144838
7/7/7/6/3/7/5/1/4 3 3,Z,-2,0,BLOCK,Z,0.06488314,0.1351824
7/7/7/4/3/7/5/5/2 3 3,Z,2,0,BLOCK,Z,0.5492596,0.616131
7/7/7/6/3/7/1/5/2 3 3,X,-2,0,BLOCK,X,0.516102,0.6961839
7/7/7/6/3/7/5/1/2 3 3,Z,-2,0,BLOCK,Z,1.726246,1.022035
7/7/7/4/3/7/5/5/1 3 3,Z,2,2,BLOCK,Z,1.020147,0.6348665
7/7/7/6/3/7/1/5/1 3 3,X,-1.3333333333333333333333333334,2,BLOCK,X,1.030596,0.6548826
7/7/7/6/3/7/5/1/1 3 3,Z,-2,0,BLOCK,Z,0.329481,0.3359644
7/7/7/4/3/7/5/3/4 3 3,Z,2.20,2,BLOCK,Z,1.070582,0.6629018
7/7/7/6/3/7/1/3/4 3 3,X,-2.6666666666666666666666666666,0,BLOCK,X,0.4479929,0.6470334
7/7/7/4/3/7/5/3/2 3 3,Z,2.20,0,BLOCK,Z,0.4451618,0.630568
7/7/7/6/3/7/1/3/2 3 3,X,-2,0,BLOCK,X,0.5150504,0.7301012
7/7/7/4/3/7/5/3/1 3 3,Z,2.20,0,BLOCK,Z,0.7856482,0.7127053
7/7/7/6/3/7/1/3/1 3 3,X,-1.3333333333333333333333333334,0,BLOCK,X,0.392289,0.4814442
7/7/7/4/3/7/3/2/6 3 3,Z,2,0,BLOCK,Z,0.7191613,0.6280247
7/7/7/6/3/7/3/2/4 3 3,X,-1,2,BLOCK,X,1.354231,0.9538242
7/7/7/4/3/7/3/2/5 3 3,Z,2,0,BLOCK,Z,0.7523822,0.6037294
7/7/7/4/3/7/3/2/3 3 3,Z,2,2,BLOCK,Z,1.016785,0.5082457
7/7/7/4/3/7/3/6/4 3 3,Z,1.80,0,BLOCK,Z,0.5566202,0.6093742
7/7/7/6/3/7/3/4/4 3 3,Z,2,0,BLOCK,Z,1.719694,1.068369
7/7/7/4/3/7/3/6/2 3 3,Z,1.80,0,BLOCK,Z,0.4106113,0.5384245
7/7/7/6/3/7/3/4/2 3 3,Z,2,0,BLOCK,Z,0.3910909,0.470042
7/7/7/4/3/7/3/6/1 3 3,Z,1.80,0,BLOCK,Z,0.5795547,0.551298
7/7/7/6/3/7/3/4/1 3 3,Z,2,0,BLOCK,Z,0.2947264,0.3939237
7/7/7/4/3/7/3/5/4 3 3,Z,2,0,BLOCK,Z,0.4189679,0.4914258
7/7/7/6/3/7/3/1/4 3 3,Z,-2,0,BLOCK,Z,1.688673,1.025892
7/7/7/4/3/7/3/5/2 3 3,Z,2,0,BLOCK,Z,0.5119299,0.5162338
7/7/7/6/3/7/3/1/2 3 3,Z,-2,0,BLOCK,Z,0.3652465,0.3535642
7/7/7/4/3/7/3/5/1 3 3,Z,2,0,BLOCK,Z,0.6106036,0.5338715
7/7/7/6/3/7/3/1/1 3 3,Z,-2,0,BLOCK,Z,0.2860544,0.3339933
7/7/7/4/3/7/3/3/4 3 3,Z,2.20,2,BLOCK,Z,1.073739,0.6931202
7/7/7/4/3/7/3/3/2 3 3,Z,2.20,0,BLOCK,Z,0.5096067,0.5761741
7/7/7/4/3/7/3/3/1 3 3,Z,2.20,0,BLOCK,Z,0.8004086,0.6622593
7/7/7/4/3/7/7/2/4 3 3,Z,2,0,BLOCK,Z,0.7345327,0.7018799
7/7/7/4/3/7/7/2/2 3 3,Z,2,0,BLOCK,Z,0.5807096,0.6346564
7/7/7/4/3/7/7/2/1 3 3,Z,2,0,BLOCK,Z,0.6439066,0.7036951
7/7/7/4/7/2/2/6/7 3 3,Z,1.8,0,BLOCK,Z,0.2995089,0.5322989
7/7/7/6/7/2/2/4/7 3 3,Z,2,0,BLOCK,Z,0.6886266,0.656986
7/7/7/4/7/2/2/5/7 3 3,Z,2,0,BLOCK,Z,0.3858171,0.3184328
7/7/7/6/7/2/2/1/7 3 3,Z,-2,0,BLOCK,Z,0.3511158,0.3126206
7/7/7/4/7/2/2/3/7 3 3,Z,2.2,0,BLOCK,Z,0.4211386,0.4530437
7/7/7/4/7/2/2/7/6 3 3,Z,2,0,BLOCK,Z,0.2550601,0.3730971
7/7/7/4/7/2/2/7/5 3 3,Z,2,0,BLOCK,Z,0.542138,0.5446447
7/7/7/4/7/2/2/7/3 3 3,Z,2,0,BLOCK,Z,0.2140729,0.3005168
7/7/7/4/7/2/6/2/7 3 3,Z,2,2,BLOCK,Z,1.126296,0.7104729
7/7/7/6/7/2/4/2/7 3 3,X,2,0,BLOCK,X,0.4472899,0.7104433
7/7/7/4/7/2/6/6/6 3 3,Z,1.8,2,BLOCK,Z,1.33616,0.8252189
7/7/7/6/7/2/4/6/6 3 3,X,1.5,0,BLOCK,X,1.088244,0.7624583
7/7/7/6/7/2/6/4/6 3 3,Z,2,0,BLOCK,Z,0.5358997,0.6154395
7/7/7/4/7/2/6/6/5 3 3,Z,1.8,0,BLOCK,Z,0.2197785,0.360826
7/7/7/6/7/2/4/6/5 3 3,X,2,0,BLOCK,X,0.7074621,0.6802032
7/7/7/6/7/2/6/4/5 3 3,Z,2,0,BLOCK,Z,0.5886567,0.5906679
7/7/7/4/7/2/6/6/3 3 3,Z,1.8,0,BLOCK,Z,0.3383483,0.4313012
7/7/7/6/7/2/4/6/3 3 3,X,2.5,0,BLOCK,X,1.58833,1.109684
7/7/7/6/7/2/6/4/3 3 3,Z,2,0,BLOCK,Z,0.5220586,0.5380435
7/7/7/4/7/2/6/5/6 3 3,Z,2,2,BLOCK,Z,1.194687,0.8211218
7/7/7/6/7/2/4/5/6 3 3,X,1.5,0,BLOCK,X,1.240026,0.7637367
7/7/7/6/7/2/6/1/6 3 3,Z,-2,2,BLOCK,Z,1.572063,0.95609
7/7/7/4/7/2/6/5/5 3 3,Z,2,2,BLOCK,Z,1.117334,0.8408457
7/7/7/6/7/2/4/5/5 3 3,X,2,0,BLOCK,X,1.384236,0.8122724
7/7/7/6/7/2/6/1/5 3 3,Z,-2,0,BLOCK,Z,1.643006,1.015014
7/7/7/4/7/2/6/5/3 3 3,Z,2,0,BLOCK,Z,0.416468,0.4889048
7/7/7/6/7/2/4/5/3 3 3,X,2.5,0,BLOCK,X,1.638497,1.004629
7/7/7/6/7/2/6/1/3 3 3,Z,-2,0,BLOCK,Z,0.2508555,0.2469241
7/7/7/4/7/2/6/3/6 3 3,Z,2.2,0,BLOCK,Z,0.1649526,0.2311875
7/7/7/6/7/2/4/3/6 3 3,X,1.5,0,BLOCK,X,0.3593286,0.4983763
7/7/7/4/7/2/6/3/5 3 3,Z,2.2,2,BLOCK,Z,1.197397,0.7594448
7/7/7/6/7/2/4/3/5 3 3,X,2,0,BLOCK,X,0.8524151,0.8019843
7/7/7/4/7/2/6/3/3 3 3,Z,2.2,0,BLOCK,Z,0.3886602,0.2952245
7/7/7/6/7/2/4/3/3 3 3,X,2.5,0,BLOCK,X,0.5007464,0.6870688
7/7/7/4/7/2/6/7/4 3 3,Z,2,2,BLOCK,Z,1.221085,0.7491239
7/7/7/6/7/2/4/7/4 3 3,X,1.5,0,BLOCK,X,0.4959215,0.5922643
7/7/7/4/7/2/6/7/2 3 3,Z,2,0,BLOCK,Z,0.233235,0.3484225
7/7/7/6/7/2/4/7/2 3 3,X,2,0,BLOCK,X,0.4241082,0.6527398
7/7/7/4/7/2/6/7/1 3 3,Z,2,0,BLOCK,Z,0.2245752,0.4368988
7/7/7/6/7/2/4/7/1 3 3,X,2.5,0,BLOCK,X,1.632945,1.110828
7/7/7/4/7/2/5/2/7 3 3,Z,2,0,BLOCK,Z,0.3244503,0.3847427
7/7/7/6/7/2/1/2/7 3 3,X,-2,2,BLOCK,X,1.310034,0.7953599
7/7/7/4/7/2/5/6/6 3 3,Z,1.8,2,BLOCK,Z,1.328836,0.9300895
7/7/7/6/7/2/1/6/6 3 3,X,-2.5,0,BLOCK,X,1.653877,1.100481
7/7/7/6/7/2/5/4/6 3 3,Z,2,0,BLOCK,Z,1.603539,1.010197
7/7/7/4/7/2/5/6/5 3 3,Z,1.8,0,BLOCK,Z,0.08595755,0.206642
7/7/7/6/7/2/1/6/5 3 3,X,-2,0,BLOCK,X,1.238459,0.8606324
7/7/7/6/7/2/5/4/5 3 3,Z,2,0,BLOCK,Z,0.4045322,0.5041077
7/7/7/4/7/2/5/6/3 3 3,Z,1.8,0,BLOCK,Z,0.1835637,0.3397099
7/7/7/6/7/2/1/6/3 3 3,X,-1.5,0,BLOCK,X,0.3260548,0.4901093
7/7/7/6/7/2/5/4/3 3 3,Z,2,0,BLOCK,Z,0.5959888,0.6867524
7/7/7/4/7/2/5/5/6 3 3,Z,2,0,BLOCK,Z,0.3592647,0.3638406
7/7/7/6/7/2/1/5/6 3 3,X,-2.5,2,BLOCK,X,1.658108,1.01454
7/7/7/6/7/2/5/1/6 3 3,Z,-2,0,BLOCK,Z,1.698743,0.9610611
7/7/7/4/7/2/5/5/5 3 3,Z,2,0,BLOCK,Z,0.05147534,0.05924639
7/7/7/6/7/2/1/5/5 3 3,X,-2,0,BLOCK,X,0.8119697,0.7152081
7/7/7/6/7/2/5/1/5 3 3,Z,-2,0,BLOCK,Z,0.3132879,0.2714869
7/7/7/4/7/2/5/5/3 3 3,Z,2,0,BLOCK,Z,0.1995266,0.2808411
7/7/7/6/7/2/1/5/3 3 3,X,-1.5,0,BLOCK,X,1.141658,0.7385464
7/7/7/6/7/2/5/1/3 3 3,Z,-2,0,BLOCK,Z,1.645793,1.007518
7/7/7/4/7/2/5/3/6 3 3,Z,2.2,2,BLOCK,Z,1.141367,0.6326941
7/7/7/6/7/2/1/3/6 3 3,X,-2.5,2,BLOCK,X,1.632475,0.9727728
7/7/7/4/7/2/5/3/5 3 3,Z,2.2,0,BLOCK,Z,0.09265674,0.117705
7/7/7/6/7/2/1/3/5 3 3,X,-2,0,BLOCK,X,0.8672893,0.7305635
7/7/7/4/7/2/5/3/3 3 3,Z,2.2,0,BLOCK,Z,0.08139974,0.173872
7/7/7/6/7/2/1/3/3 3 3,X,-1.5,2,BLOCK,X,1.181878,0.7003057
7/7/7/4/7/2/5/7/4 3 3,Z,2,2,BLOCK,Z,1.24554,0.7310398
7/7/7/6/7/2/1/7/4 3 3,X,-2.5,0,BLOCK,X,1.698705,1.156185
7/7/7/4/7/2/5/7/2 3 3,Z,2,2,BLOCK,Z,1.186528,0.707916
7/7/7/6/7/2/1/7/2 3 3,X,-2,0,BLOCK,X,1.605377,1.062404
7/7/7/4/7/2/5/7/1 3 3,Z,2,0,BLOCK,Z,0.3726909,0.5134158
7/7/7/6/7/2/1/7/1 3 3,X,-1.5,0,BLOCK,X,0.5892801,0.5585009
7/7/7/4/7/2/3/2/7 3 3,Z,2,0,BLOCK,Z,0.4441947,0.4334241
7/7/7/4/7/2/3/6/6 3 3,Z,1.8,0,BLOCK,Z,0.1141513,0.2795063
7/7/7/6/7/2/3/4/6 3 3,Z,2,2,BLOCK,Z,1.546685,0.9201462
7/7/7/4/7/2/3/6/5 3 3,Z,1.8,2,BLOCK,Z,1.376263,0.932803
7/7/7/6/7/2/3/4/5 3 3,Z,2,0,BLOCK,Z,0.3502407,0.3928453
7/7/7/4/7/2/3/6/3 3 3,Z,1.8,0,BLOCK,Z,0.2763608,0.3981419
7/7/7/6/7/2/3/4/3 3 3,Z,2,0,BLOCK,Z,0.2938668,0.3472735
7/7/7/4/7/2/3/5/6 3 3,Z,2,0,BLOCK,Z,0.03229886,0.1547713
7/7/7/6/7/2/3/1/6 3 3,Z,-2,0,BLOCK,Z,0.1901096,0.1415923
7/7/7/4/7/2/3/5/5 3 3,Z,2,2,BLOCK,Z,1.220878,0.8287449
7/7/7/6/7/2/3/1/5 3 3,Z,-2,2,BLOCK,Z,1.586919,0.9718788
7/7/7/4/7/2/3/5/3 3 3,Z,2,0,BLOCK,Z,0.0870401,0.1664166
7/7/7/6/7/2/3/1/3 3 3,Z,-2,0,BLOCK,Z,0.325997,0.3425417
7/7/7/4/7/2/3/3/6 3 3,Z,2.2,0,BLOCK,Z,0.188929,0.1454835
7/7/7/4/7/2/3/3/5 3 3,Z,2.2,0,BLOCK,Z,0.3493193,0.3670295
7/7/7/4/7/2/3/3/3 3 3,Z,2.2,2,BLOCK,Z,1.134869,0.6524528
7/7/7/4/7/2/3/7/4 3 3,Z,2,0,BLOCK,Z,0.427087,0.4465834
7/7/7/4/7/2/3/7/2 3 3,Z,2,0,BLOCK,Z,0.07652842,0.1807211
7/7/7/4/7/2/3/7/1 3 3,Z,2,0,BLOCK,Z,0.5125182,0.4219866
7/7/7/4/7/2/7/2/6 3 3,Z,2,0,BLOCK,Z,0.3459365,0.4683354
7/7/7/4/7/2/7/2/5 3 3,Z,2,0,BLOCK,Z,0.3415632,0.413914
7/7/7/4/7/2/7/2/3 3 3,Z,2,2,BLOCK,Z,1.151868,0.7413414
7/7/7/4/7/2/7/6/4 3 3,Z,1.8,0,BLOCK,Z,0.4818752,0.4677432
7/7/7/6/7/2/7/4/4 3 3,Z,2,0,BLOCK,Z,0.2961385,0.3535109
7/7/7/4/7/2/7/6/2 3 3,Z,1.8,0,BLOCK,Z,0.2483289,0.4017736
7/7/7/6/7/2/7/4/2 3 3,Z,2,0,BLOCK,Z,0.1834918,0.2836992
7/7/7/4/7/2/7/6/1 3 3,Z,1.8,2,BLOCK,Z,1.334539,0.793115
7/7/7/6/7/2/7/4/1 3 3,Z,2,0,BLOCK,Z,0.2914716,0.3890646
7/7/7/4/7/2/7/5/4 3 3,Z,2,0,BLOCK,Z,0.1455218,0.2779424
7/7/7/6/7/2/7/1/4 3 3,Z,-2,0,BLOCK,Z,0.3834784,0.372559
7/7/7/4/7/2/7/5/2 3 3,Z,2,0,BLOCK,Z,0.1914317,0.2369218
7/7/7/6/7/2/7/1/2 3 3,Z,-2,0,BLOCK,Z,0.216191,0.1829677
7/7/7/4/7/2/7/5/1 3 3,Z,2,2,BLOCK,Z,1.236248,0.7485033
7/7/7/6/7/2/7/1/1 3 3,Z,-2,0,BLOCK,Z,0.1920062,0.2397233
7/7/7/4/7/2/7/3/4 3 3,Z,2.2,0,BLOCK,Z,0.1881587,0.2311035
7/7/7/4/7/2/7/3/2 3 3,Z,2.2,0,BLOCK,Z,0.09512388,0.1789083
7/7/7/4/7/2/7/3/1 3 3,Z,2.2,0,BLOCK,Z,0.5035355,0.4566877
7/7/7/4/7/6/2/2/7 3 3,Z,1.8,2,BLOCK,Z,0.9244751,0.5450892
7/7/7/6/7/4/2/2/7 3 3,Z,2,2,BLOCK,Z,1.088426,0.6984892
7/7/7/4/7/6/2/6/6 3 3,Z,1.6,2,BLOCK,Z,0.9130569,0.4771247
7/7/7/6/7/4/2/6/6 3 3,Z,1.6,0,BLOCK,Z,0.5910199,0.6747708
7/7/7/6/7/6/2/4/6 3 3,Z,2,0,BLOCK,Z,1.723467,1.037278
7/7/7/4/7/6/2/6/5 3 3,Z,1.6,0,BLOCK,Z,0.5472718,0.4325292
7/7/7/6/7/4/2/6/5 3 3,Z,1.6,0,BLOCK,Z,0.5511972,0.6229113
7/7/7/6/7/6/2/4/5 3 3,Z,2,0,BLOCK,Z,1.591346,1.01501
7/7/7/4/7/6/2/6/3 3 3,Z,1.6,0,BLOCK,Z,0.4969688,0.5110806
7/7/7/6/7/4/2/6/3 3 3,Z,1.6,0,BLOCK,Z,0.7705879,0.642576
7/7/7/6/7/6/2/4/3 3 3,Z,2,0,BLOCK,Z,1.706428,1.104075
7/7/7/4/7/6/2/5/6 3 3,Z,1.8,2,BLOCK,Z,0.9128936,0.5449879
7/7/7/6/7/4/2/5/6 3 3,Z,2,0,BLOCK,Z,0.671136,0.7611713
7/7/7/6/7/6/2/1/6 3 3,Z,-2,0,BLOCK,Z,1.509541,0.994108
7/7/7/4/7/6/2/5/5 3 3,Z,1.8,2,BLOCK,Z,0.9115411,0.5441505
7/7/7/6/7/4/2/5/5 3 3,Z,2,0,BLOCK,Z,1.306118,0.7642034
7/7/7/6/7/6/2/1/5 3 3,Z,-2,0,BLOCK,Z,1.545919,0.9707144
7/7/7/4/7/6/2/5/3 3 3,Z,1.8,0,BLOCK,Z,0.22323,0.4456201
7/7/7/6/7/4/2/5/3 3 3,Z,2,0,BLOCK,Z,0.8100049,0.7499008
7/7/7/6/7/6/2/1/3 3 3,Z,-2,0,BLOCK,Z,0.3570487,0.3227588
7/7/7/4/7/6/2/3/6 3 3,Z,2.0,0,BLOCK,Z,0.4417416,0.5656332
7/7/7/6/7/4/2/3/6 3 3,Z,2.4,0,BLOCK,Z,0.5989866,0.7887483
7/7/7/4/7/6/2/3/5 3 3,Z,2.0,2,BLOCK,Z,0.9640228,0.5728631
7/7/7/6/7/4/2/3/5 3 3,Z,2.4,0,BLOCK,Z,0.6140458,0.7898576
7/7/7/4/7/6/2/3/3 3 3,Z,2.0,0,BLOCK,Z,0.3005897,0.527176
7/7/7/6/7/4/2/3/3 3 3,Z,2.4,0,BLOCK,Z,0.6169339,0.7803097
7/7/7/4/7/6/2/7/4 3 3,Z,1.8,0,BLOCK,Z,0.657158,0.3841565
7/7/7/6/7/4/2/7/4 3 3,Z,2,0,BLOCK,Z,0.6283314,0.8340821
7/7/7/4/7/6/2/7/2 3 3,Z,1.8,0,BLOCK,Z,0.4641095,0.5451354
7/7/7/6/7/4/2/7/2 3 3,Z,2,0,BLOCK,Z,0.6843793,0.8417342
7/7/7/4/7/6/2/7/1 3 3,Z,1.8,0,BLOCK,Z,0.4871619,0.4684114
7/7/7/6/7/4/2/7/1 3 3,Z,2,0,BLOCK,Z,0.6090753,0.803588
7/7/7/4/7/6/6/2/6 3 3,Z,1.8,2,BLOCK,Z,0.925314,0.5923474
7/7/7/6/7/4/6/2/6 3 3,Z,2,0,BLOCK,Z,0.5236309,0.6640552
7/7/7/6/7/6/4/2/6 3 3,X,1.3333333333333333333333333334,2,BLOCK,X,1.081376,0.6519867
7/7/7/4/7/6/6/2/5 3 3,Z,1.8,0,BLOCK,Z,0.2619374,0.4364633
7/7/7/6/7/4/6/2/5 3 3,Z,2,0,BLOCK,Z,0.46114,0.778922
7/7/7/6/7/6/4/2/5 3 3,X,2,0,BLOCK,X,0.5409641,0.6921384
7/7/7/6/7/6/6/2/1 3 3,X,1,0,BLOCK,X,0.9915254,0.905427
7/7/7/4/7/6/6/2/3 3 3,Z,1.8,0,BLOCK,Z,0.5779808,0.5166841
7/7/7/6/7/4/6/2/3 3 3,Z,2,0,BLOCK,Z,0.2833287,0.4373349
7/7/7/6/7/6/4/2/3 3 3,X,2.6666666666666666666666666666,2,BLOCK,X,1.633027,0.9672661
7/7/7/4/7/6/6/6/4 3 3,Z,1.6,2,BLOCK,Z,0.8997151,0.5741721
7/7/7/6/7/4/6/6/4 3 3,Z,1.6,2,BLOCK,Z,1.150481,0.7265881
7/7/7/6/7/6/4/6/4 3 3,X,1.3333333333333333333333333334,0,BLOCK,X,0.3576487,0.4139446
7/7/7/6/7/6/6/4/4 3 3,Z,2,0,BLOCK,Z,0.2899002,0.4142149
7/7/7/4/7/6/6/6/2 3 3,Z,1.6,0,BLOCK,Z,0.273395,0.360139
7/7/7/6/7/4/6/6/2 3 3,Z,1.6,0,BLOCK,Z,0.4123052,0.6205872
7/7/7/6/7/6/4/6/2 3 3,X,2,0,BLOCK,X,0.2398468,0.5372106
7/7/7/6/7/6/6/4/2 3 3,Z,2,0,BLOCK,Z,0.2784661,0.3832766
7/7/7/4/7/6/6/6/1 3 3,Z,1.6,0,BLOCK,Z,0.3979853,0.5020828
7/7/7/6/7/4/6/6/1 3 3,Z,1.6,0,BLOCK,Z,0.3922889,0.5577826
7/7/7/6/7/6/4/6/1 3 3,X,2.6666666666666666666666666666,0,BLOCK,X,0.3164366,0.5497168
7/7/7/6/7/6/6/4/1 3 3,Z,2,0,BLOCK,Z,1.730709,1.005603
7/7/7/4/7/6/6/5/4 3 3,Z,1.8,0,BLOCK,Z,0.335751,0.4525928
7/7/7/6/7/4/6/5/4 3 3,Z,2,0,BLOCK,Z,0.5458122,0.8051484
7/7/7/6/7/6/4/5/4 3 3,X,1.3333333333333333333333333334,0,BLOCK,X,1.073679,0.6173642
7/7/7/6/7/6/6/1/4 3 3,Z,-2,0,BLOCK,Z,0.464507,0.5293511
7/7/7/4/7/6/6/5/2 3 3,Z,1.8,2,BLOCK,Z,0.9816308,0.5788206
7/7/7/6/7/4/6/5/2 3 3,Z,2,0,BLOCK,Z,0.6804291,0.7812311
7/7/7/6/7/6/4/5/2 3 3,X,2,0,BLOCK,X,0.5019614,0.6656479
7/7/7/6/7/6/6/1/2 3 3,Z,-2,0,BLOCK,Z,0.3712494,0.4358371
7/7/7/4/7/6/6/5/1 3 3,Z,1.8,0,BLOCK,Z,0.200776,0.423173
7/7/7/6/7/4/6/5/1 3 3,Z,2,0,BLOCK,Z,0.5612082,0.6114125
7/7/7/6/7/6/4/5/1 3 3,X,2.6666666666666666666666666666,0,BLOCK,X,0.3880283,0.4449636
7/7/7/6/7/6/6/1/1 3 3,Z,-2,2,BLOCK,Z,1.579875,1.016903
7/7/7/4/7/6/6/3/4 3 3,Z,2,0,BLOCK,Z,0.5003842,0.5338343
7/7/7/6/7/4/6/3/4 3 3,Z,2.4,0,BLOCK,Z,0.5366096,0.8433175
7/7/7/6/7/6/4/3/4 3 3,X,1.3333333333333333333333333334,2,BLOCK,X,1.044316,0.6699613
7/7/7/4/7/6/6/3/2 3 3,Z,2,0,BLOCK,Z,0.3432237,0.4782034
7/7/7/6/7/4/6/3/2 3 3,Z,2.4,0,BLOCK,Z,0.5607703,0.8513191
7/7/7/6/7/6/4/3/2 3 3,X,2,0,BLOCK,X,0.7698842,0.6698367
7/7/7/4/7/6/6/3/1 3 3,Z,2,0,BLOCK,Z,0.2785825,0.4478946
7/7/7/6/7/4/6/3/1 3 3,Z,2.4,0,BLOCK,Z,0.4717246,0.7018682
7/7/7/6/7/6/4/3/1 3 3,X,2.6666666666666666666666666666,0,BLOCK,X,0.1177398,0.2345717
7/7/7/4/7/6/5/2/6 3 3,Z,1.8,0,BLOCK,Z,0.358167,0.5033357
7/7/7/6/7/4/5/2/6 3 3,Z,2,2,BLOCK,Z,1.293158,0.7792444
7/7/7/6/7/6/1/2/6 3 3,X,-2.6666666666666666666666666666,0,BLOCK,X,0.4970349,0.8438466
7/7/7/4/7/6/5/2/5 3 3,Z,1.8,2,BLOCK,Z,0.9473951,0.5330272
7/7/7/6/7/4/5/2/5 3 3,Z,2,0,BLOCK,Z,0.4681188,0.7332919
7/7/7/6/7/6/1/2/5 3 3,X,-2,0,BLOCK,X,0.3579171,0.6470667
7/7/7/4/7/6/5/2/3 3 3,Z,1.8,2,BLOCK,Z,0.9521229,0.5360556
7/7/7/6/7/4/5/2/3 3 3,Z,2,0,BLOCK,Z,0.4681195,0.5805482
7/7/7/6/7/6/1/2/3 3 3,X,-1.3333333333333333333333333334,0,BLOCK,X,0.3128038,0.4508116
7/7/7/4/7/6/5/6/4 3 3,Z,1.6,2,BLOCK,Z,0.8951771,0.541743
7/7/7/6/7/4/5/6/4 3 3,Z,1.6,0,BLOCK,Z,0.4819236,0.6612315
7/7/7/6/7/6/1/6/4 3 3,X,-2.6666666666666666666666666666,0,BLOCK,X,0.4923004,0.5336155
7/7/7/6/7/6/5/4/4 3 3,Z,2,0,BLOCK,Z,0.2773979,0.4068042
7/7/7/4/7/6/5/6/2 3 3,Z,1.6,0,BLOCK,Z,0.5095778,0.449606
7/7/7/6/7/4/5/6/2 3 3,Z,1.6,0,BLOCK,Z,0.67132,0.6769779
7/7/7/6/7/6/1/6/2 3 3,X,-2,0,BLOCK,X,0.5968418,0.7350768
7/7/7/6/7/6/5/4/2 3 3,Z,2,0,BLOCK,Z,1.725311,1.03645
7/7/7/4/7/6/5/6/1 3 3,Z,1.6,0,BLOCK,Z,0.350433,0.3214501
7/7/7/6/7/4/5/6/1 3 3,Z,1.6,0,BLOCK,Z,0.6270956,0.7068269
7/7/7/6/7/6/1/6/1 3 3,X,-1.3333333333333333333333333334,0,BLOCK,X,0.183707,0.2994352
7/7/7/6/7/6/5/4/1 3 3,Z,2,0,BLOCK,Z,0.3237462,0.439179
7/7/7/4/7/6/5/5/4 3 3,Z,1.8,0,BLOCK,Z,0.3499542,0.4805226
7/7/7/6/7/4/5/5/4 3 3,Z,2,0,BLOCK,Z,0.6759235,0.8095133
7/7/7/6/7/6/1/5/4 3 3,X,-2.6666666666666666666666666666,0,BLOCK,X,0.4638717,0.4895787
7/7/7/6/7/6/5/1/4 3 3,Z,-2,0,BLOCK,Z,0.4396004,0.4290434
7/7/7/4/7/6/5/5/2 3 3,Z,1.8,0,BLOCK,Z,0.1933471,0.4519327
7/7/7/6/7/4/5/5/2 3 3,Z,2,0,BLOCK,Z,0.8123097,0.8309966
7/7/7/6/7/6/1/5/2 3 3,X,-2,0,BLOCK,X,0.604129,0.6961343
7/7/7/6/7/6/5/1/2 3 3,Z,-2,2,BLOCK,Z,1.552649,0.9303428
7/7/7/4/7/6/5/5/1 3 3,Z,1.8,0,BLOCK,Z,0.268756,0.4469805
7/7/7/6/7/4/5/5/1 3 3,Z,2,0,BLOCK,Z,0.644475,0.8185895
7/7/7/6/7/6/1/5/1 3 3,X,-1.3333333333333333333333333334,0,BLOCK,X,0.7967194,0.5168175
7/7/7/6/7/6/5/1/1 3 3,Z,-2,2,BLOCK,Z,1.637108,0.9932908
7/7/7/4/7/6/5/3/4 3 3,Z,2,0,BLOCK,Z,0.5243772,0.5117081
7/7/7/6/7/4/5/3/4 3 3,Z,2.4,0,BLOCK,Z,0.6238424,0.7661767
7/7/7/6/7/6/1/3/4 3 3,X,-2.6666666666666666666666666666,0,BLOCK,X,0.1214062,0.2394409
7/7/7/4/7/6/5/3/2 3 3,Z,2,0,BLOCK,Z,0.9077761,0.5632969
7/7/7/6/7/4/5/3/2 3 3,Z,2.4,0,BLOCK,Z,0.5903282,0.912953
7/7/7/6/7/6/1/3/2 3 3,X,-2,0,BLOCK,X,1.736006,1.122837
7/7/7/4/7/6/5/3/1 3 3,Z,2,0,BLOCK,Z,0.3652432,0.5226284
7/7/7/6/7/4/5/3/1 3 3,Z,2.4,0,BLOCK,Z,0.5688304,0.8310782
7/7/7/6/7/6/1/3/1 3 3,X,-1.3333333333333333333333333334,0,BLOCK,X,0.311884,0.3992007
7/7/7/4/7/6/3/2/6 3 3,Z,1.8,0,BLOCK,Z,0.4239718,0.5552012
7/7/7/6/7/4/3/2/6 3 3,Z,2,0,BLOCK,Z,0.2211241,0.3866083
7/7/7/6/7/6/3/2/4 3 3,X,-1,0,BLOCK,X,0.7602571,0.9819208
7/7/7/4/7/6/3/2/5 3 3,Z,1.8,0,BLOCK,Z,0.4910865,0.5358976
7/7/7/6/7/4/3/2/5 3 3,Z,2,0,BLOCK,Z,0.2312654,0.4134651
7/7/7/4/7/6/3/2/3 3 3,Z,1.8,0,BLOCK,Z,0.5365043,0.5359996
7/7/7/6/7/4/3/2/3 3 3,Z,2,0,BLOCK,Z,0.501853,0.5672603
7/7/7/4/7/6/3/6/4 3 3,Z,1.6,0,BLOCK,Z,0.3604618,0.3502989
7/7/7/6/7/4/3/6/4 3 3,Z,1.6,0,BLOCK,Z,0.3674638,0.5036451
7/7/7/6/7/6/3/4/4 3 3,Z,2,0,BLOCK,Z,1.718714,1.014646
7/7/7/4/7/6/3/6/2 3 3,Z,1.6,0,BLOCK,Z,0.3510817,0.4969922
7/7/7/6/7/4/3/6/2 3 3,Z,1.6,0,BLOCK,Z,0.5630423,0.6491042
7/7/7/6/7/6/3/4/2 3 3,Z,2,0,BLOCK,Z,0.2479406,0.3533417
7/7/7/4/7/6/3/6/1 3 3,Z,1.6,0,BLOCK,Z,0.4912687,0.5373413
7/7/7/6/7/4/3/6/1 3 3,Z,1.6,0,BLOCK,Z,0.5419847,0.7380382
7/7/7/6/7/6/3/4/1 3 3,Z,2,0,BLOCK,Z,0.2544568,0.3954284
7/7/7/4/7/6/3/5/4 3 3,Z,1.8,0,BLOCK,Z,0.6961078,0.4687105
7/7/7/6/7/4/3/5/4 3 3,Z,2,0,BLOCK,Z,0.3784547,0.4714762
7/7/7/6/7/6/3/1/4 3 3,Z,-2,0,BLOCK,Z,1.621234,1.018669
7/7/7/4/7/6/3/5/2 3 3,Z,1.8,0,BLOCK,Z,0.5373282,0.3748837
7/7/7/6/7/4/3/5/2 3 3,Z,2,0,BLOCK,Z,0.586365,0.8007132
7/7/7/6/7/6/3/1/2 3 3,Z,-2,0,BLOCK,Z,0.416886,0.4255053
7/7/7/4/7/6/3/5/1 3 3,Z,1.8,0,BLOCK,Z,0.4344176,0.5000096
7/7/7/6/7/4/3/5/1 3 3,Z,2,0,BLOCK,Z,0.7354313,0.8551241
7/7/7/6/7/6/3/1/1 3 3,Z,-2,0,BLOCK,Z,0.1658513,0.2139704
7/7/7/4/7/6/3/3/4 3 3,Z,2,2,BLOCK,Z,1.089978,0.5463935
7/7/7/6/7/4/3/3/4 3 3,Z,2.4,0,BLOCK,Z,0.5878863,0.787358
7/7/7/4/7/6/3/3/2 3 3,Z,2,0,BLOCK,Z,0.5721518,0.445629
7/7/7/6/7/4/3/3/2 3 3,Z,2.4,0,BLOCK,Z,0.5308975,0.7794055
7/7/7/4/7/6/3/3/1 3 3,Z,2,0,BLOCK,Z,0.3501491,0.3846469
7/7/7/6/7/4/3/3/1 3 3,Z,2.4,2,BLOCK,Z,1.422838,0.882041
7/7/7/4/7/6/7/2/4 3 3,Z,1.8,2,BLOCK,Z,1.047147,0.633628
7/7/7/6/7/4/7/2/4 3 3,Z,2,0,BLOCK,Z,0.3179399,0.4824623
7/7/7/4/7/6/7/2/2 3 3,Z,1.8,0,BLOCK,Z,0.4439114,0.5009897
7/7/7/6/7/4/7/2/2 3 3,Z,2,0,BLOCK,Z,0.5482366,0.6476643
7/7/7/4/7/6/7/2/1 3 3,Z,1.8,2,BLOCK,Z,1.041941,0.631516
7/7/7/6/7/4/7/2/1 3 3,Z,2,0,BLOCK,Z,0.1838145,0.3508129
7/7/7/4/7/5/2/2/7 3 3,Z,2,0,BLOCK,Z,0.582944,0.5425567
7/7/7/6/7/1/2/2/7 3 3,Z,-2,0,BLOCK,Z,0.3049171,0.3440602
7/7/7/4/7/5/2/6/6 3 3,Z,1.8,0,BLOCK,Z,0.4398582,0.4439813
7/7/7/6/7/1/2/6/6 3 3,Z,-2.4,2,BLOCK,Z,1.414534,0.8515338
7/7/7/6/7/5/2/4/6 3 3,Z,2,0,BLOCK,Z,1.728316,1.078498
7/7/7/4/7/5/2/6/5 3 3,Z,1.8,0,BLOCK,Z,0.6714066,0.5060077
7/7/7/6/7/1/2/6/5 3 3,Z,-2.4,0,BLOCK,Z,0.7633327,0.5397268
7/7/7/6/7/5/2/4/5 3 3,Z,2,0,BLOCK,Z,1.647687,1.054363
7/7/7/4/7/5/2/6/3 3 3,Z,1.8,0,BLOCK,Z,0.6058671,0.3768997
7/7/7/6/7/1/2/6/3 3 3,Z,-2.4,0,BLOCK,Z,0.5933162,0.385093
7/7/7/6/7/5/2/4/3 3 3,Z,2,0,BLOCK,Z,0.2493323,0.3785187
7/7/7/4/7/5/2/5/6 3 3,Z,2,0,BLOCK,Z,0.5135865,0.5344355
7/7/7/6/7/1/2/5/6 3 3,Z,-2,2,BLOCK,Z,1.091732,0.7377973
7/7/7/6/7/5/2/1/6 3 3,Z,-2,0,BLOCK,Z,1.661588,1.019587
7/7/7/4/7/5/2/5/5 3 3,Z,2,0,BLOCK,Z,0.5029624,0.5271275
7/7/7/6/7/1/2/5/5 3 3,Z,-2,2,BLOCK,Z,1.061292,0.7363247
7/7/7/6/7/5/2/1/5 3 3,Z,-2,0,BLOCK,Z,1.635842,1.00142
7/7/7/4/7/5/2/5/3 3 3,Z,2,0,BLOCK,Z,0.3378659,0.3912307
7/7/7/6/7/1/2/5/3 3 3,Z,-2,0,BLOCK,Z,0.497924,0.4218922
7/7/7/6/7/5/2/1/3 3 3,Z,-2,2,BLOCK,Z,1.5616,0.9453619
7/7/7/4/7/5/2/3/6 3 3,Z,2.2,2,BLOCK,Z,1.065292,0.6230332
7/7/7/6/7/1/2/3/6 3 3,Z,-1.6,2,BLOCK,Z,0.9593903,0.6503443
7/7/7/4/7/5/2/3/5 3 3,Z,2.2,0,BLOCK,Z,0.8836761,0.5585958
7/7/7/6/7/1/2/3/5 3 3,Z,-1.6,0,BLOCK,Z,0.3558018,0.3673916
7/7/7/4/7/5/2/3/3 3 3,Z,2.2,0,BLOCK,Z,0.6306115,0.6061521
7/7/7/6/7/1/2/3/3 3 3,Z,-1.6,0,BLOCK,Z,0.2525868,0.2978955
7/7/7/4/7/5/2/7/4 3 3,Z,2,0,BLOCK,Z,0.5909598,0.6271205
7/7/7/6/7/1/2/7/4 3 3,Z,-2,0,BLOCK,Z,0.6291285,0.4244691
7/7/7/4/7/5/2/7/2 3 3,Z,2,0,BLOCK,Z,0.3831431,0.5232749
7/7/7/6/7/1/2/7/2 3 3,Z,-2,0,BLOCK,Z,0.4869044,0.4603464
7/7/7/4/7/5/2/7/1 3 3,Z,2,0,BLOCK,Z,0.6113086,0.5015181
7/7/7/6/7/1/2/7/1 3 3,Z,-2,0,BLOCK,Z,0.8112364,0.4673807
7/7/7/4/7/5/6/2/6 3 3,Z,2,0,BLOCK,Z,0.3119655,0.3475648
7/7/7/6/7/1/6/2/6 3 3,Z,-2,2,BLOCK,Z,1.175625,0.7839795
7/7/7/6/7/5/4/2/6 3 3,X,1.3333333333333333333333333334,0,BLOCK,X,0.4877271,0.5669037
7/7/7/4/7/5/6/2/5 3 3,Z,2,2,BLOCK,Z,1.024087,0.6102424
7/7/7/6/7/1/6/2/5 3 3,Z,-2,0,BLOCK,Z,0.2252889,0.2855405
7/7/7/6/7/5/4/2/5 3 3,X,2,0,BLOCK,X,1.330634,0.8399393
7/7/7/6/7/5/6/2/1 3 3,X,1,2,BLOCK,X,1.375941,0.8578629
7/7/7/4/7/5/6/2/3 3 3,Z,2,0,BLOCK,Z,0.403536,0.5264066
7/7/7/6/7/1/6/2/3 3 3,Z,-2,2,BLOCK,Z,1.425494,0.9160481
7/7/7/6/7/5/4/2/3 3 3,X,2.6666666666666666666666666666,0,BLOCK,X,1.674014,1.032345
7/7/7/4/7/5/6/6/4 3 3,Z,1.8,0,BLOCK,Z,0.450183,0.4760132
7/7/7/6/7/1/6/6/4 3 3,Z,-2.4,0,BLOCK,Z,0.5911861,0.5267949
7/7/7/6/7/5/4/6/4 3 3,X,1.3333333333333333333333333334,2,BLOCK,X,0.9995081,0.6543819
7/7/7/6/7/5/6/4/4 3 3,Z,2,0,BLOCK,Z,0.3366615,0.4555429
7/7/7/4/7/5/6/6/2 3 3,Z,1.8,2,BLOCK,Z,1.013048,0.5497782
7/7/7/6/7/1/6/6/2 3 3,Z,-2.4,0,BLOCK,Z,0.9067758,0.7085743
7/7/7/6/7/5/4/6/2 3 3,X,2,0,BLOCK,X,0.5437171,0.7149771
7/7/7/6/7/5/6/4/2 3 3,Z,2,0,BLOCK,Z,0.1367415,0.2421879
7/7/7/4/7/5/6/6/1 3 3,Z,1.8,0,BLOCK,Z,0.3816803,0.4859206
7/7/7/6/7/1/6/6/1 3 3,Z,-2.4,0,BLOCK,Z,0.4462564,0.4240555
7/7/7/6/7/5/4/6/1 3 3,X,2.6666666666666666666666666666,0,BLOCK,X,1.391844,1.028363
7/7/7/6/7/5/6/4/1 3 3,Z,2,0,BLOCK,Z,1.748521,1.02151
7/7/7/4/7/5/6/5/4 3 3,Z,2,0,BLOCK,Z,0.9073699,0.5224951
7/7/7/6/7/1/6/5/4 3 3,Z,-2,0,BLOCK,Z,0.6427447,0.6644867
7/7/7/6/7/5/4/5/4 3 3,X,1.3333333333333333333333333334,0,BLOCK,X,0.4040822,0.4594145
7/7/7/6/7/5/6/1/4 3 3,Z,-2,0,BLOCK,Z,0.2711539,0.3230414
7/7/7/4/7/5/6/5/2 3 3,Z,2,2,BLOCK,Z,1.022868,0.6321537
7/7/7/6/7/1/6/5/2 3 3,Z,-2,0,BLOCK,Z,0.9855589,0.8104566
7/7/7/6/7/5/4/5/2 3 3,X,2,0,BLOCK,X,0.5782384,0.7346516
7/7/7/6/7/5/6/1/2 3 3,Z,-2,0,BLOCK,Z,0.2515875,0.2967345
7/7/7/4/7/5/6/5/1 3 3,Z,2,2,BLOCK,Z,1.022358,0.5901927
7/7/7/6/7/1/6/5/1 3 3,Z,-2,0,BLOCK,Z,0.3740863,0.2502975
7/7/7/6/7/5/4/5/1 3 3,X,2.6666666666666666666666666666,0,BLOCK,X,0.3319855,0.6081136
7/7/7/6/7/5/6/1/1 3 3,Z,-2,0,BLOCK,Z,1.020784,0.5118098
7/7/7/4/7/5/6/3/4 3 3,Z,2.2,0,BLOCK,Z,0.6349203,0.709271
7/7/7/6/7/1/6/3/4 3 3,Z,-1.6,0,BLOCK,Z,0.5307226,0.4735972
7/7/7/6/7/5/4/3/4 3 3,X,1.3333333333333333333333333334,2,BLOCK,X,1.010575,0.6289368
7/7/7/4/7/5/6/3/2 3 3,Z,2.2,0,BLOCK,Z,0.3671215,0.4958691
7/7/7/6/7/1/6/3/2 3 3,Z,-1.6,0,BLOCK,Z,0.6096034,0.5157662
7/7/7/6/7/5/4/3/2 3 3,X,2,2,BLOCK,X,1.66696,1.066074
7/7/7/4/7/5/6/3/1 3 3,Z,2.2,2,BLOCK,Z,1.104847,0.6871001
7/7/7/6/7/1/6/3/1 3 3,Z,-1.6,0,BLOCK,Z,0.2346031,0.206596
7/7/7/6/7/5/4/3/1 3 3,X,2.6666666666666666666666666666,0,BLOCK,X,1.674958,1.060369
7/7/7/4/7/5/5/2/6 3 3,Z,2,0,BLOCK,Z,0.5748168,0.5669918
7/7/7/6/7/1/5/2/6 3 3,Z,-2,0,BLOCK,Z,0.295315,0.2226382
7/7/7/6/7/5/1/2/6 3 3,X,-2.6666666666666666666666666666,0,BLOCK,X,0.8998719,0.8609244
7/7/7/4/7/5/5/2/5 3 3,Z,2,2,BLOCK,Z,1.031995,0.5811884
7/7/7/6/7/1/5/2/5 3 3,Z,-2,0,BLOCK,Z,0.4596345,0.4528814
7/7/7/6/7/5/1/2/5 3 3,X,-2,2,BLOCK,X,1.343361,0.84268
7/7/7/4/7/5/5/2/3 3 3,Z,2,0,BLOCK,Z,0.606531,0.6391346
7/7/7/6/7/1/5/2/3 3 3,Z,-2,2,BLOCK,Z,1.261312,0.774433
7/7/7/6/7/5/1/2/3 3 3,X,-1.3333333333333333333333333334,0,BLOCK,X,1.169512,0.6698651
7/7/7/4/7/5/5/6/4 3 3,Z,1.8,2,BLOCK,Z,0.9879396,0.6074231
7/7/7/6/7/1/5/6/4 3 3,Z,-2.4,0,BLOCK,Z,0.6559068,0.5009263
7/7/7/6/7/5/1/6/4 3 3,X,-2.6666666666666666666666666666,2,BLOCK,X,1.689,0.9883057
7/7/7/6/7/5/5/4/4 3 3,Z,2,0,BLOCK,Z,0.1829567,0.3157221
7/7/7/4/7/5/5/6/2 3 3,Z,1.8,0,BLOCK,Z,0.5049332,0.5045556
7/7/7/6/7/1/5/6/2 3 3,Z,-2.4,0,BLOCK,Z,0.4758598,0.5088553
7/7/7/6/7/5/1/6/2 3 3,X,-2,0,BLOCK,X,0.5310112,0.7115254
7/7/7/6/7/5/5/4/2 3 3,Z,2,0,BLOCK,Z,1.053254,0.4335776
7/7/7/4/7/5/5/6/1 3 3,Z,1.8,0,BLOCK,Z,0.5558898,0.5229909
7/7/7/6/7/1/5/6/1 3 3,Z,-2.4,0,BLOCK,Z,0.6552091,0.5185749
7/7/7/6/7/5/1/6/1 3 3,X,-1.3333333333333333333333333334,2,BLOCK,X,1.102265,0.7183995
7/7/7/6/7/5/5/4/1 3 3,Z,2,0,BLOCK,Z,0.3543433,0.439047
7/7/7/4/7/5/5/5/4 3 3,Z,2,2,BLOCK,Z,1.059702,0.5971588
7/7/7/6/7/1/5/5/4 3 3,Z,-2,0,BLOCK,Z,1.109968,0.8456069
7/7/7/6/7/5/1/5/4 3 3,X,-2.6666666666666666666666666666,0,BLOCK,X,0.2873386,0.4854419
7/7/7/6/7/5/5/1/4 3 3,Z,-2,0,BLOCK,Z,0.4085296,0.4573893
7/7/7/4/7/5/5/5/2 3 3,Z,2,0,BLOCK,Z,0.593559,0.6146755
7/7/7/6/7/1/5/5/2 3 3,Z,-2,0,BLOCK,Z,0.7040037,0.5153095
7/7/7/6/7/5/1/5/2 3 3,X,-2,2,BLOCK,X,1.58054,0.9329688
7/7/7/6/7/5/5/1/2 3 3,Z,-2,0,BLOCK,Z,1.738082,1.013643
7/7/7/4/7/5/5/5/1 3 3,Z,2,0,BLOCK,Z,0.5206103,0.536033
7/7/7/6/7/1/5/5/1 3 3,Z,-2,2,BLOCK,Z,1.175729,0.7653925
7/7/7/6/7/5/1/5/1 3 3,X,-1.3333333333333333333333333334,0,BLOCK,X,0.140197,0.2672139
7/7/7/6/7/5/5/1/1 3 3,Z,-2,2,BLOCK,Z,1.645016,0.9888985
7/7/7/4/7/5/5/3/4 3 3,Z,2.2,2,BLOCK,Z,1.132065,0.6612249
7/7/7/6/7/1/5/3/4 3 3,Z,-1.6,0,BLOCK,Z,0.3773943,0.3776216
7/7/7/6/7/5/1/3/4 3 3,X,-2.6666666666666666666666666666,2,BLOCK,X,1.719872,1.080366
7/7/7/4/7/5/5/3/2 3 3,Z,2.2,0,BLOCK,Z,0.8989064,0.6297982
7/7/7/6/7/1/5/3/2 3 3,Z,-1.6,0,BLOCK,Z,0.4351645,0.4108952
7/7/7/6/7/5/1/3/2 3 3,X,-2,0,BLOCK,X,0.5080103,0.6164504
7/7/7/4/7/5/5/3/1 3 3,Z,2.2,2,BLOCK,Z,1.133087,0.5907388
7/7/7/6/7/1/5/3/1 3 3,Z,-1.6,0,BLOCK,Z,0.3161595,0.3777636
7/7/7/6/7/5/1/3/1 3 3,X,-1.3333333333333333333333333334,2,BLOCK,X,1.06769,0.6557618
7/7/7/4/7/5/3/2/6 3 3,Z,2,2,BLOCK,Z,1.013869,0.5876829
7/7/7/6/7/1/3/2/6 3 3,Z,-2,2,BLOCK,Z,1.221737,0.7542595
7/7/7/6/7/5/3/2/4 3 3,X,-1,2,BLOCK,X,1.342436,0.886851
7/7/7/4/7/5/3/2/5 3 3,Z,2,0,BLOCK,Z,0.5395504,0.5268098
7/7/7/6/7/1/3/2/5 3 3,Z,-2,0,BLOCK,Z,0.5068211,0.5440537
7/7/7/4/7/5/3/2/3 3 3,Z,2,0,BLOCK,Z,0.6375918,0.5812936
7/7/7/6/7/1/3/2/3 3 3,Z,-2,0,BLOCK,Z,0.3049339,0.2763936
7/7/7/4/7/5/3/6/4 3 3,Z,1.8,2,BLOCK,Z,1.008937,0.5888487
7/7/7/6/7/1/3/6/4 3 3,Z,-2.4,0,BLOCK,Z,0.4367252,0.5228202
7/7/7/6/7/5/3/4/4 3 3,Z,2,0,BLOCK,Z,1.186723,0.5604133
7/7/7/4/7/5/3/6/2 3 3,Z,1.8,0,BLOCK,Z,0.7048417,0.5720482
7/7/7/6/7/1/3/6/2 3 3,Z,-2.4,0,BLOCK,Z,0.4896557,0.5887786
7/7/7/6/7/5/3/4/2 3 3,Z,2,0,BLOCK,Z,0.1316664,0.2385979
7/7/7/4/7/5/3/6/1 3 3,Z,1.8,0,BLOCK,Z,0.4284464,0.5013279
7/7/7/6/7/1/3/6/1 3 3,Z,-2.4,0,BLOCK,Z,0.6435569,0.5875567
7/7/7/6/7/5/3/4/1 3 3,Z,2,0,BLOCK,Z,0.3240059,0.4450978
7/7/7/4/7/5/3/5/4 3 3,Z,2,0,BLOCK,Z,0.8351195,0.5755203
7/7/7/6/7/1/3/5/4 3 3,Z,-2,0,BLOCK,Z,0.3066253,0.3137522
7/7/7/6/7/5/3/1/4 3 3,Z,-2,0,BLOCK,Z,1.691097,1.028119
7/7/7/4/7/5/3/5/2 3 3,Z,2,0,BLOCK,Z,0.5016217,0.5820819
7/7/7/6/7/1/3/5/2 3 3,Z,-2,0,BLOCK,Z,1.040141,0.6481435
7/7/7/6/7/5/3/1/2 3 3,Z,-2,0,BLOCK,Z,0.2259943,0.254673
7/7/7/4/7/5/3/5/1 3 3,Z,2,0,BLOCK,Z,0.4359263,0.5526726
7/7/7/6/7/1/3/5/1 3 3,Z,-2,0,BLOCK,Z,0.8148383,0.507862
7/7/7/6/7/5/3/1/1 3 3,Z,-2,2,BLOCK,Z,1.637532,0.9920789
7/7/7/4/7/5/3/3/4 3 3,Z,2.2,0,BLOCK,Z,0.3503813,0.4662881
7/7/7/6/7/1/3/3/4 3 3,Z,-1.6,2,BLOCK,Z,1.031156,0.6920541
7/7/7/4/7/5/3/3/2 3 3,Z,2.2,0,BLOCK,Z,0.3783708,0.5967562
7/7/7/6/7/1/3/3/2 3 3,Z,-1.6,0,BLOCK,Z,0.4036176,0.3169094
7/7/7/4/7/5/3/3/1 3 3,Z,2.2,0,BLOCK,Z,0.7987435,0.655745
7/7/7/6/7/1/3/3/1 3 3,Z,-1.6,0,BLOCK,Z,0.3776509,0.4142325
7/7/7/4/7/5/7/2/4 3 3,Z,2,0,BLOCK,Z,0.4480177,0.6130031
7/7/7/6/7/1/7/2/4 3 3,Z,-2,0,BLOCK,Z,0.44846,0.3886159
7/7/7/4/7/5/7/2/2 3 3,Z,2,0,BLOCK,Z,0.5281329,0.6229118
7/7/7/6/7/1/7/2/2 3 3,Z,-2,0,BLOCK,Z,0.4590632,0.4326229
7/7/7/4/7/5/7/2/1 3 3,Z,2,0,BLOCK,Z,0.6044491,0.6414878
7/7/7/6/7/1/7/2/1 3 3,Z,-2,0,BLOCK,Z,0.668901,0.5586908
7/7/7/4/7/3/2/2/7 3 3,Z,2.2,0,BLOCK,Z,0.2785335,0.5090942
7/7/7/4/7/3/2/6/6 3 3,Z,2.0,0,BLOCK,Z,0.3467144,0.5760003
7/7/7/6/7/3/2/4/6 3 3,Z,2,0,BLOCK,Z,0.3480979,0.3385741
7/7/7/4/7/3/2/6/5 3 3,Z,2.0,0,BLOCK,Z,0.763106,0.830826
7/7/7/6/7/3/2/4/5 3 3,Z,2,0,BLOCK,Z,1.542166,0.9974802
7/7/7/4/7/3/2/6/3 3 3,Z,2.0,0,BLOCK,Z,0.8857879,0.8270214
7/7/7/6/7/3/2/4/3 3 3,Z,2,0,BLOCK,Z,0.5206879,0.5667777
7/7/7/4/7/3/2/5/6 3 3,Z,2.2,0,BLOCK,Z,0.3590946,0.6105542
7/7/7/6/7/3/2/1/6 3 3,Z,-2,0,BLOCK,Z,1.633953,1.057637
7/7/7/4/7/3/2/5/5 3 3,Z,2.2,0,BLOCK,Z,0.6528174,0.7599791
7/7/7/6/7/3/2/1/5 3 3,Z,-2,0,BLOCK,Z,1.644988,1.002044
7/7/7/4/7/3/2/5/3 3 3,Z,2.2,0,BLOCK,Z,0.3481857,0.5772409
7/7/7/6/7/3/2/1/3 3 3,Z,-2,0,BLOCK,Z,1.661769,0.9626167
7/7/7/4/7/3/2/3/6 3 3,Z,2.4,2,BLOCK,Z,1.279842,0.9119805
7/7/7/4/7/3/2/3/5 3 3,Z,2.4,0,BLOCK,Z,0.4206675,0.5828513
7/7/7/4/7/3/2/3/3 3 3,Z,2.4,0,BLOCK,Z,0.3456969,0.5603125
7/7/7/4/7/3/2/7/4 3 3,Z,2.2,2,BLOCK,Z,1.357419,0.9865836
7/7/7/4/7/3/2/7/2 3 3,Z,2.2,0,BLOCK,Z,0.5026659,0.7048441
7/7/7/4/7/3/2/7/1 3 3,Z,2.2,0,BLOCK,Z,0.3616967,0.655202
7/7/7/4/7/3/6/2/6 3 3,Z,2.2,2,BLOCK,Z,1.377634,0.8798013
7/7/7/6/7/3/4/2/6 3 3,X,1.3333333333333333333333333334,0,BLOCK,X,1.168486,0.7253103
7/7/7/4/7/3/6/2/5 3 3,Z,2.2,0,BLOCK,Z,0.5456609,0.7351906
7/7/7/6/7/3/4/2/5 3 3,X,2,0,BLOCK,X,0.4696313,0.6512308
7/7/7/6/7/3/6/2/1 3 3,X,1,0,BLOCK,X,1.397188,0.7988032
7/7/7/4/7/3/6/2/3 3 3,Z,2.2,0,BLOCK,Z,0.6835669,0.7590966
7/7/7/6/7/3/4/2/3 3 3,X,2.6666666666666666666666666666,0,BLOCK,X,0.5176025,0.7991936
7/7/7/4/7/3/6/6/4 3 3,Z,2,0,BLOCK,Z,0.5056158,0.6985486
7/7/7/6/7/3/4/6/4 3 3,X,1.3333333333333333333333333334,0,BLOCK,X,0.142388,0.2625919
7/7/7/6/7/3/6/4/4 3 3,Z,2,0,BLOCK,Z,0.2070518,0.2860992
7/7/7/4/7/3/6/6/2 3 3,Z,2,0,BLOCK,Z,0.3089214,0.5820021
7/7/7/6/7/3/4/6/2 3 3,X,2,0,BLOCK,X,0.7311258,0.7560374
7/7/7/6/7/3/6/4/2 3 3,Z,2,0,BLOCK,Z,0.2815255,0.3266796
7/7/7/4/7/3/6/6/1 3 3,Z,2,0,BLOCK,Z,0.6616651,0.6904694
7/7/7/6/7/3/4/6/1 3 3,X,2.6666666666666666666666666666,0,BLOCK,X,1.760591,1.070895
7/7/7/6/7/3/6/4/1 3 3,Z,2,0,BLOCK,Z,1.07198,0.6878915
7/7/7/4/7/3/6/5/4 3 3,Z,2.2,2,BLOCK,Z,1.380171,0.8392285
7/7/7/6/7/3/4/5/4 3 3,X,1.3333333333333333333333333334,0,BLOCK,X,0.6678938,0.4790514
7/7/7/6/7/3/6/1/4 3 3,Z,-2,0,BLOCK,Z,0.2356547,0.2171541
7/7/7/4/7/3/6/5/2 3 3,Z,2.2,0,BLOCK,Z,0.3764622,0.5871701
7/7/7/6/7/3/4/5/2 3 3,X,2,0,BLOCK,X,0.4915699,0.6184168
7/7/7/6/7/3/6/1/2 3 3,Z,-2,0,BLOCK,Z,0.2277918,0.1891482
7/7/7/4/7/3/6/5/1 3 3,Z,2.2,0,BLOCK,Z,0.2535162,0.5742421
7/7/7/6/7/3/4/5/1 3 3,X,2.6666666666666666666666666666,2,BLOCK,X,1.717394,1.036399
7/7/7/6/7/3/6/1/1 3 3,Z,-2,0,BLOCK,Z,1.002689,0.5653983
7/7/7/4/7/3/6/3/4 3 3,Z,2.4,0,BLOCK,Z,0.3573668,0.6833954
7/7/7/6/7/3/4/3/4 3 3,X,1.3333333333333333333333333334,2,BLOCK,X,1.006974,0.6811814
7/7/7/4/7/3/6/3/2 3 3,Z,2.4,0,BLOCK,Z,0.6077805,0.7196196
7/7/7/6/7/3/4/3/2 3 3,X,2,0,BLOCK,X,0.2133041,0.5477371
7/7/7/4/7/3/6/3/1 3 3,Z,2.4,0,BLOCK,Z,0.3005282,0.5361136
7/7/7/6/7/3/4/3/1 3 3,X,2.6666666666666666666666666666,0,BLOCK,X,0.3016928,0.4908396
7/7/7/4/7/3/5/2/6 3 3,Z,2.2,2,BLOCK,Z,1.380215,0.8429858
7/7/7/6/7/3/1/2/6 3 3,X,-2.6666666666666666666666666666,0,BLOCK,X,0.4756458,0.8044063
7/7/7/4/7/3/5/2/5 3 3,Z,2.2,2,BLOCK,Z,1.383319,0.9288107
7/7/7/6/7/3/1/2/5 3 3,X,-2,0,BLOCK,X,1.370983,0.8353944
7/7/7/4/7/3/5/2/3 3 3,Z,2.2,0,BLOCK,Z,0.3809996,0.5356842
7/7/7/6/7/3/1/2/3 3 3,X,-1.3333333333333333333333333334,0,BLOCK,X,0.2873097,0.43907
7/7/7/4/7/3/5/6/4 3 3,Z,2,0,BLOCK,Z,0.9001039,0.849788
7/7/7/6/7/3/1/6/4 3 3,X,-2.6666666666666666666666666666,0,BLOCK,X,0.0839884,0.232672
7/7/7/6/7/3/5/4/4 3 3,Z,2,2,BLOCK,Z,1.61556,0.9879172
7/7/7/4/7/3/5/6/2 3 3,Z,2,0,BLOCK,Z,0.3766631,0.5773611
7/7/7/6/7/3/1/6/2 3 3,X,-2,0,BLOCK,X,0.3409184,0.5019062
7/7/7/6/7/3/5/4/2 3 3,Z,2,0,BLOCK,Z,1.028085,0.4261285
7/7/7/4/7/3/5/6/1 3 3,Z,2,0,BLOCK,Z,0.5357354,0.4138073
7/7/7/6/7/3/1/6/1 3 3,X,-1.3333333333333333333333333334,0,BLOCK,X,0.4790288,0.4356179
7/7/7/6/7/3/5/4/1 3 3,Z,2,2,BLOCK,Z,1.616685,0.9977245
7/7/7/4/7/3/5/5/4 3 3,Z,2.2,0,BLOCK,Z,0.4387375,0.6701128
7/7/7/6/7/3/1/5/4 3 3,X,-2.6666666666666666666666666666,0,BLOCK,X,1.714483,0.9990666
7/7/7/6/7/3/5/1/4 3 3,Z,-2,0,BLOCK,Z,0.238173,0.1912623
7/7/7/4/7/3/5/5/2 3 3,Z,2.2,0,BLOCK,Z,0.5385893,0.761849
7/7/7/6/7/3/1/5/2 3 3,X,-2,0,BLOCK,X,0.4499759,0.6455468
7/7/7/6/7/3/5/1/2 3 3,Z,-2,2,BLOCK,Z,1.574272,0.9257586
7/7/7/4/7/3/5/5/1 3 3,Z,2.2,0,BLOCK,Z,0.4935094,0.6046579
7/7/7/6/7/3/1/5/1 3 3,X,-1.3333333333333333333333333334,0,BLOCK,X,0.4929262,0.5294535
7/7/7/6/7/3/5/1/1 3 3,Z,-2,0,BLOCK,Z,0.2698388,0.2865502
7/7/7/4/7/3/5/3/4 3 3,Z,2.4,0,BLOCK,Z,0.4003986,0.5093833
7/7/7/6/7/3/1/3/4 3 3,X,-2.6666666666666666666666666666,0,BLOCK,X,0.3456389,0.5776988
7/7/7/4/7/3/5/3/2 3 3,Z,2.4,0,BLOCK,Z,0.2479177,0.5272518
7/7/7/6/7/3/1/3/2 3 3,X,-2,0,BLOCK,X,0.5585259,0.7438318
7/7/7/4/7/3/5/3/1 3 3,Z,2.4,0,BLOCK,Z,0.5276223,0.6939645
7/7/7/6/7/3/1/3/1 3 3,X,-1.3333333333333333333333333334,0,BLOCK,X,0.255516,0.322091
7/7/7/4/7/3/3/2/6 3 3,Z,2.2,0,BLOCK,Z,0.3686197,0.5911714
7/7/7/6/7/3/3/2/4 3 3,X,-1,2,BLOCK,X,1.345276,0.9489376
7/7/7/4/7/3/3/2/5 3 3,Z,2.2,0,BLOCK,Z,0.3817466,0.6763514
7/7/7/4/7/3/3/2/3 3 3,Z,2.2,0,BLOCK,Z,0.4553678,0.655846
7/7/7/4/7/3/3/6/4 3 3,Z,2,0,BLOCK,Z,0.2667165,0.5586551
7/7/7/6/7/3/3/4/4 3 3,Z,2,0,BLOCK,Z,1.707066,1.048157
7/7/7/4/7/3/3/6/2 3 3,Z,2,2,BLOCK,Z,1.41511,1.000534
7/7/7/6/7/3/3/4/2 3 3,Z,2,0,BLOCK,Z,0.2375765,0.3100331
7/7/7/4/7/3/3/6/1 3 3,Z,2,0,BLOCK,Z,0.4193636,0.6301428
7/7/7/6/7/3/3/4/1 3 3,Z,2,0,BLOCK,Z,0.1955905,0.2927403
7/7/7/4/7/3/3/5/4 3 3,Z,2.2,0,BLOCK,Z,0.4794745,0.5792518
7/7/7/6/7/3/3/1/4 3 3,Z,-2,0,BLOCK,Z,1.072116,0.5940706
7/7/7/4/7/3/3/5/2 3 3,Z,2.2,0,BLOCK,Z,0.3837354,0.5910114
7/7/7/6/7/3/3/1/2 3 3,Z,-2,0,BLOCK,Z,0.4890735,0.5007028
7/7/7/4/7/3/3/5/1 3 3,Z,2.2,0,BLOCK,Z,0.4158521,0.6111582
7/7/7/6/7/3/3/1/1 3 3,Z,-2,0,BLOCK,Z,0.4170408,0.4582598
7/7/7/4/7/3/3/3/4 3 3,Z,2.4,2,BLOCK,Z,1.177707,0.9287522
7/7/7/4/7/3/3/3/2 3 3,Z,2.4,0,BLOCK,Z,1.331077,1.002955
7/7/7/4/7/3/3/3/1 3 3,Z,2.4,2,BLOCK,Z,1.279058,0.7738588
7/7/7/4/7/3/7/2/4 3 3,Z,2.2,0,BLOCK,Z,0.3117926,0.4395378
7/7/7/4/7/3/7/2/2 3 3,Z,2.2,0,BLOCK,Z,0.6074583,0.6613113
7/7/7/4/7/3/7/2/1 3 3,Z,2.2,0,BLOCK,Z,0.2516155,0.4741379
7/7/7/4/7/7/2/2/6 3 3,Z,2,0,BLOCK,Z,0.4118376,0.479991
7/7/7/6/7/7/2/2/4 3 3,X,-1,0,BLOCK,X,1.145481,0.8374889
7/7/7/4/7/7/2/2/5 3 3,Z,2,0,BLOCK,Z,0.3073767,0.4772909
7/7/7/6/7/7/2/2/1 3 3,X,1,2,BLOCK,X,1.370944,0.9409918
7/7/7/4/7/7/2/2/3 3 3,Z,2,2,BLOCK,Z,1.034377,0.6222288
7/7/7/4/7/7/2/6/4 3 3,Z,1.8,2,BLOCK,Z,0.9954672,0.6024292
7/7/7/6/7/7/2/4/4 3 3,Z,2,0,BLOCK,Z,1.102004,0.6060271
7/7/7/4/7/7/2/6/2 3 3,Z,1.8,0,BLOCK,Z,0.4229247,0.5740712
7/7/7/6/7/7/2/4/2 3 3,Z,2,0,BLOCK,Z,0.299595,0.393235
7/7/7/4/7/7/2/6/1 3 3,Z,1.8,0,BLOCK,Z,0.3534943,0.4692391
7/7/7/6/7/7/2/4/1 3 3,Z,2,0,BLOCK,Z,1.121699,0.5550228
7/7/7/4/7/7/2/5/4 3 3,Z,2,0,BLOCK,Z,0.5154977,0.5401512
7/7/7/6/7/7/2/1/4 3 3,Z,-2,0,BLOCK,Z,1.660576,1.038061
7/7/7/4/7/7/2/5/2 3 3,Z,2,0,BLOCK,Z,0.4009483,0.4903012
7/7/7/6/7/7/2/1/2 3 3,Z,-2,0,BLOCK,Z,0.05573699,0.1595373
7/7/7/4/7/7/2/5/1 3 3,Z,2,0,BLOCK,Z,0.5249078,0.5995674
7/7/7/6/7/7/2/1/1 3 3,Z,-2,2,BLOCK,Z,1.69916,1.009145
7/7/7/4/7/7/2/3/4 3 3,Z,2.2,2,BLOCK,Z,1.142143,0.6537763
7/7/7/4/7/7/2/3/2 3 3,Z,2.2,2,BLOCK,Z,1.146618,0.6294996
7/7/7/4/7/7/2/3/1 3 3,Z,2.2,0,BLOCK,Z,0.4132425,0.6037548
7/7/7/4/7/7/6/2/4 3 3,Z,2,2,BLOCK,Z,1.138458,0.7328822
7/7/7/6/7/7/4/2/4 3 3,X,1,2,BLOCK,X,0.7119223,0.430333
7/7/7/4/7/7/6/2/2 3 3,Z,2,0,BLOCK,Z,0.5598287,0.6511883
7/7/7/6/7/7/4/2/2 3 3,X,2,0,BLOCK,X,0.2125624,0.4296273
7/7/7/4/7/7/5/2/4 3 3,Z,2,2,BLOCK,Z,1.120523,0.6383426
7/7/7/6/7/7/1/2/4 3 3,X,-3,2,BLOCK,X,1.837069,1.092868
7/7/7/4/7/7/5/2/2 3 3,Z,2,0,BLOCK,Z,0.8398367,0.5877236
7/7/7/6/7/7/1/2/2 3 3,X,-2,0,BLOCK,X,0.1566646,0.4502082
7/7/7/4/7/7/5/2/1 3 3,Z,2,0,BLOCK,Z,0.4601724,0.5628483
7/7/7/6/7/7/4/2/1 3 3,X,3,0,BLOCK,X,0.3875795,0.4383423
7/7/7/6/7/7/1/2/1 3 3,X,-1,0,BLOCK,X,0.2680456,0.2594293
7/7/7/4/7/7/3/2/2 3 3,Z,2,0,BLOCK,Z,0.5018554,0.5833627
7/7/7/4/7/7/3/2/1 3 3,Z,2,0,BLOCK,Z,0.3755063,0.5527613
7/7/7/1/2/2/6/7/7 3 3,Z,-2,2,BLOCK,Z,0.9471313,0.5883605
7/7/7/5/2/2/4/7/7 3 3,X,2,0,BLOCK,X,0.8912377,0.6937913
7/7/7/5/2/2/6/6/7 3 3,X,0.5,302,TIMEOUT,Z,0.007477337,0.004590043
7/7/7/1/2/2/5/7/7 3 3,Z,-2,2,BLOCK,Z,0.8896745,0.528529
7/7/7/5/2/2/1/7/7 3 3,X,-2,0,BLOCK,X,0.7364171,0.5554615
7/7/7/1/2/2/3/7/7 3 3,Z,-2,0,BLOCK,Z,0.2606592,0.2697442
7/7/7/1/2/2/7/5/7 3 3,Z,-2,0,BLOCK,Z,0.5297806,0.4182781
7/7/7/5/2/2/7/4/7 3 3,Z,2,0,BLOCK,Z,0.470472,0.5314692
7/7/7/5/2/2/7/1/7 3 3,Z,-2,0,BLOCK,Z,0.4387254,0.5060975
7/7/7/1/2/2/7/3/7 3 3,Z,-1.8,2,BLOCK,Z,0.9149709,0.6051371
7/7/7/1/2/2/7/7/6 3 3,Z,-2,2,BLOCK,Z,0.8842495,0.518589
7/7/7/1/2/2/7/7/5 3 3,Z,-2,2,BLOCK,Z,0.9269235,0.5477562
7/7/7/1/2/2/7/7/3 3 3,Z,-2,0,BLOCK,Z,0.2402095,0.3651965
7/7/7/1/2/6/2/7/7 3 3,Z,-2.2,0,BLOCK,Z,0.5782134,0.6575156
7/7/7/5/2/4/2/7/7 3 3,Z,2,0,BLOCK,Z,0.7904826,0.8095708
7/7/7/1/2/6/6/6/7 3 3,Z,-2.4000000000000000000000000002,0,BLOCK,Z,0.6002254,0.6970608
7/7/7/5/2/4/6/6/7 3 3,Z,1.7142857142857142857142857142,0,BLOCK,Z,0.5732588,0.690829
7/7/7/5/2/6/4/6/7 3 3,X,2,0,BLOCK,X,0.7462912,0.712696
7/7/7/5/2/6/6/4/7 3 3,Z,2,0,BLOCK,Z,0.2858739,0.378493
7/7/7/1/2/6/6/5/7 3 3,Z,-2.2,0,BLOCK,Z,0.45356,0.6460919
7/7/7/5/2/4/6/5/7 3 3,Z,2,0,BLOCK,Z,0.7337741,0.7771294
7/7/7/5/2/6/4/5/7 3 3,X,2,0,BLOCK,X,1.044549,0.7215019
7/7/7/5/2/6/6/1/7 3 3,Z,-2,0,BLOCK,Z,1.115606,0.6933724
7/7/7/1/2/6/6/3/7 3 3,Z,-2,0,BLOCK,Z,0.4068718,0.5537462
7/7/7/5/2/4/6/3/7 3 3,Z,2.2857142857142857142857142858,2,BLOCK,Z,1.332538,0.7704285
7/7/7/5/2/6/4/3/7 3 3,X,2,0,BLOCK,X,0.6253546,0.7145231
7/7/7/1/2/6/6/7/6 3 3,Z,-2.2,0,BLOCK,Z,0.3881173,0.5861773
7/7/7/5/2/4/6/7/6 3 3,Z,2,2,BLOCK,Z,1.131061,0.7857936
7/7/7/5/2/6/4/7/6 3 3,X,1.6,0,BLOCK,X,0.4994529,0.5335882
7/7/7/1/2/6/6/7/5 3 3,Z,-2.2,0,BLOCK,Z,0.924151,0.7455305
7/7/7/5/2/4/6/7/5 3 3,Z,2,2,BLOCK,Z,1.145662,0.7946556
7/7/7/5/2/6/4/7/5 3 3,X,2,0,BLOCK,X,1.276651,0.9083515
7/7/7/1/2/6/6/7/3 3 3,Z,-2.2,0,BLOCK,Z,0.634928,0.6132032
7/7/7/5/2/4/6/7/3 3 3,Z,2,2,BLOCK,Z,1.139679,0.8269758
7/7/7/5/2/6/4/7/3 3 3,X,2.4,0,BLOCK,X,1.489074,1.055337
7/7/7/1/2/6/5/6/7 3 3,Z,-2.4000000000000000000000000002,0,BLOCK,Z,0.6428176,0.7581211
7/7/7/5/2/4/5/6/7 3 3,Z,1.7142857142857142857142857142,2,BLOCK,Z,0.9784787,0.6826942
7/7/7/5/2/6/1/6/7 3 3,X,-2,0,BLOCK,X,0.538086,0.5359209
7/7/7/5/2/6/5/4/7 3 3,Z,2,0,BLOCK,Z,0.226577,0.3965468
7/7/7/1/2/6/5/5/7 3 3,Z,-2.2,0,BLOCK,Z,0.5224569,0.760459
7/7/7/5/2/4/5/5/7 3 3,Z,2,0,BLOCK,Z,0.8368233,0.7427162
7/7/7/5/2/6/1/5/7 3 3,X,-2,0,BLOCK,X,0.6874016,0.7142675
7/7/7/5/2/6/5/1/7 3 3,Z,-2,2,BLOCK,Z,1.572879,1.023349
7/7/7/1/2/6/5/3/7 3 3,Z,-2,0,BLOCK,Z,0.3530716,0.5758556
7/7/7/5/2/4/5/3/7 3 3,Z,2.2857142857142857142857142858,0,BLOCK,Z,1.161619,0.7051057
7/7/7/5/2/6/1/3/7 3 3,X,-2,0,BLOCK,X,1.312473,0.9146488
7/7/7/1/2/6/5/7/6 3 3,Z,-2.2,0,BLOCK,Z,0.3631544,0.5875592
7/7/7/5/2/4/5/7/6 3 3,Z,2,0,BLOCK,Z,0.7143988,0.8107675
7/7/7/5/2/6/1/7/6 3 3,X,-2.4,0,BLOCK,X,1.056219,0.8000879
7/7/7/1/2/6/5/7/5 3 3,Z,-2.2,2,BLOCK,Z,1.175723,0.7396684
7/7/7/5/2/4/5/7/5 3 3,Z,2,0,BLOCK,Z,0.9193445,0.743076
7/7/7/5/2/6/1/7/5 3 3,X,-2,0,BLOCK,X,0.7117907,0.5966581
7/7/7/1/2/6/5/7/3 3 3,Z,-2.2,0,BLOCK,Z,0.3248138,0.4891071
7/7/7/5/2/4/5/7/3 3 3,Z,2,0,BLOCK,Z,0.8992876,0.7810044
7/7/7/5/2/6/1/7/3 3 3,X,-1.6,0,BLOCK,X,0.7325851,0.4864354
7/7/7/1/2/6/3/6/7 3 3,Z,-2.4000000000000000000000000002,0,BLOCK,Z,0.6918852,0.5503227
7/7/7/5/2/4/3/6/7 3 3,Z,1.7142857142857142857142857142,2,BLOCK,Z,1.036246,0.7328426
7/7/7/5/2/6/3/4/7 3 3,Z,2,0,BLOCK,Z,0.4591322,0.5852163
7/7/7/1/2/6/3/5/7 3 3,Z,-2.2,0,BLOCK,Z,0.7954564,0.7625576
7/7/7/5/2/4/3/5/7 3 3,Z,2,0,BLOCK,Z,0.7959034,0.8001828
7/7/7/5/2/6/3/1/7 3 3,Z,-2,0,BLOCK,Z,0.319861,0.4340944
7/7/7/1/2/6/3/3/7 3 3,Z,-2,0,BLOCK,Z,0.4231693,0.6123887
7/7/7/5/2/4/3/3/7 3 3,Z,2.2857142857142857142857142858,0,BLOCK,Z,0.833125,0.8079762
7/7/7/1/2/6/3/7/6 3 3,Z,-2.2,0,BLOCK,Z,0.4857347,0.6914974
7/7/7/5/2/4/3/7/6 3 3,Z,2,0,BLOCK,Z,0.6376796,0.8030547
7/7/7/1/2/6/3/7/5 3 3,Z,-2.2,0,BLOCK,Z,0.7092393,0.6423861
7/7/7/5/2/4/3/7/5 3 3,Z,2,0,BLOCK,Z,0.7986183,0.8385357
7/7/7/1/2/6/3/7/3 3 3,Z,-2.2,0,BLOCK,Z,0.510874,0.5280707
7/7/7/5/2/4/3/7/3 3 3,Z,2,2,BLOCK,Z,1.213983,0.8889979
7/5/7/5/2/2/7/6/7 3 3,Z,0.5,302,TIMEOUT,Z,0.006569332,0.002529822
7/7/3/5/2/2/7/6/7 3 3,X,-0.5,302,TIMEOUT,Z,0.00441449,0.002455805
7/7/7/1/2/2/7/6/7 3 3,Z,-2.2,0,BLOCK,Z,0.4206281,0.4193616
7/7/7/1/2/6/7/2/7 3 3,Z,-2.2,0,BLOCK,Z,0.4816786,0.6029547
7/7/7/5/2/4/7/2/7 3 3,Z,2,2,BLOCK,Z,1.17469,0.7721792
7/7/7/1/2/6/7/6/6 3 3,Z,-2.4000000000000000000000000002,0,BLOCK,Z,0.3008973,0.4467197
7/7/7/5/2/4/7/6/6 3 3,Z,1.7142857142857142857142857142,2,BLOCK,Z,1.073706,0.6999
7/7/7/5/2/6/7/4/6 3 3,Z,2,0,BLOCK,Z,0.3043572,0.4427046
7/7/7/1/2/6/7/6/5 3 3,Z,-2.4000000000000000000000000002,0,BLOCK,Z,0.2702775,0.4539525
7/7/7/5/2/4/7/6/5 3 3,Z,1.7142857142857142857142857142,2,BLOCK,Z,1.029751,0.6971868
7/7/7/5/2/6/7/4/5 3 3,Z,2,0,BLOCK,Z,0.3285412,0.4754062
7/7/7/1/2/6/7/6/3 3 3,Z,-2.4000000000000000000000000002,0,BLOCK,Z,0.6628063,0.6203894
7/7/7/5/2/4/7/6/3 3 3,Z,1.7142857142857142857142857142,2,BLOCK,Z,1.085916,0.7110925
7/7/7/5/2/6/7/4/3 3 3,Z,2,2,BLOCK,Z,1.628777,0.9792084
7/7/7/1/2/6/7/5/6 3 3,Z,-2.2,0,BLOCK,Z,0.4620368,0.6510283
7/7/7/5/2/4/7/5/6 3 3,Z,2,0,BLOCK,Z,0.7405542,0.7795373
7/7/7/5/2/6/7/1/6 3 3,Z,-2,0,BLOCK,Z,0.680092,0.7154936
7/7/7/1/2/6/7/5/5 3 3,Z,-2.2,0,BLOCK,Z,0.5819977,0.7212378
7/7/7/5/2/4/7/5/5 3 3,Z,2,0,BLOCK,Z,0.8646641,0.7956208
7/7/7/5/2/6/7/1/5 3 3,Z,-2,0,BLOCK,Z,0.4357125,0.5535429
7/7/7/1/2/6/7/5/3 3 3,Z,-2.2,2,BLOCK,Z,1.201092,0.7826366
7/7/7/5/2/4/7/5/3 3 3,Z,2,0,BLOCK,Z,0.7874047,0.7659468
7/7/7/5/2/6/7/1/3 3 3,Z,-2,2,BLOCK,Z,1.545331,0.9565398
7/7/7/1/2/6/7/3/6 3 3,Z,-2,0,BLOCK,Z,0.4585054,0.666854
7/7/7/5/2/4/7/3/6 3 3,Z,2.2857142857142857142857142858,0,BLOCK,Z,1.224903,0.9034538
7/7/7/1/2/6/7/3/5 3 3,Z,-2,0,BLOCK,Z,0.3806624,0.6826226
7/7/7/5/2/4/7/3/5 3 3,Z,2.2857142857142857142857142858,0,BLOCK,Z,1.488197,0.9294922
7/7/7/1/2/6/7/3/3 3 3,Z,-2,0,BLOCK,Z,0.5189749,0.7153554
7/7/7/5/2/4/7/3/3 3 3,Z,2.2857142857142857142857142858,0,BLOCK,Z,1.276805,0.7904283
7/7/7/1/2/6/7/7/4 3 3,Z,-2.2,0,BLOCK,Z,0.6223477,0.727649
7/7/7/5/2/4/7/7/4 3 3,Z,2,2,BLOCK,Z,1.260785,0.8066413
7/7/7/1/2/6/7/7/2 3 3,Z,-2.2,2,BLOCK,Z,1.211098,0.72337
7/7/7/5/2/4/7/7/2 3 3,Z,2,0,BLOCK,Z,1.153162,0.8203588
7/7/7/1/2/6/7/7/1 3 3,Z,-2.2,2,BLOCK,Z,1.145856,0.7500574
7/7/7/5/2/4/7/7/1 3 3,Z,2,0,BLOCK,Z,0.7358069,0.6670848
7/7/7/1/2/5/2/7/7 3 3,Z,-2,0,BLOCK,Z,0.6007094,0.4859659
7/7/7/5/2/1/2/7/7 3 3,Z,-2,0,BLOCK,Z,0.7607379,0.9091603
7/7/7/1/2/5/6/6/7 3 3,Z,-2.2,0,BLOCK,Z,0.4307518,0.4741961
7/7/7/5/2/1/6/6/7 3 3,Z,-2.2857142857142857142857142858,2,BLOCK,Z,1.351199,0.7830339
7/7/7/5/2/5/4/6/7 3 3,X,2,0,BLOCK,X,0.7088077,0.6015311
7/7/7/5/2/5/6/4/7 3 3,Z,2,0,BLOCK,Z,0.1006923,0.2475056
7/7/7/1/2/5/6/5/7 3 3,Z,-2,2,BLOCK,Z,0.92524,0.4892661
7/7/7/5/2/1/6/5/7 3 3,Z,-2,0,BLOCK,Z,0.738534,0.7983233
7/7/7/5/2/5/4/5/7 3 3,X,2,2,BLOCK,X,1.323868,0.8633105
7/7/7/5/2/5/6/1/7 3 3,Z,-2,0,BLOCK,Z,0.3369215,0.4956155
7/7/7/1/2/5/6/3/7 3 3,Z,-1.8,0,BLOCK,Z,0.3462161,0.4481216
7/7/7/5/2/1/6/3/7 3 3,Z,-1.7142857142857142857142857142,0,BLOCK,Z,0.5318239,0.738521
7/7/7/5/2/5/4/3/7 3 3,X,2,0,BLOCK,X,0.7272366,0.5644308
7/7/7/1/2/5/6/7/6 3 3,Z,-2,0,BLOCK,Z,0.6514693,0.4976161
7/7/7/5/2/1/6/7/6 3 3,Z,-2,0,BLOCK,Z,0.8941954,0.7538837
7/7/7/5/2/5/4/7/6 3 3,X,1.6,0,BLOCK,X,0.7878826,0.5235428
7/7/7/1/2/5/6/7/5 3 3,Z,-2,0,BLOCK,Z,0.6900635,0.4997144
7/7/7/5/2/1/6/7/5 3 3,Z,-2,0,BLOCK,Z,0.977545,0.8552869
7/7/7/5/2/5/4/7/5 3 3,X,2,0,BLOCK,X,0.5336807,0.5961214
7/7/7/1/2/5/6/7/3 3 3,Z,-2,2,BLOCK,Z,0.9281774,0.5179361
7/7/7/5/2/1/6/7/3 3 3,Z,-2,0,BLOCK,Z,0.4790328,0.7314785
7/7/7/5/2/5/4/7/3 3 3,X,2.4,0,BLOCK,X,1.47462,0.9923126
7/7/7/1/2/5/5/6/7 3 3,Z,-2.2,0,BLOCK,Z,0.4152142,0.4690585
7/7/7/5/2/1/5/6/7 3 3,Z,-2.2857142857142857142857142858,2,BLOCK,Z,1.340963,0.728652
7/7/7/5/2/5/1/6/7 3 3,X,-2,0,BLOCK,X,0.8069509,0.6006567
7/7/7/5/2/5/5/4/7 3 3,Z,2,0,BLOCK,Z,0.1771397,0.2825682
7/7/7/1/2/5/5/5/7 3 3,Z,-2,0,BLOCK,Z,0.7531884,0.4560478
7/7/7/5/2/1/5/5/7 3 3,Z,-2,2,BLOCK,Z,1.047511,0.8748149
7/7/7/5/2/5/1/5/7 3 3,X,-2,0,BLOCK,X,0.5626374,0.5872647
7/7/7/5/2/5/5/1/7 3 3,Z,-2,0,BLOCK,Z,0.1083759,0.2756522
7/7/7/1/2/5/5/3/7 3 3,Z,-1.8,0,BLOCK,Z,0.3887984,0.455949
7/7/7/5/2/1/5/3/7 3 3,Z,-1.7142857142857142857142857142,2,BLOCK,Z,0.9562944,0.702175
7/7/7/5/2/5/1/3/7 3 3,X,-2,0,BLOCK,X,1.413326,0.9116005
7/7/7/1/2/5/5/7/6 3 3,Z,-2,2,BLOCK,Z,0.9133863,0.5507342
7/7/7/5/2/1/5/7/6 3 3,Z,-2,0,BLOCK,Z,0.8375517,0.8417369
7/7/7/5/2/5/1/7/6 3 3,X,-2.4,2,BLOCK,X,1.559053,0.9352171
7/7/7/1/2/5/5/7/5 3 3,Z,-2,0,BLOCK,Z,0.3565373,0.4201244
7/7/7/5/2/1/5/7/5 3 3,Z,-2,0,BLOCK,Z,1.193272,0.788905
7/7/7/5/2/5/1/7/5 3 3,X,-2,0,BLOCK,X,0.6543123,0.6220451
7/7/7/1/2/5/5/7/3 3 3,Z,-2,0,BLOCK,Z,0.6844506,0.5727376
7/7/7/5/2/1/5/7/3 3 3,Z,-2,0,BLOCK,Z,1.154892,0.7817769
7/7/7/5/2/5/1/7/3 3 3,X,-1.6,0,BLOCK,X,0.9133382,0.8022971
7/7/7/1/2/5/3/6/7 3 3,Z,-2.2,2,BLOCK,Z,0.9990638,0.5793464
7/7/7/5/2/1/3/6/7 3 3,Z,-2.2857142857142857142857142858,0,BLOCK,Z,1.338031,0.8546858
7/7/7/5/2/5/3/4/7 3 3,Z,2,0,BLOCK,Z,0.3255197,0.5247363
7/7/7/1/2/5/3/5/7 3 3,Z,-2,0,BLOCK,Z,0.5607303,0.4933058
7/7/7/5/2/1/3/5/7 3 3,Z,-2,0,BLOCK,Z,0.8159792,0.7953834
7/7/7/5/2/5/3/1/7 3 3,Z,-2,0,BLOCK,Z,0.4510322,0.5379576
7/7/7/1/2/5/3/3/7 3 3,Z,-1.8,0,BLOCK,Z,0.3615068,0.441064
7/7/7/5/2/1/3/3/7 3 3,Z,-1.7142857142857142857142857142,0,BLOCK,Z,1.057515,0.87239
7/7/7/1/2/5/3/7/6 3 3,Z,-2,0,BLOCK,Z,0.3823817,0.4873219
7/7/7/5/2/1/3/7/6 3 3,Z,-2,2,BLOCK,Z,1.120376,0.7388235
7/7/7/1/2/5/3/7/5 3 3,Z,-2,0,BLOCK,Z,0.3639114,0.4555863
7/7/7/5/2/1/3/7/5 3 3,Z,-2,0,BLOCK,Z,0.7823158,0.7377276
7/7/7/1/2/5/3/7/3 3 3,Z,-2,0,BLOCK,Z,0.4558674,0.4513448
7/7/7/5/2/1/3/7/3 3 3,Z,-2,0,BLOCK,Z,0.5914493,0.754124
7/7/7/1/2/5/7/2/7 3 3,Z,-2,0,BLOCK,Z,0.3135506,0.4156479
7/7/7/5/2/1/7/2/7 3 3,Z,-2,0,BLOCK,Z,0.1685372,0.2327869
7/7/7/1/2/5/7/6/6 3 3,Z,-2.2,2,BLOCK,Z,0.9989961,0.5496822
7/7/7/5/2/1/7/6/6 3 3,Z,-2.2857142857142857142857142858,0,BLOCK,Z,0.5785063,0.8090907
7/7/7/5/2/5/7/4/6 3 3,Z,2,0,BLOCK,Z,0.2927268,0.4804423
7/7/7/1/2/5/7/6/5 3 3,Z,-2.2,0,BLOCK,Z,0.5923661,0.5317839
7/7/7/5/2/1/7/6/5 3 3,Z,-2.2857142857142857142857142858,0,BLOCK,Z,1.430852,0.9919859
7/7/7/5/2/5/7/4/5 3 3,Z,2,0,BLOCK,Z,0.2110129,0.3416745
7/7/7/1/2/5/7/6/3 3 3,Z,-2.2,0,BLOCK,Z,0.7181372,0.5672414
7/7/7/5/2/1/7/6/3 3 3,Z,-2.2857142857142857142857142858,0,BLOCK,Z,1.283627,0.8197954
7/7/7/5/2/5/7/4/3 3 3,Z,2,0,BLOCK,Z,0.1795442,0.299537
7/7/7/1/2/5/7/5/6 3 3,Z,-2,0,BLOCK,Z,0.5419186,0.5023638
7/7/7/5/2/1/7/5/6 3 3,Z,-2,0,BLOCK,Z,1.08324,0.879903
7/7/7/5/2/5/7/1/6 3 3,Z,-2,0,BLOCK,Z,0.2638247,0.4362729
7/7/7/1/2/5/7/5/5 3 3,Z,-2,0,BLOCK,Z,0.6777689,0.547934
7/7/7/5/2/1/7/5/5 3 3,Z,-2,0,BLOCK,Z,0.5106429,0.7050102
7/7/7/5/2/5/7/1/5 3 3,Z,-2,0,BLOCK,Z,0.2373485,0.315901
7/7/7/1/2/5/7/5/3 3 3,Z,-2,2,BLOCK,Z,0.89696,0.5714787
7/7/7/5/2/1/7/5/3 3 3,Z,-2,0,BLOCK,Z,1.222759,0.7970019
7/7/7/5/2/5/7/1/3 3 3,Z,-2,2,BLOCK,Z,1.624441,0.9964945
7/7/7/1/2/5/7/3/6 3 3,Z,-1.8,0,BLOCK,Z,0.4883249,0.4935561
7/7/7/5/2/1/7/3/6 3 3,Z,-1.7142857142857142857142857142,2,BLOCK,Z,1.065691,0.6822985
7/7/7/1/2/5/7/3/5 3 3,Z,-1.8,0,BLOCK,Z,0.5237679,0.458358
7/7/7/5/2/1/7/3/5 3 3,Z,-1.7142857142857142857142857142,0,BLOCK,Z,0.4760664,0.7277942
7/7/7/1/2/5/7/3/3 3 3,Z,-1.8,2,BLOCK,Z,0.8571349,0.5646689
7/7/7/5/2/1/7/3/3 3 3,Z,-1.7142857142857142857142857142,0,BLOCK,Z,0.5108276,0.6555594
7/7/7/1/2/5/7/7/4 3 3,Z,-2,0,BLOCK,Z,0.4419447,0.4494808
7/7/7/5/2/1/7/7/4 3 3,Z,-2,0,BLOCK,Z,0.9041256,0.7853832
7/7/7/1/2/5/7/7/2 3 3,Z,-2,2,BLOCK,Z,1.004946,0.5686229
7/7/7/5/2/1/7/7/2 3 3,Z,-2,0,BLOCK,Z,1.157975,0.788925
7/7/7/1/2/5/7/7/1 3 3,Z,-2,0,BLOCK,Z,0.4148347,0.5079986
7/7/7/5/2/1/7/7/1 3 3,Z,-2,0,BLOCK,Z,1.321751,0.8076042
7/7/7/1/2/3/2/7/7 3 3,Z,-1.8,0,BLOCK,Z,0.3451713,0.3798348
7/7/7/1/2/3/6/6/7 3 3,Z,-2,2,BLOCK,Z,0.897598,0.5473819
7/7/7/5/2/3/4/6/7 3 3,X,2,0,BLOCK,X,0.6187404,0.5928214
7/7/7/5/2/3/6/4/7 3 3,Z,2,0,BLOCK,Z,0.4245139,0.478568
7/7/7/1/2/3/6/5/7 3 3,Z,-1.8,2,BLOCK,Z,0.8316783,0.5001507
7/7/7/5/2/3/4/5/7 3 3,X,2,0,BLOCK,X,1.244256,0.9402252
7/7/7/5/2/3/6/1/7 3 3,Z,-2,0,BLOCK,Z,0.5257508,0.5464136
7/7/7/1/2/3/6/3/7 3 3,Z,-1.5999999999999999999999999998,0,BLOCK,Z,0.673815,0.4758309
7/7/7/5/2/3/4/3/7 3 3,X,2,0,BLOCK,X,0.8356038,0.6978517
7/7/7/1/2/3/6/7/6 3 3,Z,-1.8,2,BLOCK,Z,0.8873761,0.509779
7/7/7/5/2/3/4/7/6 3 3,X,1.6,0,BLOCK,X,1.114339,0.8091635
7/7/7/1/2/3/6/7/5 3 3,Z,-1.8,0,BLOCK,Z,0.3167904,0.4762036
7/7/7/5/2/3/4/7/5 3 3,X,2,2,BLOCK,X,1.273773,0.7929152
7/7/7/1/2/3/6/7/3 3 3,Z,-1.8,0,BLOCK,Z,0.51231,0.4916821
7/7/7/5/2/3/4/7/3 3 3,X,2.4,0,BLOCK,X,0.924039,0.8975088
7/7/7/1/2/3/5/6/7 3 3,Z,-2,0,BLOCK,Z,0.5157609,0.4646589
7/7/7/5/2/3/1/6/7 3 3,X,-2,0,BLOCK,X,0.9049391,0.6872284
7/7/7/5/2/3/5/4/7 3 3,Z,2,0,BLOCK,Z,0.3834529,0.4617102
7/7/7/1/2/3/5/5/7 3 3,Z,-1.8,0,BLOCK,Z,0.4851294,0.4393568
7/7/7/5/2/3/1/5/7 3 3,X,-2,0,BLOCK,X,1.320009,0.9555575
7/7/7/5/2/3/5/1/7 3 3,Z,-2,0,BLOCK,Z,0.5762464,0.5635869
7/7/7/1/2/3/5/3/7 3 3,Z,-1.5999999999999999999999999998,2,BLOCK,Z,0.8244609,0.5452012
7/7/7/5/2/3/1/3/7 3 3,X,-2,0,BLOCK,X,0.5700192,0.6330753
7/7/7/1/2/3/5/7/6 3 3,Z,-1.8,2,BLOCK,Z,0.8496835,0.5408609
7/7/7/5/2/3/1/7/6 3 3,X,-2.4,0,BLOCK,X,0.7165748,0.6792109
7/7/7/1/2/3/5/7/5 3 3,Z,-1.8,2,BLOCK,Z,0.8796512,0.5588458
7/7/7/5/2/3/1/7/5 3 3,X,-2,0,BLOCK,X,0.6562521,0.6654453
7/7/7/1/2/3/5/7/3 3 3,Z,-1.8,0,BLOCK,Z,0.3293872,0.371742
7/7/7/5/2/3/1/7/3 3 3,X,-1.6,0,BLOCK,X,0.5764665,0.435109
7/7/7/1/2/3/3/6/7 3 3,Z,-2,2,BLOCK,Z,0.9006385,0.5756057
7/7/7/5/2/3/3/4/7 3 3,Z,2,0,BLOCK,Z,0.6576257,0.7032067
7/7/7/1/2/3/3/5/7 3 3,Z,-1.8,2,BLOCK,Z,0.8608665,0.5117287
7/7/7/5/2/3/3/1/7 3 3,Z,-2,0,BLOCK,Z,0.9820349,0.5540231
7/7/7/1/2/3/3/3/7 3 3,Z,-1.5999999999999999999999999998,0,BLOCK,Z,0.22972,0.4948321
7/7/7/1/2/3/3/7/6 3 3,Z,-1.8,2,BLOCK,Z,0.8742391,0.5406278
7/7/7/1/2/3/3/7/5 3 3,Z,-1.8,0,BLOCK,Z,0.6214238,0.5303488
7/7/7/1/2/3/3/7/3 3 3,Z,-1.8,0,BLOCK,Z,0.6288323,0.5004558
7/7/7/1/2/3/7/2/7 3 3,Z,-1.8,0,BLOCK,Z,0.4321148,0.4450923
7/7/7/1/2/3/7/6/6 3 3,Z,-2,2,BLOCK,Z,0.9986871,0.5972114
7/7/7/5/2/3/7/4/6 3 3,Z,2,0,BLOCK,Z,0.5358285,0.5932657
7/7/7/1/2/3/7/6/5 3 3,Z,-2,0,BLOCK,Z,0.4473301,0.539259
7/7/7/5/2/3/7/4/5 3 3,Z,2,2,BLOCK,Z,1.544515,0.9359093
7/7/7/1/2/3/7/6/3 3 3,Z,-2,0,BLOCK,Z,0.515597,0.4311589
7/7/7/5/2/3/7/4/3 3 3,Z,2,0,BLOCK,Z,0.2599442,0.3397821
7/7/7/1/2/3/7/5/6 3 3,Z,-1.8,2,BLOCK,Z,0.8853738,0.5215392
7/7/7/5/2/3/7/1/6 3 3,Z,-2,0,BLOCK,Z,0.5018141,0.6032094
7/7/7/1/2/3/7/5/5 3 3,Z,-1.8,0,BLOCK,Z,0.6101623,0.4528289
7/7/7/5/2/3/7/1/5 3 3,Z,-2,2,BLOCK,Z,1.633829,1.000283
7/7/7/1/2/3/7/5/3 3 3,Z,-1.8,0,BLOCK,Z,0.6434795,0.4872594
7/7/7/5/2/3/7/1/3 3 3,Z,-2,2,BLOCK,Z,1.636735,1.01277
7/7/7/1/2/3/7/3/6 3 3,Z,-1.5999999999999999999999999998,0,BLOCK,Z,0.5601026,0.4647075
7/7/7/1/2/3/7/3/5 3 3,Z,-1.5999999999999999999999999998,0,BLOCK,Z,0.7125362,0.53263
7/7/7/1/2/3/7/3/3 3 3,Z,-1.5999999999999999999999999998,0,BLOCK,Z,0.5926333,0.5460996
7/7/7/1/2/3/7/7/4 3 3,Z,-1.8,0,BLOCK,Z,0.2408586,0.4692093
7/7/7/1/2/3/7/7/2 3 3,Z,-1.8,0,BLOCK,Z,0.2368259,0.3750106
7/7/7/1/2/3/7/7/1 3 3,Z,-1.8,0,BLOCK,Z,0.3855187,0.4656914
7/7/7/1/2/7/2/6/7 3 3,Z,-2.2,0,BLOCK,Z,0.5313111,0.5658893
7/7/7/5/2/7/2/4/7 3 3,Z,2,0,BLOCK,Z,1.775759,1.00161
7/7/7/1/2/7/2/5/7 3 3,Z,-2,2,BLOCK,Z,0.9204412,0.5121982
7/7/7/5/2/7/2/1/7 3 3,Z,-2,0,BLOCK,Z,0.08247012,0.01993582
7/7/7/1/2/7/2/3/7 3 3,Z,-1.8,0,BLOCK,Z,0.6578003,0.5529872
7/7/7/1/2/7/2/7/6 3 3,Z,-2,2,BLOCK,Z,0.9604325,0.5143013
7/7/7/1/2/7/2/7/5 3 3,Z,-2,0,BLOCK,Z,0.5748157,0.5618557
7/7/7/1/2/7/2/7/3 3 3,Z,-2,0,BLOCK,Z,0.7202306,0.5766363
7/7/7/1/2/7/6/2/7 3 3,Z,-2,2,BLOCK,Z,0.8994347,0.5634448
7/7/7/5/2/7/4/2/7 3 3,X,2,0,BLOCK,X,0.9005654,0.5944747
7/7/7/1/2/7/6/6/6 3 3,Z,-2.2,2,BLOCK,Z,1.01419,0.5448961
7/7/7/5/2/7/4/6/6 3 3,X,1.5,2,BLOCK,X,1.159106,0.7240499
7/7/7/5/2/7/6/4/6 3 3,Z,2,0,BLOCK,Z,0.2521684,0.3842901
7/7/7/1/2/7/6/6/5 3 3,Z,-2.2,0,BLOCK,Z,0.848633,0.658524
7/7/7/5/2/7/4/6/5 3 3,X,2,0,BLOCK,X,0.493438,0.480858
7/7/7/5/2/7/6/4/5 3 3,Z,2,0,BLOCK,Z,0.1943041,0.3159167
7/7/7/1/2/7/6/6/3 3 3,Z,-2.2,0,BLOCK,Z,0.6587434,0.5652606
7/7/7/5/2/7/4/6/3 3 3,X,2.5,0,BLOCK,X,0.5992048,0.7209226
7/7/7/5/2/7/6/4/3 3 3,Z,2,0,BLOCK,Z,1.691527,1.095621
7/7/7/1/2/7/6/5/6 3 3,Z,-2,0,BLOCK,Z,0.7555885,0.5275238
7/7/7/5/2/7/4/5/6 3 3,X,1.5,0,BLOCK,X,0.3087464,0.3132595
7/7/7/5/2/7/6/1/6 3 3,Z,-2,0,BLOCK,Z,0.1921341,0.4282836
7/7/7/1/2/7/6/5/5 3 3,Z,-2,0,BLOCK,Z,0.681169,0.5149302
7/7/7/5/2/7/4/5/5 3 3,X,2,0,BLOCK,X,0.5722157,0.6265416
7/7/7/5/2/7/6/1/5 3 3,Z,-2,0,BLOCK,Z,1.720437,1.056791
7/7/7/1/2/7/6/5/3 3 3,Z,-2,0,BLOCK,Z,0.7526788,0.5408368
7/7/7/5/2/7/4/5/3 3 3,X,2.5,0,BLOCK,X,0.8561949,0.7993264
7/7/7/5/2/7/6/1/3 3 3,Z,-2,0,BLOCK,Z,1.694382,1.106653
7/7/7/1/2/7/6/3/6 3 3,Z,-1.8,2,BLOCK,Z,0.8827015,0.4379589
7/7/7/5/2/7/4/3/6 3 3,X,1.5,0,BLOCK,X,1.171607,0.7249957
7/7/7/1/2/7/6/3/5 3 3,Z,-1.8,0,BLOCK,Z,0.413646,0.480043
7/7/7/5/2/7/4/3/5 3 3,X,2,0,BLOCK,X,0.371868,0.4931171
7/7/7/1/2/7/6/3/3 3 3,Z,-1.8,0,BLOCK,Z,0.7292171,0.5490978
7/7/7/5/2/7/4/3/3 3 3,X,2.5,0,BLOCK,X,0.7554646,0.803212
7/7/7/1/2/7/6/7/4 3 3,Z,-2,0,BLOCK,Z,0.7459167,0.5572535
7/7/7/5/2/7/4/7/4 3 3,X,1.5,0,BLOCK,X,0.3503456,0.3470731
7/7/7/1/2/7/6/7/2 3 3,Z,-2,0,BLOCK,Z,0.6782372,0.6192042
7/7/7/5/2/7/4/7/2 3 3,X,2,0,BLOCK,X,0.5293823,0.6375386
7/7/7/1/2/7/6/7/1 3 3,Z,-2,0,BLOCK,Z,0.340046,0.4823355
7/7/7/5/2/7/4/7/1 3 3,X,2.5,0,BLOCK,X,0.4853804,0.5840388
7/7/7/1/2/7/5/2/7 3 3,Z,-2,2,BLOCK,Z,0.9549104,0.5346622
7/7/7/5/2/7/1/2/7 3 3,X,-2,0,BLOCK,X,0.5230757,0.5089073
7/7/7/1/2/7/5/6/6 3 3,Z,-2.2,0,BLOCK,Z,0.6818632,0.5890635
7/7/7/5/2/7/1/6/6 3 3,X,-2.5,0,BLOCK,X,0.8783609,0.7835747
7/7/7/5/2/7/5/4/6 3 3,Z,2,0,BLOCK,Z,0.1666259,0.3049426
7/7/7/1/2/7/5/6/5 3 3,Z,-2.2,0,BLOCK,Z,0.8242759,0.6732423
7/7/7/5/2/7/1/6/5 3 3,X,-2,0,BLOCK,X,0.5247724,0.5372149
7/7/7/5/2/7/5/4/5 3 3,Z,2,0,BLOCK,Z,0.1922932,0.3289847
7/7/7/1/2/7/5/6/3 3 3,Z,-2.2,0,BLOCK,Z,0.3515458,0.586356
7/7/7/5/2/7/1/6/3 3 3,X,-1.5,2,BLOCK,X,1.156524,0.6715466
7/7/7/5/2/7/5/4/3 3 3,Z,2,0,BLOCK,Z,0.1340187,0.2597128
7/7/7/1/2/7/5/5/6 3 3,Z,-2,0,BLOCK,Z,0.379222,0.5095714
7/7/7/5/2/7/1/5/6 3 3,X,-2.5,0,BLOCK,X,0.710565,0.7911938
7/7/7/5/2/7/5/1/6 3 3,Z,-2,0,BLOCK,Z,1.676774,1.054784
7/7/7/1/2/7/5/5/5 3 3,Z,-2,2,BLOCK,Z,1.004933,0.5474428
7/7/7/5/2/7/1/5/5 3 3,X,-2,0,BLOCK,X,0.6486658,0.6973622
7/7/7/5/2/7/5/1/5 3 3,Z,-2,0,BLOCK,Z,0.1031532,0.2617089
7/7/7/1/2/7/5/5/3 3 3,Z,-2,2,BLOCK,Z,1.005091,0.5837188
7/7/7/5/2/7/1/5/3 3 3,X,-1.5,2,BLOCK,X,1.183004,0.6708128
7/7/7/5/2/7/5/1/3 3 3,Z,-2,0,BLOCK,Z,1.770686,1.039643
7/7/7/1/2/7/5/3/6 3 3,Z,-1.8,0,BLOCK,Z,0.5488194,0.551526
7/7/7/5/2/7/1/3/6 3 3,X,-2.5,0,BLOCK,X,0.8483503,0.8214748
7/7/7/1/2/7/5/3/5 3 3,Z,-1.8,2,BLOCK,Z,0.9438058,0.5217994
7/7/7/5/2/7/1/3/5 3 3,X,-2,0,BLOCK,X,0.4978001,0.5465413
7/7/7/1/2/7/5/3/3 3 3,Z,-1.8,0,BLOCK,Z,0.3830693,0.3878235
7/7/7/5/2/7/1/3/3 3 3,X,-1.5,0,BLOCK,X,0.3642646,0.3741556
7/7/7/1/2/7/5/7/4 3 3,Z,-2,2,BLOCK,Z,1.00702,0.5905848
7/7/7/5/2/7/1/7/4 3 3,X,-2.5,0,BLOCK,X,0.6296558,0.7005925
7/7/7/1/2/7/5/7/2 3 3,Z,-2,0,BLOCK,Z,0.6782908,0.6910042
7/7/7/5/2/7/1/7/2 3 3,X,-2,0,BLOCK,X,0.5775586,0.6612674
7/7/7/1/2/7/5/7/1 3 3,Z,-2,0,BLOCK,Z,0.3617114,0.4663416
7/7/7/5/2/7/1/7/1 3 3,X,-1.5,0,BLOCK,X,0.6276262,0.3763041
7/7/7/1/2/7/3/2/7 3 3,Z,-2,0,BLOCK,Z,0.5175508,0.5543512
7/7/7/1/2/7/3/6/6 3 3,Z,-2.2,0,BLOCK,Z,0.8299494,0.6754981
7/7/7/5/2/7/3/4/6 3 3,Z,2,0,BLOCK,Z,0.09735984,0.1749659
7/7/7/1/2/7/3/6/5 3 3,Z,-2.2,0,BLOCK,Z,0.7020485,0.5985858
7/7/7/5/2/7/3/4/5 3 3,Z,2,0,BLOCK,Z,0.2377063,0.3591238
7/7/7/1/2/7/3/6/3 3 3,Z,-2.2,0,BLOCK,Z,0.4882436,0.5781192
7/7/7/5/2/7/3/4/3 3 3,Z,2,2,BLOCK,Z,1.643758,1.000124
7/7/7/1/2/7/3/5/6 3 3,Z,-2,2,BLOCK,Z,0.9336286,0.6221952
7/7/7/5/2/7/3/1/6 3 3,Z,-2,0,BLOCK,Z,0.06597938,0.176194
7/7/7/1/2/7/3/5/5 3 3,Z,-2,0,BLOCK,Z,0.7015278,0.5518974
7/7/7/5/2/7/3/1/5 3 3,Z,-2,0,BLOCK,Z,1.634652,1.031881
7/7/7/1/2/7/3/5/3 3 3,Z,-2,0,BLOCK,Z,0.8235113,0.5264855
7/7/7/5/2/7/3/1/3 3 3,Z,-2,0,BLOCK,Z,0.218939,0.4186099
7/7/7/1/2/7/3/3/6 3 3,Z,-1.8,0,BLOCK,Z,0.7294883,0.5449126
7/7/7/1/2/7/3/3/5 3 3,Z,-1.8,2,BLOCK,Z,0.9287438,0.4964184
7/7/7/1/2/7/3/3/3 3 3,Z,-1.8,2,BLOCK,Z,0.8028914,0.569987
7/7/7/1/2/7/3/7/4 3 3,Z,-2,0,BLOCK,Z,0.5652972,0.5507774
7/7/7/1/2/7/3/7/2 3 3,Z,-2,0,BLOCK,Z,0.5167783,0.4878438
7/7/7/1/2/7/3/7/1 3 3,Z,-2,0,BLOCK,Z,0.3925139,0.4462909
7/7/7/1/2/7/7/2/6 3 3,Z,-2,2,BLOCK,Z,1.092893,0.6079861
7/7/7/1/2/7/7/2/5 3 3,Z,-2,0,BLOCK,Z,0.3702227,0.4823045
7/7/7/1/2/7/7/2/3 3 3,Z,-2,0,BLOCK,Z,0.3272701,0.4835415
7/7/7/1/2/7/7/6/4 3 3,Z,-2.2,2,BLOCK,Z,1.099826,0.615567
7/7/7/5/2/7/7/4/4 3 3,Z,2,0,BLOCK,Z,0.1987698,0.3479426
7/7/7/1/2/7/7/6/2 3 3,Z,-2.2,0,BLOCK,Z,0.3387182,0.5219338
7/7/7/5/2/7/7/4/2 3 3,Z,2,0,BLOCK,Z,0.1765822,0.2542629
7/7/7/1/2/7/7/6/1 3 3,Z,-2.2,0,BLOCK,Z,0.3392507,0.4985124
7/7/7/5/2/7/7/4/1 3 3,Z,2,0,BLOCK,Z,0.1896766,0.3421558
7/7/7/1/2/7/7/5/4 3 3,Z,-2,2,BLOCK,Z,0.9779689,0.6010774
7/7/7/5/2/7/7/1/4 3 3,Z,-2,0,BLOCK,Z,0.2096502,0.3689235
7/7/7/1/2/7/7/5/2 3 3,Z,-2,2,BLOCK,Z,0.9972206,0.5907423
7/7/7/5/2/7/7/1/2 3 3,Z,-2,0,BLOCK,Z,0.152996,0.2326289
7/7/7/1/2/7/7/5/1 3 3,Z,-2,0,BLOCK,Z,0.6598657,0.5622699
7/7/7/5/2/7/7/1/1 3 3,Z,-2,2,BLOCK,Z,1.622774,1.00543
7/7/7/1/2/7/7/3/4 3 3,Z,-1.8,0,BLOCK,Z,0.4170864,0.557509
7/7/7/1/2/7/7/3/2 3 3,Z,-1.8,2,BLOCK,Z,0.9842528,0.5391623
7/7/7/1/2/7/7/3/1 3 3,Z,-1.8,0,BLOCK,Z,0.7053573,0.6142671
7/7/7/1/6/2/2/7/7 3 3,Z,-2,2,BLOCK,Z,0.9594305,0.5962834
7/7/7/5/4/2/2/7/7 3 3,X,2,0,BLOCK,X,0.6123482,0.5441515
7/7/7/1/6/2/6/6/7 3 3,Z,-2.20,2,BLOCK,Z,1.070489,0.6281145
7/7/7/5/4/2/6/6/7 3 3,X,1.75,0,BLOCK,X,1.066363,0.6244149
7/7/7/5/6/2/4/6/7 3 3,X,2,0,BLOCK,X,0.6412925,0.8321909
7/7/7/5/6/2/6/4/7 3 3,Z,2,0,BLOCK,Z,1.107942,0.7486266
7/7/7/1/6/2/6/5/7 3 3,Z,-2,0,BLOCK,Z,0.09224348,0.1457191
7/7/7/5/4/2/6/5/7 3 3,X,1.75,2,BLOCK,X,0.9648134,0.5399335
7/7/7/5/6/2/4/5/7 3 3,X,2,0,BLOCK,X,1.182804,0.8067836
7/7/7/5/6/2/6/1/7 3 3,Z,-2,0,BLOCK,Z,0.6196206,0.606656
7/7/7/1/6/2/6/3/7 3 3,Z,-1.80,0,BLOCK,Z,0.4833784,0.4115335
7/7/7/5/4/2/6/3/7 3 3,X,1.75,2,BLOCK,X,0.9582891,0.5426801
7/7/7/5/6/2/4/3/7 3 3,X,2,0,BLOCK,X,0.5884555,0.7927467
7/7/7/1/6/2/6/7/6 3 3,Z,-2,2,BLOCK,Z,1.055977,0.6183646
7/7/7/5/4/2/6/7/6 3 3,X,1.5,0,BLOCK,X,0.5987484,0.5747499
7/7/7/5/6/2/4/7/6 3 3,X,1.6,0,BLOCK,X,1.125503,0.8086408
7/7/7/1/6/2/6/7/5 3 3,Z,-2,0,BLOCK,Z,0.185588,0.1848056
7/7/7/5/4/2/6/7/5 3 3,X,1.75,2,BLOCK,X,1.026,0.6044587
7/7/7/5/6/2/4/7/5 3 3,X,2,0,BLOCK,X,0.757478,0.7888731
7/7/7/1/6/2/6/7/3 3 3,Z,-2,0,BLOCK,Z,0.2492936,0.2431455
7/7/7/5/4/2/6/7/3 3 3,X,2,0,BLOCK,X,0.7290868,0.6178481
7/7/7/5/6/2/4/7/3 3 3,X,2.4,0,BLOCK,X,1.640124,1.059856
7/7/7/1/6/2/5/6/7 3 3,Z,-2.20,0,BLOCK,Z,0.1799957,0.08793335
7/7/7/5/4/2/5/6/7 3 3,X,2,0,BLOCK,X,0.6929694,0.5450725
7/7/7/5/6/2/1/6/7 3 3,X,-2,0,BLOCK,X,0.7450705,0.5991617
7/7/7/5/6/2/5/4/7 3 3,Z,2,0,BLOCK,Z,1.060554,0.6007157
7/7/7/1/6/2/5/5/7 3 3,Z,-2,2,BLOCK,Z,1.261296,0.7275215
7/7/7/5/4/2/5/5/7 3 3,X,2,0,BLOCK,X,1.061634,0.6024871
7/7/7/5/6/2/1/5/7 3 3,X,-2,0,BLOCK,X,1.391755,0.9863778
7/7/7/5/6/2/5/1/7 3 3,Z,-2,0,BLOCK,Z,1.62428,1.024767
7/7/7/1/6/2/5/3/7 3 3,Z,-1.80,2,BLOCK,Z,1.299475,0.783975
7/7/7/5/4/2/5/3/7 3 3,X,2,0,BLOCK,X,0.7764904,0.6328868
7/7/7/5/6/2/1/3/7 3 3,X,-2,0,BLOCK,X,0.6795979,0.6800413
7/7/7/1/6/2/5/7/6 3 3,Z,-2,0,BLOCK,Z,0.1903615,0.3469062
7/7/7/5/4/2/5/7/6 3 3,X,1.75,0,BLOCK,X,0.8628639,0.6199854
7/7/7/5/6/2/1/7/6 3 3,X,-2.4,0,BLOCK,X,0.9546346,0.8137351
7/7/7/1/6/2/5/7/5 3 3,Z,-2,0,BLOCK,Z,0.7896855,0.5417724
7/7/7/5/4/2/5/7/5 3 3,X,2,0,BLOCK,X,0.5420868,0.5600995
7/7/7/5/6/2/1/7/5 3 3,X,-2,2,BLOCK,X,1.288959,0.7963517
7/7/7/1/6/2/5/7/3 3 3,Z,-2,0,BLOCK,Z,0.4288363,0.4237201
7/7/7/5/4/2/5/7/3 3 3,X,2.25,0,BLOCK,X,0.8163775,0.7761726
7/7/7/5/6/2/1/7/3 3 3,X,-1.6,2,BLOCK,X,1.301794,0.8429026
7/7/7/1/6/2/3/6/7 3 3,Z,-2.20,0,BLOCK,Z,0.08849183,0.03451219
7/7/7/5/4/2/3/6/7 3 3,X,2.25,0,BLOCK,X,0.6855898,0.6841795
7/7/7/5/6/2/3/4/7 3 3,Z,2,0,BLOCK,Z,0.7285472,0.7200236
7/7/7/1/6/2/3/5/7 3 3,Z,-2,0,BLOCK,Z,0.06585372,0.1448245
7/7/7/5/4/2/3/5/7 3 3,X,2.25,0,BLOCK,X,1.168315,0.7536252
7/7/7/5/6/2/3/1/7 3 3,Z,-2,0,BLOCK,Z,0.4558523,0.4709384
7/7/7/1/6/2/3/3/7 3 3,Z,-1.80,0,BLOCK,Z,0.1999203,0.256815
7/7/7/5/4/2/3/3/7 3 3,X,2.25,2,BLOCK,X,1.153885,0.7732531
7/7/7/1/6/2/3/7/6 3 3,Z,-2,0,BLOCK,Z,0.04910154,0.08203225
7/7/7/5/4/2/3/7/6 3 3,X,2,0,BLOCK,X,0.751168,0.795111
7/7/7/1/6/2/3/7/5 3 3,Z,-2,0,BLOCK,Z,0.09401945,0.1281941
7/7/7/5/4/2/3/7/5 3 3,X,2.25,2,BLOCK,X,1.192948,0.7036282
7/7/7/1/6/2/3/7/3 3 3,Z,-2,0,BLOCK,Z,0.4309089,0.3967326
7/7/7/5/4/2/3/7/3 3 3,X,2.5,0,BLOCK,X,0.7090074,0.6516888
7/7/7/1/6/2/7/2/7 3 3,Z,-2,0,BLOCK,Z,0.1472696,0.145974
7/7/7/5/4/2/7/2/7 3 3,X,2,0,BLOCK,X,0.8302115,0.6840597
7/7/7/1/6/2/7/6/6 3 3,Z,-2.20,2,BLOCK,Z,1.075892,0.5445906
7/7/7/5/4/2/7/6/6 3 3,X,1.75,0,BLOCK,X,0.8461913,0.6389415
7/7/7/5/2/2/7/6/6 3 3,Z,0.5,302,TIMEOUT,Z,0.006474499,0.003347897
7/7/7/5/6/2/7/4/6 3 3,Z,2,0,BLOCK,Z,0.4512372,0.5299355
7/7/7/1/6/2/7/6/5 3 3,Z,-2.20,0,BLOCK,Z,0.1411621,0.1375532
7/7/7/5/4/2/7/6/5 3 3,X,2,0,BLOCK,X,1.034819,0.6386548
7/7/7/5/2/2/7/6/5 3 3,Z,0.5,302,TIMEOUT,Z,0.003700537,0.005015723
7/7/7/5/6/2/7/4/5 3 3,Z,2,0,BLOCK,Z,0.504576,0.5007337
7/7/7/1/6/2/7/6/3 3 3,Z,-2.20,0,BLOCK,Z,0.1172365,0.1254078
7/7/7/5/4/2/7/6/3 3 3,X,2.25,0,BLOCK,X,0.6321053,0.7503673
7/7/7/5/6/2/7/4/3 3 3,Z,2,0,BLOCK,Z,0.987476,0.7113299
7/7/7/1/6/2/7/5/6 3 3,Z,-2,2,BLOCK,Z,1.10025,0.6808906
7/7/7/5/4/2/7/5/6 3 3,X,1.75,0,BLOCK,X,0.8224784,0.5894083
7/7/7/5/6/2/7/1/6 3 3,Z,-2,0,BLOCK,Z,0.5744953,0.6223649
7/7/7/1/6/2/7/5/5 3 3,Z,-2,0,BLOCK,Z,0.2463362,0.2606536
7/7/7/5/4/2/7/5/5 3 3,X,2,2,BLOCK,X,0.9490304,0.634994
7/7/7/5/6/2/7/1/5 3 3,Z,-2,0,BLOCK,Z,0.4389474,0.5145429
7/7/7/1/6/2/7/5/3 3 3,Z,-2,0,BLOCK,Z,0.2939838,0.2875875
7/7/7/5/4/2/7/5/3 3 3,X,2.25,2,BLOCK,X,1.019149,0.79067
7/7/7/5/6/2/7/1/3 3 3,Z,-2,0,BLOCK,Z,0.4148909,0.4813253
7/7/7/1/6/2/7/3/6 3 3,Z,-1.80,2,BLOCK,Z,1.207052,0.7756867
7/7/7/5/4/2/7/3/6 3 3,X,1.75,0,BLOCK,X,0.9214859,0.713296
7/7/7/1/6/2/7/3/5 3 3,Z,-1.80,0,BLOCK,Z,0.2381821,0.3514275
7/7/7/5/4/2/7/3/5 3 3,X,2,0,BLOCK,X,0.8237234,0.7108481
7/7/7/1/6/2/7/3/3 3 3,Z,-1.80,0,BLOCK,Z,0.2453325,0.3277503
7/7/7/5/4/2/7/3/3 3 3,X,2.25,2,BLOCK,X,1.07565,0.7150253
7/7/7/1/6/2/7/7/4 3 3,Z,-2,0,BLOCK,Z,0.3630151,0.3147207
7/7/7/5/4/2/7/7/4 3 3,X,1.75,0,BLOCK,X,0.6685743,0.6522459
7/7/7/1/6/2/7/7/2 3 3,Z,-2,0,BLOCK,Z,0.3612621,0.2944677
7/7/7/5/4/2/7/7/2 3 3,X,2,0,BLOCK,X,0.9305122,0.7017611
7/7/7/1/6/2/7/7/1 3 3,Z,-2,0,BLOCK,Z,0.08430442,0.08058498
7/7/7/5/4/2/7/7/1 3 3,X,2.25,0,BLOCK,X,1.17489,0.8513364
7/7/7/1/6/6/2/6/7 3 3,Z,-2.4,0,BLOCK,Z,0.4796488,0.5462652
7/7/7/5/4/6/2/6/7 3 3,X,2,2,BLOCK,X,0.9322677,0.6265551
7/7/7/5/6/4/2/6/7 3 3,Z,1.6666666666666666666666666666,0,BLOCK,Z,0.4398956,0.6177087
7/7/7/5/6/6/2/4/7 3 3,Z,2,0,BLOCK,Z,1.128292,0.5762247
7/7/7/1/6/6/2/5/7 3 3,Z,-2.20,0,BLOCK,Z,0.6660783,0.7179528
7/7/7/5/4/6/2/5/7 3 3,X,2,0,BLOCK,X,0.3271802,0.4006581
7/7/7/5/6/4/2/5/7 3 3,Z,2,0,BLOCK,Z,0.795667,0.7381719
7/7/7/5/6/6/2/1/7 3 3,Z,-2,0,BLOCK,Z,1.507083,0.9975002
7/7/7/1/6/6/2/3/7 3 3,Z,-2,0,BLOCK,Z,0.3622746,0.6367606
7/7/7/5/4/6/2/3/7 3 3,X,2,2,BLOCK,X,1.068934,0.651094
7/7/7/5/6/4/2/3/7 3 3,Z,2.3333333333333333333333333334,0,BLOCK,Z,0.8273016,0.826623
7/7/7/1/6/6/2/7/6 3 3,Z,-2.20,2,BLOCK,Z,1.357771,0.7173774
7/7/7/5/4/6/2/7/6 3 3,X,1.75,0,BLOCK,X,0.262034,0.4241079
7/7/7/5/6/4/2/7/6 3 3,Z,2,0,BLOCK,Z,0.4853785,0.7841412
7/7/7/1/6/6/2/7/5 3 3,Z,-2.20,0,BLOCK,Z,0.3471645,0.6052905
7/7/7/5/4/6/2/7/5 3 3,X,2,2,BLOCK,X,1.012284,0.6631612
7/7/7/5/6/4/2/7/5 3 3,Z,2,0,BLOCK,Z,0.6608465,0.8546007
7/7/7/1/6/6/2/7/3 3 3,Z,-2.20,0,BLOCK,Z,0.2642902,0.4843262
7/7/7/5/4/6/2/7/3 3 3,X,2.25,0,BLOCK,X,0.4878209,0.6481292
7/7/7/5/6/4/2/7/3 3 3,Z,2,2,BLOCK,Z,1.088429,0.8096994
7/7/7/1/6/6/6/2/7 3 3,Z,-2.20,0,BLOCK,Z,0.5423077,0.6494157
7/7/7/5/4/6/6/2/7 3 3,X,1.75,0,BLOCK,X,0.3903155,0.4019137
7/7/7/5/6/4/6/2/7 3 3,Z,2,2,BLOCK,Z,1.155763,0.7562563
7/7/7/5/6/6/4/2/7 3 3,X,2,0,BLOCK,X,0.6789935,0.805095
7/7/7/1/6/6/6/6/6 3 3,Z,-2.4,0,BLOCK,Z,0.5359617,0.5424768
7/7/7/5/4/6/6/6/6 3 3,X,1.5,2,BLOCK,X,0.9230519,0.5352734
7/7/7/5/6/4/6/6/6 3 3,Z,1.6666666666666666666666666666,2,BLOCK,Z,1.058363,0.6274143
7/7/7/5/6/6/4/6/6 3 3,X,1.5,0,BLOCK,X,0.4331762,0.6064443
7/7/7/5/6/6/6/4/6 3 3,Z,2,0,BLOCK,Z,0.4438375,0.5479479
7/7/7/1/6/6/6/6/5 3 3,Z,-2.4,0,BLOCK,Z,0.423082,0.5734529
7/7/7/5/4/6/6/6/5 3 3,X,1.75,0,BLOCK,X,0.3909255,0.4780135
7/7/7/5/6/4/6/6/5 3 3,Z,1.6666666666666666666666666666,2,BLOCK,Z,1.079883,0.6505092
7/7/7/5/6/6/4/6/5 3 3,X,2,0,BLOCK,X,0.6775338,0.7575576
7/7/7/5/6/6/6/4/5 3 3,Z,2,0,BLOCK,Z,0.2712978,0.4037569
7/7/7/1/6/6/6/6/3 3 3,Z,-2.4,0,BLOCK,Z,0.5307204,0.6323658
7/7/7/5/4/6/6/6/3 3 3,X,2.0,0,BLOCK,X,0.4967656,0.6411946
7/7/7/5/6/4/6/6/3 3 3,Z,1.6666666666666666666666666666,0,BLOCK,Z,0.4596163,0.5258351
7/7/7/5/6/6/4/6/3 3 3,X,2.5,2,BLOCK,X,1.63396,0.9477908
7/7/7/5/6/6/6/4/3 3 3,Z,2,0,BLOCK,Z,0.219731,0.3023616
7/7/7/1/6/6/6/5/6 3 3,Z,-2.20,0,BLOCK,Z,0.3423897,0.5394149
7/7/7/5/4/6/6/5/6 3 3,X,1.5,2,BLOCK,X,0.9216198,0.5529261
7/7/7/5/6/4/6/5/6 3 3,Z,2,0,BLOCK,Z,0.8988875,0.744386
7/7/7/5/6/6/4/5/6 3 3,X,1.5,0,BLOCK,X,0.6339492,0.593983
7/7/7/5/6/6/6/1/6 3 3,Z,-2,0,BLOCK,Z,0.4871699,0.5808005
7/7/7/1/6/6/6/5/5 3 3,Z,-2.20,0,BLOCK,Z,0.3582923,0.5105302
7/7/7/5/4/6/6/5/5 3 3,X,1.75,2,BLOCK,X,0.9655889,0.5901135
7/7/7/5/6/4/6/5/5 3 3,Z,2,0,BLOCK,Z,0.7050225,0.8014089
7/7/7/5/6/6/4/5/5 3 3,X,2,0,BLOCK,X,0.6280589,0.7261341
7/7/7/5/6/6/6/1/5 3 3,Z,-2,0,BLOCK,Z,0.3659682,0.3526024
7/7/7/1/6/6/6/5/3 3 3,Z,-2.20,0,BLOCK,Z,0.363212,0.6527252
7/7/7/5/4/6/6/5/3 3 3,X,2.0,2,BLOCK,X,1.007967,0.6931756
7/7/7/5/6/4/6/5/3 3 3,Z,2,0,BLOCK,Z,0.4712658,0.6972064
7/7/7/5/6/6/4/5/3 3 3,X,2.5,0,BLOCK,X,1.74135,1.25633
7/7/7/5/6/6/6/1/3 3 3,Z,-2,0,BLOCK,Z,1.625603,1.049939
7/7/7/1/6/6/6/3/6 3 3,Z,-2,2,BLOCK,Z,1.392829,0.8954833
7/7/7/5/4/6/6/3/6 3 3,X,1.5,0,BLOCK,X,0.2212979,0.3436296
7/7/7/5/6/4/6/3/6 3 3,Z,2.3333333333333333333333333334,0,BLOCK,Z,0.3772987,0.6741363
7/7/7/5/6/6/4/3/6 3 3,X,1.5,2,BLOCK,X,1.187394,0.6954085
7/7/7/1/6/6/6/3/5 3 3,Z,-2,2,BLOCK,Z,1.331175,0.9900216
7/7/7/5/4/6/6/3/5 3 3,X,1.75,0,BLOCK,X,0.4066406,0.4593076
7/7/7/5/6/4/6/3/5 3 3,Z,2.3333333333333333333333333334,2,BLOCK,Z,1.416866,0.8411198
7/7/7/5/6/6/4/3/5 3 3,X,2,0,BLOCK,X,1.272007,0.8531514
7/7/7/1/6/6/6/3/3 3 3,Z,-2,2,BLOCK,Z,1.45256,0.7903725
7/7/7/5/4/6/6/3/3 3 3,X,2.0,0,BLOCK,X,0.3972547,0.5793312
7/7/7/5/6/4/6/3/3 3 3,Z,2.3333333333333333333333333334,0,BLOCK,Z,0.4567643,0.5423141
7/7/7/5/6/6/4/3/3 3 3,X,2.5,0,BLOCK,X,1.640309,1.112642
7/7/7/1/6/6/6/7/4 3 3,Z,-2.20,0,BLOCK,Z,0.4646869,0.5819224
7/7/7/5/4/6/6/7/4 3 3,X,1.5,2,BLOCK,X,0.9824955,0.5505646
7/7/7/5/6/4/6/7/4 3 3,Z,2,2,BLOCK,Z,1.225096,0.8082261
7/7/7/5/6/6/4/7/4 3 3,X,1.5,0,BLOCK,X,1.135591,0.7593614
7/7/7/1/6/6/6/7/2 3 3,Z,-2.20,0,BLOCK,Z,0.3923755,0.6512755
7/7/7/5/4/6/6/7/2 3 3,X,1.75,0,BLOCK,X,0.772081,0.5873187
7/7/7/5/6/4/6/7/2 3 3,Z,2,0,BLOCK,Z,0.4714278,0.7677181
7/7/7/5/6/6/4/7/2 3 3,X,2,0,BLOCK,X,0.5797008,0.6944388
7/7/7/1/6/6/6/7/1 3 3,Z,-2.20,0,BLOCK,Z,0.480018,0.6430041
7/7/7/5/4/6/6/7/1 3 3,X,2.0,0,BLOCK,X,0.552343,0.7005249
7/7/7/5/6/4/6/7/1 3 3,Z,2,0,BLOCK,Z,0.5352693,0.6978509
7/7/7/5/6/6/4/7/1 3 3,X,2.5,0,BLOCK,X,1.695756,1.153022
7/7/7/1/6/6/5/2/7 3 3,Z,-2.20,0,BLOCK,Z,0.08910672,0.3198175
7/7/7/5/4/6/5/2/7 3 3,X,2,0,BLOCK,X,0.382842,0.5239382
7/7/7/5/6/4/5/2/7 3 3,Z,2,0,BLOCK,Z,0.4060733,0.6345692
7/7/7/5/6/6/1/2/7 3 3,X,-2,0,BLOCK,X,0.5166007,0.5316485
7/7/7/1/6/6/5/6/6 3 3,Z,-2.4,0,BLOCK,Z,0.3037511,0.5540123
7/7/7/5/4/6/5/6/6 3 3,X,1.75,0,BLOCK,X,0.6945276,0.5577786
7/7/7/5/6/4/5/6/6 3 3,Z,1.6666666666666666666666666666,2,BLOCK,Z,1.06125,0.6900652
7/7/7/5/6/6/1/6/6 3 3,X,-2.5,0,BLOCK,X,0.6862643,0.7706438
7/7/7/5/6/6/5/4/6 3 3,Z,2,0,BLOCK,Z,0.2484142,0.3560158
7/7/7/1/6/6/5/6/5 3 3,Z,-2.4,0,BLOCK,Z,0.538298,0.5634765
7/7/7/5/4/6/5/6/5 3 3,X,2,0,BLOCK,X,0.8088899,0.5952218
7/7/7/5/6/4/5/6/5 3 3,Z,1.6666666666666666666666666666,0,BLOCK,Z,0.5701618,0.554147
7/7/7/5/6/6/1/6/5 3 3,X,-2,2,BLOCK,X,1.287069,0.811715
7/7/7/5/6/6/5/4/5 3 3,Z,2,0,BLOCK,Z,0.3442349,0.4525369
7/7/7/1/6/6/5/6/3 3 3,Z,-2.4,2,BLOCK,Z,1.242355,0.7072374
7/7/7/5/4/6/5/6/3 3 3,X,2.25,0,BLOCK,X,1.016202,0.769712
7/7/7/5/6/4/5/6/3 3 3,Z,1.6666666666666666666666666666,2,BLOCK,Z,1.078361,0.6996722
7/7/7/5/6/6/1/6/3 3 3,X,-1.5,2,BLOCK,X,1.148881,0.7177136
7/7/7/5/6/6/5/4/3 3 3,Z,2,0,BLOCK,Z,0.3014584,0.390078
7/7/7/1/6/6/5/5/6 3 3,Z,-2.20,0,BLOCK,Z,0.7115117,0.709061
7/7/7/5/4/6/5/5/6 3 3,X,1.75,0,BLOCK,X,0.4003484,0.5226229
7/7/7/5/6/4/5/5/6 3 3,Z,2,2,BLOCK,Z,1.153067,0.7669322
7/7/7/5/6/6/1/5/6 3 3,X,-2.5,0,BLOCK,X,0.8302237,0.6320895
7/7/7/5/6/6/5/1/6 3 3,Z,-2,0,BLOCK,Z,1.558783,1.02088
7/7/7/1/6/6/5/5/5 3 3,Z,-2.20,2,BLOCK,Z,1.322502,0.9019702
7/7/7/5/4/6/5/5/5 3 3,X,2,0,BLOCK,X,0.4859146,0.6244379
7/7/7/5/6/4/5/5/5 3 3,Z,2,0,BLOCK,Z,0.640843,0.6204513
7/7/7/5/6/6/1/5/5 3 3,X,-2,0,BLOCK,X,0.7951999,0.6327417
7/7/7/5/6/6/5/1/5 3 3,Z,-2,0,BLOCK,Z,0.4156257,0.4732148
7/7/7/1/6/6/5/5/3 3 3,Z,-2.20,2,BLOCK,Z,1.402914,0.8269764
7/7/7/5/4/6/5/5/3 3 3,X,2.25,0,BLOCK,X,1.157497,0.6786777
7/7/7/5/6/4/5/5/3 3 3,Z,2,0,BLOCK,Z,0.4066129,0.5989861
7/7/7/5/6/6/1/5/3 3 3,X,-1.5,0,BLOCK,X,0.3234216,0.2935247
7/7/7/5/6/6/5/1/3 3 3,Z,-2,0,BLOCK,Z,0.5940682,0.5215431
7/7/7/1/6/6/5/3/6 3 3,Z,-2,0,BLOCK,Z,0.4592523,0.7053089
7/7/7/5/4/6/5/3/6 3 3,X,1.75,0,BLOCK,X,0.4828874,0.5005064
7/7/7/5/6/4/5/3/6 3 3,Z,2.3333333333333333333333333334,0,BLOCK,Z,1.224062,0.9407842
7/7/7/5/6/6/1/3/6 3 3,X,-2.5,2,BLOCK,X,1.575533,0.9083755
7/7/7/1/6/6/5/3/5 3 3,Z,-2,0,BLOCK,Z,0.3204823,0.5509439
7/7/7/5/4/6/5/3/5 3 3,X,2,2,BLOCK,X,0.9539968,0.7650993
7/7/7/5/6/4/5/3/5 3 3,Z,2.3333333333333333333333333334,0,BLOCK,Z,0.553992,0.6334003
7/7/7/5/6/6/1/3/5 3 3,X,-2,2,BLOCK,X,1.249268,0.7527707
7/7/7/1/6/6/5/3/3 3 3,Z,-2,2,BLOCK,Z,1.434257,0.981389
7/7/7/5/4/6/5/3/3 3 3,X,2.25,0,BLOCK,X,0.6744061,0.7893809
7/7/7/5/6/4/5/3/3 3 3,Z,2.3333333333333333333333333334,2,BLOCK,Z,1.379856,0.893487
7/7/7/5/6/6/1/3/3 3 3,X,-1.5,2,BLOCK,X,1.155303,0.7232811
7/7/7/1/6/6/5/7/4 3 3,Z,-2.20,0,BLOCK,Z,0.340657,0.5106682
7/7/7/5/4/6/5/7/4 3 3,X,1.75,0,BLOCK,X,0.9584477,0.5995601
7/7/7/5/6/4/5/7/4 3 3,Z,2,0,BLOCK,Z,0.633495,0.7895661
7/7/7/5/6/6/1/7/4 3 3,X,-2.5,0,BLOCK,X,0.4613758,0.5380415
7/7/7/1/6/6/5/7/2 3 3,Z,-2.20,0,BLOCK,Z,0.3222473,0.4565114
7/7/7/5/4/6/5/7/2 3 3,X,2,0,BLOCK,X,0.8045549,0.6808637
7/7/7/5/6/4/5/7/2 3 3,Z,2,0,BLOCK,Z,0.7570262,0.8035559
7/7/7/5/6/6/1/7/2 3 3,X,-2,0,BLOCK,X,0.972041,0.7201144
7/7/7/1/6/6/5/7/1 3 3,Z,-2.20,0,BLOCK,Z,0.3000304,0.4345223
7/7/7/5/4/6/5/7/1 3 3,X,2.25,0,BLOCK,X,0.9746082,0.8379339
7/7/7/5/6/4/5/7/1 3 3,Z,2,2,BLOCK,Z,1.238851,1.019515
7/7/7/5/6/6/1/7/1 3 3,X,-1.5,0,BLOCK,X,0.1824372,0.198425
7/7/7/1/6/6/3/2/7 3 3,Z,-2.20,0,BLOCK,Z,0.3256773,0.4311295
7/7/7/5/4/6/3/2/7 3 3,X,2.25,0,BLOCK,X,0.5887207,0.7562386
7/7/7/5/6/4/3/2/7 3 3,Z,2,0,BLOCK,Z,0.4568888,0.6741067
7/7/7/1/6/6/3/6/6 3 3,Z,-2.4,0,BLOCK,Z,0.3712855,0.5360987
7/7/7/5/4/6/3/6/6 3 3,X,2.0,0,BLOCK,X,0.276316,0.5634015
7/7/7/5/6/4/3/6/6 3 3,Z,1.6666666666666666666666666666,0,BLOCK,Z,0.5952004,0.7812812
7/7/7/5/6/6/3/4/6 3 3,Z,2,2,BLOCK,Z,1.639045,0.9819245
7/7/7/1/6/6/3/6/5 3 3,Z,-2.4,0,BLOCK,Z,0.3851385,0.4594023
7/7/7/5/4/6/3/6/5 3 3,X,2.25,0,BLOCK,X,0.640987,0.7041634
7/7/7/5/6/4/3/6/5 3 3,Z,1.6666666666666666666666666666,0,BLOCK,Z,0.6099442,0.5791912
7/7/7/5/6/6/3/4/5 3 3,Z,2,0,BLOCK,Z,0.3430108,0.4220167
7/7/7/1/6/6/3/6/3 3 3,Z,-2.4,0,BLOCK,Z,0.6336603,0.6384043
7/7/7/5/4/6/3/6/3 3 3,X,2.5,2,BLOCK,X,1.200604,0.6998258
7/7/7/5/6/4/3/6/3 3 3,Z,1.6666666666666666666666666666,0,BLOCK,Z,0.661925,0.7324396
7/7/7/5/6/6/3/4/3 3 3,Z,2,0,BLOCK,Z,0.3404557,0.5128396
7/7/7/1/6/6/3/5/6 3 3,Z,-2.20,0,BLOCK,Z,0.6199123,0.7547303
7/7/7/5/4/6/3/5/6 3 3,X,2.0,0,BLOCK,X,1.048096,0.8006292
7/7/7/5/6/4/3/5/6 3 3,Z,2,0,BLOCK,Z,0.655372,0.6493494
7/7/7/5/6/6/3/1/6 3 3,Z,-2,0,BLOCK,Z,0.3571457,0.3918847
7/7/7/1/6/6/3/5/5 3 3,Z,-2.20,0,BLOCK,Z,0.6807563,0.7027646
7/7/7/5/4/6/3/5/5 3 3,X,2.25,0,BLOCK,X,1.139151,0.7655567
7/7/7/5/6/4/3/5/5 3 3,Z,2,0,BLOCK,Z,0.8416091,0.7976
7/7/7/5/6/6/3/1/5 3 3,Z,-2,0,BLOCK,Z,0.9484367,0.4806735
7/7/7/1/6/6/3/5/3 3 3,Z,-2.20,0,BLOCK,Z,0.6031874,0.7200727
7/7/7/5/4/6/3/5/3 3 3,X,2.5,2,BLOCK,X,1.194897,0.7512721
7/7/7/5/6/4/3/5/3 3 3,Z,2,0,BLOCK,Z,0.6887913,0.7501146
7/7/7/5/6/6/3/1/3 3 3,Z,-2,2,BLOCK,Z,1.551634,0.9426279
7/7/7/1/6/6/3/3/6 3 3,Z,-2,0,BLOCK,Z,0.4536155,0.5909199
7/7/7/5/4/6/3/3/6 3 3,X,2.0,2,BLOCK,X,1.417478,0.861514
7/7/7/5/6/4/3/3/6 3 3,Z,2.3333333333333333333333333334,2,BLOCK,Z,1.277713,0.800597
7/7/7/1/6/6/3/3/5 3 3,Z,-2,0,BLOCK,Z,0.816771,0.8790414
7/7/7/5/4/6/3/3/5 3 3,X,2.25,2,BLOCK,X,1.337208,0.8360561
7/7/7/5/6/4/3/3/5 3 3,Z,2.3333333333333333333333333334,0,BLOCK,Z,0.4064426,0.7709233
7/7/7/1/6/6/3/3/3 3 3,Z,-2,0,BLOCK,Z,0.4145628,0.6110265
7/7/7/5/4/6/3/3/3 3 3,X,2.5,0,BLOCK,X,1.202585,0.7828766
7/7/7/5/6/4/3/3/3 3 3,Z,2.3333333333333333333333333334,2,BLOCK,Z,1.436792,0.9833458
7/7/7/1/6/6/3/7/4 3 3,Z,-2.20,0,BLOCK,Z,0.2290312,0.5429419
7/7/7/5/4/6/3/7/4 3 3,X,2.0,0,BLOCK,X,1.306238,0.8955097
7/7/7/5/6/4/3/7/4 3 3,Z,2,0,BLOCK,Z,0.7284124,0.7734257
7/7/7/1/6/6/3/7/2 3 3,Z,-2.20,0,BLOCK,Z,0.2085631,0.3760697
7/7/7/5/4/6/3/7/2 3 3,X,2.25,2,BLOCK,X,1.234259,0.7769184
7/7/7/5/6/4/3/7/2 3 3,Z,2,0,BLOCK,Z,0.8612282,0.7968534
7/7/7/1/6/6/3/7/1 3 3,Z,-2.20,0,BLOCK,Z,0.4364626,0.5784451
7/7/7/5/4/6/3/7/1 3 3,X,2.5,2,BLOCK,X,1.220712,0.6778957
7/7/7/5/6/4/3/7/1 3 3,Z,2,0,BLOCK,Z,0.6731591,0.8540114
7/7/7/1/6/6/7/2/6 3 3,Z,-2.20,0,BLOCK,Z,0.3273957,0.5646598
7/7/7/5/4/6/7/2/6 3 3,X,1.75,2,BLOCK,X,0.9780691,0.5597757
7/7/7/5/6/4/7/2/6 3 3,Z,2,0,BLOCK,Z,1.334176,0.8376944
7/7/7/1/6/6/7/2/5 3 3,Z,-2.20,0,BLOCK,Z,0.5139217,0.6201459
7/7/7/5/4/6/7/2/5 3 3,X,2,2,BLOCK,X,1.031007,0.7184574
7/7/7/5/6/4/7/2/5 3 3,Z,2,0,BLOCK,Z,0.4166992,0.5433214
7/7/7/1/6/6/7/2/3 3 3,Z,-2.20,0,BLOCK,Z,1.303273,0.964215
7/7/7/5/4/6/7/2/3 3 3,X,2.25,2,BLOCK,X,1.066513,0.7310364
7/7/7/5/6/4/7/2/3 3 3,Z,2,0,BLOCK,Z,0.3741531,0.4814897
7/7/7/1/6/6/7/6/4 3 3,Z,-2.4,2,BLOCK,Z,1.142555,0.7728106
7/7/7/5/4/6/7/6/4 3 3,X,1.75,0,BLOCK,X,0.7280944,0.6529033
7/7/7/5/6/4/7/6/4 3 3,Z,1.6666666666666666666666666668,0,BLOCK,Z,0.3238445,0.6102494
7/7/7/5/6/6/7/4/4 3 3,Z,2,0,BLOCK,Z,0.2926088,0.4375014
7/7/7/1/6/6/7/6/2 3 3,Z,-2.4,0,BLOCK,Z,0.5510448,0.5124014
7/7/7/5/4/6/7/6/2 3 3,X,2,0,BLOCK,X,0.698993,0.8023729
7/7/7/5/6/4/7/6/2 3 3,Z,1.6666666666666666666666666668,0,BLOCK,Z,0.3632959,0.6068325
7/7/7/5/6/6/7/4/2 3 3,Z,2,0,BLOCK,Z,0.3033439,0.3895427
7/7/7/1/6/6/7/6/1 3 3,Z,-2.4,0,BLOCK,Z,0.3160532,0.5577567
7/7/7/5/4/6/7/6/1 3 3,X,2.25,0,BLOCK,X,0.77916,0.7784023
7/7/7/5/6/4/7/6/1 3 3,Z,1.6666666666666666666666666668,0,BLOCK,Z,0.5929759,0.5927486
7/7/7/5/6/6/7/4/1 3 3,Z,2,0,BLOCK,Z,0.2730016,0.3801802
7/7/7/1/6/6/7/5/4 3 3,Z,-2.20,0,BLOCK,Z,0.5986223,0.7120825
7/7/7/5/4/6/7/5/4 3 3,X,1.75,0,BLOCK,X,0.7023746,0.6658701
7/7/7/5/6/4/7/5/4 3 3,Z,2,0,BLOCK,Z,1.031432,0.7733841
7/7/7/5/6/6/7/1/4 3 3,Z,-2,0,BLOCK,Z,0.08537051,0.265402
7/7/7/1/6/6/7/5/2 3 3,Z,-2.20,2,BLOCK,Z,1.337557,0.8240276
7/7/7/5/4/6/7/5/2 3 3,X,2,0,BLOCK,X,0.648867,0.7575885
7/7/7/5/6/4/7/5/2 3 3,Z,2,0,BLOCK,Z,0.3863183,0.6315596
7/7/7/5/6/6/7/1/2 3 3,Z,-2,0,BLOCK,Z,0.08537481,0.1791878
7/7/7/1/6/6/7/5/1 3 3,Z,-2.20,0,BLOCK,Z,0.598424,0.7240214
7/7/7/5/4/6/7/5/1 3 3,X,2.25,0,BLOCK,X,0.9971051,0.740528
7/7/7/5/6/4/7/5/1 3 3,Z,2,0,BLOCK,Z,0.4787451,0.6633264
7/7/7/5/6/6/7/1/1 3 3,Z,-2,0,BLOCK,Z,0.2051301,0.3538391
7/7/7/1/6/6/7/3/4 3 3,Z,-2,0,BLOCK,Z,0.6063268,0.699944
7/7/7/5/4/6/7/3/4 3 3,X,1.75,2,BLOCK,X,0.9476822,0.7105584
7/7/7/5/6/4/7/3/4 3 3,Z,2.3333333333333333333333333332,0,BLOCK,Z,0.5520751,0.7335975
7/7/7/1/6/6/7/3/2 3 3,Z,-2,2,BLOCK,Z,1.325062,0.7734693
7/7/7/5/4/6/7/3/2 3 3,X,2,0,BLOCK,X,0.8749161,0.767513
7/7/7/5/6/4/7/3/2 3 3,Z,2.3333333333333333333333333332,0,BLOCK,Z,0.6544393,0.8080992
7/7/7/1/6/6/7/3/1 3 3,Z,-2,0,BLOCK,Z,0.5637943,0.7071574
7/7/7/5/4/6/7/3/1 3 3,X,2.25,2,BLOCK,X,1.117542,0.7895193
7/7/7/5/6/4/7/3/1 3 3,Z,2.3333333333333333333333333332,0,BLOCK,Z,0.4616428,0.633903
7/7/7/1/6/5/2/6/7 3 3,Z,-2.20,0,BLOCK,Z,0.2366714,0.3179461
7/7/7/5/4/5/2/6/7 3 3,X,2,2,BLOCK,X,0.9965326,0.6205373
7/7/7/5/6/1/2/6/7 3 3,Z,-2.3333333333333333333333333334,0,BLOCK,Z,0.4248172,0.7000986
7/7/7/5/6/5/2/4/7 3 3,Z,2,0,BLOCK,Z,1.693838,1.055862
7/7/7/1/6/5/2/5/7 3 3,Z,-2,0,BLOCK,Z,0.3735988,0.4451057
7/7/7/5/4/5/2/5/7 3 3,X,2,0,BLOCK,X,0.5790843,0.6189852
7/7/7/5/6/1/2/5/7 3 3,Z,-2,0,BLOCK,Z,0.5653368,0.7949459
7/7/7/5/6/5/2/1/7 3 3,Z,-2,0,BLOCK,Z,1.063847,0.5663525
7/7/7/1/6/5/2/3/7 3 3,Z,-1.80,2,BLOCK,Z,0.8813026,0.5267795
7/7/7/5/4/5/2/3/7 3 3,X,2,0,BLOCK,X,0.2411263,0.4079366
7/7/7/5/6/1/2/3/7 3 3,Z,-1.6666666666666666666666666666,0,BLOCK,Z,0.3731743,0.486918
7/7/7/1/6/5/2/7/6 3 3,Z,-2,0,BLOCK,Z,0.6024478,0.5649278
7/7/7/5/4/5/2/7/6 3 3,X,1.75,0,BLOCK,X,0.3180984,0.555086
7/7/7/5/6/1/2/7/6 3 3,Z,-2,0,BLOCK,Z,0.4245816,0.6887716
7/7/7/1/6/5/2/7/5 3 3,Z,-2,2,BLOCK,Z,0.9183664,0.5770427
7/7/7/5/4/5/2/7/5 3 3,X,2,0,BLOCK,X,0.1416239,0.3602075
7/7/7/5/6/1/2/7/5 3 3,Z,-2,0,BLOCK,Z,0.9486696,0.7958112
7/7/7/1/6/5/2/7/3 3 3,Z,-2,2,BLOCK,Z,0.9032114,0.5652601
7/7/7/5/4/5/2/7/3 3 3,X,2.25,0,BLOCK,X,0.5221756,0.6808413
7/7/7/5/6/1/2/7/3 3 3,Z,-2,0,BLOCK,Z,0.8160229,0.8690829
7/7/7/1/6/5/6/2/7 3 3,Z,-2,0,BLOCK,Z,0.3983945,0.4956077
7/7/7/5/4/5/6/2/7 3 3,X,1.75,2,BLOCK,X,0.9560413,0.5579924
7/7/7/5/6/1/6/2/7 3 3,Z,-2,2,BLOCK,Z,1.208211,0.7582027
7/7/7/5/6/5/4/2/7 3 3,X,2,0,BLOCK,X,1.38905,0.8479573
7/7/7/1/6/5/6/6/6 3 3,Z,-2.20,2,BLOCK,Z,1.000538,0.5914732
7/7/7/5/4/5/6/6/6 3 3,X,1.5,0,BLOCK,X,0.4115679,0.4654059
7/7/7/5/6/1/6/6/6 3 3,Z,-2.3333333333333333333333333334,2,BLOCK,Z,1.38644,0.9011484
7/7/7/5/6/5/4/6/6 3 3,X,1.5,0,BLOCK,X,0.5035835,0.5441876
7/7/7/5/6/5/6/4/6 3 3,Z,2,0,BLOCK,Z,0.1701211,0.3397487
7/7/7/1/6/5/6/6/5 3 3,Z,-2.20,2,BLOCK,Z,1.036684,0.6221611
7/7/7/5/4/5/6/6/5 3 3,X,1.75,0,BLOCK,X,0.4601072,0.5585146
7/7/7/5/6/1/6/6/5 3 3,Z,-2.3333333333333333333333333334,2,BLOCK,Z,1.411178,0.9197032
7/7/7/5/6/5/4/6/5 3 3,X,2,0,BLOCK,X,0.8512362,0.8072867
7/7/7/5/6/5/6/4/5 3 3,Z,2,0,BLOCK,Z,0.1321875,0.2297894
7/7/7/1/6/5/6/6/3 3 3,Z,-2.20,0,BLOCK,Z,0.7666162,0.6019566
7/7/7/5/4/5/6/6/3 3 3,X,2.0,0,BLOCK,X,0.604893,0.6803668
7/7/7/5/6/1/6/6/3 3 3,Z,-2.3333333333333333333333333334,0,BLOCK,Z,0.3095968,0.5467125
7/7/7/5/6/5/4/6/3 3 3,X,2.5,0,BLOCK,X,1.471961,1.115907
7/7/7/5/6/5/6/4/3 3 3,Z,2,2,BLOCK,Z,1.620305,1.01276
7/7/7/1/6/5/6/5/6 3 3,Z,-2,0,BLOCK,Z,0.531427,0.5106592
7/7/7/5/4/5/6/5/6 3 3,X,1.5,2,BLOCK,X,0.9528006,0.5498438
7/7/7/5/6/1/6/5/6 3 3,Z,-2,0,BLOCK,Z,0.8095843,0.7883148
7/7/7/5/6/5/4/5/6 3 3,X,1.5,0,BLOCK,X,0.5974601,0.6344985
7/7/7/5/6/5/6/1/6 3 3,Z,-2,0,BLOCK,Z,0.1629742,0.3460309
7/7/7/1/6/5/6/5/5 3 3,Z,-2,0,BLOCK,Z,0.5385128,0.4782893
7/7/7/5/4/5/6/5/5 3 3,X,1.75,0,BLOCK,X,0.5951692,0.4933705
7/7/7/5/6/1/6/5/5 3 3,Z,-2,2,BLOCK,Z,1.097733,0.7881216
7/7/7/5/6/5/4/5/5 3 3,X,2,0,BLOCK,X,0.7570248,0.7358741
7/7/7/5/6/5/6/1/5 3 3,Z,-2,0,BLOCK,Z,0.09171151,0.2020732
7/7/7/1/6/5/6/5/3 3 3,Z,-2,2,BLOCK,Z,0.9728639,0.504549
7/7/7/5/4/5/6/5/3 3 3,X,2.0,0,BLOCK,X,0.4956962,0.6478522
7/7/7/5/6/1/6/5/3 3 3,Z,-2,0,BLOCK,Z,0.4659409,0.6868499
7/7/7/5/6/5/4/5/3 3 3,X,2.5,0,BLOCK,X,0.6906371,0.900678
7/7/7/5/6/5/6/1/3 3 3,Z,-2,2,BLOCK,Z,1.751605,1.073759
7/7/7/1/6/5/6/3/6 3 3,Z,-1.80,2,BLOCK,Z,0.8701496,0.5698938
7/7/7/5/4/5/6/3/6 3 3,X,1.5,0,BLOCK,X,0.5062044,0.5515304
7/7/7/5/6/1/6/3/6 3 3,Z,-1.6666666666666666666666666666,0,BLOCK,Z,0.7249113,0.6594305
7/7/7/5/6/5/4/3/6 3 3,X,1.5,2,BLOCK,X,1.286471,0.7672325
7/7/7/1/6/5/6/3/5 3 3,Z,-1.80,0,BLOCK,Z,0.3991379,0.4286489
7/7/7/5/4/5/6/3/5 3 3,X,1.75,0,BLOCK,X,0.467646,0.6035537
7/7/7/5/6/1/6/3/5 3 3,Z,-1.6666666666666666666666666666,2,BLOCK,Z,1.073162,0.7025269
7/7/7/5/6/5/4/3/5 3 3,X,2,0,BLOCK,X,0.7193924,0.7140532
7/7/7/1/6/5/6/3/3 3 3,Z,-1.80,0,BLOCK,Z,0.3805444,0.4609709
7/7/7/5/4/5/6/3/3 3 3,X,2.0,0,BLOCK,X,0.5168412,0.6805314
7/7/7/5/6/1/6/3/3 3 3,Z,-1.6666666666666666666666666666,0,BLOCK,Z,0.3492444,0.5268795
7/7/7/5/6/5/4/3/3 3 3,X,2.5,0,BLOCK,X,0.7245102,0.8031275
7/7/7/1/6/5/6/7/4 3 3,Z,-2,0,BLOCK,Z,0.5366191,0.5653505
7/7/7/5/4/5/6/7/4 3 3,X,1.5,0,BLOCK,X,0.3010406,0.5435759
7/7/7/5/6/1/6/7/4 3 3,Z,-2,2,BLOCK,Z,1.23142,0.8616706
7/7/7/5/6/5/4/7/4 3 3,X,1.5,0,BLOCK,X,0.2040226,0.3396271
7/7/7/1/6/5/6/7/2 3 3,Z,-2,0,BLOCK,Z,0.8007455,0.4240887
7/7/7/5/4/5/6/7/2 3 3,X,1.75,0,BLOCK,X,0.6414598,0.6625122
7/7/7/5/6/1/6/7/2 3 3,Z,-2,2,BLOCK,Z,1.245651,0.8474237
7/7/7/5/6/5/4/7/2 3 3,X,2,0,BLOCK,X,0.5898201,0.7732681
7/7/7/1/6/5/6/7/1 3 3,Z,-2,0,BLOCK,Z,0.4142018,0.4531025
7/7/7/5/4/5/6/7/1 3 3,X,2.0,2,BLOCK,X,1.080871,0.6774404
7/7/7/5/6/1/6/7/1 3 3,Z,-2,0,BLOCK,Z,0.5347452,0.6317933
7/7/7/5/6/5/4/7/1 3 3,X,2.5,0,BLOCK,X,1.705103,1.110851
7/7/7/1/6/5/5/2/7 3 3,Z,-2,0,BLOCK,Z,0.3433779,0.4423422
7/7/7/5/4/5/5/2/7 3 3,X,2,2,BLOCK,X,1.008408,0.5915517
7/7/7/5/6/1/5/2/7 3 3,Z,-2,0,BLOCK,Z,0.2880032,0.5889741
7/7/7/5/6/5/1/2/7 3 3,X,-2,2,BLOCK,X,1.322298,0.8620524
7/7/7/1/6/5/5/6/6 3 3,Z,-2.20,2,BLOCK,Z,1.010979,0.6024415
7/7/7/5/4/5/5/6/6 3 3,X,1.75,0,BLOCK,X,0.3941944,0.5734684
7/7/7/5/6/1/5/6/6 3 3,Z,-2.3333333333333333333333333334,2,BLOCK,Z,1.354889,0.7833055
7/7/7/5/6/5/1/6/6 3 3,X,-2.5,0,BLOCK,X,0.8785725,0.8045003
7/7/7/5/6/5/5/4/6 3 3,Z,2,0,BLOCK,Z,0.08402269,0.2061936
7/7/7/1/6/5/5/6/5 3 3,Z,-2.20,0,BLOCK,Z,0.4788818,0.586431
7/7/7/5/4/5/5/6/5 3 3,X,2,0,BLOCK,X,0.6125187,0.6667833
7/7/7/5/6/1/5/6/5 3 3,Z,-2.3333333333333333333333333334,0,BLOCK,Z,0.4528798,0.7020159
7/7/7/5/6/5/1/6/5 3 3,X,-2,2,BLOCK,X,1.218162,0.7665271
7/7/7/5/6/5/5/4/5 3 3,Z,2,0,BLOCK,Z,0.2347114,0.4449634
7/7/7/1/6/5/5/6/3 3 3,Z,-2.20,0,BLOCK,Z,0.2380414,0.3744542
7/7/7/5/4/5/5/6/3 3 3,X,2.25,0,BLOCK,X,0.7597908,0.8263791
7/7/7/5/6/1/5/6/3 3 3,Z,-2.3333333333333333333333333334,0,BLOCK,Z,0.2891492,0.5775073
7/7/7/5/6/5/1/6/3 3 3,X,-1.5,2,BLOCK,X,1.106215,0.7406017
7/7/7/5/6/5/5/4/3 3 3,Z,2,0,BLOCK,Z,1.65842,1.018081
7/7/7/1/6/5/5/5/6 3 3,Z,-2,0,BLOCK,Z,0.697242,0.3982352
7/7/7/5/4/5/5/5/6 3 3,X,1.75,2,BLOCK,X,0.9856882,0.6033634
7/7/7/5/6/1/5/5/6 3 3,Z,-2,0,BLOCK,Z,0.7190159,0.7052121
7/7/7/5/6/5/1/5/6 3 3,X,-2.5,0,BLOCK,X,0.7437989,0.8512711
7/7/7/5/6/5/5/1/6 3 3,Z,-2,0,BLOCK,Z,0.06394521,0.1977432
7/7/7/1/6/5/5/5/5 3 3,Z,-2,0,BLOCK,Z,0.5012616,0.5356346
7/7/7/5/4/5/5/5/5 3 3,X,2,0,BLOCK,X,0.7082606,0.7298008
7/7/7/5/6/1/5/5/5 3 3,Z,-2,0,BLOCK,Z,0.6374241,0.72214
7/7/7/5/6/5/1/5/5 3 3,X,-2,2,BLOCK,X,1.221364,0.7267898
7/7/7/5/6/5/5/1/5 3 3,Z,-2,0,BLOCK,Z,0.2354802,0.415098
7/7/7/1/6/5/5/5/3 3 3,Z,-2,0,BLOCK,Z,0.4178213,0.4030211
7/7/7/5/4/5/5/5/3 3 3,X,2.25,2,BLOCK,X,1.013469,0.8671165
7/7/7/5/6/1/5/5/3 3 3,Z,-2,0,BLOCK,Z,0.4958945,0.5615873
7/7/7/5/6/5/1/5/3 3 3,X,-1.5,0,BLOCK,X,0.41768,0.3972244
7/7/7/5/6/5/5/1/3 3 3,Z,-2,0,BLOCK,Z,0.2553864,0.3881324
7/7/7/1/6/5/5/3/6 3 3,Z,-1.80,0,BLOCK,Z,0.5723625,0.4931378
7/7/7/5/4/5/5/3/6 3 3,X,1.75,2,BLOCK,X,0.963643,0.618978
7/7/7/5/6/1/5/3/6 3 3,Z,-1.6666666666666666666666666666,0,BLOCK,Z,0.6550947,0.7655365
7/7/7/5/6/5/1/3/6 3 3,X,-2.5,0,BLOCK,X,1.473316,1.006638
7/7/7/1/6/5/5/3/5 3 3,Z,-1.80,2,BLOCK,Z,0.9079415,0.4866424
7/7/7/5/4/5/5/3/5 3 3,X,2,0,BLOCK,X,0.5434255,0.6767891
7/7/7/5/6/1/5/3/5 3 3,Z,-1.6666666666666666666666666666,0,BLOCK,Z,0.6804877,0.5978574
7/7/7/5/6/5/1/3/5 3 3,X,-2,2,BLOCK,X,1.218546,0.7846453
7/7/7/1/6/5/5/3/3 3 3,Z,-1.80,0,BLOCK,Z,0.6064103,0.4711791
7/7/7/5/4/5/5/3/3 3 3,X,2.25,2,BLOCK,X,1.064343,0.8126507
7/7/7/5/6/1/5/3/3 3 3,Z,-1.6666666666666666666666666666,0,BLOCK,Z,0.2335538,0.4479899
7/7/7/5/6/5/1/3/3 3 3,X,-1.5,0,BLOCK,X,0.4309849,0.3168232
7/7/7/1/6/5/5/7/4 3 3,Z,-2,0,BLOCK,Z,0.6408617,0.6319623
7/7/7/5/4/5/5/7/4 3 3,X,1.75,2,BLOCK,X,0.986639,0.6124358
7/7/7/5/6/1/5/7/4 3 3,Z,-2,0,BLOCK,Z,0.7421328,0.845866
7/7/7/5/6/5/1/7/4 3 3,X,-2.5,0,BLOCK,X,0.5929257,0.5426059
7/7/7/1/6/5/5/7/2 3 3,Z,-2,2,BLOCK,Z,1.019374,0.5692264
7/7/7/5/4/5/5/7/2 3 3,X,2,0,BLOCK,X,0.7282017,0.7456431
7/7/7/5/6/1/5/7/2 3 3,Z,-2,0,BLOCK,Z,0.6102368,0.629352
7/7/7/5/6/5/1/7/2 3 3,X,-2,0,BLOCK,X,0.7050133,0.6631684
7/7/7/1/6/5/5/7/1 3 3,Z,-2,0,BLOCK,Z,0.5864336,0.5927145
7/7/7/5/4/5/5/7/1 3 3,X,2.25,0,BLOCK,X,0.6116236,0.823268
7/7/7/5/6/1/5/7/1 3 3,Z,-2,0,BLOCK,Z,0.9603932,0.8261585
7/7/7/5/6/5/1/7/1 3 3,X,-1.5,0,BLOCK,X,0.1702589,0.2171587
7/7/7/1/6/5/3/2/7 3 3,Z,-2,2,BLOCK,Z,0.915177,0.5482621
7/7/7/5/4/5/3/2/7 3 3,X,2.25,0,BLOCK,X,0.4972846,0.6804436
7/7/7/5/6/1/3/2/7 3 3,Z,-2,0,BLOCK,Z,0.5026731,0.653127
7/7/7/1/6/5/3/6/6 3 3,Z,-2.20,0,BLOCK,Z,0.5055547,0.4111487
7/7/7/5/4/5/3/6/6 3 3,X,2.0,0,BLOCK,X,0.7201254,0.8161235
7/7/7/5/6/1/3/6/6 3 3,Z,-2.3333333333333333333333333334,0,BLOCK,Z,1.563638,0.8781443
7/7/7/5/6/5/3/4/6 3 3,Z,2,0,BLOCK,Z,0.09766486,0.2035335
7/7/7/1/6/5/3/6/5 3 3,Z,-2.20,0,BLOCK,Z,0.5611198,0.4693507
7/7/7/5/4/5/3/6/5 3 3,X,2.25,0,BLOCK,X,0.5806412,0.6855484
7/7/7/5/6/1/3/6/5 3 3,Z,-2.3333333333333333333333333334,0,BLOCK,Z,0.4451803,0.6718044
7/7/7/5/6/5/3/4/5 3 3,Z,2,0,BLOCK,Z,0.2185249,0.3280052
7/7/7/1/6/5/3/6/3 3 3,Z,-2.20,2,BLOCK,Z,1.061052,0.6564428
7/7/7/5/4/5/3/6/3 3 3,X,2.5,0,BLOCK,X,0.3914477,0.6517931
7/7/7/5/6/1/3/6/3 3 3,Z,-2.3333333333333333333333333334,0,BLOCK,Z,0.6556339,0.7697741
7/7/7/5/6/5/3/4/3 3 3,Z,2,0,BLOCK,Z,0.1277802,0.3714608
7/7/7/1/6/5/3/5/6 3 3,Z,-2,2,BLOCK,Z,0.9421369,0.51665
7/7/7/5/4/5/3/5/6 3 3,X,2.0,0,BLOCK,X,0.4619007,0.7584398
7/7/7/5/6/1/3/5/6 3 3,Z,-2,0,BLOCK,Z,0.7971333,0.7721106
7/7/7/5/6/5/3/1/6 3 3,Z,-2,0,BLOCK,Z,1.692361,1.116605
7/7/7/1/6/5/3/5/5 3 3,Z,-2,0,BLOCK,Z,0.4187803,0.4648915
7/7/7/5/4/5/3/5/5 3 3,X,2.25,0,BLOCK,X,0.5538613,0.7080472
7/7/7/5/6/1/3/5/5 3 3,Z,-2,0,BLOCK,Z,0.8110339,0.821771
7/7/7/5/6/5/3/1/5 3 3,Z,-2,0,BLOCK,Z,1.653645,1.018281
7/7/7/1/6/5/3/5/3 3 3,Z,-2,0,BLOCK,Z,0.3161593,0.2587977
7/7/7/5/4/5/3/5/3 3 3,X,2.5,0,BLOCK,X,0.4060127,0.6923301
7/7/7/5/6/1/3/5/3 3 3,Z,-2,0,BLOCK,Z,0.6160451,0.7848367
7/7/7/5/6/5/3/1/3 3 3,Z,-2,0,BLOCK,Z,0.2744423,0.4540223
7/7/7/1/6/5/3/3/6 3 3,Z,-1.80,0,BLOCK,Z,0.4021411,0.4955573
7/7/7/5/4/5/3/3/6 3 3,X,2.0,0,BLOCK,X,0.5450273,0.6676473
7/7/7/5/6/1/3/3/6 3 3,Z,-1.6666666666666666666666666666,0,BLOCK,Z,0.3515975,0.5062156
7/7/7/1/6/5/3/3/5 3 3,Z,-1.80,0,BLOCK,Z,0.4989499,0.3599247
7/7/7/5/4/5/3/3/5 3 3,X,2.25,2,BLOCK,X,1.31737,0.7608714
7/7/7/5/6/1/3/3/5 3 3,Z,-1.6666666666666666666666666666,0,BLOCK,Z,0.4285328,0.5449644
7/7/7/1/6/5/3/3/3 3 3,Z,-1.80,0,BLOCK,Z,0.175203,0.2605388
7/7/7/5/4/5/3/3/3 3 3,X,2.5,2,BLOCK,X,1.277782,0.7157451
7/7/7/5/6/1/3/3/3 3 3,Z,-1.6666666666666666666666666666,0,BLOCK,Z,0.2781518,0.5859998
7/7/7/1/6/5/3/7/4 3 3,Z,-2,0,BLOCK,Z,0.4454193,0.516301
7/7/7/5/4/5/3/7/4 3 3,X,2.0,2,BLOCK,X,1.367225,0.8787163
7/7/7/5/6/1/3/7/4 3 3,Z,-2,0,BLOCK,Z,0.9424658,0.7955132
7/7/7/1/6/5/3/7/2 3 3,Z,-2,0,BLOCK,Z,0.4401599,0.54915
7/7/7/5/4/5/3/7/2 3 3,X,2.25,0,BLOCK,X,0.7174144,0.8038053
7/7/7/5/6/1/3/7/2 3 3,Z,-2,0,BLOCK,Z,0.5379941,0.7614268
7/7/7/1/6/5/3/7/1 3 3,Z,-2,0,BLOCK,Z,0.238143,0.2262784
7/7/7/5/4/5/3/7/1 3 3,X,2.5,2,BLOCK,X,1.248401,0.7620069
7/7/7/5/6/1/3/7/1 3 3,Z,-2,0,BLOCK,Z,0.9200104,0.7075263
7/7/7/1/6/5/7/2/6 3 3,Z,-2,0,BLOCK,Z,0.3960195,0.4979056
7/7/7/5/4/5/7/2/6 3 3,X,1.75,0,BLOCK,X,0.4418715,0.640155
7/7/7/5/6/1/7/2/6 3 3,Z,-2,0,BLOCK,Z,0.5033047,0.4926481
7/7/7/1/6/5/7/2/5 3 3,Z,-2,2,BLOCK,Z,0.9815677,0.581394
7/7/7/5/4/5/7/2/5 3 3,X,2,0,BLOCK,X,0.6209305,0.7132071
7/7/7/5/6/1/7/2/5 3 3,Z,-2,0,BLOCK,Z,0.0983476,0.3190083
7/7/7/1/6/5/7/2/3 3 3,Z,-2,0,BLOCK,Z,0.3886598,0.4764732
7/7/7/5/4/5/7/2/3 3 3,X,2.25,0,BLOCK,X,0.5890779,0.8127535
7/7/7/5/6/1/7/2/3 3 3,Z,-2,2,BLOCK,Z,1.415353,0.8527716
7/7/7/1/6/5/7/6/4 3 3,Z,-2.20,0,BLOCK,Z,0.7055553,0.5491748
7/7/7/5/4/5/7/6/4 3 3,X,1.75,2,BLOCK,X,1.01793,0.7319077
7/7/7/5/6/1/7/6/4 3 3,Z,-2.3333333333333333333333333332,0,BLOCK,Z,0.436388,0.7373084
7/7/7/5/6/5/7/4/4 3 3,Z,2,0,BLOCK,Z,0.1596858,0.2791366
7/7/7/1/6/5/7/6/2 3 3,Z,-2.20,0,BLOCK,Z,0.6436021,0.5037335
7/7/7/5/4/5/7/6/2 3 3,X,2,0,BLOCK,X,0.7275187,0.7468332
7/7/7/5/6/1/7/6/2 3 3,Z,-2.3333333333333333333333333332,0,BLOCK,Z,0.416197,0.6628164
7/7/7/5/6/5/7/4/2 3 3,Z,2,0,BLOCK,Z,0.1427359,0.235689
7/7/7/1/6/5/7/6/1 3 3,Z,-2.20,0,BLOCK,Z,0.5026627,0.5552679
7/7/7/5/4/5/7/6/1 3 3,X,2.25,0,BLOCK,X,0.5407546,0.7990456
7/7/7/5/6/1/7/6/1 3 3,Z,-2.3333333333333333333333333332,0,BLOCK,Z,0.4245615,0.6706989
7/7/7/5/6/5/7/4/1 3 3,Z,2,2,BLOCK,Z,1.612279,0.9929312
7/7/7/1/6/5/7/5/4 3 3,Z,-2,0,BLOCK,Z,0.7269343,0.6136236
7/7/7/5/4/5/7/5/4 3 3,X,1.75,2,BLOCK,X,1.002309,0.6865002
7/7/7/5/6/1/7/5/4 3 3,Z,-2,0,BLOCK,Z,0.6377166,0.7482892
7/7/7/5/6/5/7/1/4 3 3,Z,-2,0,BLOCK,Z,0.1387093,0.2703132
7/7/7/1/6/5/7/5/2 3 3,Z,-2,0,BLOCK,Z,0.7064587,0.5837941
7/7/7/5/4/5/7/5/2 3 3,X,2,0,BLOCK,X,0.7053281,0.7426061
7/7/7/5/6/1/7/5/2 3 3,Z,-2,0,BLOCK,Z,0.9374881,0.8055298
7/7/7/5/6/5/7/1/2 3 3,Z,-2,0,BLOCK,Z,0.1180452,0.2094658
7/7/7/1/6/5/7/5/1 3 3,Z,-2,0,BLOCK,Z,0.80092,0.6097317
7/7/7/5/4/5/7/5/1 3 3,X,2.25,0,BLOCK,X,0.6716037,0.8306206
7/7/7/5/6/1/7/5/1 3 3,Z,-2,0,BLOCK,Z,0.4137771,0.5984024
7/7/7/5/6/5/7/1/1 3 3,Z,-2,0,BLOCK,Z,0.1834221,0.3243152
7/7/7/1/6/5/7/3/4 3 3,Z,-1.80,2,BLOCK,Z,0.9911334,0.4717743
7/7/7/5/4/5/7/3/4 3 3,X,1.75,0,BLOCK,X,0.4901804,0.6620696
7/7/7/5/6/1/7/3/4 3 3,Z,-1.6666666666666666666666666668,2,BLOCK,Z,1.128497,0.7596674
7/7/7/1/6/5/7/3/2 3 3,Z,-1.80,2,BLOCK,Z,0.9297484,0.6014029
7/7/7/5/4/5/7/3/2 3 3,X,2,0,BLOCK,X,0.667168,0.7780463
7/7/7/5/6/1/7/3/2 3 3,Z,-1.6666666666666666666666666668,0,BLOCK,Z,0.6757444,0.7377779
7/7/7/1/6/5/7/3/1 3 3,Z,-1.80,0,BLOCK,Z,0.5479603,0.44754
7/7/7/5/4/5/7/3/1 3 3,X,2.25,0,BLOCK,X,0.7411259,0.8241265
7/7/7/5/6/1/7/3/1 3 3,Z,-1.6666666666666666666666666668,0,BLOCK,Z,0.5842405,0.7542839
7/7/7/1/6/3/2/6/7 3 3,Z,-2,0,BLOCK,Z,0.2464327,0.3103406
7/7/7/5/4/3/2/6/7 3 3,X,2,2,BLOCK,X,0.8692019,0.586262
7/7/7/5/6/3/2/4/7 3 3,Z,2,0,BLOCK,Z,0.338657,0.3482851
7/7/7/1/6/3/2/5/7 3 3,Z,-1.80,0,BLOCK,Z,0.4998098,0.5201211
7/7/7/5/4/3/2/5/7 3 3,X,2,0,BLOCK,X,0.1935366,0.3135547
7/7/7/5/6/3/2/1/7 3 3,Z,-2,0,BLOCK,Z,1.72086,1.122662
7/7/7/1/6/3/2/3/7 3 3,Z,-1.6,0,BLOCK,Z,0.4193302,0.435726
7/7/7/5/4/3/2/3/7 3 3,X,2,0,BLOCK,X,0.2898808,0.4354042
7/7/7/1/6/3/2/7/6 3 3,Z,-1.80,2,BLOCK,Z,0.8814223,0.5746212
7/7/7/5/4/3/2/7/6 3 3,X,1.75,0,BLOCK,X,0.3038032,0.4135201
7/7/7/1/6/3/2/7/5 3 3,Z,-1.80,0,BLOCK,Z,0.2780861,0.4132245
7/7/7/5/4/3/2/7/5 3 3,X,2,0,BLOCK,X,0.3563233,0.4224233
7/7/7/1/6/3/2/7/3 3 3,Z,-1.80,2,BLOCK,Z,0.9293426,0.5165668
7/7/7/5/4/3/2/7/3 3 3,X,2.25,0,BLOCK,X,0.9258467,0.653466
7/7/7/1/6/3/6/2/7 3 3,Z,-1.80,0,BLOCK,Z,0.2880864,0.4093899
7/7/7/5/4/3/6/2/7 3 3,X,1.75,2,BLOCK,X,1.049988,0.5820977
7/7/7/5/6/3/4/2/7 3 3,X,2,0,BLOCK,X,0.5805602,0.8353822
7/7/7/1/6/3/6/6/6 3 3,Z,-2,0,BLOCK,Z,0.2147845,0.3736574
7/7/7/5/4/3/6/6/6 3 3,X,1.5,2,BLOCK,X,0.9032205,0.5506978
7/7/7/5/6/3/4/6/6 3 3,X,1.5,0,BLOCK,X,1.269413,0.7438869
7/7/7/5/6/3/6/4/6 3 3,Z,2,2,BLOCK,Z,1.554309,0.9247287
7/7/7/1/6/3/6/6/5 3 3,Z,-2,0,BLOCK,Z,0.443054,0.4655475
7/7/7/5/4/3/6/6/5 3 3,X,1.75,2,BLOCK,X,1.002393,0.6014296
7/7/7/5/6/3/4/6/5 3 3,X,2,0,BLOCK,X,0.7342075,0.6479577
7/7/7/5/6/3/6/4/5 3 3,Z,2,0,BLOCK,Z,0.4252047,0.4515453
7/7/7/1/6/3/6/6/3 3 3,Z,-2,2,BLOCK,Z,0.9557362,0.542782
7/7/7/5/4/3/6/6/3 3 3,X,2.0,0,BLOCK,X,0.6670397,0.7150142
7/7/7/5/6/3/4/6/3 3 3,X,2.5,0,BLOCK,X,0.7710137,0.9901773
7/7/7/5/6/3/6/4/3 3 3,Z,2,0,BLOCK,Z,0.4012627,0.4603133
7/7/7/1/6/3/6/5/6 3 3,Z,-1.80,0,BLOCK,Z,0.2689687,0.3513198
7/7/7/5/4/3/6/5/6 3 3,X,1.5,2,BLOCK,X,0.947821,0.5258454
7/7/7/5/6/3/4/5/6 3 3,X,1.5,0,BLOCK,X,0.544432,0.6685504
7/7/7/5/6/3/6/1/6 3 3,Z,-2,0,BLOCK,Z,0.403101,0.5701883
7/7/7/1/6/3/6/5/5 3 3,Z,-1.80,0,BLOCK,Z,0.5157868,0.4856901
7/7/7/5/4/3/6/5/5 3 3,X,1.75,2,BLOCK,X,0.9965123,0.5149722
7/7/7/5/6/3/4/5/5 3 3,X,2,0,BLOCK,X,0.8057991,0.7822693
7/7/7/5/6/3/6/1/5 3 3,Z,-2,0,BLOCK,Z,0.3095571,0.3552682
7/7/7/1/6/3/6/5/3 3 3,Z,-1.80,0,BLOCK,Z,0.3227074,0.3598482
7/7/7/5/4/3/6/5/3 3 3,X,2.0,2,BLOCK,X,1.000381,0.6694365
7/7/7/5/6/3/4/5/3 3 3,X,2.5,0,BLOCK,X,0.7296577,0.8002188
7/7/7/5/6/3/6/1/3 3 3,Z,-2,0,BLOCK,Z,1.666312,1.09625
7/7/7/1/6/3/6/3/6 3 3,Z,-1.6,0,BLOCK,Z,0.5230411,0.5303831
7/7/7/5/4/3/6/3/6 3 3,X,1.5,2,BLOCK,X,0.9047993,0.5616069
7/7/7/5/6/3/4/3/6 3 3,X,1.5,0,BLOCK,X,0.5545392,0.5912316
7/7/7/1/6/3/6/3/5 3 3,Z,-1.6,2,BLOCK,Z,0.8022496,0.4809449
7/7/7/5/4/3/6/3/5 3 3,X,1.75,0,BLOCK,X,0.754113,0.5886129
7/7/7/5/6/3/4/3/5 3 3,X,2,0,BLOCK,X,0.5137725,0.7158564
7/7/7/1/6/3/6/3/3 3 3,Z,-1.6,2,BLOCK,Z,0.8314347,0.4764758
7/7/7/5/4/3/6/3/3 3 3,X,2.0,0,BLOCK,X,0.6267502,0.6508619
7/7/7/5/6/3/4/3/3 3 3,X,2.5,0,BLOCK,X,0.6712577,0.9436719
7/7/7/1/6/3/6/7/4 3 3,Z,-1.80,0,BLOCK,Z,0.3028754,0.5671307
7/7/7/5/4/3/6/7/4 3 3,X,1.5,2,BLOCK,X,0.9929386,0.4794169
7/7/7/5/6/3/4/7/4 3 3,X,1.5,0,BLOCK,X,0.3320894,0.4881486
7/7/7/1/6/3/6/7/2 3 3,Z,-1.80,0,BLOCK,Z,0.2557023,0.4688609
7/7/7/5/4/3/6/7/2 3 3,X,1.75,2,BLOCK,X,1.020721,0.6361699
7/7/7/5/6/3/4/7/2 3 3,X,2,0,BLOCK,X,0.5085417,0.6584899
7/7/7/1/6/3/6/7/1 3 3,Z,-1.80,0,BLOCK,Z,0.3906398,0.4935691
7/7/7/5/4/3/6/7/1 3 3,X,2.0,0,BLOCK,X,0.7124887,0.6187138
7/7/7/5/6/3/4/7/1 3 3,X,2.5,0,BLOCK,X,1.733579,1.120049
7/7/7/1/6/3/5/2/7 3 3,Z,-1.80,0,BLOCK,Z,0.6106524,0.3798372
7/7/7/5/4/3/5/2/7 3 3,X,2,2,BLOCK,X,0.980301,0.6279809
7/7/7/5/6/3/1/2/7 3 3,X,-2,0,BLOCK,X,0.7364231,0.6175616
7/7/7/1/6/3/5/6/6 3 3,Z,-2,0,BLOCK,Z,0.3808126,0.4597612
7/7/7/5/4/3/5/6/6 3 3,X,1.75,0,BLOCK,X,0.625019,0.6215049
7/7/7/5/6/3/1/6/6 3 3,X,-2.5,0,BLOCK,X,1.545554,1.099401
7/7/7/5/6/3/5/4/6 3 3,Z,2,0,BLOCK,Z,1.585893,1.053968
7/7/7/1/6/3/5/6/5 3 3,Z,-2,0,BLOCK,Z,0.4440078,0.5338102
7/7/7/5/4/3/5/6/5 3 3,X,2,2,BLOCK,X,0.9899505,0.6261012
7/7/7/5/6/3/1/6/5 3 3,X,-2,0,BLOCK,X,1.214579,0.8730229
7/7/7/5/6/3/5/4/5 3 3,Z,2,0,BLOCK,Z,0.4703466,0.5047424
7/7/7/1/6/3/5/6/3 3 3,Z,-2,2,BLOCK,Z,1.002555,0.5769092
7/7/7/5/4/3/5/6/3 3 3,X,2.25,0,BLOCK,X,0.5394679,0.6325235
7/7/7/5/6/3/1/6/3 3 3,X,-1.5,2,BLOCK,X,1.164322,0.7554832
7/7/7/5/6/3/5/4/3 3 3,Z,2,0,BLOCK,Z,0.7006146,0.5899986
7/7/7/1/6/3/5/5/6 3 3,Z,-1.80,2,BLOCK,Z,0.884299,0.549116
7/7/7/5/4/3/5/5/6 3 3,X,1.75,0,BLOCK,X,0.544908,0.6482108
7/7/7/5/6/3/1/5/6 3 3,X,-2.5,0,BLOCK,X,0.6022759,0.6805536
7/7/7/5/6/3/5/1/6 3 3,Z,-2,0,BLOCK,Z,1.669152,1.080108
7/7/7/1/6/3/5/5/5 3 3,Z,-1.80,0,BLOCK,Z,0.3899759,0.3723287
7/7/7/5/4/3/5/5/5 3 3,X,2,2,BLOCK,X,1.013515,0.6658813
7/7/7/5/6/3/1/5/5 3 3,X,-2,0,BLOCK,X,1.291435,0.8505452
7/7/7/5/6/3/5/1/5 3 3,Z,-2,0,BLOCK,Z,0.4239051,0.5880902
7/7/7/1/6/3/5/5/3 3 3,Z,-1.80,0,BLOCK,Z,0.4396703,0.384194
7/7/7/5/4/3/5/5/3 3 3,X,2.25,0,BLOCK,X,0.7413441,0.8016076
7/7/7/5/6/3/1/5/3 3 3,X,-1.5,2,BLOCK,X,1.114922,0.6266148
7/7/7/5/6/3/5/1/3 3 3,Z,-2,0,BLOCK,Z,1.622966,1.056485
7/7/7/1/6/3/5/3/6 3 3,Z,-1.6,0,BLOCK,Z,0.3851977,0.4832301
7/7/7/5/4/3/5/3/6 3 3,X,1.75,0,BLOCK,X,0.711062,0.5847343
7/7/7/5/6/3/1/3/6 3 3,X,-2.5,0,BLOCK,X,0.787504,0.6919268
7/7/7/1/6/3/5/3/5 3 3,Z,-1.6,2,BLOCK,Z,0.8783603,0.4419859
7/7/7/5/4/3/5/3/5 3 3,X,2,0,BLOCK,X,0.7840841,0.7309229
7/7/7/5/6/3/1/3/5 3 3,X,-2,0,BLOCK,X,0.9258746,0.6477835
7/7/7/1/6/3/5/3/3 3 3,Z,-1.6,0,BLOCK,Z,0.4896809,0.5510197
7/7/7/5/4/3/5/3/3 3 3,X,2.25,2,BLOCK,X,1.028739,0.8412143
7/7/7/5/6/3/1/3/3 3 3,X,-1.5,0,BLOCK,X,0.2547236,0.269837
7/7/7/1/6/3/5/7/4 3 3,Z,-1.80,0,BLOCK,Z,0.3762043,0.4476736
7/7/7/5/4/3/5/7/4 3 3,X,1.75,2,BLOCK,X,0.9552405,0.5948991
7/7/7/5/6/3/1/7/4 3 3,X,-2.5,0,BLOCK,X,0.8274756,0.6490177
7/7/7/1/6/3/5/7/2 3 3,Z,-1.80,0,BLOCK,Z,0.3866786,0.4600565
7/7/7/5/4/3/5/7/2 3 3,X,2,2,BLOCK,X,1.059753,0.6275913
7/7/7/5/6/3/1/7/2 3 3,X,-2,0,BLOCK,X,0.8634505,0.6776916
7/7/7/1/6/3/5/7/1 3 3,Z,-1.80,0,BLOCK,Z,0.2806651,0.3503117
7/7/7/5/4/3/5/7/1 3 3,X,2.25,0,BLOCK,X,0.8691708,0.818356
7/7/7/5/6/3/1/7/1 3 3,X,-1.5,0,BLOCK,X,0.5968019,0.5095657
7/7/7/1/6/3/3/2/7 3 3,Z,-1.80,2,BLOCK,Z,0.8730996,0.5716002
7/7/7/5/4/3/3/2/7 3 3,X,2.25,0,BLOCK,X,1.021745,0.7639403
7/7/7/1/6/3/3/6/6 3 3,Z,-2,2,BLOCK,Z,0.994185,0.6297266
7/7/7/5/4/3/3/6/6 3 3,X,2.0,0,BLOCK,X,0.7357269,0.6359038
7/7/7/5/6/3/3/4/6 3 3,Z,2,0,BLOCK,Z,0.3418789,0.3667542
7/7/7/1/6/3/3/6/5 3 3,Z,-2,0,BLOCK,Z,0.3472782,0.2995243
7/7/7/5/4/3/3/6/5 3 3,X,2.25,2,BLOCK,X,1.388559,0.8004211
7/7/7/5/6/3/3/4/5 3 3,Z,2,0,BLOCK,Z,1.56832,0.9961237
7/7/7/1/6/3/3/6/3 3 3,Z,-2,0,BLOCK,Z,0.4739935,0.4316472
7/7/7/5/4/3/3/6/3 3 3,X,2.5,2,BLOCK,X,1.331038,0.8068056
7/7/7/5/6/3/3/4/3 3 3,Z,2,0,BLOCK,Z,0.5394061,0.6102944
7/7/7/1/6/3/3/5/6 3 3,Z,-1.80,0,BLOCK,Z,0.4002528,0.388882
7/7/7/5/4/3/3/5/6 3 3,X,2.0,0,BLOCK,X,0.5800354,0.6802656
7/7/7/5/6/3/3/1/6 3 3,Z,-2,0,BLOCK,Z,1.769549,1.063498
7/7/7/1/6/3/3/5/5 3 3,Z,-1.80,0,BLOCK,Z,0.4986289,0.4427054
7/7/7/5/4/3/3/5/5 3 3,X,2.25,2,BLOCK,X,1.332573,0.7897261
7/7/7/5/6/3/3/1/5 3 3,Z,-2,0,BLOCK,Z,0.3944609,0.448852
7/7/7/1/6/3/3/5/3 3 3,Z,-1.80,0,BLOCK,Z,0.3507653,0.3693426
7/7/7/5/4/3/3/5/3 3 3,X,2.5,0,BLOCK,X,0.4534045,0.591677
7/7/7/5/6/3/3/1/3 3 3,Z,-2,0,BLOCK,Z,0.2754817,0.4306028
7/7/7/1/6/3/3/3/6 3 3,Z,-1.6,0,BLOCK,Z,0.533206,0.4695604
7/7/7/5/4/3/3/3/6 3 3,X,2.0,2,BLOCK,X,1.407978,0.8652869
7/7/7/1/6/3/3/3/5 3 3,Z,-1.6,0,BLOCK,Z,0.2589015,0.2519114
7/7/7/5/4/3/3/3/5 3 3,X,2.25,0,BLOCK,X,0.728046,0.7441751
7/7/7/1/6/3/3/3/3 3 3,Z,-1.6,2,BLOCK,Z,0.9390909,0.6813558
7/7/7/5/4/3/3/3/3 3 3,X,2.5,0,BLOCK,X,0.6211541,0.721405
7/7/7/1/6/3/3/7/4 3 3,Z,-1.80,2,BLOCK,Z,0.9584904,0.5935587
7/7/7/5/4/3/3/7/4 3 3,X,2.0,0,BLOCK,X,0.6752025,0.7647579
7/7/7/1/6/3/3/7/2 3 3,Z,-1.80,0,BLOCK,Z,0.67911,0.5774887
7/7/7/5/4/3/3/7/2 3 3,X,2.25,0,BLOCK,X,0.04763611,0.2167909
7/7/7/1/6/3/3/7/1 3 3,Z,-1.80,0,BLOCK,Z,0.1594767,0.2115203
7/7/7/5/4/3/3/7/1 3 3,X,2.5,2,BLOCK,X,1.294244,0.7703408
7/7/7/1/6/3/7/2/6 3 3,Z,-1.80,2,BLOCK,Z,0.9048105,0.56673
7/7/7/5/4/3/7/2/6 3 3,X,1.75,0,BLOCK,X,0.8174717,0.4982815
7/7/7/1/6/3/7/2/5 3 3,Z,-1.80,0,BLOCK,Z,0.4331198,0.4524419
7/7/7/5/4/3/7/2/5 3 3,X,2,0,BLOCK,X,0.6924592,0.7827689
7/7/7/1/6/3/7/2/3 3 3,Z,-1.80,2,BLOCK,Z,0.9330424,0.5645272
7/7/7/5/4/3/7/2/3 3 3,X,2.25,0,BLOCK,X,0.7588848,0.734473
7/7/7/1/6/3/7/6/4 3 3,Z,-2,0,BLOCK,Z,0.4056538,0.5306931
7/7/7/5/4/3/7/6/4 3 3,X,1.75,0,BLOCK,X,0.9745244,0.5876117
7/7/7/5/6/3/7/4/4 3 3,Z,2,0,BLOCK,Z,0.1440659,0.234433
7/7/7/1/6/3/7/6/2 3 3,Z,-2,2,BLOCK,Z,1.02724,0.6478231
7/7/7/5/4/3/7/6/2 3 3,X,2,0,BLOCK,X,0.7102176,0.7277994
7/7/7/5/6/3/7/4/2 3 3,Z,2,0,BLOCK,Z,0.1134119,0.1939262
7/7/7/1/6/3/7/6/1 3 3,Z,-2,0,BLOCK,Z,0.314524,0.5003121
7/7/7/5/4/3/7/6/1 3 3,X,2.25,0,BLOCK,X,1.016058,0.7712945
7/7/7/5/6/3/7/4/1 3 3,Z,2,0,BLOCK,Z,0.2613233,0.3509013
7/7/7/1/6/3/7/5/4 3 3,Z,-1.80,2,BLOCK,Z,0.961296,0.5657899
7/7/7/5/4/3/7/5/4 3 3,X,1.75,0,BLOCK,X,0.7062928,0.6979622
7/7/7/5/6/3/7/1/4 3 3,Z,-2,0,BLOCK,Z,0.2914317,0.3947795
7/7/7/1/6/3/7/5/2 3 3,Z,-1.80,0,BLOCK,Z,0.3653969,0.3678508
7/7/7/5/4/3/7/5/2 3 3,X,2,0,BLOCK,X,0.7829486,0.6226314
7/7/7/5/6/3/7/1/2 3 3,Z,-2,0,BLOCK,Z,0.2538623,0.3737357
7/7/7/1/6/3/7/5/1 3 3,Z,-1.80,0,BLOCK,Z,0.6023255,0.4320339
7/7/7/5/4/3/7/5/1 3 3,X,2.25,0,BLOCK,X,1.032304,0.7817762
7/7/7/5/6/3/7/1/1 3 3,Z,-2,0,BLOCK,Z,0.349029,0.4875059
7/7/7/1/6/3/7/3/4 3 3,Z,-1.6,0,BLOCK,Z,0.4239063,0.4331606
7/7/7/5/4/3/7/3/4 3 3,X,1.75,2,BLOCK,X,1.011306,0.601446
7/7/7/1/6/3/7/3/2 3 3,Z,-1.6,0,BLOCK,Z,0.4763823,0.5286372
7/7/7/5/4/3/7/3/2 3 3,X,2,2,BLOCK,X,1.073706,0.7120079
7/7/7/1/6/3/7/3/1 3 3,Z,-1.6,2,BLOCK,Z,0.8560808,0.623135
7/7/7/5/4/3/7/3/1 3 3,X,2.25,0,BLOCK,X,0.8621433,0.8385532
7/7/7/1/6/7/2/2/7 3 3,Z,-2,0,BLOCK,Z,0.7362277,0.571057
7/7/7/5/4/7/2/2/7 3 3,X,2,0,BLOCK,X,0.2516707,0.4495338
7/7/7/1/6/7/2/6/6 3 3,Z,-2.20,0,BLOCK,Z,0.6663787,0.6056397
7/7/7/5/4/7/2/6/6 3 3,X,1.75,0,BLOCK,X,0.405634,0.6330105
7/7/7/5/6/7/2/4/6 3 3,Z,2,0,BLOCK,Z,0.126169,0.261051
7/7/7/1/6/7/2/6/5 3 3,Z,-2.20,0,BLOCK,Z,0.4093432,0.5946952
7/7/7/5/4/7/2/6/5 3 3,X,2,0,BLOCK,X,0.4251536,0.5391464
7/7/7/5/6/7/2/4/5 3 3,Z,2,0,BLOCK,Z,1.648637,1.025286
7/7/7/1/6/7/2/6/3 3 3,Z,-2.20,0,BLOCK,Z,0.5182657,0.5261197
7/7/7/5/4/7/2/6/3 3 3,X,2.25,0,BLOCK,X,1.001203,0.658313
7/7/7/5/6/7/2/4/3 3 3,Z,2,0,BLOCK,Z,0.08321282,0.209206
7/7/7/1/6/7/2/5/6 3 3,Z,-2,0,BLOCK,Z,0.4969286,0.5121698
7/7/7/5/4/7/2/5/6 3 3,X,1.75,0,BLOCK,X,0.6307111,0.7368519
7/7/7/5/6/7/2/1/6 3 3,Z,-2,0,BLOCK,Z,0.02112521,0.1109193
7/7/7/1/6/7/2/5/5 3 3,Z,-2,0,BLOCK,Z,0.3844619,0.4328145
7/7/7/5/4/7/2/5/5 3 3,X,2,2,BLOCK,X,1.154529,0.7171009
7/7/7/5/6/7/2/1/5 3 3,Z,-2,0,BLOCK,Z,1.688418,1.015573
7/7/7/1/6/7/2/5/3 3 3,Z,-2,0,BLOCK,Z,0.7586734,0.5464105
7/7/7/5/4/7/2/5/3 3 3,X,2.25,0,BLOCK,X,0.4007344,0.5772869
7/7/7/5/6/7/2/1/3 3 3,Z,-2,0,BLOCK,Z,1.682335,1.073209
7/7/7/1/6/7/2/3/6 3 3,Z,-1.80,0,BLOCK,Z,0.4464065,0.4349623
7/7/7/5/4/7/2/3/6 3 3,X,1.75,2,BLOCK,X,1.290809,0.774838
7/7/7/1/6/7/2/3/5 3 3,Z,-1.80,2,BLOCK,Z,0.9287986,0.5372936
7/7/7/5/4/7/2/3/5 3 3,X,2,0,BLOCK,X,1.28533,0.7989826
7/7/7/1/6/7/2/3/3 3 3,Z,-1.80,0,BLOCK,Z,0.7265437,0.4712632
7/7/7/5/4/7/2/3/3 3 3,X,2.25,0,BLOCK,X,0.7673326,0.7252354
7/7/7/1/6/7/2/7/4 3 3,Z,-2,0,BLOCK,Z,0.4884412,0.5034341
7/7/7/5/4/7/2/7/4 3 3,X,1.75,0,BLOCK,X,0.1927203,0.3391795
7/7/7/1/6/7/2/7/2 3 3,Z,-2,2,BLOCK,Z,1.020998,0.5708377
7/7/7/5/4/7/2/7/2 3 3,X,2,0,BLOCK,X,0.3005305,0.4210011
7/7/7/1/6/7/2/7/1 3 3,Z,-2,0,BLOCK,Z,0.6994801,0.5688876
7/7/7/5/4/7/2/7/1 3 3,X,2.25,0,BLOCK,X,0.5134881,0.5758197
7/7/7/1/6/7/6/2/6 3 3,Z,-2,0,BLOCK,Z,0.6152385,0.630448
7/7/7/5/4/7/6/2/6 3 3,X,1.5,0,BLOCK,X,0.4732009,0.4994113
7/7/7/5/6/7/4/2/6 3 3,X,1.3333333333333333333333333334,0,BLOCK,X,0.4149045,0.565907
7/7/7/1/6/7/6/2/5 3 3,Z,-2,0,BLOCK,Z,0.4239554,0.5641176
7/7/7/5/4/7/6/2/5 3 3,X,1.75,2,BLOCK,X,1.026623,0.6231877
7/7/7/5/6/7/4/2/5 3 3,X,2,0,BLOCK,X,0.5657589,0.8413526
7/7/7/5/6/7/6/2/1 3 3,X,1,0,BLOCK,X,0.8219433,0.9546384
7/7/7/1/6/7/6/2/3 3 3,Z,-2,2,BLOCK,Z,1.035564,0.6022549
7/7/7/5/4/7/6/2/3 3 3,X,2,0,BLOCK,X,0.5208198,0.6434811
7/7/7/5/6/7/4/2/3 3 3,X,2.6666666666666666666666666666,0,BLOCK,X,0.7558909,0.9994382
7/7/7/1/6/7/6/6/4 3 3,Z,-2.20,2,BLOCK,Z,1.115957,0.6023006
7/7/7/5/4/7/6/6/4 3 3,X,1.5,0,BLOCK,X,0.6556965,0.5599478
7/7/7/5/6/7/4/6/4 3 3,X,1.3333333333333333333333333334,0,BLOCK,X,0.2122571,0.354227
7/7/7/5/6/7/6/4/4 3 3,Z,2,0,BLOCK,Z,0.1469056,0.2820365
7/7/7/1/6/7/6/6/2 3 3,Z,-2.20,0,BLOCK,Z,0.5324929,0.6323955
7/7/7/5/4/7/6/6/2 3 3,X,1.75,2,BLOCK,X,1.041538,0.6487009
7/7/7/5/6/7/4/6/2 3 3,X,2,0,BLOCK,X,0.590057,0.7592511
7/7/7/5/6/7/6/4/2 3 3,Z,2,0,BLOCK,Z,0.163097,0.2447618
7/7/7/1/6/7/6/6/1 3 3,Z,-2.20,0,BLOCK,Z,0.4456989,0.5890362
7/7/7/5/4/7/6/6/1 3 3,X,2,0,BLOCK,X,0.6021704,0.7207059
7/7/7/5/6/7/4/6/1 3 3,X,2.6666666666666666666666666666,0,BLOCK,X,0.5564105,0.5843652
7/7/7/5/6/7/6/4/1 3 3,Z,2,0,BLOCK,Z,1.185095,0.5077254
7/7/7/1/6/7/6/5/4 3 3,Z,-2,0,BLOCK,Z,0.5627149,0.6472928
7/7/7/5/4/7/6/5/4 3 3,X,1.5,0,BLOCK,X,0.346249,0.5698206
7/7/7/5/6/7/4/5/4 3 3,X,1.3333333333333333333333333334,0,BLOCK,X,0.2821788,0.400873
7/7/7/5/6/7/6/1/4 3 3,Z,-2,0,BLOCK,Z,0.1536213,0.2736833
7/7/7/1/6/7/6/5/2 3 3,Z,-2,0,BLOCK,Z,0.4378982,0.5352909
7/7/7/5/4/7/6/5/2 3 3,X,1.75,0,BLOCK,X,0.5275893,0.6941693
7/7/7/5/6/7/4/5/2 3 3,X,2,0,BLOCK,X,0.5876638,0.730044
7/7/7/5/6/7/6/1/2 3 3,Z,-2,0,BLOCK,Z,0.1347116,0.2249749
7/7/7/1/6/7/6/5/1 3 3,Z,-2,0,BLOCK,Z,0.6576049,0.6606618
7/7/7/5/4/7/6/5/1 3 3,X,2,0,BLOCK,X,0.3882381,0.6725289
7/7/7/5/6/7/4/5/1 3 3,X,2.6666666666666666666666666666,0,BLOCK,X,0.5591859,0.6046675
7/7/7/5/6/7/6/1/1 3 3,Z,-2,0,BLOCK,Z,1.715674,1.06078
7/7/7/1/6/7/6/3/4 3 3,Z,-1.80,0,BLOCK,Z,0.583315,0.6152816
7/7/7/5/4/7/6/3/4 3 3,X,1.5,2,BLOCK,X,0.9570197,0.5076536
7/7/7/5/6/7/4/3/4 3 3,X,1.3333333333333333333333333334,0,BLOCK,X,0.2361524,0.4062883
7/7/7/1/6/7/6/3/2 3 3,Z,-1.80,0,BLOCK,Z,0.7832805,0.6255187
7/7/7/5/4/7/6/3/2 3 3,X,1.75,0,BLOCK,X,0.6922745,0.6722677
7/7/7/5/6/7/4/3/2 3 3,X,2,0,BLOCK,X,0.5578539,0.7365015
7/7/7/1/6/7/6/3/1 3 3,Z,-1.80,0,BLOCK,Z,0.7514377,0.6601621
7/7/7/5/4/7/6/3/1 3 3,X,2,0,BLOCK,X,0.3966564,0.6471246
7/7/7/5/6/7/4/3/1 3 3,X,2.6666666666666666666666666666,0,BLOCK,X,0.4360445,0.5967075
7/7/7/1/6/7/5/2/6 3 3,Z,-2,0,BLOCK,Z,0.7178579,0.5550883
7/7/7/5/4/7/5/2/6 3 3,X,1.75,0,BLOCK,X,0.8478962,0.6491563
7/7/7/5/6/7/1/2/6 3 3,X,-2.6666666666666666666666666666,0,BLOCK,X,1.243876,0.8107833
7/7/7/1/6/7/5/2/5 3 3,Z,-2,0,BLOCK,Z,0.4488181,0.5226957
7/7/7/5/4/7/5/2/5 3 3,X,2,2,BLOCK,X,1.03844,0.6774872
7/7/7/5/6/7/1/2/5 3 3,X,-2,0,BLOCK,X,0.564867,0.6176556
7/7/7/1/6/7/5/2/3 3 3,Z,-2,0,BLOCK,Z,0.4840312,0.4823161
7/7/7/5/4/7/5/2/3 3 3,X,2.25,0,BLOCK,X,0.5290855,0.7312812
7/7/7/5/6/7/1/2/3 3 3,X,-1.3333333333333333333333333334,0,BLOCK,X,0.4444181,0.5269303
7/7/7/1/6/7/5/6/4 3 3,Z,-2.20,0,BLOCK,Z,0.6462345,0.6340836
7/7/7/5/4/7/5/6/4 3 3,X,1.75,0,BLOCK,X,0.5733329,0.6424301
7/7/7/5/6/7/1/6/4 3 3,X,-2.6666666666666666666666666666,0,BLOCK,X,0.7320884,0.659023
7/7/7/5/6/7/5/4/4 3 3,Z,2,0,BLOCK,Z,0.1869938,0.3206903
7/7/7/1/6/7/5/6/2 3 3,Z,-2.20,0,BLOCK,Z,0.7929738,0.6281512
7/7/7/5/4/7/5/6/2 3 3,X,2,0,BLOCK,X,0.729739,0.7671852
7/7/7/5/6/7/1/6/2 3 3,X,-2,0,BLOCK,X,0.455262,0.6442037
7/7/7/5/6/7/5/4/2 3 3,Z,2,0,BLOCK,Z,1.723191,1.025416
7/7/7/1/6/7/5/6/1 3 3,Z,-2.20,0,BLOCK,Z,0.6686254,0.7383512
7/7/7/5/4/7/5/6/1 3 3,X,2.25,0,BLOCK,X,0.590133,0.7484726
7/7/7/5/6/7/1/6/1 3 3,X,-1.3333333333333333333333333334,0,BLOCK,X,0.4162426,0.3882279
7/7/7/5/6/7/5/4/1 3 3,Z,2,0,BLOCK,Z,0.1936678,0.3329488
7/7/7/1/6/7/5/5/4 3 3,Z,-2,0,BLOCK,Z,0.6740421,0.6636664
7/7/7/5/4/7/5/5/4 3 3,X,1.75,0,BLOCK,X,0.5957718,0.5985647
7/7/7/5/6/7/1/5/4 3 3,X,-2.6666666666666666666666666666,0,BLOCK,X,0.5036269,0.6627932
7/7/7/5/6/7/5/1/4 3 3,Z,-2,2,BLOCK,Z,1.632742,0.9966885
7/7/7/1/6/7/5/5/2 3 3,Z,-2,0,BLOCK,Z,0.5260375,0.7019154
7/7/7/5/4/7/5/5/2 3 3,X,2,2,BLOCK,X,1.089591,0.6840677
7/7/7/5/6/7/1/5/2 3 3,X,-2,0,BLOCK,X,0.4907072,0.6101935
7/7/7/5/6/7/5/1/2 3 3,Z,-2,0,BLOCK,Z,1.727169,1.035198
7/7/7/1/6/7/5/5/1 3 3,Z,-2,0,BLOCK,Z,0.293194,0.2356938
7/7/7/5/4/7/5/5/1 3 3,X,2.25,0,BLOCK,X,0.7191533,0.8151113
7/7/7/5/6/7/1/5/1 3 3,X,-1.3333333333333333333333333334,0,BLOCK,X,0.4138638,0.4364377
7/7/7/5/6/7/5/1/1 3 3,Z,-2,0,BLOCK,Z,0.2004029,0.3586799
7/7/7/1/6/7/5/3/4 3 3,Z,-1.80,2,BLOCK,Z,0.9547799,0.5713107
7/7/7/5/4/7/5/3/4 3 3,X,1.75,0,BLOCK,X,0.5369998,0.6585833
7/7/7/5/6/7/1/3/4 3 3,X,-2.6666666666666666666666666666,0,BLOCK,X,0.4647841,0.6087676
7/7/7/1/6/7/5/3/2 3 3,Z,-1.80,2,BLOCK,Z,0.9524537,0.6141695
7/7/7/5/4/7/5/3/2 3 3,X,2,0,BLOCK,X,0.5931897,0.7278913
7/7/7/5/6/7/1/3/2 3 3,X,-2,0,BLOCK,X,0.5209048,0.623354
7/7/7/1/6/7/5/3/1 3 3,Z,-1.80,0,BLOCK,Z,0.6680815,0.5751139
7/7/7/5/4/7/5/3/1 3 3,X,2.25,0,BLOCK,X,0.8465285,0.8252257
7/7/7/5/6/7/1/3/1 3 3,X,-1.3333333333333333333333333334,0,BLOCK,X,0.5418969,0.4171378
7/7/7/1/6/7/3/2/6 3 3,Z,-2,0,BLOCK,Z,0.81318,0.6815057
7/7/7/5/4/7/3/2/6 3 3,X,2,0,BLOCK,X,0.4316604,0.7556584
7/7/7/5/6/7/3/2/4 3 3,X,-1,2,BLOCK,X,1.327698,0.8163391
7/7/7/1/6/7/3/2/5 3 3,Z,-2,2,BLOCK,Z,0.9759698,0.6417285
7/7/7/5/4/7/3/2/5 3 3,X,2.25,0,BLOCK,X,0.6189973,0.692917
7/7/7/1/6/7/3/2/3 3 3,Z,-2,0,BLOCK,Z,0.251853,0.3793387
7/7/7/5/4/7/3/2/3 3 3,X,2.5,0,BLOCK,X,0.4155475,0.6738653
7/7/7/1/6/7/3/6/4 3 3,Z,-2.20,0,BLOCK,Z,0.8065651,0.6221033
7/7/7/5/4/7/3/6/4 3 3,X,2,2,BLOCK,X,1.432519,0.8937269
7/7/7/5/6/7/3/4/4 3 3,Z,2,0,BLOCK,Z,1.679381,1.039981
7/7/7/1/6/7/3/6/2 3 3,Z,-2.20,2,BLOCK,Z,1.127348,0.7355382
7/7/7/5/4/7/3/6/2 3 3,X,2.25,0,BLOCK,X,0.6515311,0.691966
7/7/7/5/6/7/3/4/2 3 3,Z,2,0,BLOCK,Z,0.1700318,0.2635658
7/7/7/1/6/7/3/6/1 3 3,Z,-2.20,0,BLOCK,Z,0.5099773,0.5759379
7/7/7/5/4/7/3/6/1 3 3,X,2.5,2,BLOCK,X,1.37539,0.8693535
7/7/7/5/6/7/3/4/1 3 3,Z,2,0,BLOCK,Z,0.2746028,0.4072472
7/7/7/1/6/7/3/5/4 3 3,Z,-2,2,BLOCK,Z,1.043074,0.5461709
7/7/7/5/4/7/3/5/4 3 3,X,2,0,BLOCK,X,0.5825518,0.6974148
7/7/7/5/6/7/3/1/4 3 3,Z,-2,0,BLOCK,Z,1.668758,1.024883
7/7/7/1/6/7/3/5/2 3 3,Z,-2,2,BLOCK,Z,1.001243,0.6513258
7/7/7/5/4/7/3/5/2 3 3,X,2.25,0,BLOCK,X,0.5982462,0.7793891
7/7/7/5/6/7/3/1/2 3 3,Z,-2,0,BLOCK,Z,0.1278224,0.2283116
7/7/7/1/6/7/3/5/1 3 3,Z,-2,0,BLOCK,Z,0.6361043,0.4324116
7/7/7/5/4/7/3/5/1 3 3,X,2.5,2,BLOCK,X,1.385866,0.8964745
7/7/7/5/6/7/3/1/1 3 3,Z,-2,0,BLOCK,Z,0.1914183,0.3165214
7/7/7/1/6/7/3/3/4 3 3,Z,-1.80,0,BLOCK,Z,0.3978535,0.4061918
7/7/7/5/4/7/3/3/4 3 3,X,2,0,BLOCK,X,0.4632059,0.6927025
7/7/7/1/6/7/3/3/2 3 3,Z,-1.80,2,BLOCK,Z,0.9706261,0.5979459
7/7/7/5/4/7/3/3/2 3 3,X,2.25,0,BLOCK,X,0.7326567,0.6606935
7/7/7/1/6/7/3/3/1 3 3,Z,-1.80,2,BLOCK,Z,0.9731563,0.6823763
7/7/7/5/4/7/3/3/1 3 3,X,2.5,0,BLOCK,X,0.839554,0.7269176
7/7/7/1/6/7/7/2/4 3 3,Z,-2,2,BLOCK,Z,1.108358,0.6633462
7/7/7/5/4/7/7/2/4 3 3,X,1.75,0,BLOCK,X,0.5281181,0.6879527
7/7/7/1/6/7/7/2/2 3 3,Z,-2,0,BLOCK,Z,0.5236295,0.5574247
7/7/7/5/4/7/7/2/2 3 3,X,2,0,BLOCK,X,0.831878,0.8098246
7/7/7/1/6/7/7/2/1 3 3,Z,-2,2,BLOCK,Z,1.056604,0.5947961
7/7/7/5/4/7/7/2/1 3 3,X,2.25,0,BLOCK,X,0.9663009,0.7290318
7/7/7/1/5/2/2/7/7 3 3,Z,-2,0,BLOCK,Z,0.2675966,0.2863871
7/7/7/5/1/2/2/7/7 3 3,X,-2,0,BLOCK,X,0.5915772,0.5324261
7/7/7/1/5/2/6/6/7 3 3,Z,-2.20,2,BLOCK,Z,0.9588045,0.5516258
7/7/7/5/1/2/6/6/7 3 3,X,-2.25,0,BLOCK,X,1.10102,0.7991473
7/7/7/5/5/2/4/6/7 3 3,X,2,2,BLOCK,X,1.354407,0.9435098
7/7/7/5/5/2/6/4/7 3 3,Z,2,0,BLOCK,Z,0.3927514,0.4802383
7/7/7/1/5/2/6/5/7 3 3,Z,-2,0,BLOCK,Z,0.2239186,0.2187977
7/7/7/5/1/2/6/5/7 3 3,X,-2.25,0,BLOCK,X,1.220471,0.8248701
7/7/7/5/5/2/4/5/7 3 3,X,2,0,BLOCK,X,0.7966333,0.7734151
7/7/7/5/5/2/6/1/7 3 3,Z,-2,0,BLOCK,Z,1.003532,0.7124934
7/7/7/1/5/2/6/3/7 3 3,Z,-1.80,2,BLOCK,Z,1.255,0.7260134
7/7/7/5/1/2/6/3/7 3 3,X,-2.25,0,BLOCK,X,1.110602,0.8581796
7/7/7/5/5/2/4/3/7 3 3,X,2,0,BLOCK,X,0.446885,0.6546485
7/7/7/1/5/2/6/7/6 3 3,Z,-2,0,BLOCK,Z,0.1561307,0.2151474
7/7/7/5/1/2/6/7/6 3 3,X,-2.5,0,BLOCK,X,0.6467598,0.6729265
7/7/7/5/5/2/4/7/6 3 3,X,1.6,0,BLOCK,X,0.6444395,0.6186048
7/7/7/1/5/2/6/7/5 3 3,Z,-2,0,BLOCK,Z,0.3204518,0.3263986
7/7/7/5/1/2/6/7/5 3 3,X,-2.25,0,BLOCK,X,0.7405802,0.6590489
7/7/7/5/5/2/4/7/5 3 3,X,2,0,BLOCK,X,0.8788078,0.6935546
7/7/7/1/5/2/6/7/3 3 3,Z,-2,0,BLOCK,Z,0.2568092,0.3528232
7/7/7/5/1/2/6/7/3 3 3,X,-2,0,BLOCK,X,0.8193223,0.8695686
7/7/7/5/5/2/4/7/3 3 3,X,2.4,0,BLOCK,X,0.4830377,0.7796546
7/7/7/1/5/2/5/6/7 3 3,Z,-2.20,0,BLOCK,Z,0.2089302,0.3300248
7/7/7/5/1/2/5/6/7 3 3,X,-2,0,BLOCK,X,0.7360775,0.6088736
7/7/7/5/5/2/1/6/7 3 3,X,-2,2,BLOCK,X,1.346129,0.902737
7/7/7/5/5/2/5/4/7 3 3,Z,2,0,BLOCK,Z,0.7323232,0.6806433
7/7/7/1/5/2/5/5/7 3 3,Z,-2,0,BLOCK,Z,0.46337,0.5141799
7/7/7/5/1/2/5/5/7 3 3,X,-2,0,BLOCK,X,0.8775325,0.6443694
7/7/7/5/5/2/1/5/7 3 3,X,-2,2,BLOCK,X,1.35048,0.7812958
7/7/7/5/5/2/5/1/7 3 3,Z,-2,0,BLOCK,Z,0.4532979,0.4545576
7/7/7/1/5/2/5/3/7 3 3,Z,-1.80,0,BLOCK,Z,0.3546047,0.3940357
7/7/7/5/1/2/5/3/7 3 3,X,-2,0,BLOCK,X,0.6436255,0.5925698
7/7/7/5/5/2/1/3/7 3 3,X,-2,2,BLOCK,X,1.319583,0.8011476
7/7/7/1/5/2/5/7/6 3 3,Z,-2,0,BLOCK,Z,0.185789,0.2199981
7/7/7/5/1/2/5/7/6 3 3,X,-2.25,0,BLOCK,X,0.9518697,0.7600558
7/7/7/5/5/2/1/7/6 3 3,X,-2.4,0,BLOCK,X,1.625074,1.081816
7/7/7/1/5/2/5/7/5 3 3,Z,-2,0,BLOCK,Z,0.2330458,0.2997797
7/7/7/5/1/2/5/7/5 3 3,X,-2,0,BLOCK,X,0.696829,0.5433028
7/7/7/5/5/2/1/7/5 3 3,X,-2,0,BLOCK,X,0.8503914,0.7943247
7/7/7/1/5/2/5/7/3 3 3,Z,-2,0,BLOCK,Z,0.1434833,0.2852496
7/7/7/5/1/2/5/7/3 3 3,X,-1.75,0,BLOCK,X,1.078837,0.6169403
7/7/7/5/5/2/1/7/3 3 3,X,-1.6,0,BLOCK,X,1.187699,0.8691198
7/7/7/1/5/2/3/6/7 3 3,Z,-2.20,2,BLOCK,Z,0.9880833,0.5615381
7/7/7/5/1/2/3/6/7 3 3,X,-1.75,0,BLOCK,X,0.5268222,0.5787277
7/7/7/5/5/2/3/4/7 3 3,Z,2,2,BLOCK,Z,1.484686,0.8957059
7/7/7/1/5/2/3/5/7 3 3,Z,-2,2,BLOCK,Z,1.056658,0.6180927
7/7/7/5/1/2/3/5/7 3 3,X,-1.75,0,BLOCK,X,1.015792,0.5571907
7/7/7/5/5/2/3/1/7 3 3,Z,-2,0,BLOCK,Z,0.4867532,0.5678657
7/7/7/1/5/2/3/3/7 3 3,Z,-1.80,2,BLOCK,Z,1.240386,0.7911235
7/7/7/5/1/2/3/3/7 3 3,X,-1.75,0,BLOCK,X,0.6828246,0.6088683
7/7/7/1/5/2/3/7/6 3 3,Z,-2,2,BLOCK,Z,1.133846,0.7086773
7/7/7/5/1/2/3/7/6 3 3,X,-2,0,BLOCK,X,1.071615,0.6329374
7/7/7/1/5/2/3/7/5 3 3,Z,-2,0,BLOCK,Z,0.4924305,0.4295927
7/7/7/5/1/2/3/7/5 3 3,X,-1.75,2,BLOCK,X,1.013381,0.5213184
7/7/7/1/5/2/3/7/3 3 3,Z,-2,0,BLOCK,Z,0.3657683,0.4160991
7/7/7/5/1/2/3/7/3 3 3,X,-1.5,2,BLOCK,X,1.019056,0.6176334
7/7/7/1/5/2/7/2/7 3 3,Z,-2,0,BLOCK,Z,0.3354833,0.3772226
7/7/7/5/1/2/7/2/7 3 3,X,-2,0,BLOCK,X,0.8144677,0.5950274
7/7/7/1/5/2/7/6/6 3 3,Z,-2.20,2,BLOCK,Z,1.098423,0.6459614
7/7/7/5/1/2/7/6/6 3 3,X,-2.25,0,BLOCK,X,0.8617882,0.7765503
7/7/7/5/5/2/7/4/6 3 3,Z,2,0,BLOCK,Z,0.5325155,0.5866873
7/7/7/1/5/2/7/6/5 3 3,Z,-2.20,0,BLOCK,Z,0.2382857,0.347663
7/7/7/5/1/2/7/6/5 3 3,X,-2,0,BLOCK,X,0.7341719,0.7425416
7/7/7/5/5/2/7/4/5 3 3,Z,2,0,BLOCK,Z,0.5130718,0.5610768
7/7/7/1/5/2/7/6/3 3 3,Z,-2.20,2,BLOCK,Z,1.262999,0.7070524
7/7/7/5/1/2/7/6/3 3 3,X,-1.75,0,BLOCK,X,0.8081193,0.6211572
7/7/7/5/5/2/7/4/3 3 3,Z,2,0,BLOCK,Z,0.4035806,0.4732437
7/7/7/1/5/2/7/5/6 3 3,Z,-2,2,BLOCK,Z,0.9959702,0.5992128
7/7/7/5/1/2/7/5/6 3 3,X,-2.25,0,BLOCK,X,0.7819769,0.7269731
7/7/7/5/5/2/7/1/6 3 3,Z,-2,0,BLOCK,Z,0.4065228,0.5175247
7/7/7/1/5/2/7/5/5 3 3,Z,-2,2,BLOCK,Z,0.9834714,0.560263
7/7/7/5/1/2/7/5/5 3 3,X,-2,0,BLOCK,X,1.134153,0.7914162
7/7/7/5/5/2/7/1/5 3 3,Z,-2,0,BLOCK,Z,0.4924883,0.5624548
7/7/7/1/5/2/7/5/3 3 3,Z,-2,0,BLOCK,Z,0.1879738,0.3222799
7/7/7/5/1/2/7/5/3 3 3,X,-1.75,0,BLOCK,X,0.6869659,0.6360179
7/7/7/5/5/2/7/1/3 3 3,Z,-2,0,BLOCK,Z,0.1982316,0.3590335
7/7/7/1/5/2/7/3/6 3 3,Z,-1.80,0,BLOCK,Z,0.3427922,0.4167465
7/7/7/5/1/2/7/3/6 3 3,X,-2.25,0,BLOCK,X,0.9606405,0.7005038
7/7/7/1/5/2/7/3/5 3 3,Z,-1.80,2,BLOCK,Z,1.294002,0.8090677
7/7/7/5/1/2/7/3/5 3 3,X,-2,0,BLOCK,X,1.060034,0.6337485
7/7/7/1/5/2/7/3/3 3 3,Z,-1.80,2,BLOCK,Z,1.226736,0.7672787
7/7/7/5/1/2/7/3/3 3 3,X,-1.75,0,BLOCK,X,0.7763031,0.6580528
7/7/7/1/5/2/7/7/4 3 3,Z,-2,0,BLOCK,Z,0.2033761,0.3015834
7/7/7/5/1/2/7/7/4 3 3,X,-2.25,0,BLOCK,X,0.8531812,0.7943116
7/7/7/1/5/2/7/7/2 3 3,Z,-2,0,BLOCK,Z,0.3093134,0.3542158
7/7/7/5/1/2/7/7/2 3 3,X,-2,0,BLOCK,X,1.220508,0.743952
7/7/7/1/5/2/7/7/1 3 3,Z,-2,0,BLOCK,Z,0.1269592,0.175119
7/7/7/5/1/2/7/7/1 3 3,X,-1.75,0,BLOCK,X,1.043842,0.651107
7/7/7/1/5/6/2/6/7 3 3,Z,-2.4,0,BLOCK,Z,0.5855569,0.6665098
7/7/7/5/1/6/2/6/7 3 3,X,-2,0,BLOCK,X,0.1476068,0.3140439
7/7/7/5/5/4/2/6/7 3 3,Z,1.6666666666666666666666666666,2,BLOCK,Z,1.048244,0.6020014
7/7/7/5/5/6/2/4/7 3 3,Z,2,0,BLOCK,Z,0.5478096,0.7436927
7/7/7/1/5/6/2/5/7 3 3,Z,-2.20,2,BLOCK,Z,1.383765,0.8653502
7/7/7/5/1/6/2/5/7 3 3,X,-2,0,BLOCK,X,0.1758257,0.3553505
7/7/7/5/5/4/2/5/7 3 3,Z,2,0,BLOCK,Z,1.175991,0.7221154
7/7/7/5/5/6/2/1/7 3 3,Z,-2,0,BLOCK,Z,1.599141,0.971034
7/7/7/1/5/6/2/3/7 3 3,Z,-2,0,BLOCK,Z,0.4589669,0.6454405
7/7/7/5/1/6/2/3/7 3 3,X,-2,0,BLOCK,X,0.3120936,0.435476
7/7/7/5/5/4/2/3/7 3 3,Z,2.3333333333333333333333333334,0,BLOCK,Z,1.35878,0.8490617
7/7/7/1/5/6/2/7/6 3 3,Z,-2.20,0,BLOCK,Z,0.80391,0.6806738
7/7/7/5/1/6/2/7/6 3 3,X,-2.25,0,BLOCK,X,0.6061545,0.6132309
7/7/7/5/5/4/2/7/6 3 3,Z,2,2,BLOCK,Z,1.142407,0.8647816
7/7/7/1/5/6/2/7/5 3 3,Z,-2.20,0,BLOCK,Z,0.3599753,0.5121926
7/7/7/5/1/6/2/7/5 3 3,X,-2,0,BLOCK,X,0.1466563,0.2577025
7/7/7/5/5/4/2/7/5 3 3,Z,2,0,BLOCK,Z,0.7420921,0.8444138
7/7/7/1/5/6/2/7/3 3 3,Z,-2.20,0,BLOCK,Z,0.6837476,0.6431929
7/7/7/5/1/6/2/7/3 3 3,X,-1.75,2,BLOCK,X,1.051806,0.6336908
7/7/7/5/5/4/2/7/3 3 3,Z,2,0,BLOCK,Z,0.8496881,0.7626485
7/7/7/1/5/6/6/2/7 3 3,Z,-2.20,0,BLOCK,Z,0.3622867,0.5698196
7/7/7/5/1/6/6/2/7 3 3,X,-2.25,0,BLOCK,X,1.372974,0.830039
7/7/7/5/5/4/6/2/7 3 3,Z,2,0,BLOCK,Z,0.5598602,0.7360337
7/7/7/5/5/6/4/2/7 3 3,X,2,0,BLOCK,X,0.4319042,0.7128088
7/7/7/1/5/6/6/6/6 3 3,Z,-2.4,0,BLOCK,Z,0.3036821,0.4145949
7/7/7/5/1/6/6/6/6 3 3,X,-2.5,2,BLOCK,X,1.217594,0.7455052
7/7/7/5/5/4/6/6/6 3 3,Z,1.6666666666666666666666666666,0,BLOCK,Z,0.5165696,0.7070535
7/7/7/5/5/6/4/6/6 3 3,X,1.5,0,BLOCK,X,0.3177215,0.511641
7/7/7/5/5/6/6/4/6 3 3,Z,2,0,BLOCK,Z,0.2984625,0.4642011
7/7/7/1/5/6/6/6/5 3 3,Z,-2.4,2,BLOCK,Z,1.249678,0.7905017
7/7/7/5/1/6/6/6/5 3 3,X,-2.25,0,BLOCK,X,1.277389,0.7795689
7/7/7/5/5/4/6/6/5 3 3,Z,1.6666666666666666666666666666,2,BLOCK,Z,1.072635,0.6920007
7/7/7/5/5/6/4/6/5 3 3,X,2,0,BLOCK,X,0.5583417,0.5966533
7/7/7/5/5/6/6/4/5 3 3,Z,2,0,BLOCK,Z,0.2820643,0.3929916
7/7/7/1/5/6/6/6/3 3 3,Z,-2.4,0,BLOCK,Z,0.3602737,0.5024053
7/7/7/5/1/6/6/6/3 3 3,X,-2.0,0,BLOCK,X,0.8018799,0.9199601
7/7/7/5/5/4/6/6/3 3 3,Z,1.6666666666666666666666666666,0,BLOCK,Z,0.4353583,0.6076403
7/7/7/5/5/6/4/6/3 3 3,X,2.5,0,BLOCK,X,0.4362938,0.7734987
7/7/7/5/5/6/6/4/3 3 3,Z,2,2,BLOCK,Z,1.641112,0.999526
7/7/7/1/5/6/6/5/6 3 3,Z,-2.20,0,BLOCK,Z,0.533345,0.599877
7/7/7/5/1/6/6/5/6 3 3,X,-2.5,0,BLOCK,X,0.5257819,0.5898203
7/7/7/5/5/4/6/5/6 3 3,Z,2,0,BLOCK,Z,0.8942174,0.8527222
7/7/7/5/5/6/4/5/6 3 3,X,1.5,0,BLOCK,X,0.4051633,0.5059373
7/7/7/5/5/6/6/1/6 3 3,Z,-2,0,BLOCK,Z,0.4934205,0.5843803
7/7/7/1/5/6/6/5/5 3 3,Z,-2.20,0,BLOCK,Z,0.3982462,0.5922164
7/7/7/5/1/6/6/5/5 3 3,X,-2.25,0,BLOCK,X,0.7150543,0.7176883
7/7/7/5/5/4/6/5/5 3 3,Z,2,0,BLOCK,Z,0.723299,0.741841
7/7/7/5/5/6/4/5/5 3 3,X,2,0,BLOCK,X,0.394865,0.4884337
7/7/7/5/5/6/6/1/5 3 3,Z,-2,0,BLOCK,Z,1.696728,1.096241
7/7/7/1/5/6/6/5/3 3 3,Z,-2.20,2,BLOCK,Z,1.174089,0.8577856
7/7/7/5/1/6/6/5/3 3 3,X,-2.0,0,BLOCK,X,0.7997622,0.8934107
7/7/7/5/5/4/6/5/3 3 3,Z,2,0,BLOCK,Z,0.870618,0.692179
7/7/7/5/5/6/4/5/3 3 3,X,2.5,0,BLOCK,X,1.67628,1.130381
7/7/7/5/5/6/6/1/3 3 3,Z,-2,0,BLOCK,Z,0.4575959,0.5608135
7/7/7/1/5/6/6/3/6 3 3,Z,-2,0,BLOCK,Z,0.9752341,0.7481679
7/7/7/5/1/6/6/3/6 3 3,X,-2.5,0,BLOCK,X,0.1354945,0.2990308
7/7/7/5/5/4/6/3/6 3 3,Z,2.3333333333333333333333333334,0,BLOCK,Z,0.6106398,0.7611375
7/7/7/5/5/6/4/3/6 3 3,X,1.5,0,BLOCK,X,0.6381437,0.5353426
7/7/7/1/5/6/6/3/5 3 3,Z,-2,0,BLOCK,Z,0.5780371,0.5773501
7/7/7/5/1/6/6/3/5 3 3,X,-2.25,2,BLOCK,X,1.314583,0.7649211
7/7/7/5/5/4/6/3/5 3 3,Z,2.3333333333333333333333333334,0,BLOCK,Z,1.140134,0.9428899
7/7/7/5/5/6/4/3/5 3 3,X,2,0,BLOCK,X,0.8224868,0.7310441
7/7/7/1/5/6/6/3/3 3 3,Z,-2,0,BLOCK,Z,0.4539215,0.652484
7/7/7/5/1/6/6/3/3 3 3,X,-2.0,2,BLOCK,X,1.405146,0.7730298
7/7/7/5/5/4/6/3/3 3 3,Z,2.3333333333333333333333333334,0,BLOCK,Z,0.3049471,0.4818649
7/7/7/5/5/6/4/3/3 3 3,X,2.5,0,BLOCK,X,0.644251,0.8689287
7/7/7/1/5/6/6/7/4 3 3,Z,-2.20,0,BLOCK,Z,0.401154,0.5128851
7/7/7/5/1/6/6/7/4 3 3,X,-2.5,0,BLOCK,X,1.062633,0.6811967
7/7/7/5/5/4/6/7/4 3 3,Z,2,0,BLOCK,Z,0.7187513,0.822504
7/7/7/5/5/6/4/7/4 3 3,X,1.5,0,BLOCK,X,0.3263368,0.4152306
7/7/7/1/5/6/6/7/2 3 3,Z,-2.20,0,BLOCK,Z,0.3318831,0.5113021
7/7/7/5/1/6/6/7/2 3 3,X,-2.25,2,BLOCK,X,1.231789,0.7567272
7/7/7/5/5/4/6/7/2 3 3,Z,2,0,BLOCK,Z,0.7668616,0.8736058
7/7/7/5/5/6/4/7/2 3 3,X,2,0,BLOCK,X,0.5603363,0.6781773
7/7/7/1/5/6/6/7/1 3 3,Z,-2.20,0,BLOCK,Z,0.3648017,0.6126616
7/7/7/5/1/6/6/7/1 3 3,X,-2.0,0,BLOCK,X,1.297589,0.8434388
7/7/7/5/5/4/6/7/1 3 3,Z,2,0,BLOCK,Z,1.116985,0.8071117
7/7/7/5/5/6/4/7/1 3 3,X,2.5,0,BLOCK,X,0.3705851,0.5985126
7/7/7/1/5/6/5/2/7 3 3,Z,-2.20,2,BLOCK,Z,1.327314,0.9107649
7/7/7/5/1/6/5/2/7 3 3,X,-2,0,BLOCK,X,1.051916,0.6284056
7/7/7/5/5/4/5/2/7 3 3,Z,2,2,BLOCK,Z,1.146962,0.6920893
7/7/7/5/5/6/1/2/7 3 3,X,-2,0,BLOCK,X,0.4674991,0.6690752
7/7/7/1/5/6/5/6/6 3 3,Z,-2.4,0,BLOCK,Z,0.3581497,0.6263061
7/7/7/5/1/6/5/6/6 3 3,X,-2.25,2,BLOCK,X,1.033898,0.6887507
7/7/7/5/5/4/5/6/6 3 3,Z,1.6666666666666666666666666666,0,BLOCK,Z,0.5157781,0.6735235
7/7/7/5/5/6/1/6/6 3 3,X,-2.5,2,BLOCK,X,1.626164,0.9900227
7/7/7/5/5/6/5/4/6 3 3,Z,2,0,BLOCK,Z,1.681325,1.060152
7/7/7/1/5/6/5/6/5 3 3,Z,-2.4,2,BLOCK,Z,1.33093,0.8717354
7/7/7/5/1/6/5/6/5 3 3,X,-2,0,BLOCK,X,0.8710622,0.6014454
7/7/7/5/5/4/5/6/5 3 3,Z,1.6666666666666666666666666666,2,BLOCK,Z,1.088674,0.6848257
7/7/7/5/5/6/1/6/5 3 3,X,-2,0,BLOCK,X,0.8409979,0.7830466
7/7/7/5/5/6/5/4/5 3 3,Z,2,0,BLOCK,Z,0.318317,0.43916
7/7/7/1/5/6/5/6/3 3 3,Z,-2.4,2,BLOCK,Z,1.223866,0.7791014
7/7/7/5/1/6/5/6/3 3 3,X,-1.75,0,BLOCK,X,0.8036526,0.6941984
7/7/7/5/5/4/5/6/3 3 3,Z,1.6666666666666666666666666666,2,BLOCK,Z,1.128743,0.6412586
7/7/7/5/5/6/1/6/3 3 3,X,-1.5,0,BLOCK,X,0.5530816,0.6650568
7/7/7/5/5/6/5/4/3 3 3,Z,2,2,BLOCK,Z,1.651241,1.010546
7/7/7/1/5/6/5/5/6 3 3,Z,-2.20,0,BLOCK,Z,0.7428636,0.6907036
7/7/7/5/1/6/5/5/6 3 3,X,-2.25,0,BLOCK,X,0.798408,0.7192969
7/7/7/5/5/4/5/5/6 3 3,Z,2,0,BLOCK,Z,0.7200433,0.7514703
7/7/7/5/5/6/1/5/6 3 3,X,-2.5,0,BLOCK,X,0.792698,0.8713694
7/7/7/5/5/6/5/1/6 3 3,Z,-2,2,BLOCK,Z,1.558404,0.9981756
7/7/7/1/5/6/5/5/5 3 3,Z,-2.20,0,BLOCK,Z,0.3565186,0.4783575
7/7/7/5/1/6/5/5/5 3 3,X,-2,0,BLOCK,X,0.9408392,0.6119542
7/7/7/5/5/4/5/5/5 3 3,Z,2,0,BLOCK,Z,0.6401452,0.7597192
7/7/7/5/5/6/1/5/5 3 3,X,-2,0,BLOCK,X,0.60036,0.7293758
7/7/7/5/5/6/5/1/5 3 3,Z,-2,0,BLOCK,Z,0.5886392,0.5709436
7/7/7/1/5/6/5/5/3 3 3,Z,-2.20,0,BLOCK,Z,0.5584579,0.59363
7/7/7/5/1/6/5/5/3 3 3,X,-1.75,0,BLOCK,X,0.6456459,0.4944155
7/7/7/5/5/4/5/5/3 3 3,Z,2,0,BLOCK,Z,0.6093695,0.8270946
7/7/7/5/5/6/1/5/3 3 3,X,-1.5,0,BLOCK,X,1.245829,0.7948968
7/7/7/5/5/6/5/1/3 3 3,Z,-2,2,BLOCK,Z,1.556338,0.9379447
7/7/7/1/5/6/5/3/6 3 3,Z,-2,0,BLOCK,Z,0.3778318,0.5543586
7/7/7/5/1/6/5/3/6 3 3,X,-2.25,0,BLOCK,X,1.051244,0.6547791
7/7/7/5/5/4/5/3/6 3 3,Z,2.3333333333333333333333333334,0,BLOCK,Z,0.3323536,0.6958872
7/7/7/5/5/6/1/3/6 3 3,X,-2.5,0,BLOCK,X,0.4900468,0.7828732
7/7/7/1/5/6/5/3/5 3 3,Z,-2,2,BLOCK,Z,1.373409,0.8259464
7/7/7/5/1/6/5/3/5 3 3,X,-2,0,BLOCK,X,0.8005304,0.7196328
7/7/7/5/5/4/5/3/5 3 3,Z,2.3333333333333333333333333334,2,BLOCK,Z,1.392175,0.8598167
7/7/7/5/5/6/1/3/5 3 3,X,-2,0,BLOCK,X,0.3780429,0.5520599
7/7/7/1/5/6/5/3/3 3 3,Z,-2,0,BLOCK,Z,0.7249912,0.6444553
7/7/7/5/1/6/5/3/3 3 3,X,-1.75,0,BLOCK,X,0.8609484,0.4232532
7/7/7/5/5/4/5/3/3 3 3,Z,2.3333333333333333333333333334,0,BLOCK,Z,0.4104064,0.7099577
7/7/7/5/5/6/1/3/3 3 3,X,-1.5,0,BLOCK,X,0.2883492,0.475688
7/7/7/1/5/6/5/7/4 3 3,Z,-2.20,2,BLOCK,Z,1.265433,0.7591972
7/7/7/5/1/6/5/7/4 3 3,X,-2.25,0,BLOCK,X,0.6724834,0.7581106
7/7/7/5/5/4/5/7/4 3 3,Z,2,2,BLOCK,Z,1.224109,0.8706915
7/7/7/5/5/6/1/7/4 3 3,X,-2.5,0,BLOCK,X,0.3697409,0.6091906
7/7/7/1/5/6/5/7/2 3 3,Z,-2.20,0,BLOCK,Z,0.3853288,0.5734449
7/7/7/5/1/6/5/7/2 3 3,X,-2,0,BLOCK,X,0.9024799,0.7385224
7/7/7/5/5/4/5/7/2 3 3,Z,2,0,BLOCK,Z,0.6231886,0.8049771
7/7/7/5/5/6/1/7/2 3 3,X,-2,0,BLOCK,X,0.6239323,0.6944625
7/7/7/1/5/6/5/7/1 3 3,Z,-2.20,0,BLOCK,Z,0.5317191,0.6804194
7/7/7/5/1/6/5/7/1 3 3,X,-1.75,0,BLOCK,X,0.6613867,0.6684158
7/7/7/5/5/4/5/7/1 3 3,Z,2,0,BLOCK,Z,0.8106026,0.8208144
7/7/7/5/5/6/1/7/1 3 3,X,-1.5,0,BLOCK,X,0.4780096,0.5738801
7/7/7/1/5/6/3/2/7 3 3,Z,-2.20,2,BLOCK,Z,1.298436,0.8419331
7/7/7/5/1/6/3/2/7 3 3,X,-1.75,0,BLOCK,X,0.4045906,0.4678853
7/7/7/5/5/4/3/2/7 3 3,Z,2,2,BLOCK,Z,1.154816,0.7806529
7/7/7/1/5/6/3/6/6 3 3,Z,-2.4,0,BLOCK,Z,0.3841946,0.5192193
7/7/7/5/1/6/3/6/6 3 3,X,-2.0,2,BLOCK,X,1.014644,0.6548405
7/7/7/5/5/4/3/6/6 3 3,Z,1.6666666666666666666666666666,0,BLOCK,Z,0.6866447,0.7105461
7/7/7/5/5/6/3/4/6 3 3,Z,2,0,BLOCK,Z,0.2064526,0.3230453
7/7/7/1/5/6/3/6/5 3 3,Z,-2.4,0,BLOCK,Z,0.7076765,0.8011848
7/7/7/5/1/6/3/6/5 3 3,X,-1.75,2,BLOCK,X,0.9518154,0.5358413
7/7/7/5/5/4/3/6/5 3 3,Z,1.6666666666666666666666666666,0,BLOCK,Z,0.6694137,0.6267478
7/7/7/5/5/6/3/4/5 3 3,Z,2,0,BLOCK,Z,0.2854786,0.375042
7/7/7/1/5/6/3/6/3 3 3,Z,-2.4,2,BLOCK,Z,1.272402,0.7508527
7/7/7/5/1/6/3/6/3 3 3,X,-1.5,0,BLOCK,X,0.388478,0.4514457
7/7/7/5/5/4/3/6/3 3 3,Z,1.6666666666666666666666666666,2,BLOCK,Z,1.070117,0.705079
7/7/7/5/5/6/3/4/3 3 3,Z,2,0,BLOCK,Z,0.449115,0.5295565
7/7/7/1/5/6/3/5/6 3 3,Z,-2.20,0,BLOCK,Z,0.4651965,0.6196202
7/7/7/5/1/6/3/5/6 3 3,X,-2.0,0,BLOCK,X,0.3037308,0.5900542
7/7/7/5/5/4/3/5/6 3 3,Z,2,0,BLOCK,Z,0.6083126,0.7923098
7/7/7/5/5/6/3/1/6 3 3,Z,-2,2,BLOCK,Z,1.592781,1.054895
7/7/7/1/5/6/3/5/5 3 3,Z,-2.20,2,BLOCK,Z,1.315717,0.8281142
7/7/7/5/1/6/3/5/5 3 3,X,-1.75,0,BLOCK,X,0.4518326,0.4899583
7/7/7/5/5/4/3/5/5 3 3,Z,2,2,BLOCK,Z,1.17404,0.7306216
7/7/7/5/5/6/3/1/5 3 3,Z,-2,0,BLOCK,Z,0.3368693,0.3742244
7/7/7/1/5/6/3/5/3 3 3,Z,-2.20,0,BLOCK,Z,0.4309149,0.6179683
7/7/7/5/1/6/3/5/3 3 3,X,-1.5,2,BLOCK,X,0.9426532,0.5335896
7/7/7/5/5/4/3/5/3 3 3,Z,2,0,BLOCK,Z,0.7826721,0.75924
7/7/7/5/5/6/3/1/3 3 3,Z,-2,0,BLOCK,Z,0.4805439,0.5606571
7/7/7/1/5/6/3/3/6 3 3,Z,-2,0,BLOCK,Z,0.8197911,0.7193129
7/7/7/5/1/6/3/3/6 3 3,X,-2.0,2,BLOCK,X,1.058104,0.5848014
7/7/7/5/5/4/3/3/6 3 3,Z,2.3333333333333333333333333334,0,BLOCK,Z,0.5921069,0.6669505
7/7/7/1/5/6/3/3/5 3 3,Z,-2,0,BLOCK,Z,0.3006489,0.5218959
7/7/7/5/1/6/3/3/5 3 3,X,-1.75,0,BLOCK,X,0.6579576,0.5382805
7/7/7/5/5/4/3/3/5 3 3,Z,2.3333333333333333333333333334,2,BLOCK,Z,1.349465,0.8752875
7/7/7/1/5/6/3/3/3 3 3,Z,-2,0,BLOCK,Z,0.3883942,0.5840787
7/7/7/5/1/6/3/3/3 3 3,X,-1.5,2,BLOCK,X,0.9690532,0.5986788
7/7/7/5/5/4/3/3/3 3 3,Z,2.3333333333333333333333333334,0,BLOCK,Z,0.6273469,0.7021774
7/7/7/1/5/6/3/7/4 3 3,Z,-2.20,0,BLOCK,Z,0.3391158,0.5651377
7/7/7/5/1/6/3/7/4 3 3,X,-2.0,0,BLOCK,X,0.8072913,0.701422
7/7/7/5/5/4/3/7/4 3 3,Z,2,0,BLOCK,Z,0.8428707,0.8571775
7/7/7/1/5/6/3/7/2 3 3,Z,-2.20,2,BLOCK,Z,1.255562,0.8572673
7/7/7/5/1/6/3/7/2 3 3,X,-1.75,0,BLOCK,X,0.4470537,0.6574247
7/7/7/5/5/4/3/7/2 3 3,Z,2,0,BLOCK,Z,0.5961217,0.7683086
7/7/7/1/5/6/3/7/1 3 3,Z,-2.20,0,BLOCK,Z,0.3038245,0.4769767
7/7/7/5/1/6/3/7/1 3 3,X,-1.5,2,BLOCK,X,0.9584852,0.5775892
7/7/7/5/5/4/3/7/1 3 3,Z,2,0,BLOCK,Z,0.7878039,0.8867207
7/7/7/1/5/6/7/2/6 3 3,Z,-2.20,2,BLOCK,Z,1.239273,0.8480003
7/7/7/5/1/6/7/2/6 3 3,X,-2.25,0,BLOCK,X,0.8867595,0.6349958
7/7/7/5/5/4/7/2/6 3 3,Z,2,0,BLOCK,Z,0.3065077,0.4339678
7/7/7/1/5/6/7/2/5 3 3,Z,-2.20,0,BLOCK,Z,0.3636934,0.4644351
7/7/7/5/1/6/7/2/5 3 3,X,-2,0,BLOCK,X,0.9841858,0.66269
7/7/7/5/5/4/7/2/5 3 3,Z,2,2,BLOCK,Z,1.330083,0.8001741
7/7/7/1/5/6/7/2/3 3 3,Z,-2.20,0,BLOCK,Z,0.4447219,0.6451052
7/7/7/5/1/6/7/2/3 3 3,X,-1.75,2,BLOCK,X,1.014067,0.5803647
7/7/7/5/5/4/7/2/3 3 3,Z,2,0,BLOCK,Z,1.325806,0.8167408
7/7/7/1/5/6/7/6/4 3 3,Z,-2.4,2,BLOCK,Z,1.242905,0.8082815
7/7/7/5/1/6/7/6/4 3 3,X,-2.25,0,BLOCK,X,0.8678519,0.8195767
7/7/7/5/5/4/7/6/4 3 3,Z,1.6666666666666666666666666668,2,BLOCK,Z,1.151789,0.7139297
7/7/7/5/5/6/7/4/4 3 3,Z,2,0,BLOCK,Z,0.3244304,0.4632665
7/7/7/1/5/6/7/6/2 3 3,Z,-2.4,0,BLOCK,Z,0.4401764,0.5645149
7/7/7/5/1/6/7/6/2 3 3,X,-2,0,BLOCK,X,0.5970548,0.8056543
7/7/7/5/5/4/7/6/2 3 3,Z,1.6666666666666666666666666668,0,BLOCK,Z,0.4367856,0.5903976
7/7/7/5/5/6/7/4/2 3 3,Z,2,0,BLOCK,Z,0.2205936,0.3687364
7/7/7/1/5/6/7/6/1 3 3,Z,-2.4,0,BLOCK,Z,0.7505025,0.553867
7/7/7/5/1/6/7/6/1 3 3,X,-1.75,0,BLOCK,X,0.7447829,0.6280829
7/7/7/5/5/4/7/6/1 3 3,Z,1.6666666666666666666666666668,0,BLOCK,Z,0.5987706,0.6584746
7/7/7/5/5/6/7/4/1 3 3,Z,2,0,BLOCK,Z,0.3059796,0.392683
7/7/7/1/5/6/7/5/4 3 3,Z,-2.20,0,BLOCK,Z,0.2834294,0.5164061
7/7/7/5/1/6/7/5/4 3 3,X,-2.25,0,BLOCK,X,1.090154,0.7107943
7/7/7/5/5/4/7/5/4 3 3,Z,2,0,BLOCK,Z,0.6048374,0.6868944
7/7/7/5/5/6/7/1/4 3 3,Z,-2,0,BLOCK,Z,0.2480067,0.3424858
7/7/7/1/5/6/7/5/2 3 3,Z,-2.20,0,BLOCK,Z,0.7103091,0.6905057
7/7/7/5/1/6/7/5/2 3 3,X,-2,0,BLOCK,X,0.8999526,0.6934583
7/7/7/5/5/4/7/5/2 3 3,Z,2,0,BLOCK,Z,0.5742645,0.6862119
7/7/7/5/5/6/7/1/2 3 3,Z,-2,0,BLOCK,Z,0.1365761,0.224634
7/7/7/1/5/6/7/5/1 3 3,Z,-2.20,2,BLOCK,Z,1.208272,0.8001745
7/7/7/5/1/6/7/5/1 3 3,X,-1.75,0,BLOCK,X,0.7262296,0.7587801
7/7/7/5/5/4/7/5/1 3 3,Z,2,2,BLOCK,Z,1.217505,0.7867875
7/7/7/5/5/6/7/1/1 3 3,Z,-2,0,BLOCK,Z,0.1331519,0.2515533
7/7/7/1/5/6/7/3/4 3 3,Z,-2,2,BLOCK,Z,1.41917,0.9322717
7/7/7/5/1/6/7/3/4 3 3,X,-2.25,0,BLOCK,X,1.063326,0.8468975
7/7/7/5/5/4/7/3/4 3 3,Z,2.3333333333333333333333333332,0,BLOCK,Z,0.1365295,0.3091652
7/7/7/1/5/6/7/3/2 3 3,Z,-2,2,BLOCK,Z,1.290029,0.9248496
7/7/7/5/1/6/7/3/2 3 3,X,-2,0,BLOCK,X,0.4120748,0.6977369
7/7/7/5/5/4/7/3/2 3 3,Z,2.3333333333333333333333333332,0,BLOCK,Z,0.5995779,0.7286171
7/7/7/1/5/6/7/3/1 3 3,Z,-2,2,BLOCK,Z,1.319403,0.883806
7/7/7/5/1/6/7/3/1 3 3,X,-1.75,0,BLOCK,X,0.5660148,0.6282284
7/7/7/5/5/4/7/3/1 3 3,Z,2.3333333333333333333333333332,0,BLOCK,Z,0.5890534,0.8211861
7/7/7/1/5/5/2/6/7 3 3,Z,-2.20,2,BLOCK,Z,0.9690275,0.5948395
7/7/7/5/1/5/2/6/7 3 3,X,-2,0,BLOCK,X,0.3296418,0.5066338
7/7/7/5/5/1/2/6/7 3 3,Z,-2.3333333333333333333333333334,0,BLOCK,Z,0.5998292,0.7502747
7/7/7/5/5/5/2/4/7 3 3,Z,2,0,BLOCK,Z,0.1090054,0.1720509
7/7/7/1/5/5/2/5/7 3 3,Z,-2,2,BLOCK,Z,0.9324034,0.5333546
7/7/7/5/1/5/2/5/7 3 3,X,-2,0,BLOCK,X,0.4379939,0.5507129
7/7/7/5/5/1/2/5/7 3 3,Z,-2,0,BLOCK,Z,1.209113,0.752072
7/7/7/5/5/5/2/1/7 3 3,Z,-2,0,BLOCK,Z,0.03104541,0.1299324
7/7/7/1/5/5/2/3/7 3 3,Z,-1.80,0,BLOCK,Z,0.427912,0.50541
7/7/7/5/1/5/2/3/7 3 3,X,-2,0,BLOCK,X,0.4357991,0.5774227
7/7/7/5/5/1/2/3/7 3 3,Z,-1.6666666666666666666666666666,2,BLOCK,Z,1.138948,0.7392218
7/7/7/1/5/5/2/7/6 3 3,Z,-2,2,BLOCK,Z,0.9084734,0.5220608
7/7/7/5/1/5/2/7/6 3 3,X,-2.25,0,BLOCK,X,0.5420932,0.6771879
7/7/7/5/5/1/2/7/6 3 3,Z,-2,0,BLOCK,Z,0.9253814,0.7257079
7/7/7/1/5/5/2/7/5 3 3,Z,-2,2,BLOCK,Z,0.9338864,0.5754363
7/7/7/5/1/5/2/7/5 3 3,X,-2,0,BLOCK,X,0.2634224,0.5118114
7/7/7/5/5/1/2/7/5 3 3,Z,-2,0,BLOCK,Z,1.234862,0.7625218
7/7/7/1/5/5/2/7/3 3 3,Z,-2,2,BLOCK,Z,0.9442093,0.5968047
7/7/7/5/1/5/2/7/3 3 3,X,-1.75,0,BLOCK,X,0.5646155,0.7282122
7/7/7/5/5/1/2/7/3 3 3,Z,-2,0,BLOCK,Z,0.755255,0.8355388
7/7/7/1/5/5/6/2/7 3 3,Z,-2,0,BLOCK,Z,0.2865824,0.41132
7/7/7/5/1/5/6/2/7 3 3,X,-2.25,0,BLOCK,X,0.3451409,0.5783302
7/7/7/5/5/1/6/2/7 3 3,Z,-2,0,BLOCK,Z,0.225752,0.4342377
7/7/7/5/5/5/4/2/7 3 3,X,2,2,BLOCK,X,1.313945,0.7885044
7/7/7/1/5/5/6/6/6 3 3,Z,-2.20,0,BLOCK,Z,0.4369007,0.5735059
7/7/7/5/1/5/6/6/6 3 3,X,-2.5,0,BLOCK,X,0.3631913,0.4835027
7/7/7/5/5/1/6/6/6 3 3,Z,-2.3333333333333333333333333334,0,BLOCK,Z,0.5537314,0.6717075
7/7/7/5/5/5/4/6/6 3 3,X,1.5,0,BLOCK,X,0.6366106,0.6089031
7/7/7/5/5/5/6/4/6 3 3,Z,2,0,BLOCK,Z,0.198169,0.354982
7/7/7/1/5/5/6/6/5 3 3,Z,-2.20,0,BLOCK,Z,0.6024268,0.5752349
7/7/7/5/1/5/6/6/5 3 3,X,-2.25,0,BLOCK,X,0.6300129,0.8264592
7/7/7/5/5/1/6/6/5 3 3,Z,-2.3333333333333333333333333334,0,BLOCK,Z,0.1562433,0.3167318
7/7/7/5/5/5/4/6/5 3 3,X,2,0,BLOCK,X,0.7400338,0.6723173
7/7/7/5/5/5/6/4/5 3 3,Z,2,0,BLOCK,Z,1.601356,1.017896
7/7/7/1/5/5/6/6/3 3 3,Z,-2.20,0,BLOCK,Z,0.6860809,0.6140027
7/7/7/5/1/5/6/6/3 3 3,X,-2.0,0,BLOCK,X,0.6576628,0.8164003
7/7/7/5/5/1/6/6/3 3 3,Z,-2.3333333333333333333333333334,0,BLOCK,Z,0.0973186,0.4201242
7/7/7/5/5/5/4/6/3 3 3,X,2.5,2,BLOCK,X,1.640255,0.9642527
7/7/7/5/5/5/6/4/3 3 3,Z,2,0,BLOCK,Z,1.669497,1.074029
7/7/7/1/5/5/6/5/6 3 3,Z,-2,0,BLOCK,Z,0.7354285,0.5362657
7/7/7/5/1/5/6/5/6 3 3,X,-2.5,0,BLOCK,X,0.6759138,0.7337053
7/7/7/5/5/1/6/5/6 3 3,Z,-2,0,BLOCK,Z,0.7135831,0.7342473
7/7/7/5/5/5/4/5/6 3 3,X,1.5,0,BLOCK,X,0.4112782,0.5743523
7/7/7/5/5/5/6/1/6 3 3,Z,-2,2,BLOCK,Z,1.639133,0.9845805
7/7/7/1/5/5/6/5/5 3 3,Z,-2,2,BLOCK,Z,0.9451849,0.5690533
7/7/7/5/1/5/6/5/5 3 3,X,-2.25,0,BLOCK,X,0.4560235,0.6672319
7/7/7/5/5/1/6/5/5 3 3,Z,-2,2,BLOCK,Z,1.152919,0.7539266
7/7/7/5/5/5/4/5/5 3 3,X,2,0,BLOCK,X,0.3703645,0.6013193
7/7/7/5/5/5/6/1/5 3 3,Z,-2,0,BLOCK,Z,0.1479559,0.2764454
7/7/7/1/5/5/6/5/3 3 3,Z,-2,2,BLOCK,Z,0.9589896,0.5712413
7/7/7/5/1/5/6/5/3 3 3,X,-2.0,0,BLOCK,X,0.3813713,0.6968332
7/7/7/5/5/1/6/5/3 3 3,Z,-2,0,BLOCK,Z,0.5408615,0.6631822
7/7/7/5/5/5/4/5/3 3 3,X,2.5,0,BLOCK,X,0.4655274,0.7547508
7/7/7/5/5/5/6/1/3 3 3,Z,-2,0,BLOCK,Z,0.04747289,0.1964882
7/7/7/1/5/5/6/3/6 3 3,Z,-1.80,2,BLOCK,Z,0.8752785,0.5614594
7/7/7/5/1/5/6/3/6 3 3,X,-2.5,0,BLOCK,X,0.4771717,0.6781189
7/7/7/5/5/1/6/3/6 3 3,Z,-1.6666666666666666666666666666,0,BLOCK,Z,0.4131747,0.6278868
7/7/7/5/5/5/4/3/6 3 3,X,1.5,0,BLOCK,X,0.6065254,0.6442487
7/7/7/1/5/5/6/3/5 3 3,Z,-1.80,2,BLOCK,Z,0.911487,0.5139802
7/7/7/5/1/5/6/3/5 3 3,X,-2.25,0,BLOCK,X,0.3679564,0.6028673
7/7/7/5/5/1/6/3/5 3 3,Z,-1.6666666666666666666666666666,0,BLOCK,Z,0.7058942,0.6803537
7/7/7/5/5/5/4/3/5 3 3,X,2,0,BLOCK,X,0.5501143,0.6819381
7/7/7/1/5/5/6/3/3 3 3,Z,-1.80,2,BLOCK,Z,0.862831,0.5304415
7/7/7/5/1/5/6/3/3 3 3,X,-2.0,0,BLOCK,X,0.4976586,0.7650491
7/7/7/5/5/1/6/3/3 3 3,Z,-1.6666666666666666666666666666,2,BLOCK,Z,1.067611,0.7187526
7/7/7/5/5/5/4/3/3 3 3,X,2.5,0,BLOCK,X,0.8454354,0.975398
7/7/7/1/5/5/6/7/4 3 3,Z,-2,0,BLOCK,Z,0.5250329,0.4259011
7/7/7/5/1/5/6/7/4 3 3,X,-2.5,0,BLOCK,X,0.3919896,0.6691055
7/7/7/5/5/1/6/7/4 3 3,Z,-2,2,BLOCK,Z,1.244365,0.8376948
7/7/7/5/5/5/4/7/4 3 3,X,1.5,0,BLOCK,X,0.4632114,0.4848379
7/7/7/1/5/5/6/7/2 3 3,Z,-2,0,BLOCK,Z,0.5026205,0.5019813
7/7/7/5/1/5/6/7/2 3 3,X,-2.25,0,BLOCK,X,0.4362887,0.6646994
7/7/7/5/5/1/6/7/2 3 3,Z,-2,0,BLOCK,Z,0.8254462,0.8126249
7/7/7/5/5/5/4/7/2 3 3,X,2,2,BLOCK,X,1.578688,0.9439096
7/7/7/1/5/5/6/7/1 3 3,Z,-2,2,BLOCK,Z,1.001422,0.5570642
7/7/7/5/1/5/6/7/1 3 3,X,-2.0,0,BLOCK,X,0.52715,0.7872124
7/7/7/5/5/1/6/7/1 3 3,Z,-2,0,BLOCK,Z,0.587742,0.834648
7/7/7/5/5/5/4/7/1 3 3,X,2.5,0,BLOCK,X,1.698522,1.112274
7/7/7/1/5/5/5/2/7 3 3,Z,-2,0,BLOCK,Z,0.6129947,0.5581465
7/7/7/5/1/5/5/2/7 3 3,X,-2,0,BLOCK,X,0.6285861,0.6135286
7/7/7/5/5/1/5/2/7 3 3,Z,-2,2,BLOCK,Z,1.133613,0.7153499
7/7/7/5/5/5/1/2/7 3 3,X,-2,0,BLOCK,X,0.5447488,0.751357
7/7/7/1/5/5/5/6/6 3 3,Z,-2.20,0,BLOCK,Z,0.5702125,0.5362948
7/7/7/5/1/5/5/6/6 3 3,X,-2.25,0,BLOCK,X,0.4296947,0.6432172
7/7/7/5/5/1/5/6/6 3 3,Z,-2.3333333333333333333333333334,0,BLOCK,Z,0.3604478,0.6749218
7/7/7/5/5/5/1/6/6 3 3,X,-2.5,0,BLOCK,X,0.587168,0.7107928
7/7/7/5/5/5/5/4/6 3 3,Z,2,2,BLOCK,Z,1.710137,1.030034
7/7/7/1/5/5/5/6/5 3 3,Z,-2.20,0,BLOCK,Z,0.5392417,0.5182278
7/7/7/5/1/5/5/6/5 3 3,X,-2,0,BLOCK,X,0.5068337,0.6874114
7/7/7/5/5/1/5/6/5 3 3,Z,-2.3333333333333333333333333334,2,BLOCK,Z,1.38864,0.8593365
7/7/7/5/5/5/1/6/5 3 3,X,-2,0,BLOCK,X,1.008206,0.7466533
7/7/7/5/5/5/5/4/5 3 3,Z,2,0,BLOCK,Z,0.173186,0.3474215
7/7/7/1/5/5/5/6/3 3 3,Z,-2.20,0,BLOCK,Z,0.4553463,0.4967496
7/7/7/5/1/5/5/6/3 3 3,X,-1.75,0,BLOCK,X,0.5850087,0.5686488
7/7/7/5/5/1/5/6/3 3 3,Z,-2.3333333333333333333333333334,0,BLOCK,Z,0.3431191,0.6648795
7/7/7/5/5/5/1/6/3 3 3,X,-1.5,0,BLOCK,X,0.6607928,0.6473522
7/7/7/5/5/5/5/4/3 3 3,Z,2,0,BLOCK,Z,1.720331,1.066537
7/7/7/1/5/5/5/5/6 3 3,Z,-2,0,BLOCK,Z,0.6002002,0.5775715
7/7/7/5/1/5/5/5/6 3 3,X,-2.25,2,BLOCK,X,1.086998,0.7899238
7/7/7/5/5/1/5/5/6 3 3,Z,-2,0,BLOCK,Z,0.5806058,0.7352009
7/7/7/5/5/5/1/5/6 3 3,X,-2.5,0,BLOCK,X,0.4781357,0.7774195
7/7/7/5/5/5/5/1/6 3 3,Z,-2,0,BLOCK,Z,1.649271,0.9916567
7/7/7/1/5/5/5/5/5 3 3,Z,-2,0,BLOCK,Z,0.6845834,0.6142401
7/7/7/5/1/5/5/5/5 3 3,X,-2,2,BLOCK,X,1.031638,0.6239674
7/7/7/5/5/1/5/5/5 3 3,Z,-2,0,BLOCK,Z,0.5797747,0.7670612
7/7/7/5/5/5/1/5/5 3 3,X,-2,0,BLOCK,X,0.3794041,0.6106709
7/7/7/5/5/5/5/1/5 3 3,Z,-2,0,BLOCK,Z,0.1728163,0.3587128
7/7/7/1/5/5/5/5/3 3 3,Z,-2,0,BLOCK,Z,0.3238586,0.4640989
7/7/7/5/1/5/5/5/3 3 3,X,-1.75,0,BLOCK,X,0.54188,0.5996042
7/7/7/5/5/1/5/5/3 3 3,Z,-2,0,BLOCK,Z,0.6069776,0.7349586
7/7/7/5/5/5/1/5/3 3 3,X,-1.5,2,BLOCK,X,1.207864,0.7100026
7/7/7/5/5/5/5/1/3 3 3,Z,-2,0,BLOCK,Z,1.649653,1.046307
7/7/7/1/5/5/5/3/6 3 3,Z,-1.80,2,BLOCK,Z,0.8710223,0.5305865
7/7/7/5/1/5/5/3/6 3 3,X,-2.25,0,BLOCK,X,0.5110154,0.7666905
7/7/7/5/5/1/5/3/6 3 3,Z,-1.6666666666666666666666666666,0,BLOCK,Z,0.6662278,0.6804145
7/7/7/5/5/5/1/3/6 3 3,X,-2.5,0,BLOCK,X,0.4847493,0.7849965
7/7/7/1/5/5/5/3/5 3 3,Z,-1.80,2,BLOCK,Z,0.8751909,0.5346719
7/7/7/5/1/5/5/3/5 3 3,X,-2,0,BLOCK,X,0.7165039,0.5854146
7/7/7/5/5/1/5/3/5 3 3,Z,-1.6666666666666666666666666666,0,BLOCK,Z,0.44562,0.6229064
7/7/7/5/5/5/1/3/5 3 3,X,-2,0,BLOCK,X,1.20009,0.8656504
7/7/7/1/5/5/5/3/3 3 3,Z,-1.80,2,BLOCK,Z,0.9117733,0.4982842
7/7/7/5/1/5/5/3/3 3 3,X,-1.75,0,BLOCK,X,0.6118888,0.6176304
7/7/7/5/5/1/5/3/3 3 3,Z,-1.6666666666666666666666666666,0,BLOCK,Z,0.4027381,0.6226293
7/7/7/5/5/5/1/3/3 3 3,X,-1.5,2,BLOCK,X,1.200786,0.7163405
7/7/7/1/5/5/5/7/4 3 3,Z,-2,0,BLOCK,Z,0.298877,0.4142075
7/7/7/5/1/5/5/7/4 3 3,X,-2.25,0,BLOCK,X,0.761766,0.7995619
7/7/7/5/5/1/5/7/4 3 3,Z,-2,0,BLOCK,Z,0.4556525,0.777941
7/7/7/5/5/5/1/7/4 3 3,X,-2.5,0,BLOCK,X,0.4569888,0.5650381
7/7/7/1/5/5/5/7/2 3 3,Z,-2,0,BLOCK,Z,0.738047,0.6018241
7/7/7/5/1/5/5/7/2 3 3,X,-2,0,BLOCK,X,0.4513173,0.7515668
7/7/7/5/5/1/5/7/2 3 3,Z,-2,0,BLOCK,Z,0.6076285,0.8011427
7/7/7/5/5/5/1/7/2 3 3,X,-2,0,BLOCK,X,0.4465551,0.7382943
7/7/7/1/5/5/5/7/1 3 3,Z,-2,0,BLOCK,Z,0.5144868,0.4703717
7/7/7/5/1/5/5/7/1 3 3,X,-1.75,0,BLOCK,X,0.5934459,0.6550714
7/7/7/5/5/1/5/7/1 3 3,Z,-2,0,BLOCK,Z,0.6014699,0.8201571
7/7/7/5/5/5/1/7/1 3 3,X,-1.5,0,BLOCK,X,0.3774438,0.4080807
7/7/7/1/5/5/3/2/7 3 3,Z,-2,0,BLOCK,Z,0.4325368,0.411131
7/7/7/5/1/5/3/2/7 3 3,X,-1.75,0,BLOCK,X,0.2740463,0.4615825
7/7/7/5/5/1/3/2/7 3 3,Z,-2,0,BLOCK,Z,0.475576,0.5352927
7/7/7/1/5/5/3/6/6 3 3,Z,-2.20,0,BLOCK,Z,0.348135,0.4385372
7/7/7/5/1/5/3/6/6 3 3,X,-2.0,0,BLOCK,X,0.6392966,0.6239566
7/7/7/5/5/1/3/6/6 3 3,Z,-2.3333333333333333333333333334,0,BLOCK,Z,0.3579034,0.6778079
7/7/7/5/5/5/3/4/6 3 3,Z,2,2,BLOCK,Z,1.60986,0.9698905
7/7/7/1/5/5/3/6/5 3 3,Z,-2.20,0,BLOCK,Z,0.5547708,0.5431136
7/7/7/5/1/5/3/6/5 3 3,X,-1.75,0,BLOCK,X,0.5621073,0.5952747
7/7/7/5/5/1/3/6/5 3 3,Z,-2.3333333333333333333333333334,2,BLOCK,Z,1.416956,0.9073461
7/7/7/5/5/5/3/4/5 3 3,Z,2,0,BLOCK,Z,0.1522989,0.2340686
7/7/7/1/5/5/3/6/3 3 3,Z,-2.20,0,BLOCK,Z,0.3450365,0.414342
7/7/7/5/1/5/3/6/3 3 3,X,-1.5,0,BLOCK,X,0.2775258,0.4646308
7/7/7/5/5/1/3/6/3 3 3,Z,-2.3333333333333333333333333334,2,BLOCK,Z,1.442094,0.8402605
7/7/7/5/5/5/3/4/3 3 3,Z,2,0,BLOCK,Z,0.222968,0.3981265
7/7/7/1/5/5/3/5/6 3 3,Z,-2,2,BLOCK,Z,0.9601635,0.6157139
7/7/7/5/1/5/3/5/6 3 3,X,-2.0,0,BLOCK,X,0.6883703,0.6857368
7/7/7/5/5/1/3/5/6 3 3,Z,-2,2,BLOCK,Z,1.132039,0.7211997
7/7/7/5/5/5/3/1/6 3 3,Z,-2,0,BLOCK,Z,0.07507202,0.2278308
7/7/7/1/5/5/3/5/5 3 3,Z,-2,0,BLOCK,Z,0.6925412,0.5193191
7/7/7/5/1/5/3/5/5 3 3,X,-1.75,0,BLOCK,X,0.463978,0.5576149
7/7/7/5/5/1/3/5/5 3 3,Z,-2,0,BLOCK,Z,1.036063,0.7707969
7/7/7/5/5/5/3/1/5 3 3,Z,-2,0,BLOCK,Z,0.1728128,0.2536962
7/7/7/1/5/5/3/5/3 3 3,Z,-2,0,BLOCK,Z,0.4569057,0.5490093
7/7/7/5/1/5/3/5/3 3 3,X,-1.5,0,BLOCK,X,0.2908605,0.3721017
7/7/7/5/5/1/3/5/3 3 3,Z,-2,0,BLOCK,Z,0.7526345,0.7267392
7/7/7/5/5/5/3/1/3 3 3,Z,-2,0,BLOCK,Z,0.1530557,0.278901
7/7/7/1/5/5/3/3/6 3 3,Z,-1.80,0,BLOCK,Z,0.6981971,0.6283746
7/7/7/5/1/5/3/3/6 3 3,X,-2.0,0,BLOCK,X,0.3444194,0.6163551
7/7/7/5/5/1/3/3/6 3 3,Z,-1.6666666666666666666666666666,0,BLOCK,Z,0.5930617,0.6749083
7/7/7/1/5/5/3/3/5 3 3,Z,-1.80,0,BLOCK,Z,0.5773098,0.5526525
7/7/7/5/1/5/3/3/5 3 3,X,-1.75,0,BLOCK,X,0.4545057,0.5162718
7/7/7/5/5/1/3/3/5 3 3,Z,-1.6666666666666666666666666666,2,BLOCK,Z,1.116571,0.6890532
7/7/7/1/5/5/3/3/3 3 3,Z,-1.80,0,BLOCK,Z,0.5271354,0.5122746
7/7/7/5/1/5/3/3/3 3 3,X,-1.5,2,BLOCK,X,0.9348545,0.5661831
7/7/7/5/5/1/3/3/3 3 3,Z,-1.6666666666666666666666666666,0,BLOCK,Z,0.4241977,0.6143565
7/7/7/1/5/5/3/7/4 3 3,Z,-2,0,BLOCK,Z,0.7291263,0.5759892
7/7/7/5/1/5/3/7/4 3 3,X,-2.0,0,BLOCK,X,0.5537559,0.6870667
7/7/7/5/5/1/3/7/4 3 3,Z,-2,0,BLOCK,Z,0.7988626,0.8249758
7/7/7/1/5/5/3/7/2 3 3,Z,-2,0,BLOCK,Z,0.4288888,0.4874588
7/7/7/5/1/5/3/7/2 3 3,X,-1.75,2,BLOCK,X,1.025451,0.6334631
7/7/7/5/5/1/3/7/2 3 3,Z,-2,0,BLOCK,Z,0.8799844,0.8246125
7/7/7/1/5/5/3/7/1 3 3,Z,-2,0,BLOCK,Z,0.4137762,0.4584225
7/7/7/5/1/5/3/7/1 3 3,X,-1.5,2,BLOCK,X,0.9732353,0.6112635
7/7/7/5/5/1/3/7/1 3 3,Z,-2,0,BLOCK,Z,0.7504204,0.841253
7/7/7/1/5/5/7/2/6 3 3,Z,-2,0,BLOCK,Z,0.3391733,0.461195
7/7/7/5/1/5/7/2/6 3 3,X,-2.25,0,BLOCK,X,0.6282262,0.7819654
7/7/7/5/5/1/7/2/6 3 3,Z,-2,0,BLOCK,Z,1.126476,0.8524732
7/7/7/1/5/5/7/2/5 3 3,Z,-2,2,BLOCK,Z,0.9854247,0.5837526
7/7/7/5/1/5/7/2/5 3 3,X,-2,0,BLOCK,X,0.6296721,0.7282007
7/7/7/5/5/1/7/2/5 3 3,Z,-2,2,BLOCK,Z,1.304589,0.8424206
7/7/7/1/5/5/7/2/3 3 3,Z,-2,0,BLOCK,Z,0.3687937,0.4756916
7/7/7/5/1/5/7/2/3 3 3,X,-1.75,0,BLOCK,X,0.6124434,0.6296654
7/7/7/5/5/1/7/2/3 3 3,Z,-2,0,BLOCK,Z,0.225205,0.3570024
7/7/7/1/5/5/7/6/4 3 3,Z,-2.20,0,BLOCK,Z,0.4212725,0.5443234
7/7/7/5/1/5/7/6/4 3 3,X,-2.25,0,BLOCK,X,0.6657493,0.8030427
7/7/7/5/5/1/7/6/4 3 3,Z,-2.3333333333333333333333333332,0,BLOCK,Z,0.6011472,0.7552349
7/7/7/5/5/5/7/4/4 3 3,Z,2,0,BLOCK,Z,0.1658425,0.2670711
7/7/7/1/5/5/7/6/2 3 3,Z,-2.20,2,BLOCK,Z,1.071786,0.58955
7/7/7/5/1/5/7/6/2 3 3,X,-2,0,BLOCK,X,0.4953732,0.7510937
7/7/7/5/5/1/7/6/2 3 3,Z,-2.3333333333333333333333333332,0,BLOCK,Z,0.9470183,0.8002855
7/7/7/5/5/5/7/4/2 3 3,Z,2,0,BLOCK,Z,0.1562318,0.2648934
7/7/7/1/5/5/7/6/1 3 3,Z,-2.20,0,BLOCK,Z,0.6858615,0.565135
7/7/7/5/1/5/7/6/1 3 3,X,-1.75,2,BLOCK,X,1.003681,0.7085831
7/7/7/5/5/1/7/6/1 3 3,Z,-2.3333333333333333333333333332,0,BLOCK,Z,0.4184166,0.6989012
7/7/7/5/5/5/7/4/1 3 3,Z,2,0,BLOCK,Z,0.1807351,0.3017745
7/7/7/1/5/5/7/5/4 3 3,Z,-2,2,BLOCK,Z,0.9936215,0.6089275
7/7/7/5/1/5/7/5/4 3 3,X,-2.25,0,BLOCK,X,0.7249619,0.7855031
7/7/7/5/5/1/7/5/4 3 3,Z,-2,0,BLOCK,Z,0.8010803,0.8000933
7/7/7/5/5/5/7/1/4 3 3,Z,-2,0,BLOCK,Z,0.1501527,0.2744002
7/7/7/1/5/5/7/5/2 3 3,Z,-2,0,BLOCK,Z,0.6343195,0.6350902
7/7/7/5/1/5/7/5/2 3 3,X,-2,2,BLOCK,X,1.08493,0.754687
7/7/7/5/5/1/7/5/2 3 3,Z,-2,0,BLOCK,Z,0.5141885,0.7185397
7/7/7/5/5/5/7/1/2 3 3,Z,-2,0,BLOCK,Z,0.1136357,0.2185564
7/7/7/1/5/5/7/5/1 3 3,Z,-2,0,BLOCK,Z,0.4418868,0.529879
7/7/7/5/1/5/7/5/1 3 3,X,-1.75,0,BLOCK,X,0.8459318,0.5592543
7/7/7/5/5/1/7/5/1 3 3,Z,-2,0,BLOCK,Z,0.6550347,0.7263988
7/7/7/5/5/5/7/1/1 3 3,Z,-2,0,BLOCK,Z,0.1501972,0.2581077
7/7/7/1/5/5/7/3/4 3 3,Z,-1.80,0,BLOCK,Z,0.7720124,0.5002874
7/7/7/5/1/5/7/3/4 3 3,X,-2.25,2,BLOCK,X,1.17035,0.8375028
7/7/7/5/5/1/7/3/4 3 3,Z,-1.6666666666666666666666666668,0,BLOCK,Z,0.5608466,0.6955051
7/7/7/1/5/5/7/3/2 3 3,Z,-1.80,0,BLOCK,Z,0.7627689,0.6167932
7/7/7/5/1/5/7/3/2 3 3,X,-2,2,BLOCK,X,1.100336,0.6874033
7/7/7/5/5/1/7/3/2 3 3,Z,-1.6666666666666666666666666668,0,BLOCK,Z,0.4847832,0.63964
7/7/7/1/5/5/7/3/1 3 3,Z,-1.80,0,BLOCK,Z,0.6317897,0.4987295
7/7/7/5/1/5/7/3/1 3 3,X,-1.75,0,BLOCK,X,0.6434715,0.625163
7/7/7/5/5/1/7/3/1 3 3,Z,-1.6666666666666666666666666668,0,BLOCK,Z,0.5346486,0.5983053
7/7/7/1/5/3/2/6/7 3 3,Z,-2,0,BLOCK,Z,0.3877123,0.4449363
7/7/7/5/1/3/2/6/7 3 3,X,-2,2,BLOCK,X,1.114779,0.6903655
7/7/7/5/5/3/2/4/7 3 3,Z,2,0,BLOCK,Z,1.514509,1.024605
7/7/7/1/5/3/2/5/7 3 3,Z,-1.80,2,BLOCK,Z,0.816016,0.5305674
7/7/7/5/1/3/2/5/7 3 3,X,-2,0,BLOCK,X,0.3608952,0.4372985
7/7/7/5/5/3/2/1/7 3 3,Z,-2,0,BLOCK,Z,1.0378,0.6909023
7/7/7/1/5/3/2/3/7 3 3,Z,-1.6,2,BLOCK,Z,0.8201914,0.5385022
7/7/7/5/1/3/2/3/7 3 3,X,-2,0,BLOCK,X,0.3484667,0.4754142
7/7/7/1/5/3/2/7/6 3 3,Z,-1.80,0,BLOCK,Z,0.538213,0.4270363
7/7/7/5/1/3/2/7/6 3 3,X,-2.25,0,BLOCK,X,0.09784193,0.3162085
7/7/7/1/5/3/2/7/5 3 3,Z,-1.80,0,BLOCK,Z,0.2990735,0.3761521
7/7/7/5/1/3/2/7/5 3 3,X,-2,0,BLOCK,X,0.2330235,0.3868018
7/7/7/1/5/3/2/7/3 3 3,Z,-1.80,2,BLOCK,Z,0.9135905,0.5695349
7/7/7/5/1/3/2/7/3 3 3,X,-1.75,0,BLOCK,X,0.2156248,0.3890916
7/7/7/1/5/3/6/2/7 3 3,Z,-1.80,0,BLOCK,Z,0.3154926,0.4221357
7/7/7/5/1/3/6/2/7 3 3,X,-2.25,0,BLOCK,X,1.381717,0.9034957
7/7/7/5/5/3/4/2/7 3 3,X,2,0,BLOCK,X,0.4503013,0.6762948
7/7/7/1/5/3/6/6/6 3 3,Z,-2,0,BLOCK,Z,0.451934,0.5610427
7/7/7/5/1/3/6/6/6 3 3,X,-2.5,0,BLOCK,X,0.2788143,0.5561784
7/7/7/5/5/3/4/6/6 3 3,X,1.5,2,BLOCK,X,1.182864,0.7166792
7/7/7/5/5/3/6/4/6 3 3,Z,2,0,BLOCK,Z,0.5824665,0.5572315
7/7/7/1/5/3/6/6/5 3 3,Z,-2,2,BLOCK,Z,0.9540892,0.5863575
7/7/7/5/1/3/6/6/5 3 3,X,-2.25,0,BLOCK,X,0.592439,0.7182316
7/7/7/5/5/3/4/6/5 3 3,X,2,2,BLOCK,X,1.323979,0.7677151
7/7/7/5/5/3/6/4/5 3 3,Z,2,0,BLOCK,Z,1.620785,1.014845
7/7/7/1/5/3/6/6/3 3 3,Z,-2,0,BLOCK,Z,0.2755869,0.4469722
7/7/7/5/1/3/6/6/3 3 3,X,-2.0,0,BLOCK,X,1.342841,0.8943557
7/7/7/5/5/3/4/6/3 3 3,X,2.5,0,BLOCK,X,0.4962184,0.7233782
7/7/7/5/5/3/6/4/3 3 3,Z,2,0,BLOCK,Z,0.5241691,0.5989261
7/7/7/1/5/3/6/5/6 3 3,Z,-1.80,2,BLOCK,Z,0.9394864,0.5250595
7/7/7/5/1/3/6/5/6 3 3,X,-2.5,0,BLOCK,X,0.3295732,0.5505359
7/7/7/5/5/3/4/5/6 3 3,X,1.5,0,BLOCK,X,0.484282,0.6023107
7/7/7/5/5/3/6/1/6 3 3,Z,-2,0,BLOCK,Z,0.3201537,0.4664916
7/7/7/1/5/3/6/5/5 3 3,Z,-1.80,0,BLOCK,Z,0.3199898,0.4323937
7/7/7/5/1/3/6/5/5 3 3,X,-2.25,0,BLOCK,X,1.140356,0.8255209
7/7/7/5/5/3/4/5/5 3 3,X,2,0,BLOCK,X,0.5285854,0.6129404
7/7/7/5/5/3/6/1/5 3 3,Z,-2,0,BLOCK,Z,0.2838498,0.3933228
7/7/7/1/5/3/6/5/3 3 3,Z,-1.80,0,BLOCK,Z,0.6097848,0.5544506
7/7/7/5/1/3/6/5/3 3 3,X,-2.0,2,BLOCK,X,1.324371,0.7915009
7/7/7/5/5/3/4/5/3 3 3,X,2.5,0,BLOCK,X,0.8222376,0.7381659
7/7/7/5/5/3/6/1/3 3 3,Z,-2,0,BLOCK,Z,0.2004392,0.3450065
7/7/7/1/5/3/6/3/6 3 3,Z,-1.6,0,BLOCK,Z,0.4883224,0.5214912
7/7/7/5/1/3/6/3/6 3 3,X,-2.5,0,BLOCK,X,0.4478274,0.5492491
7/7/7/5/5/3/4/3/6 3 3,X,1.5,0,BLOCK,X,0.5481985,0.682121
7/7/7/1/5/3/6/3/5 3 3,Z,-1.6,0,BLOCK,Z,0.3013615,0.5065541
7/7/7/5/1/3/6/3/5 3 3,X,-2.25,0,BLOCK,X,0.3537549,0.5458227
7/7/7/5/5/3/4/3/5 3 3,X,2,2,BLOCK,X,1.374147,0.8080188
7/7/7/1/5/3/6/3/3 3 3,Z,-1.6,0,BLOCK,Z,0.4150867,0.3697053
7/7/7/5/1/3/6/3/3 3 3,X,-2.0,0,BLOCK,X,1.260603,0.9751884
7/7/7/5/5/3/4/3/3 3 3,X,2.5,2,BLOCK,X,1.640973,0.9411411
7/7/7/1/5/3/6/7/4 3 3,Z,-1.80,0,BLOCK,Z,0.603973,0.418044
7/7/7/5/1/3/6/7/4 3 3,X,-2.5,2,BLOCK,X,1.249697,0.7500847
7/7/7/5/5/3/4/7/4 3 3,X,1.5,0,BLOCK,X,0.1925072,0.2945558
7/7/7/1/5/3/6/7/2 3 3,Z,-1.80,2,BLOCK,Z,0.9389445,0.5936822
7/7/7/5/1/3/6/7/2 3 3,X,-2.25,0,BLOCK,X,0.7558468,0.7192036
7/7/7/5/5/3/4/7/2 3 3,X,2,0,BLOCK,X,0.594519,0.7552933
7/7/7/1/5/3/6/7/1 3 3,Z,-1.80,0,BLOCK,Z,0.2837739,0.3986704
7/7/7/5/1/3/6/7/1 3 3,X,-2.0,0,BLOCK,X,0.3800093,0.5288424
7/7/7/5/5/3/4/7/1 3 3,X,2.5,0,BLOCK,X,0.4452118,0.6260931
7/7/7/1/5/3/5/2/7 3 3,Z,-1.80,0,BLOCK,Z,0.2913618,0.4524156
7/7/7/5/1/3/5/2/7 3 3,X,-2,0,BLOCK,X,0.6103636,0.6293834
7/7/7/5/5/3/1/2/7 3 3,X,-2,0,BLOCK,X,0.5451292,0.7698173
7/7/7/1/5/3/5/6/6 3 3,Z,-2,2,BLOCK,Z,0.989089,0.5830063
7/7/7/5/1/3/5/6/6 3 3,X,-2.25,0,BLOCK,X,0.771412,0.6933342
7/7/7/5/5/3/1/6/6 3 3,X,-2.5,0,BLOCK,X,1.524835,1.08209
7/7/7/5/5/3/5/4/6 3 3,Z,2,0,BLOCK,Z,1.558759,1.010562
7/7/7/1/5/3/5/6/5 3 3,Z,-2,2,BLOCK,Z,0.9591071,0.5753283
7/7/7/5/1/3/5/6/5 3 3,X,-2,0,BLOCK,X,0.9447297,0.7234389
7/7/7/5/5/3/1/6/5 3 3,X,-2,0,BLOCK,X,1.429624,0.8708763
7/7/7/5/5/3/5/4/5 3 3,Z,2,0,BLOCK,Z,0.4862429,0.5455433
7/7/7/1/5/3/5/6/3 3 3,Z,-2,0,BLOCK,Z,0.5016742,0.4790965
7/7/7/5/1/3/5/6/3 3 3,X,-1.75,0,BLOCK,X,0.6586441,0.6070045
7/7/7/5/5/3/1/6/3 3 3,X,-1.5,0,BLOCK,X,0.3862422,0.5000167
7/7/7/5/5/3/5/4/3 3 3,Z,2,0,BLOCK,Z,1.564638,0.9613619
7/7/7/1/5/3/5/5/6 3 3,Z,-1.80,2,BLOCK,Z,0.8927043,0.5361997
7/7/7/5/1/3/5/5/6 3 3,X,-2.25,0,BLOCK,X,0.6746589,0.7496878
7/7/7/5/5/3/1/5/6 3 3,X,-2.5,0,BLOCK,X,0.592411,0.655843
7/7/7/5/5/3/5/1/6 3 3,Z,-2,0,BLOCK,Z,1.699191,1.08522
7/7/7/1/5/3/5/5/5 3 3,Z,-1.80,2,BLOCK,Z,0.920019,0.5416563
7/7/7/5/1/3/5/5/5 3 3,X,-2,0,BLOCK,X,0.7871411,0.666236
7/7/7/5/5/3/1/5/5 3 3,X,-2,2,BLOCK,X,1.364541,0.8051848
7/7/7/5/5/3/5/1/5 3 3,Z,-2,0,BLOCK,Z,0.4502211,0.5879394
7/7/7/1/5/3/5/5/3 3 3,Z,-1.80,0,BLOCK,Z,0.3824087,0.5040718
7/7/7/5/1/3/5/5/3 3 3,X,-1.75,2,BLOCK,X,1.013248,0.5755699
7/7/7/5/5/3/1/5/3 3 3,X,-1.5,0,BLOCK,X,0.598938,0.5607161
7/7/7/5/5/3/5/1/3 3 3,Z,-2,0,BLOCK,Z,1.712115,1.067923
7/7/7/1/5/3/5/3/6 3 3,Z,-1.6,2,BLOCK,Z,0.8398708,0.5355368
7/7/7/5/1/3/5/3/6 3 3,X,-2.25,0,BLOCK,X,0.4140606,0.6419672
7/7/7/5/5/3/1/3/6 3 3,X,-2.5,0,BLOCK,X,0.4367393,0.7361577
7/7/7/1/5/3/5/3/5 3 3,Z,-1.6,0,BLOCK,Z,0.4820184,0.49181
7/7/7/5/1/3/5/3/5 3 3,X,-2,0,BLOCK,X,0.7992644,0.6139227
7/7/7/5/5/3/1/3/5 3 3,X,-2,2,BLOCK,X,1.300624,0.7908566
7/7/7/1/5/3/5/3/3 3 3,Z,-1.6,2,BLOCK,Z,0.8345305,0.4876736
7/7/7/5/1/3/5/3/3 3 3,X,-1.75,0,BLOCK,X,0.7706935,0.6024832
7/7/7/5/5/3/1/3/3 3 3,X,-1.5,0,BLOCK,X,0.380322,0.5005922
7/7/7/1/5/3/5/7/4 3 3,Z,-1.80,2,BLOCK,Z,0.9864444,0.5085654
7/7/7/5/1/3/5/7/4 3 3,X,-2.25,0,BLOCK,X,0.4138588,0.6737102
7/7/7/5/5/3/1/7/4 3 3,X,-2.5,0,BLOCK,X,1.66856,1.126681
7/7/7/1/5/3/5/7/2 3 3,Z,-1.80,0,BLOCK,Z,0.5348786,0.4868635
7/7/7/5/1/3/5/7/2 3 3,X,-2,0,BLOCK,X,0.7581802,0.6855808
7/7/7/5/5/3/1/7/2 3 3,X,-2,0,BLOCK,X,0.561043,0.8031119
7/7/7/1/5/3/5/7/1 3 3,Z,-1.80,0,BLOCK,Z,0.2641809,0.4824679
7/7/7/5/1/3/5/7/1 3 3,X,-1.75,2,BLOCK,X,1.043587,0.56393
7/7/7/5/5/3/1/7/1 3 3,X,-1.5,0,BLOCK,X,0.1734028,0.3576373
7/7/7/1/5/3/3/2/7 3 3,Z,-1.80,2,BLOCK,Z,0.8660947,0.5509038
7/7/7/5/1/3/3/2/7 3 3,X,-1.75,0,BLOCK,X,0.27889,0.3752228
7/7/7/1/5/3/3/6/6 3 3,Z,-2,2,BLOCK,Z,1.010192,0.5768855
7/7/7/5/1/3/3/6/6 3 3,X,-2.0,0,BLOCK,X,0.702786,0.6973215
7/7/7/5/5/3/3/4/6 3 3,Z,2,0,BLOCK,Z,1.591714,1.026479
7/7/7/1/5/3/3/6/5 3 3,Z,-2,0,BLOCK,Z,0.6669545,0.5327836
7/7/7/5/1/3/3/6/5 3 3,X,-1.75,0,BLOCK,X,0.2359168,0.2326044
7/7/7/5/5/3/3/4/5 3 3,Z,2,0,BLOCK,Z,0.3989361,0.3836387
7/7/7/1/5/3/3/6/3 3 3,Z,-2,0,BLOCK,Z,0.5611893,0.6313779
7/7/7/5/1/3/3/6/3 3 3,X,-1.5,2,BLOCK,X,0.9499903,0.5340928
7/7/7/5/5/3/3/4/3 3 3,Z,2,0,BLOCK,Z,0.477318,0.4785464
7/7/7/1/5/3/3/5/6 3 3,Z,-1.80,2,BLOCK,Z,0.8889106,0.5637759
7/7/7/5/1/3/3/5/6 3 3,X,-2.0,0,BLOCK,X,0.663752,0.5899706
7/7/7/5/5/3/3/1/6 3 3,Z,-2,0,BLOCK,Z,0.2464769,0.2923972
7/7/7/1/5/3/3/5/5 3 3,Z,-1.80,0,BLOCK,Z,0.5069138,0.5636523
7/7/7/5/1/3/3/5/5 3 3,X,-1.75,0,BLOCK,X,0.3263084,0.3761581
7/7/7/5/5/3/3/1/5 3 3,Z,-2,0,BLOCK,Z,0.9923404,0.6593412
7/7/7/1/5/3/3/5/3 3 3,Z,-1.80,0,BLOCK,Z,0.6434143,0.4970375
7/7/7/5/1/3/3/5/3 3 3,X,-1.5,0,BLOCK,X,0.8211345,0.5162293
7/7/7/5/5/3/3/1/3 3 3,Z,-2,2,BLOCK,Z,1.650607,1.017578
7/7/7/1/5/3/3/3/6 3 3,Z,-1.6,2,BLOCK,Z,0.8369169,0.5620875
7/7/7/5/1/3/3/3/6 3 3,X,-2.0,0,BLOCK,X,0.8352246,0.6951852
7/7/7/1/5/3/3/3/5 3 3,Z,-1.6,0,BLOCK,Z,0.2977295,0.4764818
7/7/7/5/1/3/3/3/5 3 3,X,-1.75,0,BLOCK,X,1.017897,0.6022705
7/7/7/1/5/3/3/3/3 3 3,Z,-1.6,0,BLOCK,Z,0.5041704,0.4591773
7/7/7/5/1/3/3/3/3 3 3,X,-1.5,0,BLOCK,X,0.5006691,0.4777957
7/7/7/1/5/3/3/7/4 3 3,Z,-1.80,0,BLOCK,Z,0.3225479,0.4566585
7/7/7/5/1/3/3/7/4 3 3,X,-2.0,2,BLOCK,X,1.044322,0.7251206
7/7/7/1/5/3/3/7/2 3 3,Z,-1.80,0,BLOCK,Z,0.4553108,0.5136454
7/7/7/5/1/3/3/7/2 3 3,X,-1.75,2,BLOCK,X,1.060712,0.6786119
7/7/7/1/5/3/3/7/1 3 3,Z,-1.80,2,BLOCK,Z,0.9307222,0.5349385
7/7/7/5/1/3/3/7/1 3 3,X,-1.5,0,BLOCK,X,0.1405559,0.3404274
7/7/7/1/5/3/7/2/6 3 3,Z,-1.80,0,BLOCK,Z,0.3596171,0.5072705
7/7/7/5/1/3/7/2/6 3 3,X,-2.25,0,BLOCK,X,0.7540362,0.7994132
7/7/7/1/5/3/7/2/5 3 3,Z,-1.80,2,BLOCK,Z,0.9447467,0.5532924
7/7/7/5/1/3/7/2/5 3 3,X,-2,0,BLOCK,X,0.7794949,0.6896039
7/7/7/1/5/3/7/2/3 3 3,Z,-1.80,0,BLOCK,Z,0.364017,0.4686401
7/7/7/5/1/3/7/2/3 3 3,X,-1.75,0,BLOCK,X,0.7819909,0.5628729
7/7/7/1/5/3/7/6/4 3 3,Z,-2,2,BLOCK,Z,1.03875,0.6192175
7/7/7/5/1/3/7/6/4 3 3,X,-2.25,0,BLOCK,X,0.8314971,0.7757508
7/7/7/5/5/3/7/4/4 3 3,Z,2,0,BLOCK,Z,0.2253111,0.3150342
7/7/7/1/5/3/7/6/2 3 3,Z,-2,2,BLOCK,Z,1.05307,0.6102718
7/7/7/5/1/3/7/6/2 3 3,X,-2,0,BLOCK,X,0.852016,0.7788878
7/7/7/5/5/3/7/4/2 3 3,Z,2,0,BLOCK,Z,0.1374418,0.2092477
7/7/7/1/5/3/7/6/1 3 3,Z,-2,2,BLOCK,Z,1.02965,0.5932351
7/7/7/5/1/3/7/6/1 3 3,X,-1.75,0,BLOCK,X,0.2142632,0.4095403
7/7/7/5/5/3/7/4/1 3 3,Z,2,0,BLOCK,Z,0.2200271,0.2576922
7/7/7/1/5/3/7/5/4 3 3,Z,-1.80,2,BLOCK,Z,0.9458719,0.5689344
7/7/7/5/1/3/7/5/4 3 3,X,-2.25,0,BLOCK,X,0.7095279,0.7425466
7/7/7/5/5/3/7/1/4 3 3,Z,-2,0,BLOCK,Z,0.275576,0.38492
7/7/7/1/5/3/7/5/2 3 3,Z,-1.80,0,BLOCK,Z,0.3689581,0.4398838
7/7/7/5/1/3/7/5/2 3 3,X,-2,0,BLOCK,X,0.5907678,0.7581459
7/7/7/5/5/3/7/1/2 3 3,Z,-2,0,BLOCK,Z,0.2808956,0.3744145
7/7/7/1/5/3/7/5/1 3 3,Z,-1.80,0,BLOCK,Z,0.4113201,0.4510204
7/7/7/5/1/3/7/5/1 3 3,X,-1.75,0,BLOCK,X,0.4117689,0.5391794
7/7/7/5/5/3/7/1/1 3 3,Z,-2,0,BLOCK,Z,0.3081558,0.4054323
7/7/7/1/5/3/7/3/4 3 3,Z,-1.6,0,BLOCK,Z,0.4805689,0.5364403
7/7/7/5/1/3/7/3/4 3 3,X,-2.25,0,BLOCK,X,0.5172334,0.7609313
7/7/7/1/5/3/7/3/2 3 3,Z,-1.6,2,BLOCK,Z,0.8668967,0.5662852
7/7/7/5/1/3/7/3/2 3 3,X,-2,0,BLOCK,X,0.7796674,0.773404
7/7/7/1/5/3/7/3/1 3 3,Z,-1.6,0,BLOCK,Z,0.2963847,0.460981
7/7/7/5/1/3/7/3/1 3 3,X,-1.75,0,BLOCK,X,0.6386477,0.6248246
7/7/7/1/5/7/2/2/7 3 3,Z,-2,2,BLOCK,Z,0.9371449,0.5452127
7/7/7/5/1/7/2/2/7 3 3,X,-2,0,BLOCK,X,0.4768865,0.4955211
7/7/7/1/5/7/2/6/6 3 3,Z,-2.20,0,BLOCK,Z,0.6179857,0.632272
7/7/7/5/1/7/2/6/6 3 3,X,-2.25,0,BLOCK,X,0.1811599,0.3447303
7/7/7/5/5/7/2/4/6 3 3,Z,2,0,BLOCK,Z,0.175445,0.3012665
7/7/7/1/5/7/2/6/5 3 3,Z,-2.20,0,BLOCK,Z,0.6487888,0.6307705
7/7/7/5/1/7/2/6/5 3 3,X,-2,0,BLOCK,X,0.3143659,0.4137224
7/7/7/5/5/7/2/4/5 3 3,Z,2,0,BLOCK,Z,1.72812,1.048541
7/7/7/1/5/7/2/6/3 3 3,Z,-2.20,0,BLOCK,Z,0.59296,0.6360957
7/7/7/5/1/7/2/6/3 3 3,X,-1.75,2,BLOCK,X,1.234904,0.7802267
7/7/7/5/5/7/2/4/3 3 3,Z,2,0,BLOCK,Z,0.07984411,0.1873237
7/7/7/1/5/7/2/5/6 3 3,Z,-2,0,BLOCK,Z,0.5543209,0.5918508
7/7/7/5/1/7/2/5/6 3 3,X,-2.25,2,BLOCK,X,1.134921,0.7193139
7/7/7/5/5/7/2/1/6 3 3,Z,-2,0,BLOCK,Z,1.674724,1.017241
7/7/7/1/5/7/2/5/5 3 3,Z,-2,2,BLOCK,Z,0.9473133,0.5952483
7/7/7/5/1/7/2/5/5 3 3,X,-2,0,BLOCK,X,0.3351764,0.5989098
7/7/7/5/5/7/2/1/5 3 3,Z,-2,0,BLOCK,Z,1.68191,0.9849827
7/7/7/1/5/7/2/5/3 3 3,Z,-2,0,BLOCK,Z,0.4589553,0.4139645
7/7/7/5/1/7/2/5/3 3 3,X,-1.75,0,BLOCK,X,0.1870214,0.3433235
7/7/7/5/5/7/2/1/3 3 3,Z,-2,0,BLOCK,Z,1.76768,1.042272
7/7/7/1/5/7/2/3/6 3 3,Z,-1.80,0,BLOCK,Z,0.5914803,0.4896187
7/7/7/5/1/7/2/3/6 3 3,X,-2.25,0,BLOCK,X,0.4827978,0.5130689
7/7/7/1/5/7/2/3/5 3 3,Z,-1.80,0,BLOCK,Z,0.5617635,0.5533156
7/7/7/5/1/7/2/3/5 3 3,X,-2,0,BLOCK,X,0.6953893,0.5992769
7/7/7/1/5/7/2/3/3 3 3,Z,-1.80,0,BLOCK,Z,0.508773,0.5380696
7/7/7/5/1/7/2/3/3 3 3,X,-1.75,0,BLOCK,X,0.3424932,0.4924875
7/7/7/1/5/7/2/7/4 3 3,Z,-2,2,BLOCK,Z,0.9917662,0.6294159
7/7/7/5/1/7/2/7/4 3 3,X,-2.25,0,BLOCK,X,1.264153,0.8229573
7/7/7/1/5/7/2/7/2 3 3,Z,-2,0,BLOCK,Z,0.6641615,0.5671732
7/7/7/5/1/7/2/7/2 3 3,X,-2,0,BLOCK,X,0.5134937,0.6026108
7/7/7/1/5/7/2/7/1 3 3,Z,-2,0,BLOCK,Z,0.6730673,0.6270654
7/7/7/5/1/7/2/7/1 3 3,X,-1.75,0,BLOCK,X,0.2564462,0.4733398
7/7/7/1/5/7/6/2/6 3 3,Z,-2,0,BLOCK,Z,0.7485382,0.5535892
7/7/7/5/1/7/6/2/6 3 3,X,-2.5,0,BLOCK,X,0.4368669,0.7057456
7/7/7/5/5/7/4/2/6 3 3,X,1.3333333333333333333333333334,0,BLOCK,X,0.430608,0.4724656
7/7/7/1/5/7/6/2/5 3 3,Z,-2,2,BLOCK,Z,1.082447,0.5723347
7/7/7/5/1/7/6/2/5 3 3,X,-2.25,0,BLOCK,X,0.1638704,0.3495782
7/7/7/5/5/7/4/2/5 3 3,X,2,0,BLOCK,X,0.5676446,0.6385038
7/7/7/5/5/7/6/2/1 3 3,X,1,0,BLOCK,X,0.7693754,0.9386152
7/7/7/1/5/7/6/2/3 3 3,Z,-2,2,BLOCK,Z,1.006624,0.5557203
7/7/7/5/1/7/6/2/3 3 3,X,-2,0,BLOCK,X,0.6486253,0.8222215
7/7/7/5/5/7/4/2/3 3 3,X,2.6666666666666666666666666666,0,BLOCK,X,0.4003543,0.7465813
7/7/7/1/5/7/6/6/4 3 3,Z,-2.20,2,BLOCK,Z,1.051347,0.6332231
7/7/7/5/1/7/6/6/4 3 3,X,-2.5,0,BLOCK,X,0.164476,0.2937765
7/7/7/5/5/7/4/6/4 3 3,X,1.3333333333333333333333333334,0,BLOCK,X,0.1770713,0.3224442
7/7/7/5/5/7/6/4/4 3 3,Z,2,0,BLOCK,Z,0.1899828,0.3143231
7/7/7/1/5/7/6/6/2 3 3,Z,-2.20,2,BLOCK,Z,1.07328,0.6171044
7/7/7/5/1/7/6/6/2 3 3,X,-2.25,0,BLOCK,X,0.9453771,0.8633515
7/7/7/5/5/7/4/6/2 3 3,X,2,0,BLOCK,X,0.2141537,0.4321143
7/7/7/5/5/7/6/4/2 3 3,Z,2,0,BLOCK,Z,0.1186583,0.2083948
7/7/7/1/5/7/6/6/1 3 3,Z,-2.20,0,BLOCK,Z,0.6262617,0.626201
7/7/7/5/1/7/6/6/1 3 3,X,-2,0,BLOCK,X,0.4461252,0.8167291
7/7/7/5/5/7/4/6/1 3 3,X,2.6666666666666666666666666666,0,BLOCK,X,0.4474629,0.5230033
7/7/7/5/5/7/6/4/1 3 3,Z,2,0,BLOCK,Z,1.153512,0.5398868
7/7/7/1/5/7/6/5/4 3 3,Z,-2,0,BLOCK,Z,0.3398584,0.4546592
7/7/7/5/1/7/6/5/4 3 3,X,-2.5,2,BLOCK,X,1.395272,0.8964254
7/7/7/5/5/7/4/5/4 3 3,X,1.3333333333333333333333333334,0,BLOCK,X,0.2159511,0.340415
7/7/7/5/5/7/6/1/4 3 3,Z,-2,0,BLOCK,Z,0.1551416,0.2839705
7/7/7/1/5/7/6/5/2 3 3,Z,-2,2,BLOCK,Z,0.9917042,0.5632227
7/7/7/5/1/7/6/5/2 3 3,X,-2.25,0,BLOCK,X,0.3810217,0.6829275
7/7/7/5/5/7/4/5/2 3 3,X,2,0,BLOCK,X,0.2153071,0.4727842
7/7/7/5/5/7/6/1/2 3 3,Z,-2,0,BLOCK,Z,0.1490061,0.2699372
7/7/7/1/5/7/6/5/1 3 3,Z,-2,2,BLOCK,Z,1.006138,0.6098091
7/7/7/5/1/7/6/5/1 3 3,X,-2,0,BLOCK,X,0.1976308,0.4157227
7/7/7/5/5/7/4/5/1 3 3,X,2.6666666666666666666666666666,0,BLOCK,X,0.3200864,0.5622697
7/7/7/5/5/7/6/1/1 3 3,Z,-2,0,BLOCK,Z,1.218755,0.5104706
7/7/7/1/5/7/6/3/4 3 3,Z,-1.80,0,BLOCK,Z,0.622822,0.6178359
7/7/7/5/1/7/6/3/4 3 3,X,-2.5,0,BLOCK,X,0.5227212,0.7724409
7/7/7/5/5/7/4/3/4 3 3,X,1.3333333333333333333333333334,0,BLOCK,X,0.142954,0.2884328
7/7/7/1/5/7/6/3/2 3 3,Z,-1.80,2,BLOCK,Z,1.031193,0.609997
7/7/7/5/1/7/6/3/2 3 3,X,-2.25,0,BLOCK,X,0.8859786,0.7572819
7/7/7/5/5/7/4/3/2 3 3,X,2,0,BLOCK,X,0.5235226,0.705291
7/7/7/1/5/7/6/3/1 3 3,Z,-1.80,0,BLOCK,Z,0.5180443,0.5272282
7/7/7/5/1/7/6/3/1 3 3,X,-2,0,BLOCK,X,0.6622568,0.8122765
7/7/7/5/5/7/4/3/1 3 3,X,2.6666666666666666666666666666,0,BLOCK,X,0.1971471,0.440615
7/7/7/1/5/7/5/2/6 3 3,Z,-2,2,BLOCK,Z,1.019345,0.586767
7/7/7/5/1/7/5/2/6 3 3,X,-2.25,0,BLOCK,X,0.5951144,0.7318955
7/7/7/5/5/7/1/2/6 3 3,X,-2.6666666666666666666666666666,0,BLOCK,X,0.5731123,0.7718727
7/7/7/1/5/7/5/2/5 3 3,Z,-2,0,BLOCK,Z,0.8465424,0.5129138
7/7/7/5/1/7/5/2/5 3 3,X,-2,2,BLOCK,X,1.05402,0.6546955
7/7/7/5/5/7/1/2/5 3 3,X,-2,0,BLOCK,X,0.3700243,0.5699786
7/7/7/1/5/7/5/2/3 3 3,Z,-2,0,BLOCK,Z,0.6424767,0.5455109
7/7/7/5/1/7/5/2/3 3 3,X,-1.75,0,BLOCK,X,0.6500294,0.5797055
7/7/7/5/5/7/1/2/3 3 3,X,-1.3333333333333333333333333334,0,BLOCK,X,0.2466413,0.4329512
7/7/7/1/5/7/5/6/4 3 3,Z,-2.20,0,BLOCK,Z,0.8074238,0.7211387
7/7/7/5/1/7/5/6/4 3 3,X,-2.25,2,BLOCK,X,1.150209,0.7839819
7/7/7/5/5/7/1/6/4 3 3,X,-2.6666666666666666666666666666,0,BLOCK,X,0.4015244,0.6126874
7/7/7/5/5/7/5/4/4 3 3,Z,2,0,BLOCK,Z,0.226234,0.3367266
7/7/7/1/5/7/5/6/2 3 3,Z,-2.20,0,BLOCK,Z,0.4377983,0.5337013
7/7/7/5/1/7/5/6/2 3 3,X,-2,2,BLOCK,X,1.10525,0.7439331
7/7/7/5/5/7/1/6/2 3 3,X,-2,0,BLOCK,X,0.1512204,0.4767093
7/7/7/5/5/7/5/4/2 3 3,Z,2,0,BLOCK,Z,1.721433,1.028671
7/7/7/1/5/7/5/6/1 3 3,Z,-2.20,2,BLOCK,Z,1.112582,0.6477241
7/7/7/5/1/7/5/6/1 3 3,X,-1.75,0,BLOCK,X,0.5021003,0.5294813
7/7/7/5/5/7/1/6/1 3 3,X,-1.3333333333333333333333333334,0,BLOCK,X,0.1477749,0.3069471
7/7/7/5/5/7/5/4/1 3 3,Z,2,0,BLOCK,Z,0.1736201,0.2980792
7/7/7/1/5/7/5/5/4 3 3,Z,-2,0,BLOCK,Z,0.5413828,0.6391957
7/7/7/5/1/7/5/5/4 3 3,X,-2.25,2,BLOCK,X,1.126226,0.7857047
7/7/7/5/5/7/1/5/4 3 3,X,-2.6666666666666666666666666666,0,BLOCK,X,0.3662548,0.449629
7/7/7/5/5/7/5/1/4 3 3,Z,-2,2,BLOCK,Z,1.623423,0.9916322
7/7/7/1/5/7/5/5/2 3 3,Z,-2,0,BLOCK,Z,0.3303959,0.44627
7/7/7/5/1/7/5/5/2 3 3,X,-2,0,BLOCK,X,0.5967274,0.708577
7/7/7/5/5/7/1/5/2 3 3,X,-2,0,BLOCK,X,0.2023267,0.4272461
7/7/7/5/5/7/5/1/2 3 3,Z,-2,0,BLOCK,Z,1.699658,1.021012
7/7/7/1/5/7/5/5/1 3 3,Z,-2,0,BLOCK,Z,0.4862292,0.5306976
7/7/7/5/1/7/5/5/1 3 3,X,-1.75,0,BLOCK,X,0.5292168,0.6302451
7/7/7/5/5/7/1/5/1 3 3,X,-1.3333333333333333333333333334,0,BLOCK,X,0.1232019,0.2454488
7/7/7/5/5/7/5/1/1 3 3,Z,-2,2,BLOCK,Z,1.629168,0.9916493
7/7/7/1/5/7/5/3/4 3 3,Z,-1.80,0,BLOCK,Z,0.387965,0.5172605
7/7/7/5/1/7/5/3/4 3 3,X,-2.25,0,BLOCK,X,0.685688,0.7926363
7/7/7/5/5/7/1/3/4 3 3,X,-2.6666666666666666666666666666,0,BLOCK,X,0.2761778,0.4350265
7/7/7/1/5/7/5/3/2 3 3,Z,-1.80,2,BLOCK,Z,0.9815573,0.5657939
7/7/7/5/1/7/5/3/2 3 3,X,-2,0,BLOCK,X,0.6521568,0.79425
7/7/7/5/5/7/1/3/2 3 3,X,-2,0,BLOCK,X,0.1640927,0.4996818
7/7/7/1/5/7/5/3/1 3 3,Z,-1.80,0,BLOCK,Z,0.4383742,0.535787
7/7/7/5/1/7/5/3/1 3 3,X,-1.75,0,BLOCK,X,0.3932476,0.5600863
7/7/7/5/5/7/1/3/1 3 3,X,-1.3333333333333333333333333334,0,BLOCK,X,0.1195202,0.1990162
7/7/7/1/5/7/3/2/6 3 3,Z,-2,2,BLOCK,Z,1.00755,0.5526248
7/7/7/5/1/7/3/2/6 3 3,X,-2,0,BLOCK,X,0.4840313,0.6807907
7/7/7/5/5/7/3/2/4 3 3,X,-1,0,BLOCK,X,0.7443599,0.9544645
7/7/7/1/5/7/3/2/5 3 3,Z,-2,0,BLOCK,Z,0.5564307,0.637824
7/7/7/5/1/7/3/2/5 3 3,X,-1.75,0,BLOCK,X,0.9674078,0.6220512
7/7/7/1/5/7/3/2/3 3 3,Z,-2,0,BLOCK,Z,0.5062945,0.5720133
7/7/7/5/1/7/3/2/3 3 3,X,-1.5,2,BLOCK,X,0.9917246,0.5434993
7/7/7/1/5/7/3/6/4 3 3,Z,-2.20,0,BLOCK,Z,0.4825175,0.5490692
7/7/7/5/1/7/3/6/4 3 3,X,-2,0,BLOCK,X,0.9134877,0.7368516
7/7/7/5/5/7/3/4/4 3 3,Z,2,0,BLOCK,Z,1.2017,0.5191497
7/7/7/1/5/7/3/6/2 3 3,Z,-2.20,0,BLOCK,Z,0.6688076,0.5540047
7/7/7/5/1/7/3/6/2 3 3,X,-1.75,0,BLOCK,X,0.2982145,0.4307324
7/7/7/5/5/7/3/4/2 3 3,Z,2,0,BLOCK,Z,0.1500552,0.2569492
7/7/7/1/5/7/3/6/1 3 3,Z,-2.20,0,BLOCK,Z,0.4861615,0.5602688
7/7/7/5/1/7/3/6/1 3 3,X,-1.5,2,BLOCK,X,0.9375623,0.6189442
7/7/7/5/5/7/3/4/1 3 3,Z,2,0,BLOCK,Z,0.2262987,0.3269621
7/7/7/1/5/7/3/5/4 3 3,Z,-2,0,BLOCK,Z,0.3609175,0.4492435
7/7/7/5/1/7/3/5/4 3 3,X,-2,0,BLOCK,X,0.4878343,0.7022399
7/7/7/5/5/7/3/1/4 3 3,Z,-2,0,BLOCK,Z,1.224196,0.5333164
7/7/7/1/5/7/3/5/2 3 3,Z,-2,0,BLOCK,Z,0.4669677,0.5665007
7/7/7/5/1/7/3/5/2 3 3,X,-1.75,2,BLOCK,X,1.03746,0.6883038
7/7/7/5/5/7/3/1/2 3 3,Z,-2,0,BLOCK,Z,0.1194739,0.2231579
7/7/7/1/5/7/3/5/1 3 3,Z,-2,0,BLOCK,Z,0.4606654,0.6057577
7/7/7/5/1/7/3/5/1 3 3,X,-1.5,2,BLOCK,X,0.9837691,0.5597057
7/7/7/5/5/7/3/1/1 3 3,Z,-2,0,BLOCK,Z,0.160256,0.2826386
7/7/7/1/5/7/3/3/4 3 3,Z,-1.80,2,BLOCK,Z,0.946012,0.5593684
7/7/7/5/1/7/3/3/4 3 3,X,-2,0,BLOCK,X,0.490373,0.751891
7/7/7/1/5/7/3/3/2 3 3,Z,-1.80,2,BLOCK,Z,1.00036,0.5959797
7/7/7/5/1/7/3/3/2 3 3,X,-1.75,0,BLOCK,X,0.4327978,0.6352
7/7/7/1/5/7/3/3/1 3 3,Z,-1.80,2,BLOCK,Z,1.002894,0.5790136
7/7/7/5/1/7/3/3/1 3 3,X,-1.5,0,BLOCK,X,0.2997517,0.5480806
7/7/7/1/5/7/7/2/4 3 3,Z,-2,0,BLOCK,Z,0.5404911,0.5755796
7/7/7/5/1/7/7/2/4 3 3,X,-2.25,0,BLOCK,X,1.035505,0.641838
7/7/7/1/5/7/7/2/2 3 3,Z,-2,0,BLOCK,Z,0.458637,0.6668761
7/7/7/5/1/7/7/2/2 3 3,X,-2,0,BLOCK,X,0.7267913,0.7584017
7/7/7/1/5/7/7/2/1 3 3,Z,-2,0,BLOCK,Z,0.4504811,0.5468377
7/7/7/5/1/7/7/2/1 3 3,X,-1.75,2,BLOCK,X,1.092527,0.6127855
7/7/7/1/3/2/2/7/7 3 3,Z,-2,2,BLOCK,Z,0.9153173,0.5723324
7/7/7/1/3/2/6/6/7 3 3,Z,-2.20,2,BLOCK,Z,1.040195,0.7249242
7/7/7/5/3/2/4/6/7 3 3,X,2,0,BLOCK,X,1.271884,0.932394
7/7/7/5/3/2/6/4/7 3 3,Z,2,0,BLOCK,Z,0.6793265,0.5526273
7/7/7/1/3/2/6/5/7 3 3,Z,-2,2,BLOCK,Z,1.107854,0.6578687
7/7/7/5/3/2/4/5/7 3 3,X,2,0,BLOCK,X,0.6824843,0.6299594
7/7/7/5/3/2/6/1/7 3 3,Z,-2,0,BLOCK,Z,0.5429949,0.6415831
7/7/7/1/3/2/6/3/7 3 3,Z,-1.80,0,BLOCK,Z,0.09567317,0.0300878
7/7/7/5/3/2/4/3/7 3 3,X,2,0,BLOCK,X,0.8090318,0.6181905
7/7/7/1/3/2/6/7/6 3 3,Z,-2,0,BLOCK,Z,0.8494422,0.543059
7/7/7/5/3/2/4/7/6 3 3,X,1.6,0,BLOCK,X,1.149368,0.9428356
7/7/7/1/3/2/6/7/5 3 3,Z,-2,0,BLOCK,Z,0.4136436,0.411625
7/7/7/5/3/2/4/7/5 3 3,X,2,2,BLOCK,X,1.251688,0.9000672
7/7/7/1/3/2/6/7/3 3 3,Z,-2,2,BLOCK,Z,0.9702366,0.5865621
7/7/7/5/3/2/4/7/3 3 3,X,2.4,2,BLOCK,X,1.600655,1.029535
7/7/7/1/3/2/5/6/7 3 3,Z,-2.20,2,BLOCK,Z,1.033567,0.7142441
7/7/7/5/2/2/5/6/7 3 3,Z,0.5,302,TIMEOUT,Z,0.004851562,0.003793528
7/7/7/5/3/2/1/6/7 3 3,X,-2,0,BLOCK,X,0.578208,0.8353793
7/7/7/5/3/2/5/4/7 3 3,Z,2,2,BLOCK,Z,1.513287,0.8752992
7/7/7/1/3/2/5/5/7 3 3,Z,-2,2,BLOCK,Z,1.221725,0.7531212
7/7/7/5/3/2/1/5/7 3 3,X,-2,0,BLOCK,X,1.419349,0.8993168
7/7/7/5/3/2/5/1/7 3 3,Z,-2,0,BLOCK,Z,0.3071589,0.3682912
7/7/7/1/3/2/5/3/7 3 3,Z,-1.80,0,BLOCK,Z,0.09678849,0.1386745
7/7/7/5/3/2/1/3/7 3 3,X,-2,2,BLOCK,X,1.372437,0.8156136
7/7/7/1/3/2/5/7/6 3 3,Z,-2,0,BLOCK,Z,0.1483891,0.08266158
7/7/7/5/3/2/1/7/6 3 3,X,-2.4,0,BLOCK,X,1.677092,1.129494
7/7/7/1/3/2/5/7/5 3 3,Z,-2,2,BLOCK,Z,1.112992,0.6754134
7/7/7/5/3/2/1/7/5 3 3,X,-2,0,BLOCK,X,0.8597726,0.7923338
7/7/7/1/3/2/5/7/3 3 3,Z,-2,0,BLOCK,Z,0.3454227,0.4102284
7/7/7/5/3/2/1/7/3 3 3,X,-1.6,0,BLOCK,X,0.615205,0.7412072
7/7/7/1/3/2/3/6/7 3 3,Z,-2.20,0,BLOCK,Z,0.2784918,0.2898167
7/7/7/5/3/2/3/4/7 3 3,Z,2,0,BLOCK,Z,0.3959434,0.4330933
7/7/7/1/3/2/3/5/7 3 3,Z,-2,0,BLOCK,Z,0.4695162,0.4651739
7/7/7/5/3/2/3/1/7 3 3,Z,-2,0,BLOCK,Z,1.046767,0.6977085
7/7/7/1/3/2/3/3/7 3 3,Z,-1.80,2,BLOCK,Z,1.076236,0.6726857
7/7/7/1/3/2/3/7/6 3 3,Z,-2,2,BLOCK,Z,0.9228747,0.6037439
7/7/7/1/3/2/3/7/5 3 3,Z,-2,0,BLOCK,Z,0.2718115,0.3002777
7/7/7/1/3/2/3/7/3 3 3,Z,-2,0,BLOCK,Z,0.2629831,0.2572623
7/7/7/1/3/2/7/2/7 3 3,Z,-2,0,BLOCK,Z,0.5043849,0.4169731
7/7/7/1/3/2/7/6/6 3 3,Z,-2.20,2,BLOCK,Z,1.142343,0.7241234
7/7/7/5/3/2/7/4/6 3 3,Z,2,2,BLOCK,Z,1.548497,0.9456048
7/7/7/1/3/2/7/6/5 3 3,Z,-2.20,0,BLOCK,Z,0.4107109,0.4280452
7/7/7/5/3/2/7/4/5 3 3,Z,2,0,BLOCK,Z,0.3363036,0.4667862
7/7/7/1/3/2/7/6/3 3 3,Z,-2.20,0,BLOCK,Z,0.5333622,0.414779
7/7/7/5/3/2/7/4/3 3 3,Z,2,2,BLOCK,Z,1.542824,0.9532244
7/7/7/1/3/2/7/5/6 3 3,Z,-2,0,BLOCK,Z,0.5217258,0.2466518
7/7/7/5/3/2/7/1/6 3 3,Z,-2,0,BLOCK,Z,0.4214621,0.4639241
7/7/7/1/3/2/7/5/5 3 3,Z,-2,0,BLOCK,Z,0.554315,0.5819606
7/7/7/5/3/2/7/1/5 3 3,Z,-2,0,BLOCK,Z,0.4162144,0.5186235
7/7/7/1/3/2/7/5/3 3 3,Z,-2,0,BLOCK,Z,0.3945361,0.2676977
7/7/7/5/3/2/7/1/3 3 3,Z,-2,0,BLOCK,Z,0.3363106,0.4260372
7/7/7/1/3/2/7/3/6 3 3,Z,-1.80,2,BLOCK,Z,1.237174,0.7223932
7/7/7/1/3/2/7/3/5 3 3,Z,-1.80,0,BLOCK,Z,0.1235707,0.2670516
7/7/7/1/3/2/7/3/3 3 3,Z,-1.80,2,BLOCK,Z,1.155233,0.7100664
7/7/7/1/3/2/7/7/4 3 3,Z,-2,0,BLOCK,Z,0.3429732,0.3728524
7/7/7/1/3/2/7/7/2 3 3,Z,-2,2,BLOCK,Z,1.045564,0.6439703
7/7/7/1/3/2/7/7/1 3 3,Z,-2,2,BLOCK,Z,1.063861,0.643218
7/7/7/1/3/6/2/6/7 3 3,Z,-2.4,0,BLOCK,Z,0.3131392,0.3799304
7/7/7/5/3/4/2/6/7 3 3,Z,1.6666666666666666666666666666,2,BLOCK,Z,1.019014,0.6667467
7/7/7/5/3/6/2/4/7 3 3,Z,2,0,BLOCK,Z,0.3855955,0.5489857
7/7/7/1/3/6/2/5/7 3 3,Z,-2.20,0,BLOCK,Z,0.5008351,0.7253753
7/7/7/5/3/4/2/5/7 3 3,Z,2,0,BLOCK,Z,0.5754969,0.8747942
7/7/7/5/3/6/2/1/7 3 3,Z,-2,0,BLOCK,Z,1.551936,0.9964409
7/7/7/1/3/6/2/3/7 3 3,Z,-2,2,BLOCK,Z,1.474783,0.8377774
7/7/7/5/3/4/2/3/7 3 3,Z,2.3333333333333333333333333334,0,BLOCK,Z,0.6984537,0.8088255
7/7/7/1/3/6/2/7/6 3 3,Z,-2.20,0,BLOCK,Z,0.554736,0.6971804
7/7/7/5/3/4/2/7/6 3 3,Z,2,0,BLOCK,Z,0.8195117,0.8560523
7/7/7/1/3/6/2/7/5 3 3,Z,-2.20,2,BLOCK,Z,1.328779,0.7982739
7/7/7/5/3/4/2/7/5 3 3,Z,2,0,BLOCK,Z,0.5489286,0.8533958
7/7/7/1/3/6/2/7/3 3 3,Z,-2.20,0,BLOCK,Z,0.570659,0.7091613
7/7/7/5/3/4/2/7/3 3 3,Z,2,0,BLOCK,Z,0.8515105,0.8251453
7/7/7/1/3/6/6/2/7 3 3,Z,-2.20,0,BLOCK,Z,0.436864,0.5950713
7/7/7/5/3/4/6/2/7 3 3,Z,2,0,BLOCK,Z,1.120597,0.7372133
7/7/7/5/3/6/4/2/7 3 3,X,2,2,BLOCK,X,1.265649,0.8041636
7/7/7/1/3/6/6/6/6 3 3,Z,-2.4,0,BLOCK,Z,0.1468149,0.3589329
7/7/7/5/3/4/6/6/6 3 3,Z,1.6666666666666666666666666666,0,BLOCK,Z,0.4259748,0.6656247
7/7/7/5/3/6/4/6/6 3 3,X,1.5,0,BLOCK,X,0.3724017,0.3595013
7/7/7/5/3/6/6/4/6 3 3,Z,2,0,BLOCK,Z,0.3151371,0.4663969
7/7/7/1/3/6/6/6/5 3 3,Z,-2.4,0,BLOCK,Z,0.2509562,0.3764293
7/7/7/5/3/4/6/6/5 3 3,Z,1.6666666666666666666666666666,2,BLOCK,Z,1.143977,0.6850661
7/7/7/5/3/6/4/6/5 3 3,X,2,0,BLOCK,X,0.7565584,0.7076083
7/7/7/5/3/6/6/4/5 3 3,Z,2,0,BLOCK,Z,1.664642,1.032067
7/7/7/1/3/6/6/6/3 3 3,Z,-2.4,0,BLOCK,Z,0.4109944,0.4508865
7/7/7/5/3/4/6/6/3 3 3,Z,1.6666666666666666666666666666,0,BLOCK,Z,1.104403,0.7754757
7/7/7/5/3/6/4/6/3 3 3,X,2.5,0,BLOCK,X,0.646332,0.7606058
7/7/7/5/3/6/6/4/3 3 3,Z,2,2,BLOCK,Z,1.685871,1.052422
7/7/7/1/3/6/6/5/6 3 3,Z,-2.20,0,BLOCK,Z,0.558053,0.6241398
7/7/7/5/3/4/6/5/6 3 3,Z,2,0,BLOCK,Z,0.8603755,0.7451696
7/7/7/5/3/6/4/5/6 3 3,X,1.5,0,BLOCK,X,1.038004,0.6811644
7/7/7/5/3/6/6/1/6 3 3,Z,-2,0,BLOCK,Z,0.4825587,0.511479
7/7/7/1/3/6/6/5/5 3 3,Z,-2.20,0,BLOCK,Z,0.3871479,0.5882633
7/7/7/5/3/4/6/5/5 3 3,Z,2,0,BLOCK,Z,0.5023881,0.6375048
7/7/7/5/3/6/4/5/5 3 3,X,2,2,BLOCK,X,1.239969,0.771055
7/7/7/5/3/6/6/1/5 3 3,Z,-2,0,BLOCK,Z,0.9875624,0.6543065
7/7/7/1/3/6/6/5/3 3 3,Z,-2.20,0,BLOCK,Z,0.3846914,0.4742794
7/7/7/5/3/4/6/5/3 3 3,Z,2,0,BLOCK,Z,0.6056941,0.7248479
7/7/7/5/3/6/4/5/3 3 3,X,2.5,0,BLOCK,X,1.634421,1.032512
7/7/7/5/3/6/6/1/3 3 3,Z,-2,0,BLOCK,Z,1.626967,1.022802
7/7/7/1/3/6/6/3/6 3 3,Z,-2,0,BLOCK,Z,0.6406167,0.7104563
7/7/7/5/3/4/6/3/6 3 3,Z,2.3333333333333333333333333334,0,BLOCK,Z,0.5126005,0.7087292
7/7/7/5/3/6/4/3/6 3 3,X,1.5,0,BLOCK,X,0.327616,0.3621706
7/7/7/1/3/6/6/3/5 3 3,Z,-2,2,BLOCK,Z,1.49903,0.6981511
7/7/7/5/3/4/6/3/5 3 3,Z,2.3333333333333333333333333334,2,BLOCK,Z,1.372032,0.8657712
7/7/7/5/3/6/4/3/5 3 3,X,2,2,BLOCK,X,1.271411,0.7710544
7/7/7/1/3/6/6/3/3 3 3,Z,-2,0,BLOCK,Z,0.8471509,0.7855703
7/7/7/5/3/4/6/3/3 3 3,Z,2.3333333333333333333333333334,0,BLOCK,Z,0.449279,0.6880518
7/7/7/5/3/6/4/3/3 3 3,X,2.5,0,BLOCK,X,0.6848761,0.8301242
7/7/7/1/3/6/6/7/4 3 3,Z,-2.20,0,BLOCK,Z,0.7278455,0.4748102
7/7/7/5/3/4/6/7/4 3 3,Z,2,2,BLOCK,Z,1.218448,0.7580729
7/7/7/5/3/6/4/7/4 3 3,X,1.5,0,BLOCK,X,0.3132081,0.2720246
7/7/7/1/3/6/6/7/2 3 3,Z,-2.20,2,BLOCK,Z,1.300568,0.8228149
7/7/7/5/3/4/6/7/2 3 3,Z,2,0,BLOCK,Z,0.540736,0.7658122
7/7/7/5/3/6/4/7/2 3 3,X,2,0,BLOCK,X,0.6232725,0.5796739
7/7/7/1/3/6/6/7/1 3 3,Z,-2.20,2,BLOCK,Z,1.167678,0.7435471
7/7/7/5/3/4/6/7/1 3 3,Z,2,0,BLOCK,Z,1.123562,0.9247357
7/7/7/5/3/6/4/7/1 3 3,X,2.5,0,BLOCK,X,0.5219563,0.510519
7/7/7/1/3/6/5/2/7 3 3,Z,-2.20,0,BLOCK,Z,0.5199088,0.5969512
7/7/7/5/3/4/5/2/7 3 3,Z,2,0,BLOCK,Z,0.4102289,0.5910186
7/7/7/5/3/6/1/2/7 3 3,X,-2,2,BLOCK,X,1.334412,0.8869575
7/7/7/1/3/6/5/6/6 3 3,Z,-2.4,0,BLOCK,Z,0.3522713,0.5164302
7/7/7/5/3/4/5/6/6 3 3,Z,1.6666666666666666666666666666,0,BLOCK,Z,0.6567985,0.6483735
7/7/7/5/3/6/1/6/6 3 3,X,-2.5,0,BLOCK,X,0.6668578,0.9072461
7/7/7/5/3/6/5/4/6 3 3,Z,2,2,BLOCK,Z,1.686951,1.098757
7/7/7/1/3/6/5/6/5 3 3,Z,-2.4,0,BLOCK,Z,0.5414879,0.5467802
7/7/7/5/3/4/5/6/5 3 3,Z,1.6666666666666666666666666666,0,BLOCK,Z,0.2853352,0.6023097
7/7/7/5/3/6/1/6/5 3 3,X,-2,0,BLOCK,X,0.5832568,0.760121
7/7/7/5/3/6/5/4/5 3 3,Z,2,0,BLOCK,Z,0.4314658,0.5618053
7/7/7/1/3/6/5/6/3 3 3,Z,-2.4,0,BLOCK,Z,0.4231685,0.5016899
7/7/7/5/3/4/5/6/3 3 3,Z,1.6666666666666666666666666666,0,BLOCK,Z,0.4032364,0.532396
7/7/7/5/3/6/1/6/3 3 3,X,-1.5,0,BLOCK,X,1.05886,0.7789308
7/7/7/5/3/6/5/4/3 3 3,Z,2,0,BLOCK,Z,1.725413,1.068675
7/7/7/1/3/6/5/5/6 3 3,Z,-2.20,0,BLOCK,Z,0.2613885,0.3826356
7/7/7/5/3/4/5/5/6 3 3,Z,2,0,BLOCK,Z,0.4820104,0.5892174
7/7/7/5/3/6/1/5/6 3 3,X,-2.5,0,BLOCK,X,0.6692752,0.86235
7/7/7/5/3/6/5/1/6 3 3,Z,-2,0,BLOCK,Z,1.479199,0.9955812
7/7/7/1/3/6/5/5/5 3 3,Z,-2.20,0,BLOCK,Z,0.4539862,0.6526604
7/7/7/5/3/4/5/5/5 3 3,Z,2,0,BLOCK,Z,0.4746336,0.6396812
7/7/7/5/3/6/1/5/5 3 3,X,-2,0,BLOCK,X,0.6491601,0.7091698
7/7/7/5/3/6/5/1/5 3 3,Z,-2,0,BLOCK,Z,0.5558503,0.6368785
7/7/7/1/3/6/5/5/3 3 3,Z,-2.20,0,BLOCK,Z,0.5322064,0.5689275
7/7/7/5/3/4/5/5/3 3 3,Z,2,0,BLOCK,Z,0.7565242,0.8053578
7/7/7/5/3/6/1/5/3 3 3,X,-1.5,0,BLOCK,X,0.4942808,0.6144519
7/7/7/5/3/6/5/1/3 3 3,Z,-2,0,BLOCK,Z,0.454304,0.4388204
7/7/7/1/3/6/5/3/6 3 3,Z,-2,0,BLOCK,Z,0.1989853,0.3479273
7/7/7/5/3/4/5/3/6 3 3,Z,2.3333333333333333333333333334,0,BLOCK,Z,0.504006,0.6678839
7/7/7/5/3/6/1/3/6 3 3,X,-2.5,0,BLOCK,X,0.7112707,0.9379365
7/7/7/1/3/6/5/3/5 3 3,Z,-2,0,BLOCK,Z,0.5711101,0.6512826
7/7/7/5/3/4/5/3/5 3 3,Z,2.3333333333333333333333333334,2,BLOCK,Z,1.437506,0.8893226
7/7/7/5/3/6/1/3/5 3 3,X,-2,0,BLOCK,X,0.7287572,0.741469
7/7/7/1/3/6/5/3/3 3 3,Z,-2,0,BLOCK,Z,0.3100164,0.6312797
7/7/7/5/3/4/5/3/3 3 3,Z,2.3333333333333333333333333334,0,BLOCK,Z,1.455204,1.018173
7/7/7/5/3/6/1/3/3 3 3,X,-1.5,0,BLOCK,X,0.3691688,0.5248464
7/7/7/1/3/6/5/7/4 3 3,Z,-2.20,0,BLOCK,Z,0.4579823,0.5248549
7/7/7/5/3/4/5/7/4 3 3,Z,2,0,BLOCK,Z,0.6850669,0.7093618
7/7/7/5/3/6/1/7/4 3 3,X,-2.5,0,BLOCK,X,0.4712867,0.6235679
7/7/7/1/3/6/5/7/2 3 3,Z,-2.20,0,BLOCK,Z,0.4047981,0.4938359
7/7/7/5/3/4/5/7/2 3 3,Z,2,0,BLOCK,Z,0.6454431,0.7234943
7/7/7/5/3/6/1/7/2 3 3,X,-2,0,BLOCK,X,0.4027907,0.6901323
7/7/7/1/3/6/5/7/1 3 3,Z,-2.20,0,BLOCK,Z,0.3474432,0.5714903
7/7/7/5/3/4/5/7/1 3 3,Z,2,0,BLOCK,Z,0.7347951,0.8145303
7/7/7/5/3/6/1/7/1 3 3,X,-1.5,0,BLOCK,X,0.3106959,0.4187705
7/7/7/1/3/6/3/2/7 3 3,Z,-2.20,2,BLOCK,Z,1.285023,0.8184816
7/7/7/5/3/4/3/2/7 3 3,Z,2,2,BLOCK,Z,1.200251,0.732818
7/7/7/1/3/6/3/6/6 3 3,Z,-2.4,0,BLOCK,Z,0.5109388,0.529802
7/7/7/5/3/4/3/6/6 3 3,Z,1.6666666666666666666666666666,0,BLOCK,Z,0.5567846,0.6945195
7/7/7/5/3/6/3/4/6 3 3,Z,2,0,BLOCK,Z,1.691202,1.132196
7/7/7/1/3/6/3/6/5 3 3,Z,-2.4,0,BLOCK,Z,0.7391015,0.7402919
7/7/7/5/3/4/3/6/5 3 3,Z,1.6666666666666666666666666666,0,BLOCK,Z,0.3098953,0.5460656
7/7/7/5/3/6/3/4/5 3 3,Z,2,0,BLOCK,Z,0.2846391,0.3400607
7/7/7/1/3/6/3/6/3 3 3,Z,-2.4,0,BLOCK,Z,0.6378194,0.5817124
7/7/7/5/3/4/3/6/3 3 3,Z,1.6666666666666666666666666666,2,BLOCK,Z,1.085261,0.6731671
7/7/7/5/3/6/3/4/3 3 3,Z,2,0,BLOCK,Z,0.3177643,0.45678
7/7/7/1/3/6/3/5/6 3 3,Z,-2.20,2,BLOCK,Z,1.227205,0.8371797
7/7/7/5/3/4/3/5/6 3 3,Z,2,0,BLOCK,Z,0.5814098,0.8087671
7/7/7/5/3/6/3/1/6 3 3,Z,-2,0,BLOCK,Z,1.622749,1.044529
7/7/7/1/3/6/3/5/5 3 3,Z,-2.20,2,BLOCK,Z,1.302756,0.8451086
7/7/7/5/3/4/3/5/5 3 3,Z,2,0,BLOCK,Z,0.6706568,0.8498738
7/7/7/5/3/6/3/1/5 3 3,Z,-2,0,BLOCK,Z,0.3372298,0.3552468
7/7/7/1/3/6/3/5/3 3 3,Z,-2.20,0,BLOCK,Z,0.8541193,0.6943424
7/7/7/5/3/4/3/5/3 3 3,Z,2,2,BLOCK,Z,1.212309,0.7142372
7/7/7/5/3/6/3/1/3 3 3,Z,-2,0,BLOCK,Z,0.4431084,0.5285952
7/7/7/1/3/6/3/3/6 3 3,Z,-2,0,BLOCK,Z,0.3217787,0.5305311
7/7/7/5/3/4/3/3/6 3 3,Z,2.3333333333333333333333333334,0,BLOCK,Z,0.7581908,0.789335
7/7/7/1/3/6/3/3/5 3 3,Z,-2,2,BLOCK,Z,1.406391,0.9001304
7/7/7/5/3/4/3/3/5 3 3,Z,2.3333333333333333333333333334,0,BLOCK,Z,0.4086823,0.6900241
7/7/7/1/3/6/3/3/3 3 3,Z,-2,0,BLOCK,Z,1.362231,0.9619722
7/7/7/5/3/4/3/3/3 3 3,Z,2.3333333333333333333333333334,0,BLOCK,Z,0.5573254,0.7386415
7/7/7/1/3/6/3/7/4 3 3,Z,-2.20,0,BLOCK,Z,0.5768693,0.6669776
7/7/7/5/3/4/3/7/4 3 3,Z,2,0,BLOCK,Z,0.5702817,0.8080631
7/7/7/1/3/6/3/7/2 3 3,Z,-2.20,0,BLOCK,Z,0.7942168,0.789208
7/7/7/5/3/4/3/7/2 3 3,Z,2,2,BLOCK,Z,1.238981,0.8169033
7/7/7/1/3/6/3/7/1 3 3,Z,-2.20,0,BLOCK,Z,0.5878894,0.860182
7/7/7/5/3/4/3/7/1 3 3,Z,2,0,BLOCK,Z,0.4725306,0.799426
7/7/7/1/3/6/7/2/6 3 3,Z,-2.20,0,BLOCK,Z,0.6033008,0.7178354
7/7/7/5/3/4/7/2/6 3 3,Z,2,0,BLOCK,Z,0.357817,0.4745173
7/7/7/1/3/6/7/2/5 3 3,Z,-2.20,2,BLOCK,Z,1.386369,0.8193033
7/7/7/5/3/4/7/2/5 3 3,Z,2,0,BLOCK,Z,0.5748736,0.5888136
7/7/7/1/3/6/7/2/3 3 3,Z,-2.20,0,BLOCK,Z,0.3662896,0.5620117
7/7/7/5/3/4/7/2/3 3 3,Z,2,2,BLOCK,Z,1.309811,0.8349141
7/7/7/1/3/6/7/6/4 3 3,Z,-2.4,2,BLOCK,Z,1.30909,0.7781408
7/7/7/5/3/4/7/6/4 3 3,Z,1.6666666666666666666666666668,0,BLOCK,Z,0.6100101,0.5410719
7/7/7/5/3/6/7/4/4 3 3,Z,2,0,BLOCK,Z,0.2811328,0.4286417
7/7/7/1/3/6/7/6/2 3 3,Z,-2.4,0,BLOCK,Z,0.4344447,0.5420023
7/7/7/5/3/4/7/6/2 3 3,Z,1.6666666666666666666666666668,0,BLOCK,Z,0.2773806,0.5707957
7/7/7/5/3/6/7/4/2 3 3,Z,2,0,BLOCK,Z,0.2491312,0.369405
7/7/7/1/3/6/7/6/1 3 3,Z,-2.4,0,BLOCK,Z,0.285722,0.4962996
7/7/7/5/3/4/7/6/1 3 3,Z,1.6666666666666666666666666668,0,BLOCK,Z,0.5231617,0.6898488
7/7/7/5/3/6/7/4/1 3 3,Z,2,0,BLOCK,Z,0.3293075,0.4084715
7/7/7/1/3/6/7/5/4 3 3,Z,-2.20,0,BLOCK,Z,0.5323366,0.7826598
7/7/7/5/3/4/7/5/4 3 3,Z,2,2,BLOCK,Z,1.263466,0.7572439
7/7/7/5/3/6/7/1/4 3 3,Z,-2,0,BLOCK,Z,0.6295984,0.7225271
7/7/7/1/3/6/7/5/2 3 3,Z,-2.20,0,BLOCK,Z,0.9099781,0.7462033
7/7/7/5/3/4/7/5/2 3 3,Z,2,0,BLOCK,Z,0.7567768,0.608586
7/7/7/5/3/6/7/1/2 3 3,Z,-2,0,BLOCK,Z,0.1341372,0.1947578
7/7/7/1/3/6/7/5/1 3 3,Z,-2.20,0,BLOCK,Z,0.7287576,0.6930756
7/7/7/5/3/4/7/5/1 3 3,Z,2,0,BLOCK,Z,0.7321283,0.7730042
7/7/7/5/3/6/7/1/1 3 3,Z,-2,0,BLOCK,Z,0.1586328,0.2589433
7/7/7/1/3/6/7/3/4 3 3,Z,-2,0,BLOCK,Z,0.7864688,0.7115077
7/7/7/5/3/4/7/3/4 3 3,Z,2.3333333333333333333333333332,0,BLOCK,Z,0.4009,0.6933134
7/7/7/1/3/6/7/3/2 3 3,Z,-2,2,BLOCK,Z,1.397271,0.8895489
7/7/7/5/3/4/7/3/2 3 3,Z,2.3333333333333333333333333332,0,BLOCK,Z,0.6251683,0.7624657
7/7/7/1/3/6/7/3/1 3 3,Z,-2,0,BLOCK,Z,0.5596601,0.7753461
7/7/7/5/3/4/7/3/1 3 3,Z,2.3333333333333333333333333332,0,BLOCK,Z,0.4072361,0.7216228
7/7/7/1/3/5/2/6/7 3 3,Z,-2.20,0,BLOCK,Z,0.4475425,0.4546961
7/7/7/5/3/1/2/6/7 3 3,Z,-2.3333333333333333333333333334,0,BLOCK,Z,0.4757842,0.6772845
7/7/7/5/3/5/2/4/7 3 3,Z,2,0,BLOCK,Z,1.733435,1.083084
7/7/7/1/3/5/2/5/7 3 3,Z,-2,2,BLOCK,Z,0.8926728,0.5515051
7/7/7/5/3/1/2/5/7 3 3,Z,-2,0,BLOCK,Z,0.822764,0.7949224
7/7/7/5/3/5/2/1/7 3 3,Z,-2,0,BLOCK,Z,0.05755606,0.1643697
7/7/7/1/3/5/2/3/7 3 3,Z,-1.80,0,BLOCK,Z,0.6883751,0.5690009
7/7/7/5/3/1/2/3/7 3 3,Z,-1.6666666666666666666666666666,0,BLOCK,Z,0.6637645,0.6128756
7/7/7/1/3/5/2/7/6 3 3,Z,-2,0,BLOCK,Z,0.4283721,0.4915929
7/7/7/5/3/1/2/7/6 3 3,Z,-2,0,BLOCK,Z,0.6791617,0.8698993
7/7/7/1/3/5/2/7/5 3 3,Z,-2,0,BLOCK,Z,0.4382489,0.513327
7/7/7/5/3/1/2/7/5 3 3,Z,-2,0,BLOCK,Z,0.5987166,0.8979389
7/7/7/1/3/5/2/7/3 3 3,Z,-2,0,BLOCK,Z,0.6127087,0.4850595
7/7/7/5/3/1/2/7/3 3 3,Z,-2,0,BLOCK,Z,0.6240704,0.8274012
7/7/7/1/3/5/6/2/7 3 3,Z,-2,0,BLOCK,Z,0.7653143,0.5589262
7/7/7/5/3/1/6/2/7 3 3,Z,-2,0,BLOCK,Z,1.230627,0.8978811
7/7/7/5/3/5/4/2/7 3 3,X,2,0,BLOCK,X,0.5191463,0.5158051
7/7/7/1/3/5/6/6/6 3 3,Z,-2.20,2,BLOCK,Z,1.056362,0.5467739
7/7/7/5/3/1/6/6/6 3 3,Z,-2.3333333333333333333333333334,0,BLOCK,Z,0.7472984,0.8418835
7/7/7/5/3/5/4/6/6 3 3,X,1.5,0,BLOCK,X,0.5479077,0.4312491
7/7/7/5/3/5/6/4/6 3 3,Z,2,2,BLOCK,Z,1.610926,0.9737346
7/7/7/1/3/5/6/6/5 3 3,Z,-2.20,2,BLOCK,Z,1.011325,0.5117372
7/7/7/5/3/1/6/6/5 3 3,Z,-2.3333333333333333333333333334,0,BLOCK,Z,0.7697535,0.9200115
7/7/7/5/3/5/4/6/5 3 3,X,2,2,BLOCK,X,1.291089,0.8016204
7/7/7/5/3/5/6/4/5 3 3,Z,2,0,BLOCK,Z,1.720721,1.039521
7/7/7/1/3/5/6/6/3 3 3,Z,-2.20,2,BLOCK,Z,1.016045,0.6043215
7/7/7/5/3/1/6/6/3 3 3,Z,-2.3333333333333333333333333334,0,BLOCK,Z,1.409167,0.8769662
7/7/7/5/3/5/4/6/3 3 3,X,2.5,0,BLOCK,X,1.447129,1.020747
7/7/7/5/3/5/6/4/3 3 3,Z,2,0,BLOCK,Z,1.701658,1.088922
7/7/7/1/3/5/6/5/6 3 3,Z,-2,0,BLOCK,Z,0.4237679,0.4677735
7/7/7/5/3/1/6/5/6 3 3,Z,-2,0,BLOCK,Z,0.7921086,0.7154474
7/7/7/5/3/5/4/5/6 3 3,X,1.5,2,BLOCK,X,1.139223,0.7676245
7/7/7/5/3/5/6/1/6 3 3,Z,-2,0,BLOCK,Z,0.1661421,0.3428967
7/7/7/1/3/5/6/5/5 3 3,Z,-2,0,BLOCK,Z,0.8498291,0.4784614
7/7/7/5/3/1/6/5/5 3 3,Z,-2,0,BLOCK,Z,1.111595,0.7666
7/7/7/5/3/5/4/5/5 3 3,X,2,0,BLOCK,X,0.5542459,0.6057117
7/7/7/5/3/5/6/1/5 3 3,Z,-2,0,BLOCK,Z,1.721719,1.061592
7/7/7/1/3/5/6/5/3 3 3,Z,-2,0,BLOCK,Z,0.6689817,0.5130144
7/7/7/5/3/1/6/5/3 3 3,Z,-2,0,BLOCK,Z,0.8107193,0.7718541
7/7/7/5/3/5/4/5/3 3 3,X,2.5,0,BLOCK,X,0.6003481,0.7154059
7/7/7/5/3/5/6/1/3 3 3,Z,-2,0,BLOCK,Z,0.1278613,0.2026929
7/7/7/1/3/5/6/3/6 3 3,Z,-1.80,0,BLOCK,Z,0.5813605,0.5457261
7/7/7/5/3/1/6/3/6 3 3,Z,-1.6666666666666666666666666666,0,BLOCK,Z,0.7212034,0.6663806
7/7/7/5/3/5/4/3/6 3 3,X,1.5,0,BLOCK,X,0.5495538,0.50058
7/7/7/1/3/5/6/3/5 3 3,Z,-1.80,0,BLOCK,Z,0.7241098,0.4390031
7/7/7/5/3/1/6/3/5 3 3,Z,-1.6666666666666666666666666666,0,BLOCK,Z,0.816933,0.641668
7/7/7/5/3/5/4/3/5 3 3,X,2,0,BLOCK,X,0.5539203,0.5403733
7/7/7/1/3/5/6/3/3 3 3,Z,-1.80,0,BLOCK,Z,0.6295425,0.5875854
7/7/7/5/3/1/6/3/3 3 3,Z,-1.6666666666666666666666666666,2,BLOCK,Z,1.098187,0.6576157
7/7/7/5/3/5/4/3/3 3 3,X,2.5,0,BLOCK,X,0.9070947,0.6483281
7/7/7/1/3/5/6/7/4 3 3,Z,-2,0,BLOCK,Z,0.6244013,0.4864288
7/7/7/5/3/1/6/7/4 3 3,Z,-2,0,BLOCK,Z,0.7106643,0.8277953
7/7/7/5/3/5/4/7/4 3 3,X,1.5,0,BLOCK,X,0.4151217,0.3582906
7/7/7/1/3/5/6/7/2 3 3,Z,-2,0,BLOCK,Z,0.4911175,0.3936134
7/7/7/5/3/1/6/7/2 3 3,Z,-2,0,BLOCK,Z,0.6970391,0.8041922
7/7/7/5/3/5/4/7/2 3 3,X,2,0,BLOCK,X,0.5973704,0.6636759
7/7/7/1/3/5/6/7/1 3 3,Z,-2,0,BLOCK,Z,0.3968287,0.4610328
7/7/7/5/3/1/6/7/1 3 3,Z,-2,2,BLOCK,Z,1.260764,0.7827559
7/7/7/5/3/5/4/7/1 3 3,X,2.5,0,BLOCK,X,0.6419259,0.497675
7/7/7/1/3/5/5/2/7 3 3,Z,-2,0,BLOCK,Z,0.4054992,0.519738
7/7/7/5/3/1/5/2/7 3 3,Z,-2,0,BLOCK,Z,1.188844,0.7822688
7/7/7/5/3/5/1/2/7 3 3,X,-2,0,BLOCK,X,0.8605235,0.848136
7/7/7/1/3/5/5/6/6 3 3,Z,-2.20,0,BLOCK,Z,0.699037,0.4470538
7/7/7/5/3/1/5/6/6 3 3,Z,-2.3333333333333333333333333334,0,BLOCK,Z,0.4783491,0.6638864
7/7/7/5/3/5/1/6/6 3 3,X,-2.5,0,BLOCK,X,1.563995,1.119252
7/7/7/5/3/5/5/4/6 3 3,Z,2,0,BLOCK,Z,1.601388,1.044158
7/7/7/1/3/5/5/6/5 3 3,Z,-2.20,2,BLOCK,Z,0.9997867,0.6273568
7/7/7/5/3/1/5/6/5 3 3,Z,-2.3333333333333333333333333334,0,BLOCK,Z,0.4702239,0.6542395
7/7/7/5/3/5/1/6/5 3 3,X,-2,0,BLOCK,X,0.898151,0.7726586
7/7/7/5/3/5/5/4/5 3 3,Z,2,0,BLOCK,Z,0.1837089,0.3481115
7/7/7/1/3/5/5/6/3 3 3,Z,-2.20,0,BLOCK,Z,0.4473726,0.5212151
7/7/7/5/3/1/5/6/3 3 3,Z,-2.3333333333333333333333333334,0,BLOCK,Z,0.5931101,0.6968042
7/7/7/5/3/5/1/6/3 3 3,X,-1.5,2,BLOCK,X,1.153457,0.6924642
7/7/7/5/3/5/5/4/3 3 3,Z,2,0,BLOCK,Z,1.670419,0.9998036
7/7/7/1/3/5/5/5/6 3 3,Z,-2,2,BLOCK,Z,0.9405328,0.5853648
7/7/7/5/3/1/5/5/6 3 3,Z,-2,0,BLOCK,Z,0.7139735,0.6873835
7/7/7/5/3/5/1/5/6 3 3,X,-2.5,2,BLOCK,X,1.630077,0.9708834
7/7/7/5/3/5/5/1/6 3 3,Z,-2,0,BLOCK,Z,0.6282369,0.4679326
7/7/7/1/3/5/5/5/5 3 3,Z,-2,2,BLOCK,Z,0.9678698,0.5394
7/7/7/5/3/1/5/5/5 3 3,Z,-2,0,BLOCK,Z,0.5254844,0.6666503
7/7/7/5/3/5/1/5/5 3 3,X,-2,0,BLOCK,X,0.5630403,0.7194567
7/7/7/5/3/5/5/1/5 3 3,Z,-2,0,BLOCK,Z,0.1770803,0.3435875
7/7/7/1/3/5/5/5/3 3 3,Z,-2,0,BLOCK,Z,0.4001486,0.4813129
7/7/7/5/3/1/5/5/3 3 3,Z,-2,2,BLOCK,Z,1.169599,0.8306092
7/7/7/5/3/5/1/5/3 3 3,X,-1.5,0,BLOCK,X,0.6958317,0.6143937
7/7/7/5/3/5/5/1/3 3 3,Z,-2,2,BLOCK,Z,1.700469,1.01828
7/7/7/1/3/5/5/3/6 3 3,Z,-1.80,0,BLOCK,Z,0.5766248,0.5333391
7/7/7/5/3/1/5/3/6 3 3,Z,-1.6666666666666666666666666666,0,BLOCK,Z,0.5796845,0.5725662
7/7/7/5/3/5/1/3/6 3 3,X,-2.5,0,BLOCK,X,1.317718,1.041625
7/7/7/1/3/5/5/3/5 3 3,Z,-1.80,0,BLOCK,Z,0.3363534,0.4765085
7/7/7/5/3/1/5/3/5 3 3,Z,-1.6666666666666666666666666666,2,BLOCK,Z,1.087793,0.7273691
7/7/7/5/3/5/1/3/5 3 3,X,-2,0,BLOCK,X,0.6109315,0.6231843
7/7/7/1/3/5/5/3/3 3 3,Z,-1.80,0,BLOCK,Z,0.8642638,0.405953
7/7/7/5/3/1/5/3/3 3 3,Z,-1.6666666666666666666666666666,0,BLOCK,Z,0.3450702,0.5383593
7/7/7/5/3/5/1/3/3 3 3,X,-1.5,0,BLOCK,X,0.6152718,0.5925214
7/7/7/1/3/5/5/7/4 3 3,Z,-2,2,BLOCK,Z,0.9893386,0.6058797
7/7/7/5/3/1/5/7/4 3 3,Z,-2,2,BLOCK,Z,1.256396,0.7807928
7/7/7/5/3/5/1/7/4 3 3,X,-2.5,0,BLOCK,X,1.689335,1.142329
7/7/7/1/3/5/5/7/2 3 3,Z,-2,0,BLOCK,Z,0.4350452,0.5051388
7/7/7/5/3/1/5/7/2 3 3,Z,-2,0,BLOCK,Z,0.6233918,0.7109221
7/7/7/5/3/5/1/7/2 3 3,X,-2,0,BLOCK,X,0.6057192,0.7403983
7/7/7/1/3/5/5/7/1 3 3,Z,-2,0,BLOCK,Z,0.6593411,0.6387621
7/7/7/5/3/1/5/7/1 3 3,Z,-2,0,BLOCK,Z,0.5901971,0.8108433
7/7/7/5/3/5/1/7/1 3 3,X,-1.5,0,BLOCK,X,0.5380897,0.5779879
7/7/7/1/3/5/3/2/7 3 3,Z,-2,0,BLOCK,Z,0.634756,0.5986483
7/7/7/5/3/1/3/2/7 3 3,Z,-2,0,BLOCK,Z,0.3432349,0.5525602
7/7/7/1/3/5/3/6/6 3 3,Z,-2.20,0,BLOCK,Z,0.3861654,0.4830214
7/7/7/5/3/1/3/6/6 3 3,Z,-2.3333333333333333333333333334,0,BLOCK,Z,0.5219156,0.7612731
7/7/7/5/3/5/3/4/6 3 3,Z,2,0,BLOCK,Z,1.522886,1.034318
7/7/7/1/3/5/3/6/5 3 3,Z,-2.20,2,BLOCK,Z,0.9885805,0.6156199
7/7/7/5/3/1/3/6/5 3 3,Z,-2.3333333333333333333333333334,2,BLOCK,Z,1.395377,0.8522656
7/7/7/5/3/5/3/4/5 3 3,Z,2,0,BLOCK,Z,0.1137695,0.2138675
7/7/7/1/3/5/3/6/3 3 3,Z,-2.20,0,BLOCK,Z,0.6462935,0.6118643
7/7/7/5/3/1/3/6/3 3 3,Z,-2.3333333333333333333333333334,2,BLOCK,Z,1.406598,0.8604918
7/7/7/5/3/5/3/4/3 3 3,Z,2,0,BLOCK,Z,0.128329,0.2935025
7/7/7/1/3/5/3/5/6 3 3,Z,-2,0,BLOCK,Z,0.3924241,0.4400049
7/7/7/5/3/1/3/5/6 3 3,Z,-2,0,BLOCK,Z,0.5054705,0.6635916
7/7/7/5/3/5/3/1/6 3 3,Z,-2,0,BLOCK,Z,1.683958,1.061392
7/7/7/1/3/5/3/5/5 3 3,Z,-2,0,BLOCK,Z,0.7917132,0.4107511
7/7/7/5/3/1/3/5/5 3 3,Z,-2,0,BLOCK,Z,0.8436504,0.6833923
7/7/7/5/3/5/3/1/5 3 3,Z,-2,0,BLOCK,Z,0.1638821,0.2645405
7/7/7/1/3/5/3/5/3 3 3,Z,-2,0,BLOCK,Z,0.7543824,0.5139202
7/7/7/5/3/1/3/5/3 3 3,Z,-2,2,BLOCK,Z,1.191069,0.8037257
7/7/7/5/3/5/3/1/3 3 3,Z,-2,0,BLOCK,Z,0.1651688,0.3092509
7/7/7/1/3/5/3/3/6 3 3,Z,-1.80,0,BLOCK,Z,0.608048,0.5814144
7/7/7/5/3/1/3/3/6 3 3,Z,-1.6666666666666666666666666666,0,BLOCK,Z,0.4313166,0.6627311
7/7/7/1/3/5/3/3/5 3 3,Z,-1.80,0,BLOCK,Z,0.6430761,0.4681991
7/7/7/5/3/1/3/3/5 3 3,Z,-1.6666666666666666666666666666,2,BLOCK,Z,1.079301,0.689722
7/7/7/1/3/5/3/3/3 3 3,Z,-1.80,0,BLOCK,Z,0.8194172,0.486746
7/7/7/5/3/1/3/3/3 3 3,Z,-1.6666666666666666666666666666,0,BLOCK,Z,0.6398239,0.6669626
7/7/7/1/3/5/3/7/4 3 3,Z,-2,0,BLOCK,Z,0.4635204,0.4980012
7/7/7/5/3/1/3/7/4 3 3,Z,-2,0,BLOCK,Z,0.514269,0.6857293
7/7/7/1/3/5/3/7/2 3 3,Z,-2,0,BLOCK,Z,0.4741011,0.4499107
7/7/7/5/3/1/3/7/2 3 3,Z,-2,0,BLOCK,Z,0.462006,0.705516
7/7/7/1/3/5/3/7/1 3 3,Z,-2,2,BLOCK,Z,1.014387,0.5581768
7/7/7/5/3/1/3/7/1 3 3,Z,-2,0,BLOCK,Z,0.473874,0.7615554
7/7/7/1/3/5/7/2/6 3 3,Z,-2,0,BLOCK,Z,0.8372235,0.50336
7/7/7/5/3/1/7/2/6 3 3,Z,-2,0,BLOCK,Z,0.5143201,0.5238503
7/7/7/1/3/5/7/2/5 3 3,Z,-2,2,BLOCK,Z,0.977049,0.5635939
7/7/7/5/3/1/7/2/5 3 3,Z,-2,0,BLOCK,Z,1.518302,0.9802758
7/7/7/1/3/5/7/2/3 3 3,Z,-2,0,BLOCK,Z,0.7441499,0.6170689
7/7/7/5/3/1/7/2/3 3 3,Z,-2,2,BLOCK,Z,1.342839,0.9553419
7/7/7/1/3/5/7/6/4 3 3,Z,-2.20,2,BLOCK,Z,1.064841,0.6919545
7/7/7/5/3/1/7/6/4 3 3,Z,-2.3333333333333333333333333332,0,BLOCK,Z,0.7083736,0.8528925
7/7/7/5/3/5/7/4/4 3 3,Z,2,0,BLOCK,Z,0.3014857,0.4274384
7/7/7/1/3/5/7/6/2 3 3,Z,-2.20,0,BLOCK,Z,0.5263212,0.5740402
7/7/7/5/3/1/7/6/2 3 3,Z,-2.3333333333333333333333333332,0,BLOCK,Z,0.4544499,0.7113706
7/7/7/5/3/5/7/4/2 3 3,Z,2,0,BLOCK,Z,0.1585226,0.2628227
7/7/7/1/3/5/7/6/1 3 3,Z,-2.20,0,BLOCK,Z,0.5850672,0.6004309
7/7/7/5/3/1/7/6/1 3 3,Z,-2.3333333333333333333333333332,0,BLOCK,Z,0.6484285,0.7882478
7/7/7/5/3/5/7/4/1 3 3,Z,2,0,BLOCK,Z,0.1396912,0.2565399
7/7/7/1/3/5/7/5/4 3 3,Z,-2,0,BLOCK,Z,0.5257918,0.549716
7/7/7/5/3/1/7/5/4 3 3,Z,-2,0,BLOCK,Z,0.4983491,0.710465
7/7/7/5/3/5/7/1/4 3 3,Z,-2,0,BLOCK,Z,0.3310378,0.4686771
7/7/7/1/3/5/7/5/2 3 3,Z,-2,2,BLOCK,Z,1.001014,0.5887165
7/7/7/5/3/1/7/5/2 3 3,Z,-2,0,BLOCK,Z,0.7962236,0.8459852
7/7/7/5/3/5/7/1/2 3 3,Z,-2,0,BLOCK,Z,0.1290917,0.231857
7/7/7/1/3/5/7/5/1 3 3,Z,-2,2,BLOCK,Z,0.9875813,0.5757291
7/7/7/5/3/1/7/5/1 3 3,Z,-2,0,BLOCK,Z,0.4262524,0.6954929
7/7/7/5/3/5/7/1/1 3 3,Z,-2,0,BLOCK,Z,0.1349993,0.2461357
7/7/7/1/3/5/7/3/4 3 3,Z,-1.80,2,BLOCK,Z,0.9284396,0.5398521
7/7/7/5/3/1/7/3/4 3 3,Z,-1.6666666666666666666666666668,0,BLOCK,Z,0.5058755,0.6439114
7/7/7/1/3/5/7/3/2 3 3,Z,-1.80,0,BLOCK,Z,0.5424395,0.5596173
7/7/7/5/3/1/7/3/2 3 3,Z,-1.6666666666666666666666666668,2,BLOCK,Z,1.16528,0.7666487
7/7/7/1/3/5/7/3/1 3 3,Z,-1.80,0,BLOCK,Z,0.7186106,0.6213454
7/7/7/5/3/1/7/3/1 3 3,Z,-1.6666666666666666666666666668,0,BLOCK,Z,1.078489,0.934737
7/7/7/1/3/3/2/6/7 3 3,Z,-2,0,BLOCK,Z,0.4037891,0.4747642
7/7/7/5/3/3/2/4/7 3 3,Z,2,0,BLOCK,Z,1.555874,0.9852095
7/7/7/1/3/3/2/5/7 3 3,Z,-1.80,0,BLOCK,Z,0.3569378,0.4484633
7/7/7/5/3/3/2/1/7 3 3,Z,-2,2,BLOCK,Z,1.5516,0.9711167
7/7/7/1/3/3/2/3/7 3 3,Z,-1.6,2,BLOCK,Z,0.79594,0.4863887
7/7/7/1/3/3/2/7/6 3 3,Z,-1.80,2,BLOCK,Z,0.9063787,0.4889376
7/7/7/1/3/3/2/7/5 3 3,Z,-1.80,0,BLOCK,Z,0.4359338,0.4601777
7/7/7/1/3/3/2/7/3 3 3,Z,-1.80,0,BLOCK,Z,0.2882592,0.3413348
7/7/7/1/3/3/6/2/7 3 3,Z,-1.80,0,BLOCK,Z,0.6198075,0.5077228
7/7/7/5/3/3/4/2/7 3 3,X,2,0,BLOCK,X,0.7098858,0.6548414
7/7/7/1/3/3/6/6/6 3 3,Z,-2,0,BLOCK,Z,0.4309323,0.5698885
7/7/7/5/3/3/4/6/6 3 3,X,1.5,0,BLOCK,X,0.327739,0.4644129
7/7/7/5/3/3/6/4/6 3 3,Z,2,0,BLOCK,Z,0.4991879,0.4527796
7/7/7/1/3/3/6/6/5 3 3,Z,-2,2,BLOCK,Z,1.019151,0.5017346
7/7/7/5/3/3/4/6/5 3 3,X,2,0,BLOCK,X,0.8459834,0.558598
7/7/7/5/3/3/6/4/5 3 3,Z,2,0,BLOCK,Z,0.4116054,0.4535273
7/7/7/1/3/3/6/6/3 3 3,Z,-2,2,BLOCK,Z,0.9717531,0.5970786
7/7/7/5/3/3/4/6/3 3 3,X,2.5,0,BLOCK,X,1.529204,1.043516
7/7/7/5/3/3/6/4/3 3 3,Z,2,0,BLOCK,Z,0.3873247,0.3515894
7/7/7/1/3/3/6/5/6 3 3,Z,-1.80,0,BLOCK,Z,0.5675738,0.482829
7/7/7/5/3/3/4/5/6 3 3,X,1.5,0,BLOCK,X,0.4466897,0.4252508
7/7/7/5/3/3/6/1/6 3 3,Z,-2,2,BLOCK,Z,1.624241,0.9965108
7/7/7/1/3/3/6/5/5 3 3,Z,-1.80,0,BLOCK,Z,0.3505684,0.4533283
7/7/7/5/3/3/4/5/5 3 3,X,2,0,BLOCK,X,0.7076644,0.673011
7/7/7/5/3/3/6/1/5 3 3,Z,-2,0,BLOCK,Z,0.3303577,0.4336469
7/7/7/1/3/3/6/5/3 3 3,Z,-1.80,0,BLOCK,Z,0.4537986,0.4907863
7/7/7/5/3/3/4/5/3 3 3,X,2.5,0,BLOCK,X,0.750116,0.7575072
7/7/7/5/3/3/6/1/3 3 3,Z,-2,0,BLOCK,Z,1.668351,1.087343
7/7/7/1/3/3/6/3/6 3 3,Z,-1.6,2,BLOCK,Z,0.8214948,0.4565564
7/7/7/5/3/3/4/3/6 3 3,X,1.5,2,BLOCK,X,1.111135,0.7799037
7/7/7/1/3/3/6/3/5 3 3,Z,-1.6,0,BLOCK,Z,0.3082443,0.3576984
7/7/7/5/3/3/4/3/5 3 3,X,2,0,BLOCK,X,0.4672178,0.5030616
7/7/7/1/3/3/6/3/3 3 3,Z,-1.6,2,BLOCK,Z,0.8113306,0.5055914
7/7/7/5/3/3/4/3/3 3 3,X,2.5,0,BLOCK,X,0.7279387,0.8274717
7/7/7/1/3/3/6/7/4 3 3,Z,-1.80,0,BLOCK,Z,0.3648982,0.3173496
7/7/7/5/3/3/4/7/4 3 3,X,1.5,0,BLOCK,X,0.1068376,0.2947769
7/7/7/1/3/3/6/7/2 3 3,Z,-1.80,0,BLOCK,Z,0.3261222,0.3890474
7/7/7/5/3/3/4/7/2 3 3,X,2,0,BLOCK,X,0.4870841,0.5940201
7/7/7/1/3/3/6/7/1 3 3,Z,-1.80,2,BLOCK,Z,0.9307842,0.5558468
7/7/7/5/3/3/4/7/1 3 3,X,2.5,0,BLOCK,X,0.6932184,0.6670574
7/7/7/1/3/3/5/2/7 3 3,Z,-1.80,2,BLOCK,Z,0.9161308,0.4904912
7/7/7/5/3/3/1/2/7 3 3,X,-2,0,BLOCK,X,0.6592946,0.8041188
7/7/7/1/3/3/5/6/6 3 3,Z,-2,0,BLOCK,Z,0.4436688,0.4372595
7/7/7/5/3/3/1/6/6 3 3,X,-2.5,0,BLOCK,X,0.6441284,0.9530292
7/7/7/5/3/3/5/4/6 3 3,Z,2,0,BLOCK,Z,0.4206913,0.4491053
7/7/7/1/3/3/5/6/5 3 3,Z,-2,0,BLOCK,Z,0.4219638,0.5285916
7/7/7/5/3/3/1/6/5 3 3,X,-2,0,BLOCK,X,0.7382936,0.758943
7/7/7/5/3/3/5/4/5 3 3,Z,2,2,BLOCK,Z,1.556165,0.9359723
7/7/7/1/3/3/5/6/3 3 3,Z,-2,0,BLOCK,Z,0.3188023,0.4362926
7/7/7/5/3/3/1/6/3 3 3,X,-1.5,0,BLOCK,X,1.275101,0.7694199
7/7/7/5/3/3/5/4/3 3 3,Z,2,0,BLOCK,Z,1.4316,0.9699121
7/7/7/1/3/3/5/5/6 3 3,Z,-1.80,2,BLOCK,Z,0.878341,0.5677933
7/7/7/5/3/3/1/5/6 3 3,X,-2.5,0,BLOCK,X,0.8444006,0.7826228
7/7/7/5/3/3/5/1/6 3 3,Z,-2,0,BLOCK,Z,1.720387,1.074095
7/7/7/1/3/3/5/5/5 3 3,Z,-1.80,0,BLOCK,Z,0.6393585,0.5980401
7/7/7/5/3/3/1/5/5 3 3,X,-2,0,BLOCK,X,0.8509161,0.7674746
7/7/7/5/3/3/5/1/5 3 3,Z,-2,0,BLOCK,Z,0.3120001,0.4857187
7/7/7/1/3/3/5/5/3 3 3,Z,-1.80,0,BLOCK,Z,0.3592393,0.5218819
7/7/7/5/3/3/1/5/3 3 3,X,-1.5,0,BLOCK,X,0.5738626,0.6693076
7/7/7/5/3/3/5/1/3 3 3,Z,-2,0,BLOCK,Z,1.655712,1.07277
7/7/7/1/3/3/5/3/6 3 3,Z,-1.6,0,BLOCK,Z,0.4678544,0.5257214
7/7/7/5/3/3/1/3/6 3 3,X,-2.5,0,BLOCK,X,0.6435758,0.9281746
7/7/7/1/3/3/5/3/5 3 3,Z,-1.6,0,BLOCK,Z,0.480039,0.4766947
7/7/7/5/3/3/1/3/5 3 3,X,-2,0,BLOCK,X,0.6249914,0.7095653
7/7/7/1/3/3/5/3/3 3 3,Z,-1.6,0,BLOCK,Z,0.3848379,0.4066878
7/7/7/5/3/3/1/3/3 3 3,X,-1.5,2,BLOCK,X,1.217028,0.6958935
7/7/7/1/3/3/5/7/4 3 3,Z,-1.80,2,BLOCK,Z,0.9825673,0.4721518
7/7/7/5/3/3/1/7/4 3 3,X,-2.5,2,BLOCK,X,1.678774,1.028587
7/7/7/1/3/3/5/7/2 3 3,Z,-1.80,2,BLOCK,Z,0.9562338,0.5619719
7/7/7/5/3/3/1/7/2 3 3,X,-2,0,BLOCK,X,1.590684,1.029241
7/7/7/1/3/3/5/7/1 3 3,Z,-1.80,0,BLOCK,Z,0.271466,0.450229
7/7/7/5/3/3/1/7/1 3 3,X,-1.5,0,BLOCK,X,0.3979094,0.5320131
7/7/7/1/3/3/3/2/7 3 3,Z,-1.80,0,BLOCK,Z,0.5944645,0.5052933
7/7/7/1/3/3/3/6/6 3 3,Z,-2,0,BLOCK,Z,0.5231602,0.4903326
7/7/7/5/3/3/3/4/6 3 3,Z,2,0,BLOCK,Z,1.67441,1.027994
7/7/7/1/3/3/3/6/5 3 3,Z,-2,0,BLOCK,Z,0.5996816,0.6171878
7/7/7/5/3/3/3/4/5 3 3,Z,2,0,BLOCK,Z,0.4646849,0.4741856
7/7/7/1/3/3/3/6/3 3 3,Z,-2,0,BLOCK,Z,0.4961751,0.5569245
7/7/7/5/3/3/3/4/3 3 3,Z,2,0,BLOCK,Z,0.4883976,0.5915073
7/7/7/1/3/3/3/5/6 3 3,Z,-1.80,2,BLOCK,Z,0.8687927,0.5571715
7/7/7/5/3/3/3/1/6 3 3,Z,-2,0,BLOCK,Z,1.115658,0.5098755
7/7/7/1/3/3/3/5/5 3 3,Z,-1.80,0,BLOCK,Z,0.3624029,0.4429637
7/7/7/5/3/3/3/1/5 3 3,Z,-2,0,BLOCK,Z,0.331218,0.3720343
7/7/7/1/3/3/3/5/3 3 3,Z,-1.80,0,BLOCK,Z,0.4949573,0.4045948
7/7/7/5/3/3/3/1/3 3 3,Z,-2,0,BLOCK,Z,0.3740876,0.5248898
7/7/7/1/3/3/3/3/6 3 3,Z,-1.6,2,BLOCK,Z,0.8337295,0.5301343
7/7/7/1/3/3/3/3/5 3 3,Z,-1.6,0,BLOCK,Z,0.6675313,0.5625098
7/7/7/1/3/3/3/3/3 3 3,Z,-1.6,2,BLOCK,Z,0.8536991,0.4280129
7/7/7/1/3/3/3/7/4 3 3,Z,-1.80,0,BLOCK,Z,0.2103757,0.3475686
7/7/7/1/3/3/3/7/2 3 3,Z,-1.80,2,BLOCK,Z,0.9331008,0.5577691
7/7/7/1/3/3/3/7/1 3 3,Z,-1.80,0,BLOCK,Z,0.3927092,0.5324052
7/7/7/1/3/3/7/2/6 3 3,Z,-1.80,0,BLOCK,Z,0.5422487,0.6798314
7/7/7/1/3/3/7/2/5 3 3,Z,-1.80,0,BLOCK,Z,0.6539904,0.5709487
7/7/7/1/3/3/7/2/3 3 3,Z,-1.80,0,BLOCK,Z,0.5798515,0.495723
7/7/7/1/3/3/7/6/4 3 3,Z,-2,0,BLOCK,Z,0.3582643,0.4307757
7/7/7/5/3/3/7/4/4 3 3,Z,2,2,BLOCK,Z,1.629518,0.9947638
7/7/7/1/3/3/7/6/2 3 3,Z,-2,0,BLOCK,Z,0.352271,0.4980448
7/7/7/5/3/3/7/4/2 3 3,Z,2,0,BLOCK,Z,0.5140876,0.5486324
7/7/7/1/3/3/7/6/1 3 3,Z,-2,2,BLOCK,Z,1.030622,0.6233999
7/7/7/5/3/3/7/4/1 3 3,Z,2,0,BLOCK,Z,0.15285,0.2416296
7/7/7/1/3/3/7/5/4 3 3,Z,-1.80,0,BLOCK,Z,0.5263411,0.4541353
7/7/7/5/3/3/7/1/4 3 3,Z,-2,0,BLOCK,Z,0.3185684,0.4765241
7/7/7/1/3/3/7/5/2 3 3,Z,-1.80,0,BLOCK,Z,0.3621202,0.4346056
7/7/7/5/3/3/7/1/2 3 3,Z,-2,0,BLOCK,Z,0.2491051,0.3756254
7/7/7/1/3/3/7/5/1 3 3,Z,-1.80,0,BLOCK,Z,0.2981274,0.5603407
7/7/7/5/3/3/7/1/1 3 3,Z,-2,0,BLOCK,Z,0.3111875,0.4046016
7/7/7/1/3/3/7/3/4 3 3,Z,-1.6,0,BLOCK,Z,0.4617021,0.4765201
7/7/7/1/3/3/7/3/2 3 3,Z,-1.6,0,BLOCK,Z,0.4228747,0.5423827
7/7/7/1/3/3/7/3/1 3 3,Z,-1.6,2,BLOCK,Z,0.8855029,0.5485282
7/7/7/1/3/7/2/2/7 3 3,Z,-2,0,BLOCK,Z,0.7933612,0.6002608
7/7/7/1/3/7/2/6/6 3 3,Z,-2.20,2,BLOCK,Z,1.056647,0.634348
7/7/7/5/3/7/2/4/6 3 3,Z,2,0,BLOCK,Z,1.754829,1.047779
7/7/7/1/3/7/2/6/5 3 3,Z,-2.20,2,BLOCK,Z,1.033084,0.6061264
7/7/7/5/3/7/2/4/5 3 3,Z,2,0,BLOCK,Z,1.675951,0.9738017
7/7/7/1/3/7/2/6/3 3 3,Z,-2.20,0,BLOCK,Z,0.5046749,0.5534571
7/7/7/5/3/7/2/4/3 3 3,Z,2,0,BLOCK,Z,0.1764697,0.2878487
7/7/7/1/3/7/2/5/6 3 3,Z,-2,0,BLOCK,Z,0.6660233,0.4948713
7/7/7/5/3/7/2/1/6 3 3,Z,-2,0,BLOCK,Z,0.1174714,0.2382563
7/7/7/1/3/7/2/5/5 3 3,Z,-2,2,BLOCK,Z,0.9559944,0.5583999
7/7/7/5/3/7/2/1/5 3 3,Z,-2,0,BLOCK,Z,1.695459,1.04717
7/7/7/1/3/7/2/5/3 3 3,Z,-2,0,BLOCK,Z,0.7861584,0.4888806
7/7/7/5/3/7/2/1/3 3 3,Z,-2,0,BLOCK,Z,0.0309615,0.1656656
7/7/7/1/3/7/2/3/6 3 3,Z,-1.80,0,BLOCK,Z,0.5163758,0.4048466
7/7/7/1/3/7/2/3/5 3 3,Z,-1.80,0,BLOCK,Z,0.6411892,0.6590548
7/7/7/1/3/7/2/3/3 3 3,Z,-1.80,0,BLOCK,Z,0.5241129,0.5238492
7/7/7/1/3/7/2/7/4 3 3,Z,-2,0,BLOCK,Z,0.3947712,0.4842105
7/7/7/1/3/7/2/7/2 3 3,Z,-2,0,BLOCK,Z,0.3674479,0.4987647
7/7/7/1/3/7/2/7/1 3 3,Z,-2,0,BLOCK,Z,0.7718264,0.5247753
7/7/7/1/3/7/6/2/6 3 3,Z,-2,2,BLOCK,Z,1.031854,0.6432208
7/7/7/5/3/7/4/2/6 3 3,X,1.3333333333333333333333333334,0,BLOCK,X,0.6430575,0.4290285
7/7/7/1/3/7/6/2/5 3 3,Z,-2,0,BLOCK,Z,0.5928383,0.5756527
7/7/7/5/3/7/4/2/5 3 3,X,2,0,BLOCK,X,0.547076,0.6026881
7/7/7/5/3/7/6/2/1 3 3,X,1,2,BLOCK,X,1.312648,0.8965605
7/7/7/1/3/7/6/2/3 3 3,Z,-2,0,BLOCK,Z,0.3451294,0.5561903
7/7/7/5/3/7/4/2/3 3 3,X,2.6666666666666666666666666666,0,BLOCK,X,0.7534223,0.8477291
7/7/7/1/3/7/6/6/4 3 3,Z,-2.20,0,BLOCK,Z,0.7603875,0.5151978
7/7/7/5/3/7/4/6/4 3 3,X,1.3333333333333333333333333334,2,BLOCK,X,0.9552874,0.5416392
7/7/7/5/3/7/6/4/4 3 3,Z,2,0,BLOCK,Z,0.2097898,0.3661864
7/7/7/1/3/7/6/6/2 3 3,Z,-2.20,0,BLOCK,Z,0.159026,0.2571147
7/7/7/5/3/7/4/6/2 3 3,X,2,0,BLOCK,X,0.589317,0.694547
7/7/7/5/3/7/6/4/2 3 3,Z,2,0,BLOCK,Z,0.1565758,0.2706302
7/7/7/1/3/7/6/6/1 3 3,Z,-2.20,0,BLOCK,Z,0.4836521,0.5575927
7/7/7/5/3/7/4/6/1 3 3,X,2.6666666666666666666666666666,0,BLOCK,X,0.3648421,0.5300483
7/7/7/5/3/7/6/4/1 3 3,Z,2,0,BLOCK,Z,1.673376,1.001543
7/7/7/1/3/7/6/5/4 3 3,Z,-2,0,BLOCK,Z,0.259743,0.3709283
7/7/7/5/3/7/4/5/4 3 3,X,1.3333333333333333333333333334,0,BLOCK,X,0.5653557,0.5041903
7/7/7/5/3/7/6/1/4 3 3,Z,-2,0,BLOCK,Z,0.254408,0.3837961
7/7/7/1/3/7/6/5/2 3 3,Z,-2,0,BLOCK,Z,0.7274168,0.6109155
7/7/7/5/3/7/4/5/2 3 3,X,2,0,BLOCK,X,0.6965576,0.7344685
7/7/7/5/3/7/6/1/2 3 3,Z,-2,0,BLOCK,Z,0.144529,0.2571155
7/7/7/1/3/7/6/5/1 3 3,Z,-2,0,BLOCK,Z,0.7089779,0.5799484
7/7/7/5/3/7/4/5/1 3 3,X,2.6666666666666666666666666666,0,BLOCK,X,0.5239341,0.6272333
7/7/7/5/3/7/6/1/1 3 3,Z,-2,0,BLOCK,Z,1.64711,1.010457
7/7/7/1/3/7/6/3/4 3 3,Z,-1.80,2,BLOCK,Z,0.9737223,0.5618403
7/7/7/5/3/7/4/3/4 3 3,X,1.3333333333333333333333333334,2,BLOCK,X,0.9018262,0.561194
7/7/7/1/3/7/6/3/2 3 3,Z,-1.80,0,BLOCK,Z,0.8141699,0.506641
7/7/7/5/3/7/4/3/2 3 3,X,2,2,BLOCK,X,1.579126,0.9021912
7/7/7/1/3/7/6/3/1 3 3,Z,-1.80,0,BLOCK,Z,0.4269207,0.5420758
7/7/7/5/3/7/4/3/1 3 3,X,2.6666666666666666666666666666,0,BLOCK,X,0.4187924,0.4943885
7/7/7/1/3/7/5/2/6 3 3,Z,-2,2,BLOCK,Z,1.009594,0.5696314
7/7/7/5/3/7/1/2/6 3 3,X,-2.6666666666666666666666666666,0,BLOCK,X,0.6784341,0.9856252
7/7/7/1/3/7/5/2/5 3 3,Z,-2,0,BLOCK,Z,0.7514154,0.561233
7/7/7/5/3/7/1/2/5 3 3,X,-2,0,BLOCK,X,0.5666075,0.7618388
7/7/7/1/3/7/5/2/3 3 3,Z,-2,0,BLOCK,Z,0.5433158,0.6462014
7/7/7/5/3/7/1/2/3 3 3,X,-1.3333333333333333333333333334,0,BLOCK,X,0.3889183,0.5083671
7/7/7/1/3/7/5/6/4 3 3,Z,-2.20,2,BLOCK,Z,1.162168,0.652872
7/7/7/5/3/7/1/6/4 3 3,X,-2.6666666666666666666666666666,0,BLOCK,X,0.4281458,0.6413124
7/7/7/5/3/7/5/4/4 3 3,Z,2,0,BLOCK,Z,0.1815875,0.3399479
7/7/7/1/3/7/5/6/2 3 3,Z,-2.20,2,BLOCK,Z,1.050162,0.6191126
7/7/7/5/3/7/1/6/2 3 3,X,-2,0,BLOCK,X,0.4471138,0.6265175
7/7/7/5/3/7/5/4/2 3 3,Z,2,0,BLOCK,Z,1.717436,1.028715
7/7/7/1/3/7/5/6/1 3 3,Z,-2.20,0,BLOCK,Z,0.7903213,0.7692632
7/7/7/5/3/7/1/6/1 3 3,X,-1.3333333333333333333333333334,0,BLOCK,X,0.446494,0.5691833
7/7/7/5/3/7/5/4/1 3 3,Z,2,0,BLOCK,Z,0.1445937,0.277339
7/7/7/1/3/7/5/5/4 3 3,Z,-2,0,BLOCK,Z,0.4190089,0.5526395
7/7/7/5/3/7/1/5/4 3 3,X,-2.6666666666666666666666666666,0,BLOCK,X,0.2967798,0.5270228
7/7/7/5/3/7/5/1/4 3 3,Z,-2,0,BLOCK,Z,0.2316932,0.3966073
7/7/7/1/3/7/5/5/2 3 3,Z,-2,0,BLOCK,Z,0.442043,0.5056061
7/7/7/5/3/7/1/5/2 3 3,X,-2,0,BLOCK,X,0.5892249,0.7193353
7/7/7/5/3/7/5/1/2 3 3,Z,-2,0,BLOCK,Z,1.704813,1.023665
7/7/7/1/3/7/5/5/1 3 3,Z,-2,0,BLOCK,Z,0.6079076,0.5441181
7/7/7/5/3/7/1/5/1 3 3,X,-1.3333333333333333333333333334,0,BLOCK,X,0.2789832,0.4031653
7/7/7/5/3/7/5/1/1 3 3,Z,-2,2,BLOCK,Z,1.637704,0.9876258
7/7/7/1/3/7/5/3/4 3 3,Z,-1.80,0,BLOCK,Z,0.507306,0.5477579
7/7/7/5/3/7/1/3/4 3 3,X,-2.6666666666666666666666666666,0,BLOCK,X,0.4301615,0.6164894
7/7/7/1/3/7/5/3/2 3 3,Z,-1.80,0,BLOCK,Z,0.3706826,0.5812976
7/7/7/5/3/7/1/3/2 3 3,X,-2,0,BLOCK,X,0.5708591,0.7171884
7/7/7/1/3/7/5/3/1 3 3,Z,-1.80,0,BLOCK,Z,0.458294,0.454246
7/7/7/5/3/7/1/3/1 3 3,X,-1.3333333333333333333333333334,0,BLOCK,X,0.2497282,0.3571261
7/7/7/1/3/7/3/2/6 3 3,Z,-2,2,BLOCK,Z,0.9912234,0.6492987
7/7/7/5/3/7/3/2/4 3 3,X,-1,2,BLOCK,X,1.335741,0.947145
7/7/7/1/3/7/3/2/5 3 3,Z,-2,0,BLOCK,Z,0.3738783,0.5671424
7/7/7/1/3/7/3/2/3 3 3,Z,-2,0,BLOCK,Z,0.4128102,0.5708525
7/7/7/1/3/7/3/6/4 3 3,Z,-2.20,2,BLOCK,Z,1.080521,0.6066248
7/7/7/5/3/7/3/4/4 3 3,Z,2,0,BLOCK,Z,1.691357,1.059635
7/7/7/1/3/7/3/6/2 3 3,Z,-2.20,2,BLOCK,Z,1.063866,0.8071671
7/7/7/5/3/7/3/4/2 3 3,Z,2,0,BLOCK,Z,0.1127486,0.2305351
7/7/7/1/3/7/3/6/1 3 3,Z,-2.20,0,BLOCK,Z,0.5329957,0.6689725
7/7/7/5/3/7/3/4/1 3 3,Z,2,0,BLOCK,Z,0.1727474,0.258895
7/7/7/1/3/7/3/5/4 3 3,Z,-2,0,BLOCK,Z,0.5189437,0.5661316
7/7/7/5/3/7/3/1/4 3 3,Z,-2,0,BLOCK,Z,1.740173,1.06214
7/7/7/1/3/7/3/5/2 3 3,Z,-2,0,BLOCK,Z,0.6309139,0.6178024
7/7/7/5/3/7/3/1/2 3 3,Z,-2,0,BLOCK,Z,0.1863454,0.2679764
7/7/7/1/3/7/3/5/1 3 3,Z,-2,0,BLOCK,Z,0.5207645,0.5647489
7/7/7/5/3/7/3/1/1 3 3,Z,-2,0,BLOCK,Z,0.1491591,0.2520019
7/7/7/1/3/7/3/3/4 3 3,Z,-1.80,0,BLOCK,Z,0.675069,0.5737529
7/7/7/1/3/7/3/3/2 3 3,Z,-1.80,0,BLOCK,Z,0.4039094,0.5649668
7/7/7/1/3/7/3/3/1 3 3,Z,-1.80,0,BLOCK,Z,0.400185,0.5632679
7/7/7/1/3/7/7/2/4 3 3,Z,-2,0,BLOCK,Z,0.6420134,0.6883579
7/7/7/1/3/7/7/2/2 3 3,Z,-2,0,BLOCK,Z,0.4391303,0.5682209
7/7/7/1/3/7/7/2/1 3 3,Z,-2,0,BLOCK,Z,0.5756785,0.6084594
7/7/7/1/7/2/2/6/7 3 3,Z,-2.2,2,BLOCK,Z,1.159975,0.6856076
7/7/7/5/7/2/2/4/7 3 3,Z,2,0,BLOCK,Z,0.8825371,0.7076342
7/7/7/1/7/2/2/5/7 3 3,Z,-2,2,BLOCK,Z,1.239363,0.6923791
7/7/7/5/7/2/2/1/7 3 3,Z,-2,0,BLOCK,Z,1.492757,1.003302
7/7/7/1/7/2/2/3/7 3 3,Z,-1.8,0,BLOCK,Z,0.2591914,0.3322594
7/7/7/1/7/2/2/7/6 3 3,Z,-2,2,BLOCK,Z,1.134901,0.7503351
7/7/7/1/7/2/2/7/5 3 3,Z,-2,0,BLOCK,Z,0.2414602,0.3433937
7/7/7/1/7/2/2/7/3 3 3,Z,-2,0,BLOCK,Z,0.3218973,0.4439973
7/7/7/1/7/2/6/2/7 3 3,Z,-2,2,BLOCK,Z,1.275813,0.7630824
7/7/7/5/7/2/4/2/7 3 3,X,2,0,BLOCK,X,0.4917708,0.7254694
7/7/7/1/7/2/6/6/6 3 3,Z,-2.2,0,BLOCK,Z,0.1493918,0.2134432
7/7/7/5/7/2/4/6/6 3 3,X,1.5,2,BLOCK,X,1.181754,0.694585
7/7/7/5/7/2/6/4/6 3 3,Z,2,0,BLOCK,Z,0.3937183,0.4552008
7/7/7/1/7/2/6/6/5 3 3,Z,-2.2,0,BLOCK,Z,0.2772008,0.3572628
7/7/7/5/7/2/4/6/5 3 3,X,2,0,BLOCK,X,0.4547993,0.5984255
7/7/7/5/7/2/6/4/5 3 3,Z,2,0,BLOCK,Z,0.9730561,0.5870316
7/7/7/1/7/2/6/6/3 3 3,Z,-2.2,2,BLOCK,Z,1.097154,0.7251753
7/7/7/5/7/2/4/6/3 3 3,X,2.5,0,BLOCK,X,0.4724923,0.8047355
7/7/7/5/7/2/6/4/3 3 3,Z,2,0,BLOCK,Z,1.015663,0.514421
7/7/7/1/7/2/6/5/6 3 3,Z,-2,0,BLOCK,Z,0.2545449,0.154746
7/7/7/5/7/2/4/5/6 3 3,X,1.5,0,BLOCK,X,1.177309,0.7211096
7/7/7/5/7/2/6/1/6 3 3,Z,-2,0,BLOCK,Z,0.4148507,0.4663419
7/7/7/1/7/2/6/5/5 3 3,Z,-2,0,BLOCK,Z,0.2794792,0.3106172
7/7/7/5/7/2/4/5/5 3 3,X,2,0,BLOCK,X,0.841051,0.7314696
7/7/7/5/7/2/6/1/5 3 3,Z,-2,0,BLOCK,Z,1.498594,1.040183
7/7/7/1/7/2/6/5/3 3 3,Z,-2,0,BLOCK,Z,0.2761807,0.413506
7/7/7/5/7/2/4/5/3 3 3,X,2.5,0,BLOCK,X,1.680464,1.00185
7/7/7/5/7/2/6/1/3 3 3,Z,-2,0,BLOCK,Z,1.691434,1.009106
7/7/7/1/7/2/6/3/6 3 3,Z,-1.8,0,BLOCK,Z,0.4044371,0.435802
7/7/7/5/7/2/4/3/6 3 3,X,1.5,0,BLOCK,X,0.6736208,0.6648056
7/7/7/1/7/2/6/3/5 3 3,Z,-1.8,2,BLOCK,Z,1.414188,0.9069359
7/7/7/5/7/2/4/3/5 3 3,X,2,2,BLOCK,X,1.312519,0.7702785
7/7/7/1/7/2/6/3/3 3 3,Z,-1.8,2,BLOCK,Z,1.279539,0.7903734
7/7/7/5/7/2/4/3/3 3 3,X,2.5,0,BLOCK,X,0.635624,0.888724
7/7/7/1/7/2/6/7/4 3 3,Z,-2,0,BLOCK,Z,0.1820998,0.2090816
7/7/7/5/7/2/4/7/4 3 3,X,1.5,2,BLOCK,X,1.18517,0.6879284
7/7/7/1/7/2/6/7/2 3 3,Z,-2,0,BLOCK,Z,0.07142644,0.1902776
7/7/7/5/7/2/4/7/2 3 3,X,2,0,BLOCK,X,1.558248,1.009716
7/7/7/1/7/2/6/7/1 3 3,Z,-2,0,BLOCK,Z,0.1943529,0.2794564
7/7/7/5/7/2/4/7/1 3 3,X,2.5,0,BLOCK,X,1.697063,1.141785
7/7/7/1/7/2/5/2/7 3 3,Z,-2,0,BLOCK,Z,0.2118042,0.2316798
7/7/7/5/7/2/1/2/7 3 3,X,-2,0,BLOCK,X,0.5249693,0.796296
7/7/7/1/7/2/5/6/6 3 3,Z,-2.2,0,BLOCK,Z,0.3623959,0.3848407
7/7/7/5/7/2/1/6/6 3 3,X,-2.5,0,BLOCK,X,0.466016,0.8439863
7/7/7/5/7/2/5/4/6 3 3,Z,2,0,BLOCK,Z,1.528865,1.011163
7/7/7/1/7/2/5/6/5 3 3,Z,-2.2,0,BLOCK,Z,0.2708926,0.2763444
7/7/7/5/7/2/1/6/5 3 3,X,-2,0,BLOCK,X,0.9405496,0.779941
7/7/7/5/7/2/5/4/5 3 3,Z,2,0,BLOCK,Z,0.44927,0.5506782
7/7/7/1/7/2/5/6/3 3 3,Z,-2.2,0,BLOCK,Z,0.2151403,0.254203
7/7/7/5/7/2/1/6/3 3 3,X,-1.5,2,BLOCK,X,1.200702,0.6738344
7/7/7/5/7/2/5/4/3 3 3,Z,2,0,BLOCK,Z,0.4008315,0.3519452
7/7/7/1/7/2/5/5/6 3 3,Z,-2,0,BLOCK,Z,0.2963246,0.3753803
7/7/7/5/7/2/1/5/6 3 3,X,-2.5,0,BLOCK,X,1.662589,1.017117
7/7/7/5/7/2/5/1/6 3 3,Z,-2,0,BLOCK,Z,1.451609,0.9253061
7/7/7/1/7/2/5/5/5 3 3,Z,-2,2,BLOCK,Z,1.26286,0.7201555
7/7/7/5/7/2/1/5/5 3 3,X,-2,0,BLOCK,X,0.8135931,0.7324513
7/7/7/5/7/2/5/1/5 3 3,Z,-2,0,BLOCK,Z,0.4903199,0.4949888
7/7/7/1/7/2/5/5/3 3 3,Z,-2,0,BLOCK,Z,0.1574943,0.2194698
7/7/7/5/7/2/1/5/3 3 3,X,-1.5,0,BLOCK,X,1.212061,0.7351897
7/7/7/5/7/2/5/1/3 3 3,Z,-2,2,BLOCK,Z,1.629383,1.0066
7/7/7/1/7/2/5/3/6 3 3,Z,-1.8,2,BLOCK,Z,1.280025,0.8195769
7/7/7/5/7/2/1/3/6 3 3,X,-2.5,0,BLOCK,X,1.433104,1.006045
7/7/7/1/7/2/5/3/5 3 3,Z,-1.8,0,BLOCK,Z,0.5579064,0.5535028
7/7/7/5/7/2/1/3/5 3 3,X,-2,0,BLOCK,X,0.8646961,0.7391237
7/7/7/1/7/2/5/3/3 3 3,Z,-1.8,0,BLOCK,Z,0.08766463,0.1855505
7/7/7/5/7/2/1/3/3 3 3,X,-1.5,2,BLOCK,X,1.182457,0.7086434
7/7/7/1/7/2/5/7/4 3 3,Z,-2,0,BLOCK,Z,0.381339,0.3366469
7/7/7/5/7/2/1/7/4 3 3,X,-2.5,0,BLOCK,X,0.3645974,0.517565
7/7/7/1/7/2/5/7/2 3 3,Z,-2,0,BLOCK,Z,0.1451215,0.2862248
7/7/7/5/7/2/1/7/2 3 3,X,-2,0,BLOCK,X,0.6707917,0.7473448
7/7/7/1/7/2/5/7/1 3 3,Z,-2,0,BLOCK,Z,0.03799836,0.131371
7/7/7/5/7/2/1/7/1 3 3,X,-1.5,0,BLOCK,X,0.5576457,0.5213618
7/7/7/1/7/2/3/2/7 3 3,Z,-2,0,BLOCK,Z,0.3963284,0.4428964
7/7/7/1/7/2/3/6/6 3 3,Z,-2.2,0,BLOCK,Z,0.08975291,0.1193888
7/7/7/5/7/2/3/4/6 3 3,Z,2,0,BLOCK,Z,1.603565,1.048626
7/7/7/1/7/2/3/6/5 3 3,Z,-2.2,0,BLOCK,Z,0.1293785,0.1403558
7/7/7/5/7/2/3/4/5 3 3,Z,2,0,BLOCK,Z,0.3602357,0.3690327
7/7/7/1/7/2/3/6/3 3 3,Z,-2.2,0,BLOCK,Z,0.2518653,0.2249241
7/7/7/5/7/2/3/4/3 3 3,Z,2,0,BLOCK,Z,0.4757527,0.5410023
7/7/7/1/7/2/3/5/6 3 3,Z,-2,0,BLOCK,Z,0.187081,0.2978305
7/7/7/5/7/2/3/1/6 3 3,Z,-2,0,BLOCK,Z,0.4553425,0.4376846
7/7/7/1/7/2/3/5/5 3 3,Z,-2,0,BLOCK,Z,0.5459061,0.6048061
7/7/7/5/7/2/3/1/5 3 3,Z,-2,0,BLOCK,Z,1.594698,1.038879
7/7/7/1/7/2/3/5/3 3 3,Z,-2,0,BLOCK,Z,0.1130899,0.1343955
7/7/7/5/7/2/3/1/3 3 3,Z,-2,0,BLOCK,Z,0.4639697,0.5431864
7/7/7/1/7/2/3/3/6 3 3,Z,-1.8,0,BLOCK,Z,0.21587,0.2934828
7/7/7/1/7/2/3/3/5 3 3,Z,-1.8,0,BLOCK,Z,0.3473294,0.4879449
7/7/7/1/7/2/3/3/3 3 3,Z,-1.8,0,BLOCK,Z,0.1338413,0.2725624
7/7/7/1/7/2/3/7/4 3 3,Z,-2,2,BLOCK,Z,1.077914,0.7689773
7/7/7/1/7/2/3/7/2 3 3,Z,-2,0,BLOCK,Z,0.3412411,0.4148573
7/7/7/1/7/2/3/7/1 3 3,Z,-2,0,BLOCK,Z,0.29014,0.4359497
7/7/7/1/7/2/7/2/6 3 3,Z,-2,2,BLOCK,Z,1.038415,0.7431833
7/7/7/1/7/2/7/2/5 3 3,Z,-2,2,BLOCK,Z,1.163556,0.7114733
7/7/7/1/7/2/7/2/3 3 3,Z,-2,0,BLOCK,Z,0.209461,0.3073653
7/7/7/1/7/2/7/6/4 3 3,Z,-2.2,0,BLOCK,Z,0.4349707,0.507349
7/7/7/5/7/2/7/4/4 3 3,Z,2,0,BLOCK,Z,0.2937743,0.445094
7/7/7/1/7/2/7/6/2 3 3,Z,-2.2,0,BLOCK,Z,0.2981139,0.4001923
7/7/7/5/7/2/7/4/2 3 3,Z,2,0,BLOCK,Z,0.4768593,0.4819605
7/7/7/1/7/2/7/6/1 3 3,Z,-2.2,2,BLOCK,Z,1.134165,0.6686604
7/7/7/5/7/2/7/4/1 3 3,Z,2,0,BLOCK,Z,0.2956324,0.3777891
7/7/7/1/7/2/7/5/4 3 3,Z,-2,2,BLOCK,Z,1.28344,0.8167028
7/7/7/5/7/2/7/1/4 3 3,Z,-2,0,BLOCK,Z,0.2927685,0.4115308
7/7/7/1/7/2/7/5/2 3 3,Z,-2,2,BLOCK,Z,1.138333,0.6965349
7/7/7/5/7/2/7/1/2 3 3,Z,-2,0,BLOCK,Z,1.017317,0.5916432
7/7/7/1/7/2/7/5/1 3 3,Z,-2,0,BLOCK,Z,0.4330699,0.4244266
7/7/7/5/7/2/7/1/1 3 3,Z,-2,0,BLOCK,Z,0.3209258,0.3567018
7/7/7/1/7/2/7/3/4 3 3,Z,-1.8,2,BLOCK,Z,1.321336,0.7527553
7/7/7/1/7/2/7/3/2 3 3,Z,-1.8,0,BLOCK,Z,0.07178944,0.1996396
7/7/7/1/7/2/7/3/1 3 3,Z,-1.8,0,BLOCK,Z,0.3554181,0.4706146
7/7/7/1/7/6/2/2/7 3 3,Z,-2.2,0,BLOCK,Z,0.693932,0.8930348
7/7/7/5/7/4/2/2/7 3 3,Z,2,0,BLOCK,Z,0.4445539,0.613827
7/7/7/1/7/6/2/6/6 3 3,Z,-2.4,0,BLOCK,Z,0.869433,0.7465293
7/7/7/5/7/4/2/6/6 3 3,Z,1.6,0,BLOCK,Z,0.4737776,0.5464461
7/7/7/5/7/6/2/4/6 3 3,Z,2,0,BLOCK,Z,1.692845,1.106468
7/7/7/1/7/6/2/6/5 3 3,Z,-2.4,0,BLOCK,Z,0.3508339,0.5806035
7/7/7/5/7/4/2/6/5 3 3,Z,1.6,0,BLOCK,Z,0.4208223,0.5713752
7/7/7/5/7/6/2/4/5 3 3,Z,2,2,BLOCK,Z,1.720149,1.052182
7/7/7/1/7/6/2/6/3 3 3,Z,-2.4,0,BLOCK,Z,0.4947755,0.6862422
7/7/7/5/7/4/2/6/3 3 3,Z,1.6,0,BLOCK,Z,0.3025353,0.4071376
7/7/7/5/7/6/2/4/3 3 3,Z,2,0,BLOCK,Z,1.672008,1.039209
7/7/7/1/7/6/2/5/6 3 3,Z,-2.2,0,BLOCK,Z,0.3032405,0.5619665
7/7/7/5/7/4/2/5/6 3 3,Z,2,0,BLOCK,Z,0.4023176,0.6454663
7/7/7/5/7/6/2/1/6 3 3,Z,-2,0,BLOCK,Z,0.3810505,0.3415999
7/7/7/1/7/6/2/5/5 3 3,Z,-2.2,2,BLOCK,Z,1.413935,0.9327018
7/7/7/5/7/4/2/5/5 3 3,Z,2,0,BLOCK,Z,0.5038722,0.6917089
7/7/7/5/7/6/2/1/5 3 3,Z,-2,0,BLOCK,Z,1.528622,0.9191518
7/7/7/1/7/6/2/5/3 3 3,Z,-2.2,0,BLOCK,Z,0.3726111,0.7191613
7/7/7/5/7/4/2/5/3 3 3,Z,2,0,BLOCK,Z,0.8772789,0.7116684
7/7/7/5/7/6/2/1/3 3 3,Z,-2,0,BLOCK,Z,0.9454675,0.6179841
7/7/7/1/7/6/2/3/6 3 3,Z,-2.0,0,BLOCK,Z,0.706463,0.7867839
7/7/7/5/7/4/2/3/6 3 3,Z,2.4,2,BLOCK,Z,1.359961,0.886295
7/7/7/1/7/6/2/3/5 3 3,Z,-2.0,0,BLOCK,Z,0.7013945,0.7136077
7/7/7/5/7/4/2/3/5 3 3,Z,2.4,0,BLOCK,Z,0.6544304,0.7700657
7/7/7/1/7/6/2/3/3 3 3,Z,-2.0,0,BLOCK,Z,0.4501605,0.7524717
7/7/7/5/7/4/2/3/3 3 3,Z,2.4,2,BLOCK,Z,1.381916,0.8185573
7/7/7/1/7/6/2/7/4 3 3,Z,-2.2,0,BLOCK,Z,0.3825295,0.5562937
7/7/7/5/7/4/2/7/4 3 3,Z,2,0,BLOCK,Z,0.6259086,0.7650961
7/7/7/1/7/6/2/7/2 3 3,Z,-2.2,2,BLOCK,Z,1.367406,0.8874015
7/7/7/5/7/4/2/7/2 3 3,Z,2,0,BLOCK,Z,0.5492118,0.7821908
7/7/7/1/7/6/2/7/1 3 3,Z,-2.2,0,BLOCK,Z,0.5161434,0.6468431
7/7/7/5/7/4/2/7/1 3 3,Z,2,0,BLOCK,Z,0.5786217,0.7617759
7/7/7/1/7/6/6/2/6 3 3,Z,-2.2,0,BLOCK,Z,0.3200474,0.5681037
7/7/7/5/7/4/6/2/6 3 3,Z,2,0,BLOCK,Z,0.2707507,0.5440607
7/7/7/5/7/6/4/2/6 3 3,X,1.3333333333333333333333333334,0,BLOCK,X,0.3347016,0.5070456
7/7/7/1/7/6/6/2/5 3 3,Z,-2.2,0,BLOCK,Z,0.8712409,0.7980212
7/7/7/5/7/4/6/2/5 3 3,Z,2,0,BLOCK,Z,0.4173152,0.5527446
7/7/7/5/7/6/4/2/5 3 3,X,2,0,BLOCK,X,0.4051913,0.6140309
7/7/7/5/7/6/6/2/1 3 3,X,1,0,BLOCK,X,0.9523268,0.9200099
7/7/7/1/7/6/6/2/3 3 3,Z,-2.2,0,BLOCK,Z,0.8834666,0.6934354
7/7/7/5/7/4/6/2/3 3 3,Z,2,0,BLOCK,Z,0.5015811,0.6907859
7/7/7/5/7/6/4/2/3 3 3,X,2.6666666666666666666666666666,0,BLOCK,X,0.7298841,0.8828299
7/7/7/1/7/6/6/6/4 3 3,Z,-2.4,0,BLOCK,Z,0.5771828,0.7467412
7/7/7/5/7/4/6/6/4 3 3,Z,1.6,0,BLOCK,Z,0.2265504,0.4540633
7/7/7/5/7/6/4/6/4 3 3,X,1.3333333333333333333333333334,0,BLOCK,X,0.1732987,0.3332987
7/7/7/5/7/6/6/4/4 3 3,Z,2,0,BLOCK,Z,0.3053783,0.4548584
7/7/7/1/7/6/6/6/2 3 3,Z,-2.4,2,BLOCK,Z,1.296535,0.8348239
7/7/7/5/7/4/6/6/2 3 3,Z,1.6,0,BLOCK,Z,0.5833088,0.6551971
7/7/7/5/7/6/4/6/2 3 3,X,2,0,BLOCK,X,0.5355313,0.7076606
7/7/7/5/7/6/6/4/2 3 3,Z,2,0,BLOCK,Z,0.272347,0.3800558
7/7/7/1/7/6/6/6/1 3 3,Z,-2.4,0,BLOCK,Z,0.3804848,0.652694
7/7/7/5/7/4/6/6/1 3 3,Z,1.6,0,BLOCK,Z,0.6301761,0.6310606
7/7/7/5/7/6/4/6/1 3 3,X,2.6666666666666666666666666666,0,BLOCK,X,0.1953717,0.372672
7/7/7/5/7/6/6/4/1 3 3,Z,2,0,BLOCK,Z,1.738511,1.031051
7/7/7/1/7/6/6/5/4 3 3,Z,-2.2,0,BLOCK,Z,0.3970996,0.7167115
7/7/7/5/7/4/6/5/4 3 3,Z,2,0,BLOCK,Z,0.674688,0.7378347
7/7/7/5/7/6/4/5/4 3 3,X,1.3333333333333333333333333334,0,BLOCK,X,1.036993,0.6891289
7/7/7/5/7/6/6/1/4 3 3,Z,-2,0,BLOCK,Z,0.159955,0.2567728
7/7/7/1/7/6/6/5/2 3 3,Z,-2.2,0,BLOCK,Z,0.2200964,0.3291601
7/7/7/5/7/4/6/5/2 3 3,Z,2,0,BLOCK,Z,0.6558998,0.7127473
7/7/7/5/7/6/4/5/2 3 3,X,2,0,BLOCK,X,0.4275147,0.61183
7/7/7/5/7/6/6/1/2 3 3,Z,-2,0,BLOCK,Z,0.5417309,0.6251376
7/7/7/1/7/6/6/5/1 3 3,Z,-2.2,2,BLOCK,Z,1.322961,0.8942708
7/7/7/5/7/4/6/5/1 3 3,Z,2,0,BLOCK,Z,0.4169644,0.5664341
7/7/7/5/7/6/4/5/1 3 3,X,2.6666666666666666666666666666,0,BLOCK,X,1.800957,1.192582
7/7/7/5/7/6/6/1/1 3 3,Z,-2,0,BLOCK,Z,1.055121,0.7863595
7/7/7/1/7/6/6/3/4 3 3,Z,-2,0,BLOCK,Z,0.4056085,0.5802742
7/7/7/5/7/4/6/3/4 3 3,Z,2.4,0,BLOCK,Z,0.459441,0.770498
7/7/7/5/7/6/4/3/4 3 3,X,1.3333333333333333333333333334,0,BLOCK,X,0.4804209,0.4854474
7/7/7/1/7/6/6/3/2 3 3,Z,-2,0,BLOCK,Z,0.4571145,0.5439457
7/7/7/5/7/4/6/3/2 3 3,Z,2.4,0,BLOCK,Z,0.5407856,0.7752606
7/7/7/5/7/6/4/3/2 3 3,X,2,0,BLOCK,X,1.025061,0.8102227
7/7/7/1/7/6/6/3/1 3 3,Z,-2,0,BLOCK,Z,0.2281879,0.4484031
7/7/7/5/7/4/6/3/1 3 3,Z,2.4,0,BLOCK,Z,0.5330558,0.6773587
7/7/7/5/7/6/4/3/1 3 3,X,2.6666666666666666666666666666,0,BLOCK,X,0.07487723,0.1672574
7/7/7/1/7/6/5/2/6 3 3,Z,-2.2,2,BLOCK,Z,1.35944,0.8835672
7/7/7/5/7/4/5/2/6 3 3,Z,2,0,BLOCK,Z,0.1507728,0.3012904
7/7/7/5/7/6/1/2/6 3 3,X,-2.6666666666666666666666666666,0,BLOCK,X,0.4848277,0.7929592
7/7/7/1/7/6/5/2/5 3 3,Z,-2.2,0,BLOCK,Z,0.4229898,0.6048065
7/7/7/5/7/4/5/2/5 3 3,Z,2,0,BLOCK,Z,0.6676954,0.7205727
7/7/7/5/7/6/1/2/5 3 3,X,-2,0,BLOCK,X,0.3982565,0.6427153
7/7/7/1/7/6/5/2/3 3 3,Z,-2.2,0,BLOCK,Z,0.4805659,0.6791283
7/7/7/5/7/4/5/2/3 3 3,Z,2,0,BLOCK,Z,0.6448665,0.730271
7/7/7/5/7/6/1/2/3 3 3,X,-1.3333333333333333333333333334,0,BLOCK,X,0.242741,0.4155878
7/7/7/1/7/6/5/6/4 3 3,Z,-2.4,0,BLOCK,Z,0.3519553,0.4812557
7/7/7/5/7/4/5/6/4 3 3,Z,1.6,0,BLOCK,Z,0.5704046,0.656934
7/7/7/5/7/6/1/6/4 3 3,X,-2.6666666666666666666666666666,0,BLOCK,X,0.377542,0.4805611
7/7/7/5/7/6/5/4/4 3 3,Z,2,2,BLOCK,Z,1.63121,0.9778488
7/7/7/1/7/6/5/6/2 3 3,Z,-2.4,0,BLOCK,Z,0.3362221,0.4750412
7/7/7/5/7/4/5/6/2 3 3,Z,1.6,0,BLOCK,Z,0.3946577,0.5733929
7/7/7/5/7/6/1/6/2 3 3,X,-2,0,BLOCK,X,0.5423166,0.6698631
7/7/7/5/7/6/5/4/2 3 3,Z,2,0,BLOCK,Z,1.733705,1.033748
7/7/7/1/7/6/5/6/1 3 3,Z,-2.4,2,BLOCK,Z,1.262204,0.8161799
7/7/7/5/7/4/5/6/1 3 3,Z,1.6,0,BLOCK,Z,0.2892099,0.4469365
7/7/7/5/7/6/1/6/1 3 3,X,-1.3333333333333333333333333334,0,BLOCK,X,0.149701,0.2834002
7/7/7/5/7/6/5/4/1 3 3,Z,2,0,BLOCK,Z,0.3210414,0.4436837
7/7/7/1/7/6/5/5/4 3 3,Z,-2.2,0,BLOCK,Z,0.2614572,0.4802659
7/7/7/5/7/4/5/5/4 3 3,Z,2,0,BLOCK,Z,0.684258,0.7241184
7/7/7/5/7/6/1/5/4 3 3,X,-2.6666666666666666666666666666,0,BLOCK,X,0.3059876,0.4206707
7/7/7/5/7/6/5/1/4 3 3,Z,-2,2,BLOCK,Z,1.60774,1.009344
7/7/7/1/7/6/5/5/2 3 3,Z,-2.2,0,BLOCK,Z,0.4071474,0.6546888
7/7/7/5/7/4/5/5/2 3 3,Z,2,0,BLOCK,Z,0.4152584,0.6494429
7/7/7/5/7/6/1/5/2 3 3,X,-2,0,BLOCK,X,0.7039104,0.7575899
7/7/7/5/7/6/5/1/2 3 3,Z,-2,0,BLOCK,Z,1.71022,1.016121
7/7/7/1/7/6/5/5/1 3 3,Z,-2.2,0,BLOCK,Z,0.3250949,0.5774872
7/7/7/5/7/4/5/5/1 3 3,Z,2,0,BLOCK,Z,0.5935284,0.6649655
7/7/7/5/7/6/1/5/1 3 3,X,-1.3333333333333333333333333334,0,BLOCK,X,0.497326,0.4818882
7/7/7/5/7/6/5/1/1 3 3,Z,-2,2,BLOCK,Z,1.619977,0.9890439
7/7/7/1/7/6/5/3/4 3 3,Z,-2,2,BLOCK,Z,1.424114,0.8871033
7/7/7/5/7/4/5/3/4 3 3,Z,2.4,0,BLOCK,Z,0.3607905,0.5735574
7/7/7/5/7/6/1/3/4 3 3,X,-2.6666666666666666666666666666,0,BLOCK,X,0.05900174,0.2051054
7/7/7/1/7/6/5/3/2 3 3,Z,-2,2,BLOCK,Z,1.464502,0.9448719
7/7/7/5/7/4/5/3/2 3 3,Z,2.4,0,BLOCK,Z,0.3818813,0.658943
7/7/7/5/7/6/1/3/2 3 3,X,-2,0,BLOCK,X,0.9060886,0.8481673
7/7/7/1/7/6/5/3/1 3 3,Z,-2,0,BLOCK,Z,0.2745068,0.4568065
7/7/7/5/7/4/5/3/1 3 3,Z,2.4,0,BLOCK,Z,0.3859498,0.6701083
7/7/7/5/7/6/1/3/1 3 3,X,-1.3333333333333333333333333334,2,BLOCK,X,1.105219,0.633442
7/7/7/1/7/6/3/2/6 3 3,Z,-2.2,0,BLOCK,Z,0.3673981,0.5922019
7/7/7/5/7/4/3/2/6 3 3,Z,2,0,BLOCK,Z,0.1328435,0.2923609
7/7/7/5/7/6/3/2/4 3 3,X,-1,2,BLOCK,X,1.407377,1.05122
7/7/7/1/7/6/3/2/5 3 3,Z,-2.2,0,BLOCK,Z,0.1063609,0.1355243
7/7/7/5/7/4/3/2/5 3 3,Z,2,0,BLOCK,Z,0.1317526,0.3021463
7/7/7/1/7/6/3/2/3 3 3,Z,-2.2,0,BLOCK,Z,0.3925509,0.6134551
7/7/7/5/7/4/3/2/3 3 3,Z,2,0,BLOCK,Z,0.3251419,0.5164323
7/7/7/1/7/6/3/6/4 3 3,Z,-2.4,0,BLOCK,Z,0.4451989,0.5563108
7/7/7/5/7/4/3/6/4 3 3,Z,1.6,0,BLOCK,Z,0.4659651,0.5511891
7/7/7/5/7/6/3/4/4 3 3,Z,2,0,BLOCK,Z,0.9884095,0.6623567
7/7/7/1/7/6/3/6/2 3 3,Z,-2.4,0,BLOCK,Z,0.4958415,0.5608624
7/7/7/5/7/4/3/6/2 3 3,Z,1.6,0,BLOCK,Z,0.2961161,0.5192511
7/7/7/5/7/6/3/4/2 3 3,Z,2,0,BLOCK,Z,0.2894457,0.397542
7/7/7/1/7/6/3/6/1 3 3,Z,-2.4,0,BLOCK,Z,0.3890963,0.4615279
7/7/7/5/7/4/3/6/1 3 3,Z,1.6,0,BLOCK,Z,0.3033182,0.5846056
7/7/7/5/7/6/3/4/1 3 3,Z,2,0,BLOCK,Z,0.3171832,0.419108
7/7/7/1/7/6/3/5/4 3 3,Z,-2.2,2,BLOCK,Z,1.343364,0.8628898
7/7/7/5/7/4/3/5/4 3 3,Z,2,0,BLOCK,Z,0.6036682,0.699998
7/7/7/5/7/6/3/1/4 3 3,Z,-2,0,BLOCK,Z,1.565435,1.052932
7/7/7/1/7/6/3/5/2 3 3,Z,-2.2,0,BLOCK,Z,0.3308305,0.7210259
7/7/7/5/7/4/3/5/2 3 3,Z,2,0,BLOCK,Z,0.4051106,0.6116369
7/7/7/5/7/6/3/1/2 3 3,Z,-2,0,BLOCK,Z,0.1311934,0.2034585
7/7/7/1/7/6/3/5/1 3 3,Z,-2.2,0,BLOCK,Z,0.9960054,0.6734181
7/7/7/5/7/4/3/5/1 3 3,Z,2,0,BLOCK,Z,0.5729356,0.6734995
7/7/7/5/7/6/3/1/1 3 3,Z,-2,0,BLOCK,Z,0.2599716,0.3217024
7/7/7/1/7/6/3/3/4 3 3,Z,-2,0,BLOCK,Z,0.6230448,0.7387468
7/7/7/5/7/4/3/3/4 3 3,Z,2.4,0,BLOCK,Z,0.3627328,0.511129
7/7/7/1/7/6/3/3/2 3 3,Z,-2,0,BLOCK,Z,0.526354,0.591082
7/7/7/5/7/4/3/3/2 3 3,Z,2.4,0,BLOCK,Z,0.3602609,0.6343393
7/7/7/1/7/6/3/3/1 3 3,Z,-2,0,BLOCK,Z,0.9168957,0.7949772
7/7/7/5/7/4/3/3/1 3 3,Z,2.4,0,BLOCK,Z,0.4214363,0.7349641
7/7/7/1/7/6/7/2/4 3 3,Z,-2.2,0,BLOCK,Z,0.5898718,0.7759418
7/7/7/5/7/4/7/2/4 3 3,Z,2,0,BLOCK,Z,0.04580037,0.1943698
7/7/7/1/7/6/7/2/2 3 3,Z,-2.2,0,BLOCK,Z,0.3134666,0.5815238
7/7/7/5/7/4/7/2/2 3 3,Z,2,0,BLOCK,Z,0.3232513,0.4341763
7/7/7/1/7/6/7/2/1 3 3,Z,-2.2,0,BLOCK,Z,0.8288432,0.8046369
7/7/7/5/7/4/7/2/1 3 3,Z,2,0,BLOCK,Z,0.1695689,0.3003532
7/7/7/1/7/5/2/2/7 3 3,Z,-2,2,BLOCK,Z,0.9553167,0.5871878
7/7/7/5/7/1/2/2/7 3 3,Z,-2,0,BLOCK,Z,0.5397589,0.6337042
7/7/7/1/7/5/2/6/6 3 3,Z,-2.2,2,BLOCK,Z,1.012712,0.5530477
7/7/7/5/7/1/2/6/6 3 3,Z,-2.4,2,BLOCK,Z,1.290791,0.8045361
7/7/7/5/7/5/2/4/6 3 3,Z,2,0,BLOCK,Z,1.66228,1.07505
7/7/7/1/7/5/2/6/5 3 3,Z,-2.2,0,BLOCK,Z,0.7365312,0.5854401
7/7/7/5/7/1/2/6/5 3 3,Z,-2.4,0,BLOCK,Z,0.4117744,0.6680189
7/7/7/5/7/5/2/4/5 3 3,Z,2,0,BLOCK,Z,1.226547,0.5415094
7/7/7/1/7/5/2/6/3 3 3,Z,-2.2,2,BLOCK,Z,1.024777,0.6175683
7/7/7/5/7/1/2/6/3 3 3,Z,-2.4,0,BLOCK,Z,0.419,0.702267
7/7/7/5/7/5/2/4/3 3 3,Z,2,0,BLOCK,Z,1.72424,1.084572
7/7/7/1/7/5/2/5/6 3 3,Z,-2,0,BLOCK,Z,0.5217909,0.3736037
7/7/7/5/7/1/2/5/6 3 3,Z,-2,0,BLOCK,Z,0.4342661,0.6275645
7/7/7/5/7/5/2/1/6 3 3,Z,-2,0,BLOCK,Z,0.05103382,0.193327
7/7/7/1/7/5/2/5/5 3 3,Z,-2,0,BLOCK,Z,0.5849947,0.5007043
7/7/7/5/7/1/2/5/5 3 3,Z,-2,0,BLOCK,Z,0.8181685,0.6846529
7/7/7/5/7/5/2/1/5 3 3,Z,-2,2,BLOCK,Z,1.637338,1.044831
7/7/7/1/7/5/2/5/3 3 3,Z,-2,0,BLOCK,Z,0.5388035,0.5061782
7/7/7/5/7/1/2/5/3 3 3,Z,-2,0,BLOCK,Z,0.6973628,0.7020309
7/7/7/5/7/5/2/1/3 3 3,Z,-2,2,BLOCK,Z,1.643599,0.9689106
7/7/7/1/7/5/2/3/6 3 3,Z,-1.8,0,BLOCK,Z,0.4503994,0.5970302
7/7/7/5/7/1/2/3/6 3 3,Z,-1.6,2,BLOCK,Z,1.122911,0.6559493
7/7/7/1/7/5/2/3/5 3 3,Z,-1.8,2,BLOCK,Z,0.9124398,0.5693
7/7/7/5/7/1/2/3/5 3 3,Z,-1.6,0,BLOCK,Z,0.4282181,0.5813993
7/7/7/1/7/5/2/3/3 3 3,Z,-1.8,0,BLOCK,Z,0.4118081,0.5089387
7/7/7/5/7/1/2/3/3 3 3,Z,-1.6,0,BLOCK,Z,0.8613928,0.6190735
7/7/7/1/7/5/2/7/4 3 3,Z,-2,0,BLOCK,Z,0.6618164,0.6177227
7/7/7/5/7/1/2/7/4 3 3,Z,-2,0,BLOCK,Z,0.5674725,0.7418466
7/7/7/1/7/5/2/7/2 3 3,Z,-2,2,BLOCK,Z,1.026654,0.5400574
7/7/7/5/7/1/2/7/2 3 3,Z,-2,0,BLOCK,Z,0.7170216,0.719584
7/7/7/1/7/5/2/7/1 3 3,Z,-2,0,BLOCK,Z,0.5171474,0.541295
7/7/7/5/7/1/2/7/1 3 3,Z,-2,0,BLOCK,Z,0.7857125,0.8057001
7/7/7/1/7/5/6/2/6 3 3,Z,-2,2,BLOCK,Z,1.029322,0.6685178
7/7/7/5/7/1/6/2/6 3 3,Z,-2,0,BLOCK,Z,0.1613918,0.3493446
7/7/7/5/7/5/4/2/6 3 3,X,1.3333333333333333333333333334,0,BLOCK,X,0.4701269,0.5511559
7/7/7/1/7/5/6/2/5 3 3,Z,-2,0,BLOCK,Z,0.5483137,0.5820785
7/7/7/5/7/1/6/2/5 3 3,Z,-2,0,BLOCK,Z,0.4930242,0.7275984
7/7/7/5/7/5/4/2/5 3 3,X,2,0,BLOCK,X,1.333649,0.8576829
7/7/7/5/7/5/6/2/1 3 3,X,1,2,BLOCK,X,1.327236,0.8718048
7/7/7/1/7/5/6/2/3 3 3,Z,-2,0,BLOCK,Z,0.6082409,0.5186564
7/7/7/5/7/1/6/2/3 3 3,Z,-2,0,BLOCK,Z,0.1566675,0.3280348
7/7/7/5/7/5/4/2/3 3 3,X,2.6666666666666666666666666666,0,BLOCK,X,0.9656562,0.9234636
7/7/7/1/7/5/6/6/4 3 3,Z,-2.2,0,BLOCK,Z,0.6580564,0.6531571
7/7/7/5/7/1/6/6/4 3 3,Z,-2.4,0,BLOCK,Z,0.3554015,0.7333541
7/7/7/5/7/5/4/6/4 3 3,X,1.3333333333333333333333333334,0,BLOCK,X,0.1764436,0.2768689
7/7/7/5/7/5/6/4/4 3 3,Z,2,0,BLOCK,Z,0.1863192,0.2878227
7/7/7/1/7/5/6/6/2 3 3,Z,-2.2,0,BLOCK,Z,0.5910964,0.6229829
7/7/7/5/7/1/6/6/2 3 3,Z,-2.4,0,BLOCK,Z,0.2853605,0.6953834
7/7/7/5/7/5/4/6/2 3 3,X,2,0,BLOCK,X,0.4973826,0.7340745
7/7/7/5/7/5/6/4/2 3 3,Z,2,0,BLOCK,Z,0.1279288,0.2484306
7/7/7/1/7/5/6/6/1 3 3,Z,-2.2,0,BLOCK,Z,0.4337374,0.5786089
7/7/7/5/7/1/6/6/1 3 3,Z,-2.4,0,BLOCK,Z,0.1869232,0.3902923
7/7/7/5/7/5/4/6/1 3 3,X,2.6666666666666666666666666666,0,BLOCK,X,1.672042,1.172047
7/7/7/5/7/5/6/4/1 3 3,Z,2,0,BLOCK,Z,1.718464,1.009582
7/7/7/1/7/5/6/5/4 3 3,Z,-2,0,BLOCK,Z,0.8448816,0.4856403
7/7/7/5/7/1/6/5/4 3 3,Z,-2,2,BLOCK,Z,1.298415,0.8199601
7/7/7/5/7/5/4/5/4 3 3,X,1.3333333333333333333333333334,0,BLOCK,X,0.2715726,0.3466613
7/7/7/5/7/5/6/1/4 3 3,Z,-2,0,BLOCK,Z,0.1652339,0.2806775
7/7/7/1/7/5/6/5/2 3 3,Z,-2,2,BLOCK,Z,1.009606,0.6214617
7/7/7/5/7/1/6/5/2 3 3,Z,-2,0,BLOCK,Z,0.7029853,0.7077206
7/7/7/5/7/5/4/5/2 3 3,X,2,0,BLOCK,X,0.1241251,0.4936782
7/7/7/5/7/5/6/1/2 3 3,Z,-2,0,BLOCK,Z,0.09829405,0.2124134
7/7/7/1/7/5/6/5/1 3 3,Z,-2,0,BLOCK,Z,0.385417,0.4912409
7/7/7/5/7/1/6/5/1 3 3,Z,-2,0,BLOCK,Z,0.9407478,0.7313536
7/7/7/5/7/5/4/5/1 3 3,X,2.6666666666666666666666666666,0,BLOCK,X,0.352866,0.5675444
7/7/7/5/7/5/6/1/1 3 3,Z,-2,0,BLOCK,Z,1.69813,0.998261
7/7/7/1/7/5/6/3/4 3 3,Z,-1.8,2,BLOCK,Z,0.9786126,0.6069262
7/7/7/5/7/1/6/3/4 3 3,Z,-1.6,0,BLOCK,Z,0.4614502,0.549458
7/7/7/5/7/5/4/3/4 3 3,X,1.3333333333333333333333333334,2,BLOCK,X,1.038418,0.6178107
7/7/7/1/7/5/6/3/2 3 3,Z,-1.8,0,BLOCK,Z,0.6320503,0.5484803
7/7/7/5/7/1/6/3/2 3 3,Z,-1.6,0,BLOCK,Z,0.237037,0.5126542
7/7/7/5/7/5/4/3/2 3 3,X,2,0,BLOCK,X,0.6251151,0.6669018
7/7/7/1/7/5/6/3/1 3 3,Z,-1.8,0,BLOCK,Z,0.3628386,0.4583529
7/7/7/5/7/1/6/3/1 3 3,Z,-1.6,0,BLOCK,Z,0.3400176,0.5419212
7/7/7/5/7/5/4/3/1 3 3,X,2.6666666666666666666666666666,0,BLOCK,X,1.778717,1.108146
7/7/7/1/7/5/5/2/6 3 3,Z,-2,2,BLOCK,Z,1.026655,0.6147969
7/7/7/5/7/1/5/2/6 3 3,Z,-2,2,BLOCK,Z,1.191421,0.780004
7/7/7/5/7/5/1/2/6 3 3,X,-2.6666666666666666666666666666,0,BLOCK,X,1.686876,1.027703
7/7/7/1/7/5/5/2/5 3 3,Z,-2,0,BLOCK,Z,0.6519997,0.5523806
7/7/7/5/7/1/5/2/5 3 3,Z,-2,0,BLOCK,Z,0.633539,0.7013508
7/7/7/5/7/5/1/2/5 3 3,X,-2,2,BLOCK,X,1.356637,0.8440638
7/7/7/1/7/5/5/2/3 3 3,Z,-2,0,BLOCK,Z,0.5000127,0.5077992
7/7/7/5/7/1/5/2/3 3 3,Z,-2,0,BLOCK,Z,0.3357497,0.4887215
7/7/7/5/7/5/1/2/3 3 3,X,-1.3333333333333333333333333334,2,BLOCK,X,1.162769,0.7206727
7/7/7/1/7/5/5/6/4 3 3,Z,-2.2,2,BLOCK,Z,1.101242,0.6046854
7/7/7/5/7/1/5/6/4 3 3,Z,-2.4,0,BLOCK,Z,0.6945277,0.7580248
7/7/7/5/7/5/1/6/4 3 3,X,-2.6666666666666666666666666666,2,BLOCK,X,1.708634,1.017249
7/7/7/5/7/5/5/4/4 3 3,Z,2,0,BLOCK,Z,0.1761174,0.315977
7/7/7/1/7/5/5/6/2 3 3,Z,-2.2,0,BLOCK,Z,0.5816823,0.4883874
7/7/7/5/7/1/5/6/2 3 3,Z,-2.4,0,BLOCK,Z,0.3396681,0.6508664
7/7/7/5/7/5/1/6/2 3 3,X,-2,2,BLOCK,X,1.577067,0.9549271
7/7/7/5/7/5/5/4/2 3 3,Z,2,0,BLOCK,Z,1.724777,1.033164
7/7/7/1/7/5/5/6/1 3 3,Z,-2.2,0,BLOCK,Z,0.4412829,0.5700436
7/7/7/5/7/1/5/6/1 3 3,Z,-2.4,0,BLOCK,Z,0.8363377,0.8337485
7/7/7/5/7/5/1/6/1 3 3,X,-1.3333333333333333333333333334,2,BLOCK,X,1.063607,0.6655372
7/7/7/5/7/5/5/4/1 3 3,Z,2,0,BLOCK,Z,0.1573385,0.2788139
7/7/7/1/7/5/5/5/4 3 3,Z,-2,0,BLOCK,Z,0.5257791,0.5222993
7/7/7/5/7/1/5/5/4 3 3,Z,-2,0,BLOCK,Z,0.4775225,0.6703659
7/7/7/5/7/5/1/5/4 3 3,X,-2.6666666666666666666666666666,2,BLOCK,X,1.713977,1.050311
7/7/7/5/7/5/5/1/4 3 3,Z,-2,0,BLOCK,Z,0.1623778,0.302404
7/7/7/1/7/5/5/5/2 3 3,Z,-2,2,BLOCK,Z,0.9870663,0.6663141
7/7/7/5/7/1/5/5/2 3 3,Z,-2,0,BLOCK,Z,0.6262961,0.7118389
7/7/7/5/7/5/1/5/2 3 3,X,-2,2,BLOCK,X,1.569072,0.956336
7/7/7/5/7/5/5/1/2 3 3,Z,-2,0,BLOCK,Z,1.720523,1.032582
7/7/7/1/7/5/5/5/1 3 3,Z,-2,0,BLOCK,Z,0.3562806,0.518058
7/7/7/5/7/1/5/5/1 3 3,Z,-2,0,BLOCK,Z,0.9254109,0.7967315
7/7/7/5/7/5/1/5/1 3 3,X,-1.3333333333333333333333333334,2,BLOCK,X,1.02642,0.6509492
7/7/7/5/7/5/5/1/1 3 3,Z,-2,0,BLOCK,Z,0.1593895,0.2879199
7/7/7/1/7/5/5/3/4 3 3,Z,-1.8,0,BLOCK,Z,0.592738,0.5068063
7/7/7/5/7/1/5/3/4 3 3,Z,-1.6,0,BLOCK,Z,0.6501521,0.6664202
7/7/7/5/7/5/1/3/4 3 3,X,-2.6666666666666666666666666666,2,BLOCK,X,1.720315,1.103002
7/7/7/1/7/5/5/3/2 3 3,Z,-1.8,0,BLOCK,Z,0.4059866,0.4538973
7/7/7/5/7/1/5/3/2 3 3,Z,-1.6,0,BLOCK,Z,0.3840553,0.4898403
7/7/7/5/7/5/1/3/2 3 3,X,-2,2,BLOCK,X,1.5873,0.9387714
7/7/7/1/7/5/5/3/1 3 3,Z,-1.8,0,BLOCK,Z,0.7145644,0.4888029
7/7/7/5/7/1/5/3/1 3 3,Z,-1.6,0,BLOCK,Z,0.2938213,0.4985553
7/7/7/5/7/5/1/3/1 3 3,X,-1.3333333333333333333333333334,2,BLOCK,X,0.9959549,0.6468546
7/7/7/1/7/5/3/2/6 3 3,Z,-2,0,BLOCK,Z,0.5779186,0.5859704
7/7/7/5/7/1/3/2/6 3 3,Z,-2,0,BLOCK,Z,0.1644239,0.3401238
7/7/7/5/7/5/3/2/4 3 3,X,-1,2,BLOCK,X,1.350043,0.9165135
7/7/7/1/7/5/3/2/5 3 3,Z,-2,0,BLOCK,Z,0.4649328,0.4940894
7/7/7/5/7/1/3/2/5 3 3,Z,-2,0,BLOCK,Z,0.6096686,0.7247558
7/7/7/1/7/5/3/2/3 3 3,Z,-2,0,BLOCK,Z,0.5276856,0.5589618
7/7/7/5/7/1/3/2/3 3 3,Z,-2,0,BLOCK,Z,0.5961351,0.6885245
7/7/7/1/7/5/3/6/4 3 3,Z,-2.2,0,BLOCK,Z,0.3094745,0.4799471
7/7/7/5/7/1/3/6/4 3 3,Z,-2.4,0,BLOCK,Z,0.2715179,0.4237966
7/7/7/5/7/5/3/4/4 3 3,Z,2,0,BLOCK,Z,1.202986,0.4635409
7/7/7/1/7/5/3/6/2 3 3,Z,-2.2,0,BLOCK,Z,0.3703066,0.5641198
7/7/7/5/7/1/3/6/2 3 3,Z,-2.4,0,BLOCK,Z,0.4110734,0.7035921
7/7/7/5/7/5/3/4/2 3 3,Z,2,0,BLOCK,Z,0.08847239,0.2069053
7/7/7/1/7/5/3/6/1 3 3,Z,-2.2,0,BLOCK,Z,0.5519021,0.6289296
7/7/7/5/7/1/3/6/1 3 3,Z,-2.4,2,BLOCK,Z,1.509817,0.9224428
7/7/7/5/7/5/3/4/1 3 3,Z,2,0,BLOCK,Z,0.1727607,0.2674595
7/7/7/1/7/5/3/5/4 3 3,Z,-2,2,BLOCK,Z,1.028386,0.6300361
7/7/7/5/7/1/3/5/4 3 3,Z,-2,0,BLOCK,Z,0.7583954,0.6550134
7/7/7/5/7/5/3/1/4 3 3,Z,-2,0,BLOCK,Z,1.728544,1.029414
7/7/7/1/7/5/3/5/2 3 3,Z,-2,0,BLOCK,Z,0.4020242,0.4554294
7/7/7/5/7/1/3/5/2 3 3,Z,-2,0,BLOCK,Z,0.4871139,0.6892509
7/7/7/5/7/5/3/1/2 3 3,Z,-2,0,BLOCK,Z,0.09008192,0.2031875
7/7/7/1/7/5/3/5/1 3 3,Z,-2,0,BLOCK,Z,0.6490631,0.5682627
7/7/7/5/7/1/3/5/1 3 3,Z,-2,0,BLOCK,Z,0.5033495,0.6978716
7/7/7/5/7/5/3/1/1 3 3,Z,-2,2,BLOCK,Z,1.621417,0.9866681
7/7/7/1/7/5/3/3/4 3 3,Z,-1.8,0,BLOCK,Z,0.3349479,0.5298659
7/7/7/5/7/1/3/3/4 3 3,Z,-1.6,0,BLOCK,Z,0.7953984,0.4735462
7/7/7/1/7/5/3/3/2 3 3,Z,-1.8,0,BLOCK,Z,0.2964781,0.4993905
7/7/7/5/7/1/3/3/2 3 3,Z,-1.6,0,BLOCK,Z,0.3461328,0.5928912
7/7/7/1/7/5/3/3/1 3 3,Z,-1.8,2,BLOCK,Z,0.9814491,0.6444727
7/7/7/5/7/1/3/3/1 3 3,Z,-1.6,0,BLOCK,Z,0.2847968,0.5374361
7/7/7/1/7/5/7/2/4 3 3,Z,-2,0,BLOCK,Z,0.7278237,0.5486704
7/7/7/5/7/1/7/2/4 3 3,Z,-2,0,BLOCK,Z,0.298847,0.4772376
7/7/7/1/7/5/7/2/2 3 3,Z,-2,2,BLOCK,Z,1.091475,0.6263667
7/7/7/5/7/1/7/2/2 3 3,Z,-2,0,BLOCK,Z,0.2771657,0.5298969
7/7/7/1/7/5/7/2/1 3 3,Z,-2,0,BLOCK,Z,0.675196,0.6056938
7/7/7/5/7/1/7/2/1 3 3,Z,-2,0,BLOCK,Z,0.1338276,0.3064829
7/7/7/1/7/3/2/2/7 3 3,Z,-1.8,2,BLOCK,Z,0.8387727,0.5710711
7/7/7/1/7/3/2/6/6 3 3,Z,-2.0,0,BLOCK,Z,0.3093954,0.4149835
7/7/7/5/7/3/2/4/6 3 3,Z,2,0,BLOCK,Z,1.518171,0.9854033
7/7/7/1/7/3/2/6/5 3 3,Z,-2.0,2,BLOCK,Z,0.9715075,0.6097979
7/7/7/5/7/3/2/4/5 3 3,Z,2,0,BLOCK,Z,1.543333,0.9972975
7/7/7/1/7/3/2/6/3 3 3,Z,-2.0,2,BLOCK,Z,0.9899947,0.5919999
7/7/7/5/7/3/2/4/3 3 3,Z,2,0,BLOCK,Z,1.507265,0.9629174
7/7/7/1/7/3/2/5/6 3 3,Z,-1.8,2,BLOCK,Z,0.9345837,0.5652857
7/7/7/5/7/3/2/1/6 3 3,Z,-2,0,BLOCK,Z,0.2264259,0.3365175
7/7/7/1/7/3/2/5/5 3 3,Z,-1.8,0,BLOCK,Z,0.4673532,0.4534029
7/7/7/5/7/3/2/1/5 3 3,Z,-2,0,BLOCK,Z,1.670545,1.047389
7/7/7/1/7/3/2/5/3 3 3,Z,-1.8,2,BLOCK,Z,0.9401673,0.5045714
7/7/7/5/7/3/2/1/3 3 3,Z,-2,0,BLOCK,Z,1.703985,1.084569
7/7/7/1/7/3/2/3/6 3 3,Z,-1.6,0,BLOCK,Z,0.4630463,0.5268933
7/7/7/1/7/3/2/3/5 3 3,Z,-1.6,0,BLOCK,Z,0.5185992,0.5265636
7/7/7/1/7/3/2/3/3 3 3,Z,-1.6,0,BLOCK,Z,0.4925901,0.4618137
7/7/7/1/7/3/2/7/4 3 3,Z,-1.8,2,BLOCK,Z,0.9756446,0.5284699
7/7/7/1/7/3/2/7/2 3 3,Z,-1.8,0,BLOCK,Z,0.3965541,0.4984564
7/7/7/1/7/3/2/7/1 3 3,Z,-1.8,2,BLOCK,Z,0.9183354,0.6070716
7/7/7/1/7/3/6/2/6 3 3,Z,-1.8,2,BLOCK,Z,0.9447435,0.6185068
7/7/7/5/7/3/4/2/6 3 3,X,1.3333333333333333333333333334,2,BLOCK,X,1.072463,0.6524007
7/7/7/1/7/3/6/2/5 3 3,Z,-1.8,2,BLOCK,Z,0.9108102,0.6052662
7/7/7/5/7/3/4/2/5 3 3,X,2,0,BLOCK,X,0.3591122,0.5909645
7/7/7/5/7/3/6/2/1 3 3,X,1,0,BLOCK,X,1.148664,0.8112153
7/7/7/1/7/3/6/2/3 3 3,Z,-1.8,2,BLOCK,Z,0.9326776,0.6053358
7/7/7/5/7/3/4/2/3 3 3,X,2.6666666666666666666666666666,0,BLOCK,X,0.5433164,0.7973063
7/7/7/1/7/3/6/6/4 3 3,Z,-2,0,BLOCK,Z,0.6310347,0.5058841
7/7/7/5/7/3/4/6/4 3 3,X,1.3333333333333333333333333334,0,BLOCK,X,0.3200955,0.3144281
7/7/7/5/7/3/6/4/4 3 3,Z,2,0,BLOCK,Z,0.4942935,0.5465007
7/7/7/1/7/3/6/6/2 3 3,Z,-2,0,BLOCK,Z,0.2336709,0.4592942
7/7/7/5/7/3/4/6/2 3 3,X,2,0,BLOCK,X,0.7175385,0.6782376
7/7/7/5/7/3/6/4/2 3 3,Z,2,0,BLOCK,Z,0.213817,0.3042687
7/7/7/1/7/3/6/6/1 3 3,Z,-2,0,BLOCK,Z,0.43505,0.410198
7/7/7/5/7/3/4/6/1 3 3,X,2.6666666666666666666666666666,0,BLOCK,X,1.748924,1.151219
7/7/7/5/7/3/6/4/1 3 3,Z,2,0,BLOCK,Z,1.625058,1.043653
7/7/7/1/7/3/6/5/4 3 3,Z,-1.8,2,BLOCK,Z,0.9570683,0.5408496
7/7/7/5/7/3/4/5/4 3 3,X,1.3333333333333333333333333334,0,BLOCK,X,0.135363,0.2330755
7/7/7/5/7/3/6/1/4 3 3,Z,-2,0,BLOCK,Z,0.3169435,0.4582617
7/7/7/1/7/3/6/5/2 3 3,Z,-1.8,0,BLOCK,Z,0.5063535,0.406634
7/7/7/5/7/3/4/5/2 3 3,X,2,0,BLOCK,X,0.7109987,0.7601024
7/7/7/5/7/3/6/1/2 3 3,Z,-2,0,BLOCK,Z,0.2180579,0.344828
7/7/7/1/7/3/6/5/1 3 3,Z,-1.8,0,BLOCK,Z,0.2769602,0.4485092
7/7/7/5/7/3/4/5/1 3 3,X,2.6666666666666666666666666666,0,BLOCK,X,1.688209,1.094783
7/7/7/5/7/3/6/1/1 3 3,Z,-2,0,BLOCK,Z,1.675629,0.9896867
7/7/7/1/7/3/6/3/4 3 3,Z,-1.6,0,BLOCK,Z,0.2551571,0.4452724
7/7/7/5/7/3/4/3/4 3 3,X,1.3333333333333333333333333334,0,BLOCK,X,0.128854,0.2512455
7/7/7/1/7/3/6/3/2 3 3,Z,-1.6,2,BLOCK,Z,0.9085806,0.5182597
7/7/7/5/7/3/4/3/2 3 3,X,2,0,BLOCK,X,0.6354628,0.6911619
7/7/7/1/7/3/6/3/1 3 3,Z,-1.6,2,BLOCK,Z,0.9182231,0.6001557
7/7/7/5/7/3/4/3/1 3 3,X,2.6666666666666666666666666666,0,BLOCK,X,0.377748,0.521597
7/7/7/1/7/3/5/2/6 3 3,Z,-1.8,0,BLOCK,Z,0.4933603,0.4238985
7/7/7/5/7/3/1/2/6 3 3,X,-2.6666666666666666666666666666,0,BLOCK,X,0.6108548,0.8773596
7/7/7/1/7/3/5/2/5 3 3,Z,-1.8,0,BLOCK,Z,0.407127,0.4458891
7/7/7/5/7/3/1/2/5 3 3,X,-2,0,BLOCK,X,0.4395041,0.6603166
7/7/7/1/7/3/5/2/3 3 3,Z,-1.8,2,BLOCK,Z,0.9708747,0.5233364
7/7/7/5/7/3/1/2/3 3 3,X,-1.3333333333333333333333333334,0,BLOCK,X,0.3693819,0.5005633
7/7/7/1/7/3/5/6/4 3 3,Z,-2,0,BLOCK,Z,0.424684,0.4814366
7/7/7/5/7/3/1/6/4 3 3,X,-2.6666666666666666666666666666,0,BLOCK,X,1.770726,1.115542
7/7/7/5/7/3/5/4/4 3 3,Z,2,2,BLOCK,Z,1.543328,0.9223593
7/7/7/1/7/3/5/6/2 3 3,Z,-2,0,BLOCK,Z,0.2911976,0.4003326
7/7/7/5/7/3/1/6/2 3 3,X,-2,0,BLOCK,X,0.5813611,0.7335023
7/7/7/5/7/3/5/4/2 3 3,Z,2,0,BLOCK,Z,1.701258,1.031163
7/7/7/1/7/3/5/6/1 3 3,Z,-2,2,BLOCK,Z,1.043241,0.6197851
7/7/7/5/7/3/1/6/1 3 3,X,-1.3333333333333333333333333334,0,BLOCK,X,0.6791077,0.5458332
7/7/7/5/7/3/5/4/1 3 3,Z,2,2,BLOCK,Z,1.624623,0.9931844
7/7/7/1/7/3/5/5/4 3 3,Z,-1.8,0,BLOCK,Z,0.6328952,0.4475058
7/7/7/5/7/3/1/5/4 3 3,X,-2.6666666666666666666666666666,0,BLOCK,X,1.808458,1.161963
7/7/7/5/7/3/5/1/4 3 3,Z,-2,0,BLOCK,Z,0.285318,0.4604346
7/7/7/1/7/3/5/5/2 3 3,Z,-1.8,0,BLOCK,Z,0.2197707,0.4555244
7/7/7/5/7/3/1/5/2 3 3,X,-2,0,BLOCK,X,0.9449623,0.8295028
7/7/7/5/7/3/5/1/2 3 3,Z,-2,0,BLOCK,Z,1.730908,1.0297
7/7/7/1/7/3/5/5/1 3 3,Z,-1.8,0,BLOCK,Z,0.1582378,0.4885229
7/7/7/5/7/3/1/5/1 3 3,X,-1.3333333333333333333333333334,0,BLOCK,X,1.06066,0.643259
7/7/7/5/7/3/5/1/1 3 3,Z,-2,0,BLOCK,Z,0.3005882,0.4229558
7/7/7/1/7/3/5/3/4 3 3,Z,-1.6,2,BLOCK,Z,0.9015899,0.5220411
7/7/7/5/7/3/1/3/4 3 3,X,-2.6666666666666666666666666666,0,BLOCK,X,0.3011546,0.4883709
7/7/7/1/7/3/5/3/2 3 3,Z,-1.6,0,BLOCK,Z,0.3294125,0.494323
7/7/7/5/7/3/1/3/2 3 3,X,-2,0,BLOCK,X,0.1923215,0.4776016
7/7/7/1/7/3/5/3/1 3 3,Z,-1.6,0,BLOCK,Z,0.4069166,0.463672
7/7/7/5/7/3/1/3/1 3 3,X,-1.3333333333333333333333333334,0,BLOCK,X,0.4868643,0.5452899
7/7/7/1/7/3/3/2/6 3 3,Z,-1.8,0,BLOCK,Z,0.4426916,0.5364159
7/7/7/5/7/3/3/2/4 3 3,X,-1,2,BLOCK,X,1.323483,0.9166198
7/7/7/1/7/3/3/2/5 3 3,Z,-1.8,0,BLOCK,Z,0.321574,0.3441993
7/7/7/1/7/3/3/2/3 3 3,Z,-1.8,0,BLOCK,Z,0.4704221,0.5160885
7/7/7/1/7/3/3/6/4 3 3,Z,-2,0,BLOCK,Z,0.3450997,0.5547407
7/7/7/5/7/3/3/4/4 3 3,Z,2,0,BLOCK,Z,1.575239,1.039526
7/7/7/1/7/3/3/6/2 3 3,Z,-2,0,BLOCK,Z,0.548956,0.5198915
7/7/7/5/7/3/3/4/2 3 3,Z,2,0,BLOCK,Z,0.159885,0.2288461
7/7/7/1/7/3/3/6/1 3 3,Z,-2,0,BLOCK,Z,0.5970008,0.4957125
7/7/7/5/7/3/3/4/1 3 3,Z,2,2,BLOCK,Z,1.54044,0.9321676
7/7/7/1/7/3/3/5/4 3 3,Z,-1.8,0,BLOCK,Z,0.2794718,0.4465225
7/7/7/5/7/3/3/1/4 3 3,Z,-2,0,BLOCK,Z,1.720479,1.024507
7/7/7/1/7/3/3/5/2 3 3,Z,-1.8,0,BLOCK,Z,0.5314922,0.4799848
7/7/7/5/7/3/3/1/2 3 3,Z,-2,0,BLOCK,Z,0.2456216,0.3385565
7/7/7/1/7/3/3/5/1 3 3,Z,-1.8,0,BLOCK,Z,0.5286232,0.3952787
7/7/7/5/7/3/3/1/1 3 3,Z,-2,0,BLOCK,Z,0.2997774,0.4507615
7/7/7/1/7/3/3/3/4 3 3,Z,-1.6,2,BLOCK,Z,0.910007,0.5640705
7/7/7/1/7/3/3/3/2 3 3,Z,-1.6,0,BLOCK,Z,0.4248965,0.4748396
7/7/7/1/7/3/3/3/1 3 3,Z,-1.6,2,BLOCK,Z,0.9139753,0.5526775
7/7/7/1/7/3/7/2/4 3 3,Z,-1.8,2,BLOCK,Z,1.072921,0.526149
7/7/7/1/7/3/7/2/2 3 3,Z,-1.8,2,BLOCK,Z,1.022287,0.5898104
7/7/7/1/7/3/7/2/1 3 3,Z,-1.8,0,BLOCK,Z,0.2888177,0.5475186
7/7/7/1/7/7/2/2/6 3 3,Z,-2,0,BLOCK,Z,0.399638,0.5128627
7/7/7/5/7/7/2/2/4 3 3,X,-1,0,BLOCK,X,0.8389664,0.9412954
7/7/7/1/7/7/2/2/5 3 3,Z,-2,2,BLOCK,Z,1.090786,0.5642149
7/7/7/5/7/7/2/2/1 3 3,X,1,2,BLOCK,X,1.325897,0.7981268
7/7/7/1/7/7/2/2/3 3 3,Z,-2,0,BLOCK,Z,0.6291894,0.4830389
7/7/7/1/7/7/2/6/4 3 3,Z,-2.2,2,BLOCK,Z,1.137284,0.6799673
7/7/7/5/7/7/2/4/4 3 3,Z,2,0,BLOCK,Z,1.177806,0.5298614
7/7/7/1/7/7/2/6/2 3 3,Z,-2.2,0,BLOCK,Z,0.489233,0.557868
7/7/7/5/7/7/2/4/2 3 3,Z,2,0,BLOCK,Z,0.1390726,0.2492013
7/7/7/1/7/7/2/6/1 3 3,Z,-2.2,0,BLOCK,Z,0.5387854,0.6301437
7/7/7/5/7/7/2/4/1 3 3,Z,2,0,BLOCK,Z,1.719808,1.011181
7/7/7/1/7/7/2/5/4 3 3,Z,-2,0,BLOCK,Z,0.43336,0.5820885
7/7/7/5/7/7/2/1/4 3 3,Z,-2,0,BLOCK,Z,1.148451,0.4938447
7/7/7/1/7/7/2/5/2 3 3,Z,-2,2,BLOCK,Z,1.040757,0.6268992
7/7/7/5/7/7/2/1/2 3 3,Z,-2,0,BLOCK,Z,0.1098749,0.2338323
7/7/7/1/7/7/2/5/1 3 3,Z,-2,0,BLOCK,Z,0.7578931,0.4956602
7/7/7/5/7/7/2/1/1 3 3,Z,-2,0,BLOCK,Z,1.719719,1.019678
7/7/7/1/7/7/2/3/4 3 3,Z,-1.8,2,BLOCK,Z,0.9659856,0.6737377
7/7/7/1/7/7/2/3/2 3 3,Z,-1.8,0,BLOCK,Z,0.4646449,0.5674208
7/7/7/1/7/7/2/3/1 3 3,Z,-1.8,2,BLOCK,Z,0.9863707,0.5866241
7/7/7/1/7/7/6/2/4 3 3,Z,-2,2,BLOCK,Z,1.086454,0.6320477
7/7/7/5/7/7/4/2/4 3 3,X,1,0,BLOCK,X,0.08693168,0.1248224
7/7/7/1/7/7/6/2/2 3 3,Z,-2,0,BLOCK,Z,0.5157756,0.7131233
7/7/7/5/7/7/4/2/2 3 3,X,2,0,BLOCK,X,0.1332107,0.4444478
7/7/7/1/7/7/5/2/4 3 3,Z,-2,0,BLOCK,Z,0.521071,0.6526753
7/7/7/5/7/7/1/2/4 3 3,X,-3,0,BLOCK,X,0.2558434,0.3641293
7/7/7/1/7/7/5/2/2 3 3,Z,-2,0,BLOCK,Z,0.3623674,0.5727056
7/7/7/5/7/7/1/2/2 3 3,X,-2,0,BLOCK,X,0.1987339,0.4211845
7/7/7/1/7/7/5/2/1 3 3,Z,-2,0,BLOCK,Z,0.6208591,0.5325566
7/7/7/5/7/7/4/2/1 3 3,X,3,0,BLOCK,X,0.4069399,0.4720873
7/7/7/5/7/7/1/2/1 3 3,X,-1,0,BLOCK,X,0.3014842,0.2545562
7/7/7/1/7/7/3/2/2 3 3,Z,-2,0,BLOCK,Z,0.4932708,0.6187259
7/7/7/1/7/7/3/2/1 3 3,Z,-2,0,BLOCK,Z,0.4325728,0.6289848
7/7/7/3/2/2/4/7/7 3 3,X,2,0,BLOCK,X,1.43505,0.9231024
7/7/7/3/2/2/1/7/7 3 3,X,-2,0,BLOCK,X,1.048221,0.6121878
3/7/7/3/2/2/3/7/7 3 3,Z,-0.5,302,TIMEOUT,Z,0.05801235,0.02002688
7/7/7/3/2/2/7/4/7 3 3,Z,2,0,BLOCK,Z,0.3145945,0.3248619
7/7/7/3/2/2/7/1/7 3 3,Z,-2,0,BLOCK,Z,0.5359213,0.6467239
7/7/3/3/2/2/7/7/6 3 3,X,-0.5833333333333333333333333333,302,TIMEOUT,Z,0.01199175,0.007796085
7/7/6/3/2/2/7/7/3 3 3,X,0.5833333333333333333333333333,302,TIMEOUT,Z,0.01628899,0.01148522
7/7/7/3/2/4/2/7/7 3 3,Z,2,0,BLOCK,Z,0.7402447,0.7114925
7/7/7/3/2/4/6/6/7 3 3,Z,1.7142857142857142857142857142,0,BLOCK,Z,0.5998449,0.6391104
7/7/7/3/2/6/4/6/7 3 3,X,2,2,BLOCK,X,1.360938,0.7693782
7/7/7/3/2/6/6/4/7 3 3,Z,2,2,BLOCK,Z,1.62057,0.9922042
7/7/7/3/2/4/6/5/7 3 3,Z,2,0,BLOCK,Z,0.8613577,0.7399056
7/7/7/3/2/2/6/5/7 3 3,Z,-0.5,302,TIMEOUT,Z,0.009340098,0.006870805
7/7/7/3/2/6/4/5/7 3 3,X,2,0,BLOCK,X,0.4919612,0.5031716
7/7/7/3/2/6/6/1/7 3 3,Z,-2,0,BLOCK,Z,0.4308451,0.5280994
7/7/7/3/2/4/6/3/7 3 3,Z,2.2857142857142857142857142858,0,BLOCK,Z,0.5875612,0.5312228
7/7/7/3/2/6/4/3/7 3 3,X,2,2,BLOCK,X,1.357269,0.7724224
7/7/7/3/2/4/6/7/6 3 3,Z,2,2,BLOCK,Z,1.246886,0.9990971
7/7/7/3/2/6/4/7/6 3 3,X,1.6,0,BLOCK,X,0.5005884,0.4696352
7/7/7/3/2/4/6/7/5 3 3,Z,2,0,BLOCK,Z,0.6192517,0.5417663
7/7/7/3/2/6/4/7/5 3 3,X,2,0,BLOCK,X,0.5421781,0.5942069
7/7/7/3/2/4/6/7/3 3 3,Z,2,2,BLOCK,Z,1.26151,0.9482848
7/7/7/3/2/6/4/7/3 3 3,X,2.4,0,BLOCK,X,1.564877,0.9630313
7/7/7/3/2/4/5/6/7 3 3,Z,1.7142857142857142857142857142,0,BLOCK,Z,0.6326948,0.6739563
7/7/7/3/2/6/1/6/7 3 3,X,-2,0,BLOCK,X,0.609355,0.6065278
7/7/7/3/2/6/5/4/7 3 3,Z,2,2,BLOCK,Z,1.612647,0.967964
7/7/7/3/2/4/5/5/7 3 3,Z,2,0,BLOCK,Z,1.187615,1.112335
7/7/7/3/2/6/1/5/7 3 3,X,-2,0,BLOCK,X,1.350956,0.9123102
7/7/7/3/2/6/5/1/7 3 3,Z,-2,0,BLOCK,Z,0.4288564,0.4932556
7/7/7/3/2/4/5/3/7 3 3,Z,2.2857142857142857142857142858,0,BLOCK,Z,1.484928,1.043872
7/7/7/3/2/6/1/3/7 3 3,X,-2,0,BLOCK,X,0.5631793,0.5622053
7/7/7/3/2/4/5/7/6 3 3,Z,2,2,BLOCK,Z,1.292883,0.8940757
7/7/7/3/2/6/1/7/6 3 3,X,-2.4,2,BLOCK,X,1.586071,0.8606018
7/7/7/3/2/4/5/7/5 3 3,Z,2,0,BLOCK,Z,1.281592,0.9725305
7/7/7/3/2/6/1/7/5 3 3,X,-2,2,BLOCK,X,1.295023,0.8927491
7/7/7/3/2/4/5/7/3 3 3,Z,2,0,BLOCK,Z,1.285621,1.018171
7/7/7/3/2/6/1/7/3 3 3,X,-1.6,0,BLOCK,X,0.653873,0.4510063
7/7/7/3/2/4/3/6/7 3 3,Z,1.7142857142857142857142857142,2,BLOCK,Z,1.170214,0.9798018
7/7/7/3/2/6/3/4/7 3 3,Z,2,0,BLOCK,Z,0.4326625,0.4083482
7/7/7/3/2/4/3/5/7 3 3,Z,2,0,BLOCK,Z,1.01748,0.9326959
7/7/7/3/2/6/3/1/7 3 3,Z,-2,0,BLOCK,Z,0.4910362,0.6600353
7/7/7/3/2/4/3/3/7 3 3,Z,2.2857142857142857142857142858,0,BLOCK,Z,1.49997,0.9796899
7/7/7/3/2/4/3/7/6 3 3,Z,2,0,BLOCK,Z,1.236155,1.076761
7/7/7/3/2/4/3/7/5 3 3,Z,2,0,BLOCK,Z,0.6667351,0.6285028
7/7/7/3/2/6/3/5/5 3 3,Z,-0.6111111111111111111111111111,302,TIMEOUT,Z,0.002935416,0.001947015
7/7/7/3/2/4/3/7/3 3 3,Z,2,0,BLOCK,Z,0.7231703,0.692647
7/7/7/2/2/6/7/2/7 3 3,Z,0.5,302,TIMEOUT,Z,0.0105661,0.004349529
7/7/7/3/2/4/7/2/7 3 3,Z,2,0,BLOCK,Z,0.3514056,0.5380111
7/7/7/3/2/4/7/6/6 3 3,Z,1.7142857142857142857142857142,0,BLOCK,Z,0.5580615,0.6096394
7/7/7/3/2/6/7/4/6 3 3,Z,2,0,BLOCK,Z,0.2636051,0.2930547
7/7/7/3/2/4/7/6/5 3 3,Z,1.7142857142857142857142857142,0,BLOCK,Z,0.5699005,0.6476914
7/7/7/3/2/6/7/4/5 3 3,Z,2,0,BLOCK,Z,0.265071,0.2147761
7/7/7/3/2/4/7/6/3 3 3,Z,1.7142857142857142857142857142,0,BLOCK,Z,0.7543102,0.7153135
7/7/7/3/2/6/7/4/3 3 3,Z,2,0,BLOCK,Z,0.2683786,0.3167891
7/3/7/3/2/6/7/5/6 3 3,Z,-0.6,302,TIMEOUT,Z,0.0152278,0.007640167
7/7/7/2/2/6/7/5/6 3 3,Z,0.5,302,TIMEOUT,Z,0.005468045,0.004139167
7/7/7/3/2/4/7/5/6 3 3,Z,2,0,BLOCK,Z,1.070241,0.8786789
7/7/7/3/2/6/7/1/6 3 3,Z,-2,0,BLOCK,Z,0.2719721,0.4425232
7/7/7/3/2/4/7/5/5 3 3,Z,2,0,BLOCK,Z,1.085168,0.8128597
7/7/7/3/2/6/7/1/5 3 3,Z,-2,0,BLOCK,Z,0.2572011,0.3484589
7/7/7/3/2/4/7/5/3 3 3,Z,2,0,BLOCK,Z,0.640276,0.5991867
7/7/7/3/2/6/7/1/3 3 3,Z,-2,2,BLOCK,Z,1.611658,1.01389
7/7/7/3/2/4/7/3/6 3 3,Z,2.2857142857142857142857142858,0,BLOCK,Z,1.327619,0.9042747
7/7/7/3/2/4/7/3/5 3 3,Z,2.2857142857142857142857142858,2,BLOCK,Z,1.439894,0.9677349
7/7/7/3/2/4/7/3/3 3 3,Z,2.2857142857142857142857142858,0,BLOCK,Z,1.424326,0.9365457
7/7/7/3/2/4/7/7/4 3 3,Z,2,0,BLOCK,Z,1.160615,0.917434
7/7/7/3/2/4/7/7/2 3 3,Z,2,2,BLOCK,Z,1.342751,0.8917244
7/7/7/3/2/4/7/7/1 3 3,Z,2,0,BLOCK,Z,0.7258685,0.6179481
7/7/7/3/2/1/2/7/7 3 3,Z,-2,0,BLOCK,Z,0.5868273,0.7964101
7/7/7/3/2/1/6/6/7 3 3,Z,-2.2857142857142857142857142858,0,BLOCK,Z,0.7862964,0.677505
7/7/7/3/2/5/4/6/7 3 3,X,2,0,BLOCK,X,0.8108643,0.6428255
7/7/7/3/2/5/6/4/7 3 3,Z,2,0,BLOCK,Z,0.2794418,0.2988785
7/7/7/3/2/1/6/5/7 3 3,Z,-2,2,BLOCK,Z,1.031187,0.8024092
7/7/7/3/2/5/4/5/7 3 3,X,2,0,BLOCK,X,0.606172,0.6429113
7/7/7/3/2/5/6/1/7 3 3,Z,-2,0,BLOCK,Z,0.2106695,0.3087216
7/7/7/3/2/1/6/3/7 3 3,Z,-1.7142857142857142857142857142,0,BLOCK,Z,0.7079673,0.7467729
7/7/7/3/2/5/4/3/7 3 3,X,2,2,BLOCK,X,1.341176,0.8222274
7/7/7/3/2/1/6/7/6 3 3,Z,-2,2,BLOCK,Z,1.116314,0.8356726
7/7/7/3/2/5/4/7/6 3 3,X,1.6,0,BLOCK,X,0.9777244,0.711163
7/7/7/3/2/1/6/7/5 3 3,Z,-2,0,BLOCK,Z,0.815698,0.8686572
7/7/7/3/2/5/4/7/5 3 3,X,2,2,BLOCK,X,1.295315,0.7937823
7/7/7/3/2/1/6/7/3 3 3,Z,-2,2,BLOCK,Z,1.170754,0.7883139
7/7/7/3/2/5/4/7/3 3 3,X,2.4,0,BLOCK,X,0.7497953,0.7852176
7/7/7/3/2/1/5/6/7 3 3,Z,-2.2857142857142857142857142858,0,BLOCK,Z,1.412744,0.7757531
7/7/7/3/2/5/1/6/7 3 3,X,-2,0,BLOCK,X,0.6932678,0.6242398
7/7/7/3/2/5/5/4/7 3 3,Z,2,0,BLOCK,Z,0.1493411,0.1218531
7/7/7/3/2/1/5/5/7 3 3,Z,-2,0,BLOCK,Z,0.7148733,0.7858175
7/7/7/3/2/5/1/5/7 3 3,X,-2,0,BLOCK,X,0.6059307,0.5721017
7/7/7/3/2/5/5/1/7 3 3,Z,-2,0,BLOCK,Z,0.2385731,0.4114179
7/7/7/3/2/1/5/3/7 3 3,Z,-1.7142857142857142857142857142,0,BLOCK,Z,0.5536933,0.7627624
7/7/7/3/2/5/1/3/7 3 3,X,-2,0,BLOCK,X,0.8450409,0.4044337
7/7/7/3/2/1/5/7/6 3 3,Z,-2,0,BLOCK,Z,0.8324514,0.7249084
7/7/7/3/2/5/1/7/6 3 3,X,-2.4,0,BLOCK,X,1.232986,0.9064935
7/7/7/3/2/1/5/7/5 3 3,Z,-2,2,BLOCK,Z,1.181436,0.7124302
7/7/7/3/2/5/1/7/5 3 3,X,-2,0,BLOCK,X,1.19989,0.790088
7/7/7/3/2/1/5/7/3 3 3,Z,-2,2,BLOCK,Z,1.152287,0.7251548
7/7/7/3/2/5/1/7/3 3 3,X,-1.6,0,BLOCK,X,0.6570084,0.432625
7/7/7/3/2/1/3/6/7 3 3,Z,-2.2857142857142857142857142858,2,BLOCK,Z,1.347087,0.8334986
7/7/7/3/2/5/3/4/7 3 3,Z,2,0,BLOCK,Z,1.643468,1.015394
7/7/7/3/2/1/3/5/7 3 3,Z,-2,0,BLOCK,Z,0.818614,0.8429042
7/7/7/3/2/5/3/1/7 3 3,Z,-2,0,BLOCK,Z,0.430433,0.5194635
7/7/7/3/2/1/3/3/7 3 3,Z,-1.7142857142857142857142857142,0,BLOCK,Z,0.5349861,0.6773745
7/7/7/3/2/1/3/7/6 3 3,Z,-2,0,BLOCK,Z,0.6008847,0.8067556
7/7/7/3/2/1/3/7/5 3 3,Z,-2,0,BLOCK,Z,0.6652653,0.8269693
7/7/7/3/2/1/3/7/3 3 3,Z,-2,0,BLOCK,Z,0.8800978,0.8542015
7/7/7/3/2/1/7/2/7 3 3,Z,-2,0,BLOCK,Z,1.460622,0.831288
7/7/7/3/2/1/7/6/6 3 3,Z,-2.2857142857142857142857142858,2,BLOCK,Z,1.368268,0.739287
7/7/7/3/2/5/7/4/6 3 3,Z,2,2,BLOCK,Z,1.588983,0.9281573
7/7/7/3/2/1/7/6/5 3 3,Z,-2.2857142857142857142857142858,2,BLOCK,Z,1.440994,0.9253088
7/7/7/3/2/5/7/4/5 3 3,Z,2,0,BLOCK,Z,0.2673295,0.3290417
7/7/7/3/2/1/7/6/3 3 3,Z,-2.2857142857142857142857142858,0,BLOCK,Z,0.6833206,0.7995868
7/7/7/3/2/5/7/4/3 3 3,Z,2,0,BLOCK,Z,0.202729,0.2787802
7/7/7/3/2/1/7/5/6 3 3,Z,-2,2,BLOCK,Z,1.194233,0.7903073
7/7/7/3/2/5/7/1/6 3 3,Z,-2,0,BLOCK,Z,0.2277106,0.3814103
7/7/7/3/2/1/7/5/5 3 3,Z,-2,0,BLOCK,Z,1.200006,0.7516652
7/7/7/3/2/5/7/1/5 3 3,Z,-2,2,BLOCK,Z,1.621859,0.9967505
7/7/7/3/2/1/7/5/3 3 3,Z,-2,2,BLOCK,Z,1.160007,0.7306557
7/7/7/3/2/5/7/1/3 3 3,Z,-2,0,BLOCK,Z,0.2885669,0.4435284
7/7/7/3/2/1/7/3/6 3 3,Z,-1.7142857142857142857142857142,0,BLOCK,Z,0.5664274,0.6125592
7/7/7/3/2/1/7/3/5 3 3,Z,-1.7142857142857142857142857142,0,BLOCK,Z,0.7896419,0.694244
7/7/7/3/2/1/7/3/3 3 3,Z,-1.7142857142857142857142857142,2,BLOCK,Z,1.044135,0.7231504
7/7/7/3/2/1/7/7/4 3 3,Z,-2,0,BLOCK,Z,1.278712,0.8721874
7/7/7/3/2/1/7/7/2 3 3,Z,-2,0,BLOCK,Z,1.123719,0.8458619
7/7/7/3/2/1/7/7/1 3 3,Z,-2,2,BLOCK,Z,1.23367,0.9157131
7/7/7/3/2/3/4/6/7 3 3,X,2,0,BLOCK,X,0.7496658,0.706385
7/7/7/3/2/3/6/4/7 3 3,Z,2,0,BLOCK,Z,1.588419,0.9545189
7/7/7/3/2/3/4/5/7 3 3,X,2,0,BLOCK,X,0.753845,0.5965169
7/7/7/3/2/3/6/1/7 3 3,Z,-2,2,BLOCK,Z,1.556792,0.9711002
7/7/7/3/2/3/4/3/7 3 3,X,2,0,BLOCK,X,0.7704387,0.6633564
7/7/7/3/2/3/4/7/6 3 3,X,1.6,0,BLOCK,X,0.4417542,0.4760356
7/7/7/3/2/3/4/7/5 3 3,X,2,0,BLOCK,X,0.7803881,0.6596673
7/7/7/3/2/3/4/7/3 3 3,X,2.4,0,BLOCK,X,1.451812,1.041618
7/7/7/3/2/3/1/6/7 3 3,X,-2,0,BLOCK,X,1.264092,0.7926545
7/7/7/3/2/3/5/4/7 3 3,Z,2,0,BLOCK,Z,1.07865,0.6395268
7/7/7/3/2/3/1/5/7 3 3,X,-2,0,BLOCK,X,1.36878,0.8039122
7/7/7/3/2/3/5/1/7 3 3,Z,-2,0,BLOCK,Z,0.6427106,0.5597294
7/7/7/3/2/3/1/3/7 3 3,X,-2,2,BLOCK,X,1.334385,0.8110549
7/7/7/3/2/3/1/7/6 3 3,X,-2.4,0,BLOCK,X,1.525351,1.061551
7/7/7/3/2/3/1/7/5 3 3,X,-2,0,BLOCK,X,0.6199482,0.5524941
7/7/7/3/2/3/1/7/3 3 3,X,-1.6,0,BLOCK,X,0.6049073,0.4876606
7/7/7/3/2/3/3/4/7 3 3,Z,2,0,BLOCK,Z,0.5915685,0.5837821
7/7/7/3/2/3/3/1/7 3 3,Z,-2,2,BLOCK,Z,1.739664,1.065647
7/7/7/3/2/3/7/4/6 3 3,Z,2,0,BLOCK,Z,0.3975185,0.3492848
7/7/7/3/2/3/7/4/5 3 3,Z,2,2,BLOCK,Z,1.594586,0.9443102
7/7/6/3/2/3/7/6/3 3 3,Z,-0.6428571428571428571428571429,302,TIMEOUT,Z,0.02051726,0.01027484
7/7/7/3/2/3/7/4/3 3 3,Z,2,0,BLOCK,Z,0.3304463,0.3605046
7/7/7/3/2/3/7/1/6 3 3,Z,-2,0,BLOCK,Z,0.3562258,0.4537289
7/7/7/3/2/3/7/1/5 3 3,Z,-2,0,BLOCK,Z,0.4170749,0.5393361
7/7/7/3/2/3/7/1/3 3 3,Z,-2,0,BLOCK,Z,0.3508351,0.4773624
7/7/7/3/2/7/2/4/7 3 3,Z,2,0,BLOCK,Z,1.616705,1.00937
7/7/7/3/2/7/2/1/7 3 3,Z,-2,0,BLOCK,Z,0.1040336,0.2170708
7/7/7/3/2/7/4/2/7 3 3,X,2,0,BLOCK,X,0.4451168,0.5081967
7/7/3/3/2/7/6/6/6 3 3,X,-0.6666666666666666666666666667,302,TIMEOUT,Z,0.01209925,0.005760593
7/7/7/2/2/7/6/6/6 3 3,Z,0.5,302,TIMEOUT,Z,0.009034833,0.007026826
7/7/7/3/2/7/4/6/6 3 3,X,1.5,0,BLOCK,X,0.5024275,0.4731573
7/7/7/3/2/7/6/4/6 3 3,Z,2,0,BLOCK,Z,0.3401195,0.3895836
7/7/7/3/2/7/4/6/5 3 3,X,2,0,BLOCK,X,0.6521659,0.6158128
7/7/7/3/2/7/6/4/5 3 3,Z,2,0,BLOCK,Z,0.2969888,0.3037679
7/7/7/3/2/7/4/6/3 3 3,X,2.5,0,BLOCK,X,0.5854361,0.7868953
7/7/7/3/2/7/6/4/3 3 3,Z,2,2,BLOCK,Z,1.595242,0.9596316
7/7/7/3/2/7/4/5/6 3 3,X,1.5,0,BLOCK,X,0.6385412,0.4937206
7/7/7/3/2/7/6/1/6 3 3,Z,-2,0,BLOCK,Z,0.4540569,0.5983972
7/7/7/3/2/7/4/5/5 3 3,X,2,0,BLOCK,X,0.5123123,0.6284431
7/7/7/3/2/7/6/1/5 3 3,Z,-2,0,BLOCK,Z,1.675595,1.050135
7/7/7/3/2/7/4/5/3 3 3,X,2.5,0,BLOCK,X,0.6923369,0.7589558
7/7/7/3/2/7/6/1/3 3 3,Z,-2,0,BLOCK,Z,0.1854123,0.3287684
7/7/7/3/2/7/4/3/6 3 3,X,1.5,2,BLOCK,X,1.134672,0.6666052
7/7/7/3/2/7/4/3/5 3 3,X,2,0,BLOCK,X,0.5351857,0.5810146
7/7/7/3/2/7/4/3/3 3 3,X,2.5,0,BLOCK,X,0.7746505,0.7530634
7/7/7/3/2/7/4/7/4 3 3,X,1.5,0,BLOCK,X,0.5314283,0.3997735
7/7/7/3/2/7/4/7/2 3 3,X,2,0,BLOCK,X,0.5462707,0.597558
7/7/7/3/2/7/4/7/1 3 3,X,2.5,0,BLOCK,X,0.6756089,0.6641936
7/7/7/3/2/7/1/2/7 3 3,X,-2,0,BLOCK,X,0.6655234,0.7235177
7/7/7/2/2/7/5/6/6 3 3,Z,0.5,302,TIMEOUT,Z,0.008054176,0.003461508
7/7/7/3/2/7/1/6/6 3 3,X,-2.5,0,BLOCK,X,0.7158119,0.9181034
7/7/7/3/2/7/5/4/6 3 3,Z,2,0,BLOCK,Z,1.364357,0.8692696
7/7/7/3/2/7/1/6/5 3 3,X,-2,0,BLOCK,X,0.8440781,0.5297182
7/7/7/3/2/7/5/4/5 3 3,Z,2,0,BLOCK,Z,0.4202228,0.4819802
7/7/7/3/2/7/1/6/3 3 3,X,-1.5,0,BLOCK,X,0.4288591,0.4486244
7/7/7/3/2/7/5/4/3 3 3,Z,2,0,BLOCK,Z,0.09213102,0.1781299
7/7/7/3/2/7/1/5/6 3 3,X,-2.5,0,BLOCK,X,1.190084,0.8699651
7/7/7/3/2/7/5/1/6 3 3,Z,-2,0,BLOCK,Z,0.5510938,0.5151129
7/7/7/3/2/7/1/5/5 3 3,X,-2,0,BLOCK,X,0.40407,0.4204904
7/7/7/3/2/7/5/1/5 3 3,Z,-2,0,BLOCK,Z,0.2156577,0.4184951
7/7/7/3/2/7/1/5/3 3 3,X,-1.5,0,BLOCK,X,0.6112253,0.4964055
7/7/7/3/2/7/5/1/3 3 3,Z,-2,0,BLOCK,Z,1.660024,1.062696
7/7/7/3/2/7/1/3/6 3 3,X,-2.5,0,BLOCK,X,0.8498264,0.772489
7/7/7/3/2/7/1/3/5 3 3,X,-2,0,BLOCK,X,0.7569175,0.5775871
7/7/7/3/2/7/1/3/3 3 3,X,-1.5,0,BLOCK,X,0.3550287,0.409565
7/7/7/3/2/7/1/7/4 3 3,X,-2.5,0,BLOCK,X,0.4986638,0.5556449
7/7/7/3/2/7/1/7/2 3 3,X,-2,0,BLOCK,X,0.458398,0.5620006
7/7/7/3/2/7/1/7/1 3 3,X,-1.5,0,BLOCK,X,0.6113501,0.3507776
7/7/3/3/2/7/3/2/7 3 3,Z,-0.5,302,TIMEOUT,Z,0.001140772,0.0007919342
7/7/7/3/2/7/3/4/6 3 3,Z,2,2,BLOCK,Z,1.573835,0.9554207
7/7/6/3/2/7/3/6/5 3 3,Z,-0.6,302,TIMEOUT,Z,0.01278482,0.005575972
7/7/7/3/2/7/3/4/5 3 3,Z,2,0,BLOCK,Z,1.580069,0.9607143
7/7/7/3/2/7/3/4/3 3 3,Z,2,0,BLOCK,Z,0.2119572,0.3931422
7/7/7/3/2/6/3/5/6 3 3,X,-0.75,302,TIMEOUT,Z,0.004115614,0.0018511
7/7/7/3/2/7/3/1/6 3 3,Z,-2,0,BLOCK,Z,1.056154,0.8463435
7/7/7/3/2/7/3/1/5 3 3,Z,-2,0,BLOCK,Z,0.2424065,0.3309635
7/7/7/3/2/6/3/5/3 3 3,Z,-0.6111111111111111111111111111,302,TIMEOUT,Z,0.005035527,0.004389237
7/7/7/3/2/7/3/1/3 3 3,Z,-2,0,BLOCK,Z,0.5320632,0.6867584
7/7/7/3/2/7/7/4/4 3 3,Z,2,0,BLOCK,Z,0.4071939,0.4526755
7/7/7/2/2/7/7/6/2 3 3,Z,0.5,302,TIMEOUT,Z,0.006559403,0.00315322
7/7/7/3/2/7/7/4/2 3 3,Z,2,0,BLOCK,Z,0.2044981,0.2287975
7/7/7/3/2/7/7/4/1 3 3,Z,2,0,BLOCK,Z,0.2198637,0.3090596
7/7/7/3/2/7/7/1/4 3 3,Z,-2,0,BLOCK,Z,0.3376665,0.4522275
7/7/7/3/2/7/7/1/2 3 3,Z,-2,0,BLOCK,Z,0.3332482,0.3997428
7/7/7/3/2/7/7/1/1 3 3,Z,-2,0,BLOCK,Z,0.5141256,0.633764
7/7/7/3/4/2/2/7/7 3 3,X,2,2,BLOCK,X,0.9729641,0.6025399
7/7/7/3/4/2/6/6/7 3 3,X,1.75,0,BLOCK,X,0.5200441,0.444318
7/7/7/3/6/2/4/6/7 3 3,X,2,0,BLOCK,X,0.7669474,0.9016827
7/7/7/3/6/2/2/6/7 3 3,Z,-0.6111111111111111111111111111,302,TIMEOUT,Z,0.003332868,0.001269289
7/7/7/3/6/2/6/4/7 3 3,Z,2,0,BLOCK,Z,0.9617046,0.6957471
7/7/7/3/4/2/6/5/7 3 3,X,1.75,0,BLOCK,X,0.2763191,0.4614623
7/7/7/3/6/2/4/5/7 3 3,X,2,0,BLOCK,X,1.428543,0.8162421
7/7/7/3/6/2/6/1/7 3 3,Z,-2,0,BLOCK,Z,0.3296672,0.3790263
7/7/7/3/4/2/6/3/7 3 3,X,1.75,2,BLOCK,X,0.9205,0.5204047
7/7/7/3/6/2/4/3/7 3 3,X,2,0,BLOCK,X,1.300557,0.9324723
7/7/7/3/4/2/6/7/6 3 3,X,1.5,0,BLOCK,X,0.4504767,0.5573469
7/7/7/3/2/2/6/7/6 3 3,Z,-0.5,302,TIMEOUT,Z,0.007386927,0.00423339
7/7/7/3/6/2/4/7/6 3 3,X,1.6,0,BLOCK,X,1.337898,0.8328816
7/7/7/3/4/2/6/7/5 3 3,X,1.75,2,BLOCK,X,0.984587,0.5747663
7/7/7/3/6/2/4/7/5 3 3,X,2,0,BLOCK,X,0.894529,0.8146959
7/7/7/3/4/2/6/7/3 3 3,X,2,0,BLOCK,X,0.4940578,0.7063535
7/7/7/3/6/2/4/7/3 3 3,X,2.4,0,BLOCK,X,1.500409,1.015505
7/7/7/3/4/2/5/6/7 3 3,X,2,0,BLOCK,X,0.6355203,0.6632122
7/7/7/3/6/2/1/6/7 3 3,X,-2,0,BLOCK,X,0.807969,0.6791813
7/7/7/3/6/2/5/4/7 3 3,Z,2,0,BLOCK,Z,0.6918872,0.5504425
7/7/7/3/4/2/5/5/7 3 3,X,2,0,BLOCK,X,0.5524388,0.6653221
7/7/7/3/6/2/1/5/7 3 3,X,-2,0,BLOCK,X,0.6053564,0.624535
7/7/7/3/6/2/5/1/7 3 3,Z,-2,2,BLOCK,Z,1.572132,0.9449528
7/7/7/3/4/2/5/3/7 3 3,X,2,0,BLOCK,X,0.5688062,0.5897152
7/7/7/3/6/2/1/3/7 3 3,X,-2,0,BLOCK,X,0.715823,0.7365652
7/7/7/3/4/2/5/7/6 3 3,X,1.75,0,BLOCK,X,0.5444562,0.5474058
7/7/7/3/6/2/1/7/6 3 3,X,-2.4,0,BLOCK,X,0.9825064,0.814888
7/7/7/3/4/2/5/7/5 3 3,X,2,0,BLOCK,X,0.6403358,0.6699841
7/7/7/3/6/2/1/7/5 3 3,X,-2,2,BLOCK,X,1.336755,0.9019309
7/7/7/3/4/2/5/7/3 3 3,X,2.25,0,BLOCK,X,0.7142103,0.7553326
7/7/7/3/6/2/1/7/3 3 3,X,-1.6,0,BLOCK,X,1.204458,0.7808976
7/7/7/3/4/2/3/6/7 3 3,X,2.25,2,BLOCK,X,1.176332,0.7065933
7/7/7/3/6/2/3/4/7 3 3,Z,2,0,BLOCK,Z,0.6514524,0.6559718
7/7/7/3/4/2/3/5/7 3 3,X,2.25,2,BLOCK,X,1.183047,0.7567415
7/7/7/3/6/2/3/1/7 3 3,Z,-2,0,BLOCK,Z,0.3591919,0.3596017
7/7/7/3/4/2/3/3/7 3 3,X,2.25,0,BLOCK,X,0.5647637,0.7383853
7/7/7/3/4/2/3/7/6 3 3,X,2,0,BLOCK,X,0.5185618,0.7324119
7/7/7/3/4/2/3/7/5 3 3,X,2.25,2,BLOCK,X,1.162869,0.7147736
7/7/7/3/4/2/3/7/3 3 3,X,2.5,0,BLOCK,X,0.4296418,0.6555551
7/7/7/3/4/2/7/2/7 3 3,X,2,0,BLOCK,X,0.4850782,0.7134236
7/7/7/3/4/2/7/6/6 3 3,X,1.75,2,BLOCK,X,0.9999678,0.5956366
7/7/7/3/6/2/7/4/6 3 3,Z,2,0,BLOCK,Z,0.3016846,0.3161308
7/7/7/3/4/2/7/6/5 3 3,X,2,0,BLOCK,X,0.7093772,0.6610452
7/7/7/3/2/2/7/6/5 3 3,Z,-0.6111111111111111111111111111,302,TIMEOUT,Z,0.006300039,0.003541975
7/7/7/3/6/2/7/4/5 3 3,Z,2,0,BLOCK,Z,0.3386656,0.1741959
7/7/7/3/4/2/7/6/3 3 3,X,2.25,0,BLOCK,X,0.6517013,0.9217836
7/7/7/3/6/2/7/4/3 3 3,Z,2,0,BLOCK,Z,0.3935591,0.3789252
7/7/7/3/4/2/7/5/6 3 3,X,1.75,0,BLOCK,X,0.6720552,0.6327847
7/7/7/3/6/2/7/1/6 3 3,Z,-2,0,BLOCK,Z,0.4355764,0.5185183
7/7/7/3/4/2/7/5/5 3 3,X,2,0,BLOCK,X,0.4980066,0.6243446
7/7/7/3/6/2/7/1/5 3 3,Z,-2,0,BLOCK,Z,0.4653492,0.478884
7/7/7/3/4/2/7/5/3 3 3,X,2.25,0,BLOCK,X,0.6004882,0.7199554
7/7/7/3/6/2/7/1/3 3 3,Z,-2,0,BLOCK,Z,0.3449683,0.5120829
7/7/7/3/4/2/7/3/6 3 3,X,1.75,0,BLOCK,X,0.5399396,0.5874376
7/7/7/3/4/2/7/3/5 3 3,X,2,0,BLOCK,X,0.7349567,0.7597218
7/7/7/3/4/2/7/3/3 3 3,X,2.25,0,BLOCK,X,0.8354073,0.7233639
7/7/7/3/4/2/7/7/4 3 3,X,1.75,0,BLOCK,X,0.7309244,0.7475096
7/7/7/3/4/2/7/7/2 3 3,X,2,2,BLOCK,X,1.061651,0.7110534
7/7/7/3/4/2/7/7/1 3 3,X,2.25,0,BLOCK,X,0.7924054,0.8503478
7/7/7/3/4/6/2/6/7 3 3,X,2,2,BLOCK,X,1.081362,0.6578112
7/7/7/3/6/4/2/6/7 3 3,Z,1.6666666666666666666666666666,0,BLOCK,Z,0.1337412,0.3964943
7/7/7/3/6/6/2/4/7 3 3,Z,2,2,BLOCK,Z,1.628407,0.9689085
7/7/7/3/4/6/2/5/7 3 3,X,2,0,BLOCK,X,0.3844162,0.5825397
7/7/7/3/6/4/2/5/7 3 3,Z,2,0,BLOCK,Z,0.4737328,0.5479496
7/7/7/3/6/6/2/1/7 3 3,Z,-2,0,BLOCK,Z,0.9816656,0.6328391
7/7/7/3/4/6/2/3/7 3 3,X,2,0,BLOCK,X,0.5627916,0.5352722
7/7/7/3/6/4/2/3/7 3 3,Z,2.3333333333333333333333333334,0,BLOCK,Z,0.5952538,0.575964
7/7/7/3/4/6/2/7/6 3 3,X,1.75,2,BLOCK,X,1.098581,0.756058
7/7/7/3/6/4/2/7/6 3 3,Z,2,0,BLOCK,Z,0.7456502,0.6544914
7/7/7/3/4/6/2/7/5 3 3,X,2,0,BLOCK,X,0.4605666,0.5058343
7/7/7/3/6/4/2/7/5 3 3,Z,2,0,BLOCK,Z,0.5167306,0.6080832
7/7/7/3/4/6/2/7/3 3 3,X,2.25,0,BLOCK,X,0.4256081,0.6283999
7/7/7/3/6/4/2/7/3 3 3,Z,2,2,BLOCK,Z,1.199544,0.8992068
7/7/7/3/4/6/6/2/7 3 3,X,1.75,2,BLOCK,X,0.9206824,0.5426547
7/7/7/3/6/4/6/2/7 3 3,Z,2,0,BLOCK,Z,0.07603785,0.43888
7/7/7/3/6/6/4/2/7 3 3,X,2,0,BLOCK,X,1.408289,0.8517568
7/7/7/3/4/6/6/6/6 3 3,X,1.5,2,BLOCK,X,0.914615,0.5299188
7/7/7/3/6/4/6/6/6 3 3,Z,1.6666666666666666666666666666,0,BLOCK,Z,0.3307009,0.4521796
7/7/7/3/6/6/4/6/6 3 3,X,1.5,0,BLOCK,X,1.293878,0.7283393
7/7/7/3/6/6/6/4/6 3 3,Z,2,0,BLOCK,Z,0.2797383,0.4054088
7/7/7/3/4/6/6/6/5 3 3,X,1.75,0,BLOCK,X,0.5118769,0.561584
7/7/7/3/6/4/6/6/5 3 3,Z,1.6666666666666666666666666666,0,BLOCK,Z,0.2057857,0.3916541
7/7/7/3/6/6/4/6/5 3 3,X,2,0,BLOCK,X,1.442701,0.9084758
7/7/7/3/6/6/6/4/5 3 3,Z,2,0,BLOCK,Z,0.1999996,0.08556187
7/7/7/3/4/6/6/6/3 3 3,X,2.0,2,BLOCK,X,1.001439,0.7965263
7/7/7/3/6/4/6/6/3 3 3,Z,1.6666666666666666666666666666,0,BLOCK,Z,0.5261685,0.4901237
7/7/7/3/6/6/4/6/3 3 3,X,2.5,0,BLOCK,X,0.7299262,0.9085299
7/7/7/3/6/6/6/4/3 3 3,Z,2,0,BLOCK,Z,0.3109651,0.2854404
7/7/7/3/4/6/6/5/6 3 3,X,1.5,0,BLOCK,X,0.6876407,0.5176334
7/7/7/3/6/4/6/5/6 3 3,Z,2,0,BLOCK,Z,1.000727,0.7705654
7/7/7/3/6/6/4/5/6 3 3,X,1.5,2,BLOCK,X,1.210208,0.7096345
7/7/7/3/6/6/6/1/6 3 3,Z,-2,2,BLOCK,Z,1.624483,0.9840873
7/7/7/3/4/6/6/5/5 3 3,X,1.75,0,BLOCK,X,0.3709951,0.5200775
7/7/7/3/6/4/6/5/5 3 3,Z,2,0,BLOCK,Z,0.4471202,0.5415366
7/7/7/3/6/6/4/5/5 3 3,X,2,0,BLOCK,X,1.35331,0.977506
7/7/7/3/6/6/6/1/5 3 3,Z,-2,0,BLOCK,Z,0.3089156,0.3249273
7/7/7/3/4/6/6/5/3 3 3,X,2.0,0,BLOCK,X,0.6810076,0.725279
7/7/7/3/6/4/6/5/3 3 3,Z,2,2,BLOCK,Z,1.224944,0.9196073
7/7/7/3/6/6/4/5/3 3 3,X,2.5,0,BLOCK,X,0.7442136,0.8816245
7/7/7/3/6/6/6/1/3 3 3,Z,-2,2,BLOCK,Z,1.590683,0.9097453
7/7/7/3/4/6/6/3/6 3 3,X,1.5,0,BLOCK,X,0.5935594,0.3009517
7/7/7/3/6/4/6/3/6 3 3,Z,2.3333333333333333333333333334,0,BLOCK,Z,0.5952509,0.655445
7/7/7/3/6/6/4/3/6 3 3,X,1.5,0,BLOCK,X,0.4801055,0.5514573
7/7/7/3/4/6/6/3/5 3 3,X,1.75,0,BLOCK,X,0.6360641,0.6789779
7/7/7/3/6/4/6/3/5 3 3,Z,2.3333333333333333333333333334,0,BLOCK,Z,0.6497888,0.6813397
7/7/7/3/6/6/4/3/5 3 3,X,2,2,BLOCK,X,1.290305,0.8381034
7/7/7/3/4/6/6/3/3 3 3,X,2.0,0,BLOCK,X,0.5056936,0.7029843
7/7/7/3/6/4/6/3/3 3 3,Z,2.3333333333333333333333333334,0,BLOCK,Z,0.5121847,0.4798109
7/7/7/3/6/6/4/3/3 3 3,X,2.5,0,BLOCK,X,0.7714372,1.003766
7/7/7/3/4/6/6/7/4 3 3,X,1.5,0,BLOCK,X,0.5483859,0.5590143
7/7/7/3/6/4/6/7/4 3 3,Z,2,0,BLOCK,Z,0.5526071,0.5364226
7/7/7/3/6/6/4/7/4 3 3,X,1.5,2,BLOCK,X,1.173098,0.6687077
7/7/7/3/4/6/6/7/2 3 3,X,1.75,0,BLOCK,X,0.5174087,0.7506298
7/7/7/3/6/4/6/7/2 3 3,Z,2,0,BLOCK,Z,0.4639385,0.420635
7/7/7/3/6/6/4/7/2 3 3,X,2,0,BLOCK,X,0.7793955,0.7319728
7/7/7/3/4/6/6/7/1 3 3,X,2.0,0,BLOCK,X,0.6242775,0.7165607
7/7/7/3/6/4/6/7/1 3 3,Z,2,0,BLOCK,Z,0.8522992,0.6295847
7/7/7/3/6/6/4/7/1 3 3,X,2.5,0,BLOCK,X,0.3487206,0.6175858
7/7/7/3/4/6/5/2/7 3 3,X,2,0,BLOCK,X,0.8189906,0.6920039
7/7/7/3/6/4/5/2/7 3 3,Z,2,0,BLOCK,Z,1.254465,0.9562478
7/7/7/3/6/6/1/2/7 3 3,X,-2,0,BLOCK,X,0.574437,0.5456053
7/7/7/3/4/6/5/6/6 3 3,X,1.75,2,BLOCK,X,0.8999655,0.5580884
7/7/7/3/6/4/5/6/6 3 3,Z,1.6666666666666666666666666666,0,BLOCK,Z,0.2968181,0.4567113
7/7/7/3/6/6/1/6/6 3 3,X,-2.5,0,BLOCK,X,0.7476836,0.872507
7/7/7/3/6/6/5/4/6 3 3,Z,2,0,BLOCK,Z,1.339184,0.8650709
7/7/7/3/4/6/5/6/5 3 3,X,2,0,BLOCK,X,1.02481,0.6578113
7/7/7/3/6/4/5/6/5 3 3,Z,1.6666666666666666666666666666,0,BLOCK,Z,0.1390592,0.5191676
7/7/7/3/6/6/1/6/5 3 3,X,-2,0,BLOCK,X,0.6477913,0.6665832
7/7/7/3/6/6/5/4/5 3 3,Z,2,2,BLOCK,Z,1.613798,0.9688167
7/7/7/3/4/6/5/6/3 3 3,X,2.25,0,BLOCK,X,0.7199065,0.768315
7/7/7/3/6/4/5/6/3 3 3,Z,1.6666666666666666666666666666,0,BLOCK,Z,0.3818789,0.498272
7/7/7/3/6/6/1/6/3 3 3,X,-1.5,0,BLOCK,X,0.4251307,0.5302235
7/7/7/3/6/6/5/4/3 3 3,Z,2,0,BLOCK,Z,1.566186,0.9354618
7/7/7/3/4/6/5/5/6 3 3,X,1.75,2,BLOCK,X,0.9614788,0.6387665
7/7/7/3/6/4/5/5/6 3 3,Z,2,0,BLOCK,Z,0.6290148,0.5238211
7/7/7/3/6/6/1/5/6 3 3,X,-2.5,0,BLOCK,X,0.7894111,0.7174618
7/7/7/3/6/6/5/1/6 3 3,Z,-2,0,BLOCK,Z,0.7114714,0.5689209
7/7/7/3/4/6/5/5/5 3 3,X,2,2,BLOCK,X,1.063619,0.594103
7/7/7/3/6/4/5/5/5 3 3,Z,2,2,BLOCK,Z,1.119664,0.9002124
7/7/7/3/6/6/1/5/5 3 3,X,-2,2,BLOCK,X,1.245125,0.8762974
7/7/7/3/6/6/5/1/5 3 3,Z,-2,0,BLOCK,Z,0.5151091,0.5849403
7/7/7/3/4/6/5/5/3 3 3,X,2.25,2,BLOCK,X,1.081217,0.6391599
7/7/7/3/6/4/5/5/3 3 3,Z,2,0,BLOCK,Z,0.7426846,0.6586038
7/7/7/3/6/6/1/5/3 3 3,X,-1.5,0,BLOCK,X,0.3277469,0.4032544
7/7/7/3/6/6/5/1/3 3 3,Z,-2,0,BLOCK,Z,1.07477,0.5561169
7/7/7/3/4/6/5/3/6 3 3,X,1.75,0,BLOCK,X,0.8088825,0.5763314
7/7/7/3/6/4/5/3/6 3 3,Z,2.3333333333333333333333333334,0,BLOCK,Z,0.5531339,0.5052407
7/7/7/3/6/6/1/3/6 3 3,X,-2.5,0,BLOCK,X,1.617228,1.02448
7/7/7/3/4/6/5/3/5 3 3,X,2,0,BLOCK,X,0.711382,0.6808141
7/7/7/3/6/4/5/3/5 3 3,Z,2.3333333333333333333333333334,2,BLOCK,Z,1.445021,0.8942025
7/7/7/3/6/6/1/3/5 3 3,X,-2,0,BLOCK,X,1.216635,0.7805038
7/7/7/3/4/6/5/3/3 3 3,X,2.25,0,BLOCK,X,0.6729516,0.7590228
7/7/7/3/6/4/5/3/3 3 3,Z,2.3333333333333333333333333334,0,BLOCK,Z,0.5294011,0.5863
7/7/7/3/6/6/1/3/3 3 3,X,-1.5,0,BLOCK,X,0.4184854,0.324422
7/7/7/3/4/6/5/7/4 3 3,X,1.75,0,BLOCK,X,0.7446345,0.5553519
7/7/7/3/6/4/5/7/4 3 3,Z,2,2,BLOCK,Z,1.186932,0.8171571
7/7/7/3/6/6/1/7/4 3 3,X,-2.5,0,BLOCK,X,0.6035539,0.6001096
7/7/7/3/4/6/5/7/2 3 3,X,2,2,BLOCK,X,1.057064,0.7673411
7/7/7/3/6/4/5/7/2 3 3,Z,2,0,BLOCK,Z,0.7274323,0.5909762
7/7/7/3/6/6/1/7/2 3 3,X,-2,0,BLOCK,X,1.130277,0.6455444
7/7/7/3/4/6/5/7/1 3 3,X,2.25,2,BLOCK,X,1.085784,0.7291074
7/7/7/3/6/4/5/7/1 3 3,Z,2,0,BLOCK,Z,0.6291083,0.5215201
7/7/7/3/6/6/1/7/1 3 3,X,-1.5,0,BLOCK,X,0.4009418,0.5499886
7/7/7/3/4/6/3/2/7 3 3,X,2.25,0,BLOCK,X,0.6913667,0.770655
7/7/7/3/6/4/3/2/7 3 3,Z,2,0,BLOCK,Z,1.211389,0.9368312
7/7/7/3/4/6/3/6/6 3 3,X,2.0,0,BLOCK,X,0.6794598,0.7492945
7/7/7/3/6/4/3/6/6 3 3,Z,1.6666666666666666666666666666,2,BLOCK,Z,1.099852,0.7293529
7/7/7/3/6/6/3/4/6 3 3,Z,2,0,BLOCK,Z,1.6483,0.9140184
7/7/7/3/4/6/3/6/5 3 3,X,2.25,2,BLOCK,X,1.315698,0.7326154
7/7/7/3/6/4/3/6/5 3 3,Z,1.6666666666666666666666666666,2,BLOCK,Z,1.092176,0.7883451
7/7/7/3/6/6/3/4/5 3 3,Z,2,0,BLOCK,Z,0.9527488,0.3834543
7/7/7/3/4/6/3/6/3 3 3,X,2.5,0,BLOCK,X,0.4912328,0.7778323
7/7/7/3/2/6/3/6/3 3 3,Z,-0.7222222222222222222222222222,302,TIMEOUT,Z,0.01860782,0.0121151
7/7/7/3/6/4/3/6/3 3 3,Z,1.6666666666666666666666666666,0,BLOCK,Z,0.382154,0.5043362
7/7/7/3/6/6/3/4/3 3 3,Z,2,0,BLOCK,Z,0.4380896,0.5026119
7/7/7/3/4/6/3/5/6 3 3,X,2.0,0,BLOCK,X,1.308325,0.8107938
7/7/7/3/6/4/3/5/6 3 3,Z,2,0,BLOCK,Z,0.7191275,0.5441113
7/7/7/3/6/6/3/1/6 3 3,Z,-2,0,BLOCK,Z,1.022243,0.8226877
7/7/7/3/4/6/3/5/5 3 3,X,2.25,0,BLOCK,X,0.8098729,0.7298249
7/7/7/3/6/4/3/5/5 3 3,Z,2,2,BLOCK,Z,1.097838,0.8337026
7/7/7/3/6/6/3/1/5 3 3,Z,-2,0,BLOCK,Z,1.611017,0.9818789
7/7/7/3/4/6/3/5/3 3 3,X,2.5,2,BLOCK,X,1.165548,0.7540795
7/7/7/3/6/4/3/5/3 3 3,Z,2,0,BLOCK,Z,0.7301758,0.7000226
7/7/7/3/6/6/3/1/3 3 3,Z,-2,0,BLOCK,Z,0.4892327,0.5861052
7/7/7/3/4/6/3/3/6 3 3,X,2.0,0,BLOCK,X,1.208273,0.8442023
7/7/7/3/6/4/3/3/6 3 3,Z,2.3333333333333333333333333334,0,BLOCK,Z,0.7251711,0.5850891
7/7/7/3/4/6/3/3/5 3 3,X,2.25,0,BLOCK,X,1.406729,0.8579182
7/7/7/3/6/4/3/3/5 3 3,Z,2.3333333333333333333333333334,0,BLOCK,Z,0.7090424,0.6747238
7/7/7/3/4/6/3/3/3 3 3,X,2.5,0,BLOCK,X,1.250836,0.8698921
7/7/7/3/6/4/3/3/3 3 3,Z,2.3333333333333333333333333334,0,BLOCK,Z,1.442968,1.069383
7/7/7/3/4/6/3/7/4 3 3,X,2.0,0,BLOCK,X,0.5404998,0.7033928
7/7/7/3/6/4/3/7/4 3 3,Z,2,0,BLOCK,Z,0.6904532,0.5702057
7/7/7/3/4/6/3/7/2 3 3,X,2.25,0,BLOCK,X,0.4699353,0.624715
7/7/7/3/6/4/3/7/2 3 3,Z,2,0,BLOCK,Z,1.202552,0.9437911
7/7/7/3/4/6/3/7/1 3 3,X,2.5,0,BLOCK,X,0.555863,0.6294584
7/7/7/3/2/6/3/7/1 3 3,Z,-0.6111111111111111111111111111,302,TIMEOUT,Z,0.02587315,0.01397145
7/7/7/3/6/4/3/7/1 3 3,Z,2,0,BLOCK,Z,1.110573,0.9653074
7/7/7/3/4/6/7/2/6 3 3,X,1.75,0,BLOCK,X,0.4397716,0.4842704
7/7/7/3/6/4/7/2/6 3 3,Z,2,0,BLOCK,Z,0.1812856,0.2461791
7/7/7/3/4/6/7/2/5 3 3,X,2,2,BLOCK,X,1.007483,0.6175503
7/7/7/3/6/4/7/2/5 3 3,Z,2,2,BLOCK,Z,1.435959,0.8252149
7/7/7/3/4/6/7/2/3 3 3,X,2.25,0,BLOCK,X,0.5394365,0.7247084
7/7/7/3/6/4/7/2/3 3 3,Z,2,0,BLOCK,Z,0.8601606,0.6070391
7/7/7/3/4/6/7/6/4 3 3,X,1.75,0,BLOCK,X,0.684202,0.7130659
7/7/7/3/6/4/7/6/4 3 3,Z,1.6666666666666666666666666668,0,BLOCK,Z,0.3901288,0.3688297
7/7/7/3/6/6/7/4/4 3 3,Z,2,2,BLOCK,Z,1.55801,0.9386776
7/7/7/3/4/6/7/6/2 3 3,X,2,0,BLOCK,X,0.8154349,0.7410129
7/7/7/3/6/4/7/6/2 3 3,Z,1.6666666666666666666666666668,0,BLOCK,Z,0.3298909,0.4150589
7/7/7/3/6/6/7/4/2 3 3,Z,2,0,BLOCK,Z,0.4309356,0.4410663
7/7/7/3/4/6/7/6/1 3 3,X,2.25,2,BLOCK,X,1.159404,0.7407604
7/7/7/3/6/4/7/6/1 3 3,Z,1.6666666666666666666666666668,0,BLOCK,Z,0.5014446,0.4416478
7/7/7/3/6/6/7/4/1 3 3,Z,2,0,BLOCK,Z,0.2751012,0.3560502
7/7/7/3/4/6/7/5/4 3 3,X,1.75,2,BLOCK,X,0.9626954,0.8258017
7/7/7/3/6/4/7/5/4 3 3,Z,2,0,BLOCK,Z,0.6285848,0.4724671
7/7/7/3/6/6/7/1/4 3 3,Z,-2,0,BLOCK,Z,0.2573549,0.3155866
7/7/7/3/4/6/7/5/2 3 3,X,2,2,BLOCK,X,1.041782,0.8033644
7/7/7/3/6/4/7/5/2 3 3,Z,2,2,BLOCK,Z,1.171205,0.763301
7/7/7/3/6/6/7/1/2 3 3,Z,-2,0,BLOCK,Z,0.1226134,0.2158461
7/7/7/3/4/6/7/5/1 3 3,X,2.25,0,BLOCK,X,0.7050363,0.8293226
7/7/7/3/6/4/7/5/1 3 3,Z,2,0,BLOCK,Z,0.8312877,0.5511979
7/7/7/3/6/6/7/1/1 3 3,Z,-2,0,BLOCK,Z,0.376042,0.5058693
7/7/7/3/4/6/7/3/4 3 3,X,1.75,0,BLOCK,X,0.5857095,0.5398578
7/7/7/3/6/4/7/3/4 3 3,Z,2.3333333333333333333333333332,2,BLOCK,Z,1.437697,0.8569507
7/7/7/3/4/6/7/3/2 3 3,X,2,0,BLOCK,X,0.6605424,0.6647861
7/7/7/3/6/4/7/3/2 3 3,Z,2.3333333333333333333333333332,0,BLOCK,Z,1.452335,0.9490663
7/7/7/3/4/6/7/3/1 3 3,X,2.25,0,BLOCK,X,0.7163736,0.8752895
7/7/7/3/6/4/7/3/1 3 3,Z,2.3333333333333333333333333332,0,BLOCK,Z,0.447924,0.657245
7/7/7/3/4/5/2/6/7 3 3,X,2,0,BLOCK,X,0.6046876,0.5616382
7/7/7/3/6/1/2/6/7 3 3,Z,-2.3333333333333333333333333334,0,BLOCK,Z,0.5317377,0.7716148
7/7/7/3/6/5/2/4/7 3 3,Z,2,0,BLOCK,Z,0.1130248,0.1426309
7/7/7/3/4/5/2/5/7 3 3,X,2,0,BLOCK,X,0.3134331,0.499673
7/7/7/3/6/1/2/5/7 3 3,Z,-2,2,BLOCK,Z,1.061922,0.7972283
7/7/7/3/6/5/2/1/7 3 3,Z,-2,0,BLOCK,Z,0.07787715,0.1578306
7/7/7/3/4/5/2/3/7 3 3,X,2,0,BLOCK,X,0.4397438,0.4825724
7/7/7/3/6/1/2/3/7 3 3,Z,-1.6666666666666666666666666666,2,BLOCK,Z,0.9829267,0.7068991
7/7/7/3/4/5/2/7/6 3 3,X,1.75,0,BLOCK,X,1.202622,0.8877459
7/7/7/3/6/1/2/7/6 3 3,Z,-2,0,BLOCK,Z,0.6127566,0.8132654
7/7/7/3/4/5/2/7/5 3 3,X,2,0,BLOCK,X,0.9744791,0.6482564
7/7/7/3/6/1/2/7/5 3 3,Z,-2,2,BLOCK,Z,1.114936,0.7634465
7/7/7/3/4/5/2/7/3 3 3,X,2.25,2,BLOCK,X,1.055943,0.7191916
7/7/7/3/6/1/2/7/3 3 3,Z,-2,0,BLOCK,Z,0.7953548,0.8880641
7/7/7/3/4/5/6/2/7 3 3,X,1.75,0,BLOCK,X,0.4802049,0.5281149
7/7/7/3/6/1/6/2/7 3 3,Z,-2,2,BLOCK,Z,1.249362,0.8432136
7/7/7/3/6/5/4/2/7 3 3,X,2,0,BLOCK,X,1.404747,0.82855
7/7/7/3/4/5/6/6/6 3 3,X,1.5,2,BLOCK,X,0.9283679,0.6047218
7/7/7/3/2/5/6/6/6 3 3,Z,-0.6111111111111111111111111111,302,TIMEOUT,Z,0.00729491,0.00508426
7/7/7/3/6/1/6/6/6 3 3,Z,-2.3333333333333333333333333334,0,BLOCK,Z,0.5244404,0.8116955
7/7/7/3/6/5/4/6/6 3 3,X,1.5,0,BLOCK,X,0.6501838,0.6538175
7/7/7/3/6/5/6/4/6 3 3,Z,2,0,BLOCK,Z,0.1739968,0.2377658
7/7/7/3/4/5/6/6/5 3 3,X,1.75,0,BLOCK,X,0.5347895,0.5079521
7/7/7/3/6/1/6/6/5 3 3,Z,-2.3333333333333333333333333334,0,BLOCK,Z,0.5111154,0.6725173
7/7/7/3/6/5/4/6/5 3 3,X,2,0,BLOCK,X,1.458598,0.8595312
7/7/7/3/6/5/6/4/5 3 3,Z,2,0,BLOCK,Z,1.618348,0.9720564
7/7/7/3/4/5/6/6/3 3 3,X,2.0,0,BLOCK,X,0.4760317,0.6687795
7/7/7/3/6/1/6/6/3 3 3,Z,-2.3333333333333333333333333334,2,BLOCK,Z,1.425112,0.9207343
7/7/7/3/6/5/4/6/3 3 3,X,2.5,0,BLOCK,X,1.457872,1.061931
7/7/7/3/6/5/6/4/3 3 3,Z,2,0,BLOCK,Z,0.9554674,0.5789828
7/7/7/3/4/5/6/5/6 3 3,X,1.5,0,BLOCK,X,0.2601727,0.3734953
7/7/7/3/6/1/6/5/6 3 3,Z,-2,0,BLOCK,Z,0.6992648,0.8309052
7/7/7/3/6/5/4/5/6 3 3,X,1.5,2,BLOCK,X,1.188409,0.6948289
7/7/7/3/6/5/6/1/6 3 3,Z,-2,2,BLOCK,Z,1.635932,1.027999
7/7/7/3/4/5/6/5/5 3 3,X,1.75,2,BLOCK,X,0.9295186,0.5591024
7/7/7/3/6/1/6/5/5 3 3,Z,-2,0,BLOCK,Z,0.5622556,0.8230581
7/7/7/3/6/5/4/5/5 3 3,X,2,0,BLOCK,X,0.7407488,0.8769433
7/7/7/3/6/5/6/1/5 3 3,Z,-2,2,BLOCK,Z,1.658345,1.076965
7/7/7/3/4/5/6/5/3 3 3,X,2.0,0,BLOCK,X,0.558173,0.6540799
7/7/7/3/6/1/6/5/3 3 3,Z,-2,2,BLOCK,Z,1.13046,0.7216657
7/7/7/3/6/5/4/5/3 3 3,X,2.5,0,BLOCK,X,0.7214447,0.9544376
7/7/7/3/6/5/6/1/3 3 3,Z,-2,0,BLOCK,Z,1.656384,1.080016
7/7/7/3/4/5/6/3/6 3 3,X,1.5,0,BLOCK,X,0.5673227,0.468121
7/7/7/3/6/1/6/3/6 3 3,Z,-1.6666666666666666666666666666,0,BLOCK,Z,0.6312541,0.6992058
7/7/7/3/6/5/4/3/6 3 3,X,1.5,2,BLOCK,X,1.195241,0.7256213
7/7/7/3/4/5/6/3/5 3 3,X,1.75,0,BLOCK,X,0.5010149,0.4520305
7/7/7/3/6/1/6/3/5 3 3,Z,-1.6666666666666666666666666666,0,BLOCK,Z,0.6586672,0.7287246
7/7/7/3/6/5/4/3/5 3 3,X,2,2,BLOCK,X,1.321422,0.7916108
7/7/7/3/4/5/6/3/3 3 3,X,2.0,0,BLOCK,X,1.066012,0.6720129
7/7/7/3/6/1/6/3/3 3 3,Z,-1.6666666666666666666666666666,2,BLOCK,Z,1.046608,0.7543918
7/7/7/3/6/5/4/3/3 3 3,X,2.5,0,BLOCK,X,0.8772941,0.8849763
7/7/7/3/4/5/6/7/4 3 3,X,1.5,0,BLOCK,X,0.632933,0.5713856
7/7/7/3/6/1/6/7/4 3 3,Z,-2,0,BLOCK,Z,0.7335272,0.8582047
7/7/7/3/6/5/4/7/4 3 3,X,1.5,0,BLOCK,X,0.5808593,0.5503336
7/7/7/3/4/5/6/7/2 3 3,X,1.75,0,BLOCK,X,0.3722378,0.4392413
7/7/7/3/6/1/6/7/2 3 3,Z,-2,0,BLOCK,Z,0.7149462,0.9153978
7/7/7/3/6/5/4/7/2 3 3,X,2,0,BLOCK,X,0.4645391,0.658427
7/7/7/3/4/5/6/7/1 3 3,X,2.0,2,BLOCK,X,1.052015,0.7288299
7/7/7/3/6/1/6/7/1 3 3,Z,-2,0,BLOCK,Z,0.636979,0.7932613
7/7/7/3/6/5/4/7/1 3 3,X,2.5,2,BLOCK,X,1.674058,0.9832458
7/7/7/3/4/5/5/2/7 3 3,X,2,0,BLOCK,X,0.7871242,0.5866187
7/7/7/3/6/1/5/2/7 3 3,Z,-2,2,BLOCK,Z,1.10088,0.7409099
7/7/7/3/6/5/1/2/7 3 3,X,-2,0,BLOCK,X,0.8106025,0.5954939
7/7/7/3/4/5/5/6/6 3 3,X,1.75,0,BLOCK,X,1.108945,0.6628404
7/7/7/3/6/1/5/6/6 3 3,Z,-2.3333333333333333333333333334,2,BLOCK,Z,1.363824,0.8039409
7/7/7/3/6/5/1/6/6 3 3,X,-2.5,0,BLOCK,X,0.8075539,0.8060041
7/7/7/3/6/5/5/4/6 3 3,Z,2,0,BLOCK,Z,0.3288283,0.4258853
7/7/7/3/4/5/5/6/5 3 3,X,2,2,BLOCK,X,0.9752759,0.7064856
7/7/7/3/6/1/5/6/5 3 3,Z,-2.3333333333333333333333333334,0,BLOCK,Z,0.5064149,0.8111008
7/7/7/3/6/5/1/6/5 3 3,X,-2,0,BLOCK,X,0.5001003,0.5155464
7/7/7/3/6/5/5/4/5 3 3,Z,2,0,BLOCK,Z,0.2893104,0.3123638
7/7/7/3/4/5/5/6/3 3 3,X,2.25,0,BLOCK,X,0.6936255,0.6903327
7/7/7/3/6/1/5/6/3 3 3,Z,-2.3333333333333333333333333334,0,BLOCK,Z,0.5941533,0.7460855
7/7/7/3/6/5/1/6/3 3 3,X,-1.5,0,BLOCK,X,0.5021863,0.4461711
7/7/7/3/6/5/5/4/3 3 3,Z,2,0,BLOCK,Z,1.042384,0.5543041
7/7/7/3/4/5/5/5/6 3 3,X,1.75,0,BLOCK,X,1.008786,0.5413317
7/7/7/3/6/1/5/5/6 3 3,Z,-2,0,BLOCK,Z,1.031149,0.8701121
7/7/7/3/6/5/1/5/6 3 3,X,-2.5,0,BLOCK,X,0.7281485,0.8561406
7/7/7/3/6/5/5/1/6 3 3,Z,-2,0,BLOCK,Z,1.690529,1.078804
7/7/7/3/4/5/5/5/5 3 3,X,2,0,BLOCK,X,0.6798405,0.6859648
7/7/7/3/6/1/5/5/5 3 3,Z,-2,0,BLOCK,Z,0.6458548,0.8133429
7/7/7/3/6/5/1/5/5 3 3,X,-2,0,BLOCK,X,0.5549197,0.5603908
7/7/7/3/6/5/5/1/5 3 3,Z,-2,0,BLOCK,Z,0.1063995,0.3028899
7/7/7/3/4/5/5/5/3 3 3,X,2.25,2,BLOCK,X,1.02743,0.7854908
7/7/7/3/6/1/5/5/3 3 3,Z,-2,0,BLOCK,Z,0.8741484,0.7799342
7/7/7/3/6/5/1/5/3 3 3,X,-1.5,0,BLOCK,X,0.4230708,0.3825363
7/7/7/3/6/5/5/1/3 3 3,Z,-2,0,BLOCK,Z,0.141731,0.2944206
7/7/7/3/4/5/5/3/6 3 3,X,1.75,0,BLOCK,X,0.4296781,0.5376954
7/7/7/3/6/1/5/3/6 3 3,Z,-1.6666666666666666666666666666,0,BLOCK,Z,0.717732,0.6480457
7/7/7/3/6/5/1/3/6 3 3,X,-2.5,2,BLOCK,X,1.549854,0.9581652
7/7/7/3/4/5/5/3/5 3 3,X,2,0,BLOCK,X,0.3795399,0.533587
7/7/7/3/6/1/5/3/5 3 3,Z,-1.6666666666666666666666666666,0,BLOCK,Z,0.4975311,0.6539149
7/7/7/3/6/5/1/3/5 3 3,X,-2,0,BLOCK,X,0.4762925,0.4601006
7/7/7/3/4/5/5/3/3 3 3,X,2.25,0,BLOCK,X,0.8263842,0.8285384
7/7/7/3/6/1/5/3/3 3 3,Z,-1.6666666666666666666666666666,2,BLOCK,Z,1.047019,0.672067
7/7/7/3/6/5/1/3/3 3 3,X,-1.5,0,BLOCK,X,0.9138129,0.7388708
7/7/7/3/4/5/5/7/4 3 3,X,1.75,0,BLOCK,X,0.75051,0.6304778
7/7/7/3/6/1/5/7/4 3 3,Z,-2,0,BLOCK,Z,0.5369726,0.7750683
7/7/7/3/6/5/1/7/4 3 3,X,-2.5,0,BLOCK,X,0.584403,0.6125998
7/7/7/3/4/5/5/7/2 3 3,X,2,0,BLOCK,X,0.6782721,0.6528694
7/7/7/3/6/1/5/7/2 3 3,Z,-2,0,BLOCK,Z,0.6703625,0.820954
7/7/7/3/6/5/1/7/2 3 3,X,-2,0,BLOCK,X,0.6692193,0.5792599
7/7/7/3/4/5/5/7/1 3 3,X,2.25,0,BLOCK,X,0.8174679,0.7293481
7/7/7/3/6/1/5/7/1 3 3,Z,-2,0,BLOCK,Z,0.5482602,0.7206017
7/7/7/3/6/5/1/7/1 3 3,X,-1.5,2,BLOCK,X,1.132201,0.7308438
7/7/7/3/4/5/3/2/7 3 3,X,2.25,0,BLOCK,X,0.8167399,0.7199674
7/7/7/3/6/1/3/2/7 3 3,Z,-2,0,BLOCK,Z,0.6750386,0.7459988
7/7/7/3/4/5/3/6/6 3 3,X,2.0,0,BLOCK,X,0.7976787,0.731665
7/7/7/3/6/1/3/6/6 3 3,Z,-2.3333333333333333333333333334,2,BLOCK,Z,1.383709,0.7870629
7/7/7/3/6/5/3/4/6 3 3,Z,2,0,BLOCK,Z,0.2592442,0.2622679
7/7/7/3/4/5/3/6/5 3 3,X,2.25,0,BLOCK,X,0.6092075,0.6923097
7/7/7/3/6/1/3/6/5 3 3,Z,-2.3333333333333333333333333334,0,BLOCK,Z,0.6084097,0.7692977
7/7/7/3/6/5/3/4/5 3 3,Z,2,2,BLOCK,Z,1.548988,0.9435185
7/7/7/3/4/5/3/6/3 3 3,X,2.5,0,BLOCK,X,0.6990214,0.6604089
7/7/7/3/6/1/3/6/3 3 3,Z,-2.3333333333333333333333333334,0,BLOCK,Z,0.7084152,0.6482671
7/7/7/3/6/5/3/4/3 3 3,Z,2,0,BLOCK,Z,0.1413828,0.2702738
7/7/7/3/4/5/3/5/6 3 3,X,2.0,0,BLOCK,X,0.9031765,0.7876706
7/7/7/3/6/1/3/5/6 3 3,Z,-2,0,BLOCK,Z,1.006088,0.914518
7/7/7/3/6/5/3/1/6 3 3,Z,-2,2,BLOCK,Z,1.730338,1.073979
7/7/7/3/4/5/3/5/5 3 3,X,2.25,2,BLOCK,X,1.348545,0.7514344
7/7/7/3/6/1/3/5/5 3 3,Z,-2,0,BLOCK,Z,0.5781115,0.7617055
7/7/7/3/6/5/3/1/5 3 3,Z,-2,2,BLOCK,Z,1.643339,1.022461
7/7/7/3/4/5/3/5/3 3 3,X,2.5,0,BLOCK,X,0.4266446,0.5621489
7/7/7/3/6/1/3/5/3 3 3,Z,-2,0,BLOCK,Z,0.8048497,0.6871433
7/7/7/3/6/5/3/1/3 3 3,Z,-2,0,BLOCK,Z,0.3912472,0.5269661
7/7/7/3/4/5/3/3/6 3 3,X,2.0,0,BLOCK,X,1.633524,0.9927449
7/7/7/3/6/1/3/3/6 3 3,Z,-1.6666666666666666666666666666,0,BLOCK,Z,0.3555998,0.5366351
7/7/7/3/4/5/3/3/5 3 3,X,2.25,2,BLOCK,X,1.315148,0.7938687
7/7/7/3/6/1/3/3/5 3 3,Z,-1.6666666666666666666666666666,0,BLOCK,Z,1.011091,0.6533159
7/7/7/3/4/5/3/3/3 3 3,X,2.5,0,BLOCK,X,0.6211837,0.7320125
7/7/7/3/6/1/3/3/3 3 3,Z,-1.6666666666666666666666666666,0,BLOCK,Z,0.4355971,0.6532566
7/7/7/3/4/5/3/7/4 3 3,X,2.0,0,BLOCK,X,0.4234474,0.7283977
7/7/7/3/6/1/3/7/4 3 3,Z,-2,0,BLOCK,Z,0.7341055,0.9230161
7/7/7/3/4/5/3/7/2 3 3,X,2.25,0,BLOCK,X,0.6315136,0.7582172
7/7/7/3/6/1/3/7/2 3 3,Z,-2,0,BLOCK,Z,1.146694,1.011024
7/7/7/3/4/5/3/7/1 3 3,X,2.5,0,BLOCK,X,0.4556867,0.6554754
7/7/7/3/6/1/3/7/1 3 3,Z,-2,0,BLOCK,Z,0.8103878,0.7888993
7/7/7/3/4/5/7/2/6 3 3,X,1.75,0,BLOCK,X,0.4147426,0.558581
7/7/7/3/6/1/7/2/6 3 3,Z,-2,0,BLOCK,Z,1.365859,0.8205904
7/7/7/3/4/5/7/2/5 3 3,X,2,2,BLOCK,X,1.025513,0.6209563
7/7/7/3/6/1/7/2/5 3 3,Z,-2,0,BLOCK,Z,0.2908621,0.3890484
7/7/7/3/4/5/7/2/3 3 3,X,2.25,0,BLOCK,X,0.6778446,0.7348195
7/7/7/3/6/1/7/2/3 3 3,Z,-2,0,BLOCK,Z,0.3972508,0.4831358
7/7/7/3/4/5/7/6/4 3 3,X,1.75,2,BLOCK,X,1.033253,0.6164608
7/7/7/3/6/1/7/6/4 3 3,Z,-2.3333333333333333333333333332,0,BLOCK,Z,0.637163,0.7583975
7/7/7/3/6/5/7/4/4 3 3,Z,2,0,BLOCK,Z,0.03383293,0.1022581
7/7/7/3/4/5/7/6/2 3 3,X,2,0,BLOCK,X,0.5607546,0.6634842
7/7/7/3/6/1/7/6/2 3 3,Z,-2.3333333333333333333333333332,2,BLOCK,Z,1.460383,0.9923397
7/7/7/3/6/5/7/4/2 3 3,Z,2,0,BLOCK,Z,0.1771103,0.216678
7/7/7/3/4/5/7/6/1 3 3,X,2.25,0,BLOCK,X,0.7674218,0.7932848
7/7/7/3/6/1/7/6/1 3 3,Z,-2.3333333333333333333333333332,0,BLOCK,Z,1.48936,0.9643899
7/7/7/3/6/5/7/4/1 3 3,Z,2,0,BLOCK,Z,0.1325115,0.1675319
7/7/7/3/4/5/7/5/4 3 3,X,1.75,2,BLOCK,X,1.001937,0.5785171
7/7/7/3/6/1/7/5/4 3 3,Z,-2,0,BLOCK,Z,0.509097,0.734875
7/7/7/3/6/5/7/1/4 3 3,Z,-2,0,BLOCK,Z,0.1775325,0.2803856
7/7/7/3/4/5/7/5/2 3 3,X,2,2,BLOCK,X,1.07541,0.7329134
7/7/7/3/6/1/7/5/2 3 3,Z,-2,0,BLOCK,Z,0.9386557,0.7322372
7/7/7/3/6/5/7/1/2 3 3,Z,-2,0,BLOCK,Z,0.23711,0.3387746
7/7/7/3/4/5/7/5/1 3 3,X,2.25,0,BLOCK,X,0.5971525,0.783543
7/7/7/3/6/1/7/5/1 3 3,Z,-2,0,BLOCK,Z,0.6741324,0.7210954
7/7/7/3/6/5/7/1/1 3 3,Z,-2,0,BLOCK,Z,0.3134215,0.4553842
7/7/7/3/4/5/7/3/4 3 3,X,1.75,0,BLOCK,X,0.4913868,0.6719494
7/7/7/3/6/1/7/3/4 3 3,Z,-1.6666666666666666666666666668,0,BLOCK,Z,1.129614,0.7371263
7/7/7/3/4/5/7/3/2 3 3,X,2,0,BLOCK,X,0.5013679,0.7015883
7/7/7/3/6/1/7/3/2 3 3,Z,-1.6666666666666666666666666668,0,BLOCK,Z,0.9711856,0.7472563
7/7/7/3/4/5/7/3/1 3 3,X,2.25,2,BLOCK,X,1.119329,0.8214397
7/7/7/3/6/1/7/3/1 3 3,Z,-1.6666666666666666666666666668,0,BLOCK,Z,0.5013285,0.6741611
7/7/7/3/4/3/2/6/7 3 3,X,2,0,BLOCK,X,0.407948,0.452133
7/7/7/3/6/3/2/4/7 3 3,Z,2,0,BLOCK,Z,0.7984179,0.6185759
7/7/7/3/4/3/2/5/7 3 3,X,2,0,BLOCK,X,0.2329369,0.3547068
7/7/7/3/6/3/2/1/7 3 3,Z,-2,2,BLOCK,Z,1.550534,0.9680397
7/7/7/3/4/3/2/3/7 3 3,X,2,0,BLOCK,X,0.2498445,0.5199291
7/7/7/3/4/3/2/7/6 3 3,X,1.75,0,BLOCK,X,0.1975941,0.4769667
7/7/7/3/4/3/2/7/5 3 3,X,2,0,BLOCK,X,0.3097069,0.4805652
7/7/7/3/4/3/2/7/3 3 3,X,2.25,0,BLOCK,X,0.4832981,0.7407112
7/7/7/3/4/3/6/2/7 3 3,X,1.75,0,BLOCK,X,0.2027987,0.411476
7/7/7/3/6/3/4/2/7 3 3,X,2,0,BLOCK,X,0.6667346,0.837638
7/7/7/3/4/3/6/6/6 3 3,X,1.5,0,BLOCK,X,0.6874261,0.4317247
7/7/7/3/6/3/4/6/6 3 3,X,1.5,2,BLOCK,X,1.24202,0.830995
7/7/7/3/6/3/6/4/6 3 3,Z,2,0,BLOCK,Z,0.3255959,0.3270364
7/7/7/3/4/3/6/6/5 3 3,X,1.75,0,BLOCK,X,0.5471191,0.555444
7/7/7/3/6/3/4/6/5 3 3,X,2,0,BLOCK,X,0.9080802,0.8130376
7/7/7/3/6/3/6/4/5 3 3,Z,2,0,BLOCK,Z,0.2793497,0.1724337
7/7/7/3/4/3/6/6/3 3 3,X,2.0,0,BLOCK,X,0.6363006,0.7512385
7/7/7/3/6/3/4/6/3 3 3,X,2.5,0,BLOCK,X,1.555988,1.111289
7/7/7/3/6/3/6/4/3 3 3,Z,2,0,BLOCK,Z,0.2818927,0.2366662
7/7/7/3/4/3/6/5/6 3 3,X,1.5,0,BLOCK,X,0.5255051,0.6363353
7/7/7/3/6/3/4/5/6 3 3,X,1.5,0,BLOCK,X,0.6527889,0.6522319
7/7/7/3/6/3/6/1/6 3 3,Z,-2,0,BLOCK,Z,0.3886835,0.5580974
7/7/7/3/4/3/6/5/5 3 3,X,1.75,2,BLOCK,X,1.006956,0.6589099
7/7/7/3/6/3/4/5/5 3 3,X,2,2,BLOCK,X,1.319511,0.7557119
7/7/7/3/6/3/6/1/5 3 3,Z,-2,2,BLOCK,Z,1.663341,1.006207
7/7/7/3/4/3/6/5/3 3 3,X,2.0,2,BLOCK,X,0.9835055,0.6720156
7/7/7/3/6/3/4/5/3 3 3,X,2.5,0,BLOCK,X,1.582989,1.209234
7/7/7/3/6/3/6/1/3 3 3,Z,-2,0,BLOCK,Z,0.2519707,0.3816024
7/7/7/3/4/3/6/3/6 3 3,X,1.5,2,BLOCK,X,0.9264083,0.5799671
7/7/7/3/6/3/4/3/6 3 3,X,1.5,0,BLOCK,X,0.375392,0.5957707
7/7/7/3/4/3/6/3/5 3 3,X,1.75,0,BLOCK,X,0.3902833,0.5800417
7/7/7/3/6/3/4/3/5 3 3,X,2,2,BLOCK,X,1.29957,0.814209
7/7/7/3/4/3/6/3/3 3 3,X,2.0,0,BLOCK,X,0.9209918,0.6206601
7/7/7/3/6/3/4/3/3 3 3,X,2.5,0,BLOCK,X,0.7005881,0.9374549
7/7/7/3/4/3/6/7/4 3 3,X,1.5,0,BLOCK,X,0.6145574,0.5208723
7/7/7/3/6/3/4/7/4 3 3,X,1.5,2,BLOCK,X,1.159603,0.6989815
7/7/7/3/4/3/6/7/2 3 3,X,1.75,0,BLOCK,X,0.8261461,0.6185032
7/7/7/3/6/3/4/7/2 3 3,X,2,2,BLOCK,X,1.607965,0.9727833
7/7/7/3/4/3/6/7/1 3 3,X,2.0,0,BLOCK,X,0.5362245,0.6893539
7/7/7/3/6/3/4/7/1 3 3,X,2.5,2,BLOCK,X,1.699877,0.9834307
7/7/7/3/4/3/5/2/7 3 3,X,2,2,BLOCK,X,1.009594,0.6088829
7/7/7/3/6/3/1/2/7 3 3,X,-2,0,BLOCK,X,0.685599,0.6756983
7/7/7/3/4/3/5/6/6 3 3,X,1.75,0,BLOCK,X,0.6087452,0.5690563
7/7/7/3/6/3/1/6/6 3 3,X,-2.5,0,BLOCK,X,1.417283,1.09486
7/7/7/3/6/3/5/4/6 3 3,Z,2,0,BLOCK,Z,1.627989,1.011031
7/7/7/3/4/3/5/6/5 3 3,X,2,0,BLOCK,X,0.254168,0.4265776
7/7/7/3/6/3/1/6/5 3 3,X,-2,0,BLOCK,X,0.6534073,0.6134288
7/7/7/3/6/3/5/4/5 3 3,Z,2,0,BLOCK,Z,0.2753382,0.2950984
7/7/7/3/4/3/5/6/3 3 3,X,2.25,0,BLOCK,X,0.4247636,0.5942302
7/7/7/3/6/3/1/6/3 3 3,X,-1.5,0,BLOCK,X,0.497531,0.4942161
7/7/7/3/6/3/5/4/3 3 3,Z,2,0,BLOCK,Z,1.583921,0.9403891
7/7/7/3/4/3/5/5/6 3 3,X,1.75,0,BLOCK,X,0.3969815,0.4305628
7/7/7/3/6/3/1/5/6 3 3,X,-2.5,0,BLOCK,X,0.826538,0.7219793
7/7/7/3/6/3/5/1/6 3 3,Z,-2,0,BLOCK,Z,1.64187,1.091122
7/7/7/3/4/3/5/5/5 3 3,X,2,2,BLOCK,X,0.9435334,0.7437863
7/7/7/3/6/3/1/5/5 3 3,X,-2,0,BLOCK,X,0.8865855,0.773572
7/7/7/3/6/3/5/1/5 3 3,Z,-2,0,BLOCK,Z,0.4194125,0.5395184
7/7/7/3/4/3/5/5/3 3 3,X,2.25,0,BLOCK,X,0.3865567,0.6593763
7/7/7/3/6/3/1/5/3 3 3,X,-1.5,0,BLOCK,X,0.4485147,0.3083533
7/7/7/3/6/3/5/1/3 3 3,Z,-2,0,BLOCK,Z,1.689059,1.109815
7/7/7/3/4/3/5/3/6 3 3,X,1.75,0,BLOCK,X,0.4986037,0.5272389
7/7/7/3/6/3/1/3/6 3 3,X,-2.5,0,BLOCK,X,0.7430808,0.7481821
7/7/7/3/4/3/5/3/5 3 3,X,2,0,BLOCK,X,0.548991,0.6746967
7/7/7/3/6/3/1/3/5 3 3,X,-2,0,BLOCK,X,0.5392441,0.5757003
7/7/7/3/4/3/5/3/3 3 3,X,2.25,2,BLOCK,X,1.111804,0.7131208
7/7/7/3/6/3/1/3/3 3 3,X,-1.5,0,BLOCK,X,1.156825,0.7368811
7/7/7/3/4/3/5/7/4 3 3,X,1.75,0,BLOCK,X,0.4523676,0.5936196
7/7/7/3/6/3/1/7/4 3 3,X,-2.5,0,BLOCK,X,0.896739,0.6057533
7/7/7/3/4/3/5/7/2 3 3,X,2,0,BLOCK,X,0.4873128,0.7125812
7/7/7/3/6/3/1/7/2 3 3,X,-2,0,BLOCK,X,0.6646424,0.6228645
7/7/7/3/4/3/5/7/1 3 3,X,2.25,0,BLOCK,X,0.6226449,0.7127818
7/7/7/3/6/3/1/7/1 3 3,X,-1.5,0,BLOCK,X,1.05419,0.782207
7/7/7/3/4/3/3/2/7 3 3,X,2.25,0,BLOCK,X,0.2780061,0.614881
7/7/7/3/4/3/3/6/6 3 3,X,2.0,0,BLOCK,X,0.5644571,0.7338651
7/7/7/3/6/3/3/4/6 3 3,Z,2,0,BLOCK,Z,0.7360686,0.6413895
7/7/7/3/4/3/3/6/5 3 3,X,2.25,2,BLOCK,X,1.454696,0.8298792
7/7/7/3/6/3/3/4/5 3 3,Z,2,0,BLOCK,Z,0.3210454,0.4214453
7/7/7/3/4/3/3/6/3 3 3,X,2.5,0,BLOCK,X,0.404669,0.4825391
7/7/7/3/6/2/3/6/3 3 3,X,0.7857142857142857142857142857,302,TIMEOUT,Z,0.00554402,0.003959084
7/7/7/3/6/3/3/4/3 3 3,Z,2,0,BLOCK,Z,0.5326347,0.4862992
7/7/7/3/4/3/3/5/6 3 3,X,2.0,0,BLOCK,X,0.7778916,0.8657134
7/7/7/3/6/3/3/1/6 3 3,Z,-2,0,BLOCK,Z,0.196279,0.2870233
7/7/7/3/4/3/3/5/5 3 3,X,2.25,2,BLOCK,X,1.295441,0.825891
7/7/7/3/6/3/3/1/5 3 3,Z,-2,0,BLOCK,Z,0.9808632,0.525288
7/7/7/3/4/3/3/5/3 3 3,X,2.5,0,BLOCK,X,0.4935429,0.6670086
7/7/7/3/6/3/3/1/3 3 3,Z,-2,0,BLOCK,Z,0.4495743,0.5385852
7/7/7/3/4/3/3/3/6 3 3,X,2.0,0,BLOCK,X,0.4230708,0.7026042
7/7/7/3/4/3/3/3/5 3 3,X,2.25,0,BLOCK,X,0.4749554,0.7389444
7/7/7/3/4/3/3/3/3 3 3,X,2.5,0,BLOCK,X,0.4465596,0.6203297
7/7/7/3/4/3/3/7/4 3 3,X,2.0,0,BLOCK,X,0.5383482,0.7699487
7/7/7/3/4/3/3/7/2 3 3,X,2.25,0,BLOCK,X,0.6705838,0.7116814
7/7/7/3/4/3/3/7/1 3 3,X,2.5,2,BLOCK,X,1.213861,0.7319367
7/7/7/3/4/3/7/2/6 3 3,X,1.75,0,BLOCK,X,0.5571588,0.6262389
7/7/7/3/4/3/7/2/5 3 3,X,2,2,BLOCK,X,1.080222,0.6553715
7/7/7/3/4/3/7/2/3 3 3,X,2.25,0,BLOCK,X,1.009074,0.7805176
7/7/7/3/4/3/7/6/4 3 3,X,1.75,2,BLOCK,X,0.9752403,0.6392263
7/7/7/3/6/3/7/4/4 3 3,Z,2,0,BLOCK,Z,0.2863645,0.3233527
7/7/7/3/4/3/7/6/2 3 3,X,2,0,BLOCK,X,0.6552474,0.8349702
7/7/7/3/6/3/7/4/2 3 3,Z,2,0,BLOCK,Z,0.3972981,0.3772606
7/7/7/3/4/3/7/6/1 3 3,X,2.25,0,BLOCK,X,0.5243853,0.7345211
7/7/7/3/6/3/7/4/1 3 3,Z,2,0,BLOCK,Z,0.5540762,0.624186
7/7/7/3/4/3/7/5/4 3 3,X,1.75,0,BLOCK,X,0.6429715,0.6565439
7/7/7/3/6/3/7/1/4 3 3,Z,-2,0,BLOCK,Z,0.331536,0.4602331
7/7/7/3/4/3/7/5/2 3 3,X,2,0,BLOCK,X,0.540966,0.8021479
7/7/7/3/6/3/7/1/2 3 3,Z,-2,2,BLOCK,Z,1.645714,0.9869152
7/7/7/3/4/3/7/5/1 3 3,X,2.25,2,BLOCK,X,1.156721,0.7639154
7/7/7/3/6/3/7/1/1 3 3,Z,-2,0,BLOCK,Z,0.4312361,0.5486435
7/7/7/3/4/3/7/3/4 3 3,X,1.75,2,BLOCK,X,1.016203,0.6399255
7/7/7/3/4/3/7/3/2 3 3,X,2,0,BLOCK,X,0.8134699,0.8363792
7/7/7/3/4/3/7/3/1 3 3,X,2.25,2,BLOCK,X,1.159478,0.8167833
7/7/7/3/4/7/2/2/7 3 3,X,2,0,BLOCK,X,1.029351,0.6868027
7/7/7/3/4/7/2/6/6 3 3,X,1.75,0,BLOCK,X,0.1928175,0.4481242
7/7/7/3/6/7/2/4/6 3 3,Z,2,0,BLOCK,Z,0.2170661,0.1700279
7/7/7/3/4/7/2/6/5 3 3,X,2,0,BLOCK,X,0.430279,0.5857247
7/7/7/3/6/7/2/4/5 3 3,Z,2,0,BLOCK,Z,1.613998,0.9127309
7/7/7/3/4/7/2/6/3 3 3,X,2.25,2,BLOCK,X,1.059141,0.7105742
7/7/7/3/6/7/2/4/3 3 3,Z,2,0,BLOCK,Z,0.2560423,0.3692609
7/7/7/3/4/7/2/5/6 3 3,X,1.75,0,BLOCK,X,0.3367687,0.492488
7/7/7/3/6/7/2/1/6 3 3,Z,-2,0,BLOCK,Z,0.1225434,0.2155998
7/7/7/3/4/7/2/5/5 3 3,X,2,2,BLOCK,X,1.149832,0.6826113
7/7/7/3/6/7/2/1/5 3 3,Z,-2,0,BLOCK,Z,1.199406,0.522907
7/7/7/3/4/7/2/5/3 3 3,X,2.25,2,BLOCK,X,1.04724,0.6865245
7/7/7/3/6/7/2/1/3 3 3,Z,-2,0,BLOCK,Z,1.679,1.049665
7/7/7/3/4/7/2/3/6 3 3,X,1.75,0,BLOCK,X,0.2098496,0.3835918
7/7/7/3/4/7/2/3/5 3 3,X,2,2,BLOCK,X,1.121405,0.7167922
7/7/7/3/4/7/2/3/3 3 3,X,2.25,0,BLOCK,X,0.2461667,0.453934
7/7/7/3/4/7/2/7/4 3 3,X,1.75,0,BLOCK,X,0.7337427,0.5413318
7/7/7/3/4/7/2/7/2 3 3,X,2,0,BLOCK,X,0.6721573,0.5557694
7/7/7/3/4/7/2/7/1 3 3,X,2.25,0,BLOCK,X,0.6824768,0.6377913
7/7/7/3/4/7/6/2/6 3 3,X,1.5,0,BLOCK,X,0.3691444,0.4401211
7/7/7/3/6/7/4/2/6 3 3,X,1.3333333333333333333333333334,0,BLOCK,X,0.3252536,0.4836036
7/7/7/3/4/7/6/2/5 3 3,X,1.75,0,BLOCK,X,0.6203254,0.456595
7/7/7/3/6/7/4/2/5 3 3,X,2,2,BLOCK,X,1.374653,0.8552706
7/7/7/3/6/7/6/2/1 3 3,X,1,0,BLOCK,X,0.8461673,0.9443859
7/7/7/3/4/7/6/2/3 3 3,X,2,0,BLOCK,X,0.4251094,0.5587884
7/7/7/3/6/7/4/2/3 3 3,X,2.6666666666666666666666666666,0,BLOCK,X,0.6157457,0.941577
7/7/7/3/4/7/6/6/4 3 3,X,1.5,2,BLOCK,X,0.9847888,0.5325434
7/7/7/3/6/7/4/6/4 3 3,X,1.3333333333333333333333333334,0,BLOCK,X,1.079689,0.6916716
7/7/7/3/6/7/6/4/4 3 3,Z,2,0,BLOCK,Z,0.7362804,0.4627693
7/7/7/3/4/7/6/6/2 3 3,X,1.75,0,BLOCK,X,0.559454,0.6573644
7/7/7/3/6/7/4/6/2 3 3,X,2,0,BLOCK,X,0.5837822,0.7556177
7/7/7/3/6/7/6/4/2 3 3,Z,2,0,BLOCK,Z,0.9940425,0.4099534
7/7/7/3/4/7/6/6/1 3 3,X,2,2,BLOCK,X,1.084587,0.727761
7/7/7/3/6/7/4/6/1 3 3,X,2.6666666666666666666666666666,0,BLOCK,X,0.5337566,0.6644189
7/7/7/3/6/7/6/4/1 3 3,Z,2,0,BLOCK,Z,1.743844,1.061215
7/7/7/3/4/7/6/5/4 3 3,X,1.5,0,BLOCK,X,0.6146978,0.510846
7/7/7/3/6/7/4/5/4 3 3,X,1.3333333333333333333333333334,0,BLOCK,X,0.5704017,0.5649592
7/7/7/3/6/7/6/1/4 3 3,Z,-2,2,BLOCK,Z,1.63186,0.9931331
7/7/7/3/4/7/6/5/2 3 3,X,1.75,0,BLOCK,X,1.026468,0.8059667
7/7/7/3/6/7/4/5/2 3 3,X,2,0,BLOCK,X,0.5407939,0.7696778
7/7/7/3/6/7/6/1/2 3 3,Z,-2,0,BLOCK,Z,0.1423708,0.2619017
7/7/7/3/4/7/6/5/1 3 3,X,2,0,BLOCK,X,0.4177109,0.6404104
7/7/7/3/6/7/4/5/1 3 3,X,2.6666666666666666666666666666,0,BLOCK,X,0.4287392,0.6130558
7/7/7/3/6/7/6/1/1 3 3,Z,-2,0,BLOCK,Z,1.123096,0.5171167
7/7/7/3/4/7/6/3/4 3 3,X,1.5,2,BLOCK,X,0.9629036,0.5928848
7/7/7/3/6/7/4/3/4 3 3,X,1.3333333333333333333333333334,0,BLOCK,X,0.3657715,0.4767675
7/7/7/3/4/7/6/3/2 3 3,X,1.75,2,BLOCK,X,1.112162,0.6068429
7/7/7/3/6/7/4/3/2 3 3,X,2,0,BLOCK,X,0.5809735,0.7969819
7/7/7/3/4/7/6/3/1 3 3,X,2,0,BLOCK,X,0.7879397,0.6407778
7/7/7/3/6/7/4/3/1 3 3,X,2.6666666666666666666666666666,0,BLOCK,X,0.3694083,0.6235695
7/7/7/3/4/7/5/2/6 3 3,X,1.75,0,BLOCK,X,0.6977921,0.597434
7/7/7/3/6/7/1/2/6 3 3,X,-2.6666666666666666666666666666,0,BLOCK,X,1.154173,1.140052
7/7/7/3/4/7/5/2/5 3 3,X,2,0,BLOCK,X,0.9495223,0.693417
7/7/7/3/6/7/1/2/5 3 3,X,-2,2,BLOCK,X,1.200663,0.7130071
7/7/7/3/4/7/5/2/3 3 3,X,2.25,0,BLOCK,X,0.4434574,0.5677705
7/7/7/3/6/7/1/2/3 3 3,X,-1.3333333333333333333333333334,2,BLOCK,X,0.9290857,0.5638981
7/7/7/3/4/7/5/6/4 3 3,X,1.75,2,BLOCK,X,0.9473612,0.5951644
7/7/7/3/6/7/1/6/4 3 3,X,-2.6666666666666666666666666666,2,BLOCK,X,1.619713,0.9960842
7/7/7/3/6/7/5/4/4 3 3,Z,2,0,BLOCK,Z,0.1317918,0.1456665
7/7/7/3/4/7/5/6/2 3 3,X,2,2,BLOCK,X,1.092796,0.7737414
7/7/7/3/6/7/1/6/2 3 3,X,-2,0,BLOCK,X,0.4919299,0.6317718
7/7/7/3/6/7/5/4/2 3 3,Z,2,2,BLOCK,Z,1.748554,1.042936
7/7/7/3/4/7/5/6/1 3 3,X,2.25,0,BLOCK,X,0.8702354,0.7728243
7/7/7/3/6/7/1/6/1 3 3,X,-1.3333333333333333333333333334,0,BLOCK,X,0.3721085,0.3672962
7/7/7/3/6/7/5/4/1 3 3,Z,2,0,BLOCK,Z,0.1150225,0.1265564
7/7/7/3/4/7/5/5/4 3 3,X,1.75,0,BLOCK,X,0.7330618,0.6252854
7/7/7/3/6/7/1/5/4 3 3,X,-2.6666666666666666666666666666,0,BLOCK,X,0.4331056,0.5529172
7/7/7/3/6/7/5/1/4 3 3,Z,-2,2,BLOCK,Z,1.639101,0.9897937
7/7/7/3/4/7/5/5/2 3 3,X,2,2,BLOCK,X,1.066742,0.7841181
7/7/7/3/6/7/1/5/2 3 3,X,-2,0,BLOCK,X,0.4570498,0.6035227
7/7/7/3/6/7/5/1/2 3 3,Z,-2,0,BLOCK,Z,0.3455407,0.4178918
7/7/7/3/4/7/5/5/1 3 3,X,2.25,0,BLOCK,X,0.611571,0.7462206
7/7/7/3/6/7/1/5/1 3 3,X,-1.3333333333333333333333333334,0,BLOCK,X,0.4125364,0.3578864
7/7/7/3/6/7/5/1/1 3 3,Z,-2,0,BLOCK,Z,0.3660894,0.5175404
7/7/7/3/4/7/5/3/4 3 3,X,1.75,0,BLOCK,X,0.7946696,0.6189342
7/7/7/3/6/7/1/3/4 3 3,X,-2.6666666666666666666666666666,0,BLOCK,X,0.3760476,0.5048608
7/7/7/3/4/7/5/3/2 3 3,X,2,0,BLOCK,X,0.6944311,0.8204702
7/7/7/3/6/7/1/3/2 3 3,X,-2,0,BLOCK,X,0.6610939,0.6973289
7/7/7/3/4/7/5/3/1 3 3,X,2.25,0,BLOCK,X,0.7091997,0.8022501
7/7/7/3/6/7/1/3/1 3 3,X,-1.3333333333333333333333333334,2,BLOCK,X,0.9585674,0.5630507
7/7/7/3/4/7/3/2/6 3 3,X,2,0,BLOCK,X,0.6179016,0.7335407
7/7/7/3/6/7/3/2/4 3 3,X,-1,2,BLOCK,X,1.291968,0.8020898
7/7/7/3/4/7/3/2/5 3 3,X,2.25,0,BLOCK,X,0.5213133,0.584986
7/7/7/3/4/7/3/2/3 3 3,X,2.5,2,BLOCK,X,1.33282,0.7921239
7/7/7/3/4/7/3/6/4 3 3,X,2,0,BLOCK,X,0.7382361,0.8097292
7/7/7/3/6/7/3/4/4 3 3,Z,2,0,BLOCK,Z,1.058767,0.5381407
7/7/7/3/4/7/3/6/2 3 3,X,2.25,0,BLOCK,X,0.5842741,0.5817183
7/7/7/3/6/7/3/4/2 3 3,Z,2,0,BLOCK,Z,0.03533815,0.1447671
7/7/7/3/4/7/3/6/1 3 3,X,2.5,0,BLOCK,X,0.9914423,0.7874276
7/7/7/3/6/7/3/4/1 3 3,Z,2,0,BLOCK,Z,0.05414612,0.1939451
7/7/7/3/4/7/3/5/4 3 3,X,2,0,BLOCK,X,0.8573793,0.8520306
7/7/7/3/6/7/3/1/4 3 3,Z,-2,2,BLOCK,Z,1.681136,1.016527
7/7/7/3/4/7/3/5/2 3 3,X,2.25,0,BLOCK,X,0.7899228,0.7992696
7/7/7/3/6/7/3/1/2 3 3,Z,-2,0,BLOCK,Z,0.1214567,0.1894519
7/7/7/3/4/7/3/5/1 3 3,X,2.5,0,BLOCK,X,0.7332039,0.8492906
7/7/7/3/6/7/3/1/1 3 3,Z,-2,0,BLOCK,Z,0.3686347,0.5042558
7/7/7/3/4/7/3/3/4 3 3,X,2,0,BLOCK,X,0.5881493,0.8303231
7/7/7/3/4/7/3/3/2 3 3,X,2.25,2,BLOCK,X,1.357448,0.8274395
7/7/7/3/4/7/3/3/1 3 3,X,2.5,0,BLOCK,X,0.3798826,0.603628
7/7/7/3/4/7/7/2/4 3 3,X,1.75,2,BLOCK,X,1.028822,0.7698538
7/7/7/3/4/7/7/2/2 3 3,X,2,0,BLOCK,X,0.7188411,0.8628347
7/7/7/3/4/7/7/2/1 3 3,X,2.25,0,BLOCK,X,0.5686421,0.7500054
7/7/7/3/1/2/2/7/7 3 3,X,-2,2,BLOCK,X,0.973152,0.6065709
7/7/7/3/1/2/6/6/7 3 3,X,-2.25,2,BLOCK,X,1.188117,0.7568763
7/7/7/3/5/2/4/6/7 3 3,X,2,0,BLOCK,X,0.7895094,0.7728874
7/7/7/3/5/2/6/4/7 3 3,Z,2,0,BLOCK,Z,0.4911108,0.4657162
7/7/7/3/1/2/6/5/7 3 3,X,-2.25,2,BLOCK,X,1.148653,0.7361712
7/7/7/3/5/2/4/5/7 3 3,X,2,0,BLOCK,X,1.443477,0.8423632
7/7/7/3/5/2/6/1/7 3 3,Z,-2,0,BLOCK,Z,0.436553,0.4538117
7/7/7/3/1/2/6/3/7 3 3,X,-2.25,0,BLOCK,X,0.506571,0.6720124
7/7/7/3/5/2/4/3/7 3 3,X,2,0,BLOCK,X,0.4833238,0.6647807
7/7/7/3/1/2/6/7/6 3 3,X,-2.5,0,BLOCK,X,0.6624484,0.7080732
7/7/7/3/5/2/4/7/6 3 3,X,1.6,0,BLOCK,X,0.4434817,0.5677992
7/7/7/3/1/2/6/7/5 3 3,X,-2.25,0,BLOCK,X,0.4303124,0.6458563
7/7/7/3/5/2/4/7/5 3 3,X,2,0,BLOCK,X,1.466597,0.8780265
7/7/7/3/1/2/6/7/3 3 3,X,-2,0,BLOCK,X,0.5356758,0.8072321
7/7/7/3/5/2/4/7/3 3 3,X,2.4,0,BLOCK,X,1.602012,1.052083
7/7/7/3/1/2/5/6/7 3 3,X,-2,0,BLOCK,X,0.6112238,0.6494859
7/7/7/3/5/2/1/6/7 3 3,X,-2,0,BLOCK,X,0.7090728,0.7476918
7/7/7/3/5/2/5/4/7 3 3,Z,2,0,BLOCK,Z,0.5969911,0.6143512
7/7/7/3/1/2/5/5/7 3 3,X,-2,0,BLOCK,X,0.5701866,0.6063587
7/7/7/3/5/2/1/5/7 3 3,X,-2,0,BLOCK,X,0.9381365,0.7317386
7/7/7/3/5/2/5/1/7 3 3,Z,-2,0,BLOCK,Z,0.4230915,0.4321374
7/7/7/3/1/2/5/3/7 3 3,X,-2,0,BLOCK,X,0.5017192,0.606582
7/7/7/3/5/2/1/3/7 3 3,X,-2,0,BLOCK,X,1.280782,0.9558451
7/7/7/3/1/2/5/7/6 3 3,X,-2.25,0,BLOCK,X,0.6779544,0.7961862
7/7/7/3/5/2/1/7/6 3 3,X,-2.4,2,BLOCK,X,1.641783,1.095989
7/7/7/3/1/2/5/7/5 3 3,X,-2,0,BLOCK,X,0.6189143,0.6348012
7/7/7/3/5/2/1/7/5 3 3,X,-2,0,BLOCK,X,0.8324878,0.7524787
7/7/7/3/1/2/5/7/3 3 3,X,-1.75,0,BLOCK,X,0.6907184,0.6124887
7/7/7/3/5/2/1/7/3 3 3,X,-1.6,2,BLOCK,X,1.231281,0.7367383
7/7/7/3/1/2/3/6/7 3 3,X,-1.75,0,BLOCK,X,0.2640818,0.5198981
7/7/7/3/5/2/3/4/7 3 3,Z,2,0,BLOCK,Z,0.3845514,0.4377381
7/7/7/3/1/2/3/5/7 3 3,X,-1.75,0,BLOCK,X,0.5574009,0.5413522
7/7/7/3/5/2/3/1/7 3 3,Z,-2,0,BLOCK,Z,0.347594,0.3996607
7/7/7/3/1/2/3/3/7 3 3,X,-1.75,0,BLOCK,X,0.3251032,0.4707763
7/7/7/3/1/2/3/7/6 3 3,X,-2,0,BLOCK,X,0.4901022,0.6458207
7/7/7/3/1/2/3/7/5 3 3,X,-1.75,2,BLOCK,X,0.9478574,0.6049181
7/7/7/3/1/2/3/7/3 3 3,X,-1.5,0,BLOCK,X,0.5672973,0.4478096
7/7/7/3/1/2/7/2/7 3 3,X,-2,2,BLOCK,X,0.9714408,0.6216054
7/7/7/3/1/2/7/6/6 3 3,X,-2.25,0,BLOCK,X,0.6025942,0.7291748
7/7/7/3/5/2/7/4/6 3 3,Z,2,0,BLOCK,Z,0.4395892,0.3089198
7/7/7/3/1/2/7/6/5 3 3,X,-2,0,BLOCK,X,0.7493741,0.7175311
7/7/7/3/5/2/7/4/5 3 3,Z,2,0,BLOCK,Z,0.3447827,0.2371979
7/7/7/3/1/2/7/6/3 3 3,X,-1.75,0,BLOCK,X,0.5481176,0.6865697
7/7/7/3/5/2/7/4/3 3 3,Z,2,0,BLOCK,Z,0.2788656,0.2476343
7/7/7/3/1/2/7/5/6 3 3,X,-2.25,0,BLOCK,X,0.8660751,0.7780957
7/7/7/3/5/2/7/1/6 3 3,Z,-2,2,BLOCK,Z,1.63023,1.000782
7/7/7/3/1/2/7/5/5 3 3,X,-2,0,BLOCK,X,0.7552586,0.7146442
7/7/7/3/5/2/7/1/5 3 3,Z,-2,2,BLOCK,Z,1.648348,0.9881358
7/7/7/3/1/2/7/5/3 3 3,X,-1.75,0,BLOCK,X,0.8077706,0.6356097
7/7/7/3/5/2/7/1/3 3 3,Z,-2,0,BLOCK,Z,0.5554974,0.5948948
7/7/7/3/1/2/7/3/6 3 3,X,-2.25,0,BLOCK,X,0.5515854,0.8715293
7/7/7/3/1/2/7/3/5 3 3,X,-2,2,BLOCK,X,0.9764967,0.6717865
7/7/7/3/1/2/7/3/3 3 3,X,-1.75,2,BLOCK,X,0.9735342,0.5712221
7/7/7/3/1/2/7/7/4 3 3,X,-2.25,2,BLOCK,X,1.066048,0.8974605
7/7/7/3/1/2/7/7/2 3 3,X,-2,0,BLOCK,X,0.4800935,0.7220107
7/7/7/3/1/2/7/7/1 3 3,X,-1.75,0,BLOCK,X,0.6268818,0.7667387
7/7/7/3/1/6/2/6/7 3 3,X,-2,0,BLOCK,X,0.4797951,0.5107223
7/7/7/3/5/4/2/6/7 3 3,Z,1.6666666666666666666666666666,2,BLOCK,Z,0.9879002,0.8462192
7/7/7/3/5/6/2/4/7 3 3,Z,2,0,BLOCK,Z,0.9534075,0.638835
7/7/7/3/1/6/2/5/7 3 3,X,-2,0,BLOCK,X,0.9445046,0.7455607
7/7/7/3/5/4/2/5/7 3 3,Z,2,0,BLOCK,Z,1.115687,0.8798363
7/7/7/3/5/6/2/1/7 3 3,Z,-2,0,BLOCK,Z,1.526168,1.007869
7/7/7/3/1/6/2/3/7 3 3,X,-2,2,BLOCK,X,0.9375309,0.6878949
7/7/7/3/5/4/2/3/7 3 3,Z,2.3333333333333333333333333334,0,BLOCK,Z,0.8278822,0.6346964
7/7/7/3/1/6/2/7/6 3 3,X,-2.25,0,BLOCK,X,0.4123534,0.5998617
7/7/7/3/5/4/2/7/6 3 3,Z,2,0,BLOCK,Z,0.7114345,0.623665
7/7/7/3/1/6/2/7/5 3 3,X,-2,0,BLOCK,X,1.096522,0.7308812
7/7/7/3/5/4/2/7/5 3 3,Z,2,0,BLOCK,Z,1.181186,0.9647467
7/7/7/3/1/6/2/7/3 3 3,X,-1.75,0,BLOCK,X,0.6025891,0.6547318
7/7/7/3/5/4/2/7/3 3 3,Z,2,0,BLOCK,Z,1.23991,0.935549
7/7/7/3/1/6/6/2/7 3 3,X,-2.25,0,BLOCK,X,0.877407,0.7357268
7/7/7/3/5/4/6/2/7 3 3,Z,2,0,BLOCK,Z,0.07232668,0.4230105
7/7/7/3/5/6/4/2/7 3 3,X,2,0,BLOCK,X,0.6495395,0.7182617
7/7/7/3/1/6/6/6/6 3 3,X,-2.5,0,BLOCK,X,0.6238163,0.7273534
7/7/7/3/5/4/6/6/6 3 3,Z,1.6666666666666666666666666666,2,BLOCK,Z,1.085098,0.8486516
7/7/7/3/5/6/4/6/6 3 3,X,1.5,0,BLOCK,X,0.5046194,0.6468017
7/7/7/3/5/6/6/4/6 3 3,Z,2,0,BLOCK,Z,0.2835066,0.2587525
7/7/7/3/1/6/6/6/5 3 3,X,-2.25,0,BLOCK,X,1.34009,0.9417728
7/7/7/3/5/4/6/6/5 3 3,Z,1.6666666666666666666666666666,0,BLOCK,Z,0.4960268,0.6052165
7/7/7/3/5/6/4/6/5 3 3,X,2,0,BLOCK,X,0.599834,0.7164915
7/7/7/3/5/6/6/4/5 3 3,Z,2,0,BLOCK,Z,0.2421898,0.09455292
7/7/7/3/1/6/6/6/3 3 3,X,-2.0,0,BLOCK,X,0.7443309,0.7298714
7/7/7/3/5/4/6/6/3 3 3,Z,1.6666666666666666666666666666,2,BLOCK,Z,1.060329,0.7280375
7/7/7/3/5/6/4/6/3 3 3,X,2.5,2,BLOCK,X,1.614889,1.009228
7/7/7/3/5/6/6/4/3 3 3,Z,2,0,BLOCK,Z,1.665363,0.9509391
7/7/7/3/1/6/6/5/6 3 3,X,-2.5,0,BLOCK,X,0.5166147,0.6276956
7/7/7/3/5/4/6/5/6 3 3,Z,2,2,BLOCK,Z,1.127002,0.8729137
7/7/7/3/5/6/4/5/6 3 3,X,1.5,0,BLOCK,X,0.4531094,0.5722016
7/7/7/3/5/6/6/1/6 3 3,Z,-2,2,BLOCK,Z,1.637198,0.9816213
7/7/7/3/1/6/6/5/5 3 3,X,-2.25,0,BLOCK,X,0.5378169,0.7513946
7/7/7/3/5/4/6/5/5 3 3,Z,2,0,BLOCK,Z,0.5912008,0.4762647
7/7/7/3/5/6/4/5/5 3 3,X,2,0,BLOCK,X,1.478033,0.9780661
7/7/7/3/5/6/6/1/5 3 3,Z,-2,0,BLOCK,Z,0.9828159,0.5304294
7/7/7/3/1/6/6/5/3 3 3,X,-2.0,2,BLOCK,X,1.368754,0.8134806
7/7/7/3/5/4/6/5/3 3 3,Z,2,0,BLOCK,Z,0.5105849,0.5658289
7/7/7/3/5/6/4/5/3 3 3,X,2.5,0,BLOCK,X,0.591932,0.7122818
7/7/7/3/5/6/6/1/3 3 3,Z,-2,2,BLOCK,Z,1.556713,0.9084408
7/7/7/3/1/6/6/3/6 3 3,X,-2.5,0,BLOCK,X,1.268448,0.7647974
7/7/7/3/5/4/6/3/6 3 3,Z,2.3333333333333333333333333334,2,BLOCK,Z,1.363471,0.852106
7/7/7/3/5/6/4/3/6 3 3,X,1.5,0,BLOCK,X,0.8112667,0.6603422
7/7/7/3/1/6/6/3/5 3 3,X,-2.25,0,BLOCK,X,1.293648,0.8916398
7/7/7/3/5/4/6/3/5 3 3,Z,2.3333333333333333333333333334,2,BLOCK,Z,1.518674,0.8990539
7/7/7/3/5/6/4/3/5 3 3,X,2,0,BLOCK,X,0.3921303,0.5624443
7/7/7/3/1/6/6/3/3 3 3,X,-2.0,0,BLOCK,X,0.8696298,0.8046361
7/7/7/3/5/4/6/3/3 3 3,Z,2.3333333333333333333333333334,2,BLOCK,Z,1.400019,0.8837401
7/7/7/3/5/6/4/3/3 3 3,X,2.5,0,BLOCK,X,0.5872689,0.8473662
7/7/7/3/1/6/6/7/4 3 3,X,-2.5,0,BLOCK,X,0.7149517,0.6978428
7/7/7/3/5/4/6/7/4 3 3,Z,2,0,BLOCK,Z,1.043259,0.7923676
7/7/7/3/5/6/4/7/4 3 3,X,1.5,0,BLOCK,X,0.6222172,0.5045778
7/7/7/3/1/6/6/7/2 3 3,X,-2.25,0,BLOCK,X,0.5748641,0.7654023
7/7/7/3/5/4/6/7/2 3 3,Z,2,2,BLOCK,Z,1.191635,0.8082222
7/7/7/3/5/6/4/7/2 3 3,X,2,0,BLOCK,X,0.3587018,0.5765691
7/7/7/3/1/6/6/7/1 3 3,X,-2.0,0,BLOCK,X,0.4289618,0.664657
7/7/7/3/5/4/6/7/1 3 3,Z,2,0,BLOCK,Z,0.5857738,0.4276903
7/7/7/3/5/6/4/7/1 3 3,X,2.5,0,BLOCK,X,0.4214089,0.6607024
7/7/7/3/1/6/5/2/7 3 3,X,-2,0,BLOCK,X,0.459683,0.5312243
7/7/7/3/5/4/5/2/7 3 3,Z,2,2,BLOCK,Z,1.13217,0.8478063
7/7/7/3/5/6/1/2/7 3 3,X,-2,0,BLOCK,X,0.4842311,0.7661639
7/7/7/3/1/6/5/6/6 3 3,X,-2.25,2,BLOCK,X,1.078613,0.6570287
7/7/7/3/5/4/5/6/6 3 3,Z,1.6666666666666666666666666666,0,BLOCK,Z,0.2695252,0.4330345
7/7/7/3/5/6/1/6/6 3 3,X,-2.5,2,BLOCK,X,1.628007,1.020487
7/7/7/3/5/6/5/4/6 3 3,Z,2,0,BLOCK,Z,0.1859249,0.09298973
7/7/7/3/1/6/5/6/5 3 3,X,-2,0,BLOCK,X,0.5913531,0.669052
7/7/7/3/5/4/5/6/5 3 3,Z,1.6666666666666666666666666666,0,BLOCK,Z,0.2179025,0.4931256
7/7/7/3/5/6/1/6/5 3 3,X,-2,0,BLOCK,X,0.5762737,0.6975029
7/7/7/3/5/6/5/4/5 3 3,Z,2,0,BLOCK,Z,0.3119881,0.2792061
7/7/7/3/1/6/5/6/3 3 3,X,-1.75,2,BLOCK,X,1.06069,0.5443507
7/7/7/3/5/4/5/6/3 3 3,Z,1.6666666666666666666666666666,0,BLOCK,Z,0.277546,0.4704337
7/7/7/3/5/6/1/6/3 3 3,X,-1.5,0,BLOCK,X,0.6925125,0.632382
7/7/7/3/5/6/5/4/3 3 3,Z,2,0,BLOCK,Z,1.595735,0.9662038
7/7/7/3/1/6/5/5/6 3 3,X,-2.25,0,BLOCK,X,0.580464,0.7066445
7/7/7/3/5/4/5/5/6 3 3,Z,2,2,BLOCK,Z,1.102477,0.8557435
7/7/7/3/5/6/1/5/6 3 3,X,-2.5,0,BLOCK,X,1.759782,1.191037
7/7/7/3/5/6/5/1/6 3 3,Z,-2,0,BLOCK,Z,1.658939,1.074893
7/7/7/3/1/6/5/5/5 3 3,X,-2,0,BLOCK,X,0.6678348,0.5571234
7/7/7/3/5/4/5/5/5 3 3,Z,2,0,BLOCK,Z,0.4412955,0.399558
7/7/7/3/5/6/1/5/5 3 3,X,-2,2,BLOCK,X,1.440526,0.8540092
7/7/7/3/5/6/5/1/5 3 3,Z,-2,0,BLOCK,Z,0.3477217,0.4649652
7/7/7/3/1/6/5/5/3 3 3,X,-1.75,0,BLOCK,X,0.5837845,0.5452765
7/7/7/3/5/4/5/5/3 3 3,Z,2,0,BLOCK,Z,0.6496983,0.5446267
7/7/7/3/5/6/1/5/3 3 3,X,-1.5,0,BLOCK,X,0.6399254,0.5978393
7/7/7/3/5/6/5/1/3 3 3,Z,-2,0,BLOCK,Z,0.2149516,0.228664
7/7/7/3/1/6/5/3/6 3 3,X,-2.25,0,BLOCK,X,0.9476398,0.7029145
7/7/7/3/5/4/5/3/6 3 3,Z,2.3333333333333333333333333334,0,BLOCK,Z,0.5673836,0.5007826
7/7/7/3/5/6/1/3/6 3 3,X,-2.5,0,BLOCK,X,0.4802101,0.7782695
7/7/7/3/1/6/5/3/5 3 3,X,-2,0,BLOCK,X,0.7540826,0.5997046
7/7/7/3/5/4/5/3/5 3 3,Z,2.3333333333333333333333333334,2,BLOCK,Z,1.406403,0.972911
7/7/7/3/5/6/1/3/5 3 3,X,-2,0,BLOCK,X,0.6747464,0.6064872
7/7/7/3/1/6/5/3/3 3 3,X,-1.75,2,BLOCK,X,0.9597113,0.6036596
7/7/7/3/5/4/5/3/3 3 3,Z,2.3333333333333333333333333334,0,BLOCK,Z,0.48868,0.4692411
7/7/7/3/5/6/1/3/3 3 3,X,-1.5,0,BLOCK,X,0.2776694,0.4866084
7/7/7/3/1/6/5/7/4 3 3,X,-2.25,0,BLOCK,X,1.004007,0.7440217
7/7/7/3/5/4/5/7/4 3 3,Z,2,0,BLOCK,Z,0.7505329,0.530063
7/7/7/3/5/6/1/7/4 3 3,X,-2.5,0,BLOCK,X,0.3886209,0.6320304
7/7/7/3/1/6/5/7/2 3 3,X,-2,0,BLOCK,X,0.7981876,0.7062771
7/7/7/3/5/4/5/7/2 3 3,Z,2,0,BLOCK,Z,0.5271833,0.516686
7/7/7/3/5/6/1/7/2 3 3,X,-2,0,BLOCK,X,0.5979786,0.741604
7/7/7/3/1/6/5/7/1 3 3,X,-1.75,0,BLOCK,X,0.6233067,0.588135
7/7/7/3/5/4/5/7/1 3 3,Z,2,2,BLOCK,Z,1.213549,0.8255076
7/7/7/3/5/6/1/7/1 3 3,X,-1.5,0,BLOCK,X,0.3700882,0.459192
7/7/7/3/1/6/3/2/7 3 3,X,-1.75,2,BLOCK,X,1.002097,0.4848129
7/7/7/3/5/4/3/2/7 3 3,Z,2,0,BLOCK,Z,0.0868517,0.3318864
7/7/7/3/1/6/3/6/6 3 3,X,-2.0,2,BLOCK,X,0.9841346,0.6635439
7/7/7/3/5/4/3/6/6 3 3,Z,1.6666666666666666666666666666,0,BLOCK,Z,0.2312098,0.2977171
7/7/7/3/5/6/3/4/6 3 3,Z,2,0,BLOCK,Z,0.1873325,0.2460446
7/7/7/3/1/6/3/6/5 3 3,X,-1.75,0,BLOCK,X,0.2256803,0.3828076
7/7/7/3/5/4/3/6/5 3 3,Z,1.6666666666666666666666666666,2,BLOCK,Z,1.045971,0.8169463
7/7/7/3/5/6/3/4/5 3 3,Z,2,0,BLOCK,Z,1.517354,0.9521114
7/7/7/3/1/6/3/6/3 3 3,X,-1.5,2,BLOCK,X,0.9397143,0.5477315
7/7/7/3/5/4/3/6/3 3 3,Z,1.6666666666666666666666666666,0,BLOCK,Z,0.9626201,0.7396946
7/7/7/3/5/6/3/4/3 3 3,Z,2,2,BLOCK,Z,1.606595,0.9587273
7/7/7/3/1/6/3/5/6 3 3,X,-2.0,0,BLOCK,X,0.2968603,0.6317268
7/7/7/3/5/4/3/5/6 3 3,Z,2,2,BLOCK,Z,1.083169,0.7580639
7/7/7/3/5/6/3/1/6 3 3,Z,-2,0,BLOCK,Z,1.221949,0.8661959
7/7/7/3/1/6/3/5/5 3 3,X,-1.75,2,BLOCK,X,0.9332661,0.6096933
7/7/7/3/5/4/3/5/5 3 3,Z,2,0,BLOCK,Z,1.088919,0.8028435
7/7/7/3/5/6/3/1/5 3 3,Z,-2,0,BLOCK,Z,1.018663,0.6649172
7/7/7/3/1/6/3/5/3 3 3,X,-1.5,0,BLOCK,X,0.4727234,0.4721964
7/7/7/3/5/4/3/5/3 3 3,Z,2,0,BLOCK,Z,0.992572,0.7300906
7/7/7/3/5/6/3/1/3 3 3,Z,-2,0,BLOCK,Z,0.6792427,0.6628966
7/7/7/3/1/6/3/3/6 3 3,X,-2.0,0,BLOCK,X,0.5876805,0.6675662
7/7/7/3/5/4/3/3/6 3 3,Z,2.3333333333333333333333333334,2,BLOCK,Z,1.388795,0.8793496
7/7/7/3/1/6/3/3/5 3 3,X,-1.75,2,BLOCK,X,0.9570066,0.5978171
7/7/7/3/5/4/3/3/5 3 3,Z,2.3333333333333333333333333334,0,BLOCK,Z,1.271742,0.8576428
7/7/7/3/1/6/3/3/3 3 3,X,-1.5,0,BLOCK,X,0.2554271,0.4003867
7/7/7/3/5/4/3/3/3 3 3,Z,2.3333333333333333333333333334,2,BLOCK,Z,1.465025,1.043054
7/7/7/3/1/6/3/7/4 3 3,X,-2.0,0,BLOCK,X,0.5249025,0.6089839
7/7/7/3/5/4/3/7/4 3 3,Z,2,0,BLOCK,Z,0.8034748,0.3650917
7/7/7/3/1/6/3/7/2 3 3,X,-1.75,0,BLOCK,X,0.7054201,0.6482359
7/7/7/3/5/4/3/7/2 3 3,Z,2,0,BLOCK,Z,1.224099,1.017909
7/7/7/3/1/6/3/7/1 3 3,X,-1.5,0,BLOCK,X,0.220445,0.3574225
7/7/7/3/5/4/3/7/1 3 3,Z,2,2,BLOCK,Z,1.203753,0.8379108
7/7/7/3/1/6/7/2/6 3 3,X,-2.25,0,BLOCK,X,0.8127742,0.83822
7/7/7/3/5/4/7/2/6 3 3,Z,2,0,BLOCK,Z,0.4448499,0.3765174
7/7/7/3/1/6/7/2/5 3 3,X,-2,2,BLOCK,X,0.9705114,0.6400952
7/7/7/3/5/4/7/2/5 3 3,Z,2,0,BLOCK,Z,0.2141633,0.2488792
7/7/7/3/1/6/7/2/3 3 3,X,-1.75,0,BLOCK,X,0.6756436,0.6166592
7/7/7/3/5/4/7/2/3 3 3,Z,2,2,BLOCK,Z,1.277043,0.8098744
7/7/7/3/1/6/7/6/4 3 3,X,-2.25,0,BLOCK,X,0.8346181,1.060168
7/7/7/3/5/4/7/6/4 3 3,Z,1.6666666666666666666666666668,0,BLOCK,Z,0.3529078,0.4125438
7/7/7/3/5/6/7/4/4 3 3,Z,2,0,BLOCK,Z,0.1664825,0.2145683
7/7/7/3/1/6/7/6/2 3 3,X,-2,0,BLOCK,X,0.8319984,0.8663674
7/7/7/3/5/4/7/6/2 3 3,Z,1.6666666666666666666666666668,0,BLOCK,Z,0.4176972,0.422762
7/7/7/3/5/6/7/4/2 3 3,Z,2,0,BLOCK,Z,0.1978653,0.2119946
7/7/6/3/5/6/7/6/1 3 3,Z,-0.7,302,TIMEOUT,Z,0.03324524,0.01721564
7/7/7/3/1/6/7/6/1 3 3,X,-1.75,2,BLOCK,X,0.9861649,0.6687092
7/7/7/3/5/4/7/6/1 3 3,Z,1.6666666666666666666666666668,0,BLOCK,Z,0.9477488,0.6924784
7/7/7/3/5/6/7/4/1 3 3,Z,2,0,BLOCK,Z,0.1985849,0.1585634
7/7/7/3/1/6/7/5/4 3 3,X,-2.25,0,BLOCK,X,0.7927265,0.8254247
7/7/7/3/5/4/7/5/4 3 3,Z,2,2,BLOCK,Z,1.147402,0.788381
7/7/7/3/5/6/7/1/4 3 3,Z,-2,0,BLOCK,Z,0.2933087,0.3830689
7/7/7/3/1/6/7/5/2 3 3,X,-2,0,BLOCK,X,0.9049651,0.7207025
7/7/7/3/5/4/7/5/2 3 3,Z,2,0,BLOCK,Z,0.932362,0.7561813
7/7/7/3/5/6/7/1/2 3 3,Z,-2,0,BLOCK,Z,0.3296971,0.3970563
7/7/7/3/1/6/7/5/1 3 3,X,-1.75,0,BLOCK,X,0.5111171,0.6070828
7/7/7/3/5/4/7/5/1 3 3,Z,2,0,BLOCK,Z,0.6317911,0.590652
7/7/7/3/5/6/7/1/1 3 3,Z,-2,0,BLOCK,Z,0.2753035,0.4212239
7/7/7/3/1/6/7/3/4 3 3,X,-2.25,2,BLOCK,X,1.15343,0.7524374
7/7/7/3/5/4/7/3/4 3 3,Z,2.3333333333333333333333333332,0,BLOCK,Z,1.037335,0.8078699
7/7/7/3/1/6/7/3/2 3 3,X,-2,0,BLOCK,X,0.830797,0.7955992
7/7/7/3/5/4/7/3/2 3 3,Z,2.3333333333333333333333333332,2,BLOCK,Z,1.45216,0.8348882
7/7/7/3/1/6/7/3/1 3 3,X,-1.75,0,BLOCK,X,0.7527391,0.6529195
7/7/7/3/5/4/7/3/1 3 3,Z,2.3333333333333333333333333332,0,BLOCK,Z,1.305838,0.9231842
7/7/7/3/1/5/2/6/7 3 3,X,-2,2,BLOCK,X,1.082066,0.6275874
7/7/7/3/5/1/2/6/7 3 3,Z,-2.3333333333333333333333333334,0,BLOCK,Z,1.34185,0.8784143
7/7/7/3/5/5/2/4/7 3 3,Z,2,0,BLOCK,Z,1.647901,1.00472
7/7/7/3/1/5/2/5/7 3 3,X,-2,2,BLOCK,X,1.172998,0.6732689
7/7/7/3/5/1/2/5/7 3 3,Z,-2,0,BLOCK,Z,1.022162,0.7199388
7/7/7/3/5/5/2/1/7 3 3,Z,-2,2,BLOCK,Z,1.665874,0.9721208
7/7/7/3/1/5/2/3/7 3 3,X,-2,2,BLOCK,X,0.955002,0.6513348
7/7/7/3/5/1/2/3/7 3 3,Z,-1.6666666666666666666666666666,0,BLOCK,Z,0.6701027,0.6781513
7/7/7/3/1/5/2/7/6 3 3,X,-2.25,0,BLOCK,X,0.3938236,0.5922953
7/7/7/3/5/1/2/7/6 3 3,Z,-2,0,BLOCK,Z,0.9308599,0.8418587
7/7/7/3/1/5/2/7/5 3 3,X,-2,2,BLOCK,X,1.08762,0.7155554
7/7/7/3/5/1/2/7/5 3 3,Z,-2,0,BLOCK,Z,1.207109,0.8139111
7/7/7/3/1/5/2/7/3 3 3,X,-1.75,2,BLOCK,X,1.224724,0.7401285
7/7/7/3/5/1/2/7/3 3 3,Z,-2,0,BLOCK,Z,0.8160084,0.7969174
7/7/7/3/1/5/6/2/7 3 3,X,-2.25,2,BLOCK,X,1.303722,0.8062847
7/7/7/3/5/1/6/2/7 3 3,Z,-2,0,BLOCK,Z,0.3701172,0.5792714
7/7/7/3/5/5/4/2/7 3 3,X,2,0,BLOCK,X,0.8654642,0.7164459
7/7/7/3/1/5/6/6/6 3 3,X,-2.5,0,BLOCK,X,0.6600099,0.7246383
7/7/7/3/5/1/6/6/6 3 3,Z,-2.3333333333333333333333333334,0,BLOCK,Z,0.6916733,0.7753381
7/7/7/3/5/5/4/6/6 3 3,X,1.5,0,BLOCK,X,1.27509,0.7836931
7/7/7/3/5/5/6/4/6 3 3,Z,2,0,BLOCK,Z,0.1705631,0.2185166
7/7/7/3/1/5/6/6/5 3 3,X,-2.25,0,BLOCK,X,0.4743007,0.6817091
7/7/7/3/5/1/6/6/5 3 3,Z,-2.3333333333333333333333333334,0,BLOCK,Z,0.6379488,0.849196
7/7/7/3/5/5/4/6/5 3 3,X,2,2,BLOCK,X,1.316996,0.7609419
7/7/7/3/5/5/6/4/5 3 3,Z,2,0,BLOCK,Z,0.4350745,0.4293716
7/7/7/3/1/5/6/6/3 3 3,X,-2.0,0,BLOCK,X,0.6584498,0.7411039
7/7/7/3/5/1/6/6/3 3 3,Z,-2.3333333333333333333333333334,0,BLOCK,Z,0.5600297,0.7506302
7/7/7/3/5/5/4/6/3 3 3,X,2.5,2,BLOCK,X,1.620343,0.9998232
7/7/7/3/5/5/6/4/3 3 3,Z,2,0,BLOCK,Z,0.0882741,0.1018714
7/7/7/3/1/5/6/5/6 3 3,X,-2.5,2,BLOCK,X,1.195514,0.7287739
7/7/7/3/5/1/6/5/6 3 3,Z,-2,0,BLOCK,Z,0.8603168,0.8663098
7/7/7/3/5/5/4/5/6 3 3,X,1.5,0,BLOCK,X,0.542432,0.6179489
7/7/7/3/5/5/6/1/6 3 3,Z,-2,0,BLOCK,Z,0.1966143,0.3276848
7/7/7/3/1/5/6/5/5 3 3,X,-2.25,0,BLOCK,X,0.6979226,0.6685865
7/7/7/3/5/1/6/5/5 3 3,Z,-2,0,BLOCK,Z,0.8502378,0.7814279
7/7/7/3/5/5/4/5/5 3 3,X,2,0,BLOCK,X,0.2715104,0.6794634
7/7/7/3/5/5/6/1/5 3 3,Z,-2,0,BLOCK,Z,0.1775874,0.2861421
7/7/7/3/1/5/6/5/3 3 3,X,-2.0,0,BLOCK,X,0.759908,0.7906936
7/7/7/3/5/1/6/5/3 3 3,Z,-2,0,BLOCK,Z,0.7418945,0.8077101
7/7/7/3/5/5/4/5/3 3 3,X,2.5,0,BLOCK,X,0.5792243,0.7848082
7/7/7/3/5/5/6/1/3 3 3,Z,-2,0,BLOCK,Z,1.773322,1.043851
7/7/7/3/1/5/6/3/6 3 3,X,-2.5,0,BLOCK,X,0.8451402,0.6711389
7/7/7/3/5/1/6/3/6 3 3,Z,-1.6666666666666666666666666666,0,BLOCK,Z,0.8082607,0.7085261
7/7/7/3/5/5/4/3/6 3 3,X,1.5,0,BLOCK,X,0.3637798,0.5546538
7/7/7/3/1/5/6/3/5 3 3,X,-2.25,0,BLOCK,X,0.4844948,0.6224966
7/7/7/3/5/1/6/3/5 3 3,Z,-1.6666666666666666666666666666,0,BLOCK,Z,0.6291878,0.6448318
7/7/7/3/5/5/4/3/5 3 3,X,2,0,BLOCK,X,1.261294,0.8314343
7/7/7/3/1/5/6/3/3 3 3,X,-2.0,0,BLOCK,X,0.6752897,0.7194965
7/7/7/3/5/1/6/3/3 3 3,Z,-1.6666666666666666666666666666,2,BLOCK,Z,1.032881,0.6591533
7/7/7/3/5/5/4/3/3 3 3,X,2.5,0,BLOCK,X,0.898648,0.7832026
7/7/7/3/1/5/6/7/4 3 3,X,-2.5,0,BLOCK,X,0.4000998,0.5831073
7/7/7/3/5/1/6/7/4 3 3,Z,-2,0,BLOCK,Z,0.7853888,0.8674637
7/7/7/3/5/5/4/7/4 3 3,X,1.5,0,BLOCK,X,0.1790066,0.3136851
7/7/7/3/1/5/6/7/2 3 3,X,-2.25,0,BLOCK,X,0.6353647,0.7314543
7/7/7/3/5/1/6/7/2 3 3,Z,-2,0,BLOCK,Z,1.117815,0.8031049
7/7/7/3/5/5/4/7/2 3 3,X,2,0,BLOCK,X,0.5337704,0.7141185
7/7/7/3/1/5/6/7/1 3 3,X,-2.0,0,BLOCK,X,0.6656116,0.6861068
7/7/7/3/5/1/6/7/1 3 3,Z,-2,0,BLOCK,Z,0.7398683,0.9441064
7/7/7/3/5/5/4/7/1 3 3,X,2.5,0,BLOCK,X,0.7017674,0.7961081
7/7/7/3/1/5/5/2/7 3 3,X,-2,0,BLOCK,X,0.4214161,0.5210751
7/7/7/3/5/1/5/2/7 3 3,Z,-2,0,BLOCK,Z,0.6528648,0.8268311
7/7/7/3/5/5/1/2/7 3 3,X,-2,0,BLOCK,X,0.722485,0.7896516
7/7/7/3/1/5/5/6/6 3 3,X,-2.25,0,BLOCK,X,0.5800254,0.6474804
7/7/7/3/5/1/5/6/6 3 3,Z,-2.3333333333333333333333333334,0,BLOCK,Z,0.673193,0.8067852
7/7/7/3/5/5/1/6/6 3 3,X,-2.5,0,BLOCK,X,0.5415307,0.7996715
7/7/7/3/5/5/5/4/6 3 3,Z,2,0,BLOCK,Z,0.3331099,0.3607441
7/7/7/3/1/5/5/6/5 3 3,X,-2,0,BLOCK,X,0.5421848,0.5573738
7/7/7/3/5/1/5/6/5 3 3,Z,-2.3333333333333333333333333334,0,BLOCK,Z,0.672354,0.7615077
7/7/7/3/5/5/1/6/5 3 3,X,-2,0,BLOCK,X,0.6607106,0.6809134
7/7/7/3/5/5/5/4/5 3 3,Z,2,2,BLOCK,Z,1.577433,0.9504157
7/7/7/3/1/5/5/6/3 3 3,X,-1.75,0,BLOCK,X,0.6685885,0.5495102
7/7/7/3/5/1/5/6/3 3 3,Z,-2.3333333333333333333333333334,2,BLOCK,Z,1.336706,0.8207616
7/7/7/3/5/5/1/6/3 3 3,X,-1.5,0,BLOCK,X,1.268743,0.7463951
7/7/7/3/5/5/5/4/3 3 3,Z,2,0,BLOCK,Z,0.2943177,0.3015696
7/7/7/3/1/5/5/5/6 3 3,X,-2.25,0,BLOCK,X,0.5791798,0.7508665
7/7/7/3/5/1/5/5/6 3 3,Z,-2,2,BLOCK,Z,1.093445,0.8803662
7/7/7/3/5/5/1/5/6 3 3,X,-2.5,0,BLOCK,X,0.5047061,0.8369196
7/7/7/3/5/5/5/1/6 3 3,Z,-2,2,BLOCK,Z,1.670942,1.033385
7/7/7/3/1/5/5/5/5 3 3,X,-2,2,BLOCK,X,0.9338235,0.6549584
7/7/7/3/5/1/5/5/5 3 3,Z,-2,0,BLOCK,Z,0.6812537,0.8426985
7/7/7/3/5/5/1/5/5 3 3,X,-2,0,BLOCK,X,0.2745824,0.5974542
7/7/7/3/5/5/5/1/5 3 3,Z,-2,0,BLOCK,Z,0.1969569,0.3765471
7/7/7/3/1/5/5/5/3 3 3,X,-1.75,2,BLOCK,X,0.9916046,0.5634386
7/7/7/3/5/1/5/5/3 3 3,Z,-2,0,BLOCK,Z,0.7029608,0.8114337
7/7/7/3/5/5/1/5/3 3 3,X,-1.5,2,BLOCK,X,1.177742,0.6831709
7/7/7/3/5/5/5/1/3 3 3,Z,-2,0,BLOCK,Z,1.661993,1.032949
7/7/7/3/1/5/5/3/6 3 3,X,-2.25,0,BLOCK,X,0.8066388,0.5943726
7/7/7/3/5/1/5/3/6 3 3,Z,-1.6666666666666666666666666666,0,BLOCK,Z,0.5131035,0.7511636
7/7/7/3/5/5/1/3/6 3 3,X,-2.5,0,BLOCK,X,1.426318,1.052302
7/7/7/3/1/5/5/3/5 3 3,X,-2,0,BLOCK,X,0.5296199,0.5636988
7/7/7/3/5/1/5/3/5 3 3,Z,-1.6666666666666666666666666666,0,BLOCK,Z,0.534717,0.6540557
7/7/7/3/5/5/1/3/5 3 3,X,-2,0,BLOCK,X,0.9624395,0.6869935
7/7/7/3/1/5/5/3/3 3 3,X,-1.75,2,BLOCK,X,0.9242868,0.6106386
7/7/7/3/5/1/5/3/3 3 3,Z,-1.6666666666666666666666666666,0,BLOCK,Z,0.5507378,0.7823638
7/7/7/3/5/5/1/3/3 3 3,X,-1.5,2,BLOCK,X,1.178298,0.7222246
7/7/7/3/1/5/5/7/4 3 3,X,-2.25,0,BLOCK,X,1.000525,0.7826786
7/7/7/3/5/1/5/7/4 3 3,Z,-2,2,BLOCK,Z,1.27429,0.860953
7/7/7/3/5/5/1/7/4 3 3,X,-2.5,0,BLOCK,X,1.540336,1.08537
7/7/7/3/1/5/5/7/2 3 3,X,-2,0,BLOCK,X,0.5331616,0.7826034
7/7/7/3/5/1/5/7/2 3 3,Z,-2,2,BLOCK,Z,1.263698,0.9070466
7/7/7/3/5/5/1/7/2 3 3,X,-2,0,BLOCK,X,0.4127804,0.6855461
7/7/7/3/1/5/5/7/1 3 3,X,-1.75,0,BLOCK,X,0.7709771,0.5672135
7/7/7/3/5/1/5/7/1 3 3,Z,-2,0,BLOCK,Z,0.6784046,0.8490959
7/7/7/3/5/5/1/7/1 3 3,X,-1.5,0,BLOCK,X,1.270713,0.7394997
7/7/7/3/1/5/3/2/7 3 3,X,-1.75,0,BLOCK,X,0.5192629,0.5406594
7/7/7/3/5/1/3/2/7 3 3,Z,-2,0,BLOCK,Z,0.5774722,0.7842162
7/7/7/3/1/5/3/6/6 3 3,X,-2.0,2,BLOCK,X,1.003271,0.6912088
7/7/7/3/5/1/3/6/6 3 3,Z,-2.3333333333333333333333333334,0,BLOCK,Z,0.5116314,0.7645358
7/7/7/3/5/5/3/4/6 3 3,Z,2,0,BLOCK,Z,0.4057283,0.5160349
7/7/7/3/1/5/3/6/5 3 3,X,-1.75,0,BLOCK,X,0.546926,0.4831116
7/7/7/3/5/1/3/6/5 3 3,Z,-2.3333333333333333333333333334,0,BLOCK,Z,0.6625352,0.7421041
7/7/7/3/5/5/3/4/5 3 3,Z,2,2,BLOCK,Z,1.599688,0.9799986
7/7/7/3/1/5/3/6/3 3 3,X,-1.5,0,BLOCK,X,0.5556422,0.499753
7/7/7/3/5/1/3/6/3 3 3,Z,-2.3333333333333333333333333334,2,BLOCK,Z,1.387169,0.8720478
7/7/7/3/5/5/3/4/3 3 3,Z,2,2,BLOCK,Z,1.566257,0.9346445
7/7/7/3/1/5/3/5/6 3 3,X,-2.0,0,BLOCK,X,0.4228476,0.6084908
7/7/7/3/5/1/3/5/6 3 3,Z,-2,0,BLOCK,Z,0.8141519,0.7351404
7/7/7/3/5/5/3/1/6 3 3,Z,-2,0,BLOCK,Z,0.1186967,0.1955997
7/7/7/3/1/5/3/5/5 3 3,X,-1.75,0,BLOCK,X,0.4307696,0.555984
7/7/7/3/5/1/3/5/5 3 3,Z,-2,0,BLOCK,Z,0.999467,0.7756655
7/7/7/3/5/5/3/1/5 3 3,Z,-2,2,BLOCK,Z,1.625342,1.029438
7/7/7/3/1/5/3/5/3 3 3,X,-1.5,0,BLOCK,X,0.4222768,0.4949163
7/7/7/3/5/1/3/5/3 3 3,Z,-2,2,BLOCK,Z,1.106938,0.7771158
7/7/7/3/5/5/3/1/3 3 3,Z,-2,0,BLOCK,Z,0.202924,0.3771183
7/7/7/3/1/5/3/3/6 3 3,X,-2.0,0,BLOCK,X,0.5884392,0.6868215
7/7/7/3/5/1/3/3/6 3 3,Z,-1.6666666666666666666666666666,2,BLOCK,Z,1.091435,0.7039571
7/7/7/3/1/5/3/3/5 3 3,X,-1.75,0,BLOCK,X,0.5688045,0.6627688
7/7/7/3/5/1/3/3/5 3 3,Z,-1.6666666666666666666666666666,0,BLOCK,Z,0.9403369,0.7668007
7/7/7/3/1/5/3/3/3 3 3,X,-1.5,2,BLOCK,X,0.9408852,0.5518283
7/7/7/3/5/1/3/3/3 3 3,Z,-1.6666666666666666666666666666,0,BLOCK,Z,1.110906,0.7003566
7/7/7/3/1/5/3/7/4 3 3,X,-2.0,2,BLOCK,X,1.018987,0.6977881
7/7/7/3/5/1/3/7/4 3 3,Z,-2,0,BLOCK,Z,0.8583149,0.8586046
7/7/7/3/1/5/3/7/2 3 3,X,-1.75,0,BLOCK,X,0.8120823,0.6198346
7/7/7/3/5/1/3/7/2 3 3,Z,-2,0,BLOCK,Z,0.8719006,0.8270983
7/7/7/3/1/5/3/7/1 3 3,X,-1.5,2,BLOCK,X,1.007639,0.567889
7/7/7/3/5/1/3/7/1 3 3,Z,-2,0,BLOCK,Z,1.061292,0.8643496
7/7/7/3/1/5/7/2/6 3 3,X,-2.25,0,BLOCK,X,0.4732129,0.6326073
7/7/7/3/5/1/7/2/6 3 3,Z,-2,0,BLOCK,Z,0.3054136,0.4867592
7/7/7/3/1/5/7/2/5 3 3,X,-2,0,BLOCK,X,0.5600739,0.7285385
7/7/7/3/5/1/7/2/5 3 3,Z,-2,0,BLOCK,Z,1.153889,0.7632176
7/7/7/3/1/5/7/2/3 3 3,X,-1.75,2,BLOCK,X,1.075283,0.6122084
7/7/7/3/5/1/7/2/3 3 3,Z,-2,0,BLOCK,Z,0.3974678,0.67248
7/7/7/3/1/5/7/6/4 3 3,X,-2.25,0,BLOCK,X,0.8336858,0.7253377
7/7/7/3/5/1/7/6/4 3 3,Z,-2.3333333333333333333333333332,0,BLOCK,Z,1.424432,0.9971279
7/7/7/3/5/5/7/4/4 3 3,Z,2,0,BLOCK,Z,0.3625708,0.4082405
7/7/7/3/1/5/7/6/2 3 3,X,-2,0,BLOCK,X,1.002261,0.7264796
7/7/7/3/5/1/7/6/2 3 3,Z,-2.3333333333333333333333333332,0,BLOCK,Z,1.374879,0.9916415
7/7/7/3/5/5/7/4/2 3 3,Z,2,0,BLOCK,Z,0.09254964,0.0810573
7/7/7/3/1/5/7/6/1 3 3,X,-1.75,0,BLOCK,X,0.6310271,0.6879895
7/7/7/3/5/1/7/6/1 3 3,Z,-2.3333333333333333333333333332,0,BLOCK,Z,0.6116542,0.8434675
7/7/7/3/5/5/7/4/1 3 3,Z,2,0,BLOCK,Z,0.02869391,0.1180563
7/7/7/3/1/5/7/5/4 3 3,X,-2.25,0,BLOCK,X,0.6360192,0.781239
7/7/7/3/5/1/7/5/4 3 3,Z,-2,0,BLOCK,Z,0.6429447,0.7639375
7/7/7/3/5/5/7/1/4 3 3,Z,-2,0,BLOCK,Z,0.2567165,0.3670851
7/7/7/3/1/5/7/5/2 3 3,X,-2,0,BLOCK,X,1.088565,0.7749438
7/7/7/3/5/1/7/5/2 3 3,Z,-2,0,BLOCK,Z,0.7093113,0.8315628
7/7/7/3/5/5/7/1/2 3 3,Z,-2,0,BLOCK,Z,0.1679956,0.2847053
7/7/7/3/1/5/7/5/1 3 3,X,-1.75,2,BLOCK,X,1.010032,0.7023601
7/7/7/3/5/1/7/5/1 3 3,Z,-2,0,BLOCK,Z,0.7641085,0.8360692
7/7/7/3/5/5/7/1/1 3 3,Z,-2,0,BLOCK,Z,0.492048,0.5900095
7/7/7/3/1/5/7/3/4 3 3,X,-2.25,0,BLOCK,X,0.8789191,0.8133478
7/7/7/3/5/1/7/3/4 3 3,Z,-1.6666666666666666666666666668,0,BLOCK,Z,0.5277482,0.6623083
7/7/7/3/1/5/7/3/2 3 3,X,-2,0,BLOCK,X,0.6490863,0.8370538
7/7/7/3/5/1/7/3/2 3 3,Z,-1.6666666666666666666666666668,0,BLOCK,Z,0.5208736,0.7052119
7/7/7/3/1/5/7/3/1 3 3,X,-1.75,2,BLOCK,X,0.9588794,0.7624894
7/7/7/3/5/1/7/3/1 3 3,Z,-1.6666666666666666666666666668,0,BLOCK,Z,0.8669271,0.6640251
7/7/7/3/1/3/2/6/7 3 3,X,-2,2,BLOCK,X,1.070958,0.7060931
7/7/7/3/5/3/2/4/7 3 3,Z,2,0,BLOCK,Z,1.550364,1.018035
7/7/7/3/1/3/2/5/7 3 3,X,-2,2,BLOCK,X,1.035447,0.7138525
7/7/7/3/5/3/2/1/7 3 3,Z,-2,2,BLOCK,Z,1.732014,1.104841
7/7/7/3/1/3/2/3/7 3 3,X,-2,0,BLOCK,X,0.4471672,0.4787146
7/7/7/3/1/3/2/7/6 3 3,X,-2.25,0,BLOCK,X,0.2882427,0.4411106
7/7/7/3/1/3/2/7/5 3 3,X,-2,2,BLOCK,X,0.9282815,0.6912144
7/7/7/3/1/3/2/7/3 3 3,X,-1.75,0,BLOCK,X,0.1946531,0.4277903
7/7/7/3/1/3/6/2/7 3 3,X,-2.25,2,BLOCK,X,1.302509,0.7736546
7/7/7/3/5/3/4/2/7 3 3,X,2,0,BLOCK,X,0.6876061,0.7773524
7/7/7/3/1/3/6/6/6 3 3,X,-2.5,0,BLOCK,X,0.66271,0.701528
7/7/7/3/5/3/4/6/6 3 3,X,1.5,0,BLOCK,X,0.1212999,0.3541586
7/7/7/3/5/3/6/4/6 3 3,Z,2,0,BLOCK,Z,0.6831815,0.5546573
7/7/7/3/1/3/6/6/5 3 3,X,-2.25,0,BLOCK,X,0.2482954,0.5904209
7/7/7/3/5/3/4/6/5 3 3,X,2,0,BLOCK,X,0.8582726,0.7598021
7/7/7/3/5/3/6/4/5 3 3,Z,2,0,BLOCK,Z,0.9735164,0.5103744
7/7/7/3/1/3/6/6/3 3 3,X,-2.0,0,BLOCK,X,0.9014915,0.7731972
7/7/7/3/5/3/4/6/3 3 3,X,2.5,2,BLOCK,X,1.624385,1.067862
7/7/7/3/5/3/6/4/3 3 3,Z,2,0,BLOCK,Z,0.7888942,0.4618751
7/7/7/3/1/3/6/5/6 3 3,X,-2.5,2,BLOCK,X,1.221872,0.7354552
7/7/7/3/5/3/4/5/6 3 3,X,1.5,0,BLOCK,X,0.2757468,0.4673404
7/7/7/3/5/3/6/1/6 3 3,Z,-2,0,BLOCK,Z,0.2961877,0.4377205
7/7/7/3/1/3/6/5/5 3 3,X,-2.25,0,BLOCK,X,0.4622363,0.6199167
7/7/7/3/5/3/4/5/5 3 3,X,2,2,BLOCK,X,1.463645,1.000147
7/7/7/3/5/3/6/1/5 3 3,Z,-2,0,BLOCK,Z,0.3298839,0.3994865
7/7/7/3/1/3/6/5/3 3 3,X,-2.0,0,BLOCK,X,0.6721632,0.7273362
7/7/7/3/5/3/4/5/3 3 3,X,2.5,0,BLOCK,X,0.480083,0.6910996
7/7/7/3/5/3/6/1/3 3 3,Z,-2,0,BLOCK,Z,1.694297,1.080283
7/7/7/3/1/3/6/3/6 3 3,X,-2.5,0,BLOCK,X,0.5314659,0.6617182
7/7/7/3/5/3/4/3/6 3 3,X,1.5,2,BLOCK,X,1.279011,0.8391259
7/7/7/3/1/3/6/3/5 3 3,X,-2.25,0,BLOCK,X,0.6020954,0.7407497
7/7/7/3/5/3/4/3/5 3 3,X,2,0,BLOCK,X,0.4632222,0.5946063
7/7/7/3/1/3/6/3/3 3 3,X,-2.0,2,BLOCK,X,1.395234,0.8734519
7/7/7/3/5/3/4/3/3 3 3,X,2.5,0,BLOCK,X,0.5969585,0.8351239
7/7/7/3/1/3/6/7/4 3 3,X,-2.5,2,BLOCK,X,1.306242,0.7895399
7/7/7/3/5/3/4/7/4 3 3,X,1.5,0,BLOCK,X,0.538284,0.5096508
7/7/7/3/1/3/6/7/2 3 3,X,-2.25,0,BLOCK,X,0.5615845,0.7122697
7/7/7/3/5/3/4/7/2 3 3,X,2,0,BLOCK,X,0.6101165,0.712587
7/7/7/3/1/3/6/7/1 3 3,X,-2.0,2,BLOCK,X,1.424469,0.8813006
7/7/7/3/5/3/4/7/1 3 3,X,2.5,0,BLOCK,X,1.673367,1.137001
7/7/7/3/1/3/5/2/7 3 3,X,-2,2,BLOCK,X,1.022895,0.642195
7/7/7/3/5/3/1/2/7 3 3,X,-2,0,BLOCK,X,0.4940552,0.6647604
7/7/7/3/1/3/5/6/6 3 3,X,-2.25,0,BLOCK,X,0.7551877,0.7700376
7/7/7/3/5/3/1/6/6 3 3,X,-2.5,0,BLOCK,X,0.4702816,0.757337
7/7/7/3/5/3/5/4/6 3 3,Z,2,0,BLOCK,Z,1.545701,0.9435327
7/7/7/3/1/3/5/6/5 3 3,X,-2,2,BLOCK,X,1.006675,0.6677523
7/7/7/3/5/3/1/6/5 3 3,X,-2,0,BLOCK,X,0.6574816,0.7614364
7/7/7/3/5/3/5/4/5 3 3,Z,2,0,BLOCK,Z,0.3760731,0.393728
7/7/7/3/1/3/5/6/3 3 3,X,-1.75,0,BLOCK,X,0.7190629,0.5409352
7/7/7/3/5/3/1/6/3 3 3,X,-1.5,0,BLOCK,X,0.3666933,0.4900324
7/7/7/3/5/3/5/4/3 3 3,Z,2,0,BLOCK,Z,1.64416,1.008874
7/7/7/3/1/3/5/5/6 3 3,X,-2.25,2,BLOCK,X,1.057447,0.7489256
7/7/7/3/5/3/1/5/6 3 3,X,-2.5,0,BLOCK,X,0.5788898,0.7094973
7/7/7/3/5/3/5/1/6 3 3,Z,-2,0,BLOCK,Z,1.690742,1.082144
7/7/7/3/1/3/5/5/5 3 3,X,-2,2,BLOCK,X,0.9788432,0.6463401
7/7/7/3/5/3/1/5/5 3 3,X,-2,0,BLOCK,X,0.8666655,0.7295454
7/7/7/3/5/3/5/1/5 3 3,Z,-2,0,BLOCK,Z,0.4336884,0.5595194
7/7/7/3/1/3/5/5/3 3 3,X,-1.75,0,BLOCK,X,0.8571938,0.6030408
7/7/7/3/5/3/1/5/3 3 3,X,-1.5,0,BLOCK,X,0.5030669,0.6034006
7/7/7/3/5/3/5/1/3 3 3,Z,-2,2,BLOCK,Z,1.678694,1.008917
7/7/7/3/1/3/5/3/6 3 3,X,-2.25,0,BLOCK,X,0.5656579,0.6674708
7/7/7/3/5/3/1/3/6 3 3,X,-2.5,2,BLOCK,X,1.608277,0.9801776
7/7/7/3/1/3/5/3/5 3 3,X,-2,0,BLOCK,X,0.5490319,0.6753254
7/7/7/3/5/3/1/3/5 3 3,X,-2,0,BLOCK,X,0.4626456,0.5407907
7/7/7/3/1/3/5/3/3 3 3,X,-1.75,0,BLOCK,X,0.5599262,0.5244339
7/7/7/3/5/3/1/3/3 3 3,X,-1.5,0,BLOCK,X,0.2969489,0.4875302
7/7/7/3/1/3/5/7/4 3 3,X,-2.25,0,BLOCK,X,0.5868734,0.784726
7/7/7/3/5/3/1/7/4 3 3,X,-2.5,0,BLOCK,X,0.4992144,0.5972395
7/7/7/3/1/3/5/7/2 3 3,X,-2,0,BLOCK,X,0.5301284,0.7552902
7/7/7/3/5/3/1/7/2 3 3,X,-2,0,BLOCK,X,0.5350071,0.7014205
7/7/7/3/1/3/5/7/1 3 3,X,-1.75,2,BLOCK,X,1.002893,0.6316962
7/7/7/3/5/3/1/7/1 3 3,X,-1.5,0,BLOCK,X,0.3676966,0.3530367
7/7/7/3/1/3/3/2/7 3 3,X,-1.75,2,BLOCK,X,0.9518963,0.5817015
7/7/7/3/1/3/3/6/6 3 3,X,-2.0,0,BLOCK,X,0.763117,0.662537
7/7/7/3/5/3/3/4/6 3 3,Z,2,0,BLOCK,Z,0.9016535,0.6247938
7/7/7/3/1/3/3/6/5 3 3,X,-1.75,2,BLOCK,X,0.9598083,0.6500735
7/7/7/3/5/3/3/4/5 3 3,Z,2,0,BLOCK,Z,0.3515581,0.2633061
7/7/7/3/1/3/3/6/3 3 3,X,-1.5,0,BLOCK,X,0.6617482,0.4917326
7/7/7/3/5/3/3/4/3 3 3,Z,2,0,BLOCK,Z,0.3569224,0.3980802
7/7/7/3/1/3/3/5/6 3 3,X,-2.0,0,BLOCK,X,0.5612154,0.6328261
7/7/7/3/5/3/3/1/6 3 3,Z,-2,0,BLOCK,Z,1.767372,1.067148
7/7/7/3/1/3/3/5/5 3 3,X,-1.75,0,BLOCK,X,0.5929148,0.5615541
7/7/7/3/5/3/3/1/5 3 3,Z,-2,0,BLOCK,Z,1.617871,1.056998
7/7/7/3/1/3/3/5/3 3 3,X,-1.5,0,BLOCK,X,0.5750683,0.5317985
7/7/7/3/5/3/3/1/3 3 3,Z,-2,2,BLOCK,Z,1.655751,0.9899639
7/7/7/3/1/3/3/3/6 3 3,X,-2.0,0,BLOCK,X,0.5335146,0.6832896
7/7/7/3/1/3/3/3/5 3 3,X,-1.75,0,BLOCK,X,0.4644716,0.5629296
7/7/7/3/1/3/3/3/3 3 3,X,-1.5,2,BLOCK,X,0.9695463,0.4655947
7/7/7/3/1/3/3/7/4 3 3,X,-2.0,0,BLOCK,X,0.6765768,0.7034627
7/7/7/3/1/3/3/7/2 3 3,X,-1.75,2,BLOCK,X,1.034429,0.6745138
7/7/7/3/1/3/3/7/1 3 3,X,-1.5,2,BLOCK,X,0.9722355,0.6002813
7/7/7/3/1/3/7/2/6 3 3,X,-2.25,0,BLOCK,X,0.5847598,0.8075073
7/7/7/3/1/3/7/2/5 3 3,X,-2,0,BLOCK,X,0.5383232,0.6884865
7/7/7/3/1/3/7/2/3 3 3,X,-1.75,0,BLOCK,X,0.8351201,0.655593
7/7/7/3/1/3/7/6/4 3 3,X,-2.25,0,BLOCK,X,0.7265412,0.8984563
7/7/7/3/5/3/7/4/4 3 3,Z,2,0,BLOCK,Z,0.263966,0.2994839
7/7/7/3/1/3/7/6/2 3 3,X,-2,2,BLOCK,X,1.067266,0.8182707
7/7/7/3/5/3/7/4/2 3 3,Z,2,0,BLOCK,Z,0.1975495,0.219442
7/7/7/3/1/3/7/6/1 3 3,X,-1.75,2,BLOCK,X,0.9712991,0.5817487
7/7/7/3/5/3/7/4/1 3 3,Z,2,0,BLOCK,Z,0.2384024,0.2592077
7/7/7/3/1/3/7/5/4 3 3,X,-2.25,0,BLOCK,X,0.9385258,0.8281587
7/7/7/3/5/3/7/1/4 3 3,Z,-2,0,BLOCK,Z,0.3221732,0.4805347
7/7/7/3/1/3/7/5/2 3 3,X,-2,0,BLOCK,X,0.5849597,0.7460971
7/7/7/3/5/3/7/1/2 3 3,Z,-2,0,BLOCK,Z,0.277314,0.4140533
7/7/7/3/1/3/7/5/1 3 3,X,-1.75,0,BLOCK,X,0.4109061,0.3539746
7/7/7/3/5/3/7/1/1 3 3,Z,-2,0,BLOCK,Z,0.3075398,0.4017853
7/7/7/3/1/3/7/3/4 3 3,X,-2.25,0,BLOCK,X,1.030598,0.8411089
7/7/7/3/1/3/7/3/2 3 3,X,-2,0,BLOCK,X,0.6245438,0.7829432
7/7/7/3/1/3/7/3/1 3 3,X,-1.75,0,BLOCK,X,0.5680206,0.5857391
7/7/7/3/1/7/2/2/7 3 3,X,-2,0,BLOCK,X,0.4189944,0.5810574
7/7/7/3/1/7/2/6/6 3 3,X,-2.25,2,BLOCK,X,1.385652,0.7897985
7/7/7/3/5/7/2/4/6 3 3,Z,2,0,BLOCK,Z,0.07570053,0.04393048
7/7/7/3/1/7/2/6/5 3 3,X,-2,0,BLOCK,X,0.3805216,0.598729
7/7/7/3/5/7/2/4/5 3 3,Z,2,0,BLOCK,Z,1.18811,0.4073671
7/7/7/3/1/7/2/6/3 3 3,X,-1.75,0,BLOCK,X,1.450796,1.045062
7/7/7/3/5/7/2/4/3 3 3,Z,2,0,BLOCK,Z,0.9290988,0.4925663
7/7/7/3/1/7/2/5/6 3 3,X,-2.25,0,BLOCK,X,0.2985318,0.502255
7/7/7/3/5/7/2/1/6 3 3,Z,-2,0,BLOCK,Z,0.1415077,0.2842891
7/7/7/3/1/7/2/5/5 3 3,X,-2,0,BLOCK,X,0.5592687,0.5612717
7/7/7/3/5/7/2/1/5 3 3,Z,-2,0,BLOCK,Z,1.715186,1.048944
7/7/7/3/1/7/2/5/3 3 3,X,-1.75,2,BLOCK,X,1.290359,0.8603656
7/7/7/3/5/7/2/1/3 3 3,Z,-2,0,BLOCK,Z,1.689202,1.050986
7/7/7/3/1/7/2/3/6 3 3,X,-2.25,2,BLOCK,X,1.067952,0.7576126
7/7/7/3/1/7/2/3/5 3 3,X,-2,0,BLOCK,X,1.246229,0.7603061
7/7/7/3/1/7/2/3/3 3 3,X,-1.75,2,BLOCK,X,1.26502,0.8041216
7/7/7/3/1/7/2/7/4 3 3,X,-2.25,0,BLOCK,X,0.4987935,0.7182196
7/7/7/3/1/7/2/7/2 3 3,X,-2,0,BLOCK,X,0.7731842,0.5691159
7/7/7/3/1/7/2/7/1 3 3,X,-1.75,0,BLOCK,X,0.1166388,0.3859494
7/7/7/3/1/7/6/2/6 3 3,X,-2.5,0,BLOCK,X,1.301991,0.9386505
7/7/7/3/5/7/4/2/6 3 3,X,1.3333333333333333333333333334,0,BLOCK,X,1.112098,0.7037814
7/7/7/3/1/7/6/2/5 3 3,X,-2.25,2,BLOCK,X,1.351363,0.8571888
7/7/7/3/5/7/4/2/5 3 3,X,2,0,BLOCK,X,0.3748096,0.6190737
7/7/7/3/5/7/6/2/1 3 3,X,1,2,BLOCK,X,1.309218,0.8620753
7/7/7/3/1/7/6/2/3 3 3,X,-2,0,BLOCK,X,0.3924564,0.6946908
7/7/7/3/5/7/4/2/3 3 3,X,2.6666666666666666666666666666,0,BLOCK,X,0.6285572,0.7795724
7/7/7/3/1/7/6/6/4 3 3,X,-2.5,0,BLOCK,X,0.5684136,0.7111288
7/7/7/3/5/7/4/6/4 3 3,X,1.3333333333333333333333333334,0,BLOCK,X,0.3626315,0.2892532
7/7/7/3/5/7/6/4/4 3 3,Z,2,2,BLOCK,Z,1.567109,0.9429669
7/7/7/3/1/7/6/6/2 3 3,X,-2.25,0,BLOCK,X,0.4371047,0.6368172
7/7/7/3/5/7/4/6/2 3 3,X,2,0,BLOCK,X,0.2166727,0.5125441
7/7/7/3/5/7/6/4/2 3 3,Z,2,2,BLOCK,Z,1.651053,0.9829863
7/7/7/3/1/7/6/6/1 3 3,X,-2,0,BLOCK,X,0.6379395,0.8120994
7/7/7/3/5/7/4/6/1 3 3,X,2.6666666666666666666666666666,0,BLOCK,X,0.429202,0.601166
7/7/7/3/5/7/6/4/1 3 3,Z,2,0,BLOCK,Z,1.052451,0.4111414
7/7/7/3/1/7/6/5/4 3 3,X,-2.5,2,BLOCK,X,1.347026,0.7972891
7/7/7/3/5/7/4/5/4 3 3,X,1.3333333333333333333333333334,0,BLOCK,X,0.2831495,0.3492733
7/7/7/3/5/7/6/1/4 3 3,Z,-2,0,BLOCK,Z,0.3014912,0.4054917
7/7/7/3/1/7/6/5/2 3 3,X,-2.25,0,BLOCK,X,0.4574921,0.6883669
7/7/7/3/5/7/4/5/2 3 3,X,2,0,BLOCK,X,0.2141487,0.4841186
7/7/7/3/5/7/6/1/2 3 3,Z,-2,0,BLOCK,Z,0.2923016,0.389848
7/7/7/3/1/7/6/5/1 3 3,X,-2,0,BLOCK,X,0.4111645,0.6160643
7/7/7/3/5/7/4/5/1 3 3,X,2.6666666666666666666666666666,2,BLOCK,X,1.715615,1.045996
7/7/7/3/5/7/6/1/1 3 3,Z,-2,0,BLOCK,Z,1.161871,0.5376062
7/7/7/3/1/7/6/3/4 3 3,X,-2.5,2,BLOCK,X,1.34534,0.7514142
7/7/7/3/5/7/4/3/4 3 3,X,1.3333333333333333333333333334,0,BLOCK,X,0.3099822,0.3300458
7/7/7/3/1/7/6/3/2 3 3,X,-2.25,0,BLOCK,X,0.6608086,0.6908014
7/7/7/3/5/7/4/3/2 3 3,X,2,0,BLOCK,X,0.1860713,0.5160025
7/7/7/3/1/7/6/3/1 3 3,X,-2,2,BLOCK,X,1.425217,0.9327228
7/7/7/3/5/7/4/3/1 3 3,X,2.6666666666666666666666666666,0,BLOCK,X,0.3674207,0.5708573
7/7/7/3/1/7/5/2/6 3 3,X,-2.25,2,BLOCK,X,1.145551,0.6802291
7/7/7/3/5/7/1/2/6 3 3,X,-2.6666666666666666666666666666,0,BLOCK,X,0.5323387,0.7870799
7/7/7/3/1/7/5/2/5 3 3,X,-2,0,BLOCK,X,0.9310972,0.6221171
7/7/7/3/5/7/1/2/5 3 3,X,-2,0,BLOCK,X,0.6031476,0.6257097
7/7/7/3/1/7/5/2/3 3 3,X,-1.75,2,BLOCK,X,0.9609469,0.6478074
7/7/7/3/5/7/1/2/3 3 3,X,-1.3333333333333333333333333334,0,BLOCK,X,0.4338983,0.5201613
7/7/7/3/1/7/5/6/4 3 3,X,-2.25,2,BLOCK,X,1.241723,0.7458727
7/7/7/3/5/7/1/6/4 3 3,X,-2.6666666666666666666666666666,0,BLOCK,X,0.6882609,0.6396284
7/7/7/3/5/7/5/4/4 3 3,Z,2,0,BLOCK,Z,0.1394602,0.2075785
7/7/7/3/1/7/5/6/2 3 3,X,-2,0,BLOCK,X,0.5421718,0.6396329
7/7/7/3/5/7/1/6/2 3 3,X,-2,2,BLOCK,X,1.660557,1.052133
7/7/7/3/5/7/5/4/2 3 3,Z,2,0,BLOCK,Z,0.2940146,0.3233831
7/7/7/3/1/7/5/6/1 3 3,X,-1.75,2,BLOCK,X,1.026869,0.6386082
7/7/7/3/5/7/1/6/1 3 3,X,-1.3333333333333333333333333334,0,BLOCK,X,0.5097875,0.4942507
7/7/7/3/5/7/5/4/1 3 3,Z,2,2,BLOCK,Z,1.552082,0.9392228
7/7/7/3/1/7/5/5/4 3 3,X,-2.25,0,BLOCK,X,0.7354757,0.8724654
7/7/7/3/5/7/1/5/4 3 3,X,-2.6666666666666666666666666666,0,BLOCK,X,0.1581968,0.4014252
7/7/7/3/5/7/5/1/4 3 3,Z,-2,2,BLOCK,Z,1.62823,0.9921587
7/7/7/3/1/7/5/5/2 3 3,X,-2,0,BLOCK,X,0.7115036,0.6896296
7/7/7/3/5/7/1/5/2 3 3,X,-2,0,BLOCK,X,0.2388528,0.5350171
7/7/7/3/5/7/5/1/2 3 3,Z,-2,0,BLOCK,Z,0.9082675,0.4468024
7/7/7/3/1/7/5/5/1 3 3,X,-1.75,0,BLOCK,X,0.6301481,0.5839422
7/7/7/3/5/7/1/5/1 3 3,X,-1.3333333333333333333333333334,0,BLOCK,X,0.4283952,0.4660569
7/7/7/3/5/7/5/1/1 3 3,Z,-2,2,BLOCK,Z,1.629484,0.9913465
7/7/7/3/1/7/5/3/4 3 3,X,-2.25,0,BLOCK,X,1.085111,0.6599238
7/7/7/3/5/7/1/3/4 3 3,X,-2.6666666666666666666666666666,0,BLOCK,X,0.3469945,0.5879981
7/7/7/3/1/7/5/3/2 3 3,X,-2,0,BLOCK,X,0.8721937,0.769006
7/7/7/3/5/7/1/3/2 3 3,X,-2,0,BLOCK,X,0.2098716,0.5564686
7/7/7/3/1/7/5/3/1 3 3,X,-1.75,2,BLOCK,X,1.052346,0.6356902
7/7/7/3/5/7/1/3/1 3 3,X,-1.3333333333333333333333333334,0,BLOCK,X,0.1526312,0.2974354
7/7/7/3/1/7/3/2/6 3 3,X,-2,2,BLOCK,X,1.022646,0.7097297
7/7/7/3/5/7/3/2/4 3 3,X,-1,2,BLOCK,X,1.323,0.937306
7/7/7/3/1/7/3/2/5 3 3,X,-1.75,0,BLOCK,X,0.4070851,0.519524
7/7/7/3/1/7/3/2/3 3 3,X,-1.5,0,BLOCK,X,0.3010391,0.3712372
7/7/7/3/1/7/3/6/4 3 3,X,-2,2,BLOCK,X,1.083908,0.7468303
7/7/7/3/5/7/3/4/4 3 3,Z,2,0,BLOCK,Z,1.076803,0.4288109
7/7/7/3/1/7/3/6/2 3 3,X,-1.75,0,BLOCK,X,0.4902191,0.4708529
7/7/7/3/5/7/3/4/2 3 3,Z,2,2,BLOCK,Z,1.652396,0.979467
7/7/7/3/1/7/3/6/1 3 3,X,-1.5,2,BLOCK,X,0.9444163,0.4966295
7/7/7/3/5/7/3/4/1 3 3,Z,2,2,BLOCK,Z,1.556452,0.9478872
7/7/7/3/1/7/3/5/4 3 3,X,-2,0,BLOCK,X,0.4410462,0.6643337
7/7/7/3/5/7/3/1/4 3 3,Z,-2,0,BLOCK,Z,1.084052,0.5403126
7/7/7/3/1/7/3/5/2 3 3,X,-1.75,0,BLOCK,X,0.7724186,0.6689755
7/7/7/3/5/7/3/1/2 3 3,Z,-2,0,BLOCK,Z,0.1890327,0.3146756
7/7/7/3/1/7/3/5/1 3 3,X,-1.5,0,BLOCK,X,0.6158643,0.5249574
7/7/7/3/5/7/3/1/1 3 3,Z,-2,0,BLOCK,Z,0.2272544,0.3457684
7/7/7/3/1/7/3/3/4 3 3,X,-2,2,BLOCK,X,1.128897,0.6954192
7/7/7/3/1/7/3/3/2 3 3,X,-1.75,2,BLOCK,X,1.074106,0.6534975
7/7/7/3/1/7/3/3/1 3 3,X,-1.5,0,BLOCK,X,0.4482535,0.4361841
7/7/7/3/1/7/7/2/4 3 3,X,-2.25,0,BLOCK,X,0.802832,0.8858129
7/7/7/3/1/7/7/2/2 3 3,X,-2,0,BLOCK,X,0.7053579,0.8581653
7/7/7/3/1/7/7/2/1 3 3,X,-1.75,0,BLOCK,X,0.611793,0.7046723
7/7/7/3/3/2/4/6/7 3 3,X,2,0,BLOCK,X,0.9785087,0.8801498
7/7/7/3/3/2/6/4/7 3 3,Z,2,0,BLOCK,Z,0.5303718,0.5470399
7/7/7/3/3/2/4/5/7 3 3,X,2,0,BLOCK,X,0.6729141,0.7672777
7/7/7/3/3/2/6/1/7 3 3,Z,-2,2,BLOCK,Z,1.561179,0.9687394
7/7/7/3/2/2/6/3/7 3 3,X,0.5,302,TIMEOUT,Z,0.001344093,0.0007693415
7/7/7/3/3/2/4/3/7 3 3,X,2,0,BLOCK,X,0.6806208,0.5447815
7/7/7/3/3/2/4/7/6 3 3,X,1.6,0,BLOCK,X,1.082545,0.9064508
7/7/7/3/3/2/4/7/5 3 3,X,2,0,BLOCK,X,0.7952002,0.5731273
7/7/7/3/3/2/4/7/3 3 3,X,2.4,0,BLOCK,X,0.773349,0.8572004
7/7/7/3/3/2/1/6/7 3 3,X,-2,0,BLOCK,X,0.6121084,0.8082584
7/7/7/3/3/2/5/4/7 3 3,Z,2,2,BLOCK,Z,1.521938,0.880353
7/7/7/3/3/2/1/5/7 3 3,X,-2,0,BLOCK,X,1.407575,0.7975351
7/7/7/3/3/2/5/1/7 3 3,Z,-2,0,BLOCK,Z,0.5350929,0.4774825
7/7/7/3/3/2/1/3/7 3 3,X,-2,0,BLOCK,X,0.579637,0.8102918
7/7/7/3/3/2/1/7/6 3 3,X,-2.4,0,BLOCK,X,1.651348,1.057287
7/7/7/3/3/2/1/7/5 3 3,X,-2,0,BLOCK,X,0.7652808,0.8241028
7/7/7/3/3/2/1/7/3 3 3,X,-1.6,0,BLOCK,X,0.6453715,0.6162602
7/7/7/3/3/2/3/4/7 3 3,Z,2,0,BLOCK,Z,0.4123797,0.3693053
7/7/7/3/3/2/3/1/7 3 3,Z,-2,0,BLOCK,Z,0.4122611,0.3850201
7/7/7/3/3/2/7/4/6 3 3,Z,2,0,BLOCK,Z,0.2703361,0.3232635
7/7/7/3/3/2/7/4/5 3 3,Z,2,0,BLOCK,Z,0.3170772,0.3045859
7/7/7/3/3/2/7/4/3 3 3,Z,2,0,BLOCK,Z,0.3329345,0.350094
7/7/7/3/3/2/7/1/6 3 3,Z,-2,0,BLOCK,Z,0.3587446,0.47207
7/7/7/3/3/2/7/1/5 3 3,Z,-2,2,BLOCK,Z,1.550263,0.9496545
7/7/7/3/3/2/7/1/3 3 3,Z,-2,0,BLOCK,Z,0.4101805,0.5578138
7/7/7/3/3/4/2/6/7 3 3,Z,1.6666666666666666666666666666,0,BLOCK,Z,0.4125127,0.4661818
7/7/7/3/3/6/2/4/7 3 3,Z,2,0,BLOCK,Z,0.1299155,0.1062996
7/7/7/3/3/4/2/5/7 3 3,Z,2,0,BLOCK,Z,0.5642889,0.6236989
7/7/7/3/3/6/2/1/7 3 3,Z,-2,2,BLOCK,Z,1.525806,0.8635923
7/7/7/3/3/4/2/3/7 3 3,Z,2.3333333333333333333333333334,0,BLOCK,Z,0.8811522,0.6608489
7/7/7/3/3/4/2/7/6 3 3,Z,2,0,BLOCK,Z,0.8496954,0.8034055
7/7/7/3/3/4/2/7/5 3 3,Z,2,2,BLOCK,Z,1.181729,0.8128269
7/7/7/3/3/4/2/7/3 3 3,Z,2,0,BLOCK,Z,0.5317708,0.5088835
7/7/7/3/3/4/6/2/7 3 3,Z,2,0,BLOCK,Z,0.2061793,0.3618714
7/7/7/3/3/6/4/2/7 3 3,X,2,2,BLOCK,X,1.296357,0.7918246
7/7/7/3/3/4/6/6/6 3 3,Z,1.6666666666666666666666666666,2,BLOCK,Z,1.114788,0.8056126
7/7/7/3/3/6/4/6/6 3 3,X,1.5,0,BLOCK,X,0.4910738,0.4684287
7/7/7/3/3/6/6/4/6 3 3,Z,2,0,BLOCK,Z,0.1922812,0.1884454
7/7/3/3/3/6/6/6/5 3 3,Z,-0.7,302,TIMEOUT,Z,0.02161965,0.01331841
7/7/7/3/3/4/6/6/5 3 3,Z,1.6666666666666666666666666666,2,BLOCK,Z,1.045266,0.7679619
7/7/7/3/3/6/4/6/5 3 3,X,2,0,BLOCK,X,0.6234058,0.5720625
7/7/7/3/3/6/6/4/5 3 3,Z,2,2,BLOCK,Z,1.597586,0.9680219
7/7/7/3/3/4/6/6/3 3 3,Z,1.6666666666666666666666666666,0,BLOCK,Z,0.5118777,0.475612
7/7/7/3/3/6/4/6/3 3 3,X,2.5,0,BLOCK,X,0.7130079,0.7795193
7/7/7/3/3/6/6/4/3 3 3,Z,2,2,BLOCK,Z,1.685351,0.949251
7/7/7/3/3/4/6/5/6 3 3,Z,2,0,BLOCK,Z,0.8040161,0.7160943
7/7/7/3/3/6/4/5/6 3 3,X,1.5,0,BLOCK,X,1.042899,0.634577
7/7/7/3/3/6/6/1/6 3 3,Z,-2,0,BLOCK,Z,0.6212861,0.6635485
7/7/7/3/3/4/6/5/5 3 3,Z,2,0,BLOCK,Z,0.6816763,0.6931655
7/7/7/3/3/6/4/5/5 3 3,X,2,0,BLOCK,X,0.6656137,0.65859
7/7/7/3/3/6/6/1/5 3 3,Z,-2,0,BLOCK,Z,0.3763695,0.427816
7/7/7/3/3/4/6/5/3 3 3,Z,2,0,BLOCK,Z,0.5509459,0.4174818
7/7/7/3/3/6/4/5/3 3 3,X,2.5,0,BLOCK,X,0.6586533,0.7571943
7/7/7/3/3/6/6/1/3 3 3,Z,-2,2,BLOCK,Z,1.541064,0.9294729
7/7/7/3/3/4/6/3/6 3 3,Z,2.3333333333333333333333333334,2,BLOCK,Z,1.396142,0.8464382
7/7/7/3/3/6/4/3/6 3 3,X,1.5,0,BLOCK,X,1.247913,0.7574187
7/7/7/3/3/4/6/3/5 3 3,Z,2.3333333333333333333333333334,0,BLOCK,Z,0.5165275,0.4742369
7/7/7/3/3/6/4/3/5 3 3,X,2,0,BLOCK,X,0.6472619,0.5396078
7/7/7/3/3/4/6/3/3 3 3,Z,2.3333333333333333333333333334,0,BLOCK,Z,0.491323,0.4860938
7/7/7/3/3/6/4/3/3 3 3,X,2.5,0,BLOCK,X,0.832539,0.8694959
7/7/7/3/3/4/6/7/4 3 3,Z,2,0,BLOCK,Z,0.7380175,0.6067522
7/7/7/3/3/6/4/7/4 3 3,X,1.5,0,BLOCK,X,1.137378,0.7930321
7/7/7/3/3/4/6/7/2 3 3,Z,2,0,BLOCK,Z,1.140424,0.9063631
7/7/7/3/3/6/4/7/2 3 3,X,2,0,BLOCK,X,0.9953595,0.5954596
7/7/7/3/3/4/6/7/1 3 3,Z,2,0,BLOCK,Z,0.5837943,0.6126109
7/7/7/3/3/6/4/7/1 3 3,X,2.5,0,BLOCK,X,0.5723357,0.6119378
7/7/7/3/3/4/5/2/7 3 3,Z,2,0,BLOCK,Z,1.242144,0.9067876
7/7/7/3/3/6/1/2/7 3 3,X,-2,0,BLOCK,X,1.405007,0.8505567
7/7/7/3/3/4/5/6/6 3 3,Z,1.6666666666666666666666666666,0,BLOCK,Z,0.2675624,0.5380433
7/7/7/3/3/6/1/6/6 3 3,X,-2.5,0,BLOCK,X,0.6310878,0.8181081
7/7/7/3/3/6/5/4/6 3 3,Z,2,0,BLOCK,Z,1.37797,0.9011556
7/7/7/3/3/4/5/6/5 3 3,Z,1.6666666666666666666666666666,0,BLOCK,Z,0.1235086,0.4016533
7/7/7/3/3/6/1/6/5 3 3,X,-2,0,BLOCK,X,1.418768,0.8971636
7/7/7/3/3/6/5/4/5 3 3,Z,2,2,BLOCK,Z,1.592809,0.9867725
7/7/7/3/3/4/5/6/3 3 3,Z,1.6666666666666666666666666666,0,BLOCK,Z,0.2405033,0.5220162
7/7/7/3/3/6/1/6/3 3 3,X,-1.5,0,BLOCK,X,1.219617,0.7034075
7/7/7/3/3/6/5/4/3 3 3,Z,2,0,BLOCK,Z,1.707319,0.9618794
7/7/7/3/3/4/5/5/6 3 3,Z,2,0,BLOCK,Z,1.175265,0.8780715
7/7/7/3/3/6/1/5/6 3 3,X,-2.5,0,BLOCK,X,1.738853,1.172164
7/7/7/3/3/6/5/1/6 3 3,Z,-2,0,BLOCK,Z,0.6193053,0.6007022
7/7/7/3/3/4/5/5/5 3 3,Z,2,0,BLOCK,Z,0.6008279,0.4716927
7/7/7/3/3/6/1/5/5 3 3,X,-2,0,BLOCK,X,0.6351486,0.7035369
7/7/7/3/3/6/5/1/5 3 3,Z,-2,2,BLOCK,Z,1.629097,1.0101
7/7/7/3/3/4/5/5/3 3 3,Z,2,2,BLOCK,Z,1.11995,0.8390024
7/7/7/3/3/6/1/5/3 3 3,X,-1.5,0,BLOCK,X,1.036143,0.8029753
7/7/7/3/3/6/5/1/3 3 3,Z,-2,0,BLOCK,Z,0.213406,0.242009
7/7/7/3/3/4/5/3/6 3 3,Z,2.3333333333333333333333333334,0,BLOCK,Z,0.8613885,0.5830166
7/7/7/3/3/6/1/3/6 3 3,X,-2.5,0,BLOCK,X,1.585589,1.035014
7/7/7/3/3/4/5/3/5 3 3,Z,2.3333333333333333333333333334,0,BLOCK,Z,0.5383868,0.4816649
7/7/7/3/3/6/1/3/5 3 3,X,-2,0,BLOCK,X,1.312543,0.9122206
7/7/7/3/3/4/5/3/3 3 3,Z,2.3333333333333333333333333334,0,BLOCK,Z,0.6652778,0.4958982
7/7/7/3/3/6/1/3/3 3 3,X,-1.5,0,BLOCK,X,0.5917893,0.5497277
7/7/7/3/3/4/5/7/4 3 3,Z,2,2,BLOCK,Z,1.366836,0.9150544
7/7/7/3/3/6/1/7/4 3 3,X,-2.5,0,BLOCK,X,0.5079281,0.7689518
7/7/7/3/3/4/5/7/2 3 3,Z,2,0,BLOCK,Z,0.6047795,0.5006922
7/7/7/3/3/6/1/7/2 3 3,X,-2,0,BLOCK,X,0.5218189,0.7580487
7/7/7/3/3/4/5/7/1 3 3,Z,2,0,BLOCK,Z,0.5894453,0.5104899
7/7/7/3/3/6/1/7/1 3 3,X,-1.5,2,BLOCK,X,1.192931,0.7095929
7/7/7/3/3/4/3/2/7 3 3,Z,2,2,BLOCK,Z,1.240126,0.8869301
7/7/7/3/3/4/3/6/6 3 3,Z,1.6666666666666666666666666666,0,BLOCK,Z,0.6904351,0.6572484
7/7/7/3/3/6/3/4/6 3 3,Z,2,0,BLOCK,Z,0.05743686,0.1634726
7/7/7/3/3/4/3/6/5 3 3,Z,1.6666666666666666666666666666,2,BLOCK,Z,1.060013,0.8314308
7/7/7/3/3/6/3/4/5 3 3,Z,2,0,BLOCK,Z,1.518952,0.9402949
7/7/6/3/3/6/3/6/3 3 3,X,0.75,302,TIMEOUT,Z,0.0791709,0.03251778
7/7/7/3/3/4/3/6/3 3 3,Z,1.6666666666666666666666666666,0,BLOCK,Z,0.2243207,0.4489215
7/7/7/3/3/6/3/4/3 3 3,Z,2,0,BLOCK,Z,0.1951548,0.1515537
7/7/7/3/3/4/3/5/6 3 3,Z,2,0,BLOCK,Z,0.5696831,0.5183995
7/7/7/3/3/6/3/1/6 3 3,Z,-2,0,BLOCK,Z,0.5552045,0.6422691
7/7/7/3/3/4/3/5/5 3 3,Z,2,0,BLOCK,Z,0.5864636,0.4742962
7/7/7/3/3/6/3/1/5 3 3,Z,-2,0,BLOCK,Z,0.4399631,0.4757582
7/7/7/3/3/4/3/5/3 3 3,Z,2,2,BLOCK,Z,1.083448,0.796352
7/7/7/3/3/6/3/1/3 3 3,Z,-2,2,BLOCK,Z,1.524874,0.9818335
7/7/7/3/3/4/3/3/6 3 3,Z,2.3333333333333333333333333334,0,BLOCK,Z,0.612269,0.5387983
7/7/7/3/3/4/3/3/5 3 3,Z,2.3333333333333333333333333334,0,BLOCK,Z,0.4701193,0.4367303
7/7/6/3/3/6/3/3/3 3 3,X,0.75,302,TIMEOUT,Z,0.01326763,0.009167203
7/7/7/3/3/4/3/3/3 3 3,Z,2.3333333333333333333333333334,2,BLOCK,Z,1.409475,0.9554175
7/7/7/3/3/4/3/7/4 3 3,Z,2,0,BLOCK,Z,0.3036389,0.4769739
7/7/7/3/3/4/3/7/2 3 3,Z,2,2,BLOCK,Z,1.302363,0.8308598
7/7/7/3/3/4/3/7/1 3 3,Z,2,2,BLOCK,Z,1.247432,0.8483415
7/7/7/3/3/4/7/2/6 3 3,Z,2,0,BLOCK,Z,0.5085161,0.4214323
7/7/7/3/3/4/7/2/5 3 3,Z,2,0,BLOCK,Z,0.7306433,0.5069409
7/7/7/3/3/4/7/2/3 3 3,Z,2,0,BLOCK,Z,0.1314502,0.2366061
7/7/7/3/3/4/7/6/4 3 3,Z,1.6666666666666666666666666668,0,BLOCK,Z,0.3146558,0.3667821
7/7/7/3/3/6/7/4/4 3 3,Z,2,0,BLOCK,Z,0.2102581,0.2698968
7/7/7/3/3/4/7/6/2 3 3,Z,1.6666666666666666666666666668,0,BLOCK,Z,0.4286555,0.4884461
7/7/7/3/3/6/7/4/2 3 3,Z,2,0,BLOCK,Z,0.106141,0.1669783
7/7/7/3/3/4/7/6/1 3 3,Z,1.6666666666666666666666666668,0,BLOCK,Z,0.3968299,0.4500913
7/7/7/3/3/6/7/4/1 3 3,Z,2,0,BLOCK,Z,0.2242059,0.1445407
7/7/7/3/3/4/7/5/4 3 3,Z,2,0,BLOCK,Z,0.7672387,0.5335982
7/7/7/3/3/6/7/1/4 3 3,Z,-2,0,BLOCK,Z,0.3150642,0.4186825
7/7/7/3/3/4/7/5/2 3 3,Z,2,0,BLOCK,Z,0.6030854,0.531127
7/7/7/3/3/6/7/1/2 3 3,Z,-2,2,BLOCK,Z,1.623363,0.9826517
7/7/7/3/3/4/7/5/1 3 3,Z,2,0,BLOCK,Z,0.6541835,0.5342903
7/7/7/3/3/6/7/1/1 3 3,Z,-2,0,BLOCK,Z,0.2338234,0.3274679
7/7/7/3/3/4/7/3/4 3 3,Z,2.3333333333333333333333333332,0,BLOCK,Z,0.7314572,0.791503
7/7/7/3/3/4/7/3/2 3 3,Z,2.3333333333333333333333333332,0,BLOCK,Z,0.7353973,0.566353
7/7/7/3/3/4/7/3/1 3 3,Z,2.3333333333333333333333333332,2,BLOCK,Z,1.482114,0.8177367
7/7/7/3/3/1/2/6/7 3 3,Z,-2.3333333333333333333333333334,0,BLOCK,Z,1.335122,0.8696557
7/7/7/3/3/5/2/4/7 3 3,Z,2,0,BLOCK,Z,0.9855454,0.4631792
7/7/7/3/3/1/2/5/7 3 3,Z,-2,0,BLOCK,Z,0.8757262,0.766519
7/7/7/3/3/5/2/1/7 3 3,Z,-2,2,BLOCK,Z,1.660757,1.05421
7/7/7/3/3/1/2/3/7 3 3,Z,-1.6666666666666666666666666666,0,BLOCK,Z,0.423356,0.5852087
7/7/7/3/3/1/2/7/6 3 3,Z,-2,0,BLOCK,Z,0.6166551,0.7577409
7/7/7/3/3/1/2/7/5 3 3,Z,-2,0,BLOCK,Z,0.6951252,0.8977196
7/7/7/3/3/1/2/7/3 3 3,Z,-2,0,BLOCK,Z,0.6427021,0.8798633
7/7/7/3/3/1/6/2/7 3 3,Z,-2,2,BLOCK,Z,1.124912,0.8000583
7/7/7/3/3/5/4/2/7 3 3,X,2,0,BLOCK,X,0.8381907,0.6563989
7/7/7/3/3/1/6/6/6 3 3,Z,-2.3333333333333333333333333334,0,BLOCK,Z,0.681468,0.7466017
7/7/7/3/3/5/4/6/6 3 3,X,1.5,0,BLOCK,X,0.8896624,0.6675972
7/7/7/3/3/5/6/4/6 3 3,Z,2,0,BLOCK,Z,0.1414913,0.254338
7/7/7/3/3/1/6/6/5 3 3,Z,-2.3333333333333333333333333334,0,BLOCK,Z,0.8552256,0.8499712
7/7/7/3/3/5/4/6/5 3 3,X,2,0,BLOCK,X,0.8999559,0.6106061
7/7/7/3/3/5/6/4/5 3 3,Z,2,0,BLOCK,Z,1.614285,0.9635605
7/7/7/3/3/1/6/6/3 3 3,Z,-2.3333333333333333333333333334,0,BLOCK,Z,0.5514613,0.765538
7/7/7/3/3/5/4/6/3 3 3,X,2.5,0,BLOCK,X,0.7877007,0.78653
7/7/7/3/3/5/6/4/3 3 3,Z,2,0,BLOCK,Z,1.616461,1.023364
7/7/7/3/3/1/6/5/6 3 3,Z,-2,0,BLOCK,Z,0.9617306,0.8530332
7/7/7/3/3/5/4/5/6 3 3,X,1.5,2,BLOCK,X,1.132222,0.8142987
7/7/7/3/3/5/6/1/6 3 3,Z,-2,0,BLOCK,Z,0.2055643,0.3891994
7/7/7/3/3/1/6/5/5 3 3,Z,-2,0,BLOCK,Z,0.8044859,0.7644986
7/7/7/3/3/5/4/5/5 3 3,X,2,2,BLOCK,X,1.222886,0.8038691
7/7/7/3/3/5/6/1/5 3 3,Z,-2,0,BLOCK,Z,1.659967,1.002158
7/7/7/3/3/1/6/5/3 3 3,Z,-2,2,BLOCK,Z,1.118195,0.8677211
7/7/7/3/3/5/4/5/3 3 3,X,2.5,0,BLOCK,X,0.7836341,0.8789651
7/7/7/3/3/5/6/1/3 3 3,Z,-2,2,BLOCK,Z,1.629744,1.008715
7/7/7/3/3/1/6/3/6 3 3,Z,-1.6666666666666666666666666666,0,BLOCK,Z,0.5901918,0.8026659
7/7/7/3/3/5/4/3/6 3 3,X,1.5,0,BLOCK,X,0.510002,0.4669514
7/7/7/3/3/1/6/3/5 3 3,Z,-1.6666666666666666666666666666,0,BLOCK,Z,0.5570157,0.730365
7/7/7/3/3/5/4/3/5 3 3,X,2,0,BLOCK,X,0.84465,0.5977296
7/7/7/3/3/1/6/3/3 3 3,Z,-1.6666666666666666666666666666,0,BLOCK,Z,0.6640181,0.7676352
7/7/7/3/3/5/4/3/3 3 3,X,2.5,2,BLOCK,X,1.57557,1.041538
7/7/7/3/3/1/6/7/4 3 3,Z,-2,0,BLOCK,Z,0.734735,0.8810976
7/7/7/3/3/5/4/7/4 3 3,X,1.5,0,BLOCK,X,0.317115,0.250956
7/7/7/3/3/1/6/7/2 3 3,Z,-2,0,BLOCK,Z,1.280385,0.8793949
7/7/7/3/3/5/4/7/2 3 3,X,2,0,BLOCK,X,0.7246369,0.6945826
7/7/7/3/3/1/6/7/1 3 3,Z,-2,0,BLOCK,Z,0.5305673,0.8299323
7/7/7/3/3/5/4/7/1 3 3,X,2.5,0,BLOCK,X,0.6068105,0.6929747
7/7/7/3/3/1/5/2/7 3 3,Z,-2,0,BLOCK,Z,0.532454,0.7066119
7/7/7/3/3/5/1/2/7 3 3,X,-2,0,BLOCK,X,1.390581,0.8414437
7/7/7/3/3/1/5/6/6 3 3,Z,-2.3333333333333333333333333334,0,BLOCK,Z,0.5887205,0.7566611
7/7/7/3/3/5/1/6/6 3 3,X,-2.5,0,BLOCK,X,1.517929,1.092632
7/7/7/3/3/5/5/4/6 3 3,Z,2,2,BLOCK,Z,1.577218,0.9306856
7/7/7/3/3/1/5/6/5 3 3,Z,-2.3333333333333333333333333334,0,BLOCK,Z,0.922232,0.8538494
7/7/7/3/3/5/1/6/5 3 3,X,-2,0,BLOCK,X,1.260095,0.8334144
7/7/7/3/3/5/5/4/5 3 3,Z,2,0,BLOCK,Z,0.2085066,0.2669033
7/7/7/3/3/1/5/6/3 3 3,Z,-2.3333333333333333333333333334,0,BLOCK,Z,0.6151471,0.7720869
7/7/7/3/3/5/1/6/3 3 3,X,-1.5,0,BLOCK,X,0.613339,0.6212351
7/7/7/3/3/5/5/4/3 3 3,Z,2,0,BLOCK,Z,0.1796312,0.356019
7/7/7/3/3/1/5/5/6 3 3,Z,-2,0,BLOCK,Z,0.5457683,0.7023489
7/7/7/3/3/5/1/5/6 3 3,X,-2.5,2,BLOCK,X,1.643102,0.9671326
7/7/7/3/3/5/5/1/6 3 3,Z,-2,0,BLOCK,Z,0.6993534,0.5238957
7/7/7/3/3/1/5/5/5 3 3,Z,-2,0,BLOCK,Z,0.7899538,0.8208191
7/7/7/3/3/5/1/5/5 3 3,X,-2,0,BLOCK,X,0.6610844,0.7639953
7/7/7/3/3/5/5/1/5 3 3,Z,-2,0,BLOCK,Z,0.2236489,0.4183769
7/7/7/3/3/1/5/5/3 3 3,Z,-2,0,BLOCK,Z,0.7880142,0.826822
7/7/7/3/3/5/1/5/3 3 3,X,-1.5,2,BLOCK,X,1.155729,0.7025861
7/7/7/3/3/5/5/1/3 3 3,Z,-2,0,BLOCK,Z,0.3302329,0.4959249
7/7/7/3/3/1/5/3/6 3 3,Z,-1.6666666666666666666666666666,0,BLOCK,Z,0.5400233,0.628729
7/7/7/3/3/5/1/3/6 3 3,X,-2.5,0,BLOCK,X,1.631577,1.003723
7/7/7/3/3/1/5/3/5 3 3,Z,-1.6666666666666666666666666666,2,BLOCK,Z,1.085655,0.680639
7/7/7/3/3/5/1/3/5 3 3,X,-2,0,BLOCK,X,0.826512,0.770523
7/7/7/3/3/1/5/3/3 3 3,Z,-1.6666666666666666666666666666,0,BLOCK,Z,0.6867878,0.6844314
7/7/7/3/3/5/1/3/3 3 3,X,-1.5,0,BLOCK,X,0.5637417,0.5902251
7/7/7/3/3/1/5/7/4 3 3,Z,-2,0,BLOCK,Z,1.066124,0.7693917
7/7/7/3/3/5/1/7/4 3 3,X,-2.5,2,BLOCK,X,1.695354,1.098849
7/7/7/3/3/1/5/7/2 3 3,Z,-2,0,BLOCK,Z,0.8265858,0.7869307
7/7/7/3/3/5/1/7/2 3 3,X,-2,0,BLOCK,X,0.4584858,0.6780565
7/7/7/3/3/1/5/7/1 3 3,Z,-2,2,BLOCK,Z,1.223976,0.9591649
7/7/7/3/3/5/1/7/1 3 3,X,-1.5,0,BLOCK,X,0.4338784,0.531226
7/7/7/3/3/1/3/2/7 3 3,Z,-2,0,BLOCK,Z,0.3128361,0.5662186
7/7/7/3/3/1/3/6/6 3 3,Z,-2.3333333333333333333333333334,0,BLOCK,Z,0.5714003,0.8324364
7/7/7/3/3/5/3/4/6 3 3,Z,2,0,BLOCK,Z,0.2409148,0.2382526
7/7/7/3/3/1/3/6/5 3 3,Z,-2.3333333333333333333333333334,2,BLOCK,Z,1.391126,0.9027274
7/7/7/3/3/5/3/4/5 3 3,Z,2,0,BLOCK,Z,0.1809329,0.1076869
7/7/7/3/3/1/3/6/3 3 3,Z,-2.3333333333333333333333333334,0,BLOCK,Z,0.5860453,0.8271168
7/7/7/3/3/5/3/4/3 3 3,Z,2,0,BLOCK,Z,0.157905,0.2179471
7/7/7/3/3/1/3/5/6 3 3,Z,-2,2,BLOCK,Z,1.110117,0.7929702
7/7/7/3/3/5/3/1/6 3 3,Z,-2,0,BLOCK,Z,1.775753,1.062357
7/7/7/3/3/1/3/5/5 3 3,Z,-2,0,BLOCK,Z,0.8312337,0.841581
7/7/7/3/3/5/3/1/5 3 3,Z,-2,0,BLOCK,Z,0.1540237,0.255144
7/7/7/3/3/1/3/5/3 3 3,Z,-2,2,BLOCK,Z,1.154954,0.8555296
7/7/7/3/3/5/3/1/3 3 3,Z,-2,0,BLOCK,Z,0.2145357,0.3617019
7/7/7/3/3/1/3/3/6 3 3,Z,-1.6666666666666666666666666666,0,BLOCK,Z,0.4623631,0.6536925
7/7/7/3/3/1/3/3/5 3 3,Z,-1.6666666666666666666666666666,0,BLOCK,Z,0.4153907,0.6462544
7/7/7/3/3/1/3/3/3 3 3,Z,-1.6666666666666666666666666666,0,BLOCK,Z,0.5482345,0.716701
7/7/7/3/3/1/3/7/4 3 3,Z,-2,0,BLOCK,Z,0.5886583,0.7799983
7/7/7/3/3/1/3/7/2 3 3,Z,-2,0,BLOCK,Z,0.7368217,0.8251915
7/7/7/3/3/1/3/7/1 3 3,Z,-2,0,BLOCK,Z,0.6566796,0.9305632
7/7/7/3/3/1/7/2/6 3 3,Z,-2,0,BLOCK,Z,1.220173,0.8379555
7/7/7/3/3/1/7/2/5 3 3,Z,-2,2,BLOCK,Z,1.272388,0.7786313
7/7/7/3/3/1/7/2/3 3 3,Z,-2,0,BLOCK,Z,0.4126762,0.5814604
7/7/7/3/3/1/7/6/4 3 3,Z,-2.3333333333333333333333333332,0,BLOCK,Z,0.5559075,0.7329897
7/7/7/3/3/5/7/4/4 3 3,Z,2,0,BLOCK,Z,0.3409901,0.3911662
7/7/7/3/3/1/7/6/2 3 3,Z,-2.3333333333333333333333333332,2,BLOCK,Z,1.463575,0.8882707
7/7/7/3/3/5/7/4/2 3 3,Z,2,0,BLOCK,Z,0.05873577,0.0999004
7/7/7/3/3/1/7/6/1 3 3,Z,-2.3333333333333333333333333332,0,BLOCK,Z,0.5788933,0.8499829
7/7/7/3/3/5/7/4/1 3 3,Z,2,0,BLOCK,Z,0.2213182,0.2546285
7/7/7/3/3/1/7/5/4 3 3,Z,-2,0,BLOCK,Z,0.6485917,0.7592543
7/7/7/3/3/5/7/1/4 3 3,Z,-2,0,BLOCK,Z,0.3227338,0.4241069
7/7/7/3/3/1/7/5/2 3 3,Z,-2,0,BLOCK,Z,0.8368311,0.823092
7/7/7/3/3/5/7/1/2 3 3,Z,-2,2,BLOCK,Z,1.629585,0.9812066
7/7/7/3/3/1/7/5/1 3 3,Z,-2,2,BLOCK,Z,1.251869,0.8371412
7/7/7/3/3/5/7/1/1 3 3,Z,-2,0,BLOCK,Z,0.1663173,0.2720542
7/7/7/3/3/1/7/3/4 3 3,Z,-1.6666666666666666666666666668,0,BLOCK,Z,0.3989871,0.6141583
7/7/7/3/3/1/7/3/2 3 3,Z,-1.6666666666666666666666666668,0,BLOCK,Z,0.4872843,0.7367166
7/7/7/3/3/1/7/3/1 3 3,Z,-1.6666666666666666666666666668,0,BLOCK,Z,0.6355873,0.7950213
7/7/7/3/3/3/2/4/7 3 3,Z,2,0,BLOCK,Z,1.555493,1.043013
7/7/7/3/3/3/2/1/7 3 3,Z,-2,0,BLOCK,Z,1.115191,0.5796281
7/7/7/3/3/3/4/2/7 3 3,X,2,2,BLOCK,X,1.296505,0.7905819
7/7/7/3/3/3/4/6/6 3 3,X,1.5,0,BLOCK,X,0.8080928,0.5160332
7/7/7/3/3/3/6/4/6 3 3,Z,2,0,BLOCK,Z,0.3069435,0.3194659
7/7/7/3/3/3/4/6/5 3 3,X,2,2,BLOCK,X,1.196012,0.7626568
7/7/7/3/3/3/6/4/5 3 3,Z,2,0,BLOCK,Z,0.3216978,0.2720523
7/7/7/3/3/3/4/6/3 3 3,X,2.5,0,BLOCK,X,1.334328,1.048142
7/7/7/3/3/3/6/4/3 3 3,Z,2,0,BLOCK,Z,0.6768236,0.6281375
7/7/7/3/3/3/4/5/6 3 3,X,1.5,0,BLOCK,X,0.5998771,0.4962801
7/7/7/3/3/3/6/1/6 3 3,Z,-2,0,BLOCK,Z,0.3746104,0.563642
7/7/7/3/3/3/4/5/5 3 3,X,2,0,BLOCK,X,0.6172273,0.4252526
7/7/7/3/3/3/6/1/5 3 3,Z,-2,0,BLOCK,Z,0.3472224,0.4631053
7/7/7/3/3/3/4/5/3 3 3,X,2.5,0,BLOCK,X,0.9498335,0.7369766
7/7/7/3/3/3/6/1/3 3 3,Z,-2,0,BLOCK,Z,1.691268,1.12503
7/7/7/3/3/3/4/3/6 3 3,X,1.5,0,BLOCK,X,0.646372,0.5331839
7/7/7/3/3/3/4/3/5 3 3,X,2,0,BLOCK,X,0.8455453,0.6928883
7/7/7/3/3/3/4/3/3 3 3,X,2.5,0,BLOCK,X,0.7705848,0.8160896
7/7/7/3/3/3/4/7/4 3 3,X,1.5,2,BLOCK,X,1.127701,0.685791
7/7/7/3/3/3/4/7/2 3 3,X,2,0,BLOCK,X,0.4947928,0.4799598
7/7/7/3/3/3/4/7/1 3 3,X,2.5,0,BLOCK,X,0.5828147,0.6905149
7/7/7/3/3/3/1/2/7 3 3,X,-2,2,BLOCK,X,1.338346,0.8483687
7/7/7/3/3/3/1/6/6 3 3,X,-2.5,0,BLOCK,X,0.8010402,0.9698915
7/7/7/3/3/3/5/4/6 3 3,Z,2,2,BLOCK,Z,1.574061,0.974057
7/7/7/3/3/3/1/6/5 3 3,X,-2,0,BLOCK,X,0.5181217,0.7164261
7/7/7/3/3/3/5/4/5 3 3,Z,2,0,BLOCK,Z,0.354708,0.3970433
7/7/7/3/3/3/1/6/3 3 3,X,-1.5,0,BLOCK,X,0.4972208,0.616966
7/7/7/3/3/3/5/4/3 3 3,Z,2,0,BLOCK,Z,1.583517,0.9824668
7/7/7/3/3/3/1/5/6 3 3,X,-2.5,0,BLOCK,X,0.7538686,0.8218411
7/7/7/3/3/3/5/1/6 3 3,Z,-2,0,BLOCK,Z,0.2912153,0.4338271
7/7/7/3/3/3/1/5/5 3 3,X,-2,0,BLOCK,X,0.5203199,0.5921478
7/7/7/3/3/3/5/1/5 3 3,Z,-2,0,BLOCK,Z,0.3818277,0.5030944
7/7/7/3/3/3/1/5/3 3 3,X,-1.5,0,BLOCK,X,0.716968,0.6235332
7/7/7/3/3/3/5/1/3 3 3,Z,-2,0,BLOCK,Z,1.742607,1.064659
7/7/7/3/3/3/1/3/6 3 3,X,-2.5,0,BLOCK,X,0.6948335,0.9629824
7/7/7/3/3/3/1/3/5 3 3,X,-2,2,BLOCK,X,1.290284,0.8183555
7/7/7/3/3/3/1/3/3 3 3,X,-1.5,0,BLOCK,X,0.4341222,0.5440087
7/7/7/3/3/3/1/7/4 3 3,X,-2.5,0,BLOCK,X,0.4265118,0.5425078
7/7/7/3/3/3/1/7/2 3 3,X,-2,0,BLOCK,X,0.470096,0.6415697
7/7/7/3/3/3/1/7/1 3 3,X,-1.5,2,BLOCK,X,1.132314,0.7565284
7/7/7/3/3/3/3/4/6 3 3,Z,2,0,BLOCK,Z,0.97416,0.7128291
7/7/7/3/3/3/3/4/5 3 3,Z,2,0,BLOCK,Z,0.2854465,0.2669983
7/7/7/3/3/3/3/4/3 3 3,Z,2,0,BLOCK,Z,0.2883626,0.2964819
7/7/7/3/3/3/3/1/6 3 3,Z,-2,0,BLOCK,Z,1.69708,1.094019
7/7/7/3/3/3/3/1/5 3 3,Z,-2,0,BLOCK,Z,0.3011311,0.398158
7/7/7/3/3/3/3/1/3 3 3,Z,-2,0,BLOCK,Z,0.2627559,0.4367603
7/7/7/3/3/3/7/4/4 3 3,Z,2,0,BLOCK,Z,0.2021561,0.2769385
7/7/7/3/3/3/7/4/2 3 3,Z,2,2,BLOCK,Z,1.639354,0.9847691
7/7/7/3/3/3/7/4/1 3 3,Z,2,2,BLOCK,Z,1.540046,0.937741
7/7/7/3/3/3/7/1/4 3 3,Z,-2,0,BLOCK,Z,0.3422824,0.4301921
7/7/7/3/3/3/7/1/2 3 3,Z,-2,0,BLOCK,Z,0.2479066,0.3602461
7/7/7/3/3/3/7/1/1 3 3,Z,-2,0,BLOCK,Z,0.3304658,0.4468388
7/7/7/3/3/7/2/4/6 3 3,Z,2,0,BLOCK,Z,1.615733,1.035758
7/7/7/3/3/7/2/4/5 3 3,Z,2,0,BLOCK,Z,1.094806,0.4272735
7/7/7/3/3/7/2/4/3 3 3,Z,2,0,BLOCK,Z,0.3378741,0.4015083
7/7/7/3/3/7/2/1/6 3 3,Z,-2,2,BLOCK,Z,1.610918,0.9750276
7/7/7/3/3/7/2/1/5 3 3,Z,-2,0,BLOCK,Z,1.584307,1.017019
7/7/7/3/3/7/2/1/3 3 3,Z,-2,2,BLOCK,Z,1.615006,0.9792318
7/7/7/3/3/7/4/2/6 3 3,X,1.3333333333333333333333333334,2,BLOCK,X,0.9975709,0.5793186
7/7/7/3/3/7/4/2/5 3 3,X,2,0,BLOCK,X,0.7536386,0.6130875
7/7/7/3/3/7/6/2/1 3 3,X,1,2,BLOCK,X,1.32489,0.9246969
7/7/7/3/3/7/4/2/3 3 3,X,2.6666666666666666666666666666,0,BLOCK,X,0.7244488,0.8888032
7/7/7/3/3/7/4/6/4 3 3,X,1.3333333333333333333333333334,2,BLOCK,X,0.9567272,0.5902702
7/7/7/3/3/7/6/4/4 3 3,Z,2,0,BLOCK,Z,0.1169761,0.2156164
7/7/7/3/3/7/4/6/2 3 3,X,2,0,BLOCK,X,0.3934628,0.5534619
7/7/7/3/3/7/6/4/2 3 3,Z,2,0,BLOCK,Z,0.3316684,0.3585622
7/7/7/3/3/7/4/6/1 3 3,X,2.6666666666666666666666666666,0,BLOCK,X,0.6409664,0.6784407
7/7/7/3/3/7/6/4/1 3 3,Z,2,0,BLOCK,Z,1.099132,0.5108215
7/7/7/3/3/7/4/5/4 3 3,X,1.3333333333333333333333333334,0,BLOCK,X,0.5046437,0.4773637
7/7/7/3/3/7/6/1/4 3 3,Z,-2,0,BLOCK,Z,0.1300195,0.1952112
7/7/7/3/3/7/4/5/2 3 3,X,2,0,BLOCK,X,0.5176581,0.6271653
7/7/7/3/3/7/6/1/2 3 3,Z,-2,2,BLOCK,Z,1.632303,0.9805685
7/7/7/3/3/7/4/5/1 3 3,X,2.6666666666666666666666666666,0,BLOCK,X,0.3963819,0.5591782
7/7/7/3/3/7/6/1/1 3 3,Z,-2,0,BLOCK,Z,1.665828,1.030355
7/7/7/3/3/7/4/3/4 3 3,X,1.3333333333333333333333333334,0,BLOCK,X,0.9017769,0.5893433
7/7/7/3/3/7/4/3/2 3 3,X,2,0,BLOCK,X,0.5688952,0.7211027
7/7/7/3/3/7/4/3/1 3 3,X,2.6666666666666666666666666666,0,BLOCK,X,0.4269024,0.5148088
7/7/7/3/3/7/1/2/6 3 3,X,-2.6666666666666666666666666666,0,BLOCK,X,0.7151712,0.9524488
7/7/7/3/3/7/1/2/5 3 3,X,-2,0,BLOCK,X,1.362162,0.8625066
7/7/7/3/3/7/1/2/3 3 3,X,-1.3333333333333333333333333334,0,BLOCK,X,1.102045,0.6792399
7/7/7/3/3/7/1/6/4 3 3,X,-2.6666666666666666666666666666,2,BLOCK,X,1.711462,1.02907
7/7/7/3/3/7/5/4/4 3 3,Z,2,0,BLOCK,Z,1.067371,0.406493
7/7/7/3/3/7/1/6/2 3 3,X,-2,2,BLOCK,X,1.585637,0.9631955
7/7/7/3/3/7/5/4/2 3 3,Z,2,0,BLOCK,Z,0.2507374,0.2212897
7/7/7/3/3/7/1/6/1 3 3,X,-1.3333333333333333333333333334,0,BLOCK,X,0.3438095,0.4227785
7/7/7/3/3/7/5/4/1 3 3,Z,2,2,BLOCK,Z,1.644973,0.9840046
7/7/7/3/3/7/1/5/4 3 3,X,-2.6666666666666666666666666666,2,BLOCK,X,1.717994,1.000307
7/7/7/3/3/7/5/1/4 3 3,Z,-2,0,BLOCK,Z,0.3239261,0.4764707
7/7/7/3/3/7/1/5/2 3 3,X,-2,0,BLOCK,X,0.6915514,0.7541773
7/7/7/3/3/7/5/1/2 3 3,Z,-2,2,BLOCK,Z,1.710021,1.021615
7/7/7/3/3/7/1/5/1 3 3,X,-1.3333333333333333333333333334,2,BLOCK,X,1.028848,0.6319989
7/7/7/3/3/7/5/1/1 3 3,Z,-2,0,BLOCK,Z,0.1973099,0.3247843
7/7/7/3/3/7/1/3/4 3 3,X,-2.6666666666666666666666666666,0,BLOCK,X,0.3381748,0.4890213
7/7/7/3/3/7/1/3/2 3 3,X,-2,0,BLOCK,X,0.5050808,0.6797071
7/7/7/3/3/7/1/3/1 3 3,X,-1.3333333333333333333333333334,0,BLOCK,X,0.4435305,0.4956462
7/7/7/3/3/7/3/2/4 3 3,X,-1,0,BLOCK,X,1.117682,0.8490415
7/7/7/3/3/7/3/4/4 3 3,Z,2,0,BLOCK,Z,1.648151,1.02506
7/7/7/3/3/7/3/4/2 3 3,Z,2,0,BLOCK,Z,0.09569093,0.1397927
7/7/7/3/3/7/3/4/1 3 3,Z,2,0,BLOCK,Z,0.3843157,0.3845873
7/7/7/3/3/7/3/1/4 3 3,Z,-2,0,BLOCK,Z,1.176749,0.4991811
7/7/7/3/3/7/3/1/2 3 3,Z,-2,0,BLOCK,Z,0.3219687,0.386372
7/7/7/3/3/7/3/1/1 3 3,Z,-2,0,BLOCK,Z,0.188101,0.2950896
7/7/7/3/7/2/2/4/7 3 3,Z,2,0,BLOCK,Z,1.549984,1.002205
7/7/7/3/7/2/2/1/7 3 3,Z,-2,0,BLOCK,Z,0.9784105,0.7091699
7/7/7/3/7/2/4/2/7 3 3,X,2,0,BLOCK,X,0.4897986,0.7338125
7/7/7/3/7/2/4/6/6 3 3,X,1.5,0,BLOCK,X,0.3818254,0.5215281
7/7/7/3/7/2/6/4/6 3 3,Z,2,0,BLOCK,Z,0.2054204,0.2153471
7/7/7/3/7/2/4/6/5 3 3,X,2,2,BLOCK,X,1.278541,0.8256105
7/7/7/3/7/2/6/4/5 3 3,Z,2,0,BLOCK,Z,1.047623,0.6526001
7/7/7/3/7/2/4/6/3 3 3,X,2.5,2,BLOCK,X,1.633198,1.103775
7/7/7/3/7/2/6/4/3 3 3,Z,2,2,BLOCK,Z,1.616862,0.9864781
7/7/7/3/7/2/4/5/6 3 3,X,1.5,0,BLOCK,X,0.4075668,0.5104747
7/7/7/3/7/2/6/1/6 3 3,Z,-2,0,BLOCK,Z,0.5604694,0.5199519
7/7/7/3/7/2/4/5/5 3 3,X,2,0,BLOCK,X,1.429026,0.8682234
7/7/7/3/7/2/6/1/5 3 3,Z,-2,0,BLOCK,Z,0.9686478,0.6717399
7/7/7/3/7/2/4/5/3 3 3,X,2.5,0,BLOCK,X,1.711044,1.016445
7/7/7/3/7/2/6/1/3 3 3,Z,-2,2,BLOCK,Z,1.621407,0.9883934
7/7/7/3/7/2/4/3/6 3 3,X,1.5,2,BLOCK,X,1.166217,0.9009484
7/7/7/3/7/2/4/3/5 3 3,X,2,0,BLOCK,X,1.080557,0.8096174
7/7/7/3/7/2/4/3/3 3 3,X,2.5,0,BLOCK,X,1.63813,1.033445
7/7/7/3/7/2/4/7/4 3 3,X,1.5,0,BLOCK,X,0.65579,0.6271896
7/7/7/3/7/2/4/7/2 3 3,X,2,0,BLOCK,X,0.3179318,0.5504098
7/7/7/3/7/2/4/7/1 3 3,X,2.5,0,BLOCK,X,0.4278403,0.6236032
7/7/6/3/7/2/5/2/7 3 3,X,0.5,302,TIMEOUT,Z,0.0204495,0.01361526
7/7/7/3/7/2/1/2/7 3 3,X,-2,0,BLOCK,X,0.411676,0.8620444
7/7/7/3/7/2/1/6/6 3 3,X,-2.5,0,BLOCK,X,0.4917088,0.8435189
7/7/7/3/7/2/5/4/6 3 3,Z,2,2,BLOCK,Z,1.589684,0.9606216
7/7/7/3/7/2/1/6/5 3 3,X,-2,2,BLOCK,X,1.2837,0.7835739
7/7/7/3/7/2/5/4/5 3 3,Z,2,0,BLOCK,Z,0.332016,0.2564566
7/7/7/3/7/2/1/6/3 3 3,X,-1.5,2,BLOCK,X,1.130821,0.6778662
7/7/7/3/7/2/5/4/3 3 3,Z,2,0,BLOCK,Z,1.641415,0.9275724
7/7/7/3/7/2/1/5/6 3 3,X,-2.5,0,BLOCK,X,1.719779,1.02581
7/7/7/3/7/2/5/1/6 3 3,Z,-2,2,BLOCK,Z,1.554463,0.9246739
7/7/7/3/7/2/1/5/5 3 3,X,-2,0,BLOCK,X,0.877185,0.6741768
7/7/7/3/7/2/5/1/5 3 3,Z,-2,2,BLOCK,Z,1.550262,0.9306275
7/7/7/3/7/2/1/5/3 3 3,X,-1.5,0,BLOCK,X,1.249139,0.7338949
7/7/7/3/7/2/5/1/3 3 3,Z,-2,2,BLOCK,Z,1.545227,0.936501
7/7/7/3/7/2/1/3/6 3 3,X,-2.5,0,BLOCK,X,0.4861861,0.8427591
7/7/7/3/7/2/1/3/5 3 3,X,-2,0,BLOCK,X,0.6290528,0.7749946
7/7/7/3/7/2/1/3/3 3 3,X,-1.5,0,BLOCK,X,0.6278865,0.6428461
7/7/7/3/7/2/1/7/4 3 3,X,-2.5,0,BLOCK,X,0.476422,0.5476127
7/7/7/3/7/2/1/7/2 3 3,X,-2,2,BLOCK,X,1.60651,0.9337512
7/7/7/3/7/2/1/7/1 3 3,X,-1.5,0,BLOCK,X,0.5186444,0.5227667
7/7/7/3/7/2/3/4/6 3 3,Z,2,2,BLOCK,Z,1.535792,0.8741769
7/7/7/3/7/2/3/4/5 3 3,Z,2,0,BLOCK,Z,0.2193406,0.1411004
7/7/7/3/7/2/3/4/3 3 3,Z,2,0,BLOCK,Z,0.7568363,0.6514046
7/7/7/3/7/2/3/1/6 3 3,Z,-2,0,BLOCK,Z,1.119809,0.6572337
7/7/7/3/7/2/3/1/5 3 3,Z,-2,0,BLOCK,Z,1.021257,0.6535344
7/7/7/3/7/2/3/1/3 3 3,Z,-2,2,BLOCK,Z,1.646596,0.9744318
7/7/7/3/7/2/7/4/4 3 3,Z,2,0,BLOCK,Z,0.350959,0.4220897
7/7/7/3/7/2/7/4/2 3 3,Z,2,2,BLOCK,Z,1.570299,0.9301448
7/7/7/3/7/2/7/4/1 3 3,Z,2,0,BLOCK,Z,0.2341351,0.2715293
7/7/7/3/7/2/7/1/4 3 3,Z,-2,0,BLOCK,Z,0.3576265,0.4306819
7/7/7/3/7/2/7/1/2 3 3,Z,-2,0,BLOCK,Z,0.2923876,0.3890358
7/7/7/3/7/2/7/1/1 3 3,Z,-2,0,BLOCK,Z,0.355068,0.427165
7/7/7/3/7/4/2/2/7 3 3,Z,2,0,BLOCK,Z,0.6679068,0.5584488
7/7/7/3/7/4/2/6/6 3 3,Z,1.6,0,BLOCK,Z,0.657952,0.5439991
7/7/7/3/7/6/2/4/6 3 3,Z,2,0,BLOCK,Z,1.630443,0.9547083
7/7/7/3/7/4/2/6/5 3 3,Z,1.6,2,BLOCK,Z,0.9374853,0.662096
7/7/7/3/7/6/2/4/5 3 3,Z,2,0,BLOCK,Z,1.466471,0.9723274
7/7/7/3/7/4/2/6/3 3 3,Z,1.6,0,BLOCK,Z,0.4546915,0.3683815
7/7/7/3/7/6/2/4/3 3 3,Z,2,0,BLOCK,Z,0.1006039,0.1040901
7/7/7/3/7/4/2/5/6 3 3,Z,2,0,BLOCK,Z,0.7461681,0.532567
7/7/7/3/7/6/2/1/6 3 3,Z,-2,0,BLOCK,Z,1.598763,1.016408
7/7/7/3/7/4/2/5/5 3 3,Z,2,0,BLOCK,Z,0.4819,0.6110079
7/7/7/3/7/6/2/1/5 3 3,Z,-2,0,BLOCK,Z,0.9262761,0.592152
7/7/7/3/7/4/2/5/3 3 3,Z,2,0,BLOCK,Z,1.121112,0.8179237
7/7/7/3/7/6/2/1/3 3 3,Z,-2,0,BLOCK,Z,0.7511607,0.6685358
7/7/7/3/7/4/2/3/6 3 3,Z,2.4,0,BLOCK,Z,0.5210164,0.4568809
7/7/7/3/7/4/2/3/5 3 3,Z,2.4,0,BLOCK,Z,0.5536455,0.4788021
7/7/7/3/7/4/2/3/3 3 3,Z,2.4,0,BLOCK,Z,0.8196983,0.6087417
7/7/7/3/7/4/2/7/4 3 3,Z,2,0,BLOCK,Z,0.6405535,0.5503863
7/7/7/3/7/4/2/7/2 3 3,Z,2,2,BLOCK,Z,1.199024,0.7516667
7/7/7/3/7/4/2/7/1 3 3,Z,2,0,BLOCK,Z,0.7583867,0.5922816
7/7/3/3/7/6/6/2/6 3 3,X,-0.6666666666666666666666666667,302,TIMEOUT,Z,0.004972834,0.004394014
7/7/7/3/7/4/6/2/6 3 3,Z,2,0,BLOCK,Z,0.2961438,0.2890103
7/7/7/3/7/6/4/2/6 3 3,X,1.3333333333333333333333333334,0,BLOCK,X,0.3665425,0.5034644
7/7/7/3/7/4/6/2/5 3 3,Z,2,0,BLOCK,Z,0.08846366,0.2841054
7/7/7/3/7/6/4/2/5 3 3,X,2,0,BLOCK,X,1.377546,0.7957341
7/7/7/3/7/6/6/2/1 3 3,X,1,2,BLOCK,X,1.311475,0.8476779
7/7/7/3/7/4/6/2/3 3 3,Z,2,0,BLOCK,Z,0.4588501,0.3719071
7/7/7/3/7/6/4/2/3 3 3,X,2.6666666666666666666666666666,0,BLOCK,X,0.611152,0.8615376
7/7/7/3/7/4/6/6/4 3 3,Z,1.6,0,BLOCK,Z,0.5222452,0.4779091
7/7/7/3/7/6/4/6/4 3 3,X,1.3333333333333333333333333334,0,BLOCK,X,0.3511036,0.3686157
7/7/7/3/7/6/6/4/4 3 3,Z,2,0,BLOCK,Z,0.3077638,0.3403139
7/7/7/3/7/4/6/6/2 3 3,Z,1.6,0,BLOCK,Z,0.3908425,0.3965307
7/7/7/3/7/6/4/6/2 3 3,X,2,0,BLOCK,X,0.5474395,0.7137349
7/7/7/3/7/6/6/4/2 3 3,Z,2,0,BLOCK,Z,0.3416805,0.3169334
7/7/7/3/7/4/6/6/1 3 3,Z,1.6,0,BLOCK,Z,0.379135,0.3514346
7/7/7/3/7/6/4/6/1 3 3,X,2.6666666666666666666666666666,2,BLOCK,X,1.684969,1.074093
7/7/7/3/7/6/6/4/1 3 3,Z,2,0,BLOCK,Z,0.9744172,0.4389555
7/7/7/3/7/4/6/5/4 3 3,Z,2,0,BLOCK,Z,0.467854,0.5455967
7/7/7/3/7/6/4/5/4 3 3,X,1.3333333333333333333333333334,0,BLOCK,X,0.2447641,0.3053488
7/7/7/3/7/6/6/1/4 3 3,Z,-2,2,BLOCK,Z,1.618582,0.9857388
7/7/7/3/7/4/6/5/2 3 3,Z,2,0,BLOCK,Z,0.6232033,0.4489418
7/7/7/3/7/6/4/5/2 3 3,X,2,0,BLOCK,X,0.6681766,0.6365979
7/7/7/3/7/6/6/1/2 3 3,Z,-2,0,BLOCK,Z,0.2537211,0.3257809
7/7/7/3/7/4/6/5/1 3 3,Z,2,0,BLOCK,Z,0.4001084,0.3147814
7/7/7/3/7/6/4/5/1 3 3,X,2.6666666666666666666666666666,0,BLOCK,X,1.804542,1.09939
7/7/7/3/7/6/6/1/1 3 3,Z,-2,2,BLOCK,Z,1.652023,1.064297
7/7/7/3/7/4/6/3/4 3 3,Z,2.4,0,BLOCK,Z,0.7186324,0.6182261
7/7/7/3/7/6/4/3/4 3 3,X,1.3333333333333333333333333334,0,BLOCK,X,1.041978,0.7320343
7/7/7/3/7/4/6/3/2 3 3,Z,2.4,0,BLOCK,Z,0.5206085,0.4853266
7/7/7/3/7/6/4/3/2 3 3,X,2,0,BLOCK,X,0.3525401,0.5380415
7/7/7/3/7/4/6/3/1 3 3,Z,2.4,0,BLOCK,Z,0.6711773,0.6983042
7/7/7/3/7/6/4/3/1 3 3,X,2.6666666666666666666666666666,0,BLOCK,X,0.03762073,0.2001298
7/7/7/3/7/4/5/2/6 3 3,Z,2,0,BLOCK,Z,0.04478206,0.2496932
7/7/7/3/7/6/1/2/6 3 3,X,-2.6666666666666666666666666666,0,BLOCK,X,0.5369541,0.8553097
7/7/7/3/7/4/5/2/5 3 3,Z,2,0,BLOCK,Z,0.2359788,0.1793479
7/7/7/3/7/6/1/2/5 3 3,X,-2,0,BLOCK,X,0.3640861,0.6294397
7/7/7/3/7/4/5/2/3 3 3,Z,2,0,BLOCK,Z,0.1649343,0.2854224
7/7/7/3/7/6/1/2/3 3 3,X,-1.3333333333333333333333333334,0,BLOCK,X,1.120133,0.7059878
7/7/7/3/7/4/5/6/4 3 3,Z,1.6,0,BLOCK,Z,1.002209,0.5978628
7/7/7/3/7/6/1/6/4 3 3,X,-2.6666666666666666666666666666,0,BLOCK,X,0.3046754,0.5426752
7/7/7/3/7/6/5/4/4 3 3,Z,2,0,BLOCK,Z,0.2893809,0.3491849
7/7/7/3/7/4/5/6/2 3 3,Z,1.6,0,BLOCK,Z,0.5026278,0.3796078
7/7/7/3/7/6/1/6/2 3 3,X,-2,0,BLOCK,X,0.09793554,0.5704727
7/7/7/3/7/6/5/4/2 3 3,Z,2,0,BLOCK,Z,1.704489,0.9954289
7/7/7/3/7/4/5/6/1 3 3,Z,1.6,0,BLOCK,Z,0.4038625,0.3983813
7/7/7/3/7/6/1/6/1 3 3,X,-1.3333333333333333333333333334,0,BLOCK,X,0.1503639,0.2876954
7/7/7/3/7/6/5/4/1 3 3,Z,2,2,BLOCK,Z,1.581328,0.9651573
7/7/7/3/7/4/5/5/4 3 3,Z,2,0,BLOCK,Z,0.531033,0.3236271
7/7/7/3/7/6/1/5/4 3 3,X,-2.6666666666666666666666666666,0,BLOCK,X,0.2889105,0.4164316
7/7/7/3/7/6/5/1/4 3 3,Z,-2,2,BLOCK,Z,1.615474,0.996145
7/7/7/3/7/4/5/5/2 3 3,Z,2,0,BLOCK,Z,0.5837081,0.5040457
7/7/7/3/7/6/1/5/2 3 3,X,-2,0,BLOCK,X,0.4944928,0.6380209
7/7/7/3/7/6/5/1/2 3 3,Z,-2,2,BLOCK,Z,1.694925,1.026144
7/7/7/3/7/4/5/5/1 3 3,Z,2,0,BLOCK,Z,1.225868,0.8159068
7/7/7/3/7/6/1/5/1 3 3,X,-1.3333333333333333333333333334,0,BLOCK,X,1.113239,0.7080825
7/7/7/3/7/6/5/1/1 3 3,Z,-2,0,BLOCK,Z,0.4229534,0.5299158
7/7/7/3/7/4/5/3/4 3 3,Z,2.4,0,BLOCK,Z,0.5402792,0.5810958
7/7/7/3/7/6/1/3/4 3 3,X,-2.6666666666666666666666666666,0,BLOCK,X,0.1046042,0.1839538
7/7/7/3/7/4/5/3/2 3 3,Z,2.4,0,BLOCK,Z,0.5493953,0.5759651
7/7/7/3/7/6/1/3/2 3 3,X,-2,0,BLOCK,X,0.3200286,0.5783315
7/7/7/3/7/4/5/3/1 3 3,Z,2.4,0,BLOCK,Z,0.592836,0.5680665
7/7/7/3/7/6/1/3/1 3 3,X,-1.3333333333333333333333333334,0,BLOCK,X,0.4955677,0.4862615
7/7/7/3/7/4/3/2/6 3 3,Z,2,0,BLOCK,Z,0.6671413,0.2955148
7/7/7/3/7/6/3/2/4 3 3,X,-1,2,BLOCK,X,1.372362,0.946319
7/7/7/3/7/4/3/2/5 3 3,Z,2,0,BLOCK,Z,0.4114274,0.3784451
7/7/7/3/7/4/3/2/3 3 3,Z,2,0,BLOCK,Z,0.5679052,0.4477923
7/7/7/3/7/4/3/6/4 3 3,Z,1.6,0,BLOCK,Z,0.5279814,0.3945971
7/7/7/3/7/6/3/4/4 3 3,Z,2,2,BLOCK,Z,1.586447,0.9117613
7/7/7/3/7/4/3/6/2 3 3,Z,1.6,0,BLOCK,Z,0.3892029,0.3992173
7/7/7/3/7/6/3/4/2 3 3,Z,2,2,BLOCK,Z,1.574035,0.9266674
7/7/7/3/7/4/3/6/1 3 3,Z,1.6,0,BLOCK,Z,0.5130432,0.511909
7/7/7/3/7/6/3/4/1 3 3,Z,2,0,BLOCK,Z,0.4146311,0.4623079
7/7/7/3/7/4/3/5/4 3 3,Z,2,2,BLOCK,Z,1.074832,0.7194161
7/7/7/3/7/6/3/1/4 3 3,Z,-2,0,BLOCK,Z,1.079318,0.49342
7/7/7/3/7/4/3/5/2 3 3,Z,2,0,BLOCK,Z,0.509101,0.4975673
7/7/7/3/7/6/3/1/2 3 3,Z,-2,0,BLOCK,Z,0.1903055,0.2721634
7/7/7/3/7/4/3/5/1 3 3,Z,2,0,BLOCK,Z,0.6325305,0.5712351
7/7/7/3/7/6/3/1/1 3 3,Z,-2,2,BLOCK,Z,1.621859,0.9856189
7/7/7/3/7/4/3/3/4 3 3,Z,2.4,0,BLOCK,Z,0.5389003,0.3998005
7/7/7/3/7/4/3/3/2 3 3,Z,2.4,0,BLOCK,Z,0.6131306,0.5538791
7/7/7/3/7/4/3/3/1 3 3,Z,2.4,0,BLOCK,Z,0.5967796,0.5579978
7/7/7/3/7/4/7/2/4 3 3,Z,2,0,BLOCK,Z,0.7039176,0.4749469
7/7/7/3/7/4/7/2/2 3 3,Z,2,2,BLOCK,Z,1.31855,0.8135907
7/7/7/3/7/4/7/2/1 3 3,Z,2,0,BLOCK,Z,0.4954754,0.3864927
7/7/7/3/7/1/2/2/7 3 3,Z,-2,0,BLOCK,Z,0.4682714,0.6850635
7/7/7/3/7/1/2/6/6 3 3,Z,-2.4,2,BLOCK,Z,1.285333,0.8015299
7/7/7/3/7/5/2/4/6 3 3,Z,2,0,BLOCK,Z,1.634776,1.048163
7/7/7/3/7/1/2/6/5 3 3,Z,-2.4,0,BLOCK,Z,0.5558555,0.7772738
7/7/7/3/7/5/2/4/5 3 3,Z,2,0,BLOCK,Z,1.669913,0.9618822
7/7/7/3/7/1/2/6/3 3 3,Z,-2.4,2,BLOCK,Z,1.317681,0.8523541
7/7/7/3/7/5/2/4/3 3 3,Z,2,0,BLOCK,Z,1.614251,0.9650121
7/7/7/3/7/1/2/5/6 3 3,Z,-2,2,BLOCK,Z,1.10243,0.8199685
7/7/7/3/7/5/2/1/6 3 3,Z,-2,0,BLOCK,Z,0.1435608,0.2334321
7/7/7/3/7/1/2/5/5 3 3,Z,-2,0,BLOCK,Z,0.6414064,0.79612
7/7/7/3/7/5/2/1/5 3 3,Z,-2,0,BLOCK,Z,1.681111,1.054702
7/7/7/3/7/1/2/5/3 3 3,Z,-2,2,BLOCK,Z,1.135548,0.7145799
7/7/7/3/7/5/2/1/3 3 3,Z,-2,0,BLOCK,Z,0.1439763,0.274171
7/7/7/3/7/1/2/3/6 3 3,Z,-1.6,0,BLOCK,Z,0.6196167,0.6440962
7/7/7/3/7/1/2/3/5 3 3,Z,-1.6,0,BLOCK,Z,0.5149108,0.6339561
7/7/7/3/7/1/2/3/3 3 3,Z,-1.6,0,BLOCK,Z,0.3388778,0.5888483
7/7/7/3/7/1/2/7/4 3 3,Z,-2,0,BLOCK,Z,0.6100946,0.8955247
7/7/7/3/7/1/2/7/2 3 3,Z,-2,2,BLOCK,Z,1.182636,0.9002993
7/7/7/3/7/1/2/7/1 3 3,Z,-2,2,BLOCK,Z,1.259806,0.8733125
7/7/7/3/7/1/6/2/6 3 3,Z,-2,0,BLOCK,Z,0.3343584,0.4506219
7/7/7/3/7/5/4/2/6 3 3,X,1.3333333333333333333333333334,0,BLOCK,X,1.119136,0.7025892
7/7/7/3/7/1/6/2/5 3 3,Z,-2,2,BLOCK,Z,1.202605,0.7551958
7/7/7/3/7/5/4/2/5 3 3,X,2,0,BLOCK,X,1.360745,0.8482915
7/7/7/3/7/5/6/2/1 3 3,X,1,0,BLOCK,X,1.063115,0.9355351
7/7/7/3/7/1/6/2/3 3 3,Z,-2,0,BLOCK,Z,0.260401,0.4221089
7/7/7/3/7/5/4/2/3 3 3,X,2.6666666666666666666666666666,0,BLOCK,X,1.010492,0.8677721
7/7/7/3/7/1/6/6/4 3 3,Z,-2.4,0,BLOCK,Z,0.5819429,0.7673791
7/7/7/3/7/5/4/6/4 3 3,X,1.3333333333333333333333333334,2,BLOCK,X,1.030693,0.6157755
7/7/7/3/7/5/6/4/4 3 3,Z,2,0,BLOCK,Z,0.3200172,0.1036386
7/7/7/3/7/1/6/6/2 3 3,Z,-2.4,0,BLOCK,Z,0.359971,0.5341418
7/7/7/3/7/5/4/6/2 3 3,X,2,0,BLOCK,X,1.472175,0.9499375
7/7/7/3/7/5/6/4/2 3 3,Z,2,0,BLOCK,Z,0.2674184,0.2890122
7/7/7/3/7/1/6/6/1 3 3,Z,-2.4,2,BLOCK,Z,1.439214,0.8918765
7/7/7/3/7/5/4/6/1 3 3,X,2.6666666666666666666666666666,0,BLOCK,X,0.4543211,0.5620946
7/7/7/3/7/5/6/4/1 3 3,Z,2,0,BLOCK,Z,1.138502,0.4302271
7/7/7/3/7/1/6/5/4 3 3,Z,-2,2,BLOCK,Z,1.20192,0.7903425
7/7/7/3/7/5/4/5/4 3 3,X,1.3333333333333333333333333334,0,BLOCK,X,0.4474492,0.5045155
7/7/7/3/7/5/6/1/4 3 3,Z,-2,0,BLOCK,Z,0.2462713,0.3516059
7/7/7/3/7/1/6/5/2 3 3,Z,-2,0,BLOCK,Z,0.5377595,0.7090761
7/7/7/3/7/5/4/5/2 3 3,X,2,0,BLOCK,X,0.50476,0.7244753
7/7/7/3/7/5/6/1/2 3 3,Z,-2,0,BLOCK,Z,0.2640808,0.3651196
7/7/7/3/7/1/6/5/1 3 3,Z,-2,2,BLOCK,Z,1.230481,0.7733615
7/7/7/3/7/5/4/5/1 3 3,X,2.6666666666666666666666666666,0,BLOCK,X,0.2956476,0.5816827
7/7/7/3/7/5/6/1/1 3 3,Z,-2,0,BLOCK,Z,1.718423,1.001992
7/7/7/3/7/1/6/3/4 3 3,Z,-1.6,0,BLOCK,Z,0.5703839,0.7006884
7/7/7/3/7/5/4/3/4 3 3,X,1.3333333333333333333333333334,0,BLOCK,X,0.3400825,0.387627
7/7/7/3/7/1/6/3/2 3 3,Z,-1.6,0,BLOCK,Z,0.4812817,0.6638828
7/7/7/3/7/5/4/3/2 3 3,X,2,0,BLOCK,X,1.631936,1.068413
7/7/7/3/7/1/6/3/1 3 3,Z,-1.6,0,BLOCK,Z,0.366463,0.5651853
7/7/7/3/7/5/4/3/1 3 3,X,2.6666666666666666666666666666,0,BLOCK,X,1.734725,1.151483
7/7/7/3/7/1/5/2/6 3 3,Z,-2,2,BLOCK,Z,1.250872,0.8158625
7/7/7/3/7/5/1/2/6 3 3,X,-2.6666666666666666666666666666,0,BLOCK,X,0.7102406,0.8833137
7/7/7/3/7/1/5/2/5 3 3,Z,-2,0,BLOCK,Z,0.5186139,0.6958728
7/7/7/3/7/5/1/2/5 3 3,X,-2,2,BLOCK,X,1.330461,0.8597546
7/7/7/3/7/1/5/2/3 3 3,Z,-2,0,BLOCK,Z,1.133162,0.801021
7/7/7/3/7/5/1/2/3 3 3,X,-1.3333333333333333333333333334,0,BLOCK,X,0.6512684,0.6128249
7/7/7/3/7/1/5/6/4 3 3,Z,-2.4,0,BLOCK,Z,0.577333,0.764762
7/7/7/3/7/5/1/6/4 3 3,X,-2.6666666666666666666666666666,2,BLOCK,X,1.705367,1.104023
7/7/7/3/7/5/5/4/4 3 3,Z,2,0,BLOCK,Z,0.2947549,0.3711323
7/7/7/3/7/1/5/6/2 3 3,Z,-2.4,0,BLOCK,Z,0.7888024,0.9186919
7/7/7/3/7/5/1/6/2 3 3,X,-2,0,BLOCK,X,0.4286003,0.6430573
7/7/7/3/7/5/5/4/2 3 3,Z,2,0,BLOCK,Z,1.746921,1.039303
7/7/7/3/7/1/5/6/1 3 3,Z,-2.4,2,BLOCK,Z,1.436018,0.9164917
7/7/7/3/7/5/1/6/1 3 3,X,-1.3333333333333333333333333334,0,BLOCK,X,0.7278051,0.4782607
7/7/7/3/7/5/5/4/1 3 3,Z,2,0,BLOCK,Z,0.3586149,0.3835163
7/7/7/3/7/1/5/5/4 3 3,Z,-2,2,BLOCK,Z,1.233452,0.7878273
7/7/7/3/7/5/1/5/4 3 3,X,-2.6666666666666666666666666666,0,BLOCK,X,0.3396085,0.4722063
7/7/7/3/7/5/5/1/4 3 3,Z,-2,2,BLOCK,Z,1.634337,0.9922069
7/7/7/3/7/1/5/5/2 3 3,Z,-2,0,BLOCK,Z,0.8032508,0.8157524
7/7/7/3/7/5/1/5/2 3 3,X,-2,2,BLOCK,X,1.60253,0.9560155
7/7/7/3/7/5/5/1/2 3 3,Z,-2,0,BLOCK,Z,1.72276,1.025625
7/7/7/3/7/1/5/5/1 3 3,Z,-2,0,BLOCK,Z,0.5527288,0.7148198
7/7/7/3/7/5/1/5/1 3 3,X,-1.3333333333333333333333333334,2,BLOCK,X,1.055205,0.6575269
7/7/7/3/7/5/5/1/1 3 3,Z,-2,0,BLOCK,Z,0.3723153,0.4678338
7/7/7/3/7/1/5/3/4 3 3,Z,-1.6,0,BLOCK,Z,0.413796,0.5596926
7/7/7/3/7/5/1/3/4 3 3,X,-2.6666666666666666666666666666,2,BLOCK,X,1.730251,1.111324
7/7/7/3/7/1/5/3/2 3 3,Z,-1.6,0,BLOCK,Z,0.6131425,0.7173863
7/7/7/3/7/5/1/3/2 3 3,X,-2,0,BLOCK,X,0.5329324,0.6050668
7/7/7/3/7/1/5/3/1 3 3,Z,-1.6,0,BLOCK,Z,0.6020749,0.6708594
7/7/7/3/7/5/1/3/1 3 3,X,-1.3333333333333333333333333334,0,BLOCK,X,0.4251468,0.4613439
7/7/7/3/7/1/3/2/6 3 3,Z,-2,0,BLOCK,Z,0.6664273,0.6751087
7/7/7/3/7/5/3/2/4 3 3,X,-1,0,BLOCK,X,1.401158,0.7946526
7/7/7/3/7/1/3/2/5 3 3,Z,-2,2,BLOCK,Z,1.169259,0.780604
7/7/7/3/7/1/3/2/3 3 3,Z,-2,2,BLOCK,Z,1.202212,0.7531892
7/7/7/3/7/1/3/6/4 3 3,Z,-2.4,0,BLOCK,Z,0.7736538,0.9059495
7/7/7/3/7/5/3/4/4 3 3,Z,2,2,BLOCK,Z,1.68699,1.009098
7/7/7/3/7/1/3/6/2 3 3,Z,-2.4,0,BLOCK,Z,0.6105475,0.8595741
7/7/7/3/7/5/3/4/2 3 3,Z,2,0,BLOCK,Z,0.26896,0.3123336
7/7/7/3/7/1/3/6/1 3 3,Z,-2.4,2,BLOCK,Z,1.426907,0.9038815
7/7/7/3/7/5/3/4/1 3 3,Z,2,2,BLOCK,Z,1.561358,0.9332963
7/7/7/3/7/1/3/5/4 3 3,Z,-2,0,BLOCK,Z,0.7146112,0.8269259
7/7/7/3/7/5/3/1/4 3 3,Z,-2,0,BLOCK,Z,1.162654,0.5491789
7/7/7/3/7/1/3/5/2 3 3,Z,-2,2,BLOCK,Z,1.218163,0.8047611
7/7/7/3/7/5/3/1/2 3 3,Z,-2,0,BLOCK,Z,0.4087592,0.4771159
7/7/7/3/7/1/3/5/1 3 3,Z,-2,0,BLOCK,Z,0.6521574,0.8212866
7/7/7/3/7/5/3/1/1 3 3,Z,-2,0,BLOCK,Z,0.2174382,0.3269376
7/7/7/3/7/1/3/3/4 3 3,Z,-1.6,0,BLOCK,Z,0.2431469,0.3677271
7/7/7/3/7/1/3/3/2 3 3,Z,-1.6,0,BLOCK,Z,0.7175694,0.7149736
7/7/7/3/7/1/3/3/1 3 3,Z,-1.6,0,BLOCK,Z,0.570606,0.6348816
7/7/7/3/7/1/7/2/4 3 3,Z,-2,2,BLOCK,Z,1.45701,0.9023486
7/7/7/3/7/1/7/2/2 3 3,Z,-2,0,BLOCK,Z,0.4313821,0.6630223
7/7/7/3/7/1/7/2/1 3 3,Z,-2,0,BLOCK,Z,0.2871814,0.4070958
7/7/7/3/7/3/2/4/6 3 3,Z,2,0,BLOCK,Z,1.546897,0.9758813
7/7/7/3/7/3/2/4/5 3 3,Z,2,0,BLOCK,Z,1.506514,0.9850582
7/7/7/3/7/3/2/4/3 3 3,Z,2,0,BLOCK,Z,1.619861,0.933494
7/7/7/3/7/3/2/1/6 3 3,Z,-2,0,BLOCK,Z,0.2046063,0.3085744
7/7/7/3/7/3/2/1/5 3 3,Z,-2,0,BLOCK,Z,1.73689,1.05435
7/7/7/3/7/3/2/1/3 3 3,Z,-2,2,BLOCK,Z,1.681673,1.073247
7/7/7/3/7/3/4/2/6 3 3,X,1.3333333333333333333333333334,0,BLOCK,X,0.2648281,0.4298527
7/7/7/3/7/3/4/2/5 3 3,X,2,0,BLOCK,X,0.5395965,0.6866782
7/7/7/3/7/3/6/2/1 3 3,X,1,2,BLOCK,X,1.327991,0.9425248
7/7/7/3/7/3/4/2/3 3 3,X,2.6666666666666666666666666666,0,BLOCK,X,0.4189624,0.7442535
7/7/7/3/7/3/4/6/4 3 3,X,1.3333333333333333333333333334,0,BLOCK,X,0.1141559,0.1500588
7/7/7/3/7/3/6/4/4 3 3,Z,2,0,BLOCK,Z,0.2545275,0.2910521
7/7/7/3/7/3/4/6/2 3 3,X,2,0,BLOCK,X,0.1976242,0.4532299
7/7/7/3/7/3/6/4/2 3 3,Z,2,0,BLOCK,Z,0.4426158,0.4649298
7/7/7/3/7/3/4/6/1 3 3,X,2.6666666666666666666666666666,2,BLOCK,X,1.711449,1.035328
7/7/7/3/7/3/6/4/1 3 3,Z,2,0,BLOCK,Z,1.578799,1.125351
7/7/7/3/7/3/4/5/4 3 3,X,1.3333333333333333333333333334,2,BLOCK,X,1.062669,0.6099793
7/7/7/3/7/3/6/1/4 3 3,Z,-2,0,BLOCK,Z,0.3304941,0.4413931
7/7/7/3/7/3/4/5/2 3 3,X,2,0,BLOCK,X,0.456091,0.6109213
7/7/7/3/7/3/6/1/2 3 3,Z,-2,0,BLOCK,Z,0.2875957,0.4067612
7/7/7/3/7/3/4/5/1 3 3,X,2.6666666666666666666666666666,0,BLOCK,X,0.185752,0.2959519
7/7/7/3/7/3/6/1/1 3 3,Z,-2,0,BLOCK,Z,1.745993,1.041847
7/7/7/3/7/3/4/3/4 3 3,X,1.3333333333333333333333333334,0,BLOCK,X,0.2623129,0.3281754
7/7/7/3/7/3/4/3/2 3 3,X,2,0,BLOCK,X,0.2591182,0.5368435
7/7/7/3/7/3/4/3/1 3 3,X,2.6666666666666666666666666666,0,BLOCK,X,0.378626,0.5548106
7/7/7/3/7/3/1/2/6 3 3,X,-2.6666666666666666666666666666,0,BLOCK,X,0.472677,0.8110367
7/7/7/3/7/3/1/2/5 3 3,X,-2,0,BLOCK,X,0.3454426,0.5822051
7/7/7/3/7/3/1/2/3 3 3,X,-1.3333333333333333333333333334,0,BLOCK,X,0.4909484,0.5609974
7/7/7/3/7/3/1/6/4 3 3,X,-2.6666666666666666666666666666,0,BLOCK,X,0.06311394,0.1702383
7/7/7/3/7/3/5/4/4 3 3,Z,2,0,BLOCK,Z,0.2940634,0.2963989
7/7/7/3/7/3/1/6/2 3 3,X,-2,2,BLOCK,X,1.590476,0.9337007
7/7/7/3/7/3/5/4/2 3 3,Z,2,0,BLOCK,Z,1.649622,0.9882735
7/7/7/3/7/3/1/6/1 3 3,X,-1.3333333333333333333333333334,0,BLOCK,X,1.107068,0.6815706
7/7/7/3/7/3/5/4/1 3 3,Z,2,0,BLOCK,Z,0.3408088,0.3748663
7/7/7/3/7/3/1/5/4 3 3,X,-2.6666666666666666666666666666,0,BLOCK,X,1.734444,1.140745
7/7/7/3/7/3/5/1/4 3 3,Z,-2,0,BLOCK,Z,0.3255349,0.4382645
7/7/7/3/7/3/1/5/2 3 3,X,-2,0,BLOCK,X,0.5309973,0.709919
7/7/7/3/7/3/5/1/2 3 3,Z,-2,2,BLOCK,Z,1.729331,1.030375
7/7/7/3/7/3/1/5/1 3 3,X,-1.3333333333333333333333333334,0,BLOCK,X,0.06629992,0.1695253
7/7/7/3/7/3/5/1/1 3 3,Z,-2,2,BLOCK,Z,1.631939,0.9959075
7/7/7/3/7/3/1/3/4 3 3,X,-2.6666666666666666666666666666,0,BLOCK,X,0.2971863,0.5080444
7/7/7/3/7/3/1/3/2 3 3,X,-2,0,BLOCK,X,0.4260826,0.591067
7/7/7/3/7/3/1/3/1 3 3,X,-1.3333333333333333333333333334,0,BLOCK,X,0.2246659,0.3430609
7/7/7/3/7/3/3/2/4 3 3,X,-1,0,BLOCK,X,0.8834046,0.9438468
7/7/7/3/7/3/3/4/4 3 3,Z,2,0,BLOCK,Z,1.574154,0.9882884
7/7/7/3/7/3/3/4/2 3 3,Z,2,0,BLOCK,Z,0.2666284,0.2798657
7/7/7/3/7/3/3/4/1 3 3,Z,2,0,BLOCK,Z,0.277616,0.2857204
7/7/7/3/7/3/3/1/4 3 3,Z,-2,0,BLOCK,Z,1.175505,0.5571349
7/7/7/3/7/3/3/1/2 3 3,Z,-2,0,BLOCK,Z,0.2984746,0.4088131
7/7/7/3/7/3/3/1/1 3 3,Z,-2,0,BLOCK,Z,0.3484383,0.4765599
7/7/7/3/7/7/2/2/4 3 3,X,-1,2,BLOCK,X,1.359298,0.9594775
7/7/7/3/7/7/2/2/1 3 3,X,1,2,BLOCK,X,1.327565,0.9363468
7/7/7/3/7/7/2/4/4 3 3,Z,2,2,BLOCK,Z,1.748904,1.02957
7/7/7/3/7/7/2/4/2 3 3,Z,2,0,BLOCK,Z,0.08014295,0.1949418
7/7/7/3/7/7/2/4/1 3 3,Z,2,0,BLOCK,Z,1.13497,0.5145
7/7/7/3/7/7/2/1/4 3 3,Z,-2,0,BLOCK,Z,1.725783,1.032481
7/7/7/3/7/7/2/1/2 3 3,Z,-2,0,BLOCK,Z,0.2342462,0.3435148
7/7/7/3/7/7/2/1/1 3 3,Z,-2,0,BLOCK,Z,1.160328,0.5665413
7/7/7/3/7/7/4/2/4 3 3,X,1,0,BLOCK,X,0.2846307,0.2576311
7/7/7/3/7/7/4/2/2 3 3,X,2,0,BLOCK,X,0.3038287,0.5403638
7/7/7/3/7/7/1/2/4 3 3,X,-3,2,BLOCK,X,1.736403,1.030837
7/7/7/3/7/7/1/2/2 3 3,X,-2,0,BLOCK,X,0.4530082,0.5824325
7/7/7/3/7/7/4/2/1 3 3,X,3,0,BLOCK,X,0.388434,0.4637367
7/7/7/3/7/7/1/2/1 3 3,X,-1,0,BLOCK,X,0.3279698,0.2735163
6/7/7/7/2/2/6/6/7 3 3,X,0.5,302,TIMEOUT,Z,0.1003485,0.07293577
7/7/7/7/2/2/4/6/7 3 3,X,2,0,BLOCK,X,0.6022297,0.6083285
7/7/7/7/2/2/6/4/7 3 3,Z,2,0,BLOCK,Z,0.9402191,0.7889473
7/7/7/7/2/2/6/6/3 3 3,X,0.75,302,TIMEOUT,Z,0.005693012,0.003443075
7/7/7/7/2/2/4/5/7 3 3,X,2,0,BLOCK,X,1.381912,0.9851674
7/7/7/7/2/2/6/1/7 3 3,Z,-2,0,BLOCK,Z,1.660979,0.9992515
7/7/7/7/2/2/4/3/7 3 3,X,2,2,BLOCK,X,1.358042,0.99003
7/7/7/7/2/2/4/7/6 3 3,X,1.6,2,BLOCK,X,1.248092,0.8177241
7/7/7/7/2/2/4/7/5 3 3,X,2,2,BLOCK,X,1.298317,0.8288881
7/7/7/7/2/2/4/7/3 3 3,X,2.4,2,BLOCK,X,1.480924,1.034893
7/7/7/7/2/2/1/6/7 3 3,X,-2,2,BLOCK,X,1.358357,0.8941394
7/7/7/7/2/2/5/4/7 3 3,Z,2,0,BLOCK,Z,1.056232,0.5983492
7/7/7/7/2/2/5/6/6 3 3,Z,0.5,302,TIMEOUT,Z,0.005922944,0.003390001
7/7/7/7/2/2/1/5/7 3 3,X,-2,0,BLOCK,X,1.393379,1.019085
7/7/7/7/2/2/5/1/7 3 3,Z,-2,0,BLOCK,Z,1.482223,1.01035
7/7/7/7/2/2/1/3/7 3 3,X,-2,0,BLOCK,X,1.282393,1.029682
7/7/7/7/2/2/1/7/6 3 3,X,-2.4,0,BLOCK,X,1.525186,1.108328
7/7/7/7/2/2/1/7/5 3 3,X,-2,0,BLOCK,X,0.457566,0.4818117
7/7/7/7/2/2/1/7/3 3 3,X,-1.6,2,BLOCK,X,1.274807,0.8804132
7/6/7/7/2/2/3/6/7 3 3,X,-0.5,302,TIMEOUT,Z,0.01309221,0.006780919
7/5/7/7/2/2/3/6/7 3 3,X,-0.5,302,TIMEOUT,Z,0.01419997,0.006391153
7/7/7/7/2/2/3/4/7 3 3,Z,2,0,BLOCK,Z,0.9520624,0.6315357
7/7/7/7/2/2/3/1/7 3 3,Z,-2,0,BLOCK,Z,0.27975,0.3498996
7/7/6/7/2/2/7/6/6 3 3,Z,0.5,302,TIMEOUT,Z,0.01040779,0.007008901
7/7/7/3/2/2/7/6/6 3 3,Z,-0.6111111111111111111111111111,302,TIMEOUT,Z,0.04890638,0.01554144
7/7/7/7/2/2/7/4/6 3 3,Z,2,0,BLOCK,Z,0.5488098,0.5649065
7/7/7/6/2/2/7/6/3 3 3,Z,0.5,302,TIMEOUT,Z,0.01261357,0.005817327
7/7/7/7/2/2/7/4/3 3 3,Z,2,0,BLOCK,Z,0.353298,0.4504524
7/7/7/7/2/2/7/1/6 3 3,Z,-2,0,BLOCK,Z,0.3989354,0.5346704
7/7/7/7/2/2/7/4/5 3 3,Z,2,0,BLOCK,Z,0.4354913,0.4808559
7/7/7/7/2/2/7/1/5 3 3,Z,-2,2,BLOCK,Z,1.555457,0.9375548
7/7/7/7/2/2/7/1/3 3 3,Z,-2,0,BLOCK,Z,0.4772198,0.5681335
7/7/7/7/2/4/2/6/7 3 3,Z,1.6666666666666666666666666666,0,BLOCK,Z,0.5494702,0.6222479
7/7/7/7/2/2/2/6/7 3 3,Z,0.5,302,TIMEOUT,Z,0.003530793,0.002534888
7/7/7/7/2/6/2/4/7 3 3,Z,2,0,BLOCK,Z,1.68177,1.053408
7/7/7/7/2/4/2/5/7 3 3,Z,2,0,BLOCK,Z,0.8421396,0.8455177
7/7/7/7/2/6/2/1/7 3 3,Z,-2,0,BLOCK,Z,1.564764,0.9772996
7/7/7/7/2/4/2/3/7 3 3,Z,2.3333333333333333333333333334,2,BLOCK,Z,1.24688,0.7750472
7/7/7/7/2/4/2/7/6 3 3,Z,2,0,BLOCK,Z,0.5869858,0.9317683
7/7/7/7/2/4/2/7/5 3 3,Z,2,0,BLOCK,Z,0.6170445,0.8076723
7/7/7/7/2/4/2/7/3 3 3,Z,2,0,BLOCK,Z,0.5618224,0.8501116
7/7/7/7/2/4/6/2/7 3 3,Z,2,0,BLOCK,Z,1.157659,0.8847768
7/7/7/7/2/6/4/2/7 3 3,X,2,0,BLOCK,X,0.6937098,0.6674054
7/7/7/7/2/4/6/6/6 3 3,Z,1.6666666666666666666666666666,0,BLOCK,Z,0.4929695,0.551948
7/7/7/7/2/6/4/6/6 3 3,X,1.5,0,BLOCK,X,0.4317292,0.4022077
7/7/7/7/2/6/6/4/6 3 3,Z,2,2,BLOCK,Z,1.611615,1.068779
7/7/7/7/2/4/6/6/5 3 3,Z,1.6666666666666666666666666666,0,BLOCK,Z,0.4326566,0.648277
7/7/7/7/2/6/4/6/5 3 3,X,2,2,BLOCK,X,1.241084,0.7871069
7/7/7/7/2/6/6/4/5 3 3,Z,2,0,BLOCK,Z,0.3213162,0.4086352
7/7/7/7/2/4/6/6/3 3 3,Z,1.6666666666666666666666666666,0,BLOCK,Z,0.5481161,0.6128538
7/7/7/7/2/6/4/6/3 3 3,X,2.5,0,BLOCK,X,0.6604633,0.7784159
7/7/7/7/2/6/6/4/3 3 3,Z,2,0,BLOCK,Z,1.696342,1.061856
7/7/7/7/2/4/6/5/6 3 3,Z,2,2,BLOCK,Z,1.099249,0.7998229
7/7/7/7/2/6/4/5/6 3 3,X,1.5,0,BLOCK,X,1.045191,0.7283509
7/7/7/7/2/6/6/1/6 3 3,Z,-2,0,BLOCK,Z,0.5633712,0.5689873
7/7/7/7/2/4/6/5/5 3 3,Z,2,0,BLOCK,Z,0.7577882,0.7902929
7/7/7/7/2/6/4/5/5 3 3,X,2,0,BLOCK,X,0.7051297,0.4857611
7/7/7/7/2/6/6/1/5 3 3,Z,-2,0,BLOCK,Z,1.564144,0.978554
7/7/7/7/2/4/6/5/3 3 3,Z,2,0,BLOCK,Z,0.5276319,0.6872671
7/7/7/7/2/6/4/5/3 3 3,X,2.5,0,BLOCK,X,0.8766866,0.7122197
7/7/7/7/2/6/6/1/3 3 3,Z,-2,0,BLOCK,Z,0.4442188,0.5063764
7/7/7/7/2/4/6/3/6 3 3,Z,2.3333333333333333333333333334,0,BLOCK,Z,1.357958,0.9472698
7/7/7/7/2/6/4/3/6 3 3,X,1.5,0,BLOCK,X,1.072454,0.8093147
7/7/7/7/2/4/6/3/5 3 3,Z,2.3333333333333333333333333334,0,BLOCK,Z,0.5092353,0.7340958
7/7/7/7/2/6/4/3/5 3 3,X,2,0,BLOCK,X,0.688472,0.5584408
7/7/7/7/2/4/6/3/3 3 3,Z,2.3333333333333333333333333334,0,BLOCK,Z,0.708257,0.7015953
7/7/7/7/2/6/4/3/3 3 3,X,2.5,0,BLOCK,X,1.491635,1.066013
7/7/7/7/2/4/6/7/4 3 3,Z,2,0,BLOCK,Z,0.8814867,0.9768544
7/7/7/7/2/6/4/7/4 3 3,X,1.5,2,BLOCK,X,1.086511,0.6731467
7/7/7/7/2/4/6/7/2 3 3,Z,2,2,BLOCK,Z,1.200297,0.8658546
7/7/7/7/2/6/4/7/2 3 3,X,2,0,BLOCK,X,0.5345896,0.6389963
7/7/7/7/2/4/6/7/1 3 3,Z,2,2,BLOCK,Z,1.174152,0.8656363
7/7/7/7/2/6/4/7/1 3 3,X,2.5,0,BLOCK,X,0.4511566,0.3797539
7/7/7/7/2/4/5/2/7 3 3,Z,2,0,BLOCK,Z,0.5371467,0.8230344
7/7/7/7/2/6/1/2/7 3 3,X,-2,0,BLOCK,X,0.5674472,0.6111882
7/7/7/7/2/4/5/6/6 3 3,Z,1.6666666666666666666666666666,0,BLOCK,Z,0.5595294,0.6473079
7/7/7/7/2/6/1/6/6 3 3,X,-2.5,2,BLOCK,X,1.56909,0.8987245
7/7/7/7/2/6/5/4/6 3 3,Z,2,0,BLOCK,Z,0.2757369,0.3975822
7/7/7/7/2/4/5/6/5 3 3,Z,1.6666666666666666666666666666,0,BLOCK,Z,0.6410242,0.7097543
7/7/7/7/2/6/1/6/5 3 3,X,-2,0,BLOCK,X,0.6673083,0.5567639
7/7/7/7/2/6/5/4/5 3 3,Z,2,0,BLOCK,Z,0.4363182,0.5662183
7/7/7/7/2/4/5/6/3 3 3,Z,1.6666666666666666666666666666,2,BLOCK,Z,1.01852,0.6783037
7/7/7/7/2/6/1/6/3 3 3,X,-1.5,0,BLOCK,X,0.5964234,0.4979964
7/7/7/7/2/6/5/4/3 3 3,Z,2,0,BLOCK,Z,0.2641446,0.377622
7/7/7/7/2/4/5/5/6 3 3,Z,2,2,BLOCK,Z,1.101441,0.8140152
7/7/7/7/2/6/1/5/6 3 3,X,-2.5,0,BLOCK,X,1.513207,0.9930201
7/7/7/7/2/6/5/1/6 3 3,Z,-2,0,BLOCK,Z,1.606853,1.018689
7/7/7/7/2/4/5/5/5 3 3,Z,2,0,BLOCK,Z,1.188621,0.8451754
7/7/7/7/2/6/1/5/5 3 3,X,-2,0,BLOCK,X,0.6020636,0.5596677
7/7/7/7/2/6/5/1/5 3 3,Z,-2,0,BLOCK,Z,0.4599205,0.5032971
7/7/7/7/2/4/5/5/3 3 3,Z,2,0,BLOCK,Z,1.144229,0.793769
7/7/7/7/2/6/1/5/3 3 3,X,-1.5,0,BLOCK,X,0.4126754,0.3938068
7/7/7/7/2/6/5/1/3 3 3,Z,-2,2,BLOCK,Z,1.558487,0.9127735
7/7/7/7/2/4/5/3/6 3 3,Z,2.3333333333333333333333333334,0,BLOCK,Z,0.6262496,0.8154321
7/7/7/7/2/6/1/3/6 3 3,X,-2.5,0,BLOCK,X,1.341374,1.042355
7/7/7/7/2/4/5/3/5 3 3,Z,2.3333333333333333333333333334,0,BLOCK,Z,0.8375971,0.7278432
7/7/7/7/2/6/1/3/5 3 3,X,-2,0,BLOCK,X,1.184082,0.8902348
7/7/7/7/2/4/5/3/3 3 3,Z,2.3333333333333333333333333334,0,BLOCK,Z,0.8699622,0.80774
7/7/7/7/2/6/1/3/3 3 3,X,-1.5,2,BLOCK,X,1.115005,0.7271395
7/7/7/7/2/4/5/7/4 3 3,Z,2,0,BLOCK,Z,0.7672703,0.8406933
7/7/7/7/2/6/1/7/4 3 3,X,-2.5,0,BLOCK,X,0.4694653,0.5476764
7/7/7/7/2/4/5/7/2 3 3,Z,2,0,BLOCK,Z,1.282954,0.8390419
7/7/7/7/2/6/1/7/2 3 3,X,-2,0,BLOCK,X,1.50408,0.9807791
7/7/7/7/2/4/5/7/1 3 3,Z,2,0,BLOCK,Z,0.6217161,0.650861
7/7/7/7/2/6/1/7/1 3 3,X,-1.5,2,BLOCK,X,1.135645,0.6596123
7/7/7/7/2/4/3/2/7 3 3,Z,2,0,BLOCK,Z,0.3983907,0.4958572
7/7/7/7/2/4/3/6/6 3 3,Z,1.6666666666666666666666666666,0,BLOCK,Z,0.5191695,0.6503109
7/7/7/7/2/6/3/4/6 3 3,Z,2,2,BLOCK,Z,1.728791,1.075633
7/7/7/7/2/4/3/6/5 3 3,Z,1.6666666666666666666666666666,0,BLOCK,Z,0.5703826,0.7202799
7/7/7/7/2/6/3/4/5 3 3,Z,2,0,BLOCK,Z,0.9636804,0.5536338
7/7/7/7/2/4/3/6/3 3 3,Z,1.6666666666666666666666666666,0,BLOCK,Z,0.2826844,0.6055109
7/7/7/7/2/6/3/4/3 3 3,Z,2,0,BLOCK,Z,0.5035461,0.6773042
7/7/7/7/2/4/3/5/6 3 3,Z,2,2,BLOCK,Z,1.139043,0.7879739
7/7/7/7/2/6/3/1/6 3 3,Z,-2,0,BLOCK,Z,0.3699928,0.3237026
7/7/7/7/2/4/3/5/5 3 3,Z,2,0,BLOCK,Z,0.8506136,0.7653317
7/7/7/7/2/6/3/1/5 3 3,Z,-2,0,BLOCK,Z,1.591748,0.9912724
7/7/7/7/2/4/3/5/3 3 3,Z,2,2,BLOCK,Z,1.119071,0.782547
7/7/7/7/2/6/3/1/3 3 3,Z,-2,0,BLOCK,Z,0.4963562,0.4301405
7/7/7/7/2/4/3/3/6 3 3,Z,2.3333333333333333333333333334,0,BLOCK,Z,0.6297716,0.7937389
7/7/7/7/2/4/3/3/5 3 3,Z,2.3333333333333333333333333334,0,BLOCK,Z,0.7827004,0.8414501
7/7/7/7/2/4/3/3/3 3 3,Z,2.3333333333333333333333333334,0,BLOCK,Z,0.6713225,0.8218411
7/7/7/7/2/4/3/7/4 3 3,Z,2,0,BLOCK,Z,0.6608885,0.6926956
7/7/7/7/2/4/3/7/2 3 3,Z,2,0,BLOCK,Z,0.8161508,0.8564281
7/7/7/7/2/4/3/7/1 3 3,Z,2,0,BLOCK,Z,0.8339903,0.8438305
7/7/7/7/2/4/7/2/6 3 3,Z,2,2,BLOCK,Z,1.216445,0.7603069
7/7/7/7/2/4/7/2/5 3 3,Z,2,2,BLOCK,Z,1.220836,0.7424485
7/7/7/7/2/4/7/2/3 3 3,Z,2,2,BLOCK,Z,1.33726,0.8980252
7/7/7/7/2/4/7/6/4 3 3,Z,1.6666666666666666666666666668,0,BLOCK,Z,0.6351317,0.7475486
7/7/7/7/2/6/7/4/4 3 3,Z,2,0,BLOCK,Z,0.3008847,0.4661547
7/7/7/7/2/4/7/6/2 3 3,Z,1.6666666666666666666666666668,0,BLOCK,Z,1.206167,0.7787169
7/7/7/7/2/6/7/4/2 3 3,Z,2,0,BLOCK,Z,0.2393534,0.3728833
7/7/7/7/2/4/7/6/1 3 3,Z,1.6666666666666666666666666668,2,BLOCK,Z,1.150419,0.7072189
7/7/7/7/2/6/7/4/1 3 3,Z,2,2,BLOCK,Z,1.625905,0.9943185
7/7/7/7/2/4/7/5/4 3 3,Z,2,0,BLOCK,Z,0.6258717,0.7595125
7/7/7/7/2/6/7/1/4 3 3,Z,-2,0,BLOCK,Z,0.2522232,0.3233892
7/7/7/7/2/4/7/5/2 3 3,Z,2,0,BLOCK,Z,1.104445,0.8149555
7/7/7/7/2/6/7/1/2 3 3,Z,-2,0,BLOCK,Z,0.1116643,0.1262117
7/7/7/7/2/4/7/5/1 3 3,Z,2,2,BLOCK,Z,1.20891,0.824457
7/7/7/7/2/6/7/1/1 3 3,Z,-2,0,BLOCK,Z,0.1599886,0.2817912
7/7/7/7/2/4/7/3/4 3 3,Z,2.3333333333333333333333333332,2,BLOCK,Z,1.5573,0.9480085
7/7/7/7/2/4/7/3/2 3 3,Z,2.3333333333333333333333333332,0,BLOCK,Z,1.412772,1.038307
7/7/7/7/2/4/7/3/1 3 3,Z,2.3333333333333333333333333332,2,BLOCK,Z,1.468646,1.007902
7/7/7/7/2/1/2/6/7 3 3,Z,-2.3333333333333333333333333334,0,BLOCK,Z,0.5409163,0.7194993
7/7/7/7/2/5/2/4/7 3 3,Z,2,0,BLOCK,Z,1.675217,1.094448
7/7/7/7/2/1/2/5/7 3 3,Z,-2,0,BLOCK,Z,0.8201549,0.8560855
7/7/7/7/2/5/2/1/7 3 3,Z,-2,2,BLOCK,Z,1.630221,1.030726
7/7/7/7/2/1/2/3/7 3 3,Z,-1.6666666666666666666666666666,0,BLOCK,Z,0.4531595,0.5472311
7/7/7/7/2/1/2/7/6 3 3,Z,-2,0,BLOCK,Z,0.5302927,0.8694047
7/7/7/7/2/1/2/7/5 3 3,Z,-2,0,BLOCK,Z,0.800793,0.8117504
7/7/7/7/2/1/2/7/3 3 3,Z,-2,0,BLOCK,Z,0.7577474,0.8945716
7/7/7/7/2/1/6/2/7 3 3,Z,-2,0,BLOCK,Z,0.5606433,0.5504863
7/7/7/7/2/5/4/2/7 3 3,X,2,0,BLOCK,X,0.493326,0.5177517
7/7/7/7/2/1/6/6/6 3 3,Z,-2.3333333333333333333333333334,0,BLOCK,Z,0.7713761,0.8407575
7/7/7/7/2/5/4/6/6 3 3,X,1.5,0,BLOCK,X,0.6462024,0.5200185
7/7/7/7/2/5/6/4/6 3 3,Z,2,0,BLOCK,Z,0.3206459,0.5206487
7/7/7/7/2/1/6/6/5 3 3,Z,-2.3333333333333333333333333334,0,BLOCK,Z,0.7298827,0.787751
7/7/7/7/2/5/4/6/5 3 3,X,2,0,BLOCK,X,0.5006248,0.4790745
7/7/7/7/2/5/6/4/5 3 3,Z,2,0,BLOCK,Z,1.701181,1.08431
7/7/7/7/2/1/6/6/3 3 3,Z,-2.3333333333333333333333333334,0,BLOCK,Z,0.6025786,0.584749
7/7/7/7/2/5/4/6/3 3 3,X,2.5,0,BLOCK,X,0.8300861,0.7143618
7/7/7/7/2/5/6/4/3 3 3,Z,2,0,BLOCK,Z,1.673824,1.058585
7/7/7/7/2/1/6/5/6 3 3,Z,-2,0,BLOCK,Z,0.7722939,0.8657736
7/7/7/7/2/5/4/5/6 3 3,X,1.5,0,BLOCK,X,0.3264247,0.3581281
7/7/7/7/2/5/6/1/6 3 3,Z,-2,0,BLOCK,Z,0.2561303,0.4607249
7/7/7/7/2/1/6/5/5 3 3,Z,-2,0,BLOCK,Z,0.5505786,0.7075132
7/7/7/7/2/5/4/5/5 3 3,X,2,0,BLOCK,X,0.6607702,0.5904949
7/7/7/7/2/5/6/1/5 3 3,Z,-2,0,BLOCK,Z,0.2895257,0.2847498
7/7/7/7/2/1/6/5/3 3 3,Z,-2,0,BLOCK,Z,0.4949969,0.7753933
7/7/7/7/2/5/4/5/3 3 3,X,2.5,0,BLOCK,X,0.7015747,0.8215851
7/7/7/7/2/5/6/1/3 3 3,Z,-2,0,BLOCK,Z,0.0805142,0.1328015
7/7/7/7/2/1/6/3/6 3 3,Z,-1.6666666666666666666666666666,0,BLOCK,Z,0.6273519,0.7151099
7/7/7/7/2/5/4/3/6 3 3,X,1.5,0,BLOCK,X,0.472918,0.3682891
7/7/7/7/2/1/6/3/5 3 3,Z,-1.6666666666666666666666666666,0,BLOCK,Z,0.6661544,0.6784334
7/7/7/7/2/5/4/3/5 3 3,X,2,2,BLOCK,X,1.256681,0.7839217
7/7/7/7/2/1/6/3/3 3 3,Z,-1.6666666666666666666666666666,0,BLOCK,Z,0.5073074,0.6347402
7/7/7/7/2/5/4/3/3 3 3,X,2.5,0,BLOCK,X,0.8152705,0.675492
7/7/7/7/2/1/6/7/4 3 3,Z,-2,0,BLOCK,Z,0.7005922,0.828579
7/7/7/7/2/5/4/7/4 3 3,X,1.5,0,BLOCK,X,0.4040043,0.3368825
7/7/7/7/2/1/6/7/2 3 3,Z,-2,0,BLOCK,Z,0.7646707,0.8512031
7/7/7/7/2/5/4/7/2 3 3,X,2,2,BLOCK,X,1.519904,0.8948282
7/7/7/7/2/1/6/7/1 3 3,Z,-2,2,BLOCK,Z,1.284028,0.8477425
7/7/7/7/2/5/4/7/1 3 3,X,2.5,0,BLOCK,X,1.361589,0.9782301
7/7/7/7/2/1/5/2/7 3 3,Z,-2,0,BLOCK,Z,1.156435,0.7416229
7/7/7/7/2/5/1/2/7 3 3,X,-2,0,BLOCK,X,1.378615,0.8747051
7/7/7/7/2/1/5/6/6 3 3,Z,-2.3333333333333333333333333334,2,BLOCK,Z,1.380515,0.7800711
7/7/7/7/2/5/1/6/6 3 3,X,-2.5,0,BLOCK,X,0.7973853,0.777553
7/7/7/7/2/5/5/4/6 3 3,Z,2,0,BLOCK,Z,1.655019,1.068758
7/7/7/7/2/1/5/6/5 3 3,Z,-2.3333333333333333333333333334,0,BLOCK,Z,0.7972872,0.7646495
7/7/7/7/2/5/1/6/5 3 3,X,-2,0,BLOCK,X,0.9575189,0.7223179
7/7/7/7/2/5/5/4/5 3 3,Z,2,2,BLOCK,Z,1.640105,0.9816883
7/7/7/7/2/1/5/6/3 3 3,Z,-2.3333333333333333333333333334,0,BLOCK,Z,0.8212436,0.7928883
7/7/7/7/2/5/1/6/3 3 3,X,-1.5,0,BLOCK,X,0.993318,0.7132534
7/7/7/7/2/5/5/4/3 3 3,Z,2,2,BLOCK,Z,1.632532,0.9978495
7/7/7/7/2/1/5/5/6 3 3,Z,-2,0,BLOCK,Z,0.6877763,0.7775778
7/7/7/7/2/5/1/5/6 3 3,X,-2.5,0,BLOCK,X,0.6644918,0.7437505
7/7/7/7/2/5/5/1/6 3 3,Z,-2,0,BLOCK,Z,1.644163,1.06704
7/7/7/7/2/1/5/5/5 3 3,Z,-2,0,BLOCK,Z,0.8004919,0.770211
7/7/7/7/2/5/1/5/5 3 3,X,-2,2,BLOCK,X,1.243412,0.7615251
7/7/7/7/2/5/5/1/5 3 3,Z,-2,0,BLOCK,Z,0.1914837,0.3513289
7/7/7/7/2/1/5/5/3 3 3,Z,-2,0,BLOCK,Z,0.8831069,0.7529217
7/7/7/7/2/5/1/5/3 3 3,X,-1.5,0,BLOCK,X,0.4170422,0.4824422
7/7/7/7/2/5/5/1/3 3 3,Z,-2,0,BLOCK,Z,1.645412,1.018608
7/7/7/7/2/1/5/3/6 3 3,Z,-1.6666666666666666666666666666,0,BLOCK,Z,0.5236855,0.5948594
7/7/7/7/2/5/1/3/6 3 3,X,-2.5,0,BLOCK,X,1.483644,1.093311
7/7/7/7/2/1/5/3/5 3 3,Z,-1.6666666666666666666666666666,0,BLOCK,Z,0.8019466,0.7145106
7/7/7/7/2/5/1/3/5 3 3,X,-2,2,BLOCK,X,1.235482,0.7841303
7/7/7/7/2/1/5/3/3 3 3,Z,-1.6666666666666666666666666666,0,BLOCK,Z,0.5854617,0.6246038
7/7/7/7/2/5/1/3/3 3 3,X,-1.5,0,BLOCK,X,1.024802,0.7283971
7/7/7/7/2/1/5/7/4 3 3,Z,-2,0,BLOCK,Z,0.6305165,0.7037286
7/7/7/7/2/5/1/7/4 3 3,X,-2.5,2,BLOCK,X,1.617809,0.9262328
7/7/7/7/2/1/5/7/2 3 3,Z,-2,0,BLOCK,Z,0.7460926,0.9006732
7/7/7/7/2/5/1/7/2 3 3,X,-2,0,BLOCK,X,0.6856442,0.6524791
7/7/7/7/2/1/5/7/1 3 3,Z,-2,2,BLOCK,Z,1.187853,0.8837171
7/7/7/7/2/5/1/7/1 3 3,X,-1.5,0,BLOCK,X,1.145909,0.6875785
7/7/7/7/2/1/3/2/7 3 3,Z,-2,0,BLOCK,Z,0.4102121,0.5507165
7/7/7/7/2/1/3/6/6 3 3,Z,-2.3333333333333333333333333334,0,BLOCK,Z,0.743888,0.8138845
7/7/7/7/2/5/3/4/6 3 3,Z,2,2,BLOCK,Z,1.735773,1.074832
7/7/7/7/2/1/3/6/5 3 3,Z,-2.3333333333333333333333333334,0,BLOCK,Z,0.610245,0.6100577
7/7/7/7/2/5/3/4/5 3 3,Z,2,0,BLOCK,Z,0.227761,0.3303849
7/7/7/7/2/1/3/6/3 3 3,Z,-2.3333333333333333333333333334,2,BLOCK,Z,1.382703,0.8285345
7/7/7/7/2/5/3/4/3 3 3,Z,2,0,BLOCK,Z,0.09278976,0.271201
7/7/7/7/2/1/3/5/6 3 3,Z,-2,0,BLOCK,Z,0.7075175,0.7970054
7/7/7/7/2/5/3/1/6 3 3,Z,-2,0,BLOCK,Z,0.0772602,0.1820525
7/7/7/7/2/1/3/5/5 3 3,Z,-2,0,BLOCK,Z,0.7824649,0.8315839
7/7/7/7/2/5/3/1/5 3 3,Z,-2,0,BLOCK,Z,1.703462,1.070605
7/7/7/7/2/1/3/5/3 3 3,Z,-2,0,BLOCK,Z,0.8242701,0.7396276
7/7/7/7/2/5/3/1/3 3 3,Z,-2,0,BLOCK,Z,0.3148142,0.4988586
7/7/7/7/2/1/3/3/6 3 3,Z,-1.6666666666666666666666666666,0,BLOCK,Z,0.4354783,0.7380052
7/7/7/7/2/1/3/3/5 3 3,Z,-1.6666666666666666666666666666,0,BLOCK,Z,1.012153,0.6585415
7/7/7/7/2/1/3/3/3 3 3,Z,-1.6666666666666666666666666666,0,BLOCK,Z,0.4741814,0.6664727
7/7/7/7/2/1/3/7/4 3 3,Z,-2,0,BLOCK,Z,0.605576,0.7650545
7/7/7/7/2/1/3/7/2 3 3,Z,-2,2,BLOCK,Z,1.156989,0.782076
7/7/7/7/2/1/3/7/1 3 3,Z,-2,2,BLOCK,Z,1.246338,0.7897742
7/7/7/7/2/1/7/2/6 3 3,Z,-2,0,BLOCK,Z,0.3509587,0.5058855
7/7/7/7/2/1/7/2/5 3 3,Z,-2,0,BLOCK,Z,1.468604,0.9791285
7/7/7/7/2/1/7/2/3 3 3,Z,-2,0,BLOCK,Z,0.5929534,0.6781331
7/7/7/7/2/1/7/6/4 3 3,Z,-2.3333333333333333333333333332,2,BLOCK,Z,1.476177,1.04168
7/7/7/7/2/5/7/4/4 3 3,Z,2,0,BLOCK,Z,0.312285,0.4434229
7/7/7/7/2/1/7/6/2 3 3,Z,-2.3333333333333333333333333332,0,BLOCK,Z,0.624844,0.8130253
7/7/7/7/2/5/7/4/2 3 3,Z,2,0,BLOCK,Z,0.1034919,0.2143388
7/7/7/7/2/1/7/6/1 3 3,Z,-2.3333333333333333333333333332,0,BLOCK,Z,1.266099,0.9152535
7/7/7/7/2/5/7/4/1 3 3,Z,2,0,BLOCK,Z,0.2004179,0.3245677
7/7/7/7/2/1/7/5/4 3 3,Z,-2,2,BLOCK,Z,1.230873,0.7503489
7/7/7/7/2/5/7/1/4 3 3,Z,-2,0,BLOCK,Z,0.2045688,0.3647031
7/7/7/7/2/1/7/5/2 3 3,Z,-2,0,BLOCK,Z,0.8056294,0.772707
7/7/7/7/2/5/7/1/2 3 3,Z,-2,0,BLOCK,Z,0.1356778,0.2392442
7/7/7/7/2/1/7/5/1 3 3,Z,-2,2,BLOCK,Z,1.236144,0.8025917
7/7/7/7/2/5/7/1/1 3 3,Z,-2,2,BLOCK,Z,1.623993,0.9925836
7/7/7/7/2/1/7/3/4 3 3,Z,-1.6666666666666666666666666668,0,BLOCK,Z,1.039185,0.7529566
7/7/7/7/2/1/7/3/2 3 3,Z,-1.6666666666666666666666666668,0,BLOCK,Z,0.7245445,0.7113805
7/7/7/7/2/1/7/3/1 3 3,Z,-1.6666666666666666666666666668,0,BLOCK,Z,0.6873301,0.7396638
7/7/7/7/2/3/2/4/7 3 3,Z,2,0,BLOCK,Z,1.512278,1.018478
7/7/7/7/2/3/2/1/7 3 3,Z,-2,0,BLOCK,Z,0.8656741,0.734473
7/7/7/7/2/3/4/2/7 3 3,X,2,0,BLOCK,X,0.5782005,0.6116835
7/7/7/7/2/3/4/6/6 3 3,X,1.5,0,BLOCK,X,0.6852874,0.5335066
7/7/7/7/2/3/6/4/6 3 3,Z,2,0,BLOCK,Z,0.383444,0.4101361
7/7/7/7/2/3/4/6/5 3 3,X,2,0,BLOCK,X,0.7457206,0.6882573
7/7/7/7/2/3/6/4/5 3 3,Z,2,0,BLOCK,Z,1.007803,0.4837216
7/7/7/7/2/3/4/6/3 3 3,X,2.5,0,BLOCK,X,1.464671,1.028933
7/7/7/7/2/3/6/4/3 3 3,Z,2,2,BLOCK,Z,1.504234,0.853334
7/7/7/7/2/3/4/5/6 3 3,X,1.5,2,BLOCK,X,1.121094,0.7104964
7/7/7/7/2/3/6/1/6 3 3,Z,-2,0,BLOCK,Z,0.3893351,0.5540655
7/7/7/7/2/3/4/5/5 3 3,X,2,0,BLOCK,X,0.7231522,0.5131632
7/7/7/7/2/3/6/1/5 3 3,Z,-2,0,BLOCK,Z,0.3176217,0.451074
7/7/7/7/2/3/4/5/3 3 3,X,2.5,0,BLOCK,X,0.875869,0.7047642
7/7/7/7/2/3/6/1/3 3 3,Z,-2,0,BLOCK,Z,0.1930123,0.2844847
7/7/7/7/2/3/4/3/6 3 3,X,1.5,0,BLOCK,X,0.4457356,0.3932026
7/7/7/7/2/3/4/3/5 3 3,X,2,2,BLOCK,X,1.206079,0.779733
7/7/7/7/2/3/4/3/3 3 3,X,2.5,0,BLOCK,X,0.6789921,0.7004935
7/7/7/7/2/3/4/7/4 3 3,X,1.5,0,BLOCK,X,0.4740962,0.3187609
7/7/7/7/2/3/4/7/2 3 3,X,2,0,BLOCK,X,0.5500757,0.6072963
7/7/7/7/2/3/4/7/1 3 3,X,2.5,0,BLOCK,X,0.9670104,0.8044687
7/7/7/7/2/3/1/2/7 3 3,X,-2,0,BLOCK,X,0.59443,0.5796462
7/7/7/7/2/3/1/6/6 3 3,X,-2.5,0,BLOCK,X,1.521265,1.113165
7/7/7/7/2/3/5/4/6 3 3,Z,2,2,BLOCK,Z,1.548282,0.985098
7/7/7/7/2/3/1/6/5 3 3,X,-2,0,BLOCK,X,1.226356,0.7831956
7/7/7/7/2/3/5/4/5 3 3,Z,2,0,BLOCK,Z,0.4470733,0.5058827
7/7/7/7/2/3/1/6/3 3 3,X,-1.5,0,BLOCK,X,1.047238,0.7025707
7/7/7/7/2/3/5/4/3 3 3,Z,2,0,BLOCK,Z,1.450236,0.946631
7/7/7/7/2/3/1/5/6 3 3,X,-2.5,0,BLOCK,X,0.7934304,0.6718403
7/7/7/7/2/3/5/1/6 3 3,Z,-2,0,BLOCK,Z,0.2772391,0.4421539
7/7/7/7/2/3/1/5/5 3 3,X,-2,2,BLOCK,X,1.253255,0.7748597
7/7/7/7/2/3/5/1/5 3 3,Z,-2,0,BLOCK,Z,0.5793375,0.6377274
7/7/7/7/2/3/1/5/3 3 3,X,-1.5,0,BLOCK,X,1.013365,0.7384719
7/7/7/7/2/3/5/1/3 3 3,Z,-2,0,BLOCK,Z,1.692386,1.035988
7/7/7/7/2/3/1/3/6 3 3,X,-2.5,0,BLOCK,X,0.7212439,0.6547229
7/7/7/7/2/3/1/3/5 3 3,X,-2,0,BLOCK,X,0.6026264,0.5630319
7/7/7/7/2/3/1/3/3 3 3,X,-1.5,0,BLOCK,X,1.185204,0.8626047
7/7/7/7/2/3/1/7/4 3 3,X,-2.5,0,BLOCK,X,0.8254277,0.7302628
7/7/7/7/2/3/1/7/2 3 3,X,-2,0,BLOCK,X,0.6968238,0.594407
7/7/7/7/2/3/1/7/1 3 3,X,-1.5,2,BLOCK,X,1.063851,0.6570461
7/7/7/7/2/3/3/4/6 3 3,Z,2,0,BLOCK,Z,0.4143195,0.4353966
7/7/7/7/2/3/3/4/5 3 3,Z,2,2,BLOCK,Z,1.579585,0.9868209
7/7/7/7/2/3/3/4/3 3 3,Z,2,0,BLOCK,Z,0.5343757,0.5984086
7/7/7/7/2/3/3/1/6 3 3,Z,-2,0,BLOCK,Z,0.2003132,0.3071847
7/7/7/7/2/3/3/1/5 3 3,Z,-2,0,BLOCK,Z,0.3544221,0.4574819
7/7/7/7/2/3/3/1/3 3 3,Z,-2,0,BLOCK,Z,0.1814392,0.4149954
7/7/7/5/2/3/3/3/3 3 3,X,0.5,302,TIMEOUT,Z,0.01267042,0.007924413
7/7/7/7/2/2/7/6/4 3 3,Z,0.5,302,TIMEOUT,Z,0.01050348,0.005146783
7/7/7/7/2/3/7/4/4 3 3,Z,2,0,BLOCK,Z,0.1985113,0.3149315
7/7/7/7/2/3/7/4/2 3 3,Z,2,0,BLOCK,Z,0.5200104,0.5873114
7/7/7/7/2/3/7/4/1 3 3,Z,2,0,BLOCK,Z,0.2254398,0.3030741
7/7/7/7/2/3/7/1/4 3 3,Z,-2,0,BLOCK,Z,0.3133309,0.4349616
7/7/7/7/2/3/7/1/2 3 3,Z,-2,0,BLOCK,Z,0.2448752,0.3316212
7/7/7/7/2/3/7/1/1 3 3,Z,-2,0,BLOCK,Z,0.3018541,0.3813266
7/7/7/7/2/7/2/4/6 3 3,Z,2,0,BLOCK,Z,0.0852672,0.206948
7/7/7/7/2/7/2/4/5 3 3,Z,2,0,BLOCK,Z,1.560984,1.026048
7/7/7/7/2/7/2/4/3 3 3,Z,2,2,BLOCK,Z,1.670413,1.073255
7/7/7/7/2/7/2/1/6 3 3,Z,-2,2,BLOCK,Z,1.729422,1.075507
7/7/7/7/2/7/2/1/5 3 3,Z,-2,0,BLOCK,Z,1.549077,1.01997
7/7/7/7/2/7/2/1/3 3 3,Z,-2,0,BLOCK,Z,1.791731,1.013522
7/7/7/7/2/7/4/2/6 3 3,X,1.3333333333333333333333333334,0,BLOCK,X,0.3406644,0.3242313
7/7/7/7/2/7/4/2/5 3 3,X,2,0,BLOCK,X,0.7257985,0.6238962
7/7/7/7/2/7/6/2/1 3 3,X,1,0,BLOCK,X,0.8434285,0.9466276
7/7/7/7/2/7/4/2/3 3 3,X,2.6666666666666666666666666666,0,BLOCK,X,0.730976,0.8548866
7/7/7/7/2/7/4/6/4 3 3,X,1.3333333333333333333333333334,0,BLOCK,X,0.3729199,0.372544
7/7/7/7/2/7/6/4/4 3 3,Z,2,0,BLOCK,Z,0.255353,0.4374104
7/7/7/7/2/7/4/6/2 3 3,X,2,2,BLOCK,X,1.532629,0.8870303
7/7/7/7/2/7/6/4/2 3 3,Z,2,0,BLOCK,Z,0.1276441,0.2457109
7/7/7/7/2/7/4/6/1 3 3,X,2.6666666666666666666666666666,0,BLOCK,X,0.4042748,0.5384542
7/7/7/7/2/7/6/4/1 3 3,Z,2,0,BLOCK,Z,1.65669,1.011467
7/7/7/7/2/7/4/5/4 3 3,X,1.3333333333333333333333333334,2,BLOCK,X,0.9491789,0.580739
7/7/7/7/2/7/6/1/4 3 3,Z,-2,0,BLOCK,Z,0.2052161,0.3401577
7/7/7/7/2/7/4/5/2 3 3,X,2,0,BLOCK,X,0.9138994,0.7598431
7/7/7/7/2/7/6/1/2 3 3,Z,-2,0,BLOCK,Z,0.1180852,0.2384726
7/7/7/7/2/7/4/5/1 3 3,X,2.6666666666666666666666666666,0,BLOCK,X,0.3874494,0.4666893
7/7/7/7/2/7/6/1/1 3 3,Z,-2,0,BLOCK,Z,1.636213,0.9875948
7/7/7/7/2/7/4/3/4 3 3,X,1.3333333333333333333333333334,2,BLOCK,X,0.9512729,0.5471083
7/7/7/7/2/7/4/3/2 3 3,X,2,0,BLOCK,X,0.6834971,0.7018791
7/7/7/7/2/7/4/3/1 3 3,X,2.6666666666666666666666666666,0,BLOCK,X,0.501595,0.584013
7/7/7/7/2/7/1/2/6 3 3,X,-2.6666666666666666666666666666,0,BLOCK,X,0.7957935,0.842248
7/7/7/7/2/7/1/2/5 3 3,X,-2,0,BLOCK,X,0.9109899,0.5953223
7/7/7/7/2/7/1/2/3 3 3,X,-1.3333333333333333333333333334,2,BLOCK,X,0.9488521,0.5234074
7/7/7/7/2/7/1/6/4 3 3,X,-2.6666666666666666666666666666,0,BLOCK,X,0.7116404,0.7296002
7/7/7/7/2/7/5/4/4 3 3,Z,2,2,BLOCK,Z,1.618399,0.9863786
7/7/7/7/2/7/1/6/2 3 3,X,-2,0,BLOCK,X,0.4702902,0.6138066
7/7/7/7/2/7/5/4/2 3 3,Z,2,0,BLOCK,Z,1.742181,1.006015
7/7/7/7/2/7/1/6/1 3 3,X,-1.3333333333333333333333333334,2,BLOCK,X,0.9277771,0.5075176
7/7/7/7/2/7/5/4/1 3 3,Z,2,0,BLOCK,Z,0.1974839,0.3219467
7/7/7/7/2/7/1/5/4 3 3,X,-2.6666666666666666666666666666,0,BLOCK,X,0.5806534,0.639132
7/7/7/7/2/7/5/1/4 3 3,Z,-2,0,BLOCK,Z,0.1920683,0.3180911
7/7/7/7/2/7/1/5/2 3 3,X,-2,0,BLOCK,X,0.6574584,0.7332022
7/7/7/7/2/7/5/1/2 3 3,Z,-2,0,BLOCK,Z,1.734101,1.028464
7/7/7/7/2/7/1/5/1 3 3,X,-1.3333333333333333333333333334,0,BLOCK,X,0.4436629,0.4956921
7/7/7/7/2/7/5/1/1 3 3,Z,-2,0,BLOCK,Z,0.1820613,0.305448
7/7/7/7/2/7/1/3/4 3 3,X,-2.6666666666666666666666666666,0,BLOCK,X,0.7495365,0.7966436
7/7/7/7/2/7/1/3/2 3 3,X,-2,0,BLOCK,X,0.4865854,0.556631
7/7/7/7/2/7/1/3/1 3 3,X,-1.3333333333333333333333333334,2,BLOCK,X,0.9189636,0.5300078
7/7/7/7/2/7/3/2/4 3 3,X,-1,2,BLOCK,X,1.317112,0.8774767
7/7/7/7/2/7/3/4/4 3 3,Z,2,0,BLOCK,Z,1.724202,1.023497
7/7/7/7/2/7/3/4/2 3 3,Z,2,0,BLOCK,Z,0.1454528,0.2487522
7/7/7/7/2/7/3/4/1 3 3,Z,2,2,BLOCK,Z,1.611599,1.013692
7/7/7/7/2/7/3/1/4 3 3,Z,-2,0,BLOCK,Z,1.737227,1.015871
7/7/7/7/2/7/3/1/2 3 3,Z,-2,0,BLOCK,Z,0.1656014,0.2626773
7/7/7/7/2/7/3/1/1 3 3,Z,-2,0,BLOCK,Z,0.2162477,0.3347226
7/7/7/7/4/2/2/6/7 3 3,X,2,0,BLOCK,X,0.4929895,0.4413406
7/7/7/7/6/2/2/4/7 3 3,Z,2,0,BLOCK,Z,1.554526,0.9907312
7/7/7/7/4/2/2/5/7 3 3,X,2,0,BLOCK,X,0.2804211,0.4035569
7/7/7/7/6/2/2/1/7 3 3,Z,-2,0,BLOCK,Z,1.565211,0.9974076
7/7/7/7/4/2/2/3/7 3 3,X,2,2,BLOCK,X,0.9892203,0.5752589
7/7/7/7/4/2/2/7/6 3 3,X,1.7142857142857142857142857142,0,BLOCK,X,0.2439673,0.2770721
7/7/7/7/4/2/2/7/5 3 3,X,2,0,BLOCK,X,0.5272653,0.4508049
7/7/7/7/4/2/2/7/3 3 3,X,2.2857142857142857142857142858,2,BLOCK,X,1.069098,0.679861
7/7/7/7/4/2/6/2/7 3 3,X,1.7142857142857142857142857142,0,BLOCK,X,0.4634536,0.4725255
7/7/7/7/6/2/4/2/7 3 3,X,2,0,BLOCK,X,0.5993341,1.022784
7/7/7/7/4/2/6/6/6 3 3,X,1.4285714285714285714285714286,0,BLOCK,X,0.4588768,0.4668638
7/7/7/7/6/2/4/6/6 3 3,X,1.5,0,BLOCK,X,0.9510475,0.7137487
7/7/7/7/6/2/6/4/6 3 3,Z,2,2,BLOCK,Z,1.548105,0.9289705
7/7/7/7/4/2/6/6/5 3 3,X,1.7142857142857142857142857142,0,BLOCK,X,0.2035739,0.4229061
7/7/7/7/6/2/4/6/5 3 3,X,2,2,BLOCK,X,1.295676,0.8180797
7/7/7/7/6/2/6/4/5 3 3,Z,2,0,BLOCK,Z,0.3043448,0.3450321
7/7/7/7/4/2/6/6/3 3 3,X,2.0,0,BLOCK,X,0.4306898,0.5179788
7/7/7/7/6/2/4/6/3 3 3,X,2.5,0,BLOCK,X,1.421969,1.08881
7/7/7/7/6/2/6/4/3 3 3,Z,2,2,BLOCK,Z,1.52643,0.9067403
7/7/7/7/4/2/6/5/6 3 3,X,1.4285714285714285714285714286,0,BLOCK,X,0.444097,0.4576796
7/7/7/7/6/2/4/5/6 3 3,X,1.5,0,BLOCK,X,0.7819765,0.6709685
7/7/7/7/6/2/6/1/6 3 3,Z,-2,0,BLOCK,Z,0.4400128,0.4957799
7/7/7/7/4/2/6/5/5 3 3,X,1.7142857142857142857142857142,0,BLOCK,X,0.3009434,0.4222881
7/7/7/7/6/2/4/5/5 3 3,X,2,0,BLOCK,X,0.7420751,0.729624
7/7/7/7/6/2/6/1/5 3 3,Z,-2,0,BLOCK,Z,0.4119594,0.3621636
7/7/7/7/4/2/6/5/3 3 3,X,2.0,0,BLOCK,X,0.4274064,0.5620687
7/7/7/7/6/2/4/5/3 3 3,X,2.5,0,BLOCK,X,1.716319,1.055471
7/7/7/7/6/2/6/1/3 3 3,Z,-2,2,BLOCK,Z,1.586645,0.9204693
7/7/7/7/4/2/6/3/6 3 3,X,1.4285714285714285714285714286,0,BLOCK,X,0.3452003,0.4381388
7/7/7/7/6/2/4/3/6 3 3,X,1.5,0,BLOCK,X,0.3788026,0.6991309
7/7/7/7/4/2/6/3/5 3 3,X,1.7142857142857142857142857142,0,BLOCK,X,0.4232118,0.5271053
7/7/7/7/6/2/4/3/5 3 3,X,2,0,BLOCK,X,0.5904223,0.7205259
7/7/7/7/4/2/6/3/3 3 3,X,2.0,0,BLOCK,X,0.4694577,0.5931776
7/7/7/7/6/2/4/3/3 3 3,X,2.5,2,BLOCK,X,1.665869,1.123822
7/7/7/7/4/2/6/7/4 3 3,X,1.4285714285714285714285714286,0,BLOCK,X,0.3170737,0.3956671
7/7/7/7/6/2/4/7/4 3 3,X,1.5,0,BLOCK,X,0.7325547,0.5204626
7/7/7/7/4/2/6/7/2 3 3,X,1.7142857142857142857142857142,0,BLOCK,X,0.4583636,0.5683397
7/7/7/7/6/2/4/7/2 3 3,X,2,0,BLOCK,X,0.7636734,0.812194
7/7/7/7/4/2/6/7/1 3 3,X,2.0,0,BLOCK,X,0.3402617,0.5391395
7/7/7/7/6/2/4/7/1 3 3,X,2.5,0,BLOCK,X,0.7180477,0.7426442
7/7/7/7/4/2/5/2/7 3 3,X,2,0,BLOCK,X,0.7613488,0.6167513
7/7/7/7/6/2/1/2/7 3 3,X,-2,0,BLOCK,X,0.552982,0.6560493
7/7/7/7/4/2/5/6/6 3 3,X,1.7142857142857142857142857142,0,BLOCK,X,0.3548728,0.4309617
7/7/7/7/6/2/1/6/6 3 3,X,-2.5,0,BLOCK,X,0.6624974,0.7745185
7/7/7/7/6/2/5/4/6 3 3,Z,2,0,BLOCK,Z,1.530812,1.029895
7/7/7/7/4/2/5/6/5 3 3,X,2,0,BLOCK,X,0.532104,0.586878
7/7/7/7/2/2/5/6/5 3 3,Z,0.5,302,TIMEOUT,Z,0.006348396,0.003037845
7/7/7/7/6/2/1/6/5 3 3,X,-2,0,BLOCK,X,0.640586,0.6359021
7/7/7/7/6/2/5/4/5 3 3,Z,2,0,BLOCK,Z,0.4898128,0.5277491
7/7/7/7/4/2/5/6/3 3 3,X,2.2857142857142857142857142858,0,BLOCK,X,0.5226612,0.6635348
7/7/7/7/6/2/1/6/3 3 3,X,-1.5,0,BLOCK,X,0.4969701,0.3892033
7/7/7/7/6/2/5/4/3 3 3,Z,2,2,BLOCK,Z,1.558779,0.9464818
7/7/7/7/4/2/5/5/6 3 3,X,1.7142857142857142857142857142,0,BLOCK,X,0.4772192,0.4489674
7/7/7/7/6/2/1/5/6 3 3,X,-2.5,0,BLOCK,X,1.57798,1.022848
7/7/7/7/6/2/5/1/6 3 3,Z,-2,0,BLOCK,Z,1.616838,1.033275
7/7/7/7/4/2/5/5/5 3 3,X,2,0,BLOCK,X,0.8062752,0.6565257
7/7/7/7/6/2/1/5/5 3 3,X,-2,0,BLOCK,X,1.267558,0.9575082
7/7/7/7/6/2/5/1/5 3 3,Z,-2,0,BLOCK,Z,0.4875933,0.4752853
7/7/7/7/4/2/5/5/3 3 3,X,2.2857142857142857142857142858,0,BLOCK,X,0.5115143,0.6913812
7/7/7/7/6/2/1/5/3 3 3,X,-1.5,0,BLOCK,X,1.224382,0.9251265
7/7/7/7/6/2/5/1/3 3 3,Z,-2,0,BLOCK,Z,1.661809,0.9813123
7/7/7/7/4/2/5/3/6 3 3,X,1.7142857142857142857142857142,0,BLOCK,X,0.3747298,0.4876886
7/7/7/7/6/2/1/3/6 3 3,X,-2.5,0,BLOCK,X,0.6771138,0.7083376
7/7/7/7/4/2/5/3/5 3 3,X,2,0,BLOCK,X,0.787883,0.5429354
7/7/7/7/6/2/1/3/5 3 3,X,-2,2,BLOCK,X,1.185034,0.8838875
7/7/7/7/4/2/5/3/3 3 3,X,2.2857142857142857142857142858,0,BLOCK,X,0.7237079,0.7443676
7/7/7/7/6/2/1/3/3 3 3,X,-1.5,0,BLOCK,X,0.3124883,0.376685
7/7/7/7/4/2/5/7/4 3 3,X,1.7142857142857142857142857142,0,BLOCK,X,0.5668826,0.5581483
7/7/7/7/6/2/1/7/4 3 3,X,-2.5,0,BLOCK,X,1.549364,1.04339
7/7/7/7/4/2/5/7/2 3 3,X,2,2,BLOCK,X,1.11973,0.6788666
7/7/7/7/6/2/1/7/2 3 3,X,-2,0,BLOCK,X,1.601705,1.001836
7/7/7/7/4/2/5/7/1 3 3,X,2.2857142857142857142857142858,0,BLOCK,X,0.6349507,0.7331103
7/7/7/7/6/2/1/7/1 3 3,X,-1.5,2,BLOCK,X,1.068165,0.7536318
7/7/7/7/4/2/3/2/7 3 3,X,2.2857142857142857142857142858,0,BLOCK,X,0.6660325,0.8124224
7/7/7/7/4/2/3/6/6 3 3,X,2.0,2,BLOCK,X,1.388523,0.9242585
7/7/7/7/6/2/3/4/6 3 3,Z,2,0,BLOCK,Z,0.2978598,0.2975013
7/7/7/7/4/2/3/6/5 3 3,X,2.2857142857142857142857142858,2,BLOCK,X,1.198183,0.8054534
7/7/7/7/6/2/3/4/5 3 3,Z,2,0,BLOCK,Z,0.3167443,0.4196087
7/7/7/7/4/2/3/6/3 3 3,X,2.5714285714285714285714285714,0,BLOCK,X,0.3402408,0.5943023
7/7/7/7/6/2/3/4/3 3 3,Z,2,2,BLOCK,Z,1.569165,0.9729027
7/7/7/7/4/2/3/5/6 3 3,X,2.0,0,BLOCK,X,0.6278062,0.8159171
7/7/7/7/6/2/3/1/6 3 3,Z,-2,0,BLOCK,Z,1.588987,1.058656
7/7/7/7/4/2/3/5/5 3 3,X,2.2857142857142857142857142858,0,BLOCK,X,0.5255804,0.7072939
7/7/7/7/6/2/3/1/5 3 3,Z,-2,0,BLOCK,Z,1.535817,0.9531959
7/7/7/7/4/2/3/5/3 3 3,X,2.5714285714285714285714285714,0,BLOCK,X,0.4589131,0.6764705
7/7/7/7/6/2/3/1/3 3 3,Z,-2,0,BLOCK,Z,0.4326915,0.4985694
7/7/7/7/4/2/3/3/6 3 3,X,2.0,0,BLOCK,X,0.6254069,0.8119015
7/7/7/7/4/2/3/3/5 3 3,X,2.2857142857142857142857142858,0,BLOCK,X,0.579383,0.7914304
7/7/7/7/4/2/3/3/3 3 3,X,2.5714285714285714285714285714,0,BLOCK,X,0.4492325,0.6930505
7/7/7/7/4/2/3/7/4 3 3,X,2.0,0,BLOCK,X,0.6399075,0.8097167
7/7/7/7/4/2/3/7/2 3 3,X,2.2857142857142857142857142858,0,BLOCK,X,0.3424821,0.6595961
7/7/7/7/4/2/3/7/1 3 3,X,2.5714285714285714285714285714,0,BLOCK,X,0.424239,0.6758661
7/7/7/7/4/2/7/2/6 3 3,X,1.7142857142857142857142857144,0,BLOCK,X,0.6318424,0.6530454
7/7/7/7/4/2/7/2/5 3 3,X,2,2,BLOCK,X,1.03873,0.6623901
7/7/7/7/4/2/7/2/3 3 3,X,2.2857142857142857142857142856,2,BLOCK,X,1.102717,0.7732847
7/7/7/7/4/2/7/6/4 3 3,X,1.7142857142857142857142857144,2,BLOCK,X,1.078404,0.6360877
7/7/7/7/6/2/7/4/4 3 3,Z,2,0,BLOCK,Z,0.2792487,0.3333546
7/7/7/7/4/2/7/6/2 3 3,X,2,0,BLOCK,X,0.5211142,0.6932881
7/7/7/7/6/2/7/4/2 3 3,Z,2,0,BLOCK,Z,0.1755778,0.3403951
7/7/7/7/4/2/7/6/1 3 3,X,2.2857142857142857142857142856,0,BLOCK,X,0.9453461,0.7133831
7/7/7/7/6/2/7/4/1 3 3,Z,2,0,BLOCK,Z,0.3505481,0.4120452
7/7/7/7/4/2/7/5/4 3 3,X,1.7142857142857142857142857144,0,BLOCK,X,0.6852273,0.6869413
7/7/7/7/6/2/7/1/4 3 3,Z,-2,0,BLOCK,Z,0.2470697,0.3593158
7/7/7/7/4/2/7/5/2 3 3,X,2,0,BLOCK,X,0.6355809,0.7158985
7/7/7/7/6/2/7/1/2 3 3,Z,-2,0,BLOCK,Z,0.1728372,0.2945056
7/7/7/7/4/2/7/5/1 3 3,X,2.2857142857142857142857142856,2,BLOCK,X,1.113837,0.8318143
7/7/7/7/6/2/7/1/1 3 3,Z,-2,0,BLOCK,Z,0.3280669,0.349518
7/7/7/7/4/2/7/3/4 3 3,X,1.7142857142857142857142857144,0,BLOCK,X,0.5975765,0.6047228
7/7/7/7/4/2/7/3/2 3 3,X,2,0,BLOCK,X,0.7157272,0.7274354
7/7/7/7/4/2/7/3/1 3 3,X,2.2857142857142857142857142856,0,BLOCK,X,0.5005744,0.7564909
7/7/7/7/4/6/2/2/7 3 3,X,2,2,BLOCK,X,1.033176,0.6553395
7/7/7/7/6/4/2/2/7 3 3,Z,2,0,BLOCK,Z,0.4882683,0.6864875
7/7/7/7/4/6/2/6/6 3 3,X,1.7142857142857142857142857142,0,BLOCK,X,0.2422855,0.4144341
7/7/7/7/6/4/2/6/6 3 3,Z,1.6,0,BLOCK,Z,0.514668,0.5776375
7/7/7/7/6/6/2/4/6 3 3,Z,2,0,BLOCK,Z,1.679483,1.06086
7/7/7/7/4/6/2/6/5 3 3,X,2,0,BLOCK,X,0.4097374,0.4877625
7/7/7/7/6/4/2/6/5 3 3,Z,1.6,0,BLOCK,Z,0.3514962,0.5575609
7/7/7/7/6/6/2/4/5 3 3,Z,2,0,BLOCK,Z,1.611938,1.027723
7/7/7/7/4/6/2/6/3 3 3,X,2.2857142857142857142857142858,0,BLOCK,X,0.3056531,0.4534787
7/7/7/7/6/4/2/6/3 3 3,Z,1.6,0,BLOCK,Z,0.5161626,0.6620322
7/7/7/7/6/6/2/4/3 3 3,Z,2,0,BLOCK,Z,0.2501205,0.3616264
7/7/7/7/4/6/2/5/6 3 3,X,1.7142857142857142857142857142,0,BLOCK,X,0.4091094,0.5373151
7/7/7/7/6/4/2/5/6 3 3,Z,2,0,BLOCK,Z,0.4853405,0.6949408
7/7/7/7/6/6/2/1/6 3 3,Z,-2,0,BLOCK,Z,0.4344209,0.4433718
7/7/7/7/4/6/2/5/5 3 3,X,2,0,BLOCK,X,0.1154169,0.2673209
7/7/7/7/6/4/2/5/5 3 3,Z,2,0,BLOCK,Z,0.5548106,0.7321709
7/7/7/7/6/6/2/1/5 3 3,Z,-2,0,BLOCK,Z,1.495002,0.9567832
7/7/7/7/4/6/2/5/3 3 3,X,2.2857142857142857142857142858,0,BLOCK,X,0.6144969,0.6757969
7/7/7/7/6/4/2/5/3 3 3,Z,2,0,BLOCK,Z,0.7715288,0.7217828
7/7/7/7/6/6/2/1/3 3 3,Z,-2,0,BLOCK,Z,1.554817,1.00868
7/7/7/7/4/6/2/3/6 3 3,X,1.7142857142857142857142857142,0,BLOCK,X,0.2219414,0.4314902
7/7/7/7/6/4/2/3/6 3 3,Z,2.4,0,BLOCK,Z,0.3252625,0.6603133
7/7/7/7/4/6/2/3/5 3 3,X,2,0,BLOCK,X,0.1579459,0.2693892
7/7/7/7/6/4/2/3/5 3 3,Z,2.4,0,BLOCK,Z,0.6614087,0.7830722
7/7/7/7/4/6/2/3/3 3 3,X,2.2857142857142857142857142858,0,BLOCK,X,0.5165461,0.5872218
7/7/7/7/6/4/2/3/3 3 3,Z,2.4,0,BLOCK,Z,0.4426722,0.7070703
7/7/7/7/4/6/2/7/4 3 3,X,1.7142857142857142857142857142,0,BLOCK,X,0.2308894,0.3934219
7/7/7/7/6/4/2/7/4 3 3,Z,2,0,BLOCK,Z,0.5853204,0.8156871
7/7/7/7/4/6/2/7/2 3 3,X,2,0,BLOCK,X,0.469072,0.5228999
7/7/7/7/6/4/2/7/2 3 3,Z,2,0,BLOCK,Z,0.7755809,0.8324896
7/7/7/7/4/6/2/7/1 3 3,X,2.2857142857142857142857142858,0,BLOCK,X,0.4146942,0.5707844
7/7/7/7/6/4/2/7/1 3 3,Z,2,0,BLOCK,Z,0.5886539,0.7291433
7/7/7/7/4/6/6/2/6 3 3,X,1.4285714285714285714285714286,0,BLOCK,X,0.3185127,0.4410706
7/7/7/7/6/4/6/2/6 3 3,Z,2,0,BLOCK,Z,0.5477176,0.5925236
7/7/7/7/6/6/4/2/6 3 3,X,1.3333333333333333333333333334,0,BLOCK,X,0.5399392,0.5910608
7/7/7/7/4/6/6/2/5 3 3,X,1.7142857142857142857142857142,2,BLOCK,X,0.9797394,0.5575367
7/7/7/7/6/4/6/2/5 3 3,Z,2,0,BLOCK,Z,0.5685973,0.7869822
7/7/7/7/6/6/4/2/5 3 3,X,2,0,BLOCK,X,0.6055214,0.8241884
7/7/7/7/6/6/6/2/1 3 3,X,1,0,BLOCK,X,0.8137085,0.9427118
7/7/7/7/4/6/6/2/3 3 3,X,2,2,BLOCK,X,1.09468,0.6826112
7/7/7/7/6/4/6/2/3 3 3,Z,2,0,BLOCK,Z,0.1862964,0.4401908
7/7/7/7/6/6/4/2/3 3 3,X,2.6666666666666666666666666666,0,BLOCK,X,0.876737,0.9969521
7/7/7/7/4/6/6/6/4 3 3,X,1.4285714285714285714285714286,2,BLOCK,X,0.9493544,0.5907204
7/7/7/7/6/4/6/6/4 3 3,Z,1.6,0,BLOCK,Z,0.3325809,0.6626709
7/7/7/7/6/6/4/6/4 3 3,X,1.3333333333333333333333333334,2,BLOCK,X,1.060246,0.6328427
7/7/7/7/6/6/6/4/4 3 3,Z,2,0,BLOCK,Z,0.3190412,0.4596913
7/7/7/7/4/6/6/6/2 3 3,X,1.7142857142857142857142857142,0,BLOCK,X,0.4791119,0.6235301
7/7/7/7/6/4/6/6/2 3 3,Z,1.6,0,BLOCK,Z,0.3009749,0.5220185
7/7/7/7/6/6/4/6/2 3 3,X,2,0,BLOCK,X,0.6823378,0.8377746
7/7/7/7/6/6/6/4/2 3 3,Z,2,0,BLOCK,Z,0.2633489,0.3707294
7/7/7/7/4/6/6/6/1 3 3,X,2,2,BLOCK,X,1.108264,0.6939511
7/7/7/7/6/4/6/6/1 3 3,Z,1.6,0,BLOCK,Z,0.2750374,0.4252023
7/7/7/7/6/6/4/6/1 3 3,X,2.6666666666666666666666666666,0,BLOCK,X,0.4332312,0.6641231
7/7/7/7/6/6/6/4/1 3 3,Z,2,0,BLOCK,Z,1.675746,0.999683
7/7/7/7/4/6/6/5/4 3 3,X,1.4285714285714285714285714286,0,BLOCK,X,0.5383136,0.5163846
7/7/7/7/6/4/6/5/4 3 3,Z,2,0,BLOCK,Z,0.7410728,0.7574481
7/7/7/7/6/6/4/5/4 3 3,X,1.3333333333333333333333333334,0,BLOCK,X,0.2925773,0.3421652
7/7/7/7/6/6/6/1/4 3 3,Z,-2,0,BLOCK,Z,0.2340551,0.2864545
7/7/7/7/4/6/6/5/2 3 3,X,1.7142857142857142857142857142,0,BLOCK,X,0.4327242,0.6178343
7/7/7/7/6/4/6/5/2 3 3,Z,2,0,BLOCK,Z,0.7551206,0.7638699
7/7/7/7/6/6/4/5/2 3 3,X,2,0,BLOCK,X,0.5519108,0.7307383
7/7/7/7/6/6/6/1/2 3 3,Z,-2,0,BLOCK,Z,0.4087008,0.4850695
7/7/7/7/4/6/6/5/1 3 3,X,2,0,BLOCK,X,0.331032,0.5173331
7/7/7/7/6/4/6/5/1 3 3,Z,2,0,BLOCK,Z,0.863882,0.7242931
7/7/7/7/6/6/4/5/1 3 3,X,2.6666666666666666666666666666,0,BLOCK,X,1.79378,1.130063
7/7/7/7/6/6/6/1/1 3 3,Z,-2,2,BLOCK,Z,1.638317,0.9889845
7/7/7/7/4/6/6/3/4 3 3,X,1.4285714285714285714285714286,0,BLOCK,X,0.3255554,0.281201
7/7/7/7/6/4/6/3/4 3 3,Z,2.4,2,BLOCK,Z,1.497187,0.9532491
7/7/7/7/6/6/4/3/4 3 3,X,1.3333333333333333333333333334,0,BLOCK,X,0.1728026,0.2598207
7/7/7/7/4/6/6/3/2 3 3,X,1.7142857142857142857142857142,0,BLOCK,X,0.6536825,0.5747041
7/7/7/7/6/4/6/3/2 3 3,Z,2.4,0,BLOCK,Z,0.5987688,0.7785902
7/7/7/7/6/6/4/3/2 3 3,X,2,2,BLOCK,X,1.580721,0.9324927
7/7/7/7/4/6/6/3/1 3 3,X,2,0,BLOCK,X,0.5521768,0.6674821
7/7/7/7/6/4/6/3/1 3 3,Z,2.4,2,BLOCK,Z,1.479272,0.8831395
7/7/7/7/6/6/4/3/1 3 3,X,2.6666666666666666666666666666,0,BLOCK,X,0.2220198,0.348666
7/7/7/7/4/6/5/2/6 3 3,X,1.7142857142857142857142857142,0,BLOCK,X,0.5219212,0.5781149
7/7/7/7/6/4/5/2/6 3 3,Z,2,2,BLOCK,Z,1.191316,0.7963965
7/7/7/7/6/6/1/2/6 3 3,X,-2.6666666666666666666666666666,0,BLOCK,X,0.7915674,0.8327977
7/7/7/7/4/6/5/2/5 3 3,X,2,0,BLOCK,X,0.6351157,0.5716116
7/7/7/7/6/4/5/2/5 3 3,Z,2,0,BLOCK,Z,0.5324301,0.7281033
7/7/7/7/6/6/1/2/5 3 3,X,-2,0,BLOCK,X,0.6249794,0.5869209
7/7/7/7/4/6/5/2/3 3 3,X,2.2857142857142857142857142858,0,BLOCK,X,0.5698304,0.7496269
7/7/7/7/6/4/5/2/3 3 3,Z,2,0,BLOCK,Z,0.5400498,0.6448242
7/7/7/7/6/6/1/2/3 3 3,X,-1.3333333333333333333333333334,0,BLOCK,X,0.639594,0.4908198
7/7/7/7/4/6/5/6/4 3 3,X,1.7142857142857142857142857142,0,BLOCK,X,0.4559589,0.5179047
7/7/7/7/6/4/5/6/4 3 3,Z,1.6,2,BLOCK,Z,1.170926,0.72351
7/7/7/7/6/6/1/6/4 3 3,X,-2.6666666666666666666666666666,0,BLOCK,X,0.5615337,0.6874315
7/7/7/7/6/6/5/4/4 3 3,Z,2,0,BLOCK,Z,0.2988837,0.4172221
7/7/7/7/4/6/5/6/2 3 3,X,2,0,BLOCK,X,0.6918636,0.7387542
7/7/7/7/6/4/5/6/2 3 3,Z,1.6,0,BLOCK,Z,0.9965251,0.7718133
7/7/7/7/6/6/1/6/2 3 3,X,-2,0,BLOCK,X,0.5312656,0.6287804
7/7/7/7/6/6/5/4/2 3 3,Z,2,0,BLOCK,Z,1.725034,1.039202
7/7/7/7/4/6/5/6/1 3 3,X,2.2857142857142857142857142858,0,BLOCK,X,0.6517011,0.7291873
7/7/7/7/6/4/5/6/1 3 3,Z,1.6,0,BLOCK,Z,0.4376504,0.578987
7/7/7/7/6/6/1/6/1 3 3,X,-1.3333333333333333333333333334,0,BLOCK,X,0.2539169,0.2198039
7/7/7/7/6/6/5/4/1 3 3,Z,2,0,BLOCK,Z,0.3298245,0.4503075
7/7/7/7/4/6/5/5/4 3 3,X,1.7142857142857142857142857142,0,BLOCK,X,0.6974134,0.5364316
7/7/7/7/6/4/5/5/4 3 3,Z,2,0,BLOCK,Z,0.8081703,0.7468764
7/7/7/7/6/6/1/5/4 3 3,X,-2.6666666666666666666666666666,0,BLOCK,X,0.628363,0.6470904
7/7/7/7/6/6/5/1/4 3 3,Z,-2,2,BLOCK,Z,1.626997,0.9948177
7/7/7/7/4/6/5/5/2 3 3,X,2,2,BLOCK,X,1.110093,0.7468146
7/7/7/7/6/4/5/5/2 3 3,Z,2,0,BLOCK,Z,1.2471,0.830452
7/7/7/7/6/6/1/5/2 3 3,X,-2,0,BLOCK,X,1.45351,1.005386
7/7/7/7/6/6/5/1/2 3 3,Z,-2,0,BLOCK,Z,1.689525,0.9912678
7/7/7/7/4/6/5/5/1 3 3,X,2.2857142857142857142857142858,0,BLOCK,X,0.8214995,0.8246226
7/7/7/7/6/4/5/5/1 3 3,Z,2,0,BLOCK,Z,0.7455323,0.6123293
7/7/7/7/6/6/1/5/1 3 3,X,-1.3333333333333333333333333334,2,BLOCK,X,0.8917968,0.5292185
7/7/7/7/6/6/5/1/1 3 3,Z,-2,0,BLOCK,Z,0.2824521,0.3222656
7/7/7/7/4/6/5/3/4 3 3,X,1.7142857142857142857142857142,0,BLOCK,X,0.7005202,0.4774122
7/7/7/7/6/4/5/3/4 3 3,Z,2.4,0,BLOCK,Z,0.713919,0.8870171
7/7/7/7/6/6/1/3/4 3 3,X,-2.6666666666666666666666666666,2,BLOCK,X,1.619826,0.9643539
7/7/7/7/4/6/5/3/2 3 3,X,2,0,BLOCK,X,0.5284377,0.6007692
7/7/7/7/6/4/5/3/2 3 3,Z,2.4,0,BLOCK,Z,0.6117612,0.6391544
7/7/7/7/6/6/1/3/2 3 3,X,-2,0,BLOCK,X,0.6910599,0.7257071
7/7/7/7/4/6/5/3/1 3 3,X,2.2857142857142857142857142858,2,BLOCK,X,1.136913,0.7312123
7/7/7/7/6/4/5/3/1 3 3,Z,2.4,0,BLOCK,Z,1.017827,0.782958
7/7/7/7/6/6/1/3/1 3 3,X,-1.3333333333333333333333333334,0,BLOCK,X,0.9602678,0.5387665
7/7/7/7/4/6/3/2/6 3 3,X,2,0,BLOCK,X,0.7735227,0.8536031
7/7/7/7/6/4/3/2/6 3 3,Z,2,0,BLOCK,Z,0.4701788,0.4792273
7/7/7/7/6/6/3/2/4 3 3,X,-1,2,BLOCK,X,1.330944,0.8342372
7/7/7/7/4/6/3/2/5 3 3,X,2.2857142857142857142857142858,0,BLOCK,X,0.3739184,0.655246
7/7/7/7/6/4/3/2/5 3 3,Z,2,0,BLOCK,Z,0.5204749,0.612185
7/7/7/7/4/6/3/2/3 3 3,X,2.5714285714285714285714285714,0,BLOCK,X,0.5285205,0.6975784
7/7/7/7/6/4/3/2/3 3 3,Z,2,2,BLOCK,Z,1.253879,0.8820124
7/7/7/7/4/6/3/6/4 3 3,X,2,0,BLOCK,X,0.4089405,0.6991038
7/7/7/7/6/4/3/6/4 3 3,Z,1.6,0,BLOCK,Z,0.3932264,0.5546315
7/7/7/7/6/6/3/4/4 3 3,Z,2,0,BLOCK,Z,1.697447,1.023423
7/7/7/7/4/6/3/6/2 3 3,X,2.2857142857142857142857142858,0,BLOCK,X,0.3232706,0.5884125
7/7/7/7/6/4/3/6/2 3 3,Z,1.6,0,BLOCK,Z,0.6470117,0.685997
7/7/7/7/6/6/3/4/2 3 3,Z,2,0,BLOCK,Z,0.2621969,0.368016
7/7/7/7/4/6/3/6/1 3 3,X,2.5714285714285714285714285714,2,BLOCK,X,1.284571,0.7762381
7/7/7/7/6/4/3/6/1 3 3,Z,1.6,0,BLOCK,Z,0.2735138,0.601063
7/7/7/7/6/6/3/4/1 3 3,Z,2,0,BLOCK,Z,0.3259088,0.4301958
7/7/7/7/4/6/3/5/4 3 3,X,2,0,BLOCK,X,0.2764325,0.5366471
7/7/7/7/6/4/3/5/4 3 3,Z,2,0,BLOCK,Z,0.6141553,0.7596303
7/7/7/7/6/6/3/1/4 3 3,Z,-2,0,BLOCK,Z,1.608628,1.043695
7/7/7/7/4/6/3/5/2 3 3,X,2.2857142857142857142857142858,0,BLOCK,X,0.6305521,0.6835203
7/7/7/7/6/4/3/5/2 3 3,Z,2,0,BLOCK,Z,0.834042,0.8001498
7/7/7/7/6/6/3/1/2 3 3,Z,-2,0,BLOCK,Z,0.147411,0.2263331
7/7/7/7/4/6/3/5/1 3 3,X,2.5714285714285714285714285714,0,BLOCK,X,0.403024,0.6873242
7/7/7/7/6/4/3/5/1 3 3,Z,2,0,BLOCK,Z,0.4125682,0.7305032
7/7/7/7/6/6/3/1/1 3 3,Z,-2,2,BLOCK,Z,1.632213,1.008837
7/7/7/7/4/6/3/3/4 3 3,X,2,0,BLOCK,X,0.5563972,0.5959761
7/7/7/7/6/4/3/3/4 3 3,Z,2.4,0,BLOCK,Z,0.7095554,0.7394109
7/7/7/7/4/6/3/3/2 3 3,X,2.2857142857142857142857142858,0,BLOCK,X,0.2928587,0.5356901
7/7/7/7/6/4/3/3/2 3 3,Z,2.4,0,BLOCK,Z,0.6720904,0.7876203
7/7/7/7/4/6/3/3/1 3 3,X,2.5714285714285714285714285714,0,BLOCK,X,0.2639718,0.5788752
7/7/7/7/6/4/3/3/1 3 3,Z,2.4,0,BLOCK,Z,0.7764955,0.7404712
7/7/7/7/4/6/7/2/4 3 3,X,1.7142857142857142857142857142,0,BLOCK,X,0.561835,0.5294652
7/7/7/7/6/4/7/2/4 3 3,Z,2,0,BLOCK,Z,0.6630225,0.6523642
7/7/7/7/4/6/7/2/2 3 3,X,2,0,BLOCK,X,0.4200118,0.6328803
7/7/7/7/6/4/7/2/2 3 3,Z,2,0,BLOCK,Z,0.473822,0.4974561
7/7/7/7/4/6/7/2/1 3 3,X,2.2857142857142857142857142858,0,BLOCK,X,0.6699007,0.7597688
7/7/7/7/6/4/7/2/1 3 3,Z,2,0,BLOCK,Z,0.3066596,0.5639681
7/7/7/7/4/5/2/2/7 3 3,X,2,0,BLOCK,X,0.3392848,0.3958321
7/7/7/7/6/1/2/2/7 3 3,Z,-2,0,BLOCK,Z,0.6527266,0.6142772
7/7/7/7/4/5/2/6/6 3 3,X,1.7142857142857142857142857142,2,BLOCK,X,1.269095,0.7714214
7/7/7/7/6/1/2/6/6 3 3,Z,-2.4,0,BLOCK,Z,0.488508,0.6927017
7/7/7/7/6/5/2/4/6 3 3,Z,2,0,BLOCK,Z,0.08747344,0.2433977
7/7/7/7/4/5/2/6/5 3 3,X,2,2,BLOCK,X,1.110508,0.6648714
7/7/7/7/6/1/2/6/5 3 3,Z,-2.4,0,BLOCK,Z,0.5209987,0.7604343
7/7/7/7/6/5/2/4/5 3 3,Z,2,0,BLOCK,Z,1.717925,1.050902
7/7/7/7/4/5/2/6/3 3 3,X,2.2857142857142857142857142858,2,BLOCK,X,1.089417,0.6866927
7/7/7/7/6/1/2/6/3 3 3,Z,-2.4,2,BLOCK,Z,1.274183,0.8395259
7/7/7/7/6/5/2/4/3 3 3,Z,2,0,BLOCK,Z,0.0855319,0.2096568
7/7/7/7/4/5/2/5/6 3 3,X,1.7142857142857142857142857142,0,BLOCK,X,0.2824237,0.3956778
7/7/7/7/6/1/2/5/6 3 3,Z,-2,0,BLOCK,Z,0.5099894,0.6653943
7/7/7/7/6/5/2/1/6 3 3,Z,-2,0,BLOCK,Z,0.04938482,0.1861593
7/7/7/7/4/5/2/5/5 3 3,X,2,0,BLOCK,X,0.3651239,0.4483248
7/7/7/7/6/1/2/5/5 3 3,Z,-2,0,BLOCK,Z,0.4999571,0.6717021
7/7/7/7/6/5/2/1/5 3 3,Z,-2,2,BLOCK,Z,1.694081,1.030265
7/7/7/7/4/5/2/5/3 3 3,X,2.2857142857142857142857142858,2,BLOCK,X,1.064495,0.6524799
7/7/7/7/6/1/2/5/3 3 3,Z,-2,0,BLOCK,Z,0.5709771,0.8929868
7/7/7/7/6/5/2/1/3 3 3,Z,-2,0,BLOCK,Z,0.07971535,0.2354407
7/7/7/7/4/5/2/3/6 3 3,X,1.7142857142857142857142857142,0,BLOCK,X,0.154725,0.3577194
7/7/7/7/6/1/2/3/6 3 3,Z,-1.6,2,BLOCK,Z,1.1116,0.6186602
7/7/7/7/4/5/2/3/5 3 3,X,2,0,BLOCK,X,0.3474917,0.4486146
7/7/7/7/6/1/2/3/5 3 3,Z,-1.6,0,BLOCK,Z,0.6271052,0.6137018
7/7/7/7/4/5/2/3/3 3 3,X,2.2857142857142857142857142858,0,BLOCK,X,0.55352,0.5822139
7/7/7/7/6/1/2/3/3 3 3,Z,-1.6,2,BLOCK,Z,1.044562,0.6308348
7/7/7/7/4/5/2/7/4 3 3,X,1.7142857142857142857142857142,0,BLOCK,X,0.329833,0.4978147
7/7/7/7/6/1/2/7/4 3 3,Z,-2,0,BLOCK,Z,0.5421588,0.8021742
7/7/7/7/4/5/2/7/2 3 3,X,2,0,BLOCK,X,0.7418263,0.6593249
7/7/7/7/6/1/2/7/2 3 3,Z,-2,0,BLOCK,Z,0.8428836,0.8884802
7/7/7/7/4/5/2/7/1 3 3,X,2.2857142857142857142857142858,0,BLOCK,X,0.5413086,0.683319
7/7/7/7/6/1/2/7/1 3 3,Z,-2,2,BLOCK,Z,1.327812,0.8231941
7/7/7/7/4/5/6/2/6 3 3,X,1.4285714285714285714285714286,0,BLOCK,X,0.3291394,0.4309522
7/7/7/7/6/1/6/2/6 3 3,Z,-2,0,BLOCK,Z,0.4631566,0.7127835
7/7/7/7/6/5/4/2/6 3 3,X,1.3333333333333333333333333334,0,BLOCK,X,0.5426199,0.5637749
7/7/7/7/4/5/6/2/5 3 3,X,1.7142857142857142857142857142,0,BLOCK,X,0.1895925,0.4024985
7/7/7/7/6/1/6/2/5 3 3,Z,-2,0,BLOCK,Z,0.6891969,0.7939374
7/7/7/7/6/5/4/2/5 3 3,X,2,2,BLOCK,X,1.353753,0.8388333
7/7/7/7/6/5/6/2/1 3 3,X,1,0,BLOCK,X,1.171049,0.797398
7/7/7/7/4/5/6/2/3 3 3,X,2,0,BLOCK,X,0.3061826,0.4866515
7/7/7/7/6/1/6/2/3 3 3,Z,-2,0,BLOCK,Z,0.1948796,0.3858024
7/7/7/7/6/5/4/2/3 3 3,X,2.6666666666666666666666666666,0,BLOCK,X,1.674007,1.03174
7/7/7/7/4/5/6/6/4 3 3,X,1.4285714285714285714285714286,0,BLOCK,X,0.5320975,0.4713587
7/7/7/7/6/1/6/6/4 3 3,Z,-2.4,0,BLOCK,Z,0.8866351,0.7871944
7/7/7/7/6/5/4/6/4 3 3,X,1.3333333333333333333333333334,0,BLOCK,X,0.2305755,0.3738159
7/7/7/7/6/5/6/4/4 3 3,Z,2,0,BLOCK,Z,0.1553905,0.2638159
7/7/7/7/4/5/6/6/2 3 3,X,1.7142857142857142857142857142,0,BLOCK,X,0.4227998,0.5693954
7/7/7/7/6/1/6/6/2 3 3,Z,-2.4,0,BLOCK,Z,0.4085584,0.6904467
7/7/7/7/6/5/4/6/2 3 3,X,2,0,BLOCK,X,0.6893566,0.8703666
7/7/7/7/6/5/6/4/2 3 3,Z,2,0,BLOCK,Z,0.1397491,0.2478608
7/7/7/7/4/5/6/6/1 3 3,X,2,0,BLOCK,X,0.3479857,0.6557417
7/7/7/7/6/1/6/6/1 3 3,Z,-2.4,2,BLOCK,Z,1.491608,0.9044915
7/7/7/7/6/5/4/6/1 3 3,X,2.6666666666666666666666666666,0,BLOCK,X,1.617962,1.058894
7/7/7/7/6/5/6/4/1 3 3,Z,2,0,BLOCK,Z,1.227351,0.5818006
7/7/7/7/4/5/6/5/4 3 3,X,1.4285714285714285714285714286,0,BLOCK,X,0.4054484,0.4982197
7/7/7/7/6/1/6/5/4 3 3,Z,-2,0,BLOCK,Z,0.6437223,0.7982811
7/7/7/7/6/5/4/5/4 3 3,X,1.3333333333333333333333333334,0,BLOCK,X,0.2832144,0.383714
7/7/7/7/6/5/6/1/4 3 3,Z,-2,0,BLOCK,Z,0.149222,0.2945834
7/7/7/7/4/5/6/5/2 3 3,X,1.7142857142857142857142857142,0,BLOCK,X,0.2988528,0.528696
7/7/7/7/6/1/6/5/2 3 3,Z,-2,0,BLOCK,Z,0.7514226,0.7994761
7/7/7/7/6/5/4/5/2 3 3,X,2,0,BLOCK,X,0.5822685,0.7937868
7/7/7/7/6/5/6/1/2 3 3,Z,-2,0,BLOCK,Z,0.09983978,0.222619
7/7/7/7/4/5/6/5/1 3 3,X,2,0,BLOCK,X,0.5770035,0.6762451
7/7/7/7/6/1/6/5/1 3 3,Z,-2,0,BLOCK,Z,0.7085822,0.7653204
7/7/7/7/6/5/4/5/1 3 3,X,2.6666666666666666666666666666,0,BLOCK,X,0.5714478,0.7286724
7/7/7/7/6/5/6/1/1 3 3,Z,-2,0,BLOCK,Z,1.130666,0.5366437
7/7/7/7/4/5/6/3/4 3 3,X,1.4285714285714285714285714286,0,BLOCK,X,0.5757648,0.5237038
7/7/7/7/6/1/6/3/4 3 3,Z,-1.6,0,BLOCK,Z,0.4358881,0.5872371
7/7/7/7/6/5/4/3/4 3 3,X,1.3333333333333333333333333334,2,BLOCK,X,1.019918,0.6188745
7/7/7/7/4/5/6/3/2 3 3,X,1.7142857142857142857142857142,0,BLOCK,X,0.2897628,0.4756106
7/7/7/7/6/1/6/3/2 3 3,Z,-1.6,0,BLOCK,Z,0.2467435,0.4594883
7/7/7/7/6/5/4/3/2 3 3,X,2,0,BLOCK,X,0.6003547,0.7744359
7/7/7/7/4/5/6/3/1 3 3,X,2,0,BLOCK,X,0.4170902,0.5777674
7/7/7/7/6/1/6/3/1 3 3,Z,-1.6,2,BLOCK,Z,1.058215,0.7183726
7/7/7/7/6/5/4/3/1 3 3,X,2.6666666666666666666666666666,0,BLOCK,X,1.761624,1.126028
7/7/7/7/4/5/5/2/6 3 3,X,1.7142857142857142857142857142,0,BLOCK,X,0.3616627,0.5122608
7/7/7/7/6/1/5/2/6 3 3,Z,-2,0,BLOCK,Z,0.3361493,0.644001
7/7/7/7/6/5/1/2/6 3 3,X,-2.6666666666666666666666666666,0,BLOCK,X,1.673065,0.9718777
7/7/7/7/4/5/5/2/5 3 3,X,2,0,BLOCK,X,0.6334321,0.6381418
7/7/7/7/6/1/5/2/5 3 3,Z,-2,0,BLOCK,Z,0.4894215,0.7131432
7/7/7/7/6/5/1/2/5 3 3,X,-2,2,BLOCK,X,1.187241,0.7131612
7/7/7/7/4/5/5/2/3 3 3,X,2.2857142857142857142857142858,2,BLOCK,X,1.085435,0.7289166
7/7/7/7/6/1/5/2/3 3 3,Z,-2,2,BLOCK,Z,1.350285,0.8254725
7/7/7/7/6/5/1/2/3 3 3,X,-1.3333333333333333333333333334,0,BLOCK,X,0.4051813,0.2611156
7/7/7/7/4/5/5/6/4 3 3,X,1.7142857142857142857142857142,2,BLOCK,X,0.9572697,0.6167849
7/7/7/7/6/1/5/6/4 3 3,Z,-2.4,0,BLOCK,Z,0.7117816,0.772557
7/7/7/7/6/5/1/6/4 3 3,X,-2.6666666666666666666666666666,2,BLOCK,X,1.635896,1.035154
7/7/7/7/6/5/5/4/4 3 3,Z,2,0,BLOCK,Z,0.1400233,0.2917684
7/7/7/7/4/5/5/6/2 3 3,X,2,0,BLOCK,X,0.6700851,0.6801008
7/7/7/7/6/1/5/6/2 3 3,Z,-2.4,0,BLOCK,Z,0.7156789,0.8141703
7/7/7/7/6/5/1/6/2 3 3,X,-2,2,BLOCK,X,1.556504,0.9373215
7/7/7/7/6/5/5/4/2 3 3,Z,2,0,BLOCK,Z,1.71243,1.030637
7/7/7/7/4/5/5/6/1 3 3,X,2.2857142857142857142857142858,0,BLOCK,X,0.6391075,0.774909
7/7/7/7/6/1/5/6/1 3 3,Z,-2.4,0,BLOCK,Z,0.5484405,0.6698678
7/7/7/7/6/5/1/6/1 3 3,X,-1.3333333333333333333333333334,0,BLOCK,X,0.3754051,0.2662719
7/7/7/7/6/5/5/4/1 3 3,Z,2,2,BLOCK,Z,1.62029,0.9842275
7/7/7/7/4/5/5/5/4 3 3,X,1.7142857142857142857142857142,0,BLOCK,X,0.5712354,0.5374728
7/7/7/7/6/1/5/5/4 3 3,Z,-2,0,BLOCK,Z,0.7020957,0.7519783
7/7/7/7/6/5/1/5/4 3 3,X,-2.6666666666666666666666666666,0,BLOCK,X,0.616959,0.7046176
7/7/7/7/6/5/5/1/4 3 3,Z,-2,0,BLOCK,Z,0.1261457,0.288744
7/7/7/7/4/5/5/5/2 3 3,X,2,0,BLOCK,X,0.4731646,0.6539974
7/7/7/7/6/1/5/5/2 3 3,Z,-2,0,BLOCK,Z,0.7746094,0.6879994
7/7/7/7/6/5/1/5/2 3 3,X,-2,2,BLOCK,X,1.50744,0.8932102
7/7/7/7/6/5/5/1/2 3 3,Z,-2,0,BLOCK,Z,1.719063,1.032098
7/7/7/7/4/5/5/5/1 3 3,X,2.2857142857142857142857142858,2,BLOCK,X,1.132704,0.7577298
7/7/7/7/6/1/5/5/1 3 3,Z,-2,0,BLOCK,Z,0.6346477,0.6536341
7/7/7/7/6/5/1/5/1 3 3,X,-1.3333333333333333333333333334,2,BLOCK,X,0.9327159,0.5706616
7/7/7/7/6/5/5/1/1 3 3,Z,-2,0,BLOCK,Z,0.2316861,0.3608039
7/7/7/7/4/5/5/3/4 3 3,X,1.7142857142857142857142857142,0,BLOCK,X,0.5127822,0.5532649
7/7/7/7/6/1/5/3/4 3 3,Z,-1.6,0,BLOCK,Z,0.725763,0.664158
7/7/7/7/6/5/1/3/4 3 3,X,-2.6666666666666666666666666666,0,BLOCK,X,0.5015281,0.5375106
7/7/7/7/4/5/5/3/2 3 3,X,2,0,BLOCK,X,0.4978694,0.7102833
7/7/7/7/6/1/5/3/2 3 3,Z,-1.6,0,BLOCK,Z,0.3011439,0.4284545
7/7/7/7/6/5/1/3/2 3 3,X,-2,2,BLOCK,X,1.540079,0.845372
7/7/7/7/4/5/5/3/1 3 3,X,2.2857142857142857142857142858,0,BLOCK,X,0.4946664,0.7384914
7/7/7/7/6/1/5/3/1 3 3,Z,-1.6,0,BLOCK,Z,0.5193689,0.5324109
7/7/7/7/6/5/1/3/1 3 3,X,-1.3333333333333333333333333334,2,BLOCK,X,0.9934703,0.5935242
7/7/7/7/4/5/3/2/6 3 3,X,2,0,BLOCK,X,0.3982802,0.7875945
7/7/7/7/6/1/3/2/6 3 3,Z,-2,0,BLOCK,Z,0.4196994,0.4747049
7/7/7/7/6/5/3/2/4 3 3,X,-1,2,BLOCK,X,1.334159,0.9177079
7/7/7/7/4/5/3/2/5 3 3,X,2.2857142857142857142857142858,0,BLOCK,X,0.414457,0.6511022
7/7/7/7/6/1/3/2/5 3 3,Z,-2,0,BLOCK,Z,0.7937353,0.6738909
7/7/7/7/4/5/3/2/3 3 3,X,2.5714285714285714285714285714,0,BLOCK,X,0.5982702,0.737007
7/7/7/7/6/1/3/2/3 3 3,Z,-2,0,BLOCK,Z,0.6210877,0.6941906
7/7/7/7/4/5/3/6/4 3 3,X,2,0,BLOCK,X,0.3572036,0.7633566
7/7/7/7/6/1/3/6/4 3 3,Z,-2.4,0,BLOCK,Z,0.6810758,0.6255599
7/7/7/7/6/5/3/4/4 3 3,Z,2,0,BLOCK,Z,1.70349,1.030198
7/7/7/7/4/5/3/6/2 3 3,X,2.2857142857142857142857142858,0,BLOCK,X,0.5257702,0.7317049
7/7/7/7/6/1/3/6/2 3 3,Z,-2.4,0,BLOCK,Z,1.524211,0.9993458
7/7/7/7/6/5/3/4/2 3 3,Z,2,0,BLOCK,Z,0.1273604,0.248732
7/7/7/7/4/5/3/6/1 3 3,X,2.5714285714285714285714285714,0,BLOCK,X,0.3460952,0.6134435
7/7/7/7/6/1/3/6/1 3 3,Z,-2.4,0,BLOCK,Z,0.6322399,0.7238298
7/7/7/7/6/5/3/4/1 3 3,Z,2,0,BLOCK,Z,0.3645387,0.4755651
7/7/7/7/4/5/3/5/4 3 3,X,2,0,BLOCK,X,0.3735107,0.6979874
7/7/7/7/6/1/3/5/4 3 3,Z,-2,0,BLOCK,Z,0.7740033,0.730871
7/7/7/7/6/5/3/1/4 3 3,Z,-2,2,BLOCK,Z,1.657368,1.008855
7/7/7/7/4/5/3/5/2 3 3,X,2.2857142857142857142857142858,0,BLOCK,X,0.6363826,0.7132204
7/7/7/7/6/1/3/5/2 3 3,Z,-2,0,BLOCK,Z,0.585924,0.7481796
7/7/7/7/6/5/3/1/2 3 3,Z,-2,0,BLOCK,Z,0.1303519,0.2653359
7/7/7/7/4/5/3/5/1 3 3,X,2.5714285714285714285714285714,0,BLOCK,X,0.3673897,0.5852816
7/7/7/7/6/1/3/5/1 3 3,Z,-2,0,BLOCK,Z,0.4942437,0.7256523
7/7/7/7/6/5/3/1/1 3 3,Z,-2,2,BLOCK,Z,1.625113,1.004473
7/7/7/7/4/5/3/3/4 3 3,X,2,0,BLOCK,X,0.3834429,0.7408964
7/7/7/7/6/1/3/3/4 3 3,Z,-1.6,0,BLOCK,Z,0.34313,0.5335029
7/7/7/7/4/5/3/3/2 3 3,X,2.2857142857142857142857142858,0,BLOCK,X,0.583122,0.7655095
7/7/7/7/6/1/3/3/2 3 3,Z,-1.6,2,BLOCK,Z,1.154473,0.6542073
7/7/7/7/4/5/3/3/1 3 3,X,2.5714285714285714285714285714,0,BLOCK,X,0.4022536,0.6418371
7/7/7/7/6/1/3/3/1 3 3,Z,-1.6,0,BLOCK,Z,0.5868737,0.7038605
7/7/7/7/4/5/7/2/4 3 3,X,1.7142857142857142857142857142,0,BLOCK,X,0.477325,0.60034
7/7/7/7/6/1/7/2/4 3 3,Z,-2,0,BLOCK,Z,0.5905787,0.6262685
7/7/7/7/4/5/7/2/2 3 3,X,2,0,BLOCK,X,0.5566097,0.7271695
7/7/7/7/6/1/7/2/2 3 3,Z,-2,0,BLOCK,Z,1.494558,0.9435745
7/7/7/7/4/5/7/2/1 3 3,X,2.2857142857142857142857142858,0,BLOCK,X,0.4706639,0.7460355
7/7/7/7/6/1/7/2/1 3 3,Z,-2,0,BLOCK,Z,0.1797657,0.2756428
7/7/7/7/4/3/2/2/7 3 3,X,2,2,BLOCK,X,1.051973,0.7714401
7/7/7/7/4/3/2/6/6 3 3,X,1.7142857142857142857142857142,0,BLOCK,X,0.2091861,0.3611315
7/7/7/7/6/3/2/4/6 3 3,Z,2,0,BLOCK,Z,0.3401997,0.2868311
7/7/7/7/4/3/2/6/5 3 3,X,2,2,BLOCK,X,1.38612,0.9012008
7/7/7/7/6/3/2/4/5 3 3,Z,2,0,BLOCK,Z,1.562608,1.011507
7/7/7/7/4/3/2/6/3 3 3,X,2.2857142857142857142857142858,2,BLOCK,X,1.086775,0.666294
7/7/7/7/6/3/2/4/3 3 3,Z,2,0,BLOCK,Z,1.550586,0.997191
7/7/7/7/4/3/2/5/6 3 3,X,1.7142857142857142857142857142,0,BLOCK,X,0.1916735,0.4189747
7/7/7/7/6/3/2/1/6 3 3,Z,-2,0,BLOCK,Z,0.2014016,0.3264409
7/7/7/7/4/3/2/5/5 3 3,X,2,0,BLOCK,X,0.01885496,0.1573306
7/7/7/7/6/3/2/1/5 3 3,Z,-2,0,BLOCK,Z,1.657621,1.050389
7/7/7/7/4/3/2/5/3 3 3,X,2.2857142857142857142857142858,0,BLOCK,X,0.3144574,0.6035043
7/7/7/7/6/3/2/1/3 3 3,Z,-2,0,BLOCK,Z,1.778085,1.07269
7/7/7/7/4/3/2/3/6 3 3,X,1.7142857142857142857142857142,0,BLOCK,X,0.1329298,0.2871344
7/7/7/7/4/3/2/3/5 3 3,X,2,0,BLOCK,X,0.146669,0.2917144
7/7/7/7/4/3/2/3/3 3 3,X,2.2857142857142857142857142858,0,BLOCK,X,0.2567098,0.4784684
7/7/7/7/4/3/2/7/4 3 3,X,1.7142857142857142857142857142,0,BLOCK,X,0.4869371,0.5966154
7/7/7/7/4/3/2/7/2 3 3,X,2,0,BLOCK,X,0.1919675,0.3426478
7/7/7/7/4/3/2/7/1 3 3,X,2.2857142857142857142857142858,0,BLOCK,X,0.3491938,0.5003911
7/7/7/7/4/3/6/2/6 3 3,X,1.4285714285714285714285714286,0,BLOCK,X,0.4932156,0.4862033
7/7/7/7/6/3/4/2/6 3 3,X,1.3333333333333333333333333334,0,BLOCK,X,0.4124125,0.5231091
7/7/7/7/4/3/6/2/5 3 3,X,1.7142857142857142857142857142,0,BLOCK,X,0.5324662,0.4949208
7/7/7/7/6/3/4/2/5 3 3,X,2,0,BLOCK,X,0.6425796,0.7967315
7/7/7/7/6/3/6/2/1 3 3,X,1,0,BLOCK,X,0.8556667,0.9544165
7/7/7/7/4/3/6/2/3 3 3,X,2,0,BLOCK,X,0.4620301,0.6838169
7/7/7/7/6/3/4/2/3 3 3,X,2.6666666666666666666666666666,0,BLOCK,X,0.8867414,0.9834991
7/7/7/7/4/3/6/6/4 3 3,X,1.4285714285714285714285714286,0,BLOCK,X,0.2610438,0.3788946
7/7/7/7/6/3/4/6/4 3 3,X,1.3333333333333333333333333334,2,BLOCK,X,1.035147,0.6676518
7/7/7/7/6/3/6/4/4 3 3,Z,2,0,BLOCK,Z,0.2151775,0.291315
7/7/7/7/4/3/6/6/2 3 3,X,1.7142857142857142857142857142,0,BLOCK,X,0.2659146,0.484681
7/7/7/7/6/3/4/6/2 3 3,X,2,0,BLOCK,X,0.5202102,0.7522072
7/7/7/7/6/3/6/4/2 3 3,Z,2,0,BLOCK,Z,0.4196515,0.490121
7/7/7/7/4/3/6/6/1 3 3,X,2,0,BLOCK,X,0.3791335,0.5955546
7/7/7/7/6/3/4/6/1 3 3,X,2.6666666666666666666666666666,0,BLOCK,X,0.2295288,0.375653
7/7/7/7/6/3/6/4/1 3 3,Z,2,0,BLOCK,Z,1.626794,1.002862
7/7/7/7/4/3/6/5/4 3 3,X,1.4285714285714285714285714286,0,BLOCK,X,0.302028,0.4568528
7/7/7/7/6/3/4/5/4 3 3,X,1.3333333333333333333333333334,0,BLOCK,X,0.2355009,0.3372509
7/7/7/7/6/3/6/1/4 3 3,Z,-2,2,BLOCK,Z,1.633735,0.992534
7/7/7/7/4/3/6/5/2 3 3,X,1.7142857142857142857142857142,0,BLOCK,X,0.402623,0.5612189
7/7/7/7/6/3/4/5/2 3 3,X,2,0,BLOCK,X,1.289409,1.001623
7/7/7/7/6/3/6/1/2 3 3,Z,-2,0,BLOCK,Z,0.2544619,0.3524459
7/7/7/7/4/3/6/5/1 3 3,X,2,2,BLOCK,X,1.132991,0.7016498
7/7/7/7/6/3/4/5/1 3 3,X,2.6666666666666666666666666666,0,BLOCK,X,1.748501,1.191772
7/7/7/7/6/3/6/1/1 3 3,Z,-2,0,BLOCK,Z,1.746278,1.042199
7/7/7/7/4/3/6/3/4 3 3,X,1.4285714285714285714285714286,0,BLOCK,X,0.2446638,0.4101709
7/7/7/7/6/3/4/3/4 3 3,X,1.3333333333333333333333333334,0,BLOCK,X,0.4722461,0.5077146
7/7/7/7/4/3/6/3/2 3 3,X,1.7142857142857142857142857142,0,BLOCK,X,0.3483887,0.6179593
7/7/7/7/6/3/4/3/2 3 3,X,2,0,BLOCK,X,0.5455284,0.7094038
7/7/7/7/4/3/6/3/1 3 3,X,2,2,BLOCK,X,1.126111,0.7041812
7/7/7/7/6/3/4/3/1 3 3,X,2.6666666666666666666666666666,0,BLOCK,X,0.5044594,0.7407891
7/7/7/7/4/3/5/2/6 3 3,X,1.7142857142857142857142857142,2,BLOCK,X,1.02131,0.5414829
7/7/7/7/6/3/1/2/6 3 3,X,-2.6666666666666666666666666666,0,BLOCK,X,0.8168511,0.8581764
7/7/7/7/4/3/5/2/5 3 3,X,2,2,BLOCK,X,1.042779,0.5845262
7/7/7/7/6/3/1/2/5 3 3,X,-2,0,BLOCK,X,0.6259887,0.5846709
7/7/7/7/4/3/5/2/3 3 3,X,2.2857142857142857142857142858,0,BLOCK,X,0.4732572,0.6850264
7/7/7/7/6/3/1/2/3 3 3,X,-1.3333333333333333333333333334,0,BLOCK,X,0.3174632,0.3772286
7/7/7/7/4/3/5/6/4 3 3,X,1.7142857142857142857142857142,0,BLOCK,X,0.7418762,0.6513373
7/7/7/7/6/3/1/6/4 3 3,X,-2.6666666666666666666666666666,0,BLOCK,X,0.7110835,0.7200485
7/7/7/7/6/3/5/4/4 3 3,Z,2,0,BLOCK,Z,0.5420533,0.6083108
7/7/7/7/4/3/5/6/2 3 3,X,2,0,BLOCK,X,0.7227532,0.7249311
7/7/7/7/6/3/1/6/2 3 3,X,-2,0,BLOCK,X,1.547041,0.9441526
7/7/7/7/6/3/5/4/2 3 3,Z,2,0,BLOCK,Z,0.4688429,0.4709591
7/7/7/7/4/3/5/6/1 3 3,X,2.2857142857142857142857142858,0,BLOCK,X,0.5608221,0.7467578
7/7/7/7/6/3/1/6/1 3 3,X,-1.3333333333333333333333333334,0,BLOCK,X,0.9693983,0.6071954
7/7/7/7/6/3/5/4/1 3 3,Z,2,0,BLOCK,Z,0.2962117,0.3651138
7/7/7/7/4/3/5/5/4 3 3,X,1.7142857142857142857142857142,0,BLOCK,X,0.526145,0.5663022
7/7/7/7/6/3/1/5/4 3 3,X,-2.6666666666666666666666666666,0,BLOCK,X,1.646813,1.047439
7/7/7/7/6/3/5/1/4 3 3,Z,-2,0,BLOCK,Z,0.3144823,0.4202587
7/7/7/7/4/3/5/5/2 3 3,X,2,0,BLOCK,X,0.5365268,0.6639616
7/7/7/7/6/3/1/5/2 3 3,X,-2,0,BLOCK,X,1.601647,0.9761091
7/7/7/7/6/3/5/1/2 3 3,Z,-2,2,BLOCK,Z,1.740982,1.036108
7/7/7/7/4/3/5/5/1 3 3,X,2.2857142857142857142857142858,0,BLOCK,X,0.7982658,0.7831561
7/7/7/7/6/3/1/5/1 3 3,X,-1.3333333333333333333333333334,0,BLOCK,X,0.6615612,0.4547698
7/7/7/7/6/3/5/1/1 3 3,Z,-2,0,BLOCK,Z,0.3722284,0.532443
7/7/7/7/4/3/5/3/4 3 3,X,1.7142857142857142857142857142,0,BLOCK,X,0.6279764,0.6583626
7/7/7/7/6/3/1/3/4 3 3,X,-2.6666666666666666666666666666,0,BLOCK,X,0.5764794,0.55417
7/7/7/7/4/3/5/3/2 3 3,X,2,0,BLOCK,X,0.496551,0.6401301
7/7/7/7/6/3/1/3/2 3 3,X,-2,0,BLOCK,X,0.5425971,0.6600757
7/7/7/7/4/3/5/3/1 3 3,X,2.2857142857142857142857142858,0,BLOCK,X,0.7080473,0.779263
7/7/7/7/6/3/1/3/1 3 3,X,-1.3333333333333333333333333334,0,BLOCK,X,0.3967644,0.4097521
7/7/7/7/4/3/3/2/6 3 3,X,2,0,BLOCK,X,0.6270705,0.8691973
7/7/7/7/6/3/3/2/4 3 3,X,-1,2,BLOCK,X,1.358065,0.9421532
7/7/7/7/4/3/3/2/5 3 3,X,2.2857142857142857142857142858,0,BLOCK,X,0.3608629,0.6553015
7/7/7/7/4/3/3/2/3 3 3,X,2.5714285714285714285714285714,0,BLOCK,X,0.4144318,0.6747738
7/7/7/7/4/3/3/6/4 3 3,X,2,0,BLOCK,X,0.538904,0.7710831
7/7/7/7/6/3/3/4/4 3 3,Z,2,0,BLOCK,Z,1.554066,0.9856874
7/7/7/7/4/3/3/6/2 3 3,X,2.2857142857142857142857142858,0,BLOCK,X,0.150805,0.3381518
7/7/7/7/6/3/3/4/2 3 3,Z,2,0,BLOCK,Z,0.5448496,0.5715762
7/7/7/7/4/3/3/6/1 3 3,X,2.5714285714285714285714285714,0,BLOCK,X,0.4178828,0.5686185
7/7/7/7/6/3/3/4/1 3 3,Z,2,0,BLOCK,Z,1.109652,0.6698919
7/7/7/7/4/3/3/5/4 3 3,X,2,0,BLOCK,X,0.4002073,0.7016334
7/7/7/7/6/3/3/1/4 3 3,Z,-2,0,BLOCK,Z,1.655649,1.020617
7/7/7/7/4/3/3/5/2 3 3,X,2.2857142857142857142857142858,0,BLOCK,X,0.4530697,0.6538291
7/7/7/7/6/3/3/1/2 3 3,Z,-2,0,BLOCK,Z,0.2955955,0.4384051
7/7/7/7/4/3/3/5/1 3 3,X,2.5714285714285714285714285714,2,BLOCK,X,1.299473,0.80002
7/7/7/7/6/3/3/1/1 3 3,Z,-2,0,BLOCK,Z,0.361777,0.5236945
7/7/7/7/4/3/3/3/4 3 3,X,2,0,BLOCK,X,0.5072726,0.7672528
7/7/7/7/4/3/3/3/2 3 3,X,2.2857142857142857142857142858,0,BLOCK,X,0.7127714,0.6795668
7/7/7/7/4/3/3/3/1 3 3,X,2.5714285714285714285714285714,0,BLOCK,X,0.4202514,0.6253411
7/7/7/7/4/3/7/2/4 3 3,X,1.7142857142857142857142857142,0,BLOCK,X,0.593041,0.5091043
7/7/7/7/4/3/7/2/2 3 3,X,2,0,BLOCK,X,0.622027,0.7522069
7/7/7/7/4/3/7/2/1 3 3,X,2.2857142857142857142857142858,0,BLOCK,X,0.6752952,0.7698049
7/7/7/7/4/7/2/2/6 3 3,X,1.7142857142857142857142857142,0,BLOCK,X,0.2310876,0.5318854
7/7/7/7/6/7/2/2/4 3 3,X,-1,2,BLOCK,X,1.340561,0.9624792
7/7/7/7/4/7/2/2/5 3 3,X,2,0,BLOCK,X,0.1298402,0.3030446
7/7/7/7/6/7/2/2/1 3 3,X,1,2,BLOCK,X,1.382833,0.9740165
7/7/7/7/4/7/2/2/3 3 3,X,2.2857142857142857142857142858,2,BLOCK,X,1.183061,0.7802257
7/7/7/7/4/7/2/6/4 3 3,X,1.7142857142857142857142857142,2,BLOCK,X,1.456012,0.9091588
7/7/7/7/6/7/2/4/4 3 3,Z,2,0,BLOCK,Z,1.705776,1.032137
7/7/7/7/4/7/2/6/2 3 3,X,2,0,BLOCK,X,0.4970755,0.5307296
7/7/7/7/6/7/2/4/2 3 3,Z,2,0,BLOCK,Z,0.1217527,0.2300254
7/7/7/7/4/7/2/6/1 3 3,X,2.2857142857142857142857142858,0,BLOCK,X,0.3978005,0.5440211
7/7/7/7/6/7/2/4/1 3 3,Z,2,2,BLOCK,Z,1.623027,0.9836854
7/7/7/7/4/7/2/5/4 3 3,X,1.7142857142857142857142857142,0,BLOCK,X,0.2092696,0.5109559
7/7/7/7/6/7/2/1/4 3 3,Z,-2,0,BLOCK,Z,1.736815,1.025559
7/7/7/7/4/7/2/5/2 3 3,X,2,0,BLOCK,X,0.3014975,0.4968069
7/7/7/7/6/7/2/1/2 3 3,Z,-2,0,BLOCK,Z,0.1298558,0.2422163
7/7/7/7/4/7/2/5/1 3 3,X,2.2857142857142857142857142858,0,BLOCK,X,0.4392193,0.5091504
7/7/7/7/6/7/2/1/1 3 3,Z,-2,0,BLOCK,Z,1.716441,1.056542
7/7/7/7/4/7/2/3/4 3 3,X,1.7142857142857142857142857142,0,BLOCK,X,0.3562812,0.4496707
7/7/7/7/4/7/2/3/2 3 3,X,2,0,BLOCK,X,0.4268951,0.5599582
7/7/7/7/4/7/2/3/1 3 3,X,2.2857142857142857142857142858,0,BLOCK,X,0.2438604,0.3896667
7/7/7/7/4/7/6/2/4 3 3,X,1.4285714285714285714285714286,0,BLOCK,X,0.3317714,0.4481847
7/7/7/7/6/7/4/2/4 3 3,X,1,0,BLOCK,X,0.3029794,0.2597709
7/7/7/7/4/7/6/2/2 3 3,X,1.7142857142857142857142857142,0,BLOCK,X,0.3869596,0.4986245
7/7/7/7/6/7/4/2/2 3 3,X,2,0,BLOCK,X,0.6184561,0.7652904
7/7/7/7/4/7/5/2/4 3 3,X,1.7142857142857142857142857142,0,BLOCK,X,0.3481953,0.5244111
7/7/7/7/6/7/1/2/4 3 3,X,-3,0,BLOCK,X,0.2374988,0.4149022
7/7/7/7/4/7/5/2/2 3 3,X,2,0,BLOCK,X,0.475987,0.6721338
7/7/7/7/6/7/1/2/2 3 3,X,-2,0,BLOCK,X,0.5530568,0.6264157
7/7/7/7/4/7/5/2/1 3 3,X,2.2857142857142857142857142858,0,BLOCK,X,0.4981977,0.7119471
7/7/7/7/6/7/4/2/1 3 3,X,3,0,BLOCK,X,0.5310225,0.5355108
7/7/7/7/6/7/1/2/1 3 3,X,-1,2,BLOCK,X,0.6471027,0.400012
7/7/7/7/4/7/3/2/2 3 3,X,2.2857142857142857142857142858,0,BLOCK,X,0.3646342,0.6826789
7/7/7/7/4/7/3/2/1 3 3,X,2.5714285714285714285714285714,0,BLOCK,X,0.3742093,0.6664574
7/7/7/7/1/2/2/6/7 3 3,X,-2,0,BLOCK,X,0.5342513,0.5174056
7/7/7/7/5/2/2/4/7 3 3,Z,2,0,BLOCK,Z,0.3249613,0.275481
7/7/7/7/1/2/2/5/7 3 3,X,-2,0,BLOCK,X,0.3564602,0.3967716
7/7/7/7/5/2/2/1/7 3 3,Z,-2,0,BLOCK,Z,0.3189427,0.3265977
7/7/7/7/1/2/2/3/7 3 3,X,-2,0,BLOCK,X,0.5122351,0.3866655
7/7/7/7/1/2/2/7/6 3 3,X,-2.2857142857142857142857142858,0,BLOCK,X,0.4794822,0.6320155
7/7/7/7/1/2/2/7/5 3 3,X,-2,0,BLOCK,X,0.4772179,0.5023689
7/7/7/7/1/2/2/7/3 3 3,X,-1.7142857142857142857142857142,0,BLOCK,X,0.4943081,0.4256713
7/7/7/7/1/2/6/2/7 3 3,X,-2.2857142857142857142857142858,0,BLOCK,X,0.3443462,0.6631876
7/7/7/7/5/2/4/2/7 3 3,X,2,0,BLOCK,X,0.50701,0.7335305
7/7/7/7/1/2/6/6/6 3 3,X,-2.5714285714285714285714285714,2,BLOCK,X,1.067407,0.7638023
7/7/7/7/5/2/4/6/6 3 3,X,1.5,0,BLOCK,X,0.3048828,0.4938869
7/7/7/7/5/2/6/4/6 3 3,Z,2,0,BLOCK,Z,0.4023287,0.4135945
7/7/7/7/1/2/6/6/5 3 3,X,-2.2857142857142857142857142858,0,BLOCK,X,0.337479,0.6650287
7/7/7/7/5/2/4/6/5 3 3,X,2,0,BLOCK,X,0.3794669,0.6004767
7/7/7/7/5/2/6/4/5 3 3,Z,2,0,BLOCK,Z,0.5153029,0.5160797
7/7/7/7/1/2/6/6/3 3 3,X,-2.0,0,BLOCK,X,0.8433027,0.8229995
7/7/7/7/5/2/4/6/3 3 3,X,2.5,0,BLOCK,X,0.4793839,0.8280364
7/7/7/7/5/2/6/4/3 3 3,Z,2,0,BLOCK,Z,1.035462,0.6412297
7/7/7/7/1/2/6/5/6 3 3,X,-2.5714285714285714285714285714,0,BLOCK,X,0.6401768,0.6994495
7/7/7/7/5/2/4/5/6 3 3,X,1.5,0,BLOCK,X,0.4902669,0.6138858
7/7/7/7/5/2/6/1/6 3 3,Z,-2,0,BLOCK,Z,0.4508624,0.44255
7/7/7/7/1/2/6/5/5 3 3,X,-2.2857142857142857142857142858,0,BLOCK,X,1.250276,0.8667164
7/7/7/7/5/2/4/5/5 3 3,X,2,2,BLOCK,X,1.445334,0.852281
7/7/7/7/5/2/6/1/5 3 3,Z,-2,0,BLOCK,Z,0.4293362,0.3762898
7/7/7/7/1/2/6/5/3 3 3,X,-2.0,0,BLOCK,X,0.6560191,0.796177
7/7/7/7/5/2/4/5/3 3 3,X,2.5,2,BLOCK,X,1.687083,1.01437
7/7/7/7/5/2/6/1/3 3 3,Z,-2,0,BLOCK,Z,0.4572408,0.4786513
7/7/7/7/1/2/6/3/6 3 3,X,-2.5714285714285714285714285714,2,BLOCK,X,1.128003,0.6774096
7/7/7/7/5/2/4/3/6 3 3,X,1.5,0,BLOCK,X,0.9917298,0.7042642
7/7/7/7/1/2/6/3/5 3 3,X,-2.2857142857142857142857142858,0,BLOCK,X,0.5927576,0.7085214
7/7/7/7/5/2/4/3/5 3 3,X,2,0,BLOCK,X,0.9210988,0.749992
7/7/7/7/1/2/6/3/3 3 3,X,-2.0,0,BLOCK,X,0.402269,0.6509852
7/7/7/7/5/2/4/3/3 3 3,X,2.5,0,BLOCK,X,0.4582171,0.7928994
7/7/7/7/1/2/6/7/4 3 3,X,-2.5714285714285714285714285714,2,BLOCK,X,1.143265,0.7213902
7/7/7/7/5/2/4/7/4 3 3,X,1.5,0,BLOCK,X,0.3919479,0.4194928
7/7/7/7/1/2/6/7/2 3 3,X,-2.2857142857142857142857142858,0,BLOCK,X,0.3472869,0.6378798
7/7/7/7/5/2/4/7/2 3 3,X,2,0,BLOCK,X,0.7394857,0.7019067
7/7/7/7/1/2/6/7/1 3 3,X,-2.0,0,BLOCK,X,0.5662521,0.796977
7/7/7/7/5/2/4/7/1 3 3,X,2.5,0,BLOCK,X,1.502997,1.019939
7/7/7/7/1/2/5/2/7 3 3,X,-2,0,BLOCK,X,0.5127022,0.5533541
7/7/7/7/5/2/1/2/7 3 3,X,-2,0,BLOCK,X,0.4427258,0.7514234
7/7/7/7/1/2/5/6/6 3 3,X,-2.2857142857142857142857142858,2,BLOCK,X,1.07478,0.719656
7/7/7/7/5/2/1/6/6 3 3,X,-2.5,0,BLOCK,X,1.63258,1.056599
7/7/7/7/5/2/5/4/6 3 3,Z,2,0,BLOCK,Z,1.59021,1.006454
7/7/7/7/1/2/5/6/5 3 3,X,-2,0,BLOCK,X,0.805363,0.6254072
7/7/7/7/5/2/1/6/5 3 3,X,-2,2,BLOCK,X,1.37022,0.8031166
7/7/7/7/5/2/5/4/5 3 3,Z,2,0,BLOCK,Z,0.4965506,0.5405835
7/7/7/7/1/2/5/6/3 3 3,X,-1.7142857142857142857142857142,0,BLOCK,X,0.6156402,0.5490515
7/7/7/7/5/2/1/6/3 3 3,X,-1.5,2,BLOCK,X,1.178651,0.7693735
7/7/7/7/5/2/5/4/3 3 3,Z,2,0,BLOCK,Z,1.462308,0.9870808
7/7/7/7/1/2/5/5/6 3 3,X,-2.2857142857142857142857142858,0,BLOCK,X,0.8272783,0.736412
7/7/7/7/5/2/1/5/6 3 3,X,-2.5,0,BLOCK,X,1.694065,1.044054
7/7/7/7/5/2/5/1/6 3 3,Z,-2,0,BLOCK,Z,1.559896,1.012869
7/7/7/7/1/2/5/5/5 3 3,X,-2,2,BLOCK,X,1.03625,0.629215
7/7/7/7/5/2/1/5/5 3 3,X,-2,0,BLOCK,X,0.8263925,0.7018588
7/7/7/7/5/2/5/1/5 3 3,Z,-2,0,BLOCK,Z,0.4594811,0.4826513
7/7/7/7/1/2/5/5/3 3 3,X,-1.7142857142857142857142857142,0,BLOCK,X,0.6676067,0.594949
7/7/7/7/5/2/1/5/3 3 3,X,-1.5,2,BLOCK,X,1.227419,0.8054344
7/7/7/7/5/2/5/1/3 3 3,Z,-2,0,BLOCK,Z,0.3783187,0.4014231
7/7/7/7/1/2/5/3/6 3 3,X,-2.2857142857142857142857142858,0,BLOCK,X,0.4937583,0.6534976
7/7/7/7/5/2/1/3/6 3 3,X,-2.5,0,BLOCK,X,0.7029508,0.9464428
7/7/7/7/1/2/5/3/5 3 3,X,-2,0,BLOCK,X,0.5738535,0.6153204
7/7/7/7/5/2/1/3/5 3 3,X,-2,2,BLOCK,X,1.366207,0.8316882
7/7/7/7/1/2/5/3/3 3 3,X,-1.7142857142857142857142857142,0,BLOCK,X,0.637606,0.5440668
7/7/7/7/5/2/1/3/3 3 3,X,-1.5,0,BLOCK,X,0.6293975,0.5639298
7/7/7/7/1/2/5/7/4 3 3,X,-2.2857142857142857142857142858,0,BLOCK,X,0.4345391,0.6719792
7/7/7/7/5/2/1/7/4 3 3,X,-2.5,0,BLOCK,X,0.6100018,0.5933558
7/7/7/7/1/2/5/7/2 3 3,X,-2,0,BLOCK,X,0.6796997,0.6631693
7/7/7/7/5/2/1/7/2 3 3,X,-2,0,BLOCK,X,0.3543885,0.59877
7/7/7/7/1/2/5/7/1 3 3,X,-1.7142857142857142857142857142,0,BLOCK,X,0.52998,0.5243845
7/7/7/7/5/2/1/7/1 3 3,X,-1.5,2,BLOCK,X,1.156515,0.7013146
7/7/7/7/1/2/3/2/7 3 3,X,-1.7142857142857142857142857142,0,BLOCK,X,0.2700859,0.4080777
7/7/7/7/1/2/3/6/6 3 3,X,-2.0,0,BLOCK,X,0.399618,0.5274448
7/7/7/7/5/2/3/4/6 3 3,Z,2,2,BLOCK,Z,1.553641,0.9366976
7/7/7/7/1/2/3/6/5 3 3,X,-1.7142857142857142857142857142,2,BLOCK,X,0.9928507,0.5812793
7/7/7/7/5/2/3/4/5 3 3,Z,2,0,BLOCK,Z,0.3063659,0.3761695
7/7/7/7/1/2/3/6/3 3 3,X,-1.4285714285714285714285714286,0,BLOCK,X,0.4065595,0.5151584
7/7/7/7/5/2/3/4/3 3 3,Z,2,2,BLOCK,Z,1.540738,0.9537354
7/7/7/7/1/2/3/5/6 3 3,X,-2.0,0,BLOCK,X,0.5166422,0.6446319
7/7/7/7/5/2/3/1/6 3 3,Z,-2,0,BLOCK,Z,1.679154,1.017451
7/7/7/7/1/2/3/5/5 3 3,X,-1.7142857142857142857142857142,0,BLOCK,X,0.4814399,0.4957795
7/7/7/7/5/2/3/1/5 3 3,Z,-2,0,BLOCK,Z,1.50526,0.9892588
7/7/7/7/1/2/3/5/3 3 3,X,-1.4285714285714285714285714286,2,BLOCK,X,0.8665649,0.5503052
7/7/7/7/5/2/3/1/3 3 3,Z,-2,0,BLOCK,Z,1.024793,0.6039048
7/7/7/7/1/2/3/3/6 3 3,X,-2.0,0,BLOCK,X,0.4860243,0.5407291
7/7/7/7/1/2/3/3/5 3 3,X,-1.7142857142857142857142857142,0,BLOCK,X,0.3531731,0.4536849
7/7/7/7/1/2/3/3/3 3 3,X,-1.4285714285714285714285714286,0,BLOCK,X,0.4004117,0.5389609
7/7/7/7/1/2/3/7/4 3 3,X,-2.0,0,BLOCK,X,0.7173795,0.6599489
7/7/7/7/1/2/3/7/2 3 3,X,-1.7142857142857142857142857142,0,BLOCK,X,0.5420593,0.6090882
7/7/7/7/1/2/3/7/1 3 3,X,-1.4285714285714285714285714286,0,BLOCK,X,0.4952962,0.5851979
7/7/7/7/1/2/7/2/6 3 3,X,-2.2857142857142857142857142856,0,BLOCK,X,0.4610428,0.7543928
7/7/7/7/1/2/7/2/5 3 3,X,-2,2,BLOCK,X,1.045549,0.6321808
7/7/7/7/1/2/7/2/3 3 3,X,-1.7142857142857142857142857144,0,BLOCK,X,0.6694195,0.6261059
7/7/7/7/1/2/7/6/4 3 3,X,-2.2857142857142857142857142856,0,BLOCK,X,0.8524248,0.8247494
7/7/7/7/5/2/7/4/4 3 3,Z,2,2,BLOCK,Z,1.629461,0.9946154
7/7/7/7/1/2/7/6/2 3 3,X,-2,2,BLOCK,X,1.170228,0.7676193
7/7/7/7/5/2/7/4/2 3 3,Z,2,0,BLOCK,Z,0.2393986,0.332254
7/7/7/7/1/2/7/6/1 3 3,X,-1.7142857142857142857142857144,0,BLOCK,X,0.3804381,0.5581565
7/7/7/7/5/2/7/4/1 3 3,Z,2,0,BLOCK,Z,0.5024084,0.582823
7/7/7/7/1/2/7/5/4 3 3,X,-2.2857142857142857142857142856,0,BLOCK,X,0.4773213,0.7360749
7/7/7/7/5/2/7/1/4 3 3,Z,-2,0,BLOCK,Z,0.3062017,0.3637993
7/7/7/7/1/2/7/5/2 3 3,X,-2,2,BLOCK,X,1.088046,0.7520056
7/7/7/7/5/2/7/1/2 3 3,Z,-2,0,BLOCK,Z,0.5775668,0.6093914
7/7/7/7/1/2/7/5/1 3 3,X,-1.7142857142857142857142857144,0,BLOCK,X,0.4604208,0.5608981
7/7/7/7/5/2/7/1/1 3 3,Z,-2,0,BLOCK,Z,0.640832,0.7210791
7/7/7/7/1/2/7/3/4 3 3,X,-2.2857142857142857142857142856,0,BLOCK,X,0.8361454,0.78544
7/7/7/7/1/2/7/3/2 3 3,X,-2,0,BLOCK,X,0.4667273,0.6946929
7/7/7/7/1/2/7/3/1 3 3,X,-1.7142857142857142857142857144,0,BLOCK,X,0.5096841,0.5765723
7/7/7/7/1/6/2/2/7 3 3,X,-2,0,BLOCK,X,0.5388294,0.5752486
7/7/7/7/5/4/2/2/7 3 3,Z,2,0,BLOCK,Z,1.04806,0.7801023
7/7/7/7/1/6/2/6/6 3 3,X,-2.2857142857142857142857142858,0,BLOCK,X,0.3606686,0.5720021
7/7/7/7/5/4/2/6/6 3 3,Z,1.6,0,BLOCK,Z,0.4437262,0.5020671
7/7/7/7/5/6/2/4/6 3 3,Z,2,0,BLOCK,Z,1.714303,1.046223
7/7/7/7/1/6/2/6/5 3 3,X,-2,0,BLOCK,X,0.3281533,0.3180751
7/7/7/7/5/4/2/6/5 3 3,Z,1.6,0,BLOCK,Z,0.6045651,0.6496376
7/7/7/7/5/6/2/4/5 3 3,Z,2,0,BLOCK,Z,1.612612,1.038329
7/7/7/7/1/6/2/6/3 3 3,X,-1.7142857142857142857142857142,0,BLOCK,X,0.3333432,0.511589
7/7/7/7/5/4/2/6/3 3 3,Z,1.6,2,BLOCK,Z,1.122134,0.6525447
7/7/7/7/5/6/2/4/3 3 3,Z,2,0,BLOCK,Z,1.77861,1.025979
7/7/7/7/1/6/2/5/6 3 3,X,-2.2857142857142857142857142858,0,BLOCK,X,0.4042403,0.5688637
7/7/7/7/5/4/2/5/6 3 3,Z,2,0,BLOCK,Z,0.9276576,0.7174923
7/7/7/7/5/6/2/1/6 3 3,Z,-2,0,BLOCK,Z,0.4529939,0.4267766
7/7/7/7/1/6/2/5/5 3 3,X,-2,0,BLOCK,X,0.2257833,0.3570972
7/7/7/7/5/4/2/5/5 3 3,Z,2,0,BLOCK,Z,0.9318069,0.7830998
7/7/7/7/5/6/2/1/5 3 3,Z,-2,0,BLOCK,Z,1.492841,0.941271
7/7/7/7/1/6/2/5/3 3 3,X,-1.7142857142857142857142857142,2,BLOCK,X,1.159227,0.8222762
7/7/7/7/5/4/2/5/3 3 3,Z,2,0,BLOCK,Z,1.26913,0.7479731
7/7/7/7/5/6/2/1/3 3 3,Z,-2,0,BLOCK,Z,1.55519,0.9599587
7/7/7/7/1/6/2/3/6 3 3,X,-2.2857142857142857142857142858,0,BLOCK,X,0.5480748,0.5463229
7/7/7/7/5/4/2/3/6 3 3,Z,2.4,0,BLOCK,Z,0.7002963,0.8041005
7/7/7/7/1/6/2/3/5 3 3,X,-2,0,BLOCK,X,0.2506726,0.2214191
7/7/7/7/5/4/2/3/5 3 3,Z,2.4,0,BLOCK,Z,1.372464,0.8746021
7/7/7/7/1/6/2/3/3 3 3,X,-1.7142857142857142857142857142,0,BLOCK,X,0.122618,0.1937308
7/7/7/7/5/4/2/3/3 3 3,Z,2.4,2,BLOCK,Z,1.412201,0.8678902
7/7/7/7/1/6/2/7/4 3 3,X,-2.2857142857142857142857142858,2,BLOCK,X,1.153334,0.7433305
7/7/7/7/5/4/2/7/4 3 3,Z,2,0,BLOCK,Z,0.8636089,0.8273817
7/7/7/7/1/6/2/7/2 3 3,X,-2,0,BLOCK,X,0.5013786,0.5566816
7/7/7/7/5/4/2/7/2 3 3,Z,2,2,BLOCK,Z,1.186787,0.8254627
7/7/7/7/1/6/2/7/1 3 3,X,-1.7142857142857142857142857142,0,BLOCK,X,0.3162464,0.4498683
7/7/7/7/5/4/2/7/1 3 3,Z,2,2,BLOCK,Z,1.240444,0.7794816
7/7/7/7/1/6/6/2/6 3 3,X,-2.5714285714285714285714285714,2,BLOCK,X,1.283617,0.7668024
7/7/7/7/5/4/6/2/6 3 3,Z,2,0,BLOCK,Z,0.5900288,0.7655159
7/7/7/7/5/6/4/2/6 3 3,X,1.3333333333333333333333333334,0,BLOCK,X,0.2571806,0.3684934
7/7/7/7/1/6/6/2/5 3 3,X,-2.2857142857142857142857142858,0,BLOCK,X,0.3368282,0.5904794
7/7/7/7/5/4/6/2/5 3 3,Z,2,2,BLOCK,Z,1.216908,0.7628068
7/7/7/7/5/6/4/2/5 3 3,X,2,0,BLOCK,X,0.4234515,0.5888318
7/7/7/7/5/6/6/2/1 3 3,X,1,0,BLOCK,X,0.7660939,0.9468133
7/7/7/7/1/6/6/2/3 3 3,X,-2,0,BLOCK,X,0.3791722,0.7138817
7/7/7/7/5/4/6/2/3 3 3,Z,2,2,BLOCK,Z,1.208159,0.7691193
7/7/7/7/5/6/4/2/3 3 3,X,2.6666666666666666666666666666,0,BLOCK,X,0.5091637,0.7661212
7/7/7/7/1/6/6/6/4 3 3,X,-2.5714285714285714285714285714,2,BLOCK,X,1.339957,0.8056485
7/7/7/7/5/4/6/6/4 3 3,Z,1.6,0,BLOCK,Z,0.4262308,0.5664407
7/7/7/7/5/6/4/6/4 3 3,X,1.3333333333333333333333333334,0,BLOCK,X,0.1716863,0.3068719
7/7/7/7/5/6/6/4/4 3 3,Z,2,0,BLOCK,Z,0.2818716,0.4356321
7/7/7/7/1/6/6/6/2 3 3,X,-2.2857142857142857142857142858,2,BLOCK,X,1.302234,0.788756
7/7/7/7/5/4/6/6/2 3 3,Z,1.6,0,BLOCK,Z,0.5327792,0.5752663
7/7/7/7/5/6/4/6/2 3 3,X,2,0,BLOCK,X,0.5709952,0.6944014
7/7/7/7/5/6/6/4/2 3 3,Z,2,0,BLOCK,Z,0.2425514,0.3407369
7/7/7/7/1/6/6/6/1 3 3,X,-2,0,BLOCK,X,0.6491451,0.860275
7/7/7/7/5/4/6/6/1 3 3,Z,1.6,2,BLOCK,Z,1.143928,0.6738035
7/7/7/7/5/6/4/6/1 3 3,X,2.6666666666666666666666666666,0,BLOCK,X,0.1796944,0.4000273
7/7/7/7/5/6/6/4/1 3 3,Z,2,0,BLOCK,Z,1.737128,1.013461
7/7/7/7/1/6/6/5/4 3 3,X,-2.5714285714285714285714285714,2,BLOCK,X,1.34451,0.8061913
7/7/7/7/5/4/6/5/4 3 3,Z,2,0,BLOCK,Z,0.9957446,0.7530944
7/7/7/7/5/6/4/5/4 3 3,X,1.3333333333333333333333333334,0,BLOCK,X,0.4028091,0.3577982
7/7/7/7/5/6/6/1/4 3 3,Z,-2,0,BLOCK,Z,0.2368746,0.3487728
7/7/7/7/1/6/6/5/2 3 3,X,-2.2857142857142857142857142858,0,BLOCK,X,0.5048915,0.6572559
7/7/7/7/5/4/6/5/2 3 3,Z,2,0,BLOCK,Z,1.016163,0.8016579
7/7/7/7/5/6/4/5/2 3 3,X,2,0,BLOCK,X,0.6226568,0.7558931
7/7/7/7/5/6/6/1/2 3 3,Z,-2,0,BLOCK,Z,0.153149,0.2208133
7/7/7/7/1/6/6/5/1 3 3,X,-2,0,BLOCK,X,0.4430628,0.7331343
7/7/7/7/5/4/6/5/1 3 3,Z,2,0,BLOCK,Z,0.4671806,0.5196698
7/7/7/7/5/6/4/5/1 3 3,X,2.6666666666666666666666666666,0,BLOCK,X,0.3696782,0.4615929
7/7/7/7/5/6/6/1/1 3 3,Z,-2,0,BLOCK,Z,1.622439,1.048354
7/7/7/7/1/6/6/3/4 3 3,X,-2.5714285714285714285714285714,2,BLOCK,X,1.277535,0.815575
7/7/7/7/5/4/6/3/4 3 3,Z,2.4,0,BLOCK,Z,0.4842278,0.6970754
7/7/7/7/5/6/4/3/4 3 3,X,1.3333333333333333333333333334,0,BLOCK,X,0.1228191,0.1848166
7/7/7/7/1/6/6/3/2 3 3,X,-2.2857142857142857142857142858,0,BLOCK,X,0.4180232,0.4762428
7/7/7/7/5/4/6/3/2 3 3,Z,2.4,0,BLOCK,Z,0.8255354,0.8351713
7/7/7/7/5/6/4/3/2 3 3,X,2,0,BLOCK,X,0.8618883,0.8092785
7/7/7/7/1/6/6/3/1 3 3,X,-2,2,BLOCK,X,1.417886,0.8792577
7/7/7/7/5/4/6/3/1 3 3,Z,2.4,0,BLOCK,Z,0.6841599,0.8002267
7/7/7/7/5/6/4/3/1 3 3,X,2.6666666666666666666666666666,0,BLOCK,X,1.762159,1.122739
7/7/7/7/1/6/5/2/6 3 3,X,-2.2857142857142857142857142858,2,BLOCK,X,1.111735,0.7375365
7/7/7/7/5/4/5/2/6 3 3,Z,2,0,BLOCK,Z,0.08101372,0.2628275
7/7/7/7/5/6/1/2/6 3 3,X,-2.6666666666666666666666666666,0,BLOCK,X,0.4548527,0.7724879
7/7/7/7/1/6/5/2/5 3 3,X,-2,0,BLOCK,X,0.6492726,0.5464355
7/7/7/7/5/4/5/2/5 3 3,Z,2,2,BLOCK,Z,1.269023,0.7687799
7/7/7/7/5/6/1/2/5 3 3,X,-2,0,BLOCK,X,0.3749749,0.6099309
7/7/7/7/1/6/5/2/3 3 3,X,-1.7142857142857142857142857142,0,BLOCK,X,0.5348322,0.5763001
7/7/7/7/5/4/5/2/3 3 3,Z,2,0,BLOCK,Z,0.5609738,0.7002241
7/7/7/7/5/6/1/2/3 3 3,X,-1.3333333333333333333333333334,0,BLOCK,X,0.4433129,0.5355465
7/7/7/7/1/6/5/6/4 3 3,X,-2.2857142857142857142857142858,0,BLOCK,X,0.4512913,0.7672871
7/7/7/7/5/4/5/6/4 3 3,Z,1.6,0,BLOCK,Z,0.6227342,0.6270372
7/7/7/7/5/6/1/6/4 3 3,X,-2.6666666666666666666666666666,0,BLOCK,X,0.2725168,0.6023529
7/7/7/7/5/6/5/4/4 3 3,Z,2,0,BLOCK,Z,0.3038646,0.4605289
7/7/7/7/1/6/5/6/2 3 3,X,-2,0,BLOCK,X,0.5362068,0.7084266
7/7/7/7/5/4/5/6/2 3 3,Z,1.6,2,BLOCK,Z,1.134149,0.6797984
7/7/7/7/5/6/1/6/2 3 3,X,-2,0,BLOCK,X,0.1711433,0.4521273
7/7/7/7/5/6/5/4/2 3 3,Z,2,0,BLOCK,Z,1.736631,1.026065
7/7/7/7/1/6/5/6/1 3 3,X,-1.7142857142857142857142857142,2,BLOCK,X,0.9962426,0.5998304
7/7/7/7/5/4/5/6/1 3 3,Z,1.6,0,BLOCK,Z,0.3497261,0.5326294
7/7/7/7/5/6/1/6/1 3 3,X,-1.3333333333333333333333333334,2,BLOCK,X,1.0336,0.6199195
7/7/7/7/5/6/5/4/1 3 3,Z,2,2,BLOCK,Z,1.634121,0.9814275
7/7/7/7/1/6/5/5/4 3 3,X,-2.2857142857142857142857142858,0,BLOCK,X,0.5308547,0.7359655
7/7/7/7/5/4/5/5/4 3 3,Z,2,0,BLOCK,Z,0.8301493,0.8197224
7/7/7/7/5/6/1/5/4 3 3,X,-2.6666666666666666666666666666,0,BLOCK,X,0.1706874,0.3375119
7/7/7/7/5/6/5/1/4 3 3,Z,-2,0,BLOCK,Z,0.1905795,0.3036672
7/7/7/7/1/6/5/5/2 3 3,X,-2,2,BLOCK,X,1.091202,0.7222577
7/7/7/7/5/4/5/5/2 3 3,Z,2,0,BLOCK,Z,0.6900458,0.7844664
7/7/7/7/5/6/1/5/2 3 3,X,-2,0,BLOCK,X,1.722464,1.163982
7/7/7/7/5/6/5/1/2 3 3,Z,-2,0,BLOCK,Z,1.716408,1.062451
7/7/7/7/1/6/5/5/1 3 3,X,-1.7142857142857142857142857142,2,BLOCK,X,0.9884177,0.5899546
7/7/7/7/5/4/5/5/1 3 3,Z,2,0,BLOCK,Z,0.788259,0.7559649
7/7/7/7/5/6/1/5/1 3 3,X,-1.3333333333333333333333333334,0,BLOCK,X,0.07633538,0.1883985
7/7/7/7/5/6/5/1/1 3 3,Z,-2,2,BLOCK,Z,1.627607,0.9894651
7/7/7/7/1/6/5/3/4 3 3,X,-2.2857142857142857142857142858,0,BLOCK,X,0.6300328,0.7595901
7/7/7/7/5/4/5/3/4 3 3,Z,2.4,0,BLOCK,Z,0.5578921,0.7115799
7/7/7/7/5/6/1/3/4 3 3,X,-2.6666666666666666666666666666,0,BLOCK,X,1.708042,1.09776
7/7/7/7/1/6/5/3/2 3 3,X,-2,0,BLOCK,X,0.5380854,0.5904983
7/7/7/7/5/4/5/3/2 3 3,Z,2.4,0,BLOCK,Z,0.4317462,0.694339
7/7/7/7/5/6/1/3/2 3 3,X,-2,0,BLOCK,X,0.7916677,0.7546515
7/7/7/7/1/6/5/3/1 3 3,X,-1.7142857142857142857142857142,0,BLOCK,X,0.3941246,0.405613
7/7/7/7/5/4/5/3/1 3 3,Z,2.4,0,BLOCK,Z,0.6343025,0.7713247
7/7/7/7/5/6/1/3/1 3 3,X,-1.3333333333333333333333333334,0,BLOCK,X,1.067459,0.6658829
7/7/7/7/1/6/3/2/6 3 3,X,-2,0,BLOCK,X,0.4062711,0.56625
7/7/7/7/5/4/3/2/6 3 3,Z,2,2,BLOCK,Z,1.204739,0.7943624
7/7/7/7/5/6/3/2/4 3 3,X,-1,0,BLOCK,X,0.866455,0.9323435
7/7/7/7/1/6/3/2/5 3 3,X,-1.7142857142857142857142857142,0,BLOCK,X,0.4244876,0.4330214
7/7/7/7/5/4/3/2/5 3 3,Z,2,2,BLOCK,Z,1.241256,0.7774733
7/7/7/7/1/6/3/2/3 3 3,X,-1.4285714285714285714285714286,0,BLOCK,X,0.2254725,0.3489861
7/7/7/7/5/4/3/2/3 3 3,Z,2,0,BLOCK,Z,0.4939001,0.5633232
7/7/7/7/1/6/3/6/4 3 3,X,-2,0,BLOCK,X,0.4697909,0.589168
7/7/7/7/5/4/3/6/4 3 3,Z,1.6,2,BLOCK,Z,1.125046,0.7178183
7/7/7/7/5/6/3/4/4 3 3,Z,2,0,BLOCK,Z,1.723421,1.015371
7/7/7/7/1/6/3/6/2 3 3,X,-1.7142857142857142857142857142,0,BLOCK,X,0.4894058,0.6100905
7/7/7/7/5/4/3/6/2 3 3,Z,1.6,0,BLOCK,Z,0.5143372,0.6420232
7/7/7/7/5/6/3/4/2 3 3,Z,2,0,BLOCK,Z,0.2549108,0.3646698
7/7/7/7/1/6/3/6/1 3 3,X,-1.4285714285714285714285714286,0,BLOCK,X,0.212438,0.4834673
7/7/7/7/5/4/3/6/1 3 3,Z,1.6,2,BLOCK,Z,1.193492,0.6615444
7/7/7/7/5/6/3/4/1 3 3,Z,2,0,BLOCK,Z,0.3142266,0.4203693
7/7/7/7/1/6/3/5/4 3 3,X,-2,2,BLOCK,X,1.106961,0.6896322
7/7/7/7/5/4/3/5/4 3 3,Z,2,0,BLOCK,Z,0.5473741,0.6770895
7/7/7/7/5/6/3/1/4 3 3,Z,-2,0,BLOCK,Z,1.624882,1.035179
7/7/7/7/1/6/3/5/2 3 3,X,-1.7142857142857142857142857142,0,BLOCK,X,0.2655787,0.5092513
7/7/7/7/5/4/3/5/2 3 3,Z,2,0,BLOCK,Z,0.7125934,0.7399134
7/7/7/7/5/6/3/1/2 3 3,Z,-2,0,BLOCK,Z,0.2285846,0.261874
7/7/7/7/1/6/3/5/1 3 3,X,-1.4285714285714285714285714286,2,BLOCK,X,0.9405171,0.548117
7/7/7/7/5/4/3/5/1 3 3,Z,2,0,BLOCK,Z,0.8893877,0.7863581
7/7/7/7/5/6/3/1/1 3 3,Z,-2,0,BLOCK,Z,0.2506566,0.2449288
7/7/7/7/1/6/3/3/4 3 3,X,-2,0,BLOCK,X,0.3984897,0.6279081
7/7/7/7/5/4/3/3/4 3 3,Z,2.4,0,BLOCK,Z,0.2395397,0.5595353
7/7/7/7/1/6/3/3/2 3 3,X,-1.7142857142857142857142857142,0,BLOCK,X,0.6451545,0.5970189
7/7/7/7/5/4/3/3/2 3 3,Z,2.4,0,BLOCK,Z,0.7668599,0.7961494
7/7/7/7/1/6/3/3/1 3 3,X,-1.4285714285714285714285714286,0,BLOCK,X,0.3589543,0.3373685
7/7/7/7/5/4/3/3/1 3 3,Z,2.4,0,BLOCK,Z,0.6471984,0.8160951
7/7/7/7/1/6/7/2/4 3 3,X,-2.2857142857142857142857142858,0,BLOCK,X,0.4914643,0.7208031
7/7/7/7/5/4/7/2/4 3 3,Z,2,0,BLOCK,Z,0.6547502,0.6286034
7/7/7/7/1/6/7/2/2 3 3,X,-2,0,BLOCK,X,0.7003715,0.7988416
7/7/7/7/5/4/7/2/2 3 3,Z,2,0,BLOCK,Z,0.3545883,0.6172529
7/7/7/7/1/6/7/2/1 3 3,X,-1.7142857142857142857142857142,0,BLOCK,X,0.4183593,0.5889543
7/7/7/7/5/4/7/2/1 3 3,Z,2,0,BLOCK,Z,0.01629628,0.2141311
7/7/7/7/1/5/2/2/7 3 3,X,-2,2,BLOCK,X,1.058001,0.6025979
7/7/7/7/5/1/2/2/7 3 3,Z,-2,0,BLOCK,Z,0.6510559,0.7331027
7/7/7/7/1/5/2/6/6 3 3,X,-2.2857142857142857142857142858,0,BLOCK,X,0.3307736,0.6009938
7/7/7/7/5/1/2/6/6 3 3,Z,-2.4,0,BLOCK,Z,0.7656017,0.7971908
7/7/7/7/5/5/2/4/6 3 3,Z,2,2,BLOCK,Z,1.63289,0.9738013
7/7/7/7/1/5/2/6/5 3 3,X,-2,2,BLOCK,X,1.117222,0.6676112
7/7/7/7/5/1/2/6/5 3 3,Z,-2.4,0,BLOCK,Z,0.6988552,0.7873937
7/7/7/7/5/5/2/4/5 3 3,Z,2,0,BLOCK,Z,1.711886,1.036481
7/7/7/7/1/5/2/6/3 3 3,X,-1.7142857142857142857142857142,2,BLOCK,X,1.277419,0.8783743
7/7/7/7/5/1/2/6/3 3 3,Z,-2.4,0,BLOCK,Z,0.7360977,0.8209835
7/7/7/7/5/5/2/4/3 3 3,Z,2,0,BLOCK,Z,0.05213461,0.1892053
7/7/7/7/1/5/2/5/6 3 3,X,-2.2857142857142857142857142858,0,BLOCK,X,0.3864619,0.6501643
7/7/7/7/5/1/2/5/6 3 3,Z,-2,2,BLOCK,Z,1.145777,0.68612
7/7/7/7/5/5/2/1/6 3 3,Z,-2,0,BLOCK,Z,0.03584633,0.1589946
7/7/7/7/1/5/2/5/5 3 3,X,-2,0,BLOCK,X,0.494685,0.5484048
7/7/7/7/5/1/2/5/5 3 3,Z,-2,0,BLOCK,Z,0.8347244,0.7243569
7/7/7/7/5/5/2/1/5 3 3,Z,-2,2,BLOCK,Z,1.629546,1.009208
7/7/7/7/1/5/2/5/3 3 3,X,-1.7142857142857142857142857142,0,BLOCK,X,0.4601801,0.578469
7/7/7/7/5/1/2/5/3 3 3,Z,-2,0,BLOCK,Z,0.9827203,0.761991
7/7/7/7/5/5/2/1/3 3 3,Z,-2,0,BLOCK,Z,0.08242849,0.225136
7/7/7/7/1/5/2/3/6 3 3,X,-2.2857142857142857142857142858,0,BLOCK,X,0.3851381,0.6191714
7/7/7/7/5/1/2/3/6 3 3,Z,-1.6,0,BLOCK,Z,0.7021731,0.5988683
7/7/7/7/1/5/2/3/5 3 3,X,-2,0,BLOCK,X,0.1620418,0.3090971
7/7/7/7/5/1/2/3/5 3 3,Z,-1.6,0,BLOCK,Z,1.168899,0.7020567
7/7/7/7/1/5/2/3/3 3 3,X,-1.7142857142857142857142857142,0,BLOCK,X,0.425609,0.4791555
7/7/7/7/5/1/2/3/3 3 3,Z,-1.6,2,BLOCK,Z,1.045508,0.6218187
7/7/7/7/1/5/2/7/4 3 3,X,-2.2857142857142857142857142858,0,BLOCK,X,0.4966127,0.6307781
7/7/7/7/5/1/2/7/4 3 3,Z,-2,0,BLOCK,Z,0.909565,0.7497923
7/7/7/7/1/5/2/7/2 3 3,X,-2,0,BLOCK,X,0.3379392,0.5116379
7/7/7/7/5/1/2/7/2 3 3,Z,-2,2,BLOCK,Z,1.191544,0.7921584
7/7/7/7/1/5/2/7/1 3 3,X,-1.7142857142857142857142857142,0,BLOCK,X,0.3686273,0.5153058
7/7/7/7/5/1/2/7/1 3 3,Z,-2,0,BLOCK,Z,0.8761945,0.8944337
7/7/7/7/1/5/6/2/6 3 3,X,-2.5714285714285714285714285714,0,BLOCK,X,0.3321132,0.5853228
7/7/7/7/5/1/6/2/6 3 3,Z,-2,0,BLOCK,Z,0.6546592,0.7839678
7/7/7/7/5/5/4/2/6 3 3,X,1.3333333333333333333333333334,2,BLOCK,X,1.174551,0.7002367
7/7/7/7/1/5/6/2/5 3 3,X,-2.2857142857142857142857142858,0,BLOCK,X,0.3361563,0.629635
7/7/7/7/5/1/6/2/5 3 3,Z,-2,2,BLOCK,Z,1.272563,0.8374081
7/7/7/7/5/5/4/2/5 3 3,X,2,0,BLOCK,X,1.355432,0.8280176
7/7/7/7/5/5/6/2/1 3 3,X,1,0,BLOCK,X,1.172263,0.8551384
7/7/7/7/1/5/6/2/3 3 3,X,-2,0,BLOCK,X,0.4668593,0.7160896
7/7/7/7/5/1/6/2/3 3 3,Z,-2,2,BLOCK,Z,1.179944,0.7734009
7/7/7/7/5/5/4/2/3 3 3,X,2.6666666666666666666666666666,0,BLOCK,X,1.08714,0.9061356
7/7/7/7/1/5/6/6/4 3 3,X,-2.5714285714285714285714285714,0,BLOCK,X,0.4344625,0.6395289
7/7/7/7/5/1/6/6/4 3 3,Z,-2.4,0,BLOCK,Z,0.727869,0.7676829
7/7/7/7/5/5/4/6/4 3 3,X,1.3333333333333333333333333334,0,BLOCK,X,0.4046328,0.4122716
7/7/7/7/5/5/6/4/4 3 3,Z,2,0,BLOCK,Z,0.1629317,0.2854335
7/7/7/7/1/5/6/6/2 3 3,X,-2.2857142857142857142857142858,0,BLOCK,X,0.5441752,0.6560081
7/7/7/7/5/1/6/6/2 3 3,Z,-2.4,0,BLOCK,Z,0.3057756,0.4331953
7/7/7/7/5/5/4/6/2 3 3,X,2,0,BLOCK,X,1.521617,1.054006
7/7/7/7/5/5/6/4/2 3 3,Z,2,0,BLOCK,Z,0.1481909,0.2569535
7/7/7/7/1/5/6/6/1 3 3,X,-2,0,BLOCK,X,0.6844191,0.8477468
7/7/7/7/5/1/6/6/1 3 3,Z,-2.4,0,BLOCK,Z,0.5220714,0.7203606
7/7/7/7/5/5/4/6/1 3 3,X,2.6666666666666666666666666666,2,BLOCK,X,1.705645,1.042295
7/7/7/7/5/5/6/4/1 3 3,Z,2,0,BLOCK,Z,1.714859,1.003353
7/7/7/7/1/5/6/5/4 3 3,X,-2.5714285714285714285714285714,0,BLOCK,X,0.4475301,0.6542726
7/7/7/7/5/1/6/5/4 3 3,Z,-2,0,BLOCK,Z,0.6295228,0.6870505
7/7/7/7/5/5/4/5/4 3 3,X,1.3333333333333333333333333334,0,BLOCK,X,0.2708906,0.3687025
7/7/7/7/5/5/6/1/4 3 3,Z,-2,0,BLOCK,Z,0.1703013,0.314986
7/7/7/7/1/5/6/5/2 3 3,X,-2.2857142857142857142857142858,0,BLOCK,X,0.3646007,0.635965
7/7/7/7/5/1/6/5/2 3 3,Z,-2,0,BLOCK,Z,0.7059309,0.7540552
7/7/7/7/5/5/4/5/2 3 3,X,2,0,BLOCK,X,0.1768989,0.5276814
7/7/7/7/5/5/6/1/2 3 3,Z,-2,0,BLOCK,Z,0.1155564,0.2324146
7/7/7/7/1/5/6/5/1 3 3,X,-2,0,BLOCK,X,0.3870893,0.7277929
7/7/7/7/5/1/6/5/1 3 3,Z,-2,2,BLOCK,Z,1.213727,0.8140157
7/7/7/7/5/5/4/5/1 3 3,X,2.6666666666666666666666666666,0,BLOCK,X,0.3372253,0.5868421
7/7/7/7/5/5/6/1/1 3 3,Z,-2,0,BLOCK,Z,1.732299,1.025405
7/7/7/7/1/5/6/3/4 3 3,X,-2.5714285714285714285714285714,2,BLOCK,X,1.315884,0.8141778
7/7/7/7/5/1/6/3/4 3 3,Z,-1.6,0,BLOCK,Z,1.142073,0.6869359
7/7/7/7/5/5/4/3/4 3 3,X,1.3333333333333333333333333334,2,BLOCK,X,1.054659,0.642625
7/7/7/7/1/5/6/3/2 3 3,X,-2.2857142857142857142857142858,0,BLOCK,X,0.6262717,0.7948147
7/7/7/7/5/1/6/3/2 3 3,Z,-1.6,2,BLOCK,Z,1.136076,0.7244368
7/7/7/7/5/5/4/3/2 3 3,X,2,0,BLOCK,X,0.6744375,0.7807237
7/7/7/7/1/5/6/3/1 3 3,X,-2,0,BLOCK,X,0.4625233,0.713309
7/7/7/7/5/1/6/3/1 3 3,Z,-1.6,2,BLOCK,Z,1.062038,0.6734028
7/7/7/7/5/5/4/3/1 3 3,X,2.6666666666666666666666666666,0,BLOCK,X,1.656366,1.078376
7/7/7/7/1/5/5/2/6 3 3,X,-2.2857142857142857142857142858,0,BLOCK,X,0.5202436,0.6930832
7/7/7/7/5/1/5/2/6 3 3,Z,-2,0,BLOCK,Z,0.4185937,0.5648638
7/7/7/7/5/5/1/2/6 3 3,X,-2.6666666666666666666666666666,0,BLOCK,X,1.003662,0.7937592
7/7/7/7/1/5/5/2/5 3 3,X,-2,0,BLOCK,X,0.5293403,0.6323881
7/7/7/7/5/1/5/2/5 3 3,Z,-2,0,BLOCK,Z,0.4324405,0.6794068
7/7/7/7/5/5/1/2/5 3 3,X,-2,0,BLOCK,X,1.380684,0.8308498
7/7/7/7/1/5/5/2/3 3 3,X,-1.7142857142857142857142857142,0,BLOCK,X,0.7418156,0.5228932
7/7/7/7/5/1/5/2/3 3 3,Z,-2,0,BLOCK,Z,0.5605924,0.6536602
7/7/7/7/5/5/1/2/3 3 3,X,-1.3333333333333333333333333334,0,BLOCK,X,1.144063,0.7161637
7/7/7/7/1/5/5/6/4 3 3,X,-2.2857142857142857142857142858,2,BLOCK,X,1.153899,0.7231168
7/7/7/7/5/1/5/6/4 3 3,Z,-2.4,0,BLOCK,Z,0.6645162,0.7029263
7/7/7/7/5/5/1/6/4 3 3,X,-2.6666666666666666666666666666,2,BLOCK,X,1.800061,1.093686
7/7/7/7/5/5/5/4/4 3 3,Z,2,0,BLOCK,Z,0.1522152,0.2983698
7/7/7/7/1/5/5/6/2 3 3,X,-2,0,BLOCK,X,0.4836566,0.6636626
7/7/7/7/5/1/5/6/2 3 3,Z,-2.4,2,BLOCK,Z,1.416239,0.8976629
7/7/7/7/5/5/1/6/2 3 3,X,-2,0,BLOCK,X,0.5864573,0.747809
7/7/7/7/5/5/5/4/2 3 3,Z,2,0,BLOCK,Z,1.725119,1.020555
7/7/7/7/1/5/5/6/1 3 3,X,-1.7142857142857142857142857142,0,BLOCK,X,0.6428015,0.6409829
7/7/7/7/5/1/5/6/1 3 3,Z,-2.4,0,BLOCK,Z,0.6247545,0.6490489
7/7/7/7/5/5/1/6/1 3 3,X,-1.3333333333333333333333333334,0,BLOCK,X,1.04803,0.6047549
7/7/7/7/5/5/5/4/1 3 3,Z,2,2,BLOCK,Z,1.626444,0.9822889
7/7/7/7/1/5/5/5/4 3 3,X,-2.2857142857142857142857142858,0,BLOCK,X,0.4936293,0.6624267
7/7/7/7/5/1/5/5/4 3 3,Z,-2,2,BLOCK,Z,1.221831,0.738291
7/7/7/7/5/5/1/5/4 3 3,X,-2.6666666666666666666666666666,0,BLOCK,X,0.3082738,0.4923503
7/7/7/7/5/5/5/1/4 3 3,Z,-2,0,BLOCK,Z,0.1797954,0.3057107
7/7/7/7/1/5/5/5/2 3 3,X,-2,0,BLOCK,X,0.457382,0.6391521
7/7/7/7/5/1/5/5/2 3 3,Z,-2,2,BLOCK,Z,1.214633,0.7950491
7/7/7/7/5/5/1/5/2 3 3,X,-2,0,BLOCK,X,0.1708965,0.5006987
7/7/7/7/5/5/5/1/2 3 3,Z,-2,2,BLOCK,Z,1.729309,1.028463
7/7/7/7/1/5/5/5/1 3 3,X,-1.7142857142857142857142857142,0,BLOCK,X,0.6792223,0.5356947
7/7/7/7/5/1/5/5/1 3 3,Z,-2,0,BLOCK,Z,0.690155,0.7806322
7/7/7/7/5/5/1/5/1 3 3,X,-1.3333333333333333333333333334,0,BLOCK,X,0.08078531,0.1862685
7/7/7/7/5/5/5/1/1 3 3,Z,-2,0,BLOCK,Z,0.1783127,0.3001957
7/7/7/7/1/5/5/3/4 3 3,X,-2.2857142857142857142857142858,0,BLOCK,X,0.6693357,0.6935863
7/7/7/7/5/1/5/3/4 3 3,Z,-1.6,2,BLOCK,Z,1.098847,0.731954
7/7/7/7/5/5/1/3/4 3 3,X,-2.6666666666666666666666666666,0,BLOCK,X,1.733567,1.153229
7/7/7/7/1/5/5/3/2 3 3,X,-2,0,BLOCK,X,0.3680616,0.5481505
7/7/7/7/5/1/5/3/2 3 3,Z,-1.6,2,BLOCK,Z,1.190941,0.7084685
7/7/7/7/5/5/1/3/2 3 3,X,-2,0,BLOCK,X,0.5836333,0.7034592
7/7/7/7/1/5/5/3/1 3 3,X,-1.7142857142857142857142857142,0,BLOCK,X,0.8556958,0.5886581
7/7/7/7/5/1/5/3/1 3 3,Z,-1.6,0,BLOCK,Z,0.2924739,0.4999163
7/7/7/7/5/5/1/3/1 3 3,X,-1.3333333333333333333333333334,0,BLOCK,X,0.3482653,0.3607532
7/7/7/7/1/5/3/2/6 3 3,X,-2,2,BLOCK,X,1.133197,0.6742455
7/7/7/7/5/1/3/2/6 3 3,Z,-2,0,BLOCK,Z,0.7392188,0.7632161
7/7/7/7/5/5/3/2/4 3 3,X,-1,2,BLOCK,X,1.344664,0.9248023
7/7/7/7/1/5/3/2/5 3 3,X,-1.7142857142857142857142857142,0,BLOCK,X,0.6168243,0.4786042
7/7/7/7/5/1/3/2/5 3 3,Z,-2,0,BLOCK,Z,0.4344061,0.4442552
7/7/7/7/1/5/3/2/3 3 3,X,-1.4285714285714285714285714286,0,BLOCK,X,0.4245303,0.5266632
7/7/7/7/5/1/3/2/3 3 3,Z,-2,2,BLOCK,Z,1.222647,0.7483925
7/7/7/7/1/5/3/6/4 3 3,X,-2,0,BLOCK,X,0.2921188,0.5472816
7/7/7/7/5/1/3/6/4 3 3,Z,-2.4,0,BLOCK,Z,0.7127557,0.7926673
7/7/7/7/5/5/3/4/4 3 3,Z,2,0,BLOCK,Z,1.117449,0.4989256
7/7/7/7/1/5/3/6/2 3 3,X,-1.7142857142857142857142857142,2,BLOCK,X,1.077194,0.7108511
7/7/7/7/5/1/3/6/2 3 3,Z,-2.4,0,BLOCK,Z,0.2589225,0.4247903
7/7/7/7/5/5/3/4/2 3 3,Z,2,0,BLOCK,Z,0.1348035,0.2420401
7/7/7/7/1/5/3/6/1 3 3,X,-1.4285714285714285714285714286,0,BLOCK,X,0.4011897,0.467505
7/7/7/7/5/1/3/6/1 3 3,Z,-2.4,0,BLOCK,Z,0.9627071,0.8095956
7/7/7/7/5/5/3/4/1 3 3,Z,2,0,BLOCK,Z,0.1600033,0.2905401
7/7/7/7/1/5/3/5/4 3 3,X,-2,0,BLOCK,X,0.4286569,0.6058512
7/7/7/7/5/1/3/5/4 3 3,Z,-2,0,BLOCK,Z,0.7291387,0.5592408
7/7/7/7/5/5/3/1/4 3 3,Z,-2,0,BLOCK,Z,1.105701,0.4886379
7/7/7/7/1/5/3/5/2 3 3,X,-1.7142857142857142857142857142,0,BLOCK,X,0.1891471,0.4548285
7/7/7/7/5/1/3/5/2 3 3,Z,-2,0,BLOCK,Z,0.9805322,0.7355825
7/7/7/7/5/5/3/1/2 3 3,Z,-2,0,BLOCK,Z,0.1085719,0.2403199
7/7/7/7/1/5/3/5/1 3 3,X,-1.4285714285714285714285714286,0,BLOCK,X,0.262134,0.4535118
7/7/7/7/5/1/3/5/1 3 3,Z,-2,0,BLOCK,Z,0.920682,0.728736
7/7/7/7/5/5/3/1/1 3 3,Z,-2,0,BLOCK,Z,0.1967518,0.2915944
7/7/7/7/1/5/3/3/4 3 3,X,-2,0,BLOCK,X,0.3634427,0.518109
7/7/7/7/5/1/3/3/4 3 3,Z,-1.6,2,BLOCK,Z,1.135502,0.6735455
7/7/7/7/1/5/3/3/2 3 3,X,-1.7142857142857142857142857142,0,BLOCK,X,0.344912,0.4950805
7/7/7/7/5/1/3/3/2 3 3,Z,-1.6,2,BLOCK,Z,1.144756,0.7122708
7/7/7/7/1/5/3/3/1 3 3,X,-1.4285714285714285714285714286,0,BLOCK,X,0.3628215,0.4879681
7/7/7/7/5/1/3/3/1 3 3,Z,-1.6,0,BLOCK,Z,0.5720605,0.6276141
7/7/7/7/1/5/7/2/4 3 3,X,-2.2857142857142857142857142858,0,BLOCK,X,0.7226624,0.7659523
7/7/7/7/5/1/7/2/4 3 3,Z,-2,2,BLOCK,Z,1.332827,0.8824016
7/7/7/7/1/5/7/2/2 3 3,X,-2,0,BLOCK,X,0.6474987,0.753253
7/7/7/7/5/1/7/2/2 3 3,Z,-2,2,BLOCK,Z,1.413254,0.8617487
7/7/7/7/1/5/7/2/1 3 3,X,-1.7142857142857142857142857142,0,BLOCK,X,0.5569652,0.6622414
7/7/7/7/5/1/7/2/1 3 3,Z,-2,0,BLOCK,Z,0.1066225,0.246053
7/7/7/7/1/3/2/2/7 3 3,X,-2,0,BLOCK,X,0.4751565,0.4867765
7/7/7/7/1/3/2/6/6 3 3,X,-2.2857142857142857142857142858,0,BLOCK,X,0.6043766,0.639696
7/7/7/7/5/3/2/4/6 3 3,Z,2,0,BLOCK,Z,0.3706965,0.3079706
7/7/7/7/1/3/2/6/5 3 3,X,-2,2,BLOCK,X,1.171958,0.7070265
7/7/7/7/5/3/2/4/5 3 3,Z,2,0,BLOCK,Z,1.451312,0.9830266
7/7/7/7/1/3/2/6/3 3 3,X,-1.7142857142857142857142857142,0,BLOCK,X,0.1889091,0.4024467
7/7/7/7/5/3/2/4/3 3 3,Z,2,2,BLOCK,Z,1.542002,0.9791632
7/7/7/7/1/3/2/5/6 3 3,X,-2.2857142857142857142857142858,0,BLOCK,X,0.4012243,0.6245033
7/7/7/7/5/3/2/1/6 3 3,Z,-2,0,BLOCK,Z,0.2176308,0.3168195
7/7/7/7/1/3/2/5/5 3 3,X,-2,0,BLOCK,X,0.1233942,0.09282151
7/7/7/7/5/3/2/1/5 3 3,Z,-2,0,BLOCK,Z,1.678897,1.028828
7/7/7/7/1/3/2/5/3 3 3,X,-1.7142857142857142857142857142,0,BLOCK,X,0.3490838,0.4197605
7/7/7/7/5/3/2/1/3 3 3,Z,-2,0,BLOCK,Z,0.1983719,0.3026075
7/7/7/7/1/3/2/3/6 3 3,X,-2.2857142857142857142857142858,2,BLOCK,X,1.120965,0.7271838
7/7/7/7/1/3/2/3/5 3 3,X,-2,0,BLOCK,X,0.2992355,0.3356323
7/7/7/7/1/3/2/3/3 3 3,X,-1.7142857142857142857142857142,0,BLOCK,X,0.2184625,0.4160445
7/7/7/7/1/3/2/7/4 3 3,X,-2.2857142857142857142857142858,0,BLOCK,X,0.5342326,0.5527931
7/7/7/7/1/3/2/7/2 3 3,X,-2,0,BLOCK,X,0.08614225,0.3117694
7/7/7/7/1/3/2/7/1 3 3,X,-1.7142857142857142857142857142,0,BLOCK,X,0.1879496,0.3848622
7/7/7/7/1/3/6/2/6 3 3,X,-2.5714285714285714285714285714,0,BLOCK,X,0.3173521,0.5599341
7/7/7/7/5/3/4/2/6 3 3,X,1.3333333333333333333333333334,2,BLOCK,X,1.133549,0.6885787
7/7/7/7/1/3/6/2/5 3 3,X,-2.2857142857142857142857142858,0,BLOCK,X,0.4573833,0.697444
7/7/7/7/5/3/4/2/5 3 3,X,2,0,BLOCK,X,0.3658924,0.6307713
7/7/7/7/5/3/6/2/1 3 3,X,1,0,BLOCK,X,0.7648571,0.9464067
7/7/7/7/1/3/6/2/3 3 3,X,-2,2,BLOCK,X,1.39666,0.8895959
7/7/7/7/5/3/4/2/3 3 3,X,2.6666666666666666666666666666,0,BLOCK,X,0.5329162,0.8260291
7/7/7/7/1/3/6/6/4 3 3,X,-2.5714285714285714285714285714,0,BLOCK,X,0.1921617,0.3373924
7/7/7/7/5/3/4/6/4 3 3,X,1.3333333333333333333333333334,2,BLOCK,X,1.057677,0.62301
7/7/7/7/5/3/6/4/4 3 3,Z,2,0,BLOCK,Z,0.3991092,0.5032346
7/7/7/7/1/3/6/6/2 3 3,X,-2.2857142857142857142857142858,2,BLOCK,X,1.333593,0.8173493
7/7/7/7/5/3/4/6/2 3 3,X,2,0,BLOCK,X,0.9441492,0.6954731
7/7/7/7/5/3/6/4/2 3 3,Z,2,0,BLOCK,Z,0.4677771,0.4702764
7/7/7/7/1/3/6/6/1 3 3,X,-2,0,BLOCK,X,0.5421816,0.6695171
7/7/7/7/5/3/4/6/1 3 3,X,2.6666666666666666666666666666,0,BLOCK,X,0.351185,0.4879287
7/7/7/7/5/3/6/4/1 3 3,Z,2,0,BLOCK,Z,1.584139,0.9997924
7/7/7/7/1/3/6/5/4 3 3,X,-2.5714285714285714285714285714,2,BLOCK,X,1.315397,0.8218365
7/7/7/7/5/3/4/5/4 3 3,X,1.3333333333333333333333333334,0,BLOCK,X,1.08763,0.6830781
7/7/7/7/5/3/6/1/4 3 3,Z,-2,0,BLOCK,Z,0.3348691,0.4628738
7/7/7/7/1/3/6/5/2 3 3,X,-2.2857142857142857142857142858,0,BLOCK,X,0.6585666,0.7271602
7/7/7/7/5/3/4/5/2 3 3,X,2,0,BLOCK,X,0.7153719,0.757584
7/7/7/7/5/3/6/1/2 3 3,Z,-2,0,BLOCK,Z,0.2876549,0.39645
7/7/7/7/1/3/6/5/1 3 3,X,-2,0,BLOCK,X,0.4808498,0.669392
7/7/7/7/5/3/4/5/1 3 3,X,2.6666666666666666666666666666,0,BLOCK,X,0.4208486,0.4920198
7/7/7/7/5/3/6/1/1 3 3,Z,-2,0,BLOCK,Z,1.726663,1.044308
7/7/7/7/1/3/6/3/4 3 3,X,-2.5714285714285714285714285714,0,BLOCK,X,0.3609688,0.6220416
7/7/7/7/5/3/4/3/4 3 3,X,1.3333333333333333333333333334,2,BLOCK,X,1.052987,0.6295822
7/7/7/7/1/3/6/3/2 3 3,X,-2.2857142857142857142857142858,0,BLOCK,X,0.3711478,0.6935393
7/7/7/7/5/3/4/3/2 3 3,X,2,2,BLOCK,X,1.57373,0.9265297
7/7/7/7/1/3/6/3/1 3 3,X,-2,0,BLOCK,X,0.2769475,0.6164852
7/7/7/7/5/3/4/3/1 3 3,X,2.6666666666666666666666666666,2,BLOCK,X,1.716379,1.026901
7/7/7/7/1/3/5/2/6 3 3,X,-2.2857142857142857142857142858,0,BLOCK,X,0.5070245,0.6598758
7/7/7/7/5/3/1/2/6 3 3,X,-2.6666666666666666666666666666,0,BLOCK,X,0.556028,0.8392082
7/7/7/7/1/3/5/2/5 3 3,X,-2,0,BLOCK,X,0.4967431,0.6112278
7/7/7/7/5/3/1/2/5 3 3,X,-2,0,BLOCK,X,0.3775347,0.5941277
7/7/7/7/1/3/5/2/3 3 3,X,-1.7142857142857142857142857142,0,BLOCK,X,0.4523287,0.5298931
7/7/7/7/5/3/1/2/3 3 3,X,-1.3333333333333333333333333334,2,BLOCK,X,1.138922,0.6785133
7/7/7/7/1/3/5/6/4 3 3,X,-2.2857142857142857142857142858,0,BLOCK,X,0.4579507,0.6307428
7/7/7/7/5/3/1/6/4 3 3,X,-2.6666666666666666666666666666,0,BLOCK,X,0.09152259,0.2001423
7/7/7/7/5/3/5/4/4 3 3,Z,2,0,BLOCK,Z,0.1755997,0.2779269
7/7/7/7/1/3/5/6/2 3 3,X,-2,0,BLOCK,X,0.375974,0.5539785
7/7/7/7/5/3/1/6/2 3 3,X,-2,0,BLOCK,X,1.695162,1.130067
7/7/7/7/5/3/5/4/2 3 3,Z,2,0,BLOCK,Z,1.716301,1.013516
7/7/7/7/1/3/5/6/1 3 3,X,-1.7142857142857142857142857142,0,BLOCK,X,0.5927958,0.4898706
7/7/7/7/5/3/1/6/1 3 3,X,-1.3333333333333333333333333334,0,BLOCK,X,0.2939973,0.3458326
7/7/7/7/5/3/5/4/1 3 3,Z,2,0,BLOCK,Z,0.561958,0.5701454
7/7/7/7/1/3/5/5/4 3 3,X,-2.2857142857142857142857142858,0,BLOCK,X,0.7542171,0.7456716
7/7/7/7/5/3/1/5/4 3 3,X,-2.6666666666666666666666666666,0,BLOCK,X,0.2723358,0.4005487
7/7/7/7/5/3/5/1/4 3 3,Z,-2,0,BLOCK,Z,0.313313,0.4677543
7/7/7/7/1/3/5/5/2 3 3,X,-2,0,BLOCK,X,0.5634716,0.726994
7/7/7/7/5/3/1/5/2 3 3,X,-2,0,BLOCK,X,0.627473,0.8071824
7/7/7/7/5/3/5/1/2 3 3,Z,-2,0,BLOCK,Z,1.712304,1.022583
7/7/7/7/1/3/5/5/1 3 3,X,-1.7142857142857142857142857142,0,BLOCK,X,0.4521969,0.5857066
7/7/7/7/5/3/1/5/1 3 3,X,-1.3333333333333333333333333334,0,BLOCK,X,0.5434084,0.4603675
7/7/7/7/5/3/5/1/1 3 3,Z,-2,0,BLOCK,Z,0.3322927,0.4603322
7/7/7/7/1/3/5/3/4 3 3,X,-2.2857142857142857142857142858,0,BLOCK,X,0.6151506,0.7460202
7/7/7/7/5/3/1/3/4 3 3,X,-2.6666666666666666666666666666,0,BLOCK,X,0.1990638,0.4316082
7/7/7/7/1/3/5/3/2 3 3,X,-2,0,BLOCK,X,0.4909647,0.6800028
7/7/7/7/5/3/1/3/2 3 3,X,-2,0,BLOCK,X,0.4936854,0.7078488
7/7/7/7/1/3/5/3/1 3 3,X,-1.7142857142857142857142857142,0,BLOCK,X,0.6778656,0.6581075
7/7/7/7/5/3/1/3/1 3 3,X,-1.3333333333333333333333333334,0,BLOCK,X,0.1662265,0.2702977
7/7/7/7/1/3/3/2/6 3 3,X,-2,0,BLOCK,X,0.7763554,0.6728354
7/7/7/7/5/3/3/2/4 3 3,X,-1,2,BLOCK,X,1.334528,0.8621088
7/7/7/7/1/3/3/2/5 3 3,X,-1.7142857142857142857142857142,0,BLOCK,X,0.4404894,0.4307627
7/7/7/7/1/3/3/2/3 3 3,X,-1.4285714285714285714285714286,0,BLOCK,X,0.4578129,0.4260886
7/7/7/7/1/3/3/6/4 3 3,X,-2,0,BLOCK,X,0.2481909,0.5279869
7/7/7/7/5/3/3/4/4 3 3,Z,2,0,BLOCK,Z,0.9784719,0.6157563
7/7/7/7/1/3/3/6/2 3 3,X,-1.7142857142857142857142857142,0,BLOCK,X,0.4022749,0.402651
7/7/7/7/5/3/3/4/2 3 3,Z,2,0,BLOCK,Z,1.036359,0.6505862
7/7/7/7/1/3/3/6/1 3 3,X,-1.4285714285714285714285714286,0,BLOCK,X,0.431284,0.4730753
7/7/7/7/5/3/3/4/1 3 3,Z,2,0,BLOCK,Z,0.2558656,0.2841597
7/7/7/7/1/3/3/5/4 3 3,X,-2,0,BLOCK,X,0.5846279,0.5793274
7/7/7/7/5/3/3/1/4 3 3,Z,-2,0,BLOCK,Z,1.742499,1.025229
7/7/7/7/1/3/3/5/2 3 3,X,-1.7142857142857142857142857142,0,BLOCK,X,0.1796234,0.3526063
7/7/7/7/5/3/3/1/2 3 3,Z,-2,0,BLOCK,Z,0.2649461,0.3886754
7/7/7/7/1/3/3/5/1 3 3,X,-1.4285714285714285714285714286,0,BLOCK,X,0.5694714,0.4871462
7/7/7/7/5/3/3/1/1 3 3,Z,-2,0,BLOCK,Z,0.3291471,0.4249331
7/7/7/7/1/3/3/3/4 3 3,X,-2,0,BLOCK,X,0.3517548,0.6033186
7/7/7/7/1/3/3/3/2 3 3,X,-1.7142857142857142857142857142,0,BLOCK,X,0.2702633,0.5434308
7/7/7/7/1/3/3/3/1 3 3,X,-1.4285714285714285714285714286,0,BLOCK,X,0.4007948,0.509936
7/7/7/7/1/3/7/2/4 3 3,X,-2.2857142857142857142857142858,0,BLOCK,X,0.8102594,0.8077961
7/7/7/7/1/3/7/2/2 3 3,X,-2,0,BLOCK,X,0.5128361,0.7810811
7/7/7/7/1/3/7/2/1 3 3,X,-1.7142857142857142857142857142,0,BLOCK,X,0.456429,0.6406025
7/7/7/7/1/7/2/2/6 3 3,X,-2.2857142857142857142857142858,2,BLOCK,X,1.2317,0.7502274
7/7/7/7/5/7/2/2/4 3 3,X,-1,0,BLOCK,X,0.7924579,0.9513078
7/7/7/7/1/7/2/2/5 3 3,X,-2,0,BLOCK,X,0.1890316,0.4180139
7/7/7/7/5/7/2/2/1 3 3,X,1,2,BLOCK,X,1.33799,0.9304191
7/7/7/7/1/7/2/2/3 3 3,X,-1.7142857142857142857142857142,0,BLOCK,X,0.4191941,0.5790026
7/7/7/7/1/7/2/6/4 3 3,X,-2.2857142857142857142857142858,0,BLOCK,X,0.1429638,0.2915527
7/7/7/7/5/7/2/4/4 3 3,Z,2,0,BLOCK,Z,1.716771,1.027941
7/7/7/7/1/7/2/6/2 3 3,X,-2,0,BLOCK,X,0.3360498,0.4517897
7/7/7/7/5/7/2/4/2 3 3,Z,2,0,BLOCK,Z,0.1288782,0.2468546
7/7/7/7/1/7/2/6/1 3 3,X,-1.7142857142857142857142857142,0,BLOCK,X,0.2183942,0.3981699
7/7/7/7/5/7/2/4/1 3 3,Z,2,0,BLOCK,Z,1.730494,1.020965
7/7/7/7/1/7/2/5/4 3 3,X,-2.2857142857142857142857142858,0,BLOCK,X,0.1884075,0.3252673
7/7/7/7/5/7/2/1/4 3 3,Z,-2,0,BLOCK,Z,1.734209,1.027762
7/7/7/7/1/7/2/5/2 3 3,X,-2,0,BLOCK,X,0.4086783,0.5664333
7/7/7/7/5/7/2/1/2 3 3,Z,-2,0,BLOCK,Z,0.1141974,0.2420375
7/7/7/7/1/7/2/5/1 3 3,X,-1.7142857142857142857142857142,0,BLOCK,X,0.3822268,0.5069781
7/7/7/7/5/7/2/1/1 3 3,Z,-2,0,BLOCK,Z,1.149083,0.5424431
7/7/7/7/1/7/2/3/4 3 3,X,-2.2857142857142857142857142858,0,BLOCK,X,0.2501432,0.3950163
7/7/7/7/1/7/2/3/2 3 3,X,-2,0,BLOCK,X,0.3807271,0.5327057
7/7/7/7/1/7/2/3/1 3 3,X,-1.7142857142857142857142857142,0,BLOCK,X,0.2236572,0.469479
7/7/7/7/1/7/6/2/4 3 3,X,-2.5714285714285714285714285714,2,BLOCK,X,1.42903,0.8735982
7/7/7/7/5/7/4/2/4 3 3,X,1,0,BLOCK,X,0.1646662,0.1258803
7/7/7/7/1/7/6/2/2 3 3,X,-2.2857142857142857142857142858,0,BLOCK,X,0.3724814,0.6440418
7/7/7/7/5/7/4/2/2 3 3,X,2,0,BLOCK,X,0.2274603,0.4893014
7/7/7/7/1/7/5/2/4 3 3,X,-2.2857142857142857142857142858,0,BLOCK,X,0.4948638,0.722872
7/7/7/7/5/7/1/2/4 3 3,X,-3,0,BLOCK,X,0.378112,0.4570539
7/7/7/7/1/7/5/2/2 3 3,X,-2,0,BLOCK,X,0.4444848,0.6804224
7/7/7/7/5/7/1/2/2 3 3,X,-2,0,BLOCK,X,0.1573543,0.4264346
7/7/7/7/1/7/5/2/1 3 3,X,-1.7142857142857142857142857142,0,BLOCK,X,0.3653961,0.474982
7/7/7/7/5/7/4/2/1 3 3,X,3,0,BLOCK,X,0.3350249,0.3838468
7/7/7/7/5/7/1/2/1 3 3,X,-1,0,BLOCK,X,0.1709194,0.1448974
7/7/7/7/1/7/3/2/2 3 3,X,-1.7142857142857142857142857142,0,BLOCK,X,0.2915803,0.5221455
7/7/7/7/1/7/3/2/1 3 3,X,-1.4285714285714285714285714286,0,BLOCK,X,0.197289,0.2989093
7/7/7/7/3/2/2/4/7 3 3,Z,2,0,BLOCK,Z,1.569426,0.9503667
7/7/7/7/3/2/2/1/7 3 3,Z,-2,0,BLOCK,Z,1.527008,1.01867
7/7/7/7/3/2/4/2/7 3 3,X,2,0,BLOCK,X,0.5339141,0.6301405
7/7/7/7/3/2/4/6/6 3 3,X,1.5,0,BLOCK,X,0.3169286,0.3899217
7/7/7/7/3/2/6/4/6 3 3,Z,2,0,BLOCK,Z,0.4312532,0.4784911
7/7/7/7/3/2/4/6/5 3 3,X,2,0,BLOCK,X,0.7552459,0.6869451
7/7/7/7/3/2/6/4/5 3 3,Z,2,2,BLOCK,Z,1.561012,0.9811119
7/7/7/7/3/2/4/6/3 3 3,X,2.5,0,BLOCK,X,0.6775885,0.7158286
7/7/7/7/3/2/6/4/3 3 3,Z,2,0,BLOCK,Z,0.4714936,0.511798
7/7/7/7/3/2/4/5/6 3 3,X,1.5,2,BLOCK,X,1.222144,0.9672128
7/7/7/7/3/2/6/1/6 3 3,Z,-2,0,BLOCK,Z,0.4365239,0.5685857
7/7/7/7/3/2/4/5/5 3 3,X,2,0,BLOCK,X,0.530934,0.5752278
7/7/7/7/3/2/6/1/5 3 3,Z,-2,0,BLOCK,Z,1.626578,1.036449
7/7/7/7/3/2/4/5/3 3 3,X,2.5,0,BLOCK,X,1.584553,1.036281
7/7/7/7/3/2/6/1/3 3 3,Z,-2,0,BLOCK,Z,1.629339,0.9537718
7/7/7/7/3/2/4/3/6 3 3,X,1.5,0,BLOCK,X,0.4827147,0.4975229
7/7/7/7/3/2/4/3/5 3 3,X,2,0,BLOCK,X,0.610347,0.5696953
7/7/7/7/3/2/4/3/3 3 3,X,2.5,0,BLOCK,X,1.476241,1.103723
7/7/7/7/3/2/4/7/4 3 3,X,1.5,0,BLOCK,X,0.515844,0.4625757
7/7/7/7/3/2/4/7/2 3 3,X,2,0,BLOCK,X,1.576333,1.061663
7/7/7/7/3/2/4/7/1 3 3,X,2.5,0,BLOCK,X,1.536097,1.031798
7/7/7/7/3/2/1/2/7 3 3,X,-2,0,BLOCK,X,0.6509551,0.8056443
7/7/7/7/3/2/1/6/6 3 3,X,-2.5,0,BLOCK,X,0.6803708,0.9367446
7/7/7/7/3/2/5/4/6 3 3,Z,2,2,BLOCK,Z,1.558742,1.001666
7/7/7/7/3/2/1/6/5 3 3,X,-2,0,BLOCK,X,0.639304,0.7946217
7/7/7/7/3/2/5/4/5 3 3,Z,2,2,BLOCK,Z,1.570708,0.9479445
7/7/7/7/3/2/1/6/3 3 3,X,-1.5,0,BLOCK,X,0.2518916,0.5982665
7/7/7/7/3/2/5/4/3 3 3,Z,2,2,BLOCK,Z,1.56836,0.9301559
7/7/7/7/3/2/1/5/6 3 3,X,-2.5,0,BLOCK,X,1.735875,1.009167
7/7/7/7/3/2/5/1/6 3 3,Z,-2,2,BLOCK,Z,1.561576,0.9146814
7/7/7/7/3/2/1/5/5 3 3,X,-2,0,BLOCK,X,0.8051227,0.7579286
7/7/7/7/3/2/5/1/5 3 3,Z,-2,0,BLOCK,Z,0.5025984,0.5196568
7/7/7/7/3/2/1/5/3 3 3,X,-1.5,0,BLOCK,X,0.661323,0.6576771
7/7/7/7/3/2/5/1/3 3 3,Z,-2,0,BLOCK,Z,1.641698,1.003517
7/7/7/7/3/2/1/3/6 3 3,X,-2.5,0,BLOCK,X,1.617456,1.033482
7/7/7/7/3/2/1/3/5 3 3,X,-2,0,BLOCK,X,0.7458679,0.6427833
7/7/7/7/3/2/1/3/3 3 3,X,-1.5,0,BLOCK,X,0.3975791,0.5830767
7/7/7/7/3/2/1/7/4 3 3,X,-2.5,0,BLOCK,X,0.5346503,0.7131919
7/7/7/7/3/2/1/7/2 3 3,X,-2,0,BLOCK,X,1.622348,1.004653
7/7/7/7/3/2/1/7/1 3 3,X,-1.5,0,BLOCK,X,1.165535,0.7844698
7/7/7/7/3/2/3/4/6 3 3,Z,2,0,BLOCK,Z,1.674097,0.9912938
7/7/7/7/3/2/3/4/5 3 3,Z,2,2,BLOCK,Z,1.568496,0.9043723
7/7/7/7/3/2/3/4/3 3 3,Z,2,2,BLOCK,Z,1.548591,0.9067516
7/7/7/7/3/2/3/1/6 3 3,Z,-2,0,BLOCK,Z,0.423267,0.4402107
7/7/7/7/3/2/3/1/5 3 3,Z,-2,0,BLOCK,Z,1.625265,1.069032
7/7/7/7/3/2/3/1/3 3 3,Z,-2,0,BLOCK,Z,0.3974846,0.4883061
7/7/7/7/3/2/7/4/4 3 3,Z,2,0,BLOCK,Z,0.2734498,0.3645577
7/7/7/7/3/2/7/4/2 3 3,Z,2,0,BLOCK,Z,0.2330591,0.3131388
7/7/7/7/3/2/7/4/1 3 3,Z,2,0,BLOCK,Z,0.6142119,0.6413572
7/7/7/7/3/2/7/1/4 3 3,Z,-2,0,BLOCK,Z,0.3789911,0.4656701
7/7/7/7/3/2/7/1/2 3 3,Z,-2,0,BLOCK,Z,0.2089079,0.2958782
7/7/7/7/3/2/7/1/1 3 3,Z,-2,0,BLOCK,Z,0.2855033,0.3903692
7/7/7/7/3/4/2/2/7 3 3,Z,2,0,BLOCK,Z,0.6528058,0.6679949
7/7/7/7/3/4/2/6/6 3 3,Z,1.6,2,BLOCK,Z,1.089071,0.6646578
7/7/7/7/3/6/2/4/6 3 3,Z,2,0,BLOCK,Z,1.70184,1.093172
7/7/7/7/3/4/2/6/5 3 3,Z,1.6,0,BLOCK,Z,0.4542563,0.624772
7/7/7/7/3/6/2/4/5 3 3,Z,2,0,BLOCK,Z,1.559911,1.027189
7/7/7/7/3/4/2/6/3 3 3,Z,1.6,0,BLOCK,Z,0.4586625,0.5332541
7/7/7/7/3/6/2/4/3 3 3,Z,2,0,BLOCK,Z,0.2527535,0.3721037
7/7/7/7/3/4/2/5/6 3 3,Z,2,2,BLOCK,Z,1.123083,0.6988591
7/7/7/7/3/6/2/1/6 3 3,Z,-2,0,BLOCK,Z,1.392652,0.918892
7/7/7/7/3/4/2/5/5 3 3,Z,2,0,BLOCK,Z,0.4886781,0.6460478
7/7/7/7/3/6/2/1/5 3 3,Z,-2,0,BLOCK,Z,1.519247,0.99122
7/7/7/7/3/4/2/5/3 3 3,Z,2,0,BLOCK,Z,0.6609144,0.7276248
7/7/7/7/3/6/2/1/3 3 3,Z,-2,0,BLOCK,Z,0.355513,0.3699512
7/7/7/7/3/4/2/3/6 3 3,Z,2.4,0,BLOCK,Z,0.764394,0.8489924
7/7/7/7/3/4/2/3/5 3 3,Z,2.4,0,BLOCK,Z,0.4072162,0.6729934
7/7/7/7/3/4/2/3/3 3 3,Z,2.4,0,BLOCK,Z,0.3635492,0.6202615
7/7/7/7/3/4/2/7/4 3 3,Z,2,0,BLOCK,Z,0.4911841,0.7028198
7/7/7/7/3/4/2/7/2 3 3,Z,2,0,BLOCK,Z,0.7954833,0.8731488
7/7/7/7/3/4/2/7/1 3 3,Z,2,0,BLOCK,Z,0.584174,0.79049
7/7/7/7/3/4/6/2/6 3 3,Z,2,0,BLOCK,Z,0.4985074,0.6578402
7/7/7/7/3/6/4/2/6 3 3,X,1.3333333333333333333333333334,0,BLOCK,X,0.3421195,0.3233146
7/7/7/7/3/4/6/2/5 3 3,Z,2,0,BLOCK,Z,0.4970802,0.6958048
7/7/7/7/3/6/4/2/5 3 3,X,2,0,BLOCK,X,0.5519482,0.6068858
7/7/7/7/3/6/6/2/1 3 3,X,1,0,BLOCK,X,1.023703,0.8687062
7/7/7/7/3/4/6/2/3 3 3,Z,2,0,BLOCK,Z,0.5385227,0.6360742
7/7/7/7/3/6/4/2/3 3 3,X,2.6666666666666666666666666666,0,BLOCK,X,0.7247064,0.9251937
7/7/7/7/3/4/6/6/4 3 3,Z,1.6,2,BLOCK,Z,1.215789,0.7100561
7/7/7/7/3/6/4/6/4 3 3,X,1.3333333333333333333333333334,2,BLOCK,X,0.936592,0.5770981
7/7/7/7/3/6/6/4/4 3 3,Z,2,0,BLOCK,Z,0.347007,0.4592513
7/7/7/7/3/4/6/6/2 3 3,Z,1.6,0,BLOCK,Z,0.3993449,0.5863918
7/7/7/7/3/6/4/6/2 3 3,X,2,0,BLOCK,X,0.5281394,0.5696037
7/7/7/7/3/6/6/4/2 3 3,Z,2,0,BLOCK,Z,0.2850405,0.3662422
7/7/7/7/3/4/6/6/1 3 3,Z,1.6,0,BLOCK,Z,0.7620397,0.6245829
7/7/7/7/3/6/4/6/1 3 3,X,2.6666666666666666666666666666,0,BLOCK,X,0.5422354,0.5982884
7/7/7/7/3/6/6/4/1 3 3,Z,2,0,BLOCK,Z,1.674995,1.017948
7/7/7/7/3/4/6/5/4 3 3,Z,2,0,BLOCK,Z,0.5726782,0.6690571
7/7/7/7/3/6/4/5/4 3 3,X,1.3333333333333333333333333334,0,BLOCK,X,0.5655796,0.3410439
7/7/7/7/3/6/6/1/4 3 3,Z,-2,2,BLOCK,Z,1.627149,0.9970526
7/7/7/7/3/4/6/5/2 3 3,Z,2,0,BLOCK,Z,1.025744,0.8020482
7/7/7/7/3/6/4/5/2 3 3,X,2,0,BLOCK,X,1.525557,0.9419271
7/7/7/7/3/6/6/1/2 3 3,Z,-2,0,BLOCK,Z,0.4727345,0.5755043
7/7/7/7/3/4/6/5/1 3 3,Z,2,0,BLOCK,Z,0.8498597,0.7712519
7/7/7/7/3/6/4/5/1 3 3,X,2.6666666666666666666666666666,0,BLOCK,X,0.7971598,0.6880574
7/7/7/7/3/6/6/1/1 3 3,Z,-2,0,BLOCK,Z,1.001045,0.6506168
7/7/7/7/3/4/6/3/4 3 3,Z,2.4,0,BLOCK,Z,0.742175,0.9365765
7/7/7/7/3/6/4/3/4 3 3,X,1.3333333333333333333333333334,0,BLOCK,X,0.1615822,0.1789041
7/7/7/7/3/4/6/3/2 3 3,Z,2.4,2,BLOCK,Z,1.563972,0.9759973
7/7/7/7/3/6/4/3/2 3 3,X,2,0,BLOCK,X,0.5466596,0.6237425
7/7/7/7/3/4/6/3/1 3 3,Z,2.4,0,BLOCK,Z,1.480116,1.080883
7/7/7/7/3/6/4/3/1 3 3,X,2.6666666666666666666666666666,0,BLOCK,X,0.9490221,0.7384622
7/7/7/7/3/4/5/2/6 3 3,Z,2,0,BLOCK,Z,0.4269948,0.5258466
7/7/7/7/3/6/1/2/6 3 3,X,-2.6666666666666666666666666666,0,BLOCK,X,0.8713018,1.013131
7/7/7/7/3/4/5/2/5 3 3,Z,2,0,BLOCK,Z,0.4587023,0.5917252
7/7/7/7/3/6/1/2/5 3 3,X,-2,0,BLOCK,X,0.6474211,0.7738286
7/7/7/7/3/4/5/2/3 3 3,Z,2,0,BLOCK,Z,0.4201019,0.5664404
7/7/7/7/3/6/1/2/3 3 3,X,-1.3333333333333333333333333334,0,BLOCK,X,0.5707775,0.5898411
7/7/7/7/3/4/5/6/4 3 3,Z,1.6,2,BLOCK,Z,1.15301,0.7107525
7/7/7/7/3/6/1/6/4 3 3,X,-2.6666666666666666666666666666,0,BLOCK,X,0.4730029,0.7400313
7/7/7/7/3/6/5/4/4 3 3,Z,2,2,BLOCK,Z,1.626215,0.9938732
7/7/7/7/3/4/5/6/2 3 3,Z,1.6,2,BLOCK,Z,1.133013,0.6825339
7/7/7/7/3/6/1/6/2 3 3,X,-2,0,BLOCK,X,0.5628425,0.7973071
7/7/7/7/3/6/5/4/2 3 3,Z,2,0,BLOCK,Z,1.717734,1.032668
7/7/7/7/3/4/5/6/1 3 3,Z,1.6,0,BLOCK,Z,1.106917,0.7627185
7/7/7/7/3/6/1/6/1 3 3,X,-1.3333333333333333333333333334,0,BLOCK,X,0.2231172,0.3031914
7/7/7/7/3/6/5/4/1 3 3,Z,2,2,BLOCK,Z,1.63645,0.9794879
7/7/7/7/3/4/5/5/4 3 3,Z,2,0,BLOCK,Z,0.5101392,0.6213126
7/7/7/7/3/6/1/5/4 3 3,X,-2.6666666666666666666666666666,2,BLOCK,X,1.75568,1.145332
7/7/7/7/3/6/5/1/4 3 3,Z,-2,0,BLOCK,Z,0.2821344,0.3068497
7/7/7/7/3/4/5/5/2 3 3,Z,2,0,BLOCK,Z,0.7269975,0.7065516
7/7/7/7/3/6/1/5/2 3 3,X,-2,0,BLOCK,X,0.4281699,0.6250876
7/7/7/7/3/6/5/1/2 3 3,Z,-2,0,BLOCK,Z,0.5065395,0.5201006
7/7/7/7/3/4/5/5/1 3 3,Z,2,2,BLOCK,Z,1.202409,0.7829573
7/7/7/7/3/6/1/5/1 3 3,X,-1.3333333333333333333333333334,0,BLOCK,X,0.7591282,0.5529154
7/7/7/7/3/6/5/1/1 3 3,Z,-2,2,BLOCK,Z,1.630233,0.9812984
7/7/7/7/3/4/5/3/4 3 3,Z,2.4,0,BLOCK,Z,0.5861842,0.7045279
7/7/7/7/3/6/1/3/4 3 3,X,-2.6666666666666666666666666666,0,BLOCK,X,0.2170718,0.379132
7/7/7/7/3/4/5/3/2 3 3,Z,2.4,0,BLOCK,Z,0.6631078,0.7610473
7/7/7/7/3/6/1/3/2 3 3,X,-2,0,BLOCK,X,0.9180543,0.8964224
7/7/7/7/3/4/5/3/1 3 3,Z,2.4,0,BLOCK,Z,0.5507434,0.6463507
7/7/7/7/3/6/1/3/1 3 3,X,-1.3333333333333333333333333334,2,BLOCK,X,1.064918,0.6535447
7/7/7/7/3/4/3/2/6 3 3,Z,2,0,BLOCK,Z,0.1724403,0.4214076
7/7/7/7/3/6/3/2/4 3 3,X,-1,2,BLOCK,X,1.373657,0.9433657
7/7/7/7/3/4/3/2/5 3 3,Z,2,0,BLOCK,Z,0.1329037,0.3307323
7/7/7/7/3/4/3/2/3 3 3,Z,2,0,BLOCK,Z,0.6024041,0.6117669
7/7/7/7/3/4/3/6/4 3 3,Z,1.6,0,BLOCK,Z,0.7472185,0.5151343
7/7/7/7/3/6/3/4/4 3 3,Z,2,0,BLOCK,Z,1.525637,1.005807
7/7/7/7/3/4/3/6/2 3 3,Z,1.6,0,BLOCK,Z,0.2164927,0.4136257
7/7/7/7/3/6/3/4/2 3 3,Z,2,0,BLOCK,Z,0.241727,0.3484001
7/7/7/7/3/4/3/6/1 3 3,Z,1.6,0,BLOCK,Z,0.4165078,0.6034495
7/7/7/7/3/6/3/4/1 3 3,Z,2,0,BLOCK,Z,0.3175967,0.3901804
7/7/7/7/3/4/3/5/4 3 3,Z,2,0,BLOCK,Z,0.4653374,0.5580128
7/7/7/7/3/6/3/1/4 3 3,Z,-2,0,BLOCK,Z,1.603621,1.054226
7/7/7/7/3/4/3/5/2 3 3,Z,2,0,BLOCK,Z,0.6081734,0.6920139
7/7/7/7/3/6/3/1/2 3 3,Z,-2,0,BLOCK,Z,0.1507866,0.1916872
7/7/7/7/3/4/3/5/1 3 3,Z,2,0,BLOCK,Z,0.681502,0.7867284
7/7/7/7/3/6/3/1/1 3 3,Z,-2,0,BLOCK,Z,0.233708,0.2703798
7/7/7/7/3/4/3/3/4 3 3,Z,2.4,0,BLOCK,Z,0.5816901,0.7126251
7/7/7/7/3/4/3/3/2 3 3,Z,2.4,0,BLOCK,Z,0.4692594,0.6940796
7/7/7/7/3/4/3/3/1 3 3,Z,2.4,0,BLOCK,Z,0.8674136,0.8257169
7/7/7/7/3/4/7/2/4 3 3,Z,2,0,BLOCK,Z,0.2499831,0.4850575
7/7/7/7/3/4/7/2/2 3 3,Z,2,0,BLOCK,Z,0.2411641,0.4664123
7/7/7/7/3/4/7/2/1 3 3,Z,2,2,BLOCK,Z,1.487082,0.9726378
7/7/7/7/3/1/2/2/7 3 3,Z,-2,2,BLOCK,Z,1.095442,0.7200994
7/7/7/7/3/1/2/6/6 3 3,Z,-2.4,2,BLOCK,Z,1.258317,0.756535
7/7/7/7/3/5/2/4/6 3 3,Z,2,0,BLOCK,Z,0.1649328,0.2720152
7/7/7/7/3/1/2/6/5 3 3,Z,-2.4,0,BLOCK,Z,0.5682126,0.7705027
7/7/7/7/3/5/2/4/5 3 3,Z,2,0,BLOCK,Z,1.697744,1.03916
7/7/7/7/3/1/2/6/3 3 3,Z,-2.4,0,BLOCK,Z,0.5138377,0.7731388
7/7/7/7/3/5/2/4/3 3 3,Z,2,0,BLOCK,Z,0.0724645,0.1897163
7/7/7/7/3/1/2/5/6 3 3,Z,-2,0,BLOCK,Z,0.7923284,0.7858697
7/7/7/7/3/5/2/1/6 3 3,Z,-2,0,BLOCK,Z,1.756561,1.045012
7/7/7/7/3/1/2/5/5 3 3,Z,-2,0,BLOCK,Z,0.9295756,0.7814319
7/7/7/7/3/5/2/1/5 3 3,Z,-2,0,BLOCK,Z,1.631425,1.035477
7/7/7/7/3/1/2/5/3 3 3,Z,-2,0,BLOCK,Z,0.80234,0.7786377
7/7/7/7/3/5/2/1/3 3 3,Z,-2,0,BLOCK,Z,0.1164481,0.2284167
7/7/7/7/3/1/2/3/6 3 3,Z,-1.6,0,BLOCK,Z,0.3762848,0.5193229
7/7/7/7/3/1/2/3/5 3 3,Z,-1.6,0,BLOCK,Z,0.334012,0.5066029
7/7/7/7/3/1/2/3/3 3 3,Z,-1.6,0,BLOCK,Z,0.3999369,0.5799154
7/7/7/7/3/1/2/7/4 3 3,Z,-2,0,BLOCK,Z,0.5368932,0.8735868
7/7/7/7/3/1/2/7/2 3 3,Z,-2,0,BLOCK,Z,0.5254571,0.8162113
7/7/7/7/3/1/2/7/1 3 3,Z,-2,0,BLOCK,Z,0.4663235,0.7325425
7/7/7/7/3/1/6/2/6 3 3,Z,-2,0,BLOCK,Z,0.7155388,0.7323412
7/7/7/7/3/5/4/2/6 3 3,X,1.3333333333333333333333333334,0,BLOCK,X,1.027909,0.6593993
7/7/7/7/3/1/6/2/5 3 3,Z,-2,2,BLOCK,Z,1.319279,0.9877711
7/7/7/7/3/5/4/2/5 3 3,X,2,0,BLOCK,X,0.6053615,0.5354726
7/7/7/7/3/5/6/2/1 3 3,X,1,0,BLOCK,X,1.123298,0.8473328
7/7/7/7/3/1/6/2/3 3 3,Z,-2,0,BLOCK,Z,1.175746,0.7620056
7/7/7/7/3/5/4/2/3 3 3,X,2.6666666666666666666666666666,0,BLOCK,X,1.648849,1.008113
7/7/7/7/3/1/6/6/4 3 3,Z,-2.4,0,BLOCK,Z,1.194582,0.9598782
7/7/7/7/3/5/4/6/4 3 3,X,1.3333333333333333333333333334,0,BLOCK,X,0.2819231,0.2676057
7/7/7/7/3/5/6/4/4 3 3,Z,2,0,BLOCK,Z,0.4494026,0.5587592
7/7/7/7/3/1/6/6/2 3 3,Z,-2.4,0,BLOCK,Z,0.7374492,0.8413312
7/7/7/7/3/5/4/6/2 3 3,X,2,0,BLOCK,X,1.536205,1.056437
7/7/7/7/3/5/6/4/2 3 3,Z,2,0,BLOCK,Z,0.1579296,0.2825149
7/7/7/7/3/1/6/6/1 3 3,Z,-2.4,0,BLOCK,Z,0.7704709,0.8647267
7/7/7/7/3/5/4/6/1 3 3,X,2.6666666666666666666666666666,2,BLOCK,X,1.617021,0.9762253
7/7/7/7/3/5/6/4/1 3 3,Z,2,0,BLOCK,Z,1.690901,1.029545
7/7/7/7/3/1/6/5/4 3 3,Z,-2,0,BLOCK,Z,0.4642614,0.6631936
7/7/7/7/3/5/4/5/4 3 3,X,1.3333333333333333333333333334,0,BLOCK,X,0.1822768,0.1613182
7/7/7/7/3/5/6/1/4 3 3,Z,-2,0,BLOCK,Z,0.2730065,0.3620269
7/7/7/7/3/1/6/5/2 3 3,Z,-2,0,BLOCK,Z,0.5208834,0.641946
7/7/7/7/3/5/4/5/2 3 3,X,2,0,BLOCK,X,0.6062607,0.7036689
7/7/7/7/3/5/6/1/2 3 3,Z,-2,0,BLOCK,Z,0.1226128,0.2466606
7/7/7/7/3/1/6/5/1 3 3,Z,-2,0,BLOCK,Z,0.6213204,0.711656
7/7/7/7/3/5/4/5/1 3 3,X,2.6666666666666666666666666666,0,BLOCK,X,0.5946881,0.608833
7/7/7/7/3/5/6/1/1 3 3,Z,-2,0,BLOCK,Z,1.582769,0.9734898
7/7/7/7/3/1/6/3/4 3 3,Z,-1.6,0,BLOCK,Z,0.4777175,0.5853496
7/7/7/7/3/5/4/3/4 3 3,X,1.3333333333333333333333333334,0,BLOCK,X,0.4304834,0.3349479
7/7/7/7/3/1/6/3/2 3 3,Z,-1.6,0,BLOCK,Z,0.4734253,0.6582816
7/7/7/7/3/5/4/3/2 3 3,X,2,2,BLOCK,X,1.50502,0.8864447
7/7/7/7/3/1/6/3/1 3 3,Z,-1.6,0,BLOCK,Z,0.5630347,0.4838826
7/7/7/7/3/5/4/3/1 3 3,X,2.6666666666666666666666666666,0,BLOCK,X,0.9808418,0.4949092
7/7/7/7/3/1/5/2/6 3 3,Z,-2,0,BLOCK,Z,0.1790823,0.3191284
7/7/7/7/3/5/1/2/6 3 3,X,-2.6666666666666666666666666666,0,BLOCK,X,1.668043,1.024011
7/7/7/7/3/1/5/2/5 3 3,Z,-2,0,BLOCK,Z,0.559544,0.6758021
7/7/7/7/3/5/1/2/5 3 3,X,-2,0,BLOCK,X,1.362741,0.8640518
7/7/7/7/3/1/5/2/3 3 3,Z,-2,0,BLOCK,Z,0.5121447,0.6911437
7/7/7/7/3/5/1/2/3 3 3,X,-1.3333333333333333333333333334,2,BLOCK,X,1.073433,0.6591247
7/7/7/7/3/1/5/6/4 3 3,Z,-2.4,0,BLOCK,Z,0.7658269,0.8331622
7/7/7/7/3/5/1/6/4 3 3,X,-2.6666666666666666666666666666,0,BLOCK,X,1.783146,1.131008
7/7/7/7/3/5/5/4/4 3 3,Z,2,0,BLOCK,Z,0.2304602,0.3983006
7/7/7/7/3/1/5/6/2 3 3,Z,-2.4,0,BLOCK,Z,0.9211428,0.8547501
7/7/7/7/3/5/1/6/2 3 3,X,-2,0,BLOCK,X,0.670572,0.7508329
7/7/7/7/3/5/5/4/2 3 3,Z,2,0,BLOCK,Z,0.2072537,0.3003452
7/7/7/7/3/1/5/6/1 3 3,Z,-2.4,0,BLOCK,Z,0.6521746,0.7544618
7/7/7/7/3/5/1/6/1 3 3,X,-1.3333333333333333333333333334,2,BLOCK,X,1.010539,0.6063842
7/7/7/7/3/5/5/4/1 3 3,Z,2,0,BLOCK,Z,0.1550715,0.2661142
7/7/7/7/3/1/5/5/4 3 3,Z,-2,0,BLOCK,Z,1.2013,0.9045784
7/7/7/7/3/5/1/5/4 3 3,X,-2.6666666666666666666666666666,0,BLOCK,X,0.5426176,0.6587978
7/7/7/7/3/5/5/1/4 3 3,Z,-2,0,BLOCK,Z,0.2847303,0.434707
7/7/7/7/3/1/5/5/2 3 3,Z,-2,0,BLOCK,Z,0.7298577,0.7012086
7/7/7/7/3/5/1/5/2 3 3,X,-2,0,BLOCK,X,0.5492004,0.7739203
7/7/7/7/3/5/5/1/2 3 3,Z,-2,0,BLOCK,Z,1.712815,1.014144
7/7/7/7/3/1/5/5/1 3 3,Z,-2,2,BLOCK,Z,1.216995,0.7764074
7/7/7/7/3/5/1/5/1 3 3,X,-1.3333333333333333333333333334,0,BLOCK,X,0.3663619,0.4793253
7/7/7/7/3/5/5/1/1 3 3,Z,-2,2,BLOCK,Z,1.632232,0.9868621
7/7/7/7/3/1/5/3/4 3 3,Z,-1.6,0,BLOCK,Z,0.4548972,0.6249832
7/7/7/7/3/5/1/3/4 3 3,X,-2.6666666666666666666666666666,0,BLOCK,X,0.4305751,0.6008847
7/7/7/7/3/1/5/3/2 3 3,Z,-1.6,0,BLOCK,Z,0.3121805,0.469429
7/7/7/7/3/5/1/3/2 3 3,X,-2,0,BLOCK,X,0.7078888,0.7583117
7/7/7/7/3/1/5/3/1 3 3,Z,-1.6,0,BLOCK,Z,0.3658614,0.6192249
7/7/7/7/3/5/1/3/1 3 3,X,-1.3333333333333333333333333334,0,BLOCK,X,1.113534,0.6966513
7/7/7/7/3/1/3/2/6 3 3,Z,-2,0,BLOCK,Z,0.5341037,0.7378421
7/7/7/7/3/5/3/2/4 3 3,X,-1,2,BLOCK,X,1.340462,0.8199616
7/7/7/7/3/1/3/2/5 3 3,Z,-2,0,BLOCK,Z,0.3622805,0.4212577
7/7/7/7/3/1/3/2/3 3 3,Z,-2,2,BLOCK,Z,1.209607,0.7820817
7/7/7/7/3/1/3/6/4 3 3,Z,-2.4,0,BLOCK,Z,0.7084795,0.8003272
7/7/7/7/3/5/3/4/4 3 3,Z,2,0,BLOCK,Z,1.186988,0.5644205
7/7/7/7/3/1/3/6/2 3 3,Z,-2.4,0,BLOCK,Z,0.522992,0.7463874
7/7/7/7/3/5/3/4/2 3 3,Z,2,0,BLOCK,Z,0.1229064,0.2577736
7/7/7/7/3/1/3/6/1 3 3,Z,-2.4,0,BLOCK,Z,0.4210548,0.7291253
7/7/7/7/3/5/3/4/1 3 3,Z,2,0,BLOCK,Z,0.1548553,0.261241
7/7/7/7/3/1/3/5/4 3 3,Z,-2,0,BLOCK,Z,0.23766,0.430537
7/7/7/7/3/5/3/1/4 3 3,Z,-2,0,BLOCK,Z,1.728072,1.050416
7/7/7/7/3/1/3/5/2 3 3,Z,-2,0,BLOCK,Z,0.4282721,0.6923972
7/7/7/7/3/5/3/1/2 3 3,Z,-2,0,BLOCK,Z,0.1452458,0.2741296
7/7/7/7/3/1/3/5/1 3 3,Z,-2,2,BLOCK,Z,1.194114,0.7847955
7/7/7/7/3/5/3/1/1 3 3,Z,-2,0,BLOCK,Z,0.160965,0.2752766
7/7/7/7/3/1/3/3/4 3 3,Z,-1.6,2,BLOCK,Z,1.135345,0.7338433
7/7/7/7/3/1/3/3/2 3 3,Z,-1.6,0,BLOCK,Z,0.6002399,0.5320417
7/7/7/7/3/1/3/3/1 3 3,Z,-1.6,0,BLOCK,Z,0.373907,0.5988961
7/7/7/7/3/1/7/2/4 3 3,Z,-2,2,BLOCK,Z,1.429819,0.8762047
7/7/7/7/3/1/7/2/2 3 3,Z,-2,0,BLOCK,Z,0.1928807,0.3231098
7/7/7/7/3/1/7/2/1 3 3,Z,-2,0,BLOCK,Z,1.323812,0.8654247
7/7/7/7/3/3/2/4/6 3 3,Z,2,0,BLOCK,Z,1.599694,0.9598465
7/7/7/7/3/3/2/4/5 3 3,Z,2,0,BLOCK,Z,1.54536,0.9167044
7/7/7/7/3/3/2/4/3 3 3,Z,2,0,BLOCK,Z,0.3105754,0.3845314
7/7/7/7/3/3/2/1/6 3 3,Z,-2,0,BLOCK,Z,0.1992108,0.3389304
7/7/7/7/3/3/2/1/5 3 3,Z,-2,0,BLOCK,Z,1.697077,1.056764
7/7/7/7/3/3/2/1/3 3 3,Z,-2,0,BLOCK,Z,0.2427333,0.3672681
7/7/7/7/3/3/4/2/6 3 3,X,1.3333333333333333333333333334,0,BLOCK,X,0.2747396,0.2737274
7/7/7/7/3/3/4/2/5 3 3,X,2,0,BLOCK,X,0.5257346,0.5963678
7/7/7/7/3/3/6/2/1 3 3,X,1,2,BLOCK,X,1.295787,0.8856455
7/7/7/7/3/3/4/2/3 3 3,X,2.6666666666666666666666666666,0,BLOCK,X,0.9015268,0.9643368
7/7/7/7/3/3/4/6/4 3 3,X,1.3333333333333333333333333334,0,BLOCK,X,0.5730135,0.3048284
7/7/7/7/3/3/6/4/4 3 3,Z,2,0,BLOCK,Z,0.4823749,0.5532078
7/7/7/7/3/3/4/6/2 3 3,X,2,2,BLOCK,X,1.582266,0.9030622
7/7/7/7/3/3/6/4/2 3 3,Z,2,0,BLOCK,Z,0.4983342,0.6046999
7/7/7/7/3/3/4/6/1 3 3,X,2.6666666666666666666666666666,2,BLOCK,X,1.651452,0.9460654
7/7/7/7/3/3/6/4/1 3 3,Z,2,0,BLOCK,Z,1.556355,1.001047
7/7/7/7/3/3/4/5/4 3 3,X,1.3333333333333333333333333334,0,BLOCK,X,0.1804054,0.2498396
7/7/7/7/3/3/6/1/4 3 3,Z,-2,0,BLOCK,Z,0.3411375,0.4809973
7/7/7/7/3/3/4/5/2 3 3,X,2,0,BLOCK,X,0.6729456,0.6341666
7/7/7/7/3/3/6/1/2 3 3,Z,-2,0,BLOCK,Z,0.2675971,0.3845793
7/7/7/7/3/3/4/5/1 3 3,X,2.6666666666666666666666666666,0,BLOCK,X,0.6747705,0.6744851
7/7/7/7/3/3/6/1/1 3 3,Z,-2,0,BLOCK,Z,1.668998,1.017459
7/7/7/7/3/3/4/3/4 3 3,X,1.3333333333333333333333333334,0,BLOCK,X,0.2364552,0.2245715
7/7/7/7/3/3/4/3/2 3 3,X,2,0,BLOCK,X,0.8758342,0.7280358
7/7/7/7/3/3/4/3/1 3 3,X,2.6666666666666666666666666666,0,BLOCK,X,0.5881181,0.5772429
7/7/7/7/3/3/1/2/6 3 3,X,-2.6666666666666666666666666666,0,BLOCK,X,0.7246369,0.9593859
7/7/7/7/3/3/1/2/5 3 3,X,-2,0,BLOCK,X,0.5922169,0.7828516
7/7/7/7/3/3/1/2/3 3 3,X,-1.3333333333333333333333333334,0,BLOCK,X,0.3936865,0.5309428
7/7/7/7/3/3/1/6/4 3 3,X,-2.6666666666666666666666666666,0,BLOCK,X,0.2297218,0.329937
7/7/7/7/3/3/5/4/4 3 3,Z,2,0,BLOCK,Z,0.2845141,0.3503104
7/7/7/7/3/3/1/6/2 3 3,X,-2,0,BLOCK,X,0.6898857,0.8407571
7/7/7/7/3/3/5/4/2 3 3,Z,2,0,BLOCK,Z,0.4250816,0.5065529
7/7/7/7/3/3/1/6/1 3 3,X,-1.3333333333333333333333333334,0,BLOCK,X,0.3766611,0.3800763
7/7/7/7/3/3/5/4/1 3 3,Z,2,2,BLOCK,Z,1.628878,0.9883056
7/7/7/7/3/3/1/5/4 3 3,X,-2.6666666666666666666666666666,2,BLOCK,X,1.759931,1.108684
7/7/7/7/3/3/5/1/4 3 3,Z,-2,0,BLOCK,Z,0.3426666,0.5164507
7/7/7/7/3/3/1/5/2 3 3,X,-2,0,BLOCK,X,0.6321417,0.8591184
7/7/7/7/3/3/5/1/2 3 3,Z,-2,0,BLOCK,Z,1.698163,1.034873
7/7/7/7/3/3/1/5/1 3 3,X,-1.3333333333333333333333333334,0,BLOCK,X,0.4941733,0.5334293
7/7/7/7/3/3/5/1/1 3 3,Z,-2,0,BLOCK,Z,0.3271863,0.4566351
7/7/7/7/3/3/1/3/4 3 3,X,-2.6666666666666666666666666666,0,BLOCK,X,0.4654368,0.6393024
7/7/7/7/3/3/1/3/2 3 3,X,-2,0,BLOCK,X,0.609192,0.7177322
7/7/7/7/3/3/1/3/1 3 3,X,-1.3333333333333333333333333334,0,BLOCK,X,0.2405642,0.375839
7/7/7/7/3/3/3/2/4 3 3,X,-1,2,BLOCK,X,1.374282,0.9520722
7/7/7/7/3/3/3/4/4 3 3,Z,2,0,BLOCK,Z,1.561856,1.038664
7/7/7/7/3/3/3/4/2 3 3,Z,2,0,BLOCK,Z,0.2087229,0.2945719
7/7/7/7/3/3/3/4/1 3 3,Z,2,2,BLOCK,Z,1.532915,0.936858
7/7/7/7/3/3/3/1/4 3 3,Z,-2,2,BLOCK,Z,1.744152,1.014607
7/7/7/7/3/3/3/1/2 3 3,Z,-2,0,BLOCK,Z,0.2911323,0.3969363
7/7/7/7/3/3/3/1/1 3 3,Z,-2,0,BLOCK,Z,0.339648,0.4601047
7/7/7/7/3/7/2/2/4 3 3,X,-1,2,BLOCK,X,1.353008,0.9062402
7/7/7/7/3/7/2/2/1 3 3,X,1,2,BLOCK,X,1.322918,0.9471287
7/7/7/7/3/7/2/4/4 3 3,Z,2,0,BLOCK,Z,1.17985,0.5796686
7/7/7/7/3/7/2/4/2 3 3,Z,2,0,BLOCK,Z,0.1057684,0.2339122
7/7/7/7/3/7/2/4/1 3 3,Z,2,0,BLOCK,Z,1.637819,1.017661
7/7/7/7/3/7/2/1/4 3 3,Z,-2,0,BLOCK,Z,1.759555,1.099667
7/7/7/7/3/7/2/1/2 3 3,Z,-2,0,BLOCK,Z,0.06640151,0.2135451
7/7/7/7/3/7/2/1/1 3 3,Z,-2,0,BLOCK,Z,1.722365,1.050109
7/7/7/7/3/7/4/2/4 3 3,X,1,0,BLOCK,X,0.4448976,0.3153167
7/7/7/7/3/7/4/2/2 3 3,X,2,0,BLOCK,X,0.5394445,0.6026612
7/7/7/7/3/7/1/2/4 3 3,X,-3,2,BLOCK,X,1.736868,1.031844
7/7/7/7/3/7/1/2/2 3 3,X,-2,0,BLOCK,X,0.4649979,0.7416093
7/7/7/7/3/7/4/2/1 3 3,X,3,0,BLOCK,X,0.3342383,0.4281221
7/7/7/7/3/7/1/2/1 3 3,X,-1,0,BLOCK,X,0.3476547,0.2833149
7/7/7/7/7/2/2/4/6 3 3,Z,2,2,BLOCK,Z,1.544002,0.9386848
7/7/7/7/7/2/2/4/5 3 3,Z,2,2,BLOCK,Z,1.546676,0.9935234
7/7/7/7/7/2/2/4/3 3 3,Z,2,0,BLOCK,Z,1.507418,0.9687357
7/7/7/7/7/2/2/1/6 3 3,Z,-2,0,BLOCK,Z,0.3305408,0.3364036
7/7/7/7/7/2/2/1/5 3 3,Z,-2,0,BLOCK,Z,1.580212,0.9837415
7/7/7/7/7/2/2/1/3 3 3,Z,-2,0,BLOCK,Z,0.3833794,0.3666135
7/7/7/7/7/2/4/2/6 3 3,X,1.3333333333333333333333333334,2,BLOCK,X,1.11105,0.665463
7/7/7/7/7/2/4/2/5 3 3,X,2,0,BLOCK,X,0.3815458,0.6220068
7/7/7/7/7/2/6/2/1 3 3,X,1,0,BLOCK,X,1.126308,0.8696683
7/7/7/7/7/2/4/2/3 3 3,X,2.6666666666666666666666666666,0,BLOCK,X,0.4992117,0.8450986
7/7/7/7/7/2/4/6/4 3 3,X,1.3333333333333333333333333334,0,BLOCK,X,0.7370133,0.481744
7/7/7/7/7/2/6/4/4 3 3,Z,2,0,BLOCK,Z,0.4858891,0.5706137
7/7/7/7/7/2/4/6/2 3 3,X,2,0,BLOCK,X,1.017442,0.8267761
7/7/7/7/7/2/6/4/2 3 3,Z,2,0,BLOCK,Z,0.4370263,0.4999971
7/7/7/7/7/2/4/6/1 3 3,X,2.6666666666666666666666666666,0,BLOCK,X,0.3156547,0.5166236
7/7/7/7/7/2/6/4/1 3 3,Z,2,0,BLOCK,Z,1.104044,0.6487724
7/7/7/7/7/2/4/5/4 3 3,X,1.3333333333333333333333333334,0,BLOCK,X,0.3809099,0.3679348
7/7/7/7/7/2/6/1/4 3 3,Z,-2,0,BLOCK,Z,0.5724567,0.5992831
7/7/7/7/7/2/4/5/2 3 3,X,2,0,BLOCK,X,0.6650282,0.7912086
7/7/7/7/7/2/6/1/2 3 3,Z,-2,0,BLOCK,Z,1.045271,0.6022834
7/7/7/7/7/2/4/5/1 3 3,X,2.6666666666666666666666666666,0,BLOCK,X,1.77961,1.094056
7/7/7/7/7/2/6/1/1 3 3,Z,-2,0,BLOCK,Z,1.736298,1.043267
7/7/7/7/7/2/4/3/4 3 3,X,1.3333333333333333333333333334,0,BLOCK,X,0.5987546,0.4237585
7/7/7/7/7/2/4/3/2 3 3,X,2,0,BLOCK,X,1.627492,1.116118
7/7/7/7/7/2/4/3/1 3 3,X,2.6666666666666666666666666666,0,BLOCK,X,0.049595,0.2267734
7/7/7/7/7/2/1/2/6 3 3,X,-2.6666666666666666666666666666,0,BLOCK,X,0.7491723,0.8913071
7/7/7/7/7/2/1/2/5 3 3,X,-2,0,BLOCK,X,0.3867117,0.5877937
7/7/7/7/7/2/1/2/3 3 3,X,-1.3333333333333333333333333334,0,BLOCK,X,0.3318301,0.4241734
7/7/7/7/7/2/1/6/4 3 3,X,-2.6666666666666666666666666666,0,BLOCK,X,1.726954,1.183846
7/7/7/7/7/2/5/4/4 3 3,Z,2,2,BLOCK,Z,1.541679,0.9343904
7/7/7/7/7/2/1/6/2 3 3,X,-2,0,BLOCK,X,1.037246,0.8643329
7/7/7/7/7/2/5/4/2 3 3,Z,2,0,BLOCK,Z,0.4361586,0.4666447
7/7/7/7/7/2/1/6/1 3 3,X,-1.3333333333333333333333333334,2,BLOCK,X,1.017511,0.6130427
7/7/7/7/7/2/5/4/1 3 3,Z,2,0,BLOCK,Z,0.3226385,0.4176764
7/7/7/7/7/2/1/5/4 3 3,X,-2.6666666666666666666666666666,0,BLOCK,X,1.689383,1.070135
7/7/7/7/7/2/5/1/4 3 3,Z,-2,2,BLOCK,Z,1.632432,0.9859061
7/7/7/7/7/2/1/5/2 3 3,X,-2,0,BLOCK,X,0.7387404,0.7000691
7/7/7/7/7/2/5/1/2 3 3,Z,-2,2,BLOCK,Z,1.542676,0.9283689
7/7/7/7/7/2/1/5/1 3 3,X,-1.3333333333333333333333333334,0,BLOCK,X,1.079435,0.6957563
7/7/7/7/7/2/5/1/1 3 3,Z,-2,2,BLOCK,Z,1.54611,0.9260711
7/7/7/7/7/2/1/3/4 3 3,X,-2.6666666666666666666666666666,0,BLOCK,X,0.05140932,0.1815635
7/7/7/7/7/2/1/3/2 3 3,X,-2,2,BLOCK,X,1.561233,0.9427003
7/7/7/7/7/2/1/3/1 3 3,X,-1.3333333333333333333333333334,0,BLOCK,X,0.5632135,0.3960123
7/7/7/7/7/2/3/2/4 3 3,X,-1,0,BLOCK,X,1.15415,0.8600259
7/7/7/7/7/2/3/4/4 3 3,Z,2,0,BLOCK,Z,1.614536,1.049344
7/7/7/7/7/2/3/4/2 3 3,Z,2,0,BLOCK,Z,0.4876692,0.5463876
7/7/7/7/7/2/3/4/1 3 3,Z,2,0,BLOCK,Z,0.6164715,0.6712905
7/7/7/7/7/2/3/1/4 3 3,Z,-2,0,BLOCK,Z,1.623041,1.004696
7/7/7/7/7/2/3/1/2 3 3,Z,-2,0,BLOCK,Z,0.2665854,0.2694112
7/7/7/7/7/2/3/1/1 3 3,Z,-2,0,BLOCK,Z,0.9989434,0.6123751
7/7/7/7/7/4/2/2/6 3 3,Z,2,0,BLOCK,Z,0.4177274,0.60452
7/7/7/7/7/6/2/2/4 3 3,X,-1,2,BLOCK,X,1.331304,0.9336846
7/7/7/7/7/4/2/2/5 3 3,Z,2,0,BLOCK,Z,0.4953884,0.5773045
7/7/7/7/7/6/2/2/1 3 3,X,1,2,BLOCK,X,1.348561,0.9519584
7/7/7/7/7/4/2/2/3 3 3,Z,2,0,BLOCK,Z,0.2506377,0.46004
7/7/7/7/7/4/2/6/4 3 3,Z,1.5,0,BLOCK,Z,0.2341719,0.3866791
7/7/7/7/7/6/2/4/4 3 3,Z,2,0,BLOCK,Z,1.729952,1.023721
7/7/7/7/7/4/2/6/2 3 3,Z,1.5,0,BLOCK,Z,0.3012825,0.3963152
7/7/7/7/7/6/2/4/2 3 3,Z,2,0,BLOCK,Z,0.2690356,0.3735166
7/7/7/7/7/4/2/6/1 3 3,Z,1.5,0,BLOCK,Z,0.2435123,0.4001219
7/7/7/7/7/6/2/4/1 3 3,Z,2,0,BLOCK,Z,1.700656,1.011134
7/7/7/7/7/4/2/5/4 3 3,Z,2,2,BLOCK,Z,1.202279,0.7640603
7/7/7/7/7/6/2/1/4 3 3,Z,-2,0,BLOCK,Z,0.9987478,0.5007366
7/7/7/7/7/4/2/5/2 3 3,Z,2,0,BLOCK,Z,0.6593627,0.6051358
7/7/7/7/7/6/2/1/2 3 3,Z,-2,0,BLOCK,Z,0.4290104,0.4365802
7/7/7/7/7/4/2/5/1 3 3,Z,2,0,BLOCK,Z,0.4582984,0.5762444
7/7/7/7/7/6/2/1/1 3 3,Z,-2,0,BLOCK,Z,1.011314,0.5249086
7/7/7/7/7/4/2/3/4 3 3,Z,2.5,2,BLOCK,Z,1.462142,0.9181935
7/7/7/7/7/4/2/3/2 3 3,Z,2.5,0,BLOCK,Z,0.5040848,0.7202961
7/7/7/7/7/4/2/3/1 3 3,Z,2.5,0,BLOCK,Z,0.5407592,0.7120922
7/7/7/7/7/4/6/2/4 3 3,Z,2,0,BLOCK,Z,0.2699562,0.5279058
7/7/7/7/7/6/4/2/4 3 3,X,1,2,BLOCK,X,0.6533433,0.3933245
7/7/7/7/7/4/6/2/2 3 3,Z,2,0,BLOCK,Z,0.3163717,0.5905235
7/7/7/7/7/6/4/2/2 3 3,X,2,0,BLOCK,X,0.2220393,0.4981795
7/7/7/7/7/4/5/2/4 3 3,Z,2,0,BLOCK,Z,0.1031424,0.2664016
7/7/7/7/7/6/1/2/4 3 3,X,-3,0,BLOCK,X,0.4082346,0.42969
7/7/7/7/7/4/5/2/2 3 3,Z,2,0,BLOCK,Z,0.3898952,0.639592
7/7/7/7/7/6/1/2/2 3 3,X,-2,0,BLOCK,X,0.1623118,0.4563559
7/7/7/7/7/4/5/2/1 3 3,Z,2,0,BLOCK,Z,0.2904363,0.3841373
7/7/7/7/7/6/4/2/1 3 3,X,3,0,BLOCK,X,0.2929081,0.3933935
7/7/7/7/7/6/1/2/1 3 3,X,-1,2,BLOCK,X,0.6640757,0.3998846
7/7/7/7/7/4/3/2/2 3 3,Z,2,0,BLOCK,Z,0.3440814,0.4464395
7/7/7/7/7/4/3/2/1 3 3,Z,2,0,BLOCK,Z,0.3871867,0.6038199
7/7/7/7/7/1/2/2/6 3 3,Z,-2,0,BLOCK,Z,0.3966922,0.606598
7/7/7/7/7/5/2/2/4 3 3,X,-1,2,BLOCK,X,1.420594,0.8522803
7/7/7/7/7/1/2/2/5 3 3,Z,-2,0,BLOCK,Z,0.4645923,0.571551
7/7/7/7/7/5/2/2/1 3 3,X,1,2,BLOCK,X,1.338811,0.8761827
7/7/7/7/7/1/2/2/3 3 3,Z,-2,0,BLOCK,Z,0.2681626,0.5119191
7/7/7/7/7/1/2/6/4 3 3,Z,-2.5,0,BLOCK,Z,0.3890004,0.7049444
7/7/7/7/7/5/2/4/4 3 3,Z,2,0,BLOCK,Z,1.200934,0.5000951
7/7/7/7/7/1/2/6/2 3 3,Z,-2.5,0,BLOCK,Z,0.667308,0.8061145
7/7/7/7/7/5/2/4/2 3 3,Z,2,0,BLOCK,Z,0.121972,0.2462591
7/7/7/7/7/1/2/6/1 3 3,Z,-2.5,0,BLOCK,Z,0.3692139,0.6514152
7/7/7/7/7/5/2/4/1 3 3,Z,2,0,BLOCK,Z,1.098503,0.4934792
7/7/7/7/7/1/2/5/4 3 3,Z,-2,0,BLOCK,Z,0.5896209,0.6370066
7/7/7/7/7/5/2/1/4 3 3,Z,-2,2,BLOCK,Z,1.724057,1.034628
7/7/7/7/7/1/2/5/2 3 3,Z,-2,0,BLOCK,Z,0.3864548,0.612956
7/7/7/7/7/5/2/1/2 3 3,Z,-2,2,BLOCK,Z,1.632508,0.9741743
7/7/7/7/7/1/2/5/1 3 3,Z,-2,0,BLOCK,Z,0.3374279,0.4996072
7/7/7/7/7/5/2/1/1 3 3,Z,-2,2,BLOCK,Z,1.73284,1.022847
7/7/7/7/7/1/2/3/4 3 3,Z,-1.5,0,BLOCK,Z,0.7413595,0.6403553
7/7/7/7/7/1/2/3/2 3 3,Z,-1.5,0,BLOCK,Z,0.2849416,0.3780121
7/7/7/7/7/1/2/3/1 3 3,Z,-1.5,0,BLOCK,Z,0.2753067,0.3903806
7/7/7/7/7/1/6/2/4 3 3,Z,-2,0,BLOCK,Z,0.399692,0.655994
7/7/7/7/7/5/4/2/4 3 3,X,1,2,BLOCK,X,0.6633978,0.4025963
7/7/7/7/7/1/6/2/2 3 3,Z,-2,0,BLOCK,Z,0.2138963,0.3287381
7/7/7/7/7/5/4/2/2 3 3,X,2,0,BLOCK,X,1.741895,1.057842
7/7/7/7/7/1/5/2/4 3 3,Z,-2,0,BLOCK,Z,0.2303497,0.3622297
7/7/7/7/7/5/1/2/4 3 3,X,-3,0,BLOCK,X,0.6118469,0.5427986
7/7/7/7/7/1/5/2/2 3 3,Z,-2,0,BLOCK,Z,0.327486,0.6058476
7/7/7/7/7/5/1/2/2 3 3,X,-2,2,BLOCK,X,1.72081,1.025391
7/7/7/7/7/1/5/2/1 3 3,Z,-2,0,BLOCK,Z,0.1587984,0.3123245
7/7/7/7/7/5/4/2/1 3 3,X,3,0,BLOCK,X,0.3291024,0.3960224
7/7/7/7/7/5/1/2/1 3 3,X,-1,2,BLOCK,X,0.6640444,0.4058959
7/7/7/7/7/1/3/2/2 3 3,Z,-2,0,BLOCK,Z,0.4694769,0.6047882
7/7/7/7/7/1/3/2/1 3 3,Z,-2,0,BLOCK,Z,0.2382941,0.4674764
7/7/7/7/7/3/2/2/4 3 3,X,-1,2,BLOCK,X,1.325493,0.902644
7/7/7/7/7/3/2/2/1 3 3,X,1,0,BLOCK,X,0.7547793,0.9707568
7/7/7/7/7/3/2/4/4 3 3,Z,2,0,BLOCK,Z,1.542299,0.9227473
7/7/7/7/7/3/2/4/2 3 3,Z,2,0,BLOCK,Z,0.3761761,0.3760788
7/7/7/7/7/3/2/4/1 3 3,Z,2,0,BLOCK,Z,0.9740539,0.526472
7/7/7/7/7/3/2/1/4 3 3,Z,-2,0,BLOCK,Z,1.721164,1.042325
7/7/7/7/7/3/2/1/2 3 3,Z,-2,0,BLOCK,Z,0.248913,0.3849885
7/7/7/7/7/3/2/1/1 3 3,Z,-2,0,BLOCK,Z,1.730311,1.03317
7/7/7/7/7/3/4/2/4 3 3,X,1,0,BLOCK,X,0.2488505,0.1865158
7/7/7/7/7/3/4/2/2 3 3,X,2,0,BLOCK,X,0.182781,0.4118023
7/7/7/7/7/3/1/2/4 3 3,X,-3,0,BLOCK,X,0.367497,0.4533729
7/7/7/7/7/3/1/2/2 3 3,X,-2,0,BLOCK,X,0.1286762,0.4243418
7/7/7/7/7/3/4/2/1 3 3,X,3,0,BLOCK,X,0.3641112,0.4567695
7/7/7/7/7/3/1/2/1 3 3,X,-1,2,BLOCK,X,0.6581566,0.4040624
