board,cog_axis,cog_value,unity_time,unity_state,unity_axis,unity_mav,unity_mlv
7/5/3/4/7/3/3/7/5 3 3,Z,2.1666666666666666666666666666,0,BLOCK,Z,0.847605,0.9432471
7/1/3/6/7/3/3/7/3 3 3,Z,-2,0,BLOCK,Z,0.4101238,0.5066566
7/5/3/4/7/3/3/7/3 3 3,Z,2.1666666666666666666666666666,0,BLOCK,Z,0.4778906,0.7809516
7/1/3/6/7/3/7/2/7 3 3,Z,-2,0,BLOCK,Z,0.7154098,0.4465945
7/5/3/4/7/3/7/2/7 3 3,Z,2.1666666666666666666666666666,0,BLOCK,Z,0.6136836,0.9253398
7/1/3/6/7/3/7/6/6 3 3,Z,-2.125,0,BLOCK,Z,0.6844344,0.7139724
7/5/3/4/7/3/7/6/6 3 3,Z,2,0,BLOCK,Z,0.7399971,0.6877921
7/5/3/6/7/3/7/4/6 3 3,Z,2,0,BLOCK,Z,0.2713649,0.5126188
7/1/3/6/7/3/7/6/5 3 3,Z,-2.125,0,BLOCK,Z,0.4873746,0.3652018
7/5/3/4/7/3/7/6/5 3 3,Z,2,2,BLOCK,Z,1.324965,0.8587345
7/5/3/6/7/3/7/4/5 3 3,Z,2,0,BLOCK,Z,0.4017593,0.5272055
7/1/3/6/7/3/7/6/3 3 3,Z,-2.125,0,BLOCK,Z,0.4281105,0.3944816
7/5/3/4/7/3/7/6/3 3 3,Z,2,0,BLOCK,Z,0.644135,0.7665821
7/5/3/6/7/3/7/4/3 3 3,Z,2,0,BLOCK,Z,0.2592705,0.3807384
7/1/3/6/7/3/7/5/6 3 3,Z,-2,0,BLOCK,Z,0.1992588,0.1794188
7/5/3/4/7/3/7/5/6 3 3,Z,2.1666666666666666666666666666,0,BLOCK,Z,0.6115476,0.6697837
7/5/3/6/7/3/7/1/6 3 3,Z,-2,0,BLOCK,Z,0.3684594,0.4936643
7/1/3/6/7/3/7/5/5 3 3,Z,-2,0,BLOCK,Z,0.5906908,0.5025775
7/5/3/4/7/3/7/5/5 3 3,Z,2.1666666666666666666666666666,2,BLOCK,Z,1.24416,0.8432221
7/5/3/6/7/3/7/1/5 3 3,Z,-2,0,BLOCK,Z,0.366756,0.3430818
7/1/3/6/7/3/7/5/3 3 3,Z,-2,0,BLOCK,Z,0.1445917,0.3390924
7/5/3/4/7/3/7/5/3 3 3,Z,2.1666666666666666666666666666,0,BLOCK,Z,0.5202903,0.6564593
7/5/3/6/7/3/7/1/3 3 3,Z,-2,2,BLOCK,Z,1.589982,0.9576715
7/1/3/6/7/3/7/3/6 3 3,Z,-1.8749999999999999999999999998,0,BLOCK,Z,0.3929514,0.383415
7/5/3/4/7/3/7/3/6 3 3,Z,2.3333333333333333333333333334,2,BLOCK,Z,1.211637,0.7397031
7/1/3/6/7/3/7/3/5 3 3,Z,-1.8749999999999999999999999998,2,BLOCK,Z,1.822859,0.825935
7/5/3/4/7/3/7/3/5 3 3,Z,2.3333333333333333333333333334,0,BLOCK,Z,1.027453,0.8238621
7/1/3/6/7/3/7/3/3 3 3,Z,-1.8749999999999999999999999998,0,BLOCK,Z,1.073838,0.457851
7/5/3/4/7/3/7/3/3 3 3,Z,2.3333333333333333333333333334,0,BLOCK,Z,0.6133211,0.610599
7/5/3/6/6/3/7/3/3 3 3,Z,0.6818181818181818181818181819,302,TIMEOUT,Z,0.05199171,0.02731372
7/1/3/6/7/3/7/7/4 3 3,Z,-2,2,BLOCK,Z,1.924923,1.36483
7/5/3/4/7/3/7/7/4 3 3,Z,2.1666666666666666666666666666,0,BLOCK,Z,0.7869462,0.5629914
7/1/3/6/7/3/7/7/2 3 3,Z,-2,0,BLOCK,Z,0.7695116,0.4392197
7/5/3/4/7/3/7/7/2 3 3,Z,2.1666666666666666666666666666,0,BLOCK,Z,0.9661463,0.738261
7/1/3/6/7/3/7/7/1 3 3,Z,-2,2,BLOCK,Z,1.54701,0.7007987
7/5/3/4/7/3/7/7/1 3 3,Z,2.1666666666666666666666666666,0,BLOCK,Z,0.5929423,0.5704758
7/1/3/6/7/7/2/6/7 3 3,Z,-2.25,2,BLOCK,Z,1.531612,0.8649824
7/5/3/4/7/7/2/6/7 3 3,Z,1.8333333333333333333333333334,0,BLOCK,Z,0.7564105,0.5316365
7/5/3/6/7/7/2/4/7 3 3,Z,2,0,BLOCK,Z,1.679101,1.087958
7/1/3/6/7/7/2/5/7 3 3,Z,-2.125,0,BLOCK,Z,0.3649529,0.2747512
7/5/3/4/7/7/2/5/7 3 3,Z,2,2,BLOCK,Z,0.9385156,0.5227077
7/5/3/6/7/7/2/1/7 3 3,Z,-2,0,BLOCK,Z,0.04276213,0.1611692
7/1/3/6/7/7/2/3/7 3 3,Z,-2,2,BLOCK,Z,1.793421,1.081626
7/5/3/4/7/7/2/3/7 3 3,Z,2.1666666666666666666666666666,0,BLOCK,Z,0.7359774,0.588424
7/1/3/6/7/7/2/7/6 3 3,Z,-2.125,0,BLOCK,Z,0.5145428,0.4783384
7/5/3/4/7/7/2/7/6 3 3,Z,2,0,BLOCK,Z,0.8641033,0.570195
7/1/3/6/7/7/2/7/5 3 3,Z,-2.125,0,BLOCK,Z,0.3715203,0.376366
7/5/3/4/7/7/2/7/5 3 3,Z,2,2,BLOCK,Z,0.9600855,0.5358717
7/1/3/6/7/7/2/7/3 3 3,Z,-2.125,0,BLOCK,Z,0.3128194,0.1870542
7/5/3/4/7/7/2/7/3 3 3,Z,2,0,BLOCK,Z,0.5885274,0.4873638
7/1/3/6/7/7/6/2/7 3 3,Z,-2.125,0,BLOCK,Z,0.610597,0.4339395
7/5/3/4/7/7/6/2/7 3 3,Z,2,2,BLOCK,Z,0.9625596,0.678251
7/5/3/6/7/7/4/2/7 3 3,X,2,0,BLOCK,X,0.3573743,0.3840359
7/1/3/6/7/7/6/6/6 3 3,Z,-2.25,0,BLOCK,Z,0.592229,0.3394042
7/5/3/4/7/7/6/6/6 3 3,Z,1.8333333333333333333333333334,2,BLOCK,Z,0.9524254,0.5995929
7/5/3/2/7/7/6/6/6 3 3,X,-0.6538461538461538461538461538,302,TIMEOUT,Z,0.01914168,0.008466816
7/5/3/6/7/7/4/6/6 3 3,X,1.5,0,BLOCK,X,0.09374247,0.1825067
7/5/3/6/7/7/6/4/6 3 3,Z,2,0,BLOCK,Z,0.1773734,0.3726442
7/1/3/6/7/7/6/6/5 3 3,Z,-2.25,0,BLOCK,Z,0.4718106,0.2932466
7/5/3/4/7/7/6/6/5 3 3,Z,1.8333333333333333333333333334,2,BLOCK,Z,0.9232557,0.4367204
7/5/3/6/7/7/4/6/5 3 3,X,2,0,BLOCK,X,0.1835264,0.1765716
7/5/3/6/7/7/6/4/5 3 3,Z,2,0,BLOCK,Z,0.2336223,0.4258664
7/1/3/6/7/7/6/6/3 3 3,Z,-2.25,2,BLOCK,Z,1.331055,0.7116363
7/5/3/4/7/7/6/6/3 3 3,Z,1.8333333333333333333333333334,0,BLOCK,Z,0.7337161,0.4188084
7/5/3/6/7/7/4/6/3 3 3,X,2.5,0,BLOCK,X,0.3858146,0.3310564
7/5/3/6/7/7/6/4/3 3 3,Z,2,2,BLOCK,Z,1.640375,0.9828081
7/1/3/6/7/7/6/5/6 3 3,Z,-2.125,0,BLOCK,Z,0.3609462,0.3118261
7/5/3/4/7/7/6/5/6 3 3,Z,2,0,BLOCK,Z,0.6738857,0.5396867
7/5/3/6/7/7/4/5/6 3 3,X,1.5,0,BLOCK,X,0.43851,0.4007232
7/5/3/6/7/7/6/1/6 3 3,Z,-2,0,BLOCK,Z,0.2847156,0.3662196
7/1/3/6/7/7/6/5/5 3 3,Z,-2.125,0,BLOCK,Z,0.4710245,0.3284768
7/5/3/4/7/7/6/5/5 3 3,Z,2,2,BLOCK,Z,0.9021277,0.632841
7/5/3/6/7/7/4/5/5 3 3,X,2,0,BLOCK,X,0.2754314,0.3503997
7/5/3/6/7/7/6/1/5 3 3,Z,-2,0,BLOCK,Z,1.678154,1.00829
7/1/3/6/7/7/6/5/3 3 3,Z,-2.125,0,BLOCK,Z,0.1292499,0.3623317
7/5/3/4/7/7/6/5/3 3 3,Z,2,2,BLOCK,Z,0.9863475,0.5410893
7/5/3/6/7/7/4/5/3 3 3,X,2.5,0,BLOCK,X,0.4949643,0.6155126
7/5/3/6/7/7/6/1/3 3 3,Z,-2,0,BLOCK,Z,0.2232081,0.3767756
7/1/3/6/7/7/6/3/6 3 3,Z,-2,0,BLOCK,Z,0.1772889,0.4302283
7/5/3/4/7/7/6/3/6 3 3,Z,2.1666666666666666666666666666,2,BLOCK,Z,0.9532919,0.6450584
7/5/3/6/7/7/4/3/6 3 3,X,1.5,0,BLOCK,X,0.1845635,0.3233868
7/1/3/6/7/7/6/3/5 3 3,Z,-2,0,BLOCK,Z,0.7704132,0.6526166
7/5/3/4/7/7/6/3/5 3 3,Z,2.1666666666666666666666666666,0,BLOCK,Z,0.5600228,0.5612234
7/5/3/6/7/7/4/3/5 3 3,X,2,0,BLOCK,X,0.2658112,0.3206859
7/1/3/6/7/7/6/3/3 3 3,Z,-2,0,BLOCK,Z,0.2559656,0.3255684
7/5/3/4/7/7/6/3/3 3 3,Z,2.1666666666666666666666666666,0,BLOCK,Z,0.6768064,0.5134072
7/5/3/6/7/7/4/3/3 3 3,X,2.5,0,BLOCK,X,0.3908534,0.4961824
7/1/3/6/7/7/6/7/4 3 3,Z,-2.125,0,BLOCK,Z,0.8547003,0.4401498
7/5/3/4/7/7/6/7/4 3 3,Z,2,0,BLOCK,Z,0.70728,0.5573841
7/5/3/6/7/7/4/7/4 3 3,X,1.5,0,BLOCK,X,0.2923332,0.2931841
7/1/3/6/7/7/6/7/2 3 3,Z,-2.125,2,BLOCK,Z,1.480013,0.62942
7/5/3/4/7/7/6/7/2 3 3,Z,2,0,BLOCK,Z,0.6931072,0.5336425
7/5/3/6/7/7/4/7/2 3 3,X,2,0,BLOCK,X,0.4508737,0.4854305
7/1/3/6/7/7/6/7/1 3 3,Z,-2.125,0,BLOCK,Z,0.3717128,0.4147645
7/5/3/4/7/7/6/7/1 3 3,Z,2,0,BLOCK,Z,0.4621546,0.4309953
7/5/3/6/7/7/4/7/1 3 3,X,2.5,0,BLOCK,X,0.4134549,0.5046253
7/1/3/6/7/7/5/2/7 3 3,Z,-2.125,2,BLOCK,Z,1.43133,0.8666871
7/5/3/4/7/7/5/2/7 3 3,Z,2,2,BLOCK,Z,0.9363199,0.5490012
7/5/3/6/7/7/1/2/7 3 3,X,-2,2,BLOCK,X,1.354184,0.8166827
7/1/3/6/7/7/5/6/6 3 3,Z,-2.25,0,BLOCK,Z,0.2125941,0.327171
7/5/3/4/7/7/5/6/6 3 3,Z,1.8333333333333333333333333334,0,BLOCK,Z,0.4702766,0.5092087
7/5/3/6/7/7/1/6/6 3 3,X,-2.5,0,BLOCK,X,0.6783139,0.8984185
7/5/3/6/7/7/5/4/6 3 3,Z,2,0,BLOCK,Z,0.2710597,0.5451409
7/1/3/6/7/7/5/6/5 3 3,Z,-2.25,0,BLOCK,Z,0.4509229,0.3364669
7/5/3/4/7/7/5/6/5 3 3,Z,1.8333333333333333333333333334,0,BLOCK,Z,0.8070583,0.5364915
7/5/3/6/7/7/1/6/5 3 3,X,-2,0,BLOCK,X,0.6059296,0.6825335
7/5/3/6/7/7/5/4/5 3 3,Z,2,2,BLOCK,Z,1.598339,1.063499
7/1/3/6/7/7/5/6/3 3 3,Z,-2.25,0,BLOCK,Z,0.3722745,0.2677282
7/5/3/4/7/7/5/6/3 3 3,Z,1.8333333333333333333333333334,0,BLOCK,Z,0.8408695,0.4979946
7/5/3/6/7/7/1/6/3 3 3,X,-1.5,0,BLOCK,X,1.15333,0.6940542
7/5/3/6/7/7/5/4/3 3 3,Z,2,0,BLOCK,Z,0.2514063,0.4155188
7/1/3/6/7/7/5/5/6 3 3,Z,-2.125,0,BLOCK,Z,0.4705732,0.4939043
7/5/3/4/7/7/5/5/6 3 3,Z,2,2,BLOCK,Z,0.9753112,0.5654612
7/5/3/6/7/7/1/5/6 3 3,X,-2.5,0,BLOCK,X,0.6587077,0.8415021
7/5/3/6/7/7/5/1/6 3 3,Z,-2,2,BLOCK,Z,1.565786,0.9689113
7/1/3/6/7/7/5/5/5 3 3,Z,-2.125,0,BLOCK,Z,0.2068718,0.3152135
7/5/3/4/7/7/5/5/5 3 3,Z,2,2,BLOCK,Z,1.005671,0.5753707
7/5/3/6/7/7/1/5/5 3 3,X,-2,0,BLOCK,X,0.3886116,0.5351687
7/5/3/6/7/7/5/1/5 3 3,Z,-2,0,BLOCK,Z,0.211322,0.2732441
7/1/3/6/7/7/5/5/3 3 3,Z,-2.125,0,BLOCK,Z,0.5086277,0.1739568
7/5/3/4/7/7/5/5/3 3 3,Z,2,0,BLOCK,Z,0.4737142,0.5693911
7/5/3/6/7/7/1/5/3 3 3,X,-1.5,0,BLOCK,X,0.3609821,0.4250901
7/5/3/6/7/7/5/1/3 3 3,Z,-2,2,BLOCK,Z,1.560313,0.9549924
7/1/3/6/7/7/5/3/6 3 3,Z,-2,0,BLOCK,Z,0.4241505,0.4069169
7/5/3/4/7/7/5/3/6 3 3,Z,2.1666666666666666666666666666,2,BLOCK,Z,1.064716,0.5225803
7/5/3/6/7/7/1/3/6 3 3,X,-2.5,0,BLOCK,X,0.5127882,0.7852206
7/1/3/6/7/7/5/3/5 3 3,Z,-2,0,BLOCK,Z,0.1305671,0.1895299
7/5/3/4/7/7/5/3/5 3 3,Z,2.1666666666666666666666666666,2,BLOCK,Z,1.057446,0.6254964
7/5/3/6/7/7/1/3/5 3 3,X,-2,0,BLOCK,X,0.4037966,0.5778037
7/1/3/6/7/7/5/3/3 3 3,Z,-2,0,BLOCK,Z,0.1983234,0.1959263
7/5/3/4/7/7/5/3/3 3 3,Z,2.1666666666666666666666666666,0,BLOCK,Z,0.737156,0.5954964
7/5/3/6/7/7/1/3/3 3 3,X,-1.5,0,BLOCK,X,0.3582386,0.5030653
7/1/3/6/7/7/5/7/4 3 3,Z,-2.125,0,BLOCK,Z,0.6680344,0.3557127
7/5/3/4/7/7/5/7/4 3 3,Z,2,0,BLOCK,Z,0.8506464,0.7002448
7/5/3/6/7/7/1/7/4 3 3,X,-2.5,0,BLOCK,X,0.4921854,0.6864732
7/1/3/6/7/7/5/7/2 3 3,Z,-2.125,0,BLOCK,Z,0.6408012,0.5547746
7/5/3/4/7/7/5/7/2 3 3,Z,2,0,BLOCK,Z,0.6880342,0.6799493
7/5/3/6/7/7/1/7/2 3 3,X,-2,0,BLOCK,X,0.2583036,0.5196775
7/1/3/6/7/7/5/7/1 3 3,Z,-2.125,2,BLOCK,Z,1.371298,0.7633801
7/5/3/4/7/7/5/7/1 3 3,Z,2,0,BLOCK,Z,0.5884516,0.7064978
7/5/3/6/7/7/1/7/1 3 3,X,-1.5,2,BLOCK,X,1.209071,0.7032048
7/1/3/6/7/7/3/2/7 3 3,Z,-2.125,0,BLOCK,Z,0.7121795,0.5342753
7/5/3/4/7/7/3/2/7 3 3,Z,2,0,BLOCK,Z,0.5262241,0.547867
7/1/3/6/7/7/3/6/6 3 3,Z,-2.25,0,BLOCK,Z,0.3050098,0.2744154
7/5/3/4/7/7/3/6/6 3 3,Z,1.8333333333333333333333333334,0,BLOCK,Z,0.7526207,0.5840381
7/5/3/6/7/7/3/4/6 3 3,Z,2,0,BLOCK,Z,0.9965518,0.7401895
7/1/3/6/7/7/3/6/5 3 3,Z,-2.25,0,BLOCK,Z,0.527734,0.4959719
7/5/3/4/7/7/3/6/5 3 3,Z,1.8333333333333333333333333334,2,BLOCK,Z,0.965935,0.4701308
7/5/3/6/7/7/3/4/5 3 3,Z,2,2,BLOCK,Z,1.627156,0.998114
7/1/3/6/7/7/3/6/3 3 3,Z,-2.25,0,BLOCK,Z,0.4503673,0.3923996
7/5/3/4/7/7/3/6/3 3 3,Z,1.8333333333333333333333333334,2,BLOCK,Z,0.9879224,0.5195808
7/5/3/6/7/7/3/4/3 3 3,Z,2,0,BLOCK,Z,0.1981103,0.3830098
7/1/3/6/7/7/3/5/6 3 3,Z,-2.125,2,BLOCK,Z,1.465281,0.9237548
7/5/3/4/7/7/3/5/6 3 3,Z,2,0,BLOCK,Z,0.7297871,0.5903327
7/5/3/6/7/7/3/1/6 3 3,Z,-2,0,BLOCK,Z,0.3667542,0.3094365
7/1/3/6/7/7/3/5/5 3 3,Z,-2.125,0,BLOCK,Z,0.9849771,0.4965955
7/5/3/4/7/7/3/5/5 3 3,Z,2,2,BLOCK,Z,1.018114,0.5409784
7/5/3/6/7/7/3/1/5 3 3,Z,-2,0,BLOCK,Z,0.1707262,0.164309
7/1/3/6/7/7/3/5/3 3 3,Z,-2.125,0,BLOCK,Z,0.3039235,0.559118
7/5/3/4/7/7/3/5/3 3 3,Z,2,2,BLOCK,Z,0.9902503,0.5620813
7/5/3/6/7/7/3/1/3 3 3,Z,-2,2,BLOCK,Z,1.571172,0.9548001
7/1/3/6/7/7/3/3/6 3 3,Z,-2,0,BLOCK,Z,0.8866279,0.6191212
7/5/3/4/7/7/3/3/6 3 3,Z,2.1666666666666666666666666666,0,BLOCK,Z,0.804628,0.6982566
7/1/3/6/7/7/3/3/5 3 3,Z,-2,0,BLOCK,Z,0.3918934,0.3508096
7/5/3/4/7/7/3/3/5 3 3,Z,2.1666666666666666666666666666,0,BLOCK,Z,0.822337,0.6103532
7/1/3/6/7/7/3/3/3 3 3,Z,-2,0,BLOCK,Z,0.5343989,0.3841749
7/5/3/4/7/7/3/3/3 3 3,Z,2.1666666666666666666666666666,0,BLOCK,Z,0.5550133,0.5990531
7/1/3/6/7/7/3/7/4 3 3,Z,-2.125,0,BLOCK,Z,0.2211345,0.4736858
7/5/3/4/7/7/3/7/4 3 3,Z,2,0,BLOCK,Z,0.8748181,0.5978906
7/1/3/6/7/7/3/7/2 3 3,Z,-2.125,0,BLOCK,Z,0.2437101,0.4135453
7/5/3/4/7/7/3/7/2 3 3,Z,2,0,BLOCK,Z,0.7421461,0.5515176
7/1/3/6/7/7/3/7/1 3 3,Z,-2.125,2,BLOCK,Z,1.4553,0.8965381
7/5/3/4/7/7/3/7/1 3 3,Z,2,0,BLOCK,Z,0.6142529,0.5781761
7/1/3/6/7/7/7/2/6 3 3,Z,-2.125,2,BLOCK,Z,1.894264,1.059605
7/5/3/4/7/7/7/2/6 3 3,Z,2,0,BLOCK,Z,0.7606189,0.6002602
7/1/3/6/7/7/7/2/5 3 3,Z,-2.125,0,BLOCK,Z,0.3515147,0.3267214
7/5/3/4/7/7/7/2/5 3 3,Z,2,2,BLOCK,Z,0.9977623,0.6295126
7/1/3/6/7/7/7/2/3 3 3,Z,-2.125,0,BLOCK,Z,0.6936548,0.5337043
7/5/3/4/7/7/7/2/3 3 3,Z,2,2,BLOCK,Z,1.043081,0.626166
7/1/3/6/7/7/7/6/4 3 3,Z,-2.25,0,BLOCK,Z,0.3519099,0.3817558
7/5/3/4/7/7/7/6/4 3 3,Z,1.8333333333333333333333333334,0,BLOCK,Z,0.6691432,0.5002859
7/5/3/6/7/7/7/4/4 3 3,Z,2,0,BLOCK,Z,0.4812208,0.6454297
7/1/3/6/7/7/7/6/2 3 3,Z,-2.25,0,BLOCK,Z,0.7596887,0.4794621
7/5/3/4/7/7/7/6/2 3 3,Z,1.8333333333333333333333333334,0,BLOCK,Z,0.8408095,0.6746752
7/5/3/6/7/7/7/4/2 3 3,Z,2,0,BLOCK,Z,0.1525421,0.1829275
7/1/3/6/7/7/7/6/1 3 3,Z,-2.25,0,BLOCK,Z,0.2320378,0.3260249
7/5/3/4/7/7/7/6/1 3 3,Z,1.8333333333333333333333333334,0,BLOCK,Z,0.7483783,0.5020033
7/5/3/6/7/7/7/4/1 3 3,Z,2,0,BLOCK,Z,0.378914,0.4743684
7/1/3/6/7/7/7/5/4 3 3,Z,-2.125,0,BLOCK,Z,0.386984,0.2473042
7/5/3/4/7/7/7/5/4 3 3,Z,2,0,BLOCK,Z,0.7473719,0.6346986
7/5/3/6/7/7/7/1/4 3 3,Z,-2,0,BLOCK,Z,0.1008071,0.2732501
7/1/3/6/7/7/7/5/2 3 3,Z,-2.125,2,BLOCK,Z,1.322958,0.722605
7/5/3/4/7/7/7/5/2 3 3,Z,2,0,BLOCK,Z,0.6693123,0.6800807
7/5/3/6/7/7/7/1/2 3 3,Z,-2,0,BLOCK,Z,0.1148057,0.2146781
7/1/3/6/7/7/7/5/1 3 3,Z,-2.125,0,BLOCK,Z,0.4954451,0.4596452
7/5/3/4/7/7/7/5/1 3 3,Z,2,0,BLOCK,Z,0.7039452,0.6880673
7/5/3/6/7/7/7/1/1 3 3,Z,-2,0,BLOCK,Z,0.1150259,0.1752932
7/1/3/6/7/7/7/3/4 3 3,Z,-2,0,BLOCK,Z,0.6962845,0.655048
7/5/3/4/7/7/7/3/4 3 3,Z,2.1666666666666666666666666666,0,BLOCK,Z,0.6476828,0.7559143
7/1/3/6/7/7/7/3/2 3 3,Z,-2,2,BLOCK,Z,1.42336,0.7522867
7/5/3/4/7/7/7/3/2 3 3,Z,2.1666666666666666666666666666,0,BLOCK,Z,0.6550013,0.5700085
7/1/3/6/7/7/7/3/1 3 3,Z,-2,2,BLOCK,Z,1.505066,1.003117
7/5/3/4/7/7/7/3/1 3 3,Z,2.1666666666666666666666666666,0,BLOCK,Z,0.7961475,0.7257015
7/1/3/5/2/6/7/7/7 3 3,Z,-2.125,0,BLOCK,Z,0.3432001,0.2446191
7/5/3/1/2/6/7/7/7 3 3,Z,-2.1666666666666666666666666666,2,BLOCK,Z,1.152594,0.7475831
7/5/3/5/2/4/7/7/7 3 3,Z,2,0,BLOCK,Z,0.8519514,0.6678159
7/1/3/5/2/5/7/7/7 3 3,Z,-2,0,BLOCK,Z,0.5745842,0.4258151
7/5/3/1/2/5/7/7/7 3 3,Z,-2,2,BLOCK,Z,0.932869,0.5652331
7/5/3/5/2/1/7/7/7 3 3,Z,-2,0,BLOCK,Z,0.8587946,0.6862702
7/1/3/5/2/3/7/7/7 3 3,Z,-1.875,2,BLOCK,Z,0.6568118,0.3914662
7/5/3/1/2/3/7/7/7 3 3,Z,-1.8333333333333333333333333334,0,BLOCK,Z,0.6470541,0.5045384
7/1/3/5/2/7/6/7/7 3 3,Z,-2,2,BLOCK,Z,0.8091293,0.3949842
7/5/3/1/2/7/6/7/7 3 3,Z,-2,2,BLOCK,Z,0.9633013,0.5743116
7/5/3/5/2/7/4/7/7 3 3,X,2,0,BLOCK,X,0.5509804,0.4477766
7/1/3/5/2/7/5/7/7 3 3,Z,-2,0,BLOCK,Z,0.5908005,0.3927755
7/5/3/1/2/7/5/7/7 3 3,Z,-2,2,BLOCK,Z,0.9660855,0.5327306
7/5/3/5/2/7/1/7/7 3 3,X,-2,0,BLOCK,X,1.039704,0.7008335
7/1/3/5/2/7/3/7/7 3 3,Z,-2,2,BLOCK,Z,0.674836,0.4092911
7/5/3/1/2/7/3/7/7 3 3,Z,-2,0,BLOCK,Z,0.4224871,0.360973
7/1/3/5/2/7/7/6/7 3 3,Z,-2.125,2,BLOCK,Z,0.7911252,0.414618
7/5/3/1/2/7/7/6/7 3 3,Z,-2.1666666666666666666666666666,0,BLOCK,Z,0.4860501,0.6000683
7/5/3/5/2/7/7/4/7 3 3,Z,2,0,BLOCK,Z,0.384712,0.5862276
7/1/3/5/2/7/7/5/7 3 3,Z,-2,2,BLOCK,Z,0.7824477,0.4186317
7/5/3/1/2/7/7/5/7 3 3,Z,-2,2,BLOCK,Z,0.9929986,0.5069059
7/5/3/5/2/7/7/1/7 3 3,Z,-2,0,BLOCK,Z,0.2605136,0.3558494
7/1/3/5/2/7/7/3/7 3 3,Z,-1.875,0,BLOCK,Z,0.5296519,0.0951034
7/5/3/1/2/7/7/3/7 3 3,Z,-1.8333333333333333333333333334,0,BLOCK,Z,0.7814759,0.5884069
7/1/3/5/2/7/7/7/6 3 3,Z,-2,2,BLOCK,Z,0.7007938,0.3704197
7/5/3/1/2/7/7/7/6 3 3,Z,-2,0,BLOCK,Z,0.6861031,0.6262463
7/1/3/5/2/7/7/7/5 3 3,Z,-2,2,BLOCK,Z,0.7535256,0.370576
7/5/3/1/2/7/7/7/5 3 3,Z,-2,0,BLOCK,Z,0.8186493,0.5337428
7/1/3/5/2/7/7/7/3 3 3,Z,-2,2,BLOCK,Z,0.753571,0.379017
7/5/3/1/2/7/7/7/3 3 3,Z,-2,0,BLOCK,Z,0.4053547,0.5237662
7/1/3/5/6/2/7/7/7 3 3,Z,-2,0,BLOCK,Z,0.5943516,0.2938598
7/5/3/1/6/2/7/7/7 3 3,Z,-2,2,BLOCK,Z,0.9622636,0.6956446
7/5/3/5/4/2/7/7/7 3 3,X,2,0,BLOCK,X,1.176488,1.307269
7/1/3/5/6/6/6/7/7 3 3,Z,-2.125,2,BLOCK,Z,0.8610107,0.5446103
7/5/3/1/6/6/6/7/7 3 3,Z,-2.1666666666666666666666666666,0,BLOCK,Z,0.809195,0.7622206
7/5/3/5/4/6/6/7/7 3 3,X,1.80,0,BLOCK,X,0.6994997,0.8940213
7/5/3/5/6/4/6/7/7 3 3,Z,2,0,BLOCK,Z,0.7213316,0.7460294
7/5/3/5/6/6/4/7/7 3 3,X,2,0,BLOCK,X,0.5468752,0.5001304
7/1/3/5/6/6/5/7/7 3 3,Z,-2.125,0,BLOCK,Z,0.5725927,0.4642543
7/5/3/1/6/6/5/7/7 3 3,Z,-2.1666666666666666666666666666,2,BLOCK,Z,1.291477,0.7954016
7/5/3/5/4/6/5/7/7 3 3,X,2,0,BLOCK,X,0.5477125,0.6995491
7/5/3/5/6/4/5/7/7 3 3,Z,2,0,BLOCK,Z,1.197031,0.7614408
7/5/3/5/6/6/1/7/7 3 3,X,-2,0,BLOCK,X,1.065891,0.723182
7/1/3/5/6/6/3/7/7 3 3,Z,-2.125,0,BLOCK,Z,0.350809,0.2734414
7/5/3/1/6/6/3/7/7 3 3,Z,-2.1666666666666666666666666666,0,BLOCK,Z,1.354774,0.7473434
7/5/3/5/4/6/3/7/7 3 3,X,2.20,0,BLOCK,X,1.375118,1.130385
7/5/3/5/6/4/3/7/7 3 3,Z,2,2,BLOCK,Z,1.129459,0.6194872
7/1/3/5/6/6/7/6/7 3 3,Z,-2.25,0,BLOCK,Z,0.5117682,0.3290935
7/5/3/1/6/6/7/6/7 3 3,Z,-2.3333333333333333333333333334,0,BLOCK,Z,0.8375135,0.798639
7/5/3/5/4/6/7/6/7 3 3,X,2,0,BLOCK,X,0.7023504,0.7626053
7/5/3/5/6/4/7/6/7 3 3,Z,1.75,0,BLOCK,Z,0.5271099,0.7929786
7/5/3/5/6/6/7/4/7 3 3,Z,2,2,BLOCK,Z,1.64211,1.047361
7/1/3/5/6/6/7/5/7 3 3,Z,-2.125,2,BLOCK,Z,0.7781851,0.5817091
7/5/3/1/6/6/7/5/7 3 3,Z,-2.1666666666666666666666666666,0,BLOCK,Z,0.9390514,0.5403592
7/5/3/5/4/6/7/5/7 3 3,X,2,2,BLOCK,X,1.116162,1.066921
7/5/3/5/6/4/7/5/7 3 3,Z,2,0,BLOCK,Z,0.9144607,0.788354
7/5/3/5/6/6/7/1/7 3 3,Z,-2,0,BLOCK,Z,0.5458898,0.6241899
7/1/3/5/6/6/7/3/7 3 3,Z,-2.00,2,BLOCK,Z,0.9378787,0.513923
7/5/3/1/6/6/7/3/7 3 3,Z,-2.00,0,BLOCK,Z,0.6603495,0.7988542
7/5/3/5/4/6/7/3/7 3 3,X,2,0,BLOCK,X,0.6971049,0.6735799
7/5/3/5/6/4/7/3/7 3 3,Z,2.25,2,BLOCK,Z,1.447328,0.8181604
7/1/3/5/6/6/7/7/6 3 3,Z,-2.125,2,BLOCK,Z,0.8881763,0.5205699
7/5/3/1/6/6/7/7/6 3 3,Z,-2.1666666666666666666666666666,0,BLOCK,Z,0.756171,0.6964598
7/5/3/5/4/6/7/7/6 3 3,X,1.80,0,BLOCK,X,0.9551458,0.9680436
7/5/3/5/6/4/7/7/6 3 3,Z,2,2,BLOCK,Z,1.223973,0.8544028
7/1/3/5/6/6/7/7/5 3 3,Z,-2.125,0,BLOCK,Z,0.487379,0.3867967
7/5/3/1/6/6/7/7/5 3 3,Z,-2.1666666666666666666666666666,0,BLOCK,Z,0.6825312,0.6873681
7/5/3/5/4/6/7/7/5 3 3,X,2,0,BLOCK,X,1.003027,0.9133188
7/5/3/5/6/4/7/7/5 3 3,Z,2,0,BLOCK,Z,0.8997639,0.8405176
7/1/3/5/6/6/7/7/3 3 3,Z,-2.125,0,BLOCK,Z,0.4433937,0.3891552
7/5/3/1/6/6/7/7/3 3 3,Z,-2.1666666666666666666666666666,0,BLOCK,Z,1.1645,0.6720841
7/5/3/5/4/6/7/7/3 3 3,X,2.20,0,BLOCK,X,0.7234536,0.7310442
7/5/3/5/6/4/7/7/3 3 3,Z,2,0,BLOCK,Z,0.7580252,0.7011522
7/1/3/5/6/5/6/7/7 3 3,Z,-2,0,BLOCK,Z,0.3239915,0.2574303
7/5/3/1/6/5/6/7/7 3 3,Z,-2,0,BLOCK,Z,0.849897,0.5525494
7/5/3/5/4/5/6/7/7 3 3,X,1.80,2,BLOCK,X,1.059824,1.253505
7/5/3/5/6/1/6/7/7 3 3,Z,-2,0,BLOCK,Z,0.6708671,0.7086663
7/5/3/5/6/5/4/7/7 3 3,X,2,0,BLOCK,X,0.7528494,0.6236004
7/1/3/5/6/5/5/7/7 3 3,Z,-2,0,BLOCK,Z,0.611192,0.4553831
7/5/3/1/6/5/5/7/7 3 3,Z,-2,0,BLOCK,Z,0.6706137,0.4271431
7/5/3/5/4/5/5/7/7 3 3,X,2,0,BLOCK,X,0.5286281,0.5254552
7/5/3/5/6/1/5/7/7 3 3,Z,-2,0,BLOCK,Z,0.4708381,0.7431952
7/5/3/5/6/5/1/7/7 3 3,X,-2,0,BLOCK,X,0.8642539,0.6688364
7/1/3/5/6/5/3/7/7 3 3,Z,-2,2,BLOCK,Z,0.7565867,0.3896233
7/5/3/1/6/5/3/7/7 3 3,Z,-2,0,BLOCK,Z,0.736002,0.514034
7/5/3/5/4/5/3/7/7 3 3,X,2.20,0,BLOCK,X,0.5820141,0.6682189
7/5/3/5/6/1/3/7/7 3 3,Z,-2,0,BLOCK,Z,0.580235,0.7773108
7/1/3/5/6/5/7/6/7 3 3,Z,-2.125,0,BLOCK,Z,0.4373511,0.3309454
7/5/3/1/6/5/7/6/7 3 3,Z,-2.1666666666666666666666666666,0,BLOCK,Z,0.9684073,0.630402
7/5/3/5/4/5/7/6/7 3 3,X,2,0,BLOCK,X,0.7034245,0.7193626
7/5/3/5/6/1/7/6/7 3 3,Z,-2.25,0,BLOCK,Z,0.523741,0.6665549
7/5/3/5/6/5/7/4/7 3 3,Z,2,0,BLOCK,Z,0.2052284,0.3728172
7/1/3/5/6/5/7/5/7 3 3,Z,-2,0,BLOCK,Z,0.6631043,0.4118272
7/5/3/1/6/5/7/5/7 3 3,Z,-2,2,BLOCK,Z,0.933051,0.5512378
7/5/3/5/4/5/7/5/7 3 3,X,2,0,BLOCK,X,0.699531,0.8999732
7/5/3/5/6/1/7/5/7 3 3,Z,-2,0,BLOCK,Z,0.5821594,0.9163366
7/5/3/5/6/5/7/1/7 3 3,Z,-2,0,BLOCK,Z,0.2391684,0.4017196
7/1/3/5/6/5/7/3/7 3 3,Z,-1.875,0,BLOCK,Z,0.5940732,0.2412883
7/5/3/1/6/5/7/3/7 3 3,Z,-1.8333333333333333333333333334,0,BLOCK,Z,0.7236525,0.5162396
7/5/3/5/4/5/7/3/7 3 3,X,2,0,BLOCK,X,0.3444087,0.5850552
7/5/3/5/6/1/7/3/7 3 3,Z,-1.75,0,BLOCK,Z,0.9631729,0.7459314
7/1/3/5/6/5/7/7/6 3 3,Z,-2,2,BLOCK,Z,0.826062,0.4673153
7/5/3/1/6/5/7/7/6 3 3,Z,-2,2,BLOCK,Z,0.9110907,0.5512783
7/5/3/5/4/5/7/7/6 3 3,X,1.80,0,BLOCK,X,0.6252582,0.7524868
7/5/3/5/6/1/7/7/6 3 3,Z,-2,0,BLOCK,Z,0.8445726,0.8284833
7/1/3/5/6/5/7/7/5 3 3,Z,-2,0,BLOCK,Z,0.6427113,0.05692276
7/5/3/1/6/5/7/7/5 3 3,Z,-2,2,BLOCK,Z,0.8913978,0.5452631
7/5/3/5/4/5/7/7/5 3 3,X,2,0,BLOCK,X,0.6641457,0.6258727
7/5/3/5/6/1/7/7/5 3 3,Z,-2,0,BLOCK,Z,0.5919247,0.7841344
7/1/3/5/6/5/7/7/3 3 3,Z,-2,2,BLOCK,Z,0.775154,0.3952612
7/5/3/1/6/5/7/7/3 3 3,Z,-2,0,BLOCK,Z,0.373033,0.5203414
7/5/3/5/4/5/7/7/3 3 3,X,2.20,0,BLOCK,X,0.7936239,0.8569107
7/5/3/5/6/1/7/7/3 3 3,Z,-2,0,BLOCK,Z,0.6794519,0.8199708
7/1/3/5/6/3/6/7/7 3 3,Z,-1.875,2,BLOCK,Z,0.8113669,0.4116919
7/5/3/1/6/3/6/7/7 3 3,Z,-1.8333333333333333333333333334,0,BLOCK,Z,0.658154,0.5079913
7/5/3/5/4/3/6/7/7 3 3,X,1.80,0,BLOCK,X,0.7591265,0.8259832
7/5/3/5/6/3/4/7/7 3 3,X,2,0,BLOCK,X,1.00347,0.6822302
7/1/3/5/6/3/5/7/7 3 3,Z,-1.875,0,BLOCK,Z,0.6600561,0.3160847
7/5/3/1/6/3/5/7/7 3 3,Z,-1.8333333333333333333333333334,0,BLOCK,Z,0.7555591,0.4070968
7/5/3/5/4/3/5/7/7 3 3,X,2,0,BLOCK,X,0.9160349,0.9845568
7/5/3/5/6/3/1/7/7 3 3,X,-2,0,BLOCK,X,0.6923321,0.6108959
7/1/3/5/6/3/3/7/7 3 3,Z,-1.875,2,BLOCK,Z,0.6873113,0.325721
7/5/3/1/6/3/3/7/7 3 3,Z,-1.8333333333333333333333333334,2,BLOCK,Z,0.9251863,0.5850076
7/5/3/5/4/3/3/7/7 3 3,X,2.20,0,BLOCK,X,0.4129441,0.7133511
7/1/3/5/6/3/7/6/7 3 3,Z,-2.00,0,BLOCK,Z,0.5591463,0.3779908
7/5/3/1/6/3/7/6/7 3 3,Z,-2.00,0,BLOCK,Z,0.9571536,0.6103604
7/5/3/5/4/3/7/6/7 3 3,X,2,0,BLOCK,X,0.6379116,0.6207228
7/5/3/5/6/3/7/4/7 3 3,Z,2,0,BLOCK,Z,0.4322897,0.3788607
7/1/3/5/6/3/7/5/7 3 3,Z,-1.875,0,BLOCK,Z,0.3002735,0.2722109
7/5/3/1/6/3/7/5/7 3 3,Z,-1.8333333333333333333333333334,0,BLOCK,Z,0.5788045,0.5418271
7/5/3/5/4/3/7/5/7 3 3,X,2,0,BLOCK,X,0.9860693,0.932091
7/5/3/5/6/3/7/1/7 3 3,Z,-2,2,BLOCK,Z,1.682127,0.9552022
7/1/3/5/6/3/7/3/7 3 3,Z,-1.75,0,BLOCK,Z,0.8023841,0.293816
7/5/3/1/6/3/7/3/7 3 3,Z,-1.6666666666666666666666666666,2,BLOCK,Z,0.8448557,0.5116672
7/5/3/5/4/3/7/3/7 3 3,X,2,0,BLOCK,X,0.6311997,0.6496072
7/1/3/5/6/3/7/7/6 3 3,Z,-1.875,0,BLOCK,Z,0.4426205,0.2310291
7/5/3/1/6/3/7/7/6 3 3,Z,-1.8333333333333333333333333334,2,BLOCK,Z,0.8506565,0.5696917
7/5/3/5/4/3/7/7/6 3 3,X,1.80,0,BLOCK,X,0.4834766,0.5850817
7/1/3/5/6/3/7/7/5 3 3,Z,-1.875,2,BLOCK,Z,0.6611779,0.4193849
7/5/3/1/6/3/7/7/5 3 3,Z,-1.8333333333333333333333333334,0,BLOCK,Z,0.3386264,0.5352352
7/5/3/5/4/3/7/7/5 3 3,X,2,2,BLOCK,X,1.136658,1.050849
7/1/3/5/6/3/7/7/3 3 3,Z,-1.875,2,BLOCK,Z,0.6885963,0.4892416
7/5/3/1/6/3/7/7/3 3 3,Z,-1.8333333333333333333333333334,0,BLOCK,Z,0.4516235,0.4605339
7/5/3/5/4/3/7/7/3 3 3,X,2.20,2,BLOCK,X,1.202435,1.147987
7/1/3/5/6/7/2/7/7 3 3,Z,-2,2,BLOCK,Z,0.6825156,0.4733889
7/5/3/1/6/7/2/7/7 3 3,Z,-2,2,BLOCK,Z,0.8963708,0.5079369
7/5/3/5/4/7/2/7/7 3 3,X,2,0,BLOCK,X,1.246784,0.9396319
7/1/3/5/6/7/6/6/7 3 3,Z,-2.125,0,BLOCK,Z,0.4118769,0.3198611
7/5/3/1/6/7/6/6/7 3 3,Z,-2.1666666666666666666666666666,2,BLOCK,Z,0.9314913,0.6876073
7/5/3/5/4/7/6/6/7 3 3,X,1.8,0,BLOCK,X,0.2505369,0.8062884
7/5/3/5/6/7/4/6/7 3 3,X,2,2,BLOCK,X,1.430653,0.8943965
7/5/3/5/6/7/6/4/7 3 3,Z,2,2,BLOCK,Z,1.679121,1.094959
7/1/3/5/6/7/6/5/7 3 3,Z,-2,0,BLOCK,Z,0.3350085,0.2602303
7/5/3/1/6/7/6/5/7 3 3,Z,-2,0,BLOCK,Z,0.7260802,0.5423336
7/5/3/5/4/7/6/5/7 3 3,X,1.8,0,BLOCK,X,0.8814614,0.9011705
7/5/3/5/6/7/4/5/7 3 3,X,2,0,BLOCK,X,0.5240375,0.5280896
7/5/3/5/6/7/6/1/7 3 3,Z,-2,0,BLOCK,Z,0.1618397,0.2970407
7/1/3/5/6/7/6/3/7 3 3,Z,-1.875,2,BLOCK,Z,0.7541668,0.3530589
7/5/3/1/6/7/6/3/7 3 3,Z,-1.8333333333333333333333333334,2,BLOCK,Z,0.8703665,0.5307378
7/5/3/5/4/7/6/3/7 3 3,X,1.8,0,BLOCK,X,0.311651,0.6606591
7/5/3/5/6/7/4/3/7 3 3,X,2,0,BLOCK,X,0.4772667,0.4605785
7/1/3/5/6/7/6/7/6 3 3,Z,-2,0,BLOCK,Z,0.3849117,0.3186757
7/5/3/1/6/7/6/7/6 3 3,Z,-2,2,BLOCK,Z,1.003126,0.6994299
7/5/3/5/4/7/6/7/6 3 3,X,1.6,0,BLOCK,X,0.7511317,0.924336
7/5/3/5/6/7/4/7/6 3 3,X,1.6,2,BLOCK,X,1.339816,0.9133196
7/1/3/5/6/7/6/7/5 3 3,Z,-2,2,BLOCK,Z,0.8778002,0.3532324
7/5/3/1/6/7/6/7/5 3 3,Z,-2,0,BLOCK,Z,0.6756494,0.6216751
7/5/3/5/4/7/6/7/5 3 3,X,1.8,0,BLOCK,X,0.2950985,0.5784584
7/5/3/5/6/7/4/7/5 3 3,X,2,2,BLOCK,X,1.36954,0.8720164
7/1/3/5/6/7/6/7/3 3 3,Z,-2,2,BLOCK,Z,0.6934744,0.4119443
7/5/3/1/6/7/6/7/3 3 3,Z,-2,0,BLOCK,Z,0.7806222,0.6319115
7/5/3/5/4/7/6/7/3 3 3,X,2,0,BLOCK,X,0.4698538,0.7182158
7/5/3/5/6/7/4/7/3 3 3,X,2.4,2,BLOCK,X,1.675514,1.010871
7/1/3/5/6/7/5/6/7 3 3,Z,-2.125,0,BLOCK,Z,0.3750892,0.2484961
7/5/3/1/6/7/5/6/7 3 3,Z,-2.1666666666666666666666666666,0,BLOCK,Z,0.703914,0.6368642
7/5/3/5/4/7/5/6/7 3 3,X,2,0,BLOCK,X,0.8725386,0.753765
7/5/3/5/6/7/1/6/7 3 3,X,-2,0,BLOCK,X,0.7151957,0.6711314
7/5/3/5/6/7/5/4/7 3 3,Z,2,2,BLOCK,Z,1.625504,1.031242
7/1/3/5/6/7/5/5/7 3 3,Z,-2,0,BLOCK,Z,0.3397691,0.238916
7/5/3/1/6/7/5/5/7 3 3,Z,-2,0,BLOCK,Z,0.9259132,0.5228305
7/5/3/5/4/7/5/5/7 3 3,X,2,2,BLOCK,X,1.046225,0.991925
7/5/3/5/6/7/1/5/7 3 3,X,-2,0,BLOCK,X,0.7309262,0.7686984
7/5/3/5/6/7/5/1/7 3 3,Z,-2,0,BLOCK,Z,1.533878,1.096583
7/1/3/5/6/7/5/3/7 3 3,Z,-1.875,0,BLOCK,Z,0.2515067,0.1666126
7/5/3/1/6/7/5/3/7 3 3,Z,-1.8333333333333333333333333334,2,BLOCK,Z,0.9680406,0.5845813
7/5/3/5/4/7/5/3/7 3 3,X,2,0,BLOCK,X,0.6981226,0.7698562
7/5/3/5/6/7/1/3/7 3 3,X,-2,0,BLOCK,X,0.7179532,0.6375839
7/1/3/5/6/7/5/7/6 3 3,Z,-2,2,BLOCK,Z,0.7993102,0.4430237
7/5/3/1/6/7/5/7/6 3 3,Z,-2,2,BLOCK,Z,0.8779627,0.5511695
7/5/3/5/4/7/5/7/6 3 3,X,1.8,0,BLOCK,X,0.573786,0.5820595
7/5/3/5/6/7/1/7/6 3 3,X,-2.4,2,BLOCK,X,1.612517,0.8714247
7/1/3/5/6/7/5/7/5 3 3,Z,-2,0,BLOCK,Z,0.3479664,0.2232442
7/5/3/1/6/7/5/7/5 3 3,Z,-2,0,BLOCK,Z,0.5593762,0.5758101
7/5/3/5/4/7/5/7/5 3 3,X,2,2,BLOCK,X,1.054274,1.008484
7/5/3/5/6/7/1/7/5 3 3,X,-2,0,BLOCK,X,0.5327323,0.6203256
7/1/3/5/6/7/5/7/3 3 3,Z,-2,0,BLOCK,Z,0.2129039,0.1840833
7/5/3/1/6/7/5/7/3 3 3,Z,-2,0,BLOCK,Z,0.7326829,0.5812176
7/5/3/5/4/7/5/7/3 3 3,X,2.2,2,BLOCK,X,1.134192,0.9794444
7/5/3/5/6/7/1/7/3 3 3,X,-1.6,0,BLOCK,X,0.4271738,0.4568461
7/1/3/5/6/7/3/6/7 3 3,Z,-2.125,2,BLOCK,Z,0.7906999,0.4373037
7/5/3/1/6/7/3/6/7 3 3,Z,-2.1666666666666666666666666666,0,BLOCK,Z,0.6579325,0.5037066
7/5/3/5/4/7/3/6/7 3 3,X,2.2,0,BLOCK,X,0.2932999,0.5032949
7/5/3/5/6/7/3/4/7 3 3,Z,2,0,BLOCK,Z,0.1217761,0.2337174
7/1/3/5/6/7/3/5/7 3 3,Z,-2,0,BLOCK,Z,0.5045065,0.3533694
7/5/3/1/6/7/3/5/7 3 3,Z,-2,2,BLOCK,Z,0.8877547,0.6326331
7/5/3/5/4/7/3/5/7 3 3,X,2.2,0,BLOCK,X,1.017364,0.6507808
7/5/3/5/6/7/3/1/7 3 3,Z,-2,0,BLOCK,Z,0.2130685,0.3804483
7/1/3/5/6/7/3/3/7 3 3,Z,-1.875,2,BLOCK,Z,0.6753494,0.3620327
7/5/3/1/6/7/3/3/7 3 3,Z,-1.8333333333333333333333333334,0,BLOCK,Z,0.5958331,0.4544343
7/5/3/5/4/7/3/3/7 3 3,X,2.2,0,BLOCK,X,1.157636,0.837148
7/1/3/5/6/7/3/7/6 3 3,Z,-2,0,BLOCK,Z,0.7393969,0.4431662
7/5/3/1/6/7/3/7/6 3 3,Z,-2,0,BLOCK,Z,0.7795984,0.5910751
7/5/3/5/4/7/3/7/6 3 3,X,2,0,BLOCK,X,1.347059,0.7835512
7/1/3/5/6/7/3/7/5 3 3,Z,-2,2,BLOCK,Z,0.7422937,0.4468014
7/5/3/1/6/7/3/7/5 3 3,Z,-2,0,BLOCK,Z,0.7276487,0.6229875
7/5/3/5/4/7/3/7/5 3 3,X,2.2,2,BLOCK,X,1.519978,1.034716
7/1/3/5/6/7/3/7/3 3 3,Z,-2,0,BLOCK,Z,0.5193192,0.3053735
7/5/3/1/6/7/3/7/3 3 3,Z,-2,0,BLOCK,Z,0.7167987,0.6569209
7/5/3/5/4/7/3/7/3 3 3,X,2.4,0,BLOCK,X,0.3866617,0.5667802
7/1/3/5/6/7/7/2/7 3 3,Z,-2,2,BLOCK,Z,0.7726707,0.3223137
7/5/3/1/6/7/7/2/7 3 3,Z,-2,0,BLOCK,Z,0.7889906,0.6430388
7/5/3/5/4/7/7/2/7 3 3,X,2,2,BLOCK,X,1.075254,1.022031
7/1/3/5/6/7/7/6/6 3 3,Z,-2.125,0,BLOCK,Z,0.5170728,0.3384147
7/5/3/1/6/7/7/6/6 3 3,Z,-2.1666666666666666666666666666,2,BLOCK,Z,1.043718,0.8997585
7/5/3/5/4/7/7/6/6 3 3,X,1.8,0,BLOCK,X,0.7724078,0.7420313
7/5/3/5/6/7/7/4/6 3 3,Z,2,0,BLOCK,Z,0.2393008,0.4793826
7/1/3/5/6/7/7/6/5 3 3,Z,-2.125,2,BLOCK,Z,0.7915164,0.5336118
7/5/3/1/6/7/7/6/5 3 3,Z,-2.1666666666666666666666666666,2,BLOCK,Z,0.9868716,0.666869
7/5/3/5/4/7/7/6/5 3 3,X,2,0,BLOCK,X,0.7364964,0.7038428
7/5/3/5/6/7/7/4/5 3 3,Z,2,2,BLOCK,Z,1.578874,1.058236
7/1/3/5/6/7/7/6/3 3 3,Z,-2.125,0,BLOCK,Z,0.5663123,0.2046441
7/5/3/1/6/7/7/6/3 3 3,Z,-2.1666666666666666666666666666,0,BLOCK,Z,0.6924725,0.7361774
7/5/3/5/4/7/7/6/3 3 3,X,2.2,0,BLOCK,X,0.6308722,0.5842311
7/5/3/5/6/7/7/4/3 3 3,Z,2,0,BLOCK,Z,0.2082137,0.3209484
7/1/3/5/6/7/7/5/6 3 3,Z,-2,2,BLOCK,Z,0.7754698,0.4373792
7/5/3/1/6/7/7/5/6 3 3,Z,-2,0,BLOCK,Z,0.8325497,0.5192348
7/5/3/5/4/7/7/5/6 3 3,X,1.8,0,BLOCK,X,0.5829959,0.5529408
7/5/3/5/6/7/7/1/6 3 3,Z,-2,0,BLOCK,Z,0.1974405,0.3973703
7/1/3/5/6/7/7/5/5 3 3,Z,-2,2,BLOCK,Z,0.786533,0.4543314
7/5/3/1/6/7/7/5/5 3 3,Z,-2,0,BLOCK,Z,0.5561565,0.5726864
7/5/3/5/4/7/7/5/5 3 3,X,2,0,BLOCK,X,0.4974987,0.5593178
7/5/3/5/6/7/7/1/5 3 3,Z,-2,0,BLOCK,Z,0.1238058,0.2485294
7/1/3/5/6/7/7/5/3 3 3,Z,-2,0,BLOCK,Z,0.5567704,0.323938
7/5/3/1/6/7/7/5/3 3 3,Z,-2,2,BLOCK,Z,0.9404165,0.5273864
7/5/3/5/4/7/7/5/3 3 3,X,2.2,0,BLOCK,X,0.8639964,0.7371892
7/5/3/5/6/7/7/1/3 3 3,Z,-2,0,BLOCK,Z,0.1651904,0.2721826
7/1/3/5/6/7/7/3/6 3 3,Z,-1.875,0,BLOCK,Z,0.343998,0.1877861
7/5/3/1/6/7/7/3/6 3 3,Z,-1.8333333333333333333333333334,0,BLOCK,Z,0.6986704,0.5304488
7/5/3/5/4/7/7/3/6 3 3,X,1.8,0,BLOCK,X,1.171071,1.087031
7/1/3/5/6/7/7/3/5 3 3,Z,-1.875,2,BLOCK,Z,0.8018973,0.3996721
7/5/3/1/6/7/7/3/5 3 3,Z,-1.8333333333333333333333333334,0,BLOCK,Z,0.6038077,0.539914
7/5/3/5/4/7/7/3/5 3 3,X,2,2,BLOCK,X,1.078824,0.9459751
7/1/3/5/6/7/7/3/3 3 3,Z,-1.875,2,BLOCK,Z,0.732353,0.394604
7/5/3/1/6/7/7/3/3 3 3,Z,-1.8333333333333333333333333334,0,BLOCK,Z,0.7631181,0.6978585
7/5/3/5/4/7/7/3/3 3 3,X,2.2,0,BLOCK,X,0.8480683,0.828613
7/1/3/5/6/7/7/7/4 3 3,Z,-2,0,BLOCK,Z,0.5840103,0.4002129
7/5/3/1/6/7/7/7/4 3 3,Z,-2,0,BLOCK,Z,0.7669331,0.6269853
7/5/3/5/4/7/7/7/4 3 3,X,1.8,0,BLOCK,X,0.5772846,0.4967096
7/1/3/5/6/7/7/7/2 3 3,Z,-2,0,BLOCK,Z,0.3487037,0.2943562
7/5/3/1/6/7/7/7/2 3 3,Z,-2,0,BLOCK,Z,0.8500936,0.6552696
7/5/3/5/4/7/7/7/2 3 3,X,2,0,BLOCK,X,0.8578537,0.5947942
7/1/3/5/6/7/7/7/1 3 3,Z,-2,0,BLOCK,Z,0.5920312,0.3420861
7/5/3/1/6/7/7/7/1 3 3,Z,-2,0,BLOCK,Z,0.7162991,0.6890104
7/5/3/5/4/7/7/7/1 3 3,X,2.2,0,BLOCK,X,0.8202238,0.6577437
7/1/3/5/5/2/7/7/7 3 3,Z,-2,0,BLOCK,Z,0.4114498,0.2590475
7/5/3/1/5/2/7/7/7 3 3,Z,-2,0,BLOCK,Z,1.144434,0.6938873
7/5/3/5/1/2/7/7/7 3 3,X,-2,0,BLOCK,X,0.8406721,0.5660706
7/1/3/5/5/6/6/7/7 3 3,Z,-2.125,0,BLOCK,Z,0.5139011,0.5501357
7/5/3/1/5/6/6/7/7 3 3,Z,-2.1666666666666666666666666666,0,BLOCK,Z,0.644024,0.4388006
7/5/3/5/1/6/6/7/7 3 3,X,-2.20,0,BLOCK,X,0.5440682,0.273108
7/5/3/5/5/4/6/7/7 3 3,Z,2,0,BLOCK,Z,0.6243042,0.7759686
7/5/3/5/5/6/4/7/7 3 3,X,2,2,BLOCK,X,1.471259,0.873322
7/1/3/5/5/6/5/7/7 3 3,Z,-2.125,2,BLOCK,Z,0.7979664,0.5692258
7/5/3/1/5/6/5/7/7 3 3,Z,-2.1666666666666666666666666666,0,BLOCK,Z,0.5779644,0.6290374
7/5/3/5/1/6/5/7/7 3 3,X,-2,0,BLOCK,X,0.6003758,0.7387712
7/5/3/5/5/4/5/7/7 3 3,Z,2,2,BLOCK,Z,1.109702,0.6951187
7/5/3/5/5/6/1/7/7 3 3,X,-2,0,BLOCK,X,0.4148202,0.6992081
7/1/3/5/5/6/3/7/7 3 3,Z,-2.125,2,BLOCK,Z,0.8509625,0.5200557
7/5/3/1/5/6/3/7/7 3 3,Z,-2.1666666666666666666666666666,2,BLOCK,Z,1.202425,0.7139315
7/5/3/5/1/6/3/7/7 3 3,X,-1.80,0,BLOCK,X,0.5894446,0.6446265
7/5/3/5/5/4/3/7/7 3 3,Z,2,0,BLOCK,Z,0.6386544,0.7038174
7/1/3/5/5/6/7/6/7 3 3,Z,-2.25,0,BLOCK,Z,0.5102128,0.2623764
7/5/3/1/5/6/7/6/7 3 3,Z,-2.3333333333333333333333333334,2,BLOCK,Z,1.224236,0.5594069
7/5/3/5/1/6/7/6/7 3 3,X,-2,0,BLOCK,X,0.6325336,0.7158623
7/5/3/5/5/4/7/6/7 3 3,Z,1.75,0,BLOCK,Z,0.7660239,0.7496104
7/5/3/5/5/6/7/4/7 3 3,Z,2,0,BLOCK,Z,0.3859351,0.5127761
7/1/3/5/5/6/7/5/7 3 3,Z,-2.125,0,BLOCK,Z,0.2974717,0.3349173
7/5/3/1/5/6/7/5/7 3 3,Z,-2.1666666666666666666666666666,2,BLOCK,Z,1.200798,0.8553089
7/5/3/5/1/6/7/5/7 3 3,X,-2,0,BLOCK,X,0.7039273,0.4412391
7/5/3/5/5/4/7/5/7 3 3,Z,2,0,BLOCK,Z,0.7331213,0.7904522
7/5/3/5/5/6/7/1/7 3 3,Z,-2,0,BLOCK,Z,0.5456003,0.6322433
7/1/3/5/5/6/7/3/7 3 3,Z,-2.00,0,BLOCK,Z,0.8013188,0.5634955
7/5/3/1/5/6/7/3/7 3 3,Z,-2.00,0,BLOCK,Z,0.7555065,0.6952823
7/5/3/5/1/6/7/3/7 3 3,X,-2,0,BLOCK,X,0.7610829,0.6303092
7/5/3/5/5/4/7/3/7 3 3,Z,2.25,0,BLOCK,Z,0.5879094,0.6962389
7/1/3/5/5/6/7/7/6 3 3,Z,-2.125,0,BLOCK,Z,0.5612796,0.3588488
7/5/3/1/5/6/7/7/6 3 3,Z,-2.1666666666666666666666666666,2,BLOCK,Z,1.182273,0.7303104
7/5/3/5/1/6/7/7/6 3 3,X,-2.20,0,BLOCK,X,0.6593649,0.6127544
7/5/3/5/5/4/7/7/6 3 3,Z,2,0,BLOCK,Z,1.036876,0.7680379
7/1/3/5/5/6/7/7/5 3 3,Z,-2.125,0,BLOCK,Z,0.4391856,0.4030759
7/5/3/1/5/6/7/7/5 3 3,Z,-2.1666666666666666666666666666,0,BLOCK,Z,0.8579218,0.7279219
7/5/3/5/1/6/7/7/5 3 3,X,-2,0,BLOCK,X,0.8244578,0.6460737
7/5/3/5/5/4/7/7/5 3 3,Z,2,0,BLOCK,Z,0.7365856,0.7775432
7/1/3/5/5/6/7/7/3 3 3,Z,-2.125,0,BLOCK,Z,0.4923355,0.2409901
7/5/3/1/5/6/7/7/3 3 3,Z,-2.1666666666666666666666666666,0,BLOCK,Z,0.7846471,0.9057403
7/5/3/5/1/6/7/7/3 3 3,X,-1.80,2,BLOCK,X,0.8989053,0.6136681
7/5/3/5/5/4/7/7/3 3 3,Z,2,0,BLOCK,Z,0.882267,0.7473883
7/1/3/5/5/5/6/7/7 3 3,Z,-2,0,BLOCK,Z,0.3316527,0.2222969
7/5/3/1/5/5/6/7/7 3 3,Z,-2,0,BLOCK,Z,0.6104726,0.3493014
7/5/3/5/1/5/6/7/7 3 3,X,-2.20,2,BLOCK,X,1.294238,0.6061555
7/5/3/5/5/1/6/7/7 3 3,Z,-2,0,BLOCK,Z,0.9627526,0.7233396
7/5/3/5/5/5/4/7/7 3 3,X,2,2,BLOCK,X,1.423514,0.8400323
7/1/3/5/5/5/5/7/7 3 3,Z,-2,2,BLOCK,Z,0.782293,0.3830157
7/5/3/1/5/5/5/7/7 3 3,Z,-2,2,BLOCK,Z,0.9142308,0.4392923
7/5/3/5/1/5/5/7/7 3 3,X,-2,0,BLOCK,X,0.6888108,0.6508494
7/5/3/5/5/1/5/7/7 3 3,Z,-2,0,BLOCK,Z,0.737767,0.775133
7/5/3/5/5/5/1/7/7 3 3,X,-2,0,BLOCK,X,0.4604686,0.7218874
7/1/3/5/5/5/3/7/7 3 3,Z,-2,0,BLOCK,Z,0.5501518,0.2619339
7/5/3/1/5/5/3/7/7 3 3,Z,-2,0,BLOCK,Z,0.6860177,0.4203406
7/5/3/5/1/5/3/7/7 3 3,X,-1.80,0,BLOCK,X,0.617175,0.6657747
7/5/3/5/5/1/3/7/7 3 3,Z,-2,0,BLOCK,Z,1.044414,0.7653005
7/1/3/5/5/5/7/6/7 3 3,Z,-2.125,0,BLOCK,Z,0.3437076,0.2635516
7/5/3/1/5/5/7/6/7 3 3,Z,-2.1666666666666666666666666666,0,BLOCK,Z,0.9596905,0.5918287
7/5/3/5/1/5/7/6/7 3 3,X,-2,0,BLOCK,X,0.6508574,0.5701671
7/5/3/5/5/1/7/6/7 3 3,Z,-2.25,0,BLOCK,Z,0.4743117,0.621696
7/5/3/5/5/5/7/4/7 3 3,Z,2,2,BLOCK,Z,1.629219,1.063801
7/1/3/5/5/5/7/5/7 3 3,Z,-2,0,BLOCK,Z,0.6601188,0.2137983
7/5/3/1/5/5/7/5/7 3 3,Z,-2,2,BLOCK,Z,0.9503137,0.4820217
7/5/3/5/1/5/7/5/7 3 3,X,-2,0,BLOCK,X,0.5851852,0.6194834
7/5/3/5/5/1/7/5/7 3 3,Z,-2,0,BLOCK,Z,0.7078858,0.8582011
7/5/3/5/5/5/7/1/7 3 3,Z,-2,0,BLOCK,Z,0.2232989,0.3787934
7/1/3/5/5/5/7/3/7 3 3,Z,-1.875,2,BLOCK,Z,0.7425425,0.3958397
7/5/3/1/5/5/7/3/7 3 3,Z,-1.8333333333333333333333333334,0,BLOCK,Z,0.7632987,0.5131571
7/5/3/5/1/5/7/3/7 3 3,X,-2,2,BLOCK,X,0.9354379,0.6747629
7/5/3/5/5/1/7/3/7 3 3,Z,-1.75,0,BLOCK,Z,0.4956928,0.681668
7/1/3/5/5/5/7/7/6 3 3,Z,-2,0,BLOCK,Z,0.3789463,0.1154746
7/5/3/1/5/5/7/7/6 3 3,Z,-2,0,BLOCK,Z,0.8824039,0.6046956
7/5/3/5/1/5/7/7/6 3 3,X,-2.20,0,BLOCK,X,0.717321,0.6040282
7/5/3/5/5/1/7/7/6 3 3,Z,-2,0,BLOCK,Z,0.821155,0.8235627
7/1/3/5/5/5/7/7/5 3 3,Z,-2,0,BLOCK,Z,0.5586104,0.4008687
7/5/3/1/5/5/7/7/5 3 3,Z,-2,0,BLOCK,Z,0.8995353,0.396983
7/5/3/5/1/5/7/7/5 3 3,X,-2,2,BLOCK,X,0.9511977,0.6623237
7/5/3/5/5/1/7/7/5 3 3,Z,-2,0,BLOCK,Z,0.6568305,0.8659386
7/1/3/5/5/5/7/7/3 3 3,Z,-2,0,BLOCK,Z,0.414028,0.3223787
7/5/3/1/5/5/7/7/3 3 3,Z,-2,0,BLOCK,Z,0.8375541,0.4786654
7/5/3/5/1/5/7/7/3 3 3,X,-1.80,0,BLOCK,X,0.5627499,0.7334918
7/5/3/5/5/1/7/7/3 3 3,Z,-2,0,BLOCK,Z,0.5714505,0.769572
7/1/3/5/5/3/6/7/7 3 3,Z,-1.875,2,BLOCK,Z,0.6755032,0.311068
7/5/3/1/5/3/6/7/7 3 3,Z,-1.8333333333333333333333333334,0,BLOCK,Z,0.3682626,0.3941578
7/5/3/5/1/3/6/7/7 3 3,X,-2.20,0,BLOCK,X,0.8874799,0.5251191
7/5/3/5/5/3/4/7/7 3 3,X,2,0,BLOCK,X,0.4499072,0.4034807
7/1/3/5/5/3/5/7/7 3 3,Z,-1.875,2,BLOCK,Z,0.73975,0.3411003
7/5/3/1/5/3/5/7/7 3 3,Z,-1.8333333333333333333333333334,0,BLOCK,Z,0.3575376,0.5145304
7/5/3/5/1/3/5/7/7 3 3,X,-2,0,BLOCK,X,0.7500389,0.642047
7/5/3/5/5/3/1/7/7 3 3,X,-2,0,BLOCK,X,0.4880714,0.604447
7/1/3/5/5/3/3/7/7 3 3,Z,-1.875,2,BLOCK,Z,0.6775636,0.3290434
7/5/3/1/5/3/3/7/7 3 3,Z,-1.8333333333333333333333333334,2,BLOCK,Z,0.9160846,0.5080322
7/5/3/5/1/3/3/7/7 3 3,X,-1.80,0,BLOCK,X,0.6027823,0.6675369
7/1/3/5/5/3/7/6/7 3 3,Z,-2.00,0,BLOCK,Z,0.517009,0.2872487
7/5/3/1/5/3/7/6/7 3 3,Z,-2.00,0,BLOCK,Z,0.1966563,0.3053645
7/5/3/5/1/3/7/6/7 3 3,X,-2,2,BLOCK,X,0.9957473,0.5252923
7/5/3/5/5/3/7/4/7 3 3,Z,2,0,BLOCK,Z,0.4469001,0.580137
7/1/3/5/5/3/7/5/7 3 3,Z,-1.875,2,BLOCK,Z,0.7308766,0.3949665
7/5/3/1/5/3/7/5/7 3 3,Z,-1.8333333333333333333333333334,0,BLOCK,Z,0.9257594,0.5244171
7/5/3/5/1/3/7/5/7 3 3,X,-2,0,BLOCK,X,0.6353102,0.7378652
7/5/3/5/5/3/7/1/7 3 3,Z,-2,0,BLOCK,Z,0.5741643,0.634689
7/1/3/5/5/3/7/3/7 3 3,Z,-1.75,2,BLOCK,Z,0.6576609,0.435709
7/5/3/1/5/3/7/3/7 3 3,Z,-1.6666666666666666666666666666,0,BLOCK,Z,0.8869863,0.5944893
7/5/3/5/1/3/7/3/7 3 3,X,-2,2,BLOCK,X,0.8981637,0.6117639
7/1/3/5/5/3/7/7/6 3 3,Z,-1.875,0,BLOCK,Z,0.5045108,0.2232451
7/5/3/1/5/3/7/7/6 3 3,Z,-1.8333333333333333333333333334,0,BLOCK,Z,0.439415,0.4335569
7/5/3/5/1/3/7/7/6 3 3,X,-2.20,0,BLOCK,X,0.5837764,0.6354971
7/1/3/5/5/3/7/7/5 3 3,Z,-1.875,0,BLOCK,Z,0.4815795,0.3650011
7/5/3/1/5/3/7/7/5 3 3,Z,-1.8333333333333333333333333334,2,BLOCK,Z,0.9544839,0.4742139
7/5/3/5/1/3/7/7/5 3 3,X,-2,0,BLOCK,X,0.7374761,0.5930776
7/1/3/5/5/3/7/7/3 3 3,Z,-1.875,0,BLOCK,Z,0.5365735,0.3239496
7/5/3/1/5/3/7/7/3 3 3,Z,-1.8333333333333333333333333334,0,BLOCK,Z,0.6079269,0.4294683
7/5/3/5/1/3/7/7/3 3 3,X,-1.80,2,BLOCK,X,0.8688544,0.5676306
7/1/3/5/5/7/2/7/7 3 3,Z,-2,0,BLOCK,Z,0.4323922,0.2904765
7/5/3/1/5/7/2/7/7 3 3,Z,-2,2,BLOCK,Z,0.9685284,0.5748436
7/5/3/5/1/7/2/7/7 3 3,X,-2,0,BLOCK,X,0.356184,0.3739284
7/1/3/5/5/7/6/6/7 3 3,Z,-2.125,0,BLOCK,Z,0.405022,0.2454171
7/5/3/1/5/7/6/6/7 3 3,Z,-2.1666666666666666666666666666,2,BLOCK,Z,0.9968324,0.5749176
7/5/3/5/1/7/6/6/7 3 3,X,-2.2,0,BLOCK,X,0.5926888,0.4975181
7/5/3/5/5/7/4/6/7 3 3,X,2,0,BLOCK,X,0.2836678,0.3371926
7/5/3/5/5/7/6/4/7 3 3,Z,2,0,BLOCK,Z,0.1351407,0.4045615
7/1/3/5/5/7/6/5/7 3 3,Z,-2,0,BLOCK,Z,0.6587496,0.4273033
7/5/3/1/5/7/6/5/7 3 3,Z,-2,2,BLOCK,Z,0.9392987,0.4506732
7/5/3/5/1/7/6/5/7 3 3,X,-2.2,0,BLOCK,X,0.5286909,0.5251585
7/5/3/5/5/7/4/5/7 3 3,X,2,0,BLOCK,X,0.4564209,0.4631613
7/5/3/5/5/7/6/1/7 3 3,Z,-2,0,BLOCK,Z,0.1990189,0.3859315
7/1/3/5/5/7/6/3/7 3 3,Z,-1.875,0,BLOCK,Z,0.3599764,0.2779683
7/5/3/1/5/7/6/3/7 3 3,Z,-1.8333333333333333333333333334,0,BLOCK,Z,0.3708391,0.2986326
7/5/3/5/1/7/6/3/7 3 3,X,-2.2,0,BLOCK,X,0.5593303,0.6360993
7/5/3/5/5/7/4/3/7 3 3,X,2,0,BLOCK,X,0.4760484,0.3767032
7/1/3/5/5/7/6/7/6 3 3,Z,-2,0,BLOCK,Z,0.6043091,0.3062907
7/5/3/1/5/7/6/7/6 3 3,Z,-2,0,BLOCK,Z,0.8849989,0.4871345
7/5/3/5/1/7/6/7/6 3 3,X,-2.4,0,BLOCK,X,0.5022179,0.4812391
7/5/3/5/5/7/4/7/6 3 3,X,1.6,2,BLOCK,X,1.284442,0.8326482
7/1/3/5/5/7/6/7/5 3 3,Z,-2,2,BLOCK,Z,0.6203952,0.3974835
7/5/3/1/5/7/6/7/5 3 3,Z,-2,0,BLOCK,Z,0.8822026,0.5057011
7/5/3/5/1/7/6/7/5 3 3,X,-2.2,0,BLOCK,X,0.7430396,0.4003197
7/5/3/5/5/7/4/7/5 3 3,X,2,0,BLOCK,X,0.229475,0.37548
7/1/3/5/5/7/6/7/3 3 3,Z,-2,0,BLOCK,Z,0.6098109,0.3264025
7/5/3/1/5/7/6/7/3 3 3,Z,-2,0,BLOCK,Z,0.5215486,0.5460587
7/5/3/5/1/7/6/7/3 3 3,X,-2,0,BLOCK,X,0.6333946,0.5062335
7/5/3/5/5/7/4/7/3 3 3,X,2.4,0,BLOCK,X,0.3777983,0.4574499
7/1/3/5/5/7/5/6/7 3 3,Z,-2.125,2,BLOCK,Z,0.8258823,0.3972169
7/5/3/1/5/7/5/6/7 3 3,Z,-2.1666666666666666666666666666,2,BLOCK,Z,1.01003,0.5827545
7/5/3/5/1/7/5/6/7 3 3,X,-2,0,BLOCK,X,0.7764252,0.6137426
7/5/3/5/5/7/1/6/7 3 3,X,-2,0,BLOCK,X,0.6160686,0.7684938
7/5/3/5/5/7/5/4/7 3 3,Z,2,2,BLOCK,Z,1.620803,1.068738
7/1/3/5/5/7/5/5/7 3 3,Z,-2,2,BLOCK,Z,0.7476448,0.4353314
7/5/3/1/5/7/5/5/7 3 3,Z,-2,0,BLOCK,Z,0.7676728,0.5896539
7/5/3/5/1/7/5/5/7 3 3,X,-2,0,BLOCK,X,0.5593005,0.6659573
7/5/3/5/5/7/1/5/7 3 3,X,-2,0,BLOCK,X,0.3743147,0.6226242
7/5/3/5/5/7/5/1/7 3 3,Z,-2,2,BLOCK,Z,1.63466,1.079246
7/1/3/5/5/7/5/3/7 3 3,Z,-1.875,0,BLOCK,Z,0.3922355,0.2775879
7/5/3/1/5/7/5/3/7 3 3,Z,-1.8333333333333333333333333334,2,BLOCK,Z,0.933396,0.5598793
7/5/3/5/1/7/5/3/7 3 3,X,-2,0,BLOCK,X,0.7127391,0.6473756
7/5/3/5/5/7/1/3/7 3 3,X,-2,0,BLOCK,X,0.5082469,0.7110539
7/1/3/5/5/7/5/7/6 3 3,Z,-2,2,BLOCK,Z,0.7361527,0.4136619
7/5/3/1/5/7/5/7/6 3 3,Z,-2,0,BLOCK,Z,0.6700143,0.5088688
7/5/3/5/1/7/5/7/6 3 3,X,-2.2,0,BLOCK,X,0.9533193,0.6208885
7/5/3/5/5/7/1/7/6 3 3,X,-2.4,0,BLOCK,X,0.5101668,0.7532744
7/1/3/5/5/7/5/7/5 3 3,Z,-2,0,BLOCK,Z,0.4395361,0.3426643
7/5/3/1/5/7/5/7/5 3 3,Z,-2,0,BLOCK,Z,0.6665353,0.5069669
7/5/3/5/1/7/5/7/5 3 3,X,-2,2,BLOCK,X,0.9558416,0.7773682
7/5/3/5/5/7/1/7/5 3 3,X,-2,0,BLOCK,X,0.5050216,0.7156203
7/1/3/5/5/7/5/7/3 3 3,Z,-2,2,BLOCK,Z,0.8014717,0.4805434
7/5/3/1/5/7/5/7/3 3 3,Z,-2,0,BLOCK,Z,0.8062843,0.5958472
7/5/3/5/1/7/5/7/3 3 3,X,-1.8,0,BLOCK,X,0.6601956,0.6074123
7/5/3/5/5/7/1/7/3 3 3,X,-1.6,0,BLOCK,X,0.5626448,0.6040719
7/1/3/5/5/7/3/6/7 3 3,Z,-2.125,0,BLOCK,Z,0.4374053,0.184216
7/5/3/1/5/7/3/6/7 3 3,Z,-2.1666666666666666666666666666,0,BLOCK,Z,0.7709708,0.6038333
7/5/3/5/1/7/3/6/7 3 3,X,-1.8,2,BLOCK,X,0.8995737,0.6656892
7/5/3/5/5/7/3/4/7 3 3,Z,2,0,BLOCK,Z,0.2337133,0.3824818
7/1/3/5/5/7/3/5/7 3 3,Z,-2,0,BLOCK,Z,0.419255,0.3545889
7/5/3/1/5/7/3/5/7 3 3,Z,-2,0,BLOCK,Z,0.5954759,0.4322362
7/5/3/5/1/7/3/5/7 3 3,X,-1.8,0,BLOCK,X,0.5707282,0.5738046
7/5/3/5/5/7/3/1/7 3 3,Z,-2,2,BLOCK,Z,1.610638,1.003848
7/1/3/5/5/7/3/3/7 3 3,Z,-1.875,0,BLOCK,Z,0.4255366,0.1309703
7/5/3/1/5/7/3/3/7 3 3,Z,-1.8333333333333333333333333334,2,BLOCK,Z,0.9415241,0.5782026
7/5/3/5/1/7/3/3/7 3 3,X,-1.8,0,BLOCK,X,0.4547812,0.6294929
7/1/3/5/5/7/3/7/6 3 3,Z,-2,0,BLOCK,Z,0.6009732,0.3169303
7/5/3/1/5/7/3/7/6 3 3,Z,-2,2,BLOCK,Z,0.9944034,0.6255304
7/5/3/5/1/7/3/7/6 3 3,X,-2,0,BLOCK,X,0.5761961,0.5286329
7/1/3/5/5/7/3/7/5 3 3,Z,-2,2,BLOCK,Z,0.73609,0.4840556
7/5/3/1/5/7/3/7/5 3 3,Z,-2,2,BLOCK,Z,1.002959,0.6017575
7/5/3/5/1/7/3/7/5 3 3,X,-1.8,0,BLOCK,X,0.84352,0.5114334
7/1/3/5/5/7/3/7/3 3 3,Z,-2,0,BLOCK,Z,0.5293219,0.211919
7/5/3/1/5/7/3/7/3 3 3,Z,-2,0,BLOCK,Z,0.5582675,0.4833683
7/5/3/5/1/7/3/7/3 3 3,X,-1.6,2,BLOCK,X,0.8021087,0.6230752
7/1/3/5/5/7/7/2/7 3 3,Z,-2,0,BLOCK,Z,0.5845352,0.2058719
7/5/3/1/5/7/7/2/7 3 3,Z,-2,2,BLOCK,Z,0.9968435,0.5014612
7/5/3/5/1/7/7/2/7 3 3,X,-2,0,BLOCK,X,0.8409737,0.708603
7/1/3/5/5/7/7/6/6 3 3,Z,-2.125,0,BLOCK,Z,0.5957543,0.3264753
7/5/3/1/5/7/7/6/6 3 3,Z,-2.1666666666666666666666666666,2,BLOCK,Z,1.120309,0.7105889
7/5/3/5/1/7/7/6/6 3 3,X,-2.2,0,BLOCK,X,1.011686,0.6848028
7/5/3/5/5/7/7/4/6 3 3,Z,2,0,BLOCK,Z,0.2123389,0.4401224
7/1/3/5/5/7/7/6/5 3 3,Z,-2.125,0,BLOCK,Z,0.5839089,0.3934344
7/5/3/1/5/7/7/6/5 3 3,Z,-2.1666666666666666666666666666,0,BLOCK,Z,0.9679309,0.752463
7/5/3/5/1/7/7/6/5 3 3,X,-2,2,BLOCK,X,1.024753,0.6414858
7/5/3/5/5/7/7/4/5 3 3,Z,2,0,BLOCK,Z,0.1826843,0.3869554
7/1/3/5/5/7/7/6/3 3 3,Z,-2.125,2,BLOCK,Z,0.80373,0.3970115
7/5/3/1/5/7/7/6/3 3 3,Z,-2.1666666666666666666666666666,0,BLOCK,Z,0.7345572,0.5911005
7/5/3/5/1/7/7/6/3 3 3,X,-1.8,0,BLOCK,X,0.6028425,0.763395
7/5/3/5/5/7/7/4/3 3 3,Z,2,0,BLOCK,Z,0.1787936,0.3501549
7/1/3/5/5/7/7/5/6 3 3,Z,-2,0,BLOCK,Z,0.673623,0.2834679
7/5/3/1/5/7/7/5/6 3 3,Z,-2,2,BLOCK,Z,0.9874924,0.558106
7/5/3/5/1/7/7/5/6 3 3,X,-2.2,0,BLOCK,X,0.696395,0.6473162
7/5/3/5/5/7/7/1/6 3 3,Z,-2,0,BLOCK,Z,0.3290101,0.5220874
7/1/3/5/5/7/7/5/5 3 3,Z,-2,0,BLOCK,Z,0.5692008,0.4972247
7/5/3/1/5/7/7/5/5 3 3,Z,-2,0,BLOCK,Z,0.7624209,0.5636779
7/5/3/5/1/7/7/5/5 3 3,X,-2,0,BLOCK,X,0.712491,0.7435315
7/5/3/5/5/7/7/1/5 3 3,Z,-2,2,BLOCK,Z,1.633458,0.993727
7/1/3/5/5/7/7/5/3 3 3,Z,-2,0,BLOCK,Z,0.5909629,0.3604036
7/5/3/1/5/7/7/5/3 3 3,Z,-2,0,BLOCK,Z,0.5455439,0.5886304
7/5/3/5/1/7/7/5/3 3 3,X,-1.8,2,BLOCK,X,0.9180807,0.696471
7/5/3/5/5/7/7/1/3 3 3,Z,-2,0,BLOCK,Z,0.1730215,0.3037286
7/1/3/5/5/7/7/3/6 3 3,Z,-1.875,0,BLOCK,Z,0.5774336,0.3366399
7/5/3/1/5/7/7/3/6 3 3,Z,-1.8333333333333333333333333334,0,BLOCK,Z,0.6929362,0.517047
7/5/3/5/1/7/7/3/6 3 3,X,-2.2,2,BLOCK,X,1.10175,0.6155751
7/1/3/5/5/7/7/3/5 3 3,Z,-1.875,0,BLOCK,Z,0.2805806,0.270321
7/5/3/1/5/7/7/3/5 3 3,Z,-1.8333333333333333333333333334,0,BLOCK,Z,1.064103,0.5800633
7/5/3/5/1/7/7/3/5 3 3,X,-2,0,BLOCK,X,0.5539576,0.6688302
7/1/3/5/5/7/7/3/3 3 3,Z,-1.875,2,BLOCK,Z,0.7572613,0.4039677
7/5/3/1/5/7/7/3/3 3 3,Z,-1.8333333333333333333333333334,0,BLOCK,Z,0.7258816,0.4620074
7/5/3/5/1/7/7/3/3 3 3,X,-1.8,2,BLOCK,X,0.9263839,0.7022988
7/1/3/5/5/7/7/7/4 3 3,Z,-2,2,BLOCK,Z,0.8155954,0.479671
7/5/3/1/5/7/7/7/4 3 3,Z,-2,2,BLOCK,Z,1.050049,0.6804096
7/5/3/5/1/7/7/7/4 3 3,X,-2.2,0,BLOCK,X,0.7818167,0.7111065
7/1/3/5/5/7/7/7/2 3 3,Z,-2,0,BLOCK,Z,0.5622981,0.21405
7/5/3/1/5/7/7/7/2 3 3,Z,-2,0,BLOCK,Z,0.9718418,0.7150573
7/5/3/5/1/7/7/7/2 3 3,X,-2,2,BLOCK,X,1.132976,0.6869987
7/1/3/5/5/7/7/7/1 3 3,Z,-2,2,BLOCK,Z,0.727425,0.4705574
7/5/3/1/5/7/7/7/1 3 3,Z,-2,2,BLOCK,Z,1.006423,0.5967957
7/5/3/5/1/7/7/7/1 3 3,X,-1.8,0,BLOCK,X,0.5527281,0.6804268
7/1/3/5/3/2/7/7/7 3 3,Z,-2,2,BLOCK,Z,0.6861422,0.4178514
7/5/3/1/3/2/7/7/7 3 3,Z,-2,2,BLOCK,Z,0.9627506,0.5608013
7/1/3/5/3/6/6/7/7 3 3,Z,-2.125,0,BLOCK,Z,0.49189,0.4718874
7/5/3/1/3/6/6/7/7 3 3,Z,-2.1666666666666666666666666666,0,BLOCK,Z,0.8715149,0.6636462
7/5/3/5/3/4/6/7/7 3 3,Z,2,0,BLOCK,Z,1.101694,0.9561968
7/5/3/5/3/6/4/7/7 3 3,X,2,0,BLOCK,X,0.8016313,0.6770687
7/1/3/5/3/6/5/7/7 3 3,Z,-2.125,0,BLOCK,Z,0.4768676,0.4386058
7/5/3/1/3/6/5/7/7 3 3,Z,-2.1666666666666666666666666666,2,BLOCK,Z,1.266628,0.6825621
7/5/3/5/3/4/5/7/7 3 3,Z,2,0,BLOCK,Z,0.7272406,0.7566134
7/5/3/5/3/6/1/7/7 3 3,X,-2,0,BLOCK,X,1.293597,0.9241638
7/1/3/5/3/6/3/7/7 3 3,Z,-2.125,0,BLOCK,Z,0.7005482,0.5185208
7/5/3/1/3/6/3/7/7 3 3,Z,-2.1666666666666666666666666666,2,BLOCK,Z,1.15923,0.7609447
7/5/3/5/3/4/3/7/7 3 3,Z,2,0,BLOCK,Z,0.7384937,0.7632337
7/1/3/5/3/6/7/6/7 3 3,Z,-2.25,2,BLOCK,Z,0.6850702,0.4076293
7/5/3/1/3/6/7/6/7 3 3,Z,-2.3333333333333333333333333334,2,BLOCK,Z,1.066672,0.6904066
7/5/3/5/3/4/7/6/7 3 3,Z,1.75,2,BLOCK,Z,1.051848,0.6952484
7/5/3/5/3/6/7/4/7 3 3,Z,2,0,BLOCK,Z,0.415816,0.4820739
7/1/3/5/3/6/7/5/7 3 3,Z,-2.125,0,BLOCK,Z,0.5063347,0.3607826
7/5/3/1/3/6/7/5/7 3 3,Z,-2.1666666666666666666666666666,2,BLOCK,Z,1.256747,0.8238586
7/5/3/5/3/4/7/5/7 3 3,Z,2,0,BLOCK,Z,0.7416087,0.7429187
7/5/3/5/3/6/7/1/7 3 3,Z,-2,2,BLOCK,Z,1.604853,0.9809166
7/1/3/5/3/6/7/3/7 3 3,Z,-2.00,0,BLOCK,Z,0.7771383,0.5736508
7/5/3/1/3/6/7/3/7 3 3,Z,-2.00,0,BLOCK,Z,0.6216662,0.5247695
7/5/3/5/3/4/7/3/7 3 3,Z,2.25,0,BLOCK,Z,1.314788,0.8656622
7/1/3/5/3/6/7/7/6 3 3,Z,-2.125,0,BLOCK,Z,0.5550578,0.4616596
7/5/3/1/3/6/7/7/6 3 3,Z,-2.1666666666666666666666666666,0,BLOCK,Z,0.6608276,0.6727427
7/5/3/5/3/4/7/7/6 3 3,Z,2,0,BLOCK,Z,0.7661917,0.7389065
7/1/3/5/3/6/7/7/5 3 3,Z,-2.125,0,BLOCK,Z,0.5135326,0.2673393
7/5/3/1/3/6/7/7/5 3 3,Z,-2.1666666666666666666666666666,2,BLOCK,Z,1.156187,0.7915962
7/5/3/5/3/4/7/7/5 3 3,Z,2,2,BLOCK,Z,1.203725,0.7593805
7/1/3/5/3/6/7/7/3 3 3,Z,-2.125,0,BLOCK,Z,0.4435486,0.2986013
7/5/3/1/3/6/7/7/3 3 3,Z,-2.1666666666666666666666666666,2,BLOCK,Z,1.219209,0.8073745
7/5/3/5/3/4/7/7/3 3 3,Z,2,0,BLOCK,Z,1.261685,0.764397
7/1/3/5/3/5/6/7/7 3 3,Z,-2,0,BLOCK,Z,0.4867345,0.2829393
7/5/3/1/3/5/6/7/7 3 3,Z,-2,2,BLOCK,Z,0.9946092,0.4904461
7/5/3/5/3/1/6/7/7 3 3,Z,-2,2,BLOCK,Z,1.113474,0.8605222
7/5/3/5/3/5/4/7/7 3 3,X,2,0,BLOCK,X,0.6622498,0.6110098
7/1/3/5/3/5/5/7/7 3 3,Z,-2,2,BLOCK,Z,0.7227966,0.4127734
7/5/3/1/3/5/5/7/7 3 3,Z,-2,2,BLOCK,Z,0.8819622,0.5244642
7/5/3/5/3/1/5/7/7 3 3,Z,-2,2,BLOCK,Z,1.158716,0.79566
7/5/3/5/3/5/1/7/7 3 3,X,-2,0,BLOCK,X,0.7684983,0.698665
7/1/3/5/3/5/3/7/7 3 3,Z,-2,0,BLOCK,Z,0.475428,0.3213264
7/5/3/1/3/5/3/7/7 3 3,Z,-2,2,BLOCK,Z,0.8917688,0.5720055
7/5/3/5/3/1/3/7/7 3 3,Z,-2,0,BLOCK,Z,0.7394537,0.8147182
7/1/3/5/3/5/7/6/7 3 3,Z,-2.125,0,BLOCK,Z,0.537688,0.3447922
7/5/3/1/3/5/7/6/7 3 3,Z,-2.1666666666666666666666666666,2,BLOCK,Z,0.9419833,0.6273983
7/5/3/5/3/1/7/6/7 3 3,Z,-2.25,0,BLOCK,Z,0.569744,0.6779295
7/5/3/5/3/5/7/4/7 3 3,Z,2,0,BLOCK,Z,0.2220978,0.3872522
7/1/3/5/3/5/7/5/7 3 3,Z,-2,2,BLOCK,Z,0.7349337,0.383234
7/5/3/1/3/5/7/5/7 3 3,Z,-2,2,BLOCK,Z,0.9212451,0.5459845
7/5/3/5/3/1/7/5/7 3 3,Z,-2,0,BLOCK,Z,0.8801118,0.7023069
7/5/3/5/3/5/7/1/7 3 3,Z,-2,0,BLOCK,Z,0.2779534,0.5310527
7/1/3/5/3/5/7/3/7 3 3,Z,-1.875,0,BLOCK,Z,0.4660529,0.4224862
7/5/3/1/3/5/7/3/7 3 3,Z,-1.8333333333333333333333333334,2,BLOCK,Z,0.8901527,0.5133584
7/5/3/5/3/1/7/3/7 3 3,Z,-1.75,0,BLOCK,Z,0.5182199,0.7239818
7/1/3/5/3/5/7/7/6 3 3,Z,-2,0,BLOCK,Z,0.5709991,0.3483116
7/5/3/1/3/5/7/7/6 3 3,Z,-2,0,BLOCK,Z,0.4367097,0.5954413
7/5/3/5/3/1/7/7/6 3 3,Z,-2,0,BLOCK,Z,0.533684,0.6151752
7/1/3/5/3/5/7/7/5 3 3,Z,-2,2,BLOCK,Z,0.7025037,0.4365865
7/5/3/1/3/5/7/7/5 3 3,Z,-2,2,BLOCK,Z,1.03612,0.5710461
7/5/3/5/3/1/7/7/5 3 3,Z,-2,0,BLOCK,Z,0.6591293,0.7643636
7/1/3/5/3/5/7/7/3 3 3,Z,-2,2,BLOCK,Z,0.7260141,0.4642504
7/5/3/1/3/5/7/7/3 3 3,Z,-2,2,BLOCK,Z,0.9975308,0.5046725
7/5/3/5/3/1/7/7/3 3 3,Z,-2,0,BLOCK,Z,0.9092572,0.8708032
7/1/3/5/3/3/6/7/7 3 3,Z,-1.875,2,BLOCK,Z,0.7699259,0.4274863
7/5/3/1/3/3/6/7/7 3 3,Z,-1.8333333333333333333333333334,0,BLOCK,Z,0.3319312,0.4681278
7/5/3/5/3/3/4/7/7 3 3,X,2,0,BLOCK,X,0.6991177,0.560735
7/1/3/5/3/3/5/7/7 3 3,Z,-1.875,2,BLOCK,Z,0.6949764,0.4502943
7/5/3/1/3/3/5/7/7 3 3,Z,-1.8333333333333333333333333334,2,BLOCK,Z,0.8680966,0.5050623
7/5/3/5/3/3/1/7/7 3 3,X,-2,2,BLOCK,X,1.378283,0.8338327
7/1/3/5/3/3/3/7/7 3 3,Z,-1.875,2,BLOCK,Z,0.6978086,0.4503902
7/5/3/1/3/3/3/7/7 3 3,Z,-1.8333333333333333333333333334,0,BLOCK,Z,0.2652231,0.4047385
7/1/3/5/3/3/7/6/7 3 3,Z,-2.00,0,BLOCK,Z,0.4801551,0.2989144
7/5/3/1/3/3/7/6/7 3 3,Z,-2.00,0,BLOCK,Z,0.6248063,0.6115991
7/5/3/5/3/3/7/4/7 3 3,Z,2,0,BLOCK,Z,0.421333,0.3980157
7/1/3/5/3/3/7/5/7 3 3,Z,-1.875,2,BLOCK,Z,0.724265,0.4264282
7/5/3/1/3/3/7/5/7 3 3,Z,-1.8333333333333333333333333334,2,BLOCK,Z,0.94487,0.571872
7/5/3/5/3/3/7/1/7 3 3,Z,-2,0,BLOCK,Z,0.4178973,0.5037541
7/1/3/5/3/3/7/3/7 3 3,Z,-1.75,2,BLOCK,Z,0.723764,0.3953619
7/5/3/1/3/3/7/3/7 3 3,Z,-1.6666666666666666666666666666,2,BLOCK,Z,0.8551999,0.5347385
7/1/3/5/3/3/7/7/6 3 3,Z,-1.875,0,BLOCK,Z,0.572706,0.308511
7/5/3/1/3/3/7/7/6 3 3,Z,-1.8333333333333333333333333334,0,BLOCK,Z,0.5609419,0.4849309
7/1/3/5/3/3/7/7/5 3 3,Z,-1.875,2,BLOCK,Z,0.7460791,0.4066691
7/5/3/1/3/3/7/7/5 3 3,Z,-1.8333333333333333333333333334,2,BLOCK,Z,0.9232914,0.4937755
7/1/3/5/3/3/7/7/3 3 3,Z,-1.875,0,BLOCK,Z,0.4069109,0.3764618
7/5/3/1/3/3/7/7/3 3 3,Z,-1.8333333333333333333333333334,2,BLOCK,Z,0.9696757,0.5912823
7/1/3/5/3/7/2/7/7 3 3,Z,-2,0,BLOCK,Z,0.2459594,0.2725108
7/5/3/1/3/7/2/7/7 3 3,Z,-2,0,BLOCK,Z,0.6917309,0.5080947
7/1/3/5/3/7/6/6/7 3 3,Z,-2.125,2,BLOCK,Z,0.7941651,0.4565845
7/5/3/1/3/7/6/6/7 3 3,Z,-2.1666666666666666666666666666,0,BLOCK,Z,0.8800923,0.5009564
7/5/3/5/3/7/4/6/7 3 3,X,2,0,BLOCK,X,0.5573094,0.4214618
7/5/3/5/3/7/6/4/7 3 3,Z,2,0,BLOCK,Z,0.2452443,0.4247
7/1/3/5/3/7/6/5/7 3 3,Z,-2,0,BLOCK,Z,0.3686095,0.2342676
7/5/3/1/3/7/6/5/7 3 3,Z,-2,0,BLOCK,Z,0.6369344,0.4498436
7/5/3/5/3/7/4/5/7 3 3,X,2,2,BLOCK,X,1.365668,0.8274498
7/5/3/5/3/7/6/1/7 3 3,Z,-2,0,BLOCK,Z,0.1842936,0.3799118
7/1/3/5/3/7/6/3/7 3 3,Z,-1.875,2,BLOCK,Z,0.7859725,0.4086447
7/5/3/1/3/7/6/3/7 3 3,Z,-1.8333333333333333333333333334,0,BLOCK,Z,0.3500555,0.3579769
7/5/3/5/3/7/4/3/7 3 3,X,2,0,BLOCK,X,0.6602046,0.5805165
7/1/3/5/3/7/6/7/6 3 3,Z,-2,0,BLOCK,Z,0.5079592,0.3644888
7/5/3/1/3/7/6/7/6 3 3,Z,-2,0,BLOCK,Z,0.6876666,0.5232033
7/5/3/5/3/7/4/7/6 3 3,X,1.6,0,BLOCK,X,0.5448374,0.5895903
7/1/3/5/3/7/6/7/5 3 3,Z,-2,0,BLOCK,Z,0.550021,0.2604409
7/5/3/1/3/7/6/7/5 3 3,Z,-2,0,BLOCK,Z,0.7241123,0.5839171
7/5/3/5/3/7/4/7/5 3 3,X,2,0,BLOCK,X,0.7378576,0.6524293
7/1/3/5/3/7/6/7/3 3 3,Z,-2,2,BLOCK,Z,0.8044862,0.4572388
7/5/3/1/3/7/6/7/3 3 3,Z,-2,0,BLOCK,Z,0.5669962,0.6246873
7/5/3/5/3/7/4/7/3 3 3,X,2.4,2,BLOCK,X,1.584963,0.9370055
7/1/3/5/3/7/5/6/7 3 3,Z,-2.125,0,BLOCK,Z,0.2018733,0.1141385
7/5/3/1/3/7/5/6/7 3 3,Z,-2.1666666666666666666666666666,0,BLOCK,Z,0.845746,0.6001109
7/5/3/5/3/7/1/6/7 3 3,X,-2,0,BLOCK,X,0.5303277,0.7157876
7/5/3/5/3/7/5/4/7 3 3,Z,2,0,BLOCK,Z,1.49548,1.070829
7/1/3/5/3/7/5/5/7 3 3,Z,-2,0,BLOCK,Z,0.7019319,0.3124327
7/5/3/1/3/7/5/5/7 3 3,Z,-2,0,BLOCK,Z,0.6893458,0.6280626
7/5/3/5/3/7/1/5/7 3 3,X,-2,0,BLOCK,X,0.5760047,0.7347425
7/5/3/5/3/7/5/1/7 3 3,Z,-2,2,BLOCK,Z,1.643529,1.046979
7/1/3/5/3/7/5/3/7 3 3,Z,-1.875,2,BLOCK,Z,0.8338359,0.4198904
7/5/3/1/3/7/5/3/7 3 3,Z,-1.8333333333333333333333333334,2,BLOCK,Z,0.9717726,0.5213737
7/5/3/5/3/7/1/3/7 3 3,X,-2,0,BLOCK,X,0.5730996,0.7427029
7/1/3/5/3/7/5/7/6 3 3,Z,-2,0,BLOCK,Z,0.4807199,0.3320101
7/5/3/1/3/7/5/7/6 3 3,Z,-2,0,BLOCK,Z,0.5025519,0.5115845
7/5/3/5/3/7/1/7/6 3 3,X,-2.4,0,BLOCK,X,0.7122276,0.8835294
7/1/3/5/3/7/5/7/5 3 3,Z,-2,2,BLOCK,Z,0.7516252,0.4455772
7/5/2/5/3/7/5/7/5 3 3,X,-0.5,302,TIMEOUT,Z,0.01081581,0.006421193
7/5/3/1/3/7/5/7/5 3 3,Z,-2,2,BLOCK,Z,1.005462,0.5046566
7/5/3/5/3/7/1/7/5 3 3,X,-2,0,BLOCK,X,0.550219,0.7039625
7/1/3/5/3/7/5/7/3 3 3,Z,-2,0,BLOCK,Z,0.6540198,0.4726474
7/5/3/1/3/7/5/7/3 3 3,Z,-2,0,BLOCK,Z,0.613718,0.6283537
7/5/3/5/3/7/1/7/3 3 3,X,-1.6,0,BLOCK,X,0.4939857,0.6544078
7/1/3/5/3/7/3/6/7 3 3,Z,-2.125,0,BLOCK,Z,0.4833172,0.2896323
7/5/3/1/3/7/3/6/7 3 3,Z,-2.1666666666666666666666666666,2,BLOCK,Z,0.959785,0.522947
7/5/3/5/3/7/3/4/7 3 3,Z,2,2,BLOCK,Z,1.618586,0.9923202
7/1/3/5/3/7/3/5/7 3 3,Z,-2,2,BLOCK,Z,0.6914454,0.4500594
7/5/3/1/3/7/3/5/7 3 3,Z,-2,0,BLOCK,Z,0.7284979,0.5866379
7/5/3/5/3/7/3/1/7 3 3,Z,-2,0,BLOCK,Z,0.068366,0.2424048
7/1/3/5/3/7/3/3/7 3 3,Z,-1.875,0,BLOCK,Z,0.4243394,0.3347733
7/5/3/1/3/7/3/3/7 3 3,Z,-1.8333333333333333333333333334,0,BLOCK,Z,0.6248522,0.4636779
7/1/3/5/3/7/3/7/6 3 3,Z,-2,2,BLOCK,Z,0.7469712,0.4616719
7/5/3/1/3/7/3/7/6 3 3,Z,-2,0,BLOCK,Z,0.6399375,0.4593539
7/1/3/5/3/7/3/7/5 3 3,Z,-2,0,BLOCK,Z,0.7041321,0.2940932
7/5/3/1/3/7/3/7/5 3 3,Z,-2,0,BLOCK,Z,0.708478,0.600237
7/1/3/5/3/7/3/7/3 3 3,Z,-2,0,BLOCK,Z,0.5761744,0.2679189
7/5/3/1/3/7/3/7/3 3 3,Z,-2,0,BLOCK,Z,0.7785946,0.589412
7/1/3/5/3/7/7/2/7 3 3,Z,-2,2,BLOCK,Z,0.8543357,0.4024178
7/5/3/1/3/7/7/2/7 3 3,Z,-2,2,BLOCK,Z,1.002885,0.695789
7/1/3/5/3/7/7/6/6 3 3,Z,-2.125,0,BLOCK,Z,0.2273162,0.07536093
7/5/3/1/3/7/7/6/6 3 3,Z,-2.1666666666666666666666666666,0,BLOCK,Z,0.8390526,0.5012413
7/5/3/5/3/7/7/4/6 3 3,Z,2,0,BLOCK,Z,0.3596736,0.5747969
7/1/3/5/3/7/7/6/5 3 3,Z,-2.125,0,BLOCK,Z,0.6416218,0.386384
7/5/3/1/3/7/7/6/5 3 3,Z,-2.1666666666666666666666666666,0,BLOCK,Z,0.626444,0.7331356
7/5/3/5/3/7/7/4/5 3 3,Z,2,0,BLOCK,Z,0.1156986,0.3026054
6/5/3/5/3/7/7/6/3 3 3,X,0.6666666666666666666666666667,302,TIMEOUT,Z,0.185625,0.09518618
7/1/3/5/3/7/7/6/3 3 3,Z,-2.125,0,BLOCK,Z,0.4392252,0.2640668
7/5/3/1/3/7/7/6/3 3 3,Z,-2.1666666666666666666666666666,0,BLOCK,Z,0.4505144,0.6565717
7/5/3/5/3/7/7/4/3 3 3,Z,2,0,BLOCK,Z,0.1263435,0.2558578
7/1/3/5/3/7/7/5/6 3 3,Z,-2,2,BLOCK,Z,0.8334699,0.4323168
7/5/3/1/3/7/7/5/6 3 3,Z,-2,0,BLOCK,Z,0.6969919,0.6001788
7/5/3/5/3/7/7/1/6 3 3,Z,-2,0,BLOCK,Z,0.2064895,0.4351491
7/1/3/5/3/7/7/5/5 3 3,Z,-2,0,BLOCK,Z,0.2762655,0.3089077
7/5/3/1/3/7/7/5/5 3 3,Z,-2,0,BLOCK,Z,0.7646853,0.6850927
7/5/3/5/3/7/7/1/5 3 3,Z,-2,0,BLOCK,Z,0.08017008,0.2890112
7/1/3/5/3/7/7/5/3 3 3,Z,-2,2,BLOCK,Z,0.815581,0.4171391
7/5/3/1/3/7/7/5/3 3 3,Z,-2,0,BLOCK,Z,0.6611183,0.6609556
7/5/3/5/3/7/7/1/3 3 3,Z,-2,0,BLOCK,Z,0.202039,0.3112279
7/1/3/5/3/7/7/3/6 3 3,Z,-1.875,0,BLOCK,Z,0.6223291,0.4005524
7/5/3/1/3/7/7/3/6 3 3,Z,-1.8333333333333333333333333334,2,BLOCK,Z,0.9514908,0.4747727
7/1/3/5/3/7/7/3/5 3 3,Z,-1.875,2,BLOCK,Z,0.8277553,0.4646011
7/5/3/1/3/7/7/3/5 3 3,Z,-1.8333333333333333333333333334,2,BLOCK,Z,0.9308896,0.499962
7/1/3/5/3/7/7/3/3 3 3,Z,-1.875,0,BLOCK,Z,0.6870479,0.3182044
7/5/2/5/3/7/7/3/3 3 3,Z,-0.5,302,TIMEOUT,Z,0.01764672,0.006104344
7/5/3/1/3/7/7/3/3 3 3,Z,-1.8333333333333333333333333334,2,BLOCK,Z,0.953629,0.5770261
7/1/3/5/3/7/7/7/4 3 3,Z,-2,0,BLOCK,Z,0.3374264,0.2993784
7/5/3/1/3/7/7/7/4 3 3,Z,-2,2,BLOCK,Z,0.9572242,0.6018544
7/1/3/5/3/7/7/7/2 3 3,Z,-2,0,BLOCK,Z,0.5885326,0.2811286
7/5/3/1/3/7/7/7/2 3 3,Z,-2,0,BLOCK,Z,0.6704328,0.6877851
7/1/3/5/3/7/7/7/1 3 3,Z,-2,0,BLOCK,Z,0.4454066,0.2602711
7/5/3/1/3/7/7/7/1 3 3,Z,-2,2,BLOCK,Z,1.023475,0.6248479
7/1/3/5/7/2/6/7/7 3 3,Z,-2,2,BLOCK,Z,0.7510043,0.412312
7/5/3/1/7/2/6/7/7 3 3,Z,-2,2,BLOCK,Z,1.032461,0.8310535
7/5/3/5/7/2/4/7/7 3 3,X,2,0,BLOCK,X,0.3814569,0.2529397
7/1/3/5/7/2/5/7/7 3 3,Z,-2,0,BLOCK,Z,0.6090294,0.4103953
7/5/3/1/7/2/5/7/7 3 3,Z,-2,0,BLOCK,Z,0.4438856,0.6781691
7/5/3/5/7/2/1/7/7 3 3,X,-2,0,BLOCK,X,0.5124083,0.6369982
7/1/3/5/7/2/3/7/7 3 3,Z,-2,0,BLOCK,Z,0.5823755,0.3253859
7/5/3/1/7/2/3/7/7 3 3,Z,-2,0,BLOCK,Z,1.102418,0.9471248
7/1/3/5/7/2/7/6/7 3 3,Z,-2.125,0,BLOCK,Z,0.3653688,0.3233778
7/5/3/1/7/2/7/6/7 3 3,Z,-2.1666666666666666666666666666,2,BLOCK,Z,0.9431023,0.5185741
7/5/3/5/7/2/7/4/7 3 3,Z,2,0,BLOCK,Z,0.6626447,0.626755
7/1/3/5/7/2/7/5/7 3 3,Z,-2,0,BLOCK,Z,0.5086074,0.5042258
7/5/3/1/7/2/7/5/7 3 3,Z,-2,0,BLOCK,Z,0.374254,0.3972807
7/5/3/5/7/2/7/1/7 3 3,Z,-2,0,BLOCK,Z,0.5935872,0.6205273
7/1/3/5/7/2/7/3/7 3 3,Z,-1.875,0,BLOCK,Z,0.4302931,0.3672852
7/5/3/1/7/2/7/3/7 3 3,Z,-1.8333333333333333333333333334,0,BLOCK,Z,0.3358828,0.5310597
7/1/3/5/7/2/7/7/6 3 3,Z,-2,2,BLOCK,Z,0.6609352,0.4376876
7/5/3/1/7/2/7/7/6 3 3,Z,-2,0,BLOCK,Z,0.5541498,0.494107
7/1/3/5/7/2/7/7/5 3 3,Z,-2,0,BLOCK,Z,0.5360559,0.4192
7/5/3/1/7/2/7/7/5 3 3,Z,-2,2,BLOCK,Z,1.101113,0.6372654
7/1/3/5/7/2/7/7/3 3 3,Z,-2,2,BLOCK,Z,0.7073629,0.5380392
7/5/3/1/7/2/7/7/3 3 3,Z,-2,2,BLOCK,Z,1.156652,0.7169019
7/1/3/5/7/6/2/7/7 3 3,Z,-2.125,2,BLOCK,Z,0.8987507,0.6634385
7/5/3/1/7/6/2/7/7 3 3,Z,-2.1666666666666666666666666666,2,BLOCK,Z,1.293013,0.8829648
7/5/3/5/7/4/2/7/7 3 3,Z,2,2,BLOCK,Z,1.123163,0.766705
7/1/3/5/7/6/6/6/7 3 3,Z,-2.25,0,BLOCK,Z,0.5454754,0.4376603
7/5/3/1/7/6/6/6/7 3 3,Z,-2.3333333333333333333333333334,2,BLOCK,Z,1.317827,0.7349246
7/5/3/5/7/4/6/6/7 3 3,Z,1.7142857142857142857142857142,0,BLOCK,Z,0.5629536,0.6529115
7/5/3/5/7/6/4/6/7 3 3,X,2,2,BLOCK,X,1.428807,0.855922
7/5/3/5/7/6/6/4/7 3 3,Z,2,2,BLOCK,Z,1.630594,1.033074
7/1/3/5/7/6/6/5/7 3 3,Z,-2.125,2,BLOCK,Z,0.9518043,0.5186946
7/5/3/1/7/6/6/5/7 3 3,Z,-2.1666666666666666666666666666,0,BLOCK,Z,0.5962326,0.7152023
7/5/3/5/7/4/6/5/7 3 3,Z,2,2,BLOCK,Z,1.193585,0.9046039
7/5/3/5/7/6/4/5/7 3 3,X,2,0,BLOCK,X,0.8308312,0.5249221
7/5/3/5/7/6/6/1/7 3 3,Z,-2,0,BLOCK,Z,1.035832,0.4568034
7/1/3/5/7/6/6/3/7 3 3,Z,-2,0,BLOCK,Z,0.6825218,0.5328866
7/5/3/1/7/6/6/3/7 3 3,Z,-2,0,BLOCK,Z,0.4510707,0.6824007
7/5/3/5/7/4/6/3/7 3 3,Z,2.2857142857142857142857142858,0,BLOCK,Z,0.5328521,0.7188455
7/5/3/5/7/6/4/3/7 3 3,X,2,0,BLOCK,X,0.3438972,0.3729503
7/1/3/5/7/6/6/7/6 3 3,Z,-2.125,0,BLOCK,Z,0.700601,0.5099176
7/5/3/1/7/6/6/7/6 3 3,Z,-2.1666666666666666666666666666,0,BLOCK,Z,0.6238095,0.5994685
7/5/3/5/7/4/6/7/6 3 3,Z,2,2,BLOCK,Z,1.1683,0.8471744
7/5/3/5/7/6/4/7/6 3 3,X,1.6,0,BLOCK,X,0.1393551,0.1464034
7/1/3/5/7/6/6/7/5 3 3,Z,-2.125,0,BLOCK,Z,0.6837582,0.5115791
7/5/3/1/7/6/6/7/5 3 3,Z,-2.1666666666666666666666666666,0,BLOCK,Z,0.6764882,0.6161166
7/5/3/5/7/4/6/7/5 3 3,Z,2,0,BLOCK,Z,1.242818,0.8131636
7/5/3/5/7/6/4/7/5 3 3,X,2,0,BLOCK,X,1.352593,0.9586428
7/1/3/5/7/6/6/7/3 3 3,Z,-2.125,0,BLOCK,Z,0.2901823,0.2975584
7/5/3/1/7/6/6/7/3 3 3,Z,-2.1666666666666666666666666666,0,BLOCK,Z,0.7407413,0.8018247
7/5/3/5/7/4/6/7/3 3 3,Z,2,0,BLOCK,Z,1.272619,0.7546279
7/5/3/5/7/6/4/7/3 3 3,X,2.4,0,BLOCK,X,1.551831,1.122113
7/1/3/5/7/6/5/6/7 3 3,Z,-2.25,2,BLOCK,Z,0.7723843,0.5155208
7/5/3/1/7/6/5/6/7 3 3,Z,-2.3333333333333333333333333334,2,BLOCK,Z,1.241657,0.7665033
7/5/3/5/7/4/5/6/7 3 3,Z,1.7142857142857142857142857142,0,BLOCK,Z,0.4743105,0.6392408
7/5/3/5/7/6/1/6/7 3 3,X,-2,2,BLOCK,X,1.373566,0.8142124
7/5/3/5/7/6/5/4/7 3 3,Z,2,0,BLOCK,Z,0.5273025,0.5739949
7/1/3/5/7/6/5/5/7 3 3,Z,-2.125,0,BLOCK,Z,0.571378,0.4096809
7/5/3/1/7/6/5/5/7 3 3,Z,-2.1666666666666666666666666666,0,BLOCK,Z,0.9279183,0.8623857
7/5/3/5/7/4/5/5/7 3 3,Z,2,2,BLOCK,Z,1.074362,0.7287671
7/5/3/5/7/6/1/5/7 3 3,X,-2,2,BLOCK,X,1.37203,0.8517485
7/5/3/5/7/6/5/1/7 3 3,Z,-2,0,BLOCK,Z,0.6804554,0.6349844
7/1/3/5/7/6/5/3/7 3 3,Z,-2,0,BLOCK,Z,0.4158033,0.3347805
7/5/3/1/7/6/5/3/7 3 3,Z,-2,2,BLOCK,Z,1.487894,0.6882581
7/5/3/5/7/4/5/3/7 3 3,Z,2.2857142857142857142857142858,2,BLOCK,Z,1.362596,0.8311861
7/5/3/5/7/6/1/3/7 3 3,X,-2,0,BLOCK,X,0.6636886,0.7775426
7/1/3/5/7/6/5/7/6 3 3,Z,-2.125,0,BLOCK,Z,0.7219669,0.5288348
7/5/3/1/7/6/5/7/6 3 3,Z,-2.1666666666666666666666666666,0,BLOCK,Z,0.8496348,0.8675094
7/5/3/5/7/4/5/7/6 3 3,Z,2,0,BLOCK,Z,0.7755352,0.700039
7/5/3/5/7/6/1/7/6 3 3,X,-2.4,0,BLOCK,X,0.4478553,0.7136382
7/1/3/5/7/6/5/7/5 3 3,Z,-2.125,0,BLOCK,Z,0.5543544,0.4312606
7/5/3/1/7/6/5/7/5 3 3,Z,-2.1666666666666666666666666666,0,BLOCK,Z,0.554639,0.7900433
7/5/3/5/7/4/5/7/5 3 3,Z,2,0,BLOCK,Z,0.8567415,0.8466271
7/5/3/5/7/6/1/7/5 3 3,X,-2,0,BLOCK,X,1.340068,0.9919742
7/1/3/5/7/6/5/7/3 3 3,Z,-2.125,0,BLOCK,Z,0.6208586,0.5443463
7/5/3/1/7/6/5/7/3 3 3,Z,-2.1666666666666666666666666666,2,BLOCK,Z,1.302359,0.8234978
7/5/3/5/7/4/5/7/3 3 3,Z,2,2,BLOCK,Z,1.233609,0.9086423
7/5/3/5/7/6/1/7/3 3 3,X,-1.6,2,BLOCK,X,1.278757,0.7829173
7/1/3/5/7/6/3/6/7 3 3,Z,-2.25,2,BLOCK,Z,0.823556,0.5628153
7/5/3/1/7/6/3/6/7 3 3,Z,-2.3333333333333333333333333334,0,BLOCK,Z,0.8402535,0.8203748
7/5/3/5/7/4/3/6/7 3 3,Z,1.7142857142857142857142857142,0,BLOCK,Z,0.2933652,0.5948834
7/5/3/5/7/6/3/4/7 3 3,Z,2,2,BLOCK,Z,1.63151,1.043145
7/1/3/5/7/6/3/5/7 3 3,Z,-2.125,0,BLOCK,Z,0.6250662,0.5058274
7/5/3/1/7/6/3/5/7 3 3,Z,-2.1666666666666666666666666666,2,BLOCK,Z,1.246959,0.9166672
7/5/3/5/7/4/3/5/7 3 3,Z,2,0,BLOCK,Z,0.6153758,0.7275344
7/5/3/5/7/6/3/1/7 3 3,Z,-2,0,BLOCK,Z,0.5534325,0.540827
7/1/3/5/7/6/3/3/7 3 3,Z,-2,2,BLOCK,Z,1.031518,0.6122544
7/5/3/1/7/6/3/3/7 3 3,Z,-2,0,BLOCK,Z,0.5399112,0.6499423
7/5/3/5/7/4/3/3/7 3 3,Z,2.2857142857142857142857142858,0,BLOCK,Z,0.3491413,0.6087913
7/1/3/5/7/6/3/7/6 3 3,Z,-2.125,0,BLOCK,Z,0.7254564,0.4583354
7/5/3/1/7/6/3/7/6 3 3,Z,-2.1666666666666666666666666666,0,BLOCK,Z,0.3858884,0.7192148
7/5/3/5/7/4/3/7/6 3 3,Z,2,2,BLOCK,Z,1.199922,0.8676438
7/1/3/5/7/6/3/7/5 3 3,Z,-2.125,0,BLOCK,Z,0.7128212,0.5487302
7/5/3/1/7/6/3/7/5 3 3,Z,-2.1666666666666666666666666666,2,BLOCK,Z,1.455073,0.667655
7/5/3/5/7/4/3/7/5 3 3,Z,2,0,BLOCK,Z,0.437263,0.7301075
7/1/3/5/7/6/3/7/3 3 3,Z,-2.125,0,BLOCK,Z,0.581184,0.2924663
7/5/3/1/7/6/3/7/3 3 3,Z,-2.1666666666666666666666666666,0,BLOCK,Z,0.3435375,0.6250058
7/5/3/5/7/4/3/7/3 3 3,Z,2,0,BLOCK,Z,0.5973578,0.8208376
7/1/3/5/7/6/7/2/7 3 3,Z,-2.125,2,BLOCK,Z,0.897931,0.4089347
7/5/3/1/7/6/7/2/7 3 3,Z,-2.1666666666666666666666666666,0,BLOCK,Z,0.7388244,0.8769816
7/5/3/5/7/4/7/2/7 3 3,Z,2,2,BLOCK,Z,1.288325,0.7654247
7/1/3/5/7/6/7/6/6 3 3,Z,-2.25,0,BLOCK,Z,0.7028617,0.3407632
7/5/3/1/7/6/7/6/6 3 3,Z,-2.3333333333333333333333333334,0,BLOCK,Z,0.4199727,0.5696465
7/5/3/5/7/4/7/6/6 3 3,Z,1.7142857142857142857142857142,0,BLOCK,Z,1.118703,0.6483536
7/5/3/5/7/6/7/4/6 3 3,Z,2,0,BLOCK,Z,0.4593773,0.657959
7/1/3/5/7/6/7/6/5 3 3,Z,-2.25,0,BLOCK,Z,0.5346971,0.4153166
7/5/3/1/7/6/7/6/5 3 3,Z,-2.3333333333333333333333333334,2,BLOCK,Z,1.210985,0.7550702
7/5/3/5/7/4/7/6/5 3 3,Z,1.7142857142857142857142857142,0,BLOCK,Z,0.5652826,0.7369457
7/5/3/5/7/6/7/4/5 3 3,Z,2,0,BLOCK,Z,0.3545855,0.5564638
7/1/3/5/7/6/7/6/3 3 3,Z,-2.25,2,BLOCK,Z,0.9520352,0.4614492
7/5/3/1/7/6/7/6/3 3 3,Z,-2.3333333333333333333333333334,2,BLOCK,Z,1.155976,0.8348159
7/5/3/5/7/4/7/6/3 3 3,Z,1.7142857142857142857142857142,0,BLOCK,Z,0.6368237,0.6828492
7/5/3/5/7/6/7/4/3 3 3,Z,2,0,BLOCK,Z,0.3744081,0.5786307
7/1/3/5/7/6/7/5/6 3 3,Z,-2.125,0,BLOCK,Z,0.5375596,0.2868229
7/5/3/1/7/6/7/5/6 3 3,Z,-2.1666666666666666666666666666,0,BLOCK,Z,0.7322279,0.7173699
7/5/3/5/7/4/7/5/6 3 3,Z,2,0,BLOCK,Z,1.208185,0.8269866
7/5/3/5/7/6/7/1/6 3 3,Z,-2,0,BLOCK,Z,0.1890581,0.3966632
7/1/3/5/7/6/7/5/5 3 3,Z,-2.125,0,BLOCK,Z,0.2969735,0.322866
7/5/3/1/7/6/7/5/5 3 3,Z,-2.1666666666666666666666666666,0,BLOCK,Z,0.5868582,0.7076659
7/5/3/5/7/4/7/5/5 3 3,Z,2,0,BLOCK,Z,0.6679231,0.7725924
7/5/3/5/7/6/7/1/5 3 3,Z,-2,0,BLOCK,Z,0.333404,0.4892251
7/1/3/5/7/6/7/5/3 3 3,Z,-2.125,0,BLOCK,Z,0.3924737,0.3744957
7/5/3/1/7/6/7/5/3 3 3,Z,-2.1666666666666666666666666666,2,BLOCK,Z,1.204621,0.8404604
7/5/3/5/7/4/7/5/3 3 3,Z,2,0,BLOCK,Z,0.5560685,0.7948117
7/5/3/5/7/6/7/1/3 3 3,Z,-2,0,BLOCK,Z,0.1623915,0.2509963
7/1/3/5/7/6/7/3/6 3 3,Z,-2,0,BLOCK,Z,0.6679499,0.613084
7/5/3/1/7/6/7/3/6 3 3,Z,-2,0,BLOCK,Z,0.6349413,0.8423476
7/5/3/5/7/4/7/3/6 3 3,Z,2.2857142857142857142857142858,0,BLOCK,Z,0.6378844,0.7775532
7/1/3/5/7/6/7/3/5 3 3,Z,-2,0,BLOCK,Z,0.8346819,0.5318927
7/5/3/1/7/6/7/3/5 3 3,Z,-2,0,BLOCK,Z,1.352079,1.018704
7/5/3/5/7/4/7/3/5 3 3,Z,2.2857142857142857142857142858,2,BLOCK,Z,1.337,0.8823168
7/1/3/5/7/6/7/3/3 3 3,Z,-2,0,BLOCK,Z,0.7304689,0.5551113
7/5/3/1/7/6/7/3/3 3 3,Z,-2,0,BLOCK,Z,0.6421005,0.7406757
7/5/3/5/7/4/7/3/3 3 3,Z,2.2857142857142857142857142858,0,BLOCK,Z,0.3915465,0.6569535
7/1/3/5/7/6/7/7/4 3 3,Z,-2.125,0,BLOCK,Z,0.2310536,0.1182011
7/5/3/1/7/6/7/7/4 3 3,Z,-2.1666666666666666666666666666,0,BLOCK,Z,0.6889552,0.7052649
7/5/3/5/7/4/7/7/4 3 3,Z,2,2,BLOCK,Z,1.248698,0.8140424
7/1/3/5/7/6/7/7/2 3 3,Z,-2.125,2,BLOCK,Z,0.8079436,0.4628344
7/5/3/1/7/6/7/7/2 3 3,Z,-2.1666666666666666666666666666,0,BLOCK,Z,0.8259854,0.772964
7/5/3/5/7/4/7/7/2 3 3,Z,2,0,BLOCK,Z,1.365644,0.850043
7/1/3/5/7/6/7/7/1 3 3,Z,-2.125,2,BLOCK,Z,0.8350973,0.5504788
7/5/3/1/7/6/7/7/1 3 3,Z,-2.1666666666666666666666666666,0,BLOCK,Z,0.6705126,0.8034509
7/5/3/5/7/4/7/7/1 3 3,Z,2,0,BLOCK,Z,0.602454,0.7204078
7/1/3/5/7/5/2/7/7 3 3,Z,-2,2,BLOCK,Z,0.7852655,0.3943192
7/5/3/1/7/5/2/7/7 3 3,Z,-2,2,BLOCK,Z,0.8755299,0.5513584
7/5/3/5/7/1/2/7/7 3 3,Z,-2,2,BLOCK,Z,1.076092,0.8188962
7/1/3/5/7/5/6/6/7 3 3,Z,-2.125,0,BLOCK,Z,0.5733293,0.4277075
7/5/3/1/7/5/6/6/7 3 3,Z,-2.1666666666666666666666666666,0,BLOCK,Z,0.7357667,0.5453325
7/5/3/5/7/1/6/6/7 3 3,Z,-2.2857142857142857142857142858,0,BLOCK,Z,0.4065027,0.5963944
7/5/3/5/7/5/4/6/7 3 3,X,2,2,BLOCK,X,1.401172,0.8518528
7/5/3/5/7/5/6/4/7 3 3,Z,2,0,BLOCK,Z,1.677991,1.097361
7/1/3/5/7/5/6/5/7 3 3,Z,-2,2,BLOCK,Z,0.8151708,0.3824249
7/5/3/1/7/5/6/5/7 3 3,Z,-2,0,BLOCK,Z,0.7282709,0.5180098
7/5/3/5/7/1/6/5/7 3 3,Z,-2,2,BLOCK,Z,1.116848,0.7426139
7/5/3/5/7/5/4/5/7 3 3,X,2,0,BLOCK,X,0.3242407,0.3665287
7/5/3/5/7/5/6/1/7 3 3,Z,-2,0,BLOCK,Z,0.03605464,0.3303441
7/1/3/5/7/5/6/3/7 3 3,Z,-1.875,2,BLOCK,Z,0.6588303,0.3574736
7/5/3/1/7/5/6/3/7 3 3,Z,-1.8333333333333333333333333334,2,BLOCK,Z,0.964632,0.4761866
7/5/3/5/7/1/6/3/7 3 3,Z,-1.7142857142857142857142857142,2,BLOCK,Z,0.9937841,0.70612
7/5/3/5/7/5/4/3/7 3 3,X,2,0,BLOCK,X,0.4459473,0.3720573
7/1/3/5/7/5/6/7/6 3 3,Z,-2,0,BLOCK,Z,0.4711394,0.361669
7/5/3/1/7/5/6/7/6 3 3,Z,-2,0,BLOCK,Z,0.4919725,0.448052
7/5/3/5/7/1/6/7/6 3 3,Z,-2,2,BLOCK,Z,1.174102,0.8283139
7/5/3/5/7/5/4/7/6 3 3,X,1.6,0,BLOCK,X,0.1648523,0.2568589
7/1/3/5/7/5/6/7/5 3 3,Z,-2,2,BLOCK,Z,0.8186922,0.4345058
7/5/3/1/7/5/6/7/5 3 3,Z,-2,0,BLOCK,Z,0.7487284,0.4903415
7/5/3/5/7/1/6/7/5 3 3,Z,-2,0,BLOCK,Z,0.6536284,0.7695767
7/5/3/5/7/5/4/7/5 3 3,X,2,0,BLOCK,X,1.266284,0.885315
7/1/3/5/7/5/6/7/3 3 3,Z,-2,2,BLOCK,Z,0.756193,0.4599783
7/5/3/1/7/5/6/7/3 3 3,Z,-2,2,BLOCK,Z,0.9903835,0.5359396
7/5/3/5/7/1/6/7/3 3 3,Z,-2,2,BLOCK,Z,1.236689,0.9086186
7/5/3/5/7/5/4/7/3 3 3,X,2.4,0,BLOCK,X,0.3651834,0.3579885
7/1/3/5/7/5/5/6/7 3 3,Z,-2.125,2,BLOCK,Z,0.8075687,0.3918921
7/5/3/1/7/5/5/6/7 3 3,Z,-2.1666666666666666666666666666,0,BLOCK,Z,0.7998644,0.5536317
7/5/3/5/7/1/5/6/7 3 3,Z,-2.2857142857142857142857142858,2,BLOCK,Z,1.352852,0.7631696
7/5/3/5/7/5/1/6/7 3 3,X,-2,0,BLOCK,X,0.4904944,0.626125
7/5/3/5/7/5/5/4/7 3 3,Z,2,0,BLOCK,Z,0.1781404,0.363249
7/1/3/5/7/5/5/5/7 3 3,Z,-2,2,BLOCK,Z,0.7878491,0.3768106
7/5/3/1/7/5/5/5/7 3 3,Z,-2,0,BLOCK,Z,0.6421587,0.4892536
7/5/3/5/7/1/5/5/7 3 3,Z,-2,0,BLOCK,Z,0.7657619,0.7941388
7/5/3/5/7/5/1/5/7 3 3,X,-2,2,BLOCK,X,1.421049,0.8384466
7/5/3/5/7/5/5/1/7 3 3,Z,-2,0,BLOCK,Z,1.601174,1.074684
7/1/3/5/7/5/5/3/7 3 3,Z,-1.875,0,BLOCK,Z,0.4194593,0.2953181
7/5/3/1/7/5/5/3/7 3 3,Z,-1.8333333333333333333333333334,0,BLOCK,Z,0.7091247,0.5051847
7/5/3/5/7/1/5/3/7 3 3,Z,-1.7142857142857142857142857142,2,BLOCK,Z,0.9985117,0.6722093
7/5/3/5/7/5/1/3/7 3 3,X,-2,0,BLOCK,X,1.195484,0.8653988
7/1/3/5/7/5/5/7/6 3 3,Z,-2,0,BLOCK,Z,0.558682,0.2587426
7/5/3/1/7/5/5/7/6 3 3,Z,-2,2,BLOCK,Z,0.9392285,0.5542464
7/5/3/5/7/1/5/7/6 3 3,Z,-2,0,BLOCK,Z,0.7914389,0.7225434
7/5/3/5/7/5/1/7/6 3 3,X,-2.4,0,BLOCK,X,0.5190266,0.7845924
7/1/3/5/7/5/5/7/5 3 3,Z,-2,0,BLOCK,Z,0.4507678,0.2577327
7/5/3/1/7/5/5/7/5 3 3,Z,-2,2,BLOCK,Z,0.9630977,0.6384874
7/5/3/5/7/1/5/7/5 3 3,Z,-2,0,BLOCK,Z,0.5379492,0.8170487
7/5/3/5/7/5/1/7/5 3 3,X,-2,0,BLOCK,X,0.3517593,0.5703942
7/1/3/5/7/5/5/7/3 3 3,Z,-2,0,BLOCK,Z,0.627647,0.2977548
7/5/3/1/7/5/5/7/3 3 3,Z,-2,0,BLOCK,Z,0.6834576,0.5290127
7/5/3/5/7/1/5/7/3 3 3,Z,-2,0,BLOCK,Z,1.210057,0.798883
7/5/3/5/7/5/1/7/3 3 3,X,-1.6,2,BLOCK,X,1.303693,0.793889
7/1/3/5/7/5/3/6/7 3 3,Z,-2.125,0,BLOCK,Z,0.6241516,0.3626903
7/5/3/1/7/5/3/6/7 3 3,Z,-2.1666666666666666666666666666,2,BLOCK,Z,1.006637,0.5116624
7/5/3/5/7/1/3/6/7 3 3,Z,-2.2857142857142857142857142858,2,BLOCK,Z,1.29867,0.8511713
7/5/3/5/7/5/3/4/7 3 3,Z,2,0,BLOCK,Z,0.2000868,0.3619268
7/1/3/5/7/5/3/5/7 3 3,Z,-2,2,BLOCK,Z,0.6678581,0.5267668
7/5/3/1/7/5/3/5/7 3 3,Z,-2,0,BLOCK,Z,0.5377856,0.3667544
7/5/3/5/7/1/3/5/7 3 3,Z,-2,0,BLOCK,Z,0.9766111,0.7190068
7/5/3/5/7/5/3/1/7 3 3,Z,-2,0,BLOCK,Z,0.03362614,0.2322822
7/1/3/5/7/5/3/3/7 3 3,Z,-1.875,0,BLOCK,Z,0.416935,0.2670548
7/5/3/1/7/5/3/3/7 3 3,Z,-1.8333333333333333333333333334,0,BLOCK,Z,0.6483848,0.4378313
7/5/3/5/7/1/3/3/7 3 3,Z,-1.7142857142857142857142857142,0,BLOCK,Z,0.3779437,0.5405697
7/1/3/5/7/5/3/7/6 3 3,Z,-2,0,BLOCK,Z,0.8010321,0.4304436
7/5/3/1/7/5/3/7/6 3 3,Z,-2,0,BLOCK,Z,0.78053,0.5853916
7/5/3/5/7/1/3/7/6 3 3,Z,-2,2,BLOCK,Z,1.159796,0.7573228
7/1/3/5/7/5/3/7/5 3 3,Z,-2,0,BLOCK,Z,0.4839984,0.3050747
7/5/3/1/7/5/3/7/5 3 3,Z,-2,2,BLOCK,Z,0.9823969,0.5358372
7/5/3/5/7/1/3/7/5 3 3,Z,-2,0,BLOCK,Z,0.6410927,0.7512285
7/1/3/5/7/5/3/7/3 3 3,Z,-2,2,BLOCK,Z,0.729767,0.5131702
7/5/3/1/7/5/3/7/3 3 3,Z,-2,0,BLOCK,Z,0.6634904,0.6106912
7/5/3/5/7/1/3/7/3 3 3,Z,-2,0,BLOCK,Z,1.069706,0.8529004
7/1/3/5/7/5/7/2/7 3 3,Z,-2,2,BLOCK,Z,0.8213664,0.4858227
7/5/3/1/7/5/7/2/7 3 3,Z,-2,2,BLOCK,Z,0.9294879,0.5393732
7/5/3/5/7/1/7/2/7 3 3,Z,-2,0,BLOCK,Z,0.2652747,0.47817
7/1/3/5/7/5/7/6/6 3 3,Z,-2.125,2,BLOCK,Z,0.8450886,0.4340007
7/5/3/1/7/5/7/6/6 3 3,Z,-2.1666666666666666666666666666,0,BLOCK,Z,0.6233242,0.5707678
7/5/3/5/7/1/7/6/6 3 3,Z,-2.2857142857142857142857142858,0,BLOCK,Z,0.5597441,0.7950073
7/5/3/5/7/5/7/4/6 3 3,Z,2,0,BLOCK,Z,0.2027746,0.4068061
7/1/3/5/7/5/7/6/5 3 3,Z,-2.125,0,BLOCK,Z,0.6603584,0.3437352
7/5/3/1/7/5/7/6/5 3 3,Z,-2.1666666666666666666666666666,2,BLOCK,Z,0.9168286,0.6941438
7/5/3/5/7/1/7/6/5 3 3,Z,-2.2857142857142857142857142858,2,BLOCK,Z,1.392944,0.861172
7/5/3/5/7/5/7/4/5 3 3,Z,2,0,BLOCK,Z,0.1464574,0.304101
7/1/3/5/7/5/7/6/3 3 3,Z,-2.125,0,BLOCK,Z,0.5662526,0.3298481
7/5/3/1/7/5/7/6/3 3 3,Z,-2.1666666666666666666666666666,2,BLOCK,Z,0.9717599,0.647149
7/5/3/5/7/1/7/6/3 3 3,Z,-2.2857142857142857142857142858,0,BLOCK,Z,0.7594321,0.6517639
7/5/3/5/7/5/7/4/3 3 3,Z,2,0,BLOCK,Z,0.2095818,0.3914657
7/1/3/5/7/5/7/5/6 3 3,Z,-2,0,BLOCK,Z,0.6097934,0.3945261
7/5/3/1/7/5/7/5/6 3 3,Z,-2,0,BLOCK,Z,0.8253828,0.4959169
7/5/3/5/7/1/7/5/6 3 3,Z,-2,0,BLOCK,Z,0.9844984,0.7845381
7/5/3/5/7/5/7/1/6 3 3,Z,-2,0,BLOCK,Z,0.1573843,0.3518217
7/1/3/5/7/5/7/5/5 3 3,Z,-2,0,BLOCK,Z,0.6117333,0.3916912
7/5/3/1/7/5/7/5/5 3 3,Z,-2,0,BLOCK,Z,0.7592878,0.5896211
7/5/3/5/7/1/7/5/5 3 3,Z,-2,2,BLOCK,Z,1.175683,0.7653633
7/5/3/5/7/5/7/1/5 3 3,Z,-2,0,BLOCK,Z,0.2067338,0.4148553
7/1/3/5/7/5/7/5/3 3 3,Z,-2,0,BLOCK,Z,0.5574731,0.2905134
7/5/3/1/7/5/7/5/3 3 3,Z,-2,0,BLOCK,Z,0.8916134,0.5346622
7/5/3/5/7/1/7/5/3 3 3,Z,-2,0,BLOCK,Z,1.117541,0.8513373
7/5/3/5/7/5/7/1/3 3 3,Z,-2,0,BLOCK,Z,0.1356792,0.3061969
7/1/3/5/7/5/7/3/6 3 3,Z,-1.875,2,BLOCK,Z,0.7620551,0.4867605
7/5/3/1/7/5/7/3/6 3 3,Z,-1.8333333333333333333333333334,0,BLOCK,Z,0.5495138,0.5154712
7/5/3/5/7/1/7/3/6 3 3,Z,-1.7142857142857142857142857142,0,BLOCK,Z,0.467637,0.6698102
7/1/3/5/7/5/7/3/5 3 3,Z,-1.875,0,BLOCK,Z,0.6534899,0.4796559
7/5/3/1/7/5/7/3/5 3 3,Z,-1.8333333333333333333333333334,0,BLOCK,Z,0.8493026,0.5249419
7/5/3/5/7/1/7/3/5 3 3,Z,-1.7142857142857142857142857142,0,BLOCK,Z,0.6835651,0.7304119
7/1/3/5/7/5/7/3/3 3 3,Z,-1.875,0,BLOCK,Z,0.531074,0.3662068
7/5/3/1/7/5/7/3/3 3 3,Z,-1.8333333333333333333333333334,0,BLOCK,Z,0.4945529,0.3724408
7/5/3/5/7/1/7/3/3 3 3,Z,-1.7142857142857142857142857142,0,BLOCK,Z,0.4386539,0.6524419
7/1/3/5/7/5/7/7/4 3 3,Z,-2,2,BLOCK,Z,0.8207908,0.4101354
7/5/3/1/7/5/7/7/4 3 3,Z,-2,0,BLOCK,Z,0.5595651,0.5736629
7/5/3/5/7/1/7/7/4 3 3,Z,-2,0,BLOCK,Z,0.6047367,0.7655447
7/1/3/5/7/5/7/7/2 3 3,Z,-2,0,BLOCK,Z,0.6498372,0.2101659
7/5/3/1/7/5/7/7/2 3 3,Z,-2,2,BLOCK,Z,0.9797205,0.5481292
7/5/3/5/7/1/7/7/2 3 3,Z,-2,0,BLOCK,Z,0.7223544,0.8198069
7/1/3/5/7/5/7/7/1 3 3,Z,-2,0,BLOCK,Z,0.6694267,0.4526414
7/5/3/1/7/5/7/7/1 3 3,Z,-2,0,BLOCK,Z,0.4317512,0.543988
7/5/3/5/7/1/7/7/1 3 3,Z,-2,0,BLOCK,Z,0.7123081,0.8540354
7/1/3/5/7/3/2/7/7 3 3,Z,-1.875,0,BLOCK,Z,0.6141301,0.2275641
7/5/3/1/7/3/2/7/7 3 3,Z,-1.8333333333333333333333333334,2,BLOCK,Z,0.9137846,0.5029032
7/1/3/5/7/3/6/6/7 3 3,Z,-2,0,BLOCK,Z,0.6792204,0.3454577
7/5/3/1/7/3/6/6/7 3 3,Z,-2,2,BLOCK,Z,0.9728317,0.5418198
7/5/3/5/7/3/4/6/7 3 3,X,2,0,BLOCK,X,0.3754828,0.4108444
7/5/3/5/7/3/6/4/7 3 3,Z,2,0,BLOCK,Z,0.5376232,0.4998669
7/1/3/5/7/3/6/5/7 3 3,Z,-1.875,2,BLOCK,Z,0.7643654,0.4376982
7/5/3/1/7/3/6/5/7 3 3,Z,-1.8333333333333333333333333334,2,BLOCK,Z,0.9242731,0.4860695
7/5/3/5/7/3/4/5/7 3 3,X,2,0,BLOCK,X,0.8170748,0.539497
7/5/3/5/7/3/6/1/7 3 3,Z,-2,0,BLOCK,Z,1.064544,0.7025539
7/1/3/5/7/3/6/3/7 3 3,Z,-1.75,0,BLOCK,Z,0.8390206,0.2728172
7/5/3/1/7/3/6/3/7 3 3,Z,-1.6666666666666666666666666666,2,BLOCK,Z,0.9129129,0.4854248
7/5/3/5/7/3/4/3/7 3 3,X,2,0,BLOCK,X,0.3719671,0.3625879
7/1/3/5/7/3/6/7/6 3 3,Z,-1.875,2,BLOCK,Z,0.8010401,0.4641576
7/5/3/1/7/3/6/7/6 3 3,Z,-1.8333333333333333333333333334,0,BLOCK,Z,0.900275,0.5651304
7/5/3/5/7/3/4/7/6 3 3,X,1.6,0,BLOCK,X,0.4198979,0.3533371
7/1/3/5/7/3/6/7/5 3 3,Z,-1.875,0,BLOCK,Z,0.4687423,0.4326794
7/5/3/1/7/3/6/7/5 3 3,Z,-1.8333333333333333333333333334,2,BLOCK,Z,0.9752945,0.48219
7/5/3/5/7/3/4/7/5 3 3,X,2,2,BLOCK,X,1.349058,0.8077843
7/1/3/5/7/3/6/7/3 3 3,Z,-1.875,2,BLOCK,Z,0.7481865,0.4088747
7/5/3/1/7/3/6/7/3 3 3,Z,-1.8333333333333333333333333334,0,BLOCK,Z,0.3356445,0.3776982
7/5/3/5/7/3/4/7/3 3 3,X,2.4,0,BLOCK,X,0.4098259,0.3801545
7/1/3/5/7/3/5/6/7 3 3,Z,-2,0,BLOCK,Z,0.5848405,0.5262508
7/5/3/1/7/3/5/6/7 3 3,Z,-2,2,BLOCK,Z,0.8947957,0.7054039
7/5/3/5/7/3/1/6/7 3 3,X,-2,0,BLOCK,X,0.5516973,0.6647851
7/5/3/5/7/3/5/4/7 3 3,Z,2,0,BLOCK,Z,0.3972582,0.4177155
7/1/3/5/7/3/5/5/7 3 3,Z,-1.875,0,BLOCK,Z,0.6141101,0.4201734
7/5/3/1/7/3/5/5/7 3 3,Z,-1.8333333333333333333333333334,0,BLOCK,Z,0.4611718,0.3530947
7/5/3/5/7/3/1/5/7 3 3,X,-2,0,BLOCK,X,0.6484861,0.7609869
7/5/3/5/7/3/5/1/7 3 3,Z,-2,0,BLOCK,Z,0.5750431,0.6194641
7/1/3/5/7/3/5/3/7 3 3,Z,-1.75,0,BLOCK,Z,0.4257128,0.3862761
7/5/3/1/7/3/5/3/7 3 3,Z,-1.6666666666666666666666666666,0,BLOCK,Z,0.6666743,0.4787244
7/5/3/5/7/3/1/3/7 3 3,X,-2,2,BLOCK,X,1.400973,0.8481507
7/1/3/5/7/3/5/7/6 3 3,Z,-1.875,2,BLOCK,Z,0.8760373,0.3106005
7/5/3/1/7/3/5/7/6 3 3,Z,-1.8333333333333333333333333334,0,BLOCK,Z,0.7033625,0.4515286
7/5/3/5/7/3/1/7/6 3 3,X,-2.4,0,BLOCK,X,1.521178,1.064146
7/1/3/5/7/3/5/7/5 3 3,Z,-1.875,2,BLOCK,Z,0.7069551,0.3527009
7/5/3/1/7/3/5/7/5 3 3,Z,-1.8333333333333333333333333334,2,BLOCK,Z,0.9280738,0.47832
7/5/3/5/7/3/1/7/5 3 3,X,-2,2,BLOCK,X,1.366614,0.8951843
7/1/3/5/7/3/5/7/3 3 3,Z,-1.875,2,BLOCK,Z,0.7393792,0.3871137
7/5/3/1/7/3/5/7/3 3 3,Z,-1.8333333333333333333333333334,2,BLOCK,Z,0.9304291,0.5308874
7/5/3/5/7/3/1/7/3 3 3,X,-1.6,0,BLOCK,X,0.6319522,0.5846428
7/1/3/5/7/3/3/6/7 3 3,Z,-2,0,BLOCK,Z,0.6289208,0.2719169
7/5/3/1/7/3/3/6/7 3 3,Z,-2,0,BLOCK,Z,0.6723743,0.4400278
7/5/3/5/7/3/3/4/7 3 3,Z,2,0,BLOCK,Z,0.5602874,0.5237921
7/1/3/5/7/3/3/5/7 3 3,Z,-1.875,0,BLOCK,Z,0.1903737,0.1670003
7/5/3/1/7/3/3/5/7 3 3,Z,-1.8333333333333333333333333334,2,BLOCK,Z,0.9185494,0.4852178
7/5/3/5/7/3/3/1/7 3 3,Z,-2,2,BLOCK,Z,1.541397,0.9805757
7/1/3/5/7/3/3/3/7 3 3,Z,-1.75,0,BLOCK,Z,0.7121457,0.2734314
7/5/3/1/7/3/3/3/7 3 3,Z,-1.6666666666666666666666666666,0,BLOCK,Z,0.4729314,0.4719284
7/1/3/5/7/3/3/7/6 3 3,Z,-1.875,0,BLOCK,Z,0.6218497,0.3895587
7/5/3/1/7/3/3/7/6 3 3,Z,-1.8333333333333333333333333334,0,BLOCK,Z,0.5255697,0.4436335
7/1/3/5/7/3/3/7/5 3 3,Z,-1.875,0,BLOCK,Z,0.6577541,0.4583696
7/5/3/1/7/3/3/7/5 3 3,Z,-1.8333333333333333333333333334,0,BLOCK,Z,0.2965338,0.3975848
7/1/3/5/7/3/3/7/3 3 3,Z,-1.875,2,BLOCK,Z,0.7588079,0.3843899
7/5/3/1/7/3/3/7/3 3 3,Z,-1.8333333333333333333333333334,0,BLOCK,Z,0.6884149,0.496096
7/1/3/5/7/3/7/2/7 3 3,Z,-1.875,0,BLOCK,Z,0.5500445,0.2992271
7/5/3/1/7/3/7/2/7 3 3,Z,-1.8333333333333333333333333334,0,BLOCK,Z,0.6141761,0.3734143
7/1/3/5/7/3/7/6/6 3 3,Z,-2,2,BLOCK,Z,0.855266,0.4645304
7/5/3/1/7/3/7/6/6 3 3,Z,-2,0,BLOCK,Z,0.6450848,0.5444461
7/5/3/5/7/3/7/4/6 3 3,Z,2,0,BLOCK,Z,0.5985605,0.7677013
7/1/3/5/7/3/7/6/5 3 3,Z,-2,2,BLOCK,Z,0.8096014,0.4678983
7/5/3/1/7/3/7/6/5 3 3,Z,-2,0,BLOCK,Z,0.5724264,0.5886135
7/5/3/5/7/3/7/4/5 3 3,Z,2,0,BLOCK,Z,0.4750947,0.5358454
7/1/3/5/7/3/7/6/3 3 3,Z,-2,0,BLOCK,Z,0.6390963,0.365975
7/5/3/1/7/3/7/6/3 3 3,Z,-2,0,BLOCK,Z,0.6048118,0.6881374
7/5/3/5/7/3/7/4/3 3 3,Z,2,0,BLOCK,Z,0.1826684,0.3114879
7/1/3/5/7/3/7/5/6 3 3,Z,-1.875,2,BLOCK,Z,0.8561193,0.4585942
7/5/3/1/7/3/7/5/6 3 3,Z,-1.8333333333333333333333333334,0,BLOCK,Z,0.6639855,0.5482056
7/5/3/5/7/3/7/1/6 3 3,Z,-2,0,BLOCK,Z,0.3478621,0.5418399
7/1/3/5/7/3/7/5/5 3 3,Z,-1.875,0,BLOCK,Z,0.6325299,0.2821895
7/5/3/1/7/3/7/5/5 3 3,Z,-1.8333333333333333333333333334,2,BLOCK,Z,0.9299102,0.5491949
7/5/3/5/7/3/7/1/5 3 3,Z,-2,0,BLOCK,Z,0.3893614,0.5213863
7/1/3/5/7/3/7/5/3 3 3,Z,-1.875,0,BLOCK,Z,0.6101238,0.3042431
7/5/3/1/7/3/7/5/3 3 3,Z,-1.8333333333333333333333333334,2,BLOCK,Z,0.9988095,0.4781188
7/5/3/5/7/3/7/1/3 3 3,Z,-2,0,BLOCK,Z,0.3190271,0.4203097
7/1/3/5/7/3/7/3/6 3 3,Z,-1.75,2,BLOCK,Z,0.7338701,0.4401311
7/5/3/1/7/3/7/3/6 3 3,Z,-1.6666666666666666666666666666,0,BLOCK,Z,0.6462044,0.4850565
7/1/3/5/7/3/7/3/5 3 3,Z,-1.75,0,BLOCK,Z,0.4352464,0.3129001
7/5/3/1/7/3/7/3/5 3 3,Z,-1.6666666666666666666666666666,0,BLOCK,Z,0.3502499,0.2526709
7/1/3/5/7/3/7/3/3 3 3,Z,-1.75,2,BLOCK,Z,0.7869446,0.4147974
7/5/3/1/7/3/7/3/3 3 3,Z,-1.6666666666666666666666666666,0,BLOCK,Z,0.2859295,0.4768009
7/1/3/5/7/3/7/7/4 3 3,Z,-1.875,0,BLOCK,Z,0.8291222,0.3093717
7/5/3/1/7/3/7/7/4 3 3,Z,-1.8333333333333333333333333334,0,BLOCK,Z,0.752138,0.4298386
7/1/3/5/7/3/7/7/2 3 3,Z,-1.875,0,BLOCK,Z,0.5978018,0.462991
7/5/3/1/7/3/7/7/2 3 3,Z,-1.8333333333333333333333333334,0,BLOCK,Z,0.5211453,0.4477321
7/1/3/5/7/3/7/7/1 3 3,Z,-1.875,0,BLOCK,Z,0.7106733,0.1498686
7/5/3/1/7/3/7/7/1 3 3,Z,-1.8333333333333333333333333334,2,BLOCK,Z,1.005639,0.5400215
7/1/3/5/7/7/2/6/7 3 3,Z,-2.125,0,BLOCK,Z,0.4926105,0.3934759
7/5/3/1/7/7/2/6/7 3 3,Z,-2.1666666666666666666666666666,0,BLOCK,Z,0.568806,0.5235372
7/5/3/5/7/7/2/4/7 3 3,Z,2,0,BLOCK,Z,0.1390805,0.2184993
7/1/3/5/7/7/2/5/7 3 3,Z,-2,2,BLOCK,Z,0.7341437,0.4692204
7/5/3/1/7/7/2/5/7 3 3,Z,-2,2,BLOCK,Z,0.9259495,0.5737101
7/5/3/5/7/7/2/1/7 3 3,Z,-2,0,BLOCK,Z,1.680071,1.084444
7/1/3/5/7/7/2/3/7 3 3,Z,-1.875,0,BLOCK,Z,0.4298604,0.1877852
7/5/3/1/7/7/2/3/7 3 3,Z,-1.8333333333333333333333333334,0,BLOCK,Z,0.5803457,0.3394632
7/1/3/5/7/7/2/7/6 3 3,Z,-2,0,BLOCK,Z,0.6049445,0.3419932
7/5/3/1/7/7/2/7/6 3 3,Z,-2,0,BLOCK,Z,1.06069,0.5254852
7/1/3/5/7/7/2/7/5 3 3,Z,-2,0,BLOCK,Z,0.5282359,0.3384639
7/5/3/1/7/7/2/7/5 3 3,Z,-2,2,BLOCK,Z,0.9585252,0.5108576
7/1/3/5/7/7/2/7/3 3 3,Z,-2,2,BLOCK,Z,0.8014006,0.4683243
7/5/3/1/7/7/2/7/3 3 3,Z,-2,2,BLOCK,Z,0.9789346,0.6003456
7/1/3/5/7/7/6/2/7 3 3,Z,-2,2,BLOCK,Z,0.7973287,0.425649
7/5/3/1/7/7/6/2/7 3 3,Z,-2,0,BLOCK,Z,0.8810667,0.5582316
7/5/3/5/7/7/4/2/7 3 3,X,2,0,BLOCK,X,0.331629,0.3864807
7/1/3/5/7/7/6/6/6 3 3,Z,-2.125,0,BLOCK,Z,0.5717426,0.2361793
7/5/3/1/7/7/6/6/6 3 3,Z,-2.1666666666666666666666666666,0,BLOCK,Z,0.7538691,0.6953584
7/5/3/5/7/7/4/6/6 3 3,X,1.5,2,BLOCK,X,1.193514,0.7945287
7/5/3/5/7/7/6/4/6 3 3,Z,2,0,BLOCK,Z,0.190408,0.4133119
7/1/3/5/7/7/6/6/5 3 3,Z,-2.125,2,BLOCK,Z,0.8153968,0.4286238
7/5/3/1/7/7/6/6/5 3 3,Z,-2.1666666666666666666666666666,0,BLOCK,Z,0.5753304,0.526603
7/5/3/5/7/7/4/6/5 3 3,X,2,0,BLOCK,X,0.1761018,0.2221435
7/5/3/5/7/7/6/4/5 3 3,Z,2,0,BLOCK,Z,1.760561,1.028173
7/1/3/5/7/7/6/6/3 3 3,Z,-2.125,2,BLOCK,Z,0.8448257,0.3819239
7/5/3/1/7/7/6/6/3 3 3,Z,-2.1666666666666666666666666666,0,BLOCK,Z,0.8442936,0.6995615
7/5/3/5/7/7/4/6/3 3 3,X,2.5,0,BLOCK,X,0.3866733,0.4006169
7/5/3/5/7/7/6/4/3 3 3,Z,2,0,BLOCK,Z,1.699828,1.045925
7/1/3/5/7/7/6/5/6 3 3,Z,-2,0,BLOCK,Z,0.3098602,0.215492
7/5/3/1/7/7/6/5/6 3 3,Z,-2,0,BLOCK,Z,0.6763518,0.5707331
7/5/3/5/7/7/4/5/6 3 3,X,1.5,0,BLOCK,X,0.207605,0.1170192
7/5/3/5/7/7/6/1/6 3 3,Z,-2,0,BLOCK,Z,0.1609369,0.4018773
7/1/3/5/7/7/6/5/5 3 3,Z,-2,0,BLOCK,Z,0.4482107,0.4494199
7/5/3/1/7/7/6/5/5 3 3,Z,-2,0,BLOCK,Z,0.8595614,0.4609142
7/5/3/5/7/7/4/5/5 3 3,X,2,0,BLOCK,X,0.4058801,0.4099539
7/5/3/5/7/7/6/1/5 3 3,Z,-2,0,BLOCK,Z,0.1604814,0.3422374
7/1/3/5/7/7/6/5/3 3 3,Z,-2,2,BLOCK,Z,0.7859237,0.4928231
7/5/3/1/7/7/6/5/3 3 3,Z,-2,0,BLOCK,Z,0.6489769,0.5459325
7/5/3/5/7/7/4/5/3 3 3,X,2.5,0,BLOCK,X,0.4552356,0.5144714
7/5/3/5/7/7/6/1/3 3 3,Z,-2,0,BLOCK,Z,0.139175,0.2560631
7/1/3/5/7/7/6/3/6 3 3,Z,-1.875,2,BLOCK,Z,0.7908172,0.3688012
7/5/3/1/7/7/6/3/6 3 3,Z,-1.8333333333333333333333333334,0,BLOCK,Z,0.5521801,0.3797916
7/5/3/5/7/7/4/3/6 3 3,X,1.5,0,BLOCK,X,0.2321884,0.3214231
7/1/3/5/7/7/6/3/5 3 3,Z,-1.875,2,BLOCK,Z,0.851007,0.4261242
7/5/3/1/7/7/6/3/5 3 3,Z,-1.8333333333333333333333333334,2,BLOCK,Z,0.9714414,0.4853309
7/5/3/5/7/7/4/3/5 3 3,X,2,0,BLOCK,X,0.2042583,0.2792692
7/1/3/5/7/7/6/3/3 3 3,Z,-1.875,2,BLOCK,Z,0.8029766,0.4576465
7/5/3/1/7/7/6/3/3 3 3,Z,-1.8333333333333333333333333334,0,BLOCK,Z,0.4935703,0.5862454
7/5/3/5/7/7/4/3/3 3 3,X,2.5,0,BLOCK,X,0.4228407,0.4560504
7/1/3/5/7/7/6/7/4 3 3,Z,-2,2,BLOCK,Z,0.9116734,0.476216
7/5/3/1/7/7/6/7/4 3 3,Z,-2,2,BLOCK,Z,0.9829203,0.7179488
7/5/3/5/7/7/4/7/4 3 3,X,1.5,2,BLOCK,X,1.158237,0.7879538
7/1/3/5/7/7/6/7/2 3 3,Z,-2,2,BLOCK,Z,0.8305485,0.4498426
7/5/3/1/7/7/6/7/2 3 3,Z,-2,2,BLOCK,Z,0.9554757,0.6564428
7/5/3/5/7/7/4/7/2 3 3,X,2,0,BLOCK,X,0.5088526,0.5118009
7/1/3/5/7/7/6/7/1 3 3,Z,-2,2,BLOCK,Z,0.8231622,0.4611374
7/5/3/1/7/7/6/7/1 3 3,Z,-2,0,BLOCK,Z,0.7849168,0.5978064
7/5/3/5/7/7/4/7/1 3 3,X,2.5,0,BLOCK,X,0.2268139,0.3023059
7/1/3/5/7/7/5/2/7 3 3,Z,-2,2,BLOCK,Z,0.7243803,0.5150521
7/5/3/1/7/7/5/2/7 3 3,Z,-2,2,BLOCK,Z,1.015312,0.5626448
7/5/3/5/7/7/1/2/7 3 3,X,-2,2,BLOCK,X,1.315818,0.8291496
7/1/3/5/7/7/5/6/6 3 3,Z,-2.125,0,BLOCK,Z,0.700358,0.4138568
7/5/3/1/7/7/5/6/6 3 3,Z,-2.1666666666666666666666666666,0,BLOCK,Z,0.9577254,0.6330577
7/5/3/5/7/7/1/6/6 3 3,X,-2.5,0,BLOCK,X,0.5637315,0.8066252
7/5/3/5/7/7/5/4/6 3 3,Z,2,0,BLOCK,Z,1.599615,1.042104
7/1/3/5/7/7/5/6/5 3 3,Z,-2.125,0,BLOCK,Z,0.5925024,0.3345899
7/5/3/1/7/7/5/6/5 3 3,Z,-2.1666666666666666666666666666,0,BLOCK,Z,0.7044528,0.5988389
7/5/3/5/7/7/1/6/5 3 3,X,-2,0,BLOCK,X,0.3734583,0.6033695
7/5/3/5/7/7/5/4/5 3 3,Z,2,0,BLOCK,Z,0.1187406,0.3347923
7/1/3/5/7/7/5/6/3 3 3,Z,-2.125,0,BLOCK,Z,0.6237942,0.4711321
7/5/3/1/7/7/5/6/3 3 3,Z,-2.1666666666666666666666666666,0,BLOCK,Z,0.7117943,0.5140316
7/5/3/5/7/7/1/6/3 3 3,X,-1.5,0,BLOCK,X,0.2898232,0.4394714
7/5/3/5/7/7/5/4/3 3 3,Z,2,0,BLOCK,Z,0.1088779,0.2178318
7/1/3/5/7/7/5/5/6 3 3,Z,-2,0,BLOCK,Z,0.3563409,0.2728593
7/5/3/1/7/7/5/5/6 3 3,Z,-2,0,BLOCK,Z,0.7141436,0.6130414
7/5/3/5/7/7/1/5/6 3 3,X,-2.5,0,BLOCK,X,0.5776057,0.8080183
7/5/3/5/7/7/5/1/6 3 3,Z,-2,2,BLOCK,Z,1.612342,1.026983
7/1/3/5/7/7/5/5/5 3 3,Z,-2,0,BLOCK,Z,0.448376,0.3427908
7/5/3/1/7/7/5/5/5 3 3,Z,-2,0,BLOCK,Z,0.6391405,0.5875031
7/5/3/5/7/7/1/5/5 3 3,X,-2,0,BLOCK,X,0.3843924,0.6202633
7/5/3/5/7/7/5/1/5 3 3,Z,-2,2,BLOCK,Z,1.631412,0.99562
7/1/3/5/7/7/5/5/3 3 3,Z,-2,0,BLOCK,Z,0.480227,0.317808
7/5/3/1/7/7/5/5/3 3 3,Z,-2,0,BLOCK,Z,0.6654279,0.4846586
7/5/3/5/7/7/1/5/3 3 3,X,-1.5,0,BLOCK,X,0.3462906,0.4778001
7/5/3/5/7/7/5/1/3 3 3,Z,-2,0,BLOCK,Z,1.716427,1.059378
7/1/3/5/7/7/5/3/6 3 3,Z,-1.875,2,BLOCK,Z,0.820666,0.3511474
7/5/3/1/7/7/5/3/6 3 3,Z,-1.8333333333333333333333333334,2,BLOCK,Z,1.005677,0.5050989
7/5/3/5/7/7/1/3/6 3 3,X,-2.5,0,BLOCK,X,0.6508859,0.8549426
7/1/3/5/7/7/5/3/5 3 3,Z,-1.875,0,BLOCK,Z,0.7505711,0.3664551
7/5/3/1/7/7/5/3/5 3 3,Z,-1.8333333333333333333333333334,0,BLOCK,Z,0.7610261,0.4883885
7/5/3/5/7/7/1/3/5 3 3,X,-2,0,BLOCK,X,0.3980588,0.5409416
7/1/3/5/7/7/5/3/3 3 3,Z,-1.875,0,BLOCK,Z,0.5543721,0.4375964
7/5/3/1/7/7/5/3/3 3 3,Z,-1.8333333333333333333333333334,2,BLOCK,Z,1.045883,0.5272843
7/5/3/5/7/7/1/3/3 3 3,X,-1.5,0,BLOCK,X,0.2945846,0.4895887
7/1/3/5/7/7/5/7/4 3 3,Z,-2,2,BLOCK,Z,0.8470913,0.5100752
7/5/3/1/7/7/5/7/4 3 3,Z,-2,0,BLOCK,Z,0.5885997,0.6702967
7/5/3/5/7/7/1/7/4 3 3,X,-2.5,0,BLOCK,X,0.6028574,0.7823356
7/1/3/5/7/7/5/7/2 3 3,Z,-2,0,BLOCK,Z,0.6731435,0.3246076
7/5/3/1/7/7/5/7/2 3 3,Z,-2,2,BLOCK,Z,1.018702,0.5201046
7/5/3/5/7/7/1/7/2 3 3,X,-2,2,BLOCK,X,1.653063,1.004074
7/1/3/5/7/7/5/7/1 3 3,Z,-2,2,BLOCK,Z,0.806941,0.4095461
7/5/3/1/7/7/5/7/1 3 3,Z,-2,2,BLOCK,Z,1.061782,0.6432229
7/5/3/5/7/7/1/7/1 3 3,X,-1.5,0,BLOCK,X,0.5040157,0.5006542
7/1/3/5/7/7/3/2/7 3 3,Z,-2,2,BLOCK,Z,0.7717006,0.4079572
7/5/3/1/7/7/3/2/7 3 3,Z,-2,2,BLOCK,Z,1.022272,0.5545336
7/1/3/5/7/7/3/6/6 3 3,Z,-2.125,2,BLOCK,Z,0.8640043,0.465623
7/5/3/1/7/7/3/6/6 3 3,Z,-2.1666666666666666666666666666,0,BLOCK,Z,0.8491564,0.6719292
7/5/3/5/7/7/3/4/6 3 3,Z,2,2,BLOCK,Z,1.581254,0.9939281
7/1/3/5/7/7/3/6/5 3 3,Z,-2.125,0,BLOCK,Z,0.6076787,0.5095233
7/5/3/1/7/7/3/6/5 3 3,Z,-2.1666666666666666666666666666,0,BLOCK,Z,0.7835535,0.5919382
7/5/3/5/7/7/3/4/5 3 3,Z,2,0,BLOCK,Z,0.1135368,0.1950347
7/1/3/5/7/7/3/6/3 3 3,Z,-2.125,0,BLOCK,Z,0.4312167,0.2878562
7/5/3/1/7/7/3/6/3 3 3,Z,-2.1666666666666666666666666666,0,BLOCK,Z,0.6418882,0.6536181
7/5/3/5/7/7/3/4/3 3 3,Z,2,0,BLOCK,Z,0.1930839,0.3172437
7/1/3/5/7/7/3/5/6 3 3,Z,-2,2,BLOCK,Z,0.7303134,0.4252039
7/5/3/1/7/7/3/5/6 3 3,Z,-2,0,BLOCK,Z,0.7377426,0.6172991
7/5/3/5/7/7/3/1/6 3 3,Z,-2,0,BLOCK,Z,1.669066,1.108843
7/1/3/5/7/7/3/5/5 3 3,Z,-2,0,BLOCK,Z,0.2817701,0.2598117
7/5/3/1/7/7/3/5/5 3 3,Z,-2,0,BLOCK,Z,0.742474,0.5926666
7/5/3/5/7/7/3/1/5 3 3,Z,-2,0,BLOCK,Z,1.654504,1.063231
7/1/3/5/7/7/3/5/3 3 3,Z,-2,0,BLOCK,Z,0.6167319,0.5051044
7/5/3/1/7/7/3/5/3 3 3,Z,-2,0,BLOCK,Z,0.7607497,0.6015198
7/5/3/5/7/7/3/1/3 3 3,Z,-2,0,BLOCK,Z,0.1071014,0.256335
7/1/3/5/7/7/3/3/6 3 3,Z,-1.875,2,BLOCK,Z,0.7929542,0.4392886
7/5/3/1/7/7/3/3/6 3 3,Z,-1.8333333333333333333333333334,2,BLOCK,Z,0.968491,0.5341223
7/1/3/5/7/7/3/3/5 3 3,Z,-1.875,0,BLOCK,Z,0.4717171,0.2947067
7/5/3/1/7/7/3/3/5 3 3,Z,-1.8333333333333333333333333334,2,BLOCK,Z,0.9332973,0.5706899
7/1/3/5/7/7/3/3/3 3 3,Z,-1.875,0,BLOCK,Z,0.4751337,0.3787522
7/5/3/1/7/7/3/3/3 3 3,Z,-1.8333333333333333333333333334,2,BLOCK,Z,0.9680369,0.4875438
7/1/3/5/7/7/3/7/4 3 3,Z,-2,0,BLOCK,Z,0.6433423,0.4806996
7/5/3/1/7/7/3/7/4 3 3,Z,-2,2,BLOCK,Z,0.9943065,0.7482967
7/1/3/5/7/7/3/7/2 3 3,Z,-2,0,BLOCK,Z,0.628889,0.465551
7/5/3/1/7/7/3/7/2 3 3,Z,-2,0,BLOCK,Z,0.6116767,0.5697999
6/5/3/5/7/7/3/7/1 3 3,X,0.6666666666666666666666666667,302,TIMEOUT,Z,0.1194323,0.08813174
7/1/3/5/7/7/3/7/1 3 3,Z,-2,2,BLOCK,Z,0.8219908,0.5026646
7/5/3/1/7/7/3/7/1 3 3,Z,-2,2,BLOCK,Z,1.0176,0.6284932
7/1/3/5/7/7/7/2/6 3 3,Z,-2,0,BLOCK,Z,0.4656809,0.3757142
7/5/3/1/7/7/7/2/6 3 3,Z,-2,0,BLOCK,Z,0.6751187,0.56883
7/1/3/5/7/7/7/2/5 3 3,Z,-2,2,BLOCK,Z,0.7449184,0.473053
7/5/3/1/7/7/7/2/5 3 3,Z,-2,2,BLOCK,Z,0.9780871,0.7328075
7/1/3/5/7/7/7/2/3 3 3,Z,-2,0,BLOCK,Z,0.3943526,0.3302042
7/5/3/1/7/7/7/2/3 3 3,Z,-2,0,BLOCK,Z,0.7577763,0.617412
7/1/3/5/7/7/7/6/4 3 3,Z,-2.125,0,BLOCK,Z,0.4088138,0.2955477
7/5/3/1/7/7/7/6/4 3 3,Z,-2.1666666666666666666666666666,2,BLOCK,Z,1.04795,0.6520267
7/5/3/5/7/7/7/4/4 3 3,Z,2,2,BLOCK,Z,1.582537,1.056123
7/1/3/5/7/7/7/6/2 3 3,Z,-2.125,0,BLOCK,Z,0.6832423,0.4870065
7/5/3/1/7/7/7/6/2 3 3,Z,-2.1666666666666666666666666666,2,BLOCK,Z,1.003616,0.832798
7/5/3/5/7/7/7/4/2 3 3,Z,2,2,BLOCK,Z,1.606374,1.008118
7/1/3/5/7/7/7/6/1 3 3,Z,-2.125,2,BLOCK,Z,0.848537,0.4817763
7/5/3/1/7/7/7/6/1 3 3,Z,-2.1666666666666666666666666666,0,BLOCK,Z,0.8857005,0.7514222
7/5/3/5/7/7/7/4/1 3 3,Z,2,0,BLOCK,Z,0.1531349,0.2748074
7/1/3/5/7/7/7/5/4 3 3,Z,-2,0,BLOCK,Z,0.7732329,0.381856
7/5/3/1/7/7/7/5/4 3 3,Z,-2,0,BLOCK,Z,0.7688749,0.6144041
7/5/3/5/7/7/7/1/4 3 3,Z,-2,0,BLOCK,Z,0.1838731,0.3228904
7/1/3/5/7/7/7/5/2 3 3,Z,-2,0,BLOCK,Z,0.7557513,0.3896942
7/5/3/1/7/7/7/5/2 3 3,Z,-2,2,BLOCK,Z,0.9833543,0.6850129
7/5/3/5/7/7/7/1/2 3 3,Z,-2,0,BLOCK,Z,0.1202194,0.2356984
7/1/3/5/7/7/7/5/1 3 3,Z,-2,0,BLOCK,Z,0.6329909,0.4088524
7/5/3/1/7/7/7/5/1 3 3,Z,-2,0,BLOCK,Z,0.7170546,0.5488285
7/5/3/5/7/7/7/1/1 3 3,Z,-2,0,BLOCK,Z,0.1296093,0.2486932
7/1/3/5/7/7/7/3/4 3 3,Z,-1.875,0,BLOCK,Z,0.4284888,0.3438894
7/5/3/1/7/7/7/3/4 3 3,Z,-1.8333333333333333333333333334,2,BLOCK,Z,0.9179829,0.598316
7/1/3/5/7/7/7/3/2 3 3,Z,-1.875,0,BLOCK,Z,0.7153096,0.420178
7/5/3/1/7/7/7/3/2 3 3,Z,-1.8333333333333333333333333334,2,BLOCK,Z,0.9488813,0.6308582
7/1/3/5/7/7/7/3/1 3 3,Z,-1.875,0,BLOCK,Z,0.6600603,0.311554
7/5/3/1/7/7/7/3/1 3 3,Z,-1.8333333333333333333333333334,0,BLOCK,Z,0.7672304,0.5992846
7/1/3/3/2/6/7/7/7 3 3,Z,-2,0,BLOCK,Z,0.5983632,0.3859205
7/5/3/3/2/4/7/7/7 3 3,Z,2,0,BLOCK,Z,0.7769415,0.607971
7/1/3/3/2/5/7/7/7 3 3,Z,-1.875,0,BLOCK,Z,0.4505098,0.3058847
7/5/3/3/2/1/7/7/7 3 3,Z,-2,0,BLOCK,Z,0.9073072,0.5561821
7/1/3/3/2/3/7/7/7 3 3,Z,-1.75,0,BLOCK,Z,0.2848413,0.1729922
7/1/3/3/2/7/6/7/7 3 3,Z,-1.875,2,BLOCK,Z,0.7149716,0.3985288
7/5/3/3/2/7/4/7/7 3 3,X,2,0,BLOCK,X,0.4585625,0.4229781
7/1/3/3/2/7/5/7/7 3 3,Z,-1.875,2,BLOCK,Z,0.6804742,0.4605554
7/5/3/3/2/7/1/7/7 3 3,X,-2,0,BLOCK,X,0.6371974,0.5834909
7/1/3/3/2/7/3/7/7 3 3,Z,-1.875,0,BLOCK,Z,0.4939885,0.2508464
7/1/3/3/2/7/7/6/7 3 3,Z,-2,0,BLOCK,Z,0.2031111,0.2838386
7/5/3/3/2/7/7/4/7 3 3,Z,2,0,BLOCK,Z,0.2263092,0.2640965
7/1/3/3/2/7/7/5/7 3 3,Z,-1.875,0,BLOCK,Z,0.5301169,0.4030158
7/5/3/3/2/7/7/1/7 3 3,Z,-2,0,BLOCK,Z,0.3923546,0.5570034
7/1/3/3/2/7/7/3/7 3 3,Z,-1.75,0,BLOCK,Z,0.3057301,0.2576474
7/5/3/2/2/7/7/3/7 3 3,X,-0.5,302,TIMEOUT,Z,0.00570411,0.002346173
7/1/3/3/2/7/7/7/6 3 3,Z,-1.875,0,BLOCK,Z,0.4315968,0.3402812
7/1/3/3/2/7/7/7/5 3 3,Z,-1.875,0,BLOCK,Z,0.2892786,0.3552227
7/1/3/3/2/7/7/7/3 3 3,Z,-1.875,0,BLOCK,Z,0.2823451,0.2387206
7/1/3/3/6/2/7/7/7 3 3,Z,-1.875,2,BLOCK,Z,0.7934362,0.4547873
7/5/3/3/4/2/7/7/7 3 3,X,2,0,BLOCK,X,0.6846588,0.8519894
7/1/3/3/6/6/6/7/7 3 3,Z,-2,2,BLOCK,Z,0.7229834,0.3802936
7/5/3/3/4/6/6/7/7 3 3,X,1.80,0,BLOCK,X,0.9177706,1.039347
7/5/3/3/6/4/6/7/7 3 3,Z,2,0,BLOCK,Z,0.9129437,0.6986841
7/5/3/3/6/6/4/7/7 3 3,X,2,2,BLOCK,X,1.496927,0.8934872
7/5/3/3/6/6/6/7/6 3 3,X,-0.7307692307692307692307692307,302,TIMEOUT,Z,0.04281805,0.02168178
7/1/3/3/6/6/5/7/7 3 3,Z,-2,2,BLOCK,Z,0.7296262,0.4055648
7/5/3/3/4/6/5/7/7 3 3,X,2,2,BLOCK,X,1.065358,1.075868
7/5/3/3/6/4/5/7/7 3 3,Z,2,0,BLOCK,Z,0.7059548,0.57862
7/5/3/3/6/6/1/7/7 3 3,X,-2,0,BLOCK,X,0.6724908,0.4929813
5/5/3/3/6/6/3/7/7 3 3,X,0.60,302,TIMEOUT,Z,0.01152951,0.007978677
7/1/3/3/6/6/3/7/7 3 3,Z,-2,0,BLOCK,Z,0.4938665,0.3328447
7/5/3/3/4/6/3/7/7 3 3,X,2.20,0,BLOCK,X,0.5642227,0.6157761
7/5/3/3/6/4/3/7/7 3 3,Z,2,0,BLOCK,Z,0.7343152,0.5158453
7/1/3/3/6/6/7/6/7 3 3,Z,-2.1250000000000000000000000002,0,BLOCK,Z,0.4315078,0.2860778
7/5/3/3/4/6/7/6/7 3 3,X,2,0,BLOCK,X,1.14813,1.17629
7/5/3/3/6/4/7/6/7 3 3,Z,1.75,0,BLOCK,Z,1.105522,0.8577398
7/5/3/3/6/6/7/4/7 3 3,Z,2,0,BLOCK,Z,0.3384549,0.2829837
7/1/3/3/6/6/7/5/7 3 3,Z,-2,0,BLOCK,Z,0.4121287,0.2776977
7/5/3/3/4/6/7/5/7 3 3,X,2,0,BLOCK,X,0.8504084,0.9854861
7/5/3/3/6/4/7/5/7 3 3,Z,2,0,BLOCK,Z,0.6331031,0.5615925
7/5/3/3/6/6/7/1/7 3 3,Z,-2,2,BLOCK,Z,1.552611,0.8922785
7/1/3/3/6/6/7/3/7 3 3,Z,-1.875,0,BLOCK,Z,0.3133115,0.3965463
7/5/3/3/4/6/7/3/7 3 3,X,2,0,BLOCK,X,0.6996716,0.5600485
7/5/3/3/6/4/7/3/7 3 3,Z,2.25,0,BLOCK,Z,0.3683765,0.3932625
7/1/3/3/6/6/7/7/6 3 3,Z,-2,2,BLOCK,Z,0.6569773,0.4253259
7/5/3/3/4/6/7/7/6 3 3,X,1.80,0,BLOCK,X,0.9153653,1.008415
7/5/3/3/6/4/7/7/6 3 3,Z,2,0,BLOCK,Z,0.7597157,0.5588171
7/1/3/3/6/6/7/7/5 3 3,Z,-2,2,BLOCK,Z,0.7552725,0.4997659
7/5/3/3/4/6/7/7/5 3 3,X,2,0,BLOCK,X,0.7528378,0.6945695
7/5/3/3/6/4/7/7/5 3 3,Z,2,0,BLOCK,Z,1.180665,0.7096978
7/1/3/3/6/6/7/7/3 3 3,Z,-2,0,BLOCK,Z,0.2762416,0.262864
7/5/3/3/4/6/7/7/3 3 3,X,2.20,0,BLOCK,X,0.6760386,0.6604717
7/5/3/3/6/4/7/7/3 3 3,Z,2,0,BLOCK,Z,1.278218,0.9697703
7/1/3/3/6/5/6/7/7 3 3,Z,-1.875,2,BLOCK,Z,0.7552707,0.4178652
7/5/3/3/4/5/6/7/7 3 3,X,1.80,0,BLOCK,X,0.211107,0.8013906
7/5/3/3/6/1/6/7/7 3 3,Z,-2,0,BLOCK,Z,0.5863857,0.471779
7/5/3/3/6/5/4/7/7 3 3,X,2,0,BLOCK,X,1.086073,0.6666119
7/1/3/3/6/5/5/7/7 3 3,Z,-1.875,2,BLOCK,Z,0.770392,0.4773844
7/5/3/3/4/5/5/7/7 3 3,X,2,0,BLOCK,X,0.7144499,0.6774703
7/5/3/3/6/1/5/7/7 3 3,Z,-2,2,BLOCK,Z,1.187876,0.7802311
7/5/3/3/6/5/1/7/7 3 3,X,-2,0,BLOCK,X,0.9325024,0.5697541
7/1/3/3/6/5/3/7/7 3 3,Z,-1.875,2,BLOCK,Z,0.6942708,0.3826065
7/5/3/3/4/5/3/7/7 3 3,X,2.20,0,BLOCK,X,0.3964611,0.4587831
7/5/3/3/6/1/3/7/7 3 3,Z,-2,0,BLOCK,Z,0.8125712,0.881113
7/1/3/3/6/5/7/6/7 3 3,Z,-2,0,BLOCK,Z,0.4340447,0.4322001
7/5/3/3/4/5/7/6/7 3 3,X,2,0,BLOCK,X,0.7057011,0.9194245
7/5/3/3/6/1/7/6/7 3 3,Z,-2.25,0,BLOCK,Z,0.8648243,0.5478851
7/5/3/3/6/5/7/4/7 3 3,Z,2,0,BLOCK,Z,0.2163696,0.3109572
7/1/3/3/6/5/7/5/7 3 3,Z,-1.875,2,BLOCK,Z,0.7786218,0.3576296
7/5/3/3/4/5/7/5/7 3 3,X,2,0,BLOCK,X,1.022016,1.087952
7/5/3/3/6/1/7/5/7 3 3,Z,-2,2,BLOCK,Z,1.215079,0.7306929
7/5/3/3/6/5/7/1/7 3 3,Z,-2,0,BLOCK,Z,0.3160145,0.5953711
7/1/3/3/6/5/7/3/7 3 3,Z,-1.75,0,BLOCK,Z,0.3301091,0.2286797
7/5/3/3/4/5/7/3/7 3 3,X,2,0,BLOCK,X,0.4886584,0.6387609
7/5/3/3/6/1/7/3/7 3 3,Z,-1.75,0,BLOCK,Z,0.6532917,0.6671535
7/1/3/3/6/5/7/7/6 3 3,Z,-1.875,0,BLOCK,Z,0.4914506,0.2814005
7/5/3/3/4/5/7/7/6 3 3,X,1.80,0,BLOCK,X,0.7248823,0.8572032
7/5/3/3/6/1/7/7/6 3 3,Z,-2,2,BLOCK,Z,1.166064,0.7308052
7/1/3/3/6/5/7/7/5 3 3,Z,-1.875,2,BLOCK,Z,0.7198843,0.4383029
7/5/3/3/4/5/7/7/5 3 3,X,2,0,BLOCK,X,0.962572,0.8847029
7/5/3/3/6/1/7/7/5 3 3,Z,-2,0,BLOCK,Z,0.5212168,0.8159936
7/1/3/3/6/5/7/7/3 3 3,Z,-1.875,0,BLOCK,Z,0.5527584,0.356972
7/5/3/3/4/5/7/7/3 3 3,X,2.20,0,BLOCK,X,1.287089,1.15291
7/5/3/3/6/1/7/7/3 3 3,Z,-2,0,BLOCK,Z,0.6784174,0.926664
7/1/3/3/6/3/6/7/7 3 3,Z,-1.75,2,BLOCK,Z,0.6927122,0.4132084
7/5/3/3/4/3/6/7/7 3 3,X,1.80,0,BLOCK,X,0.0181297,0.6672902
7/5/3/3/6/3/4/7/7 3 3,X,2,0,BLOCK,X,0.4938349,0.5081488
7/1/3/3/6/3/5/7/7 3 3,Z,-1.75,0,BLOCK,Z,0.3176037,0.2068443
7/5/3/3/4/3/5/7/7 3 3,X,2,0,BLOCK,X,0.7799808,0.9185522
7/5/3/3/6/3/1/7/7 3 3,X,-2,0,BLOCK,X,1.040097,0.6614265
7/1/3/3/6/3/3/7/7 3 3,Z,-1.75,2,BLOCK,Z,0.7540095,0.3330401
7/5/3/3/4/3/3/7/7 3 3,X,2.20,2,BLOCK,X,1.522092,1.120835
7/1/3/3/6/3/7/6/7 3 3,Z,-1.875,0,BLOCK,Z,0.2918656,0.1831741
7/5/3/3/4/3/7/6/7 3 3,X,2,0,BLOCK,X,0.5563214,0.6164373
7/5/3/3/6/3/7/4/7 3 3,Z,2,0,BLOCK,Z,1.144992,0.3147042
7/1/3/3/6/3/7/5/7 3 3,Z,-1.75,0,BLOCK,Z,0.2769211,0.1866166
7/5/3/3/4/3/7/5/7 3 3,X,2,0,BLOCK,X,0.5660012,0.6412627
7/5/3/3/6/3/7/1/7 3 3,Z,-2,0,BLOCK,Z,0.3179477,0.5076264
7/1/3/3/6/3/7/3/7 3 3,Z,-1.625,2,BLOCK,Z,0.6935673,0.3996387
7/5/3/2/6/3/7/3/7 3 3,X,-0.5769230769230769230769230769,302,TIMEOUT,Z,0.01909261,0.01087377
7/5/3/3/4/3/7/3/7 3 3,X,2,0,BLOCK,X,0.6443246,0.696821
7/1/3/3/6/3/7/7/6 3 3,Z,-1.75,2,BLOCK,Z,0.7011869,0.5437565
7/5/3/3/4/3/7/7/6 3 3,X,1.80,0,BLOCK,X,0.6756945,0.7023928
7/1/3/3/6/3/7/7/5 3 3,Z,-1.75,0,BLOCK,Z,0.1477689,0.1918651
7/5/3/3/4/3/7/7/5 3 3,X,2,0,BLOCK,X,0.6749674,0.6912706
7/1/3/3/6/3/7/7/3 3 3,Z,-1.75,0,BLOCK,Z,0.5613917,0.3897144
7/5/3/3/4/3/7/7/3 3 3,X,2.20,0,BLOCK,X,0.6131209,0.5806834
7/1/3/3/6/7/2/7/7 3 3,Z,-1.875,2,BLOCK,Z,0.8409185,0.3938906
7/5/3/3/4/7/2/7/7 3 3,X,2,2,BLOCK,X,1.357712,1.093422
7/1/3/3/6/7/6/6/7 3 3,Z,-2,2,BLOCK,Z,0.6542167,0.4105577
7/5/3/3/4/7/6/6/7 3 3,X,1.8,0,BLOCK,X,0.3266236,0.6659583
7/5/3/3/6/7/4/6/7 3 3,X,2,0,BLOCK,X,0.6168482,0.6863724
7/5/3/3/6/7/6/4/7 3 3,Z,2,0,BLOCK,Z,0.06656235,0.3022245
7/1/3/3/6/7/6/5/7 3 3,Z,-1.875,0,BLOCK,Z,0.5512782,0.3836966
7/5/3/3/4/7/6/5/7 3 3,X,1.8,2,BLOCK,X,0.982268,0.9654055
7/5/3/3/6/7/4/5/7 3 3,X,2,0,BLOCK,X,0.4950907,0.3287982
7/5/3/3/6/7/6/1/7 3 3,Z,-2,0,BLOCK,Z,0.353336,0.5981997
7/1/3/3/6/7/6/3/7 3 3,Z,-1.75,2,BLOCK,Z,0.7554043,0.3304397
7/5/3/3/4/7/6/3/7 3 3,X,1.8,0,BLOCK,X,0.1453781,0.5648888
7/5/3/3/6/7/4/3/7 3 3,X,2,2,BLOCK,X,1.436385,0.8963454
7/1/3/3/6/7/6/7/6 3 3,Z,-1.875,0,BLOCK,Z,0.5517684,0.2110629
7/5/3/3/4/7/6/7/6 3 3,X,1.6,0,BLOCK,X,0.4819696,0.7989739
7/5/3/3/6/7/4/7/6 3 3,X,1.6,2,BLOCK,X,1.30763,0.9014578
7/1/3/3/6/7/6/7/5 3 3,Z,-1.875,0,BLOCK,Z,0.05515069,0.1985873
7/5/3/3/4/7/6/7/5 3 3,X,1.8,0,BLOCK,X,0.03987585,0.628653
7/5/3/3/6/7/4/7/5 3 3,X,2,2,BLOCK,X,1.372812,0.8793272
7/1/3/3/6/7/6/7/3 3 3,Z,-1.875,0,BLOCK,Z,0.534241,0.3882097
7/5/3/3/4/7/6/7/3 3 3,X,2,0,BLOCK,X,0.2309736,0.5817143
7/5/3/3/6/7/4/7/3 3 3,X,2.4,0,BLOCK,X,0.6071811,0.6655879
7/1/3/3/6/7/5/6/7 3 3,Z,-2,0,BLOCK,Z,0.5282708,0.3089487
7/5/3/3/4/7/5/6/7 3 3,X,2,0,BLOCK,X,1.061344,0.9901267
7/5/3/3/6/7/1/6/7 3 3,X,-2,2,BLOCK,X,1.373635,0.7754709
7/5/3/3/6/7/5/4/7 3 3,Z,2,0,BLOCK,Z,1.516677,0.9115292
7/1/3/3/6/7/5/5/7 3 3,Z,-1.875,0,BLOCK,Z,0.3301928,0.2587601
7/5/3/3/4/7/5/5/7 3 3,X,2,0,BLOCK,X,0.9424092,0.9454435
7/5/3/3/6/7/1/5/7 3 3,X,-2,0,BLOCK,X,0.669247,0.6347363
7/5/3/3/6/7/5/1/7 3 3,Z,-2,0,BLOCK,Z,1.627869,1.103009
7/1/3/3/6/7/5/3/7 3 3,Z,-1.75,2,BLOCK,Z,0.7375591,0.27023
7/5/3/3/4/7/5/3/7 3 3,X,2,0,BLOCK,X,0.9355226,0.8567006
7/5/3/3/6/7/1/3/7 3 3,X,-2,2,BLOCK,X,1.341436,0.7023811
7/1/3/3/6/7/5/7/6 3 3,Z,-1.875,2,BLOCK,Z,0.7301284,0.4928004
7/5/3/3/4/7/5/7/6 3 3,X,1.8,0,BLOCK,X,0.84025,0.8241208
7/5/3/3/6/7/1/7/6 3 3,X,-2.4,0,BLOCK,X,0.8032558,0.8562305
7/1/3/3/6/7/5/7/5 3 3,Z,-1.875,0,BLOCK,Z,0.2825205,0.1484421
7/5/3/3/4/7/5/7/5 3 3,X,2,0,BLOCK,X,0.715299,0.6549344
7/5/3/3/6/7/1/7/5 3 3,X,-2,0,BLOCK,X,0.6999834,0.6973824
7/1/3/3/6/7/5/7/3 3 3,Z,-1.875,0,BLOCK,Z,0.4294156,0.2211835
7/5/3/3/4/7/5/7/3 3 3,X,2.2,0,BLOCK,X,0.7855417,0.8592137
7/5/3/3/6/7/1/7/3 3 3,X,-1.6,0,BLOCK,X,0.5699349,0.5886788
7/1/3/3/6/7/3/6/7 3 3,Z,-2,0,BLOCK,Z,0.5555996,0.4183679
7/5/3/3/4/7/3/6/7 3 3,X,2.2,0,BLOCK,X,0.9122308,0.7198085
7/5/3/3/6/7/3/4/7 3 3,Z,2,0,BLOCK,Z,0.08076522,0.1305949
7/1/3/3/6/7/3/5/7 3 3,Z,-1.875,2,BLOCK,Z,0.76363,0.3837848
7/5/3/3/4/7/3/5/7 3 3,X,2.2,0,BLOCK,X,0.5425571,0.5371364
7/5/3/3/6/7/3/1/7 3 3,Z,-2,0,BLOCK,Z,0.2435572,0.3801064
7/1/3/3/6/7/3/3/7 3 3,Z,-1.75,2,BLOCK,Z,0.7500694,0.2833426
7/5/3/3/4/7/3/3/7 3 3,X,2.2,0,BLOCK,X,0.8607417,0.7857633
7/1/3/3/6/7/3/7/6 3 3,Z,-1.875,0,BLOCK,Z,0.5268768,0.2070167
7/5/3/3/4/7/3/7/6 3 3,X,2,0,BLOCK,X,0.5147206,0.3080842
7/1/3/3/6/7/3/7/5 3 3,Z,-1.875,0,BLOCK,Z,0.3698797,0.3018091
7/5/3/3/4/7/3/7/5 3 3,X,2.2,0,BLOCK,X,0.6819051,0.668047
7/1/3/3/6/7/3/7/3 3 3,Z,-1.875,0,BLOCK,Z,0.3408287,0.1508206
7/5/3/3/4/7/3/7/3 3 3,X,2.4,0,BLOCK,X,0.5475553,0.5928262
7/1/3/3/6/7/7/2/7 3 3,Z,-1.875,0,BLOCK,Z,0.5705232,0.5131368
7/5/3/3/4/7/7/2/7 3 3,X,2,0,BLOCK,X,0.5862417,0.5968622
7/1/3/3/6/7/7/6/6 3 3,Z,-2,2,BLOCK,Z,0.8427405,0.4710971
7/5/3/3/4/7/7/6/6 3 3,X,1.8,2,BLOCK,X,1.057313,0.8834049
7/5/3/3/6/6/7/6/6 3 3,Z,-0.6818181818181818181818181819,302,TIMEOUT,Z,0.01679339,0.01055449
7/5/3/3/6/7/7/4/6 3 3,Z,2,0,BLOCK,Z,0.2099105,0.417544
7/1/3/3/6/7/7/6/5 3 3,Z,-2,0,BLOCK,Z,0.4065693,0.226921
7/5/3/3/4/7/7/6/5 3 3,X,2,0,BLOCK,X,0.9539546,0.8272423
7/5/3/3/6/7/7/4/5 3 3,Z,2,2,BLOCK,Z,1.626491,0.8749263
7/1/3/3/6/7/7/6/3 3 3,Z,-2,0,BLOCK,Z,0.6050856,0.2777731
7/5/3/3/4/7/7/6/3 3 3,X,2.2,0,BLOCK,X,0.8447512,0.759824
7/5/3/3/6/7/7/4/3 3 3,Z,2,0,BLOCK,Z,0.4807355,0.4857571
7/1/3/3/6/7/7/5/6 3 3,Z,-1.875,0,BLOCK,Z,0.3569126,0.3263507
7/5/3/3/4/7/7/5/6 3 3,X,1.8,0,BLOCK,X,0.5651968,0.8062114
7/5/3/3/6/7/7/1/6 3 3,Z,-2,0,BLOCK,Z,0.3239299,0.5058163
7/1/3/3/6/7/7/5/5 3 3,Z,-1.875,0,BLOCK,Z,0.3578468,0.3412559
7/5/3/3/4/7/7/5/5 3 3,X,2,0,BLOCK,X,0.6422002,0.6877339
7/5/3/3/6/7/7/1/5 3 3,Z,-2,0,BLOCK,Z,0.2329627,0.3885493
7/1/3/3/6/7/7/5/3 3 3,Z,-1.875,2,BLOCK,Z,0.8042426,0.3846696
7/5/3/3/4/7/7/5/3 3 3,X,2.2,0,BLOCK,X,0.6087694,0.7000417
7/5/3/3/6/7/7/1/3 3 3,Z,-2,0,BLOCK,Z,0.2526707,0.4128878
7/1/3/3/6/7/7/3/6 3 3,Z,-1.75,2,BLOCK,Z,0.7729385,0.4125324
7/5/3/3/4/7/7/3/6 3 3,X,1.8,2,BLOCK,X,1.059344,0.9603247
7/1/3/3/6/7/7/3/5 3 3,Z,-1.75,0,BLOCK,Z,0.4473592,0.3425799
7/5/3/3/4/7/7/3/5 3 3,X,2,0,BLOCK,X,0.6486638,0.6426111
7/1/3/3/6/7/7/3/3 3 3,Z,-1.75,2,BLOCK,Z,0.7789307,0.3929568
7/5/3/3/4/7/7/3/3 3 3,X,2.2,0,BLOCK,X,0.9630813,0.7749022
7/1/3/3/6/7/7/7/4 3 3,Z,-1.875,2,BLOCK,Z,0.7728359,0.4067987
7/5/3/3/4/7/7/7/4 3 3,X,1.8,0,BLOCK,X,0.688444,0.5918063
7/1/3/3/6/7/7/7/2 3 3,Z,-1.875,2,BLOCK,Z,0.8027977,0.5227036
7/5/3/3/4/7/7/7/2 3 3,X,2,0,BLOCK,X,1.1326,0.9253911
7/1/3/3/6/7/7/7/1 3 3,Z,-1.875,2,BLOCK,Z,0.7339738,0.3997131
7/5/3/3/4/7/7/7/1 3 3,X,2.2,0,BLOCK,X,0.6458433,0.6347626
7/1/3/3/5/2/7/7/7 3 3,Z,-1.875,2,BLOCK,Z,0.866834,0.3725184
7/5/3/3/1/2/7/7/7 3 3,X,-2,2,BLOCK,X,0.9202848,0.5685177
7/1/3/3/5/6/6/7/7 3 3,Z,-2,2,BLOCK,Z,0.8178473,0.5759206
7/5/3/3/1/6/6/7/7 3 3,X,-2.20,0,BLOCK,X,0.4840751,0.3945822
7/5/3/3/5/4/6/7/7 3 3,Z,2,2,BLOCK,Z,1.362405,0.9835221
7/5/3/3/5/6/4/7/7 3 3,X,2,0,BLOCK,X,0.8074254,0.5662565
7/5/3/3/5/6/6/6/7 3 3,Z,-0.6818181818181818181818181819,10,BLOCK,X,0.7923667,1.14249
7/1/3/3/5/6/5/7/7 3 3,Z,-2,0,BLOCK,Z,0.3459544,0.2381256
7/5/3/3/1/6/5/7/7 3 3,X,-2,2,BLOCK,X,0.8906131,0.6335703
7/5/3/3/5/4/5/7/7 3 3,Z,2,0,BLOCK,Z,0.6745726,0.6394045
7/5/3/3/5/6/1/7/7 3 3,X,-2,0,BLOCK,X,0.3955855,0.6044991
7/1/3/3/5/6/3/7/7 3 3,Z,-2,0,BLOCK,Z,0.4912704,0.3143064
7/5/3/3/1/6/3/7/7 3 3,X,-1.80,0,BLOCK,X,0.531212,0.6131485
7/5/3/3/5/4/3/7/7 3 3,Z,2,0,BLOCK,Z,0.8200677,0.5362967
7/1/3/3/5/6/7/6/7 3 3,Z,-2.1250000000000000000000000002,2,BLOCK,Z,0.7685843,0.3958449
7/5/3/3/1/6/7/6/7 3 3,X,-2,0,BLOCK,X,0.9009041,0.6310366
7/5/3/3/5/4/7/6/7 3 3,Z,1.75,0,BLOCK,Z,0.7832434,0.5787436
7/5/3/3/5/6/7/4/7 3 3,Z,2,0,BLOCK,Z,0.3820354,0.2478984
7/1/3/3/5/6/7/5/7 3 3,Z,-2,2,BLOCK,Z,0.8607292,0.4300994
7/5/3/3/1/6/7/5/7 3 3,X,-2,2,BLOCK,X,0.91098,0.5551356
7/5/3/3/5/4/7/5/7 3 3,Z,2,0,BLOCK,Z,0.8277731,0.5104527
7/5/3/3/5/6/7/1/7 3 3,Z,-2,0,BLOCK,Z,0.3748457,0.514208
7/1/3/3/5/6/7/3/7 3 3,Z,-1.875,0,BLOCK,Z,0.238349,0.2880522
7/5/3/3/1/6/7/3/7 3 3,X,-2,0,BLOCK,X,0.6474871,0.7128763
7/5/3/3/5/4/7/3/7 3 3,Z,2.25,0,BLOCK,Z,0.7715581,0.5898989
7/1/3/3/5/6/7/7/6 3 3,Z,-2,0,BLOCK,Z,0.3068438,0.2993262
7/5/2/3/5/6/7/7/6 3 3,Z,-0.5833333333333333333333333333,302,TIMEOUT,Z,0.03476862,0.01310424
7/5/3/3/1/6/7/7/6 3 3,X,-2.20,0,BLOCK,X,0.9084248,0.626204
7/5/3/3/5/4/7/7/6 3 3,Z,2,2,BLOCK,Z,1.233075,0.8467791
7/1/3/3/5/6/7/7/5 3 3,Z,-2,0,BLOCK,Z,0.6351627,0.4107563
7/5/3/3/1/6/7/7/5 3 3,X,-2,0,BLOCK,X,0.696079,0.7980501
7/5/3/3/5/4/7/7/5 3 3,Z,2,0,BLOCK,Z,0.6780699,0.5550327
7/1/3/3/5/6/7/7/3 3 3,Z,-2,0,BLOCK,Z,0.3531082,0.206686
7/5/3/3/1/6/7/7/3 3 3,X,-1.80,0,BLOCK,X,0.6014006,0.5623707
7/5/3/3/5/4/7/7/3 3 3,Z,2,0,BLOCK,Z,1.194941,0.8669225
7/1/3/3/5/5/6/7/7 3 3,Z,-1.875,0,BLOCK,Z,0.2863025,0.290588
7/5/3/3/1/5/6/7/7 3 3,X,-2.20,0,BLOCK,X,0.6842638,0.5735348
7/5/3/3/5/1/6/7/7 3 3,Z,-2,2,BLOCK,Z,1.090034,0.7669045
7/5/3/3/5/5/4/7/7 3 3,X,2,0,BLOCK,X,0.3228238,0.4003289
7/1/3/3/5/5/5/7/7 3 3,Z,-1.875,2,BLOCK,Z,0.750436,0.4031295
7/5/3/3/1/5/5/7/7 3 3,X,-2,0,BLOCK,X,0.77149,0.5902351
7/5/3/3/5/1/5/7/7 3 3,Z,-2,0,BLOCK,Z,0.5723729,0.7800592
7/5/3/3/5/5/1/7/7 3 3,X,-2,0,BLOCK,X,0.3589867,0.5717527
7/1/3/3/5/5/3/7/7 3 3,Z,-1.875,0,BLOCK,Z,0.5413725,0.4541543
7/5/3/3/1/5/3/7/7 3 3,X,-1.80,2,BLOCK,X,0.9765886,0.5386835
7/5/3/3/5/1/3/7/7 3 3,Z,-2,0,BLOCK,Z,0.8291907,0.7761983
7/1/3/3/5/5/7/6/7 3 3,Z,-2,0,BLOCK,Z,0.2218008,0.172169
7/5/3/3/1/5/7/6/7 3 3,X,-2,2,BLOCK,X,0.9374322,0.6253694
7/5/3/3/5/1/7/6/7 3 3,Z,-2.25,0,BLOCK,Z,0.5993443,0.6765842
7/5/3/3/5/5/7/4/7 3 3,Z,2,2,BLOCK,Z,1.569196,0.9702601
7/1/3/3/5/5/7/5/7 3 3,Z,-1.875,0,BLOCK,Z,0.6536157,0.2906967
7/5/3/3/1/5/7/5/7 3 3,X,-2,0,BLOCK,X,0.5571824,0.6080699
7/5/3/3/5/1/7/5/7 3 3,Z,-2,0,BLOCK,Z,0.7192312,0.7762522
7/5/3/3/5/5/7/1/7 3 3,Z,-2,0,BLOCK,Z,0.1986356,0.3132532
7/1/3/3/5/5/7/3/7 3 3,Z,-1.75,2,BLOCK,Z,0.8310029,0.3203791
7/5/3/3/1/5/7/3/7 3 3,X,-2,0,BLOCK,X,0.7079481,0.6039736
7/5/3/3/5/1/7/3/7 3 3,Z,-1.75,0,BLOCK,Z,1.105514,0.6857463
7/1/3/3/5/5/7/7/6 3 3,Z,-1.875,0,BLOCK,Z,0.4054511,0.2376034
7/5/3/3/1/5/7/7/6 3 3,X,-2.20,2,BLOCK,X,1.075965,0.6553429
7/5/3/3/5/1/7/7/6 3 3,Z,-2,0,BLOCK,Z,0.7979643,0.8216338
7/1/3/3/5/5/7/7/5 3 3,Z,-1.875,0,BLOCK,Z,0.2850807,0.253849
7/5/3/3/1/5/7/7/5 3 3,X,-2,0,BLOCK,X,1.006398,0.613381
7/5/3/3/5/1/7/7/5 3 3,Z,-2,0,BLOCK,Z,1.288299,0.8145607
7/1/3/3/5/5/7/7/3 3 3,Z,-1.875,2,BLOCK,Z,0.8016042,0.3510794
7/5/3/3/1/5/7/7/3 3 3,X,-1.80,0,BLOCK,X,0.732453,0.6027767
7/5/3/3/5/1/7/7/3 3 3,Z,-2,0,BLOCK,Z,0.6453766,0.7594404
7/1/3/3/5/3/6/7/7 3 3,Z,-1.75,0,BLOCK,Z,0.4602526,0.3943204
7/5/3/3/1/3/6/7/7 3 3,X,-2.20,0,BLOCK,X,0.5863949,0.4765481
7/5/3/3/5/3/4/7/7 3 3,X,2,0,BLOCK,X,0.408237,0.531392
7/1/3/3/5/3/5/7/7 3 3,Z,-1.75,0,BLOCK,Z,0.5929462,0.2739756
7/5/3/3/1/3/5/7/7 3 3,X,-2,2,BLOCK,X,0.8815839,0.6092551
7/5/3/3/5/3/1/7/7 3 3,X,-2,0,BLOCK,X,0.8644544,0.7422398
7/1/3/3/5/3/3/7/7 3 3,Z,-1.75,0,BLOCK,Z,0.3665847,0.4010769
7/5/3/3/1/3/3/7/7 3 3,X,-1.80,0,BLOCK,X,0.620359,0.5727392
7/1/3/3/5/3/7/6/7 3 3,Z,-1.875,0,BLOCK,Z,0.4078084,0.3648313
7/5/3/3/1/3/7/6/7 3 3,X,-2,0,BLOCK,X,0.8358549,0.6120423
7/5/3/3/5/3/7/4/7 3 3,Z,2,0,BLOCK,Z,0.7378937,0.4988017
7/1/3/3/5/3/7/5/7 3 3,Z,-1.75,0,BLOCK,Z,0.4095492,0.1864545
7/5/3/3/1/3/7/5/7 3 3,X,-2,0,BLOCK,X,0.8735583,0.5982313
7/5/3/3/5/3/7/1/7 3 3,Z,-2,0,BLOCK,Z,0.4764534,0.6398337
7/1/3/3/5/3/7/3/7 3 3,Z,-1.625,0,BLOCK,Z,0.3336213,0.1359663
7/5/3/3/1/3/7/3/7 3 3,X,-2,2,BLOCK,X,0.959403,0.6850872
7/1/3/3/5/3/7/7/6 3 3,Z,-1.75,0,BLOCK,Z,0.502259,0.2855883
7/5/3/3/1/3/7/7/6 3 3,X,-2.20,0,BLOCK,X,0.5615447,0.6234651
7/1/3/3/5/3/7/7/5 3 3,Z,-1.75,0,BLOCK,Z,0.5436554,0.178821
7/5/3/3/1/3/7/7/5 3 3,X,-2,0,BLOCK,X,0.8127725,0.618926
7/1/3/3/5/3/7/7/3 3 3,Z,-1.75,0,BLOCK,Z,0.3322484,0.375663
7/5/3/3/1/3/7/7/3 3 3,X,-1.80,0,BLOCK,X,0.5756176,0.6227511
7/1/3/3/5/7/2/7/7 3 3,Z,-1.875,2,BLOCK,Z,0.7731979,0.4617347
7/5/3/3/1/7/2/7/7 3 3,X,-2,0,BLOCK,X,0.5424108,0.4620995
7/1/3/3/5/7/6/6/7 3 3,Z,-2,0,BLOCK,Z,0.5059233,0.3370621
7/5/3/3/1/7/6/6/7 3 3,X,-2.2,2,BLOCK,X,1.396865,0.6581217
7/5/3/3/5/7/4/6/7 3 3,X,2,2,BLOCK,X,1.463144,0.9125604
7/5/3/3/5/7/6/4/7 3 3,Z,2,0,BLOCK,Z,0.1030857,0.1833936
7/1/3/3/5/7/6/5/7 3 3,Z,-1.875,2,BLOCK,Z,0.7014734,0.4138256
7/5/3/3/1/7/6/5/7 3 3,X,-2.2,0,BLOCK,X,0.4963905,0.5781226
7/5/3/3/5/7/4/5/7 3 3,X,2,2,BLOCK,X,1.383685,0.9539306
7/5/3/3/5/7/6/1/7 3 3,Z,-2,0,BLOCK,Z,0.2612221,0.5277035
7/1/3/3/5/7/6/3/7 3 3,Z,-1.75,0,BLOCK,Z,0.5304195,0.2465679
7/5/3/3/1/7/6/3/7 3 3,X,-2.2,0,BLOCK,X,0.6541012,0.6157933
7/5/3/3/5/7/4/3/7 3 3,X,2,0,BLOCK,X,0.5021073,0.4578772
7/1/3/3/5/7/6/7/6 3 3,Z,-1.875,2,BLOCK,Z,0.8792218,0.3777709
7/5/3/3/1/7/6/7/6 3 3,X,-2.4,0,BLOCK,X,0.4921702,0.4936454
7/5/3/3/5/7/4/7/6 3 3,X,1.6,0,BLOCK,X,0.367059,0.3612942
7/1/3/3/5/7/6/7/5 3 3,Z,-1.875,2,BLOCK,Z,0.8269397,0.3753568
7/5/3/3/1/7/6/7/5 3 3,X,-2.2,0,BLOCK,X,0.845088,0.5846442
7/5/3/3/5/7/4/7/5 3 3,X,2,0,BLOCK,X,0.4924228,0.5117948
7/1/3/3/5/7/6/7/3 3 3,Z,-1.875,0,BLOCK,Z,0.3155402,0.3108147
7/5/3/3/1/7/6/7/3 3 3,X,-2,0,BLOCK,X,0.6851125,0.6502933
7/5/3/3/5/7/4/7/3 3 3,X,2.4,0,BLOCK,X,0.3828456,0.4904873
7/1/3/3/5/7/5/6/7 3 3,Z,-2,2,BLOCK,Z,0.7695421,0.4012268
7/5/3/3/1/7/5/6/7 3 3,X,-2,0,BLOCK,X,0.949598,0.6389759
7/5/3/3/5/7/1/6/7 3 3,X,-2,0,BLOCK,X,0.4231085,0.702195
7/5/3/3/5/7/5/4/7 3 3,Z,2,2,BLOCK,Z,1.615015,1.035096
7/1/3/3/5/7/5/5/7 3 3,Z,-1.875,0,BLOCK,Z,0.4908421,0.1828007
7/5/3/3/1/7/5/5/7 3 3,X,-2,2,BLOCK,X,0.969367,0.6990967
7/5/3/3/5/7/1/5/7 3 3,X,-2,2,BLOCK,X,1.367581,0.8372011
7/5/3/3/5/7/5/1/7 3 3,Z,-2,0,BLOCK,Z,1.465953,1.058583
7/1/3/3/5/7/5/3/7 3 3,Z,-1.75,2,BLOCK,Z,0.7855658,0.355061
7/5/3/3/1/7/5/3/7 3 3,X,-2,2,BLOCK,X,0.9448696,0.6666241
7/5/3/3/5/7/1/3/7 3 3,X,-2,0,BLOCK,X,0.4412549,0.65738
7/1/3/3/5/7/5/7/6 3 3,Z,-1.875,0,BLOCK,Z,0.5574198,0.3361726
7/5/3/3/1/7/5/7/6 3 3,X,-2.2,0,BLOCK,X,0.9644404,0.6527612
7/5/3/3/5/7/1/7/6 3 3,X,-2.4,0,BLOCK,X,0.464213,0.7214544
7/1/3/3/5/7/5/7/5 3 3,Z,-1.875,0,BLOCK,Z,0.2400117,0.1359973
7/5/3/3/1/7/5/7/5 3 3,X,-2,0,BLOCK,X,0.8026099,0.6904304
7/5/3/3/5/7/1/7/5 3 3,X,-2,0,BLOCK,X,0.3767745,0.6399184
7/1/3/3/5/7/5/7/3 3 3,Z,-1.875,0,BLOCK,Z,0.3326995,0.401837
7/5/3/3/1/7/5/7/3 3 3,X,-1.8,0,BLOCK,X,0.6527696,0.554504
7/5/3/3/5/7/1/7/3 3 3,X,-1.6,0,BLOCK,X,0.2760261,0.4275776
7/1/3/3/5/7/3/6/7 3 3,Z,-2,2,BLOCK,Z,0.797366,0.3983508
7/5/3/3/1/7/3/6/7 3 3,X,-1.8,0,BLOCK,X,0.5845803,0.5214168
7/5/3/3/5/7/3/4/7 3 3,Z,2,2,BLOCK,Z,1.601003,0.9064028
7/1/3/3/5/7/3/5/7 3 3,Z,-1.875,2,BLOCK,Z,0.7451931,0.4260869
7/5/3/3/1/7/3/5/7 3 3,X,-1.8,0,BLOCK,X,0.8175888,0.6045598
7/5/3/3/5/7/3/1/7 3 3,Z,-2,0,BLOCK,Z,0.1436678,0.3000253
7/1/3/3/5/7/3/3/7 3 3,Z,-1.75,0,BLOCK,Z,0.6023639,0.3746343
7/5/3/3/1/7/3/3/7 3 3,X,-1.8,0,BLOCK,X,0.5797502,0.6418032
7/1/3/3/5/7/3/7/6 3 3,Z,-1.875,0,BLOCK,Z,0.5040802,0.1782197
7/5/3/3/1/7/3/7/6 3 3,X,-2,2,BLOCK,X,0.9959949,0.7422655
7/1/3/3/5/7/3/7/5 3 3,Z,-1.875,0,BLOCK,Z,0.4145521,0.2537177
7/5/3/3/1/7/3/7/5 3 3,X,-1.8,0,BLOCK,X,0.5088177,0.6061826
7/1/3/3/5/7/3/7/3 3 3,Z,-1.875,0,BLOCK,Z,0.3403266,0.2625196
7/5/3/3/1/7/3/7/3 3 3,X,-1.6,0,BLOCK,X,0.4792008,0.6389281
7/1/3/3/5/7/7/2/7 3 3,Z,-1.875,2,BLOCK,Z,0.796368,0.6210124
7/5/3/3/1/7/7/2/7 3 3,X,-2,0,BLOCK,X,0.7866214,0.4882724
6/5/3/3/5/7/7/6/6 3 3,Z,-0.5833333333333333333333333333,302,TIMEOUT,Z,0.1126456,0.07722337
7/1/3/3/5/7/7/6/6 3 3,Z,-2,0,BLOCK,Z,0.2110818,0.09028836
7/5/3/3/1/7/7/6/6 3 3,X,-2.2,0,BLOCK,X,0.8843987,0.596945
7/5/3/3/5/7/7/4/6 3 3,Z,2,0,BLOCK,Z,0.1390618,0.2069741
7/1/3/3/5/7/7/6/5 3 3,Z,-2,0,BLOCK,Z,0.3289824,0.2859662
7/5/3/3/1/7/7/6/5 3 3,X,-2,0,BLOCK,X,0.7269972,0.5191613
7/5/3/3/5/7/7/4/5 3 3,Z,2,0,BLOCK,Z,0.09933079,0.1471493
7/1/3/3/5/7/7/6/3 3 3,Z,-2,0,BLOCK,Z,0.5395473,0.4977482
7/5/3/3/1/7/7/6/3 3 3,X,-1.8,0,BLOCK,X,0.7785484,0.5520297
7/5/3/3/5/7/7/4/3 3 3,Z,2,0,BLOCK,Z,0.2559618,0.3315856
7/1/3/3/5/7/7/5/6 3 3,Z,-1.875,2,BLOCK,Z,0.6485915,0.3702142
7/5/3/3/1/7/7/5/6 3 3,X,-2.2,0,BLOCK,X,0.7333294,0.6086563
7/5/3/3/5/7/7/1/6 3 3,Z,-2,0,BLOCK,Z,0.321146,0.446623
7/1/3/3/5/7/7/5/5 3 3,Z,-1.875,0,BLOCK,Z,0.1924247,0.2004111
7/5/3/3/1/7/7/5/5 3 3,X,-2,0,BLOCK,X,0.785345,0.6198497
7/5/3/3/5/7/7/1/5 3 3,Z,-2,2,BLOCK,Z,1.626223,1.001476
7/1/3/3/5/7/7/5/3 3 3,Z,-1.875,0,BLOCK,Z,0.4074197,0.3793309
7/5/3/3/1/7/7/5/3 3 3,X,-1.8,0,BLOCK,X,0.7458857,0.6178986
7/5/3/3/5/7/7/1/3 3 3,Z,-2,2,BLOCK,Z,1.632931,1.00835
7/1/3/3/5/7/7/3/6 3 3,Z,-1.75,0,BLOCK,Z,0.1658272,0.2268712
7/5/3/3/1/7/7/3/6 3 3,X,-2.2,0,BLOCK,X,0.8365887,0.6473513
7/1/3/3/5/7/7/3/5 3 3,Z,-1.75,0,BLOCK,Z,0.4483087,0.4322098
7/5/3/3/1/7/7/3/5 3 3,X,-2,0,BLOCK,X,0.6781114,0.6864005
7/1/3/3/5/7/7/3/3 3 3,Z,-1.75,2,BLOCK,Z,0.7597772,0.3552833
7/5/3/3/1/7/7/3/3 3 3,X,-1.8,2,BLOCK,X,0.9267557,0.6351179
7/1/3/3/5/7/7/7/4 3 3,Z,-1.875,2,BLOCK,Z,0.7387419,0.4009119
7/5/3/3/1/7/7/7/4 3 3,X,-2.2,2,BLOCK,X,1.133514,0.6499521
7/1/3/3/5/7/7/7/2 3 3,Z,-1.875,2,BLOCK,Z,0.7748022,0.4478481
7/5/3/3/1/7/7/7/2 3 3,X,-2,2,BLOCK,X,1.110869,0.6140724
7/1/3/3/5/7/7/7/1 3 3,Z,-1.875,0,BLOCK,Z,0.4076641,0.1440553
7/5/3/3/1/7/7/7/1 3 3,X,-1.8,2,BLOCK,X,0.9713337,0.5734198
7/1/3/3/3/2/7/7/7 3 3,Z,-1.875,2,BLOCK,Z,0.787513,0.3855234
7/1/3/3/3/6/6/7/7 3 3,Z,-2,0,BLOCK,Z,0.600182,0.3838786
7/5/3/3/3/4/6/7/7 3 3,Z,2,0,BLOCK,Z,1.058735,0.8853378
7/5/3/3/3/6/4/7/7 3 3,X,2,0,BLOCK,X,0.8709253,0.8805878
7/1/3/3/3/6/5/7/7 3 3,Z,-2,0,BLOCK,Z,0.4210474,0.3832317
7/5/3/3/3/4/5/7/7 3 3,Z,2,0,BLOCK,Z,0.5715106,0.563392
7/5/3/3/3/6/1/7/7 3 3,X,-2,2,BLOCK,X,1.434667,0.9138272
7/1/3/3/3/6/3/7/7 3 3,Z,-2,2,BLOCK,Z,0.7073405,0.3777326
7/5/3/3/3/4/3/7/7 3 3,Z,2,0,BLOCK,Z,0.7286574,0.6532085
7/1/3/3/3/6/7/6/7 3 3,Z,-2.1250000000000000000000000002,0,BLOCK,Z,0.363851,0.3086993
7/5/3/3/3/4/7/6/7 3 3,Z,1.75,0,BLOCK,Z,0.5954508,0.7058267
7/5/3/3/3/6/7/4/7 3 3,Z,2,0,BLOCK,Z,0.4488747,0.4825229
7/1/3/3/3/6/7/5/7 3 3,Z,-2,0,BLOCK,Z,0.4393799,0.421814
7/5/3/3/3/4/7/5/7 3 3,Z,2,0,BLOCK,Z,0.6498734,0.6411365
7/5/3/3/3/6/7/1/7 3 3,Z,-2,2,BLOCK,Z,1.574417,0.9658867
7/1/3/3/3/6/7/3/7 3 3,Z,-1.875,0,BLOCK,Z,0.3465914,0.3817323
7/5/3/3/3/4/7/3/7 3 3,Z,2.25,0,BLOCK,Z,0.4881586,0.5476081
7/1/3/3/3/6/7/7/6 3 3,Z,-2,2,BLOCK,Z,0.8249424,0.3756525
7/5/3/3/3/4/7/7/6 3 3,Z,2,0,BLOCK,Z,0.8436931,0.749023
7/1/3/3/3/6/7/7/5 3 3,Z,-2,2,BLOCK,Z,0.7097413,0.4835905
7/5/3/3/3/4/7/7/5 3 3,Z,2,0,BLOCK,Z,0.849167,0.4299585
7/1/3/3/3/6/7/7/3 3 3,Z,-2,0,BLOCK,Z,0.4952966,0.3538218
7/5/3/3/3/4/7/7/3 3 3,Z,2,0,BLOCK,Z,0.7342365,0.5893007
7/1/3/3/3/5/6/7/7 3 3,Z,-1.875,0,BLOCK,Z,0.3665486,0.2967539
7/5/3/3/3/1/6/7/7 3 3,Z,-2,2,BLOCK,Z,1.100984,0.7027943
7/5/3/3/3/5/4/7/7 3 3,X,2,0,BLOCK,X,1.200447,0.8548176
7/1/3/3/3/5/5/7/7 3 3,Z,-1.875,2,BLOCK,Z,0.7059095,0.4371233
7/5/3/3/3/1/5/7/7 3 3,Z,-2,0,BLOCK,Z,0.9176065,0.7485538
7/5/3/3/3/5/1/7/7 3 3,X,-2,0,BLOCK,X,0.668497,0.7315504
7/1/3/3/3/5/3/7/7 3 3,Z,-1.875,0,BLOCK,Z,0.5559247,0.2400534
7/5/3/3/3/1/3/7/7 3 3,Z,-2,0,BLOCK,Z,0.5531751,0.7764128
7/1/3/3/3/5/7/6/7 3 3,Z,-2,0,BLOCK,Z,0.6398399,0.2134644
7/5/3/3/3/1/7/6/7 3 3,Z,-2.25,2,BLOCK,Z,1.375204,0.7591045
7/5/3/3/3/5/7/4/7 3 3,Z,2,0,BLOCK,Z,0.1771572,0.2170825
7/1/3/3/3/5/7/5/7 3 3,Z,-1.875,2,BLOCK,Z,0.7569169,0.3190374
7/5/3/3/3/1/7/5/7 3 3,Z,-2,0,BLOCK,Z,0.7316186,0.7635956
7/5/3/3/3/5/7/1/7 3 3,Z,-2,0,BLOCK,Z,0.3169565,0.5661421
7/1/3/3/3/5/7/3/7 3 3,Z,-1.75,2,BLOCK,Z,0.7281225,0.4087799
7/5/3/3/3/1/7/3/7 3 3,Z,-1.75,0,BLOCK,Z,0.6832511,0.6309402
7/1/3/3/3/5/7/7/6 3 3,Z,-1.875,0,BLOCK,Z,0.3676299,0.1781755
7/5/3/3/3/1/7/7/6 3 3,Z,-2,0,BLOCK,Z,0.940118,0.6843481
7/1/3/3/3/5/7/7/5 3 3,Z,-1.875,0,BLOCK,Z,0.6615485,0.4221977
7/5/3/3/3/1/7/7/5 3 3,Z,-2,0,BLOCK,Z,0.7847165,0.8037981
7/1/3/3/3/5/7/7/3 3 3,Z,-1.875,2,BLOCK,Z,0.7720854,0.3841127
7/5/2/3/3/5/7/7/3 3 3,Z,-0.5,302,TIMEOUT,Z,0.01264476,0.005533626
7/5/3/3/3/1/7/7/3 3 3,Z,-2,0,BLOCK,Z,0.711407,0.7189795
7/1/3/3/3/3/6/7/7 3 3,Z,-1.75,0,BLOCK,Z,0.466811,0.2446587
7/5/3/3/3/3/4/7/7 3 3,X,2,0,BLOCK,X,1.424276,1.003619
7/1/3/3/3/3/5/7/7 3 3,Z,-1.75,0,BLOCK,Z,0.4476172,0.2668255
7/5/3/3/3/3/1/7/7 3 3,X,-2,2,BLOCK,X,1.425989,0.8568729
7/1/3/3/3/3/3/7/7 3 3,Z,-1.75,2,BLOCK,Z,0.7298299,0.4295401
7/1/3/3/3/3/7/6/7 3 3,Z,-1.875,2,BLOCK,Z,0.7417285,0.383286
7/5/3/3/3/3/7/4/7 3 3,Z,2,0,BLOCK,Z,0.4168141,0.412662
7/1/3/3/3/3/7/5/7 3 3,Z,-1.75,2,BLOCK,Z,0.8739631,0.3948575
7/5/3/3/3/3/7/1/7 3 3,Z,-2,0,BLOCK,Z,0.4043907,0.6253203
7/1/3/3/3/3/7/3/7 3 3,Z,-1.625,0,BLOCK,Z,0.3908196,0.2619893
7/1/3/3/3/3/7/7/6 3 3,Z,-1.75,0,BLOCK,Z,0.2734086,0.2286094
7/1/3/3/3/3/7/7/5 3 3,Z,-1.75,2,BLOCK,Z,0.7427967,0.4378754
7/1/3/3/3/3/7/7/3 3 3,Z,-1.75,2,BLOCK,Z,0.7659488,0.4912782
7/1/3/3/3/7/2/7/7 3 3,Z,-1.875,0,BLOCK,Z,0.5062655,0.369611
7/1/3/3/3/7/6/6/7 3 3,Z,-2,2,BLOCK,Z,0.8036602,0.4472197
7/5/3/3/3/7/4/6/7 3 3,X,2,0,BLOCK,X,1.042802,0.7181452
7/5/3/3/3/7/6/4/7 3 3,Z,2,0,BLOCK,Z,1.669464,1.019946
7/1/3/3/3/7/6/5/7 3 3,Z,-1.875,2,BLOCK,Z,0.762904,0.3886006
7/5/3/3/3/7/4/5/7 3 3,X,2,0,BLOCK,X,0.5742519,0.5607752
7/5/3/3/3/7/6/1/7 3 3,Z,-2,0,BLOCK,Z,0.2570713,0.468902
7/1/3/3/3/7/6/3/7 3 3,Z,-1.75,2,BLOCK,Z,0.7923333,0.3682943
7/5/3/3/3/7/4/3/7 3 3,X,2,0,BLOCK,X,0.6029465,0.5488136
7/1/3/3/3/7/6/7/6 3 3,Z,-1.875,0,BLOCK,Z,0.194448,0.1795757
7/5/3/3/3/7/4/7/6 3 3,X,1.6,0,BLOCK,X,0.375839,0.3905525
7/1/3/3/3/7/6/7/5 3 3,Z,-1.875,0,BLOCK,Z,0.5902397,0.4715721
7/5/3/3/3/7/4/7/5 3 3,X,2,0,BLOCK,X,1.042663,0.6941898
7/1/3/3/3/7/6/7/3 3 3,Z,-1.875,0,BLOCK,Z,0.6062814,0.4058267
7/5/3/3/3/7/4/7/3 3 3,X,2.4,0,BLOCK,X,0.7400044,0.7241595
7/1/3/3/3/7/5/6/7 3 3,Z,-2,0,BLOCK,Z,0.4014943,0.3154881
7/5/3/3/3/7/1/6/7 3 3,X,-2,2,BLOCK,X,1.368337,0.8110166
7/5/3/3/3/7/5/4/7 3 3,Z,2,0,BLOCK,Z,0.1310165,0.1859428
7/1/3/3/3/7/5/5/7 3 3,Z,-1.875,0,BLOCK,Z,0.4696895,0.3393327
7/5/3/3/3/7/1/5/7 3 3,X,-2,0,BLOCK,X,0.6520662,0.8104745
7/5/3/3/3/7/5/1/7 3 3,Z,-2,2,BLOCK,Z,1.645562,1.07413
7/1/3/3/3/7/5/3/7 3 3,Z,-1.75,2,BLOCK,Z,0.7222244,0.3938101
7/5/3/3/3/7/1/3/7 3 3,X,-2,0,BLOCK,X,0.7288109,0.767718
7/1/3/3/3/7/5/7/6 3 3,Z,-1.875,0,BLOCK,Z,0.2965813,0.3080037
7/5/3/3/3/7/1/7/6 3 3,X,-2.4,2,BLOCK,X,1.665011,0.9570667
7/1/3/3/3/7/5/7/5 3 3,Z,-1.875,0,BLOCK,Z,0.32241,0.264693
7/5/3/3/3/7/1/7/5 3 3,X,-2,0,BLOCK,X,0.4752097,0.597801
7/1/3/3/3/7/5/7/3 3 3,Z,-1.875,0,BLOCK,Z,0.4460197,0.3109171
7/5/3/3/3/7/1/7/3 3 3,X,-1.6,0,BLOCK,X,0.4040642,0.5584801
7/1/3/3/3/7/3/6/7 3 3,Z,-2,0,BLOCK,Z,0.07183081,0.1061492
7/5/3/3/3/7/3/4/7 3 3,Z,2,0,BLOCK,Z,0.09444871,0.1411601
7/1/3/3/3/7/3/5/7 3 3,Z,-1.875,2,BLOCK,Z,0.7576985,0.4764396
7/5/3/3/3/7/3/1/7 3 3,Z,-2,2,BLOCK,Z,1.639357,1.050318
7/1/3/3/3/7/3/3/7 3 3,Z,-1.75,2,BLOCK,Z,0.7199513,0.3137623
7/1/3/3/3/7/3/7/6 3 3,Z,-1.875,0,BLOCK,Z,0.5669786,0.3914539
7/1/3/3/3/7/3/7/5 3 3,Z,-1.875,2,BLOCK,Z,0.7199821,0.4377557
7/1/3/3/3/7/3/7/3 3 3,Z,-1.875,2,BLOCK,Z,0.7703361,0.3777818
7/1/3/3/3/7/7/2/7 3 3,Z,-1.875,0,BLOCK,Z,0.1789638,0.144607
7/1/3/3/3/7/7/6/6 3 3,Z,-2,2,BLOCK,Z,0.8696605,0.5098053
7/5/3/3/3/7/7/4/6 3 3,Z,2,0,BLOCK,Z,0.3128189,0.4321398
7/1/3/3/3/7/7/6/5 3 3,Z,-2,2,BLOCK,Z,0.8380289,0.4090782
7/5/3/3/3/7/7/4/5 3 3,Z,2,2,BLOCK,Z,1.58851,0.9396026
7/1/3/3/3/7/7/6/3 3 3,Z,-2,0,BLOCK,Z,0.5046017,0.3488552
7/5/3/3/3/7/7/4/3 3 3,Z,2,0,BLOCK,Z,0.3280877,0.3839819
7/1/3/3/3/7/7/5/6 3 3,Z,-1.875,0,BLOCK,Z,0.3560568,0.3647906
7/5/3/3/3/7/7/1/6 3 3,Z,-2,2,BLOCK,Z,1.690486,1.116433
7/1/3/3/3/7/7/5/5 3 3,Z,-1.875,0,BLOCK,Z,0.3772072,0.3886091
7/5/3/3/3/7/7/1/5 3 3,Z,-2,0,BLOCK,Z,0.2308301,0.4348927
7/1/3/3/3/7/7/5/3 3 3,Z,-1.875,0,BLOCK,Z,0.5339181,0.4475386
7/5/3/3/3/7/7/1/3 3 3,Z,-2,0,BLOCK,Z,0.2380072,0.3768146
7/1/3/3/3/7/7/3/6 3 3,Z,-1.75,2,BLOCK,Z,0.7139143,0.3771234
7/1/3/3/3/7/7/3/5 3 3,Z,-1.75,0,BLOCK,Z,0.3803311,0.3115758
7/1/3/3/3/7/7/3/3 3 3,Z,-1.75,2,BLOCK,Z,0.7563007,0.3147671
7/1/3/3/3/7/7/7/4 3 3,Z,-1.875,0,BLOCK,Z,0.4703235,0.3915685
7/1/3/3/3/7/7/7/2 3 3,Z,-1.875,2,BLOCK,Z,0.8225076,0.3551843
7/1/3/3/3/7/7/7/1 3 3,Z,-1.875,2,BLOCK,Z,0.7836776,0.401572
7/1/3/3/7/2/6/7/7 3 3,Z,-1.875,0,BLOCK,Z,0.5087172,0.1933383
7/5/3/3/7/2/4/7/7 3 3,X,2,2,BLOCK,X,1.455161,0.8956041
7/1/3/3/7/2/5/7/7 3 3,Z,-1.875,0,BLOCK,Z,0.2533007,0.3440497
7/5/3/3/7/2/1/7/7 3 3,X,-2,0,BLOCK,X,0.7290579,0.7673005
7/1/3/3/7/2/3/7/7 3 3,Z,-1.875,2,BLOCK,Z,0.7506087,0.4363605
7/1/3/3/7/2/7/6/7 3 3,Z,-2,0,BLOCK,Z,0.3061956,0.1624765
7/5/3/3/7/2/7/4/7 3 3,Z,2,0,BLOCK,Z,0.4692647,0.4065059
7/1/3/3/7/2/7/5/7 3 3,Z,-1.875,2,BLOCK,Z,0.5947344,0.4246762
7/5/3/3/7/2/7/1/7 3 3,Z,-2,0,BLOCK,Z,0.6496723,0.7164257
7/1/3/3/7/2/7/3/7 3 3,Z,-1.75,0,BLOCK,Z,0.2538222,0.2696956
7/1/3/3/7/2/7/7/6 3 3,Z,-1.875,0,BLOCK,Z,0.492194,0.3317605
7/1/3/3/7/2/7/7/5 3 3,Z,-1.875,2,BLOCK,Z,0.7943971,0.4175316
7/1/3/3/7/2/7/7/3 3 3,Z,-1.875,2,BLOCK,Z,0.716803,0.4551008
7/1/3/3/7/6/2/7/7 3 3,Z,-2,0,BLOCK,Z,0.3568548,0.2447585
7/5/3/3/7/4/2/7/7 3 3,Z,2,2,BLOCK,Z,1.169976,0.8249027
7/1/3/3/7/6/6/6/7 3 3,Z,-2.1250000000000000000000000002,0,BLOCK,Z,0.2516582,0.2441003
7/5/3/3/7/4/6/6/7 3 3,Z,1.7142857142857142857142857142,0,BLOCK,Z,0.3330852,0.5612926
7/5/3/3/7/6/4/6/7 3 3,X,2,2,BLOCK,X,1.403746,0.9433846
7/5/3/3/7/6/6/4/7 3 3,Z,2,2,BLOCK,Z,1.652507,0.9566506
7/1/3/3/7/6/6/5/7 3 3,Z,-2,0,BLOCK,Z,0.3459296,0.3652946
7/5/3/3/7/4/6/5/7 3 3,Z,2,0,BLOCK,Z,0.720972,0.5230978
7/5/3/3/7/6/4/5/7 3 3,X,2,0,BLOCK,X,0.4903693,0.5493373
7/5/3/3/7/6/6/1/7 3 3,Z,-2,2,BLOCK,Z,1.562823,0.9568949
7/1/3/3/7/6/6/3/7 3 3,Z,-1.875,2,BLOCK,Z,0.9029435,0.6369745
7/5/3/3/7/4/6/3/7 3 3,Z,2.2857142857142857142857142858,2,BLOCK,Z,1.448474,0.8872845
7/5/3/3/7/6/4/3/7 3 3,X,2,0,BLOCK,X,1.357675,0.9505949
7/1/3/3/7/6/6/7/5 3 3,Z,-2,0,BLOCK,Z,0.3940228,0.2534327
7/5/3/3/7/4/6/7/5 3 3,Z,2,0,BLOCK,Z,0.7045141,0.6746436
7/5/3/3/7/6/4/7/5 3 3,X,2,2,BLOCK,X,1.360652,0.9186112
7/1/3/3/7/6/6/7/3 3 3,Z,-2,2,BLOCK,Z,0.791204,0.5565347
7/5/3/3/7/4/6/7/3 3 3,Z,2,0,BLOCK,Z,0.858135,0.4462363
7/5/3/3/7/6/4/7/3 3 3,X,2.4,2,BLOCK,X,1.632957,1.024634
7/1/3/3/7/6/5/6/7 3 3,Z,-2.1250000000000000000000000002,0,BLOCK,Z,0.3833371,0.2670845
7/5/3/3/7/4/5/6/7 3 3,Z,1.7142857142857142857142857142,0,BLOCK,Z,0.3785749,0.4286146
7/5/3/3/7/6/1/6/7 3 3,X,-2,0,BLOCK,X,0.3986497,0.6747879
7/5/3/3/7/6/5/4/7 3 3,Z,2,0,BLOCK,Z,0.2248833,0.1832106
7/1/3/3/7/6/5/5/7 3 3,Z,-2,0,BLOCK,Z,0.445797,0.3576625
7/5/3/3/7/4/5/5/7 3 3,Z,2,2,BLOCK,Z,1.183169,0.8634306
7/5/3/3/7/6/1/5/7 3 3,X,-2,2,BLOCK,X,1.439676,1.03086
7/5/3/3/7/6/5/1/7 3 3,Z,-2,0,BLOCK,Z,0.6298547,0.765844
7/1/3/3/7/6/5/3/7 3 3,Z,-1.875,0,BLOCK,Z,0.4690495,0.4634866
7/5/3/3/7/4/5/3/7 3 3,Z,2.2857142857142857142857142858,2,BLOCK,Z,1.380592,0.944735
7/5/3/3/7/6/1/3/7 3 3,X,-2,0,BLOCK,X,0.7888503,0.7989464
7/1/3/3/7/6/5/7/6 3 3,Z,-2,0,BLOCK,Z,0.4929484,0.3510151
7/5/3/3/7/4/5/7/6 3 3,Z,2,0,BLOCK,Z,0.5508431,0.5130471
7/5/3/3/7/6/4/7/6 3 3,X,1.6,0,BLOCK,X,0.08262289,0.2961172
7/5/3/3/7/6/1/7/6 3 3,X,-2.4,2,BLOCK,X,1.62303,0.9425728
7/5/3/3/7/6/5/6/6 3 3,Z,-0.6818181818181818181818181818,302,TIMEOUT,Z,0.005496058,0.003152659
7/1/3/3/7/6/5/7/5 3 3,Z,-2,2,BLOCK,Z,0.8083931,0.4735553
7/5/3/3/7/4/5/7/5 3 3,Z,2,0,BLOCK,Z,0.6264983,0.4307038
7/5/3/3/7/6/1/7/5 3 3,X,-2,0,BLOCK,X,0.4837253,0.7059116
7/1/3/3/7/6/5/7/3 3 3,Z,-2,2,BLOCK,Z,0.7960312,0.4601422
7/5/3/3/7/4/5/7/3 3 3,Z,2,0,BLOCK,Z,0.5235844,0.4594724
7/5/3/3/7/6/1/7/3 3 3,X,-1.6,2,BLOCK,X,1.286914,0.7907267
7/1/3/3/7/6/3/6/7 3 3,Z,-2.1250000000000000000000000002,0,BLOCK,Z,0.3989955,0.3195455
7/5/3/3/7/4/3/6/7 3 3,Z,1.7142857142857142857142857142,0,BLOCK,Z,0.5251026,0.4116382
7/5/3/3/7/6/3/4/7 3 3,Z,2,0,BLOCK,Z,0.2170004,0.1517286
7/1/3/3/7/6/3/5/7 3 3,Z,-2,2,BLOCK,Z,0.8527267,0.501453
7/5/3/3/7/4/3/5/7 3 3,Z,2,2,BLOCK,Z,1.084357,0.7540722
7/5/3/3/7/6/3/1/7 3 3,Z,-2,0,BLOCK,Z,0.7397526,0.7583657
7/1/3/3/7/6/3/3/7 3 3,Z,-1.875,0,BLOCK,Z,0.4119794,0.4495158
7/5/3/3/7/4/3/3/7 3 3,Z,2.2857142857142857142857142858,2,BLOCK,Z,1.491664,0.9375465
7/1/3/3/7/6/3/7/6 3 3,Z,-2,0,BLOCK,Z,0.5632818,0.4147106
7/5/3/3/7/4/3/7/6 3 3,Z,2,0,BLOCK,Z,1.297569,0.9432161
7/1/3/3/7/6/3/7/5 3 3,Z,-2,0,BLOCK,Z,0.5194433,0.4226939
7/5/3/3/7/4/3/7/5 3 3,Z,2,0,BLOCK,Z,0.6478583,0.5322332
7/1/3/3/7/6/3/7/3 3 3,Z,-2,2,BLOCK,Z,0.8887379,0.4394799
7/5/3/3/7/4/3/7/3 3 3,Z,2,0,BLOCK,Z,0.7840225,0.5459282
7/1/3/3/7/6/7/2/7 3 3,Z,-2,2,BLOCK,Z,0.7719884,0.4348907
7/5/3/3/7/4/7/2/7 3 3,Z,2,0,BLOCK,Z,0.1729514,0.3131856
7/1/3/3/7/6/7/6/6 3 3,Z,-2.1250000000000000000000000002,0,BLOCK,Z,0.7216335,0.3439224
7/5/3/3/7/4/7/6/6 3 3,Z,1.7142857142857142857142857142,0,BLOCK,Z,0.4697992,0.4679287
7/5/3/3/7/6/7/4/6 3 3,Z,2,2,BLOCK,Z,1.568387,0.9414429
7/1/3/3/7/6/7/6/5 3 3,Z,-2.1250000000000000000000000002,0,BLOCK,Z,0.5766675,0.4862383
7/5/3/3/7/4/7/6/5 3 3,Z,1.7142857142857142857142857142,0,BLOCK,Z,0.4398573,0.4861245
7/5/3/3/7/6/7/4/5 3 3,Z,2,2,BLOCK,Z,1.570753,1.022158
7/1/3/3/7/6/7/6/3 3 3,Z,-2.1250000000000000000000000002,0,BLOCK,Z,0.4552154,0.3948667
7/5/3/3/7/4/7/6/3 3 3,Z,1.7142857142857142857142857142,0,BLOCK,Z,0.3957267,0.5370886
7/5/3/3/7/6/7/4/3 3 3,Z,2,0,BLOCK,Z,0.2611745,0.2150222
7/1/3/3/7/6/7/5/6 3 3,Z,-2,0,BLOCK,Z,0.3189537,0.2782101
7/5/3/3/7/4/7/5/6 3 3,Z,2,2,BLOCK,Z,1.168946,0.7477567
7/5/3/3/7/6/7/1/6 3 3,Z,-2,2,BLOCK,Z,1.594343,1.019573
7/1/3/3/7/6/7/5/5 3 3,Z,-2,2,BLOCK,Z,0.7911434,0.4331406
7/5/3/3/7/4/7/5/5 3 3,Z,2,0,BLOCK,Z,0.551825,0.3683009
7/5/3/3/7/6/7/1/5 3 3,Z,-2,0,BLOCK,Z,0.4502536,0.5919374
7/1/3/3/7/6/7/5/3 3 3,Z,-2,0,BLOCK,Z,0.5993917,0.5601563
7/5/3/3/7/4/7/5/3 3 3,Z,2,0,BLOCK,Z,0.4718925,0.4861675
7/5/3/3/7/6/7/1/3 3 3,Z,-2,2,BLOCK,Z,1.613813,0.9942493
7/1/3/3/7/6/7/3/6 3 3,Z,-1.875,0,BLOCK,Z,0.5343188,0.5310928
7/5/3/3/7/4/7/3/6 3 3,Z,2.2857142857142857142857142858,0,BLOCK,Z,0.5629006,0.52343
7/1/3/3/7/6/7/3/5 3 3,Z,-1.875,0,BLOCK,Z,0.3377614,0.3467736
7/5/3/3/7/4/7/3/5 3 3,Z,2.2857142857142857142857142858,0,BLOCK,Z,0.6799698,0.4442174
7/1/3/3/7/6/7/3/3 3 3,Z,-1.875,2,BLOCK,Z,0.8950213,0.5553116
7/5/3/3/7/4/7/3/3 3 3,Z,2.2857142857142857142857142858,0,BLOCK,Z,0.816917,0.6354302
7/1/3/3/7/6/6/7/6 3 3,Z,-2,0,BLOCK,Z,0.4398932,0.2700294
7/5/3/3/7/4/6/7/6 3 3,Z,2,0,BLOCK,Z,0.5861944,0.4624754
7/1/3/3/7/6/7/7/4 3 3,Z,-2,0,BLOCK,Z,0.4715568,0.2468812
7/5/3/3/7/4/7/7/4 3 3,Z,2,2,BLOCK,Z,1.287149,0.7682511
7/1/3/3/7/6/7/7/2 3 3,Z,-2,0,BLOCK,Z,0.1957316,0.2760334
7/5/3/3/7/4/7/7/2 3 3,Z,2,0,BLOCK,Z,0.9425661,0.667464
7/1/3/3/7/6/7/7/1 3 3,Z,-2,0,BLOCK,Z,0.6083544,0.2547967
7/5/3/3/7/4/7/7/1 3 3,Z,2,0,BLOCK,Z,1.144499,0.6903716
7/1/3/3/7/5/2/7/7 3 3,Z,-1.875,0,BLOCK,Z,0.4387926,0.408976
7/5/3/3/7/1/2/7/7 3 3,Z,-2,0,BLOCK,Z,0.5610324,0.7533808
7/1/3/3/7/5/6/6/7 3 3,Z,-2,0,BLOCK,Z,0.3880146,0.3463155
7/5/3/3/7/1/6/6/7 3 3,Z,-2.2857142857142857142857142858,0,BLOCK,Z,0.7334322,0.7616215
7/5/3/3/7/5/4/6/7 3 3,X,2,0,BLOCK,X,0.8302464,0.6238587
7/5/3/3/7/5/6/4/7 3 3,Z,2,0,BLOCK,Z,0.1762573,0.3145478
7/1/3/3/7/5/6/5/7 3 3,Z,-1.875,2,BLOCK,Z,0.6745633,0.3820977
7/5/3/3/7/1/6/5/7 3 3,Z,-2,2,BLOCK,Z,1.055466,0.8147464
7/5/3/3/7/5/4/5/7 3 3,X,2,0,BLOCK,X,0.4436154,0.4556426
7/5/3/3/7/5/6/1/7 3 3,Z,-2,0,BLOCK,Z,0.1211404,0.3198153
7/1/3/3/7/5/6/3/7 3 3,Z,-1.75,0,BLOCK,Z,0.1989957,0.1401776
7/5/3/3/7/1/6/3/7 3 3,Z,-1.7142857142857142857142857142,0,BLOCK,Z,0.524758,0.719108
7/5/3/3/7/5/4/3/7 3 3,X,2,0,BLOCK,X,0.902795,0.4096229
7/1/3/3/7/5/6/7/6 3 3,Z,-1.875,2,BLOCK,Z,0.7779063,0.4110988
7/5/3/3/7/1/6/7/6 3 3,Z,-2,0,BLOCK,Z,0.8216298,0.8317433
7/5/3/3/7/5/4/7/6 3 3,X,1.6,0,BLOCK,X,0.132765,0.1898866
7/1/3/3/7/5/6/7/5 3 3,Z,-1.875,0,BLOCK,Z,0.4643063,0.3670588
7/5/3/3/7/1/6/7/5 3 3,Z,-2,0,BLOCK,Z,0.6221445,0.8276435
7/5/3/3/7/5/4/7/5 3 3,X,2,0,BLOCK,X,0.3631074,0.2609451
7/5/3/3/7/5/6/6/5 3 3,Z,-0.5909090909090909090909090909,16,BLOCK,X,1.832037,2.225331
7/1/3/3/7/5/6/7/3 3 3,Z,-1.875,0,BLOCK,Z,0.4887763,0.2529376
7/5/3/3/7/1/6/7/3 3 3,Z,-2,0,BLOCK,Z,0.6556674,0.898436
7/5/3/3/7/5/4/7/3 3 3,X,2.4,2,BLOCK,X,1.625265,0.9515808
7/1/3/3/7/5/5/6/7 3 3,Z,-2,2,BLOCK,Z,0.8073025,0.3780228
7/5/3/3/7/1/5/6/7 3 3,Z,-2.2857142857142857142857142858,2,BLOCK,Z,1.353263,0.8539903
7/5/3/3/7/5/1/6/7 3 3,X,-2,0,BLOCK,X,0.7101701,0.757796
7/5/3/3/7/5/5/4/7 3 3,Z,2,0,BLOCK,Z,1.149899,0.8065001
7/1/3/3/7/5/5/5/7 3 3,Z,-1.875,0,BLOCK,Z,0.5896823,0.3821118
7/5/3/3/7/1/5/5/7 3 3,Z,-2,0,BLOCK,Z,0.7374281,0.8408
7/5/3/3/7/5/1/5/7 3 3,X,-2,0,BLOCK,X,0.5681127,0.7124282
7/5/3/3/7/5/5/1/7 3 3,Z,-2,0,BLOCK,Z,0.1523175,0.3087358
7/1/3/3/7/5/5/3/7 3 3,Z,-1.75,0,BLOCK,Z,0.2123499,0.2991513
7/5/3/3/7/1/5/3/7 3 3,Z,-1.7142857142857142857142857142,0,BLOCK,Z,0.4845752,0.8367856
7/5/3/3/7/5/1/3/7 3 3,X,-2,0,BLOCK,X,0.4515977,0.6362659
7/1/3/3/7/5/5/7/6 3 3,Z,-1.875,2,BLOCK,Z,0.8620123,0.4107212
7/5/3/3/7/1/5/7/6 3 3,Z,-2,2,BLOCK,Z,1.144233,0.7477435
7/5/3/3/7/5/1/7/6 3 3,X,-2.4,0,BLOCK,X,0.5519928,0.7948279
7/1/3/3/7/5/5/7/5 3 3,Z,-1.875,0,BLOCK,Z,0.422527,0.2516714
7/5/3/3/7/1/5/7/5 3 3,Z,-2,0,BLOCK,Z,0.6230382,0.8147754
7/5/3/3/7/5/1/7/5 3 3,X,-2,0,BLOCK,X,0.481341,0.694813
7/1/3/3/7/5/5/7/3 3 3,Z,-1.875,0,BLOCK,Z,0.3756033,0.2191485
7/5/3/3/7/1/5/7/3 3 3,Z,-2,0,BLOCK,Z,0.7376241,0.8550526
7/5/3/3/7/5/1/7/3 3 3,X,-1.6,2,BLOCK,X,1.271619,0.8104441
7/1/3/3/7/5/3/6/7 3 3,Z,-2,2,BLOCK,Z,0.8400457,0.3592764
7/5/3/3/7/1/3/6/7 3 3,Z,-2.2857142857142857142857142858,0,BLOCK,Z,0.7166815,0.7409965
7/5/3/3/7/5/3/4/7 3 3,Z,2,0,BLOCK,Z,0.1056143,0.1059008
7/1/3/3/7/5/3/5/7 3 3,Z,-1.875,2,BLOCK,Z,0.7064106,0.4126541
7/5/3/3/7/1/3/5/7 3 3,Z,-2,0,BLOCK,Z,0.9731779,0.7447446
7/5/3/3/7/5/3/1/7 3 3,Z,-2,0,BLOCK,Z,0.1214531,0.3323855
7/1/3/3/7/5/3/3/7 3 3,Z,-1.75,2,BLOCK,Z,0.8107539,0.4086711
7/5/3/3/7/1/3/3/7 3 3,Z,-1.7142857142857142857142857142,0,BLOCK,Z,0.5093707,0.6512849
7/1/3/3/7/5/3/7/6 3 3,Z,-1.875,2,BLOCK,Z,0.7682575,0.4051228
7/5/3/3/7/1/3/7/6 3 3,Z,-2,0,BLOCK,Z,1.247747,0.7938436
7/1/3/3/7/5/3/7/5 3 3,Z,-1.875,0,BLOCK,Z,0.4153517,0.2368782
7/5/3/3/7/1/3/7/5 3 3,Z,-2,2,BLOCK,Z,1.223347,1.124422
7/1/3/3/7/5/3/7/3 3 3,Z,-1.875,0,BLOCK,Z,0.4453014,0.3072113
7/5/3/3/7/1/3/7/3 3 3,Z,-2,2,BLOCK,Z,1.159284,0.8341937
7/1/3/3/7/5/7/2/7 3 3,Z,-1.875,2,BLOCK,Z,0.7295439,0.442907
7/5/3/3/7/1/7/2/7 3 3,Z,-2,2,BLOCK,Z,1.198562,0.7586561
7/1/3/3/7/5/7/6/6 3 3,Z,-2,2,BLOCK,Z,0.755132,0.4393514
7/5/3/3/7/1/7/6/6 3 3,Z,-2.2857142857142857142857142858,0,BLOCK,Z,0.5618399,0.7738699
7/5/3/3/7/5/7/4/6 3 3,Z,2,0,BLOCK,Z,0.1821194,0.2434668
7/1/3/3/7/5/7/6/5 3 3,Z,-2,2,BLOCK,Z,0.7947059,0.4390511
7/5/3/3/7/1/7/6/5 3 3,Z,-2.2857142857142857142857142858,2,BLOCK,Z,1.408218,0.8625621
7/5/3/3/7/5/7/4/5 3 3,Z,2,0,BLOCK,Z,0.06977235,0.2035297
7/1/3/3/7/5/7/6/3 3 3,Z,-2,0,BLOCK,Z,0.2478601,0.257014
7/5/3/3/7/1/7/6/3 3 3,Z,-2.2857142857142857142857142858,0,BLOCK,Z,0.4323283,0.5431131
7/5/3/3/7/5/7/4/3 3 3,Z,2,0,BLOCK,Z,0.3631267,0.388899
7/1/3/3/7/5/7/5/6 3 3,Z,-1.875,2,BLOCK,Z,0.8689343,0.4420977
7/5/3/3/7/1/7/5/6 3 3,Z,-2,0,BLOCK,Z,1.23458,0.7818544
7/5/3/3/7/5/7/1/6 3 3,Z,-2,2,BLOCK,Z,1.64155,1.00203
7/1/3/3/7/5/7/5/5 3 3,Z,-1.875,0,BLOCK,Z,0.2488417,0.2765219
7/5/3/3/7/1/7/5/5 3 3,Z,-2,0,BLOCK,Z,0.6748347,0.8336266
7/5/3/3/7/5/7/1/5 3 3,Z,-2,0,BLOCK,Z,0.1819588,0.3352095
7/1/3/3/7/5/7/5/3 3 3,Z,-1.875,0,BLOCK,Z,0.3556794,0.239909
7/5/3/3/7/1/7/5/3 3 3,Z,-2,0,BLOCK,Z,0.6036063,0.7745711
7/5/3/3/7/5/7/1/3 3 3,Z,-2,0,BLOCK,Z,0.2468413,0.4243028
7/1/3/3/7/5/7/3/6 3 3,Z,-1.75,0,BLOCK,Z,0.6467837,0.496261
7/5/3/3/7/1/7/3/6 3 3,Z,-1.7142857142857142857142857142,0,BLOCK,Z,0.5937653,0.68208
7/1/3/3/7/5/7/3/5 3 3,Z,-1.75,0,BLOCK,Z,0.5500381,0.2767171
7/5/3/3/7/1/7/3/5 3 3,Z,-1.7142857142857142857142857142,0,BLOCK,Z,1.163831,0.7776968
7/1/3/3/7/5/7/3/3 3 3,Z,-1.75,0,BLOCK,Z,0.5327336,0.3245604
7/5/3/3/7/1/7/3/3 3 3,Z,-1.7142857142857142857142857142,0,BLOCK,Z,0.8950204,0.5667081
7/1/3/3/7/5/7/7/4 3 3,Z,-1.875,0,BLOCK,Z,0.324997,0.3141071
7/5/3/3/7/1/7/7/4 3 3,Z,-2,0,BLOCK,Z,1.321336,0.8835904
7/1/3/3/7/5/7/7/2 3 3,Z,-1.875,0,BLOCK,Z,0.3834518,0.3510983
7/5/3/3/7/1/7/7/2 3 3,Z,-2,0,BLOCK,Z,0.6522484,0.8682163
7/1/3/3/7/5/7/7/1 3 3,Z,-1.875,0,BLOCK,Z,0.482984,0.2755613
7/5/3/3/7/1/7/7/1 3 3,Z,-2,2,BLOCK,Z,1.260617,0.8769681
7/1/3/3/7/3/2/7/7 3 3,Z,-1.75,0,BLOCK,Z,0.5353764,0.1989564
7/1/3/3/7/3/6/6/7 3 3,Z,-1.875,2,BLOCK,Z,0.7603042,0.5161426
7/5/3/3/7/3/4/6/7 3 3,X,2,0,BLOCK,X,0.734943,0.6939108
7/5/3/3/7/3/6/4/7 3 3,Z,2,0,BLOCK,Z,1.199093,0.6591086
7/1/3/3/7/3/6/5/7 3 3,Z,-1.75,0,BLOCK,Z,0.3568509,0.1901135
7/5/3/3/7/3/4/5/7 3 3,X,2,2,BLOCK,X,1.347958,0.8719212
7/5/3/3/7/3/6/1/7 3 3,Z,-2,2,BLOCK,Z,1.669981,1.009213
7/1/3/3/7/3/6/3/7 3 3,Z,-1.625,0,BLOCK,Z,0.5223344,0.2514502
7/5/3/3/7/3/4/3/7 3 3,X,2,0,BLOCK,X,0.265009,0.3739719
7/1/3/3/7/3/6/7/6 3 3,Z,-1.75,2,BLOCK,Z,0.7973048,0.3284151
7/5/3/3/7/3/4/7/6 3 3,X,1.6,0,BLOCK,X,0.1962279,0.1604535
7/1/3/3/7/3/6/7/5 3 3,Z,-1.75,0,BLOCK,Z,0.4830031,0.2041376
7/5/3/3/7/3/4/7/5 3 3,X,2,2,BLOCK,X,1.338897,0.8565827
7/1/3/3/7/3/6/7/3 3 3,Z,-1.75,0,BLOCK,Z,0.371588,0.2756936
7/5/3/3/7/3/4/7/3 3 3,X,2.4,2,BLOCK,X,1.61043,1.068605
7/1/3/3/7/3/5/6/7 3 3,Z,-1.875,0,BLOCK,Z,0.3854149,0.4930166
7/5/3/3/7/3/1/6/7 3 3,X,-2,0,BLOCK,X,0.9358882,0.8169788
7/5/3/3/7/3/5/4/7 3 3,Z,2,0,BLOCK,Z,0.7115104,0.5823737
7/1/3/3/7/3/5/5/7 3 3,Z,-1.75,2,BLOCK,Z,0.7358083,0.3458182
7/5/3/3/7/3/1/5/7 3 3,X,-2,0,BLOCK,X,0.593651,0.6797226
7/5/3/3/7/3/5/1/7 3 3,Z,-2,0,BLOCK,Z,1.639256,1.124778
7/1/3/3/7/3/5/3/7 3 3,Z,-1.625,0,BLOCK,Z,0.2845582,0.2934425
7/5/3/3/7/3/1/3/7 3 3,X,-2,0,BLOCK,X,0.6084077,0.7864247
7/1/3/3/7/3/5/7/6 3 3,Z,-1.75,0,BLOCK,Z,0.3478045,0.2068506
7/5/3/3/7/3/1/7/6 3 3,X,-2.4,0,BLOCK,X,0.495887,0.6819498
7/1/3/3/7/3/5/7/5 3 3,Z,-1.75,2,BLOCK,Z,0.6926492,0.4624057
7/5/3/3/7/3/1/7/5 3 3,X,-2,0,BLOCK,X,0.490412,0.613721
7/1/3/3/7/3/5/7/3 3 3,Z,-1.75,2,BLOCK,Z,0.7744187,0.3235493
7/5/3/3/7/3/1/7/3 3 3,X,-1.6,0,BLOCK,X,0.5117719,0.6456599
7/1/3/3/7/3/3/6/7 3 3,Z,-1.875,0,BLOCK,Z,0.4356765,0.2113697
7/5/3/3/7/3/3/4/7 3 3,Z,2,2,BLOCK,Z,1.582456,0.8261212
7/1/3/3/7/3/3/5/7 3 3,Z,-1.75,0,BLOCK,Z,0.4221583,0.3299894
7/5/3/3/7/3/3/1/7 3 3,Z,-2,0,BLOCK,Z,0.4560836,0.5017204
7/1/3/3/7/3/3/3/7 3 3,Z,-1.625,0,BLOCK,Z,0.3772703,0.2807198
7/1/3/3/7/3/3/7/6 3 3,Z,-1.75,2,BLOCK,Z,0.7867581,0.3099753
7/1/3/3/7/3/3/7/5 3 3,Z,-1.75,2,BLOCK,Z,0.7213208,0.4417945
7/1/3/3/7/3/3/7/3 3 3,Z,-1.75,0,BLOCK,Z,0.4311752,0.3906603
7/1/3/3/7/3/7/2/7 3 3,Z,-1.75,2,BLOCK,Z,0.7876148,0.436274
7/1/3/3/7/3/7/6/6 3 3,Z,-1.875,0,BLOCK,Z,0.724647,0.3235328
7/5/3/3/7/3/7/4/6 3 3,Z,2,2,BLOCK,Z,1.590486,1.008657
7/1/3/3/7/3/7/6/5 3 3,Z,-1.875,2,BLOCK,Z,0.7935615,0.4161646
7/5/3/3/7/3/7/4/5 3 3,Z,2,0,BLOCK,Z,0.350841,0.3331774
7/1/3/3/7/3/7/6/3 3 3,Z,-1.875,0,BLOCK,Z,0.3270631,0.2173344
7/5/3/3/7/3/7/4/3 3 3,Z,2,0,BLOCK,Z,0.2904984,0.2780415
7/1/3/3/7/3/7/5/6 3 3,Z,-1.75,0,BLOCK,Z,0.3806092,0.2892118
7/5/3/3/7/3/7/1/6 3 3,Z,-2,2,BLOCK,Z,1.621207,1.023671
7/1/3/3/7/3/7/5/5 3 3,Z,-1.75,0,BLOCK,Z,0.4903593,0.3120447
7/5/3/3/7/3/7/1/5 3 3,Z,-2,0,BLOCK,Z,0.4073468,0.472195
7/1/3/3/7/3/7/5/3 3 3,Z,-1.75,2,BLOCK,Z,0.7392265,0.3966284
7/5/3/3/7/3/7/1/3 3 3,Z,-2,0,BLOCK,Z,0.3483133,0.5089818
7/1/3/3/7/3/7/3/6 3 3,Z,-1.625,0,BLOCK,Z,0.3907319,0.2235816
7/1/3/3/7/3/7/3/5 3 3,Z,-1.625,2,BLOCK,Z,0.8381801,0.4046654
7/1/3/3/7/3/7/3/3 3 3,Z,-1.625,0,BLOCK,Z,0.3840093,0.2053017
7/1/3/3/7/3/7/7/4 3 3,Z,-1.75,0,BLOCK,Z,0.498418,0.449332
7/1/3/3/7/3/7/7/2 3 3,Z,-1.75,0,BLOCK,Z,0.2870276,0.2744563
7/1/3/3/7/3/7/7/1 3 3,Z,-1.75,0,BLOCK,Z,0.4093853,0.2576748
7/1/3/3/7/7/2/6/7 3 3,Z,-2,0,BLOCK,Z,0.5198075,0.3360237
7/5/3/3/7/7/2/4/7 3 3,Z,2,0,BLOCK,Z,1.015091,0.5858133
7/1/3/3/7/7/2/5/7 3 3,Z,-1.875,0,BLOCK,Z,0.386629,0.3047882
7/5/3/3/7/7/2/1/7 3 3,Z,-2,0,BLOCK,Z,0.05965636,0.2139254
7/1/3/3/7/7/2/3/7 3 3,Z,-1.75,0,BLOCK,Z,0.307663,0.2577432
7/1/3/3/7/7/2/7/6 3 3,Z,-1.875,2,BLOCK,Z,0.7556296,0.3875261
7/1/3/3/7/7/2/7/5 3 3,Z,-1.875,0,BLOCK,Z,0.5725276,0.3981667
7/1/3/3/7/7/2/7/3 3 3,Z,-1.875,2,BLOCK,Z,0.7451609,0.4719661
7/1/3/3/7/7/6/2/7 3 3,Z,-1.875,2,BLOCK,Z,0.7538297,0.3923818
7/5/3/3/7/7/4/2/7 3 3,X,2,0,BLOCK,X,0.5322261,0.4628817
7/1/3/3/7/7/6/6/6 3 3,Z,-2,2,BLOCK,Z,0.8681041,0.5247827
7/5/3/3/7/7/4/6/6 3 3,X,1.5,0,BLOCK,X,0.1504984,0.3343911
7/5/3/3/7/7/6/4/6 3 3,Z,2,2,BLOCK,Z,1.548113,0.9953555
7/1/3/3/7/7/6/6/5 3 3,Z,-2,0,BLOCK,Z,0.3813528,0.5146263
7/5/3/3/7/7/4/6/5 3 3,X,2,0,BLOCK,X,0.7114902,0.5796696
7/5/3/3/7/7/6/4/5 3 3,Z,2,0,BLOCK,Z,1.723954,0.9911742
7/1/3/3/7/7/6/6/3 3 3,Z,-2,2,BLOCK,Z,0.7986351,0.4215797
7/5/3/3/7/7/4/6/3 3 3,X,2.5,0,BLOCK,X,0.4257673,0.4638805
7/5/3/3/7/7/6/4/3 3 3,Z,2,2,BLOCK,Z,1.595666,0.9882739
7/1/3/3/7/7/6/5/6 3 3,Z,-1.875,2,BLOCK,Z,0.8516104,0.4089476
7/5/3/3/7/7/4/5/6 3 3,X,1.5,0,BLOCK,X,1.274613,0.8446174
7/5/3/3/7/7/6/1/6 3 3,Z,-2,0,BLOCK,Z,0.2881259,0.5888703
7/1/3/3/7/7/6/5/5 3 3,Z,-1.875,2,BLOCK,Z,0.8641233,0.4837902
7/5/3/3/7/7/4/5/5 3 3,X,2,0,BLOCK,X,0.2740708,0.3635423
7/5/3/3/7/7/6/1/5 3 3,Z,-2,0,BLOCK,Z,1.047722,0.484718
7/1/3/3/7/7/6/5/3 3 3,Z,-1.875,0,BLOCK,Z,0.6294677,0.4367353
7/5/3/3/7/7/4/5/3 3 3,X,2.5,0,BLOCK,X,0.3678414,0.4923301
7/5/3/3/7/7/6/1/3 3 3,Z,-2,2,BLOCK,Z,1.627594,1.027484
7/1/3/3/7/7/6/3/6 3 3,Z,-1.75,2,BLOCK,Z,0.7780805,0.4386492
7/5/3/3/7/7/4/3/6 3 3,X,1.5,0,BLOCK,X,0.1567625,0.1835786
7/1/3/3/7/7/6/3/5 3 3,Z,-1.75,0,BLOCK,Z,0.2913695,0.1882185
7/5/3/3/7/7/4/3/5 3 3,X,2,0,BLOCK,X,0.3752421,0.4000485
7/1/3/3/7/7/6/3/3 3 3,Z,-1.75,0,BLOCK,Z,0.663413,0.2513367
7/5/3/3/7/7/4/3/3 3 3,X,2.5,0,BLOCK,X,0.3763961,0.3696541
7/1/3/3/7/7/6/7/4 3 3,Z,-1.875,0,BLOCK,Z,0.581533,0.3909232
7/5/3/3/7/7/4/7/4 3 3,X,1.5,0,BLOCK,X,0.1063066,0.2233473
7/1/3/3/7/7/6/7/2 3 3,Z,-1.875,0,BLOCK,Z,0.2338073,0.505896
7/5/3/3/7/7/4/7/2 3 3,X,2,0,BLOCK,X,0.211623,0.2918385
7/1/3/3/7/7/6/7/1 3 3,Z,-1.875,2,BLOCK,Z,0.7624128,0.4446602
7/5/3/3/7/7/4/7/1 3 3,X,2.5,2,BLOCK,X,1.60366,1.006983
7/1/3/3/7/7/5/2/7 3 3,Z,-1.875,0,BLOCK,Z,0.5591573,0.3904076
7/5/3/3/7/7/1/2/7 3 3,X,-2,0,BLOCK,X,0.4774415,0.6561468
7/1/3/3/7/7/5/6/6 3 3,Z,-2,0,BLOCK,Z,0.4002268,0.3549936
7/5/2/3/7/7/5/6/6 3 3,Z,-0.5833333333333333333333333333,302,TIMEOUT,Z,0.007490207,0.00436104
7/5/3/3/7/7/1/6/6 3 3,X,-2.5,0,BLOCK,X,0.5981649,0.7711402
7/5/3/3/7/7/5/4/6 3 3,Z,2,0,BLOCK,Z,0.2043891,0.4274114
7/1/3/3/7/7/5/6/5 3 3,Z,-2,2,BLOCK,Z,0.7568557,0.3928365
7/5/3/3/7/7/1/6/5 3 3,X,-2,2,BLOCK,X,1.379388,0.8617563
7/5/3/3/7/7/5/4/5 3 3,Z,2,0,BLOCK,Z,0.2403658,0.3112034
7/1/3/3/7/7/5/6/3 3 3,Z,-2,0,BLOCK,Z,0.730468,0.3539535
7/5/3/3/7/7/1/6/3 3 3,X,-1.5,0,BLOCK,X,0.3097449,0.5071632
7/5/3/3/7/7/5/4/3 3 3,Z,2,2,BLOCK,Z,1.577251,0.9523999
7/1/3/3/7/7/5/5/6 3 3,Z,-1.875,0,BLOCK,Z,0.2398068,0.174697
7/5/3/3/7/7/1/5/6 3 3,X,-2.5,0,BLOCK,X,0.5525026,0.7949966
7/5/3/3/7/7/5/1/6 3 3,Z,-2,0,BLOCK,Z,0.4447442,0.5574374
7/1/3/3/7/7/5/5/5 3 3,Z,-1.875,0,BLOCK,Z,0.4824685,0.3980214
7/5/3/3/7/7/1/5/5 3 3,X,-2,0,BLOCK,X,1.452301,0.8798959
7/5/3/3/7/7/5/1/5 3 3,Z,-2,0,BLOCK,Z,0.3378016,0.4748732
7/1/3/3/7/7/5/5/3 3 3,Z,-1.875,0,BLOCK,Z,0.4895743,0.3277199
7/5/3/3/7/7/1/5/3 3 3,X,-1.5,0,BLOCK,X,0.3942634,0.5583117
7/5/3/3/7/7/5/1/3 3 3,Z,-2,0,BLOCK,Z,0.3912595,0.5099286
7/1/3/3/7/7/5/3/6 3 3,Z,-1.75,0,BLOCK,Z,0.4825376,0.3226328
7/5/3/3/7/7/1/3/6 3 3,X,-2.5,0,BLOCK,X,0.4853903,0.7447885
7/1/3/3/7/7/5/3/5 3 3,Z,-1.75,2,BLOCK,Z,0.8353633,0.3563832
7/5/3/3/7/7/1/3/5 3 3,X,-2,0,BLOCK,X,0.4136347,0.6138896
7/1/3/3/7/7/5/3/3 3 3,Z,-1.75,2,BLOCK,Z,0.8097377,0.3441427
7/5/3/3/7/7/1/3/3 3 3,X,-1.5,2,BLOCK,X,1.24918,0.7344567
7/1/3/3/7/7/5/7/4 3 3,Z,-1.875,0,BLOCK,Z,0.2852832,0.2784115
7/5/3/3/7/7/1/7/4 3 3,X,-2.5,0,BLOCK,X,0.5871171,0.8115231
7/1/3/3/7/7/5/7/2 3 3,Z,-1.875,0,BLOCK,Z,0.6240864,0.3601774
7/5/3/3/7/7/1/7/2 3 3,X,-2,0,BLOCK,X,0.2483263,0.5665343
7/1/3/3/7/7/5/7/1 3 3,Z,-1.875,0,BLOCK,Z,0.5388837,0.3978642
7/5/3/3/7/7/1/7/1 3 3,X,-1.5,2,BLOCK,X,1.213972,0.7211778
7/1/3/3/7/7/3/2/7 3 3,Z,-1.875,2,BLOCK,Z,0.7558913,0.361926
7/5/2/3/7/7/3/2/7 3 3,Z,-0.5,302,TIMEOUT,Z,0.01048904,0.004771744
7/1/3/3/7/7/3/6/6 3 3,Z,-2,2,BLOCK,Z,0.8110729,0.4189394
7/5/3/3/7/7/3/4/6 3 3,Z,2,0,BLOCK,Z,0.3801388,0.402781
7/1/3/3/7/7/3/6/5 3 3,Z,-2,0,BLOCK,Z,0.4631981,0.3887353
7/5/3/3/7/7/3/4/5 3 3,Z,2,0,BLOCK,Z,0.1266301,0.1652172
7/1/3/3/7/7/3/6/3 3 3,Z,-2,0,BLOCK,Z,0.5590895,0.4504321
7/5/3/3/7/7/3/4/3 3 3,Z,2,0,BLOCK,Z,0.2247321,0.2608471
7/1/3/3/7/7/3/5/6 3 3,Z,-1.875,0,BLOCK,Z,0.2130001,0.201886
7/5/3/3/7/7/3/1/6 3 3,Z,-2,0,BLOCK,Z,0.2213441,0.4219347
7/1/3/3/7/7/3/5/5 3 3,Z,-1.875,0,BLOCK,Z,0.1616399,0.1323346
7/5/3/3/7/7/3/1/5 3 3,Z,-2,2,BLOCK,Z,1.61833,0.9966947
7/1/3/3/7/7/3/5/3 3 3,Z,-1.875,2,BLOCK,Z,0.7823121,0.4801293
7/5/3/3/7/7/3/1/3 3 3,Z,-2,2,BLOCK,Z,1.62011,0.9932612
7/1/3/3/7/7/3/3/6 3 3,Z,-1.75,0,BLOCK,Z,0.4543566,0.3828913
7/1/3/3/7/7/3/3/5 3 3,Z,-1.75,0,BLOCK,Z,0.5447062,0.3584856
7/1/3/3/7/7/3/3/3 3 3,Z,-1.75,0,BLOCK,Z,0.4161669,0.3055905
7/1/3/3/7/7/3/7/4 3 3,Z,-1.875,0,BLOCK,Z,0.6607707,0.4650924
7/1/3/3/7/7/3/7/2 3 3,Z,-1.875,2,BLOCK,Z,0.8768451,0.4554103
7/1/3/3/7/7/3/7/1 3 3,Z,-1.875,0,BLOCK,Z,0.4113108,0.2929294
7/1/3/3/7/7/7/2/6 3 3,Z,-1.875,0,BLOCK,Z,0.6090974,0.3782107
7/1/3/3/7/7/7/2/5 3 3,Z,-1.875,0,BLOCK,Z,0.4767706,0.1479843
7/1/3/3/7/7/7/2/3 3 3,Z,-1.875,2,BLOCK,Z,0.8054256,0.5305277
7/1/3/3/7/7/7/6/4 3 3,Z,-2,2,BLOCK,Z,0.8323995,0.5243746
7/5/3/3/5/7/7/6/4 3 3,Z,-0.5909090909090909090909090909,302,TIMEOUT,Z,0.01573804,0.008856678
7/5/3/3/7/7/7/4/4 3 3,Z,2,0,BLOCK,Z,0.09216063,0.2064811
7/1/3/3/7/7/7/6/2 3 3,Z,-2,0,BLOCK,Z,0.3758512,0.3480372
7/5/3/3/7/7/7/4/2 3 3,Z,2,0,BLOCK,Z,0.1517175,0.1546844
7/1/3/3/7/7/7/6/1 3 3,Z,-2,2,BLOCK,Z,0.7606238,0.4643778
7/5/3/2/7/7/7/6/1 3 3,Z,0.5,302,TIMEOUT,Z,0.03383564,0.01871194
7/5/3/3/7/7/7/4/1 3 3,Z,2,2,BLOCK,Z,1.626162,1.00363
7/1/3/3/7/7/7/5/4 3 3,Z,-1.875,2,BLOCK,Z,0.8773265,0.4464299
7/5/3/3/7/7/7/1/4 3 3,Z,-2,0,BLOCK,Z,0.02999888,0.3466745
7/1/3/3/7/7/7/5/2 3 3,Z,-1.875,2,BLOCK,Z,0.7544953,0.3940225
7/5/3/3/7/7/7/1/2 3 3,Z,-2,0,BLOCK,Z,0.05562561,0.2780014
7/1/3/3/7/7/7/5/1 3 3,Z,-1.875,0,BLOCK,Z,0.5197242,0.3504512
7/5/3/3/7/7/7/1/1 3 3,Z,-2,2,BLOCK,Z,1.715128,1.043375
7/1/3/3/7/7/7/3/4 3 3,Z,-1.75,0,BLOCK,Z,0.5086673,0.3276858
7/1/3/3/7/7/7/3/2 3 3,Z,-1.75,0,BLOCK,Z,0.540167,0.3972216
7/1/3/3/7/7/7/3/1 3 3,Z,-1.75,2,BLOCK,Z,0.730971,0.5052445
7/1/3/7/2/2/7/7/7 3 3,Z,-2,0,BLOCK,Z,0.4419628,0.3154484
7/1/3/7/2/6/6/7/7 3 3,Z,-2.125,0,BLOCK,Z,0.5373016,0.4479023
7/5/3/7/2/4/6/7/7 3 3,Z,2,0,BLOCK,Z,0.6752918,0.6380162
7/5/3/7/2/6/4/7/7 3 3,X,2,0,BLOCK,X,1.369877,0.8208678
7/1/3/7/2/6/5/7/7 3 3,Z,-2.125,0,BLOCK,Z,0.5084037,0.4892667
7/5/3/7/2/4/5/7/7 3 3,Z,2,0,BLOCK,Z,0.8348104,0.690286
7/5/3/7/2/6/1/7/7 3 3,X,-2,0,BLOCK,X,0.6410688,0.560708
7/1/3/7/2/6/3/7/7 3 3,Z,-2.125,2,BLOCK,Z,0.9418852,0.5812109
7/5/3/7/2/4/3/7/7 3 3,Z,2,0,BLOCK,Z,1.147304,0.7729308
7/1/3/7/2/6/7/6/7 3 3,Z,-2.25,0,BLOCK,Z,0.4008493,0.3536841
7/5/3/7/2/4/7/6/7 3 3,Z,1.75,0,BLOCK,Z,0.8376734,0.6794172
7/5/3/7/2/6/7/4/7 3 3,Z,2,0,BLOCK,Z,0.3375701,0.4292529
7/1/3/7/2/6/7/5/7 3 3,Z,-2.125,0,BLOCK,Z,0.5673705,0.4842719
7/5/3/7/2/4/7/5/7 3 3,Z,2,0,BLOCK,Z,0.9829466,0.6666227
7/5/3/7/2/6/7/1/7 3 3,Z,-2,0,BLOCK,Z,0.4604066,0.5061453
7/1/3/7/2/6/7/3/7 3 3,Z,-2.00,0,BLOCK,Z,0.3949692,0.5190664
7/5/3/7/2/4/7/3/7 3 3,Z,2.25,0,BLOCK,Z,0.771665,0.6731582
7/1/3/7/2/6/7/7/6 3 3,Z,-2.125,2,BLOCK,Z,0.7631868,0.5113955
7/5/3/7/2/4/7/7/6 3 3,Z,2,0,BLOCK,Z,0.7347546,0.7378179
7/1/3/7/2/6/7/7/5 3 3,Z,-2.125,0,BLOCK,Z,0.2908328,0.2731013
7/5/3/7/2/4/7/7/5 3 3,Z,2,2,BLOCK,Z,1.236105,0.7184263
7/1/3/7/2/6/7/7/3 3 3,Z,-2.125,0,BLOCK,Z,0.6669639,0.4312992
7/5/3/7/2/4/7/7/3 3 3,Z,2,0,BLOCK,Z,0.8366895,0.8227103
7/1/3/7/2/5/6/7/7 3 3,Z,-2,0,BLOCK,Z,0.4487882,0.3382929
7/5/3/7/2/1/6/7/7 3 3,Z,-2,0,BLOCK,Z,0.6636602,0.9847873
7/5/3/7/2/5/4/7/7 3 3,X,2,0,BLOCK,X,1.370058,0.8905754
7/1/3/7/2/5/5/7/7 3 3,Z,-2,0,BLOCK,Z,0.4936355,0.3449623
7/5/3/7/2/1/5/7/7 3 3,Z,-2,2,BLOCK,Z,1.111635,0.616817
7/5/3/7/2/5/1/7/7 3 3,X,-2,0,BLOCK,X,0.7946847,0.6163295
7/1/3/7/2/5/3/7/7 3 3,Z,-2,0,BLOCK,Z,0.3222357,0.236279
7/5/3/7/2/1/3/7/7 3 3,Z,-2,0,BLOCK,Z,0.6046659,0.7638323
7/1/3/7/2/5/7/6/7 3 3,Z,-2.125,0,BLOCK,Z,0.5747017,0.3855204
7/5/3/7/2/1/7/6/7 3 3,Z,-2.25,0,BLOCK,Z,1.050584,0.5480493
7/5/3/7/2/5/7/4/7 3 3,Z,2,0,BLOCK,Z,0.22156,0.4004307
7/1/3/7/2/5/7/5/7 3 3,Z,-2,0,BLOCK,Z,0.4865662,0.2992884
7/5/3/7/2/1/7/5/7 3 3,Z,-2,2,BLOCK,Z,1.099768,0.7309813
7/5/3/7/2/5/7/1/7 3 3,Z,-2,2,BLOCK,Z,1.612321,1.046382
7/1/3/7/2/5/7/3/7 3 3,Z,-1.875,0,BLOCK,Z,0.5715086,0.3000598
7/5/3/7/2/1/7/3/7 3 3,Z,-1.75,2,BLOCK,Z,0.9656986,0.6621059
7/1/3/7/2/5/7/7/6 3 3,Z,-2,0,BLOCK,Z,0.5122,0.3405436
7/5/3/7/2/1/7/7/6 3 3,Z,-2,0,BLOCK,Z,0.7428168,0.7219382
7/1/3/7/2/5/7/7/5 3 3,Z,-2,0,BLOCK,Z,0.4769903,0.3566335
7/5/3/7/2/1/7/7/5 3 3,Z,-2,0,BLOCK,Z,1.094154,0.8543966
7/1/3/7/2/5/7/7/3 3 3,Z,-2,0,BLOCK,Z,0.2369916,0.3799306
7/5/3/7/2/1/7/7/3 3 3,Z,-2,0,BLOCK,Z,0.4960737,0.807606
7/1/3/7/2/3/6/7/7 3 3,Z,-1.875,2,BLOCK,Z,0.7213207,0.3345858
7/5/3/7/2/3/4/7/7 3 3,X,2,0,BLOCK,X,0.6387838,0.5866777
7/1/3/7/2/3/5/7/7 3 3,Z,-1.875,0,BLOCK,Z,0.4401733,0.2553754
7/5/3/7/2/3/1/7/7 3 3,X,-2,0,BLOCK,X,1.258207,0.7429792
7/1/3/7/2/3/3/7/7 3 3,Z,-1.875,0,BLOCK,Z,0.5886294,0.4001839
7/1/3/7/2/3/7/6/7 3 3,Z,-2.00,0,BLOCK,Z,0.7195068,0.3288569
7/5/3/7/2/3/7/4/7 3 3,Z,2,0,BLOCK,Z,0.5471894,0.5909748
7/1/3/7/2/3/7/5/7 3 3,Z,-1.875,0,BLOCK,Z,0.4767881,0.2858735
7/5/3/7/2/3/7/1/7 3 3,Z,-2,0,BLOCK,Z,0.5972511,0.6405276
7/1/3/7/2/3/7/3/7 3 3,Z,-1.75,2,BLOCK,Z,0.7006672,0.3063007
7/1/3/7/2/3/7/7/6 3 3,Z,-1.875,2,BLOCK,Z,0.7685102,0.3428037
7/1/3/7/2/3/7/7/5 3 3,Z,-1.875,0,BLOCK,Z,0.6946767,0.2637071
7/1/3/7/2/3/7/7/3 3 3,Z,-1.875,2,BLOCK,Z,0.769072,0.3903384
7/1/3/7/2/7/2/7/7 3 3,Z,-2,0,BLOCK,Z,0.4993681,0.2955204
7/1/3/7/2/7/6/6/7 3 3,Z,-2.125,0,BLOCK,Z,0.5559779,0.3207665
7/5/3/7/2/7/4/6/7 3 3,X,2,0,BLOCK,X,0.6246032,0.4877624
7/5/3/7/2/7/6/4/7 3 3,Z,2,0,BLOCK,Z,0.2703359,0.3770965
7/1/3/7/2/7/6/5/7 3 3,Z,-2,2,BLOCK,Z,0.7880231,0.4144038
7/5/3/7/2/7/4/5/7 3 3,X,2,0,BLOCK,X,0.764486,0.7233388
7/5/3/7/2/7/6/1/7 3 3,Z,-2,0,BLOCK,Z,0.4126923,0.5213158
7/1/3/7/2/7/6/3/7 3 3,Z,-1.875,0,BLOCK,Z,0.559318,0.4976841
7/5/3/7/2/7/4/3/7 3 3,X,2,0,BLOCK,X,0.6700334,0.5606681
7/1/3/7/2/7/6/7/6 3 3,Z,-2,0,BLOCK,Z,0.5133289,0.2606719
7/5/3/7/2/7/4/7/6 3 3,X,1.6,0,BLOCK,X,0.5070687,0.457403
7/1/3/7/2/7/6/7/5 3 3,Z,-2,2,BLOCK,Z,0.7726022,0.4264706
7/5/3/7/2/7/4/7/5 3 3,X,2,0,BLOCK,X,0.4888344,0.5297943
7/1/3/7/2/7/6/7/3 3 3,Z,-2,0,BLOCK,Z,0.5989276,0.4573998
7/5/3/7/2/7/4/7/3 3 3,X,2.4,0,BLOCK,X,0.8271444,0.7743908
7/1/3/7/2/7/5/6/7 3 3,Z,-2.125,0,BLOCK,Z,0.4789657,0.2185052
7/5/3/7/2/7/1/6/7 3 3,X,-2,0,BLOCK,X,0.6310855,0.6052849
7/5/3/7/2/7/5/4/7 3 3,Z,2,0,BLOCK,Z,0.1676073,0.2365471
7/1/3/7/2/7/5/5/7 3 3,Z,-2,0,BLOCK,Z,0.5499786,0.2816052
7/5/3/7/2/7/1/5/7 3 3,X,-2,0,BLOCK,X,1.380009,0.920159
7/5/3/7/2/7/5/1/7 3 3,Z,-2,0,BLOCK,Z,0.1675623,0.3063992
7/1/3/7/2/7/5/3/7 3 3,Z,-1.875,0,BLOCK,Z,0.5630412,0.2734762
7/5/3/7/2/7/1/3/7 3 3,X,-2,0,BLOCK,X,0.4826013,0.5383067
7/1/3/7/2/7/5/7/6 3 3,Z,-2,2,BLOCK,Z,0.7872947,0.5851946
7/5/3/7/2/7/1/7/6 3 3,X,-2.4,0,BLOCK,X,0.8324258,0.8348991
7/1/3/7/2/7/5/7/5 3 3,Z,-2,0,BLOCK,Z,0.4751987,0.3031048
7/5/3/7/2/7/1/7/5 3 3,X,-2,0,BLOCK,X,0.6675856,0.6686735
7/1/3/7/2/7/5/7/3 3 3,Z,-2,0,BLOCK,Z,0.6454172,0.3848546
7/5/3/7/2/7/1/7/3 3 3,X,-1.6,0,BLOCK,X,0.5772861,0.6291652
7/1/3/7/2/7/3/6/7 3 3,Z,-2.125,0,BLOCK,Z,0.6596841,0.1831829
7/5/3/7/2/7/3/4/7 3 3,Z,2,0,BLOCK,Z,1.754075,1.066326
7/1/3/7/2/7/3/5/7 3 3,Z,-2,0,BLOCK,Z,0.4551901,0.2565086
7/5/3/7/2/7/3/1/7 3 3,Z,-2,0,BLOCK,Z,0.2771455,0.378808
7/1/3/7/2/7/3/3/7 3 3,Z,-1.875,0,BLOCK,Z,0.5396041,0.2748195
7/1/3/7/2/7/3/7/6 3 3,Z,-2,0,BLOCK,Z,0.4854894,0.4139156
7/1/3/7/2/7/3/7/5 3 3,Z,-2,0,BLOCK,Z,0.5329013,0.3950494
7/1/3/7/2/7/3/7/3 3 3,Z,-2,0,BLOCK,Z,0.6194396,0.3695767
7/1/3/7/2/7/7/2/7 3 3,Z,-2,2,BLOCK,Z,0.8053859,0.3782275
7/1/3/7/2/7/7/6/6 3 3,Z,-2.125,0,BLOCK,Z,0.4505399,0.1164939
7/5/3/7/2/7/7/4/6 3 3,Z,2,0,BLOCK,Z,0.3064099,0.5093417
7/1/3/7/2/7/7/6/5 3 3,Z,-2.125,0,BLOCK,Z,0.6162446,0.3009951
7/5/3/7/2/7/7/4/5 3 3,Z,2,0,BLOCK,Z,0.2083801,0.3415689
7/1/3/7/2/7/7/6/3 3 3,Z,-2.125,2,BLOCK,Z,0.7565582,0.5252415
7/5/3/7/2/7/7/4/3 3 3,Z,2,0,BLOCK,Z,0.1431371,0.2603417
7/1/3/7/2/7/7/5/6 3 3,Z,-2,2,BLOCK,Z,0.8312929,0.3811719
7/5/3/7/2/7/7/1/6 3 3,Z,-2,0,BLOCK,Z,0.1933105,0.3235387
7/1/3/7/2/7/7/5/5 3 3,Z,-2,0,BLOCK,Z,0.4104785,0.2120772
7/5/3/7/2/7/7/1/5 3 3,Z,-2,0,BLOCK,Z,0.20674,0.3530328
7/1/3/7/2/7/7/5/3 3 3,Z,-2,0,BLOCK,Z,0.464514,0.274735
7/5/3/7/2/7/7/1/3 3 3,Z,-2,0,BLOCK,Z,0.2216288,0.3662464
7/1/3/7/2/7/7/3/6 3 3,Z,-1.875,0,BLOCK,Z,0.6636389,0.3841706
7/1/3/7/2/7/7/3/5 3 3,Z,-1.875,2,BLOCK,Z,0.6758391,0.3767027
7/1/3/7/2/7/7/3/3 3 3,Z,-1.875,0,BLOCK,Z,0.4795137,0.3407589
7/1/3/7/2/7/7/7/4 3 3,Z,-2,0,BLOCK,Z,0.6849064,0.2796747
7/1/3/7/2/7/7/7/2 3 3,Z,-2,0,BLOCK,Z,0.6841211,0.3872553
7/1/3/7/2/7/7/7/1 3 3,Z,-2,0,BLOCK,Z,0.3871995,0.2809962
7/1/3/7/6/2/6/7/7 3 3,Z,-2,0,BLOCK,Z,0.6788632,0.3544801
7/5/3/7/4/2/6/7/7 3 3,X,1.7777777777777777777777777778,0,BLOCK,X,0.3298062,0.5776343
7/5/3/7/6/2/4/7/7 3 3,X,2,2,BLOCK,X,1.485415,0.9550272
7/1/3/7/6/2/5/7/7 3 3,Z,-2,0,BLOCK,Z,0.4418743,0.3344005
7/5/3/7/4/2/5/7/7 3 3,X,2,0,BLOCK,X,0.604077,0.7189997
7/5/3/7/6/2/1/7/7 3 3,X,-2,0,BLOCK,X,0.9584087,0.5427495
7/1/3/7/6/2/3/7/7 3 3,Z,-2,0,BLOCK,Z,0.572521,0.4875678
7/5/3/7/4/2/3/7/7 3 3,X,2.2222222222222222222222222222,0,BLOCK,X,0.4962289,0.5811514
7/1/3/7/6/2/7/6/7 3 3,Z,-2.125,0,BLOCK,Z,0.5703189,0.4844929
7/5/3/7/4/2/7/6/7 3 3,X,2,0,BLOCK,X,1.066085,1.100105
7/5/3/7/6/2/7/4/7 3 3,Z,2,0,BLOCK,Z,0.5075873,0.5788473
7/1/3/7/6/2/7/5/7 3 3,Z,-2,0,BLOCK,Z,0.6723993,0.3644195
7/5/3/7/4/2/7/5/7 3 3,X,2,0,BLOCK,X,0.325954,0.5149007
7/5/3/7/6/2/7/1/7 3 3,Z,-2,0,BLOCK,Z,0.5121214,0.527989
7/1/3/7/6/2/7/3/7 3 3,Z,-1.875,2,BLOCK,Z,0.9963053,0.5021788
7/5/3/7/4/2/7/3/7 3 3,X,2,0,BLOCK,X,0.5854216,0.5567439
7/1/3/7/6/2/7/7/6 3 3,Z,-2,2,BLOCK,Z,0.7803668,0.5090864
7/5/3/7/4/2/7/7/6 3 3,X,1.7777777777777777777777777778,0,BLOCK,X,0.6982986,0.6790365
7/1/3/7/6/2/7/7/5 3 3,Z,-2,0,BLOCK,Z,0.4839729,0.3374636
7/5/3/7/4/2/7/7/5 3 3,X,2,0,BLOCK,X,0.7544111,0.7041715
7/1/3/7/6/2/7/7/3 3 3,Z,-2,2,BLOCK,Z,0.7230459,0.4616995
7/5/3/7/4/2/7/7/3 3 3,X,2.2222222222222222222222222222,2,BLOCK,X,1.170629,1.015809
7/1/3/7/6/6/2/7/7 3 3,Z,-2.125,2,BLOCK,Z,0.9138817,0.5774451
7/5/3/7/4/6/2/7/7 3 3,X,2,0,BLOCK,X,0.4072154,0.5525116
7/5/3/7/6/4/2/7/7 3 3,Z,2,0,BLOCK,Z,0.5962113,0.9037646
7/1/3/7/6/6/6/6/7 3 3,Z,-2.25,0,BLOCK,Z,0.5645979,0.3659924
7/5/3/7/4/6/6/6/7 3 3,X,1.7777777777777777777777777778,2,BLOCK,X,0.9289818,1.001428
7/5/3/7/6/4/6/6/7 3 3,Z,1.7142857142857142857142857142,0,BLOCK,Z,0.4267133,0.7772984
7/5/3/7/6/6/4/6/7 3 3,X,2,0,BLOCK,X,0.4212508,0.3440213
7/5/3/7/6/6/6/4/7 3 3,Z,2,0,BLOCK,Z,1.010854,0.4576354
7/1/3/7/6/6/6/5/7 3 3,Z,-2.125,0,BLOCK,Z,0.4738126,0.417695
7/5/3/7/4/6/6/5/7 3 3,X,1.7777777777777777777777777778,0,BLOCK,X,0.9461447,0.9286615
7/5/3/7/6/4/6/5/7 3 3,Z,2,0,BLOCK,Z,0.6339918,0.7930893
7/5/3/7/6/6/4/5/7 3 3,X,2,0,BLOCK,X,0.5499601,0.4273384
7/5/3/7/6/6/6/1/7 3 3,Z,-2,2,BLOCK,Z,1.591608,1.017337
7/1/3/7/6/6/6/3/7 3 3,Z,-2,0,BLOCK,Z,0.8370411,0.656519
7/5/3/7/4/6/6/3/7 3 3,X,1.7777777777777777777777777778,0,BLOCK,X,0.3783902,0.5423965
7/5/3/7/6/4/6/3/7 3 3,Z,2.2857142857142857142857142858,0,BLOCK,Z,0.6698532,0.6664885
7/5/3/7/6/6/4/3/7 3 3,X,2,2,BLOCK,X,1.449193,0.9217556
7/1/3/7/6/6/6/7/6 3 3,Z,-2.125,2,BLOCK,Z,0.8866182,0.5862942
7/5/3/7/4/6/6/7/6 3 3,X,1.5555555555555555555555555556,0,BLOCK,X,0.1228295,0.5497038
7/5/3/7/6/4/6/7/6 3 3,Z,2,0,BLOCK,Z,1.186946,0.8093595
7/5/3/7/6/6/4/7/6 3 3,X,1.6,0,BLOCK,X,0.3782444,0.4195686
7/1/3/7/6/6/6/7/5 3 3,Z,-2.125,2,BLOCK,Z,0.9271746,0.5461059
7/5/3/7/4/6/6/7/5 3 3,X,1.7777777777777777777777777778,0,BLOCK,X,0.3153286,0.673911
7/5/3/7/6/4/6/7/5 3 3,Z,2,0,BLOCK,Z,0.5816855,0.7769694
7/5/3/7/6/6/4/7/5 3 3,X,2,2,BLOCK,X,1.39578,0.8864536
7/1/3/7/6/6/6/7/3 3 3,Z,-2.125,0,BLOCK,Z,0.6479139,0.4403785
7/5/3/7/4/6/6/7/3 3 3,X,2,2,BLOCK,X,1.182423,1.021376
7/5/3/7/6/4/6/7/3 3 3,Z,2,0,BLOCK,Z,0.7750847,0.7025804
7/5/3/7/6/6/4/7/3 3 3,X,2.4,0,BLOCK,X,0.5543743,0.551417
7/1/3/7/6/6/5/6/7 3 3,Z,-2.25,2,BLOCK,Z,0.834966,0.5470611
7/5/3/7/4/6/5/6/7 3 3,X,2,0,BLOCK,X,0.4524415,0.555886
7/5/3/7/6/4/5/6/7 3 3,Z,1.7142857142857142857142857142,0,BLOCK,Z,0.5546483,0.6887211
7/5/3/7/6/6/1/6/7 3 3,X,-2,2,BLOCK,X,1.378095,0.8821466
7/5/3/7/6/6/5/4/7 3 3,Z,2,0,BLOCK,Z,0.4841175,0.487821
7/1/3/7/6/6/5/5/7 3 3,Z,-2.125,0,BLOCK,Z,0.2516518,0.2633833
7/5/3/7/4/6/5/5/7 3 3,X,2,0,BLOCK,X,0.8761739,0.7742937
7/5/3/7/6/4/5/5/7 3 3,Z,2,2,BLOCK,Z,1.061938,0.7722278
7/5/3/7/6/6/1/5/7 3 3,X,-2,0,BLOCK,X,0.7288434,0.6562471
7/5/3/7/6/6/5/1/7 3 3,Z,-2,0,BLOCK,Z,0.7470688,0.6449445
7/1/3/7/6/6/5/3/7 3 3,Z,-2,2,BLOCK,Z,1.05767,0.6284789
7/5/3/7/4/6/5/3/7 3 3,X,2,0,BLOCK,X,0.7050414,0.6943842
7/5/3/7/6/4/5/3/7 3 3,Z,2.2857142857142857142857142858,2,BLOCK,Z,1.393718,0.8854385
7/5/3/7/6/6/1/3/7 3 3,X,-2,0,BLOCK,X,0.8356177,0.6176148
7/1/3/7/6/6/5/7/6 3 3,Z,-2.125,0,BLOCK,Z,0.7360412,0.3963667
7/5/3/7/4/6/5/7/6 3 3,X,1.7777777777777777777777777778,2,BLOCK,X,0.9332785,0.9241982
7/5/3/7/6/4/5/7/6 3 3,Z,2,0,BLOCK,Z,0.9437129,0.8609064
7/5/3/7/6/6/1/7/6 3 3,X,-2.4,0,BLOCK,X,0.8615961,0.7664804
7/1/3/7/6/6/5/7/5 3 3,Z,-2.125,0,BLOCK,Z,0.3991506,0.2647255
7/5/3/7/4/6/5/7/5 3 3,X,2,0,BLOCK,X,0.6844369,0.6029971
7/5/3/7/6/4/5/7/5 3 3,Z,2,0,BLOCK,Z,0.6327122,0.7842279
7/5/3/7/6/6/1/7/5 3 3,X,-2,0,BLOCK,X,0.8080814,0.6150927
7/1/3/7/6/6/5/7/3 3 3,Z,-2.125,0,BLOCK,Z,0.4836257,0.3527504
7/5/3/7/4/6/5/7/3 3 3,X,2.2222222222222222222222222222,2,BLOCK,X,1.191115,0.9370316
7/5/3/7/6/4/5/7/3 3 3,Z,2,0,BLOCK,Z,0.6067867,0.7191823
7/5/3/7/6/6/1/7/3 3 3,X,-1.6,0,BLOCK,X,0.4872372,0.4780813
7/1/3/7/6/6/3/6/7 3 3,Z,-2.25,2,BLOCK,Z,0.8257061,0.4711111
7/5/3/7/4/6/3/6/7 3 3,X,2.2222222222222222222222222222,0,BLOCK,X,0.2388065,0.4122395
7/5/3/7/6/4/3/6/7 3 3,Z,1.7142857142857142857142857142,0,BLOCK,Z,0.5462314,0.684545
7/5/3/7/6/6/3/4/7 3 3,Z,2,0,BLOCK,Z,0.475806,0.5364023
7/1/3/7/6/6/3/5/7 3 3,Z,-2.125,0,BLOCK,Z,0.4637533,0.3506583
7/5/3/7/4/6/3/5/7 3 3,X,2.2222222222222222222222222222,0,BLOCK,X,1.245734,1.033291
7/5/3/7/6/4/3/5/7 3 3,Z,2,2,BLOCK,Z,1.097901,0.8097254
7/5/3/7/6/6/3/1/7 3 3,Z,-2,0,BLOCK,Z,1.04184,0.705399
7/1/3/7/6/6/3/3/7 3 3,Z,-2,0,BLOCK,Z,0.4683928,0.4863488
7/5/3/7/4/6/3/3/7 3 3,X,2.2222222222222222222222222222,0,BLOCK,X,0.5951723,0.5525108
7/5/3/7/6/4/3/3/7 3 3,Z,2.2857142857142857142857142858,0,BLOCK,Z,0.4348585,0.6027329
7/1/3/7/6/6/3/7/6 3 3,Z,-2.125,0,BLOCK,Z,0.4319987,0.3908055
7/5/3/7/4/6/3/7/6 3 3,X,2,0,BLOCK,X,0.2389153,0.3133453
7/5/3/7/6/4/3/7/6 3 3,Z,2,2,BLOCK,Z,1.142944,0.7217364
7/1/3/7/6/6/3/7/5 3 3,Z,-2.125,0,BLOCK,Z,0.5727582,0.6228464
7/5/3/7/4/6/3/7/5 3 3,X,2.2222222222222222222222222222,0,BLOCK,X,0.4939715,0.4605224
7/5/3/7/6/4/3/7/5 3 3,Z,2,0,BLOCK,Z,0.9146869,0.7269016
7/1/3/7/6/6/3/7/3 3 3,Z,-2.125,2,BLOCK,Z,0.8899161,0.5887183
7/5/3/7/4/6/3/7/3 3 3,X,2.4444444444444444444444444444,0,BLOCK,X,0.6953038,0.6799116
7/5/3/7/6/4/3/7/3 3 3,Z,2,0,BLOCK,Z,1.256853,0.7619724
7/1/3/7/6/6/7/2/7 3 3,Z,-2.125,0,BLOCK,Z,0.615633,0.4094302
7/5/3/7/4/6/7/2/7 3 3,X,2,0,BLOCK,X,0.3600489,0.4703118
7/5/3/7/6/4/7/2/7 3 3,Z,2,0,BLOCK,Z,0.06085092,0.2132716
7/1/3/7/6/6/7/6/6 3 3,Z,-2.25,0,BLOCK,Z,0.3102038,0.2741306
7/5/3/7/4/6/7/6/6 3 3,X,1.7777777777777777777777777778,0,BLOCK,X,0.6927513,0.6030862
7/5/3/7/6/4/7/6/6 3 3,Z,1.7142857142857142857142857142,0,BLOCK,Z,0.4637755,0.6862792
7/5/3/7/6/6/7/4/6 3 3,Z,2,0,BLOCK,Z,0.3638797,0.535801
7/1/3/7/6/6/7/6/5 3 3,Z,-2.25,0,BLOCK,Z,0.4405864,0.3872376
7/5/3/7/4/6/7/6/5 3 3,X,2,2,BLOCK,X,0.9601653,0.8162738
7/5/3/7/6/4/7/6/5 3 3,Z,1.7142857142857142857142857142,0,BLOCK,Z,0.7062382,0.6851763
7/5/3/7/6/6/7/4/5 3 3,Z,2,0,BLOCK,Z,0.2985186,0.4942933
7/1/3/7/6/6/7/6/3 3 3,Z,-2.25,0,BLOCK,Z,0.7293981,0.5278648
7/5/3/7/4/6/7/6/3 3 3,X,2.2222222222222222222222222222,2,BLOCK,X,1.164576,1.022956
7/5/3/7/6/4/7/6/3 3 3,Z,1.7142857142857142857142857142,0,BLOCK,Z,1.170708,0.7948174
7/5/3/7/6/6/7/4/3 3 3,Z,2,0,BLOCK,Z,0.3417328,0.5003726
7/1/3/7/6/6/7/5/6 3 3,Z,-2.125,0,BLOCK,Z,0.6668252,0.5063512
7/5/3/7/4/6/7/5/6 3 3,X,1.7777777777777777777777777778,2,BLOCK,X,1.027837,0.8755118
7/5/3/7/6/4/7/5/6 3 3,Z,2,0,BLOCK,Z,0.8242419,0.5793632
7/5/3/7/6/6/7/1/6 3 3,Z,-2,0,BLOCK,Z,0.3137963,0.4411451
7/1/3/7/6/6/7/5/5 3 3,Z,-2.125,2,BLOCK,Z,0.8149459,0.6307082
7/5/3/7/4/6/7/5/5 3 3,X,2,2,BLOCK,X,1.018689,0.8699865
7/5/3/7/6/4/7/5/5 3 3,Z,2,0,BLOCK,Z,0.5755024,0.7602475
7/5/3/7/6/6/7/1/5 3 3,Z,-2,0,BLOCK,Z,0.4200912,0.4895324
7/1/3/7/6/6/7/5/3 3 3,Z,-2.125,2,BLOCK,Z,0.9262072,0.4795845
7/5/3/7/4/6/7/5/3 3 3,X,2.2222222222222222222222222222,0,BLOCK,X,0.5997069,0.4764252
7/5/3/7/6/4/7/5/3 3 3,Z,2,0,BLOCK,Z,0.7626548,0.8094324
7/5/3/7/6/6/7/1/3 3 3,Z,-2,0,BLOCK,Z,0.5974099,0.6051327
7/1/3/7/6/6/7/3/6 3 3,Z,-2,2,BLOCK,Z,0.9770642,0.6704723
7/5/3/7/4/6/7/3/6 3 3,X,1.7777777777777777777777777778,0,BLOCK,X,0.7542692,0.7271363
7/5/3/7/6/4/7/3/6 3 3,Z,2.2857142857142857142857142858,0,BLOCK,Z,0.658911,0.5238489
7/1/3/7/6/6/7/3/5 3 3,Z,-2,2,BLOCK,Z,0.9807286,0.5841646
7/5/3/7/4/6/7/3/5 3 3,X,2,0,BLOCK,X,0.8869444,0.8623204
7/5/3/7/6/4/7/3/5 3 3,Z,2.2857142857142857142857142858,0,BLOCK,Z,0.5456218,0.691178
7/1/3/7/6/6/7/3/3 3 3,Z,-2,0,BLOCK,Z,0.5517446,0.4153509
7/5/3/7/4/6/7/3/3 3 3,X,2.2222222222222222222222222222,0,BLOCK,X,0.6431798,0.465545
7/5/3/7/6/4/7/3/3 3 3,Z,2.2857142857142857142857142858,0,BLOCK,Z,0.7616063,0.8167008
7/1/3/7/6/6/7/7/4 3 3,Z,-2.125,0,BLOCK,Z,0.5142503,0.4208602
7/5/3/7/4/6/7/7/4 3 3,X,1.7777777777777777777777777778,0,BLOCK,X,0.5143398,0.5753883
7/5/3/7/6/4/7/7/4 3 3,Z,2,0,BLOCK,Z,0.5947858,0.8383855
7/1/3/7/6/6/7/7/2 3 3,Z,-2.125,0,BLOCK,Z,0.3458829,0.3311689
7/5/3/7/4/6/7/7/2 3 3,X,2,0,BLOCK,X,0.8490783,0.6158703
7/5/3/7/6/4/7/7/2 3 3,Z,2,0,BLOCK,Z,0.7305305,0.8446035
7/1/3/7/6/6/7/7/1 3 3,Z,-2.125,0,BLOCK,Z,0.4588635,0.3892954
7/5/3/7/4/6/7/7/1 3 3,X,2.2222222222222222222222222222,0,BLOCK,X,1.048398,0.8110954
7/5/3/7/6/4/7/7/1 3 3,Z,2,0,BLOCK,Z,0.4589809,0.721034
7/1/3/7/6/5/2/7/7 3 3,Z,-2,0,BLOCK,Z,0.4702743,0.3517793
7/5/3/7/4/5/2/7/7 3 3,X,2,0,BLOCK,X,0.1312522,0.591535
7/5/3/7/6/1/2/7/7 3 3,Z,-2,0,BLOCK,Z,0.7347769,0.7305322
7/1/3/7/6/5/6/6/7 3 3,Z,-2.125,0,BLOCK,Z,0.5745022,0.3183401
7/5/3/7/4/5/6/6/7 3 3,X,1.7777777777777777777777777778,2,BLOCK,X,1.007422,0.9182636
7/5/3/7/6/1/6/6/7 3 3,Z,-2.2857142857142857142857142858,0,BLOCK,Z,0.3452325,0.3487183
7/5/3/7/6/5/4/6/7 3 3,X,2,2,BLOCK,X,1.426579,0.9336576
7/5/3/7/6/5/6/4/7 3 3,Z,2,0,BLOCK,Z,1.704252,1.125111
7/1/3/7/6/5/6/5/7 3 3,Z,-2,2,BLOCK,Z,0.7303836,0.4735583
7/5/3/7/4/5/6/5/7 3 3,X,1.7777777777777777777777777778,0,BLOCK,X,0.269539,0.6087325
7/5/3/7/6/1/6/5/7 3 3,Z,-2,0,BLOCK,Z,0.8009378,0.7853823
7/5/3/7/6/5/4/5/7 3 3,X,2,0,BLOCK,X,0.5958812,0.5463374
7/5/3/7/6/5/6/1/7 3 3,Z,-2,0,BLOCK,Z,1.704944,1.103042
7/1/3/7/6/5/6/3/7 3 3,Z,-1.875,2,BLOCK,Z,0.9459428,0.4329137
7/5/3/7/4/5/6/3/7 3 3,X,1.7777777777777777777777777778,0,BLOCK,X,0.3661606,0.6377966
7/5/3/7/6/1/6/3/7 3 3,Z,-1.7142857142857142857142857142,0,BLOCK,Z,0.6181239,0.6242697
7/5/3/7/6/5/4/3/7 3 3,X,2,0,BLOCK,X,0.7771519,0.5926595
7/1/3/7/6/5/6/7/6 3 3,Z,-2,0,BLOCK,Z,0.6797335,0.3371363
7/5/3/7/4/5/6/7/6 3 3,X,1.5555555555555555555555555556,0,BLOCK,X,0.260212,0.6147028
7/5/3/7/6/1/6/7/6 3 3,Z,-2,0,BLOCK,Z,0.9649649,0.8394824
7/5/3/7/6/5/4/7/6 3 3,X,1.6,2,BLOCK,X,1.336377,0.8863959
7/1/3/7/6/5/6/7/5 3 3,Z,-2,0,BLOCK,Z,0.6819053,0.3823642
7/5/3/7/4/5/6/7/5 3 3,X,1.7777777777777777777777777778,0,BLOCK,X,0.1652168,0.4750762
7/5/3/7/6/1/6/7/5 3 3,Z,-2,2,BLOCK,Z,1.239564,0.8903958
7/5/3/7/6/5/4/7/5 3 3,X,2,0,BLOCK,X,1.307491,0.8167868
7/1/3/7/6/5/6/7/3 3 3,Z,-2,0,BLOCK,Z,0.5401656,0.4765301
7/5/3/7/4/5/6/7/3 3 3,X,2,0,BLOCK,X,0.6273074,0.7368512
7/5/3/7/6/1/6/7/3 3 3,Z,-2,0,BLOCK,Z,0.6485319,0.7305515
7/5/3/7/6/5/4/7/3 3 3,X,2.4,0,BLOCK,X,1.645917,1.00927
7/1/3/7/6/5/5/6/7 3 3,Z,-2.125,0,BLOCK,Z,0.440862,0.294622
7/5/3/7/4/5/5/6/7 3 3,X,2,2,BLOCK,X,0.9500909,0.9537515
7/5/3/7/6/1/5/6/7 3 3,Z,-2.2857142857142857142857142858,0,BLOCK,Z,0.5261915,0.6352509
7/5/3/7/6/5/1/6/7 3 3,X,-2,0,BLOCK,X,0.7281558,0.6170607
7/5/3/7/6/5/5/4/7 3 3,Z,2,0,BLOCK,Z,0.1023846,0.1898316
7/1/3/7/6/5/5/5/7 3 3,Z,-2,0,BLOCK,Z,0.5822321,0.3860133
7/5/3/7/4/5/5/5/7 3 3,X,2,0,BLOCK,X,0.455599,0.4908359
7/5/3/7/6/1/5/5/7 3 3,Z,-2,2,BLOCK,Z,1.131383,0.7701183
7/5/3/7/6/5/1/5/7 3 3,X,-2,0,BLOCK,X,0.7391184,0.6776151
7/5/3/7/6/5/5/1/7 3 3,Z,-2,2,BLOCK,Z,1.6493,1.062254
7/1/3/7/6/5/5/3/7 3 3,Z,-1.875,0,BLOCK,Z,0.5464525,0.294258
7/5/3/7/4/5/5/3/7 3 3,X,2,0,BLOCK,X,0.6016794,0.6203387
7/5/3/7/6/1/5/3/7 3 3,Z,-1.7142857142857142857142857142,0,BLOCK,Z,0.6286631,0.7566843
7/5/3/7/6/5/1/3/7 3 3,X,-2,2,BLOCK,X,1.404051,0.9218831
7/1/3/7/6/5/5/7/6 3 3,Z,-2,0,BLOCK,Z,0.5280844,0.4396981
7/5/3/7/4/5/5/7/6 3 3,X,1.7777777777777777777777777778,0,BLOCK,X,0.6756532,0.6624789
7/5/3/7/6/1/5/7/6 3 3,Z,-2,0,BLOCK,Z,1.115931,0.7312207
7/5/3/7/6/5/1/7/6 3 3,X,-2.4,0,BLOCK,X,0.691285,0.73048
7/1/3/7/6/5/5/7/5 3 3,Z,-2,2,BLOCK,Z,0.8431365,0.4257846
7/5/3/7/4/5/5/7/5 3 3,X,2,0,BLOCK,X,0.5811593,0.5090688
7/5/3/7/6/1/5/7/5 3 3,Z,-2,0,BLOCK,Z,1.207679,0.7503363
7/5/3/7/6/5/1/7/5 3 3,X,-2,0,BLOCK,X,1.332122,0.9431864
7/1/3/7/6/5/5/7/3 3 3,Z,-2,0,BLOCK,Z,0.5835682,0.3217839
7/5/3/7/4/5/5/7/3 3 3,X,2.2222222222222222222222222222,2,BLOCK,X,1.103434,0.983356
7/5/3/7/6/1/5/7/3 3 3,Z,-2,0,BLOCK,Z,0.8310389,0.8410228
7/5/3/7/6/5/1/7/3 3 3,X,-1.6,0,BLOCK,X,0.6593001,0.5618563
7/1/3/7/6/5/3/6/7 3 3,Z,-2.125,0,BLOCK,Z,0.6516765,0.3578505
7/5/3/7/4/5/3/6/7 3 3,X,2.2222222222222222222222222222,0,BLOCK,X,0.4213785,0.4431921
7/5/3/7/6/1/3/6/7 3 3,Z,-2.2857142857142857142857142858,0,BLOCK,Z,0.5633078,0.6705025
7/5/3/7/6/5/3/4/7 3 3,Z,2,0,BLOCK,Z,0.1388158,0.3065333
7/1/3/7/6/5/3/5/7 3 3,Z,-2,2,BLOCK,Z,0.6908562,0.339344
7/5/3/7/4/5/3/5/7 3 3,X,2.2222222222222222222222222222,0,BLOCK,X,0.5872511,0.4846689
7/5/3/7/6/1/3/5/7 3 3,Z,-2,0,BLOCK,Z,0.7670175,0.7960817
7/5/3/7/6/5/3/1/7 3 3,Z,-2,0,BLOCK,Z,0.1869759,0.3492787
7/1/3/7/6/5/3/3/7 3 3,Z,-1.875,2,BLOCK,Z,0.7171617,0.3429406
7/5/3/7/4/5/3/3/7 3 3,X,2.2222222222222222222222222222,2,BLOCK,X,1.419563,0.9424869
7/5/3/7/6/1/3/3/7 3 3,Z,-1.7142857142857142857142857142,0,BLOCK,Z,0.8923463,0.7442877
7/1/3/7/6/5/3/7/6 3 3,Z,-2,2,BLOCK,Z,0.7259384,0.3850629
7/5/3/7/4/5/3/7/6 3 3,X,2,0,BLOCK,X,0.3142009,0.3579692
7/5/3/7/6/1/3/7/6 3 3,Z,-2,0,BLOCK,Z,1.205866,0.8176291
7/1/3/7/6/5/3/7/5 3 3,Z,-2,0,BLOCK,Z,0.4646362,0.3355315
7/5/3/7/4/5/3/7/5 3 3,X,2.2222222222222222222222222222,2,BLOCK,X,1.410543,0.9573793
7/5/3/7/6/1/3/7/5 3 3,Z,-2,0,BLOCK,Z,0.7378017,0.8150365
7/1/3/7/6/5/3/7/3 3 3,Z,-2,0,BLOCK,Z,0.7343459,0.3010698
7/5/3/7/4/5/3/7/3 3 3,X,2.4444444444444444444444444444,0,BLOCK,X,1.443707,1.088139
7/5/3/7/6/1/3/7/3 3 3,Z,-2,0,BLOCK,Z,0.7379966,0.8303928
7/1/3/7/6/5/7/2/7 3 3,Z,-2,0,BLOCK,Z,0.3856043,0.3507372
7/5/3/7/4/5/7/2/7 3 3,X,2,0,BLOCK,X,0.9025048,0.871155
7/5/3/7/6/1/7/2/7 3 3,Z,-2,0,BLOCK,Z,0.3735644,0.5942797
7/1/3/7/6/5/7/6/6 3 3,Z,-2.125,0,BLOCK,Z,0.5341198,0.3014477
7/5/3/7/4/5/7/6/6 3 3,X,1.7777777777777777777777777778,0,BLOCK,X,0.4949334,0.5895426
7/5/3/7/6/1/7/6/6 3 3,Z,-2.2857142857142857142857142858,0,BLOCK,Z,0.4661614,0.6705062
7/5/3/7/6/5/7/4/6 3 3,Z,2,2,BLOCK,Z,1.591048,1.021905
7/1/3/7/6/5/7/6/5 3 3,Z,-2.125,2,BLOCK,Z,0.7640514,0.5375805
7/5/3/7/4/5/7/6/5 3 3,X,2,0,BLOCK,X,1.052192,1.008384
7/5/3/7/6/1/7/6/5 3 3,Z,-2.2857142857142857142857142858,0,BLOCK,Z,0.5444789,0.7420443
7/5/3/7/6/5/7/4/5 3 3,Z,2,0,BLOCK,Z,0.277024,0.441852
7/1/3/7/6/5/7/6/3 3 3,Z,-2.125,0,BLOCK,Z,0.672224,0.404137
7/5/3/7/4/5/7/6/3 3 3,X,2.2222222222222222222222222222,0,BLOCK,X,1.065467,0.9272637
7/5/3/7/6/1/7/6/3 3 3,Z,-2.2857142857142857142857142858,0,BLOCK,Z,0.5071272,0.7659145
7/5/3/7/6/5/7/4/3 3 3,Z,2,0,BLOCK,Z,0.137843,0.2828757
7/1/3/7/6/5/7/5/6 3 3,Z,-2,2,BLOCK,Z,0.8011678,0.5019194
7/5/3/7/4/5/7/5/6 3 3,X,1.7777777777777777777777777778,0,BLOCK,X,0.4129783,0.4348217
7/5/3/7/6/1/7/5/6 3 3,Z,-2,0,BLOCK,Z,0.8682643,0.8827652
7/5/3/7/6/5/7/1/6 3 3,Z,-2,0,BLOCK,Z,0.1902639,0.4228434
7/1/3/7/6/5/7/5/5 3 3,Z,-2,0,BLOCK,Z,0.4737121,0.1906876
7/5/3/7/4/5/7/5/5 3 3,X,2,2,BLOCK,X,1.015764,0.8681571
7/5/3/7/6/1/7/5/5 3 3,Z,-2,0,BLOCK,Z,1.142221,0.8848519
7/5/3/7/6/5/7/1/5 3 3,Z,-2,0,BLOCK,Z,0.173446,0.3769607
7/1/3/7/6/5/7/5/3 3 3,Z,-2,2,BLOCK,Z,0.7929122,0.4337787
7/5/3/7/4/5/7/5/3 3 3,X,2.2222222222222222222222222222,0,BLOCK,X,0.6173216,0.6264559
7/5/3/7/6/1/7/5/3 3 3,Z,-2,2,BLOCK,Z,1.147268,0.8468487
7/5/3/7/6/5/7/1/3 3 3,Z,-2,0,BLOCK,Z,0.1356931,0.2875807
7/1/3/7/6/5/7/3/6 3 3,Z,-1.875,0,BLOCK,Z,0.4883015,0.3331201
7/5/3/7/4/5/7/3/6 3 3,X,1.7777777777777777777777777778,2,BLOCK,X,1.07112,1.027425
7/5/3/7/6/1/7/3/6 3 3,Z,-1.7142857142857142857142857142,0,BLOCK,Z,1.182198,0.7407602
7/1/3/7/6/5/7/3/5 3 3,Z,-1.875,2,BLOCK,Z,0.7420963,0.4683002
7/5/3/7/4/5/7/3/5 3 3,X,2,0,BLOCK,X,0.6959058,0.5949801
7/5/3/7/6/1/7/3/5 3 3,Z,-1.7142857142857142857142857142,0,BLOCK,Z,0.8467537,0.6788051
7/1/3/7/6/5/7/3/3 3 3,Z,-1.875,2,BLOCK,Z,0.6830823,0.3497059
7/5/3/7/4/5/7/3/3 3 3,X,2.2222222222222222222222222222,0,BLOCK,X,0.6210833,0.4308141
7/5/3/7/6/1/7/3/3 3 3,Z,-1.7142857142857142857142857142,0,BLOCK,Z,0.6637561,0.8198302
7/1/3/7/6/5/7/7/4 3 3,Z,-2,2,BLOCK,Z,0.7829756,0.5103326
7/5/3/7/4/5/7/7/4 3 3,X,1.7777777777777777777777777778,0,BLOCK,X,0.6011032,0.4665982
7/5/3/7/6/1/7/7/4 3 3,Z,-2,0,BLOCK,Z,0.5478152,0.7947865
7/1/3/7/6/5/7/7/2 3 3,Z,-2,2,BLOCK,Z,0.8190797,0.3938723
7/5/3/7/4/5/7/7/2 3 3,X,2,0,BLOCK,X,0.734405,0.63753
7/5/3/7/6/1/7/7/2 3 3,Z,-2,2,BLOCK,Z,1.25066,0.8835042
7/1/3/7/6/5/7/7/1 3 3,Z,-2,0,BLOCK,Z,0.7622922,0.4859592
7/5/3/7/4/5/7/7/1 3 3,X,2.2222222222222222222222222222,0,BLOCK,X,0.6808408,0.5956508
7/5/3/7/6/1/7/7/1 3 3,Z,-2,0,BLOCK,Z,0.9200589,0.7933018
7/1/3/7/6/3/2/7/7 3 3,Z,-1.875,2,BLOCK,Z,0.5914472,0.4070539
7/5/3/7/4/3/2/7/7 3 3,X,2,0,BLOCK,X,0.08448368,0.5634719
7/1/3/7/6/3/6/6/7 3 3,Z,-2,0,BLOCK,Z,0.560496,0.4956095
7/5/3/7/4/3/6/6/7 3 3,X,1.7777777777777777777777777778,2,BLOCK,X,0.9628813,0.9385741
7/5/3/7/6/3/4/6/7 3 3,X,2,0,BLOCK,X,0.6981567,0.4785306
7/5/3/7/6/3/6/4/7 3 3,Z,2,0,BLOCK,Z,0.6502151,0.6008942
7/1/3/7/6/3/6/5/7 3 3,Z,-1.875,0,BLOCK,Z,0.5647814,0.3198473
7/5/3/7/4/3/6/5/7 3 3,X,1.7777777777777777777777777778,0,BLOCK,X,0.3743221,0.5749464
7/5/3/7/6/3/4/5/7 3 3,X,2,2,BLOCK,X,1.417294,0.8507088
7/5/3/7/6/3/6/1/7 3 3,Z,-2,2,BLOCK,Z,1.683907,1.009123
7/1/3/7/6/3/6/3/7 3 3,Z,-1.75,0,BLOCK,Z,0.5139141,0.3996142
7/5/3/7/4/3/6/3/7 3 3,X,1.7777777777777777777777777778,2,BLOCK,X,0.9682631,0.9610109
7/5/3/7/6/3/4/3/7 3 3,X,2,0,BLOCK,X,0.4889446,0.3832787
7/1/3/7/6/3/6/7/6 3 3,Z,-1.875,2,BLOCK,Z,0.8297436,0.3502889
7/5/3/7/4/3/6/7/6 3 3,X,1.5555555555555555555555555556,0,BLOCK,X,0.5213133,0.6663318
7/5/3/7/6/3/4/7/6 3 3,X,1.6,2,BLOCK,X,1.32115,0.8117766
7/1/3/7/6/3/6/7/5 3 3,Z,-1.875,0,BLOCK,Z,0.204052,0.1067066
7/5/3/7/4/3/6/7/5 3 3,X,1.7777777777777777777777777778,0,BLOCK,X,0.3062868,0.515689
7/5/3/7/6/3/4/7/5 3 3,X,2,0,BLOCK,X,0.5458241,0.3706871
7/1/3/7/6/3/6/7/3 3 3,Z,-1.875,2,BLOCK,Z,0.7081499,0.3336611
7/5/3/7/4/3/6/7/3 3 3,X,2,2,BLOCK,X,1.0556,0.9498309
7/5/3/7/6/3/4/7/3 3 3,X,2.4,0,BLOCK,X,1.619963,1.074115
7/1/3/7/6/3/5/6/7 3 3,Z,-2,0,BLOCK,Z,0.4369769,0.3267428
7/5/3/7/4/3/5/6/7 3 3,X,2,0,BLOCK,X,0.4474014,0.5702385
7/5/3/7/6/3/1/6/7 3 3,X,-2,0,BLOCK,X,1.004963,0.6130881
7/5/3/7/6/3/5/4/7 3 3,Z,2,2,BLOCK,Z,1.512205,0.8703662
7/1/3/7/6/3/5/5/7 3 3,Z,-1.875,2,BLOCK,Z,0.7580367,0.4365813
7/5/3/7/4/3/5/5/7 3 3,X,2,0,BLOCK,X,0.7524596,0.6944839
7/5/3/7/6/3/1/5/7 3 3,X,-2,0,BLOCK,X,0.7611076,0.5666316
7/5/3/7/6/3/5/1/7 3 3,Z,-2,2,BLOCK,Z,1.573496,0.9715784
7/1/3/7/6/3/5/3/7 3 3,Z,-1.75,2,BLOCK,Z,0.6692438,0.4631278
7/5/3/7/4/3/5/3/7 3 3,X,2,0,BLOCK,X,0.4236467,0.5998726
7/5/3/7/6/3/1/3/7 3 3,X,-2,2,BLOCK,X,1.327084,0.7879344
7/1/3/7/6/3/5/7/6 3 3,Z,-1.875,2,BLOCK,Z,0.9200496,0.4387307
7/5/3/7/4/3/5/7/6 3 3,X,1.7777777777777777777777777778,2,BLOCK,X,0.9234965,0.904421
7/5/3/7/6/3/1/7/6 3 3,X,-2.4,0,BLOCK,X,1.686218,0.9256765
7/1/3/7/6/3/5/7/5 3 3,Z,-1.875,2,BLOCK,Z,0.7477666,0.419283
7/5/3/7/4/3/5/7/5 3 3,X,2,0,BLOCK,X,0.6855864,0.5429457
7/5/3/7/6/3/1/7/5 3 3,X,-2,2,BLOCK,X,1.326138,0.7770197
7/1/3/7/6/3/5/7/3 3 3,Z,-1.875,2,BLOCK,Z,0.7314144,0.3711165
7/5/3/7/4/3/5/7/3 3 3,X,2.2222222222222222222222222222,0,BLOCK,X,0.4304836,0.526483
7/5/3/7/6/3/1/7/3 3 3,X,-1.6,0,BLOCK,X,0.4135013,0.3375424
7/1/3/7/6/3/3/6/7 3 3,Z,-2,2,BLOCK,Z,0.8237243,0.3918331
7/5/3/7/4/3/3/6/7 3 3,X,2.2222222222222222222222222222,0,BLOCK,X,0.4320192,0.3317394
7/5/3/7/6/3/3/4/7 3 3,Z,2,2,BLOCK,Z,1.496604,0.8815333
7/1/3/7/6/3/3/5/7 3 3,Z,-1.875,2,BLOCK,Z,0.7671743,0.3586435
7/5/3/7/4/3/3/5/7 3 3,X,2.2222222222222222222222222222,0,BLOCK,X,0.2849263,0.5584966
7/5/3/7/6/3/3/1/7 3 3,Z,-2,2,BLOCK,Z,1.540433,0.947656
7/1/3/7/6/3/3/3/7 3 3,Z,-1.75,0,BLOCK,Z,0.3998623,0.2946624
7/5/3/7/4/3/3/3/7 3 3,X,2.2222222222222222222222222222,0,BLOCK,X,0.6736587,0.5456485
7/1/3/7/6/3/3/7/6 3 3,Z,-1.875,0,BLOCK,Z,0.6381169,0.3512335
7/5/3/7/4/3/3/7/6 3 3,X,2,0,BLOCK,X,0.6696724,0.5525125
7/1/3/7/6/3/3/7/5 3 3,Z,-1.875,0,BLOCK,Z,0.6339605,0.2408345
7/5/3/7/4/3/3/7/5 3 3,X,2.2222222222222222222222222222,0,BLOCK,X,0.7915381,0.6551982
7/1/3/7/6/3/3/7/3 3 3,Z,-1.875,2,BLOCK,Z,0.7457879,0.440685
7/5/3/7/4/3/3/7/3 3 3,X,2.4444444444444444444444444444,0,BLOCK,X,0.2888585,0.4188052
7/1/3/7/6/3/7/2/7 3 3,Z,-1.875,0,BLOCK,Z,0.6163571,0.3586611
7/5/3/7/4/3/7/2/7 3 3,X,2,0,BLOCK,X,0.7014822,0.7172136
7/1/3/7/6/3/7/6/6 3 3,Z,-2,2,BLOCK,Z,0.874371,0.4796188
7/5/3/7/4/3/7/6/6 3 3,X,1.7777777777777777777777777778,0,BLOCK,X,0.3137596,0.3844747
7/5/3/7/6/3/7/4/6 3 3,Z,2,0,BLOCK,Z,0.647809,0.702523
7/1/3/7/6/3/7/6/5 3 3,Z,-2,2,BLOCK,Z,0.7365566,0.4256374
7/5/3/7/4/3/7/6/5 3 3,X,2,0,BLOCK,X,0.7629918,0.5497851
7/5/3/7/6/3/7/4/5 3 3,Z,2,0,BLOCK,Z,0.5632687,0.6443561
7/1/3/7/6/3/7/6/3 3 3,Z,-2,2,BLOCK,Z,0.8200066,0.4352308
7/5/3/7/4/3/7/6/3 3 3,X,2.2222222222222222222222222222,0,BLOCK,X,0.4907379,0.4686901
7/5/3/7/6/3/7/4/3 3 3,Z,2,0,BLOCK,Z,0.4498439,0.4568247
7/1/3/7/6/3/7/5/6 3 3,Z,-1.875,0,BLOCK,Z,0.2474957,0.3620415
7/5/3/7/4/3/7/5/6 3 3,X,1.7777777777777777777777777778,0,BLOCK,X,0.6392635,0.3802867
7/5/3/7/6/3/7/1/6 3 3,Z,-2,0,BLOCK,Z,0.3486015,0.5376038
7/1/3/7/6/3/7/5/5 3 3,Z,-1.875,2,BLOCK,Z,0.7335262,0.377126
7/5/3/7/4/3/7/5/5 3 3,X,2,0,BLOCK,X,0.4916513,0.5234183
7/5/3/7/6/3/7/1/5 3 3,Z,-2,0,BLOCK,Z,0.3167155,0.44521
7/1/3/7/6/3/7/5/3 3 3,Z,-1.875,0,BLOCK,Z,0.5627531,0.3531927
7/5/3/7/4/3/7/5/3 3 3,X,2.2222222222222222222222222222,0,BLOCK,X,0.6640174,0.6403317
7/5/3/7/6/3/7/1/3 3 3,Z,-2,0,BLOCK,Z,0.3847699,0.5411479
7/1/3/7/6/3/7/3/6 3 3,Z,-1.75,0,BLOCK,Z,0.6018277,0.3106865
7/5/3/7/4/3/7/3/6 3 3,X,1.7777777777777777777777777778,0,BLOCK,X,0.5310579,0.540708
7/1/3/7/6/3/7/3/5 3 3,Z,-1.75,0,BLOCK,Z,0.4127553,0.3483404
7/5/3/7/4/3/7/3/5 3 3,X,2,0,BLOCK,X,0.6891184,0.556773
7/1/3/7/6/3/7/3/3 3 3,Z,-1.75,2,BLOCK,Z,0.6807685,0.4818802
7/5/3/7/4/3/7/3/3 3 3,X,2.2222222222222222222222222222,0,BLOCK,X,0.8027779,0.7501909
7/1/3/7/6/3/7/7/4 3 3,Z,-1.875,0,BLOCK,Z,0.3994401,0.2614075
7/5/3/7/4/3/7/7/4 3 3,X,1.7777777777777777777777777778,2,BLOCK,X,1.015036,0.8376355
7/1/3/7/6/3/7/7/2 3 3,Z,-1.875,0,BLOCK,Z,0.6398757,0.4286564
7/5/3/7/4/3/7/7/2 3 3,X,2,2,BLOCK,X,1.159454,0.9407963
7/1/3/7/6/3/7/7/1 3 3,Z,-1.875,0,BLOCK,Z,0.6002126,0.2963357
7/5/3/7/4/3/7/7/1 3 3,X,2.2222222222222222222222222222,0,BLOCK,X,0.5833018,0.4837704
7/1/3/7/6/7/2/6/7 3 3,Z,-2.125,2,BLOCK,Z,0.8137264,0.4098285
7/5/3/7/4/7/2/6/7 3 3,X,2,0,BLOCK,X,0.07472611,0.4614932
7/5/3/7/6/7/2/4/7 3 3,Z,2,0,BLOCK,Z,1.628341,0.9992481
7/1/3/7/6/7/2/5/7 3 3,Z,-2,0,BLOCK,Z,0.6438251,0.390368
7/5/3/7/4/7/2/5/7 3 3,X,2,0,BLOCK,X,0.0786243,0.4748421
7/5/3/7/6/7/2/1/7 3 3,Z,-2,2,BLOCK,Z,1.772254,1.031219
7/1/3/7/6/7/2/3/7 3 3,Z,-1.875,2,BLOCK,Z,0.719537,0.3526231
7/5/3/7/4/7/2/3/7 3 3,X,2,0,BLOCK,X,0.4519,0.7142355
7/1/3/7/6/7/2/7/6 3 3,Z,-2,0,BLOCK,Z,0.4732637,0.4020089
7/5/3/7/4/7/2/7/6 3 3,X,1.7777777777777777777777777778,0,BLOCK,X,0.3587965,0.4323189
7/1/3/7/6/7/2/7/5 3 3,Z,-2,0,BLOCK,Z,0.498092,0.3580195
7/5/3/7/4/7/2/7/5 3 3,X,2,2,BLOCK,X,1.298958,0.9189371
7/1/3/7/6/7/2/7/3 3 3,Z,-2,2,BLOCK,Z,0.7415933,0.4411567
7/5/3/7/4/7/2/7/3 3 3,X,2.2222222222222222222222222222,0,BLOCK,X,0.08293884,0.6388765
7/1/3/7/6/7/6/2/7 3 3,Z,-2,2,BLOCK,Z,0.8126909,0.3989768
7/5/3/7/4/7/6/2/7 3 3,X,1.7777777777777777777777777778,0,BLOCK,X,0.2547902,0.5310847
7/5/3/7/6/7/4/2/7 3 3,X,2,0,BLOCK,X,0.387248,0.3876033
7/1/3/7/6/7/6/6/6 3 3,Z,-2.125,0,BLOCK,Z,0.71978,0.3204725
7/5/3/7/4/7/6/6/6 3 3,X,1.5555555555555555555555555556,2,BLOCK,X,0.8841311,0.8053486
7/5/3/7/6/7/4/6/6 3 3,X,1.5,0,BLOCK,X,0.2477724,0.2562113
7/5/3/7/6/7/6/4/6 3 3,Z,2,0,BLOCK,Z,0.2337295,0.4496584
7/1/3/7/6/7/6/6/5 3 3,Z,-2.125,0,BLOCK,Z,0.7160338,0.4826992
7/5/3/7/4/7/6/6/5 3 3,X,1.7777777777777777777777777778,0,BLOCK,X,0.4422386,0.6108096
7/5/3/7/6/7/4/6/5 3 3,X,2,0,BLOCK,X,0.3922807,0.3494671
7/5/3/7/6/7/6/4/5 3 3,Z,2,0,BLOCK,Z,0.1306587,0.2975475
7/1/3/7/6/7/6/6/3 3 3,Z,-2.125,2,BLOCK,Z,0.8003151,0.4887189
7/5/3/7/4/7/6/6/3 3 3,X,2.0,0,BLOCK,X,0.3548939,0.5531486
7/5/3/7/6/7/4/6/3 3 3,X,2.5,0,BLOCK,X,0.5843016,0.5940813
7/5/3/7/6/7/6/4/3 3 3,Z,2,0,BLOCK,Z,1.721173,1.017105
7/1/3/7/6/7/6/5/6 3 3,Z,-2,0,BLOCK,Z,0.368085,0.4038231
7/5/3/7/4/7/6/5/6 3 3,X,1.5555555555555555555555555556,0,BLOCK,X,0.1219157,0.4765685
7/5/3/7/6/7/4/5/6 3 3,X,1.5,2,BLOCK,X,1.308585,0.8229523
7/5/3/7/6/7/6/1/6 3 3,Z,-2,0,BLOCK,Z,0.1947135,0.4251953
7/1/3/7/6/7/6/5/5 3 3,Z,-2,2,BLOCK,Z,0.8043773,0.4823695
7/5/3/7/4/7/6/5/5 3 3,X,1.7777777777777777777777777778,2,BLOCK,X,0.9263545,0.8027287
7/5/3/7/6/7/4/5/5 3 3,X,2,0,BLOCK,X,0.5098226,0.5097262
7/5/3/7/6/7/6/1/5 3 3,Z,-2,0,BLOCK,Z,0.1654168,0.4101331
7/1/3/7/6/7/6/5/3 3 3,Z,-2,0,BLOCK,Z,0.5815328,0.3893146
7/5/3/7/4/7/6/5/3 3 3,X,2.0,2,BLOCK,X,1.0831,0.836687
7/5/3/7/6/7/4/5/3 3 3,X,2.5,0,BLOCK,X,0.6062683,0.6087836
7/5/3/7/6/7/6/1/3 3 3,Z,-2,0,BLOCK,Z,0.1555631,0.2870564
7/1/3/7/6/7/6/3/6 3 3,Z,-1.875,2,BLOCK,Z,0.7114914,0.4602053
7/5/3/7/4/7/6/3/6 3 3,X,1.5555555555555555555555555556,0,BLOCK,X,0.3395345,0.537091
7/5/3/7/6/7/4/3/6 3 3,X,1.5,0,BLOCK,X,0.2708303,0.08938418
7/1/3/7/6/7/6/3/5 3 3,Z,-1.875,0,BLOCK,Z,0.6002048,0.4149702
7/5/3/7/4/7/6/3/5 3 3,X,1.7777777777777777777777777778,0,BLOCK,X,0.1822781,0.5248051
7/5/3/7/6/7/4/3/5 3 3,X,2,0,BLOCK,X,0.4264573,0.3668527
7/1/3/7/6/7/6/3/3 3 3,Z,-1.875,2,BLOCK,Z,0.8262743,0.4266276
7/5/3/7/4/7/6/3/3 3 3,X,2.0,0,BLOCK,X,0.1890802,0.4628707
7/5/3/7/6/7/4/3/3 3 3,X,2.5,0,BLOCK,X,0.6325176,0.5521055
3/4/3/7/6/7/6/7/6 3 3,Z,2,0,BLOCK,Z,0.6134521,0.3698212
3/1/3/7/6/7/6/7/6 3 3,Z,-2,2,BLOCK,Z,0.6935267,0.4705668
7/1/3/7/6/7/6/7/4 3 3,Z,-2,0,BLOCK,Z,0.2861991,0.3156365
7/5/3/7/4/7/6/7/4 3 3,X,1.5555555555555555555555555556,0,BLOCK,X,0.3232257,0.509051
7/5/3/7/6/7/4/7/4 3 3,X,1.5,0,BLOCK,X,0.144902,0.1972168
7/1/3/7/6/7/6/7/2 3 3,Z,-2,0,BLOCK,Z,0.5252073,0.3115977
7/5/3/7/4/7/6/7/2 3 3,X,1.7777777777777777777777777778,2,BLOCK,X,1.090493,0.8734248
7/5/3/7/6/7/4/7/2 3 3,X,2,2,BLOCK,X,1.616523,1.017409
7/1/3/7/6/7/6/7/1 3 3,Z,-2,0,BLOCK,Z,0.517894,0.3666999
7/5/3/7/4/7/6/7/1 3 3,X,2.0,0,BLOCK,X,0.3867004,0.6637765
7/5/3/7/6/7/4/7/1 3 3,X,2.5,0,BLOCK,X,0.4236651,0.4758737
7/1/3/7/6/7/5/2/7 3 3,Z,-2,2,BLOCK,Z,0.7731321,0.4391696
7/5/3/7/4/7/5/2/7 3 3,X,2,0,BLOCK,X,0.3069654,0.3863668
7/5/3/7/6/7/1/2/7 3 3,X,-2,0,BLOCK,X,0.9230945,0.6579442
7/1/3/7/6/7/5/6/6 3 3,Z,-2.125,2,BLOCK,Z,0.8621197,0.4649052
7/5/3/7/4/7/5/6/6 3 3,X,1.7777777777777777777777777778,0,BLOCK,X,0.9183214,0.800284
7/5/3/7/6/7/1/6/6 3 3,X,-2.5,0,BLOCK,X,0.6637667,0.8485261
7/5/3/7/6/7/5/4/6 3 3,Z,2,0,BLOCK,Z,1.651011,1.084633
7/1/3/7/6/7/5/6/5 3 3,Z,-2.125,0,BLOCK,Z,0.4912494,0.3579306
7/5/3/7/4/7/5/6/5 3 3,X,2,0,BLOCK,X,0.8128942,0.6480212
7/5/3/7/6/7/1/6/5 3 3,X,-2,0,BLOCK,X,0.6620317,0.7058774
7/5/3/7/6/7/5/4/5 3 3,Z,2,0,BLOCK,Z,0.2399229,0.4144244
7/1/3/7/6/7/5/6/3 3 3,Z,-2.125,2,BLOCK,Z,0.7588867,0.4501967
7/5/3/7/4/7/5/6/3 3 3,X,2.2222222222222222222222222222,0,BLOCK,X,0.5355792,0.5813591
7/5/3/7/6/7/1/6/3 3 3,X,-1.5,0,BLOCK,X,0.4669896,0.4808214
7/5/3/7/6/7/5/4/3 3 3,Z,2,2,BLOCK,Z,1.623557,0.9905155
7/1/3/7/6/7/5/5/6 3 3,Z,-2,0,BLOCK,Z,0.7136342,0.3898029
7/5/3/7/4/7/5/5/6 3 3,X,1.7777777777777777777777777778,2,BLOCK,X,0.9325437,0.8449554
7/5/3/7/6/7/1/5/6 3 3,X,-2.5,2,BLOCK,X,1.575399,0.8881724
7/5/3/7/6/7/5/1/6 3 3,Z,-2,0,BLOCK,Z,0.1549382,0.3345921
7/1/3/7/6/7/5/5/5 3 3,Z,-2,0,BLOCK,Z,0.4920307,0.3420514
7/5/3/7/4/7/5/5/5 3 3,X,2,0,BLOCK,X,0.4807327,0.4616973
7/5/3/7/6/7/1/5/5 3 3,X,-2,0,BLOCK,X,0.6791275,0.6697362
7/5/3/7/6/7/5/1/5 3 3,Z,-2,0,BLOCK,Z,0.1959277,0.3291447
7/1/3/7/6/7/5/5/3 3 3,Z,-2,2,BLOCK,Z,0.7633483,0.4726602
7/5/3/7/4/7/5/5/3 3 3,X,2.2222222222222222222222222222,0,BLOCK,X,1.077124,0.8609611
7/5/3/7/6/7/1/5/3 3 3,X,-1.5,0,BLOCK,X,0.5794784,0.5385137
7/5/3/7/6/7/5/1/3 3 3,Z,-2,0,BLOCK,Z,1.582974,1.013574
7/1/3/7/6/7/5/3/6 3 3,Z,-1.875,0,BLOCK,Z,0.414653,0.289263
7/5/3/7/4/7/5/3/6 3 3,X,1.7777777777777777777777777778,0,BLOCK,X,0.5309517,0.4435796
7/5/3/7/6/7/1/3/6 3 3,X,-2.5,0,BLOCK,X,0.7697841,0.7569226
7/1/3/7/6/7/5/3/5 3 3,Z,-1.875,0,BLOCK,Z,0.6255429,0.3902257
7/5/3/7/4/7/5/3/5 3 3,X,2,0,BLOCK,X,0.9554365,0.8042029
7/5/3/7/6/7/1/3/5 3 3,X,-2,0,BLOCK,X,0.6952261,0.7300965
7/1/3/7/6/7/5/3/3 3 3,Z,-1.875,0,BLOCK,Z,0.6007591,0.4183375
7/5/3/7/4/7/5/3/3 3 3,X,2.2222222222222222222222222222,0,BLOCK,X,0.8512301,0.7184965
7/5/3/7/6/7/1/3/3 3 3,X,-1.5,0,BLOCK,X,0.5028037,0.4241504
7/1/3/7/6/7/5/7/4 3 3,Z,-2,0,BLOCK,Z,0.5158635,0.2777432
7/5/3/7/4/7/5/7/4 3 3,X,1.7777777777777777777777777778,0,BLOCK,X,0.3239703,0.4563279
7/5/3/7/6/7/1/7/4 3 3,X,-2.5,2,BLOCK,X,1.64004,1.014405
7/1/3/7/6/7/5/7/2 3 3,Z,-2,0,BLOCK,Z,0.3836996,0.2757388
7/5/3/7/4/7/5/7/2 3 3,X,2,0,BLOCK,X,0.6835117,0.4548842
7/5/3/7/6/7/1/7/2 3 3,X,-2,0,BLOCK,X,0.8885177,0.7677236
7/1/3/7/6/7/5/7/1 3 3,Z,-2,0,BLOCK,Z,0.393117,0.142057
7/5/3/7/4/7/5/7/1 3 3,X,2.2222222222222222222222222222,0,BLOCK,X,0.6597744,0.4818341
7/5/3/7/6/7/1/7/1 3 3,X,-1.5,0,BLOCK,X,0.4779138,0.5024006
7/1/3/7/6/7/3/2/7 3 3,Z,-2,0,BLOCK,Z,0.7695713,0.3087264
7/5/3/7/4/7/3/2/7 3 3,X,2.2222222222222222222222222222,0,BLOCK,X,0.2701338,0.3759153
7/1/3/7/6/7/3/6/6 3 3,Z,-2.125,0,BLOCK,Z,0.54969,0.3767669
7/5/3/7/4/7/3/6/6 3 3,X,2.0,0,BLOCK,X,0.8130674,0.5410042
7/5/3/7/6/7/3/4/6 3 3,Z,2,2,BLOCK,Z,1.607617,1.010709
7/1/3/7/6/7/3/6/5 3 3,Z,-2.125,0,BLOCK,Z,0.6323562,0.3719271
7/5/3/7/4/7/3/6/5 3 3,X,2.2222222222222222222222222222,0,BLOCK,X,0.4828884,0.4025107
7/5/3/7/6/7/3/4/5 3 3,Z,2,0,BLOCK,Z,0.1678933,0.2326569
7/1/3/7/6/7/3/6/3 3 3,Z,-2.125,0,BLOCK,Z,0.4970893,0.3768969
7/5/3/7/4/7/3/6/3 3 3,X,2.4444444444444444444444444444,2,BLOCK,X,1.398565,1.015651
7/5/3/7/6/7/3/4/3 3 3,Z,2,0,BLOCK,Z,0.2261539,0.3766579
7/1/3/7/6/7/3/5/6 3 3,Z,-2,0,BLOCK,Z,0.7092196,0.4262652
7/5/3/7/4/7/3/5/6 3 3,X,2.0,0,BLOCK,X,0.6416932,0.4911484
7/5/3/7/6/7/3/1/6 3 3,Z,-2,0,BLOCK,Z,0.06758375,0.2266522
7/1/3/7/6/7/3/5/5 3 3,Z,-2,0,BLOCK,Z,0.6064808,0.3937796
7/5/3/7/4/7/3/5/5 3 3,X,2.2222222222222222222222222222,0,BLOCK,X,0.6208412,0.5165142
7/5/3/7/6/7/3/1/5 3 3,Z,-2,0,BLOCK,Z,0.195668,0.2282724
7/1/3/7/6/7/3/5/3 3 3,Z,-2,2,BLOCK,Z,0.7730991,0.4060295
7/5/3/7/4/7/3/5/3 3 3,X,2.4444444444444444444444444444,0,BLOCK,X,0.3825043,0.3735015
7/5/3/7/6/7/3/1/3 3 3,Z,-2,0,BLOCK,Z,0.2542129,0.4175625
7/1/3/7/6/7/3/3/6 3 3,Z,-1.875,2,BLOCK,Z,0.8076398,0.4114968
7/5/3/7/4/7/3/3/6 3 3,X,2.0,0,BLOCK,X,0.8002073,0.5406808
7/1/3/7/6/7/3/3/5 3 3,Z,-1.875,0,BLOCK,Z,0.6118752,0.3718619
7/5/3/7/4/7/3/3/5 3 3,X,2.2222222222222222222222222222,0,BLOCK,X,0.6266022,0.5537214
7/1/3/7/6/7/3/3/3 3 3,Z,-1.875,0,BLOCK,Z,0.4707582,0.2802399
7/5/3/7/4/7/3/3/3 3 3,X,2.4444444444444444444444444444,0,BLOCK,X,0.5807226,0.4836237
7/1/3/7/6/7/3/7/4 3 3,Z,-2,0,BLOCK,Z,0.6426423,0.4391163
7/5/3/7/4/7/3/7/4 3 3,X,2.0,0,BLOCK,X,0.5439727,0.4478655
7/1/3/7/6/7/3/7/2 3 3,Z,-2,0,BLOCK,Z,0.7257769,0.3704569
7/5/3/7/4/7/3/7/2 3 3,X,2.2222222222222222222222222222,0,BLOCK,X,0.3067611,0.346378
7/1/3/7/6/7/3/7/1 3 3,Z,-2,0,BLOCK,Z,0.5091598,0.217985
7/5/3/7/4/7/3/7/1 3 3,X,2.4444444444444444444444444444,0,BLOCK,X,0.3402177,0.40981
7/1/3/7/6/7/7/2/6 3 3,Z,-2,2,BLOCK,Z,0.8037949,0.4503084
7/5/3/7/4/7/7/2/6 3 3,X,1.7777777777777777777777777778,2,BLOCK,X,0.9246301,0.8384593
7/1/3/7/6/7/7/2/5 3 3,Z,-2,0,BLOCK,Z,0.7711171,0.1840861
7/5/3/7/4/7/7/2/5 3 3,X,2,0,BLOCK,X,0.3704234,0.4013274
7/1/3/7/6/7/7/2/3 3 3,Z,-2,0,BLOCK,Z,0.7366554,0.4173106
7/5/3/7/4/7/7/2/3 3 3,X,2.2222222222222222222222222222,0,BLOCK,X,0.4813733,0.5402696
7/1/3/7/6/7/7/6/4 3 3,Z,-2.125,0,BLOCK,Z,0.3720021,0.2643444
7/5/3/7/4/7/7/6/4 3 3,X,1.7777777777777777777777777778,2,BLOCK,X,1.075127,0.8593288
7/5/3/7/6/7/7/4/4 3 3,Z,2,2,BLOCK,Z,1.585838,1.056494
7/1/3/7/6/7/7/6/2 3 3,Z,-2.125,0,BLOCK,Z,0.4257286,0.4070323
7/5/3/7/4/7/7/6/2 3 3,X,2,2,BLOCK,X,1.136577,0.792536
7/5/3/7/6/7/7/4/2 3 3,Z,2,0,BLOCK,Z,0.1494922,0.3120549
7/1/3/7/6/7/7/6/1 3 3,Z,-2.125,0,BLOCK,Z,0.6194493,0.4750206
7/5/3/7/4/7/7/6/1 3 3,X,2.2222222222222222222222222222,0,BLOCK,X,0.6379645,0.6644491
7/5/3/7/6/7/7/4/1 3 3,Z,2,0,BLOCK,Z,0.1507183,0.2433337
7/1/3/7/6/7/7/5/4 3 3,Z,-2,0,BLOCK,Z,0.651188,0.3654893
7/5/3/7/4/7/7/5/4 3 3,X,1.7777777777777777777777777778,2,BLOCK,X,0.9941844,0.7035518
7/5/3/7/6/7/7/1/4 3 3,Z,-2,0,BLOCK,Z,0.3726932,0.5935085
7/1/3/7/6/7/7/5/2 3 3,Z,-2,0,BLOCK,Z,0.5251288,0.3664512
7/5/3/7/4/7/7/5/2 3 3,X,2,0,BLOCK,X,1.104942,0.8699521
7/5/3/7/6/7/7/1/2 3 3,Z,-2,0,BLOCK,Z,0.1165931,0.2645124
7/1/3/7/6/7/7/5/1 3 3,Z,-2,0,BLOCK,Z,0.5834777,0.3071487
7/5/3/7/4/7/7/5/1 3 3,X,2.2222222222222222222222222222,2,BLOCK,X,1.252357,0.853152
7/5/3/7/6/7/7/1/1 3 3,Z,-2,0,BLOCK,Z,0.1507643,0.2454436
7/1/3/7/6/7/7/3/4 3 3,Z,-1.875,0,BLOCK,Z,0.5595269,0.317448
7/5/3/7/4/7/7/3/4 3 3,X,1.7777777777777777777777777778,0,BLOCK,X,0.5104095,0.4578578
7/1/3/7/6/7/7/3/2 3 3,Z,-1.875,0,BLOCK,Z,0.5011517,0.2438974
7/5/3/7/4/7/7/3/2 3 3,X,2,0,BLOCK,X,0.5968018,0.544786
7/1/3/7/6/7/7/3/1 3 3,Z,-1.875,2,BLOCK,Z,0.8403412,0.4902111
7/5/3/7/4/7/7/3/1 3 3,X,2.2222222222222222222222222222,0,BLOCK,X,0.7103701,0.5252085
7/1/3/7/5/2/6/7/7 3 3,Z,-2,0,BLOCK,Z,0.4570007,0.1920857
7/5/3/7/1/2/6/7/7 3 3,X,-2.2222222222222222222222222222,0,BLOCK,X,0.5772783,0.4971626
7/5/3/7/5/2/4/7/7 3 3,X,2,0,BLOCK,X,0.906433,0.6405687
7/1/3/7/5/2/5/7/7 3 3,Z,-2,0,BLOCK,Z,0.6312034,0.3525592
7/5/3/7/1/2/5/7/7 3 3,X,-2,0,BLOCK,X,0.6454649,0.7439761
7/5/3/7/5/2/1/7/7 3 3,X,-2,0,BLOCK,X,0.7886358,0.7724989
7/1/3/7/5/2/3/7/7 3 3,Z,-2,0,BLOCK,Z,0.2861096,0.2746385
7/5/3/7/1/2/3/7/7 3 3,X,-1.7777777777777777777777777778,0,BLOCK,X,0.4055833,0.602544
7/1/3/7/5/2/7/6/7 3 3,Z,-2.125,2,BLOCK,Z,0.7496439,0.4055085
7/5/3/7/1/2/7/6/7 3 3,X,-2,2,BLOCK,X,0.915216,0.7171222
7/5/3/7/5/2/7/4/7 3 3,Z,2,2,BLOCK,Z,1.587037,0.8791226
7/1/3/7/5/2/7/5/7 3 3,Z,-2,0,BLOCK,Z,0.1831112,0.1738295
7/5/3/7/1/2/7/5/7 3 3,X,-2,2,BLOCK,X,0.884678,0.617501
7/5/3/7/5/2/7/1/7 3 3,Z,-2,0,BLOCK,Z,0.4627377,0.5488478
7/1/3/7/5/2/7/3/7 3 3,Z,-1.875,0,BLOCK,Z,0.6356485,0.5361028
7/5/3/7/1/2/7/3/7 3 3,X,-2,0,BLOCK,X,0.7060699,0.6675355
7/1/3/7/5/2/7/7/6 3 3,Z,-2,2,BLOCK,Z,0.8232237,0.4848492
7/5/3/7/1/2/7/7/6 3 3,X,-2.2222222222222222222222222222,0,BLOCK,X,0.6814297,0.7151995
7/1/3/7/5/2/7/7/5 3 3,Z,-2,0,BLOCK,Z,0.2840365,0.2727756
7/5/3/7/1/2/7/7/5 3 3,X,-2,0,BLOCK,X,0.6158731,0.7651232
7/1/3/7/5/2/7/7/3 3 3,Z,-2,0,BLOCK,Z,0.3448226,0.4315187
7/5/3/7/1/2/7/7/3 3 3,X,-1.7777777777777777777777777778,0,BLOCK,X,0.6687309,0.7720646
7/1/3/7/5/6/2/7/7 3 3,Z,-2.125,2,BLOCK,Z,0.9603763,0.6146484
7/5/3/7/1/6/2/7/7 3 3,X,-2,2,BLOCK,X,0.7441748,0.5576051
7/5/3/7/5/4/2/7/7 3 3,Z,2,0,BLOCK,Z,1.184375,0.7971779
7/1/3/7/5/6/6/6/7 3 3,Z,-2.25,0,BLOCK,Z,0.6641929,0.3311366
7/5/3/7/1/6/6/6/7 3 3,X,-2.2222222222222222222222222222,0,BLOCK,X,0.500355,0.5161048
7/5/3/7/5/4/6/6/7 3 3,Z,1.7142857142857142857142857142,0,BLOCK,Z,0.565053,0.7278237
7/5/3/7/5/6/4/6/7 3 3,X,2,0,BLOCK,X,0.307571,0.2972157
7/5/3/7/5/6/6/4/7 3 3,Z,2,2,BLOCK,Z,1.554163,0.9269257
7/1/3/7/5/6/6/5/7 3 3,Z,-2.125,2,BLOCK,Z,0.9056436,0.6039533
7/5/3/7/1/6/6/5/7 3 3,X,-2.2222222222222222222222222222,0,BLOCK,X,0.5670645,0.5788388
7/5/3/7/5/4/6/5/7 3 3,Z,2,2,BLOCK,Z,1.050115,0.8136371
7/5/3/7/5/6/4/5/7 3 3,X,2,0,BLOCK,X,1.398036,0.9287522
7/5/3/7/5/6/6/1/7 3 3,Z,-2,0,BLOCK,Z,1.480382,1.053681
7/1/3/7/5/6/6/3/7 3 3,Z,-2,0,BLOCK,Z,0.426687,0.437714
7/5/3/7/1/6/6/3/7 3 3,X,-2.2222222222222222222222222222,0,BLOCK,X,0.4148582,0.5661397
7/5/3/7/5/4/6/3/7 3 3,Z,2.2857142857142857142857142858,0,BLOCK,Z,0.6019328,0.6763408
7/5/3/7/5/6/4/3/7 3 3,X,2,0,BLOCK,X,0.3817193,0.4782422
7/1/3/7/5/6/6/7/6 3 3,Z,-2.125,0,BLOCK,Z,0.8549505,0.4351512
7/5/3/7/1/6/6/7/6 3 3,X,-2.4444444444444444444444444444,2,BLOCK,X,1.227522,0.6280125
7/5/3/7/5/4/6/7/6 3 3,Z,2,0,BLOCK,Z,0.8871211,0.766785
7/5/3/7/5/6/4/7/6 3 3,X,1.6,0,BLOCK,X,0.3262167,0.4070813
7/1/3/7/5/6/6/7/5 3 3,Z,-2.125,0,BLOCK,Z,0.3989968,0.3646756
7/5/3/7/1/6/6/7/5 3 3,X,-2.2222222222222222222222222222,0,BLOCK,X,0.5799519,0.6090788
7/5/3/7/5/4/6/7/5 3 3,Z,2,0,BLOCK,Z,1.242479,0.8089631
7/5/3/7/5/6/4/7/5 3 3,X,2,0,BLOCK,X,0.2910948,0.2597498
7/1/3/7/5/6/6/7/3 3 3,Z,-2.125,2,BLOCK,Z,1.005099,0.5843042
7/5/3/7/1/6/6/7/3 3 3,X,-2,0,BLOCK,X,0.4820645,0.6473593
7/5/3/7/5/4/6/7/3 3 3,Z,2,0,BLOCK,Z,0.7797588,0.7865945
7/5/3/7/5/6/4/7/3 3 3,X,2.4,0,BLOCK,X,0.2828119,0.5052832
7/1/3/7/5/6/5/6/7 3 3,Z,-2.25,0,BLOCK,Z,0.3521625,0.2953694
7/5/3/7/1/6/5/6/7 3 3,X,-2,0,BLOCK,X,0.5496547,0.696725
7/5/3/7/5/4/5/6/7 3 3,Z,1.7142857142857142857142857142,0,BLOCK,Z,0.6057041,0.7293344
7/5/3/7/5/6/1/6/7 3 3,X,-2,0,BLOCK,X,0.5056887,0.6956806
7/5/3/7/5/6/5/4/7 3 3,Z,2,0,BLOCK,Z,0.4517212,0.4958074
7/1/3/7/5/6/5/5/7 3 3,Z,-2.125,2,BLOCK,Z,0.8695002,0.5801963
7/5/3/7/1/6/5/5/7 3 3,X,-2,0,BLOCK,X,0.6061263,0.6933035
7/5/3/7/5/4/5/5/7 3 3,Z,2,2,BLOCK,Z,1.079164,0.8137534
7/5/3/7/5/6/1/5/7 3 3,X,-2,0,BLOCK,X,0.624439,0.6701762
7/5/3/7/5/6/5/1/7 3 3,Z,-2,2,BLOCK,Z,1.492957,0.8928463
7/1/3/7/5/6/5/3/7 3 3,Z,-2,2,BLOCK,Z,1.008221,0.6138775
7/5/3/7/1/6/5/3/7 3 3,X,-2,0,BLOCK,X,0.5763469,0.6708326
7/5/3/7/5/4/5/3/7 3 3,Z,2.2857142857142857142857142858,0,BLOCK,Z,0.474143,0.6432019
7/5/3/7/5/6/1/3/7 3 3,X,-2,2,BLOCK,X,1.417312,0.8592327
7/1/3/7/5/6/5/7/6 3 3,Z,-2.125,0,BLOCK,Z,0.7008255,0.5340938
7/5/3/7/1/6/5/7/6 3 3,X,-2.2222222222222222222222222222,2,BLOCK,X,1.023923,0.7504592
7/5/3/7/5/4/5/7/6 3 3,Z,2,0,BLOCK,Z,0.5372601,0.8100502
7/5/3/7/5/6/1/7/6 3 3,X,-2.4,0,BLOCK,X,0.7148784,0.7930465
7/1/3/7/5/6/5/7/5 3 3,Z,-2.125,2,BLOCK,Z,0.9199669,0.5757945
7/5/3/7/1/6/5/7/5 3 3,X,-2,0,BLOCK,X,0.6067054,0.7652169
7/5/3/7/5/4/5/7/5 3 3,Z,2,0,BLOCK,Z,0.6851287,0.7949861
7/5/3/7/5/6/1/7/5 3 3,X,-2,0,BLOCK,X,0.3637975,0.5486205
7/1/3/7/5/6/5/7/3 3 3,Z,-2.125,2,BLOCK,Z,0.9149586,0.6178158
7/5/3/7/1/6/5/7/3 3 3,X,-1.7777777777777777777777777778,0,BLOCK,X,0.590046,0.674077
7/5/3/7/5/4/5/7/3 3 3,Z,2,0,BLOCK,Z,0.7771668,0.761173
7/5/3/7/5/6/1/7/3 3 3,X,-1.6,0,BLOCK,X,0.3011668,0.5112317
7/1/3/7/5/6/3/6/7 3 3,Z,-2.25,0,BLOCK,Z,0.607406,0.4003454
7/5/3/7/1/6/3/6/7 3 3,X,-1.7777777777777777777777777778,2,BLOCK,X,0.8666281,0.6132481
7/5/3/7/5/4/3/6/7 3 3,Z,1.7142857142857142857142857142,0,BLOCK,Z,0.8795264,0.6993834
7/5/3/7/5/6/3/4/7 3 3,Z,2,2,BLOCK,Z,1.641071,1.006466
7/1/3/7/5/6/3/5/7 3 3,Z,-2.125,2,BLOCK,Z,0.8590306,0.70683
7/5/3/7/1/6/3/5/7 3 3,X,-1.7777777777777777777777777778,2,BLOCK,X,0.9719151,0.6164209
7/5/3/7/5/4/3/5/7 3 3,Z,2,0,BLOCK,Z,0.8078127,0.7726097
7/5/3/7/5/6/3/1/7 3 3,Z,-2,0,BLOCK,Z,1.196667,0.5995958
7/1/3/7/5/6/3/3/7 3 3,Z,-2,0,BLOCK,Z,0.4028281,0.4260539
7/5/3/7/1/6/3/3/7 3 3,X,-1.7777777777777777777777777778,0,BLOCK,X,0.4728626,0.5879853
7/5/3/7/5/4/3/3/7 3 3,Z,2.2857142857142857142857142858,0,BLOCK,Z,0.4294151,0.6951473
7/1/3/7/5/6/3/7/6 3 3,Z,-2.125,2,BLOCK,Z,0.9082616,0.5372259
7/5/3/7/1/6/3/7/6 3 3,X,-2,0,BLOCK,X,0.4604339,0.7149215
7/5/3/7/5/4/3/7/6 3 3,Z,2,0,BLOCK,Z,0.5690882,0.6081849
7/1/3/7/5/6/3/7/5 3 3,Z,-2.125,0,BLOCK,Z,0.5247493,0.4323
7/5/3/7/1/6/3/7/5 3 3,X,-1.7777777777777777777777777778,0,BLOCK,X,0.3949377,0.5889515
7/5/3/7/5/4/3/7/5 3 3,Z,2,0,BLOCK,Z,0.5219402,0.6871278
7/1/3/7/5/6/3/7/3 3 3,Z,-2.125,0,BLOCK,Z,0.5812641,0.5041559
7/5/3/7/1/6/3/7/3 3 3,X,-1.5555555555555555555555555556,0,BLOCK,X,0.5390668,0.476992
7/5/3/7/5/4/3/7/3 3 3,Z,2,0,BLOCK,Z,0.7642342,0.8282892
7/1/3/7/5/6/7/2/7 3 3,Z,-2.125,2,BLOCK,Z,0.923897,0.5842777
7/5/3/7/1/6/7/2/7 3 3,X,-2,2,BLOCK,X,0.9515447,0.7343417
7/5/3/7/5/4/7/2/7 3 3,Z,2,0,BLOCK,Z,0.531733,0.6667536
7/1/3/7/5/6/7/6/6 3 3,Z,-2.25,2,BLOCK,Z,0.8698003,0.3857659
7/5/3/7/1/6/7/6/6 3 3,X,-2.2222222222222222222222222222,0,BLOCK,X,0.6437662,0.6816614
7/5/3/7/5/4/7/6/6 3 3,Z,1.7142857142857142857142857142,0,BLOCK,Z,0.601482,0.6583443
7/5/3/7/5/6/7/4/6 3 3,Z,2,0,BLOCK,Z,0.2697252,0.3778841
7/1/3/7/5/6/7/6/5 3 3,Z,-2.25,0,BLOCK,Z,0.3431595,0.2384752
7/5/3/7/1/6/7/6/5 3 3,X,-2,0,BLOCK,X,0.6875422,0.7905498
7/5/3/7/5/4/7/6/5 3 3,Z,1.7142857142857142857142857142,0,BLOCK,Z,1.124045,0.7475802
7/5/3/7/5/6/7/4/5 3 3,Z,2,0,BLOCK,Z,0.3757258,0.53231
7/1/3/7/5/6/7/6/3 3 3,Z,-2.25,2,BLOCK,Z,0.7693778,0.5335028
7/5/3/7/1/6/7/6/3 3 3,X,-1.7777777777777777777777777778,0,BLOCK,X,0.8183838,0.677433
7/5/3/7/5/4/7/6/3 3 3,Z,1.7142857142857142857142857142,0,BLOCK,Z,0.6735118,0.757884
7/5/3/7/5/6/7/4/3 3 3,Z,2,0,BLOCK,Z,0.3520205,0.4832552
7/1/3/7/5/6/7/5/6 3 3,Z,-2.125,0,BLOCK,Z,0.4058121,0.4440597
7/5/3/7/1/6/7/5/6 3 3,X,-2.2222222222222222222222222222,0,BLOCK,X,0.8010861,0.5905479
7/5/3/7/5/4/7/5/6 3 3,Z,2,0,BLOCK,Z,0.6523267,0.7936521
7/5/3/7/5/6/7/1/6 3 3,Z,-2,2,BLOCK,Z,1.616224,1.052521
7/1/3/7/5/6/7/5/5 3 3,Z,-2.125,0,BLOCK,Z,0.4209729,0.4840617
7/5/3/7/1/6/7/5/5 3 3,X,-2,0,BLOCK,X,0.4679683,0.7142043
7/5/3/7/5/4/7/5/5 3 3,Z,2,2,BLOCK,Z,1.13072,0.8229803
7/5/3/7/5/6/7/1/5 3 3,Z,-2,0,BLOCK,Z,0.3975089,0.4576953
7/1/3/7/5/6/7/5/3 3 3,Z,-2.125,0,BLOCK,Z,0.5063885,0.3849854
7/5/3/7/1/6/7/5/3 3 3,X,-1.7777777777777777777777777778,0,BLOCK,X,0.5524607,0.6452489
7/5/3/7/5/4/7/5/3 3 3,Z,2,0,BLOCK,Z,0.7949361,0.7463717
7/5/3/7/5/6/7/1/3 3 3,Z,-2,0,BLOCK,Z,0.4671317,0.5806369
7/1/3/7/5/6/7/3/6 3 3,Z,-2,2,BLOCK,Z,1.040593,0.5852379
7/5/3/7/1/6/7/3/6 3 3,X,-2.2222222222222222222222222222,0,BLOCK,X,0.900015,0.6220517
7/5/3/7/5/4/7/3/6 3 3,Z,2.2857142857142857142857142858,2,BLOCK,Z,1.394267,0.8727694
7/1/3/7/5/6/7/3/5 3 3,Z,-2,0,BLOCK,Z,0.4256541,0.4804982
7/5/3/7/1/6/7/3/5 3 3,X,-2,0,BLOCK,X,0.6626149,0.6933346
7/5/3/7/5/4/7/3/5 3 3,Z,2.2857142857142857142857142858,0,BLOCK,Z,0.6782021,0.5711363
7/1/3/7/5/6/7/3/3 3 3,Z,-2,0,BLOCK,Z,0.6009247,0.6865149
7/5/3/7/1/6/7/3/3 3 3,X,-1.7777777777777777777777777778,0,BLOCK,X,0.7065399,0.5250369
7/5/3/7/5/4/7/3/3 3 3,Z,2.2857142857142857142857142858,0,BLOCK,Z,0.5330759,0.6113799
7/1/3/7/5/6/7/7/4 3 3,Z,-2.125,2,BLOCK,Z,0.8341902,0.5483556
7/5/3/7/1/6/7/7/4 3 3,X,-2.2222222222222222222222222222,0,BLOCK,X,0.6652974,0.7382165
7/5/3/7/5/4/7/7/4 3 3,Z,2,2,BLOCK,Z,1.26008,0.8557566
7/1/3/7/5/6/7/7/2 3 3,Z,-2.125,0,BLOCK,Z,0.4114598,0.3153189
7/5/3/7/1/6/7/7/2 3 3,X,-2,0,BLOCK,X,0.8617886,0.671691
7/5/3/7/5/4/7/7/2 3 3,Z,2,0,BLOCK,Z,0.8126329,0.7538074
7/1/3/7/5/6/7/7/1 3 3,Z,-2.125,0,BLOCK,Z,0.6053416,0.4704909
7/5/3/7/1/6/7/7/1 3 3,X,-1.7777777777777777777777777778,0,BLOCK,X,0.5167274,0.8132454
7/5/3/7/5/4/7/7/1 3 3,Z,2,0,BLOCK,Z,0.5113844,0.7070045
7/1/3/7/5/5/2/7/7 3 3,Z,-2,0,BLOCK,Z,0.4136937,0.2561952
7/5/3/7/1/5/2/7/7 3 3,X,-2,0,BLOCK,X,0.5594125,0.6788962
7/5/3/7/5/1/2/7/7 3 3,Z,-2,0,BLOCK,Z,1.131444,0.7805785
7/1/3/7/5/5/6/6/7 3 3,Z,-2.125,0,BLOCK,Z,0.6661448,0.4581305
7/5/3/7/1/5/6/6/7 3 3,X,-2.2222222222222222222222222222,0,BLOCK,X,0.4496765,0.4994548
7/5/3/7/5/1/6/6/7 3 3,Z,-2.2857142857142857142857142858,0,BLOCK,Z,0.4585421,0.5778207
7/5/3/7/5/5/4/6/7 3 3,X,2,0,BLOCK,X,0.590749,0.494799
7/5/3/7/5/5/6/4/7 3 3,Z,2,0,BLOCK,Z,0.2331591,0.4792661
7/1/3/7/5/5/6/5/7 3 3,Z,-2,2,BLOCK,Z,0.7943549,0.3733582
7/5/3/7/1/5/6/5/7 3 3,X,-2.2222222222222222222222222222,2,BLOCK,X,1.311273,0.6923687
7/5/3/7/5/1/6/5/7 3 3,Z,-2,0,BLOCK,Z,0.6170825,0.7994641
7/5/3/7/5/5/4/5/7 3 3,X,2,0,BLOCK,X,0.5821788,0.443839
7/5/3/7/5/5/6/1/7 3 3,Z,-2,0,BLOCK,Z,1.037723,0.5007144
7/1/3/7/5/5/6/3/7 3 3,Z,-1.875,2,BLOCK,Z,0.6718765,0.314955
7/5/3/7/1/5/6/3/7 3 3,X,-2.2222222222222222222222222222,2,BLOCK,X,1.30152,0.7288722
7/5/3/7/5/1/6/3/7 3 3,Z,-1.7142857142857142857142857142,0,BLOCK,Z,0.6780712,0.6444632
7/5/3/7/5/5/4/3/7 3 3,X,2,0,BLOCK,X,0.5440912,0.352282
7/1/3/7/5/5/6/7/6 3 3,Z,-2,0,BLOCK,Z,0.5324339,0.4167678
7/5/3/7/1/5/6/7/6 3 3,X,-2.4444444444444444444444444444,0,BLOCK,X,0.5500413,0.5506559
7/5/3/7/5/1/6/7/6 3 3,Z,-2,0,BLOCK,Z,0.8943781,0.7097586
7/5/3/7/5/5/4/7/6 3 3,X,1.6,0,BLOCK,X,0.26114,0.2549101
7/1/3/7/5/5/6/7/5 3 3,Z,-2,0,BLOCK,Z,0.1617775,0.1676378
7/5/3/7/1/5/6/7/5 3 3,X,-2.2222222222222222222222222222,2,BLOCK,X,1.289786,0.7340819
7/5/3/7/5/1/6/7/5 3 3,Z,-2,0,BLOCK,Z,0.7309977,0.8189858
7/5/3/7/5/5/4/7/5 3 3,X,2,0,BLOCK,X,1.247996,0.8109881
7/1/3/7/5/5/6/7/3 3 3,Z,-2,0,BLOCK,Z,0.6279663,0.3145143
7/5/3/7/1/5/6/7/3 3 3,X,-2,0,BLOCK,X,0.8380364,0.6626391
7/5/3/7/5/1/6/7/3 3 3,Z,-2,0,BLOCK,Z,0.7818665,0.7661734
7/5/3/7/5/5/4/7/3 3 3,X,2.4,0,BLOCK,X,0.3643565,0.4712817
7/1/3/7/5/5/5/6/7 3 3,Z,-2.125,0,BLOCK,Z,0.5356792,0.4716648
7/5/3/7/1/5/5/6/7 3 3,X,-2,0,BLOCK,X,0.5415972,0.6650378
7/5/3/7/5/1/5/6/7 3 3,Z,-2.2857142857142857142857142858,0,BLOCK,Z,0.6265869,0.659237
7/5/3/7/5/5/1/6/7 3 3,X,-2,0,BLOCK,X,0.4743158,0.5974088
7/5/3/7/5/5/5/4/7 3 3,Z,2,0,BLOCK,Z,1.681398,1.135559
7/1/3/7/5/5/5/5/7 3 3,Z,-2,2,BLOCK,Z,0.7334851,0.4435306
7/5/3/7/1/5/5/5/7 3 3,X,-2,2,BLOCK,X,0.9169036,0.6783834
7/5/3/7/5/1/5/5/7 3 3,Z,-2,0,BLOCK,Z,0.6604286,0.721113
7/5/3/7/5/5/1/5/7 3 3,X,-2,0,BLOCK,X,0.6617391,0.7444347
7/5/3/7/5/5/5/1/7 3 3,Z,-2,0,BLOCK,Z,1.632802,1.115974
7/1/3/7/5/5/5/3/7 3 3,Z,-1.875,2,BLOCK,Z,0.5981083,0.3064213
7/5/3/7/1/5/5/3/7 3 3,X,-2,0,BLOCK,X,0.5472885,0.6801443
7/5/3/7/5/1/5/3/7 3 3,Z,-1.7142857142857142857142857142,2,BLOCK,Z,1.018919,0.7342839
7/5/3/7/5/5/1/3/7 3 3,X,-2,0,BLOCK,X,1.218452,0.8870632
7/1/3/7/5/5/5/7/6 3 3,Z,-2,2,BLOCK,Z,0.8542995,0.4488616
7/5/3/7/1/5/5/7/6 3 3,X,-2.2222222222222222222222222222,0,BLOCK,X,0.6832575,0.7352154
7/5/3/7/5/1/5/7/6 3 3,Z,-2,0,BLOCK,Z,0.7666599,0.8146021
7/5/3/7/5/5/1/7/6 3 3,X,-2.4,0,BLOCK,X,0.6364899,0.8360178
7/1/3/7/5/5/5/7/5 3 3,Z,-2,2,BLOCK,Z,0.778497,0.4508026
7/5/3/7/1/5/5/7/5 3 3,X,-2,0,BLOCK,X,0.6283223,0.7386068
7/5/3/7/5/1/5/7/5 3 3,Z,-2,0,BLOCK,Z,0.7749692,0.7931641
7/5/3/7/5/5/1/7/5 3 3,X,-2,2,BLOCK,X,1.394579,0.8340183
7/1/3/7/5/5/5/7/3 3 3,Z,-2,0,BLOCK,Z,0.3938725,0.1894222
7/5/3/7/1/5/5/7/3 3 3,X,-1.7777777777777777777777777778,0,BLOCK,X,0.7648909,0.6833723
7/5/3/7/5/1/5/7/3 3 3,Z,-2,0,BLOCK,Z,0.6087366,0.8350595
7/5/3/7/5/5/1/7/3 3 3,X,-1.6,0,BLOCK,X,0.3005893,0.535212
7/1/3/7/5/5/3/6/7 3 3,Z,-2.125,0,BLOCK,Z,0.5565799,0.5809042
7/5/3/7/1/5/3/6/7 3 3,X,-1.7777777777777777777777777778,0,BLOCK,X,0.5997564,0.6052094
7/5/3/7/5/1/3/6/7 3 3,Z,-2.2857142857142857142857142858,2,BLOCK,Z,1.367475,0.7901567
7/5/3/7/5/5/3/4/7 3 3,Z,2,0,BLOCK,Z,1.681356,1.149161
7/1/3/7/5/5/3/5/7 3 3,Z,-2,2,BLOCK,Z,0.7604067,0.3999889
7/5/3/7/1/5/3/5/7 3 3,X,-1.7777777777777777777777777778,0,BLOCK,X,0.5749133,0.6377407
7/5/3/7/5/1/3/5/7 3 3,Z,-2,0,BLOCK,Z,0.7522779,0.694785
7/5/3/7/5/5/3/1/7 3 3,Z,-2,0,BLOCK,Z,1.694499,1.084436
7/1/3/7/5/5/3/3/7 3 3,Z,-1.875,0,BLOCK,Z,0.5911313,0.4601684
7/5/3/7/1/5/3/3/7 3 3,X,-1.7777777777777777777777777778,0,BLOCK,X,0.473986,0.5943488
7/5/3/7/5/1/3/3/7 3 3,Z,-1.7142857142857142857142857142,0,BLOCK,Z,0.7071441,0.7290251
7/1/3/7/5/5/3/7/6 3 3,Z,-2,2,BLOCK,Z,0.7804645,0.4481753
7/5/3/7/1/5/3/7/6 3 3,X,-2,0,BLOCK,X,0.3990518,0.639816
7/5/3/7/5/1/3/7/6 3 3,Z,-2,0,BLOCK,Z,0.5178594,0.7942253
7/1/3/7/5/5/3/7/5 3 3,Z,-2,0,BLOCK,Z,0.6423125,0.4066285
7/5/3/7/1/5/3/7/5 3 3,X,-1.7777777777777777777777777778,2,BLOCK,X,0.9405535,0.6345254
7/5/3/7/5/1/3/7/5 3 3,Z,-2,0,BLOCK,Z,0.8893124,0.7587569
7/1/3/7/5/5/3/7/3 3 3,Z,-2,2,BLOCK,Z,0.7708865,0.4297218
7/5/3/7/1/5/3/7/3 3 3,X,-1.5555555555555555555555555556,0,BLOCK,X,0.426134,0.5324869
7/5/3/7/5/1/3/7/3 3 3,Z,-2,0,BLOCK,Z,0.736043,0.8506392
7/1/3/7/5/5/7/2/7 3 3,Z,-2,0,BLOCK,Z,0.6347656,0.3554998
7/5/3/7/1/5/7/2/7 3 3,X,-2,0,BLOCK,X,0.6524058,0.7353726
7/5/3/7/5/1/7/2/7 3 3,Z,-2,0,BLOCK,Z,0.3879791,0.5173606
7/1/3/7/5/5/7/6/6 3 3,Z,-2.125,0,BLOCK,Z,0.46083,0.2773879
7/5/3/7/1/5/7/6/6 3 3,X,-2.2222222222222222222222222222,0,BLOCK,X,0.637015,0.7753618
7/5/3/7/5/1/7/6/6 3 3,Z,-2.2857142857142857142857142858,0,BLOCK,Z,0.7894694,0.7009087
7/5/3/7/5/5/7/4/6 3 3,Z,2,0,BLOCK,Z,0.1687346,0.3777763
7/1/3/7/5/5/7/6/5 3 3,Z,-2.125,0,BLOCK,Z,0.3777814,0.2786163
7/5/3/7/1/5/7/6/5 3 3,X,-2,0,BLOCK,X,0.6492162,0.746813
7/5/3/7/5/1/7/6/5 3 3,Z,-2.2857142857142857142857142858,0,BLOCK,Z,0.7307307,0.7707457
7/5/3/7/5/5/7/4/5 3 3,Z,2,0,BLOCK,Z,0.1837853,0.3687425
7/1/3/7/5/5/7/6/3 3 3,Z,-2.125,2,BLOCK,Z,0.8383962,0.4881547
7/5/3/7/1/5/7/6/3 3 3,X,-1.7777777777777777777777777778,2,BLOCK,X,0.9597022,0.658026
7/5/3/7/5/1/7/6/3 3 3,Z,-2.2857142857142857142857142858,0,BLOCK,Z,0.5260334,0.7732204
7/5/3/7/5/5/7/4/3 3 3,Z,2,0,BLOCK,Z,0.2000449,0.3504572
7/1/3/7/5/5/7/5/6 3 3,Z,-2,0,BLOCK,Z,0.4144098,0.3107263
7/5/3/7/1/5/7/5/6 3 3,X,-2.2222222222222222222222222222,0,BLOCK,X,0.5489458,0.7359001
7/5/3/7/5/1/7/5/6 3 3,Z,-2,0,BLOCK,Z,0.5166419,0.7240136
7/5/3/7/5/5/7/1/6 3 3,Z,-2,0,BLOCK,Z,0.1767901,0.3732527
7/1/3/7/5/5/7/5/5 3 3,Z,-2,0,BLOCK,Z,0.7062376,0.3342829
7/5/3/7/1/5/7/5/5 3 3,X,-2,0,BLOCK,X,0.7391258,0.7622607
7/5/3/7/5/1/7/5/5 3 3,Z,-2,0,BLOCK,Z,1.077577,0.7903527
7/5/3/7/5/5/7/1/5 3 3,Z,-2,0,BLOCK,Z,0.156286,0.3220075
7/1/3/7/5/5/7/5/3 3 3,Z,-2,2,BLOCK,Z,0.8041146,0.3889751
7/5/3/7/1/5/7/5/3 3 3,X,-1.7777777777777777777777777778,0,BLOCK,X,0.6473305,0.6384346
7/5/3/7/5/1/7/5/3 3 3,Z,-2,0,BLOCK,Z,0.7750741,0.8331806
7/5/3/7/5/5/7/1/3 3 3,Z,-2,0,BLOCK,Z,0.1541782,0.2982419
7/1/3/7/5/5/7/3/6 3 3,Z,-1.875,2,BLOCK,Z,0.7289635,0.4366046
7/5/3/7/1/5/7/3/6 3 3,X,-2.2222222222222222222222222222,0,BLOCK,X,0.5830827,0.7584415
7/5/3/7/5/1/7/3/6 3 3,Z,-1.7142857142857142857142857142,2,BLOCK,Z,1.041848,0.6641022
7/1/3/7/5/5/7/3/5 3 3,Z,-1.875,0,BLOCK,Z,0.5756603,0.2997221
7/5/3/7/1/5/7/3/5 3 3,X,-2,0,BLOCK,X,0.5829804,0.7081553
7/5/3/7/5/1/7/3/5 3 3,Z,-1.7142857142857142857142857142,0,BLOCK,Z,0.6086326,0.7378927
7/1/3/7/5/5/7/3/3 3 3,Z,-1.875,2,BLOCK,Z,0.7651398,0.4170054
7/5/3/7/1/5/7/3/3 3 3,X,-1.7777777777777777777777777778,0,BLOCK,X,0.7699096,0.7026594
7/5/3/7/5/1/7/3/3 3 3,Z,-1.7142857142857142857142857142,2,BLOCK,Z,1.065937,0.754632
7/1/3/7/5/5/7/7/4 3 3,Z,-2,0,BLOCK,Z,0.7199557,0.2459542
7/5/3/7/1/5/7/7/4 3 3,X,-2.2222222222222222222222222222,0,BLOCK,X,0.8155944,0.7632872
7/5/3/7/5/1/7/7/4 3 3,Z,-2,0,BLOCK,Z,1.355428,0.8283343
7/1/3/7/5/5/7/7/2 3 3,Z,-2,0,BLOCK,Z,0.3375557,0.3205404
7/5/3/7/1/5/7/7/2 3 3,X,-2,2,BLOCK,X,1.052667,0.7067039
7/5/3/7/5/1/7/7/2 3 3,Z,-2,0,BLOCK,Z,1.086818,0.9383117
7/1/3/7/5/5/7/7/1 3 3,Z,-2,0,BLOCK,Z,0.6165964,0.3834918
7/5/3/7/1/5/7/7/1 3 3,X,-1.7777777777777777777777777778,0,BLOCK,X,0.6724898,0.7645583
7/5/3/7/5/1/7/7/1 3 3,Z,-2,0,BLOCK,Z,0.7260374,0.8095285
7/1/3/7/5/3/2/7/7 3 3,Z,-1.875,2,BLOCK,Z,0.7485024,0.3498187
7/5/3/7/1/3/2/7/7 3 3,X,-2,0,BLOCK,X,0.3115913,0.5604283
7/1/3/7/5/3/6/6/7 3 3,Z,-2,0,BLOCK,Z,0.7345955,0.3611238
7/5/3/7/1/3/6/6/7 3 3,X,-2.2222222222222222222222222222,0,BLOCK,X,0.4608898,0.6246074
7/5/3/7/5/3/4/6/7 3 3,X,2,0,BLOCK,X,0.4430371,0.3226351
7/5/3/7/5/3/6/4/7 3 3,Z,2,2,BLOCK,Z,1.581833,0.9421227
7/1/3/7/5/3/6/5/7 3 3,Z,-1.875,0,BLOCK,Z,0.5914917,0.4082164
7/5/3/7/1/3/6/5/7 3 3,X,-2.2222222222222222222222222222,0,BLOCK,X,0.5520059,0.6263657
7/5/3/7/5/3/4/5/7 3 3,X,2,0,BLOCK,X,0.574172,0.4357374
7/5/3/7/5/3/6/1/7 3 3,Z,-2,0,BLOCK,Z,0.5072139,0.5070593
7/1/3/7/5/3/6/3/7 3 3,Z,-1.75,0,BLOCK,Z,0.394549,0.2365093
7/5/3/7/1/3/6/3/7 3 3,X,-2.2222222222222222222222222222,0,BLOCK,X,0.467978,0.6444317
7/5/3/7/5/3/4/3/7 3 3,X,2,0,BLOCK,X,0.4995252,0.381822
7/1/3/7/5/3/6/7/6 3 3,Z,-1.875,2,BLOCK,Z,0.8330098,0.4376527
7/5/3/7/1/3/6/7/6 3 3,X,-2.4444444444444444444444444444,0,BLOCK,X,0.7570882,0.5483854
7/5/3/7/5/3/4/7/6 3 3,X,1.6,0,BLOCK,X,0.265307,0.2705391
7/1/3/7/5/3/6/7/5 3 3,Z,-1.875,0,BLOCK,Z,0.5263183,0.3637096
7/5/3/7/1/3/6/7/5 3 3,X,-2.2222222222222222222222222222,2,BLOCK,X,1.288419,0.6843596
7/5/3/7/5/3/4/7/5 3 3,X,2,0,BLOCK,X,0.360214,0.4006135
7/1/3/7/5/3/6/7/3 3 3,Z,-1.875,0,BLOCK,Z,0.4677143,0.2878501
7/5/3/7/1/3/6/7/3 3 3,X,-2,0,BLOCK,X,0.7968972,0.7234743
7/5/3/7/5/3/4/7/3 3 3,X,2.4,0,BLOCK,X,0.3469549,0.5118833
7/1/3/7/5/3/5/6/7 3 3,Z,-2,0,BLOCK,Z,0.5370341,0.3891833
7/5/3/7/1/3/5/6/7 3 3,X,-2,0,BLOCK,X,0.6036445,0.7284466
7/5/3/7/5/3/1/6/7 3 3,X,-2,0,BLOCK,X,1.314567,0.9945699
7/5/3/7/5/3/5/4/7 3 3,Z,2,0,BLOCK,Z,0.8141451,0.7273907
7/1/3/7/5/3/5/5/7 3 3,Z,-1.875,2,BLOCK,Z,0.8582615,0.3671032
7/5/3/7/1/3/5/5/7 3 3,X,-2,0,BLOCK,X,0.4457867,0.613863
7/5/3/7/5/3/1/5/7 3 3,X,-2,2,BLOCK,X,1.357631,0.8676811
7/5/3/7/5/3/5/1/7 3 3,Z,-2,0,BLOCK,Z,1.637142,1.165977
7/1/3/7/5/3/5/3/7 3 3,Z,-1.75,0,BLOCK,Z,0.4376062,0.2145049
7/5/3/7/1/3/5/3/7 3 3,X,-2,2,BLOCK,X,0.9430797,0.6976966
7/5/3/7/5/3/1/3/7 3 3,X,-2,0,BLOCK,X,0.4565497,0.7043725
7/1/3/7/5/3/5/7/6 3 3,Z,-1.875,2,BLOCK,Z,0.7931651,0.45442
7/5/3/7/1/3/5/7/6 3 3,X,-2.2222222222222222222222222222,0,BLOCK,X,0.7371182,0.7115006
7/5/3/7/5/3/1/7/6 3 3,X,-2.4,2,BLOCK,X,1.6139,0.9809635
7/1/3/7/5/3/5/7/5 3 3,Z,-1.875,0,BLOCK,Z,0.683895,0.3503917
7/5/3/7/1/3/5/7/5 3 3,X,-2,0,BLOCK,X,0.6260434,0.7326828
7/5/3/7/5/3/1/7/5 3 3,X,-2,0,BLOCK,X,0.4271202,0.5460745
7/1/3/7/5/3/5/7/3 3 3,Z,-1.875,0,BLOCK,Z,0.6216208,0.3025228
7/5/3/7/1/3/5/7/3 3 3,X,-1.7777777777777777777777777778,2,BLOCK,X,0.9085578,0.7399326
7/5/3/7/5/3/1/7/3 3 3,X,-1.6,0,BLOCK,X,0.2300457,0.417079
7/1/3/7/5/3/3/6/7 3 3,Z,-2,2,BLOCK,Z,0.8195552,0.4001262
7/5/3/7/1/3/3/6/7 3 3,X,-1.7777777777777777777777777778,2,BLOCK,X,0.9128701,0.6129761
7/5/3/7/5/3/3/4/7 3 3,Z,2,0,BLOCK,Z,0.8422228,0.6756667
7/1/3/7/5/3/3/5/7 3 3,Z,-1.875,2,BLOCK,Z,0.7283552,0.4338066
7/5/3/7/1/3/3/5/7 3 3,X,-1.7777777777777777777777777778,0,BLOCK,X,0.5286198,0.7295477
7/5/3/7/5/3/3/1/7 3 3,Z,-2,2,BLOCK,Z,1.65343,0.9951049
7/1/3/7/5/3/3/3/7 3 3,Z,-1.75,0,BLOCK,Z,0.3289533,0.2907878
7/5/3/7/1/3/3/3/7 3 3,X,-1.7777777777777777777777777778,0,BLOCK,X,0.5153671,0.7195863
7/1/3/7/5/3/3/7/6 3 3,Z,-1.875,0,BLOCK,Z,0.3468671,0.2966604
7/5/3/7/1/3/3/7/6 3 3,X,-2,2,BLOCK,X,0.9731072,0.6923192
7/1/3/7/5/3/3/7/5 3 3,Z,-1.875,0,BLOCK,Z,0.6162484,0.3490789
7/5/3/7/1/3/3/7/5 3 3,X,-1.7777777777777777777777777778,0,BLOCK,X,0.4710266,0.5455127
7/1/3/7/5/3/3/7/3 3 3,Z,-1.875,0,BLOCK,Z,0.3924322,0.3398974
7/5/3/7/1/3/3/7/3 3 3,X,-1.5555555555555555555555555556,0,BLOCK,X,0.435326,0.5075108
7/1/3/7/5/3/7/2/7 3 3,Z,-1.875,0,BLOCK,Z,0.5477627,0.4142886
7/5/3/7/1/3/7/2/7 3 3,X,-2,0,BLOCK,X,0.7380289,0.7106963
7/1/3/7/5/3/7/6/6 3 3,Z,-2,0,BLOCK,Z,0.5308545,0.4311742
7/5/3/7/1/3/7/6/6 3 3,X,-2.2222222222222222222222222222,0,BLOCK,X,0.6792194,0.6954128
7/5/3/7/5/3/7/4/6 3 3,Z,2,0,BLOCK,Z,0.6783872,0.7463896
7/1/3/7/5/3/7/6/5 3 3,Z,-2,0,BLOCK,Z,0.503214,0.4861495
7/5/3/7/1/3/7/6/5 3 3,X,-2,0,BLOCK,X,0.6815491,0.6614792
7/5/3/7/5/3/7/4/5 3 3,Z,2,0,BLOCK,Z,0.2288369,0.3269134
7/1/3/7/5/3/7/6/3 3 3,Z,-2,2,BLOCK,Z,0.799673,0.4545452
7/5/3/7/1/3/7/6/3 3 3,X,-1.7777777777777777777777777778,0,BLOCK,X,0.6001619,0.6624837
7/5/3/7/5/3/7/4/3 3 3,Z,2,0,BLOCK,Z,0.1251914,0.2523209
7/1/3/7/5/3/7/5/6 3 3,Z,-1.875,0,BLOCK,Z,0.5927874,0.2809888
7/5/3/7/1/3/7/5/6 3 3,X,-2.2222222222222222222222222222,0,BLOCK,X,1.153326,0.6632398
7/5/3/7/5/3/7/1/6 3 3,Z,-2,0,BLOCK,Z,0.3068057,0.4739888
7/1/3/7/5/3/7/5/5 3 3,Z,-1.875,2,BLOCK,Z,0.718244,0.4377043
7/5/3/7/1/3/7/5/5 3 3,X,-2,0,BLOCK,X,0.6467596,0.7526219
7/5/3/7/5/3/7/1/5 3 3,Z,-2,0,BLOCK,Z,0.2751771,0.420207
7/1/3/7/5/3/7/5/3 3 3,Z,-1.875,0,BLOCK,Z,0.674629,0.3111521
7/5/3/7/1/3/7/5/3 3 3,X,-1.7777777777777777777777777778,2,BLOCK,X,0.9681603,0.7436466
7/5/3/7/5/3/7/1/3 3 3,Z,-2,0,BLOCK,Z,0.2853592,0.4511405
7/1/3/7/5/3/7/3/6 3 3,Z,-1.75,0,BLOCK,Z,0.5903712,0.4573729
7/5/3/7/1/3/7/3/6 3 3,X,-2.2222222222222222222222222222,0,BLOCK,X,0.6204575,0.7850626
7/1/3/7/5/3/7/3/5 3 3,Z,-1.75,0,BLOCK,Z,0.6048747,0.4026857
7/5/3/7/1/3/7/3/5 3 3,X,-2,0,BLOCK,X,0.5454635,0.7674726
7/1/3/7/5/3/7/3/3 3 3,Z,-1.75,0,BLOCK,Z,0.3335922,0.3483859
7/5/3/7/1/3/7/3/3 3 3,X,-1.7777777777777777777777777778,0,BLOCK,X,0.7089482,0.6311274
7/1/3/7/5/3/7/7/4 3 3,Z,-1.875,2,BLOCK,Z,0.6528518,0.3974457
7/5/3/7/1/3/7/7/4 3 3,X,-2.2222222222222222222222222222,2,BLOCK,X,1.103361,0.7140819
7/1/3/7/5/3/7/7/2 3 3,Z,-1.875,2,BLOCK,Z,0.7673721,0.4021491
7/5/3/7/1/3/7/7/2 3 3,X,-2,0,BLOCK,X,0.7191134,0.7329859
7/1/3/7/5/3/7/7/1 3 3,Z,-1.875,0,BLOCK,Z,0.3786086,0.348643
7/5/3/7/1/3/7/7/1 3 3,X,-1.7777777777777777777777777778,2,BLOCK,X,0.9823937,0.8047531
7/1/3/7/5/7/2/6/7 3 3,Z,-2.125,0,BLOCK,Z,0.4675391,0.333853
7/5/3/7/1/7/2/6/7 3 3,X,-2,0,BLOCK,X,0.4432682,0.5287113
7/5/3/7/5/7/2/4/7 3 3,Z,2,0,BLOCK,Z,1.716674,1.139005
7/1/3/7/5/7/2/5/7 3 3,Z,-2,2,BLOCK,Z,0.7405118,0.4983059
7/5/3/7/1/7/2/5/7 3 3,X,-2,0,BLOCK,X,0.4701369,0.5553908
7/5/3/7/5/7/2/1/7 3 3,Z,-2,0,BLOCK,Z,1.658646,1.022193
7/1/3/7/5/7/2/3/7 3 3,Z,-1.875,2,BLOCK,Z,0.7819132,0.3711671
7/5/3/7/1/7/2/3/7 3 3,X,-2,0,BLOCK,X,0.3376732,0.325785
7/1/3/7/5/7/2/7/6 3 3,Z,-2,0,BLOCK,Z,0.4764906,0.1209647
7/5/3/7/1/7/2/7/6 3 3,X,-2.2222222222222222222222222222,0,BLOCK,X,0.5139091,0.5447622
7/1/3/7/5/7/2/7/5 3 3,Z,-2,0,BLOCK,Z,0.6672474,0.4284963
7/5/3/7/1/7/2/7/5 3 3,X,-2,0,BLOCK,X,0.3984563,0.6098695
7/1/3/7/5/7/2/7/3 3 3,Z,-2,2,BLOCK,Z,0.7227308,0.447306
7/5/3/7/1/7/2/7/3 3 3,X,-1.7777777777777777777777777778,0,BLOCK,X,0.3069353,0.5287251
7/1/3/7/5/7/6/2/7 3 3,Z,-2,2,BLOCK,Z,0.8616837,0.4124381
7/5/3/7/1/7/6/2/7 3 3,X,-2.2222222222222222222222222222,0,BLOCK,X,0.4874851,0.794778
7/5/3/7/5/7/4/2/7 3 3,X,2,0,BLOCK,X,0.3411173,0.3367256
7/1/3/7/5/7/6/6/6 3 3,Z,-2.125,0,BLOCK,Z,0.4817398,0.3289029
7/5/3/7/1/7/6/6/6 3 3,X,-2.4444444444444444444444444444,2,BLOCK,X,1.306332,0.7203011
7/5/3/7/5/7/4/6/6 3 3,X,1.5,0,BLOCK,X,0.08742061,0.1317299
7/5/3/7/5/7/6/4/6 3 3,Z,2,0,BLOCK,Z,0.2456997,0.5085344
7/1/3/7/5/7/6/6/5 3 3,Z,-2.125,2,BLOCK,Z,0.8021747,0.4935042
7/5/3/7/1/7/6/6/5 3 3,X,-2.2222222222222222222222222222,2,BLOCK,X,1.335464,0.7607757
7/5/3/7/5/7/4/6/5 3 3,X,2,0,BLOCK,X,0.4169667,0.4028528
7/5/3/7/5/7/6/4/5 3 3,Z,2,0,BLOCK,Z,1.742488,1.059311
7/1/3/7/5/7/6/6/3 3 3,Z,-2.125,2,BLOCK,Z,0.8507575,0.4853248
7/5/3/7/1/7/6/6/3 3 3,X,-2.0,0,BLOCK,X,0.530463,0.7389081
7/5/3/7/5/7/4/6/3 3 3,X,2.5,0,BLOCK,X,0.5335707,0.5909126
7/5/3/7/5/7/6/4/3 3 3,Z,2,0,BLOCK,Z,0.09775665,0.147513
7/1/3/7/5/7/6/5/6 3 3,Z,-2,0,BLOCK,Z,0.3429736,0.2179059
7/5/3/7/1/7/6/5/6 3 3,X,-2.4444444444444444444444444444,2,BLOCK,X,1.332938,0.7507977
7/5/3/7/5/7/4/5/6 3 3,X,1.5,0,BLOCK,X,0.08388178,0.145866
7/5/3/7/5/7/6/1/6 3 3,Z,-2,0,BLOCK,Z,0.2464651,0.4817691
7/1/3/7/5/7/6/5/5 3 3,Z,-2,0,BLOCK,Z,0.7357991,0.3708888
7/5/3/7/1/7/6/5/5 3 3,X,-2.2222222222222222222222222222,0,BLOCK,X,0.5616564,0.6472296
7/5/3/7/5/7/4/5/5 3 3,X,2,0,BLOCK,X,0.1060108,0.1567692
7/5/3/7/5/7/6/1/5 3 3,Z,-2,2,BLOCK,Z,1.60585,1.04376
7/1/3/7/5/7/6/5/3 3 3,Z,-2,2,BLOCK,Z,0.7770165,0.4610981
7/5/3/7/1/7/6/5/3 3 3,X,-2.0,0,BLOCK,X,0.5243071,0.8191281
7/5/3/7/5/7/4/5/3 3 3,X,2.5,0,BLOCK,X,0.5036116,0.5837861
7/5/3/7/5/7/6/1/3 3 3,Z,-2,0,BLOCK,Z,1.694575,1.045091
7/1/3/7/5/7/6/3/6 3 3,Z,-1.875,0,BLOCK,Z,0.6048838,0.4340574
7/5/3/7/1/7/6/3/6 3 3,X,-2.4444444444444444444444444444,0,BLOCK,X,0.4906962,0.5842088
7/5/3/7/5/7/4/3/6 3 3,X,1.5,0,BLOCK,X,0.3548191,0.363012
7/1/3/7/5/7/6/3/5 3 3,Z,-1.875,0,BLOCK,Z,0.4744372,0.2405558
7/5/3/7/1/7/6/3/5 3 3,X,-2.2222222222222222222222222222,0,BLOCK,X,0.524214,0.6707386
7/5/3/7/5/7/4/3/5 3 3,X,2,0,BLOCK,X,0.2606222,0.293608
7/1/3/7/5/7/6/3/3 3 3,Z,-1.875,2,BLOCK,Z,0.7447988,0.455644
7/5/3/7/1/7/6/3/3 3 3,X,-2.0,0,BLOCK,X,0.5327928,0.7365126
7/5/3/7/5/7/4/3/3 3 3,X,2.5,0,BLOCK,X,0.382465,0.5541023
3/5/3/7/5/7/6/7/4 3 3,X,-0.6428571428571428571428571428,4,BLOCK,X,0.6507179,0.4191685
7/1/3/7/5/7/6/7/4 3 3,Z,-2,2,BLOCK,Z,0.8712743,0.424448
7/5/3/7/1/7/6/7/4 3 3,X,-2.4444444444444444444444444444,0,BLOCK,X,0.6683859,0.6245506
7/5/3/7/5/7/4/7/4 3 3,X,1.5,0,BLOCK,X,0.4226311,0.317522
7/1/3/7/5/7/6/7/2 3 3,Z,-2,2,BLOCK,Z,0.8995967,0.4834026
7/5/3/7/1/7/6/7/2 3 3,X,-2.2222222222222222222222222222,0,BLOCK,X,0.6290563,0.6956328
7/5/3/7/5/7/4/7/2 3 3,X,2,0,BLOCK,X,0.2770314,0.2818143
7/1/3/7/5/7/6/7/1 3 3,Z,-2,2,BLOCK,Z,0.7904509,0.5395868
7/5/3/7/1/7/6/7/1 3 3,X,-2.0,0,BLOCK,X,0.5372298,0.8427232
7/5/3/7/5/7/4/7/1 3 3,X,2.5,0,BLOCK,X,0.3718823,0.4602537
7/1/3/7/5/7/5/2/7 3 3,Z,-2,2,BLOCK,Z,0.8247346,0.3817316
7/5/3/7/1/7/5/2/7 3 3,X,-2,2,BLOCK,X,0.9721775,0.6727211
7/5/3/7/5/7/1/2/7 3 3,X,-2,0,BLOCK,X,0.438316,0.7346337
7/1/3/7/5/7/5/6/6 3 3,Z,-2.125,2,BLOCK,Z,0.8691737,0.446778
7/5/3/7/1/7/5/6/6 3 3,X,-2.2222222222222222222222222222,0,BLOCK,X,0.5013745,0.6408746
7/5/3/7/5/7/1/6/6 3 3,X,-2.5,0,BLOCK,X,0.5535229,0.8223868
7/5/3/7/5/7/5/4/6 3 3,Z,2,2,BLOCK,Z,1.694573,1.079261
7/1/3/7/5/7/5/6/5 3 3,Z,-2.125,0,BLOCK,Z,0.4067223,0.2591339
7/5/3/7/1/7/5/6/5 3 3,X,-2,0,BLOCK,X,0.6003815,0.7170399
7/5/3/7/5/7/1/6/5 3 3,X,-2,2,BLOCK,X,1.407918,0.814273
7/5/3/7/5/7/5/4/5 3 3,Z,2,0,BLOCK,Z,0.1445076,0.2789731
7/1/3/7/5/7/5/6/3 3 3,Z,-2.125,2,BLOCK,Z,0.763095,0.4264182
7/5/3/7/1/7/5/6/3 3 3,X,-1.7777777777777777777777777778,0,BLOCK,X,0.6058061,0.7111553
7/5/3/7/5/7/1/6/3 3 3,X,-1.5,0,BLOCK,X,0.5186043,0.5898948
7/5/3/7/5/7/5/4/3 3 3,Z,2,2,BLOCK,Z,1.622545,1.014985
7/1/3/7/5/7/5/5/6 3 3,Z,-2,0,BLOCK,Z,0.6966176,0.366591
7/5/3/7/1/7/5/5/6 3 3,X,-2.2222222222222222222222222222,0,BLOCK,X,0.890014,0.7002409
7/5/3/7/5/7/1/5/6 3 3,X,-2.5,2,BLOCK,X,1.610737,0.9691628
7/5/3/7/5/7/5/1/6 3 3,Z,-2,0,BLOCK,Z,1.553162,1.024834
7/1/3/7/5/7/5/5/5 3 3,Z,-2,2,BLOCK,Z,0.8100814,0.4497889
7/5/3/7/1/7/5/5/5 3 3,X,-2,0,BLOCK,X,0.5729406,0.687251
7/5/3/7/5/7/1/5/5 3 3,X,-2,0,BLOCK,X,0.3615888,0.5784498
7/5/3/7/5/7/5/1/5 3 3,Z,-2,0,BLOCK,Z,0.1335781,0.280218
7/1/3/7/5/7/5/5/3 3 3,Z,-2,2,BLOCK,Z,0.766906,0.4858917
7/5/3/7/1/7/5/5/3 3 3,X,-1.7777777777777777777777777778,0,BLOCK,X,0.8188207,0.6362957
7/5/3/7/5/7/1/5/3 3 3,X,-1.5,0,BLOCK,X,0.191159,0.4418838
7/5/3/7/5/7/5/1/3 3 3,Z,-2,0,BLOCK,Z,0.1227884,0.2405073
7/1/3/7/5/7/5/3/6 3 3,Z,-1.875,0,BLOCK,Z,0.7413997,0.4267618
7/5/3/7/1/7/5/3/6 3 3,X,-2.2222222222222222222222222222,0,BLOCK,X,0.5863823,0.7283297
7/5/3/7/5/7/1/3/6 3 3,X,-2.5,0,BLOCK,X,0.5094206,0.8032049
7/1/3/7/5/7/5/3/5 3 3,Z,-1.875,2,BLOCK,Z,0.7068418,0.3851985
7/5/3/7/1/7/5/3/5 3 3,X,-2,2,BLOCK,X,0.9991236,0.766466
7/5/3/7/5/7/1/3/5 3 3,X,-2,2,BLOCK,X,1.392543,0.860894
7/1/3/7/5/7/5/3/3 3 3,Z,-1.875,0,BLOCK,Z,0.4705438,0.285876
7/5/3/7/1/7/5/3/3 3 3,X,-1.7777777777777777777777777778,2,BLOCK,X,0.9103017,0.6536396
7/5/3/7/5/7/1/3/3 3 3,X,-1.5,0,BLOCK,X,0.1676006,0.3901379
7/1/3/7/5/7/5/7/4 3 3,Z,-2,2,BLOCK,Z,0.8218814,0.4560243
7/5/3/7/1/7/5/7/4 3 3,X,-2.2222222222222222222222222222,2,BLOCK,X,1.08045,0.7613019
7/5/3/7/5/7/1/7/4 3 3,X,-2.5,0,BLOCK,X,0.510293,0.689638
7/1/3/7/5/7/5/7/2 3 3,Z,-2,0,BLOCK,Z,0.4910328,0.3047736
7/5/3/7/1/7/5/7/2 3 3,X,-2,2,BLOCK,X,1.075245,0.8689171
7/5/3/7/5/7/1/7/2 3 3,X,-2,0,BLOCK,X,0.694029,0.7050118
7/1/3/7/5/7/5/7/1 3 3,Z,-2,2,BLOCK,Z,0.8365473,0.4405354
7/5/3/7/1/7/5/7/1 3 3,X,-1.7777777777777777777777777778,0,BLOCK,X,0.7723185,0.6221682
7/5/3/7/5/7/1/7/1 3 3,X,-1.5,0,BLOCK,X,0.427849,0.455811
7/1/3/7/5/7/3/2/7 3 3,Z,-2,0,BLOCK,Z,0.5523344,0.3868066
7/5/3/7/1/7/3/2/7 3 3,X,-1.7777777777777777777777777778,2,BLOCK,X,0.9350694,0.5625651
7/1/3/7/5/7/3/6/6 3 3,Z,-2.125,0,BLOCK,Z,0.7736631,0.4207331
7/5/3/7/1/7/3/6/6 3 3,X,-2.0,2,BLOCK,X,1.039904,0.7107007
7/5/3/7/5/7/3/4/6 3 3,Z,2,0,BLOCK,Z,0.3119665,0.3911215
7/1/3/7/5/7/3/6/5 3 3,Z,-2.125,2,BLOCK,Z,0.7812576,0.4539892
7/5/3/7/1/7/3/6/5 3 3,X,-1.7777777777777777777777777778,2,BLOCK,X,0.971297,0.6583053
7/5/3/7/5/7/3/4/5 3 3,Z,2,2,BLOCK,Z,1.630906,1.000613
7/1/3/7/5/7/3/6/3 3 3,Z,-2.125,0,BLOCK,Z,0.3610657,0.2915957
7/5/3/7/1/7/3/6/3 3 3,X,-1.5555555555555555555555555556,0,BLOCK,X,0.4970797,0.6096778
7/5/3/7/5/7/3/4/3 3 3,Z,2,0,BLOCK,Z,0.2232808,0.3577991
7/1/3/7/5/7/3/5/6 3 3,Z,-2,0,BLOCK,Z,0.5200483,0.35882
7/5/3/7/1/7/3/5/6 3 3,X,-2.0,0,BLOCK,X,0.7265312,0.5684124
7/5/3/7/5/7/3/1/6 3 3,Z,-2,0,BLOCK,Z,1.67237,1.117087
7/1/3/7/5/7/3/5/5 3 3,Z,-2,2,BLOCK,Z,0.7809528,0.4486216
7/5/3/7/1/7/3/5/5 3 3,X,-1.7777777777777777777777777778,2,BLOCK,X,0.9529378,0.7034742
7/5/3/7/5/7/3/1/5 3 3,Z,-2,0,BLOCK,Z,1.571501,1.054499
7/1/3/7/5/7/3/5/3 3 3,Z,-2,0,BLOCK,Z,0.51171,0.3266852
7/5/3/7/1/7/3/5/3 3 3,X,-1.5555555555555555555555555556,0,BLOCK,X,0.378544,0.5529822
7/5/3/7/5/7/3/1/3 3 3,Z,-2,0,BLOCK,Z,0.2176047,0.381976
7/1/3/7/5/7/3/3/6 3 3,Z,-1.875,0,BLOCK,Z,0.4662719,0.1780088
7/5/3/7/1/7/3/3/6 3 3,X,-2.0,2,BLOCK,X,1.030587,0.6844843
7/1/3/7/5/7/3/3/5 3 3,Z,-1.875,2,BLOCK,Z,0.7244486,0.4194394
7/5/3/7/1/7/3/3/5 3 3,X,-1.7777777777777777777777777778,0,BLOCK,X,0.3878567,0.6609954
7/1/3/7/5/7/3/3/3 3 3,Z,-1.875,0,BLOCK,Z,0.6301216,0.4359702
7/5/3/7/1/7/3/3/3 3 3,X,-1.5555555555555555555555555556,0,BLOCK,X,0.4634466,0.4940748
7/1/3/7/5/7/3/7/4 3 3,Z,-2,0,BLOCK,Z,0.7370475,0.3250885
7/5/3/7/1/7/3/7/4 3 3,X,-2.0,0,BLOCK,X,0.6202714,0.7695595
7/1/3/7/5/7/3/7/2 3 3,Z,-2,0,BLOCK,Z,0.3752263,0.3426441
7/5/3/7/1/7/3/7/2 3 3,X,-1.7777777777777777777777777778,2,BLOCK,X,0.9779379,0.7268079
7/1/3/7/5/7/3/7/1 3 3,Z,-2,2,BLOCK,Z,0.8542896,0.5227494
7/5/3/7/1/7/3/7/1 3 3,X,-1.5555555555555555555555555556,0,BLOCK,X,0.7580689,0.4242254
7/1/3/7/5/7/7/2/6 3 3,Z,-2,0,BLOCK,Z,0.4988086,0.3021542
7/5/3/7/1/7/7/2/6 3 3,X,-2.2222222222222222222222222222,0,BLOCK,X,0.7247932,0.682068
7/1/3/7/5/7/7/2/5 3 3,Z,-2,2,BLOCK,Z,0.8112716,0.4273064
7/5/3/7/1/7/7/2/5 3 3,X,-2,0,BLOCK,X,0.6723621,0.727809
7/1/3/7/5/7/7/2/3 3 3,Z,-2,2,BLOCK,Z,0.7964172,0.4003027
7/5/3/7/1/7/7/2/3 3 3,X,-1.7777777777777777777777777778,0,BLOCK,X,0.8932348,0.6500545
7/1/3/7/5/7/7/6/4 3 3,Z,-2.125,2,BLOCK,Z,0.8778421,0.5080233
7/5/3/7/1/7/7/6/4 3 3,X,-2.2222222222222222222222222222,0,BLOCK,X,0.6387656,0.7129992
7/5/3/7/5/7/7/4/4 3 3,Z,2,0,BLOCK,Z,0.1316822,0.2943594
7/1/3/7/5/7/7/6/2 3 3,Z,-2.125,2,BLOCK,Z,0.816058,0.5307238
7/5/3/7/1/7/7/6/2 3 3,X,-2,0,BLOCK,X,0.6605716,0.8061913
7/5/3/7/5/7/7/4/2 3 3,Z,2,0,BLOCK,Z,0.17858,0.2986819
7/1/3/7/5/7/7/6/1 3 3,Z,-2.125,0,BLOCK,Z,0.4141491,0.3197622
7/5/3/7/1/7/7/6/1 3 3,X,-1.7777777777777777777777777778,0,BLOCK,X,0.7353737,0.6834744
7/5/3/7/5/7/7/4/1 3 3,Z,2,0,BLOCK,Z,0.1049183,0.2157413
7/1/3/7/5/7/7/5/4 3 3,Z,-2,0,BLOCK,Z,0.7328596,0.5131517
7/5/3/7/1/7/7/5/4 3 3,X,-2.2222222222222222222222222222,0,BLOCK,X,0.6305208,0.7843536
7/5/3/7/5/7/7/1/4 3 3,Z,-2,0,BLOCK,Z,0.2959897,0.4836227
7/1/3/7/5/7/7/5/2 3 3,Z,-2,2,BLOCK,Z,0.8051593,0.5932894
7/5/3/7/1/7/7/5/2 3 3,X,-2,0,BLOCK,X,0.5959911,0.7298627
7/5/3/7/5/7/7/1/2 3 3,Z,-2,0,BLOCK,Z,0.1591746,0.2581326
7/1/3/7/5/7/7/5/1 3 3,Z,-2,2,BLOCK,Z,0.8121748,0.4447156
7/5/3/7/1/7/7/5/1 3 3,X,-1.7777777777777777777777777778,0,BLOCK,X,0.7170165,0.7705466
7/5/3/7/5/7/7/1/1 3 3,Z,-2,0,BLOCK,Z,0.1127698,0.2290617
7/1/3/7/5/7/7/3/4 3 3,Z,-1.875,0,BLOCK,Z,0.630012,0.3705517
7/5/3/7/1/7/7/3/4 3 3,X,-2.2222222222222222222222222222,0,BLOCK,X,0.6079171,0.8110811
7/1/3/7/5/7/7/3/2 3 3,Z,-1.875,0,BLOCK,Z,0.5595389,0.2647173
7/5/3/7/1/7/7/3/2 3 3,X,-2,0,BLOCK,X,0.5986088,0.7444622
7/1/3/7/5/7/7/3/1 3 3,Z,-1.875,0,BLOCK,Z,0.6549541,0.4185917
7/5/3/7/1/7/7/3/1 3 3,X,-1.7777777777777777777777777778,0,BLOCK,X,0.5354704,0.6892666
7/1/3/7/3/2/6/7/7 3 3,Z,-2,0,BLOCK,Z,0.4579208,0.3813607
7/5/3/7/3/2/4/7/7 3 3,X,2,0,BLOCK,X,0.7907972,0.783683
7/1/3/7/3/2/5/7/7 3 3,Z,-2,0,BLOCK,Z,0.4909376,0.3166571
7/5/3/7/3/2/1/7/7 3 3,X,-2,0,BLOCK,X,0.7880381,0.7269398
7/1/3/7/3/2/3/7/7 3 3,Z,-2,0,BLOCK,Z,0.4114186,0.4154501
7/1/3/7/3/2/7/6/7 3 3,Z,-2.125,2,BLOCK,Z,0.8135587,0.4123319
7/5/3/7/3/2/7/4/7 3 3,Z,2,2,BLOCK,Z,1.570403,0.9381199
7/1/3/7/3/2/7/5/7 3 3,Z,-2,2,BLOCK,Z,0.8018491,0.5213841
7/5/3/7/3/2/7/1/7 3 3,Z,-2,0,BLOCK,Z,0.4809259,0.6131073
7/1/3/7/3/2/7/3/7 3 3,Z,-1.875,2,BLOCK,Z,0.9342961,0.5127319
7/1/3/7/3/2/7/7/6 3 3,Z,-2,0,BLOCK,Z,0.4579179,0.3463657
7/1/3/7/3/2/7/7/5 3 3,Z,-2,0,BLOCK,Z,0.713421,0.4705923
7/1/3/7/3/2/7/7/3 3 3,Z,-2,0,BLOCK,Z,0.3689811,0.4569776
7/1/3/7/3/6/2/7/7 3 3,Z,-2.125,2,BLOCK,Z,0.9421529,0.6686547
7/5/3/7/3/4/2/7/7 3 3,Z,2,2,BLOCK,Z,1.054588,0.76928
7/1/3/7/3/6/6/6/7 3 3,Z,-2.25,0,BLOCK,Z,0.6395104,0.4922785
7/5/3/7/3/4/6/6/7 3 3,Z,1.7142857142857142857142857142,0,BLOCK,Z,0.4944743,0.6645088
7/5/3/7/3/6/4/6/7 3 3,X,2,0,BLOCK,X,0.5955028,0.5619993
7/5/3/7/3/6/6/4/7 3 3,Z,2,0,BLOCK,Z,0.4415495,0.5802311
7/1/3/7/3/6/6/5/7 3 3,Z,-2.125,2,BLOCK,Z,0.9455492,0.6668082
7/5/3/7/3/4/6/5/7 3 3,Z,2,0,BLOCK,Z,0.7536157,0.9178003
7/5/3/7/3/6/4/5/7 3 3,X,2,0,BLOCK,X,0.663788,0.5594
7/5/3/7/3/6/6/1/7 3 3,Z,-2,2,BLOCK,Z,1.524693,0.8748379
7/1/3/7/3/6/6/3/7 3 3,Z,-2,0,BLOCK,Z,0.4882849,0.3883565
7/5/3/7/3/4/6/3/7 3 3,Z,2.2857142857142857142857142858,0,BLOCK,Z,1.276242,0.8111193
7/5/3/7/3/6/4/3/7 3 3,X,2,0,BLOCK,X,0.944365,0.6263469
3/5/3/7/3/6/6/7/6 3 3,X,-0.7222222222222222222222222222,6,BLOCK,X,0.700121,0.5680125
7/1/3/7/3/6/6/7/6 3 3,Z,-2.125,0,BLOCK,Z,0.6619217,0.5609402
7/5/3/7/3/4/6/7/6 3 3,Z,2,0,BLOCK,Z,1.200626,0.874321
7/5/3/7/3/6/4/7/6 3 3,X,1.6,0,BLOCK,X,0.5210522,0.4571303
7/1/3/7/3/6/6/7/5 3 3,Z,-2.125,2,BLOCK,Z,0.8402759,0.4583149
7/5/3/7/3/4/6/7/5 3 3,Z,2,0,BLOCK,Z,0.7295961,0.8080498
7/5/3/7/3/6/4/7/5 3 3,X,2,0,BLOCK,X,0.5300597,0.483001
7/1/3/7/3/6/6/7/3 3 3,Z,-2.125,0,BLOCK,Z,0.5761402,0.4430765
7/5/3/7/3/4/6/7/3 3 3,Z,2,0,BLOCK,Z,0.8529693,0.8520778
7/5/3/7/3/6/4/7/3 3 3,X,2.4,0,BLOCK,X,0.8194932,0.689729
7/1/3/7/3/6/5/6/7 3 3,Z,-2.25,2,BLOCK,Z,0.805667,0.4686423
7/5/3/7/3/4/5/6/7 3 3,Z,1.7142857142857142857142857142,0,BLOCK,Z,0.55659,0.704505
7/5/3/7/3/6/1/6/7 3 3,X,-2,2,BLOCK,X,1.383089,0.8616878
7/5/3/7/3/6/5/4/7 3 3,Z,2,0,BLOCK,Z,0.450263,0.5779817
7/1/3/7/3/6/5/5/7 3 3,Z,-2.125,0,BLOCK,Z,0.6139625,0.5151324
7/5/3/7/3/4/5/5/7 3 3,Z,2,0,BLOCK,Z,1.132144,0.6620204
7/5/3/7/3/6/1/5/7 3 3,X,-2,0,BLOCK,X,0.6477603,0.7149198
7/5/3/7/3/6/5/1/7 3 3,Z,-2,0,BLOCK,Z,0.4220842,0.5347161
7/1/3/7/3/6/5/3/7 3 3,Z,-2,0,BLOCK,Z,0.4458318,0.5259024
7/5/3/7/3/4/5/3/7 3 3,Z,2.2857142857142857142857142858,0,BLOCK,Z,1.243008,0.7903569
7/5/3/7/3/6/1/3/7 3 3,X,-2,0,BLOCK,X,0.7155762,0.7456604
7/1/3/7/3/6/5/7/6 3 3,Z,-2.125,0,BLOCK,Z,0.4701301,0.3870225
7/5/3/7/3/4/5/7/6 3 3,Z,2,0,BLOCK,Z,0.5366966,0.6962742
7/5/3/7/3/6/1/7/6 3 3,X,-2.4,2,BLOCK,X,1.629817,0.9584366
7/1/3/7/3/6/5/7/5 3 3,Z,-2.125,0,BLOCK,Z,0.5874944,0.4204414
7/5/3/7/3/4/5/7/5 3 3,Z,2,0,BLOCK,Z,0.54414,0.7526881
7/5/3/7/3/6/1/7/5 3 3,X,-2,0,BLOCK,X,0.5694717,0.7118454
7/1/3/7/3/6/5/7/3 3 3,Z,-2.125,2,BLOCK,Z,0.9010875,0.5100981
7/5/3/7/3/4/5/7/3 3 3,Z,2,0,BLOCK,Z,0.5476379,0.7058061
7/5/3/7/3/6/1/7/3 3 3,X,-1.6,0,BLOCK,X,0.4863991,0.588703
7/1/3/7/3/6/3/6/7 3 3,Z,-2.25,2,BLOCK,Z,0.8083569,0.5233827
7/5/3/7/3/4/3/6/7 3 3,Z,1.7142857142857142857142857142,0,BLOCK,Z,0.3008882,0.503379
7/5/3/7/3/6/3/4/7 3 3,Z,2,2,BLOCK,Z,1.712337,1.121828
7/1/3/7/3/6/3/5/7 3 3,Z,-2.125,2,BLOCK,Z,0.8853689,0.5437872
7/5/3/7/3/4/3/5/7 3 3,Z,2,0,BLOCK,Z,0.7005348,0.8074195
7/5/3/7/3/6/3/1/7 3 3,Z,-2,2,BLOCK,Z,1.517095,0.8853161
7/1/3/7/3/6/3/3/7 3 3,Z,-2,2,BLOCK,Z,1.021557,0.664545
7/5/3/7/3/4/3/3/7 3 3,Z,2.2857142857142857142857142858,0,BLOCK,Z,0.613578,0.7410536
7/1/3/7/3/6/3/7/6 3 3,Z,-2.125,0,BLOCK,Z,0.6868517,0.486649
7/5/3/7/3/4/3/7/6 3 3,Z,2,0,BLOCK,Z,0.5774334,0.7142652
7/1/3/7/3/6/3/7/5 3 3,Z,-2.125,0,BLOCK,Z,0.2790689,0.2609678
7/5/3/7/3/4/3/7/5 3 3,Z,2,0,BLOCK,Z,0.5752278,0.7373379
7/1/3/7/3/6/3/7/3 3 3,Z,-2.125,0,BLOCK,Z,0.796195,0.4887432
7/5/3/7/3/4/3/7/3 3 3,Z,2,0,BLOCK,Z,0.5224287,0.7701455
7/1/3/7/3/6/7/2/7 3 3,Z,-2.125,0,BLOCK,Z,0.5002189,0.3613109
7/5/3/7/3/4/7/2/7 3 3,Z,2,0,BLOCK,Z,0.6901258,0.6262698
7/1/3/7/3/6/7/6/6 3 3,Z,-2.25,0,BLOCK,Z,0.3411516,0.3170718
7/5/3/7/3/4/7/6/6 3 3,Z,1.7142857142857142857142857142,0,BLOCK,Z,0.51025,0.6370649
7/5/3/7/3/6/7/4/6 3 3,Z,2,0,BLOCK,Z,0.4874963,0.6938716
7/1/3/7/3/6/7/6/5 3 3,Z,-2.25,0,BLOCK,Z,0.6413155,0.3764879
7/5/3/7/3/4/7/6/5 3 3,Z,1.7142857142857142857142857142,2,BLOCK,Z,1.036422,0.734606
7/5/3/7/3/6/7/4/5 3 3,Z,2,0,BLOCK,Z,0.3160877,0.5033431
7/1/3/7/3/6/7/6/3 3 3,Z,-2.25,0,BLOCK,Z,0.5843452,0.424724
7/5/3/7/3/4/7/6/3 3 3,Z,1.7142857142857142857142857142,0,BLOCK,Z,0.6189924,0.7251219
7/5/3/7/3/6/7/4/3 3 3,Z,2,0,BLOCK,Z,0.4353743,0.5260256
7/1/3/7/3/6/7/5/6 3 3,Z,-2.125,0,BLOCK,Z,0.4689057,0.3075358
7/5/3/7/3/4/7/5/6 3 3,Z,2,0,BLOCK,Z,1.171521,0.8115528
7/5/3/7/3/6/7/1/6 3 3,Z,-2,0,BLOCK,Z,0.3273038,0.4802145
7/1/3/7/3/6/7/5/5 3 3,Z,-2.125,2,BLOCK,Z,0.8497503,0.5855313
7/5/3/7/3/4/7/5/5 3 3,Z,2,0,BLOCK,Z,0.7639896,0.7627736
7/5/3/7/3/6/7/1/5 3 3,Z,-2,0,BLOCK,Z,0.5372391,0.6011239
7/1/3/7/3/6/7/5/3 3 3,Z,-2.125,2,BLOCK,Z,0.8483812,0.5793015
7/5/3/7/3/4/7/5/3 3 3,Z,2,2,BLOCK,Z,1.11902,0.8123871
7/5/3/7/3/6/7/1/3 3 3,Z,-2,0,BLOCK,Z,0.4751364,0.5137061
7/1/3/7/3/6/7/3/6 3 3,Z,-2,2,BLOCK,Z,1.028737,0.6400579
7/5/3/7/3/4/7/3/6 3 3,Z,2.2857142857142857142857142858,0,BLOCK,Z,0.7674727,0.8123868
7/1/3/7/3/6/7/3/5 3 3,Z,-2,2,BLOCK,Z,1.103239,0.6813165
7/5/3/7/3/4/7/3/5 3 3,Z,2.2857142857142857142857142858,2,BLOCK,Z,1.444777,0.8716154
7/1/3/7/3/6/7/3/3 3 3,Z,-2,0,BLOCK,Z,0.5951604,0.4899984
7/5/3/7/3/4/7/3/3 3 3,Z,2.2857142857142857142857142858,0,BLOCK,Z,0.8123401,0.8177496
7/1/3/7/3/6/7/7/4 3 3,Z,-2.125,0,BLOCK,Z,0.5762299,0.4759154
7/5/3/7/3/4/7/7/4 3 3,Z,2,2,BLOCK,Z,1.264395,0.802136
7/1/3/7/3/6/7/7/2 3 3,Z,-2.125,0,BLOCK,Z,0.6976113,0.5664167
7/5/3/7/3/4/7/7/2 3 3,Z,2,0,BLOCK,Z,1.134917,0.9857137
7/1/3/7/3/6/7/7/1 3 3,Z,-2.125,2,BLOCK,Z,0.9187077,0.5071279
7/5/3/7/3/4/7/7/1 3 3,Z,2,0,BLOCK,Z,0.524968,0.7970654
7/1/3/7/3/5/2/7/7 3 3,Z,-2,0,BLOCK,Z,0.4966172,0.3403132
7/5/3/7/3/1/2/7/7 3 3,Z,-2,0,BLOCK,Z,0.5866355,0.9101025
7/1/3/7/3/5/6/6/7 3 3,Z,-2.125,0,BLOCK,Z,0.491613,0.2576734
7/5/3/7/3/1/6/6/7 3 3,Z,-2.2857142857142857142857142858,0,BLOCK,Z,0.5022929,0.6830076
7/5/3/7/3/5/4/6/7 3 3,X,2,0,BLOCK,X,0.921382,0.5987358
7/5/3/7/3/5/6/4/7 3 3,Z,2,0,BLOCK,Z,0.3794982,0.6336592
7/1/3/7/3/5/6/5/7 3 3,Z,-2,2,BLOCK,Z,0.7195172,0.3793751
7/5/3/7/3/1/6/5/7 3 3,Z,-2,2,BLOCK,Z,1.075173,0.7581233
7/5/3/7/3/5/4/5/7 3 3,X,2,0,BLOCK,X,0.7174249,0.6555787
7/5/3/7/3/5/6/1/7 3 3,Z,-2,0,BLOCK,Z,0.9992115,0.5293154
7/1/3/7/3/5/6/3/7 3 3,Z,-1.875,0,BLOCK,Z,0.6592965,0.4929557
7/5/3/7/3/1/6/3/7 3 3,Z,-1.7142857142857142857142857142,0,BLOCK,Z,1.051256,0.8131908
7/5/3/7/3/5/4/3/7 3 3,X,2,0,BLOCK,X,1.108399,0.8124696
7/1/3/7/3/5/6/7/6 3 3,Z,-2,2,BLOCK,Z,0.7408046,0.3677834
7/5/3/7/3/1/6/7/6 3 3,Z,-2,0,BLOCK,Z,1.253214,0.8618142
7/5/3/7/3/5/4/7/6 3 3,X,1.6,0,BLOCK,X,1.07361,0.7527329
7/1/3/7/3/5/6/7/5 3 3,Z,-2,2,BLOCK,Z,0.6164469,0.4838749
7/5/3/7/3/1/6/7/5 3 3,Z,-2,2,BLOCK,Z,1.136772,0.8319689
7/5/3/7/3/5/4/7/5 3 3,X,2,0,BLOCK,X,1.016405,0.7403556
7/1/3/7/3/5/6/7/3 3 3,Z,-2,0,BLOCK,Z,0.290034,0.2271852
7/5/3/7/3/1/6/7/3 3 3,Z,-2,0,BLOCK,Z,0.4794522,0.7342942
7/5/3/7/3/5/4/7/3 3 3,X,2.4,2,BLOCK,X,1.554928,0.9378457
7/1/3/7/3/5/5/6/7 3 3,Z,-2.125,2,BLOCK,Z,0.7593488,0.4516891
7/5/3/7/3/1/5/6/7 3 3,Z,-2.2857142857142857142857142858,2,BLOCK,Z,1.375704,0.6925157
7/5/3/7/3/5/1/6/7 3 3,X,-2,0,BLOCK,X,1.224131,0.7872098
7/5/3/7/3/5/5/4/7 3 3,Z,2,0,BLOCK,Z,0.1303482,0.2718332
7/1/3/7/3/5/5/5/7 3 3,Z,-2,0,BLOCK,Z,0.7224498,0.3526744
7/5/3/7/3/1/5/5/7 3 3,Z,-2,2,BLOCK,Z,1.02032,0.757854
7/5/3/7/3/5/1/5/7 3 3,X,-2,0,BLOCK,X,0.6620578,0.789449
7/5/3/7/3/5/5/1/7 3 3,Z,-2,0,BLOCK,Z,0.1360339,0.3304704
7/1/3/7/3/5/5/3/7 3 3,Z,-1.875,0,BLOCK,Z,0.5134942,0.433181
7/5/3/7/3/1/5/3/7 3 3,Z,-1.7142857142857142857142857142,2,BLOCK,Z,1.016046,0.6606042
7/5/3/7/3/5/1/3/7 3 3,X,-2,0,BLOCK,X,0.7356876,0.7463004
7/1/3/7/3/5/5/7/6 3 3,Z,-2,2,BLOCK,Z,0.7038209,0.3967075
7/5/3/7/3/1/5/7/6 3 3,Z,-2,2,BLOCK,Z,1.162994,0.7931604
7/5/3/7/3/5/1/7/6 3 3,X,-2.4,0,BLOCK,X,1.610438,1.133059
7/1/3/7/3/5/5/7/5 3 3,Z,-2,0,BLOCK,Z,0.513467,0.4413449
7/5/3/7/3/1/5/7/5 3 3,Z,-2,0,BLOCK,Z,0.6040933,0.7375799
7/5/3/7/3/5/1/7/5 3 3,X,-2,0,BLOCK,X,0.7348093,0.7699833
7/1/3/7/3/5/5/7/3 3 3,Z,-2,0,BLOCK,Z,0.5389243,0.3598339
7/5/3/7/3/1/5/7/3 3 3,Z,-2,0,BLOCK,Z,0.6886121,0.8064275
7/5/3/7/3/5/1/7/3 3 3,X,-1.6,0,BLOCK,X,0.5891247,0.5587654
7/1/3/7/3/5/3/6/7 3 3,Z,-2.125,0,BLOCK,Z,0.4771944,0.392337
7/5/3/7/3/1/3/6/7 3 3,Z,-2.2857142857142857142857142858,2,BLOCK,Z,1.339984,0.7316513
7/5/3/7/3/5/3/4/7 3 3,Z,2,0,BLOCK,Z,0.09186034,0.2252684
7/1/3/7/3/5/3/5/7 3 3,Z,-2,0,BLOCK,Z,0.5270827,0.3307031
7/5/3/7/3/1/3/5/7 3 3,Z,-2,2,BLOCK,Z,1.064774,0.7612127
7/5/3/7/3/5/3/1/7 3 3,Z,-2,0,BLOCK,Z,1.728655,1.067673
7/1/3/7/3/5/3/3/7 3 3,Z,-1.875,0,BLOCK,Z,0.5461009,0.428908
7/5/3/7/3/1/3/3/7 3 3,Z,-1.7142857142857142857142857142,0,BLOCK,Z,0.4257635,0.645585
7/1/3/7/3/5/3/7/6 3 3,Z,-2,0,BLOCK,Z,0.4252633,0.2296249
7/5/3/7/3/1/3/7/6 3 3,Z,-2,0,BLOCK,Z,0.5519612,0.7582029
7/1/3/7/3/5/3/7/5 3 3,Z,-2,0,BLOCK,Z,0.5633763,0.3070982
7/5/3/7/3/1/3/7/5 3 3,Z,-2,0,BLOCK,Z,0.8335367,0.8457412
7/1/3/7/3/5/3/7/3 3 3,Z,-2,2,BLOCK,Z,0.7618645,0.4000987
7/5/3/7/3/1/3/7/3 3 3,Z,-2,0,BLOCK,Z,0.7997819,0.8324
7/1/3/7/3/5/7/2/7 3 3,Z,-2,0,BLOCK,Z,0.6564416,0.3086899
7/5/3/7/3/1/7/2/7 3 3,Z,-2,0,BLOCK,Z,1.231077,0.7890714
7/1/3/7/3/5/7/6/6 3 3,Z,-2.125,0,BLOCK,Z,0.64224,0.4333164
7/5/3/7/3/1/7/6/6 3 3,Z,-2.2857142857142857142857142858,2,BLOCK,Z,1.418275,0.8232476
7/5/3/7/3/5/7/4/6 3 3,Z,2,0,BLOCK,Z,0.2744753,0.4558386
7/1/3/7/3/5/7/6/5 3 3,Z,-2.125,0,BLOCK,Z,0.3423159,0.3761653
7/5/3/7/3/1/7/6/5 3 3,Z,-2.2857142857142857142857142858,0,BLOCK,Z,1.27271,1.002256
7/5/3/7/3/5/7/4/5 3 3,Z,2,0,BLOCK,Z,0.1889541,0.2963903
7/1/3/7/3/5/7/6/3 3 3,Z,-2.125,0,BLOCK,Z,0.3985096,0.5388116
7/5/3/7/3/1/7/6/3 3 3,Z,-2.2857142857142857142857142858,0,BLOCK,Z,0.650118,0.7367861
7/5/3/7/3/5/7/4/3 3 3,Z,2,0,BLOCK,Z,0.136354,0.3325574
7/1/3/7/3/5/7/5/6 3 3,Z,-2,0,BLOCK,Z,0.6427737,0.2824367
7/5/3/7/3/1/7/5/6 3 3,Z,-2,0,BLOCK,Z,0.6365401,0.6849279
7/5/3/7/3/5/7/1/6 3 3,Z,-2,0,BLOCK,Z,0.2174428,0.4768901
7/1/3/7/3/5/7/5/5 3 3,Z,-2,0,BLOCK,Z,0.4756084,0.5091428
7/5/3/7/3/1/7/5/5 3 3,Z,-2,0,BLOCK,Z,0.6268559,0.8030787
7/5/3/7/3/5/7/1/5 3 3,Z,-2,0,BLOCK,Z,0.1334544,0.2727043
7/1/3/7/3/5/7/5/3 3 3,Z,-2,0,BLOCK,Z,0.3992053,0.2807848
7/5/3/7/3/1/7/5/3 3 3,Z,-2,0,BLOCK,Z,0.6065998,0.8192768
7/5/3/7/3/5/7/1/3 3 3,Z,-2,0,BLOCK,Z,0.1574212,0.2600853
7/1/3/7/3/5/7/3/6 3 3,Z,-1.875,0,BLOCK,Z,0.3894981,0.3535524
7/5/3/7/3/1/7/3/6 3 3,Z,-1.7142857142857142857142857142,0,BLOCK,Z,0.533374,0.6784446
7/1/3/7/3/5/7/3/5 3 3,Z,-1.875,0,BLOCK,Z,0.3398288,0.2259454
7/5/3/7/3/1/7/3/5 3 3,Z,-1.7142857142857142857142857142,2,BLOCK,Z,1.014417,0.7656538
7/1/3/7/3/5/7/3/3 3 3,Z,-1.875,0,BLOCK,Z,0.487422,0.4111427
7/5/3/7/3/1/7/3/3 3 3,Z,-1.7142857142857142857142857142,2,BLOCK,Z,1.062578,0.7906715
7/1/3/7/3/5/7/7/4 3 3,Z,-2,0,BLOCK,Z,0.2796877,0.2060919
7/5/3/7/3/1/7/7/4 3 3,Z,-2,0,BLOCK,Z,1.130659,0.8173686
7/1/3/7/3/5/7/7/2 3 3,Z,-2,0,BLOCK,Z,0.5354915,0.3661154
7/5/3/7/3/1/7/7/2 3 3,Z,-2,0,BLOCK,Z,1.002288,0.8742877
7/1/3/7/3/5/7/7/1 3 3,Z,-2,0,BLOCK,Z,0.6884418,0.4881754
7/5/3/7/3/1/7/7/1 3 3,Z,-2,0,BLOCK,Z,0.5366465,0.6755673
7/1/3/7/3/3/2/7/7 3 3,Z,-1.875,2,BLOCK,Z,0.7372117,0.4282767
7/1/3/7/3/3/6/6/7 3 3,Z,-2,2,BLOCK,Z,0.7833074,0.389987
7/5/3/7/3/3/4/6/7 3 3,X,2,0,BLOCK,X,1.440525,1.033672
7/5/3/7/3/3/6/4/7 3 3,Z,2,0,BLOCK,Z,1.086092,0.8188823
7/1/3/7/3/3/6/5/7 3 3,Z,-1.875,0,BLOCK,Z,0.431309,0.2248411
7/5/3/7/3/3/4/5/7 3 3,X,2,0,BLOCK,X,0.7642352,0.5919479
7/5/3/7/3/3/6/1/7 3 3,Z,-2,2,BLOCK,Z,1.541713,0.9568993
7/1/3/7/3/3/6/3/7 3 3,Z,-1.75,2,BLOCK,Z,0.7876896,0.4627033
7/5/3/7/3/3/4/3/7 3 3,X,2,0,BLOCK,X,0.6866996,0.5903099
7/1/3/7/3/3/6/7/6 3 3,Z,-1.875,0,BLOCK,Z,0.275737,0.2299729
7/5/3/7/3/3/4/7/6 3 3,X,1.6,0,BLOCK,X,0.7610475,0.562224
7/1/3/7/3/3/6/7/5 3 3,Z,-1.875,2,BLOCK,Z,0.8177326,0.3402427
7/5/3/7/3/3/4/7/5 3 3,X,2,0,BLOCK,X,0.7894183,0.6187027
7/1/3/7/3/3/6/7/3 3 3,Z,-1.875,0,BLOCK,Z,0.568041,0.3325054
7/5/3/7/3/3/4/7/3 3 3,X,2.4,0,BLOCK,X,0.8177049,0.8014926
7/1/3/7/3/3/5/6/7 3 3,Z,-2,0,BLOCK,Z,0.3181646,0.3162741
7/5/3/7/3/3/1/6/7 3 3,X,-2,0,BLOCK,X,0.6508203,0.8668544
7/5/3/7/3/3/5/4/7 3 3,Z,2,0,BLOCK,Z,0.8969361,0.6968538
7/1/3/7/3/3/5/5/7 3 3,Z,-1.875,0,BLOCK,Z,0.6735958,0.301687
7/5/3/7/3/3/1/5/7 3 3,X,-2,0,BLOCK,X,1.317056,1.034521
7/5/3/7/3/3/5/1/7 3 3,Z,-2,2,BLOCK,Z,1.739059,1.150848
7/1/3/7/3/3/5/3/7 3 3,Z,-1.75,0,BLOCK,Z,0.3636904,0.3485383
7/5/3/7/3/3/1/3/7 3 3,X,-2,0,BLOCK,X,0.5834249,0.7787916
7/1/3/7/3/3/5/7/6 3 3,Z,-1.875,0,BLOCK,Z,0.5136427,0.4017861
7/5/3/7/3/3/1/7/6 3 3,X,-2.4,0,BLOCK,X,0.6290939,0.7945608
7/1/3/7/3/3/5/7/5 3 3,Z,-1.875,0,BLOCK,Z,0.4760152,0.2800849
7/5/3/7/3/3/1/7/5 3 3,X,-2,0,BLOCK,X,0.5361378,0.7641817
7/1/3/7/3/3/5/7/3 3 3,Z,-1.875,2,BLOCK,Z,0.7738773,0.3369485
7/5/3/7/3/3/1/7/3 3 3,X,-1.6,0,BLOCK,X,0.3030834,0.4790829
7/1/3/7/3/3/3/6/7 3 3,Z,-2,2,BLOCK,Z,0.7300461,0.3223855
7/5/3/7/3/3/3/4/7 3 3,Z,2,0,BLOCK,Z,0.5800512,0.5259099
7/1/3/7/3/3/3/5/7 3 3,Z,-1.875,0,BLOCK,Z,0.640742,0.3524433
7/5/3/7/3/3/3/1/7 3 3,Z,-2,0,BLOCK,Z,0.4903966,0.6145526
7/1/3/7/3/3/3/3/7 3 3,Z,-1.75,0,BLOCK,Z,0.3204617,0.2874719
7/1/3/7/3/3/3/7/6 3 3,Z,-1.875,0,BLOCK,Z,0.5573629,0.3521488
7/1/3/7/3/3/3/7/5 3 3,Z,-1.875,0,BLOCK,Z,0.468721,0.3921499
7/1/3/7/3/3/3/7/3 3 3,Z,-1.875,0,BLOCK,Z,0.4467827,0.3096061
7/1/3/7/3/3/7/2/7 3 3,Z,-1.875,2,BLOCK,Z,0.7397191,0.3872758
7/1/3/7/3/3/7/6/6 3 3,Z,-2,0,BLOCK,Z,0.7576218,0.1913026
7/5/3/7/3/3/7/4/6 3 3,Z,2,0,BLOCK,Z,0.6131789,0.6826782
7/1/3/7/3/3/7/6/5 3 3,Z,-2,0,BLOCK,Z,0.4326605,0.3206852
7/5/3/7/3/3/7/4/5 3 3,Z,2,0,BLOCK,Z,0.4234438,0.4705177
7/1/3/7/3/3/7/6/3 3 3,Z,-2,0,BLOCK,Z,0.4303608,0.3071339
7/5/3/7/3/3/7/4/3 3 3,Z,2,0,BLOCK,Z,1.030023,0.6068584
7/1/3/7/3/3/7/5/6 3 3,Z,-1.875,0,BLOCK,Z,0.5368183,0.3468801
7/5/3/7/3/3/7/1/6 3 3,Z,-2,0,BLOCK,Z,0.3375819,0.5177385
7/1/3/7/3/3/7/5/5 3 3,Z,-1.875,0,BLOCK,Z,0.3072404,0.2729046
7/5/3/7/3/3/7/1/5 3 3,Z,-2,0,BLOCK,Z,0.2604688,0.4221341
7/1/3/7/3/3/7/5/3 3 3,Z,-1.875,0,BLOCK,Z,0.5630353,0.4640352
7/5/3/7/3/3/7/1/3 3 3,Z,-2,0,BLOCK,Z,0.4945411,0.5627334
7/1/3/7/3/3/7/3/6 3 3,Z,-1.75,0,BLOCK,Z,0.5620496,0.2515569
7/1/3/7/3/3/7/3/5 3 3,Z,-1.75,0,BLOCK,Z,0.517027,0.2672081
7/1/3/7/3/3/7/3/3 3 3,Z,-1.75,2,BLOCK,Z,0.6393859,0.3516515
7/1/3/7/3/3/7/7/4 3 3,Z,-1.875,2,BLOCK,Z,0.7918772,0.4520312
7/1/3/7/3/3/7/7/2 3 3,Z,-1.875,2,BLOCK,Z,0.7666743,0.3889436
7/1/3/7/3/3/7/7/1 3 3,Z,-1.875,0,BLOCK,Z,0.6593297,0.4867414
7/1/3/7/3/7/2/6/7 3 3,Z,-2.125,0,BLOCK,Z,0.4676804,0.482212
7/5/3/7/3/7/2/4/7 3 3,Z,2,0,BLOCK,Z,1.741491,1.067351
7/1/3/7/3/7/2/5/7 3 3,Z,-2,0,BLOCK,Z,0.4564724,0.3519069
7/5/3/7/3/7/2/1/7 3 3,Z,-2,0,BLOCK,Z,0.9615407,0.6115198
7/1/3/7/3/7/2/3/7 3 3,Z,-1.875,0,BLOCK,Z,0.4693801,0.2228036
7/1/3/7/3/7/2/7/6 3 3,Z,-2,0,BLOCK,Z,0.5654095,0.4041809
7/1/3/7/3/7/2/7/5 3 3,Z,-2,0,BLOCK,Z,0.7067145,0.4425365
7/1/3/7/3/7/2/7/3 3 3,Z,-2,2,BLOCK,Z,0.7759876,0.3870519
7/1/3/7/3/7/6/2/7 3 3,Z,-2,0,BLOCK,Z,0.5097302,0.3781609
7/5/3/7/3/7/4/2/7 3 3,X,2,0,BLOCK,X,0.6598937,0.5666483
7/1/3/7/3/7/6/6/6 3 3,Z,-2.125,0,BLOCK,Z,0.4469238,0.269859
7/5/3/7/3/7/4/6/6 3 3,X,1.5,0,BLOCK,X,0.4128082,0.3899752
7/5/3/7/3/7/6/4/6 3 3,Z,2,2,BLOCK,Z,1.59083,1.010804
7/1/3/7/3/7/6/6/5 3 3,Z,-2.125,0,BLOCK,Z,0.4353472,0.2438475
7/5/3/7/3/7/4/6/5 3 3,X,2,2,BLOCK,X,1.282082,0.8169537
7/5/3/7/3/7/6/4/5 3 3,Z,2,0,BLOCK,Z,0.2609625,0.4202671
7/1/3/7/3/7/6/6/3 3 3,Z,-2.125,2,BLOCK,Z,0.8219779,0.453772
7/5/3/7/3/7/4/6/3 3 3,X,2.5,0,BLOCK,X,0.6494514,0.8584531
7/5/3/7/3/7/6/4/3 3 3,Z,2,0,BLOCK,Z,1.649678,1.062946
7/1/3/7/3/7/6/5/6 3 3,Z,-2,2,BLOCK,Z,0.8247154,0.4723957
7/5/3/7/3/7/4/5/6 3 3,X,1.5,0,BLOCK,X,0.4733967,0.4207372
7/5/3/7/3/7/6/1/6 3 3,Z,-2,0,BLOCK,Z,0.1434807,0.4204123
7/1/3/7/3/7/6/5/5 3 3,Z,-2,0,BLOCK,Z,0.5984734,0.3478044
7/5/3/7/3/7/4/5/5 3 3,X,2,0,BLOCK,X,0.5337856,0.4680466
7/5/3/7/3/7/6/1/5 3 3,Z,-2,2,BLOCK,Z,1.611623,1.021511
7/1/3/7/3/7/6/5/3 3 3,Z,-2,2,BLOCK,Z,0.7698559,0.4303132
7/5/3/7/3/7/4/5/3 3 3,X,2.5,0,BLOCK,X,0.7869985,0.7784471
7/5/3/7/3/7/6/1/3 3 3,Z,-2,0,BLOCK,Z,0.06168209,0.1763833
7/1/3/7/3/7/6/3/6 3 3,Z,-1.875,2,BLOCK,Z,0.7329553,0.445798
7/5/3/7/3/7/4/3/6 3 3,X,1.5,0,BLOCK,X,0.4670177,0.3820778
7/1/3/7/3/7/6/3/5 3 3,Z,-1.875,0,BLOCK,Z,0.7164554,0.3552664
7/5/3/7/3/7/4/3/5 3 3,X,2,2,BLOCK,X,1.326165,0.8477997
7/1/3/7/3/7/6/3/3 3 3,Z,-1.875,0,BLOCK,Z,0.616401,0.4274592
7/5/3/7/3/7/4/3/3 3 3,X,2.5,0,BLOCK,X,0.6202924,0.624909
7/1/3/7/3/7/6/7/4 3 3,Z,-2,0,BLOCK,Z,0.5141193,0.4854409
7/5/3/7/3/7/4/7/4 3 3,X,1.5,0,BLOCK,X,0.2671699,0.2385422
7/1/3/7/3/7/6/7/2 3 3,Z,-2,0,BLOCK,Z,0.3298293,0.3307928
7/5/3/7/3/7/4/7/2 3 3,X,2,0,BLOCK,X,0.448312,0.5155088
7/1/3/7/3/7/6/7/1 3 3,Z,-2,0,BLOCK,Z,0.5111263,0.3388747
7/5/3/7/3/7/4/7/1 3 3,X,2.5,0,BLOCK,X,0.427185,0.4493921
7/1/3/7/3/7/5/2/7 3 3,Z,-2,0,BLOCK,Z,0.6583018,0.4207581
7/5/3/7/3/7/1/2/7 3 3,X,-2,0,BLOCK,X,0.4825719,0.712722
7/1/3/7/3/7/5/6/6 3 3,Z,-2.125,0,BLOCK,Z,0.6048573,0.414104
7/5/3/7/3/7/1/6/6 3 3,X,-2.5,0,BLOCK,X,0.62902,0.9044829
7/5/3/7/3/7/5/4/6 3 3,Z,2,0,BLOCK,Z,0.3222606,0.5364867
7/1/3/7/3/7/5/6/5 3 3,Z,-2.125,0,BLOCK,Z,0.534618,0.3306138
7/5/3/7/3/7/1/6/5 3 3,X,-2,2,BLOCK,X,1.32902,0.7748053
7/5/3/7/3/7/5/4/5 3 3,Z,2,0,BLOCK,Z,0.2646955,0.4631893
7/1/3/7/3/7/5/6/3 3 3,Z,-2.125,0,BLOCK,Z,0.5101813,0.3698941
7/5/3/7/3/7/1/6/3 3 3,X,-1.5,2,BLOCK,X,1.25907,0.7336826
7/5/3/7/3/7/5/4/3 3 3,Z,2,0,BLOCK,Z,0.4223828,0.3876839
7/1/3/7/3/7/5/5/6 3 3,Z,-2,2,BLOCK,Z,0.6412724,0.4896915
7/5/3/7/3/7/1/5/6 3 3,X,-2.5,0,BLOCK,X,0.6983325,0.9229438
7/5/3/7/3/7/5/1/6 3 3,Z,-2,0,BLOCK,Z,1.687656,1.067772
7/1/3/7/3/7/5/5/5 3 3,Z,-2,0,BLOCK,Z,0.5649037,0.3926766
7/5/3/7/3/7/1/5/5 3 3,X,-2,0,BLOCK,X,0.5509962,0.6925874
7/5/3/7/3/7/5/1/5 3 3,Z,-2,2,BLOCK,Z,1.628265,1.048607
7/1/3/7/3/7/5/5/3 3 3,Z,-2,0,BLOCK,Z,0.5249039,0.371572
7/5/3/7/3/7/1/5/3 3 3,X,-1.5,0,BLOCK,X,0.3992176,0.5300534
7/5/3/7/3/7/5/1/3 3 3,Z,-2,0,BLOCK,Z,1.636686,1.025794
7/1/3/7/3/7/5/3/6 3 3,Z,-1.875,2,BLOCK,Z,0.7456818,0.4127246
7/5/3/7/3/7/1/3/6 3 3,X,-2.5,0,BLOCK,X,0.7293,0.9525268
7/1/3/7/3/7/5/3/5 3 3,Z,-1.875,2,BLOCK,Z,0.802714,0.4331815
7/5/3/7/3/7/1/3/5 3 3,X,-2,0,BLOCK,X,0.5637152,0.6206095
7/1/3/7/3/7/5/3/3 3 3,Z,-1.875,0,BLOCK,Z,0.58812,0.3744265
7/5/3/7/3/7/1/3/3 3 3,X,-1.5,2,BLOCK,X,1.201811,0.7220379
7/1/3/7/3/7/5/7/4 3 3,Z,-2,2,BLOCK,Z,0.8786719,0.5140623
7/5/3/7/3/7/1/7/4 3 3,X,-2.5,0,BLOCK,X,0.5363932,0.7262341
7/1/3/7/3/7/5/7/2 3 3,Z,-2,2,BLOCK,Z,0.8361101,0.4566379
7/5/3/7/3/7/1/7/2 3 3,X,-2,0,BLOCK,X,0.6029416,0.7513292
7/1/3/7/3/7/5/7/1 3 3,Z,-2,0,BLOCK,Z,0.4479477,0.36877
7/5/3/7/3/7/1/7/1 3 3,X,-1.5,0,BLOCK,X,0.2244097,0.3547433
7/1/3/7/3/7/3/2/7 3 3,Z,-2,0,BLOCK,Z,0.6675421,0.4817668
7/1/3/7/3/7/3/6/6 3 3,Z,-2.125,0,BLOCK,Z,0.5422081,0.4958409
7/5/3/7/3/7/3/4/6 3 3,Z,2,0,BLOCK,Z,1.739192,1.076404
7/1/3/7/3/7/3/6/5 3 3,Z,-2.125,0,BLOCK,Z,0.5570073,0.4184158
7/5/3/7/3/7/3/4/5 3 3,Z,2,0,BLOCK,Z,0.1561321,0.2416364
7/1/3/7/3/7/3/6/3 3 3,Z,-2.125,2,BLOCK,Z,0.7424387,0.4983695
7/5/3/7/3/7/3/4/3 3 3,Z,2,0,BLOCK,Z,0.1401408,0.31535
7/1/3/7/3/7/3/5/6 3 3,Z,-2,2,BLOCK,Z,0.8360774,0.4303536
7/5/3/7/3/7/3/1/6 3 3,Z,-2,0,BLOCK,Z,0.2086647,0.2899382
7/1/3/7/3/7/3/5/5 3 3,Z,-2,2,BLOCK,Z,0.8259097,0.4639137
7/5/3/7/3/7/3/1/5 3 3,Z,-2,0,BLOCK,Z,0.1523931,0.2387968
7/1/3/7/3/7/3/5/3 3 3,Z,-2,0,BLOCK,Z,0.422012,0.379223
7/5/3/7/3/7/3/1/3 3 3,Z,-2,0,BLOCK,Z,0.1675063,0.3462872
7/1/3/7/3/7/3/3/6 3 3,Z,-1.875,2,BLOCK,Z,0.752642,0.4709655
7/1/3/7/3/7/3/3/5 3 3,Z,-1.875,0,BLOCK,Z,0.4382193,0.3785907
7/1/3/7/3/7/3/3/3 3 3,Z,-1.875,0,BLOCK,Z,0.6133108,0.3550272
7/1/3/7/3/7/3/7/4 3 3,Z,-2,2,BLOCK,Z,0.8276315,0.4245811
7/1/3/7/3/7/3/7/2 3 3,Z,-2,2,BLOCK,Z,0.8086398,0.6195669
7/1/3/7/3/7/3/7/1 3 3,Z,-2,2,BLOCK,Z,0.813,0.4202831
7/1/3/7/3/7/7/2/6 3 3,Z,-2,0,BLOCK,Z,0.6404982,0.3755147
7/1/3/7/3/7/7/2/5 3 3,Z,-2,2,BLOCK,Z,0.832317,0.4097224
7/1/3/7/3/7/7/2/3 3 3,Z,-2,0,BLOCK,Z,0.4649578,0.3418199
7/1/3/7/3/7/7/6/4 3 3,Z,-2.125,2,BLOCK,Z,0.9009513,0.5522694
7/5/3/7/3/7/7/4/4 3 3,Z,2,0,BLOCK,Z,0.3759379,0.5420641
7/1/3/7/3/7/7/6/2 3 3,Z,-2.125,2,BLOCK,Z,0.9207352,0.3945364
7/5/3/7/3/7/7/4/2 3 3,Z,2,2,BLOCK,Z,1.619723,0.9867707
7/1/3/7/3/7/7/6/1 3 3,Z,-2.125,0,BLOCK,Z,0.4706915,0.2904912
7/5/3/7/3/7/7/4/1 3 3,Z,2,0,BLOCK,Z,0.1526078,0.2727622
7/1/3/7/3/7/7/5/4 3 3,Z,-2,0,BLOCK,Z,0.7101458,0.4210768
7/5/3/7/3/7/7/1/4 3 3,Z,-2,0,BLOCK,Z,0.2935368,0.4013318
7/1/3/7/3/7/7/5/2 3 3,Z,-2,2,BLOCK,Z,0.7873187,0.4097923
7/5/3/7/3/7/7/1/2 3 3,Z,-2,0,BLOCK,Z,0.126956,0.2269901
7/1/3/7/3/7/7/5/1 3 3,Z,-2,0,BLOCK,Z,0.3092514,0.2106989
7/5/3/7/3/7/7/1/1 3 3,Z,-2,0,BLOCK,Z,0.1075858,0.2124751
7/1/3/7/3/7/7/3/4 3 3,Z,-1.875,0,BLOCK,Z,0.5570769,0.3481036
7/1/3/7/3/7/7/3/2 3 3,Z,-1.875,2,BLOCK,Z,0.8046972,0.5039733
7/1/3/7/3/7/7/3/1 3 3,Z,-1.875,0,BLOCK,Z,0.6288525,0.4038754
7/1/3/7/7/2/2/7/7 3 3,Z,-2,0,BLOCK,Z,0.3932401,0.3188771
7/1/3/7/7/2/6/6/7 3 3,Z,-2.125,2,BLOCK,Z,0.6666815,0.4248136
7/5/3/7/7/2/4/6/7 3 3,X,2,0,BLOCK,X,0.6629543,0.5637575
7/5/3/7/7/2/6/4/7 3 3,Z,2,2,BLOCK,Z,1.638746,1.032348
7/1/3/7/7/2/6/5/7 3 3,Z,-2,2,BLOCK,Z,0.9618838,0.483059
7/5/3/7/7/2/4/5/7 3 3,X,2,0,BLOCK,X,0.6398272,0.5373353
7/5/3/7/7/2/6/1/7 3 3,Z,-2,0,BLOCK,Z,0.7565462,0.672594
7/1/3/7/7/2/6/3/7 3 3,Z,-1.875,0,BLOCK,Z,0.358855,0.3930497
7/5/3/7/7/2/4/3/7 3 3,X,2,2,BLOCK,X,1.406776,0.8755161
7/1/3/7/7/2/6/7/6 3 3,Z,-2,0,BLOCK,Z,0.6538052,0.4127591
7/5/3/7/7/2/4/7/6 3 3,X,1.6,0,BLOCK,X,1.072821,0.7569224
7/1/3/7/7/2/6/7/5 3 3,Z,-2,0,BLOCK,Z,0.7349285,0.4143897
7/5/3/7/7/2/4/7/5 3 3,X,2,0,BLOCK,X,0.7814009,0.5420126
7/1/3/7/7/2/6/7/3 3 3,Z,-2,2,BLOCK,Z,0.8224739,0.5400403
7/5/3/7/7/2/4/7/3 3 3,X,2.4,0,BLOCK,X,0.5659745,0.5136649
7/1/3/7/7/2/5/6/7 3 3,Z,-2.125,0,BLOCK,Z,0.444714,0.302958
7/5/3/7/7/2/1/6/7 3 3,X,-2,2,BLOCK,X,1.363557,0.9883217
7/5/3/7/7/2/5/4/7 3 3,Z,2,0,BLOCK,Z,1.062194,0.6870522
7/1/3/7/7/2/5/5/7 3 3,Z,-2,2,BLOCK,Z,0.829828,0.5847232
7/5/3/7/7/2/1/5/7 3 3,X,-2,0,BLOCK,X,0.8381646,0.7034338
7/5/3/7/7/2/5/1/7 3 3,Z,-2,0,BLOCK,Z,0.5311674,0.5652519
7/1/3/7/7/2/5/3/7 3 3,Z,-1.875,2,BLOCK,Z,0.9798937,0.7025757
7/5/3/7/7/2/1/3/7 3 3,X,-2,2,BLOCK,X,1.35527,0.8185293
7/1/3/7/7/2/5/7/6 3 3,Z,-2,2,BLOCK,Z,0.8345386,0.5363337
7/5/3/7/7/2/1/7/6 3 3,X,-2.4,0,BLOCK,X,1.704096,1.065887
7/1/3/7/7/2/5/7/5 3 3,Z,-2,0,BLOCK,Z,0.5798731,0.436428
7/5/3/7/7/2/1/7/5 3 3,X,-2,0,BLOCK,X,1.341823,0.8962085
7/1/3/7/7/2/5/7/3 3 3,Z,-2,0,BLOCK,Z,0.5438915,0.4472758
7/5/3/7/7/2/1/7/3 3 3,X,-1.6,0,BLOCK,X,0.5869252,0.5826194
7/1/3/7/7/2/3/6/7 3 3,Z,-2.125,0,BLOCK,Z,0.5416082,0.3153813
7/5/3/7/7/2/3/4/7 3 3,Z,2,0,BLOCK,Z,0.4310319,0.4952039
7/1/3/7/7/2/3/5/7 3 3,Z,-2,0,BLOCK,Z,0.6379164,0.4667239
7/5/3/7/7/2/3/1/7 3 3,Z,-2,0,BLOCK,Z,0.5401397,0.5302595
7/1/3/7/7/2/3/3/7 3 3,Z,-1.875,0,BLOCK,Z,0.5439859,0.623556
7/1/3/7/7/2/3/7/6 3 3,Z,-2,0,BLOCK,Z,0.6000956,0.4998232
7/1/3/7/7/2/3/7/5 3 3,Z,-2,0,BLOCK,Z,0.5926924,0.5384365
7/1/3/7/7/2/3/7/3 3 3,Z,-2,0,BLOCK,Z,0.6059421,0.4580755
7/1/3/7/7/2/7/2/7 3 3,Z,-2,0,BLOCK,Z,0.7731927,0.5068802
7/1/3/7/7/2/7/6/6 3 3,Z,-2.125,0,BLOCK,Z,0.4583982,0.2623328
7/5/3/7/7/2/7/4/6 3 3,Z,2,0,BLOCK,Z,0.5430074,0.6894414
7/1/3/7/7/2/7/6/5 3 3,Z,-2.125,2,BLOCK,Z,0.8629208,0.4769139
7/5/3/7/7/2/7/4/5 3 3,Z,2,0,BLOCK,Z,0.5211492,0.5456759
7/1/3/7/7/2/7/6/3 3 3,Z,-2.125,0,BLOCK,Z,0.6474232,0.4626305
7/5/3/7/7/2/7/4/3 3 3,Z,2,0,BLOCK,Z,0.4443967,0.541877
7/1/3/7/7/2/7/5/6 3 3,Z,-2,0,BLOCK,Z,0.4516921,0.4764704
7/5/3/7/7/2/7/1/6 3 3,Z,-2,0,BLOCK,Z,0.9871916,0.7037929
7/1/3/7/7/2/7/5/5 3 3,Z,-2,0,BLOCK,Z,0.4756622,0.4164567
7/5/3/7/7/2/7/1/5 3 3,Z,-2,0,BLOCK,Z,0.6353426,0.6052932
7/1/3/7/7/2/7/5/3 3 3,Z,-2,2,BLOCK,Z,0.8100842,0.4709632
7/5/3/7/7/2/7/1/3 3 3,Z,-2,0,BLOCK,Z,0.4928322,0.5844418
7/1/3/7/7/2/7/3/6 3 3,Z,-1.875,2,BLOCK,Z,0.9391655,0.6009497
7/1/3/7/7/2/7/3/5 3 3,Z,-1.875,2,BLOCK,Z,1.043121,0.6116381
7/1/3/7/7/2/7/3/3 3 3,Z,-1.875,0,BLOCK,Z,0.4694023,0.3905959
7/1/3/7/7/2/7/7/4 3 3,Z,-2,0,BLOCK,Z,0.4951147,0.2900189
7/1/3/7/7/2/7/7/2 3 3,Z,-2,2,BLOCK,Z,0.7607076,0.4861777
7/1/3/7/7/2/7/7/1 3 3,Z,-2,2,BLOCK,Z,0.7137055,0.4589712
7/1/3/7/7/6/2/6/7 3 3,Z,-2.25,0,BLOCK,Z,0.414389,0.3574777
7/5/3/7/7/4/2/6/7 3 3,Z,1.6666666666666666666666666666,0,BLOCK,Z,0.7107306,0.6138605
7/5/3/7/7/6/2/4/7 3 3,Z,2,0,BLOCK,Z,1.127031,0.5548643
7/1/3/7/7/6/2/5/7 3 3,Z,-2.125,2,BLOCK,Z,1.008852,0.6530392
7/5/3/7/7/4/2/5/7 3 3,Z,2,0,BLOCK,Z,0.8057449,0.8467433
7/5/3/7/7/6/2/1/7 3 3,Z,-2,0,BLOCK,Z,1.540849,0.9877611
7/1/3/7/7/6/2/3/7 3 3,Z,-2,0,BLOCK,Z,0.7449338,0.6180748
7/5/3/7/7/4/2/3/7 3 3,Z,2.3333333333333333333333333334,0,BLOCK,Z,0.6704397,0.7682353
7/1/3/7/7/6/2/7/6 3 3,Z,-2.125,0,BLOCK,Z,0.6413204,0.6339945
7/5/3/7/7/4/2/7/6 3 3,Z,2,0,BLOCK,Z,0.733178,0.877629
7/1/3/7/7/6/2/7/5 3 3,Z,-2.125,0,BLOCK,Z,0.6658413,0.5261081
7/5/3/7/7/4/2/7/5 3 3,Z,2,0,BLOCK,Z,0.8338949,0.8027543
7/1/3/7/7/6/2/7/3 3 3,Z,-2.125,0,BLOCK,Z,0.5961459,0.5172039
7/5/3/7/7/4/2/7/3 3 3,Z,2,0,BLOCK,Z,0.500634,0.7777373
7/1/3/7/7/6/6/2/7 3 3,Z,-2.125,0,BLOCK,Z,0.3357627,0.3235075
7/5/3/7/7/4/6/2/7 3 3,Z,2,2,BLOCK,Z,1.095375,0.7413642
7/5/3/7/7/6/4/2/7 3 3,X,2,0,BLOCK,X,0.5688133,0.5384144
7/1/3/7/7/6/6/6/6 3 3,Z,-2.25,0,BLOCK,Z,0.6268729,0.4535462
7/5/3/7/7/4/6/6/6 3 3,Z,1.6666666666666666666666666666,2,BLOCK,Z,1.136483,0.6638715
7/5/3/7/7/6/4/6/6 3 3,X,1.5,2,BLOCK,X,1.205396,0.7439197
7/5/3/7/7/6/6/4/6 3 3,Z,2,0,BLOCK,Z,0.3936745,0.6239745
7/1/3/7/7/6/6/6/5 3 3,Z,-2.25,0,BLOCK,Z,0.5014757,0.3419342
7/5/3/7/7/4/6/6/5 3 3,Z,1.6666666666666666666666666666,0,BLOCK,Z,0.515221,0.5602439
7/5/3/7/7/6/4/6/5 3 3,X,2,0,BLOCK,X,0.2633912,0.3315574
7/5/3/7/7/6/6/4/5 3 3,Z,2,2,BLOCK,Z,1.550102,0.9731982
7/1/3/7/7/6/6/6/3 3 3,Z,-2.25,0,BLOCK,Z,0.7043859,0.6010095
7/5/3/7/7/4/6/6/3 3 3,Z,1.6666666666666666666666666666,2,BLOCK,Z,1.200762,0.6790196
7/5/3/7/7/6/4/6/3 3 3,X,2.5,0,BLOCK,X,0.3366915,0.3936622
7/5/3/7/7/6/6/4/3 3 3,Z,2,2,BLOCK,Z,1.64534,1.011548
7/1/3/7/7/6/6/5/6 3 3,Z,-2.125,0,BLOCK,Z,0.3784991,0.5838622
7/5/3/7/7/4/6/5/6 3 3,Z,2,2,BLOCK,Z,1.148043,0.7807857
7/5/3/7/7/6/4/5/6 3 3,X,1.5,0,BLOCK,X,1.007727,0.6914325
7/5/3/7/7/6/6/1/6 3 3,Z,-2,0,BLOCK,Z,0.4767425,0.6658799
7/1/3/7/7/6/6/5/5 3 3,Z,-2.125,2,BLOCK,Z,1.026782,0.6702371
7/5/3/7/7/4/6/5/5 3 3,Z,2,0,BLOCK,Z,0.6171476,0.7661409
7/5/3/7/7/6/4/5/5 3 3,X,2,2,BLOCK,X,1.314341,0.8388916
7/5/3/7/7/6/6/1/5 3 3,Z,-2,0,BLOCK,Z,1.579662,0.9841121
7/1/3/7/7/6/6/5/3 3 3,Z,-2.125,0,BLOCK,Z,0.2544108,0.2127842
7/5/3/7/7/4/6/5/3 3 3,Z,2,0,BLOCK,Z,0.4827238,0.7170694
7/5/3/7/7/6/4/5/3 3 3,X,2.5,2,BLOCK,X,1.628076,0.9997278
7/5/3/7/7/6/6/1/3 3 3,Z,-2,0,BLOCK,Z,1.588225,1.009673
7/1/3/7/7/6/6/3/6 3 3,Z,-2,0,BLOCK,Z,0.7645609,0.4973995
7/5/3/7/7/4/6/3/6 3 3,Z,2.3333333333333333333333333334,0,BLOCK,Z,0.8827158,0.7872583
7/5/3/7/7/6/4/3/6 3 3,X,1.5,0,BLOCK,X,0.1780658,0.2251373
7/1/3/7/7/6/6/3/5 3 3,Z,-2,0,BLOCK,Z,0.5287433,0.4529523
7/5/3/7/7/4/6/3/5 3 3,Z,2.3333333333333333333333333334,0,BLOCK,Z,0.601115,0.7237539
7/5/3/7/7/6/4/3/5 3 3,X,2,0,BLOCK,X,0.2473445,0.1939187
7/1/3/7/7/6/6/3/3 3 3,Z,-2,2,BLOCK,Z,1.06756,0.6878265
7/5/3/7/7/4/6/3/3 3 3,Z,2.3333333333333333333333333334,0,BLOCK,Z,0.5563226,0.7151202
7/5/3/7/7/6/4/3/3 3 3,X,2.5,2,BLOCK,X,1.649202,0.9935372
7/1/3/7/7/6/6/7/4 3 3,Z,-2.125,0,BLOCK,Z,0.3694839,0.4572796
7/5/3/7/7/4/6/7/4 3 3,Z,2,0,BLOCK,Z,0.5402033,0.7951862
7/5/3/7/7/6/4/7/4 3 3,X,1.5,0,BLOCK,X,0.237302,0.1327188
7/1/3/7/7/6/6/7/2 3 3,Z,-2.125,0,BLOCK,Z,0.6502602,0.5705924
7/5/3/7/7/4/6/7/2 3 3,Z,2,0,BLOCK,Z,0.5657763,0.8214204
7/5/3/7/7/6/4/7/2 3 3,X,2,0,BLOCK,X,0.2054659,0.1711933
7/1/3/7/7/6/6/7/1 3 3,Z,-2.125,0,BLOCK,Z,0.508642,0.3784202
7/5/3/7/7/4/6/7/1 3 3,Z,2,0,BLOCK,Z,0.7441381,0.8050386
7/5/3/7/7/6/4/7/1 3 3,X,2.5,0,BLOCK,X,0.7771228,0.4511978
7/1/3/7/7/6/5/2/7 3 3,Z,-2.125,2,BLOCK,Z,0.9613117,0.5190753
7/5/3/7/7/4/5/2/7 3 3,Z,2,0,BLOCK,Z,0.5290861,0.6360719
7/5/3/7/7/6/1/2/7 3 3,X,-2,0,BLOCK,X,0.5265676,0.7199568
7/1/3/7/7/6/5/6/6 3 3,Z,-2.25,0,BLOCK,Z,0.7259523,0.4364984
7/5/3/7/7/4/5/6/6 3 3,Z,1.6666666666666666666666666666,0,BLOCK,Z,0.6067963,0.6669283
7/5/3/7/7/6/1/6/6 3 3,X,-2.5,0,BLOCK,X,0.7163126,0.8205552
7/5/3/7/7/6/5/4/6 3 3,Z,2,0,BLOCK,Z,0.254118,0.432341
7/1/3/7/7/6/5/6/5 3 3,Z,-2.25,0,BLOCK,Z,0.6247128,0.4241206
7/5/3/7/7/4/5/6/5 3 3,Z,1.6666666666666666666666666666,0,BLOCK,Z,0.553522,0.6533256
7/5/3/7/7/6/1/6/5 3 3,X,-2,0,BLOCK,X,0.3276011,0.559204
7/5/3/7/7/6/5/4/5 3 3,Z,2,0,BLOCK,Z,0.3463736,0.5001103
7/1/3/7/7/6/5/6/3 3 3,Z,-2.25,0,BLOCK,Z,0.6546511,0.4077993
7/5/3/7/7/4/5/6/3 3 3,Z,1.6666666666666666666666666666,0,BLOCK,Z,0.4902633,0.687582
7/5/3/7/7/6/1/6/3 3 3,X,-1.5,0,BLOCK,X,0.3442981,0.5212362
7/5/3/7/7/6/5/4/3 3 3,Z,2,0,BLOCK,Z,1.572567,1.010368
7/1/3/7/7/6/5/5/6 3 3,Z,-2.125,2,BLOCK,Z,0.9706512,0.5874983
7/5/3/7/7/4/5/5/6 3 3,Z,2,0,BLOCK,Z,0.7131519,0.849635
7/5/3/7/7/6/1/5/6 3 3,X,-2.5,2,BLOCK,X,1.614513,0.9817142
7/5/3/7/7/6/5/1/6 3 3,Z,-2,0,BLOCK,Z,0.6886003,0.7542602
7/1/3/7/7/6/5/5/5 3 3,Z,-2.125,2,BLOCK,Z,0.8965157,0.5501046
7/5/3/7/7/4/5/5/5 3 3,Z,2,2,BLOCK,Z,1.136288,0.7194489
7/5/3/7/7/6/1/5/5 3 3,X,-2,0,BLOCK,X,0.4076921,0.5261092
7/5/3/7/7/6/5/1/5 3 3,Z,-2,0,BLOCK,Z,0.5707766,0.6407136
7/1/3/7/7/6/5/5/3 3 3,Z,-2.125,2,BLOCK,Z,0.948064,0.6509213
7/5/3/7/7/4/5/5/3 3 3,Z,2,0,BLOCK,Z,0.5859556,0.7322121
7/5/3/7/7/6/1/5/3 3 3,X,-1.5,0,BLOCK,X,0.2348735,0.442662
7/5/3/7/7/6/5/1/3 3 3,Z,-2,0,BLOCK,Z,1.421473,1.002391
7/1/3/7/7/6/5/3/6 3 3,Z,-2,0,BLOCK,Z,0.5914513,0.4402126
7/5/3/7/7/4/5/3/6 3 3,Z,2.3333333333333333333333333334,0,BLOCK,Z,0.3769514,0.6671991
7/5/3/7/7/6/1/3/6 3 3,X,-2.5,0,BLOCK,X,0.7885484,0.8719971
7/1/3/7/7/6/5/3/5 3 3,Z,-2,0,BLOCK,Z,0.5933984,0.4916836
7/5/3/7/7/4/5/3/5 3 3,Z,2.3333333333333333333333333334,0,BLOCK,Z,0.4795409,0.758014
7/5/3/7/7/6/1/3/5 3 3,X,-2,0,BLOCK,X,0.3860958,0.5263884
7/1/3/7/7/6/5/3/3 3 3,Z,-2,0,BLOCK,Z,0.297285,0.4112741
7/5/3/7/7/4/5/3/3 3 3,Z,2.3333333333333333333333333334,2,BLOCK,Z,1.388061,0.8818909
7/5/3/7/7/6/1/3/3 3 3,X,-1.5,0,BLOCK,X,0.2656502,0.4512415
7/1/3/7/7/6/5/7/4 3 3,Z,-2.125,0,BLOCK,Z,0.7135544,0.5366006
7/5/3/7/7/4/5/7/4 3 3,Z,2,0,BLOCK,Z,0.7869485,0.7568771
7/5/3/7/7/6/1/7/4 3 3,X,-2.5,0,BLOCK,X,1.723174,1.113549
7/1/3/7/7/6/5/7/2 3 3,Z,-2.125,0,BLOCK,Z,0.7738503,0.5687128
7/5/3/7/7/4/5/7/2 3 3,Z,2,0,BLOCK,Z,0.7266527,0.8611253
7/5/3/7/7/6/1/7/2 3 3,X,-2,0,BLOCK,X,0.1584737,0.464413
7/1/3/7/7/6/5/7/1 3 3,Z,-2.125,0,BLOCK,Z,0.7833822,0.6171205
7/5/3/7/7/4/5/7/1 3 3,Z,2,0,BLOCK,Z,0.7255992,0.8090969
7/5/3/7/7/6/1/7/1 3 3,X,-1.5,0,BLOCK,X,0.1389859,0.2361547
7/1/3/7/7/6/3/2/7 3 3,Z,-2.125,0,BLOCK,Z,0.8580678,0.7044017
7/5/3/7/7/4/3/2/7 3 3,Z,2,2,BLOCK,Z,1.191987,0.7427509
7/1/3/7/7/6/3/6/6 3 3,Z,-2.25,0,BLOCK,Z,0.6813437,0.5117375
7/5/3/7/7/4/3/6/6 3 3,Z,1.6666666666666666666666666666,2,BLOCK,Z,1.064367,0.6685202
7/5/3/7/7/6/3/4/6 3 3,Z,2,0,BLOCK,Z,0.1905803,0.372057
7/1/3/7/7/6/3/6/5 3 3,Z,-2.25,2,BLOCK,Z,0.8099783,0.4753227
7/5/3/7/7/4/3/6/5 3 3,Z,1.6666666666666666666666666666,0,BLOCK,Z,0.6458004,0.660983
7/5/3/7/7/6/3/4/5 3 3,Z,2,0,BLOCK,Z,1.703577,1.138879
7/1/3/7/7/6/3/6/3 3 3,Z,-2.25,0,BLOCK,Z,0.5251037,0.3890324
7/5/3/7/7/4/3/6/3 3 3,Z,1.6666666666666666666666666666,0,BLOCK,Z,0.5785706,0.7564964
7/5/3/7/7/6/3/4/3 3 3,Z,2,0,BLOCK,Z,0.4143543,0.5182518
7/1/3/7/7/6/3/5/6 3 3,Z,-2.125,0,BLOCK,Z,0.4520478,0.6298972
7/5/3/7/7/4/3/5/6 3 3,Z,2,0,BLOCK,Z,0.5920729,0.771768
7/5/3/7/7/6/3/1/6 3 3,Z,-2,0,BLOCK,Z,1.09081,0.6290954
7/1/3/7/7/6/3/5/5 3 3,Z,-2.125,2,BLOCK,Z,0.9101512,0.6273075
7/5/3/7/7/4/3/5/5 3 3,Z,2,0,BLOCK,Z,0.6168589,0.8084487
7/5/3/7/7/6/3/1/5 3 3,Z,-2,0,BLOCK,Z,1.605023,0.9896119
7/1/3/7/7/6/3/5/3 3 3,Z,-2.125,0,BLOCK,Z,0.6658152,0.4748603
7/5/3/7/7/4/3/5/3 3 3,Z,2,0,BLOCK,Z,0.4918274,0.7517989
7/5/3/7/7/6/3/1/3 3 3,Z,-2,0,BLOCK,Z,0.5313446,0.5989081
7/1/3/7/7/6/3/3/6 3 3,Z,-2,0,BLOCK,Z,0.5460206,0.5245697
7/5/3/7/7/4/3/3/6 3 3,Z,2.3333333333333333333333333334,0,BLOCK,Z,0.4143544,0.456481
7/1/3/7/7/6/3/3/5 3 3,Z,-2,2,BLOCK,Z,1.035937,0.5622341
7/5/3/7/7/4/3/3/5 3 3,Z,2.3333333333333333333333333334,0,BLOCK,Z,0.4590073,0.7892014
7/1/3/7/7/6/3/3/3 3 3,Z,-2,0,BLOCK,Z,0.5286112,0.5596291
7/5/3/7/7/4/3/3/3 3 3,Z,2.3333333333333333333333333334,0,BLOCK,Z,0.4196858,0.7092036
7/1/3/7/7/6/3/7/4 3 3,Z,-2.125,0,BLOCK,Z,0.370662,0.3609753
7/5/3/7/7/4/3/7/4 3 3,Z,2,0,BLOCK,Z,0.5592353,0.714148
7/1/3/7/7/6/3/7/2 3 3,Z,-2.125,0,BLOCK,Z,0.83003,0.6241596
7/5/3/7/7/4/3/7/2 3 3,Z,2,0,BLOCK,Z,0.5432481,0.7392162
7/1/3/7/7/6/3/7/1 3 3,Z,-2.125,2,BLOCK,Z,0.9636633,0.6100059
7/5/3/7/7/4/3/7/1 3 3,Z,2,0,BLOCK,Z,0.572819,0.7756823
7/1/3/7/7/6/7/2/6 3 3,Z,-2.125,2,BLOCK,Z,0.9858261,0.5788459
7/5/3/7/7/4/7/2/6 3 3,Z,2,0,BLOCK,Z,0.4773819,0.5883153
7/1/3/7/7/6/7/2/5 3 3,Z,-2.125,0,BLOCK,Z,0.8112016,0.5705632
7/5/3/7/7/4/7/2/5 3 3,Z,2,0,BLOCK,Z,0.3743171,0.5592641
7/1/3/7/7/6/7/2/3 3 3,Z,-2.125,2,BLOCK,Z,0.9692276,0.5871515
7/5/3/7/7/4/7/2/3 3 3,Z,2,0,BLOCK,Z,0.2922229,0.4635097
7/1/3/7/7/6/7/6/4 3 3,Z,-2.25,0,BLOCK,Z,0.4381307,0.5102664
7/5/3/7/7/4/7/6/4 3 3,Z,1.6666666666666666666666666668,0,BLOCK,Z,1.168291,0.6997377
7/5/3/7/7/6/7/4/4 3 3,Z,2,2,BLOCK,Z,1.588776,1.039526
7/1/3/7/7/6/7/6/2 3 3,Z,-2.25,0,BLOCK,Z,0.6195601,0.3908606
7/5/3/7/7/4/7/6/2 3 3,Z,1.6666666666666666666666666668,0,BLOCK,Z,0.3099872,0.4287679
7/5/3/7/7/6/7/4/2 3 3,Z,2,0,BLOCK,Z,0.2633331,0.3927593
7/1/3/7/7/6/7/6/1 3 3,Z,-2.25,0,BLOCK,Z,0.3769685,0.4648905
7/5/3/7/7/4/7/6/1 3 3,Z,1.6666666666666666666666666668,0,BLOCK,Z,0.3368861,0.6438408
7/5/3/7/7/6/7/4/1 3 3,Z,2,0,BLOCK,Z,0.2821605,0.4196814
7/1/3/7/7/6/7/5/4 3 3,Z,-2.125,2,BLOCK,Z,0.9762911,0.5493388
7/5/3/7/7/4/7/5/4 3 3,Z,2,0,BLOCK,Z,0.6426597,0.7782592
7/5/3/7/7/6/7/1/4 3 3,Z,-2,2,BLOCK,Z,1.594411,1.03836
7/1/3/7/7/6/7/5/2 3 3,Z,-2.125,0,BLOCK,Z,0.7886196,0.421959
7/5/3/7/7/4/7/5/2 3 3,Z,2,0,BLOCK,Z,0.6208073,0.7808273
7/5/3/7/7/6/7/1/2 3 3,Z,-2,0,BLOCK,Z,0.2143888,0.2898985
7/1/3/7/7/6/7/5/1 3 3,Z,-2.125,2,BLOCK,Z,0.9874124,0.5893108
7/5/3/7/7/4/7/5/1 3 3,Z,2,0,BLOCK,Z,0.5539796,0.7380448
7/5/3/7/7/6/7/1/1 3 3,Z,-2,0,BLOCK,Z,0.1406051,0.2411347
7/1/3/7/7/6/7/3/4 3 3,Z,-2,0,BLOCK,Z,0.562782,0.4073493
7/5/3/7/7/4/7/3/4 3 3,Z,2.3333333333333333333333333332,0,BLOCK,Z,0.397951,0.6552953
7/1/3/7/7/6/7/3/2 3 3,Z,-2,0,BLOCK,Z,0.3335567,0.3601092
7/5/3/7/7/4/7/3/2 3 3,Z,2.3333333333333333333333333332,0,BLOCK,Z,0.5262011,0.7432485
7/1/3/7/7/6/7/3/1 3 3,Z,-2,0,BLOCK,Z,0.3815554,0.4462042
7/5/3/7/7/4/7/3/1 3 3,Z,2.3333333333333333333333333332,0,BLOCK,Z,0.4913781,0.7514495
7/1/3/7/7/5/2/6/7 3 3,Z,-2.125,0,BLOCK,Z,0.6610453,0.2789825
7/5/3/7/7/1/2/6/7 3 3,Z,-2.3333333333333333333333333334,0,BLOCK,Z,1.391785,0.8462314
7/5/3/7/7/5/2/4/7 3 3,Z,2,0,BLOCK,Z,1.667151,1.132852
7/1/3/7/7/5/2/5/7 3 3,Z,-2,0,BLOCK,Z,0.6274411,0.3782682
7/5/3/7/7/1/2/5/7 3 3,Z,-2,2,BLOCK,Z,1.030229,0.8525808
7/5/3/7/7/5/2/1/7 3 3,Z,-2,0,BLOCK,Z,1.726679,1.125596
7/1/3/7/7/5/2/3/7 3 3,Z,-1.875,0,BLOCK,Z,0.5115861,0.3626121
7/5/3/7/7/1/2/3/7 3 3,Z,-1.6666666666666666666666666666,0,BLOCK,Z,0.677909,0.6393196
7/1/3/7/7/5/2/7/6 3 3,Z,-2,2,BLOCK,Z,0.8500907,0.3909382
7/5/3/7/7/1/2/7/6 3 3,Z,-2,0,BLOCK,Z,1.225675,0.7748327
7/1/3/7/7/5/2/7/5 3 3,Z,-2,2,BLOCK,Z,0.7623791,0.3580168
7/5/3/7/7/1/2/7/5 3 3,Z,-2,0,BLOCK,Z,0.901237,0.9110947
7/1/3/7/7/5/2/7/3 3 3,Z,-2,0,BLOCK,Z,0.608165,0.3323614
7/5/3/7/7/1/2/7/3 3 3,Z,-2,0,BLOCK,Z,0.5229725,0.9553182
7/1/3/7/7/5/6/2/7 3 3,Z,-2,2,BLOCK,Z,0.8643106,0.3566869
7/5/3/7/7/1/6/2/7 3 3,Z,-2,0,BLOCK,Z,0.1975719,0.2547603
7/5/3/7/7/5/4/2/7 3 3,X,2,0,BLOCK,X,1.413264,0.8675669
7/1/3/7/7/5/6/6/6 3 3,Z,-2.125,2,BLOCK,Z,0.9545277,0.3896657
7/5/3/3/7/5/6/6/6 3 3,X,-0.6538461538461538461538461538,302,TIMEOUT,Z,0.005931613,0.004373829
7/5/3/7/7/1/6/6/6 3 3,Z,-2.3333333333333333333333333334,0,BLOCK,Z,0.5284256,0.686845
7/5/3/7/7/5/4/6/6 3 3,X,1.5,0,BLOCK,X,1.266123,0.8165497
7/5/3/7/7/5/6/4/6 3 3,Z,2,0,BLOCK,Z,0.2417492,0.5312263
7/1/3/7/7/5/6/6/5 3 3,Z,-2.125,0,BLOCK,Z,0.6566253,0.4781979
7/5/3/7/7/1/6/6/5 3 3,Z,-2.3333333333333333333333333334,0,BLOCK,Z,0.4159756,0.6862913
7/5/3/7/7/5/4/6/5 3 3,X,2,0,BLOCK,X,0.4734766,0.3924651
7/5/3/7/7/5/6/4/5 3 3,Z,2,0,BLOCK,Z,1.735389,1.048282
7/1/3/7/7/5/6/6/3 3 3,Z,-2.125,0,BLOCK,Z,0.5379986,0.3809281
7/5/3/7/7/1/6/6/3 3 3,Z,-2.3333333333333333333333333334,2,BLOCK,Z,1.44588,0.9382877
7/5/3/7/7/5/4/6/3 3 3,X,2.5,0,BLOCK,X,0.3672913,0.4820285
7/5/3/7/7/5/6/4/3 3 3,Z,2,2,BLOCK,Z,1.615222,1.010031
7/1/3/7/7/5/6/5/6 3 3,Z,-2,2,BLOCK,Z,0.7482289,0.401034
7/5/3/7/7/1/6/5/6 3 3,Z,-2,2,BLOCK,Z,1.149581,0.7223868
7/5/3/7/7/5/4/5/6 3 3,X,1.5,0,BLOCK,X,0.2538149,0.2709701
7/5/3/7/7/5/6/1/6 3 3,Z,-2,2,BLOCK,Z,1.624868,1.044681
7/1/3/7/7/5/6/5/5 3 3,Z,-2,0,BLOCK,Z,0.5598272,0.3590952
7/5/3/7/7/1/6/5/5 3 3,Z,-2,0,BLOCK,Z,1.222581,0.7472344
7/5/3/7/7/5/4/5/5 3 3,X,2,0,BLOCK,X,0.4954493,0.4398713
7/5/3/7/7/5/6/1/5 3 3,Z,-2,0,BLOCK,Z,0.1620545,0.3391194
7/1/3/7/7/5/6/5/3 3 3,Z,-2,0,BLOCK,Z,0.6021565,0.4217981
7/5/3/7/7/1/6/5/3 3 3,Z,-2,2,BLOCK,Z,1.057936,0.7437865
7/5/3/7/7/5/4/5/3 3 3,X,2.5,0,BLOCK,X,0.4565175,0.6200959
7/5/3/7/7/5/6/1/3 3 3,Z,-2,0,BLOCK,Z,0.1245744,0.1962109
7/1/3/7/7/5/6/3/6 3 3,Z,-1.875,0,BLOCK,Z,0.5928842,0.4072406
7/5/3/7/7/1/6/3/6 3 3,Z,-1.6666666666666666666666666666,0,BLOCK,Z,0.5056522,0.7097585
7/5/3/7/7/5/4/3/6 3 3,X,1.5,0,BLOCK,X,0.2802078,0.2747391
7/1/3/7/7/5/6/3/5 3 3,Z,-1.875,2,BLOCK,Z,0.7626528,0.4110136
7/5/3/7/7/1/6/3/5 3 3,Z,-1.6666666666666666666666666666,0,BLOCK,Z,1.189901,0.619199
7/5/3/7/7/5/4/3/5 3 3,X,2,0,BLOCK,X,0.3064587,0.3325749
7/1/3/7/7/5/6/3/3 3 3,Z,-1.875,0,BLOCK,Z,0.694071,0.4453972
7/5/3/7/7/1/6/3/3 3 3,Z,-1.6666666666666666666666666666,0,BLOCK,Z,0.5521215,0.7045403
7/5/3/7/7/5/4/3/3 3 3,X,2.5,0,BLOCK,X,0.4522122,0.6143094
7/1/3/7/7/5/6/7/4 3 3,Z,-2,2,BLOCK,Z,0.7924787,0.521998
7/5/3/7/7/1/6/7/4 3 3,Z,-2,2,BLOCK,Z,1.256573,0.8953397
7/5/3/7/7/5/4/7/4 3 3,X,1.5,0,BLOCK,X,0.1418215,0.2131567
7/1/3/7/7/5/6/7/2 3 3,Z,-2,0,BLOCK,Z,0.5189087,0.490025
7/5/3/7/7/1/6/7/2 3 3,Z,-2,0,BLOCK,Z,0.6520008,0.8129901
7/5/3/7/7/5/4/7/2 3 3,X,2,2,BLOCK,X,1.654405,1.037259
7/1/3/7/7/5/6/7/1 3 3,Z,-2,0,BLOCK,Z,0.7583944,0.4296067
7/5/3/7/7/1/6/7/1 3 3,Z,-2,0,BLOCK,Z,0.4097555,0.7263636
7/5/3/7/7/5/4/7/1 3 3,X,2.5,2,BLOCK,X,1.685944,1.010594
7/1/3/7/7/5/5/2/7 3 3,Z,-2,2,BLOCK,Z,0.7525756,0.4975601
7/5/3/7/7/1/5/2/7 3 3,Z,-2,0,BLOCK,Z,1.196114,0.7549645
7/5/3/7/7/5/1/2/7 3 3,X,-2,0,BLOCK,X,1.472435,0.8823757
7/1/3/7/7/5/5/6/6 3 3,Z,-2.125,0,BLOCK,Z,0.6151596,0.3836932
7/5/3/7/7/1/5/6/6 3 3,Z,-2.3333333333333333333333333334,2,BLOCK,Z,1.353023,0.8483105
7/5/3/7/7/5/1/6/6 3 3,X,-2.5,0,BLOCK,X,0.8310729,0.9025324
7/5/3/7/7/5/5/4/6 3 3,Z,2,0,BLOCK,Z,0.2296347,0.4168231
7/1/3/7/7/5/5/6/5 3 3,Z,-2.125,2,BLOCK,Z,0.8822882,0.4353003
7/5/3/7/7/1/5/6/5 3 3,Z,-2.3333333333333333333333333334,2,BLOCK,Z,1.410418,0.8327366
7/5/3/7/7/5/1/6/5 3 3,X,-2,0,BLOCK,X,1.271634,0.8172383
7/5/3/7/7/5/5/4/5 3 3,Z,2,0,BLOCK,Z,0.1354158,0.309691
7/1/3/7/7/5/5/6/3 3 3,Z,-2.125,0,BLOCK,Z,0.3812914,0.2795643
7/5/3/7/7/1/5/6/3 3 3,Z,-2.3333333333333333333333333334,0,BLOCK,Z,0.3649072,0.6479336
7/5/3/7/7/5/1/6/3 3 3,X,-1.5,2,BLOCK,X,1.258123,0.7430282
7/5/3/7/7/5/5/4/3 3 3,Z,2,0,BLOCK,Z,1.671865,1.034269
7/1/3/7/7/5/5/5/6 3 3,Z,-2,2,BLOCK,Z,0.8312667,0.4113719
7/5/3/7/7/1/5/5/6 3 3,Z,-2,0,BLOCK,Z,0.9495988,0.6551499
7/5/3/7/7/5/1/5/6 3 3,X,-2.5,0,BLOCK,X,0.5821208,0.8755714
7/5/3/7/7/5/5/1/6 3 3,Z,-2,0,BLOCK,Z,0.3807119,0.5308042
7/1/3/7/7/5/5/5/5 3 3,Z,-2,2,BLOCK,Z,0.7807055,0.5169766
7/5/3/7/7/1/5/5/5 3 3,Z,-2,0,BLOCK,Z,0.6715689,0.8095452
7/5/3/7/7/5/1/5/5 3 3,X,-2,0,BLOCK,X,0.7192731,0.6931562
7/5/3/7/7/5/5/1/5 3 3,Z,-2,0,BLOCK,Z,0.1011158,0.3186555
7/1/3/7/7/5/5/5/3 3 3,Z,-2,2,BLOCK,Z,0.8137714,0.4396535
7/5/3/7/7/1/5/5/3 3 3,Z,-2,0,BLOCK,Z,0.5092509,0.7526411
7/5/3/7/7/5/1/5/3 3 3,X,-1.5,2,BLOCK,X,1.276614,0.733716
7/5/3/7/7/5/5/1/3 3 3,Z,-2,0,BLOCK,Z,1.740434,1.046228
7/1/3/7/7/5/5/3/6 3 3,Z,-1.875,2,BLOCK,Z,0.7648302,0.4359365
7/5/3/7/7/1/5/3/6 3 3,Z,-1.6666666666666666666666666666,0,BLOCK,Z,0.5986474,0.7551996
7/5/3/7/7/5/1/3/6 3 3,X,-2.5,0,BLOCK,X,0.5101911,0.7427505
7/1/3/7/7/5/5/3/5 3 3,Z,-1.875,0,BLOCK,Z,0.6678042,0.3481636
7/5/3/7/7/1/5/3/5 3 3,Z,-1.6666666666666666666666666666,0,BLOCK,Z,0.4135356,0.6235425
7/5/3/7/7/5/1/3/5 3 3,X,-2,2,BLOCK,X,1.394378,0.8248395
7/1/3/7/7/5/5/3/3 3 3,Z,-1.875,0,BLOCK,Z,0.6238236,0.3704834
7/5/3/7/7/1/5/3/3 3 3,Z,-1.6666666666666666666666666666,2,BLOCK,Z,1.085987,0.6755648
7/5/3/7/7/5/1/3/3 3 3,X,-1.5,0,BLOCK,X,0.1855163,0.3991806
7/1/3/7/7/5/5/7/4 3 3,Z,-2,0,BLOCK,Z,0.5945739,0.3472506
7/5/3/7/7/1/5/7/4 3 3,Z,-2,2,BLOCK,Z,1.264325,0.7569371
7/5/3/7/7/5/1/7/4 3 3,X,-2.5,0,BLOCK,X,0.5158771,0.7530805
7/1/3/7/7/5/5/7/2 3 3,Z,-2,2,BLOCK,Z,0.8742626,0.4785177
7/5/3/7/7/1/5/7/2 3 3,Z,-2,2,BLOCK,Z,1.259458,0.7675222
7/5/3/7/7/5/1/7/2 3 3,X,-2,0,BLOCK,X,0.6619819,0.631785
7/1/3/7/7/5/5/7/1 3 3,Z,-2,0,BLOCK,Z,0.3930789,0.4423486
7/5/3/7/7/1/5/7/1 3 3,Z,-2,0,BLOCK,Z,0.5028882,0.8038262
7/5/3/7/7/5/1/7/1 3 3,X,-1.5,2,BLOCK,X,1.188429,0.6847848
7/1/3/7/7/5/3/2/7 3 3,Z,-2,0,BLOCK,Z,0.5135142,0.3926468
7/5/3/7/7/1/3/2/7 3 3,Z,-2,2,BLOCK,Z,1.122522,0.7242753
7/1/3/7/7/5/3/6/6 3 3,Z,-2.125,0,BLOCK,Z,0.5038438,0.3142974
7/5/3/7/7/1/3/6/6 3 3,Z,-2.3333333333333333333333333334,0,BLOCK,Z,0.4677289,0.7224013
7/5/3/7/7/5/3/4/6 3 3,Z,2,0,BLOCK,Z,1.059082,0.677917
7/1/3/7/7/5/3/6/5 3 3,Z,-2.125,0,BLOCK,Z,0.665122,0.4097982
7/5/3/7/7/1/3/6/5 3 3,Z,-2.3333333333333333333333333334,0,BLOCK,Z,0.4134583,0.7558349
7/5/3/7/7/5/3/4/5 3 3,Z,2,0,BLOCK,Z,1.713246,1.100879
7/1/3/7/7/5/3/6/3 3 3,Z,-2.125,0,BLOCK,Z,0.4951281,0.3371514
7/5/3/7/7/1/3/6/3 3 3,Z,-2.3333333333333333333333333334,0,BLOCK,Z,0.4250077,0.6562802
7/5/3/7/7/5/3/4/3 3 3,Z,2,2,BLOCK,Z,1.62286,1.014418
7/1/3/7/7/5/3/5/6 3 3,Z,-2,2,BLOCK,Z,0.8127314,0.4567056
7/5/3/7/7/1/3/5/6 3 3,Z,-2,0,BLOCK,Z,0.4309619,0.7243769
7/5/3/7/7/5/3/1/6 3 3,Z,-2,0,BLOCK,Z,1.750277,1.087565
7/1/3/7/7/5/3/5/5 3 3,Z,-2,0,BLOCK,Z,0.4088131,0.292615
7/5/3/7/7/1/3/5/5 3 3,Z,-2,0,BLOCK,Z,0.4708984,0.7430418
7/5/3/7/7/5/3/1/5 3 3,Z,-2,0,BLOCK,Z,0.05710979,0.1975157
7/1/3/7/7/5/3/5/3 3 3,Z,-2,0,BLOCK,Z,0.4798066,0.2170805
7/5/3/7/7/1/3/5/3 3 3,Z,-2,0,BLOCK,Z,0.5537698,0.7808433
7/5/3/7/7/5/3/1/3 3 3,Z,-2,0,BLOCK,Z,0.1333988,0.2682611
7/1/3/7/7/5/3/3/6 3 3,Z,-1.875,0,BLOCK,Z,0.6535883,0.3281385
7/5/3/7/7/1/3/3/6 3 3,Z,-1.6666666666666666666666666666,0,BLOCK,Z,0.2423458,0.5088642
7/1/3/7/7/5/3/3/5 3 3,Z,-1.875,2,BLOCK,Z,0.7873436,0.4746298
7/5/3/7/7/1/3/3/5 3 3,Z,-1.6666666666666666666666666666,0,BLOCK,Z,0.474033,0.6312738
7/1/3/7/7/5/3/3/3 3 3,Z,-1.875,0,BLOCK,Z,0.6068707,0.4199093
7/5/3/7/7/1/3/3/3 3 3,Z,-1.6666666666666666666666666666,0,BLOCK,Z,0.3480293,0.6604925
7/1/3/7/7/5/3/7/4 3 3,Z,-2,0,BLOCK,Z,0.4491324,0.4016306
7/5/3/7/7/1/3/7/4 3 3,Z,-2,0,BLOCK,Z,0.4414521,0.7128136
7/1/3/7/7/5/3/7/2 3 3,Z,-2,0,BLOCK,Z,0.4336462,0.5158238
7/5/3/7/7/1/3/7/2 3 3,Z,-2,2,BLOCK,Z,1.260416,0.788657
7/1/3/7/7/5/3/7/1 3 3,Z,-2,0,BLOCK,Z,0.7063137,0.386168
7/5/3/7/7/1/3/7/1 3 3,Z,-2,0,BLOCK,Z,0.5105222,0.8144035
7/1/3/7/7/5/7/2/6 3 3,Z,-2,0,BLOCK,Z,0.399131,0.2601276
7/5/3/7/7/1/7/2/6 3 3,Z,-2,0,BLOCK,Z,0.513779,0.6734878
7/1/3/7/7/5/7/2/5 3 3,Z,-2,2,BLOCK,Z,0.8494423,0.4806818
7/5/3/7/7/1/7/2/5 3 3,Z,-2,0,BLOCK,Z,0.4327684,0.5931665
7/1/3/7/7/5/7/2/3 3 3,Z,-2,0,BLOCK,Z,0.4616674,0.3937722
7/5/3/7/7/1/7/2/3 3 3,Z,-2,0,BLOCK,Z,0.4610341,0.5541738
7/1/3/7/7/5/7/6/4 3 3,Z,-2.125,2,BLOCK,Z,0.8583986,0.5176623
7/5/3/7/7/1/7/6/4 3 3,Z,-2.3333333333333333333333333332,2,BLOCK,Z,1.47762,0.8963379
7/5/3/7/7/5/7/4/4 3 3,Z,2,0,BLOCK,Z,0.3275752,0.5359137
7/1/3/7/7/5/7/6/2 3 3,Z,-2.125,0,BLOCK,Z,0.7058412,0.5242462
7/5/3/7/7/1/7/6/2 3 3,Z,-2.3333333333333333333333333332,0,BLOCK,Z,0.5723269,0.7595199
7/5/3/7/7/5/7/4/2 3 3,Z,2,0,BLOCK,Z,0.148314,0.2768421
7/1/3/7/7/5/7/6/1 3 3,Z,-2.125,0,BLOCK,Z,0.5914665,0.4296457
7/5/3/7/7/1/7/6/1 3 3,Z,-2.3333333333333333333333333332,0,BLOCK,Z,0.3079753,0.608162
7/5/3/7/7/5/7/4/1 3 3,Z,2,0,BLOCK,Z,0.109497,0.2166916
7/1/3/7/7/5/7/5/4 3 3,Z,-2,2,BLOCK,Z,0.8676417,0.5192412
7/5/3/7/7/1/7/5/4 3 3,Z,-2,0,BLOCK,Z,1.271944,0.7994925
7/5/3/7/7/5/7/1/4 3 3,Z,-2,0,BLOCK,Z,0.4321261,0.6129009
7/1/3/7/7/5/7/5/2 3 3,Z,-2,2,BLOCK,Z,0.7770414,0.4948682
7/5/3/7/7/1/7/5/2 3 3,Z,-2,0,BLOCK,Z,0.7122507,0.8055395
7/5/3/7/7/5/7/1/2 3 3,Z,-2,0,BLOCK,Z,0.1458136,0.2608384
7/1/3/7/7/5/7/5/1 3 3,Z,-2,0,BLOCK,Z,0.3947374,0.3752765
7/5/3/7/7/1/7/5/1 3 3,Z,-2,0,BLOCK,Z,0.5222111,0.719106
7/5/3/7/7/5/7/1/1 3 3,Z,-2,2,BLOCK,Z,1.631959,0.9863735
7/1/3/7/7/5/7/3/4 3 3,Z,-1.875,2,BLOCK,Z,0.8472628,0.575929
7/5/3/7/7/1/7/3/4 3 3,Z,-1.6666666666666666666666666668,0,BLOCK,Z,0.6549857,0.7641177
7/1/3/7/7/5/7/3/2 3 3,Z,-1.875,0,BLOCK,Z,0.4735728,0.3126431
7/5/3/7/7/1/7/3/2 3 3,Z,-1.6666666666666666666666666668,0,BLOCK,Z,0.3707275,0.6474113
7/1/3/7/7/5/7/3/1 3 3,Z,-1.875,0,BLOCK,Z,0.5451844,0.4388411
7/5/3/7/7/1/7/3/1 3 3,Z,-1.6666666666666666666666666668,0,BLOCK,Z,0.4256286,0.5973414
7/1/3/7/7/3/2/6/7 3 3,Z,-2,0,BLOCK,Z,0.4879081,0.3757101
7/5/3/7/7/3/2/4/7 3 3,Z,2,0,BLOCK,Z,1.58958,0.9643217
7/1/3/7/7/3/2/5/7 3 3,Z,-1.875,0,BLOCK,Z,0.6009453,0.3763093
7/5/3/7/7/3/2/1/7 3 3,Z,-2,0,BLOCK,Z,0.5342012,0.6415519
7/1/3/7/7/3/2/3/7 3 3,Z,-1.75,0,BLOCK,Z,0.5558031,0.3720308
7/1/3/7/7/3/2/7/6 3 3,Z,-1.875,0,BLOCK,Z,0.9221581,0.2996335
7/1/3/7/7/3/2/7/5 3 3,Z,-1.875,0,BLOCK,Z,0.6688578,0.2796542
7/1/3/7/7/3/2/7/3 3 3,Z,-1.875,2,BLOCK,Z,0.8374863,0.4175382
7/1/3/7/7/3/6/2/7 3 3,Z,-1.875,2,BLOCK,Z,0.8465769,0.3800039
7/5/3/7/7/3/4/2/7 3 3,X,2,0,BLOCK,X,0.6383588,0.5888684
7/1/3/7/7/3/6/6/6 3 3,Z,-2,2,BLOCK,Z,0.7657192,0.4896978
7/5/3/7/7/3/4/6/6 3 3,X,1.5,2,BLOCK,X,1.215966,0.7774203
7/5/3/7/7/3/6/4/6 3 3,Z,2,0,BLOCK,Z,0.5222,0.5770166
7/1/3/7/7/3/6/6/5 3 3,Z,-2,0,BLOCK,Z,0.5551339,0.381636
7/5/3/7/7/3/4/6/5 3 3,X,2,0,BLOCK,X,0.3205966,0.246682
7/5/3/7/7/3/6/4/5 3 3,Z,2,0,BLOCK,Z,0.4714369,0.6343187
7/1/3/7/7/3/6/6/3 3 3,Z,-2,0,BLOCK,Z,0.6834838,0.3657272
7/5/3/7/7/3/4/6/3 3 3,X,2.5,0,BLOCK,X,0.6610401,0.6302904
7/5/3/7/7/3/6/4/3 3 3,Z,2,0,BLOCK,Z,1.582794,0.9848789
7/1/3/7/7/3/6/5/6 3 3,Z,-1.875,2,BLOCK,Z,0.8165073,0.4475875
7/5/3/7/7/3/4/5/6 3 3,X,1.5,0,BLOCK,X,0.2896503,0.2314349
7/5/3/7/7/3/6/1/6 3 3,Z,-2,0,BLOCK,Z,0.2619018,0.4216672
7/1/3/7/7/3/6/5/5 3 3,Z,-1.875,0,BLOCK,Z,0.5698325,0.393063
7/5/3/7/7/3/4/5/5 3 3,X,2,0,BLOCK,X,0.5450321,0.4369044
7/5/3/7/7/3/6/1/5 3 3,Z,-2,0,BLOCK,Z,0.9471359,0.4977657
7/1/3/7/7/3/6/5/3 3 3,Z,-1.875,0,BLOCK,Z,0.5143883,0.3438334
7/5/3/7/7/3/4/5/3 3 3,X,2.5,0,BLOCK,X,1.585747,1.178402
7/5/3/7/7/3/6/1/3 3 3,Z,-2,0,BLOCK,Z,1.693855,1.097443
7/1/3/7/7/3/6/3/6 3 3,Z,-1.75,2,BLOCK,Z,0.8003883,0.5035008
7/5/3/7/7/3/4/3/6 3 3,X,1.5,0,BLOCK,X,0.1754247,0.1744285
7/1/3/7/7/3/6/3/5 3 3,Z,-1.75,0,BLOCK,Z,0.5778625,0.3453072
7/5/3/7/7/3/4/3/5 3 3,X,2,2,BLOCK,X,1.316363,0.8701578
7/1/3/7/7/3/6/3/3 3 3,Z,-1.75,0,BLOCK,Z,0.6571315,0.4146362
7/5/3/7/7/3/4/3/3 3 3,X,2.5,0,BLOCK,X,0.5830192,0.6363653
7/1/3/7/7/3/6/7/4 3 3,Z,-1.875,2,BLOCK,Z,0.8330866,0.3980581
7/5/3/7/7/3/4/7/4 3 3,X,1.5,0,BLOCK,X,0.2827453,0.2635648
7/1/3/7/7/3/6/7/2 3 3,Z,-1.875,2,BLOCK,Z,0.8131616,0.4946806
7/5/3/7/7/3/4/7/2 3 3,X,2,0,BLOCK,X,0.2335231,0.2972963
7/1/3/7/7/3/6/7/1 3 3,Z,-1.875,0,BLOCK,Z,0.3435004,0.332448
7/5/3/7/7/3/4/7/1 3 3,X,2.5,0,BLOCK,X,0.5082963,0.5006852
7/1/3/7/7/3/5/2/7 3 3,Z,-1.875,2,BLOCK,Z,0.7252199,0.3972036
7/5/3/7/7/3/1/2/7 3 3,X,-2,0,BLOCK,X,0.6534099,0.7499853
7/1/3/7/7/3/5/6/6 3 3,Z,-2,2,BLOCK,Z,0.7548568,0.4175794
7/5/3/7/7/3/1/6/6 3 3,X,-2.5,2,BLOCK,X,1.639325,1.042779
7/5/3/7/7/3/5/4/6 3 3,Z,2,0,BLOCK,Z,0.5462053,0.5188651
7/1/3/7/7/3/5/6/5 3 3,Z,-2,0,BLOCK,Z,0.7002154,0.4679841
7/5/3/7/7/3/1/6/5 3 3,X,-2,2,BLOCK,X,1.312111,0.8150968
7/5/3/7/7/3/5/4/5 3 3,Z,2,0,BLOCK,Z,0.574204,0.5462027
7/1/3/7/7/3/5/6/3 3 3,Z,-2,2,BLOCK,Z,0.8265538,0.4514198
7/5/3/7/7/3/1/6/3 3 3,X,-1.5,0,BLOCK,X,0.3210613,0.4229337
7/5/3/7/7/3/5/4/3 3 3,Z,2,2,BLOCK,Z,1.536851,0.9497124
7/1/3/7/7/3/5/5/6 3 3,Z,-1.875,0,BLOCK,Z,0.7851986,0.36355
7/5/3/7/7/3/1/5/6 3 3,X,-2.5,0,BLOCK,X,0.4490632,0.7108324
7/5/3/7/7/3/5/1/6 3 3,Z,-2,2,BLOCK,Z,1.687992,1.123387
7/1/3/7/7/3/5/5/5 3 3,Z,-1.875,0,BLOCK,Z,0.5441509,0.3529503
7/5/3/7/7/3/1/5/5 3 3,X,-2,0,BLOCK,X,0.3504799,0.4974818
7/5/3/7/7/3/5/1/5 3 3,Z,-2,0,BLOCK,Z,0.4007698,0.5018732
7/1/3/7/7/3/5/5/3 3 3,Z,-1.875,0,BLOCK,Z,0.3274296,0.2891194
7/5/3/7/7/3/1/5/3 3 3,X,-1.5,0,BLOCK,X,0.6683226,0.6723672
7/5/3/7/7/3/5/1/3 3 3,Z,-2,0,BLOCK,Z,1.703692,1.058134
7/1/3/7/7/3/5/3/6 3 3,Z,-1.75,2,BLOCK,Z,0.8222831,0.3431297
7/5/3/7/7/3/1/3/6 3 3,X,-2.5,0,BLOCK,X,0.7083895,0.8961587
7/1/3/7/7/3/5/3/5 3 3,Z,-1.75,0,BLOCK,Z,0.6358622,0.4793301
7/5/3/7/7/3/1/3/5 3 3,X,-2,0,BLOCK,X,0.3685876,0.5298038
7/1/3/7/7/3/5/3/3 3 3,Z,-1.75,2,BLOCK,Z,0.7215901,0.4074084
7/5/3/7/7/3/1/3/3 3 3,X,-1.5,0,BLOCK,X,0.3874511,0.5638568
7/1/3/7/7/3/5/7/4 3 3,Z,-1.875,0,BLOCK,Z,0.5926681,0.413673
7/5/3/7/7/3/1/7/4 3 3,X,-2.5,0,BLOCK,X,0.6089704,0.7591802
7/1/3/7/7/3/5/7/2 3 3,Z,-1.875,2,BLOCK,Z,0.7137875,0.3547195
7/5/3/7/7/3/1/7/2 3 3,X,-2,0,BLOCK,X,0.5250874,0.7368327
7/1/3/7/7/3/5/7/1 3 3,Z,-1.875,0,BLOCK,Z,0.5956572,0.4645276
7/5/3/7/7/3/1/7/1 3 3,X,-1.5,0,BLOCK,X,0.2333748,0.3343899
7/1/3/7/7/3/3/2/7 3 3,Z,-1.875,0,BLOCK,Z,0.327329,0.3920265
7/1/3/7/7/3/3/6/6 3 3,Z,-2,2,BLOCK,Z,0.7242972,0.4873607
7/5/3/7/7/3/3/4/6 3 3,Z,2,0,BLOCK,Z,1.653539,1.085841
7/1/3/7/7/3/3/6/5 3 3,Z,-2,0,BLOCK,Z,0.7505487,0.3901042
7/5/3/7/7/3/3/4/5 3 3,Z,2,0,BLOCK,Z,0.4465027,0.4541334
7/1/3/7/7/3/3/6/3 3 3,Z,-2,2,BLOCK,Z,0.8314,0.3977033
7/5/3/7/7/3/3/4/3 3 3,Z,2,0,BLOCK,Z,0.4836744,0.5128316
7/1/3/7/7/3/3/5/6 3 3,Z,-1.875,0,BLOCK,Z,0.5349707,0.3574826
7/5/3/7/7/3/3/1/6 3 3,Z,-2,0,BLOCK,Z,1.117293,0.6232483
7/1/3/7/7/3/3/5/5 3 3,Z,-1.875,0,BLOCK,Z,0.5897862,0.4204754
7/5/3/7/7/3/3/1/5 3 3,Z,-2,0,BLOCK,Z,0.2857397,0.3873959
7/1/3/7/7/3/3/5/3 3 3,Z,-1.875,2,BLOCK,Z,0.8050721,0.4419454
7/5/3/7/7/3/3/1/3 3 3,Z,-2,2,BLOCK,Z,1.646221,0.9933725
7/1/3/7/7/3/3/3/6 3 3,Z,-1.75,2,BLOCK,Z,0.7604773,0.4508773
7/1/3/7/7/3/3/3/5 3 3,Z,-1.75,2,BLOCK,Z,0.6680299,0.3972126
7/1/3/7/7/3/3/3/3 3 3,Z,-1.75,2,BLOCK,Z,0.7278182,0.4033701
7/1/3/7/7/3/3/7/4 3 3,Z,-1.875,0,BLOCK,Z,0.6223099,0.465643
7/1/3/7/7/3/3/7/2 3 3,Z,-1.875,2,BLOCK,Z,0.8072768,0.4300005
7/1/3/7/7/3/3/7/1 3 3,Z,-1.875,0,BLOCK,Z,0.6235991,0.3856199
7/1/3/7/7/3/7/2/6 3 3,Z,-1.875,2,BLOCK,Z,0.7710055,0.4474066
7/1/3/7/7/3/7/2/5 3 3,Z,-1.875,2,BLOCK,Z,0.8749162,0.4554718
7/1/3/7/7/3/7/2/3 3 3,Z,-1.875,0,BLOCK,Z,0.6559554,0.3342727
7/1/3/7/7/3/7/6/4 3 3,Z,-2,0,BLOCK,Z,0.4152011,0.2844701
7/5/3/7/7/3/7/4/4 3 3,Z,2,0,BLOCK,Z,0.2574024,0.4142445
7/1/3/7/7/3/7/6/2 3 3,Z,-2,0,BLOCK,Z,0.4222239,0.3703916
7/5/3/7/7/3/7/4/2 3 3,Z,2,2,BLOCK,Z,1.620003,1.006525
7/1/3/7/7/3/7/6/1 3 3,Z,-2,0,BLOCK,Z,0.8045173,0.517742
7/5/3/7/7/3/7/4/1 3 3,Z,2,0,BLOCK,Z,0.2124417,0.2815472
7/1/3/7/7/3/7/5/4 3 3,Z,-1.875,2,BLOCK,Z,0.8020548,0.4257518
7/5/3/7/7/3/7/1/4 3 3,Z,-2,0,BLOCK,Z,0.3203377,0.5028818
7/1/3/7/7/3/7/5/2 3 3,Z,-1.875,0,BLOCK,Z,0.7128648,0.3983192
7/5/3/7/7/3/7/1/2 3 3,Z,-2,0,BLOCK,Z,0.271823,0.3887317
7/1/3/7/7/3/7/5/1 3 3,Z,-1.875,0,BLOCK,Z,0.6222991,0.4190392
7/5/3/7/7/3/7/1/1 3 3,Z,-2,0,BLOCK,Z,0.2961171,0.4024945
7/1/3/7/7/3/7/3/4 3 3,Z,-1.75,0,BLOCK,Z,0.6842768,0.395314
7/1/3/7/7/3/7/3/2 3 3,Z,-1.75,0,BLOCK,Z,0.5568266,0.3413985
7/1/3/7/7/3/7/3/1 3 3,Z,-1.75,2,BLOCK,Z,0.7724292,0.3922817
7/1/3/7/7/7/2/2/7 3 3,Z,-2,0,BLOCK,Z,0.784485,0.4364724
7/1/3/7/7/7/2/6/6 3 3,Z,-2.125,2,BLOCK,Z,0.829226,0.4215891
7/5/3/7/7/7/2/4/6 3 3,Z,2,0,BLOCK,Z,0.1233444,0.2793491
7/1/3/7/7/7/2/6/5 3 3,Z,-2.125,2,BLOCK,Z,0.8169841,0.4863975
7/5/3/7/7/7/2/4/5 3 3,Z,2,0,BLOCK,Z,1.211354,0.6086413
7/1/3/7/7/7/2/6/3 3 3,Z,-2.125,2,BLOCK,Z,0.8793606,0.5068855
7/5/3/7/7/7/2/4/3 3 3,Z,2,0,BLOCK,Z,0.09714178,0.2398852
7/1/3/7/7/7/2/5/6 3 3,Z,-2,0,BLOCK,Z,0.7354684,0.3747013
7/5/3/7/7/7/2/1/6 3 3,Z,-2,0,BLOCK,Z,0.3077447,0.4232894
7/1/3/7/7/7/2/5/5 3 3,Z,-2,0,BLOCK,Z,0.6464223,0.3780778
7/5/3/7/7/7/2/1/5 3 3,Z,-2,0,BLOCK,Z,1.793721,1.000525
7/1/3/7/7/7/2/5/3 3 3,Z,-2,0,BLOCK,Z,0.5594055,0.4033097
7/5/3/7/7/7/2/1/3 3 3,Z,-2,0,BLOCK,Z,0.06105038,0.1774096
7/1/3/7/7/7/2/3/6 3 3,Z,-1.875,0,BLOCK,Z,0.6916542,0.4261698
7/1/3/7/7/7/2/3/5 3 3,Z,-1.875,0,BLOCK,Z,0.4752354,0.2715985
7/1/3/7/7/7/2/3/3 3 3,Z,-1.875,2,BLOCK,Z,0.7466818,0.4640896
7/1/3/7/7/7/2/7/4 3 3,Z,-2,2,BLOCK,Z,0.8254672,0.5064771
7/1/3/7/7/7/2/7/2 3 3,Z,-2,0,BLOCK,Z,0.742483,0.3439879
7/1/3/7/7/7/2/7/1 3 3,Z,-2,2,BLOCK,Z,0.7953774,0.5704727
7/1/3/7/7/7/6/2/6 3 3,Z,-2,2,BLOCK,Z,0.8380553,0.3708408
7/5/3/7/7/7/4/2/6 3 3,X,1.3333333333333333333333333334,2,BLOCK,X,1.027272,0.5841631
7/1/3/7/7/7/6/2/5 3 3,Z,-2,0,BLOCK,Z,0.8039261,0.3514004
7/5/3/7/7/7/4/2/5 3 3,X,2,0,BLOCK,X,0.2314703,0.2280015
7/5/3/7/7/7/6/2/1 3 3,X,1,2,BLOCK,X,1.265314,0.8735624
7/1/3/7/7/7/6/2/3 3 3,Z,-2,0,BLOCK,Z,0.4966492,0.3945981
7/5/3/7/7/7/4/2/3 3 3,X,2.6666666666666666666666666666,0,BLOCK,X,0.4062749,0.5738495
7/1/3/7/7/7/6/6/4 3 3,Z,-2.125,0,BLOCK,Z,0.5850918,0.4767502
7/5/3/7/7/7/4/6/4 3 3,X,1.3333333333333333333333333334,0,BLOCK,X,0.1253883,0.1547159
7/5/3/7/7/7/6/4/4 3 3,Z,2,0,BLOCK,Z,0.2351759,0.2924717
7/1/3/7/7/7/6/6/2 3 3,Z,-2.125,2,BLOCK,Z,0.915507,0.4812933
7/5/3/7/7/7/4/6/2 3 3,X,2,0,BLOCK,X,0.1135016,0.1927542
7/5/3/7/7/7/6/4/2 3 3,Z,2,0,BLOCK,Z,0.1621577,0.295783
7/1/3/7/7/7/6/6/1 3 3,Z,-2.125,0,BLOCK,Z,0.4414542,0.3416885
7/5/3/7/7/7/4/6/1 3 3,X,2.6666666666666666666666666666,0,BLOCK,X,0.2010882,0.2062698
7/5/3/7/7/7/6/4/1 3 3,Z,2,0,BLOCK,Z,1.722399,1.002072
7/1/3/7/7/7/6/5/4 3 3,Z,-2,2,BLOCK,Z,0.7422375,0.4222621
7/5/3/7/7/7/4/5/4 3 3,X,1.3333333333333333333333333334,0,BLOCK,X,0.3129172,0.2792601
7/5/3/7/7/7/6/1/4 3 3,Z,-2,2,BLOCK,Z,1.591345,1.099432
7/1/3/7/7/7/6/5/2 3 3,Z,-2,0,BLOCK,Z,0.7025051,0.3258128
7/5/3/7/7/7/4/5/2 3 3,X,2,2,BLOCK,X,1.614658,1.004512
7/5/3/7/7/7/6/1/2 3 3,Z,-2,0,BLOCK,Z,0.1251741,0.268367
7/1/3/7/7/7/6/5/1 3 3,Z,-2,0,BLOCK,Z,0.6277342,0.3515387
7/5/3/7/7/7/4/5/1 3 3,X,2.6666666666666666666666666666,0,BLOCK,X,0.2429721,0.3074926
7/5/3/7/7/7/6/1/1 3 3,Z,-2,0,BLOCK,Z,1.671371,1.01935
7/1/3/7/7/7/6/3/4 3 3,Z,-1.875,0,BLOCK,Z,0.6165336,0.3221829
7/5/3/7/7/7/4/3/4 3 3,X,1.3333333333333333333333333334,0,BLOCK,X,0.3343543,0.2021482
7/1/3/7/7/7/6/3/2 3 3,Z,-1.875,2,BLOCK,Z,0.8826472,0.4634175
7/5/3/7/7/7/4/3/2 3 3,X,2,0,BLOCK,X,0.2865967,0.3106435
7/1/3/7/7/7/6/3/1 3 3,Z,-1.875,0,BLOCK,Z,0.4480156,0.3289456
7/5/3/7/7/7/4/3/1 3 3,X,2.6666666666666666666666666666,0,BLOCK,X,0.1131199,0.2523547
7/1/3/7/7/7/5/2/6 3 3,Z,-2,0,BLOCK,Z,0.4835139,0.3817524
7/5/3/7/7/7/1/2/6 3 3,X,-2.6666666666666666666666666666,0,BLOCK,X,0.4836664,0.7523046
7/1/3/7/7/7/5/2/5 3 3,Z,-2,2,BLOCK,Z,0.8214605,0.4506792
7/5/3/7/7/7/1/2/5 3 3,X,-2,0,BLOCK,X,0.3387619,0.5538172
7/1/3/7/7/7/5/2/3 3 3,Z,-2,0,BLOCK,Z,0.4626144,0.4061027
7/5/3/7/7/7/1/2/3 3 3,X,-1.3333333333333333333333333334,0,BLOCK,X,0.4666869,0.5236246
7/1/3/7/7/7/5/6/4 3 3,Z,-2.125,0,BLOCK,Z,0.5321902,0.4205158
7/5/3/7/7/7/1/6/4 3 3,X,-2.6666666666666666666666666666,0,BLOCK,X,0.364934,0.5957422
7/5/3/7/7/7/5/4/4 3 3,Z,2,0,BLOCK,Z,0.1954985,0.3466837
7/1/3/7/7/7/5/6/2 3 3,Z,-2.125,2,BLOCK,Z,0.8773694,0.5268129
7/5/3/7/7/7/1/6/2 3 3,X,-2,0,BLOCK,X,0.2531258,0.5092571
7/5/3/7/7/7/5/4/2 3 3,Z,2,0,BLOCK,Z,1.716779,1.046849
7/1/3/7/7/7/5/6/1 3 3,Z,-2.125,0,BLOCK,Z,0.5227248,0.4510429
7/5/3/7/7/7/1/6/1 3 3,X,-1.3333333333333333333333333334,2,BLOCK,X,1.096289,0.6654205
7/5/3/7/7/7/5/4/1 3 3,Z,2,0,BLOCK,Z,0.176266,0.2929147
7/1/3/7/7/7/5/5/4 3 3,Z,-2,0,BLOCK,Z,0.3554159,0.2451686
7/5/3/7/7/7/1/5/4 3 3,X,-2.6666666666666666666666666666,0,BLOCK,X,0.2946421,0.5054345
7/5/3/7/7/7/5/1/4 3 3,Z,-2,0,BLOCK,Z,0.3341638,0.5437364
7/1/3/7/7/7/5/5/2 3 3,Z,-2,0,BLOCK,Z,0.3606136,0.2566895
7/5/3/7/7/7/1/5/2 3 3,X,-2,0,BLOCK,X,0.3383557,0.5753005
7/5/3/7/7/7/5/1/2 3 3,Z,-2,0,BLOCK,Z,1.698021,1.050439
7/1/3/7/7/7/5/5/1 3 3,Z,-2,0,BLOCK,Z,0.5311452,0.4476702
7/5/3/7/7/7/1/5/1 3 3,X,-1.3333333333333333333333333334,0,BLOCK,X,0.2774633,0.3605054
7/5/3/7/7/7/5/1/1 3 3,Z,-2,2,BLOCK,Z,1.629,0.9842757
7/1/3/7/7/7/5/3/4 3 3,Z,-1.875,2,BLOCK,Z,0.8079535,0.4725803
7/5/3/7/7/7/1/3/4 3 3,X,-2.6666666666666666666666666666,0,BLOCK,X,0.4329497,0.6168235
7/1/3/7/7/7/5/3/2 3 3,Z,-1.875,0,BLOCK,Z,0.4882507,0.3511798
7/5/3/7/7/7/1/3/2 3 3,X,-2,0,BLOCK,X,0.2849731,0.5631388
7/1/3/7/7/7/5/3/1 3 3,Z,-1.875,0,BLOCK,Z,0.4338475,0.4063184
7/5/3/7/7/7/1/3/1 3 3,X,-1.3333333333333333333333333334,0,BLOCK,X,0.1004525,0.2227541
7/1/3/7/7/7/3/2/6 3 3,Z,-2,0,BLOCK,Z,0.3484393,0.3591643
7/5/3/7/7/7/3/2/4 3 3,X,-1,2,BLOCK,X,1.342772,1.016322
7/1/3/7/7/7/3/2/5 3 3,Z,-2,2,BLOCK,Z,0.8801101,0.4523391
7/1/3/7/7/7/3/2/3 3 3,Z,-2,2,BLOCK,Z,0.8630157,0.5011211
7/1/3/7/7/7/3/6/4 3 3,Z,-2.125,2,BLOCK,Z,0.8111709,0.5390342
7/5/3/7/7/7/3/4/4 3 3,Z,2,2,BLOCK,Z,1.5932,1.036038
7/1/3/7/7/7/3/6/2 3 3,Z,-2.125,0,BLOCK,Z,0.4982754,0.4831395
7/5/3/7/7/7/3/4/2 3 3,Z,2,2,BLOCK,Z,1.62381,0.9854478
7/1/3/7/7/7/3/6/1 3 3,Z,-2.125,0,BLOCK,Z,0.5926497,0.4354834
7/5/3/7/7/7/3/4/1 3 3,Z,2,0,BLOCK,Z,0.0993156,0.2068994
7/1/3/7/7/7/3/5/4 3 3,Z,-2,2,BLOCK,Z,0.8924494,0.5503374
7/5/3/7/7/7/3/1/4 3 3,Z,-2,0,BLOCK,Z,1.10269,0.6684818
7/1/3/7/7/7/3/5/2 3 3,Z,-2,2,BLOCK,Z,0.803228,0.5027228
7/5/3/7/7/7/3/1/2 3 3,Z,-2,0,BLOCK,Z,0.1013388,0.2180933
7/1/3/7/7/7/3/5/1 3 3,Z,-2,0,BLOCK,Z,0.3245435,0.3450485
7/5/3/7/7/7/3/1/1 3 3,Z,-2,2,BLOCK,Z,1.629342,0.9864108
7/1/3/7/7/7/3/3/4 3 3,Z,-1.875,2,BLOCK,Z,0.8509697,0.4124905
7/1/3/7/7/7/3/3/2 3 3,Z,-1.875,0,BLOCK,Z,0.6688265,0.4125069
7/1/3/7/7/7/3/3/1 3 3,Z,-1.875,0,BLOCK,Z,0.7086503,0.5070057
7/1/3/7/7/7/7/2/4 3 3,Z,-2,0,BLOCK,Z,0.5643945,0.4491257
7/1/3/7/7/7/7/2/2 3 3,Z,-2,0,BLOCK,Z,0.6377649,0.4009198
7/1/3/7/7/7/7/2/1 3 3,Z,-2,2,BLOCK,Z,0.8494121,0.5111693
7/1/7/2/2/6/7/7/7 3 3,Z,-2.125,2,BLOCK,Z,1.514229,0.8862969
7/5/7/2/2/4/7/7/7 3 3,Z,2,0,BLOCK,Z,1.003659,0.7856952
7/1/7/2/2/5/7/7/7 3 3,Z,-2,2,BLOCK,Z,1.394561,0.7592038
7/5/7/2/2/1/7/7/7 3 3,Z,-2,2,BLOCK,Z,1.309504,0.989221
7/1/7/2/2/3/7/7/7 3 3,Z,-1.875,2,BLOCK,Z,1.439197,0.8501242
7/1/7/2/2/7/6/7/7 3 3,Z,-2,0,BLOCK,Z,0.1299645,0.1643382
7/5/7/2/2/7/4/7/7 3 3,X,2,0,BLOCK,X,0.6960564,0.5312448
7/1/7/2/2/7/5/7/7 3 3,Z,-2,0,BLOCK,Z,0.2536339,0.2957409
7/5/7/2/2/7/1/7/7 3 3,X,-2,0,BLOCK,X,0.629959,0.5423875
7/5/7/2/2/7/5/6/7 3 3,Z,0.5,302,TIMEOUT,Z,0.01499155,0.006480997
7/1/7/2/2/7/3/7/7 3 3,Z,-2,0,BLOCK,Z,0.1074831,0.1490777
7/5/7/2/2/6/3/7/7 3 3,Z,0.5,302,TIMEOUT,Z,0.007314533,0.004582237
7/5/7/2/2/7/3/6/7 3 3,X,-0.5,302,TIMEOUT,Z,0.01059242,0.006737085
7/1/7/2/2/7/7/6/7 3 3,Z,-2.125,0,BLOCK,Z,0.1441457,0.2232765
7/5/7/2/2/7/6/6/7 3 3,X,0.5,302,TIMEOUT,Z,0.01359667,0.006355207
7/5/7/2/2/7/7/4/7 3 3,Z,2,0,BLOCK,Z,0.2833597,0.3110545
7/5/7/2/2/7/7/6/5 3 3,Z,0.5,302,TIMEOUT,Z,0.006398474,0.003590165
7/1/7/2/2/7/7/5/7 3 3,Z,-2,0,BLOCK,Z,0.4900063,0.2557821
7/5/7/2/2/3/7/5/7 3 3,Z,-0.5,302,TIMEOUT,Z,0.009611622,0.005995219
7/5/7/2/2/7/7/1/7 3 3,Z,-2,2,BLOCK,Z,1.584785,0.9269556
7/1/7/2/2/7/7/3/7 3 3,Z,-1.875,0,BLOCK,Z,0.1674705,0.4212439
7/1/7/2/2/7/7/7/6 3 3,Z,-2,0,BLOCK,Z,0.1032189,0.2585548
7/1/7/2/2/7/7/7/5 3 3,Z,-2,0,BLOCK,Z,0.5065457,0.1542361
7/1/7/2/2/7/7/7/3 3 3,Z,-2,0,BLOCK,Z,0.2784479,0.3862874
7/5/7/2/2/3/7/7/3 3 3,Z,-0.5,302,TIMEOUT,Z,0.02439597,0.01251523
7/5/7/2/2/7/7/6/3 3 3,Z,0.5,302,TIMEOUT,Z,0.01656312,0.007677623
7/1/7/2/6/2/7/7/7 3 3,Z,-2,0,BLOCK,Z,0.2350932,0.1858488
7/5/7/2/4/2/7/7/7 3 3,X,2,2,BLOCK,X,0.9318793,0.6220155
7/1/7/2/6/6/6/7/7 3 3,Z,-2.125,2,BLOCK,Z,1.426109,0.499381
7/5/7/2/4/6/6/7/7 3 3,X,1.80,0,BLOCK,X,0.5637922,0.6508565
7/5/7/2/6/4/6/7/7 3 3,Z,2,0,BLOCK,Z,0.6975217,0.6000415
7/5/7/2/6/6/4/7/7 3 3,X,2,0,BLOCK,X,0.8164589,0.6690884
7/1/7/2/6/6/5/7/7 3 3,Z,-2.125,0,BLOCK,Z,0.2790766,0.2899137
7/5/7/2/4/6/5/7/7 3 3,X,2,0,BLOCK,X,0.7989591,0.5654898
7/5/7/2/2/6/5/7/7 3 3,Z,0.5,302,TIMEOUT,Z,0.004278839,0.003235329
7/5/7/2/6/4/5/7/7 3 3,Z,2,0,BLOCK,Z,0.661993,0.5181665
7/5/7/2/6/6/1/7/7 3 3,X,-2,2,BLOCK,X,1.455804,0.7753383
7/1/7/2/6/6/3/7/7 3 3,Z,-2.125,0,BLOCK,Z,0.3014971,0.3568913
7/5/7/2/4/6/3/7/7 3 3,X,2.20,0,BLOCK,X,0.586082,0.3960156
7/5/7/2/6/4/3/7/7 3 3,Z,2,0,BLOCK,Z,0.6855124,0.5827074
7/1/7/2/6/6/7/6/7 3 3,Z,-2.25,0,BLOCK,Z,0.156391,0.1108211
7/5/7/2/4/6/7/6/7 3 3,X,2,0,BLOCK,X,0.7425686,0.6504434
7/5/7/2/6/4/7/6/7 3 3,Z,1.75,0,BLOCK,Z,0.5270081,0.4787254
7/5/7/2/6/6/7/4/7 3 3,Z,2,0,BLOCK,Z,0.395468,0.4392761
7/1/7/2/6/6/7/5/7 3 3,Z,-2.125,0,BLOCK,Z,0.08026074,0.2264163
7/5/7/2/4/6/7/5/7 3 3,X,2,0,BLOCK,X,0.5772625,0.6479954
7/5/7/2/6/4/7/5/7 3 3,Z,2,0,BLOCK,Z,1.009199,0.7526703
7/5/7/2/6/6/7/1/7 3 3,Z,-2,0,BLOCK,Z,0.3830349,0.3565108
7/1/7/2/6/6/7/3/7 3 3,Z,-2.00,0,BLOCK,Z,0.669396,0.356258
7/5/7/2/4/6/7/3/7 3 3,X,2,0,BLOCK,X,0.9773487,0.6324553
7/5/7/2/6/4/7/3/7 3 3,Z,2.25,0,BLOCK,Z,0.6858903,0.5628567
7/1/7/2/6/6/7/7/6 3 3,Z,-2.125,0,BLOCK,Z,0.4250215,0.3215642
7/5/7/2/4/6/7/7/6 3 3,X,1.80,0,BLOCK,X,0.6295508,0.6974068
7/5/7/2/6/4/7/7/6 3 3,Z,2,0,BLOCK,Z,0.5529529,0.4889179
7/1/7/2/6/6/7/7/5 3 3,Z,-2.125,0,BLOCK,Z,0.4182322,0.3973807
7/5/7/2/4/6/7/7/5 3 3,X,2,0,BLOCK,X,0.570974,0.541913
7/5/7/2/6/4/7/7/5 3 3,Z,2,0,BLOCK,Z,0.7964538,0.5255273
7/1/7/2/6/6/7/7/3 3 3,Z,-2.125,0,BLOCK,Z,0.4597632,0.2937169
7/5/7/2/4/6/7/7/3 3 3,X,2.20,0,BLOCK,X,0.8024581,0.6169292
7/5/7/2/6/4/7/7/3 3 3,Z,2,0,BLOCK,Z,0.6944497,0.5962163
7/1/7/2/6/5/6/7/7 3 3,Z,-2,0,BLOCK,Z,0.3992608,0.3463569
7/5/7/2/4/5/6/7/7 3 3,X,1.80,0,BLOCK,X,0.4745941,0.6381626
7/5/7/2/6/1/6/7/7 3 3,Z,-2,0,BLOCK,Z,0.5606509,0.2503539
7/5/7/2/6/5/4/7/7 3 3,X,2,0,BLOCK,X,1.217889,0.8526416
7/1/7/2/6/5/5/7/7 3 3,Z,-2,0,BLOCK,Z,0.3256241,0.2363468
7/5/7/2/4/5/5/7/7 3 3,X,2,0,BLOCK,X,0.9160963,0.5335779
7/5/7/2/6/1/5/7/7 3 3,Z,-2,0,BLOCK,Z,0.7576108,0.7054315
7/5/7/2/6/5/1/7/7 3 3,X,-2,0,BLOCK,X,0.5812311,0.4579933
7/1/7/2/6/5/3/7/7 3 3,Z,-2,0,BLOCK,Z,0.4266191,0.4578662
7/5/7/2/4/5/3/7/7 3 3,X,2.20,0,BLOCK,X,1.441938,0.5867223
7/5/7/2/6/1/3/7/7 3 3,Z,-2,2,BLOCK,Z,1.283018,0.9353822
7/1/7/2/6/5/7/6/7 3 3,Z,-2.125,2,BLOCK,Z,1.457591,0.746932
7/5/7/2/4/5/7/6/7 3 3,X,2,2,BLOCK,X,0.8944337,0.6302848
7/5/7/2/6/1/7/6/7 3 3,Z,-2.25,0,BLOCK,Z,0.8251058,0.5859225
7/5/7/2/6/5/7/4/7 3 3,Z,2,0,BLOCK,Z,0.2918055,0.3708394
7/1/7/2/6/5/7/5/7 3 3,Z,-2,2,BLOCK,Z,1.355815,0.6879891
7/5/7/2/4/5/7/5/7 3 3,X,2,0,BLOCK,X,0.7797503,0.4526817
7/5/7/2/6/1/7/5/7 3 3,Z,-2,0,BLOCK,Z,0.7398127,0.5375336
7/5/7/2/6/5/7/1/7 3 3,Z,-2,0,BLOCK,Z,0.215187,0.2881853
7/1/7/2/6/5/7/3/7 3 3,Z,-1.875,0,BLOCK,Z,0.08388892,0.3022578
7/5/7/2/4/5/7/3/7 3 3,X,2,2,BLOCK,X,0.9548779,0.5875261
7/5/7/2/6/1/7/3/7 3 3,Z,-1.75,0,BLOCK,Z,0.5938513,0.596439
7/1/7/2/6/5/7/7/6 3 3,Z,-2,2,BLOCK,Z,1.769998,0.7657604
7/5/7/2/4/5/7/7/6 3 3,X,1.80,0,BLOCK,X,0.6146458,0.5433496
7/5/7/2/6/1/7/7/6 3 3,Z,-2,0,BLOCK,Z,1.256258,0.8488219
7/1/7/2/6/5/7/7/5 3 3,Z,-2,0,BLOCK,Z,0.7130336,0.1920145
7/5/7/2/4/5/7/7/5 3 3,X,2,0,BLOCK,X,0.719447,0.50938
7/5/7/2/6/1/7/7/5 3 3,Z,-2,2,BLOCK,Z,1.213062,0.8247502
7/1/7/2/6/5/7/7/3 3 3,Z,-2,0,BLOCK,Z,0.4347779,0.2867767
7/5/7/2/4/5/7/7/3 3 3,X,2.20,0,BLOCK,X,0.6053088,0.5286308
7/5/7/2/6/1/7/7/3 3 3,Z,-2,2,BLOCK,Z,1.285,0.8966151
7/1/7/2/6/3/6/7/7 3 3,Z,-1.875,0,BLOCK,Z,0.1673783,0.4077398
7/5/7/2/4/3/6/7/7 3 3,X,1.80,0,BLOCK,X,0.4310877,0.6307026
7/5/7/2/6/3/4/7/7 3 3,X,2,0,BLOCK,X,0.616587,0.7347539
7/1/7/2/6/3/5/7/7 3 3,Z,-1.875,0,BLOCK,Z,0.07071158,0.1997445
7/5/7/2/4/3/5/7/7 3 3,X,2,2,BLOCK,X,0.9865078,0.6932545
7/5/7/2/6/3/1/7/7 3 3,X,-2,0,BLOCK,X,0.7664468,0.5699052
7/1/7/2/6/3/3/7/7 3 3,Z,-1.875,0,BLOCK,Z,0.348878,0.3492548
7/5/7/2/4/3/3/7/7 3 3,X,2.20,0,BLOCK,X,0.903142,0.3976617
7/1/7/2/6/3/7/6/7 3 3,Z,-2.00,0,BLOCK,Z,0.3283074,0.2190512
7/5/7/2/4/3/7/6/7 3 3,X,2,0,BLOCK,X,0.6770532,0.4986734
7/5/7/2/2/3/7/6/7 3 3,Z,-0.625,302,TIMEOUT,Z,0.01129509,0.006286605
7/5/7/2/6/3/7/4/7 3 3,Z,2,0,BLOCK,Z,0.4525989,0.4054334
7/1/7/2/6/3/7/5/7 3 3,Z,-1.875,0,BLOCK,Z,0.141795,0.1628812
7/5/7/2/4/3/7/5/7 3 3,X,2,0,BLOCK,X,0.8316739,0.5457416
7/5/7/2/6/3/7/1/7 3 3,Z,-2,0,BLOCK,Z,0.4005154,0.3027748
7/1/7/2/6/3/7/3/7 3 3,Z,-1.75,2,BLOCK,Z,1.655145,0.8709792
7/5/7/2/4/3/7/3/7 3 3,X,2,0,BLOCK,X,0.9770346,0.6853455
7/1/7/2/6/3/7/7/6 3 3,Z,-1.875,0,BLOCK,Z,0.404065,0.2609296
7/5/7/2/4/3/7/7/6 3 3,X,1.80,2,BLOCK,X,0.8711003,0.6250383
7/1/7/2/6/3/7/7/5 3 3,Z,-1.875,2,BLOCK,Z,1.674976,0.9012241
7/5/3/2/6/3/7/7/5 3 3,X,-0.5769230769230769230769230769,302,TIMEOUT,Z,0.006107351,0.004449367
7/5/7/2/4/3/7/7/5 3 3,X,2,0,BLOCK,X,0.7731806,0.5728116
7/1/7/2/6/3/7/7/3 3 3,Z,-1.875,0,BLOCK,Z,0.5114335,0.2640581
7/5/7/2/4/3/7/7/3 3 3,X,2.20,0,BLOCK,X,0.6560757,0.5972685
7/1/7/2/6/7/2/7/7 3 3,Z,-2,0,BLOCK,Z,0.1409205,0.3703862
7/5/7/2/4/7/2/7/7 3 3,X,2,0,BLOCK,X,0.5399418,0.1423289
7/1/7/2/6/7/6/6/7 3 3,Z,-2.125,2,BLOCK,Z,1.336226,0.6208706
7/5/3/2/6/7/6/6/7 3 3,X,-0.6538461538461538461538461539,302,TIMEOUT,Z,0.01963042,0.01421569
7/5/7/2/4/7/6/6/7 3 3,X,1.8,0,BLOCK,X,0.6360918,0.6191722
7/5/7/2/6/7/4/6/7 3 3,X,2,0,BLOCK,X,0.6335474,0.7711273
7/5/7/2/6/7/6/4/7 3 3,Z,2,0,BLOCK,Z,0.2536024,0.2775214
7/1/7/2/6/7/6/5/7 3 3,Z,-2,0,BLOCK,Z,0.0649084,0.2071985
7/5/7/2/4/7/6/5/7 3 3,X,1.8,2,BLOCK,X,0.8557072,0.670109
7/5/7/2/6/7/4/5/7 3 3,X,2,0,BLOCK,X,0.6524944,0.6746004
7/5/7/2/6/7/6/1/7 3 3,Z,-2,0,BLOCK,Z,0.3998779,0.4836214
7/1/7/2/6/7/6/3/7 3 3,Z,-1.875,0,BLOCK,Z,0.1784454,0.3339008
7/5/7/2/4/7/6/3/7 3 3,X,1.8,2,BLOCK,X,0.8877081,0.6454207
7/5/7/2/6/7/4/3/7 3 3,X,2,0,BLOCK,X,0.5387725,0.7515862
7/1/7/2/6/7/6/7/6 3 3,Z,-2,0,BLOCK,Z,0.1443291,0.1341017
7/5/7/2/4/7/6/7/6 3 3,X,1.6,2,BLOCK,X,0.7776663,0.5834323
7/5/7/2/6/7/4/7/6 3 3,X,1.6,0,BLOCK,X,0.404952,0.5038881
7/1/7/2/6/7/6/7/5 3 3,Z,-2,0,BLOCK,Z,0.4116333,0.4283231
7/5/7/2/4/7/6/7/5 3 3,X,1.8,0,BLOCK,X,0.569934,0.5843115
7/5/7/2/6/7/4/7/5 3 3,X,2,0,BLOCK,X,0.8376393,0.7356554
7/1/7/2/6/7/6/7/3 3 3,Z,-2,2,BLOCK,Z,1.425914,0.6444443
7/5/7/2/4/7/6/7/3 3 3,X,2,0,BLOCK,X,0.9432424,0.7071353
7/5/7/2/6/7/4/7/3 3 3,X,2.4,0,BLOCK,X,0.6241145,0.8442512
7/1/7/2/6/7/5/6/7 3 3,Z,-2.125,0,BLOCK,Z,0.09176973,0.2080929
7/5/7/2/4/7/5/6/7 3 3,X,2,0,BLOCK,X,0.7180316,0.523711
7/5/7/2/6/7/1/6/7 3 3,X,-2,2,BLOCK,X,1.36218,0.6753476
7/5/7/2/6/7/5/4/7 3 3,Z,2,0,BLOCK,Z,0.3169923,0.3831644
7/1/7/2/6/7/5/5/7 3 3,Z,-2,0,BLOCK,Z,0.09225224,0.2108461
7/5/7/2/4/7/5/5/7 3 3,X,2,2,BLOCK,X,0.9404851,0.5417374
7/5/7/2/6/7/1/5/7 3 3,X,-2,0,BLOCK,X,0.7850162,0.5649757
7/5/7/2/6/7/5/1/7 3 3,Z,-2,2,BLOCK,Z,1.570326,0.9740253
7/1/7/2/6/7/5/3/7 3 3,Z,-1.875,0,BLOCK,Z,0.3983248,0.3439226
7/5/7/2/4/7/5/3/7 3 3,X,2,2,BLOCK,X,0.9139588,0.5844131
7/5/7/2/6/7/1/3/7 3 3,X,-2,0,BLOCK,X,0.6926665,0.5585664
7/1/7/2/6/7/5/7/6 3 3,Z,-2,0,BLOCK,Z,0.5053599,0.4835414
7/5/7/2/4/7/5/7/6 3 3,X,1.8,0,BLOCK,X,0.6678014,0.6074139
7/5/7/2/6/7/1/7/6 3 3,X,-2.4,0,BLOCK,X,1.17681,0.787429
7/1/7/2/6/7/5/7/5 3 3,Z,-2,0,BLOCK,Z,0.2296058,0.1838038
7/5/7/2/4/7/5/7/5 3 3,X,2,0,BLOCK,X,0.7828993,0.5682769
7/5/7/2/6/7/1/7/5 3 3,X,-2,2,BLOCK,X,1.328347,0.7727485
7/1/7/2/6/7/5/7/3 3 3,Z,-2,0,BLOCK,Z,0.6048382,0.2679945
7/5/7/2/4/7/5/7/3 3 3,X,2.2,0,BLOCK,X,0.7799797,0.6130507
7/5/7/2/6/7/1/7/3 3 3,X,-1.6,0,BLOCK,X,0.6857614,0.3975511
7/1/7/2/6/7/3/6/7 3 3,Z,-2.125,0,BLOCK,Z,0.1708743,0.08318778
7/5/7/2/4/7/3/6/7 3 3,X,2.2,0,BLOCK,X,0.6293159,0.4257432
7/5/7/2/6/7/3/4/7 3 3,Z,2,0,BLOCK,Z,0.1523558,0.2168148
7/1/7/2/6/7/3/5/7 3 3,Z,-2,2,BLOCK,Z,1.247109,0.7400943
7/5/7/2/4/7/3/5/7 3 3,X,2.2,0,BLOCK,X,0.5480653,0.3533999
7/5/7/2/6/7/3/1/7 3 3,Z,-2,0,BLOCK,Z,0.410239,0.4544818
7/1/7/2/6/7/3/3/7 3 3,Z,-1.875,0,BLOCK,Z,0.07755055,0.3034418
7/5/7/2/4/7/3/3/7 3 3,X,2.2,0,BLOCK,X,1.3645,0.6798549
7/1/7/2/6/7/3/7/6 3 3,Z,-2,0,BLOCK,Z,0.6867199,0.5501137
7/5/7/2/4/7/3/7/6 3 3,X,2,0,BLOCK,X,1.362484,0.7734236
7/1/7/2/6/7/3/7/5 3 3,Z,-2,0,BLOCK,Z,0.2825017,0.3898403
7/5/7/2/4/7/3/7/5 3 3,X,2.2,0,BLOCK,X,0.7377325,0.4806214
7/5/7/2/2/7/3/7/5 3 3,X,-0.5,302,TIMEOUT,Z,0.01900481,0.008819795
7/1/7/2/6/7/3/7/3 3 3,Z,-2,0,BLOCK,Z,0.4040198,0.3741505
7/5/7/2/4/7/3/7/3 3 3,X,2.4,0,BLOCK,X,0.504886,0.3833871
7/1/7/2/6/7/7/2/7 3 3,Z,-2,0,BLOCK,Z,0.2517441,0.4160565
7/5/7/2/4/7/7/2/7 3 3,X,2,0,BLOCK,X,0.5012821,0.5291983
7/1/7/2/6/7/7/6/6 3 3,Z,-2.125,0,BLOCK,Z,0.2575317,0.2767996
7/5/7/2/4/7/7/6/6 3 3,X,1.8,0,BLOCK,X,0.949622,0.6356241
7/5/7/2/6/7/7/4/6 3 3,Z,2,0,BLOCK,Z,0.04879695,0.1030614
7/1/7/2/6/7/7/6/5 3 3,Z,-2.125,0,BLOCK,Z,0.3988556,0.2805243
7/5/7/2/4/7/7/6/5 3 3,X,2,2,BLOCK,X,0.9831707,0.658051
7/5/7/2/6/7/7/4/5 3 3,Z,2,0,BLOCK,Z,0.357842,0.4113401
7/1/7/2/6/7/7/6/3 3 3,Z,-2.125,0,BLOCK,Z,0.192687,0.2559937
7/5/7/2/4/7/7/6/3 3 3,X,2.2,0,BLOCK,X,0.9108559,0.5073335
7/5/7/2/6/7/7/4/3 3 3,Z,2,2,BLOCK,Z,1.652653,1.003994
7/1/7/2/6/7/7/5/6 3 3,Z,-2,0,BLOCK,Z,0.2899837,0.3384133
7/5/7/2/4/7/7/5/6 3 3,X,1.8,0,BLOCK,X,0.6198372,0.629495
7/5/7/2/6/7/7/1/6 3 3,Z,-2,0,BLOCK,Z,0.356692,0.4505188
7/1/7/2/6/7/7/5/5 3 3,Z,-2,2,BLOCK,Z,1.324924,0.7495093
7/5/7/2/4/7/7/5/5 3 3,X,2,0,BLOCK,X,0.7960793,0.5861082
7/5/7/2/6/7/7/1/5 3 3,Z,-2,0,BLOCK,Z,0.2362828,0.2726889
7/1/7/2/6/7/7/5/3 3 3,Z,-2,0,BLOCK,Z,0.1612086,0.1640434
7/5/7/2/4/7/7/5/3 3 3,X,2.2,0,BLOCK,X,0.9086981,0.5184519
7/5/7/2/6/7/7/1/3 3 3,Z,-2,0,BLOCK,Z,0.3369781,0.3987618
7/1/7/2/6/7/7/3/6 3 3,Z,-1.875,2,BLOCK,Z,1.419097,0.7572883
7/5/7/2/4/7/7/3/6 3 3,X,1.8,0,BLOCK,X,0.542731,0.5734726
7/1/7/2/6/7/7/3/5 3 3,Z,-1.875,2,BLOCK,Z,1.599462,0.6896646
7/5/7/2/4/7/7/3/5 3 3,X,2,0,BLOCK,X,1.046454,0.5215159
7/1/7/2/6/7/7/3/3 3 3,Z,-1.875,0,BLOCK,Z,0.3055843,0.2841135
7/5/7/2/4/7/7/3/3 3 3,X,2.2,0,BLOCK,X,0.8667201,0.5545263
7/1/7/2/6/7/7/7/4 3 3,Z,-2,0,BLOCK,Z,0.3628802,0.2875275
7/5/7/2/4/7/7/7/4 3 3,X,1.8,2,BLOCK,X,0.9690828,0.6179538
7/1/7/2/6/7/7/7/2 3 3,Z,-2,0,BLOCK,Z,0.3014671,0.269618
7/5/7/2/4/7/7/7/2 3 3,X,2,0,BLOCK,X,0.6067522,0.5572865
7/1/7/2/6/7/7/7/1 3 3,Z,-2,0,BLOCK,Z,0.1808746,0.1073496
7/5/7/2/4/7/7/7/1 3 3,X,2.2,0,BLOCK,X,0.5574893,0.6260444
7/1/7/2/5/2/7/7/7 3 3,Z,-2,2,BLOCK,Z,1.507895,0.6562728
7/5/7/2/1/2/7/7/7 3 3,X,-2,0,BLOCK,X,0.5923601,0.602929
7/1/7/2/5/6/6/7/7 3 3,Z,-2.125,2,BLOCK,Z,1.191082,0.8574099
7/5/7/2/1/6/6/7/7 3 3,X,-2.20,0,BLOCK,X,0.7631394,0.2790713
7/5/7/2/5/4/6/7/7 3 3,Z,2,0,BLOCK,Z,1.060242,0.7362524
7/5/7/2/5/6/4/7/7 3 3,X,2,0,BLOCK,X,0.6331874,0.6344032
7/1/7/2/5/6/5/7/7 3 3,Z,-2.125,0,BLOCK,Z,0.2829294,0.2980936
7/5/3/2/5/6/5/7/7 3 3,X,-0.5,302,TIMEOUT,Z,0.004070397,0.002697838
7/5/7/2/1/6/5/7/7 3 3,X,-2,0,BLOCK,X,0.7559531,0.6922203
7/5/7/2/5/4/5/7/7 3 3,Z,2,0,BLOCK,Z,0.6136956,0.5818655
7/5/7/2/5/6/1/7/7 3 3,X,-2,0,BLOCK,X,0.5540654,0.7231472
7/1/7/2/5/6/3/7/7 3 3,Z,-2.125,0,BLOCK,Z,0.3506197,0.3871779
7/5/7/2/1/6/3/7/7 3 3,X,-1.80,0,BLOCK,X,0.5719497,0.5895661
7/5/7/2/5/4/3/7/7 3 3,Z,2,0,BLOCK,Z,0.7156184,0.4067352
7/1/7/2/5/6/7/6/7 3 3,Z,-2.25,0,BLOCK,Z,0.1849812,0.1446721
7/5/7/2/1/6/7/6/7 3 3,X,-2,0,BLOCK,X,0.8051923,0.6834908
7/5/7/2/5/4/7/6/7 3 3,Z,1.75,0,BLOCK,Z,0.3450351,0.5707276
7/5/7/2/5/6/7/4/7 3 3,Z,2,0,BLOCK,Z,0.2943575,0.2758914
7/1/7/2/5/6/7/5/7 3 3,Z,-2.125,0,BLOCK,Z,0.4645229,0.2831416
7/5/7/2/1/6/7/5/7 3 3,X,-2,0,BLOCK,X,0.7982641,0.5422085
7/5/7/2/5/4/7/5/7 3 3,Z,2,2,BLOCK,Z,1.20735,0.8369945
7/5/7/2/5/6/7/1/7 3 3,Z,-2,0,BLOCK,Z,0.4497714,0.4897326
7/1/7/2/5/6/7/3/7 3 3,Z,-2.00,0,BLOCK,Z,0.1360577,0.2071738
7/5/7/2/1/6/7/3/7 3 3,X,-2,0,BLOCK,X,0.8867521,0.6274236
7/5/7/2/5/4/7/3/7 3 3,Z,2.25,2,BLOCK,Z,1.392247,0.895215
7/1/7/2/5/6/7/7/6 3 3,Z,-2.125,0,BLOCK,Z,0.1781675,0.233804
7/5/7/2/1/6/7/7/6 3 3,X,-2.20,0,BLOCK,X,0.8562823,0.6379848
7/5/7/2/5/4/7/7/6 3 3,Z,2,0,BLOCK,Z,0.7635147,0.5404442
7/1/7/2/5/6/7/7/5 3 3,Z,-2.125,2,BLOCK,Z,1.295241,0.8145698
7/5/7/2/1/6/7/7/5 3 3,X,-2,2,BLOCK,X,0.9665031,0.5794858
7/5/7/2/5/4/7/7/5 3 3,Z,2,0,BLOCK,Z,0.6981422,0.5111695
7/1/7/2/5/6/7/7/3 3 3,Z,-2.125,0,BLOCK,Z,0.3127366,0.1830762
7/5/7/2/1/6/7/7/3 3 3,X,-1.80,0,BLOCK,X,0.5892477,0.6047747
7/5/7/2/5/4/7/7/3 3 3,Z,2,0,BLOCK,Z,1.084809,0.7780688
7/1/7/2/5/5/6/7/7 3 3,Z,-2,0,BLOCK,Z,0.417381,0.2363389
7/5/7/2/1/5/6/7/7 3 3,X,-2.20,0,BLOCK,X,0.7087352,0.4616596
7/5/7/2/5/1/6/7/7 3 3,Z,-2,2,BLOCK,Z,1.232201,1.102
7/5/7/2/5/5/4/7/7 3 3,X,2,0,BLOCK,X,0.7361451,0.768496
7/1/7/2/5/5/5/7/7 3 3,Z,-2,0,BLOCK,Z,0.09851317,0.1554223
7/5/7/2/1/5/5/7/7 3 3,X,-2,0,BLOCK,X,0.7653288,0.5468183
7/5/7/2/5/1/5/7/7 3 3,Z,-2,0,BLOCK,Z,0.6678309,0.5227949
7/5/7/2/5/5/1/7/7 3 3,X,-2,0,BLOCK,X,0.6049287,0.7114267
7/1/7/2/5/5/3/7/7 3 3,Z,-2,0,BLOCK,Z,0.1391977,0.1403161
7/5/7/2/1/5/3/7/7 3 3,X,-1.80,0,BLOCK,X,0.6620238,0.521779
7/5/7/2/5/1/3/7/7 3 3,Z,-2,0,BLOCK,Z,0.5807542,0.6758848
7/1/7/2/5/5/7/6/7 3 3,Z,-2.125,0,BLOCK,Z,0.3313144,0.2917742
7/5/7/2/1/5/7/6/7 3 3,X,-2,0,BLOCK,X,0.9770429,0.5273808
7/5/7/2/5/1/7/6/7 3 3,Z,-2.25,0,BLOCK,Z,0.5950342,0.5324483
7/5/7/2/5/5/7/4/7 3 3,Z,2,0,BLOCK,Z,0.2543382,0.3361413
7/1/7/2/5/5/7/5/7 3 3,Z,-2,2,BLOCK,Z,1.672285,0.5852628
7/5/7/2/1/5/7/5/7 3 3,X,-2,2,BLOCK,X,0.9239392,0.6149189
7/5/7/2/5/1/7/5/7 3 3,Z,-2,0,BLOCK,Z,0.6494477,0.418023
7/5/7/2/5/5/7/1/7 3 3,Z,-2,0,BLOCK,Z,0.2714489,0.3919885
7/1/7/2/5/5/7/3/7 3 3,Z,-1.875,0,BLOCK,Z,0.07924577,0.2053566
7/5/7/2/1/5/7/3/7 3 3,X,-2,0,BLOCK,X,0.9097244,0.641376
7/5/7/2/5/1/7/3/7 3 3,Z,-1.75,2,BLOCK,Z,1.09909,0.8168411
7/1/7/2/5/5/7/7/6 3 3,Z,-2,0,BLOCK,Z,0.3351786,0.263901
7/5/7/2/1/5/7/7/6 3 3,X,-2.20,0,BLOCK,X,0.938552,0.5347924
7/5/7/2/5/1/7/7/6 3 3,Z,-2,0,BLOCK,Z,0.626794,0.486445
7/1/7/2/5/5/7/7/5 3 3,Z,-2,0,BLOCK,Z,0.2616028,0.3895524
7/5/7/2/1/5/7/7/5 3 3,X,-2,0,BLOCK,X,0.9379389,0.543931
7/5/7/2/5/1/7/7/5 3 3,Z,-2,0,BLOCK,Z,1.008128,0.7236552
7/1/7/2/5/5/7/7/3 3 3,Z,-2,0,BLOCK,Z,0.3647442,0.3668056
7/5/7/2/1/5/7/7/3 3 3,X,-1.80,0,BLOCK,X,0.9186009,0.5996541
7/5/7/2/5/1/7/7/3 3 3,Z,-2,0,BLOCK,Z,0.7502824,0.3943115
7/1/7/2/5/3/6/7/7 3 3,Z,-1.875,0,BLOCK,Z,0.5662873,0.3075351
7/5/7/2/1/3/6/7/7 3 3,X,-2.20,2,BLOCK,X,1.45951,0.6876014
7/5/7/2/5/3/4/7/7 3 3,X,2,0,BLOCK,X,0.7583063,0.7628663
7/1/7/2/5/3/5/7/7 3 3,Z,-1.875,0,BLOCK,Z,0.15408,0.1352336
7/5/7/2/1/3/5/7/7 3 3,X,-2,0,BLOCK,X,0.5815926,0.836921
7/5/7/2/5/3/1/7/7 3 3,X,-2,0,BLOCK,X,0.7132907,0.6690067
7/1/7/2/5/3/3/7/7 3 3,Z,-1.875,2,BLOCK,Z,1.569731,0.7052121
7/5/7/2/1/3/3/7/7 3 3,X,-1.80,0,BLOCK,X,0.7211512,0.5763503
7/1/7/2/5/3/7/6/7 3 3,Z,-2.00,0,BLOCK,Z,0.05362228,0.08221278
7/5/7/2/1/3/7/6/7 3 3,X,-2,0,BLOCK,X,0.7609391,0.5918738
7/5/7/2/5/3/7/4/7 3 3,Z,2,0,BLOCK,Z,0.3537519,0.3922127
7/1/7/2/5/3/7/5/7 3 3,Z,-1.875,0,BLOCK,Z,0.516292,0.4102631
7/5/7/2/1/3/7/5/7 3 3,X,-2,0,BLOCK,X,0.7431079,0.621617
7/5/7/2/5/3/7/1/7 3 3,Z,-2,0,BLOCK,Z,0.3007281,0.3324241
7/1/7/2/5/3/7/3/7 3 3,Z,-1.75,2,BLOCK,Z,1.528612,0.8633843
7/5/7/2/1/3/7/3/7 3 3,X,-2,0,BLOCK,X,0.7061866,0.5778673
7/1/7/2/5/3/7/7/6 3 3,Z,-1.875,0,BLOCK,Z,0.2167634,0.47784
7/5/7/2/1/3/7/7/6 3 3,X,-2.20,0,BLOCK,X,0.9104413,0.6409262
7/1/7/2/5/3/7/7/5 3 3,Z,-1.875,0,BLOCK,Z,0.2263175,0.3929819
7/5/7/2/1/3/7/7/5 3 3,X,-2,2,BLOCK,X,1.004959,0.5463633
7/1/7/2/5/3/7/7/3 3 3,Z,-1.875,0,BLOCK,Z,0.1960858,0.3059572
7/5/7/2/1/3/7/7/3 3 3,X,-1.80,0,BLOCK,X,0.6552685,0.6449692
7/1/7/2/5/7/2/7/7 3 3,Z,-2,0,BLOCK,Z,0.4029447,0.2053277
7/5/7/2/1/7/2/7/7 3 3,X,-2,0,BLOCK,X,1.178074,0.5286177
7/1/7/2/5/7/6/6/7 3 3,Z,-2.125,0,BLOCK,Z,0.2871225,0.5197825
7/5/7/2/1/7/6/6/7 3 3,X,-2.2,0,BLOCK,X,0.601409,0.6979609
7/5/7/2/5/7/4/6/7 3 3,X,2,0,BLOCK,X,0.5499415,0.6692394
7/5/7/2/5/7/6/4/7 3 3,Z,2,0,BLOCK,Z,0.06476628,0.06004053
7/1/7/2/5/7/6/5/7 3 3,Z,-2,0,BLOCK,Z,0.5290237,0.2188275
7/5/7/2/1/7/6/5/7 3 3,X,-2.2,0,BLOCK,X,0.5946408,0.5260041
7/5/7/2/5/7/4/5/7 3 3,X,2,0,BLOCK,X,0.7395265,0.7722384
7/5/7/2/5/7/6/1/7 3 3,Z,-2,0,BLOCK,Z,0.2523828,0.2698625
7/1/7/2/5/7/6/3/7 3 3,Z,-1.875,2,BLOCK,Z,1.576234,0.7540008
7/5/7/2/1/7/6/3/7 3 3,X,-2.2,0,BLOCK,X,0.7748541,0.5324085
7/5/7/2/5/7/4/3/7 3 3,X,2,0,BLOCK,X,0.5736618,0.6784908
7/1/7/2/5/7/6/7/6 3 3,Z,-2,2,BLOCK,Z,1.562021,1.019534
7/5/7/2/1/7/6/7/6 3 3,X,-2.4,0,BLOCK,X,0.6669034,0.5211815
7/5/7/2/5/7/4/7/6 3 3,X,1.6,0,BLOCK,X,0.2664514,0.490513
7/1/7/2/5/7/6/7/5 3 3,Z,-2,0,BLOCK,Z,0.1176552,0.2917732
7/5/7/2/1/7/6/7/5 3 3,X,-2.2,0,BLOCK,X,1.300593,0.7648563
7/5/7/2/5/7/4/7/5 3 3,X,2,0,BLOCK,X,0.4151028,0.6276667
7/1/7/2/5/7/6/7/3 3 3,Z,-2,0,BLOCK,Z,0.3322473,0.3127828
7/5/7/2/1/7/6/7/3 3 3,X,-2,2,BLOCK,X,1.469753,0.6362285
7/5/7/2/5/7/4/7/3 3 3,X,2.4,0,BLOCK,X,0.5572023,0.7619764
7/1/7/2/5/7/5/6/7 3 3,Z,-2.125,0,BLOCK,Z,0.1172144,0.1329003
7/5/7/2/1/7/5/6/7 3 3,X,-2,0,BLOCK,X,0.6517383,0.5199581
7/5/7/2/5/7/1/6/7 3 3,X,-2,0,BLOCK,X,0.4397347,0.6593603
7/5/7/2/5/7/5/4/7 3 3,Z,2,0,BLOCK,Z,0.1212503,0.1492314
7/1/7/2/5/7/5/5/7 3 3,Z,-2,0,BLOCK,Z,0.3271648,0.2477831
7/5/7/2/1/7/5/5/7 3 3,X,-2,0,BLOCK,X,0.654482,0.6530598
7/5/7/2/5/7/1/5/7 3 3,X,-2,0,BLOCK,X,0.4429664,0.6201265
7/5/7/2/5/7/5/1/7 3 3,Z,-2,0,BLOCK,Z,0.1405588,0.2070085
7/1/7/2/5/7/5/3/7 3 3,Z,-1.875,2,BLOCK,Z,1.391405,0.9331468
7/5/7/2/1/7/5/3/7 3 3,X,-2,0,BLOCK,X,0.6401364,0.5965886
7/5/7/2/5/7/1/3/7 3 3,X,-2,0,BLOCK,X,0.5975952,0.6627013
7/1/7/2/5/7/5/7/6 3 3,Z,-2,0,BLOCK,Z,0.0643594,0.1033438
7/5/7/2/1/7/5/7/6 3 3,X,-2.2,0,BLOCK,X,0.9176971,0.6791597
7/5/7/2/5/7/1/7/6 3 3,X,-2.4,0,BLOCK,X,0.5078992,0.7184758
7/1/7/2/5/7/5/7/5 3 3,Z,-2,2,BLOCK,Z,1.219827,0.7848505
7/5/7/2/1/7/5/7/5 3 3,X,-2,0,BLOCK,X,0.7765238,0.5971868
7/5/7/2/5/7/1/7/5 3 3,X,-2,0,BLOCK,X,0.5754179,0.6350842
7/1/7/2/5/7/5/7/3 3 3,Z,-2,0,BLOCK,Z,0.1628561,0.1941886
7/5/7/2/1/7/5/7/3 3 3,X,-1.8,2,BLOCK,X,0.8603954,0.5864512
7/5/7/2/5/7/1/7/3 3 3,X,-1.6,0,BLOCK,X,0.358513,0.4980845
7/1/7/2/5/7/3/6/7 3 3,Z,-2.125,2,BLOCK,Z,1.274582,0.7294222
7/5/7/2/1/7/3/6/7 3 3,X,-1.8,0,BLOCK,X,0.7679726,0.6621131
7/5/7/2/5/7/3/4/7 3 3,Z,2,0,BLOCK,Z,1.655961,1.027616
7/1/7/2/5/7/3/5/7 3 3,Z,-2,2,BLOCK,Z,1.348325,0.8003418
7/5/7/2/1/7/3/5/7 3 3,X,-1.8,0,BLOCK,X,0.560151,0.7314031
7/5/7/2/5/7/3/1/7 3 3,Z,-2,0,BLOCK,Z,0.2656944,0.2650265
7/1/7/2/5/7/3/3/7 3 3,Z,-1.875,0,BLOCK,Z,0.4449558,0.4489339
7/5/7/2/1/7/3/3/7 3 3,X,-1.8,0,BLOCK,X,0.6111874,0.5081803
7/1/7/2/5/7/3/7/6 3 3,Z,-2,0,BLOCK,Z,0.1461256,0.1939654
7/5/7/2/1/7/3/7/6 3 3,X,-2,0,BLOCK,X,0.5221288,0.8685387
7/1/7/2/5/7/3/7/5 3 3,Z,-2,2,BLOCK,Z,1.267876,0.7381989
7/5/7/2/1/7/3/7/5 3 3,X,-1.8,2,BLOCK,X,0.8465391,0.5949855
7/1/7/2/5/7/3/7/3 3 3,Z,-2,0,BLOCK,Z,0.4707917,0.2919695
7/5/7/2/1/7/3/7/3 3 3,X,-1.6,0,BLOCK,X,0.7030154,0.5282813
7/1/7/2/5/7/7/2/7 3 3,Z,-2,0,BLOCK,Z,0.3387536,0.2641059
7/5/7/2/1/7/7/2/7 3 3,X,-2,0,BLOCK,X,0.7381207,0.5722386
7/1/7/2/5/7/7/6/6 3 3,Z,-2.125,0,BLOCK,Z,0.493232,0.3280143
7/5/7/2/1/7/7/6/6 3 3,X,-2.2,0,BLOCK,X,0.7812769,0.5768503
7/5/7/2/5/7/7/4/6 3 3,Z,2,0,BLOCK,Z,0.2705808,0.322997
7/1/7/2/5/7/7/6/5 3 3,Z,-2.125,0,BLOCK,Z,0.06063846,0.2367907
7/5/7/2/1/7/7/6/5 3 3,X,-2,0,BLOCK,X,0.6679145,0.5981886
7/5/7/2/5/7/7/4/5 3 3,Z,2,0,BLOCK,Z,0.3876972,0.3950703
7/1/7/2/5/7/7/6/3 3 3,Z,-2.125,0,BLOCK,Z,0.145854,0.2113681
7/5/7/2/1/7/7/6/3 3 3,X,-1.8,0,BLOCK,X,0.6780964,0.649624
7/5/7/2/5/7/7/4/3 3 3,Z,2,0,BLOCK,Z,0.3758572,0.4290129
7/1/7/2/5/7/7/5/6 3 3,Z,-2,0,BLOCK,Z,0.2658125,0.3048275
7/5/7/2/1/7/7/5/6 3 3,X,-2.2,0,BLOCK,X,1.154471,0.6420848
7/5/7/2/5/7/7/1/6 3 3,Z,-2,0,BLOCK,Z,0.4262677,0.4296966
7/1/7/2/5/7/7/5/5 3 3,Z,-2,0,BLOCK,Z,0.4212769,0.2668853
7/5/7/2/1/7/7/5/5 3 3,X,-2,0,BLOCK,X,0.6994671,0.662488
7/5/7/2/5/7/7/1/5 3 3,Z,-2,0,BLOCK,Z,0.140544,0.1916047
7/1/7/2/5/7/7/5/3 3 3,Z,-2,0,BLOCK,Z,0.584052,0.3494345
7/5/7/2/1/7/7/5/3 3 3,X,-1.8,0,BLOCK,X,0.9447751,0.5646059
7/5/7/2/5/7/7/1/3 3 3,Z,-2,0,BLOCK,Z,0.3934365,0.4283493
7/1/7/2/5/7/7/3/6 3 3,Z,-1.875,0,BLOCK,Z,0.2220556,0.3110803
7/5/7/2/1/7/7/3/6 3 3,X,-2.2,0,BLOCK,X,0.919725,0.6422596
7/1/7/2/5/7/7/3/5 3 3,Z,-1.875,0,BLOCK,Z,0.06526839,0.3646157
7/5/7/2/1/7/7/3/5 3 3,X,-2,0,BLOCK,X,0.9775849,0.6982355
7/1/7/2/5/7/7/3/3 3 3,Z,-1.875,0,BLOCK,Z,0.2963722,0.2795573
7/5/7/2/1/7/7/3/3 3 3,X,-1.8,2,BLOCK,X,0.9300476,0.535212
7/1/7/2/5/7/7/7/4 3 3,Z,-2,0,BLOCK,Z,0.4344029,0.3296392
7/5/7/2/1/7/7/7/4 3 3,X,-2.2,0,BLOCK,X,0.8610699,0.6425416
7/1/7/2/5/7/7/7/2 3 3,Z,-2,2,BLOCK,Z,1.369725,0.8226093
7/5/7/2/1/7/7/7/2 3 3,X,-2,0,BLOCK,X,0.7359628,0.7031702
7/1/7/2/5/7/7/7/1 3 3,Z,-2,0,BLOCK,Z,0.427582,0.1554016
7/5/7/2/1/7/7/7/1 3 3,X,-1.8,0,BLOCK,X,0.738398,0.7386956
7/1/7/2/3/2/7/7/7 3 3,Z,-2,0,BLOCK,Z,0.1307956,0.3162618
7/1/7/2/3/6/6/7/7 3 3,Z,-2.125,0,BLOCK,Z,0.09831657,0.1298084
7/5/7/2/3/4/6/7/7 3 3,Z,2,0,BLOCK,Z,0.7874502,0.7091746
7/5/7/2/3/6/4/7/7 3 3,X,2,0,BLOCK,X,0.7359359,0.6158592
7/1/7/2/3/6/5/7/7 3 3,Z,-2.125,0,BLOCK,Z,0.2678946,0.2479036
7/5/7/2/3/4/5/7/7 3 3,Z,2,0,BLOCK,Z,0.7448663,0.5438825
7/5/7/2/3/6/1/7/7 3 3,X,-2,0,BLOCK,X,0.928536,0.7938895
7/1/7/2/3/6/3/7/7 3 3,Z,-2.125,0,BLOCK,Z,0.2382637,0.2565065
7/5/7/2/3/4/3/7/7 3 3,Z,2,0,BLOCK,Z,0.9223346,0.5945842
7/1/7/2/3/6/7/6/7 3 3,Z,-2.25,0,BLOCK,Z,0.1013908,0.1314557
7/5/7/2/3/4/7/6/7 3 3,Z,1.75,0,BLOCK,Z,0.7668503,0.6776872
7/5/7/2/3/6/7/4/7 3 3,Z,2,0,BLOCK,Z,0.226472,0.153318
7/1/7/2/3/6/7/5/7 3 3,Z,-2.125,0,BLOCK,Z,0.4500213,0.1383601
7/5/7/2/3/4/7/5/7 3 3,Z,2,0,BLOCK,Z,0.8273488,0.6260084
7/5/7/2/3/6/7/1/7 3 3,Z,-2,0,BLOCK,Z,0.4736981,0.495799
7/1/7/2/3/6/7/3/7 3 3,Z,-2.00,0,BLOCK,Z,0.2832173,0.06176753
7/5/7/2/3/4/7/3/7 3 3,Z,2.25,0,BLOCK,Z,0.8631943,0.5249555
7/1/7/2/3/6/7/7/6 3 3,Z,-2.125,0,BLOCK,Z,0.02862975,0.1850278
7/5/7/2/3/4/7/7/6 3 3,Z,2,0,BLOCK,Z,1.155821,0.9759666
7/1/7/2/3/6/7/7/5 3 3,Z,-2.125,0,BLOCK,Z,0.08279267,0.1420649
7/5/7/2/3/4/7/7/5 3 3,Z,2,2,BLOCK,Z,1.226347,0.814468
7/1/7/2/3/6/7/7/3 3 3,Z,-2.125,0,BLOCK,Z,0.1770456,0.2258295
7/5/7/2/2/6/7/7/3 3 3,Z,0.5,302,TIMEOUT,Z,0.01645123,0.006113964
7/5/7/2/3/4/7/7/3 3 3,Z,2,0,BLOCK,Z,0.6650679,0.6116446
7/1/7/2/3/5/6/7/7 3 3,Z,-2,0,BLOCK,Z,0.2413549,0.1816192
7/5/7/2/3/1/6/7/7 3 3,Z,-2,2,BLOCK,Z,1.270042,0.9034236
7/5/7/2/3/5/4/7/7 3 3,X,2,0,BLOCK,X,1.332327,0.9355164
7/1/7/2/3/5/5/7/7 3 3,Z,-2,2,BLOCK,Z,1.444755,0.9497327
7/5/7/2/3/1/5/7/7 3 3,Z,-2,0,BLOCK,Z,0.8598229,0.7791374
7/5/7/2/3/5/1/7/7 3 3,X,-2,2,BLOCK,X,1.419582,0.8241022
7/5/7/2/3/5/5/6/7 3 3,X,-0.5,302,TIMEOUT,Z,0.004642652,0.001962348
7/1/7/2/3/5/3/7/7 3 3,Z,-2,0,BLOCK,Z,0.2267429,0.270456
7/5/7/2/3/1/3/7/7 3 3,Z,-2,0,BLOCK,Z,0.9285493,0.608073
7/1/7/2/3/5/7/6/7 3 3,Z,-2.125,2,BLOCK,Z,1.349454,0.6691893
7/5/7/2/3/1/7/6/7 3 3,Z,-2.25,0,BLOCK,Z,0.6477355,0.5123564
7/5/7/2/3/5/7/4/7 3 3,Z,2,0,BLOCK,Z,0.1926682,0.2476314
7/1/7/2/3/5/7/5/7 3 3,Z,-2,2,BLOCK,Z,1.620848,0.7279368
7/5/7/2/3/1/7/5/7 3 3,Z,-2,2,BLOCK,Z,1.223592,0.8535355
7/5/7/2/3/5/7/1/7 3 3,Z,-2,0,BLOCK,Z,0.3103802,0.3862931
7/1/7/2/3/5/7/3/7 3 3,Z,-1.875,2,BLOCK,Z,1.450719,0.6569667
7/5/7/2/3/1/7/3/7 3 3,Z,-1.75,2,BLOCK,Z,1.097145,0.8033802
7/1/7/2/3/5/7/7/6 3 3,Z,-2,2,BLOCK,Z,1.537983,0.6152182
7/5/7/2/3/1/7/7/6 3 3,Z,-2,2,BLOCK,Z,1.289712,0.8254605
7/1/7/2/3/5/7/7/5 3 3,Z,-2,2,BLOCK,Z,1.481548,0.8498965
7/5/7/2/3/1/7/7/5 3 3,Z,-2,0,BLOCK,Z,0.7237206,0.6372442
7/1/7/2/3/5/7/7/3 3 3,Z,-2,2,BLOCK,Z,1.25486,0.8110134
7/5/7/2/2/5/7/7/3 3 3,X,0.20,302,TIMEOUT,Z,0.01767398,0.006644958
7/5/7/2/3/1/7/7/3 3 3,Z,-2,0,BLOCK,Z,0.5282739,0.4978525
7/1/7/2/3/3/6/7/7 3 3,Z,-1.875,0,BLOCK,Z,0.3704841,0.2831182
7/5/7/2/3/3/4/7/7 3 3,X,2,0,BLOCK,X,0.7456966,0.5409087
7/1/7/2/3/3/5/7/7 3 3,Z,-1.875,0,BLOCK,Z,0.4419026,0.2726626
7/5/7/2/3/3/1/7/7 3 3,X,-2,0,BLOCK,X,0.6898961,0.7049264
7/1/7/2/3/3/3/7/7 3 3,Z,-1.875,0,BLOCK,Z,0.645737,0.4833362
7/1/7/2/3/3/7/6/7 3 3,Z,-2.00,0,BLOCK,Z,0.297132,0.1954696
7/5/7/2/3/3/7/4/7 3 3,Z,2,0,BLOCK,Z,0.3875464,0.3862994
7/1/7/2/3/3/7/5/7 3 3,Z,-1.875,0,BLOCK,Z,0.2633055,0.3002614
7/5/7/2/3/3/7/1/7 3 3,Z,-2,0,BLOCK,Z,0.4203244,0.5046638
7/1/7/2/3/3/7/3/7 3 3,Z,-1.75,0,BLOCK,Z,0.2295711,0.1262022
7/1/7/2/3/3/7/7/6 3 3,Z,-1.875,0,BLOCK,Z,0.4860463,0.302205
7/1/7/2/3/3/7/7/5 3 3,Z,-1.875,0,BLOCK,Z,0.290606,0.3253371
7/1/7/2/3/3/7/7/3 3 3,Z,-1.875,0,BLOCK,Z,0.2702561,0.1853137
7/1/7/2/3/7/2/7/7 3 3,Z,-2,0,BLOCK,Z,0.3220914,0.1848555
7/1/7/2/3/7/6/6/7 3 3,Z,-2.125,2,BLOCK,Z,1.447273,0.9924497
7/5/7/2/3/7/4/6/7 3 3,X,2,0,BLOCK,X,0.5452772,0.5242854
7/5/7/2/3/7/6/4/7 3 3,Z,2,0,BLOCK,Z,0.1213916,0.1768643
7/1/7/2/3/7/6/5/7 3 3,Z,-2,0,BLOCK,Z,0.2488305,0.2193559
7/5/7/2/3/7/4/5/7 3 3,X,2,0,BLOCK,X,0.8216498,0.7369068
7/5/7/2/3/7/6/1/7 3 3,Z,-2,0,BLOCK,Z,0.9136978,0.5512356
7/1/7/2/3/7/6/3/7 3 3,Z,-1.875,0,BLOCK,Z,0.5012619,0.1221596
7/5/7/2/3/7/4/3/7 3 3,X,2,0,BLOCK,X,0.7344308,0.5672066
7/1/7/2/3/7/6/7/6 3 3,Z,-2,0,BLOCK,Z,0.1188256,0.1615721
7/5/7/2/3/7/4/7/6 3 3,X,1.6,2,BLOCK,X,1.223297,0.7153449
7/1/7/2/3/7/6/7/5 3 3,Z,-2,2,BLOCK,Z,1.376729,0.8431627
7/5/7/2/3/7/4/7/5 3 3,X,2,0,BLOCK,X,1.060454,0.6320406
7/1/7/2/3/7/6/7/3 3 3,Z,-2,0,BLOCK,Z,0.1832409,0.2874718
7/5/7/2/3/7/4/7/3 3 3,X,2.4,0,BLOCK,X,0.8368136,0.8352495
7/1/7/2/3/7/5/6/7 3 3,Z,-2.125,0,BLOCK,Z,0.3513746,0.2991134
7/5/7/2/3/7/1/6/7 3 3,X,-2,0,BLOCK,X,0.6251847,0.8078001
7/5/7/2/3/7/5/4/7 3 3,Z,2,0,BLOCK,Z,0.1865146,0.3190162
7/1/7/2/3/7/5/5/7 3 3,Z,-2,0,BLOCK,Z,0.4136746,0.2879091
7/5/7/2/3/7/1/5/7 3 3,X,-2,0,BLOCK,X,0.7985687,0.7215694
7/5/7/2/3/7/5/1/7 3 3,Z,-2,2,BLOCK,Z,1.59062,0.9682961
7/1/7/2/3/7/5/3/7 3 3,Z,-1.875,0,BLOCK,Z,0.4170047,0.4187469
7/5/7/2/3/7/1/3/7 3 3,X,-2,2,BLOCK,X,1.389398,0.8063667
7/1/7/2/3/7/5/7/6 3 3,Z,-2,0,BLOCK,Z,0.4081717,0.3479823
7/5/7/2/3/7/1/7/6 3 3,X,-2.4,0,BLOCK,X,0.6979144,0.8392593
7/1/7/2/3/7/5/7/5 3 3,Z,-2,0,BLOCK,Z,0.2679588,0.1823294
7/5/7/2/3/7/1/7/5 3 3,X,-2,0,BLOCK,X,0.6694103,0.7247228
7/1/7/2/3/7/5/7/3 3 3,Z,-2,0,BLOCK,Z,0.2005194,0.2480821
7/5/7/2/3/7/1/7/3 3 3,X,-1.6,0,BLOCK,X,0.5901489,0.6146937
7/1/7/2/3/7/3/6/7 3 3,Z,-2.125,0,BLOCK,Z,0.4044765,0.2918449
7/5/7/2/3/7/3/4/7 3 3,Z,2,0,BLOCK,Z,0.4320298,0.4545685
7/1/7/2/3/7/3/5/7 3 3,Z,-2,0,BLOCK,Z,0.6117233,0.1615338
7/5/7/2/3/7/3/1/7 3 3,Z,-2,0,BLOCK,Z,0.2871194,0.3420186
7/1/7/2/3/7/3/3/7 3 3,Z,-1.875,0,BLOCK,Z,0.610009,0.5876067
7/1/7/2/3/7/3/7/6 3 3,Z,-2,0,BLOCK,Z,0.1211393,0.21016
7/1/7/2/3/7/3/7/5 3 3,Z,-2,0,BLOCK,Z,0.829891,0.2697188
7/1/7/2/3/7/3/7/3 3 3,Z,-2,0,BLOCK,Z,0.3431904,0.2583991
7/1/7/2/3/7/7/2/7 3 3,Z,-2,0,BLOCK,Z,0.1715656,0.3116163
7/1/7/2/3/7/7/6/6 3 3,Z,-2.125,0,BLOCK,Z,0.1695088,0.1848077
7/5/7/2/3/7/7/4/6 3 3,Z,2,2,BLOCK,Z,1.647786,1.001155
5/5/7/2/3/7/7/6/5 3 3,X,-0.5,302,TIMEOUT,Z,0.03564909,0.02317956
7/1/7/2/3/7/7/6/5 3 3,Z,-2.125,2,BLOCK,Z,1.364604,0.5449805
7/5/7/2/3/7/3/6/5 3 3,X,-0.5,302,TIMEOUT,Z,0.01131409,0.006353481
7/5/7/2/3/7/7/4/5 3 3,Z,2,0,BLOCK,Z,0.08619993,0.1019847
7/1/7/2/3/7/7/6/3 3 3,Z,-2.125,0,BLOCK,Z,0.06485598,0.214879
7/5/7/2/3/7/7/4/3 3 3,Z,2,0,BLOCK,Z,0.4079952,0.4269007
7/1/7/2/3/7/7/5/6 3 3,Z,-2,0,BLOCK,Z,0.1066771,0.2191874
7/5/7/2/3/7/7/1/6 3 3,Z,-2,0,BLOCK,Z,0.04693642,0.170971
7/1/7/2/3/7/7/5/5 3 3,Z,-2,0,BLOCK,Z,0.1220385,0.1671489
7/5/7/2/3/7/7/1/5 3 3,Z,-2,0,BLOCK,Z,0.37105,0.4114792
7/1/7/2/3/7/7/5/3 3 3,Z,-2,0,BLOCK,Z,0.04586665,0.1835142
7/5/7/2/3/7/7/1/3 3 3,Z,-2,0,BLOCK,Z,0.3678462,0.4947528
7/1/7/2/3/7/7/3/6 3 3,Z,-1.875,0,BLOCK,Z,0.2863114,0.2767873
7/1/7/2/3/7/7/3/5 3 3,Z,-1.875,2,BLOCK,Z,1.531948,0.6943567
7/1/7/2/3/7/7/3/3 3 3,Z,-1.875,0,BLOCK,Z,0.3456244,0.2292433
7/5/7/2/2/7/7/3/3 3 3,Z,-0.5,302,TIMEOUT,Z,0.01011627,0.004933338
7/1/7/2/3/7/7/7/4 3 3,Z,-2,0,BLOCK,Z,0.5330558,0.26291
7/1/7/2/3/7/7/7/2 3 3,Z,-2,0,BLOCK,Z,0.5497817,0.3272868
7/1/7/2/3/7/7/7/1 3 3,Z,-2,0,BLOCK,Z,0.4101751,0.3961298
7/1/7/2/7/2/6/7/7 3 3,Z,-2,0,BLOCK,Z,0.4923573,0.4664172
7/5/7/2/7/2/4/7/7 3 3,X,2,0,BLOCK,X,1.077356,0.7296141
7/1/7/2/7/2/5/7/7 3 3,Z,-2,2,BLOCK,Z,1.341946,0.8052772
7/5/7/2/7/2/1/7/7 3 3,X,-2,0,BLOCK,X,0.8496867,0.7087182
7/1/7/2/7/2/3/7/7 3 3,Z,-2,0,BLOCK,Z,0.37904,0.4984109
7/1/7/2/7/2/7/6/7 3 3,Z,-2.125,2,BLOCK,Z,1.302875,0.7721149
7/5/7/2/7/2/7/4/7 3 3,Z,2,0,BLOCK,Z,0.3218571,0.2873898
7/1/7/2/7/2/7/5/7 3 3,Z,-2,0,BLOCK,Z,0.1938428,0.1951392
7/5/7/2/7/2/7/1/7 3 3,Z,-2,0,BLOCK,Z,0.4658581,0.4729579
7/1/7/2/7/2/7/3/7 3 3,Z,-1.875,0,BLOCK,Z,0.270802,0.4123373
7/1/7/2/7/2/7/7/6 3 3,Z,-2,0,BLOCK,Z,0.2656956,0.317176
7/1/7/2/7/2/7/7/5 3 3,Z,-2,0,BLOCK,Z,0.3453452,0.3021119
7/1/7/2/7/2/7/7/3 3 3,Z,-2,0,BLOCK,Z,0.435654,0.4495901
7/1/7/2/7/6/2/7/7 3 3,Z,-2.125,0,BLOCK,Z,0.3054479,0.1162233
7/5/7/2/7/4/2/7/7 3 3,Z,2,0,BLOCK,Z,0.8364218,0.707054
7/1/7/2/7/6/6/6/7 3 3,Z,-2.25,0,BLOCK,Z,0.2501176,0.1733555
7/5/7/2/7/4/6/6/7 3 3,Z,1.7142857142857142857142857142,0,BLOCK,Z,0.199599,0.5179812
7/5/7/2/7/6/4/6/7 3 3,X,2,0,BLOCK,X,0.6379163,0.774233
7/5/7/2/7/6/6/4/7 3 3,Z,2,2,BLOCK,Z,1.587939,0.9936742
7/1/7/2/7/6/6/5/7 3 3,Z,-2.125,0,BLOCK,Z,0.5182462,0.4235984
7/5/7/2/7/4/6/5/7 3 3,Z,2,2,BLOCK,Z,1.140036,0.8074985
7/5/7/2/7/6/4/5/7 3 3,X,2,0,BLOCK,X,0.5852463,0.6806185
7/5/7/2/7/6/6/1/7 3 3,Z,-2,0,BLOCK,Z,0.4136402,0.4372312
7/1/7/2/7/6/6/3/7 3 3,Z,-2,0,BLOCK,Z,0.2184989,0.2666781
7/5/7/2/7/4/6/3/7 3 3,Z,2.2857142857142857142857142858,0,BLOCK,Z,0.4730459,0.4271896
7/5/7/2/7/6/4/3/7 3 3,X,2,2,BLOCK,X,1.356446,0.8347831
7/1/7/2/7/6/6/7/6 3 3,Z,-2.125,2,BLOCK,Z,1.277611,0.8109728
7/5/7/2/7/4/6/7/6 3 3,Z,2,2,BLOCK,Z,1.209265,0.7615437
7/5/7/2/7/6/4/7/6 3 3,X,1.6,0,BLOCK,X,0.320403,0.4737092
7/1/7/2/7/6/6/7/5 3 3,Z,-2.125,0,BLOCK,Z,0.5662983,0.5413638
7/5/7/2/7/4/6/7/5 3 3,Z,2,0,BLOCK,Z,0.9191807,0.6218065
7/5/7/2/7/6/4/7/5 3 3,X,2,0,BLOCK,X,0.5593168,0.6836532
7/1/7/2/7/6/6/7/3 3 3,Z,-2.125,0,BLOCK,Z,0.3173614,0.3587433
7/5/7/2/7/4/6/7/3 3 3,Z,2,0,BLOCK,Z,0.4835467,0.3859616
7/5/7/2/7/6/4/7/3 3 3,X,2.4,0,BLOCK,X,0.4592901,0.6393189
7/1/7/2/7/6/5/6/7 3 3,Z,-2.25,0,BLOCK,Z,0.03332838,0.09573159
7/5/7/2/7/4/5/6/7 3 3,Z,1.7142857142857142857142857142,0,BLOCK,Z,0.4840744,0.5650398
7/5/7/2/7/6/1/6/7 3 3,X,-2,0,BLOCK,X,1.460229,0.8697858
7/5/7/2/7/6/5/4/7 3 3,Z,2,0,BLOCK,Z,0.2634477,0.2166286
7/1/7/2/7/6/5/5/7 3 3,Z,-2.125,2,BLOCK,Z,1.243103,0.3630475
7/5/7/2/7/4/5/5/7 3 3,Z,2,0,BLOCK,Z,0.6765995,0.5920674
7/5/7/2/7/6/1/5/7 3 3,X,-2,0,BLOCK,X,0.5303364,0.622663
7/5/7/2/7/6/5/1/7 3 3,Z,-2,0,BLOCK,Z,0.5210768,0.4310391
7/1/7/2/7/6/5/3/7 3 3,Z,-2,0,BLOCK,Z,0.4674688,0.1980287
7/5/7/2/7/4/5/3/7 3 3,Z,2.2857142857142857142857142858,0,BLOCK,Z,0.785091,0.4131247
7/5/7/2/7/6/1/3/7 3 3,X,-2,0,BLOCK,X,0.4469134,0.6271822
7/1/7/2/7/6/5/7/6 3 3,Z,-2.125,0,BLOCK,Z,0.1256607,0.1020849
7/5/7/2/7/4/5/7/6 3 3,Z,2,0,BLOCK,Z,0.6241395,0.4911766
7/5/7/2/7/6/1/7/6 3 3,X,-2.4,0,BLOCK,X,0.4131891,0.7618448
7/1/7/2/7/6/5/7/5 3 3,Z,-2.125,0,BLOCK,Z,0.4029279,0.1992754
7/5/7/2/7/4/5/7/5 3 3,Z,2,2,BLOCK,Z,1.174166,0.8101388
7/5/7/2/7/6/1/7/5 3 3,X,-2,0,BLOCK,X,0.6367436,0.6111221
7/1/7/2/7/6/5/7/3 3 3,Z,-2.125,0,BLOCK,Z,0.3630383,0.2499544
7/5/7/2/7/4/5/7/3 3 3,Z,2,0,BLOCK,Z,0.664808,0.4683754
7/5/7/2/7/6/1/7/3 3 3,X,-1.6,0,BLOCK,X,0.3446849,0.4894158
7/1/7/2/7/6/3/6/7 3 3,Z,-2.25,0,BLOCK,Z,0.5490772,0.1760712
7/5/7/2/7/4/3/6/7 3 3,Z,1.7142857142857142857142857142,2,BLOCK,Z,1.02739,0.7615601
7/5/7/2/7/6/3/4/7 3 3,Z,2,0,BLOCK,Z,0.2962807,0.3532258
7/1/7/2/7/6/3/5/7 3 3,Z,-2.125,0,BLOCK,Z,0.5804198,0.2111134
7/5/7/2/7/4/3/5/7 3 3,Z,2,0,BLOCK,Z,0.3587708,0.396084
7/5/7/2/7/6/3/1/7 3 3,Z,-2,0,BLOCK,Z,0.3726535,0.3713239
7/1/7/2/7/6/3/3/7 3 3,Z,-2,0,BLOCK,Z,0.1924847,0.2016651
7/5/7/2/7/4/3/3/7 3 3,Z,2.2857142857142857142857142858,0,BLOCK,Z,0.2874315,0.1850021
7/1/7/2/7/6/3/7/6 3 3,Z,-2.125,0,BLOCK,Z,0.1708478,0.1065936
7/5/6/2/7/6/3/7/6 3 3,X,-0.7,302,TIMEOUT,Z,0.007982469,0.003315596
7/5/7/2/7/4/3/7/6 3 3,Z,2,0,BLOCK,Z,0.856499,0.5990698
7/1/7/2/7/6/3/7/5 3 3,Z,-2.125,0,BLOCK,Z,0.6177135,0.04906061
7/5/7/2/7/4/3/7/5 3 3,Z,2,0,BLOCK,Z,0.5425181,0.4460348
7/1/7/2/7/6/3/7/3 3 3,Z,-2.125,2,BLOCK,Z,1.295864,0.8781322
7/5/7/2/7/4/3/7/3 3 3,Z,2,0,BLOCK,Z,0.6630514,0.4740126
7/1/7/2/7/6/7/2/7 3 3,Z,-2.125,0,BLOCK,Z,1.061275,0.530856
7/5/7/2/7/4/7/2/7 3 3,Z,2,0,BLOCK,Z,0.1437178,0.2394197
7/1/7/2/7/6/7/6/6 3 3,Z,-2.25,0,BLOCK,Z,0.1280171,0.1788729
7/5/7/2/7/4/7/6/6 3 3,Z,1.7142857142857142857142857142,2,BLOCK,Z,1.102114,0.7581209
7/5/7/2/7/6/7/4/6 3 3,Z,2,0,BLOCK,Z,0.368941,0.4081629
7/1/7/2/7/6/7/6/5 3 3,Z,-2.25,0,BLOCK,Z,0.4106725,0.3880302
7/5/6/2/7/6/7/6/5 3 3,X,0.5,302,TIMEOUT,Z,0.009776807,0.007104415
7/5/7/2/6/6/7/6/5 3 3,X,0.5,302,TIMEOUT,Z,0.01348377,0.004924678
7/5/7/2/7/4/7/6/5 3 3,Z,1.7142857142857142857142857142,0,BLOCK,Z,0.849281,0.6874413
7/5/7/2/7/6/7/4/5 3 3,Z,2,0,BLOCK,Z,0.3438051,0.3664748
7/1/7/2/7/6/7/6/3 3 3,Z,-2.25,2,BLOCK,Z,1.283659,0.6900938
7/5/7/2/7/4/7/6/3 3 3,Z,1.7142857142857142857142857142,0,BLOCK,Z,0.5059336,0.5088167
7/5/7/2/7/6/7/4/3 3 3,Z,2,0,BLOCK,Z,0.2709245,0.2566014
7/1/7/2/7/6/7/5/6 3 3,Z,-2.125,0,BLOCK,Z,0.3865176,0.4316156
7/5/7/2/7/4/7/5/6 3 3,Z,2,0,BLOCK,Z,0.5646514,0.4205567
7/5/7/2/7/6/7/1/6 3 3,Z,-2,2,BLOCK,Z,1.624793,1.010384
7/1/7/2/7/6/7/5/5 3 3,Z,-2.125,0,BLOCK,Z,0.02378889,0.1498607
7/5/7/2/7/4/7/5/5 3 3,Z,2,0,BLOCK,Z,0.4191303,0.185421
7/5/7/2/7/6/7/1/5 3 3,Z,-2,2,BLOCK,Z,1.547571,0.9476043
7/1/7/2/7/6/7/5/3 3 3,Z,-2.125,0,BLOCK,Z,0.6536207,0.17314
7/5/7/2/7/4/7/5/3 3 3,Z,2,0,BLOCK,Z,0.671542,0.4929108
7/5/7/2/7/6/7/1/3 3 3,Z,-2,0,BLOCK,Z,0.7688295,0.4769841
7/1/7/2/7/6/7/3/6 3 3,Z,-2,0,BLOCK,Z,0.2344031,0.2623095
7/5/7/2/7/4/7/3/6 3 3,Z,2.2857142857142857142857142858,2,BLOCK,Z,1.43643,0.8953232
7/1/7/2/7/6/7/3/5 3 3,Z,-2,2,BLOCK,Z,1.271864,0.6790365
7/5/7/2/7/4/7/3/5 3 3,Z,2.2857142857142857142857142858,0,BLOCK,Z,0.4067449,0.4355165
7/1/7/2/7/6/7/3/3 3 3,Z,-2,0,BLOCK,Z,0.4421149,0.3089028
7/5/7/2/7/4/7/3/3 3 3,Z,2.2857142857142857142857142858,0,BLOCK,Z,0.4997343,0.4700917
7/1/7/2/7/6/7/7/4 3 3,Z,-2.125,2,BLOCK,Z,1.317707,0.7344878
7/5/7/2/7/4/7/7/4 3 3,Z,2,0,BLOCK,Z,0.5658587,0.4676273
7/1/7/2/7/6/7/7/2 3 3,Z,-2.125,0,BLOCK,Z,0.1143617,0.1047772
7/5/7/2/7/4/7/7/2 3 3,Z,2,0,BLOCK,Z,0.6044,0.4774118
7/1/7/2/7/6/7/7/1 3 3,Z,-2.125,0,BLOCK,Z,0.1258039,0.1549533
7/5/7/2/7/4/7/7/1 3 3,Z,2,0,BLOCK,Z,0.5589468,0.4562816
7/1/7/2/7/5/2/7/7 3 3,Z,-2,0,BLOCK,Z,0.2356922,0.3547217
7/5/7/2/7/1/2/7/7 3 3,Z,-2,0,BLOCK,Z,0.4866615,0.4752868
7/1/7/2/7/5/6/6/7 3 3,Z,-2.125,2,BLOCK,Z,1.11501,0.68775
7/5/7/2/7/1/6/6/7 3 3,Z,-2.2857142857142857142857142858,0,BLOCK,Z,0.6412846,0.5208598
7/5/7/2/7/5/4/6/7 3 3,X,2,0,BLOCK,X,0.6339374,0.7247255
7/5/7/2/7/5/6/4/7 3 3,Z,2,0,BLOCK,Z,0.06618139,0.1073941
7/1/7/2/7/5/6/5/7 3 3,Z,-2,0,BLOCK,Z,0.2599204,0.2661585
7/5/7/2/7/1/6/5/7 3 3,Z,-2,0,BLOCK,Z,0.5889227,0.487195
7/5/7/2/7/5/4/5/7 3 3,X,2,0,BLOCK,X,0.5286945,0.7496823
7/5/7/2/7/5/6/1/7 3 3,Z,-2,0,BLOCK,Z,0.1996724,0.3497841
7/1/7/2/7/5/6/3/7 3 3,Z,-1.875,0,BLOCK,Z,0.2104087,0.1690406
7/5/7/2/7/1/6/3/7 3 3,Z,-1.7142857142857142857142857142,0,BLOCK,Z,0.221752,0.3526229
7/5/7/2/7/5/4/3/7 3 3,X,2,2,BLOCK,X,1.390776,0.8544486
7/1/7/2/7/5/6/7/6 3 3,Z,-2,0,BLOCK,Z,0.2417923,0.2990696
7/5/7/2/7/1/6/7/6 3 3,Z,-2,0,BLOCK,Z,0.7019104,0.5875707
7/5/7/2/7/5/4/7/6 3 3,X,1.6,0,BLOCK,X,0.2381679,0.3990979
7/1/7/2/7/5/6/7/5 3 3,Z,-2,0,BLOCK,Z,0.1106284,0.1057208
7/5/7/2/7/1/6/7/5 3 3,Z,-2,2,BLOCK,Z,1.182287,0.8373082
7/5/7/2/7/5/4/7/5 3 3,X,2,0,BLOCK,X,0.5058407,0.599069
7/1/7/2/7/5/6/7/3 3 3,Z,-2,0,BLOCK,Z,0.4423701,0.3599769
7/5/7/2/7/1/6/7/3 3 3,Z,-2,0,BLOCK,Z,0.7853194,0.5391373
7/5/7/2/7/5/4/7/3 3 3,X,2.4,0,BLOCK,X,0.518608,0.745948
7/1/7/2/7/5/5/6/7 3 3,Z,-2.125,0,BLOCK,Z,0.4222259,0.3461673
7/5/7/2/7/1/5/6/7 3 3,Z,-2.2857142857142857142857142858,0,BLOCK,Z,0.443418,0.4279478
7/5/7/2/7/5/1/6/7 3 3,X,-2,0,BLOCK,X,1.147531,0.8573424
7/5/7/2/7/5/5/4/7 3 3,Z,2,0,BLOCK,Z,0.1356302,0.2244488
7/1/7/2/7/5/5/5/7 3 3,Z,-2,2,BLOCK,Z,1.588525,0.6772041
7/5/7/2/7/1/5/5/7 3 3,Z,-2,0,BLOCK,Z,0.5717167,0.4317004
7/5/7/2/7/5/1/5/7 3 3,X,-2,0,BLOCK,X,0.4937465,0.7199033
7/5/7/2/7/5/5/1/7 3 3,Z,-2,0,BLOCK,Z,0.4018448,0.4779061
7/1/7/2/7/5/5/3/7 3 3,Z,-1.875,0,BLOCK,Z,0.3927363,0.3880596
7/5/7/2/7/1/5/3/7 3 3,Z,-1.7142857142857142857142857142,2,BLOCK,Z,1.056005,0.8438572
7/5/7/2/7/5/1/3/7 3 3,X,-2,0,BLOCK,X,1.284588,0.8947266
7/1/7/2/7/5/5/7/6 3 3,Z,-2,0,BLOCK,Z,0.6180153,0.356774
7/5/7/2/7/1/5/7/6 3 3,Z,-2,0,BLOCK,Z,0.7937075,0.6536946
7/5/7/2/7/5/1/7/6 3 3,X,-2.4,0,BLOCK,X,0.4628277,0.7359291
7/1/7/2/7/5/5/7/5 3 3,Z,-2,2,BLOCK,Z,1.50867,0.6253955
7/5/7/2/7/1/5/7/5 3 3,Z,-2,0,BLOCK,Z,0.5321367,0.4901154
7/5/7/2/7/5/1/7/5 3 3,X,-2,0,BLOCK,X,0.6189557,0.6280627
7/1/7/2/7/5/5/7/3 3 3,Z,-2,0,BLOCK,Z,0.2260348,0.4486604
7/5/7/2/7/1/5/7/3 3 3,Z,-2,0,BLOCK,Z,0.437582,0.478713
7/5/7/2/7/5/1/7/3 3 3,X,-1.6,0,BLOCK,X,1.059538,0.8303065
7/1/7/2/7/5/3/6/7 3 3,Z,-2.125,0,BLOCK,Z,0.3191746,0.2826011
7/5/7/2/7/1/3/6/7 3 3,Z,-2.2857142857142857142857142858,0,BLOCK,Z,0.5925157,0.5382335
7/5/7/2/7/5/3/4/7 3 3,Z,2,2,BLOCK,Z,1.562148,0.9501482
7/1/7/2/7/5/3/5/7 3 3,Z,-2,0,BLOCK,Z,0.2561238,0.3160494
7/5/7/2/7/1/3/5/7 3 3,Z,-2,0,BLOCK,Z,0.7084644,0.4894552
7/5/7/2/7/5/3/1/7 3 3,Z,-2,0,BLOCK,Z,0.0940233,0.1847202
7/1/7/2/7/5/3/3/7 3 3,Z,-1.875,0,BLOCK,Z,0.6198008,0.2647942
7/5/7/2/7/1/3/3/7 3 3,Z,-1.7142857142857142857142857142,0,BLOCK,Z,0.3448441,0.5763714
7/1/7/2/7/5/3/7/6 3 3,Z,-2,2,BLOCK,Z,1.513253,0.6701483
7/5/7/2/7/1/3/7/6 3 3,Z,-2,0,BLOCK,Z,0.8048509,0.4813919
7/1/7/2/7/5/3/7/5 3 3,Z,-2,0,BLOCK,Z,0.1117358,0.1734303
7/5/7/2/7/1/3/7/5 3 3,Z,-2,0,BLOCK,Z,0.3717002,0.6439659
7/1/7/2/7/5/3/7/3 3 3,Z,-2,0,BLOCK,Z,0.1382847,0.2012718
7/5/7/2/7/1/3/7/3 3 3,Z,-2,0,BLOCK,Z,0.5787421,0.5890698
7/1/7/2/7/5/7/2/7 3 3,Z,-2,0,BLOCK,Z,0.2313907,0.2276907
7/5/7/2/7/1/7/2/7 3 3,Z,-2,0,BLOCK,Z,0.02955994,0.3102688
7/1/7/2/7/5/7/6/6 3 3,Z,-2.125,2,BLOCK,Z,1.305121,0.8770548
7/5/7/2/7/1/7/6/6 3 3,Z,-2.2857142857142857142857142858,0,BLOCK,Z,0.2917725,0.3113492
7/5/7/2/7/5/7/4/6 3 3,Z,2,0,BLOCK,Z,0.06248965,0.1105972
7/1/7/2/7/5/7/6/5 3 3,Z,-2.125,2,BLOCK,Z,1.405959,0.7176607
7/5/7/2/7/1/7/6/5 3 3,Z,-2.2857142857142857142857142858,0,BLOCK,Z,0.8078205,0.4933932
7/5/7/2/7/5/7/4/5 3 3,Z,2,0,BLOCK,Z,0.2861436,0.320783
7/1/7/2/7/5/7/6/3 3 3,Z,-2.125,0,BLOCK,Z,0.07989207,0.0941567
7/5/7/2/7/1/7/6/3 3 3,Z,-2.2857142857142857142857142858,0,BLOCK,Z,0.4641863,0.4662203
7/5/7/2/7/5/7/4/3 3 3,Z,2,0,BLOCK,Z,0.08337574,0.1150515
7/1/7/2/7/5/7/5/6 3 3,Z,-2,0,BLOCK,Z,0.3372276,0.359329
7/5/7/2/7/1/7/5/6 3 3,Z,-2,2,BLOCK,Z,1.157587,0.79865
7/5/7/2/7/5/7/1/6 3 3,Z,-2,0,BLOCK,Z,0.1117672,0.1594492
7/1/7/2/7/5/7/5/5 3 3,Z,-2,0,BLOCK,Z,0.5596853,0.287337
7/5/7/2/7/1/7/5/5 3 3,Z,-2,0,BLOCK,Z,0.6224309,0.4638339
7/5/7/2/7/5/7/1/5 3 3,Z,-2,0,BLOCK,Z,0.3168338,0.3374178
7/1/7/2/7/5/7/5/3 3 3,Z,-2,0,BLOCK,Z,0.3604203,0.1397156
7/5/7/2/7/1/7/5/3 3 3,Z,-2,0,BLOCK,Z,0.8473691,0.5932166
7/5/7/2/7/5/7/1/3 3 3,Z,-2,0,BLOCK,Z,0.2965883,0.388051
7/1/7/2/7/5/7/3/6 3 3,Z,-1.875,2,BLOCK,Z,1.362749,0.8337756
7/5/7/2/7/1/7/3/6 3 3,Z,-1.7142857142857142857142857142,0,BLOCK,Z,0.4003536,0.5011778
7/1/7/2/7/5/7/3/5 3 3,Z,-1.875,2,BLOCK,Z,1.590471,0.610369
7/5/7/2/7/1/7/3/5 3 3,Z,-1.7142857142857142857142857142,0,BLOCK,Z,0.117629,0.4439976
7/1/7/2/7/5/7/3/3 3 3,Z,-1.875,0,BLOCK,Z,0.05212709,0.1344891
7/5/7/2/7/1/7/3/3 3 3,Z,-1.7142857142857142857142857142,0,BLOCK,Z,0.4359797,0.4192314
7/1/7/2/7/5/7/7/4 3 3,Z,-2,0,BLOCK,Z,0.0945986,0.3133664
7/5/7/2/7/1/7/7/4 3 3,Z,-2,0,BLOCK,Z,0.838807,0.5198807
7/1/7/2/7/5/7/7/2 3 3,Z,-2,2,BLOCK,Z,1.226938,0.6974509
7/5/7/2/7/1/7/7/2 3 3,Z,-2,0,BLOCK,Z,0.525188,0.5206659
7/1/7/2/7/5/7/7/1 3 3,Z,-2,0,BLOCK,Z,0.1404972,0.0293819
7/5/7/2/7/1/7/7/1 3 3,Z,-2,0,BLOCK,Z,0.4828859,0.47523
7/1/7/2/7/3/2/7/7 3 3,Z,-1.875,0,BLOCK,Z,0.3360921,0.2848412
7/1/7/2/7/3/6/6/7 3 3,Z,-2,0,BLOCK,Z,0.1435606,0.2482452
7/5/7/2/7/3/4/6/7 3 3,X,2,0,BLOCK,X,0.6039861,0.738894
7/5/7/2/7/3/6/4/7 3 3,Z,2,0,BLOCK,Z,1.633319,0.9718342
7/1/7/2/7/3/6/5/7 3 3,Z,-1.875,0,BLOCK,Z,0.5407036,0.5088115
7/5/7/2/7/3/4/5/7 3 3,X,2,0,BLOCK,X,0.6854199,0.6557697
7/5/7/2/7/3/6/1/7 3 3,Z,-2,0,BLOCK,Z,0.3965266,0.3963025
7/1/7/2/7/3/6/3/7 3 3,Z,-1.75,0,BLOCK,Z,0.3282543,0.3492858
7/5/7/2/7/3/4/3/7 3 3,X,2,2,BLOCK,X,1.351138,0.811559
7/1/7/2/7/3/6/7/6 3 3,Z,-1.875,0,BLOCK,Z,0.1174085,0.2551137
7/5/7/2/7/3/4/7/6 3 3,X,1.6,0,BLOCK,X,0.5353805,0.5580136
7/1/7/2/7/3/6/7/5 3 3,Z,-1.875,0,BLOCK,Z,0.5558326,0.1529422
7/5/7/2/7/3/4/7/5 3 3,X,2,0,BLOCK,X,0.721526,0.653801
7/1/7/2/7/3/6/7/3 3 3,Z,-1.875,0,BLOCK,Z,0.06411617,0.2076428
7/5/7/2/7/3/4/7/3 3 3,X,2.4,0,BLOCK,X,1.503147,1.133451
7/1/7/2/7/3/5/6/7 3 3,Z,-2,0,BLOCK,Z,0.08751324,0.168919
7/5/7/2/7/3/1/6/7 3 3,X,-2,0,BLOCK,X,1.243951,0.9186832
7/5/7/2/7/3/5/4/7 3 3,Z,2,0,BLOCK,Z,1.561278,0.9982121
7/1/7/2/7/3/5/5/7 3 3,Z,-1.875,0,BLOCK,Z,0.1573004,0.4850194
7/5/7/2/7/3/1/5/7 3 3,X,-2,2,BLOCK,X,1.366727,0.9733207
7/5/7/2/7/3/5/1/7 3 3,Z,-2,0,BLOCK,Z,1.60888,1.050515
7/1/7/2/7/3/5/3/7 3 3,Z,-1.75,2,BLOCK,Z,1.48513,0.8843308
7/5/7/2/7/3/1/3/7 3 3,X,-2,0,BLOCK,X,0.4561108,0.6515621
7/1/7/2/7/3/5/7/6 3 3,Z,-1.875,0,BLOCK,Z,0.2401051,0.2191466
7/5/7/2/7/3/1/7/6 3 3,X,-2.4,0,BLOCK,X,1.59732,1.088694
7/1/7/2/7/3/5/7/5 3 3,Z,-1.875,0,BLOCK,Z,0.3154412,0.1475695
7/5/7/2/7/3/1/7/5 3 3,X,-2,0,BLOCK,X,0.6120276,0.6476766
7/1/7/2/7/3/5/7/3 3 3,Z,-1.875,0,BLOCK,Z,0.1692358,0.2326118
7/5/7/2/7/3/1/7/3 3 3,X,-1.6,0,BLOCK,X,0.7186478,0.6049904
7/1/7/2/7/3/3/6/7 3 3,Z,-2,0,BLOCK,Z,0.1093107,0.05325001
7/5/7/2/7/3/3/4/7 3 3,Z,2,0,BLOCK,Z,0.4794813,0.4903339
7/1/7/2/7/3/3/5/7 3 3,Z,-1.875,2,BLOCK,Z,1.694172,0.5837467
7/5/7/2/7/3/3/1/7 3 3,Z,-2,0,BLOCK,Z,1.632865,1.051942
7/1/7/2/7/3/3/3/7 3 3,Z,-1.75,2,BLOCK,Z,2.038865,0.9453449
7/1/7/2/7/3/3/7/6 3 3,Z,-1.875,2,BLOCK,Z,1.377167,0.8500702
7/1/7/2/7/3/3/7/5 3 3,Z,-1.875,0,BLOCK,Z,0.4150478,0.2463405
7/1/7/2/7/3/3/7/3 3 3,Z,-1.875,0,BLOCK,Z,0.3592466,0.2668253
7/1/7/2/7/3/7/2/7 3 3,Z,-1.875,0,BLOCK,Z,0.2084834,0.2606356
7/1/7/2/7/3/7/6/6 3 3,Z,-2,0,BLOCK,Z,0.2041775,0.2753308
7/5/7/2/7/3/7/4/6 3 3,Z,2,0,BLOCK,Z,0.4968455,0.5467691
7/1/7/2/7/3/7/6/5 3 3,Z,-2,2,BLOCK,Z,1.300034,0.5672072
7/5/7/2/7/3/7/4/5 3 3,Z,2,0,BLOCK,Z,0.1109679,0.114546
7/1/7/2/7/3/7/6/3 3 3,Z,-2,0,BLOCK,Z,0.4817685,0.08126752
7/5/7/2/7/3/7/4/3 3 3,Z,2,0,BLOCK,Z,0.5975243,0.5988666
7/1/7/2/7/3/7/5/6 3 3,Z,-1.875,0,BLOCK,Z,0.3086026,0.346726
7/5/7/2/7/3/7/1/6 3 3,Z,-2,0,BLOCK,Z,0.2298031,0.3034441
7/1/7/2/7/3/7/5/5 3 3,Z,-1.875,2,BLOCK,Z,1.472161,0.8603575
7/5/7/2/7/3/7/1/5 3 3,Z,-2,0,BLOCK,Z,0.2222103,0.2284386
7/1/7/2/7/3/7/5/3 3 3,Z,-1.875,0,BLOCK,Z,0.4828051,0.3397621
7/5/7/2/6/3/7/5/3 3 3,X,0.6111111111111111111111111111,302,TIMEOUT,Z,0.0104515,0.004558789
7/5/7/2/7/3/7/1/3 3 3,Z,-2,0,BLOCK,Z,0.5074332,0.4787424
7/1/7/2/7/3/7/3/6 3 3,Z,-1.75,0,BLOCK,Z,0.3536022,0.3363637
7/1/7/2/7/3/7/3/5 3 3,Z,-1.75,0,BLOCK,Z,0.292876,0.3764949
7/1/7/2/7/3/7/3/3 3 3,Z,-1.75,0,BLOCK,Z,0.06604938,0.1978872
7/1/7/2/7/3/7/7/4 3 3,Z,-1.875,2,BLOCK,Z,1.457942,0.8896335
7/1/7/2/7/3/7/7/2 3 3,Z,-1.875,0,BLOCK,Z,0.173739,0.1539305
7/1/7/2/7/3/7/7/1 3 3,Z,-1.875,2,BLOCK,Z,1.411988,0.9074093
7/1/7/2/7/7/2/6/7 3 3,Z,-2.125,0,BLOCK,Z,0.4029858,0.09203032
7/5/7/2/7/7/2/4/7 3 3,Z,2,0,BLOCK,Z,0.4034654,0.3957696
7/1/7/2/7/7/2/5/7 3 3,Z,-2,0,BLOCK,Z,0.04705871,0.1562602
7/5/7/2/7/7/2/1/7 3 3,Z,-2,0,BLOCK,Z,0.383918,0.5498658
7/1/7/2/7/7/2/3/7 3 3,Z,-1.875,0,BLOCK,Z,0.4255431,0.5308763
7/1/7/2/7/7/2/7/6 3 3,Z,-2,0,BLOCK,Z,0.3981244,0.3194598
7/1/7/2/7/7/2/7/5 3 3,Z,-2,0,BLOCK,Z,0.2885429,0.2670901
7/1/7/2/7/7/2/7/3 3 3,Z,-2,0,BLOCK,Z,0.1453207,0.2459322
7/1/7/2/7/7/6/2/7 3 3,Z,-2,2,BLOCK,Z,1.444143,0.4726383
7/5/7/2/7/7/4/2/7 3 3,X,2,0,BLOCK,X,0.4128241,0.6568763
7/1/7/2/7/7/6/6/6 3 3,Z,-2.125,2,BLOCK,Z,1.242602,0.6789762
7/5/7/2/7/7/4/6/6 3 3,X,1.5,0,BLOCK,X,1.214997,0.6922757
7/5/7/2/7/7/6/4/6 3 3,Z,2,0,BLOCK,Z,0.3255906,0.366541
7/1/7/2/7/7/6/6/5 3 3,Z,-2.125,0,BLOCK,Z,0.4801411,0.5169854
7/5/7/2/7/7/4/6/5 3 3,X,2,2,BLOCK,X,1.31695,0.8283861
7/5/7/2/7/7/6/4/5 3 3,Z,2,0,BLOCK,Z,1.085244,0.4596119
7/1/7/2/7/7/6/6/3 3 3,Z,-2.125,2,BLOCK,Z,1.268493,0.6984888
7/5/7/2/7/7/4/6/3 3 3,X,2.5,0,BLOCK,X,0.657706,0.8280977
7/5/7/2/7/7/6/4/3 3 3,Z,2,2,BLOCK,Z,1.570199,0.936557
7/1/7/2/7/7/6/5/6 3 3,Z,-2,0,BLOCK,Z,0.1871365,0.1971399
7/5/7/2/7/7/4/5/6 3 3,X,1.5,2,BLOCK,X,1.205661,0.684226
7/5/7/2/7/7/6/1/6 3 3,Z,-2,0,BLOCK,Z,0.05875519,0.1395538
7/1/7/2/7/7/6/5/5 3 3,Z,-2,0,BLOCK,Z,0.2751327,0.2898454
7/5/7/2/7/7/4/5/5 3 3,X,2,0,BLOCK,X,0.3669297,0.5555591
7/5/7/2/7/7/6/1/5 3 3,Z,-2,0,BLOCK,Z,0.3542871,0.3467638
7/1/7/2/7/7/6/5/3 3 3,Z,-2,0,BLOCK,Z,0.4983304,0.4552783
7/5/7/2/7/7/4/5/3 3 3,X,2.5,0,BLOCK,X,0.4021991,0.6593519
7/5/7/2/7/7/6/1/3 3 3,Z,-2,0,BLOCK,Z,0.9893368,0.365599
7/1/7/2/7/7/6/3/6 3 3,Z,-1.875,0,BLOCK,Z,0.2929436,0.2888067
7/5/7/2/7/7/4/3/6 3 3,X,1.5,0,BLOCK,X,0.4162587,0.5469045
7/1/7/2/7/7/6/3/5 3 3,Z,-1.875,0,BLOCK,Z,0.6795809,0.4950485
7/5/7/2/7/7/4/3/5 3 3,X,2,0,BLOCK,X,0.3880466,0.5294039
7/1/7/2/7/7/6/3/3 3 3,Z,-1.875,0,BLOCK,Z,0.02769209,0.2047391
7/5/7/2/7/7/4/3/3 3 3,X,2.5,0,BLOCK,X,0.45938,0.7391469
7/1/7/2/7/7/6/7/4 3 3,Z,-2,0,BLOCK,Z,0.2499523,0.1132529
7/5/7/2/7/7/4/7/4 3 3,X,1.5,0,BLOCK,X,0.4832051,0.4830329
7/1/7/2/7/7/6/7/2 3 3,Z,-2,0,BLOCK,Z,0.1335363,0.2464931
7/5/7/2/7/7/4/7/2 3 3,X,2,0,BLOCK,X,0.4981583,0.6221771
7/1/7/2/7/7/6/7/1 3 3,Z,-2,0,BLOCK,Z,0.3006501,0.200232
7/5/7/2/7/7/4/7/1 3 3,X,2.5,0,BLOCK,X,0.4476447,0.5861107
7/1/7/2/7/7/5/2/7 3 3,Z,-2,0,BLOCK,Z,0.2997308,0.2461486
7/5/6/2/7/7/5/2/7 3 3,X,0.5,302,TIMEOUT,Z,0.02577828,0.01169216
7/5/7/2/7/7/1/2/7 3 3,X,-2,0,BLOCK,X,0.4703417,0.7350635
7/1/7/2/7/7/5/6/6 3 3,Z,-2.125,0,BLOCK,Z,0.2038573,0.4949348
7/5/7/2/7/7/1/6/6 3 3,X,-2.5,0,BLOCK,X,0.5749049,0.689103
7/5/7/2/7/7/5/4/6 3 3,Z,2,0,BLOCK,Z,0.3080829,0.3777175
7/1/7/2/7/7/5/6/5 3 3,Z,-2.125,0,BLOCK,Z,0.1138117,0.09760806
7/5/7/2/7/7/1/6/5 3 3,X,-2,0,BLOCK,X,0.5611815,0.668704
7/5/7/2/7/7/5/4/5 3 3,Z,2,2,BLOCK,Z,1.562964,0.9679374
7/1/7/2/7/7/5/6/3 3 3,Z,-2.125,0,BLOCK,Z,0.1838622,0.1928568
7/5/7/2/3/7/5/6/3 3 3,Z,0.5,302,TIMEOUT,Z,0.01067607,0.008415084
7/5/7/2/7/7/1/6/3 3 3,X,-1.5,2,BLOCK,X,1.202088,0.7147226
7/5/7/2/7/7/5/4/3 3 3,Z,2,0,BLOCK,Z,1.730832,1.021607
7/1/7/2/7/7/5/5/6 3 3,Z,-2,0,BLOCK,Z,0.1522577,0.1977773
7/5/7/2/7/7/1/5/6 3 3,X,-2.5,0,BLOCK,X,0.4860609,0.7411759
7/5/7/2/7/7/5/1/6 3 3,Z,-2,0,BLOCK,Z,1.717077,0.9926139
7/1/7/2/7/7/5/5/5 3 3,Z,-2,0,BLOCK,Z,0.08419431,0.05286866
7/5/7/2/7/7/1/5/5 3 3,X,-2,0,BLOCK,X,0.4384461,0.6181654
7/5/7/2/7/7/5/1/5 3 3,Z,-2,0,BLOCK,Z,0.2186572,0.2544721
7/1/7/2/7/7/5/5/3 3 3,Z,-2,0,BLOCK,Z,0.4699329,0.1133903
7/5/7/2/7/7/1/5/3 3 3,X,-1.5,0,BLOCK,X,0.4026576,0.5126231
7/5/7/2/7/7/5/1/3 3 3,Z,-2,0,BLOCK,Z,1.730404,0.9728888
7/1/7/2/7/7/5/3/6 3 3,Z,-1.875,0,BLOCK,Z,0.5231017,0.3997227
7/5/7/2/7/7/1/3/6 3 3,X,-2.5,0,BLOCK,X,0.5096619,0.7022874
7/1/7/2/7/7/5/3/5 3 3,Z,-1.875,0,BLOCK,Z,0.351409,0.2762567
7/5/7/2/7/7/1/3/5 3 3,X,-2,0,BLOCK,X,0.569618,0.6623486
7/1/7/2/7/7/5/3/3 3 3,Z,-1.875,0,BLOCK,Z,0.2287675,0.4024717
7/5/7/2/7/7/1/3/3 3 3,X,-1.5,0,BLOCK,X,0.3410684,0.4990373
7/1/7/2/7/7/5/7/4 3 3,Z,-2,0,BLOCK,Z,0.1681763,0.206609
7/5/7/2/7/7/1/7/4 3 3,X,-2.5,0,BLOCK,X,0.3833148,0.595176
7/1/7/2/7/7/5/7/2 3 3,Z,-2,0,BLOCK,Z,0.1795449,0.3258115
7/5/7/2/7/7/1/7/2 3 3,X,-2,0,BLOCK,X,0.4768414,0.6678484
7/1/7/2/7/7/5/7/1 3 3,Z,-2,0,BLOCK,Z,0.3747516,0.3902954
7/5/7/2/7/7/1/7/1 3 3,X,-1.5,2,BLOCK,X,1.169513,0.6891814
7/1/7/2/7/7/3/2/7 3 3,Z,-2,0,BLOCK,Z,0.07832441,0.3769192
7/1/7/2/7/7/3/6/6 3 3,Z,-2.125,0,BLOCK,Z,0.285404,0.2799116
7/5/7/2/7/7/3/4/6 3 3,Z,2,2,BLOCK,Z,1.576794,0.9602316
7/1/7/2/7/7/3/6/5 3 3,Z,-2.125,0,BLOCK,Z,0.4116815,0.3187446
7/5/7/2/7/7/3/4/5 3 3,Z,2,0,BLOCK,Z,0.9702606,0.347393
7/1/7/2/7/7/3/6/3 3 3,Z,-2.125,0,BLOCK,Z,0.4612592,0.3283293
7/5/7/2/7/7/3/4/3 3 3,Z,2,0,BLOCK,Z,0.09237301,0.2076837
7/1/7/2/7/7/3/5/6 3 3,Z,-2,0,BLOCK,Z,0.4539344,0.3999083
7/5/7/2/7/7/3/1/6 3 3,Z,-2,0,BLOCK,Z,0.3768684,0.3727068
7/1/7/2/7/7/3/5/5 3 3,Z,-2,0,BLOCK,Z,0.1254068,0.2969954
7/5/7/2/7/7/3/1/5 3 3,Z,-2,0,BLOCK,Z,1.606547,1.000389
7/1/7/2/7/7/3/5/3 3 3,Z,-2,0,BLOCK,Z,0.2939347,0.1737891
7/5/7/2/7/7/3/1/3 3 3,Z,-2,0,BLOCK,Z,0.1007922,0.2333559
7/1/7/2/7/7/3/3/6 3 3,Z,-1.875,0,BLOCK,Z,0.405257,0.2463158
7/1/7/2/7/7/3/3/5 3 3,Z,-1.875,0,BLOCK,Z,0.1138191,0.2272103
7/1/7/2/7/7/3/3/3 3 3,Z,-1.875,0,BLOCK,Z,0.1193854,0.125822
7/1/7/2/7/7/3/7/4 3 3,Z,-2,2,BLOCK,Z,1.245519,0.589506
7/1/7/2/7/7/3/7/2 3 3,Z,-2,0,BLOCK,Z,0.4596188,0.5240155
7/1/7/2/7/7/3/7/1 3 3,Z,-2,2,BLOCK,Z,1.337313,0.7442599
7/1/7/2/7/7/7/2/6 3 3,Z,-2,0,BLOCK,Z,0.1182287,0.1863327
7/1/7/2/7/7/7/2/5 3 3,Z,-2,0,BLOCK,Z,0.1194282,0.2655373
7/1/7/2/7/7/7/2/3 3 3,Z,-2,0,BLOCK,Z,0.2486347,0.3336151
7/1/7/2/7/7/7/6/4 3 3,Z,-2.125,0,BLOCK,Z,0.2746391,0.3542255
7/5/7/2/7/7/7/4/4 3 3,Z,2,0,BLOCK,Z,0.1240825,0.1707706
7/1/7/2/7/7/7/6/2 3 3,Z,-2.125,0,BLOCK,Z,0.2723472,0.1340494
7/5/7/2/7/7/7/4/2 3 3,Z,2,0,BLOCK,Z,0.0353591,0.04897527
7/1/7/2/7/7/7/6/1 3 3,Z,-2.125,0,BLOCK,Z,0.2983449,0.3334156
7/5/7/2/7/7/7/4/1 3 3,Z,2,0,BLOCK,Z,0.08649196,0.1250526
7/1/7/2/7/7/7/5/4 3 3,Z,-2,0,BLOCK,Z,0.105226,0.2112079
7/5/7/2/7/7/7/1/4 3 3,Z,-2,0,BLOCK,Z,0.05643967,0.05327613
7/1/7/2/7/7/7/5/2 3 3,Z,-2,0,BLOCK,Z,0.1142281,0.1244664
7/5/7/2/7/7/7/1/2 3 3,Z,-2,0,BLOCK,Z,0.1561535,0.1860888
7/1/7/2/7/7/7/5/1 3 3,Z,-2,0,BLOCK,Z,0.2926199,0.2420136
7/5/7/2/7/7/7/1/1 3 3,Z,-2,0,BLOCK,Z,0.07004646,0.08517684
7/1/7/2/7/7/7/3/4 3 3,Z,-1.875,2,BLOCK,Z,1.337479,0.8534842
7/1/7/2/7/7/7/3/2 3 3,Z,-1.875,0,BLOCK,Z,0.4497981,0.2361668
7/1/7/2/7/7/7/3/1 3 3,Z,-1.875,0,BLOCK,Z,0.567301,0.3728539
7/1/7/6/2/2/7/7/7 3 3,Z,-2.125,0,BLOCK,Z,0.2055641,0.2821282
7/5/7/4/2/2/7/7/7 3 3,Z,2,0,BLOCK,Z,0.5577007,0.4590911
7/1/7/6/2/6/6/7/7 3 3,Z,-2.25,0,BLOCK,Z,0.4929031,0.3363776
7/5/7/4/2/6/6/7/7 3 3,Z,1.8181818181818181818181818182,0,BLOCK,Z,0.4718096,0.3809985
7/5/7/6/2/4/6/7/7 3 3,Z,2,0,BLOCK,Z,1.0131,0.7276062
7/5/7/6/2/6/4/7/7 3 3,X,2,0,BLOCK,X,0.9215835,0.6166991
7/1/7/6/2/6/5/7/7 3 3,Z,-2.25,0,BLOCK,Z,0.7273042,0.2724555
7/5/7/4/2/6/5/7/7 3 3,Z,1.8181818181818181818181818182,0,BLOCK,Z,0.6000662,0.5402164
7/5/7/6/2/4/5/7/7 3 3,Z,2,0,BLOCK,Z,1.122229,0.6686896
7/5/7/6/2/6/1/7/7 3 3,X,-2,2,BLOCK,X,1.402852,0.7814515
7/1/7/6/2/6/3/7/7 3 3,Z,-2.25,0,BLOCK,Z,0.30581,0.3097406
7/5/7/4/2/6/3/7/7 3 3,Z,1.8181818181818181818181818182,0,BLOCK,Z,0.5480996,0.5143346
7/5/7/6/2/4/3/7/7 3 3,Z,2,0,BLOCK,Z,0.6975963,0.7653344
7/1/7/6/2/6/7/6/7 3 3,Z,-2.375,0,BLOCK,Z,0.3141756,0.3589898
7/5/7/4/2/6/7/6/7 3 3,Z,1.6363636363636363636363636364,2,BLOCK,Z,0.8613862,0.5052411
7/5/7/6/2/4/7/6/7 3 3,Z,1.75,2,BLOCK,Z,0.9779773,0.7938656
7/5/7/6/2/6/7/4/7 3 3,Z,2,0,BLOCK,Z,0.4079362,0.5428892
7/1/7/6/2/6/7/5/7 3 3,Z,-2.25,0,BLOCK,Z,0.103872,0.2822196
7/5/7/4/2/6/7/5/7 3 3,Z,1.8181818181818181818181818182,0,BLOCK,Z,0.6611914,0.4126766
7/5/7/6/2/4/7/5/7 3 3,Z,2,0,BLOCK,Z,0.7667284,0.8108761
7/5/7/6/2/6/7/1/7 3 3,Z,-2,0,BLOCK,Z,0.3391114,0.2506663
7/1/7/6/2/6/7/3/7 3 3,Z,-2.125,0,BLOCK,Z,0.2880743,0.3490634
7/5/7/4/2/6/7/3/7 3 3,Z,2.00,0,BLOCK,Z,0.4135628,0.4613573
7/5/7/6/2/4/7/3/7 3 3,Z,2.25,2,BLOCK,Z,1.425437,0.8388689
7/1/7/6/2/6/7/7/6 3 3,Z,-2.25,0,BLOCK,Z,0.5108683,0.3887902
7/5/7/4/2/6/7/7/6 3 3,Z,1.8181818181818181818181818182,0,BLOCK,Z,0.6027574,0.5766011
7/5/7/6/2/4/7/7/6 3 3,Z,2,0,BLOCK,Z,0.7329355,0.717359
6/5/7/6/2/6/7/7/5 3 3,X,0.5,302,TIMEOUT,Z,0.1105537,0.0827822
7/1/7/6/2/6/7/7/5 3 3,Z,-2.25,0,BLOCK,Z,0.2383176,0.1100569
7/5/7/4/2/6/7/7/5 3 3,Z,1.8181818181818181818181818182,2,BLOCK,Z,0.8700777,0.5486406
7/5/7/6/2/4/7/7/5 3 3,Z,2,0,BLOCK,Z,0.7288817,0.8445634
7/1/7/6/2/6/7/7/3 3 3,Z,-2.25,0,BLOCK,Z,0.3065931,0.2647296
7/5/7/4/2/6/7/7/3 3 3,Z,1.8181818181818181818181818182,0,BLOCK,Z,0.4616438,0.551351
7/5/7/6/2/4/7/7/3 3 3,Z,2,0,BLOCK,Z,0.8902457,0.8027481
7/1/7/6/2/5/6/7/7 3 3,Z,-2.125,2,BLOCK,Z,1.742515,0.732564
7/5/7/4/2/5/6/7/7 3 3,Z,2,2,BLOCK,Z,0.8245109,0.5282973
7/5/7/6/2/1/6/7/7 3 3,Z,-2,0,BLOCK,Z,1.239909,1.086355
7/5/7/6/2/5/4/7/7 3 3,X,2,0,BLOCK,X,0.6715949,0.6095673
7/1/7/6/2/5/5/7/7 3 3,Z,-2.125,0,BLOCK,Z,0.09397767,0.1244429
7/5/7/4/2/5/5/7/7 3 3,Z,2,0,BLOCK,Z,0.3220108,0.3599679
7/5/7/6/2/1/5/7/7 3 3,Z,-2,0,BLOCK,Z,1.35238,1.155658
7/5/7/6/2/5/1/7/7 3 3,X,-2,0,BLOCK,X,0.7197807,0.5986187
7/1/7/6/2/5/3/7/7 3 3,Z,-2.125,0,BLOCK,Z,0.2758875,0.2731299
7/5/7/4/2/5/3/7/7 3 3,Z,2,0,BLOCK,Z,0.3948781,0.3856806
7/5/7/6/2/1/3/7/7 3 3,Z,-2,0,BLOCK,Z,1.153074,0.9696139
7/1/7/6/2/5/7/6/7 3 3,Z,-2.25,2,BLOCK,Z,1.525912,0.9468961
7/5/7/4/2/5/7/6/7 3 3,Z,1.8181818181818181818181818182,2,BLOCK,Z,0.853283,0.4830435
7/5/7/6/2/1/7/6/7 3 3,Z,-2.25,2,BLOCK,Z,1.501423,0.940548
7/5/7/6/2/5/7/4/7 3 3,Z,2,0,BLOCK,Z,0.2595683,0.4652433
7/1/7/6/2/5/7/5/7 3 3,Z,-2.125,0,BLOCK,Z,0.4343434,0.434463
7/5/7/4/2/5/7/5/7 3 3,Z,2,0,BLOCK,Z,0.8458747,0.5195121
7/5/7/6/2/1/7/5/7 3 3,Z,-2,0,BLOCK,Z,1.291933,1.112058
7/5/7/6/2/5/7/1/7 3 3,Z,-2,2,BLOCK,Z,1.594643,0.9707176
7/1/7/6/2/5/7/3/7 3 3,Z,-2,0,BLOCK,Z,0.1719296,0.2172047
7/5/7/4/2/5/7/3/7 3 3,Z,2.1818181818181818181818181818,2,BLOCK,Z,0.950429,0.576363
7/5/7/6/2/1/7/3/7 3 3,Z,-1.75,0,BLOCK,Z,1.156232,0.8621625
7/1/7/6/2/5/7/7/6 3 3,Z,-2.125,2,BLOCK,Z,1.738949,0.9028035
7/5/7/4/2/5/7/7/6 3 3,Z,2,0,BLOCK,Z,0.6911091,0.5552003
7/5/7/6/2/1/7/7/6 3 3,Z,-2,0,BLOCK,Z,0.604643,0.4580032
7/1/7/6/2/5/7/7/5 3 3,Z,-2.125,0,BLOCK,Z,0.5226022,0.5549339
7/5/7/4/2/5/7/7/5 3 3,Z,2,2,BLOCK,Z,0.9699861,0.6092758
7/5/7/6/2/1/7/7/5 3 3,Z,-2,0,BLOCK,Z,0.9827932,0.7369149
7/1/7/6/2/5/7/7/3 3 3,Z,-2.125,0,BLOCK,Z,0.6819973,0.5485365
7/5/7/4/2/5/7/7/3 3 3,Z,2,2,BLOCK,Z,0.9350334,0.6136272
7/5/7/6/2/1/7/7/3 3 3,Z,-2,0,BLOCK,Z,0.9155749,0.6500507
7/1/7/6/2/3/6/7/7 3 3,Z,-2,0,BLOCK,Z,0.3801544,0.251819
7/5/7/4/2/3/6/7/7 3 3,Z,2.1818181818181818181818181818,0,BLOCK,Z,0.6069649,0.68433
7/5/7/6/2/3/4/7/7 3 3,X,2,0,BLOCK,X,0.6700165,0.5335799
7/1/7/6/2/3/5/7/7 3 3,Z,-2,0,BLOCK,Z,0.6518909,0.28235
7/5/7/4/2/3/5/7/7 3 3,Z,2.1818181818181818181818181818,0,BLOCK,Z,0.5858036,0.6832767
7/5/7/6/2/3/1/7/7 3 3,X,-2,0,BLOCK,X,1.367797,0.9910091
7/1/7/6/2/3/3/7/7 3 3,Z,-2,0,BLOCK,Z,0.3292851,0.3266701
7/5/7/4/2/3/3/7/7 3 3,Z,2.1818181818181818181818181818,0,BLOCK,Z,0.5998949,0.7483923
7/1/7/6/2/3/7/6/7 3 3,Z,-2.125,0,BLOCK,Z,0.05675731,0.3921387
7/5/7/4/2/3/7/6/7 3 3,Z,2.00,0,BLOCK,Z,1.357467,0.8685514
7/5/7/6/2/3/7/4/7 3 3,Z,2,0,BLOCK,Z,0.4116967,0.5073456
7/1/7/6/2/3/7/5/7 3 3,Z,-2,0,BLOCK,Z,0.07214017,0.2020974
7/5/7/4/2/3/7/5/7 3 3,Z,2.1818181818181818181818181818,0,BLOCK,Z,0.3655818,0.6794403
7/5/7/6/2/3/7/1/7 3 3,Z,-2,0,BLOCK,Z,0.4665526,0.3283531
7/1/7/6/2/3/7/3/7 3 3,Z,-1.875,0,BLOCK,Z,0.4210174,0.3304903
7/5/7/4/2/3/7/3/7 3 3,Z,2.3636363636363636363636363636,0,BLOCK,Z,0.3217166,0.4914519
7/1/7/6/2/3/7/7/6 3 3,Z,-2,0,BLOCK,Z,0.5983126,0.3666431
7/5/7/4/2/3/7/7/6 3 3,Z,2.1818181818181818181818181818,0,BLOCK,Z,0.3989535,0.602223
7/1/7/6/2/3/7/7/5 3 3,Z,-2,2,BLOCK,Z,1.537194,0.8900521
7/5/7/4/2/3/7/7/5 3 3,Z,2.1818181818181818181818181818,0,BLOCK,Z,0.5762127,0.6574968
7/1/7/6/2/3/7/7/3 3 3,Z,-2,0,BLOCK,Z,0.5228254,0.08465549
7/5/7/4/2/3/7/7/3 3 3,Z,2.1818181818181818181818181818,2,BLOCK,Z,1.100489,0.7090985
7/1/7/6/2/7/2/7/7 3 3,Z,-2.125,2,BLOCK,Z,1.556732,0.8666733
7/5/7/4/2/7/2/7/7 3 3,Z,2,0,BLOCK,Z,0.4394824,0.4915477
7/1/7/6/2/7/6/6/7 3 3,Z,-2.25,0,BLOCK,Z,0.4888936,0.4505303
7/5/7/4/2/7/6/6/7 3 3,Z,1.8181818181818181818181818182,0,BLOCK,Z,0.6604437,0.5633286
7/5/7/6/2/7/4/6/7 3 3,X,2,0,BLOCK,X,0.9337566,0.5789882
7/5/7/6/2/7/6/4/7 3 3,Z,2,2,BLOCK,Z,1.616517,1.0218
7/1/7/6/2/7/6/5/7 3 3,Z,-2.125,2,BLOCK,Z,1.480898,0.8496298
7/5/7/4/2/7/6/5/7 3 3,Z,2,2,BLOCK,Z,0.9347717,0.5751225
7/5/7/6/2/7/4/5/7 3 3,X,2,0,BLOCK,X,0.6141003,0.6119497
7/5/7/6/2/7/6/1/7 3 3,Z,-2,2,BLOCK,Z,1.604084,0.9357603
7/1/7/6/2/7/6/3/7 3 3,Z,-2,0,BLOCK,Z,0.1259352,0.1846931
7/5/7/4/2/7/6/3/7 3 3,Z,2.1818181818181818181818181818,0,BLOCK,Z,0.6237312,0.4886504
7/5/7/6/2/7/4/3/7 3 3,X,2,0,BLOCK,X,0.7422845,0.7402705
7/1/7/6/2/7/6/7/6 3 3,Z,-2.125,0,BLOCK,Z,0.3869962,0.1678579
7/5/7/4/2/7/6/7/6 3 3,Z,2,0,BLOCK,Z,0.4566817,0.4888466
7/5/7/6/2/7/4/7/6 3 3,X,1.6,0,BLOCK,X,0.4749554,0.3420816
7/1/7/6/2/7/6/7/5 3 3,Z,-2.125,0,BLOCK,Z,0.2915911,0.1865446
7/5/7/4/2/7/6/7/5 3 3,Z,2,2,BLOCK,Z,0.9372891,0.5418772
7/5/7/6/2/7/4/7/5 3 3,X,2,0,BLOCK,X,0.6435925,0.680016
7/1/7/6/2/7/6/7/3 3 3,Z,-2.125,0,BLOCK,Z,0.08213578,0.18905
7/5/7/4/2/7/6/7/3 3 3,Z,2,0,BLOCK,Z,0.8200272,0.5957103
7/5/7/6/2/7/4/7/3 3 3,X,2.4,0,BLOCK,X,0.489827,0.710808
7/1/7/6/2/7/5/6/7 3 3,Z,-2.25,0,BLOCK,Z,0.5867085,0.3821459
7/5/7/4/2/7/5/6/7 3 3,Z,1.8181818181818181818181818182,0,BLOCK,Z,0.7455407,0.5636346
7/5/7/6/2/7/1/6/7 3 3,X,-2,0,BLOCK,X,0.9150709,0.6325614
7/5/7/6/2/7/5/4/7 3 3,Z,2,0,BLOCK,Z,0.1681187,0.2438082
7/1/7/6/2/7/5/5/7 3 3,Z,-2.125,0,BLOCK,Z,0.3629204,0.2211528
7/5/7/4/2/7/5/5/7 3 3,Z,2,0,BLOCK,Z,0.7012597,0.5906196
7/5/7/6/2/7/1/5/7 3 3,X,-2,0,BLOCK,X,0.8732793,0.5556802
7/5/7/6/2/7/5/1/7 3 3,Z,-2,0,BLOCK,Z,1.612296,1.039253
7/1/7/6/2/7/5/3/7 3 3,Z,-2,0,BLOCK,Z,0.1955556,0.3025949
7/5/7/4/2/7/5/3/7 3 3,Z,2.1818181818181818181818181818,0,BLOCK,Z,0.6285902,0.6125883
7/5/7/6/2/7/1/3/7 3 3,X,-2,0,BLOCK,X,0.5591444,0.6223946
7/1/7/6/2/7/5/7/6 3 3,Z,-2.125,0,BLOCK,Z,0.3609192,0.3939344
7/5/7/4/2/7/5/7/6 3 3,Z,2,2,BLOCK,Z,0.9189824,0.5651963
7/5/7/6/2/7/1/7/6 3 3,X,-2.4,0,BLOCK,X,0.6220423,0.7994997
7/1/7/6/2/7/5/7/5 3 3,Z,-2.125,0,BLOCK,Z,0.4381405,0.4719982
7/5/7/4/2/7/5/7/5 3 3,Z,2,0,BLOCK,Z,0.7484726,0.5537924
7/5/7/6/2/7/1/7/5 3 3,X,-2,0,BLOCK,X,0.7510427,0.6535127
7/1/7/6/2/7/5/7/3 3 3,Z,-2.125,0,BLOCK,Z,0.1698023,0.08983716
7/5/7/4/2/7/5/7/3 3 3,Z,2,2,BLOCK,Z,0.9126449,0.5898994
7/5/7/6/2/7/1/7/3 3 3,X,-1.6,0,BLOCK,X,1.299838,0.8061449
7/1/7/6/2/7/3/6/7 3 3,Z,-2.25,0,BLOCK,Z,0.3811724,0.1674028
7/5/7/4/2/7/3/6/7 3 3,Z,1.8181818181818181818181818182,0,BLOCK,Z,0.574021,0.5237635
7/5/7/6/2/7/3/4/7 3 3,Z,2,0,BLOCK,Z,0.2925894,0.4148045
7/1/7/6/2/7/3/5/7 3 3,Z,-2.125,0,BLOCK,Z,0.4242063,0.3813504
7/5/7/4/2/7/3/5/7 3 3,Z,2,0,BLOCK,Z,0.379254,0.4646219
7/5/7/6/2/7/3/1/7 3 3,Z,-2,0,BLOCK,Z,1.651953,1.040186
7/1/7/6/2/7/3/3/7 3 3,Z,-2,0,BLOCK,Z,0.231525,0.3039381
7/5/7/4/2/7/3/3/7 3 3,Z,2.1818181818181818181818181818,0,BLOCK,Z,0.6938262,0.6165136
7/1/7/6/2/7/3/7/6 3 3,Z,-2.125,0,BLOCK,Z,0.7253877,0.2005827
7/5/7/4/2/7/3/7/6 3 3,Z,2,0,BLOCK,Z,0.673144,0.5954663
7/1/7/6/2/7/3/7/5 3 3,Z,-2.125,0,BLOCK,Z,0.1912385,0.1967004
7/5/7/4/2/7/3/7/5 3 3,Z,2,0,BLOCK,Z,0.738808,0.6189197
7/1/7/6/2/7/3/7/3 3 3,Z,-2.125,0,BLOCK,Z,0.4487537,0.4607407
7/5/7/4/2/7/3/7/3 3 3,Z,2,2,BLOCK,Z,0.999097,0.5902864
7/5/7/6/2/3/3/7/3 3 3,Z,0.6,302,TIMEOUT,Z,0.004743861,0.003315511
7/1/7/6/2/7/7/2/7 3 3,Z,-2.125,0,BLOCK,Z,0.1905365,0.3505639
7/5/7/4/2/7/7/2/7 3 3,Z,2,0,BLOCK,Z,0.6959934,0.5996597
7/1/7/6/2/7/7/6/6 3 3,Z,-2.25,0,BLOCK,Z,0.2108127,0.1152986
7/5/7/4/2/7/7/6/6 3 3,Z,1.8181818181818181818181818182,2,BLOCK,Z,0.9450318,0.588689
7/5/7/6/2/7/7/4/6 3 3,Z,2,2,BLOCK,Z,1.61421,1.043806
7/1/7/6/2/7/7/6/5 3 3,Z,-2.25,2,BLOCK,Z,1.468373,0.6034411
7/5/7/4/2/7/7/6/5 3 3,Z,1.8181818181818181818181818182,2,BLOCK,Z,0.9292312,0.5675592
7/5/7/6/2/7/7/4/5 3 3,Z,2,0,BLOCK,Z,0.2148177,0.3551548
7/1/7/6/2/7/7/6/3 3 3,Z,-2.25,0,BLOCK,Z,0.1364059,0.4824819
7/5/7/4/2/7/7/6/3 3 3,Z,1.8181818181818181818181818182,0,BLOCK,Z,0.4262054,0.4150149
7/5/7/6/2/7/7/4/3 3 3,Z,2,0,BLOCK,Z,0.3720852,0.4739867
7/1/7/6/2/7/7/5/6 3 3,Z,-2.125,0,BLOCK,Z,0.6078019,0.4567637
7/5/7/4/2/7/7/5/6 3 3,Z,2,2,BLOCK,Z,0.9709813,0.531586
7/5/7/6/2/7/7/1/6 3 3,Z,-2,0,BLOCK,Z,0.1893109,0.2259161
7/1/7/6/2/7/7/5/5 3 3,Z,-2.125,0,BLOCK,Z,0.557535,0.5164255
7/5/7/4/2/7/7/5/5 3 3,Z,2,0,BLOCK,Z,0.5995702,0.5517267
7/5/7/6/2/7/7/1/5 3 3,Z,-2,2,BLOCK,Z,1.572358,0.961074
7/1/7/6/2/7/7/5/3 3 3,Z,-2.125,0,BLOCK,Z,0.2258404,0.2907747
7/5/7/4/2/7/7/5/3 3 3,Z,2,0,BLOCK,Z,0.571611,0.5259057
7/5/7/2/2/7/7/5/3 3 3,X,0.2,302,TIMEOUT,Z,0.01924059,0.009780463
7/5/7/6/2/7/7/1/3 3 3,Z,-2,0,BLOCK,Z,0.1952028,0.2155534
7/1/7/6/2/7/7/3/6 3 3,Z,-2,0,BLOCK,Z,0.1836801,0.1031984
7/5/7/4/2/7/7/3/6 3 3,Z,2.1818181818181818181818181818,0,BLOCK,Z,0.4520236,0.4955767
7/1/7/6/2/7/7/3/5 3 3,Z,-2,0,BLOCK,Z,0.1505874,0.259085
7/5/7/4/2/7/7/3/5 3 3,Z,2.1818181818181818181818181818,2,BLOCK,Z,1.03196,0.6021479
7/1/7/6/2/7/7/3/3 3 3,Z,-2,0,BLOCK,Z,0.4914702,0.4375242
7/5/7/4/2/7/7/3/3 3 3,Z,2.1818181818181818181818181818,0,BLOCK,Z,0.7094007,0.5870508
7/1/7/6/2/7/7/7/4 3 3,Z,-2.125,2,BLOCK,Z,1.468421,0.8507379
7/5/7/4/2/7/7/7/4 3 3,Z,2,0,BLOCK,Z,0.837048,0.6654413
7/1/7/6/2/7/7/7/2 3 3,Z,-2.125,0,BLOCK,Z,0.2437404,0.4043875
7/5/7/4/2/7/7/7/2 3 3,Z,2,2,BLOCK,Z,1.009811,0.586605
7/1/7/6/2/7/7/7/1 3 3,Z,-2.125,2,BLOCK,Z,1.61599,0.8697075
7/5/7/4/2/7/7/7/1 3 3,Z,2,0,BLOCK,Z,0.7959638,0.6741568
7/1/7/6/6/2/6/7/7 3 3,Z,-2.125,0,BLOCK,Z,0.2794108,0.1303459
7/5/7/4/6/2/6/7/7 3 3,Z,2,2,BLOCK,Z,0.9863117,0.6399443
7/5/7/6/4/2/6/7/7 3 3,X,1.7777777777777777777777777778,0,BLOCK,X,0.54273,0.6706146
7/5/7/6/6/2/4/7/7 3 3,X,2,0,BLOCK,X,0.7823502,0.7724525
7/1/7/6/6/2/5/7/7 3 3,Z,-2.125,2,BLOCK,Z,1.597168,0.8231209
7/5/7/4/6/2/5/7/7 3 3,Z,2,0,BLOCK,Z,0.9992276,0.6462602
7/5/7/6/4/2/5/7/7 3 3,X,2,2,BLOCK,X,0.8465375,0.6842206
7/5/7/6/6/2/1/7/7 3 3,X,-2,2,BLOCK,X,1.485765,0.852051
7/1/7/6/6/2/3/7/7 3 3,Z,-2.125,0,BLOCK,Z,0.4422029,0.3182215
7/5/7/4/6/2/3/7/7 3 3,Z,2,2,BLOCK,Z,0.9317393,0.6056587
7/5/7/6/4/2/3/7/7 3 3,X,2.2222222222222222222222222222,0,BLOCK,X,0.6625914,0.5276531
7/1/7/6/6/2/7/6/7 3 3,Z,-2.25,0,BLOCK,Z,0.3027022,0.3116156
7/5/7/4/6/2/7/6/7 3 3,Z,1.8181818181818181818181818182,0,BLOCK,Z,0.2052637,0.2503531
7/5/7/6/4/2/7/6/7 3 3,X,2,0,BLOCK,X,0.661667,0.7690529
7/5/7/6/6/2/7/4/7 3 3,Z,2,0,BLOCK,Z,0.4597958,0.5290788
7/1/7/6/6/2/7/5/7 3 3,Z,-2.125,0,BLOCK,Z,0.3788575,0.3077821
7/5/7/4/6/2/7/5/7 3 3,Z,2,0,BLOCK,Z,0.2671882,0.2763989
7/5/7/6/4/2/7/5/7 3 3,X,2,0,BLOCK,X,0.7754669,0.7072868
7/5/7/6/6/2/7/1/7 3 3,Z,-2,2,BLOCK,Z,1.592992,0.9531276
7/1/7/6/6/2/7/3/7 3 3,Z,-2,0,BLOCK,Z,0.5904493,0.4918363
7/5/7/4/6/2/7/3/7 3 3,Z,2.1818181818181818181818181818,0,BLOCK,Z,0.3722354,0.3673348
7/5/7/6/4/2/7/3/7 3 3,X,2,0,BLOCK,X,0.7428538,0.637886
7/1/7/6/6/2/7/7/6 3 3,Z,-2.125,2,BLOCK,Z,1.58488,1.001482
7/5/7/4/6/2/7/7/6 3 3,Z,2,0,BLOCK,Z,0.1364067,0.1813355
7/5/7/6/4/2/7/7/6 3 3,X,1.7777777777777777777777777778,0,BLOCK,X,0.5443638,0.8108611
7/1/7/6/6/2/7/7/5 3 3,Z,-2.125,0,BLOCK,Z,0.2068091,0.3152796
7/5/7/4/6/2/7/7/5 3 3,Z,2,0,BLOCK,Z,0.6303235,0.3921059
7/5/7/6/4/2/7/7/5 3 3,X,2,0,BLOCK,X,0.7467877,0.6595886
7/1/7/6/6/2/7/7/3 3 3,Z,-2.125,2,BLOCK,Z,1.695486,0.983691
7/5/7/4/6/2/7/7/3 3 3,Z,2,2,BLOCK,Z,0.9096235,0.5445086
7/5/7/6/4/2/7/7/3 3 3,X,2.2222222222222222222222222222,0,BLOCK,X,0.8861461,0.592532
7/1/7/6/6/6/2/7/7 3 3,Z,-2.25,0,BLOCK,Z,0.3337857,0.3624772
7/5/7/4/6/6/2/7/7 3 3,Z,1.8181818181818181818181818182,0,BLOCK,Z,0.564451,0.4295404
7/5/7/6/4/6/2/7/7 3 3,X,2,0,BLOCK,X,0.4155275,0.4259973
7/5/7/6/6/4/2/7/7 3 3,Z,2,0,BLOCK,Z,0.7957932,0.8423003
7/1/7/6/6/6/6/6/7 3 3,Z,-2.375,0,BLOCK,Z,0.1669453,0.1532584
7/5/7/4/6/6/6/6/7 3 3,Z,1.6363636363636363636363636362,0,BLOCK,Z,0.6003314,0.5404027
7/5/7/6/4/6/6/6/7 3 3,X,1.7777777777777777777777777778,0,BLOCK,X,0.5581909,0.6734237
7/5/7/6/6/4/6/6/7 3 3,Z,1.7142857142857142857142857142,0,BLOCK,Z,0.4393835,0.6991718
7/5/7/6/6/6/4/6/7 3 3,X,2,0,BLOCK,X,0.5936612,0.666238
7/5/7/6/6/6/6/4/7 3 3,Z,2,0,BLOCK,Z,0.2791643,0.4593106
7/1/7/6/6/6/6/5/7 3 3,Z,-2.25,0,BLOCK,Z,0.3333355,0.4456275
7/5/7/4/6/6/6/5/7 3 3,Z,1.8181818181818181818181818182,0,BLOCK,Z,0.6301934,0.5394903
7/5/7/6/4/6/6/5/7 3 3,X,1.7777777777777777777777777778,0,BLOCK,X,0.4804715,0.5207634
7/5/7/6/6/4/6/5/7 3 3,Z,2,0,BLOCK,Z,0.7956147,0.8224235
7/5/7/6/6/6/4/5/7 3 3,X,2,0,BLOCK,X,0.576099,0.6570126
7/5/7/6/6/6/6/1/7 3 3,Z,-2,0,BLOCK,Z,0.4772701,0.5210852
7/1/7/6/6/6/6/3/7 3 3,Z,-2.125,0,BLOCK,Z,0.198282,0.329406
7/5/7/4/6/6/6/3/7 3 3,Z,2,0,BLOCK,Z,0.4936636,0.5444106
7/5/7/6/4/6/6/3/7 3 3,X,1.7777777777777777777777777778,0,BLOCK,X,0.4535997,0.5705708
7/5/7/6/6/4/6/3/7 3 3,Z,2.2857142857142857142857142858,2,BLOCK,Z,1.326366,0.7414409
7/5/7/6/6/6/4/3/7 3 3,X,2,0,BLOCK,X,0.627767,0.7249008
7/1/7/6/6/6/6/7/6 3 3,Z,-2.25,0,BLOCK,Z,0.2152195,0.2865589
7/5/7/4/6/6/6/7/6 3 3,Z,1.8181818181818181818181818182,0,BLOCK,Z,0.4729383,0.4858199
7/5/7/6/4/6/6/7/6 3 3,X,1.5555555555555555555555555556,0,BLOCK,X,0.6963829,0.589392
7/5/7/6/6/4/6/7/6 3 3,Z,2,0,BLOCK,Z,0.6262088,0.9084404
7/5/7/6/6/6/4/7/6 3 3,X,1.6,0,BLOCK,X,0.5401701,0.5553641
7/1/7/6/6/6/6/7/5 3 3,Z,-2.25,0,BLOCK,Z,0.1716391,0.2633781
7/5/7/4/6/6/6/7/5 3 3,Z,1.8181818181818181818181818182,0,BLOCK,Z,0.5360585,0.4771114
7/5/7/6/4/6/6/7/5 3 3,X,1.7777777777777777777777777778,0,BLOCK,X,0.6536881,0.611386
7/5/7/6/6/4/6/7/5 3 3,Z,2,0,BLOCK,Z,0.6416516,0.8104142
7/5/7/6/6/6/4/7/5 3 3,X,2,0,BLOCK,X,0.6181931,0.6512306
7/1/7/6/6/6/6/7/3 3 3,Z,-2.25,0,BLOCK,Z,0.5889979,0.5793563
7/5/7/4/6/6/6/7/3 3 3,Z,1.8181818181818181818181818182,2,BLOCK,Z,0.9434881,0.5130618
7/5/7/6/4/6/6/7/3 3 3,X,2,0,BLOCK,X,0.467621,0.563606
7/5/7/6/6/4/6/7/3 3 3,Z,2,0,BLOCK,Z,1.022789,0.753188
7/5/7/6/6/6/4/7/3 3 3,X,2.4,0,BLOCK,X,0.6145828,0.7956876
7/1/7/6/6/6/5/6/7 3 3,Z,-2.375,0,BLOCK,Z,0.07912358,0.2446293
7/5/7/4/6/6/5/6/7 3 3,Z,1.6363636363636363636363636362,2,BLOCK,Z,0.8520309,0.5236
7/5/7/6/4/6/5/6/7 3 3,X,2,2,BLOCK,X,0.8769555,0.6933312
7/5/7/6/6/4/5/6/7 3 3,Z,1.7142857142857142857142857142,0,BLOCK,Z,0.6184543,0.632222
7/5/7/6/6/6/1/6/7 3 3,X,-2,0,BLOCK,X,0.670507,0.6317034
7/5/7/6/6/6/5/4/7 3 3,Z,2,2,BLOCK,Z,1.702364,1.131676
7/1/7/6/6/6/5/5/7 3 3,Z,-2.25,0,BLOCK,Z,0.2825548,0.4338417
7/5/7/4/6/6/5/5/7 3 3,Z,1.8181818181818181818181818182,0,BLOCK,Z,0.4047424,0.3889026
7/5/7/6/4/6/5/5/7 3 3,X,2,0,BLOCK,X,0.5780947,0.5786811
7/5/7/6/6/4/5/5/7 3 3,Z,2,0,BLOCK,Z,0.8715606,0.8406894
7/5/7/6/6/6/1/5/7 3 3,X,-2,0,BLOCK,X,0.6996647,0.3845805
7/5/7/6/6/6/5/1/7 3 3,Z,-2,0,BLOCK,Z,0.3392855,0.2269351
7/1/7/6/6/6/5/3/7 3 3,Z,-2.125,0,BLOCK,Z,0.1810559,0.1655568
7/5/7/4/6/6/5/3/7 3 3,Z,2,0,BLOCK,Z,0.5435048,0.3823153
7/5/7/6/4/6/5/3/7 3 3,X,2,0,BLOCK,X,0.619517,0.6439492
7/5/7/6/6/4/5/3/7 3 3,Z,2.2857142857142857142857142858,0,BLOCK,Z,1.122894,0.8184848
7/5/7/6/6/6/1/3/7 3 3,X,-2,0,BLOCK,X,0.7526091,0.5987422
7/1/7/6/6/6/5/7/6 3 3,Z,-2.25,0,BLOCK,Z,0.0162677,0.2147802
7/5/7/4/6/6/5/7/6 3 3,Z,1.8181818181818181818181818182,0,BLOCK,Z,0.5287639,0.4664924
7/5/7/6/4/6/5/7/6 3 3,X,1.7777777777777777777777777778,2,BLOCK,X,0.8567683,0.6558811
7/5/7/6/6/4/5/7/6 3 3,Z,2,2,BLOCK,Z,1.166301,0.8479893
7/5/7/6/6/6/1/7/6 3 3,X,-2.4,0,BLOCK,X,0.9156294,0.8398132
7/1/7/6/6/6/5/7/5 3 3,Z,-2.25,0,BLOCK,Z,0.3440475,0.2703921
7/5/7/4/6/6/5/7/5 3 3,Z,1.8181818181818181818181818182,0,BLOCK,Z,0.4781016,0.4316678
7/5/7/6/4/6/5/7/5 3 3,X,2,0,BLOCK,X,0.7650101,0.6768401
7/5/7/6/6/4/5/7/5 3 3,Z,2,0,BLOCK,Z,0.9522488,0.8240176
7/5/7/6/6/6/1/7/5 3 3,X,-2,2,BLOCK,X,1.315672,0.7722057
7/1/7/6/6/6/5/7/3 3 3,Z,-2.25,0,BLOCK,Z,0.6402289,0.5432914
7/5/7/4/6/6/5/7/3 3 3,Z,1.8181818181818181818181818182,0,BLOCK,Z,0.3191051,0.5137962
7/5/7/6/4/6/5/7/3 3 3,X,2.2222222222222222222222222222,0,BLOCK,X,0.5845225,0.6571352
7/5/7/6/6/4/5/7/3 3 3,Z,2,0,BLOCK,Z,0.9117422,0.8340129
7/5/7/6/6/6/1/7/3 3 3,X,-1.6,0,BLOCK,X,1.162429,0.9504051
7/1/7/6/6/6/3/6/7 3 3,Z,-2.375,2,BLOCK,Z,1.342831,0.8769527
7/5/7/4/6/6/3/6/7 3 3,Z,1.6363636363636363636363636362,2,BLOCK,Z,0.867026,0.4855786
7/5/7/6/4/6/3/6/7 3 3,X,2.2222222222222222222222222222,2,BLOCK,X,1.372055,0.6771254
7/5/7/6/6/4/3/6/7 3 3,Z,1.7142857142857142857142857142,0,BLOCK,Z,0.747635,0.6511959
7/5/7/6/6/6/3/4/7 3 3,Z,2,0,BLOCK,Z,0.5356771,0.5955124
7/1/7/6/6/6/3/5/7 3 3,Z,-2.25,0,BLOCK,Z,0.3600316,0.2955257
7/5/7/4/6/6/3/5/7 3 3,Z,1.8181818181818181818181818182,0,BLOCK,Z,0.3181656,0.3592647
7/5/7/6/4/6/3/5/7 3 3,X,2.2222222222222222222222222222,0,BLOCK,X,0.5572485,0.6328519
7/5/7/6/6/4/3/5/7 3 3,Z,2,0,BLOCK,Z,0.8493906,0.6450532
7/5/7/6/6/6/3/1/7 3 3,Z,-2,0,BLOCK,Z,0.8418704,0.5174935
7/1/7/6/6/6/3/3/7 3 3,Z,-2.125,0,BLOCK,Z,0.1289432,0.2396203
7/5/7/4/6/6/3/3/7 3 3,Z,2,0,BLOCK,Z,0.501604,0.4946879
7/5/7/6/4/6/3/3/7 3 3,X,2.2222222222222222222222222222,0,BLOCK,X,0.4740922,0.3625644
7/5/7/6/6/4/3/3/7 3 3,Z,2.2857142857142857142857142858,0,BLOCK,Z,0.5525221,0.6294326
7/1/7/6/6/6/3/7/6 3 3,Z,-2.25,2,BLOCK,Z,1.521208,0.7433092
7/5/7/4/6/6/3/7/6 3 3,Z,1.8181818181818181818181818182,2,BLOCK,Z,0.8891761,0.533521
7/5/7/6/4/6/3/7/6 3 3,X,2,2,BLOCK,X,1.424187,0.8123249
7/5/7/6/6/4/3/7/6 3 3,Z,2,0,BLOCK,Z,0.5592228,0.7387946
7/5/7/6/6/2/3/7/6 3 3,X,-0.7,302,TIMEOUT,Z,0.008298517,0.004176829
7/1/7/6/6/6/3/7/5 3 3,Z,-2.25,0,BLOCK,Z,0.7741359,0.4820713
7/5/7/4/6/6/3/7/5 3 3,Z,1.8181818181818181818181818182,2,BLOCK,Z,1.012663,0.5651469
7/5/7/6/4/6/3/7/5 3 3,X,2.2222222222222222222222222222,0,BLOCK,X,0.418211,0.5316404
7/5/7/6/6/4/3/7/5 3 3,Z,2,0,BLOCK,Z,0.8750156,0.8164814
7/1/7/6/6/6/3/7/3 3 3,Z,-2.25,0,BLOCK,Z,0.503525,0.4695965
7/5/7/4/6/6/3/7/3 3 3,Z,1.8181818181818181818181818182,0,BLOCK,Z,0.683313,0.553424
7/5/7/6/4/6/3/7/3 3 3,X,2.4444444444444444444444444444,0,BLOCK,X,0.6946293,0.5356981
7/5/7/6/6/4/3/7/3 3 3,Z,2,0,BLOCK,Z,0.6911451,0.783295
7/1/7/6/6/6/7/2/7 3 3,Z,-2.25,0,BLOCK,Z,0.1590405,0.1008947
7/5/7/4/6/6/7/2/7 3 3,Z,1.8181818181818181818181818182,0,BLOCK,Z,0.4750881,0.529118
7/5/7/6/4/6/7/2/7 3 3,X,2,0,BLOCK,X,0.6021479,0.5834322
7/5/7/6/6/4/7/2/7 3 3,Z,2,0,BLOCK,Z,0.2424285,0.3882286
7/1/7/6/6/6/7/6/6 3 3,Z,-2.375,2,BLOCK,Z,1.435209,0.8533012
7/5/7/4/6/6/7/6/6 3 3,Z,1.6363636363636363636363636362,0,BLOCK,Z,0.5488797,0.4025137
7/5/7/6/4/6/7/6/6 3 3,X,1.7777777777777777777777777778,2,BLOCK,X,0.8970417,0.6064911
7/5/7/6/6/4/7/6/6 3 3,Z,1.7142857142857142857142857142,0,BLOCK,Z,0.7815042,0.6576219
7/5/7/6/6/6/7/4/6 3 3,Z,2,0,BLOCK,Z,0.3892129,0.5230266
7/1/7/6/6/6/7/6/5 3 3,Z,-2.375,2,BLOCK,Z,1.338169,0.7234952
7/5/7/4/6/6/7/6/5 3 3,Z,1.6363636363636363636363636362,0,BLOCK,Z,0.408604,0.3702632
7/5/7/6/4/6/7/6/5 3 3,X,2,0,BLOCK,X,0.5752606,0.6571432
7/5/7/6/6/4/7/6/5 3 3,Z,1.7142857142857142857142857142,0,BLOCK,Z,0.5345824,0.6694946
7/5/7/6/6/6/7/4/5 3 3,Z,2,0,BLOCK,Z,0.4399795,0.563303
7/1/7/6/6/6/7/6/3 3 3,Z,-2.375,2,BLOCK,Z,1.773798,1.304168
7/5/7/4/6/6/7/6/3 3 3,Z,1.6363636363636363636363636362,2,BLOCK,Z,0.8721526,0.5824046
7/5/7/6/4/6/7/6/3 3 3,X,2.2222222222222222222222222222,0,BLOCK,X,0.6279539,0.716368
7/5/7/6/6/4/7/6/3 3 3,Z,1.7142857142857142857142857142,2,BLOCK,Z,1.09767,0.7600131
7/5/7/6/6/6/7/4/3 3 3,Z,2,0,BLOCK,Z,0.344011,0.5393559
7/1/7/6/6/6/7/5/6 3 3,Z,-2.25,0,BLOCK,Z,0.5889155,0.3822675
7/5/7/4/6/6/7/5/6 3 3,Z,1.8181818181818181818181818182,0,BLOCK,Z,0.5142664,0.4116639
7/5/7/6/4/6/7/5/6 3 3,X,1.7777777777777777777777777778,0,BLOCK,X,0.6830759,0.6898534
7/5/7/6/6/4/7/5/6 3 3,Z,2,0,BLOCK,Z,0.5839543,0.8151074
7/5/7/6/6/6/7/1/6 3 3,Z,-2,0,BLOCK,Z,0.4929222,0.5554644
7/1/7/6/6/6/7/5/5 3 3,Z,-2.25,0,BLOCK,Z,0.2649409,0.3512601
7/5/7/4/6/6/7/5/5 3 3,Z,1.8181818181818181818181818182,2,BLOCK,Z,0.9411751,0.5713992
7/5/7/6/4/6/7/5/5 3 3,X,2,0,BLOCK,X,0.650833,0.6722189
7/5/7/6/6/4/7/5/5 3 3,Z,2,0,BLOCK,Z,0.9558787,0.8080034
7/5/7/6/6/6/7/1/5 3 3,Z,-2,2,BLOCK,Z,1.552853,0.9587777
7/1/7/6/6/6/7/5/3 3 3,Z,-2.25,2,BLOCK,Z,1.550476,0.6958729
7/5/7/4/6/6/7/5/3 3 3,Z,1.8181818181818181818181818182,2,BLOCK,Z,0.9334018,0.5482731
7/5/7/6/4/6/7/5/3 3 3,X,2.2222222222222222222222222222,0,BLOCK,X,0.6991118,0.7220916
7/5/7/6/6/4/7/5/3 3 3,Z,2,0,BLOCK,Z,0.7859247,0.8119535
7/5/7/6/6/6/7/1/3 3 3,Z,-2,0,BLOCK,Z,0.3781345,0.360413
7/1/7/6/6/6/7/3/6 3 3,Z,-2.125,0,BLOCK,Z,0.1174385,0.2361281
7/5/7/4/6/6/7/3/6 3 3,Z,2,0,BLOCK,Z,0.7130361,0.5913986
7/5/7/6/4/6/7/3/6 3 3,X,1.7777777777777777777777777778,0,BLOCK,X,0.8100588,0.6395917
7/5/7/6/6/4/7/3/6 3 3,Z,2.2857142857142857142857142858,0,BLOCK,Z,0.698202,0.8679847
7/1/7/6/6/6/7/3/5 3 3,Z,-2.125,0,BLOCK,Z,0.2285179,0.1270033
7/5/7/4/6/6/7/3/5 3 3,Z,2,0,BLOCK,Z,0.405369,0.5302827
7/5/7/6/4/6/7/3/5 3 3,X,2,0,BLOCK,X,0.6365348,0.7947692
7/5/7/6/6/4/7/3/5 3 3,Z,2.2857142857142857142857142858,0,BLOCK,Z,0.8371285,0.7319996
7/1/7/6/6/6/7/3/3 3 3,Z,-2.125,0,BLOCK,Z,0.2763818,0.3075375
7/5/7/4/6/6/7/3/3 3 3,Z,2,0,BLOCK,Z,0.1703964,0.4154383
7/5/7/6/4/6/7/3/3 3 3,X,2.2222222222222222222222222222,2,BLOCK,X,1.084478,0.631243
7/5/7/6/6/4/7/3/3 3 3,Z,2.2857142857142857142857142858,0,BLOCK,Z,0.5407755,0.7844972
7/1/7/6/6/6/7/7/4 3 3,Z,-2.25,2,BLOCK,Z,1.361381,0.5975449
7/5/7/4/6/6/7/7/4 3 3,Z,1.8181818181818181818181818182,0,BLOCK,Z,0.3766583,0.5096098
7/5/7/6/4/6/7/7/4 3 3,X,1.7777777777777777777777777778,2,BLOCK,X,0.9656723,0.6610786
7/5/7/6/6/4/7/7/4 3 3,Z,2,0,BLOCK,Z,0.6700397,0.9214046
7/1/7/6/6/6/7/7/2 3 3,Z,-2.25,0,BLOCK,Z,0.4239644,0.4876693
7/5/7/4/6/6/7/7/2 3 3,Z,1.8181818181818181818181818182,0,BLOCK,Z,0.2253065,0.4053991
7/5/7/6/4/6/7/7/2 3 3,X,2,0,BLOCK,X,0.6510558,0.770843
7/5/7/6/6/4/7/7/2 3 3,Z,2,2,BLOCK,Z,1.286938,0.7966401
7/1/7/6/6/6/7/7/1 3 3,Z,-2.25,0,BLOCK,Z,0.1132419,0.3376315
7/5/7/4/6/6/7/7/1 3 3,Z,1.8181818181818181818181818182,2,BLOCK,Z,0.9277095,0.6337608
7/5/7/6/4/6/7/7/1 3 3,X,2.2222222222222222222222222222,2,BLOCK,X,1.091593,0.6837025
7/5/7/6/6/4/7/7/1 3 3,Z,2,2,BLOCK,Z,1.259515,0.856621
7/1/7/6/6/5/2/7/7 3 3,Z,-2.125,0,BLOCK,Z,0.3407991,0.1632914
7/5/7/4/6/5/2/7/7 3 3,Z,2,0,BLOCK,Z,0.328776,0.4057295
7/5/7/6/4/5/2/7/7 3 3,X,2,0,BLOCK,X,0.557361,0.5103376
7/5/7/6/6/1/2/7/7 3 3,Z,-2,0,BLOCK,Z,0.7751534,0.5646685
7/1/7/6/6/5/6/6/7 3 3,Z,-2.25,0,BLOCK,Z,0.09901889,0.09996211
7/5/7/4/6/5/6/6/7 3 3,Z,1.8181818181818181818181818182,0,BLOCK,Z,0.472167,0.3719924
7/5/7/6/4/5/6/6/7 3 3,X,1.7777777777777777777777777778,0,BLOCK,X,0.4804895,0.6448491
7/5/7/6/6/1/6/6/7 3 3,Z,-2.2857142857142857142857142858,0,BLOCK,Z,0.4102303,0.3017375
7/5/7/6/6/5/4/6/7 3 3,X,2,0,BLOCK,X,1.219501,0.9507145
7/5/7/6/6/5/6/4/7 3 3,Z,2,0,BLOCK,Z,0.1281808,0.2614356
7/1/7/6/6/5/6/5/7 3 3,Z,-2.125,0,BLOCK,Z,0.3390211,0.4550146
7/5/7/4/6/5/6/5/7 3 3,Z,2,0,BLOCK,Z,0.6343346,0.5095419
7/5/7/6/4/5/6/5/7 3 3,X,1.7777777777777777777777777778,2,BLOCK,X,0.8322119,0.6927028
7/5/7/6/6/1/6/5/7 3 3,Z,-2,0,BLOCK,Z,1.00025,0.822889
7/5/7/6/6/5/4/5/7 3 3,X,2,2,BLOCK,X,1.407539,0.8324985
7/5/7/6/6/5/6/1/7 3 3,Z,-2,0,BLOCK,Z,0.06321263,0.1104809
7/1/7/6/6/5/6/3/7 3 3,Z,-2,2,BLOCK,Z,1.843997,0.8816935
7/5/7/4/6/5/6/3/7 3 3,Z,2.1818181818181818181818181818,0,BLOCK,Z,0.4187897,0.4404181
7/5/7/6/4/5/6/3/7 3 3,X,1.7777777777777777777777777778,2,BLOCK,X,0.9213485,0.6129136
7/5/7/6/6/1/6/3/7 3 3,Z,-1.7142857142857142857142857142,0,BLOCK,Z,0.207485,0.5876165
7/5/7/6/6/5/4/3/7 3 3,X,2,0,BLOCK,X,1.28513,0.9110502
7/1/7/6/6/5/6/7/6 3 3,Z,-2.125,0,BLOCK,Z,0.1639161,0.2708272
7/5/7/4/6/5/6/7/6 3 3,Z,2,2,BLOCK,Z,0.9667479,0.5213015
7/5/7/6/4/5/6/7/6 3 3,X,1.5555555555555555555555555556,0,BLOCK,X,0.660749,0.5284263
7/5/7/6/6/1/6/7/6 3 3,Z,-2,0,BLOCK,Z,0.5616709,0.592504
7/5/7/6/6/5/4/7/6 3 3,X,1.6,0,BLOCK,X,0.4499329,0.522945
7/1/7/6/6/5/6/7/5 3 3,Z,-2.125,0,BLOCK,Z,0.6372309,0.5934986
7/5/7/4/6/5/6/7/5 3 3,Z,2,2,BLOCK,Z,0.9559069,0.5350896
7/5/7/6/4/5/6/7/5 3 3,X,1.7777777777777777777777777778,0,BLOCK,X,0.5929684,0.7124487
7/5/7/6/6/1/6/7/5 3 3,Z,-2,0,BLOCK,Z,0.5016538,0.5360801
7/5/7/6/6/5/4/7/5 3 3,X,2,2,BLOCK,X,1.353575,0.7845614
7/1/7/6/6/5/6/7/3 3 3,Z,-2.125,0,BLOCK,Z,0.07409901,0.2470908
7/5/7/4/6/5/6/7/3 3 3,Z,2,0,BLOCK,Z,0.8297123,0.4987426
7/5/7/6/4/5/6/7/3 3 3,X,2,0,BLOCK,X,0.5581599,0.539875
7/5/7/6/6/1/6/7/3 3 3,Z,-2,0,BLOCK,Z,0.5601101,0.4959465
7/5/7/6/6/5/4/7/3 3 3,X,2.4,0,BLOCK,X,1.404931,1.001285
7/1/7/6/6/5/5/6/7 3 3,Z,-2.25,2,BLOCK,Z,1.438791,0.7240652
7/5/7/4/6/5/5/6/7 3 3,Z,1.8181818181818181818181818182,0,BLOCK,Z,0.507692,0.3548845
7/5/7/6/4/5/5/6/7 3 3,X,2,2,BLOCK,X,0.9088959,0.7215523
7/5/7/6/6/1/5/6/7 3 3,Z,-2.2857142857142857142857142858,0,BLOCK,Z,0.5822071,0.588271
7/5/7/6/6/5/1/6/7 3 3,X,-2,2,BLOCK,X,1.357605,0.7855098
7/5/7/6/6/5/5/4/7 3 3,Z,2,0,BLOCK,Z,1.56058,1.077256
7/1/7/6/6/5/5/5/7 3 3,Z,-2.125,0,BLOCK,Z,0.3442838,0.3227576
7/5/7/4/6/5/5/5/7 3 3,Z,2,0,BLOCK,Z,0.6782588,0.478482
7/5/7/6/4/5/5/5/7 3 3,X,2,0,BLOCK,X,0.5351872,0.6982119
7/5/7/6/6/1/5/5/7 3 3,Z,-2,0,BLOCK,Z,0.7854624,0.5783201
7/5/7/6/6/5/1/5/7 3 3,X,-2,0,BLOCK,X,0.5953548,0.6186447
7/5/7/6/6/5/5/1/7 3 3,Z,-2,0,BLOCK,Z,1.601079,0.9911412
7/1/7/6/6/5/5/3/7 3 3,Z,-2,0,BLOCK,Z,0.2960264,0.6289203
7/5/7/4/6/5/5/3/7 3 3,Z,2.1818181818181818181818181818,0,BLOCK,Z,0.5085599,0.5464773
7/5/7/6/4/5/5/3/7 3 3,X,2,0,BLOCK,X,0.7848163,0.624519
7/5/7/6/6/1/5/3/7 3 3,Z,-1.7142857142857142857142857142,0,BLOCK,Z,1.087548,0.9149304
7/5/7/6/6/5/1/3/7 3 3,X,-2,0,BLOCK,X,0.6560539,0.6455432
7/1/7/6/6/5/5/7/6 3 3,Z,-2.125,0,BLOCK,Z,0.4975868,0.4264036
7/5/7/4/6/5/5/7/6 3 3,Z,2,0,BLOCK,Z,0.8026494,0.4816848
7/5/7/6/4/5/5/7/6 3 3,X,1.7777777777777777777777777778,0,BLOCK,X,0.7711723,0.6783209
7/5/7/6/6/1/5/7/6 3 3,Z,-2,0,BLOCK,Z,0.71748,0.4851935
7/5/7/6/6/5/1/7/6 3 3,X,-2.4,2,BLOCK,X,1.575714,0.8784701
7/1/7/6/6/5/5/7/5 3 3,Z,-2.125,2,BLOCK,Z,1.720573,0.9588318
7/5/7/4/6/5/5/7/5 3 3,Z,2,0,BLOCK,Z,0.4397049,0.4460977
7/5/7/6/4/5/5/7/5 3 3,X,2,0,BLOCK,X,0.728842,0.6393801
7/5/7/6/6/1/5/7/5 3 3,Z,-2,0,BLOCK,Z,0.8552856,0.6534558
7/5/7/6/6/5/1/7/5 3 3,X,-2,2,BLOCK,X,1.305008,0.8042694
7/1/7/6/6/5/5/7/3 3 3,Z,-2.125,0,BLOCK,Z,0.2579989,0.129474
7/5/7/4/6/5/5/7/3 3 3,Z,2,0,BLOCK,Z,0.7248719,0.5060051
7/5/7/6/4/5/5/7/3 3 3,X,2.2222222222222222222222222222,0,BLOCK,X,0.8856968,0.5629185
7/5/7/6/6/1/5/7/3 3 3,Z,-2,0,BLOCK,Z,0.7588511,0.4040046
7/5/7/6/6/5/1/7/3 3 3,X,-1.6,0,BLOCK,X,0.5602133,0.4730084
7/1/7/6/6/5/3/6/7 3 3,Z,-2.25,2,BLOCK,Z,1.519339,0.655564
7/5/7/4/6/5/3/6/7 3 3,Z,1.8181818181818181818181818182,2,BLOCK,Z,0.8737271,0.5473236
7/5/7/6/4/5/3/6/7 3 3,X,2.2222222222222222222222222222,2,BLOCK,X,1.277635,0.6365268
7/5/7/6/6/1/3/6/7 3 3,Z,-2.2857142857142857142857142858,0,BLOCK,Z,1.482082,0.938252
7/5/7/6/6/5/3/4/7 3 3,Z,2,0,BLOCK,Z,0.2971385,0.4799148
7/1/7/6/6/5/3/5/7 3 3,Z,-2.125,0,BLOCK,Z,0.5657501,0.6522174
7/5/7/4/6/5/3/5/7 3 3,Z,2,2,BLOCK,Z,0.9179139,0.4431815
7/5/7/6/4/5/3/5/7 3 3,X,2.2222222222222222222222222222,0,BLOCK,X,1.012165,0.6201624
7/5/7/6/6/1/3/5/7 3 3,Z,-2,0,BLOCK,Z,1.031332,0.8746985
7/5/7/6/6/5/3/1/7 3 3,Z,-2,0,BLOCK,Z,0.3345218,0.4621321
7/1/7/6/6/5/3/3/7 3 3,Z,-2,0,BLOCK,Z,0.3623659,0.3397212
7/5/7/4/6/5/3/3/7 3 3,Z,2.1818181818181818181818181818,2,BLOCK,Z,1.001424,0.5801974
7/5/7/6/4/5/3/3/7 3 3,X,2.2222222222222222222222222222,0,BLOCK,X,0.6825704,0.6865278
7/5/7/6/6/1/3/3/7 3 3,Z,-1.7142857142857142857142857142,0,BLOCK,Z,0.4200958,0.5207227
7/1/7/6/6/5/3/7/6 3 3,Z,-2.125,0,BLOCK,Z,0.7073709,0.6198133
7/5/7/4/6/5/3/7/6 3 3,Z,2,0,BLOCK,Z,0.6713854,0.6082258
7/5/7/6/4/5/3/7/6 3 3,X,2,0,BLOCK,X,0.5004501,0.635061
7/5/7/6/6/1/3/7/6 3 3,Z,-2,2,BLOCK,Z,1.296726,0.8814124
7/1/7/6/6/5/3/7/5 3 3,Z,-2.125,0,BLOCK,Z,0.08806302,0.2972248
7/5/7/4/6/5/3/7/5 3 3,Z,2,0,BLOCK,Z,0.399547,0.446322
7/5/7/6/4/5/3/7/5 3 3,X,2.2222222222222222222222222222,0,BLOCK,X,0.3154649,0.3918812
7/5/7/6/6/1/3/7/5 3 3,Z,-2,2,BLOCK,Z,1.225974,0.78793
7/1/7/6/6/5/3/7/3 3 3,Z,-2.125,0,BLOCK,Z,0.3544818,0.2223582
7/5/7/4/6/5/3/7/3 3 3,Z,2,0,BLOCK,Z,0.6971581,0.5035332
7/5/7/6/4/5/3/7/3 3 3,X,2.4444444444444444444444444444,2,BLOCK,X,1.17898,0.6090072
7/5/7/6/6/1/3/7/3 3 3,Z,-2,0,BLOCK,Z,1.096041,0.905427
7/1/7/6/6/5/7/2/7 3 3,Z,-2.125,0,BLOCK,Z,0.2930888,0.1497563
7/5/7/4/6/5/7/2/7 3 3,Z,2,0,BLOCK,Z,0.8131856,0.5889708
7/5/7/6/4/5/7/2/7 3 3,X,2,2,BLOCK,X,0.9216759,0.6118409
7/5/7/6/6/1/7/2/7 3 3,Z,-2,0,BLOCK,Z,1.354318,0.9277878
7/1/7/6/6/5/7/6/6 3 3,Z,-2.25,0,BLOCK,Z,0.1428245,0.1980517
7/5/7/4/6/5/7/6/6 3 3,Z,1.8181818181818181818181818182,0,BLOCK,Z,0.6262267,0.5151624
7/5/7/6/4/5/7/6/6 3 3,X,1.7777777777777777777777777778,0,BLOCK,X,0.8532016,0.6093696
7/5/7/6/6/1/7/6/6 3 3,Z,-2.2857142857142857142857142858,0,BLOCK,Z,0.598671,0.5957766
7/5/7/6/6/5/7/4/6 3 3,Z,2,0,BLOCK,Z,0.2561975,0.389081
7/1/7/6/6/5/7/6/5 3 3,Z,-2.25,0,BLOCK,Z,0.3195931,0.2248266
7/5/7/4/6/5/7/6/5 3 3,Z,1.8181818181818181818181818182,0,BLOCK,Z,0.7427588,0.54274
7/5/7/6/4/5/7/6/5 3 3,X,2,0,BLOCK,X,0.5856541,0.762092
7/5/7/6/6/1/7/6/5 3 3,Z,-2.2857142857142857142857142858,0,BLOCK,Z,0.6706313,0.6325115
7/5/7/6/6/5/7/4/5 3 3,Z,2,0,BLOCK,Z,0.4497564,0.5792507
7/1/7/6/6/5/7/6/3 3 3,Z,-2.25,0,BLOCK,Z,0.8886632,0.4637539
7/5/7/4/6/5/7/6/3 3 3,Z,1.8181818181818181818181818182,0,BLOCK,Z,0.5573243,0.4361008
7/5/7/6/4/5/7/6/3 3 3,X,2.2222222222222222222222222222,0,BLOCK,X,0.538947,0.7054933
7/5/7/6/6/1/7/6/3 3 3,Z,-2.2857142857142857142857142858,0,BLOCK,Z,1.357864,0.8234485
7/5/7/6/6/5/7/4/3 3 3,Z,2,0,BLOCK,Z,0.2756548,0.4373456
7/1/7/6/6/5/7/5/6 3 3,Z,-2.125,0,BLOCK,Z,0.4453504,0.3766686
7/5/7/4/6/5/7/5/6 3 3,Z,2,0,BLOCK,Z,0.6624909,0.5868105
7/5/7/6/4/5/7/5/6 3 3,X,1.7777777777777777777777777778,0,BLOCK,X,0.5731788,0.7293813
7/5/7/6/6/1/7/5/6 3 3,Z,-2,0,BLOCK,Z,0.6459917,0.5913604
7/5/7/6/6/5/7/1/6 3 3,Z,-2,0,BLOCK,Z,0.4059778,0.4212229
7/1/7/6/6/5/7/5/5 3 3,Z,-2.125,0,BLOCK,Z,0.2761719,0.3215455
7/5/7/4/6/5/7/5/5 3 3,Z,2,2,BLOCK,Z,0.983268,0.6117069
7/5/7/6/4/5/7/5/5 3 3,X,2,0,BLOCK,X,0.6516545,0.6817148
7/5/7/6/6/1/7/5/5 3 3,Z,-2,2,BLOCK,Z,1.154427,0.7436503
7/5/7/6/6/5/7/1/5 3 3,Z,-2,0,BLOCK,Z,0.4432071,0.468081
7/1/7/6/6/5/7/5/3 3 3,Z,-2.125,0,BLOCK,Z,0.1558053,0.2713598
7/5/7/4/6/5/7/5/3 3 3,Z,2,0,BLOCK,Z,0.5874976,0.5254277
7/5/7/6/4/5/7/5/3 3 3,X,2.2222222222222222222222222222,0,BLOCK,X,0.4416235,0.5471097
7/5/7/6/6/1/7/5/3 3 3,Z,-2,2,BLOCK,Z,1.214755,0.7067242
7/5/7/6/6/5/7/1/3 3 3,Z,-2,0,BLOCK,Z,0.3330431,0.3681924
7/1/7/6/6/5/7/3/6 3 3,Z,-2,0,BLOCK,Z,0.406127,0.357045
7/5/7/4/6/5/7/3/6 3 3,Z,2.1818181818181818181818181818,0,BLOCK,Z,0.7600599,0.5832178
7/5/7/6/4/5/7/3/6 3 3,X,1.7777777777777777777777777778,2,BLOCK,X,0.8553137,0.7023785
7/5/7/6/6/1/7/3/6 3 3,Z,-1.7142857142857142857142857142,0,BLOCK,Z,0.3138827,0.3708075
7/1/7/6/6/5/7/3/5 3 3,Z,-2,0,BLOCK,Z,0.5864385,0.4055631
7/5/7/4/6/5/7/3/5 3 3,Z,2.1818181818181818181818181818,0,BLOCK,Z,0.7182654,0.6170564
7/5/7/6/4/5/7/3/5 3 3,X,2,0,BLOCK,X,0.7635365,0.6913339
7/5/7/6/6/1/7/3/5 3 3,Z,-1.7142857142857142857142857142,0,BLOCK,Z,0.3637929,0.4158983
7/1/7/6/6/5/7/3/3 3 3,Z,-2,0,BLOCK,Z,0.2186608,0.2706699
7/5/7/4/6/5/7/3/3 3 3,Z,2.1818181818181818181818181818,0,BLOCK,Z,0.6431435,0.4940703
7/5/7/6/4/5/7/3/3 3 3,X,2.2222222222222222222222222222,0,BLOCK,X,0.8319826,0.7180585
7/5/7/6/6/1/7/3/3 3 3,Z,-1.7142857142857142857142857142,0,BLOCK,Z,0.4253531,0.5200092
7/1/7/6/6/5/7/7/4 3 3,Z,-2.125,0,BLOCK,Z,0.07536153,0.2028729
7/5/7/4/6/5/7/7/4 3 3,Z,2,0,BLOCK,Z,0.44169,0.4979284
7/5/7/6/4/5/7/7/4 3 3,X,1.7777777777777777777777777778,0,BLOCK,X,0.5987896,0.6357676
7/5/7/6/6/1/7/7/4 3 3,Z,-2,0,BLOCK,Z,0.876618,0.4569178
7/1/7/6/6/5/7/7/2 3 3,Z,-2.125,0,BLOCK,Z,0.1737465,0.2603916
7/5/7/4/6/5/7/7/2 3 3,Z,2,2,BLOCK,Z,0.9903788,0.6067832
7/5/7/6/4/5/7/7/2 3 3,X,2,0,BLOCK,X,0.5752317,0.6089131
7/5/7/6/6/1/7/7/2 3 3,Z,-2,0,BLOCK,Z,0.5335875,0.3944391
7/1/7/6/6/5/7/7/1 3 3,Z,-2.125,2,BLOCK,Z,1.626514,0.6444801
7/5/7/4/6/5/7/7/1 3 3,Z,2,2,BLOCK,Z,1.015506,0.6563873
7/5/7/6/4/5/7/7/1 3 3,X,2.2222222222222222222222222222,0,BLOCK,X,0.5966808,0.6658642
7/5/7/6/6/1/7/7/1 3 3,Z,-2,0,BLOCK,Z,1.218467,0.8037249
7/1/7/6/6/3/2/7/7 3 3,Z,-2,2,BLOCK,Z,1.4909,0.8097342
7/5/7/4/6/3/2/7/7 3 3,Z,2.1818181818181818181818181818,0,BLOCK,Z,0.6225756,0.7064012
7/5/7/6/4/3/2/7/7 3 3,X,2,0,BLOCK,X,0.8989005,0.5943698
7/1/7/6/6/3/6/6/7 3 3,Z,-2.125,0,BLOCK,Z,0.07659404,0.1873871
7/5/7/4/6/3/6/6/7 3 3,Z,2,2,BLOCK,Z,1.393343,0.9336194
7/5/7/6/4/3/6/6/7 3 3,X,1.7777777777777777777777777778,0,BLOCK,X,0.7259129,0.698577
7/5/7/6/2/3/6/6/7 3 3,Z,-0.6428571428571428571428571429,302,TIMEOUT,Z,0.0121636,0.004046557
7/5/7/6/6/3/4/6/7 3 3,X,2,0,BLOCK,X,0.7532077,0.7307554
7/5/7/6/6/3/6/4/7 3 3,Z,2,0,BLOCK,Z,1.568071,1.000919
7/1/7/6/6/3/6/5/7 3 3,Z,-2,0,BLOCK,Z,0.3109323,0.3615899
7/5/7/4/6/3/6/5/7 3 3,Z,2.1818181818181818181818181818,0,BLOCK,Z,0.2934906,0.6710643
7/5/7/6/4/3/6/5/7 3 3,X,1.7777777777777777777777777778,0,BLOCK,X,0.3473328,0.6578467
7/5/7/6/6/3/4/5/7 3 3,X,2,0,BLOCK,X,0.5328129,0.698311
7/5/7/6/6/3/6/1/7 3 3,Z,-2,0,BLOCK,Z,0.2757526,0.1482528
7/1/7/6/6/3/6/3/7 3 3,Z,-1.8749999999999999999999999998,0,BLOCK,Z,0.286715,0.0731378
7/5/7/4/6/3/6/3/7 3 3,Z,2.3636363636363636363636363638,2,BLOCK,Z,1.161302,0.7500145
7/5/7/6/4/3/6/3/7 3 3,X,1.7777777777777777777777777778,0,BLOCK,X,0.4587047,0.7506654
7/5/7/6/6/3/4/3/7 3 3,X,2,0,BLOCK,X,0.5743207,0.7725256
7/1/7/6/6/3/6/7/6 3 3,Z,-2,2,BLOCK,Z,1.607527,0.9953021
7/5/7/4/6/3/6/7/6 3 3,Z,2.1818181818181818181818181818,0,BLOCK,Z,0.4255219,0.6198198
7/5/7/6/4/3/6/7/6 3 3,X,1.5555555555555555555555555556,0,BLOCK,X,0.7726724,0.4873201
7/5/7/6/6/3/4/7/6 3 3,X,1.6,0,BLOCK,X,1.171886,0.8634974
7/1/7/6/6/3/6/7/5 3 3,Z,-2,0,BLOCK,Z,0.407118,0.397371
7/5/7/4/6/3/6/7/5 3 3,Z,2.1818181818181818181818181818,0,BLOCK,Z,0.4131082,0.5957198
7/5/7/6/4/3/6/7/5 3 3,X,1.7777777777777777777777777778,2,BLOCK,X,0.822805,0.6972741
7/5/7/6/6/3/4/7/5 3 3,X,2,2,BLOCK,X,1.336145,0.7903346
7/1/7/6/6/3/6/7/3 3 3,Z,-2,0,BLOCK,Z,0.1112723,0.05351277
7/5/7/4/6/3/6/7/3 3 3,Z,2.1818181818181818181818181818,0,BLOCK,Z,0.3637587,0.4766189
7/5/7/6/4/3/6/7/3 3 3,X,2,0,BLOCK,X,0.6196409,0.6056066
7/5/7/6/6/3/4/7/3 3 3,X,2.4,0,BLOCK,X,0.6175478,0.7239971
7/1/7/6/6/3/5/6/7 3 3,Z,-2.125,2,BLOCK,Z,1.724378,0.6941864
7/5/7/4/6/3/5/6/7 3 3,Z,2,0,BLOCK,Z,0.7473641,0.7263092
7/5/7/6/4/3/5/6/7 3 3,X,2,0,BLOCK,X,0.603949,0.6577703
7/5/7/6/6/3/1/6/7 3 3,X,-2,0,BLOCK,X,0.7424432,0.5652962
7/5/7/6/6/3/5/4/7 3 3,Z,2,0,BLOCK,Z,1.571764,1.033287
7/1/7/6/6/3/5/5/7 3 3,Z,-2,0,BLOCK,Z,0.175838,0.3858154
7/5/7/4/6/3/5/5/7 3 3,Z,2.1818181818181818181818181818,2,BLOCK,Z,1.314412,0.8430668
7/5/7/6/4/3/5/5/7 3 3,X,2,2,BLOCK,X,0.8778908,0.7033188
7/5/7/6/6/3/1/5/7 3 3,X,-2,0,BLOCK,X,0.734417,0.6465566
7/5/7/6/6/3/5/1/7 3 3,Z,-2,0,BLOCK,Z,1.658436,1.045427
7/1/7/6/6/3/5/3/7 3 3,Z,-1.8749999999999999999999999998,0,BLOCK,Z,0.584007,0.5618572
7/5/7/4/6/3/5/3/7 3 3,Z,2.3636363636363636363636363638,0,BLOCK,Z,0.4642158,0.5421208
7/5/7/6/4/3/5/3/7 3 3,X,2,2,BLOCK,X,0.8833029,0.688374
7/5/7/6/6/3/1/3/7 3 3,X,-2,0,BLOCK,X,0.5161954,0.5795372
7/1/7/6/6/3/5/7/6 3 3,Z,-2,0,BLOCK,Z,0.557155,0.3499315
7/5/7/4/6/3/5/7/6 3 3,Z,2.1818181818181818181818181818,0,BLOCK,Z,0.7988445,0.8253549
7/5/7/6/4/3/5/7/6 3 3,X,1.7777777777777777777777777778,0,BLOCK,X,0.7598567,0.6687953
7/5/7/6/6/3/1/7/6 3 3,X,-2.4,0,BLOCK,X,0.7774418,0.710987
7/1/7/6/6/3/5/7/5 3 3,Z,-2,0,BLOCK,Z,0.1214481,0.1164182
7/5/7/4/6/3/5/7/5 3 3,Z,2.1818181818181818181818181818,0,BLOCK,Z,0.4109716,0.6090934
7/5/7/6/4/3/5/7/5 3 3,X,2,0,BLOCK,X,0.7595205,0.7787745
7/5/7/6/6/3/1/7/5 3 3,X,-2,0,BLOCK,X,0.6519762,0.5556375
7/1/7/6/6/3/5/7/3 3 3,Z,-2,0,BLOCK,Z,0.2447586,0.1667868
7/5/7/4/6/3/5/7/3 3 3,Z,2.1818181818181818181818181818,0,BLOCK,Z,0.6520503,0.6690528
7/5/7/6/4/3/5/7/3 3 3,X,2.2222222222222222222222222222,0,BLOCK,X,0.7626929,0.6301587
7/5/7/6/6/3/1/7/3 3 3,X,-1.6,2,BLOCK,X,1.302697,0.7195414
7/1/7/6/6/3/3/6/7 3 3,Z,-2.125,0,BLOCK,Z,0.1879237,0.2887272
7/5/7/4/6/3/3/6/7 3 3,Z,2,0,BLOCK,Z,0.8212946,0.7277249
7/5/7/6/4/3/3/6/7 3 3,X,2.2222222222222222222222222222,0,BLOCK,X,0.8137807,0.4798449
7/5/7/6/6/3/3/4/7 3 3,Z,2,0,BLOCK,Z,1.562209,1.036324
7/1/7/6/6/3/3/5/7 3 3,Z,-2,0,BLOCK,Z,0.4052925,0.3258411
7/5/7/4/6/3/3/5/7 3 3,Z,2.1818181818181818181818181818,0,BLOCK,Z,0.7426921,0.6840685
7/5/7/6/4/3/3/5/7 3 3,X,2.2222222222222222222222222222,0,BLOCK,X,0.8263679,0.6438546
7/5/7/6/6/3/3/1/7 3 3,Z,-2,0,BLOCK,Z,0.366156,0.3642064
7/1/7/6/6/3/3/3/7 3 3,Z,-1.8749999999999999999999999998,0,BLOCK,Z,0.4794412,0.4755085
7/5/7/4/6/3/3/3/7 3 3,Z,2.3636363636363636363636363638,0,BLOCK,Z,0.4479901,0.5922616
7/5/7/6/4/3/3/3/7 3 3,X,2.2222222222222222222222222222,0,BLOCK,X,0.4939924,0.6334484
7/1/7/6/6/3/3/7/6 3 3,Z,-2,0,BLOCK,Z,0.2764065,0.3065358
7/5/7/4/6/3/3/7/6 3 3,Z,2.1818181818181818181818181818,0,BLOCK,Z,0.5548192,0.5927017
7/5/7/6/4/3/3/7/6 3 3,X,2,0,BLOCK,X,1.340802,0.8113617
7/1/7/6/6/3/3/7/5 3 3,Z,-2,0,BLOCK,Z,0.2156886,0.2179313
7/5/7/4/6/3/3/7/5 3 3,Z,2.1818181818181818181818181818,0,BLOCK,Z,0.142741,0.3763233
7/5/7/6/4/3/3/7/5 3 3,X,2.2222222222222222222222222222,0,BLOCK,X,0.525281,0.5238702
7/1/7/6/6/3/3/7/3 3 3,Z,-2,0,BLOCK,Z,0.2976654,0.326797
7/5/7/4/6/3/3/7/3 3 3,Z,2.1818181818181818181818181818,0,BLOCK,Z,0.4027437,0.5776296
7/5/7/6/4/3/3/7/3 3 3,X,2.4444444444444444444444444444,0,BLOCK,X,0.9929704,0.516014
7/1/7/6/6/3/7/2/7 3 3,Z,-2,0,BLOCK,Z,0.3819167,0.4466546
7/5/7/4/6/3/7/2/7 3 3,Z,2.1818181818181818181818181818,2,BLOCK,Z,1.20952,0.7783415
7/5/7/6/4/3/7/2/7 3 3,X,2,0,BLOCK,X,0.7776989,0.6707069
7/1/7/6/6/3/7/6/6 3 3,Z,-2.125,2,BLOCK,Z,1.315407,0.7163494
7/5/7/4/6/3/7/6/6 3 3,Z,2,2,BLOCK,Z,1.327529,0.822556
7/5/7/6/4/3/7/6/6 3 3,X,1.7777777777777777777777777778,0,BLOCK,X,0.757632,0.7315079
7/5/7/6/6/3/7/4/6 3 3,Z,2,0,BLOCK,Z,0.2351724,0.3827491
7/1/7/6/6/3/7/6/5 3 3,Z,-2.125,0,BLOCK,Z,0.4484068,0.3641711
7/5/7/4/6/3/7/6/5 3 3,Z,2,0,BLOCK,Z,0.558681,0.5492401
7/5/7/6/4/3/7/6/5 3 3,X,2,0,BLOCK,X,0.6575423,0.7293772
7/5/7/6/6/3/7/4/5 3 3,Z,2,0,BLOCK,Z,0.3669423,0.4287489
7/1/7/6/6/3/7/6/3 3 3,Z,-2.125,0,BLOCK,Z,0.4206774,0.4780419
7/5/7/4/6/3/7/6/3 3 3,Z,2,0,BLOCK,Z,0.4251722,0.5495454
7/5/7/6/4/3/7/6/3 3 3,X,2.2222222222222222222222222222,0,BLOCK,X,0.5067776,0.8292575
7/5/7/6/6/3/7/4/3 3 3,Z,2,0,BLOCK,Z,0.331659,0.4896986
7/1/7/6/6/3/7/5/6 3 3,Z,-2,0,BLOCK,Z,0.1930473,0.2862853
7/5/7/4/6/3/7/5/6 3 3,Z,2.1818181818181818181818181818,0,BLOCK,Z,0.6860364,0.6928095
7/5/7/6/4/3/7/5/6 3 3,X,1.7777777777777777777777777778,0,BLOCK,X,0.6089997,0.6843944
7/5/7/6/6/3/7/1/6 3 3,Z,-2,0,BLOCK,Z,0.2825174,0.3002137
7/1/7/6/6/3/7/5/5 3 3,Z,-2,2,BLOCK,Z,1.925746,1.391557
7/5/7/4/6/3/7/5/5 3 3,Z,2.1818181818181818181818181818,0,BLOCK,Z,0.5087987,0.558677
7/5/7/6/4/3/7/5/5 3 3,X,2,0,BLOCK,X,0.6510884,0.8131562
7/5/7/6/6/3/7/1/5 3 3,Z,-2,0,BLOCK,Z,0.431411,0.4759601
7/1/7/6/6/3/7/5/3 3 3,Z,-2,0,BLOCK,Z,0.5159228,0.3459662
7/5/7/4/6/3/7/5/3 3 3,Z,2.1818181818181818181818181818,0,BLOCK,Z,0.3964544,0.5793941
7/5/7/6/4/3/7/5/3 3 3,X,2.2222222222222222222222222222,0,BLOCK,X,0.525465,0.6253441
7/5/7/6/6/3/7/1/3 3 3,Z,-2,2,BLOCK,Z,1.603104,0.9505585
7/1/7/6/6/3/7/3/6 3 3,Z,-1.8749999999999999999999999998,0,BLOCK,Z,0.3085636,0.08451136
7/5/7/4/6/3/7/3/6 3 3,Z,2.3636363636363636363636363638,0,BLOCK,Z,0.4551646,0.6172563
7/5/7/6/4/3/7/3/6 3 3,X,1.7777777777777777777777777778,0,BLOCK,X,0.6163389,0.710277
7/1/7/6/6/3/7/3/5 3 3,Z,-1.8749999999999999999999999998,0,BLOCK,Z,0.6708153,0.4951751
7/5/7/4/6/3/7/3/5 3 3,Z,2.3636363636363636363636363638,2,BLOCK,Z,1.191407,0.7503954
7/5/7/6/4/3/7/3/5 3 3,X,2,2,BLOCK,X,1.036991,0.742771
7/1/7/6/6/3/7/3/3 3 3,Z,-1.8749999999999999999999999998,0,BLOCK,Z,0.4940197,0.4467194
7/5/7/4/6/3/7/3/3 3 3,Z,2.3636363636363636363636363638,0,BLOCK,Z,0.1731204,0.2034246
7/5/7/6/4/3/7/3/3 3 3,X,2.2222222222222222222222222222,0,BLOCK,X,0.5932779,0.6136246
7/1/7/6/6/3/7/7/4 3 3,Z,-2,0,BLOCK,Z,0.2854558,0.3315518
7/5/7/4/6/3/7/7/4 3 3,Z,2.1818181818181818181818181818,0,BLOCK,Z,0.4934447,0.5751713
7/5/7/6/4/3/7/7/4 3 3,X,1.7777777777777777777777777778,0,BLOCK,X,0.5625736,0.8308064
7/1/7/6/6/3/7/7/2 3 3,Z,-2,0,BLOCK,Z,0.4057765,0.3988083
7/5/7/4/6/3/7/7/2 3 3,Z,2.1818181818181818181818181818,0,BLOCK,Z,0.4907463,0.659544
7/5/7/6/4/3/7/7/2 3 3,X,2,2,BLOCK,X,1.000815,0.6637402
7/1/7/6/6/3/7/7/1 3 3,Z,-2,0,BLOCK,Z,0.4697109,0.3227154
7/5/7/4/6/3/7/7/1 3 3,Z,2.1818181818181818181818181818,0,BLOCK,Z,0.473744,0.6152103
7/5/7/6/4/3/7/7/1 3 3,X,2.2222222222222222222222222222,0,BLOCK,X,0.6901125,0.6339588
7/1/7/6/6/7/2/6/7 3 3,Z,-2.25,0,BLOCK,Z,0.2169779,0.3076806
7/5/7/4/6/7/2/6/7 3 3,Z,1.8181818181818181818181818182,2,BLOCK,Z,0.880183,0.4866769
7/5/7/6/4/7/2/6/7 3 3,X,2,0,BLOCK,X,0.5518111,0.5530069
7/5/7/6/6/7/2/4/7 3 3,Z,2,2,BLOCK,Z,1.682843,1.108814
7/1/7/6/6/7/2/5/7 3 3,Z,-2.125,0,BLOCK,Z,0.339271,0.3792919
7/5/7/4/6/7/2/5/7 3 3,Z,2,0,BLOCK,Z,0.4763268,0.5280173
7/5/7/6/4/7/2/5/7 3 3,X,2,0,BLOCK,X,0.6151677,0.5647725
7/5/7/6/6/7/2/1/7 3 3,Z,-2,0,BLOCK,Z,1.011476,0.4669073
7/1/7/6/6/7/2/3/7 3 3,Z,-2,2,BLOCK,Z,1.586705,0.731593
7/5/7/4/6/7/2/3/7 3 3,Z,2.1818181818181818181818181818,0,BLOCK,Z,0.6859329,0.5693266
7/5/7/6/4/7/2/3/7 3 3,X,2,0,BLOCK,X,0.1617526,0.299304
7/1/7/6/6/7/2/7/6 3 3,Z,-2.125,0,BLOCK,Z,0.36552,0.2349979
7/5/7/4/6/7/2/7/6 3 3,Z,2,2,BLOCK,Z,0.9879647,0.5970208
7/5/7/6/4/7/2/7/6 3 3,X,1.7777777777777777777777777778,0,BLOCK,X,0.5848185,0.5867317
7/1/7/6/6/7/2/7/5 3 3,Z,-2.125,0,BLOCK,Z,0.2070351,0.305286
7/5/7/4/6/7/2/7/5 3 3,Z,2,0,BLOCK,Z,0.383585,0.4664413
7/5/7/6/4/7/2/7/5 3 3,X,2,0,BLOCK,X,0.2892593,0.5069987
7/1/7/6/6/7/2/7/3 3 3,Z,-2.125,0,BLOCK,Z,0.3521885,0.3316365
7/5/7/4/6/7/2/7/3 3 3,Z,2,2,BLOCK,Z,0.9634022,0.5450576
7/5/7/6/4/7/2/7/3 3 3,X,2.2222222222222222222222222222,0,BLOCK,X,0.2008488,0.4064134
7/1/7/6/6/7/6/2/7 3 3,Z,-2.125,2,BLOCK,Z,1.652556,0.7996989
7/5/7/4/6/7/6/2/7 3 3,Z,2,0,BLOCK,Z,0.3579717,0.4951393
7/5/7/6/4/7/6/2/7 3 3,X,1.7777777777777777777777777778,0,BLOCK,X,0.739552,0.5628977
7/5/7/6/6/7/4/2/7 3 3,X,2,0,BLOCK,X,0.6205,0.717331
7/1/7/6/6/7/6/6/6 3 3,Z,-2.25,0,BLOCK,Z,0.3341572,0.3440229
7/5/7/4/6/7/6/6/6 3 3,Z,1.8181818181818181818181818182,0,BLOCK,Z,0.4304139,0.5217559
7/5/7/6/4/7/6/6/6 3 3,X,1.5555555555555555555555555556,0,BLOCK,X,0.4567822,0.5483025
7/5/7/6/6/7/4/6/6 3 3,X,1.5,0,BLOCK,X,0.3836488,0.5583733
7/5/7/6/6/7/6/4/6 3 3,Z,2,0,BLOCK,Z,0.2623289,0.4589295
7/1/7/6/6/7/6/6/5 3 3,Z,-2.25,2,BLOCK,Z,1.540959,0.6664128
7/5/7/4/6/7/6/6/5 3 3,Z,1.8181818181818181818181818182,2,BLOCK,Z,0.888576,0.4833438
7/5/7/6/4/7/6/6/5 3 3,X,1.7777777777777777777777777778,0,BLOCK,X,0.4097208,0.6238683
7/5/7/6/6/7/4/6/5 3 3,X,2,0,BLOCK,X,0.5878041,0.7343178
7/5/7/6/6/7/6/4/5 3 3,Z,2,2,BLOCK,Z,1.613525,1.01215
7/1/7/6/6/7/6/6/3 3 3,Z,-2.25,0,BLOCK,Z,0.4660176,0.3127333
7/5/7/4/6/7/6/6/3 3 3,Z,1.8181818181818181818181818182,0,BLOCK,Z,0.7620119,0.6205258
7/5/7/6/4/7/6/6/3 3 3,X,2.0,2,BLOCK,X,1.009102,0.6554649
7/5/7/6/6/7/4/6/3 3 3,X,2.5,0,BLOCK,X,0.7505767,0.8177584
7/5/7/6/6/7/6/4/3 3 3,Z,2,0,BLOCK,Z,0.3907978,0.5027295
7/1/7/6/6/7/6/5/6 3 3,Z,-2.125,0,BLOCK,Z,0.5841202,0.585474
7/5/7/4/6/7/6/5/6 3 3,Z,2,0,BLOCK,Z,0.7299325,0.6467671
7/5/7/6/4/7/6/5/6 3 3,X,1.5555555555555555555555555556,0,BLOCK,X,0.5397004,0.5216758
7/5/7/6/6/7/4/5/6 3 3,X,1.5,0,BLOCK,X,0.459557,0.5616063
7/5/7/6/6/7/6/1/6 3 3,Z,-2,2,BLOCK,Z,1.555099,0.9501667
7/1/7/6/6/7/6/5/5 3 3,Z,-2.125,0,BLOCK,Z,0.4187639,0.3896903
7/5/7/4/6/7/6/5/5 3 3,Z,2,0,BLOCK,Z,0.3956997,0.4101624
7/5/7/6/4/7/6/5/5 3 3,X,1.7777777777777777777777777778,0,BLOCK,X,0.4299563,0.6012133
7/5/7/6/6/7/4/5/5 3 3,X,2,0,BLOCK,X,0.6216032,0.7043352
7/5/7/6/6/7/6/1/5 3 3,Z,-2,0,BLOCK,Z,0.2741194,0.2925549
7/1/7/6/6/7/6/5/3 3 3,Z,-2.125,0,BLOCK,Z,0.07250477,0.140621
7/5/7/4/6/7/6/5/3 3 3,Z,2,0,BLOCK,Z,0.7747107,0.4990118
7/5/7/6/4/7/6/5/3 3 3,X,2.0,2,BLOCK,X,0.9739532,0.6674092
7/5/7/6/6/7/4/5/3 3 3,X,2.5,0,BLOCK,X,0.6405793,0.8624999
7/5/7/6/6/7/6/1/3 3 3,Z,-2,2,BLOCK,Z,1.601013,0.9574764
7/1/7/6/6/7/6/3/6 3 3,Z,-2,0,BLOCK,Z,0.6317966,0.4787788
7/5/7/4/6/7/6/3/6 3 3,Z,2.1818181818181818181818181818,0,BLOCK,Z,0.8486817,0.5880885
7/5/7/6/4/7/6/3/6 3 3,X,1.5555555555555555555555555556,0,BLOCK,X,0.5783699,0.6232491
7/5/7/6/6/7/4/3/6 3 3,X,1.5,0,BLOCK,X,0.5054366,0.7113042
7/1/7/6/6/7/6/3/5 3 3,Z,-2,0,BLOCK,Z,0.1346055,0.2074702
7/5/7/4/6/7/6/3/5 3 3,Z,2.1818181818181818181818181818,0,BLOCK,Z,0.7181153,0.6618723
7/5/7/6/4/7/6/3/5 3 3,X,1.7777777777777777777777777778,0,BLOCK,X,0.6398165,0.6662
7/5/7/6/6/7/4/3/5 3 3,X,2,0,BLOCK,X,0.5931836,0.6233295
7/1/7/6/6/7/6/3/3 3 3,Z,-2,0,BLOCK,Z,0.1950843,0.2095673
7/5/7/4/6/7/6/3/3 3 3,Z,2.1818181818181818181818181818,2,BLOCK,Z,1.089869,0.672843
7/5/7/6/4/7/6/3/3 3 3,X,2.0,2,BLOCK,X,1.02631,0.5989491
7/5/7/6/6/7/4/3/3 3 3,X,2.5,0,BLOCK,X,0.6978284,0.9008039
7/1/7/6/6/7/6/7/4 3 3,Z,-2.125,0,BLOCK,Z,0.1180014,0.357888
7/5/7/4/6/7/6/7/4 3 3,Z,2,0,BLOCK,Z,0.5442498,0.5539016
7/5/7/6/4/7/6/7/4 3 3,X,1.5555555555555555555555555556,0,BLOCK,X,0.3924044,0.5565289
7/5/7/6/6/7/4/7/4 3 3,X,1.5,2,BLOCK,X,1.155948,0.7079726
7/1/7/6/6/7/6/7/2 3 3,Z,-2.125,0,BLOCK,Z,0.4879578,0.2947706
7/5/7/4/6/7/6/7/2 3 3,Z,2,0,BLOCK,Z,0.7785156,0.5382188
7/5/7/6/4/7/6/7/2 3 3,X,1.7777777777777777777777777778,0,BLOCK,X,0.5881215,0.5704485
7/5/7/6/6/7/4/7/2 3 3,X,2,0,BLOCK,X,0.4651971,0.6342704
7/1/7/6/6/7/6/7/1 3 3,Z,-2.125,0,BLOCK,Z,0.5336476,0.4789653
7/5/7/4/6/7/6/7/1 3 3,Z,2,0,BLOCK,Z,0.6341943,0.7175025
7/5/7/6/4/7/6/7/1 3 3,X,2.0,0,BLOCK,X,0.6471207,0.5780261
7/5/7/6/6/7/4/7/1 3 3,X,2.5,0,BLOCK,X,0.614368,0.7747167
7/1/7/6/6/7/5/2/7 3 3,Z,-2.125,0,BLOCK,Z,0.1401328,0.3225096
7/5/7/4/6/7/5/2/7 3 3,Z,2,0,BLOCK,Z,0.6792052,0.5231383
7/5/7/6/4/7/5/2/7 3 3,X,2,0,BLOCK,X,0.4575141,0.6661584
7/5/7/6/6/7/1/2/7 3 3,X,-2,0,BLOCK,X,0.6103159,0.6420349
7/1/7/6/6/7/5/6/6 3 3,Z,-2.25,2,BLOCK,Z,1.411977,0.8356205
7/5/7/4/6/7/5/6/6 3 3,Z,1.8181818181818181818181818182,0,BLOCK,Z,0.7680373,0.4766273
7/5/7/6/4/7/5/6/6 3 3,X,1.7777777777777777777777777778,2,BLOCK,X,0.8774099,0.7367242
7/5/7/6/6/7/1/6/6 3 3,X,-2.5,0,BLOCK,X,0.9518032,0.8532659
7/5/7/6/6/7/5/4/6 3 3,Z,2,0,BLOCK,Z,0.3010536,0.4920064
7/1/7/6/6/7/5/6/5 3 3,Z,-2.25,0,BLOCK,Z,0.2811388,0.3883128
7/5/7/4/6/7/5/6/5 3 3,Z,1.8181818181818181818181818182,0,BLOCK,Z,0.5977951,0.5323522
7/5/7/6/4/7/5/6/5 3 3,X,2,0,BLOCK,X,0.5932929,0.7304714
7/5/7/6/6/7/1/6/5 3 3,X,-2,0,BLOCK,X,0.8072826,0.6440361
7/5/7/6/6/7/5/4/5 3 3,Z,2,0,BLOCK,Z,0.2119239,0.3970403
7/1/7/6/6/7/5/6/3 3 3,Z,-2.25,0,BLOCK,Z,0.2551274,0.1949876
7/5/7/4/6/7/5/6/3 3 3,Z,1.8181818181818181818181818182,2,BLOCK,Z,0.9692128,0.5337019
7/5/7/6/4/7/5/6/3 3 3,X,2.2222222222222222222222222222,0,BLOCK,X,0.6166044,0.728818
7/5/7/6/6/7/1/6/3 3 3,X,-1.5,0,BLOCK,X,0.4736609,0.4169985
7/5/7/6/6/7/5/4/3 3 3,Z,2,0,BLOCK,Z,0.3564916,0.46218
7/1/7/6/6/7/5/5/6 3 3,Z,-2.125,0,BLOCK,Z,0.4805498,0.2365824
7/5/7/4/6/7/5/5/6 3 3,Z,2,0,BLOCK,Z,0.6365584,0.5986745
7/5/7/6/4/7/5/5/6 3 3,X,1.7777777777777777777777777778,0,BLOCK,X,0.527431,0.5223324
7/5/7/6/6/7/1/5/6 3 3,X,-2.5,0,BLOCK,X,0.741653,0.8753894
7/5/7/6/6/7/5/1/6 3 3,Z,-2,0,BLOCK,Z,0.424398,0.2141618
7/1/7/6/6/7/5/5/5 3 3,Z,-2.125,0,BLOCK,Z,0.8094612,0.393937
7/5/7/4/6/7/5/5/5 3 3,Z,2,0,BLOCK,Z,0.6529942,0.469908
7/5/7/6/4/7/5/5/5 3 3,X,2,0,BLOCK,X,0.6264347,0.7213858
7/5/7/6/6/7/1/5/5 3 3,X,-2,2,BLOCK,X,1.293949,0.8184017
7/5/7/6/6/7/5/1/5 3 3,Z,-2,0,BLOCK,Z,0.4344813,0.4856667
7/1/7/6/6/7/5/5/3 3 3,Z,-2.125,0,BLOCK,Z,0.3683956,0.5668857
7/5/7/4/6/7/5/5/3 3 3,Z,2,0,BLOCK,Z,0.5926368,0.5867577
7/5/7/6/4/7/5/5/3 3 3,X,2.2222222222222222222222222222,0,BLOCK,X,0.5373695,0.616895
7/5/7/6/6/7/1/5/3 3 3,X,-1.5,0,BLOCK,X,0.4409103,0.4176375
7/5/7/6/6/7/5/1/3 3 3,Z,-2,2,BLOCK,Z,1.57687,0.9458509
7/1/7/6/6/7/5/3/6 3 3,Z,-2,0,BLOCK,Z,0.5910423,0.2518293
7/5/7/4/6/7/5/3/6 3 3,Z,2.1818181818181818181818181818,0,BLOCK,Z,0.845596,0.5902198
7/5/7/6/4/7/5/3/6 3 3,X,1.7777777777777777777777777778,0,BLOCK,X,0.7280781,0.6392182
7/5/7/6/6/7/1/3/6 3 3,X,-2.5,0,BLOCK,X,0.8604366,0.8195428
7/1/7/6/6/7/5/3/5 3 3,Z,-2,0,BLOCK,Z,0.02097372,0.1181943
7/5/7/4/6/7/5/3/5 3 3,Z,2.1818181818181818181818181818,0,BLOCK,Z,0.423615,0.5589831
7/5/7/6/4/7/5/3/5 3 3,X,2,2,BLOCK,X,0.9317017,0.6326989
7/5/7/6/6/7/1/3/5 3 3,X,-2,2,BLOCK,X,1.247822,0.7417263
7/1/7/6/6/7/5/3/3 3 3,Z,-2,0,BLOCK,Z,0.2974202,0.1684649
7/5/7/4/6/7/5/3/3 3 3,Z,2.1818181818181818181818181818,2,BLOCK,Z,1.05061,0.6878435
7/5/7/6/4/7/5/3/3 3 3,X,2.2222222222222222222222222222,0,BLOCK,X,0.6055269,0.6019666
7/5/7/6/6/7/1/3/3 3 3,X,-1.5,0,BLOCK,X,0.4202675,0.5293934
7/1/7/6/6/7/5/7/4 3 3,Z,-2.125,0,BLOCK,Z,0.2295561,0.2652608
7/5/7/4/6/7/5/7/4 3 3,Z,2,0,BLOCK,Z,0.4604953,0.5788066
7/5/7/6/4/7/5/7/4 3 3,X,1.7777777777777777777777777778,2,BLOCK,X,0.9209886,0.7700267
7/5/7/6/6/7/1/7/4 3 3,X,-2.5,0,BLOCK,X,0.6563942,0.7076379
7/1/7/6/6/7/5/7/2 3 3,Z,-2.125,0,BLOCK,Z,0.05109618,0.1705968
7/5/7/4/6/7/5/7/2 3 3,Z,2,2,BLOCK,Z,1.019475,0.6032156
7/5/7/6/4/7/5/7/2 3 3,X,2,0,BLOCK,X,0.7343981,0.7600606
7/5/7/6/6/7/1/7/2 3 3,X,-2,0,BLOCK,X,0.5286261,0.6247115
7/1/7/6/6/7/5/7/1 3 3,Z,-2.125,0,BLOCK,Z,0.2779201,0.4465328
7/5/7/4/6/7/5/7/1 3 3,Z,2,2,BLOCK,Z,1.025752,0.5656345
7/5/7/6/4/7/5/7/1 3 3,X,2.2222222222222222222222222222,0,BLOCK,X,0.7670093,0.7298452
7/5/7/6/6/7/1/7/1 3 3,X,-1.5,0,BLOCK,X,0.2744214,0.3810482
7/1/7/6/6/7/3/2/7 3 3,Z,-2.125,0,BLOCK,Z,0.1585135,0.1200696
7/5/7/4/6/7/3/2/7 3 3,Z,2,2,BLOCK,Z,0.9644063,0.5595648
7/5/7/6/4/7/3/2/7 3 3,X,2.2222222222222222222222222222,0,BLOCK,X,0.6338391,0.5306209
7/1/7/6/6/7/3/6/6 3 3,Z,-2.25,0,BLOCK,Z,0.1212338,0.1117951
7/5/7/4/6/7/3/6/6 3 3,Z,1.8181818181818181818181818182,0,BLOCK,Z,0.6494063,0.5733191
7/5/7/6/4/7/3/6/6 3 3,X,2.0,0,BLOCK,X,0.4212322,0.6997697
7/5/7/6/6/7/3/4/6 3 3,Z,2,0,BLOCK,Z,0.4596283,0.5716271
7/1/7/6/6/7/3/6/5 3 3,Z,-2.25,0,BLOCK,Z,0.5238786,0.5213458
7/5/7/4/6/7/3/6/5 3 3,Z,1.8181818181818181818181818182,0,BLOCK,Z,0.5759611,0.5135452
7/5/7/6/4/7/3/6/5 3 3,X,2.2222222222222222222222222222,0,BLOCK,X,0.7239804,0.6158895
7/5/7/6/6/7/3/4/5 3 3,Z,2,0,BLOCK,Z,1.735524,1.038513
7/1/7/6/6/7/3/6/3 3 3,Z,-2.25,0,BLOCK,Z,0.253054,0.415427
7/5/7/4/6/7/3/6/3 3 3,Z,1.8181818181818181818181818182,2,BLOCK,Z,0.9410107,0.5981275
7/5/7/6/4/7/3/6/3 3 3,X,2.4444444444444444444444444444,0,BLOCK,X,0.8528706,0.5978136
7/5/7/6/6/7/3/4/3 3 3,Z,2,0,BLOCK,Z,0.263054,0.4560749
7/1/7/6/6/7/3/5/6 3 3,Z,-2.125,0,BLOCK,Z,0.1131693,0.1267653
7/5/7/4/6/7/3/5/6 3 3,Z,2,0,BLOCK,Z,0.4753935,0.4387794
7/5/7/6/4/7/3/5/6 3 3,X,2.0,0,BLOCK,X,1.155924,0.7938579
7/5/7/6/6/7/3/1/6 3 3,Z,-2,0,BLOCK,Z,0.2051387,0.2210064
7/1/7/6/6/7/3/5/5 3 3,Z,-2.125,0,BLOCK,Z,0.6058191,0.4199081
7/5/7/4/6/7/3/5/5 3 3,Z,2,0,BLOCK,Z,0.7327412,0.4002428
7/5/7/6/4/7/3/5/5 3 3,X,2.2222222222222222222222222222,0,BLOCK,X,0.6557707,0.713304
7/5/7/6/6/7/3/1/5 3 3,Z,-2,2,BLOCK,Z,1.584069,0.9578264
7/1/7/6/6/7/3/5/3 3 3,Z,-2.125,0,BLOCK,Z,0.3451667,0.2157456
7/5/7/4/6/7/3/5/3 3 3,Z,2,0,BLOCK,Z,0.4805067,0.5214918
7/5/7/6/4/7/3/5/3 3 3,X,2.4444444444444444444444444444,0,BLOCK,X,0.5200408,0.6450917
7/5/7/6/6/7/3/1/3 3 3,Z,-2,0,BLOCK,Z,0.389192,0.5115414
7/1/7/6/6/7/3/3/6 3 3,Z,-2,0,BLOCK,Z,0.1793842,0.2178625
7/5/7/4/6/7/3/3/6 3 3,Z,2.1818181818181818181818181818,2,BLOCK,Z,1.055967,0.5949488
7/5/7/6/4/7/3/3/6 3 3,X,2.0,0,BLOCK,X,0.6248466,0.7140828
7/1/7/6/6/7/3/3/5 3 3,Z,-2,0,BLOCK,Z,0.5036219,0.5032878
7/5/7/4/6/7/3/3/5 3 3,Z,2.1818181818181818181818181818,2,BLOCK,Z,1.081403,0.6672827
7/5/7/6/4/7/3/3/5 3 3,X,2.2222222222222222222222222222,2,BLOCK,X,1.347745,0.7935711
7/1/7/6/6/7/3/3/3 3 3,Z,-2,0,BLOCK,Z,0.1926061,0.2835243
7/5/7/4/6/7/3/3/3 3 3,Z,2.1818181818181818181818181818,0,BLOCK,Z,0.3788449,0.4799095
7/5/7/6/4/7/3/3/3 3 3,X,2.4444444444444444444444444444,0,BLOCK,X,0.5686135,0.5408311
7/1/7/6/6/7/3/7/4 3 3,Z,-2.125,2,BLOCK,Z,1.649227,1.398705
7/5/7/4/6/7/3/7/4 3 3,Z,2,2,BLOCK,Z,0.9568368,0.5586009
7/5/7/6/4/7/3/7/4 3 3,X,2.0,0,BLOCK,X,1.022837,0.6765922
7/1/7/6/6/7/3/7/2 3 3,Z,-2.125,0,BLOCK,Z,0.6847035,0.5432411
7/5/7/4/6/7/3/7/2 3 3,Z,2,0,BLOCK,Z,0.5137773,0.653496
7/5/7/6/4/7/3/7/2 3 3,X,2.2222222222222222222222222222,0,BLOCK,X,0.5603591,0.5936992
6/5/7/6/6/7/3/7/1 3 3,X,0.7222222222222222222222222222,302,TIMEOUT,Z,0.1100065,0.09120348
7/1/7/6/6/7/3/7/1 3 3,Z,-2.125,0,BLOCK,Z,1.032383,0.4060829
7/5/7/4/6/7/3/7/1 3 3,Z,2,2,BLOCK,Z,1.045782,0.6247212
7/5/7/6/4/7/3/7/1 3 3,X,2.4444444444444444444444444444,0,BLOCK,X,0.540807,0.5613205
7/1/7/6/6/7/7/2/6 3 3,Z,-2.125,0,BLOCK,Z,0.3986932,0.165359
7/5/7/4/6/7/7/2/6 3 3,Z,2,0,BLOCK,Z,0.8159396,0.5474581
7/5/7/6/4/7/7/2/6 3 3,X,1.7777777777777777777777777778,0,BLOCK,X,0.6620823,0.7076086
7/1/7/6/6/7/7/2/5 3 3,Z,-2.125,0,BLOCK,Z,0.3802513,0.4395584
7/5/7/4/6/7/7/2/5 3 3,Z,2,0,BLOCK,Z,0.6430605,0.6557338
7/5/7/6/4/7/7/2/5 3 3,X,2,0,BLOCK,X,0.671727,0.6583992
7/1/7/6/6/7/7/2/3 3 3,Z,-2.125,0,BLOCK,Z,0.1092582,0.2745147
7/5/7/4/6/7/7/2/3 3 3,Z,2,0,BLOCK,Z,0.7289569,0.6246766
7/5/7/6/4/7/7/2/3 3 3,X,2.2222222222222222222222222222,0,BLOCK,X,0.6120023,0.6375849
7/1/7/6/6/7/7/6/4 3 3,Z,-2.25,0,BLOCK,Z,0.5889165,0.4465016
7/5/7/4/6/7/7/6/4 3 3,Z,1.8181818181818181818181818182,0,BLOCK,Z,0.5398253,0.4953603
7/5/7/6/4/7/7/6/4 3 3,X,1.7777777777777777777777777778,2,BLOCK,X,0.9939685,0.6669032
7/5/7/6/6/7/7/4/4 3 3,Z,2,0,BLOCK,Z,0.3171933,0.3997574
7/1/7/6/6/7/7/6/2 3 3,Z,-2.25,0,BLOCK,Z,0.3078926,0.3485109
7/5/7/4/6/7/7/6/2 3 3,Z,1.8181818181818181818181818182,0,BLOCK,Z,0.4109864,0.4558944
7/5/7/6/4/7/7/6/2 3 3,X,2,2,BLOCK,X,1.076019,0.725596
7/5/7/6/6/7/7/4/2 3 3,Z,2,0,BLOCK,Z,0.318934,0.4051669
7/1/7/6/6/7/7/6/1 3 3,Z,-2.25,2,BLOCK,Z,1.371005,0.9305336
7/5/7/4/6/7/7/6/1 3 3,Z,1.8181818181818181818181818182,2,BLOCK,Z,0.9982327,0.6274998
7/5/7/6/4/7/7/6/1 3 3,X,2.2222222222222222222222222222,0,BLOCK,X,0.6125445,0.701835
7/5/7/6/6/7/7/4/1 3 3,Z,2,2,BLOCK,Z,1.702736,1.056283
7/1/7/6/6/7/7/5/4 3 3,Z,-2.125,0,BLOCK,Z,0.361894,0.3403828
7/5/7/4/6/7/7/5/4 3 3,Z,2,0,BLOCK,Z,0.6905652,0.5865926
7/5/7/6/4/7/7/5/4 3 3,X,1.7777777777777777777777777778,0,BLOCK,X,0.614647,0.6865761
7/5/7/6/6/7/7/1/4 3 3,Z,-2,0,BLOCK,Z,0.02399356,0.07740986
7/1/7/6/6/7/7/5/2 3 3,Z,-2.125,2,BLOCK,Z,1.908977,1.32242
7/5/7/4/6/7/7/5/2 3 3,Z,2,0,BLOCK,Z,0.7902569,0.5441584
7/5/7/6/4/7/7/5/2 3 3,X,2,2,BLOCK,X,1.096073,0.7462063
7/5/7/6/6/7/7/1/2 3 3,Z,-2,0,BLOCK,Z,0.3232165,0.3370112
7/1/7/6/6/7/7/5/1 3 3,Z,-2.125,0,BLOCK,Z,0.3480555,0.2169488
7/5/7/4/6/7/7/5/1 3 3,Z,2,0,BLOCK,Z,0.6706276,0.4691955
7/5/7/6/4/7/7/5/1 3 3,X,2.2222222222222222222222222222,0,BLOCK,X,0.8304695,0.7367716
7/5/7/6/6/7/7/1/1 3 3,Z,-2,0,BLOCK,Z,0.3764837,0.4321604
7/1/7/6/6/7/7/3/4 3 3,Z,-2,0,BLOCK,Z,0.2715467,0.2626968
7/5/7/4/6/7/7/3/4 3 3,Z,2.1818181818181818181818181818,0,BLOCK,Z,0.7565221,0.7752804
7/5/7/6/4/7/7/3/4 3 3,X,1.7777777777777777777777777778,0,BLOCK,X,0.7593995,0.6943135
7/1/7/6/6/7/7/3/2 3 3,Z,-2,0,BLOCK,Z,0.1020768,0.2516311
7/5/7/4/6/7/7/3/2 3 3,Z,2.1818181818181818181818181818,2,BLOCK,Z,1.056495,0.6982436
7/5/7/6/4/7/7/3/2 3 3,X,2,0,BLOCK,X,0.6648589,0.6939638
7/1/7/6/6/7/7/3/1 3 3,Z,-2,0,BLOCK,Z,0.6776044,0.3105121
7/5/7/4/6/7/7/3/1 3 3,Z,2.1818181818181818181818181818,0,BLOCK,Z,0.7053796,0.6184325
7/5/7/6/4/7/7/3/1 3 3,X,2.2222222222222222222222222222,0,BLOCK,X,0.5188767,0.5610481
7/1/7/6/5/2/6/7/7 3 3,Z,-2.125,0,BLOCK,Z,0.5140621,0.4906859
7/5/7/4/5/2/6/7/7 3 3,Z,2,0,BLOCK,Z,0.2911361,0.3512195
7/5/7/6/1/2/6/7/7 3 3,X,-2.2222222222222222222222222222,0,BLOCK,X,0.6156704,0.6221297
7/5/7/6/5/2/4/7/7 3 3,X,2,2,BLOCK,X,1.373751,0.8180246
7/1/7/6/5/2/5/7/7 3 3,Z,-2.125,0,BLOCK,Z,0.5882974,0.5172183
7/5/7/4/5/2/5/7/7 3 3,Z,2,0,BLOCK,Z,0.2945268,0.3388019
7/5/7/6/1/2/5/7/7 3 3,X,-2,0,BLOCK,X,0.783616,0.7239174
7/5/7/6/5/2/1/7/7 3 3,X,-2,2,BLOCK,X,1.374969,0.8123264
7/1/7/6/5/2/3/7/7 3 3,Z,-2.125,0,BLOCK,Z,0.494371,0.5027342
7/5/7/4/5/2/3/7/7 3 3,Z,2,2,BLOCK,Z,1.08667,0.7434606
7/5/7/6/1/2/3/7/7 3 3,X,-1.7777777777777777777777777778,0,BLOCK,X,0.5453783,0.6442756
7/1/7/6/5/2/7/6/7 3 3,Z,-2.25,0,BLOCK,Z,0.2797416,0.3600668
7/5/7/4/5/2/7/6/7 3 3,Z,1.8181818181818181818181818182,0,BLOCK,Z,0.1482612,0.3162359
7/5/7/6/1/2/7/6/7 3 3,X,-2,0,BLOCK,X,0.6968239,0.788141
7/5/7/6/5/2/7/4/7 3 3,Z,2,0,BLOCK,Z,0.4691889,0.524313
7/1/7/6/5/2/7/5/7 3 3,Z,-2.125,0,BLOCK,Z,0.06001474,0.09204903
7/5/7/4/5/2/7/5/7 3 3,Z,2,0,BLOCK,Z,0.3415125,0.3930591
7/5/7/6/1/2/7/5/7 3 3,X,-2,0,BLOCK,X,0.5903606,0.7587597
7/5/7/6/5/2/7/1/7 3 3,Z,-2,0,BLOCK,Z,0.2674777,0.2650457
7/1/7/6/5/2/7/3/7 3 3,Z,-2,2,BLOCK,Z,1.910098,0.8958588
7/5/7/4/5/2/7/3/7 3 3,Z,2.1818181818181818181818181818,0,BLOCK,Z,0.3732574,0.4369583
7/5/7/6/1/2/7/3/7 3 3,X,-2,0,BLOCK,X,0.674133,0.8497636
7/1/7/6/5/2/7/7/6 3 3,Z,-2.125,2,BLOCK,Z,1.631514,0.9035439
7/5/7/4/5/2/7/7/6 3 3,Z,2,0,BLOCK,Z,0.1067346,0.1660239
7/5/7/6/1/2/7/7/6 3 3,X,-2.2222222222222222222222222222,0,BLOCK,X,0.5956157,0.7294986
7/1/7/6/5/2/7/7/5 3 3,Z,-2.125,0,BLOCK,Z,0.1832063,0.2811176
7/5/7/4/5/2/7/7/5 3 3,Z,2,2,BLOCK,Z,1.056951,0.6156813
7/5/7/6/1/2/7/7/5 3 3,X,-2,0,BLOCK,X,0.5778398,0.7427644
7/1/7/6/5/2/7/7/3 3 3,Z,-2.125,0,BLOCK,Z,0.2895573,0.2016595
7/5/7/4/5/2/7/7/3 3 3,Z,2,0,BLOCK,Z,0.2183748,0.2588532
7/5/7/6/1/2/7/7/3 3 3,X,-1.7777777777777777777777777778,0,BLOCK,X,0.670309,0.6344965
7/1/7/6/5/6/2/7/7 3 3,Z,-2.25,0,BLOCK,Z,0.6004874,0.4366942
7/5/7/4/5/6/2/7/7 3 3,Z,1.8181818181818181818181818182,0,BLOCK,Z,0.2293806,0.3712352
7/5/7/6/1/6/2/7/7 3 3,X,-2,0,BLOCK,X,0.5797038,0.6268848
7/5/7/6/5/4/2/7/7 3 3,Z,2,2,BLOCK,Z,1.120921,0.7319962
7/1/7/6/5/6/6/6/7 3 3,Z,-2.375,2,BLOCK,Z,1.360731,0.8137177
7/5/7/4/5/6/6/6/7 3 3,Z,1.6363636363636363636363636362,0,BLOCK,Z,0.6213928,0.5088221
7/5/7/6/1/6/6/6/7 3 3,X,-2.2222222222222222222222222222,0,BLOCK,X,0.6810787,0.6550236
7/5/7/6/5/4/6/6/7 3 3,Z,1.7142857142857142857142857142,0,BLOCK,Z,0.662959,0.6140334
7/5/7/6/5/6/4/6/7 3 3,X,2,0,BLOCK,X,0.4522439,0.5993913
7/5/7/6/5/6/6/4/7 3 3,Z,2,0,BLOCK,Z,1.089836,0.5295663
7/1/7/6/5/6/6/5/7 3 3,Z,-2.25,0,BLOCK,Z,0.1197744,0.1860729
7/5/7/4/5/6/6/5/7 3 3,Z,1.8181818181818181818181818182,0,BLOCK,Z,0.411996,0.5083756
7/5/7/6/1/6/6/5/7 3 3,X,-2.2222222222222222222222222222,0,BLOCK,X,0.4740005,0.587476
7/5/7/6/5/4/6/5/7 3 3,Z,2,2,BLOCK,Z,1.076429,0.7767997
7/5/7/6/5/6/4/5/7 3 3,X,2,0,BLOCK,X,0.4201518,0.527429
7/5/7/6/5/6/6/1/7 3 3,Z,-2,0,BLOCK,Z,0.3819642,0.3632606
7/1/7/6/5/6/6/3/7 3 3,Z,-2.125,0,BLOCK,Z,0.4274559,0.381854
7/5/7/4/5/6/6/3/7 3 3,Z,2,0,BLOCK,Z,0.3191747,0.3597071
7/5/7/6/1/6/6/3/7 3 3,X,-2.2222222222222222222222222222,0,BLOCK,X,0.4403686,0.434408
7/5/7/6/5/4/6/3/7 3 3,Z,2.2857142857142857142857142858,0,BLOCK,Z,0.5138715,0.6009495
7/5/7/6/5/6/4/3/7 3 3,X,2,2,BLOCK,X,1.361819,0.829138
7/1/7/6/5/6/6/7/6 3 3,Z,-2.25,0,BLOCK,Z,0.3208961,0.4607567
7/5/7/4/5/6/6/7/6 3 3,Z,1.8181818181818181818181818182,2,BLOCK,Z,0.9468457,0.5125202
7/5/7/6/1/6/6/7/6 3 3,X,-2.4444444444444444444444444444,0,BLOCK,X,0.5321191,0.5603371
7/5/7/6/5/4/6/7/6 3 3,Z,2,0,BLOCK,Z,1.01256,0.8320209
7/5/7/6/5/6/4/7/6 3 3,X,1.6,0,BLOCK,X,0.4906437,0.5339112
7/1/7/6/5/6/6/7/5 3 3,Z,-2.25,0,BLOCK,Z,0.204863,0.2372526
7/5/7/4/5/6/6/7/5 3 3,Z,1.8181818181818181818181818182,2,BLOCK,Z,0.9083899,0.5349023
7/5/7/6/1/6/6/7/5 3 3,X,-2.2222222222222222222222222222,0,BLOCK,X,0.7575795,0.674731
7/5/7/6/5/4/6/7/5 3 3,Z,2,0,BLOCK,Z,0.9110308,0.7668101
7/5/7/6/5/6/4/7/5 3 3,X,2,0,BLOCK,X,0.517548,0.5028866
7/1/7/6/5/6/6/7/3 3 3,Z,-2.25,0,BLOCK,Z,0.2397901,0.2222455
7/5/7/4/5/6/6/7/3 3 3,Z,1.8181818181818181818181818182,0,BLOCK,Z,0.5092777,0.4419604
7/5/7/6/1/6/6/7/3 3 3,X,-2,2,BLOCK,X,1.365649,0.6465713
7/5/7/6/5/4/6/7/3 3 3,Z,2,0,BLOCK,Z,1.005527,0.754497
7/5/7/6/5/6/4/7/3 3 3,X,2.4,0,BLOCK,X,0.4721906,0.6794679
7/1/7/6/5/6/5/6/7 3 3,Z,-2.375,0,BLOCK,Z,0.1594988,0.3405339
7/5/7/4/5/6/5/6/7 3 3,Z,1.6363636363636363636363636362,0,BLOCK,Z,0.3553677,0.3881277
7/5/7/6/1/6/5/6/7 3 3,X,-2,0,BLOCK,X,0.7461283,0.7461755
7/5/7/6/5/4/5/6/7 3 3,Z,1.7142857142857142857142857142,0,BLOCK,Z,0.4227929,0.7344142
7/5/7/6/5/6/1/6/7 3 3,X,-2,0,BLOCK,X,0.4076999,0.6663015
7/5/7/6/5/6/5/4/7 3 3,Z,2,2,BLOCK,Z,1.660783,1.143492
7/1/7/6/5/6/5/5/7 3 3,Z,-2.25,0,BLOCK,Z,0.04630212,0.3308415
7/5/7/4/5/6/5/5/7 3 3,Z,1.8181818181818181818181818182,0,BLOCK,Z,0.6898268,0.4611495
7/5/7/6/1/6/5/5/7 3 3,X,-2,0,BLOCK,X,0.8744385,0.7130988
7/5/7/6/5/4/5/5/7 3 3,Z,2,2,BLOCK,Z,1.088718,0.8276086
7/5/7/6/5/6/1/5/7 3 3,X,-2,0,BLOCK,X,0.5179625,0.6453124
7/5/7/6/5/6/5/1/7 3 3,Z,-2,0,BLOCK,Z,1.518438,0.9838642
7/1/7/6/5/6/5/3/7 3 3,Z,-2.125,2,BLOCK,Z,1.500982,0.7539497
7/5/7/4/5/6/5/3/7 3 3,Z,2,0,BLOCK,Z,0.4538877,0.5501605
7/5/7/6/1/6/5/3/7 3 3,X,-2,0,BLOCK,X,0.626803,0.6700677
7/5/7/6/5/4/5/3/7 3 3,Z,2.2857142857142857142857142858,0,BLOCK,Z,0.5981424,0.7942064
7/5/7/6/5/6/1/3/7 3 3,X,-2,0,BLOCK,X,0.4756397,0.6980169
7/1/7/6/5/6/5/7/6 3 3,Z,-2.25,2,BLOCK,Z,1.599845,0.6851826
7/5/7/4/5/6/5/7/6 3 3,Z,1.8181818181818181818181818182,0,BLOCK,Z,0.2389141,0.4129719
7/5/7/6/1/6/5/7/6 3 3,X,-2.2222222222222222222222222222,0,BLOCK,X,0.6698205,0.6051767
7/5/7/6/5/4/5/7/6 3 3,Z,2,0,BLOCK,Z,0.7962459,0.8363619
7/5/7/6/5/6/1/7/6 3 3,X,-2.4,0,BLOCK,X,0.5007666,0.6909475
7/1/7/6/5/6/5/7/5 3 3,Z,-2.25,0,BLOCK,Z,0.4610941,0.1666735
7/5/7/4/5/6/5/7/5 3 3,Z,1.8181818181818181818181818182,0,BLOCK,Z,0.3442651,0.4427424
7/5/7/6/1/6/5/7/5 3 3,X,-2,0,BLOCK,X,0.7715611,0.7491407
7/5/7/6/5/4/5/7/5 3 3,Z,2,0,BLOCK,Z,0.6472768,0.9654144
7/5/7/6/5/6/1/7/5 3 3,X,-2,0,BLOCK,X,0.7921184,0.7868227
7/1/7/6/5/6/5/7/3 3 3,Z,-2.25,0,BLOCK,Z,0.4813093,0.3967852
7/5/7/4/5/6/5/7/3 3 3,Z,1.8181818181818181818181818182,0,BLOCK,Z,0.4407907,0.5623822
7/5/7/6/1/6/5/7/3 3 3,X,-1.7777777777777777777777777778,0,BLOCK,X,0.5886691,0.6610515
7/5/7/6/5/4/5/7/3 3 3,Z,2,0,BLOCK,Z,0.5977003,0.8977541
7/5/7/6/5/6/1/7/3 3 3,X,-1.6,0,BLOCK,X,0.6775017,0.6683302
7/1/7/6/5/6/3/6/7 3 3,Z,-2.375,0,BLOCK,Z,0.4587994,0.3074068
7/5/7/4/5/6/3/6/7 3 3,Z,1.6363636363636363636363636362,0,BLOCK,Z,0.5499861,0.4599358
7/5/7/6/1/6/3/6/7 3 3,X,-1.7777777777777777777777777778,0,BLOCK,X,0.6657302,0.5933409
7/5/7/6/5/4/3/6/7 3 3,Z,1.7142857142857142857142857142,2,BLOCK,Z,1.025203,0.7455961
7/5/7/6/5/6/3/4/7 3 3,Z,2,0,BLOCK,Z,0.2564912,0.3781865
7/1/7/6/5/6/3/5/7 3 3,Z,-2.25,0,BLOCK,Z,0.1629375,0.2473623
7/5/7/4/5/6/3/5/7 3 3,Z,1.8181818181818181818181818182,0,BLOCK,Z,0.4381009,0.4942224
7/5/7/6/1/6/3/5/7 3 3,X,-1.7777777777777777777777777778,0,BLOCK,X,0.5683154,0.6161724
7/5/7/6/5/4/3/5/7 3 3,Z,2,0,BLOCK,Z,0.8443789,0.8130921
7/5/7/6/5/6/3/1/7 3 3,Z,-2,0,BLOCK,Z,0.9616612,0.6776213
7/1/7/6/5/6/3/3/7 3 3,Z,-2.125,0,BLOCK,Z,0.1546845,0.1161609
7/5/7/4/5/6/3/3/7 3 3,Z,2,0,BLOCK,Z,0.257023,0.4232237
7/5/7/6/1/6/3/3/7 3 3,X,-1.7777777777777777777777777778,0,BLOCK,X,0.5026315,0.5027788
7/5/7/6/5/4/3/3/7 3 3,Z,2.2857142857142857142857142858,0,BLOCK,Z,1.029349,0.8135297
7/1/7/6/5/6/3/7/6 3 3,Z,-2.25,0,BLOCK,Z,0.4935868,0.3731058
7/5/7/4/5/6/3/7/6 3 3,Z,1.8181818181818181818181818182,0,BLOCK,Z,0.3257802,0.4172858
7/5/7/6/1/6/3/7/6 3 3,X,-2,2,BLOCK,X,0.9369889,0.7061132
7/5/7/6/5/4/3/7/6 3 3,Z,2,0,BLOCK,Z,0.8244394,0.867591
7/1/7/6/5/6/3/7/5 3 3,Z,-2.25,0,BLOCK,Z,0.655938,0.4379612
7/5/7/4/5/6/3/7/5 3 3,Z,1.8181818181818181818181818182,0,BLOCK,Z,0.2743662,0.4093023
7/5/7/6/1/6/3/7/5 3 3,X,-1.7777777777777777777777777778,0,BLOCK,X,0.5268208,0.7507004
7/5/7/6/5/4/3/7/5 3 3,Z,2,0,BLOCK,Z,0.775694,0.8793735
7/1/7/6/5/6/3/7/3 3 3,Z,-2.25,2,BLOCK,Z,1.519248,0.6214265
7/5/7/4/5/6/3/7/3 3 3,Z,1.8181818181818181818181818182,0,BLOCK,Z,0.2390468,0.3585067
7/5/7/6/1/6/3/7/3 3 3,X,-1.5555555555555555555555555556,0,BLOCK,X,0.5530093,0.4435509
7/5/7/6/5/4/3/7/3 3 3,Z,2,0,BLOCK,Z,1.247611,0.7858213
7/1/7/6/5/6/7/2/7 3 3,Z,-2.25,0,BLOCK,Z,0.2519169,0.301049
7/5/7/4/5/6/7/2/7 3 3,Z,1.8181818181818181818181818182,0,BLOCK,Z,0.3849454,0.4912171
7/5/7/6/1/6/7/2/7 3 3,X,-2,2,BLOCK,X,0.9900368,0.7356303
7/5/7/6/5/4/7/2/7 3 3,Z,2,0,BLOCK,Z,0.4172425,0.4677167
7/1/7/6/5/6/7/6/6 3 3,Z,-2.375,0,BLOCK,Z,0.4222144,0.4669284
7/5/7/4/5/6/7/6/6 3 3,Z,1.6363636363636363636363636362,0,BLOCK,Z,0.2712915,0.4451625
7/5/7/6/1/6/7/6/6 3 3,X,-2.2222222222222222222222222222,2,BLOCK,X,1.081141,0.8118784
7/5/7/6/5/4/7/6/6 3 3,Z,1.7142857142857142857142857142,0,BLOCK,Z,0.4518204,0.6849265
7/5/7/6/5/6/7/4/6 3 3,Z,2,0,BLOCK,Z,0.4012513,0.5588677
7/1/7/6/5/6/7/6/5 3 3,Z,-2.375,0,BLOCK,Z,0.3953905,0.3573169
7/5/7/4/5/6/7/6/5 3 3,Z,1.6363636363636363636363636362,0,BLOCK,Z,0.3565682,0.5013338
7/5/7/6/1/6/7/6/5 3 3,X,-2,2,BLOCK,X,0.9819279,0.6342099
7/5/7/6/5/4/7/6/5 3 3,Z,1.7142857142857142857142857142,0,BLOCK,Z,0.7777814,0.7362311
7/5/7/6/5/6/7/4/5 3 3,Z,2,0,BLOCK,Z,0.4099766,0.4806731
7/1/7/6/5/6/7/6/3 3 3,Z,-2.375,0,BLOCK,Z,0.1116555,0.3025526
7/5/7/4/5/6/7/6/3 3 3,Z,1.6363636363636363636363636362,2,BLOCK,Z,0.9195889,0.4782337
7/5/7/6/1/6/7/6/3 3 3,X,-1.7777777777777777777777777778,0,BLOCK,X,0.8085251,0.6778681
7/5/7/6/5/4/7/6/3 3 3,Z,1.7142857142857142857142857142,2,BLOCK,Z,1.116422,0.7282069
7/5/7/6/5/6/7/4/3 3 3,Z,2,2,BLOCK,Z,1.640555,0.995563
7/1/7/6/5/6/7/5/6 3 3,Z,-2.25,2,BLOCK,Z,1.535059,0.5967451
7/5/7/4/5/6/7/5/6 3 3,Z,1.8181818181818181818181818182,2,BLOCK,Z,0.9076804,0.6473399
7/5/7/6/1/6/7/5/6 3 3,X,-2.2222222222222222222222222222,2,BLOCK,X,1.108683,0.7458931
7/5/7/6/5/4/7/5/6 3 3,Z,2,0,BLOCK,Z,0.8024286,0.8105053
7/5/7/6/5/6/7/1/6 3 3,Z,-2,0,BLOCK,Z,0.394186,0.4433272
7/1/7/6/5/6/7/5/5 3 3,Z,-2.25,0,BLOCK,Z,0.6250349,0.3844808
7/5/7/4/5/6/7/5/5 3 3,Z,1.8181818181818181818181818182,0,BLOCK,Z,0.3311589,0.4132987
7/5/7/6/1/6/7/5/5 3 3,X,-2,0,BLOCK,X,0.7087659,0.7204726
7/5/7/6/5/4/7/5/5 3 3,Z,2,2,BLOCK,Z,1.188543,0.9449091
7/5/7/6/5/6/7/1/5 3 3,Z,-2,0,BLOCK,Z,0.2429709,0.3095494
7/1/7/6/5/6/7/5/3 3 3,Z,-2.25,0,BLOCK,Z,0.1221717,0.2690776
7/5/7/4/5/6/7/5/3 3 3,Z,1.8181818181818181818181818182,2,BLOCK,Z,0.9398624,0.4870178
7/5/7/6/1/6/7/5/3 3 3,X,-1.7777777777777777777777777778,0,BLOCK,X,0.5916667,0.8135915
7/5/7/6/5/4/7/5/3 3 3,Z,2,2,BLOCK,Z,1.191959,0.7862793
7/5/7/6/5/6/7/1/3 3 3,Z,-2,0,BLOCK,Z,0.2277156,0.3483899
7/1/7/6/5/6/7/3/6 3 3,Z,-2.125,0,BLOCK,Z,0.4421539,0.2860005
7/5/7/4/5/6/7/3/6 3 3,Z,2,2,BLOCK,Z,0.9945596,0.5796864
7/5/7/6/1/6/7/3/6 3 3,X,-2.2222222222222222222222222222,0,BLOCK,X,0.6375917,0.8293797
7/5/7/6/5/4/7/3/6 3 3,Z,2.2857142857142857142857142858,0,BLOCK,Z,0.5552397,0.7558008
7/1/7/6/5/6/7/3/5 3 3,Z,-2.125,0,BLOCK,Z,0.1304997,0.281125
7/5/7/4/5/6/7/3/5 3 3,Z,2,2,BLOCK,Z,0.9681492,0.5707204
7/5/7/6/1/6/7/3/5 3 3,X,-2,0,BLOCK,X,0.9193324,0.6650893
7/5/7/6/5/4/7/3/5 3 3,Z,2.2857142857142857142857142858,0,BLOCK,Z,0.5868422,0.7919987
7/1/7/6/5/6/7/3/3 3 3,Z,-2.125,0,BLOCK,Z,0.1203353,0.2320918
7/5/7/4/5/6/7/3/3 3 3,Z,2,0,BLOCK,Z,0.4819587,0.446454
7/5/7/6/1/6/7/3/3 3 3,X,-1.7777777777777777777777777778,0,BLOCK,X,0.6218917,0.6787524
7/5/7/6/5/4/7/3/3 3 3,Z,2.2857142857142857142857142858,0,BLOCK,Z,0.5336887,0.8042298
7/1/7/6/5/6/7/7/4 3 3,Z,-2.25,0,BLOCK,Z,0.3095491,0.2908996
7/5/7/4/5/6/7/7/4 3 3,Z,1.8181818181818181818181818182,0,BLOCK,Z,0.5659426,0.5365162
7/5/7/6/1/6/7/7/4 3 3,X,-2.2222222222222222222222222222,0,BLOCK,X,0.6589208,0.8016025
7/5/7/6/5/4/7/7/4 3 3,Z,2,2,BLOCK,Z,1.245634,0.844776
7/1/7/6/5/6/7/7/2 3 3,Z,-2.25,2,BLOCK,Z,1.453935,0.8590172
7/5/7/4/5/6/7/7/2 3 3,Z,1.8181818181818181818181818182,2,BLOCK,Z,0.9541767,0.550084
7/5/7/6/1/6/7/7/2 3 3,X,-2,0,BLOCK,X,0.638583,0.7195575
7/5/7/6/5/4/7/7/2 3 3,Z,2,0,BLOCK,Z,0.7628704,0.8692794
7/1/7/6/5/6/7/7/1 3 3,Z,-2.25,0,BLOCK,Z,0.198662,0.2328426
7/5/7/4/5/6/7/7/1 3 3,Z,1.8181818181818181818181818182,0,BLOCK,Z,0.5555007,0.4724543
7/5/7/6/1/6/7/7/1 3 3,X,-1.7777777777777777777777777778,0,BLOCK,X,0.6246881,0.7406878
7/5/7/6/5/4/7/7/1 3 3,Z,2,0,BLOCK,Z,0.6535609,0.792949
7/1/7/6/5/5/2/7/7 3 3,Z,-2.125,0,BLOCK,Z,0.09695522,0.3638321
7/5/7/4/5/5/2/7/7 3 3,Z,2,2,BLOCK,Z,0.9377218,0.5205516
7/5/7/6/1/5/2/7/7 3 3,X,-2,0,BLOCK,X,0.3335918,0.4677545
7/5/7/6/5/1/2/7/7 3 3,Z,-2,2,BLOCK,Z,1.165771,0.87618
7/1/7/6/5/5/6/6/7 3 3,Z,-2.25,0,BLOCK,Z,0.2483888,0.251264
7/5/7/4/5/5/6/6/7 3 3,Z,1.8181818181818181818181818182,0,BLOCK,Z,0.6059393,0.513388
7/5/7/6/1/5/6/6/7 3 3,X,-2.2222222222222222222222222222,0,BLOCK,X,0.5417053,0.5510135
7/5/7/6/5/1/6/6/7 3 3,Z,-2.2857142857142857142857142858,2,BLOCK,Z,1.446003,0.8808776
7/5/7/6/5/5/4/6/7 3 3,X,2,0,BLOCK,X,0.627956,0.7511764
7/5/7/6/5/5/6/4/7 3 3,Z,2,0,BLOCK,Z,0.2336979,0.3661945
7/1/7/6/5/5/6/5/7 3 3,Z,-2.125,0,BLOCK,Z,0.3092133,0.0195719
7/5/7/4/5/5/6/5/7 3 3,Z,2,0,BLOCK,Z,0.5906332,0.5272421
7/5/7/6/1/5/6/5/7 3 3,X,-2.2222222222222222222222222222,0,BLOCK,X,1.440664,0.8145661
7/5/7/6/5/1/6/5/7 3 3,Z,-2,2,BLOCK,Z,1.136282,0.8928966
7/5/7/6/5/5/4/5/7 3 3,X,2,0,BLOCK,X,0.431353,0.7225732
7/5/7/6/5/5/6/1/7 3 3,Z,-2,0,BLOCK,Z,0.1763151,0.2198373
7/1/7/6/5/5/6/3/7 3 3,Z,-2,0,BLOCK,Z,0.2194923,0.2100223
7/5/7/4/5/5/6/3/7 3 3,Z,2.1818181818181818181818181818,2,BLOCK,Z,0.9787678,0.6011108
7/5/7/6/1/5/6/3/7 3 3,X,-2.2222222222222222222222222222,0,BLOCK,X,0.7329082,0.5464066
7/5/7/6/5/1/6/3/7 3 3,Z,-1.7142857142857142857142857142,2,BLOCK,Z,1.14728,0.8482975
7/5/7/6/5/5/4/3/7 3 3,X,2,0,BLOCK,X,0.7109004,0.7369986
7/1/7/6/5/5/6/7/6 3 3,Z,-2.125,2,BLOCK,Z,1.536693,0.8883343
7/5/7/4/5/5/6/7/6 3 3,Z,2,2,BLOCK,Z,0.9335364,0.5756856
7/5/7/6/1/5/6/7/6 3 3,X,-2.4444444444444444444444444444,0,BLOCK,X,0.641426,0.6358731
7/5/7/6/5/1/6/7/6 3 3,Z,-2,2,BLOCK,Z,1.238245,0.899281
7/5/7/6/5/5/4/7/6 3 3,X,1.6,0,BLOCK,X,0.4538217,0.5497562
7/1/7/6/5/5/6/7/5 3 3,Z,-2.125,0,BLOCK,Z,0.3547958,0.3249569
7/5/7/4/5/5/6/7/5 3 3,Z,2,0,BLOCK,Z,0.4862705,0.4066834
7/5/7/6/1/5/6/7/5 3 3,X,-2.2222222222222222222222222222,0,BLOCK,X,0.6440977,0.5320887
7/5/7/6/5/1/6/7/5 3 3,Z,-2,2,BLOCK,Z,1.205911,0.8506375
7/5/7/6/5/5/4/7/5 3 3,X,2,0,BLOCK,X,1.143949,0.9281181
7/1/7/6/5/5/6/7/3 3 3,Z,-2.125,0,BLOCK,Z,0.5488722,0.5647075
7/5/7/4/5/5/6/7/3 3 3,Z,2,0,BLOCK,Z,0.6684702,0.5081196
7/5/7/6/1/5/6/7/3 3 3,X,-2,0,BLOCK,X,0.5939255,0.7207617
7/5/7/6/5/1/6/7/3 3 3,Z,-2,0,BLOCK,Z,1.164548,0.7784058
7/5/7/6/5/5/4/7/3 3 3,X,2.4,0,BLOCK,X,1.491883,1.054076
7/1/7/6/5/5/5/6/7 3 3,Z,-2.25,0,BLOCK,Z,0.4195285,0.2472278
7/5/7/4/5/5/5/6/7 3 3,Z,1.8181818181818181818181818182,0,BLOCK,Z,0.7408179,0.3825553
7/5/7/6/1/5/5/6/7 3 3,X,-2,0,BLOCK,X,0.7684531,0.622597
7/5/7/6/5/1/5/6/7 3 3,Z,-2.2857142857142857142857142858,0,BLOCK,Z,0.5820441,0.4547004
7/5/7/6/5/5/1/6/7 3 3,X,-2,0,BLOCK,X,0.6638433,0.7911777
7/5/7/6/5/5/5/4/7 3 3,Z,2,0,BLOCK,Z,0.1702635,0.3453358
7/1/7/6/5/5/5/5/7 3 3,Z,-2.125,0,BLOCK,Z,0.1071811,0.3654162
7/5/7/4/5/5/5/5/7 3 3,Z,2,0,BLOCK,Z,0.6225309,0.5019819
7/5/7/6/1/5/5/5/7 3 3,X,-2,0,BLOCK,X,0.8325644,0.6301585
7/5/7/6/5/1/5/5/7 3 3,Z,-2,2,BLOCK,Z,1.098228,0.8501169
7/5/7/6/5/5/1/5/7 3 3,X,-2,0,BLOCK,X,0.4332705,0.6929671
7/5/7/6/5/5/5/1/7 3 3,Z,-2,2,BLOCK,Z,1.618571,1.049811
7/1/7/6/5/5/5/3/7 3 3,Z,-2,2,BLOCK,Z,1.471863,0.7984254
7/5/7/4/5/5/5/3/7 3 3,Z,2.1818181818181818181818181818,0,BLOCK,Z,0.7300787,0.4855879
7/5/7/6/1/5/5/3/7 3 3,X,-2,0,BLOCK,X,0.6689286,0.6595353
7/5/7/6/5/1/5/3/7 3 3,Z,-1.7142857142857142857142857142,0,BLOCK,Z,0.2965803,0.5132327
7/5/7/6/5/5/1/3/7 3 3,X,-2,0,BLOCK,X,0.6705078,0.7675567
7/1/7/6/5/5/5/7/6 3 3,Z,-2.125,2,BLOCK,Z,1.477775,0.8612732
7/5/7/4/5/5/5/7/6 3 3,Z,2,2,BLOCK,Z,0.9855173,0.4953339
7/5/7/6/1/5/5/7/6 3 3,X,-2.2222222222222222222222222222,0,BLOCK,X,0.8571084,0.6834285
7/5/7/6/5/1/5/7/6 3 3,Z,-2,2,BLOCK,Z,1.248682,0.8231461
7/5/7/6/5/5/1/7/6 3 3,X,-2.4,0,BLOCK,X,0.4041226,0.7360892
7/1/7/6/5/5/5/7/5 3 3,Z,-2.125,0,BLOCK,Z,0.05535774,0.2595556
7/5/7/4/5/5/5/7/5 3 3,Z,2,0,BLOCK,Z,0.4931785,0.4913774
7/5/7/6/1/5/5/7/5 3 3,X,-2,0,BLOCK,X,0.6912036,0.7370088
7/5/7/6/5/1/5/7/5 3 3,Z,-2,0,BLOCK,Z,0.605372,0.6172452
7/5/7/6/5/5/1/7/5 3 3,X,-2,0,BLOCK,X,1.282867,0.8939714
7/1/7/6/5/5/5/7/3 3 3,Z,-2.125,0,BLOCK,Z,0.1804675,0.2363961
7/5/7/4/5/5/5/7/3 3 3,Z,2,0,BLOCK,Z,0.6633695,0.5448423
7/5/7/6/1/5/5/7/3 3 3,X,-1.7777777777777777777777777778,2,BLOCK,X,0.9725692,0.5635679
7/5/7/6/5/1/5/7/3 3 3,Z,-2,0,BLOCK,Z,0.5473935,0.4929729
7/5/7/6/5/5/1/7/3 3 3,X,-1.6,2,BLOCK,X,1.375259,0.8376391
7/1/7/6/5/5/3/6/7 3 3,Z,-2.25,2,BLOCK,Z,1.567772,0.8791879
7/5/7/4/5/5/3/6/7 3 3,Z,1.8181818181818181818181818182,2,BLOCK,Z,0.860317,0.5338112
7/5/7/6/1/5/3/6/7 3 3,X,-1.7777777777777777777777777778,0,BLOCK,X,0.5203339,0.6870278
7/5/7/6/5/1/3/6/7 3 3,Z,-2.2857142857142857142857142858,2,BLOCK,Z,1.437202,0.9318107
7/5/7/6/5/5/3/4/7 3 3,Z,2,0,BLOCK,Z,0.2664781,0.4025846
7/1/7/6/5/5/3/5/7 3 3,Z,-2.125,0,BLOCK,Z,0.8524519,0.7079018
7/5/7/4/5/5/3/5/7 3 3,Z,2,2,BLOCK,Z,0.9021727,0.51021
7/5/7/6/1/5/3/5/7 3 3,X,-1.7777777777777777777777777778,0,BLOCK,X,0.6301138,0.5650029
7/5/7/6/5/1/3/5/7 3 3,Z,-2,2,BLOCK,Z,1.098804,0.8405532
7/5/7/6/5/5/3/1/7 3 3,Z,-2,0,BLOCK,Z,0.09311553,0.1559464
7/1/7/6/5/5/3/3/7 3 3,Z,-2,2,BLOCK,Z,1.600816,0.9649904
7/5/7/4/5/5/3/3/7 3 3,Z,2.1818181818181818181818181818,0,BLOCK,Z,0.4993848,0.5479976
7/5/7/6/1/5/3/3/7 3 3,X,-1.7777777777777777777777777778,0,BLOCK,X,0.3426533,0.4296039
7/5/7/6/5/1/3/3/7 3 3,Z,-1.7142857142857142857142857142,2,BLOCK,Z,1.138698,0.9013719
7/1/7/6/5/5/3/7/6 3 3,Z,-2.125,0,BLOCK,Z,0.05272081,0.155008
7/5/7/4/5/5/3/7/6 3 3,Z,2,0,BLOCK,Z,0.6000583,0.4661423
7/5/7/6/1/5/3/7/6 3 3,X,-2,0,BLOCK,X,0.641069,0.6684488
7/5/7/6/5/1/3/7/6 3 3,Z,-2,2,BLOCK,Z,1.305668,0.8902932
7/1/7/6/5/5/3/7/5 3 3,Z,-2.125,2,BLOCK,Z,1.499985,0.640632
7/5/7/4/5/5/3/7/5 3 3,Z,2,0,BLOCK,Z,0.4126898,0.5166199
7/5/7/6/1/5/3/7/5 3 3,X,-1.7777777777777777777777777778,0,BLOCK,X,0.9368466,0.6740705
7/5/7/6/5/1/3/7/5 3 3,Z,-2,2,BLOCK,Z,1.203308,0.8386621
7/1/7/6/5/5/3/7/3 3 3,Z,-2.125,0,BLOCK,Z,0.5424557,0.2920125
7/5/7/4/5/5/3/7/3 3 3,Z,2,2,BLOCK,Z,0.9474694,0.541285
7/5/7/6/1/5/3/7/3 3 3,X,-1.5555555555555555555555555556,0,BLOCK,X,0.6805601,0.6058032
7/5/7/6/5/1/3/7/3 3 3,Z,-2,2,BLOCK,Z,1.191393,0.8243182
7/1/7/6/5/5/7/2/7 3 3,Z,-2.125,0,BLOCK,Z,0.1081366,0.3905376
7/5/7/4/5/5/7/2/7 3 3,Z,2,0,BLOCK,Z,0.3593626,0.4664803
7/5/7/6/1/5/7/2/7 3 3,X,-2,0,BLOCK,X,0.6597344,0.7285561
7/5/7/6/5/1/7/2/7 3 3,Z,-2,2,BLOCK,Z,1.325372,0.872655
7/1/7/6/5/5/7/6/6 3 3,Z,-2.25,0,BLOCK,Z,0.4609297,0.288316
7/5/7/4/5/5/7/6/6 3 3,Z,1.8181818181818181818181818182,2,BLOCK,Z,0.9214146,0.5237626
7/5/7/6/1/5/7/6/6 3 3,X,-2.2222222222222222222222222222,0,BLOCK,X,0.7364522,0.6478283
7/5/7/6/5/1/7/6/6 3 3,Z,-2.2857142857142857142857142858,0,BLOCK,Z,1.336674,1.011333
7/5/7/6/5/5/7/4/6 3 3,Z,2,0,BLOCK,Z,0.2704059,0.4703838
7/1/7/6/5/5/7/6/5 3 3,Z,-2.25,0,BLOCK,Z,0.2617928,0.3187617
7/5/7/4/5/5/7/6/5 3 3,Z,1.8181818181818181818181818182,0,BLOCK,Z,0.4825335,0.370819
7/5/7/6/1/5/7/6/5 3 3,X,-2,0,BLOCK,X,0.7149566,0.7508737
7/5/7/6/5/1/7/6/5 3 3,Z,-2.2857142857142857142857142858,0,BLOCK,Z,0.5962111,0.4503151
7/5/7/6/5/5/7/4/5 3 3,Z,2,0,BLOCK,Z,0.2502513,0.4286884
7/1/7/6/5/5/7/6/3 3 3,Z,-2.25,0,BLOCK,Z,0.1511262,0.09287164
7/5/7/4/5/5/7/6/3 3 3,Z,1.8181818181818181818181818182,0,BLOCK,Z,0.4172188,0.5224131
7/5/7/6/1/5/7/6/3 3 3,X,-1.7777777777777777777777777778,0,BLOCK,X,0.62103,0.7536545
7/5/7/6/5/1/7/6/3 3 3,Z,-2.2857142857142857142857142858,2,BLOCK,Z,1.435656,0.897451
7/5/7/6/5/5/7/4/3 3 3,Z,2,0,BLOCK,Z,0.2209439,0.3701715
7/1/7/6/5/5/7/5/6 3 3,Z,-2.125,0,BLOCK,Z,0.259608,0.2895817
7/5/7/4/5/5/7/5/6 3 3,Z,2,0,BLOCK,Z,0.6245965,0.5925977
7/5/7/6/1/5/7/5/6 3 3,X,-2.2222222222222222222222222222,0,BLOCK,X,0.7669679,0.7871639
7/5/7/6/5/1/7/5/6 3 3,Z,-2,0,BLOCK,Z,0.7675626,0.5869096
7/5/7/6/5/5/7/1/6 3 3,Z,-2,0,BLOCK,Z,0.3487444,0.4325096
7/1/7/6/5/5/7/5/5 3 3,Z,-2.125,2,BLOCK,Z,1.578964,0.8341762
7/5/7/4/5/5/7/5/5 3 3,Z,2,0,BLOCK,Z,0.7370759,0.5620033
7/5/7/6/1/5/7/5/5 3 3,X,-2,0,BLOCK,X,0.7016995,0.7401291
7/5/7/6/5/1/7/5/5 3 3,Z,-2,0,BLOCK,Z,0.7837123,0.5011594
7/5/7/6/5/5/7/1/5 3 3,Z,-2,0,BLOCK,Z,0.3892467,0.4532701
7/1/7/6/5/5/7/5/3 3 3,Z,-2.125,0,BLOCK,Z,0.08778753,0.05734944
7/5/7/4/5/5/7/5/3 3 3,Z,2,0,BLOCK,Z,0.632551,0.5312527
7/5/7/6/1/5/7/5/3 3 3,X,-1.7777777777777777777777777778,0,BLOCK,X,0.6127185,0.7116199
7/5/7/6/5/1/7/5/3 3 3,Z,-2,0,BLOCK,Z,0.4098225,0.3932717
7/5/7/6/5/5/7/1/3 3 3,Z,-2,0,BLOCK,Z,0.4470358,0.5287427
7/1/7/6/5/5/7/3/6 3 3,Z,-2,0,BLOCK,Z,0.04158562,0.2854869
7/5/7/4/5/5/7/3/6 3 3,Z,2.1818181818181818181818181818,0,BLOCK,Z,0.7003172,0.6446804
7/5/7/6/1/5/7/3/6 3 3,X,-2.2222222222222222222222222222,0,BLOCK,X,1.153717,0.742075
7/5/7/6/5/1/7/3/6 3 3,Z,-1.7142857142857142857142857142,0,BLOCK,Z,0.3000003,0.3410096
7/1/7/6/5/5/7/3/5 3 3,Z,-2,0,BLOCK,Z,0.2603609,0.181976
7/5/7/4/5/5/7/3/5 3 3,Z,2.1818181818181818181818181818,0,BLOCK,Z,0.7846081,0.5801789
7/5/7/6/1/5/7/3/5 3 3,X,-2,2,BLOCK,X,0.9814554,0.7673852
7/5/7/6/5/1/7/3/5 3 3,Z,-1.7142857142857142857142857142,0,BLOCK,Z,0.9078322,0.7377078
7/1/7/6/5/5/7/3/3 3 3,Z,-2,0,BLOCK,Z,0.1454732,0.2149722
7/5/7/4/5/5/7/3/3 3 3,Z,2.1818181818181818181818181818,0,BLOCK,Z,0.4528126,0.4571396
7/5/7/6/1/5/7/3/3 3 3,X,-1.7777777777777777777777777778,2,BLOCK,X,0.9140233,0.6374449
7/5/7/6/5/1/7/3/3 3 3,Z,-1.7142857142857142857142857142,0,BLOCK,Z,0.5610518,0.5174683
7/1/7/6/5/5/7/7/4 3 3,Z,-2.125,0,BLOCK,Z,0.4391177,0.4299245
7/5/7/4/5/5/7/7/4 3 3,Z,2,0,BLOCK,Z,0.7617875,0.6199972
7/5/7/6/1/5/7/7/4 3 3,X,-2.2222222222222222222222222222,0,BLOCK,X,0.98059,0.7091762
7/5/7/6/5/1/7/7/4 3 3,Z,-2,0,BLOCK,Z,0.665733,0.6203459
7/1/7/6/5/5/7/7/2 3 3,Z,-2.125,0,BLOCK,Z,0.1533057,0.131946
7/5/7/4/5/5/7/7/2 3 3,Z,2,2,BLOCK,Z,1.010199,0.5372497
7/5/7/6/1/5/7/7/2 3 3,X,-2,0,BLOCK,X,0.7505608,0.7726011
7/5/7/6/5/1/7/7/2 3 3,Z,-2,2,BLOCK,Z,1.292901,0.8533534
7/1/7/6/5/5/7/7/1 3 3,Z,-2.125,0,BLOCK,Z,0.2950485,0.1949659
7/5/7/4/5/5/7/7/1 3 3,Z,2,2,BLOCK,Z,0.9834692,0.7064264
7/5/7/6/1/5/7/7/1 3 3,X,-1.7777777777777777777777777778,0,BLOCK,X,0.7848547,0.7414659
7/5/7/6/5/1/7/7/1 3 3,Z,-2,2,BLOCK,Z,1.286415,0.8105034
7/1/7/6/5/3/2/7/7 3 3,Z,-2,2,BLOCK,Z,1.496174,0.8607634
7/5/7/4/5/3/2/7/7 3 3,Z,2.1818181818181818181818181818,0,BLOCK,Z,0.5083922,0.5362614
7/5/7/6/1/3/2/7/7 3 3,X,-2,0,BLOCK,X,0.6660577,0.5215717
7/1/7/6/5/3/6/6/7 3 3,Z,-2.125,0,BLOCK,Z,0.7274141,0.5276825
7/5/7/4/5/3/6/6/7 3 3,Z,2,0,BLOCK,Z,0.6031132,0.5836804
7/5/7/6/1/3/6/6/7 3 3,X,-2.2222222222222222222222222222,0,BLOCK,X,0.6826586,0.6636815
7/5/7/6/5/3/4/6/7 3 3,X,2,0,BLOCK,X,1.232947,0.8540752
7/5/7/6/5/3/6/4/7 3 3,Z,2,0,BLOCK,Z,0.5576975,0.5735132
7/1/7/6/5/3/6/5/7 3 3,Z,-2,0,BLOCK,Z,0.06877173,0.3215617
7/5/7/4/5/3/6/5/7 3 3,Z,2.1818181818181818181818181818,2,BLOCK,Z,1.30996,0.8940505
7/5/7/6/1/3/6/5/7 3 3,X,-2.2222222222222222222222222222,0,BLOCK,X,0.6218607,0.6198534
7/5/7/6/5/3/4/5/7 3 3,X,2,0,BLOCK,X,0.6811415,0.6852764
7/5/7/6/5/3/6/1/7 3 3,Z,-2,0,BLOCK,Z,0.3462109,0.2106735
7/1/7/6/5/3/6/3/7 3 3,Z,-1.8749999999999999999999999998,0,BLOCK,Z,0.3021877,0.210682
7/5/7/4/5/3/6/3/7 3 3,Z,2.3636363636363636363636363638,2,BLOCK,Z,1.194029,0.7598587
7/5/7/6/1/3/6/3/7 3 3,X,-2.2222222222222222222222222222,0,BLOCK,X,0.9981813,0.6446477
7/5/7/6/5/3/4/3/7 3 3,X,2,0,BLOCK,X,0.508241,0.6985213
7/1/7/6/5/3/6/7/6 3 3,Z,-2,2,BLOCK,Z,1.624189,0.8751388
7/5/7/4/5/3/6/7/6 3 3,Z,2.1818181818181818181818181818,0,BLOCK,Z,0.5658796,0.6346703
7/5/7/6/1/3/6/7/6 3 3,X,-2.4444444444444444444444444444,0,BLOCK,X,0.6658607,0.5899799
7/5/7/6/5/3/4/7/6 3 3,X,1.6,0,BLOCK,X,0.3150652,0.4372456
7/1/7/6/5/3/6/7/5 3 3,Z,-2,0,BLOCK,Z,0.1330398,0.3245892
7/5/7/4/5/3/6/7/5 3 3,Z,2.1818181818181818181818181818,0,BLOCK,Z,0.4206693,0.6681425
7/5/7/6/1/3/6/7/5 3 3,X,-2.2222222222222222222222222222,0,BLOCK,X,0.7752149,0.4030388
7/5/7/6/5/3/4/7/5 3 3,X,2,0,BLOCK,X,1.377274,0.9796188
7/1/7/6/5/3/6/7/3 3 3,Z,-2,0,BLOCK,Z,0.1987253,0.245482
7/5/7/4/5/3/6/7/3 3 3,Z,2.1818181818181818181818181818,0,BLOCK,Z,0.3728774,0.6008757
7/5/7/6/1/3/6/7/3 3 3,X,-2,2,BLOCK,X,1.370274,0.6835899
7/5/7/6/5/3/4/7/3 3 3,X,2.4,2,BLOCK,X,1.646704,0.9976205
7/1/7/6/5/3/5/6/7 3 3,Z,-2.125,0,BLOCK,Z,0.2074043,0.3352588
7/5/7/4/5/3/5/6/7 3 3,Z,2,0,BLOCK,Z,0.3461959,0.6193798
7/5/7/6/1/3/5/6/7 3 3,X,-2,0,BLOCK,X,0.6264994,0.5410303
7/5/7/6/5/3/1/6/7 3 3,X,-2,0,BLOCK,X,1.262671,0.9408825
7/5/7/6/5/3/5/4/7 3 3,Z,2,2,BLOCK,Z,1.536641,1.03793
7/1/7/6/5/3/5/5/7 3 3,Z,-2,0,BLOCK,Z,0.1698944,0.4288728
7/5/7/4/5/3/5/5/7 3 3,Z,2.1818181818181818181818181818,0,BLOCK,Z,0.4085753,0.6506448
7/5/7/6/1/3/5/5/7 3 3,X,-2,0,BLOCK,X,0.6320398,0.7970876
7/5/7/6/5/3/1/5/7 3 3,X,-2,0,BLOCK,X,0.7872924,0.7647506
7/5/7/6/5/3/5/1/7 3 3,Z,-2,0,BLOCK,Z,0.231033,0.1900869
7/1/7/6/5/3/5/3/7 3 3,Z,-1.8749999999999999999999999998,0,BLOCK,Z,0.4789145,0.417927
7/5/7/4/5/3/5/3/7 3 3,Z,2.3636363636363636363636363638,2,BLOCK,Z,1.165376,0.8008696
7/5/7/6/1/3/5/3/7 3 3,X,-2,0,BLOCK,X,0.5332759,0.6519518
7/5/7/6/5/3/1/3/7 3 3,X,-2,0,BLOCK,X,0.5386922,0.6906118
7/1/7/6/5/3/5/7/6 3 3,Z,-2,0,BLOCK,Z,0.3609762,0.2641332
7/5/7/4/5/3/5/7/6 3 3,Z,2.1818181818181818181818181818,0,BLOCK,Z,0.33777,0.4112032
7/5/7/6/1/3/5/7/6 3 3,X,-2.2222222222222222222222222222,0,BLOCK,X,0.7924762,0.6565767
7/5/7/6/5/3/1/7/6 3 3,X,-2.4,2,BLOCK,X,1.631337,0.9679874
7/1/7/6/5/3/5/7/5 3 3,Z,-2,0,BLOCK,Z,1.070272,0.6541205
7/5/7/4/5/3/5/7/5 3 3,Z,2.1818181818181818181818181818,0,BLOCK,Z,0.5832252,0.8063911
7/5/7/6/1/3/5/7/5 3 3,X,-2,0,BLOCK,X,0.8635905,0.6852407
7/5/7/6/5/3/1/7/5 3 3,X,-2,0,BLOCK,X,0.4927852,0.5514668
7/1/7/6/5/3/5/7/3 3 3,Z,-2,0,BLOCK,Z,0.2545022,0.2923601
7/5/7/4/5/3/5/7/3 3 3,Z,2.1818181818181818181818181818,0,BLOCK,Z,0.4422396,0.6966131
7/5/7/6/1/3/5/7/3 3 3,X,-1.7777777777777777777777777778,0,BLOCK,X,0.6110377,0.5951819
7/5/7/6/5/3/1/7/3 3 3,X,-1.6,0,BLOCK,X,0.5273635,0.6556876
7/1/7/6/5/3/3/6/7 3 3,Z,-2.125,0,BLOCK,Z,0.1666942,0.3362701
7/5/7/4/5/3/3/6/7 3 3,Z,2,2,BLOCK,Z,1.416144,0.8485087
7/5/7/6/1/3/3/6/7 3 3,X,-1.7777777777777777777777777778,0,BLOCK,X,0.3725379,0.5739759
7/5/7/6/5/3/3/4/7 3 3,Z,2,0,BLOCK,Z,1.537835,1.132396
7/1/7/6/5/3/3/5/7 3 3,Z,-2,0,BLOCK,Z,0.5772868,0.3642062
7/5/7/4/5/3/3/5/7 3 3,Z,2.1818181818181818181818181818,2,BLOCK,Z,1.273311,0.7259309
7/5/7/6/1/3/3/5/7 3 3,X,-1.7777777777777777777777777778,0,BLOCK,X,0.5804808,0.6925042
7/5/7/6/5/3/3/1/7 3 3,Z,-2,0,BLOCK,Z,1.619727,1.060176
7/1/7/6/5/3/3/3/7 3 3,Z,-1.8749999999999999999999999998,2,BLOCK,Z,1.887692,1.303531
7/5/7/4/5/3/3/3/7 3 3,Z,2.3636363636363636363636363638,2,BLOCK,Z,1.170314,0.6662242
7/5/7/6/1/3/3/3/7 3 3,X,-1.7777777777777777777777777778,0,BLOCK,X,0.4519643,0.591554
7/1/7/6/5/3/3/7/6 3 3,Z,-2,0,BLOCK,Z,0.3926592,0.3181458
7/5/7/4/5/3/3/7/6 3 3,Z,2.1818181818181818181818181818,0,BLOCK,Z,0.2857363,0.4818307
7/5/7/6/1/3/3/7/6 3 3,X,-2,0,BLOCK,X,0.4042193,0.6454071
7/1/7/6/5/3/3/7/5 3 3,Z,-2,0,BLOCK,Z,0.8806574,0.3857294
7/5/7/4/5/3/3/7/5 3 3,Z,2.1818181818181818181818181818,0,BLOCK,Z,0.4042403,0.6392518
7/5/7/6/1/3/3/7/5 3 3,X,-1.7777777777777777777777777778,0,BLOCK,X,0.3934194,0.5954065
7/1/7/6/5/3/3/7/3 3 3,Z,-2,0,BLOCK,Z,0.04805665,0.1155875
7/5/7/4/5/3/3/7/3 3 3,Z,2.1818181818181818181818181818,0,BLOCK,Z,0.3846107,0.6626858
7/5/7/6/1/3/3/7/3 3 3,X,-1.5555555555555555555555555556,0,BLOCK,X,0.3575033,0.3694898
7/1/7/6/5/3/7/2/7 3 3,Z,-2,2,BLOCK,Z,1.660566,0.8954346
7/5/7/4/5/3/7/2/7 3 3,Z,2.1818181818181818181818181818,2,BLOCK,Z,1.277063,0.8262465
7/5/7/6/1/3/7/2/7 3 3,X,-2,0,BLOCK,X,0.5666505,0.6994662
7/1/7/6/5/3/7/6/6 3 3,Z,-2.125,0,BLOCK,Z,0.2613739,0.2883129
7/5/7/4/5/3/7/6/6 3 3,Z,2,0,BLOCK,Z,0.4786234,0.7136245
7/5/7/6/1/3/7/6/6 3 3,X,-2.2222222222222222222222222222,0,BLOCK,X,0.6089963,0.7250867
7/5/7/6/5/3/7/4/6 3 3,Z,2,0,BLOCK,Z,0.1692261,0.2988755
7/1/7/6/5/3/7/6/5 3 3,Z,-2.125,0,BLOCK,Z,0.221762,0.2078389
7/5/7/4/5/3/7/6/5 3 3,Z,2,2,BLOCK,Z,1.401671,0.8660959
7/5/7/6/1/3/7/6/5 3 3,X,-2,0,BLOCK,X,0.4371609,0.6616954
7/5/7/6/5/3/7/4/5 3 3,Z,2,0,BLOCK,Z,0.2797586,0.3957745
7/1/7/6/5/3/7/6/3 3 3,Z,-2.125,0,BLOCK,Z,0.3058115,0.4206047
7/5/7/4/5/3/7/6/3 3 3,Z,2,0,BLOCK,Z,0.4347483,0.6842274
7/5/7/6/1/3/7/6/3 3 3,X,-1.7777777777777777777777777778,0,BLOCK,X,0.4648625,0.4858645
7/5/7/6/5/3/7/4/3 3 3,Z,2,0,BLOCK,Z,0.3176616,0.3634026
7/1/7/6/5/3/7/5/6 3 3,Z,-2,0,BLOCK,Z,0.05886836,0.2594062
7/5/7/4/5/3/7/5/6 3 3,Z,2.1818181818181818181818181818,0,BLOCK,Z,0.4175485,0.5566205
7/5/7/6/1/3/7/5/6 3 3,X,-2.2222222222222222222222222222,0,BLOCK,X,0.9103465,0.6897446
7/5/7/6/5/3/7/1/6 3 3,Z,-2,0,BLOCK,Z,0.2796423,0.3357766
7/1/7/6/5/3/7/5/5 3 3,Z,-2,0,BLOCK,Z,0.3098019,0.3099187
7/5/7/4/5/3/7/5/5 3 3,Z,2.1818181818181818181818181818,0,BLOCK,Z,0.4573421,0.6445976
7/5/7/6/1/3/7/5/5 3 3,X,-2,0,BLOCK,X,0.7927603,0.7666547
7/5/7/6/5/3/7/1/5 3 3,Z,-2,2,BLOCK,Z,1.57631,0.9747044
7/1/7/6/5/3/7/5/3 3 3,Z,-2,2,BLOCK,Z,1.45018,0.8625005
7/5/7/4/5/3/7/5/3 3 3,Z,2.1818181818181818181818181818,0,BLOCK,Z,0.3412683,0.5263556
7/5/7/6/1/3/7/5/3 3 3,X,-1.7777777777777777777777777778,2,BLOCK,X,0.9353921,0.7700966
7/5/7/6/5/3/7/1/3 3 3,Z,-2,0,BLOCK,Z,0.1705869,0.1968079
7/1/7/6/5/3/7/3/6 3 3,Z,-1.8749999999999999999999999998,0,BLOCK,Z,0.3957995,0.4442264
7/5/7/4/5/3/7/3/6 3 3,Z,2.3636363636363636363636363638,2,BLOCK,Z,1.128341,0.7841867
7/5/7/6/1/3/7/3/6 3 3,X,-2.2222222222222222222222222222,0,BLOCK,X,1.00265,0.6710333
7/1/7/6/5/3/7/3/5 3 3,Z,-1.8749999999999999999999999998,2,BLOCK,Z,1.907091,1.423733
7/5/7/4/5/3/7/3/5 3 3,Z,2.3636363636363636363636363638,0,BLOCK,Z,0.5431293,0.5858843
7/5/7/6/1/3/7/3/5 3 3,X,-2,0,BLOCK,X,0.7656311,0.7446513
7/1/7/6/5/3/7/3/3 3 3,Z,-1.8749999999999999999999999998,0,BLOCK,Z,0.1449573,0.2530833
7/5/7/4/5/3/7/3/3 3 3,Z,2.3636363636363636363636363638,0,BLOCK,Z,0.3834713,0.5509804
7/5/7/6/1/3/7/3/3 3 3,X,-1.7777777777777777777777777778,2,BLOCK,X,1.024372,0.6885055
7/1/7/6/5/3/7/7/4 3 3,Z,-2,0,BLOCK,Z,0.5312384,0.293375
7/5/7/4/5/3/7/7/4 3 3,Z,2.1818181818181818181818181818,0,BLOCK,Z,0.4457916,0.6061158
7/5/7/6/1/3/7/7/4 3 3,X,-2.2222222222222222222222222222,2,BLOCK,X,1.080098,0.7083109
7/1/7/6/5/3/7/7/2 3 3,Z,-2,0,BLOCK,Z,0.4185554,0.4107305
7/5/7/4/5/3/7/7/2 3 3,Z,2.1818181818181818181818181818,0,BLOCK,Z,0.5126325,0.6186115
7/5/7/6/1/3/7/7/2 3 3,X,-2,0,BLOCK,X,0.5581206,0.7433497
7/1/7/6/5/3/7/7/1 3 3,Z,-2,0,BLOCK,Z,0.2697709,0.284605
7/5/7/4/5/3/7/7/1 3 3,Z,2.1818181818181818181818181818,0,BLOCK,Z,0.4256595,0.4861524
7/5/7/6/1/3/7/7/1 3 3,X,-1.7777777777777777777777777778,0,BLOCK,X,0.7466879,0.6930921
7/1/7/6/5/7/2/6/7 3 3,Z,-2.25,0,BLOCK,Z,0.2129122,0.2379869
7/5/7/4/5/7/2/6/7 3 3,Z,1.8181818181818181818181818182,0,BLOCK,Z,0.4084802,0.5243669
7/5/7/6/1/7/2/6/7 3 3,X,-2,2,BLOCK,X,1.09182,0.6708404
7/5/7/6/5/7/2/4/7 3 3,Z,2,0,BLOCK,Z,1.698996,1.050798
7/1/7/6/5/7/2/5/7 3 3,Z,-2.125,0,BLOCK,Z,0.5647472,0.546734
7/5/7/4/5/7/2/5/7 3 3,Z,2,2,BLOCK,Z,0.9595965,0.4881134
7/5/7/6/1/7/2/5/7 3 3,X,-2,0,BLOCK,X,0.8029753,0.5661137
7/5/7/6/5/7/2/1/7 3 3,Z,-2,0,BLOCK,Z,0.2749407,0.3226741
7/1/7/6/5/7/2/3/7 3 3,Z,-2,0,BLOCK,Z,0.7199433,0.5169452
7/5/7/4/5/7/2/3/7 3 3,Z,2.1818181818181818181818181818,2,BLOCK,Z,1.04295,0.5655208
7/5/7/6/1/7/2/3/7 3 3,X,-2,0,BLOCK,X,0.5268931,0.5837337
7/1/7/6/5/7/2/7/6 3 3,Z,-2.125,0,BLOCK,Z,0.4032545,0.3661339
7/5/7/4/5/7/2/7/6 3 3,Z,2,0,BLOCK,Z,0.3951218,0.4622437
7/5/7/6/1/7/2/7/6 3 3,X,-2.2222222222222222222222222222,2,BLOCK,X,1.076084,0.7742852
7/1/7/6/5/7/2/7/5 3 3,Z,-2.125,2,BLOCK,Z,1.3979,0.8615291
7/5/7/4/5/7/2/7/5 3 3,Z,2,0,BLOCK,Z,0.5389985,0.3987918
7/5/7/6/1/7/2/7/5 3 3,X,-2,0,BLOCK,X,0.5091482,0.524969
7/1/7/6/5/7/2/7/3 3 3,Z,-2.125,0,BLOCK,Z,0.4396286,0.3229966
7/5/7/4/5/7/2/7/3 3 3,Z,2,0,BLOCK,Z,0.5021356,0.486014
7/5/7/6/1/7/2/7/3 3 3,X,-1.7777777777777777777777777778,0,BLOCK,X,0.3954955,0.5096628
7/1/7/6/5/7/6/2/7 3 3,Z,-2.125,2,BLOCK,Z,1.426335,0.8529763
7/5/7/4/5/7/6/2/7 3 3,Z,2,2,BLOCK,Z,0.978037,0.5913687
7/5/7/6/1/7/6/2/7 3 3,X,-2.2222222222222222222222222222,0,BLOCK,X,0.5663393,0.6490692
7/5/7/6/5/7/4/2/7 3 3,X,2,0,BLOCK,X,0.6238688,0.6922712
7/1/7/6/5/7/6/6/6 3 3,Z,-2.25,0,BLOCK,Z,0.6556504,0.5466692
7/5/7/4/5/7/6/6/6 3 3,Z,1.8181818181818181818181818182,0,BLOCK,Z,0.6309937,0.5930582
7/5/7/6/1/7/6/6/6 3 3,X,-2.4444444444444444444444444444,2,BLOCK,X,1.297311,0.6519349
7/5/7/6/5/7/4/6/6 3 3,X,1.5,0,BLOCK,X,0.3493305,0.4713573
7/5/7/6/5/7/6/4/6 3 3,Z,2,0,BLOCK,Z,0.2456833,0.4269946
7/1/7/6/5/7/6/6/5 3 3,Z,-2.25,0,BLOCK,Z,0.4451217,0.3443141
7/5/7/4/5/7/6/6/5 3 3,Z,1.8181818181818181818181818182,2,BLOCK,Z,0.9078782,0.5865746
7/5/7/6/1/7/6/6/5 3 3,X,-2.2222222222222222222222222222,0,BLOCK,X,0.7187256,0.7389221
7/5/7/6/5/7/4/6/5 3 3,X,2,0,BLOCK,X,0.4292875,0.5260601
7/5/7/6/5/7/6/4/5 3 3,Z,2,0,BLOCK,Z,0.1652243,0.254872
7/1/7/6/5/7/6/6/3 3 3,Z,-2.25,2,BLOCK,Z,1.319734,0.7026289
7/5/7/4/5/7/6/6/3 3 3,Z,1.8181818181818181818181818182,0,BLOCK,Z,0.6115965,0.4664511
7/5/7/6/1/7/6/6/3 3 3,X,-2.0,0,BLOCK,X,0.6524546,0.776714
7/5/7/6/5/7/4/6/3 3 3,X,2.5,0,BLOCK,X,0.4639664,0.7169731
7/5/7/6/5/7/6/4/3 3 3,Z,2,0,BLOCK,Z,0.1634631,0.2793561
7/1/7/6/5/7/6/5/6 3 3,Z,-2.125,0,BLOCK,Z,0.1322941,0.2025497
7/5/7/4/5/7/6/5/6 3 3,Z,2,0,BLOCK,Z,0.8242773,0.5234901
7/5/7/6/1/7/6/5/6 3 3,X,-2.4444444444444444444444444444,2,BLOCK,X,1.346732,0.7016235
7/5/7/6/5/7/4/5/6 3 3,X,1.5,2,BLOCK,X,1.154081,0.7155689
7/5/7/6/5/7/6/1/6 3 3,Z,-2,0,BLOCK,Z,0.242127,0.3696727
7/1/7/6/5/7/6/5/5 3 3,Z,-2.125,0,BLOCK,Z,0.06768631,0.16444
7/5/7/4/5/7/6/5/5 3 3,Z,2,0,BLOCK,Z,0.632535,0.5388896
7/5/7/6/1/7/6/5/5 3 3,X,-2.2222222222222222222222222222,0,BLOCK,X,1.101725,0.8090759
7/5/7/6/5/7/4/5/5 3 3,X,2,0,BLOCK,X,0.4340781,0.5432962
7/5/7/6/5/7/6/1/5 3 3,Z,-2,0,BLOCK,Z,0.2572016,0.2318922
7/1/7/6/5/7/6/5/3 3 3,Z,-2.125,0,BLOCK,Z,0.1552092,0.2562152
7/5/7/4/5/7/6/5/3 3 3,Z,2,0,BLOCK,Z,0.6238628,0.5324979
7/5/7/6/1/7/6/5/3 3 3,X,-2.0,0,BLOCK,X,0.4944124,0.7803881
7/5/7/6/5/7/4/5/3 3 3,X,2.5,0,BLOCK,X,0.4769274,0.689964
7/5/7/6/5/7/6/1/3 3 3,Z,-2,2,BLOCK,Z,1.564726,0.9456449
7/1/7/6/5/7/6/3/6 3 3,Z,-2,0,BLOCK,Z,0.6288875,0.4166367
7/5/7/4/5/7/6/3/6 3 3,Z,2.1818181818181818181818181818,0,BLOCK,Z,0.5016913,0.5835539
7/5/7/6/1/7/6/3/6 3 3,X,-2.4444444444444444444444444444,0,BLOCK,X,0.4516025,0.4243628
7/5/7/6/5/7/4/3/6 3 3,X,1.5,0,BLOCK,X,0.407051,0.5764018
7/1/7/6/5/7/6/3/5 3 3,Z,-2,0,BLOCK,Z,0.6294822,0.3015774
7/5/7/4/5/7/6/3/5 3 3,Z,2.1818181818181818181818181818,2,BLOCK,Z,1.048106,0.5941555
7/5/7/6/1/7/6/3/5 3 3,X,-2.2222222222222222222222222222,0,BLOCK,X,0.5203126,0.7359946
7/5/7/6/5/7/4/3/5 3 3,X,2,2,BLOCK,X,1.313876,0.8142769
7/1/7/6/5/7/6/3/3 3 3,Z,-2,0,BLOCK,Z,0.8370722,0.5583108
7/5/7/4/5/7/6/3/3 3 3,Z,2.1818181818181818181818181818,0,BLOCK,Z,0.5048386,0.5750785
7/5/7/6/1/7/6/3/3 3 3,X,-2.0,0,BLOCK,X,1.429355,0.92845
7/5/7/6/5/7/4/3/3 3 3,X,2.5,0,BLOCK,X,0.4999109,0.7193122
7/1/7/6/5/7/6/7/4 3 3,Z,-2.125,2,BLOCK,Z,1.697121,1.207348
7/5/7/4/5/7/6/7/4 3 3,Z,2,0,BLOCK,Z,0.4101377,0.4472637
7/5/7/6/1/7/6/7/4 3 3,X,-2.4444444444444444444444444444,0,BLOCK,X,0.5552421,0.6735495
7/5/7/6/5/7/4/7/4 3 3,X,1.5,0,BLOCK,X,0.2612264,0.4072059
7/1/7/6/5/7/6/7/2 3 3,Z,-2.125,0,BLOCK,Z,0.2302226,0.2187591
7/5/7/4/5/7/6/7/2 3 3,Z,2,0,BLOCK,Z,0.6754202,0.586552
7/5/7/6/1/7/6/7/2 3 3,X,-2.2222222222222222222222222222,0,BLOCK,X,0.3506706,0.6988463
7/5/7/6/5/7/4/7/2 3 3,X,2,0,BLOCK,X,0.5389506,0.7047415
7/1/7/6/5/7/6/7/1 3 3,Z,-2.125,0,BLOCK,Z,0.3301844,0.4543029
7/5/7/4/5/7/6/7/1 3 3,Z,2,0,BLOCK,Z,0.6041807,0.5283843
7/5/7/6/1/7/6/7/1 3 3,X,-2.0,0,BLOCK,X,0.5741678,0.7497728
7/5/7/6/5/7/4/7/1 3 3,X,2.5,0,BLOCK,X,0.3503827,0.5925059
7/1/7/6/5/7/5/2/7 3 3,Z,-2.125,0,BLOCK,Z,0.3725093,0.3404992
7/5/7/4/5/7/5/2/7 3 3,Z,2,0,BLOCK,Z,0.6528871,0.4448964
7/5/7/6/1/7/5/2/7 3 3,X,-2,0,BLOCK,X,0.6985839,0.5664965
7/5/7/6/5/7/1/2/7 3 3,X,-2,0,BLOCK,X,0.5426562,0.6928026
7/1/7/6/5/7/5/6/6 3 3,Z,-2.25,0,BLOCK,Z,0.6153079,0.4939091
7/5/7/4/5/7/5/6/6 3 3,Z,1.8181818181818181818181818182,0,BLOCK,Z,0.4420728,0.5356114
7/5/7/6/1/7/5/6/6 3 3,X,-2.2222222222222222222222222222,0,BLOCK,X,0.6049049,0.7744421
7/5/7/6/5/7/1/6/6 3 3,X,-2.5,0,BLOCK,X,0.5240982,0.7381341
7/5/7/6/5/7/5/4/6 3 3,Z,2,0,BLOCK,Z,0.4840783,0.4541064
7/1/7/6/5/7/5/6/5 3 3,Z,-2.25,0,BLOCK,Z,0.5581203,0.5428525
7/5/7/4/5/7/5/6/5 3 3,Z,1.8181818181818181818181818182,0,BLOCK,Z,0.4910045,0.5335799
7/5/7/6/1/7/5/6/5 3 3,X,-2,0,BLOCK,X,0.7054714,0.7384264
7/5/7/6/5/7/1/6/5 3 3,X,-2,0,BLOCK,X,0.3600034,0.5695818
7/5/7/6/5/7/5/4/5 3 3,Z,2,0,BLOCK,Z,0.2834429,0.4258453
7/1/7/6/5/7/5/6/3 3 3,Z,-2.25,0,BLOCK,Z,0.5473009,0.4980076
7/5/7/4/5/7/5/6/3 3 3,Z,1.8181818181818181818181818182,0,BLOCK,Z,0.4491474,0.5033957
7/5/7/6/1/7/5/6/3 3 3,X,-1.7777777777777777777777777778,0,BLOCK,X,0.6640509,0.7633627
7/5/7/6/5/7/1/6/3 3 3,X,-1.5,0,BLOCK,X,0.1806096,0.4588564
7/5/7/6/5/7/5/4/3 3 3,Z,2,0,BLOCK,Z,1.667878,1.037641
7/1/7/6/5/7/5/5/6 3 3,Z,-2.125,2,BLOCK,Z,1.923704,0.9369187
7/5/7/4/5/7/5/5/6 3 3,Z,2,2,BLOCK,Z,1.00073,0.5832972
7/5/7/6/1/7/5/5/6 3 3,X,-2.2222222222222222222222222222,0,BLOCK,X,0.7696243,0.6002651
7/5/7/6/5/7/1/5/6 3 3,X,-2.5,0,BLOCK,X,0.51706,0.7866411
7/5/7/6/5/7/5/1/6 3 3,Z,-2,0,BLOCK,Z,0.366258,0.3284873
7/1/7/6/5/7/5/5/5 3 3,Z,-2.125,2,BLOCK,Z,1.47892,1.228503
7/5/7/4/5/7/5/5/5 3 3,Z,2,0,BLOCK,Z,0.4962295,0.5681139
7/5/7/6/1/7/5/5/5 3 3,X,-2,2,BLOCK,X,0.9585322,0.7774161
7/5/7/6/5/7/1/5/5 3 3,X,-2,0,BLOCK,X,0.5205773,0.6602024
7/5/7/6/5/7/5/1/5 3 3,Z,-2,0,BLOCK,Z,0.2036401,0.2788345
7/1/7/6/5/7/5/5/3 3 3,Z,-2.125,0,BLOCK,Z,0.2948027,0.1652325
7/5/7/4/5/7/5/5/3 3 3,Z,2,0,BLOCK,Z,0.5441289,0.5632887
7/5/7/6/1/7/5/5/3 3 3,X,-1.7777777777777777777777777778,0,BLOCK,X,0.5279788,0.7862907
7/5/7/6/5/7/1/5/3 3 3,X,-1.5,2,BLOCK,X,1.185956,0.7291217
7/5/7/6/5/7/5/1/3 3 3,Z,-2,0,BLOCK,Z,0.3207904,0.3419835
7/1/7/6/5/7/5/3/6 3 3,Z,-2,0,BLOCK,Z,0.3072892,0.1897508
7/5/7/4/5/7/5/3/6 3 3,Z,2.1818181818181818181818181818,2,BLOCK,Z,1.037365,0.6108814
7/5/7/6/1/7/5/3/6 3 3,X,-2.2222222222222222222222222222,2,BLOCK,X,1.076998,0.6849129
7/5/7/6/5/7/1/3/6 3 3,X,-2.5,0,BLOCK,X,0.4932714,0.7295793
7/1/7/6/5/7/5/3/5 3 3,Z,-2,0,BLOCK,Z,0.02339678,0.1334542
7/5/7/4/5/7/5/3/5 3 3,Z,2.1818181818181818181818181818,0,BLOCK,Z,0.7804081,0.5800927
7/5/7/6/1/7/5/3/5 3 3,X,-2,0,BLOCK,X,0.6321772,0.6986802
7/5/7/6/5/7/1/3/5 3 3,X,-2,2,BLOCK,X,1.378587,0.8326527
7/1/7/6/5/7/5/3/3 3 3,Z,-2,0,BLOCK,Z,0.1674982,0.2164796
7/5/7/4/5/7/5/3/3 3 3,Z,2.1818181818181818181818181818,0,BLOCK,Z,0.8059122,0.6316285
7/5/7/6/1/7/5/3/3 3 3,X,-1.7777777777777777777777777778,0,BLOCK,X,0.6140846,0.7195738
7/5/7/6/5/7/1/3/3 3 3,X,-1.5,0,BLOCK,X,0.3865894,0.5052723
7/1/7/6/5/7/5/7/4 3 3,Z,-2.125,0,BLOCK,Z,0.1004646,0.1233867
7/5/7/4/5/7/5/7/4 3 3,Z,2,0,BLOCK,Z,0.7877138,0.5652938
7/5/7/6/1/7/5/7/4 3 3,X,-2.2222222222222222222222222222,2,BLOCK,X,1.094244,0.6626412
7/5/7/6/5/7/1/7/4 3 3,X,-2.5,0,BLOCK,X,0.4445083,0.6592312
7/1/7/6/5/7/5/7/2 3 3,Z,-2.125,0,BLOCK,Z,0.4801203,0.3954598
7/5/7/4/5/7/5/7/2 3 3,Z,2,2,BLOCK,Z,0.9982171,0.6526241
7/5/7/6/1/7/5/7/2 3 3,X,-2,0,BLOCK,X,0.6017209,0.720634
7/5/7/6/5/7/1/7/2 3 3,X,-2,0,BLOCK,X,0.1021292,0.4363131
7/1/7/6/5/7/5/7/1 3 3,Z,-2.125,0,BLOCK,Z,0.3260117,0.1676878
7/5/7/4/5/7/5/7/1 3 3,Z,2,2,BLOCK,Z,1.026742,0.644981
7/5/7/6/1/7/5/7/1 3 3,X,-1.7777777777777777777777777778,0,BLOCK,X,0.6677577,0.5883334
7/5/7/6/5/7/1/7/1 3 3,X,-1.5,0,BLOCK,X,0.4408703,0.4810722
7/1/7/6/5/7/3/2/7 3 3,Z,-2.125,0,BLOCK,Z,0.6024842,0.475894
7/5/7/4/5/7/3/2/7 3 3,Z,2,0,BLOCK,Z,0.5388811,0.4774252
7/5/7/6/1/7/3/2/7 3 3,X,-1.7777777777777777777777777778,0,BLOCK,X,0.7410089,0.5519019
7/1/7/6/5/7/3/6/6 3 3,Z,-2.25,0,BLOCK,Z,0.4299189,0.3766966
7/5/7/4/5/7/3/6/6 3 3,Z,1.8181818181818181818181818182,0,BLOCK,Z,0.3579874,0.5182067
7/5/7/6/1/7/3/6/6 3 3,X,-2.0,0,BLOCK,X,0.4617356,0.6918145
7/5/7/6/5/7/3/4/6 3 3,Z,2,0,BLOCK,Z,0.3431255,0.4115416
7/1/7/6/5/7/3/6/5 3 3,Z,-2.25,0,BLOCK,Z,0.2968132,0.3160144
7/5/7/4/5/7/3/6/5 3 3,Z,1.8181818181818181818181818182,0,BLOCK,Z,0.4039522,0.510656
7/5/7/6/1/7/3/6/5 3 3,X,-1.7777777777777777777777777778,0,BLOCK,X,0.5127789,0.5779943
7/5/7/6/5/7/3/4/5 3 3,Z,2,0,BLOCK,Z,1.714507,1.061508
6/5/7/6/5/7/3/6/3 3 3,X,0.6111111111111111111111111111,302,TIMEOUT,Z,0.1562883,0.0966999
7/1/7/6/5/7/3/6/3 3 3,Z,-2.25,0,BLOCK,Z,0.5256175,0.4606656
7/5/7/4/5/7/3/6/3 3 3,Z,1.8181818181818181818181818182,0,BLOCK,Z,0.4621889,0.5613635
7/5/7/6/1/7/3/6/3 3 3,X,-1.5555555555555555555555555556,2,BLOCK,X,0.9013049,0.5155038
7/5/7/6/5/7/3/4/3 3 3,Z,2,0,BLOCK,Z,0.2797405,0.4599236
7/1/7/6/5/7/3/5/6 3 3,Z,-2.125,0,BLOCK,Z,0.4280597,0.3485147
7/5/7/4/5/7/3/5/6 3 3,Z,2,0,BLOCK,Z,0.5895186,0.5126294
7/5/7/6/1/7/3/5/6 3 3,X,-2.0,0,BLOCK,X,0.5261376,0.6700397
7/5/7/6/5/7/3/1/6 3 3,Z,-2,0,BLOCK,Z,0.2558131,0.208959
7/1/7/6/5/7/3/5/5 3 3,Z,-2.125,0,BLOCK,Z,0.6321336,0.5581343
7/5/7/4/5/7/3/5/5 3 3,Z,2,0,BLOCK,Z,0.5684482,0.503779
7/5/7/6/1/7/3/5/5 3 3,X,-1.7777777777777777777777777778,0,BLOCK,X,0.2727129,0.5645559
7/5/7/6/5/7/3/1/5 3 3,Z,-2,0,BLOCK,Z,1.105769,0.528947
7/1/7/6/5/7/3/5/3 3 3,Z,-2.125,2,BLOCK,Z,1.473095,0.9319326
7/5/7/4/5/7/3/5/3 3 3,Z,2,2,BLOCK,Z,0.9824186,0.589285
7/5/7/6/1/7/3/5/3 3 3,X,-1.5555555555555555555555555556,2,BLOCK,X,0.9331477,0.5466406
7/5/7/6/5/7/3/1/3 3 3,Z,-2,0,BLOCK,Z,0.2140864,0.2910844
7/1/7/6/5/7/3/3/6 3 3,Z,-2,0,BLOCK,Z,0.4686634,0.329596
7/5/7/4/5/7/3/3/6 3 3,Z,2.1818181818181818181818181818,2,BLOCK,Z,1.034929,0.5615242
7/5/7/6/1/7/3/3/6 3 3,X,-2.0,0,BLOCK,X,0.4975169,0.6004068
7/1/7/6/5/7/3/3/5 3 3,Z,-2,0,BLOCK,Z,0.27835,0.1559363
7/5/7/4/5/7/3/3/5 3 3,Z,2.1818181818181818181818181818,0,BLOCK,Z,0.5760698,0.5921004
7/5/7/6/1/7/3/3/5 3 3,X,-1.7777777777777777777777777778,0,BLOCK,X,0.5531397,0.633429
7/1/7/6/5/7/3/3/3 3 3,Z,-2,0,BLOCK,Z,0.08334792,0.471229
7/5/7/4/5/7/3/3/3 3 3,Z,2.1818181818181818181818181818,0,BLOCK,Z,0.7233807,0.5898128
7/5/7/6/1/7/3/3/3 3 3,X,-1.5555555555555555555555555556,0,BLOCK,X,0.3491655,0.501441
7/1/7/6/5/7/3/7/4 3 3,Z,-2.125,0,BLOCK,Z,0.200311,0.2727133
7/5/7/4/5/7/3/7/4 3 3,Z,2,0,BLOCK,Z,0.4342139,0.4276774
7/5/7/6/1/7/3/7/4 3 3,X,-2.0,0,BLOCK,X,0.9298487,0.6447415
7/1/7/6/5/7/3/7/2 3 3,Z,-2.125,0,BLOCK,Z,0.04145633,0.1243474
7/5/7/4/5/7/3/7/2 3 3,Z,2,2,BLOCK,Z,1.017992,0.58635
7/5/7/6/1/7/3/7/2 3 3,X,-1.7777777777777777777777777778,0,BLOCK,X,0.5979359,0.673714
7/1/7/6/5/7/3/7/1 3 3,Z,-2.125,0,BLOCK,Z,0.1862289,0.2809624
7/5/7/4/5/7/3/7/1 3 3,Z,2,2,BLOCK,Z,1.037988,0.5816652
7/5/7/6/1/7/3/7/1 3 3,X,-1.5555555555555555555555555556,0,BLOCK,X,0.4953096,0.6436145
7/1/7/6/5/7/7/2/6 3 3,Z,-2.125,0,BLOCK,Z,0.259632,0.2689257
7/5/7/4/5/7/7/2/6 3 3,Z,2,0,BLOCK,Z,0.6026231,0.5748667
7/5/7/6/1/7/7/2/6 3 3,X,-2.2222222222222222222222222222,2,BLOCK,X,1.104962,0.7797812
7/1/7/6/5/7/7/2/5 3 3,Z,-2.125,0,BLOCK,Z,0.3329985,0.1234859
7/5/7/4/5/7/7/2/5 3 3,Z,2,0,BLOCK,Z,0.64482,0.6088292
7/5/7/6/1/7/7/2/5 3 3,X,-2,0,BLOCK,X,0.6168849,0.6375412
7/1/7/6/5/7/7/2/3 3 3,Z,-2.125,0,BLOCK,Z,0.1670849,0.3191906
7/5/7/4/5/7/7/2/3 3 3,Z,2,0,BLOCK,Z,0.4466722,0.4990936
7/5/7/6/1/7/7/2/3 3 3,X,-1.7777777777777777777777777778,2,BLOCK,X,0.9894993,0.6493505
7/1/7/6/5/7/7/6/4 3 3,Z,-2.25,0,BLOCK,Z,0.3584391,0.3668901
7/5/7/4/5/7/7/6/4 3 3,Z,1.8181818181818181818181818182,0,BLOCK,Z,0.6213492,0.5972024
7/5/7/6/1/7/7/6/4 3 3,X,-2.2222222222222222222222222222,0,BLOCK,X,0.5261376,0.7549068
7/5/7/6/5/7/7/4/4 3 3,Z,2,0,BLOCK,Z,0.404004,0.4977838
7/1/7/6/5/7/7/6/2 3 3,Z,-2.25,2,BLOCK,Z,1.458006,0.6323155
7/5/7/4/5/7/7/6/2 3 3,Z,1.8181818181818181818181818182,2,BLOCK,Z,1.034072,0.606789
7/5/7/6/1/7/7/6/2 3 3,X,-2,0,BLOCK,X,0.7322352,0.8086994
7/5/7/6/5/7/7/4/2 3 3,Z,2,0,BLOCK,Z,0.08849297,0.1515959
7/1/7/6/5/7/7/6/1 3 3,Z,-2.25,2,BLOCK,Z,1.36938,0.7970186
7/5/7/4/5/7/7/6/1 3 3,Z,1.8181818181818181818181818182,0,BLOCK,Z,0.6535983,0.4988612
7/5/7/6/1/7/7/6/1 3 3,X,-1.7777777777777777777777777778,0,BLOCK,X,0.8406435,0.6572638
7/5/7/6/5/7/7/4/1 3 3,Z,2,0,BLOCK,Z,0.4447452,0.5509198
7/1/7/6/5/7/7/5/4 3 3,Z,-2.125,2,BLOCK,Z,1.552441,0.8303856
7/5/7/4/5/7/7/5/4 3 3,Z,2,0,BLOCK,Z,0.6367291,0.6526867
7/5/7/6/1/7/7/5/4 3 3,X,-2.2222222222222222222222222222,0,BLOCK,X,0.7809142,0.8894003
7/5/7/6/5/7/7/1/4 3 3,Z,-2,0,BLOCK,Z,0.0884366,0.09187099
6/5/7/6/5/7/7/5/2 3 3,X,0.5,302,TIMEOUT,Z,0.1016015,0.08588082
7/1/7/6/5/7/7/5/2 3 3,Z,-2.125,2,BLOCK,Z,1.387043,0.8389311
7/5/7/4/5/7/7/5/2 3 3,Z,2,0,BLOCK,Z,0.5986143,0.5781847
7/5/7/6/1/7/7/5/2 3 3,X,-2,0,BLOCK,X,0.5553294,0.7766489
7/5/7/6/5/7/7/1/2 3 3,Z,-2,0,BLOCK,Z,0.1303969,0.135521
7/1/7/6/5/7/7/5/1 3 3,Z,-2.125,0,BLOCK,Z,0.2782931,0.3726541
7/5/7/4/5/7/7/5/1 3 3,Z,2,0,BLOCK,Z,0.4390213,0.5487677
7/5/7/6/1/7/7/5/1 3 3,X,-1.7777777777777777777777777778,0,BLOCK,X,0.7780748,0.7642367
7/5/7/6/5/7/7/1/1 3 3,Z,-2,0,BLOCK,Z,0.9957167,0.4883315
7/1/7/6/5/7/7/3/4 3 3,Z,-2,0,BLOCK,Z,0.4961063,0.1481878
7/5/7/4/5/7/7/3/4 3 3,Z,2.1818181818181818181818181818,2,BLOCK,Z,1.041363,0.6034055
7/5/7/6/1/7/7/3/4 3 3,X,-2.2222222222222222222222222222,0,BLOCK,X,0.5671133,0.7679437
7/1/7/6/5/7/7/3/2 3 3,Z,-2,0,BLOCK,Z,0.2567304,0.1536774
7/5/7/4/5/7/7/3/2 3 3,Z,2.1818181818181818181818181818,0,BLOCK,Z,0.8445758,0.5904748
7/5/7/6/1/7/7/3/2 3 3,X,-2,0,BLOCK,X,0.8882614,0.6821535
7/1/7/6/5/7/7/3/1 3 3,Z,-2,0,BLOCK,Z,0.2123405,0.3483524
7/5/7/4/5/7/7/3/1 3 3,Z,2.1818181818181818181818181818,0,BLOCK,Z,0.6863868,0.6842391
7/5/7/6/1/7/7/3/1 3 3,X,-1.7777777777777777777777777778,0,BLOCK,X,0.862712,0.7076217
7/1/7/6/3/2/6/7/7 3 3,Z,-2.125,0,BLOCK,Z,0.5927446,0.5591624
7/5/7/4/3/2/6/7/7 3 3,Z,2,2,BLOCK,Z,1.124461,0.6647403
7/5/7/6/3/2/4/7/7 3 3,X,2,0,BLOCK,X,0.5641008,0.493295
7/1/7/6/3/2/5/7/7 3 3,Z,-2.125,2,BLOCK,Z,1.535404,0.6641456
7/5/7/4/3/2/5/7/7 3 3,Z,2,0,BLOCK,Z,0.1324675,0.283311
7/5/7/6/3/2/1/7/7 3 3,X,-2,0,BLOCK,X,0.7421821,0.7713095
7/1/7/6/3/2/3/7/7 3 3,Z,-2.125,0,BLOCK,Z,0.8116726,0.480858
7/5/7/4/3/2/3/7/7 3 3,Z,2,2,BLOCK,Z,0.8708303,0.6150067
7/1/7/6/3/2/7/6/7 3 3,Z,-2.25,2,BLOCK,Z,1.31156,0.8066638
7/5/7/4/3/2/7/6/7 3 3,Z,1.8181818181818181818181818182,2,BLOCK,Z,1.264207,0.8210235
7/5/7/6/3/2/7/4/7 3 3,Z,2,0,BLOCK,Z,0.4951803,0.5288861
7/1/7/6/3/2/7/5/7 3 3,Z,-2.125,0,BLOCK,Z,0.9421006,0.4017162
7/5/7/4/3/2/7/5/7 3 3,Z,2,0,BLOCK,Z,0.2315987,0.3255458
7/5/7/6/3/2/7/1/7 3 3,Z,-2,0,BLOCK,Z,0.2869035,0.229853
7/1/7/6/3/2/7/3/7 3 3,Z,-2,0,BLOCK,Z,0.5850776,0.1943786
7/5/7/4/3/2/7/3/7 3 3,Z,2.1818181818181818181818181818,0,BLOCK,Z,0.3919733,0.4395753
7/1/7/6/3/2/7/7/6 3 3,Z,-2.125,0,BLOCK,Z,0.358841,0.1986009
7/5/7/4/3/2/7/7/6 3 3,Z,2,0,BLOCK,Z,0.2151137,0.266825
7/1/7/6/3/2/7/7/5 3 3,Z,-2.125,2,BLOCK,Z,1.5712,1.089197
7/5/7/4/3/2/7/7/5 3 3,Z,2,0,BLOCK,Z,0.1819575,0.2032884
7/1/7/6/3/2/7/7/3 3 3,Z,-2.125,0,BLOCK,Z,0.6559821,0.6289613
7/5/6/6/3/2/7/7/3 3 3,X,0.6538461538461538461538461538,302,TIMEOUT,Z,0.01529379,0.008734417
7/5/7/4/3/2/7/7/3 3 3,Z,2,2,BLOCK,Z,1.072365,0.6308444
7/1/7/6/3/6/2/7/7 3 3,Z,-2.25,0,BLOCK,Z,0.8388986,0.3166953
7/5/7/4/3/6/2/7/7 3 3,Z,1.8181818181818181818181818182,2,BLOCK,Z,0.8791854,0.4609538
7/5/7/6/3/4/2/7/7 3 3,Z,2,0,BLOCK,Z,0.62857,0.7396234
7/1/7/6/3/6/6/6/7 3 3,Z,-2.375,0,BLOCK,Z,0.3566843,0.2030643
7/5/7/4/3/6/6/6/7 3 3,Z,1.6363636363636363636363636362,0,BLOCK,Z,0.28947,0.3319837
7/5/7/6/3/4/6/6/7 3 3,Z,1.7142857142857142857142857142,2,BLOCK,Z,1.066322,0.6550911
7/5/7/6/3/6/4/6/7 3 3,X,2,0,BLOCK,X,0.6244568,0.5423505
7/5/7/6/3/6/6/4/7 3 3,Z,2,0,BLOCK,Z,0.2839566,0.3815055
7/1/7/6/3/6/6/5/7 3 3,Z,-2.25,0,BLOCK,Z,0.5030321,0.4015187
7/5/7/4/3/6/6/5/7 3 3,Z,1.8181818181818181818181818182,0,BLOCK,Z,0.1082393,0.1598048
7/5/7/6/3/4/6/5/7 3 3,Z,2,0,BLOCK,Z,0.9732251,0.7454768
7/5/7/6/3/6/4/5/7 3 3,X,2,0,BLOCK,X,1.262339,0.9158092
7/5/7/6/3/6/6/1/7 3 3,Z,-2,2,BLOCK,Z,1.547044,0.9404657
7/1/7/6/3/6/6/3/7 3 3,Z,-2.125,0,BLOCK,Z,0.1600021,0.2077754
7/5/7/4/3/6/6/3/7 3 3,Z,2,2,BLOCK,Z,0.914663,0.4710027
7/5/7/6/3/4/6/3/7 3 3,Z,2.2857142857142857142857142858,2,BLOCK,Z,1.321588,0.8632461
7/5/7/6/3/6/4/3/7 3 3,X,2,2,BLOCK,X,1.447399,0.9808313
7/1/7/6/3/6/6/7/6 3 3,Z,-2.25,0,BLOCK,Z,0.2998123,0.2328214
7/5/7/4/3/6/6/7/6 3 3,Z,1.8181818181818181818181818182,0,BLOCK,Z,0.7343916,0.33805
7/5/7/6/3/4/6/7/6 3 3,Z,2,0,BLOCK,Z,0.9092682,0.9009461
7/5/7/6/3/6/4/7/6 3 3,X,1.6,0,BLOCK,X,0.8304005,0.6115743
7/1/7/6/3/6/6/7/5 3 3,Z,-2.25,0,BLOCK,Z,0.6121663,0.4880432
7/5/7/4/3/6/6/7/5 3 3,Z,1.8181818181818181818181818182,0,BLOCK,Z,0.2840994,0.4165331
7/5/7/6/3/4/6/7/5 3 3,Z,2,0,BLOCK,Z,0.8385206,0.7465543
7/5/7/6/3/6/4/7/5 3 3,X,2,0,BLOCK,X,0.7870716,0.7076
7/1/7/6/3/6/6/7/3 3 3,Z,-2.25,0,BLOCK,Z,0.3591964,0.1496653
7/5/7/4/3/6/6/7/3 3 3,Z,1.8181818181818181818181818182,2,BLOCK,Z,0.9329816,0.5682455
7/5/7/6/3/4/6/7/3 3 3,Z,2,0,BLOCK,Z,0.8207497,0.8272188
7/5/7/6/3/6/4/7/3 3 3,X,2.4,0,BLOCK,X,1.011259,0.7954557
7/1/7/6/3/6/5/6/7 3 3,Z,-2.375,0,BLOCK,Z,0.7252889,0.5221319
7/5/7/4/3/6/5/6/7 3 3,Z,1.6363636363636363636363636362,2,BLOCK,Z,0.8050264,0.5676119
7/5/7/6/3/4/5/6/7 3 3,Z,1.7142857142857142857142857142,0,BLOCK,Z,0.513092,0.6635895
7/5/7/6/3/6/1/6/7 3 3,X,-2,0,BLOCK,X,0.5864632,0.726775
7/5/7/6/3/6/5/4/7 3 3,Z,2,0,BLOCK,Z,1.765384,1.063469
7/1/7/6/3/6/5/5/7 3 3,Z,-2.25,0,BLOCK,Z,0.442266,0.3597929
7/5/7/4/3/6/5/5/7 3 3,Z,1.8181818181818181818181818182,0,BLOCK,Z,0.3865818,0.5203477
7/5/7/6/3/4/5/5/7 3 3,Z,2,0,BLOCK,Z,0.8498321,0.7077057
7/5/7/6/3/6/1/5/7 3 3,X,-2,0,BLOCK,X,0.7041633,0.6616571
7/5/7/6/3/6/5/1/7 3 3,Z,-2,0,BLOCK,Z,0.5732914,0.5888309
7/1/7/6/3/6/5/3/7 3 3,Z,-2.125,0,BLOCK,Z,0.3638054,0.3126386
7/5/7/4/3/6/5/3/7 3 3,Z,2,2,BLOCK,Z,0.9761703,0.547617
7/5/7/6/3/4/5/3/7 3 3,Z,2.2857142857142857142857142858,0,BLOCK,Z,0.4765717,0.6199144
7/5/7/6/3/6/1/3/7 3 3,X,-2,0,BLOCK,X,0.7640421,0.7192567
7/1/7/6/3/6/5/7/6 3 3,Z,-2.25,2,BLOCK,Z,1.526999,0.700969
7/5/7/4/3/6/5/7/6 3 3,Z,1.8181818181818181818181818182,0,BLOCK,Z,0.4541149,0.3869224
7/5/7/6/3/4/5/7/6 3 3,Z,2,0,BLOCK,Z,0.5487581,0.7633108
7/5/7/6/3/6/1/7/6 3 3,X,-2.4,2,BLOCK,X,1.633871,1.095168
7/1/7/6/3/6/5/7/5 3 3,Z,-2.25,0,BLOCK,Z,0.09194445,0.1424814
7/5/7/4/3/6/5/7/5 3 3,Z,1.8181818181818181818181818182,0,BLOCK,Z,0.4128865,0.5602787
7/5/7/6/3/4/5/7/5 3 3,Z,2,0,BLOCK,Z,0.5520309,0.8174117
7/5/7/6/3/6/1/7/5 3 3,X,-2,0,BLOCK,X,0.8345817,0.687691
7/1/7/6/3/6/5/7/3 3 3,Z,-2.25,0,BLOCK,Z,0.3833116,0.4565959
7/5/7/4/3/6/5/7/3 3 3,Z,1.8181818181818181818181818182,2,BLOCK,Z,0.8625842,0.5481063
7/5/7/6/3/4/5/7/3 3 3,Z,2,0,BLOCK,Z,0.8883331,0.766498
7/5/7/6/3/6/1/7/3 3 3,X,-1.6,0,BLOCK,X,0.5915637,0.6789926
7/1/7/6/3/6/3/6/7 3 3,Z,-2.375,0,BLOCK,Z,0.09855934,0.1767871
7/5/7/4/3/6/3/6/7 3 3,Z,1.6363636363636363636363636362,0,BLOCK,Z,0.415363,0.5086703
7/5/7/6/3/4/3/6/7 3 3,Z,1.7142857142857142857142857142,0,BLOCK,Z,0.5078776,0.7582926
7/5/7/6/3/6/3/4/7 3 3,Z,2,2,BLOCK,Z,1.670967,1.081815
7/1/7/6/3/6/3/5/7 3 3,Z,-2.25,0,BLOCK,Z,0.4001599,0.3015015
7/5/7/4/3/6/3/5/7 3 3,Z,1.8181818181818181818181818182,0,BLOCK,Z,0.5163548,0.5636589
7/5/7/6/3/4/3/5/7 3 3,Z,2,2,BLOCK,Z,1.053265,0.818758
7/5/7/6/3/6/3/1/7 3 3,Z,-2,0,BLOCK,Z,1.03191,0.7401381
7/1/7/6/3/6/3/3/7 3 3,Z,-2.125,0,BLOCK,Z,0.1973802,0.2524694
7/5/7/4/3/6/3/3/7 3 3,Z,2,0,BLOCK,Z,0.3957663,0.423762
7/5/7/6/3/4/3/3/7 3 3,Z,2.2857142857142857142857142858,2,BLOCK,Z,1.343298,0.7572519
7/1/7/6/3/6/3/7/6 3 3,Z,-2.25,0,BLOCK,Z,0.3637064,0.1667688
7/5/7/4/3/6/3/7/6 3 3,Z,1.8181818181818181818181818182,2,BLOCK,Z,0.9554299,0.585852
7/5/7/6/3/4/3/7/6 3 3,Z,2,0,BLOCK,Z,0.4888102,0.7554381
7/1/7/6/3/6/3/7/5 3 3,Z,-2.25,2,BLOCK,Z,1.46719,0.8264352
7/5/7/4/3/6/3/7/5 3 3,Z,1.8181818181818181818181818182,0,BLOCK,Z,0.4727569,0.5016224
7/5/7/6/3/4/3/7/5 3 3,Z,2,0,BLOCK,Z,0.7073346,0.7951684
7/1/7/6/3/6/3/7/3 3 3,Z,-2.25,0,BLOCK,Z,0.08096197,0.2335025
7/5/7/4/3/6/3/7/3 3 3,Z,1.8181818181818181818181818182,0,BLOCK,Z,0.3725882,0.4824894
7/5/7/6/3/4/3/7/3 3 3,Z,2,0,BLOCK,Z,0.7473195,0.9208328
7/1/7/6/3/6/7/2/7 3 3,Z,-2.25,2,BLOCK,Z,1.495355,0.9584458
7/5/7/4/3/6/7/2/7 3 3,Z,1.8181818181818181818181818182,0,BLOCK,Z,0.425213,0.3859351
7/5/7/6/3/4/7/2/7 3 3,Z,2,0,BLOCK,Z,0.4403567,0.5777956
7/1/7/6/3/6/7/6/6 3 3,Z,-2.375,0,BLOCK,Z,0.5007184,0.2936985
7/5/7/4/3/6/7/6/6 3 3,Z,1.6363636363636363636363636362,0,BLOCK,Z,0.5838793,0.466437
7/5/7/6/3/4/7/6/6 3 3,Z,1.7142857142857142857142857142,0,BLOCK,Z,0.420473,0.6152258
7/5/7/6/3/6/7/4/6 3 3,Z,2,0,BLOCK,Z,0.3447924,0.425084
7/1/7/6/3/6/7/6/5 3 3,Z,-2.375,0,BLOCK,Z,0.1731389,0.4102013
7/5/7/4/3/6/7/6/5 3 3,Z,1.6363636363636363636363636362,0,BLOCK,Z,0.4345033,0.3483318
7/5/7/6/3/4/7/6/5 3 3,Z,1.7142857142857142857142857142,0,BLOCK,Z,0.4642288,0.6316505
7/5/7/6/3/6/7/4/5 3 3,Z,2,0,BLOCK,Z,0.3558141,0.5049404
7/1/7/6/3/6/7/6/3 3 3,Z,-2.375,0,BLOCK,Z,0.08054732,0.1548287
7/5/7/4/3/6/7/6/3 3 3,Z,1.6363636363636363636363636362,2,BLOCK,Z,0.8710499,0.5596476
7/5/7/6/3/4/7/6/3 3 3,Z,1.7142857142857142857142857142,0,BLOCK,Z,0.624074,0.6649445
7/5/7/6/3/6/7/4/3 3 3,Z,2,0,BLOCK,Z,0.315701,0.4703206
7/1/7/6/3/6/7/5/6 3 3,Z,-2.25,2,BLOCK,Z,1.412341,0.6149939
7/5/7/4/3/6/7/5/6 3 3,Z,1.8181818181818181818181818182,2,BLOCK,Z,0.9257839,0.5838112
7/5/7/6/3/4/7/5/6 3 3,Z,2,0,BLOCK,Z,0.6482923,0.6605432
7/5/7/6/3/6/7/1/6 3 3,Z,-2,0,BLOCK,Z,0.3622153,0.4624824
7/1/7/6/3/6/7/5/5 3 3,Z,-2.25,0,BLOCK,Z,0.4321655,0.5005989
7/5/7/4/3/6/7/5/5 3 3,Z,1.8181818181818181818181818182,2,BLOCK,Z,0.9030016,0.6032677
7/5/7/6/3/4/7/5/5 3 3,Z,2,0,BLOCK,Z,0.8967555,0.7718869
7/5/7/6/3/6/7/1/5 3 3,Z,-2,0,BLOCK,Z,0.5080169,0.4482183
7/1/7/6/3/6/7/5/3 3 3,Z,-2.25,0,BLOCK,Z,0.1662388,0.2733331
7/5/7/4/3/6/7/5/3 3 3,Z,1.8181818181818181818181818182,2,BLOCK,Z,0.9126151,0.5623752
7/5/7/6/3/4/7/5/3 3 3,Z,2,0,BLOCK,Z,0.6622764,0.7641028
7/5/7/6/3/6/7/1/3 3 3,Z,-2,0,BLOCK,Z,0.3734835,0.3713498
7/1/7/6/3/6/7/3/6 3 3,Z,-2.125,0,BLOCK,Z,0.2526364,0.3150916
7/5/7/4/3/6/7/3/6 3 3,Z,2,0,BLOCK,Z,0.3919793,0.5249358
7/5/7/6/3/4/7/3/6 3 3,Z,2.2857142857142857142857142858,0,BLOCK,Z,0.5501326,0.857853
7/1/7/6/3/6/7/3/5 3 3,Z,-2.125,0,BLOCK,Z,0.4435717,0.2120891
7/5/7/4/3/6/7/3/5 3 3,Z,2,0,BLOCK,Z,0.6494181,0.330935
7/5/7/6/3/4/7/3/5 3 3,Z,2.2857142857142857142857142858,0,BLOCK,Z,0.8843082,0.8730598
7/1/7/6/3/6/7/3/3 3 3,Z,-2.125,0,BLOCK,Z,0.2033603,0.2455253
7/5/7/4/3/6/7/3/3 3 3,Z,2,0,BLOCK,Z,0.6428236,0.5891576
7/5/7/6/3/4/7/3/3 3 3,Z,2.2857142857142857142857142858,0,BLOCK,Z,1.444307,1.025517
7/1/7/6/3/6/7/7/4 3 3,Z,-2.25,2,BLOCK,Z,1.449337,0.6380674
7/5/7/4/3/6/7/7/4 3 3,Z,1.8181818181818181818181818182,0,BLOCK,Z,0.09567565,0.4537013
7/5/7/6/3/4/7/7/4 3 3,Z,2,0,BLOCK,Z,0.6866346,0.8021615
7/1/7/6/3/6/7/7/2 3 3,Z,-2.25,2,BLOCK,Z,1.581199,0.8519434
7/5/7/4/3/6/7/7/2 3 3,Z,1.8181818181818181818181818182,0,BLOCK,Z,0.4048418,0.4393012
7/5/7/6/3/4/7/7/2 3 3,Z,2,0,BLOCK,Z,0.7671712,0.7889982
7/1/7/6/3/6/7/7/1 3 3,Z,-2.25,0,BLOCK,Z,0.0458682,0.372424
7/5/7/4/3/6/7/7/1 3 3,Z,1.8181818181818181818181818182,0,BLOCK,Z,0.4110417,0.3482006
7/5/7/6/3/4/7/7/1 3 3,Z,2,0,BLOCK,Z,0.7490271,0.8890762
7/1/7/6/3/5/2/7/7 3 3,Z,-2.125,0,BLOCK,Z,0.2635438,0.2563705
7/5/7/4/3/5/2/7/7 3 3,Z,2,2,BLOCK,Z,0.925645,0.5027252
7/5/7/6/3/1/2/7/7 3 3,Z,-2,0,BLOCK,Z,0.6561979,0.5878827
7/1/7/6/3/5/6/6/7 3 3,Z,-2.25,0,BLOCK,Z,0.1943266,0.2310329
7/5/7/4/3/5/6/6/7 3 3,Z,1.8181818181818181818181818182,2,BLOCK,Z,0.8648282,0.5313284
7/5/7/6/3/1/6/6/7 3 3,Z,-2.2857142857142857142857142858,0,BLOCK,Z,0.3451975,0.5458627
7/5/7/6/3/5/4/6/7 3 3,X,2,2,BLOCK,X,1.352486,0.7764724
7/5/7/6/3/5/6/4/7 3 3,Z,2,0,BLOCK,Z,0.2667505,0.3973687
7/1/7/6/3/5/6/5/7 3 3,Z,-2.125,2,BLOCK,Z,1.769647,0.8999394
7/5/7/4/3/5/6/5/7 3 3,Z,2,2,BLOCK,Z,0.9055784,0.4064417
7/5/7/6/3/1/6/5/7 3 3,Z,-2,2,BLOCK,Z,1.18217,0.787
7/5/7/6/3/5/4/5/7 3 3,X,2,0,BLOCK,X,0.8256884,0.6177832
7/5/7/6/3/5/6/1/7 3 3,Z,-2,2,BLOCK,Z,1.631078,1.017358
7/1/7/6/3/5/6/3/7 3 3,Z,-2,0,BLOCK,Z,0.3394608,0.1650828
7/5/7/4/3/5/6/3/7 3 3,Z,2.1818181818181818181818181818,2,BLOCK,Z,0.9802243,0.6333141
7/5/7/6/3/1/6/3/7 3 3,Z,-1.7142857142857142857142857142,0,BLOCK,Z,0.897516,0.8994484
7/5/7/6/3/5/4/3/7 3 3,X,2,0,BLOCK,X,0.6321959,0.6860136
7/1/7/6/3/5/6/7/6 3 3,Z,-2.125,0,BLOCK,Z,0.1578797,0.3437395
7/5/7/4/3/5/6/7/6 3 3,Z,2,0,BLOCK,Z,0.8467028,0.3937663
7/5/7/6/3/1/6/7/6 3 3,Z,-2,0,BLOCK,Z,1.049736,0.8702781
7/5/7/6/3/5/4/7/6 3 3,X,1.6,0,BLOCK,X,0.4924619,0.4938363
7/1/7/6/3/5/6/7/5 3 3,Z,-2.125,0,BLOCK,Z,0.202015,0.2420966
7/5/7/4/3/5/6/7/5 3 3,Z,2,0,BLOCK,Z,0.7829311,0.5871529
7/5/7/6/3/1/6/7/5 3 3,Z,-2,0,BLOCK,Z,0.7092827,0.5692113
7/5/7/6/3/5/4/7/5 3 3,X,2,2,BLOCK,X,1.329312,0.8277118
7/1/7/6/3/5/6/7/3 3 3,Z,-2.125,0,BLOCK,Z,0.2128442,0.1802213
7/5/7/4/3/5/6/7/3 3 3,Z,2,0,BLOCK,Z,0.6233326,0.4958583
7/5/7/6/3/1/6/7/3 3 3,Z,-2,0,BLOCK,Z,0.8912351,0.638539
7/5/7/6/3/5/4/7/3 3 3,X,2.4,0,BLOCK,X,1.300545,0.9197123
7/1/7/6/3/5/5/6/7 3 3,Z,-2.25,0,BLOCK,Z,0.4488138,0.4674647
7/5/7/4/3/5/5/6/7 3 3,Z,1.8181818181818181818181818182,2,BLOCK,Z,0.8916491,0.4564222
7/5/7/6/3/1/5/6/7 3 3,Z,-2.2857142857142857142857142858,0,BLOCK,Z,0.5727839,0.5944042
7/5/7/6/3/5/1/6/7 3 3,X,-2,0,BLOCK,X,1.241076,0.9399019
7/5/7/6/3/5/5/4/7 3 3,Z,2,0,BLOCK,Z,0.1394557,0.333618
7/1/7/6/3/5/5/5/7 3 3,Z,-2.125,0,BLOCK,Z,0.8060148,0.3573326
7/5/7/4/3/5/5/5/7 3 3,Z,2,0,BLOCK,Z,0.4594313,0.4446707
7/5/7/6/3/1/5/5/7 3 3,Z,-2,0,BLOCK,Z,0.9995442,0.7742735
7/5/7/6/3/5/1/5/7 3 3,X,-2,0,BLOCK,X,0.5896034,0.7712927
7/5/7/6/3/5/5/1/7 3 3,Z,-2,0,BLOCK,Z,0.09112837,0.1532019
7/1/7/6/3/5/5/3/7 3 3,Z,-2,0,BLOCK,Z,0.5910814,0.3600832
7/5/7/4/3/5/5/3/7 3 3,Z,2.1818181818181818181818181818,0,BLOCK,Z,0.4596326,0.468745
7/5/7/6/3/1/5/3/7 3 3,Z,-1.7142857142857142857142857142,0,BLOCK,Z,0.2137726,0.4464154
7/5/7/6/3/5/1/3/7 3 3,X,-2,0,BLOCK,X,0.6431132,0.7372382
7/1/7/6/3/5/5/7/6 3 3,Z,-2.125,0,BLOCK,Z,0.451797,0.3240099
7/5/7/4/3/5/5/7/6 3 3,Z,2,2,BLOCK,Z,0.9772451,0.548852
7/5/7/6/3/1/5/7/6 3 3,Z,-2,0,BLOCK,Z,1.087602,0.7359841
7/5/7/6/3/5/1/7/6 3 3,X,-2.4,0,BLOCK,X,1.600736,1.072104
7/1/7/6/3/5/5/7/5 3 3,Z,-2.125,0,BLOCK,Z,0.2920242,0.3629211
7/5/7/4/3/5/5/7/5 3 3,Z,2,0,BLOCK,Z,0.430691,0.516425
7/5/7/6/3/1/5/7/5 3 3,Z,-2,0,BLOCK,Z,1.163715,0.789869
7/5/7/6/3/5/1/7/5 3 3,X,-2,0,BLOCK,X,0.7047902,0.7519493
7/1/7/6/3/5/5/7/3 3 3,Z,-2.125,0,BLOCK,Z,0.2720568,0.2647454
7/5/7/4/3/5/5/7/3 3 3,Z,2,2,BLOCK,Z,0.9489934,0.5577175
7/5/7/6/3/1/5/7/3 3 3,Z,-2,0,BLOCK,Z,0.7375016,0.545182
7/5/7/6/3/5/1/7/3 3 3,X,-1.6,0,BLOCK,X,0.6147218,0.6940325
7/1/7/6/3/5/3/6/7 3 3,Z,-2.25,0,BLOCK,Z,0.3693375,0.3645335
7/5/7/4/3/5/3/6/7 3 3,Z,1.8181818181818181818181818182,0,BLOCK,Z,0.3050331,0.3382859
7/5/7/6/3/1/3/6/7 3 3,Z,-2.2857142857142857142857142858,0,BLOCK,Z,0.5523937,0.4934652
7/5/7/6/3/5/3/4/7 3 3,Z,2,0,BLOCK,Z,0.2880071,0.489377
7/1/7/6/3/5/3/5/7 3 3,Z,-2.125,0,BLOCK,Z,0.8094296,0.2643184
7/5/7/4/3/5/3/5/7 3 3,Z,2,0,BLOCK,Z,0.485015,0.4247821
7/5/7/6/3/1/3/5/7 3 3,Z,-2,0,BLOCK,Z,0.4917229,0.5294892
7/5/7/6/3/5/3/1/7 3 3,Z,-2,0,BLOCK,Z,0.02885625,0.09395824
7/1/7/6/3/5/3/3/7 3 3,Z,-2,0,BLOCK,Z,0.2615034,0.5099317
7/5/7/4/3/5/3/3/7 3 3,Z,2.1818181818181818181818181818,2,BLOCK,Z,0.9627902,0.511788
7/5/7/6/3/1/3/3/7 3 3,Z,-1.7142857142857142857142857142,0,BLOCK,Z,0.3660897,0.4497232
7/1/7/6/3/5/3/7/6 3 3,Z,-2.125,2,BLOCK,Z,1.529338,0.7525869
7/5/7/4/3/5/3/7/6 3 3,Z,2,0,BLOCK,Z,0.6817157,0.4338719
7/5/7/6/3/1/3/7/6 3 3,Z,-2,0,BLOCK,Z,0.8766565,0.5842826
7/1/7/6/3/5/3/7/5 3 3,Z,-2.125,0,BLOCK,Z,0.5434183,0.3613129
7/5/7/4/3/5/3/7/5 3 3,Z,2,0,BLOCK,Z,0.388004,0.5281197
7/5/7/6/3/1/3/7/5 3 3,Z,-2,0,BLOCK,Z,0.6056437,0.5882283
7/1/7/6/3/5/3/7/3 3 3,Z,-2.125,2,BLOCK,Z,1.431648,0.6526071
7/5/7/4/3/5/3/7/3 3 3,Z,2,2,BLOCK,Z,0.9509696,0.5946644
7/5/7/6/3/1/3/7/3 3 3,Z,-2,0,BLOCK,Z,0.7345259,0.6035824
7/1/7/6/3/5/7/2/7 3 3,Z,-2.125,0,BLOCK,Z,0.830072,0.600028
7/5/7/4/3/5/7/2/7 3 3,Z,2,2,BLOCK,Z,0.9441237,0.5073718
7/5/7/6/3/1/7/2/7 3 3,Z,-2,0,BLOCK,Z,0.2746152,0.4996646
7/1/7/6/3/5/7/6/6 3 3,Z,-2.25,0,BLOCK,Z,0.4280594,0.3001831
7/5/7/4/3/5/7/6/6 3 3,Z,1.8181818181818181818181818182,0,BLOCK,Z,0.5319796,0.489018
7/5/7/6/3/1/7/6/6 3 3,Z,-2.2857142857142857142857142858,0,BLOCK,Z,1.352695,0.9367281
7/5/7/6/3/5/7/4/6 3 3,Z,2,0,BLOCK,Z,0.3006538,0.432317
7/1/7/6/3/5/7/6/5 3 3,Z,-2.25,0,BLOCK,Z,0.3683828,0.2116531
7/5/7/4/3/5/7/6/5 3 3,Z,1.8181818181818181818181818182,0,BLOCK,Z,0.767862,0.5499589
7/5/7/6/3/1/7/6/5 3 3,Z,-2.2857142857142857142857142858,0,BLOCK,Z,0.5322525,0.320685
7/5/7/6/3/5/7/4/5 3 3,Z,2,0,BLOCK,Z,0.2436674,0.3425528
7/1/7/6/3/5/7/6/3 3 3,Z,-2.25,0,BLOCK,Z,0.5874469,0.4875282
7/5/7/4/3/5/7/6/3 3 3,Z,1.8181818181818181818181818182,0,BLOCK,Z,0.535556,0.4374003
7/5/7/6/3/1/7/6/3 3 3,Z,-2.2857142857142857142857142858,2,BLOCK,Z,1.481985,0.9138931
7/5/7/6/3/5/7/4/3 3 3,Z,2,0,BLOCK,Z,0.1442322,0.3302285
7/1/7/6/3/5/7/5/6 3 3,Z,-2.125,0,BLOCK,Z,0.1767032,0.2997825
7/5/7/4/3/5/7/5/6 3 3,Z,2,0,BLOCK,Z,0.8506718,0.535812
7/5/7/6/3/1/7/5/6 3 3,Z,-2,0,BLOCK,Z,0.7785398,0.5586185
7/5/7/6/3/5/7/1/6 3 3,Z,-2,0,BLOCK,Z,0.3194434,0.3161417
7/1/7/6/3/5/7/5/5 3 3,Z,-2.125,2,BLOCK,Z,1.584808,0.6781457
7/5/7/4/3/5/7/5/5 3 3,Z,2,0,BLOCK,Z,0.3810101,0.4088303
7/5/7/6/3/1/7/5/5 3 3,Z,-2,0,BLOCK,Z,0.9008546,0.6704305
7/5/7/6/3/5/7/1/5 3 3,Z,-2,0,BLOCK,Z,0.472535,0.5402077
7/1/7/6/3/5/7/5/3 3 3,Z,-2.125,0,BLOCK,Z,0.2171302,0.2200688
7/5/7/4/3/5/7/5/3 3 3,Z,2,2,BLOCK,Z,0.943585,0.5407431
7/5/7/6/3/1/7/5/3 3 3,Z,-2,0,BLOCK,Z,0.7143691,0.4686114
7/5/7/6/3/5/7/1/3 3 3,Z,-2,0,BLOCK,Z,0.3251266,0.3231881
7/1/7/6/3/5/7/3/6 3 3,Z,-2,0,BLOCK,Z,0.2047833,0.302865
7/5/7/4/3/5/7/3/6 3 3,Z,2.1818181818181818181818181818,2,BLOCK,Z,1.074006,0.6672108
7/5/7/6/3/1/7/3/6 3 3,Z,-1.7142857142857142857142857142,0,BLOCK,Z,1.181913,0.9136849
7/1/7/6/3/5/7/3/5 3 3,Z,-2,0,BLOCK,Z,0.3602408,0.2696894
7/5/7/4/3/5/7/3/5 3 3,Z,2.1818181818181818181818181818,0,BLOCK,Z,0.6009804,0.5837321
7/5/7/6/3/1/7/3/5 3 3,Z,-1.7142857142857142857142857142,0,BLOCK,Z,0.3228766,0.3877796
7/1/7/6/3/5/7/3/3 3 3,Z,-2,0,BLOCK,Z,0.3605479,0.2945244
7/5/7/4/3/5/7/3/3 3 3,Z,2.1818181818181818181818181818,0,BLOCK,Z,0.4939958,0.4860636
7/5/7/6/3/1/7/3/3 3 3,Z,-1.7142857142857142857142857142,0,BLOCK,Z,1.169105,0.9447805
7/1/7/6/3/5/7/7/4 3 3,Z,-2.125,0,BLOCK,Z,0.3934493,0.2960586
7/5/7/4/3/5/7/7/4 3 3,Z,2,0,BLOCK,Z,0.6209797,0.5225868
7/5/7/6/3/1/7/7/4 3 3,Z,-2,0,BLOCK,Z,0.9013045,0.6799232
7/1/7/6/3/5/7/7/2 3 3,Z,-2.125,0,BLOCK,Z,0.3124381,0.2721613
7/5/7/4/3/5/7/7/2 3 3,Z,2,0,BLOCK,Z,0.4001539,0.496371
7/5/7/6/3/1/7/7/2 3 3,Z,-2,0,BLOCK,Z,0.6284123,0.377337
7/1/7/6/3/5/7/7/1 3 3,Z,-2.125,0,BLOCK,Z,0.01722871,0.1772855
7/5/7/4/3/5/7/7/1 3 3,Z,2,0,BLOCK,Z,0.8355126,0.5588967
7/5/7/6/3/1/7/7/1 3 3,Z,-2,0,BLOCK,Z,0.6438465,0.4479743
7/1/7/6/3/3/2/7/7 3 3,Z,-2,0,BLOCK,Z,0.09096184,0.2454626
7/5/7/4/3/3/2/7/7 3 3,Z,2.1818181818181818181818181818,2,BLOCK,Z,1.353519,0.7690191
7/1/7/6/3/3/6/6/7 3 3,Z,-2.125,0,BLOCK,Z,0.3033904,0.2865303
7/5/7/4/3/3/6/6/7 3 3,Z,2,2,BLOCK,Z,1.431621,0.7075909
7/5/7/6/3/3/4/6/7 3 3,X,2,0,BLOCK,X,1.272778,0.8561951
7/5/7/6/3/3/6/4/7 3 3,Z,2,0,BLOCK,Z,0.4785965,0.5089256
7/1/7/6/3/3/6/5/7 3 3,Z,-2,0,BLOCK,Z,0.5215819,0.3889877
7/5/7/4/3/3/6/5/7 3 3,Z,2.1818181818181818181818181818,0,BLOCK,Z,0.4014621,0.5111286
7/5/7/6/3/3/4/5/7 3 3,X,2,0,BLOCK,X,0.6477047,0.5663257
7/5/7/6/3/3/6/1/7 3 3,Z,-2,0,BLOCK,Z,0.4048915,0.3780895
7/1/7/6/3/3/6/3/7 3 3,Z,-1.8749999999999999999999999998,0,BLOCK,Z,0.1526313,0.3708208
7/5/7/4/3/3/6/3/7 3 3,Z,2.3636363636363636363636363638,0,BLOCK,Z,0.6096539,0.7788764
7/5/7/6/3/3/4/3/7 3 3,X,2,0,BLOCK,X,0.6838244,0.6092766
7/1/7/6/3/3/6/7/6 3 3,Z,-2,2,BLOCK,Z,1.757133,0.8272512
7/5/7/4/3/3/6/7/6 3 3,Z,2.1818181818181818181818181818,2,BLOCK,Z,1.229109,0.8793439
7/5/7/6/3/3/4/7/6 3 3,X,1.6,0,BLOCK,X,0.3917314,0.4088831
7/1/7/6/3/3/6/7/5 3 3,Z,-2,2,BLOCK,Z,1.636389,0.7388254
7/5/7/4/3/3/6/7/5 3 3,Z,2.1818181818181818181818181818,0,BLOCK,Z,0.3397935,0.6262191
7/5/7/6/3/3/4/7/5 3 3,X,2,2,BLOCK,X,1.353933,0.8403197
7/1/7/6/3/3/6/7/3 3 3,Z,-2,0,BLOCK,Z,0.1589684,0.269539
7/5/7/4/3/3/6/7/3 3 3,Z,2.1818181818181818181818181818,0,BLOCK,Z,0.1550091,0.3091296
7/5/7/6/3/3/4/7/3 3 3,X,2.4,0,BLOCK,X,0.7825607,0.6864908
7/1/7/6/3/3/5/6/7 3 3,Z,-2.125,0,BLOCK,Z,0.2312155,0.0882768
7/5/7/4/3/3/5/6/7 3 3,Z,2,2,BLOCK,Z,1.397474,0.9204226
7/5/7/6/3/3/1/6/7 3 3,X,-2,0,BLOCK,X,0.6278149,0.7507396
7/5/7/6/3/3/5/4/7 3 3,Z,2,0,BLOCK,Z,1.443464,0.9942681
7/1/7/6/3/3/5/5/7 3 3,Z,-2,0,BLOCK,Z,0.3882836,0.1396527
7/5/7/4/3/3/5/5/7 3 3,Z,2.1818181818181818181818181818,0,BLOCK,Z,0.7880628,0.8362805
7/5/7/6/3/3/1/5/7 3 3,X,-2,2,BLOCK,X,1.370627,1.067959
7/5/7/6/3/3/5/1/7 3 3,Z,-2,0,BLOCK,Z,1.535676,0.9297349
7/1/7/6/3/3/5/3/7 3 3,Z,-1.8749999999999999999999999998,0,BLOCK,Z,0.07511185,0.206645
7/5/7/4/3/3/5/3/7 3 3,Z,2.3636363636363636363636363638,2,BLOCK,Z,1.181066,0.7324485
7/5/7/6/3/3/1/3/7 3 3,X,-2,0,BLOCK,X,0.5991492,0.7316002
7/1/7/6/3/3/5/7/6 3 3,Z,-2,0,BLOCK,Z,0.3531056,0.1626282
7/5/7/4/3/3/5/7/6 3 3,Z,2.1818181818181818181818181818,0,BLOCK,Z,0.4919916,0.7502852
7/5/7/6/3/3/1/7/6 3 3,X,-2.4,0,BLOCK,X,0.7852869,0.8601671
7/1/7/6/3/3/5/7/5 3 3,Z,-2,2,BLOCK,Z,1.837428,0.9643001
7/5/7/4/3/3/5/7/5 3 3,Z,2.1818181818181818181818181818,0,BLOCK,Z,0.5899872,0.7088808
7/5/7/6/3/3/1/7/5 3 3,X,-2,0,BLOCK,X,0.5260968,0.7099427
7/1/7/6/3/3/5/7/3 3 3,Z,-2,0,BLOCK,Z,0.1168922,0.2458842
7/5/7/4/3/3/5/7/3 3 3,Z,2.1818181818181818181818181818,0,BLOCK,Z,0.3855454,0.5986816
7/5/7/6/3/3/1/7/3 3 3,X,-1.6,0,BLOCK,X,0.494764,0.5924105
7/1/7/6/3/3/3/6/7 3 3,Z,-2.125,2,BLOCK,Z,1.5668,0.7688826
7/5/7/4/3/3/3/6/7 3 3,Z,2,0,BLOCK,Z,0.4441584,0.60735
7/5/7/6/3/3/3/4/7 3 3,Z,2,0,BLOCK,Z,0.690607,0.7246343
7/1/7/6/3/3/3/5/7 3 3,Z,-2,2,BLOCK,Z,1.640338,0.7879969
7/5/7/4/3/3/3/5/7 3 3,Z,2.1818181818181818181818181818,0,BLOCK,Z,0.533444,0.670471
7/5/7/6/3/3/3/1/7 3 3,Z,-2,0,BLOCK,Z,1.613209,1.01607
7/1/7/6/3/3/3/3/7 3 3,Z,-1.8749999999999999999999999998,2,BLOCK,Z,1.911291,1.079877
7/5/7/4/3/3/3/3/7 3 3,Z,2.3636363636363636363636363638,0,BLOCK,Z,0.2294189,0.4159472
7/1/7/6/3/3/3/7/6 3 3,Z,-2,0,BLOCK,Z,0.6584301,0.582944
7/5/7/4/3/3/3/7/6 3 3,Z,2.1818181818181818181818181818,0,BLOCK,Z,0.61295,0.6565455
7/1/7/6/3/3/3/7/5 3 3,Z,-2,0,BLOCK,Z,0.4808382,0.09386015
7/5/7/4/3/3/3/7/5 3 3,Z,2.1818181818181818181818181818,0,BLOCK,Z,0.539598,0.6663739
7/1/7/6/3/3/3/7/3 3 3,Z,-2,0,BLOCK,Z,0.2784337,0.3785309
7/5/7/4/3/3/3/7/3 3 3,Z,2.1818181818181818181818181818,0,BLOCK,Z,0.6321119,0.7584738
7/1/7/6/3/3/7/2/7 3 3,Z,-2,0,BLOCK,Z,0.1807802,0.2482118
7/5/7/4/3/3/7/2/7 3 3,Z,2.1818181818181818181818181818,0,BLOCK,Z,0.4299972,0.546294
7/1/7/6/3/3/7/6/6 3 3,Z,-2.125,0,BLOCK,Z,0.1120692,0.310801
7/5/7/4/3/3/7/6/6 3 3,Z,2,0,BLOCK,Z,0.3625126,0.567178
7/5/7/6/3/3/7/4/6 3 3,Z,2,0,BLOCK,Z,0.4219922,0.4361717
7/1/7/6/3/3/7/6/5 3 3,Z,-2.125,0,BLOCK,Z,0.6715556,0.5363939
7/5/7/4/3/3/7/6/5 3 3,Z,2,2,BLOCK,Z,1.3505,0.8266289
7/5/7/6/3/3/7/4/5 3 3,Z,2,0,BLOCK,Z,0.6757233,0.6947332
7/1/7/6/3/3/7/6/3 3 3,Z,-2.125,0,BLOCK,Z,0.2450781,0.09395588
7/5/7/4/3/3/7/6/3 3 3,Z,2,0,BLOCK,Z,0.5837572,0.7514018
7/5/7/6/3/3/7/4/3 3 3,Z,2,0,BLOCK,Z,1.013362,0.7405482
7/1/7/6/3/3/7/5/6 3 3,Z,-2,0,BLOCK,Z,0.4034808,0.3139841
7/5/7/4/3/3/7/5/6 3 3,Z,2.1818181818181818181818181818,0,BLOCK,Z,0.270321,0.4846774
7/5/7/6/3/3/7/1/6 3 3,Z,-2,0,BLOCK,Z,0.5823511,0.5451854
7/1/7/6/3/3/7/5/5 3 3,Z,-2,2,BLOCK,Z,1.511725,0.6621004
7/5/7/4/3/3/7/5/5 3 3,Z,2.1818181818181818181818181818,0,BLOCK,Z,0.2103883,0.3942048
7/5/7/6/3/3/7/1/5 3 3,Z,-2,0,BLOCK,Z,0.3628953,0.3058722
7/1/7/6/3/3/7/5/3 3 3,Z,-2,0,BLOCK,Z,0.1274849,0.3203747
7/5/7/4/3/3/7/5/3 3 3,Z,2.1818181818181818181818181818,0,BLOCK,Z,0.2491076,0.4532265
7/5/7/6/3/3/7/1/3 3 3,Z,-2,0,BLOCK,Z,0.3159336,0.2933443
7/1/7/6/3/3/7/3/6 3 3,Z,-1.8749999999999999999999999998,0,BLOCK,Z,0.1431116,0.3941992
7/5/7/4/3/3/7/3/6 3 3,Z,2.3636363636363636363636363638,0,BLOCK,Z,0.8717674,0.6865239
7/1/7/6/3/3/7/3/5 3 3,Z,-1.8749999999999999999999999998,2,BLOCK,Z,1.725529,0.8783202
7/5/6/6/3/3/7/3/5 3 3,Z,0.6818181818181818181818181819,302,TIMEOUT,Z,0.01679906,0.007649553
7/5/7/4/3/3/7/3/5 3 3,Z,2.3636363636363636363636363638,2,BLOCK,Z,1.200219,0.6775544
7/1/7/6/3/3/7/3/3 3 3,Z,-1.8749999999999999999999999998,0,BLOCK,Z,0.1666042,0.3225804
7/5/6/6/3/3/7/3/3 3 3,Z,0.6818181818181818181818181819,302,TIMEOUT,Z,0.01181869,0.005670714
7/5/7/4/3/3/7/3/3 3 3,Z,2.3636363636363636363636363638,0,BLOCK,Z,0.284497,0.4807362
7/1/7/6/3/3/7/7/4 3 3,Z,-2,0,BLOCK,Z,0.1561787,0.327572
7/5/7/4/3/3/7/7/4 3 3,Z,2.1818181818181818181818181818,0,BLOCK,Z,0.7497057,0.51085
7/1/7/6/3/3/7/7/2 3 3,Z,-2,0,BLOCK,Z,0.4019148,0.5519662
7/5/7/4/3/3/7/7/2 3 3,Z,2.1818181818181818181818181818,0,BLOCK,Z,0.2021972,0.5257654
7/1/7/6/3/3/7/7/1 3 3,Z,-2,0,BLOCK,Z,0.1602724,0.3944981
7/5/7/4/3/3/7/7/1 3 3,Z,2.1818181818181818181818181818,0,BLOCK,Z,0.2879428,0.5049924
7/1/7/6/3/7/2/6/7 3 3,Z,-2.25,2,BLOCK,Z,1.477356,0.5930367
7/5/7/4/3/7/2/6/7 3 3,Z,1.8181818181818181818181818182,0,BLOCK,Z,0.740009,0.5565674
7/5/7/6/3/7/2/4/7 3 3,Z,2,0,BLOCK,Z,1.605129,1.051834
7/1/7/6/3/7/2/5/7 3 3,Z,-2.125,2,BLOCK,Z,1.554912,0.6625432
7/5/7/4/3/7/2/5/7 3 3,Z,2,2,BLOCK,Z,0.9267945,0.533096
7/5/7/6/3/7/2/1/7 3 3,Z,-2,0,BLOCK,Z,1.676892,0.9705545
7/1/7/6/3/7/2/3/7 3 3,Z,-2,2,BLOCK,Z,1.684459,0.8735648
7/5/7/4/3/7/2/3/7 3 3,Z,2.1818181818181818181818181818,0,BLOCK,Z,0.7421735,0.5859678
7/1/7/6/3/7/2/7/6 3 3,Z,-2.125,0,BLOCK,Z,0.1517301,0.2547633
7/5/7/4/3/7/2/7/6 3 3,Z,2,2,BLOCK,Z,0.9741759,0.5681856
7/1/7/6/3/7/2/7/5 3 3,Z,-2.125,0,BLOCK,Z,0.6321278,0.3573174
7/5/7/4/3/7/2/7/5 3 3,Z,2,0,BLOCK,Z,0.7101524,0.5534592
7/1/7/6/3/7/2/7/3 3 3,Z,-2.125,0,BLOCK,Z,0.264085,0.3389908
7/5/7/4/3/7/2/7/3 3 3,Z,2,0,BLOCK,Z,0.6793967,0.6668793
7/1/7/6/3/7/6/2/7 3 3,Z,-2.125,0,BLOCK,Z,0.6230191,0.1762645
7/5/7/4/3/7/6/2/7 3 3,Z,2,0,BLOCK,Z,0.5382458,0.4510897
7/5/7/6/3/7/4/2/7 3 3,X,2,0,BLOCK,X,0.566081,0.5528143
7/1/7/6/3/7/6/6/6 3 3,Z,-2.25,0,BLOCK,Z,0.4258317,0.3477878
7/5/7/4/3/7/6/6/6 3 3,Z,1.8181818181818181818181818182,0,BLOCK,Z,0.7656422,0.4951795
7/5/7/6/3/7/4/6/6 3 3,X,1.5,0,BLOCK,X,0.6550074,0.5417787
7/5/7/6/3/7/6/4/6 3 3,Z,2,0,BLOCK,Z,0.5124377,0.6330222
7/1/7/6/3/7/6/6/5 3 3,Z,-2.25,0,BLOCK,Z,0.3899059,0.3882152
7/5/7/4/3/7/6/6/5 3 3,Z,1.8181818181818181818181818182,0,BLOCK,Z,0.6289375,0.5689313
7/5/7/6/3/7/4/6/5 3 3,X,2,0,BLOCK,X,0.5117681,0.6163067
7/5/7/6/3/7/6/4/5 3 3,Z,2,0,BLOCK,Z,1.73212,1.045045
7/1/7/6/3/7/6/6/3 3 3,Z,-2.25,0,BLOCK,Z,0.1254928,0.2909127
7/5/7/4/3/7/6/6/3 3 3,Z,1.8181818181818181818181818182,0,BLOCK,Z,0.629108,0.4623241
7/5/7/6/3/7/4/6/3 3 3,X,2.5,0,BLOCK,X,0.947742,1.03696
7/5/7/6/3/7/6/4/3 3 3,Z,2,0,BLOCK,Z,0.1407963,0.2381674
7/1/7/6/3/7/6/5/6 3 3,Z,-2.125,2,BLOCK,Z,1.54523,0.8117749
7/5/7/4/3/7/6/5/6 3 3,Z,2,0,BLOCK,Z,0.6470997,0.4113831
7/5/7/6/3/7/4/5/6 3 3,X,1.5,0,BLOCK,X,0.5106539,0.4493459
7/5/7/6/3/7/6/1/6 3 3,Z,-2,0,BLOCK,Z,0.4843713,0.5565441
7/1/7/6/3/7/6/5/5 3 3,Z,-2.125,0,BLOCK,Z,0.3268148,0.4899129
7/5/7/4/3/7/6/5/5 3 3,Z,2,0,BLOCK,Z,0.08243813,0.1309313
7/5/7/6/3/7/4/5/5 3 3,X,2,0,BLOCK,X,0.5837937,0.6277727
7/5/7/6/3/7/6/1/5 3 3,Z,-2,0,BLOCK,Z,0.1032572,0.1718437
7/1/7/6/3/7/6/5/3 3 3,Z,-2.125,0,BLOCK,Z,0.2969878,0.2409856
7/5/7/4/3/7/6/5/3 3 3,Z,2,0,BLOCK,Z,0.684073,0.6245716
7/5/7/6/3/7/4/5/3 3 3,X,2.5,0,BLOCK,X,0.6668393,0.7674609
7/5/7/6/3/7/6/1/3 3 3,Z,-2,0,BLOCK,Z,1.113265,0.4412414
7/1/7/6/3/7/6/3/6 3 3,Z,-2,0,BLOCK,Z,0.1318109,0.2506477
7/5/7/4/3/7/6/3/6 3 3,Z,2.1818181818181818181818181818,0,BLOCK,Z,1.027961,0.5577354
7/5/7/6/3/7/4/3/6 3 3,X,1.5,0,BLOCK,X,1.20086,0.731016
7/1/7/6/3/7/6/3/5 3 3,Z,-2,0,BLOCK,Z,0.2998049,0.2613899
7/5/7/4/3/7/6/3/5 3 3,Z,2.1818181818181818181818181818,2,BLOCK,Z,0.9589487,0.6215681
7/5/7/6/3/7/4/3/5 3 3,X,2,0,BLOCK,X,0.5227664,0.6105818
7/1/7/6/3/7/6/3/3 3 3,Z,-2,2,BLOCK,Z,1.601403,0.9187779
7/5/7/4/3/7/6/3/3 3 3,Z,2.1818181818181818181818181818,0,BLOCK,Z,0.9033454,0.6750533
7/5/7/6/3/7/4/3/3 3 3,X,2.5,0,BLOCK,X,1.108832,0.8288794
7/1/7/6/3/7/6/7/4 3 3,Z,-2.125,0,BLOCK,Z,0.3057919,0.1123909
7/5/7/4/3/7/6/7/4 3 3,Z,2,2,BLOCK,Z,0.8698817,0.6117162
7/5/7/6/3/7/4/7/4 3 3,X,1.5,0,BLOCK,X,0.7146924,0.537633
7/1/7/6/3/7/6/7/2 3 3,Z,-2.125,0,BLOCK,Z,0.1764186,0.2899607
7/5/7/4/3/7/6/7/2 3 3,Z,2,0,BLOCK,Z,0.6629297,0.6095704
7/5/7/6/3/7/4/7/2 3 3,X,2,0,BLOCK,X,0.4933732,0.5581958
7/1/7/6/3/7/6/7/1 3 3,Z,-2.125,0,BLOCK,Z,0.3705056,0.1513699
7/5/7/4/3/7/6/7/1 3 3,Z,2,0,BLOCK,Z,0.716204,0.5873634
7/5/7/6/3/7/4/7/1 3 3,X,2.5,0,BLOCK,X,0.482419,0.6205363
7/1/7/6/3/7/5/2/7 3 3,Z,-2.125,0,BLOCK,Z,0.6311617,0.5072867
7/5/7/4/3/7/5/2/7 3 3,Z,2,0,BLOCK,Z,0.6703028,0.5272509
7/5/7/6/3/7/1/2/7 3 3,X,-2,0,BLOCK,X,0.5281589,0.7133595
7/1/7/6/3/7/5/6/6 3 3,Z,-2.25,0,BLOCK,Z,0.5423574,0.4812959
7/5/7/4/3/7/5/6/6 3 3,Z,1.8181818181818181818181818182,0,BLOCK,Z,0.7834323,0.5334381
7/5/7/6/3/7/1/6/6 3 3,X,-2.5,2,BLOCK,X,1.650111,0.9547712
7/5/7/6/3/7/5/4/6 3 3,Z,2,0,BLOCK,Z,1.665567,1.087083
7/1/7/6/3/7/5/6/5 3 3,Z,-2.25,0,BLOCK,Z,0.1153255,0.1597019
7/5/7/4/3/7/5/6/5 3 3,Z,1.8181818181818181818181818182,0,BLOCK,Z,0.5937786,0.5373124
7/5/7/6/3/7/1/6/5 3 3,X,-2,2,BLOCK,X,1.335942,0.7766089
7/5/7/6/3/7/5/4/5 3 3,Z,2,0,BLOCK,Z,0.2460616,0.429429
7/1/7/6/3/7/5/6/3 3 3,Z,-2.25,0,BLOCK,Z,0.1672681,0.1193524
7/5/7/4/3/7/5/6/3 3 3,Z,1.8181818181818181818181818182,0,BLOCK,Z,0.4853111,0.588475
7/5/7/6/3/7/1/6/3 3 3,X,-1.5,0,BLOCK,X,0.3702201,0.5397243
7/5/7/6/3/7/5/4/3 3 3,Z,2,0,BLOCK,Z,0.8287327,0.5239305
7/1/7/6/3/7/5/5/6 3 3,Z,-2.125,2,BLOCK,Z,1.530701,0.68284
7/5/7/4/3/7/5/5/6 3 3,Z,2,0,BLOCK,Z,0.9163767,0.625667
7/5/7/6/3/7/1/5/6 3 3,X,-2.5,0,BLOCK,X,0.7546397,0.8918476
7/5/7/6/3/7/5/1/6 3 3,Z,-2,2,BLOCK,Z,1.574705,0.9526619
7/1/7/6/3/7/5/5/5 3 3,Z,-2.125,0,BLOCK,Z,0.3136228,0.2470699
7/5/7/4/3/7/5/5/5 3 3,Z,2,0,BLOCK,Z,0.4341956,0.546409
7/5/7/6/3/7/1/5/5 3 3,X,-2,0,BLOCK,X,0.5838264,0.6781304
7/5/7/6/3/7/5/1/5 3 3,Z,-2,0,BLOCK,Z,0.125792,0.1908255
7/1/7/6/3/7/5/5/3 3 3,Z,-2.125,0,BLOCK,Z,0.6299102,0.3684189
7/5/7/4/3/7/5/5/3 3 3,Z,2,0,BLOCK,Z,0.5691195,0.5760893
7/5/7/6/3/7/1/5/3 3 3,X,-1.5,0,BLOCK,X,0.563121,0.6599502
7/5/7/6/3/7/5/1/3 3 3,Z,-2,0,BLOCK,Z,0.4085988,0.3464413
7/1/7/6/3/7/5/3/6 3 3,Z,-2,2,BLOCK,Z,1.749747,0.8292732
7/5/7/4/3/7/5/3/6 3 3,Z,2.1818181818181818181818181818,0,BLOCK,Z,0.663274,0.6439188
7/5/7/6/3/7/1/3/6 3 3,X,-2.5,0,BLOCK,X,0.6772293,0.8277621
7/1/7/6/3/7/5/3/5 3 3,Z,-2,2,BLOCK,Z,1.556914,0.6396997
7/5/7/4/3/7/5/3/5 3 3,Z,2.1818181818181818181818181818,0,BLOCK,Z,0.4944256,0.5628487
7/5/7/6/3/7/1/3/5 3 3,X,-2,0,BLOCK,X,1.463601,0.8753453
7/1/7/6/3/7/5/3/3 3 3,Z,-2,0,BLOCK,Z,0.4036862,0.4862498
7/5/7/4/3/7/5/3/3 3 3,Z,2.1818181818181818181818181818,0,BLOCK,Z,0.4483577,0.5458755
7/5/7/6/3/7/1/3/3 3 3,X,-1.5,0,BLOCK,X,0.5058119,0.6147244
7/1/7/6/3/7/5/7/4 3 3,Z,-2.125,0,BLOCK,Z,0.6053047,0.4714453
7/5/7/4/3/7/5/7/4 3 3,Z,2,2,BLOCK,Z,1.017129,0.6309031
7/5/7/6/3/7/1/7/4 3 3,X,-2.5,2,BLOCK,X,1.671599,1.052106
7/1/7/6/3/7/5/7/2 3 3,Z,-2.125,0,BLOCK,Z,0.5354822,0.4642477
7/5/7/4/3/7/5/7/2 3 3,Z,2,2,BLOCK,Z,1.003419,0.5691345
7/5/7/6/3/7/1/7/2 3 3,X,-2,0,BLOCK,X,0.4464951,0.6058396
7/1/7/6/3/7/5/7/1 3 3,Z,-2.125,0,BLOCK,Z,0.6228251,0.2903751
7/5/7/4/3/7/5/7/1 3 3,Z,2,0,BLOCK,Z,0.4413456,0.568023
7/5/7/6/3/7/1/7/1 3 3,X,-1.5,0,BLOCK,X,0.5156211,0.5623278
7/1/7/6/3/7/3/2/7 3 3,Z,-2.125,0,BLOCK,Z,0.566305,0.2838441
7/5/7/4/3/7/3/2/7 3 3,Z,2,0,BLOCK,Z,0.5288207,0.4687657
7/1/7/6/3/7/3/6/6 3 3,Z,-2.25,0,BLOCK,Z,0.4049949,0.4198954
7/5/7/4/3/7/3/6/6 3 3,Z,1.8181818181818181818181818182,2,BLOCK,Z,0.9296942,0.5513902
7/5/7/6/3/7/3/4/6 3 3,Z,2,0,BLOCK,Z,0.3379525,0.4745583
7/1/7/6/3/7/3/6/5 3 3,Z,-2.25,0,BLOCK,Z,0.4291514,0.3166841
7/5/7/4/3/7/3/6/5 3 3,Z,1.8181818181818181818181818182,2,BLOCK,Z,0.9492312,0.5691677
7/5/7/6/3/7/3/4/5 3 3,Z,2,0,BLOCK,Z,0.1724838,0.2965733
7/1/7/6/3/7/3/6/3 3 3,Z,-2.25,2,BLOCK,Z,1.420971,0.7132308
7/5/7/4/3/7/3/6/3 3 3,Z,1.8181818181818181818181818182,0,BLOCK,Z,0.636777,0.5517564
7/5/7/6/3/7/3/4/3 3 3,Z,2,2,BLOCK,Z,1.618269,1.008596
7/1/7/6/3/7/3/5/6 3 3,Z,-2.125,0,BLOCK,Z,0.4402909,0.1481354
7/5/7/4/3/7/3/5/6 3 3,Z,2,0,BLOCK,Z,0.8033085,0.5431845
7/5/7/6/3/7/3/1/6 3 3,Z,-2,0,BLOCK,Z,1.632067,0.9919108
7/1/7/6/3/7/3/5/5 3 3,Z,-2.125,0,BLOCK,Z,0.3446625,0.2665536
7/5/7/4/3/7/3/5/5 3 3,Z,2,0,BLOCK,Z,0.4754235,0.5611053
7/5/7/6/3/7/3/1/5 3 3,Z,-2,0,BLOCK,Z,1.008616,0.4810229
7/1/7/6/3/7/3/5/3 3 3,Z,-2.125,0,BLOCK,Z,0.3242571,0.2882986
7/5/7/4/3/7/3/5/3 3 3,Z,2,2,BLOCK,Z,0.9658296,0.5831331
7/5/7/6/3/7/3/1/3 3 3,Z,-2,0,BLOCK,Z,0.0782745,0.1961118
7/1/7/6/3/7/3/3/6 3 3,Z,-2,2,BLOCK,Z,1.779518,1.287918
7/5/7/4/3/7/3/3/6 3 3,Z,2.1818181818181818181818181818,2,BLOCK,Z,1.06089,0.6164663
7/1/7/6/3/7/3/3/5 3 3,Z,-2,0,BLOCK,Z,0.2997678,0.2964654
7/5/7/4/3/7/3/3/5 3 3,Z,2.1818181818181818181818181818,0,BLOCK,Z,0.5711457,0.578124
7/1/7/6/3/7/3/3/3 3 3,Z,-2,0,BLOCK,Z,0.2562182,0.1699265
7/5/7/4/3/7/3/3/3 3 3,Z,2.1818181818181818181818181818,0,BLOCK,Z,0.7345176,0.6359082
7/1/7/6/3/7/3/7/4 3 3,Z,-2.125,0,BLOCK,Z,0.3609273,0.23319
7/5/7/4/3/7/3/7/4 3 3,Z,2,0,BLOCK,Z,0.5197091,0.5106437
7/1/7/6/3/7/3/7/2 3 3,Z,-2.125,0,BLOCK,Z,0.1177053,0.04686401
7/5/7/4/3/7/3/7/2 3 3,Z,2,0,BLOCK,Z,0.7523513,0.6116409
7/1/7/6/3/7/3/7/1 3 3,Z,-2.125,0,BLOCK,Z,0.1777612,0.2363171
7/5/7/4/3/7/3/7/1 3 3,Z,2,0,BLOCK,Z,0.8908269,0.5117239
7/1/7/6/3/7/7/2/6 3 3,Z,-2.125,2,BLOCK,Z,1.747475,0.6991671
7/5/7/4/3/7/7/2/6 3 3,Z,2,0,BLOCK,Z,0.7132373,0.6525806
7/1/7/6/3/7/7/2/5 3 3,Z,-2.125,2,BLOCK,Z,1.579757,0.8884835
7/5/7/4/3/7/7/2/5 3 3,Z,2,2,BLOCK,Z,1.050066,0.6501775
7/1/7/6/3/7/7/2/3 3 3,Z,-2.125,2,BLOCK,Z,1.373609,0.8832821
7/5/7/4/3/7/7/2/3 3 3,Z,2,2,BLOCK,Z,0.9989413,0.6373788
7/1/7/6/3/7/7/6/4 3 3,Z,-2.25,2,BLOCK,Z,1.329371,0.6304277
7/5/7/4/3/7/7/6/4 3 3,Z,1.8181818181818181818181818182,0,BLOCK,Z,0.5314858,0.5640993
7/5/7/6/3/7/7/4/4 3 3,Z,2,0,BLOCK,Z,0.1066481,0.2549051
7/1/7/6/3/7/7/6/2 3 3,Z,-2.25,0,BLOCK,Z,0.3907041,0.4922059
7/5/7/4/3/7/7/6/2 3 3,Z,1.8181818181818181818181818182,0,BLOCK,Z,0.6722745,0.6370943
7/5/7/6/3/7/7/4/2 3 3,Z,2,0,BLOCK,Z,0.4429536,0.5198459
7/1/7/6/3/7/7/6/1 3 3,Z,-2.25,0,BLOCK,Z,0.3265634,0.3814408
7/5/7/4/3/7/7/6/1 3 3,Z,1.8181818181818181818181818182,0,BLOCK,Z,0.4117144,0.433761
7/5/7/6/3/7/7/4/1 3 3,Z,2,0,BLOCK,Z,0.2754591,0.3959946
7/1/7/6/3/7/7/5/4 3 3,Z,-2.125,0,BLOCK,Z,0.2969311,0.4378157
7/5/7/4/3/7/7/5/4 3 3,Z,2,0,BLOCK,Z,0.6303236,0.5519895
7/5/7/6/3/7/7/1/4 3 3,Z,-2,0,BLOCK,Z,0.1750334,0.2728832
7/1/7/6/3/7/7/5/2 3 3,Z,-2.125,2,BLOCK,Z,1.570458,0.6834451
7/5/7/4/3/7/7/5/2 3 3,Z,2,0,BLOCK,Z,0.3361763,0.508671
7/5/7/6/3/7/7/1/2 3 3,Z,-2,0,BLOCK,Z,0.3444307,0.3617671
7/1/7/6/3/7/7/5/1 3 3,Z,-2.125,0,BLOCK,Z,0.08966063,0.1580185
7/5/7/4/3/7/7/5/1 3 3,Z,2,2,BLOCK,Z,1.001679,0.5847565
7/5/7/6/3/7/7/1/1 3 3,Z,-2,0,BLOCK,Z,0.06898574,0.1381911
7/1/7/6/3/7/7/3/4 3 3,Z,-2,0,BLOCK,Z,0.2261406,0.3665326
7/5/7/4/3/7/7/3/4 3 3,Z,2.1818181818181818181818181818,2,BLOCK,Z,1.074774,0.7391212
7/1/7/6/3/7/7/3/2 3 3,Z,-2,0,BLOCK,Z,0.481285,0.4468158
7/5/7/4/3/7/7/3/2 3 3,Z,2.1818181818181818181818181818,0,BLOCK,Z,0.4328555,0.7712099
7/1/7/6/3/7/7/3/1 3 3,Z,-2,2,BLOCK,Z,1.658861,1.252325
7/5/7/4/3/7/7/3/1 3 3,Z,2.1818181818181818181818181818,0,BLOCK,Z,0.6492559,0.5844259
7/1/7/6/7/2/2/7/7 3 3,Z,-2.125,0,BLOCK,Z,0.04920505,0.232477
7/5/7/4/7/2/2/7/7 3 3,Z,2,2,BLOCK,Z,1.30691,0.8062257
7/1/7/6/7/2/6/6/7 3 3,Z,-2.25,0,BLOCK,Z,0.05612615,0.1078033
7/5/7/4/7/2/6/6/7 3 3,Z,1.8181818181818181818181818182,0,BLOCK,Z,0.1721146,0.2212574
7/5/7/6/7/2/4/6/7 3 3,X,2,0,BLOCK,X,1.250996,0.9479112
7/5/7/6/7/2/6/4/7 3 3,Z,2,0,BLOCK,Z,0.9621185,0.7136209
7/1/7/6/7/2/6/5/7 3 3,Z,-2.125,0,BLOCK,Z,0.4501207,0.3845341
7/5/7/4/7/2/6/5/7 3 3,Z,2,0,BLOCK,Z,0.2766154,0.2731983
7/5/7/6/7/2/4/5/7 3 3,X,2,0,BLOCK,X,1.388913,0.8312828
7/5/7/6/7/2/6/1/7 3 3,Z,-2,0,BLOCK,Z,0.9854456,0.6884125
7/1/7/6/7/2/6/3/7 3 3,Z,-2,2,BLOCK,Z,2.076852,1.096761
7/5/7/4/7/2/6/3/7 3 3,Z,2.1818181818181818181818181818,0,BLOCK,Z,0.138776,0.2264496
7/5/7/6/7/2/4/3/7 3 3,X,2,0,BLOCK,X,1.264002,0.8744158
7/1/7/6/7/2/6/7/6 3 3,Z,-2.125,0,BLOCK,Z,0.5419869,0.4467685
7/5/7/4/7/2/6/7/6 3 3,Z,2,2,BLOCK,Z,1.203922,0.7297189
7/5/7/6/7/2/4/7/6 3 3,X,1.6,0,BLOCK,X,1.136111,0.8023431
7/1/7/6/7/2/6/7/5 3 3,Z,-2.125,0,BLOCK,Z,0.5535917,0.3407283
7/5/7/4/7/2/6/7/5 3 3,Z,2,2,BLOCK,Z,1.104065,0.6661383
7/5/7/6/7/2/4/7/5 3 3,X,2,0,BLOCK,X,0.7367117,0.6559498
7/1/7/6/7/2/6/7/3 3 3,Z,-2.125,0,BLOCK,Z,0.1976454,0.1542164
7/5/7/4/7/2/6/7/3 3 3,Z,2,2,BLOCK,Z,1.398394,0.9192478
7/5/7/6/7/2/4/7/3 3 3,X,2.4,0,BLOCK,X,0.4465266,0.66186
7/1/7/6/7/2/5/6/7 3 3,Z,-2.25,0,BLOCK,Z,0.5185907,0.3244032
7/5/7/4/7/2/5/6/7 3 3,Z,1.8181818181818181818181818182,0,BLOCK,Z,0.2829744,0.5118747
7/5/7/6/7/2/1/6/7 3 3,X,-2,0,BLOCK,X,0.6692299,0.6894081
7/5/7/6/7/2/5/4/7 3 3,Z,2,0,BLOCK,Z,0.4489957,0.4385385
7/1/7/6/7/2/5/5/7 3 3,Z,-2.125,0,BLOCK,Z,0.6596244,0.5062712
7/5/7/4/7/2/5/5/7 3 3,Z,2,0,BLOCK,Z,0.2233503,0.2370225
7/5/7/6/7/2/1/5/7 3 3,X,-2,0,BLOCK,X,0.691457,0.7582268
7/5/7/6/7/2/5/1/7 3 3,Z,-2,0,BLOCK,Z,0.3496793,0.2808903
7/1/7/6/7/2/5/3/7 3 3,Z,-2,0,BLOCK,Z,0.1076066,0.2798364
7/5/7/4/7/2/5/3/7 3 3,Z,2.1818181818181818181818181818,0,BLOCK,Z,0.4565596,0.3467364
7/5/7/6/7/2/1/3/7 3 3,X,-2,2,BLOCK,X,1.351874,0.8220114
7/1/7/6/7/2/5/7/6 3 3,Z,-2.125,0,BLOCK,Z,0.3834074,0.3517155
7/5/7/4/7/2/5/7/6 3 3,Z,2,0,BLOCK,Z,0.25382,0.3601279
7/5/7/6/7/2/1/7/6 3 3,X,-2.4,2,BLOCK,X,1.67101,1.095203
7/1/7/6/7/2/5/7/5 3 3,Z,-2.125,0,BLOCK,Z,0.3268486,0.2973026
7/5/7/4/7/2/5/7/5 3 3,Z,2,0,BLOCK,Z,0.2922484,0.2651397
7/5/7/6/7/2/1/7/5 3 3,X,-2,0,BLOCK,X,0.6563962,0.7233019
7/1/7/6/7/2/5/7/3 3 3,Z,-2.125,2,BLOCK,Z,1.638489,0.7340726
7/5/7/4/7/2/5/7/3 3 3,Z,2,2,BLOCK,Z,1.171836,0.6842003
7/5/7/6/7/2/1/7/3 3 3,X,-1.6,0,BLOCK,X,0.4429756,0.5943234
7/1/7/6/7/2/3/6/7 3 3,Z,-2.25,0,BLOCK,Z,0.2267706,0.1836746
7/5/7/4/7/2/3/6/7 3 3,Z,1.8181818181818181818181818182,0,BLOCK,Z,0.1515228,0.294972
7/5/7/6/7/2/3/4/7 3 3,Z,2,0,BLOCK,Z,0.5016211,0.4910381
7/1/7/6/7/2/3/5/7 3 3,Z,-2.125,2,BLOCK,Z,1.447146,0.8154884
7/5/7/4/7/2/3/5/7 3 3,Z,2,0,BLOCK,Z,0.5856125,0.3640254
7/5/7/6/7/2/3/1/7 3 3,Z,-2,0,BLOCK,Z,0.626851,0.5955312
7/1/7/6/7/2/3/3/7 3 3,Z,-2,0,BLOCK,Z,0.6527835,0.3366887
7/5/7/4/7/2/3/3/7 3 3,Z,2.1818181818181818181818181818,2,BLOCK,Z,1.072035,0.6652251
7/1/7/6/7/2/3/7/6 3 3,Z,-2.125,0,BLOCK,Z,0.5811141,0.3678821
7/5/7/4/7/2/3/7/6 3 3,Z,2,0,BLOCK,Z,0.3439125,0.4313026
7/1/7/6/7/2/3/7/5 3 3,Z,-2.125,0,BLOCK,Z,0.3344012,0.3267188
7/5/7/4/7/2/3/7/5 3 3,Z,2,2,BLOCK,Z,1.165019,0.7934512
7/1/7/6/7/2/3/7/3 3 3,Z,-2.125,0,BLOCK,Z,0.5290065,0.513298
7/5/7/4/7/2/3/7/3 3 3,Z,2,0,BLOCK,Z,0.319511,0.339606
7/1/7/6/7/2/7/2/7 3 3,Z,-2.125,0,BLOCK,Z,0.07602167,0.1340866
7/5/7/4/7/2/7/2/7 3 3,Z,2,0,BLOCK,Z,0.2253711,0.2204183
7/1/7/6/7/2/7/6/6 3 3,Z,-2.25,0,BLOCK,Z,0.1589455,0.184456
7/5/7/4/7/2/7/6/6 3 3,Z,1.8181818181818181818181818182,0,BLOCK,Z,0.2701845,0.3036803
7/5/7/6/7/2/7/4/6 3 3,Z,2,0,BLOCK,Z,0.6415333,0.6612747
7/1/7/6/7/2/7/6/5 3 3,Z,-2.25,2,BLOCK,Z,1.508749,0.9092832
7/5/7/4/7/2/7/6/5 3 3,Z,1.8181818181818181818181818182,0,BLOCK,Z,0.1669596,0.3613918
7/5/7/6/7/2/7/4/5 3 3,Z,2,0,BLOCK,Z,0.3908802,0.408542
7/1/7/6/7/2/7/6/3 3 3,Z,-2.25,0,BLOCK,Z,0.2924035,0.1814674
7/5/7/4/7/2/7/6/3 3 3,Z,1.8181818181818181818181818182,0,BLOCK,Z,0.2610064,0.3543769
7/5/7/6/7/2/7/4/3 3 3,Z,2,0,BLOCK,Z,0.6314204,0.613561
7/1/7/6/7/2/7/5/6 3 3,Z,-2.125,0,BLOCK,Z,0.7981452,0.6387757
7/5/7/4/7/2/7/5/6 3 3,Z,2,2,BLOCK,Z,1.050068,0.6156064
7/5/7/6/7/2/7/1/6 3 3,Z,-2,0,BLOCK,Z,0.2230729,0.2853051
7/1/7/6/7/2/7/5/5 3 3,Z,-2.125,0,BLOCK,Z,0.3073839,0.2751205
7/5/7/4/7/2/7/5/5 3 3,Z,2,0,BLOCK,Z,0.2425875,0.2671926
7/5/7/6/7/2/7/1/5 3 3,Z,-2,0,BLOCK,Z,0.3077095,0.278593
7/1/7/6/7/2/7/5/3 3 3,Z,-2.125,0,BLOCK,Z,0.07331103,0.3229029
7/5/7/4/7/2/7/5/3 3 3,Z,2,0,BLOCK,Z,0.3172333,0.4427335
7/5/7/6/7/2/7/1/3 3 3,Z,-2,2,BLOCK,Z,1.578715,0.9891016
7/1/7/6/7/2/7/3/6 3 3,Z,-2,0,BLOCK,Z,0.4402301,0.4686437
7/5/7/4/7/2/7/3/6 3 3,Z,2.1818181818181818181818181818,0,BLOCK,Z,0.3500767,0.3990512
7/1/7/6/7/2/7/3/5 3 3,Z,-2,0,BLOCK,Z,0.2001322,0.303187
7/5/7/4/7/2/7/3/5 3 3,Z,2.1818181818181818181818181818,0,BLOCK,Z,0.4902016,0.4078754
7/1/7/6/7/2/7/3/3 3 3,Z,-2,2,BLOCK,Z,1.739134,0.6450177
7/5/7/4/7/2/7/3/3 3 3,Z,2.1818181818181818181818181818,0,BLOCK,Z,0.5997405,0.5265929
7/1/7/6/7/2/7/7/4 3 3,Z,-2.125,2,BLOCK,Z,1.473013,0.8697208
7/5/7/4/7/2/7/7/4 3 3,Z,2,2,BLOCK,Z,1.204444,0.7143472
7/1/7/6/7/2/7/7/2 3 3,Z,-2.125,0,BLOCK,Z,0.4703129,0.4749785
7/5/7/4/7/2/7/7/2 3 3,Z,2,0,BLOCK,Z,0.2751846,0.2719051
7/1/7/6/7/2/7/7/1 3 3,Z,-2.125,0,BLOCK,Z,0.1582884,0.2766371
7/5/7/4/7/2/7/7/1 3 3,Z,2,0,BLOCK,Z,0.1445144,0.2454773
7/1/7/6/7/6/2/6/7 3 3,Z,-2.375,0,BLOCK,Z,0.528559,0.3364127
7/5/7/4/7/6/2/6/7 3 3,Z,1.6363636363636363636363636364,0,BLOCK,Z,0.3589063,0.4720706
7/5/7/6/7/4/2/6/7 3 3,Z,1.6666666666666666666666666666,0,BLOCK,Z,0.3832794,0.6250128
7/5/7/6/7/6/2/4/7 3 3,Z,2,0,BLOCK,Z,0.11838,0.1961423
7/1/7/6/7/6/2/5/7 3 3,Z,-2.25,0,BLOCK,Z,0.4347653,0.3648278
7/5/7/4/7/6/2/5/7 3 3,Z,1.8181818181818181818181818182,2,BLOCK,Z,0.8802502,0.5457885
7/5/7/6/7/4/2/5/7 3 3,Z,2,0,BLOCK,Z,0.6175537,0.7577799
7/5/7/6/7/6/2/1/7 3 3,Z,-2,0,BLOCK,Z,1.592964,0.9490307
7/1/7/6/7/6/2/3/7 3 3,Z,-2.125,0,BLOCK,Z,0.2201995,0.4110224
7/5/7/4/7/6/2/3/7 3 3,Z,2,2,BLOCK,Z,0.9422826,0.5779231
7/5/7/6/7/4/2/3/7 3 3,Z,2.3333333333333333333333333334,2,BLOCK,Z,1.20139,0.7774211
7/1/7/6/7/6/2/7/6 3 3,Z,-2.25,0,BLOCK,Z,0.307376,0.2378024
7/5/7/4/7/6/2/7/6 3 3,Z,1.8181818181818181818181818182,0,BLOCK,Z,0.5341751,0.4441446
7/5/7/6/7/4/2/7/6 3 3,Z,2,0,BLOCK,Z,0.61879,0.8881617
7/1/7/6/7/6/2/7/5 3 3,Z,-2.25,0,BLOCK,Z,0.6331417,0.5664244
7/5/7/4/7/6/2/7/5 3 3,Z,1.8181818181818181818181818182,2,BLOCK,Z,0.9145525,0.5390545
7/5/7/6/7/4/2/7/5 3 3,Z,2,0,BLOCK,Z,0.5638186,0.8351831
7/1/7/6/7/6/2/7/3 3 3,Z,-2.25,2,BLOCK,Z,1.531825,0.6619354
7/5/7/4/7/6/2/7/3 3 3,Z,1.8181818181818181818181818182,0,BLOCK,Z,0.2860854,0.486811
7/5/7/6/7/4/2/7/3 3 3,Z,2,0,BLOCK,Z,0.5794716,0.8652226
7/1/7/6/7/6/6/2/7 3 3,Z,-2.25,0,BLOCK,Z,0.6935394,0.4309371
7/5/7/4/7/6/6/2/7 3 3,Z,1.8181818181818181818181818182,0,BLOCK,Z,0.4344638,0.5038638
7/5/7/6/7/4/6/2/7 3 3,Z,2,0,BLOCK,Z,0.5372003,0.6342368
7/5/7/6/7/6/4/2/7 3 3,X,2,0,BLOCK,X,0.4834116,0.6817788
7/1/7/6/7/6/6/6/6 3 3,Z,-2.375,0,BLOCK,Z,0.3635181,0.2678416
7/5/7/4/7/6/6/6/6 3 3,Z,1.6363636363636363636363636364,0,BLOCK,Z,0.5469846,0.4570178
7/5/7/6/7/4/6/6/6 3 3,Z,1.6666666666666666666666666666,0,BLOCK,Z,0.4881587,0.6637687
7/5/7/6/7/6/4/6/6 3 3,X,1.5,0,BLOCK,X,0.4198222,0.545077
7/5/7/6/7/6/6/4/6 3 3,Z,2,0,BLOCK,Z,0.3291062,0.4573836
7/1/7/6/7/6/6/6/5 3 3,Z,-2.375,0,BLOCK,Z,0.2247158,0.356119
7/5/7/4/7/6/6/6/5 3 3,Z,1.6363636363636363636363636364,2,BLOCK,Z,0.868315,0.5333936
7/5/7/6/7/4/6/6/5 3 3,Z,1.6666666666666666666666666666,0,BLOCK,Z,0.6949736,0.7540951
7/5/7/6/7/6/4/6/5 3 3,X,2,0,BLOCK,X,0.6443221,0.6303035
7/5/7/6/7/6/6/4/5 3 3,Z,2,0,BLOCK,Z,0.2669156,0.4001313
7/1/7/6/7/6/6/6/3 3 3,Z,-2.375,0,BLOCK,Z,0.2427989,0.3075939
7/5/7/4/7/6/6/6/3 3 3,Z,1.6363636363636363636363636364,2,BLOCK,Z,0.9150676,0.4996603
7/5/7/6/7/4/6/6/3 3 3,Z,1.6666666666666666666666666666,0,BLOCK,Z,0.5384135,0.5985773
7/5/7/6/7/6/4/6/3 3 3,X,2.5,0,BLOCK,X,0.4363605,0.7612079
7/5/7/6/7/6/6/4/3 3 3,Z,2,0,BLOCK,Z,0.246867,0.2975684
7/1/7/6/7/6/6/5/6 3 3,Z,-2.25,0,BLOCK,Z,0.4366659,0.3564576
7/5/7/4/7/6/6/5/6 3 3,Z,1.8181818181818181818181818182,2,BLOCK,Z,0.9216546,0.6203837
7/5/7/6/7/4/6/5/6 3 3,Z,2,0,BLOCK,Z,0.6749435,0.8243131
7/5/7/6/7/6/4/5/6 3 3,X,1.5,2,BLOCK,X,1.167549,0.6832206
7/5/7/6/7/6/6/1/6 3 3,Z,-2,0,BLOCK,Z,0.4151259,0.514893
7/1/7/6/7/6/6/5/5 3 3,Z,-2.25,2,BLOCK,Z,1.44258,0.6232764
7/5/7/4/7/6/6/5/5 3 3,Z,1.8181818181818181818181818182,2,BLOCK,Z,0.9003162,0.5164273
7/5/7/6/7/4/6/5/5 3 3,Z,2,0,BLOCK,Z,0.7207397,0.9027039
7/5/7/6/7/6/4/5/5 3 3,X,2,0,BLOCK,X,0.7796726,0.6441233
7/5/7/6/7/6/6/1/5 3 3,Z,-2,2,BLOCK,Z,1.661598,1.007349
7/1/7/6/7/6/6/5/3 3 3,Z,-2.25,2,BLOCK,Z,1.319932,0.8245396
7/5/7/4/7/6/6/5/3 3 3,Z,1.8181818181818181818181818182,2,BLOCK,Z,0.9117371,0.5888351
7/5/7/6/7/4/6/5/3 3 3,Z,2,0,BLOCK,Z,0.7628326,0.8328671
7/5/7/6/7/6/4/5/3 3 3,X,2.5,0,BLOCK,X,1.754164,1.175854
7/5/7/6/7/6/6/1/3 3 3,Z,-2,0,BLOCK,Z,0.8940562,0.6242206
7/1/7/6/7/6/6/3/6 3 3,Z,-2.125,2,BLOCK,Z,1.44512,0.9224562
7/5/7/4/7/6/6/3/6 3 3,Z,2,0,BLOCK,Z,0.594481,0.375653
7/5/7/6/7/4/6/3/6 3 3,Z,2.3333333333333333333333333334,0,BLOCK,Z,0.5561427,0.8487678
7/5/7/6/7/6/4/3/6 3 3,X,1.5,0,BLOCK,X,0.742281,0.6480982
7/1/7/6/7/6/6/3/5 3 3,Z,-2.125,0,BLOCK,Z,0.3592773,0.3648985
7/5/7/4/7/6/6/3/5 3 3,Z,2,2,BLOCK,Z,1.033415,0.6276782
7/5/7/6/7/4/6/3/5 3 3,Z,2.3333333333333333333333333334,0,BLOCK,Z,0.5839499,0.6770598
7/5/7/6/7/6/4/3/5 3 3,X,2,2,BLOCK,X,1.295902,0.8236281
7/1/7/6/7/6/6/3/3 3 3,Z,-2.125,0,BLOCK,Z,0.08027662,0.1407655
7/5/7/4/7/6/6/3/3 3 3,Z,2,0,BLOCK,Z,0.337318,0.3823512
7/5/7/6/7/4/6/3/3 3 3,Z,2.3333333333333333333333333334,0,BLOCK,Z,0.2913417,0.4289676
7/5/7/6/7/6/4/3/3 3 3,X,2.5,2,BLOCK,X,1.628651,0.974193
7/1/7/6/7/6/6/7/4 3 3,Z,-2.25,0,BLOCK,Z,0.1385888,0.1166456
7/5/7/4/7/6/6/7/4 3 3,Z,1.8181818181818181818181818182,0,BLOCK,Z,0.347224,0.5161204
7/5/7/6/7/4/6/7/4 3 3,Z,2,0,BLOCK,Z,0.6662709,0.843073
7/5/7/6/7/6/4/7/4 3 3,X,1.5,0,BLOCK,X,0.1914304,0.3244341
7/1/7/6/7/6/6/7/2 3 3,Z,-2.25,0,BLOCK,Z,0.3004627,0.313874
7/5/7/4/7/6/6/7/2 3 3,Z,1.8181818181818181818181818182,2,BLOCK,Z,0.9617146,0.5836596
7/5/7/6/7/4/6/7/2 3 3,Z,2,0,BLOCK,Z,0.7562346,0.8893211
7/5/7/6/7/6/4/7/2 3 3,X,2,0,BLOCK,X,0.5284695,0.6310399
7/1/7/6/7/6/6/7/1 3 3,Z,-2.25,0,BLOCK,Z,0.7826693,0.6114517
7/5/7/4/7/6/6/7/1 3 3,Z,1.8181818181818181818181818182,0,BLOCK,Z,0.3776675,0.4796372
7/5/7/6/7/4/6/7/1 3 3,Z,2,0,BLOCK,Z,0.5272005,0.7621089
7/5/7/6/7/6/4/7/1 3 3,X,2.5,0,BLOCK,X,0.3423232,0.5112633
7/1/7/6/7/6/5/2/7 3 3,Z,-2.25,0,BLOCK,Z,0.08024059,0.2351674
7/5/7/4/7/6/5/2/7 3 3,Z,1.8181818181818181818181818182,2,BLOCK,Z,0.9235551,0.5317093
7/5/7/6/7/4/5/2/7 3 3,Z,2,0,BLOCK,Z,0.4058032,0.6815846
7/5/7/6/7/6/1/2/7 3 3,X,-2,0,BLOCK,X,0.4356507,0.7005456
7/1/7/6/7/6/5/6/6 3 3,Z,-2.375,0,BLOCK,Z,0.3029402,0.3276062
7/5/7/4/7/6/5/6/6 3 3,Z,1.6363636363636363636363636364,2,BLOCK,Z,0.8714418,0.5170809
7/5/7/6/7/4/5/6/6 3 3,Z,1.6666666666666666666666666666,0,BLOCK,Z,0.6186841,0.7779064
7/5/7/6/7/6/1/6/6 3 3,X,-2.5,0,BLOCK,X,0.4505112,0.784214
7/5/7/6/7/6/5/4/6 3 3,Z,2,0,BLOCK,Z,1.732184,1.087892
7/1/7/6/7/6/5/6/5 3 3,Z,-2.375,0,BLOCK,Z,0.6154294,0.3455367
7/5/7/4/7/6/5/6/5 3 3,Z,1.6363636363636363636363636364,2,BLOCK,Z,0.8575115,0.5392453
7/5/7/6/7/4/5/6/5 3 3,Z,1.6666666666666666666666666666,0,BLOCK,Z,0.418597,0.6097891
7/5/7/6/7/6/1/6/5 3 3,X,-2,0,BLOCK,X,0.3261729,0.5929646
7/5/7/6/7/6/5/4/5 3 3,Z,2,0,BLOCK,Z,0.3289038,0.4798654
7/1/7/6/7/6/5/6/3 3 3,Z,-2.375,0,BLOCK,Z,0.2639864,0.3543582
7/5/7/4/7/6/5/6/3 3 3,Z,1.6363636363636363636363636364,0,BLOCK,Z,0.6023909,0.5689152
7/5/7/6/7/4/5/6/3 3 3,Z,1.6666666666666666666666666666,0,BLOCK,Z,0.4250807,0.6633343
7/5/7/6/7/6/1/6/3 3 3,X,-1.5,0,BLOCK,X,0.654173,0.5739827
7/5/7/6/7/6/5/4/3 3 3,Z,2,0,BLOCK,Z,1.686199,1.065912
7/1/7/6/7/6/5/5/6 3 3,Z,-2.25,0,BLOCK,Z,0.3428126,0.2639351
7/5/7/4/7/6/5/5/6 3 3,Z,1.8181818181818181818181818182,2,BLOCK,Z,0.9139547,0.5515383
7/5/7/6/7/4/5/5/6 3 3,Z,2,0,BLOCK,Z,0.6590404,0.7924598
7/5/7/6/7/6/1/5/6 3 3,X,-2.5,2,BLOCK,X,1.636679,0.9311307
7/5/7/6/7/6/5/1/6 3 3,Z,-2,0,BLOCK,Z,0.7475318,0.4569915
7/1/7/6/7/6/5/5/5 3 3,Z,-2.25,0,BLOCK,Z,0.699362,0.5416215
7/5/7/4/7/6/5/5/5 3 3,Z,1.8181818181818181818181818182,2,BLOCK,Z,0.9577469,0.5613179
7/5/7/6/7/4/5/5/5 3 3,Z,2,0,BLOCK,Z,0.5763556,0.7998638
7/5/7/6/7/6/1/5/5 3 3,X,-2,0,BLOCK,X,1.358964,0.9458962
7/5/7/6/7/6/5/1/5 3 3,Z,-2,0,BLOCK,Z,0.3324622,0.4158714
7/1/7/6/7/6/5/5/3 3 3,Z,-2.25,0,BLOCK,Z,0.1495702,0.1842051
7/5/7/4/7/6/5/5/3 3 3,Z,1.8181818181818181818181818182,0,BLOCK,Z,0.3130795,0.4676587
7/5/7/6/7/4/5/5/3 3 3,Z,2,0,BLOCK,Z,0.6445963,0.7575749
7/5/7/6/7/6/1/5/3 3 3,X,-1.5,0,BLOCK,X,0.4948322,0.5927452
7/5/7/6/7/6/5/1/3 3 3,Z,-2,0,BLOCK,Z,1.606158,0.9673198
7/1/7/6/7/6/5/3/6 3 3,Z,-2.125,0,BLOCK,Z,0.09194368,0.1426329
7/5/7/4/7/6/5/3/6 3 3,Z,2,0,BLOCK,Z,0.2881683,0.3357105
7/5/7/6/7/4/5/3/6 3 3,Z,2.3333333333333333333333333334,2,BLOCK,Z,1.426146,0.8907497
7/5/7/6/7/6/1/3/6 3 3,X,-2.5,0,BLOCK,X,0.4316631,0.7268922
7/1/7/6/7/6/5/3/5 3 3,Z,-2.125,2,BLOCK,Z,1.408388,0.8218868
7/5/7/4/7/6/5/3/5 3 3,Z,2,2,BLOCK,Z,1.034174,0.5832445
7/5/7/6/7/4/5/3/5 3 3,Z,2.3333333333333333333333333334,0,BLOCK,Z,0.5915908,0.8224064
7/5/7/6/7/6/1/3/5 3 3,X,-2,0,BLOCK,X,0.6563062,0.7130336
7/1/7/6/7/6/5/3/3 3 3,Z,-2.125,0,BLOCK,Z,0.3618309,0.2978554
7/5/7/4/7/6/5/3/3 3 3,Z,2,0,BLOCK,Z,0.4689145,0.5685359
7/5/7/6/7/4/5/3/3 3 3,Z,2.3333333333333333333333333334,0,BLOCK,Z,0.5401359,0.7356897
7/5/7/6/7/6/1/3/3 3 3,X,-1.5,2,BLOCK,X,1.157047,0.7169856
7/1/7/6/7/6/5/7/4 3 3,Z,-2.25,2,BLOCK,Z,1.423692,0.7628214
7/5/7/4/7/6/5/7/4 3 3,Z,1.8181818181818181818181818182,2,BLOCK,Z,0.9981467,0.5898004
7/5/7/6/7/4/5/7/4 3 3,Z,2,0,BLOCK,Z,0.6426488,0.7960877
7/5/7/6/7/6/1/7/4 3 3,X,-2.5,0,BLOCK,X,0.4080318,0.5446001
7/1/7/6/7/6/5/7/2 3 3,Z,-2.25,0,BLOCK,Z,0.4539936,0.4478569
7/5/7/4/7/6/5/7/2 3 3,Z,1.8181818181818181818181818182,0,BLOCK,Z,0.5062883,0.4469214
7/5/7/6/7/4/5/7/2 3 3,Z,2,0,BLOCK,Z,0.7039959,0.8569044
7/5/7/6/7/6/1/7/2 3 3,X,-2,0,BLOCK,X,0.4866065,0.6322861
7/1/7/6/7/6/5/7/1 3 3,Z,-2.25,0,BLOCK,Z,0.187595,0.2049541
7/5/7/4/7/6/5/7/1 3 3,Z,1.8181818181818181818181818182,0,BLOCK,Z,0.4307421,0.4706803
7/5/7/6/7/4/5/7/1 3 3,Z,2,0,BLOCK,Z,0.568895,0.8135686
7/5/7/6/7/6/1/7/1 3 3,X,-1.5,0,BLOCK,X,0.3017706,0.4018705
7/1/7/6/7/6/3/2/7 3 3,Z,-2.25,0,BLOCK,Z,0.08423419,0.1327362
7/5/7/4/7/6/3/2/7 3 3,Z,1.8181818181818181818181818182,2,BLOCK,Z,0.9290081,0.5205066
7/5/7/6/7/4/3/2/7 3 3,Z,2,2,BLOCK,Z,1.154413,0.7495189
7/1/7/6/7/6/3/6/6 3 3,Z,-2.375,2,BLOCK,Z,1.271831,0.7366508
7/5/7/4/7/6/3/6/6 3 3,Z,1.6363636363636363636363636364,2,BLOCK,Z,0.9115934,0.4910889
7/5/7/6/7/4/3/6/6 3 3,Z,1.6666666666666666666666666666,0,BLOCK,Z,0.5954573,0.6851847
7/5/7/6/7/6/3/4/6 3 3,Z,2,0,BLOCK,Z,1.755744,1.067712
7/1/7/6/7/6/3/6/5 3 3,Z,-2.375,2,BLOCK,Z,1.311445,0.8084502
7/5/7/4/7/6/3/6/5 3 3,Z,1.6363636363636363636363636364,0,BLOCK,Z,0.3466242,0.319082
7/5/7/6/7/4/3/6/5 3 3,Z,1.6666666666666666666666666666,0,BLOCK,Z,0.6809063,0.7160863
7/5/7/6/7/6/3/4/5 3 3,Z,2,0,BLOCK,Z,0.3425824,0.4387231
7/1/7/6/7/6/3/6/3 3 3,Z,-2.375,0,BLOCK,Z,0.4877968,0.4251766
7/5/7/4/7/6/3/6/3 3 3,Z,1.6363636363636363636363636364,0,BLOCK,Z,0.3139957,0.432576
7/5/7/6/7/4/3/6/3 3 3,Z,1.6666666666666666666666666666,0,BLOCK,Z,0.3713705,0.5691993
7/5/7/6/7/6/3/4/3 3 3,Z,2,0,BLOCK,Z,0.3098309,0.4645057
7/1/7/6/7/6/3/5/6 3 3,Z,-2.25,0,BLOCK,Z,0.9354197,0.6912333
7/5/7/4/7/6/3/5/6 3 3,Z,1.8181818181818181818181818182,0,BLOCK,Z,0.3935945,0.4133827
7/5/7/6/7/4/3/5/6 3 3,Z,2,2,BLOCK,Z,1.140096,0.80952
7/5/7/6/7/6/3/1/6 3 3,Z,-2,2,BLOCK,Z,1.6684,1.000167
7/1/7/6/7/6/3/5/5 3 3,Z,-2.25,2,BLOCK,Z,1.40822,0.7983516
7/5/7/4/7/6/3/5/5 3 3,Z,1.8181818181818181818181818182,0,BLOCK,Z,0.4464858,0.4068012
7/5/7/6/7/4/3/5/5 3 3,Z,2,0,BLOCK,Z,0.5794444,0.8118134
7/5/7/6/7/6/3/1/5 3 3,Z,-2,0,BLOCK,Z,0.3471245,0.3258586
7/1/7/6/7/6/3/5/3 3 3,Z,-2.25,0,BLOCK,Z,0.6316721,0.3707646
7/5/7/4/7/6/3/5/3 3 3,Z,1.8181818181818181818181818182,0,BLOCK,Z,0.6194065,0.4192361
7/5/7/6/7/4/3/5/3 3 3,Z,2,0,BLOCK,Z,0.8502277,0.8336014
7/5/7/6/7/6/3/1/3 3 3,Z,-2,0,BLOCK,Z,0.2775441,0.3122049
7/1/7/6/7/6/3/3/6 3 3,Z,-2.125,2,BLOCK,Z,1.467779,0.6625615
7/5/7/4/7/6/3/3/6 3 3,Z,2,0,BLOCK,Z,0.3848925,0.450439
7/5/7/6/7/4/3/3/6 3 3,Z,2.3333333333333333333333333334,0,BLOCK,Z,0.5424083,0.6315469
7/1/7/6/7/6/3/3/5 3 3,Z,-2.125,0,BLOCK,Z,0.7280846,0.6052678
7/5/7/4/7/6/3/3/5 3 3,Z,2,2,BLOCK,Z,1.050059,0.5489507
7/5/7/6/7/4/3/3/5 3 3,Z,2.3333333333333333333333333334,2,BLOCK,Z,1.404222,0.9316193
7/1/7/6/7/6/3/3/3 3 3,Z,-2.125,0,BLOCK,Z,0.1181562,0.268388
7/5/7/4/7/6/3/3/3 3 3,Z,2,0,BLOCK,Z,0.2796287,0.4419543
7/5/7/6/7/4/3/3/3 3 3,Z,2.3333333333333333333333333334,0,BLOCK,Z,0.5592685,0.7577409
7/1/7/6/7/6/3/7/4 3 3,Z,-2.25,0,BLOCK,Z,0.4262828,0.4131123
7/5/7/4/7/6/3/7/4 3 3,Z,1.8181818181818181818181818182,0,BLOCK,Z,0.2319431,0.3766145
7/5/7/6/7/4/3/7/4 3 3,Z,2,0,BLOCK,Z,0.6123843,0.9051373
7/1/7/6/7/6/3/7/2 3 3,Z,-2.25,2,BLOCK,Z,1.557342,0.8072184
7/5/7/4/7/6/3/7/2 3 3,Z,1.8181818181818181818181818182,2,BLOCK,Z,0.9811327,0.5916269
7/5/7/6/7/4/3/7/2 3 3,Z,2,0,BLOCK,Z,0.6955934,0.8994256
7/1/7/6/7/6/3/7/1 3 3,Z,-2.25,2,BLOCK,Z,1.476718,0.537571
7/5/7/4/7/6/3/7/1 3 3,Z,1.8181818181818181818181818182,2,BLOCK,Z,0.9869108,0.5978885
7/5/7/6/7/4/3/7/1 3 3,Z,2,0,BLOCK,Z,0.6381114,0.7982638
7/1/7/6/7/6/7/2/6 3 3,Z,-2.25,2,BLOCK,Z,1.298064,0.8080048
7/5/7/4/7/6/7/2/6 3 3,Z,1.8181818181818181818181818182,0,BLOCK,Z,0.3538406,0.5189255
7/5/7/6/7/4/7/2/6 3 3,Z,2,0,BLOCK,Z,0.5493729,0.5410569
7/1/7/6/7/6/7/2/5 3 3,Z,-2.25,0,BLOCK,Z,0.7470689,0.7059207
7/5/7/4/7/6/7/2/5 3 3,Z,1.8181818181818181818181818182,0,BLOCK,Z,0.4923506,0.5113769
7/5/7/6/7/4/7/2/5 3 3,Z,2,0,BLOCK,Z,0.1814907,0.3034504
7/1/7/6/7/6/7/2/3 3 3,Z,-2.25,0,BLOCK,Z,0.4407367,0.3843159
7/5/7/4/7/6/7/2/3 3 3,Z,1.8181818181818181818181818182,0,BLOCK,Z,0.3269556,0.4269528
7/5/7/6/7/4/7/2/3 3 3,Z,2,0,BLOCK,Z,0.3332244,0.5717485
7/1/7/6/7/6/7/6/4 3 3,Z,-2.375,0,BLOCK,Z,0.1325884,0.1089013
7/5/7/4/7/6/7/6/4 3 3,Z,1.6363636363636363636363636364,0,BLOCK,Z,0.4327375,0.4233595
7/5/7/6/7/4/7/6/4 3 3,Z,1.6666666666666666666666666668,0,BLOCK,Z,0.6463482,0.7178984
7/5/7/6/7/6/7/4/4 3 3,Z,2,0,BLOCK,Z,0.3301432,0.4632173
7/1/7/6/7/6/7/6/2 3 3,Z,-2.375,0,BLOCK,Z,0.3356539,0.2744147
7/5/7/4/7/6/7/6/2 3 3,Z,1.6363636363636363636363636364,0,BLOCK,Z,0.3133444,0.4332068
7/5/7/6/7/4/7/6/2 3 3,Z,1.6666666666666666666666666668,0,BLOCK,Z,0.5442408,0.6903664
7/5/7/6/7/6/7/4/2 3 3,Z,2,0,BLOCK,Z,0.3504303,0.43264
7/1/7/6/7/6/7/6/1 3 3,Z,-2.375,0,BLOCK,Z,0.474679,0.3075354
7/5/7/4/7/6/7/6/1 3 3,Z,1.6363636363636363636363636364,0,BLOCK,Z,0.4368189,0.5433223
7/5/7/6/7/4/7/6/1 3 3,Z,1.6666666666666666666666666668,0,BLOCK,Z,0.4883595,0.6525065
7/5/7/6/7/6/7/4/1 3 3,Z,2,0,BLOCK,Z,0.2346291,0.3611438
7/1/7/6/7/6/7/5/4 3 3,Z,-2.25,0,BLOCK,Z,0.107606,0.1703688
7/5/7/4/7/6/7/5/4 3 3,Z,1.8181818181818181818181818182,2,BLOCK,Z,1.018822,0.5105673
7/5/7/6/7/4/7/5/4 3 3,Z,2,0,BLOCK,Z,0.6388096,0.8338102
7/5/7/6/7/6/7/1/4 3 3,Z,-2,0,BLOCK,Z,0.4283169,0.4499034
7/1/7/6/7/6/7/5/2 3 3,Z,-2.25,0,BLOCK,Z,0.5607598,0.1791184
7/5/7/4/7/6/7/5/2 3 3,Z,1.8181818181818181818181818182,0,BLOCK,Z,0.3562087,0.4625516
7/5/7/6/7/4/7/5/2 3 3,Z,2,0,BLOCK,Z,0.6898208,0.8848869
7/5/7/6/7/6/7/1/2 3 3,Z,-2,0,BLOCK,Z,0.4386542,0.4619303
7/1/7/6/7/6/7/5/1 3 3,Z,-2.25,0,BLOCK,Z,0.4168573,0.6008668
7/5/7/4/7/6/7/5/1 3 3,Z,1.8181818181818181818181818182,2,BLOCK,Z,1.047986,0.5798396
7/5/7/6/7/4/7/5/1 3 3,Z,2,0,BLOCK,Z,0.6499696,0.8273007
7/5/7/6/7/6/7/1/1 3 3,Z,-2,0,BLOCK,Z,0.1028837,0.1917407
7/1/7/6/7/6/7/3/4 3 3,Z,-2.125,0,BLOCK,Z,0.2646166,0.2616252
7/5/7/4/7/6/7/3/4 3 3,Z,2,0,BLOCK,Z,0.6170804,0.6483933
7/5/7/6/7/4/7/3/4 3 3,Z,2.3333333333333333333333333332,0,BLOCK,Z,0.5282951,0.812016
7/1/7/6/7/6/7/3/2 3 3,Z,-2.125,0,BLOCK,Z,0.4204456,0.4001043
7/5/7/4/7/6/7/3/2 3 3,Z,2,0,BLOCK,Z,0.433972,0.6642188
7/5/7/6/7/4/7/3/2 3 3,Z,2.3333333333333333333333333332,0,BLOCK,Z,0.4300778,0.7248121
7/1/7/6/7/6/7/3/1 3 3,Z,-2.125,2,BLOCK,Z,1.428085,0.7819488
7/5/7/4/7/6/7/3/1 3 3,Z,2,0,BLOCK,Z,0.5750477,0.4654046
7/5/7/6/7/4/7/3/1 3 3,Z,2.3333333333333333333333333332,0,BLOCK,Z,0.837472,0.9226101
7/1/7/6/7/5/2/6/7 3 3,Z,-2.25,0,BLOCK,Z,0.1022424,0.3575718
7/5/7/4/7/5/2/6/7 3 3,Z,1.8181818181818181818181818182,2,BLOCK,Z,0.9100368,0.4563064
7/5/7/6/7/1/2/6/7 3 3,Z,-2.3333333333333333333333333334,0,BLOCK,Z,0.4212517,0.3614263
7/5/7/6/7/5/2/4/7 3 3,Z,2,0,BLOCK,Z,1.669709,1.038926
7/1/7/6/7/5/2/5/7 3 3,Z,-2.125,0,BLOCK,Z,0.54601,0.6025131
7/5/7/4/7/5/2/5/7 3 3,Z,2,0,BLOCK,Z,0.3679639,0.3885879
7/5/7/6/7/1/2/5/7 3 3,Z,-2,0,BLOCK,Z,0.4281654,0.5411962
7/5/7/6/7/5/2/1/7 3 3,Z,-2,2,BLOCK,Z,1.578781,0.9924666
7/1/7/6/7/5/2/3/7 3 3,Z,-2,0,BLOCK,Z,0.274312,0.3434534
7/5/7/4/7/5/2/3/7 3 3,Z,2.1818181818181818181818181818,2,BLOCK,Z,0.9855178,0.5837449
7/5/7/6/7/1/2/3/7 3 3,Z,-1.6666666666666666666666666666,0,BLOCK,Z,0.5930356,0.5319573
7/1/7/6/7/5/2/7/6 3 3,Z,-2.125,0,BLOCK,Z,0.2633986,0.1287271
7/5/7/4/7/5/2/7/6 3 3,Z,2,0,BLOCK,Z,0.4618797,0.4897742
7/5/7/6/7/1/2/7/6 3 3,Z,-2,0,BLOCK,Z,0.7199038,0.5265957
7/1/7/6/7/5/2/7/5 3 3,Z,-2.125,2,BLOCK,Z,1.424591,1.480259
7/5/7/4/7/5/2/7/5 3 3,Z,2,2,BLOCK,Z,0.9643202,0.5888075
7/5/7/6/7/1/2/7/5 3 3,Z,-2,0,BLOCK,Z,0.7041419,0.5572424
7/1/7/6/7/5/2/7/3 3 3,Z,-2.125,0,BLOCK,Z,0.09721848,0.2394511
7/5/7/4/7/5/2/7/3 3 3,Z,2,0,BLOCK,Z,0.4962382,0.4338761
7/5/7/6/7/1/2/7/3 3 3,Z,-2,0,BLOCK,Z,0.7113091,0.5377908
7/1/7/6/7/5/6/2/7 3 3,Z,-2.125,2,BLOCK,Z,1.448073,0.8810016
7/5/7/4/7/5/6/2/7 3 3,Z,2,0,BLOCK,Z,0.4680468,0.4656353
7/5/7/6/7/1/6/2/7 3 3,Z,-2,0,BLOCK,Z,0.4927223,0.5161926
7/5/7/6/7/5/4/2/7 3 3,X,2,0,BLOCK,X,0.7485209,0.7199171
7/1/7/6/7/5/6/6/6 3 3,Z,-2.25,0,BLOCK,Z,0.01778404,0.08418842
7/5/7/4/7/5/6/6/6 3 3,Z,1.8181818181818181818181818182,0,BLOCK,Z,0.5439233,0.5530344
7/5/7/6/7/1/6/6/6 3 3,Z,-2.3333333333333333333333333334,0,BLOCK,Z,0.8218426,0.5652098
7/5/7/6/7/5/4/6/6 3 3,X,1.5,0,BLOCK,X,0.587081,0.5513604
7/5/7/6/7/5/6/4/6 3 3,Z,2,2,BLOCK,Z,1.615166,1.005613
7/1/7/6/7/5/6/6/5 3 3,Z,-2.25,0,BLOCK,Z,0.2119799,0.3656899
7/5/7/4/7/5/6/6/5 3 3,Z,1.8181818181818181818181818182,0,BLOCK,Z,0.6417417,0.3961653
7/5/7/6/7/1/6/6/5 3 3,Z,-2.3333333333333333333333333334,0,BLOCK,Z,0.5924791,0.4250286
7/5/7/6/7/5/4/6/5 3 3,X,2,2,BLOCK,X,1.298233,0.7902958
7/5/7/6/7/5/6/4/5 3 3,Z,2,0,BLOCK,Z,1.097364,0.5763638
7/1/7/6/7/5/6/6/3 3 3,Z,-2.25,0,BLOCK,Z,0.5535936,0.3536851
7/5/7/4/7/5/6/6/3 3 3,Z,1.8181818181818181818181818182,2,BLOCK,Z,0.93116,0.5676907
7/5/7/6/7/1/6/6/3 3 3,Z,-2.3333333333333333333333333334,0,BLOCK,Z,0.764506,0.5375623
7/5/7/6/7/5/4/6/3 3 3,X,2.5,0,BLOCK,X,0.3743563,0.6294245
7/5/7/6/7/5/6/4/3 3 3,Z,2,0,BLOCK,Z,0.1450079,0.2579058
7/1/7/6/7/5/6/5/6 3 3,Z,-2.125,0,BLOCK,Z,0.3244645,0.3634085
7/5/7/4/7/5/6/5/6 3 3,Z,2,2,BLOCK,Z,0.9702565,0.5362092
7/5/7/6/7/1/6/5/6 3 3,Z,-2,0,BLOCK,Z,0.670767,0.4989404
7/5/7/6/7/5/4/5/6 3 3,X,1.5,0,BLOCK,X,0.2115829,0.4733561
7/5/7/6/7/5/6/1/6 3 3,Z,-2,2,BLOCK,Z,1.64079,0.9903677
7/1/7/6/7/5/6/5/5 3 3,Z,-2.125,0,BLOCK,Z,0.4791564,0.1922767
7/5/7/4/7/5/6/5/5 3 3,Z,2,2,BLOCK,Z,0.9879059,0.6068116
7/5/7/6/7/1/6/5/5 3 3,Z,-2,2,BLOCK,Z,1.123215,0.6832016
7/5/7/6/7/5/4/5/5 3 3,X,2,0,BLOCK,X,0.6575289,0.7320653
7/5/7/6/7/5/6/1/5 3 3,Z,-2,2,BLOCK,Z,1.579214,0.9160017
7/1/7/6/7/5/6/5/3 3 3,Z,-2.125,0,BLOCK,Z,0.1854666,0.3123855
7/5/7/4/7/5/6/5/3 3 3,Z,2,0,BLOCK,Z,0.6613245,0.5409713
7/5/7/6/7/1/6/5/3 3 3,Z,-2,0,BLOCK,Z,0.9311268,0.6050043
7/5/7/6/7/5/4/5/3 3 3,X,2.5,0,BLOCK,X,0.4990087,0.7204316
7/5/7/6/7/5/6/1/3 3 3,Z,-2,0,BLOCK,Z,0.8181454,0.5660849
7/1/7/6/7/5/6/3/6 3 3,Z,-2,0,BLOCK,Z,0.6777092,0.3716187
7/5/7/4/7/5/6/3/6 3 3,Z,2.1818181818181818181818181818,2,BLOCK,Z,1.051073,0.6456378
7/5/7/6/7/1/6/3/6 3 3,Z,-1.6666666666666666666666666666,0,BLOCK,Z,0.9839328,0.7036042
7/5/7/6/7/5/4/3/6 3 3,X,1.5,2,BLOCK,X,1.181173,0.6736132
7/1/7/6/7/5/6/3/5 3 3,Z,-2,0,BLOCK,Z,0.5533303,0.419576
7/5/7/4/7/5/6/3/5 3 3,Z,2.1818181818181818181818181818,0,BLOCK,Z,0.7413681,0.3760681
7/5/7/6/7/1/6/3/5 3 3,Z,-1.6666666666666666666666666666,0,BLOCK,Z,0.9624358,0.6977609
7/5/7/6/7/5/4/3/5 3 3,X,2,2,BLOCK,X,1.310562,0.7858958
7/1/7/6/7/5/6/3/3 3 3,Z,-2,0,BLOCK,Z,0.3825278,0.3190018
7/5/7/4/7/5/6/3/3 3 3,Z,2.1818181818181818181818181818,0,BLOCK,Z,0.6429515,0.6370788
7/5/7/6/7/1/6/3/3 3 3,Z,-1.6666666666666666666666666666,0,BLOCK,Z,0.4768271,0.4640188
7/5/7/6/7/5/4/3/3 3 3,X,2.5,0,BLOCK,X,1.451448,1.029975
7/1/7/6/7/5/6/7/4 3 3,Z,-2.125,0,BLOCK,Z,0.3576797,0.2728075
7/5/7/4/7/5/6/7/4 3 3,Z,2,0,BLOCK,Z,0.6031467,0.6031412
7/5/7/6/7/1/6/7/4 3 3,Z,-2,0,BLOCK,Z,0.616593,0.5846472
7/5/7/6/7/5/4/7/4 3 3,X,1.5,2,BLOCK,X,1.175691,0.6826697
7/1/7/6/7/5/6/7/2 3 3,Z,-2.125,0,BLOCK,Z,0.3902001,0.3764133
7/5/7/4/7/5/6/7/2 3 3,Z,2,2,BLOCK,Z,1.004261,0.657586
7/5/7/6/7/1/6/7/2 3 3,Z,-2,0,BLOCK,Z,0.9645666,0.6327091
7/5/7/6/7/5/4/7/2 3 3,X,2,0,BLOCK,X,0.475687,0.6464621
7/1/7/6/7/5/6/7/1 3 3,Z,-2.125,0,BLOCK,Z,0.9682696,0.6444203
7/5/7/4/7/5/6/7/1 3 3,Z,2,2,BLOCK,Z,1.079175,0.5860055
7/5/7/6/7/1/6/7/1 3 3,Z,-2,0,BLOCK,Z,0.5335309,0.5180777
7/5/7/6/7/5/4/7/1 3 3,X,2.5,2,BLOCK,X,1.659729,1.053432
7/1/7/6/7/5/5/2/7 3 3,Z,-2.125,0,BLOCK,Z,0.1864047,0.2710271
7/5/7/4/7/5/5/2/7 3 3,Z,2,0,BLOCK,Z,0.4403298,0.5110317
7/5/7/6/7/1/5/2/7 3 3,Z,-2,2,BLOCK,Z,1.194156,0.7895486
7/5/7/6/7/5/1/2/7 3 3,X,-2,0,BLOCK,X,1.413271,0.8379552
7/1/7/6/7/5/5/6/6 3 3,Z,-2.25,0,BLOCK,Z,0.582051,0.4132071
7/5/7/4/7/5/5/6/6 3 3,Z,1.8181818181818181818181818182,0,BLOCK,Z,0.4782871,0.4610858
7/5/7/6/7/1/5/6/6 3 3,Z,-2.3333333333333333333333333334,0,BLOCK,Z,0.572888,0.4939612
7/5/7/6/7/5/1/6/6 3 3,X,-2.5,0,BLOCK,X,1.604529,1.007085
7/5/7/6/7/5/5/4/6 3 3,Z,2,0,BLOCK,Z,0.1876669,0.3403889
7/1/7/6/7/5/5/6/5 3 3,Z,-2.25,2,BLOCK,Z,1.41446,0.6016536
7/5/7/4/7/5/5/6/5 3 3,Z,1.8181818181818181818181818182,0,BLOCK,Z,0.5139501,0.4996048
7/5/7/6/7/1/5/6/5 3 3,Z,-2.3333333333333333333333333334,0,BLOCK,Z,0.5036402,0.5023505
7/5/7/6/7/5/1/6/5 3 3,X,-2,0,BLOCK,X,0.5882227,0.6304919
7/5/7/6/7/5/5/4/5 3 3,Z,2,0,BLOCK,Z,0.2500362,0.434509
7/1/7/6/7/5/5/6/3 3 3,Z,-2.25,0,BLOCK,Z,0.1389687,0.1952551
7/5/7/4/7/5/5/6/3 3 3,Z,1.8181818181818181818181818182,0,BLOCK,Z,0.5723526,0.5269262
7/5/7/6/7/1/5/6/3 3 3,Z,-2.3333333333333333333333333334,0,BLOCK,Z,0.4103836,0.4583718
7/5/7/6/7/5/1/6/3 3 3,X,-1.5,2,BLOCK,X,1.179976,0.6852435
7/5/7/6/7/5/5/4/3 3 3,Z,2,0,BLOCK,Z,0.4543594,0.4836983
7/1/7/6/7/5/5/5/6 3 3,Z,-2.125,0,BLOCK,Z,0.4796347,0.2583202
7/5/7/4/7/5/5/5/6 3 3,Z,2,2,BLOCK,Z,0.9662281,0.5046702
7/5/7/6/7/1/5/5/6 3 3,Z,-2,0,BLOCK,Z,0.4894434,0.5335386
7/5/7/6/7/5/1/5/6 3 3,X,-2.5,0,BLOCK,X,0.4201357,0.7677522
7/5/7/6/7/5/5/1/6 3 3,Z,-2,0,BLOCK,Z,0.3686774,0.4342086
7/1/7/6/7/5/5/5/5 3 3,Z,-2.125,0,BLOCK,Z,0.1511593,0.2465944
7/5/7/4/7/5/5/5/5 3 3,Z,2,2,BLOCK,Z,0.9954746,0.6141326
7/5/7/6/7/1/5/5/5 3 3,Z,-2,0,BLOCK,Z,0.4441715,0.4931916
7/5/7/6/7/5/1/5/5 3 3,X,-2,0,BLOCK,X,0.5557238,0.6822475
7/5/7/6/7/5/5/1/5 3 3,Z,-2,0,BLOCK,Z,0.07875284,0.1737184
7/1/7/6/7/5/5/5/3 3 3,Z,-2.125,0,BLOCK,Z,0.3064051,0.2133256
7/5/7/4/7/5/5/5/3 3 3,Z,2,0,BLOCK,Z,0.6308311,0.4742896
7/5/7/6/7/1/5/5/3 3 3,Z,-2,0,BLOCK,Z,0.5362526,0.4558557
7/5/7/6/7/5/1/5/3 3 3,X,-1.5,0,BLOCK,X,0.3554369,0.5200332
7/5/7/6/7/5/5/1/3 3 3,Z,-2,0,BLOCK,Z,0.4216278,0.25903
7/1/7/6/7/5/5/3/6 3 3,Z,-2,0,BLOCK,Z,0.1976717,0.3182936
7/5/7/4/7/5/5/3/6 3 3,Z,2.1818181818181818181818181818,0,BLOCK,Z,0.5816928,0.5938777
7/5/7/6/7/1/5/3/6 3 3,Z,-1.6666666666666666666666666666,0,BLOCK,Z,0.3033085,0.328937
7/5/7/6/7/5/1/3/6 3 3,X,-2.5,0,BLOCK,X,0.4989395,0.7255781
7/1/7/6/7/5/5/3/5 3 3,Z,-2,0,BLOCK,Z,0.445384,0.4172564
7/5/7/4/7/5/5/3/5 3 3,Z,2.1818181818181818181818181818,2,BLOCK,Z,1.08481,0.6351154
7/5/7/6/7/1/5/3/5 3 3,Z,-1.6666666666666666666666666666,0,BLOCK,Z,0.2667423,0.4169472
7/5/7/6/7/5/1/3/5 3 3,X,-2,0,BLOCK,X,0.5573975,0.5703098
7/1/7/6/7/5/5/3/3 3 3,Z,-2,0,BLOCK,Z,0.4678505,0.4200958
7/5/7/4/7/5/5/3/3 3 3,Z,2.1818181818181818181818181818,0,BLOCK,Z,0.7102343,0.5046524
7/5/7/6/7/1/5/3/3 3 3,Z,-1.6666666666666666666666666666,0,BLOCK,Z,0.1929012,0.2540805
7/5/7/6/7/5/1/3/3 3 3,X,-1.5,2,BLOCK,X,1.231989,0.7293752
7/1/7/6/7/5/5/7/4 3 3,Z,-2.125,0,BLOCK,Z,0.2333926,0.2940239
7/5/7/4/7/5/5/7/4 3 3,Z,2,0,BLOCK,Z,0.7330328,0.6234159
7/5/7/6/7/1/5/7/4 3 3,Z,-2,0,BLOCK,Z,0.6576634,0.4567347
7/5/7/6/7/5/1/7/4 3 3,X,-2.5,0,BLOCK,X,1.438081,1.071231
7/1/7/6/7/5/5/7/2 3 3,Z,-2.125,2,BLOCK,Z,1.426617,0.8870374
7/5/7/4/7/5/5/7/2 3 3,Z,2,2,BLOCK,Z,1.08435,0.6032922
7/5/7/6/7/1/5/7/2 3 3,Z,-2,0,BLOCK,Z,0.7134504,0.5476937
7/5/7/6/7/5/1/7/2 3 3,X,-2,0,BLOCK,X,0.4575024,0.6472967
7/1/7/6/7/5/5/7/1 3 3,Z,-2.125,0,BLOCK,Z,0.7376422,0.5887246
7/5/7/4/7/5/5/7/1 3 3,Z,2,0,BLOCK,Z,0.507965,0.49084
7/5/7/6/7/1/5/7/1 3 3,Z,-2,0,BLOCK,Z,0.646336,0.5129603
7/5/7/6/7/5/1/7/1 3 3,X,-1.5,2,BLOCK,X,1.202654,0.7392758
7/1/7/6/7/5/3/2/7 3 3,Z,-2.125,0,BLOCK,Z,0.5108142,0.4753875
7/5/7/4/7/5/3/2/7 3 3,Z,2,0,BLOCK,Z,0.6693584,0.3931419
7/5/7/6/7/1/3/2/7 3 3,Z,-2,0,BLOCK,Z,0.3721607,0.5137256
7/1/7/6/7/5/3/6/6 3 3,Z,-2.25,0,BLOCK,Z,0.2335579,0.1832578
7/5/7/4/7/5/3/6/6 3 3,Z,1.8181818181818181818181818182,2,BLOCK,Z,0.9236209,0.5452576
7/5/7/6/7/1/3/6/6 3 3,Z,-2.3333333333333333333333333334,0,BLOCK,Z,0.6813691,0.4930877
7/5/7/6/7/5/3/4/6 3 3,Z,2,0,BLOCK,Z,1.700747,1.115597
7/1/7/6/7/5/3/6/5 3 3,Z,-2.25,2,BLOCK,Z,1.435862,0.6496205
7/5/7/4/7/5/3/6/5 3 3,Z,1.8181818181818181818181818182,0,BLOCK,Z,0.5962642,0.5045895
7/5/7/6/7/1/3/6/5 3 3,Z,-2.3333333333333333333333333334,0,BLOCK,Z,0.5334098,0.3398319
7/5/7/6/7/5/3/4/5 3 3,Z,2,0,BLOCK,Z,0.2003657,0.3069173
7/1/7/6/7/5/3/6/3 3 3,Z,-2.25,0,BLOCK,Z,0.1325357,0.2905812
7/5/7/4/7/5/3/6/3 3 3,Z,1.8181818181818181818181818182,0,BLOCK,Z,0.5568495,0.4760161
7/5/7/6/7/1/3/6/3 3 3,Z,-2.3333333333333333333333333334,0,BLOCK,Z,1.023729,0.5824123
7/5/7/6/7/5/3/4/3 3 3,Z,2,0,BLOCK,Z,0.1167914,0.3046146
7/1/7/6/7/5/3/5/6 3 3,Z,-2.125,0,BLOCK,Z,0.234176,0.2696126
7/5/7/4/7/5/3/5/6 3 3,Z,2,2,BLOCK,Z,0.9539818,0.6156149
7/5/7/6/7/1/3/5/6 3 3,Z,-2,0,BLOCK,Z,0.241117,0.3832743
7/5/7/6/7/5/3/1/6 3 3,Z,-2,0,BLOCK,Z,0.9500457,0.5241532
7/1/7/6/7/5/3/5/5 3 3,Z,-2.125,0,BLOCK,Z,0.3085509,0.304913
7/5/7/4/7/5/3/5/5 3 3,Z,2,0,BLOCK,Z,0.9377774,0.6803646
7/5/7/6/7/1/3/5/5 3 3,Z,-2,0,BLOCK,Z,0.749127,0.5715345
7/5/7/6/7/5/3/1/5 3 3,Z,-2,0,BLOCK,Z,0.2644785,0.2642406
7/1/7/6/7/5/3/5/3 3 3,Z,-2.125,0,BLOCK,Z,0.2039542,0.302674
7/5/7/4/7/5/3/5/3 3 3,Z,2,0,BLOCK,Z,0.638065,0.5290932
7/5/7/6/7/1/3/5/3 3 3,Z,-2,0,BLOCK,Z,0.7011406,0.5335235
7/5/7/6/7/5/3/1/3 3 3,Z,-2,0,BLOCK,Z,0.3526759,0.3879155
7/1/7/6/7/5/3/3/6 3 3,Z,-2,0,BLOCK,Z,0.3810517,0.1305443
7/5/7/4/7/5/3/3/6 3 3,Z,2.1818181818181818181818181818,0,BLOCK,Z,0.4864505,0.4897223
7/5/7/6/7/1/3/3/6 3 3,Z,-1.6666666666666666666666666666,0,BLOCK,Z,0.3329383,0.3445339
7/1/7/6/7/5/3/3/5 3 3,Z,-2,2,BLOCK,Z,1.601222,0.6639586
7/5/7/4/7/5/3/3/5 3 3,Z,2.1818181818181818181818181818,0,BLOCK,Z,0.70983,0.5800855
7/5/7/6/7/1/3/3/5 3 3,Z,-1.6666666666666666666666666666,0,BLOCK,Z,0.407667,0.4865118
7/1/7/6/7/5/3/3/3 3 3,Z,-2,0,BLOCK,Z,0.1210623,0.1945963
7/5/7/4/7/5/3/3/3 3 3,Z,2.1818181818181818181818181818,2,BLOCK,Z,1.048347,0.578581
7/5/7/6/7/1/3/3/3 3 3,Z,-1.6666666666666666666666666666,0,BLOCK,Z,0.2717568,0.3409426
7/1/7/6/7/5/3/7/4 3 3,Z,-2.125,2,BLOCK,Z,1.506902,0.7052574
7/5/7/4/7/5/3/7/4 3 3,Z,2,0,BLOCK,Z,0.566788,0.5949445
7/5/7/6/7/1/3/7/4 3 3,Z,-2,0,BLOCK,Z,0.5224174,0.4506455
7/1/7/6/7/5/3/7/2 3 3,Z,-2.125,2,BLOCK,Z,1.546545,0.8682479
7/5/7/4/7/5/3/7/2 3 3,Z,2,0,BLOCK,Z,0.6142229,0.6624798
7/5/7/6/7/1/3/7/2 3 3,Z,-2,0,BLOCK,Z,0.6474027,0.5084003
7/1/7/6/7/5/3/7/1 3 3,Z,-2.125,0,BLOCK,Z,0.3008738,0.2931954
7/5/7/4/7/5/3/7/1 3 3,Z,2,0,BLOCK,Z,0.7961004,0.4305938
7/5/7/6/7/1/3/7/1 3 3,Z,-2,0,BLOCK,Z,0.8017656,0.5802717
7/1/7/6/7/5/7/2/6 3 3,Z,-2.125,0,BLOCK,Z,0.1057741,0.161687
7/5/7/4/7/5/7/2/6 3 3,Z,2,0,BLOCK,Z,0.4328355,0.4873058
7/5/7/6/7/1/7/2/6 3 3,Z,-2,0,BLOCK,Z,0.3538571,0.286029
7/1/7/6/7/5/7/2/5 3 3,Z,-2.125,2,BLOCK,Z,1.582906,0.6495874
7/5/7/4/7/5/7/2/5 3 3,Z,2,2,BLOCK,Z,1.053183,0.5559006
7/5/7/6/7/1/7/2/5 3 3,Z,-2,0,BLOCK,Z,0.2018687,0.2322663
7/1/7/6/7/5/7/2/3 3 3,Z,-2.125,0,BLOCK,Z,0.1279708,0.07557555
7/5/7/4/7/5/7/2/3 3 3,Z,2,0,BLOCK,Z,0.5875232,0.5859427
7/5/7/6/7/1/7/2/3 3 3,Z,-2,0,BLOCK,Z,0.3245486,0.3291639
7/1/7/6/7/5/7/6/4 3 3,Z,-2.25,0,BLOCK,Z,0.07077863,0.2401193
7/5/7/4/7/5/7/6/4 3 3,Z,1.8181818181818181818181818182,0,BLOCK,Z,0.7346294,0.4290929
7/5/7/6/7/1/7/6/4 3 3,Z,-2.3333333333333333333333333332,0,BLOCK,Z,0.5457144,0.5915428
7/5/7/6/7/5/7/4/4 3 3,Z,2,0,BLOCK,Z,0.2466964,0.3513999
7/1/7/6/7/5/7/6/2 3 3,Z,-2.25,0,BLOCK,Z,0.4915496,0.4269989
7/5/7/4/7/5/7/6/2 3 3,Z,1.8181818181818181818181818182,2,BLOCK,Z,0.9786474,0.5369586
7/5/7/6/7/1/7/6/2 3 3,Z,-2.3333333333333333333333333332,0,BLOCK,Z,0.2521607,0.4224531
7/5/7/6/7/5/7/4/2 3 3,Z,2,0,BLOCK,Z,0.164656,0.2649589
7/1/7/6/7/5/7/6/1 3 3,Z,-2.25,0,BLOCK,Z,0.116243,0.2847844
7/5/7/4/7/5/7/6/1 3 3,Z,1.8181818181818181818181818182,0,BLOCK,Z,0.6158693,0.7394341
7/5/7/6/7/1/7/6/1 3 3,Z,-2.3333333333333333333333333332,0,BLOCK,Z,0.8477246,0.6603063
7/5/7/6/7/5/7/4/1 3 3,Z,2,0,BLOCK,Z,0.2608371,0.3886003
7/1/7/6/7/5/7/5/4 3 3,Z,-2.125,2,BLOCK,Z,1.459111,0.729711
7/5/7/4/7/5/7/5/4 3 3,Z,2,0,BLOCK,Z,0.5858267,0.7112713
7/5/7/6/7/1/7/5/4 3 3,Z,-2,0,BLOCK,Z,0.4843553,0.492973
7/5/7/6/7/5/7/1/4 3 3,Z,-2,0,BLOCK,Z,0.1716885,0.1202983
7/1/7/6/7/5/7/5/2 3 3,Z,-2.125,0,BLOCK,Z,0.08197258,0.03762787
7/5/7/4/7/5/7/5/2 3 3,Z,2,0,BLOCK,Z,0.5280458,0.4896818
7/5/7/6/7/1/7/5/2 3 3,Z,-2,0,BLOCK,Z,0.6698418,0.4943825
7/5/7/6/7/5/7/1/2 3 3,Z,-2,0,BLOCK,Z,0.925328,0.3615319
7/1/7/6/7/5/7/5/1 3 3,Z,-2.125,0,BLOCK,Z,0.534139,0.4292261
7/5/7/4/7/5/7/5/1 3 3,Z,2,0,BLOCK,Z,0.8113195,0.6246825
7/5/7/6/7/1/7/5/1 3 3,Z,-2,0,BLOCK,Z,0.4280155,0.3861582
7/5/7/6/7/5/7/1/1 3 3,Z,-2,0,BLOCK,Z,0.7640957,0.3544669
7/1/7/6/7/5/7/3/4 3 3,Z,-2,0,BLOCK,Z,0.1529437,0.1041567
7/5/7/4/7/5/7/3/4 3 3,Z,2.1818181818181818181818181818,0,BLOCK,Z,0.8571014,0.6440944
7/5/7/6/7/1/7/3/4 3 3,Z,-1.6666666666666666666666666668,2,BLOCK,Z,1.099145,0.6795728
7/1/7/6/7/5/7/3/2 3 3,Z,-2,0,BLOCK,Z,0.3901359,0.2692572
7/5/7/4/7/5/7/3/2 3 3,Z,2.1818181818181818181818181818,0,BLOCK,Z,0.556799,0.6025734
7/5/7/6/7/1/7/3/2 3 3,Z,-1.6666666666666666666666666668,2,BLOCK,Z,1.126682,0.7497381
7/1/7/6/7/5/7/3/1 3 3,Z,-2,0,BLOCK,Z,1.020745,0.6085013
7/5/7/4/7/5/7/3/1 3 3,Z,2.1818181818181818181818181818,0,BLOCK,Z,0.7491252,0.6217734
7/5/7/6/7/1/7/3/1 3 3,Z,-1.6666666666666666666666666668,0,BLOCK,Z,0.3675402,0.5670686
7/1/7/6/7/3/2/6/7 3 3,Z,-2.125,0,BLOCK,Z,0.6665353,0.4362381
7/5/7/4/7/3/2/6/7 3 3,Z,2,0,BLOCK,Z,0.6015506,0.7844266
7/5/7/6/7/3/2/4/7 3 3,Z,2,0,BLOCK,Z,1.51562,1.015793
7/1/7/6/7/3/2/5/7 3 3,Z,-2,2,BLOCK,Z,1.625647,0.9402034
7/5/7/4/7/3/2/5/7 3 3,Z,2.1818181818181818181818181818,0,BLOCK,Z,0.4436316,0.6126214
7/5/7/6/7/3/2/1/7 3 3,Z,-2,0,BLOCK,Z,1.645266,1.065459
7/1/7/6/7/3/2/3/7 3 3,Z,-1.875,0,BLOCK,Z,0.5051237,0.2877556
7/5/7/4/7/3/2/3/7 3 3,Z,2.3636363636363636363636363636,0,BLOCK,Z,0.3452547,0.5767052
7/1/7/6/7/3/2/7/6 3 3,Z,-2,0,BLOCK,Z,0.408453,0.2940613
7/5/7/4/7/3/2/7/6 3 3,Z,2.1818181818181818181818181818,0,BLOCK,Z,0.3646037,0.5257745
7/5/7/6/3/3/2/7/6 3 3,X,-0.625,302,TIMEOUT,Z,0.003761017,0.00242262
7/1/7/6/7/3/2/7/5 3 3,Z,-2,0,BLOCK,Z,0.1336681,0.1779163
7/5/7/4/7/3/2/7/5 3 3,Z,2.1818181818181818181818181818,0,BLOCK,Z,0.26268,0.5711607
7/1/7/6/7/3/2/7/3 3 3,Z,-2,2,BLOCK,Z,1.827748,0.6771723
7/5/7/4/7/3/2/7/3 3 3,Z,2.1818181818181818181818181818,0,BLOCK,Z,0.3063938,0.5070143
7/1/7/6/7/3/6/2/7 3 3,Z,-2,0,BLOCK,Z,0.3067328,0.1590023
7/5/7/4/7/3/6/2/7 3 3,Z,2.1818181818181818181818181818,0,BLOCK,Z,0.3821211,0.5622659
7/5/7/6/7/3/4/2/7 3 3,X,2,0,BLOCK,X,1.409278,0.8870168
7/1/7/6/7/3/6/6/6 3 3,Z,-2.125,0,BLOCK,Z,0.06260292,0.2180849
7/5/7/4/7/3/6/6/6 3 3,Z,2,0,BLOCK,Z,0.5382328,0.5662785
7/5/7/6/7/3/4/6/6 3 3,X,1.5,0,BLOCK,X,0.4954095,0.6043513
7/5/7/6/7/3/6/4/6 3 3,Z,2,0,BLOCK,Z,1.056637,0.756206
7/1/7/6/7/3/6/6/5 3 3,Z,-2.125,0,BLOCK,Z,0.6623749,0.3455468
7/5/7/4/7/3/6/6/5 3 3,Z,2,0,BLOCK,Z,0.5863332,0.7446433
7/5/7/6/7/3/4/6/5 3 3,X,2,0,BLOCK,X,0.6869028,0.7077716
7/5/7/6/7/3/6/4/5 3 3,Z,2,0,BLOCK,Z,1.629973,1.004921
7/1/7/6/7/3/6/6/3 3 3,Z,-2.125,2,BLOCK,Z,1.481594,0.730468
7/5/7/4/7/3/6/6/3 3 3,Z,2,0,BLOCK,Z,0.6347696,0.7705963
7/5/7/6/7/3/4/6/3 3 3,X,2.5,0,BLOCK,X,1.57261,1.079646
7/5/7/6/7/3/6/4/3 3 3,Z,2,0,BLOCK,Z,0.2548165,0.3628365
7/1/7/6/7/3/6/5/6 3 3,Z,-2,0,BLOCK,Z,0.3649787,0.2655163
7/5/7/4/7/3/6/5/6 3 3,Z,2.1818181818181818181818181818,2,BLOCK,Z,1.362202,0.8330708
7/5/7/6/7/3/4/5/6 3 3,X,1.5,0,BLOCK,X,0.4003757,0.5726481
7/5/7/6/7/3/6/1/6 3 3,Z,-2,0,BLOCK,Z,0.3344305,0.2588266
7/1/7/6/7/3/6/5/5 3 3,Z,-2,0,BLOCK,Z,0.1911807,0.09440157
7/5/7/4/7/3/6/5/5 3 3,Z,2.1818181818181818181818181818,0,BLOCK,Z,0.3090949,0.5173767
7/5/7/6/7/3/4/5/5 3 3,X,2,0,BLOCK,X,0.6382854,0.7184805
7/5/7/6/7/3/6/1/5 3 3,Z,-2,0,BLOCK,Z,0.2292002,0.1961672
7/1/7/6/7/3/6/5/3 3 3,Z,-2,0,BLOCK,Z,0.8123578,0.4402021
7/5/7/4/7/3/6/5/3 3 3,Z,2.1818181818181818181818181818,0,BLOCK,Z,0.7115549,0.8683997
7/5/7/6/7/3/4/5/3 3 3,X,2.5,0,BLOCK,X,0.7532361,0.7743599
7/5/7/6/7/3/6/1/3 3 3,Z,-2,2,BLOCK,Z,1.598867,0.9768155
7/1/7/6/7/3/6/3/6 3 3,Z,-1.875,2,BLOCK,Z,1.656148,0.7334414
7/5/7/4/7/3/6/3/6 3 3,Z,2.3636363636363636363636363636,0,BLOCK,Z,0.2710953,0.4739349
7/5/7/6/7/3/4/3/6 3 3,X,1.5,0,BLOCK,X,0.3426139,0.5241055
7/1/7/6/7/3/6/3/5 3 3,Z,-1.875,0,BLOCK,Z,0.2827492,0.206094
7/5/7/4/7/3/6/3/5 3 3,Z,2.3636363636363636363636363636,0,BLOCK,Z,0.1493722,0.42235
7/5/7/6/7/3/4/3/5 3 3,X,2,0,BLOCK,X,1.439611,0.872271
7/1/7/6/7/3/6/3/3 3 3,Z,-1.875,0,BLOCK,Z,0.2080189,0.318808
7/5/7/4/7/3/6/3/3 3 3,Z,2.3636363636363636363636363636,0,BLOCK,Z,0.8086266,0.6629955
7/5/7/6/7/3/4/3/3 3 3,X,2.5,2,BLOCK,X,1.659628,0.9626074
7/1/7/6/7/3/6/7/4 3 3,Z,-2,2,BLOCK,Z,1.638746,1.105695
7/5/7/4/7/3/6/7/4 3 3,Z,2.1818181818181818181818181818,0,BLOCK,Z,0.5244762,0.7938875
7/5/7/6/7/3/4/7/4 3 3,X,1.5,0,BLOCK,X,0.2823951,0.3557044
7/1/7/6/7/3/6/7/2 3 3,Z,-2,0,BLOCK,Z,0.2679131,0.267591
7/5/7/4/7/3/6/7/2 3 3,Z,2.1818181818181818181818181818,0,BLOCK,Z,0.5953571,0.8057758
7/5/7/6/7/3/4/7/2 3 3,X,2,0,BLOCK,X,0.3545543,0.5786383
7/1/7/6/7/3/6/7/1 3 3,Z,-2,0,BLOCK,Z,0.2403539,0.4024262
7/5/7/4/7/3/6/7/1 3 3,Z,2.1818181818181818181818181818,0,BLOCK,Z,0.4090651,0.658473
7/5/7/6/7/3/4/7/1 3 3,X,2.5,0,BLOCK,X,0.2523633,0.3779229
7/1/7/6/7/3/5/2/7 3 3,Z,-2,0,BLOCK,Z,0.3416898,0.3963793
7/5/7/4/7/3/5/2/7 3 3,Z,2.1818181818181818181818181818,0,BLOCK,Z,0.2152617,0.5311381
7/5/7/6/7/3/1/2/7 3 3,X,-2,2,BLOCK,X,1.339665,0.8025345
7/1/7/6/7/3/5/6/6 3 3,Z,-2.125,0,BLOCK,Z,0.2425589,0.108242
7/5/7/4/7/3/5/6/6 3 3,Z,2,0,BLOCK,Z,0.7019421,0.8750479
7/5/7/6/7/3/1/6/6 3 3,X,-2.5,0,BLOCK,X,0.4670548,0.7487962
7/5/7/6/7/3/5/4/6 3 3,Z,2,0,BLOCK,Z,0.4783942,0.5369139
7/1/7/6/7/3/5/6/5 3 3,Z,-2.125,0,BLOCK,Z,0.4275855,0.3437926
7/5/7/4/7/3/5/6/5 3 3,Z,2,0,BLOCK,Z,0.5824909,0.6785966
7/5/7/6/7/3/1/6/5 3 3,X,-2,0,BLOCK,X,0.4302835,0.5536923
7/5/7/6/7/3/5/4/5 3 3,Z,2,0,BLOCK,Z,0.5488918,0.5928392
7/1/7/6/7/3/5/6/3 3 3,Z,-2.125,2,BLOCK,Z,1.413506,0.8701277
7/5/7/4/7/3/5/6/3 3 3,Z,2,0,BLOCK,Z,0.7064846,0.8211258
7/5/7/6/7/3/1/6/3 3 3,X,-1.5,0,BLOCK,X,0.234059,0.4043727
7/5/7/6/7/3/5/4/3 3 3,Z,2,0,BLOCK,Z,0.5899916,0.6628201
7/1/7/6/7/3/5/5/6 3 3,Z,-2,2,BLOCK,Z,1.634819,0.6460801
7/5/7/4/7/3/5/5/6 3 3,Z,2.1818181818181818181818181818,0,BLOCK,Z,0.6064028,0.7393364
7/5/7/6/7/3/1/5/6 3 3,X,-2.5,0,BLOCK,X,0.5746586,0.6210207
7/5/7/6/7/3/5/1/6 3 3,Z,-2,0,BLOCK,Z,1.470137,0.909978
7/1/7/6/7/3/5/5/5 3 3,Z,-2,0,BLOCK,Z,0.09604485,0.1504546
7/5/7/4/7/3/5/5/5 3 3,Z,2.1818181818181818181818181818,0,BLOCK,Z,0.4016108,0.6670854
7/5/7/6/7/3/1/5/5 3 3,X,-2,0,BLOCK,X,0.5844335,0.6881931
7/5/7/6/7/3/5/1/5 3 3,Z,-2,0,BLOCK,Z,0.2784204,0.2472218
7/1/7/6/7/3/5/5/3 3 3,Z,-2,0,BLOCK,Z,0.1773136,0.2405864
7/5/7/4/7/3/5/5/3 3 3,Z,2.1818181818181818181818181818,0,BLOCK,Z,0.6394141,0.6116005
7/5/7/6/7/3/1/5/3 3 3,X,-1.5,0,BLOCK,X,0.4466296,0.587526
7/5/7/6/7/3/5/1/3 3 3,Z,-2,0,BLOCK,Z,0.2020161,0.1784416
7/1/7/6/7/3/5/3/6 3 3,Z,-1.875,2,BLOCK,Z,1.631068,0.7813016
7/5/7/4/7/3/5/3/6 3 3,Z,2.3636363636363636363636363636,0,BLOCK,Z,0.860261,0.8484376
7/5/7/6/7/3/1/3/6 3 3,X,-2.5,0,BLOCK,X,0.4307973,0.7464831
7/1/7/6/7/3/5/3/5 3 3,Z,-1.875,2,BLOCK,Z,1.580687,0.9780918
7/5/7/4/7/3/5/3/5 3 3,Z,2.3636363636363636363636363636,0,BLOCK,Z,0.3158619,0.5849398
7/5/7/6/7/3/1/3/5 3 3,X,-2,0,BLOCK,X,0.5165929,0.6062552
7/1/7/6/7/3/5/3/3 3 3,Z,-1.875,0,BLOCK,Z,0.702345,0.7195047
7/5/7/4/7/3/5/3/3 3 3,Z,2.3636363636363636363636363636,0,BLOCK,Z,0.3835883,0.661139
7/5/7/6/7/3/1/3/3 3 3,X,-1.5,0,BLOCK,X,0.6214603,0.6599237
7/1/7/6/7/3/5/7/4 3 3,Z,-2,2,BLOCK,Z,1.679808,0.8207566
7/5/7/4/7/3/5/7/4 3 3,Z,2.1818181818181818181818181818,0,BLOCK,Z,0.669409,0.7379063
7/5/7/6/7/3/1/7/4 3 3,X,-2.5,0,BLOCK,X,0.351802,0.5800646
7/1/7/6/7/3/5/7/2 3 3,Z,-2,0,BLOCK,Z,0.4949731,0.1749147
7/5/7/4/7/3/5/7/2 3 3,Z,2.1818181818181818181818181818,0,BLOCK,Z,0.57316,0.7489282
7/5/7/6/7/3/1/7/2 3 3,X,-2,0,BLOCK,X,0.398827,0.5106573
7/1/7/6/7/3/5/7/1 3 3,Z,-2,0,BLOCK,Z,0.2440688,0.2147764
7/5/7/4/7/3/5/7/1 3 3,Z,2.1818181818181818181818181818,0,BLOCK,Z,0.2996937,0.5156449
7/5/7/6/7/3/1/7/1 3 3,X,-1.5,0,BLOCK,X,0.6089979,0.4866847
7/1/7/6/7/3/3/2/7 3 3,Z,-2,2,BLOCK,Z,1.591358,0.709431
7/5/7/4/7/3/3/2/7 3 3,Z,2.1818181818181818181818181818,0,BLOCK,Z,0.5285923,0.7296209
7/1/7/6/7/3/3/6/6 3 3,Z,-2.125,2,BLOCK,Z,1.515774,0.7236292
7/5/7/4/7/3/3/6/6 3 3,Z,2,0,BLOCK,Z,0.3235925,0.5318379
7/5/7/6/7/3/3/4/6 3 3,Z,2,0,BLOCK,Z,0.4532466,0.4886379
7/1/7/6/7/3/3/6/5 3 3,Z,-2.125,2,BLOCK,Z,1.52599,1.206338
7/5/7/4/7/3/3/6/5 3 3,Z,2,0,BLOCK,Z,0.3519862,0.5971512
7/5/7/6/7/3/3/4/5 3 3,Z,2,0,BLOCK,Z,0.723446,0.7323252
7/1/7/6/7/3/3/6/3 3 3,Z,-2.125,0,BLOCK,Z,0.5207019,0.4298072
7/5/7/4/7/3/3/6/3 3 3,Z,2,0,BLOCK,Z,0.4677552,0.6535977
7/5/7/6/7/3/3/4/3 3 3,Z,2,0,BLOCK,Z,0.3535355,0.4379016
7/1/7/6/7/3/3/5/6 3 3,Z,-2,0,BLOCK,Z,0.3637346,0.3426359
7/5/7/4/7/3/3/5/6 3 3,Z,2.1818181818181818181818181818,0,BLOCK,Z,0.8371111,0.7401764
7/5/7/6/7/3/3/1/6 3 3,Z,-2,0,BLOCK,Z,1.669029,0.9417508
7/1/7/6/7/3/3/5/5 3 3,Z,-2,2,BLOCK,Z,1.505021,0.861962
7/5/7/4/7/3/3/5/5 3 3,Z,2.1818181818181818181818181818,2,BLOCK,Z,1.302136,0.7759629
7/5/7/6/7/3/3/1/5 3 3,Z,-2,0,BLOCK,Z,0.2487956,0.2472183
7/1/7/6/7/3/3/5/3 3 3,Z,-2,0,BLOCK,Z,0.1878288,0.3815348
7/5/7/4/7/3/3/5/3 3 3,Z,2.1818181818181818181818181818,2,BLOCK,Z,1.300982,0.9038302
7/5/7/6/7/3/3/1/3 3 3,Z,-2,2,BLOCK,Z,1.564326,0.9757444
7/1/7/6/7/3/3/3/6 3 3,Z,-1.875,0,BLOCK,Z,0.2523702,0.2787055
7/5/7/4/7/3/3/3/6 3 3,Z,2.3636363636363636363636363636,0,BLOCK,Z,0.2958045,0.4568786
7/1/7/6/7/3/3/3/5 3 3,Z,-1.875,0,BLOCK,Z,0.230422,0.3371086
7/5/7/4/7/3/3/3/5 3 3,Z,2.3636363636363636363636363636,0,BLOCK,Z,0.07518347,0.2618946
7/1/7/6/7/3/3/3/3 3 3,Z,-1.875,0,BLOCK,Z,0.4299932,0.4101587
7/5/7/4/7/3/3/3/3 3 3,Z,2.3636363636363636363636363636,0,BLOCK,Z,0.2874073,0.3622751
7/1/7/6/7/3/3/7/4 3 3,Z,-2,0,BLOCK,Z,0.1106735,0.2346119
7/5/7/4/7/3/3/7/4 3 3,Z,2.1818181818181818181818181818,0,BLOCK,Z,0.5474622,0.7898525
7/1/7/6/7/3/3/7/2 3 3,Z,-2,0,BLOCK,Z,0.4238915,0.406788
7/5/7/4/7/3/3/7/2 3 3,Z,2.1818181818181818181818181818,0,BLOCK,Z,0.5377449,0.7213731
7/1/7/6/7/3/3/7/1 3 3,Z,-2,0,BLOCK,Z,0.4573576,0.28333
7/5/7/4/7/3/3/7/1 3 3,Z,2.1818181818181818181818181818,0,BLOCK,Z,0.8148981,0.7456594
7/1/7/6/7/3/7/2/6 3 3,Z,-2,0,BLOCK,Z,0.2441761,0.2054472
7/5/7/4/7/3/7/2/6 3 3,Z,2.1818181818181818181818181818,0,BLOCK,Z,0.3804212,0.7209281
7/1/7/6/7/3/7/2/5 3 3,Z,-2,2,BLOCK,Z,1.538276,0.9485539
7/5/7/4/7/3/7/2/5 3 3,Z,2.1818181818181818181818181818,2,BLOCK,Z,1.293699,0.887328
7/1/7/6/7/3/7/2/3 3 3,Z,-2,2,BLOCK,Z,1.560277,0.8238546
7/5/7/4/7/3/7/2/3 3 3,Z,2.1818181818181818181818181818,0,BLOCK,Z,0.4451476,0.6591793
7/1/7/6/7/3/7/6/4 3 3,Z,-2.125,0,BLOCK,Z,0.3706701,0.2423821
7/5/7/4/7/3/7/6/4 3 3,Z,2,0,BLOCK,Z,0.6807382,0.6677108
7/5/7/6/7/3/7/4/4 3 3,Z,2,0,BLOCK,Z,0.4671234,0.5989912
7/1/7/6/7/3/7/6/2 3 3,Z,-2.125,2,BLOCK,Z,1.452365,0.8841064
7/5/7/4/7/3/7/6/2 3 3,Z,2,2,BLOCK,Z,1.351632,0.8569239
7/5/7/6/7/3/7/4/2 3 3,Z,2,0,BLOCK,Z,0.2017792,0.2907897
7/1/7/6/7/3/7/6/1 3 3,Z,-2.125,0,BLOCK,Z,0.5884662,0.6897178
7/5/7/4/7/3/7/6/1 3 3,Z,2,0,BLOCK,Z,0.3349853,0.6865698
7/5/7/6/7/3/7/4/1 3 3,Z,2,0,BLOCK,Z,0.4323602,0.5314448
7/1/7/6/7/3/7/5/4 3 3,Z,-2,0,BLOCK,Z,0.4675531,0.5090167
7/5/7/4/7/3/7/5/4 3 3,Z,2.1818181818181818181818181818,0,BLOCK,Z,0.5329994,0.6823912
7/5/7/6/7/3/7/1/4 3 3,Z,-2,0,BLOCK,Z,0.2368344,0.3039094
7/1/7/6/7/3/7/5/2 3 3,Z,-2,0,BLOCK,Z,0.5062722,0.6511788
7/5/7/4/7/3/7/5/2 3 3,Z,2.1818181818181818181818181818,0,BLOCK,Z,0.510989,0.6229936
7/5/7/6/7/3/7/1/2 3 3,Z,-2,2,BLOCK,Z,1.564752,0.9326426
7/1/7/6/7/3/7/5/1 3 3,Z,-2,0,BLOCK,Z,0.251882,0.4561752
7/5/7/4/7/3/7/5/1 3 3,Z,2.1818181818181818181818181818,0,BLOCK,Z,0.3050613,0.5409565
7/5/7/6/7/3/7/1/1 3 3,Z,-2,0,BLOCK,Z,0.201856,0.2172125
7/1/7/6/7/3/7/3/4 3 3,Z,-1.875,0,BLOCK,Z,0.2305047,0.2790131
7/5/7/4/7/3/7/3/4 3 3,Z,2.3636363636363636363636363636,2,BLOCK,Z,1.235075,0.8537498
7/1/7/6/7/3/7/3/2 3 3,Z,-1.875,0,BLOCK,Z,0.3847632,0.3823718
7/5/7/4/7/3/7/3/2 3 3,Z,2.3636363636363636363636363636,0,BLOCK,Z,0.2844893,0.5524725
7/1/7/6/7/3/7/3/1 3 3,Z,-1.875,2,BLOCK,Z,1.613979,0.678039
7/5/7/4/7/3/7/3/1 3 3,Z,2.3636363636363636363636363636,0,BLOCK,Z,0.5422991,0.7986254
7/1/7/6/7/7/2/2/7 3 3,Z,-2.125,2,BLOCK,Z,1.47302,0.9642008
7/5/7/4/7/7/2/2/7 3 3,Z,2,0,BLOCK,Z,0.6651552,0.527002
7/1/7/6/7/7/2/6/6 3 3,Z,-2.25,0,BLOCK,Z,0.1153548,0.2707484
7/5/7/4/7/7/2/6/6 3 3,Z,1.8181818181818181818181818182,0,BLOCK,Z,0.823719,0.436822
7/5/7/6/7/7/2/4/6 3 3,Z,2,2,BLOCK,Z,1.689071,1.091326
7/1/7/6/7/7/2/6/5 3 3,Z,-2.25,0,BLOCK,Z,0.5382672,0.4963975
7/5/7/4/7/7/2/6/5 3 3,Z,1.8181818181818181818181818182,2,BLOCK,Z,0.8926456,0.6270353
7/5/7/6/7/7/2/4/5 3 3,Z,2,0,BLOCK,Z,1.662966,1.060731
7/1/7/6/7/7/2/6/3 3 3,Z,-2.25,0,BLOCK,Z,0.3616906,0.1494213
7/5/7/4/7/7/2/6/3 3 3,Z,1.8181818181818181818181818182,0,BLOCK,Z,0.5801573,0.5268992
7/5/7/6/7/7/2/4/3 3 3,Z,2,0,BLOCK,Z,0.2192468,0.3152581
7/1/7/6/7/7/2/5/6 3 3,Z,-2.125,2,BLOCK,Z,1.665437,0.6417958
7/5/7/4/7/7/2/5/6 3 3,Z,2,0,BLOCK,Z,0.5255505,0.4873497
7/5/7/6/7/7/2/1/6 3 3,Z,-2,0,BLOCK,Z,0.2827232,0.3004078
7/1/7/6/7/7/2/5/5 3 3,Z,-2.125,0,BLOCK,Z,0.3417456,0.3767594
7/5/7/4/7/7/2/5/5 3 3,Z,2,2,BLOCK,Z,1.026193,0.5309294
7/5/7/6/7/7/2/1/5 3 3,Z,-2,0,BLOCK,Z,1.124672,0.3553538
7/1/7/6/7/7/2/5/3 3 3,Z,-2.125,0,BLOCK,Z,0.5680559,0.267998
7/5/7/4/7/7/2/5/3 3 3,Z,2,2,BLOCK,Z,0.9946266,0.6113473
7/5/7/6/7/7/2/1/3 3 3,Z,-2,0,BLOCK,Z,0.07458109,0.09364516
7/1/7/6/7/7/2/3/6 3 3,Z,-2,2,BLOCK,Z,1.548007,0.7370319
7/5/7/4/7/7/2/3/6 3 3,Z,2.1818181818181818181818181818,0,BLOCK,Z,0.505161,0.5406938
7/1/7/6/7/7/2/3/5 3 3,Z,-2,2,BLOCK,Z,1.477506,0.9406424
7/5/7/4/7/7/2/3/5 3 3,Z,2.1818181818181818181818181818,2,BLOCK,Z,1.07302,0.6176691
7/1/7/6/7/7/2/3/3 3 3,Z,-2,0,BLOCK,Z,0.3887677,0.3496825
7/5/7/4/7/7/2/3/3 3 3,Z,2.1818181818181818181818181818,0,BLOCK,Z,0.5959426,0.5453616
7/1/7/6/7/7/2/7/4 3 3,Z,-2.125,0,BLOCK,Z,0.3446397,0.362652
7/5/7/4/7/7/2/7/4 3 3,Z,2,2,BLOCK,Z,1.021088,0.5710818
7/1/7/6/7/7/2/7/2 3 3,Z,-2.125,2,BLOCK,Z,1.488048,0.686901
7/5/7/4/7/7/2/7/2 3 3,Z,2,0,BLOCK,Z,0.5352157,0.5964695
7/1/7/6/7/7/2/7/1 3 3,Z,-2.125,0,BLOCK,Z,0.1601458,0.2074632
7/5/7/4/7/7/2/7/1 3 3,Z,2,0,BLOCK,Z,0.3960544,0.4766508
7/1/7/6/7/7/6/2/6 3 3,Z,-2.125,0,BLOCK,Z,0.687211,0.5691326
7/5/7/4/7/7/6/2/6 3 3,Z,2,0,BLOCK,Z,0.6826838,0.5569074
7/5/7/6/7/7/4/2/6 3 3,X,1.3333333333333333333333333334,0,BLOCK,X,0.3310196,0.4699253
7/1/7/6/7/7/6/2/5 3 3,Z,-2.125,0,BLOCK,Z,0.1531369,0.2790467
7/5/7/4/7/7/6/2/5 3 3,Z,2,0,BLOCK,Z,0.6232017,0.536236
7/5/7/6/7/7/4/2/5 3 3,X,2,0,BLOCK,X,1.345603,0.8361558
7/5/7/6/7/7/6/2/1 3 3,X,1,2,BLOCK,X,1.303715,0.8678498
7/1/7/6/7/7/6/2/3 3 3,Z,-2.125,2,BLOCK,Z,1.425993,0.9434707
7/5/7/4/7/7/6/2/3 3 3,Z,2,0,BLOCK,Z,0.7001336,0.5982051
7/5/7/6/7/7/4/2/3 3 3,X,2.6666666666666666666666666666,2,BLOCK,X,1.636832,0.9693595
7/1/7/6/7/7/6/6/4 3 3,Z,-2.25,0,BLOCK,Z,0.3871928,0.2651639
7/5/7/4/7/7/6/6/4 3 3,Z,1.8181818181818181818181818182,2,BLOCK,Z,1.012494,0.5591033
7/5/7/6/7/7/4/6/4 3 3,X,1.3333333333333333333333333334,0,BLOCK,X,0.1471342,0.2982629
7/5/7/6/7/7/6/4/4 3 3,Z,2,0,BLOCK,Z,0.4355255,0.5488577
7/1/7/6/7/7/6/6/2 3 3,Z,-2.25,2,BLOCK,Z,1.360229,0.7173762
7/5/7/4/7/7/6/6/2 3 3,Z,1.8181818181818181818181818182,2,BLOCK,Z,1.020839,0.5487977
7/5/7/6/7/7/4/6/2 3 3,X,2,0,BLOCK,X,0.4318145,0.5874171
7/5/7/6/7/7/6/4/2 3 3,Z,2,0,BLOCK,Z,0.2857719,0.3799259
7/1/7/6/7/7/6/6/1 3 3,Z,-2.25,2,BLOCK,Z,1.372205,0.8304992
7/5/7/4/7/7/6/6/1 3 3,Z,1.8181818181818181818181818182,0,BLOCK,Z,0.4336261,0.5233973
7/5/7/6/7/7/4/6/1 3 3,X,2.6666666666666666666666666666,0,BLOCK,X,0.1833761,0.3010895
7/5/7/6/7/7/6/4/1 3 3,Z,2,0,BLOCK,Z,1.120983,0.5784814
7/1/7/6/7/7/6/5/4 3 3,Z,-2.125,2,BLOCK,Z,1.462308,0.8865545
7/5/7/4/7/7/6/5/4 3 3,Z,2,0,BLOCK,Z,0.3199707,0.3312251
7/5/7/6/7/7/4/5/4 3 3,X,1.3333333333333333333333333334,0,BLOCK,X,0.4553654,0.4812954
7/5/7/6/7/7/6/1/4 3 3,Z,-2,0,BLOCK,Z,0.1389232,0.13251
7/1/7/6/7/7/6/5/2 3 3,Z,-2.125,0,BLOCK,Z,0.2094895,0.1922154
7/5/7/4/7/7/6/5/2 3 3,Z,2,0,BLOCK,Z,0.6974636,0.6393074
7/5/7/6/7/7/4/5/2 3 3,X,2,0,BLOCK,X,0.4746113,0.59914
7/5/7/6/7/7/6/1/2 3 3,Z,-2,0,BLOCK,Z,0.1752115,0.2025951
7/1/7/6/7/7/6/5/1 3 3,Z,-2.125,0,BLOCK,Z,0.7486784,0.3129914
7/5/7/4/7/7/6/5/1 3 3,Z,2,0,BLOCK,Z,0.4820119,0.6169697
7/5/7/6/7/7/4/5/1 3 3,X,2.6666666666666666666666666666,2,BLOCK,X,1.706094,1.052616
7/5/7/6/7/7/6/1/1 3 3,Z,-2,0,BLOCK,Z,1.107434,0.4496487
7/1/7/6/7/7/6/3/4 3 3,Z,-2,0,BLOCK,Z,0.0371585,0.2116866
7/5/7/4/7/7/6/3/4 3 3,Z,2.1818181818181818181818181818,2,BLOCK,Z,1.09713,0.6408449
7/5/7/6/7/7/4/3/4 3 3,X,1.3333333333333333333333333334,0,BLOCK,X,0.1831228,0.2856165
7/1/7/6/7/7/6/3/2 3 3,Z,-2,0,BLOCK,Z,0.1942698,0.2439722
7/5/7/4/7/7/6/3/2 3 3,Z,2.1818181818181818181818181818,0,BLOCK,Z,0.487291,0.6978934
7/5/7/6/7/7/4/3/2 3 3,X,2,0,BLOCK,X,0.1884983,0.4940726
7/1/7/6/7/7/6/3/1 3 3,Z,-2,2,BLOCK,Z,1.454363,0.8672956
7/5/7/4/7/7/6/3/1 3 3,Z,2.1818181818181818181818181818,0,BLOCK,Z,0.7317721,0.5375317
7/5/7/6/7/7/4/3/1 3 3,X,2.6666666666666666666666666666,0,BLOCK,X,0.2854475,0.4189655
7/1/7/6/7/7/5/2/6 3 3,Z,-2.125,0,BLOCK,Z,0.2681167,0.1666812
7/5/7/4/7/7/5/2/6 3 3,Z,2,2,BLOCK,Z,1.052831,0.5587481
7/5/7/6/7/7/1/2/6 3 3,X,-2.6666666666666666666666666666,0,BLOCK,X,0.4740449,0.7546168
7/1/7/6/7/7/5/2/5 3 3,Z,-2.125,0,BLOCK,Z,0.2888735,0.3309758
7/5/7/4/7/7/5/2/5 3 3,Z,2,0,BLOCK,Z,0.5019964,0.6319103
7/5/7/6/7/7/1/2/5 3 3,X,-2,0,BLOCK,X,0.3667189,0.5703635
7/1/7/6/7/7/5/2/3 3 3,Z,-2.125,0,BLOCK,Z,0.1576453,0.3614612
7/5/7/4/7/7/5/2/3 3 3,Z,2,0,BLOCK,Z,0.5588858,0.6155347
7/5/7/6/7/7/1/2/3 3 3,X,-1.3333333333333333333333333334,2,BLOCK,X,1.125115,0.6865472
7/1/7/6/7/7/5/6/4 3 3,Z,-2.25,0,BLOCK,Z,0.2121713,0.2841699
7/5/7/4/7/7/5/6/4 3 3,Z,1.8181818181818181818181818182,0,BLOCK,Z,0.6730344,0.5128039
7/5/7/6/7/7/1/6/4 3 3,X,-2.6666666666666666666666666666,0,BLOCK,X,0.2495399,0.4344852
7/5/7/6/7/7/5/4/4 3 3,Z,2,0,BLOCK,Z,0.271105,0.3904743
7/1/7/6/7/7/5/6/2 3 3,Z,-2.25,0,BLOCK,Z,0.4059805,0.4890439
7/5/7/4/7/7/5/6/2 3 3,Z,1.8181818181818181818181818182,2,BLOCK,Z,0.9766917,0.559139
7/5/7/6/7/7/1/6/2 3 3,X,-2,0,BLOCK,X,0.4554938,0.6299905
7/5/7/6/7/7/5/4/2 3 3,Z,2,0,BLOCK,Z,0.3307284,0.4198576
7/1/7/6/7/7/5/6/1 3 3,Z,-2.25,2,BLOCK,Z,1.410201,0.7584314
7/5/7/4/7/7/5/6/1 3 3,Z,1.8181818181818181818181818182,0,BLOCK,Z,0.4059899,0.573035
7/5/7/6/7/7/1/6/1 3 3,X,-1.3333333333333333333333333334,0,BLOCK,X,0.0599818,0.2198614
7/5/7/6/7/7/5/4/1 3 3,Z,2,0,BLOCK,Z,0.2439514,0.3673767
7/1/7/6/7/7/5/5/4 3 3,Z,-2.125,0,BLOCK,Z,0.4786691,0.2483711
7/5/7/4/7/7/5/5/4 3 3,Z,2,2,BLOCK,Z,1.048346,0.6244467
7/5/7/6/7/7/1/5/4 3 3,X,-2.6666666666666666666666666666,0,BLOCK,X,0.1732259,0.3800316
7/5/7/6/7/7/5/1/4 3 3,Z,-2,0,BLOCK,Z,0.04371372,0.1499987
7/1/7/6/7/7/5/5/2 3 3,Z,-2.125,0,BLOCK,Z,0.05759164,0.3638623
7/5/7/4/7/7/5/5/2 3 3,Z,2,2,BLOCK,Z,1.011266,0.6189239
7/5/7/6/7/7/1/5/2 3 3,X,-2,0,BLOCK,X,0.5812729,0.6325959
7/5/7/6/7/7/5/1/2 3 3,Z,-2,2,BLOCK,Z,1.561353,0.9368877
7/1/7/6/7/7/5/5/1 3 3,Z,-2.125,0,BLOCK,Z,0.2574995,0.3104909
7/5/7/4/7/7/5/5/1 3 3,Z,2,0,BLOCK,Z,0.5639448,0.5069356
7/5/7/6/7/7/1/5/1 3 3,X,-1.3333333333333333333333333334,0,BLOCK,X,1.118365,0.7193815
7/5/7/6/7/7/5/1/1 3 3,Z,-2,0,BLOCK,Z,0.0921035,0.2044456
7/1/7/6/7/7/5/3/4 3 3,Z,-2,2,BLOCK,Z,1.464913,0.9475815
7/5/7/4/7/7/5/3/4 3 3,Z,2.1818181818181818181818181818,2,BLOCK,Z,1.124077,0.6626967
7/5/7/6/7/7/1/3/4 3 3,X,-2.6666666666666666666666666666,0,BLOCK,X,0.3334856,0.4959664
7/1/7/6/7/7/5/3/2 3 3,Z,-2,0,BLOCK,Z,0.473487,0.3280046
7/5/7/4/7/7/5/3/2 3 3,Z,2.1818181818181818181818181818,0,BLOCK,Z,0.5121364,0.6196848
7/5/7/6/7/7/1/3/2 3 3,X,-2,2,BLOCK,X,1.57304,0.9470114
7/1/7/6/7/7/5/3/1 3 3,Z,-2,0,BLOCK,Z,0.4740466,0.4892077
7/5/7/4/7/7/5/3/1 3 3,Z,2.1818181818181818181818181818,2,BLOCK,Z,1.121276,0.6454629
7/5/7/6/7/7/1/3/1 3 3,X,-1.3333333333333333333333333334,0,BLOCK,X,0.3223211,0.2776062
7/1/7/6/7/7/3/2/6 3 3,Z,-2.125,0,BLOCK,Z,0.08543523,0.1229968
7/5/7/4/7/7/3/2/6 3 3,Z,2,0,BLOCK,Z,0.5613835,0.5527951
7/5/7/6/7/7/3/2/4 3 3,X,-1,0,BLOCK,X,0.7595177,0.9424686
7/1/7/6/7/7/3/2/5 3 3,Z,-2.125,0,BLOCK,Z,0.7614781,0.4394717
7/5/7/4/7/7/3/2/5 3 3,Z,2,0,BLOCK,Z,0.6317144,0.551871
7/1/7/6/7/7/3/2/3 3 3,Z,-2.125,0,BLOCK,Z,0.379924,0.2462794
7/5/7/4/7/7/3/2/3 3 3,Z,2,2,BLOCK,Z,1.038895,0.6647571
7/1/7/6/7/7/3/6/4 3 3,Z,-2.25,0,BLOCK,Z,0.4164655,0.4735152
7/5/7/4/7/7/3/6/4 3 3,Z,1.8181818181818181818181818182,2,BLOCK,Z,1.020665,0.6050343
7/5/7/6/7/7/3/4/4 3 3,Z,2,0,BLOCK,Z,1.71822,1.042618
7/1/7/6/7/7/3/6/2 3 3,Z,-2.25,0,BLOCK,Z,0.06375518,0.2830467
7/5/7/4/7/7/3/6/2 3 3,Z,1.8181818181818181818181818182,0,BLOCK,Z,0.4089859,0.5429704
7/5/7/6/7/7/3/4/2 3 3,Z,2,0,BLOCK,Z,0.4365254,0.5204504
7/1/7/6/7/7/3/6/1 3 3,Z,-2.25,0,BLOCK,Z,0.1909491,0.2145513
7/5/7/4/7/7/3/6/1 3 3,Z,1.8181818181818181818181818182,0,BLOCK,Z,0.6595291,0.5614139
7/5/7/6/7/7/3/4/1 3 3,Z,2,0,BLOCK,Z,0.06572486,0.2085438
6/5/7/6/7/7/3/5/4 3 3,X,-0.8333333333333333333333333333,302,TIMEOUT,Z,0.1042716,0.08434632
7/1/7/6/7/7/3/5/4 3 3,Z,-2.125,0,BLOCK,Z,0.166548,0.2023314
7/5/7/4/7/7/3/5/4 3 3,Z,2,0,BLOCK,Z,0.5366005,0.6605383
7/5/7/6/7/7/3/1/4 3 3,Z,-2,0,BLOCK,Z,1.675425,1.015342
7/1/7/6/7/7/3/5/2 3 3,Z,-2.125,0,BLOCK,Z,0.6771967,0.41075
7/5/7/4/7/7/3/5/2 3 3,Z,2,0,BLOCK,Z,0.5695613,0.6414042
7/5/7/6/7/7/3/1/2 3 3,Z,-2,0,BLOCK,Z,0.2853769,0.3286819
7/1/7/6/7/7/3/5/1 3 3,Z,-2.125,0,BLOCK,Z,0.4652317,0.378028
7/5/6/6/7/7/3/5/1 3 3,X,0.6538461538461538461538461538,302,TIMEOUT,Z,0.02623901,0.01650432
7/5/7/4/7/7/3/5/1 3 3,Z,2,0,BLOCK,Z,0.5806361,0.5969553
7/5/7/6/7/7/3/1/1 3 3,Z,-2,0,BLOCK,Z,0.2002235,0.1636112
7/1/7/6/7/7/3/3/4 3 3,Z,-2,0,BLOCK,Z,0.159977,0.01772124
7/5/7/4/7/7/3/3/4 3 3,Z,2.1818181818181818181818181818,0,BLOCK,Z,0.6004342,0.6464552
7/1/7/6/7/7/3/3/2 3 3,Z,-2,0,BLOCK,Z,0.7288934,0.3143562
7/5/7/4/7/7/3/3/2 3 3,Z,2.1818181818181818181818181818,0,BLOCK,Z,0.5231297,0.6232366
7/1/7/6/7/7/3/3/1 3 3,Z,-2,0,BLOCK,Z,0.2750647,0.1928578
7/5/7/4/7/7/3/3/1 3 3,Z,2.1818181818181818181818181818,0,BLOCK,Z,0.4708831,0.6094986
7/1/7/6/7/7/7/2/4 3 3,Z,-2.125,0,BLOCK,Z,0.4478422,0.4727967
7/5/7/4/7/7/7/2/4 3 3,Z,2,2,BLOCK,Z,1.090271,0.640592
7/1/7/6/7/7/7/2/2 3 3,Z,-2.125,0,BLOCK,Z,0.1680417,0.2290743
7/5/7/4/7/7/7/2/2 3 3,Z,2,0,BLOCK,Z,0.5651844,0.5813361
7/1/7/6/7/7/7/2/1 3 3,Z,-2.125,0,BLOCK,Z,0.4200945,0.346627
7/5/7/4/7/7/7/2/1 3 3,Z,2,0,BLOCK,Z,0.4774852,0.5694518
7/1/7/5/2/2/7/7/7 3 3,Z,-2,2,BLOCK,Z,0.5373744,0.4606526
7/5/7/1/2/2/7/7/7 3 3,Z,-2,2,BLOCK,Z,0.8667672,0.5707045
7/1/7/5/2/6/6/7/7 3 3,Z,-2.125,2,BLOCK,Z,0.9202698,0.5140662
7/5/7/1/2/6/6/7/7 3 3,Z,-2.1818181818181818181818181818,2,BLOCK,Z,1.249301,0.781569
7/5/7/5/2/4/6/7/7 3 3,Z,2,0,BLOCK,Z,0.6758005,0.7197935
7/5/7/5/2/6/4/7/7 3 3,X,2,0,BLOCK,X,0.6688155,0.8288614
7/1/7/5/2/6/5/7/7 3 3,Z,-2.125,0,BLOCK,Z,0.6001647,0.4595676
7/5/7/1/2/6/5/7/7 3 3,Z,-2.1818181818181818181818181818,2,BLOCK,Z,1.09943,0.6342294
7/5/7/5/2/4/5/7/7 3 3,Z,2,0,BLOCK,Z,1.120521,0.7981242
7/5/7/5/2/6/1/7/7 3 3,X,-2,0,BLOCK,X,0.6811453,0.5246989
7/1/7/5/2/6/3/7/7 3 3,Z,-2.125,2,BLOCK,Z,0.8917544,0.5735521
7/5/7/1/2/6/3/7/7 3 3,Z,-2.1818181818181818181818181818,0,BLOCK,Z,0.497079,0.6158742
7/5/7/5/2/4/3/7/7 3 3,Z,2,2,BLOCK,Z,1.084955,0.8647017
7/1/7/5/2/6/7/6/7 3 3,Z,-2.25,0,BLOCK,Z,0.5648169,0.3508758
7/5/7/1/2/6/7/6/7 3 3,Z,-2.3636363636363636363636363636,0,BLOCK,Z,0.3967348,0.5555134
7/5/7/5/2/4/7/6/7 3 3,Z,1.75,0,BLOCK,Z,0.6261449,0.7150213
7/5/7/5/2/6/7/4/7 3 3,Z,2,0,BLOCK,Z,0.5165296,0.63283
7/1/7/5/2/6/7/5/7 3 3,Z,-2.125,2,BLOCK,Z,0.8560733,0.5281403
7/5/7/1/2/6/7/5/7 3 3,Z,-2.1818181818181818181818181818,0,BLOCK,Z,0.4054168,0.5727683
7/5/7/5/2/4/7/5/7 3 3,Z,2,0,BLOCK,Z,1.051194,0.8463302
7/5/7/5/2/6/7/1/7 3 3,Z,-2,0,BLOCK,Z,0.4918328,0.5675974
7/1/7/5/2/6/7/3/7 3 3,Z,-2.00,2,BLOCK,Z,0.9488163,0.5740036
7/5/7/1/2/6/7/3/7 3 3,Z,-2.00,0,BLOCK,Z,0.9264443,0.6494235
7/5/7/5/2/4/7/3/7 3 3,Z,2.25,0,BLOCK,Z,0.7337584,0.6661233
7/1/7/5/2/6/7/7/6 3 3,Z,-2.125,0,BLOCK,Z,0.4829668,0.4193007
7/5/7/1/2/6/7/7/6 3 3,Z,-2.1818181818181818181818181818,0,BLOCK,Z,0.4451494,0.5870252
7/5/7/5/2/4/7/7/6 3 3,Z,2,0,BLOCK,Z,0.7686665,0.7810418
7/1/7/5/2/6/7/7/5 3 3,Z,-2.125,0,BLOCK,Z,0.3254852,0.3163959
7/5/7/1/2/6/7/7/5 3 3,Z,-2.1818181818181818181818181818,0,BLOCK,Z,0.3293743,0.5680548
7/5/7/5/2/4/7/7/5 3 3,Z,2,0,BLOCK,Z,1.117806,0.8128133
7/1/7/5/2/6/7/7/3 3 3,Z,-2.125,0,BLOCK,Z,0.4421686,0.4204593
7/5/7/1/2/6/7/7/3 3 3,Z,-2.1818181818181818181818181818,0,BLOCK,Z,0.6039299,0.6609449
7/5/7/5/2/4/7/7/3 3 3,Z,2,0,BLOCK,Z,0.7588989,0.8299203
7/1/7/5/2/5/6/7/7 3 3,Z,-2,2,BLOCK,Z,0.7224377,0.4897782
7/5/7/1/2/5/6/7/7 3 3,Z,-2,2,BLOCK,Z,0.8667352,0.571411
7/5/7/5/2/1/6/7/7 3 3,Z,-2,0,BLOCK,Z,0.7908918,0.8057302
7/5/7/5/2/5/4/7/7 3 3,X,2,2,BLOCK,X,1.433505,0.8498628
7/1/7/5/2/5/5/7/7 3 3,Z,-2,0,BLOCK,Z,0.4378226,0.2689205
7/5/7/1/2/5/5/7/7 3 3,Z,-2,2,BLOCK,Z,0.8995928,0.5786212
7/5/7/5/2/1/5/7/7 3 3,Z,-2,0,BLOCK,Z,0.8292518,0.8009614
7/5/7/5/2/5/1/7/7 3 3,X,-2,2,BLOCK,X,1.373241,0.7392882
7/1/7/5/2/5/3/7/7 3 3,Z,-2,0,BLOCK,Z,0.5926086,0.187565
7/5/7/1/2/5/3/7/7 3 3,Z,-2,0,BLOCK,Z,0.4014791,0.4461955
7/5/7/5/2/1/3/7/7 3 3,Z,-2,0,BLOCK,Z,0.864078,0.6886252
7/1/7/5/2/5/7/6/7 3 3,Z,-2.125,0,BLOCK,Z,0.5517191,0.2439663
7/5/7/1/2/5/7/6/7 3 3,Z,-2.1818181818181818181818181818,0,BLOCK,Z,0.8938216,0.5110129
7/5/7/5/2/1/7/6/7 3 3,Z,-2.25,0,BLOCK,Z,0.5152573,0.5267185
7/5/7/5/2/5/7/4/7 3 3,Z,2,0,BLOCK,Z,0.2637745,0.4267911
7/1/7/5/2/5/7/5/7 3 3,Z,-2,2,BLOCK,Z,0.7449248,0.4129848
7/5/7/1/2/5/7/5/7 3 3,Z,-2,0,BLOCK,Z,0.5602821,0.5012377
7/5/7/5/2/1/7/5/7 3 3,Z,-2,2,BLOCK,Z,1.07604,0.8985434
7/5/7/5/2/5/7/1/7 3 3,Z,-2,0,BLOCK,Z,0.1898295,0.4231799
6/5/7/5/2/5/7/3/7 3 3,X,0.5,302,TIMEOUT,Z,0.1389076,0.0945835
7/1/7/5/2/5/7/3/7 3 3,Z,-1.875,0,BLOCK,Z,0.528381,0.3891768
7/5/7/1/2/5/7/3/7 3 3,Z,-1.8181818181818181818181818182,0,BLOCK,Z,0.4433583,0.4534759
7/5/7/5/2/1/7/3/7 3 3,Z,-1.75,0,BLOCK,Z,0.5219244,0.6181128
7/1/7/5/2/5/7/7/6 3 3,Z,-2,0,BLOCK,Z,0.4690883,0.3347059
7/5/7/1/2/5/7/7/6 3 3,Z,-2,0,BLOCK,Z,0.735104,0.5849835
7/5/7/5/2/1/7/7/6 3 3,Z,-2,2,BLOCK,Z,1.208666,0.7540964
7/1/7/5/2/5/7/7/5 3 3,Z,-2,0,BLOCK,Z,0.4350113,0.32532
7/5/7/1/2/5/7/7/5 3 3,Z,-2,0,BLOCK,Z,0.4123855,0.4512604
7/5/7/5/2/1/7/7/5 3 3,Z,-2,0,BLOCK,Z,0.8283659,0.7205226
7/1/7/5/2/5/7/7/3 3 3,Z,-2,2,BLOCK,Z,0.7176328,0.4958515
7/5/7/1/2/5/7/7/3 3 3,Z,-2,0,BLOCK,Z,0.3873079,0.3891641
7/5/7/5/2/1/7/7/3 3 3,Z,-2,0,BLOCK,Z,0.8841553,0.8115263
7/1/7/5/2/3/6/7/7 3 3,Z,-1.875,0,BLOCK,Z,0.4063615,0.2798471
7/5/7/1/2/3/6/7/7 3 3,Z,-1.8181818181818181818181818182,2,BLOCK,Z,0.8418582,0.5421022
7/5/7/5/2/3/4/7/7 3 3,X,2,2,BLOCK,X,1.412131,0.9133289
7/1/7/5/2/3/5/7/7 3 3,Z,-1.875,2,BLOCK,Z,0.7344536,0.3300402
7/5/7/1/2/3/5/7/7 3 3,Z,-1.8181818181818181818181818182,0,BLOCK,Z,0.7478297,0.5396593
7/5/7/5/2/3/1/7/7 3 3,X,-2,0,BLOCK,X,0.7456818,0.5486239
7/1/7/5/2/3/3/7/7 3 3,Z,-1.875,2,BLOCK,Z,0.6988938,0.50971
7/5/7/1/2/3/3/7/7 3 3,Z,-1.8181818181818181818181818182,0,BLOCK,Z,0.5708783,0.5510725
7/1/7/5/2/3/7/6/7 3 3,Z,-2.00,0,BLOCK,Z,0.3602536,0.3940738
7/5/7/1/2/3/7/6/7 3 3,Z,-2.00,0,BLOCK,Z,0.4213715,0.5229892
7/5/7/5/2/3/7/4/7 3 3,Z,2,0,BLOCK,Z,0.4694372,0.4651474
7/1/7/5/2/3/7/5/7 3 3,Z,-1.875,0,BLOCK,Z,0.3779414,0.282104
7/5/7/1/2/3/7/5/7 3 3,Z,-1.8181818181818181818181818182,0,BLOCK,Z,0.4760981,0.4332648
7/5/7/5/2/3/7/1/7 3 3,Z,-2,0,BLOCK,Z,0.4325181,0.473266
7/1/7/5/2/3/7/3/7 3 3,Z,-1.75,2,BLOCK,Z,0.7121502,0.4339506
7/5/7/1/2/3/7/3/7 3 3,Z,-1.6363636363636363636363636364,2,BLOCK,Z,0.7835132,0.4956012
7/1/7/5/2/3/7/7/6 3 3,Z,-1.875,2,BLOCK,Z,0.740192,0.5326887
7/5/7/1/2/3/7/7/6 3 3,Z,-1.8181818181818181818181818182,0,BLOCK,Z,0.3924979,0.3968055
7/1/7/5/2/3/7/7/5 3 3,Z,-1.875,2,BLOCK,Z,0.7448345,0.4767135
7/5/7/1/2/3/7/7/5 3 3,Z,-1.8181818181818181818181818182,0,BLOCK,Z,0.2739142,0.4563018
7/1/7/5/2/3/7/7/3 3 3,Z,-1.875,2,BLOCK,Z,0.7693367,0.3629499
7/5/7/1/2/3/7/7/3 3 3,Z,-1.8181818181818181818181818182,2,BLOCK,Z,0.9114479,0.5378276
7/1/7/5/2/7/2/7/7 3 3,Z,-2,0,BLOCK,Z,0.6376392,0.389572
7/5/7/1/2/7/2/7/7 3 3,Z,-2,2,BLOCK,Z,0.9375576,0.5418586
7/1/7/5/2/7/6/6/7 3 3,Z,-2.125,2,BLOCK,Z,0.8176433,0.3647342
7/5/7/1/2/7/6/6/7 3 3,Z,-2.1818181818181818181818181818,0,BLOCK,Z,0.3409044,0.4678737
7/5/7/5/2/7/4/6/7 3 3,X,2,0,BLOCK,X,1.189899,0.7783684
7/5/7/5/2/7/6/4/7 3 3,Z,2,0,BLOCK,Z,0.1253775,0.2061663
7/1/7/5/2/7/6/5/7 3 3,Z,-2,2,BLOCK,Z,0.8070984,0.407171
7/5/7/1/2/7/6/5/7 3 3,Z,-2,0,BLOCK,Z,0.7169656,0.5651156
7/5/7/5/2/7/4/5/7 3 3,X,2,0,BLOCK,X,1.424886,0.8921077
7/5/7/5/2/7/6/1/7 3 3,Z,-2,0,BLOCK,Z,0.08320778,0.2796889
7/1/7/5/2/7/6/3/7 3 3,Z,-1.875,2,BLOCK,Z,0.7249941,0.3999438
7/5/7/1/2/7/6/3/7 3 3,Z,-1.8181818181818181818181818182,0,BLOCK,Z,0.5293691,0.4944697
7/5/7/5/2/7/4/3/7 3 3,X,2,0,BLOCK,X,0.5476618,0.6114535
7/1/7/5/2/7/6/7/6 3 3,Z,-2,0,BLOCK,Z,0.2722882,0.228
7/5/7/1/2/7/6/7/6 3 3,Z,-2,0,BLOCK,Z,0.7860005,0.6150611
7/5/7/5/2/7/4/7/6 3 3,X,1.6,0,BLOCK,X,0.5485296,0.4366955
7/1/7/5/2/7/6/7/5 3 3,Z,-2,0,BLOCK,Z,0.4182058,0.2525608
7/5/7/1/2/7/6/7/5 3 3,Z,-2,0,BLOCK,Z,0.4655804,0.4569828
7/5/7/5/2/7/4/7/5 3 3,X,2,0,BLOCK,X,0.5786588,0.516597
7/1/7/5/2/7/6/7/3 3 3,Z,-2,0,BLOCK,Z,0.4488453,0.2579089
7/5/7/1/2/7/6/7/3 3 3,Z,-2,2,BLOCK,Z,0.9921128,0.5747557
7/5/7/5/2/7/4/7/3 3 3,X,2.4,0,BLOCK,X,0.6975406,0.7115923
7/1/7/5/2/7/5/6/7 3 3,Z,-2.125,2,BLOCK,Z,0.7721723,0.4104091
7/5/7/1/2/7/5/6/7 3 3,Z,-2.1818181818181818181818181818,2,BLOCK,Z,1.017628,0.5606164
7/5/7/5/2/7/1/6/7 3 3,X,-2,0,BLOCK,X,0.5396148,0.686437
7/5/7/5/2/7/5/4/7 3 3,Z,2,2,BLOCK,Z,1.617425,1.028005
7/1/7/5/2/7/5/5/7 3 3,Z,-2,0,BLOCK,Z,0.5159503,0.3009532
7/5/7/1/2/7/5/5/7 3 3,Z,-2,0,BLOCK,Z,0.7086076,0.6214203
7/5/7/5/2/7/1/5/7 3 3,X,-2,0,BLOCK,X,0.629458,0.4808132
7/5/7/5/2/7/5/1/7 3 3,Z,-2,0,BLOCK,Z,1.636667,1.086519
7/1/7/5/2/7/5/3/7 3 3,Z,-1.875,2,BLOCK,Z,0.7333063,0.3830288
7/5/7/1/2/7/5/3/7 3 3,Z,-1.8181818181818181818181818182,0,BLOCK,Z,0.5213848,0.4958153
7/5/7/5/2/7/1/3/7 3 3,X,-2,0,BLOCK,X,0.5819948,0.5432619
7/1/7/5/2/7/5/7/6 3 3,Z,-2,0,BLOCK,Z,0.4102183,0.3535981
7/5/7/1/2/7/5/7/6 3 3,Z,-2,0,BLOCK,Z,0.6313948,0.6188504
7/5/7/5/2/7/1/7/6 3 3,X,-2.4,0,BLOCK,X,1.02378,0.8358275
7/1/7/5/2/7/5/7/5 3 3,Z,-2,0,BLOCK,Z,0.4826599,0.3082959
7/5/7/1/2/7/5/7/5 3 3,Z,-2,2,BLOCK,Z,0.9628715,0.5884473
7/5/7/5/2/7/1/7/5 3 3,X,-2,0,BLOCK,X,0.6625327,0.5567099
7/1/7/5/2/7/5/7/3 3 3,Z,-2,2,BLOCK,Z,0.7664959,0.3864769
7/5/7/1/2/7/5/7/3 3 3,Z,-2,0,BLOCK,Z,0.7482428,0.5751345
7/5/7/5/2/7/1/7/3 3 3,X,-1.6,0,BLOCK,X,0.4684774,0.4882979
7/1/7/5/2/7/3/6/7 3 3,Z,-2.125,0,BLOCK,Z,0.3963411,0.3591358
7/5/7/1/2/7/3/6/7 3 3,Z,-2.1818181818181818181818181818,2,BLOCK,Z,0.9905575,0.5536034
7/5/7/5/2/7/3/4/7 3 3,Z,2,0,BLOCK,Z,0.2033169,0.3046533
7/1/7/5/2/7/3/5/7 3 3,Z,-2,0,BLOCK,Z,0.5819157,0.2816319
7/5/7/1/2/7/3/5/7 3 3,Z,-2,0,BLOCK,Z,0.5881805,0.4275258
7/5/7/5/2/7/3/1/7 3 3,Z,-2,0,BLOCK,Z,1.105552,0.593327
7/1/7/5/2/7/3/3/7 3 3,Z,-1.875,0,BLOCK,Z,0.4883187,0.3546183
7/5/7/1/2/7/3/3/7 3 3,Z,-1.8181818181818181818181818182,2,BLOCK,Z,0.8933215,0.5780075
7/1/7/5/2/7/3/7/6 3 3,Z,-2,0,BLOCK,Z,0.5005761,0.3180785
7/5/7/1/2/7/3/7/6 3 3,Z,-2,0,BLOCK,Z,0.7354157,0.5909593
7/1/7/5/2/7/3/7/5 3 3,Z,-2,0,BLOCK,Z,0.5129044,0.3545121
7/5/7/1/2/7/3/7/5 3 3,Z,-2,0,BLOCK,Z,0.6714428,0.5839262
7/1/7/5/2/7/3/7/3 3 3,Z,-2,0,BLOCK,Z,0.6552578,0.4076716
7/5/7/1/2/7/3/7/3 3 3,Z,-2,0,BLOCK,Z,0.6247255,0.5456322
7/1/7/5/2/7/7/2/7 3 3,Z,-2,0,BLOCK,Z,0.3741797,0.2312465
7/5/7/1/2/7/7/2/7 3 3,Z,-2,0,BLOCK,Z,0.7569605,0.4704399
7/1/7/5/2/7/7/6/6 3 3,Z,-2.125,0,BLOCK,Z,0.6069825,0.3827497
7/5/7/1/2/7/7/6/6 3 3,Z,-2.1818181818181818181818181818,2,BLOCK,Z,1.014433,0.7300658
7/5/7/5/2/7/7/4/6 3 3,Z,2,0,BLOCK,Z,0.3136208,0.4814087
7/1/7/5/2/7/7/6/5 3 3,Z,-2.125,2,BLOCK,Z,0.8143558,0.4402842
7/5/7/1/2/7/7/6/5 3 3,Z,-2.1818181818181818181818181818,2,BLOCK,Z,0.9708378,0.5826778
7/5/7/5/2/7/7/4/5 3 3,Z,2,0,BLOCK,Z,0.2393025,0.3778071
7/1/7/5/2/7/7/6/3 3 3,Z,-2.125,2,BLOCK,Z,0.8318846,0.4165674
7/5/7/1/2/7/7/6/3 3 3,Z,-2.1818181818181818181818181818,0,BLOCK,Z,0.6323062,0.6017458
7/5/7/5/2/7/7/4/3 3 3,Z,2,0,BLOCK,Z,0.1632975,0.3276049
7/1/7/5/2/7/7/5/6 3 3,Z,-2,2,BLOCK,Z,0.7211781,0.5367905
7/5/7/1/2/7/7/5/6 3 3,Z,-2,0,BLOCK,Z,0.6277215,0.5765116
7/5/7/5/2/7/7/1/6 3 3,Z,-2,0,BLOCK,Z,0.2639711,0.4670674
7/1/7/5/2/7/7/5/5 3 3,Z,-2,2,BLOCK,Z,0.7409493,0.48411
7/5/7/1/2/7/7/5/5 3 3,Z,-2,0,BLOCK,Z,0.5038245,0.5380492
7/5/7/5/2/7/7/1/5 3 3,Z,-2,0,BLOCK,Z,0.1445751,0.3298734
7/1/7/5/2/7/7/5/3 3 3,Z,-2,0,BLOCK,Z,0.5478082,0.3266686
7/5/7/1/2/7/7/5/3 3 3,Z,-2,0,BLOCK,Z,0.8611498,0.5772076
7/5/7/5/2/7/7/1/3 3 3,Z,-2,0,BLOCK,Z,0.1718773,0.2846354
7/1/7/5/2/7/7/3/6 3 3,Z,-1.875,0,BLOCK,Z,0.4065286,0.1013406
7/5/7/1/2/7/7/3/6 3 3,Z,-1.8181818181818181818181818182,2,BLOCK,Z,0.922767,0.5061519
7/1/7/5/2/7/7/3/5 3 3,Z,-1.875,0,BLOCK,Z,0.4691259,0.3508114
7/5/7/1/2/7/7/3/5 3 3,Z,-1.8181818181818181818181818182,0,BLOCK,Z,0.3909615,0.5785855
7/1/7/5/2/7/7/3/3 3 3,Z,-1.875,0,BLOCK,Z,0.5456294,0.2428461
7/5/7/1/2/7/7/3/3 3 3,Z,-1.8181818181818181818181818182,0,BLOCK,Z,0.8815387,0.5966747
7/1/7/5/2/7/7/7/4 3 3,Z,-2,0,BLOCK,Z,0.3801982,0.3290171
7/5/7/1/2/7/7/7/4 3 3,Z,-2,2,BLOCK,Z,0.9463071,0.6319213
7/1/7/5/2/7/7/7/2 3 3,Z,-2,0,BLOCK,Z,0.4381104,0.2449763
7/5/7/1/2/7/7/7/2 3 3,Z,-2,0,BLOCK,Z,0.5787147,0.5697833
7/1/7/5/2/7/7/7/1 3 3,Z,-2,0,BLOCK,Z,0.4030084,0.3304983
7/5/7/1/2/7/7/7/1 3 3,Z,-2,0,BLOCK,Z,0.6568565,0.6910786
7/1/7/5/6/2/6/7/7 3 3,Z,-2,0,BLOCK,Z,0.4147144,0.313342
7/5/7/1/6/2/6/7/7 3 3,Z,-2,0,BLOCK,Z,0.149371,0.2487179
7/5/7/5/4/2/6/7/7 3 3,X,1.7777777777777777777777777778,2,BLOCK,X,0.9111004,0.6027471
7/5/7/5/6/2/4/7/7 3 3,X,2,0,BLOCK,X,1.014901,0.8183904
7/1/7/5/6/2/5/7/7 3 3,Z,-2,0,BLOCK,Z,0.6344815,0.4421255
7/5/7/1/6/2/5/7/7 3 3,Z,-2,0,BLOCK,Z,1.27338,0.7475674
7/5/7/5/4/2/5/7/7 3 3,X,2,2,BLOCK,X,0.8560861,0.7088513
7/5/7/5/6/2/1/7/7 3 3,X,-2,0,BLOCK,X,0.8858409,0.594367
7/1/7/5/6/2/3/7/7 3 3,Z,-2,0,BLOCK,Z,0.442458,0.2452017
7/5/7/1/6/2/3/7/7 3 3,Z,-2,0,BLOCK,Z,0.1558414,0.2734951
7/5/7/5/4/2/3/7/7 3 3,X,2.2222222222222222222222222222,0,BLOCK,X,1.155328,0.5695492
7/1/7/5/6/2/7/6/7 3 3,Z,-2.125,0,BLOCK,Z,0.3893511,0.3191217
7/5/7/1/6/2/7/6/7 3 3,Z,-2.1818181818181818181818181818,0,BLOCK,Z,0.206361,0.2687041
7/5/7/5/4/2/7/6/7 3 3,X,2,0,BLOCK,X,0.7318174,0.6421769
7/5/7/5/6/2/7/4/7 3 3,Z,2,2,BLOCK,Z,1.565368,0.9521687
7/1/7/5/6/2/7/5/7 3 3,Z,-2,0,BLOCK,Z,0.5617,0.3705419
7/5/7/1/6/2/7/5/7 3 3,Z,-2,0,BLOCK,Z,0.2788254,0.3061251
7/5/7/5/4/2/7/5/7 3 3,X,2,0,BLOCK,X,0.7436708,0.6963093
7/5/7/5/6/2/7/1/7 3 3,Z,-2,0,BLOCK,Z,0.4400161,0.4921987
7/1/7/5/6/2/7/3/7 3 3,Z,-1.875,0,BLOCK,Z,0.3700366,0.3854998
7/5/7/1/6/2/7/3/7 3 3,Z,-1.8181818181818181818181818182,0,BLOCK,Z,0.1546282,0.2433081
7/5/7/5/4/2/7/3/7 3 3,X,2,0,BLOCK,X,0.6715611,0.6994405
7/1/7/5/6/2/7/7/6 3 3,Z,-2,2,BLOCK,Z,0.7402963,0.4015636
7/5/7/1/6/2/7/7/6 3 3,Z,-2,2,BLOCK,Z,1.054782,0.6334317
7/5/7/5/4/2/7/7/6 3 3,X,1.7777777777777777777777777778,0,BLOCK,X,0.6752562,0.7207432
7/1/7/5/6/2/7/7/5 3 3,Z,-2,2,BLOCK,Z,0.7568083,0.4233006
7/5/7/1/6/2/7/7/5 3 3,Z,-2,0,BLOCK,Z,0.1676163,0.2602301
7/5/7/5/4/2/7/7/5 3 3,X,2,0,BLOCK,X,0.863055,0.694514
7/1/7/5/6/2/7/7/3 3 3,Z,-2,2,BLOCK,Z,0.697835,0.3760734
7/5/7/1/6/2/7/7/3 3 3,Z,-2,0,BLOCK,Z,0.5312561,0.5204492
7/5/7/5/4/2/7/7/3 3 3,X,2.2222222222222222222222222222,2,BLOCK,X,1.030782,0.6332405
7/1/7/5/6/6/2/7/7 3 3,Z,-2.125,0,BLOCK,Z,0.6245109,0.4302378
7/5/7/1/6/6/2/7/7 3 3,Z,-2.1818181818181818181818181818,0,BLOCK,Z,0.9660353,0.8418825
7/5/7/5/4/6/2/7/7 3 3,X,2,0,BLOCK,X,0.4729414,0.5310376
7/5/7/5/6/4/2/7/7 3 3,Z,2,0,BLOCK,Z,0.6692325,0.7781899
7/1/7/5/6/6/6/6/7 3 3,Z,-2.25,0,BLOCK,Z,0.2634187,0.384906
7/5/7/1/6/6/6/6/7 3 3,Z,-2.3636363636363636363636363638,0,BLOCK,Z,0.2146931,0.5534148
7/5/7/5/4/6/6/6/7 3 3,X,1.7777777777777777777777777778,0,BLOCK,X,0.6321443,0.5397701
7/5/7/5/6/4/6/6/7 3 3,Z,1.7142857142857142857142857142,0,BLOCK,Z,0.6099819,0.7026902
7/5/7/5/6/6/4/6/7 3 3,X,2,0,BLOCK,X,0.488728,0.6752064
7/5/7/5/6/6/6/4/7 3 3,Z,2,0,BLOCK,Z,0.3327259,0.4126244
7/1/7/5/6/6/6/5/7 3 3,Z,-2.125,0,BLOCK,Z,0.5396097,0.3649898
7/5/7/1/6/6/6/5/7 3 3,Z,-2.1818181818181818181818181818,0,BLOCK,Z,0.2934346,0.5561123
7/5/7/5/4/6/6/5/7 3 3,X,1.7777777777777777777777777778,2,BLOCK,X,0.8949763,0.559569
7/5/7/5/6/4/6/5/7 3 3,Z,2,0,BLOCK,Z,0.498336,0.7813084
7/5/7/5/6/6/4/5/7 3 3,X,2,0,BLOCK,X,0.4601257,0.6197919
7/5/7/5/6/6/6/1/7 3 3,Z,-2,0,BLOCK,Z,1.130238,0.563651
7/1/7/5/6/6/6/3/7 3 3,Z,-2,0,BLOCK,Z,0.7419614,0.4830055
7/5/7/1/6/6/6/3/7 3 3,Z,-2,0,BLOCK,Z,0.5886074,0.7958853
7/5/7/5/4/6/6/3/7 3 3,X,1.7777777777777777777777777778,0,BLOCK,X,0.9041041,0.5867922
7/5/7/5/6/4/6/3/7 3 3,Z,2.2857142857142857142857142858,2,BLOCK,Z,1.325908,0.7964676
7/5/7/5/6/6/4/3/7 3 3,X,2,0,BLOCK,X,0.7411148,0.7828543
7/1/7/5/6/6/6/7/6 3 3,Z,-2.125,0,BLOCK,Z,0.6980787,0.500726
7/5/7/1/6/6/6/7/6 3 3,Z,-2.1818181818181818181818181818,2,BLOCK,Z,1.216558,0.8374154
7/5/7/5/4/6/6/7/6 3 3,X,1.5555555555555555555555555556,0,BLOCK,X,0.6419799,0.5523692
7/5/7/5/6/4/6/7/6 3 3,Z,2,0,BLOCK,Z,0.6535415,0.8248208
7/5/7/5/6/6/4/7/6 3 3,X,1.6,0,BLOCK,X,0.5202684,0.5824707
7/1/7/5/6/6/6/7/5 3 3,Z,-2.125,0,BLOCK,Z,0.6021129,0.3914058
7/5/7/1/6/6/6/7/5 3 3,Z,-2.1818181818181818181818181818,0,BLOCK,Z,0.5646147,0.7558885
7/5/7/5/4/6/6/7/5 3 3,X,1.7777777777777777777777777778,0,BLOCK,X,0.6549449,0.5697137
7/5/7/5/6/4/6/7/5 3 3,Z,2,0,BLOCK,Z,0.759963,0.8311884
7/5/7/5/6/6/4/7/5 3 3,X,2,0,BLOCK,X,0.8788318,0.7565426
7/1/7/5/6/6/6/7/3 3 3,Z,-2.125,0,BLOCK,Z,0.5839525,0.3747173
7/5/7/1/6/6/6/7/3 3 3,Z,-2.1818181818181818181818181818,0,BLOCK,Z,0.4833845,0.5783481
7/5/7/5/4/6/6/7/3 3 3,X,2,0,BLOCK,X,0.7035356,0.5963661
7/5/7/5/6/4/6/7/3 3 3,Z,2,0,BLOCK,Z,0.4178245,0.7181729
7/5/7/5/6/6/4/7/3 3 3,X,2.4,0,BLOCK,X,0.6781384,0.7020169
7/1/7/5/6/6/5/6/7 3 3,Z,-2.25,0,BLOCK,Z,0.6122078,0.367792
7/5/7/1/6/6/5/6/7 3 3,Z,-2.3636363636363636363636363638,0,BLOCK,Z,0.2364693,0.4445193
7/5/7/5/4/6/5/6/7 3 3,X,2,2,BLOCK,X,0.9413137,0.5855414
7/5/7/5/6/4/5/6/7 3 3,Z,1.7142857142857142857142857142,0,BLOCK,Z,0.7524605,0.6071754
7/5/7/5/6/6/1/6/7 3 3,X,-2,0,BLOCK,X,0.6500915,0.5732095
7/5/7/5/6/6/5/4/7 3 3,Z,2,0,BLOCK,Z,0.3889115,0.5198846
7/1/7/5/6/6/5/5/7 3 3,Z,-2.125,0,BLOCK,Z,0.5384083,0.498238
7/5/7/1/6/6/5/5/7 3 3,Z,-2.1818181818181818181818181818,2,BLOCK,Z,1.271745,0.7790273
7/5/7/5/4/6/5/5/7 3 3,X,2,0,BLOCK,X,0.6338515,0.7126285
7/5/7/5/6/4/5/5/7 3 3,Z,2,0,BLOCK,Z,0.7334604,0.7485076
7/5/7/5/6/6/1/5/7 3 3,X,-2,0,BLOCK,X,1.314182,0.9246055
7/5/7/5/6/6/5/1/7 3 3,Z,-2,0,BLOCK,Z,0.7418532,0.6126226
7/1/7/5/6/6/5/3/7 3 3,Z,-2,0,BLOCK,Z,0.4630592,0.2503469
7/5/7/1/6/6/5/3/7 3 3,Z,-2,0,BLOCK,Z,0.2051166,0.3490787
7/5/7/5/4/6/5/3/7 3 3,X,2,0,BLOCK,X,0.5243775,0.6332335
7/5/7/5/6/4/5/3/7 3 3,Z,2.2857142857142857142857142858,0,BLOCK,Z,0.6989759,0.6331015
7/5/7/5/6/6/1/3/7 3 3,X,-2,0,BLOCK,X,0.9269135,0.7312043
7/1/7/5/6/6/5/7/6 3 3,Z,-2.125,0,BLOCK,Z,0.7026153,0.3776931
7/5/7/1/6/6/5/7/6 3 3,Z,-2.1818181818181818181818181818,0,BLOCK,Z,0.5003106,0.6215196
7/5/7/5/4/6/5/7/6 3 3,X,1.7777777777777777777777777778,0,BLOCK,X,0.6486856,0.7273803
7/5/7/5/6/4/5/7/6 3 3,Z,2,2,BLOCK,Z,1.155948,0.8195836
7/5/7/5/6/6/1/7/6 3 3,X,-2.4,0,BLOCK,X,0.6754142,0.745337
7/1/7/5/6/6/5/7/5 3 3,Z,-2.125,0,BLOCK,Z,0.4754705,0.4246777
7/5/7/1/6/6/5/7/5 3 3,Z,-2.1818181818181818181818181818,2,BLOCK,Z,1.297704,0.7972512
7/5/7/5/4/6/5/7/5 3 3,X,2,0,BLOCK,X,0.6608703,0.7377554
7/5/7/5/6/4/5/7/5 3 3,Z,2,0,BLOCK,Z,0.7905042,0.8106008
7/5/7/5/6/6/1/7/5 3 3,X,-2,0,BLOCK,X,0.674426,0.6151121
7/1/7/5/6/6/5/7/3 3 3,Z,-2.125,0,BLOCK,Z,0.5590658,0.3659098
7/5/7/1/6/6/5/7/3 3 3,Z,-2.1818181818181818181818181818,2,BLOCK,Z,1.249799,0.8620711
7/5/7/5/4/6/5/7/3 3 3,X,2.2222222222222222222222222222,0,BLOCK,X,0.8240765,0.7100009
7/5/7/5/6/4/5/7/3 3 3,Z,2,0,BLOCK,Z,0.489172,0.6642742
7/5/7/5/6/6/1/7/3 3 3,X,-1.6,0,BLOCK,X,0.6086147,0.5311219
7/1/7/5/6/6/3/6/7 3 3,Z,-2.25,2,BLOCK,Z,0.8630211,0.4703999
7/5/7/1/6/6/3/6/7 3 3,Z,-2.3636363636363636363636363638,0,BLOCK,Z,0.6988132,0.7663418
7/5/7/5/4/6/3/6/7 3 3,X,2.2222222222222222222222222222,0,BLOCK,X,0.7123935,0.511394
7/5/7/5/6/4/3/6/7 3 3,Z,1.7142857142857142857142857142,0,BLOCK,Z,0.3096287,0.5993981
7/5/7/5/6/6/3/4/7 3 3,Z,2,0,BLOCK,Z,1.124079,0.5976403
7/1/7/5/6/6/3/5/7 3 3,Z,-2.125,0,BLOCK,Z,0.5936397,0.4900627
7/5/7/1/6/6/3/5/7 3 3,Z,-2.1818181818181818181818181818,2,BLOCK,Z,1.243759,0.7178939
7/5/7/5/4/6/3/5/7 3 3,X,2.2222222222222222222222222222,0,BLOCK,X,0.7598042,0.5317452
7/5/7/5/6/4/3/5/7 3 3,Z,2,0,BLOCK,Z,0.7736361,0.8112345
7/5/7/5/6/6/3/1/7 3 3,Z,-2,0,BLOCK,Z,0.4884573,0.5583097
7/1/7/5/6/6/3/3/7 3 3,Z,-2,0,BLOCK,Z,0.2045186,0.1929779
7/5/7/1/6/6/3/3/7 3 3,Z,-2,0,BLOCK,Z,0.8935123,0.6449471
7/5/7/5/4/6/3/3/7 3 3,X,2.2222222222222222222222222222,2,BLOCK,X,1.336305,0.6628368
7/5/7/5/6/4/3/3/7 3 3,Z,2.2857142857142857142857142858,0,BLOCK,Z,0.4753926,0.6399936
7/1/7/5/6/6/3/7/6 3 3,Z,-2.125,2,BLOCK,Z,0.8923773,0.4754294
7/5/7/1/6/6/3/7/6 3 3,Z,-2.1818181818181818181818181818,0,BLOCK,Z,0.6506082,0.5838012
7/5/7/5/4/6/3/7/6 3 3,X,2,2,BLOCK,X,1.363143,0.7710407
7/5/7/5/6/4/3/7/6 3 3,Z,2,0,BLOCK,Z,0.6795623,0.76846
7/1/7/5/6/6/3/7/5 3 3,Z,-2.125,0,BLOCK,Z,0.5658744,0.4466579
7/5/7/1/6/6/3/7/5 3 3,Z,-2.1818181818181818181818181818,0,BLOCK,Z,0.7542264,0.7770363
7/5/7/5/4/6/3/7/5 3 3,X,2.2222222222222222222222222222,0,BLOCK,X,0.7297435,0.5171261
7/5/7/5/6/4/3/7/5 3 3,Z,2,2,BLOCK,Z,1.192174,0.8071962
7/1/7/5/6/6/3/7/3 3 3,Z,-2.125,0,BLOCK,Z,0.6683933,0.3748344
7/5/7/1/6/6/3/7/3 3 3,Z,-2.1818181818181818181818181818,0,BLOCK,Z,0.5388122,0.6591597
7/5/7/5/4/6/3/7/3 3 3,X,2.4444444444444444444444444444,0,BLOCK,X,0.3382247,0.5246615
7/5/7/5/6/4/3/7/3 3 3,Z,2,0,BLOCK,Z,0.6591823,0.8097824
7/1/7/5/6/6/7/2/7 3 3,Z,-2.125,0,BLOCK,Z,0.4959105,0.485794
7/5/7/1/6/6/7/2/7 3 3,Z,-2.1818181818181818181818181818,0,BLOCK,Z,0.5083619,0.607813
7/5/7/5/4/6/7/2/7 3 3,X,2,0,BLOCK,X,0.8622988,0.6187587
7/5/7/5/6/4/7/2/7 3 3,Z,2,0,BLOCK,Z,0.1867507,0.3545835
7/1/7/5/6/6/7/6/6 3 3,Z,-2.25,2,BLOCK,Z,0.8414415,0.4219446
7/5/7/1/6/6/7/6/6 3 3,Z,-2.3636363636363636363636363638,0,BLOCK,Z,0.3147384,0.463783
7/5/7/5/4/6/7/6/6 3 3,X,1.7777777777777777777777777778,0,BLOCK,X,0.7108052,0.5540759
7/5/7/5/6/4/7/6/6 3 3,Z,1.7142857142857142857142857142,2,BLOCK,Z,1.106201,0.6927052
7/5/7/5/6/6/7/4/6 3 3,Z,2,0,BLOCK,Z,0.3557679,0.4685582
7/1/7/5/6/6/7/6/5 3 3,Z,-2.25,2,BLOCK,Z,0.8001283,0.4328867
7/5/7/1/6/6/7/6/5 3 3,Z,-2.3636363636363636363636363638,2,BLOCK,Z,1.125397,0.7729757
7/5/7/5/4/6/7/6/5 3 3,X,2,0,BLOCK,X,0.67488,0.6309437
7/5/7/5/6/4/7/6/5 3 3,Z,1.7142857142857142857142857142,0,BLOCK,Z,0.4641877,0.6682424
7/5/7/5/6/6/7/4/5 3 3,Z,2,0,BLOCK,Z,0.3143757,0.4774591
7/1/7/5/6/6/7/6/3 3 3,Z,-2.25,0,BLOCK,Z,0.3399478,0.240685
7/5/7/1/6/6/7/6/3 3 3,Z,-2.3636363636363636363636363638,0,BLOCK,Z,0.2303229,0.4651093
7/5/7/5/4/6/7/6/3 3 3,X,2.2222222222222222222222222222,0,BLOCK,X,0.6307102,0.7465246
7/5/7/5/6/4/7/6/3 3 3,Z,1.7142857142857142857142857142,0,BLOCK,Z,0.6900548,0.6829594
7/5/7/5/6/6/7/4/3 3 3,Z,2,0,BLOCK,Z,0.4731946,0.5515101
7/1/7/5/6/6/7/5/6 3 3,Z,-2.125,0,BLOCK,Z,0.4707131,0.414577
7/5/7/1/6/6/7/5/6 3 3,Z,-2.1818181818181818181818181818,2,BLOCK,Z,1.250849,0.8132819
7/5/7/5/4/6/7/5/6 3 3,X,1.7777777777777777777777777778,0,BLOCK,X,0.4922057,0.7033321
7/5/7/5/6/4/7/5/6 3 3,Z,2,0,BLOCK,Z,0.7979968,0.7455029
7/5/7/5/6/6/7/1/6 3 3,Z,-2,0,BLOCK,Z,1.095865,0.6558173
7/1/7/5/6/6/7/5/5 3 3,Z,-2.125,2,BLOCK,Z,0.8576273,0.5776396
7/5/7/1/6/6/7/5/5 3 3,Z,-2.1818181818181818181818181818,2,BLOCK,Z,1.20883,0.7493063
7/5/7/5/4/6/7/5/5 3 3,X,2,0,BLOCK,X,0.7308441,0.7384582
7/5/7/5/6/4/7/5/5 3 3,Z,2,0,BLOCK,Z,0.8623549,0.7125779
7/5/7/5/6/6/7/1/5 3 3,Z,-2,0,BLOCK,Z,0.5618161,0.6112826
7/1/7/5/6/6/7/5/3 3 3,Z,-2.125,2,BLOCK,Z,0.8282053,0.5118806
7/5/7/1/6/6/7/5/3 3 3,Z,-2.1818181818181818181818181818,2,BLOCK,Z,1.254084,0.7685452
7/5/7/5/4/6/7/5/3 3 3,X,2.2222222222222222222222222222,0,BLOCK,X,0.4784701,0.751852
7/5/7/5/6/4/7/5/3 3 3,Z,2,2,BLOCK,Z,1.183915,0.7856991
7/5/7/5/6/6/7/1/3 3 3,Z,-2,0,BLOCK,Z,1.090743,0.5016142
7/1/7/5/6/6/7/3/6 3 3,Z,-2,0,BLOCK,Z,0.5166252,0.4277796
7/5/7/1/6/6/7/3/6 3 3,Z,-2,2,BLOCK,Z,1.337823,0.8143111
7/5/7/5/4/6/7/3/6 3 3,X,1.7777777777777777777777777778,0,BLOCK,X,0.4638993,0.7335609
7/5/7/5/6/4/7/3/6 3 3,Z,2.2857142857142857142857142858,0,BLOCK,Z,0.8662198,0.7708821
7/1/7/5/6/6/7/3/5 3 3,Z,-2,2,BLOCK,Z,0.9389511,0.5794963
7/5/7/1/6/6/7/3/5 3 3,Z,-2,2,BLOCK,Z,1.357983,0.9706978
7/5/7/5/4/6/7/3/5 3 3,X,2,0,BLOCK,X,0.6713108,0.6382946
7/5/7/5/6/4/7/3/5 3 3,Z,2.2857142857142857142857142858,0,BLOCK,Z,0.2879308,0.6036479
7/1/7/5/6/6/7/3/3 3 3,Z,-2,0,BLOCK,Z,0.3813142,0.2892816
7/5/7/1/6/6/7/3/3 3 3,Z,-2,0,BLOCK,Z,0.4295301,0.4350107
7/5/7/5/4/6/7/3/3 3 3,X,2.2222222222222222222222222222,0,BLOCK,X,0.6762811,0.6998653
7/5/7/5/6/4/7/3/3 3 3,Z,2.2857142857142857142857142858,2,BLOCK,Z,1.442586,0.809086
7/1/7/5/6/6/7/7/4 3 3,Z,-2.125,0,BLOCK,Z,0.5921622,0.4079454
7/5/7/1/6/6/7/7/4 3 3,Z,-2.1818181818181818181818181818,2,BLOCK,Z,1.164912,0.8015267
7/5/7/5/4/6/7/7/4 3 3,X,1.7777777777777777777777777778,0,BLOCK,X,0.7375228,0.7498307
7/5/7/5/6/4/7/7/4 3 3,Z,2,0,BLOCK,Z,0.7292371,0.7885199
7/1/7/5/6/6/7/7/2 3 3,Z,-2.125,2,BLOCK,Z,0.8702638,0.6340054
7/5/7/1/6/6/7/7/2 3 3,Z,-2.1818181818181818181818181818,0,BLOCK,Z,0.7025752,0.6885597
7/5/7/5/4/6/7/7/2 3 3,X,2,2,BLOCK,X,1.049868,0.656975
7/5/7/5/6/4/7/7/2 3 3,Z,2,0,BLOCK,Z,1.116079,0.9110153
7/1/7/5/6/6/7/7/1 3 3,Z,-2.125,2,BLOCK,Z,0.9326176,0.4649024
7/5/7/1/6/6/7/7/1 3 3,Z,-2.1818181818181818181818181818,0,BLOCK,Z,0.1902083,0.3795002
7/5/7/5/4/6/7/7/1 3 3,X,2.2222222222222222222222222222,2,BLOCK,X,1.110196,0.7043785
7/5/7/5/6/4/7/7/1 3 3,Z,2,0,BLOCK,Z,0.7105552,0.8295898
7/1/7/5/6/5/2/7/7 3 3,Z,-2,2,BLOCK,Z,0.7732598,0.4387807
7/5/7/1/6/5/2/7/7 3 3,Z,-2,2,BLOCK,Z,0.9743262,0.4645372
7/5/7/5/4/5/2/7/7 3 3,X,2,0,BLOCK,X,0.3638409,0.5276029
7/5/7/5/6/1/2/7/7 3 3,Z,-2,0,BLOCK,Z,0.7545691,0.850952
7/1/7/5/6/5/6/6/7 3 3,Z,-2.125,0,BLOCK,Z,0.4883241,0.3501587
7/5/7/1/6/5/6/6/7 3 3,Z,-2.1818181818181818181818181818,2,BLOCK,Z,1.03958,0.6023491
7/5/7/5/4/5/6/6/7 3 3,X,1.7777777777777777777777777778,0,BLOCK,X,0.6485347,0.6593934
7/5/7/5/6/1/6/6/7 3 3,Z,-2.2857142857142857142857142858,2,BLOCK,Z,1.339146,0.8427414
7/5/7/5/6/5/4/6/7 3 3,X,2,0,BLOCK,X,0.5867431,0.6878758
7/5/7/5/6/5/6/4/7 3 3,Z,2,0,BLOCK,Z,0.1117735,0.2086839
7/1/7/5/6/5/6/5/7 3 3,Z,-2,0,BLOCK,Z,0.4071457,0.2999929
7/5/7/1/6/5/6/5/7 3 3,Z,-2,0,BLOCK,Z,0.8347544,0.5645698
7/5/7/5/4/5/6/5/7 3 3,X,1.7777777777777777777777777778,2,BLOCK,X,0.8427966,0.6140947
7/5/7/5/6/1/6/5/7 3 3,Z,-2,0,BLOCK,Z,0.6387452,0.7999004
7/5/7/5/6/5/4/5/7 3 3,X,2,0,BLOCK,X,0.6106115,0.6738156
7/5/7/5/6/5/6/1/7 3 3,Z,-2,0,BLOCK,Z,0.1996741,0.3085325
7/1/7/5/6/5/6/3/7 3 3,Z,-1.875,0,BLOCK,Z,0.5819939,0.2720884
7/5/7/1/6/5/6/3/7 3 3,Z,-1.8181818181818181818181818182,2,BLOCK,Z,0.8746019,0.5449013
7/5/7/5/4/5/6/3/7 3 3,X,1.7777777777777777777777777778,0,BLOCK,X,0.6958246,0.665915
7/5/7/5/6/1/6/3/7 3 3,Z,-1.7142857142857142857142857142,2,BLOCK,Z,0.9754767,0.7199034
7/5/7/5/6/5/4/3/7 3 3,X,2,0,BLOCK,X,1.473346,0.8560753
7/1/7/5/6/5/6/7/6 3 3,Z,-2,0,BLOCK,Z,0.3169565,0.225718
7/5/7/1/6/5/6/7/6 3 3,Z,-2,0,BLOCK,Z,0.3944261,0.4885575
7/5/7/5/4/5/6/7/6 3 3,X,1.5555555555555555555555555556,2,BLOCK,X,0.9134097,0.519446
7/5/7/5/6/1/6/7/6 3 3,Z,-2,0,BLOCK,Z,0.8285584,0.8793209
7/5/7/5/6/5/4/7/6 3 3,X,1.6,0,BLOCK,X,0.3465772,0.4757431
7/1/7/5/6/5/6/7/5 3 3,Z,-2,2,BLOCK,Z,0.7838006,0.3966858
7/5/7/1/6/5/6/7/5 3 3,Z,-2,0,BLOCK,Z,0.8224483,0.4874355
7/5/7/5/4/5/6/7/5 3 3,X,1.7777777777777777777777777778,0,BLOCK,X,0.7301056,0.6095995
7/5/7/5/6/1/6/7/5 3 3,Z,-2,2,BLOCK,Z,1.185866,0.7656792
7/5/7/5/6/5/4/7/5 3 3,X,2,0,BLOCK,X,0.6711125,0.7226693
7/1/7/5/6/5/6/7/3 3 3,Z,-2,0,BLOCK,Z,0.5643569,0.2999842
7/5/7/1/6/5/6/7/3 3 3,Z,-2,2,BLOCK,Z,0.9466965,0.5500755
7/5/7/5/4/5/6/7/3 3 3,X,2,0,BLOCK,X,0.4490313,0.6647995
7/5/7/5/6/1/6/7/3 3 3,Z,-2,0,BLOCK,Z,0.909592,0.7590025
7/5/7/5/6/5/4/7/3 3 3,X,2.4,0,BLOCK,X,1.68146,1.083249
7/1/7/5/6/5/5/6/7 3 3,Z,-2.125,0,BLOCK,Z,0.6482868,0.362793
7/5/7/1/6/5/5/6/7 3 3,Z,-2.1818181818181818181818181818,0,BLOCK,Z,0.5789925,0.4526423
7/5/7/5/4/5/5/6/7 3 3,X,2,0,BLOCK,X,0.6316501,0.6634076
7/5/7/5/6/1/5/6/7 3 3,Z,-2.2857142857142857142857142858,0,BLOCK,Z,0.533028,0.6472675
7/5/7/5/6/5/1/6/7 3 3,X,-2,0,BLOCK,X,0.7893741,0.6266813
7/5/7/5/6/5/5/4/7 3 3,Z,2,0,BLOCK,Z,0.1300433,0.2879278
7/1/7/5/6/5/5/5/7 3 3,Z,-2,0,BLOCK,Z,0.4277211,0.2687016
7/5/7/1/6/5/5/5/7 3 3,Z,-2,0,BLOCK,Z,0.7028604,0.4874216
7/5/7/5/4/5/5/5/7 3 3,X,2,2,BLOCK,X,0.901272,0.6438543
7/5/7/5/6/1/5/5/7 3 3,Z,-2,0,BLOCK,Z,0.8052345,0.7700127
7/5/7/5/6/5/1/5/7 3 3,X,-2,2,BLOCK,X,1.304065,0.8004595
7/5/7/5/6/5/5/1/7 3 3,Z,-2,0,BLOCK,Z,0.08787405,0.1858899
7/1/7/5/6/5/5/3/7 3 3,Z,-1.875,2,BLOCK,Z,0.7430356,0.3449307
7/5/7/1/6/5/5/3/7 3 3,Z,-1.8181818181818181818181818182,2,BLOCK,Z,0.8574712,0.5886039
7/5/7/5/4/5/5/3/7 3 3,X,2,0,BLOCK,X,0.7235702,0.6762066
7/5/7/5/6/1/5/3/7 3 3,Z,-1.7142857142857142857142857142,0,BLOCK,Z,0.6599676,0.762502
7/5/7/5/6/5/1/3/7 3 3,X,-2,2,BLOCK,X,1.336246,0.7732654
7/1/7/5/6/5/5/7/6 3 3,Z,-2,2,BLOCK,Z,0.7944879,0.4246724
7/5/7/1/6/5/5/7/6 3 3,Z,-2,0,BLOCK,Z,0.7017784,0.6443487
7/5/7/5/4/5/5/7/6 3 3,X,1.7777777777777777777777777778,0,BLOCK,X,0.7241641,0.6882017
7/5/7/5/6/1/5/7/6 3 3,Z,-2,0,BLOCK,Z,1.201718,1.111384
7/5/7/5/6/5/1/7/6 3 3,X,-2.4,2,BLOCK,X,1.555296,0.9344961
7/1/7/5/6/5/5/7/5 3 3,Z,-2,0,BLOCK,Z,0.6199802,0.2844879
7/5/7/1/6/5/5/7/5 3 3,Z,-2,2,BLOCK,Z,0.9493497,0.4957455
7/5/7/5/4/5/5/7/5 3 3,X,2,0,BLOCK,X,0.7482859,0.6563939
7/5/7/5/6/1/5/7/5 3 3,Z,-2,0,BLOCK,Z,0.6880103,0.7539426
7/5/7/5/6/5/1/7/5 3 3,X,-2,2,BLOCK,X,1.329437,0.7656937
7/1/7/5/6/5/5/7/3 3 3,Z,-2,2,BLOCK,Z,0.7891598,0.4438267
7/5/7/1/6/5/5/7/3 3 3,Z,-2,0,BLOCK,Z,0.5771978,0.519654
7/5/7/5/4/5/5/7/3 3 3,X,2.2222222222222222222222222222,2,BLOCK,X,1.006551,0.7664428
7/5/7/5/6/1/5/7/3 3 3,Z,-2,0,BLOCK,Z,0.5746002,0.8181297
7/5/7/5/6/5/1/7/3 3 3,X,-1.6,0,BLOCK,X,0.846779,0.5429041
7/1/7/5/6/5/3/6/7 3 3,Z,-2.125,0,BLOCK,Z,0.4430031,0.2859719
7/5/7/1/6/5/3/6/7 3 3,Z,-2.1818181818181818181818181818,0,BLOCK,Z,0.6996275,0.5427353
7/5/7/5/4/5/3/6/7 3 3,X,2.2222222222222222222222222222,2,BLOCK,X,1.300946,0.6090776
7/5/7/5/6/1/3/6/7 3 3,Z,-2.2857142857142857142857142858,0,BLOCK,Z,0.4251581,0.7349278
7/5/7/5/6/5/3/4/7 3 3,Z,2,0,BLOCK,Z,1.705786,1.03667
7/1/7/5/6/5/3/5/7 3 3,Z,-2,0,BLOCK,Z,0.5107003,0.2900744
7/5/7/1/6/5/3/5/7 3 3,Z,-2,0,BLOCK,Z,0.724283,0.6435655
7/5/7/5/4/5/3/5/7 3 3,X,2.2222222222222222222222222222,0,BLOCK,X,0.5387925,0.5802375
7/5/7/5/6/1/3/5/7 3 3,Z,-2,0,BLOCK,Z,0.6352759,0.8014843
7/5/7/5/6/5/3/1/7 3 3,Z,-2,0,BLOCK,Z,0.228855,0.3461339
7/1/7/5/6/5/3/3/7 3 3,Z,-1.875,0,BLOCK,Z,0.5274704,0.4751064
7/5/7/1/6/5/3/3/7 3 3,Z,-1.8181818181818181818181818182,0,BLOCK,Z,0.3889273,0.2246179
7/5/7/5/4/5/3/3/7 3 3,X,2.2222222222222222222222222222,0,BLOCK,X,0.4543205,0.5651047
7/5/7/5/6/1/3/3/7 3 3,Z,-1.7142857142857142857142857142,0,BLOCK,Z,0.5802226,0.6226321
7/1/7/5/6/5/3/7/6 3 3,Z,-2,0,BLOCK,Z,0.2310653,0.2736453
7/5/7/1/6/5/3/7/6 3 3,Z,-2,0,BLOCK,Z,0.799922,0.4599227
7/5/7/5/4/5/3/7/6 3 3,X,2,2,BLOCK,X,1.330593,0.7440192
7/5/7/5/6/1/3/7/6 3 3,Z,-2,0,BLOCK,Z,0.4861075,0.6991538
7/1/7/5/6/5/3/7/5 3 3,Z,-2,0,BLOCK,Z,0.5569689,0.3040783
7/5/7/1/6/5/3/7/5 3 3,Z,-2,2,BLOCK,Z,0.9773901,0.6706104
7/5/7/5/4/5/3/7/5 3 3,X,2.2222222222222222222222222222,0,BLOCK,X,0.3763733,0.5364329
7/5/7/5/6/1/3/7/5 3 3,Z,-2,0,BLOCK,Z,0.7576893,0.8980494
7/1/7/5/6/5/3/7/3 3 3,Z,-2,0,BLOCK,Z,0.476512,0.3071173
7/5/7/1/6/5/3/7/3 3 3,Z,-2,0,BLOCK,Z,0.6327727,0.4893583
7/5/7/5/4/5/3/7/3 3 3,X,2.4444444444444444444444444444,0,BLOCK,X,0.3667876,0.5198459
7/5/7/5/6/1/3/7/3 3 3,Z,-2,2,BLOCK,Z,1.147398,0.8960744
7/1/7/5/6/5/7/2/7 3 3,Z,-2,2,BLOCK,Z,0.7502115,0.4622194
7/5/7/1/6/5/7/2/7 3 3,Z,-2,0,BLOCK,Z,0.391421,0.4767297
7/5/7/5/4/5/7/2/7 3 3,X,2,0,BLOCK,X,0.6030674,0.727269
7/5/7/5/6/1/7/2/7 3 3,Z,-2,0,BLOCK,Z,0.5578617,0.6242248
7/1/7/5/6/5/7/6/6 3 3,Z,-2.125,2,BLOCK,Z,0.7792259,0.4987427
7/5/7/1/6/5/7/6/6 3 3,Z,-2.1818181818181818181818181818,0,BLOCK,Z,0.5635985,0.4925002
7/5/7/5/4/5/7/6/6 3 3,X,1.7777777777777777777777777778,0,BLOCK,X,0.559373,0.6775566
7/5/7/5/6/1/7/6/6 3 3,Z,-2.2857142857142857142857142858,0,BLOCK,Z,0.8765663,0.7329016
7/5/7/5/6/5/7/4/6 3 3,Z,2,0,BLOCK,Z,0.2303946,0.3916339
7/1/7/5/6/5/7/6/5 3 3,Z,-2.125,0,BLOCK,Z,0.4793711,0.3020698
7/5/7/1/6/5/7/6/5 3 3,Z,-2.1818181818181818181818181818,0,BLOCK,Z,0.5462667,0.5287746
7/5/7/5/4/5/7/6/5 3 3,X,2,0,BLOCK,X,0.6243969,0.6639416
7/5/7/5/6/1/7/6/5 3 3,Z,-2.2857142857142857142857142858,2,BLOCK,Z,1.44146,0.9957659
7/5/7/5/6/5/7/4/5 3 3,Z,2,0,BLOCK,Z,0.1801415,0.3225186
7/1/7/5/6/5/7/6/3 3 3,Z,-2.125,0,BLOCK,Z,0.5798571,0.3790287
7/5/7/1/6/5/7/6/3 3 3,Z,-2.1818181818181818181818181818,0,BLOCK,Z,0.4001566,0.3796796
7/5/7/5/4/5/7/6/3 3 3,X,2.2222222222222222222222222222,0,BLOCK,X,0.5985053,0.655234
7/5/7/5/6/1/7/6/3 3 3,Z,-2.2857142857142857142857142858,0,BLOCK,Z,0.6069429,0.7345841
7/5/7/5/6/5/7/4/3 3 3,Z,2,0,BLOCK,Z,0.1822378,0.3580364
7/1/7/5/6/5/7/5/6 3 3,Z,-2,2,BLOCK,Z,0.8240095,0.4519048
7/5/7/1/6/5/7/5/6 3 3,Z,-2,0,BLOCK,Z,0.6881945,0.5820959
7/5/7/5/4/5/7/5/6 3 3,X,1.7777777777777777777777777778,0,BLOCK,X,0.587352,0.7489265
7/5/7/5/6/1/7/5/6 3 3,Z,-2,0,BLOCK,Z,0.6540031,0.8228886
7/5/7/5/6/5/7/1/6 3 3,Z,-2,0,BLOCK,Z,0.1542018,0.3162074
7/1/7/5/6/5/7/5/5 3 3,Z,-2,0,BLOCK,Z,0.6206369,0.3574828
7/5/7/1/6/5/7/5/5 3 3,Z,-2,0,BLOCK,Z,0.4006548,0.3888811
7/5/7/5/4/5/7/5/5 3 3,X,2,2,BLOCK,X,0.9698702,0.7138223
7/5/7/5/6/1/7/5/5 3 3,Z,-2,0,BLOCK,Z,0.5456794,0.6757286
7/5/7/5/6/5/7/1/5 3 3,Z,-2,0,BLOCK,Z,0.1026997,0.2043881
7/1/7/5/6/5/7/5/3 3 3,Z,-2,0,BLOCK,Z,0.530587,0.420051
7/5/7/1/6/5/7/5/3 3 3,Z,-2,2,BLOCK,Z,0.9604046,0.6414337
7/5/7/5/4/5/7/5/3 3 3,X,2.2222222222222222222222222222,0,BLOCK,X,0.6900843,0.7527798
7/5/7/5/6/1/7/5/3 3 3,Z,-2,0,BLOCK,Z,0.5687571,0.6567205
7/5/7/5/6/5/7/1/3 3 3,Z,-2,0,BLOCK,Z,0.1638649,0.3059698
7/1/7/5/6/5/7/3/6 3 3,Z,-1.875,2,BLOCK,Z,0.7495589,0.4673009
7/5/7/1/6/5/7/3/6 3 3,Z,-1.8181818181818181818181818182,0,BLOCK,Z,0.7850489,0.5554669
7/5/7/5/4/5/7/3/6 3 3,X,1.7777777777777777777777777778,2,BLOCK,X,0.8846786,0.6673464
7/5/7/5/6/1/7/3/6 3 3,Z,-1.7142857142857142857142857142,0,BLOCK,Z,0.4529448,0.5969032
7/1/7/5/6/5/7/3/5 3 3,Z,-1.875,2,BLOCK,Z,0.7589596,0.3943886
7/5/7/1/6/5/7/3/5 3 3,Z,-1.8181818181818181818181818182,0,BLOCK,Z,0.5277316,0.4743494
7/5/7/5/4/5/7/3/5 3 3,X,2,2,BLOCK,X,0.9417605,0.6999918
7/5/7/5/6/1/7/3/5 3 3,Z,-1.7142857142857142857142857142,0,BLOCK,Z,0.403084,0.7278818
7/1/7/5/6/5/7/3/3 3 3,Z,-1.875,0,BLOCK,Z,0.4454404,0.4535001
7/5/7/1/6/5/7/3/3 3 3,Z,-1.8181818181818181818181818182,0,BLOCK,Z,0.6052474,0.4893041
7/5/7/5/4/5/7/3/3 3 3,X,2.2222222222222222222222222222,0,BLOCK,X,0.6495979,0.5990382
7/5/7/5/6/1/7/3/3 3 3,Z,-1.7142857142857142857142857142,0,BLOCK,Z,0.4792045,0.6063753
7/1/7/5/6/5/7/7/4 3 3,Z,-2,0,BLOCK,Z,0.5382267,0.3566719
7/5/7/1/6/5/7/7/4 3 3,Z,-2,0,BLOCK,Z,0.7750182,0.6312569
7/5/7/5/4/5/7/7/4 3 3,X,1.7777777777777777777777777778,0,BLOCK,X,0.7384266,0.7174824
7/5/7/5/6/1/7/7/4 3 3,Z,-2,0,BLOCK,Z,0.5960463,0.7232916
7/1/7/5/6/5/7/7/2 3 3,Z,-2,2,BLOCK,Z,0.8052083,0.5230705
7/5/7/1/6/5/7/7/2 3 3,Z,-2,0,BLOCK,Z,0.5065164,0.5930266
7/5/7/5/4/5/7/7/2 3 3,X,2,0,BLOCK,X,0.5737985,0.6888526
7/5/7/5/6/1/7/7/2 3 3,Z,-2,0,BLOCK,Z,0.424624,0.7410544
7/1/7/5/6/5/7/7/1 3 3,Z,-2,0,BLOCK,Z,0.3450959,0.2582348
7/5/7/1/6/5/7/7/1 3 3,Z,-2,0,BLOCK,Z,0.2795929,0.5302896
7/5/7/5/4/5/7/7/1 3 3,X,2.2222222222222222222222222222,0,BLOCK,X,0.7436504,0.7293514
7/5/7/5/6/1/7/7/1 3 3,Z,-2,0,BLOCK,Z,0.4446004,0.7280309
7/1/7/5/6/3/2/7/7 3 3,Z,-1.875,0,BLOCK,Z,0.3383474,0.2803153
7/5/7/1/6/3/2/7/7 3 3,Z,-1.8181818181818181818181818182,0,BLOCK,Z,0.4666249,0.4141983
7/5/7/5/4/3/2/7/7 3 3,X,2,0,BLOCK,X,0.3169167,0.4841334
7/1/7/5/6/3/6/6/7 3 3,Z,-2,2,BLOCK,Z,0.7688625,0.3969317
7/5/7/1/6/3/6/6/7 3 3,Z,-2,2,BLOCK,Z,0.9619968,0.5454654
7/5/7/5/4/3/6/6/7 3 3,X,1.7777777777777777777777777778,0,BLOCK,X,0.5750352,0.7836564
7/5/7/5/6/3/4/6/7 3 3,X,2,0,BLOCK,X,1.266464,0.8863557
7/5/7/5/6/3/6/4/7 3 3,Z,2,0,BLOCK,Z,0.8886169,0.7164766
7/1/7/5/6/3/6/5/7 3 3,Z,-1.875,2,BLOCK,Z,0.7491432,0.3656956
7/5/7/1/6/3/6/5/7 3 3,Z,-1.8181818181818181818181818182,0,BLOCK,Z,0.5422251,0.5213204
7/5/7/5/4/3/6/5/7 3 3,X,1.7777777777777777777777777778,2,BLOCK,X,0.8486051,0.5889202
7/5/7/5/6/3/4/5/7 3 3,X,2,0,BLOCK,X,1.317916,0.966626
7/5/7/5/6/3/6/1/7 3 3,Z,-2,0,BLOCK,Z,0.423303,0.5364302
7/1/7/5/6/3/6/3/7 3 3,Z,-1.75,2,BLOCK,Z,0.7804258,0.3353654
7/5/7/1/6/3/6/3/7 3 3,Z,-1.6363636363636363636363636362,0,BLOCK,Z,0.5591288,0.4889804
7/5/7/5/4/3/6/3/7 3 3,X,1.7777777777777777777777777778,2,BLOCK,X,0.8754337,0.7219152
7/5/7/5/6/3/4/3/7 3 3,X,2,0,BLOCK,X,0.6576653,0.8174801
7/1/7/5/6/3/6/7/6 3 3,Z,-1.875,0,BLOCK,Z,0.4688411,0.3586977
7/5/7/1/6/3/6/7/6 3 3,Z,-1.8181818181818181818181818182,0,BLOCK,Z,0.7197889,0.3824627
7/5/7/5/4/3/6/7/6 3 3,X,1.5555555555555555555555555556,2,BLOCK,X,0.8592703,0.5035821
7/5/7/5/6/3/4/7/6 3 3,X,1.6,0,BLOCK,X,0.4500058,0.5912621
7/1/7/5/6/3/6/7/5 3 3,Z,-1.875,0,BLOCK,Z,0.4918359,0.3310312
7/5/7/1/6/3/6/7/5 3 3,Z,-1.8181818181818181818181818182,0,BLOCK,Z,0.3761758,0.5855985
7/5/7/5/4/3/6/7/5 3 3,X,1.7777777777777777777777777778,2,BLOCK,X,0.9295633,0.6306747
7/5/7/5/6/3/4/7/5 3 3,X,2,0,BLOCK,X,1.060412,0.7854964
7/1/7/5/6/3/6/7/3 3 3,Z,-1.875,0,BLOCK,Z,0.436992,0.3129456
7/5/7/1/6/3/6/7/3 3 3,Z,-1.8181818181818181818181818182,0,BLOCK,Z,0.2686254,0.3629221
7/5/7/5/4/3/6/7/3 3 3,X,2,0,BLOCK,X,0.5644218,0.7389351
7/5/7/5/6/3/4/7/3 3 3,X,2.4,0,BLOCK,X,0.6622005,0.7996929
7/1/7/5/6/3/5/6/7 3 3,Z,-2,2,BLOCK,Z,0.7647805,0.4452969
7/5/7/1/6/3/5/6/7 3 3,Z,-2,0,BLOCK,Z,0.3827859,0.3836521
7/5/7/5/4/3/5/6/7 3 3,X,2,0,BLOCK,X,0.6951012,0.6047254
7/5/7/5/6/3/1/6/7 3 3,X,-2,0,BLOCK,X,0.614109,0.6276762
7/5/7/5/6/3/5/4/7 3 3,Z,2,0,BLOCK,Z,0.7739235,0.5211208
7/1/7/5/6/3/5/5/7 3 3,Z,-1.875,2,BLOCK,Z,0.7374603,0.3309474
7/5/7/1/6/3/5/5/7 3 3,Z,-1.8181818181818181818181818182,0,BLOCK,Z,0.4174699,0.4020343
7/5/7/5/4/3/5/5/7 3 3,X,2,2,BLOCK,X,0.8738418,0.7480104
7/5/7/5/6/3/1/5/7 3 3,X,-2,0,BLOCK,X,1.429594,0.8652287
7/5/7/5/6/3/5/1/7 3 3,Z,-2,0,BLOCK,Z,0.4872662,0.5591092
7/1/7/5/6/3/5/3/7 3 3,Z,-1.75,0,BLOCK,Z,0.3476965,0.2826715
7/5/7/1/6/3/5/3/7 3 3,Z,-1.6363636363636363636363636362,0,BLOCK,Z,0.4827765,0.3994033
7/5/7/5/4/3/5/3/7 3 3,X,2,2,BLOCK,X,0.975244,0.6391333
7/5/7/5/6/3/1/3/7 3 3,X,-2,0,BLOCK,X,0.6534743,0.6182339
7/1/7/5/6/3/5/7/6 3 3,Z,-1.875,2,BLOCK,Z,0.7777923,0.4652596
7/5/7/1/6/3/5/7/6 3 3,Z,-1.8181818181818181818181818182,0,BLOCK,Z,0.217434,0.425271
7/5/7/5/4/3/5/7/6 3 3,X,1.7777777777777777777777777778,0,BLOCK,X,0.7701176,0.6596196
7/5/7/5/6/3/1/7/6 3 3,X,-2.4,0,BLOCK,X,1.631075,1.015804
7/1/7/5/6/3/5/7/5 3 3,Z,-1.875,0,BLOCK,Z,0.6256967,0.2991269
7/5/7/1/6/3/5/7/5 3 3,Z,-1.8181818181818181818181818182,0,BLOCK,Z,0.3020842,0.3485975
7/5/7/5/4/3/5/7/5 3 3,X,2,0,BLOCK,X,0.646466,0.7760993
7/5/7/5/6/3/1/7/5 3 3,X,-2,0,BLOCK,X,1.238313,0.8468571
7/1/7/5/6/3/5/7/3 3 3,Z,-1.875,0,BLOCK,Z,0.6273105,0.2439483
7/5/7/1/6/3/5/7/3 3 3,Z,-1.8181818181818181818181818182,2,BLOCK,Z,0.9971176,0.50688
7/5/7/5/4/3/5/7/3 3 3,X,2.2222222222222222222222222222,0,BLOCK,X,0.7655651,0.6708134
7/5/7/5/6/3/1/7/3 3 3,X,-1.6,0,BLOCK,X,0.8055702,0.6188052
7/1/7/5/6/3/3/6/7 3 3,Z,-2,0,BLOCK,Z,0.2203053,0.2204828
7/5/7/1/6/3/3/6/7 3 3,Z,-2,0,BLOCK,Z,0.4368172,0.4707742
7/5/7/5/4/3/3/6/7 3 3,X,2.2222222222222222222222222222,0,BLOCK,X,0.628836,0.5659178
7/5/7/5/6/3/3/4/7 3 3,Z,2,0,BLOCK,Z,1.119547,0.6681768
7/5/7/5/6/3/3/6/3 3 3,X,0.75,16,BLOCK,X,1.647416,1.848007
7/1/7/5/6/3/3/5/7 3 3,Z,-1.875,2,BLOCK,Z,0.7472661,0.5150536
7/5/7/1/6/3/3/5/7 3 3,Z,-1.8181818181818181818181818182,0,BLOCK,Z,0.4185209,0.3550751
7/5/7/5/4/3/3/5/7 3 3,X,2.2222222222222222222222222222,0,BLOCK,X,0.5500317,0.5489386
7/5/7/5/6/3/3/1/7 3 3,Z,-2,0,BLOCK,Z,0.5642294,0.7440798
7/1/7/5/6/3/3/3/7 3 3,Z,-1.75,0,BLOCK,Z,0.5831283,0.2853392
7/5/7/1/6/3/3/3/7 3 3,Z,-1.6363636363636363636363636362,2,BLOCK,Z,0.7949413,0.5307109
7/5/7/5/4/3/3/3/7 3 3,X,2.2222222222222222222222222222,0,BLOCK,X,0.5873699,0.5164359
7/1/7/5/6/3/3/7/6 3 3,Z,-1.875,2,BLOCK,Z,0.7135139,0.3788091
7/5/7/1/6/3/3/7/6 3 3,Z,-1.8181818181818181818181818182,0,BLOCK,Z,0.5641029,0.4390073
7/5/7/5/4/3/3/7/6 3 3,X,2,0,BLOCK,X,0.5923617,0.5896322
7/1/7/5/6/3/3/7/5 3 3,Z,-1.875,2,BLOCK,Z,0.777307,0.3675532
7/5/7/1/6/3/3/7/5 3 3,Z,-1.8181818181818181818181818182,2,BLOCK,Z,0.9205847,0.591282
7/5/7/5/4/3/3/7/5 3 3,X,2.2222222222222222222222222222,0,BLOCK,X,0.4975165,0.5374144
7/1/7/5/6/3/3/7/3 3 3,Z,-1.875,0,BLOCK,Z,0.4031307,0.3243786
7/5/7/1/6/3/3/7/3 3 3,Z,-1.8181818181818181818181818182,0,BLOCK,Z,0.4475262,0.3385878
7/5/7/5/4/3/3/7/3 3 3,X,2.4444444444444444444444444444,0,BLOCK,X,0.4064213,0.3529581
7/1/7/5/6/3/7/2/7 3 3,Z,-1.875,0,BLOCK,Z,0.4994496,0.2888205
7/5/7/1/6/3/7/2/7 3 3,Z,-1.8181818181818181818181818182,2,BLOCK,Z,0.924565,0.5887518
7/5/7/5/4/3/7/2/7 3 3,X,2,0,BLOCK,X,0.8061854,0.5992002
7/1/7/5/6/3/7/6/6 3 3,Z,-2,0,BLOCK,Z,0.6743643,0.3540156
7/5/7/1/6/3/7/6/6 3 3,Z,-2,0,BLOCK,Z,0.5830222,0.5222166
7/5/7/5/4/3/7/6/6 3 3,X,1.7777777777777777777777777778,0,BLOCK,X,0.4402767,0.5816444
7/5/7/5/6/3/7/4/6 3 3,Z,2,2,BLOCK,Z,1.626442,0.9977393
7/1/7/5/6/3/7/6/5 3 3,Z,-2,2,BLOCK,Z,0.8018599,0.4358053
7/5/7/1/6/3/7/6/5 3 3,Z,-2,0,BLOCK,Z,0.5895162,0.5988283
7/5/7/5/4/3/7/6/5 3 3,X,2,0,BLOCK,X,0.6996552,0.6869695
7/5/7/5/6/3/7/4/5 3 3,Z,2,0,BLOCK,Z,0.4702896,0.5669942
7/1/7/5/6/3/7/6/3 3 3,Z,-2,2,BLOCK,Z,0.7761531,0.4026005
7/5/7/1/6/3/7/6/3 3 3,Z,-2,0,BLOCK,Z,0.1125151,0.154891
7/5/7/5/4/3/7/6/3 3 3,X,2.2222222222222222222222222222,2,BLOCK,X,1.051264,0.6043847
7/5/7/5/6/3/7/4/3 3 3,Z,2,0,BLOCK,Z,0.5191205,0.5931289
7/1/7/5/6/3/7/5/6 3 3,Z,-1.875,0,BLOCK,Z,0.3476194,0.356223
7/5/7/1/6/3/7/5/6 3 3,Z,-1.8181818181818181818181818182,2,BLOCK,Z,0.9695019,0.5014445
7/5/7/5/4/3/7/5/6 3 3,X,1.7777777777777777777777777778,0,BLOCK,X,0.6426113,0.7434523
7/5/7/5/6/3/7/1/6 3 3,Z,-2,0,BLOCK,Z,0.3100284,0.4137017
7/1/7/5/6/3/7/5/5 3 3,Z,-1.875,2,BLOCK,Z,0.8019508,0.4368392
7/5/7/1/6/3/7/5/5 3 3,Z,-1.8181818181818181818181818182,0,BLOCK,Z,0.7732488,0.496223
7/5/7/5/4/3/7/5/5 3 3,X,2,2,BLOCK,X,0.94178,0.6970333
7/5/7/5/6/3/7/1/5 3 3,Z,-2,0,BLOCK,Z,0.3063189,0.4368555
7/1/7/5/6/3/7/5/3 3 3,Z,-1.875,0,BLOCK,Z,0.4661933,0.3046874
7/5/7/1/6/3/7/5/3 3 3,Z,-1.8181818181818181818181818182,0,BLOCK,Z,0.4815213,0.3449773
7/5/7/5/4/3/7/5/3 3 3,X,2.2222222222222222222222222222,0,BLOCK,X,0.6488155,0.6361134
7/5/7/5/6/3/7/1/3 3 3,Z,-2,0,BLOCK,Z,0.3603876,0.5150422
7/1/7/5/6/3/7/3/6 3 3,Z,-1.75,0,BLOCK,Z,0.3995855,0.2690717
7/5/7/1/6/3/7/3/6 3 3,Z,-1.6363636363636363636363636362,2,BLOCK,Z,0.9297141,0.5365067
7/5/7/5/4/3/7/3/6 3 3,X,1.7777777777777777777777777778,0,BLOCK,X,0.5420817,0.7196897
7/1/7/5/6/3/7/3/5 3 3,Z,-1.75,0,BLOCK,Z,0.5774488,0.2439678
7/5/7/1/6/3/7/3/5 3 3,Z,-1.6363636363636363636363636362,0,BLOCK,Z,0.2640531,0.3968394
7/5/7/5/4/3/7/3/5 3 3,X,2,2,BLOCK,X,0.9813331,0.7761558
7/1/7/5/6/3/7/3/3 3 3,Z,-1.75,0,BLOCK,Z,0.4992522,0.2907358
7/5/7/1/6/3/7/3/3 3 3,Z,-1.6363636363636363636363636362,2,BLOCK,Z,0.9179868,0.6149207
7/5/7/5/4/3/7/3/3 3 3,X,2.2222222222222222222222222222,0,BLOCK,X,0.9130193,0.6825059
7/1/7/5/6/3/7/7/4 3 3,Z,-1.875,2,BLOCK,Z,0.7662496,0.4246567
7/5/7/1/6/3/7/7/4 3 3,Z,-1.8181818181818181818181818182,2,BLOCK,Z,1.014144,0.4847744
7/5/7/5/4/3/7/7/4 3 3,X,1.7777777777777777777777777778,0,BLOCK,X,0.616967,0.7443537
7/1/7/5/6/3/7/7/2 3 3,Z,-1.875,0,BLOCK,Z,0.3732673,0.3378029
7/5/7/1/6/3/7/7/2 3 3,Z,-1.8181818181818181818181818182,2,BLOCK,Z,0.985783,0.5700659
7/5/7/5/4/3/7/7/2 3 3,X,2,0,BLOCK,X,0.6853559,0.8706969
7/1/7/5/6/3/7/7/1 3 3,Z,-1.875,2,BLOCK,Z,0.7772013,0.4617042
7/5/7/1/6/3/7/7/1 3 3,Z,-1.8181818181818181818181818182,0,BLOCK,Z,0.4678283,0.4094482
7/5/7/5/4/3/7/7/1 3 3,X,2.2222222222222222222222222222,0,BLOCK,X,1.051539,0.5855252
7/1/7/5/6/7/2/6/7 3 3,Z,-2.125,0,BLOCK,Z,0.5326187,0.2917167
7/5/7/1/6/7/2/6/7 3 3,Z,-2.1818181818181818181818181818,0,BLOCK,Z,0.7342525,0.5437154
7/5/7/5/4/7/2/6/7 3 3,X,2,2,BLOCK,X,1.080361,0.6505882
7/5/7/5/6/7/2/4/7 3 3,Z,2,0,BLOCK,Z,1.672933,1.021695
7/1/7/5/6/7/2/5/7 3 3,Z,-2,2,BLOCK,Z,0.7628953,0.4790677
7/5/7/1/6/7/2/5/7 3 3,Z,-2,0,BLOCK,Z,0.6421133,0.4664671
7/5/7/5/4/7/2/5/7 3 3,X,2,2,BLOCK,X,1.026731,0.6746507
7/5/7/5/6/7/2/1/7 3 3,Z,-2,0,BLOCK,Z,1.719705,1.095015
7/1/7/5/6/7/2/3/7 3 3,Z,-1.875,2,BLOCK,Z,0.7586874,0.3997409
7/5/7/1/6/7/2/3/7 3 3,Z,-1.8181818181818181818181818182,0,BLOCK,Z,0.6561899,0.4711755
7/5/7/5/4/7/2/3/7 3 3,X,2,0,BLOCK,X,0.6822593,0.4597041
7/1/7/5/6/7/2/7/6 3 3,Z,-2,2,BLOCK,Z,0.7721323,0.4276555
7/5/7/1/6/7/2/7/6 3 3,Z,-2,0,BLOCK,Z,0.486605,0.4313839
7/5/7/5/4/7/2/7/6 3 3,X,1.7777777777777777777777777778,0,BLOCK,X,0.3673899,0.5473601
7/1/7/5/6/7/2/7/5 3 3,Z,-2,0,BLOCK,Z,0.7166746,0.332113
7/5/7/1/6/7/2/7/5 3 3,Z,-2,0,BLOCK,Z,0.5571929,0.5525964
7/5/7/5/4/7/2/7/5 3 3,X,2,2,BLOCK,X,1.192805,0.7067912
7/1/7/5/6/7/2/7/3 3 3,Z,-2,2,BLOCK,Z,0.790039,0.3623669
7/5/7/1/6/7/2/7/3 3 3,Z,-2,0,BLOCK,Z,0.7958873,0.5380999
7/5/7/5/4/7/2/7/3 3 3,X,2.2222222222222222222222222222,0,BLOCK,X,0.6568761,0.4245159
7/1/7/5/6/7/6/2/7 3 3,Z,-2,0,BLOCK,Z,0.2698316,0.1990188
7/5/7/1/6/7/6/2/7 3 3,Z,-2,0,BLOCK,Z,0.7539488,0.4626705
7/5/7/5/4/7/6/2/7 3 3,X,1.7777777777777777777777777778,0,BLOCK,X,0.7114572,0.5745106
7/5/7/5/6/7/4/2/7 3 3,X,2,0,BLOCK,X,0.7255666,0.7784512
7/1/7/5/6/7/6/6/6 3 3,Z,-2.125,2,BLOCK,Z,0.7668725,0.5018443
7/5/7/1/6/7/6/6/6 3 3,Z,-2.1818181818181818181818181818,0,BLOCK,Z,0.6363972,0.6688396
7/5/7/5/4/7/6/6/6 3 3,X,1.5555555555555555555555555556,2,BLOCK,X,0.8972605,0.6258663
7/5/7/5/6/7/4/6/6 3 3,X,1.5,0,BLOCK,X,0.672718,0.6165451
7/5/7/5/6/7/6/4/6 3 3,Z,2,0,BLOCK,Z,0.1829876,0.379018
7/1/7/5/6/7/6/6/5 3 3,Z,-2.125,2,BLOCK,Z,0.8105121,0.5140987
7/5/7/1/6/7/6/6/5 3 3,Z,-2.1818181818181818181818181818,2,BLOCK,Z,1.102957,0.6276169
7/5/7/5/4/7/6/6/5 3 3,X,1.7777777777777777777777777778,0,BLOCK,X,0.7315041,0.5243365
7/5/7/5/6/7/4/6/5 3 3,X,2,0,BLOCK,X,0.5206904,0.7038012
7/5/7/5/6/7/6/4/5 3 3,Z,2,0,BLOCK,Z,0.1476755,0.2597449
7/1/7/5/6/7/6/6/3 3 3,Z,-2.125,2,BLOCK,Z,0.8104789,0.5824629
7/5/7/1/6/7/6/6/3 3 3,Z,-2.1818181818181818181818181818,2,BLOCK,Z,1.008412,0.6313795
7/5/7/5/4/7/6/6/3 3 3,X,2.0,0,BLOCK,X,0.3741163,0.6599801
7/5/7/5/6/7/4/6/3 3 3,X,2.5,0,BLOCK,X,0.7099636,0.8861704
7/5/7/5/6/7/6/4/3 3 3,Z,2,0,BLOCK,Z,1.649723,1.020508
7/1/7/5/6/7/6/5/6 3 3,Z,-2,2,BLOCK,Z,0.8666311,0.4219959
7/5/7/1/6/7/6/5/6 3 3,Z,-2,0,BLOCK,Z,0.7979811,0.5974659
7/5/7/5/4/7/6/5/6 3 3,X,1.5555555555555555555555555556,0,BLOCK,X,0.5714059,0.4894749
7/5/7/5/6/7/4/5/6 3 3,X,1.5,0,BLOCK,X,0.4910505,0.5792512
7/5/7/5/6/7/6/1/6 3 3,Z,-2,0,BLOCK,Z,0.1721441,0.3171289
7/1/7/5/6/7/6/5/5 3 3,Z,-2,0,BLOCK,Z,0.4739812,0.3381329
7/5/7/1/6/7/6/5/5 3 3,Z,-2,0,BLOCK,Z,0.4350439,0.5920106
7/5/7/5/4/7/6/5/5 3 3,X,1.7777777777777777777777777778,2,BLOCK,X,0.9384421,0.6255904
7/5/7/5/6/7/4/5/5 3 3,X,2,0,BLOCK,X,0.6623167,0.6941345
7/5/7/5/6/7/6/1/5 3 3,Z,-2,0,BLOCK,Z,1.619132,1.042517
7/1/7/5/6/7/6/5/3 3 3,Z,-2,2,BLOCK,Z,0.7718484,0.4371755
7/5/7/1/6/7/6/5/3 3 3,Z,-2,0,BLOCK,Z,0.6963698,0.6266628
7/5/7/5/4/7/6/5/3 3 3,X,2.0,0,BLOCK,X,0.5437953,0.6299402
7/5/7/5/6/7/4/5/3 3 3,X,2.5,0,BLOCK,X,0.6448312,0.8572459
7/5/7/5/6/7/6/1/3 3 3,Z,-2,0,BLOCK,Z,1.664082,1.029071
7/1/7/5/6/7/6/3/6 3 3,Z,-1.875,0,BLOCK,Z,0.4646888,0.1818987
7/5/7/1/6/7/6/3/6 3 3,Z,-1.8181818181818181818181818182,2,BLOCK,Z,0.9013668,0.6181313
7/5/7/5/4/7/6/3/6 3 3,X,1.5555555555555555555555555556,0,BLOCK,X,0.2885332,0.5525538
7/5/7/5/6/7/4/3/6 3 3,X,1.5,0,BLOCK,X,0.5314102,0.5741759
7/1/7/5/6/7/6/3/5 3 3,Z,-1.875,2,BLOCK,Z,0.8016666,0.4238828
7/5/7/1/6/7/6/3/5 3 3,Z,-1.8181818181818181818181818182,0,BLOCK,Z,0.4738432,0.5387862
7/5/7/5/4/7/6/3/5 3 3,X,1.7777777777777777777777777778,0,BLOCK,X,0.4580143,0.6655912
7/5/7/5/6/7/4/3/5 3 3,X,2,0,BLOCK,X,0.6504964,0.7023253
7/1/7/5/6/7/6/3/3 3 3,Z,-1.875,0,BLOCK,Z,0.5133559,0.2837343
7/5/7/1/6/7/6/3/3 3 3,Z,-1.8181818181818181818181818182,0,BLOCK,Z,0.4073725,0.442893
7/5/7/5/4/7/6/3/3 3 3,X,2.0,0,BLOCK,X,0.8095089,0.6335203
7/5/7/5/6/7/4/3/3 3 3,X,2.5,0,BLOCK,X,0.604411,0.8231801
7/1/7/5/6/7/6/7/4 3 3,Z,-2,2,BLOCK,Z,0.8852947,0.5076182
7/5/7/1/6/7/6/7/4 3 3,Z,-2,0,BLOCK,Z,0.5029873,0.5622349
7/5/7/5/4/7/6/7/4 3 3,X,1.5555555555555555555555555556,0,BLOCK,X,0.6649646,0.634903
7/5/7/5/6/7/4/7/4 3 3,X,1.5,0,BLOCK,X,0.3185914,0.4451489
7/1/7/5/6/7/6/7/2 3 3,Z,-2,2,BLOCK,Z,0.7715552,0.4109153
7/5/7/1/6/7/6/7/2 3 3,Z,-2,0,BLOCK,Z,0.6684071,0.6156214
7/5/7/5/4/7/6/7/2 3 3,X,1.7777777777777777777777777778,0,BLOCK,X,0.7156664,0.6214249
7/5/7/5/6/7/4/7/2 3 3,X,2,0,BLOCK,X,0.5326752,0.6285728
7/1/7/5/6/7/6/7/1 3 3,Z,-2,0,BLOCK,Z,0.5349411,0.415004
7/5/7/1/6/7/6/7/1 3 3,Z,-2,0,BLOCK,Z,0.6220961,0.4797968
7/5/7/5/4/7/6/7/1 3 3,X,2.0,0,BLOCK,X,0.5282662,0.6678798
7/5/7/5/6/7/4/7/1 3 3,X,2.5,0,BLOCK,X,0.5274428,0.655439
7/1/7/5/6/7/5/2/7 3 3,Z,-2,0,BLOCK,Z,0.5906154,0.3233371
7/5/7/1/6/7/5/2/7 3 3,Z,-2,0,BLOCK,Z,0.806858,0.6029302
7/5/7/5/4/7/5/2/7 3 3,X,2,2,BLOCK,X,0.9487823,0.6115382
7/5/7/5/6/7/1/2/7 3 3,X,-2,0,BLOCK,X,0.6182035,0.5702224
7/1/7/5/6/7/5/6/6 3 3,Z,-2.125,0,BLOCK,Z,0.7311383,0.3770019
7/5/7/1/6/7/5/6/6 3 3,Z,-2.1818181818181818181818181818,0,BLOCK,Z,0.6265267,0.7398969
7/5/7/5/4/7/5/6/6 3 3,X,1.7777777777777777777777777778,0,BLOCK,X,0.7285735,0.6107574
7/5/7/5/6/7/1/6/6 3 3,X,-2.5,0,BLOCK,X,0.719779,0.9175945
7/5/7/5/6/7/5/4/6 3 3,Z,2,0,BLOCK,Z,1.653212,0.9947593
7/1/7/5/6/7/5/6/5 3 3,Z,-2.125,2,BLOCK,Z,0.8373733,0.4448477
7/5/7/1/6/7/5/6/5 3 3,Z,-2.1818181818181818181818181818,0,BLOCK,Z,0.4962159,0.49257
7/5/7/5/4/7/5/6/5 3 3,X,2,0,BLOCK,X,0.7076353,0.5870639
7/5/7/5/6/7/1/6/5 3 3,X,-2,0,BLOCK,X,0.9204009,0.6605195
7/5/7/5/6/7/5/4/5 3 3,Z,2,0,BLOCK,Z,0.1839087,0.3253173
7/1/7/5/6/7/5/6/3 3 3,Z,-2.125,0,BLOCK,Z,0.3722522,0.2619752
7/5/7/1/6/7/5/6/3 3 3,Z,-2.1818181818181818181818181818,2,BLOCK,Z,1.051411,0.6409006
7/5/7/5/4/7/5/6/3 3 3,X,2.2222222222222222222222222222,0,BLOCK,X,0.8835533,0.6557534
7/5/7/5/6/7/1/6/3 3 3,X,-1.5,0,BLOCK,X,0.3358556,0.3945355
7/5/7/5/6/7/5/4/3 3 3,Z,2,2,BLOCK,Z,1.695123,1.039942
7/1/7/5/6/7/5/5/6 3 3,Z,-2,2,BLOCK,Z,0.815012,0.4843667
7/5/7/1/6/7/5/5/6 3 3,Z,-2,2,BLOCK,Z,0.9822047,0.510433
7/5/7/5/4/7/5/5/6 3 3,X,1.7777777777777777777777777778,0,BLOCK,X,0.6223589,0.6622522
7/5/7/5/6/7/1/5/6 3 3,X,-2.5,0,BLOCK,X,0.6463977,0.8149124
7/5/7/5/6/7/5/1/6 3 3,Z,-2,2,BLOCK,Z,1.686396,1.03095
7/1/7/5/6/7/5/5/5 3 3,Z,-2,0,BLOCK,Z,0.2760155,0.2237793
7/5/7/1/6/7/5/5/5 3 3,Z,-2,0,BLOCK,Z,0.7160863,0.5896302
7/5/7/5/4/7/5/5/5 3 3,X,2,0,BLOCK,X,0.5870298,0.7024481
7/5/7/5/6/7/1/5/5 3 3,X,-2,0,BLOCK,X,0.6423479,0.6837714
7/5/7/5/6/7/5/1/5 3 3,Z,-2,2,BLOCK,Z,1.64002,1.015698
7/1/7/5/6/7/5/5/3 3 3,Z,-2,0,BLOCK,Z,0.6213951,0.3182073
7/5/7/1/6/7/5/5/3 3 3,Z,-2,0,BLOCK,Z,0.382229,0.5336635
7/5/7/5/4/7/5/5/3 3 3,X,2.2222222222222222222222222222,2,BLOCK,X,1.060797,0.6893743
7/5/7/5/6/7/1/5/3 3 3,X,-1.5,0,BLOCK,X,0.5372595,0.5515031
7/5/7/5/6/7/5/1/3 3 3,Z,-2,2,BLOCK,Z,1.633859,1.040057
7/1/7/5/6/7/5/3/6 3 3,Z,-1.875,2,BLOCK,Z,0.7673507,0.3734521
7/5/7/1/6/7/5/3/6 3 3,Z,-1.8181818181818181818181818182,0,BLOCK,Z,0.7588064,0.5861046
7/5/7/5/4/7/5/3/6 3 3,X,1.7777777777777777777777777778,2,BLOCK,X,0.934736,0.6428759
7/5/7/5/6/7/1/3/6 3 3,X,-2.5,0,BLOCK,X,1.146521,0.8373645
7/1/7/5/6/7/5/3/5 3 3,Z,-1.875,0,BLOCK,Z,0.3399296,0.3103636
7/5/7/1/6/7/5/3/5 3 3,Z,-1.8181818181818181818181818182,2,BLOCK,Z,0.9182494,0.5906748
7/5/7/5/4/7/5/3/5 3 3,X,2,0,BLOCK,X,0.5103809,0.625222
7/5/7/5/6/7/1/3/5 3 3,X,-2,2,BLOCK,X,1.283141,0.7664761
7/1/7/5/6/7/5/3/3 3 3,Z,-1.875,0,BLOCK,Z,0.4332378,0.238302
7/5/7/1/6/7/5/3/3 3 3,Z,-1.8181818181818181818181818182,2,BLOCK,Z,0.9948331,0.5759416
7/5/7/5/4/7/5/3/3 3 3,X,2.2222222222222222222222222222,0,BLOCK,X,0.7338168,0.7140005
7/5/7/5/6/7/1/3/3 3 3,X,-1.5,0,BLOCK,X,0.5139062,0.4342594
7/1/7/5/6/7/5/7/4 3 3,Z,-2,2,BLOCK,Z,0.7597157,0.4937067
7/5/7/1/6/7/5/7/4 3 3,Z,-2,0,BLOCK,Z,0.6220477,0.5681483
7/5/7/5/4/7/5/7/4 3 3,X,1.7777777777777777777777777778,0,BLOCK,X,0.8356552,0.4780922
7/5/7/5/6/7/1/7/4 3 3,X,-2.5,0,BLOCK,X,0.6568415,0.6738995
7/1/7/5/6/7/5/7/2 3 3,Z,-2,0,BLOCK,Z,0.4190268,0.3298992
7/5/7/1/6/7/5/7/2 3 3,Z,-2,0,BLOCK,Z,0.7161323,0.6102561
7/5/7/5/4/7/5/7/2 3 3,X,2,0,BLOCK,X,0.8652838,0.6616862
7/5/7/5/6/7/1/7/2 3 3,X,-2,0,BLOCK,X,0.49707,0.6017457
7/1/7/5/6/7/5/7/1 3 3,Z,-2,0,BLOCK,Z,0.2370855,0.2786244
7/5/7/1/6/7/5/7/1 3 3,Z,-2,0,BLOCK,Z,0.7190444,0.6672648
7/5/7/5/4/7/5/7/1 3 3,X,2.2222222222222222222222222222,0,BLOCK,X,0.5906442,0.7238548
7/5/7/5/6/7/1/7/1 3 3,X,-1.5,0,BLOCK,X,0.4016031,0.3927203
7/1/7/5/6/7/3/2/7 3 3,Z,-2,2,BLOCK,Z,0.7724538,0.4366576
7/5/7/1/6/7/3/2/7 3 3,Z,-2,0,BLOCK,Z,0.1051317,0.1879584
7/5/7/5/4/7/3/2/7 3 3,X,2.2222222222222222222222222222,0,BLOCK,X,0.6650714,0.7138188
7/1/7/5/6/7/3/6/6 3 3,Z,-2.125,0,BLOCK,Z,0.6582646,0.4193786
7/5/7/1/6/7/3/6/6 3 3,Z,-2.1818181818181818181818181818,0,BLOCK,Z,0.6441237,0.6125393
7/5/7/5/4/7/3/6/6 3 3,X,2.0,0,BLOCK,X,0.7343524,0.7184041
7/5/7/5/6/7/3/4/6 3 3,Z,2,0,BLOCK,Z,0.1613292,0.2463295
7/1/7/5/6/7/3/6/5 3 3,Z,-2.125,2,BLOCK,Z,0.7793422,0.470111
7/5/7/1/6/7/3/6/5 3 3,Z,-2.1818181818181818181818181818,0,BLOCK,Z,0.7856525,0.6120054
7/5/7/5/4/7/3/6/5 3 3,X,2.2222222222222222222222222222,0,BLOCK,X,0.7113033,0.6289235
7/5/7/5/6/7/3/4/5 3 3,Z,2,0,BLOCK,Z,0.2218821,0.2838406
7/1/7/5/6/7/3/6/3 3 3,Z,-2.125,0,BLOCK,Z,0.6318142,0.3946231
7/5/7/1/6/7/3/6/3 3 3,Z,-2.1818181818181818181818181818,0,BLOCK,Z,0.8245057,0.5545556
7/5/7/5/4/7/3/6/3 3 3,X,2.4444444444444444444444444444,0,BLOCK,X,0.5922335,0.5351623
7/5/7/5/6/7/3/4/3 3 3,Z,2,0,BLOCK,Z,0.1678352,0.3243359
7/1/7/5/6/7/3/5/6 3 3,Z,-2,2,BLOCK,Z,0.8298348,0.3922965
7/5/7/1/6/7/3/5/6 3 3,Z,-2,2,BLOCK,Z,0.9722061,0.594579
7/5/7/5/4/7/3/5/6 3 3,X,2.0,0,BLOCK,X,0.6838463,0.7460333
7/5/7/5/6/7/3/1/6 3 3,Z,-2,0,BLOCK,Z,0.1203151,0.1985677
7/1/7/5/6/7/3/5/5 3 3,Z,-2,0,BLOCK,Z,0.5905991,0.3143289
7/5/7/1/6/7/3/5/5 3 3,Z,-2,0,BLOCK,Z,0.6124338,0.4818431
7/5/7/5/4/7/3/5/5 3 3,X,2.2222222222222222222222222222,2,BLOCK,X,1.421936,0.7691978
7/5/7/5/6/7/3/1/5 3 3,Z,-2,0,BLOCK,Z,1.616828,1.065698
7/1/7/5/6/7/3/5/3 3 3,Z,-2,0,BLOCK,Z,0.4653887,0.2881221
7/5/7/1/6/7/3/5/3 3 3,Z,-2,0,BLOCK,Z,0.5525885,0.5163656
7/5/7/5/4/7/3/5/3 3 3,X,2.4444444444444444444444444444,0,BLOCK,X,0.5305065,0.5381634
7/5/7/5/6/7/3/1/3 3 3,Z,-2,0,BLOCK,Z,0.09852638,0.2833053
7/1/7/5/6/7/3/3/6 3 3,Z,-1.875,2,BLOCK,Z,0.7721756,0.4861637
7/5/7/1/6/7/3/3/6 3 3,Z,-1.8181818181818181818181818182,0,BLOCK,Z,0.5682129,0.5438683
7/5/7/5/4/7/3/3/6 3 3,X,2.0,0,BLOCK,X,0.481884,0.7329662
7/1/7/5/6/7/3/3/5 3 3,Z,-1.875,2,BLOCK,Z,0.7727545,0.3978394
7/5/7/1/6/7/3/3/5 3 3,Z,-1.8181818181818181818181818182,2,BLOCK,Z,0.9049959,0.4854856
7/5/7/5/4/7/3/3/5 3 3,X,2.2222222222222222222222222222,0,BLOCK,X,0.5930519,0.6551253
7/1/7/5/6/7/3/3/3 3 3,Z,-1.875,2,BLOCK,Z,0.7407622,0.4913885
7/5/7/1/6/7/3/3/3 3 3,Z,-1.8181818181818181818181818182,0,BLOCK,Z,0.3674722,0.3616621
7/5/7/5/4/7/3/3/3 3 3,X,2.4444444444444444444444444444,0,BLOCK,X,0.5894508,0.5834162
7/1/7/5/6/7/3/7/4 3 3,Z,-2,0,BLOCK,Z,0.3815198,0.2504176
7/5/7/1/6/7/3/7/4 3 3,Z,-2,0,BLOCK,Z,0.6209005,0.4946044
7/5/7/5/4/7/3/7/4 3 3,X,2.0,0,BLOCK,X,1.301294,0.9685596
7/1/7/5/6/7/3/7/2 3 3,Z,-2,0,BLOCK,Z,0.5928397,0.3146319
7/5/7/1/6/7/3/7/2 3 3,Z,-2,0,BLOCK,Z,0.7854763,0.6421954
7/5/7/5/4/7/3/7/2 3 3,X,2.2222222222222222222222222222,2,BLOCK,X,1.348462,0.8542662
7/1/7/5/6/7/3/7/1 3 3,Z,-2,0,BLOCK,Z,0.2235496,0.2051737
7/5/7/1/6/7/3/7/1 3 3,Z,-2,0,BLOCK,Z,0.7976914,0.6307809
7/5/7/5/4/7/3/7/1 3 3,X,2.4444444444444444444444444444,2,BLOCK,X,1.306399,0.7544091
7/1/7/5/6/7/7/2/6 3 3,Z,-2,0,BLOCK,Z,0.3991369,0.4135876
7/5/7/1/6/7/7/2/6 3 3,Z,-2,0,BLOCK,Z,0.7877554,0.6160381
7/5/7/5/4/7/7/2/6 3 3,X,1.7777777777777777777777777778,0,BLOCK,X,0.5881228,0.6578226
7/1/7/5/6/7/7/2/5 3 3,Z,-2,0,BLOCK,Z,0.5997609,0.348293
7/5/7/1/6/7/7/2/5 3 3,Z,-2,0,BLOCK,Z,0.6569515,0.6037209
7/5/7/5/4/7/7/2/5 3 3,X,2,0,BLOCK,X,0.5666415,0.7493747
7/1/7/5/6/7/7/2/3 3 3,Z,-2,2,BLOCK,Z,0.8003022,0.4952951
7/5/7/1/6/7/7/2/3 3 3,Z,-2,0,BLOCK,Z,0.4560568,0.4091787
7/5/7/5/4/7/7/2/3 3 3,X,2.2222222222222222222222222222,0,BLOCK,X,0.6826923,0.7874438
7/1/7/5/6/7/7/6/4 3 3,Z,-2.125,2,BLOCK,Z,0.8812969,0.5201532
7/5/7/1/6/7/7/6/4 3 3,Z,-2.1818181818181818181818181818,0,BLOCK,Z,0.677114,0.6650407
7/5/7/5/4/7/7/6/4 3 3,X,1.7777777777777777777777777778,0,BLOCK,X,0.7615448,0.7328843
7/5/7/5/6/7/7/4/4 3 3,Z,2,0,BLOCK,Z,0.1701836,0.2997483
7/1/7/5/6/7/7/6/2 3 3,Z,-2.125,2,BLOCK,Z,0.8993756,0.4564174
7/5/7/1/6/7/7/6/2 3 3,Z,-2.1818181818181818181818181818,0,BLOCK,Z,0.7074429,0.7219279
7/5/7/5/4/7/7/6/2 3 3,X,2,0,BLOCK,X,0.8785382,0.6895359
7/5/7/5/6/7/7/4/2 3 3,Z,2,0,BLOCK,Z,0.1252688,0.24145
7/1/7/5/6/7/7/6/1 3 3,Z,-2.125,0,BLOCK,Z,0.6784494,0.3250132
7/5/7/1/6/7/7/6/1 3 3,Z,-2.1818181818181818181818181818,0,BLOCK,Z,0.8550276,0.6306719
7/5/7/5/4/7/7/6/1 3 3,X,2.2222222222222222222222222222,0,BLOCK,X,0.6753303,0.7453539
7/5/7/5/6/7/7/4/1 3 3,Z,2,0,BLOCK,Z,0.2708259,0.3867611
7/1/7/5/6/7/7/5/4 3 3,Z,-2,0,BLOCK,Z,0.3964235,0.297352
7/5/7/1/6/7/7/5/4 3 3,Z,-2,0,BLOCK,Z,0.6524718,0.5387756
7/5/7/5/4/7/7/5/4 3 3,X,1.7777777777777777777777777778,0,BLOCK,X,0.7290776,0.702592
7/5/7/5/6/7/7/1/4 3 3,Z,-2,0,BLOCK,Z,0.1616161,0.2791529
7/1/7/5/6/7/7/5/2 3 3,Z,-2,0,BLOCK,Z,0.4336028,0.3231335
7/5/7/1/6/7/7/5/2 3 3,Z,-2,0,BLOCK,Z,0.5140212,0.508619
7/5/7/5/4/7/7/5/2 3 3,X,2,0,BLOCK,X,0.866671,0.6630624
7/5/7/5/6/7/7/1/2 3 3,Z,-2,0,BLOCK,Z,0.1010204,0.2066715
7/1/7/5/6/7/7/5/1 3 3,Z,-2,0,BLOCK,Z,0.463781,0.3983321
7/5/7/1/6/7/7/5/1 3 3,Z,-2,2,BLOCK,Z,1.024869,0.6706788
7/5/7/5/4/7/7/5/1 3 3,X,2.2222222222222222222222222222,0,BLOCK,X,0.7910386,0.8179723
7/5/7/5/6/7/7/1/1 3 3,Z,-2,2,BLOCK,Z,1.615495,1.012899
7/1/7/5/6/7/7/3/4 3 3,Z,-1.875,2,BLOCK,Z,0.8274109,0.4496709
7/5/7/1/6/7/7/3/4 3 3,Z,-1.8181818181818181818181818182,0,BLOCK,Z,0.7480826,0.669809
7/5/7/5/4/7/7/3/4 3 3,X,1.7777777777777777777777777778,2,BLOCK,X,1.040716,0.8212216
7/1/7/5/6/7/7/3/2 3 3,Z,-1.875,0,BLOCK,Z,0.4793811,0.2970866
7/5/7/1/6/7/7/3/2 3 3,Z,-1.8181818181818181818181818182,0,BLOCK,Z,0.5099623,0.4616162
7/5/7/5/4/7/7/3/2 3 3,X,2,0,BLOCK,X,0.7074979,0.7147245
7/1/7/5/6/7/7/3/1 3 3,Z,-1.875,0,BLOCK,Z,0.5949706,0.2098038
7/5/7/1/6/7/7/3/1 3 3,Z,-1.8181818181818181818181818182,2,BLOCK,Z,0.9299374,0.5353079
7/5/7/5/4/7/7/3/1 3 3,X,2.2222222222222222222222222222,0,BLOCK,X,0.6659393,0.7461374
7/1/7/5/5/2/6/7/7 3 3,Z,-2,2,BLOCK,Z,0.7481449,0.4851922
7/5/7/1/5/2/6/7/7 3 3,Z,-2,0,BLOCK,Z,0.2307847,0.1834853
7/5/7/5/1/2/6/7/7 3 3,X,-2.2222222222222222222222222222,0,BLOCK,X,1.151696,0.5597234
7/5/7/5/5/2/4/7/7 3 3,X,2,0,BLOCK,X,0.7491435,0.7476037
7/1/7/5/5/2/5/7/7 3 3,Z,-2,0,BLOCK,Z,0.3990772,0.2047731
7/5/7/1/5/2/5/7/7 3 3,Z,-2,0,BLOCK,Z,0.3300658,0.2593849
7/5/7/5/1/2/5/7/7 3 3,X,-2,0,BLOCK,X,0.6904655,0.6577594
7/5/7/5/5/2/1/7/7 3 3,X,-2,2,BLOCK,X,1.420863,0.9138216
7/1/7/5/5/2/3/7/7 3 3,Z,-2,0,BLOCK,Z,0.4247071,0.3143881
7/5/7/1/5/2/3/7/7 3 3,Z,-2,0,BLOCK,Z,0.3761649,0.3254951
7/5/7/5/1/2/3/7/7 3 3,X,-1.7777777777777777777777777778,0,BLOCK,X,0.694975,0.6928203
7/1/7/5/5/2/7/6/7 3 3,Z,-2.125,2,BLOCK,Z,0.8202293,0.4416751
7/5/7/1/5/2/7/6/7 3 3,Z,-2.1818181818181818181818181818,0,BLOCK,Z,0.5507444,0.4272338
7/5/7/5/1/2/7/6/7 3 3,X,-2,0,BLOCK,X,0.7246933,0.6782857
7/5/7/5/5/2/7/4/7 3 3,Z,2,0,BLOCK,Z,0.4413207,0.4844539
7/1/7/5/5/2/7/5/7 3 3,Z,-2,2,BLOCK,Z,0.76307,0.3926736
7/5/7/1/5/2/7/5/7 3 3,Z,-2,2,BLOCK,Z,1.11158,0.7288189
7/5/7/5/1/2/7/5/7 3 3,X,-2,0,BLOCK,X,0.8255017,0.6536493
7/5/7/5/5/2/7/1/7 3 3,Z,-2,0,BLOCK,Z,0.5869821,0.5891035
7/1/7/5/5/2/7/3/7 3 3,Z,-1.875,0,BLOCK,Z,0.5034326,0.2759744
7/5/7/1/5/2/7/3/7 3 3,Z,-1.8181818181818181818181818182,2,BLOCK,Z,1.171952,0.8076088
7/5/7/5/1/2/7/3/7 3 3,X,-2,0,BLOCK,X,0.687378,0.6557546
7/1/7/5/5/2/7/7/6 3 3,Z,-2,0,BLOCK,Z,0.5295849,0.3385225
7/5/7/1/5/2/7/7/6 3 3,Z,-2,0,BLOCK,Z,0.4990513,0.4083853
7/5/7/5/1/2/7/7/6 3 3,X,-2.2222222222222222222222222222,0,BLOCK,X,0.9070101,0.6920753
7/1/7/5/5/2/7/7/5 3 3,Z,-2,2,BLOCK,Z,0.6913779,0.532518
7/5/7/1/5/2/7/7/5 3 3,Z,-2,0,BLOCK,Z,0.30749,0.3527085
7/5/7/5/1/2/7/7/5 3 3,X,-2,0,BLOCK,X,0.7280979,0.728115
7/1/7/5/5/2/7/7/3 3 3,Z,-2,2,BLOCK,Z,0.7774236,0.4158173
7/5/7/1/5/2/7/7/3 3 3,Z,-2,0,BLOCK,Z,0.3345667,0.3692225
7/5/7/5/1/2/7/7/3 3 3,X,-1.7777777777777777777777777778,0,BLOCK,X,0.6552203,0.6230168
7/1/7/5/5/6/2/7/7 3 3,Z,-2.125,0,BLOCK,Z,0.2960507,0.2859541
7/5/7/1/5/6/2/7/7 3 3,Z,-2.1818181818181818181818181818,0,BLOCK,Z,0.4597678,0.6954173
7/5/7/5/1/6/2/7/7 3 3,X,-2,0,BLOCK,X,0.1868605,0.3624777
7/5/7/5/5/4/2/7/7 3 3,Z,2,0,BLOCK,Z,0.9102747,0.8076934
7/1/7/5/5/6/6/6/7 3 3,Z,-2.25,0,BLOCK,Z,0.2270276,0.2434894
7/5/7/1/5/6/6/6/7 3 3,Z,-2.3636363636363636363636363638,0,BLOCK,Z,0.4238114,0.6340482
7/5/7/5/1/6/6/6/7 3 3,X,-2.2222222222222222222222222222,0,BLOCK,X,0.2921791,0.4283907
7/5/7/5/5/4/6/6/7 3 3,Z,1.7142857142857142857142857142,0,BLOCK,Z,0.683957,0.7510408
7/5/7/5/5/6/4/6/7 3 3,X,2,0,BLOCK,X,0.4579813,0.6182208
7/5/7/5/5/6/6/4/7 3 3,Z,2,0,BLOCK,Z,0.3759141,0.4434297
7/1/7/5/5/6/6/5/7 3 3,Z,-2.125,2,BLOCK,Z,0.9255722,0.5183869
7/5/7/1/5/6/6/5/7 3 3,Z,-2.1818181818181818181818181818,0,BLOCK,Z,0.3899418,0.5732229
7/5/7/5/1/6/6/5/7 3 3,X,-2.2222222222222222222222222222,0,BLOCK,X,0.7925705,0.6829114
7/5/7/5/5/4/6/5/7 3 3,Z,2,2,BLOCK,Z,1.049636,0.778715
7/5/7/5/5/6/4/5/7 3 3,X,2,0,BLOCK,X,0.6824669,0.5871265
7/5/7/5/5/6/6/1/7 3 3,Z,-2,0,BLOCK,Z,0.456907,0.4564471
7/1/7/5/5/6/6/3/7 3 3,Z,-2,2,BLOCK,Z,1.045805,0.6462365
7/5/7/1/5/6/6/3/7 3 3,Z,-2,0,BLOCK,Z,0.3295498,0.5874902
7/5/7/5/1/6/6/3/7 3 3,X,-2.2222222222222222222222222222,0,BLOCK,X,0.5452926,0.5353072
7/5/7/5/5/4/6/3/7 3 3,Z,2.2857142857142857142857142858,0,BLOCK,Z,0.4444398,0.5597446
7/5/7/5/5/6/4/3/7 3 3,X,2,0,BLOCK,X,0.5496873,0.6536741
7/1/7/5/5/6/6/7/6 3 3,Z,-2.125,2,BLOCK,Z,0.9253827,0.6555749
7/5/7/1/5/6/6/7/6 3 3,Z,-2.1818181818181818181818181818,0,BLOCK,Z,0.591572,0.6868615
7/5/7/5/1/6/6/7/6 3 3,X,-2.4444444444444444444444444444,0,BLOCK,X,0.6508474,0.4866164
7/5/7/5/5/4/6/7/6 3 3,Z,2,0,BLOCK,Z,0.6274121,0.8377306
7/5/7/5/5/6/4/7/6 3 3,X,1.6,0,BLOCK,X,0.2931906,0.4430018
7/1/7/5/5/6/6/7/5 3 3,Z,-2.125,2,BLOCK,Z,0.943753,0.5467419
7/5/7/1/5/6/6/7/5 3 3,Z,-2.1818181818181818181818181818,2,BLOCK,Z,1.29954,0.885221
7/5/7/5/1/6/6/7/5 3 3,X,-2.2222222222222222222222222222,0,BLOCK,X,0.8510461,0.5062538
7/5/7/5/5/4/6/7/5 3 3,Z,2,2,BLOCK,Z,1.187899,0.7597983
7/5/7/5/5/6/4/7/5 3 3,X,2,0,BLOCK,X,0.8587928,0.7322066
7/1/7/5/5/6/6/7/3 3 3,Z,-2.125,0,BLOCK,Z,0.4120432,0.3490996
7/5/7/1/5/6/6/7/3 3 3,Z,-2.1818181818181818181818181818,2,BLOCK,Z,1.356798,0.6652976
7/5/7/5/1/6/6/7/3 3 3,X,-2,0,BLOCK,X,0.4633009,0.5034859
7/5/7/5/5/4/6/7/3 3 3,Z,2,0,BLOCK,Z,0.5280133,0.7536582
7/5/7/5/5/6/4/7/3 3 3,X,2.4,0,BLOCK,X,0.6187401,0.7652836
7/1/7/5/5/6/5/6/7 3 3,Z,-2.25,0,BLOCK,Z,0.7441638,0.4514651
7/5/7/1/5/6/5/6/7 3 3,Z,-2.3636363636363636363636363638,0,BLOCK,Z,0.4326985,0.6039431
7/5/7/5/1/6/5/6/7 3 3,X,-2,0,BLOCK,X,0.7885749,0.610719
7/5/7/5/5/4/5/6/7 3 3,Z,1.7142857142857142857142857142,0,BLOCK,Z,0.5437617,0.6002614
7/5/7/5/5/6/1/6/7 3 3,X,-2,2,BLOCK,X,1.363046,0.8054391
7/5/7/5/5/6/5/4/7 3 3,Z,2,0,BLOCK,Z,1.704072,1.135505
7/1/7/5/5/6/5/5/7 3 3,Z,-2.125,2,BLOCK,Z,0.9693047,0.6190322
7/5/7/1/5/6/5/5/7 3 3,Z,-2.1818181818181818181818181818,0,BLOCK,Z,0.7224117,0.824114
7/5/7/5/1/6/5/5/7 3 3,X,-2,0,BLOCK,X,0.7015718,0.7006643
7/5/7/5/5/4/5/5/7 3 3,Z,2,0,BLOCK,Z,0.6035656,0.682502
7/5/7/5/5/6/1/5/7 3 3,X,-2,0,BLOCK,X,1.311769,1.075185
7/5/7/5/5/6/5/1/7 3 3,Z,-2,2,BLOCK,Z,1.571183,0.9686854
7/1/7/5/5/6/5/3/7 3 3,Z,-2,0,BLOCK,Z,0.4031624,0.2380928
7/5/7/1/5/6/5/3/7 3 3,Z,-2,2,BLOCK,Z,1.402223,0.9420646
7/5/7/5/1/6/5/3/7 3 3,X,-2,0,BLOCK,X,0.8421175,0.7049277
7/5/7/5/5/4/5/3/7 3 3,Z,2.2857142857142857142857142858,2,BLOCK,Z,1.334631,0.8100054
7/5/7/5/5/6/1/3/7 3 3,X,-2,0,BLOCK,X,0.51008,0.6281778
7/1/7/5/5/6/5/7/6 3 3,Z,-2.125,0,BLOCK,Z,0.5117331,0.5140684
7/5/7/1/5/6/5/7/6 3 3,Z,-2.1818181818181818181818181818,0,BLOCK,Z,0.636804,0.6152607
7/5/7/5/1/6/5/7/6 3 3,X,-2.2222222222222222222222222222,0,BLOCK,X,0.8255474,0.7963596
7/5/7/5/5/4/5/7/6 3 3,Z,2,0,BLOCK,Z,0.57791,0.7965824
7/5/7/5/5/6/1/7/6 3 3,X,-2.4,0,BLOCK,X,0.471431,0.7245283
7/1/7/5/5/6/5/7/5 3 3,Z,-2.125,0,BLOCK,Z,0.4423479,0.3997945
7/5/7/1/5/6/5/7/5 3 3,Z,-2.1818181818181818181818181818,0,BLOCK,Z,0.4770384,0.5862644
7/5/7/5/1/6/5/7/5 3 3,X,-2,0,BLOCK,X,0.8775283,0.6171619
7/5/7/5/5/4/5/7/5 3 3,Z,2,0,BLOCK,Z,0.6257439,0.803775
7/5/7/5/5/6/1/7/5 3 3,X,-2,0,BLOCK,X,0.38592,0.5131866
7/1/7/5/5/6/5/7/3 3 3,Z,-2.125,0,BLOCK,Z,0.6078165,0.4919487
7/5/7/1/5/6/5/7/3 3 3,Z,-2.1818181818181818181818181818,0,BLOCK,Z,0.3328086,0.5663021
7/5/7/5/1/6/5/7/3 3 3,X,-1.7777777777777777777777777778,0,BLOCK,X,0.6818904,0.7086838
7/5/7/5/5/4/5/7/3 3 3,Z,2,0,BLOCK,Z,0.7218202,0.7042583
7/5/7/5/5/6/1/7/3 3 3,X,-1.6,0,BLOCK,X,0.285568,0.5197643
7/1/7/5/5/6/3/6/7 3 3,Z,-2.25,0,BLOCK,Z,0.4248535,0.3029874
7/5/7/1/5/6/3/6/7 3 3,Z,-2.3636363636363636363636363638,0,BLOCK,Z,0.4361178,0.5471468
7/5/7/5/1/6/3/6/7 3 3,X,-1.7777777777777777777777777778,2,BLOCK,X,0.946717,0.6003974
7/5/7/5/5/4/3/6/7 3 3,Z,1.7142857142857142857142857142,0,BLOCK,Z,0.2473815,0.5009974
7/5/7/5/5/6/3/4/7 3 3,Z,2,0,BLOCK,Z,0.4294783,0.5468534
7/1/7/5/5/6/3/5/7 3 3,Z,-2.125,2,BLOCK,Z,0.9585485,0.7080282
7/5/7/1/5/6/3/5/7 3 3,Z,-2.1818181818181818181818181818,0,BLOCK,Z,0.273747,0.5533512
7/5/7/5/1/6/3/5/7 3 3,X,-1.7777777777777777777777777778,0,BLOCK,X,0.7072843,0.6391793
7/5/7/5/5/4/3/5/7 3 3,Z,2,0,BLOCK,Z,0.6182304,0.7168497
7/5/7/5/5/6/3/1/7 3 3,Z,-2,0,BLOCK,Z,0.5200541,0.5012577
7/1/7/5/5/6/3/3/7 3 3,Z,-2,0,BLOCK,Z,0.4529416,0.4464688
7/5/7/1/5/6/3/3/7 3 3,Z,-2,2,BLOCK,Z,1.285543,0.7867352
7/5/7/5/1/6/3/3/7 3 3,X,-1.7777777777777777777777777778,0,BLOCK,X,0.58433,0.5435877
7/5/7/5/5/4/3/3/7 3 3,Z,2.2857142857142857142857142858,0,BLOCK,Z,0.488406,0.6814818
7/1/7/5/5/6/3/7/6 3 3,Z,-2.125,0,BLOCK,Z,0.7010796,0.4661738
7/5/7/1/5/6/3/7/6 3 3,Z,-2.1818181818181818181818181818,2,BLOCK,Z,1.289062,0.879996
7/5/7/5/1/6/3/7/6 3 3,X,-2,0,BLOCK,X,0.6596429,0.6661466
7/5/7/5/5/4/3/7/6 3 3,Z,2,0,BLOCK,Z,0.9491639,0.8954571
7/1/7/5/5/6/3/7/5 3 3,Z,-2.125,2,BLOCK,Z,0.9230728,0.556955
7/5/7/1/5/6/3/7/5 3 3,Z,-2.1818181818181818181818181818,0,BLOCK,Z,0.4770906,0.4779346
7/5/7/5/1/6/3/7/5 3 3,X,-1.7777777777777777777777777778,2,BLOCK,X,0.8409535,0.6144175
7/5/7/5/5/4/3/7/5 3 3,Z,2,0,BLOCK,Z,0.9026626,0.7755412
7/1/7/5/5/6/3/7/3 3 3,Z,-2.125,0,BLOCK,Z,0.5224639,0.4323967
7/5/7/1/5/6/3/7/3 3 3,Z,-2.1818181818181818181818181818,0,BLOCK,Z,0.3953191,0.5904738
7/5/7/5/1/6/3/7/3 3 3,X,-1.5555555555555555555555555556,2,BLOCK,X,0.9207963,0.6240509
7/5/7/5/5/4/3/7/3 3 3,Z,2,0,BLOCK,Z,1.025904,0.8199151
7/1/7/5/5/6/7/2/7 3 3,Z,-2.125,0,BLOCK,Z,0.4411626,0.3395882
7/5/7/1/5/6/7/2/7 3 3,Z,-2.1818181818181818181818181818,0,BLOCK,Z,0.4964756,0.6509793
7/5/7/5/1/6/7/2/7 3 3,X,-2,0,BLOCK,X,0.6559721,0.6440292
7/5/7/5/5/4/7/2/7 3 3,Z,2,0,BLOCK,Z,1.256356,0.7446697
7/1/7/5/5/6/7/6/6 3 3,Z,-2.25,0,BLOCK,Z,0.6314796,0.3938175
7/5/7/1/5/6/7/6/6 3 3,Z,-2.3636363636363636363636363638,2,BLOCK,Z,1.130459,0.7977857
7/5/7/5/1/6/7/6/6 3 3,X,-2.2222222222222222222222222222,0,BLOCK,X,0.793642,0.7467449
7/5/7/5/5/4/7/6/6 3 3,Z,1.7142857142857142857142857142,0,BLOCK,Z,0.5593296,0.6024902
7/5/7/5/5/6/7/4/6 3 3,Z,2,0,BLOCK,Z,0.3167895,0.49554
7/1/7/5/5/6/7/6/5 3 3,Z,-2.25,0,BLOCK,Z,0.8194984,0.2887783
7/5/7/1/5/6/7/6/5 3 3,Z,-2.3636363636363636363636363638,0,BLOCK,Z,0.5072511,0.6346827
7/5/7/5/1/6/7/6/5 3 3,X,-2,0,BLOCK,X,0.730423,0.690565
7/5/7/5/5/4/7/6/5 3 3,Z,1.7142857142857142857142857142,2,BLOCK,Z,1.118761,0.6971129
7/5/7/5/5/6/7/4/5 3 3,Z,2,0,BLOCK,Z,0.2706309,0.4368599
7/1/7/5/5/6/7/6/3 3 3,Z,-2.25,0,BLOCK,Z,0.609507,0.3973939
7/5/7/1/5/6/7/6/3 3 3,Z,-2.3636363636363636363636363638,2,BLOCK,Z,1.175813,0.7784579
7/5/7/5/1/6/7/6/3 3 3,X,-1.7777777777777777777777777778,0,BLOCK,X,0.4770942,0.7059802
7/5/7/5/5/4/7/6/3 3 3,Z,1.7142857142857142857142857142,0,BLOCK,Z,0.7826436,0.6718811
7/5/7/5/5/6/7/4/3 3 3,Z,2,0,BLOCK,Z,0.3810402,0.5414917
7/1/7/5/5/6/7/5/6 3 3,Z,-2.125,2,BLOCK,Z,0.9132519,0.5931042
7/5/7/1/5/6/7/5/6 3 3,Z,-2.1818181818181818181818181818,0,BLOCK,Z,0.3706375,0.4975902
7/5/7/5/1/6/7/5/6 3 3,X,-2.2222222222222222222222222222,0,BLOCK,X,0.7311853,0.8255726
7/5/7/5/5/4/7/5/6 3 3,Z,2,0,BLOCK,Z,0.6185529,0.7398219
7/5/7/5/5/6/7/1/6 3 3,Z,-2,0,BLOCK,Z,0.4297841,0.5218633
7/1/7/5/5/6/7/5/5 3 3,Z,-2.125,0,BLOCK,Z,0.5826614,0.4221866
7/5/7/1/5/6/7/5/5 3 3,Z,-2.1818181818181818181818181818,0,BLOCK,Z,0.3377466,0.4103355
7/5/7/5/1/6/7/5/5 3 3,X,-2,0,BLOCK,X,0.7129815,0.7606061
7/5/7/5/5/4/7/5/5 3 3,Z,2,2,BLOCK,Z,1.165028,0.8399351
7/5/7/5/5/6/7/1/5 3 3,Z,-2,0,BLOCK,Z,0.5573743,0.641605
7/1/7/5/5/6/7/5/3 3 3,Z,-2.125,2,BLOCK,Z,0.8764647,0.5113527
7/5/7/1/5/6/7/5/3 3 3,Z,-2.1818181818181818181818181818,0,BLOCK,Z,0.3810034,0.4647582
7/5/7/5/1/6/7/5/3 3 3,X,-1.7777777777777777777777777778,2,BLOCK,X,0.9758005,0.7212043
7/5/7/5/5/4/7/5/3 3 3,Z,2,0,BLOCK,Z,0.5888802,0.7969186
7/5/7/5/5/6/7/1/3 3 3,Z,-2,0,BLOCK,Z,0.5935095,0.7045241
7/1/7/5/5/6/7/3/6 3 3,Z,-2,0,BLOCK,Z,0.6849564,0.5775523
7/5/7/1/5/6/7/3/6 3 3,Z,-2,2,BLOCK,Z,1.278011,0.8494292
7/5/7/5/1/6/7/3/6 3 3,X,-2.2222222222222222222222222222,0,BLOCK,X,0.8534171,0.6770013
7/5/7/5/5/4/7/3/6 3 3,Z,2.2857142857142857142857142858,2,BLOCK,Z,1.433017,0.8874767
7/1/7/5/5/6/7/3/5 3 3,Z,-2,2,BLOCK,Z,0.9458482,0.5713404
7/5/7/1/5/6/7/3/5 3 3,Z,-2,0,BLOCK,Z,0.3801825,0.5522528
7/5/7/5/1/6/7/3/5 3 3,X,-2,0,BLOCK,X,0.6718801,0.7050247
7/5/7/5/5/4/7/3/5 3 3,Z,2.2857142857142857142857142858,0,BLOCK,Z,0.597763,0.7917798
7/1/7/5/5/6/7/3/3 3 3,Z,-2,0,BLOCK,Z,0.5214975,0.4077611
7/5/7/1/5/6/7/3/3 3 3,Z,-2,0,BLOCK,Z,0.4542294,0.7418234
7/5/7/5/1/6/7/3/3 3 3,X,-1.7777777777777777777777777778,0,BLOCK,X,0.7852511,0.6639794
7/5/7/5/5/4/7/3/3 3 3,Z,2.2857142857142857142857142858,0,BLOCK,Z,0.6080672,0.7708008
7/1/7/5/5/6/7/7/4 3 3,Z,-2.125,0,BLOCK,Z,0.5129679,0.3790507
7/5/7/1/5/6/7/7/4 3 3,Z,-2.1818181818181818181818181818,2,BLOCK,Z,1.250442,0.8135517
7/5/7/5/1/6/7/7/4 3 3,X,-2.2222222222222222222222222222,0,BLOCK,X,0.7967328,0.7594076
7/5/7/5/5/4/7/7/4 3 3,Z,2,2,BLOCK,Z,1.288225,0.8120196
7/1/7/5/5/6/7/7/2 3 3,Z,-2.125,2,BLOCK,Z,0.8941924,0.548952
7/5/7/1/5/6/7/7/2 3 3,Z,-2.1818181818181818181818181818,0,BLOCK,Z,0.583087,0.6256762
7/5/7/5/1/6/7/7/2 3 3,X,-2,0,BLOCK,X,0.9779854,0.7337678
7/5/7/5/5/4/7/7/2 3 3,Z,2,0,BLOCK,Z,0.7066908,0.8909387
7/1/7/5/5/6/7/7/1 3 3,Z,-2.125,0,BLOCK,Z,0.6558397,0.3851547
7/5/7/1/5/6/7/7/1 3 3,Z,-2.1818181818181818181818181818,0,BLOCK,Z,0.3741966,0.6725426
7/5/7/5/1/6/7/7/1 3 3,X,-1.7777777777777777777777777778,0,BLOCK,X,0.8455478,0.6424364
7/5/7/5/5/4/7/7/1 3 3,Z,2,0,BLOCK,Z,0.4106539,0.8402137
7/1/7/5/5/5/2/7/7 3 3,Z,-2,2,BLOCK,Z,0.7397459,0.4593852
7/5/7/1/5/5/2/7/7 3 3,Z,-2,0,BLOCK,Z,0.4368717,0.4148144
7/5/7/5/1/5/2/7/7 3 3,X,-2,2,BLOCK,X,0.9626997,0.64647
7/5/7/5/5/1/2/7/7 3 3,Z,-2,0,BLOCK,Z,0.9454424,0.7770524
7/1/7/5/5/5/6/6/7 3 3,Z,-2.125,2,BLOCK,Z,0.8214692,0.3869036
7/5/7/1/5/5/6/6/7 3 3,Z,-2.1818181818181818181818181818,0,BLOCK,Z,0.3523398,0.4780052
7/5/7/5/1/5/6/6/7 3 3,X,-2.2222222222222222222222222222,0,BLOCK,X,0.7063221,0.6196416
7/5/7/5/5/1/6/6/7 3 3,Z,-2.2857142857142857142857142858,2,BLOCK,Z,1.313618,0.8108845
7/5/7/5/5/5/4/6/7 3 3,X,2,0,BLOCK,X,0.6269239,0.7024778
7/5/7/5/5/5/6/4/7 3 3,Z,2,0,BLOCK,Z,0.1905758,0.3681313
7/1/7/5/5/5/6/5/7 3 3,Z,-2,0,BLOCK,Z,0.2764783,0.2398977
7/5/7/1/5/5/6/5/7 3 3,Z,-2,0,BLOCK,Z,0.5121788,0.4920748
7/5/7/5/1/5/6/5/7 3 3,X,-2.2222222222222222222222222222,2,BLOCK,X,1.330217,0.7015696
7/5/7/5/5/1/6/5/7 3 3,Z,-2,0,BLOCK,Z,0.583848,0.6450548
7/5/7/5/5/5/4/5/7 3 3,X,2,0,BLOCK,X,0.5195267,0.695511
7/5/7/5/5/5/6/1/7 3 3,Z,-2,0,BLOCK,Z,0.1497304,0.326188
7/1/7/5/5/5/6/3/7 3 3,Z,-1.875,0,BLOCK,Z,0.397471,0.2484578
7/5/7/1/5/5/6/3/7 3 3,Z,-1.8181818181818181818181818182,0,BLOCK,Z,0.5399489,0.4217653
7/5/7/5/1/5/6/3/7 3 3,X,-2.2222222222222222222222222222,2,BLOCK,X,1.286919,0.7107139
7/5/7/5/5/1/6/3/7 3 3,Z,-1.7142857142857142857142857142,0,BLOCK,Z,0.7832327,0.6626616
7/5/7/5/5/5/4/3/7 3 3,X,2,0,BLOCK,X,0.4838241,0.7138596
7/1/7/5/5/5/6/7/6 3 3,Z,-2,2,BLOCK,Z,0.7781117,0.424693
7/5/7/1/5/5/6/7/6 3 3,Z,-2,2,BLOCK,Z,0.9532993,0.6117983
7/5/7/5/1/5/6/7/6 3 3,X,-2.4444444444444444444444444444,0,BLOCK,X,0.7678066,0.4973842
7/5/7/5/5/1/6/7/6 3 3,Z,-2,0,BLOCK,Z,0.873004,0.7758017
7/5/7/5/5/5/4/7/6 3 3,X,1.6,0,BLOCK,X,1.014723,0.8366298
7/1/7/5/5/5/6/7/5 3 3,Z,-2,2,BLOCK,Z,0.7830929,0.503952
7/5/7/1/5/5/6/7/5 3 3,Z,-2,0,BLOCK,Z,0.3675092,0.5117197
7/5/7/5/1/5/6/7/5 3 3,X,-2.2222222222222222222222222222,0,BLOCK,X,0.53084,0.6939839
7/5/7/5/5/1/6/7/5 3 3,Z,-2,0,BLOCK,Z,0.8216515,0.8540807
7/5/7/5/5/5/4/7/5 3 3,X,2,0,BLOCK,X,0.3840555,0.56925
7/1/7/5/5/5/6/7/3 3 3,Z,-2,2,BLOCK,Z,0.7890143,0.422181
7/5/7/1/5/5/6/7/3 3 3,Z,-2,0,BLOCK,Z,0.5917548,0.4660136
7/5/7/5/1/5/6/7/3 3 3,X,-2,0,BLOCK,X,0.3930138,0.6656008
7/5/7/5/5/1/6/7/3 3 3,Z,-2,0,BLOCK,Z,0.8422788,0.8133726
7/5/7/5/5/5/4/7/3 3 3,X,2.4,2,BLOCK,X,1.626302,0.9577383
7/1/7/5/5/5/5/6/7 3 3,Z,-2.125,2,BLOCK,Z,0.7762118,0.5015348
7/5/7/1/5/5/5/6/7 3 3,Z,-2.1818181818181818181818181818,2,BLOCK,Z,0.9525958,0.5984099
7/5/7/5/1/5/5/6/7 3 3,X,-2,0,BLOCK,X,0.4731077,0.7643123
7/5/7/5/5/1/5/6/7 3 3,Z,-2.2857142857142857142857142858,0,BLOCK,Z,0.7626647,0.7609612
7/5/7/5/5/5/1/6/7 3 3,X,-2,0,BLOCK,X,0.6730658,0.7066012
7/5/7/5/5/5/5/4/7 3 3,Z,2,2,BLOCK,Z,1.61402,1.073269
7/1/7/5/5/5/5/5/7 3 3,Z,-2,0,BLOCK,Z,0.3550837,0.2488899
7/5/7/1/5/5/5/5/7 3 3,Z,-2,0,BLOCK,Z,0.5150912,0.4409667
7/5/7/5/1/5/5/5/7 3 3,X,-2,2,BLOCK,X,0.9147564,0.6763386
7/5/7/5/5/1/5/5/7 3 3,Z,-2,0,BLOCK,Z,0.5928725,0.790328
7/5/7/5/5/5/1/5/7 3 3,X,-2,2,BLOCK,X,1.354798,0.7826794
7/5/7/5/5/5/5/1/7 3 3,Z,-2,0,BLOCK,Z,1.682355,1.06818
7/1/7/5/5/5/5/3/7 3 3,Z,-1.875,0,BLOCK,Z,0.6005943,0.2687734
7/5/7/1/5/5/5/3/7 3 3,Z,-1.8181818181818181818181818182,0,BLOCK,Z,0.5603765,0.4632457
7/5/7/5/1/5/5/3/7 3 3,X,-2,2,BLOCK,X,0.962069,0.6648468
7/5/7/5/5/1/5/3/7 3 3,Z,-1.7142857142857142857142857142,0,BLOCK,Z,0.5808164,0.7122632
7/5/7/5/5/5/1/3/7 3 3,X,-2,2,BLOCK,X,1.341059,0.8012077
7/1/7/5/5/5/5/7/6 3 3,Z,-2,2,BLOCK,Z,0.7748205,0.3837944
7/5/7/1/5/5/5/7/6 3 3,Z,-2,2,BLOCK,Z,0.973061,0.4651591
7/5/7/5/1/5/5/7/6 3 3,X,-2.2222222222222222222222222222,0,BLOCK,X,0.6525515,0.8034307
7/5/7/5/5/1/5/7/6 3 3,Z,-2,0,BLOCK,Z,0.6347544,0.8251074
7/5/7/5/5/5/1/7/6 3 3,X,-2.4,0,BLOCK,X,1.532396,1.090468
7/1/7/5/5/5/5/7/5 3 3,Z,-2,2,BLOCK,Z,0.7696074,0.4538543
7/5/7/1/5/5/5/7/5 3 3,Z,-2,2,BLOCK,Z,0.9307781,0.5606183
7/5/7/5/1/5/5/7/5 3 3,X,-2,0,BLOCK,X,0.7168313,0.7836087
7/5/7/5/5/1/5/7/5 3 3,Z,-2,0,BLOCK,Z,0.7857121,0.8033756
7/5/7/5/5/5/1/7/5 3 3,X,-2,0,BLOCK,X,0.3478123,0.5813674
7/1/7/5/5/5/5/7/3 3 3,Z,-2,2,BLOCK,Z,0.7141381,0.4570333
7/5/7/1/5/5/5/7/3 3 3,Z,-2,0,BLOCK,Z,0.4491631,0.4069341
7/5/7/5/1/5/5/7/3 3 3,X,-1.7777777777777777777777777778,0,BLOCK,X,0.6020349,0.6612705
7/5/7/5/5/1/5/7/3 3 3,Z,-2,0,BLOCK,Z,0.4617823,0.7608125
7/5/7/5/5/5/1/7/3 3 3,X,-1.6,0,BLOCK,X,0.51781,0.579847
7/1/7/5/5/5/3/6/7 3 3,Z,-2.125,0,BLOCK,Z,0.5938275,0.3581165
7/5/7/1/5/5/3/6/7 3 3,Z,-2.1818181818181818181818181818,0,BLOCK,Z,0.5355855,0.4796494
7/5/7/5/1/5/3/6/7 3 3,X,-1.7777777777777777777777777778,2,BLOCK,X,0.9989939,0.5251659
7/5/7/5/5/1/3/6/7 3 3,Z,-2.2857142857142857142857142858,0,BLOCK,Z,0.4405713,0.6697554
7/5/7/5/5/5/3/4/7 3 3,Z,2,0,BLOCK,Z,1.688685,1.117089
7/1/7/5/5/5/3/5/7 3 3,Z,-2,2,BLOCK,Z,0.7765053,0.4265757
7/5/7/1/5/5/3/5/7 3 3,Z,-2,2,BLOCK,Z,0.9202363,0.4997504
7/5/7/5/1/5/3/5/7 3 3,X,-1.7777777777777777777777777778,0,BLOCK,X,0.5177756,0.6356888
7/5/7/5/5/1/3/5/7 3 3,Z,-2,0,BLOCK,Z,0.7898964,0.833972
7/5/7/5/5/5/3/1/7 3 3,Z,-2,0,BLOCK,Z,0.1970441,0.3145971
7/1/7/5/5/5/3/3/7 3 3,Z,-1.875,0,BLOCK,Z,0.5723572,0.3637313
7/5/7/1/5/5/3/3/7 3 3,Z,-1.8181818181818181818181818182,0,BLOCK,Z,0.3883981,0.3729008
7/5/7/5/1/5/3/3/7 3 3,X,-1.7777777777777777777777777778,0,BLOCK,X,0.6589438,0.6938273
7/5/7/5/5/1/3/3/7 3 3,Z,-1.7142857142857142857142857142,0,BLOCK,Z,0.4643064,0.648067
7/1/7/5/5/5/3/7/6 3 3,Z,-2,0,BLOCK,Z,0.3278543,0.1903555
7/5/7/1/5/5/3/7/6 3 3,Z,-2,0,BLOCK,Z,0.6482716,0.4955957
7/5/7/5/1/5/3/7/6 3 3,X,-2,0,BLOCK,X,0.4533329,0.7885538
7/5/7/5/5/1/3/7/6 3 3,Z,-2,2,BLOCK,Z,1.165659,0.8155339
7/1/7/5/5/5/3/7/5 3 3,Z,-2,0,BLOCK,Z,0.2986687,0.3369219
7/5/7/1/5/5/3/7/5 3 3,Z,-2,2,BLOCK,Z,0.9598476,0.5441633
7/5/7/5/1/5/3/7/5 3 3,X,-1.7777777777777777777777777778,0,BLOCK,X,0.6172775,0.6127673
7/5/7/5/5/1/3/7/5 3 3,Z,-2,0,BLOCK,Z,0.5823706,0.7092718
7/1/7/5/5/5/3/7/3 3 3,Z,-2,2,BLOCK,Z,0.7549869,0.3932304
7/5/7/1/5/5/3/7/3 3 3,Z,-2,0,BLOCK,Z,0.7674445,0.509349
7/5/7/5/1/5/3/7/3 3 3,X,-1.5555555555555555555555555556,2,BLOCK,X,0.9099321,0.5231454
7/5/7/5/5/1/3/7/3 3 3,Z,-2,0,BLOCK,Z,0.5677019,0.9195554
7/1/7/5/5/5/7/2/7 3 3,Z,-2,0,BLOCK,Z,0.596347,0.2811488
7/5/7/1/5/5/7/2/7 3 3,Z,-2,0,BLOCK,Z,0.5371558,0.4754013
7/5/7/5/1/5/7/2/7 3 3,X,-2,0,BLOCK,X,0.690927,0.7428331
7/5/7/5/5/1/7/2/7 3 3,Z,-2,0,BLOCK,Z,0.3636025,0.5300485
7/1/7/5/5/5/7/6/6 3 3,Z,-2.125,2,BLOCK,Z,0.7799094,0.5596582
7/5/7/1/5/5/7/6/6 3 3,Z,-2.1818181818181818181818181818,0,BLOCK,Z,0.5198093,0.5748689
7/5/7/5/1/5/7/6/6 3 3,X,-2.2222222222222222222222222222,2,BLOCK,X,1.034658,0.7669619
7/5/7/5/5/1/7/6/6 3 3,Z,-2.2857142857142857142857142858,0,BLOCK,Z,0.9111371,0.7229452
7/5/7/5/5/5/7/4/6 3 3,Z,2,0,BLOCK,Z,0.2461678,0.3904638
7/1/7/5/5/5/7/6/5 3 3,Z,-2.125,2,BLOCK,Z,0.7934071,0.3845638
7/5/7/1/5/5/7/6/5 3 3,Z,-2.1818181818181818181818181818,0,BLOCK,Z,0.665297,0.5697349
7/5/7/5/1/5/7/6/5 3 3,X,-2,2,BLOCK,X,0.9930435,0.7043829
7/5/7/5/5/1/7/6/5 3 3,Z,-2.2857142857142857142857142858,0,BLOCK,Z,0.607751,0.7467525
7/5/7/5/5/5/7/4/5 3 3,Z,2,0,BLOCK,Z,0.1650303,0.3423522
7/1/7/5/5/5/7/6/3 3 3,Z,-2.125,2,BLOCK,Z,0.807747,0.523656
7/5/7/1/5/5/7/6/3 3 3,Z,-2.1818181818181818181818181818,0,BLOCK,Z,0.4831186,0.5076751
7/5/7/5/1/5/7/6/3 3 3,X,-1.7777777777777777777777777778,0,BLOCK,X,0.4538478,0.6677707
7/5/7/5/5/1/7/6/3 3 3,Z,-2.2857142857142857142857142858,0,BLOCK,Z,0.7267182,0.8162242
7/5/7/5/5/5/7/4/3 3 3,Z,2,0,BLOCK,Z,0.2137362,0.3590066
7/1/7/5/5/5/7/5/6 3 3,Z,-2,0,BLOCK,Z,0.4302982,0.3371233
7/5/7/1/5/5/7/5/6 3 3,Z,-2,0,BLOCK,Z,0.7015918,0.4922717
7/5/7/5/1/5/7/5/6 3 3,X,-2.2222222222222222222222222222,0,BLOCK,X,0.5508026,0.7031949
7/5/7/5/5/1/7/5/6 3 3,Z,-2,0,BLOCK,Z,0.7197581,0.8008017
7/5/7/5/5/5/7/1/6 3 3,Z,-2,0,BLOCK,Z,0.1835159,0.351183
7/1/7/5/5/5/7/5/5 3 3,Z,-2,0,BLOCK,Z,0.509213,0.3091056
7/5/7/1/5/5/7/5/5 3 3,Z,-2,0,BLOCK,Z,0.4416994,0.4966612
7/5/7/5/1/5/7/5/5 3 3,X,-2,0,BLOCK,X,0.5583619,0.684103
7/5/7/5/5/1/7/5/5 3 3,Z,-2,2,BLOCK,Z,1.170209,0.8139545
7/5/7/5/5/5/7/1/5 3 3,Z,-2,0,BLOCK,Z,0.1582759,0.2877868
7/1/7/5/5/5/7/5/3 3 3,Z,-2,0,BLOCK,Z,0.6165412,0.4168893
7/5/7/1/5/5/7/5/3 3 3,Z,-2,0,BLOCK,Z,0.4888366,0.5764021
7/5/7/5/1/5/7/5/3 3 3,X,-1.7777777777777777777777777778,0,BLOCK,X,0.6711168,0.6571646
7/5/7/5/5/1/7/5/3 3 3,Z,-2,2,BLOCK,Z,1.180772,0.7764972
7/5/7/5/5/5/7/1/3 3 3,Z,-2,0,BLOCK,Z,0.154012,0.2967472
7/1/7/5/5/5/7/3/6 3 3,Z,-1.875,0,BLOCK,Z,0.3759831,0.2920447
7/5/7/1/5/5/7/3/6 3 3,Z,-1.8181818181818181818181818182,0,BLOCK,Z,0.4710408,0.5313296
7/5/7/5/1/5/7/3/6 3 3,X,-2.2222222222222222222222222222,0,BLOCK,X,0.6698213,0.7767551
7/5/7/5/5/1/7/3/6 3 3,Z,-1.7142857142857142857142857142,2,BLOCK,Z,1.143025,0.6961931
7/1/7/5/5/5/7/3/5 3 3,Z,-1.875,0,BLOCK,Z,0.3979159,0.2643677
7/5/7/1/5/5/7/3/5 3 3,Z,-1.8181818181818181818181818182,0,BLOCK,Z,0.5596205,0.4874117
7/5/7/5/1/5/7/3/5 3 3,X,-2,0,BLOCK,X,0.4610009,0.6665598
7/5/7/5/5/1/7/3/5 3 3,Z,-1.7142857142857142857142857142,0,BLOCK,Z,0.4092292,0.6973687
7/1/7/5/5/5/7/3/3 3 3,Z,-1.875,2,BLOCK,Z,0.7665116,0.5359964
7/5/7/1/5/5/7/3/3 3 3,Z,-1.8181818181818181818181818182,0,BLOCK,Z,0.7623783,0.5241367
7/5/7/5/1/5/7/3/3 3 3,X,-1.7777777777777777777777777778,0,BLOCK,X,0.6498274,0.6112224
7/5/7/5/5/1/7/3/3 3 3,Z,-1.7142857142857142857142857142,0,BLOCK,Z,1.210997,0.6870404
7/1/7/5/5/5/7/7/4 3 3,Z,-2,2,BLOCK,Z,0.8050379,0.4937967
7/5/7/1/5/5/7/7/4 3 3,Z,-2,0,BLOCK,Z,0.6737246,0.5014763
7/5/7/5/1/5/7/7/4 3 3,X,-2.2222222222222222222222222222,0,BLOCK,X,0.6346285,0.6456271
7/5/7/5/5/1/7/7/4 3 3,Z,-2,0,BLOCK,Z,0.7116415,0.7965181
7/1/7/5/5/5/7/7/2 3 3,Z,-2,2,BLOCK,Z,0.72873,0.4537285
7/5/7/1/5/5/7/7/2 3 3,Z,-2,0,BLOCK,Z,0.5889795,0.5481768
7/5/7/5/1/5/7/7/2 3 3,X,-2,2,BLOCK,X,1.042533,0.7275581
7/5/7/5/5/1/7/7/2 3 3,Z,-2,0,BLOCK,Z,0.8319283,0.7868338
7/1/7/5/5/5/7/7/1 3 3,Z,-2,0,BLOCK,Z,0.3378115,0.234365
7/5/7/1/5/5/7/7/1 3 3,Z,-2,2,BLOCK,Z,0.9809943,0.6488319
7/5/7/5/1/5/7/7/1 3 3,X,-1.7777777777777777777777777778,0,BLOCK,X,0.6529843,0.7179321
7/5/7/5/5/1/7/7/1 3 3,Z,-2,2,BLOCK,Z,1.256805,0.8483373
7/1/7/5/5/3/2/7/7 3 3,Z,-1.875,0,BLOCK,Z,0.2656723,0.2751833
7/5/7/1/5/3/2/7/7 3 3,Z,-1.8181818181818181818181818182,2,BLOCK,Z,0.8576028,0.5590311
7/5/7/5/1/3/2/7/7 3 3,X,-2,0,BLOCK,X,0.4577887,0.5370017
7/1/7/5/5/3/6/6/7 3 3,Z,-2,0,BLOCK,Z,0.4069088,0.3765554
7/5/7/1/5/3/6/6/7 3 3,Z,-2,0,BLOCK,Z,0.722571,0.4867583
7/5/7/5/1/3/6/6/7 3 3,X,-2.2222222222222222222222222222,0,BLOCK,X,0.5191988,0.3919591
7/5/7/5/5/3/4/6/7 3 3,X,2,0,BLOCK,X,0.4476418,0.6151236
7/5/7/5/5/3/6/4/7 3 3,Z,2,2,BLOCK,Z,1.494713,0.851626
7/1/7/5/5/3/6/5/7 3 3,Z,-1.875,2,BLOCK,Z,0.7580737,0.4276273
7/5/7/1/5/3/6/5/7 3 3,Z,-1.8181818181818181818181818182,0,BLOCK,Z,0.6641922,0.6687666
7/5/7/5/1/3/6/5/7 3 3,X,-2.2222222222222222222222222222,0,BLOCK,X,1.330424,0.7629049
7/5/7/5/5/3/4/5/7 3 3,X,2,0,BLOCK,X,1.312982,0.937942
7/5/7/5/5/3/6/1/7 3 3,Z,-2,0,BLOCK,Z,1.698785,1.091466
7/1/7/5/5/3/6/3/7 3 3,Z,-1.75,0,BLOCK,Z,0.4976912,0.2880135
7/5/7/1/5/3/6/3/7 3 3,Z,-1.6363636363636363636363636362,0,BLOCK,Z,0.5876766,0.5392099
7/5/7/5/1/3/6/3/7 3 3,X,-2.2222222222222222222222222222,2,BLOCK,X,1.323755,0.6515137
7/5/7/5/5/3/4/3/7 3 3,X,2,0,BLOCK,X,0.6867244,0.7972499
7/1/7/5/5/3/6/7/6 3 3,Z,-1.875,0,BLOCK,Z,0.655182,0.2373837
7/5/7/1/5/3/6/7/6 3 3,Z,-1.8181818181818181818181818182,0,BLOCK,Z,0.3464087,0.458818
7/5/7/5/1/3/6/7/6 3 3,X,-2.4444444444444444444444444444,0,BLOCK,X,0.3452106,0.2997447
7/5/7/5/5/3/4/7/6 3 3,X,1.6,2,BLOCK,X,1.285476,0.7454896
7/1/7/5/5/3/6/7/5 3 3,Z,-1.875,2,BLOCK,Z,0.8553132,0.3874664
7/5/7/1/5/3/6/7/5 3 3,Z,-1.8181818181818181818181818182,0,BLOCK,Z,0.468683,0.5321715
7/5/7/5/1/3/6/7/5 3 3,X,-2.2222222222222222222222222222,2,BLOCK,X,1.259053,0.6938405
7/5/7/5/5/3/4/7/5 3 3,X,2,0,BLOCK,X,0.3787332,0.5907308
7/1/7/5/5/3/6/7/3 3 3,Z,-1.875,2,BLOCK,Z,0.7690338,0.3905395
7/5/7/1/5/3/6/7/3 3 3,Z,-1.8181818181818181818181818182,0,BLOCK,Z,0.2594717,0.3392294
7/5/7/5/1/3/6/7/3 3 3,X,-2,0,BLOCK,X,0.4149111,0.5712218
7/5/7/5/5/3/4/7/3 3 3,X,2.4,0,BLOCK,X,0.4337367,0.6639765
7/1/7/5/5/3/5/6/7 3 3,Z,-2,0,BLOCK,Z,0.4886232,0.3852591
7/5/7/1/5/3/5/6/7 3 3,Z,-2,2,BLOCK,Z,0.9246972,0.5930037
7/5/7/5/1/3/5/6/7 3 3,X,-2,0,BLOCK,X,0.6491128,0.677377
7/5/7/5/5/3/1/6/7 3 3,X,-2,0,BLOCK,X,1.307488,0.8893809
7/5/7/5/5/3/5/4/7 3 3,Z,2,2,BLOCK,Z,1.570289,0.938915
7/1/7/5/5/3/5/5/7 3 3,Z,-1.875,0,BLOCK,Z,0.3660736,0.2470088
7/5/7/1/5/3/5/5/7 3 3,Z,-1.8181818181818181818181818182,0,BLOCK,Z,0.339321,0.4833195
7/5/7/5/1/3/5/5/7 3 3,X,-2,2,BLOCK,X,0.8925334,0.7039776
7/5/7/5/5/3/1/5/7 3 3,X,-2,0,BLOCK,X,0.6016245,0.7068821
7/5/7/5/5/3/5/1/7 3 3,Z,-2,0,BLOCK,Z,0.6384308,0.6364672
7/1/7/5/5/3/5/3/7 3 3,Z,-1.75,0,BLOCK,Z,0.2998855,0.2550609
7/5/7/1/5/3/5/3/7 3 3,Z,-1.6363636363636363636363636362,0,BLOCK,Z,0.3946503,0.5111222
7/5/7/5/1/3/5/3/7 3 3,X,-2,2,BLOCK,X,0.9185418,0.7210339
7/5/7/5/5/3/1/3/7 3 3,X,-2,0,BLOCK,X,0.634279,0.730203
7/1/7/5/5/3/5/7/6 3 3,Z,-1.875,2,BLOCK,Z,0.7321686,0.4026367
7/5/7/1/5/3/5/7/6 3 3,Z,-1.8181818181818181818181818182,2,BLOCK,Z,0.9690142,0.557646
7/5/7/5/1/3/5/7/6 3 3,X,-2.2222222222222222222222222222,0,BLOCK,X,0.7126128,0.7761011
7/5/7/5/5/3/1/7/6 3 3,X,-2.4,2,BLOCK,X,1.614548,0.9626594
7/1/7/5/5/3/5/7/5 3 3,Z,-1.875,0,BLOCK,Z,0.5918054,0.4671176
7/5/7/1/5/3/5/7/5 3 3,Z,-1.8181818181818181818181818182,0,BLOCK,Z,0.4492154,0.4885161
7/5/7/5/1/3/5/7/5 3 3,X,-2,2,BLOCK,X,0.9130851,0.768028
7/5/7/5/5/3/1/7/5 3 3,X,-2,0,BLOCK,X,0.7713688,0.5514392
7/1/7/5/5/3/5/7/3 3 3,Z,-1.875,0,BLOCK,Z,0.6378345,0.3613783
7/5/7/1/5/3/5/7/3 3 3,Z,-1.8181818181818181818181818182,0,BLOCK,Z,0.3178477,0.4585325
7/5/7/5/1/3/5/7/3 3 3,X,-1.7777777777777777777777777778,0,BLOCK,X,0.8203176,0.7499082
7/5/7/5/5/3/1/7/3 3 3,X,-1.6,0,BLOCK,X,0.5716045,0.6355358
7/1/7/5/5/3/3/6/7 3 3,Z,-2,0,BLOCK,Z,0.5230653,0.2500291
7/5/7/1/5/3/3/6/7 3 3,Z,-2,0,BLOCK,Z,0.4043869,0.5227738
7/5/7/5/1/3/3/6/7 3 3,X,-1.7777777777777777777777777778,0,BLOCK,X,0.6604029,0.6207622
7/5/7/5/5/3/3/4/7 3 3,Z,2,0,BLOCK,Z,0.4872662,0.5273747
7/1/7/5/5/3/3/5/7 3 3,Z,-1.875,2,BLOCK,Z,0.7087998,0.5658143
7/5/7/1/5/3/3/5/7 3 3,Z,-1.8181818181818181818181818182,2,BLOCK,Z,0.8857457,0.4643534
7/5/7/5/1/3/3/5/7 3 3,X,-1.7777777777777777777777777778,0,BLOCK,X,0.7213469,0.5507934
7/5/7/5/5/3/3/1/7 3 3,Z,-2,0,BLOCK,Z,1.238388,0.5855941
7/1/7/5/5/3/3/3/7 3 3,Z,-1.75,0,BLOCK,Z,0.4173767,0.3109912
7/5/7/1/5/3/3/3/7 3 3,Z,-1.6363636363636363636363636362,2,BLOCK,Z,0.821032,0.4986055
7/5/7/5/1/3/3/3/7 3 3,X,-1.7777777777777777777777777778,0,BLOCK,X,0.5191728,0.6349779
7/1/7/5/5/3/3/7/6 3 3,Z,-1.875,2,BLOCK,Z,0.742689,0.384196
7/5/7/1/5/3/3/7/6 3 3,Z,-1.8181818181818181818181818182,2,BLOCK,Z,0.9263372,0.5289717
7/5/7/5/1/3/3/7/6 3 3,X,-2,0,BLOCK,X,0.4858924,0.674606
7/1/7/5/5/3/3/7/5 3 3,Z,-1.875,0,BLOCK,Z,0.592471,0.273384
7/5/7/1/5/3/3/7/5 3 3,Z,-1.8181818181818181818181818182,0,BLOCK,Z,0.4195666,0.4896225
7/5/7/5/1/3/3/7/5 3 3,X,-1.7777777777777777777777777778,2,BLOCK,X,0.8686066,0.6949999
7/1/7/5/5/3/3/7/3 3 3,Z,-1.875,0,BLOCK,Z,0.6265959,0.396285
7/5/7/1/5/3/3/7/3 3 3,Z,-1.8181818181818181818181818182,0,BLOCK,Z,0.5019474,0.4075109
7/5/7/5/1/3/3/7/3 3 3,X,-1.5555555555555555555555555556,0,BLOCK,X,0.7792698,0.5508866
7/1/7/5/5/3/7/2/7 3 3,Z,-1.875,0,BLOCK,Z,0.6123983,0.3239163
7/5/7/1/5/3/7/2/7 3 3,Z,-1.8181818181818181818181818182,0,BLOCK,Z,0.3622681,0.5223403
7/5/7/5/1/3/7/2/7 3 3,X,-2,0,BLOCK,X,0.6830339,0.6634671
7/1/7/5/5/3/7/6/6 3 3,Z,-2,2,BLOCK,Z,0.8149377,0.5235531
7/5/7/1/5/3/7/6/6 3 3,Z,-2,0,BLOCK,Z,0.2500772,0.403322
7/5/7/5/1/3/7/6/6 3 3,X,-2.2222222222222222222222222222,0,BLOCK,X,0.6107025,0.6386064
7/5/7/5/5/3/7/4/6 3 3,Z,2,0,BLOCK,Z,0.6020738,0.6762879
7/1/7/5/5/3/7/6/5 3 3,Z,-2,0,BLOCK,Z,0.5724472,0.4279151
7/5/7/1/5/3/7/6/5 3 3,Z,-2,2,BLOCK,Z,1.024623,0.5391358
7/5/7/5/1/3/7/6/5 3 3,X,-2,0,BLOCK,X,0.627075,0.6836463
7/5/7/5/5/3/7/4/5 3 3,Z,2,0,BLOCK,Z,0.4451061,0.5400735
7/1/7/5/5/3/7/6/3 3 3,Z,-2,2,BLOCK,Z,0.8258033,0.3898879
7/5/7/1/5/3/7/6/3 3 3,Z,-2,0,BLOCK,Z,0.2771542,0.3173109
7/5/7/5/1/3/7/6/3 3 3,X,-1.7777777777777777777777777778,0,BLOCK,X,0.8840554,0.6164032
7/5/7/5/5/3/7/4/3 3 3,Z,2,0,BLOCK,Z,0.1954557,0.2662671
7/1/7/5/5/3/7/5/6 3 3,Z,-1.875,2,BLOCK,Z,0.7516574,0.451696
7/5/7/1/5/3/7/5/6 3 3,Z,-1.8181818181818181818181818182,0,BLOCK,Z,0.3023046,0.5142698
7/5/7/5/1/3/7/5/6 3 3,X,-2.2222222222222222222222222222,2,BLOCK,X,1.042141,0.7329229
7/5/7/5/5/3/7/1/6 3 3,Z,-2,0,BLOCK,Z,0.354701,0.4387821
7/1/7/5/5/3/7/5/5 3 3,Z,-1.875,2,BLOCK,Z,0.7275509,0.4721894
7/5/7/1/5/3/7/5/5 3 3,Z,-1.8181818181818181818181818182,0,BLOCK,Z,0.3882258,0.4340443
7/5/7/5/1/3/7/5/5 3 3,X,-2,0,BLOCK,X,0.6801525,0.6863688
7/5/7/5/5/3/7/1/5 3 3,Z,-2,0,BLOCK,Z,0.3321468,0.4785108
7/1/7/5/5/3/7/5/3 3 3,Z,-1.875,0,BLOCK,Z,0.4959323,0.29216
7/5/7/1/5/3/7/5/3 3 3,Z,-1.8181818181818181818181818182,0,BLOCK,Z,0.4294028,0.5041392
7/5/7/5/1/3/7/5/3 3 3,X,-1.7777777777777777777777777778,0,BLOCK,X,0.6767036,0.6321849
7/5/7/5/5/3/7/1/3 3 3,Z,-2,0,BLOCK,Z,0.3813401,0.5194247
7/1/7/5/5/3/7/3/6 3 3,Z,-1.75,0,BLOCK,Z,0.5979321,0.4368056
7/5/7/1/5/3/7/3/6 3 3,Z,-1.6363636363636363636363636362,0,BLOCK,Z,0.5214713,0.4715607
7/5/7/5/1/3/7/3/6 3 3,X,-2.2222222222222222222222222222,0,BLOCK,X,0.9041144,0.6311383
7/1/7/5/5/3/7/3/5 3 3,Z,-1.75,0,BLOCK,Z,0.5469654,0.4419726
7/5/7/1/5/3/7/3/5 3 3,Z,-1.6363636363636363636363636362,0,BLOCK,Z,0.2754815,0.4752094
7/5/7/5/1/3/7/3/5 3 3,X,-2,0,BLOCK,X,0.6722466,0.7198345
7/1/7/5/5/3/7/3/3 3 3,Z,-1.75,0,BLOCK,Z,0.5707979,0.2348091
7/5/7/1/5/3/7/3/3 3 3,Z,-1.6363636363636363636363636362,0,BLOCK,Z,0.4928101,0.5093487
7/5/7/5/1/3/7/3/3 3 3,X,-1.7777777777777777777777777778,0,BLOCK,X,0.586552,0.7613229
7/1/7/5/5/3/7/7/4 3 3,Z,-1.875,0,BLOCK,Z,0.5432091,0.4264819
7/5/7/1/5/3/7/7/4 3 3,Z,-1.8181818181818181818181818182,0,BLOCK,Z,0.3760488,0.4243712
7/5/7/5/1/3/7/7/4 3 3,X,-2.2222222222222222222222222222,0,BLOCK,X,0.8167604,0.6884198
7/1/7/5/5/3/7/7/2 3 3,Z,-1.875,2,BLOCK,Z,0.7773587,0.4852276
7/5/7/1/5/3/7/7/2 3 3,Z,-1.8181818181818181818181818182,0,BLOCK,Z,0.5228905,0.5481247
7/5/7/5/1/3/7/7/2 3 3,X,-2,0,BLOCK,X,0.6057113,0.7203264
7/1/7/5/5/3/7/7/1 3 3,Z,-1.875,2,BLOCK,Z,0.833372,0.3875449
7/5/7/1/5/3/7/7/1 3 3,Z,-1.8181818181818181818181818182,0,BLOCK,Z,0.3602103,0.4684647
7/5/7/5/1/3/7/7/1 3 3,X,-1.7777777777777777777777777778,2,BLOCK,X,0.9927909,0.6639755
7/1/7/5/5/7/2/6/7 3 3,Z,-2.125,2,BLOCK,Z,0.8304334,0.4490249
7/5/7/1/5/7/2/6/7 3 3,Z,-2.1818181818181818181818181818,2,BLOCK,Z,1.001942,0.5802008
7/5/7/5/1/7/2/6/7 3 3,X,-2,0,BLOCK,X,0.5249299,0.5557599
7/5/7/5/5/7/2/4/7 3 3,Z,2,0,BLOCK,Z,0.03249694,0.1073132
7/1/7/5/5/7/2/5/7 3 3,Z,-2,2,BLOCK,Z,0.7858236,0.5000255
7/5/7/1/5/7/2/5/7 3 3,Z,-2,0,BLOCK,Z,0.5828657,0.5355439
7/5/7/5/1/7/2/5/7 3 3,X,-2,0,BLOCK,X,0.3370487,0.5080073
7/5/7/5/5/7/2/1/7 3 3,Z,-2,0,BLOCK,Z,0.1144224,0.1046202
7/1/7/5/5/7/2/3/7 3 3,Z,-1.875,2,BLOCK,Z,0.7535999,0.4642948
7/5/7/1/5/7/2/3/7 3 3,Z,-1.8181818181818181818181818182,0,BLOCK,Z,0.4354884,0.3907814
7/5/7/5/1/7/2/3/7 3 3,X,-2,0,BLOCK,X,0.2942852,0.4826773
7/1/7/5/5/7/2/7/6 3 3,Z,-2,0,BLOCK,Z,0.5210215,0.3717808
7/5/7/1/5/7/2/7/6 3 3,Z,-2,2,BLOCK,Z,0.9837608,0.5446099
7/5/7/5/1/7/2/7/6 3 3,X,-2.2222222222222222222222222222,0,BLOCK,X,0.5578694,0.4212659
7/1/7/5/5/7/2/7/5 3 3,Z,-2,2,BLOCK,Z,0.7930808,0.4549773
7/5/7/1/5/7/2/7/5 3 3,Z,-2,0,BLOCK,Z,0.507327,0.4876202
7/5/7/5/1/7/2/7/5 3 3,X,-2,0,BLOCK,X,0.464109,0.5327268
7/1/7/5/5/7/2/7/3 3 3,Z,-2,2,BLOCK,Z,0.7928329,0.4864512
7/5/7/1/5/7/2/7/3 3 3,Z,-2,0,BLOCK,Z,0.3816571,0.5427368
7/5/7/5/1/7/2/7/3 3 3,X,-1.7777777777777777777777777778,0,BLOCK,X,0.1989438,0.4450243
7/1/7/5/5/7/6/2/7 3 3,Z,-2,0,BLOCK,Z,0.6276928,0.4080606
7/5/7/1/5/7/6/2/7 3 3,Z,-2,2,BLOCK,Z,0.9863121,0.5845243
7/5/7/5/1/7/6/2/7 3 3,X,-2.2222222222222222222222222222,0,BLOCK,X,0.7035527,0.8233552
7/5/7/5/5/7/4/2/7 3 3,X,2,0,BLOCK,X,0.6000886,0.6895275
7/1/7/5/5/7/6/6/6 3 3,Z,-2.125,0,BLOCK,Z,0.5360966,0.4665691
7/5/7/1/5/7/6/6/6 3 3,Z,-2.1818181818181818181818181818,0,BLOCK,Z,0.8811982,0.6234765
7/5/7/5/1/7/6/6/6 3 3,X,-2.4444444444444444444444444444,0,BLOCK,X,0.3678287,0.6208857
7/5/7/5/5/7/4/6/6 3 3,X,1.5,0,BLOCK,X,0.5599065,0.5949033
7/5/7/5/5/7/6/4/6 3 3,Z,2,0,BLOCK,Z,0.1736936,0.3532131
7/1/7/5/5/7/6/6/5 3 3,Z,-2.125,0,BLOCK,Z,0.651754,0.2335858
7/5/7/1/5/7/6/6/5 3 3,Z,-2.1818181818181818181818181818,0,BLOCK,Z,0.8253332,0.5792515
7/5/7/5/1/7/6/6/5 3 3,X,-2.2222222222222222222222222222,0,BLOCK,X,0.5063925,0.6708161
7/5/7/5/5/7/4/6/5 3 3,X,2,0,BLOCK,X,0.5543687,0.6452593
7/5/7/5/5/7/6/4/5 3 3,Z,2,0,BLOCK,Z,0.1428429,0.2321651
7/1/7/5/5/7/6/6/3 3 3,Z,-2.125,0,BLOCK,Z,0.3323765,0.3207929
7/5/7/1/5/7/6/6/3 3 3,Z,-2.1818181818181818181818181818,0,BLOCK,Z,0.7823997,0.6875414
7/5/7/5/1/7/6/6/3 3 3,X,-2.0,0,BLOCK,X,0.5248088,0.6783789
7/5/7/5/5/7/4/6/3 3 3,X,2.5,0,BLOCK,X,0.4220874,0.7128594
7/5/7/5/5/7/6/4/3 3 3,Z,2,0,BLOCK,Z,0.05802687,0.1590089
7/1/7/5/5/7/6/5/6 3 3,Z,-2,0,BLOCK,Z,0.4888231,0.429536
7/5/7/1/5/7/6/5/6 3 3,Z,-2,0,BLOCK,Z,0.6135317,0.5524273
7/5/7/5/1/7/6/5/6 3 3,X,-2.4444444444444444444444444444,0,BLOCK,X,0.5101343,0.5999382
7/5/7/5/5/7/4/5/6 3 3,X,1.5,0,BLOCK,X,0.2956762,0.4444207
7/5/7/5/5/7/6/1/6 3 3,Z,-2,0,BLOCK,Z,0.1597437,0.329216
7/1/7/5/5/7/6/5/5 3 3,Z,-2,0,BLOCK,Z,0.4531978,0.2684301
7/5/7/1/5/7/6/5/5 3 3,Z,-2,0,BLOCK,Z,0.464332,0.4586497
7/5/7/5/1/7/6/5/5 3 3,X,-2.2222222222222222222222222222,0,BLOCK,X,0.4795668,0.6666014
7/5/7/5/5/7/4/5/5 3 3,X,2,0,BLOCK,X,0.6002588,0.7219912
7/5/7/5/5/7/6/1/5 3 3,Z,-2,0,BLOCK,Z,1.59223,1.092453
7/1/7/5/5/7/6/5/3 3 3,Z,-2,0,BLOCK,Z,0.3910618,0.2961264
7/5/7/1/5/7/6/5/3 3 3,Z,-2,0,BLOCK,Z,0.4676416,0.4631226
7/5/7/5/1/7/6/5/3 3 3,X,-2.0,0,BLOCK,X,1.206245,0.9293211
7/5/7/5/5/7/4/5/3 3 3,X,2.5,0,BLOCK,X,0.460748,0.689699
7/5/7/5/5/7/6/1/3 3 3,Z,-2,0,BLOCK,Z,0.03443921,0.146781
7/1/7/5/5/7/6/3/6 3 3,Z,-1.875,0,BLOCK,Z,0.6281805,0.2970387
7/5/7/1/5/7/6/3/6 3 3,Z,-1.8181818181818181818181818182,0,BLOCK,Z,0.4165802,0.4220148
7/5/7/5/1/7/6/3/6 3 3,X,-2.4444444444444444444444444444,0,BLOCK,X,0.6181464,0.6181291
7/5/7/5/5/7/4/3/6 3 3,X,1.5,0,BLOCK,X,0.2762541,0.4864737
7/1/7/5/5/7/6/3/5 3 3,Z,-1.875,0,BLOCK,Z,0.715966,0.3112434
7/5/7/1/5/7/6/3/5 3 3,Z,-1.8181818181818181818181818182,2,BLOCK,Z,0.9083787,0.5812351
7/5/7/5/1/7/6/3/5 3 3,X,-2.2222222222222222222222222222,0,BLOCK,X,1.181357,0.8102918
7/5/7/5/5/7/4/3/5 3 3,X,2,0,BLOCK,X,0.5179694,0.6031401
7/1/7/5/5/7/6/3/3 3 3,Z,-1.875,2,BLOCK,Z,0.730325,0.3975625
7/5/7/1/5/7/6/3/3 3 3,Z,-1.8181818181818181818181818182,0,BLOCK,Z,0.6511409,0.4646503
7/5/7/5/1/7/6/3/3 3 3,X,-2.0,0,BLOCK,X,1.322803,1.012718
7/5/7/5/5/7/4/3/3 3 3,X,2.5,0,BLOCK,X,0.5417389,0.6666653
7/1/7/5/5/7/6/7/4 3 3,Z,-2,0,BLOCK,Z,0.5918025,0.2615215
7/5/7/1/5/7/6/7/4 3 3,Z,-2,0,BLOCK,Z,0.4894024,0.5639631
7/5/7/5/1/7/6/7/4 3 3,X,-2.4444444444444444444444444444,0,BLOCK,X,0.6638756,0.6978123
7/5/7/5/5/7/4/7/4 3 3,X,1.5,0,BLOCK,X,0.3290228,0.4306321
7/1/7/5/5/7/6/7/2 3 3,Z,-2,0,BLOCK,Z,0.362372,0.2636468
7/5/7/1/5/7/6/7/2 3 3,Z,-2,0,BLOCK,Z,0.4495229,0.4625847
7/5/7/5/1/7/6/7/2 3 3,X,-2.2222222222222222222222222222,0,BLOCK,X,0.674476,0.661157
7/5/7/5/5/7/4/7/2 3 3,X,2,0,BLOCK,X,0.4411106,0.6391349
7/1/7/5/5/7/6/7/1 3 3,Z,-2,2,BLOCK,Z,0.799809,0.4823171
7/5/7/1/5/7/6/7/1 3 3,Z,-2,0,BLOCK,Z,0.6203554,0.5981513
7/5/7/5/1/7/6/7/1 3 3,X,-2.0,0,BLOCK,X,0.4130125,0.7299728
7/5/7/5/5/7/4/7/1 3 3,X,2.5,0,BLOCK,X,0.3596513,0.5941688
7/1/7/5/5/7/5/2/7 3 3,Z,-2,0,BLOCK,Z,0.6154332,0.3187446
7/5/7/1/5/7/5/2/7 3 3,Z,-2,2,BLOCK,Z,1.000263,0.5561054
7/5/7/5/1/7/5/2/7 3 3,X,-2,0,BLOCK,X,0.6472915,0.6988105
7/5/7/5/5/7/1/2/7 3 3,X,-2,0,BLOCK,X,0.5791978,0.7511184
7/1/7/5/5/7/5/6/6 3 3,Z,-2.125,0,BLOCK,Z,0.5104853,0.3833558
7/5/7/1/5/7/5/6/6 3 3,Z,-2.1818181818181818181818181818,0,BLOCK,Z,0.7685335,0.5900277
7/5/7/5/1/7/5/6/6 3 3,X,-2.2222222222222222222222222222,0,BLOCK,X,0.8554788,0.6814308
7/5/7/5/5/7/1/6/6 3 3,X,-2.5,0,BLOCK,X,0.4216685,0.7859345
7/5/7/5/5/7/5/4/6 3 3,Z,2,0,BLOCK,Z,0.6383282,0.4788294
7/1/7/5/5/7/5/6/5 3 3,Z,-2.125,0,BLOCK,Z,0.4952777,0.353201
7/5/7/1/5/7/5/6/5 3 3,Z,-2.1818181818181818181818181818,0,BLOCK,Z,0.4894906,0.5617506
7/5/7/5/1/7/5/6/5 3 3,X,-2,2,BLOCK,X,0.9515049,0.785502
7/5/7/5/5/7/1/6/5 3 3,X,-2,0,BLOCK,X,0.6170529,0.6781637
7/5/7/5/5/7/5/4/5 3 3,Z,2,0,BLOCK,Z,0.1860913,0.3331071
7/1/7/5/5/7/5/6/3 3 3,Z,-2.125,0,BLOCK,Z,0.6389701,0.3695339
7/5/7/1/5/7/5/6/3 3 3,Z,-2.1818181818181818181818181818,0,BLOCK,Z,0.4570616,0.560575
7/5/7/5/1/7/5/6/3 3 3,X,-1.7777777777777777777777777778,0,BLOCK,X,0.4292849,0.5763814
7/5/7/5/5/7/1/6/3 3 3,X,-1.5,0,BLOCK,X,0.3021847,0.5036834
7/5/7/5/5/7/5/4/3 3 3,Z,2,0,BLOCK,Z,0.1026902,0.2177425
7/1/7/5/5/7/5/5/6 3 3,Z,-2,0,BLOCK,Z,0.6436628,0.2988631
7/5/7/1/5/7/5/5/6 3 3,Z,-2,0,BLOCK,Z,0.4979632,0.5703228
7/5/7/5/1/7/5/5/6 3 3,X,-2.2222222222222222222222222222,2,BLOCK,X,1.034087,0.7345317
7/5/7/5/5/7/1/5/6 3 3,X,-2.5,0,BLOCK,X,0.3970762,0.6971104
7/5/7/5/5/7/5/1/6 3 3,Z,-2,0,BLOCK,Z,0.127052,0.2891933
7/1/7/5/5/7/5/5/5 3 3,Z,-2,2,BLOCK,Z,0.771942,0.4440534
7/5/7/1/5/7/5/5/5 3 3,Z,-2,2,BLOCK,Z,0.9831638,0.5595732
7/5/7/5/1/7/5/5/5 3 3,X,-2,0,BLOCK,X,0.5942085,0.7199173
7/5/7/5/5/7/1/5/5 3 3,X,-2,0,BLOCK,X,1.34816,0.9969016
7/5/7/5/5/7/5/1/5 3 3,Z,-2,0,BLOCK,Z,0.1521362,0.2839784
7/1/7/5/5/7/5/5/3 3 3,Z,-2,0,BLOCK,Z,0.5647817,0.313368
7/5/7/1/5/7/5/5/3 3 3,Z,-2,2,BLOCK,Z,1.003095,0.5388416
7/5/7/5/1/7/5/5/3 3 3,X,-1.7777777777777777777777777778,0,BLOCK,X,0.7732645,0.6139472
7/5/7/5/5/7/1/5/3 3 3,X,-1.5,0,BLOCK,X,0.2177957,0.430694
7/5/7/5/5/7/5/1/3 3 3,Z,-2,0,BLOCK,Z,1.679733,1.035139
7/1/7/5/5/7/5/3/6 3 3,Z,-1.875,0,BLOCK,Z,0.3995371,0.2264927
7/5/7/1/5/7/5/3/6 3 3,Z,-1.8181818181818181818181818182,2,BLOCK,Z,0.9105453,0.605767
7/5/7/5/1/7/5/3/6 3 3,X,-2.2222222222222222222222222222,0,BLOCK,X,0.7937649,0.7011623
7/5/7/5/5/7/1/3/6 3 3,X,-2.5,0,BLOCK,X,0.5397063,0.7917431
7/1/7/5/5/7/5/3/5 3 3,Z,-1.875,2,BLOCK,Z,0.7702464,0.4806516
7/5/7/1/5/7/5/3/5 3 3,Z,-1.8181818181818181818181818182,0,BLOCK,Z,0.6252791,0.6076144
7/5/7/5/1/7/5/3/5 3 3,X,-2,2,BLOCK,X,0.9930179,0.6620215
7/5/7/5/5/7/1/3/5 3 3,X,-2,0,BLOCK,X,0.4905139,0.5763273
7/1/7/5/5/7/5/3/3 3 3,Z,-1.875,0,BLOCK,Z,0.4649397,0.4449413
7/5/7/1/5/7/5/3/3 3 3,Z,-1.8181818181818181818181818182,0,BLOCK,Z,0.4025855,0.4092422
7/5/7/5/1/7/5/3/3 3 3,X,-1.7777777777777777777777777778,0,BLOCK,X,0.6959574,0.6448115
7/5/7/5/5/7/1/3/3 3 3,X,-1.5,0,BLOCK,X,0.2964134,0.4854958
7/1/7/5/5/7/5/7/4 3 3,Z,-2,2,BLOCK,Z,0.8125141,0.4346297
7/5/7/1/5/7/5/7/4 3 3,Z,-2,0,BLOCK,Z,0.3493597,0.4827078
7/5/7/5/1/7/5/7/4 3 3,X,-2.2222222222222222222222222222,2,BLOCK,X,1.113139,0.8325995
7/5/7/5/5/7/1/7/4 3 3,X,-2.5,0,BLOCK,X,0.3708424,0.6105897
7/1/7/5/5/7/5/7/2 3 3,Z,-2,0,BLOCK,Z,0.4352682,0.3675092
7/5/7/1/5/7/5/7/2 3 3,Z,-2,2,BLOCK,Z,1.020392,0.5910217
7/5/7/5/1/7/5/7/2 3 3,X,-2,0,BLOCK,X,0.4859503,0.6583205
7/5/7/5/5/7/1/7/2 3 3,X,-2,0,BLOCK,X,0.4543126,0.6549101
7/1/7/5/5/7/5/7/1 3 3,Z,-2,0,BLOCK,Z,0.6428428,0.4663754
7/5/7/1/5/7/5/7/1 3 3,Z,-2,0,BLOCK,Z,0.7134316,0.5743192
7/5/7/5/1/7/5/7/1 3 3,X,-1.7777777777777777777777777778,0,BLOCK,X,0.7977443,0.7301784
7/5/7/5/5/7/1/7/1 3 3,X,-1.5,0,BLOCK,X,0.4309272,0.4499439
7/1/7/5/5/7/3/2/7 3 3,Z,-2,2,BLOCK,Z,0.8024197,0.4629437
7/5/7/1/5/7/3/2/7 3 3,Z,-2,0,BLOCK,Z,0.5014414,0.4545253
7/5/7/5/1/7/3/2/7 3 3,X,-1.7777777777777777777777777778,0,BLOCK,X,0.6050484,0.5374761
7/1/7/5/5/7/3/6/6 3 3,Z,-2.125,2,BLOCK,Z,0.7981519,0.4703356
7/5/7/1/5/7/3/6/6 3 3,Z,-2.1818181818181818181818181818,2,BLOCK,Z,1.075349,0.7020174
7/5/7/5/1/7/3/6/6 3 3,X,-2.0,0,BLOCK,X,0.9080388,0.839227
7/5/7/5/5/7/3/4/6 3 3,Z,2,0,BLOCK,Z,0.07221011,0.1986994
7/1/7/5/5/7/3/6/5 3 3,Z,-2.125,0,BLOCK,Z,0.558832,0.3830819
7/5/7/1/5/7/3/6/5 3 3,Z,-2.1818181818181818181818181818,2,BLOCK,Z,1.065928,0.6062539
7/5/7/5/1/7/3/6/5 3 3,X,-1.7777777777777777777777777778,0,BLOCK,X,0.4644282,0.585453
7/5/7/5/5/7/3/4/5 3 3,Z,2,0,BLOCK,Z,0.1358538,0.2240396
7/1/7/5/5/7/3/6/3 3 3,Z,-2.125,2,BLOCK,Z,0.9446562,0.4710176
7/5/7/1/5/7/3/6/3 3 3,Z,-2.1818181818181818181818181818,2,BLOCK,Z,1.084854,0.5971542
7/5/7/5/1/7/3/6/3 3 3,X,-1.5555555555555555555555555556,0,BLOCK,X,0.7634755,0.4689659
7/5/7/5/5/7/3/4/3 3 3,Z,2,0,BLOCK,Z,0.1967934,0.3796104
7/1/7/5/5/7/3/5/6 3 3,Z,-2,0,BLOCK,Z,0.4165594,0.2792731
7/5/7/1/5/7/3/5/6 3 3,Z,-2,0,BLOCK,Z,0.5066131,0.5657189
7/5/7/5/1/7/3/5/6 3 3,X,-2.0,0,BLOCK,X,0.4105221,0.6225623
7/5/7/5/5/7/3/1/6 3 3,Z,-2,0,BLOCK,Z,1.695792,1.045679
7/1/7/5/5/7/3/5/5 3 3,Z,-2,2,BLOCK,Z,0.7768645,0.4233999
7/5/7/1/5/7/3/5/5 3 3,Z,-2,0,BLOCK,Z,0.4761207,0.4291827
7/5/7/5/1/7/3/5/5 3 3,X,-1.7777777777777777777777777778,2,BLOCK,X,0.9383884,0.6591091
7/5/7/5/5/7/3/1/5 3 3,Z,-2,0,BLOCK,Z,0.1878208,0.2784101
7/1/7/5/5/7/3/5/3 3 3,Z,-2,0,BLOCK,Z,0.5834633,0.3686657
7/5/7/1/5/7/3/5/3 3 3,Z,-2,0,BLOCK,Z,0.6647226,0.5235293
7/5/7/5/1/7/3/5/3 3 3,X,-1.5555555555555555555555555556,2,BLOCK,X,0.9152665,0.5330169
7/5/7/5/5/7/3/1/3 3 3,Z,-2,0,BLOCK,Z,0.1550409,0.3545156
7/1/7/5/5/7/3/3/6 3 3,Z,-1.875,0,BLOCK,Z,0.6017988,0.2455215
7/5/7/1/5/7/3/3/6 3 3,Z,-1.8181818181818181818181818182,0,BLOCK,Z,0.5973594,0.5962013
7/5/7/5/1/7/3/3/6 3 3,X,-2.0,2,BLOCK,X,1.038477,0.7096173
7/1/7/5/5/7/3/3/5 3 3,Z,-1.875,2,BLOCK,Z,0.780969,0.382525
7/5/7/1/5/7/3/3/5 3 3,Z,-1.8181818181818181818181818182,0,BLOCK,Z,0.5324554,0.579352
7/5/7/5/1/7/3/3/5 3 3,X,-1.7777777777777777777777777778,0,BLOCK,X,0.5221326,0.5719511
7/1/7/5/5/7/3/3/3 3 3,Z,-1.875,2,BLOCK,Z,0.788921,0.5246856
7/5/7/1/5/7/3/3/3 3 3,Z,-1.8181818181818181818181818182,2,BLOCK,Z,0.9412653,0.6056412
7/5/7/5/1/7/3/3/3 3 3,X,-1.5555555555555555555555555556,0,BLOCK,X,0.5940414,0.5513102
7/1/7/5/5/7/3/7/4 3 3,Z,-2,0,BLOCK,Z,0.6386365,0.3847268
7/5/7/1/5/7/3/7/4 3 3,Z,-2,0,BLOCK,Z,0.5960057,0.5801717
7/5/7/5/1/7/3/7/4 3 3,X,-2.0,0,BLOCK,X,0.5415917,0.6045088
7/1/7/5/5/7/3/7/2 3 3,Z,-2,2,BLOCK,Z,0.8508559,0.4361831
7/5/7/1/5/7/3/7/2 3 3,Z,-2,0,BLOCK,Z,0.6761994,0.6095559
7/5/7/5/1/7/3/7/2 3 3,X,-1.7777777777777777777777777778,0,BLOCK,X,0.7092259,0.6786628
7/1/7/5/5/7/3/7/1 3 3,Z,-2,2,BLOCK,Z,0.8212458,0.4439246
7/5/7/1/5/7/3/7/1 3 3,Z,-2,0,BLOCK,Z,0.7482745,0.602355
7/5/7/5/1/7/3/7/1 3 3,X,-1.5555555555555555555555555556,2,BLOCK,X,0.9149973,0.6277568
7/1/7/5/5/7/7/2/6 3 3,Z,-2,2,BLOCK,Z,0.7809621,0.3760014
7/5/7/1/5/7/7/2/6 3 3,Z,-2,0,BLOCK,Z,0.599135,0.5369259
7/5/7/5/1/7/7/2/6 3 3,X,-2.2222222222222222222222222222,0,BLOCK,X,0.6843397,0.7207868
7/1/7/5/5/7/7/2/5 3 3,Z,-2,0,BLOCK,Z,0.7349085,0.4228892
7/5/7/1/5/7/7/2/5 3 3,Z,-2,0,BLOCK,Z,0.6014047,0.6066041
7/5/7/5/1/7/7/2/5 3 3,X,-2,2,BLOCK,X,1.032042,0.7352848
7/1/7/5/5/7/7/2/3 3 3,Z,-2,2,BLOCK,Z,0.8483097,0.3735982
7/5/7/1/5/7/7/2/3 3 3,Z,-2,0,BLOCK,Z,0.5936882,0.5273902
7/5/7/5/1/7/7/2/3 3 3,X,-1.7777777777777777777777777778,2,BLOCK,X,0.9764158,0.7298918
7/1/7/5/5/7/7/6/4 3 3,Z,-2.125,0,BLOCK,Z,0.720566,0.4207737
7/5/7/1/5/7/7/6/4 3 3,Z,-2.1818181818181818181818181818,2,BLOCK,Z,1.052393,0.6953692
7/5/7/5/1/7/7/6/4 3 3,X,-2.2222222222222222222222222222,0,BLOCK,X,0.8634898,0.6743736
7/5/7/5/5/7/7/4/4 3 3,Z,2,0,BLOCK,Z,0.2516211,0.3305015
7/1/7/5/5/7/7/6/2 3 3,Z,-2.125,0,BLOCK,Z,0.6377431,0.3643542
7/5/7/1/5/7/7/6/2 3 3,Z,-2.1818181818181818181818181818,0,BLOCK,Z,0.4963871,0.6103927
7/5/7/5/1/7/7/6/2 3 3,X,-2,0,BLOCK,X,0.7871414,0.6613654
7/5/7/5/5/7/7/4/2 3 3,Z,2,0,BLOCK,Z,0.1116891,0.2204463
7/1/7/5/5/7/7/6/1 3 3,Z,-2.125,0,BLOCK,Z,0.4523441,0.2813406
7/5/7/1/5/7/7/6/1 3 3,Z,-2.1818181818181818181818181818,0,BLOCK,Z,0.6653196,0.682034
7/5/7/5/1/7/7/6/1 3 3,X,-1.7777777777777777777777777778,2,BLOCK,X,1.02499,0.6963857
7/5/7/5/5/7/7/4/1 3 3,Z,2,0,BLOCK,Z,0.1795245,0.2929617
7/1/7/5/5/7/7/5/4 3 3,Z,-2,2,BLOCK,Z,0.8405463,0.4194335
7/5/7/1/5/7/7/5/4 3 3,Z,-2,0,BLOCK,Z,0.6416494,0.627878
7/5/7/5/1/7/7/5/4 3 3,X,-2.2222222222222222222222222222,0,BLOCK,X,0.6255754,0.7606077
7/5/7/5/5/7/7/1/4 3 3,Z,-2,0,BLOCK,Z,0.1544418,0.284353
7/1/7/5/5/7/7/5/2 3 3,Z,-2,2,BLOCK,Z,0.874568,0.4368802
7/5/7/1/5/7/7/5/2 3 3,Z,-2,0,BLOCK,Z,0.6865548,0.6405645
7/5/7/5/1/7/7/5/2 3 3,X,-2,0,BLOCK,X,0.6000557,0.7562686
7/5/7/5/5/7/7/1/2 3 3,Z,-2,0,BLOCK,Z,0.1094968,0.2131172
7/1/7/5/5/7/7/5/1 3 3,Z,-2,0,BLOCK,Z,0.4238983,0.2882235
7/5/7/1/5/7/7/5/1 3 3,Z,-2,0,BLOCK,Z,0.8017378,0.5789691
7/5/7/5/1/7/7/5/1 3 3,X,-1.7777777777777777777777777778,2,BLOCK,X,1.004885,0.6906602
7/5/7/5/5/7/7/1/1 3 3,Z,-2,0,BLOCK,Z,0.1297883,0.2499381
7/1/7/5/5/7/7/3/4 3 3,Z,-1.875,0,BLOCK,Z,0.6332062,0.2181789
7/5/7/1/5/7/7/3/4 3 3,Z,-1.8181818181818181818181818182,0,BLOCK,Z,0.5399852,0.5332641
7/5/7/5/1/7/7/3/4 3 3,X,-2.2222222222222222222222222222,0,BLOCK,X,0.9206261,0.7548788
7/1/7/5/5/7/7/3/2 3 3,Z,-1.875,0,BLOCK,Z,0.4940557,0.3547791
7/5/7/1/5/7/7/3/2 3 3,Z,-1.8181818181818181818181818182,2,BLOCK,Z,0.9964274,0.6401149
7/5/7/5/1/7/7/3/2 3 3,X,-2,0,BLOCK,X,0.9864093,0.7243635
7/1/7/5/5/7/7/3/1 3 3,Z,-1.875,2,BLOCK,Z,0.7855354,0.5231193
7/5/7/1/5/7/7/3/1 3 3,Z,-1.8181818181818181818181818182,0,BLOCK,Z,0.6889817,0.66929
7/5/7/5/1/7/7/3/1 3 3,X,-1.7777777777777777777777777778,2,BLOCK,X,1.010188,0.6091392
7/1/7/5/3/2/6/7/7 3 3,Z,-2,0,BLOCK,Z,0.546367,0.3658633
7/5/7/1/3/2/6/7/7 3 3,Z,-2,0,BLOCK,Z,0.2461201,0.3105007
7/5/7/5/3/2/4/7/7 3 3,X,2,0,BLOCK,X,0.8350203,0.5898287
7/1/7/5/3/2/5/7/7 3 3,Z,-2,2,BLOCK,Z,0.792558,0.5082349
7/5/7/1/3/2/5/7/7 3 3,Z,-2,0,BLOCK,Z,0.3796023,0.3807276
7/5/7/5/3/2/1/7/7 3 3,X,-2,0,BLOCK,X,0.7735773,0.8086517
7/1/7/5/3/2/3/7/7 3 3,Z,-2,0,BLOCK,Z,0.6321054,0.444878
7/5/7/1/3/2/3/7/7 3 3,Z,-2,0,BLOCK,Z,0.1065922,0.1086211
7/1/7/5/3/2/7/6/7 3 3,Z,-2.125,0,BLOCK,Z,0.412605,0.3237475
7/5/7/1/3/2/7/6/7 3 3,Z,-2.1818181818181818181818181818,0,BLOCK,Z,0.3153071,0.3660308
7/5/7/5/3/2/7/4/7 3 3,Z,2,0,BLOCK,Z,0.4894109,0.541135
7/1/7/5/3/2/7/5/7 3 3,Z,-2,2,BLOCK,Z,0.8058512,0.4014969
7/5/7/1/3/2/7/5/7 3 3,Z,-2,2,BLOCK,Z,1.108406,0.6688513
7/5/7/5/3/2/7/1/7 3 3,Z,-2,0,BLOCK,Z,0.4402979,0.5054545
7/1/7/5/3/2/7/3/7 3 3,Z,-1.875,0,BLOCK,Z,0.475085,0.3852814
7/5/7/1/3/2/7/3/7 3 3,Z,-1.8181818181818181818181818182,0,BLOCK,Z,0.245709,0.3174503
7/1/7/5/3/2/7/7/6 3 3,Z,-2,0,BLOCK,Z,0.3080586,0.2430914
7/5/7/1/3/2/7/7/6 3 3,Z,-2,0,BLOCK,Z,0.1842275,0.1058332
7/1/7/5/3/2/7/7/5 3 3,Z,-2,2,BLOCK,Z,0.7818621,0.4587911
7/5/7/1/3/2/7/7/5 3 3,Z,-2,0,BLOCK,Z,0.4463638,0.3190928
7/1/7/5/3/2/7/7/3 3 3,Z,-2,0,BLOCK,Z,0.6364774,0.3693506
7/5/7/1/3/2/7/7/3 3 3,Z,-2,0,BLOCK,Z,0.3615778,0.2955042
7/1/7/5/3/6/2/7/7 3 3,Z,-2.125,0,BLOCK,Z,0.368902,0.3365135
7/5/7/1/3/6/2/7/7 3 3,Z,-2.1818181818181818181818181818,0,BLOCK,Z,0.2840687,0.353384
7/5/7/5/3/4/2/7/7 3 3,Z,2,0,BLOCK,Z,0.7874825,0.9212164
7/1/7/5/3/6/6/6/7 3 3,Z,-2.25,2,BLOCK,Z,0.8719836,0.5120021
7/5/7/1/3/6/6/6/7 3 3,Z,-2.3636363636363636363636363638,0,BLOCK,Z,0.4261384,0.5339422
7/5/7/5/3/4/6/6/7 3 3,Z,1.7142857142857142857142857142,0,BLOCK,Z,0.5489092,0.6635664
7/5/7/5/3/6/4/6/7 3 3,X,2,0,BLOCK,X,0.7453163,0.8538764
7/5/7/5/3/6/6/4/7 3 3,Z,2,0,BLOCK,Z,0.4177417,0.5246976
7/1/7/5/3/6/6/5/7 3 3,Z,-2.125,2,BLOCK,Z,0.9831086,0.622171
7/5/7/1/3/6/6/5/7 3 3,Z,-2.1818181818181818181818181818,0,BLOCK,Z,0.1552256,0.3747561
7/5/7/5/3/4/6/5/7 3 3,Z,2,2,BLOCK,Z,1.024732,0.8332636
7/5/7/5/3/6/4/5/7 3 3,X,2,0,BLOCK,X,0.8025467,0.5683413
7/5/7/5/3/6/6/1/7 3 3,Z,-2,0,BLOCK,Z,0.8427198,0.5263431
7/1/7/5/3/6/6/3/7 3 3,Z,-2,0,BLOCK,Z,0.592284,0.4577037
7/5/7/1/3/6/6/3/7 3 3,Z,-2,2,BLOCK,Z,1.412976,0.9192935
7/5/7/5/3/4/6/3/7 3 3,Z,2.2857142857142857142857142858,2,BLOCK,Z,1.297092,0.7827805
7/5/7/5/3/6/4/3/7 3 3,X,2,0,BLOCK,X,1.35001,0.9307393
7/1/7/5/3/6/6/7/6 3 3,Z,-2.125,0,BLOCK,Z,0.5797711,0.4841288
7/5/7/1/3/6/6/7/6 3 3,Z,-2.1818181818181818181818181818,0,BLOCK,Z,0.8069857,0.830387
7/5/7/5/3/4/6/7/6 3 3,Z,2,2,BLOCK,Z,1.12313,0.8755202
7/5/7/5/3/6/4/7/6 3 3,X,1.6,0,BLOCK,X,0.7411271,0.7560579
7/1/7/5/3/6/6/7/5 3 3,Z,-2.125,0,BLOCK,Z,0.4222886,0.3009561
7/5/7/1/3/6/6/7/5 3 3,Z,-2.1818181818181818181818181818,0,BLOCK,Z,0.4254713,0.4372263
7/5/7/5/3/4/6/7/5 3 3,Z,2,0,BLOCK,Z,0.5013245,0.7245159
7/5/7/5/3/6/4/7/5 3 3,X,2,0,BLOCK,X,1.300018,0.9529923
7/1/7/5/3/6/6/7/3 3 3,Z,-2.125,0,BLOCK,Z,0.2752455,0.2682261
7/5/7/1/3/6/6/7/3 3 3,Z,-2.1818181818181818181818181818,2,BLOCK,Z,1.208529,0.7893684
7/5/7/5/3/4/6/7/3 3 3,Z,2,0,BLOCK,Z,0.9401779,0.8402526
7/5/7/5/3/6/4/7/3 3 3,X,2.4,0,BLOCK,X,1.516188,0.9223724
7/1/7/5/3/6/5/6/7 3 3,Z,-2.25,2,BLOCK,Z,0.8471531,0.5659974
7/5/7/1/3/6/5/6/7 3 3,Z,-2.3636363636363636363636363638,0,BLOCK,Z,0.276568,0.4267475
7/5/7/5/3/4/5/6/7 3 3,Z,1.7142857142857142857142857142,0,BLOCK,Z,0.6022764,0.6468508
7/5/7/5/3/6/1/6/7 3 3,X,-2,0,BLOCK,X,0.5515504,0.743977
7/5/7/5/3/6/5/4/7 3 3,Z,2,0,BLOCK,Z,1.686387,1.161578
7/1/7/5/3/6/5/5/7 3 3,Z,-2.125,0,BLOCK,Z,0.3724151,0.3940158
7/5/7/1/3/6/5/5/7 3 3,Z,-2.1818181818181818181818181818,0,BLOCK,Z,0.2818256,0.4906475
7/5/7/5/3/4/5/5/7 3 3,Z,2,2,BLOCK,Z,1.112038,0.6892294
7/5/7/5/3/6/1/5/7 3 3,X,-2,0,BLOCK,X,0.611612,0.7521095
7/5/7/5/3/6/5/1/7 3 3,Z,-2,2,BLOCK,Z,1.526384,0.8778471
7/1/7/5/3/6/5/3/7 3 3,Z,-2,0,BLOCK,Z,0.5060795,0.3498148
7/5/7/1/3/6/5/3/7 3 3,Z,-2,0,BLOCK,Z,0.528138,0.6825866
7/5/7/5/3/4/5/3/7 3 3,Z,2.2857142857142857142857142858,0,BLOCK,Z,0.4786749,0.638646
7/5/7/5/3/6/1/3/7 3 3,X,-2,0,BLOCK,X,0.6896998,0.7881919
7/1/7/5/3/6/5/7/6 3 3,Z,-2.125,0,BLOCK,Z,0.5026258,0.4620738
7/5/7/1/3/6/5/7/6 3 3,Z,-2.1818181818181818181818181818,0,BLOCK,Z,0.2873695,0.4053253
7/5/7/5/3/4/5/7/6 3 3,Z,2,0,BLOCK,Z,0.9704865,0.805198
7/5/7/5/3/6/1/7/6 3 3,X,-2.4,0,BLOCK,X,0.7341816,0.8513573
7/1/7/5/3/6/5/7/5 3 3,Z,-2.125,0,BLOCK,Z,0.5898483,0.351612
7/5/7/1/3/6/5/7/5 3 3,Z,-2.1818181818181818181818181818,0,BLOCK,Z,0.5162418,0.6417494
7/5/7/5/3/4/5/7/5 3 3,Z,2,0,BLOCK,Z,0.5704477,0.7248103
7/5/7/5/3/6/1/7/5 3 3,X,-2,0,BLOCK,X,0.8267055,0.7483226
7/1/7/5/3/6/5/7/3 3 3,Z,-2.125,0,BLOCK,Z,0.5151593,0.3624011
7/5/7/1/3/6/5/7/3 3 3,Z,-2.1818181818181818181818181818,2,BLOCK,Z,1.2727,0.8495258
7/5/7/5/3/4/5/7/3 3 3,Z,2,0,BLOCK,Z,0.7483149,0.7905925
7/5/7/5/3/6/1/7/3 3 3,X,-1.6,0,BLOCK,X,0.6098279,0.670164
7/1/7/5/3/6/3/6/7 3 3,Z,-2.25,0,BLOCK,Z,0.2896434,0.2535802
7/5/7/1/3/6/3/6/7 3 3,Z,-2.3636363636363636363636363638,0,BLOCK,Z,0.2751971,0.5116797
7/5/7/5/3/4/3/6/7 3 3,Z,1.7142857142857142857142857142,0,BLOCK,Z,0.2784564,0.5693455
7/5/7/5/3/6/3/4/7 3 3,Z,2,0,BLOCK,Z,0.4038401,0.5365586
7/1/7/5/3/6/3/5/7 3 3,Z,-2.125,2,BLOCK,Z,0.9327945,0.6797777
7/5/7/1/3/6/3/5/7 3 3,Z,-2.1818181818181818181818181818,0,BLOCK,Z,0.4565821,0.6485418
7/5/7/5/3/4/3/5/7 3 3,Z,2,0,BLOCK,Z,0.4602174,0.6682476
7/5/7/5/3/6/3/1/7 3 3,Z,-2,0,BLOCK,Z,1.637328,0.9587405
7/1/7/5/3/6/3/3/7 3 3,Z,-2,0,BLOCK,Z,0.4228443,0.3809983
7/5/7/1/3/6/3/3/7 3 3,Z,-2,0,BLOCK,Z,0.5888742,0.7789699
7/5/7/5/3/4/3/3/7 3 3,Z,2.2857142857142857142857142858,0,BLOCK,Z,0.4480695,0.7057163
7/1/7/5/3/6/3/7/6 3 3,Z,-2.125,2,BLOCK,Z,0.8559366,0.4833785
7/5/7/1/3/6/3/7/6 3 3,Z,-2.1818181818181818181818181818,0,BLOCK,Z,0.5252327,0.5995043
7/5/7/5/3/4/3/7/6 3 3,Z,2,0,BLOCK,Z,0.5791811,0.7559146
7/1/7/5/3/6/3/7/5 3 3,Z,-2.125,0,BLOCK,Z,0.4734939,0.3654127
7/5/7/1/3/6/3/7/5 3 3,Z,-2.1818181818181818181818181818,2,BLOCK,Z,1.232332,0.8385208
7/5/7/5/3/4/3/7/5 3 3,Z,2,0,BLOCK,Z,0.6860326,0.8704907
7/1/7/5/3/6/3/7/3 3 3,Z,-2.125,0,BLOCK,Z,0.4718719,0.3223599
7/5/7/1/3/6/3/7/3 3 3,Z,-2.1818181818181818181818181818,0,BLOCK,Z,0.7164816,0.6577024
7/5/7/5/3/4/3/7/3 3 3,Z,2,2,BLOCK,Z,1.17587,0.7706985
7/1/7/5/3/6/7/2/7 3 3,Z,-2.125,0,BLOCK,Z,0.6719912,0.4111265
7/5/7/1/3/6/7/2/7 3 3,Z,-2.1818181818181818181818181818,0,BLOCK,Z,0.6657255,0.7889038
7/5/7/5/3/4/7/2/7 3 3,Z,2,0,BLOCK,Z,0.2701794,0.5351296
7/1/7/5/3/6/7/6/6 3 3,Z,-2.25,0,BLOCK,Z,0.5204144,0.4285409
7/5/7/1/3/6/7/6/6 3 3,Z,-2.3636363636363636363636363638,0,BLOCK,Z,0.2082215,0.3678352
7/5/7/5/3/4/7/6/6 3 3,Z,1.7142857142857142857142857142,0,BLOCK,Z,0.5421878,0.697731
7/5/7/5/3/6/7/4/6 3 3,Z,2,0,BLOCK,Z,0.4196396,0.5890635
6/5/7/5/3/6/7/6/5 3 3,X,0.5555555555555555555555555556,302,TIMEOUT,Z,0.1983632,0.1112972
7/1/7/5/3/6/7/6/5 3 3,Z,-2.25,2,BLOCK,Z,0.8452221,0.5501364
7/5/7/1/3/6/7/6/5 3 3,Z,-2.3636363636363636363636363638,2,BLOCK,Z,1.109433,0.8155363
7/5/7/5/3/4/7/6/5 3 3,Z,1.7142857142857142857142857142,0,BLOCK,Z,0.566836,0.5709509
7/5/7/5/3/6/7/4/5 3 3,Z,2,0,BLOCK,Z,0.2596276,0.4115192
7/1/7/5/3/6/7/6/3 3 3,Z,-2.25,0,BLOCK,Z,0.4403343,0.2975121
7/5/7/1/3/6/7/6/3 3 3,Z,-2.3636363636363636363636363638,0,BLOCK,Z,0.3563411,0.5578336
7/5/7/5/3/4/7/6/3 3 3,Z,1.7142857142857142857142857142,0,BLOCK,Z,0.3851441,0.6698627
7/5/7/5/3/6/7/4/3 3 3,Z,2,0,BLOCK,Z,0.2934047,0.4853657
7/1/7/5/3/6/7/5/6 3 3,Z,-2.125,0,BLOCK,Z,0.3687072,0.3063715
7/5/7/1/3/6/7/5/6 3 3,Z,-2.1818181818181818181818181818,0,BLOCK,Z,0.797987,0.7999904
7/5/7/5/3/4/7/5/6 3 3,Z,2,0,BLOCK,Z,0.50002,0.7387214
7/5/7/5/3/6/7/1/6 3 3,Z,-2,0,BLOCK,Z,0.5416738,0.6073155
7/1/7/5/3/6/7/5/5 3 3,Z,-2.125,0,BLOCK,Z,0.5414153,0.4925075
7/5/7/1/3/6/7/5/5 3 3,Z,-2.1818181818181818181818181818,0,BLOCK,Z,0.5891746,0.6625898
7/5/7/5/3/4/7/5/5 3 3,Z,2,0,BLOCK,Z,1.062462,0.8308668
7/5/7/5/3/6/7/1/5 3 3,Z,-2,0,BLOCK,Z,0.581819,0.6339118
7/1/7/5/3/6/7/5/3 3 3,Z,-2.125,0,BLOCK,Z,0.4651935,0.3930233
7/5/7/1/3/6/7/5/3 3 3,Z,-2.1818181818181818181818181818,0,BLOCK,Z,0.3839419,0.5240912
7/5/7/5/3/4/7/5/3 3 3,Z,2,0,BLOCK,Z,1.063313,0.8670922
7/5/7/5/3/6/7/1/3 3 3,Z,-2,0,BLOCK,Z,0.6365826,0.6567156
7/1/7/5/3/6/7/3/6 3 3,Z,-2,2,BLOCK,Z,0.9733049,0.5707482
7/5/7/1/3/6/7/3/6 3 3,Z,-2,2,BLOCK,Z,1.353586,0.8903955
7/5/7/5/3/4/7/3/6 3 3,Z,2.2857142857142857142857142858,2,BLOCK,Z,1.455333,0.8851386
7/1/7/5/3/6/7/3/5 3 3,Z,-2,0,BLOCK,Z,0.5270738,0.4071361
7/5/7/1/3/6/7/3/5 3 3,Z,-2,0,BLOCK,Z,0.5830107,0.6376176
7/5/7/5/3/4/7/3/5 3 3,Z,2.2857142857142857142857142858,2,BLOCK,Z,1.414052,0.8513477
7/1/7/5/3/6/7/3/3 3 3,Z,-2,0,BLOCK,Z,0.6535587,0.4164273
7/5/7/1/3/6/7/3/3 3 3,Z,-2,0,BLOCK,Z,0.3222208,0.5840008
7/5/7/5/3/4/7/3/3 3 3,Z,2.2857142857142857142857142858,0,BLOCK,Z,0.4276673,0.6818051
7/1/7/5/3/6/7/7/4 3 3,Z,-2.125,0,BLOCK,Z,0.4063711,0.2652809
7/5/7/1/3/6/7/7/4 3 3,Z,-2.1818181818181818181818181818,2,BLOCK,Z,1.272651,0.8458927
7/5/7/5/3/4/7/7/4 3 3,Z,2,2,BLOCK,Z,1.314711,0.8492058
7/1/7/5/3/6/7/7/2 3 3,Z,-2.125,0,BLOCK,Z,0.4243699,0.4147505
7/5/7/1/3/6/7/7/2 3 3,Z,-2.1818181818181818181818181818,0,BLOCK,Z,0.4928216,0.6042059
7/5/7/5/3/4/7/7/2 3 3,Z,2,0,BLOCK,Z,0.9495292,0.7928413
7/1/7/5/3/6/7/7/1 3 3,Z,-2.125,0,BLOCK,Z,0.6097456,0.4085945
7/5/7/1/3/6/7/7/1 3 3,Z,-2.1818181818181818181818181818,0,BLOCK,Z,0.5784338,0.7344491
7/5/7/5/3/4/7/7/1 3 3,Z,2,0,BLOCK,Z,0.7148835,0.7735682
7/1/7/5/3/5/2/7/7 3 3,Z,-2,0,BLOCK,Z,0.6285695,0.2202278
7/5/7/1/3/5/2/7/7 3 3,Z,-2,0,BLOCK,Z,0.5558884,0.4733474
7/5/7/5/3/1/2/7/7 3 3,Z,-2,0,BLOCK,Z,0.7211788,0.8654598
7/1/7/5/3/5/6/6/7 3 3,Z,-2.125,2,BLOCK,Z,0.737357,0.4718937
7/5/7/1/3/5/6/6/7 3 3,Z,-2.1818181818181818181818181818,0,BLOCK,Z,0.7304094,0.4851353
7/5/7/5/3/1/6/6/7 3 3,Z,-2.2857142857142857142857142858,2,BLOCK,Z,1.337766,0.8130675
7/5/7/5/3/5/4/6/7 3 3,X,2,0,BLOCK,X,0.5863149,0.5890742
7/5/7/5/3/5/6/4/7 3 3,Z,2,0,BLOCK,Z,0.1634359,0.3862803
7/1/7/5/3/5/6/5/7 3 3,Z,-2,0,BLOCK,Z,0.4179523,0.3477128
7/5/7/1/3/5/6/5/7 3 3,Z,-2,2,BLOCK,Z,0.9463285,0.4998624
7/5/7/5/3/1/6/5/7 3 3,Z,-2,0,BLOCK,Z,0.7747477,0.8405623
7/5/7/5/3/5/4/5/7 3 3,X,2,0,BLOCK,X,0.5892074,0.611853
7/5/7/5/3/5/6/1/7 3 3,Z,-2,0,BLOCK,Z,0.1336382,0.2000341
7/1/7/5/3/5/6/3/7 3 3,Z,-1.875,0,BLOCK,Z,0.3856863,0.3332339
7/5/7/1/3/5/6/3/7 3 3,Z,-1.8181818181818181818181818182,2,BLOCK,Z,0.8559459,0.5844136
7/5/7/5/3/1/6/3/7 3 3,Z,-1.7142857142857142857142857142,0,BLOCK,Z,0.5068119,0.589179
7/5/7/5/3/5/4/3/7 3 3,X,2,2,BLOCK,X,1.343767,0.8513312
7/1/7/5/3/5/6/7/6 3 3,Z,-2,2,BLOCK,Z,0.7638788,0.4994345
7/5/7/1/3/5/6/7/6 3 3,Z,-2,0,BLOCK,Z,0.4128302,0.3521077
7/5/7/5/3/1/6/7/6 3 3,Z,-2,0,BLOCK,Z,1.106689,0.94569
7/5/7/5/3/5/4/7/6 3 3,X,1.6,0,BLOCK,X,0.338463,0.4631527
7/1/7/5/3/5/6/7/5 3 3,Z,-2,2,BLOCK,Z,0.7465744,0.4102857
7/5/7/1/3/5/6/7/5 3 3,Z,-2,0,BLOCK,Z,0.5979366,0.4191222
7/5/7/5/3/1/6/7/5 3 3,Z,-2,0,BLOCK,Z,0.8464039,0.904236
7/5/7/5/3/5/4/7/5 3 3,X,2,0,BLOCK,X,1.262005,0.8776617
7/1/7/5/3/5/6/7/3 3 3,Z,-2,0,BLOCK,Z,0.4585392,0.2194006
7/5/7/1/3/5/6/7/3 3 3,Z,-2,0,BLOCK,Z,0.4845494,0.5230898
7/5/7/5/3/1/6/7/3 3 3,Z,-2,0,BLOCK,Z,0.7241994,0.6782545
7/5/7/5/3/5/4/7/3 3 3,X,2.4,2,BLOCK,X,1.571069,1.103308
7/1/7/5/3/5/5/6/7 3 3,Z,-2.125,0,BLOCK,Z,0.2259154,0.2391233
7/5/7/1/3/5/5/6/7 3 3,Z,-2.1818181818181818181818181818,2,BLOCK,Z,0.9729238,0.5709617
7/5/7/5/3/1/5/6/7 3 3,Z,-2.2857142857142857142857142858,0,BLOCK,Z,0.4696902,0.7235248
7/5/7/5/3/5/1/6/7 3 3,X,-2,0,BLOCK,X,1.317568,0.918276
7/5/7/5/3/5/5/4/7 3 3,Z,2,0,BLOCK,Z,0.107865,0.2640267
7/1/7/5/3/5/5/5/7 3 3,Z,-2,0,BLOCK,Z,0.3988743,0.2949307
7/5/7/1/3/5/5/5/7 3 3,Z,-2,0,BLOCK,Z,0.7782182,0.546281
7/5/7/5/3/1/5/5/7 3 3,Z,-2,0,BLOCK,Z,0.9794008,0.7126161
7/5/7/5/3/5/1/5/7 3 3,X,-2,0,BLOCK,X,0.6657604,0.7814319
7/5/7/5/3/5/5/1/7 3 3,Z,-2,0,BLOCK,Z,0.0729327,0.2251255
7/1/7/5/3/5/5/3/7 3 3,Z,-1.875,0,BLOCK,Z,0.4078995,0.3388956
7/5/7/1/3/5/5/3/7 3 3,Z,-1.8181818181818181818181818182,2,BLOCK,Z,0.8798841,0.4963221
7/5/7/5/3/1/5/3/7 3 3,Z,-1.7142857142857142857142857142,0,BLOCK,Z,1.158652,0.7007008
7/5/7/5/3/5/1/3/7 3 3,X,-2,0,BLOCK,X,1.295254,0.8770892
7/1/7/5/3/5/5/7/6 3 3,Z,-2,2,BLOCK,Z,0.779419,0.4351776
7/5/7/1/3/5/5/7/6 3 3,Z,-2,0,BLOCK,Z,0.8299191,0.6598876
7/5/7/5/3/1/5/7/6 3 3,Z,-2,0,BLOCK,Z,1.112635,0.8834325
7/5/7/5/3/5/1/7/6 3 3,X,-2.4,0,BLOCK,X,0.6687624,0.9227104
7/1/7/5/3/5/5/7/5 3 3,Z,-2,0,BLOCK,Z,0.5374593,0.2636806
7/5/7/1/3/5/5/7/5 3 3,Z,-2,0,BLOCK,Z,0.9290949,0.4878347
7/5/7/5/3/1/5/7/5 3 3,Z,-2,0,BLOCK,Z,0.7256411,0.7635222
7/5/7/5/3/5/1/7/5 3 3,X,-2,0,BLOCK,X,0.7037664,0.7476538
7/1/7/5/3/5/5/7/3 3 3,Z,-2,0,BLOCK,Z,0.3864603,0.2356281
7/5/7/1/3/5/5/7/3 3 3,Z,-2,2,BLOCK,Z,0.9834422,0.4797484
7/5/7/5/3/1/5/7/3 3 3,Z,-2,0,BLOCK,Z,0.6409323,0.7952805
7/5/7/5/3/5/1/7/3 3 3,X,-1.6,0,BLOCK,X,0.4233015,0.5747603
7/1/7/5/3/5/3/6/7 3 3,Z,-2.125,0,BLOCK,Z,0.619881,0.3965144
7/5/7/1/3/5/3/6/7 3 3,Z,-2.1818181818181818181818181818,0,BLOCK,Z,0.8002671,0.4714615
7/5/7/5/3/1/3/6/7 3 3,Z,-2.2857142857142857142857142858,0,BLOCK,Z,0.4588682,0.6790325
7/5/7/5/3/5/3/4/7 3 3,Z,2,0,BLOCK,Z,0.2408103,0.4146257
7/1/7/5/3/5/3/5/7 3 3,Z,-2,2,BLOCK,Z,0.775677,0.4482186
7/5/7/1/3/5/3/5/7 3 3,Z,-2,0,BLOCK,Z,0.7086757,0.4506853
7/5/7/5/3/1/3/5/7 3 3,Z,-2,0,BLOCK,Z,0.5387245,0.7540631
7/5/7/5/3/5/3/1/7 3 3,Z,-2,2,BLOCK,Z,1.627573,1.043729
7/1/7/5/3/5/3/3/7 3 3,Z,-1.875,0,BLOCK,Z,0.5368244,0.3150139
7/5/7/1/3/5/3/3/7 3 3,Z,-1.8181818181818181818181818182,0,BLOCK,Z,0.5595504,0.4718083
7/5/7/5/3/1/3/3/7 3 3,Z,-1.7142857142857142857142857142,0,BLOCK,Z,0.4132552,0.6991324
7/1/7/5/3/5/3/7/6 3 3,Z,-2,2,BLOCK,Z,0.807138,0.3806415
7/5/7/1/3/5/3/7/6 3 3,Z,-2,0,BLOCK,Z,0.6153133,0.5842243
7/5/7/5/3/1/3/7/6 3 3,Z,-2,0,BLOCK,Z,0.5362173,0.7067804
7/1/7/5/3/5/3/7/5 3 3,Z,-2,0,BLOCK,Z,0.6336126,0.3196305
7/5/7/1/3/5/3/7/5 3 3,Z,-2,2,BLOCK,Z,0.9521652,0.6229802
7/5/7/5/3/1/3/7/5 3 3,Z,-2,0,BLOCK,Z,0.7274768,0.8400571
7/1/7/5/3/5/3/7/3 3 3,Z,-2,2,BLOCK,Z,0.7881971,0.4579992
7/5/7/1/3/5/3/7/3 3 3,Z,-2,0,BLOCK,Z,0.7502405,0.5407003
7/5/7/5/3/1/3/7/3 3 3,Z,-2,0,BLOCK,Z,0.5546482,0.793268
7/1/7/5/3/5/7/2/7 3 3,Z,-2,2,BLOCK,Z,0.7032934,0.4482932
7/5/7/1/3/5/7/2/7 3 3,Z,-2,2,BLOCK,Z,0.9562476,0.5988053
7/5/7/5/3/1/7/2/7 3 3,Z,-2,0,BLOCK,Z,0.7075044,0.6653734
7/1/7/5/3/5/7/6/6 3 3,Z,-2.125,0,BLOCK,Z,0.2871506,0.2372368
7/5/7/1/3/5/7/6/6 3 3,Z,-2.1818181818181818181818181818,0,BLOCK,Z,0.5088552,0.5145403
7/5/7/5/3/1/7/6/6 3 3,Z,-2.2857142857142857142857142858,0,BLOCK,Z,0.5572513,0.7895122
7/5/7/5/3/5/7/4/6 3 3,Z,2,0,BLOCK,Z,0.2285228,0.4533575
7/1/7/5/3/5/7/6/5 3 3,Z,-2.125,2,BLOCK,Z,0.8190752,0.4650036
7/5/7/1/3/5/7/6/5 3 3,Z,-2.1818181818181818181818181818,0,BLOCK,Z,0.4375453,0.3740121
7/5/7/5/3/1/7/6/5 3 3,Z,-2.2857142857142857142857142858,0,BLOCK,Z,0.6822724,0.8388631
7/5/7/5/3/5/7/4/5 3 3,Z,2,0,BLOCK,Z,0.1945488,0.3647876
7/1/7/5/3/5/7/6/3 3 3,Z,-2.125,2,BLOCK,Z,0.7799332,0.5611631
7/5/7/1/3/5/7/6/3 3 3,Z,-2.1818181818181818181818181818,2,BLOCK,Z,1.089996,0.5475097
7/5/7/5/3/1/7/6/3 3 3,Z,-2.2857142857142857142857142858,0,BLOCK,Z,1.432072,0.9650381
7/5/7/5/3/5/7/4/3 3 3,Z,2,0,BLOCK,Z,0.1485902,0.2957598
7/1/7/5/3/5/7/5/6 3 3,Z,-2,2,BLOCK,Z,0.7571778,0.4506419
7/5/7/1/3/5/7/5/6 3 3,Z,-2,2,BLOCK,Z,0.9382669,0.596131
7/5/7/5/3/1/7/5/6 3 3,Z,-2,0,BLOCK,Z,0.5137796,0.6672889
7/5/7/5/3/5/7/1/6 3 3,Z,-2,0,BLOCK,Z,0.1563377,0.3575906
7/1/7/5/3/5/7/5/5 3 3,Z,-2,2,BLOCK,Z,0.7738069,0.4842798
7/5/7/1/3/5/7/5/5 3 3,Z,-2,0,BLOCK,Z,0.8280445,0.4420755
7/5/7/5/3/1/7/5/5 3 3,Z,-2,0,BLOCK,Z,0.514385,0.8006327
7/5/7/5/3/5/7/1/5 3 3,Z,-2,0,BLOCK,Z,0.2077789,0.3884299
7/1/7/5/3/5/7/5/3 3 3,Z,-2,2,BLOCK,Z,0.809935,0.4275787
7/5/7/1/3/5/7/5/3 3 3,Z,-2,2,BLOCK,Z,0.9701326,0.5551097
7/5/7/5/3/1/7/5/3 3 3,Z,-2,0,BLOCK,Z,1.078846,0.9424385
7/5/7/5/3/5/7/1/3 3 3,Z,-2,0,BLOCK,Z,0.09665412,0.3259827
7/1/7/5/3/5/7/3/6 3 3,Z,-1.875,0,BLOCK,Z,0.6334099,0.3281347
7/5/7/1/3/5/7/3/6 3 3,Z,-1.8181818181818181818181818182,0,BLOCK,Z,0.4967068,0.5188838
7/5/7/5/3/1/7/3/6 3 3,Z,-1.7142857142857142857142857142,2,BLOCK,Z,1.075582,0.7447389
7/1/7/5/3/5/7/3/5 3 3,Z,-1.875,0,BLOCK,Z,0.6120952,0.3069212
7/5/7/1/3/5/7/3/5 3 3,Z,-1.8181818181818181818181818182,2,BLOCK,Z,0.8973464,0.4830832
7/5/7/5/3/1/7/3/5 3 3,Z,-1.7142857142857142857142857142,0,BLOCK,Z,0.6606909,0.6484095
7/1/7/5/3/5/7/3/3 3 3,Z,-1.875,0,BLOCK,Z,0.4762344,0.2996255
7/5/7/1/3/5/7/3/3 3 3,Z,-1.8181818181818181818181818182,0,BLOCK,Z,0.4406605,0.4344375
7/5/7/5/3/1/7/3/3 3 3,Z,-1.7142857142857142857142857142,0,BLOCK,Z,0.4280318,0.6910793
7/1/7/5/3/5/7/7/4 3 3,Z,-2,0,BLOCK,Z,0.4229458,0.3405066
7/5/7/1/3/5/7/7/4 3 3,Z,-2,0,BLOCK,Z,0.3889127,0.3886071
7/5/7/5/3/1/7/7/4 3 3,Z,-2,2,BLOCK,Z,1.273083,0.8271672
7/1/7/5/3/5/7/7/2 3 3,Z,-2,0,BLOCK,Z,0.6090179,0.3061741
7/5/7/1/3/5/7/7/2 3 3,Z,-2,0,BLOCK,Z,0.9503541,0.5583853
7/5/7/5/3/1/7/7/2 3 3,Z,-2,0,BLOCK,Z,0.8709435,0.7717116
7/1/7/5/3/5/7/7/1 3 3,Z,-2,0,BLOCK,Z,0.688891,0.3037387
7/5/7/1/3/5/7/7/1 3 3,Z,-2,0,BLOCK,Z,0.7687103,0.62374
7/5/7/5/3/1/7/7/1 3 3,Z,-2,0,BLOCK,Z,0.8208671,0.7719089
7/1/7/5/3/3/2/7/7 3 3,Z,-1.875,2,BLOCK,Z,0.7785246,0.3553867
7/5/7/1/3/3/2/7/7 3 3,Z,-1.8181818181818181818181818182,0,BLOCK,Z,0.2560274,0.3697216
7/1/7/5/3/3/6/6/7 3 3,Z,-2,0,BLOCK,Z,0.4473391,0.3914256
7/5/7/1/3/3/6/6/7 3 3,Z,-2,0,BLOCK,Z,0.6176594,0.4089061
7/5/7/5/3/3/4/6/7 3 3,X,2,0,BLOCK,X,0.6906822,0.5359003
7/5/7/5/3/3/6/4/7 3 3,Z,2,0,BLOCK,Z,1.077438,0.7628325
7/1/7/5/3/3/6/5/7 3 3,Z,-1.875,0,BLOCK,Z,0.5446843,0.2798608
7/5/7/1/3/3/6/5/7 3 3,Z,-1.8181818181818181818181818182,2,BLOCK,Z,0.9017316,0.5421138
7/5/7/5/3/3/4/5/7 3 3,X,2,0,BLOCK,X,0.7428223,0.5786221
7/5/7/5/3/3/6/1/7 3 3,Z,-2,0,BLOCK,Z,1.695219,1.150111
7/1/7/5/3/3/6/3/7 3 3,Z,-1.75,2,BLOCK,Z,0.7234429,0.4245389
7/5/7/1/3/3/6/3/7 3 3,Z,-1.6363636363636363636363636362,0,BLOCK,Z,0.4535939,0.5406458
7/5/7/5/3/3/4/3/7 3 3,X,2,0,BLOCK,X,1.389622,0.9489307
7/1/7/5/3/3/6/7/6 3 3,Z,-1.875,0,BLOCK,Z,0.6238231,0.2193858
7/5/7/1/3/3/6/7/6 3 3,Z,-1.8181818181818181818181818182,0,BLOCK,Z,0.2864011,0.3269821
7/5/7/5/3/3/4/7/6 3 3,X,1.6,0,BLOCK,X,1.18818,0.8659044
7/1/7/5/3/3/6/7/5 3 3,Z,-1.875,0,BLOCK,Z,0.3392512,0.2744307
7/5/7/1/3/3/6/7/5 3 3,Z,-1.8181818181818181818181818182,0,BLOCK,Z,0.1614201,0.2953357
7/5/7/5/3/3/4/7/5 3 3,X,2,0,BLOCK,X,0.6965404,0.6195823
7/1/7/5/3/3/6/7/3 3 3,Z,-1.875,0,BLOCK,Z,0.5960735,0.5075892
7/5/7/1/3/3/6/7/3 3 3,Z,-1.8181818181818181818181818182,2,BLOCK,Z,0.9004744,0.5657546
7/5/7/5/3/3/4/7/3 3 3,X,2.4,0,BLOCK,X,0.8470686,0.8752652
7/1/7/5/3/3/5/6/7 3 3,Z,-2,0,BLOCK,Z,0.4388639,0.2434659
7/5/7/1/3/3/5/6/7 3 3,Z,-2,0,BLOCK,Z,0.3729921,0.4160148
7/5/7/5/3/3/1/6/7 3 3,X,-2,0,BLOCK,X,1.461517,0.8696707
7/5/7/5/3/3/5/4/7 3 3,Z,2,2,BLOCK,Z,1.57582,0.9841605
7/1/7/5/3/3/5/5/7 3 3,Z,-1.875,2,BLOCK,Z,0.759271,0.3855906
7/5/7/1/3/3/5/5/7 3 3,Z,-1.8181818181818181818181818182,0,BLOCK,Z,0.4121168,0.5232762
7/5/7/5/3/3/1/5/7 3 3,X,-2,0,BLOCK,X,0.6719894,0.7423051
7/5/7/5/3/3/5/1/7 3 3,Z,-2,0,BLOCK,Z,1.705,1.052984
7/1/7/5/3/3/5/3/7 3 3,Z,-1.75,0,BLOCK,Z,0.2640259,0.2370088
7/5/7/1/3/3/5/3/7 3 3,Z,-1.6363636363636363636363636362,0,BLOCK,Z,0.5626645,0.5738338
7/5/7/5/3/3/1/3/7 3 3,X,-2,0,BLOCK,X,0.5588533,0.6901655
7/1/7/5/3/3/5/7/6 3 3,Z,-1.875,0,BLOCK,Z,0.4673556,0.4022442
7/5/7/1/3/3/5/7/6 3 3,Z,-1.8181818181818181818181818182,0,BLOCK,Z,0.5234808,0.3773371
7/5/7/5/3/3/1/7/6 3 3,X,-2.4,0,BLOCK,X,0.7315962,0.8635501
7/1/7/5/3/3/5/7/5 3 3,Z,-1.875,2,BLOCK,Z,0.7595164,0.4327031
7/5/7/1/3/3/5/7/5 3 3,Z,-1.8181818181818181818181818182,2,BLOCK,Z,0.908132,0.5552272
7/5/7/5/3/3/1/7/5 3 3,X,-2,0,BLOCK,X,0.8214167,0.7816724
7/1/7/5/3/3/5/7/3 3 3,Z,-1.875,0,BLOCK,Z,0.5133234,0.2460741
7/5/7/1/3/3/5/7/3 3 3,Z,-1.8181818181818181818181818182,0,BLOCK,Z,0.4849772,0.5193952
7/5/7/5/3/3/1/7/3 3 3,X,-1.6,0,BLOCK,X,0.3666113,0.592832
7/1/7/5/3/3/3/6/7 3 3,Z,-2,2,BLOCK,Z,0.7687864,0.4380978
7/5/7/1/3/3/3/6/7 3 3,Z,-2,2,BLOCK,Z,0.9491299,0.4516504
7/5/7/5/3/3/3/4/7 3 3,Z,2,0,BLOCK,Z,1.052146,0.8371298
7/1/7/5/3/3/3/5/7 3 3,Z,-1.875,0,BLOCK,Z,0.4808624,0.4586317
7/5/7/1/3/3/3/5/7 3 3,Z,-1.8181818181818181818181818182,2,BLOCK,Z,0.8589964,0.5217432
7/5/7/5/3/3/3/1/7 3 3,Z,-2,0,BLOCK,Z,1.107115,0.5560641
7/1/7/5/3/3/3/3/7 3 3,Z,-1.75,0,BLOCK,Z,0.5078213,0.239569
7/5/7/1/3/3/3/3/7 3 3,Z,-1.6363636363636363636363636362,0,BLOCK,Z,0.2978221,0.4649082
7/1/7/5/3/3/3/7/6 3 3,Z,-1.875,0,BLOCK,Z,0.5344498,0.3416041
7/5/7/1/3/3/3/7/6 3 3,Z,-1.8181818181818181818181818182,0,BLOCK,Z,0.8980377,0.5889643
7/1/7/5/3/3/3/7/5 3 3,Z,-1.875,0,BLOCK,Z,0.3227611,0.2628077
7/5/7/1/3/3/3/7/5 3 3,Z,-1.8181818181818181818181818182,0,BLOCK,Z,0.4124348,0.4777206
7/1/7/5/3/3/3/7/3 3 3,Z,-1.875,2,BLOCK,Z,0.7897211,0.4423232
7/5/7/1/3/3/3/7/3 3 3,Z,-1.8181818181818181818181818182,0,BLOCK,Z,0.2941095,0.3852106
7/1/7/5/3/3/7/2/7 3 3,Z,-1.875,0,BLOCK,Z,0.3720852,0.1930363
7/5/7/1/3/3/7/2/7 3 3,Z,-1.8181818181818181818181818182,2,BLOCK,Z,0.9473941,0.5686987
7/1/7/5/3/3/7/6/6 3 3,Z,-2,0,BLOCK,Z,0.5745237,0.4448194
7/5/7/1/3/3/7/6/6 3 3,Z,-2,0,BLOCK,Z,0.4526409,0.3960583
7/5/7/5/3/3/7/4/6 3 3,Z,2,2,BLOCK,Z,1.542214,0.9598087
7/1/7/5/3/3/7/6/5 3 3,Z,-2,0,BLOCK,Z,0.4565293,0.2609001
7/5/7/1/3/3/7/6/5 3 3,Z,-2,0,BLOCK,Z,0.567766,0.5168659
7/5/7/5/3/3/7/4/5 3 3,Z,2,0,BLOCK,Z,0.4662225,0.5440809
7/1/7/5/3/3/7/6/3 3 3,Z,-2,2,BLOCK,Z,0.7853114,0.4705011
7/5/7/1/3/3/7/6/3 3 3,Z,-2,2,BLOCK,Z,0.9655434,0.6111435
7/5/7/5/3/3/7/4/3 3 3,Z,2,0,BLOCK,Z,0.5740115,0.6481768
7/1/7/5/3/3/7/5/6 3 3,Z,-1.875,2,BLOCK,Z,0.7131521,0.4173683
7/5/7/1/3/3/7/5/6 3 3,Z,-1.8181818181818181818181818182,0,BLOCK,Z,0.4543118,0.4374838
7/5/7/5/3/3/7/1/6 3 3,Z,-2,0,BLOCK,Z,0.3293965,0.4502068
7/1/7/5/3/3/7/5/5 3 3,Z,-1.875,2,BLOCK,Z,0.8211337,0.4036722
7/5/7/1/3/3/7/5/5 3 3,Z,-1.8181818181818181818181818182,0,BLOCK,Z,0.3512701,0.4199197
7/5/7/5/3/3/7/1/5 3 3,Z,-2,0,BLOCK,Z,0.3007209,0.4343007
7/1/7/5/3/3/7/5/3 3 3,Z,-1.875,0,BLOCK,Z,0.6007673,0.469939
7/5/7/1/3/3/7/5/3 3 3,Z,-1.8181818181818181818181818182,0,BLOCK,Z,0.5194979,0.5532588
7/5/7/5/3/3/7/1/3 3 3,Z,-2,0,BLOCK,Z,0.3778144,0.4757021
7/1/7/5/3/3/7/3/6 3 3,Z,-1.75,0,BLOCK,Z,0.437505,0.2160665
7/5/7/1/3/3/7/3/6 3 3,Z,-1.6363636363636363636363636362,0,BLOCK,Z,0.4117772,0.4115518
7/1/7/5/3/3/7/3/5 3 3,Z,-1.75,0,BLOCK,Z,0.3472819,0.3468585
7/5/7/1/3/3/7/3/5 3 3,Z,-1.6363636363636363636363636362,0,BLOCK,Z,0.3957243,0.4845903
7/1/7/5/3/3/7/3/3 3 3,Z,-1.75,0,BLOCK,Z,0.5379863,0.2393307
7/5/7/1/3/3/7/3/3 3 3,Z,-1.6363636363636363636363636362,2,BLOCK,Z,0.880115,0.5377979
7/1/7/5/3/3/7/7/4 3 3,Z,-1.875,2,BLOCK,Z,0.7195439,0.5206229
