board,cog_axis,cog_value,unity_time,unity_state,unity_axis,unity_mav,unity_mlv
3/7/6/2/5/7/7/7/1 3 3,X,0.5769230769230769230769230769,2,SLEEP,Z,0.01480185,0.05338553
3/7/6/2/3/2/7/7/7 3 3,X,0.5769230769230769230769230769,4,SLEEP,Z,0.03748474,0.1699547
3/7/6/2/3/6/6/7/7 3 3,X,-0.60,4,SLEEP,Z,0.0332751,0.1200961
3/7/6/2/3/6/5/7/7 3 3,X,0.5769230769230769230769230769,2,SLEEP,Z,0.02551298,0.05343785
3/7/6/2/3/6/3/7/7 3 3,X,0.6538461538461538461538461539,2,SLEEP,Z,0.04071495,0.1438195
3/7/6/2/3/6/7/6/7 3 3,X,0.5769230769230769230769230769,6,SLEEP,Z,0.06606212,0.4870645
3/7/6/2/3/6/7/5/7 3 3,X,0.5769230769230769230769230769,2,SLEEP,Z,0.03957725,0.08154528
3/7/6/2/3/6/7/3/7 3 3,Z,0.625,2,SLEEP,Z,0.03018037,0.02266747
3/7/6/2/3/6/7/7/6 3 3,X,-0.60,10,SLEEP,Z,0.05786949,0.1946991
3/7/6/2/3/6/7/7/5 3 3,X,0.5769230769230769230769230769,2,SLEEP,Z,0.02562582,0.1100367
3/7/6/2/3/6/7/7/3 3 3,X,0.6538461538461538461538461539,4,SLEEP,Z,0.03338357,0.113943
3/7/6/2/3/5/6/7/7 3 3,X,-0.60,2,SLEEP,Z,0.02438483,0.08427808
3/7/6/2/3/5/5/7/7 3 3,X,0.5769230769230769230769230769,2,SLEEP,Z,0.02790578,0.1949726
3/7/6/2/3/5/3/7/7 3 3,X,0.6538461538461538461538461539,4,SLEEP,Z,0.0249468,0.06165898
3/7/6/2/3/5/7/6/7 3 3,X,0.5769230769230769230769230769,4,SLEEP,Z,0.02842183,0.08758576
3/7/6/2/3/5/7/5/7 3 3,X,0.5769230769230769230769230769,2,SLEEP,Z,0.02122423,0.09765206
3/7/6/2/3/5/7/3/7 3 3,X,0.5769230769230769230769230769,2,SLEEP,Z,0,0
3/7/6/2/3/5/7/7/6 3 3,X,-0.60,4,SLEEP,Z,0.0357234,0.1369342
3/7/6/2/3/5/7/7/5 3 3,X,0.5769230769230769230769230769,2,SLEEP,Z,0.03890036,0.204542
3/7/6/2/3/5/7/7/3 3 3,X,0.6538461538461538461538461539,2,SLEEP,Z,0.03143526,0.04650211
3/7/6/2/3/3/6/7/7 3 3,X,-0.60,4,SLEEP,Z,0.1052814,0.3988309
3/7/6/2/3/3/5/7/7 3 3,X,0.5769230769230769230769230769,2,SLEEP,Z,0.007861538,0.02484573
3/7/6/2/3/3/3/7/7 3 3,X,0.6538461538461538461538461539,2,SLEEP,Z,0,0
3/7/6/2/3/3/7/6/7 3 3,Z,-0.625,2,SLEEP,Z,0.03223389,0.04762064
3/7/6/2/3/3/7/5/7 3 3,X,0.5769230769230769230769230769,2,SLEEP,Z,0.0153006,0.05496295
3/7/6/2/3/3/7/3/7 3 3,X,0.5769230769230769230769230769,4,SLEEP,Z,0.03044163,0.09814209
3/7/6/2/3/3/7/7/6 3 3,X,-0.60,2,SLEEP,Z,0,0
3/7/6/2/3/3/7/7/5 3 3,X,0.5769230769230769230769230769,2,SLEEP,Z,0.006457279,0.02102969
3/7/6/2/3/3/7/7/3 3 3,X,0.6538461538461538461538461539,2,SLEEP,Z,0.02978792,0.1058003
3/7/6/2/3/7/2/7/7 3 3,X,0.5769230769230769230769230769,2,SLEEP,Z,0.005689782,0.02131036
3/7/6/2/3/7/6/6/7 3 3,X,-0.6,8,SLEEP,Z,0.03960101,0.1287946
3/7/6/2/3/7/6/5/7 3 3,X,-0.6,4,SLEEP,Z,0.02448475,0.0938357
3/7/6/2/3/7/6/3/7 3 3,X,-0.6,4,SLEEP,Z,0.04738137,0.1559757
3/7/6/2/3/7/6/7/6 3 3,X,-0.7,4,SLEEP,Z,0.04847825,0.204256
3/7/6/2/3/7/6/7/5 3 3,X,-0.6,2,SLEEP,Z,0.02134862,0.05769377
3/7/6/2/3/7/6/7/3 3 3,X,0.7,2,SLEEP,Z,0.00828642,0.03063926
3/7/6/2/3/7/5/6/7 3 3,X,0.5769230769230769230769230769,6,SLEEP,Z,0.03393468,0.1136991
3/7/6/2/3/7/5/5/7 3 3,X,0.5769230769230769230769230769,2,SLEEP,Z,0.026276,0.050589
3/7/6/2/3/7/5/3/7 3 3,X,0.5769230769230769230769230769,6,SLEEP,Z,0.02224779,0.06637261
3/7/6/2/3/7/5/7/6 3 3,X,-0.6,4,SLEEP,Z,0.02017673,0.08759864
3/7/6/2/3/7/5/7/5 3 3,X,0.5769230769230769230769230769,2,SLEEP,Z,0.02553374,0.02980576
3/7/6/2/3/7/5/7/3 3 3,X,0.6538461538461538461538461539,6,SLEEP,Z,0.02533658,0.08366136
3/7/6/2/3/7/3/6/7 3 3,X,0.6538461538461538461538461539,6,SLEEP,Z,0.06069771,0.4697835
3/7/6/2/3/7/3/5/7 3 3,X,0.6538461538461538461538461539,4,SLEEP,Z,0.0284879,0.1085872
3/7/6/2/3/7/3/3/7 3 3,X,0.6538461538461538461538461539,6,SLEEP,Z,0.04404925,0.1617756
3/7/6/2/3/7/3/7/6 3 3,X,-0.7,2,SLEEP,Z,0.01592979,0.03381199
3/7/6/2/3/7/3/7/5 3 3,X,0.6538461538461538461538461539,8,SLEEP,Z,0.0366204,0.1353042
3/7/6/2/3/7/3/7/3 3 3,X,0.7307692307692307692307692308,6,SLEEP,Z,0.07333476,0.2058346
3/7/6/2/3/7/7/2/7 3 3,X,0.5769230769230769230769230769,2,SLEEP,Z,0.032916,0.1139083
3/7/6/2/3/7/7/6/6 3 3,X,-0.6,6,SLEEP,Z,0.02689984,0.09654856
3/7/6/2/3/7/7/6/5 3 3,X,0.5769230769230769230769230769,4,SLEEP,Z,0.02885382,0.09697815
3/7/6/2/3/7/7/6/3 3 3,X,0.6538461538461538461538461539,10,SLEEP,Z,0.03472056,0.1420107
3/7/6/2/3/7/7/5/6 3 3,X,-0.6,2,SLEEP,Z,0.03755952,0.1317669
3/7/6/2/3/7/7/5/5 3 3,X,0.5769230769230769230769230769,2,SLEEP,Z,0.03287385,0.2184239
3/7/6/2/3/7/7/5/3 3 3,X,0.6538461538461538461538461539,2,SLEEP,Z,0.02336475,0.08119483
3/7/6/2/3/7/7/3/6 3 3,X,-0.6,6,SLEEP,Z,0.06791614,0.2211599
3/7/6/2/3/7/7/3/5 3 3,X,0.5769230769230769230769230769,4,SLEEP,Z,0.0305145,0.1147701
3/7/6/2/3/7/7/3/3 3 3,X,0.6538461538461538461538461539,4,SLEEP,Z,0.04856959,0.1826876
3/7/6/2/3/7/7/7/4 3 3,X,-0.6,2,SLEEP,Z,0.01967108,0.07574873
3/7/6/2/3/7/7/7/2 3 3,X,0.5769230769230769230769230769,2,SLEEP,Z,0.01151876,0.01758802
3/7/6/2/3/7/7/7/1 3 3,X,0.6538461538461538461538461539,4,SLEEP,Z,0.05890285,0.1782645
3/7/6/2/7/2/6/7/7 3 3,X,-0.6111111111111111111111111111,4,SLEEP,Z,0.06583387,0.1721012
3/7/6/2/7/2/5/7/7 3 3,X,-0.5555555555555555555555555556,4,SLEEP,Z,0.01648157,0.06940414
3/7/6/2/7/2/3/7/7 3 3,X,0.5769230769230769230769230769,2,SLEEP,Z,0.01766805,0.04010409
3/7/6/2/7/2/7/6/7 3 3,X,-0.5555555555555555555555555556,6,SLEEP,Z,0.05253203,0.1592798
3/7/6/2/7/2/7/5/7 3 3,X,-0.5555555555555555555555555556,2,SLEEP,Z,0.06622709,0.3849403
3/7/6/2/7/2/7/3/7 3 3,X,-0.5555555555555555555555555556,2,SLEEP,Z,0.04274166,0.09707236
3/7/6/2/7/2/7/7/6 3 3,X,-0.6111111111111111111111111111,4,SLEEP,Z,0.06251603,0.2411865
3/7/6/2/7/2/7/7/5 3 3,X,-0.5555555555555555555555555556,6,SLEEP,Z,0.03707981,0.1036627
3/7/6/2/7/2/7/7/3 3 3,X,0.5769230769230769230769230769,2,SLEEP,Z,0,0
3/7/6/2/7/6/2/7/7 3 3,X,-0.5555555555555555555555555556,2,SLEEP,Z,0.0804586,0.1072404
3/7/6/2/7/6/6/6/7 3 3,X,-0.6111111111111111111111111111,8,SLEEP,Z,0.0510619,0.1730205
3/7/6/2/7/6/6/5/7 3 3,X,-0.6111111111111111111111111111,6,SLEEP,Z,0.06930836,0.1915872
3/7/6/2/7/6/6/3/7 3 3,Z,0.6428571428571428571428571429,2,SLEEP,Z,0.02558674,0.1011263
3/7/6/2/7/6/6/7/6 3 3,X,-0.6666666666666666666666666667,6,SLEEP,Z,0.1092746,0.3871364
3/7/6/2/7/6/6/7/5 3 3,X,-0.6111111111111111111111111111,6,SLEEP,Z,0.112263,0.2567172
3/7/6/2/7/6/6/7/3 3 3,X,0.7,2,SLEEP,Z,0,0
3/7/6/2/7/6/5/6/7 3 3,X,-0.5555555555555555555555555556,4,SLEEP,Z,0.04338858,0.1335604
3/7/6/2/7/6/5/5/7 3 3,X,-0.5555555555555555555555555556,2,SLEEP,Z,0.02798438,0.09126772
3/7/6/2/7/6/5/3/7 3 3,Z,0.6428571428571428571428571429,2,SLEEP,Z,0.009541178,0.01574251
3/7/6/2/7/6/5/7/6 3 3,X,-0.6111111111111111111111111111,10,SLEEP,Z,0.05463165,0.1868722
3/7/6/2/7/6/5/7/5 3 3,X,-0.5555555555555555555555555556,2,SLEEP,Z,0.0734432,0.1691822
3/7/6/2/7/6/5/7/3 3 3,X,0.5769230769230769230769230769,2,SLEEP,Z,0.02676752,0.050811
3/7/6/2/7/6/3/6/7 3 3,X,0.5769230769230769230769230769,4,SLEEP,Z,0.03729978,0.1187804
3/7/6/2/7/6/3/5/7 3 3,X,0.5769230769230769230769230769,4,SLEEP,Z,0.08576236,0.2302129
3/7/6/2/7/6/3/3/7 3 3,Z,0.6428571428571428571428571429,2,SLEEP,Z,0.04022039,0.06322411
3/7/6/2/7/6/3/7/6 3 3,X,-0.7,2,SLEEP,Z,0.02064322,0.04298705
3/7/6/2/7/6/3/7/5 3 3,X,0.5769230769230769230769230769,6,SLEEP,Z,0.08388774,0.203387
3/7/6/2/7/6/3/7/3 3 3,X,0.6538461538461538461538461538,2,SLEEP,Z,0.03287122,0.1236078
3/7/6/2/7/6/7/2/7 3 3,X,-0.5555555555555555555555555556,4,SLEEP,Z,0.01974758,0.07804457
3/7/6/2/7/6/7/6/6 3 3,X,-0.6111111111111111111111111111,6,SLEEP,Z,0.07549903,0.2039697
3/7/6/2/7/6/7/6/5 3 3,X,-0.5555555555555555555555555556,2,SLEEP,Z,0.02480868,0.0863564
3/7/6/2/7/6/7/6/3 3 3,X,0.5769230769230769230769230769,4,SLEEP,Z,0.07129075,0.1795571
3/7/6/2/7/6/7/5/6 3 3,X,-0.6111111111111111111111111111,4,SLEEP,Z,0.03992349,0.168042
3/7/6/2/7/6/7/5/5 3 3,X,-0.5555555555555555555555555556,4,SLEEP,Z,0.1022403,0.2019765
3/7/6/2/7/6/7/5/3 3 3,X,0.5769230769230769230769230769,6,SLEEP,Z,0.1190703,0.1959168
3/7/6/2/7/6/7/3/6 3 3,Z,0.6428571428571428571428571429,8,SLEEP,Z,0.07020863,0.2110315
3/7/6/2/7/6/7/3/5 3 3,Z,0.6428571428571428571428571429,4,SLEEP,Z,0.02112933,0.08266523
3/7/6/2/7/6/7/3/3 3 3,Z,0.6428571428571428571428571429,2,SLEEP,Z,0.02899493,0.02198065
3/7/6/2/7/6/7/7/4 3 3,X,-0.6111111111111111111111111111,4,SLEEP,Z,0.0520543,0.1988114
3/7/6/2/7/6/7/7/2 3 3,X,-0.5555555555555555555555555556,2,SLEEP,Z,0.008854046,0.03362383
3/7/6/2/7/6/7/7/1 3 3,X,0.5769230769230769230769230769,2,SLEEP,Z,0.0165673,0.04964282
3/7/6/2/7/5/2/7/7 3 3,X,-0.5555555555555555555555555556,2,SLEEP,Z,0.05764634,0.1278407
3/7/6/2/7/5/6/6/7 3 3,X,-0.6111111111111111111111111111,6,SLEEP,Z,0.03881917,0.1570795
3/7/6/2/7/5/6/5/7 3 3,X,-0.6111111111111111111111111111,6,SLEEP,Z,0.0425824,0.1833229
3/7/6/2/7/5/6/3/7 3 3,X,-0.6111111111111111111111111111,4,SLEEP,Z,0.03329347,0.09843709
3/7/6/2/7/5/6/7/6 3 3,X,-0.6666666666666666666666666667,6,SLEEP,Z,0.05492301,0.229359
3/7/6/2/7/5/6/7/5 3 3,X,-0.6111111111111111111111111111,6,SLEEP,Z,0.09193745,0.350235
3/7/6/2/7/5/6/7/3 3 3,X,0.7,2,SLEEP,Z,0.02167406,0.03635481
3/7/6/2/7/5/5/6/7 3 3,X,-0.5555555555555555555555555556,4,SLEEP,Z,0.04299701,0.08130848
3/7/6/2/7/5/5/5/7 3 3,X,-0.5555555555555555555555555556,2,SLEEP,Z,0.02311992,0.05484914
3/7/6/2/7/5/5/3/7 3 3,X,-0.5555555555555555555555555556,2,SLEEP,Z,0.0322203,0.07260954
3/7/6/2/7/5/5/7/6 3 3,X,-0.6111111111111111111111111111,6,SLEEP,Z,0.04857155,0.1745139
3/7/6/2/7/5/5/7/5 3 3,X,-0.5555555555555555555555555556,2,SLEEP,Z,0.03072502,0.08300344
3/7/6/2/7/5/5/7/3 3 3,X,0.5769230769230769230769230769,4,SLEEP,Z,0.01875907,0.06330297
3/7/6/2/7/5/3/6/7 3 3,X,0.5769230769230769230769230769,4,SLEEP,Z,0.04246253,0.1298523
3/7/6/2/7/5/3/5/7 3 3,X,0.5769230769230769230769230769,2,SLEEP,Z,0.03101169,0.05503953
3/7/6/2/7/5/3/3/7 3 3,X,0.5769230769230769230769230769,2,SLEEP,Z,0.01551074,0.05023687
3/7/6/2/7/5/3/7/6 3 3,X,-0.7,2,SLEEP,Z,0.005898004,0.01338111
3/7/6/2/7/5/3/7/5 3 3,X,0.5769230769230769230769230769,2,SLEEP,Z,0,0
3/7/6/2/7/5/3/7/3 3 3,X,0.6538461538461538461538461538,2,SLEEP,Z,0.01241822,0.04899566
3/7/6/2/7/5/7/2/7 3 3,X,-0.5555555555555555555555555556,4,SLEEP,Z,0.05089444,0.1151511
3/7/6/2/7/5/7/6/6 3 3,X,-0.6111111111111111111111111111,4,SLEEP,Z,0.03428892,0.1407734
3/7/6/2/7/5/7/6/5 3 3,X,-0.5555555555555555555555555556,4,SLEEP,Z,0.03191054,0.1153996
3/7/6/2/7/5/7/6/3 3 3,X,0.5769230769230769230769230769,2,SLEEP,Z,0.08253173,0.140539
3/7/6/2/7/5/7/5/6 3 3,X,-0.6111111111111111111111111111,2,SLEEP,Z,0.02797475,0.1116009
3/7/6/2/7/5/7/5/5 3 3,X,-0.5555555555555555555555555556,6,SLEEP,Z,0.04109047,0.1351991
3/7/6/2/7/5/7/5/3 3 3,X,0.5769230769230769230769230769,4,SLEEP,Z,0.01813725,0.06726938
3/7/6/2/7/5/7/3/6 3 3,X,-0.6111111111111111111111111111,6,SLEEP,Z,0.05181173,0.2166016
3/7/6/2/7/5/7/3/5 3 3,X,-0.5555555555555555555555555556,4,SLEEP,Z,0.07489865,0.1693268
3/7/6/2/7/5/7/3/3 3 3,X,0.5769230769230769230769230769,4,SLEEP,Z,0.03093399,0.1072579
3/7/6/2/7/5/7/7/4 3 3,X,-0.6111111111111111111111111111,6,SLEEP,Z,0.05702881,0.2020864
3/7/6/2/7/5/7/7/2 3 3,X,-0.5555555555555555555555555556,2,SLEEP,Z,0.01619313,0.06160127
3/7/6/2/7/5/7/7/1 3 3,X,0.5769230769230769230769230769,2,SLEEP,Z,0.06398148,0.1783976
3/7/6/2/7/3/2/7/7 3 3,X,-0.5555555555555555555555555556,8,SLEEP,Z,0.04927308,0.1047465
3/7/6/2/7/3/6/6/7 3 3,Z,-0.6428571428571428571428571429,4,SLEEP,Z,0.02578,0.09245475
3/7/6/2/7/3/6/5/7 3 3,X,-0.6111111111111111111111111111,6,SLEEP,Z,0.02956467,0.1399781
3/7/6/2/7/3/6/3/7 3 3,X,-0.6111111111111111111111111111,2,SLEEP,Z,0.04475705,0.1713333
3/7/6/2/7/3/6/7/6 3 3,X,-0.6666666666666666666666666667,6,SLEEP,Z,0.04716529,0.2014018
3/7/6/2/7/3/6/7/5 3 3,X,-0.6111111111111111111111111111,8,SLEEP,Z,0.04233083,0.1846913
3/7/6/2/7/3/6/7/3 3 3,X,0.7,2,SLEEP,Z,0.04312912,0.0717828
3/7/6/2/7/3/5/6/7 3 3,Z,-0.6428571428571428571428571429,2,SLEEP,Z,0.03484059,0.07061487
3/7/6/2/7/3/5/5/7 3 3,X,-0.5555555555555555555555555556,4,SLEEP,Z,0.1008865,0.2184287
3/7/6/2/7/3/5/3/7 3 3,X,-0.5555555555555555555555555556,4,SLEEP,Z,0.05563027,0.184182
3/7/6/2/7/3/5/7/6 3 3,X,-0.6111111111111111111111111111,6,SLEEP,Z,0.03141479,0.1319267
3/7/6/2/7/3/5/7/5 3 3,X,-0.5555555555555555555555555556,6,SLEEP,Z,0.03388468,0.1465176
3/7/6/2/7/3/5/7/3 3 3,X,0.5769230769230769230769230769,4,SLEEP,Z,0.01696326,0.04299644
3/7/6/2/7/3/3/6/7 3 3,Z,-0.6428571428571428571428571429,2,SLEEP,Z,0.005767315,0.02008563
3/7/6/2/7/3/3/5/7 3 3,X,0.5769230769230769230769230769,4,SLEEP,Z,0.03283673,0.049931
3/7/6/2/7/3/3/3/7 3 3,X,0.5769230769230769230769230769,8,SLEEP,Z,0.09616633,0.2294717
3/7/6/2/7/3/3/7/6 3 3,X,-0.7,4,SLEEP,Z,0.03011174,0.1176999
3/7/6/2/7/3/3/7/5 3 3,X,0.5769230769230769230769230769,2,SLEEP,Z,0.01745778,0.05537448
3/7/6/2/7/3/3/7/3 3 3,X,0.6538461538461538461538461538,4,SLEEP,Z,0.01718281,0.06314026
3/7/6/2/7/3/7/2/7 3 3,X,-0.5555555555555555555555555556,2,SLEEP,Z,0,0
3/7/6/2/7/3/7/6/6 3 3,Z,-0.6428571428571428571428571429,6,SLEEP,Z,0.0419098,0.1729081
3/7/6/2/7/3/7/6/5 3 3,Z,-0.6428571428571428571428571429,4,SLEEP,Z,0.02505351,0.1025736
3/7/6/2/7/3/7/6/3 3 3,Z,-0.6428571428571428571428571429,2,SLEEP,Z,0,0
3/7/6/2/7/3/7/5/6 3 3,X,-0.6111111111111111111111111111,6,SLEEP,Z,0.03630102,0.1267748
3/7/6/2/7/3/7/5/5 3 3,X,-0.5555555555555555555555555556,4,SLEEP,Z,0.03883118,0.130178
3/7/6/2/7/3/7/5/3 3 3,X,0.5769230769230769230769230769,2,SLEEP,Z,0.09939422,0.1947697
3/7/6/2/7/3/7/3/6 3 3,X,-0.6111111111111111111111111111,6,SLEEP,Z,0.03537342,0.1234535
3/7/6/2/7/3/7/3/5 3 3,X,-0.5555555555555555555555555556,6,SLEEP,Z,0.08400283,0.3960591
3/7/6/2/7/3/7/3/3 3 3,X,0.5769230769230769230769230769,4,SLEEP,Z,0.05903646,0.1667279
3/7/6/2/7/3/7/7/4 3 3,X,-0.6111111111111111111111111111,4,SLEEP,Z,0.03299449,0.1463455
3/7/6/2/7/3/7/7/2 3 3,X,-0.5555555555555555555555555556,4,SLEEP,Z,0.0224645,0.0875086
3/7/6/2/7/3/7/7/1 3 3,X,0.5769230769230769230769230769,2,SLEEP,Z,0.01255752,0.04673393
3/7/6/2/7/7/2/6/7 3 3,X,-0.5555555555555555555555555556,44,SLEEP,Z,0.110486,0.2548676
3/7/6/2/7/7/2/5/7 3 3,X,-0.5555555555555555555555555556,2,SLEEP,Z,0.03617419,0.04344648
3/7/6/2/7/7/2/3/7 3 3,X,-0.5555555555555555555555555556,4,SLEEP,Z,0.04327761,0.1017314
3/7/6/2/7/7/2/7/6 3 3,X,-0.6111111111111111111111111111,6,SLEEP,Z,0.07955712,0.2302336
3/7/6/2/7/7/2/7/5 3 3,X,-0.5555555555555555555555555556,4,SLEEP,Z,0.02931364,0.06677794
3/7/6/2/7/7/2/7/3 3 3,X,0.5769230769230769230769230769,2,SLEEP,Z,0.01868727,0.05553114
3/7/6/2/7/7/6/2/7 3 3,X,-0.6111111111111111111111111111,4,SLEEP,Z,0.1406307,0.2740728
3/7/6/2/7/7/6/6/6 3 3,X,-0.6666666666666666666666666667,10,SLEEP,Z,0.07464369,0.3104528
3/7/6/2/7/7/6/6/5 3 3,X,-0.6111111111111111111111111111,8,SLEEP,Z,0.0484298,0.1928785
3/7/6/2/7/7/6/6/3 3 3,X,0.75,4,SLEEP,Z,0.03696667,0.1023472
3/7/6/2/7/7/6/5/6 3 3,X,-0.6666666666666666666666666667,8,SLEEP,Z,0.06924877,0.2992998
3/7/6/2/7/7/6/5/5 3 3,X,-0.6111111111111111111111111111,4,SLEEP,Z,0.0319146,0.1294012
3/7/6/2/7/7/6/5/3 3 3,X,0.75,2,SLEEP,Z,0,0
3/7/6/2/7/7/6/3/6 3 3,X,-0.6666666666666666666666666667,4,SLEEP,Z,0.04888948,0.2305275
3/7/6/2/7/7/6/3/5 3 3,X,-0.6111111111111111111111111111,4,SLEEP,Z,0.02830269,0.114129
3/7/6/2/7/7/6/3/3 3 3,X,0.75,2,SLEEP,Z,0.0347398,0.07611231
3/7/6/2/7/7/6/7/4 3 3,X,-0.6666666666666666666666666667,8,SLEEP,Z,0.05775585,0.2318116
3/7/6/2/7/7/6/7/2 3 3,X,-0.6111111111111111111111111111,2,SLEEP,Z,0.01992093,0.0825747
3/7/6/2/7/7/6/7/1 3 3,X,0.75,2,SLEEP,Z,0.01891264,0.04414916
3/7/6/2/7/7/5/2/7 3 3,X,-0.5555555555555555555555555556,2,SLEEP,Z,0.03191303,0.05239678
3/7/6/2/7/7/5/6/6 3 3,X,-0.6111111111111111111111111111,6,SLEEP,Z,0.04324387,0.156727
3/7/6/2/7/7/5/6/5 3 3,X,-0.5555555555555555555555555556,6,SLEEP,Z,0.02652761,0.09912834
3/7/6/2/7/7/5/5/6 3 3,X,-0.6111111111111111111111111111,2,SLEEP,Z,0.03641117,0.1641594
3/7/6/2/7/7/5/5/5 3 3,X,-0.5555555555555555555555555556,6,SLEEP,Z,0.1007865,0.196894
3/7/6/2/7/7/5/5/3 3 3,X,0.5769230769230769230769230769,8,SLEEP,Z,0.06538694,0.1506857
3/7/6/2/7/7/5/3/6 3 3,X,-0.6111111111111111111111111111,6,SLEEP,Z,0.08247751,0.2486013
3/7/6/2/7/7/5/3/5 3 3,X,-0.5555555555555555555555555556,4,SLEEP,Z,0.08654174,0.1605886
3/7/6/2/7/7/5/3/3 3 3,X,0.5769230769230769230769230769,4,SLEEP,Z,0.03349117,0.09494124
3/7/6/2/7/7/5/7/4 3 3,X,-0.6111111111111111111111111111,2,SLEEP,Z,0.02434131,0.09905288
3/7/6/2/7/7/5/7/2 3 3,X,-0.5555555555555555555555555556,4,SLEEP,Z,0.01881454,0.06352926
3/7/6/2/7/7/5/7/1 3 3,X,0.5769230769230769230769230769,2,SLEEP,Z,0.02107176,0.04515653
3/7/6/2/7/7/5/6/3 3 3,X,0.5769230769230769230769230769,2,SLEEP,Z,0.02135109,0.04838759
3/7/6/2/7/7/3/2/7 3 3,X,0.5769230769230769230769230769,8,SLEEP,Z,0.01906951,0.07608193
3/7/6/2/7/7/3/6/5 3 3,X,0.5769230769230769230769230769,4,SLEEP,Z,0.02552099,0.08781888
3/7/6/2/7/7/3/6/3 3 3,X,0.6538461538461538461538461538,4,SLEEP,Z,0.02976785,0.1171211
3/7/6/2/7/7/3/5/6 3 3,X,-0.75,2,SLEEP,Z,0.02114107,0.08379479
3/7/6/2/7/7/3/5/5 3 3,X,0.5769230769230769230769230769,2,SLEEP,Z,0.01260166,0.01975629
3/7/6/2/7/7/3/5/3 3 3,X,0.6538461538461538461538461538,2,SLEEP,Z,0.007794653,0.03176008
3/7/6/2/7/7/3/3/6 3 3,X,-0.75,2,SLEEP,Z,0.02637077,0.104503
3/7/6/2/7/7/3/3/5 3 3,X,0.5769230769230769230769230769,4,SLEEP,Z,0.09711185,0.4085725
3/7/6/2/7/7/3/3/3 3 3,X,0.6538461538461538461538461538,4,SLEEP,Z,0.03977568,0.144646
3/7/6/2/7/7/3/6/6 3 3,X,-0.75,6,SLEEP,Z,0.1087022,0.4236553
3/7/6/2/7/7/3/7/4 3 3,X,-0.75,4,SLEEP,Z,0.01922836,0.05318497
3/7/6/2/7/7/3/7/2 3 3,X,0.5769230769230769230769230769,2,SLEEP,Z,0,0
3/7/6/2/7/7/3/7/1 3 3,X,0.6538461538461538461538461538,2,SLEEP,Z,0.02698524,0.1058421
3/7/6/2/7/7/7/2/6 3 3,X,-0.6111111111111111111111111111,4,SLEEP,Z,0.03824985,0.172788
3/7/6/2/7/7/7/2/5 3 3,X,-0.5555555555555555555555555556,2,SLEEP,Z,0.01314115,0.0564344
3/7/6/2/7/7/7/2/3 3 3,X,0.5769230769230769230769230769,2,SLEEP,Z,0.06487387,0.1235477
3/7/6/2/7/7/7/6/4 3 3,X,-0.6111111111111111111111111111,6,SLEEP,Z,0.05388913,0.2134546
3/7/6/2/7/7/7/6/2 3 3,X,-0.5555555555555555555555555556,2,SLEEP,Z,0.01194908,0.04329675
3/7/6/2/7/7/7/6/1 3 3,X,0.5769230769230769230769230769,2,SLEEP,Z,0.01334483,0.04979687
3/7/6/2/7/7/7/5/4 3 3,X,-0.6111111111111111111111111111,2,SLEEP,Z,0.02830825,0.143172
3/7/6/2/7/7/7/5/2 3 3,X,-0.5555555555555555555555555556,4,SLEEP,Z,0.08767169,0.3849981
3/7/6/2/7/7/7/5/1 3 3,X,0.5769230769230769230769230769,2,SLEEP,Z,0.01460025,0.04984995
3/7/6/2/7/7/7/3/4 3 3,X,-0.6111111111111111111111111111,4,SLEEP,Z,0.03456888,0.1506473
3/7/6/2/7/7/7/3/2 3 3,X,-0.5555555555555555555555555556,6,SLEEP,Z,0.04109581,0.1250734
3/7/6/2/7/7/7/3/1 3 3,X,0.5769230769230769230769230769,4,SLEEP,Z,0.02063476,0.07511684
3/7/6/6/2/2/7/7/7 3 3,X,-0.5555555555555555555555555556,8,SLEEP,Z,0.05338452,0.1819102
3/7/6/6/2/6/6/7/7 3 3,X,-0.6111111111111111111111111111,8,SLEEP,Z,0.1069412,0.3917161
3/7/6/6/2/6/5/7/7 3 3,X,-0.5555555555555555555555555556,8,SLEEP,Z,0.07826146,0.1919374
3/7/6/6/2/6/3/7/7 3 3,X,0.5769230769230769230769230769,2,SLEEP,Z,0.01389248,0.05105043
3/7/6/6/2/6/7/6/7 3 3,X,-0.5555555555555555555555555556,2,SLEEP,Z,0.01250929,0.05871274
3/7/6/6/2/6/7/5/7 3 3,X,-0.5555555555555555555555555556,2,SLEEP,Z,0.04325277,0.09171466
3/7/6/6/2/6/7/3/7 3 3,Z,0.625,6,SLEEP,Z,0.07081673,0.1370032
3/7/6/6/2/6/7/7/6 3 3,X,-0.6111111111111111111111111111,8,SLEEP,Z,0.08380783,0.2571839
3/7/6/6/2/6/7/7/5 3 3,X,-0.5555555555555555555555555556,4,SLEEP,Z,0.02374003,0.08816998
3/7/6/6/2/6/7/7/3 3 3,X,0.5769230769230769230769230769,2,SLEEP,Z,0.01222422,0.03307469
3/7/6/6/2/5/6/7/7 3 3,X,-0.6111111111111111111111111111,10,SLEEP,Z,0.07482398,0.2643673
3/7/6/6/2/5/5/7/7 3 3,X,-0.5555555555555555555555555556,8,SLEEP,Z,0.03388854,0.142232
3/7/6/6/2/5/3/7/7 3 3,X,0.5769230769230769230769230769,2,SLEEP,Z,0,0
3/7/6/6/2/5/7/6/7 3 3,X,-0.5555555555555555555555555556,4,SLEEP,Z,0.02982014,0.1096261
3/7/6/6/2/5/7/5/7 3 3,X,-0.5555555555555555555555555556,4,SLEEP,Z,0.02211595,0.08891296
3/7/6/6/2/5/7/3/7 3 3,Z,0.5909090909090909090909090909,6,SLEEP,Z,0.06227997,0.1898318
3/7/6/6/2/5/7/7/6 3 3,X,-0.6111111111111111111111111111,6,SLEEP,Z,0.03842261,0.1505304
3/7/6/6/2/5/7/7/5 3 3,X,-0.5555555555555555555555555556,4,SLEEP,Z,0.02942861,0.104304
3/7/6/6/2/5/7/7/3 3 3,X,0.5769230769230769230769230769,4,SLEEP,Z,0.04584807,0.1269311
3/7/6/6/2/3/6/7/7 3 3,X,-0.6111111111111111111111111111,6,SLEEP,Z,0.04975522,0.1898361
3/7/6/6/2/3/5/7/7 3 3,Z,0.5909090909090909090909090909,6,SLEEP,Z,0.0973464,0.2629751
3/7/6/6/2/3/3/7/7 3 3,Z,0.5909090909090909090909090909,8,SLEEP,Z,0.06480792,0.1990058
3/7/6/6/2/3/7/6/7 3 3,Z,-0.625,2,SLEEP,Z,0.01565751,0.0618109
3/7/6/6/2/3/7/5/7 3 3,Z,0.5909090909090909090909090909,6,SLEEP,Z,0.03618352,0.1198324
3/7/6/6/2/3/7/3/7 3 3,Z,0.6818181818181818181818181818,6,SLEEP,Z,0.06364857,0.2121193
3/7/6/6/2/3/7/7/6 3 3,X,-0.6111111111111111111111111111,4,SLEEP,Z,0.05330366,0.2052251
3/7/6/6/2/3/7/7/5 3 3,Z,0.5909090909090909090909090909,6,SLEEP,Z,0.1109058,0.2596936
3/7/6/6/2/3/7/7/3 3 3,Z,0.5909090909090909090909090909,6,SLEEP,Z,0.1279188,0.4271
3/7/6/6/2/7/2/7/7 3 3,X,-0.5555555555555555555555555556,6,SLEEP,Z,0.03306697,0.1204849
3/7/6/6/2/7/6/6/7 3 3,X,-0.6111111111111111111111111111,8,SLEEP,Z,0.06219431,0.198686
3/7/6/6/2/7/6/5/7 3 3,X,-0.6111111111111111111111111111,8,SLEEP,Z,0.0924799,0.3880481
3/7/6/6/2/7/6/3/7 3 3,X,-0.6111111111111111111111111111,4,SLEEP,Z,0.0452043,0.1673065
3/7/6/6/2/7/6/7/6 3 3,X,-0.6666666666666666666666666667,8,SLEEP,Z,0.08718734,0.3657514
3/7/6/6/2/7/6/7/5 3 3,X,-0.6111111111111111111111111111,8,SLEEP,Z,0.05994853,0.2319722
3/7/6/6/2/7/6/7/3 3 3,X,0.7,2,SLEEP,Z,0.01987881,0.07273228
3/7/6/6/2/7/5/6/7 3 3,X,-0.5555555555555555555555555556,2,SLEEP,Z,0.0178798,0.06984
3/7/6/6/2/7/5/5/7 3 3,X,-0.5555555555555555555555555556,4,SLEEP,Z,0.02914666,0.07758998
3/7/6/6/2/7/5/3/7 3 3,Z,0.5909090909090909090909090909,4,SLEEP,Z,0.04123856,0.1227549
3/7/6/6/2/7/5/7/6 3 3,X,-0.6111111111111111111111111111,6,SLEEP,Z,0.09650014,0.3198468
3/7/6/6/2/7/5/7/5 3 3,X,-0.5555555555555555555555555556,2,SLEEP,Z,0.03056597,0.09377232
3/7/6/6/2/7/5/7/3 3 3,X,0.5769230769230769230769230769,4,SLEEP,Z,0.1420248,0.4039495
3/7/6/6/2/7/3/6/7 3 3,X,0.5769230769230769230769230769,2,SLEEP,Z,0.08287723,0.1448316
3/7/6/6/2/7/3/5/7 3 3,X,0.5769230769230769230769230769,4,SLEEP,Z,0.06980317,0.1356511
3/7/6/6/2/7/3/3/7 3 3,Z,0.5909090909090909090909090909,2,SLEEP,Z,0.03229516,0.1135007
3/7/6/6/2/7/3/7/6 3 3,X,-0.7,8,SLEEP,Z,0.1072895,0.3454292
3/7/6/6/2/7/3/7/5 3 3,X,0.5769230769230769230769230769,2,SLEEP,Z,0.01697816,0.05455039
3/7/6/6/2/7/3/7/3 3 3,X,0.6538461538461538461538461538,6,SLEEP,Z,0.04480955,0.1603985
3/7/6/6/2/7/7/2/7 3 3,X,-0.5555555555555555555555555556,4,SLEEP,Z,0.03738898,0.1401158
3/7/6/6/2/7/7/6/6 3 3,X,-0.6111111111111111111111111111,6,SLEEP,Z,0.1178798,0.2925325
3/7/6/6/2/7/7/6/5 3 3,X,-0.5555555555555555555555555556,2,SLEEP,Z,0.02645059,0.07782728
3/7/6/6/2/7/7/6/3 3 3,X,0.5769230769230769230769230769,2,SLEEP,Z,0.01487764,0.02952295
3/7/6/6/2/7/7/5/6 3 3,X,-0.6111111111111111111111111111,10,SLEEP,Z,0.06695721,0.2492873
3/7/6/6/2/7/7/5/5 3 3,X,-0.5555555555555555555555555556,6,SLEEP,Z,0.02598197,0.1106992
3/7/6/6/2/7/7/5/3 3 3,X,0.5769230769230769230769230769,4,SLEEP,Z,0.04144321,0.1498076
3/7/6/6/2/7/7/3/6 3 3,X,-0.6111111111111111111111111111,8,SLEEP,Z,0.05583266,0.2113009
3/7/6/6/2/7/7/3/5 3 3,Z,0.5909090909090909090909090909,4,SLEEP,Z,0.04735917,0.1602452
3/7/6/6/2/7/7/3/3 3 3,Z,0.5909090909090909090909090909,6,SLEEP,Z,0.03567705,0.1205874
3/7/6/6/2/7/7/7/4 3 3,X,-0.6111111111111111111111111111,4,SLEEP,Z,0.03579951,0.1436195
3/7/6/6/2/7/7/7/2 3 3,X,-0.5555555555555555555555555556,6,SLEEP,Z,0.1251582,0.3545099
3/7/6/6/2/7/7/7/1 3 3,X,0.5769230769230769230769230769,6,SLEEP,Z,0.160267,0.459619
3/7/6/6/6/2/6/7/7 3 3,X,-0.6666666666666666666666666667,8,SLEEP,Z,0.183761,0.3871329
3/7/6/6/6/2/5/7/7 3 3,X,-0.6111111111111111111111111111,6,SLEEP,Z,0.06498043,0.1477376
3/7/6/6/6/2/3/7/7 3 3,X,0.6111111111111111111111111111,6,SLEEP,Z,0.05152364,0.1329026
3/7/6/6/6/2/7/6/7 3 3,X,-0.6111111111111111111111111111,4,SLEEP,Z,0.03197108,0.1371376
3/7/6/6/6/2/7/5/7 3 3,X,-0.6111111111111111111111111111,4,SLEEP,Z,0.04837042,0.09649843
3/7/6/6/6/2/7/3/7 3 3,X,-0.6111111111111111111111111111,8,SLEEP,Z,0.07574014,0.2033731
3/7/6/6/6/2/7/7/6 3 3,X,-0.6666666666666666666666666667,10,SLEEP,Z,0.06127695,0.2658473
3/7/6/6/6/2/7/7/5 3 3,X,-0.6111111111111111111111111111,2,SLEEP,Z,0.03428147,0.09140885
3/7/6/6/6/2/7/7/3 3 3,X,0.6111111111111111111111111111,4,SLEEP,Z,0.1651382,0.3495765
3/7/6/6/6/6/2/7/7 3 3,X,-0.6111111111111111111111111111,6,SLEEP,Z,0.1471056,0.2865139
3/7/6/6/6/6/6/6/7 3 3,X,-0.6666666666666666666666666667,6,SLEEP,Z,0.04781367,0.2069081
3/7/6/6/6/6/6/5/7 3 3,X,-0.6666666666666666666666666667,12,SLEEP,Z,0.05794553,0.2350642
3/7/6/6/6/6/6/3/7 3 3,X,-0.6666666666666666666666666667,8,SLEEP,Z,0.1008615,0.2763308
3/7/6/6/6/6/6/7/6 3 3,X,-0.7222222222222222222222222222,14,SLEEP,Z,0.1450455,0.3958666
3/7/6/6/6/6/6/7/5 3 3,X,-0.6666666666666666666666666667,8,SLEEP,Z,0.05760008,0.2426423
3/7/6/6/6/6/6/7/3 3 3,X,0.7,6,SLEEP,Z,0.04719489,0.1582445
3/7/6/6/6/6/5/6/7 3 3,X,-0.6111111111111111111111111111,4,SLEEP,Z,0.02557012,0.07372344
3/7/6/6/6/6/5/5/7 3 3,X,-0.6111111111111111111111111111,4,SLEEP,Z,0.03608384,0.1401364
3/7/6/6/6/6/5/3/7 3 3,Z,0.6428571428571428571428571429,6,SLEEP,Z,0.05333194,0.2156494
3/7/6/6/6/6/5/7/6 3 3,X,-0.6666666666666666666666666667,4,SLEEP,Z,0.04249716,0.2071299
3/7/6/6/6/6/5/7/5 3 3,X,-0.6111111111111111111111111111,6,SLEEP,Z,0.06581863,0.2082022
3/7/6/6/6/6/5/7/3 3 3,X,0.6111111111111111111111111111,2,SLEEP,Z,0.02135618,0.07694149
3/7/6/6/6/6/3/6/7 3 3,X,0.6111111111111111111111111111,4,SLEEP,Z,0.1225853,0.1696246
3/7/6/6/6/6/3/5/7 3 3,X,0.6111111111111111111111111111,4,SLEEP,Z,0.02259647,0.08971699
3/7/6/6/6/6/3/3/7 3 3,Z,0.6428571428571428571428571429,6,SLEEP,Z,0.05888159,0.1216062
3/7/6/6/6/6/3/7/6 3 3,X,-0.7,4,SLEEP,Z,0.02443869,0.0878875
3/7/6/6/6/6/3/7/5 3 3,X,0.6111111111111111111111111111,2,SLEEP,Z,0.01472627,0.02042823
3/7/6/6/6/6/3/7/3 3 3,X,0.7222222222222222222222222222,6,SLEEP,Z,0.05105664,0.1234469
3/7/6/6/6/6/7/2/7 3 3,X,-0.6111111111111111111111111111,4,SLEEP,Z,0.04700327,0.1137846
3/7/6/6/6/6/7/6/6 3 3,X,-0.6666666666666666666666666667,6,SLEEP,Z,0.07572649,0.268418
3/7/6/6/6/6/7/6/5 3 3,X,-0.6111111111111111111111111111,4,SLEEP,Z,0.03923458,0.1169993
3/7/6/6/6/6/7/6/3 3 3,X,0.6111111111111111111111111111,2,SLEEP,Z,0.02217943,0.04810412
3/7/6/6/6/6/7/5/6 3 3,X,-0.6666666666666666666666666667,8,SLEEP,Z,0.07576028,0.291771
3/7/6/6/6/6/7/5/5 3 3,X,-0.6111111111111111111111111111,6,SLEEP,Z,0.1492907,0.2577057
3/7/6/6/6/6/7/5/3 3 3,X,0.6111111111111111111111111111,2,SLEEP,Z,0.02269846,0.06567089
3/7/6/6/6/6/7/3/6 3 3,X,-0.6666666666666666666666666667,8,SLEEP,Z,0.08427628,0.2635235
3/7/6/6/6/6/7/3/5 3 3,Z,0.6428571428571428571428571429,6,SLEEP,Z,0.05239436,0.1766948
3/7/6/6/6/6/7/3/3 3 3,Z,0.6428571428571428571428571429,4,SLEEP,Z,0.06516534,0.1118459
3/3/6/6/6/6/7/7/6 3 3,X,-0.6666666666666666666666666667,12,SLEEP,Z,0.1361528,0.4099709
3/7/6/6/6/6/7/7/4 3 3,X,-0.6666666666666666666666666667,6,SLEEP,Z,0.05168059,0.2241521
3/7/6/6/6/6/7/7/2 3 3,X,-0.6111111111111111111111111111,4,SLEEP,Z,0.03925369,0.1708914
3/7/6/6/6/6/7/7/1 3 3,X,0.6111111111111111111111111111,4,SLEEP,Z,0.0249933,0.09070909
3/7/6/6/6/5/2/7/7 3 3,X,-0.6111111111111111111111111111,6,SLEEP,Z,0.04247158,0.1240631
3/7/6/6/6/5/6/6/7 3 3,X,-0.6666666666666666666666666667,6,SLEEP,Z,0.05536844,0.2350067
3/7/6/6/6/5/6/5/7 3 3,X,-0.6666666666666666666666666667,12,SLEEP,Z,0.163566,0.3726613
3/7/6/6/6/5/6/3/7 3 3,X,-0.6666666666666666666666666667,10,SLEEP,Z,0.05718815,0.2189346
3/7/6/6/6/5/6/7/6 3 3,X,-0.7222222222222222222222222222,10,SLEEP,Z,0.07409784,0.3207352
3/7/6/6/6/5/6/7/5 3 3,X,-0.6666666666666666666666666667,8,SLEEP,Z,0.06226603,0.2852488
3/7/6/6/6/5/6/7/3 3 3,X,0.7,4,SLEEP,Z,0.05344506,0.1418982
3/7/6/6/6/5/5/6/7 3 3,X,-0.6111111111111111111111111111,2,SLEEP,Z,0.02823143,0.09194687
3/7/6/6/6/5/5/5/7 3 3,X,-0.6111111111111111111111111111,6,SLEEP,Z,0.04199058,0.1739073
3/7/6/6/6/5/5/3/7 3 3,X,-0.6111111111111111111111111111,6,SLEEP,Z,0.05290765,0.1736715
3/7/6/6/6/5/5/7/6 3 3,X,-0.6666666666666666666666666667,14,SLEEP,Z,0.1098313,0.3305002
3/7/6/6/6/5/5/7/5 3 3,X,-0.6111111111111111111111111111,8,SLEEP,Z,0.1350447,0.2784039
3/7/6/6/6/5/5/7/3 3 3,X,0.6111111111111111111111111111,2,SLEEP,Z,0.03107963,0.1334053
3/7/6/6/6/5/3/6/7 3 3,X,0.6111111111111111111111111111,4,SLEEP,Z,0.1018885,0.20092
3/7/6/6/6/5/3/5/7 3 3,X,0.6111111111111111111111111111,2,SLEEP,Z,0.00872555,0.0254127
3/7/6/6/6/5/3/3/7 3 3,X,0.6111111111111111111111111111,4,SLEEP,Z,0.03963049,0.1379639
3/7/6/6/6/5/3/7/6 3 3,X,-0.7,4,SLEEP,Z,0.09612743,0.2052012
3/7/6/6/6/5/3/7/5 3 3,X,0.6111111111111111111111111111,4,SLEEP,Z,0.1005754,0.2149369
3/7/6/6/6/5/3/7/3 3 3,X,0.7222222222222222222222222222,2,SLEEP,Z,0.01449879,0.04214728
3/7/6/6/6/5/7/2/7 3 3,X,-0.6111111111111111111111111111,6,SLEEP,Z,0.04284591,0.1648448
3/7/6/6/6/5/7/6/6 3 3,X,-0.6666666666666666666666666667,8,SLEEP,Z,0.05894979,0.2622856
3/7/6/6/6/5/7/6/5 3 3,X,-0.6111111111111111111111111111,2,SLEEP,Z,0.04368616,0.1509079
3/7/6/6/6/5/7/6/3 3 3,X,0.6111111111111111111111111111,2,SLEEP,Z,0.01368907,0.03670545
3/7/6/6/6/5/7/5/6 3 3,X,-0.6666666666666666666666666667,6,SLEEP,Z,0.05153923,0.2367952
3/7/6/6/6/5/7/5/5 3 3,X,-0.6111111111111111111111111111,4,SLEEP,Z,0.1270308,0.2505308
3/7/6/6/6/5/7/5/3 3 3,X,0.6111111111111111111111111111,4,SLEEP,Z,0.1130781,0.1409742
3/7/6/6/6/5/7/3/6 3 3,X,-0.6666666666666666666666666667,6,SLEEP,Z,0.1280255,0.3309133
3/7/6/6/6/5/7/3/5 3 3,X,-0.6111111111111111111111111111,8,SLEEP,Z,0.09983099,0.2578689
3/7/6/6/6/5/7/3/3 3 3,X,0.6111111111111111111111111111,2,SLEEP,Z,0.01796251,0.07571782
3/7/6/6/6/5/7/7/4 3 3,X,-0.6666666666666666666666666667,4,SLEEP,Z,0.03597274,0.1755006
3/7/6/6/6/5/7/7/2 3 3,X,-0.6111111111111111111111111111,6,SLEEP,Z,0.06003446,0.179208
3/7/6/6/6/5/7/7/1 3 3,X,0.6111111111111111111111111111,4,SLEEP,Z,0.04272382,0.15532
3/7/6/6/6/3/2/7/7 3 3,X,-0.6111111111111111111111111111,8,SLEEP,Z,0.2007848,0.3759399
3/7/6/6/6/3/6/6/7 3 3,X,-0.6666666666666666666666666667,8,SLEEP,Z,0.08964479,0.302254
3/7/6/6/6/3/6/5/7 3 3,X,-0.6666666666666666666666666667,6,SLEEP,Z,0.0597574,0.2438112
3/7/6/6/6/3/6/3/7 3 3,Z,0.6818181818181818181818181819,6,SLEEP,Z,0.1578254,0.3200428
3/7/6/6/6/3/6/7/6 3 3,X,-0.7222222222222222222222222222,14,SLEEP,Z,0.1032683,0.3848257
3/7/6/6/6/3/6/7/5 3 3,X,-0.6666666666666666666666666667,6,SLEEP,Z,0.05925141,0.2420205
3/7/6/6/6/3/6/7/3 3 3,X,0.7,8,SLEEP,Z,0.2380286,0.3334526
3/7/6/6/6/3/5/6/7 3 3,Z,-0.6428571428571428571428571429,6,SLEEP,Z,0.05583269,0.1681087
3/7/6/6/6/3/5/5/7 3 3,X,-0.6111111111111111111111111111,6,SLEEP,Z,0.06507277,0.1565831
3/7/6/6/6/3/5/3/7 3 3,Z,0.6818181818181818181818181819,6,SLEEP,Z,0.06308733,0.1815835
3/7/6/6/6/3/5/7/6 3 3,X,-0.6666666666666666666666666667,8,SLEEP,Z,0.1387272,0.3827476
3/7/6/6/6/3/5/7/5 3 3,X,-0.6111111111111111111111111111,4,SLEEP,Z,0.03467793,0.1275305
3/7/6/6/6/3/5/7/3 3 3,X,0.6111111111111111111111111111,2,SLEEP,Z,0.007100505,0.0277737
3/7/6/6/6/3/3/6/7 3 3,Z,-0.6428571428571428571428571429,2,SLEEP,Z,0.04814905,0.08106732
3/7/6/6/6/3/3/5/7 3 3,X,0.6111111111111111111111111111,6,SLEEP,Z,0.1413133,0.304369
3/7/6/6/6/3/3/3/7 3 3,Z,0.6818181818181818181818181819,4,SLEEP,Z,0.04397624,0.1415037
3/7/6/6/6/3/3/7/6 3 3,X,-0.7,4,SLEEP,Z,0.04766468,0.1459645
3/7/6/6/6/3/3/7/5 3 3,X,0.6111111111111111111111111111,2,SLEEP,Z,0,0
3/7/6/6/6/3/3/7/3 3 3,X,0.7222222222222222222222222222,2,SLEEP,Z,0.02489557,0.06770786
3/7/6/6/6/3/7/2/7 3 3,X,-0.6111111111111111111111111111,6,SLEEP,Z,0.04492872,0.1319321
3/7/6/6/6/3/7/6/6 3 3,X,-0.6666666666666666666666666667,6,SLEEP,Z,0.07428007,0.2294787
3/7/6/6/6/3/7/6/5 3 3,Z,-0.6428571428571428571428571429,4,SLEEP,Z,0.03287022,0.1140695
3/7/6/6/6/3/7/6/3 3 3,Z,-0.6428571428571428571428571429,4,SLEEP,Z,0.1471424,0.405174
3/7/6/6/6/3/7/5/6 3 3,X,-0.6666666666666666666666666667,8,SLEEP,Z,0.1121569,0.4028523
3/7/6/6/6/3/7/5/5 3 3,X,-0.6111111111111111111111111111,6,SLEEP,Z,0.1242419,0.3005302
3/7/6/6/6/3/7/5/3 3 3,X,0.6111111111111111111111111111,4,SLEEP,Z,0.186523,0.2407162
3/7/6/6/6/3/7/3/6 3 3,Z,0.6818181818181818181818181819,6,SLEEP,Z,0.09049921,0.2753486
3/7/6/6/6/3/7/3/5 3 3,Z,0.6818181818181818181818181819,8,SLEEP,Z,0.07208348,0.2474522
3/7/6/6/6/3/7/3/3 3 3,Z,0.6818181818181818181818181819,2,SLEEP,Z,0.03742834,0.08628812
3/7/6/6/6/3/7/7/4 3 3,X,-0.6666666666666666666666666667,8,SLEEP,Z,0.05666965,0.2457583
3/7/6/6/6/3/7/7/2 3 3,X,-0.6111111111111111111111111111,6,SLEEP,Z,0.06877086,0.1938871
3/7/6/6/6/3/7/7/1 3 3,X,0.6111111111111111111111111111,2,SLEEP,Z,0.07638387,0.1016934
3/7/6/6/6/7/2/6/7 3 3,X,-0.6111111111111111111111111111,6,SLEEP,Z,0.1377943,0.2731914
3/7/6/6/6/7/2/5/7 3 3,X,-0.6111111111111111111111111111,6,SLEEP,Z,0.1903027,0.3799346
3/7/6/6/6/7/2/3/7 3 3,X,-0.6111111111111111111111111111,4,SLEEP,Z,0.03116959,0.1253831
3/7/6/6/6/7/2/7/6 3 3,X,-0.6666666666666666666666666667,6,SLEEP,Z,0.05275289,0.2309137
3/7/6/6/6/7/2/7/5 3 3,X,-0.6111111111111111111111111111,6,SLEEP,Z,0.05266915,0.1706655
3/7/6/6/6/7/2/7/3 3 3,X,0.6111111111111111111111111111,4,SLEEP,Z,0.1637312,0.261595
3/7/6/6/6/7/6/2/7 3 3,X,-0.6666666666666666666666666667,8,SLEEP,Z,0.07801998,0.2746818
3/7/6/6/6/7/6/6/6 3 3,X,-0.7222222222222222222222222222,12,SLEEP,Z,0.1165917,0.4585536
3/7/6/6/6/7/6/6/5 3 3,X,-0.6666666666666666666666666667,6,SLEEP,Z,0.05423029,0.226415
3/7/6/6/6/7/6/6/3 3 3,X,0.75,2,SLEEP,Z,0.05638234,0.1065031
3/7/6/6/6/7/6/5/6 3 3,X,-0.7222222222222222222222222222,10,SLEEP,Z,0.1068538,0.3712589
3/7/6/6/6/7/6/5/5 3 3,X,-0.6666666666666666666666666667,8,SLEEP,Z,0.04798153,0.2175573
3/7/6/6/6/7/6/5/3 3 3,X,0.75,4,SLEEP,Z,0.03160156,0.1093302
3/7/6/6/6/7/6/3/6 3 3,X,-0.7222222222222222222222222222,16,SLEEP,Z,0.1669463,0.4869923
3/7/6/6/6/7/6/3/5 3 3,X,-0.6666666666666666666666666667,8,SLEEP,Z,0.09414543,0.305766
3/7/6/6/6/7/6/3/3 3 3,X,0.75,6,SLEEP,Z,0.2039926,0.3517568
3/7/6/6/6/7/6/7/4 3 3,X,-0.7222222222222222222222222222,12,SLEEP,Z,0.1032174,0.3609665
3/7/6/6/6/7/6/7/2 3 3,X,-0.6666666666666666666666666667,4,SLEEP,Z,0.04217175,0.1782853
3/7/6/6/6/7/6/7/1 3 3,X,0.75,2,SLEEP,Z,0.02287399,0.09410335
3/7/6/6/6/7/5/2/7 3 3,X,-0.6111111111111111111111111111,6,SLEEP,Z,0.06082128,0.1829913
3/7/6/6/6/7/5/6/6 3 3,X,-0.6666666666666666666666666667,12,SLEEP,Z,0.1243198,0.3147276
3/7/6/6/6/7/5/6/5 3 3,X,-0.6111111111111111111111111111,6,SLEEP,Z,0.03479284,0.1162425
3/7/6/6/6/7/5/6/3 3 3,X,0.6111111111111111111111111111,2,SLEEP,Z,0,0
3/7/6/6/6/7/5/5/6 3 3,X,-0.6666666666666666666666666667,10,SLEEP,Z,0.05730804,0.264189
3/7/6/6/6/7/5/5/5 3 3,X,-0.6111111111111111111111111111,10,SLEEP,Z,0.06064842,0.2147301
3/7/6/6/6/7/5/5/3 3 3,X,0.6111111111111111111111111111,4,SLEEP,Z,0.02972942,0.08255751
3/7/6/6/6/7/5/3/6 3 3,X,-0.6666666666666666666666666667,8,SLEEP,Z,0.06321047,0.2877627
3/7/6/6/6/7/5/3/5 3 3,X,-0.6111111111111111111111111111,10,SLEEP,Z,0.1602786,0.310782
3/7/6/6/6/7/5/3/3 3 3,X,0.6111111111111111111111111111,4,SLEEP,Z,0.03617707,0.1280873
3/7/6/6/6/7/5/7/4 3 3,X,-0.6666666666666666666666666667,8,SLEEP,Z,0.1240653,0.363216
3/7/6/6/6/7/5/7/2 3 3,X,-0.6111111111111111111111111111,4,SLEEP,Z,0.09062333,0.2131288
3/7/6/6/6/7/5/7/1 3 3,X,0.6111111111111111111111111111,2,SLEEP,Z,0.07512072,0.1480485
3/7/6/6/6/7/3/2/7 3 3,X,0.6111111111111111111111111111,6,SLEEP,Z,0.04485639,0.1402212
3/7/6/6/6/7/3/6/6 3 3,X,-0.75,8,SLEEP,Z,0.05217792,0.2059753
3/7/6/6/6/7/3/6/5 3 3,X,0.6111111111111111111111111111,2,SLEEP,Z,0.02052401,0.0766819
3/7/6/6/6/7/3/6/3 3 3,X,0.7222222222222222222222222222,4,SLEEP,Z,0.08856401,0.1017333
3/7/6/6/6/7/3/5/6 3 3,X,-0.75,6,SLEEP,Z,0.1057862,0.2784893
3/7/6/6/6/7/3/5/5 3 3,X,0.6111111111111111111111111111,2,SLEEP,Z,0.01903931,0.0434219
3/7/6/6/6/7/3/5/3 3 3,X,0.7222222222222222222222222222,4,SLEEP,Z,0.03518114,0.1218587
3/7/6/6/6/7/3/3/6 3 3,X,-0.75,8,SLEEP,Z,0.08311279,0.2999347
3/7/6/6/6/7/3/3/5 3 3,X,0.6111111111111111111111111111,4,SLEEP,Z,0.03313867,0.120529
3/7/6/6/6/7/3/3/3 3 3,X,0.7222222222222222222222222222,6,SLEEP,Z,0.03433735,0.1050429
3/7/6/6/6/7/3/7/4 3 3,X,-0.75,2,SLEEP,Z,0.03349954,0.1289756
3/7/6/6/6/7/3/7/2 3 3,X,0.6111111111111111111111111111,2,SLEEP,Z,0,0
3/7/6/6/6/7/3/7/1 3 3,X,0.7222222222222222222222222222,2,SLEEP,Z,0.01848595,0.07621771
3/7/6/6/6/7/7/2/6 3 3,X,-0.6666666666666666666666666667,16,SLEEP,Z,0.1018403,0.3650879
3/7/6/6/6/7/7/2/5 3 3,X,-0.6111111111111111111111111111,2,SLEEP,Z,0.02492163,0.1031875
3/7/6/6/6/7/7/2/3 3 3,X,0.6111111111111111111111111111,4,SLEEP,Z,0.02767541,0.1044723
3/7/6/6/6/7/7/6/4 3 3,X,-0.6666666666666666666666666667,8,SLEEP,Z,0.08188434,0.3248158
3/7/6/6/6/7/7/6/2 3 3,X,-0.6111111111111111111111111111,4,SLEEP,Z,0.05958776,0.1689093
3/7/6/6/6/7/7/6/1 3 3,X,0.6111111111111111111111111111,4,SLEEP,Z,0.0255281,0.09734305
3/7/6/6/6/7/7/5/4 3 3,X,-0.6666666666666666666666666667,8,SLEEP,Z,0.0832858,0.3315402
3/7/6/6/6/7/7/5/2 3 3,X,-0.6111111111111111111111111111,4,SLEEP,Z,0.1235742,0.2544372
3/7/6/6/6/7/7/5/1 3 3,X,0.6111111111111111111111111111,4,SLEEP,Z,0.02712684,0.1040786
3/7/6/6/6/7/7/3/4 3 3,X,-0.6666666666666666666666666667,12,SLEEP,Z,0.06018448,0.2669119
3/7/6/6/6/7/7/3/2 3 3,X,-0.6111111111111111111111111111,6,SLEEP,Z,0.04035676,0.160933
3/7/6/6/6/7/7/3/1 3 3,X,0.6111111111111111111111111111,4,SLEEP,Z,0.04073639,0.1481009
3/7/6/6/5/2/6/7/7 3 3,X,-0.6111111111111111111111111111,6,SLEEP,Z,0.04938387,0.151888
3/7/6/6/5/2/5/7/7 3 3,X,-0.5555555555555555555555555556,6,SLEEP,Z,0.04837749,0.1257176
3/7/6/6/5/2/3/7/7 3 3,X,0.5769230769230769230769230769,2,SLEEP,Z,0.0184831,0.05634496
3/7/6/6/5/2/7/6/7 3 3,X,-0.5555555555555555555555555556,4,SLEEP,Z,0.09179854,0.2279159
3/7/6/6/5/2/7/5/7 3 3,X,-0.5555555555555555555555555556,4,SLEEP,Z,0.06838442,0.1625484
3/7/6/6/5/2/7/3/7 3 3,Z,0.5909090909090909090909090909,8,SLEEP,Z,0.05334056,0.1785043
3/7/6/6/5/2/7/7/6 3 3,X,-0.6111111111111111111111111111,4,SLEEP,Z,0.03300295,0.1434981
3/7/6/6/5/2/7/7/5 3 3,X,-0.5555555555555555555555555556,2,SLEEP,Z,0.03468342,0.08439275
3/7/6/6/5/2/7/7/3 3 3,X,0.5769230769230769230769230769,2,SLEEP,Z,0.02116545,0.03191174
3/7/6/6/5/6/2/7/7 3 3,X,-0.5555555555555555555555555556,6,SLEEP,Z,0.03833557,0.11819
3/7/6/6/5/6/6/6/7 3 3,X,-0.6111111111111111111111111111,8,SLEEP,Z,0.1423639,0.280034
3/7/6/6/5/6/6/5/7 3 3,X,-0.6111111111111111111111111111,2,SLEEP,Z,0,0
3/7/6/6/5/6/6/3/7 3 3,Z,0.6428571428571428571428571429,6,SLEEP,Z,0.0606259,0.1672567
3/7/6/6/5/6/6/7/6 3 3,X,-0.6666666666666666666666666667,10,SLEEP,Z,0.09874674,0.3928964
3/7/6/6/5/6/6/7/5 3 3,X,-0.6111111111111111111111111111,4,SLEEP,Z,0.06155694,0.1981716
3/7/6/6/5/6/6/7/3 3 3,X,0.7,6,SLEEP,Z,0.06862698,0.1434881
3/7/6/6/5/6/5/6/7 3 3,X,-0.5555555555555555555555555556,4,SLEEP,Z,0.0267035,0.08621232
3/7/6/6/5/6/5/5/7 3 3,X,-0.5555555555555555555555555556,4,SLEEP,Z,0.04015713,0.123802
3/7/6/6/5/6/5/3/7 3 3,Z,0.6428571428571428571428571429,6,SLEEP,Z,0.05296998,0.1418315
3/7/6/6/5/6/5/7/6 3 3,X,-0.6111111111111111111111111111,2,SLEEP,Z,0.03408572,0.09273765
3/7/6/6/5/6/5/7/5 3 3,X,-0.5555555555555555555555555556,4,SLEEP,Z,0.0213894,0.08640201
3/7/6/6/5/6/5/7/3 3 3,X,0.5769230769230769230769230769,2,SLEEP,Z,0,0
3/7/6/6/5/6/3/6/7 3 3,X,0.5769230769230769230769230769,2,SLEEP,Z,0.04448723,0.04011237
3/7/6/6/5/6/3/5/7 3 3,X,0.5769230769230769230769230769,2,SLEEP,Z,0,0
3/7/6/6/5/6/3/3/7 3 3,Z,0.6428571428571428571428571429,2,SLEEP,Z,0.004845868,0.01885109
3/7/6/6/5/6/3/7/6 3 3,X,-0.7,2,SLEEP,Z,0.02872505,0.09414455
3/7/6/6/5/6/3/7/5 3 3,X,0.5769230769230769230769230769,4,SLEEP,Z,0.0710301,0.1539652
3/7/6/6/5/6/3/7/3 3 3,X,0.6538461538461538461538461538,2,SLEEP,Z,0.04806546,0.09349912
3/7/6/6/5/6/7/2/7 3 3,X,-0.5555555555555555555555555556,4,SLEEP,Z,0.0976518,0.1769091
3/7/6/6/5/6/7/6/6 3 3,X,-0.6111111111111111111111111111,6,SLEEP,Z,0.09221403,0.389743
3/7/6/6/5/6/7/6/5 3 3,X,-0.5555555555555555555555555556,2,SLEEP,Z,0.02097503,0.04314505
3/7/6/6/5/6/7/6/3 3 3,X,0.5769230769230769230769230769,2,SLEEP,Z,0.004712375,0.01583627
3/7/6/6/5/6/7/5/6 3 3,X,-0.6111111111111111111111111111,4,SLEEP,Z,0.04254267,0.189409
3/7/6/6/5/6/7/5/5 3 3,X,-0.5555555555555555555555555556,4,SLEEP,Z,0.03431568,0.1337157
3/7/6/6/5/6/7/5/3 3 3,X,0.5769230769230769230769230769,2,SLEEP,Z,0.01149938,0.03948231
3/7/6/6/5/6/7/3/6 3 3,Z,0.6428571428571428571428571429,2,SLEEP,Z,0.03635705,0.1530692
3/7/6/6/5/6/7/3/5 3 3,Z,0.6428571428571428571428571429,6,SLEEP,Z,0.1392367,0.3567746
3/7/6/6/5/6/7/3/3 3 3,Z,0.6428571428571428571428571429,4,SLEEP,Z,0.04408594,0.140697
3/7/6/6/5/6/7/7/4 3 3,X,-0.6111111111111111111111111111,4,SLEEP,Z,0.05807257,0.2298512
3/7/6/6/5/6/7/7/2 3 3,X,-0.5555555555555555555555555556,4,SLEEP,Z,0.04694482,0.1755649
3/7/6/6/5/6/7/7/1 3 3,X,0.5769230769230769230769230769,2,SLEEP,Z,0.06135726,0.1483804
3/7/6/6/5/5/2/7/7 3 3,X,-0.5555555555555555555555555556,4,SLEEP,Z,0.03225647,0.1175709
3/7/6/6/5/5/6/6/7 3 3,X,-0.6111111111111111111111111111,6,SLEEP,Z,0.1028826,0.2662692
3/7/6/6/5/5/6/5/7 3 3,X,-0.6111111111111111111111111111,8,SLEEP,Z,0.03355934,0.155134
3/7/6/6/5/5/6/3/7 3 3,X,-0.6111111111111111111111111111,6,SLEEP,Z,0.0491714,0.176134
3/7/6/6/5/5/6/7/6 3 3,X,-0.6666666666666666666666666667,8,SLEEP,Z,0.09401079,0.3742225
3/7/6/6/5/5/6/7/5 3 3,X,-0.6111111111111111111111111111,6,SLEEP,Z,0.03849795,0.1339321
3/7/6/6/5/5/6/7/3 3 3,X,0.7,4,SLEEP,Z,0.01815747,0.07575575
3/7/6/6/5/5/5/6/7 3 3,X,-0.5555555555555555555555555556,2,SLEEP,Z,0.006377995,0.03085182
3/7/6/6/5/5/5/5/7 3 3,X,-0.5555555555555555555555555556,2,SLEEP,Z,0.03232036,0.1003572
3/7/6/6/5/5/5/3/7 3 3,Z,0.5909090909090909090909090909,8,SLEEP,Z,0.08142454,0.2457366
3/7/6/6/5/5/5/7/6 3 3,X,-0.6111111111111111111111111111,8,SLEEP,Z,0.04776249,0.1682017
3/7/6/6/5/5/5/7/5 3 3,X,-0.5555555555555555555555555556,2,SLEEP,Z,0,0
3/7/6/6/5/5/5/7/3 3 3,X,0.5769230769230769230769230769,2,SLEEP,Z,0.01350691,0.05666637
3/7/6/6/5/5/3/6/7 3 3,X,0.5769230769230769230769230769,4,SLEEP,Z,0.1029192,0.416595
3/7/6/6/5/5/3/5/7 3 3,X,0.5769230769230769230769230769,2,SLEEP,Z,0.006820054,0.03362692
3/7/6/6/5/5/3/3/7 3 3,Z,0.5909090909090909090909090909,4,SLEEP,Z,0.03894907,0.1294165
3/7/6/6/5/5/3/7/6 3 3,X,-0.7,4,SLEEP,Z,0.0561069,0.1727201
3/7/6/6/5/5/3/7/5 3 3,X,0.5769230769230769230769230769,4,SLEEP,Z,0.03982492,0.1123436
3/7/6/6/5/5/3/7/3 3 3,X,0.6538461538461538461538461538,2,SLEEP,Z,0.01915128,0.06319082
3/7/6/6/5/5/7/2/7 3 3,X,-0.5555555555555555555555555556,4,SLEEP,Z,0.02011115,0.07851128
3/7/6/6/5/5/7/6/6 3 3,X,-0.6111111111111111111111111111,6,SLEEP,Z,0.04242844,0.1909206
3/7/6/6/5/5/7/6/5 3 3,X,-0.5555555555555555555555555556,2,SLEEP,Z,0,0
3/7/6/6/5/5/7/6/3 3 3,X,0.5769230769230769230769230769,2,SLEEP,Z,0.02376368,0.0548455
3/7/6/6/5/5/7/5/6 3 3,X,-0.6111111111111111111111111111,4,SLEEP,Z,0.03604817,0.1499566
3/7/6/6/5/5/7/5/5 3 3,X,-0.5555555555555555555555555556,6,SLEEP,Z,0.04260645,0.161138
3/7/6/6/5/5/7/5/3 3 3,X,0.5769230769230769230769230769,2,SLEEP,Z,0.01937266,0.07698841
3/7/6/6/5/5/7/3/6 3 3,X,-0.6111111111111111111111111111,6,SLEEP,Z,0.05280312,0.2064124
3/7/6/6/5/5/7/3/5 3 3,Z,0.5909090909090909090909090909,4,SLEEP,Z,0.02295807,0.08732126
3/7/6/6/5/5/7/3/3 3 3,Z,0.5909090909090909090909090909,2,SLEEP,Z,0.02627659,0.06808387
3/7/6/6/5/5/7/7/4 3 3,X,-0.6111111111111111111111111111,6,SLEEP,Z,0.02895023,0.1029965
3/7/6/6/5/5/7/7/2 3 3,X,-0.5555555555555555555555555556,4,SLEEP,Z,0.02749126,0.09845173
3/7/6/6/5/5/7/7/1 3 3,X,0.5769230769230769230769230769,4,SLEEP,Z,0.1178528,0.4485585
3/7/6/6/5/3/2/7/7 3 3,Z,0.5909090909090909090909090909,2,SLEEP,Z,0.02646461,0.08512352
3/7/6/6/5/3/6/6/7 3 3,Z,-0.6428571428571428571428571429,4,SLEEP,Z,0.1241072,0.3903812
3/7/6/6/5/3/6/5/7 3 3,X,-0.6111111111111111111111111111,2,SLEEP,Z,0.02544223,0.07482827
3/7/6/6/5/3/6/3/7 3 3,Z,0.6818181818181818181818181819,8,SLEEP,Z,0.03684039,0.1504288
3/7/6/6/5/3/6/7/6 3 3,X,-0.6666666666666666666666666667,4,SLEEP,Z,0.05095673,0.2390221
3/7/6/6/5/3/6/7/5 3 3,X,-0.6111111111111111111111111111,2,SLEEP,Z,0.01339965,0.05532414
3/7/6/6/5/3/6/7/3 3 3,X,0.7,2,SLEEP,Z,0.01066762,0.03615082
3/7/6/6/5/3/5/6/7 3 3,Z,-0.6428571428571428571428571429,4,SLEEP,Z,0.02739901,0.07989606
3/7/6/6/5/3/5/5/7 3 3,Z,0.5909090909090909090909090909,4,SLEEP,Z,0.02329867,0.05747649
3/7/6/6/5/3/5/3/7 3 3,Z,0.6818181818181818181818181819,4,SLEEP,Z,0.03111341,0.108229
3/7/6/6/5/3/5/7/6 3 3,X,-0.6111111111111111111111111111,4,SLEEP,Z,0.03435396,0.1608064
3/7/6/6/5/3/5/7/5 3 3,Z,0.5909090909090909090909090909,2,SLEEP,Z,0.0168046,0.05671176
3/7/6/6/5/3/5/7/3 3 3,Z,0.5909090909090909090909090909,2,SLEEP,Z,0.02983962,0.09342318
3/7/6/6/5/3/3/6/7 3 3,Z,-0.6428571428571428571428571429,2,SLEEP,Z,0.08915875,0.1885563
3/7/6/6/5/3/3/5/7 3 3,Z,0.5909090909090909090909090909,4,SLEEP,Z,0.05324991,0.09598287
3/7/6/6/5/3/3/3/7 3 3,Z,0.6818181818181818181818181819,6,SLEEP,Z,0.07086733,0.1483383
3/7/6/6/5/3/3/7/6 3 3,X,-0.7,6,SLEEP,Z,0.04524713,0.1372544
3/7/6/6/5/3/3/7/5 3 3,Z,0.5909090909090909090909090909,2,SLEEP,Z,0,0
3/7/6/6/5/3/3/7/3 3 3,X,0.6538461538461538461538461538,2,SLEEP,Z,0.01767632,0.05476218
3/7/6/6/5/3/7/2/7 3 3,Z,0.5909090909090909090909090909,2,SLEEP,Z,0.0158458,0.05404651
3/7/6/6/5/3/7/6/6 3 3,Z,-0.6428571428571428571428571429,6,SLEEP,Z,0.06042952,0.2065791
3/7/6/6/5/3/7/6/5 3 3,Z,-0.6428571428571428571428571429,2,SLEEP,Z,0.02505959,0.07278006
3/7/6/6/5/3/7/6/3 3 3,Z,-0.6428571428571428571428571429,4,SLEEP,Z,0.02695606,0.05843764
3/7/6/6/5/3/7/5/6 3 3,X,-0.6111111111111111111111111111,6,SLEEP,Z,0.06108337,0.2068674
3/7/6/6/5/3/7/5/5 3 3,Z,0.5909090909090909090909090909,6,SLEEP,Z,0.03742042,0.1379361
3/7/6/6/5/3/7/5/3 3 3,Z,0.5909090909090909090909090909,4,SLEEP,Z,0.02692847,0.09156384
3/7/6/6/5/3/7/3/6 3 3,Z,0.6818181818181818181818181819,6,SLEEP,Z,0.04308375,0.187921
3/7/6/6/5/3/7/3/5 3 3,Z,0.6818181818181818181818181819,4,SLEEP,Z,0.0306294,0.1154307
3/7/6/6/5/3/7/3/3 3 3,Z,0.6818181818181818181818181819,4,SLEEP,Z,0.04981868,0.1245755
3/7/6/6/5/3/7/7/4 3 3,X,-0.6111111111111111111111111111,4,SLEEP,Z,0.06442548,0.357778
3/7/6/6/5/3/7/7/2 3 3,Z,0.5909090909090909090909090909,2,SLEEP,Z,0.01437182,0.05197005
3/7/6/6/5/3/7/7/1 3 3,Z,0.5909090909090909090909090909,2,SLEEP,Z,0.01630355,0.05315627
3/7/6/6/5/7/2/6/7 3 3,X,-0.5555555555555555555555555556,2,SLEEP,Z,0,0
3/7/6/6/5/7/2/5/7 3 3,X,-0.5555555555555555555555555556,4,SLEEP,Z,0.02989623,0.1162663
3/7/6/6/5/7/2/3/7 3 3,Z,0.5909090909090909090909090909,4,SLEEP,Z,0.03054151,0.1001016
3/7/6/6/5/7/2/7/6 3 3,X,-0.6111111111111111111111111111,6,SLEEP,Z,0.09798921,0.4355753
3/7/6/6/5/7/2/7/5 3 3,X,-0.5555555555555555555555555556,4,SLEEP,Z,0.03383606,0.09814714
3/7/6/6/5/7/2/7/3 3 3,X,0.5769230769230769230769230769,2,SLEEP,Z,0.01896422,0.0574998
3/7/6/6/5/7/6/2/7 3 3,X,-0.6111111111111111111111111111,4,SLEEP,Z,0.01996384,0.07893404
3/7/6/6/5/7/6/6/6 3 3,X,-0.6666666666666666666666666667,10,SLEEP,Z,0.07027575,0.309154
3/7/6/6/5/7/6/6/5 3 3,X,-0.6111111111111111111111111111,4,SLEEP,Z,0.0410188,0.188175
3/7/6/6/5/7/6/6/3 3 3,X,0.75,2,SLEEP,Z,0.04924304,0.1047445
3/7/6/6/5/7/6/5/6 3 3,X,-0.6666666666666666666666666667,10,SLEEP,Z,0.1096156,0.3731071
3/7/6/6/5/7/6/5/5 3 3,X,-0.6111111111111111111111111111,2,SLEEP,Z,0.03979279,0.1617249
3/7/6/6/5/7/6/5/3 3 3,X,0.75,4,SLEEP,Z,0.03035012,0.1199241
3/7/6/6/5/7/6/3/6 3 3,X,-0.6666666666666666666666666667,8,SLEEP,Z,0.09271256,0.34909
3/7/6/6/5/7/6/3/5 3 3,X,-0.6111111111111111111111111111,4,SLEEP,Z,0.04515225,0.1753121
3/7/6/6/5/7/6/3/3 3 3,X,0.75,4,SLEEP,Z,0.03253464,0.1132047
3/7/6/6/5/7/6/7/4 3 3,X,-0.6666666666666666666666666667,4,SLEEP,Z,0.04131296,0.1898796
3/7/6/6/5/7/6/7/2 3 3,X,-0.6111111111111111111111111111,4,SLEEP,Z,0.05315545,0.197475
3/7/6/6/5/7/6/7/1 3 3,X,0.75,4,SLEEP,Z,0.04981881,0.1519244
3/7/6/6/5/7/5/2/7 3 3,X,-0.5555555555555555555555555556,4,SLEEP,Z,0.06725442,0.1648094
3/7/6/6/5/7/5/6/6 3 3,X,-0.6111111111111111111111111111,2,SLEEP,Z,0.0488205,0.1489359
3/7/6/6/5/7/5/6/5 3 3,X,-0.5555555555555555555555555556,4,SLEEP,Z,0.06133425,0.1682853
3/7/6/6/5/7/5/6/3 3 3,X,0.5769230769230769230769230769,2,SLEEP,Z,0.0253623,0.03625055
3/7/6/6/5/7/5/5/6 3 3,X,-0.6111111111111111111111111111,4,SLEEP,Z,0.04431534,0.1895787
3/7/6/6/5/7/5/5/5 3 3,X,-0.5555555555555555555555555556,6,SLEEP,Z,0.03732779,0.1345234
3/7/6/6/5/7/5/5/3 3 3,X,0.5769230769230769230769230769,2,SLEEP,Z,0.01287913,0.035205
3/7/6/6/5/7/5/3/6 3 3,X,-0.6111111111111111111111111111,6,SLEEP,Z,0.07211668,0.2403452
3/7/6/6/5/7/5/3/5 3 3,Z,0.5909090909090909090909090909,8,SLEEP,Z,0.05949594,0.1806017
3/7/6/6/5/7/5/3/3 3 3,Z,0.5909090909090909090909090909,2,SLEEP,Z,0.03244897,0.111352
3/7/6/6/5/7/5/7/4 3 3,X,-0.6111111111111111111111111111,6,SLEEP,Z,0.09422792,0.3491267
3/7/6/6/5/7/5/7/2 3 3,X,-0.5555555555555555555555555556,2,SLEEP,Z,0.01971188,0.08004411
3/7/6/6/5/7/5/7/1 3 3,X,0.5769230769230769230769230769,2,SLEEP,Z,0.02159962,0.08896536
3/7/6/6/5/7/3/2/7 3 3,X,0.5769230769230769230769230769,4,SLEEP,Z,0.055663,0.1482197
3/7/6/6/5/7/3/6/6 3 3,X,-0.75,2,SLEEP,Z,0.01916661,0.08970012
3/7/6/6/5/7/3/6/5 3 3,X,0.5769230769230769230769230769,2,SLEEP,Z,0.02488419,0.0788009
3/7/6/6/5/7/3/6/3 3 3,X,0.6538461538461538461538461538,2,SLEEP,Z,0.06467338,0.1035892
3/7/6/6/5/7/3/5/6 3 3,X,-0.75,4,SLEEP,Z,0.02803599,0.1182247
3/7/6/6/5/7/3/5/5 3 3,X,0.5769230769230769230769230769,2,SLEEP,Z,0.01353271,0.05827051
3/7/6/6/5/7/3/5/3 3 3,X,0.6538461538461538461538461538,2,SLEEP,Z,0.01742058,0.06797361
3/7/6/6/5/7/3/3/6 3 3,X,-0.75,6,SLEEP,Z,0.03510374,0.1391373
3/7/6/6/5/7/3/3/5 3 3,Z,0.5909090909090909090909090909,2,SLEEP,Z,0,0
3/7/6/6/5/7/3/3/3 3 3,X,0.6538461538461538461538461538,6,SLEEP,Z,0.02466655,0.09888191
3/7/6/6/5/7/3/7/4 3 3,X,-0.75,2,SLEEP,Z,0.0160931,0.07156156
3/7/6/6/5/7/3/7/2 3 3,X,0.5769230769230769230769230769,6,SLEEP,Z,0.03697283,0.1222813
3/7/6/6/5/7/3/7/1 3 3,X,0.6538461538461538461538461538,2,SLEEP,Z,0.04888153,0.09236548
3/7/6/6/5/7/7/2/6 3 3,X,-0.6111111111111111111111111111,8,SLEEP,Z,0.0414601,0.168712
3/7/6/6/5/7/7/2/5 3 3,X,-0.5555555555555555555555555556,2,SLEEP,Z,0.02250171,0.08743491
3/7/6/6/5/7/7/2/3 3 3,X,0.5769230769230769230769230769,4,SLEEP,Z,0.1383436,0.3259424
3/7/6/6/5/7/7/6/4 3 3,X,-0.6111111111111111111111111111,4,SLEEP,Z,0.03508897,0.1560719
3/7/6/6/5/7/7/6/2 3 3,X,-0.5555555555555555555555555556,2,SLEEP,Z,0.04010754,0.1211069
3/7/6/6/5/7/7/6/1 3 3,X,0.5769230769230769230769230769,4,SLEEP,Z,0.03337754,0.06773446
3/7/6/6/5/7/7/5/4 3 3,X,-0.6111111111111111111111111111,6,SLEEP,Z,0.05017558,0.210806
3/7/6/6/5/7/7/5/2 3 3,X,-0.5555555555555555555555555556,2,SLEEP,Z,0.02049605,0.08543592
3/7/6/6/5/7/7/5/1 3 3,X,0.5769230769230769230769230769,4,SLEEP,Z,0.03354112,0.1452549
3/7/6/6/5/7/7/3/4 3 3,X,-0.6111111111111111111111111111,8,SLEEP,Z,0.04977368,0.2355733
3/7/6/6/5/7/7/3/2 3 3,Z,0.5909090909090909090909090909,4,SLEEP,Z,0.03178961,0.1381534
3/7/6/6/5/7/7/3/1 3 3,Z,0.5909090909090909090909090909,4,SLEEP,Z,0.1298192,0.4166289
3/7/6/6/3/2/6/7/7 3 3,X,-0.6111111111111111111111111111,4,SLEEP,Z,0.0414996,0.1313839
3/7/6/6/3/2/5/7/7 3 3,X,0.5769230769230769230769230769,2,SLEEP,Z,0.02864596,0.05765648
3/7/6/6/3/2/3/7/7 3 3,X,0.6538461538461538461538461538,6,SLEEP,Z,0.04153426,0.4127234
3/7/6/6/3/2/7/6/7 3 3,X,0.5769230769230769230769230769,4,SLEEP,Z,0.02305599,0.06190148
3/7/6/6/3/2/7/5/7 3 3,X,0.5769230769230769230769230769,6,SLEEP,Z,0.03328004,0.09889399
3/7/6/6/3/2/7/3/7 3 3,Z,0.5909090909090909090909090909,6,SLEEP,Z,0.06398687,0.1688264
3/7/6/6/3/2/7/7/6 3 3,X,-0.6111111111111111111111111111,2,SLEEP,Z,0.04845667,0.1869618
3/7/6/6/3/2/7/7/5 3 3,X,0.5769230769230769230769230769,4,SLEEP,Z,0.03844427,0.1049468
3/7/6/6/3/2/7/7/3 3 3,X,0.6538461538461538461538461538,2,SLEEP,Z,0.0139683,0.04002333
3/7/6/6/3/6/2/7/7 3 3,X,0.5769230769230769230769230769,4,SLEEP,Z,0.1583208,0.26702
3/7/6/6/3/6/6/6/7 3 3,X,-0.6111111111111111111111111111,4,SLEEP,Z,0.03970133,0.1284672
3/7/6/6/3/6/6/5/7 3 3,X,-0.6111111111111111111111111111,2,SLEEP,Z,0.03723925,0.0891711
3/7/6/6/3/6/6/3/7 3 3,Z,0.6428571428571428571428571429,6,SLEEP,Z,0.03285884,0.1290278
3/7/6/6/3/6/6/7/6 3 3,X,-0.7222222222222222222222222222,4,SLEEP,Z,0.05480339,0.2159062
3/7/6/6/3/6/6/7/5 3 3,X,-0.6111111111111111111111111111,4,SLEEP,Z,0.06334389,0.2252164
3/7/6/6/3/6/6/7/3 3 3,X,0.7,2,SLEEP,Z,0.0401952,0.06318603
3/7/6/6/3/6/5/6/7 3 3,X,0.5769230769230769230769230769,4,SLEEP,Z,0.06402718,0.1380683
3/7/6/6/3/6/5/5/7 3 3,X,0.5769230769230769230769230769,4,SLEEP,Z,0.03101283,0.1009567
3/7/6/6/3/6/5/3/7 3 3,Z,0.6428571428571428571428571429,6,SLEEP,Z,0.05290516,0.1536508
3/7/6/6/3/6/5/7/6 3 3,X,-0.6111111111111111111111111111,6,SLEEP,Z,0.05758541,0.1745849
3/7/6/6/3/6/5/7/5 3 3,X,0.5769230769230769230769230769,2,SLEEP,Z,0.04656843,0.08717047
3/7/6/6/3/6/5/7/3 3 3,X,0.6538461538461538461538461538,2,SLEEP,Z,0.01089238,0.0376258
3/7/6/6/3/6/3/6/7 3 3,X,0.6538461538461538461538461538,2,SLEEP,Z,0.01143046,0.04072886
3/7/6/6/3/6/3/5/7 3 3,X,0.6538461538461538461538461538,2,SLEEP,Z,0.02650198,0.08770811
3/7/6/6/3/6/3/3/7 3 3,X,0.6538461538461538461538461538,6,SLEEP,Z,0.05632045,0.1488951
3/7/6/6/3/6/3/7/6 3 3,X,-0.7,2,SLEEP,Z,0.01804551,0.05094011
3/7/6/6/3/6/3/7/5 3 3,X,0.6538461538461538461538461538,2,SLEEP,Z,0.02152053,0.0582592
3/7/6/6/3/6/3/7/3 3 3,X,0.7307692307692307692307692307,6,SLEEP,Z,0.03245015,0.1116823
3/7/6/6/3/6/7/2/7 3 3,X,0.5769230769230769230769230769,2,SLEEP,Z,0.01114235,0.04204618
3/7/6/6/3/6/7/6/6 3 3,X,-0.6111111111111111111111111111,4,SLEEP,Z,0.06037587,0.1369835
3/7/6/6/3/6/7/6/5 3 3,X,0.5769230769230769230769230769,4,SLEEP,Z,0.02565312,0.07398363
3/7/6/6/3/6/7/6/3 3 3,X,0.6538461538461538461538461538,2,SLEEP,Z,0,0
3/7/6/6/3/6/7/5/6 3 3,X,-0.6111111111111111111111111111,4,SLEEP,Z,0.02876204,0.1154092
3/7/6/6/3/6/7/5/5 3 3,X,0.5769230769230769230769230769,2,SLEEP,Z,0.01830832,0.06896619
3/7/6/6/3/6/7/5/3 3 3,X,0.6538461538461538461538461538,6,SLEEP,Z,0.1468658,0.398278
3/7/6/6/3/6/7/3/6 3 3,Z,0.6428571428571428571428571429,6,SLEEP,Z,0.03634643,0.1375848
3/7/6/6/3/6/7/3/5 3 3,Z,0.6428571428571428571428571429,4,SLEEP,Z,0.02316252,0.08678488
3/7/6/6/3/6/7/3/3 3 3,X,0.6538461538461538461538461538,2,SLEEP,Z,0.08759484,0.1807922
3/7/6/6/3/6/7/7/4 3 3,X,-0.6111111111111111111111111111,4,SLEEP,Z,0.0328735,0.1409116
3/7/6/6/3/6/7/7/2 3 3,X,0.5769230769230769230769230769,4,SLEEP,Z,0.05886825,0.1578
3/7/6/6/3/6/7/7/1 3 3,X,0.6538461538461538461538461538,2,SLEEP,Z,0,0
3/7/6/6/3/5/2/7/7 3 3,X,0.5769230769230769230769230769,2,SLEEP,Z,0.02292352,0.07131726
3/7/6/6/3/5/6/6/7 3 3,X,-0.6111111111111111111111111111,4,SLEEP,Z,0.03665627,0.1435823
3/7/6/6/3/5/6/5/7 3 3,X,-0.6111111111111111111111111111,4,SLEEP,Z,0.05045493,0.1875306
3/7/6/6/3/5/6/3/7 3 3,X,-0.6111111111111111111111111111,6,SLEEP,Z,0.09819694,0.2788981
3/7/6/6/3/5/6/7/6 3 3,X,-0.7222222222222222222222222222,10,SLEEP,Z,0.09564382,0.3284157
3/7/6/6/3/5/6/7/5 3 3,X,-0.6111111111111111111111111111,4,SLEEP,Z,0.03635411,0.1312313
3/7/6/6/3/5/6/7/3 3 3,X,0.7,4,SLEEP,Z,0.0928847,0.1955537
3/7/6/6/3/5/5/6/7 3 3,X,0.5769230769230769230769230769,4,SLEEP,Z,0.02691836,0.1031461
3/7/6/6/3/5/5/5/7 3 3,X,0.5769230769230769230769230769,2,SLEEP,Z,0.1010184,0.1797244
3/7/6/6/3/5/5/3/7 3 3,Z,0.5909090909090909090909090909,4,SLEEP,Z,0.0439891,0.1394801
3/7/6/6/3/5/5/7/6 3 3,X,-0.6111111111111111111111111111,4,SLEEP,Z,0.07595598,0.2666681
3/7/6/6/3/5/5/7/5 3 3,X,0.5769230769230769230769230769,6,SLEEP,Z,0.09032389,0.2416358
3/7/6/6/3/5/5/7/3 3 3,X,0.6538461538461538461538461538,4,SLEEP,Z,0.02400357,0.08754566
3/7/6/6/3/5/3/6/7 3 3,X,0.6538461538461538461538461538,2,SLEEP,Z,0.05018193,0.127127
3/7/6/6/3/5/3/5/7 3 3,X,0.6538461538461538461538461538,2,SLEEP,Z,0.02043927,0.06249534
3/7/6/6/3/5/3/3/7 3 3,X,0.6538461538461538461538461538,8,SLEEP,Z,0.07054997,0.1534457
3/7/6/6/3/5/3/7/6 3 3,X,-0.7,2,SLEEP,Z,0.01555318,0.06119858
3/7/6/6/3/5/3/7/5 3 3,X,0.6538461538461538461538461538,4,SLEEP,Z,0.03469664,0.1211143
3/7/6/6/3/5/3/7/3 3 3,X,0.7307692307692307692307692307,4,SLEEP,Z,0.03493375,0.1330512
3/7/6/6/3/5/7/2/7 3 3,X,0.5769230769230769230769230769,6,SLEEP,Z,0.0436733,0.1655038
3/7/6/6/3/5/7/6/6 3 3,X,-0.6111111111111111111111111111,2,SLEEP,Z,0.01294096,0.05895144
3/7/6/6/3/5/7/6/5 3 3,X,0.5769230769230769230769230769,2,SLEEP,Z,0.02567259,0.09483203
3/7/6/6/3/5/7/6/3 3 3,X,0.6538461538461538461538461538,2,SLEEP,Z,0.048429,0.1093154
3/7/6/6/3/5/7/5/6 3 3,X,-0.6111111111111111111111111111,6,SLEEP,Z,0.1003164,0.4484698
3/7/6/6/3/5/7/5/5 3 3,X,0.5769230769230769230769230769,4,SLEEP,Z,0.03310942,0.1079237
3/7/6/6/3/5/7/5/3 3 3,X,0.6538461538461538461538461538,2,SLEEP,Z,0.02415033,0.06622732
3/7/6/6/3/5/7/3/6 3 3,X,-0.6111111111111111111111111111,8,SLEEP,Z,0.0512606,0.1787901
3/7/6/6/3/5/7/3/5 3 3,Z,0.5909090909090909090909090909,6,SLEEP,Z,0.03938758,0.1400984
3/7/6/6/3/5/7/3/3 3 3,X,0.6538461538461538461538461538,6,SLEEP,Z,0.09514097,0.2239542
3/7/6/6/3/5/7/7/4 3 3,X,-0.6111111111111111111111111111,4,SLEEP,Z,0.01943951,0.0729333
3/7/6/6/3/5/7/7/2 3 3,X,0.5769230769230769230769230769,4,SLEEP,Z,0.02984243,0.1153971
3/7/6/6/3/5/7/7/1 3 3,X,0.6538461538461538461538461538,4,SLEEP,Z,0.0618774,0.1387802
3/7/6/6/3/3/2/7/7 3 3,Z,0.5909090909090909090909090909,6,SLEEP,Z,0.03853528,0.1226074
3/7/6/6/3/3/6/6/7 3 3,Z,-0.6428571428571428571428571429,4,SLEEP,Z,0.0328132,0.1146042
3/7/6/6/3/3/6/5/7 3 3,X,-0.6111111111111111111111111111,2,SLEEP,Z,0.02440828,0.08938124
3/7/6/6/3/3/6/3/7 3 3,Z,0.6818181818181818181818181819,6,SLEEP,Z,0.04988003,0.1956588
3/7/6/6/3/3/6/7/6 3 3,X,-0.7222222222222222222222222222,8,SLEEP,Z,0.1075602,0.4062678
3/7/6/6/3/3/6/7/5 3 3,X,-0.6111111111111111111111111111,6,SLEEP,Z,0.0316138,0.1268064
3/7/6/6/3/3/6/7/3 3 3,X,0.7,4,SLEEP,Z,0.06064524,0.06279622
3/7/6/6/3/3/5/6/7 3 3,Z,-0.6428571428571428571428571429,6,SLEEP,Z,0.03980739,0.1238616
3/7/6/6/3/3/5/5/7 3 3,Z,0.5909090909090909090909090909,6,SLEEP,Z,0.0252674,0.1091897
3/7/6/6/3/3/5/3/7 3 3,Z,0.6818181818181818181818181819,8,SLEEP,Z,0.07641957,0.2369691
3/7/6/6/3/3/5/7/6 3 3,X,-0.6111111111111111111111111111,4,SLEEP,Z,0.04592939,0.1736626
3/7/6/6/3/3/5/7/5 3 3,Z,0.5909090909090909090909090909,2,SLEEP,Z,0.02745864,0.08373982
3/7/6/6/3/3/5/7/3 3 3,X,0.6538461538461538461538461538,4,SLEEP,Z,0.03853859,0.1358114
3/7/6/6/3/3/3/6/7 3 3,X,0.6538461538461538461538461538,4,SLEEP,Z,0.03547692,0.1200879
3/7/6/6/3/3/3/5/7 3 3,X,0.6538461538461538461538461538,4,SLEEP,Z,0.05495603,0.1388109
3/7/6/6/3/3/3/3/7 3 3,Z,0.6818181818181818181818181819,6,SLEEP,Z,0.03554968,0.1204315
3/7/6/6/3/3/3/7/6 3 3,X,-0.7,4,SLEEP,Z,0.03416836,0.09945112
3/7/6/6/3/3/3/7/5 3 3,X,0.6538461538461538461538461538,6,SLEEP,Z,0.02530019,0.06862569
3/7/6/6/3/3/3/7/3 3 3,X,0.7307692307692307692307692307,6,SLEEP,Z,0.05706537,0.1980063
3/7/6/6/3/3/7/2/7 3 3,Z,0.5909090909090909090909090909,6,SLEEP,Z,0.04946731,0.1570293
3/7/6/6/3/3/7/6/6 3 3,Z,-0.6428571428571428571428571429,4,SLEEP,Z,0.03229346,0.1197671
3/7/6/6/3/3/7/6/5 3 3,Z,-0.6428571428571428571428571429,2,SLEEP,Z,0,0
3/7/6/6/3/3/7/6/3 3 3,X,0.6538461538461538461538461538,2,SLEEP,Z,0,0
3/7/6/6/3/3/7/5/6 3 3,X,-0.6111111111111111111111111111,8,SLEEP,Z,0.05732887,0.2140647
3/7/6/6/3/3/7/5/5 3 3,Z,0.5909090909090909090909090909,2,SLEEP,Z,0.01718127,0.05899838
3/7/6/6/3/3/7/5/3 3 3,X,0.6538461538461538461538461538,8,SLEEP,Z,0.08031083,0.2338395
3/7/6/6/3/3/7/3/6 3 3,Z,0.6818181818181818181818181819,8,SLEEP,Z,0.05896687,0.223042
3/7/6/6/3/3/7/3/5 3 3,Z,0.6818181818181818181818181819,6,SLEEP,Z,0.06867287,0.2378343
3/7/6/6/3/3/7/3/3 3 3,Z,0.6818181818181818181818181819,6,SLEEP,Z,0.07250082,0.2505205
3/7/6/6/3/3/7/7/4 3 3,X,-0.6111111111111111111111111111,2,SLEEP,Z,0,0
3/7/6/6/3/3/7/7/2 3 3,Z,0.5909090909090909090909090909,2,SLEEP,Z,0.0328775,0.08141682
3/7/6/6/3/3/7/7/1 3 3,X,0.6538461538461538461538461538,4,SLEEP,Z,0.02715625,0.08513056
3/7/6/6/3/7/2/6/7 3 3,X,0.5769230769230769230769230769,2,SLEEP,Z,0.06837486,0.1747985
3/7/6/6/3/7/2/5/7 3 3,X,0.5769230769230769230769230769,4,SLEEP,Z,0.07805839,0.2122104
3/7/6/6/3/7/2/3/7 3 3,Z,0.5909090909090909090909090909,4,SLEEP,Z,0.03972033,0.1400886
3/7/6/6/3/7/2/7/6 3 3,X,-0.6111111111111111111111111111,6,SLEEP,Z,0.05000569,0.1675863
3/7/6/6/3/7/2/7/5 3 3,X,0.5769230769230769230769230769,2,SLEEP,Z,0.02984658,0.04943687
3/7/6/6/3/7/2/7/3 3 3,X,0.6538461538461538461538461538,2,SLEEP,Z,0.02333477,0.02682577
3/7/6/6/3/7/6/2/7 3 3,X,-0.6111111111111111111111111111,4,SLEEP,Z,0.04887836,0.1226703
3/7/6/6/3/7/6/6/6 3 3,X,-0.7222222222222222222222222222,6,SLEEP,Z,0.05933554,0.2258829
3/7/6/6/3/7/6/6/5 3 3,X,-0.6111111111111111111111111111,2,SLEEP,Z,0.03043913,0.1236508
3/7/6/6/3/7/6/6/3 3 3,X,0.75,2,SLEEP,Z,0.01150292,0.04446818
3/7/6/6/3/7/6/5/6 3 3,X,-0.7222222222222222222222222222,8,SLEEP,Z,0.08333546,0.306062
3/7/6/6/3/7/6/5/5 3 3,X,-0.6111111111111111111111111111,2,SLEEP,Z,0.03455145,0.1144172
3/7/6/6/3/7/6/5/3 3 3,X,0.75,4,SLEEP,Z,0.1566057,0.4041641
3/7/6/6/3/7/6/3/6 3 3,X,-0.7222222222222222222222222222,10,SLEEP,Z,0.124408,0.4063911
3/7/6/6/3/7/6/3/5 3 3,X,-0.6111111111111111111111111111,6,SLEEP,Z,0.03957076,0.1401006
3/7/6/6/3/7/6/3/3 3 3,X,0.75,4,SLEEP,Z,0.03606385,0.1258948
3/7/6/6/3/7/6/7/4 3 3,X,-0.7222222222222222222222222222,6,SLEEP,Z,0.03750013,0.1616555
3/7/6/6/3/7/6/7/2 3 3,X,-0.6111111111111111111111111111,4,SLEEP,Z,0.04518832,0.1270977
3/7/6/6/3/7/6/7/1 3 3,X,0.75,2,SLEEP,Z,0,0
3/7/6/6/3/7/5/2/7 3 3,X,0.5769230769230769230769230769,2,SLEEP,Z,0.04799981,0.1351788
3/7/6/6/3/7/5/6/6 3 3,X,-0.6111111111111111111111111111,4,SLEEP,Z,0.03831136,0.1282769
3/7/6/6/3/7/5/6/5 3 3,X,0.5769230769230769230769230769,2,SLEEP,Z,0.01253758,0.0501785
3/7/6/6/3/7/5/6/3 3 3,X,0.6538461538461538461538461538,2,SLEEP,Z,0.02425425,0.03022807
3/7/6/6/3/7/5/5/6 3 3,X,-0.6111111111111111111111111111,4,SLEEP,Z,0.03085246,0.117881
3/7/6/6/3/7/5/5/5 3 3,X,0.5769230769230769230769230769,4,SLEEP,Z,0.02001381,0.0760211
3/7/6/6/3/7/5/5/3 3 3,X,0.6538461538461538461538461538,2,SLEEP,Z,0,0
3/7/6/6/3/7/5/3/6 3 3,X,-0.6111111111111111111111111111,8,SLEEP,Z,0.05002447,0.1568433
3/7/6/6/3/7/5/3/5 3 3,Z,0.5909090909090909090909090909,6,SLEEP,Z,0.04332992,0.1477579
3/7/6/6/3/7/5/3/3 3 3,X,0.6538461538461538461538461538,4,SLEEP,Z,0.03036485,0.1129986
3/7/6/6/3/7/5/7/4 3 3,X,-0.6111111111111111111111111111,4,SLEEP,Z,0.03229142,0.1082942
3/7/6/6/3/7/5/7/2 3 3,X,0.5769230769230769230769230769,2,SLEEP,Z,0.01396241,0.05626054
3/7/6/6/3/7/5/7/1 3 3,X,0.6538461538461538461538461538,4,SLEEP,Z,0.07844121,0.1944566
3/7/6/6/3/7/3/2/7 3 3,X,0.6538461538461538461538461538,4,SLEEP,Z,0.02315648,0.08133014
3/7/6/6/3/7/3/6/6 3 3,X,-0.75,4,SLEEP,Z,0.03254977,0.1223151
3/7/6/6/3/7/3/6/5 3 3,X,0.6538461538461538461538461538,2,SLEEP,Z,0,0
3/7/6/6/3/7/3/6/3 3 3,X,0.7307692307692307692307692307,2,SLEEP,Z,0.03083688,0.1089642
3/7/6/6/3/7/3/5/6 3 3,X,-0.75,4,SLEEP,Z,0.04516099,0.1510051
3/7/6/6/3/7/3/5/5 3 3,X,0.6538461538461538461538461538,2,SLEEP,Z,0.02042896,0.06807581
3/7/6/6/3/7/3/5/3 3 3,X,0.7307692307692307692307692307,6,SLEEP,Z,0.03033997,0.1133649
3/7/6/6/3/7/3/3/6 3 3,X,-0.75,4,SLEEP,Z,0.03122837,0.110717
3/7/6/6/3/7/3/3/5 3 3,X,0.6538461538461538461538461538,6,SLEEP,Z,0.05297735,0.1621538
3/7/6/6/3/7/3/3/3 3 3,X,0.7307692307692307692307692307,6,SLEEP,Z,0.1439634,0.3978094
3/7/6/6/3/7/3/7/4 3 3,X,-0.75,2,SLEEP,Z,0.05647324,0.1962136
3/7/6/6/3/7/3/7/2 3 3,X,0.6538461538461538461538461538,4,SLEEP,Z,0.1298497,0.3862996
3/7/6/6/3/7/3/7/1 3 3,X,0.7307692307692307692307692307,2,SLEEP,Z,0.05607913,0.1343516
3/7/6/6/3/7/7/2/6 3 3,X,-0.6111111111111111111111111111,4,SLEEP,Z,0.02367665,0.09894162
3/7/6/6/3/7/7/2/5 3 3,X,0.5769230769230769230769230769,6,SLEEP,Z,0.02433612,0.07560594
3/7/6/6/3/7/7/2/3 3 3,X,0.6538461538461538461538461538,2,SLEEP,Z,0.0200368,0.06620301
3/7/6/6/3/7/7/6/4 3 3,X,-0.6111111111111111111111111111,6,SLEEP,Z,0.05644725,0.1989253
3/7/6/6/3/7/7/6/2 3 3,X,0.5769230769230769230769230769,2,SLEEP,Z,0.02581128,0.08100706
3/7/6/6/3/7/7/6/1 3 3,X,0.6538461538461538461538461538,2,SLEEP,Z,0.01495236,0.0532621
3/7/6/6/3/7/7/5/4 3 3,X,-0.6111111111111111111111111111,6,SLEEP,Z,0.07445379,0.2671669
3/7/6/6/3/7/7/5/2 3 3,X,0.5769230769230769230769230769,2,SLEEP,Z,0.00801519,0.03206382
3/7/6/6/3/7/7/5/1 3 3,X,0.6538461538461538461538461538,4,SLEEP,Z,0.0201143,0.07245336
3/7/6/6/3/7/7/3/4 3 3,X,-0.6111111111111111111111111111,6,SLEEP,Z,0.06414195,0.25489
3/7/6/6/3/7/7/3/2 3 3,Z,0.5909090909090909090909090909,2,SLEEP,Z,0.0651885,0.114408
3/7/6/6/3/7/7/3/1 3 3,X,0.6538461538461538461538461538,6,SLEEP,Z,0.06245073,0.2322181
3/7/6/6/7/2/2/7/7 3 3,X,-0.5555555555555555555555555556,4,SLEEP,Z,0.02710552,0.08742743
3/7/6/6/7/2/6/6/7 3 3,X,-0.6111111111111111111111111111,4,SLEEP,Z,0.03576856,0.1566621
3/7/6/6/7/2/6/5/7 3 3,X,-0.6111111111111111111111111111,2,SLEEP,Z,0.03550961,0.1229656
3/7/6/6/7/2/6/3/7 3 3,X,-0.6111111111111111111111111111,6,SLEEP,Z,0.08622322,0.223789
3/7/6/6/7/2/6/7/6 3 3,X,-0.6666666666666666666666666667,8,SLEEP,Z,0.07419978,0.3073473
3/7/6/6/7/2/6/7/5 3 3,X,-0.6111111111111111111111111111,6,SLEEP,Z,0.1271732,0.3182036
3/7/6/6/7/2/6/7/3 3 3,X,0.7,6,SLEEP,Z,0.05544169,0.1154794
3/7/6/6/7/2/5/6/7 3 3,X,-0.5555555555555555555555555556,2,SLEEP,Z,0.02782933,0.06503312
3/7/6/6/7/2/5/5/7 3 3,X,-0.5555555555555555555555555556,6,SLEEP,Z,0.07083365,0.1763818
3/7/6/6/7/2/5/3/7 3 3,Z,0.5909090909090909090909090909,4,SLEEP,Z,0.05643135,0.1840512
3/7/6/6/7/2/5/7/6 3 3,X,-0.6111111111111111111111111111,4,SLEEP,Z,0.05154122,0.1867423
3/7/6/6/7/2/5/7/5 3 3,X,-0.5555555555555555555555555556,2,SLEEP,Z,0.0228289,0.05379943
3/7/6/6/7/2/5/7/3 3 3,X,0.5769230769230769230769230769,2,SLEEP,Z,0,0
3/7/6/6/7/2/3/6/7 3 3,X,0.5769230769230769230769230769,2,SLEEP,Z,0.02807083,0.04390514
3/7/6/6/7/2/3/5/7 3 3,X,0.5769230769230769230769230769,6,SLEEP,Z,0.05559529,0.1781007
3/7/6/6/7/2/3/3/7 3 3,Z,0.5909090909090909090909090909,6,SLEEP,Z,0.05102872,0.1634839
3/7/6/6/7/2/3/7/6 3 3,X,-0.7,2,SLEEP,Z,0.02087617,0.07403627
3/7/6/6/7/2/3/7/5 3 3,X,0.5769230769230769230769230769,2,SLEEP,Z,0.07477666,0.2040572
3/7/6/6/7/2/3/7/3 3 3,X,0.6538461538461538461538461538,2,SLEEP,Z,0.07294992,0.4000072
3/7/6/6/7/2/7/2/7 3 3,X,-0.5555555555555555555555555556,2,SLEEP,Z,0.01551688,0.06236966
3/7/6/6/7/2/7/6/6 3 3,X,-0.6111111111111111111111111111,6,SLEEP,Z,0.06229183,0.2506378
3/7/6/6/7/2/7/6/5 3 3,X,-0.5555555555555555555555555556,2,SLEEP,Z,0.05330502,0.1543565
3/7/6/6/7/2/7/6/3 3 3,X,0.5769230769230769230769230769,4,SLEEP,Z,0.08954803,0.3743489
3/7/6/6/7/2/7/5/6 3 3,X,-0.6111111111111111111111111111,6,SLEEP,Z,0.04518866,0.2093046
3/7/6/6/7/2/7/5/5 3 3,X,-0.5555555555555555555555555556,6,SLEEP,Z,0.03833384,0.1199747
3/7/6/6/7/2/7/5/3 3 3,X,0.5769230769230769230769230769,4,SLEEP,Z,0.06486323,0.1497244
3/7/6/6/7/2/7/3/6 3 3,X,-0.6111111111111111111111111111,8,SLEEP,Z,0.04148285,0.1701086
3/7/6/6/7/2/7/3/5 3 3,Z,0.5909090909090909090909090909,6,SLEEP,Z,0.1318888,0.2109437
3/7/6/6/7/2/7/3/3 3 3,Z,0.5909090909090909090909090909,2,SLEEP,Z,0.02416828,0.07173504
3/7/6/6/7/2/7/7/4 3 3,X,-0.6111111111111111111111111111,6,SLEEP,Z,0.05363731,0.2279985
3/7/6/6/7/2/7/7/2 3 3,X,-0.5555555555555555555555555556,2,SLEEP,Z,0.02001532,0.08772667
3/7/6/6/7/2/7/7/1 3 3,X,0.5769230769230769230769230769,2,SLEEP,Z,0.09027589,0.3967235
3/7/6/6/7/6/2/6/7 3 3,X,-0.5555555555555555555555555556,2,SLEEP,Z,0.01811949,0.07570798
3/7/6/6/7/6/2/5/7 3 3,X,-0.5555555555555555555555555556,4,SLEEP,Z,0.05990018,0.1507997
3/7/6/6/7/6/2/3/7 3 3,Z,0.6666666666666666666666666667,2,SLEEP,Z,0.02220865,0.06831702
3/7/6/6/7/6/2/7/6 3 3,X,-0.6111111111111111111111111111,6,SLEEP,Z,0.07848906,0.2815872
3/7/6/6/7/6/2/7/5 3 3,X,-0.5555555555555555555555555556,2,SLEEP,Z,0,0
3/7/6/6/7/6/2/7/3 3 3,X,0.5769230769230769230769230769,2,SLEEP,Z,0.009551883,0.03005122
3/7/6/6/7/6/6/2/7 3 3,X,-0.6111111111111111111111111111,6,SLEEP,Z,0.1999972,0.3272981
3/7/6/6/7/6/6/6/6 3 3,X,-0.6666666666666666666666666667,10,SLEEP,Z,0.08542676,0.345284
3/7/6/6/7/6/6/6/5 3 3,X,-0.6111111111111111111111111111,4,SLEEP,Z,0.05795076,0.200917
3/7/6/6/7/6/6/6/3 3 3,X,0.75,2,SLEEP,Z,0.05692532,0.1314793
3/7/6/6/7/6/6/5/6 3 3,X,-0.6666666666666666666666666667,8,SLEEP,Z,0.06035475,0.2831444
3/7/6/6/7/6/6/5/5 3 3,X,-0.6111111111111111111111111111,4,SLEEP,Z,0.03182045,0.1343905
3/7/6/6/7/6/6/5/3 3 3,X,0.75,2,SLEEP,Z,0.1442601,0.1567151
3/7/6/6/7/6/6/3/6 3 3,X,-0.6666666666666666666666666667,12,SLEEP,Z,0.1312812,0.378386
3/7/6/6/7/6/6/3/5 3 3,Z,0.6666666666666666666666666667,4,SLEEP,Z,0.06539131,0.1763151
3/7/6/6/7/6/6/3/3 3 3,X,0.75,8,SLEEP,Z,0.07731891,0.2226704
3/7/6/6/7/6/6/7/4 3 3,X,-0.6666666666666666666666666667,6,SLEEP,Z,0.05483902,0.2512089
3/7/6/6/7/6/6/7/2 3 3,X,-0.6111111111111111111111111111,6,SLEEP,Z,0.09134244,0.2440944
3/7/6/6/7/6/6/7/1 3 3,X,0.75,4,SLEEP,Z,0.02573834,0.1070419
3/7/6/6/7/6/5/2/7 3 3,X,-0.5555555555555555555555555556,2,SLEEP,Z,0.01840311,0.0707977
3/7/6/6/7/6/5/6/6 3 3,X,-0.6111111111111111111111111111,6,SLEEP,Z,0.1059787,0.2779203
3/7/6/6/7/6/5/6/5 3 3,X,-0.5555555555555555555555555556,2,SLEEP,Z,0.047701,0.1412199
3/7/6/6/7/6/5/6/3 3 3,X,0.5769230769230769230769230769,4,SLEEP,Z,0.1552561,0.3731786
3/7/6/6/7/6/5/5/6 3 3,X,-0.6111111111111111111111111111,8,SLEEP,Z,0.1120791,0.3824462
3/7/6/6/7/6/5/5/5 3 3,X,-0.5555555555555555555555555556,4,SLEEP,Z,0.04619599,0.1711911
3/7/6/6/7/6/5/5/3 3 3,X,0.5769230769230769230769230769,4,SLEEP,Z,0.04246887,0.09353717
3/7/6/6/7/6/5/3/6 3 3,Z,0.6666666666666666666666666667,6,SLEEP,Z,0.06276433,0.1946202
3/7/6/6/7/6/5/3/5 3 3,Z,0.6666666666666666666666666667,4,SLEEP,Z,0.02280885,0.07533032
3/7/6/6/7/6/5/3/3 3 3,Z,0.6666666666666666666666666667,2,SLEEP,Z,0.02465002,0.07961499
3/7/6/6/7/6/5/7/4 3 3,X,-0.6111111111111111111111111111,6,SLEEP,Z,0.1449505,0.3618394
3/7/6/6/7/6/5/7/2 3 3,X,-0.5555555555555555555555555556,2,SLEEP,Z,0.0344842,0.09949931
3/7/6/6/7/6/5/7/1 3 3,X,0.5769230769230769230769230769,2,SLEEP,Z,0,0
3/7/6/6/7/6/3/2/7 3 3,X,0.5769230769230769230769230769,2,SLEEP,Z,0.01025108,0.0342538
3/7/6/6/7/6/3/6/6 3 3,X,-0.75,2,SLEEP,Z,0.02991989,0.08398668
3/7/6/6/7/6/3/6/5 3 3,X,0.5769230769230769230769230769,2,SLEEP,Z,0.03964291,0.07505276
3/7/6/6/7/6/3/6/3 3 3,X,0.6538461538461538461538461538,6,SLEEP,Z,0.08768167,0.1889345
3/7/6/6/7/6/3/5/6 3 3,X,-0.75,2,SLEEP,Z,0.01380197,0.05689579
3/7/6/6/7/6/3/5/5 3 3,X,0.5769230769230769230769230769,2,SLEEP,Z,0.0431298,0.05078649
3/7/6/6/7/6/3/5/3 3 3,X,0.6538461538461538461538461538,2,SLEEP,Z,0,0
3/7/6/6/7/6/3/3/6 3 3,X,-0.75,6,SLEEP,Z,0.07473782,0.2095995
3/7/6/6/7/6/3/3/5 3 3,Z,0.6666666666666666666666666667,2,SLEEP,Z,0.0366567,0.07666802
3/7/6/6/7/6/3/3/3 3 3,Z,0.6666666666666666666666666667,4,SLEEP,Z,0.05585907,0.08861213
3/7/6/6/7/6/3/7/4 3 3,X,-0.75,4,SLEEP,Z,0.02978933,0.1138746
3/7/6/6/7/6/3/7/2 3 3,X,0.5769230769230769230769230769,2,SLEEP,Z,0.02760884,0.0798149
3/7/6/6/7/6/3/7/1 3 3,X,0.6538461538461538461538461538,4,SLEEP,Z,0.06647264,0.1771132
3/7/6/6/7/6/7/2/6 3 3,X,-0.6111111111111111111111111111,6,SLEEP,Z,0.0414502,0.1903226
3/7/6/6/7/6/7/2/5 3 3,X,-0.5555555555555555555555555556,4,SLEEP,Z,0.02869165,0.1240446
3/7/6/6/7/6/7/2/3 3 3,X,0.5769230769230769230769230769,2,SLEEP,Z,0.01374841,0.0485546
3/7/6/6/7/6/7/6/4 3 3,X,-0.6111111111111111111111111111,4,SLEEP,Z,0.02907812,0.1374022
3/7/6/6/7/6/7/6/2 3 3,X,-0.5555555555555555555555555556,2,SLEEP,Z,0.02307175,0.09254742
3/7/6/6/7/6/7/6/1 3 3,X,0.5769230769230769230769230769,4,SLEEP,Z,0.09323031,0.2234437
3/7/6/6/7/6/7/5/4 3 3,X,-0.6111111111111111111111111111,4,SLEEP,Z,0.04889399,0.2257318
3/7/6/6/7/6/7/5/2 3 3,X,-0.5555555555555555555555555556,2,SLEEP,Z,0.02346111,0.09217293
3/7/6/6/7/6/7/5/1 3 3,X,0.5769230769230769230769230769,4,SLEEP,Z,0.03570741,0.1020174
3/7/6/6/7/6/7/3/4 3 3,Z,0.6666666666666666666666666666,4,SLEEP,Z,0.04151978,0.1786354
3/7/6/6/7/6/7/3/2 3 3,Z,0.6666666666666666666666666666,6,SLEEP,Z,0.08978188,0.2516907
3/7/6/6/7/6/7/3/1 3 3,Z,0.6666666666666666666666666666,4,SLEEP,Z,0.02235996,0.08381243
3/7/6/6/7/5/2/6/7 3 3,X,-0.5555555555555555555555555556,4,SLEEP,Z,0.02543374,0.1133015
3/7/6/6/7/5/2/5/7 3 3,X,-0.5555555555555555555555555556,4,SLEEP,Z,0.0462541,0.1583544
3/7/6/6/7/5/2/3/7 3 3,Z,0.5909090909090909090909090909,2,SLEEP,Z,0.02841912,0.09244049
3/7/6/6/7/5/2/7/6 3 3,X,-0.6111111111111111111111111111,8,SLEEP,Z,0.1019504,0.4270124
3/7/6/6/7/5/2/7/5 3 3,X,-0.5555555555555555555555555556,4,SLEEP,Z,0.02979259,0.1181471
3/7/6/6/7/5/2/7/3 3 3,X,0.5769230769230769230769230769,2,SLEEP,Z,0.03784434,0.1008987
3/7/6/6/7/5/6/2/7 3 3,X,-0.6111111111111111111111111111,6,SLEEP,Z,0.1329724,0.3461081
3/7/6/6/7/5/6/6/6 3 3,X,-0.6666666666666666666666666667,6,SLEEP,Z,0.05588291,0.2514101
3/7/6/6/7/5/6/6/5 3 3,X,-0.6111111111111111111111111111,6,SLEEP,Z,0.06316717,0.1799966
3/7/6/6/7/5/6/6/3 3 3,X,0.75,2,SLEEP,Z,0.0274494,0.09609178
3/7/6/6/7/5/6/5/6 3 3,X,-0.6666666666666666666666666667,8,SLEEP,Z,0.05285122,0.2373722
3/7/6/6/7/5/6/5/5 3 3,X,-0.6111111111111111111111111111,2,SLEEP,Z,0.0617133,0.2049257
3/7/6/6/7/5/6/5/3 3 3,X,0.75,4,SLEEP,Z,0.1009178,0.1594967
3/7/6/6/7/5/6/3/6 3 3,X,-0.6666666666666666666666666667,8,SLEEP,Z,0.06099676,0.2482002
3/7/6/6/7/5/6/3/5 3 3,X,-0.6111111111111111111111111111,4,SLEEP,Z,0.03911494,0.1432201
3/7/6/6/7/5/6/3/3 3 3,X,0.75,6,SLEEP,Z,0.06952938,0.1662798
3/7/6/6/7/5/6/7/4 3 3,X,-0.6666666666666666666666666667,10,SLEEP,Z,0.05989866,0.2940404
3/7/6/6/7/5/6/7/2 3 3,X,-0.6111111111111111111111111111,4,SLEEP,Z,0.04016225,0.1528715
3/7/6/6/7/5/6/7/1 3 3,X,0.75,2,SLEEP,Z,0.01303069,0.02572131
3/7/6/6/7/5/5/2/7 3 3,X,-0.5555555555555555555555555556,2,SLEEP,Z,0.008391889,0.03584967
3/7/6/6/7/5/5/6/6 3 3,X,-0.6111111111111111111111111111,8,SLEEP,Z,0.04569081,0.2098789
3/7/6/6/7/5/5/6/5 3 3,X,-0.5555555555555555555555555556,4,SLEEP,Z,0.02547973,0.110687
3/7/6/6/7/5/5/6/3 3 3,X,0.5769230769230769230769230769,2,SLEEP,Z,0.005835769,0.0223161
3/7/6/6/7/5/5/5/6 3 3,X,-0.6111111111111111111111111111,6,SLEEP,Z,0.04230298,0.1894306
3/7/6/6/7/5/5/5/5 3 3,X,-0.5555555555555555555555555556,6,SLEEP,Z,0.03854186,0.1696594
3/7/6/6/7/5/5/5/3 3 3,X,0.5769230769230769230769230769,2,SLEEP,Z,0.01202809,0.04547495
3/7/6/6/7/5/5/3/6 3 3,X,-0.6111111111111111111111111111,8,SLEEP,Z,0.05907352,0.2442512
3/7/6/6/7/5/5/3/5 3 3,Z,0.5909090909090909090909090909,4,SLEEP,Z,0.02640424,0.09277304
3/7/6/6/7/5/5/3/3 3 3,Z,0.5909090909090909090909090909,4,SLEEP,Z,0.05437545,0.1221393
3/7/6/6/7/5/5/7/4 3 3,X,-0.6111111111111111111111111111,2,SLEEP,Z,0.02646123,0.1065165
3/7/6/6/7/5/5/7/2 3 3,X,-0.5555555555555555555555555556,4,SLEEP,Z,0.02051491,0.07508886
3/7/6/6/7/5/5/7/1 3 3,X,0.5769230769230769230769230769,2,SLEEP,Z,0.04655353,0.07137055
3/7/6/6/7/5/3/2/7 3 3,X,0.5769230769230769230769230769,2,SLEEP,Z,0,0
3/7/6/6/7/5/3/6/6 3 3,X,-0.75,4,SLEEP,Z,0.02210282,0.09191196
3/7/6/6/7/5/3/6/5 3 3,X,0.5769230769230769230769230769,4,SLEEP,Z,0.01070429,0.03668818
3/7/6/6/7/5/3/6/3 3 3,X,0.6538461538461538461538461538,2,SLEEP,Z,0.00753499,0.04708182
3/7/6/6/7/5/3/5/6 3 3,X,-0.75,2,SLEEP,Z,0.0177602,0.07502226
3/7/6/6/7/5/3/5/5 3 3,X,0.5769230769230769230769230769,2,SLEEP,Z,0.07229611,0.3803722
3/7/6/6/7/5/3/5/3 3 3,X,0.6538461538461538461538461538,2,SLEEP,Z,0.03162627,0.06556741
3/7/6/6/7/5/3/3/6 3 3,X,-0.75,6,SLEEP,Z,0.04133994,0.1663461
3/7/6/6/7/5/3/3/5 3 3,Z,0.5909090909090909090909090909,2,SLEEP,Z,0.02205597,0.08153901
3/7/6/6/7/5/3/3/3 3 3,X,0.6538461538461538461538461538,2,SLEEP,Z,0.03422099,0.1212392
3/7/6/6/7/5/3/7/4 3 3,X,-0.75,4,SLEEP,Z,0.05546405,0.1831788
3/7/6/6/7/5/3/7/2 3 3,X,0.5769230769230769230769230769,2,SLEEP,Z,0.008339983,0.02936429
3/7/6/6/7/5/3/7/1 3 3,X,0.6538461538461538461538461538,2,SLEEP,Z,0.0997779,0.382397
3/7/6/6/7/5/7/2/6 3 3,X,-0.6111111111111111111111111111,4,SLEEP,Z,0.02050348,0.07163735
3/7/6/6/7/5/7/2/5 3 3,X,-0.5555555555555555555555555556,4,SLEEP,Z,0.04763937,0.1070498
3/7/6/6/7/5/7/2/3 3 3,X,0.5769230769230769230769230769,2,SLEEP,Z,0.01271161,0.03376437
3/7/6/6/7/5/7/6/4 3 3,X,-0.6111111111111111111111111111,2,SLEEP,Z,0.03569536,0.1526566
3/7/6/6/7/5/7/6/2 3 3,X,-0.5555555555555555555555555556,2,SLEEP,Z,0.07091641,0.1745154
3/7/6/6/7/5/7/6/1 3 3,X,0.5769230769230769230769230769,2,SLEEP,Z,0.0187816,0.05918209
3/7/6/6/7/5/7/5/4 3 3,X,-0.6111111111111111111111111111,4,SLEEP,Z,0.03275307,0.1517137
3/7/6/6/7/5/7/5/2 3 3,X,-0.5555555555555555555555555556,6,SLEEP,Z,0.08445426,0.2044384
3/7/6/6/7/5/7/5/1 3 3,X,0.5769230769230769230769230769,4,SLEEP,Z,0.0227547,0.09538415
3/7/6/6/7/5/7/3/4 3 3,X,-0.6111111111111111111111111111,4,SLEEP,Z,0.04707583,0.2117871
3/7/6/6/7/5/7/3/2 3 3,Z,0.5909090909090909090909090909,4,SLEEP,Z,0.02406351,0.09593301
3/7/6/6/7/5/7/3/1 3 3,Z,0.5909090909090909090909090909,4,SLEEP,Z,0.03232194,0.1134687
3/7/6/6/7/3/2/6/7 3 3,Z,-0.6666666666666666666666666667,2,SLEEP,Z,0.04046,0.09655554
3/7/6/6/7/3/2/5/7 3 3,Z,0.5909090909090909090909090909,6,SLEEP,Z,0.06281268,0.1897479
3/7/6/6/7/3/2/3/7 3 3,Z,0.6818181818181818181818181818,4,SLEEP,Z,0.04323083,0.1423405
3/7/6/6/7/3/2/7/6 3 3,X,-0.6111111111111111111111111111,4,SLEEP,Z,0.04704665,0.1874385
3/7/6/6/7/3/2/7/5 3 3,Z,0.5909090909090909090909090909,6,SLEEP,Z,0.03988891,0.1457071
3/7/6/6/7/3/2/7/3 3 3,Z,0.5909090909090909090909090909,2,SLEEP,Z,0,0
3/7/6/6/7/3/6/2/7 3 3,X,-0.6111111111111111111111111111,6,SLEEP,Z,0.04438729,0.1800031
3/7/6/6/7/3/6/6/6 3 3,X,-0.6666666666666666666666666667,10,SLEEP,Z,0.08422074,0.3463591
3/7/6/6/7/3/6/6/5 3 3,Z,-0.6666666666666666666666666667,4,SLEEP,Z,0.06882304,0.2153164
3/7/6/6/7/3/6/6/3 3 3,X,0.75,2,SLEEP,Z,0.02514951,0.05838976
3/7/6/6/7/3/6/5/6 3 3,X,-0.6666666666666666666666666667,6,SLEEP,Z,0.05391359,0.2695943
3/7/6/6/7/3/6/5/5 3 3,X,-0.6111111111111111111111111111,6,SLEEP,Z,0.03507062,0.1418702
3/7/6/6/7/3/6/5/3 3 3,X,0.75,6,SLEEP,Z,0.04390497,0.1082368
3/7/6/6/7/3/6/3/6 3 3,Z,0.6818181818181818181818181818,6,SLEEP,Z,0.06365969,0.2852647
3/7/6/6/7/3/6/3/5 3 3,Z,0.6818181818181818181818181818,4,SLEEP,Z,0.0338928,0.1304334
3/7/6/6/7/3/6/3/3 3 3,X,0.75,6,SLEEP,Z,0.2179004,0.394664
3/7/6/6/7/3/6/7/4 3 3,X,-0.6666666666666666666666666667,6,SLEEP,Z,0.05762669,0.266031
3/7/6/6/7/3/6/7/2 3 3,X,-0.6111111111111111111111111111,4,SLEEP,Z,0.04001066,0.1536966
3/7/6/6/7/3/6/7/1 3 3,X,0.75,2,SLEEP,Z,0.02044934,0.06773297
3/7/6/6/7/3/5/2/7 3 3,Z,0.5909090909090909090909090909,2,SLEEP,Z,0.01879857,0.07190166
3/7/6/6/7/3/5/6/6 3 3,Z,-0.6666666666666666666666666667,4,SLEEP,Z,0.05629252,0.1866199
3/7/6/6/7/3/5/6/5 3 3,Z,-0.6666666666666666666666666667,2,SLEEP,Z,0.02825944,0.07545615
3/7/6/6/7/3/5/6/3 3 3,Z,-0.6666666666666666666666666667,4,SLEEP,Z,0.09263406,0.120783
3/7/6/6/7/3/5/5/6 3 3,X,-0.6111111111111111111111111111,6,SLEEP,Z,0.04533225,0.1764251
3/7/6/6/7/3/5/5/5 3 3,Z,0.5909090909090909090909090909,6,SLEEP,Z,0.04256248,0.1239619
3/7/6/6/7/3/5/5/3 3 3,Z,0.5909090909090909090909090909,2,SLEEP,Z,0.006279088,0.02159867
3/7/6/6/7/3/5/3/6 3 3,Z,0.6818181818181818181818181818,8,SLEEP,Z,0.0973422,0.2968383
3/7/6/6/7/3/5/3/5 3 3,Z,0.6818181818181818181818181818,4,SLEEP,Z,0.03126404,0.123751
3/7/6/6/7/3/5/3/3 3 3,Z,0.6818181818181818181818181818,6,SLEEP,Z,0.08263372,0.257505
3/7/6/6/7/3/5/7/4 3 3,X,-0.6111111111111111111111111111,2,SLEEP,Z,0.03232189,0.1371166
3/7/6/6/7/3/5/7/2 3 3,Z,0.5909090909090909090909090909,6,SLEEP,Z,0.08761224,0.3013438
3/7/6/6/7/3/5/7/1 3 3,Z,0.5909090909090909090909090909,2,SLEEP,Z,0.0730709,0.1683164
3/7/6/6/7/3/3/2/7 3 3,Z,0.5909090909090909090909090909,6,SLEEP,Z,0.04270876,0.1333252
3/7/6/6/7/3/3/6/6 3 3,X,-0.75,2,SLEEP,Z,0.01365979,0.05634298
3/7/6/6/7/3/3/6/5 3 3,Z,-0.6666666666666666666666666667,2,SLEEP,Z,0.008363606,0.02559428
3/7/6/6/7/3/3/6/3 3 3,Z,-0.6666666666666666666666666667,2,SLEEP,Z,0,0
3/7/6/6/7/3/3/5/6 3 3,X,-0.75,2,SLEEP,Z,0.03354082,0.1124191
3/7/6/6/7/3/3/5/5 3 3,Z,0.5909090909090909090909090909,4,SLEEP,Z,0.02674165,0.08383789
3/7/6/6/7/3/3/5/3 3 3,X,0.6538461538461538461538461538,2,SLEEP,Z,0.01412376,0.05051002
3/7/6/6/7/3/3/3/6 3 3,X,-0.75,6,SLEEP,Z,0.04956334,0.1637585
3/7/6/6/7/3/3/3/5 3 3,Z,0.6818181818181818181818181818,6,SLEEP,Z,0.0470382,0.1558903
3/7/6/6/7/3/3/3/3 3 3,Z,0.6818181818181818181818181818,6,SLEEP,Z,0.06924544,0.1279058
3/7/6/6/7/3/3/7/4 3 3,X,-0.75,8,SLEEP,Z,0.0833552,0.401821
3/7/6/6/7/3/3/7/2 3 3,Z,0.5909090909090909090909090909,2,SLEEP,Z,0.01189036,0.0470928
3/7/6/6/7/3/3/7/1 3 3,X,0.6538461538461538461538461538,4,SLEEP,Z,0.01912628,0.07317325
3/7/6/6/7/3/7/2/6 3 3,X,-0.6111111111111111111111111111,4,SLEEP,Z,0.04147093,0.1691005
3/7/6/6/7/3/7/2/5 3 3,Z,0.5909090909090909090909090909,6,SLEEP,Z,0.02914318,0.1101234
3/7/6/6/7/3/7/2/3 3 3,Z,0.5909090909090909090909090909,2,SLEEP,Z,0,0
3/7/6/6/7/3/7/6/4 3 3,Z,-0.6666666666666666666666666666,6,SLEEP,Z,0.04180631,0.1940447
3/7/6/6/7/3/7/6/2 3 3,Z,-0.6666666666666666666666666666,2,SLEEP,Z,0,0
3/7/6/6/7/3/7/6/1 3 3,Z,-0.6666666666666666666666666666,2,SLEEP,Z,0.01164996,0.03907946
3/7/6/6/7/3/7/5/4 3 3,X,-0.6111111111111111111111111111,4,SLEEP,Z,0.03392154,0.1465554
3/7/6/6/7/3/7/5/2 3 3,Z,0.5909090909090909090909090909,6,SLEEP,Z,0.1113604,0.3079767
3/7/6/6/7/3/7/5/1 3 3,Z,0.5909090909090909090909090909,6,SLEEP,Z,0.04417558,0.1680754
3/7/6/6/7/3/7/3/4 3 3,Z,0.6818181818181818181818181818,4,SLEEP,Z,0.06343836,0.2500317
3/7/6/6/7/3/7/3/2 3 3,Z,0.6818181818181818181818181818,6,SLEEP,Z,0.1059363,0.2680914
3/7/6/6/7/3/7/3/1 3 3,Z,0.6818181818181818181818181818,2,SLEEP,Z,0.01596881,0.05104915
3/7/6/6/7/7/2/2/7 3 3,X,-0.5555555555555555555555555556,6,SLEEP,Z,0.04755999,0.1316046
3/7/6/6/7/7/2/6/6 3 3,X,-0.6111111111111111111111111111,6,SLEEP,Z,0.05010618,0.2103894
3/7/6/6/7/7/2/6/5 3 3,X,-0.5555555555555555555555555556,4,SLEEP,Z,0.04411841,0.128962
3/7/6/6/7/7/2/6/3 3 3,X,0.5769230769230769230769230769,2,SLEEP,Z,0,0
3/7/6/6/7/7/2/5/6 3 3,X,-0.6111111111111111111111111111,4,SLEEP,Z,0.0283369,0.1237885
3/7/6/6/7/7/2/5/5 3 3,X,-0.5555555555555555555555555556,4,SLEEP,Z,0.1026728,0.2267495
3/7/6/6/7/7/2/5/3 3 3,X,0.5769230769230769230769230769,2,SLEEP,Z,0.02133311,0.0713191
3/7/6/6/7/7/2/3/6 3 3,X,-0.6111111111111111111111111111,6,SLEEP,Z,0.07409271,0.2134157
3/7/6/6/7/7/2/3/5 3 3,Z,0.5909090909090909090909090909,6,SLEEP,Z,0.04433393,0.1263928
3/7/6/6/7/7/2/3/3 3 3,Z,0.5909090909090909090909090909,2,SLEEP,Z,0.02983742,0.09231212
3/7/6/6/7/7/2/7/4 3 3,X,-0.6111111111111111111111111111,4,SLEEP,Z,0.04132242,0.1443237
3/7/6/6/7/7/2/7/2 3 3,X,-0.5555555555555555555555555556,2,SLEEP,Z,0.01819095,0.07642293
3/7/6/6/7/7/2/7/1 3 3,X,0.5769230769230769230769230769,4,SLEEP,Z,0.0235996,0.08966748
3/7/6/6/7/7/6/2/6 3 3,X,-0.6666666666666666666666666667,8,SLEEP,Z,0.06779893,0.2834891
3/7/6/6/7/7/6/2/5 3 3,X,-0.6111111111111111111111111111,4,SLEEP,Z,0.05176915,0.1629091
3/7/6/6/7/7/6/2/3 3 3,X,0.8333333333333333333333333333,2,SLEEP,Z,0.0193701,0.0654218
3/7/6/6/7/7/6/6/4 3 3,X,-0.6666666666666666666666666667,10,SLEEP,Z,0.06909994,0.300021
3/7/6/6/7/7/6/6/2 3 3,X,-0.6111111111111111111111111111,4,SLEEP,Z,0.04246941,0.1730298
3/7/6/6/7/7/6/6/1 3 3,X,0.8333333333333333333333333333,4,SLEEP,Z,0.03053332,0.1128321
3/7/6/6/7/7/6/5/4 3 3,X,-0.6666666666666666666666666667,8,SLEEP,Z,0.08263389,0.3641315
3/7/6/6/7/7/6/5/2 3 3,X,-0.6111111111111111111111111111,8,SLEEP,Z,0.1109024,0.3463947
3/7/6/6/7/7/6/5/1 3 3,X,0.8333333333333333333333333333,2,SLEEP,Z,0.0441622,0.06124293
3/7/6/6/7/7/6/3/4 3 3,X,-0.6666666666666666666666666667,8,SLEEP,Z,0.0969126,0.3352115
3/7/6/6/7/7/6/3/2 3 3,X,-0.6111111111111111111111111111,4,SLEEP,Z,0.03588092,0.1529849
3/7/6/6/7/7/6/3/1 3 3,X,0.8333333333333333333333333333,6,SLEEP,Z,0.03644967,0.1217926
3/7/6/6/7/7/5/2/6 3 3,X,-0.6111111111111111111111111111,6,SLEEP,Z,0.03166981,0.11686
3/7/6/6/7/7/5/2/5 3 3,X,-0.5555555555555555555555555556,2,SLEEP,Z,0.02117708,0.04994395
3/7/6/6/7/7/5/2/3 3 3,X,0.5769230769230769230769230769,2,SLEEP,Z,0.02866904,0.07581639
3/7/6/6/7/7/5/6/4 3 3,X,-0.6111111111111111111111111111,4,SLEEP,Z,0.03548631,0.1672309
3/7/6/6/7/7/5/6/2 3 3,X,-0.5555555555555555555555555556,2,SLEEP,Z,0.02494719,0.08466163
3/7/6/6/7/7/5/6/1 3 3,X,0.5769230769230769230769230769,2,SLEEP,Z,0.07435388,0.1783471
3/7/6/6/7/7/5/5/4 3 3,X,-0.6111111111111111111111111111,4,SLEEP,Z,0.03162985,0.1334715
3/7/6/6/7/7/5/5/2 3 3,X,-0.5555555555555555555555555556,2,SLEEP,Z,0.02547674,0.07557926
3/7/6/6/7/7/5/5/1 3 3,X,0.5769230769230769230769230769,2,SLEEP,Z,0.03732388,0.06919121
3/7/6/6/7/7/5/3/4 3 3,X,-0.6111111111111111111111111111,6,SLEEP,Z,0.05124202,0.2203165
3/7/6/6/7/7/5/3/2 3 3,Z,0.5909090909090909090909090909,6,SLEEP,Z,0.0457111,0.1592464
3/7/6/6/7/7/5/3/1 3 3,Z,0.5909090909090909090909090909,4,SLEEP,Z,0.04154356,0.144211
3/7/6/6/7/7/3/2/6 3 3,X,-0.8333333333333333333333333333,4,SLEEP,Z,0.02816323,0.1099287
3/7/6/6/7/7/3/2/5 3 3,X,0.5769230769230769230769230769,2,SLEEP,Z,0.0442146,0.04051352
3/7/6/6/7/7/3/2/3 3 3,X,0.6538461538461538461538461538,4,SLEEP,Z,0.1417848,0.3614746
3/7/6/6/7/7/3/6/4 3 3,X,-0.8333333333333333333333333333,2,SLEEP,Z,0.02905525,0.07838064
3/7/6/6/7/7/3/6/2 3 3,X,0.5769230769230769230769230769,4,SLEEP,Z,0.06887303,0.1388741
3/7/6/6/7/7/3/6/1 3 3,X,0.6538461538461538461538461538,2,SLEEP,Z,0.03692429,0.1315225
3/7/6/6/7/7/3/5/4 3 3,X,-0.8333333333333333333333333333,4,SLEEP,Z,0.03446817,0.1343547
3/7/6/6/7/7/3/5/2 3 3,X,0.5769230769230769230769230769,2,SLEEP,Z,0.01900451,0.07827419
3/7/6/6/7/7/3/5/1 3 3,X,0.6538461538461538461538461538,4,SLEEP,Z,0.05255771,0.1089328
3/7/6/6/7/7/3/3/4 3 3,X,-0.8333333333333333333333333333,6,SLEEP,Z,0.1466986,0.3545814
3/7/6/6/7/7/3/3/2 3 3,Z,0.5909090909090909090909090909,4,SLEEP,Z,0.02527033,0.1013578
3/7/6/6/7/7/3/3/1 3 3,X,0.6538461538461538461538461538,6,SLEEP,Z,0.07989112,0.2028484
3/7/6/6/7/7/7/2/4 3 3,X,-0.6111111111111111111111111111,4,SLEEP,Z,0.03228763,0.1477767
3/7/6/6/7/7/7/2/2 3 3,X,-0.5555555555555555555555555556,2,SLEEP,Z,0.007354001,0.02975352
3/7/6/6/7/7/7/2/1 3 3,X,0.5769230769230769230769230769,2,SLEEP,Z,0.02784695,0.09460595
3/7/6/5/2/2/7/7/7 3 3,X,-0.5555555555555555555555555556,4,SLEEP,Z,0.04308897,0.1221314
3/7/6/5/2/6/6/7/7 3 3,X,-0.6111111111111111111111111111,6,SLEEP,Z,0.05813906,0.1900909
3/7/6/5/2/6/5/7/7 3 3,X,-0.5555555555555555555555555556,2,SLEEP,Z,0.01149366,0.0311239
3/7/6/5/2/6/3/7/7 3 3,X,0.5769230769230769230769230769,2,SLEEP,Z,0.007522418,0.02766432
3/7/6/5/2/6/7/6/7 3 3,X,-0.5555555555555555555555555556,4,SLEEP,Z,0.03580562,0.111715
3/7/6/5/2/6/7/5/7 3 3,X,-0.5555555555555555555555555556,4,SLEEP,Z,0.02882694,0.1129689
3/7/6/5/2/6/7/3/7 3 3,Z,0.625,4,SLEEP,Z,0.05437268,0.1021282
3/7/6/5/2/6/7/7/6 3 3,X,-0.6111111111111111111111111111,6,SLEEP,Z,0.07025459,0.2260639
3/7/6/5/2/6/7/7/5 3 3,X,-0.5555555555555555555555555556,4,SLEEP,Z,0.02381874,0.08584705
3/7/6/5/2/6/7/7/3 3 3,X,0.5769230769230769230769230769,2,SLEEP,Z,0.0219275,0.06072735
3/7/6/5/2/5/6/7/7 3 3,X,-0.6111111111111111111111111111,4,SLEEP,Z,0.03895678,0.1463437
3/7/6/5/2/5/5/7/7 3 3,X,-0.5555555555555555555555555556,6,SLEEP,Z,0.05462851,0.1369506
3/7/6/5/2/5/3/7/7 3 3,X,0.5769230769230769230769230769,2,SLEEP,Z,0.09028048,0.4294794
3/7/6/5/2/5/7/6/7 3 3,X,-0.5555555555555555555555555556,4,SLEEP,Z,0.04347837,0.1052594
3/7/6/5/2/5/7/5/7 3 3,X,-0.5555555555555555555555555556,4,SLEEP,Z,0.02525355,0.09905632
3/7/6/5/2/5/7/3/7 3 3,X,-0.5555555555555555555555555556,2,SLEEP,Z,0,0
3/7/6/5/2/5/7/7/6 3 3,X,-0.6111111111111111111111111111,4,SLEEP,Z,0.03606605,0.1560809
3/7/6/5/2/5/7/7/5 3 3,X,-0.5555555555555555555555555556,2,SLEEP,Z,0.02062988,0.08015756
3/7/6/5/2/5/7/7/3 3 3,X,0.5769230769230769230769230769,2,SLEEP,Z,0.01914027,0.03314467
3/7/6/5/2/3/6/7/7 3 3,X,-0.6111111111111111111111111111,6,SLEEP,Z,0.11934,0.2527593
3/7/6/5/2/3/5/7/7 3 3,X,-0.5555555555555555555555555556,2,SLEEP,Z,0.0823608,0.2025465
3/7/6/5/2/3/3/7/7 3 3,X,0.5769230769230769230769230769,6,SLEEP,Z,0.06079476,0.1226841
3/7/6/5/2/3/7/6/7 3 3,Z,-0.625,2,SLEEP,Z,0.03531357,0.06448979
3/7/6/5/2/3/7/5/7 3 3,X,-0.5555555555555555555555555556,4,SLEEP,Z,0.04282358,0.1038108
3/7/6/5/2/3/7/3/7 3 3,X,-0.5555555555555555555555555556,2,SLEEP,Z,0.03241406,0.08549702
3/7/6/5/2/3/7/7/6 3 3,X,-0.6111111111111111111111111111,4,SLEEP,Z,0.1120006,0.4166145
3/7/6/5/2/3/7/7/5 3 3,X,-0.5555555555555555555555555556,2,SLEEP,Z,0.03430164,0.09362498
3/7/6/5/2/3/7/7/3 3 3,X,0.5769230769230769230769230769,2,SLEEP,Z,0.01719772,0.03758963
3/7/6/5/2/7/2/7/7 3 3,X,-0.5555555555555555555555555556,2,SLEEP,Z,0.01194504,0.04104694
3/7/6/5/2/7/6/6/7 3 3,X,-0.6111111111111111111111111111,4,SLEEP,Z,0.07223308,0.2258276
3/7/6/5/2/7/6/5/7 3 3,X,-0.6111111111111111111111111111,4,SLEEP,Z,0.04342392,0.144467
3/7/6/5/2/7/6/3/7 3 3,X,-0.6111111111111111111111111111,4,SLEEP,Z,0.05868156,0.2119401
3/7/6/5/2/7/6/7/6 3 3,X,-0.6666666666666666666666666667,10,SLEEP,Z,0.1474189,0.4551333
3/7/6/5/2/7/6/7/5 3 3,X,-0.6111111111111111111111111111,6,SLEEP,Z,0.06109138,0.2407176
3/7/6/5/2/7/6/7/3 3 3,X,0.7,2,SLEEP,Z,0.03726446,0.08139502
3/7/6/5/2/7/5/6/7 3 3,X,-0.5555555555555555555555555556,2,SLEEP,Z,0.01675235,0.04543997
3/7/6/5/2/7/5/5/7 3 3,X,-0.5555555555555555555555555556,4,SLEEP,Z,0.05070355,0.1264477
3/7/6/5/2/7/5/3/7 3 3,X,-0.5555555555555555555555555556,2,SLEEP,Z,0,0
3/7/6/5/2/7/5/7/6 3 3,X,-0.6111111111111111111111111111,4,SLEEP,Z,0.04953927,0.1786934
3/7/6/5/2/7/5/7/5 3 3,X,-0.5555555555555555555555555556,2,SLEEP,Z,0.02405326,0.09086881
3/7/6/5/2/7/5/7/3 3 3,X,0.5769230769230769230769230769,2,SLEEP,Z,0.07121254,0.08201007
3/7/6/5/2/7/3/6/7 3 3,X,0.5769230769230769230769230769,2,SLEEP,Z,0.01549391,0.02642621
3/7/6/5/2/7/3/5/7 3 3,X,0.5769230769230769230769230769,2,SLEEP,Z,0,0
3/7/6/5/2/7/3/3/7 3 3,X,0.5769230769230769230769230769,2,SLEEP,Z,0,0
3/7/6/5/2/7/3/7/6 3 3,X,-0.7,2,SLEEP,Z,0.01352647,0.05254364
3/7/6/5/2/7/3/7/5 3 3,X,0.5769230769230769230769230769,2,SLEEP,Z,0,0
3/7/6/5/2/7/3/7/3 3 3,X,0.6538461538461538461538461538,2,SLEEP,Z,0.009764437,0.03821323
3/7/6/5/2/7/7/2/7 3 3,X,-0.5555555555555555555555555556,2,SLEEP,Z,0.08534797,0.2076192
3/7/6/5/2/7/7/6/6 3 3,X,-0.6111111111111111111111111111,8,SLEEP,Z,0.04703557,0.2102924
3/7/6/5/2/7/7/6/5 3 3,X,-0.5555555555555555555555555556,2,SLEEP,Z,0.02246191,0.09344538
3/7/6/5/2/7/7/6/3 3 3,X,0.5769230769230769230769230769,4,SLEEP,Z,0.09776483,0.1883447
3/7/6/5/2/7/7/5/6 3 3,X,-0.6111111111111111111111111111,6,SLEEP,Z,0.03745017,0.1462738
3/7/6/5/2/7/7/5/5 3 3,X,-0.5555555555555555555555555556,2,SLEEP,Z,0.01081295,0.02600655
3/7/6/5/2/7/7/5/3 3 3,X,0.5769230769230769230769230769,2,SLEEP,Z,0,0
3/7/6/5/2/7/7/3/6 3 3,X,-0.6111111111111111111111111111,6,SLEEP,Z,0.05649588,0.2166255
3/7/6/5/2/7/7/3/5 3 3,X,-0.5555555555555555555555555556,4,SLEEP,Z,0.1025387,0.2309282
3/7/6/5/2/7/7/3/3 3 3,X,0.5769230769230769230769230769,2,SLEEP,Z,0,0
3/7/6/5/2/7/7/7/4 3 3,X,-0.6111111111111111111111111111,6,SLEEP,Z,0.06366818,0.265487
3/7/6/5/2/7/7/7/2 3 3,X,-0.5555555555555555555555555556,4,SLEEP,Z,0.07942782,0.1391775
3/7/6/5/2/7/7/7/1 3 3,X,0.5769230769230769230769230769,2,SLEEP,Z,0.01564569,0.03605089
3/7/6/5/6/2/6/7/7 3 3,X,-0.6666666666666666666666666667,6,SLEEP,Z,0.04872538,0.2062394
3/7/6/5/6/2/5/7/7 3 3,X,-0.6111111111111111111111111111,4,SLEEP,Z,0.07399321,0.1926464
3/7/6/5/6/2/3/7/7 3 3,X,0.6111111111111111111111111111,2,SLEEP,Z,0.04523892,0.06454625
3/7/6/5/6/2/7/6/7 3 3,X,-0.6111111111111111111111111111,4,SLEEP,Z,0.03976292,0.1323331
3/7/6/5/6/2/7/5/7 3 3,X,-0.6111111111111111111111111111,4,SLEEP,Z,0.1227875,0.2169666
3/7/6/5/6/2/7/3/7 3 3,X,-0.6111111111111111111111111111,4,SLEEP,Z,0.1335403,0.2453332
3/7/6/5/6/2/7/7/6 3 3,X,-0.6666666666666666666666666667,8,SLEEP,Z,0.04873703,0.2372065
3/7/6/5/6/2/7/7/5 3 3,X,-0.6111111111111111111111111111,4,SLEEP,Z,0.02322848,0.08055121
3/7/6/5/6/2/7/7/3 3 3,X,0.6111111111111111111111111111,2,SLEEP,Z,0,0
3/7/6/5/6/6/2/7/7 3 3,X,-0.6111111111111111111111111111,2,SLEEP,Z,0.03017379,0.0911987
3/7/6/5/6/6/6/6/7 3 3,X,-0.6666666666666666666666666667,6,SLEEP,Z,0.04351085,0.194113
3/7/6/5/6/6/6/5/7 3 3,X,-0.6666666666666666666666666667,10,SLEEP,Z,0.07098967,0.3206603
3/7/6/5/6/6/6/3/7 3 3,X,-0.6666666666666666666666666667,8,SLEEP,Z,0.08068088,0.2864078
3/7/6/5/6/6/6/7/6 3 3,X,-0.7222222222222222222222222222,8,SLEEP,Z,0.06177601,0.2706544
3/7/6/5/6/6/6/7/5 3 3,X,-0.6666666666666666666666666667,12,SLEEP,Z,0.08106018,0.3129696
3/7/6/5/6/6/6/7/3 3 3,X,0.7,4,SLEEP,Z,0.02746264,0.100967
3/7/6/5/6/6/5/6/7 3 3,X,-0.6111111111111111111111111111,6,SLEEP,Z,0.02999926,0.1332595
3/7/6/5/6/6/5/5/7 3 3,X,-0.6111111111111111111111111111,2,SLEEP,Z,0.02962768,0.1246202
3/7/6/5/6/6/5/3/7 3 3,Z,0.6428571428571428571428571429,6,SLEEP,Z,0.1256302,0.2772195
3/7/6/5/6/6/5/7/6 3 3,X,-0.6666666666666666666666666667,6,SLEEP,Z,0.08415397,0.2806666
3/7/6/5/6/6/5/7/5 3 3,X,-0.6111111111111111111111111111,2,SLEEP,Z,0.02072117,0.08677191
3/7/6/5/6/6/5/7/3 3 3,X,0.6111111111111111111111111111,2,SLEEP,Z,0,0
3/7/6/5/6/6/3/6/7 3 3,X,0.6111111111111111111111111111,2,SLEEP,Z,0.01421322,0.05723259
3/7/6/5/6/6/3/5/7 3 3,X,0.6111111111111111111111111111,2,SLEEP,Z,0,0
3/7/6/5/6/6/3/3/7 3 3,Z,0.6428571428571428571428571429,2,SLEEP,Z,0.01473885,0.02066564
3/7/6/5/6/6/3/7/6 3 3,X,-0.7,4,SLEEP,Z,0.03850384,0.1509755
3/7/6/5/6/6/3/7/5 3 3,X,0.6111111111111111111111111111,2,SLEEP,Z,0.04845723,0.08499487
3/7/6/5/6/6/3/7/3 3 3,X,0.7222222222222222222222222222,2,SLEEP,Z,0,0
3/7/6/5/6/6/7/2/7 3 3,X,-0.6111111111111111111111111111,4,SLEEP,Z,0.05700887,0.2025334
3/7/6/5/6/6/7/6/6 3 3,X,-0.6666666666666666666666666667,4,SLEEP,Z,0.04204461,0.2046462
3/7/6/5/6/6/7/6/5 3 3,X,-0.6111111111111111111111111111,8,SLEEP,Z,0.07934699,0.2288364
3/7/6/5/6/6/7/6/3 3 3,X,0.6111111111111111111111111111,2,SLEEP,Z,0.01716418,0.04896282
3/7/6/5/6/6/7/5/6 3 3,X,-0.6666666666666666666666666667,6,SLEEP,Z,0.1347347,0.3229192
3/7/6/5/6/6/7/5/5 3 3,X,-0.6111111111111111111111111111,4,SLEEP,Z,0.07411886,0.1908437
3/7/6/5/6/6/7/5/3 3 3,X,0.6111111111111111111111111111,2,SLEEP,Z,0.04416009,0.09436169
3/7/6/5/6/6/7/3/6 3 3,X,-0.6666666666666666666666666667,6,SLEEP,Z,0.06362295,0.2608859
3/7/6/5/6/6/7/3/5 3 3,Z,0.6428571428571428571428571429,4,SLEEP,Z,0.06942225,0.2232478
3/7/6/5/6/6/7/3/3 3 3,Z,0.6428571428571428571428571429,2,SLEEP,Z,0.01229212,0.01033725
3/7/6/5/6/6/7/7/4 3 3,X,-0.6666666666666666666666666667,8,SLEEP,Z,0.1149986,0.3553325
3/7/6/5/6/6/7/7/2 3 3,X,-0.6111111111111111111111111111,4,SLEEP,Z,0.04169219,0.1481196
3/7/6/5/6/6/7/7/1 3 3,X,0.6111111111111111111111111111,2,SLEEP,Z,0.04665666,0.1039781
3/7/6/5/6/5/2/7/7 3 3,X,-0.6111111111111111111111111111,4,SLEEP,Z,0.1337712,0.4112262
3/7/6/5/6/5/6/6/7 3 3,X,-0.6666666666666666666666666667,6,SLEEP,Z,0.05090895,0.2045222
3/7/6/5/6/5/6/5/7 3 3,X,-0.6666666666666666666666666667,4,SLEEP,Z,0.05116461,0.2163502
3/7/6/5/6/5/6/3/7 3 3,X,-0.6666666666666666666666666667,12,SLEEP,Z,0.08811209,0.3381547
3/7/6/5/6/5/6/7/6 3 3,X,-0.7222222222222222222222222222,12,SLEEP,Z,0.09006141,0.4030814
3/7/6/5/6/5/6/7/5 3 3,X,-0.6666666666666666666666666667,4,SLEEP,Z,0.03421126,0.158864
3/7/6/5/6/5/6/7/3 3 3,X,0.7,2,SLEEP,Z,0.01318932,0.07383285
3/7/6/5/6/5/5/6/7 3 3,X,-0.6111111111111111111111111111,6,SLEEP,Z,0.1189594,0.3619249
3/7/6/5/6/5/5/5/7 3 3,X,-0.6111111111111111111111111111,2,SLEEP,Z,0.03320476,0.06666176
3/7/6/5/6/5/5/3/7 3 3,X,-0.6111111111111111111111111111,2,SLEEP,Z,0.03692177,0.1421011
3/7/6/5/6/5/5/7/6 3 3,X,-0.6666666666666666666666666667,4,SLEEP,Z,0.06316496,0.2498245
3/7/6/5/6/5/5/7/5 3 3,X,-0.6111111111111111111111111111,6,SLEEP,Z,0.05007466,0.1905878
3/7/6/5/6/5/5/7/3 3 3,X,0.6111111111111111111111111111,2,SLEEP,Z,0.01386031,0.06451159
3/7/6/5/6/5/3/6/7 3 3,X,0.6111111111111111111111111111,2,SLEEP,Z,0,0
3/7/6/5/6/5/3/5/7 3 3,X,0.6111111111111111111111111111,2,SLEEP,Z,0,0
3/7/6/5/6/5/3/3/7 3 3,X,0.6111111111111111111111111111,2,SLEEP,Z,0,0
3/7/6/5/6/5/3/7/6 3 3,X,-0.7,2,SLEEP,Z,0.02160632,0.1193271
3/7/6/5/6/5/3/7/5 3 3,X,0.6111111111111111111111111111,2,SLEEP,Z,0.02118208,0.03420139
3/7/6/5/6/5/3/7/3 3 3,X,0.7222222222222222222222222222,2,SLEEP,Z,0.02261722,0.08229126
3/7/6/5/6/5/7/2/7 3 3,X,-0.6111111111111111111111111111,2,SLEEP,Z,0.02212124,0.08912551
3/7/6/5/6/5/7/6/6 3 3,X,-0.6666666666666666666666666667,6,SLEEP,Z,0.06563522,0.2742598
3/7/6/5/6/5/7/6/5 3 3,X,-0.6111111111111111111111111111,4,SLEEP,Z,0.1224627,0.3294493
3/7/6/5/6/5/7/6/3 3 3,X,0.6111111111111111111111111111,2,SLEEP,Z,0.007601777,0.03149784
3/7/6/5/6/5/7/5/6 3 3,X,-0.6666666666666666666666666667,8,SLEEP,Z,0.07048608,0.2819571
3/7/6/5/6/5/7/5/5 3 3,X,-0.6111111111111111111111111111,4,SLEEP,Z,0.05508981,0.1686502
3/7/6/5/6/5/7/5/3 3 3,X,0.6111111111111111111111111111,2,SLEEP,Z,0.007135319,0.007435159
3/7/6/5/6/5/7/3/6 3 3,X,-0.6666666666666666666666666667,4,SLEEP,Z,0.03995594,0.1769896
3/7/6/5/6/5/7/3/5 3 3,X,-0.6111111111111111111111111111,4,SLEEP,Z,0.03013011,0.1297563
3/7/6/5/6/5/7/3/3 3 3,X,0.6111111111111111111111111111,2,SLEEP,Z,0.01476436,0.05016198
3/7/6/5/6/5/7/7/4 3 3,X,-0.6666666666666666666666666667,8,SLEEP,Z,0.1299953,0.337002
3/7/6/5/6/5/7/7/2 3 3,X,-0.6111111111111111111111111111,2,SLEEP,Z,0.0231634,0.08800634
3/7/6/5/6/5/7/7/1 3 3,X,0.6111111111111111111111111111,2,SLEEP,Z,0.01578116,0.05526406
3/7/6/5/6/3/2/7/7 3 3,X,-0.6111111111111111111111111111,2,SLEEP,Z,0.02228201,0.07440426
3/7/6/5/6/3/6/6/7 3 3,X,-0.6666666666666666666666666667,6,SLEEP,Z,0.08403185,0.2990303
3/7/6/5/6/3/6/5/7 3 3,X,-0.6666666666666666666666666667,6,SLEEP,Z,0.04807905,0.2058064
3/7/6/5/6/3/6/3/7 3 3,X,-0.6666666666666666666666666667,8,SLEEP,Z,0.05175188,0.208339
3/7/6/5/6/3/6/7/5 3 3,X,-0.6666666666666666666666666667,4,SLEEP,Z,0.04883095,0.1838832
3/7/6/5/6/3/6/7/3 3 3,X,0.7,2,SLEEP,Z,0.04246278,0.1391041
3/7/6/5/6/3/5/6/7 3 3,Z,-0.6428571428571428571428571429,6,SLEEP,Z,0.04508667,0.1462453
3/7/6/5/6/3/5/5/7 3 3,X,-0.6111111111111111111111111111,4,SLEEP,Z,0.03093785,0.1292845
3/7/6/5/6/3/5/3/7 3 3,X,-0.6111111111111111111111111111,4,SLEEP,Z,0.03012192,0.1275691
3/7/6/5/6/3/5/7/6 3 3,X,-0.6666666666666666666666666667,8,SLEEP,Z,0.04804855,0.1997456
3/7/6/5/6/3/5/7/5 3 3,X,-0.6111111111111111111111111111,6,SLEEP,Z,0.0614127,0.1985928
3/7/6/5/6/3/5/7/3 3 3,X,0.6111111111111111111111111111,2,SLEEP,Z,0,0
3/7/6/5/6/3/3/6/7 3 3,Z,-0.6428571428571428571428571429,4,SLEEP,Z,0.1191848,0.2351256
3/7/6/5/6/3/3/5/7 3 3,X,0.6111111111111111111111111111,2,SLEEP,Z,0.1337343,0.2479369
3/7/6/5/6/3/3/3/7 3 3,X,0.6111111111111111111111111111,4,SLEEP,Z,0.01629473,0.06471807
3/7/6/5/6/3/3/7/6 3 3,X,-0.7,4,SLEEP,Z,0.04492464,0.1270659
3/7/6/5/6/3/3/7/5 3 3,X,0.6111111111111111111111111111,2,SLEEP,Z,0.01618805,0.03530416
3/7/6/5/6/3/3/7/3 3 3,X,0.7222222222222222222222222222,2,SLEEP,Z,0.02250896,0.04447807
3/7/6/5/6/3/7/2/7 3 3,X,-0.6111111111111111111111111111,4,SLEEP,Z,0.03232383,0.1124361
3/7/6/5/6/3/7/6/6 3 3,X,-0.6666666666666666666666666667,6,SLEEP,Z,0.07343286,0.2696258
3/7/6/5/6/3/7/6/5 3 3,Z,-0.6428571428571428571428571429,4,SLEEP,Z,0.03071657,0.1273459
3/7/6/5/6/3/7/6/3 3 3,Z,-0.6428571428571428571428571429,2,SLEEP,Z,0.0228434,0.04178409
3/7/6/5/6/3/7/5/6 3 3,X,-0.6666666666666666666666666667,6,SLEEP,Z,0.1441328,0.3207074
3/7/6/5/6/3/7/5/5 3 3,X,-0.6111111111111111111111111111,8,SLEEP,Z,0.03949959,0.1691389
3/7/6/5/6/3/7/5/3 3 3,X,0.6111111111111111111111111111,2,SLEEP,Z,0.004547029,0.03725597
3/7/6/5/6/3/7/3/6 3 3,X,-0.6666666666666666666666666667,4,SLEEP,Z,0.05709147,0.2464112
3/7/6/5/6/3/7/3/5 3 3,X,-0.6111111111111111111111111111,2,SLEEP,Z,0.02890564,0.09805002
3/7/6/5/6/3/7/3/3 3 3,X,0.6111111111111111111111111111,2,SLEEP,Z,0.04040543,0.09455051
3/7/6/5/6/3/6/7/6 3 3,X,-0.7222222222222222222222222222,14,SLEEP,Z,0.1055619,0.3809959
3/7/6/5/6/3/7/7/4 3 3,X,-0.6666666666666666666666666667,8,SLEEP,Z,0.06274807,0.263516
3/7/6/5/6/3/7/7/2 3 3,X,-0.6111111111111111111111111111,2,SLEEP,Z,0.03574742,0.1274503
3/7/6/5/6/3/7/7/1 3 3,X,0.6111111111111111111111111111,2,SLEEP,Z,0.01218433,0.05508978
3/7/6/5/6/7/2/6/7 3 3,X,-0.6111111111111111111111111111,4,SLEEP,Z,0.02782846,0.1116261
3/7/6/5/6/7/2/5/7 3 3,X,-0.6111111111111111111111111111,2,SLEEP,Z,0.06718899,0.1626059
3/7/6/5/6/7/2/3/7 3 3,X,-0.6111111111111111111111111111,4,SLEEP,Z,0.04650699,0.1695274
3/7/6/5/6/7/2/7/6 3 3,X,-0.6666666666666666666666666667,8,SLEEP,Z,0.05626114,0.2254788
3/7/6/5/6/7/2/7/5 3 3,X,-0.6111111111111111111111111111,4,SLEEP,Z,0.06439736,0.1944575
3/7/6/5/6/7/2/7/3 3 3,X,0.6111111111111111111111111111,2,SLEEP,Z,0.02003668,0.02829402
3/7/6/5/6/7/6/2/7 3 3,X,-0.6666666666666666666666666667,6,SLEEP,Z,0.0647028,0.2344826
3/7/6/5/6/7/6/6/6 3 3,X,-0.7222222222222222222222222222,10,SLEEP,Z,0.1073547,0.3625056
3/7/6/5/6/7/6/6/5 3 3,X,-0.6666666666666666666666666667,6,SLEEP,Z,0.05946126,0.2436293
3/7/6/5/6/7/6/6/3 3 3,X,0.75,2,SLEEP,Z,0.05407072,0.157918
3/7/6/5/6/7/6/5/6 3 3,X,-0.7222222222222222222222222222,8,SLEEP,Z,0.06449253,0.2673502
3/7/6/5/6/7/6/5/5 3 3,X,-0.6666666666666666666666666667,6,SLEEP,Z,0.0576084,0.2446191
3/7/6/5/6/7/6/5/3 3 3,X,0.75,4,SLEEP,Z,0.05995091,0.1688904
3/7/6/5/6/7/6/3/6 3 3,X,-0.7222222222222222222222222222,8,SLEEP,Z,0.1243163,0.4109809
3/7/6/5/6/7/6/3/5 3 3,X,-0.6666666666666666666666666667,8,SLEEP,Z,0.06254046,0.2759769
3/7/6/5/6/7/6/3/3 3 3,X,0.75,4,SLEEP,Z,0.02314351,0.09880123
3/7/6/5/6/7/6/7/4 3 3,X,-0.7222222222222222222222222222,8,SLEEP,Z,0.1081457,0.4198352
3/7/6/5/6/7/6/7/2 3 3,X,-0.6666666666666666666666666667,6,SLEEP,Z,0.1424367,0.301526
3/7/6/5/6/7/6/7/1 3 3,X,0.75,2,SLEEP,Z,0.0267461,0.09675992
3/7/6/5/6/7/5/2/7 3 3,X,-0.6111111111111111111111111111,6,SLEEP,Z,0.1174647,0.2857519
3/7/6/5/6/7/5/6/6 3 3,X,-0.6666666666666666666666666667,8,SLEEP,Z,0.05507866,0.2417759
3/7/6/5/6/7/5/6/5 3 3,X,-0.6111111111111111111111111111,4,SLEEP,Z,0.1201357,0.350887
3/7/6/5/6/7/5/6/3 3 3,X,0.6111111111111111111111111111,4,SLEEP,Z,0.1170868,0.1670524
3/7/6/5/6/7/5/5/6 3 3,X,-0.6666666666666666666666666667,6,SLEEP,Z,0.1363435,0.3645123
3/7/6/5/6/7/5/5/5 3 3,X,-0.6111111111111111111111111111,4,SLEEP,Z,0.06317566,0.1974096
3/7/6/5/6/7/5/5/3 3 3,X,0.6111111111111111111111111111,2,SLEEP,Z,0.01733151,0.03707575
3/7/6/5/6/7/5/3/6 3 3,X,-0.6666666666666666666666666667,6,SLEEP,Z,0.06083173,0.267702
3/7/6/5/6/7/5/3/5 3 3,X,-0.6111111111111111111111111111,4,SLEEP,Z,0.02903307,0.1243831
3/7/6/5/6/7/5/3/3 3 3,X,0.6111111111111111111111111111,4,SLEEP,Z,0.1445621,0.3839011
3/7/6/5/6/7/5/7/4 3 3,X,-0.6666666666666666666666666667,4,SLEEP,Z,0.05184172,0.2412805
3/7/6/5/6/7/5/7/2 3 3,X,-0.6111111111111111111111111111,6,SLEEP,Z,0.06899624,0.2111799
3/7/6/5/6/7/5/7/1 3 3,X,0.6111111111111111111111111111,2,SLEEP,Z,0,0
3/7/6/5/6/7/3/2/7 3 3,X,0.6111111111111111111111111111,2,SLEEP,Z,0.01718925,0.04612804
3/7/6/5/6/7/3/6/6 3 3,X,-0.75,2,SLEEP,Z,0.04895541,0.1786002
3/7/6/5/6/7/3/6/5 3 3,X,0.6111111111111111111111111111,2,SLEEP,Z,0.1429175,0.249973
3/7/6/5/6/7/3/6/3 3 3,X,0.7222222222222222222222222222,2,SLEEP,Z,0,0
3/7/6/5/6/7/3/5/6 3 3,X,-0.75,2,SLEEP,Z,0.03890254,0.1355126
3/7/6/5/6/7/3/5/5 3 3,X,0.6111111111111111111111111111,2,SLEEP,Z,0,0
3/7/6/5/6/7/3/5/3 3 3,X,0.7222222222222222222222222222,2,SLEEP,Z,0.006341439,0.01806279
3/7/6/5/6/7/3/3/6 3 3,X,-0.75,2,SLEEP,Z,0.03909647,0.1325037
3/7/6/5/6/7/3/3/5 3 3,X,0.6111111111111111111111111111,2,SLEEP,Z,0.01521644,0.050624
3/7/6/5/6/7/3/3/3 3 3,X,0.7222222222222222222222222222,2,SLEEP,Z,0.03374637,0.05299438
3/7/6/5/6/7/3/7/4 3 3,X,-0.75,2,SLEEP,Z,0.02075984,0.07424186
3/7/6/5/6/7/3/7/2 3 3,X,0.6111111111111111111111111111,2,SLEEP,Z,0.1004726,0.1406628
3/7/6/5/6/7/3/7/1 3 3,X,0.7222222222222222222222222222,2,SLEEP,Z,0.007150335,0.02926895
3/7/6/5/6/7/7/2/6 3 3,X,-0.6666666666666666666666666667,6,SLEEP,Z,0.06214939,0.2884177
3/7/6/5/6/7/7/2/5 3 3,X,-0.6111111111111111111111111111,4,SLEEP,Z,0.03163379,0.1093411
3/7/6/5/6/7/7/2/3 3 3,X,0.6111111111111111111111111111,2,SLEEP,Z,0.005297098,0.009015851
3/7/6/5/6/7/7/6/4 3 3,X,-0.6666666666666666666666666667,6,SLEEP,Z,0.05133415,0.2401759
3/7/6/5/6/7/7/6/2 3 3,X,-0.6111111111111111111111111111,4,SLEEP,Z,0.1086772,0.2411225
3/7/6/5/6/7/7/6/1 3 3,X,0.6111111111111111111111111111,4,SLEEP,Z,0.1243524,0.1848789
3/7/6/5/6/7/7/5/4 3 3,X,-0.6666666666666666666666666667,6,SLEEP,Z,0.05514168,0.2583752
3/7/6/5/6/7/7/5/2 3 3,X,-0.6111111111111111111111111111,6,SLEEP,Z,0.04008297,0.1719387
3/7/6/5/6/7/7/5/1 3 3,X,0.6111111111111111111111111111,2,SLEEP,Z,0.01619984,0.06761272
3/7/6/5/6/7/7/3/4 3 3,X,-0.6666666666666666666666666667,6,SLEEP,Z,0.06311652,0.2665136
3/7/6/5/6/7/7/3/2 3 3,X,-0.6111111111111111111111111111,4,SLEEP,Z,0.1162457,0.2373493
3/7/6/5/6/7/7/3/1 3 3,X,0.6111111111111111111111111111,2,SLEEP,Z,0.03748581,0.09060053
3/7/6/5/5/2/6/7/7 3 3,X,-0.6111111111111111111111111111,4,SLEEP,Z,0.03920888,0.1765145
3/7/6/5/5/2/5/7/7 3 3,X,-0.5555555555555555555555555556,4,SLEEP,Z,0.02480389,0.07143497
3/7/6/5/5/2/3/7/7 3 3,X,0.5769230769230769230769230769,2,SLEEP,Z,0.010174,0.02915413
3/7/6/5/5/2/7/6/7 3 3,X,-0.5555555555555555555555555556,2,SLEEP,Z,0.03494523,0.06264699
3/7/6/5/5/2/7/5/7 3 3,X,-0.5555555555555555555555555556,2,SLEEP,Z,0,0
3/7/6/5/5/2/7/3/7 3 3,X,-0.5555555555555555555555555556,2,SLEEP,Z,0.01756067,0.06172692
3/7/6/5/5/2/7/7/6 3 3,X,-0.6111111111111111111111111111,6,SLEEP,Z,0.0444587,0.2317111
3/7/6/5/5/2/7/7/5 3 3,X,-0.5555555555555555555555555556,6,SLEEP,Z,0.08048016,0.2326656
3/7/6/5/5/2/7/7/3 3 3,X,0.5769230769230769230769230769,2,SLEEP,Z,0,0
3/7/6/5/5/6/2/7/7 3 3,X,-0.5555555555555555555555555556,4,SLEEP,Z,0.0224239,0.0816211
3/7/6/5/5/6/6/6/7 3 3,X,-0.6111111111111111111111111111,4,SLEEP,Z,0.03546697,0.1435097
3/7/6/5/5/6/6/5/7 3 3,X,-0.6111111111111111111111111111,6,SLEEP,Z,0.04158818,0.1773137
3/7/6/5/5/6/6/3/7 3 3,Z,0.6428571428571428571428571429,4,SLEEP,Z,0.039108,0.1686272
3/7/6/5/5/6/6/7/6 3 3,X,-0.6666666666666666666666666667,8,SLEEP,Z,0.09959433,0.2859479
3/7/6/5/5/6/6/7/5 3 3,X,-0.6111111111111111111111111111,4,SLEEP,Z,0.04510572,0.1984476
3/7/6/5/5/6/6/7/3 3 3,X,0.7,2,SLEEP,Z,0.01932843,0.06345601
3/7/6/5/5/6/5/6/7 3 3,X,-0.5555555555555555555555555556,2,SLEEP,Z,0.01552144,0.07692944
3/7/6/5/5/6/5/5/7 3 3,X,-0.5555555555555555555555555556,2,SLEEP,Z,0.01930744,0.08587027
3/7/6/5/5/6/5/3/7 3 3,Z,0.6428571428571428571428571429,2,SLEEP,Z,0.08620725,0.1545534
3/7/6/5/5/6/5/7/6 3 3,X,-0.6111111111111111111111111111,2,SLEEP,Z,0.03457508,0.1409609
3/7/6/5/5/6/5/7/5 3 3,X,-0.5555555555555555555555555556,4,SLEEP,Z,0.08817738,0.3858891
3/7/6/5/5/6/5/7/3 3 3,X,0.5769230769230769230769230769,2,SLEEP,Z,0.02464979,0.04666831
3/7/6/5/5/6/3/6/7 3 3,X,0.5769230769230769230769230769,2,SLEEP,Z,0.007268499,0.02382919
3/7/6/5/5/6/3/5/7 3 3,X,0.5769230769230769230769230769,2,SLEEP,Z,0.01428927,0.05668627
3/7/6/5/5/6/3/3/7 3 3,Z,0.6428571428571428571428571429,2,SLEEP,Z,0.01743005,0.05203808
3/7/6/5/5/6/3/7/6 3 3,X,-0.7,4,SLEEP,Z,0.02467861,0.09619526
3/7/6/5/5/6/3/7/5 3 3,X,0.5769230769230769230769230769,2,SLEEP,Z,0,0
3/7/6/5/5/6/3/7/3 3 3,X,0.6538461538461538461538461538,2,SLEEP,Z,0,0
3/7/6/5/5/6/7/2/7 3 3,X,-0.5555555555555555555555555556,2,SLEEP,Z,0.03584837,0.07945628
3/7/6/5/5/6/7/6/6 3 3,X,-0.6111111111111111111111111111,6,SLEEP,Z,0.0678951,0.2264456
3/7/6/5/5/6/7/6/5 3 3,X,-0.5555555555555555555555555556,2,SLEEP,Z,0.02069087,0.07767349
3/7/6/5/5/6/7/6/3 3 3,X,0.5769230769230769230769230769,2,SLEEP,Z,0.09492589,0.402043
3/7/6/5/5/6/7/5/6 3 3,X,-0.6111111111111111111111111111,6,SLEEP,Z,0.04698505,0.2144438
3/7/6/5/5/6/7/5/5 3 3,X,-0.5555555555555555555555555556,4,SLEEP,Z,0.05633745,0.1385439
3/7/6/5/5/6/7/5/3 3 3,X,0.5769230769230769230769230769,2,SLEEP,Z,0,0
3/7/6/5/5/6/7/3/6 3 3,Z,0.6428571428571428571428571429,6,SLEEP,Z,0.04869136,0.2253131
3/7/6/5/5/6/7/3/5 3 3,Z,0.6428571428571428571428571429,2,SLEEP,Z,0.04427781,0.1447444
3/7/6/5/5/6/7/3/3 3 3,Z,0.6428571428571428571428571429,2,SLEEP,Z,0.108032,0.3926519
3/7/6/5/5/6/7/7/4 3 3,X,-0.6111111111111111111111111111,4,SLEEP,Z,0.02660776,0.1127027
3/7/6/5/5/6/7/7/2 3 3,X,-0.5555555555555555555555555556,2,SLEEP,Z,0.007983253,0.03849236
3/7/6/5/5/6/7/7/1 3 3,X,0.5769230769230769230769230769,2,SLEEP,Z,0.07761251,0.4036132
3/7/6/5/5/5/2/7/7 3 3,X,-0.5555555555555555555555555556,4,SLEEP,Z,0.08385209,0.1925125
3/7/6/5/5/5/6/6/7 3 3,X,-0.6111111111111111111111111111,4,SLEEP,Z,0.04301821,0.1695812
3/7/6/5/5/5/6/5/7 3 3,X,-0.6111111111111111111111111111,4,SLEEP,Z,0.0305165,0.1321074
3/7/6/5/5/5/6/3/7 3 3,X,-0.6111111111111111111111111111,4,SLEEP,Z,0.04850068,0.1694605
3/7/6/5/5/5/6/7/6 3 3,X,-0.6666666666666666666666666667,8,SLEEP,Z,0.05882136,0.2731454
3/7/6/5/5/5/6/7/5 3 3,X,-0.6111111111111111111111111111,8,SLEEP,Z,0.1479277,0.3374601
3/7/6/5/5/5/6/7/3 3 3,X,0.7,2,SLEEP,Z,0.02684236,0.09849744
3/7/6/5/5/5/5/6/7 3 3,X,-0.5555555555555555555555555556,2,SLEEP,Z,0.02576804,0.1095972
3/7/6/5/5/5/5/5/7 3 3,X,-0.5555555555555555555555555556,4,SLEEP,Z,0.02309586,0.09805944
3/7/6/5/5/5/5/3/7 3 3,X,-0.5555555555555555555555555556,2,SLEEP,Z,0.03360258,0.05849008
3/7/6/5/5/5/5/7/6 3 3,X,-0.6111111111111111111111111111,4,SLEEP,Z,0.04332513,0.1541677
3/7/6/5/5/5/5/7/5 3 3,X,-0.5555555555555555555555555556,2,SLEEP,Z,0.0114513,0.06974887
3/7/6/5/5/5/5/7/3 3 3,X,0.5769230769230769230769230769,2,SLEEP,Z,0.01873612,0.03365199
3/7/6/5/5/5/3/6/7 3 3,X,0.5769230769230769230769230769,2,SLEEP,Z,0.01349517,0.03293656
3/7/6/5/5/5/3/5/7 3 3,X,0.5769230769230769230769230769,2,SLEEP,Z,0,0
3/7/6/5/5/5/3/3/7 3 3,X,0.5769230769230769230769230769,2,SLEEP,Z,0,0
3/7/6/5/5/5/3/7/6 3 3,X,-0.7,2,SLEEP,Z,0.0201292,0.08822105
3/7/6/5/5/5/3/7/5 3 3,X,0.5769230769230769230769230769,2,SLEEP,Z,0,0
3/7/6/5/5/5/3/7/3 3 3,X,0.6538461538461538461538461538,2,SLEEP,Z,0.01401979,0.05174207
3/7/6/5/5/5/7/2/7 3 3,X,-0.5555555555555555555555555556,4,SLEEP,Z,0.01872429,0.07906818
3/7/6/5/5/5/7/6/6 3 3,X,-0.6111111111111111111111111111,2,SLEEP,Z,0.02268703,0.06338736
3/7/6/5/5/5/7/6/5 3 3,X,-0.5555555555555555555555555556,4,SLEEP,Z,0.03170683,0.1353567
3/7/6/5/5/5/7/6/3 3 3,X,0.5769230769230769230769230769,2,SLEEP,Z,0,0
3/7/6/5/5/5/7/5/6 3 3,X,-0.6111111111111111111111111111,6,SLEEP,Z,0.05364852,0.2250428
3/7/6/5/5/5/7/5/5 3 3,X,-0.5555555555555555555555555556,4,SLEEP,Z,0.09240117,0.2017554
3/7/6/5/5/5/7/5/3 3 3,X,0.5769230769230769230769230769,2,SLEEP,Z,0.009019388,0.03798947
3/7/6/5/5/5/7/3/6 3 3,X,-0.6111111111111111111111111111,4,SLEEP,Z,0.03451544,0.1196928
3/7/6/5/5/5/7/3/5 3 3,X,-0.5555555555555555555555555556,2,SLEEP,Z,0.0187172,0.08279496
3/7/6/5/5/5/7/3/3 3 3,X,0.5769230769230769230769230769,2,SLEEP,Z,0.08334585,0.2327315
3/7/6/5/5/5/7/7/4 3 3,X,-0.6111111111111111111111111111,4,SLEEP,Z,0.03220173,0.1472665
3/7/6/5/5/5/7/7/2 3 3,X,-0.5555555555555555555555555556,2,SLEEP,Z,0,0
3/7/6/5/5/5/7/7/1 3 3,X,0.5769230769230769230769230769,2,SLEEP,Z,0.01192019,0.04532633
3/7/6/5/5/3/2/7/7 3 3,X,-0.5555555555555555555555555556,2,SLEEP,Z,0,0
3/7/6/5/5/3/6/6/7 3 3,Z,-0.6428571428571428571428571429,4,SLEEP,Z,0.03393174,0.1700337
3/7/6/5/5/3/6/5/7 3 3,X,-0.6111111111111111111111111111,2,SLEEP,Z,0.05507075,0.1818679
3/7/6/5/5/3/6/3/7 3 3,X,-0.6111111111111111111111111111,2,SLEEP,Z,0.04196383,0.1213914
3/7/6/5/5/3/6/7/6 3 3,X,-0.6666666666666666666666666667,12,SLEEP,Z,0.05473256,0.2509101
3/7/6/5/5/3/6/7/5 3 3,X,-0.6111111111111111111111111111,4,SLEEP,Z,0.02738708,0.117331
3/7/6/5/5/3/6/7/3 3 3,X,0.7,2,SLEEP,Z,0.008630554,0.0317065
3/7/6/5/5/3/5/6/7 3 3,Z,-0.6428571428571428571428571429,2,SLEEP,Z,0.0155881,0.06463479
3/7/6/5/5/3/5/5/7 3 3,X,-0.5555555555555555555555555556,2,SLEEP,Z,0.03980207,0.09074864
3/7/6/5/5/3/5/3/7 3 3,X,-0.5555555555555555555555555556,4,SLEEP,Z,0.03277013,0.09172268
3/7/6/5/5/3/5/7/6 3 3,X,-0.6111111111111111111111111111,2,SLEEP,Z,0.01877456,0.05201914
3/7/6/5/5/3/5/7/5 3 3,X,-0.5555555555555555555555555556,2,SLEEP,Z,0.03292111,0.103486
3/7/6/5/5/3/5/7/3 3 3,X,0.5769230769230769230769230769,2,SLEEP,Z,0,0
3/7/6/5/5/3/3/6/7 3 3,Z,-0.6428571428571428571428571429,2,SLEEP,Z,0.02582039,0.05162042
3/7/6/5/5/3/3/5/7 3 3,X,0.5769230769230769230769230769,2,SLEEP,Z,0.0164816,0.05186112
3/7/6/5/5/3/3/3/7 3 3,X,0.5769230769230769230769230769,2,SLEEP,Z,0,0
3/7/6/5/5/3/3/7/6 3 3,X,-0.7,2,SLEEP,Z,0.02357057,0.09216488
3/7/6/5/5/3/3/7/5 3 3,X,0.5769230769230769230769230769,2,SLEEP,Z,0.03105837,0.05908501
3/7/6/5/5/3/3/7/3 3 3,X,0.6538461538461538461538461538,2,SLEEP,Z,0.04307773,0.05057807
3/7/6/5/5/3/7/2/7 3 3,X,-0.5555555555555555555555555556,4,SLEEP,Z,0.0168987,0.06732477
3/7/6/5/5/3/7/6/6 3 3,Z,-0.6428571428571428571428571429,6,SLEEP,Z,0.04158832,0.1757397
3/7/6/5/5/3/7/6/5 3 3,Z,-0.6428571428571428571428571429,4,SLEEP,Z,0.02192985,0.07109315
3/7/6/5/5/3/7/6/3 3 3,Z,-0.6428571428571428571428571429,2,SLEEP,Z,0,0
3/7/6/5/5/3/7/5/6 3 3,X,-0.6111111111111111111111111111,4,SLEEP,Z,0.02330924,0.09382994
3/7/6/5/5/3/7/5/5 3 3,X,-0.5555555555555555555555555556,2,SLEEP,Z,0.03455136,0.09466917
3/7/6/5/5/3/7/5/3 3 3,X,0.5769230769230769230769230769,2,SLEEP,Z,0,0
3/7/6/5/5/3/7/3/6 3 3,X,-0.6111111111111111111111111111,6,SLEEP,Z,0.07843038,0.3942343
3/7/6/5/5/3/7/3/5 3 3,X,-0.5555555555555555555555555556,2,SLEEP,Z,0.01658143,0.08035787
3/7/6/5/5/3/7/3/3 3 3,X,0.5769230769230769230769230769,2,SLEEP,Z,0,0
3/7/6/5/5/3/7/7/4 3 3,X,-0.6111111111111111111111111111,4,SLEEP,Z,0.03730835,0.1962874
3/7/6/5/5/3/7/7/2 3 3,X,-0.5555555555555555555555555556,2,SLEEP,Z,0.02085487,0.08925541
3/7/6/5/5/3/7/7/1 3 3,X,0.5769230769230769230769230769,2,SLEEP,Z,0.02747342,0.06813829
3/7/6/5/5/7/2/6/7 3 3,X,-0.5555555555555555555555555556,4,SLEEP,Z,0.1134021,0.2666416
3/7/6/5/5/7/2/5/7 3 3,X,-0.5555555555555555555555555556,4,SLEEP,Z,0.06960335,0.1085944
3/7/6/5/5/7/2/3/7 3 3,X,-0.5555555555555555555555555556,2,SLEEP,Z,0,0
3/7/6/5/5/7/2/7/6 3 3,X,-0.6111111111111111111111111111,4,SLEEP,Z,0.02811986,0.1256115
3/7/6/5/5/7/2/7/5 3 3,X,-0.5555555555555555555555555556,2,SLEEP,Z,0.09786472,0.3846989
3/7/6/5/5/7/2/7/3 3 3,X,0.5769230769230769230769230769,2,SLEEP,Z,0.03887334,0.04388646
3/7/6/5/5/7/6/2/7 3 3,X,-0.6111111111111111111111111111,6,SLEEP,Z,0.05485327,0.1895497
3/7/6/5/5/7/6/6/6 3 3,X,-0.6666666666666666666666666667,6,SLEEP,Z,0.04830298,0.2314886
3/7/6/5/5/7/6/6/5 3 3,X,-0.6111111111111111111111111111,6,SLEEP,Z,0.03878475,0.1705076
3/7/6/5/5/7/6/6/3 3 3,X,0.75,2,SLEEP,Z,0.0325893,0.08317541
3/7/6/5/5/7/6/5/6 3 3,X,-0.6666666666666666666666666667,8,SLEEP,Z,0.08814594,0.3073575
3/7/6/5/5/7/6/5/5 3 3,X,-0.6111111111111111111111111111,2,SLEEP,Z,0.01909494,0.08613105
3/7/6/5/5/7/6/5/3 3 3,X,0.75,4,SLEEP,Z,0.0247501,0.09766671
3/7/6/5/5/7/6/3/6 3 3,X,-0.6666666666666666666666666667,6,SLEEP,Z,0.06975967,0.2669575
3/7/6/5/5/7/6/3/5 3 3,X,-0.6111111111111111111111111111,6,SLEEP,Z,0.04619255,0.2010385
3/7/6/5/5/7/6/3/3 3 3,X,0.75,2,SLEEP,Z,0.09612028,0.1572272
3/7/6/5/5/7/6/7/4 3 3,X,-0.6666666666666666666666666667,8,SLEEP,Z,0.05933343,0.2720507
3/7/6/5/5/7/6/7/2 3 3,X,-0.6111111111111111111111111111,2,SLEEP,Z,0.05775024,0.1942279
3/7/6/5/5/7/6/7/1 3 3,X,0.75,2,SLEEP,Z,0.02151978,0.05161901
3/7/6/5/5/7/5/2/7 3 3,X,-0.5555555555555555555555555556,2,SLEEP,Z,0,0
3/7/6/5/5/7/5/6/6 3 3,X,-0.6111111111111111111111111111,4,SLEEP,Z,0.05027232,0.1477391
3/7/6/5/5/7/5/6/5 3 3,X,-0.5555555555555555555555555556,2,SLEEP,Z,0.01705753,0.07451887
3/7/6/5/5/7/5/6/3 3 3,X,0.5769230769230769230769230769,2,SLEEP,Z,0,0
3/7/6/5/5/7/5/5/6 3 3,X,-0.6111111111111111111111111111,4,SLEEP,Z,0.03034063,0.1366895
3/7/6/5/5/7/5/5/5 3 3,X,-0.5555555555555555555555555556,2,SLEEP,Z,0.01686931,0.0759894
3/7/6/5/5/7/5/5/3 3 3,X,0.5769230769230769230769230769,2,SLEEP,Z,0.01781784,0.03830101
3/7/6/5/5/7/5/3/6 3 3,X,-0.6111111111111111111111111111,4,SLEEP,Z,0.03127979,0.1403572
3/7/6/5/5/7/5/3/5 3 3,X,-0.5555555555555555555555555556,2,SLEEP,Z,0.0115988,0.04883116
3/7/6/5/5/7/5/3/3 3 3,X,0.5769230769230769230769230769,2,SLEEP,Z,0,0
3/7/6/5/5/7/5/7/4 3 3,X,-0.6111111111111111111111111111,6,SLEEP,Z,0.05673743,0.2519322
3/7/6/5/5/7/5/7/2 3 3,X,-0.5555555555555555555555555556,2,SLEEP,Z,0.03675251,0.1241505
3/7/6/5/5/7/5/7/1 3 3,X,0.5769230769230769230769230769,2,SLEEP,Z,0.04624979,0.06061181
3/7/6/5/5/7/3/2/7 3 3,X,0.5769230769230769230769230769,2,SLEEP,Z,0.02242385,0.03929249
3/7/6/5/5/7/3/6/6 3 3,X,-0.75,2,SLEEP,Z,0.02693406,0.09940714
3/7/6/5/5/7/3/6/5 3 3,X,0.5769230769230769230769230769,2,SLEEP,Z,0.08372266,0.2053617
3/7/6/5/5/7/3/6/3 3 3,X,0.6538461538461538461538461538,2,SLEEP,Z,0.0471398,0.09913343
3/7/6/5/5/7/3/5/6 3 3,X,-0.75,2,SLEEP,Z,0.01811949,0.09094613
3/7/6/5/5/7/3/5/5 3 3,X,0.5769230769230769230769230769,2,SLEEP,Z,0.0246428,0.0595593
3/7/6/5/5/7/3/5/3 3 3,X,0.6538461538461538461538461538,2,SLEEP,Z,0,0
3/7/6/5/5/7/3/3/6 3 3,X,-0.75,2,SLEEP,Z,0.03396658,0.127396
3/7/6/5/5/7/3/3/5 3 3,X,0.5769230769230769230769230769,2,SLEEP,Z,0.0245523,0.05395359
3/7/6/5/5/7/3/3/3 3 3,X,0.6538461538461538461538461538,2,SLEEP,Z,0.009393262,0.04351555
3/7/6/5/5/7/3/7/4 3 3,X,-0.75,4,SLEEP,Z,0.07785688,0.1917738
3/7/6/5/5/7/3/7/2 3 3,X,0.5769230769230769230769230769,2,SLEEP,Z,0.01861926,0.07866985
3/7/6/5/5/7/3/7/1 3 3,X,0.6538461538461538461538461538,2,SLEEP,Z,0.01308351,0.04392796
3/7/6/5/5/7/7/2/6 3 3,X,-0.6111111111111111111111111111,2,SLEEP,Z,0.0265922,0.1128623
3/7/6/5/5/7/7/2/5 3 3,X,-0.5555555555555555555555555556,2,SLEEP,Z,0.01005315,0.04439874
3/7/6/5/5/7/7/2/3 3 3,X,0.5769230769230769230769230769,2,SLEEP,Z,0.0424318,0.03718059
3/7/6/5/5/7/7/6/4 3 3,X,-0.6111111111111111111111111111,2,SLEEP,Z,0.04053904,0.1893318
3/7/6/5/5/7/7/6/2 3 3,X,-0.5555555555555555555555555556,2,SLEEP,Z,0.01649745,0.06977889
3/7/6/5/5/7/7/6/1 3 3,X,0.5769230769230769230769230769,2,SLEEP,Z,0.09544731,0.4166175
3/7/6/5/5/7/7/5/4 3 3,X,-0.6111111111111111111111111111,6,SLEEP,Z,0.05718904,0.2222138
3/7/6/5/5/7/7/5/2 3 3,X,-0.5555555555555555555555555556,4,SLEEP,Z,0.01465975,0.06424756
3/7/6/5/5/7/7/5/1 3 3,X,0.5769230769230769230769230769,2,SLEEP,Z,0.02225779,0.05599212
3/7/6/5/5/7/7/3/4 3 3,X,-0.6111111111111111111111111111,4,SLEEP,Z,0.04062436,0.1833735
3/7/6/5/5/7/7/3/2 3 3,X,-0.5555555555555555555555555556,2,SLEEP,Z,0.01834048,0.07670423
3/7/6/5/5/7/7/3/1 3 3,X,0.5769230769230769230769230769,2,SLEEP,Z,0,0
3/7/6/5/3/2/6/7/7 3 3,X,-0.6111111111111111111111111111,4,SLEEP,Z,0.03013007,0.1019171
3/7/6/5/3/2/5/7/7 3 3,X,0.5769230769230769230769230769,2,SLEEP,Z,0.02696425,0.1088821
3/7/6/5/3/2/3/7/7 3 3,X,0.6538461538461538461538461538,2,SLEEP,Z,0.02610241,0.05636099
3/7/6/5/3/2/7/6/7 3 3,X,0.5769230769230769230769230769,4,SLEEP,Z,0.02593922,0.0862411
3/7/6/5/3/2/7/5/7 3 3,X,0.5769230769230769230769230769,2,SLEEP,Z,0.01642755,0.06546068
3/7/6/5/3/2/7/3/7 3 3,X,0.5769230769230769230769230769,4,SLEEP,Z,0.0327297,0.07853484
3/7/6/5/3/2/7/7/6 3 3,X,-0.6111111111111111111111111111,2,SLEEP,Z,0.03518695,0.1364256
3/7/6/5/3/2/7/7/5 3 3,X,0.5769230769230769230769230769,2,SLEEP,Z,0.01051242,0.03094121
3/7/6/5/3/2/7/7/3 3 3,X,0.6538461538461538461538461538,2,SLEEP,Z,0.01850677,0.06542569
3/7/6/5/3/6/2/7/7 3 3,X,0.5769230769230769230769230769,2,SLEEP,Z,0.05775717,0.3937301
3/7/6/5/3/6/6/6/7 3 3,X,-0.6111111111111111111111111111,8,SLEEP,Z,0.1067249,0.263198
3/7/6/5/3/6/6/5/7 3 3,X,-0.6111111111111111111111111111,2,SLEEP,Z,0.04378832,0.1066116
3/7/6/5/3/6/6/3/7 3 3,Z,0.6428571428571428571428571429,4,SLEEP,Z,0.1299452,0.4454891
3/7/6/5/3/6/6/7/6 3 3,X,-0.7222222222222222222222222222,8,SLEEP,Z,0.08437455,0.4081964
3/7/6/5/3/6/6/7/5 3 3,X,-0.6111111111111111111111111111,6,SLEEP,Z,0.04338198,0.1580781
3/7/6/5/3/6/6/7/3 3 3,X,0.7,2,SLEEP,Z,0,0
3/7/6/5/3/6/5/6/7 3 3,X,0.5769230769230769230769230769,2,SLEEP,Z,0.02193778,0.03106184
3/7/6/5/3/6/5/5/7 3 3,X,0.5769230769230769230769230769,2,SLEEP,Z,0.01938265,0.08004689
3/7/6/5/3/6/5/3/7 3 3,Z,0.6428571428571428571428571429,4,SLEEP,Z,0.0558896,0.1090534
3/7/6/5/3/6/5/7/6 3 3,X,-0.6111111111111111111111111111,4,SLEEP,Z,0.06013171,0.212115
3/7/6/5/3/6/5/7/5 3 3,X,0.5769230769230769230769230769,4,SLEEP,Z,0.03595412,0.0847482
3/7/6/5/3/6/5/7/3 3 3,X,0.6538461538461538461538461538,2,SLEEP,Z,0.01880301,0.04470114
3/7/6/5/3/6/3/6/7 3 3,X,0.6538461538461538461538461538,2,SLEEP,Z,0.01414734,0.04771
3/7/6/5/3/6/3/5/7 3 3,X,0.6538461538461538461538461538,2,SLEEP,Z,0.006792068,0.01644277
3/7/6/5/3/6/3/3/7 3 3,X,0.6538461538461538461538461538,2,SLEEP,Z,0,0
3/7/6/5/3/6/3/7/6 3 3,X,-0.7,2,SLEEP,Z,0.0134311,0.03624944
3/7/6/5/3/6/3/7/5 3 3,X,0.6538461538461538461538461538,2,SLEEP,Z,0,0
3/7/6/5/3/6/3/7/3 3 3,X,0.7307692307692307692307692307,2,SLEEP,Z,0.01465919,0.05292933
3/7/6/5/3/6/7/2/7 3 3,X,0.5769230769230769230769230769,4,SLEEP,Z,0.03583946,0.08207659
3/7/6/5/3/6/7/6/6 3 3,X,-0.6111111111111111111111111111,4,SLEEP,Z,0.05559138,0.2012671
3/7/6/5/3/6/7/6/5 3 3,X,0.5769230769230769230769230769,4,SLEEP,Z,0.05742711,0.1872826
3/7/6/5/3/6/7/6/3 3 3,X,0.6538461538461538461538461538,2,SLEEP,Z,0.008268242,0.02780408
3/7/6/5/3/6/7/5/6 3 3,X,-0.6111111111111111111111111111,6,SLEEP,Z,0.04899944,0.1851812
3/7/6/5/3/6/7/5/5 3 3,X,0.5769230769230769230769230769,2,SLEEP,Z,0.01360561,0.05328103
3/7/6/5/3/6/7/5/3 3 3,X,0.6538461538461538461538461538,2,SLEEP,Z,0,0
3/7/6/5/3/6/7/3/6 3 3,Z,0.6428571428571428571428571429,4,SLEEP,Z,0.07095068,0.2173996
3/7/6/5/3/6/7/3/5 3 3,Z,0.6428571428571428571428571429,4,SLEEP,Z,0.0206603,0.0654518
3/7/6/5/3/6/7/3/3 3 3,X,0.6538461538461538461538461538,2,SLEEP,Z,0,0
3/7/6/5/3/6/7/7/4 3 3,X,-0.6111111111111111111111111111,4,SLEEP,Z,0.08144435,0.2483569
3/7/6/5/3/6/7/7/2 3 3,X,0.5769230769230769230769230769,2,SLEEP,Z,0.008491356,0.03097256
3/7/6/5/3/6/7/7/1 3 3,X,0.6538461538461538461538461538,2,SLEEP,Z,0.03983155,0.07475307
3/7/6/5/3/5/2/7/7 3 3,X,0.5769230769230769230769230769,2,SLEEP,Z,0.03119197,0.1112375
3/7/6/5/3/5/6/6/7 3 3,X,-0.6111111111111111111111111111,4,SLEEP,Z,0.05406298,0.2691361
3/7/6/5/3/5/6/5/7 3 3,X,-0.6111111111111111111111111111,2,SLEEP,Z,0.02371212,0.100125
3/7/6/5/3/5/6/3/7 3 3,X,-0.6111111111111111111111111111,4,SLEEP,Z,0.06114773,0.2385824
3/7/6/5/3/5/6/7/6 3 3,X,-0.7222222222222222222222222222,8,SLEEP,Z,0.09050786,0.3054358
3/7/6/5/3/5/6/7/5 3 3,X,-0.6111111111111111111111111111,4,SLEEP,Z,0.09609833,0.3903659
3/7/6/5/3/5/6/7/3 3 3,X,0.7,2,SLEEP,Z,0.05723599,0.1761627
3/7/6/5/3/5/5/6/7 3 3,X,0.5769230769230769230769230769,2,SLEEP,Z,0.06232341,0.09472842
3/7/6/5/3/5/5/5/7 3 3,X,0.5769230769230769230769230769,4,SLEEP,Z,0.08085185,0.414061
3/7/6/5/3/5/5/3/7 3 3,X,0.5769230769230769230769230769,2,SLEEP,Z,0.02328355,0.08736848
3/7/6/5/3/5/5/7/6 3 3,X,-0.6111111111111111111111111111,4,SLEEP,Z,0.04537743,0.1771664
3/7/6/5/3/5/5/7/5 3 3,X,0.5769230769230769230769230769,2,SLEEP,Z,0.01222744,0.04043005
3/7/6/5/3/5/5/7/3 3 3,X,0.6538461538461538461538461538,2,SLEEP,Z,0.02486347,0.04362807
3/7/6/5/3/5/3/6/7 3 3,X,0.6538461538461538461538461538,2,SLEEP,Z,0.02621802,0.0533345
3/7/6/5/3/5/3/5/7 3 3,X,0.6538461538461538461538461538,2,SLEEP,Z,0,0
3/7/6/5/3/5/3/3/7 3 3,X,0.6538461538461538461538461538,2,SLEEP,Z,0,0
3/7/6/5/3/5/3/7/6 3 3,X,-0.7,2,SLEEP,Z,0,0
3/7/6/5/3/5/3/7/5 3 3,X,0.6538461538461538461538461538,2,SLEEP,Z,0,0
3/7/6/5/3/5/3/7/3 3 3,X,0.7307692307692307692307692307,4,SLEEP,Z,0.03745352,0.1428718
3/7/6/5/3/5/7/2/7 3 3,X,0.5769230769230769230769230769,2,SLEEP,Z,0,0
3/7/6/5/3/5/7/6/6 3 3,X,-0.6111111111111111111111111111,4,SLEEP,Z,0.03378575,0.1004479
3/7/6/5/3/5/7/6/5 3 3,X,0.5769230769230769230769230769,2,SLEEP,Z,0.02176874,0.08482575
3/7/6/5/3/5/7/6/3 3 3,X,0.6538461538461538461538461538,2,SLEEP,Z,0,0
3/7/6/5/3/5/7/5/6 3 3,X,-0.6111111111111111111111111111,2,SLEEP,Z,0.02316405,0.09195773
3/7/6/5/3/5/7/5/5 3 3,X,0.5769230769230769230769230769,2,SLEEP,Z,0.04161819,0.1784173
3/7/6/5/3/5/7/5/3 3 3,X,0.6538461538461538461538461538,2,SLEEP,Z,0.02292762,0.07631815
3/7/6/5/3/5/7/3/6 3 3,X,-0.6111111111111111111111111111,6,SLEEP,Z,0.03129404,0.1062165
3/7/6/5/3/5/7/3/5 3 3,X,0.5769230769230769230769230769,2,SLEEP,Z,0.01791283,0.07274435
3/7/6/5/3/5/7/3/3 3 3,X,0.6538461538461538461538461538,4,SLEEP,Z,0.02612392,0.08987838
3/7/6/5/3/5/7/7/4 3 3,X,-0.6111111111111111111111111111,4,SLEEP,Z,0.03703099,0.1666486
3/7/6/5/3/5/7/7/2 3 3,X,0.5769230769230769230769230769,2,SLEEP,Z,0.01649898,0.05427126
3/7/6/5/3/5/7/7/1 3 3,X,0.6538461538461538461538461538,2,SLEEP,Z,0.01351402,0.0472123
3/7/6/5/3/3/2/7/7 3 3,X,0.5769230769230769230769230769,4,SLEEP,Z,0.03763437,0.1160665
3/7/6/5/3/3/6/6/7 3 3,Z,-0.6428571428571428571428571429,4,SLEEP,Z,0.0316234,0.1231147
3/7/6/5/3/3/6/5/7 3 3,X,-0.6111111111111111111111111111,2,SLEEP,Z,0.02266492,0.08403437
3/7/6/5/3/3/6/3/7 3 3,X,-0.6111111111111111111111111111,4,SLEEP,Z,0.05322246,0.1926252
3/7/6/5/3/3/6/7/6 3 3,X,-0.7222222222222222222222222222,8,SLEEP,Z,0.09972247,0.3383488
3/7/6/5/3/3/6/7/5 3 3,X,-0.6111111111111111111111111111,4,SLEEP,Z,0.02578095,0.0974313
3/7/6/5/3/3/6/7/3 3 3,X,0.7,2,SLEEP,Z,0,0
3/7/6/5/3/3/5/6/7 3 3,Z,-0.6428571428571428571428571429,4,SLEEP,Z,0.03273313,0.1044385
3/7/6/5/3/3/5/5/7 3 3,X,0.5769230769230769230769230769,2,SLEEP,Z,0.02670688,0.09888776
3/7/6/5/3/3/5/3/7 3 3,X,0.5769230769230769230769230769,4,SLEEP,Z,0.06446785,0.1618846
3/7/6/5/3/3/5/7/6 3 3,X,-0.6111111111111111111111111111,2,SLEEP,Z,0.03600613,0.1284594
3/7/6/5/3/3/5/7/5 3 3,X,0.5769230769230769230769230769,2,SLEEP,Z,0.06629704,0.1561557
3/7/6/5/3/3/5/7/3 3 3,X,0.6538461538461538461538461538,2,SLEEP,Z,0,0
3/7/6/5/3/3/3/6/7 3 3,X,0.6538461538461538461538461538,4,SLEEP,Z,0.06400028,0.1241864
3/7/6/5/3/3/3/5/7 3 3,X,0.6538461538461538461538461538,2,SLEEP,Z,0.01773796,0.01870879
3/7/6/5/3/3/3/3/7 3 3,X,0.6538461538461538461538461538,2,SLEEP,Z,0,0
3/7/6/5/3/3/3/7/6 3 3,X,-0.7,2,SLEEP,Z,0.0321538,0.07985504
3/7/6/5/3/3/3/7/5 3 3,X,0.6538461538461538461538461538,2,SLEEP,Z,0.006506971,0.01682115
3/7/6/5/3/3/3/7/3 3 3,X,0.7307692307692307692307692307,4,SLEEP,Z,0.03245824,0.09662542
3/7/6/5/3/3/7/2/7 3 3,X,0.5769230769230769230769230769,4,SLEEP,Z,0.03580886,0.08498652
3/7/6/5/3/3/7/6/6 3 3,Z,-0.6428571428571428571428571429,4,SLEEP,Z,0.02831355,0.1105931
3/7/6/5/3/3/7/6/5 3 3,Z,-0.6428571428571428571428571429,2,SLEEP,Z,0.01243817,0.05253954
3/7/6/5/3/3/7/6/3 3 3,X,0.6538461538461538461538461538,2,SLEEP,Z,0.02835924,0.04999802
3/7/6/5/3/3/7/5/6 3 3,X,-0.6111111111111111111111111111,4,SLEEP,Z,0.02935638,0.1180663
3/7/6/5/3/3/7/5/5 3 3,X,0.5769230769230769230769230769,4,SLEEP,Z,0.02570229,0.112393
3/7/6/5/3/3/7/5/3 3 3,X,0.6538461538461538461538461538,2,SLEEP,Z,0.005100242,0.01235617
3/7/6/5/3/3/7/3/6 3 3,X,-0.6111111111111111111111111111,4,SLEEP,Z,0.03339047,0.1461108
3/7/6/5/3/3/7/3/5 3 3,X,0.5769230769230769230769230769,2,SLEEP,Z,0.01482236,0.05610998
3/7/6/5/3/3/7/3/3 3 3,X,0.6538461538461538461538461538,2,SLEEP,Z,0.02071182,0.07604137
3/7/6/5/3/3/7/7/4 3 3,X,-0.6111111111111111111111111111,2,SLEEP,Z,0.03100266,0.1333985
3/7/6/5/3/3/7/7/2 3 3,X,0.5769230769230769230769230769,2,SLEEP,Z,0,0
3/7/6/5/3/3/7/7/1 3 3,X,0.6538461538461538461538461538,2,SLEEP,Z,0.02392395,0.05791031
3/7/6/5/3/7/2/6/7 3 3,X,0.5769230769230769230769230769,4,SLEEP,Z,0.04500849,0.1400639
3/7/6/5/3/7/2/5/7 3 3,X,0.5769230769230769230769230769,4,SLEEP,Z,0.04783287,0.413932
3/7/6/5/3/7/2/3/7 3 3,X,0.5769230769230769230769230769,2,SLEEP,Z,0,0
3/7/6/5/3/7/2/7/6 3 3,X,-0.6111111111111111111111111111,2,SLEEP,Z,0.03027982,0.1035
3/7/6/5/3/7/2/7/5 3 3,X,0.5769230769230769230769230769,2,SLEEP,Z,0,0
3/7/6/5/3/7/2/7/3 3 3,X,0.6538461538461538461538461538,2,SLEEP,Z,0,0
3/7/6/5/3/7/6/2/7 3 3,X,-0.6111111111111111111111111111,4,SLEEP,Z,0.02488458,0.07456473
3/7/6/5/3/7/6/6/6 3 3,X,-0.7222222222222222222222222222,4,SLEEP,Z,0.04336184,0.180701
3/7/6/5/3/7/6/6/5 3 3,X,-0.6111111111111111111111111111,2,SLEEP,Z,0.08812159,0.2176107
3/7/6/5/3/7/6/6/3 3 3,X,0.75,2,SLEEP,Z,0.01020825,0.04225883
3/7/6/5/3/7/6/5/6 3 3,X,-0.7222222222222222222222222222,6,SLEEP,Z,0.05974035,0.2204663
3/7/6/5/3/7/6/5/5 3 3,X,-0.6111111111111111111111111111,6,SLEEP,Z,0.03085257,0.1217989
3/7/6/5/3/7/6/5/3 3 3,X,0.75,2,SLEEP,Z,0.04809372,0.03739629
3/7/6/5/3/7/6/3/6 3 3,X,-0.7222222222222222222222222222,6,SLEEP,Z,0.09224285,0.4467851
3/7/6/5/3/7/6/3/5 3 3,X,-0.6111111111111111111111111111,2,SLEEP,Z,0.02704368,0.09662229
3/7/6/5/3/7/6/3/3 3 3,X,0.75,2,SLEEP,Z,0.0366717,0.02727581
3/7/6/5/3/7/6/7/4 3 3,X,-0.7222222222222222222222222222,8,SLEEP,Z,0.06817134,0.2734799
3/7/6/5/3/7/6/7/2 3 3,X,-0.6111111111111111111111111111,4,SLEEP,Z,0.04372066,0.1854873
3/7/6/5/3/7/6/7/1 3 3,X,0.75,4,SLEEP,Z,0.07131861,0.1545591
3/7/6/5/3/7/5/2/7 3 3,X,0.5769230769230769230769230769,2,SLEEP,Z,0.01552702,0.05915816
3/7/6/5/3/7/5/6/6 3 3,X,-0.6111111111111111111111111111,2,SLEEP,Z,0.03905479,0.1627957
3/7/6/5/3/7/5/6/5 3 3,X,0.5769230769230769230769230769,4,SLEEP,Z,0.06315578,0.3811623
3/7/6/5/3/7/5/6/3 3 3,X,0.6538461538461538461538461538,2,SLEEP,Z,0,0
3/7/6/5/3/7/5/5/6 3 3,X,-0.6111111111111111111111111111,2,SLEEP,Z,0.03114478,0.1137784
3/7/6/5/3/7/5/5/5 3 3,X,0.5769230769230769230769230769,2,SLEEP,Z,0,0
3/7/6/5/3/7/5/5/3 3 3,X,0.6538461538461538461538461538,2,SLEEP,Z,0.03119477,0.02795007
3/7/6/5/3/7/5/3/6 3 3,X,-0.6111111111111111111111111111,4,SLEEP,Z,0.0559173,0.2300877
3/7/6/5/3/7/5/3/5 3 3,X,0.5769230769230769230769230769,4,SLEEP,Z,0.02208841,0.08120427
3/7/6/5/3/7/5/3/3 3 3,X,0.6538461538461538461538461538,2,SLEEP,Z,0.01608636,0.06254536
3/7/6/5/3/7/5/7/4 3 3,X,-0.6111111111111111111111111111,4,SLEEP,Z,0.03909095,0.1838563
3/7/6/5/3/7/5/7/2 3 3,X,0.5769230769230769230769230769,4,SLEEP,Z,0.0295588,0.09991807
3/7/6/5/3/7/5/7/1 3 3,X,0.6538461538461538461538461538,2,SLEEP,Z,0.01901655,0.05346469
3/7/6/5/3/7/3/2/7 3 3,X,0.6538461538461538461538461538,4,SLEEP,Z,0.03873971,0.1142165
3/7/6/5/3/7/3/6/6 3 3,X,-0.75,2,SLEEP,Z,0.01338409,0.05847012
3/7/6/5/3/7/3/6/5 3 3,X,0.6538461538461538461538461538,2,SLEEP,Z,0.0414422,0.06007087
3/7/6/5/3/7/3/6/3 3 3,X,0.7307692307692307692307692307,4,SLEEP,Z,0.05738435,0.2163956
3/7/6/5/3/7/3/5/6 3 3,X,-0.75,2,SLEEP,Z,0,0
3/7/6/5/3/7/3/5/5 3 3,X,0.6538461538461538461538461538,2,SLEEP,Z,0.01678186,0.0459509
3/7/6/5/3/7/3/5/3 3 3,X,0.7307692307692307692307692307,4,SLEEP,Z,0.02280145,0.08957507
3/7/6/5/3/7/3/3/6 3 3,X,-0.75,2,SLEEP,Z,0.007965523,0.03495732
3/7/6/5/3/7/3/3/5 3 3,X,0.6538461538461538461538461538,2,SLEEP,Z,0.007646198,0.03306462
3/7/6/5/3/7/3/3/3 3 3,X,0.7307692307692307692307692307,2,SLEEP,Z,0.009536985,0.02880824
3/7/6/5/3/7/3/7/4 3 3,X,-0.75,2,SLEEP,Z,0.03532071,0.09207261
3/7/6/5/3/7/3/7/2 3 3,X,0.6538461538461538461538461538,2,SLEEP,Z,0.01729318,0.04925991
3/7/6/5/3/7/3/7/1 3 3,X,0.7307692307692307692307692307,2,SLEEP,Z,0.02640598,0.1012882
3/7/6/5/3/7/7/2/6 3 3,X,-0.6111111111111111111111111111,2,SLEEP,Z,0.03369197,0.133959
3/7/6/5/3/7/7/2/5 3 3,X,0.5769230769230769230769230769,2,SLEEP,Z,0.04471514,0.1768733
3/7/6/5/3/7/7/2/3 3 3,X,0.6538461538461538461538461538,2,SLEEP,Z,0.08791781,0.3673348
3/7/6/5/3/7/7/6/4 3 3,X,-0.6111111111111111111111111111,4,SLEEP,Z,0.04729595,0.1612423
3/7/6/5/3/7/7/6/2 3 3,X,0.5769230769230769230769230769,2,SLEEP,Z,0.02020268,0.0768965
3/7/6/5/3/7/7/6/1 3 3,X,0.6538461538461538461538461538,2,SLEEP,Z,0.01366604,0.04128654
3/7/6/5/3/7/7/5/4 3 3,X,-0.6111111111111111111111111111,4,SLEEP,Z,0.07387374,0.2533941
3/7/6/5/3/7/7/5/2 3 3,X,0.5769230769230769230769230769,2,SLEEP,Z,0.02138314,0.08696139
3/7/6/5/3/7/7/5/1 3 3,X,0.6538461538461538461538461538,2,SLEEP,Z,0,0
3/7/6/5/3/7/7/3/4 3 3,X,-0.6111111111111111111111111111,4,SLEEP,Z,0.07042962,0.2390051
3/7/6/5/3/7/7/3/2 3 3,X,0.5769230769230769230769230769,4,SLEEP,Z,0.01746175,0.0645057
3/7/6/5/3/7/7/3/1 3 3,X,0.6538461538461538461538461538,2,SLEEP,Z,0.01513196,0.06071797
3/7/6/5/7/2/2/7/7 3 3,X,-0.5555555555555555555555555556,4,SLEEP,Z,0.048498,0.1107933
3/7/6/5/7/2/6/6/7 3 3,X,-0.6111111111111111111111111111,2,SLEEP,Z,0.04601304,0.1522807
3/7/6/5/7/2/6/5/7 3 3,X,-0.6111111111111111111111111111,4,SLEEP,Z,0.1481872,0.3285497
3/7/6/5/7/2/6/3/7 3 3,X,-0.6111111111111111111111111111,6,SLEEP,Z,0.1493216,0.3226217
3/7/6/5/7/2/6/7/6 3 3,X,-0.6666666666666666666666666667,4,SLEEP,Z,0.04378504,0.1870199
3/7/6/5/7/2/6/7/5 3 3,X,-0.6111111111111111111111111111,6,SLEEP,Z,0.03980932,0.1648449
3/7/6/5/7/2/6/7/3 3 3,X,0.7,2,SLEEP,Z,0.01802631,0.07526035
3/7/6/5/7/2/5/6/7 3 3,X,-0.5555555555555555555555555556,4,SLEEP,Z,0.05751351,0.08657233
3/7/6/5/7/2/5/5/7 3 3,X,-0.5555555555555555555555555556,2,SLEEP,Z,0.05444017,0.0799097
3/7/6/5/7/2/5/3/7 3 3,X,-0.5555555555555555555555555556,4,SLEEP,Z,0.05201326,0.1111473
3/7/6/5/7/2/5/7/6 3 3,X,-0.6111111111111111111111111111,6,SLEEP,Z,0.0826863,0.250879
3/7/6/5/7/2/5/7/5 3 3,X,-0.5555555555555555555555555556,2,SLEEP,Z,0.04032483,0.1344429
3/7/6/5/7/2/5/7/3 3 3,X,0.5769230769230769230769230769,4,SLEEP,Z,0.04430614,0.07801253
3/7/6/5/7/2/3/6/7 3 3,X,0.5769230769230769230769230769,2,SLEEP,Z,0.02468602,0.09030651
3/7/6/5/7/2/3/5/7 3 3,X,0.5769230769230769230769230769,2,SLEEP,Z,0.06086183,0.1181106
3/7/6/5/7/2/3/3/7 3 3,X,0.5769230769230769230769230769,2,SLEEP,Z,0.07966175,0.1858968
3/7/6/5/7/2/3/7/6 3 3,X,-0.7,4,SLEEP,Z,0.04208213,0.08350515
3/7/6/5/7/2/3/7/5 3 3,X,0.5769230769230769230769230769,2,SLEEP,Z,0.004102616,0.01781662
3/7/6/5/7/2/3/7/3 3 3,X,0.6538461538461538461538461538,2,SLEEP,Z,0.01311038,0.04149069
3/7/6/5/7/2/7/2/7 3 3,X,-0.5555555555555555555555555556,2,SLEEP,Z,0.009545342,0.04203046
3/7/6/5/7/2/7/6/6 3 3,X,-0.6111111111111111111111111111,8,SLEEP,Z,0.04209531,0.1775794
3/7/6/5/7/2/7/6/5 3 3,X,-0.5555555555555555555555555556,4,SLEEP,Z,0.01903287,0.06775208
3/7/6/5/7/2/7/6/3 3 3,X,0.5769230769230769230769230769,2,SLEEP,Z,0.02243413,0.08033569
3/7/6/5/7/2/7/5/6 3 3,X,-0.6111111111111111111111111111,6,SLEEP,Z,0.04839738,0.2230447
3/7/6/5/7/2/7/5/5 3 3,X,-0.5555555555555555555555555556,2,SLEEP,Z,0.01757338,0.07762097
3/7/6/5/7/2/7/5/3 3 3,X,0.5769230769230769230769230769,2,SLEEP,Z,0.01797002,0.03513879
3/7/6/5/7/2/7/3/6 3 3,X,-0.6111111111111111111111111111,4,SLEEP,Z,0.04292177,0.1368596
3/7/6/5/7/2/7/3/5 3 3,X,-0.5555555555555555555555555556,4,SLEEP,Z,0.04977349,0.1450117
3/7/6/5/7/2/7/3/3 3 3,X,0.5769230769230769230769230769,2,SLEEP,Z,0.08408421,0.1460545
3/7/6/5/7/2/7/7/4 3 3,X,-0.6111111111111111111111111111,4,SLEEP,Z,0.03507839,0.1437654
3/7/6/5/7/2/7/7/2 3 3,X,-0.5555555555555555555555555556,2,SLEEP,Z,0.01104215,0.0493852
3/7/6/5/7/2/7/7/1 3 3,X,0.5769230769230769230769230769,2,SLEEP,Z,0.02561624,0.06521218
3/7/6/5/7/6/2/6/7 3 3,X,-0.5555555555555555555555555556,2,SLEEP,Z,0.04923626,0.09396171
3/7/6/5/7/6/2/5/7 3 3,X,-0.5555555555555555555555555556,4,SLEEP,Z,0.1249892,0.2171142
3/7/6/5/7/6/2/3/7 3 3,Z,0.6666666666666666666666666667,4,SLEEP,Z,0.05758811,0.1277509
3/7/6/5/7/6/2/7/6 3 3,X,-0.6111111111111111111111111111,8,SLEEP,Z,0.0559237,0.2281566
3/7/6/5/7/6/2/7/5 3 3,X,-0.5555555555555555555555555556,2,SLEEP,Z,0.03252636,0.1188704
3/7/6/5/7/6/2/7/3 3 3,X,0.5769230769230769230769230769,2,SLEEP,Z,0.1200577,0.1080832
3/7/6/5/7/6/6/2/7 3 3,X,-0.6111111111111111111111111111,6,SLEEP,Z,0.04124618,0.1867349
3/7/6/5/7/6/6/6/6 3 3,X,-0.6666666666666666666666666667,8,SLEEP,Z,0.06358899,0.2564127
3/7/6/5/7/6/6/6/5 3 3,X,-0.6111111111111111111111111111,6,SLEEP,Z,0.0241835,0.09964509
3/7/6/5/7/6/6/6/3 3 3,X,0.75,2,SLEEP,Z,0.01887036,0.04842053
3/7/6/5/7/6/6/5/6 3 3,X,-0.6666666666666666666666666667,8,SLEEP,Z,0.05812671,0.26185
3/7/6/5/7/6/6/5/5 3 3,X,-0.6111111111111111111111111111,4,SLEEP,Z,0.04235175,0.1713568
3/7/6/5/7/6/6/5/3 3 3,X,0.75,2,SLEEP,Z,0.01447193,0.04864205
3/7/6/5/7/6/6/3/6 3 3,X,-0.6666666666666666666666666667,10,SLEEP,Z,0.05888222,0.2872338
3/7/6/5/7/6/6/3/5 3 3,Z,0.6666666666666666666666666667,4,SLEEP,Z,0.0419147,0.1786273
3/7/6/5/7/6/6/3/3 3 3,X,0.75,2,SLEEP,Z,0.02917752,0.1104811
3/7/6/5/7/6/6/7/4 3 3,X,-0.6666666666666666666666666667,8,SLEEP,Z,0.06004604,0.2489233
3/7/6/5/7/6/6/7/2 3 3,X,-0.6111111111111111111111111111,2,SLEEP,Z,0.02724804,0.1180062
3/7/6/5/7/6/6/7/1 3 3,X,0.75,2,SLEEP,Z,0.0282321,0.0880346
3/7/6/5/7/6/5/2/7 3 3,X,-0.5555555555555555555555555556,2,SLEEP,Z,0.01853588,0.08060034
3/7/6/5/7/6/5/6/6 3 3,X,-0.6111111111111111111111111111,6,SLEEP,Z,0.1128604,0.251424
3/7/6/5/7/6/5/6/5 3 3,X,-0.5555555555555555555555555556,2,SLEEP,Z,0.01774456,0.08047897
3/7/6/5/7/6/5/6/3 3 3,X,0.5769230769230769230769230769,2,SLEEP,Z,0,0
3/7/6/5/7/6/5/5/6 3 3,X,-0.6111111111111111111111111111,6,SLEEP,Z,0.09189253,0.2471904
3/7/6/5/7/6/5/5/5 3 3,X,-0.5555555555555555555555555556,4,SLEEP,Z,0.0377858,0.1494549
3/7/6/5/7/6/5/5/3 3 3,X,0.5769230769230769230769230769,2,SLEEP,Z,0.01648257,0.04072532
3/7/6/5/7/6/5/3/6 3 3,Z,0.6666666666666666666666666667,6,SLEEP,Z,0.05794105,0.2155078
3/7/6/5/7/6/5/3/5 3 3,Z,0.6666666666666666666666666667,2,SLEEP,Z,0.02532311,0.1061186
3/7/6/5/7/6/5/3/3 3 3,Z,0.6666666666666666666666666667,2,SLEEP,Z,0.1012149,0.1412162
3/7/6/5/7/6/5/7/4 3 3,X,-0.6111111111111111111111111111,4,SLEEP,Z,0.05224905,0.1860011
3/7/6/5/7/6/5/7/2 3 3,X,-0.5555555555555555555555555556,2,SLEEP,Z,0.0152552,0.06012262
3/7/6/5/7/6/5/7/1 3 3,X,0.5769230769230769230769230769,2,SLEEP,Z,0.01406207,0.05574515
3/7/6/5/7/6/3/2/7 3 3,X,0.5769230769230769230769230769,2,SLEEP,Z,0.01431948,0.05311141
3/7/6/5/7/6/3/6/6 3 3,X,-0.75,2,SLEEP,Z,0.04630788,0.1313823
3/7/6/5/7/6/3/6/5 3 3,X,0.5769230769230769230769230769,2,SLEEP,Z,0.07044815,0.170282
3/7/6/5/7/6/3/6/3 3 3,X,0.6538461538461538461538461538,2,SLEEP,Z,0.01623944,0.06069692
3/7/6/5/7/6/3/5/6 3 3,X,-0.75,4,SLEEP,Z,0.03209535,0.1379187
3/7/6/5/7/6/3/5/5 3 3,X,0.5769230769230769230769230769,2,SLEEP,Z,0.07045044,0.3825289
3/7/6/5/7/6/3/5/3 3 3,X,0.6538461538461538461538461538,2,SLEEP,Z,0.09571134,0.1583219
3/7/6/5/7/6/3/3/6 3 3,X,-0.75,4,SLEEP,Z,0.0482195,0.1163133
3/7/6/5/7/6/3/3/5 3 3,Z,0.6666666666666666666666666667,2,SLEEP,Z,0.007413031,0.02306824
3/7/6/5/7/6/3/3/3 3 3,Z,0.6666666666666666666666666667,2,SLEEP,Z,0,0
3/7/6/5/7/6/3/7/4 3 3,X,-0.75,2,SLEEP,Z,0.003375584,0.01168105
3/7/6/5/7/6/3/7/2 3 3,X,0.5769230769230769230769230769,2,SLEEP,Z,0,0
3/7/6/5/7/6/3/7/1 3 3,X,0.6538461538461538461538461538,2,SLEEP,Z,0.007828522,0.03379861
3/7/6/5/7/6/7/2/6 3 3,X,-0.6111111111111111111111111111,2,SLEEP,Z,0.02566912,0.1159583
3/7/6/5/7/6/7/2/5 3 3,X,-0.5555555555555555555555555556,2,SLEEP,Z,0.01713225,0.07382053
3/7/6/5/7/6/7/2/3 3 3,X,0.5769230769230769230769230769,2,SLEEP,Z,0.01687434,0.02026477
3/7/6/5/7/6/7/6/4 3 3,X,-0.6111111111111111111111111111,2,SLEEP,Z,0.02275709,0.0977879
3/7/6/5/7/6/7/6/2 3 3,X,-0.5555555555555555555555555556,4,SLEEP,Z,0.03133694,0.1173066
3/7/6/5/7/6/7/6/1 3 3,X,0.5769230769230769230769230769,2,SLEEP,Z,0.01274461,0.04441547
3/7/6/5/7/6/7/5/4 3 3,X,-0.6111111111111111111111111111,4,SLEEP,Z,0.06719109,0.3861252
3/7/6/5/7/6/7/5/2 3 3,X,-0.5555555555555555555555555556,2,SLEEP,Z,0.03537965,0.1261307
3/7/6/5/7/6/7/5/1 3 3,X,0.5769230769230769230769230769,2,SLEEP,Z,0,0
3/7/6/5/7/6/7/3/4 3 3,Z,0.6666666666666666666666666666,4,SLEEP,Z,0.02865669,0.1193806
3/7/6/5/7/6/7/3/2 3 3,Z,0.6666666666666666666666666666,2,SLEEP,Z,0.01149497,0.0605961
3/7/6/5/7/6/7/3/1 3 3,Z,0.6666666666666666666666666666,2,SLEEP,Z,0.08614621,0.183526
3/7/6/5/7/5/2/6/7 3 3,X,-0.5555555555555555555555555556,2,SLEEP,Z,0.05337065,0.09142605
3/7/6/5/7/5/2/5/7 3 3,X,-0.5555555555555555555555555556,2,SLEEP,Z,0.04107321,0.04526113
3/7/6/5/7/5/2/3/7 3 3,X,-0.5555555555555555555555555556,2,SLEEP,Z,0.02201337,0.07293009
3/7/6/5/7/5/2/7/6 3 3,X,-0.6111111111111111111111111111,6,SLEEP,Z,0.05748669,0.2029775
3/7/6/5/7/5/2/7/5 3 3,X,-0.5555555555555555555555555556,4,SLEEP,Z,0.02331239,0.08734511
3/7/6/5/7/5/2/7/3 3 3,X,0.5769230769230769230769230769,2,SLEEP,Z,0.01846325,0.02720512
3/7/6/5/7/5/6/2/7 3 3,X,-0.6111111111111111111111111111,6,SLEEP,Z,0.04904386,0.1751484
3/7/6/5/7/5/6/6/6 3 3,X,-0.6666666666666666666666666667,8,SLEEP,Z,0.07286569,0.2848316
3/7/6/5/7/5/6/6/5 3 3,X,-0.6111111111111111111111111111,4,SLEEP,Z,0.02868013,0.115499
3/7/6/5/7/5/6/6/3 3 3,X,0.75,4,SLEEP,Z,0.1387545,0.2038778
3/7/6/5/7/5/6/5/6 3 3,X,-0.6666666666666666666666666667,10,SLEEP,Z,0.06677516,0.2838817
3/7/6/5/7/5/6/5/5 3 3,X,-0.6111111111111111111111111111,4,SLEEP,Z,0.06424787,0.2363959
3/7/6/5/7/5/6/5/3 3 3,X,0.75,2,SLEEP,Z,0.03584756,0.05242132
3/7/6/5/7/5/6/3/6 3 3,X,-0.6666666666666666666666666667,6,SLEEP,Z,0.06270364,0.2868406
3/7/6/5/7/5/6/3/5 3 3,X,-0.6111111111111111111111111111,4,SLEEP,Z,0.04375781,0.1476897
3/7/6/5/7/5/6/3/3 3 3,X,0.75,2,SLEEP,Z,0.05267988,0.0836532
3/7/6/5/7/5/6/7/4 3 3,X,-0.6666666666666666666666666667,10,SLEEP,Z,0.05471979,0.2612616
3/7/6/5/7/5/6/7/2 3 3,X,-0.6111111111111111111111111111,2,SLEEP,Z,0.02565307,0.1119218
3/7/6/5/7/5/6/7/1 3 3,X,0.75,2,SLEEP,Z,0.01871137,0.07893272
3/7/6/5/7/5/5/2/7 3 3,X,-0.5555555555555555555555555556,2,SLEEP,Z,0,0
3/7/6/5/7/5/5/6/6 3 3,X,-0.6111111111111111111111111111,2,SLEEP,Z,0.04937168,0.1798002
3/7/6/5/7/5/5/6/5 3 3,X,-0.5555555555555555555555555556,2,SLEEP,Z,0.06520297,0.3371412
3/7/6/5/7/5/5/6/3 3 3,X,0.5769230769230769230769230769,4,SLEEP,Z,0.02023971,0.0913844
3/7/6/5/7/5/5/5/6 3 3,X,-0.6111111111111111111111111111,4,SLEEP,Z,0.03971044,0.182632
3/7/6/5/7/5/5/5/5 3 3,X,-0.5555555555555555555555555556,4,SLEEP,Z,0.07297598,0.2002087
3/7/6/5/7/5/5/5/3 3 3,X,0.5769230769230769230769230769,2,SLEEP,Z,0.02948773,0.02478943
3/7/6/5/7/5/5/3/6 3 3,X,-0.6111111111111111111111111111,4,SLEEP,Z,0.04498993,0.2064201
3/7/6/5/7/5/5/3/5 3 3,X,-0.5555555555555555555555555556,2,SLEEP,Z,0.01779236,0.06833299
3/7/6/5/7/5/5/3/3 3 3,X,0.5769230769230769230769230769,2,SLEEP,Z,0.01556806,0.0421082
3/7/6/5/7/5/5/7/4 3 3,X,-0.6111111111111111111111111111,4,SLEEP,Z,0.05640274,0.2390968
3/7/6/5/7/5/5/7/2 3 3,X,-0.5555555555555555555555555556,2,SLEEP,Z,0.01208996,0.04332444
3/7/6/5/7/5/5/7/1 3 3,X,0.5769230769230769230769230769,2,SLEEP,Z,0.03397121,0.06281842
3/7/6/5/7/5/3/2/7 3 3,X,0.5769230769230769230769230769,2,SLEEP,Z,0.02148176,0.07881937
3/7/6/5/7/5/3/6/6 3 3,X,-0.75,2,SLEEP,Z,0.02141014,0.08872864
3/7/6/5/7/5/3/6/5 3 3,X,0.5769230769230769230769230769,2,SLEEP,Z,0.09365885,0.2740677
3/7/6/5/7/5/3/6/3 3 3,X,0.6538461538461538461538461538,2,SLEEP,Z,0.01034797,0.02449523
3/7/6/5/7/5/3/5/6 3 3,X,-0.75,2,SLEEP,Z,0.01396335,0.07097705
3/7/6/5/7/5/3/5/5 3 3,X,0.5769230769230769230769230769,2,SLEEP,Z,0,0
3/7/6/5/7/5/3/5/3 3 3,X,0.6538461538461538461538461538,2,SLEEP,Z,0.01662539,0.06364609
3/7/6/5/7/5/3/3/6 3 3,X,-0.75,2,SLEEP,Z,0,0
3/7/6/5/7/5/3/3/5 3 3,X,0.5769230769230769230769230769,2,SLEEP,Z,0,0
3/7/6/5/7/5/3/3/3 3 3,X,0.6538461538461538461538461538,2,SLEEP,Z,0,0
3/7/6/5/7/5/3/7/4 3 3,X,-0.75,4,SLEEP,Z,0.02619913,0.106963
3/7/6/5/7/5/3/7/2 3 3,X,0.5769230769230769230769230769,2,SLEEP,Z,0.02230302,0.02857081
3/7/6/5/7/5/3/7/1 3 3,X,0.6538461538461538461538461538,2,SLEEP,Z,0.05553915,0.131601
3/7/6/5/7/5/7/2/6 3 3,X,-0.6111111111111111111111111111,4,SLEEP,Z,0.05242594,0.2107209
3/7/6/5/7/5/7/2/5 3 3,X,-0.5555555555555555555555555556,2,SLEEP,Z,0.01369384,0.06030816
3/7/6/5/7/5/7/2/3 3 3,X,0.5769230769230769230769230769,2,SLEEP,Z,0,0
3/7/6/5/7/5/7/6/4 3 3,X,-0.6111111111111111111111111111,4,SLEEP,Z,0.03230445,0.1472281
3/7/6/5/7/5/7/6/2 3 3,X,-0.5555555555555555555555555556,6,SLEEP,Z,0.01950247,0.08730491
3/7/6/5/7/5/7/6/1 3 3,X,0.5769230769230769230769230769,2,SLEEP,Z,0.01463329,0.05184805
3/7/6/5/7/5/7/5/4 3 3,X,-0.6111111111111111111111111111,4,SLEEP,Z,0.05522935,0.2480938
3/7/6/5/7/5/7/5/2 3 3,X,-0.5555555555555555555555555556,4,SLEEP,Z,0.08728866,0.3489605
3/7/6/5/7/5/7/5/1 3 3,X,0.5769230769230769230769230769,2,SLEEP,Z,0.01391921,0.05899412
3/7/6/5/7/5/7/3/4 3 3,X,-0.6111111111111111111111111111,4,SLEEP,Z,0.03876137,0.15197
3/7/6/5/7/5/7/3/2 3 3,X,-0.5555555555555555555555555556,2,SLEEP,Z,0.06194491,0.1626952
3/7/6/5/7/5/7/3/1 3 3,X,0.5769230769230769230769230769,2,SLEEP,Z,0.02016901,0.04626935
3/7/6/5/7/3/2/6/7 3 3,Z,-0.6666666666666666666666666667,4,SLEEP,Z,0.03311644,0.1116088
3/7/6/5/7/3/2/5/7 3 3,X,-0.5555555555555555555555555556,2,SLEEP,Z,0.02030303,0.06116432
3/7/6/5/7/3/2/3/7 3 3,X,-0.5555555555555555555555555556,4,SLEEP,Z,0.03460038,0.1320967
3/7/6/5/7/3/2/7/6 3 3,X,-0.6111111111111111111111111111,2,SLEEP,Z,0.04581222,0.1671637
3/7/6/5/7/3/2/7/5 3 3,X,-0.5555555555555555555555555556,2,SLEEP,Z,0.1061555,0.1950029
3/7/6/5/7/3/2/7/3 3 3,X,0.5769230769230769230769230769,2,SLEEP,Z,0.03884837,0.05137403
3/7/6/5/7/3/6/2/7 3 3,X,-0.6111111111111111111111111111,2,SLEEP,Z,0.03656726,0.1562454
3/7/6/5/7/3/6/6/6 3 3,X,-0.6666666666666666666666666667,6,SLEEP,Z,0.07901633,0.2771563
3/7/6/5/7/3/6/6/5 3 3,Z,-0.6666666666666666666666666667,2,SLEEP,Z,0.04148329,0.1527235
3/7/6/5/7/3/6/6/3 3 3,X,0.75,4,SLEEP,Z,0.1873527,0.3795297
3/7/6/5/7/3/6/5/6 3 3,X,-0.6666666666666666666666666667,8,SLEEP,Z,0.0605853,0.2828419
3/7/6/5/7/3/6/5/5 3 3,X,-0.6111111111111111111111111111,2,SLEEP,Z,0.04051319,0.1644643
3/7/6/5/7/3/6/5/3 3 3,X,0.75,4,SLEEP,Z,0.03079135,0.07381406
3/7/6/5/7/3/6/3/6 3 3,X,-0.6666666666666666666666666667,8,SLEEP,Z,0.1182375,0.3383595
3/7/6/5/7/3/6/3/5 3 3,X,-0.6111111111111111111111111111,2,SLEEP,Z,0.03467946,0.1517748
3/7/6/5/7/3/6/3/3 3 3,X,0.75,2,SLEEP,Z,0.02105046,0.04487426
3/7/6/5/7/3/6/7/4 3 3,X,-0.6666666666666666666666666667,8,SLEEP,Z,0.07245554,0.2998439
3/7/6/5/7/3/6/7/2 3 3,X,-0.6111111111111111111111111111,6,SLEEP,Z,0.04150789,0.1687311
3/7/6/5/7/3/6/7/1 3 3,X,0.75,2,SLEEP,Z,0,0
3/7/6/5/7/3/5/2/7 3 3,X,-0.5555555555555555555555555556,4,SLEEP,Z,0.1012328,0.3831648
3/7/6/5/7/3/5/6/6 3 3,Z,-0.6666666666666666666666666667,2,SLEEP,Z,0.04142215,0.1860538
3/7/6/5/7/3/5/6/5 3 3,Z,-0.6666666666666666666666666667,4,SLEEP,Z,0.08785615,0.3733951
3/7/6/5/7/3/5/6/3 3 3,Z,-0.6666666666666666666666666667,2,SLEEP,Z,0.00861527,0.02233708
3/7/6/5/7/3/5/5/6 3 3,X,-0.6111111111111111111111111111,6,SLEEP,Z,0.04939053,0.2398451
3/7/6/5/7/3/5/5/5 3 3,X,-0.5555555555555555555555555556,2,SLEEP,Z,0.01328713,0.05713966
3/7/6/5/7/3/5/5/3 3 3,X,0.5769230769230769230769230769,2,SLEEP,Z,0.02751033,0.05479442
3/7/6/5/7/3/5/3/6 3 3,X,-0.6111111111111111111111111111,6,SLEEP,Z,0.03743274,0.1758708
3/7/6/5/7/3/5/3/5 3 3,X,-0.5555555555555555555555555556,2,SLEEP,Z,0.04232287,0.1485429
3/7/6/5/7/3/5/3/3 3 3,X,0.5769230769230769230769230769,2,SLEEP,Z,0.01499113,0.05869851
3/7/6/5/7/3/5/7/4 3 3,X,-0.6111111111111111111111111111,6,SLEEP,Z,0.08401652,0.2564277
3/7/6/5/7/3/5/7/2 3 3,X,-0.5555555555555555555555555556,2,SLEEP,Z,0.02074748,0.08875318
3/7/6/5/7/3/5/7/1 3 3,X,0.5769230769230769230769230769,2,SLEEP,Z,0,0
3/7/6/5/7/3/3/2/7 3 3,X,0.5769230769230769230769230769,2,SLEEP,Z,0.02475353,0.06961592
3/7/6/5/7/3/3/6/6 3 3,X,-0.75,6,SLEEP,Z,0.1358476,0.4345303
3/7/6/5/7/3/3/6/5 3 3,Z,-0.6666666666666666666666666667,2,SLEEP,Z,0.005231822,0.02514221
3/7/6/5/7/3/3/6/3 3 3,Z,-0.6666666666666666666666666667,2,SLEEP,Z,0,0
3/7/6/5/7/3/3/5/6 3 3,X,-0.75,2,SLEEP,Z,0.03387506,0.1265793
3/7/6/5/7/3/3/5/5 3 3,X,0.5769230769230769230769230769,2,SLEEP,Z,0.09561506,0.4168619
3/7/6/5/7/3/3/5/3 3 3,X,0.6538461538461538461538461538,2,SLEEP,Z,0.01631142,0.03753395
3/7/6/5/7/3/3/3/6 3 3,X,-0.75,4,SLEEP,Z,0.06444712,0.2118121
3/7/6/5/7/3/3/3/5 3 3,X,0.5769230769230769230769230769,2,SLEEP,Z,0.05962097,0.2320312
3/7/6/5/7/3/3/3/3 3 3,X,0.6538461538461538461538461538,4,SLEEP,Z,0.09324474,0.08473439
3/7/6/5/7/3/3/7/4 3 3,X,-0.75,2,SLEEP,Z,0.02959741,0.0890334
3/7/6/5/7/3/3/7/2 3 3,X,0.5769230769230769230769230769,2,SLEEP,Z,0.06811836,0.15694
3/7/6/5/7/3/3/7/1 3 3,X,0.6538461538461538461538461538,2,SLEEP,Z,0.02329545,0.04003571
3/7/6/5/7/3/7/2/6 3 3,X,-0.6111111111111111111111111111,2,SLEEP,Z,0.03070838,0.1387857
3/7/6/5/7/3/7/2/5 3 3,X,-0.5555555555555555555555555556,4,SLEEP,Z,0.0579121,0.2015163
3/7/6/5/7/3/7/2/3 3 3,X,0.5769230769230769230769230769,4,SLEEP,Z,0.08391834,0.2051592
3/7/6/5/7/3/7/6/4 3 3,Z,-0.6666666666666666666666666666,6,SLEEP,Z,0.05383661,0.2287735
3/7/6/5/7/3/7/6/2 3 3,Z,-0.6666666666666666666666666666,2,SLEEP,Z,0.01356861,0.05545519
3/7/6/5/7/3/7/6/1 3 3,Z,-0.6666666666666666666666666666,2,SLEEP,Z,0.02229987,0.06544983
3/7/6/5/7/3/7/5/4 3 3,X,-0.6111111111111111111111111111,6,SLEEP,Z,0.042053,0.1947373
3/7/6/5/7/3/7/5/2 3 3,X,-0.5555555555555555555555555556,2,SLEEP,Z,0.01911345,0.07831606
3/7/6/5/7/3/7/5/1 3 3,X,0.5769230769230769230769230769,2,SLEEP,Z,0.006533372,0.01750942
3/7/6/5/7/3/7/3/4 3 3,X,-0.6111111111111111111111111111,4,SLEEP,Z,0.05501395,0.2560506
3/7/6/5/7/3/7/3/2 3 3,X,-0.5555555555555555555555555556,2,SLEEP,Z,0.01762531,0.08539287
3/7/6/5/7/3/7/3/1 3 3,X,0.5769230769230769230769230769,4,SLEEP,Z,0.08845429,0.1974903
3/7/6/5/7/7/2/2/7 3 3,X,-0.5555555555555555555555555556,4,SLEEP,Z,0.02304312,0.08923193
3/7/6/5/7/7/2/6/6 3 3,X,-0.6111111111111111111111111111,4,SLEEP,Z,0.0307881,0.1173597
3/7/6/5/7/7/2/6/5 3 3,X,-0.5555555555555555555555555556,2,SLEEP,Z,0.03419583,0.1082308
3/7/6/5/7/7/2/6/3 3 3,X,0.5769230769230769230769230769,2,SLEEP,Z,0.2093496,0.3482711
3/7/6/5/7/7/2/5/6 3 3,X,-0.6111111111111111111111111111,4,SLEEP,Z,0.1014518,0.3969863
3/7/6/5/7/7/2/5/5 3 3,X,-0.5555555555555555555555555556,2,SLEEP,Z,0.02538905,0.09941143
3/7/6/5/7/7/2/5/3 3 3,X,0.5769230769230769230769230769,2,SLEEP,Z,0.1958161,0.1696586
3/7/6/5/7/7/2/3/6 3 3,X,-0.6111111111111111111111111111,6,SLEEP,Z,0.04217491,0.161713
3/7/6/5/7/7/2/3/5 3 3,X,-0.5555555555555555555555555556,4,SLEEP,Z,0.02030056,0.0848833
3/7/6/5/7/7/2/3/3 3 3,X,0.5769230769230769230769230769,2,SLEEP,Z,0,0
3/7/6/5/7/7/2/7/4 3 3,X,-0.6111111111111111111111111111,6,SLEEP,Z,0.04005791,0.1536704
3/7/6/5/7/7/2/7/2 3 3,X,-0.5555555555555555555555555556,2,SLEEP,Z,0.01445677,0.05219544
3/7/6/5/7/7/2/7/1 3 3,X,0.5769230769230769230769230769,2,SLEEP,Z,0.1597927,0.4180645
3/7/6/5/7/7/6/2/6 3 3,X,-0.6666666666666666666666666667,6,SLEEP,Z,0.0726224,0.3023924
3/7/6/5/7/7/6/2/5 3 3,X,-0.6111111111111111111111111111,6,SLEEP,Z,0.1100831,0.3129341
3/7/6/5/7/7/6/2/3 3 3,X,0.8333333333333333333333333333,2,SLEEP,Z,0.2618151,0.2654023
3/7/6/5/7/7/6/6/4 3 3,X,-0.6666666666666666666666666667,6,SLEEP,Z,0.05463138,0.2547369
3/7/6/5/7/7/6/6/2 3 3,X,-0.6111111111111111111111111111,4,SLEEP,Z,0.0331897,0.1456912
3/7/6/5/7/7/6/6/1 3 3,X,0.8333333333333333333333333333,2,SLEEP,Z,0.04778527,0.1285638
3/7/6/5/7/7/6/5/4 3 3,X,-0.6666666666666666666666666667,6,SLEEP,Z,0.04776182,0.2230843
3/7/6/5/7/7/6/5/2 3 3,X,-0.6111111111111111111111111111,4,SLEEP,Z,0.04719225,0.1787015
3/7/6/5/7/7/6/5/1 3 3,X,0.8333333333333333333333333333,2,SLEEP,Z,0.01522625,0.06526727
3/7/6/5/7/7/6/3/4 3 3,X,-0.6666666666666666666666666667,10,SLEEP,Z,0.09141821,0.332783
3/7/6/5/7/7/6/3/2 3 3,X,-0.6111111111111111111111111111,4,SLEEP,Z,0.03267888,0.1430619
3/7/6/5/7/7/6/3/1 3 3,X,0.8333333333333333333333333333,4,SLEEP,Z,0.03219805,0.0857041
3/7/6/5/7/7/5/2/6 3 3,X,-0.6111111111111111111111111111,2,SLEEP,Z,0.03738407,0.177958
3/7/6/5/7/7/5/2/5 3 3,X,-0.5555555555555555555555555556,4,SLEEP,Z,0.07530275,0.3430513
3/7/6/5/7/7/5/2/3 3 3,X,0.5769230769230769230769230769,2,SLEEP,Z,0.0153793,0.05922202
3/7/6/5/7/7/5/6/4 3 3,X,-0.6111111111111111111111111111,4,SLEEP,Z,0.06627464,0.3115367
3/7/6/5/7/7/5/6/2 3 3,X,-0.5555555555555555555555555556,2,SLEEP,Z,0.01687775,0.07030561
3/7/6/5/7/7/5/6/1 3 3,X,0.5769230769230769230769230769,2,SLEEP,Z,0,0
3/7/6/5/7/7/5/5/4 3 3,X,-0.6111111111111111111111111111,4,SLEEP,Z,0.02348008,0.1046315
3/7/6/5/7/7/5/5/2 3 3,X,-0.5555555555555555555555555556,2,SLEEP,Z,0.01765577,0.06795295
3/7/6/5/7/7/5/5/1 3 3,X,0.5769230769230769230769230769,2,SLEEP,Z,0,0
3/7/6/5/7/7/5/3/4 3 3,X,-0.6111111111111111111111111111,6,SLEEP,Z,0.05045877,0.2174989
3/7/6/5/7/7/5/3/2 3 3,X,-0.5555555555555555555555555556,2,SLEEP,Z,0.03865627,0.144217
3/7/6/5/7/7/5/3/1 3 3,X,0.5769230769230769230769230769,2,SLEEP,Z,0.012539,0.05331331
3/7/6/5/7/7/3/2/6 3 3,X,-0.8333333333333333333333333333,2,SLEEP,Z,0.01435586,0.0633573
3/7/6/5/7/7/3/2/5 3 3,X,0.5769230769230769230769230769,2,SLEEP,Z,0.02803324,0.07744911
3/7/6/5/7/7/3/2/3 3 3,X,0.6538461538461538461538461538,2,SLEEP,Z,0.002921625,0.01172699
3/7/6/5/7/7/3/6/4 3 3,X,-0.8333333333333333333333333333,6,SLEEP,Z,0.1168659,0.2803177
3/7/6/5/7/7/3/6/2 3 3,X,0.5769230769230769230769230769,2,SLEEP,Z,0,0
3/7/6/5/7/7/3/6/1 3 3,X,0.6538461538461538461538461538,4,SLEEP,Z,0.03384648,0.1352773
3/7/6/5/7/7/3/5/4 3 3,X,-0.8333333333333333333333333333,4,SLEEP,Z,0.03086373,0.1225199
3/7/6/5/7/7/3/5/2 3 3,X,0.5769230769230769230769230769,2,SLEEP,Z,0,0
3/7/6/5/7/7/3/5/1 3 3,X,0.6538461538461538461538461538,2,SLEEP,Z,0.01236736,0.05228015
3/7/6/5/7/7/3/3/4 3 3,X,-0.8333333333333333333333333333,2,SLEEP,Z,0.07771701,0.2034097
3/7/6/5/7/7/3/3/2 3 3,X,0.5769230769230769230769230769,2,SLEEP,Z,0.06590919,0.1088741
3/7/6/5/7/7/3/3/1 3 3,X,0.6538461538461538461538461538,2,SLEEP,Z,0.02260345,0.05496117
3/7/6/5/7/7/7/2/4 3 3,X,-0.6111111111111111111111111111,4,SLEEP,Z,0.04032467,0.1793545
3/7/6/5/7/7/7/2/2 3 3,X,-0.5555555555555555555555555556,2,SLEEP,Z,0.02239139,0.05395057
3/7/6/5/7/7/7/2/1 3 3,X,0.5769230769230769230769230769,2,SLEEP,Z,0,0
3/7/6/3/2/2/7/7/7 3 3,X,-0.5555555555555555555555555556,4,SLEEP,Z,0.09167862,0.2153386
3/7/6/3/2/6/6/7/7 3 3,X,-0.6111111111111111111111111111,6,SLEEP,Z,0.03819873,0.125406
3/7/6/3/2/6/5/7/7 3 3,Z,-0.5909090909090909090909090909,8,SLEEP,Z,0.05051191,0.1497002
3/7/6/3/2/6/7/6/7 3 3,Z,-0.6818181818181818181818181818,6,SLEEP,Z,0.05409231,0.1558078
3/7/6/3/2/6/7/5/7 3 3,Z,-0.5909090909090909090909090909,4,SLEEP,Z,0.09842689,0.2630844
3/7/6/3/2/6/7/3/7 3 3,Z,0.625,6,SLEEP,Z,0.1183359,0.207902
3/7/6/3/2/6/7/7/6 3 3,X,-0.6111111111111111111111111111,6,SLEEP,Z,0.08336042,0.25618
3/7/6/3/2/6/7/7/5 3 3,Z,-0.5909090909090909090909090909,6,SLEEP,Z,0.04990081,0.1323512
3/7/6/3/2/6/7/7/3 3 3,Z,-0.5909090909090909090909090909,6,SLEEP,Z,0.03403879,0.1249938
3/7/6/3/2/5/6/7/7 3 3,X,-0.6111111111111111111111111111,6,SLEEP,Z,0.04070986,0.1430379
3/7/6/3/2/5/5/7/7 3 3,X,-0.5555555555555555555555555556,8,SLEEP,Z,0.1175707,0.248205
3/7/6/3/2/5/3/7/7 3 3,X,0.5769230769230769230769230769,2,SLEEP,Z,0.006301523,0.02573042
3/7/6/3/2/5/7/6/7 3 3,Z,-0.5909090909090909090909090909,2,SLEEP,Z,0.04115634,0.1452779
3/7/6/3/2/5/7/5/7 3 3,X,-0.5555555555555555555555555556,6,SLEEP,Z,0.03874426,0.1218735
3/7/6/3/2/5/7/3/7 3 3,X,-0.5555555555555555555555555556,8,SLEEP,Z,0.1097204,0.2257299
3/7/6/3/2/5/7/7/6 3 3,X,-0.6111111111111111111111111111,4,SLEEP,Z,0.04603105,0.1784524
3/7/6/3/2/5/7/7/5 3 3,X,-0.5555555555555555555555555556,2,SLEEP,Z,0.1016514,0.4231686
3/7/6/3/2/5/7/7/3 3 3,X,0.5769230769230769230769230769,2,SLEEP,Z,0.07505332,0.1442938
3/7/6/3/2/3/6/7/7 3 3,X,-0.6111111111111111111111111111,8,SLEEP,Z,0.0609578,0.1911205
3/7/6/3/2/3/5/7/7 3 3,X,-0.5555555555555555555555555556,6,SLEEP,Z,0.08912115,0.1810266
3/7/6/3/2/3/3/7/7 3 3,X,0.5769230769230769230769230769,2,SLEEP,Z,0.02686165,0.0955207
3/7/6/3/2/3/7/6/7 3 3,Z,-0.625,4,SLEEP,Z,0.1192267,0.4269879
3/7/6/3/2/3/7/5/7 3 3,X,-0.5555555555555555555555555556,6,SLEEP,Z,0.09242412,0.1733
3/7/6/3/2/3/7/3/7 3 3,X,-0.5555555555555555555555555556,6,SLEEP,Z,0.02610265,0.09335336
3/7/6/3/2/3/7/7/6 3 3,X,-0.6111111111111111111111111111,8,SLEEP,Z,0.04252718,0.1595954
3/7/6/3/2/3/7/7/5 3 3,X,-0.5555555555555555555555555556,6,SLEEP,Z,0.04085753,0.133107
3/7/6/3/2/3/7/7/3 3 3,X,0.5769230769230769230769230769,2,SLEEP,Z,0.02156132,0.07532565
3/7/6/3/2/7/2/7/7 3 3,X,-0.5555555555555555555555555556,2,SLEEP,Z,0.01937704,0.06935588
3/7/6/3/2/7/6/6/7 3 3,X,-0.6111111111111111111111111111,8,SLEEP,Z,0.04948378,0.1551031
3/7/6/3/2/7/6/5/7 3 3,X,-0.6111111111111111111111111111,8,SLEEP,Z,0.06991314,0.2377319
3/7/6/3/2/7/6/3/7 3 3,X,-0.6111111111111111111111111111,6,SLEEP,Z,0.06041804,0.2087242
3/7/6/3/2/7/6/7/6 3 3,X,-0.6666666666666666666666666667,14,SLEEP,Z,0.09236123,0.3180238
3/7/6/3/2/7/6/7/5 3 3,X,-0.6111111111111111111111111111,8,SLEEP,Z,0.1077395,0.2900763
3/7/6/3/2/7/6/7/3 3 3,X,0.7,4,SLEEP,Z,0.02625185,0.1038848
3/7/6/3/2/7/5/6/7 3 3,Z,-0.5909090909090909090909090909,6,SLEEP,Z,0.1375053,0.3458275
3/7/6/3/2/7/5/5/7 3 3,X,-0.5555555555555555555555555556,2,SLEEP,Z,0.04180773,0.06790306
3/7/6/3/2/7/5/3/7 3 3,X,-0.5555555555555555555555555556,2,SLEEP,Z,0.009271947,0.03454963
3/7/6/3/2/7/5/7/6 3 3,X,-0.6111111111111111111111111111,6,SLEEP,Z,0.05164761,0.1941333
3/7/6/3/2/7/5/7/5 3 3,X,-0.5555555555555555555555555556,6,SLEEP,Z,0.04944644,0.1379056
3/7/6/3/2/7/5/7/3 3 3,X,0.5769230769230769230769230769,4,SLEEP,Z,0.07538388,0.1342857
3/7/6/3/2/6/3/7/7 3 3,Z,-0.5909090909090909090909090909,8,SLEEP,Z,0.1370025,0.3889547
3/7/6/3/2/7/3/6/7 3 3,Z,-0.5909090909090909090909090909,8,SLEEP,Z,0.06099144,0.1524243
3/7/6/3/2/7/3/5/7 3 3,X,0.5769230769230769230769230769,4,SLEEP,Z,0.04545393,0.1645171
3/7/6/3/2/7/3/3/7 3 3,X,0.5769230769230769230769230769,4,SLEEP,Z,0.03648835,0.05952333
3/7/6/3/2/7/3/7/6 3 3,X,-0.7,4,SLEEP,Z,0.03648798,0.1157285
3/7/6/3/2/7/3/7/5 3 3,X,0.5769230769230769230769230769,6,SLEEP,Z,0.03499323,0.1246241
3/7/6/3/2/7/3/7/3 3 3,X,0.6538461538461538461538461538,6,SLEEP,Z,0.05478224,0.172211
3/7/6/3/2/7/7/2/7 3 3,X,-0.5555555555555555555555555556,4,SLEEP,Z,0.0301643,0.0947379
3/7/6/3/2/7/7/6/6 3 3,X,-0.6111111111111111111111111111,10,SLEEP,Z,0.08148911,0.2690544
3/7/6/3/2/7/7/6/5 3 3,Z,-0.5909090909090909090909090909,4,SLEEP,Z,0.02740442,0.09481298
3/7/6/3/2/7/7/6/3 3 3,Z,-0.5909090909090909090909090909,8,SLEEP,Z,0.06399217,0.214379
3/7/6/3/2/7/7/5/6 3 3,X,-0.6111111111111111111111111111,4,SLEEP,Z,0.0450725,0.1802569
3/7/6/3/2/7/7/5/5 3 3,X,-0.5555555555555555555555555556,6,SLEEP,Z,0.1061997,0.3791921
3/7/6/3/2/7/7/5/3 3 3,X,0.5769230769230769230769230769,4,SLEEP,Z,0.02159911,0.07729042
3/7/6/3/2/7/7/3/6 3 3,X,-0.6111111111111111111111111111,4,SLEEP,Z,0.05274856,0.2039139
3/7/6/3/2/7/7/3/5 3 3,X,-0.5555555555555555555555555556,6,SLEEP,Z,0.1150889,0.2908551
3/7/6/3/2/7/7/3/3 3 3,X,0.5769230769230769230769230769,2,SLEEP,Z,0.03196388,0.05774377
3/7/6/3/2/7/7/7/4 3 3,X,-0.6111111111111111111111111111,6,SLEEP,Z,0.05667326,0.2166594
3/7/6/3/2/7/7/7/2 3 3,X,-0.5555555555555555555555555556,4,SLEEP,Z,0.03107828,0.1298304
3/7/6/3/2/7/7/7/1 3 3,X,0.5769230769230769230769230769,6,SLEEP,Z,0.02813668,0.1054775
3/7/6/3/6/2/6/7/7 3 3,X,-0.6666666666666666666666666667,12,SLEEP,Z,0.06794055,0.2240621
3/7/6/3/6/2/5/7/7 3 3,X,-0.6111111111111111111111111111,6,SLEEP,Z,0.04568823,0.1530659
3/7/6/3/6/2/3/7/7 3 3,X,0.6111111111111111111111111111,4,SLEEP,Z,0.1139514,0.250515
3/7/6/3/6/2/7/6/7 3 3,X,-0.6111111111111111111111111111,4,SLEEP,Z,0.04140429,0.1318263
3/7/6/3/6/2/7/5/7 3 3,X,-0.6111111111111111111111111111,8,SLEEP,Z,0.1076443,0.2623925
3/7/6/3/6/2/7/3/7 3 3,X,-0.6111111111111111111111111111,8,SLEEP,Z,0.1541409,0.2862431
3/7/6/3/6/2/7/7/6 3 3,X,-0.6666666666666666666666666667,8,SLEEP,Z,0.06521053,0.2506725
3/7/6/3/6/2/7/7/5 3 3,X,-0.6111111111111111111111111111,6,SLEEP,Z,0.04302722,0.1321883
3/7/6/3/6/2/7/7/3 3 3,X,0.6111111111111111111111111111,4,SLEEP,Z,0.1702698,0.3771964
3/7/6/3/6/6/2/7/7 3 3,X,-0.6111111111111111111111111111,8,SLEEP,Z,0.1696519,0.3930601
3/7/6/3/6/6/6/6/7 3 3,Z,-0.6818181818181818181818181819,10,SLEEP,Z,0.05163535,0.2119155
3/7/6/3/6/6/6/5/7 3 3,X,-0.6666666666666666666666666667,12,SLEEP,Z,0.05510502,0.2440364
3/7/6/3/6/6/6/3/7 3 3,X,-0.6666666666666666666666666667,8,SLEEP,Z,0.08173908,0.2643388
3/7/6/3/6/6/6/7/6 3 3,X,-0.7222222222222222222222222222,8,SLEEP,Z,0.05810112,0.2390596
3/7/6/3/6/6/6/7/5 3 3,X,-0.6666666666666666666666666667,6,SLEEP,Z,0.05985447,0.1801153
3/7/6/3/6/6/6/7/3 3 3,X,0.7,4,SLEEP,Z,0.05366536,0.1858645
3/7/6/3/6/6/5/6/7 3 3,Z,-0.6818181818181818181818181819,4,SLEEP,Z,0.05154009,0.1668162
3/7/6/3/6/6/5/5/7 3 3,X,-0.6111111111111111111111111111,6,SLEEP,Z,0.1287349,0.3857782
3/7/6/3/6/6/5/3/7 3 3,Z,0.6428571428571428571428571429,4,SLEEP,Z,0.08818816,0.202837
3/7/6/3/6/6/5/7/6 3 3,X,-0.6666666666666666666666666667,6,SLEEP,Z,0.04817679,0.206884
3/7/6/3/6/6/5/7/5 3 3,X,-0.6111111111111111111111111111,6,SLEEP,Z,0.04320893,0.150001
3/7/6/3/6/6/5/7/3 3 3,X,0.6111111111111111111111111111,2,SLEEP,Z,0.01916599,0.0553905
3/7/6/3/6/6/3/6/7 3 3,Z,-0.6818181818181818181818181819,4,SLEEP,Z,0.04778291,0.1522807
3/7/6/3/6/6/3/5/7 3 3,X,0.6111111111111111111111111111,6,SLEEP,Z,0.09159252,0.2730086
3/7/6/3/6/6/3/3/7 3 3,Z,0.6428571428571428571428571429,2,SLEEP,Z,0,0
3/7/6/3/6/6/3/7/6 3 3,X,-0.7,4,SLEEP,Z,0.02736781,0.08807956
3/7/6/3/6/6/3/7/5 3 3,X,0.6111111111111111111111111111,2,SLEEP,Z,0.0694015,0.08507416
3/7/6/3/6/6/3/7/3 3 3,X,0.7222222222222222222222222222,6,SLEEP,Z,0.04893934,0.1644505
3/7/6/3/6/6/7/2/7 3 3,X,-0.6111111111111111111111111111,8,SLEEP,Z,0.06113539,0.1879411
3/7/6/3/6/6/7/6/6 3 3,Z,-0.6818181818181818181818181819,10,SLEEP,Z,0.07758208,0.3076284
3/7/6/3/6/6/7/6/5 3 3,Z,-0.6818181818181818181818181819,6,SLEEP,Z,0.05327504,0.2003167
3/7/6/3/6/6/7/6/3 3 3,Z,-0.6818181818181818181818181819,4,SLEEP,Z,0.05613152,0.1975961
3/7/6/3/6/6/7/5/6 3 3,X,-0.6666666666666666666666666667,10,SLEEP,Z,0.1549447,0.4154738
3/7/6/3/6/6/7/5/5 3 3,X,-0.6111111111111111111111111111,4,SLEEP,Z,0.05411209,0.178768
3/7/6/3/6/6/7/5/3 3 3,X,0.6111111111111111111111111111,4,SLEEP,Z,0.02643355,0.08848614
3/7/6/3/6/6/7/3/6 3 3,X,-0.6666666666666666666666666667,6,SLEEP,Z,0.06161651,0.2543885
3/7/6/3/6/6/7/3/5 3 3,Z,0.6428571428571428571428571429,4,SLEEP,Z,0.03620488,0.1508082
3/7/6/3/6/6/7/3/3 3 3,Z,0.6428571428571428571428571429,2,SLEEP,Z,0,0
3/7/6/3/6/6/7/7/4 3 3,X,-0.6666666666666666666666666667,6,SLEEP,Z,0.1273913,0.3338673
3/7/6/3/6/6/7/7/2 3 3,X,-0.6111111111111111111111111111,6,SLEEP,Z,0.05024059,0.1712271
3/7/6/3/6/6/7/7/1 3 3,X,0.6111111111111111111111111111,2,SLEEP,Z,0.0285891,0.1073133
3/7/6/3/6/5/2/7/7 3 3,X,-0.6111111111111111111111111111,6,SLEEP,Z,0.1743177,0.3989049
3/7/6/3/6/5/6/6/7 3 3,X,-0.6666666666666666666666666667,6,SLEEP,Z,0.04230083,0.1474648
3/7/6/3/6/5/6/5/7 3 3,X,-0.6666666666666666666666666667,12,SLEEP,Z,0.1447882,0.3329247
3/7/6/3/6/5/6/3/7 3 3,X,-0.6666666666666666666666666667,8,SLEEP,Z,0.06504346,0.2808357
3/7/6/3/6/5/6/7/6 3 3,X,-0.7222222222222222222222222222,14,SLEEP,Z,0.1248906,0.4105859
3/7/6/3/6/5/6/7/5 3 3,X,-0.6666666666666666666666666667,8,SLEEP,Z,0.1569358,0.3833633
3/7/6/3/6/5/6/7/3 3 3,X,0.7,6,SLEEP,Z,0.04860006,0.113278
3/7/6/3/6/5/5/6/7 3 3,X,-0.6111111111111111111111111111,4,SLEEP,Z,0.02817103,0.1061416
3/7/6/3/6/5/5/5/7 3 3,X,-0.6111111111111111111111111111,6,SLEEP,Z,0.06698002,0.1216859
3/7/6/3/6/5/5/3/7 3 3,X,-0.6111111111111111111111111111,4,SLEEP,Z,0.03585139,0.1466541
3/7/6/3/6/5/5/7/6 3 3,X,-0.6666666666666666666666666667,6,SLEEP,Z,0.05596673,0.2190956
3/7/6/3/6/5/5/7/5 3 3,X,-0.6111111111111111111111111111,6,SLEEP,Z,0.06178925,0.168088
3/7/6/3/6/5/5/7/3 3 3,X,0.6111111111111111111111111111,4,SLEEP,Z,0.03772653,0.1513476
3/7/6/3/6/5/3/6/7 3 3,X,0.6111111111111111111111111111,4,SLEEP,Z,0.06579781,0.1732037
3/7/6/3/6/5/3/5/7 3 3,X,0.6111111111111111111111111111,4,SLEEP,Z,0.07469808,0.1182822
3/7/6/3/6/5/3/3/7 3 3,X,0.6111111111111111111111111111,2,SLEEP,Z,0.01543598,0.05749624
3/7/6/3/6/5/3/7/6 3 3,X,-0.7,2,SLEEP,Z,0.02687238,0.106852
3/7/6/3/6/5/3/7/5 3 3,X,0.6111111111111111111111111111,6,SLEEP,Z,0.1880052,0.2533431
3/7/6/3/6/5/3/7/3 3 3,X,0.7222222222222222222222222222,4,SLEEP,Z,0.02633724,0.08543637
3/7/6/3/6/5/7/2/7 3 3,X,-0.6111111111111111111111111111,4,SLEEP,Z,0.04640195,0.13384
3/7/6/3/6/5/7/6/6 3 3,X,-0.6666666666666666666666666667,8,SLEEP,Z,0.08678436,0.2975982
3/7/6/3/6/5/7/6/5 3 3,X,-0.6111111111111111111111111111,4,SLEEP,Z,0.04856903,0.1846208
3/7/6/3/6/5/7/6/3 3 3,X,0.6111111111111111111111111111,6,SLEEP,Z,0.1850805,0.2870637
3/7/6/3/6/5/7/5/6 3 3,X,-0.6666666666666666666666666667,10,SLEEP,Z,0.1029684,0.3067251
3/7/6/3/6/5/7/5/5 3 3,X,-0.6111111111111111111111111111,4,SLEEP,Z,0.02175063,0.09152318
3/7/6/3/6/5/7/5/3 3 3,X,0.6111111111111111111111111111,4,SLEEP,Z,0.04574339,0.1254677
3/7/6/3/6/5/7/3/6 3 3,X,-0.6666666666666666666666666667,6,SLEEP,Z,0.08181745,0.2904232
3/7/6/3/6/5/7/3/5 3 3,X,-0.6111111111111111111111111111,4,SLEEP,Z,0.03129159,0.1355757
3/7/6/3/6/5/7/3/3 3 3,X,0.6111111111111111111111111111,4,SLEEP,Z,0.02129697,0.08418082
3/7/6/3/6/5/7/7/4 3 3,X,-0.6666666666666666666666666667,8,SLEEP,Z,0.07013306,0.2232731
3/7/6/3/6/5/7/7/2 3 3,X,-0.6111111111111111111111111111,6,SLEEP,Z,0.05617882,0.1500563
3/7/6/3/6/5/7/7/1 3 3,X,0.6111111111111111111111111111,4,SLEEP,Z,0.02700817,0.1042243
3/7/6/3/6/3/2/7/7 3 3,X,-0.6111111111111111111111111111,8,SLEEP,Z,0.1047285,0.2227521
3/7/6/3/6/3/6/6/7 3 3,X,-0.6666666666666666666666666667,6,SLEEP,Z,0.03578248,0.1425182
3/7/6/3/6/3/6/5/7 3 3,X,-0.6666666666666666666666666667,10,SLEEP,Z,0.1697877,0.3548208
3/7/6/3/6/3/6/3/7 3 3,X,-0.6666666666666666666666666667,4,SLEEP,Z,0.04594516,0.1838151
3/7/6/3/6/3/6/7/5 3 3,X,-0.6666666666666666666666666667,8,SLEEP,Z,0.05610057,0.2351424
3/7/6/3/6/3/6/7/3 3 3,X,0.7,4,SLEEP,Z,0.03431758,0.1238251
3/7/6/3/6/3/5/6/7 3 3,Z,-0.6428571428571428571428571429,6,SLEEP,Z,0.05895735,0.1386964
3/7/6/3/6/3/5/5/7 3 3,X,-0.6111111111111111111111111111,8,SLEEP,Z,0.07448646,0.1825002
3/7/6/3/6/3/5/3/7 3 3,X,-0.6111111111111111111111111111,2,SLEEP,Z,0.05847031,0.1615822
3/7/6/3/6/3/5/7/6 3 3,X,-0.6666666666666666666666666667,10,SLEEP,Z,0.1203783,0.3578497
3/7/6/3/6/3/5/7/5 3 3,X,-0.6111111111111111111111111111,4,SLEEP,Z,0.03659658,0.1405421
3/7/6/3/6/3/5/7/3 3 3,X,0.6111111111111111111111111111,4,SLEEP,Z,0.102245,0.1274337
3/7/6/3/6/3/3/6/7 3 3,Z,-0.6428571428571428571428571429,4,SLEEP,Z,0.06967091,0.1536928
3/7/6/3/6/3/3/5/7 3 3,X,0.6111111111111111111111111111,4,SLEEP,Z,0.04629423,0.1197647
3/7/6/3/6/3/3/3/7 3 3,X,0.6111111111111111111111111111,2,SLEEP,Z,0.01167214,0.02947077
3/7/6/3/6/3/3/7/6 3 3,X,-0.7,4,SLEEP,Z,0.04883594,0.1521817
3/7/6/3/6/3/3/7/5 3 3,X,0.6111111111111111111111111111,2,SLEEP,Z,0.01870258,0.03953025
3/7/6/3/6/3/3/7/3 3 3,X,0.7222222222222222222222222222,2,SLEEP,Z,0.02373712,0.09043527
3/7/6/3/6/3/7/2/7 3 3,X,-0.6111111111111111111111111111,4,SLEEP,Z,0.04892109,0.1886047
3/7/6/3/6/3/7/6/6 3 3,X,-0.6666666666666666666666666667,6,SLEEP,Z,0.06201056,0.2243164
3/7/6/3/6/3/7/6/5 3 3,Z,-0.6428571428571428571428571429,6,SLEEP,Z,0.03339913,0.1102625
3/7/6/3/6/3/7/6/3 3 3,Z,-0.6428571428571428571428571429,6,SLEEP,Z,0.04365206,0.1485135
3/7/6/3/6/3/7/5/6 3 3,X,-0.6666666666666666666666666667,12,SLEEP,Z,0.05808292,0.2639519
3/7/6/3/6/3/7/5/5 3 3,X,-0.6111111111111111111111111111,4,SLEEP,Z,0.0305837,0.1218566
3/7/6/3/6/3/7/5/3 3 3,X,0.6111111111111111111111111111,4,SLEEP,Z,0.08373865,0.1493677
3/7/6/3/6/3/7/3/6 3 3,X,-0.6666666666666666666666666667,8,SLEEP,Z,0.0834724,0.3039133
3/7/6/3/6/3/7/3/5 3 3,X,-0.6111111111111111111111111111,4,SLEEP,Z,0.0369747,0.1472286
3/7/6/3/6/3/7/3/3 3 3,X,0.6111111111111111111111111111,4,SLEEP,Z,0.06140965,0.1143481
3/7/6/3/6/3/6/7/6 3 3,X,-0.7222222222222222222222222222,18,SLEEP,Z,0.1411199,0.4393001
3/7/6/3/6/3/7/7/4 3 3,X,-0.6666666666666666666666666667,10,SLEEP,Z,0.08296759,0.3212484
3/7/6/3/6/3/7/7/2 3 3,X,-0.6111111111111111111111111111,4,SLEEP,Z,0.02235599,0.08220898
3/7/6/3/6/3/7/7/1 3 3,X,0.6111111111111111111111111111,4,SLEEP,Z,0.1320064,0.2415882
3/7/6/3/6/7/2/6/7 3 3,X,-0.6111111111111111111111111111,6,SLEEP,Z,0.05372648,0.1498694
3/7/6/3/6/7/2/5/7 3 3,X,-0.6111111111111111111111111111,6,SLEEP,Z,0.04826159,0.1814978
3/7/6/3/6/7/2/3/7 3 3,X,-0.6111111111111111111111111111,4,SLEEP,Z,0.02845541,0.1203657
3/7/6/3/6/7/2/7/6 3 3,X,-0.6666666666666666666666666667,8,SLEEP,Z,0.05643603,0.2232849
3/7/6/3/6/7/2/7/5 3 3,X,-0.6111111111111111111111111111,4,SLEEP,Z,0.0577096,0.1640162
3/7/6/3/6/7/2/7/3 3 3,X,0.6111111111111111111111111111,4,SLEEP,Z,0.03409867,0.0874203
3/7/6/3/6/7/6/2/7 3 3,X,-0.6666666666666666666666666667,8,SLEEP,Z,0.09525876,0.2898491
3/7/6/3/6/7/6/6/5 3 3,X,-0.6666666666666666666666666667,8,SLEEP,Z,0.05612807,0.2309493
3/7/6/3/6/7/6/6/3 3 3,X,0.75,6,SLEEP,Z,0.05956743,0.1882456
3/7/6/3/6/7/6/5/6 3 3,X,-0.7222222222222222222222222222,6,SLEEP,Z,0.06703213,0.2436206
3/7/6/3/6/7/6/5/5 3 3,X,-0.6666666666666666666666666667,6,SLEEP,Z,0.1030834,0.3106496
3/7/6/3/6/7/6/5/3 3 3,X,0.75,4,SLEEP,Z,0.02776612,0.113432
3/7/6/3/6/7/6/3/6 3 3,X,-0.7222222222222222222222222222,10,SLEEP,Z,0.06307902,0.1977315
3/7/6/3/6/7/6/3/5 3 3,X,-0.6666666666666666666666666667,8,SLEEP,Z,0.06056972,0.2910898
3/7/6/3/6/7/6/3/3 3 3,X,0.75,4,SLEEP,Z,0.03258598,0.1406682
3/7/6/3/6/7/6/6/6 3 3,X,-0.7222222222222222222222222222,8,SLEEP,Z,0.1047262,0.4045397
3/7/6/3/6/7/6/7/4 3 3,X,-0.7222222222222222222222222222,10,SLEEP,Z,0.07055794,0.3009513
3/7/6/3/6/7/6/7/2 3 3,X,-0.6666666666666666666666666667,8,SLEEP,Z,0.04973447,0.2085704
3/7/6/3/6/7/6/7/1 3 3,X,0.75,6,SLEEP,Z,0.04936806,0.1878829
3/7/6/3/6/7/5/2/7 3 3,X,-0.6111111111111111111111111111,6,SLEEP,Z,0.04344816,0.1818411
3/7/6/3/6/7/5/6/6 3 3,X,-0.6666666666666666666666666667,8,SLEEP,Z,0.08054332,0.274618
3/7/6/3/6/7/5/6/5 3 3,X,-0.6111111111111111111111111111,8,SLEEP,Z,0.04546295,0.1472286
3/7/6/3/6/7/5/6/3 3 3,X,0.6111111111111111111111111111,6,SLEEP,Z,0.05325359,0.1810453
3/7/6/3/6/7/5/5/6 3 3,X,-0.6666666666666666666666666667,12,SLEEP,Z,0.05286593,0.2441466
3/7/6/3/6/7/5/5/5 3 3,X,-0.6111111111111111111111111111,4,SLEEP,Z,0.03028405,0.1439486
3/7/6/3/6/7/5/5/3 3 3,X,0.6111111111111111111111111111,4,SLEEP,Z,0.1528497,0.2013101
3/7/6/3/6/7/5/3/6 3 3,X,-0.6666666666666666666666666667,8,SLEEP,Z,0.0865026,0.3062798
3/7/6/3/6/7/5/3/5 3 3,X,-0.6111111111111111111111111111,4,SLEEP,Z,0.05844326,0.192426
3/7/6/3/6/7/5/3/3 3 3,X,0.6111111111111111111111111111,2,SLEEP,Z,0.02183427,0.05441198
3/7/6/3/6/7/5/7/4 3 3,X,-0.6666666666666666666666666667,6,SLEEP,Z,0.05278404,0.2389766
3/7/6/3/6/7/5/7/2 3 3,X,-0.6111111111111111111111111111,4,SLEEP,Z,0.06470735,0.1925982
3/7/6/3/6/7/5/7/1 3 3,X,0.6111111111111111111111111111,2,SLEEP,Z,0.03019781,0.06161454
3/7/6/3/6/7/3/2/7 3 3,X,0.6111111111111111111111111111,2,SLEEP,Z,0.1686422,0.4215829
3/7/6/3/6/7/3/6/6 3 3,X,-0.75,8,SLEEP,Z,0.1203143,0.2902474
3/7/6/3/6/7/3/6/5 3 3,X,0.6111111111111111111111111111,4,SLEEP,Z,0.05271861,0.1873136
3/7/6/3/6/7/3/6/3 3 3,X,0.7222222222222222222222222222,4,SLEEP,Z,0.1199821,0.1921511
3/7/6/3/6/7/3/5/6 3 3,X,-0.75,4,SLEEP,Z,0.03058874,0.0874562
3/7/6/3/6/7/3/5/5 3 3,X,0.6111111111111111111111111111,2,SLEEP,Z,0.02533824,0.08739971
3/7/6/3/6/7/3/5/3 3 3,X,0.7222222222222222222222222222,4,SLEEP,Z,0.01874265,0.07659681
3/7/6/3/6/7/3/3/6 3 3,X,-0.75,4,SLEEP,Z,0.0531912,0.1699376
3/7/6/3/6/7/3/3/5 3 3,X,0.6111111111111111111111111111,4,SLEEP,Z,0.03587877,0.07301088
3/7/6/3/6/7/3/3/3 3 3,X,0.7222222222222222222222222222,4,SLEEP,Z,0.01892026,0.06412027
3/7/6/3/6/7/3/7/4 3 3,X,-0.75,6,SLEEP,Z,0.07067027,0.2145064
3/7/6/3/6/7/3/7/2 3 3,X,0.6111111111111111111111111111,2,SLEEP,Z,0.04330883,0.09777915
3/7/6/3/6/7/3/7/1 3 3,X,0.7222222222222222222222222222,6,SLEEP,Z,0.2391362,0.4973742
3/7/6/3/6/7/7/2/6 3 3,X,-0.6666666666666666666666666667,8,SLEEP,Z,0.1443286,0.3337724
3/7/6/3/6/7/7/2/5 3 3,X,-0.6111111111111111111111111111,6,SLEEP,Z,0.03053311,0.1347353
3/7/6/3/6/7/7/2/3 3 3,X,0.6111111111111111111111111111,2,SLEEP,Z,0.1363222,0.1397947
3/7/6/3/6/7/7/6/4 3 3,X,-0.6666666666666666666666666667,8,SLEEP,Z,0.1267143,0.3896823
3/7/6/3/6/7/7/6/2 3 3,X,-0.6111111111111111111111111111,6,SLEEP,Z,0.03593902,0.1319001
3/7/6/3/6/7/7/6/1 3 3,X,0.6111111111111111111111111111,4,SLEEP,Z,0.03408384,0.1221748
3/7/6/3/6/7/7/5/4 3 3,X,-0.6666666666666666666666666667,8,SLEEP,Z,0.05737662,0.2579623
3/7/6/3/6/7/7/5/2 3 3,X,-0.6111111111111111111111111111,6,SLEEP,Z,0.04215965,0.1653235
3/7/6/3/6/7/7/5/1 3 3,X,0.6111111111111111111111111111,2,SLEEP,Z,0.01672826,0.06331465
3/7/6/3/6/7/7/3/4 3 3,X,-0.6666666666666666666666666667,10,SLEEP,Z,0.04869564,0.2236066
3/7/6/3/6/7/7/3/2 3 3,X,-0.6111111111111111111111111111,2,SLEEP,Z,0.02765772,0.1200953
3/7/6/3/6/7/7/3/1 3 3,X,0.6111111111111111111111111111,2,SLEEP,Z,0.009402197,0.03713089
3/7/6/3/5/2/6/7/7 3 3,X,-0.6111111111111111111111111111,6,SLEEP,Z,0.05394749,0.1675918
3/7/6/3/5/2/5/7/7 3 3,X,-0.5555555555555555555555555556,6,SLEEP,Z,0.05389366,0.1662669
3/7/6/3/5/2/3/7/7 3 3,X,0.5769230769230769230769230769,2,SLEEP,Z,0.03496667,0.08978588
3/7/6/3/5/2/7/6/7 3 3,Z,-0.5909090909090909090909090909,6,SLEEP,Z,0.1378805,0.3781805
3/7/6/3/5/2/7/5/7 3 3,X,-0.5555555555555555555555555556,2,SLEEP,Z,0.01887748,0.08308934
3/7/6/3/5/2/7/3/7 3 3,X,-0.5555555555555555555555555556,2,SLEEP,Z,0.0168917,0.0825994
3/7/6/3/5/2/7/7/6 3 3,X,-0.6111111111111111111111111111,6,SLEEP,Z,0.05535476,0.2346691
3/7/6/3/5/2/7/7/5 3 3,X,-0.5555555555555555555555555556,6,SLEEP,Z,0.05694245,0.1305371
3/7/6/3/5/2/7/7/3 3 3,X,0.5769230769230769230769230769,6,SLEEP,Z,0.063872,0.1525323
3/7/6/3/5/6/2/7/7 3 3,Z,-0.5909090909090909090909090909,4,SLEEP,Z,0.02995992,0.09798122
3/7/6/3/5/6/6/6/7 3 3,Z,-0.6818181818181818181818181819,8,SLEEP,Z,0.07138613,0.2513324
3/7/6/3/5/6/6/5/7 3 3,X,-0.6111111111111111111111111111,10,SLEEP,Z,0.07638547,0.2461386
3/7/6/3/5/6/6/3/7 3 3,Z,0.6428571428571428571428571429,6,SLEEP,Z,0.06862662,0.2161952
3/7/6/3/5/6/6/7/6 3 3,X,-0.6666666666666666666666666667,8,SLEEP,Z,0.07527495,0.2705709
3/7/6/3/5/6/6/7/5 3 3,X,-0.6111111111111111111111111111,6,SLEEP,Z,0.04019554,0.1644788
3/7/6/3/5/6/6/7/3 3 3,X,0.7,2,SLEEP,Z,0.01919734,0.06156289
3/7/6/3/5/6/5/6/7 3 3,Z,-0.6818181818181818181818181819,8,SLEEP,Z,0.06379343,0.2083493
3/7/6/3/5/6/5/5/7 3 3,Z,-0.5909090909090909090909090909,6,SLEEP,Z,0.04364032,0.1556851
3/7/6/3/5/6/5/3/7 3 3,Z,0.6428571428571428571428571429,4,SLEEP,Z,0.02759697,0.1013341
3/7/6/3/5/6/5/7/6 3 3,X,-0.6111111111111111111111111111,8,SLEEP,Z,0.07915826,0.2689085
3/7/6/3/5/6/5/7/5 3 3,Z,-0.5909090909090909090909090909,4,SLEEP,Z,0.03295936,0.1109234
3/7/6/3/5/6/5/7/3 3 3,Z,-0.5909090909090909090909090909,6,SLEEP,Z,0.07852285,0.1677001
3/7/6/3/5/6/3/6/7 3 3,Z,-0.6818181818181818181818181819,4,SLEEP,Z,0.08146429,0.2630442
3/7/6/3/5/6/3/5/7 3 3,Z,-0.5909090909090909090909090909,4,SLEEP,Z,0.03881998,0.0992049
3/7/6/3/5/6/3/3/7 3 3,Z,0.6428571428571428571428571429,4,SLEEP,Z,0.02931412,0.08784542
3/7/6/3/5/6/3/7/6 3 3,X,-0.7,6,SLEEP,Z,0.03784196,0.1590492
3/7/6/3/5/6/3/7/5 3 3,Z,-0.5909090909090909090909090909,6,SLEEP,Z,0.05076515,0.1657368
3/7/6/3/5/6/3/7/3 3 3,X,0.6538461538461538461538461538,4,SLEEP,Z,0.02753455,0.1001908
3/7/6/3/5/6/7/2/7 3 3,Z,-0.5909090909090909090909090909,2,SLEEP,Z,0.01895313,0.06285043
3/7/6/3/5/6/7/6/6 3 3,Z,-0.6818181818181818181818181819,6,SLEEP,Z,0.1060167,0.2876337
3/7/6/3/5/6/7/6/5 3 3,Z,-0.6818181818181818181818181819,6,SLEEP,Z,0.04389558,0.1252866
3/7/6/3/5/6/7/6/3 3 3,Z,-0.6818181818181818181818181819,6,SLEEP,Z,0.06135071,0.1920012
3/7/6/3/5/6/7/5/6 3 3,X,-0.6111111111111111111111111111,6,SLEEP,Z,0.03874044,0.1715602
3/7/6/3/5/6/7/5/5 3 3,Z,-0.5909090909090909090909090909,4,SLEEP,Z,0.03027672,0.1087847
3/7/6/3/5/6/7/5/3 3 3,Z,-0.5909090909090909090909090909,2,SLEEP,Z,0.03264198,0.07430828
3/7/6/3/5/6/7/3/6 3 3,Z,0.6428571428571428571428571429,6,SLEEP,Z,0.03499621,0.1497975
3/7/6/3/5/6/7/3/5 3 3,Z,0.6428571428571428571428571429,4,SLEEP,Z,0.02561942,0.0803275
3/7/6/3/5/6/7/3/3 3 3,Z,0.6428571428571428571428571429,2,SLEEP,Z,0.006297707,0.02219982
3/7/6/3/5/6/7/7/4 3 3,X,-0.6111111111111111111111111111,8,SLEEP,Z,0.05816707,0.2265584
3/7/6/3/5/6/7/7/2 3 3,Z,-0.5909090909090909090909090909,4,SLEEP,Z,0.03393488,0.1344427
3/7/6/3/5/6/7/7/1 3 3,Z,-0.5909090909090909090909090909,4,SLEEP,Z,0.0510668,0.1675936
3/7/6/3/5/5/2/7/7 3 3,X,-0.5555555555555555555555555556,4,SLEEP,Z,0.1000148,0.2426445
3/7/6/3/5/5/6/6/7 3 3,X,-0.6111111111111111111111111111,6,SLEEP,Z,0.03633048,0.1507182
3/7/6/3/5/5/6/5/7 3 3,X,-0.6111111111111111111111111111,4,SLEEP,Z,0.04662913,0.1822491
3/7/6/3/5/5/6/3/7 3 3,X,-0.6111111111111111111111111111,4,SLEEP,Z,0.06311498,0.1689814
3/7/6/3/5/5/6/7/6 3 3,X,-0.6666666666666666666666666667,8,SLEEP,Z,0.06757523,0.3073008
3/7/6/3/5/5/6/7/5 3 3,X,-0.6111111111111111111111111111,2,SLEEP,Z,0.02264611,0.09358351
3/7/6/3/5/5/6/7/3 3 3,X,0.7,8,SLEEP,Z,0.1474634,0.2396844
3/7/6/3/5/5/5/6/7 3 3,Z,-0.5909090909090909090909090909,6,SLEEP,Z,0.04477216,0.1437014
3/7/6/3/5/5/5/5/7 3 3,X,-0.5555555555555555555555555556,8,SLEEP,Z,0.09288587,0.3896468
3/7/6/3/5/5/5/3/7 3 3,X,-0.5555555555555555555555555556,6,SLEEP,Z,0.02780542,0.1115107
3/7/6/3/5/5/5/7/6 3 3,X,-0.6111111111111111111111111111,4,SLEEP,Z,0.02702956,0.1201657
3/7/6/3/5/5/5/7/5 3 3,X,-0.5555555555555555555555555556,4,SLEEP,Z,0.02110842,0.09067609
3/7/6/3/5/5/5/7/3 3 3,X,0.5769230769230769230769230769,2,SLEEP,Z,0.01265189,0.02470562
3/7/6/3/5/5/3/6/7 3 3,Z,-0.5909090909090909090909090909,6,SLEEP,Z,0.04240919,0.1243676
3/7/6/3/5/5/3/5/7 3 3,X,0.5769230769230769230769230769,2,SLEEP,Z,0.01820123,0.0630797
3/7/6/3/5/5/3/3/7 3 3,X,0.5769230769230769230769230769,2,SLEEP,Z,0.0233405,0.07497581
3/7/6/3/5/5/3/7/6 3 3,X,-0.7,6,SLEEP,Z,0.07224046,0.2127373
3/7/6/3/5/5/3/7/5 3 3,X,0.5769230769230769230769230769,4,SLEEP,Z,0.08125371,0.2042507
3/7/6/3/5/5/3/7/3 3 3,X,0.6538461538461538461538461538,4,SLEEP,Z,0.02620233,0.08108347
3/7/6/3/5/5/7/2/7 3 3,X,-0.5555555555555555555555555556,6,SLEEP,Z,0.02143172,0.08561639
3/7/6/3/5/5/7/6/6 3 3,X,-0.6111111111111111111111111111,6,SLEEP,Z,0.04394913,0.203372
3/7/6/3/5/5/7/6/5 3 3,Z,-0.5909090909090909090909090909,6,SLEEP,Z,0.04545521,0.1518493
3/7/6/3/5/5/7/6/3 3 3,Z,-0.5909090909090909090909090909,2,SLEEP,Z,0.02675645,0.09386976
3/7/6/3/5/5/7/5/6 3 3,X,-0.6111111111111111111111111111,6,SLEEP,Z,0.05067417,0.220023
3/7/6/3/5/5/7/5/5 3 3,X,-0.5555555555555555555555555556,6,SLEEP,Z,0.04299039,0.1694538
3/7/6/3/5/5/7/5/3 3 3,X,0.5769230769230769230769230769,4,SLEEP,Z,0.05203369,0.1338449
3/7/6/3/5/5/7/3/6 3 3,X,-0.6111111111111111111111111111,4,SLEEP,Z,0.0459687,0.1993515
3/7/6/3/5/5/7/3/5 3 3,X,-0.5555555555555555555555555556,2,SLEEP,Z,0.01459743,0.06327775
3/7/6/3/5/5/7/3/3 3 3,X,0.5769230769230769230769230769,2,SLEEP,Z,0.0227236,0.08164755
3/7/6/3/5/5/7/7/4 3 3,X,-0.6111111111111111111111111111,6,SLEEP,Z,0.04625369,0.2114135
3/7/6/3/5/5/7/7/2 3 3,X,-0.5555555555555555555555555556,4,SLEEP,Z,0.01986303,0.0874965
3/7/6/3/5/5/7/7/1 3 3,X,0.5769230769230769230769230769,2,SLEEP,Z,0.01276359,0.0497421
3/7/6/3/5/3/2/7/7 3 3,X,-0.5555555555555555555555555556,4,SLEEP,Z,0.02549169,0.08832864
3/7/6/3/5/3/6/6/7 3 3,Z,-0.6428571428571428571428571429,6,SLEEP,Z,0.05294273,0.1946243
3/7/6/3/5/3/6/5/7 3 3,X,-0.6111111111111111111111111111,4,SLEEP,Z,0.04106251,0.1788367
3/7/6/3/5/3/6/3/7 3 3,X,-0.6111111111111111111111111111,8,SLEEP,Z,0.1335763,0.3831576
3/7/6/3/5/3/6/7/6 3 3,X,-0.6666666666666666666666666667,8,SLEEP,Z,0.07035275,0.3060205
3/7/6/3/5/3/6/7/5 3 3,X,-0.6111111111111111111111111111,6,SLEEP,Z,0.0583845,0.1915393
3/7/6/3/5/3/6/7/3 3 3,X,0.7,4,SLEEP,Z,0.02598258,0.09466463
3/7/6/3/5/3/5/6/7 3 3,Z,-0.6428571428571428571428571429,4,SLEEP,Z,0.1054885,0.260032
3/7/6/3/5/3/5/5/7 3 3,X,-0.5555555555555555555555555556,2,SLEEP,Z,0.04645495,0.0657325
3/7/6/3/5/3/5/3/7 3 3,X,-0.5555555555555555555555555556,4,SLEEP,Z,0.03456184,0.08309329
3/7/6/3/5/3/5/7/6 3 3,X,-0.6111111111111111111111111111,6,SLEEP,Z,0.1023643,0.3788817
3/7/6/3/5/3/5/7/5 3 3,X,-0.5555555555555555555555555556,6,SLEEP,Z,0.09487976,0.3985625
3/7/6/3/5/3/5/7/3 3 3,X,0.5769230769230769230769230769,2,SLEEP,Z,0.02318819,0.07555491
3/7/6/3/5/3/3/6/7 3 3,Z,-0.6428571428571428571428571429,4,SLEEP,Z,0.05145516,0.1408823
3/7/6/3/5/3/3/5/7 3 3,X,0.5769230769230769230769230769,4,SLEEP,Z,0.03264222,0.10439
3/7/6/3/5/3/3/3/7 3 3,X,0.5769230769230769230769230769,2,SLEEP,Z,0.05673386,0.102374
3/7/6/3/5/3/3/7/6 3 3,X,-0.7,4,SLEEP,Z,0.03870406,0.1251535
3/7/6/3/5/3/3/7/5 3 3,X,0.5769230769230769230769230769,2,SLEEP,Z,0.05774645,0.1554121
3/7/6/3/5/3/3/7/3 3 3,X,0.6538461538461538461538461538,2,SLEEP,Z,0.1147449,0.3986842
3/7/6/3/5/3/7/2/7 3 3,X,-0.5555555555555555555555555556,2,SLEEP,Z,0.02729074,0.07783481
3/7/6/3/5/3/7/6/6 3 3,Z,-0.6428571428571428571428571429,6,SLEEP,Z,0.05045098,0.1958057
3/7/6/3/5/3/7/6/5 3 3,Z,-0.6428571428571428571428571429,6,SLEEP,Z,0.181689,0.3685302
3/7/6/3/5/3/7/6/3 3 3,Z,-0.6428571428571428571428571429,2,SLEEP,Z,0.01158508,0.04076628
3/7/6/3/5/3/7/5/6 3 3,X,-0.6111111111111111111111111111,8,SLEEP,Z,0.0421273,0.189911
3/7/6/3/5/3/7/5/5 3 3,X,-0.5555555555555555555555555556,4,SLEEP,Z,0.02895739,0.1039643
3/7/6/3/5/3/7/5/3 3 3,X,0.5769230769230769230769230769,2,SLEEP,Z,0.01095198,0.03555574
3/7/6/3/5/3/7/3/6 3 3,X,-0.6111111111111111111111111111,2,SLEEP,Z,0.02745221,0.1174446
3/7/6/3/5/3/7/3/5 3 3,X,-0.5555555555555555555555555556,4,SLEEP,Z,0.1239222,0.1943168
3/7/6/3/5/3/7/3/3 3 3,X,0.5769230769230769230769230769,2,SLEEP,Z,0.01058555,0.06461576
3/7/6/3/5/3/7/7/4 3 3,X,-0.6111111111111111111111111111,2,SLEEP,Z,0.02506518,0.09896044
3/7/6/3/5/3/7/7/2 3 3,X,-0.5555555555555555555555555556,2,SLEEP,Z,0.09290354,0.2614183
3/7/6/3/5/3/7/7/1 3 3,X,0.5769230769230769230769230769,2,SLEEP,Z,0.01642841,0.06606181
3/7/6/3/5/7/2/6/7 3 3,Z,-0.5909090909090909090909090909,6,SLEEP,Z,0.04614796,0.1151688
3/7/6/3/5/7/2/5/7 3 3,X,-0.5555555555555555555555555556,2,SLEEP,Z,0.04324285,0.09245329
3/7/6/3/5/7/2/3/7 3 3,X,-0.5555555555555555555555555556,2,SLEEP,Z,0.04889158,0.140375
3/7/6/3/5/7/2/7/6 3 3,X,-0.6111111111111111111111111111,6,SLEEP,Z,0.07671348,0.419016
3/7/6/3/5/7/2/7/5 3 3,X,-0.5555555555555555555555555556,4,SLEEP,Z,0.02983185,0.1137302
3/7/6/3/5/7/2/7/3 3 3,X,0.5769230769230769230769230769,2,SLEEP,Z,0.03106096,0.0674728
3/7/6/3/5/7/6/2/7 3 3,X,-0.6111111111111111111111111111,6,SLEEP,Z,0.04274437,0.179731
3/7/6/3/5/7/6/6/6 3 3,X,-0.6666666666666666666666666667,8,SLEEP,Z,0.1126809,0.328092
3/7/6/3/5/7/6/6/5 3 3,X,-0.6111111111111111111111111111,8,SLEEP,Z,0.08994432,0.3094147
3/7/6/3/5/7/6/6/3 3 3,X,0.75,6,SLEEP,Z,0.03959936,0.1258322
3/7/6/3/5/7/6/5/6 3 3,X,-0.6666666666666666666666666667,8,SLEEP,Z,0.06404185,0.297761
3/7/6/3/5/7/6/5/5 3 3,X,-0.6111111111111111111111111111,6,SLEEP,Z,0.04393331,0.1825648
3/7/6/3/5/7/6/5/3 3 3,X,0.75,2,SLEEP,Z,0.02005055,0.06627127
3/7/6/3/5/7/6/3/6 3 3,X,-0.6666666666666666666666666667,10,SLEEP,Z,0.06632061,0.2670407
3/7/6/3/5/7/6/3/5 3 3,X,-0.6111111111111111111111111111,4,SLEEP,Z,0.03349838,0.1494356
3/7/6/3/5/7/6/3/3 3 3,X,0.75,2,SLEEP,Z,0.02801312,0.08084726
3/7/6/3/5/7/6/7/4 3 3,X,-0.6666666666666666666666666667,6,SLEEP,Z,0.04986087,0.2250196
3/7/6/3/5/7/6/7/2 3 3,X,-0.6111111111111111111111111111,4,SLEEP,Z,0.03758882,0.1580081
3/7/6/3/5/7/6/7/1 3 3,X,0.75,4,SLEEP,Z,0.1857899,0.4464764
3/7/6/3/5/7/5/2/7 3 3,X,-0.5555555555555555555555555556,4,SLEEP,Z,0.1221542,0.377369
3/7/6/3/5/7/5/6/6 3 3,X,-0.6111111111111111111111111111,6,SLEEP,Z,0.0698945,0.2039851
3/7/6/3/5/7/5/6/5 3 3,Z,-0.5909090909090909090909090909,8,SLEEP,Z,0.09623618,0.2378789
3/7/6/3/5/7/5/6/3 3 3,Z,-0.5909090909090909090909090909,6,SLEEP,Z,0.04171959,0.1555408
3/7/6/3/5/7/5/5/6 3 3,X,-0.6111111111111111111111111111,2,SLEEP,Z,0.03537754,0.1592758
3/7/6/3/5/7/5/5/5 3 3,X,-0.5555555555555555555555555556,6,SLEEP,Z,0.1251931,0.3730465
3/7/6/3/5/7/5/5/3 3 3,X,0.5769230769230769230769230769,4,SLEEP,Z,0.07864905,0.3837966
3/7/6/3/5/7/5/3/6 3 3,X,-0.6111111111111111111111111111,4,SLEEP,Z,0.03648763,0.1788843
3/7/6/3/5/7/5/3/5 3 3,X,-0.5555555555555555555555555556,4,SLEEP,Z,0.05781982,0.1072711
3/7/6/3/5/7/5/3/3 3 3,X,0.5769230769230769230769230769,2,SLEEP,Z,0.01446145,0.04293728
3/7/6/3/5/7/5/7/4 3 3,X,-0.6111111111111111111111111111,8,SLEEP,Z,0.05832663,0.2156743
3/7/6/3/5/7/5/7/2 3 3,X,-0.5555555555555555555555555556,4,SLEEP,Z,0.02085055,0.07312056
3/7/6/3/5/7/5/7/1 3 3,X,0.5769230769230769230769230769,2,SLEEP,Z,0.02257286,0.07494826
3/7/6/3/5/7/3/2/7 3 3,X,0.5769230769230769230769230769,4,SLEEP,Z,0.1492383,0.2778407
3/7/6/3/5/7/3/6/6 3 3,X,-0.75,4,SLEEP,Z,0.02918662,0.1162678
3/7/6/3/5/7/3/6/5 3 3,Z,-0.5909090909090909090909090909,4,SLEEP,Z,0.08577695,0.2159999
3/7/6/3/5/7/3/6/3 3 3,X,0.6538461538461538461538461538,6,SLEEP,Z,0.04144929,0.1380831
3/7/6/3/5/7/3/5/6 3 3,X,-0.75,2,SLEEP,Z,0.01931184,0.06026118
3/7/6/3/5/7/3/5/5 3 3,X,0.5769230769230769230769230769,4,SLEEP,Z,0.0693465,0.1548755
3/7/6/3/5/7/3/5/3 3 3,X,0.6538461538461538461538461538,6,SLEEP,Z,0.1318505,0.2477839
3/7/6/3/5/7/3/3/6 3 3,X,-0.75,2,SLEEP,Z,0.03809328,0.07903074
3/7/6/3/5/7/3/3/5 3 3,X,0.5769230769230769230769230769,4,SLEEP,Z,0.09349716,0.1795391
3/7/6/3/5/7/3/3/3 3 3,X,0.6538461538461538461538461538,6,SLEEP,Z,0.09865243,0.1487398
3/7/6/3/5/7/3/7/4 3 3,X,-0.75,6,SLEEP,Z,0.04196811,0.1383607
3/7/6/3/5/7/3/7/2 3 3,X,0.5769230769230769230769230769,2,SLEEP,Z,0.02542931,0.1034713
3/7/6/3/5/7/3/7/1 3 3,X,0.6538461538461538461538461538,4,SLEEP,Z,0.02742593,0.100725
3/7/6/3/5/7/7/2/6 3 3,X,-0.6111111111111111111111111111,4,SLEEP,Z,0.03521665,0.1601942
3/7/6/3/5/7/7/2/5 3 3,X,-0.5555555555555555555555555556,2,SLEEP,Z,0.0408981,0.1086892
3/7/6/3/5/7/7/2/3 3 3,X,0.5769230769230769230769230769,2,SLEEP,Z,0.01906329,0.07144994
3/7/6/3/5/7/7/6/4 3 3,X,-0.6111111111111111111111111111,6,SLEEP,Z,0.04029933,0.1682469
3/7/6/3/5/7/7/6/2 3 3,Z,-0.5909090909090909090909090909,4,SLEEP,Z,0.03341737,0.1209964
3/7/6/3/5/7/7/6/1 3 3,Z,-0.5909090909090909090909090909,4,SLEEP,Z,0.02395276,0.08901224
3/7/6/3/5/7/7/5/4 3 3,X,-0.6111111111111111111111111111,6,SLEEP,Z,0.03777495,0.1481502
3/7/6/3/5/7/7/5/2 3 3,X,-0.5555555555555555555555555556,4,SLEEP,Z,0.02724076,0.07927449
3/7/6/3/5/7/7/5/1 3 3,X,0.5769230769230769230769230769,4,SLEEP,Z,0.02890137,0.05817721
3/7/6/3/5/7/7/3/4 3 3,X,-0.6111111111111111111111111111,2,SLEEP,Z,0.01652784,0.06188909
3/7/6/3/5/7/7/3/2 3 3,X,-0.5555555555555555555555555556,2,SLEEP,Z,0.03021833,0.1231872
3/7/6/3/5/7/7/3/1 3 3,X,0.5769230769230769230769230769,2,SLEEP,Z,0.09194685,0.4195453
3/7/6/3/3/2/6/7/7 3 3,X,-0.6111111111111111111111111111,4,SLEEP,Z,0.03736543,0.1233782
3/7/6/3/3/2/5/7/7 3 3,X,0.5769230769230769230769230769,2,SLEEP,Z,0.02614107,0.06786118
3/7/6/3/3/2/3/7/7 3 3,X,0.6538461538461538461538461538,6,SLEEP,Z,0.07512814,0.1922839
3/7/6/3/3/2/7/6/7 3 3,Z,-0.5909090909090909090909090909,10,SLEEP,Z,0.04771997,0.1479638
3/7/6/3/3/2/7/5/7 3 3,X,0.5769230769230769230769230769,6,SLEEP,Z,0.03571882,0.1029501
3/7/6/3/3/2/7/3/7 3 3,X,0.5769230769230769230769230769,2,SLEEP,Z,0.02492741,0.09235571
3/7/6/3/3/2/7/7/6 3 3,X,-0.6111111111111111111111111111,8,SLEEP,Z,0.09420606,0.4635522
3/7/6/3/3/2/7/7/5 3 3,X,0.5769230769230769230769230769,6,SLEEP,Z,0.05866828,0.1603151
3/7/6/3/3/2/7/7/3 3 3,X,0.6538461538461538461538461538,4,SLEEP,Z,0.02217066,0.0793364
3/7/6/3/3/6/2/7/7 3 3,Z,-0.5909090909090909090909090909,4,SLEEP,Z,0.03143005,0.1005586
3/7/6/3/3/6/6/6/7 3 3,Z,-0.6818181818181818181818181819,8,SLEEP,Z,0.05863902,0.1858872
3/7/6/3/3/6/6/5/7 3 3,X,-0.6111111111111111111111111111,6,SLEEP,Z,0.05000363,0.1516053
3/7/6/3/3/6/6/3/7 3 3,Z,0.6428571428571428571428571429,4,SLEEP,Z,0.0317136,0.1319914
3/7/6/3/3/6/6/7/6 3 3,X,-0.7222222222222222222222222222,6,SLEEP,Z,0.06837519,0.2825498
3/7/6/3/3/6/6/7/5 3 3,X,-0.6111111111111111111111111111,8,SLEEP,Z,0.05018224,0.184354
3/7/6/3/3/6/6/7/3 3 3,X,0.7,6,SLEEP,Z,0.1032456,0.2640291
3/7/6/3/3/6/5/6/7 3 3,Z,-0.6818181818181818181818181819,6,SLEEP,Z,0.08232832,0.1486506
3/7/6/3/3/6/5/5/7 3 3,Z,-0.5909090909090909090909090909,4,SLEEP,Z,0.04741907,0.145893
3/7/6/3/3/6/5/3/7 3 3,Z,0.6428571428571428571428571429,4,SLEEP,Z,0.0386261,0.103242
3/7/6/3/3/6/5/7/6 3 3,X,-0.6111111111111111111111111111,4,SLEEP,Z,0.05155557,0.1173485
3/7/6/3/3/6/5/7/5 3 3,Z,-0.5909090909090909090909090909,4,SLEEP,Z,0.03858061,0.1250335
3/7/6/3/3/6/5/7/3 3 3,X,0.6538461538461538461538461538,6,SLEEP,Z,0.124876,0.3484384
3/7/6/3/3/6/3/6/7 3 3,Z,-0.6818181818181818181818181819,4,SLEEP,Z,0.03496839,0.1376535
3/7/6/3/3/6/3/5/7 3 3,X,0.6538461538461538461538461538,4,SLEEP,Z,0.03131673,0.09566359
3/7/6/3/3/6/3/3/7 3 3,X,0.6538461538461538461538461538,2,SLEEP,Z,0.0206109,0.06753058
3/7/6/3/3/6/3/7/6 3 3,X,-0.7,6,SLEEP,Z,0.04637149,0.1549767
3/7/6/3/3/6/3/7/5 3 3,X,0.6538461538461538461538461538,6,SLEEP,Z,0.06680851,0.239195
3/7/6/3/3/6/3/7/3 3 3,X,0.7307692307692307692307692307,4,SLEEP,Z,0.03628512,0.1338594
3/7/6/3/3/6/7/2/7 3 3,Z,-0.5909090909090909090909090909,4,SLEEP,Z,0.03199905,0.113536
3/7/6/3/3/6/7/6/6 3 3,Z,-0.6818181818181818181818181819,6,SLEEP,Z,0.06194808,0.2065304
3/7/6/3/3/6/7/6/5 3 3,Z,-0.6818181818181818181818181819,6,SLEEP,Z,0.06165364,0.2134384
3/7/6/3/3/6/7/6/3 3 3,Z,-0.6818181818181818181818181819,4,SLEEP,Z,0.05297499,0.1768038
3/7/6/3/3/6/7/5/6 3 3,X,-0.6111111111111111111111111111,6,SLEEP,Z,0.06979594,0.4262558
3/7/6/3/3/6/7/5/5 3 3,Z,-0.5909090909090909090909090909,4,SLEEP,Z,0.07033831,0.4299881
3/7/6/3/3/6/7/5/3 3 3,X,0.6538461538461538461538461538,6,SLEEP,Z,0.08701221,0.2436942
3/7/6/3/3/6/7/3/6 3 3,Z,0.6428571428571428571428571429,6,SLEEP,Z,0.03060665,0.1160881
3/7/6/3/3/6/7/3/5 3 3,Z,0.6428571428571428571428571429,4,SLEEP,Z,0.02815566,0.08965347
3/7/6/3/3/6/7/3/3 3 3,X,0.6538461538461538461538461538,2,SLEEP,Z,0.0292902,0.09512141
3/7/6/3/3/6/7/7/4 3 3,X,-0.6111111111111111111111111111,4,SLEEP,Z,0.03741336,0.1333453
3/7/6/3/3/6/7/7/2 3 3,Z,-0.5909090909090909090909090909,4,SLEEP,Z,0.03207853,0.1109832
3/7/6/3/3/6/7/7/1 3 3,X,0.6538461538461538461538461538,4,SLEEP,Z,0.04306485,0.1513937
3/7/6/3/3/5/2/7/7 3 3,X,0.5769230769230769230769230769,4,SLEEP,Z,0.06904789,0.1850037
3/7/6/3/3/5/6/6/7 3 3,X,-0.6111111111111111111111111111,6,SLEEP,Z,0.05422758,0.164148
3/7/6/3/3/5/6/5/7 3 3,X,-0.6111111111111111111111111111,6,SLEEP,Z,0.04553635,0.1564852
3/7/6/3/3/5/6/3/7 3 3,X,-0.6111111111111111111111111111,4,SLEEP,Z,0.03778894,0.1252885
3/7/6/3/3/5/6/7/6 3 3,X,-0.7222222222222222222222222222,8,SLEEP,Z,0.08483668,0.2583274
3/7/6/3/3/5/6/7/5 3 3,X,-0.6111111111111111111111111111,6,SLEEP,Z,0.06794068,0.2258679
3/7/6/3/3/5/6/7/3 3 3,X,0.7,2,SLEEP,Z,0,0
3/7/6/3/3/5/5/6/7 3 3,Z,-0.5909090909090909090909090909,8,SLEEP,Z,0.09706659,0.3096586
3/7/6/3/3/5/5/5/7 3 3,X,0.5769230769230769230769230769,4,SLEEP,Z,0.07057182,0.1881864
3/7/6/3/3/5/5/3/7 3 3,X,0.5769230769230769230769230769,2,SLEEP,Z,0,0
3/7/6/3/3/5/5/7/6 3 3,X,-0.6111111111111111111111111111,6,SLEEP,Z,0.04814141,0.1523577
3/7/6/3/3/5/5/7/5 3 3,X,0.5769230769230769230769230769,2,SLEEP,Z,0.02280913,0.05012565
3/7/6/3/3/5/5/7/3 3 3,X,0.6538461538461538461538461538,2,SLEEP,Z,0.02865785,0.08107381
3/7/6/3/3/5/3/6/7 3 3,X,0.6538461538461538461538461538,6,SLEEP,Z,0.05326893,0.1274932
3/7/6/3/3/5/3/5/7 3 3,X,0.6538461538461538461538461538,2,SLEEP,Z,0.01342914,0.04997253
3/7/6/3/3/5/3/3/7 3 3,X,0.6538461538461538461538461538,2,SLEEP,Z,0.05208061,0.2095826
3/7/6/3/3/5/3/7/6 3 3,X,-0.7,6,SLEEP,Z,0.03207227,0.1141496
3/7/6/3/3/5/3/7/5 3 3,X,0.6538461538461538461538461538,2,SLEEP,Z,0,0
3/7/6/3/3/5/3/7/3 3 3,X,0.7307692307692307692307692307,6,SLEEP,Z,0.04295069,0.1512493
3/7/6/3/3/5/7/2/7 3 3,X,0.5769230769230769230769230769,2,SLEEP,Z,0,0
3/7/6/3/3/5/7/6/6 3 3,X,-0.6111111111111111111111111111,6,SLEEP,Z,0.03495684,0.142427
3/7/6/3/3/5/7/6/5 3 3,Z,-0.5909090909090909090909090909,6,SLEEP,Z,0.04450541,0.1630569
3/7/6/3/3/5/7/6/3 3 3,X,0.6538461538461538461538461538,4,SLEEP,Z,0.03098059,0.1048558
3/7/6/3/3/5/7/5/6 3 3,X,-0.6111111111111111111111111111,6,SLEEP,Z,0.06672645,0.2378528
3/7/6/3/3/5/7/5/5 3 3,X,0.5769230769230769230769230769,4,SLEEP,Z,0.1030802,0.2765163
3/7/6/3/3/5/7/5/3 3 3,X,0.6538461538461538461538461538,2,SLEEP,Z,0.06025105,0.1557213
3/7/6/3/3/5/7/3/6 3 3,X,-0.6111111111111111111111111111,4,SLEEP,Z,0.03180044,0.1040128
3/7/6/3/3/5/7/3/5 3 3,X,0.5769230769230769230769230769,2,SLEEP,Z,0.004504576,0.01875237
3/7/6/3/3/5/7/3/3 3 3,X,0.6538461538461538461538461538,2,SLEEP,Z,0.004916226,0.01841297
3/7/6/3/3/5/7/7/4 3 3,X,-0.6111111111111111111111111111,4,SLEEP,Z,0.0245609,0.09565824
3/7/6/3/3/5/7/7/2 3 3,X,0.5769230769230769230769230769,2,SLEEP,Z,0.09475762,0.1764091
3/7/6/3/3/5/7/7/1 3 3,X,0.6538461538461538461538461538,2,SLEEP,Z,0.02210972,0.09162103
3/7/6/3/3/3/2/7/7 3 3,X,0.5769230769230769230769230769,4,SLEEP,Z,0.03948783,0.1257346
3/7/6/3/3/3/6/6/7 3 3,Z,-0.6428571428571428571428571429,6,SLEEP,Z,0.05641181,0.1598164
3/7/6/3/3/3/6/5/7 3 3,X,-0.6111111111111111111111111111,8,SLEEP,Z,0.1027921,0.2659256
3/7/6/3/3/3/6/3/7 3 3,X,-0.6111111111111111111111111111,2,SLEEP,Z,0.05210172,0.09566467
3/7/6/3/3/3/6/7/6 3 3,X,-0.7222222222222222222222222222,8,SLEEP,Z,0.07812484,0.3313756
3/7/6/3/3/3/6/7/5 3 3,X,-0.6111111111111111111111111111,6,SLEEP,Z,0.09738962,0.2897164
3/7/6/3/3/3/6/7/3 3 3,X,0.7,2,SLEEP,Z,0.02306327,0.09934124
3/7/6/3/3/3/5/6/7 3 3,Z,-0.6428571428571428571428571429,4,SLEEP,Z,0.04344194,0.1327867
3/7/6/3/3/3/5/5/7 3 3,X,0.5769230769230769230769230769,4,SLEEP,Z,0.02995964,0.09912035
3/7/6/3/3/3/5/3/7 3 3,X,0.5769230769230769230769230769,4,SLEEP,Z,0.04662477,0.05391265
3/7/6/3/3/3/5/7/6 3 3,X,-0.6111111111111111111111111111,4,SLEEP,Z,0.03368729,0.1203278
3/7/6/3/3/3/5/7/5 3 3,X,0.5769230769230769230769230769,2,SLEEP,Z,0.06337003,0.1720234
3/7/6/3/3/3/5/7/3 3 3,X,0.6538461538461538461538461538,2,SLEEP,Z,0,0
3/7/6/3/3/3/3/6/7 3 3,X,0.6538461538461538461538461538,6,SLEEP,Z,0.1355631,0.1998186
3/7/6/3/3/3/3/5/7 3 3,X,0.6538461538461538461538461538,2,SLEEP,Z,0.02071204,0.04990311
3/7/6/3/3/3/3/3/7 3 3,X,0.6538461538461538461538461538,2,SLEEP,Z,0.01830368,0.06240122
3/7/6/3/3/3/3/7/6 3 3,X,-0.7,2,SLEEP,Z,0.04272288,0.0890717
3/7/6/3/3/3/3/7/5 3 3,X,0.6538461538461538461538461538,2,SLEEP,Z,0.03699712,0.06331724
3/7/6/3/3/3/3/7/3 3 3,X,0.7307692307692307692307692307,4,SLEEP,Z,0.05143148,0.1807516
3/7/6/3/3/3/7/2/7 3 3,X,0.5769230769230769230769230769,6,SLEEP,Z,0.02979283,0.1001174
3/7/6/3/3/3/7/6/6 3 3,Z,-0.6428571428571428571428571429,6,SLEEP,Z,0.05315229,0.1831117
3/7/6/3/3/3/7/6/5 3 3,Z,-0.6428571428571428571428571429,2,SLEEP,Z,0.02856541,0.09648459
3/7/6/3/3/3/7/6/3 3 3,X,0.6538461538461538461538461538,6,SLEEP,Z,0.04813314,0.1392062
3/7/6/3/3/3/7/5/6 3 3,X,-0.6111111111111111111111111111,4,SLEEP,Z,0.03274591,0.1094617
3/7/6/3/3/3/7/5/5 3 3,X,0.5769230769230769230769230769,2,SLEEP,Z,0.01508658,0.05985586
3/7/6/3/3/3/7/5/3 3 3,X,0.6538461538461538461538461538,4,SLEEP,Z,0.03950429,0.1053708
3/7/6/3/3/3/7/3/6 3 3,X,-0.6111111111111111111111111111,4,SLEEP,Z,0.0361063,0.1544698
3/7/6/3/3/3/7/3/5 3 3,X,0.5769230769230769230769230769,4,SLEEP,Z,0.02634884,0.09125811
3/7/6/3/3/3/7/3/3 3 3,X,0.6538461538461538461538461538,2,SLEEP,Z,0.0135889,0.03986993
3/7/6/3/3/3/7/7/4 3 3,X,-0.6111111111111111111111111111,4,SLEEP,Z,0.03181675,0.1243481
3/7/6/3/3/3/7/7/2 3 3,X,0.5769230769230769230769230769,2,SLEEP,Z,0.02519796,0.05725968
3/7/6/3/3/3/7/7/1 3 3,X,0.6538461538461538461538461538,4,SLEEP,Z,0.03625271,0.1113141
3/7/6/3/3/7/2/6/7 3 3,Z,-0.5909090909090909090909090909,2,SLEEP,Z,0.03447616,0.1240758
3/7/6/3/3/7/2/5/7 3 3,X,0.5769230769230769230769230769,8,SLEEP,Z,0.1076578,0.4482042
3/7/6/3/3/7/2/3/7 3 3,X,0.5769230769230769230769230769,2,SLEEP,Z,0.01519269,0.03205763
3/7/6/3/3/7/2/7/6 3 3,X,-0.6111111111111111111111111111,8,SLEEP,Z,0.08533635,0.2626915
3/7/6/3/3/7/2/7/5 3 3,X,0.5769230769230769230769230769,4,SLEEP,Z,0.02709645,0.1077296
3/7/6/3/3/7/2/7/3 3 3,X,0.6538461538461538461538461538,4,SLEEP,Z,0.03091914,0.07888883
3/7/6/3/3/7/6/2/7 3 3,X,-0.6111111111111111111111111111,4,SLEEP,Z,0.05776533,0.1540779
3/7/6/3/3/7/6/6/6 3 3,X,-0.7222222222222222222222222222,8,SLEEP,Z,0.06245962,0.2461939
3/7/6/3/3/7/6/6/5 3 3,X,-0.6111111111111111111111111111,8,SLEEP,Z,0.05230742,0.1704457
3/7/6/3/3/7/6/6/3 3 3,X,0.75,2,SLEEP,Z,0.02056697,0.0701527
3/7/6/3/3/7/6/5/6 3 3,X,-0.7222222222222222222222222222,6,SLEEP,Z,0.03748344,0.1585363
3/7/6/3/3/7/6/5/5 3 3,X,-0.6111111111111111111111111111,6,SLEEP,Z,0.04199757,0.1310802
3/7/6/3/3/7/6/5/3 3 3,X,0.75,4,SLEEP,Z,0.01880888,0.0709752
3/7/6/3/3/7/6/3/6 3 3,X,-0.7222222222222222222222222222,6,SLEEP,Z,0.04465969,0.1979604
3/7/6/3/3/7/6/3/5 3 3,X,-0.6111111111111111111111111111,2,SLEEP,Z,0.01663267,0.06523803
3/7/6/3/3/7/6/3/3 3 3,X,0.75,2,SLEEP,Z,0.01471957,0.05941411
3/7/6/3/3/7/6/7/4 3 3,X,-0.7222222222222222222222222222,4,SLEEP,Z,0.04842702,0.202205
3/7/6/3/3/7/6/7/2 3 3,X,-0.6111111111111111111111111111,6,SLEEP,Z,0.03897383,0.141599
3/7/6/3/3/7/6/7/1 3 3,X,0.75,2,SLEEP,Z,0.0360099,0.101127
3/7/6/3/3/7/5/2/7 3 3,X,0.5769230769230769230769230769,4,SLEEP,Z,0.02970151,0.1081592
3/7/6/3/3/7/5/6/6 3 3,X,-0.6111111111111111111111111111,4,SLEEP,Z,0.03486848,0.1186309
3/7/6/3/3/7/5/6/5 3 3,Z,-0.5909090909090909090909090909,6,SLEEP,Z,0.04987884,0.1851959
3/7/6/3/3/7/5/6/3 3 3,X,0.6538461538461538461538461538,4,SLEEP,Z,0.0453614,0.1423259
3/7/6/3/3/7/5/5/6 3 3,X,-0.6111111111111111111111111111,4,SLEEP,Z,0.04412997,0.1303094
3/7/6/3/3/7/5/5/5 3 3,X,0.5769230769230769230769230769,4,SLEEP,Z,0.02453069,0.1005596
3/7/6/3/3/7/5/5/3 3 3,X,0.6538461538461538461538461538,4,SLEEP,Z,0.03202691,0.1164587
3/7/6/3/3/7/5/3/6 3 3,X,-0.6111111111111111111111111111,6,SLEEP,Z,0.08961723,0.3046442
3/7/6/3/3/7/5/3/5 3 3,X,0.5769230769230769230769230769,2,SLEEP,Z,0.06205002,0.1185011
3/7/6/3/3/7/5/3/3 3 3,X,0.6538461538461538461538461538,2,SLEEP,Z,0.04962871,0.05438858
3/7/6/3/3/7/5/7/4 3 3,X,-0.6111111111111111111111111111,4,SLEEP,Z,0.02471709,0.0989309
3/7/6/3/3/7/5/7/2 3 3,X,0.5769230769230769230769230769,4,SLEEP,Z,0.03696884,0.1361746
3/7/6/3/3/7/5/7/1 3 3,X,0.6538461538461538461538461538,4,SLEEP,Z,0.1336522,0.3285799
3/7/6/3/3/7/3/2/7 3 3,X,0.6538461538461538461538461538,6,SLEEP,Z,0.1009631,0.272434
3/7/6/3/3/7/3/6/6 3 3,X,-0.75,4,SLEEP,Z,0.05155103,0.193982
3/7/6/3/3/7/3/6/5 3 3,X,0.6538461538461538461538461538,4,SLEEP,Z,0.07664552,0.1873601
3/7/6/3/3/7/3/6/3 3 3,X,0.7307692307692307692307692307,8,SLEEP,Z,0.06985172,0.2397804
3/7/6/3/3/7/3/5/6 3 3,X,-0.75,4,SLEEP,Z,0.04182641,0.1511427
3/7/6/3/3/7/3/5/5 3 3,X,0.6538461538461538461538461538,4,SLEEP,Z,0.02896483,0.09228436
3/7/6/3/3/7/3/5/3 3 3,X,0.7307692307692307692307692307,6,SLEEP,Z,0.09738313,0.2158806
3/7/6/3/3/7/3/3/6 3 3,X,-0.75,2,SLEEP,Z,0.09321809,0.4635155
3/7/6/3/3/7/3/3/5 3 3,X,0.6538461538461538461538461538,2,SLEEP,Z,0.02067231,0.03604618
3/7/6/3/3/7/3/3/3 3 3,X,0.7307692307692307692307692307,4,SLEEP,Z,0.03851186,0.1414711
3/7/6/3/3/7/3/7/4 3 3,X,-0.75,2,SLEEP,Z,0.03564851,0.1032065
3/7/6/3/3/7/3/7/2 3 3,X,0.6538461538461538461538461538,4,SLEEP,Z,0.0277161,0.06549729
3/7/6/3/3/7/3/7/1 3 3,X,0.7307692307692307692307692307,6,SLEEP,Z,0.0572845,0.1892536
3/7/6/3/3/7/7/2/6 3 3,X,-0.6111111111111111111111111111,6,SLEEP,Z,0.04086437,0.1667211
3/7/6/3/3/7/7/2/5 3 3,X,0.5769230769230769230769230769,2,SLEEP,Z,0.02212,0.06360678
3/7/6/3/3/7/7/2/3 3 3,X,0.6538461538461538461538461538,4,SLEEP,Z,0.07762367,0.1144613
3/7/6/3/3/7/7/6/4 3 3,X,-0.6111111111111111111111111111,6,SLEEP,Z,0.04593514,0.1296535
3/7/6/3/3/7/7/6/2 3 3,Z,-0.5909090909090909090909090909,2,SLEEP,Z,0.03193538,0.121306
3/7/6/3/3/7/7/6/1 3 3,X,0.6538461538461538461538461538,4,SLEEP,Z,0.04150638,0.1520642
3/7/6/3/3/7/7/5/4 3 3,X,-0.6111111111111111111111111111,4,SLEEP,Z,0.05961955,0.4207464
3/7/6/3/3/7/7/5/2 3 3,X,0.5769230769230769230769230769,4,SLEEP,Z,0.03379854,0.1110069
3/7/6/3/3/7/7/5/1 3 3,X,0.6538461538461538461538461538,2,SLEEP,Z,0.01292387,0.04403868
3/7/6/3/3/7/7/3/4 3 3,X,-0.6111111111111111111111111111,6,SLEEP,Z,0.04417375,0.1894027
3/7/6/3/3/7/7/3/2 3 3,X,0.5769230769230769230769230769,2,SLEEP,Z,0.06066976,0.1457748
3/7/6/3/3/7/7/3/1 3 3,X,0.6538461538461538461538461538,2,SLEEP,Z,0.02585323,0.0945023
3/7/6/3/7/2/2/7/7 3 3,X,-0.5555555555555555555555555556,2,SLEEP,Z,0.05925967,0.1332589
3/7/6/3/7/2/6/6/7 3 3,X,-0.6111111111111111111111111111,8,SLEEP,Z,0.1519408,0.2883381
3/7/6/3/7/2/6/5/7 3 3,X,-0.6111111111111111111111111111,6,SLEEP,Z,0.0577241,0.1520912
3/7/6/3/7/2/6/3/7 3 3,X,-0.6111111111111111111111111111,6,SLEEP,Z,0.06457771,0.1893888
3/7/6/3/7/2/6/7/6 3 3,X,-0.6666666666666666666666666667,6,SLEEP,Z,0.06596275,0.2576554
3/7/6/3/7/2/6/7/5 3 3,X,-0.6111111111111111111111111111,6,SLEEP,Z,0.1213363,0.2617044
3/7/6/3/7/2/6/7/3 3 3,X,0.7,4,SLEEP,Z,0.039279,0.1301697
3/7/6/3/7/2/5/6/7 3 3,Z,-0.5909090909090909090909090909,6,SLEEP,Z,0.07005485,0.2060476
3/7/6/3/7/2/5/5/7 3 3,X,-0.5555555555555555555555555556,6,SLEEP,Z,0.03779387,0.1522039
3/7/6/3/7/2/5/3/7 3 3,X,-0.5555555555555555555555555556,4,SLEEP,Z,0.03637996,0.1048508
3/7/6/3/7/2/5/7/6 3 3,X,-0.6111111111111111111111111111,4,SLEEP,Z,0.03003108,0.1005236
3/7/6/3/7/2/5/7/5 3 3,X,-0.5555555555555555555555555556,4,SLEEP,Z,0.04320956,0.1141927
3/7/6/3/7/2/5/7/3 3 3,X,0.5769230769230769230769230769,2,SLEEP,Z,0.01549218,0.04926228
3/7/6/3/7/2/3/6/7 3 3,Z,-0.5909090909090909090909090909,4,SLEEP,Z,0.03700596,0.1058024
3/7/6/3/7/2/3/5/7 3 3,X,0.5769230769230769230769230769,2,SLEEP,Z,0.06863693,0.401263
3/7/6/3/7/2/3/3/7 3 3,X,0.5769230769230769230769230769,2,SLEEP,Z,0.0456011,0.06667756
3/7/6/3/7/2/3/7/6 3 3,X,-0.7,6,SLEEP,Z,0.04173147,0.08692895
3/7/6/3/7/2/3/7/5 3 3,X,0.5769230769230769230769230769,2,SLEEP,Z,0.02383226,0.07671301
3/7/6/3/7/2/3/7/3 3 3,X,0.6538461538461538461538461538,4,SLEEP,Z,0.02770216,0.08835074
3/7/6/3/7/2/7/2/7 3 3,X,-0.5555555555555555555555555556,4,SLEEP,Z,0.0830679,0.1959722
3/7/6/3/7/2/7/6/6 3 3,X,-0.6111111111111111111111111111,8,SLEEP,Z,0.0935613,0.2806761
3/7/6/3/7/2/7/6/5 3 3,Z,-0.5909090909090909090909090909,4,SLEEP,Z,0.04376104,0.1086894
3/7/6/3/7/2/7/6/3 3 3,Z,-0.5909090909090909090909090909,6,SLEEP,Z,0.03297354,0.1017994
3/7/6/3/7/2/7/5/6 3 3,X,-0.6111111111111111111111111111,6,SLEEP,Z,0.03290312,0.1227149
3/7/6/3/7/2/7/5/5 3 3,X,-0.5555555555555555555555555556,4,SLEEP,Z,0.03022115,0.07182208
3/7/6/3/7/2/7/5/3 3 3,X,0.5769230769230769230769230769,2,SLEEP,Z,0.0230615,0.0778751
3/7/6/3/7/2/7/3/6 3 3,X,-0.6111111111111111111111111111,6,SLEEP,Z,0.0964592,0.4073892
3/7/6/3/7/2/7/3/5 3 3,X,-0.5555555555555555555555555556,4,SLEEP,Z,0.02908972,0.0680031
3/7/6/3/7/2/7/3/3 3 3,X,0.5769230769230769230769230769,2,SLEEP,Z,0.00783964,0.01646771
3/7/6/3/7/2/7/7/4 3 3,X,-0.6111111111111111111111111111,4,SLEEP,Z,0.0302927,0.131264
3/7/6/3/7/2/7/7/2 3 3,X,-0.5555555555555555555555555556,4,SLEEP,Z,0.03758826,0.123684
3/7/6/3/7/2/7/7/1 3 3,X,0.5769230769230769230769230769,4,SLEEP,Z,0.04187089,0.1313085
3/7/6/3/7/6/2/6/7 3 3,Z,-0.6818181818181818181818181818,8,SLEEP,Z,0.1397485,0.3557138
3/7/6/3/7/6/2/5/7 3 3,Z,-0.5909090909090909090909090909,6,SLEEP,Z,0.04883452,0.1371723
3/7/6/3/7/6/2/3/7 3 3,Z,0.6666666666666666666666666667,6,SLEEP,Z,0.05372337,0.1199569
3/7/6/3/7/6/2/7/6 3 3,X,-0.6111111111111111111111111111,6,SLEEP,Z,0.05003306,0.1912515
3/7/6/3/7/6/2/7/5 3 3,Z,-0.5909090909090909090909090909,4,SLEEP,Z,0.03915658,0.1241956
3/7/6/3/7/6/2/7/3 3 3,Z,-0.5909090909090909090909090909,4,SLEEP,Z,0.08049706,0.1350364
3/7/6/3/7/6/6/2/7 3 3,X,-0.6111111111111111111111111111,6,SLEEP,Z,0.1306314,0.2713895
3/7/6/3/7/6/6/6/6 3 3,Z,-0.6818181818181818181818181818,8,SLEEP,Z,0.1094271,0.3976452
3/7/6/3/7/6/6/6/5 3 3,Z,-0.6818181818181818181818181818,4,SLEEP,Z,0.02387702,0.07792284
3/7/6/3/7/6/6/6/3 3 3,X,0.75,4,SLEEP,Z,0.0751356,0.1807259
3/7/6/3/7/6/6/5/6 3 3,X,-0.6666666666666666666666666667,10,SLEEP,Z,0.09636355,0.3719326
3/7/6/3/7/6/6/5/5 3 3,X,-0.6111111111111111111111111111,6,SLEEP,Z,0.05179599,0.200129
3/7/6/3/7/6/6/5/3 3 3,X,0.75,4,SLEEP,Z,0.03909875,0.1330938
3/7/6/3/7/6/6/3/6 3 3,X,-0.6666666666666666666666666667,8,SLEEP,Z,0.07437216,0.323355
3/7/6/3/7/6/6/3/5 3 3,Z,0.6666666666666666666666666667,4,SLEEP,Z,0.08063408,0.2514841
3/7/6/3/7/6/6/3/3 3 3,X,0.75,2,SLEEP,Z,0.01843937,0.06483872
3/7/6/3/7/6/6/7/4 3 3,X,-0.6666666666666666666666666667,8,SLEEP,Z,0.06968027,0.3188152
3/7/6/3/7/6/6/7/2 3 3,X,-0.6111111111111111111111111111,8,SLEEP,Z,0.07352601,0.208618
3/7/6/3/7/6/6/7/1 3 3,X,0.75,6,SLEEP,Z,0.202601,0.3295515
3/7/6/3/7/6/5/2/7 3 3,Z,-0.5909090909090909090909090909,6,SLEEP,Z,0.06047485,0.1429056
3/7/6/3/7/6/5/6/6 3 3,Z,-0.6818181818181818181818181818,6,SLEEP,Z,0.0506184,0.1721906
3/7/6/3/7/6/5/6/5 3 3,Z,-0.6818181818181818181818181818,8,SLEEP,Z,0.08538928,0.2169051
3/7/6/3/7/6/5/6/3 3 3,Z,-0.6818181818181818181818181818,6,SLEEP,Z,0.06854205,0.2283115
3/7/6/3/7/6/5/5/6 3 3,X,-0.6111111111111111111111111111,6,SLEEP,Z,0.03711551,0.1263733
3/7/6/3/7/6/5/5/5 3 3,Z,-0.5909090909090909090909090909,4,SLEEP,Z,0.04092806,0.1452796
3/7/6/3/7/6/5/5/3 3 3,Z,-0.5909090909090909090909090909,2,SLEEP,Z,0.02705993,0.0696328
3/7/6/3/7/6/5/3/6 3 3,Z,0.6666666666666666666666666667,4,SLEEP,Z,0.03258668,0.1185588
3/7/6/3/7/6/5/3/5 3 3,Z,0.6666666666666666666666666667,2,SLEEP,Z,0.01965216,0.07422306
3/7/6/3/7/6/5/3/3 3 3,Z,0.6666666666666666666666666667,4,SLEEP,Z,0.04371591,0.1057753
3/7/6/3/7/6/5/7/4 3 3,X,-0.6111111111111111111111111111,8,SLEEP,Z,0.04842077,0.1888604
3/7/6/3/7/6/5/7/2 3 3,Z,-0.5909090909090909090909090909,4,SLEEP,Z,0.04042028,0.1259477
3/7/6/3/7/6/5/7/1 3 3,Z,-0.5909090909090909090909090909,16,SLEEP,Z,0.02871494,0.09647783
3/7/6/3/7/6/3/2/7 3 3,Z,-0.5909090909090909090909090909,2,SLEEP,Z,0.03291102,0.09393286
3/7/6/3/7/6/3/6/6 3 3,X,-0.75,6,SLEEP,Z,0.09939277,0.29403
3/7/6/3/7/6/3/6/5 3 3,Z,-0.6818181818181818181818181818,8,SLEEP,Z,0.05808252,0.204477
3/7/6/3/7/6/3/6/3 3 3,Z,-0.6818181818181818181818181818,4,SLEEP,Z,0.04633956,0.1505708
3/7/6/3/7/6/3/5/6 3 3,X,-0.75,4,SLEEP,Z,0.04491709,0.1487966
3/7/6/3/7/6/3/5/5 3 3,Z,-0.5909090909090909090909090909,4,SLEEP,Z,0.1088685,0.2541245
3/7/6/3/7/6/3/5/3 3 3,X,0.6538461538461538461538461538,6,SLEEP,Z,0.05338045,0.1742917
3/7/6/3/7/6/3/3/6 3 3,X,-0.75,2,SLEEP,Z,0.01948711,0.09207375
3/7/6/3/7/6/3/3/5 3 3,Z,0.6666666666666666666666666667,2,SLEEP,Z,0.007938246,0.02427017
3/7/6/3/7/6/3/3/3 3 3,Z,0.6666666666666666666666666667,4,SLEEP,Z,0.02411602,0.0916357
3/7/6/3/7/6/3/7/4 3 3,X,-0.75,6,SLEEP,Z,0.1293942,0.3808211
3/7/6/3/7/6/3/7/2 3 3,Z,-0.5909090909090909090909090909,2,SLEEP,Z,0,0
3/7/6/3/7/6/3/7/1 3 3,X,0.6538461538461538461538461538,4,SLEEP,Z,0.07212357,0.1748492
3/7/6/3/7/6/7/2/6 3 3,X,-0.6111111111111111111111111111,6,SLEEP,Z,0.072134,0.2150132
3/7/6/3/7/6/7/2/5 3 3,Z,-0.5909090909090909090909090909,2,SLEEP,Z,0.01299696,0.05037878
3/7/6/3/7/6/7/2/3 3 3,Z,-0.5909090909090909090909090909,4,SLEEP,Z,0.0434567,0.1301101
3/7/6/3/7/6/7/6/4 3 3,Z,-0.6818181818181818181818181818,6,SLEEP,Z,0.04556249,0.1358639
3/7/6/3/7/6/7/6/2 3 3,Z,-0.6818181818181818181818181818,6,SLEEP,Z,0.06672074,0.2171381
3/7/6/3/7/6/7/6/1 3 3,Z,-0.6818181818181818181818181818,4,SLEEP,Z,0.04281891,0.1764796
3/7/6/3/7/6/7/5/4 3 3,X,-0.6111111111111111111111111111,4,SLEEP,Z,0.02726222,0.1178835
3/7/6/3/7/6/7/5/2 3 3,Z,-0.5909090909090909090909090909,6,SLEEP,Z,0.02536034,0.1004013
3/7/6/3/7/6/7/5/1 3 3,Z,-0.5909090909090909090909090909,2,SLEEP,Z,0.02767863,0.1057619
3/7/6/3/7/6/7/3/4 3 3,Z,0.6666666666666666666666666666,4,SLEEP,Z,0.03491836,0.1496841
3/7/6/3/7/6/7/3/2 3 3,Z,0.6666666666666666666666666666,2,SLEEP,Z,0.09164552,0.2339984
3/7/6/3/7/6/7/3/1 3 3,Z,0.6666666666666666666666666666,2,SLEEP,Z,0.09350962,0.3459246
3/7/6/3/7/5/2/6/7 3 3,Z,-0.5909090909090909090909090909,6,SLEEP,Z,0.04189485,0.1417244
3/7/6/3/7/5/2/5/7 3 3,X,-0.5555555555555555555555555556,4,SLEEP,Z,0.02800586,0.0987119
3/7/6/3/7/5/2/3/7 3 3,X,-0.5555555555555555555555555556,2,SLEEP,Z,0.0142427,0.05634718
3/7/6/3/7/5/2/7/6 3 3,X,-0.6111111111111111111111111111,4,SLEEP,Z,0.06958999,0.2338084
3/7/6/3/7/5/2/7/5 3 3,X,-0.5555555555555555555555555556,4,SLEEP,Z,0.03765165,0.1032917
3/7/6/3/7/5/2/7/3 3 3,X,0.5769230769230769230769230769,2,SLEEP,Z,0.2018615,0.1631266
3/7/6/3/7/5/6/2/7 3 3,X,-0.6111111111111111111111111111,4,SLEEP,Z,0.04109046,0.1539386
3/7/6/3/7/5/6/6/6 3 3,X,-0.6666666666666666666666666667,6,SLEEP,Z,0.07043701,0.2589094
3/7/6/3/7/5/6/6/5 3 3,X,-0.6111111111111111111111111111,8,SLEEP,Z,0.1201747,0.3665718
3/7/6/3/7/5/6/6/3 3 3,X,0.75,4,SLEEP,Z,0.02376489,0.09550616
3/7/6/3/7/5/6/5/6 3 3,X,-0.6666666666666666666666666667,8,SLEEP,Z,0.05369734,0.2296668
3/7/6/3/7/5/6/5/5 3 3,X,-0.6111111111111111111111111111,2,SLEEP,Z,0.01653298,0.06996696
3/7/6/3/7/5/6/5/3 3 3,X,0.75,4,SLEEP,Z,0.04372502,0.1031432
3/7/6/3/7/5/6/3/6 3 3,X,-0.6666666666666666666666666667,4,SLEEP,Z,0.06069779,0.2437253
3/7/6/3/7/5/6/3/5 3 3,X,-0.6111111111111111111111111111,4,SLEEP,Z,0.05398039,0.1905126
3/7/6/3/7/5/6/3/3 3 3,X,0.75,2,SLEEP,Z,0.02624054,0.05707035
3/7/6/3/7/5/6/7/4 3 3,X,-0.6666666666666666666666666667,8,SLEEP,Z,0.06421617,0.2879894
3/7/6/3/7/5/6/7/2 3 3,X,-0.6111111111111111111111111111,6,SLEEP,Z,0.05594552,0.2095065
3/7/6/3/7/5/6/7/1 3 3,X,0.75,4,SLEEP,Z,0.03139433,0.09982219
3/7/6/3/7/5/5/2/7 3 3,X,-0.5555555555555555555555555556,6,SLEEP,Z,0.03427564,0.1262769
3/7/6/3/7/5/5/6/6 3 3,X,-0.6111111111111111111111111111,6,SLEEP,Z,0.06183463,0.2424341
3/7/6/3/7/5/5/6/5 3 3,Z,-0.5909090909090909090909090909,4,SLEEP,Z,0.03353114,0.1193415
3/7/6/3/7/5/5/6/3 3 3,Z,-0.5909090909090909090909090909,4,SLEEP,Z,0.07654569,0.1895557
3/7/6/3/7/5/5/5/6 3 3,X,-0.6111111111111111111111111111,4,SLEEP,Z,0.03682171,0.1497671
3/7/6/3/7/5/5/5/5 3 3,X,-0.5555555555555555555555555556,4,SLEEP,Z,0.07433217,0.1781114
3/7/6/3/7/5/5/5/3 3 3,X,0.5769230769230769230769230769,4,SLEEP,Z,0.04141515,0.09133837
3/7/6/3/7/5/5/3/6 3 3,X,-0.6111111111111111111111111111,8,SLEEP,Z,0.05066678,0.1981167
3/7/6/3/7/5/5/3/5 3 3,X,-0.5555555555555555555555555556,2,SLEEP,Z,0.01850721,0.0308971
3/7/6/3/7/5/5/3/3 3 3,X,0.5769230769230769230769230769,2,SLEEP,Z,0.01303352,0.05474676
3/7/6/3/7/5/5/7/4 3 3,X,-0.6111111111111111111111111111,2,SLEEP,Z,0.02260645,0.09921124
3/7/6/3/7/5/5/7/2 3 3,X,-0.5555555555555555555555555556,4,SLEEP,Z,0.04303819,0.1632135
3/7/6/3/7/5/5/7/1 3 3,X,0.5769230769230769230769230769,4,SLEEP,Z,0.1176797,0.3088699
3/7/6/3/7/5/3/2/7 3 3,X,0.5769230769230769230769230769,2,SLEEP,Z,0.02250468,0.07977512
3/7/6/3/7/5/3/6/6 3 3,X,-0.75,4,SLEEP,Z,0.02339282,0.08470827
3/7/6/3/7/5/3/6/5 3 3,Z,-0.5909090909090909090909090909,2,SLEEP,Z,0.02469937,0.09184537
3/7/6/3/7/5/3/6/3 3 3,X,0.6538461538461538461538461538,8,SLEEP,Z,0.07933326,0.1902464
3/7/6/3/7/5/3/5/6 3 3,X,-0.75,4,SLEEP,Z,0.0307922,0.09863383
3/7/6/3/7/5/3/5/5 3 3,X,0.5769230769230769230769230769,2,SLEEP,Z,0.0173536,0.06876216
3/7/6/3/7/5/3/5/3 3 3,X,0.6538461538461538461538461538,4,SLEEP,Z,0.06636649,0.1283284
3/7/6/3/7/5/3/3/6 3 3,X,-0.75,4,SLEEP,Z,0.1327584,0.454873
3/7/6/3/7/5/3/3/5 3 3,X,0.5769230769230769230769230769,2,SLEEP,Z,0.0220389,0.03028287
3/7/6/3/7/5/3/3/3 3 3,X,0.6538461538461538461538461538,2,SLEEP,Z,0.01923377,0.07290495
3/7/6/3/7/5/3/7/4 3 3,X,-0.75,2,SLEEP,Z,0.02456738,0.06905418
3/7/6/3/7/5/3/7/2 3 3,X,0.5769230769230769230769230769,2,SLEEP,Z,0.01670207,0.0609749
3/7/6/3/7/5/3/7/1 3 3,X,0.6538461538461538461538461538,4,SLEEP,Z,0.0370324,0.1460827
3/7/6/3/7/5/7/2/6 3 3,X,-0.6111111111111111111111111111,2,SLEEP,Z,0.04289731,0.1805262
3/7/6/3/7/5/7/2/5 3 3,X,-0.5555555555555555555555555556,6,SLEEP,Z,0.07831085,0.1605072
3/7/6/3/7/5/7/2/3 3 3,X,0.5769230769230769230769230769,4,SLEEP,Z,0.02728274,0.1063432
3/7/6/3/7/5/7/6/4 3 3,X,-0.6111111111111111111111111111,6,SLEEP,Z,0.04634903,0.1889223
3/7/6/3/7/5/7/6/2 3 3,Z,-0.5909090909090909090909090909,2,SLEEP,Z,0.02293035,0.098045
3/7/6/3/7/5/7/6/1 3 3,Z,-0.5909090909090909090909090909,6,SLEEP,Z,0.03196246,0.1248393
3/7/6/3/7/5/7/5/4 3 3,X,-0.6111111111111111111111111111,4,SLEEP,Z,0.0927678,0.2538778
3/7/6/3/7/5/7/5/2 3 3,X,-0.5555555555555555555555555556,4,SLEEP,Z,0.0353066,0.1110108
3/7/6/3/7/5/7/5/1 3 3,X,0.5769230769230769230769230769,4,SLEEP,Z,0.06584225,0.2007112
3/7/6/3/7/5/7/3/4 3 3,X,-0.6111111111111111111111111111,6,SLEEP,Z,0.07217464,0.281114
3/7/6/3/7/5/7/3/2 3 3,X,-0.5555555555555555555555555556,4,SLEEP,Z,0.03461835,0.1209044
3/7/6/3/7/5/7/3/1 3 3,X,0.5769230769230769230769230769,2,SLEEP,Z,0.008004414,0.01896146
3/7/6/3/7/3/2/6/7 3 3,Z,-0.6666666666666666666666666667,4,SLEEP,Z,0.1301837,0.2558224
3/7/6/3/7/3/2/5/7 3 3,X,-0.5555555555555555555555555556,2,SLEEP,Z,0.06825551,0.145311
3/7/6/3/7/3/2/3/7 3 3,X,-0.5555555555555555555555555556,4,SLEEP,Z,0.03217475,0.06872043
3/7/6/3/7/3/2/7/6 3 3,X,-0.6111111111111111111111111111,4,SLEEP,Z,0.04340076,0.1751795
3/7/6/3/7/3/2/7/5 3 3,X,-0.5555555555555555555555555556,4,SLEEP,Z,0.02683063,0.08268131
3/7/6/3/7/3/2/7/3 3 3,X,0.5769230769230769230769230769,4,SLEEP,Z,0.02549599,0.0615494
3/7/6/3/7/3/6/2/7 3 3,X,-0.6111111111111111111111111111,2,SLEEP,Z,0.03219457,0.1263116
3/7/6/3/7/3/6/6/6 3 3,X,-0.6666666666666666666666666667,6,SLEEP,Z,0.1121196,0.2911725
3/7/6/3/7/3/6/6/5 3 3,Z,-0.6666666666666666666666666667,4,SLEEP,Z,0.03579709,0.1420035
3/7/6/3/7/3/6/6/3 3 3,X,0.75,4,SLEEP,Z,0.1688434,0.3139773
3/7/6/3/7/3/6/5/6 3 3,X,-0.6666666666666666666666666667,8,SLEEP,Z,0.1189374,0.336903
3/7/6/3/7/3/6/5/5 3 3,X,-0.6111111111111111111111111111,6,SLEEP,Z,0.03805985,0.1711714
3/7/6/3/7/3/6/5/3 3 3,X,0.75,2,SLEEP,Z,0.0334904,0.0840671
3/7/6/3/7/3/6/3/6 3 3,X,-0.6666666666666666666666666667,8,SLEEP,Z,0.08652759,0.3465664
3/7/6/3/7/3/6/3/5 3 3,X,-0.6111111111111111111111111111,4,SLEEP,Z,0.06085688,0.1815576
3/7/6/3/7/3/6/3/3 3 3,X,0.75,2,SLEEP,Z,0.04805557,0.07455445
3/7/6/3/7/3/6/7/4 3 3,X,-0.6666666666666666666666666667,6,SLEEP,Z,0.0581575,0.2793336
3/7/6/3/7/3/6/7/2 3 3,X,-0.6111111111111111111111111111,6,SLEEP,Z,0.1324147,0.398399
3/7/6/3/7/3/6/7/1 3 3,X,0.75,2,SLEEP,Z,0,0
3/7/6/3/7/3/5/2/7 3 3,X,-0.5555555555555555555555555556,4,SLEEP,Z,0.03446798,0.1109463
3/7/6/3/7/3/5/6/6 3 3,Z,-0.6666666666666666666666666667,6,SLEEP,Z,0.1708822,0.2778467
3/7/6/3/7/3/5/6/5 3 3,Z,-0.6666666666666666666666666667,6,SLEEP,Z,0.1735973,0.3569208
3/7/6/3/7/3/5/6/3 3 3,Z,-0.6666666666666666666666666667,4,SLEEP,Z,0.04443678,0.1368368
3/7/6/3/7/3/5/5/6 3 3,X,-0.6111111111111111111111111111,6,SLEEP,Z,0.05498253,0.195725
3/7/6/3/7/3/5/5/5 3 3,X,-0.5555555555555555555555555556,6,SLEEP,Z,0.01859328,0.07693739
3/7/6/3/7/3/5/5/3 3 3,X,0.5769230769230769230769230769,2,SLEEP,Z,0.01777934,0.03838344
3/7/6/3/7/3/5/3/6 3 3,X,-0.6111111111111111111111111111,4,SLEEP,Z,0.03644196,0.1649738
3/7/6/3/7/3/5/3/5 3 3,X,-0.5555555555555555555555555556,2,SLEEP,Z,0.08770943,0.1744904
3/7/6/3/7/3/5/3/3 3 3,X,0.5769230769230769230769230769,2,SLEEP,Z,0,0
3/7/6/3/7/3/5/7/4 3 3,X,-0.6111111111111111111111111111,4,SLEEP,Z,0.1017031,0.257006
3/7/6/3/7/3/5/7/2 3 3,X,-0.5555555555555555555555555556,4,SLEEP,Z,0.02334796,0.09034787
3/7/6/3/7/3/5/7/1 3 3,X,0.5769230769230769230769230769,2,SLEEP,Z,0.00946592,0.03347639
3/7/6/3/7/3/3/2/7 3 3,X,0.5769230769230769230769230769,2,SLEEP,Z,0.03433806,0.1336922
3/7/6/3/7/3/3/6/6 3 3,X,-0.75,6,SLEEP,Z,0.187654,0.3460297
3/7/6/3/7/3/3/6/5 3 3,Z,-0.6666666666666666666666666667,2,SLEEP,Z,0.01711203,0.05878386
3/7/6/3/7/3/3/6/3 3 3,Z,-0.6666666666666666666666666667,4,SLEEP,Z,0.03398099,0.09207947
3/7/6/3/7/3/3/5/6 3 3,X,-0.75,4,SLEEP,Z,0.02516774,0.07835547
3/7/6/3/7/3/3/5/5 3 3,X,0.5769230769230769230769230769,4,SLEEP,Z,0.03668054,0.08445345
3/7/6/3/7/3/3/5/3 3 3,X,0.6538461538461538461538461538,4,SLEEP,Z,0.07628902,0.1496579
3/7/6/3/7/3/3/3/6 3 3,X,-0.75,2,SLEEP,Z,0.025803,0.1102594
3/7/6/3/7/3/3/3/5 3 3,X,0.5769230769230769230769230769,2,SLEEP,Z,0.06401854,0.1222949
3/7/6/3/7/3/3/3/3 3 3,X,0.6538461538461538461538461538,2,SLEEP,Z,0,0
3/7/6/3/7/3/3/7/4 3 3,X,-0.75,2,SLEEP,Z,0.01385011,0.05237824
3/7/6/3/7/3/3/7/2 3 3,X,0.5769230769230769230769230769,2,SLEEP,Z,0.02156242,0.08495514
3/7/6/3/7/3/3/7/1 3 3,X,0.6538461538461538461538461538,4,SLEEP,Z,0.02128837,0.08134378
3/7/6/3/7/3/7/2/6 3 3,X,-0.6111111111111111111111111111,4,SLEEP,Z,0.03085204,0.1343228
3/7/6/3/7/3/7/2/5 3 3,X,-0.5555555555555555555555555556,4,SLEEP,Z,0.02878653,0.1019058
3/7/6/3/7/3/7/2/3 3 3,X,0.5769230769230769230769230769,2,SLEEP,Z,0.04246802,0.07444564
3/7/6/3/7/3/7/6/4 3 3,Z,-0.6666666666666666666666666666,6,SLEEP,Z,0.03942273,0.1852608
3/7/6/3/7/3/7/6/2 3 3,Z,-0.6666666666666666666666666666,4,SLEEP,Z,0.02261311,0.09008289
3/7/6/3/7/3/7/6/1 3 3,Z,-0.6666666666666666666666666666,6,SLEEP,Z,0.2020215,0.3170951
3/7/6/3/7/3/7/5/4 3 3,X,-0.6111111111111111111111111111,4,SLEEP,Z,0.06493873,0.2039785
3/7/6/3/7/3/7/5/2 3 3,X,-0.5555555555555555555555555556,2,SLEEP,Z,0.01567479,0.05892896
3/7/6/3/7/3/7/5/1 3 3,X,0.5769230769230769230769230769,2,SLEEP,Z,0.04464989,0.108178
3/7/6/3/7/3/7/3/4 3 3,X,-0.6111111111111111111111111111,4,SLEEP,Z,0.03142766,0.1423446
3/7/6/3/7/3/7/3/2 3 3,X,-0.5555555555555555555555555556,4,SLEEP,Z,0.02040481,0.08805416
3/7/6/3/7/3/7/3/1 3 3,X,0.5769230769230769230769230769,2,SLEEP,Z,0.1033277,0.169641
3/7/6/3/7/7/2/2/7 3 3,X,-0.5555555555555555555555555556,2,SLEEP,Z,0.02117311,0.07790276
3/7/6/3/7/7/2/6/6 3 3,X,-0.6111111111111111111111111111,6,SLEEP,Z,0.1085242,0.2853462
3/7/6/3/7/7/2/6/5 3 3,Z,-0.5909090909090909090909090909,6,SLEEP,Z,0.1281647,0.3093375
3/7/6/3/7/7/2/6/3 3 3,Z,-0.5909090909090909090909090909,6,SLEEP,Z,0.1066645,0.1894767
3/7/6/3/7/7/2/5/6 3 3,X,-0.6111111111111111111111111111,4,SLEEP,Z,0.04566572,0.1740506
3/7/6/3/7/7/2/5/5 3 3,X,-0.5555555555555555555555555556,4,SLEEP,Z,0.06239649,0.1992443
3/7/6/3/7/7/2/5/3 3 3,X,0.5769230769230769230769230769,2,SLEEP,Z,0.1463863,0.1442152
3/7/6/3/7/7/2/3/6 3 3,X,-0.6111111111111111111111111111,2,SLEEP,Z,0.03804551,0.1431894
3/7/6/3/7/7/2/3/5 3 3,X,-0.5555555555555555555555555556,4,SLEEP,Z,0.01943214,0.07266657
3/7/6/3/7/7/2/3/3 3 3,X,0.5769230769230769230769230769,2,SLEEP,Z,0,0
3/7/6/3/7/7/2/7/4 3 3,X,-0.6111111111111111111111111111,6,SLEEP,Z,0.05014206,0.2106987
3/7/6/3/7/7/2/7/2 3 3,X,-0.5555555555555555555555555556,2,SLEEP,Z,0.009067322,0.03247349
3/7/6/3/7/7/2/7/1 3 3,X,0.5769230769230769230769230769,4,SLEEP,Z,0.03565582,0.07143123
3/7/6/3/7/7/6/2/6 3 3,X,-0.6666666666666666666666666667,12,SLEEP,Z,0.1240407,0.3538741
3/7/6/3/7/7/6/2/5 3 3,X,-0.6111111111111111111111111111,6,SLEEP,Z,0.04048006,0.1475935
3/7/6/3/7/7/6/2/3 3 3,X,0.8333333333333333333333333333,4,SLEEP,Z,0.2147905,0.2818398
3/7/6/3/7/7/6/6/4 3 3,X,-0.6666666666666666666666666667,4,SLEEP,Z,0.04625713,0.2157709
3/7/6/3/7/7/6/6/2 3 3,X,-0.6111111111111111111111111111,4,SLEEP,Z,0.0281101,0.1264827
3/7/6/3/7/7/6/6/1 3 3,X,0.8333333333333333333333333333,6,SLEEP,Z,0.2573823,0.475111
3/7/6/3/7/7/6/5/4 3 3,X,-0.6666666666666666666666666667,8,SLEEP,Z,0.05893786,0.2790796
3/7/6/3/7/7/6/5/2 3 3,X,-0.6111111111111111111111111111,2,SLEEP,Z,0.04296078,0.1577195
3/7/6/3/7/7/6/5/1 3 3,X,0.8333333333333333333333333333,2,SLEEP,Z,0.01925643,0.08096652
3/7/6/3/7/7/6/3/4 3 3,X,-0.6666666666666666666666666667,8,SLEEP,Z,0.05554423,0.2607547
3/7/6/3/7/7/6/3/2 3 3,X,-0.6111111111111111111111111111,4,SLEEP,Z,0.02296226,0.1041399
3/7/6/3/7/7/6/3/1 3 3,X,0.8333333333333333333333333333,2,SLEEP,Z,0.01142968,0.04347298
3/7/6/3/7/7/5/2/6 3 3,X,-0.6111111111111111111111111111,2,SLEEP,Z,0.03869462,0.1691453
3/7/6/3/7/7/5/2/5 3 3,X,-0.5555555555555555555555555556,6,SLEEP,Z,0.1062025,0.2202554
3/7/6/3/7/7/5/2/3 3 3,X,0.5769230769230769230769230769,4,SLEEP,Z,0.02608369,0.09017868
3/7/6/3/7/7/5/6/4 3 3,X,-0.6111111111111111111111111111,4,SLEEP,Z,0.03450104,0.150019
3/7/6/3/7/7/5/6/2 3 3,Z,-0.5909090909090909090909090909,6,SLEEP,Z,0.03183467,0.1307274
3/7/6/3/7/7/5/6/1 3 3,Z,-0.5909090909090909090909090909,4,SLEEP,Z,0.06781164,0.2171351
3/7/6/3/7/7/5/5/4 3 3,X,-0.6111111111111111111111111111,4,SLEEP,Z,0.0295627,0.1357462
3/7/6/3/7/7/5/5/2 3 3,X,-0.5555555555555555555555555556,4,SLEEP,Z,0.02379552,0.09538438
3/7/6/3/7/7/5/5/1 3 3,X,0.5769230769230769230769230769,2,SLEEP,Z,0.02433246,0.1023191
3/7/6/3/7/7/5/3/4 3 3,X,-0.6111111111111111111111111111,2,SLEEP,Z,0.04787354,0.189916
3/7/6/3/7/7/5/3/2 3 3,X,-0.5555555555555555555555555556,2,SLEEP,Z,0.09647886,0.1986042
3/7/6/3/7/7/5/3/1 3 3,X,0.5769230769230769230769230769,2,SLEEP,Z,0.00808384,0.03254022
3/7/6/3/7/7/3/2/6 3 3,X,-0.8333333333333333333333333333,2,SLEEP,Z,0,0
3/7/6/3/7/7/3/2/5 3 3,X,0.5769230769230769230769230769,2,SLEEP,Z,0.01771602,0.06100502
3/7/6/3/7/7/3/2/3 3 3,X,0.6538461538461538461538461538,2,SLEEP,Z,0.01118939,0.04404192
3/7/6/3/7/7/3/6/4 3 3,X,-0.8333333333333333333333333333,2,SLEEP,Z,0.02232865,0.07359292
3/7/6/3/7/7/3/6/2 3 3,Z,-0.5909090909090909090909090909,4,SLEEP,Z,0.0404257,0.1415917
3/7/6/3/7/7/3/6/1 3 3,X,0.6538461538461538461538461538,4,SLEEP,Z,0.05508533,0.1994917
3/7/6/3/7/7/3/5/4 3 3,X,-0.8333333333333333333333333333,2,SLEEP,Z,0.03201912,0.1099544
3/7/6/3/7/7/3/5/2 3 3,X,0.5769230769230769230769230769,6,SLEEP,Z,0.07944356,0.2254613
3/7/6/3/7/7/3/5/1 3 3,X,0.6538461538461538461538461538,4,SLEEP,Z,0.03352112,0.1235458
3/7/6/3/7/7/3/3/4 3 3,X,-0.8333333333333333333333333333,4,SLEEP,Z,0.06371327,0.1080245
3/7/6/3/7/7/3/3/2 3 3,X,0.5769230769230769230769230769,2,SLEEP,Z,0.0556226,0.09492578
3/7/6/3/7/7/3/3/1 3 3,X,0.6538461538461538461538461538,2,SLEEP,Z,0.01649546,0.06566072
3/7/6/3/7/7/7/2/4 3 3,X,-0.6111111111111111111111111111,4,SLEEP,Z,0.03586383,0.1516168
3/7/6/3/7/7/7/2/2 3 3,X,-0.5555555555555555555555555556,4,SLEEP,Z,0.01992593,0.07204824
3/7/6/3/7/7/7/2/1 3 3,X,0.5769230769230769230769230769,2,SLEEP,Z,0.0133431,0.05352957
3/7/6/7/2/2/6/7/7 3 3,X,-0.6111111111111111111111111111,6,SLEEP,Z,0.07359658,0.2511657
3/7/6/7/2/2/5/7/7 3 3,X,-0.5555555555555555555555555556,2,SLEEP,Z,0.02643833,0.0699665
3/7/6/7/2/2/3/7/7 3 3,X,0.5769230769230769230769230769,2,SLEEP,Z,0,0
3/7/6/7/2/2/7/6/7 3 3,X,-0.5555555555555555555555555556,2,SLEEP,Z,0.01404675,0.05265034
3/7/6/7/2/2/7/5/7 3 3,X,-0.5555555555555555555555555556,2,SLEEP,Z,0.01917077,0.03471239
3/7/6/7/2/2/7/3/7 3 3,X,-0.5555555555555555555555555556,4,SLEEP,Z,0.02661879,0.09049153
3/7/6/7/2/2/7/7/6 3 3,X,-0.6111111111111111111111111111,4,SLEEP,Z,0.0670272,0.1829984
3/7/6/7/2/2/7/7/5 3 3,X,-0.5555555555555555555555555556,4,SLEEP,Z,0.02047293,0.07948267
3/7/6/7/2/2/7/7/3 3 3,X,0.5769230769230769230769230769,2,SLEEP,Z,0.01724822,0.03797873
3/7/6/7/2/6/2/7/7 3 3,X,-0.5555555555555555555555555556,4,SLEEP,Z,0.08392181,0.201021
3/7/6/7/2/6/6/6/7 3 3,X,-0.6111111111111111111111111111,4,SLEEP,Z,0.04270479,0.1920816
3/7/6/7/2/6/6/5/7 3 3,X,-0.6111111111111111111111111111,4,SLEEP,Z,0.06483039,0.2207603
3/7/6/7/2/6/6/3/7 3 3,Z,0.6428571428571428571428571429,6,SLEEP,Z,0.0554738,0.2147291
3/7/6/7/2/6/6/7/6 3 3,X,-0.6666666666666666666666666667,8,SLEEP,Z,0.0925739,0.3662597
3/7/6/7/2/6/6/7/5 3 3,X,-0.6111111111111111111111111111,6,SLEEP,Z,0.12048,0.2909444
3/7/6/7/2/6/6/7/3 3 3,X,0.7,2,SLEEP,Z,0.03717406,0.06734004
3/7/6/7/2/6/5/6/7 3 3,X,-0.5555555555555555555555555556,6,SLEEP,Z,0.03407438,0.1548052
3/7/6/7/2/6/5/5/7 3 3,X,-0.5555555555555555555555555556,2,SLEEP,Z,0,0
3/7/6/7/2/6/5/3/7 3 3,Z,0.6428571428571428571428571429,4,SLEEP,Z,0.01765754,0.06997542
3/7/6/7/2/6/5/7/6 3 3,X,-0.6111111111111111111111111111,4,SLEEP,Z,0.04135083,0.1594919
3/7/6/7/2/6/5/7/5 3 3,X,-0.5555555555555555555555555556,2,SLEEP,Z,0.03104609,0.08648791
3/7/6/7/2/6/5/7/3 3 3,X,0.5769230769230769230769230769,2,SLEEP,Z,0.1343013,0.413148
3/7/6/7/2/6/3/6/7 3 3,X,0.5769230769230769230769230769,4,SLEEP,Z,0.0394525,0.1200796
3/7/6/7/2/6/3/5/7 3 3,X,0.5769230769230769230769230769,2,SLEEP,Z,0.04699121,0.06865713
3/7/6/7/2/6/3/3/7 3 3,Z,0.6428571428571428571428571429,4,SLEEP,Z,0.122364,0.3979202
3/7/6/7/2/6/3/7/6 3 3,X,-0.7,4,SLEEP,Z,0.03705655,0.1106696
3/7/6/7/2/6/3/7/5 3 3,X,0.5769230769230769230769230769,2,SLEEP,Z,0,0
3/7/6/7/2/6/3/7/3 3 3,X,0.6538461538461538461538461538,2,SLEEP,Z,0,0
3/7/6/7/2/6/7/2/7 3 3,X,-0.5555555555555555555555555556,2,SLEEP,Z,0.0174,0.06843676
3/7/6/7/2/6/7/6/6 3 3,X,-0.6111111111111111111111111111,6,SLEEP,Z,0.05818689,0.245521
3/7/6/7/2/6/7/6/5 3 3,X,-0.5555555555555555555555555556,4,SLEEP,Z,0.03026315,0.1183784
3/7/6/7/2/6/7/6/3 3 3,X,0.5769230769230769230769230769,2,SLEEP,Z,0,0
3/7/6/7/2/6/7/5/6 3 3,X,-0.6111111111111111111111111111,6,SLEEP,Z,0.03720204,0.1721589
3/7/6/7/2/6/7/5/5 3 3,X,-0.5555555555555555555555555556,2,SLEEP,Z,0.03252501,0.09409476
3/7/6/7/2/6/7/5/3 3 3,X,0.5769230769230769230769230769,2,SLEEP,Z,0.09886172,0.1668317
3/7/6/7/2/6/7/3/6 3 3,Z,0.6428571428571428571428571429,4,SLEEP,Z,0.07757935,0.2706423
3/7/6/7/2/6/7/3/5 3 3,Z,0.6428571428571428571428571429,4,SLEEP,Z,0.04806211,0.1500493
3/7/6/7/2/6/7/3/3 3 3,Z,0.6428571428571428571428571429,2,SLEEP,Z,0,0
3/7/6/7/2/6/7/7/4 3 3,X,-0.6111111111111111111111111111,4,SLEEP,Z,0.1126126,0.2779489
3/7/6/7/2/6/7/7/2 3 3,X,-0.5555555555555555555555555556,4,SLEEP,Z,0.09556267,0.3649415
3/7/6/7/2/6/7/7/1 3 3,X,0.5769230769230769230769230769,2,SLEEP,Z,0.09601562,0.1156018
3/7/6/7/2/5/2/7/7 3 3,X,-0.5555555555555555555555555556,2,SLEEP,Z,0.03444361,0.0975942
3/7/6/7/2/5/6/6/7 3 3,X,-0.6111111111111111111111111111,6,SLEEP,Z,0.07860624,0.2283856
3/7/6/7/2/5/6/5/7 3 3,X,-0.6111111111111111111111111111,6,SLEEP,Z,0.05105147,0.2070739
3/7/6/7/2/5/6/3/7 3 3,X,-0.6111111111111111111111111111,4,SLEEP,Z,0.05138121,0.196886
3/7/6/7/2/5/6/7/6 3 3,X,-0.6666666666666666666666666667,8,SLEEP,Z,0.1168838,0.4170312
3/7/6/7/2/5/6/7/5 3 3,X,-0.6111111111111111111111111111,8,SLEEP,Z,0.03828782,0.177445
3/7/6/7/2/5/6/7/3 3 3,X,0.7,4,SLEEP,Z,0.03126945,0.1021267
3/7/6/7/2/5/5/6/7 3 3,X,-0.5555555555555555555555555556,4,SLEEP,Z,0.03182751,0.1216583
3/7/6/7/2/5/5/5/7 3 3,X,-0.5555555555555555555555555556,4,SLEEP,Z,0.06740016,0.1961324
3/7/6/7/2/5/5/3/7 3 3,X,-0.5555555555555555555555555556,4,SLEEP,Z,0.02268816,0.09549717
3/7/6/7/2/5/5/7/6 3 3,X,-0.6111111111111111111111111111,4,SLEEP,Z,0.04926238,0.2126946
3/7/6/7/2/5/5/7/5 3 3,X,-0.5555555555555555555555555556,2,SLEEP,Z,0.03538601,0.104247
3/7/6/7/2/5/5/7/3 3 3,X,0.5769230769230769230769230769,2,SLEEP,Z,0,0
3/7/6/7/2/5/3/6/7 3 3,X,0.5769230769230769230769230769,2,SLEEP,Z,0.083617,0.430336
3/7/6/7/2/5/3/5/7 3 3,X,0.5769230769230769230769230769,2,SLEEP,Z,0.01913765,0.02799108
3/7/6/7/2/5/3/3/7 3 3,X,0.5769230769230769230769230769,2,SLEEP,Z,0.01412561,0.04553968
3/7/6/7/2/5/3/7/6 3 3,X,-0.7,4,SLEEP,Z,0.06078355,0.1144303
3/7/6/7/2/5/3/7/5 3 3,X,0.5769230769230769230769230769,2,SLEEP,Z,0.01117257,0.02035196
3/7/6/7/2/5/3/7/3 3 3,X,0.6538461538461538461538461538,2,SLEEP,Z,0.02341956,0.05684664
3/7/6/7/2/5/7/2/7 3 3,X,-0.5555555555555555555555555556,2,SLEEP,Z,0.03629148,0.1350167
3/7/6/7/2/5/7/6/6 3 3,X,-0.6111111111111111111111111111,2,SLEEP,Z,0.04492521,0.1609143
3/7/6/7/2/5/7/6/5 3 3,X,-0.5555555555555555555555555556,2,SLEEP,Z,0.02480176,0.09969436
3/7/6/7/2/5/7/6/3 3 3,X,0.5769230769230769230769230769,2,SLEEP,Z,0.0128995,0.03705304
3/7/6/7/2/5/7/5/6 3 3,X,-0.6111111111111111111111111111,4,SLEEP,Z,0.1022101,0.4144772
3/7/6/7/2/5/7/5/5 3 3,X,-0.5555555555555555555555555556,2,SLEEP,Z,0.02986818,0.1095137
3/7/6/7/2/5/7/5/3 3 3,X,0.5769230769230769230769230769,2,SLEEP,Z,0.03136417,0.03476181
3/7/6/7/2/5/7/3/6 3 3,X,-0.6111111111111111111111111111,8,SLEEP,Z,0.05785675,0.2048231
3/7/6/7/2/5/7/3/5 3 3,X,-0.5555555555555555555555555556,4,SLEEP,Z,0.03327728,0.1219953
3/7/6/7/2/5/7/3/3 3 3,X,0.5769230769230769230769230769,4,SLEEP,Z,0.04103262,0.1286791
3/7/6/7/2/5/7/7/4 3 3,X,-0.6111111111111111111111111111,2,SLEEP,Z,0.041104,0.166703
3/7/6/7/2/5/7/7/2 3 3,X,-0.5555555555555555555555555556,4,SLEEP,Z,0.1114923,0.3937547
3/7/6/7/2/5/7/7/1 3 3,X,0.5769230769230769230769230769,2,SLEEP,Z,0,0
3/7/6/7/2/3/2/7/7 3 3,X,-0.5555555555555555555555555556,2,SLEEP,Z,0.02320678,0.07097685
3/7/6/7/2/3/6/6/7 3 3,Z,-0.6428571428571428571428571429,4,SLEEP,Z,0.08003681,0.2092247
3/7/6/7/2/3/6/5/7 3 3,X,-0.6111111111111111111111111111,6,SLEEP,Z,0.05151227,0.1910385
3/7/6/7/2/3/6/3/7 3 3,X,-0.6111111111111111111111111111,8,SLEEP,Z,0.0722276,0.2697559
3/7/6/7/2/3/6/7/6 3 3,X,-0.6666666666666666666666666667,10,SLEEP,Z,0.08305307,0.3460299
3/7/6/7/2/3/6/7/5 3 3,X,-0.6111111111111111111111111111,6,SLEEP,Z,0.06762185,0.2192169
3/7/6/7/2/3/6/7/3 3 3,X,0.7,2,SLEEP,Z,0.04183181,0.07542687
3/7/6/7/2/3/5/6/7 3 3,Z,-0.6428571428571428571428571429,4,SLEEP,Z,0.03651183,0.06562527
3/7/6/7/2/3/5/5/7 3 3,X,-0.5555555555555555555555555556,2,SLEEP,Z,0.04133241,0.09720925
3/7/6/7/2/3/5/3/7 3 3,X,-0.5555555555555555555555555556,2,SLEEP,Z,0.02949817,0.06728128
3/7/6/7/2/3/5/7/6 3 3,X,-0.6111111111111111111111111111,4,SLEEP,Z,0.06570753,0.2345815
3/7/6/7/2/3/5/7/5 3 3,X,-0.5555555555555555555555555556,4,SLEEP,Z,0.02946131,0.09757453
3/7/6/7/2/3/5/7/3 3 3,X,0.5769230769230769230769230769,2,SLEEP,Z,0,0
3/7/6/7/2/3/3/6/7 3 3,Z,-0.6428571428571428571428571429,2,SLEEP,Z,0.1212525,0.389224
3/7/6/7/2/3/3/5/7 3 3,X,0.5769230769230769230769230769,2,SLEEP,Z,0.03723389,0.0524439
3/7/6/7/2/3/3/3/7 3 3,X,0.5769230769230769230769230769,2,SLEEP,Z,0.05679719,0.09213508
3/7/6/7/2/3/3/7/6 3 3,X,-0.7,4,SLEEP,Z,0.03183381,0.1026881
3/7/6/7/2/3/3/7/5 3 3,X,0.5769230769230769230769230769,2,SLEEP,Z,0,0
3/7/6/7/2/3/3/7/3 3 3,X,0.6538461538461538461538461538,4,SLEEP,Z,0.03202013,0.1019353
3/7/6/7/2/3/7/2/7 3 3,X,-0.5555555555555555555555555556,2,SLEEP,Z,0.0263736,0.1024178
3/7/6/7/2/3/7/6/6 3 3,Z,-0.6428571428571428571428571429,6,SLEEP,Z,0.09578685,0.2712042
3/7/6/7/2/3/7/6/5 3 3,Z,-0.6428571428571428571428571429,4,SLEEP,Z,0.03449445,0.1178119
3/7/6/7/2/3/7/6/3 3 3,Z,-0.6428571428571428571428571429,2,SLEEP,Z,0.0179717,0.04556499
3/7/6/7/2/3/7/5/6 3 3,X,-0.6111111111111111111111111111,2,SLEEP,Z,0.0325368,0.1618795
3/7/6/7/2/3/7/5/5 3 3,X,-0.5555555555555555555555555556,2,SLEEP,Z,0.05031523,0.1341553
3/7/6/7/2/3/7/5/3 3 3,X,0.5769230769230769230769230769,2,SLEEP,Z,0,0
3/7/6/7/2/3/7/3/6 3 3,X,-0.6111111111111111111111111111,8,SLEEP,Z,0.09662923,0.2783453
3/7/6/7/2/3/7/3/5 3 3,X,-0.5555555555555555555555555556,4,SLEEP,Z,0.07334764,0.1900257
3/7/6/7/2/3/7/3/3 3 3,X,0.5769230769230769230769230769,2,SLEEP,Z,0.008822207,0.03420537
3/7/6/7/2/3/7/7/4 3 3,X,-0.6111111111111111111111111111,2,SLEEP,Z,0.04721317,0.1933578
3/7/6/7/2/3/7/7/2 3 3,X,-0.5555555555555555555555555556,2,SLEEP,Z,0.0240475,0.1024574
3/7/6/7/2/3/7/7/1 3 3,X,0.5769230769230769230769230769,2,SLEEP,Z,0.01375383,0.04087189
3/7/6/7/2/7/2/6/7 3 3,X,-0.5555555555555555555555555556,4,SLEEP,Z,0.06597438,0.09874111
3/7/6/7/2/7/2/5/7 3 3,X,-0.5555555555555555555555555556,4,SLEEP,Z,0.08787667,0.1849272
3/7/6/7/2/7/2/3/7 3 3,X,-0.5555555555555555555555555556,2,SLEEP,Z,0,0
3/7/6/7/2/7/2/7/6 3 3,X,-0.6111111111111111111111111111,2,SLEEP,Z,0.04852348,0.1905683
3/7/6/7/2/7/2/7/5 3 3,X,-0.5555555555555555555555555556,2,SLEEP,Z,0.02038367,0.07874704
3/7/6/7/2/7/2/7/3 3 3,X,0.5769230769230769230769230769,2,SLEEP,Z,0.02019302,0.0272142
3/7/6/7/2/7/6/2/7 3 3,X,-0.6111111111111111111111111111,2,SLEEP,Z,0.0358247,0.1487335
3/7/6/7/2/7/6/6/6 3 3,X,-0.6666666666666666666666666667,10,SLEEP,Z,0.09343652,0.4004169
3/7/6/7/2/7/6/6/5 3 3,X,-0.6111111111111111111111111111,6,SLEEP,Z,0.0928055,0.2568784
3/7/6/7/2/7/6/6/3 3 3,X,0.75,4,SLEEP,Z,0.1262264,0.2249668
3/7/6/7/2/7/6/5/6 3 3,X,-0.6666666666666666666666666667,10,SLEEP,Z,0.09681454,0.3757417
3/7/6/7/2/7/6/5/5 3 3,X,-0.6111111111111111111111111111,8,SLEEP,Z,0.05687958,0.2415211
3/7/6/7/2/7/6/5/3 3 3,X,0.75,2,SLEEP,Z,0,0
3/7/6/7/2/7/6/3/6 3 3,X,-0.6666666666666666666666666667,10,SLEEP,Z,0.1137243,0.3991834
3/7/6/7/2/7/6/3/5 3 3,X,-0.6111111111111111111111111111,6,SLEEP,Z,0.05508621,0.202442
3/7/6/7/2/7/6/3/3 3 3,X,0.75,2,SLEEP,Z,0.01215335,0.03900562
3/7/6/7/2/7/6/7/4 3 3,X,-0.6666666666666666666666666667,6,SLEEP,Z,0.1071435,0.391227
3/7/6/7/2/7/6/7/2 3 3,X,-0.6111111111111111111111111111,6,SLEEP,Z,0.08981259,0.2534379
3/7/6/7/2/7/6/7/1 3 3,X,0.75,2,SLEEP,Z,0,0
3/7/6/7/2/7/5/2/7 3 3,X,-0.5555555555555555555555555556,2,SLEEP,Z,0.01991241,0.0828127
3/7/6/7/2/7/5/6/6 3 3,X,-0.6111111111111111111111111111,6,SLEEP,Z,0.05992104,0.2194474
3/7/6/7/2/7/5/6/5 3 3,X,-0.5555555555555555555555555556,4,SLEEP,Z,0.04208247,0.1229971
3/7/6/7/2/7/5/6/3 3 3,X,0.5769230769230769230769230769,2,SLEEP,Z,0.08064985,0.1695035
3/7/6/7/2/7/5/5/6 3 3,X,-0.6111111111111111111111111111,4,SLEEP,Z,0.05062741,0.2063276
3/7/6/7/2/7/5/5/5 3 3,X,-0.5555555555555555555555555556,4,SLEEP,Z,0.03824333,0.1341456
3/7/6/7/2/7/5/5/3 3 3,X,0.5769230769230769230769230769,2,SLEEP,Z,0.01918638,0.06829011
3/7/6/7/2/7/5/3/6 3 3,X,-0.6111111111111111111111111111,8,SLEEP,Z,0.08042383,0.2888461
3/7/6/7/2/7/5/3/5 3 3,X,-0.5555555555555555555555555556,4,SLEEP,Z,0.05394349,0.1574402
3/7/6/7/2/7/5/3/3 3 3,X,0.5769230769230769230769230769,2,SLEEP,Z,0.01268387,0.04282293
3/7/6/7/2/7/5/7/4 3 3,X,-0.6111111111111111111111111111,6,SLEEP,Z,0.06248559,0.2504211
3/7/6/7/2/7/5/7/2 3 3,X,-0.5555555555555555555555555556,2,SLEEP,Z,0.03543074,0.1325595
3/7/6/7/2/7/5/7/1 3 3,X,0.5769230769230769230769230769,2,SLEEP,Z,0.02769795,0.03163423
3/7/6/7/2/7/3/2/7 3 3,X,0.5769230769230769230769230769,4,SLEEP,Z,0.08832048,0.3898746
3/7/6/7/2/7/3/6/6 3 3,X,-0.75,4,SLEEP,Z,0.02695022,0.1114215
3/7/6/7/2/7/3/6/5 3 3,X,0.5769230769230769230769230769,4,SLEEP,Z,0.02879215,0.07230704
3/7/6/7/2/7/3/6/3 3 3,X,0.6538461538461538461538461538,2,SLEEP,Z,0.02553451,0.063695
3/7/6/7/2/7/3/5/6 3 3,X,-0.75,4,SLEEP,Z,0.03373707,0.1256253
3/7/6/7/2/7/3/5/5 3 3,X,0.5769230769230769230769230769,2,SLEEP,Z,0.00280901,0.00842242
3/7/6/7/2/7/3/5/3 3 3,X,0.6538461538461538461538461538,2,SLEEP,Z,0.01919235,0.06344526
3/7/6/7/2/7/3/3/6 3 3,X,-0.75,2,SLEEP,Z,0.0798111,0.1767689
3/7/6/7/2/7/3/3/5 3 3,X,0.5769230769230769230769230769,4,SLEEP,Z,0.03506606,0.06901322
3/7/6/7/2/7/3/3/3 3 3,X,0.6538461538461538461538461538,4,SLEEP,Z,0.02566395,0.08638707
3/7/6/7/2/7/3/7/4 3 3,X,-0.75,4,SLEEP,Z,0.091788,0.399518
3/7/6/7/2/7/3/7/2 3 3,X,0.5769230769230769230769230769,2,SLEEP,Z,0,0
3/7/6/7/2/7/3/7/1 3 3,X,0.6538461538461538461538461538,2,SLEEP,Z,0.06562741,0.1535709
3/7/6/7/2/7/7/2/6 3 3,X,-0.6111111111111111111111111111,2,SLEEP,Z,0.02276531,0.09807341
3/7/6/7/2/7/7/2/5 3 3,X,-0.5555555555555555555555555556,4,SLEEP,Z,0.03105117,0.1202697
3/7/6/7/2/7/7/2/3 3 3,X,0.5769230769230769230769230769,2,SLEEP,Z,0,0
3/7/6/7/2/7/7/6/4 3 3,X,-0.6111111111111111111111111111,6,SLEEP,Z,0.1053843,0.329953
3/7/6/7/2/7/7/6/2 3 3,X,-0.5555555555555555555555555556,2,SLEEP,Z,0.03213356,0.1210789
3/7/6/7/2/7/7/6/1 3 3,X,0.5769230769230769230769230769,4,SLEEP,Z,0.03471487,0.07418852
3/7/6/7/2/7/7/5/4 3 3,X,-0.6111111111111111111111111111,4,SLEEP,Z,0.04260314,0.1749258
3/7/6/7/2/7/7/5/2 3 3,X,-0.5555555555555555555555555556,2,SLEEP,Z,0.04170283,0.1207601
3/7/6/7/2/7/7/5/1 3 3,X,0.5769230769230769230769230769,2,SLEEP,Z,0.01628978,0.04398349
3/7/6/7/2/7/7/3/4 3 3,X,-0.6111111111111111111111111111,4,SLEEP,Z,0.04346519,0.1832442
3/7/6/7/2/7/7/3/2 3 3,X,-0.5555555555555555555555555556,2,SLEEP,Z,0.02930421,0.1178321
3/7/6/7/2/7/7/3/1 3 3,X,0.5769230769230769230769230769,2,SLEEP,Z,0.007503182,0.02489497
3/7/6/7/6/2/2/7/7 3 3,X,-0.6111111111111111111111111111,6,SLEEP,Z,0.05633454,0.1468831
3/7/6/7/6/2/6/6/7 3 3,X,-0.6666666666666666666666666667,12,SLEEP,Z,0.06055834,0.2463328
3/7/6/7/6/2/6/5/7 3 3,X,-0.6666666666666666666666666667,10,SLEEP,Z,0.05146556,0.2194957
3/7/6/7/6/2/6/3/7 3 3,X,-0.6666666666666666666666666667,8,SLEEP,Z,0.1729079,0.3717563
3/7/6/7/6/2/6/7/5 3 3,X,-0.6666666666666666666666666667,12,SLEEP,Z,0.05944641,0.238861
3/7/6/7/6/2/6/7/3 3 3,X,0.7,4,SLEEP,Z,0.06224402,0.1558711
3/7/6/7/6/2/5/6/7 3 3,X,-0.6111111111111111111111111111,6,SLEEP,Z,0.05680123,0.1472625
3/7/6/7/6/2/5/5/7 3 3,X,-0.6111111111111111111111111111,2,SLEEP,Z,0.1200771,0.2342607
3/7/6/7/6/2/5/3/7 3 3,X,-0.6111111111111111111111111111,4,SLEEP,Z,0.05109838,0.1362678
3/7/6/7/6/2/5/7/6 3 3,X,-0.6666666666666666666666666667,8,SLEEP,Z,0.05602549,0.2416155
3/7/6/7/6/2/5/7/5 3 3,X,-0.6111111111111111111111111111,4,SLEEP,Z,0.1113636,0.2822089
3/7/6/7/6/2/5/7/3 3 3,X,0.625,2,SLEEP,Z,0.02315747,0.06641415
3/7/6/7/6/2/3/6/7 3 3,X,0.625,6,SLEEP,Z,0.06607443,0.1506873
3/7/6/7/6/2/3/5/7 3 3,X,0.625,2,SLEEP,Z,0.0243043,0.04626296
3/7/6/7/6/2/3/3/7 3 3,X,0.625,2,SLEEP,Z,0.1586374,0.3157181
3/7/6/7/6/2/3/7/6 3 3,X,-0.7,6,SLEEP,Z,0.04692267,0.1696264
3/7/6/7/6/2/3/7/5 3 3,X,0.625,2,SLEEP,Z,0.007023736,0.006646977
3/7/6/7/6/2/3/7/3 3 3,X,0.75,2,SLEEP,Z,0.006948628,0.02763933
3/7/6/7/6/2/7/2/7 3 3,X,-0.6111111111111111111111111111,6,SLEEP,Z,0.05954173,0.1460175
3/7/6/7/6/2/7/6/6 3 3,X,-0.6666666666666666666666666667,6,SLEEP,Z,0.06913605,0.2754356
3/7/6/7/6/2/7/6/5 3 3,X,-0.6111111111111111111111111111,4,SLEEP,Z,0.02311522,0.1008532
3/7/6/7/6/2/7/6/3 3 3,X,0.625,4,SLEEP,Z,0.05030513,0.08257354
3/7/6/7/6/2/7/5/6 3 3,X,-0.6666666666666666666666666667,6,SLEEP,Z,0.05337029,0.2419437
3/7/6/7/6/2/7/5/5 3 3,X,-0.6111111111111111111111111111,4,SLEEP,Z,0.03247333,0.1396287
3/7/6/7/6/2/7/5/3 3 3,X,0.625,2,SLEEP,Z,0.03544514,0.04373704
3/7/6/7/6/2/7/3/6 3 3,X,-0.6666666666666666666666666667,8,SLEEP,Z,0.07605562,0.3001096
3/7/6/7/6/2/7/3/5 3 3,X,-0.6111111111111111111111111111,4,SLEEP,Z,0.04229814,0.1263642
3/7/6/7/6/2/7/3/3 3 3,X,0.625,2,SLEEP,Z,0.01248182,0.03511137
3/7/6/7/6/2/7/7/4 3 3,X,-0.6666666666666666666666666667,8,SLEEP,Z,0.05378501,0.2157466
3/7/6/7/6/2/7/7/2 3 3,X,-0.6111111111111111111111111111,4,SLEEP,Z,0.03769539,0.1575094
3/7/6/7/6/2/7/7/1 3 3,X,0.625,2,SLEEP,Z,0.05234475,0.07146024
3/7/6/7/6/6/2/6/7 3 3,X,-0.6111111111111111111111111111,4,SLEEP,Z,0.05814166,0.103392
3/7/6/7/6/6/2/5/7 3 3,X,-0.6111111111111111111111111111,6,SLEEP,Z,0.03401431,0.1374431
3/7/6/7/6/6/2/3/7 3 3,Z,0.6666666666666666666666666667,6,SLEEP,Z,0.05854668,0.1885754
3/7/6/7/6/6/2/7/6 3 3,X,-0.6666666666666666666666666667,10,SLEEP,Z,0.09172858,0.306509
3/7/6/7/6/6/2/7/5 3 3,X,-0.6111111111111111111111111111,4,SLEEP,Z,0.03629073,0.1496318
3/7/6/7/6/6/2/7/3 3 3,X,0.625,2,SLEEP,Z,0.01187573,0.02591651
3/7/6/7/6/6/6/2/7 3 3,X,-0.6666666666666666666666666667,6,SLEEP,Z,0.05768779,0.2395354
3/7/6/7/6/6/6/6/6 3 3,X,-0.7222222222222222222222222222,8,SLEEP,Z,0.0660376,0.2792349
3/7/6/7/6/6/6/6/5 3 3,X,-0.6666666666666666666666666667,8,SLEEP,Z,0.05471191,0.2410297
3/7/6/7/6/6/6/6/3 3 3,X,0.75,2,SLEEP,Z,0.03459607,0.09064848
3/7/6/7/6/6/6/5/6 3 3,X,-0.7222222222222222222222222222,12,SLEEP,Z,0.09791065,0.4046394
3/7/6/7/6/6/6/5/5 3 3,X,-0.6666666666666666666666666667,6,SLEEP,Z,0.05830346,0.2479166
3/7/6/7/6/6/6/5/3 3 3,X,0.75,2,SLEEP,Z,0.02275617,0.08140335
3/7/6/7/6/6/6/3/5 3 3,X,-0.6666666666666666666666666667,6,SLEEP,Z,0.04924861,0.2091908
3/7/6/7/6/6/6/3/3 3 3,X,0.75,2,SLEEP,Z,0.02789529,0.08776093
3/7/6/7/6/2/6/7/6 3 3,X,-0.7222222222222222222222222222,6,SLEEP,Z,0.09073617,0.2276859
3/7/6/7/6/6/6/3/6 3 3,X,-0.7222222222222222222222222222,6,SLEEP,Z,0.09387121,0.3164279
3/7/6/7/6/6/6/7/4 3 3,X,-0.7222222222222222222222222222,8,SLEEP,Z,0.124312,0.4079758
3/7/6/7/6/6/6/7/2 3 3,X,-0.6666666666666666666666666667,6,SLEEP,Z,0.1234677,0.3193378
3/7/6/7/6/6/6/7/1 3 3,X,0.75,2,SLEEP,Z,0.03700597,0.1111946
3/7/6/7/6/6/5/2/7 3 3,X,-0.6111111111111111111111111111,4,SLEEP,Z,0.02915297,0.1177101
3/7/6/7/6/6/5/6/6 3 3,X,-0.6666666666666666666666666667,8,SLEEP,Z,0.07656512,0.3082569
3/7/6/7/6/6/5/6/5 3 3,X,-0.6111111111111111111111111111,2,SLEEP,Z,0.02594438,0.1090502
3/7/6/7/6/6/5/6/3 3 3,X,0.625,4,SLEEP,Z,0.1048532,0.1402857
3/7/6/7/6/6/5/5/6 3 3,X,-0.6666666666666666666666666667,8,SLEEP,Z,0.1320896,0.3661749
3/7/6/7/6/6/5/5/5 3 3,X,-0.6111111111111111111111111111,4,SLEEP,Z,0.03489085,0.1689011
3/7/6/7/6/6/5/5/3 3 3,X,0.625,4,SLEEP,Z,0.113033,0.360751
3/7/6/7/6/6/5/3/6 3 3,X,-0.6666666666666666666666666667,8,SLEEP,Z,0.06802306,0.2780947
3/7/6/7/6/6/5/3/5 3 3,Z,0.6666666666666666666666666667,4,SLEEP,Z,0.1125527,0.243966
3/7/6/7/6/6/5/3/3 3 3,Z,0.6666666666666666666666666667,6,SLEEP,Z,0.09716608,0.2287612
3/7/6/7/6/6/5/7/4 3 3,X,-0.6666666666666666666666666667,8,SLEEP,Z,0.07210389,0.3066189
3/7/6/7/6/6/5/7/2 3 3,X,-0.6111111111111111111111111111,2,SLEEP,Z,0.02859387,0.1024686
3/7/6/7/6/6/5/7/1 3 3,X,0.625,4,SLEEP,Z,0.03300924,0.08529122
3/7/6/7/6/6/3/2/7 3 3,X,0.625,2,SLEEP,Z,0.0192067,0.07647491
3/7/6/7/6/6/3/6/6 3 3,X,-0.75,2,SLEEP,Z,0.04571563,0.1480401
3/7/6/7/6/6/3/6/5 3 3,X,0.625,4,SLEEP,Z,0.135187,0.386491
3/7/6/7/6/6/3/6/3 3 3,X,0.75,2,SLEEP,Z,0.01646134,0.0554756
3/7/6/7/6/6/3/5/6 3 3,X,-0.75,2,SLEEP,Z,0,0
3/7/6/7/6/6/3/5/5 3 3,X,0.625,2,SLEEP,Z,0.00650877,0.02624845
3/7/6/7/6/6/3/5/3 3 3,X,0.75,2,SLEEP,Z,0.01685493,0.0503247
3/7/6/7/6/6/3/3/6 3 3,X,-0.75,6,SLEEP,Z,0.05248698,0.1986839
3/7/6/7/6/6/3/3/5 3 3,Z,0.6666666666666666666666666667,4,SLEEP,Z,0.06087838,0.1387361
3/7/6/7/6/6/3/3/3 3 3,X,0.75,4,SLEEP,Z,0.02907585,0.0850286
3/7/6/7/6/6/3/7/4 3 3,X,-0.75,4,SLEEP,Z,0.085035,0.2677088
3/7/6/7/6/6/3/7/2 3 3,X,0.625,2,SLEEP,Z,0.01307021,0.02698939
3/7/6/7/6/6/3/7/1 3 3,X,0.75,4,SLEEP,Z,0.06667598,0.1170212
3/7/6/7/6/6/7/2/6 3 3,X,-0.6666666666666666666666666667,6,SLEEP,Z,0.05547215,0.2449644
3/7/6/7/6/6/7/2/5 3 3,X,-0.6111111111111111111111111111,4,SLEEP,Z,0.02844622,0.1113433
3/7/6/7/6/6/7/2/3 3 3,X,0.625,2,SLEEP,Z,0.02356887,0.09779603
3/7/6/7/6/6/7/6/4 3 3,X,-0.6666666666666666666666666667,4,SLEEP,Z,0.03865345,0.1954887
3/7/6/7/6/6/7/6/2 3 3,X,-0.6111111111111111111111111111,4,SLEEP,Z,0.1338016,0.3010656
3/7/6/7/6/6/7/6/1 3 3,X,0.625,4,SLEEP,Z,0.01388181,0.0520058
3/7/6/7/6/6/7/5/4 3 3,X,-0.6666666666666666666666666667,8,SLEEP,Z,0.06817134,0.290885
3/7/6/7/6/6/7/5/2 3 3,X,-0.6111111111111111111111111111,4,SLEEP,Z,0.02646388,0.1169973
3/7/6/7/6/6/7/5/1 3 3,X,0.625,4,SLEEP,Z,0.1702526,0.226875
3/7/6/7/6/6/7/3/4 3 3,X,-0.6666666666666666666666666667,8,SLEEP,Z,0.06232178,0.2691219
3/7/6/7/6/6/7/3/2 3 3,Z,0.6666666666666666666666666666,4,SLEEP,Z,0.05316612,0.1874012
3/7/6/7/6/6/7/3/1 3 3,Z,0.6666666666666666666666666666,4,SLEEP,Z,0.1982155,0.274578
3/7/6/7/6/5/2/6/7 3 3,X,-0.6111111111111111111111111111,4,SLEEP,Z,0.130216,0.2735678
3/7/6/7/6/5/2/5/7 3 3,X,-0.6111111111111111111111111111,2,SLEEP,Z,0.04902706,0.1030439
3/7/6/7/6/5/2/3/7 3 3,X,-0.6111111111111111111111111111,2,SLEEP,Z,0.05038875,0.09982792
3/7/6/7/6/5/2/7/6 3 3,X,-0.6666666666666666666666666667,8,SLEEP,Z,0.09198698,0.3110991
3/7/6/7/6/5/2/7/5 3 3,X,-0.6111111111111111111111111111,2,SLEEP,Z,0.03421791,0.1502544
3/7/6/7/6/5/2/7/3 3 3,X,0.625,2,SLEEP,Z,0.2310794,0.3915251
3/7/6/7/6/5/6/2/7 3 3,X,-0.6666666666666666666666666667,8,SLEEP,Z,0.05799321,0.2593765
3/7/6/7/6/5/6/6/5 3 3,X,-0.6666666666666666666666666667,10,SLEEP,Z,0.07083711,0.283185
3/7/6/7/6/5/6/6/3 3 3,X,0.75,6,SLEEP,Z,0.05254601,0.1799214
3/7/6/7/6/5/6/5/6 3 3,X,-0.7222222222222222222222222222,6,SLEEP,Z,0.06053608,0.2782295
3/7/6/7/6/5/6/5/5 3 3,X,-0.6666666666666666666666666667,6,SLEEP,Z,0.1387977,0.3537698
3/7/6/7/6/5/6/5/3 3 3,X,0.75,6,SLEEP,Z,0.0384945,0.1265744
3/7/6/7/6/5/6/3/6 3 3,X,-0.7222222222222222222222222222,6,SLEEP,Z,0.141177,0.3632271
3/7/6/7/6/5/6/3/5 3 3,X,-0.6666666666666666666666666667,8,SLEEP,Z,0.1735629,0.3755399
3/7/6/7/6/5/6/3/3 3 3,X,0.75,2,SLEEP,Z,0.02926925,0.1183971
3/7/6/7/6/5/6/7/4 3 3,X,-0.7222222222222222222222222222,10,SLEEP,Z,0.08513152,0.3052597
3/7/6/7/6/5/6/7/1 3 3,X,0.75,4,SLEEP,Z,0.1259546,0.2060876
3/7/6/7/6/5/6/7/2 3 3,X,-0.6666666666666666666666666667,6,SLEEP,Z,0.05268806,0.2351079
3/7/6/7/6/5/5/2/7 3 3,X,-0.6111111111111111111111111111,4,SLEEP,Z,0.02621485,0.1131178
3/7/6/7/6/5/5/6/6 3 3,X,-0.6666666666666666666666666667,6,SLEEP,Z,0.1131115,0.3216063
3/7/6/7/6/5/5/6/5 3 3,X,-0.6111111111111111111111111111,4,SLEEP,Z,0.03839649,0.1764087
3/7/6/7/6/5/5/6/3 3 3,X,0.625,4,SLEEP,Z,0.1442953,0.2118719
3/7/6/7/6/5/5/5/6 3 3,X,-0.6666666666666666666666666667,6,SLEEP,Z,0.06008364,0.2544594
3/7/6/7/6/5/5/5/5 3 3,X,-0.6111111111111111111111111111,4,SLEEP,Z,0.04892273,0.2151604
3/7/6/7/6/5/5/5/3 3 3,X,0.625,4,SLEEP,Z,0.01541031,0.06141701
3/7/6/7/6/5/5/3/6 3 3,X,-0.6666666666666666666666666667,6,SLEEP,Z,0.06332786,0.2299537
3/7/6/7/6/5/5/3/5 3 3,X,-0.6111111111111111111111111111,4,SLEEP,Z,0.03642233,0.1551129
3/7/6/7/6/5/5/3/3 3 3,X,0.625,4,SLEEP,Z,0.04334014,0.1241162
3/7/6/7/6/5/5/7/4 3 3,X,-0.6666666666666666666666666667,6,SLEEP,Z,0.09178711,0.3365812
3/7/6/7/6/5/5/7/2 3 3,X,-0.6111111111111111111111111111,4,SLEEP,Z,0.1026919,0.368061
3/7/6/7/6/5/5/7/1 3 3,X,0.625,4,SLEEP,Z,0.1206399,0.2238263
3/7/6/7/6/5/3/2/7 3 3,X,0.625,4,SLEEP,Z,0.1039131,0.2092557
3/7/6/7/6/5/3/6/6 3 3,X,-0.75,4,SLEEP,Z,0.041999,0.1566294
3/7/6/7/6/5/3/6/5 3 3,X,0.625,4,SLEEP,Z,0.1198502,0.2572618
3/7/6/7/6/5/3/6/3 3 3,X,0.75,2,SLEEP,Z,0.01281443,0.04623301
3/7/6/7/6/5/3/5/6 3 3,X,-0.75,2,SLEEP,Z,0.05347056,0.195289
3/7/6/7/6/5/3/5/5 3 3,X,0.625,2,SLEEP,Z,0.01286124,0.0374839
3/7/6/7/6/5/3/5/3 3 3,X,0.75,2,SLEEP,Z,0.01016142,0.02983144
3/7/6/7/6/5/3/3/6 3 3,X,-0.75,6,SLEEP,Z,0.05834646,0.2115228
3/7/6/7/6/5/3/3/5 3 3,X,0.625,2,SLEEP,Z,0,0
3/7/6/7/6/5/3/3/3 3 3,X,0.75,2,SLEEP,Z,0.01239611,0.03737967
3/7/6/7/6/5/3/7/4 3 3,X,-0.75,6,SLEEP,Z,0.06290743,0.2439383
3/7/6/7/6/5/3/7/2 3 3,X,0.625,2,SLEEP,Z,0.01644709,0.06725164
3/7/6/7/6/5/3/7/1 3 3,X,0.75,2,SLEEP,Z,0.1129755,0.1521998
3/7/6/7/6/5/7/2/6 3 3,X,-0.6666666666666666666666666667,10,SLEEP,Z,0.1137413,0.3423208
3/7/6/7/6/5/7/2/5 3 3,X,-0.6111111111111111111111111111,4,SLEEP,Z,0.04680096,0.1306498
3/7/6/7/6/5/7/2/3 3 3,X,0.625,2,SLEEP,Z,0.03238067,0.102756
3/7/6/7/6/5/6/6/6 3 3,X,-0.7222222222222222222222222222,12,SLEEP,Z,0.08238114,0.2878408
3/7/6/7/6/5/7/6/4 3 3,X,-0.6666666666666666666666666667,6,SLEEP,Z,0.0555923,0.2344963
3/7/6/7/6/5/7/6/2 3 3,X,-0.6111111111111111111111111111,2,SLEEP,Z,0.0331086,0.1220812
3/7/6/7/6/5/7/6/1 3 3,X,0.625,2,SLEEP,Z,0.122271,0.2181012
3/7/6/7/6/5/7/5/4 3 3,X,-0.6666666666666666666666666667,6,SLEEP,Z,0.05542127,0.2197729
3/7/6/7/6/5/7/5/2 3 3,X,-0.6111111111111111111111111111,4,SLEEP,Z,0.0336977,0.1414167
3/7/6/7/6/5/7/5/1 3 3,X,0.625,2,SLEEP,Z,0.02727811,0.05362097
3/7/6/7/6/5/7/3/4 3 3,X,-0.6666666666666666666666666667,8,SLEEP,Z,0.05816571,0.2896024
3/7/6/7/6/5/7/3/2 3 3,X,-0.6111111111111111111111111111,2,SLEEP,Z,0.01973025,0.06846756
3/7/6/7/6/5/7/3/1 3 3,X,0.625,2,SLEEP,Z,0.01702421,0.05920445
3/5/6/7/6/5/6/7/6 3 3,X,-0.7222222222222222222222222222,10,SLEEP,Z,0.06386762,0.3002383
3/3/6/7/6/5/6/7/6 3 3,X,-0.7222222222222222222222222222,12,SLEEP,Z,0.08390629,0.3519339
3/7/6/7/6/3/2/6/7 3 3,Z,-0.6666666666666666666666666667,6,SLEEP,Z,0.07000269,0.1620511
3/7/6/7/6/3/2/5/7 3 3,X,-0.6111111111111111111111111111,4,SLEEP,Z,0.03851584,0.1478648
3/7/6/7/6/3/2/3/7 3 3,X,-0.6111111111111111111111111111,2,SLEEP,Z,0.04221536,0.1656981
3/7/6/7/6/3/2/7/6 3 3,X,-0.6666666666666666666666666667,6,SLEEP,Z,0.09019522,0.3167161
3/7/6/7/6/3/2/7/5 3 3,X,-0.6111111111111111111111111111,4,SLEEP,Z,0.04205362,0.1738281
3/7/6/7/6/3/2/7/3 3 3,X,0.625,2,SLEEP,Z,0,0
3/7/6/7/6/3/6/2/7 3 3,X,-0.6666666666666666666666666667,8,SLEEP,Z,0.06983256,0.2398707
3/7/6/7/6/3/6/6/6 3 3,X,-0.7222222222222222222222222222,8,SLEEP,Z,0.08683597,0.3414007
3/7/6/7/6/3/6/6/5 3 3,X,-0.6666666666666666666666666667,6,SLEEP,Z,0.1652954,0.3717742
3/7/6/7/6/3/6/6/3 3 3,X,0.75,4,SLEEP,Z,0.05280944,0.1062674
3/7/6/7/6/3/6/5/6 3 3,X,-0.7222222222222222222222222222,16,SLEEP,Z,0.1690404,0.4334802
3/7/6/7/6/3/6/5/5 3 3,X,-0.6666666666666666666666666667,4,SLEEP,Z,0.04872631,0.2009457
3/7/6/7/6/3/6/5/3 3 3,X,0.75,2,SLEEP,Z,0.1631289,0.2489245
3/7/6/7/6/3/6/3/6 3 3,X,-0.7222222222222222222222222222,8,SLEEP,Z,0.06741428,0.2806215
3/7/6/7/6/3/6/3/5 3 3,X,-0.6666666666666666666666666667,8,SLEEP,Z,0.1481457,0.3856457
3/7/6/7/6/3/6/3/3 3 3,X,0.75,2,SLEEP,Z,0.02124408,0.0782643
3/3/6/7/6/3/6/7/6 3 3,X,-0.7222222222222222222222222222,6,SLEEP,Z,0.1163261,0.4269825
3/7/6/7/6/3/6/7/4 3 3,X,-0.7222222222222222222222222222,6,SLEEP,Z,0.06845295,0.3456536
3/7/6/7/6/3/6/7/2 3 3,X,-0.6666666666666666666666666667,10,SLEEP,Z,0.08862427,0.3291216
3/7/6/7/6/3/6/7/1 3 3,X,0.75,4,SLEEP,Z,0.04319197,0.1699615
3/7/6/7/6/3/5/2/7 3 3,X,-0.6111111111111111111111111111,4,SLEEP,Z,0.01982186,0.07212584
3/7/6/7/6/3/5/6/6 3 3,X,-0.6666666666666666666666666667,12,SLEEP,Z,0.06526367,0.2739515
3/7/6/7/6/3/5/6/5 3 3,Z,-0.6666666666666666666666666667,6,SLEEP,Z,0.03994907,0.1344572
3/7/6/7/6/3/5/6/3 3 3,Z,-0.6666666666666666666666666667,4,SLEEP,Z,0.04003688,0.0749785
3/7/6/7/6/3/5/5/6 3 3,X,-0.6666666666666666666666666667,8,SLEEP,Z,0.08195422,0.2861464
3/7/6/7/6/3/5/5/5 3 3,X,-0.6111111111111111111111111111,4,SLEEP,Z,0.0385339,0.1302948
3/7/6/7/6/3/5/5/3 3 3,X,0.625,2,SLEEP,Z,0.01121559,0.03686526
3/7/6/7/6/3/5/3/6 3 3,X,-0.6666666666666666666666666667,6,SLEEP,Z,0.05446819,0.237803
3/7/6/7/6/3/5/3/5 3 3,X,-0.6111111111111111111111111111,4,SLEEP,Z,0.06296124,0.2184742
3/7/6/7/6/3/5/3/3 3 3,X,0.625,4,SLEEP,Z,0.1287225,0.3644271
3/7/6/7/6/3/5/7/4 3 3,X,-0.6666666666666666666666666667,10,SLEEP,Z,0.04245012,0.2173243
3/7/6/7/6/3/5/7/2 3 3,X,-0.6111111111111111111111111111,2,SLEEP,Z,0.0274476,0.1026687
3/7/6/7/6/3/5/7/1 3 3,X,0.625,4,SLEEP,Z,0.05121852,0.124383
3/7/6/7/6/3/3/2/7 3 3,X,0.625,2,SLEEP,Z,0.009866416,0.02962204
3/7/6/7/6/3/3/6/6 3 3,X,-0.75,4,SLEEP,Z,0.05473026,0.2163981
3/7/6/7/6/3/3/6/5 3 3,Z,-0.6666666666666666666666666667,4,SLEEP,Z,0.1396312,0.3797966
3/7/6/7/6/3/3/6/3 3 3,X,0.75,2,SLEEP,Z,0.01801269,0.06013983
3/7/6/7/6/3/3/5/6 3 3,X,-0.75,2,SLEEP,Z,0.03671147,0.1585044
3/7/6/7/6/3/3/5/5 3 3,X,0.625,4,SLEEP,Z,0.03578297,0.08283017
3/7/6/7/6/3/3/5/3 3 3,X,0.75,2,SLEEP,Z,0.02018596,0.06805775
3/7/6/7/6/3/3/3/6 3 3,X,-0.75,2,SLEEP,Z,0.03622228,0.1268647
3/7/6/7/6/3/3/3/5 3 3,X,0.625,4,SLEEP,Z,0.0210872,0.08691806
3/7/6/7/6/3/3/3/3 3 3,X,0.75,2,SLEEP,Z,0.01238343,0.02144893
3/7/6/7/6/3/3/7/4 3 3,X,-0.75,6,SLEEP,Z,0.1619421,0.3606304
3/7/6/7/6/3/3/7/2 3 3,X,0.625,2,SLEEP,Z,0,0
3/7/6/7/6/3/3/7/1 3 3,X,0.75,2,SLEEP,Z,0,0
3/7/6/7/6/3/7/2/6 3 3,X,-0.6666666666666666666666666667,10,SLEEP,Z,0.06308106,0.2710491
3/7/6/7/6/3/7/2/5 3 3,X,-0.6111111111111111111111111111,2,SLEEP,Z,0.02605323,0.1042617
3/7/6/7/6/3/7/2/3 3 3,X,0.625,4,SLEEP,Z,0.01962152,0.07142887
3/7/6/7/6/3/7/6/4 3 3,X,-0.6666666666666666666666666667,10,SLEEP,Z,0.05186224,0.2445402
3/7/6/7/6/3/7/6/2 3 3,Z,-0.6666666666666666666666666666,2,SLEEP,Z,0.01879541,0.06616656
3/7/6/7/6/3/7/6/1 3 3,Z,-0.6666666666666666666666666666,4,SLEEP,Z,0.03425053,0.1015155
3/7/6/7/6/3/7/5/4 3 3,X,-0.6666666666666666666666666667,4,SLEEP,Z,0.05234627,0.2384952
3/7/6/7/6/3/7/5/2 3 3,X,-0.6111111111111111111111111111,2,SLEEP,Z,0.1309233,0.3553925
3/7/6/7/6/3/7/5/1 3 3,X,0.625,2,SLEEP,Z,0.006565806,0.02786044
3/7/6/7/6/3/7/3/4 3 3,X,-0.6666666666666666666666666667,8,SLEEP,Z,0.05648419,0.2665234
3/7/6/7/6/3/7/3/2 3 3,X,-0.6111111111111111111111111111,4,SLEEP,Z,0.02213586,0.1023815
3/7/6/7/6/3/7/3/1 3 3,X,0.625,2,SLEEP,Z,0.1491666,0.3731953
3/7/6/7/6/7/2/2/7 3 3,X,-0.6111111111111111111111111111,4,SLEEP,Z,0.03948896,0.1036066
3/7/6/7/6/7/2/6/6 3 3,X,-0.6666666666666666666666666667,6,SLEEP,Z,0.07941066,0.3284678
3/7/6/7/6/7/2/6/5 3 3,X,-0.6111111111111111111111111111,4,SLEEP,Z,0.1462633,0.3585147
3/7/6/7/6/7/2/6/3 3 3,X,0.625,2,SLEEP,Z,0,0
3/7/6/7/6/7/2/5/6 3 3,X,-0.6666666666666666666666666667,6,SLEEP,Z,0.0662701,0.2876711
3/7/6/7/6/7/2/5/5 3 3,X,-0.6111111111111111111111111111,6,SLEEP,Z,0.0598414,0.2151425
3/7/6/7/6/7/2/5/3 3 3,X,0.625,2,SLEEP,Z,0.04737113,0.07407995
3/7/6/7/6/7/2/3/6 3 3,X,-0.6666666666666666666666666667,6,SLEEP,Z,0.0766748,0.2820446
3/7/6/7/6/7/2/3/5 3 3,X,-0.6111111111111111111111111111,2,SLEEP,Z,0.02996923,0.1269083
3/7/6/7/6/7/2/3/3 3 3,X,0.625,2,SLEEP,Z,0.207549,0.3001404
3/7/6/7/6/7/2/7/4 3 3,X,-0.6666666666666666666666666667,10,SLEEP,Z,0.06980531,0.2924322
3/7/6/7/6/7/2/7/2 3 3,X,-0.6111111111111111111111111111,2,SLEEP,Z,0.04332548,0.1788677
3/7/6/7/6/7/2/7/1 3 3,X,0.625,2,SLEEP,Z,0.02305284,0.05366489
3/7/6/7/6/7/6/2/6 3 3,X,-0.7222222222222222222222222222,8,SLEEP,Z,0.07669269,0.3447331
3/7/6/7/6/7/6/2/5 3 3,X,-0.6666666666666666666666666667,6,SLEEP,Z,0.1512289,0.3651504
3/7/6/7/6/7/6/2/3 3 3,X,0.8333333333333333333333333333,2,SLEEP,Z,0.02692997,0.06898475
3/7/6/7/6/7/6/6/4 3 3,X,-0.7222222222222222222222222222,8,SLEEP,Z,0.08756284,0.4122543
3/7/6/7/6/7/6/6/1 3 3,X,0.8333333333333333333333333333,6,SLEEP,Z,0.2548648,0.3631988
3/7/6/7/6/7/6/6/2 3 3,X,-0.6666666666666666666666666667,6,SLEEP,Z,0.138471,0.3530667
3/7/6/7/6/7/6/5/4 3 3,X,-0.7222222222222222222222222222,8,SLEEP,Z,0.1272111,0.445668
3/7/6/7/6/7/6/5/1 3 3,X,0.8333333333333333333333333333,4,SLEEP,Z,0.05165245,0.1950903
3/7/6/7/6/7/6/5/2 3 3,X,-0.6666666666666666666666666667,4,SLEEP,Z,0.05676774,0.2384585
3/7/2/7/6/7/6/3/6 3 3,X,-0.6666666666666666666666666667,12,SLEEP,Z,0.09531865,0.4055831
3/7/6/7/6/7/6/3/4 3 3,X,-0.7222222222222222222222222222,8,SLEEP,Z,0.103654,0.402971
3/7/6/7/6/7/6/3/2 3 3,X,-0.6666666666666666666666666667,10,SLEEP,Z,0.151099,0.3600529
3/7/6/7/6/7/6/3/1 3 3,X,0.8333333333333333333333333333,4,SLEEP,Z,0.04158116,0.1839779
3/7/6/7/6/7/5/2/6 3 3,X,-0.6666666666666666666666666667,10,SLEEP,Z,0.1380954,0.3547873
3/7/6/7/6/7/5/2/5 3 3,X,-0.6111111111111111111111111111,6,SLEEP,Z,0.1229783,0.3127994
3/7/6/7/6/7/5/2/3 3 3,X,0.625,2,SLEEP,Z,0.03073945,0.1003775
3/7/6/7/6/7/5/6/4 3 3,X,-0.6666666666666666666666666667,6,SLEEP,Z,0.05422439,0.239086
3/7/6/7/6/7/5/6/2 3 3,X,-0.6111111111111111111111111111,4,SLEEP,Z,0.1293411,0.2916404
3/7/6/7/6/7/5/6/1 3 3,X,0.625,2,SLEEP,Z,0.02814958,0.0539095
3/7/6/7/6/7/5/5/4 3 3,X,-0.6666666666666666666666666667,8,SLEEP,Z,0.07828449,0.3007129
3/7/6/7/6/7/5/5/2 3 3,X,-0.6111111111111111111111111111,4,SLEEP,Z,0.03284355,0.1250327
3/7/6/7/6/7/5/5/1 3 3,X,0.625,2,SLEEP,Z,0.007333888,0.03620014
3/7/6/7/6/7/5/3/4 3 3,X,-0.6666666666666666666666666667,6,SLEEP,Z,0.0658686,0.2682491
3/7/6/7/6/7/5/3/2 3 3,X,-0.6111111111111111111111111111,4,SLEEP,Z,0.06155454,0.209281
3/7/6/7/6/7/5/3/1 3 3,X,0.625,4,SLEEP,Z,0.01783058,0.07568847
3/7/6/7/6/7/3/2/6 3 3,X,-0.8333333333333333333333333333,2,SLEEP,Z,0.02317202,0.08130519
3/7/6/7/6/7/3/2/5 3 3,X,0.625,4,SLEEP,Z,0.1099758,0.2019902
3/7/6/7/6/7/3/2/3 3 3,X,0.75,2,SLEEP,Z,0.01684519,0.05386188
3/7/6/7/6/7/3/6/4 3 3,X,-0.8333333333333333333333333333,4,SLEEP,Z,0.03128426,0.1193974
3/7/6/7/6/7/3/6/2 3 3,X,0.625,2,SLEEP,Z,0.02534234,0.1031367
3/7/6/7/6/7/3/6/1 3 3,X,0.75,2,SLEEP,Z,0.02728361,0.1030012
3/7/6/7/6/7/3/5/4 3 3,X,-0.8333333333333333333333333333,4,SLEEP,Z,0.03727675,0.1329776
3/7/6/7/6/7/3/5/2 3 3,X,0.625,2,SLEEP,Z,0.02519937,0.09896851
3/7/6/7/6/7/3/5/1 3 3,X,0.75,2,SLEEP,Z,0,0
3/7/6/7/6/7/3/3/4 3 3,X,-0.8333333333333333333333333333,4,SLEEP,Z,0.1448892,0.3868144
3/7/6/7/6/7/3/3/2 3 3,X,0.625,2,SLEEP,Z,0.01218,0.05252322
3/7/6/7/6/7/3/3/1 3 3,X,0.75,4,SLEEP,Z,0.03406607,0.08326249
3/7/6/7/6/7/7/2/4 3 3,X,-0.6666666666666666666666666667,6,SLEEP,Z,0.04489967,0.2099523
3/7/6/7/6/7/7/2/2 3 3,X,-0.6111111111111111111111111111,2,SLEEP,Z,0.02296771,0.09509479
3/7/6/7/6/7/7/2/1 3 3,X,0.625,2,SLEEP,Z,0.02089681,0.08664671
3/7/6/7/5/2/2/7/7 3 3,X,-0.5555555555555555555555555556,6,SLEEP,Z,0.1166155,0.2265244
3/7/6/7/5/2/6/6/7 3 3,X,-0.6111111111111111111111111111,4,SLEEP,Z,0.02574423,0.08638494
3/7/6/7/5/2/6/5/7 3 3,X,-0.6111111111111111111111111111,6,SLEEP,Z,0.0541762,0.2016797
3/7/6/7/5/2/6/3/7 3 3,X,-0.6111111111111111111111111111,2,SLEEP,Z,0.05561615,0.20839
3/7/6/7/5/2/6/7/6 3 3,X,-0.6666666666666666666666666667,10,SLEEP,Z,0.06845411,0.3083827
3/7/6/7/5/2/6/7/5 3 3,X,-0.6111111111111111111111111111,6,SLEEP,Z,0.06280451,0.2601287
3/7/6/7/5/2/6/7/3 3 3,X,0.7,2,SLEEP,Z,0.01645966,0.05274624
3/7/6/7/5/2/5/6/7 3 3,X,-0.5555555555555555555555555556,2,SLEEP,Z,0.01943067,0.04946934
3/7/6/7/5/2/5/5/7 3 3,X,-0.5555555555555555555555555556,4,SLEEP,Z,0.03270849,0.09835486
3/7/6/7/5/2/5/3/7 3 3,X,-0.5555555555555555555555555556,4,SLEEP,Z,0.02549892,0.1119538
3/7/6/7/5/2/5/7/6 3 3,X,-0.6111111111111111111111111111,6,SLEEP,Z,0.03727387,0.1936233
3/7/6/7/5/2/5/7/5 3 3,X,-0.5555555555555555555555555556,2,SLEEP,Z,0.03570632,0.09396611
3/7/6/7/5/2/5/7/3 3 3,X,0.5769230769230769230769230769,4,SLEEP,Z,0.05897034,0.1487525
3/7/6/7/5/2/3/6/7 3 3,X,0.5769230769230769230769230769,2,SLEEP,Z,0.01675104,0.04851245
3/7/6/7/5/2/3/5/7 3 3,X,0.5769230769230769230769230769,2,SLEEP,Z,0.03700465,0.05159678
3/7/6/7/5/2/3/3/7 3 3,X,0.5769230769230769230769230769,2,SLEEP,Z,0.01958111,0.06204378
3/7/6/7/5/2/3/7/6 3 3,X,-0.7,4,SLEEP,Z,0.04869078,0.2221377
3/7/6/7/5/2/3/7/5 3 3,X,0.5769230769230769230769230769,2,SLEEP,Z,0.04470315,0.0741603
3/7/6/7/5/2/3/7/3 3 3,X,0.6538461538461538461538461538,4,SLEEP,Z,0.05298886,0.1334632
3/7/6/7/5/2/7/2/7 3 3,X,-0.5555555555555555555555555556,2,SLEEP,Z,0.02074416,0.08492026
3/7/6/7/5/2/7/6/6 3 3,X,-0.6111111111111111111111111111,6,SLEEP,Z,0.03935196,0.1461906
3/7/6/7/5/2/7/6/5 3 3,X,-0.5555555555555555555555555556,4,SLEEP,Z,0.03464318,0.1104454
3/7/6/7/5/2/7/6/3 3 3,X,0.5769230769230769230769230769,4,SLEEP,Z,0.02109869,0.06746414
3/7/6/7/5/2/7/5/6 3 3,X,-0.6111111111111111111111111111,4,SLEEP,Z,0.04157416,0.1681711
3/7/6/7/5/2/7/5/5 3 3,X,-0.5555555555555555555555555556,4,SLEEP,Z,0.0794709,0.2285351
3/7/6/7/5/2/7/5/3 3 3,X,0.5769230769230769230769230769,2,SLEEP,Z,0.05674205,0.09645779
3/7/6/7/5/2/7/3/6 3 3,X,-0.6111111111111111111111111111,2,SLEEP,Z,0.03556211,0.1732963
3/7/6/7/5/2/7/3/5 3 3,X,-0.5555555555555555555555555556,6,SLEEP,Z,0.09129233,0.200264
3/7/6/7/5/2/7/3/3 3 3,X,0.5769230769230769230769230769,2,SLEEP,Z,0,0
3/7/6/7/5/2/7/7/4 3 3,X,-0.6111111111111111111111111111,2,SLEEP,Z,0.0328375,0.1446223
3/7/6/7/5/2/7/7/2 3 3,X,-0.5555555555555555555555555556,4,SLEEP,Z,0.0559366,0.1564623
3/7/6/7/5/2/7/7/1 3 3,X,0.5769230769230769230769230769,2,SLEEP,Z,0.02983804,0.0566525
3/7/6/7/5/6/2/6/7 3 3,X,-0.5555555555555555555555555556,4,SLEEP,Z,0.02318787,0.07746298
3/7/6/7/5/6/2/5/7 3 3,X,-0.5555555555555555555555555556,2,SLEEP,Z,0.02216103,0.0770544
3/7/6/7/5/6/2/3/7 3 3,Z,0.6666666666666666666666666667,4,SLEEP,Z,0.136515,0.240549
3/7/6/7/5/6/2/7/6 3 3,X,-0.6111111111111111111111111111,4,SLEEP,Z,0.0856768,0.4104009
3/7/6/7/5/6/2/7/5 3 3,X,-0.5555555555555555555555555556,4,SLEEP,Z,0.1023179,0.3716854
3/7/6/7/5/6/2/7/3 3 3,X,0.5769230769230769230769230769,2,SLEEP,Z,0,0
3/7/6/7/5/6/6/2/7 3 3,X,-0.6111111111111111111111111111,4,SLEEP,Z,0.0654445,0.2454817
3/7/6/7/5/6/6/6/6 3 3,X,-0.6666666666666666666666666667,6,SLEEP,Z,0.06258965,0.2961299
3/7/6/7/5/6/6/6/5 3 3,X,-0.6111111111111111111111111111,6,SLEEP,Z,0.1047446,0.2773913
3/7/6/7/5/6/6/6/3 3 3,X,0.75,2,SLEEP,Z,0.01900355,0.04328161
3/7/6/7/5/6/6/5/6 3 3,X,-0.6666666666666666666666666667,8,SLEEP,Z,0.1002291,0.3092819
3/7/6/7/5/6/6/5/5 3 3,X,-0.6111111111111111111111111111,2,SLEEP,Z,0.02982104,0.124896
3/7/6/7/5/6/6/5/3 3 3,X,0.75,4,SLEEP,Z,0.1772093,0.3809001
3/7/6/7/5/6/6/3/6 3 3,X,-0.6666666666666666666666666667,8,SLEEP,Z,0.1276234,0.3718255
3/7/6/7/5/6/6/3/5 3 3,Z,0.6666666666666666666666666667,8,SLEEP,Z,0.06964488,0.2435515
3/7/6/7/5/6/6/3/3 3 3,X,0.75,4,SLEEP,Z,0.017343,0.07086404
3/7/6/7/5/6/6/7/4 3 3,X,-0.6666666666666666666666666667,6,SLEEP,Z,0.05879324,0.2803678
3/7/6/7/5/6/6/7/2 3 3,X,-0.6111111111111111111111111111,4,SLEEP,Z,0.03634641,0.1401954
3/7/6/7/5/6/6/7/1 3 3,X,0.75,2,SLEEP,Z,0.02024444,0.05968503
3/7/6/7/5/6/5/2/7 3 3,X,-0.5555555555555555555555555556,2,SLEEP,Z,0.01793018,0.0700714
3/7/6/7/5/6/5/6/6 3 3,X,-0.6111111111111111111111111111,4,SLEEP,Z,0.06615478,0.2046868
3/7/6/7/5/6/5/6/5 3 3,X,-0.5555555555555555555555555556,4,SLEEP,Z,0.0547678,0.1601972
3/7/6/7/5/6/5/6/3 3 3,X,0.5769230769230769230769230769,2,SLEEP,Z,0.02172894,0.09129655
3/7/6/7/5/6/5/5/6 3 3,X,-0.6111111111111111111111111111,4,SLEEP,Z,0.03459396,0.1607203
3/7/6/7/5/6/5/5/5 3 3,X,-0.5555555555555555555555555556,4,SLEEP,Z,0.03077991,0.1426989
3/7/6/7/5/6/5/5/3 3 3,X,0.5769230769230769230769230769,2,SLEEP,Z,0.02192343,0.06679492
3/7/6/7/5/6/5/3/6 3 3,Z,0.6666666666666666666666666667,4,SLEEP,Z,0.03614642,0.1761636
3/7/6/7/5/6/5/3/5 3 3,Z,0.6666666666666666666666666667,2,SLEEP,Z,0.06866887,0.1545246
3/7/6/7/5/6/5/3/3 3 3,Z,0.6666666666666666666666666667,2,SLEEP,Z,0,0
3/7/6/7/5/6/5/7/4 3 3,X,-0.6111111111111111111111111111,6,SLEEP,Z,0.04740559,0.2178958
3/7/6/7/5/6/5/7/2 3 3,X,-0.5555555555555555555555555556,2,SLEEP,Z,0.06694804,0.3469627
3/7/6/7/5/6/5/7/1 3 3,X,0.5769230769230769230769230769,2,SLEEP,Z,0,0
3/7/6/7/5/6/3/2/7 3 3,X,0.5769230769230769230769230769,2,SLEEP,Z,0.01572182,0.06568103
3/7/6/7/5/6/3/6/6 3 3,X,-0.75,4,SLEEP,Z,0.01741884,0.06632527
3/7/6/7/5/6/3/6/5 3 3,X,0.5769230769230769230769230769,2,SLEEP,Z,0.009090493,0.03854908
3/7/6/7/5/6/3/6/3 3 3,X,0.6538461538461538461538461538,2,SLEEP,Z,0.004757544,0.01691446
3/7/6/7/5/6/3/5/6 3 3,X,-0.75,6,SLEEP,Z,0.06403689,0.4275295
3/7/6/7/5/6/3/5/5 3 3,X,0.5769230769230769230769230769,2,SLEEP,Z,0.015342,0.06060544
3/7/6/7/5/6/3/5/3 3 3,X,0.6538461538461538461538461538,2,SLEEP,Z,0,0
3/7/6/7/5/6/3/3/6 3 3,X,-0.75,4,SLEEP,Z,0.04651177,0.1096512
3/7/6/7/5/6/3/3/5 3 3,Z,0.6666666666666666666666666667,2,SLEEP,Z,0.009233756,0.03937436
3/7/6/7/5/6/3/3/3 3 3,Z,0.6666666666666666666666666667,2,SLEEP,Z,0.007599025,0.02395008
3/7/6/7/5/6/3/7/4 3 3,X,-0.75,4,SLEEP,Z,0.08030849,0.2141328
3/7/6/7/5/6/3/7/2 3 3,X,0.5769230769230769230769230769,2,SLEEP,Z,0,0
3/7/6/7/5/6/3/7/1 3 3,X,0.6538461538461538461538461538,2,SLEEP,Z,0,0
3/7/6/7/5/6/7/2/6 3 3,X,-0.6111111111111111111111111111,4,SLEEP,Z,0.02720091,0.1229727
3/7/6/7/5/6/7/2/5 3 3,X,-0.5555555555555555555555555556,4,SLEEP,Z,0.02763323,0.1164544
3/7/6/7/5/6/7/2/3 3 3,X,0.5769230769230769230769230769,2,SLEEP,Z,0,0
3/7/6/7/5/6/7/6/4 3 3,X,-0.6111111111111111111111111111,4,SLEEP,Z,0.04093762,0.1876907
3/7/6/7/5/6/7/6/2 3 3,X,-0.5555555555555555555555555556,2,SLEEP,Z,0.009975063,0.02916672
3/7/6/7/5/6/7/6/1 3 3,X,0.5769230769230769230769230769,2,SLEEP,Z,0.01395171,0.03589927
3/7/6/7/5/6/7/5/4 3 3,X,-0.6111111111111111111111111111,2,SLEEP,Z,0.01453051,0.06774956
3/7/6/7/5/6/7/5/2 3 3,X,-0.5555555555555555555555555556,2,SLEEP,Z,0.01521412,0.0676857
3/7/6/7/5/6/7/5/1 3 3,X,0.5769230769230769230769230769,2,SLEEP,Z,0.01633466,0.05565618
3/7/6/7/5/6/7/3/4 3 3,Z,0.6666666666666666666666666666,6,SLEEP,Z,0.0425652,0.2077029
3/7/6/7/5/6/7/3/2 3 3,Z,0.6666666666666666666666666666,2,SLEEP,Z,0.08094177,0.2020971
3/7/6/7/5/6/7/3/1 3 3,Z,0.6666666666666666666666666666,2,SLEEP,Z,0.01419594,0.02697473
3/7/6/7/5/5/2/6/7 3 3,X,-0.5555555555555555555555555556,4,SLEEP,Z,0.07314286,0.220693
3/7/6/7/5/5/2/5/7 3 3,X,-0.5555555555555555555555555556,4,SLEEP,Z,0.04830428,0.1244746
3/7/6/7/5/5/2/3/7 3 3,X,-0.5555555555555555555555555556,2,SLEEP,Z,0.02628615,0.08250381
3/7/6/7/5/5/2/7/6 3 3,X,-0.6111111111111111111111111111,6,SLEEP,Z,0.0431609,0.1620153
3/7/6/7/5/5/2/7/5 3 3,X,-0.5555555555555555555555555556,4,SLEEP,Z,0.03783964,0.1726179
3/7/6/7/5/5/2/7/3 3 3,X,0.5769230769230769230769230769,2,SLEEP,Z,0.1530007,0.3765887
3/7/6/7/5/5/6/2/7 3 3,X,-0.6111111111111111111111111111,8,SLEEP,Z,0.05010847,0.1663788
3/7/6/7/5/5/6/6/6 3 3,X,-0.6666666666666666666666666667,6,SLEEP,Z,0.05323877,0.2253476
3/7/6/7/5/5/6/6/5 3 3,X,-0.6111111111111111111111111111,4,SLEEP,Z,0.04678305,0.1747788
3/7/6/7/5/5/6/6/3 3 3,X,0.75,2,SLEEP,Z,0.0208407,0.07332219
3/7/6/7/5/5/6/5/6 3 3,X,-0.6666666666666666666666666667,6,SLEEP,Z,0.08106034,0.3373339
3/7/6/7/5/5/6/5/5 3 3,X,-0.6111111111111111111111111111,8,SLEEP,Z,0.1162447,0.3166179
3/7/6/7/5/5/6/5/3 3 3,X,0.75,2,SLEEP,Z,0,0
3/7/6/7/5/5/6/3/6 3 3,X,-0.6666666666666666666666666667,6,SLEEP,Z,0.05031785,0.240205
3/7/6/7/5/5/6/3/5 3 3,X,-0.6111111111111111111111111111,6,SLEEP,Z,0.03338245,0.121259
3/7/6/7/5/5/6/3/3 3 3,X,0.75,2,SLEEP,Z,0.01931572,0.05320244
3/7/6/7/5/5/6/7/4 3 3,X,-0.6666666666666666666666666667,10,SLEEP,Z,0.06689534,0.3103097
3/7/6/7/5/5/6/7/2 3 3,X,-0.6111111111111111111111111111,4,SLEEP,Z,0.03532984,0.143089
3/7/6/7/5/5/6/7/1 3 3,X,0.75,2,SLEEP,Z,0.02518943,0.09965616
3/7/6/7/5/5/5/2/7 3 3,X,-0.5555555555555555555555555556,2,SLEEP,Z,0.02677631,0.09033696
3/7/6/7/5/5/5/6/6 3 3,X,-0.6111111111111111111111111111,2,SLEEP,Z,0.02394978,0.1161215
3/7/6/7/5/5/5/6/5 3 3,X,-0.5555555555555555555555555556,4,SLEEP,Z,0.08263801,0.2028079
3/7/6/7/5/5/5/6/3 3 3,X,0.5769230769230769230769230769,2,SLEEP,Z,0.01582209,0.07000216
3/7/6/7/5/5/5/5/6 3 3,X,-0.6111111111111111111111111111,4,SLEEP,Z,0.09227155,0.260166
3/7/6/7/5/5/5/5/5 3 3,X,-0.5555555555555555555555555556,2,SLEEP,Z,0.02209794,0.1008847
3/7/6/7/5/5/5/5/3 3 3,X,0.5769230769230769230769230769,2,SLEEP,Z,0.02767914,0.04351529
3/7/6/7/5/5/5/3/6 3 3,X,-0.6111111111111111111111111111,4,SLEEP,Z,0.04186267,0.2071375
3/7/6/7/5/5/5/3/5 3 3,X,-0.5555555555555555555555555556,2,SLEEP,Z,0,0
3/7/6/7/5/5/5/3/3 3 3,X,0.5769230769230769230769230769,2,SLEEP,Z,0,0
3/7/6/7/5/5/5/7/4 3 3,X,-0.6111111111111111111111111111,6,SLEEP,Z,0.04029772,0.1910693
3/7/6/7/5/5/5/7/2 3 3,X,-0.5555555555555555555555555556,4,SLEEP,Z,0.03773054,0.1221136
3/7/6/7/5/5/5/7/1 3 3,X,0.5769230769230769230769230769,4,SLEEP,Z,0.05301217,0.1743684
3/7/6/7/5/5/3/2/7 3 3,X,0.5769230769230769230769230769,2,SLEEP,Z,0.01370311,0.03964308
3/7/6/7/5/5/3/6/6 3 3,X,-0.75,4,SLEEP,Z,0.02738504,0.09848471
3/7/6/7/5/5/3/6/5 3 3,X,0.5769230769230769230769230769,2,SLEEP,Z,0.01050874,0.04854117
3/7/6/7/5/5/3/6/3 3 3,X,0.6538461538461538461538461538,2,SLEEP,Z,0.01331361,0.04581452
3/7/6/7/5/5/3/5/6 3 3,X,-0.75,2,SLEEP,Z,0.02427594,0.1087753
3/7/6/7/5/5/3/5/5 3 3,X,0.5769230769230769230769230769,2,SLEEP,Z,0.02792902,0.05706979
3/7/6/7/5/5/3/5/3 3 3,X,0.6538461538461538461538461538,4,SLEEP,Z,0.08232997,0.1151597
3/7/6/7/5/5/3/3/6 3 3,X,-0.75,2,SLEEP,Z,0.03537525,0.1099383
3/7/6/7/5/5/3/3/5 3 3,X,0.5769230769230769230769230769,4,SLEEP,Z,0.03925696,0.1155446
3/7/6/7/5/5/3/3/3 3 3,X,0.6538461538461538461538461538,2,SLEEP,Z,0,0
3/7/6/7/5/5/3/7/4 3 3,X,-0.75,2,SLEEP,Z,0.06522592,0.1557724
3/7/6/7/5/5/3/7/2 3 3,X,0.5769230769230769230769230769,2,SLEEP,Z,0.02487507,0.09035967
3/7/6/7/5/5/3/7/1 3 3,X,0.6538461538461538461538461538,2,SLEEP,Z,0.007420944,0.03229468
3/7/6/7/5/5/7/2/6 3 3,X,-0.6111111111111111111111111111,6,SLEEP,Z,0.0404137,0.1926445
3/7/6/7/5/5/7/2/5 3 3,X,-0.5555555555555555555555555556,2,SLEEP,Z,0.0164335,0.06515587
3/7/6/7/5/5/7/2/3 3 3,X,0.5769230769230769230769230769,2,SLEEP,Z,0.01467288,0.06268016
3/7/6/7/5/5/7/6/4 3 3,X,-0.6111111111111111111111111111,8,SLEEP,Z,0.08874008,0.3048028
3/7/6/7/5/5/7/6/2 3 3,X,-0.5555555555555555555555555556,4,SLEEP,Z,0.0200009,0.09136629
3/7/6/7/5/5/7/6/1 3 3,X,0.5769230769230769230769230769,2,SLEEP,Z,0.02380698,0.08310777
3/7/6/7/5/5/7/5/4 3 3,X,-0.6111111111111111111111111111,4,SLEEP,Z,0.04772723,0.2306136
3/7/6/7/5/5/7/5/2 3 3,X,-0.5555555555555555555555555556,2,SLEEP,Z,0.0201161,0.08854277
3/7/6/7/5/5/7/5/1 3 3,X,0.5769230769230769230769230769,2,SLEEP,Z,0.01590634,0.07429268
3/7/6/7/5/5/7/3/4 3 3,X,-0.6111111111111111111111111111,6,SLEEP,Z,0.07772513,0.2646402
3/7/6/7/5/5/7/3/2 3 3,X,-0.5555555555555555555555555556,2,SLEEP,Z,0.005051709,0.01988966
3/7/6/7/5/5/7/3/1 3 3,X,0.5769230769230769230769230769,2,SLEEP,Z,0.0263265,0.06139329
3/7/6/7/5/3/2/6/7 3 3,Z,-0.6666666666666666666666666667,4,SLEEP,Z,0.04490094,0.09482868
3/7/6/7/5/3/2/5/7 3 3,X,-0.5555555555555555555555555556,2,SLEEP,Z,0.09137679,0.1897084
3/7/6/7/5/3/2/3/7 3 3,X,-0.5555555555555555555555555556,4,SLEEP,Z,0.01983836,0.08266497
3/7/6/7/5/3/2/7/6 3 3,X,-0.6111111111111111111111111111,4,SLEEP,Z,0.0547778,0.2003929
3/7/6/7/5/3/2/7/5 3 3,X,-0.5555555555555555555555555556,4,SLEEP,Z,0.03627731,0.1301727
3/7/6/7/5/3/2/7/3 3 3,X,0.5769230769230769230769230769,2,SLEEP,Z,0.04771885,0.04155598
3/7/6/7/5/3/6/2/7 3 3,X,-0.6111111111111111111111111111,4,SLEEP,Z,0.1329032,0.2505485
3/7/6/7/5/3/6/6/6 3 3,X,-0.6666666666666666666666666667,6,SLEEP,Z,0.05342243,0.2452016
3/7/6/7/5/3/6/6/5 3 3,Z,-0.6666666666666666666666666667,6,SLEEP,Z,0.05984752,0.1995908
3/7/6/7/5/3/6/6/3 3 3,X,0.75,4,SLEEP,Z,0.02956463,0.09281825
3/7/6/7/5/3/6/5/6 3 3,X,-0.6666666666666666666666666667,8,SLEEP,Z,0.05090503,0.2146886
3/7/6/7/5/3/6/5/5 3 3,X,-0.6111111111111111111111111111,4,SLEEP,Z,0.04246094,0.1910841
3/7/6/7/5/3/6/5/3 3 3,X,0.75,2,SLEEP,Z,0.02191824,0.08400391
3/7/6/7/5/3/6/3/6 3 3,X,-0.6666666666666666666666666667,6,SLEEP,Z,0.06192595,0.2754722
3/7/6/7/5/3/6/3/5 3 3,X,-0.6111111111111111111111111111,6,SLEEP,Z,0.04664159,0.2020508
3/7/6/7/5/3/6/3/3 3 3,X,0.75,4,SLEEP,Z,0.221993,0.2766776
3/7/6/7/5/3/6/7/4 3 3,X,-0.6666666666666666666666666667,8,SLEEP,Z,0.06601667,0.2932343
3/7/6/7/5/3/6/7/2 3 3,X,-0.6111111111111111111111111111,4,SLEEP,Z,0.05381818,0.1920599
3/7/6/7/5/3/6/7/1 3 3,X,0.75,2,SLEEP,Z,0.01092613,0.04337216
3/7/6/7/5/3/5/2/7 3 3,X,-0.5555555555555555555555555556,2,SLEEP,Z,0.01570952,0.06848938
3/7/6/7/5/3/5/6/6 3 3,Z,-0.6666666666666666666666666667,8,SLEEP,Z,0.108328,0.3542976
3/7/6/7/5/3/5/6/5 3 3,Z,-0.6666666666666666666666666667,4,SLEEP,Z,0.07448347,0.2093067
3/7/6/7/5/3/5/6/3 3 3,Z,-0.6666666666666666666666666667,2,SLEEP,Z,0.01198757,0.0438045
3/7/6/7/5/3/5/5/6 3 3,X,-0.6111111111111111111111111111,6,SLEEP,Z,0.03754847,0.1880346
3/7/6/7/5/3/5/5/5 3 3,X,-0.5555555555555555555555555556,4,SLEEP,Z,0.07117011,0.3482896
3/7/6/7/5/3/5/5/3 3 3,X,0.5769230769230769230769230769,2,SLEEP,Z,0.01420893,0.0443094
3/7/6/7/5/3/5/3/6 3 3,X,-0.6111111111111111111111111111,4,SLEEP,Z,0.03840638,0.1718576
3/7/6/7/5/3/5/3/5 3 3,X,-0.5555555555555555555555555556,2,SLEEP,Z,0.01818995,0.06961246
3/7/6/7/5/3/5/3/3 3 3,X,0.5769230769230769230769230769,4,SLEEP,Z,0.03183062,0.07539214
3/7/6/7/5/3/5/7/4 3 3,X,-0.6111111111111111111111111111,4,SLEEP,Z,0.1002887,0.2735065
3/7/6/7/5/3/5/7/2 3 3,X,-0.5555555555555555555555555556,4,SLEEP,Z,0.02264827,0.09956809
3/7/6/7/5/3/5/7/1 3 3,X,0.5769230769230769230769230769,2,SLEEP,Z,0.008720767,0.03752641
3/7/6/7/5/3/3/2/7 3 3,X,0.5769230769230769230769230769,2,SLEEP,Z,0.1173689,0.1623121
3/7/6/7/5/3/3/6/6 3 3,X,-0.75,4,SLEEP,Z,0.07675628,0.2266338
3/7/6/7/5/3/3/6/5 3 3,Z,-0.6666666666666666666666666667,2,SLEEP,Z,0.02269465,0.03481407
3/7/6/7/5/3/3/6/3 3 3,Z,-0.6666666666666666666666666667,2,SLEEP,Z,0.01656659,0.02677132
3/7/6/7/5/3/3/5/6 3 3,X,-0.75,2,SLEEP,Z,0.0284073,0.1158355
3/7/6/7/5/3/3/5/5 3 3,X,0.5769230769230769230769230769,2,SLEEP,Z,0.08071478,0.1977902
3/7/6/7/5/3/3/5/3 3 3,X,0.6538461538461538461538461538,2,SLEEP,Z,0,0
3/7/6/7/5/3/3/3/6 3 3,X,-0.75,4,SLEEP,Z,0.04055552,0.1314334
3/7/6/7/5/3/3/3/5 3 3,X,0.5769230769230769230769230769,2,SLEEP,Z,0,0
3/7/6/7/5/3/3/3/3 3 3,X,0.6538461538461538461538461538,2,SLEEP,Z,0,0
3/7/6/7/5/3/3/7/4 3 3,X,-0.75,4,SLEEP,Z,0.08912411,0.3793417
3/7/6/7/5/3/3/7/2 3 3,X,0.5769230769230769230769230769,2,SLEEP,Z,0,0
3/7/6/7/5/3/3/7/1 3 3,X,0.6538461538461538461538461538,2,SLEEP,Z,0,0
3/7/6/7/5/3/7/2/6 3 3,X,-0.6111111111111111111111111111,4,SLEEP,Z,0.03975433,0.179636
3/7/6/7/5/3/7/2/5 3 3,X,-0.5555555555555555555555555556,4,SLEEP,Z,0.048414,0.1654287
3/7/6/7/5/3/7/2/3 3 3,X,0.5769230769230769230769230769,2,SLEEP,Z,0.03471799,0.06323881
3/7/6/7/5/3/7/6/4 3 3,Z,-0.6666666666666666666666666666,4,SLEEP,Z,0.04220041,0.1839618
3/7/6/7/5/3/7/6/2 3 3,Z,-0.6666666666666666666666666666,4,SLEEP,Z,0.02983291,0.09633603
3/7/6/7/5/3/7/6/1 3 3,Z,-0.6666666666666666666666666666,4,SLEEP,Z,0.04636804,0.1418621
3/7/6/7/5/3/7/5/4 3 3,X,-0.6111111111111111111111111111,6,SLEEP,Z,0.09207062,0.263344
3/7/6/7/5/3/7/5/2 3 3,X,-0.5555555555555555555555555556,4,SLEEP,Z,0.02194441,0.09659411
3/7/6/7/5/3/7/5/1 3 3,X,0.5769230769230769230769230769,2,SLEEP,Z,0.01889216,0.04213672
3/7/6/7/5/3/7/3/4 3 3,X,-0.6111111111111111111111111111,4,SLEEP,Z,0.03731024,0.1792466
3/7/6/7/5/3/7/3/2 3 3,X,-0.5555555555555555555555555556,4,SLEEP,Z,0.04230862,0.1553299
3/7/6/7/5/3/7/3/1 3 3,X,0.5769230769230769230769230769,4,SLEEP,Z,0.02550899,0.07756222
3/7/6/7/5/7/2/2/7 3 3,X,-0.5555555555555555555555555556,2,SLEEP,Z,0.01879024,0.07964227
3/7/6/7/5/7/2/6/6 3 3,X,-0.6111111111111111111111111111,6,SLEEP,Z,0.04082979,0.1708429
3/7/6/7/5/7/2/6/5 3 3,X,-0.5555555555555555555555555556,2,SLEEP,Z,0.02414354,0.1064906
3/7/6/7/5/7/2/6/3 3 3,X,0.5769230769230769230769230769,2,SLEEP,Z,0.03575463,0.04655675
3/7/6/7/5/7/2/5/6 3 3,X,-0.6111111111111111111111111111,4,SLEEP,Z,0.03538124,0.1512263
3/7/6/7/5/7/2/5/5 3 3,X,-0.5555555555555555555555555556,2,SLEEP,Z,0.01190431,0.05559677
3/7/6/7/5/7/2/5/3 3 3,X,0.5769230769230769230769230769,2,SLEEP,Z,0,0
3/7/6/7/5/7/2/3/6 3 3,X,-0.6111111111111111111111111111,4,SLEEP,Z,0.0599504,0.2106228
3/7/6/7/5/7/2/3/5 3 3,X,-0.5555555555555555555555555556,4,SLEEP,Z,0.08209006,0.276353
3/7/6/7/5/7/2/3/3 3 3,X,0.5769230769230769230769230769,2,SLEEP,Z,0.03811465,0.08060049
3/7/6/7/5/7/2/7/4 3 3,X,-0.6111111111111111111111111111,4,SLEEP,Z,0.0352083,0.1523655
3/7/6/7/5/7/2/7/2 3 3,X,-0.5555555555555555555555555556,2,SLEEP,Z,0,0
3/7/6/7/5/7/2/7/1 3 3,X,0.5769230769230769230769230769,2,SLEEP,Z,0.01704895,0.06556792
3/7/6/7/5/7/6/2/6 3 3,X,-0.6666666666666666666666666667,8,SLEEP,Z,0.08065196,0.2998541
3/7/6/7/5/7/6/2/5 3 3,X,-0.6111111111111111111111111111,2,SLEEP,Z,0.03324784,0.134146
3/7/6/7/5/7/6/2/3 3 3,X,0.8333333333333333333333333333,2,SLEEP,Z,0.219463,0.2241816
3/7/6/7/5/7/6/6/4 3 3,X,-0.6666666666666666666666666667,6,SLEEP,Z,0.07618815,0.3368017
3/7/6/7/5/7/6/6/2 3 3,X,-0.6111111111111111111111111111,4,SLEEP,Z,0.03116244,0.1304258
3/7/6/7/5/7/6/6/1 3 3,X,0.8333333333333333333333333333,2,SLEEP,Z,0.02778147,0.1049488
3/7/6/7/5/7/6/5/4 3 3,X,-0.6666666666666666666666666667,8,SLEEP,Z,0.06256612,0.2966037
3/7/6/7/5/7/6/5/2 3 3,X,-0.6111111111111111111111111111,2,SLEEP,Z,0.03240055,0.1263452
3/7/6/7/5/7/6/5/1 3 3,X,0.8333333333333333333333333333,2,SLEEP,Z,0.01791145,0.07211417
3/7/6/7/5/7/6/3/4 3 3,X,-0.6666666666666666666666666667,4,SLEEP,Z,0.05414335,0.2467821
3/7/6/7/5/7/6/3/2 3 3,X,-0.6111111111111111111111111111,4,SLEEP,Z,0.08574595,0.268565
3/7/6/7/5/7/6/3/1 3 3,X,0.8333333333333333333333333333,2,SLEEP,Z,0.1849489,0.2302256
3/7/6/7/5/7/5/2/6 3 3,X,-0.6111111111111111111111111111,4,SLEEP,Z,0.03674363,0.1635165
3/7/6/7/5/7/5/2/5 3 3,X,-0.5555555555555555555555555556,2,SLEEP,Z,0.0237978,0.09770195
3/7/6/7/5/7/5/2/3 3 3,X,0.5769230769230769230769230769,2,SLEEP,Z,0.07956395,0.1273033
3/7/6/7/5/7/5/6/4 3 3,X,-0.6111111111111111111111111111,4,SLEEP,Z,0.04270342,0.1835152
3/7/6/7/5/7/5/6/2 3 3,X,-0.5555555555555555555555555556,4,SLEEP,Z,0.02206011,0.1028349
3/7/6/7/5/7/5/6/1 3 3,X,0.5769230769230769230769230769,2,SLEEP,Z,0.05307239,0.04047828
3/7/6/7/5/7/5/5/4 3 3,X,-0.6111111111111111111111111111,4,SLEEP,Z,0.08253552,0.2885913
3/7/6/7/5/7/5/5/2 3 3,X,-0.5555555555555555555555555556,2,SLEEP,Z,0.02023374,0.08606739
3/7/6/7/5/7/5/5/1 3 3,X,0.5769230769230769230769230769,4,SLEEP,Z,0.04715895,0.110125
3/7/6/7/5/7/5/3/4 3 3,X,-0.6111111111111111111111111111,4,SLEEP,Z,0.03863426,0.18172
3/7/6/7/5/7/5/3/2 3 3,X,-0.5555555555555555555555555556,2,SLEEP,Z,0.01930758,0.07533412
3/7/6/7/5/7/5/3/1 3 3,X,0.5769230769230769230769230769,2,SLEEP,Z,0,0
3/7/6/7/5/7/3/2/6 3 3,X,-0.8333333333333333333333333333,4,SLEEP,Z,0.02946382,0.1287416
3/7/6/7/5/7/3/2/5 3 3,X,0.5769230769230769230769230769,2,SLEEP,Z,0.01380358,0.05104068
3/7/6/7/5/7/3/2/3 3 3,X,0.6538461538461538461538461538,2,SLEEP,Z,0,0
3/7/6/7/5/7/3/6/4 3 3,X,-0.8333333333333333333333333333,6,SLEEP,Z,0.07633644,0.2152937
3/7/6/7/5/7/3/6/2 3 3,X,0.5769230769230769230769230769,2,SLEEP,Z,0.01452696,0.05888189
3/7/6/7/5/7/3/6/1 3 3,X,0.6538461538461538461538461538,2,SLEEP,Z,0.01307183,0.06068553
3/7/6/7/5/7/3/5/4 3 3,X,-0.8333333333333333333333333333,4,SLEEP,Z,0.09428047,0.2152918
3/7/6/7/5/7/3/5/2 3 3,X,0.5769230769230769230769230769,2,SLEEP,Z,0.01597426,0.06210527
3/7/6/7/5/7/3/5/1 3 3,X,0.6538461538461538461538461538,2,SLEEP,Z,0,0
3/7/6/7/5/7/3/3/4 3 3,X,-0.8333333333333333333333333333,2,SLEEP,Z,0.02917832,0.09085872
3/7/6/7/5/7/3/3/2 3 3,X,0.5769230769230769230769230769,2,SLEEP,Z,0,0
3/7/6/7/5/7/3/3/1 3 3,X,0.6538461538461538461538461538,2,SLEEP,Z,0,0
3/7/6/7/5/7/7/2/4 3 3,X,-0.6111111111111111111111111111,2,SLEEP,Z,0.03623606,0.1681358
3/7/6/7/5/7/7/2/2 3 3,X,-0.5555555555555555555555555556,4,SLEEP,Z,0.06804702,0.3271916
3/7/6/7/5/7/7/2/1 3 3,X,0.5769230769230769230769230769,2,SLEEP,Z,0,0
3/7/6/7/3/2/2/7/7 3 3,X,0.5769230769230769230769230769,2,SLEEP,Z,0.02728674,0.05472309
3/7/6/7/3/2/6/6/7 3 3,X,-0.625,2,SLEEP,Z,0.03643174,0.1110752
3/7/6/7/3/2/6/5/7 3 3,X,-0.625,4,SLEEP,Z,0.04278412,0.1617018
3/7/6/7/3/2/6/3/7 3 3,X,-0.625,6,SLEEP,Z,0.03529814,0.1212577
3/7/6/7/3/2/6/7/6 3 3,X,-0.75,6,SLEEP,Z,0.06537277,0.2452295
3/7/6/7/3/2/6/7/5 3 3,X,-0.625,2,SLEEP,Z,0.06108046,0.2602016
3/7/6/7/3/2/6/7/3 3 3,X,0.7,2,SLEEP,Z,0.1128224,0.3818657
3/7/6/7/3/2/5/6/7 3 3,X,0.5769230769230769230769230769,4,SLEEP,Z,0.05175783,0.1640714
3/7/6/7/3/2/5/5/7 3 3,X,0.5769230769230769230769230769,2,SLEEP,Z,0.03032405,0.1118075
3/7/6/7/3/2/5/3/7 3 3,X,0.5769230769230769230769230769,2,SLEEP,Z,0,0
3/7/6/7/3/2/5/7/6 3 3,X,-0.625,2,SLEEP,Z,0.02711021,0.07915501
3/7/6/7/3/2/5/7/5 3 3,X,0.5769230769230769230769230769,2,SLEEP,Z,0,0
3/7/6/7/3/2/5/7/3 3 3,X,0.6538461538461538461538461538,2,SLEEP,Z,0,0
3/7/6/7/3/2/3/6/7 3 3,X,0.6538461538461538461538461538,4,SLEEP,Z,0.08220314,0.1757621
3/7/6/7/3/2/3/5/7 3 3,X,0.6538461538461538461538461538,2,SLEEP,Z,0.0268007,0.03361996
3/7/6/7/3/2/3/3/7 3 3,X,0.6538461538461538461538461538,2,SLEEP,Z,0,0
3/7/6/7/3/2/3/7/6 3 3,X,-0.7,2,SLEEP,Z,0.009788605,0.03452334
3/7/6/7/3/2/3/7/5 3 3,X,0.6538461538461538461538461538,2,SLEEP,Z,0,0
3/7/6/7/3/2/3/7/3 3 3,X,0.7307692307692307692307692308,2,SLEEP,Z,0.02520119,0.06093561
3/7/6/7/3/2/7/2/7 3 3,X,0.5769230769230769230769230769,4,SLEEP,Z,0.04186656,0.1784757
3/7/6/7/3/2/7/6/6 3 3,X,-0.625,4,SLEEP,Z,0.05100929,0.1594834
3/7/6/7/3/2/7/6/5 3 3,X,0.5769230769230769230769230769,4,SLEEP,Z,0.02259725,0.08170536
3/7/6/7/3/2/7/6/3 3 3,X,0.6538461538461538461538461538,4,SLEEP,Z,0.01705472,0.06149977
3/7/6/7/3/2/7/5/6 3 3,X,-0.625,4,SLEEP,Z,0.02706532,0.1105302
3/7/6/7/3/2/7/5/5 3 3,X,0.5769230769230769230769230769,4,SLEEP,Z,0.04454624,0.1707357
3/7/6/7/3/2/7/5/3 3 3,X,0.6538461538461538461538461538,2,SLEEP,Z,0.02442801,0.01934694
3/7/6/7/3/2/7/3/6 3 3,X,-0.625,4,SLEEP,Z,0.04262582,0.1323995
3/7/6/7/3/2/7/3/5 3 3,X,0.5769230769230769230769230769,4,SLEEP,Z,0.03485572,0.07125522
3/7/6/7/3/2/7/3/3 3 3,X,0.6538461538461538461538461538,2,SLEEP,Z,0.008953617,0.03472792
3/7/6/7/3/2/7/7/4 3 3,X,-0.625,4,SLEEP,Z,0.03782225,0.1276095
3/7/6/7/3/2/7/7/2 3 3,X,0.5769230769230769230769230769,2,SLEEP,Z,0.01841852,0.05835757
3/7/6/7/3/2/7/7/1 3 3,X,0.6538461538461538461538461538,2,SLEEP,Z,0.02610017,0.08649296
3/7/6/7/3/6/2/6/7 3 3,X,0.5769230769230769230769230769,4,SLEEP,Z,0.06942489,0.1959712
3/7/6/7/3/6/2/5/7 3 3,X,0.5769230769230769230769230769,4,SLEEP,Z,0.07947858,0.2118748
3/7/6/7/3/6/2/3/7 3 3,Z,0.6666666666666666666666666667,2,SLEEP,Z,0.02312892,0.04747991
3/7/6/7/3/6/2/7/6 3 3,X,-0.625,4,SLEEP,Z,0.05286245,0.1837113
3/7/6/7/3/6/2/7/5 3 3,X,0.5769230769230769230769230769,2,SLEEP,Z,0.02473881,0.07401551
3/7/6/7/3/6/2/7/3 3 3,X,0.6538461538461538461538461538,4,SLEEP,Z,0.02905215,0.092466
3/7/6/7/3/6/6/2/7 3 3,X,-0.625,4,SLEEP,Z,0.03819587,0.1469049
3/7/6/7/3/6/6/6/6 3 3,X,-0.75,6,SLEEP,Z,0.04886826,0.2119488
3/7/6/7/3/6/6/6/5 3 3,X,-0.625,4,SLEEP,Z,0.04046254,0.1456484
3/7/6/7/3/6/6/6/3 3 3,X,0.75,4,SLEEP,Z,0.02306298,0.08820478
3/7/6/7/3/6/6/5/6 3 3,X,-0.75,10,SLEEP,Z,0.07547668,0.2358042
3/7/6/7/3/6/6/5/5 3 3,X,-0.625,4,SLEEP,Z,0.04893616,0.1464673
3/7/6/7/3/6/6/5/3 3 3,X,0.75,2,SLEEP,Z,0.02993925,0.08403653
3/7/6/7/3/6/6/3/6 3 3,X,-0.75,6,SLEEP,Z,0.0408686,0.1748329
3/7/6/7/3/6/6/3/5 3 3,Z,0.6666666666666666666666666667,2,SLEEP,Z,0.0298997,0.1087024
3/7/6/7/3/6/6/3/3 3 3,X,0.75,4,SLEEP,Z,0.05439376,0.08027487
3/7/6/7/3/6/6/7/4 3 3,X,-0.75,6,SLEEP,Z,0.05337346,0.2169067
3/7/6/7/3/6/6/7/2 3 3,X,-0.625,2,SLEEP,Z,0.04029121,0.1390437
3/7/6/7/3/6/6/7/1 3 3,X,0.75,2,SLEEP,Z,0.02514698,0.08119697
3/7/6/7/3/6/5/2/7 3 3,X,0.5769230769230769230769230769,2,SLEEP,Z,0.02246789,0.09515911
3/7/6/7/3/6/5/6/6 3 3,X,-0.625,6,SLEEP,Z,0.0921969,0.3001252
3/7/6/7/3/6/5/6/5 3 3,X,0.5769230769230769230769230769,4,SLEEP,Z,0.01762441,0.07596592
3/7/6/7/3/6/5/6/3 3 3,X,0.6538461538461538461538461538,2,SLEEP,Z,0.01902407,0.0822918
3/7/6/7/3/6/5/5/6 3 3,X,-0.625,2,SLEEP,Z,0.02703392,0.08348724
3/7/6/7/3/6/5/5/5 3 3,X,0.5769230769230769230769230769,2,SLEEP,Z,0.04056647,0.05516359
3/7/6/7/3/6/5/5/3 3 3,X,0.6538461538461538461538461538,2,SLEEP,Z,0.01443129,0.01837831
3/7/6/7/3/6/5/3/6 3 3,Z,0.6666666666666666666666666667,2,SLEEP,Z,0.07115138,0.1645069
3/7/6/7/3/6/5/3/5 3 3,Z,0.6666666666666666666666666667,4,SLEEP,Z,0.02752953,0.1065737
3/7/6/7/3/6/5/3/3 3 3,Z,0.6666666666666666666666666667,2,SLEEP,Z,0.02067008,0.02061964
3/7/6/7/3/6/5/7/4 3 3,X,-0.625,4,SLEEP,Z,0.02192206,0.08882334
3/7/6/7/3/6/5/7/2 3 3,X,0.5769230769230769230769230769,2,SLEEP,Z,0.01062268,0.05900063
3/7/6/7/3/6/5/7/1 3 3,X,0.6538461538461538461538461538,2,SLEEP,Z,0.04724781,0.1290303
3/7/6/7/3/6/3/2/7 3 3,X,0.6538461538461538461538461538,2,SLEEP,Z,0,0
3/7/6/7/3/6/3/6/6 3 3,X,-0.75,2,SLEEP,Z,0,0
3/7/6/7/3/6/3/6/5 3 3,X,0.6538461538461538461538461538,2,SLEEP,Z,0,0
3/7/6/7/3/6/3/6/3 3 3,X,0.7307692307692307692307692308,2,SLEEP,Z,0.02144324,0.07878678
3/7/6/7/3/6/3/5/6 3 3,X,-0.75,2,SLEEP,Z,0.03176343,0.08778527
3/7/6/7/3/6/3/5/5 3 3,X,0.6538461538461538461538461538,2,SLEEP,Z,0.01284005,0.04206353
3/7/6/7/3/6/3/5/3 3 3,X,0.7307692307692307692307692308,2,SLEEP,Z,0,0
3/7/6/7/3/6/3/3/6 3 3,X,-0.75,4,SLEEP,Z,0.03098899,0.1220571
3/7/6/7/3/6/3/3/5 3 3,Z,0.6666666666666666666666666667,2,SLEEP,Z,0.01591772,0.05272589
3/7/6/7/3/6/3/3/3 3 3,X,0.7307692307692307692307692308,2,SLEEP,Z,0.04305171,0.07787053
3/7/6/7/3/6/3/7/4 3 3,X,-0.75,4,SLEEP,Z,0.03453306,0.1227385
3/7/6/7/3/6/3/7/2 3 3,X,0.6538461538461538461538461538,2,SLEEP,Z,0.01259547,0.03245446
3/7/6/7/3/6/3/7/1 3 3,X,0.7307692307692307692307692308,2,SLEEP,Z,0,0
3/7/6/7/3/6/7/2/6 3 3,X,-0.625,2,SLEEP,Z,0.02380911,0.09756114
3/7/6/7/3/6/7/2/5 3 3,X,0.5769230769230769230769230769,4,SLEEP,Z,0.02031315,0.05873548
3/7/6/7/3/6/7/2/3 3 3,X,0.6538461538461538461538461538,2,SLEEP,Z,0,0
3/7/6/7/3/6/7/6/4 3 3,X,-0.625,4,SLEEP,Z,0.03497923,0.1462461
3/7/6/7/3/6/7/6/2 3 3,X,0.5769230769230769230769230769,2,SLEEP,Z,0.0131857,0.05315074
3/7/6/7/3/6/7/6/1 3 3,X,0.6538461538461538461538461538,2,SLEEP,Z,0.01660952,0.07068227
3/7/6/7/3/6/7/5/4 3 3,X,-0.625,2,SLEEP,Z,0.02773084,0.1131353
3/7/6/7/3/6/7/5/2 3 3,X,0.5769230769230769230769230769,2,SLEEP,Z,0.04645479,0.08213013
3/7/6/7/3/6/7/5/1 3 3,X,0.6538461538461538461538461538,2,SLEEP,Z,0.01368159,0.02198109
3/7/6/7/3/6/7/3/4 3 3,Z,0.6666666666666666666666666666,2,SLEEP,Z,0.02827588,0.116875
3/7/6/7/3/6/7/3/2 3 3,Z,0.6666666666666666666666666666,4,SLEEP,Z,0.06294592,0.1154518
3/7/6/7/3/6/7/3/1 3 3,Z,0.6666666666666666666666666666,2,SLEEP,Z,0.02648656,0.05748414
3/7/6/7/3/5/2/6/7 3 3,X,0.5769230769230769230769230769,2,SLEEP,Z,0.03254394,0.088543
3/7/6/7/3/5/2/5/7 3 3,X,0.5769230769230769230769230769,2,SLEEP,Z,0.03692921,0.1213014
3/7/6/7/3/5/2/3/7 3 3,X,0.5769230769230769230769230769,2,SLEEP,Z,0.07098808,0.1849764
3/7/6/7/3/5/2/7/6 3 3,X,-0.625,4,SLEEP,Z,0.06474215,0.2294346
3/7/6/7/3/5/2/7/5 3 3,X,0.5769230769230769230769230769,2,SLEEP,Z,0.01798061,0.04496003
3/7/6/7/3/5/2/7/3 3 3,X,0.6538461538461538461538461538,2,SLEEP,Z,0.01549307,0.04130968
3/7/6/7/3/5/6/2/7 3 3,X,-0.625,8,SLEEP,Z,0.08458118,0.247868
3/7/6/7/3/5/6/6/6 3 3,X,-0.75,6,SLEEP,Z,0.07151479,0.2736057
3/7/6/7/3/5/6/6/5 3 3,X,-0.625,4,SLEEP,Z,0.08779633,0.3672598
3/7/6/7/3/5/6/6/3 3 3,X,0.75,2,SLEEP,Z,0.04869271,0.07866786
3/7/6/7/3/5/6/5/6 3 3,X,-0.75,6,SLEEP,Z,0.09096504,0.3205193
3/7/6/7/3/5/6/5/5 3 3,X,-0.625,2,SLEEP,Z,0.04509873,0.1834115
3/7/6/7/3/5/6/5/3 3 3,X,0.75,2,SLEEP,Z,0.09991083,0.2964739
3/7/6/7/3/5/6/3/6 3 3,X,-0.75,4,SLEEP,Z,0.065334,0.2745247
3/7/6/7/3/5/6/3/5 3 3,X,-0.625,4,SLEEP,Z,0.03481114,0.116623
3/7/6/7/3/5/6/3/3 3 3,X,0.75,2,SLEEP,Z,0,0
3/7/6/7/3/5/6/7/4 3 3,X,-0.75,6,SLEEP,Z,0.07071794,0.2615866
3/7/6/7/3/5/6/7/2 3 3,X,-0.625,4,SLEEP,Z,0.03048246,0.1195898
3/7/6/7/3/5/6/7/1 3 3,X,0.75,2,SLEEP,Z,0.09207778,0.4015557
3/7/6/7/3/5/5/2/7 3 3,X,0.5769230769230769230769230769,4,SLEEP,Z,0.02525468,0.08444243
3/7/6/7/3/5/5/6/6 3 3,X,-0.625,2,SLEEP,Z,0.02939715,0.1115569
3/7/6/7/3/5/5/6/5 3 3,X,0.5769230769230769230769230769,2,SLEEP,Z,0.01177529,0.0522693
3/7/6/7/3/5/5/6/3 3 3,X,0.6538461538461538461538461538,2,SLEEP,Z,0.01269619,0.04448001
3/7/6/7/3/5/5/5/6 3 3,X,-0.625,2,SLEEP,Z,0.06999446,0.172371
3/7/6/7/3/5/5/5/5 3 3,X,0.5769230769230769230769230769,2,SLEEP,Z,0.01281469,0.05851138
3/7/6/7/3/5/5/5/3 3 3,X,0.6538461538461538461538461538,2,SLEEP,Z,0.01737495,0.06343349
3/7/6/7/3/5/5/3/6 3 3,X,-0.625,4,SLEEP,Z,0.03074167,0.1069077
3/7/6/7/3/5/5/3/5 3 3,X,0.5769230769230769230769230769,2,SLEEP,Z,0.0225194,0.09436559
3/7/6/7/3/5/5/3/3 3 3,X,0.6538461538461538461538461538,2,SLEEP,Z,0.04270233,0.1359461
3/7/6/7/3/5/5/7/4 3 3,X,-0.625,4,SLEEP,Z,0.05282725,0.3844277
3/7/6/7/3/5/5/7/2 3 3,X,0.5769230769230769230769230769,2,SLEEP,Z,0.01512169,0.02344552
3/7/6/7/3/5/5/7/1 3 3,X,0.6538461538461538461538461538,2,SLEEP,Z,0.04612344,0.2744191
3/7/6/7/3/5/3/2/7 3 3,X,0.6538461538461538461538461538,2,SLEEP,Z,0.007004494,0.0299685
3/7/6/7/3/5/3/6/6 3 3,X,-0.75,4,SLEEP,Z,0.01125284,0.04152428
3/7/6/7/3/5/3/6/5 3 3,X,0.6538461538461538461538461538,2,SLEEP,Z,0.01048349,0.04341096
3/7/6/7/3/5/3/6/3 3 3,X,0.7307692307692307692307692308,4,SLEEP,Z,0.02477189,0.1010071
3/7/6/7/3/5/3/5/6 3 3,X,-0.75,2,SLEEP,Z,0.04136301,0.1466809
3/7/6/7/3/5/3/5/5 3 3,X,0.6538461538461538461538461538,2,SLEEP,Z,0.04159418,0.1661337
3/7/6/7/3/5/3/5/3 3 3,X,0.7307692307692307692307692308,2,SLEEP,Z,0.05522604,0.1404732
3/7/6/7/3/5/3/3/6 3 3,X,-0.75,2,SLEEP,Z,0.02759614,0.1147679
3/7/6/7/3/5/3/3/5 3 3,X,0.6538461538461538461538461538,2,SLEEP,Z,0.06706864,0.2066193
3/7/6/7/3/5/3/3/3 3 3,X,0.7307692307692307692307692308,4,SLEEP,Z,0.05844252,0.133515
3/7/6/7/3/5/3/7/4 3 3,X,-0.75,4,SLEEP,Z,0.03519787,0.1357387
3/7/6/7/3/5/3/7/2 3 3,X,0.6538461538461538461538461538,2,SLEEP,Z,0.01742798,0.03749603
3/7/6/7/3/5/3/7/1 3 3,X,0.7307692307692307692307692308,4,SLEEP,Z,0.03038736,0.1190575
3/7/6/7/3/5/7/2/6 3 3,X,-0.625,2,SLEEP,Z,0.01224168,0.0488665
3/7/6/7/3/5/7/2/5 3 3,X,0.5769230769230769230769230769,2,SLEEP,Z,0.01040488,0.04303449
3/7/6/7/3/5/7/2/3 3 3,X,0.6538461538461538461538461538,2,SLEEP,Z,0.007604413,0.03754992
3/7/6/7/3/5/7/6/4 3 3,X,-0.625,2,SLEEP,Z,0.0414903,0.1865024
3/7/6/7/3/5/7/6/2 3 3,X,0.5769230769230769230769230769,4,SLEEP,Z,0.05307609,0.3431315
3/7/6/7/3/5/7/6/1 3 3,X,0.6538461538461538461538461538,2,SLEEP,Z,0.02657105,0.06836434
3/7/6/7/3/5/7/5/4 3 3,X,-0.625,2,SLEEP,Z,0.03372544,0.1469794
3/7/6/7/3/5/7/5/2 3 3,X,0.5769230769230769230769230769,2,SLEEP,Z,0.01503586,0.05829976
3/7/6/7/3/5/7/5/1 3 3,X,0.6538461538461538461538461538,2,SLEEP,Z,0.006966505,0.03244992
3/7/6/7/3/5/7/3/4 3 3,X,-0.625,6,SLEEP,Z,0.04026356,0.1568149
3/7/6/7/3/5/7/3/2 3 3,X,0.5769230769230769230769230769,2,SLEEP,Z,0,0
3/7/6/7/3/5/7/3/1 3 3,X,0.6538461538461538461538461538,2,SLEEP,Z,0.00525359,0.02475704
3/7/6/7/3/3/2/6/7 3 3,Z,-0.6666666666666666666666666667,4,SLEEP,Z,0.1191,0.2566454
3/7/6/7/3/3/2/5/7 3 3,X,0.5769230769230769230769230769,4,SLEEP,Z,0.06156914,0.1624261
3/7/6/7/3/3/2/3/7 3 3,X,0.5769230769230769230769230769,4,SLEEP,Z,0.02670473,0.09002838
3/7/6/7/3/3/2/7/6 3 3,X,-0.625,4,SLEEP,Z,0.04098275,0.10286
3/7/6/7/3/3/2/7/5 3 3,X,0.5769230769230769230769230769,2,SLEEP,Z,0,0
3/7/6/7/3/3/2/7/3 3 3,X,0.6538461538461538461538461538,2,SLEEP,Z,0,0
3/7/6/7/3/3/6/2/7 3 3,X,-0.625,2,SLEEP,Z,0.02868126,0.1138304
3/7/6/7/3/3/6/6/6 3 3,X,-0.75,8,SLEEP,Z,0.1367975,0.3657305
3/7/6/7/3/3/6/6/5 3 3,Z,-0.6666666666666666666666666667,6,SLEEP,Z,0.04513802,0.1694168
3/7/6/7/3/3/6/6/3 3 3,X,0.75,4,SLEEP,Z,0.02465511,0.07425541
3/7/6/7/3/3/6/5/6 3 3,X,-0.75,8,SLEEP,Z,0.0695874,0.2890825
3/7/6/7/3/3/6/5/5 3 3,X,-0.625,2,SLEEP,Z,0.01130499,0.04290064
3/7/6/7/3/3/6/5/3 3 3,X,0.75,2,SLEEP,Z,0.008441332,0.02706914
3/7/6/7/3/3/6/3/6 3 3,X,-0.75,4,SLEEP,Z,0.0312599,0.1298928
3/7/6/7/3/3/6/3/5 3 3,X,-0.625,2,SLEEP,Z,0.03151789,0.1075907
3/7/6/7/3/3/6/3/3 3 3,X,0.75,2,SLEEP,Z,0.02223794,0.07559149
3/7/6/7/3/3/6/7/4 3 3,X,-0.75,4,SLEEP,Z,0.06331512,0.2605387
3/7/6/7/3/3/6/7/2 3 3,X,-0.625,4,SLEEP,Z,0.03482523,0.1418471
3/7/6/7/3/3/6/7/1 3 3,X,0.75,2,SLEEP,Z,0.02519963,0.04574788
3/7/6/7/3/3/5/2/7 3 3,X,0.5769230769230769230769230769,2,SLEEP,Z,0.008773702,0.03548476
3/7/6/7/3/3/5/6/6 3 3,Z,-0.6666666666666666666666666667,4,SLEEP,Z,0.04815421,0.1813136
3/7/6/7/3/3/5/6/5 3 3,Z,-0.6666666666666666666666666667,2,SLEEP,Z,0.02537362,0.07900971
3/7/6/7/3/3/5/6/3 3 3,Z,-0.6666666666666666666666666667,2,SLEEP,Z,0.1166676,0.3486157
3/7/6/7/3/3/5/5/6 3 3,X,-0.625,6,SLEEP,Z,0.03952393,0.1656557
3/7/6/7/3/3/5/5/5 3 3,X,0.5769230769230769230769230769,2,SLEEP,Z,0.01612508,0.06388497
3/7/6/7/3/3/5/5/3 3 3,X,0.6538461538461538461538461538,2,SLEEP,Z,0.01292494,0.04427172
3/7/6/7/3/3/5/3/6 3 3,X,-0.625,6,SLEEP,Z,0.03275761,0.1378485
3/7/6/7/3/3/5/3/5 3 3,X,0.5769230769230769230769230769,2,SLEEP,Z,0,0
3/7/6/7/3/3/5/3/3 3 3,X,0.6538461538461538461538461538,2,SLEEP,Z,0.02153457,0.06320181
3/7/6/7/3/3/5/7/4 3 3,X,-0.625,4,SLEEP,Z,0.04220549,0.1127669
3/7/6/7/3/3/5/7/2 3 3,X,0.5769230769230769230769230769,2,SLEEP,Z,0.02084207,0.08012015
3/7/6/7/3/3/5/7/1 3 3,X,0.6538461538461538461538461538,2,SLEEP,Z,0.02225747,0.07409809
3/7/6/7/3/3/3/2/7 3 3,X,0.6538461538461538461538461538,2,SLEEP,Z,0.005992021,0.02066102
3/7/6/7/3/3/3/6/6 3 3,X,-0.75,2,SLEEP,Z,0.03230756,0.07795763
3/7/6/7/3/3/3/6/5 3 3,Z,-0.6666666666666666666666666667,2,SLEEP,Z,0.02148397,0.03808333
3/7/6/7/3/3/3/6/3 3 3,X,0.7307692307692307692307692308,2,SLEEP,Z,0.01061475,0.03750114
3/7/6/7/3/3/3/5/6 3 3,X,-0.75,4,SLEEP,Z,0.05192632,0.1382523
3/7/6/7/3/3/3/5/5 3 3,X,0.6538461538461538461538461538,2,SLEEP,Z,0.02257577,0.06328223
3/7/6/7/3/3/3/5/3 3 3,X,0.7307692307692307692307692308,4,SLEEP,Z,0.06326704,0.151605
3/7/6/7/3/3/3/3/6 3 3,X,-0.75,4,SLEEP,Z,0.09422007,0.3052365
3/7/6/7/3/3/3/3/5 3 3,X,0.6538461538461538461538461538,4,SLEEP,Z,0.01785683,0.0649457
3/7/6/7/3/3/3/3/3 3 3,X,0.7307692307692307692307692308,2,SLEEP,Z,0.01007569,0.03602623
3/7/6/7/3/3/3/7/4 3 3,X,-0.75,2,SLEEP,Z,0.01661145,0.07961823
3/7/6/7/3/3/3/7/2 3 3,X,0.6538461538461538461538461538,2,SLEEP,Z,0.009413236,0.01923584
3/7/6/7/3/3/3/7/1 3 3,X,0.7307692307692307692307692308,4,SLEEP,Z,0.06891757,0.1648602
3/7/6/7/3/3/7/2/6 3 3,X,-0.625,4,SLEEP,Z,0.02319492,0.0976812
3/7/6/7/3/3/7/2/5 3 3,X,0.5769230769230769230769230769,2,SLEEP,Z,0.02704554,0.06416389
3/7/6/7/3/3/7/2/3 3 3,X,0.6538461538461538461538461538,2,SLEEP,Z,0.02198292,0.03012904
3/7/6/7/3/3/7/6/4 3 3,Z,-0.6666666666666666666666666666,4,SLEEP,Z,0.02913904,0.1190018
3/7/6/7/3/3/7/6/2 3 3,Z,-0.6666666666666666666666666666,2,SLEEP,Z,0.02540916,0.08995155
3/7/6/7/3/3/7/6/1 3 3,Z,-0.6666666666666666666666666666,2,SLEEP,Z,0.01429789,0.04549543
3/7/6/7/3/3/7/5/4 3 3,X,-0.625,4,SLEEP,Z,0.06801046,0.2454901
3/7/6/7/3/3/7/5/2 3 3,X,0.5769230769230769230769230769,4,SLEEP,Z,0.03260594,0.1018577
3/7/6/7/3/3/7/5/1 3 3,X,0.6538461538461538461538461538,2,SLEEP,Z,0.01161048,0.03938294
3/7/6/7/3/3/7/3/4 3 3,X,-0.625,4,SLEEP,Z,0.03072396,0.13434
3/7/6/7/3/3/7/3/2 3 3,X,0.5769230769230769230769230769,4,SLEEP,Z,0.05550823,0.370794
3/7/6/7/3/3/7/3/1 3 3,X,0.6538461538461538461538461538,2,SLEEP,Z,0,0
3/7/6/7/3/7/2/2/7 3 3,X,0.5769230769230769230769230769,2,SLEEP,Z,0.02336913,0.08779306
3/7/6/7/3/7/2/6/6 3 3,X,-0.625,4,SLEEP,Z,0.0495421,0.1846022
3/7/6/7/3/7/2/6/5 3 3,X,0.5769230769230769230769230769,2,SLEEP,Z,0.04048795,0.1296049
3/7/6/7/3/7/2/6/3 3 3,X,0.6538461538461538461538461538,2,SLEEP,Z,0.05580647,0.06549518
3/7/6/7/3/7/2/5/6 3 3,X,-0.625,2,SLEEP,Z,0.0291339,0.1133498
3/7/6/7/3/7/2/5/5 3 3,X,0.5769230769230769230769230769,2,SLEEP,Z,0.01278356,0.04569818
3/7/6/7/3/7/2/5/3 3 3,X,0.6538461538461538461538461538,2,SLEEP,Z,0,0
3/7/6/7/3/7/2/3/6 3 3,X,-0.625,4,SLEEP,Z,0.05817207,0.2153474
3/7/6/7/3/7/2/3/5 3 3,X,0.5769230769230769230769230769,2,SLEEP,Z,0.03037723,0.08087154
3/7/6/7/3/7/2/3/3 3 3,X,0.6538461538461538461538461538,2,SLEEP,Z,0.01891329,0.07113124
3/7/6/7/3/7/2/7/4 3 3,X,-0.625,4,SLEEP,Z,0.04546378,0.1169866
3/7/6/7/3/7/2/7/2 3 3,X,0.5769230769230769230769230769,2,SLEEP,Z,0.01904801,0.07045513
3/7/6/7/3/7/2/7/1 3 3,X,0.6538461538461538461538461538,2,SLEEP,Z,0.01867649,0.06889227
3/7/6/7/3/7/6/2/6 3 3,X,-0.75,4,SLEEP,Z,0.05332282,0.238259
3/7/6/7/3/7/6/2/5 3 3,X,-0.625,6,SLEEP,Z,0.08964287,0.2852221
3/7/6/7/3/7/6/2/3 3 3,X,0.8333333333333333333333333333,2,SLEEP,Z,0.005880626,0.02037216
3/7/6/7/3/7/6/6/4 3 3,X,-0.75,6,SLEEP,Z,0.0744258,0.2673091
3/7/6/7/3/7/6/6/2 3 3,X,-0.625,4,SLEEP,Z,0.04575451,0.2106849
3/7/6/7/3/7/6/6/1 3 3,X,0.8333333333333333333333333333,2,SLEEP,Z,0.009737153,0.03770598
3/7/6/7/3/7/6/5/4 3 3,X,-0.75,6,SLEEP,Z,0.04425879,0.1781874
3/7/6/7/3/7/6/5/2 3 3,X,-0.625,4,SLEEP,Z,0.03222967,0.1224575
3/7/6/7/3/7/6/5/1 3 3,X,0.8333333333333333333333333333,2,SLEEP,Z,0.02144784,0.05967524
3/7/6/7/3/7/6/3/4 3 3,X,-0.75,6,SLEEP,Z,0.0494102,0.2064941
3/7/6/7/3/7/6/3/2 3 3,X,-0.625,2,SLEEP,Z,0.03580451,0.13268
3/7/6/7/3/7/6/3/1 3 3,X,0.8333333333333333333333333333,2,SLEEP,Z,0.01895721,0.040549
3/7/6/7/3/7/5/2/6 3 3,X,-0.625,2,SLEEP,Z,0.02786194,0.09872811
3/7/6/7/3/7/5/2/5 3 3,X,0.5769230769230769230769230769,2,SLEEP,Z,0,0
3/7/6/7/3/7/5/2/3 3 3,X,0.6538461538461538461538461538,2,SLEEP,Z,0,0
3/7/6/7/3/7/5/6/4 3 3,X,-0.625,4,SLEEP,Z,0.05976561,0.2258694
3/7/6/7/3/7/5/6/2 3 3,X,0.5769230769230769230769230769,4,SLEEP,Z,0.061294,0.2396806
3/7/6/7/3/7/5/6/1 3 3,X,0.6538461538461538461538461538,2,SLEEP,Z,0.01688187,0.06368712
3/7/6/7/3/7/5/5/4 3 3,X,-0.625,4,SLEEP,Z,0.04586692,0.1652434
3/7/6/7/3/7/5/5/2 3 3,X,0.5769230769230769230769230769,4,SLEEP,Z,0.02924762,0.0833878
3/7/6/7/3/7/5/5/1 3 3,X,0.6538461538461538461538461538,2,SLEEP,Z,0,0
3/7/6/7/3/7/5/3/4 3 3,X,-0.625,6,SLEEP,Z,0.02897712,0.121923
3/7/6/7/3/7/5/3/2 3 3,X,0.5769230769230769230769230769,2,SLEEP,Z,0.008714084,0.02998006
3/7/6/7/3/7/5/3/1 3 3,X,0.6538461538461538461538461538,2,SLEEP,Z,0.02738534,0.03921987
3/7/6/7/3/7/3/2/6 3 3,X,-0.8333333333333333333333333333,2,SLEEP,Z,0.01433279,0.03154126
3/7/6/7/3/7/3/2/5 3 3,X,0.6538461538461538461538461538,2,SLEEP,Z,0.03432459,0.0656868
3/7/6/7/3/7/3/2/3 3 3,X,0.7307692307692307692307692308,2,SLEEP,Z,0.0107355,0.0437803
3/7/6/7/3/7/3/6/4 3 3,X,-0.8333333333333333333333333333,2,SLEEP,Z,0.006603608,0.02833617
3/7/6/7/3/7/3/6/2 3 3,X,0.6538461538461538461538461538,2,SLEEP,Z,0.007521404,0.03409378
3/7/6/7/3/7/3/6/1 3 3,X,0.7307692307692307692307692308,6,SLEEP,Z,0.04752757,0.1864103
3/7/6/7/3/7/3/5/4 3 3,X,-0.8333333333333333333333333333,2,SLEEP,Z,0.05772381,0.1505282
3/7/6/7/3/7/3/5/2 3 3,X,0.6538461538461538461538461538,2,SLEEP,Z,0.02196501,0.04486613
3/7/6/7/3/7/3/5/1 3 3,X,0.7307692307692307692307692308,2,SLEEP,Z,0,0
3/7/6/7/3/7/3/3/4 3 3,X,-0.8333333333333333333333333333,2,SLEEP,Z,0.01608757,0.05667642
3/7/6/7/3/7/3/3/2 3 3,X,0.6538461538461538461538461538,2,SLEEP,Z,0.01774302,0.07405203
3/7/6/7/3/7/3/3/1 3 3,X,0.7307692307692307692307692308,4,SLEEP,Z,0.1210999,0.3606408
3/7/6/7/3/7/7/2/4 3 3,X,-0.625,6,SLEEP,Z,0.05788366,0.2372232
3/7/6/7/3/7/7/2/2 3 3,X,0.5769230769230769230769230769,2,SLEEP,Z,0.003686029,0.01442033
3/7/6/7/3/7/7/2/1 3 3,X,0.6538461538461538461538461538,2,SLEEP,Z,0.01208882,0.01873724
3/7/6/7/7/2/2/6/7 3 3,X,-0.5555555555555555555555555556,4,SLEEP,Z,0.1023126,0.2653532
3/7/6/7/7/2/2/5/7 3 3,X,-0.5555555555555555555555555556,2,SLEEP,Z,0.03706338,0.05188547
3/7/6/7/7/2/2/3/7 3 3,X,-0.5555555555555555555555555556,6,SLEEP,Z,0.05417129,0.1279617
3/7/6/7/7/2/2/7/6 3 3,X,-0.6111111111111111111111111111,4,SLEEP,Z,0.05061329,0.1847897
3/7/6/7/7/2/2/7/5 3 3,X,-0.5555555555555555555555555556,2,SLEEP,Z,0.01689911,0.07276323
3/7/6/7/7/2/2/7/3 3 3,X,0.5769230769230769230769230769,2,SLEEP,Z,0.01258456,0.03802097
3/7/6/7/7/2/6/2/7 3 3,X,-0.6111111111111111111111111111,6,SLEEP,Z,0.06813125,0.2339557
3/7/6/7/7/2/6/6/6 3 3,X,-0.6666666666666666666666666667,6,SLEEP,Z,0.06088245,0.2622867
3/7/6/7/7/2/6/6/5 3 3,X,-0.6111111111111111111111111111,6,SLEEP,Z,0.03680842,0.113828
3/7/6/7/7/2/6/6/3 3 3,X,0.75,2,SLEEP,Z,0.02310303,0.07019521
3/7/6/7/7/2/6/5/6 3 3,X,-0.6666666666666666666666666667,8,SLEEP,Z,0.09807425,0.370063
3/7/6/7/7/2/6/5/5 3 3,X,-0.6111111111111111111111111111,4,SLEEP,Z,0.09555299,0.2692986
3/7/6/7/7/2/6/5/3 3 3,X,0.75,4,SLEEP,Z,0.02933475,0.1044272
3/7/6/7/7/2/6/3/6 3 3,X,-0.6666666666666666666666666667,14,SLEEP,Z,0.07776654,0.3043763
3/7/6/7/7/2/6/3/5 3 3,X,-0.6111111111111111111111111111,4,SLEEP,Z,0.06239668,0.1803393
3/7/6/7/7/2/6/3/3 3 3,X,0.75,2,SLEEP,Z,0.03630396,0.1285609
3/7/6/7/7/2/6/7/4 3 3,X,-0.6666666666666666666666666667,6,SLEEP,Z,0.05941445,0.2774444
3/7/6/7/7/2/6/7/2 3 3,X,-0.6111111111111111111111111111,6,SLEEP,Z,0.05334788,0.1971714
3/7/6/7/7/2/6/7/1 3 3,X,0.75,2,SLEEP,Z,0.01439185,0.03150566
3/7/6/7/7/2/5/2/7 3 3,X,-0.5555555555555555555555555556,2,SLEEP,Z,0.03187302,0.1209389
3/7/6/7/7/2/5/6/6 3 3,X,-0.6111111111111111111111111111,6,SLEEP,Z,0.07553588,0.2305687
3/7/6/7/7/2/5/6/5 3 3,X,-0.5555555555555555555555555556,2,SLEEP,Z,0.03370672,0.1003097
3/7/6/7/7/2/5/6/3 3 3,X,0.5769230769230769230769230769,4,SLEEP,Z,0.08933169,0.3579458
3/7/6/7/7/2/5/5/6 3 3,X,-0.6111111111111111111111111111,4,SLEEP,Z,0.04400565,0.1871703
3/7/6/7/7/2/5/5/5 3 3,X,-0.5555555555555555555555555556,6,SLEEP,Z,0.08411883,0.195467
3/7/6/7/7/2/5/5/3 3 3,X,0.5769230769230769230769230769,2,SLEEP,Z,0.009250263,0.02824918
3/7/6/7/7/2/5/3/6 3 3,X,-0.6111111111111111111111111111,6,SLEEP,Z,0.06650679,0.2637659
3/7/6/7/7/2/5/3/5 3 3,X,-0.5555555555555555555555555556,4,SLEEP,Z,0.03241514,0.1076635
3/7/6/7/7/2/5/3/3 3 3,X,0.5769230769230769230769230769,2,SLEEP,Z,0.03072067,0.08221766
3/7/6/7/7/2/5/7/4 3 3,X,-0.6111111111111111111111111111,4,SLEEP,Z,0.02804801,0.1276354
3/7/6/7/7/2/5/7/2 3 3,X,-0.5555555555555555555555555556,4,SLEEP,Z,0.02451381,0.09327392
3/7/6/7/7/2/5/7/1 3 3,X,0.5769230769230769230769230769,4,SLEEP,Z,0.0808801,0.3993942
3/7/6/7/7/2/3/2/7 3 3,X,0.5769230769230769230769230769,2,SLEEP,Z,0,0
3/7/6/7/7/2/3/6/6 3 3,X,-0.75,2,SLEEP,Z,0.04337052,0.1048935
3/7/6/7/7/2/3/6/5 3 3,X,0.5769230769230769230769230769,4,SLEEP,Z,0.04174392,0.1307598
3/7/6/7/7/2/3/6/3 3 3,X,0.6538461538461538461538461538,2,SLEEP,Z,0.01768153,0.05565421
3/7/6/7/7/2/3/5/6 3 3,X,-0.75,4,SLEEP,Z,0.03732803,0.09057001
3/7/6/7/7/2/3/5/5 3 3,X,0.5769230769230769230769230769,2,SLEEP,Z,0.009680179,0.03547585
3/7/6/7/7/2/3/5/3 3 3,X,0.6538461538461538461538461538,2,SLEEP,Z,0.01644811,0.03149958
3/7/6/7/7/2/3/3/6 3 3,X,-0.75,6,SLEEP,Z,0.05585657,0.1697334
3/7/6/7/7/2/3/3/5 3 3,X,0.5769230769230769230769230769,2,SLEEP,Z,0.01760408,0.07220636
3/7/6/7/7/2/3/3/3 3 3,X,0.6538461538461538461538461538,4,SLEEP,Z,0.05818858,0.09694512
3/7/6/7/7/2/3/7/4 3 3,X,-0.75,2,SLEEP,Z,0.03152196,0.1232735
3/7/6/7/7/2/3/7/2 3 3,X,0.5769230769230769230769230769,2,SLEEP,Z,0.01467347,0.05765634
3/7/6/7/7/2/3/7/1 3 3,X,0.6538461538461538461538461538,2,SLEEP,Z,0.01598601,0.03368503
3/7/6/7/7/2/7/2/6 3 3,X,-0.6111111111111111111111111111,4,SLEEP,Z,0.04119331,0.1895076
3/7/6/7/7/2/7/2/5 3 3,X,-0.5555555555555555555555555556,4,SLEEP,Z,0.0201636,0.08557563
3/7/6/7/7/2/7/2/3 3 3,X,0.5769230769230769230769230769,2,SLEEP,Z,0.01912795,0.07695605
3/7/6/7/7/2/7/6/4 3 3,X,-0.6111111111111111111111111111,6,SLEEP,Z,0.04637703,0.187266
3/7/6/7/7/2/7/6/2 3 3,X,-0.5555555555555555555555555556,2,SLEEP,Z,0.02743011,0.08530755
3/7/6/7/7/2/7/6/1 3 3,X,0.5769230769230769230769230769,4,SLEEP,Z,0.06844689,0.2776242
3/7/6/7/7/2/7/5/4 3 3,X,-0.6111111111111111111111111111,4,SLEEP,Z,0.04204795,0.2003119
3/7/6/7/7/2/7/5/2 3 3,X,-0.5555555555555555555555555556,2,SLEEP,Z,0.02863102,0.09716859
3/7/6/7/7/2/7/5/1 3 3,X,0.5769230769230769230769230769,2,SLEEP,Z,0.05916999,0.1832175
3/7/6/7/7/2/7/3/4 3 3,X,-0.6111111111111111111111111111,6,SLEEP,Z,0.05256384,0.2272869
3/7/6/7/7/2/7/3/2 3 3,X,-0.5555555555555555555555555556,4,SLEEP,Z,0.03136268,0.1373671
3/7/6/7/7/2/7/3/1 3 3,X,0.5769230769230769230769230769,2,SLEEP,Z,0,0
3/7/6/7/7/6/2/2/7 3 3,X,-0.5555555555555555555555555556,2,SLEEP,Z,0.1175597,0.1845851
3/7/6/7/7/6/2/6/6 3 3,X,-0.6111111111111111111111111111,6,SLEEP,Z,0.09808951,0.3896154
3/7/6/7/7/6/2/6/5 3 3,X,-0.5555555555555555555555555556,2,SLEEP,Z,0.02581987,0.0779218
3/7/6/7/7/6/2/6/3 3 3,X,0.5769230769230769230769230769,2,SLEEP,Z,0,0
3/7/6/7/7/6/2/5/6 3 3,X,-0.6111111111111111111111111111,6,SLEEP,Z,0.1090389,0.3422104
3/7/6/7/7/6/2/5/5 3 3,X,-0.5555555555555555555555555556,2,SLEEP,Z,0.03516664,0.1336738
3/7/6/7/7/6/2/5/3 3 3,X,0.5769230769230769230769230769,4,SLEEP,Z,0.1508902,0.3707344
3/7/6/7/7/6/2/3/6 3 3,Z,0.7,6,SLEEP,Z,0.05417112,0.1932177
3/7/6/7/7/6/2/3/5 3 3,Z,0.7,2,SLEEP,Z,0.0251069,0.05132017
3/7/6/7/7/6/2/3/3 3 3,Z,0.7,4,SLEEP,Z,0.05391463,0.1095779
3/7/6/7/7/6/2/7/4 3 3,X,-0.6111111111111111111111111111,4,SLEEP,Z,0.03988813,0.1701289
3/7/6/7/7/6/2/7/2 3 3,X,-0.5555555555555555555555555556,2,SLEEP,Z,0.03187877,0.1025695
3/7/6/7/7/6/2/7/1 3 3,X,0.5769230769230769230769230769,2,SLEEP,Z,0.01239856,0.04806852
3/7/6/7/7/6/6/2/6 3 3,X,-0.6666666666666666666666666667,8,SLEEP,Z,0.06950387,0.3201887
3/7/6/7/7/6/6/2/5 3 3,X,-0.6111111111111111111111111111,4,SLEEP,Z,0.03014382,0.133322
3/7/6/7/7/6/6/2/3 3 3,X,0.8333333333333333333333333333,2,SLEEP,Z,0.03155681,0.06922171
3/7/6/7/7/6/6/6/4 3 3,X,-0.6666666666666666666666666667,6,SLEEP,Z,0.1054037,0.3819135
3/7/6/7/7/6/6/6/2 3 3,X,-0.6111111111111111111111111111,6,SLEEP,Z,0.05553151,0.2412097
3/7/6/7/7/6/6/6/1 3 3,X,0.8333333333333333333333333333,4,SLEEP,Z,0.2142004,0.4419343
3/7/6/7/7/6/6/5/4 3 3,X,-0.6666666666666666666666666667,8,SLEEP,Z,0.05973129,0.2824595
3/7/6/7/7/6/6/5/2 3 3,X,-0.6111111111111111111111111111,4,SLEEP,Z,0.03621769,0.1257662
3/7/6/7/7/6/6/5/1 3 3,X,0.8333333333333333333333333333,2,SLEEP,Z,0.02531032,0.0678706
3/7/6/7/7/6/6/3/4 3 3,Z,0.7,6,SLEEP,Z,0.09814803,0.3141797
3/7/6/7/7/6/6/3/2 3 3,Z,0.7,4,SLEEP,Z,0.1321271,0.3171601
3/7/6/7/7/6/6/3/1 3 3,X,0.8333333333333333333333333333,4,SLEEP,Z,0.0350353,0.1097098
3/7/6/7/7/6/5/2/6 3 3,X,-0.6111111111111111111111111111,4,SLEEP,Z,0.04817467,0.1923367
3/7/6/7/7/6/5/2/5 3 3,X,-0.5555555555555555555555555556,2,SLEEP,Z,0.02642935,0.08373932
3/7/6/7/7/6/5/2/3 3 3,X,0.5769230769230769230769230769,2,SLEEP,Z,0.01828542,0.05208794
3/7/6/7/7/6/5/6/4 3 3,X,-0.6111111111111111111111111111,4,SLEEP,Z,0.05645123,0.2302418
3/7/6/7/7/6/5/6/2 3 3,X,-0.5555555555555555555555555556,4,SLEEP,Z,0.04482838,0.1645368
3/7/6/7/7/6/5/6/1 3 3,X,0.5769230769230769230769230769,2,SLEEP,Z,0.01246953,0.04665319
3/7/6/7/7/6/5/5/4 3 3,X,-0.6111111111111111111111111111,4,SLEEP,Z,0.0306176,0.1380069
3/7/6/7/7/6/5/5/2 3 3,X,-0.5555555555555555555555555556,2,SLEEP,Z,0.008724197,0.03751373
3/7/6/7/7/6/5/5/1 3 3,X,0.5769230769230769230769230769,2,SLEEP,Z,0.02901183,0.07153536
3/7/6/7/7/6/5/3/4 3 3,Z,0.7,2,SLEEP,Z,0.06153283,0.1922372
3/7/6/7/7/6/5/3/2 3 3,Z,0.7,2,SLEEP,Z,0.08018769,0.2014112
3/7/6/7/7/6/5/3/1 3 3,Z,0.7,2,SLEEP,Z,0,0
3/7/6/7/7/6/3/2/6 3 3,X,-0.8333333333333333333333333333,4,SLEEP,Z,0.02650347,0.09292699
3/7/6/7/7/6/3/2/5 3 3,X,0.5769230769230769230769230769,4,SLEEP,Z,0.01344294,0.05304402
3/7/6/7/7/6/3/2/3 3 3,X,0.6538461538461538461538461538,2,SLEEP,Z,0.0116944,0.02350567
3/7/6/7/7/6/3/6/4 3 3,X,-0.8333333333333333333333333333,4,SLEEP,Z,0.04605495,0.1495607
3/7/6/7/7/6/3/6/2 3 3,X,0.5769230769230769230769230769,4,SLEEP,Z,0.03146089,0.08341946
3/7/6/7/7/6/3/6/1 3 3,X,0.6538461538461538461538461538,2,SLEEP,Z,0.006431753,0.02615228
3/7/6/7/7/6/3/5/4 3 3,X,-0.8333333333333333333333333333,4,SLEEP,Z,0.07622944,0.2249229
3/7/6/7/7/6/3/5/2 3 3,X,0.5769230769230769230769230769,2,SLEEP,Z,0.01443435,0.05630196
3/7/6/7/7/6/3/5/1 3 3,X,0.6538461538461538461538461538,2,SLEEP,Z,0,0
3/7/6/7/7/6/3/3/4 3 3,X,-0.8333333333333333333333333333,2,SLEEP,Z,0.02751996,0.08258548
3/7/6/7/7/6/3/3/2 3 3,Z,0.7,2,SLEEP,Z,0.01923655,0.07798382
3/7/6/7/7/6/3/3/1 3 3,Z,0.7,2,SLEEP,Z,0,0
3/7/6/7/7/6/7/2/4 3 3,X,-0.6111111111111111111111111111,2,SLEEP,Z,0.03094021,0.1201854
3/7/6/7/7/6/7/2/2 3 3,X,-0.5555555555555555555555555556,4,SLEEP,Z,0.03034471,0.1273349
3/7/6/7/7/6/7/2/1 3 3,X,0.5769230769230769230769230769,2,SLEEP,Z,0,0
3/7/6/7/7/5/2/2/7 3 3,X,-0.5555555555555555555555555556,2,SLEEP,Z,0.009351709,0.04050726
3/7/6/7/7/5/2/6/6 3 3,X,-0.6111111111111111111111111111,6,SLEEP,Z,0.04427993,0.2005223
3/7/6/7/7/5/2/6/5 3 3,X,-0.5555555555555555555555555556,2,SLEEP,Z,0.03446539,0.0462721
3/7/6/7/7/5/2/6/3 3 3,X,0.5769230769230769230769230769,2,SLEEP,Z,0.005238603,0.02522481
3/7/6/7/7/5/2/5/6 3 3,X,-0.6111111111111111111111111111,4,SLEEP,Z,0.04981482,0.372642
3/7/6/7/7/5/2/5/5 3 3,X,-0.5555555555555555555555555556,4,SLEEP,Z,0.04255091,0.1731334
3/7/6/7/7/5/2/5/3 3 3,X,0.5769230769230769230769230769,2,SLEEP,Z,0.02557566,0.01265795
3/7/6/7/7/5/2/3/6 3 3,X,-0.6111111111111111111111111111,4,SLEEP,Z,0.05339481,0.1995313
3/7/6/7/7/5/2/3/5 3 3,X,-0.5555555555555555555555555556,4,SLEEP,Z,0.1257934,0.2381621
3/7/6/7/7/5/2/3/3 3 3,X,0.5769230769230769230769230769,2,SLEEP,Z,0,0
3/7/6/7/7/5/2/7/4 3 3,X,-0.6111111111111111111111111111,4,SLEEP,Z,0.04469816,0.1877719
3/7/6/7/7/5/2/7/2 3 3,X,-0.5555555555555555555555555556,2,SLEEP,Z,0.0328093,0.09302764
3/7/6/7/7/5/2/7/1 3 3,X,0.5769230769230769230769230769,2,SLEEP,Z,0.09769677,0.1308087
3/7/6/7/7/5/6/2/6 3 3,X,-0.6666666666666666666666666667,4,SLEEP,Z,0.05802757,0.2641004
3/7/6/7/7/5/6/2/5 3 3,X,-0.6111111111111111111111111111,2,SLEEP,Z,0.01901237,0.07851355
3/7/6/7/7/5/6/2/3 3 3,X,0.8333333333333333333333333333,4,SLEEP,Z,0.03859545,0.1264776
3/7/6/7/7/5/6/6/4 3 3,X,-0.6666666666666666666666666667,6,SLEEP,Z,0.07380996,0.3159607
3/7/6/7/7/5/6/6/2 3 3,X,-0.6111111111111111111111111111,4,SLEEP,Z,0.1164654,0.3137529
3/7/6/7/7/5/6/6/1 3 3,X,0.8333333333333333333333333333,2,SLEEP,Z,0.03438921,0.07013258
3/7/6/7/7/5/6/5/4 3 3,X,-0.6666666666666666666666666667,6,SLEEP,Z,0.04834062,0.2215967
3/7/6/7/7/5/6/5/2 3 3,X,-0.6111111111111111111111111111,4,SLEEP,Z,0.0438155,0.1836891
3/7/6/7/7/5/6/5/1 3 3,X,0.8333333333333333333333333333,4,SLEEP,Z,0.02427151,0.07154973
3/7/6/7/7/5/6/3/4 3 3,X,-0.6666666666666666666666666667,10,SLEEP,Z,0.05728711,0.2701849
3/7/6/7/7/5/6/3/2 3 3,X,-0.6111111111111111111111111111,6,SLEEP,Z,0.06115223,0.2598089
3/7/6/7/7/5/6/3/1 3 3,X,0.8333333333333333333333333333,2,SLEEP,Z,0.024619,0.09728276
3/7/6/7/7/5/5/2/6 3 3,X,-0.6111111111111111111111111111,4,SLEEP,Z,0.0640597,0.2323704
3/7/6/7/7/5/5/2/5 3 3,X,-0.5555555555555555555555555556,2,SLEEP,Z,0.01806897,0.08044874
3/7/6/7/7/5/5/2/3 3 3,X,0.5769230769230769230769230769,2,SLEEP,Z,0.02096404,0.07517065
3/7/6/7/7/5/5/6/4 3 3,X,-0.6111111111111111111111111111,6,SLEEP,Z,0.04712453,0.205584
3/7/6/7/7/5/5/6/2 3 3,X,-0.5555555555555555555555555556,2,SLEEP,Z,0.01641279,0.08887563
3/7/6/7/7/5/5/6/1 3 3,X,0.5769230769230769230769230769,2,SLEEP,Z,0,0
3/7/6/7/7/5/5/5/4 3 3,X,-0.6111111111111111111111111111,4,SLEEP,Z,0.02901018,0.08055978
3/7/6/7/7/5/5/5/2 3 3,X,-0.5555555555555555555555555556,2,SLEEP,Z,0.02075578,0.09118523
3/7/6/7/7/5/5/5/1 3 3,X,0.5769230769230769230769230769,2,SLEEP,Z,0.04810638,0.0802786
3/7/6/7/7/5/5/3/4 3 3,X,-0.6111111111111111111111111111,6,SLEEP,Z,0.08144441,0.3480353
3/7/6/7/7/5/5/3/2 3 3,X,-0.5555555555555555555555555556,2,SLEEP,Z,0.01447236,0.05971123
3/7/6/7/7/5/5/3/1 3 3,X,0.5769230769230769230769230769,4,SLEEP,Z,0.0787755,0.1934705
3/7/6/7/7/5/3/2/6 3 3,X,-0.8333333333333333333333333333,2,SLEEP,Z,0.0721655,0.2147933
3/7/6/7/7/5/3/2/5 3 3,X,0.5769230769230769230769230769,2,SLEEP,Z,0,0
3/7/6/7/7/5/3/2/3 3 3,X,0.6538461538461538461538461538,2,SLEEP,Z,0,0
3/7/6/7/7/5/3/6/4 3 3,X,-0.8333333333333333333333333333,2,SLEEP,Z,0.03011627,0.1199615
3/7/6/7/7/5/3/6/2 3 3,X,0.5769230769230769230769230769,2,SLEEP,Z,0.02205741,0.0829074
3/7/6/7/7/5/3/6/1 3 3,X,0.6538461538461538461538461538,2,SLEEP,Z,0.01134999,0.04696557
3/7/6/7/7/5/3/5/4 3 3,X,-0.8333333333333333333333333333,2,SLEEP,Z,0.05863289,0.1324092
3/7/6/7/7/5/3/5/2 3 3,X,0.5769230769230769230769230769,4,SLEEP,Z,0.0235137,0.05890308
3/7/6/7/7/5/3/5/1 3 3,X,0.6538461538461538461538461538,2,SLEEP,Z,0.01012295,0.02997437
3/7/6/7/7/5/3/3/4 3 3,X,-0.8333333333333333333333333333,2,SLEEP,Z,0.0268451,0.08568417
3/7/6/7/7/5/3/3/2 3 3,X,0.5769230769230769230769230769,2,SLEEP,Z,0.09319892,0.1669994
3/7/6/7/7/5/3/3/1 3 3,X,0.6538461538461538461538461538,2,SLEEP,Z,0.004344894,0.01980818
3/7/6/7/7/5/7/2/4 3 3,X,-0.6111111111111111111111111111,4,SLEEP,Z,0.02828939,0.1251158
3/7/6/7/7/5/7/2/2 3 3,X,-0.5555555555555555555555555556,4,SLEEP,Z,0.01938844,0.0875481
3/7/6/7/7/5/7/2/1 3 3,X,0.5769230769230769230769230769,2,SLEEP,Z,0.004188838,0.01112887
3/7/6/7/7/3/2/2/7 3 3,X,-0.5555555555555555555555555556,4,SLEEP,Z,0.03048415,0.06917956
3/7/6/7/7/3/2/6/6 3 3,Z,-0.7,4,SLEEP,Z,0.05239442,0.1866022
3/7/6/7/7/3/2/6/5 3 3,Z,-0.7,4,SLEEP,Z,0.1077287,0.2506619
3/7/6/7/7/3/2/6/3 3 3,Z,-0.7,4,SLEEP,Z,0.2384073,0.3625767
3/7/6/7/7/3/2/5/6 3 3,X,-0.6111111111111111111111111111,2,SLEEP,Z,0.03712068,0.1487419
3/7/6/7/7/3/2/5/5 3 3,X,-0.5555555555555555555555555556,2,SLEEP,Z,0.01676471,0.06821048
3/7/6/7/7/3/2/5/3 3 3,X,0.5769230769230769230769230769,2,SLEEP,Z,0.04130026,0.0609488
3/7/6/7/7/3/2/3/6 3 3,X,-0.6111111111111111111111111111,4,SLEEP,Z,0.04510056,0.1748907
3/7/6/7/7/3/2/3/5 3 3,X,-0.5555555555555555555555555556,2,SLEEP,Z,0.02212803,0.07511871
3/7/6/7/7/3/2/3/3 3 3,X,0.5769230769230769230769230769,2,SLEEP,Z,0.04015635,0.08494968
3/7/6/7/7/3/2/7/4 3 3,X,-0.6111111111111111111111111111,6,SLEEP,Z,0.04732952,0.1909829
3/7/6/7/7/3/2/7/2 3 3,X,-0.5555555555555555555555555556,2,SLEEP,Z,0.02765768,0.08960355
3/7/6/7/7/3/2/7/1 3 3,X,0.5769230769230769230769230769,2,SLEEP,Z,0.09393547,0.09171962
3/7/6/7/7/3/6/2/6 3 3,X,-0.6666666666666666666666666667,10,SLEEP,Z,0.09450214,0.3572689
3/7/6/7/7/3/6/2/5 3 3,X,-0.6111111111111111111111111111,4,SLEEP,Z,0.04274253,0.1646021
3/7/6/7/7/3/6/2/3 3 3,X,0.8333333333333333333333333333,4,SLEEP,Z,0.2598631,0.2541237
3/7/6/7/7/3/6/6/4 3 3,Z,-0.7,8,SLEEP,Z,0.07534651,0.3338084
3/7/6/7/7/3/6/6/2 3 3,Z,-0.7,4,SLEEP,Z,0.04026136,0.1698091
3/7/6/7/7/3/6/6/1 3 3,X,0.8333333333333333333333333333,2,SLEEP,Z,0.0106948,0.02746053
3/7/6/7/7/3/6/5/4 3 3,X,-0.6666666666666666666666666667,10,SLEEP,Z,0.06787947,0.3115614
3/7/6/7/7/3/6/5/2 3 3,X,-0.6111111111111111111111111111,4,SLEEP,Z,0.0537475,0.2225257
3/7/6/7/7/3/6/5/1 3 3,X,0.8333333333333333333333333333,2,SLEEP,Z,0.01728577,0.06939164
3/7/6/7/7/3/6/3/4 3 3,X,-0.6666666666666666666666666667,6,SLEEP,Z,0.05852959,0.2756927
3/7/6/7/7/3/6/3/2 3 3,X,-0.6111111111111111111111111111,4,SLEEP,Z,0.06464152,0.2597428
3/7/6/7/7/3/6/3/1 3 3,X,0.8333333333333333333333333333,2,SLEEP,Z,0.02350058,0.04253761
3/7/6/7/7/3/5/2/6 3 3,X,-0.6111111111111111111111111111,2,SLEEP,Z,0.03370299,0.1477019
3/7/6/7/7/3/5/2/5 3 3,X,-0.5555555555555555555555555556,4,SLEEP,Z,0.04250539,0.1597174
3/7/6/7/7/3/5/2/3 3 3,X,0.5769230769230769230769230769,2,SLEEP,Z,0.07961934,0.1126218
3/7/6/7/7/3/5/6/4 3 3,Z,-0.7,4,SLEEP,Z,0.02729247,0.1222494
3/7/6/7/7/3/5/6/2 3 3,Z,-0.7,2,SLEEP,Z,0,0
3/7/6/7/7/3/5/6/1 3 3,Z,-0.7,4,SLEEP,Z,0.09192394,0.3912596
3/7/6/7/7/3/5/5/4 3 3,X,-0.6111111111111111111111111111,4,SLEEP,Z,0.07958239,0.2090641
3/7/6/7/7/3/5/5/2 3 3,X,-0.5555555555555555555555555556,2,SLEEP,Z,0.008863859,0.03962775
3/7/6/7/7/3/5/5/1 3 3,X,0.5769230769230769230769230769,2,SLEEP,Z,0,0
3/7/6/7/7/3/5/3/4 3 3,X,-0.6111111111111111111111111111,6,SLEEP,Z,0.04699682,0.2286326
3/7/6/7/7/3/5/3/2 3 3,X,-0.5555555555555555555555555556,4,SLEEP,Z,0.03262633,0.1209093
3/7/6/7/7/3/5/3/1 3 3,X,0.5769230769230769230769230769,2,SLEEP,Z,0,0
3/7/6/7/7/3/3/2/6 3 3,X,-0.8333333333333333333333333333,4,SLEEP,Z,0.04147876,0.1313204
3/7/6/7/7/3/3/2/5 3 3,X,0.5769230769230769230769230769,2,SLEEP,Z,0.03697631,0.05910168
3/7/6/7/7/3/3/2/3 3 3,X,0.6538461538461538461538461538,2,SLEEP,Z,0.01555529,0.03038931
3/7/6/7/7/3/3/6/4 3 3,X,-0.8333333333333333333333333333,4,SLEEP,Z,0.05106839,0.1463576
3/7/6/7/7/3/3/6/2 3 3,Z,-0.7,2,SLEEP,Z,0.05741085,0.04475059
3/7/6/7/7/3/3/6/1 3 3,Z,-0.7,2,SLEEP,Z,0.01756467,0.07002831
3/7/6/7/7/3/3/5/4 3 3,X,-0.8333333333333333333333333333,2,SLEEP,Z,0.03263674,0.1045631
3/7/6/7/7/3/3/5/2 3 3,X,0.5769230769230769230769230769,2,SLEEP,Z,0.02127412,0.03764142
3/7/6/7/7/3/3/5/1 3 3,X,0.6538461538461538461538461538,2,SLEEP,Z,0,0
3/7/6/7/7/3/3/3/4 3 3,X,-0.8333333333333333333333333333,2,SLEEP,Z,0.03771823,0.07958496
3/7/6/7/7/3/3/3/2 3 3,X,0.5769230769230769230769230769,2,SLEEP,Z,0.01739152,0.06346305
3/7/6/7/7/3/3/3/1 3 3,X,0.6538461538461538461538461538,2,SLEEP,Z,0.02929723,0.09239149
3/7/6/7/7/3/7/2/4 3 3,X,-0.6111111111111111111111111111,4,SLEEP,Z,0.0410386,0.1876886
3/7/6/7/7/3/7/2/2 3 3,X,-0.5555555555555555555555555556,2,SLEEP,Z,0.03295309,0.1087516
3/7/6/7/7/3/7/2/1 3 3,X,0.5769230769230769230769230769,2,SLEEP,Z,0.07401752,0.1758284
3/7/6/7/7/7/2/2/6 3 3,X,-0.6666666666666666666666666666,6,SLEEP,Z,0.09057256,0.3080649
3/7/6/7/7/7/2/2/5 3 3,X,-0.5555555555555555555555555556,6,SLEEP,Z,0.1156325,0.2916341
3/7/6/7/7/7/2/2/3 3 3,X,0.6666666666666666666666666666,2,SLEEP,Z,0.01004976,0.02573425
3/7/6/7/7/7/2/6/4 3 3,X,-0.6666666666666666666666666666,4,SLEEP,Z,0.05146669,0.2122815
3/7/6/7/7/7/2/6/2 3 3,X,-0.5555555555555555555555555556,4,SLEEP,Z,0.03175014,0.1070359
3/7/6/7/7/7/2/6/1 3 3,X,0.6666666666666666666666666666,2,SLEEP,Z,0.01973876,0.02828961
3/7/6/7/7/7/2/5/4 3 3,X,-0.6666666666666666666666666666,4,SLEEP,Z,0.05342932,0.2414225
3/7/6/7/7/7/2/5/2 3 3,X,-0.5555555555555555555555555556,2,SLEEP,Z,0.02965321,0.05559886
3/7/6/7/7/7/2/5/1 3 3,X,0.6666666666666666666666666666,2,SLEEP,Z,0.01148102,0.04647461
3/7/6/7/7/7/2/3/4 3 3,X,-0.6666666666666666666666666666,4,SLEEP,Z,0.0524621,0.1372719
3/7/6/7/7/7/2/3/2 3 3,X,-0.5555555555555555555555555556,4,SLEEP,Z,0.0498811,0.1495149
3/7/6/7/7/7/2/3/1 3 3,X,0.6666666666666666666666666666,2,SLEEP,Z,0.01744323,0.02949665
3/7/6/7/7/7/6/2/4 3 3,X,-0.6666666666666666666666666667,10,SLEEP,Z,0.1140008,0.4043129
3/7/6/7/7/7/6/2/2 3 3,X,-0.6111111111111111111111111111,4,SLEEP,Z,0.04339083,0.1891307
3/7/6/7/7/7/5/2/4 3 3,X,-0.6111111111111111111111111111,8,SLEEP,Z,0.1087319,0.3300648
3/7/6/7/7/7/5/2/2 3 3,X,-0.5555555555555555555555555556,2,SLEEP,Z,0.02789608,0.1222626
3/7/6/7/7/7/5/2/1 3 3,X,0.5769230769230769230769230769,2,SLEEP,Z,0.03670598,0.05626696
3/7/6/7/7/7/3/2/2 3 3,X,0.5769230769230769230769230769,2,SLEEP,Z,0.003919201,0.01670589
3/7/6/7/7/7/3/2/1 3 3,X,0.6538461538461538461538461538,2,SLEEP,Z,0,0
3/7/5/2/2/6/7/7/7 3 3,X,-0.5,8,SLEEP,Z,0.09618176,0.2182464
3/7/5/2/2/5/7/7/7 3 3,X,-0.5,6,SLEEP,Z,0.04196509,0.1499243
3/7/5/2/2/3/7/7/7 3 3,X,-0.5,2,SLEEP,Z,0.04577957,0.1300072
3/7/5/2/2/7/6/7/7 3 3,X,-0.5555555555555555555555555555,4,SLEEP,Z,0.1003568,0.4236988
3/7/5/2/2/7/5/7/7 3 3,X,-0.5,6,SLEEP,Z,0.04273168,0.1218604
3/7/5/2/2/7/3/7/7 3 3,X,-0.5,12,SLEEP,Z,0.03885119,0.07780939
3/7/5/2/2/7/7/6/7 3 3,X,-0.5,8,SLEEP,Z,0.08091203,0.2262719
3/7/5/2/2/7/7/5/7 3 3,X,-0.5,12,SLEEP,Z,0.04219143,0.1435225
3/7/5/2/2/7/7/3/7 3 3,X,-0.5,2,SLEEP,Z,0.1220037,0.2539915
3/7/5/2/2/7/7/7/6 3 3,X,-0.5555555555555555555555555555,10,SLEEP,Z,0.107833,0.4059204
3/7/5/2/2/7/7/7/5 3 3,X,-0.5,4,SLEEP,Z,0.04153138,0.1470532
3/7/5/2/2/7/7/7/3 3 3,X,-0.4444444444444444444444444445,8,SLEEP,Z,0.02136799,0.06277215
3/7/5/2/6/2/7/7/7 3 3,X,-0.5555555555555555555555555555,4,SLEEP,Z,0.06803322,0.1476656
3/7/5/2/6/6/6/7/7 3 3,X,-0.6111111111111111111111111112,6,SLEEP,Z,0.03883338,0.1407483
3/7/5/2/6/6/5/7/7 3 3,X,-0.5555555555555555555555555555,6,SLEEP,Z,0.03318829,0.1266594
3/7/5/2/6/6/3/7/7 3 3,X,0.60,12,SLEEP,Z,0.04289398,0.1522215
3/7/5/2/6/6/7/6/7 3 3,X,-0.5555555555555555555555555555,8,SLEEP,Z,0.05676179,0.2054767
3/7/5/2/6/6/7/5/7 3 3,X,-0.5555555555555555555555555555,6,SLEEP,Z,0.05473377,0.1526705
3/7/5/2/6/6/7/3/7 3 3,Z,0.625,6,SLEEP,Z,0.04983168,0.1449913
3/7/5/2/6/6/7/7/6 3 3,X,-0.6111111111111111111111111112,10,SLEEP,Z,0.05750081,0.2282641
3/7/5/2/6/6/7/7/5 3 3,X,-0.5555555555555555555555555555,4,SLEEP,Z,0.1759447,0.3765522
3/7/5/2/6/6/7/7/3 3 3,X,0.60,6,SLEEP,Z,0.1010053,0.1728301
3/7/5/2/6/5/6/7/7 3 3,X,-0.6111111111111111111111111112,6,SLEEP,Z,0.04217218,0.1875003
3/7/5/2/6/5/5/7/7 3 3,X,-0.5555555555555555555555555555,4,SLEEP,Z,0.03563158,0.08101022
3/7/5/2/6/5/3/7/7 3 3,X,0.60,4,SLEEP,Z,0.02955246,0.05903339
3/7/5/2/6/5/7/6/7 3 3,X,-0.5555555555555555555555555555,4,SLEEP,Z,0.01971443,0.07901665
3/7/5/2/6/5/7/5/7 3 3,X,-0.5555555555555555555555555555,4,SLEEP,Z,0.02464982,0.09494516
3/7/5/2/6/5/7/3/7 3 3,X,-0.5555555555555555555555555555,6,SLEEP,Z,0.03164872,0.1209539
3/7/5/2/6/5/7/7/6 3 3,X,-0.6111111111111111111111111112,8,SLEEP,Z,0.1464701,0.3206659
3/7/5/2/6/5/7/7/5 3 3,X,-0.5555555555555555555555555555,2,SLEEP,Z,0.01957016,0.08475622
3/7/5/2/6/5/7/7/3 3 3,X,0.60,56,SLEEP,Z,0.08962283,0.1328738
3/7/5/2/6/3/6/7/7 3 3,X,-0.6111111111111111111111111112,4,SLEEP,Z,0.03096387,0.1390202
3/7/5/2/6/3/5/7/7 3 3,X,-0.5555555555555555555555555555,8,SLEEP,Z,0.05157029,0.1646243
3/7/5/2/6/3/3/7/7 3 3,X,0.60,2,SLEEP,Z,0.02099396,0.03830685
3/7/5/2/6/3/7/6/7 3 3,Z,-0.625,46,SLEEP,Z,0.1352696,0.3751926
3/7/5/2/6/3/7/5/7 3 3,X,-0.5555555555555555555555555555,4,SLEEP,Z,0.1201391,0.273196
3/7/5/2/6/3/7/3/7 3 3,X,-0.5555555555555555555555555555,6,SLEEP,Z,0.0418039,0.1197229
3/7/5/2/6/3/7/7/6 3 3,X,-0.6111111111111111111111111112,2,SLEEP,Z,0.03518957,0.1583203
3/7/5/2/6/3/7/7/5 3 3,X,-0.5555555555555555555555555555,4,SLEEP,Z,0.1435723,0.2859232
3/7/5/2/6/3/7/7/3 3 3,X,0.60,2,SLEEP,Z,0,0
3/7/5/2/6/7/2/7/7 3 3,X,-0.5555555555555555555555555555,2,SLEEP,Z,0.03099832,0.1163539
3/7/5/2/6/7/6/6/7 3 3,X,-0.6111111111111111111111111112,8,SLEEP,Z,0.08524897,0.3246217
3/7/5/2/6/7/6/5/7 3 3,X,-0.6111111111111111111111111112,6,SLEEP,Z,0.04932585,0.2002121
3/7/5/2/6/7/6/3/7 3 3,X,-0.6111111111111111111111111112,8,SLEEP,Z,0.04785872,0.2112673
3/7/5/2/6/7/6/7/6 3 3,X,-0.6666666666666666666666666667,8,SLEEP,Z,0.05783373,0.258907
3/7/5/2/6/7/6/7/5 3 3,X,-0.6111111111111111111111111112,8,SLEEP,Z,0.05511822,0.2378236
3/7/5/2/6/7/6/7/3 3 3,X,0.7,2,SLEEP,Z,0.03324903,0.1129884
3/7/5/2/6/7/5/6/7 3 3,X,-0.5555555555555555555555555555,8,SLEEP,Z,0.1690917,0.3346054
3/7/5/2/6/7/5/5/7 3 3,X,-0.5555555555555555555555555555,4,SLEEP,Z,0.03037265,0.1200348
3/7/5/2/6/7/5/3/7 3 3,X,-0.5555555555555555555555555555,6,SLEEP,Z,0.04913826,0.1876073
3/7/5/2/6/7/5/7/6 3 3,X,-0.6111111111111111111111111112,4,SLEEP,Z,0.05245305,0.2083529
3/7/5/2/6/7/5/7/5 3 3,X,-0.5555555555555555555555555555,6,SLEEP,Z,0.1167614,0.2960707
3/7/5/2/6/7/5/7/3 3 3,X,0.6,2,SLEEP,Z,0.01532732,0.046791
3/7/5/2/6/7/3/6/7 3 3,X,0.6,8,SLEEP,Z,0.1399876,0.2587633
3/7/5/2/6/7/3/5/7 3 3,X,0.6,6,SLEEP,Z,0.02043302,0.07238191
3/7/5/2/6/7/3/3/7 3 3,X,0.6,8,SLEEP,Z,0.02203228,0.08989424
3/7/5/2/6/7/3/7/6 3 3,X,-0.7,4,SLEEP,Z,0.04360788,0.1695687
3/7/5/2/6/7/3/7/5 3 3,X,0.6,8,SLEEP,Z,0.05619603,0.08012315
3/7/5/2/6/7/3/7/3 3 3,X,0.7,4,SLEEP,Z,0.08832248,0.1063859
3/7/5/2/6/7/7/2/7 3 3,X,-0.5555555555555555555555555555,6,SLEEP,Z,0.03874039,0.1184284
3/7/5/2/6/7/7/6/6 3 3,X,-0.6111111111111111111111111112,6,SLEEP,Z,0.04775031,0.2157443
3/7/5/2/6/7/7/6/5 3 3,X,-0.5555555555555555555555555555,4,SLEEP,Z,0.03571204,0.1407811
3/7/5/2/6/7/7/6/3 3 3,X,0.6,8,SLEEP,Z,0.03577121,0.1234531
3/7/5/2/6/7/7/5/6 3 3,X,-0.6111111111111111111111111112,6,SLEEP,Z,0.1474705,0.3382705
3/7/5/2/6/7/7/5/5 3 3,X,-0.5555555555555555555555555555,4,SLEEP,Z,0.04383668,0.195668
3/7/5/2/6/7/7/5/3 3 3,X,0.6,20,SLEEP,Z,0.110306,0.4000614
3/7/5/2/6/7/7/3/6 3 3,X,-0.6111111111111111111111111112,8,SLEEP,Z,0.122052,0.3492571
3/7/5/2/6/7/7/3/5 3 3,X,-0.5555555555555555555555555555,4,SLEEP,Z,0.1123691,0.2841057
3/7/5/2/6/7/7/3/3 3 3,X,0.6,4,SLEEP,Z,0.02040715,0.07204875
3/7/5/2/6/7/7/7/4 3 3,X,-0.6111111111111111111111111112,6,SLEEP,Z,0.06976584,0.2943729
3/7/5/2/6/7/7/7/2 3 3,X,-0.5555555555555555555555555555,2,SLEEP,Z,0.04961713,0.1412828
3/7/5/2/6/7/7/7/1 3 3,X,0.6,2,SLEEP,Z,0.07089604,0.1393737
3/7/5/2/5/2/7/7/7 3 3,X,-0.5,4,SLEEP,Z,0.0338972,0.1291629
3/7/5/2/5/6/6/7/7 3 3,X,-0.5555555555555555555555555555,6,SLEEP,Z,0.06849267,0.2365695
3/7/5/2/5/6/5/7/7 3 3,X,-0.5,4,SLEEP,Z,0.03492856,0.1399274
3/7/5/2/5/6/3/7/7 3 3,Z,0.5,4,SLEEP,Z,0.03298309,0.1274603
3/7/5/2/5/6/7/6/7 3 3,X,-0.5,8,SLEEP,Z,0.1025817,0.3196162
3/7/5/2/5/6/7/5/7 3 3,X,-0.5,4,SLEEP,Z,0.05226035,0.180922
3/7/5/2/5/6/7/3/7 3 3,Z,0.625,6,SLEEP,Z,0.03410169,0.1392133
3/7/5/2/5/6/7/7/6 3 3,X,-0.5555555555555555555555555555,8,SLEEP,Z,0.07802217,0.3668762
3/7/5/2/5/6/7/7/5 3 3,X,-0.5,6,SLEEP,Z,0.04073571,0.1732568
3/7/5/2/5/6/7/7/3 3 3,Z,0.5,6,SLEEP,Z,0.07712498,0.239193
3/7/5/2/5/5/6/7/7 3 3,X,-0.5555555555555555555555555555,6,SLEEP,Z,0.07038803,0.3885241
3/7/5/2/5/5/5/7/7 3 3,X,-0.5,4,SLEEP,Z,0.02887315,0.1257583
3/7/5/2/5/5/3/7/7 3 3,X,-0.5,4,SLEEP,Z,0.05264042,0.1006789
3/7/5/2/5/5/7/6/7 3 3,X,-0.5,8,SLEEP,Z,0.03533739,0.1468558
3/7/5/2/5/5/7/5/7 3 3,X,-0.5,4,SLEEP,Z,0.04129811,0.4102872
3/7/5/2/5/5/7/3/7 3 3,X,-0.5,6,SLEEP,Z,0.0800459,0.4166866
3/7/5/2/5/5/7/7/6 3 3,X,-0.5555555555555555555555555555,4,SLEEP,Z,0.06384303,0.4284787
3/7/5/2/5/5/7/7/5 3 3,X,-0.5,4,SLEEP,Z,0.0437821,0.2352187
3/7/5/2/5/5/7/7/3 3 3,X,-0.4444444444444444444444444445,4,SLEEP,Z,0.02290173,0.07933687
3/7/5/2/5/3/6/7/7 3 3,X,-0.5555555555555555555555555555,6,SLEEP,Z,0.0472402,0.1933197
3/7/5/2/5/3/5/7/7 3 3,X,-0.5,4,SLEEP,Z,0.08189705,0.3072896
3/7/5/2/5/3/3/7/7 3 3,Z,-0.5,6,SLEEP,Z,0.02908568,0.135267
3/7/5/2/5/3/7/6/7 3 3,Z,-0.625,2,SLEEP,Z,0.05424953,0.1049063
3/7/5/2/5/3/7/5/7 3 3,X,-0.5,2,SLEEP,Z,0.04232512,0.2002271
3/7/5/2/5/3/7/3/7 3 3,X,-0.5,8,SLEEP,Z,0.08155008,0.3064252
3/7/5/2/5/3/7/7/6 3 3,X,-0.5555555555555555555555555555,6,SLEEP,Z,0.03394045,0.1911013
3/7/5/2/5/3/7/7/5 3 3,X,-0.5,4,SLEEP,Z,0.06265915,0.2199365
3/7/5/2/5/3/7/7/3 3 3,Z,-0.5,4,SLEEP,Z,0.01521521,0.06692509
3/7/5/2/5/7/2/7/7 3 3,X,-0.5,4,SLEEP,Z,0.03357171,0.1492956
3/7/5/2/5/7/6/6/7 3 3,X,-0.5555555555555555555555555555,4,SLEEP,Z,0.03414312,0.1541042
3/7/5/2/5/7/6/5/7 3 3,X,-0.5555555555555555555555555555,6,SLEEP,Z,0.05242585,0.2331647
3/7/5/2/5/7/6/3/7 3 3,X,-0.5555555555555555555555555555,4,SLEEP,Z,0.04863433,0.1958439
3/7/5/2/5/7/6/7/6 3 3,X,-0.6111111111111111111111111112,6,SLEEP,Z,0.08822501,0.3621583
3/7/5/2/5/7/6/7/5 3 3,X,-0.5555555555555555555555555555,4,SLEEP,Z,0.08483394,0.3655634
3/7/5/2/5/7/6/7/3 3 3,X,0.7,4,SLEEP,Z,0.03293071,0.1396843
3/7/5/2/5/7/5/6/7 3 3,X,-0.5,4,SLEEP,Z,0.07034134,0.2322378
3/7/5/2/5/7/5/5/7 3 3,X,-0.5,4,SLEEP,Z,0.02468554,0.1134423
3/7/5/2/5/7/5/3/7 3 3,X,-0.5,4,SLEEP,Z,0.06254227,0.227585
3/7/5/2/5/7/5/7/6 3 3,X,-0.5555555555555555555555555555,6,SLEEP,Z,0.07382998,0.3121523
3/7/5/2/5/7/5/7/5 3 3,X,-0.5,4,SLEEP,Z,0.02713581,0.1186686
3/7/5/2/5/7/5/7/3 3 3,X,-0.4444444444444444444444444445,2,SLEEP,Z,0.04035376,0.1384931
3/7/5/2/5/7/3/6/7 3 3,X,-0.5,10,SLEEP,Z,0.05462955,0.2084379
3/7/5/2/5/7/3/5/7 3 3,X,-0.5,6,SLEEP,Z,0.04187591,0.1121041
3/7/5/2/5/7/3/3/7 3 3,X,-0.5,4,SLEEP,Z,0.03273125,0.110602
3/7/5/2/5/7/3/7/6 3 3,X,-0.7,6,SLEEP,Z,0.04251294,0.1822879
3/7/5/2/5/7/3/7/5 3 3,X,-0.5,2,SLEEP,Z,0.01899539,0.08451264
3/7/5/2/5/7/3/7/3 3 3,X,-0.3888888888888888888888888888,4,SLEEP,Z,0.03188198,0.1490074
3/7/5/2/5/7/7/2/7 3 3,X,-0.5,8,SLEEP,Z,0.03013518,0.1355486
3/7/5/2/5/7/7/6/6 3 3,X,-0.5555555555555555555555555555,8,SLEEP,Z,0.04957302,0.1932054
3/7/5/2/5/7/7/6/5 3 3,X,-0.5,6,SLEEP,Z,0.03603662,0.1531916
3/7/5/2/5/7/7/6/3 3 3,Z,0.5,2,SLEEP,Z,0.04399069,0.1738347
3/7/5/2/5/7/7/5/6 3 3,X,-0.5555555555555555555555555555,4,SLEEP,Z,0.02690026,0.1222941
3/7/5/2/5/7/7/5/5 3 3,X,-0.5,2,SLEEP,Z,0.02747156,0.1260915
3/7/5/2/5/7/7/5/3 3 3,X,-0.4444444444444444444444444445,4,SLEEP,Z,0.03143953,0.1189168
3/7/5/2/5/7/7/3/6 3 3,X,-0.5555555555555555555555555555,6,SLEEP,Z,0.04957552,0.2220444
3/7/5/2/5/7/7/3/5 3 3,X,-0.5,8,SLEEP,Z,0.04661524,0.1465872
3/7/5/2/5/7/7/3/3 3 3,Z,-0.5,2,SLEEP,Z,0.02296077,0.09500676
3/7/5/2/5/7/7/7/4 3 3,X,-0.5555555555555555555555555555,4,SLEEP,Z,0.03876708,0.1787014
3/7/5/2/5/7/7/7/2 3 3,X,-0.5,6,SLEEP,Z,0.05573137,0.25453
3/7/5/2/5/7/7/7/1 3 3,X,-0.4444444444444444444444444445,4,SLEEP,Z,0.03194512,0.1384113
3/7/5/2/3/2/7/7/7 3 3,X,-0.5,6,SLEEP,Z,0.05567618,0.4233652
3/7/5/2/3/6/6/7/7 3 3,X,-0.60,4,SLEEP,Z,0.04982033,0.1775204
3/7/5/2/3/6/5/7/7 3 3,X,-0.5,8,SLEEP,Z,0.0757394,0.3335891
3/7/5/2/3/6/3/7/7 3 3,Z,0.5,6,SLEEP,Z,0.05889862,0.2079178
3/7/5/2/3/6/7/6/7 3 3,X,-0.5,8,SLEEP,Z,0.07189352,0.2555843
3/7/5/2/3/6/7/5/7 3 3,X,-0.5,4,SLEEP,Z,0.08252093,0.4336728
3/7/5/2/3/6/7/3/7 3 3,Z,0.625,8,SLEEP,Z,0.1001226,0.2986362
3/7/5/2/3/6/7/7/6 3 3,X,-0.60,8,SLEEP,Z,0.08075799,0.263794
3/7/5/2/3/6/7/7/5 3 3,X,-0.5,8,SLEEP,Z,0.03475438,0.1379062
3/7/5/2/3/6/7/7/3 3 3,Z,0.5,4,SLEEP,Z,0.03707619,0.1495681
3/7/5/2/3/5/6/7/7 3 3,X,-0.60,6,SLEEP,Z,0.1132583,0.3143313
3/7/5/2/3/5/5/7/7 3 3,X,-0.5,6,SLEEP,Z,0.04828126,0.164038
3/7/5/2/3/5/3/7/7 3 3,X,-0.5,4,SLEEP,Z,0.03102883,0.1166486
3/7/5/2/3/5/7/6/7 3 3,X,-0.5,6,SLEEP,Z,0.05953319,0.2010162
3/7/5/2/3/5/7/5/7 3 3,X,-0.5,6,SLEEP,Z,0.1122821,0.4631338
3/7/5/2/3/5/7/3/7 3 3,X,-0.5,6,SLEEP,Z,0.04957522,0.1881425
3/7/5/2/3/5/7/7/6 3 3,X,-0.60,4,SLEEP,Z,0.04528037,0.1795413
3/7/5/2/3/5/7/7/5 3 3,X,-0.5,8,SLEEP,Z,0.05081763,0.2078576
3/7/5/2/3/5/7/7/3 3 3,X,-0.40,4,SLEEP,Z,0.04848684,0.1737835
3/7/5/2/3/3/6/7/7 3 3,X,-0.60,4,SLEEP,Z,0.1026276,0.267937
3/7/5/2/3/3/5/7/7 3 3,X,-0.5,6,SLEEP,Z,0.04817501,0.2281913
3/7/5/2/3/3/3/7/7 3 3,Z,-0.5,4,SLEEP,Z,0.03640727,0.1324965
3/7/5/2/3/3/7/6/7 3 3,Z,-0.625,6,SLEEP,Z,0.05229939,0.1869524
3/7/5/2/3/3/7/5/7 3 3,X,-0.5,10,SLEEP,Z,0.03766254,0.1431616
3/7/5/2/3/3/7/3/7 3 3,X,-0.5,8,SLEEP,Z,0.09275581,0.2662458
3/7/5/2/3/3/7/7/6 3 3,X,-0.60,8,SLEEP,Z,0.07384867,0.2522917
3/7/5/2/3/3/7/7/5 3 3,X,-0.5,10,SLEEP,Z,0.04424889,0.1743824
3/7/5/2/3/3/7/7/3 3 3,Z,-0.5,2,SLEEP,Z,0.03005781,0.1160017
3/7/5/2/3/7/2/7/7 3 3,X,-0.5,8,SLEEP,Z,0.05345614,0.1993652
3/7/5/2/3/7/6/6/7 3 3,X,-0.6,8,SLEEP,Z,0.08191139,0.3177105
3/7/5/2/3/7/6/5/7 3 3,X,-0.6,6,SLEEP,Z,0.05441517,0.2162228
3/7/5/2/3/7/6/3/7 3 3,X,-0.6,8,SLEEP,Z,0.05390594,0.2210413
3/7/5/2/3/7/6/7/6 3 3,X,-0.7,6,SLEEP,Z,0.08225805,0.3198994
3/7/5/2/3/7/6/7/5 3 3,X,-0.6,8,SLEEP,Z,0.08098603,0.3230219
3/7/5/2/3/7/6/7/3 3 3,X,0.7,6,SLEEP,Z,0.02654645,0.1120165
3/7/5/2/3/7/5/6/7 3 3,X,-0.5,6,SLEEP,Z,0.05758815,0.1617901
3/7/5/2/3/7/5/5/7 3 3,X,-0.5,4,SLEEP,Z,0.03621058,0.144737
3/7/5/2/3/7/5/3/7 3 3,X,-0.5,6,SLEEP,Z,0.03466599,0.1386409
3/7/5/2/3/7/5/7/6 3 3,X,-0.6,6,SLEEP,Z,0.05826611,0.2232654
3/7/5/2/3/7/5/7/5 3 3,X,-0.5,6,SLEEP,Z,0.05613897,0.2317352
3/7/5/2/3/7/5/7/3 3 3,X,-0.4,4,SLEEP,Z,0.02390659,0.09442869
3/7/5/2/3/7/3/6/7 3 3,X,-0.5,8,SLEEP,Z,0.05699432,0.1851123
3/7/5/2/3/7/3/5/7 3 3,X,-0.5,6,SLEEP,Z,0.05332613,0.1752465
3/7/5/2/3/7/3/3/7 3 3,X,-0.5,4,SLEEP,Z,0.02735815,0.1084683
3/7/5/2/3/7/3/7/6 3 3,X,-0.7,6,SLEEP,Z,0.04718807,0.1835643
3/7/5/2/3/7/3/7/5 3 3,X,-0.5,4,SLEEP,Z,0.03338537,0.1253953
3/7/5/2/3/7/3/7/3 3 3,X,-0.3333333333333333333333333333,4,SLEEP,Z,0.0263944,0.1045786
3/7/5/2/3/7/7/2/7 3 3,X,-0.5,4,SLEEP,Z,0.04034242,0.1716808
3/7/5/2/3/7/7/6/6 3 3,X,-0.6,6,SLEEP,Z,0.07199549,0.2483802
3/7/5/2/3/7/7/6/5 3 3,X,-0.5,12,SLEEP,Z,0.04653552,0.1798967
3/7/5/2/3/7/7/6/3 3 3,Z,0.5,6,SLEEP,Z,0.0491689,0.1894868
3/7/5/2/3/7/7/5/6 3 3,X,-0.6,4,SLEEP,Z,0.05565198,0.2023734
3/7/5/2/3/7/7/5/5 3 3,X,-0.5,2,SLEEP,Z,0.02903727,0.1219502
3/7/5/2/3/7/7/5/3 3 3,X,-0.4,4,SLEEP,Z,0.0601334,0.186196
3/7/5/2/3/7/7/3/6 3 3,X,-0.6,6,SLEEP,Z,0.04843823,0.1954475
3/7/5/2/3/7/7/3/5 3 3,X,-0.5,16,SLEEP,Z,0.04122317,0.1692753
3/7/5/2/3/7/7/3/3 3 3,Z,-0.5,4,SLEEP,Z,0.06269401,0.2655891
3/7/5/2/3/7/7/7/4 3 3,X,-0.6,6,SLEEP,Z,0.05182941,0.2196921
3/7/5/2/3/7/7/7/2 3 3,X,-0.5,6,SLEEP,Z,0.04476316,0.1801741
3/7/5/2/3/7/7/7/1 3 3,X,-0.4,4,SLEEP,Z,0.04401773,0.1624041
3/7/5/2/7/2/6/7/7 3 3,X,-0.5555555555555555555555555555,8,SLEEP,Z,0.1065398,0.2660363
3/7/5/2/7/2/5/7/7 3 3,X,-0.5,6,SLEEP,Z,0.03672636,0.150748
3/7/5/2/7/2/3/7/7 3 3,X,-0.5,6,SLEEP,Z,0.04331758,0.4183778
3/7/5/2/7/2/7/6/7 3 3,X,-0.5,12,SLEEP,Z,0.08567019,0.2801211
3/7/5/2/7/2/7/5/7 3 3,X,-0.5,4,SLEEP,Z,0.03171496,0.1487725
3/7/5/2/7/2/7/3/7 3 3,X,-0.5,6,SLEEP,Z,0.03462666,0.1458582
3/7/5/2/7/2/7/7/6 3 3,X,-0.5555555555555555555555555555,8,SLEEP,Z,0.05601435,0.2340207
3/7/5/2/7/2/7/7/5 3 3,X,-0.5,6,SLEEP,Z,0.03913941,0.1691107
3/7/5/2/7/2/7/7/3 3 3,X,-0.4444444444444444444444444445,4,SLEEP,Z,0.03116788,0.1400769
3/7/5/2/7/6/2/7/7 3 3,X,-0.5,6,SLEEP,Z,0.05242843,0.1941388
3/7/5/2/7/6/6/6/7 3 3,X,-0.5555555555555555555555555555,10,SLEEP,Z,0.1455784,0.3419388
3/7/5/2/7/6/6/5/7 3 3,X,-0.5555555555555555555555555555,6,SLEEP,Z,0.07963759,0.2314988
3/7/5/2/7/6/6/3/7 3 3,Z,0.6428571428571428571428571429,6,SLEEP,Z,0.04264216,0.1933238
3/7/5/2/7/6/6/7/6 3 3,X,-0.6111111111111111111111111111,8,SLEEP,Z,0.07042692,0.3057382
3/7/5/2/7/6/6/7/5 3 3,X,-0.5555555555555555555555555555,8,SLEEP,Z,0.05249869,0.2445921
3/7/5/2/7/6/6/7/3 3 3,X,0.7,6,SLEEP,Z,0.02899123,0.1200761
3/7/5/2/7/6/5/6/7 3 3,X,-0.5,6,SLEEP,Z,0.05667123,0.2222779
3/7/5/2/7/6/5/5/7 3 3,X,-0.5,4,SLEEP,Z,0.05670347,0.243965
3/7/5/2/7/6/5/3/7 3 3,Z,0.6428571428571428571428571429,4,SLEEP,Z,0.06268162,0.4451819
3/7/5/2/7/6/5/7/6 3 3,X,-0.5555555555555555555555555555,8,SLEEP,Z,0.05264379,0.2449918
3/7/5/2/7/6/5/7/5 3 3,X,-0.5,6,SLEEP,Z,0.05965794,0.2605413
3/7/5/2/7/6/5/7/3 3 3,Z,0.5,6,SLEEP,Z,0.03792132,0.1320982
3/7/5/2/7/6/3/6/7 3 3,X,-0.5,10,SLEEP,Z,0.0855568,0.2975261
3/7/5/2/7/6/3/5/7 3 3,Z,0.5,4,SLEEP,Z,0.04427572,0.1830965
3/7/5/2/7/6/3/3/7 3 3,Z,0.6428571428571428571428571429,6,SLEEP,Z,0.02803493,0.1089249
3/7/5/2/7/6/3/7/6 3 3,X,-0.7,8,SLEEP,Z,0.06481335,0.4163256
3/7/5/2/7/6/3/7/5 3 3,Z,0.5,2,SLEEP,Z,0.03212406,0.1236181
3/7/5/2/7/6/3/7/3 3 3,Z,0.5,4,SLEEP,Z,0.02860381,0.1062492
3/7/5/2/7/6/7/2/7 3 3,X,-0.5,8,SLEEP,Z,0.06891993,0.2973581
3/7/5/2/7/6/7/6/6 3 3,X,-0.5555555555555555555555555555,6,SLEEP,Z,0.05328242,0.2083439
3/7/5/2/7/6/7/6/5 3 3,X,-0.5,8,SLEEP,Z,0.03469215,0.1364662
3/7/5/2/7/6/7/6/3 3 3,Z,0.5,6,SLEEP,Z,0.0438953,0.142206
3/7/5/2/7/6/7/5/6 3 3,X,-0.5555555555555555555555555555,6,SLEEP,Z,0.03471105,0.154115
3/7/5/2/7/6/7/5/5 3 3,X,-0.5,4,SLEEP,Z,0.03662213,0.1654511
3/7/5/2/7/6/7/5/3 3 3,Z,0.5,2,SLEEP,Z,0.02879657,0.1116927
3/7/5/2/7/6/7/3/6 3 3,Z,0.6428571428571428571428571429,6,SLEEP,Z,0.07793862,0.2758071
3/7/5/2/7/6/7/3/5 3 3,Z,0.6428571428571428571428571429,2,SLEEP,Z,0.02229977,0.09968618
3/7/5/2/7/6/7/3/3 3 3,Z,0.6428571428571428571428571429,4,SLEEP,Z,0.03138832,0.1323908
3/7/5/2/7/6/7/7/4 3 3,X,-0.5555555555555555555555555555,6,SLEEP,Z,0.04929963,0.1973438
3/7/5/2/7/6/7/7/2 3 3,X,-0.5,6,SLEEP,Z,0.07743063,0.2907556
3/7/5/2/7/6/7/7/1 3 3,Z,0.5,6,SLEEP,Z,0.02592768,0.116036
3/7/5/2/7/5/2/7/7 3 3,X,-0.5,4,SLEEP,Z,0.0358075,0.1304125
3/7/5/2/7/5/6/6/7 3 3,X,-0.5555555555555555555555555555,8,SLEEP,Z,0.07160172,0.2531297
3/7/5/2/7/5/6/5/7 3 3,X,-0.5555555555555555555555555555,6,SLEEP,Z,0.03684966,0.1767181
3/7/5/2/7/5/6/3/7 3 3,X,-0.5555555555555555555555555555,2,SLEEP,Z,0.0206445,0.08510397
3/7/5/2/7/5/6/7/6 3 3,X,-0.6111111111111111111111111111,6,SLEEP,Z,0.06490903,0.273223
3/7/5/2/7/5/6/7/5 3 3,X,-0.5555555555555555555555555555,6,SLEEP,Z,0.0596079,0.2813641
3/7/5/2/7/5/6/7/3 3 3,X,0.7,2,SLEEP,Z,0.01998033,0.08014362
3/7/5/2/7/5/5/6/7 3 3,X,-0.5,8,SLEEP,Z,0.04054527,0.1729811
3/7/5/2/7/5/5/5/7 3 3,X,-0.5,6,SLEEP,Z,0.02984855,0.1378904
3/7/5/2/7/5/5/3/7 3 3,X,-0.5,8,SLEEP,Z,0.03092501,0.1385192
3/7/5/2/7/5/5/7/6 3 3,X,-0.5555555555555555555555555555,6,SLEEP,Z,0.05426428,0.2340065
3/7/5/2/7/5/5/7/5 3 3,X,-0.5,2,SLEEP,Z,0.0321821,0.1380209
3/7/5/2/7/5/5/7/3 3 3,X,-0.4444444444444444444444444445,4,SLEEP,Z,0.05824104,0.3015648
3/7/5/2/7/5/3/6/7 3 3,X,-0.5,6,SLEEP,Z,0.0663646,0.2241606
3/7/5/2/7/5/3/5/7 3 3,X,-0.5,2,SLEEP,Z,0.02780814,0.09253
3/7/5/2/7/5/3/3/7 3 3,X,-0.5,4,SLEEP,Z,0.03882134,0.1451785
3/7/5/2/7/5/3/7/6 3 3,X,-0.7,4,SLEEP,Z,0.1173088,0.4673739
3/7/5/2/7/5/3/7/5 3 3,X,-0.5,4,SLEEP,Z,0.03521629,0.1194054
3/7/5/2/7/5/3/7/3 3 3,X,-0.3888888888888888888888888889,4,SLEEP,Z,0.02375856,0.0973069
3/7/5/2/7/5/7/2/7 3 3,X,-0.5,6,SLEEP,Z,0.04185978,0.1868121
3/7/5/2/7/5/7/6/6 3 3,X,-0.5555555555555555555555555555,8,SLEEP,Z,0.06526602,0.2817013
3/7/5/2/7/5/7/6/5 3 3,X,-0.5,8,SLEEP,Z,0.06951948,0.3625261
3/7/5/2/7/5/7/6/3 3 3,Z,0.5,6,SLEEP,Z,0.06416446,0.2060369
3/7/5/2/7/5/7/5/6 3 3,X,-0.5555555555555555555555555555,4,SLEEP,Z,0.03956469,0.178638
3/7/5/2/7/5/7/5/5 3 3,X,-0.5,2,SLEEP,Z,0.0260621,0.1198034
3/7/5/2/7/5/7/5/3 3 3,X,-0.4444444444444444444444444445,4,SLEEP,Z,0.05941533,0.146168
3/7/5/2/7/5/7/3/6 3 3,X,-0.5555555555555555555555555555,6,SLEEP,Z,0.0590655,0.2670943
3/7/5/2/7/5/7/3/5 3 3,X,-0.5,4,SLEEP,Z,0.03170252,0.1458839
3/7/5/2/7/5/7/3/3 3 3,Z,-0.5,6,SLEEP,Z,0.08455211,0.372755
3/7/5/2/7/5/7/7/4 3 3,X,-0.5555555555555555555555555555,6,SLEEP,Z,0.06157703,0.2919817
3/7/5/2/7/5/7/7/2 3 3,X,-0.5,4,SLEEP,Z,0.03403627,0.1487651
3/7/5/2/7/5/7/7/1 3 3,X,-0.4444444444444444444444444445,4,SLEEP,Z,0.020667,0.09410056
3/7/5/2/7/3/2/7/7 3 3,X,-0.5,6,SLEEP,Z,0.03200796,0.1323526
3/7/5/2/7/3/6/6/7 3 3,Z,-0.6428571428571428571428571429,6,SLEEP,Z,0.05702029,0.207985
3/7/5/2/7/3/6/5/7 3 3,X,-0.5555555555555555555555555555,4,SLEEP,Z,0.04593571,0.1441994
3/7/5/2/7/3/6/3/7 3 3,X,-0.5555555555555555555555555555,8,SLEEP,Z,0.1019884,0.3067944
3/7/5/2/7/3/6/7/6 3 3,X,-0.6111111111111111111111111111,8,SLEEP,Z,0.0780844,0.3114572
3/7/5/2/7/3/6/7/5 3 3,X,-0.5555555555555555555555555555,4,SLEEP,Z,0.03857515,0.1726131
3/7/5/2/7/3/6/7/3 3 3,X,0.7,2,SLEEP,Z,0.03055075,0.1328034
3/7/5/2/7/3/5/6/7 3 3,Z,-0.6428571428571428571428571429,8,SLEEP,Z,0.07238601,0.2218082
3/7/5/2/7/3/5/5/7 3 3,X,-0.5,4,SLEEP,Z,0.06127658,0.2813289
3/7/5/2/7/3/5/3/7 3 3,X,-0.5,6,SLEEP,Z,0.06997086,0.2346256
3/7/5/2/7/3/5/7/6 3 3,X,-0.5555555555555555555555555555,4,SLEEP,Z,0.03797922,0.1760266
3/7/5/2/7/3/5/7/5 3 3,X,-0.5,2,SLEEP,Z,0.03958149,0.1248809
3/7/5/2/7/3/5/7/3 3 3,Z,-0.5,4,SLEEP,Z,0.07933194,0.3020185
3/7/5/2/7/3/3/6/7 3 3,Z,-0.6428571428571428571428571429,4,SLEEP,Z,0.03331796,0.1334991
3/7/5/2/7/3/3/5/7 3 3,Z,-0.5,4,SLEEP,Z,0.03596992,0.1707574
3/7/5/2/7/3/3/3/7 3 3,X,-0.5,6,SLEEP,Z,0.05586645,0.1896608
3/7/5/2/7/3/3/7/6 3 3,X,-0.7,12,SLEEP,Z,0.07799718,0.4115983
3/7/5/2/7/3/3/7/5 3 3,Z,-0.5,2,SLEEP,Z,0,0
3/7/5/2/7/3/3/7/3 3 3,Z,-0.5,2,SLEEP,Z,0.01434792,0.05973939
3/7/5/2/7/3/7/2/7 3 3,X,-0.5,4,SLEEP,Z,0.02752104,0.1234691
3/7/5/2/7/3/7/6/6 3 3,Z,-0.6428571428571428571428571429,4,SLEEP,Z,0.0285952,0.1309722
3/7/5/2/7/3/7/6/5 3 3,Z,-0.6428571428571428571428571429,4,SLEEP,Z,0.03129369,0.1398718
3/7/5/2/7/3/7/6/3 3 3,Z,-0.6428571428571428571428571429,4,SLEEP,Z,0.01767847,0.07879097
3/7/5/2/7/3/7/5/6 3 3,X,-0.5555555555555555555555555555,8,SLEEP,Z,0.0505108,0.1873754
3/7/5/2/7/3/7/5/5 3 3,X,-0.5,4,SLEEP,Z,0.03599018,0.1634425
3/7/5/2/7/3/7/5/3 3 3,Z,-0.5,4,SLEEP,Z,0.04041966,0.1724907
3/7/5/2/7/3/7/3/6 3 3,X,-0.5555555555555555555555555555,6,SLEEP,Z,0.05637714,0.2452588
3/7/5/2/7/3/7/3/5 3 3,X,-0.5,4,SLEEP,Z,0.03597227,0.1512589
3/7/5/2/7/3/7/3/3 3 3,Z,-0.5,6,SLEEP,Z,0.03409707,0.1355546
3/7/5/2/7/3/7/7/4 3 3,X,-0.5555555555555555555555555555,6,SLEEP,Z,0.03908673,0.1981905
3/7/5/2/7/3/7/7/2 3 3,X,-0.5,10,SLEEP,Z,0.05657381,0.2536451
3/7/5/2/7/3/7/7/1 3 3,Z,-0.5,4,SLEEP,Z,0.03610989,0.1239687
3/7/5/2/7/7/2/6/7 3 3,X,-0.5,8,SLEEP,Z,0.08646963,0.3082372
3/7/5/2/7/7/2/5/7 3 3,X,-0.5,2,SLEEP,Z,0.02605809,0.1094572
3/7/5/2/7/7/2/3/7 3 3,X,-0.5,10,SLEEP,Z,0.1207696,0.3073074
3/7/5/2/7/7/2/7/6 3 3,X,-0.5555555555555555555555555555,4,SLEEP,Z,0.04380506,0.1052509
3/7/5/2/7/7/2/7/5 3 3,X,-0.5,4,SLEEP,Z,0.09457805,0.2531719
3/7/5/2/7/7/2/7/3 3 3,X,-0.4444444444444444444444444445,4,SLEEP,Z,0.03383199,0.1266556
3/7/5/2/7/7/6/2/7 3 3,X,-0.5555555555555555555555555555,8,SLEEP,Z,0.1606995,0.3867269
3/7/5/2/7/7/6/6/6 3 3,X,-0.6111111111111111111111111111,8,SLEEP,Z,0.06917359,0.3115566
3/7/5/2/7/7/6/6/5 3 3,X,-0.5555555555555555555555555555,8,SLEEP,Z,0.05064267,0.2125235
3/7/5/2/7/7/6/6/3 3 3,X,0.75,4,SLEEP,Z,0.03962496,0.1314194
3/7/5/2/7/7/6/5/6 3 3,X,-0.6111111111111111111111111111,8,SLEEP,Z,0.08697408,0.4126769
3/7/5/2/7/7/6/5/5 3 3,X,-0.5555555555555555555555555555,4,SLEEP,Z,0.03266763,0.1318199
3/7/5/2/7/7/6/5/3 3 3,X,0.75,4,SLEEP,Z,0.1468627,0.2482625
3/7/5/2/7/7/6/3/6 3 3,X,-0.6111111111111111111111111111,6,SLEEP,Z,0.07470346,0.3379516
3/7/5/2/7/7/6/3/5 3 3,X,-0.5555555555555555555555555555,4,SLEEP,Z,0.03827555,0.1705716
3/7/5/2/7/7/6/3/3 3 3,X,0.75,4,SLEEP,Z,0.02878224,0.09017599
3/7/5/2/7/7/6/7/4 3 3,X,-0.6111111111111111111111111111,10,SLEEP,Z,0.07856212,0.3634808
3/7/5/2/7/7/6/7/2 3 3,X,-0.5555555555555555555555555555,6,SLEEP,Z,0.04632243,0.2059994
3/7/5/2/7/7/6/7/1 3 3,X,0.75,2,SLEEP,Z,0.04059482,0.1827006
3/7/5/2/7/7/5/2/7 3 3,X,-0.5,8,SLEEP,Z,0.03726009,0.1649838
3/7/5/2/7/7/5/6/6 3 3,X,-0.5555555555555555555555555555,6,SLEEP,Z,0.04252341,0.1602924
3/7/5/2/7/7/5/6/5 3 3,X,-0.5,4,SLEEP,Z,0.06142199,0.2347861
3/7/5/2/7/7/5/6/3 3 3,Z,0.5,8,SLEEP,Z,0.03914794,0.1530602
3/7/5/2/7/7/5/5/6 3 3,X,-0.5555555555555555555555555555,4,SLEEP,Z,0.03348074,0.15723
3/7/5/2/7/7/5/5/5 3 3,X,-0.5,6,SLEEP,Z,0.05927219,0.266416
3/7/5/2/7/7/5/5/3 3 3,X,-0.4444444444444444444444444445,4,SLEEP,Z,0.04585634,0.359197
3/7/5/2/7/7/5/3/6 3 3,X,-0.5555555555555555555555555555,4,SLEEP,Z,0.05775604,0.2422498
3/7/5/2/7/7/5/3/5 3 3,X,-0.5,6,SLEEP,Z,0.05975192,0.2499584
3/7/5/2/7/7/5/3/3 3 3,Z,-0.5,6,SLEEP,Z,0.07512536,0.2522294
3/7/5/2/7/7/5/7/4 3 3,X,-0.5555555555555555555555555555,4,SLEEP,Z,0.03125044,0.1421281
3/7/5/2/7/7/5/7/2 3 3,X,-0.5,4,SLEEP,Z,0.0300496,0.1374999
3/7/5/2/7/7/5/7/1 3 3,X,-0.4444444444444444444444444445,2,SLEEP,Z,0.02420557,0.1130126
3/7/5/2/7/7/3/2/7 3 3,X,-0.5,6,SLEEP,Z,0.04313275,0.1622394
3/7/5/2/7/7/3/6/6 3 3,X,-0.75,4,SLEEP,Z,0.03295674,0.1301227
3/7/5/2/7/7/3/6/5 3 3,X,-0.5,6,SLEEP,Z,0.05395668,0.1974964
3/7/5/2/7/7/3/6/3 3 3,Z,0.5,4,SLEEP,Z,0.03662494,0.1250447
3/7/5/2/7/7/3/5/6 3 3,X,-0.75,4,SLEEP,Z,0.03655758,0.1393598
3/7/5/2/7/7/3/5/5 3 3,X,-0.5,6,SLEEP,Z,0.04008896,0.3680627
3/7/5/2/7/7/3/5/3 3 3,X,-0.3888888888888888888888888889,2,SLEEP,Z,0.01473213,0.06527886
3/7/5/2/7/7/3/3/6 3 3,X,-0.75,4,SLEEP,Z,0.03394046,0.1494675
3/7/5/2/7/7/3/3/5 3 3,X,-0.5,4,SLEEP,Z,0.03151418,0.1246642
3/7/5/2/7/7/3/3/3 3 3,Z,-0.5,2,SLEEP,Z,0.02071114,0.08486246
3/7/5/2/7/7/3/7/4 3 3,X,-0.75,2,SLEEP,Z,0.03242179,0.1345652
3/7/5/2/7/7/3/7/2 3 3,X,-0.5,2,SLEEP,Z,0.02941412,0.1227142
3/7/5/2/7/7/3/7/1 3 3,X,-0.3888888888888888888888888889,2,SLEEP,Z,0.01515894,0.06787
3/7/5/2/7/7/7/2/6 3 3,X,-0.5555555555555555555555555555,6,SLEEP,Z,0.0556746,0.181284
3/7/5/2/7/7/7/2/5 3 3,X,-0.5,8,SLEEP,Z,0.03683289,0.1701395
3/7/5/2/7/7/7/2/3 3 3,X,-0.4444444444444444444444444445,8,SLEEP,Z,0.02012392,0.09259348
3/7/5/2/7/7/7/6/4 3 3,X,-0.5555555555555555555555555555,6,SLEEP,Z,0.06413892,0.2912023
3/7/5/2/7/7/7/6/2 3 3,X,-0.5,2,SLEEP,Z,0.03618319,0.1505907
3/7/5/2/7/7/7/6/1 3 3,Z,0.5,4,SLEEP,Z,0.04186805,0.1654032
3/7/5/2/7/7/7/5/4 3 3,X,-0.5555555555555555555555555555,8,SLEEP,Z,0.09792403,0.3651351
3/7/5/2/7/7/7/5/2 3 3,X,-0.5,4,SLEEP,Z,0.03009522,0.1269989
3/7/5/2/7/7/7/5/1 3 3,X,-0.4444444444444444444444444445,6,SLEEP,Z,0.02507907,0.1066416
3/7/5/2/7/7/7/3/4 3 3,X,-0.5555555555555555555555555555,6,SLEEP,Z,0.05095477,0.2273701
3/7/5/2/7/7/7/3/2 3 3,X,-0.5,2,SLEEP,Z,0.02236521,0.104654
3/7/5/2/7/7/7/3/1 3 3,Z,-0.5,2,SLEEP,Z,0.01822454,0.07744452
3/7/5/6/2/2/7/7/7 3 3,X,-0.5,8,SLEEP,Z,0.132253,0.2989649
3/7/5/6/2/6/6/7/7 3 3,X,-0.5555555555555555555555555555,4,SLEEP,Z,0.1129472,0.2884773
3/7/5/6/2/6/5/7/7 3 3,X,-0.5,6,SLEEP,Z,0.04574407,0.173828
3/7/5/6/2/6/3/7/7 3 3,Z,0.5,6,SLEEP,Z,0.1301975,0.4189928
3/7/5/6/2/6/7/6/7 3 3,X,-0.5,4,SLEEP,Z,0.03000556,0.1254367
3/7/5/6/2/6/7/5/7 3 3,X,-0.5,6,SLEEP,Z,0.06986585,0.196395
3/7/5/6/2/6/7/3/7 3 3,Z,0.625,6,SLEEP,Z,0.05480972,0.1713553
3/7/5/6/2/6/7/7/6 3 3,X,-0.5555555555555555555555555555,4,SLEEP,Z,0.03959482,0.1453294
3/7/5/6/2/6/7/7/5 3 3,X,-0.5,4,SLEEP,Z,0.05219531,0.1899936
3/7/5/6/2/6/7/7/3 3 3,Z,0.5,6,SLEEP,Z,0.112951,0.1707302
3/7/5/6/2/5/6/7/7 3 3,X,-0.5555555555555555555555555555,4,SLEEP,Z,0.05523124,0.1970902
3/7/5/6/2/5/5/7/7 3 3,X,-0.5,6,SLEEP,Z,0.05158662,0.171163
3/7/5/6/2/5/3/7/7 3 3,Z,0.5,4,SLEEP,Z,0.01842291,0.06250775
3/7/5/6/2/5/7/6/7 3 3,X,-0.5,4,SLEEP,Z,0.06618806,0.1695043
3/7/5/6/2/5/7/5/7 3 3,X,-0.5,4,SLEEP,Z,0.09017034,0.2341201
3/7/5/6/2/5/7/3/7 3 3,Z,0.5909090909090909090909090909,6,SLEEP,Z,0.06442384,0.2173576
3/7/5/6/2/5/7/7/6 3 3,X,-0.5555555555555555555555555555,6,SLEEP,Z,0.06147358,0.2339552
3/7/5/6/2/5/7/7/5 3 3,X,-0.5,6,SLEEP,Z,0.05198584,0.1750488
3/7/5/6/2/5/7/7/3 3 3,Z,0.5,2,SLEEP,Z,0.01916547,0.07268539
3/7/5/6/2/3/6/7/7 3 3,Z,0.5909090909090909090909090909,4,SLEEP,Z,0.05806021,0.2079678
3/7/5/6/2/3/5/7/7 3 3,Z,0.5909090909090909090909090909,6,SLEEP,Z,0.04570168,0.1720483
3/7/5/6/2/3/3/7/7 3 3,Z,0.5909090909090909090909090909,6,SLEEP,Z,0.04370517,0.1367133
3/7/5/6/2/3/7/6/7 3 3,Z,-0.625,6,SLEEP,Z,0.04515088,0.1461252
3/7/5/6/2/3/7/5/7 3 3,Z,0.5909090909090909090909090909,6,SLEEP,Z,0.03807777,0.1276947
3/7/5/6/2/3/7/3/7 3 3,Z,0.6818181818181818181818181818,6,SLEEP,Z,0.06131608,0.2088384
3/7/5/6/2/3/7/7/6 3 3,Z,0.5909090909090909090909090909,6,SLEEP,Z,0.05350282,0.2058562
3/7/5/6/2/3/7/7/5 3 3,Z,0.5909090909090909090909090909,6,SLEEP,Z,0.0391684,0.1451968
3/7/5/6/2/3/7/7/3 3 3,Z,0.5909090909090909090909090909,6,SLEEP,Z,0.1165043,0.203585
3/7/5/6/2/7/2/7/7 3 3,X,-0.5,6,SLEEP,Z,0.04948583,0.17696
3/7/5/6/2/7/6/6/7 3 3,X,-0.5555555555555555555555555555,4,SLEEP,Z,0.07112575,0.2969425
3/7/5/6/2/7/6/5/7 3 3,X,-0.5555555555555555555555555555,6,SLEEP,Z,0.04545164,0.2104875
3/7/5/6/2/7/6/3/7 3 3,Z,0.5909090909090909090909090909,6,SLEEP,Z,0.05618782,0.2034041
3/7/5/6/2/7/6/7/6 3 3,X,-0.6111111111111111111111111111,8,SLEEP,Z,0.08052855,0.3755419
3/7/5/6/2/7/6/7/5 3 3,X,-0.5555555555555555555555555555,6,SLEEP,Z,0.07277606,0.2670817
3/7/5/6/2/7/6/7/3 3 3,X,0.7,4,SLEEP,Z,0.02946449,0.1007359
3/7/5/6/2/7/5/6/7 3 3,X,-0.5,4,SLEEP,Z,0.07484015,0.3890418
3/7/5/6/2/7/5/5/7 3 3,X,-0.5,6,SLEEP,Z,0.1116643,0.3658316
3/7/5/6/2/7/5/3/7 3 3,Z,0.5909090909090909090909090909,6,SLEEP,Z,0.05514795,0.1758047
3/7/5/6/2/7/5/7/6 3 3,X,-0.5555555555555555555555555555,6,SLEEP,Z,0.05127291,0.203365
3/7/5/6/2/7/5/7/5 3 3,X,-0.5,6,SLEEP,Z,0.04370259,0.1540755
3/7/5/6/2/7/5/7/3 3 3,Z,0.5,4,SLEEP,Z,0.02413017,0.09123793
3/7/5/6/2/7/3/6/7 3 3,X,-0.5,4,SLEEP,Z,0.0363166,0.1114873
3/7/5/6/2/7/3/5/7 3 3,Z,0.5,6,SLEEP,Z,0.03525092,0.1269543
3/7/5/6/2/7/3/3/7 3 3,Z,0.5909090909090909090909090909,6,SLEEP,Z,0.05149818,0.1725509
3/7/5/6/2/7/3/7/6 3 3,X,-0.7,4,SLEEP,Z,0.04087083,0.1590636
3/7/5/6/2/7/3/7/5 3 3,Z,0.5,4,SLEEP,Z,0.04593687,0.1471519
3/7/5/6/2/7/3/7/3 3 3,Z,0.5,4,SLEEP,Z,0.1229908,0.3623686
3/7/5/6/2/7/7/2/7 3 3,X,-0.5,4,SLEEP,Z,0.03464548,0.1412281
3/7/5/6/2/7/7/6/6 3 3,X,-0.5555555555555555555555555555,6,SLEEP,Z,0.08326606,0.3011269
3/7/5/6/2/7/7/6/5 3 3,X,-0.5,6,SLEEP,Z,0.1082464,0.2898387
3/7/5/6/2/7/7/6/3 3 3,Z,0.5,4,SLEEP,Z,0.0243028,0.08661222
3/7/5/6/2/7/7/5/6 3 3,X,-0.5555555555555555555555555555,6,SLEEP,Z,0.0468148,0.2043083
3/7/5/6/2/7/7/5/5 3 3,X,-0.5,6,SLEEP,Z,0.04957742,0.195721
3/7/5/6/2/7/7/5/3 3 3,Z,0.5,4,SLEEP,Z,0.02317979,0.07756738
3/7/5/6/2/7/7/3/6 3 3,Z,0.5909090909090909090909090909,8,SLEEP,Z,0.09958272,0.3614855
3/7/5/6/2/7/7/3/5 3 3,Z,0.5909090909090909090909090909,6,SLEEP,Z,0.05839058,0.2106008
3/7/5/6/2/7/7/3/3 3 3,Z,0.5909090909090909090909090909,6,SLEEP,Z,0.1479198,0.3651027
3/7/5/6/2/7/7/7/4 3 3,X,-0.5555555555555555555555555555,4,SLEEP,Z,0.04425421,0.1768489
3/7/5/6/2/7/7/7/2 3 3,X,-0.5,4,SLEEP,Z,0.03837151,0.1437545
3/7/5/6/2/7/7/7/1 3 3,Z,0.5,4,SLEEP,Z,0.02724962,0.09925912
3/7/5/6/6/2/6/7/7 3 3,X,-0.6111111111111111111111111111,6,SLEEP,Z,0.1913909,0.3321742
3/7/5/6/6/2/5/7/7 3 3,X,-0.5555555555555555555555555555,6,SLEEP,Z,0.1490705,0.2969208
3/7/5/6/6/2/3/7/7 3 3,X,0.6111111111111111111111111111,4,SLEEP,Z,0.04448764,0.07888857
3/7/5/6/6/2/7/6/7 3 3,X,-0.5555555555555555555555555555,4,SLEEP,Z,0.02368073,0.0930509
3/7/5/6/6/2/7/5/7 3 3,X,-0.5555555555555555555555555555,4,SLEEP,Z,0.03683509,0.1009782
3/7/5/6/6/2/7/3/7 3 3,Z,0.5909090909090909090909090909,6,SLEEP,Z,0.1256339,0.2995092
3/7/5/6/6/2/7/7/6 3 3,X,-0.6111111111111111111111111111,6,SLEEP,Z,0.06306934,0.2710027
3/7/5/6/6/2/7/7/5 3 3,X,-0.5555555555555555555555555555,6,SLEEP,Z,0.04745196,0.1479112
3/7/5/6/6/2/7/7/3 3 3,X,0.6111111111111111111111111111,2,SLEEP,Z,0.01256369,0.03965124
3/7/5/6/6/6/2/7/7 3 3,X,-0.5555555555555555555555555555,6,SLEEP,Z,0.05161059,0.1880752
3/7/5/6/6/6/6/6/7 3 3,X,-0.6111111111111111111111111111,4,SLEEP,Z,0.03283478,0.1311458
3/7/5/6/6/6/6/5/7 3 3,X,-0.6111111111111111111111111111,6,SLEEP,Z,0.06535919,0.2652319
3/7/5/6/6/6/6/3/7 3 3,Z,0.6428571428571428571428571429,6,SLEEP,Z,0.0842853,0.2580455
3/7/5/6/6/6/6/7/6 3 3,X,-0.6666666666666666666666666666,10,SLEEP,Z,0.1125448,0.367967
3/7/5/6/6/6/6/7/5 3 3,X,-0.6111111111111111111111111111,6,SLEEP,Z,0.05163257,0.220658
3/7/5/6/6/6/6/7/3 3 3,X,0.7,2,SLEEP,Z,0.03258763,0.1137464
3/7/5/6/6/6/5/6/7 3 3,X,-0.5555555555555555555555555555,4,SLEEP,Z,0.04137806,0.1506357
3/7/5/6/6/6/5/5/7 3 3,X,-0.5555555555555555555555555555,6,SLEEP,Z,0.04550951,0.1810749
3/7/5/6/6/6/5/3/7 3 3,Z,0.6428571428571428571428571429,6,SLEEP,Z,0.04670028,0.1601273
3/7/5/6/6/6/5/7/6 3 3,X,-0.6111111111111111111111111111,6,SLEEP,Z,0.1138771,0.3067375
3/7/5/6/6/6/5/7/5 3 3,X,-0.5555555555555555555555555555,8,SLEEP,Z,0.1278563,0.3672517
3/7/5/6/6/6/5/7/3 3 3,X,0.6111111111111111111111111111,4,SLEEP,Z,0.02214246,0.08594635
3/7/5/6/6/6/3/6/7 3 3,X,0.6111111111111111111111111111,2,SLEEP,Z,0.05273476,0.1086241
3/7/5/6/6/6/3/5/7 3 3,X,0.6111111111111111111111111111,2,SLEEP,Z,0.02313839,0.07850359
3/7/5/6/6/6/3/3/7 3 3,Z,0.6428571428571428571428571429,4,SLEEP,Z,0.03222441,0.08514877
3/7/5/6/6/6/3/7/6 3 3,X,-0.7,4,SLEEP,Z,0.1472691,0.3236223
3/7/5/6/6/6/3/7/5 3 3,X,0.6111111111111111111111111111,2,SLEEP,Z,0.03296822,0.09098177
3/7/5/6/6/6/3/7/3 3 3,X,0.7222222222222222222222222222,2,SLEEP,Z,0.03979192,0.09928161
3/7/5/6/6/6/7/2/7 3 3,X,-0.5555555555555555555555555555,8,SLEEP,Z,0.04534522,0.1603337
3/7/5/6/6/6/7/6/6 3 3,X,-0.6111111111111111111111111111,8,SLEEP,Z,0.05913343,0.2766301
3/7/5/6/6/6/7/6/5 3 3,X,-0.5555555555555555555555555555,2,SLEEP,Z,0.04285516,0.1924076
3/7/5/6/6/6/7/6/3 3 3,X,0.6111111111111111111111111111,4,SLEEP,Z,0.13558,0.2446951
3/7/5/6/6/6/7/5/6 3 3,X,-0.6111111111111111111111111111,6,SLEEP,Z,0.05615583,0.2521159
3/7/5/6/6/6/7/5/5 3 3,X,-0.5555555555555555555555555555,6,SLEEP,Z,0.04123808,0.1570862
3/7/5/6/6/6/7/5/3 3 3,X,0.6111111111111111111111111111,2,SLEEP,Z,0.02593837,0.08643577
3/7/5/6/6/6/7/3/6 3 3,Z,0.6428571428571428571428571429,6,SLEEP,Z,0.1354057,0.3478123
3/7/5/6/6/6/7/3/5 3 3,Z,0.6428571428571428571428571429,6,SLEEP,Z,0.09579962,0.2638218
3/7/5/6/6/6/7/3/3 3 3,Z,0.6428571428571428571428571429,4,SLEEP,Z,0.05020675,0.08775999
3/7/5/6/6/6/7/7/4 3 3,X,-0.6111111111111111111111111111,6,SLEEP,Z,0.04898845,0.222549
3/7/5/6/6/6/7/7/2 3 3,X,-0.5555555555555555555555555555,4,SLEEP,Z,0.05129683,0.1603982
3/7/5/6/6/6/7/7/1 3 3,X,0.6111111111111111111111111111,2,SLEEP,Z,0.009125662,0.03687994
3/7/5/6/6/5/2/7/7 3 3,X,-0.5555555555555555555555555555,4,SLEEP,Z,0.02290202,0.09754819
3/7/5/6/6/5/6/6/7 3 3,X,-0.6111111111111111111111111111,4,SLEEP,Z,0.04420753,0.1842684
3/7/5/6/6/5/6/5/7 3 3,X,-0.6111111111111111111111111111,2,SLEEP,Z,0.03597387,0.1346103
3/7/5/6/6/5/6/3/7 3 3,X,-0.6111111111111111111111111111,8,SLEEP,Z,0.06899241,0.2670363
3/7/5/6/6/5/6/7/6 3 3,X,-0.6666666666666666666666666666,8,SLEEP,Z,0.06869067,0.3071785
3/7/5/6/6/5/6/7/5 3 3,X,-0.6111111111111111111111111111,6,SLEEP,Z,0.06644526,0.2936312
3/7/5/6/6/5/6/7/3 3 3,X,0.7,6,SLEEP,Z,0.06173306,0.1572701
3/7/5/6/6/5/5/6/7 3 3,X,-0.5555555555555555555555555555,4,SLEEP,Z,0.1507903,0.3267591
3/7/5/6/6/5/5/5/7 3 3,X,-0.5555555555555555555555555555,4,SLEEP,Z,0.04877844,0.1580404
3/7/5/6/6/5/5/3/7 3 3,Z,0.5909090909090909090909090909,6,SLEEP,Z,0.1233779,0.2693351
3/7/5/6/6/5/5/7/6 3 3,X,-0.6111111111111111111111111111,6,SLEEP,Z,0.05800919,0.2531961
3/7/5/6/6/5/5/7/5 3 3,X,-0.5555555555555555555555555555,6,SLEEP,Z,0.0401878,0.1760718
3/7/5/6/6/5/5/7/3 3 3,X,0.6111111111111111111111111111,4,SLEEP,Z,0.02290726,0.07605758
3/7/5/6/6/5/3/6/7 3 3,X,0.6111111111111111111111111111,2,SLEEP,Z,0.0273459,0.09585289
3/7/5/6/6/5/3/5/7 3 3,X,0.6111111111111111111111111111,6,SLEEP,Z,0.03180105,0.1110625
3/7/5/6/6/5/3/3/7 3 3,X,0.6111111111111111111111111111,4,SLEEP,Z,0.03191205,0.06857984
3/7/5/6/6/5/3/7/6 3 3,X,-0.7,6,SLEEP,Z,0.04020891,0.1476123
3/7/5/6/6/5/3/7/5 3 3,X,0.6111111111111111111111111111,2,SLEEP,Z,0.02433246,0.0976083
3/7/5/6/6/5/3/7/3 3 3,X,0.7222222222222222222222222222,6,SLEEP,Z,0.1256918,0.1903226
3/7/5/6/6/5/7/2/7 3 3,X,-0.5555555555555555555555555555,4,SLEEP,Z,0.03562656,0.142661
3/7/5/6/6/5/7/6/6 3 3,X,-0.6111111111111111111111111111,6,SLEEP,Z,0.0583059,0.2418935
3/7/5/6/6/5/7/6/5 3 3,X,-0.5555555555555555555555555555,2,SLEEP,Z,0.0108753,0.02869444
3/7/5/6/6/5/7/6/3 3 3,X,0.6111111111111111111111111111,4,SLEEP,Z,0.02773408,0.1000728
3/7/5/6/6/5/7/5/6 3 3,X,-0.6111111111111111111111111111,4,SLEEP,Z,0.05681795,0.2455984
3/7/5/6/6/5/7/5/5 3 3,X,-0.5555555555555555555555555555,6,SLEEP,Z,0.1216757,0.354133
3/7/5/6/6/5/7/5/3 3 3,X,0.6111111111111111111111111111,6,SLEEP,Z,0.03306694,0.1327873
3/7/5/6/6/5/7/3/6 3 3,X,-0.6111111111111111111111111111,4,SLEEP,Z,0.04056995,0.1697859
3/7/5/6/6/5/7/3/5 3 3,Z,0.5909090909090909090909090909,4,SLEEP,Z,0.04560297,0.1694953
3/7/5/6/6/5/7/3/3 3 3,X,0.6111111111111111111111111111,8,SLEEP,Z,0.06940245,0.2270753
3/7/5/6/6/5/7/7/4 3 3,X,-0.6111111111111111111111111111,4,SLEEP,Z,0.04149401,0.1838336
3/7/5/6/6/5/7/7/2 3 3,X,-0.5555555555555555555555555555,6,SLEEP,Z,0.1198583,0.2706493
3/7/5/6/6/5/7/7/1 3 3,X,0.6111111111111111111111111111,4,SLEEP,Z,0.02851652,0.1019421
3/7/5/6/6/3/2/7/7 3 3,Z,0.5909090909090909090909090909,4,SLEEP,Z,0.04818559,0.1240926
3/7/5/6/6/3/6/6/7 3 3,Z,-0.6428571428571428571428571429,6,SLEEP,Z,0.07098682,0.2519455
3/7/5/6/6/3/6/5/7 3 3,X,-0.6111111111111111111111111111,6,SLEEP,Z,0.04548261,0.1763057
3/7/5/6/6/3/6/3/7 3 3,Z,0.6818181818181818181818181819,8,SLEEP,Z,0.06985524,0.2819616
3/7/5/6/6/3/6/7/6 3 3,X,-0.6666666666666666666666666666,10,SLEEP,Z,0.09660126,0.363189
3/7/5/6/6/3/6/7/5 3 3,X,-0.6111111111111111111111111111,6,SLEEP,Z,0.1068888,0.3284225
3/7/5/6/6/3/6/7/3 3 3,X,0.7,6,SLEEP,Z,0.09233641,0.2490443
3/7/5/6/6/3/5/6/7 3 3,Z,-0.6428571428571428571428571429,6,SLEEP,Z,0.1640336,0.3864785
3/7/5/6/6/3/5/5/7 3 3,Z,0.5909090909090909090909090909,4,SLEEP,Z,0.03459748,0.1115897
3/7/5/6/6/3/5/3/7 3 3,Z,0.6818181818181818181818181819,8,SLEEP,Z,0.1571253,0.3963166
3/7/5/6/6/3/5/7/6 3 3,X,-0.6111111111111111111111111111,4,SLEEP,Z,0.04099045,0.1614783
3/7/5/6/6/3/5/7/5 3 3,Z,0.5909090909090909090909090909,6,SLEEP,Z,0.03500392,0.1866041
3/7/5/6/6/3/5/7/3 3 3,X,0.6111111111111111111111111111,2,SLEEP,Z,0.04115992,0.07087593
3/7/5/6/6/3/3/6/7 3 3,Z,-0.6428571428571428571428571429,4,SLEEP,Z,0.04192929,0.1266479
3/7/5/6/6/3/3/5/7 3 3,X,0.6111111111111111111111111111,4,SLEEP,Z,0.02351258,0.08269543
3/7/5/6/6/3/3/3/7 3 3,Z,0.6818181818181818181818181819,6,SLEEP,Z,0.0426987,0.1498109
3/7/5/6/6/3/3/7/6 3 3,X,-0.7,4,SLEEP,Z,0.04336553,0.1359018
3/7/5/6/6/3/3/7/5 3 3,X,0.6111111111111111111111111111,6,SLEEP,Z,0.11557,0.253427
3/7/5/6/6/3/3/7/3 3 3,X,0.7222222222222222222222222222,2,SLEEP,Z,0.03569516,0.1069223
3/7/5/6/6/3/7/2/7 3 3,Z,0.5909090909090909090909090909,4,SLEEP,Z,0.04153553,0.1156052
3/7/5/6/6/3/7/6/6 3 3,Z,-0.6428571428571428571428571429,8,SLEEP,Z,0.07174101,0.2868526
3/7/5/6/6/3/7/6/5 3 3,Z,-0.6428571428571428571428571429,6,SLEEP,Z,0.1542611,0.3398052
3/7/5/6/6/3/7/6/3 3 3,Z,-0.6428571428571428571428571429,4,SLEEP,Z,0.1164695,0.1581941
3/7/5/6/6/3/7/5/6 3 3,X,-0.6111111111111111111111111111,6,SLEEP,Z,0.04477783,0.1941858
3/7/5/6/6/3/7/5/5 3 3,Z,0.5909090909090909090909090909,4,SLEEP,Z,0.02450436,0.08333349
3/7/5/6/6/3/7/5/3 3 3,X,0.6111111111111111111111111111,4,SLEEP,Z,0.1400142,0.199165
3/7/5/6/6/3/7/3/6 3 3,Z,0.6818181818181818181818181819,8,SLEEP,Z,0.06217585,0.2462935
3/7/5/6/6/3/7/3/5 3 3,Z,0.6818181818181818181818181819,6,SLEEP,Z,0.03646912,0.1231249
3/7/5/6/6/3/7/3/3 3 3,Z,0.6818181818181818181818181819,6,SLEEP,Z,0.1741353,0.3328011
3/7/5/6/6/3/7/7/4 3 3,X,-0.6111111111111111111111111111,8,SLEEP,Z,0.06830766,0.3280458
3/7/5/6/6/3/7/7/2 3 3,Z,0.5909090909090909090909090909,2,SLEEP,Z,0.01535528,0.06374291
3/7/5/6/6/3/7/7/1 3 3,X,0.6111111111111111111111111111,6,SLEEP,Z,0.1143007,0.2486285
3/7/5/6/6/7/2/6/7 3 3,X,-0.5555555555555555555555555555,4,SLEEP,Z,0.04651065,0.1729942
3/7/5/6/6/7/2/5/7 3 3,X,-0.5555555555555555555555555555,6,SLEEP,Z,0.0555909,0.1808294
3/7/5/6/6/7/2/3/7 3 3,Z,0.5909090909090909090909090909,6,SLEEP,Z,0.1156482,0.283648
3/7/5/6/6/7/2/7/6 3 3,X,-0.6111111111111111111111111111,8,SLEEP,Z,0.05885848,0.2243872
3/7/5/6/6/7/2/7/5 3 3,X,-0.5555555555555555555555555555,2,SLEEP,Z,0.0256765,0.09358352
3/7/5/6/6/7/2/7/3 3 3,X,0.6111111111111111111111111111,4,SLEEP,Z,0.1846338,0.2442677
3/7/5/6/6/7/6/2/7 3 3,X,-0.6111111111111111111111111111,6,SLEEP,Z,0.06754144,0.2794577
3/7/5/6/6/7/6/6/6 3 3,X,-0.6666666666666666666666666666,8,SLEEP,Z,0.07393064,0.3212795
3/7/5/6/6/7/6/6/5 3 3,X,-0.6111111111111111111111111111,6,SLEEP,Z,0.05411391,0.2447647
3/7/5/6/6/7/6/6/3 3 3,X,0.75,4,SLEEP,Z,0.2366332,0.3366381
3/7/5/6/6/7/6/5/6 3 3,X,-0.6666666666666666666666666666,10,SLEEP,Z,0.09931437,0.3725503
3/7/5/6/6/7/6/5/5 3 3,X,-0.6111111111111111111111111111,6,SLEEP,Z,0.0452546,0.1908032
3/7/5/6/6/7/6/5/3 3 3,X,0.75,4,SLEEP,Z,0.04385109,0.1114987
3/7/5/6/6/7/6/3/6 3 3,X,-0.6666666666666666666666666666,8,SLEEP,Z,0.07770707,0.3554585
3/7/5/6/6/7/6/3/5 3 3,X,-0.6111111111111111111111111111,8,SLEEP,Z,0.06942008,0.2869614
3/7/5/6/6/7/6/3/3 3 3,X,0.75,4,SLEEP,Z,0.04014667,0.141216
3/7/5/6/6/7/6/7/4 3 3,X,-0.6666666666666666666666666666,12,SLEEP,Z,0.09786528,0.3757112
3/7/5/6/6/7/6/7/2 3 3,X,-0.6111111111111111111111111111,6,SLEEP,Z,0.05005265,0.22096
3/7/5/6/6/7/6/7/1 3 3,X,0.75,4,SLEEP,Z,0.04378036,0.1666148
3/7/5/6/6/7/5/2/7 3 3,X,-0.5555555555555555555555555555,4,SLEEP,Z,0.03790953,0.1582199
3/7/5/6/6/7/5/6/6 3 3,X,-0.6111111111111111111111111111,6,SLEEP,Z,0.0659719,0.2744482
3/7/5/6/6/7/5/6/5 3 3,X,-0.5555555555555555555555555555,6,SLEEP,Z,0.0431754,0.1655856
3/7/5/6/6/7/5/6/3 3 3,X,0.6111111111111111111111111111,2,SLEEP,Z,0.0272293,0.06971584
3/7/5/6/6/7/5/5/6 3 3,X,-0.6111111111111111111111111111,6,SLEEP,Z,0.05414062,0.231407
3/7/5/6/6/7/5/5/5 3 3,X,-0.5555555555555555555555555555,4,SLEEP,Z,0.03494732,0.1504105
3/7/5/6/6/7/5/5/3 3 3,X,0.6111111111111111111111111111,4,SLEEP,Z,0.04909352,0.1216659
3/7/5/6/6/7/5/3/6 3 3,X,-0.6111111111111111111111111111,8,SLEEP,Z,0.05747817,0.2484462
3/7/5/6/6/7/5/3/5 3 3,Z,0.5909090909090909090909090909,6,SLEEP,Z,0.03541303,0.1434127
3/7/5/6/6/7/5/3/3 3 3,X,0.6111111111111111111111111111,4,SLEEP,Z,0.03930325,0.119216
3/7/5/6/6/7/5/7/4 3 3,X,-0.6111111111111111111111111111,8,SLEEP,Z,0.06863665,0.2860406
3/7/5/6/6/7/5/7/2 3 3,X,-0.5555555555555555555555555555,4,SLEEP,Z,0.02842535,0.111224
3/7/5/6/6/7/5/7/1 3 3,X,0.6111111111111111111111111111,4,SLEEP,Z,0.04400466,0.131384
3/7/5/6/6/7/3/2/7 3 3,X,0.6111111111111111111111111111,4,SLEEP,Z,0.112639,0.2222916
3/7/5/6/6/7/3/6/6 3 3,X,-0.75,4,SLEEP,Z,0.05877627,0.2387394
3/7/5/6/6/7/3/6/5 3 3,X,0.6111111111111111111111111111,4,SLEEP,Z,0.1421025,0.2918015
3/7/5/6/6/7/3/6/3 3 3,X,0.7222222222222222222222222222,2,SLEEP,Z,0.01785395,0.03528945
3/7/5/6/6/7/3/5/6 3 3,X,-0.75,4,SLEEP,Z,0.03073817,0.1224132
3/7/5/6/6/7/3/5/5 3 3,X,0.6111111111111111111111111111,4,SLEEP,Z,0.0263698,0.103824
3/7/5/6/6/7/3/5/3 3 3,X,0.7222222222222222222222222222,4,SLEEP,Z,0.02620331,0.08985274
3/7/5/6/6/7/3/3/6 3 3,X,-0.75,6,SLEEP,Z,0.0581282,0.2035446
3/7/5/6/6/7/3/3/5 3 3,X,0.6111111111111111111111111111,8,SLEEP,Z,0.09499595,0.2547496
3/7/5/6/6/7/3/3/3 3 3,X,0.7222222222222222222222222222,4,SLEEP,Z,0.02762667,0.09419362
3/7/5/6/6/7/3/7/4 3 3,X,-0.75,4,SLEEP,Z,0.04116679,0.1612069
3/7/5/6/6/7/3/7/2 3 3,X,0.6111111111111111111111111111,4,SLEEP,Z,0.03424194,0.114384
3/7/5/6/6/7/3/7/1 3 3,X,0.7222222222222222222222222222,4,SLEEP,Z,0.1184786,0.3995253
3/7/5/6/6/7/7/2/6 3 3,X,-0.6111111111111111111111111111,8,SLEEP,Z,0.04256833,0.1946638
3/7/5/6/6/7/7/2/5 3 3,X,-0.5555555555555555555555555555,6,SLEEP,Z,0.04508956,0.1626152
3/7/5/6/6/7/7/2/3 3 3,X,0.6111111111111111111111111111,4,SLEEP,Z,0.03987765,0.1368923
3/7/5/6/6/7/7/6/4 3 3,X,-0.6111111111111111111111111111,8,SLEEP,Z,0.07918438,0.3293184
3/7/5/6/6/7/7/6/2 3 3,X,-0.5555555555555555555555555555,2,SLEEP,Z,0.02836945,0.1066188
3/7/5/6/6/7/7/6/1 3 3,X,0.6111111111111111111111111111,2,SLEEP,Z,0.1638972,0.311253
3/7/5/6/6/7/7/5/4 3 3,X,-0.6111111111111111111111111111,4,SLEEP,Z,0.1041838,0.3413123
3/7/5/6/6/7/7/5/2 3 3,X,-0.5555555555555555555555555555,6,SLEEP,Z,0.03688059,0.1443564
3/7/5/6/6/7/7/5/1 3 3,X,0.6111111111111111111111111111,4,SLEEP,Z,0.1057645,0.2516277
3/7/5/6/6/7/7/3/4 3 3,X,-0.6111111111111111111111111111,8,SLEEP,Z,0.06373903,0.2809849
3/7/5/6/6/7/7/3/2 3 3,Z,0.5909090909090909090909090909,4,SLEEP,Z,0.04678502,0.1790395
3/7/5/6/6/7/7/3/1 3 3,X,0.6111111111111111111111111111,4,SLEEP,Z,0.04086179,0.1441068
3/7/5/6/5/2/6/7/7 3 3,X,-0.5555555555555555555555555555,8,SLEEP,Z,0.05340208,0.2043448
3/7/5/6/5/2/5/7/7 3 3,X,-0.5,4,SLEEP,Z,0.04258712,0.1559275
3/7/5/6/5/2/3/7/7 3 3,Z,0.5,8,SLEEP,Z,0.0436257,0.193985
3/7/5/6/5/2/7/6/7 3 3,X,-0.5,6,SLEEP,Z,0.06266782,0.2537612
3/7/5/6/5/2/7/5/7 3 3,X,-0.5,6,SLEEP,Z,0.04337428,0.2088005
3/7/5/6/5/2/7/3/7 3 3,Z,0.5909090909090909090909090909,8,SLEEP,Z,0.1059198,0.3475116
3/7/5/6/5/2/7/7/6 3 3,X,-0.5555555555555555555555555555,6,SLEEP,Z,0.07736428,0.279167
3/7/5/6/5/2/7/7/5 3 3,X,-0.5,6,SLEEP,Z,0.03828304,0.154171
3/7/5/6/5/2/7/7/3 3 3,Z,0.5,4,SLEEP,Z,0.02704265,0.09394912
3/7/5/6/5/6/2/7/7 3 3,X,-0.5,6,SLEEP,Z,0.0471241,0.14674
3/7/5/6/5/6/6/6/7 3 3,X,-0.5555555555555555555555555555,4,SLEEP,Z,0.1236267,0.3027462
3/7/5/6/5/6/6/5/7 3 3,X,-0.5555555555555555555555555555,6,SLEEP,Z,0.04565204,0.2197767
3/7/5/6/5/6/6/3/7 3 3,Z,0.6428571428571428571428571429,8,SLEEP,Z,0.1375257,0.3220001
3/7/5/6/5/6/6/7/6 3 3,X,-0.6111111111111111111111111111,6,SLEEP,Z,0.06440173,0.2810079
3/7/5/6/5/6/6/7/5 3 3,X,-0.5555555555555555555555555555,4,SLEEP,Z,0.03876799,0.167813
3/7/5/6/5/6/6/7/3 3 3,X,0.7,6,SLEEP,Z,0.03303922,0.1378466
3/7/5/6/5/6/5/6/7 3 3,X,-0.5,6,SLEEP,Z,0.04938238,0.1899392
3/7/5/6/5/6/5/5/7 3 3,X,-0.5,2,SLEEP,Z,0.03316131,0.1475563
3/7/5/6/5/6/5/3/7 3 3,Z,0.6428571428571428571428571429,6,SLEEP,Z,0.1244153,0.3205024
3/7/5/6/5/6/5/7/6 3 3,X,-0.5555555555555555555555555555,6,SLEEP,Z,0.03395229,0.1561532
3/7/5/6/5/6/5/7/5 3 3,X,-0.5,2,SLEEP,Z,0.02849827,0.132425
3/7/5/6/5/6/5/7/3 3 3,Z,0.5,4,SLEEP,Z,0.05583967,0.2101611
3/7/5/6/5/6/3/6/7 3 3,X,-0.5,2,SLEEP,Z,0.02465556,0.1172124
3/7/5/6/5/6/3/5/7 3 3,Z,0.5,4,SLEEP,Z,0.06508902,0.2149387
3/7/5/6/5/6/3/3/7 3 3,Z,0.6428571428571428571428571429,6,SLEEP,Z,0.0483417,0.1633535
3/7/5/6/5/6/3/7/6 3 3,X,-0.7,4,SLEEP,Z,0.03857274,0.1658172
3/7/5/6/5/6/3/7/5 3 3,Z,0.5,4,SLEEP,Z,0.08166069,0.2110998
3/7/5/6/5/6/3/7/3 3 3,Z,0.5,4,SLEEP,Z,0.04809653,0.1563693
3/7/5/6/5/6/7/2/7 3 3,X,-0.5,2,SLEEP,Z,0.03172538,0.1071057
3/7/5/6/5/6/7/6/6 3 3,X,-0.5555555555555555555555555555,6,SLEEP,Z,0.05250286,0.2381861
3/7/5/6/5/6/7/6/5 3 3,X,-0.5,4,SLEEP,Z,0.03657956,0.1699258
3/7/5/6/5/6/7/6/3 3 3,Z,0.5,2,SLEEP,Z,0.02813635,0.1235514
3/7/5/6/5/6/7/5/6 3 3,X,-0.5555555555555555555555555555,4,SLEEP,Z,0.03183867,0.1427125
3/7/5/6/5/6/7/5/5 3 3,X,-0.5,6,SLEEP,Z,0.05405794,0.2549013
3/7/5/6/5/6/7/5/3 3 3,Z,0.5,4,SLEEP,Z,0.03218066,0.1286004
3/7/5/6/5/6/7/3/6 3 3,Z,0.6428571428571428571428571429,6,SLEEP,Z,0.05640071,0.2402716
3/7/5/6/5/6/7/3/5 3 3,Z,0.6428571428571428571428571429,6,SLEEP,Z,0.1505024,0.2862824
3/7/5/6/5/6/7/3/3 3 3,Z,0.6428571428571428571428571429,10,SLEEP,Z,0.03718556,0.11208
3/7/5/6/5/6/7/7/4 3 3,X,-0.5555555555555555555555555555,4,SLEEP,Z,0.04404111,0.1776293
3/7/5/6/5/6/7/7/2 3 3,X,-0.5,4,SLEEP,Z,0.02817494,0.1197442
3/7/5/6/5/6/7/7/1 3 3,Z,0.5,4,SLEEP,Z,0.0356864,0.1512284
3/7/5/6/5/5/2/7/7 3 3,X,-0.5,4,SLEEP,Z,0.03343023,0.1383361
3/7/5/6/5/5/6/6/7 3 3,X,-0.5555555555555555555555555555,6,SLEEP,Z,0.08135825,0.3181483
3/7/5/6/5/5/6/5/7 3 3,X,-0.5555555555555555555555555555,4,SLEEP,Z,0.03377825,0.1276586
3/7/5/6/5/5/6/3/7 3 3,Z,0.5909090909090909090909090909,6,SLEEP,Z,0.05224418,0.2105533
3/7/5/6/5/5/6/7/6 3 3,X,-0.6111111111111111111111111111,8,SLEEP,Z,0.09192622,0.3598455
3/7/5/6/5/5/6/7/5 3 3,X,-0.5555555555555555555555555555,6,SLEEP,Z,0.04398356,0.1814844
3/7/5/6/5/5/6/7/3 3 3,X,0.7,4,SLEEP,Z,0.03695575,0.1504066
3/7/5/6/5/5/5/6/7 3 3,X,-0.5,4,SLEEP,Z,0.02683781,0.1251359
3/7/5/6/5/5/5/5/7 3 3,X,-0.5,4,SLEEP,Z,0.04461927,0.1401422
3/7/5/6/5/5/5/3/7 3 3,Z,0.5909090909090909090909090909,6,SLEEP,Z,0.05817035,0.1965848
3/7/5/6/5/5/5/7/6 3 3,X,-0.5555555555555555555555555555,4,SLEEP,Z,0.04050509,0.1778416
3/7/5/6/5/5/5/7/5 3 3,X,-0.5,6,SLEEP,Z,0.04607356,0.2054176
3/7/5/6/5/5/5/7/3 3 3,Z,0.5,4,SLEEP,Z,0.02184773,0.1077565
3/7/5/6/5/5/3/6/7 3 3,X,-0.5,4,SLEEP,Z,0.04600484,0.1695248
3/7/5/6/5/5/3/5/7 3 3,Z,0.5,4,SLEEP,Z,0.03055266,0.1196075
3/7/5/6/5/5/3/3/7 3 3,Z,0.5909090909090909090909090909,6,SLEEP,Z,0.08957567,0.2499492
3/7/5/6/5/5/3/7/6 3 3,X,-0.7,6,SLEEP,Z,0.06904958,0.22581
3/7/5/6/5/5/3/7/5 3 3,Z,0.5,6,SLEEP,Z,0.0395616,0.1633557
3/7/5/6/5/5/3/7/3 3 3,Z,0.5,2,SLEEP,Z,0.02752589,0.09725631
3/7/5/6/5/5/7/2/7 3 3,X,-0.5,6,SLEEP,Z,0.04292571,0.1825932
3/7/5/6/5/5/7/6/6 3 3,X,-0.5555555555555555555555555555,6,SLEEP,Z,0.04418162,0.1743604
3/7/5/6/5/5/7/6/5 3 3,X,-0.5,4,SLEEP,Z,0.02695008,0.1276805
3/7/5/6/5/5/7/6/3 3 3,Z,0.5,6,SLEEP,Z,0.03657595,0.1565112
3/7/5/6/5/5/7/5/6 3 3,X,-0.5555555555555555555555555555,4,SLEEP,Z,0.04260613,0.1951076
3/7/5/6/5/5/7/5/5 3 3,X,-0.5,6,SLEEP,Z,0.04166,0.1845316
3/7/5/6/5/5/7/5/3 3 3,Z,0.5,4,SLEEP,Z,0.02841414,0.1198974
3/7/5/6/5/5/7/3/6 3 3,Z,0.5909090909090909090909090909,6,SLEEP,Z,0.09960077,0.2904088
3/7/5/6/5/5/7/3/5 3 3,Z,0.5909090909090909090909090909,4,SLEEP,Z,0.03668261,0.1615755
3/7/5/6/5/5/7/3/3 3 3,Z,0.5909090909090909090909090909,8,SLEEP,Z,0.08711708,0.2345155
3/7/5/6/5/5/7/7/4 3 3,X,-0.5555555555555555555555555555,6,SLEEP,Z,0.07300664,0.3276505
3/7/5/6/5/5/7/7/2 3 3,X,-0.5,4,SLEEP,Z,0.03652343,0.1597531
3/7/5/6/5/5/7/7/1 3 3,Z,0.5,6,SLEEP,Z,0.04922131,0.1604757
3/7/5/6/5/3/2/7/7 3 3,Z,0.5909090909090909090909090909,6,SLEEP,Z,0.05890437,0.1571771
3/7/5/6/5/3/6/6/7 3 3,Z,-0.6428571428571428571428571429,4,SLEEP,Z,0.07424229,0.1697339
3/7/5/6/5/3/6/5/7 3 3,Z,0.5909090909090909090909090909,4,SLEEP,Z,0.03888315,0.1763505
3/7/5/6/5/3/6/3/7 3 3,Z,0.6818181818181818181818181819,8,SLEEP,Z,0.05789106,0.2644989
3/7/5/6/5/3/6/7/6 3 3,X,-0.6111111111111111111111111111,6,SLEEP,Z,0.07172521,0.306717
3/7/5/6/5/3/6/7/5 3 3,Z,0.5909090909090909090909090909,6,SLEEP,Z,0.04298234,0.183461
3/7/5/6/5/3/6/7/3 3 3,X,0.7,4,SLEEP,Z,0.04702472,0.1381164
3/7/5/6/5/3/5/6/7 3 3,Z,-0.6428571428571428571428571429,2,SLEEP,Z,0.03262997,0.1474558
3/7/5/6/5/3/5/5/7 3 3,Z,0.5909090909090909090909090909,8,SLEEP,Z,0.07272141,0.2626779
3/7/5/6/5/3/5/3/7 3 3,Z,0.6818181818181818181818181819,4,SLEEP,Z,0.03447678,0.1264435
3/7/5/6/5/3/5/7/6 3 3,Z,0.5909090909090909090909090909,6,SLEEP,Z,0.07701875,0.3096032
3/7/5/6/5/3/5/7/5 3 3,Z,0.5909090909090909090909090909,6,SLEEP,Z,0.06813429,0.3513978
3/7/5/6/5/3/5/7/3 3 3,Z,0.5909090909090909090909090909,4,SLEEP,Z,0.06279125,0.3862081
3/7/5/6/5/3/3/6/7 3 3,Z,-0.6428571428571428571428571429,6,SLEEP,Z,0.03408993,0.1319297
3/7/5/6/5/3/3/5/7 3 3,Z,0.5909090909090909090909090909,6,SLEEP,Z,0.05545476,0.1912027
3/7/5/6/5/3/3/3/7 3 3,Z,0.6818181818181818181818181819,12,SLEEP,Z,0.04824317,0.1959269
3/7/5/6/5/3/3/7/6 3 3,X,-0.7,4,SLEEP,Z,0.03465011,0.1325119
3/7/5/6/5/3/3/7/5 3 3,Z,0.5909090909090909090909090909,8,SLEEP,Z,0.04270823,0.1512902
3/7/5/6/5/3/3/7/3 3 3,Z,0.5909090909090909090909090909,4,SLEEP,Z,0.02640581,0.1256668
3/7/5/6/5/3/7/2/7 3 3,Z,0.5909090909090909090909090909,6,SLEEP,Z,0.03426858,0.1527825
3/7/5/6/5/3/7/6/6 3 3,Z,-0.6428571428571428571428571429,6,SLEEP,Z,0.04498992,0.2115403
3/7/5/6/5/3/7/6/5 3 3,Z,-0.6428571428571428571428571429,4,SLEEP,Z,0.03052963,0.1345735
3/7/5/6/5/3/7/6/3 3 3,Z,-0.6428571428571428571428571429,6,SLEEP,Z,0.07668144,0.3622469
3/7/5/6/5/3/7/5/6 3 3,Z,0.5909090909090909090909090909,6,SLEEP,Z,0.06106925,0.2394966
3/7/5/6/5/3/7/5/5 3 3,Z,0.5909090909090909090909090909,4,SLEEP,Z,0.0372889,0.1621759
3/7/5/6/5/3/7/5/3 3 3,Z,0.5909090909090909090909090909,4,SLEEP,Z,0.04379661,0.1735232
3/7/5/6/5/3/7/3/6 3 3,Z,0.6818181818181818181818181819,6,SLEEP,Z,0.06359528,0.2572896
3/7/5/6/5/3/7/3/5 3 3,Z,0.6818181818181818181818181819,6,SLEEP,Z,0.05671844,0.2580884
3/7/5/6/5/3/7/3/3 3 3,Z,0.6818181818181818181818181819,6,SLEEP,Z,0.04069688,0.1550779
3/7/5/6/5/3/7/7/4 3 3,Z,0.5909090909090909090909090909,6,SLEEP,Z,0.08194998,0.3759339
3/7/5/6/5/3/7/7/2 3 3,Z,0.5909090909090909090909090909,8,SLEEP,Z,0.04197893,0.1783698
3/7/5/6/5/3/7/7/1 3 3,Z,0.5909090909090909090909090909,4,SLEEP,Z,0.03161437,0.1362932
3/7/5/6/5/7/2/6/7 3 3,X,-0.5,4,SLEEP,Z,0.03384677,0.1517218
3/7/5/6/5/7/2/5/7 3 3,X,-0.5,6,SLEEP,Z,0.03935703,0.1809787
3/7/5/6/5/7/2/3/7 3 3,Z,0.5909090909090909090909090909,4,SLEEP,Z,0.02709475,0.1171516
3/7/5/6/5/7/2/7/6 3 3,X,-0.5555555555555555555555555555,8,SLEEP,Z,0.0896789,0.326203
3/7/5/6/5/7/2/7/5 3 3,X,-0.5,2,SLEEP,Z,0.0257722,0.09726218
3/7/5/6/5/7/2/7/3 3 3,Z,0.5,4,SLEEP,Z,0.03376882,0.1225013
3/7/5/6/5/7/6/2/7 3 3,X,-0.5555555555555555555555555555,6,SLEEP,Z,0.05509774,0.2540091
3/7/5/6/5/7/6/6/6 3 3,X,-0.6111111111111111111111111111,8,SLEEP,Z,0.09117027,0.4041966
3/7/5/6/5/7/6/6/5 3 3,X,-0.5555555555555555555555555555,6,SLEEP,Z,0.1157437,0.3368994
3/7/5/6/5/7/6/6/3 3 3,X,0.75,6,SLEEP,Z,0.0411855,0.1644983
3/7/5/6/5/7/6/5/6 3 3,X,-0.6111111111111111111111111111,6,SLEEP,Z,0.05271696,0.2453607
3/7/5/6/5/7/6/5/5 3 3,X,-0.5555555555555555555555555555,6,SLEEP,Z,0.05000055,0.2167217
3/7/5/6/5/7/6/5/3 3 3,X,0.75,4,SLEEP,Z,0.04585328,0.1176114
3/7/5/6/5/7/6/3/6 3 3,X,-0.6111111111111111111111111111,8,SLEEP,Z,0.07770323,0.3242761
3/7/5/6/5/7/6/3/5 3 3,Z,0.5909090909090909090909090909,8,SLEEP,Z,0.06313168,0.2634005
3/7/5/6/5/7/6/3/3 3 3,X,0.75,4,SLEEP,Z,0.03145596,0.1234539
3/7/5/6/5/7/6/7/4 3 3,X,-0.6111111111111111111111111111,8,SLEEP,Z,0.05740828,0.2682605
3/7/5/6/5/7/6/7/2 3 3,X,-0.5555555555555555555555555555,4,SLEEP,Z,0.0443861,0.1745298
3/7/5/6/5/7/6/7/1 3 3,X,0.75,4,SLEEP,Z,0.03406514,0.1375936
3/7/5/6/5/7/5/2/7 3 3,X,-0.5,6,SLEEP,Z,0.03220607,0.1461693
3/7/5/6/5/7/5/6/6 3 3,X,-0.5555555555555555555555555555,6,SLEEP,Z,0.04440863,0.1743934
3/7/5/6/5/7/5/6/5 3 3,X,-0.5,4,SLEEP,Z,0.03059696,0.1383042
3/7/5/6/5/7/5/6/3 3 3,Z,0.5,4,SLEEP,Z,0.03374803,0.1336982
3/7/5/6/5/7/5/5/6 3 3,X,-0.5555555555555555555555555555,6,SLEEP,Z,0.04262489,0.1696132
3/7/5/6/5/7/5/5/5 3 3,X,-0.5,4,SLEEP,Z,0.02639875,0.09884097
3/7/5/6/5/7/5/5/3 3 3,Z,0.5,4,SLEEP,Z,0.06091048,0.171809
3/7/5/6/5/7/5/3/6 3 3,Z,0.5909090909090909090909090909,8,SLEEP,Z,0.05159877,0.2358882
3/7/5/6/5/7/5/3/5 3 3,Z,0.5909090909090909090909090909,4,SLEEP,Z,0.03528521,0.1363183
3/7/5/6/5/7/5/3/3 3 3,Z,0.5909090909090909090909090909,10,SLEEP,Z,0.1114733,0.3581953
3/7/5/6/5/7/5/7/4 3 3,X,-0.5555555555555555555555555555,6,SLEEP,Z,0.05454602,0.2498411
3/7/5/6/5/7/5/7/2 3 3,X,-0.5,4,SLEEP,Z,0.04206538,0.1502192
3/7/5/6/5/7/5/7/1 3 3,Z,0.5,6,SLEEP,Z,0.02714996,0.1212099
3/7/5/6/5/7/3/2/7 3 3,Z,0.5,4,SLEEP,Z,0.01710027,0.07784607
3/7/5/6/5/7/3/6/6 3 3,X,-0.75,4,SLEEP,Z,0.04372641,0.1608991
3/7/5/6/5/7/3/6/5 3 3,X,-0.5,6,SLEEP,Z,0.0527686,0.187944
3/7/5/6/5/7/3/6/3 3 3,Z,0.5,4,SLEEP,Z,0.01108233,0.05066966
3/7/5/6/5/7/3/5/6 3 3,X,-0.75,4,SLEEP,Z,0.03375949,0.142222
3/7/5/6/5/7/3/5/5 3 3,Z,0.5,4,SLEEP,Z,0.0293967,0.1365272
3/7/5/6/5/7/3/5/3 3 3,Z,0.5,4,SLEEP,Z,0.02438649,0.108539
3/7/5/6/5/7/3/3/6 3 3,X,-0.75,6,SLEEP,Z,0.05733724,0.1948881
3/7/5/6/5/7/3/3/5 3 3,Z,0.5909090909090909090909090909,6,SLEEP,Z,0.03600045,0.1617854
3/7/5/6/5/7/3/3/3 3 3,Z,0.5909090909090909090909090909,4,SLEEP,Z,0.02929812,0.1234185
3/7/5/6/5/7/3/7/4 3 3,X,-0.75,6,SLEEP,Z,0.08209249,0.2371195
3/7/5/6/5/7/3/7/2 3 3,Z,0.5,4,SLEEP,Z,0.02625025,0.0982464
3/7/5/6/5/7/3/7/1 3 3,Z,0.5,4,SLEEP,Z,0.01775428,0.0677539
3/7/5/6/5/7/7/2/6 3 3,X,-0.5555555555555555555555555555,6,SLEEP,Z,0.04311962,0.2246344
3/7/5/6/5/7/7/2/5 3 3,X,-0.5,4,SLEEP,Z,0.03504494,0.1427727
3/7/5/6/5/7/7/2/3 3 3,Z,0.5,6,SLEEP,Z,0.03396171,0.1386391
3/7/5/6/5/7/7/6/4 3 3,X,-0.5555555555555555555555555555,4,SLEEP,Z,0.06610364,0.3625078
3/7/5/6/5/7/7/6/2 3 3,X,-0.5,6,SLEEP,Z,0.05801808,0.3535613
3/7/5/6/5/7/7/6/1 3 3,Z,0.5,2,SLEEP,Z,0.02889811,0.1079467
3/7/5/6/5/7/7/5/4 3 3,X,-0.5555555555555555555555555555,6,SLEEP,Z,0.1059394,0.3778561
3/7/5/6/5/7/7/5/2 3 3,X,-0.5,4,SLEEP,Z,0.0368431,0.1684522
3/7/5/6/5/7/7/5/1 3 3,Z,0.5,4,SLEEP,Z,0.08938267,0.3526555
3/7/5/6/5/7/7/3/4 3 3,Z,0.5909090909090909090909090909,6,SLEEP,Z,0.05211752,0.2292694
3/7/5/6/5/7/7/3/2 3 3,Z,0.5909090909090909090909090909,4,SLEEP,Z,0.0357801,0.1550182
3/7/5/6/5/7/7/3/1 3 3,Z,0.5909090909090909090909090909,4,SLEEP,Z,0.03290495,0.1177929
3/7/5/6/3/2/6/7/7 3 3,X,-0.6111111111111111111111111111,8,SLEEP,Z,0.07125887,0.2153443
3/7/5/6/3/2/5/7/7 3 3,Z,0.5,10,SLEEP,Z,0.0859898,0.2789472
3/7/5/6/3/2/3/7/7 3 3,Z,0.5,4,SLEEP,Z,0.03304466,0.1342781
3/7/5/6/3/2/7/6/7 3 3,X,-0.5,6,SLEEP,Z,0.05845907,0.1935676
3/7/5/6/3/2/7/5/7 3 3,Z,0.5,6,SLEEP,Z,0.04618303,0.1936773
3/7/5/6/3/2/7/3/7 3 3,Z,0.5909090909090909090909090909,8,SLEEP,Z,0.05460516,0.1523218
3/7/5/6/3/2/7/7/6 3 3,X,-0.6111111111111111111111111111,6,SLEEP,Z,0.06419624,0.2360616
3/7/5/6/3/2/7/7/5 3 3,Z,0.5,4,SLEEP,Z,0.04016804,0.162254
3/7/5/6/3/2/7/7/3 3 3,Z,0.5,4,SLEEP,Z,0.04445249,0.1570178
3/7/5/6/3/6/2/7/7 3 3,X,-0.5,4,SLEEP,Z,0.04161482,0.1345386
3/7/5/6/3/6/6/6/7 3 3,X,-0.6111111111111111111111111111,4,SLEEP,Z,0.07351699,0.2828222
3/7/5/6/3/6/6/5/7 3 3,X,-0.6111111111111111111111111111,6,SLEEP,Z,0.04626412,0.1794264
3/7/5/6/3/6/6/3/7 3 3,Z,0.6428571428571428571428571429,6,SLEEP,Z,0.05303502,0.1892109
3/7/5/6/3/6/6/7/6 3 3,X,-0.7222222222222222222222222222,6,SLEEP,Z,0.06326897,0.2471812
3/7/5/6/3/6/6/7/5 3 3,X,-0.6111111111111111111111111111,6,SLEEP,Z,0.05696254,0.2124621
3/7/5/6/3/6/6/7/3 3 3,X,0.7,4,SLEEP,Z,0.04313193,0.1349629
3/7/5/6/3/6/5/6/7 3 3,X,-0.5,6,SLEEP,Z,0.03387311,0.1478816
3/7/5/6/3/6/5/5/7 3 3,X,-0.5,6,SLEEP,Z,0.05331628,0.1329498
3/7/5/6/3/6/5/3/7 3 3,Z,0.6428571428571428571428571429,4,SLEEP,Z,0.05867479,0.2164743
3/7/5/6/3/6/5/7/6 3 3,X,-0.6111111111111111111111111111,8,SLEEP,Z,0.1825455,0.4684218
3/7/5/6/3/6/5/7/5 3 3,X,-0.5,4,SLEEP,Z,0.03658443,0.1321866
3/7/5/6/3/6/5/7/3 3 3,Z,0.5,2,SLEEP,Z,0.0278769,0.1139242
3/7/5/6/3/6/3/6/7 3 3,X,-0.5,4,SLEEP,Z,0.03117025,0.126162
3/7/5/6/3/6/3/5/7 3 3,Z,0.5,8,SLEEP,Z,0.05633113,0.2030966
3/7/5/6/3/6/3/3/7 3 3,Z,0.6428571428571428571428571429,14,SLEEP,Z,0.05671454,0.173067
3/7/5/6/3/6/3/7/6 3 3,X,-0.7,4,SLEEP,Z,0.04033246,0.1480002
3/7/5/6/3/6/3/7/5 3 3,Z,0.5,6,SLEEP,Z,0.07749384,0.18617
3/7/5/6/3/6/3/7/3 3 3,Z,0.5,2,SLEEP,Z,0.01799682,0.07194015
3/7/5/6/3/6/7/2/7 3 3,X,-0.5,4,SLEEP,Z,0.05620557,0.1578261
3/7/5/6/3/6/7/6/6 3 3,X,-0.6111111111111111111111111111,6,SLEEP,Z,0.05417692,0.2238914
3/7/5/6/3/6/7/6/5 3 3,X,-0.5,4,SLEEP,Z,0.03316708,0.1489285
3/7/5/6/3/6/7/6/3 3 3,Z,0.5,4,SLEEP,Z,0.03498439,0.1309897
3/7/5/6/3/6/7/5/6 3 3,X,-0.6111111111111111111111111111,8,SLEEP,Z,0.09654859,0.3497955
3/7/5/6/3/6/7/5/5 3 3,X,-0.5,2,SLEEP,Z,0.02203698,0.08710474
3/7/5/6/3/6/7/5/3 3 3,Z,0.5,4,SLEEP,Z,0.09710982,0.2606441
3/7/5/6/3/6/7/3/6 3 3,Z,0.6428571428571428571428571429,6,SLEEP,Z,0.04493087,0.1763737
3/7/5/6/3/6/7/3/5 3 3,Z,0.6428571428571428571428571429,6,SLEEP,Z,0.03874341,0.1585548
3/7/5/6/3/6/7/3/3 3 3,Z,0.6428571428571428571428571429,4,SLEEP,Z,0.0503837,0.1810169
3/7/5/6/3/6/7/7/4 3 3,X,-0.6111111111111111111111111111,4,SLEEP,Z,0.1525789,0.4509425
3/7/5/6/3/6/7/7/2 3 3,X,-0.5,4,SLEEP,Z,0.03712783,0.1490025
3/7/5/6/3/6/7/7/1 3 3,Z,0.5,4,SLEEP,Z,0.04966265,0.1426511
3/7/5/6/3/5/2/7/7 3 3,Z,0.5,6,SLEEP,Z,0.05467095,0.1981943
3/7/5/6/3/5/6/6/7 3 3,X,-0.6111111111111111111111111111,6,SLEEP,Z,0.04745138,0.1849639
3/7/5/6/3/5/6/5/7 3 3,X,-0.6111111111111111111111111111,4,SLEEP,Z,0.05425189,0.208273
3/7/5/6/3/5/6/3/7 3 3,X,-0.6111111111111111111111111111,6,SLEEP,Z,0.1048994,0.3786709
3/7/5/6/3/5/6/7/6 3 3,X,-0.7222222222222222222222222222,6,SLEEP,Z,0.06699514,0.2693308
3/7/5/6/3/5/6/7/5 3 3,X,-0.6111111111111111111111111111,6,SLEEP,Z,0.04938165,0.2033584
3/7/5/6/3/5/6/7/3 3 3,X,0.7,2,SLEEP,Z,0.03217065,0.1284971
3/7/5/6/3/5/5/6/7 3 3,X,-0.5,4,SLEEP,Z,0.03708547,0.133233
3/7/5/6/3/5/5/5/7 3 3,Z,0.5,6,SLEEP,Z,0.04689221,0.166389
3/7/5/6/3/5/5/3/7 3 3,Z,0.5909090909090909090909090909,6,SLEEP,Z,0.06548846,0.2197639
3/7/5/6/3/5/5/7/6 3 3,X,-0.6111111111111111111111111111,6,SLEEP,Z,0.05695254,0.2344065
3/7/5/6/3/5/5/7/5 3 3,Z,0.5,8,SLEEP,Z,0.08454266,0.2772994
3/7/5/6/3/5/5/7/3 3 3,Z,0.5,2,SLEEP,Z,0.04147513,0.1198789
3/7/5/6/3/5/3/6/7 3 3,X,-0.5,4,SLEEP,Z,0.02984562,0.1177814
3/7/5/6/3/5/3/5/7 3 3,Z,0.5,6,SLEEP,Z,0.06135405,0.1848373
3/7/5/6/3/5/3/3/7 3 3,Z,0.5909090909090909090909090909,8,SLEEP,Z,0.05418412,0.1418757
3/7/5/6/3/5/3/7/6 3 3,X,-0.7,6,SLEEP,Z,0.04836833,0.1742953
3/7/5/6/3/5/3/7/5 3 3,Z,0.5,4,SLEEP,Z,0.02217924,0.09326395
3/7/5/6/3/5/3/7/3 3 3,Z,0.5,4,SLEEP,Z,0.03010512,0.1168713
3/7/5/6/3/5/7/2/7 3 3,Z,0.5,6,SLEEP,Z,0.05816482,0.2105984
3/7/5/6/3/5/7/6/6 3 3,X,-0.6111111111111111111111111111,6,SLEEP,Z,0.05312604,0.2206926
3/7/5/6/3/5/7/6/5 3 3,X,-0.5,4,SLEEP,Z,0.04393223,0.1600213
3/7/5/6/3/5/7/6/3 3 3,Z,0.5,6,SLEEP,Z,0.05996929,0.1697762
3/7/5/6/3/5/7/5/6 3 3,X,-0.6111111111111111111111111111,4,SLEEP,Z,0.03403635,0.1387995
3/7/5/6/3/5/7/5/5 3 3,Z,0.5,4,SLEEP,Z,0.05477722,0.1971165
3/7/5/6/3/5/7/5/3 3 3,Z,0.5,4,SLEEP,Z,0.03180021,0.127956
3/7/5/6/3/5/7/3/6 3 3,X,-0.6111111111111111111111111111,6,SLEEP,Z,0.1231108,0.319828
3/7/5/6/3/5/7/3/5 3 3,Z,0.5909090909090909090909090909,4,SLEEP,Z,0.03980697,0.1516973
3/7/5/6/3/5/7/3/3 3 3,Z,0.5909090909090909090909090909,10,SLEEP,Z,0.06047882,0.1968489
3/7/5/6/3/5/7/7/4 3 3,X,-0.6111111111111111111111111111,4,SLEEP,Z,0.03829827,0.1597851
3/7/5/6/3/5/7/7/2 3 3,Z,0.5,6,SLEEP,Z,0.05704986,0.218392
3/7/5/6/3/5/7/7/1 3 3,Z,0.5,4,SLEEP,Z,0.04664881,0.1653336
3/7/5/6/3/3/2/7/7 3 3,Z,0.5909090909090909090909090909,8,SLEEP,Z,0.1205222,0.3088726
3/7/5/6/3/3/6/6/7 3 3,Z,-0.6428571428571428571428571429,4,SLEEP,Z,0.03844375,0.1468536
3/7/5/6/3/3/6/5/7 3 3,X,-0.6111111111111111111111111111,6,SLEEP,Z,0.05663934,0.205393
3/7/5/6/3/3/6/3/7 3 3,Z,0.6818181818181818181818181819,6,SLEEP,Z,0.1021633,0.382695
3/7/5/6/3/3/6/7/6 3 3,X,-0.7222222222222222222222222222,8,SLEEP,Z,0.1321416,0.4553851
3/7/5/6/3/3/6/7/5 3 3,X,-0.6111111111111111111111111111,4,SLEEP,Z,0.04758079,0.1849997
3/7/5/6/3/3/6/7/3 3 3,X,0.7,6,SLEEP,Z,0.08356213,0.2718612
3/7/5/6/3/3/5/6/7 3 3,Z,-0.6428571428571428571428571429,4,SLEEP,Z,0.05189548,0.1734087
3/7/5/6/3/3/5/5/7 3 3,Z,0.5909090909090909090909090909,4,SLEEP,Z,0.03522785,0.1419911
3/7/5/6/3/3/5/3/7 3 3,Z,0.6818181818181818181818181819,6,SLEEP,Z,0.0522543,0.2029875
3/7/5/6/3/3/5/7/6 3 3,X,-0.6111111111111111111111111111,6,SLEEP,Z,0.06139885,0.218552
3/7/5/6/3/3/5/7/5 3 3,Z,0.5909090909090909090909090909,6,SLEEP,Z,0.0506227,0.1775158
3/7/5/6/3/3/5/7/3 3 3,Z,0.5909090909090909090909090909,4,SLEEP,Z,0.03348913,0.1277596
3/7/5/6/3/3/3/6/7 3 3,Z,-0.6428571428571428571428571429,4,SLEEP,Z,0.0420526,0.1493862
3/7/5/6/3/3/3/5/7 3 3,Z,0.5909090909090909090909090909,6,SLEEP,Z,0.06011106,0.137225
3/7/5/6/3/3/3/3/7 3 3,Z,0.6818181818181818181818181819,8,SLEEP,Z,0.06260662,0.1624756
3/7/5/6/3/3/3/7/6 3 3,X,-0.7,8,SLEEP,Z,0.09820628,0.3026061
3/7/5/6/3/3/3/7/5 3 3,Z,0.5909090909090909090909090909,4,SLEEP,Z,0.02161886,0.09104572
3/7/5/6/3/3/3/7/3 3 3,Z,0.5909090909090909090909090909,8,SLEEP,Z,0.06687257,0.2347146
3/7/5/6/3/3/7/2/7 3 3,Z,0.5909090909090909090909090909,6,SLEEP,Z,0.07308424,0.2141724
3/7/5/6/3/3/7/6/6 3 3,Z,-0.6428571428571428571428571429,2,SLEEP,Z,0.04598436,0.190942
3/7/5/6/3/3/7/6/5 3 3,Z,-0.6428571428571428571428571429,4,SLEEP,Z,0.04667595,0.1503026
3/7/5/6/3/3/7/6/3 3 3,Z,-0.6428571428571428571428571429,2,SLEEP,Z,0,0
3/7/5/6/3/3/7/5/6 3 3,X,-0.6111111111111111111111111111,8,SLEEP,Z,0.09321722,0.3031771
3/7/5/6/3/3/7/5/5 3 3,Z,0.5909090909090909090909090909,4,SLEEP,Z,0.0338535,0.1407342
3/7/5/6/3/3/7/5/3 3 3,Z,0.5909090909090909090909090909,6,SLEEP,Z,0.04911816,0.1767497
3/7/5/6/3/3/7/3/6 3 3,Z,0.6818181818181818181818181819,10,SLEEP,Z,0.07916359,0.2882086
3/7/5/6/3/3/7/3/5 3 3,Z,0.6818181818181818181818181819,6,SLEEP,Z,0.05761776,0.2331586
3/7/5/6/3/3/7/3/3 3 3,Z,0.6818181818181818181818181819,24,SLEEP,Z,0.06100294,0.2072541
3/7/5/6/3/3/7/7/4 3 3,X,-0.6111111111111111111111111111,4,SLEEP,Z,0.05610184,0.2103704
3/7/5/6/3/3/7/7/2 3 3,Z,0.5909090909090909090909090909,6,SLEEP,Z,0.0657213,0.2524615
3/7/5/6/3/3/7/7/1 3 3,Z,0.5909090909090909090909090909,4,SLEEP,Z,0.02876112,0.1167984
3/7/5/6/3/7/2/6/7 3 3,X,-0.5,4,SLEEP,Z,0.04325061,0.1391535
3/7/5/6/3/7/2/5/7 3 3,Z,0.5,4,SLEEP,Z,0.06214982,0.230105
3/7/5/6/3/7/2/3/7 3 3,Z,0.5909090909090909090909090909,6,SLEEP,Z,0.1001217,0.272508
3/7/5/6/3/7/2/7/6 3 3,X,-0.6111111111111111111111111111,8,SLEEP,Z,0.06010986,0.2263553
3/7/5/6/3/7/2/7/5 3 3,Z,0.5,4,SLEEP,Z,0.03887729,0.1406614
3/7/5/6/3/7/2/7/3 3 3,Z,0.5,4,SLEEP,Z,0.02717214,0.06958123
3/7/5/6/3/7/6/2/7 3 3,X,-0.6111111111111111111111111111,6,SLEEP,Z,0.09471256,0.3289057
3/7/5/6/3/7/6/6/6 3 3,X,-0.7222222222222222222222222222,8,SLEEP,Z,0.06897897,0.26827
3/7/5/6/3/7/6/6/5 3 3,X,-0.6111111111111111111111111111,4,SLEEP,Z,0.03564038,0.156397
3/7/5/6/3/7/6/6/3 3 3,X,0.75,4,SLEEP,Z,0.03776208,0.1533886
3/7/5/6/3/7/6/5/6 3 3,X,-0.7222222222222222222222222222,8,SLEEP,Z,0.0786803,0.3204707
3/7/5/6/3/7/6/5/5 3 3,X,-0.6111111111111111111111111111,4,SLEEP,Z,0.04128422,0.1665667
3/7/5/6/3/7/6/5/3 3 3,X,0.75,6,SLEEP,Z,0.04508809,0.1701026
3/7/5/6/3/7/6/3/6 3 3,X,-0.7222222222222222222222222222,8,SLEEP,Z,0.07044572,0.3024188
3/7/5/6/3/7/6/3/5 3 3,X,-0.6111111111111111111111111111,6,SLEEP,Z,0.04939554,0.183616
3/7/5/6/3/7/6/3/3 3 3,X,0.75,6,SLEEP,Z,0.04187161,0.1298661
3/7/5/6/3/7/6/7/4 3 3,X,-0.7222222222222222222222222222,6,SLEEP,Z,0.06585233,0.2859289
3/7/5/6/3/7/6/7/2 3 3,X,-0.6111111111111111111111111111,6,SLEEP,Z,0.06940174,0.2370361
3/7/5/6/3/7/6/7/1 3 3,X,0.75,4,SLEEP,Z,0.03335829,0.1299724
3/7/5/6/3/7/5/2/7 3 3,Z,0.5,6,SLEEP,Z,0.05220105,0.1605639
3/7/5/6/3/7/5/6/6 3 3,X,-0.6111111111111111111111111111,6,SLEEP,Z,0.04129719,0.1778457
3/7/5/6/3/7/5/6/5 3 3,X,-0.5,4,SLEEP,Z,0.03685569,0.1380521
3/7/5/6/3/7/5/6/3 3 3,Z,0.5,2,SLEEP,Z,0.02543525,0.1126236
3/7/5/6/3/7/5/5/6 3 3,X,-0.6111111111111111111111111111,6,SLEEP,Z,0.09636818,0.3005644
3/7/5/6/3/7/5/5/5 3 3,Z,0.5,4,SLEEP,Z,0.04477233,0.144725
3/7/5/6/3/7/5/5/3 3 3,Z,0.5,4,SLEEP,Z,0.04691553,0.1205364
3/7/5/6/3/7/5/3/6 3 3,X,-0.6111111111111111111111111111,6,SLEEP,Z,0.06046635,0.2113815
3/7/5/6/3/7/5/3/5 3 3,Z,0.5909090909090909090909090909,6,SLEEP,Z,0.05022328,0.2007161
3/7/5/6/3/7/5/3/3 3 3,Z,0.5909090909090909090909090909,10,SLEEP,Z,0.1072856,0.3607591
3/7/5/6/3/7/5/7/4 3 3,X,-0.6111111111111111111111111111,4,SLEEP,Z,0.03646487,0.1547551
3/7/5/6/3/7/5/7/2 3 3,Z,0.5,4,SLEEP,Z,0.06280205,0.2392542
3/7/5/6/3/7/5/7/1 3 3,Z,0.5,6,SLEEP,Z,0.07317123,0.2910377
3/7/5/6/3/7/3/2/7 3 3,Z,0.5,4,SLEEP,Z,0.02948454,0.1183405
3/7/5/6/3/7/3/6/6 3 3,X,-0.75,6,SLEEP,Z,0.1402549,0.4121681
3/7/5/6/3/7/3/6/5 3 3,X,-0.5,2,SLEEP,Z,0.02076115,0.1015552
3/7/5/6/3/7/3/6/3 3 3,Z,0.5,2,SLEEP,Z,0.01999953,0.07317433
3/7/5/6/3/7/3/5/6 3 3,X,-0.75,6,SLEEP,Z,0.06398398,0.208884
3/7/5/6/3/7/3/5/5 3 3,Z,0.5,4,SLEEP,Z,0.03579935,0.1357566
3/7/5/6/3/7/3/5/3 3 3,Z,0.5,6,SLEEP,Z,0.04528319,0.1620698
3/7/5/6/3/7/3/3/6 3 3,X,-0.75,6,SLEEP,Z,0.1365507,0.4439584
3/7/5/6/3/7/3/3/5 3 3,Z,0.5909090909090909090909090909,6,SLEEP,Z,0.1065067,0.350782
3/7/5/6/3/7/3/3/3 3 3,Z,0.5909090909090909090909090909,6,SLEEP,Z,0.03113542,0.1092489
3/7/5/6/3/7/3/7/4 3 3,X,-0.75,4,SLEEP,Z,0.07303205,0.2067741
3/7/5/6/3/7/3/7/2 3 3,Z,0.5,4,SLEEP,Z,0.05766702,0.1786858
3/7/5/6/3/7/3/7/1 3 3,Z,0.5,4,SLEEP,Z,0.01861615,0.08279449
3/7/5/6/3/7/7/2/6 3 3,X,-0.6111111111111111111111111111,6,SLEEP,Z,0.04489996,0.1665972
3/7/5/6/3/7/7/2/5 3 3,Z,0.5,4,SLEEP,Z,0.02951069,0.1274148
3/7/5/6/3/7/7/2/3 3 3,Z,0.5,4,SLEEP,Z,0.08508388,0.207879
3/7/5/6/3/7/7/6/4 3 3,X,-0.6111111111111111111111111111,6,SLEEP,Z,0.05527402,0.20157
3/7/5/6/3/7/7/6/2 3 3,X,-0.5,2,SLEEP,Z,0.03145379,0.1206076
3/7/5/6/3/7/7/6/1 3 3,Z,0.5,4,SLEEP,Z,0.05286397,0.221083
3/7/5/6/3/7/7/5/4 3 3,X,-0.6111111111111111111111111111,4,SLEEP,Z,0.03952524,0.1458259
3/7/5/6/3/7/7/5/2 3 3,Z,0.5,4,SLEEP,Z,0.05148324,0.179735
3/7/5/6/3/7/7/5/1 3 3,Z,0.5,6,SLEEP,Z,0.03087914,0.1380902
3/7/5/6/3/7/7/3/4 3 3,X,-0.6111111111111111111111111111,6,SLEEP,Z,0.11233,0.3803472
3/7/5/6/3/7/7/3/2 3 3,Z,0.5909090909090909090909090909,6,SLEEP,Z,0.172452,0.3613833
3/7/5/6/3/7/7/3/1 3 3,Z,0.5909090909090909090909090909,4,SLEEP,Z,0.03242375,0.1354559
3/7/5/6/7/2/2/7/7 3 3,X,-0.5,6,SLEEP,Z,0.03994136,0.1385975
3/7/5/6/7/2/6/6/7 3 3,X,-0.5555555555555555555555555555,4,SLEEP,Z,0.03521568,0.1602824
3/7/5/6/7/2/6/5/7 3 3,X,-0.5555555555555555555555555555,4,SLEEP,Z,0.09497552,0.2767627
3/7/5/6/7/2/6/3/7 3 3,Z,0.5909090909090909090909090909,6,SLEEP,Z,0.07990239,0.1440833
3/7/5/6/7/2/6/7/6 3 3,X,-0.6111111111111111111111111111,6,SLEEP,Z,0.06794676,0.3028776
3/7/5/6/7/2/6/7/5 3 3,X,-0.5555555555555555555555555555,4,SLEEP,Z,0.05210267,0.2027801
3/7/5/6/7/2/6/7/3 3 3,X,0.7,2,SLEEP,Z,0.02340586,0.07573339
3/7/5/6/7/2/5/6/7 3 3,X,-0.5,4,SLEEP,Z,0.06033395,0.1406526
3/7/5/6/7/2/5/5/7 3 3,X,-0.5,4,SLEEP,Z,0.06672989,0.3856519
3/7/5/6/7/2/5/3/7 3 3,Z,0.5909090909090909090909090909,6,SLEEP,Z,0.03842555,0.1754075
3/7/5/6/7/2/5/7/6 3 3,X,-0.5555555555555555555555555555,4,SLEEP,Z,0.04482868,0.1642129
3/7/5/6/7/2/5/7/5 3 3,X,-0.5,4,SLEEP,Z,0.03128153,0.1428291
3/7/5/6/7/2/5/7/3 3 3,Z,0.5,6,SLEEP,Z,0.03272238,0.1040488
3/7/5/6/7/2/3/6/7 3 3,X,-0.5,4,SLEEP,Z,0.05306862,0.1700527
3/7/5/6/7/2/3/5/7 3 3,Z,0.5,6,SLEEP,Z,0.03708723,0.1494582
3/7/5/6/7/2/3/3/7 3 3,Z,0.5909090909090909090909090909,10,SLEEP,Z,0.1113012,0.3138869
3/7/5/6/7/2/3/7/6 3 3,X,-0.7,4,SLEEP,Z,0.04211986,0.1615973
3/7/5/6/7/2/3/7/5 3 3,Z,0.5,6,SLEEP,Z,0.05585183,0.4279085
3/7/5/6/7/2/3/7/3 3 3,Z,0.5,2,SLEEP,Z,0.01178101,0.04707314
3/7/5/6/7/2/7/2/7 3 3,X,-0.5,4,SLEEP,Z,0.07621133,0.2318414
3/7/5/6/7/2/7/6/6 3 3,X,-0.5555555555555555555555555555,4,SLEEP,Z,0.03773033,0.1983175
3/7/5/6/7/2/7/6/5 3 3,X,-0.5,4,SLEEP,Z,0.02764016,0.110504
3/7/5/6/7/2/7/6/3 3 3,Z,0.5,4,SLEEP,Z,0.02929327,0.1177665
3/7/5/6/7/2/7/5/6 3 3,X,-0.5555555555555555555555555555,6,SLEEP,Z,0.03956211,0.167311
3/7/5/6/7/2/7/5/5 3 3,X,-0.5,4,SLEEP,Z,0.02805985,0.1249379
3/7/5/6/7/2/7/5/3 3 3,Z,0.5,4,SLEEP,Z,0.04803003,0.1476284
3/7/5/6/7/2/7/3/6 3 3,Z,0.5909090909090909090909090909,6,SLEEP,Z,0.05851333,0.2589115
3/7/5/6/7/2/7/3/5 3 3,Z,0.5909090909090909090909090909,6,SLEEP,Z,0.03865512,0.1544612
3/7/5/6/7/2/7/3/3 3 3,Z,0.5909090909090909090909090909,8,SLEEP,Z,0.04070028,0.1597718
3/7/5/6/7/2/7/7/4 3 3,X,-0.5555555555555555555555555555,4,SLEEP,Z,0.03848036,0.1546732
3/7/5/6/7/2/7/7/2 3 3,X,-0.5,4,SLEEP,Z,0.03369705,0.1477421
3/7/5/6/7/2/7/7/1 3 3,Z,0.5,2,SLEEP,Z,0.0258313,0.1061998
3/7/5/6/7/6/2/6/7 3 3,X,-0.5,4,SLEEP,Z,0.04475971,0.1485847
3/7/5/6/7/6/2/5/7 3 3,X,-0.5,6,SLEEP,Z,0.1152423,0.2741109
3/7/5/6/7/6/2/3/7 3 3,Z,0.6666666666666666666666666667,4,SLEEP,Z,0.04382474,0.1582749
3/7/5/6/7/6/2/7/6 3 3,X,-0.5555555555555555555555555555,6,SLEEP,Z,0.08931797,0.341865
3/7/5/6/7/6/2/7/5 3 3,X,-0.5,6,SLEEP,Z,0.1029094,0.3482981
3/7/5/6/7/6/2/7/3 3 3,Z,0.5,2,SLEEP,Z,0.02630275,0.08105219
3/7/5/6/7/6/6/2/7 3 3,X,-0.5555555555555555555555555555,6,SLEEP,Z,0.04426616,0.2006382
3/7/5/6/7/6/6/6/6 3 3,X,-0.6111111111111111111111111111,6,SLEEP,Z,0.0591101,0.2822879
3/7/5/6/7/6/6/6/5 3 3,X,-0.5555555555555555555555555555,4,SLEEP,Z,0.03226082,0.1486414
3/7/5/6/7/6/6/6/3 3 3,X,0.75,4,SLEEP,Z,0.03954581,0.1552131
3/7/5/6/7/6/6/5/6 3 3,X,-0.6111111111111111111111111111,6,SLEEP,Z,0.054794,0.2621402
3/7/5/6/7/6/6/5/5 3 3,X,-0.5555555555555555555555555555,6,SLEEP,Z,0.04522407,0.1838988
3/7/5/6/7/6/6/5/3 3 3,X,0.75,4,SLEEP,Z,0.02576456,0.1087274
3/7/5/6/7/6/6/3/6 3 3,Z,0.6666666666666666666666666667,8,SLEEP,Z,0.06947922,0.3133982
3/7/5/6/7/6/6/3/5 3 3,Z,0.6666666666666666666666666667,6,SLEEP,Z,0.03924523,0.1287761
3/7/5/6/7/6/6/3/3 3 3,X,0.75,4,SLEEP,Z,0.02736527,0.1085569
3/7/5/6/7/6/6/7/4 3 3,X,-0.6111111111111111111111111111,6,SLEEP,Z,0.08652233,0.3658485
3/7/5/6/7/6/6/7/2 3 3,X,-0.5555555555555555555555555555,4,SLEEP,Z,0.03123311,0.137179
3/7/5/6/7/6/6/7/1 3 3,X,0.75,4,SLEEP,Z,0.04273226,0.1515085
3/7/5/6/7/6/5/2/7 3 3,X,-0.5,6,SLEEP,Z,0.02867419,0.1222927
3/7/5/6/7/6/5/6/6 3 3,X,-0.5555555555555555555555555555,4,SLEEP,Z,0.03780873,0.1649259
3/7/5/6/7/6/5/6/5 3 3,X,-0.5,2,SLEEP,Z,0.04149621,0.1906847
3/7/5/6/7/6/5/6/3 3 3,Z,0.5,4,SLEEP,Z,0.09450586,0.2490783
3/7/5/6/7/6/5/5/6 3 3,X,-0.5555555555555555555555555555,6,SLEEP,Z,0.1012826,0.3284427
3/7/5/6/7/6/5/5/5 3 3,X,-0.5,6,SLEEP,Z,0.04276514,0.1713182
3/7/5/6/7/6/5/5/3 3 3,Z,0.5,4,SLEEP,Z,0.02636294,0.1159951
3/7/5/6/7/6/5/3/6 3 3,Z,0.6666666666666666666666666667,4,SLEEP,Z,0.05633426,0.1669378
3/7/5/6/7/6/5/3/5 3 3,Z,0.6666666666666666666666666667,6,SLEEP,Z,0.04738201,0.1553483
3/7/5/6/7/6/5/3/3 3 3,Z,0.6666666666666666666666666667,6,SLEEP,Z,0.04557653,0.1775447
3/7/5/6/7/6/5/7/4 3 3,X,-0.5555555555555555555555555555,6,SLEEP,Z,0.0482973,0.240185
3/7/5/6/7/6/5/7/2 3 3,X,-0.5,4,SLEEP,Z,0.03002967,0.1154971
3/7/5/6/7/6/5/7/1 3 3,Z,0.5,2,SLEEP,Z,0.01985277,0.0928904
3/7/5/6/7/6/3/2/7 3 3,Z,0.5,4,SLEEP,Z,0.06583931,0.2042955
3/7/5/6/7/6/3/6/6 3 3,X,-0.75,6,SLEEP,Z,0.03921102,0.1838945
3/7/5/6/7/6/3/6/5 3 3,X,-0.5,4,SLEEP,Z,0.02704711,0.1160899
3/7/5/6/7/6/3/6/3 3 3,Z,0.5,2,SLEEP,Z,0.01706718,0.0721108
3/7/5/6/7/6/3/5/6 3 3,X,-0.75,6,SLEEP,Z,0.03958053,0.1687055
3/7/5/6/7/6/3/5/5 3 3,Z,0.5,4,SLEEP,Z,0.02210725,0.08875681
3/7/5/6/7/6/3/5/3 3 3,Z,0.5,2,SLEEP,Z,0.01501561,0.06629979
3/7/5/6/7/6/3/3/6 3 3,X,-0.75,6,SLEEP,Z,0.0547576,0.1979935
3/7/5/6/7/6/3/3/5 3 3,Z,0.6666666666666666666666666667,4,SLEEP,Z,0.03473458,0.1235726
3/7/5/6/7/6/3/3/3 3 3,Z,0.6666666666666666666666666667,2,SLEEP,Z,0.0249609,0.09356367
3/7/5/6/7/6/3/7/4 3 3,X,-0.75,4,SLEEP,Z,0.05219528,0.2089337
3/7/5/6/7/6/3/7/2 3 3,Z,0.5,4,SLEEP,Z,0.02486164,0.101459
3/7/5/6/7/6/3/7/1 3 3,Z,0.5,4,SLEEP,Z,0.01742978,0.06292018
3/7/5/6/7/6/7/2/6 3 3,X,-0.5555555555555555555555555555,6,SLEEP,Z,0.05286172,0.225493
3/7/5/6/7/6/7/2/5 3 3,X,-0.5,4,SLEEP,Z,0.02380244,0.1013225
3/7/5/6/7/6/7/2/3 3 3,Z,0.5,2,SLEEP,Z,0.02298546,0.0934207
3/7/5/6/7/6/7/6/4 3 3,X,-0.5555555555555555555555555555,8,SLEEP,Z,0.08996151,0.3789612
3/7/5/6/7/6/7/6/2 3 3,X,-0.5,2,SLEEP,Z,0.03568456,0.1593726
3/7/5/6/7/6/7/6/1 3 3,Z,0.5,2,SLEEP,Z,0.01964503,0.09539293
3/7/5/6/7/6/7/5/4 3 3,X,-0.5555555555555555555555555555,4,SLEEP,Z,0.04091848,0.1869874
3/7/5/6/7/6/7/5/2 3 3,X,-0.5,4,SLEEP,Z,0.02869443,0.1305191
3/7/5/6/7/6/7/5/1 3 3,Z,0.5,2,SLEEP,Z,0.02074369,0.09537839
3/7/5/6/7/6/7/3/4 3 3,Z,0.6666666666666666666666666666,4,SLEEP,Z,0.04927704,0.1852884
3/7/5/6/7/6/7/3/2 3 3,Z,0.6666666666666666666666666666,4,SLEEP,Z,0.04712076,0.1768842
3/7/5/6/7/6/7/3/1 3 3,Z,0.6666666666666666666666666666,6,SLEEP,Z,0.04115539,0.1630904
3/7/5/6/7/5/2/6/7 3 3,X,-0.5,4,SLEEP,Z,0.1012617,0.3411164
3/7/5/6/7/5/2/5/7 3 3,X,-0.5,4,SLEEP,Z,0.04873245,0.1598454
3/7/5/6/7/5/2/3/7 3 3,Z,0.5909090909090909090909090909,6,SLEEP,Z,0.1301793,0.2758456
3/7/5/6/7/5/2/7/6 3 3,X,-0.5555555555555555555555555555,4,SLEEP,Z,0.128998,0.394778
3/7/5/6/7/5/2/7/5 3 3,X,-0.5,4,SLEEP,Z,0.03837337,0.1589305
3/7/5/6/7/5/2/7/3 3 3,Z,0.5,4,SLEEP,Z,0.1352763,0.2169772
3/7/5/6/7/5/6/2/7 3 3,X,-0.5555555555555555555555555555,4,SLEEP,Z,0.04740344,0.2089781
3/7/5/6/7/5/6/6/6 3 3,X,-0.6111111111111111111111111111,8,SLEEP,Z,0.06121037,0.2624942
3/7/5/6/7/5/6/6/5 3 3,X,-0.5555555555555555555555555555,6,SLEEP,Z,0.0397476,0.175829
3/7/5/6/7/5/6/6/3 3 3,X,0.75,4,SLEEP,Z,0.1616481,0.2852887
3/7/5/6/7/5/6/5/6 3 3,X,-0.6111111111111111111111111111,6,SLEEP,Z,0.07881504,0.3615795
3/7/5/6/7/5/6/5/5 3 3,X,-0.5555555555555555555555555555,4,SLEEP,Z,0.0409159,0.1780677
3/7/5/6/7/5/6/5/3 3 3,X,0.75,4,SLEEP,Z,0.05075406,0.1559712
3/7/5/6/7/5/6/3/6 3 3,X,-0.6111111111111111111111111111,8,SLEEP,Z,0.08691885,0.388215
3/7/5/6/7/5/6/3/5 3 3,Z,0.5909090909090909090909090909,6,SLEEP,Z,0.05508212,0.2436495
3/7/5/6/7/5/6/3/3 3 3,X,0.75,4,SLEEP,Z,0.04174541,0.1810143
3/7/5/6/7/5/6/7/4 3 3,X,-0.6111111111111111111111111111,6,SLEEP,Z,0.04932436,0.2297052
3/7/5/6/7/5/6/7/2 3 3,X,-0.5555555555555555555555555555,6,SLEEP,Z,0.08490137,0.3431369
3/7/5/6/7/5/6/7/1 3 3,X,0.75,6,SLEEP,Z,0.1227073,0.373933
3/7/5/6/7/5/5/2/7 3 3,X,-0.5,6,SLEEP,Z,0.04997002,0.2177012
3/7/5/6/7/5/5/6/6 3 3,X,-0.5555555555555555555555555555,4,SLEEP,Z,0.04224894,0.1980563
3/7/5/6/7/5/5/6/5 3 3,X,-0.5,8,SLEEP,Z,0.06979629,0.2741154
3/7/5/6/7/5/5/6/3 3 3,Z,0.5,4,SLEEP,Z,0.03054837,0.1253538
3/7/5/6/7/5/5/5/6 3 3,X,-0.5555555555555555555555555555,6,SLEEP,Z,0.0526053,0.2478726
3/7/5/6/7/5/5/5/5 3 3,X,-0.5,4,SLEEP,Z,0.02902566,0.1278788
3/7/5/6/7/5/5/5/3 3 3,Z,0.5,4,SLEEP,Z,0.05447806,0.1935661
3/7/5/6/7/5/5/3/6 3 3,Z,0.5909090909090909090909090909,8,SLEEP,Z,0.0862742,0.3579315
3/7/5/6/7/5/5/3/5 3 3,Z,0.5909090909090909090909090909,4,SLEEP,Z,0.02868543,0.1312657
3/7/5/6/7/5/5/3/3 3 3,Z,0.5909090909090909090909090909,6,SLEEP,Z,0.1031719,0.3403663
3/7/5/6/7/5/5/7/4 3 3,X,-0.5555555555555555555555555555,4,SLEEP,Z,0.04267965,0.1843416
3/7/5/6/7/5/5/7/2 3 3,X,-0.5,4,SLEEP,Z,0.03833142,0.1664882
3/7/5/6/7/5/5/7/1 3 3,Z,0.5,4,SLEEP,Z,0.0420183,0.1178968
3/7/5/6/7/5/3/2/7 3 3,Z,0.5,4,SLEEP,Z,0.0437813,0.186059
3/7/5/6/7/5/3/6/6 3 3,X,-0.75,4,SLEEP,Z,0.04916269,0.2052753
3/7/5/6/7/5/3/6/5 3 3,X,-0.5,4,SLEEP,Z,0.04677968,0.1747572
3/7/5/6/7/5/3/6/3 3 3,Z,0.5,6,SLEEP,Z,0.03167201,0.1069975
3/7/5/6/7/5/3/5/6 3 3,X,-0.75,4,SLEEP,Z,0.04452556,0.1746981
3/7/5/6/7/5/3/5/5 3 3,Z,0.5,4,SLEEP,Z,0.03770212,0.16164
3/7/5/6/7/5/3/5/3 3 3,Z,0.5,6,SLEEP,Z,0.026812,0.1179149
3/7/5/6/7/5/3/3/6 3 3,X,-0.75,4,SLEEP,Z,0.04595238,0.1670626
3/7/5/6/7/5/3/3/5 3 3,Z,0.5909090909090909090909090909,4,SLEEP,Z,0.035061,0.1391513
3/7/5/6/7/5/3/3/3 3 3,Z,0.5909090909090909090909090909,6,SLEEP,Z,0.05257953,0.1972146
3/7/5/6/7/5/3/7/4 3 3,X,-0.75,4,SLEEP,Z,0.04503629,0.1549748
3/7/5/6/7/5/3/7/2 3 3,Z,0.5,2,SLEEP,Z,0.02741868,0.1079212
3/7/5/6/7/5/3/7/1 3 3,Z,0.5,4,SLEEP,Z,0.01824155,0.07092517
3/7/5/6/7/5/7/2/6 3 3,X,-0.5555555555555555555555555555,6,SLEEP,Z,0.05531973,0.2623861
3/7/5/6/7/5/7/2/5 3 3,X,-0.5,4,SLEEP,Z,0.03375641,0.1561
3/7/5/6/7/5/7/2/3 3 3,Z,0.5,4,SLEEP,Z,0.01604686,0.06700851
3/7/5/6/7/5/7/6/4 3 3,X,-0.5555555555555555555555555555,4,SLEEP,Z,0.05776079,0.1869718
3/7/5/6/7/5/7/6/2 3 3,X,-0.5,4,SLEEP,Z,0.02488059,0.1129191
3/7/5/6/7/5/7/6/1 3 3,Z,0.5,2,SLEEP,Z,0.02370419,0.1061327
3/7/5/6/7/5/7/5/4 3 3,X,-0.5555555555555555555555555555,4,SLEEP,Z,0.03134248,0.1423887
3/7/5/6/7/5/7/5/2 3 3,X,-0.5,4,SLEEP,Z,0.02125774,0.09436681
3/7/5/6/7/5/7/5/1 3 3,Z,0.5,4,SLEEP,Z,0.0402061,0.1866748
3/7/5/6/7/5/7/3/4 3 3,Z,0.5909090909090909090909090909,4,SLEEP,Z,0.05548397,0.2185197
3/7/5/6/7/5/7/3/2 3 3,Z,0.5909090909090909090909090909,6,SLEEP,Z,0.07820929,0.2799239
3/7/5/6/7/5/7/3/1 3 3,Z,0.5909090909090909090909090909,4,SLEEP,Z,0.06219378,0.2936848
3/7/5/6/7/3/2/6/7 3 3,Z,-0.6666666666666666666666666667,4,SLEEP,Z,0.1137256,0.2774747
3/7/5/6/7/3/2/5/7 3 3,Z,0.5909090909090909090909090909,4,SLEEP,Z,0.07331102,0.3601109
3/7/5/6/7/3/2/3/7 3 3,Z,0.6818181818181818181818181818,8,SLEEP,Z,0.1163037,0.3871306
3/7/5/6/7/3/2/7/6 3 3,Z,0.5909090909090909090909090909,4,SLEEP,Z,0.06795892,0.2589334
3/7/5/6/7/3/2/7/5 3 3,Z,0.5909090909090909090909090909,4,SLEEP,Z,0.09845857,0.3644668
3/7/5/6/7/3/2/7/3 3 3,Z,0.5909090909090909090909090909,6,SLEEP,Z,0.135853,0.2879051
3/7/5/6/7/3/6/2/7 3 3,Z,0.5909090909090909090909090909,6,SLEEP,Z,0.04339228,0.170917
3/7/5/6/7/3/6/6/6 3 3,Z,-0.6666666666666666666666666667,8,SLEEP,Z,0.07156409,0.3000481
3/7/5/6/7/3/6/6/5 3 3,Z,-0.6666666666666666666666666667,4,SLEEP,Z,0.0461296,0.211995
3/7/5/6/7/3/6/6/3 3 3,X,0.75,4,SLEEP,Z,0.04075228,0.1458528
3/7/5/6/7/3/6/5/6 3 3,X,-0.6111111111111111111111111111,6,SLEEP,Z,0.06421362,0.2858313
3/7/5/6/7/3/6/5/5 3 3,Z,0.5909090909090909090909090909,4,SLEEP,Z,0.124126,0.3233179
3/7/5/6/7/3/6/5/3 3 3,X,0.75,4,SLEEP,Z,0.02939157,0.103363
3/7/5/6/7/3/6/3/6 3 3,Z,0.6818181818181818181818181818,6,SLEEP,Z,0.05378248,0.2515197
3/7/5/6/7/3/6/3/5 3 3,Z,0.6818181818181818181818181818,8,SLEEP,Z,0.08545917,0.3224152
3/7/5/6/7/3/6/3/3 3 3,X,0.75,6,SLEEP,Z,0.03458196,0.139083
3/7/5/6/7/3/6/7/4 3 3,X,-0.6111111111111111111111111111,8,SLEEP,Z,0.06318861,0.2871596
3/7/5/6/7/3/6/7/2 3 3,Z,0.5909090909090909090909090909,4,SLEEP,Z,0.0380628,0.1624354
3/7/5/6/7/3/6/7/1 3 3,X,0.75,6,SLEEP,Z,0.04732682,0.2205459
3/7/5/6/7/3/5/2/7 3 3,Z,0.5909090909090909090909090909,2,SLEEP,Z,0.03293364,0.1410391
3/7/5/6/7/3/5/6/6 3 3,Z,-0.6666666666666666666666666667,4,SLEEP,Z,0.04369234,0.1196617
3/7/5/6/7/3/5/6/5 3 3,Z,-0.6666666666666666666666666667,4,SLEEP,Z,0.02645011,0.1229439
3/7/5/6/7/3/5/6/3 3 3,Z,-0.6666666666666666666666666667,6,SLEEP,Z,0.02730671,0.116502
3/7/5/6/7/3/5/5/6 3 3,Z,0.5909090909090909090909090909,6,SLEEP,Z,0.04246427,0.1932892
3/7/5/6/7/3/5/5/5 3 3,Z,0.5909090909090909090909090909,4,SLEEP,Z,0.0344324,0.136257
3/7/5/6/7/3/5/5/3 3 3,Z,0.5909090909090909090909090909,4,SLEEP,Z,0.06522073,0.2404567
3/7/5/6/7/3/5/3/6 3 3,Z,0.6818181818181818181818181818,8,SLEEP,Z,0.05255463,0.2218086
3/7/5/6/7/3/5/3/5 3 3,Z,0.6818181818181818181818181818,6,SLEEP,Z,0.04443979,0.1746527
3/7/5/6/7/3/5/3/3 3 3,Z,0.6818181818181818181818181818,4,SLEEP,Z,0.02892536,0.1190006
3/7/5/6/7/3/5/7/4 3 3,Z,0.5909090909090909090909090909,6,SLEEP,Z,0.06173675,0.2909536
3/7/5/6/7/3/5/7/2 3 3,Z,0.5909090909090909090909090909,6,SLEEP,Z,0.0373122,0.1528486
3/7/5/6/7/3/5/7/1 3 3,Z,0.5909090909090909090909090909,6,SLEEP,Z,0.04158961,0.1419985
3/7/5/6/7/3/3/2/7 3 3,Z,0.5909090909090909090909090909,4,SLEEP,Z,0.03412285,0.1250515
3/7/5/6/7/3/3/6/6 3 3,X,-0.75,6,SLEEP,Z,0.08325826,0.2510711
3/7/5/6/7/3/3/6/5 3 3,Z,-0.6666666666666666666666666667,2,SLEEP,Z,0.01991926,0.09724993
3/7/5/6/7/3/3/6/3 3 3,Z,-0.6666666666666666666666666667,4,SLEEP,Z,0.03736815,0.07634883
3/7/5/6/7/3/3/5/6 3 3,X,-0.75,6,SLEEP,Z,0.03870039,0.1614391
3/7/5/6/7/3/3/5/5 3 3,Z,0.5909090909090909090909090909,8,SLEEP,Z,0.03915174,0.1635734
3/7/5/6/7/3/3/5/3 3 3,Z,0.5909090909090909090909090909,2,SLEEP,Z,0.02853649,0.1051463
3/7/5/6/7/3/3/3/6 3 3,X,-0.75,6,SLEEP,Z,0.06880751,0.2202934
3/7/5/6/7/3/3/3/5 3 3,Z,0.6818181818181818181818181818,6,SLEEP,Z,0.05233844,0.1985636
3/7/5/6/7/3/3/3/3 3 3,Z,0.6818181818181818181818181818,4,SLEEP,Z,0.02544206,0.1007693
3/7/5/6/7/3/3/7/4 3 3,X,-0.75,4,SLEEP,Z,0.04347327,0.1680073
3/7/5/6/7/3/3/7/2 3 3,Z,0.5909090909090909090909090909,4,SLEEP,Z,0.04435619,0.1565092
3/7/5/6/7/3/3/7/1 3 3,Z,0.5909090909090909090909090909,4,SLEEP,Z,0.05000019,0.1494047
3/7/5/6/7/3/7/2/6 3 3,Z,0.5909090909090909090909090909,4,SLEEP,Z,0.04065003,0.1853928
3/7/5/6/7/3/7/2/5 3 3,Z,0.5909090909090909090909090909,6,SLEEP,Z,0.09090856,0.288516
3/7/5/6/7/3/7/2/3 3 3,Z,0.5909090909090909090909090909,6,SLEEP,Z,0.02716696,0.1179556
3/7/5/6/7/3/7/6/4 3 3,Z,-0.6666666666666666666666666666,6,SLEEP,Z,0.04543703,0.2036816
3/7/5/6/7/3/7/6/2 3 3,Z,-0.6666666666666666666666666666,4,SLEEP,Z,0.03634278,0.154333
3/7/5/6/7/3/7/6/1 3 3,Z,-0.6666666666666666666666666666,2,SLEEP,Z,0.0184206,0.08450267
3/7/5/6/7/3/7/5/4 3 3,Z,0.5909090909090909090909090909,4,SLEEP,Z,0.07349102,0.2941082
3/7/5/6/7/3/7/5/2 3 3,Z,0.5909090909090909090909090909,4,SLEEP,Z,0.03107584,0.1368775
3/7/5/6/7/3/7/5/1 3 3,Z,0.5909090909090909090909090909,4,SLEEP,Z,0.03590691,0.1623513
3/7/5/6/7/3/7/3/4 3 3,Z,0.6818181818181818181818181818,6,SLEEP,Z,0.05806503,0.2558389
3/7/5/6/7/3/7/3/2 3 3,Z,0.6818181818181818181818181818,6,SLEEP,Z,0.09523509,0.3501175
3/7/5/6/7/3/7/3/1 3 3,Z,0.6818181818181818181818181818,6,SLEEP,Z,0.115411,0.3555772
3/7/5/6/7/7/2/2/7 3 3,X,-0.5,6,SLEEP,Z,0.07236778,0.2324313
3/7/5/6/7/7/2/6/6 3 3,X,-0.5555555555555555555555555555,4,SLEEP,Z,0.05115841,0.223265
3/7/5/6/7/7/2/6/5 3 3,X,-0.5,6,SLEEP,Z,0.06302287,0.226857
3/7/5/6/7/7/2/6/3 3 3,X,0.5,4,SLEEP,Z,0.02775027,0.1078368
3/7/5/6/7/7/2/5/6 3 3,X,-0.5555555555555555555555555555,6,SLEEP,Z,0.05185203,0.2399825
3/7/5/6/7/7/2/5/5 3 3,X,-0.5,2,SLEEP,Z,0.02798433,0.1173059
3/7/5/6/7/7/2/5/3 3 3,Z,0.5,8,SLEEP,Z,0.1533407,0.3589045
3/7/5/6/7/7/2/3/6 3 3,Z,0.5909090909090909090909090909,6,SLEEP,Z,0.04789006,0.1875406
3/7/5/6/7/7/2/3/5 3 3,Z,0.5909090909090909090909090909,6,SLEEP,Z,0.04118068,0.1631986
3/7/5/6/7/7/2/3/3 3 3,Z,0.5909090909090909090909090909,8,SLEEP,Z,0.05800061,0.1835882
3/7/5/6/7/7/2/7/4 3 3,X,-0.5555555555555555555555555555,6,SLEEP,Z,0.1199301,0.3359383
3/7/5/6/7/7/2/7/2 3 3,X,-0.5,2,SLEEP,Z,0.03551717,0.1374234
3/7/5/6/7/7/2/7/1 3 3,Z,0.5,6,SLEEP,Z,0.1351624,0.4027121
3/7/5/6/7/7/6/2/6 3 3,X,-0.6111111111111111111111111111,6,SLEEP,Z,0.07552502,0.3133461
3/7/5/6/7/7/6/2/5 3 3,X,-0.5555555555555555555555555555,6,SLEEP,Z,0.09703226,0.3104714
3/7/5/6/7/7/6/2/3 3 3,X,0.8333333333333333333333333333,4,SLEEP,Z,0.03065402,0.1280232
3/7/5/6/7/7/6/6/4 3 3,X,-0.6111111111111111111111111111,6,SLEEP,Z,0.0599767,0.2565401
3/7/5/6/7/7/6/6/2 3 3,X,-0.5555555555555555555555555555,6,SLEEP,Z,0.05150291,0.2343095
3/7/5/6/7/7/6/6/1 3 3,X,0.8333333333333333333333333333,6,SLEEP,Z,0.04901041,0.2031688
3/7/5/6/7/7/6/5/4 3 3,X,-0.6111111111111111111111111111,8,SLEEP,Z,0.08778085,0.3959336
3/7/5/6/7/7/6/5/2 3 3,X,-0.5555555555555555555555555555,4,SLEEP,Z,0.03848677,0.1715336
3/7/5/6/7/7/6/5/1 3 3,X,0.8333333333333333333333333333,4,SLEEP,Z,0.02687215,0.1178972
3/7/5/6/7/7/6/3/4 3 3,X,-0.6111111111111111111111111111,6,SLEEP,Z,0.05947373,0.2814334
3/7/5/6/7/7/6/3/2 3 3,Z,0.5909090909090909090909090909,6,SLEEP,Z,0.04465017,0.1916286
3/7/5/6/7/7/6/3/1 3 3,X,0.8333333333333333333333333333,4,SLEEP,Z,0.03771121,0.1275154
3/7/5/6/7/7/5/2/6 3 3,X,-0.5555555555555555555555555555,4,SLEEP,Z,0.05171286,0.2383261
3/7/5/6/7/7/5/2/5 3 3,X,-0.5,6,SLEEP,Z,0.04197489,0.2000793
3/7/5/6/7/7/5/2/3 3 3,Z,0.5,2,SLEEP,Z,0.0216455,0.1034716
3/7/5/6/7/7/5/6/4 3 3,X,-0.5555555555555555555555555555,6,SLEEP,Z,0.0475424,0.2161895
3/7/5/6/7/7/5/6/2 3 3,X,-0.5,4,SLEEP,Z,0.02896433,0.1248322
3/7/5/6/7/7/5/6/1 3 3,Z,0.5,4,SLEEP,Z,0.02492991,0.1141265
3/7/5/6/7/7/5/5/4 3 3,X,-0.5555555555555555555555555555,6,SLEEP,Z,0.060566,0.2779442
3/7/5/6/7/7/5/5/2 3 3,X,-0.5,4,SLEEP,Z,0.0426266,0.1965217
3/7/5/6/7/7/5/5/1 3 3,Z,0.5,4,SLEEP,Z,0.04094264,0.08497801
3/7/5/6/7/7/5/3/4 3 3,Z,0.5909090909090909090909090909,6,SLEEP,Z,0.06065663,0.2773575
3/7/5/6/7/7/5/3/2 3 3,Z,0.5909090909090909090909090909,4,SLEEP,Z,0.03216461,0.1410745
3/7/5/6/7/7/5/3/1 3 3,Z,0.5909090909090909090909090909,2,SLEEP,Z,0.01866932,0.07470223
3/7/5/6/7/7/3/2/6 3 3,X,-0.8333333333333333333333333333,4,SLEEP,Z,0.03166405,0.1195097
3/7/5/6/7/7/3/2/5 3 3,Z,0.5,4,SLEEP,Z,0.03150415,0.1260426
3/7/5/6/7/7/3/2/3 3 3,Z,0.5,4,SLEEP,Z,0.02000291,0.08369303
3/7/5/6/7/7/3/6/4 3 3,X,-0.8333333333333333333333333333,4,SLEEP,Z,0.06969962,0.2156315
3/7/5/6/7/7/3/6/2 3 3,X,-0.5,4,SLEEP,Z,0.03050276,0.1349024
3/7/5/6/7/7/3/6/1 3 3,Z,0.5,2,SLEEP,Z,0.01453528,0.06622007
3/7/5/6/7/7/3/5/4 3 3,X,-0.8333333333333333333333333333,6,SLEEP,Z,0.04947227,0.2047622
3/7/5/6/7/7/3/5/2 3 3,Z,0.5,4,SLEEP,Z,0.02530171,0.108828
3/7/5/6/7/7/3/5/1 3 3,Z,0.5,4,SLEEP,Z,0.01339054,0.05982964
3/7/5/6/7/7/3/3/4 3 3,X,-0.8333333333333333333333333333,6,SLEEP,Z,0.05675498,0.2110135
3/7/5/6/7/7/3/3/2 3 3,Z,0.5909090909090909090909090909,4,SLEEP,Z,0.02873349,0.1268894
3/7/5/6/7/7/3/3/1 3 3,Z,0.5909090909090909090909090909,6,SLEEP,Z,0.1182473,0.2658557
3/7/5/6/7/7/7/2/4 3 3,X,-0.5555555555555555555555555555,6,SLEEP,Z,0.05383074,0.2436985
3/7/5/6/7/7/7/2/2 3 3,X,-0.5,6,SLEEP,Z,0.06952199,0.24818
3/7/5/6/7/7/7/2/1 3 3,Z,0.5,4,SLEEP,Z,0.02727298,0.1181841
3/7/5/5/2/2/7/7/7 3 3,X,-0.5,4,SLEEP,Z,0.04296608,0.126352
3/7/5/5/2/6/6/7/7 3 3,X,-0.5555555555555555555555555555,4,SLEEP,Z,0.05101145,0.1756603
3/7/5/5/2/6/5/7/7 3 3,X,-0.5,2,SLEEP,Z,0.03504964,0.1285895
3/7/5/5/2/6/3/7/7 3 3,Z,0.5,4,SLEEP,Z,0.04904454,0.1662285
3/7/5/5/2/6/7/6/7 3 3,X,-0.5,4,SLEEP,Z,0.04491818,0.1536294
3/7/5/5/2/6/7/5/7 3 3,X,-0.5,4,SLEEP,Z,0.05201841,0.1245624
3/7/5/5/2/6/7/3/7 3 3,Z,0.625,6,SLEEP,Z,0.1508038,0.2783208
3/7/5/5/2/6/7/7/6 3 3,X,-0.5555555555555555555555555555,4,SLEEP,Z,0.06088238,0.2375728
3/7/5/5/2/6/7/7/5 3 3,X,-0.5,6,SLEEP,Z,0.06545068,0.2070882
3/7/5/5/2/6/7/7/3 3 3,Z,0.5,2,SLEEP,Z,0.02220323,0.07185349
3/7/5/5/2/5/6/7/7 3 3,X,-0.5555555555555555555555555555,6,SLEEP,Z,0.07569049,0.2946175
3/7/5/5/2/5/5/7/7 3 3,X,-0.5,4,SLEEP,Z,0.04733188,0.1605544
3/7/5/5/2/5/3/7/7 3 3,X,-0.5,4,SLEEP,Z,0.06201427,0.1929377
3/7/5/5/2/5/7/6/7 3 3,X,-0.5,4,SLEEP,Z,0.03277646,0.1205386
3/7/5/5/2/5/7/5/7 3 3,X,-0.5,2,SLEEP,Z,0.0277157,0.1262073
3/7/5/5/2/5/7/3/7 3 3,X,-0.5,6,SLEEP,Z,0.02593409,0.09631238
3/7/5/5/2/5/7/7/6 3 3,X,-0.5555555555555555555555555555,4,SLEEP,Z,0.04540686,0.1774265
3/7/5/5/2/5/7/7/5 3 3,X,-0.5,2,SLEEP,Z,0.03288779,0.108047
3/7/5/5/2/5/7/7/3 3 3,X,-0.4444444444444444444444444445,4,SLEEP,Z,0.09733429,0.176574
3/7/5/5/2/3/6/7/7 3 3,X,-0.5555555555555555555555555555,6,SLEEP,Z,0.04862918,0.1858694
3/7/5/5/2/3/5/7/7 3 3,X,-0.5,4,SLEEP,Z,0.06609996,0.1667459
3/7/5/5/2/3/3/7/7 3 3,Z,-0.5,2,SLEEP,Z,0.06799621,0.1375491
3/7/5/5/2/3/7/6/7 3 3,Z,-0.625,4,SLEEP,Z,0.09013258,0.2599734
3/7/5/5/2/3/7/5/7 3 3,X,-0.5,6,SLEEP,Z,0.0324197,0.1180864
3/7/5/5/2/3/7/3/7 3 3,X,-0.5,6,SLEEP,Z,0.05832558,0.1417047
3/7/5/5/2/3/7/7/6 3 3,X,-0.5555555555555555555555555555,4,SLEEP,Z,0.04423544,0.1897646
3/7/5/5/2/3/7/7/5 3 3,X,-0.5,2,SLEEP,Z,0.03933142,0.1395184
3/7/5/5/2/3/7/7/3 3 3,Z,-0.5,2,SLEEP,Z,0.08552638,0.3789264
3/7/5/5/2/7/2/7/7 3 3,X,-0.5,4,SLEEP,Z,0.05948766,0.1353636
3/7/5/5/2/7/6/6/7 3 3,X,-0.5555555555555555555555555555,6,SLEEP,Z,0.06497556,0.2471143
3/7/5/5/2/7/6/5/7 3 3,X,-0.5555555555555555555555555555,6,SLEEP,Z,0.08564696,0.3063061
3/7/5/5/2/7/6/3/7 3 3,X,-0.5555555555555555555555555555,4,SLEEP,Z,0.04552352,0.1827309
3/7/5/5/2/7/6/7/6 3 3,X,-0.6111111111111111111111111111,6,SLEEP,Z,0.07256559,0.324322
3/7/5/5/2/7/6/7/5 3 3,X,-0.5555555555555555555555555555,4,SLEEP,Z,0.05412018,0.2069604
3/7/5/5/2/7/6/7/3 3 3,X,0.7,2,SLEEP,Z,0.02311062,0.08312736
3/7/5/5/2/7/5/6/7 3 3,X,-0.5,2,SLEEP,Z,0.04424082,0.166442
3/7/5/5/2/7/5/5/7 3 3,X,-0.5,6,SLEEP,Z,0.06574021,0.2132817
3/7/5/5/2/7/5/3/7 3 3,X,-0.5,4,SLEEP,Z,0.04295225,0.1352393
3/7/5/5/2/7/5/7/6 3 3,X,-0.5555555555555555555555555555,4,SLEEP,Z,0.05110294,0.2038609
3/7/5/5/2/7/5/7/5 3 3,X,-0.5,2,SLEEP,Z,0.04284391,0.1642966
3/7/5/5/2/7/5/7/3 3 3,X,-0.4444444444444444444444444445,6,SLEEP,Z,0.1170413,0.2190134
3/7/5/5/2/7/3/6/7 3 3,X,-0.5,2,SLEEP,Z,0.0437751,0.1221163
3/7/5/5/2/7/3/5/7 3 3,X,-0.5,4,SLEEP,Z,0.09220563,0.2123534
3/7/5/5/2/7/3/3/7 3 3,X,-0.5,4,SLEEP,Z,0.03875809,0.09334055
3/7/5/5/2/7/3/7/6 3 3,X,-0.7,2,SLEEP,Z,0.0292656,0.1112192
3/7/5/5/2/7/3/7/5 3 3,X,-0.5,2,SLEEP,Z,0.03118964,0.08477327
3/7/5/5/2/7/3/7/3 3 3,X,0.4,2,SLEEP,Z,0.03631046,0.04686218
3/7/5/5/2/7/7/2/7 3 3,X,-0.5,4,SLEEP,Z,0.03749039,0.1410587
3/7/5/5/2/7/7/6/6 3 3,X,-0.5555555555555555555555555555,4,SLEEP,Z,0.05668813,0.2247044
3/7/5/5/2/7/7/6/5 3 3,X,-0.5,6,SLEEP,Z,0.04347609,0.1708414
3/7/5/5/2/7/7/6/3 3 3,Z,0.5,2,SLEEP,Z,0.08699931,0.1324596
3/7/5/5/2/7/7/5/6 3 3,X,-0.5555555555555555555555555555,4,SLEEP,Z,0.02807468,0.1072902
3/7/5/5/2/7/7/5/5 3 3,X,-0.5,4,SLEEP,Z,0.0431499,0.162338
3/7/5/5/2/7/7/5/3 3 3,X,-0.4444444444444444444444444445,4,SLEEP,Z,0.08072393,0.1767325
3/7/5/5/2/7/7/3/6 3 3,X,-0.5555555555555555555555555555,8,SLEEP,Z,0.08759657,0.3288713
3/7/5/5/2/7/7/3/5 3 3,X,-0.5,2,SLEEP,Z,0.02514348,0.110143
3/7/5/5/2/7/7/3/3 3 3,Z,-0.5,2,SLEEP,Z,0.02542642,0.08085009
3/7/5/5/2/7/7/7/4 3 3,X,-0.5555555555555555555555555555,8,SLEEP,Z,0.0896764,0.3616908
3/7/5/5/2/7/7/7/2 3 3,X,-0.5,4,SLEEP,Z,0.03754893,0.1394183
3/7/5/5/2/7/7/7/1 3 3,X,-0.4444444444444444444444444445,2,SLEEP,Z,0.08928604,0.1722365
3/7/5/5/6/2/6/7/7 3 3,X,-0.6111111111111111111111111111,6,SLEEP,Z,0.04423222,0.195611
3/7/5/5/6/2/5/7/7 3 3,X,-0.5555555555555555555555555555,2,SLEEP,Z,0.0261676,0.1177178
3/7/5/5/6/2/3/7/7 3 3,X,0.6111111111111111111111111111,4,SLEEP,Z,0.04465007,0.0991362
3/7/5/5/6/2/7/6/7 3 3,X,-0.5555555555555555555555555555,4,SLEEP,Z,0.02766479,0.09605715
3/7/5/5/6/2/7/5/7 3 3,X,-0.5555555555555555555555555555,2,SLEEP,Z,0.04146075,0.09504297
3/7/5/5/6/2/7/3/7 3 3,X,-0.5555555555555555555555555555,6,SLEEP,Z,0.1061504,0.2409219
3/7/5/5/6/2/7/7/6 3 3,X,-0.6111111111111111111111111111,6,SLEEP,Z,0.04958813,0.2220279
3/7/5/5/6/2/7/7/5 3 3,X,-0.5555555555555555555555555555,4,SLEEP,Z,0.1237352,0.2512072
3/7/5/5/6/2/7/7/3 3 3,X,0.6111111111111111111111111111,4,SLEEP,Z,0.02934383,0.07682577
3/7/5/5/6/6/2/7/7 3 3,X,-0.5555555555555555555555555555,4,SLEEP,Z,0.1793984,0.3372868
3/7/5/5/6/6/6/6/7 3 3,X,-0.6111111111111111111111111111,4,SLEEP,Z,0.05083841,0.2267303
3/7/5/5/6/6/6/5/7 3 3,X,-0.6111111111111111111111111111,6,SLEEP,Z,0.1826772,0.3903944
3/7/5/5/6/6/6/3/7 3 3,Z,0.6428571428571428571428571429,8,SLEEP,Z,0.1809843,0.3614764
3/7/5/5/6/6/6/7/6 3 3,X,-0.6666666666666666666666666666,6,SLEEP,Z,0.08355428,0.3260477
3/7/5/5/6/6/6/7/5 3 3,X,-0.6111111111111111111111111111,4,SLEEP,Z,0.04889212,0.2155514
3/7/5/5/6/6/6/7/3 3 3,X,0.7,2,SLEEP,Z,0.04405344,0.115313
3/7/5/5/6/6/5/6/7 3 3,X,-0.5555555555555555555555555555,2,SLEEP,Z,0.02874869,0.08477991
3/7/5/5/6/6/5/5/7 3 3,X,-0.5555555555555555555555555555,2,SLEEP,Z,0.04438289,0.1361901
3/7/5/5/6/6/5/3/7 3 3,Z,0.6428571428571428571428571429,4,SLEEP,Z,0.1308055,0.2807487
3/7/5/5/6/6/5/7/6 3 3,X,-0.6111111111111111111111111111,8,SLEEP,Z,0.04946893,0.2225866
3/7/5/5/6/6/5/7/5 3 3,X,-0.5555555555555555555555555555,2,SLEEP,Z,0.03515432,0.1471713
3/7/5/5/6/6/5/7/3 3 3,X,0.6111111111111111111111111111,2,SLEEP,Z,0.02373956,0.09337869
3/7/5/5/6/6/3/6/7 3 3,X,0.6111111111111111111111111111,2,SLEEP,Z,0.02862318,0.1030047
3/7/5/5/6/6/3/5/7 3 3,X,0.6111111111111111111111111111,4,SLEEP,Z,0.1277999,0.4006431
3/7/5/5/6/6/3/3/7 3 3,Z,0.6428571428571428571428571429,2,SLEEP,Z,0.02394089,0.0646218
3/7/5/5/6/6/3/7/6 3 3,X,-0.7,4,SLEEP,Z,0.0399664,0.1342249
3/7/5/5/6/6/3/7/5 3 3,X,0.6111111111111111111111111111,2,SLEEP,Z,0.02499357,0.08959266
3/7/5/5/6/6/3/7/3 3 3,X,0.7222222222222222222222222222,2,SLEEP,Z,0.007618594,0.02683528
3/7/5/5/6/6/7/2/7 3 3,X,-0.5555555555555555555555555555,4,SLEEP,Z,0.04768157,0.1685359
3/7/5/5/6/6/7/6/6 3 3,X,-0.6111111111111111111111111111,6,SLEEP,Z,0.0414562,0.1742991
3/7/5/5/6/6/7/6/5 3 3,X,-0.5555555555555555555555555555,2,SLEEP,Z,0.02206023,0.08608867
3/7/5/5/6/6/7/6/3 3 3,X,0.6111111111111111111111111111,6,SLEEP,Z,0.1340049,0.3124297
3/7/5/5/6/6/7/5/6 3 3,X,-0.6111111111111111111111111111,6,SLEEP,Z,0.08061433,0.2586504
3/7/5/5/6/6/7/5/5 3 3,X,-0.5555555555555555555555555555,4,SLEEP,Z,0.05260318,0.1703952
3/7/5/5/6/6/7/5/3 3 3,X,0.6111111111111111111111111111,2,SLEEP,Z,0.02118308,0.07113065
3/7/5/5/6/6/7/3/6 3 3,Z,0.6428571428571428571428571429,6,SLEEP,Z,0.06367135,0.2775687
3/7/5/5/6/6/7/3/5 3 3,Z,0.6428571428571428571428571429,4,SLEEP,Z,0.02876404,0.1296864
3/7/5/5/6/6/7/3/3 3 3,Z,0.6428571428571428571428571429,2,SLEEP,Z,0.03894293,0.1250576
3/7/5/5/6/6/7/7/4 3 3,X,-0.6111111111111111111111111111,6,SLEEP,Z,0.1188382,0.3404514
3/7/5/5/6/6/7/7/2 3 3,X,-0.5555555555555555555555555555,4,SLEEP,Z,0.1248989,0.2757229
3/7/5/5/6/6/7/7/1 3 3,X,0.6111111111111111111111111111,2,SLEEP,Z,0.02300081,0.08868128
3/7/5/5/6/5/2/7/7 3 3,X,-0.5555555555555555555555555555,2,SLEEP,Z,0.03193281,0.1106053
3/7/5/5/6/5/6/6/7 3 3,X,-0.6111111111111111111111111111,6,SLEEP,Z,0.1499411,0.3508635
3/7/5/5/6/5/6/5/7 3 3,X,-0.6111111111111111111111111111,6,SLEEP,Z,0.06733797,0.2754622
3/7/5/5/6/5/6/3/7 3 3,X,-0.6111111111111111111111111111,10,SLEEP,Z,0.2019489,0.423211
3/7/5/5/6/5/6/7/6 3 3,X,-0.6666666666666666666666666666,6,SLEEP,Z,0.07419446,0.3028856
3/7/5/5/6/5/6/7/5 3 3,X,-0.6111111111111111111111111111,4,SLEEP,Z,0.04948888,0.2115492
3/7/5/5/6/5/6/7/3 3 3,X,0.7,4,SLEEP,Z,0.1691836,0.2459057
3/7/5/5/6/5/5/6/7 3 3,X,-0.5555555555555555555555555555,4,SLEEP,Z,0.03455755,0.14304
3/7/5/5/6/5/5/5/7 3 3,X,-0.5555555555555555555555555555,2,SLEEP,Z,0.03393451,0.1291687
3/7/5/5/6/5/5/3/7 3 3,X,-0.5555555555555555555555555555,4,SLEEP,Z,0.1206648,0.2505217
3/7/5/5/6/5/5/7/6 3 3,X,-0.6111111111111111111111111111,4,SLEEP,Z,0.05157783,0.1917993
3/7/5/5/6/5/5/7/5 3 3,X,-0.5555555555555555555555555555,4,SLEEP,Z,0.02785936,0.1297603
3/7/5/5/6/5/5/7/3 3 3,X,0.6111111111111111111111111111,2,SLEEP,Z,0.01754626,0.06932099
3/7/5/5/6/5/3/6/7 3 3,X,0.6111111111111111111111111111,2,SLEEP,Z,0.02737289,0.06287555
3/7/5/5/6/5/3/5/7 3 3,X,0.6111111111111111111111111111,2,SLEEP,Z,0.09827565,0.1995556
3/7/5/5/6/5/3/3/7 3 3,X,0.6111111111111111111111111111,2,SLEEP,Z,0.02214412,0.07781851
3/7/5/5/6/5/3/7/6 3 3,X,-0.7,4,SLEEP,Z,0.0926198,0.2809688
3/7/5/5/6/5/3/7/5 3 3,X,0.6111111111111111111111111111,2,SLEEP,Z,0.0345595,0.1284945
3/7/5/5/6/5/3/7/3 3 3,X,0.7222222222222222222222222222,2,SLEEP,Z,0,0
3/7/5/5/6/5/7/2/7 3 3,X,-0.5555555555555555555555555555,6,SLEEP,Z,0.03915164,0.1750734
3/7/5/5/6/5/7/6/6 3 3,X,-0.6111111111111111111111111111,6,SLEEP,Z,0.06483976,0.2928325
3/7/5/5/6/5/7/6/5 3 3,X,-0.5555555555555555555555555555,4,SLEEP,Z,0.03626778,0.1336802
3/7/5/5/6/5/7/6/3 3 3,X,0.6111111111111111111111111111,6,SLEEP,Z,0.1139677,0.3558826
3/7/5/5/6/5/7/5/6 3 3,X,-0.6111111111111111111111111111,8,SLEEP,Z,0.06869909,0.2673625
3/7/5/5/6/5/7/5/5 3 3,X,-0.5555555555555555555555555555,4,SLEEP,Z,0.02490574,0.1032921
3/7/5/5/6/5/7/5/3 3 3,X,0.6111111111111111111111111111,2,SLEEP,Z,0.0233711,0.04833173
3/7/5/5/6/5/7/3/6 3 3,X,-0.6111111111111111111111111111,8,SLEEP,Z,0.1135547,0.3405216
3/7/5/5/6/5/7/3/5 3 3,X,-0.5555555555555555555555555555,4,SLEEP,Z,0.01937862,0.08106758
3/7/5/5/6/5/7/3/3 3 3,X,0.6111111111111111111111111111,2,SLEEP,Z,0.01823924,0.06619321
3/7/5/5/6/5/7/7/4 3 3,X,-0.6111111111111111111111111111,8,SLEEP,Z,0.1262603,0.4052197
3/7/5/5/6/5/7/7/2 3 3,X,-0.5555555555555555555555555555,6,SLEEP,Z,0.1083861,0.2608593
3/7/5/5/6/5/7/7/1 3 3,X,0.6111111111111111111111111111,2,SLEEP,Z,0,0
3/7/5/5/6/3/2/7/7 3 3,X,-0.5555555555555555555555555555,4,SLEEP,Z,0.04753668,0.1191297
3/7/5/5/6/3/6/6/7 3 3,Z,-0.6428571428571428571428571429,8,SLEEP,Z,0.1616303,0.3751929
3/7/5/5/6/3/6/5/7 3 3,X,-0.6111111111111111111111111111,6,SLEEP,Z,0.05305897,0.2313433
3/7/5/5/6/3/6/3/7 3 3,X,-0.6111111111111111111111111111,6,SLEEP,Z,0.06078427,0.2381979
3/7/5/5/6/3/6/7/6 3 3,X,-0.6666666666666666666666666666,12,SLEEP,Z,0.09270599,0.3704188
3/7/5/5/6/3/6/7/5 3 3,X,-0.6111111111111111111111111111,4,SLEEP,Z,0.07471789,0.2560856
3/7/5/5/6/3/6/7/3 3 3,X,0.7,2,SLEEP,Z,0.0443929,0.07849449
3/7/5/5/6/3/5/6/7 3 3,Z,-0.6428571428571428571428571429,4,SLEEP,Z,0.03171124,0.07092217
3/7/5/5/6/3/5/5/7 3 3,X,-0.5555555555555555555555555555,4,SLEEP,Z,0.0297868,0.1137413
3/7/5/5/6/3/5/3/7 3 3,X,-0.5555555555555555555555555555,4,SLEEP,Z,0.02907339,0.1113982
3/7/5/5/6/3/5/7/6 3 3,X,-0.6111111111111111111111111111,6,SLEEP,Z,0.0446871,0.2097213
3/7/5/5/6/3/5/7/5 3 3,X,-0.5555555555555555555555555555,2,SLEEP,Z,0.02038198,0.105346
3/7/5/5/6/3/5/7/3 3 3,X,0.6111111111111111111111111111,4,SLEEP,Z,0.02429361,0.07444977
3/7/5/5/6/3/3/6/7 3 3,Z,-0.6428571428571428571428571429,4,SLEEP,Z,0.06328695,0.1367181
3/7/5/5/6/3/3/5/7 3 3,X,0.6111111111111111111111111111,4,SLEEP,Z,0.07243179,0.1939716
3/7/5/5/6/3/3/3/7 3 3,X,0.6111111111111111111111111111,2,SLEEP,Z,0.02507347,0.0854651
3/7/5/5/6/3/3/7/6 3 3,X,-0.7,2,SLEEP,Z,0.02029879,0.07997207
3/7/5/5/6/3/3/7/5 3 3,X,0.6111111111111111111111111111,4,SLEEP,Z,0.0439216,0.0775856
3/7/5/5/6/3/3/7/3 3 3,X,0.7222222222222222222222222222,2,SLEEP,Z,0.01922943,0.02926288
3/7/5/5/6/3/7/2/7 3 3,X,-0.5555555555555555555555555555,4,SLEEP,Z,0.04649435,0.1016031
3/7/5/5/6/3/7/6/6 3 3,Z,-0.6428571428571428571428571429,6,SLEEP,Z,0.06409717,0.2516696
3/7/5/5/6/3/7/6/5 3 3,Z,-0.6428571428571428571428571429,6,SLEEP,Z,0.1782878,0.3619224
3/7/5/5/6/3/7/6/3 3 3,Z,-0.6428571428571428571428571429,4,SLEEP,Z,0.02989618,0.09436461
3/7/5/5/6/3/7/5/6 3 3,X,-0.6111111111111111111111111111,8,SLEEP,Z,0.07495108,0.3035817
3/7/5/5/6/3/7/5/5 3 3,X,-0.5555555555555555555555555555,4,SLEEP,Z,0.1425464,0.3085487
3/7/5/5/6/3/7/5/3 3 3,X,0.6111111111111111111111111111,2,SLEEP,Z,0,0
3/7/5/5/6/3/7/3/6 3 3,X,-0.6111111111111111111111111111,6,SLEEP,Z,0.09851534,0.3184087
3/7/5/5/6/3/7/3/5 3 3,X,-0.5555555555555555555555555555,6,SLEEP,Z,0.1398987,0.3375272
3/7/5/5/6/3/7/3/3 3 3,X,0.6111111111111111111111111111,2,SLEEP,Z,0.01693029,0.0691257
3/7/5/5/6/3/7/7/4 3 3,X,-0.6111111111111111111111111111,6,SLEEP,Z,0.05588095,0.2563554
3/7/5/5/6/3/7/7/2 3 3,X,-0.5555555555555555555555555555,4,SLEEP,Z,0.03213301,0.1414671
3/7/5/5/6/3/7/7/1 3 3,X,0.6111111111111111111111111111,2,SLEEP,Z,0.01951685,0.08027973
3/7/5/5/6/7/2/6/7 3 3,X,-0.5555555555555555555555555555,4,SLEEP,Z,0.08875713,0.2772544
3/7/5/5/6/7/2/5/7 3 3,X,-0.5555555555555555555555555555,4,SLEEP,Z,0.03569039,0.1160366
3/7/5/5/6/7/2/3/7 3 3,X,-0.5555555555555555555555555555,4,SLEEP,Z,0.02699041,0.1059914
3/7/5/5/6/7/2/7/6 3 3,X,-0.6111111111111111111111111111,6,SLEEP,Z,0.05834168,0.1978977
3/7/5/5/6/7/2/7/5 3 3,X,-0.5555555555555555555555555555,4,SLEEP,Z,0.03698225,0.1577135
3/7/5/5/6/7/2/7/3 3 3,X,0.6111111111111111111111111111,2,SLEEP,Z,0.03137447,0.06733222
3/7/5/5/6/7/6/2/7 3 3,X,-0.6111111111111111111111111111,8,SLEEP,Z,0.06202558,0.2585643
3/7/5/5/6/7/6/6/6 3 3,X,-0.6666666666666666666666666666,12,SLEEP,Z,0.08600543,0.3772556
3/7/5/5/6/7/6/6/5 3 3,X,-0.6111111111111111111111111111,8,SLEEP,Z,0.0614596,0.2743835
3/7/5/5/6/7/6/6/3 3 3,X,0.75,4,SLEEP,Z,0.03909838,0.150465
3/7/5/5/6/7/6/5/6 3 3,X,-0.6666666666666666666666666666,8,SLEEP,Z,0.1246219,0.4151643
3/7/5/5/6/7/6/5/5 3 3,X,-0.6111111111111111111111111111,6,SLEEP,Z,0.1078583,0.3247372
3/7/5/5/6/7/6/5/3 3 3,X,0.75,6,SLEEP,Z,0.2415733,0.3620059
3/7/5/5/6/7/6/3/6 3 3,X,-0.6666666666666666666666666666,8,SLEEP,Z,0.07619784,0.3261546
3/7/5/5/6/7/6/3/5 3 3,X,-0.6111111111111111111111111111,8,SLEEP,Z,0.1029095,0.3205641
3/7/5/5/6/7/6/3/3 3 3,X,0.75,6,SLEEP,Z,0.06769554,0.1592667
3/7/5/5/6/7/6/7/4 3 3,X,-0.6666666666666666666666666666,8,SLEEP,Z,0.07091206,0.3301006
3/7/5/5/6/7/6/7/2 3 3,X,-0.6111111111111111111111111111,4,SLEEP,Z,0.03990014,0.1784312
3/7/5/5/6/7/6/7/1 3 3,X,0.75,4,SLEEP,Z,0.0430824,0.136688
3/7/5/5/6/7/5/2/7 3 3,X,-0.5555555555555555555555555555,4,SLEEP,Z,0.02987733,0.1251944
3/7/5/5/6/7/5/6/6 3 3,X,-0.6111111111111111111111111111,6,SLEEP,Z,0.05833982,0.2652743
3/7/5/5/6/7/5/6/5 3 3,X,-0.5555555555555555555555555555,4,SLEEP,Z,0.03694208,0.1461251
3/7/5/5/6/7/5/6/3 3 3,X,0.6111111111111111111111111111,4,SLEEP,Z,0.05718247,0.09251221
3/7/5/5/6/7/5/5/6 3 3,X,-0.6111111111111111111111111111,8,SLEEP,Z,0.0546842,0.2292052
3/7/5/5/6/7/5/5/5 3 3,X,-0.5555555555555555555555555555,4,SLEEP,Z,0.02919591,0.1367281
3/7/5/5/6/7/5/5/3 3 3,X,0.6111111111111111111111111111,4,SLEEP,Z,0.02684348,0.1053062
3/7/5/5/6/7/5/3/6 3 3,X,-0.6111111111111111111111111111,8,SLEEP,Z,0.05847368,0.264249
3/7/5/5/6/7/5/3/5 3 3,X,-0.5555555555555555555555555555,4,SLEEP,Z,0.03959826,0.1564577
3/7/5/5/6/7/5/3/3 3 3,X,0.6111111111111111111111111111,2,SLEEP,Z,0.02417307,0.09941572
3/7/5/5/6/7/5/7/4 3 3,X,-0.6111111111111111111111111111,4,SLEEP,Z,0.06279976,0.2880846
3/7/5/5/6/7/5/7/2 3 3,X,-0.5555555555555555555555555555,2,SLEEP,Z,0.09996569,0.2685072
3/7/5/5/6/7/5/7/1 3 3,X,0.6111111111111111111111111111,2,SLEEP,Z,0.03735913,0.08157984
3/7/5/5/6/7/3/2/7 3 3,X,0.6111111111111111111111111111,2,SLEEP,Z,0.03135717,0.116722
3/7/5/5/6/7/3/6/6 3 3,X,-0.75,2,SLEEP,Z,0.09327245,0.2935662
3/7/5/5/6/7/3/6/5 3 3,X,0.6111111111111111111111111111,4,SLEEP,Z,0.1256316,0.3817403
3/7/5/5/6/7/3/6/3 3 3,X,0.7222222222222222222222222222,2,SLEEP,Z,0.07493599,0.1142041
3/7/5/5/6/7/3/5/6 3 3,X,-0.75,4,SLEEP,Z,0.04502231,0.1775366
3/7/5/5/6/7/3/5/5 3 3,X,0.6111111111111111111111111111,4,SLEEP,Z,0.03429205,0.09953187
3/7/5/5/6/7/3/5/3 3 3,X,0.7222222222222222222222222222,2,SLEEP,Z,0.006033668,0.02042776
3/7/5/5/6/7/3/3/6 3 3,X,-0.75,4,SLEEP,Z,0.06165845,0.1625052
3/7/5/5/6/7/3/3/5 3 3,X,0.6111111111111111111111111111,2,SLEEP,Z,0.03035632,0.1186061
3/7/5/5/6/7/3/3/3 3 3,X,0.7222222222222222222222222222,2,SLEEP,Z,0.06358129,0.07144768
3/7/5/5/6/7/3/7/4 3 3,X,-0.75,4,SLEEP,Z,0.0338443,0.1463582
3/7/5/5/6/7/3/7/2 3 3,X,0.6111111111111111111111111111,4,SLEEP,Z,0.0560207,0.1391431
3/7/5/5/6/7/3/7/1 3 3,X,0.7222222222222222222222222222,2,SLEEP,Z,0.03334637,0.04544481
3/7/5/5/6/7/7/2/6 3 3,X,-0.6111111111111111111111111111,6,SLEEP,Z,0.04646496,0.1961876
3/7/5/5/6/7/7/2/5 3 3,X,-0.5555555555555555555555555555,2,SLEEP,Z,0.0186741,0.08364633
3/7/5/5/6/7/7/2/3 3 3,X,0.6111111111111111111111111111,2,SLEEP,Z,0.02161334,0.03517041
3/7/5/5/6/7/7/6/4 3 3,X,-0.6111111111111111111111111111,8,SLEEP,Z,0.1360396,0.4160747
3/7/5/5/6/7/7/6/2 3 3,X,-0.5555555555555555555555555555,6,SLEEP,Z,0.03900184,0.1817262
3/7/5/5/6/7/7/6/1 3 3,X,0.6111111111111111111111111111,4,SLEEP,Z,0.0303165,0.1413625
3/7/5/5/6/7/7/5/4 3 3,X,-0.6111111111111111111111111111,8,SLEEP,Z,0.05170751,0.2372525
3/7/5/5/6/7/7/5/2 3 3,X,-0.5555555555555555555555555555,4,SLEEP,Z,0.03443762,0.1449974
3/7/5/5/6/7/7/5/1 3 3,X,0.6111111111111111111111111111,2,SLEEP,Z,0.03282546,0.1399544
3/7/5/5/6/7/7/3/4 3 3,X,-0.6111111111111111111111111111,6,SLEEP,Z,0.05842747,0.2553424
3/7/5/5/6/7/7/3/2 3 3,X,-0.5555555555555555555555555555,2,SLEEP,Z,0.02890422,0.1241543
3/7/5/5/6/7/7/3/1 3 3,X,0.6111111111111111111111111111,4,SLEEP,Z,0.1268776,0.2247114
3/7/5/5/5/2/6/7/7 3 3,X,-0.5555555555555555555555555555,4,SLEEP,Z,0.03705709,0.1494454
3/7/5/5/5/2/5/7/7 3 3,X,-0.5,2,SLEEP,Z,0.03464396,0.1158689
3/7/5/5/5/2/3/7/7 3 3,X,-0.5,4,SLEEP,Z,0.052078,0.1572251
3/7/5/5/5/2/7/6/7 3 3,X,-0.5,6,SLEEP,Z,0.02551347,0.1223042
3/7/5/5/5/2/7/5/7 3 3,X,-0.5,4,SLEEP,Z,0.03689803,0.1694358
3/7/5/5/5/2/7/3/7 3 3,X,-0.5,2,SLEEP,Z,0.0347409,0.1224592
3/7/5/5/5/2/7/7/6 3 3,X,-0.5555555555555555555555555555,6,SLEEP,Z,0.06577698,0.2884539
3/7/5/5/5/2/7/7/5 3 3,X,-0.5,4,SLEEP,Z,0.05075521,0.3803812
3/7/5/5/5/2/7/7/3 3 3,X,-0.4444444444444444444444444445,4,SLEEP,Z,0.02258892,0.1011225
3/7/5/5/5/6/2/7/7 3 3,X,-0.5,6,SLEEP,Z,0.04626533,0.2037912
3/7/5/5/5/6/6/6/7 3 3,X,-0.5555555555555555555555555555,4,SLEEP,Z,0.02760929,0.1336958
3/7/5/5/5/6/6/5/7 3 3,X,-0.5555555555555555555555555555,6,SLEEP,Z,0.05325377,0.2317313
3/7/5/5/5/6/6/3/7 3 3,Z,0.6428571428571428571428571429,6,SLEEP,Z,0.08741514,0.2827451
3/7/5/5/5/6/6/7/6 3 3,X,-0.6111111111111111111111111111,8,SLEEP,Z,0.07439433,0.3140583
3/7/5/5/5/6/6/7/5 3 3,X,-0.5555555555555555555555555555,4,SLEEP,Z,0.1022599,0.3015592
3/7/5/5/5/6/6/7/3 3 3,X,0.7,4,SLEEP,Z,0.05087925,0.1620464
3/7/5/5/5/6/5/6/7 3 3,X,-0.5,6,SLEEP,Z,0.057645,0.2566988
3/7/5/5/5/6/5/5/7 3 3,X,-0.5,2,SLEEP,Z,0.02320349,0.106696
3/7/5/5/5/6/5/3/7 3 3,Z,0.6428571428571428571428571429,4,SLEEP,Z,0.04083129,0.1593805
3/7/5/5/5/6/5/7/6 3 3,X,-0.5555555555555555555555555555,4,SLEEP,Z,0.04168474,0.180834
3/7/5/5/5/6/5/7/5 3 3,X,-0.5,4,SLEEP,Z,0.03226759,0.143018
3/7/5/5/5/6/5/7/3 3 3,Z,0.5,2,SLEEP,Z,0.02140699,0.09863938
3/7/5/5/5/6/3/6/7 3 3,X,-0.5,6,SLEEP,Z,0.07145899,0.2740379
3/7/5/5/5/6/3/5/7 3 3,Z,0.5,4,SLEEP,Z,0.05307407,0.148574
3/7/5/5/5/6/3/3/7 3 3,Z,0.6428571428571428571428571429,2,SLEEP,Z,0.03057222,0.08935739
3/7/5/5/5/6/3/7/6 3 3,X,-0.7,4,SLEEP,Z,0.04895271,0.1868361
3/7/5/5/5/6/3/7/5 3 3,Z,0.5,6,SLEEP,Z,0.05808508,0.2093893
3/7/5/5/5/6/3/7/3 3 3,Z,0.5,2,SLEEP,Z,0.01983866,0.08519104
3/7/5/5/5/6/7/2/7 3 3,X,-0.5,4,SLEEP,Z,0.03422396,0.1597171
3/7/5/5/5/6/7/6/6 3 3,X,-0.5555555555555555555555555555,4,SLEEP,Z,0.05601007,0.2440863
3/7/5/5/5/6/7/6/5 3 3,X,-0.5,4,SLEEP,Z,0.04783325,0.2031239
3/7/5/5/5/6/7/6/3 3 3,Z,0.5,2,SLEEP,Z,0.02471345,0.1147617
3/7/5/5/5/6/7/5/6 3 3,X,-0.5555555555555555555555555555,6,SLEEP,Z,0.08007845,0.3488898
3/7/5/5/5/6/7/5/5 3 3,X,-0.5,4,SLEEP,Z,0.04900172,0.1436304
3/7/5/5/5/6/7/5/3 3 3,Z,0.5,4,SLEEP,Z,0.03120219,0.1376048
3/7/5/5/5/6/7/3/6 3 3,Z,0.6428571428571428571428571429,4,SLEEP,Z,0.04194228,0.1936793
3/7/5/5/5/6/7/3/5 3 3,Z,0.6428571428571428571428571429,4,SLEEP,Z,0.03291108,0.146014
3/7/5/5/5/6/7/3/3 3 3,Z,0.6428571428571428571428571429,2,SLEEP,Z,0.02416953,0.1155665
3/7/5/5/5/6/7/7/4 3 3,X,-0.5555555555555555555555555555,6,SLEEP,Z,0.06722512,0.3762777
3/7/5/5/5/6/7/7/2 3 3,X,-0.5,4,SLEEP,Z,0.02893717,0.1325777
3/7/5/5/5/6/7/7/1 3 3,Z,0.5,4,SLEEP,Z,0.06013844,0.2456965
3/7/5/5/5/5/2/7/7 3 3,X,-0.5,6,SLEEP,Z,0.04290809,0.1862208
3/7/5/5/5/5/6/6/7 3 3,X,-0.5555555555555555555555555555,6,SLEEP,Z,0.05940518,0.2235283
3/7/5/5/5/5/6/5/7 3 3,X,-0.5555555555555555555555555555,4,SLEEP,Z,0.04016166,0.1839087
3/7/5/5/5/5/6/3/7 3 3,X,-0.5555555555555555555555555555,8,SLEEP,Z,0.1063814,0.31829
3/7/5/5/5/5/6/7/6 3 3,X,-0.6111111111111111111111111111,8,SLEEP,Z,0.05886082,0.2742092
3/7/5/5/5/5/6/7/5 3 3,X,-0.5555555555555555555555555555,2,SLEEP,Z,0.03567703,0.1296571
3/7/5/5/5/5/6/7/3 3 3,X,0.7,4,SLEEP,Z,0.1270909,0.3375559
3/7/5/5/5/5/5/6/7 3 3,X,-0.5,4,SLEEP,Z,0.04892426,0.1663424
3/7/5/5/5/5/5/5/7 3 3,X,-0.5,4,SLEEP,Z,0.04994147,0.2321151
3/7/5/5/5/5/5/3/7 3 3,X,-0.5,6,SLEEP,Z,0.056492,0.3361654
3/7/5/5/5/5/5/7/6 3 3,X,-0.5555555555555555555555555555,6,SLEEP,Z,0.07264145,0.3043
3/7/5/5/5/5/5/7/5 3 3,X,-0.5,4,SLEEP,Z,0.03437416,0.157943
3/7/5/5/5/5/5/7/3 3 3,X,-0.4444444444444444444444444445,4,SLEEP,Z,0.02640038,0.1195674
3/7/5/5/5/5/3/6/7 3 3,X,-0.5,6,SLEEP,Z,0.03271959,0.1428149
3/7/5/5/5/5/3/5/7 3 3,X,-0.5,2,SLEEP,Z,0.03025798,0.1175664
3/7/5/5/5/5/3/3/7 3 3,X,-0.5,4,SLEEP,Z,0.05232624,0.1542297
3/7/5/5/5/5/3/7/6 3 3,X,-0.7,6,SLEEP,Z,0.07641612,0.2537956
3/7/5/5/5/5/3/7/5 3 3,X,-0.5,4,SLEEP,Z,0.02641222,0.108901
3/7/5/5/5/5/3/7/3 3 3,X,-0.3888888888888888888888888889,2,SLEEP,Z,0.01499443,0.06697106
3/7/5/5/5/5/7/2/7 3 3,X,-0.5,4,SLEEP,Z,0.03356767,0.1561468
3/7/5/5/5/5/7/6/6 3 3,X,-0.5555555555555555555555555555,6,SLEEP,Z,0.0620532,0.2665905
3/7/5/5/5/5/7/6/5 3 3,X,-0.5,4,SLEEP,Z,0.03268331,0.1500342
3/7/5/5/5/5/7/6/3 3 3,Z,0.5,4,SLEEP,Z,0.02839367,0.1385903
3/7/5/5/5/5/7/5/6 3 3,X,-0.5555555555555555555555555555,2,SLEEP,Z,0.04073924,0.1848195
3/7/5/5/5/5/7/5/5 3 3,X,-0.5,6,SLEEP,Z,0.05016382,0.3647723
3/7/5/5/5/5/7/5/3 3 3,X,-0.4444444444444444444444444445,4,SLEEP,Z,0.02649322,0.1140703
3/7/5/5/5/5/7/3/6 3 3,X,-0.5555555555555555555555555555,6,SLEEP,Z,0.0755164,0.3501465
3/7/5/5/5/5/7/3/5 3 3,X,-0.5,2,SLEEP,Z,0.0288474,0.1204177
3/7/5/5/5/5/7/3/3 3 3,Z,-0.5,2,SLEEP,Z,0.01874476,0.08474264
3/7/5/5/5/5/7/7/4 3 3,X,-0.5555555555555555555555555555,6,SLEEP,Z,0.04291103,0.2014909
3/7/5/5/5/5/7/7/2 3 3,X,-0.5,6,SLEEP,Z,0.03671637,0.162522
3/7/5/5/5/5/7/7/1 3 3,X,-0.4444444444444444444444444445,4,SLEEP,Z,0.03098248,0.1397343
3/7/5/5/5/3/2/7/7 3 3,X,-0.5,4,SLEEP,Z,0.04309192,0.1330118
3/7/5/5/5/3/6/6/7 3 3,Z,-0.6428571428571428571428571429,6,SLEEP,Z,0.03458782,0.1168851
3/7/5/5/5/3/6/5/7 3 3,X,-0.5555555555555555555555555555,2,SLEEP,Z,0.03952869,0.1881793
3/7/5/5/5/3/6/3/7 3 3,X,-0.5555555555555555555555555555,4,SLEEP,Z,0.1183431,0.3709799
3/7/5/5/5/3/6/7/6 3 3,X,-0.6111111111111111111111111111,6,SLEEP,Z,0.06340182,0.2827595
3/7/5/5/5/3/6/7/5 3 3,X,-0.5555555555555555555555555555,4,SLEEP,Z,0.03462735,0.1356108
3/7/5/5/5/3/6/7/3 3 3,X,0.7,4,SLEEP,Z,0.04712372,0.115665
3/7/5/5/5/3/5/6/7 3 3,Z,-0.6428571428571428571428571429,4,SLEEP,Z,0.04190895,0.1444957
3/7/5/5/5/3/5/5/7 3 3,X,-0.5,4,SLEEP,Z,0.02432661,0.118311
3/7/5/5/5/3/5/3/7 3 3,X,-0.5,4,SLEEP,Z,0.03302523,0.1523265
3/7/5/5/5/3/5/7/6 3 3,X,-0.5555555555555555555555555555,6,SLEEP,Z,0.08162196,0.3001758
3/7/5/5/5/3/5/7/5 3 3,X,-0.5,4,SLEEP,Z,0.04183026,0.1598653
3/7/5/5/5/3/5/7/3 3 3,Z,-0.5,2,SLEEP,Z,0.01541314,0.05454508
3/7/5/5/5/3/3/6/7 3 3,Z,-0.6428571428571428571428571429,4,SLEEP,Z,0.08161027,0.194274
3/7/5/5/5/3/3/5/7 3 3,Z,-0.5,4,SLEEP,Z,0.03728984,0.1554736
3/7/5/5/5/3/3/3/7 3 3,X,-0.5,4,SLEEP,Z,0.03589178,0.1588785
3/7/5/5/5/3/3/7/6 3 3,X,-0.7,4,SLEEP,Z,0.03803713,0.152714
3/7/5/5/5/3/3/7/5 3 3,Z,-0.5,2,SLEEP,Z,0.03817601,0.1154547
3/7/5/5/5/3/3/7/3 3 3,Z,-0.5,2,SLEEP,Z,0.06668818,0.185798
3/7/5/5/5/3/7/2/7 3 3,X,-0.5,4,SLEEP,Z,0.02769526,0.1191238
3/7/5/5/5/3/7/6/6 3 3,Z,-0.6428571428571428571428571429,4,SLEEP,Z,0.04758321,0.2179132
3/7/5/5/5/3/7/6/5 3 3,Z,-0.6428571428571428571428571429,4,SLEEP,Z,0.03081098,0.1255668
3/7/5/5/5/3/7/6/3 3 3,Z,-0.6428571428571428571428571429,4,SLEEP,Z,0.0662102,0.202683
3/7/5/5/5/3/7/5/6 3 3,X,-0.5555555555555555555555555555,4,SLEEP,Z,0.04960952,0.229498
3/7/5/5/5/3/7/5/5 3 3,X,-0.5,4,SLEEP,Z,0.03234382,0.1389592
3/7/5/5/5/3/7/5/3 3 3,Z,-0.5,4,SLEEP,Z,0.06022071,0.1673177
3/7/5/5/5/3/7/3/6 3 3,X,-0.5555555555555555555555555555,6,SLEEP,Z,0.04323883,0.2104029
3/7/5/5/5/3/7/3/5 3 3,X,-0.5,2,SLEEP,Z,0.02330184,0.116605
3/7/5/5/5/3/7/3/3 3 3,Z,-0.5,4,SLEEP,Z,0.0342791,0.1570199
3/7/5/5/5/3/7/7/4 3 3,X,-0.5555555555555555555555555555,4,SLEEP,Z,0.04868145,0.2133254
3/7/5/5/5/3/7/7/2 3 3,X,-0.5,4,SLEEP,Z,0.08493888,0.2881437
3/7/5/5/5/3/7/7/1 3 3,Z,-0.5,2,SLEEP,Z,0.01837606,0.08277076
3/7/5/5/5/7/2/6/7 3 3,X,-0.5,4,SLEEP,Z,0.04540244,0.1505889
3/7/5/5/5/7/2/5/7 3 3,X,-0.5,4,SLEEP,Z,0.0439089,0.1596374
3/7/5/5/5/7/2/3/7 3 3,X,-0.5,4,SLEEP,Z,0.05565152,0.221557
3/7/5/5/5/7/2/7/6 3 3,X,-0.5555555555555555555555555555,8,SLEEP,Z,0.05801052,0.2756277
3/7/5/5/5/7/2/7/5 3 3,X,-0.5,4,SLEEP,Z,0.0361604,0.1633153
3/7/5/5/5/7/2/7/3 3 3,X,-0.4444444444444444444444444445,2,SLEEP,Z,0.02235967,0.1029288
3/7/5/5/5/7/6/2/7 3 3,X,-0.5555555555555555555555555555,6,SLEEP,Z,0.05005289,0.2135693
3/7/5/5/5/7/6/6/6 3 3,X,-0.6111111111111111111111111111,6,SLEEP,Z,0.05290781,0.2253614
3/7/5/5/5/7/6/6/5 3 3,X,-0.5555555555555555555555555555,4,SLEEP,Z,0.06152177,0.3002929
3/7/5/5/5/7/6/6/3 3 3,X,0.75,4,SLEEP,Z,0.03147002,0.1122074
3/7/5/5/5/7/6/5/6 3 3,X,-0.6111111111111111111111111111,6,SLEEP,Z,0.06612422,0.2781122
3/7/5/5/5/7/6/5/5 3 3,X,-0.5555555555555555555555555555,6,SLEEP,Z,0.08737623,0.3353094
3/7/5/5/5/7/6/5/3 3 3,X,0.75,4,SLEEP,Z,0.02930975,0.1191326
3/7/5/5/5/7/6/3/6 3 3,X,-0.6111111111111111111111111111,6,SLEEP,Z,0.06332343,0.2889728
3/7/5/5/5/7/6/3/5 3 3,X,-0.5555555555555555555555555555,4,SLEEP,Z,0.04313324,0.1918583
3/7/5/5/5/7/6/3/3 3 3,X,0.75,4,SLEEP,Z,0.0340207,0.1332549
3/7/5/5/5/7/6/7/4 3 3,X,-0.6111111111111111111111111111,8,SLEEP,Z,0.06731917,0.3257384
3/7/5/5/5/7/6/7/2 3 3,X,-0.5555555555555555555555555555,4,SLEEP,Z,0.04963948,0.220656
3/7/5/5/5/7/6/7/1 3 3,X,0.75,2,SLEEP,Z,0.02993732,0.1348164
3/7/5/5/5/7/5/2/7 3 3,X,-0.5,6,SLEEP,Z,0.03945367,0.1802192
3/7/5/5/5/7/5/6/6 3 3,X,-0.5555555555555555555555555555,6,SLEEP,Z,0.03520349,0.1637359
3/7/5/5/5/7/5/6/5 3 3,X,-0.5,4,SLEEP,Z,0.04504611,0.1714088
3/7/5/5/5/7/5/6/3 3 3,Z,0.5,4,SLEEP,Z,0.03401528,0.1551044
3/7/5/5/5/7/5/5/6 3 3,X,-0.5555555555555555555555555555,6,SLEEP,Z,0.06112404,0.2568497
3/7/5/5/5/7/5/5/5 3 3,X,-0.5,4,SLEEP,Z,0.03118827,0.1432264
3/7/5/5/5/7/5/5/3 3 3,X,-0.4444444444444444444444444445,4,SLEEP,Z,0.03235471,0.1469363
3/7/5/5/5/7/5/3/6 3 3,X,-0.5555555555555555555555555555,4,SLEEP,Z,0.04776474,0.2027479
3/7/5/5/5/7/5/3/5 3 3,X,-0.5,6,SLEEP,Z,0.0500859,0.3688155
3/7/5/5/5/7/5/3/3 3 3,Z,-0.5,4,SLEEP,Z,0.0256654,0.1196744
3/7/5/5/5/7/5/7/4 3 3,X,-0.5555555555555555555555555555,6,SLEEP,Z,0.05013062,0.2217398
3/7/5/5/5/7/5/7/2 3 3,X,-0.5,4,SLEEP,Z,0.04113973,0.1797333
3/7/5/5/5/7/5/7/1 3 3,X,-0.4444444444444444444444444445,2,SLEEP,Z,0.02769963,0.0979586
3/7/5/5/5/7/3/2/7 3 3,X,-0.5,4,SLEEP,Z,0.03115623,0.1322057
3/7/5/5/5/7/3/6/6 3 3,X,-0.75,4,SLEEP,Z,0.03560614,0.1589512
3/7/5/5/5/7/3/6/5 3 3,X,-0.5,4,SLEEP,Z,0.05671446,0.2470433
3/7/5/5/5/7/3/6/3 3 3,Z,0.5,2,SLEEP,Z,0.02191111,0.09331385
3/7/5/5/5/7/3/5/6 3 3,X,-0.75,6,SLEEP,Z,0.1371051,0.4645508
3/7/5/5/5/7/3/5/5 3 3,X,-0.5,6,SLEEP,Z,0.03030103,0.1402486
3/7/5/5/5/7/3/5/3 3 3,X,-0.3888888888888888888888888889,2,SLEEP,Z,0.03210487,0.06563576
3/7/5/5/5/7/3/3/6 3 3,X,-0.75,6,SLEEP,Z,0.1014828,0.2526789
3/7/5/5/5/7/3/3/5 3 3,X,-0.5,2,SLEEP,Z,0.03653795,0.09799215
3/7/5/5/5/7/3/3/3 3 3,Z,-0.5,4,SLEEP,Z,0.02824758,0.1308403
3/7/5/5/5/7/3/7/4 3 3,X,-0.75,6,SLEEP,Z,0.0810731,0.2397147
3/7/5/5/5/7/3/7/2 3 3,X,-0.5,6,SLEEP,Z,0.03341144,0.150876
3/7/5/5/5/7/3/7/1 3 3,X,-0.3888888888888888888888888889,2,SLEEP,Z,0.01818896,0.0849784
3/7/5/5/5/7/7/2/6 3 3,X,-0.5555555555555555555555555555,6,SLEEP,Z,0.07484099,0.3383128
3/7/5/5/5/7/7/2/5 3 3,X,-0.5,6,SLEEP,Z,0.05500344,0.3694354
3/7/5/5/5/7/7/2/3 3 3,X,-0.4444444444444444444444444445,2,SLEEP,Z,0.02177262,0.1040696
3/7/5/5/5/7/7/6/4 3 3,X,-0.5555555555555555555555555555,4,SLEEP,Z,0.03329105,0.1522166
3/7/5/5/5/7/7/6/2 3 3,X,-0.5,6,SLEEP,Z,0.04423681,0.2356938
3/7/5/5/5/7/7/6/1 3 3,Z,0.5,4,SLEEP,Z,0.03725521,0.1684375
3/7/5/5/5/7/7/5/4 3 3,X,-0.5555555555555555555555555555,4,SLEEP,Z,0.04803363,0.2184356
3/7/5/5/5/7/7/5/2 3 3,X,-0.5,4,SLEEP,Z,0.03043008,0.1396898
3/7/5/5/5/7/7/5/1 3 3,X,-0.4444444444444444444444444445,2,SLEEP,Z,0.01596542,0.08182817
3/7/5/5/5/7/7/3/4 3 3,X,-0.5555555555555555555555555555,6,SLEEP,Z,0.05121777,0.2423327
3/7/5/5/5/7/7/3/2 3 3,X,-0.5,4,SLEEP,Z,0.0259931,0.117322
3/7/5/5/5/7/7/3/1 3 3,Z,-0.5,4,SLEEP,Z,0.02748065,0.1279747
3/7/5/5/3/2/6/7/7 3 3,X,-0.6111111111111111111111111111,4,SLEEP,Z,0.1008617,0.2970504
3/7/5/5/3/2/5/7/7 3 3,X,-0.5,2,SLEEP,Z,0.03070825,0.119418
3/7/5/5/3/2/3/7/7 3 3,X,-0.5,4,SLEEP,Z,0.06228359,0.1742488
3/7/5/5/3/2/7/6/7 3 3,X,-0.5,4,SLEEP,Z,0.05125214,0.1644465
3/7/5/5/3/2/7/5/7 3 3,X,-0.5,4,SLEEP,Z,0.06096856,0.1717672
3/7/5/5/3/2/7/3/7 3 3,X,-0.5,6,SLEEP,Z,0.05636724,0.2137466
3/7/5/5/3/2/7/7/6 3 3,X,-0.6111111111111111111111111111,4,SLEEP,Z,0.04743858,0.1836613
3/7/5/5/3/2/7/7/5 3 3,X,-0.5,4,SLEEP,Z,0.03562424,0.1305517
3/7/5/5/3/2/7/7/3 3 3,X,-0.3888888888888888888888888889,4,SLEEP,Z,0.04003917,0.1440322
3/7/5/5/3/6/2/7/7 3 3,X,-0.5,4,SLEEP,Z,0.06535622,0.1958507
3/7/5/5/3/6/6/6/7 3 3,X,-0.6111111111111111111111111111,6,SLEEP,Z,0.180175,0.3826117
3/7/5/5/3/6/6/5/7 3 3,X,-0.6111111111111111111111111111,4,SLEEP,Z,0.05126344,0.1932152
3/7/5/5/3/6/6/3/7 3 3,Z,0.6428571428571428571428571429,6,SLEEP,Z,0.06386153,0.202629
3/7/5/5/3/6/6/7/6 3 3,X,-0.7222222222222222222222222222,8,SLEEP,Z,0.08888686,0.3373595
3/7/5/5/3/6/6/7/5 3 3,X,-0.6111111111111111111111111111,6,SLEEP,Z,0.09407282,0.2793275
3/7/5/5/3/6/6/7/3 3 3,X,0.7,4,SLEEP,Z,0.04818061,0.184518
3/7/5/5/3/6/5/6/7 3 3,X,-0.5,6,SLEEP,Z,0.05451129,0.1796414
3/7/5/5/3/6/5/5/7 3 3,X,-0.5,4,SLEEP,Z,0.04239795,0.1570247
3/7/5/5/3/6/5/3/7 3 3,Z,0.6428571428571428571428571429,6,SLEEP,Z,0.05444441,0.190709
3/7/5/5/3/6/5/7/6 3 3,X,-0.6111111111111111111111111111,8,SLEEP,Z,0.05170369,0.2246755
3/7/5/5/3/6/5/7/5 3 3,X,-0.5,4,SLEEP,Z,0.05219109,0.1552453
3/7/5/5/3/6/5/7/3 3 3,Z,0.5,2,SLEEP,Z,0.01806463,0.07746313
3/7/5/5/3/6/3/6/7 3 3,X,-0.5,4,SLEEP,Z,0.03237218,0.1236499
3/7/5/5/3/6/3/5/7 3 3,Z,0.5,4,SLEEP,Z,0.04760583,0.2030597
3/7/5/5/3/6/3/3/7 3 3,Z,0.6428571428571428571428571429,4,SLEEP,Z,0.02767696,0.1085916
3/7/5/5/3/6/3/7/6 3 3,X,-0.7,4,SLEEP,Z,0.04105454,0.1562195
3/7/5/5/3/6/3/7/5 3 3,Z,0.5,2,SLEEP,Z,0.03975718,0.1210219
3/7/5/5/3/6/3/7/3 3 3,Z,0.5,2,SLEEP,Z,0.06484959,0.354191
3/7/5/5/3/6/7/2/7 3 3,X,-0.5,4,SLEEP,Z,0.04908935,0.1946739
3/7/5/5/3/6/7/6/6 3 3,X,-0.6111111111111111111111111111,4,SLEEP,Z,0.04021285,0.1623677
3/7/5/5/3/6/7/6/5 3 3,X,-0.5,6,SLEEP,Z,0.06020398,0.2445363
3/7/5/5/3/6/7/6/3 3 3,Z,0.5,4,SLEEP,Z,0.04766539,0.1743369
3/7/5/5/3/6/7/5/6 3 3,X,-0.6111111111111111111111111111,4,SLEEP,Z,0.05292483,0.1847913
3/7/5/5/3/6/7/5/5 3 3,X,-0.5,4,SLEEP,Z,0.0422115,0.187911
3/7/5/5/3/6/7/5/3 3 3,Z,0.5,4,SLEEP,Z,0.0345437,0.11309
3/7/5/5/3/6/7/3/6 3 3,Z,0.6428571428571428571428571429,6,SLEEP,Z,0.05975847,0.2018325
3/7/5/5/3/6/7/3/5 3 3,Z,0.6428571428571428571428571429,4,SLEEP,Z,0.05097365,0.1953578
3/7/5/5/3/6/7/3/3 3 3,Z,0.6428571428571428571428571429,4,SLEEP,Z,0.06959675,0.2410346
3/7/5/5/3/6/7/7/4 3 3,X,-0.6111111111111111111111111111,6,SLEEP,Z,0.0570696,0.234625
3/7/5/5/3/6/7/7/2 3 3,X,-0.5,4,SLEEP,Z,0.06335046,0.205165
3/7/5/5/3/6/7/7/1 3 3,Z,0.5,4,SLEEP,Z,0.05232473,0.1540528
3/7/5/5/3/5/2/7/7 3 3,X,-0.5,4,SLEEP,Z,0.06639653,0.2178919
3/7/5/5/3/5/6/6/7 3 3,X,-0.6111111111111111111111111111,4,SLEEP,Z,0.04682742,0.179505
3/7/5/5/3/5/6/5/7 3 3,X,-0.6111111111111111111111111111,2,SLEEP,Z,0.03591178,0.1455765
3/7/5/5/3/5/6/3/7 3 3,X,-0.6111111111111111111111111111,6,SLEEP,Z,0.08995359,0.3079519
3/7/5/5/3/5/6/7/6 3 3,X,-0.7222222222222222222222222222,6,SLEEP,Z,0.06397314,0.2649696
3/7/5/5/3/5/6/7/5 3 3,X,-0.6111111111111111111111111111,4,SLEEP,Z,0.05030448,0.183946
3/7/5/5/3/5/6/7/3 3 3,X,0.7,4,SLEEP,Z,0.04654679,0.1524849
3/7/5/5/3/5/5/6/7 3 3,X,-0.5,6,SLEEP,Z,0.0872308,0.431701
3/7/5/5/3/5/5/5/7 3 3,X,-0.5,6,SLEEP,Z,0.04271948,0.191854
3/7/5/5/3/5/5/3/7 3 3,X,-0.5,4,SLEEP,Z,0.05391831,0.2254432
3/7/5/5/3/5/5/7/6 3 3,X,-0.6111111111111111111111111111,8,SLEEP,Z,0.1086868,0.3661923
3/7/5/5/3/5/5/7/5 3 3,X,-0.5,4,SLEEP,Z,0.04533974,0.1347835
3/7/5/5/3/5/5/7/3 3 3,X,-0.3888888888888888888888888889,6,SLEEP,Z,0.05303387,0.1830882
3/7/5/5/3/5/3/6/7 3 3,X,-0.5,4,SLEEP,Z,0.07506728,0.1869761
3/7/5/5/3/5/3/5/7 3 3,X,-0.5,4,SLEEP,Z,0.05055285,0.1853866
3/7/5/5/3/5/3/3/7 3 3,X,-0.5,6,SLEEP,Z,0.04355187,0.2063527
3/7/5/5/3/5/3/7/6 3 3,X,-0.7,4,SLEEP,Z,0.04951873,0.1802674
3/7/5/5/3/5/3/7/5 3 3,X,-0.5,4,SLEEP,Z,0.03157544,0.1112008
3/7/5/5/3/5/3/7/3 3 3,X,-0.3333333333333333333333333334,2,SLEEP,Z,0.0195575,0.08205516
3/7/5/5/3/5/7/2/7 3 3,X,-0.5,4,SLEEP,Z,0.04923595,0.1964238
3/7/5/5/3/5/7/6/6 3 3,X,-0.6111111111111111111111111111,6,SLEEP,Z,0.05106098,0.183889
3/7/5/5/3/5/7/6/5 3 3,X,-0.5,4,SLEEP,Z,0.08210644,0.3829983
3/7/5/5/3/5/7/6/3 3 3,Z,0.5,4,SLEEP,Z,0.0529089,0.1612266
3/7/5/5/3/5/7/5/6 3 3,X,-0.6111111111111111111111111111,4,SLEEP,Z,0.0531163,0.2130835
3/7/5/5/3/5/7/5/5 3 3,X,-0.5,6,SLEEP,Z,0.08670223,0.2777815
3/7/5/5/3/5/7/5/3 3 3,X,-0.3888888888888888888888888889,2,SLEEP,Z,0.02402996,0.07651126
3/7/5/5/3/5/7/3/6 3 3,X,-0.6111111111111111111111111111,6,SLEEP,Z,0.1175677,0.4228156
3/7/5/5/3/5/7/3/5 3 3,X,-0.5,2,SLEEP,Z,0.04712722,0.1842364
3/7/5/5/3/5/7/3/3 3 3,Z,-0.5,4,SLEEP,Z,0.05193254,0.2105098
3/7/5/5/3/5/7/7/4 3 3,X,-0.6111111111111111111111111111,4,SLEEP,Z,0.06003423,0.233468
3/7/5/5/3/5/7/7/2 3 3,X,-0.5,4,SLEEP,Z,0.0929485,0.2689435
3/7/5/5/3/5/7/7/1 3 3,X,-0.3888888888888888888888888889,4,SLEEP,Z,0.05736446,0.2360221
3/7/5/5/3/3/2/7/7 3 3,X,-0.5,4,SLEEP,Z,0.06873073,0.1646277
3/7/5/5/3/3/6/6/7 3 3,Z,-0.6428571428571428571428571429,6,SLEEP,Z,0.1460448,0.3419175
3/7/5/5/3/3/6/5/7 3 3,X,-0.6111111111111111111111111111,8,SLEEP,Z,0.07511199,0.2473808
3/7/5/5/3/3/6/3/7 3 3,X,-0.6111111111111111111111111111,4,SLEEP,Z,0.04628832,0.1819283
3/7/5/5/3/3/6/7/6 3 3,X,-0.7222222222222222222222222222,10,SLEEP,Z,0.08023908,0.331666
3/7/5/5/3/3/6/7/5 3 3,X,-0.6111111111111111111111111111,4,SLEEP,Z,0.04075608,0.1665762
3/7/5/5/3/3/6/7/3 3 3,X,0.7,4,SLEEP,Z,0.1229081,0.234565
3/7/5/5/3/3/5/6/7 3 3,Z,-0.6428571428571428571428571429,4,SLEEP,Z,0.03892332,0.1302028
3/7/5/5/3/3/5/5/7 3 3,X,-0.5,6,SLEEP,Z,0.03593335,0.1499874
3/7/5/5/3/3/5/3/7 3 3,X,-0.5,4,SLEEP,Z,0.04695676,0.1523892
3/7/5/5/3/3/5/7/6 3 3,X,-0.6111111111111111111111111111,6,SLEEP,Z,0.03411552,0.1761355
3/7/5/5/3/3/5/7/5 3 3,X,-0.5,4,SLEEP,Z,0.04442098,0.1525248
3/7/5/5/3/3/5/7/3 3 3,Z,-0.5,2,SLEEP,Z,0.03640089,0.1213486
3/7/5/5/3/3/3/6/7 3 3,Z,-0.6428571428571428571428571429,2,SLEEP,Z,0.02214442,0.08918843
3/7/5/5/3/3/3/5/7 3 3,Z,-0.5,6,SLEEP,Z,0.09609488,0.3848494
3/7/5/5/3/3/3/3/7 3 3,X,-0.5,2,SLEEP,Z,0.02312138,0.08800599
3/7/5/5/3/3/3/7/6 3 3,X,-0.7,4,SLEEP,Z,0.04146415,0.166624
3/7/5/5/3/3/3/7/5 3 3,Z,-0.5,2,SLEEP,Z,0.02291002,0.09772225
3/7/5/5/3/3/3/7/3 3 3,Z,-0.5,2,SLEEP,Z,0.03328159,0.078318
3/7/5/5/3/3/7/2/7 3 3,X,-0.5,4,SLEEP,Z,0.03736053,0.1512784
3/7/5/5/3/3/7/6/6 3 3,Z,-0.6428571428571428571428571429,6,SLEEP,Z,0.05941446,0.2437477
3/7/5/5/3/3/7/6/5 3 3,Z,-0.6428571428571428571428571429,4,SLEEP,Z,0.03333784,0.1392476
3/7/5/5/3/3/7/6/3 3 3,Z,-0.6428571428571428571428571429,4,SLEEP,Z,0.02444603,0.09599277
3/7/5/5/3/3/7/5/6 3 3,X,-0.6111111111111111111111111111,4,SLEEP,Z,0.04230846,0.1892671
3/7/5/5/3/3/7/5/5 3 3,X,-0.5,4,SLEEP,Z,0.1022253,0.4033416
3/7/5/5/3/3/7/5/3 3 3,Z,-0.5,2,SLEEP,Z,0.02235911,0.09682025
3/7/5/5/3/3/7/3/6 3 3,X,-0.6111111111111111111111111111,4,SLEEP,Z,0.0801616,0.2815479
3/7/5/5/3/3/7/3/5 3 3,X,-0.5,4,SLEEP,Z,0.07194834,0.2746363
3/7/5/5/3/3/7/3/3 3 3,Z,-0.5,4,SLEEP,Z,0.09003115,0.3786543
3/7/5/5/3/3/7/7/4 3 3,X,-0.6111111111111111111111111111,6,SLEEP,Z,0.08254585,0.3125458
3/7/5/5/3/3/7/7/2 3 3,X,-0.5,4,SLEEP,Z,0.0408987,0.1596831
3/7/5/5/3/3/7/7/1 3 3,Z,-0.5,2,SLEEP,Z,0.02915037,0.1255808
3/7/5/5/3/7/2/6/7 3 3,X,-0.5,6,SLEEP,Z,0.0544547,0.200705
3/7/5/5/3/7/2/5/7 3 3,X,-0.5,4,SLEEP,Z,0.05765415,0.1490054
3/7/5/5/3/7/2/3/7 3 3,X,-0.5,4,SLEEP,Z,0.04525722,0.1782363
3/7/5/5/3/7/2/7/6 3 3,X,-0.6111111111111111111111111111,4,SLEEP,Z,0.06463753,0.2172764
3/7/5/5/3/7/2/7/5 3 3,X,-0.5,4,SLEEP,Z,0.05639823,0.2173311
3/7/5/5/3/7/2/7/3 3 3,X,0.4,2,SLEEP,Z,0.03383282,0.1217876
3/7/5/5/3/7/6/2/7 3 3,X,-0.6111111111111111111111111111,6,SLEEP,Z,0.04055465,0.1501051
3/7/5/5/3/7/6/6/6 3 3,X,-0.7222222222222222222222222222,8,SLEEP,Z,0.08093109,0.3283352
3/7/5/5/3/7/6/6/5 3 3,X,-0.6111111111111111111111111111,4,SLEEP,Z,0.03700644,0.135543
3/7/5/5/3/7/6/6/3 3 3,X,0.75,4,SLEEP,Z,0.0340267,0.1188288
3/7/5/5/3/7/6/5/6 3 3,X,-0.7222222222222222222222222222,8,SLEEP,Z,0.08854521,0.3394696
3/7/5/5/3/7/6/5/5 3 3,X,-0.6111111111111111111111111111,4,SLEEP,Z,0.03726467,0.162028
3/7/5/5/3/7/6/5/3 3 3,X,0.75,2,SLEEP,Z,0.03223638,0.1198621
3/7/5/5/3/7/6/3/6 3 3,X,-0.7222222222222222222222222222,6,SLEEP,Z,0.101354,0.3784718
3/7/5/5/3/7/6/3/5 3 3,X,-0.6111111111111111111111111111,6,SLEEP,Z,0.04195086,0.2198035
3/7/5/5/3/7/6/3/3 3 3,X,0.75,4,SLEEP,Z,0.03858386,0.1326495
3/7/5/5/3/7/6/7/4 3 3,X,-0.7222222222222222222222222222,6,SLEEP,Z,0.06766828,0.3085247
3/7/5/5/3/7/6/7/2 3 3,X,-0.6111111111111111111111111111,4,SLEEP,Z,0.04278658,0.1547884
3/7/5/5/3/7/6/7/1 3 3,X,0.75,6,SLEEP,Z,0.06094686,0.3017681
3/7/5/5/3/7/5/2/7 3 3,X,-0.5,4,SLEEP,Z,0.1045908,0.2834687
3/7/5/5/3/7/5/6/6 3 3,X,-0.6111111111111111111111111111,6,SLEEP,Z,0.06841,0.1991244
3/7/5/5/3/7/5/6/5 3 3,X,-0.5,2,SLEEP,Z,0.04359155,0.1451102
3/7/5/5/3/7/5/6/3 3 3,Z,0.5,2,SLEEP,Z,0.03069936,0.125465
3/7/5/5/3/7/5/5/6 3 3,X,-0.6111111111111111111111111111,6,SLEEP,Z,0.07118444,0.2069075
3/7/5/5/3/7/5/5/5 3 3,X,-0.5,4,SLEEP,Z,0.04083559,0.1647913
3/7/5/5/3/7/5/5/3 3 3,X,-0.3888888888888888888888888889,4,SLEEP,Z,0.03135908,0.1272435
3/7/5/5/3/7/5/3/6 3 3,X,-0.6111111111111111111111111111,2,SLEEP,Z,0.03793086,0.1397124
3/7/5/5/3/7/5/3/5 3 3,X,-0.5,4,SLEEP,Z,0.06363911,0.2470341
3/7/5/5/3/7/5/3/3 3 3,Z,-0.5,4,SLEEP,Z,0.04222131,0.2148252
3/7/5/5/3/7/5/7/4 3 3,X,-0.6111111111111111111111111111,8,SLEEP,Z,0.1136489,0.3645903
3/7/5/5/3/7/5/7/2 3 3,X,-0.5,2,SLEEP,Z,0.04057283,0.161108
3/7/5/5/3/7/5/7/1 3 3,X,-0.3888888888888888888888888889,4,SLEEP,Z,0.05147314,0.1597463
3/7/5/5/3/7/3/2/7 3 3,X,-0.5,4,SLEEP,Z,0.06672248,0.1862206
3/7/5/5/3/7/3/6/6 3 3,X,-0.75,4,SLEEP,Z,0.04104531,0.1263622
3/7/5/5/3/7/3/6/5 3 3,X,-0.5,4,SLEEP,Z,0.03957244,0.1434513
3/7/5/5/3/7/3/6/3 3 3,Z,0.5,4,SLEEP,Z,0.02321379,0.0939649
3/7/5/5/3/7/3/5/6 3 3,X,-0.75,4,SLEEP,Z,0.137671,0.427121
3/7/5/5/3/7/3/5/5 3 3,X,-0.5,4,SLEEP,Z,0.08919813,0.3882697
3/7/5/5/3/7/3/5/3 3 3,X,-0.3333333333333333333333333334,2,SLEEP,Z,0.01042434,0.04498591
3/7/5/5/3/7/3/3/6 3 3,X,-0.75,4,SLEEP,Z,0.05131499,0.1970684
3/7/5/5/3/7/3/3/5 3 3,X,-0.5,4,SLEEP,Z,0.08443328,0.3106774
3/7/5/5/3/7/3/3/3 3 3,Z,-0.5,4,SLEEP,Z,0.03819934,0.3539855
3/7/5/5/3/7/3/7/4 3 3,X,-0.75,4,SLEEP,Z,0.0981884,0.2243278
3/7/5/5/3/7/3/7/2 3 3,X,-0.5,4,SLEEP,Z,0.03430976,0.13553
3/7/5/5/3/7/3/7/1 3 3,X,-0.3333333333333333333333333334,2,SLEEP,Z,0.03262854,0.3106512
3/7/5/5/3/7/7/2/6 3 3,X,-0.6111111111111111111111111111,8,SLEEP,Z,0.1228996,0.4062875
3/7/5/5/3/7/7/2/5 3 3,X,-0.5,4,SLEEP,Z,0.03997423,0.1596768
3/7/5/5/3/7/7/2/3 3 3,X,-0.3888888888888888888888888889,4,SLEEP,Z,0.04096346,0.1560933
3/7/5/5/3/7/7/6/4 3 3,X,-0.6111111111111111111111111111,4,SLEEP,Z,0.1042745,0.3365916
3/7/5/5/3/7/7/6/2 3 3,X,-0.5,2,SLEEP,Z,0.02087095,0.08870159
3/7/5/5/3/7/7/6/1 3 3,Z,0.5,4,SLEEP,Z,0.03249568,0.1494283
3/7/5/5/3/7/7/5/4 3 3,X,-0.6111111111111111111111111111,2,SLEEP,Z,0.03717001,0.158229
3/7/5/5/3/7/7/5/2 3 3,X,-0.5,6,SLEEP,Z,0.05762216,0.3464438
3/7/5/5/3/7/7/5/1 3 3,X,-0.3888888888888888888888888889,2,SLEEP,Z,0.02268272,0.1020697
3/7/5/5/3/7/7/3/4 3 3,X,-0.6111111111111111111111111111,4,SLEEP,Z,0.1115071,0.3565778
3/7/5/5/3/7/7/3/2 3 3,X,-0.5,4,SLEEP,Z,0.07648717,0.2354447
3/7/5/5/3/7/7/3/1 3 3,Z,-0.5,4,SLEEP,Z,0.0466538,0.1964253
3/7/5/5/7/2/2/7/7 3 3,X,-0.5,4,SLEEP,Z,0.04106162,0.1477991
3/7/5/5/7/2/6/6/7 3 3,X,-0.5555555555555555555555555555,6,SLEEP,Z,0.04888654,0.1900039
3/7/5/5/7/2/6/5/7 3 3,X,-0.5555555555555555555555555555,4,SLEEP,Z,0.1238217,0.2912492
3/7/5/5/7/2/6/3/7 3 3,X,-0.5555555555555555555555555555,8,SLEEP,Z,0.08095355,0.1609485
3/7/5/5/7/2/6/7/6 3 3,X,-0.6111111111111111111111111111,6,SLEEP,Z,0.0694374,0.2801373
3/7/5/5/7/2/6/7/5 3 3,X,-0.5555555555555555555555555555,2,SLEEP,Z,0.03199618,0.1402859
3/7/5/5/7/2/6/7/3 3 3,X,0.7,2,SLEEP,Z,0.05361318,0.1131761
3/7/5/5/7/2/5/6/7 3 3,X,-0.5,6,SLEEP,Z,0.04577374,0.1920285
3/7/5/5/7/2/5/5/7 3 3,X,-0.5,4,SLEEP,Z,0.04147106,0.1568808
3/7/5/5/7/2/5/3/7 3 3,X,-0.5,6,SLEEP,Z,0.04554307,0.185183
3/7/5/5/7/2/5/7/6 3 3,X,-0.5555555555555555555555555555,4,SLEEP,Z,0.04443102,0.1889629
3/7/5/5/7/2/5/7/5 3 3,X,-0.5,4,SLEEP,Z,0.0643764,0.2307026
3/7/5/5/7/2/5/7/3 3 3,X,-0.4444444444444444444444444445,2,SLEEP,Z,0.02158597,0.07282022
3/7/5/5/7/2/3/6/7 3 3,X,-0.5,4,SLEEP,Z,0.03310498,0.09715694
3/7/5/5/7/2/3/5/7 3 3,X,-0.5,2,SLEEP,Z,0.02843138,0.09618613
3/7/5/5/7/2/3/3/7 3 3,X,-0.5,6,SLEEP,Z,0.07115538,0.3781919
3/7/5/5/7/2/3/7/6 3 3,X,-0.7,4,SLEEP,Z,0.03975102,0.1670824
3/7/5/5/7/2/3/7/5 3 3,X,-0.5,4,SLEEP,Z,0.05234375,0.3870198
3/7/5/5/7/2/3/7/3 3 3,X,-0.3888888888888888888888888889,4,SLEEP,Z,0.02691102,0.1022724
3/7/5/5/7/2/7/2/7 3 3,X,-0.5,4,SLEEP,Z,0.04318392,0.1424446
3/7/5/5/7/2/7/6/6 3 3,X,-0.5555555555555555555555555555,6,SLEEP,Z,0.0529761,0.2443987
3/7/5/5/7/2/7/6/5 3 3,X,-0.5,6,SLEEP,Z,0.07598325,0.2589939
3/7/5/5/7/2/7/6/3 3 3,Z,0.5,2,SLEEP,Z,0.02372532,0.1001905
3/7/5/5/7/2/7/5/6 3 3,X,-0.5555555555555555555555555555,6,SLEEP,Z,0.05076624,0.2282605
3/7/5/5/7/2/7/5/5 3 3,X,-0.5,4,SLEEP,Z,0.03936974,0.1673268
3/7/5/5/7/2/7/5/3 3 3,X,-0.4444444444444444444444444445,4,SLEEP,Z,0.05730707,0.2196128
3/7/5/5/7/2/7/3/6 3 3,X,-0.5555555555555555555555555555,4,SLEEP,Z,0.04510722,0.2071891
3/7/5/5/7/2/7/3/5 3 3,X,-0.5,6,SLEEP,Z,0.06225084,0.3033165
3/7/5/5/7/2/7/3/3 3 3,Z,-0.5,4,SLEEP,Z,0.03370906,0.1313332
3/7/5/5/7/2/7/7/4 3 3,X,-0.5555555555555555555555555555,6,SLEEP,Z,0.0886063,0.3754494
3/7/5/5/7/2/7/7/2 3 3,X,-0.5,6,SLEEP,Z,0.03325457,0.1471163
3/7/5/5/7/2/7/7/1 3 3,X,-0.4444444444444444444444444445,4,SLEEP,Z,0.0405387,0.1554013
3/7/5/5/7/6/2/6/7 3 3,X,-0.5,4,SLEEP,Z,0.04172649,0.157036
3/7/5/5/7/6/2/5/7 3 3,X,-0.5,4,SLEEP,Z,0.06177532,0.3601254
3/7/5/5/7/6/2/3/7 3 3,Z,0.6666666666666666666666666667,4,SLEEP,Z,0.08337426,0.1761627
3/7/5/5/7/6/2/7/6 3 3,X,-0.5555555555555555555555555555,4,SLEEP,Z,0.04782635,0.1819542
3/7/5/5/7/6/2/7/5 3 3,X,-0.5,4,SLEEP,Z,0.04549713,0.166389
3/7/5/5/7/6/2/7/3 3 3,Z,0.5,2,SLEEP,Z,0.03034561,0.07423644
3/7/5/5/7/6/6/2/7 3 3,X,-0.5555555555555555555555555555,4,SLEEP,Z,0.1114898,0.2844016
3/7/5/5/7/6/6/6/6 3 3,X,-0.6111111111111111111111111111,6,SLEEP,Z,0.07733207,0.3685424
3/7/5/5/7/6/6/6/5 3 3,X,-0.5555555555555555555555555555,4,SLEEP,Z,0.03712275,0.1703156
3/7/5/5/7/6/6/6/3 3 3,X,0.75,4,SLEEP,Z,0.03856167,0.1581257
3/7/5/5/7/6/6/5/6 3 3,X,-0.6111111111111111111111111111,8,SLEEP,Z,0.07470061,0.3629559
3/7/5/5/7/6/6/5/5 3 3,X,-0.5555555555555555555555555555,6,SLEEP,Z,0.0520159,0.2271758
3/7/5/5/7/6/6/5/3 3 3,X,0.75,4,SLEEP,Z,0.1200227,0.240407
3/7/5/5/7/6/6/3/6 3 3,Z,0.6666666666666666666666666667,6,SLEEP,Z,0.072869,0.2603874
3/7/5/5/7/6/6/3/5 3 3,Z,0.6666666666666666666666666667,4,SLEEP,Z,0.123957,0.3111923
3/7/5/5/7/6/6/3/3 3 3,X,0.75,2,SLEEP,Z,0.03446117,0.08714382
3/7/5/5/7/6/6/7/4 3 3,X,-0.6111111111111111111111111111,6,SLEEP,Z,0.06349963,0.3217488
3/7/5/5/7/6/6/7/2 3 3,X,-0.5555555555555555555555555555,4,SLEEP,Z,0.04197782,0.1871251
3/7/5/5/7/6/6/7/1 3 3,X,0.75,4,SLEEP,Z,0.02550788,0.1026042
3/7/5/5/7/6/5/2/7 3 3,X,-0.5,4,SLEEP,Z,0.04490724,0.1915803
3/7/5/5/7/6/5/6/6 3 3,X,-0.5555555555555555555555555555,4,SLEEP,Z,0.04021339,0.1727538
3/7/5/5/7/6/5/6/5 3 3,X,-0.5,6,SLEEP,Z,0.06648193,0.2372017
3/7/5/5/7/6/5/6/3 3 3,Z,0.5,2,SLEEP,Z,0.02439293,0.1030474
3/7/5/5/7/6/5/5/6 3 3,X,-0.5555555555555555555555555555,6,SLEEP,Z,0.04366592,0.2046574
3/7/5/5/7/6/5/5/5 3 3,X,-0.5,4,SLEEP,Z,0.04106891,0.1447416
3/7/5/5/7/6/5/5/3 3 3,Z,0.5,4,SLEEP,Z,0.0329866,0.1464123
3/7/5/5/7/6/5/3/6 3 3,Z,0.6666666666666666666666666667,4,SLEEP,Z,0.04566053,0.2096998
3/7/5/5/7/6/5/3/5 3 3,Z,0.6666666666666666666666666667,6,SLEEP,Z,0.03407587,0.1580058
3/7/5/5/7/6/5/3/3 3 3,Z,0.6666666666666666666666666667,2,SLEEP,Z,0.02559451,0.1200425
3/7/5/5/7/6/5/7/4 3 3,X,-0.5555555555555555555555555555,4,SLEEP,Z,0.04399382,0.1856015
3/7/5/5/7/6/5/7/2 3 3,X,-0.5,6,SLEEP,Z,0.0398992,0.1870769
3/7/5/5/7/6/5/7/1 3 3,Z,0.5,2,SLEEP,Z,0.03520327,0.1605527
3/7/5/5/7/6/3/2/7 3 3,Z,0.5,4,SLEEP,Z,0.06336889,0.2095838
3/7/5/5/7/6/3/6/6 3 3,X,-0.75,4,SLEEP,Z,0.07425119,0.2354309
3/7/5/5/7/6/3/6/5 3 3,X,-0.5,4,SLEEP,Z,0.03526947,0.1438724
3/7/5/5/7/6/3/6/3 3 3,Z,0.5,2,SLEEP,Z,0.06308008,0.1991081
3/7/5/5/7/6/3/5/6 3 3,X,-0.75,6,SLEEP,Z,0.08273263,0.2487646
3/7/5/5/7/6/3/5/5 3 3,Z,0.5,4,SLEEP,Z,0.03352236,0.1321003
3/7/5/5/7/6/3/5/3 3 3,Z,0.5,2,SLEEP,Z,0.01960837,0.07476643
3/7/5/5/7/6/3/3/6 3 3,X,-0.75,4,SLEEP,Z,0.04998559,0.1604128
3/7/5/5/7/6/3/3/5 3 3,Z,0.6666666666666666666666666667,4,SLEEP,Z,0.03699899,0.1477829
3/7/5/5/7/6/3/3/3 3 3,Z,0.6666666666666666666666666667,4,SLEEP,Z,0.02235647,0.08824723
3/7/5/5/7/6/3/7/4 3 3,X,-0.75,6,SLEEP,Z,0.0408556,0.1715923
3/7/5/5/7/6/3/7/2 3 3,Z,0.5,2,SLEEP,Z,0.02702561,0.1269871
3/7/5/5/7/6/3/7/1 3 3,Z,0.5,2,SLEEP,Z,0.0271758,0.1068806
3/7/5/5/7/6/7/2/6 3 3,X,-0.5555555555555555555555555555,6,SLEEP,Z,0.06501054,0.2699136
3/7/5/5/7/6/7/2/5 3 3,X,-0.5,4,SLEEP,Z,0.03084956,0.1382722
3/7/5/5/7/6/7/2/3 3 3,Z,0.5,4,SLEEP,Z,0.02741332,0.1231392
3/7/5/5/7/6/7/6/4 3 3,X,-0.5555555555555555555555555555,4,SLEEP,Z,0.08001415,0.335353
3/7/5/5/7/6/7/6/2 3 3,X,-0.5,6,SLEEP,Z,0.07322945,0.3162238
3/7/5/5/7/6/7/6/1 3 3,Z,0.5,4,SLEEP,Z,0.07439692,0.308958
3/7/5/5/7/6/7/5/4 3 3,X,-0.5555555555555555555555555555,6,SLEEP,Z,0.03278183,0.1491475
3/7/5/5/7/6/7/5/2 3 3,X,-0.5,2,SLEEP,Z,0.0293905,0.1351567
3/7/5/5/7/6/7/5/1 3 3,Z,0.5,4,SLEEP,Z,0.05498009,0.173025
3/7/5/5/7/6/7/3/4 3 3,Z,0.6666666666666666666666666666,4,SLEEP,Z,0.04698371,0.2027893
3/7/5/5/7/6/7/3/2 3 3,Z,0.6666666666666666666666666666,4,SLEEP,Z,0.06596009,0.2364709
3/7/5/5/7/6/7/3/1 3 3,Z,0.6666666666666666666666666666,2,SLEEP,Z,0.03236418,0.1382309
3/7/5/5/7/5/2/6/7 3 3,X,-0.5,4,SLEEP,Z,0.04058634,0.1601705
3/7/5/5/7/5/2/5/7 3 3,X,-0.5,6,SLEEP,Z,0.1081387,0.316228
3/7/5/5/7/5/2/3/7 3 3,X,-0.5,4,SLEEP,Z,0.09491807,0.2878649
3/7/5/5/7/5/2/7/6 3 3,X,-0.5555555555555555555555555555,8,SLEEP,Z,0.1051216,0.392688
3/7/5/5/7/5/2/7/5 3 3,X,-0.5,4,SLEEP,Z,0.03546144,0.1482828
3/7/5/5/7/5/2/7/3 3 3,X,-0.4444444444444444444444444445,4,SLEEP,Z,0.05110848,0.1403751
3/7/5/5/7/5/6/2/7 3 3,X,-0.5555555555555555555555555555,4,SLEEP,Z,0.04411686,0.1177666
3/7/5/5/7/5/6/6/6 3 3,X,-0.6111111111111111111111111111,6,SLEEP,Z,0.05113443,0.241957
3/7/5/5/7/5/6/6/5 3 3,X,-0.5555555555555555555555555555,4,SLEEP,Z,0.05281527,0.1932194
3/7/5/5/7/5/6/6/3 3 3,X,0.75,4,SLEEP,Z,0.03579025,0.1419977
3/7/5/5/7/5/6/5/6 3 3,X,-0.6111111111111111111111111111,8,SLEEP,Z,0.07643071,0.3522781
3/7/5/5/7/5/6/5/5 3 3,X,-0.5555555555555555555555555555,6,SLEEP,Z,0.04226406,0.1720724
3/7/5/5/7/5/6/5/3 3 3,X,0.75,6,SLEEP,Z,0.1122713,0.3477171
3/7/5/5/7/5/6/3/6 3 3,X,-0.6111111111111111111111111111,8,SLEEP,Z,0.06111985,0.2814429
3/7/5/5/7/5/6/3/5 3 3,X,-0.5555555555555555555555555555,6,SLEEP,Z,0.09212837,0.3025668
3/7/5/5/7/5/6/3/3 3 3,X,0.75,4,SLEEP,Z,0.03454887,0.1428452
3/7/5/5/7/5/6/7/4 3 3,X,-0.6111111111111111111111111111,6,SLEEP,Z,0.05636687,0.2727961
3/7/5/5/7/5/6/7/2 3 3,X,-0.5555555555555555555555555555,6,SLEEP,Z,0.07249472,0.276253
3/7/5/5/7/5/6/7/1 3 3,X,0.75,2,SLEEP,Z,0.04869368,0.1284638
3/7/5/5/7/5/5/2/7 3 3,X,-0.5,2,SLEEP,Z,0.04257318,0.152802
3/7/5/5/7/5/5/6/6 3 3,X,-0.5555555555555555555555555555,6,SLEEP,Z,0.06955294,0.2850167
3/7/5/5/7/5/5/6/5 3 3,X,-0.5,6,SLEEP,Z,0.03205886,0.1297886
3/7/5/5/7/5/5/6/3 3 3,Z,0.5,4,SLEEP,Z,0.04485691,0.1351759
3/7/5/5/7/5/5/5/6 3 3,X,-0.5555555555555555555555555555,6,SLEEP,Z,0.05714575,0.2641739
3/7/5/5/7/5/5/5/5 3 3,X,-0.5,2,SLEEP,Z,0.02345177,0.1060311
3/7/5/5/7/5/5/5/3 3 3,X,-0.4444444444444444444444444445,4,SLEEP,Z,0.07562121,0.3535499
3/7/5/5/7/5/5/3/6 3 3,X,-0.5555555555555555555555555555,4,SLEEP,Z,0.07441387,0.3849101
3/7/5/5/7/5/5/3/5 3 3,X,-0.5,4,SLEEP,Z,0.02669976,0.1246613
3/7/5/5/7/5/5/3/3 3 3,Z,-0.5,4,SLEEP,Z,0.02622483,0.1020752
3/7/5/5/7/5/5/7/4 3 3,X,-0.5555555555555555555555555555,4,SLEEP,Z,0.06642773,0.3099981
3/7/5/5/7/5/5/7/2 3 3,X,-0.5,4,SLEEP,Z,0.04724581,0.1673576
3/7/5/5/7/5/5/7/1 3 3,X,-0.4444444444444444444444444445,2,SLEEP,Z,0.02063123,0.09113818
3/7/5/5/7/5/3/2/7 3 3,X,-0.5,4,SLEEP,Z,0.03259349,0.12042
3/7/5/5/7/5/3/6/6 3 3,X,-0.75,4,SLEEP,Z,0.03041126,0.1260795
3/7/5/5/7/5/3/6/5 3 3,X,-0.5,2,SLEEP,Z,0.03507736,0.1476026
3/7/5/5/7/5/3/6/3 3 3,Z,0.5,4,SLEEP,Z,0.02344887,0.09731495
3/7/5/5/7/5/3/5/6 3 3,X,-0.75,6,SLEEP,Z,0.1018566,0.3329698
3/7/5/5/7/5/3/5/5 3 3,X,-0.5,2,SLEEP,Z,0.03653117,0.09132303
3/7/5/5/7/5/3/5/3 3 3,X,-0.3888888888888888888888888889,2,SLEEP,Z,0.03931805,0.1532704
3/7/5/5/7/5/3/3/6 3 3,X,-0.75,6,SLEEP,Z,0.04286195,0.1798757
3/7/5/5/7/5/3/3/5 3 3,X,-0.5,2,SLEEP,Z,0.0272207,0.1203305
3/7/5/5/7/5/3/3/3 3 3,Z,-0.5,4,SLEEP,Z,0.04009006,0.1742246
3/7/5/5/7/5/3/7/4 3 3,X,-0.75,2,SLEEP,Z,0.03643366,0.1240954
3/7/5/5/7/5/3/7/2 3 3,X,-0.5,2,SLEEP,Z,0.0280619,0.09564921
3/7/5/5/7/5/3/7/1 3 3,X,-0.3888888888888888888888888889,4,SLEEP,Z,0.02504658,0.1123947
3/7/5/5/7/5/7/2/6 3 3,X,-0.5555555555555555555555555555,6,SLEEP,Z,0.062833,0.2669275
3/7/5/5/7/5/7/2/5 3 3,X,-0.5,4,SLEEP,Z,0.02637432,0.1195827
3/7/5/5/7/5/7/2/3 3 3,X,-0.4444444444444444444444444445,4,SLEEP,Z,0.03744226,0.1656464
3/7/5/5/7/5/7/6/4 3 3,X,-0.5555555555555555555555555555,6,SLEEP,Z,0.05189408,0.2372232
3/7/5/5/7/5/7/6/2 3 3,X,-0.5,4,SLEEP,Z,0.03771719,0.1697918
3/7/5/5/7/5/7/6/1 3 3,Z,0.5,2,SLEEP,Z,0.03982905,0.1970532
3/7/5/5/7/5/7/5/4 3 3,X,-0.5555555555555555555555555555,6,SLEEP,Z,0.04922982,0.2300853
3/7/5/5/7/5/7/5/2 3 3,X,-0.5,4,SLEEP,Z,0.03060367,0.1376829
3/7/5/5/7/5/7/5/1 3 3,X,-0.4444444444444444444444444445,4,SLEEP,Z,0.04396421,0.2256943
3/7/5/5/7/5/7/3/4 3 3,X,-0.5555555555555555555555555555,4,SLEEP,Z,0.06814563,0.2911347
3/7/5/5/7/5/7/3/2 3 3,X,-0.5,4,SLEEP,Z,0.05506632,0.2457591
3/7/5/5/7/5/7/3/1 3 3,Z,-0.5,4,SLEEP,Z,0.0344447,0.1652112
3/7/5/5/7/3/2/6/7 3 3,Z,-0.6666666666666666666666666667,4,SLEEP,Z,0.05440665,0.165325
3/7/5/5/7/3/2/5/7 3 3,X,-0.5,2,SLEEP,Z,0.02186129,0.1175873
3/7/5/5/7/3/2/3/7 3 3,X,-0.5,4,SLEEP,Z,0.04779691,0.1540309
3/7/5/5/7/3/2/7/6 3 3,X,-0.5555555555555555555555555555,6,SLEEP,Z,0.1043451,0.3571486
3/7/5/5/7/3/2/7/5 3 3,X,-0.5,4,SLEEP,Z,0.06233014,0.2106473
3/7/5/5/7/3/2/7/3 3 3,Z,-0.5,4,SLEEP,Z,0.1539523,0.3623169
3/7/5/5/7/3/6/2/7 3 3,X,-0.5555555555555555555555555555,4,SLEEP,Z,0.03827407,0.166097
3/7/5/5/7/3/6/6/6 3 3,Z,-0.6666666666666666666666666667,6,SLEEP,Z,0.06314924,0.2916387
3/7/5/5/7/3/6/6/5 3 3,Z,-0.6666666666666666666666666667,6,SLEEP,Z,0.05179087,0.2501827
3/7/5/5/7/3/6/6/3 3 3,X,0.75,4,SLEEP,Z,0.03232265,0.1172566
3/7/5/5/7/3/6/5/6 3 3,X,-0.6111111111111111111111111111,6,SLEEP,Z,0.07548026,0.3576924
3/7/5/5/7/3/6/5/5 3 3,X,-0.5555555555555555555555555555,4,SLEEP,Z,0.04044792,0.1820191
3/7/5/5/7/3/6/5/3 3 3,X,0.75,4,SLEEP,Z,0.03403562,0.1255624
3/7/5/5/7/3/6/3/6 3 3,X,-0.6111111111111111111111111111,8,SLEEP,Z,0.0617808,0.2759282
3/7/5/5/7/3/6/3/5 3 3,X,-0.5555555555555555555555555555,4,SLEEP,Z,0.04474654,0.1780506
3/7/5/5/7/3/6/3/3 3 3,X,0.75,4,SLEEP,Z,0.2228574,0.3434367
3/7/5/5/7/3/6/7/4 3 3,X,-0.6111111111111111111111111111,8,SLEEP,Z,0.07136669,0.2925521
3/7/5/5/7/3/6/7/2 3 3,X,-0.5555555555555555555555555555,6,SLEEP,Z,0.04194488,0.1771622
3/7/5/5/7/3/6/7/1 3 3,X,0.75,4,SLEEP,Z,0.0363082,0.1503089
3/7/5/5/7/3/5/2/7 3 3,X,-0.5,6,SLEEP,Z,0.03892424,0.1625441
3/7/5/5/7/3/5/6/6 3 3,Z,-0.6666666666666666666666666667,6,SLEEP,Z,0.05438248,0.2355148
3/7/5/5/7/3/5/6/5 3 3,Z,-0.6666666666666666666666666667,6,SLEEP,Z,0.03583105,0.1510446
3/7/5/5/7/3/5/6/3 3 3,Z,-0.6666666666666666666666666667,4,SLEEP,Z,0.02722458,0.1264538
3/7/5/5/7/3/5/5/6 3 3,X,-0.5555555555555555555555555555,4,SLEEP,Z,0.03223599,0.151519
3/7/5/5/7/3/5/5/5 3 3,X,-0.5,4,SLEEP,Z,0.06253035,0.2353733
3/7/5/5/7/3/5/5/3 3 3,Z,-0.5,2,SLEEP,Z,0.02210502,0.1003344
3/7/5/5/7/3/5/3/6 3 3,X,-0.5555555555555555555555555555,6,SLEEP,Z,0.04169062,0.192027
3/7/5/5/7/3/5/3/5 3 3,X,-0.5,6,SLEEP,Z,0.03572228,0.1645931
3/7/5/5/7/3/5/3/3 3 3,Z,-0.5,4,SLEEP,Z,0.02361868,0.1184889
3/7/5/5/7/3/5/7/4 3 3,X,-0.5555555555555555555555555555,6,SLEEP,Z,0.06835895,0.2917202
3/7/5/5/7/3/5/7/2 3 3,X,-0.5,4,SLEEP,Z,0.03590877,0.163555
3/7/5/5/7/3/5/7/1 3 3,Z,-0.5,4,SLEEP,Z,0.02481858,0.1069937
3/7/5/5/7/3/3/2/7 3 3,Z,-0.5,2,SLEEP,Z,0.01924025,0.0835188
3/7/5/5/7/3/3/6/6 3 3,X,-0.75,4,SLEEP,Z,0.05369054,0.1764981
3/7/5/5/7/3/3/6/5 3 3,Z,-0.6666666666666666666666666667,4,SLEEP,Z,0.03818706,0.1960768
3/7/5/5/7/3/3/6/3 3 3,Z,-0.6666666666666666666666666667,4,SLEEP,Z,0.07381902,0.3660427
3/7/5/5/7/3/3/5/6 3 3,X,-0.75,4,SLEEP,Z,0.06954326,0.2093319
3/7/5/5/7/3/3/5/5 3 3,Z,-0.5,4,SLEEP,Z,0.04544606,0.1858716
3/7/5/5/7/3/3/5/3 3 3,Z,-0.5,4,SLEEP,Z,0.04937835,0.187275
3/7/5/5/7/3/3/3/6 3 3,X,-0.75,6,SLEEP,Z,0.06149132,0.1909751
3/7/5/5/7/3/3/3/5 3 3,X,-0.5,2,SLEEP,Z,0.02793809,0.1210828
3/7/5/5/7/3/3/3/3 3 3,Z,-0.5,2,SLEEP,Z,0.02348817,0.1056444
3/7/5/5/7/3/3/7/4 3 3,X,-0.75,6,SLEEP,Z,0.08261185,0.2611803
3/7/5/5/7/3/3/7/2 3 3,Z,-0.5,2,SLEEP,Z,0.0252436,0.1090435
3/7/5/5/7/3/3/7/1 3 3,Z,-0.5,2,SLEEP,Z,0.02761514,0.1056779
3/7/5/5/7/3/7/2/6 3 3,X,-0.5555555555555555555555555555,6,SLEEP,Z,0.04246119,0.1880438
3/7/5/5/7/3/7/2/5 3 3,X,-0.5,2,SLEEP,Z,0.03036463,0.1436345
3/7/5/5/7/3/7/2/3 3 3,Z,-0.5,4,SLEEP,Z,0.05329312,0.3417363
3/7/5/5/7/3/7/6/4 3 3,Z,-0.6666666666666666666666666666,4,SLEEP,Z,0.04939512,0.1916997
3/7/5/5/7/3/7/6/2 3 3,Z,-0.6666666666666666666666666666,6,SLEEP,Z,0.06225372,0.2355785
3/7/5/5/7/3/7/6/1 3 3,Z,-0.6666666666666666666666666666,4,SLEEP,Z,0.02268243,0.1017996
3/7/5/5/7/3/7/5/4 3 3,X,-0.5555555555555555555555555555,4,SLEEP,Z,0.03668227,0.1645178
3/7/5/5/7/3/7/5/2 3 3,X,-0.5,2,SLEEP,Z,0.02942973,0.1321854
3/7/5/5/7/3/7/5/1 3 3,Z,-0.5,4,SLEEP,Z,0.03771504,0.1376348
3/7/5/5/7/3/7/3/4 3 3,X,-0.5555555555555555555555555555,4,SLEEP,Z,0.03382007,0.1613954
3/7/5/5/7/3/7/3/2 3 3,X,-0.5,6,SLEEP,Z,0.0492246,0.2417896
3/7/5/5/7/3/7/3/1 3 3,Z,-0.5,4,SLEEP,Z,0.05931271,0.2465256
3/7/5/5/7/7/2/2/7 3 3,X,-0.5,6,SLEEP,Z,0.06329904,0.2452901
3/7/5/5/7/7/2/6/6 3 3,X,-0.5555555555555555555555555555,6,SLEEP,Z,0.07616023,0.3043653
3/7/5/5/7/7/2/6/5 3 3,X,-0.5,6,SLEEP,Z,0.04016575,0.1811764
3/7/5/5/7/7/2/6/3 3 3,X,0.5,4,SLEEP,Z,0.03074736,0.1172633
3/7/5/5/7/7/2/5/6 3 3,X,-0.5555555555555555555555555555,4,SLEEP,Z,0.04071973,0.1737852
3/7/5/5/7/7/2/5/5 3 3,X,-0.5,4,SLEEP,Z,0.03926148,0.1719497
3/7/5/5/7/7/2/5/3 3 3,X,0.5,4,SLEEP,Z,0.1536899,0.2718858
3/7/5/5/7/7/2/3/6 3 3,X,-0.5555555555555555555555555555,8,SLEEP,Z,0.0933737,0.322763
3/7/5/5/7/7/2/3/5 3 3,X,-0.5,4,SLEEP,Z,0.03215358,0.1260121
3/7/5/5/7/7/2/3/3 3 3,X,0.5,2,SLEEP,Z,0.03845749,0.1302
3/7/5/5/7/7/2/7/4 3 3,X,-0.5555555555555555555555555555,8,SLEEP,Z,0.04280673,0.1847962
3/7/5/5/7/7/2/7/2 3 3,X,-0.5,4,SLEEP,Z,0.03768709,0.1514718
3/7/5/5/7/7/2/7/1 3 3,X,0.5,4,SLEEP,Z,0.1398405,0.393401
3/7/5/5/7/7/6/2/6 3 3,X,-0.6111111111111111111111111111,8,SLEEP,Z,0.06375153,0.2963786
3/7/5/5/7/7/6/2/5 3 3,X,-0.5555555555555555555555555555,4,SLEEP,Z,0.02842893,0.1093401
3/7/5/5/7/7/6/2/3 3 3,X,0.8333333333333333333333333333,4,SLEEP,Z,0.03130649,0.1288071
3/7/5/5/7/7/6/6/4 3 3,X,-0.6111111111111111111111111111,8,SLEEP,Z,0.06180336,0.2812469
3/7/5/5/7/7/6/6/2 3 3,X,-0.5555555555555555555555555555,4,SLEEP,Z,0.04604112,0.1804704
3/7/5/5/7/7/6/6/1 3 3,X,0.8333333333333333333333333333,2,SLEEP,Z,0.02469159,0.1056336
3/7/5/5/7/7/6/5/4 3 3,X,-0.6111111111111111111111111111,6,SLEEP,Z,0.06350473,0.2998159
3/7/5/5/7/7/6/5/2 3 3,X,-0.5555555555555555555555555555,6,SLEEP,Z,0.03120572,0.1331825
3/7/5/5/7/7/6/5/1 3 3,X,0.8333333333333333333333333333,6,SLEEP,Z,0.1557258,0.3315597
3/7/5/5/7/7/6/3/4 3 3,X,-0.6111111111111111111111111111,8,SLEEP,Z,0.08915722,0.3949466
3/7/5/5/7/7/6/3/2 3 3,X,-0.5555555555555555555555555555,6,SLEEP,Z,0.06836387,0.3107442
3/7/5/5/7/7/6/3/1 3 3,X,0.8333333333333333333333333333,4,SLEEP,Z,0.1306673,0.3080746
3/7/5/5/7/7/5/2/6 3 3,X,-0.5555555555555555555555555555,6,SLEEP,Z,0.03868947,0.1883147
3/7/5/5/7/7/5/2/5 3 3,X,-0.5,4,SLEEP,Z,0.02435673,0.1028367
3/7/5/5/7/7/5/2/3 3 3,X,-0.4444444444444444444444444445,2,SLEEP,Z,0.02351246,0.1001268
3/7/5/5/7/7/5/6/4 3 3,X,-0.5555555555555555555555555555,4,SLEEP,Z,0.04996347,0.2306599
3/7/5/5/7/7/5/6/2 3 3,X,-0.5,4,SLEEP,Z,0.03120238,0.1228206
3/7/5/5/7/7/5/6/1 3 3,Z,0.5,4,SLEEP,Z,0.05455136,0.1688221
3/7/5/5/7/7/5/5/4 3 3,X,-0.5555555555555555555555555555,6,SLEEP,Z,0.04472877,0.2033677
3/7/5/5/7/7/5/5/2 3 3,X,-0.5,4,SLEEP,Z,0.03491516,0.1465916
3/7/5/5/7/7/5/5/1 3 3,X,-0.4444444444444444444444444445,2,SLEEP,Z,0.0491995,0.1374349
3/7/5/5/7/7/5/3/4 3 3,X,-0.5555555555555555555555555555,6,SLEEP,Z,0.07349888,0.3399629
3/7/5/5/7/7/5/3/2 3 3,X,-0.5,4,SLEEP,Z,0.03526946,0.1447262
3/7/5/5/7/7/5/3/1 3 3,Z,-0.5,4,SLEEP,Z,0.01726219,0.08038633
3/7/5/5/7/7/3/2/6 3 3,X,-0.8333333333333333333333333333,4,SLEEP,Z,0.03538997,0.1440264
3/7/5/5/7/7/3/2/5 3 3,X,-0.5,4,SLEEP,Z,0.04031308,0.1463935
3/7/5/5/7/7/3/2/3 3 3,X,-0.3888888888888888888888888889,2,SLEEP,Z,0.02465889,0.1069892
3/7/5/5/7/7/3/6/4 3 3,X,-0.8333333333333333333333333333,4,SLEEP,Z,0.08189327,0.3106819
3/7/5/5/7/7/3/6/2 3 3,X,-0.5,4,SLEEP,Z,0.02827452,0.12784
3/7/5/5/7/7/3/6/1 3 3,Z,0.5,2,SLEEP,Z,0.02421428,0.09894431
3/7/5/5/7/7/3/5/4 3 3,X,-0.8333333333333333333333333333,4,SLEEP,Z,0.04194737,0.1796133
3/7/5/5/7/7/3/5/2 3 3,X,-0.5,4,SLEEP,Z,0.04385165,0.3347748
3/7/5/5/7/7/3/5/1 3 3,X,-0.3888888888888888888888888889,2,SLEEP,Z,0.02893294,0.1325566
3/7/5/5/7/7/3/3/4 3 3,X,-0.8333333333333333333333333333,4,SLEEP,Z,0.04213455,0.1662417
3/7/5/5/7/7/3/3/2 3 3,X,-0.5,4,SLEEP,Z,0.05256389,0.2107937
3/7/5/5/7/7/3/3/1 3 3,Z,-0.5,4,SLEEP,Z,0.02002638,0.1043854
3/7/5/5/7/7/7/2/4 3 3,X,-0.5555555555555555555555555555,4,SLEEP,Z,0.03927862,0.197646
3/7/5/5/7/7/7/2/2 3 3,X,-0.5,4,SLEEP,Z,0.04294861,0.1659484
3/7/5/5/7/7/7/2/1 3 3,X,-0.4444444444444444444444444445,4,SLEEP,Z,0.0194194,0.08993436
3/7/5/3/2/2/7/7/7 3 3,X,-0.5,6,SLEEP,Z,0.06128847,0.1714056
3/7/5/3/2/6/6/7/7 3 3,Z,-0.5909090909090909090909090909,6,SLEEP,Z,0.05709831,0.1581808
3/7/5/3/2/6/5/7/7 3 3,Z,-0.5909090909090909090909090909,6,SLEEP,Z,0.04597161,0.1722911
3/7/5/3/2/6/3/7/7 3 3,Z,-0.5909090909090909090909090909,6,SLEEP,Z,0.04129079,0.112611
3/7/5/3/2/6/7/6/7 3 3,Z,-0.6818181818181818181818181818,6,SLEEP,Z,0.05498971,0.1683242
3/7/5/3/2/6/7/5/7 3 3,Z,-0.5909090909090909090909090909,8,SLEEP,Z,0.05557472,0.195718
3/7/5/3/2/6/7/3/7 3 3,Z,0.625,6,SLEEP,Z,0.04443751,0.1256259
3/7/5/3/2/6/7/7/6 3 3,Z,-0.5909090909090909090909090909,6,SLEEP,Z,0.05195985,0.1807716
3/7/5/3/2/6/7/7/5 3 3,Z,-0.5909090909090909090909090909,6,SLEEP,Z,0.1174133,0.2791714
3/7/5/3/2/6/7/7/3 3 3,Z,-0.5909090909090909090909090909,4,SLEEP,Z,0.03489206,0.1105867
3/7/5/3/2/5/6/7/7 3 3,X,-0.5555555555555555555555555555,6,SLEEP,Z,0.04588798,0.1660451
3/7/5/3/2/5/5/7/7 3 3,X,-0.5,8,SLEEP,Z,0.07135211,0.2252887
3/7/5/3/2/5/3/7/7 3 3,Z,-0.5,4,SLEEP,Z,0.03375119,0.1268452
3/7/5/3/2/5/7/6/7 3 3,Z,-0.5909090909090909090909090909,8,SLEEP,Z,0.05725327,0.1873869
3/7/5/3/2/5/7/5/7 3 3,X,-0.5,4,SLEEP,Z,0.04767594,0.1650093
3/7/5/3/2/5/7/3/7 3 3,X,-0.5,4,SLEEP,Z,0.07933854,0.2276185
3/7/5/3/2/5/7/7/6 3 3,X,-0.5555555555555555555555555555,6,SLEEP,Z,0.07923146,0.2497758
3/7/5/3/2/5/7/7/5 3 3,X,-0.5,6,SLEEP,Z,0.1073563,0.2825088
3/7/5/3/2/5/7/7/3 3 3,Z,-0.5,4,SLEEP,Z,0.0365872,0.1291751
3/7/5/3/2/3/6/7/7 3 3,X,-0.5555555555555555555555555555,6,SLEEP,Z,0.1184414,0.3144027
3/7/5/3/2/3/5/7/7 3 3,X,-0.5,4,SLEEP,Z,0.02851886,0.1041315
3/7/5/3/2/3/3/7/7 3 3,Z,-0.5,4,SLEEP,Z,0.1026912,0.1952639
3/7/5/3/2/3/7/6/7 3 3,Z,-0.625,8,SLEEP,Z,0.1299866,0.2858876
3/7/5/3/2/3/7/5/7 3 3,X,-0.5,6,SLEEP,Z,0.05375103,0.1492979
3/7/5/3/2/3/7/3/7 3 3,X,-0.5,8,SLEEP,Z,0.05641438,0.1650124
3/7/5/3/2/3/7/7/6 3 3,X,-0.5555555555555555555555555555,4,SLEEP,Z,0.06041072,0.2286781
3/7/5/3/2/3/7/7/5 3 3,X,-0.5,6,SLEEP,Z,0.08255652,0.263475
3/7/5/3/2/3/7/7/3 3 3,Z,-0.5,4,SLEEP,Z,0.05849072,0.1508795
3/7/5/3/2/7/2/7/7 3 3,X,-0.5,6,SLEEP,Z,0.1031298,0.2404713
3/7/5/3/2/7/6/6/7 3 3,Z,-0.5909090909090909090909090909,8,SLEEP,Z,0.06388955,0.2039074
3/7/5/3/2/7/6/5/7 3 3,X,-0.5555555555555555555555555555,8,SLEEP,Z,0.05166073,0.1870469
3/7/5/3/2/7/6/3/7 3 3,X,-0.5555555555555555555555555555,6,SLEEP,Z,0.1294675,0.3222086
3/7/5/3/2/7/6/7/6 3 3,X,-0.6111111111111111111111111111,14,SLEEP,Z,0.100603,0.3711241
3/7/5/3/2/7/6/7/5 3 3,X,-0.5555555555555555555555555555,2,SLEEP,Z,0.03516273,0.1348473
3/7/5/3/2/7/6/7/3 3 3,X,0.7,6,SLEEP,Z,0.1423739,0.2611479
3/7/5/3/2/7/5/6/7 3 3,Z,-0.5909090909090909090909090909,6,SLEEP,Z,0.05569031,0.1816079
3/7/5/3/2/7/5/5/7 3 3,X,-0.5,4,SLEEP,Z,0.03551918,0.1264979
3/7/5/3/2/7/5/3/7 3 3,X,-0.5,6,SLEEP,Z,0.09320683,0.2860615
3/7/5/3/2/7/5/7/6 3 3,X,-0.5555555555555555555555555555,4,SLEEP,Z,0.03313247,0.1228035
3/7/5/3/2/7/5/7/5 3 3,X,-0.5,6,SLEEP,Z,0.04694239,0.1705621
3/7/5/3/2/7/5/7/3 3 3,Z,-0.5,4,SLEEP,Z,0.1203292,0.224193
3/7/5/3/2/7/3/6/7 3 3,Z,-0.5909090909090909090909090909,6,SLEEP,Z,0.06416315,0.1980936
3/7/5/3/2/7/3/5/7 3 3,Z,-0.5,6,SLEEP,Z,0.02982797,0.1185296
3/7/5/3/2/7/3/3/7 3 3,X,-0.5,4,SLEEP,Z,0.03454057,0.1259665
3/7/5/3/2/7/3/7/6 3 3,X,-0.7,4,SLEEP,Z,0.05934538,0.1946651
3/7/5/3/2/7/3/7/5 3 3,Z,-0.5,6,SLEEP,Z,0.134747,0.3239155
3/7/5/3/2/7/3/7/3 3 3,Z,-0.5,6,SLEEP,Z,0.04971,0.1694809
3/7/5/3/2/7/7/2/7 3 3,X,-0.5,8,SLEEP,Z,0.03494029,0.1444076
3/7/5/3/2/7/7/6/6 3 3,Z,-0.5909090909090909090909090909,8,SLEEP,Z,0.0595917,0.2158875
3/7/5/3/2/7/7/6/5 3 3,Z,-0.5909090909090909090909090909,4,SLEEP,Z,0.04113299,0.1405423
3/7/5/3/2/7/7/6/3 3 3,Z,-0.5909090909090909090909090909,6,SLEEP,Z,0.1362574,0.2489021
3/7/5/3/2/7/7/5/6 3 3,X,-0.5555555555555555555555555555,8,SLEEP,Z,0.05123718,0.2264791
3/7/5/3/2/7/7/5/5 3 3,X,-0.5,4,SLEEP,Z,0.04382254,0.1632558
3/7/5/3/2/7/7/5/3 3 3,Z,-0.5,4,SLEEP,Z,0.03619011,0.13605
3/7/5/3/2/7/7/3/6 3 3,X,-0.5555555555555555555555555555,4,SLEEP,Z,0.03298591,0.128402
3/7/5/3/2/7/7/3/5 3 3,X,-0.5,6,SLEEP,Z,0.04438412,0.1292955
3/7/5/3/2/7/7/3/3 3 3,Z,-0.5,2,SLEEP,Z,0.02362046,0.08582395
3/7/5/3/2/7/7/7/4 3 3,X,-0.5555555555555555555555555555,6,SLEEP,Z,0.06123928,0.2276693
3/7/5/3/2/7/7/7/2 3 3,X,-0.5,8,SLEEP,Z,0.06125828,0.2129703
3/7/5/3/2/7/7/7/1 3 3,Z,-0.5,2,SLEEP,Z,0.01262032,0.04729609
3/7/5/3/6/2/6/7/7 3 3,X,-0.6111111111111111111111111111,8,SLEEP,Z,0.06522799,0.2076437
3/7/5/3/6/2/5/7/7 3 3,X,-0.5555555555555555555555555555,6,SLEEP,Z,0.04144088,0.1348563
3/7/5/3/6/2/3/7/7 3 3,X,0.6111111111111111111111111111,4,SLEEP,Z,0.02025274,0.0668084
3/7/5/3/6/2/7/6/7 3 3,Z,-0.5909090909090909090909090909,6,SLEEP,Z,0.05637423,0.1885795
3/7/5/3/6/2/7/5/7 3 3,X,-0.5555555555555555555555555555,8,SLEEP,Z,0.04311208,0.1437155
3/7/5/3/6/2/7/3/7 3 3,X,-0.5555555555555555555555555555,2,SLEEP,Z,0.01862605,0.07776775
3/7/5/3/6/2/7/7/6 3 3,X,-0.6111111111111111111111111111,4,SLEEP,Z,0.1004149,0.380666
3/7/5/3/6/2/7/7/5 3 3,X,-0.5555555555555555555555555555,8,SLEEP,Z,0.06819202,0.219374
3/7/5/3/6/2/7/7/3 3 3,X,0.6111111111111111111111111111,4,SLEEP,Z,0.0338662,0.09510097
3/7/5/3/6/6/2/7/7 3 3,Z,-0.5909090909090909090909090909,6,SLEEP,Z,0.03617594,0.1198003
3/7/5/3/6/6/6/6/7 3 3,Z,-0.6818181818181818181818181819,8,SLEEP,Z,0.08126933,0.3136099
3/7/5/3/6/6/6/5/7 3 3,X,-0.6111111111111111111111111111,10,SLEEP,Z,0.07435983,0.2776322
3/7/5/3/6/6/6/3/7 3 3,Z,0.6428571428571428571428571429,6,SLEEP,Z,0.05325445,0.1986084
3/7/5/3/6/6/6/7/6 3 3,X,-0.6666666666666666666666666666,10,SLEEP,Z,0.09400506,0.4377433
3/7/5/3/6/6/6/7/5 3 3,X,-0.6111111111111111111111111111,6,SLEEP,Z,0.05018562,0.2170368
3/7/5/3/6/6/6/7/3 3 3,X,0.7,6,SLEEP,Z,0.245301,0.3677056
3/7/5/3/6/6/5/6/7 3 3,Z,-0.6818181818181818181818181819,6,SLEEP,Z,0.1458346,0.3799792
3/7/5/3/6/6/5/5/7 3 3,Z,-0.5909090909090909090909090909,6,SLEEP,Z,0.04164425,0.1272279
3/7/5/3/6/6/5/3/7 3 3,Z,0.6428571428571428571428571429,6,SLEEP,Z,0.03902207,0.1298817
3/7/5/3/6/6/5/7/6 3 3,X,-0.6111111111111111111111111111,8,SLEEP,Z,0.05961919,0.238763
3/7/5/3/6/6/5/7/5 3 3,Z,-0.5909090909090909090909090909,6,SLEEP,Z,0.03963415,0.127247
3/7/5/3/6/6/5/7/3 3 3,X,0.6111111111111111111111111111,4,SLEEP,Z,0.03433255,0.08271352
3/7/5/3/6/6/3/6/7 3 3,Z,-0.6818181818181818181818181819,6,SLEEP,Z,0.06662732,0.2078361
3/7/5/3/6/6/3/5/7 3 3,X,0.6111111111111111111111111111,4,SLEEP,Z,0.1262414,0.2612916
3/7/5/3/6/6/3/3/7 3 3,Z,0.6428571428571428571428571429,4,SLEEP,Z,0.04265604,0.09035607
3/7/5/3/6/6/3/7/6 3 3,X,-0.7,4,SLEEP,Z,0.02569971,0.0955428
3/7/5/3/6/6/3/7/5 3 3,X,0.6111111111111111111111111111,6,SLEEP,Z,0.1404092,0.402139
3/7/5/3/6/6/3/7/3 3 3,X,0.7222222222222222222222222222,4,SLEEP,Z,0.02999114,0.0986041
3/7/5/3/6/6/7/2/7 3 3,Z,-0.5909090909090909090909090909,6,SLEEP,Z,0.03197436,0.1187499
3/7/5/3/6/6/7/6/6 3 3,Z,-0.6818181818181818181818181819,8,SLEEP,Z,0.06673212,0.2448099
3/7/5/3/6/6/7/6/5 3 3,Z,-0.6818181818181818181818181819,8,SLEEP,Z,0.0453387,0.1574547
3/7/5/3/6/6/7/6/3 3 3,Z,-0.6818181818181818181818181819,2,SLEEP,Z,0.05129278,0.1565227
3/7/5/3/6/6/7/5/6 3 3,X,-0.6111111111111111111111111111,10,SLEEP,Z,0.07500307,0.2936543
3/7/5/3/6/6/7/5/5 3 3,Z,-0.5909090909090909090909090909,4,SLEEP,Z,0.0338141,0.1419777
3/7/5/3/6/6/7/5/3 3 3,X,0.6111111111111111111111111111,8,SLEEP,Z,0.1738409,0.3902183
3/7/5/3/6/6/7/3/6 3 3,Z,0.6428571428571428571428571429,6,SLEEP,Z,0.04927996,0.2093622
3/7/5/3/6/6/7/3/5 3 3,Z,0.6428571428571428571428571429,4,SLEEP,Z,0.01869592,0.0784573
3/7/5/3/6/6/7/3/3 3 3,Z,0.6428571428571428571428571429,2,SLEEP,Z,0.01819449,0.06377904
3/7/5/3/6/6/7/7/4 3 3,X,-0.6111111111111111111111111111,6,SLEEP,Z,0.04077127,0.1749358
3/7/5/3/6/6/7/7/2 3 3,Z,-0.5909090909090909090909090909,2,SLEEP,Z,0.02444897,0.1075033
3/7/5/3/6/6/7/7/1 3 3,X,0.6111111111111111111111111111,4,SLEEP,Z,0.02529376,0.09658836
3/7/5/3/6/5/2/7/7 3 3,X,-0.5555555555555555555555555555,6,SLEEP,Z,0.04267132,0.1389571
3/7/5/3/6/5/6/6/7 3 3,X,-0.6111111111111111111111111111,10,SLEEP,Z,0.1545503,0.40032
3/7/5/3/6/5/6/5/7 3 3,X,-0.6111111111111111111111111111,8,SLEEP,Z,0.06603344,0.2616721
3/7/5/3/6/5/6/3/7 3 3,X,-0.6111111111111111111111111111,6,SLEEP,Z,0.1644466,0.3853579
3/7/5/3/6/5/6/7/6 3 3,X,-0.6666666666666666666666666666,8,SLEEP,Z,0.134855,0.4188189
3/7/5/3/6/5/6/7/5 3 3,X,-0.6111111111111111111111111111,6,SLEEP,Z,0.05273839,0.2051991
3/7/5/3/6/5/6/7/3 3 3,X,0.7,4,SLEEP,Z,0.05380385,0.1104804
3/7/5/3/6/5/5/6/7 3 3,Z,-0.5909090909090909090909090909,6,SLEEP,Z,0.09510984,0.2755754
3/7/5/3/6/5/5/5/7 3 3,X,-0.5555555555555555555555555555,4,SLEEP,Z,0.03074076,0.1002503
3/7/5/3/6/5/5/3/7 3 3,X,-0.5555555555555555555555555555,6,SLEEP,Z,0.1065983,0.2672376
3/7/5/3/6/5/5/7/6 3 3,X,-0.6111111111111111111111111111,6,SLEEP,Z,0.1087643,0.3304997
3/7/5/3/6/5/5/7/5 3 3,X,-0.5555555555555555555555555555,6,SLEEP,Z,0.1306816,0.3148155
3/7/5/3/6/5/5/7/3 3 3,X,0.6111111111111111111111111111,4,SLEEP,Z,0.04725901,0.1503213
3/7/5/3/6/5/3/6/7 3 3,X,0.6111111111111111111111111111,6,SLEEP,Z,0.05581764,0.1522662
3/7/5/3/6/5/3/5/7 3 3,X,0.6111111111111111111111111111,4,SLEEP,Z,0.03052476,0.107284
3/7/5/3/6/5/3/3/7 3 3,X,0.6111111111111111111111111111,4,SLEEP,Z,0.03242932,0.1121136
3/7/5/3/6/5/3/7/6 3 3,X,-0.7,2,SLEEP,Z,0.04625101,0.1420692
3/7/5/3/6/5/3/7/5 3 3,X,0.6111111111111111111111111111,4,SLEEP,Z,0.08975153,0.1986231
3/7/5/3/6/5/3/7/3 3 3,X,0.7222222222222222222222222222,6,SLEEP,Z,0.04462956,0.1111089
3/7/5/3/6/5/7/2/7 3 3,X,-0.5555555555555555555555555555,4,SLEEP,Z,0.03034451,0.1203505
3/7/5/3/6/5/7/6/6 3 3,X,-0.6111111111111111111111111111,6,SLEEP,Z,0.1176222,0.3918139
3/7/5/3/6/5/7/6/5 3 3,Z,-0.5909090909090909090909090909,8,SLEEP,Z,0.1210776,0.3446488
3/7/5/3/6/5/7/6/3 3 3,X,0.6111111111111111111111111111,6,SLEEP,Z,0.0550172,0.2017207
3/7/5/3/6/5/7/5/6 3 3,X,-0.6111111111111111111111111111,6,SLEEP,Z,0.05688486,0.2630581
3/7/5/3/6/5/7/5/5 3 3,X,-0.5555555555555555555555555555,6,SLEEP,Z,0.06133736,0.2592532
3/7/5/3/6/5/7/5/3 3 3,X,0.6111111111111111111111111111,4,SLEEP,Z,0.1310978,0.3683511
3/7/5/3/6/5/7/3/6 3 3,X,-0.6111111111111111111111111111,6,SLEEP,Z,0.05854822,0.2566475
3/7/5/3/6/5/7/3/5 3 3,X,-0.5555555555555555555555555555,4,SLEEP,Z,0.01874384,0.07346237
3/7/5/3/6/5/7/3/3 3 3,X,0.6111111111111111111111111111,2,SLEEP,Z,0.01698873,0.05387044
3/7/5/3/6/5/7/7/4 3 3,X,-0.6111111111111111111111111111,6,SLEEP,Z,0.05402333,0.2232046
3/7/5/3/6/5/7/7/2 3 3,X,-0.5555555555555555555555555555,4,SLEEP,Z,0.02846437,0.119144
3/7/5/3/6/5/7/7/1 3 3,X,0.6111111111111111111111111111,6,SLEEP,Z,0.03408738,0.1416559
3/7/5/3/6/3/2/7/7 3 3,X,-0.5555555555555555555555555555,4,SLEEP,Z,0.05237631,0.1291073
3/7/5/3/6/3/6/6/7 3 3,Z,-0.6428571428571428571428571429,8,SLEEP,Z,0.1798726,0.4246054
3/7/5/3/6/3/6/5/7 3 3,X,-0.6111111111111111111111111111,6,SLEEP,Z,0.08362032,0.2304268
3/7/5/3/6/3/6/3/7 3 3,X,-0.6111111111111111111111111111,6,SLEEP,Z,0.08092799,0.237273
3/7/5/3/6/3/6/7/6 3 3,X,-0.6666666666666666666666666666,8,SLEEP,Z,0.07449046,0.3162385
3/7/5/3/6/3/6/7/5 3 3,X,-0.6111111111111111111111111111,10,SLEEP,Z,0.0625779,0.2765301
3/7/5/3/6/3/6/7/3 3 3,X,0.7,4,SLEEP,Z,0.04516187,0.1203364
3/7/5/3/6/3/5/6/7 3 3,Z,-0.6428571428571428571428571429,6,SLEEP,Z,0.0505612,0.16785
3/7/5/3/6/3/5/5/7 3 3,X,-0.5555555555555555555555555555,6,SLEEP,Z,0.0350538,0.1487722
3/7/5/3/6/3/5/3/7 3 3,X,-0.5555555555555555555555555555,4,SLEEP,Z,0.02363997,0.09978256
3/7/5/3/6/3/5/7/6 3 3,X,-0.6111111111111111111111111111,6,SLEEP,Z,0.1577443,0.3645459
3/7/5/3/6/3/5/7/5 3 3,X,-0.5555555555555555555555555555,4,SLEEP,Z,0.03033584,0.09048204
3/7/5/3/6/3/5/7/3 3 3,X,0.6111111111111111111111111111,4,SLEEP,Z,0.06319175,0.139201
3/7/5/3/6/3/3/6/7 3 3,Z,-0.6428571428571428571428571429,6,SLEEP,Z,0.1171926,0.3245684
3/7/5/3/6/3/3/5/7 3 3,X,0.6111111111111111111111111111,6,SLEEP,Z,0.1360086,0.2794976
3/7/5/3/6/3/3/3/7 3 3,X,0.6111111111111111111111111111,4,SLEEP,Z,0.02807152,0.09593384
3/7/5/3/6/3/3/7/6 3 3,X,-0.7,4,SLEEP,Z,0.04487554,0.1613642
3/7/5/3/6/3/3/7/5 3 3,X,0.6111111111111111111111111111,4,SLEEP,Z,0.05399073,0.1252597
3/7/5/3/6/3/3/7/3 3 3,X,0.7222222222222222222222222222,4,SLEEP,Z,0.06374927,0.07302716
3/7/5/3/6/3/7/2/7 3 3,X,-0.5555555555555555555555555555,4,SLEEP,Z,0.02883804,0.1061971
3/7/5/3/6/3/7/6/6 3 3,Z,-0.6428571428571428571428571429,8,SLEEP,Z,0.1230679,0.3607187
3/7/5/3/6/3/7/6/5 3 3,Z,-0.6428571428571428571428571429,6,SLEEP,Z,0.05276101,0.1638142
3/7/5/3/6/3/7/6/3 3 3,Z,-0.6428571428571428571428571429,4,SLEEP,Z,0.03608559,0.1223905
3/7/5/3/6/3/7/5/6 3 3,X,-0.6111111111111111111111111111,4,SLEEP,Z,0.04704551,0.1915803
3/7/5/3/6/3/7/5/5 3 3,X,-0.5555555555555555555555555555,6,SLEEP,Z,0.03185275,0.1325518
3/7/5/3/6/3/7/5/3 3 3,X,0.6111111111111111111111111111,6,SLEEP,Z,0.04365858,0.1511372
3/7/5/3/6/3/7/3/6 3 3,X,-0.6111111111111111111111111111,6,SLEEP,Z,0.0663294,0.2550808
3/7/5/3/6/3/7/3/5 3 3,X,-0.5555555555555555555555555555,4,SLEEP,Z,0.02897499,0.1117797
3/7/5/3/6/3/7/3/3 3 3,X,0.6111111111111111111111111111,6,SLEEP,Z,0.1061842,0.1546344
3/7/5/3/6/3/7/7/4 3 3,X,-0.6111111111111111111111111111,6,SLEEP,Z,0.0521351,0.2378211
3/7/5/3/6/3/7/7/2 3 3,X,-0.5555555555555555555555555555,6,SLEEP,Z,0.1485968,0.3782528
3/7/5/3/6/3/7/7/1 3 3,X,0.6111111111111111111111111111,2,SLEEP,Z,0.02714332,0.0946197
3/7/5/3/6/7/2/6/7 3 3,Z,-0.5909090909090909090909090909,6,SLEEP,Z,0.05120781,0.2022412
3/7/5/3/6/7/2/5/7 3 3,X,-0.5555555555555555555555555555,6,SLEEP,Z,0.04989574,0.1441996
3/7/5/3/6/7/2/3/7 3 3,X,-0.5555555555555555555555555555,4,SLEEP,Z,0.03011771,0.1235948
3/7/5/3/6/7/2/7/6 3 3,X,-0.6111111111111111111111111111,8,SLEEP,Z,0.08572873,0.3505565
3/7/5/3/6/7/2/7/5 3 3,X,-0.5555555555555555555555555555,6,SLEEP,Z,0.03712083,0.1493101
3/7/5/3/6/7/2/7/3 3 3,X,0.6111111111111111111111111111,4,SLEEP,Z,0.04083053,0.1160564
3/7/5/3/6/7/6/2/7 3 3,X,-0.6111111111111111111111111111,6,SLEEP,Z,0.04128112,0.1700984
3/7/5/3/6/7/6/6/6 3 3,X,-0.6666666666666666666666666666,8,SLEEP,Z,0.08090036,0.3354345
3/7/5/3/6/7/6/6/5 3 3,X,-0.6111111111111111111111111111,10,SLEEP,Z,0.132963,0.4104006
3/7/5/3/6/7/6/6/3 3 3,X,0.75,4,SLEEP,Z,0.03249562,0.1186598
3/7/5/3/6/7/6/5/6 3 3,X,-0.6666666666666666666666666666,6,SLEEP,Z,0.06465536,0.3007169
3/7/5/3/6/7/6/5/5 3 3,X,-0.6111111111111111111111111111,6,SLEEP,Z,0.04268013,0.1938353
3/7/5/3/6/7/6/5/3 3 3,X,0.75,6,SLEEP,Z,0.03689504,0.142846
3/7/5/3/6/7/6/3/6 3 3,X,-0.6666666666666666666666666666,10,SLEEP,Z,0.07851893,0.2951042
3/7/5/3/6/7/6/3/5 3 3,X,-0.6111111111111111111111111111,8,SLEEP,Z,0.05803055,0.2609905
3/7/5/3/6/7/6/3/3 3 3,X,0.75,2,SLEEP,Z,0.02344148,0.09729701
3/7/5/3/6/7/6/7/4 3 3,X,-0.6666666666666666666666666666,12,SLEEP,Z,0.08669928,0.3995877
3/7/5/3/6/7/6/7/2 3 3,X,-0.6111111111111111111111111111,6,SLEEP,Z,0.07426688,0.3139313
3/7/5/3/6/7/6/7/1 3 3,X,0.75,4,SLEEP,Z,0.03364733,0.1237678
3/7/5/3/6/7/5/2/7 3 3,X,-0.5555555555555555555555555555,6,SLEEP,Z,0.05703183,0.1461805
3/7/5/3/6/7/5/6/6 3 3,X,-0.6111111111111111111111111111,4,SLEEP,Z,0.08964486,0.3405304
3/7/5/3/6/7/5/6/5 3 3,Z,-0.5909090909090909090909090909,6,SLEEP,Z,0.03673661,0.1449175
3/7/5/3/6/7/5/6/3 3 3,X,0.6111111111111111111111111111,6,SLEEP,Z,0.07731341,0.1856004
3/7/5/3/6/7/5/5/6 3 3,X,-0.6111111111111111111111111111,6,SLEEP,Z,0.0488474,0.2200213
3/7/5/3/6/7/5/5/5 3 3,X,-0.5555555555555555555555555555,6,SLEEP,Z,0.04633066,0.1851647
3/7/5/3/6/7/5/5/3 3 3,X,0.6111111111111111111111111111,2,SLEEP,Z,0.01902424,0.06308297
3/7/5/3/6/7/5/3/6 3 3,X,-0.6111111111111111111111111111,6,SLEEP,Z,0.05494474,0.2535828
3/7/5/3/6/7/5/3/5 3 3,X,-0.5555555555555555555555555555,4,SLEEP,Z,0.02730883,0.1213853
3/7/5/3/6/7/5/3/3 3 3,X,0.6111111111111111111111111111,4,SLEEP,Z,0.01960578,0.07702475
3/7/5/3/6/7/5/7/4 3 3,X,-0.6111111111111111111111111111,6,SLEEP,Z,0.1218924,0.376036
3/7/5/3/6/7/5/7/2 3 3,X,-0.5555555555555555555555555555,6,SLEEP,Z,0.05381747,0.2028178
3/7/5/3/6/7/5/7/1 3 3,X,0.6111111111111111111111111111,4,SLEEP,Z,0.1139507,0.4421196
3/7/5/3/6/7/3/2/7 3 3,X,0.6111111111111111111111111111,4,SLEEP,Z,0.07778515,0.1614
3/7/5/3/6/7/3/6/6 3 3,X,-0.75,8,SLEEP,Z,0.09838215,0.3563394
3/7/5/3/6/7/3/6/5 3 3,X,0.6111111111111111111111111111,4,SLEEP,Z,0.03126815,0.1109067
3/7/5/3/6/7/3/6/3 3 3,X,0.7222222222222222222222222222,12,SLEEP,Z,0.04496781,0.1579915
3/7/5/3/6/7/3/5/6 3 3,X,-0.75,4,SLEEP,Z,0.04003857,0.1340434
3/7/5/3/6/7/3/5/5 3 3,X,0.6111111111111111111111111111,4,SLEEP,Z,0.03648523,0.0985235
3/7/5/3/6/7/3/5/3 3 3,X,0.7222222222222222222222222222,4,SLEEP,Z,0.03916395,0.1247062
3/7/5/3/6/7/3/3/6 3 3,X,-0.75,6,SLEEP,Z,0.04089976,0.1762943
3/7/5/3/6/7/3/3/5 3 3,X,0.6111111111111111111111111111,2,SLEEP,Z,0.01280183,0.0481526
3/7/5/3/6/7/3/3/3 3 3,X,0.7222222222222222222222222222,2,SLEEP,Z,0.01675105,0.06202476
3/7/5/3/6/7/3/7/4 3 3,X,-0.75,4,SLEEP,Z,0.04012106,0.157677
3/7/5/3/6/7/3/7/2 3 3,X,0.6111111111111111111111111111,4,SLEEP,Z,0.03431003,0.1323934
3/7/5/3/6/7/3/7/1 3 3,X,0.7222222222222222222222222222,2,SLEEP,Z,0.02262458,0.06016752
3/7/5/3/6/7/7/2/6 3 3,X,-0.6111111111111111111111111111,6,SLEEP,Z,0.05529102,0.2467772
3/7/5/3/6/7/7/2/5 3 3,X,-0.5555555555555555555555555555,6,SLEEP,Z,0.05905149,0.2269935
3/7/5/3/6/7/7/2/3 3 3,X,0.6111111111111111111111111111,2,SLEEP,Z,0.03201945,0.09239615
3/7/5/3/6/7/7/6/4 3 3,X,-0.6111111111111111111111111111,6,SLEEP,Z,0.06136768,0.2683524
3/7/5/3/6/7/7/6/2 3 3,Z,-0.5909090909090909090909090909,8,SLEEP,Z,0.1168245,0.3378302
3/7/5/3/6/7/7/6/1 3 3,X,0.6111111111111111111111111111,4,SLEEP,Z,0.02370447,0.08922575
3/7/5/3/6/7/7/5/4 3 3,X,-0.6111111111111111111111111111,6,SLEEP,Z,0.04857499,0.2058012
3/7/5/3/6/7/7/5/2 3 3,X,-0.5555555555555555555555555555,6,SLEEP,Z,0.06492751,0.2434116
3/7/5/3/6/7/7/5/1 3 3,X,0.6111111111111111111111111111,2,SLEEP,Z,0.03018472,0.1152839
3/7/5/3/6/7/7/3/4 3 3,X,-0.6111111111111111111111111111,6,SLEEP,Z,0.048522,0.2296756
3/7/5/3/6/7/7/3/2 3 3,X,-0.5555555555555555555555555555,4,SLEEP,Z,0.03418345,0.13203
3/7/5/3/6/7/7/3/1 3 3,X,0.6111111111111111111111111111,4,SLEEP,Z,0.02317645,0.09131444
3/7/5/3/5/2/6/7/7 3 3,X,-0.5555555555555555555555555555,6,SLEEP,Z,0.05199159,0.1860132
3/7/5/3/5/2/5/7/7 3 3,X,-0.5,6,SLEEP,Z,0.07525188,0.4165389
3/7/5/3/5/2/3/7/7 3 3,Z,-0.5,6,SLEEP,Z,0.07668194,0.2340637
3/7/5/3/5/2/7/6/7 3 3,Z,-0.5909090909090909090909090909,8,SLEEP,Z,0.1101112,0.3118828
3/7/5/3/5/2/7/5/7 3 3,X,-0.5,4,SLEEP,Z,0.02747352,0.1288801
3/7/5/3/5/2/7/3/7 3 3,X,-0.5,6,SLEEP,Z,0.05885488,0.2146823
3/7/5/3/5/2/7/7/6 3 3,X,-0.5555555555555555555555555555,8,SLEEP,Z,0.09110094,0.3093677
3/7/5/3/5/2/7/7/5 3 3,X,-0.5,4,SLEEP,Z,0.04272071,0.1485067
3/7/5/3/5/2/7/7/3 3 3,Z,-0.5,6,SLEEP,Z,0.05351655,0.1538318
3/7/5/3/5/6/2/7/7 3 3,Z,-0.5909090909090909090909090909,6,SLEEP,Z,0.05193777,0.1791221
3/7/5/3/5/6/6/6/7 3 3,Z,-0.6818181818181818181818181819,8,SLEEP,Z,0.1059774,0.3470095
3/7/5/3/5/6/6/5/7 3 3,Z,-0.5909090909090909090909090909,8,SLEEP,Z,0.1296597,0.363268
3/7/5/3/5/6/6/3/7 3 3,Z,0.6428571428571428571428571429,6,SLEEP,Z,0.03798655,0.1490267
3/7/5/3/5/6/6/7/6 3 3,X,-0.6111111111111111111111111111,8,SLEEP,Z,0.08659653,0.3688048
3/7/5/3/5/6/6/7/5 3 3,Z,-0.5909090909090909090909090909,6,SLEEP,Z,0.08085183,0.3161802
3/7/5/3/5/6/6/7/3 3 3,X,0.7,4,SLEEP,Z,0.03909714,0.1293579
3/7/5/3/5/6/5/6/7 3 3,Z,-0.6818181818181818181818181819,6,SLEEP,Z,0.06508978,0.2169266
3/7/5/3/5/6/5/5/7 3 3,Z,-0.5909090909090909090909090909,8,SLEEP,Z,0.06862544,0.262663
3/7/5/3/5/6/5/3/7 3 3,Z,0.6428571428571428571428571429,4,SLEEP,Z,0.03108874,0.09581358
3/7/5/3/5/6/5/7/6 3 3,Z,-0.5909090909090909090909090909,6,SLEEP,Z,0.03224381,0.1424645
3/7/5/3/5/6/5/7/5 3 3,Z,-0.5909090909090909090909090909,4,SLEEP,Z,0.04331684,0.1727694
3/7/5/3/5/6/5/7/3 3 3,Z,-0.5909090909090909090909090909,4,SLEEP,Z,0.0563194,0.240578
3/7/5/3/5/6/3/6/7 3 3,Z,-0.6818181818181818181818181819,6,SLEEP,Z,0.05599694,0.1716234
3/7/5/3/5/6/3/5/7 3 3,Z,-0.5909090909090909090909090909,6,SLEEP,Z,0.0618225,0.2519844
3/7/5/3/5/6/3/3/7 3 3,Z,0.6428571428571428571428571429,6,SLEEP,Z,0.03019815,0.1265236
3/7/5/3/5/6/3/7/6 3 3,X,-0.7,6,SLEEP,Z,0.03527732,0.1418246
3/7/5/3/5/6/3/7/5 3 3,Z,-0.5909090909090909090909090909,4,SLEEP,Z,0.03016736,0.1137859
3/7/5/3/5/6/3/7/3 3 3,Z,-0.5909090909090909090909090909,6,SLEEP,Z,0.0350478,0.1282271
3/7/5/3/5/6/7/2/7 3 3,Z,-0.5909090909090909090909090909,6,SLEEP,Z,0.02774633,0.118491
3/7/5/3/5/6/7/6/6 3 3,Z,-0.6818181818181818181818181819,8,SLEEP,Z,0.07509507,0.2895989
3/7/5/3/5/6/7/6/5 3 3,Z,-0.6818181818181818181818181819,10,SLEEP,Z,0.05342409,0.1939246
3/7/5/3/5/6/7/6/3 3 3,Z,-0.6818181818181818181818181819,6,SLEEP,Z,0.09169948,0.2735689
3/7/5/3/5/6/7/5/6 3 3,Z,-0.5909090909090909090909090909,6,SLEEP,Z,0.07368357,0.3377636
3/7/5/3/5/6/7/5/5 3 3,Z,-0.5909090909090909090909090909,6,SLEEP,Z,0.04947292,0.1810296
3/7/5/3/5/6/7/5/3 3 3,Z,-0.5909090909090909090909090909,8,SLEEP,Z,0.06748408,0.2664303
3/7/5/3/5/6/7/3/6 3 3,Z,0.6428571428571428571428571429,6,SLEEP,Z,0.02964457,0.1390065
3/7/5/3/5/6/7/3/5 3 3,Z,0.6428571428571428571428571429,4,SLEEP,Z,0.02907605,0.1253907
3/7/5/3/5/6/7/3/3 3 3,Z,0.6428571428571428571428571429,4,SLEEP,Z,0.05639321,0.2975715
3/7/5/3/5/6/7/7/4 3 3,Z,-0.5909090909090909090909090909,6,SLEEP,Z,0.04076382,0.1723176
3/7/5/3/5/6/7/7/2 3 3,Z,-0.5909090909090909090909090909,6,SLEEP,Z,0.04771283,0.1741866
3/7/5/3/5/6/7/7/1 3 3,Z,-0.5909090909090909090909090909,4,SLEEP,Z,0.03546152,0.1490307
3/7/5/3/5/5/2/7/7 3 3,X,-0.5,6,SLEEP,Z,0.03149944,0.1225655
3/7/5/3/5/5/6/6/7 3 3,Z,-0.5909090909090909090909090909,6,SLEEP,Z,0.06893414,0.2839055
3/7/5/3/5/5/6/5/7 3 3,X,-0.5555555555555555555555555555,6,SLEEP,Z,0.04800266,0.219118
3/7/5/3/5/5/6/3/7 3 3,X,-0.5555555555555555555555555555,4,SLEEP,Z,0.0331081,0.1581566
3/7/5/3/5/5/6/7/6 3 3,X,-0.6111111111111111111111111111,8,SLEEP,Z,0.09159406,0.3782979
3/7/5/3/5/5/6/7/5 3 3,X,-0.5555555555555555555555555555,8,SLEEP,Z,0.07944935,0.3342164
3/7/5/3/5/5/6/7/3 3 3,X,0.7,4,SLEEP,Z,0.03362928,0.1399268
3/7/5/3/5/5/5/6/7 3 3,Z,-0.5909090909090909090909090909,6,SLEEP,Z,0.03762359,0.1319852
3/7/5/3/5/5/5/5/7 3 3,X,-0.5,4,SLEEP,Z,0.04982095,0.1450554
3/7/5/3/5/5/5/3/7 3 3,X,-0.5,2,SLEEP,Z,0.02495682,0.110472
3/7/5/3/5/5/5/7/6 3 3,X,-0.5555555555555555555555555555,6,SLEEP,Z,0.05791815,0.2284063
3/7/5/3/5/5/5/7/5 3 3,X,-0.5,6,SLEEP,Z,0.04639016,0.1442909
3/7/5/3/5/5/5/7/3 3 3,Z,-0.5,4,SLEEP,Z,0.03113385,0.1259458
3/7/5/3/5/5/3/6/7 3 3,Z,-0.5909090909090909090909090909,4,SLEEP,Z,0.03291305,0.1366206
3/7/5/3/5/5/3/5/7 3 3,Z,-0.5,6,SLEEP,Z,0.03740329,0.1416322
3/7/5/3/5/5/3/3/7 3 3,X,-0.5,2,SLEEP,Z,0.03416791,0.1140405
3/7/5/3/5/5/3/7/6 3 3,X,-0.7,8,SLEEP,Z,0.03974148,0.1625399
3/7/5/3/5/5/3/7/5 3 3,Z,-0.5,4,SLEEP,Z,0.04163703,0.1454673
3/7/5/3/5/5/3/7/3 3 3,Z,-0.5,6,SLEEP,Z,0.02088421,0.09445048
3/7/5/3/5/5/7/2/7 3 3,X,-0.5,6,SLEEP,Z,0.06481504,0.2394535
3/7/5/3/5/5/7/6/6 3 3,Z,-0.5909090909090909090909090909,6,SLEEP,Z,0.04196484,0.1699446
3/7/5/3/5/5/7/6/5 3 3,Z,-0.5909090909090909090909090909,6,SLEEP,Z,0.09535524,0.3135008
3/7/5/3/5/5/7/6/3 3 3,Z,-0.5909090909090909090909090909,4,SLEEP,Z,0.07668322,0.1924764
3/7/5/3/5/5/7/5/6 3 3,X,-0.5555555555555555555555555555,6,SLEEP,Z,0.03547193,0.160717
3/7/5/3/5/5/7/5/5 3 3,X,-0.5,6,SLEEP,Z,0.03011292,0.1156825
3/7/5/3/5/5/7/5/3 3 3,Z,-0.5,4,SLEEP,Z,0.0328764,0.1443039
3/7/5/3/5/5/7/3/6 3 3,X,-0.5555555555555555555555555555,6,SLEEP,Z,0.05330592,0.2386478
3/7/5/3/5/5/7/3/5 3 3,X,-0.5,6,SLEEP,Z,0.06128064,0.2349137
3/7/5/3/5/5/7/3/3 3 3,Z,-0.5,4,SLEEP,Z,0.02953466,0.1321123
3/7/5/3/5/5/7/7/4 3 3,X,-0.5555555555555555555555555555,6,SLEEP,Z,0.04582344,0.2125214
3/7/5/3/5/5/7/7/2 3 3,X,-0.5,6,SLEEP,Z,0.02932899,0.1310184
3/7/5/3/5/5/7/7/1 3 3,Z,-0.5,4,SLEEP,Z,0.06629374,0.282371
3/7/5/3/5/3/2/7/7 3 3,X,-0.5,8,SLEEP,Z,0.09699523,0.2629518
3/7/5/3/5/3/6/6/7 3 3,Z,-0.6428571428571428571428571429,4,SLEEP,Z,0.04860149,0.1532737
3/7/5/3/5/3/6/5/7 3 3,X,-0.5555555555555555555555555555,8,SLEEP,Z,0.05478852,0.2394622
3/7/5/3/5/3/6/3/7 3 3,X,-0.5555555555555555555555555555,6,SLEEP,Z,0.03861071,0.1630405
3/7/5/3/5/3/6/7/6 3 3,X,-0.6111111111111111111111111111,8,SLEEP,Z,0.06112866,0.2835518
3/7/5/3/5/3/6/7/5 3 3,X,-0.5555555555555555555555555555,6,SLEEP,Z,0.04342683,0.1790236
3/7/5/3/5/3/6/7/3 3 3,X,0.7,6,SLEEP,Z,0.04489788,0.1405479
3/7/5/3/5/3/5/6/7 3 3,Z,-0.6428571428571428571428571429,4,SLEEP,Z,0.04343041,0.1106036
3/7/5/3/5/3/5/5/7 3 3,X,-0.5,4,SLEEP,Z,0.1175062,0.2441427
3/7/5/3/5/3/5/3/7 3 3,X,-0.5,4,SLEEP,Z,0.03953977,0.1649486
3/7/5/3/5/3/5/7/6 3 3,X,-0.5555555555555555555555555555,8,SLEEP,Z,0.1063291,0.3866503
3/7/5/3/5/3/5/7/5 3 3,X,-0.5,4,SLEEP,Z,0.03309557,0.1072845
3/7/5/3/5/3/5/7/3 3 3,Z,-0.5,4,SLEEP,Z,0.03904998,0.1548283
3/7/5/3/5/3/3/6/7 3 3,Z,-0.6428571428571428571428571429,4,SLEEP,Z,0.1245477,0.2622824
3/7/5/3/5/3/3/5/7 3 3,Z,-0.5,4,SLEEP,Z,0.09714763,0.2121045
3/7/5/3/5/3/3/3/7 3 3,X,-0.5,4,SLEEP,Z,0.03599837,0.1234514
3/7/5/3/5/3/3/7/6 3 3,X,-0.7,4,SLEEP,Z,0.05154765,0.1817313
3/7/5/3/5/3/3/7/5 3 3,Z,-0.5,4,SLEEP,Z,0.1255868,0.3764374
3/7/5/3/5/3/3/7/3 3 3,Z,-0.5,10,SLEEP,Z,0.08467736,0.2280521
3/7/5/3/5/3/7/2/7 3 3,X,-0.5,8,SLEEP,Z,0.1175804,0.3552932
3/7/5/3/5/3/7/6/6 3 3,Z,-0.6428571428571428571428571429,6,SLEEP,Z,0.03504896,0.1532976
3/7/5/3/5/3/7/6/5 3 3,Z,-0.6428571428571428571428571429,6,SLEEP,Z,0.02653149,0.1070523
3/7/5/3/5/3/7/6/3 3 3,Z,-0.6428571428571428571428571429,4,SLEEP,Z,0.03641803,0.1208857
3/7/5/3/5/3/7/5/6 3 3,X,-0.5555555555555555555555555555,4,SLEEP,Z,0.03575018,0.1463436
3/7/5/3/5/3/7/5/5 3 3,X,-0.5,6,SLEEP,Z,0.07454672,0.2349676
3/7/5/3/5/3/7/5/3 3 3,Z,-0.5,4,SLEEP,Z,0.03723382,0.1439384
3/7/5/3/5/3/7/3/6 3 3,X,-0.5555555555555555555555555555,4,SLEEP,Z,0.08280694,0.2634874
3/7/5/3/5/3/7/3/5 3 3,X,-0.5,6,SLEEP,Z,0.0826555,0.2608354
3/7/5/3/5/3/7/3/3 3 3,Z,-0.5,4,SLEEP,Z,0.01987094,0.08671749
3/7/5/3/5/3/7/7/4 3 3,X,-0.5555555555555555555555555555,6,SLEEP,Z,0.04816562,0.2255001
3/7/5/3/5/3/7/7/2 3 3,X,-0.5,4,SLEEP,Z,0.02737703,0.1082992
3/7/5/3/5/3/7/7/1 3 3,Z,-0.5,6,SLEEP,Z,0.06378107,0.1784994
3/7/5/3/5/7/2/6/7 3 3,Z,-0.5909090909090909090909090909,8,SLEEP,Z,0.08170024,0.3170573
3/7/5/3/5/7/2/5/7 3 3,X,-0.5,6,SLEEP,Z,0.05624675,0.177644
3/7/5/3/5/7/2/3/7 3 3,X,-0.5,4,SLEEP,Z,0.02850369,0.1286431
3/7/5/3/5/7/2/7/6 3 3,X,-0.5555555555555555555555555555,8,SLEEP,Z,0.1108588,0.3815251
3/7/5/3/5/7/2/7/5 3 3,X,-0.5,4,SLEEP,Z,0.03912147,0.1565185
3/7/5/3/5/7/2/7/3 3 3,Z,-0.5,6,SLEEP,Z,0.1064664,0.2613451
3/7/5/3/5/7/6/2/7 3 3,X,-0.5555555555555555555555555555,6,SLEEP,Z,0.04849414,0.2221844
3/7/5/3/5/7/6/6/6 3 3,X,-0.6111111111111111111111111111,6,SLEEP,Z,0.1205201,0.4087027
3/7/5/3/5/7/6/6/5 3 3,Z,-0.5909090909090909090909090909,6,SLEEP,Z,0.1047432,0.333553
3/7/5/3/5/7/6/6/3 3 3,X,0.75,8,SLEEP,Z,0.07095308,0.2467716
3/7/5/3/5/7/6/5/6 3 3,X,-0.6111111111111111111111111111,8,SLEEP,Z,0.0717382,0.3208701
3/7/5/3/5/7/6/5/5 3 3,X,-0.5555555555555555555555555555,6,SLEEP,Z,0.06247513,0.2802702
3/7/5/3/5/7/6/5/3 3 3,X,0.75,6,SLEEP,Z,0.03456821,0.1405909
3/7/5/3/5/7/6/3/6 3 3,X,-0.6111111111111111111111111111,8,SLEEP,Z,0.08394913,0.342828
3/7/5/3/5/7/6/3/5 3 3,X,-0.5555555555555555555555555555,4,SLEEP,Z,0.07098065,0.2765338
3/7/5/3/5/7/6/3/3 3 3,X,0.75,4,SLEEP,Z,0.03359215,0.1358268
3/7/5/3/5/7/6/7/4 3 3,X,-0.6111111111111111111111111111,6,SLEEP,Z,0.06330595,0.3057292
3/7/5/3/5/7/6/7/2 3 3,X,-0.5555555555555555555555555555,6,SLEEP,Z,0.08656682,0.3023713
3/7/5/3/5/7/6/7/1 3 3,X,0.75,6,SLEEP,Z,0.09995894,0.3662975
3/7/5/3/5/7/5/2/7 3 3,X,-0.5,6,SLEEP,Z,0.04383772,0.1897865
3/7/5/3/5/7/5/6/6 3 3,Z,-0.5909090909090909090909090909,6,SLEEP,Z,0.0539747,0.2024961
3/7/5/3/5/7/5/6/5 3 3,Z,-0.5909090909090909090909090909,4,SLEEP,Z,0.02795338,0.1061829
3/7/5/3/5/7/5/6/3 3 3,Z,-0.5909090909090909090909090909,6,SLEEP,Z,0.09245527,0.2697093
3/7/5/3/5/7/5/5/6 3 3,X,-0.5555555555555555555555555555,6,SLEEP,Z,0.04509138,0.2044118
3/7/5/3/5/7/5/5/5 3 3,X,-0.5,6,SLEEP,Z,0.06060417,0.2125072
3/7/5/3/5/7/5/5/3 3 3,Z,-0.5,4,SLEEP,Z,0.04026588,0.1579754
3/7/5/3/5/7/5/3/6 3 3,X,-0.5555555555555555555555555555,2,SLEEP,Z,0.03779995,0.168159
3/7/5/3/5/7/5/3/5 3 3,X,-0.5,4,SLEEP,Z,0.03800533,0.1463761
3/7/5/3/5/7/5/3/3 3 3,Z,-0.5,4,SLEEP,Z,0.02006699,0.07951448
3/7/5/3/5/7/5/7/4 3 3,X,-0.5555555555555555555555555555,6,SLEEP,Z,0.09134908,0.354128
3/7/5/3/5/7/5/7/2 3 3,X,-0.5,4,SLEEP,Z,0.0243329,0.1131701
3/7/5/3/5/7/5/7/1 3 3,Z,-0.5,6,SLEEP,Z,0.05372416,0.2409928
3/7/5/3/5/7/3/2/7 3 3,Z,-0.5,8,SLEEP,Z,0.04312547,0.1566486
3/7/5/3/5/7/3/6/6 3 3,X,-0.75,6,SLEEP,Z,0.1776926,0.4364202
3/7/5/3/5/7/3/6/5 3 3,Z,-0.5909090909090909090909090909,8,SLEEP,Z,0.1220898,0.2960016
3/7/5/3/5/7/3/6/3 3 3,Z,-0.5909090909090909090909090909,6,SLEEP,Z,0.03897721,0.1303139
3/7/5/3/5/7/3/5/6 3 3,X,-0.75,4,SLEEP,Z,0.02512753,0.1136152
3/7/5/3/5/7/3/5/5 3 3,Z,-0.5,4,SLEEP,Z,0.03474422,0.1378416
3/7/5/3/5/7/3/5/3 3 3,Z,-0.5,4,SLEEP,Z,0.06256312,0.178969
3/7/5/3/5/7/3/3/6 3 3,X,-0.75,4,SLEEP,Z,0.03856598,0.1739897
3/7/5/3/5/7/3/3/5 3 3,X,-0.5,6,SLEEP,Z,0.04681356,0.1802421
3/7/5/3/5/7/3/3/3 3 3,Z,-0.5,2,SLEEP,Z,0.02586818,0.1046243
3/7/5/3/5/7/3/7/4 3 3,X,-0.75,4,SLEEP,Z,0.04605667,0.1554033
3/7/5/3/5/7/3/7/2 3 3,Z,-0.5,4,SLEEP,Z,0.02192562,0.08800475
3/7/5/3/5/7/3/7/1 3 3,Z,-0.5,2,SLEEP,Z,0.0264608,0.1116828
3/7/5/3/5/7/7/2/6 3 3,X,-0.5555555555555555555555555555,8,SLEEP,Z,0.1278021,0.3703423
3/7/5/3/5/7/7/2/5 3 3,X,-0.5,6,SLEEP,Z,0.045566,0.1383326
3/7/5/3/5/7/7/2/3 3 3,Z,-0.5,4,SLEEP,Z,0.04058648,0.1506279
3/7/5/3/5/7/7/6/4 3 3,Z,-0.5909090909090909090909090909,6,SLEEP,Z,0.05322976,0.203935
3/7/5/3/5/7/7/6/2 3 3,Z,-0.5909090909090909090909090909,6,SLEEP,Z,0.05513639,0.1916333
3/7/5/3/5/7/7/6/1 3 3,Z,-0.5909090909090909090909090909,6,SLEEP,Z,0.07923754,0.2493911
3/7/5/3/5/7/7/5/4 3 3,X,-0.5555555555555555555555555555,4,SLEEP,Z,0.04065366,0.1885655
3/7/5/3/5/7/7/5/2 3 3,X,-0.5,6,SLEEP,Z,0.06839408,0.2749105
3/7/5/3/5/7/7/5/1 3 3,Z,-0.5,4,SLEEP,Z,0.0460405,0.1794282
3/7/5/3/5/7/7/3/4 3 3,X,-0.5555555555555555555555555555,8,SLEEP,Z,0.1052652,0.3465481
3/7/5/3/5/7/7/3/2 3 3,X,-0.5,4,SLEEP,Z,0.02953853,0.128279
3/7/5/3/5/7/7/3/1 3 3,Z,-0.5,4,SLEEP,Z,0.08049137,0.280568
3/7/5/3/3/2/6/7/7 3 3,X,-0.6111111111111111111111111111,8,SLEEP,Z,0.07785863,0.3000894
3/7/5/3/3/2/5/7/7 3 3,Z,-0.5,6,SLEEP,Z,0.0429619,0.1593657
3/7/5/3/3/2/3/7/7 3 3,Z,-0.5,4,SLEEP,Z,0.04065907,0.1123024
3/7/5/3/3/2/7/6/7 3 3,Z,-0.5909090909090909090909090909,6,SLEEP,Z,0.08423042,0.2691579
3/7/5/3/3/2/7/5/7 3 3,Z,-0.5,6,SLEEP,Z,0.1085634,0.3773908
3/7/5/3/3/2/7/3/7 3 3,X,-0.5,6,SLEEP,Z,0.06307212,0.3788056
3/7/5/3/3/2/7/7/6 3 3,X,-0.6111111111111111111111111111,6,SLEEP,Z,0.04325059,0.1709265
3/7/5/3/3/2/7/7/5 3 3,Z,-0.5,4,SLEEP,Z,0.05788048,0.2275051
3/7/5/3/3/2/7/7/3 3 3,Z,-0.5,8,SLEEP,Z,0.0679859,0.1988765
3/7/5/3/3/6/2/7/7 3 3,Z,-0.5909090909090909090909090909,8,SLEEP,Z,0.07839786,0.3121307
3/7/5/3/3/6/6/6/7 3 3,Z,-0.6818181818181818181818181819,8,SLEEP,Z,0.03830584,0.1324077
3/7/5/3/3/6/6/5/7 3 3,X,-0.6111111111111111111111111111,6,SLEEP,Z,0.04014384,0.1599398
3/7/5/3/3/6/6/3/7 3 3,Z,0.6428571428571428571428571429,4,SLEEP,Z,0.04770467,0.1725602
3/7/5/3/3/6/6/7/6 3 3,X,-0.7222222222222222222222222222,6,SLEEP,Z,0.08506989,0.3193049
3/7/5/3/3/6/6/7/5 3 3,X,-0.6111111111111111111111111111,6,SLEEP,Z,0.06991784,0.2928641
3/7/5/3/3/6/6/7/3 3 3,X,0.7,6,SLEEP,Z,0.1208523,0.3954809
3/7/5/3/3/6/5/6/7 3 3,Z,-0.6818181818181818181818181819,8,SLEEP,Z,0.07662579,0.2659299
3/7/5/3/3/6/5/5/7 3 3,Z,-0.5909090909090909090909090909,8,SLEEP,Z,0.06729309,0.2011192
3/7/5/3/3/6/5/3/7 3 3,Z,0.6428571428571428571428571429,4,SLEEP,Z,0.04987501,0.1780045
3/7/5/3/3/6/5/7/6 3 3,X,-0.6111111111111111111111111111,6,SLEEP,Z,0.09081206,0.4452573
3/7/5/3/3/6/5/7/5 3 3,Z,-0.5909090909090909090909090909,6,SLEEP,Z,0.07539851,0.2273466
3/7/5/3/3/6/5/7/3 3 3,Z,-0.5909090909090909090909090909,6,SLEEP,Z,0.04152875,0.1620229
3/7/5/3/3/6/3/6/7 3 3,Z,-0.6818181818181818181818181819,8,SLEEP,Z,0.0994982,0.4176131
3/7/5/3/3/6/3/5/7 3 3,Z,-0.5909090909090909090909090909,4,SLEEP,Z,0.08169737,0.2852761
3/7/5/3/3/6/3/3/7 3 3,Z,0.6428571428571428571428571429,6,SLEEP,Z,0.07527654,0.221806
3/7/5/3/3/6/3/7/6 3 3,X,-0.7,8,SLEEP,Z,0.08900901,0.2764309
3/7/5/3/3/6/3/7/5 3 3,Z,-0.5909090909090909090909090909,8,SLEEP,Z,0.1316042,0.3257904
3/7/5/3/3/6/3/7/3 3 3,Z,-0.5909090909090909090909090909,4,SLEEP,Z,0.03116308,0.1169055
3/7/5/3/3/6/7/2/7 3 3,Z,-0.5909090909090909090909090909,4,SLEEP,Z,0.04363069,0.1588996
3/7/5/3/3/6/7/6/6 3 3,Z,-0.6818181818181818181818181819,10,SLEEP,Z,0.1368223,0.4083398
3/7/5/3/3/6/7/6/5 3 3,Z,-0.6818181818181818181818181819,6,SLEEP,Z,0.07716125,0.2601793
3/7/5/3/3/6/7/6/3 3 3,Z,-0.6818181818181818181818181819,6,SLEEP,Z,0.07970393,0.2479494
3/7/5/3/3/6/7/5/6 3 3,X,-0.6111111111111111111111111111,6,SLEEP,Z,0.05058098,0.1934608
3/7/5/3/3/6/7/5/5 3 3,Z,-0.5909090909090909090909090909,8,SLEEP,Z,0.1114663,0.3833798
3/7/5/3/3/6/7/5/3 3 3,Z,-0.5909090909090909090909090909,8,SLEEP,Z,0.0503587,0.1869201
3/7/5/3/3/6/7/3/6 3 3,Z,0.6428571428571428571428571429,4,SLEEP,Z,0.03797591,0.1451704
3/7/5/3/3/6/7/3/5 3 3,Z,0.6428571428571428571428571429,4,SLEEP,Z,0.04576299,0.1756226
3/7/5/3/3/6/7/3/3 3 3,Z,0.6428571428571428571428571429,4,SLEEP,Z,0.03492643,0.1357621
3/7/5/3/3/6/7/7/4 3 3,X,-0.6111111111111111111111111111,6,SLEEP,Z,0.05131903,0.2177166
3/7/5/3/3/6/7/7/2 3 3,Z,-0.5909090909090909090909090909,4,SLEEP,Z,0.05965995,0.1831669
3/7/5/3/3/6/7/7/1 3 3,Z,-0.5909090909090909090909090909,4,SLEEP,Z,0.03650504,0.1377299
3/7/5/3/3/5/2/7/7 3 3,Z,-0.5,4,SLEEP,Z,0.04506465,0.1367571
3/7/5/3/3/5/6/6/7 3 3,X,-0.6111111111111111111111111111,6,SLEEP,Z,0.05342875,0.1933262
3/7/5/3/3/5/6/5/7 3 3,X,-0.6111111111111111111111111111,6,SLEEP,Z,0.07221917,0.2519315
3/7/5/3/3/5/6/3/7 3 3,X,-0.6111111111111111111111111111,4,SLEEP,Z,0.04360883,0.1782557
3/7/5/3/3/5/6/7/6 3 3,X,-0.7222222222222222222222222222,8,SLEEP,Z,0.08807682,0.3543678
3/7/5/3/3/5/6/7/5 3 3,X,-0.6111111111111111111111111111,4,SLEEP,Z,0.04102091,0.1463549
3/7/5/3/3/5/6/7/3 3 3,X,0.7,2,SLEEP,Z,0.03141564,0.0993148
3/7/5/3/3/5/5/6/7 3 3,Z,-0.5909090909090909090909090909,8,SLEEP,Z,0.05761308,0.2089831
3/7/5/3/3/5/5/5/7 3 3,Z,-0.5,4,SLEEP,Z,0.04177997,0.146067
3/7/5/3/3/5/5/3/7 3 3,X,-0.5,6,SLEEP,Z,0.05882933,0.1739843
3/7/5/3/3/5/5/7/6 3 3,X,-0.6111111111111111111111111111,8,SLEEP,Z,0.06593268,0.2262314
3/7/5/3/3/5/5/7/5 3 3,Z,-0.5,6,SLEEP,Z,0.04417875,0.1803713
3/7/5/3/3/5/5/7/3 3 3,Z,-0.5,4,SLEEP,Z,0.03079662,0.1226268
3/7/5/3/3/5/3/6/7 3 3,Z,-0.5909090909090909090909090909,2,SLEEP,Z,0.05939933,0.1273167
3/7/5/3/3/5/3/5/7 3 3,Z,-0.5,6,SLEEP,Z,0.05477941,0.1835838
3/7/5/3/3/5/3/3/7 3 3,X,-0.5,4,SLEEP,Z,0.02737878,0.1146134
3/7/5/3/3/5/3/7/6 3 3,X,-0.7,4,SLEEP,Z,0.1121712,0.315473
3/7/5/3/3/5/3/7/5 3 3,Z,-0.5,8,SLEEP,Z,0.1204725,0.4316211
3/7/5/3/3/5/3/7/3 3 3,Z,-0.5,2,SLEEP,Z,0.0208389,0.08308595
3/7/5/3/3/5/7/2/7 3 3,Z,-0.5,6,SLEEP,Z,0.05255143,0.2304515
3/7/5/3/3/5/7/6/6 3 3,X,-0.6111111111111111111111111111,8,SLEEP,Z,0.1296364,0.4329556
3/7/5/3/3/5/7/6/5 3 3,Z,-0.5909090909090909090909090909,6,SLEEP,Z,0.03734306,0.1549585
3/7/5/3/3/5/7/6/3 3 3,Z,-0.5909090909090909090909090909,4,SLEEP,Z,0.03666027,0.08677635
3/7/5/3/3/5/7/5/6 3 3,X,-0.6111111111111111111111111111,6,SLEEP,Z,0.05846055,0.2538489
3/7/5/3/3/5/7/5/5 3 3,Z,-0.5,8,SLEEP,Z,0.0610654,0.1983628
3/7/5/3/3/5/7/5/3 3 3,Z,-0.5,4,SLEEP,Z,0.03114281,0.1297371
3/7/5/3/3/5/7/3/6 3 3,X,-0.6111111111111111111111111111,4,SLEEP,Z,0.04394856,0.1682336
3/7/5/3/3/5/7/3/5 3 3,X,-0.5,6,SLEEP,Z,0.09867854,0.2637338
3/7/5/3/3/5/7/3/3 3 3,Z,-0.5,2,SLEEP,Z,0.02540445,0.1027748
3/7/5/3/3/5/7/7/4 3 3,X,-0.6111111111111111111111111111,8,SLEEP,Z,0.09629654,0.3248384
3/7/5/3/3/5/7/7/2 3 3,Z,-0.5,4,SLEEP,Z,0.0328305,0.1438213
3/7/5/3/3/5/7/7/1 3 3,Z,-0.5,6,SLEEP,Z,0.06745821,0.1709965
3/7/5/3/3/3/2/7/7 3 3,X,-0.5,6,SLEEP,Z,0.04725656,0.1592796
3/7/5/3/3/3/6/6/7 3 3,Z,-0.6428571428571428571428571429,4,SLEEP,Z,0.05343348,0.1897946
3/7/5/3/3/3/6/5/7 3 3,X,-0.6111111111111111111111111111,6,SLEEP,Z,0.04516403,0.1469276
3/7/5/3/3/3/6/3/7 3 3,X,-0.6111111111111111111111111111,4,SLEEP,Z,0.05167079,0.1442243
3/7/5/3/3/3/6/7/6 3 3,X,-0.7222222222222222222222222222,6,SLEEP,Z,0.0982796,0.3199098
3/7/5/3/3/3/6/7/5 3 3,X,-0.6111111111111111111111111111,8,SLEEP,Z,0.09364434,0.3357442
3/7/5/3/3/3/6/7/3 3 3,X,0.7,4,SLEEP,Z,0.03926298,0.1341494
3/7/5/3/3/3/5/6/7 3 3,Z,-0.6428571428571428571428571429,6,SLEEP,Z,0.1213379,0.270282
3/7/5/3/3/3/5/5/7 3 3,X,-0.5,6,SLEEP,Z,0.1382595,0.3054048
3/7/5/3/3/3/5/3/7 3 3,X,-0.5,4,SLEEP,Z,0.09345571,0.2539091
3/7/5/3/3/3/5/7/6 3 3,X,-0.6111111111111111111111111111,6,SLEEP,Z,0.12098,0.3509554
3/7/5/3/3/3/5/7/5 3 3,X,-0.5,6,SLEEP,Z,0.1085504,0.3692329
3/7/5/3/3/3/5/7/3 3 3,Z,-0.5,4,SLEEP,Z,0.03362069,0.1313195
3/7/5/3/3/3/3/6/7 3 3,Z,-0.6428571428571428571428571429,6,SLEEP,Z,0.07455978,0.1989637
3/7/5/3/3/3/3/5/7 3 3,Z,-0.5,6,SLEEP,Z,0.08323412,0.2211603
3/7/5/3/3/3/3/3/7 3 3,X,-0.5,4,SLEEP,Z,0.02659083,0.1062666
3/7/5/3/3/3/3/7/6 3 3,X,-0.7,6,SLEEP,Z,0.1015218,0.2934164
3/7/5/3/3/3/3/7/5 3 3,Z,-0.5,4,SLEEP,Z,0.03236382,0.1332706
3/7/5/3/3/3/3/7/3 3 3,Z,-0.5,4,SLEEP,Z,0.03498626,0.1363582
3/7/5/3/3/3/7/2/7 3 3,X,-0.5,4,SLEEP,Z,0.03905758,0.1668607
3/7/5/3/3/3/7/6/6 3 3,Z,-0.6428571428571428571428571429,8,SLEEP,Z,0.05736154,0.205049
3/7/5/3/3/3/7/6/5 3 3,Z,-0.6428571428571428571428571429,6,SLEEP,Z,0.1584453,0.4060263
3/7/5/3/3/3/7/6/3 3 3,Z,-0.6428571428571428571428571429,6,SLEEP,Z,0.04879249,0.167332
3/7/5/3/3/3/7/5/6 3 3,X,-0.6111111111111111111111111111,4,SLEEP,Z,0.05109389,0.2009396
3/7/5/3/3/3/7/5/5 3 3,X,-0.5,4,SLEEP,Z,0.0895953,0.2753825
3/7/5/3/3/3/7/5/3 3 3,Z,-0.5,4,SLEEP,Z,0.117796,0.3678389
3/7/5/3/3/3/7/3/6 3 3,X,-0.6111111111111111111111111111,6,SLEEP,Z,0.1463183,0.4483612
3/7/5/3/3/3/7/3/5 3 3,X,-0.5,4,SLEEP,Z,0.03135766,0.1122708
3/7/5/3/3/3/7/3/3 3 3,Z,-0.5,2,SLEEP,Z,0.06041739,0.1681535
3/7/5/3/3/3/7/7/4 3 3,X,-0.6111111111111111111111111111,6,SLEEP,Z,0.0366751,0.1251301
3/7/5/3/3/3/7/7/2 3 3,X,-0.5,2,SLEEP,Z,0.02549615,0.1094879
3/7/5/3/3/3/7/7/1 3 3,Z,-0.5,6,SLEEP,Z,0.05299037,0.1914235
3/7/5/3/3/7/2/6/7 3 3,Z,-0.5909090909090909090909090909,6,SLEEP,Z,0.03928164,0.1509379
3/7/5/3/3/7/2/5/7 3 3,Z,-0.5,4,SLEEP,Z,0.0478229,0.1455662
3/7/5/3/3/7/2/3/7 3 3,X,-0.5,4,SLEEP,Z,0.1277917,0.3729313
3/7/5/3/3/7/2/7/6 3 3,X,-0.6111111111111111111111111111,4,SLEEP,Z,0.04176354,0.1564853
3/7/5/3/3/7/2/7/5 3 3,Z,-0.5,6,SLEEP,Z,0.07506003,0.2152974
3/7/5/3/3/7/2/7/3 3 3,Z,-0.5,6,SLEEP,Z,0.04006333,0.1340605
3/7/5/3/3/7/6/2/7 3 3,X,-0.6111111111111111111111111111,6,SLEEP,Z,0.04814552,0.1884322
3/7/5/3/3/7/6/6/6 3 3,X,-0.7222222222222222222222222222,10,SLEEP,Z,0.08447345,0.3538171
3/7/5/3/3/7/6/6/5 3 3,X,-0.6111111111111111111111111111,4,SLEEP,Z,0.03959762,0.1471058
3/7/5/3/3/7/6/6/3 3 3,X,0.75,6,SLEEP,Z,0.05995422,0.1945537
3/7/5/3/3/7/6/5/6 3 3,X,-0.7222222222222222222222222222,8,SLEEP,Z,0.1493127,0.4142614
3/7/5/3/3/7/6/5/5 3 3,X,-0.6111111111111111111111111111,4,SLEEP,Z,0.07941078,0.3470349
3/7/5/3/3/7/6/5/3 3 3,X,0.75,4,SLEEP,Z,0.03417498,0.1303558
3/7/5/3/3/7/6/3/6 3 3,X,-0.7222222222222222222222222222,6,SLEEP,Z,0.09364732,0.3278524
3/7/5/3/3/7/6/3/5 3 3,X,-0.6111111111111111111111111111,4,SLEEP,Z,0.04410462,0.2020185
3/7/5/3/3/7/6/3/3 3 3,X,0.75,4,SLEEP,Z,0.09613674,0.2652739
3/7/5/3/3/7/6/7/4 3 3,X,-0.7222222222222222222222222222,4,SLEEP,Z,0.07037096,0.226066
3/7/5/3/3/7/6/7/2 3 3,X,-0.6111111111111111111111111111,6,SLEEP,Z,0.1119358,0.3470474
3/7/5/3/3/7/6/7/1 3 3,X,0.75,4,SLEEP,Z,0.04177047,0.1519854
3/7/5/3/3/7/5/2/7 3 3,Z,-0.5,6,SLEEP,Z,0.05186211,0.2159415
3/7/5/3/3/7/5/6/6 3 3,X,-0.6111111111111111111111111111,8,SLEEP,Z,0.1094448,0.3553453
3/7/5/3/3/7/5/6/5 3 3,Z,-0.5909090909090909090909090909,6,SLEEP,Z,0.07931146,0.2687889
3/7/5/3/3/7/5/6/3 3 3,Z,-0.5909090909090909090909090909,6,SLEEP,Z,0.05923459,0.1847378
3/7/5/3/3/7/5/5/6 3 3,X,-0.6111111111111111111111111111,8,SLEEP,Z,0.1436701,0.4145233
3/7/5/3/3/7/5/5/5 3 3,Z,-0.5,6,SLEEP,Z,0.03930647,0.1451549
3/7/5/3/3/7/5/5/3 3 3,Z,-0.5,4,SLEEP,Z,0.03105523,0.12573
3/7/5/3/3/7/5/3/6 3 3,X,-0.6111111111111111111111111111,6,SLEEP,Z,0.04279976,0.1943108
3/7/5/3/3/7/5/3/5 3 3,X,-0.5,2,SLEEP,Z,0.03261675,0.1296091
3/7/5/3/3/7/5/3/3 3 3,Z,-0.5,4,SLEEP,Z,0.0491782,0.1509847
3/7/5/3/3/7/5/7/4 3 3,X,-0.6111111111111111111111111111,4,SLEEP,Z,0.04220546,0.1723156
3/7/5/3/3/7/5/7/2 3 3,Z,-0.5,4,SLEEP,Z,0.04934824,0.1897049
3/7/5/3/3/7/5/7/1 3 3,Z,-0.5,2,SLEEP,Z,0.03405312,0.1425634
3/7/5/3/3/7/3/2/7 3 3,Z,-0.5,4,SLEEP,Z,0.06670026,0.2241197
3/7/5/3/3/7/3/6/6 3 3,X,-0.75,6,SLEEP,Z,0.1342584,0.3440981
3/7/5/3/3/7/3/6/5 3 3,Z,-0.5909090909090909090909090909,6,SLEEP,Z,0.06252459,0.231147
3/7/5/3/3/7/3/6/3 3 3,Z,-0.5909090909090909090909090909,4,SLEEP,Z,0.03230098,0.1194331
3/7/5/3/3/7/3/5/6 3 3,X,-0.75,6,SLEEP,Z,0.05468445,0.2032039
3/7/5/3/3/7/3/5/5 3 3,Z,-0.5,4,SLEEP,Z,0.06523416,0.216268
3/7/5/3/3/7/3/5/3 3 3,Z,-0.5,2,SLEEP,Z,0.02862887,0.1071777
3/7/5/3/3/7/3/3/6 3 3,X,-0.75,2,SLEEP,Z,0.03516123,0.145401
3/7/5/3/3/7/3/3/5 3 3,X,-0.5,6,SLEEP,Z,0.06908803,0.2199925
3/7/5/3/3/7/3/3/3 3 3,Z,-0.5,4,SLEEP,Z,0.05708589,0.1507069
3/7/5/3/3/7/3/7/4 3 3,X,-0.75,6,SLEEP,Z,0.1721473,0.4158413
3/7/5/3/3/7/3/7/2 3 3,Z,-0.5,4,SLEEP,Z,0.07848631,0.2231454
3/7/5/3/3/7/3/7/1 3 3,Z,-0.5,2,SLEEP,Z,0.02715955,0.1132797
3/7/5/3/3/7/7/2/6 3 3,X,-0.6111111111111111111111111111,4,SLEEP,Z,0.04826911,0.188518
3/7/5/3/3/7/7/2/5 3 3,Z,-0.5,6,SLEEP,Z,0.07472593,0.2642166
3/7/5/3/3/7/7/2/3 3 3,Z,-0.5,6,SLEEP,Z,0.07912737,0.2134841
3/7/5/3/3/7/7/6/4 3 3,X,-0.6111111111111111111111111111,6,SLEEP,Z,0.08744133,0.2800747
3/7/5/3/3/7/7/6/2 3 3,Z,-0.5909090909090909090909090909,8,SLEEP,Z,0.1107353,0.2751877
3/7/5/3/3/7/7/6/1 3 3,Z,-0.5909090909090909090909090909,2,SLEEP,Z,0.02792226,0.1240936
3/7/5/3/3/7/7/5/4 3 3,X,-0.6111111111111111111111111111,6,SLEEP,Z,0.06402072,0.2331637
3/7/5/3/3/7/7/5/2 3 3,Z,-0.5,6,SLEEP,Z,0.05697443,0.2077362
3/7/5/3/3/7/7/5/1 3 3,Z,-0.5,8,SLEEP,Z,0.04381384,0.1679714
3/7/5/3/3/7/7/3/4 3 3,X,-0.6111111111111111111111111111,4,SLEEP,Z,0.04582049,0.1890336
3/7/5/3/3/7/7/3/2 3 3,X,-0.5,2,SLEEP,Z,0.03227474,0.1398563
3/7/5/3/3/7/7/3/1 3 3,Z,-0.5,6,SLEEP,Z,0.06340691,0.1700322
3/7/5/3/7/2/2/7/7 3 3,X,-0.5,6,SLEEP,Z,0.09540775,0.24702
3/7/5/3/7/2/6/6/7 3 3,Z,-0.5909090909090909090909090909,8,SLEEP,Z,0.07344794,0.2292147
3/7/5/3/7/2/6/5/7 3 3,X,-0.5555555555555555555555555555,6,SLEEP,Z,0.06371056,0.2070716
3/7/5/3/7/2/6/3/7 3 3,X,-0.5555555555555555555555555555,4,SLEEP,Z,0.03730647,0.1500942
3/7/5/3/7/2/6/7/6 3 3,X,-0.6111111111111111111111111111,6,SLEEP,Z,0.06812011,0.2761835
3/7/5/3/7/2/6/7/5 3 3,X,-0.5555555555555555555555555555,6,SLEEP,Z,0.0452861,0.1751307
3/7/5/3/7/2/6/7/3 3 3,X,0.7,4,SLEEP,Z,0.02524995,0.08528782
3/7/5/3/7/2/5/6/7 3 3,Z,-0.5909090909090909090909090909,6,SLEEP,Z,0.04130934,0.1466036
3/7/5/3/7/2/5/5/7 3 3,X,-0.5,8,SLEEP,Z,0.05397336,0.2597875
3/7/5/3/7/2/5/3/7 3 3,X,-0.5,4,SLEEP,Z,0.03794712,0.1456242
3/7/5/3/7/2/5/7/6 3 3,X,-0.5555555555555555555555555555,8,SLEEP,Z,0.05563533,0.2090198
3/7/5/3/7/2/5/7/5 3 3,X,-0.5,4,SLEEP,Z,0.0309487,0.1354647
3/7/5/3/7/2/5/7/3 3 3,Z,-0.5,6,SLEEP,Z,0.03709937,0.1271144
3/7/5/3/7/2/3/6/7 3 3,Z,-0.5909090909090909090909090909,6,SLEEP,Z,0.06598257,0.2183942
3/7/5/3/7/2/3/5/7 3 3,Z,-0.5,4,SLEEP,Z,0.04552653,0.1760916
3/7/5/3/7/2/3/3/7 3 3,X,-0.5,4,SLEEP,Z,0.07001361,0.3082413
3/7/5/3/7/2/3/7/6 3 3,X,-0.7,4,SLEEP,Z,0.04936937,0.1622905
3/7/5/3/7/2/3/7/5 3 3,Z,-0.5,4,SLEEP,Z,0.04322449,0.1492781
3/7/5/3/7/2/3/7/3 3 3,Z,-0.5,6,SLEEP,Z,0.03647552,0.1411163
3/7/5/3/7/2/7/2/7 3 3,X,-0.5,4,SLEEP,Z,0.03166601,0.1354858
3/7/5/3/7/2/7/6/6 3 3,Z,-0.5909090909090909090909090909,8,SLEEP,Z,0.08961941,0.3748773
3/7/5/3/7/2/7/6/5 3 3,Z,-0.5909090909090909090909090909,8,SLEEP,Z,0.06887262,0.2255669
3/7/5/3/7/2/7/6/3 3 3,Z,-0.5909090909090909090909090909,6,SLEEP,Z,0.06711884,0.2060943
3/7/5/3/7/2/7/5/6 3 3,X,-0.5555555555555555555555555555,6,SLEEP,Z,0.0721144,0.2922846
3/7/5/3/7/2/7/5/5 3 3,X,-0.5,6,SLEEP,Z,0.03657831,0.1534478
3/7/5/3/7/2/7/5/3 3 3,Z,-0.5,4,SLEEP,Z,0.02286072,0.1039877
3/7/5/3/7/2/7/3/6 3 3,X,-0.5555555555555555555555555555,6,SLEEP,Z,0.07512099,0.3905398
3/7/5/3/7/2/7/3/5 3 3,X,-0.5,2,SLEEP,Z,0.02195597,0.09358059
3/7/5/3/7/2/7/3/3 3 3,Z,-0.5,4,SLEEP,Z,0.03290516,0.1449054
3/7/5/3/7/2/7/7/4 3 3,X,-0.5555555555555555555555555555,6,SLEEP,Z,0.05113213,0.220984
3/7/5/3/7/2/7/7/2 3 3,X,-0.5,4,SLEEP,Z,0.03353571,0.1375049
3/7/5/3/7/2/7/7/1 3 3,Z,-0.5,4,SLEEP,Z,0.0820772,0.3047676
3/7/5/3/7/6/2/6/7 3 3,Z,-0.6818181818181818181818181818,8,SLEEP,Z,0.06956322,0.2306418
3/7/5/3/7/6/2/5/7 3 3,Z,-0.5909090909090909090909090909,4,SLEEP,Z,0.03614721,0.1500755
3/7/5/3/7/6/2/3/7 3 3,Z,0.6666666666666666666666666667,6,SLEEP,Z,0.05832785,0.1745318
3/7/5/3/7/6/2/7/6 3 3,Z,-0.5909090909090909090909090909,6,SLEEP,Z,0.03705485,0.1549697
3/7/5/3/7/6/2/7/5 3 3,Z,-0.5909090909090909090909090909,4,SLEEP,Z,0.03234147,0.1274994
3/7/5/3/7/6/2/7/3 3 3,Z,-0.5909090909090909090909090909,4,SLEEP,Z,0.0378996,0.1032604
3/7/5/3/7/6/6/2/7 3 3,Z,-0.5909090909090909090909090909,6,SLEEP,Z,0.03156917,0.1259379
3/7/5/3/7/6/6/6/6 3 3,Z,-0.6818181818181818181818181818,8,SLEEP,Z,0.08362494,0.3334112
3/7/5/3/7/6/6/6/5 3 3,Z,-0.6818181818181818181818181818,6,SLEEP,Z,0.04653657,0.1680201
3/7/5/3/7/6/6/6/3 3 3,X,0.75,6,SLEEP,Z,0.08355989,0.2695768
3/7/5/3/7/6/6/5/6 3 3,X,-0.6111111111111111111111111111,6,SLEEP,Z,0.05342055,0.2479208
3/7/5/3/7/6/6/5/5 3 3,Z,-0.5909090909090909090909090909,4,SLEEP,Z,0.03576247,0.1504291
3/7/5/3/7/6/6/5/3 3 3,X,0.75,8,SLEEP,Z,0.04785351,0.1926357
3/7/5/3/7/6/6/3/6 3 3,Z,0.6666666666666666666666666667,6,SLEEP,Z,0.05902392,0.2488489
3/7/5/3/7/6/6/3/5 3 3,Z,0.6666666666666666666666666667,4,SLEEP,Z,0.03227447,0.1350001
3/7/5/3/7/6/6/3/3 3 3,X,0.75,4,SLEEP,Z,0.0422704,0.1228905
3/7/5/3/7/6/6/7/4 3 3,X,-0.6111111111111111111111111111,6,SLEEP,Z,0.05198902,0.2415901
3/7/5/3/7/6/6/7/2 3 3,Z,-0.5909090909090909090909090909,6,SLEEP,Z,0.07223382,0.3256074
3/7/5/3/7/6/6/7/1 3 3,X,0.75,6,SLEEP,Z,0.04593433,0.1355491
3/7/5/3/7/6/5/2/7 3 3,Z,-0.5909090909090909090909090909,6,SLEEP,Z,0.0305398,0.1332137
3/7/5/3/7/6/5/6/6 3 3,Z,-0.6818181818181818181818181818,6,SLEEP,Z,0.05641094,0.2784376
3/7/5/3/7/6/5/6/5 3 3,Z,-0.6818181818181818181818181818,6,SLEEP,Z,0.08678905,0.2831075
3/7/5/3/7/6/5/6/3 3 3,Z,-0.6818181818181818181818181818,6,SLEEP,Z,0.0509691,0.1905682
3/7/5/3/7/6/5/5/6 3 3,Z,-0.5909090909090909090909090909,6,SLEEP,Z,0.04357972,0.1729296
3/7/5/3/7/6/5/5/5 3 3,Z,-0.5909090909090909090909090909,4,SLEEP,Z,0.05557978,0.2026795
3/7/5/3/7/6/5/5/3 3 3,Z,-0.5909090909090909090909090909,4,SLEEP,Z,0.03287361,0.1371867
3/7/5/3/7/6/5/3/6 3 3,Z,0.6666666666666666666666666667,6,SLEEP,Z,0.06207531,0.269594
3/7/5/3/7/6/5/3/5 3 3,Z,0.6666666666666666666666666667,6,SLEEP,Z,0.0293546,0.1254327
3/7/5/3/7/6/5/3/3 3 3,Z,0.6666666666666666666666666667,2,SLEEP,Z,0.02415706,0.1076725
3/7/5/3/7/6/5/7/4 3 3,Z,-0.5909090909090909090909090909,6,SLEEP,Z,0.04059586,0.1846155
3/7/5/3/7/6/5/7/2 3 3,Z,-0.5909090909090909090909090909,4,SLEEP,Z,0.04511738,0.1769996
3/7/5/3/7/6/5/7/1 3 3,Z,-0.5909090909090909090909090909,2,SLEEP,Z,0.02622074,0.08391139
3/7/5/3/7/6/3/2/7 3 3,Z,-0.5909090909090909090909090909,4,SLEEP,Z,0.05235382,0.1922359
3/7/5/3/7/6/3/6/6 3 3,X,-0.75,8,SLEEP,Z,0.1252462,0.3846807
3/7/5/3/7/6/3/6/5 3 3,Z,-0.6818181818181818181818181818,6,SLEEP,Z,0.06490353,0.2336874
3/7/5/3/7/6/3/6/3 3 3,Z,-0.6818181818181818181818181818,4,SLEEP,Z,0.03806129,0.126239
3/7/5/3/7/6/3/5/6 3 3,X,-0.75,6,SLEEP,Z,0.1083792,0.332495
3/7/5/3/7/6/3/5/5 3 3,Z,-0.5909090909090909090909090909,4,SLEEP,Z,0.03916897,0.1463763
3/7/5/3/7/6/3/5/3 3 3,Z,-0.5909090909090909090909090909,4,SLEEP,Z,0.03700591,0.1241395
3/7/5/3/7/6/3/3/6 3 3,X,-0.75,6,SLEEP,Z,0.05169673,0.2136592
3/7/5/3/7/6/3/3/5 3 3,Z,0.6666666666666666666666666667,4,SLEEP,Z,0.03558116,0.1429947
3/7/5/3/7/6/3/3/3 3 3,Z,0.6666666666666666666666666667,6,SLEEP,Z,0.03037296,0.07883379
3/7/5/3/7/6/3/7/4 3 3,X,-0.75,6,SLEEP,Z,0.03659979,0.1537871
3/7/5/3/7/6/3/7/2 3 3,Z,-0.5909090909090909090909090909,4,SLEEP,Z,0.03467618,0.1261642
3/7/5/3/7/6/3/7/1 3 3,Z,-0.5909090909090909090909090909,2,SLEEP,Z,0.03007804,0.1173691
3/7/5/3/7/6/7/2/6 3 3,Z,-0.5909090909090909090909090909,8,SLEEP,Z,0.06240304,0.2611937
3/7/5/3/7/6/7/2/5 3 3,Z,-0.5909090909090909090909090909,6,SLEEP,Z,0.04678604,0.2079569
3/7/5/3/7/6/7/2/3 3 3,Z,-0.5909090909090909090909090909,4,SLEEP,Z,0.04102452,0.1679872
3/7/5/3/7/6/7/6/4 3 3,Z,-0.6818181818181818181818181818,4,SLEEP,Z,0.0359413,0.1667829
3/7/5/3/7/6/7/6/2 3 3,Z,-0.6818181818181818181818181818,6,SLEEP,Z,0.03912336,0.15972
3/7/5/3/7/6/7/6/1 3 3,Z,-0.6818181818181818181818181818,8,SLEEP,Z,0.04429118,0.1618478
3/7/5/3/7/6/7/5/4 3 3,Z,-0.5909090909090909090909090909,6,SLEEP,Z,0.04964596,0.2274839
3/7/5/3/7/6/7/5/2 3 3,Z,-0.5909090909090909090909090909,4,SLEEP,Z,0.05272327,0.1870904
3/7/5/3/7/6/7/5/1 3 3,Z,-0.5909090909090909090909090909,4,SLEEP,Z,0.02818931,0.1110601
3/7/5/3/7/6/7/3/4 3 3,Z,0.6666666666666666666666666666,4,SLEEP,Z,0.0415449,0.1866179
3/7/5/3/7/6/7/3/2 3 3,Z,0.6666666666666666666666666666,4,SLEEP,Z,0.03050684,0.1338457
3/7/5/3/7/6/7/3/1 3 3,Z,0.6666666666666666666666666666,4,SLEEP,Z,0.02972868,0.1418265
3/7/5/3/7/5/2/6/7 3 3,Z,-0.5909090909090909090909090909,6,SLEEP,Z,0.07866348,0.2732245
3/7/5/3/7/5/2/5/7 3 3,X,-0.5,6,SLEEP,Z,0.04307822,0.1880819
3/7/5/3/7/5/2/3/7 3 3,X,-0.5,2,SLEEP,Z,0.01576775,0.06624105
3/7/5/3/7/5/2/7/6 3 3,X,-0.5555555555555555555555555555,6,SLEEP,Z,0.06396582,0.2150684
3/7/5/3/7/5/2/7/5 3 3,X,-0.5,6,SLEEP,Z,0.0434542,0.1507401
3/7/5/3/7/5/2/7/3 3 3,Z,-0.5,4,SLEEP,Z,0.04477123,0.1402571
3/7/5/3/7/5/6/2/7 3 3,X,-0.5555555555555555555555555555,6,SLEEP,Z,0.06104222,0.2501907
3/7/5/3/7/5/6/6/6 3 3,X,-0.6111111111111111111111111111,8,SLEEP,Z,0.06663379,0.290219
3/7/5/3/7/5/6/6/5 3 3,Z,-0.5909090909090909090909090909,8,SLEEP,Z,0.03405584,0.1378139
3/7/5/3/7/5/6/6/3 3 3,X,0.75,6,SLEEP,Z,0.03304322,0.1195182
3/7/5/3/7/5/6/5/6 3 3,X,-0.6111111111111111111111111111,6,SLEEP,Z,0.06758623,0.2855705
3/7/5/3/7/5/6/5/5 3 3,X,-0.5555555555555555555555555555,8,SLEEP,Z,0.04786836,0.2495086
3/7/5/3/7/5/6/5/3 3 3,X,0.75,2,SLEEP,Z,0.02498974,0.09895063
3/7/5/3/7/5/6/3/6 3 3,X,-0.6111111111111111111111111111,6,SLEEP,Z,0.06006354,0.2766775
3/7/5/3/7/5/6/3/5 3 3,X,-0.5555555555555555555555555555,8,SLEEP,Z,0.114877,0.3132157
3/7/5/3/7/5/6/3/3 3 3,X,0.75,6,SLEEP,Z,0.02868892,0.1143346
3/7/5/3/7/5/6/7/4 3 3,X,-0.6111111111111111111111111111,4,SLEEP,Z,0.05297906,0.2460702
3/7/5/3/7/5/6/7/2 3 3,X,-0.5555555555555555555555555555,6,SLEEP,Z,0.06028341,0.2901609
3/7/5/3/7/5/6/7/1 3 3,X,0.75,6,SLEEP,Z,0.05786801,0.1812652
3/7/5/3/7/5/5/2/7 3 3,X,-0.5,6,SLEEP,Z,0.08983984,0.373864
3/7/5/3/7/5/5/6/6 3 3,Z,-0.5909090909090909090909090909,6,SLEEP,Z,0.04795883,0.1963339
3/7/5/3/7/5/5/6/5 3 3,Z,-0.5909090909090909090909090909,6,SLEEP,Z,0.04048,0.1786078
3/7/5/3/7/5/5/6/3 3 3,Z,-0.5909090909090909090909090909,4,SLEEP,Z,0.04493459,0.1883465
3/7/5/3/7/5/5/5/6 3 3,X,-0.5555555555555555555555555555,8,SLEEP,Z,0.04740568,0.2115224
3/7/5/3/7/5/5/5/5 3 3,X,-0.5,4,SLEEP,Z,0.02502519,0.1079124
3/7/5/3/7/5/5/5/3 3 3,Z,-0.5,4,SLEEP,Z,0.03597729,0.1543692
3/7/5/3/7/5/5/3/6 3 3,X,-0.5555555555555555555555555555,6,SLEEP,Z,0.05053979,0.236308
3/7/5/3/7/5/5/3/5 3 3,X,-0.5,2,SLEEP,Z,0.02364002,0.1081594
3/7/5/3/7/5/5/3/3 3 3,Z,-0.5,4,SLEEP,Z,0.03290172,0.1583169
3/7/5/3/7/5/5/7/4 3 3,X,-0.5555555555555555555555555555,6,SLEEP,Z,0.04855251,0.2065268
3/7/5/3/7/5/5/7/2 3 3,X,-0.5,4,SLEEP,Z,0.0363748,0.1598598
3/7/5/3/7/5/5/7/1 3 3,Z,-0.5,4,SLEEP,Z,0.04539517,0.1635108
3/7/5/3/7/5/3/2/7 3 3,Z,-0.5,4,SLEEP,Z,0.03902816,0.1467638
3/7/5/3/7/5/3/6/6 3 3,X,-0.75,6,SLEEP,Z,0.1042277,0.3264353
3/7/5/3/7/5/3/6/5 3 3,Z,-0.5909090909090909090909090909,4,SLEEP,Z,0.06562193,0.2263888
3/7/5/3/7/5/3/6/3 3 3,Z,-0.5909090909090909090909090909,4,SLEEP,Z,0.08180697,0.3230909
3/7/5/3/7/5/3/5/6 3 3,X,-0.75,4,SLEEP,Z,0.05273942,0.178955
3/7/5/3/7/5/3/5/5 3 3,Z,-0.5,4,SLEEP,Z,0.04504795,0.1502837
3/7/5/3/7/5/3/5/3 3 3,Z,-0.5,4,SLEEP,Z,0.03635751,0.1470069
3/7/5/3/7/5/3/3/6 3 3,X,-0.75,4,SLEEP,Z,0.03124394,0.1342295
3/7/5/3/7/5/3/3/5 3 3,X,-0.5,2,SLEEP,Z,0.02618695,0.1122299
3/7/5/3/7/5/3/3/3 3 3,Z,-0.5,4,SLEEP,Z,0.05941344,0.1877596
3/7/5/3/7/5/3/7/4 3 3,X,-0.75,4,SLEEP,Z,0.02985384,0.1295275
3/7/5/3/7/5/3/7/2 3 3,Z,-0.5,2,SLEEP,Z,0.02846317,0.07690726
3/7/5/3/7/5/3/7/1 3 3,Z,-0.5,2,SLEEP,Z,0.01872229,0.05008314
3/7/5/3/7/5/7/2/6 3 3,X,-0.5555555555555555555555555555,4,SLEEP,Z,0.03579297,0.1562555
3/7/5/3/7/5/7/2/5 3 3,X,-0.5,4,SLEEP,Z,0.03901495,0.1497883
3/7/5/3/7/5/7/2/3 3 3,Z,-0.5,6,SLEEP,Z,0.03857198,0.1510611
3/7/5/3/7/5/7/6/4 3 3,Z,-0.5909090909090909090909090909,8,SLEEP,Z,0.09696653,0.4161183
3/7/5/3/7/5/7/6/2 3 3,Z,-0.5909090909090909090909090909,6,SLEEP,Z,0.03482265,0.1512129
3/7/5/3/7/5/7/6/1 3 3,Z,-0.5909090909090909090909090909,4,SLEEP,Z,0.01994976,0.07655656
3/7/5/3/7/5/7/5/4 3 3,X,-0.5555555555555555555555555555,6,SLEEP,Z,0.04078466,0.1837834
3/7/5/3/7/5/7/5/2 3 3,X,-0.5,4,SLEEP,Z,0.02908,0.1292017
3/7/5/3/7/5/7/5/1 3 3,Z,-0.5,2,SLEEP,Z,0.02408198,0.1086206
3/7/5/3/7/5/7/3/4 3 3,X,-0.5555555555555555555555555555,6,SLEEP,Z,0.04120022,0.196089
3/7/5/3/7/5/7/3/2 3 3,X,-0.5,4,SLEEP,Z,0.07785119,0.3494345
3/7/5/3/7/5/7/3/1 3 3,Z,-0.5,2,SLEEP,Z,0.02542678,0.1168547
3/7/5/3/7/3/2/6/7 3 3,Z,-0.6666666666666666666666666667,6,SLEEP,Z,0.1311099,0.3403478
3/7/5/3/7/3/2/5/7 3 3,X,-0.5,4,SLEEP,Z,0.03562531,0.1405256
3/7/5/3/7/3/2/3/7 3 3,X,-0.5,6,SLEEP,Z,0.07690464,0.2367454
3/7/5/3/7/3/2/7/6 3 3,X,-0.5555555555555555555555555555,6,SLEEP,Z,0.06021607,0.2546584
3/7/5/3/7/3/2/7/5 3 3,X,-0.5,4,SLEEP,Z,0.05088266,0.1497551
3/7/5/3/7/3/2/7/3 3 3,Z,-0.5,4,SLEEP,Z,0.1582355,0.3410195
3/7/5/3/7/3/6/2/7 3 3,X,-0.5555555555555555555555555555,4,SLEEP,Z,0.03561308,0.1613958
3/7/5/3/7/3/6/6/6 3 3,Z,-0.6666666666666666666666666667,6,SLEEP,Z,0.09110826,0.3635455
3/7/5/3/7/3/6/6/5 3 3,Z,-0.6666666666666666666666666667,6,SLEEP,Z,0.05119221,0.2068786
3/7/5/3/7/3/6/6/3 3 3,X,0.75,4,SLEEP,Z,0.04071838,0.1212143
3/7/5/3/7/3/6/5/6 3 3,X,-0.6111111111111111111111111111,8,SLEEP,Z,0.101584,0.4021515
3/7/5/3/7/3/6/5/5 3 3,X,-0.5555555555555555555555555555,4,SLEEP,Z,0.0353851,0.1627323
3/7/5/3/7/3/6/5/3 3 3,X,0.75,6,SLEEP,Z,0.1423737,0.2925057
3/7/5/3/7/3/6/3/6 3 3,X,-0.6111111111111111111111111111,6,SLEEP,Z,0.09913464,0.34935
3/7/5/3/7/3/6/3/5 3 3,X,-0.5555555555555555555555555555,6,SLEEP,Z,0.04135904,0.161275
3/7/5/3/7/3/6/3/3 3 3,X,0.75,2,SLEEP,Z,0.03577376,0.1063871
3/7/5/3/7/3/6/7/4 3 3,X,-0.6111111111111111111111111111,8,SLEEP,Z,0.08225971,0.3627393
3/7/5/3/7/3/6/7/2 3 3,X,-0.5555555555555555555555555555,2,SLEEP,Z,0.02715111,0.1193001
3/7/5/3/7/3/6/7/1 3 3,X,0.75,6,SLEEP,Z,0.07033975,0.1963658
3/7/5/3/7/3/5/2/7 3 3,X,-0.5,6,SLEEP,Z,0.040155,0.1649626
3/7/5/3/7/3/5/6/6 3 3,Z,-0.6666666666666666666666666667,6,SLEEP,Z,0.1201165,0.3742621
3/7/5/3/7/3/5/6/5 3 3,Z,-0.6666666666666666666666666667,6,SLEEP,Z,0.1158311,0.2847438
3/7/5/3/7/3/5/6/3 3 3,Z,-0.6666666666666666666666666667,6,SLEEP,Z,0.1035401,0.2330301
3/7/5/3/7/3/5/5/6 3 3,X,-0.5555555555555555555555555555,6,SLEEP,Z,0.061498,0.2309537
3/7/5/3/7/3/5/5/5 3 3,X,-0.5,4,SLEEP,Z,0.03577792,0.1740099
3/7/5/3/7/3/5/5/3 3 3,Z,-0.5,4,SLEEP,Z,0.0707205,0.3453808
3/7/5/3/7/3/5/3/6 3 3,X,-0.5555555555555555555555555555,6,SLEEP,Z,0.07476009,0.3324822
3/7/5/3/7/3/5/3/5 3 3,X,-0.5,4,SLEEP,Z,0.03964477,0.1913833
3/7/5/3/7/3/5/3/3 3 3,Z,-0.5,4,SLEEP,Z,0.04671967,0.1710961
3/7/5/3/7/3/5/7/4 3 3,X,-0.5555555555555555555555555555,6,SLEEP,Z,0.1211952,0.3703365
3/7/5/3/7/3/5/7/2 3 3,X,-0.5,4,SLEEP,Z,0.03682085,0.1501395
3/7/5/3/7/3/5/7/1 3 3,Z,-0.5,4,SLEEP,Z,0.04154297,0.1547606
3/7/5/3/7/3/3/2/7 3 3,Z,-0.5,4,SLEEP,Z,0.04763949,0.1862668
3/7/5/3/7/3/3/6/6 3 3,X,-0.75,6,SLEEP,Z,0.1492737,0.3472121
3/7/5/3/7/3/3/6/5 3 3,Z,-0.6666666666666666666666666667,6,SLEEP,Z,0.08023706,0.1688673
3/7/5/3/7/3/3/6/3 3 3,Z,-0.6666666666666666666666666667,6,SLEEP,Z,0.03881177,0.1327361
3/7/5/3/7/3/3/5/6 3 3,X,-0.75,4,SLEEP,Z,0.04421562,0.158189
3/7/5/3/7/3/3/5/5 3 3,Z,-0.5,4,SLEEP,Z,0.08749167,0.3771343
3/7/5/3/7/3/3/5/3 3 3,Z,-0.5,4,SLEEP,Z,0.05220556,0.1365612
3/7/5/3/7/3/3/3/6 3 3,X,-0.75,2,SLEEP,Z,0.03217948,0.117216
3/7/5/3/7/3/3/3/5 3 3,X,-0.5,2,SLEEP,Z,0.03354902,0.1484812
3/7/5/3/7/3/3/3/3 3 3,Z,-0.5,2,SLEEP,Z,0.01635312,0.07538314
3/7/5/3/7/3/3/7/4 3 3,X,-0.75,4,SLEEP,Z,0.03382535,0.1323098
3/7/5/3/7/3/3/7/2 3 3,Z,-0.5,4,SLEEP,Z,0.04450124,0.1733785
3/7/5/3/7/3/3/7/1 3 3,Z,-0.5,2,SLEEP,Z,0.0282163,0.115
3/7/5/3/7/3/7/2/6 3 3,X,-0.5555555555555555555555555555,6,SLEEP,Z,0.07682299,0.3271283
3/7/5/3/7/3/7/2/5 3 3,X,-0.5,4,SLEEP,Z,0.03595592,0.1296703
3/7/5/3/7/3/7/2/3 3 3,Z,-0.5,4,SLEEP,Z,0.04477426,0.1692746
3/7/5/3/7/3/7/6/4 3 3,Z,-0.6666666666666666666666666666,4,SLEEP,Z,0.03626066,0.1713259
3/7/5/3/7/3/7/6/2 3 3,Z,-0.6666666666666666666666666666,6,SLEEP,Z,0.03389817,0.1347125
3/7/5/3/7/3/7/6/1 3 3,Z,-0.6666666666666666666666666666,2,SLEEP,Z,0.0236985,0.110453
3/7/5/3/7/3/7/5/4 3 3,X,-0.5555555555555555555555555555,6,SLEEP,Z,0.04572268,0.1949209
3/7/5/3/7/3/7/5/2 3 3,X,-0.5,4,SLEEP,Z,0.02533016,0.1148152
3/7/5/3/7/3/7/5/1 3 3,Z,-0.5,4,SLEEP,Z,0.06539889,0.3695241
3/7/5/3/7/3/7/3/4 3 3,X,-0.5555555555555555555555555555,4,SLEEP,Z,0.03998247,0.1921336
3/7/5/3/7/3/7/3/2 3 3,X,-0.5,4,SLEEP,Z,0.04817437,0.1915367
3/7/5/3/7/3/7/3/1 3 3,Z,-0.5,4,SLEEP,Z,0.03112728,0.143052
3/7/5/3/7/7/2/2/7 3 3,X,-0.5,4,SLEEP,Z,0.04013157,0.154591
3/7/5/3/7/7/2/6/6 3 3,Z,-0.5909090909090909090909090909,6,SLEEP,Z,0.06540698,0.2452329
3/7/5/3/7/7/2/6/5 3 3,Z,-0.5909090909090909090909090909,4,SLEEP,Z,0.03335444,0.1258175
3/7/5/3/7/7/2/6/3 3 3,Z,-0.5909090909090909090909090909,4,SLEEP,Z,0.05148855,0.1733046
3/7/5/3/7/7/2/5/6 3 3,X,-0.5555555555555555555555555555,6,SLEEP,Z,0.04348492,0.1807159
3/7/5/3/7/7/2/5/5 3 3,X,-0.5,6,SLEEP,Z,0.03443317,0.1515241
3/7/5/3/7/7/2/5/3 3 3,Z,-0.5,6,SLEEP,Z,0.04084369,0.1384509
3/7/5/3/7/7/2/3/6 3 3,X,-0.5555555555555555555555555555,4,SLEEP,Z,0.04724605,0.1895894
3/7/5/3/7/7/2/3/5 3 3,X,-0.5,4,SLEEP,Z,0.03591291,0.1405975
3/7/5/3/7/7/2/3/3 3 3,X,0.5,2,SLEEP,Z,0.02153077,0.08208139
3/7/5/3/7/7/2/7/4 3 3,X,-0.5555555555555555555555555555,6,SLEEP,Z,0.1324712,0.3537557
3/7/5/3/7/7/2/7/2 3 3,X,-0.5,4,SLEEP,Z,0.03950987,0.1529758
3/7/5/3/7/7/2/7/1 3 3,Z,-0.5,4,SLEEP,Z,0.02358771,0.08598915
3/7/5/3/7/7/6/2/6 3 3,X,-0.6111111111111111111111111111,6,SLEEP,Z,0.04803714,0.2133065
3/7/5/3/7/7/6/2/5 3 3,X,-0.5555555555555555555555555555,8,SLEEP,Z,0.05891331,0.2454804
3/7/5/3/7/7/6/2/3 3 3,X,0.8333333333333333333333333333,4,SLEEP,Z,0.05218481,0.110339
3/7/5/3/7/7/6/6/4 3 3,X,-0.6111111111111111111111111111,8,SLEEP,Z,0.07689564,0.3372415
3/7/5/3/7/7/6/6/2 3 3,Z,-0.5909090909090909090909090909,8,SLEEP,Z,0.08868687,0.3447037
3/7/5/3/7/7/6/6/1 3 3,X,0.8333333333333333333333333333,6,SLEEP,Z,0.2003912,0.3360848
3/7/5/3/7/7/6/5/4 3 3,X,-0.6111111111111111111111111111,6,SLEEP,Z,0.06151068,0.2431372
3/7/5/3/7/7/6/5/2 3 3,X,-0.5555555555555555555555555555,8,SLEEP,Z,0.07137121,0.3088807
3/7/5/3/7/7/6/5/1 3 3,X,0.8333333333333333333333333333,4,SLEEP,Z,0.03811148,0.1267185
3/7/5/3/7/7/6/3/4 3 3,X,-0.6111111111111111111111111111,8,SLEEP,Z,0.07944041,0.3479368
3/7/5/3/7/7/6/3/2 3 3,X,-0.5555555555555555555555555555,6,SLEEP,Z,0.05877285,0.2616811
3/7/5/3/7/7/6/3/1 3 3,X,0.8333333333333333333333333333,2,SLEEP,Z,0.04330142,0.2106636
3/7/5/3/7/7/5/2/6 3 3,X,-0.5555555555555555555555555555,4,SLEEP,Z,0.03680901,0.1637343
3/7/5/3/7/7/5/2/5 3 3,X,-0.5,4,SLEEP,Z,0.07415052,0.2127153
3/7/5/3/7/7/5/2/3 3 3,Z,-0.5,6,SLEEP,Z,0.10214,0.2623287
3/7/5/3/7/7/5/6/4 3 3,Z,-0.5909090909090909090909090909,6,SLEEP,Z,0.05538905,0.2574952
3/7/5/3/7/7/5/6/2 3 3,Z,-0.5909090909090909090909090909,4,SLEEP,Z,0.033426,0.1528299
3/7/5/3/7/7/5/6/1 3 3,Z,-0.5909090909090909090909090909,6,SLEEP,Z,0.06721698,0.2050937
3/7/5/3/7/7/5/5/4 3 3,X,-0.5555555555555555555555555555,4,SLEEP,Z,0.03604412,0.1576202
3/7/5/3/7/7/5/5/2 3 3,X,-0.5,4,SLEEP,Z,0.06666244,0.3223349
3/7/5/3/7/7/5/5/1 3 3,Z,-0.5,4,SLEEP,Z,0.02539727,0.08353178
3/7/5/3/7/7/5/3/4 3 3,X,-0.5555555555555555555555555555,6,SLEEP,Z,0.03226758,0.1490236
3/7/5/3/7/7/5/3/2 3 3,X,-0.5,4,SLEEP,Z,0.03916615,0.1722237
3/7/5/3/7/7/5/3/1 3 3,Z,-0.5,2,SLEEP,Z,0.02415817,0.1231102
3/7/5/3/7/7/3/2/6 3 3,X,-0.8333333333333333333333333333,6,SLEEP,Z,0.04930585,0.1556828
3/7/5/3/7/7/3/2/5 3 3,Z,-0.5,4,SLEEP,Z,0.04749839,0.1834712
3/7/5/3/7/7/3/2/3 3 3,Z,-0.5,4,SLEEP,Z,0.04088848,0.1322253
3/7/5/3/7/7/3/6/4 3 3,X,-0.8333333333333333333333333333,4,SLEEP,Z,0.04539916,0.1755502
3/7/5/3/7/7/3/6/2 3 3,Z,-0.5909090909090909090909090909,4,SLEEP,Z,0.04667091,0.1842768
3/7/5/3/7/7/3/6/1 3 3,Z,-0.5909090909090909090909090909,2,SLEEP,Z,0.01820867,0.07390792
3/7/5/3/7/7/3/5/4 3 3,X,-0.8333333333333333333333333333,4,SLEEP,Z,0.04688064,0.1538427
3/7/5/3/7/7/3/5/2 3 3,Z,-0.5,4,SLEEP,Z,0.02987241,0.1381062
3/7/5/3/7/7/3/5/1 3 3,Z,-0.5,2,SLEEP,Z,0.01721184,0.07696639
3/7/5/3/7/7/3/3/4 3 3,X,-0.8333333333333333333333333333,6,SLEEP,Z,0.07172834,0.2601676
3/7/5/3/7/7/3/3/2 3 3,X,-0.5,4,SLEEP,Z,0.02273235,0.09367497
3/7/5/3/7/7/3/3/1 3 3,Z,-0.5,2,SLEEP,Z,0.02289068,0.1085951
3/7/5/3/7/7/7/2/4 3 3,X,-0.5555555555555555555555555555,4,SLEEP,Z,0.03478107,0.1517782
3/7/5/3/7/7/7/2/2 3 3,X,-0.5,6,SLEEP,Z,0.06827999,0.2720889
3/7/5/3/7/7/7/2/1 3 3,Z,-0.5,4,SLEEP,Z,0.02723628,0.1231519
3/7/5/7/2/2/6/7/7 3 3,X,-0.5555555555555555555555555555,6,SLEEP,Z,0.06341708,0.1567961
3/7/5/7/2/2/5/7/7 3 3,X,-0.5,6,SLEEP,Z,0.1154454,0.2703638
3/7/5/7/2/2/3/7/7 3 3,X,-0.5,4,SLEEP,Z,0.1024967,0.2022078
3/7/5/7/2/2/7/6/7 3 3,X,-0.5,6,SLEEP,Z,0.04360988,0.1454442
3/7/5/7/2/2/7/5/7 3 3,X,-0.5,6,SLEEP,Z,0.1015084,0.2302796
3/7/5/7/2/2/7/3/7 3 3,X,-0.5,6,SLEEP,Z,0.04598338,0.1302162
3/7/5/7/2/2/7/7/6 3 3,X,-0.5555555555555555555555555555,6,SLEEP,Z,0.0663207,0.2376762
3/7/5/7/2/2/7/7/5 3 3,X,-0.5,6,SLEEP,Z,0.04430108,0.1465003
3/7/5/7/2/2/7/7/3 3 3,X,-0.4444444444444444444444444445,2,SLEEP,Z,0.02157272,0.03628715
3/7/5/7/2/6/2/7/7 3 3,X,-0.5,6,SLEEP,Z,0.1235707,0.2525912
3/7/5/7/2/6/6/6/7 3 3,X,-0.5555555555555555555555555555,4,SLEEP,Z,0.05306134,0.2068104
3/7/5/7/2/6/6/5/7 3 3,X,-0.5555555555555555555555555555,6,SLEEP,Z,0.108062,0.3100833
3/7/5/7/2/6/6/3/7 3 3,Z,0.6428571428571428571428571429,4,SLEEP,Z,0.04727428,0.1661569
3/7/5/7/2/6/6/7/6 3 3,X,-0.6111111111111111111111111111,8,SLEEP,Z,0.1052955,0.384242
3/7/5/7/2/6/6/7/5 3 3,X,-0.5555555555555555555555555555,6,SLEEP,Z,0.05172164,0.2034136
3/7/5/7/2/6/6/7/3 3 3,X,0.7,2,SLEEP,Z,0.03181924,0.1065408
3/7/5/7/2/6/5/6/7 3 3,X,-0.5,6,SLEEP,Z,0.08798707,0.2740601
3/7/5/7/2/6/5/5/7 3 3,X,-0.5,2,SLEEP,Z,0.0316169,0.1257038
3/7/5/7/2/6/5/3/7 3 3,Z,0.6428571428571428571428571429,4,SLEEP,Z,0.03375086,0.1179364
3/7/5/7/2/6/5/7/6 3 3,X,-0.5555555555555555555555555555,4,SLEEP,Z,0.0397583,0.1802464
3/7/5/7/2/6/5/7/5 3 3,X,-0.5,2,SLEEP,Z,0.0342907,0.1283248
3/7/5/7/2/6/5/7/3 3 3,Z,0.5,4,SLEEP,Z,0.1187718,0.2939013
3/7/5/7/2/6/3/6/7 3 3,X,-0.5,4,SLEEP,Z,0.02979599,0.0832772
3/7/5/7/2/6/3/5/7 3 3,Z,0.5,4,SLEEP,Z,0.03091788,0.09581788
3/7/5/7/2/6/3/3/7 3 3,Z,0.6428571428571428571428571429,4,SLEEP,Z,0.04046753,0.09197517
3/7/5/7/2/6/3/7/6 3 3,X,-0.7,4,SLEEP,Z,0.0510995,0.1654171
3/7/5/7/2/6/3/7/5 3 3,Z,0.5,2,SLEEP,Z,0.0119298,0.04296743
3/7/5/7/2/6/3/7/3 3 3,Z,0.5,2,SLEEP,Z,0,0
3/7/5/7/2/6/7/2/7 3 3,X,-0.5,4,SLEEP,Z,0.05470369,0.1821955
3/7/5/7/2/6/7/6/6 3 3,X,-0.5555555555555555555555555555,4,SLEEP,Z,0.03716045,0.181614
3/7/5/7/2/6/7/6/5 3 3,X,-0.5,6,SLEEP,Z,0.09420468,0.3035999
3/7/5/7/2/6/7/6/3 3 3,Z,0.5,4,SLEEP,Z,0.02499796,0.1003013
3/7/5/7/2/6/7/5/6 3 3,X,-0.5555555555555555555555555555,4,SLEEP,Z,0.07254761,0.2929341
3/7/5/7/2/6/7/5/5 3 3,X,-0.5,4,SLEEP,Z,0.1051912,0.2747159
3/7/5/7/2/6/7/5/3 3 3,Z,0.5,2,SLEEP,Z,0.03742,0.1010695
3/7/5/7/2/6/7/3/6 3 3,Z,0.6428571428571428571428571429,6,SLEEP,Z,0.06866872,0.2743233
3/7/5/7/2/6/7/3/5 3 3,Z,0.6428571428571428571428571429,4,SLEEP,Z,0.03451875,0.1142547
3/7/5/7/2/6/7/3/3 3 3,Z,0.6428571428571428571428571429,2,SLEEP,Z,0.03313327,0.06988525
3/7/5/7/2/6/7/7/4 3 3,X,-0.5555555555555555555555555555,6,SLEEP,Z,0.05184191,0.2195978
3/7/5/7/2/6/7/7/2 3 3,X,-0.5,4,SLEEP,Z,0.04157946,0.1741636
3/7/5/7/2/6/7/7/1 3 3,Z,0.5,2,SLEEP,Z,0.02613194,0.09618273
3/7/5/7/2/5/2/7/7 3 3,X,-0.5,2,SLEEP,Z,0.04059952,0.1293769
3/7/5/7/2/5/6/6/7 3 3,X,-0.5555555555555555555555555555,10,SLEEP,Z,0.1318499,0.3657469
3/7/5/7/2/5/6/5/7 3 3,X,-0.5555555555555555555555555555,4,SLEEP,Z,0.07817803,0.2364364
3/7/5/7/2/5/6/3/7 3 3,X,-0.5555555555555555555555555555,4,SLEEP,Z,0.05276135,0.2016549
3/7/5/7/2/5/6/7/6 3 3,X,-0.6111111111111111111111111111,12,SLEEP,Z,0.1133236,0.3945035
3/7/5/7/2/5/6/7/5 3 3,X,-0.5555555555555555555555555555,6,SLEEP,Z,0.09904563,0.3170184
3/7/5/7/2/5/6/7/3 3 3,X,0.7,4,SLEEP,Z,0.04559038,0.1220059
3/7/5/7/2/5/5/6/7 3 3,X,-0.5,6,SLEEP,Z,0.04461511,0.1682453
3/7/5/7/2/5/5/5/7 3 3,X,-0.5,4,SLEEP,Z,0.03228796,0.1061054
3/7/5/7/2/5/5/3/7 3 3,X,-0.5,2,SLEEP,Z,0.03532695,0.1376655
3/7/5/7/2/5/5/7/6 3 3,X,-0.5555555555555555555555555555,4,SLEEP,Z,0.1058299,0.3483998
3/7/5/7/2/5/5/7/5 3 3,X,-0.5,6,SLEEP,Z,0.04130932,0.1519025
3/7/5/7/2/5/5/7/3 3 3,X,-0.4444444444444444444444444445,4,SLEEP,Z,0.032222,0.1213672
3/7/5/7/2/5/3/6/7 3 3,X,-0.5,4,SLEEP,Z,0.05062031,0.1023008
3/7/5/7/2/5/3/5/7 3 3,X,-0.5,4,SLEEP,Z,0.06866153,0.1181517
3/7/5/7/2/5/3/3/7 3 3,X,-0.5,2,SLEEP,Z,0.02803626,0.08738122
3/7/5/7/2/5/3/7/6 3 3,X,-0.7,4,SLEEP,Z,0.09457218,0.2781849
3/7/5/7/2/5/3/7/5 3 3,X,-0.5,4,SLEEP,Z,0.03883642,0.1190227
3/7/5/7/2/5/3/7/3 3 3,X,0.4444444444444444444444444444,2,SLEEP,Z,0.1244536,0.1246614
3/7/5/7/2/5/7/2/7 3 3,X,-0.5,2,SLEEP,Z,0.03558969,0.1371249
3/7/5/7/2/5/7/6/6 3 3,X,-0.5555555555555555555555555555,6,SLEEP,Z,0.08798149,0.3043338
3/7/5/7/2/5/7/6/5 3 3,X,-0.5,8,SLEEP,Z,0.08512092,0.2625218
3/7/5/7/2/5/7/6/3 3 3,Z,0.5,4,SLEEP,Z,0.02236289,0.07761812
3/7/5/7/2/5/7/5/6 3 3,X,-0.5555555555555555555555555555,6,SLEEP,Z,0.07573299,0.2724732
3/7/5/7/2/5/7/5/5 3 3,X,-0.5,4,SLEEP,Z,0.04547422,0.162888
3/7/5/7/2/5/7/5/3 3 3,X,-0.4444444444444444444444444445,4,SLEEP,Z,0.1128309,0.2741475
3/7/5/7/2/5/7/3/6 3 3,X,-0.5555555555555555555555555555,10,SLEEP,Z,0.1233389,0.3972888
3/7/5/7/2/5/7/3/5 3 3,X,-0.5,2,SLEEP,Z,0.0426593,0.1423482
3/7/5/7/2/5/7/3/3 3 3,Z,-0.5,2,SLEEP,Z,0.09538557,0.3611004
3/7/5/7/2/5/7/7/4 3 3,X,-0.5555555555555555555555555555,6,SLEEP,Z,0.06127057,0.2456872
3/7/5/7/2/5/7/7/2 3 3,X,-0.5,4,SLEEP,Z,0.03799842,0.1303275
3/7/5/7/2/5/7/7/1 3 3,X,-0.4444444444444444444444444445,2,SLEEP,Z,0.01819058,0.06787655
3/7/5/7/2/3/2/7/7 3 3,X,-0.5,4,SLEEP,Z,0.1171682,0.273715
3/7/5/7/2/3/6/6/7 3 3,Z,-0.6428571428571428571428571429,6,SLEEP,Z,0.0762457,0.208136
3/7/5/7/2/3/6/5/7 3 3,X,-0.5555555555555555555555555555,4,SLEEP,Z,0.07089654,0.1942126
3/7/5/7/2/3/6/3/7 3 3,X,-0.5555555555555555555555555555,4,SLEEP,Z,0.1336869,0.3235189
3/7/5/7/2/3/6/7/6 3 3,X,-0.6111111111111111111111111111,8,SLEEP,Z,0.1096888,0.3999121
3/7/5/7/2/3/6/7/5 3 3,X,-0.5555555555555555555555555555,6,SLEEP,Z,0.05419248,0.1863045
3/7/5/7/2/3/6/7/3 3 3,X,0.7,6,SLEEP,Z,0.1534012,0.2200701
3/7/5/7/2/3/5/6/7 3 3,Z,-0.6428571428571428571428571429,4,SLEEP,Z,0.0368761,0.1592964
3/7/5/7/2/3/5/5/7 3 3,X,-0.5,4,SLEEP,Z,0.05444628,0.1584311
3/7/5/7/2/3/5/3/7 3 3,X,-0.5,4,SLEEP,Z,0.03642937,0.1107642
3/7/5/7/2/3/5/7/6 3 3,X,-0.5555555555555555555555555555,8,SLEEP,Z,0.05704761,0.2229432
3/7/5/7/2/3/5/7/5 3 3,X,-0.5,2,SLEEP,Z,0.0222989,0.09620801
3/7/5/7/2/3/5/7/3 3 3,Z,-0.5,2,SLEEP,Z,0.0145401,0.05727032
3/7/5/7/2/3/3/6/7 3 3,Z,-0.6428571428571428571428571429,4,SLEEP,Z,0.04034793,0.08838839
3/7/5/7/2/3/3/5/7 3 3,Z,-0.5,4,SLEEP,Z,0.04125333,0.1212969
3/7/5/7/2/3/3/3/7 3 3,X,-0.5,4,SLEEP,Z,0.03653457,0.1207079
3/7/5/7/2/3/3/7/6 3 3,X,-0.7,4,SLEEP,Z,0.03542188,0.1290238
3/7/5/7/2/3/3/7/5 3 3,Z,-0.5,2,SLEEP,Z,0.02233518,0.07344718
3/7/5/7/2/3/3/7/3 3 3,Z,-0.5,2,SLEEP,Z,0.0560078,0.05817823
3/7/5/7/2/3/7/2/7 3 3,X,-0.5,6,SLEEP,Z,0.1275083,0.3166988
3/7/5/7/2/3/7/6/6 3 3,Z,-0.6428571428571428571428571429,4,SLEEP,Z,0.05861706,0.2256171
3/7/5/7/2/3/7/6/5 3 3,Z,-0.6428571428571428571428571429,4,SLEEP,Z,0.03278626,0.1175732
3/7/5/7/2/3/7/6/3 3 3,Z,-0.6428571428571428571428571429,4,SLEEP,Z,0.02741459,0.08391213
3/7/5/7/2/3/7/5/6 3 3,X,-0.5555555555555555555555555555,4,SLEEP,Z,0.07340221,0.2702171
3/7/5/7/2/3/7/5/5 3 3,X,-0.5,4,SLEEP,Z,0.04529816,0.162355
3/7/5/7/2/3/7/5/3 3 3,Z,-0.5,6,SLEEP,Z,0.1285266,0.3749879
3/7/5/7/2/3/7/3/6 3 3,X,-0.5555555555555555555555555555,4,SLEEP,Z,0.04541492,0.1810447
3/7/5/7/2/3/7/3/5 3 3,X,-0.5,4,SLEEP,Z,0.09756518,0.3180951
3/7/5/7/2/3/7/3/3 3 3,Z,-0.5,2,SLEEP,Z,0.02405345,0.06881386
3/7/5/7/2/3/7/7/4 3 3,X,-0.5555555555555555555555555555,6,SLEEP,Z,0.04760112,0.2186469
3/7/5/7/2/3/7/7/2 3 3,X,-0.5,4,SLEEP,Z,0.03494795,0.1403545
3/7/5/7/2/3/7/7/1 3 3,Z,-0.5,4,SLEEP,Z,0.1239078,0.3370638
3/7/5/7/2/7/2/6/7 3 3,X,-0.5,4,SLEEP,Z,0.04259239,0.143432
3/7/5/7/2/7/2/5/7 3 3,X,-0.5,4,SLEEP,Z,0.08994459,0.2456741
3/7/5/7/2/7/2/3/7 3 3,X,-0.5,4,SLEEP,Z,0.04433956,0.1353401
3/7/5/7/2/7/2/7/6 3 3,X,-0.5555555555555555555555555555,4,SLEEP,Z,0.04706663,0.175491
3/7/5/7/2/7/2/7/5 3 3,X,-0.5,6,SLEEP,Z,0.04117167,0.1685587
3/7/5/7/2/7/2/7/3 3 3,X,-0.4444444444444444444444444445,2,SLEEP,Z,0.01192646,0.02577049
3/7/5/7/2/7/6/2/7 3 3,X,-0.5555555555555555555555555555,6,SLEEP,Z,0.1434797,0.383662
3/7/5/7/2/7/6/6/6 3 3,X,-0.6111111111111111111111111111,6,SLEEP,Z,0.0958564,0.3652095
3/7/5/7/2/7/6/6/5 3 3,X,-0.5555555555555555555555555555,2,SLEEP,Z,0.02734047,0.1031245
3/7/5/7/2/7/6/6/3 3 3,X,0.75,4,SLEEP,Z,0.04044761,0.1430545
3/7/5/7/2/7/6/5/6 3 3,X,-0.6111111111111111111111111111,8,SLEEP,Z,0.08256415,0.3550656
3/7/5/7/2/7/6/5/5 3 3,X,-0.5555555555555555555555555555,4,SLEEP,Z,0.08200624,0.2899046
3/7/5/7/2/7/6/5/3 3 3,X,0.75,4,SLEEP,Z,0.1276296,0.2468518
3/7/5/7/2/7/6/3/6 3 3,X,-0.6111111111111111111111111111,8,SLEEP,Z,0.08210444,0.3076203
3/7/5/7/2/7/6/3/5 3 3,X,-0.5555555555555555555555555555,4,SLEEP,Z,0.04383949,0.1846137
3/7/5/7/2/7/6/3/3 3 3,X,0.75,4,SLEEP,Z,0.1453502,0.2799373
3/7/5/7/2/7/6/7/4 3 3,X,-0.6111111111111111111111111111,8,SLEEP,Z,0.06738946,0.2865982
3/7/5/7/2/7/6/7/2 3 3,X,-0.5555555555555555555555555555,6,SLEEP,Z,0.0530927,0.1951971
3/7/5/7/2/7/6/7/1 3 3,X,0.75,4,SLEEP,Z,0.02732054,0.1114139
3/7/5/7/2/7/5/2/7 3 3,X,-0.5,6,SLEEP,Z,0.07006663,0.1538208
3/7/5/7/2/7/5/6/6 3 3,X,-0.5555555555555555555555555555,8,SLEEP,Z,0.04537714,0.1718139
3/7/5/7/2/7/5/6/5 3 3,X,-0.5,4,SLEEP,Z,0.04352919,0.1758316
3/7/5/7/2/7/5/6/3 3 3,Z,0.5,4,SLEEP,Z,0.09550912,0.1560916
3/7/5/7/2/7/5/5/6 3 3,X,-0.5555555555555555555555555555,6,SLEEP,Z,0.07331639,0.350615
3/7/5/7/2/7/5/5/5 3 3,X,-0.5,4,SLEEP,Z,0.04654082,0.2046273
3/7/5/7/2/7/5/5/3 3 3,X,-0.4444444444444444444444444445,2,SLEEP,Z,0.01876618,0.07166368
3/7/5/7/2/7/5/3/6 3 3,X,-0.5555555555555555555555555555,8,SLEEP,Z,0.0567257,0.2345159
3/7/5/7/2/7/5/3/5 3 3,X,-0.5,6,SLEEP,Z,0.1050227,0.2786677
3/7/5/7/2/7/5/3/3 3 3,Z,-0.5,2,SLEEP,Z,0.02799434,0.1030857
3/7/5/7/2/7/5/7/4 3 3,X,-0.5555555555555555555555555555,4,SLEEP,Z,0.06375574,0.2708492
3/7/5/7/2/7/5/7/2 3 3,X,-0.5,4,SLEEP,Z,0.1091291,0.2462249
3/7/5/7/2/7/5/7/1 3 3,X,-0.4444444444444444444444444445,2,SLEEP,Z,0.02437563,0.1005207
3/7/5/7/2/7/3/2/7 3 3,X,-0.5,4,SLEEP,Z,0.1117371,0.2478061
3/7/5/7/2/7/3/6/6 3 3,X,-0.75,6,SLEEP,Z,0.1008393,0.2737151
3/7/5/7/2/7/3/6/5 3 3,X,-0.5,4,SLEEP,Z,0.0315359,0.1293729
3/7/5/7/2/7/3/6/3 3 3,Z,0.5,2,SLEEP,Z,0,0
3/7/5/7/2/7/3/5/6 3 3,X,-0.75,6,SLEEP,Z,0.110523,0.3950561
3/7/5/7/2/7/3/5/5 3 3,X,-0.5,2,SLEEP,Z,0.04771869,0.1005369
3/7/5/7/2/7/3/5/3 3 3,X,0.4444444444444444444444444444,2,SLEEP,Z,0.09276298,0.3387652
3/7/5/7/2/7/3/3/6 3 3,X,-0.75,4,SLEEP,Z,0.04489692,0.1491587
3/7/5/7/2/7/3/3/5 3 3,X,-0.5,4,SLEEP,Z,0.03496151,0.1229514
3/7/5/7/2/7/3/3/3 3 3,Z,-0.5,2,SLEEP,Z,0.01490919,0.04902661
3/7/5/7/2/7/3/7/4 3 3,X,-0.75,4,SLEEP,Z,0.03655449,0.1530867
3/7/5/7/2/7/3/7/2 3 3,X,-0.5,2,SLEEP,Z,0.0157358,0.05668454
3/7/5/7/2/7/3/7/1 3 3,X,0.4444444444444444444444444444,2,SLEEP,Z,0,0
3/7/5/7/2/7/7/2/6 3 3,X,-0.5555555555555555555555555555,4,SLEEP,Z,0.04933117,0.2015857
3/7/5/7/2/7/7/2/5 3 3,X,-0.5,4,SLEEP,Z,0.0298028,0.1088814
3/7/5/7/2/7/7/2/3 3 3,X,-0.4444444444444444444444444445,4,SLEEP,Z,0.07840947,0.2043316
3/7/5/7/2/7/7/6/4 3 3,X,-0.5555555555555555555555555555,4,SLEEP,Z,0.0545818,0.2494026
3/7/5/7/2/7/7/6/2 3 3,X,-0.5,6,SLEEP,Z,0.1067022,0.3086875
3/7/5/7/2/7/7/6/1 3 3,Z,0.5,4,SLEEP,Z,0.09317177,0.3574512
3/7/5/7/2/7/7/5/4 3 3,X,-0.5555555555555555555555555555,4,SLEEP,Z,0.07146352,0.348107
3/7/5/7/2/7/7/5/2 3 3,X,-0.5,4,SLEEP,Z,0.03631265,0.1385575
3/7/5/7/2/7/7/5/1 3 3,X,-0.4444444444444444444444444445,4,SLEEP,Z,0.09587752,0.2382385
3/7/5/7/2/7/7/3/4 3 3,X,-0.5555555555555555555555555555,4,SLEEP,Z,0.03798118,0.1493478
3/7/5/7/2/7/7/3/2 3 3,X,-0.5,4,SLEEP,Z,0.04184446,0.1656581
3/7/5/7/2/7/7/3/1 3 3,Z,-0.5,4,SLEEP,Z,0.05609202,0.1127726
3/7/5/7/6/2/2/7/7 3 3,X,-0.5555555555555555555555555555,2,SLEEP,Z,0.02373927,0.0887326
3/7/5/7/6/2/6/6/7 3 3,X,-0.6111111111111111111111111111,6,SLEEP,Z,0.05942043,0.227454
3/7/5/7/6/2/6/5/7 3 3,X,-0.6111111111111111111111111111,6,SLEEP,Z,0.0527218,0.181191
3/7/5/7/6/2/6/3/7 3 3,X,-0.6111111111111111111111111111,6,SLEEP,Z,0.05045313,0.2149806
3/7/5/7/6/2/6/7/6 3 3,X,-0.6666666666666666666666666667,8,SLEEP,Z,0.07363942,0.3277754
3/7/5/7/6/2/6/7/5 3 3,X,-0.6111111111111111111111111111,6,SLEEP,Z,0.08338588,0.2379236
3/7/5/7/6/2/6/7/3 3 3,X,0.7,2,SLEEP,Z,0.05081607,0.1339027
3/7/5/7/6/2/5/6/7 3 3,X,-0.5555555555555555555555555555,4,SLEEP,Z,0.03756159,0.1338814
3/7/5/7/6/2/5/5/7 3 3,X,-0.5555555555555555555555555555,2,SLEEP,Z,0.03080187,0.09123862
3/7/5/7/6/2/5/3/7 3 3,X,-0.5555555555555555555555555555,4,SLEEP,Z,0.03233816,0.1303564
3/7/5/7/6/2/5/7/6 3 3,X,-0.6111111111111111111111111111,6,SLEEP,Z,0.04965958,0.224206
3/7/5/7/6/2/5/7/5 3 3,X,-0.5555555555555555555555555555,2,SLEEP,Z,0.03218361,0.1084355
3/7/5/7/6/2/5/7/3 3 3,X,0.625,4,SLEEP,Z,0.1299536,0.361574
3/7/5/7/6/2/3/6/7 3 3,X,0.625,6,SLEEP,Z,0.1008746,0.1155433
3/7/5/7/6/2/3/5/7 3 3,X,0.625,2,SLEEP,Z,0.02350132,0.0824751
3/7/5/7/6/2/3/3/7 3 3,X,0.625,4,SLEEP,Z,0.08063144,0.09211878
3/7/5/7/6/2/3/7/6 3 3,X,-0.7,6,SLEEP,Z,0.1007758,0.2754049
3/7/5/7/6/2/3/7/5 3 3,X,0.625,2,SLEEP,Z,0.03270863,0.09347807
3/7/5/7/6/2/3/7/3 3 3,X,0.75,2,SLEEP,Z,0.1207378,0.1329007
3/7/5/7/6/2/7/2/7 3 3,X,-0.5555555555555555555555555555,2,SLEEP,Z,0.03210971,0.1144252
3/7/5/7/6/2/7/6/6 3 3,X,-0.6111111111111111111111111111,8,SLEEP,Z,0.06721501,0.2562458
3/7/5/7/6/2/7/6/5 3 3,X,-0.5555555555555555555555555555,4,SLEEP,Z,0.02506433,0.1017047
3/7/5/7/6/2/7/6/3 3 3,X,0.625,2,SLEEP,Z,0.03722455,0.06831811
3/7/5/7/6/2/7/5/6 3 3,X,-0.6111111111111111111111111111,4,SLEEP,Z,0.04618902,0.2031755
3/7/5/7/6/2/7/5/5 3 3,X,-0.5555555555555555555555555555,4,SLEEP,Z,0.02585666,0.1066182
3/7/5/7/6/2/7/5/3 3 3,X,0.625,2,SLEEP,Z,0.0335305,0.1171814
3/7/5/7/6/2/7/3/6 3 3,X,-0.6111111111111111111111111111,4,SLEEP,Z,0.04922688,0.2201024
3/7/5/7/6/2/7/3/5 3 3,X,-0.5555555555555555555555555555,4,SLEEP,Z,0.1192677,0.2622824
3/7/5/7/6/2/7/3/3 3 3,X,0.625,4,SLEEP,Z,0.03652516,0.1130269
3/7/5/7/6/2/7/7/4 3 3,X,-0.6111111111111111111111111111,2,SLEEP,Z,0.03389499,0.1549984
3/7/5/7/6/2/7/7/2 3 3,X,-0.5555555555555555555555555555,6,SLEEP,Z,0.1398202,0.3143742
3/7/5/7/6/2/7/7/1 3 3,X,0.625,2,SLEEP,Z,0.1145514,0.1947276
3/7/5/7/6/6/2/6/7 3 3,X,-0.5555555555555555555555555555,6,SLEEP,Z,0.1365106,0.3202782
3/7/5/7/6/6/2/5/7 3 3,X,-0.5555555555555555555555555555,2,SLEEP,Z,0.03184487,0.1048471
3/7/5/7/6/6/2/3/7 3 3,Z,0.6666666666666666666666666667,6,SLEEP,Z,0.0469718,0.2060713
3/7/5/7/6/6/2/7/6 3 3,X,-0.6111111111111111111111111111,8,SLEEP,Z,0.1406486,0.4033253
3/7/5/7/6/6/2/7/5 3 3,X,-0.5555555555555555555555555555,4,SLEEP,Z,0.1526567,0.3415087
3/7/5/7/6/6/2/7/3 3 3,X,0.625,4,SLEEP,Z,0.03497195,0.08372691
3/7/5/7/6/6/6/2/7 3 3,X,-0.6111111111111111111111111111,6,SLEEP,Z,0.1503882,0.3339458
3/7/5/7/6/6/6/6/6 3 3,X,-0.6666666666666666666666666667,8,SLEEP,Z,0.08288997,0.3667161
3/7/5/7/6/6/6/6/5 3 3,X,-0.6111111111111111111111111111,4,SLEEP,Z,0.06970679,0.2814663
3/7/5/7/6/6/6/6/3 3 3,X,0.75,4,SLEEP,Z,0.02833133,0.1129089
3/7/5/7/6/6/6/5/6 3 3,X,-0.6666666666666666666666666667,8,SLEEP,Z,0.06741779,0.3050599
3/7/5/7/6/6/6/5/5 3 3,X,-0.6111111111111111111111111111,8,SLEEP,Z,0.09686287,0.3472104
3/7/5/7/6/6/6/5/3 3 3,X,0.75,4,SLEEP,Z,0.05177693,0.1512106
3/7/5/7/6/6/6/3/6 3 3,X,-0.6666666666666666666666666667,12,SLEEP,Z,0.07482902,0.3325742
3/7/5/7/6/6/6/3/5 3 3,Z,0.6666666666666666666666666667,4,SLEEP,Z,0.04699395,0.2084081
3/7/5/7/6/6/6/3/3 3 3,X,0.75,4,SLEEP,Z,0.02565676,0.09078664
3/7/5/7/6/6/6/7/4 3 3,X,-0.6666666666666666666666666667,6,SLEEP,Z,0.05771261,0.3070597
3/7/5/7/6/6/6/7/2 3 3,X,-0.6111111111111111111111111111,6,SLEEP,Z,0.06001069,0.2294304
3/7/5/7/6/6/6/7/1 3 3,X,0.75,4,SLEEP,Z,0.2460856,0.354644
3/7/5/7/6/6/5/2/7 3 3,X,-0.5555555555555555555555555555,4,SLEEP,Z,0.03844306,0.1587605
3/7/5/7/6/6/5/6/6 3 3,X,-0.6111111111111111111111111111,4,SLEEP,Z,0.04478594,0.2000182
3/7/5/7/6/6/5/6/5 3 3,X,-0.5555555555555555555555555555,4,SLEEP,Z,0.02633188,0.1102884
3/7/5/7/6/6/5/6/3 3 3,X,0.625,4,SLEEP,Z,0.02881246,0.1139643
3/7/5/7/6/6/5/5/6 3 3,X,-0.6111111111111111111111111111,4,SLEEP,Z,0.05466523,0.2006674
3/7/5/7/6/6/5/5/5 3 3,X,-0.5555555555555555555555555555,6,SLEEP,Z,0.03123114,0.1399726
3/7/5/7/6/6/5/5/3 3 3,X,0.625,2,SLEEP,Z,0.02723267,0.07942203
3/7/5/7/6/6/5/3/6 3 3,Z,0.6666666666666666666666666667,6,SLEEP,Z,0.06578211,0.2642485
3/7/5/7/6/6/5/3/5 3 3,Z,0.6666666666666666666666666667,4,SLEEP,Z,0.1120629,0.260929
3/7/5/7/6/6/5/3/3 3 3,Z,0.6666666666666666666666666667,2,SLEEP,Z,0.02892124,0.07804175
3/7/5/7/6/6/5/7/4 3 3,X,-0.6111111111111111111111111111,6,SLEEP,Z,0.04250604,0.1903201
3/7/5/7/6/6/5/7/2 3 3,X,-0.5555555555555555555555555555,2,SLEEP,Z,0.0302569,0.13323
3/7/5/7/6/6/5/7/1 3 3,X,0.625,4,SLEEP,Z,0.1442575,0.3055786
3/7/5/7/6/6/3/2/7 3 3,X,0.625,2,SLEEP,Z,0.03264169,0.0781678
3/7/5/7/6/6/3/6/6 3 3,X,-0.75,4,SLEEP,Z,0.0916452,0.3156278
3/7/5/7/6/6/3/6/5 3 3,X,0.625,2,SLEEP,Z,0.048334,0.1075752
3/7/5/7/6/6/3/6/3 3 3,X,0.75,2,SLEEP,Z,0.03561059,0.07197446
3/7/5/7/6/6/3/5/6 3 3,X,-0.75,4,SLEEP,Z,0.08163201,0.404246
3/7/5/7/6/6/3/5/5 3 3,X,0.625,4,SLEEP,Z,0.03818751,0.08897127
3/7/5/7/6/6/3/5/3 3 3,X,0.75,2,SLEEP,Z,0,0
3/7/5/7/6/6/3/3/6 3 3,X,-0.75,4,SLEEP,Z,0.04102785,0.1548146
3/7/5/7/6/6/3/3/5 3 3,Z,0.6666666666666666666666666667,4,SLEEP,Z,0.1687563,0.257319
3/7/5/7/6/6/3/3/3 3 3,X,0.75,2,SLEEP,Z,0.02807148,0.08308604
3/7/5/7/6/6/3/7/4 3 3,X,-0.75,4,SLEEP,Z,0.1235325,0.3625764
3/7/5/7/6/6/3/7/2 3 3,X,0.625,4,SLEEP,Z,0.1353133,0.2465458
3/7/5/7/6/6/3/7/1 3 3,X,0.75,2,SLEEP,Z,0.03610862,0.05642913
3/7/5/7/6/6/7/2/6 3 3,X,-0.6111111111111111111111111111,4,SLEEP,Z,0.04925469,0.2175969
3/7/5/7/6/6/7/2/5 3 3,X,-0.5555555555555555555555555555,4,SLEEP,Z,0.1483715,0.352336
3/7/5/7/6/6/7/2/3 3 3,X,0.625,2,SLEEP,Z,0.01743441,0.06739102
3/7/5/7/6/6/7/6/4 3 3,X,-0.6111111111111111111111111111,6,SLEEP,Z,0.04588871,0.1980715
3/7/5/7/6/6/7/6/2 3 3,X,-0.5555555555555555555555555555,2,SLEEP,Z,0.02193952,0.08376978
3/7/5/7/6/6/7/6/1 3 3,X,0.625,6,SLEEP,Z,0.03879866,0.1765421
3/7/5/7/6/6/7/5/4 3 3,X,-0.6111111111111111111111111111,8,SLEEP,Z,0.1074068,0.3668073
3/7/5/7/6/6/7/5/2 3 3,X,-0.5555555555555555555555555555,4,SLEEP,Z,0.03881934,0.201598
3/7/5/7/6/6/7/5/1 3 3,X,0.625,4,SLEEP,Z,0.02146953,0.08430409
3/7/5/7/6/6/7/3/4 3 3,Z,0.6666666666666666666666666666,6,SLEEP,Z,0.06025256,0.2653621
3/7/5/7/6/6/7/3/2 3 3,Z,0.6666666666666666666666666666,2,SLEEP,Z,0.024761,0.08740624
3/7/5/7/6/6/7/3/1 3 3,Z,0.6666666666666666666666666666,2,SLEEP,Z,0.0486552,0.1070291
3/7/5/7/6/5/2/6/7 3 3,X,-0.5555555555555555555555555555,2,SLEEP,Z,0.03139608,0.11844
3/7/5/7/6/5/2/5/7 3 3,X,-0.5555555555555555555555555555,6,SLEEP,Z,0.06478596,0.237622
3/7/5/7/6/5/2/3/7 3 3,X,-0.5555555555555555555555555555,4,SLEEP,Z,0.05072138,0.1237301
3/7/5/7/6/5/2/7/6 3 3,X,-0.6111111111111111111111111111,6,SLEEP,Z,0.06794714,0.2735504
3/7/5/7/6/5/2/7/5 3 3,X,-0.5555555555555555555555555555,2,SLEEP,Z,0.0178117,0.07951851
3/7/5/7/6/5/2/7/3 3 3,X,0.625,2,SLEEP,Z,0.03567618,0.09185948
3/7/5/7/6/5/6/2/7 3 3,X,-0.6111111111111111111111111111,8,SLEEP,Z,0.08403673,0.2721528
3/7/5/7/6/5/6/6/6 3 3,X,-0.6666666666666666666666666667,10,SLEEP,Z,0.07233328,0.3414289
3/7/5/7/6/5/6/6/5 3 3,X,-0.6111111111111111111111111111,8,SLEEP,Z,0.08063824,0.2775044
3/7/5/7/6/5/6/6/3 3 3,X,0.75,4,SLEEP,Z,0.064737,0.1534668
3/7/5/7/6/5/6/5/6 3 3,X,-0.6666666666666666666666666667,8,SLEEP,Z,0.1050363,0.3828228
3/7/5/7/6/5/6/5/5 3 3,X,-0.6111111111111111111111111111,6,SLEEP,Z,0.05195198,0.2296296
3/7/5/7/6/5/6/5/3 3 3,X,0.75,4,SLEEP,Z,0.1590676,0.2801577
3/7/5/7/6/5/6/3/6 3 3,X,-0.6666666666666666666666666667,12,SLEEP,Z,0.1000249,0.3926401
3/7/5/7/6/5/6/3/5 3 3,X,-0.6111111111111111111111111111,6,SLEEP,Z,0.05173334,0.2292064
3/7/5/7/6/5/6/3/3 3 3,X,0.75,4,SLEEP,Z,0.02689579,0.09266921
3/7/5/7/6/5/6/7/4 3 3,X,-0.6666666666666666666666666667,10,SLEEP,Z,0.08993526,0.3736235
3/7/5/7/6/5/6/7/2 3 3,X,-0.6111111111111111111111111111,6,SLEEP,Z,0.05233039,0.2365262
3/7/5/7/6/5/6/7/1 3 3,X,0.75,2,SLEEP,Z,0.04262277,0.1027694
3/7/5/7/6/5/5/2/7 3 3,X,-0.5555555555555555555555555555,4,SLEEP,Z,0.04313569,0.1617045
3/7/5/7/6/5/5/6/6 3 3,X,-0.6111111111111111111111111111,6,SLEEP,Z,0.0518612,0.2489508
3/7/5/7/6/5/5/6/5 3 3,X,-0.5555555555555555555555555555,4,SLEEP,Z,0.1430552,0.3400255
3/7/5/7/6/5/5/6/3 3 3,X,0.625,2,SLEEP,Z,0.0357968,0.09163454
3/7/5/7/6/5/5/5/6 3 3,X,-0.6111111111111111111111111111,4,SLEEP,Z,0.04256689,0.1838054
3/7/5/7/6/5/5/5/5 3 3,X,-0.5555555555555555555555555555,6,SLEEP,Z,0.1298443,0.3327475
3/7/5/7/6/5/5/5/3 3 3,X,0.625,2,SLEEP,Z,0.02667887,0.09883185
3/7/5/7/6/5/5/3/6 3 3,X,-0.6111111111111111111111111111,6,SLEEP,Z,0.0474457,0.2128851
3/7/5/7/6/5/5/3/5 3 3,X,-0.5555555555555555555555555555,4,SLEEP,Z,0.03408201,0.1362387
3/7/5/7/6/5/5/3/3 3 3,X,0.625,2,SLEEP,Z,0.01329691,0.07861637
3/7/5/7/6/5/5/7/4 3 3,X,-0.6111111111111111111111111111,4,SLEEP,Z,0.07092912,0.3064501
3/7/5/7/6/5/5/7/2 3 3,X,-0.5555555555555555555555555555,4,SLEEP,Z,0.112965,0.2932507
3/7/5/7/6/5/5/7/1 3 3,X,0.625,4,SLEEP,Z,0.09372441,0.38437
3/7/5/7/6/5/3/2/7 3 3,X,0.625,4,SLEEP,Z,0.0318511,0.1228172
3/7/5/7/6/5/3/6/6 3 3,X,-0.75,2,SLEEP,Z,0.04313803,0.1654352
3/7/5/7/6/5/3/6/5 3 3,X,0.625,4,SLEEP,Z,0.1065889,0.2338444
3/7/5/7/6/5/3/6/3 3 3,X,0.75,2,SLEEP,Z,0.1189637,0.1904749
3/7/5/7/6/5/3/5/6 3 3,X,-0.75,4,SLEEP,Z,0.03467571,0.1156092
3/7/5/7/6/5/3/5/5 3 3,X,0.625,2,SLEEP,Z,0.02102757,0.07741592
3/7/5/7/6/5/3/5/3 3 3,X,0.75,2,SLEEP,Z,0.03250589,0.04036828
3/7/5/7/6/5/3/3/6 3 3,X,-0.75,2,SLEEP,Z,0.02752641,0.1066244
3/7/5/7/6/5/3/3/5 3 3,X,0.625,4,SLEEP,Z,0.1406283,0.3438144
3/7/5/7/6/5/3/3/3 3 3,X,0.75,2,SLEEP,Z,0.1398976,0.1915343
3/7/5/7/6/5/3/7/4 3 3,X,-0.75,6,SLEEP,Z,0.04901067,0.1997518
3/7/5/7/6/5/3/7/2 3 3,X,0.625,2,SLEEP,Z,0.0239671,0.09068929
3/7/5/7/6/5/3/7/1 3 3,X,0.75,2,SLEEP,Z,0.1214239,0.150454
3/7/5/7/6/5/7/2/6 3 3,X,-0.6111111111111111111111111111,8,SLEEP,Z,0.05605558,0.260856
3/7/5/7/6/5/7/2/5 3 3,X,-0.5555555555555555555555555555,6,SLEEP,Z,0.03586321,0.1559007
3/7/5/7/6/5/7/2/3 3 3,X,0.625,4,SLEEP,Z,0.1247898,0.2876742
3/7/5/7/6/5/7/6/4 3 3,X,-0.6111111111111111111111111111,6,SLEEP,Z,0.05339528,0.2412189
3/7/5/7/6/5/7/6/2 3 3,X,-0.5555555555555555555555555555,2,SLEEP,Z,0.03851112,0.1601462
3/7/5/7/6/5/7/6/1 3 3,X,0.625,4,SLEEP,Z,0.0334775,0.1128341
3/7/5/7/6/5/7/5/4 3 3,X,-0.6111111111111111111111111111,6,SLEEP,Z,0.05888589,0.2648506
3/7/5/7/6/5/7/5/2 3 3,X,-0.5555555555555555555555555555,4,SLEEP,Z,0.03211799,0.1431888
3/7/5/7/6/5/7/5/1 3 3,X,0.625,4,SLEEP,Z,0.1180522,0.3093399
3/7/5/7/6/5/7/3/4 3 3,X,-0.6111111111111111111111111111,4,SLEEP,Z,0.05291607,0.2459986
3/7/5/7/6/5/7/3/2 3 3,X,-0.5555555555555555555555555555,4,SLEEP,Z,0.0431997,0.192052
3/7/5/7/6/5/7/3/1 3 3,X,0.625,4,SLEEP,Z,0.0399253,0.140913
3/7/5/7/6/3/2/6/7 3 3,Z,-0.6666666666666666666666666667,6,SLEEP,Z,0.07968347,0.1778539
3/7/5/7/6/3/2/5/7 3 3,X,-0.5555555555555555555555555555,2,SLEEP,Z,0.03537668,0.1330672
3/7/5/7/6/3/2/3/7 3 3,X,-0.5555555555555555555555555555,4,SLEEP,Z,0.04960773,0.1597065
3/7/5/7/6/3/2/7/6 3 3,X,-0.6111111111111111111111111111,6,SLEEP,Z,0.1490529,0.382405
3/7/5/7/6/3/2/7/5 3 3,X,-0.5555555555555555555555555555,6,SLEEP,Z,0.05777472,0.1875375
3/7/5/7/6/3/2/7/3 3 3,X,0.625,4,SLEEP,Z,0.04487555,0.05357026
3/7/5/7/6/3/6/2/7 3 3,X,-0.6111111111111111111111111111,10,SLEEP,Z,0.08604466,0.2947543
3/7/5/7/6/3/6/6/6 3 3,X,-0.6666666666666666666666666667,10,SLEEP,Z,0.08843211,0.3915832
3/7/5/7/6/3/6/6/5 3 3,Z,-0.6666666666666666666666666667,4,SLEEP,Z,0.03352616,0.145005
3/7/5/7/6/3/6/6/3 3 3,X,0.75,6,SLEEP,Z,0.2574533,0.3657432
3/7/5/7/6/3/6/5/6 3 3,X,-0.6666666666666666666666666667,12,SLEEP,Z,0.116506,0.3942682
3/7/5/7/6/3/6/5/5 3 3,X,-0.6111111111111111111111111111,6,SLEEP,Z,0.1593197,0.3813392
3/7/5/7/6/3/6/5/3 3 3,X,0.75,4,SLEEP,Z,0.02462649,0.0867625
3/7/5/7/6/3/6/3/6 3 3,X,-0.6666666666666666666666666667,6,SLEEP,Z,0.05426104,0.2603911
3/7/5/7/6/3/6/3/5 3 3,X,-0.6111111111111111111111111111,8,SLEEP,Z,0.05975386,0.2663715
3/7/5/7/6/3/6/3/3 3 3,X,0.75,4,SLEEP,Z,0.0401372,0.1448218
3/7/5/7/6/3/6/7/4 3 3,X,-0.6666666666666666666666666667,10,SLEEP,Z,0.1118479,0.4202848
3/7/5/7/6/3/6/7/2 3 3,X,-0.6111111111111111111111111111,4,SLEEP,Z,0.05156059,0.1941646
3/7/5/7/6/3/6/7/1 3 3,X,0.75,4,SLEEP,Z,0.02108439,0.08971422
3/7/5/7/6/3/5/2/7 3 3,X,-0.5555555555555555555555555555,4,SLEEP,Z,0.03251149,0.1336394
3/7/5/7/6/3/5/6/6 3 3,Z,-0.6666666666666666666666666667,4,SLEEP,Z,0.06165107,0.2302828
3/7/5/7/6/3/5/6/5 3 3,Z,-0.6666666666666666666666666667,4,SLEEP,Z,0.0969758,0.269226
3/7/5/7/6/3/5/6/3 3 3,Z,-0.6666666666666666666666666667,4,SLEEP,Z,0.1101404,0.152127
3/7/5/7/6/3/5/5/6 3 3,X,-0.6111111111111111111111111111,6,SLEEP,Z,0.04136209,0.1805492
3/7/5/7/6/3/5/5/5 3 3,X,-0.5555555555555555555555555555,2,SLEEP,Z,0.02193339,0.09798441
3/7/5/7/6/3/5/5/3 3 3,X,0.625,4,SLEEP,Z,0.03615952,0.09586529
3/7/5/7/6/3/5/3/6 3 3,X,-0.6111111111111111111111111111,8,SLEEP,Z,0.06051541,0.2615846
3/7/5/7/6/3/5/3/5 3 3,X,-0.5555555555555555555555555555,6,SLEEP,Z,0.1056211,0.2651959
3/7/5/7/6/3/5/3/3 3 3,X,0.625,2,SLEEP,Z,0.02477022,0.06887276
3/7/5/7/6/3/5/7/4 3 3,X,-0.6111111111111111111111111111,4,SLEEP,Z,0.04881494,0.2256959
3/7/5/7/6/3/5/7/2 3 3,X,-0.5555555555555555555555555555,4,SLEEP,Z,0.02756425,0.1096921
3/7/5/7/6/3/5/7/1 3 3,X,0.625,2,SLEEP,Z,0,0
3/7/5/7/6/3/3/2/7 3 3,X,0.625,4,SLEEP,Z,0.02136412,0.06644861
3/7/5/7/6/3/3/6/6 3 3,X,-0.75,4,SLEEP,Z,0.04206884,0.1346457
3/7/5/7/6/3/3/6/5 3 3,Z,-0.6666666666666666666666666667,4,SLEEP,Z,0.03287588,0.09746692
3/7/5/7/6/3/3/6/3 3 3,X,0.75,2,SLEEP,Z,0.1418494,0.1951004
3/7/5/7/6/3/3/5/6 3 3,X,-0.75,6,SLEEP,Z,0.04285655,0.1700857
3/7/5/7/6/3/3/5/5 3 3,X,0.625,2,SLEEP,Z,0.01911477,0.07738536
3/7/5/7/6/3/3/5/3 3 3,X,0.75,2,SLEEP,Z,0,0
3/7/5/7/6/3/3/3/6 3 3,X,-0.75,4,SLEEP,Z,0.04152232,0.173971
3/7/5/7/6/3/3/3/5 3 3,X,0.625,4,SLEEP,Z,0.04252415,0.1341382
3/7/5/7/6/3/3/3/3 3 3,X,0.75,2,SLEEP,Z,0.01934814,0.07379815
3/7/5/7/6/3/3/7/4 3 3,X,-0.75,4,SLEEP,Z,0.04740384,0.1761369
3/7/5/7/6/3/3/7/2 3 3,X,0.625,2,SLEEP,Z,0.0183241,0.07750614
3/7/5/7/6/3/3/7/1 3 3,X,0.75,2,SLEEP,Z,0.01081005,0.03762045
3/7/5/7/6/3/7/2/6 3 3,X,-0.6111111111111111111111111111,4,SLEEP,Z,0.04209665,0.1893401
3/7/5/7/6/3/7/2/5 3 3,X,-0.5555555555555555555555555555,4,SLEEP,Z,0.02592201,0.1102515
3/7/5/7/6/3/7/2/3 3 3,X,0.625,4,SLEEP,Z,0.02640422,0.09735026
3/7/5/7/6/3/7/6/4 3 3,Z,-0.6666666666666666666666666666,4,SLEEP,Z,0.06260783,0.2410794
3/7/5/7/6/3/7/6/2 3 3,Z,-0.6666666666666666666666666666,4,SLEEP,Z,0.02536846,0.1061468
3/7/5/7/6/3/7/6/1 3 3,Z,-0.6666666666666666666666666666,2,SLEEP,Z,0.02118301,0.07123905
3/7/5/7/6/3/7/5/4 3 3,X,-0.6111111111111111111111111111,8,SLEEP,Z,0.1057066,0.3676755
3/7/5/7/6/3/7/5/2 3 3,X,-0.5555555555555555555555555555,4,SLEEP,Z,0.03214366,0.1435888
3/7/5/7/6/3/7/5/1 3 3,X,0.625,4,SLEEP,Z,0.02977561,0.115628
3/7/5/7/6/3/7/3/4 3 3,X,-0.6111111111111111111111111111,8,SLEEP,Z,0.05401589,0.2534355
3/7/5/7/6/3/7/3/2 3 3,X,-0.5555555555555555555555555555,2,SLEEP,Z,0.02220181,0.09185792
3/7/5/7/6/3/7/3/1 3 3,X,0.625,2,SLEEP,Z,0.02422609,0.1012931
3/7/5/7/6/7/2/2/7 3 3,X,-0.5555555555555555555555555555,6,SLEEP,Z,0.02952971,0.1223917
3/7/5/7/6/7/2/6/6 3 3,X,-0.6111111111111111111111111111,4,SLEEP,Z,0.04534487,0.2063477
3/7/5/7/6/7/2/6/5 3 3,X,-0.5555555555555555555555555555,2,SLEEP,Z,0.02477292,0.09059208
3/7/5/7/6/7/2/6/3 3 3,X,0.625,4,SLEEP,Z,0.04051749,0.102918
3/7/5/7/6/7/2/5/6 3 3,X,-0.6111111111111111111111111111,8,SLEEP,Z,0.1257663,0.4124932
3/7/5/7/6/7/2/5/5 3 3,X,-0.5555555555555555555555555555,6,SLEEP,Z,0.09984372,0.2880247
3/7/5/7/6/7/2/5/3 3 3,X,0.625,4,SLEEP,Z,0.1715745,0.2349481
3/7/5/7/6/7/2/3/6 3 3,X,-0.6111111111111111111111111111,6,SLEEP,Z,0.1071955,0.3959081
3/7/5/7/6/7/2/3/5 3 3,X,-0.5555555555555555555555555555,4,SLEEP,Z,0.04346205,0.1726208
3/7/5/7/6/7/2/3/3 3 3,X,0.625,4,SLEEP,Z,0.2009967,0.2659077
3/7/5/7/6/7/2/7/4 3 3,X,-0.6111111111111111111111111111,8,SLEEP,Z,0.09751415,0.3375922
3/7/5/7/6/7/2/7/2 3 3,X,-0.5555555555555555555555555555,4,SLEEP,Z,0.03336294,0.1248367
3/7/5/7/6/7/2/7/1 3 3,X,0.625,2,SLEEP,Z,0.02088554,0.0763085
3/7/5/7/6/7/6/2/6 3 3,X,-0.6666666666666666666666666667,10,SLEEP,Z,0.07467119,0.3287036
3/7/5/7/6/7/6/2/5 3 3,X,-0.6111111111111111111111111111,6,SLEEP,Z,0.0643527,0.279311
3/7/5/7/6/7/6/2/3 3 3,X,0.8333333333333333333333333333,4,SLEEP,Z,0.03856047,0.1168939
3/7/5/7/6/7/6/6/4 3 3,X,-0.6666666666666666666666666667,10,SLEEP,Z,0.1112983,0.4277578
3/7/5/7/6/7/6/6/2 3 3,X,-0.6111111111111111111111111111,6,SLEEP,Z,0.04974871,0.2240717
3/7/5/7/6/7/6/6/1 3 3,X,0.8333333333333333333333333333,4,SLEEP,Z,0.0403009,0.1569905
3/7/5/7/6/7/6/5/4 3 3,X,-0.6666666666666666666666666667,10,SLEEP,Z,0.1427245,0.460172
3/7/5/7/6/7/6/5/2 3 3,X,-0.6111111111111111111111111111,8,SLEEP,Z,0.0537879,0.2272947
3/7/5/7/6/7/6/5/1 3 3,X,0.8333333333333333333333333333,4,SLEEP,Z,0.1118515,0.2541643
3/7/5/7/6/7/6/3/4 3 3,X,-0.6666666666666666666666666667,8,SLEEP,Z,0.07656512,0.3495478
3/7/5/7/6/7/6/3/2 3 3,X,-0.6111111111111111111111111111,4,SLEEP,Z,0.0418877,0.1771898
3/7/5/7/6/7/6/3/1 3 3,X,0.8333333333333333333333333333,4,SLEEP,Z,0.03453396,0.1490377
3/7/5/7/6/7/5/2/6 3 3,X,-0.6111111111111111111111111111,4,SLEEP,Z,0.0429326,0.1955751
3/7/5/7/6/7/5/2/5 3 3,X,-0.5555555555555555555555555555,4,SLEEP,Z,0.1261606,0.3424942
3/7/5/7/6/7/5/2/3 3 3,X,0.625,2,SLEEP,Z,0.008491675,0.03219664
3/7/5/7/6/7/5/6/4 3 3,X,-0.6111111111111111111111111111,6,SLEEP,Z,0.05433358,0.2390653
3/7/5/7/6/7/5/6/2 3 3,X,-0.5555555555555555555555555555,2,SLEEP,Z,0.04395327,0.1250429
3/7/5/7/6/7/5/6/1 3 3,X,0.625,4,SLEEP,Z,0.03421597,0.1376014
3/7/5/7/6/7/5/5/4 3 3,X,-0.6111111111111111111111111111,8,SLEEP,Z,0.0472945,0.221219
3/7/5/7/6/7/5/5/2 3 3,X,-0.5555555555555555555555555555,4,SLEEP,Z,0.03526881,0.14531
3/7/5/7/6/7/5/5/1 3 3,X,0.625,4,SLEEP,Z,0.0283233,0.102004
3/7/5/7/6/7/5/3/4 3 3,X,-0.6111111111111111111111111111,4,SLEEP,Z,0.04855874,0.2413108
3/7/5/7/6/7/5/3/2 3 3,X,-0.5555555555555555555555555555,4,SLEEP,Z,0.121042,0.3006371
3/7/5/7/6/7/5/3/1 3 3,X,0.625,4,SLEEP,Z,0.02287856,0.07356889
3/7/5/7/6/7/3/2/6 3 3,X,-0.8333333333333333333333333333,6,SLEEP,Z,0.0493348,0.2101683
3/7/5/7/6/7/3/2/5 3 3,X,0.625,2,SLEEP,Z,0.02207765,0.09302378
3/7/5/7/6/7/3/2/3 3 3,X,0.75,2,SLEEP,Z,0.01597842,0.07604533
3/7/5/7/6/7/3/6/4 3 3,X,-0.8333333333333333333333333333,4,SLEEP,Z,0.04063024,0.1573851
3/7/5/7/6/7/3/6/2 3 3,X,0.625,4,SLEEP,Z,0.1229706,0.2928259
3/7/5/7/6/7/3/6/1 3 3,X,0.75,2,SLEEP,Z,0.02753173,0.1012861
3/7/5/7/6/7/3/5/4 3 3,X,-0.8333333333333333333333333333,2,SLEEP,Z,0.02698276,0.1098236
3/7/5/7/6/7/3/5/2 3 3,X,0.625,4,SLEEP,Z,0.1022916,0.3347355
3/7/5/7/6/7/3/5/1 3 3,X,0.75,2,SLEEP,Z,0.1182288,0.183344
3/7/5/7/6/7/3/3/4 3 3,X,-0.8333333333333333333333333333,4,SLEEP,Z,0.02975925,0.1257867
3/7/5/7/6/7/3/3/2 3 3,X,0.625,2,SLEEP,Z,0.02404036,0.09604117
3/7/5/7/6/7/3/3/1 3 3,X,0.75,2,SLEEP,Z,0.0144817,0.05601562
3/7/5/7/6/7/7/2/4 3 3,X,-0.6111111111111111111111111111,6,SLEEP,Z,0.04997344,0.2232475
3/7/5/7/6/7/7/2/2 3 3,X,-0.5555555555555555555555555555,4,SLEEP,Z,0.03815202,0.1672578
3/7/5/7/6/7/7/2/1 3 3,X,0.625,2,SLEEP,Z,0.02050838,0.06877066
3/7/5/7/5/2/2/7/7 3 3,X,-0.5,4,SLEEP,Z,0.03253848,0.1218132
3/7/5/7/5/2/6/6/7 3 3,X,-0.5555555555555555555555555555,6,SLEEP,Z,0.05812898,0.2217846
3/7/5/7/5/2/6/5/7 3 3,X,-0.5555555555555555555555555555,6,SLEEP,Z,0.06296872,0.2288907
3/7/5/7/5/2/6/3/7 3 3,X,-0.5555555555555555555555555555,4,SLEEP,Z,0.0387475,0.1488749
3/7/5/7/5/2/6/7/6 3 3,X,-0.6111111111111111111111111111,6,SLEEP,Z,0.08683337,0.3506438
3/7/5/7/5/2/6/7/5 3 3,X,-0.5555555555555555555555555555,4,SLEEP,Z,0.1049501,0.2652112
3/7/5/7/5/2/6/7/3 3 3,X,0.7,4,SLEEP,Z,0.02968993,0.1086847
3/7/5/7/5/2/5/6/7 3 3,X,-0.5,4,SLEEP,Z,0.04093885,0.1330993
3/7/5/7/5/2/5/5/7 3 3,X,-0.5,2,SLEEP,Z,0.03348809,0.1427207
3/7/5/7/5/2/5/3/7 3 3,X,-0.5,2,SLEEP,Z,0.02991742,0.1226559
3/7/5/7/5/2/5/7/6 3 3,X,-0.5555555555555555555555555555,4,SLEEP,Z,0.05373236,0.1865032
3/7/5/7/5/2/5/7/5 3 3,X,-0.5,4,SLEEP,Z,0.03300545,0.1361016
3/7/5/7/5/2/5/7/3 3 3,X,-0.4444444444444444444444444445,4,SLEEP,Z,0.02287536,0.0987886
3/7/5/7/5/2/3/6/7 3 3,X,-0.5,4,SLEEP,Z,0.04001993,0.1186764
3/7/5/7/5/2/3/5/7 3 3,X,-0.5,4,SLEEP,Z,0.02747315,0.1284956
3/7/5/7/5/2/3/3/7 3 3,X,-0.5,6,SLEEP,Z,0.04126606,0.1748552
3/7/5/7/5/2/3/7/6 3 3,X,-0.7,4,SLEEP,Z,0.05358079,0.1628086
3/7/5/7/5/2/3/7/5 3 3,X,-0.5,2,SLEEP,Z,0.02261692,0.09704468
3/7/5/7/5/2/3/7/3 3 3,X,-0.3888888888888888888888888889,2,SLEEP,Z,0.02400287,0.1019269
3/7/5/7/5/2/7/2/7 3 3,X,-0.5,4,SLEEP,Z,0.02343864,0.0932829
3/7/5/7/5/2/7/6/6 3 3,X,-0.5555555555555555555555555555,4,SLEEP,Z,0.04673399,0.2116806
3/7/5/7/5/2/7/6/5 3 3,X,-0.5,6,SLEEP,Z,0.05519736,0.2618849
3/7/5/7/5/2/7/6/3 3 3,Z,0.5,4,SLEEP,Z,0.0242293,0.09673239
3/7/5/7/5/2/7/5/6 3 3,X,-0.5555555555555555555555555555,6,SLEEP,Z,0.03992786,0.2168486
3/7/5/7/5/2/7/5/5 3 3,X,-0.5,4,SLEEP,Z,0.02911601,0.1248388
3/7/5/7/5/2/7/5/3 3 3,X,-0.4444444444444444444444444445,2,SLEEP,Z,0.01637645,0.07468742
3/7/5/7/5/2/7/3/6 3 3,X,-0.5555555555555555555555555555,4,SLEEP,Z,0.08914451,0.2939157
3/7/5/7/5/2/7/3/5 3 3,X,-0.5,6,SLEEP,Z,0.04598726,0.1834305
3/7/5/7/5/2/7/3/3 3 3,Z,-0.5,2,SLEEP,Z,0.01399483,0.04780316
3/7/5/7/5/2/7/7/4 3 3,X,-0.5555555555555555555555555555,6,SLEEP,Z,0.04307643,0.1949301
3/7/5/7/5/2/7/7/2 3 3,X,-0.5,4,SLEEP,Z,0.03490506,0.1480578
3/7/5/7/5/2/7/7/1 3 3,X,-0.4444444444444444444444444445,4,SLEEP,Z,0.02057355,0.09924208
3/7/5/7/5/6/2/6/7 3 3,X,-0.5,6,SLEEP,Z,0.03344121,0.1351991
3/7/5/7/5/6/2/5/7 3 3,X,-0.5,2,SLEEP,Z,0.03390391,0.1089327
3/7/5/7/5/6/2/3/7 3 3,Z,0.6666666666666666666666666667,4,SLEEP,Z,0.03197237,0.1208111
3/7/5/7/5/6/2/7/6 3 3,X,-0.5555555555555555555555555555,6,SLEEP,Z,0.09134223,0.3141529
3/7/5/7/5/6/2/7/5 3 3,X,-0.5,2,SLEEP,Z,0.02810407,0.0819867
3/7/5/7/5/6/2/7/3 3 3,Z,0.5,2,SLEEP,Z,0.1395593,0.1804708
3/7/5/7/5/6/6/2/7 3 3,X,-0.5555555555555555555555555555,4,SLEEP,Z,0.04500272,0.1924371
3/7/5/7/5/6/6/6/6 3 3,X,-0.6111111111111111111111111111,8,SLEEP,Z,0.08545017,0.385818
3/7/5/7/5/6/6/6/5 3 3,X,-0.5555555555555555555555555555,4,SLEEP,Z,0.04912636,0.2433531
3/7/5/7/5/6/6/6/3 3 3,X,0.75,4,SLEEP,Z,0.03443052,0.1402644
3/7/5/7/5/6/6/5/6 3 3,X,-0.6111111111111111111111111111,8,SLEEP,Z,0.08518586,0.3693244
3/7/5/7/5/6/6/5/5 3 3,X,-0.5555555555555555555555555555,6,SLEEP,Z,0.03799393,0.161192
3/7/5/7/5/6/6/5/3 3 3,X,0.75,4,SLEEP,Z,0.02139141,0.09712726
3/7/5/7/5/6/6/3/6 3 3,Z,0.6666666666666666666666666667,6,SLEEP,Z,0.07672185,0.2633529
3/7/5/7/5/6/6/3/5 3 3,Z,0.6666666666666666666666666667,6,SLEEP,Z,0.04501612,0.1783355
3/7/5/7/5/6/6/3/3 3 3,X,0.75,2,SLEEP,Z,0.02621834,0.09506251
3/7/5/7/5/6/6/7/4 3 3,X,-0.6111111111111111111111111111,4,SLEEP,Z,0.06775165,0.3221924
3/7/5/7/5/6/6/7/2 3 3,X,-0.5555555555555555555555555555,4,SLEEP,Z,0.03473337,0.1505874
3/7/5/7/5/6/6/7/1 3 3,X,0.75,4,SLEEP,Z,0.03013746,0.1190889
3/7/5/7/5/6/5/2/7 3 3,X,-0.5,4,SLEEP,Z,0.03727123,0.1515782
3/7/5/7/5/6/5/6/6 3 3,X,-0.5555555555555555555555555555,6,SLEEP,Z,0.0349119,0.1596165
3/7/5/7/5/6/5/6/5 3 3,X,-0.5,4,SLEEP,Z,0.02992412,0.1394493
3/7/5/7/5/6/5/6/3 3 3,Z,0.5,4,SLEEP,Z,0.05788106,0.1543182
3/7/5/7/5/6/5/5/6 3 3,X,-0.5555555555555555555555555555,4,SLEEP,Z,0.03716122,0.168144
3/7/5/7/5/6/5/5/5 3 3,X,-0.5,6,SLEEP,Z,0.03608748,0.1956931
3/7/5/7/5/6/5/5/3 3 3,Z,0.5,2,SLEEP,Z,0.02238368,0.1113723
3/7/5/7/5/6/5/3/6 3 3,Z,0.6666666666666666666666666667,8,SLEEP,Z,0.07834969,0.3120238
3/7/5/7/5/6/5/3/5 3 3,Z,0.6666666666666666666666666667,4,SLEEP,Z,0.03280414,0.1530595
3/7/5/7/5/6/5/3/3 3 3,Z,0.6666666666666666666666666667,4,SLEEP,Z,0.03019958,0.1307401
3/7/5/7/5/6/5/7/4 3 3,X,-0.5555555555555555555555555555,6,SLEEP,Z,0.06248961,0.3012973
3/7/5/7/5/6/5/7/2 3 3,X,-0.5,4,SLEEP,Z,0.03197072,0.1427212
3/7/5/7/5/6/5/7/1 3 3,Z,0.5,4,SLEEP,Z,0.02516137,0.1203309
3/7/5/7/5/6/3/2/7 3 3,Z,0.5,4,SLEEP,Z,0.03134561,0.1364867
3/7/5/7/5/6/3/6/6 3 3,X,-0.75,6,SLEEP,Z,0.1285007,0.4023504
3/7/5/7/5/6/3/6/5 3 3,X,-0.5,2,SLEEP,Z,0.02731445,0.1227693
3/7/5/7/5/6/3/6/3 3 3,Z,0.5,2,SLEEP,Z,0.02220044,0.09569052
3/7/5/7/5/6/3/5/6 3 3,X,-0.75,4,SLEEP,Z,0.03378,0.1091514
3/7/5/7/5/6/3/5/5 3 3,Z,0.5,4,SLEEP,Z,0.02615407,0.1151405
3/7/5/7/5/6/3/5/3 3 3,Z,0.5,2,SLEEP,Z,0,0
3/7/5/7/5/6/3/3/6 3 3,X,-0.75,6,SLEEP,Z,0.05395783,0.1993266
3/7/5/7/5/6/3/3/5 3 3,Z,0.6666666666666666666666666667,2,SLEEP,Z,0.03086325,0.1384934
3/7/5/7/5/6/3/3/3 3 3,Z,0.6666666666666666666666666667,2,SLEEP,Z,0.02812694,0.1122338
3/7/5/7/5/6/3/7/4 3 3,X,-0.75,4,SLEEP,Z,0.03311753,0.1321265
3/7/5/7/5/6/3/7/2 3 3,Z,0.5,2,SLEEP,Z,0.04192943,0.1617833
3/7/5/7/5/6/3/7/1 3 3,Z,0.5,4,SLEEP,Z,0.02825144,0.1320136
3/7/5/7/5/6/7/2/6 3 3,X,-0.5555555555555555555555555555,6,SLEEP,Z,0.06292099,0.258903
3/7/5/7/5/6/7/2/5 3 3,X,-0.5,4,SLEEP,Z,0.02415529,0.1145545
3/7/5/7/5/6/7/2/3 3 3,Z,0.5,2,SLEEP,Z,0.02197091,0.091864
3/7/5/7/5/6/7/6/4 3 3,X,-0.5555555555555555555555555555,6,SLEEP,Z,0.04338744,0.1773397
3/7/5/7/5/6/7/6/2 3 3,X,-0.5,2,SLEEP,Z,0.03014959,0.1388623
3/7/5/7/5/6/7/6/1 3 3,Z,0.5,2,SLEEP,Z,0.02289394,0.1004245
3/7/5/7/5/6/7/5/4 3 3,X,-0.5555555555555555555555555555,6,SLEEP,Z,0.05257224,0.2367612
3/7/5/7/5/6/7/5/2 3 3,X,-0.5,4,SLEEP,Z,0.03484831,0.1575108
3/7/5/7/5/6/7/5/1 3 3,Z,0.5,4,SLEEP,Z,0.0497199,0.1745349
3/7/5/7/5/6/7/3/4 3 3,Z,0.6666666666666666666666666666,4,SLEEP,Z,0.07409295,0.3580038
3/7/5/7/5/6/7/3/2 3 3,Z,0.6666666666666666666666666666,4,SLEEP,Z,0.03750288,0.14808
3/7/5/7/5/6/7/3/1 3 3,Z,0.6666666666666666666666666666,4,SLEEP,Z,0.03713463,0.1298983
3/7/5/7/5/5/2/6/7 3 3,X,-0.5,6,SLEEP,Z,0.1105637,0.362302
3/7/5/7/5/5/2/5/7 3 3,X,-0.5,4,SLEEP,Z,0.05641728,0.1504406
3/7/5/7/5/5/2/3/7 3 3,X,-0.5,4,SLEEP,Z,0.05370902,0.1208671
3/7/5/7/5/5/2/7/6 3 3,X,-0.5555555555555555555555555555,4,SLEEP,Z,0.05696881,0.1694
3/7/5/7/5/5/2/7/5 3 3,X,-0.5,4,SLEEP,Z,0.03693333,0.1538749
3/7/5/7/5/5/2/7/3 3 3,X,-0.4444444444444444444444444445,2,SLEEP,Z,0.04450684,0.1540769
3/7/5/7/5/5/6/2/7 3 3,X,-0.5555555555555555555555555555,4,SLEEP,Z,0.03105211,0.1001258
3/7/5/7/5/5/6/6/6 3 3,X,-0.6111111111111111111111111111,8,SLEEP,Z,0.07721843,0.340021
3/7/5/7/5/5/6/6/5 3 3,X,-0.5555555555555555555555555555,6,SLEEP,Z,0.03590574,0.1545864
3/7/5/7/5/5/6/6/3 3 3,X,0.75,4,SLEEP,Z,0.02645918,0.1081783
3/7/5/7/5/5/6/5/6 3 3,X,-0.6111111111111111111111111111,6,SLEEP,Z,0.06319651,0.2835312
3/7/5/7/5/5/6/5/5 3 3,X,-0.5555555555555555555555555555,6,SLEEP,Z,0.07464363,0.2615738
3/7/5/7/5/5/6/5/3 3 3,X,0.75,4,SLEEP,Z,0.02471168,0.1180544
3/7/5/7/5/5/6/3/6 3 3,X,-0.6111111111111111111111111111,8,SLEEP,Z,0.08413529,0.3776395
3/7/5/7/5/5/6/3/5 3 3,X,-0.5555555555555555555555555555,4,SLEEP,Z,0.03406159,0.1396673
3/7/5/7/5/5/6/3/3 3 3,X,0.75,4,SLEEP,Z,0.04140227,0.1522676
3/7/5/7/5/5/6/7/4 3 3,X,-0.6111111111111111111111111111,8,SLEEP,Z,0.05996025,0.2798336
3/7/5/7/5/5/6/7/2 3 3,X,-0.5555555555555555555555555555,6,SLEEP,Z,0.05311282,0.233648
3/7/5/7/5/5/6/7/1 3 3,X,0.75,2,SLEEP,Z,0.04742234,0.144274
3/7/5/7/5/5/5/2/7 3 3,X,-0.5,6,SLEEP,Z,0.05651159,0.256028
3/7/5/7/5/5/5/6/6 3 3,X,-0.5555555555555555555555555555,6,SLEEP,Z,0.05783793,0.3785071
3/7/5/7/5/5/5/6/5 3 3,X,-0.5,4,SLEEP,Z,0.03792218,0.1264535
3/7/5/7/5/5/5/6/3 3 3,Z,0.5,4,SLEEP,Z,0.03997873,0.1941722
3/7/5/7/5/5/5/5/6 3 3,X,-0.5555555555555555555555555555,6,SLEEP,Z,0.06812084,0.3116055
3/7/5/7/5/5/5/5/5 3 3,X,-0.5,4,SLEEP,Z,0.04035108,0.193499
3/7/5/7/5/5/5/5/3 3 3,X,-0.4444444444444444444444444445,4,SLEEP,Z,0.05904297,0.2237771
3/7/5/7/5/5/5/3/6 3 3,X,-0.5555555555555555555555555555,6,SLEEP,Z,0.05061047,0.2333983
3/7/5/7/5/5/5/3/5 3 3,X,-0.5,4,SLEEP,Z,0.02678561,0.1218133
3/7/5/7/5/5/5/3/3 3 3,Z,-0.5,4,SLEEP,Z,0.04447146,0.2073531
3/7/5/7/5/5/5/7/4 3 3,X,-0.5555555555555555555555555555,6,SLEEP,Z,0.06990747,0.3069727
3/7/5/7/5/5/5/7/2 3 3,X,-0.5,4,SLEEP,Z,0.03516309,0.1632573
3/7/5/7/5/5/5/7/1 3 3,X,-0.4444444444444444444444444445,4,SLEEP,Z,0.02117578,0.09582659
3/7/5/7/5/5/3/2/7 3 3,X,-0.5,4,SLEEP,Z,0.04621183,0.1587167
3/7/5/7/5/5/3/6/6 3 3,X,-0.75,6,SLEEP,Z,0.08401928,0.2386131
3/7/5/7/5/5/3/6/5 3 3,X,-0.5,2,SLEEP,Z,0.03106768,0.1186687
3/7/5/7/5/5/3/6/3 3 3,Z,0.5,4,SLEEP,Z,0.03005754,0.1163308
3/7/5/7/5/5/3/5/6 3 3,X,-0.75,4,SLEEP,Z,0.07743599,0.2866332
3/7/5/7/5/5/3/5/5 3 3,X,-0.5,6,SLEEP,Z,0.03930265,0.1694249
3/7/5/7/5/5/3/5/3 3 3,X,-0.3888888888888888888888888889,2,SLEEP,Z,0.04748309,0.09986082
3/7/5/7/5/5/3/3/6 3 3,X,-0.75,6,SLEEP,Z,0.05899368,0.1944345
3/7/5/7/5/5/3/3/5 3 3,X,-0.5,2,SLEEP,Z,0.01402082,0.06137603
3/7/5/7/5/5/3/3/3 3 3,Z,-0.5,2,SLEEP,Z,0.01257181,0.0545385
3/7/5/7/5/5/3/7/4 3 3,X,-0.75,4,SLEEP,Z,0.02363365,0.1116487
3/7/5/7/5/5/3/7/2 3 3,X,-0.5,2,SLEEP,Z,0.04206974,0.1315587
3/7/5/7/5/5/3/7/1 3 3,X,-0.3888888888888888888888888889,4,SLEEP,Z,0.03392948,0.115067
3/7/5/7/5/5/7/2/6 3 3,X,-0.5555555555555555555555555555,6,SLEEP,Z,0.05216252,0.234128
3/7/5/7/5/5/7/2/5 3 3,X,-0.5,4,SLEEP,Z,0.02536685,0.1169298
3/7/5/7/5/5/7/2/3 3 3,X,-0.4444444444444444444444444445,4,SLEEP,Z,0.02462381,0.1086589
3/7/5/7/5/5/7/6/4 3 3,X,-0.5555555555555555555555555555,4,SLEEP,Z,0.04523963,0.2132726
3/7/5/7/5/5/7/6/2 3 3,X,-0.5,4,SLEEP,Z,0.03397767,0.1568312
3/7/5/7/5/5/7/6/1 3 3,Z,0.5,4,SLEEP,Z,0.03064253,0.1409885
3/7/5/7/5/5/7/5/4 3 3,X,-0.5555555555555555555555555555,4,SLEEP,Z,0.02897221,0.1332391
3/7/5/7/5/5/7/5/2 3 3,X,-0.5,4,SLEEP,Z,0.03011096,0.1338154
3/7/5/7/5/5/7/5/1 3 3,X,-0.4444444444444444444444444445,4,SLEEP,Z,0.03167029,0.1490939
3/7/5/7/5/5/7/3/4 3 3,X,-0.5555555555555555555555555555,2,SLEEP,Z,0.0288347,0.1329097
3/7/5/7/5/5/7/3/2 3 3,X,-0.5,4,SLEEP,Z,0.05567053,0.2505673
3/7/5/7/5/5/7/3/1 3 3,Z,-0.5,6,SLEEP,Z,0.04171911,0.1950565
3/7/5/7/5/3/2/6/7 3 3,Z,-0.6666666666666666666666666667,4,SLEEP,Z,0.04006955,0.1591587
3/7/5/7/5/3/2/5/7 3 3,X,-0.5,4,SLEEP,Z,0.02846612,0.143624
3/7/5/7/5/3/2/3/7 3 3,X,-0.5,4,SLEEP,Z,0.03750784,0.1446023
3/7/5/7/5/3/2/7/6 3 3,X,-0.5555555555555555555555555555,6,SLEEP,Z,0.03867445,0.1711927
3/7/5/7/5/3/2/7/5 3 3,X,-0.5,4,SLEEP,Z,0.03913821,0.1178114
3/7/5/7/5/3/2/7/3 3 3,Z,-0.5,2,SLEEP,Z,0.01962698,0.08030771
3/7/5/7/5/3/6/2/7 3 3,X,-0.5555555555555555555555555555,6,SLEEP,Z,0.03694785,0.1481354
3/7/5/7/5/3/6/6/6 3 3,Z,-0.6666666666666666666666666667,6,SLEEP,Z,0.06654701,0.2880222
3/7/5/7/5/3/6/6/5 3 3,Z,-0.6666666666666666666666666667,6,SLEEP,Z,0.1155713,0.3879701
3/7/5/7/5/3/6/6/3 3 3,X,0.75,4,SLEEP,Z,0.1794673,0.2847623
3/7/5/7/5/3/6/5/6 3 3,X,-0.6111111111111111111111111111,6,SLEEP,Z,0.06660584,0.2883136
3/7/5/7/5/3/6/5/5 3 3,X,-0.5555555555555555555555555555,6,SLEEP,Z,0.03991927,0.1720316
3/7/5/7/5/3/6/5/3 3 3,X,0.75,2,SLEEP,Z,0.03344792,0.1021714
3/7/5/7/5/3/6/3/6 3 3,X,-0.6111111111111111111111111111,8,SLEEP,Z,0.0913079,0.3978523
3/7/5/7/5/3/6/3/5 3 3,X,-0.5555555555555555555555555555,6,SLEEP,Z,0.04101801,0.1743286
3/7/5/7/5/3/6/3/3 3 3,X,0.75,4,SLEEP,Z,0.04532423,0.1170991
3/7/5/7/5/3/6/7/4 3 3,X,-0.6111111111111111111111111111,6,SLEEP,Z,0.06921326,0.3223104
3/7/5/7/5/3/6/7/2 3 3,X,-0.5555555555555555555555555555,4,SLEEP,Z,0.04503871,0.1899343
3/7/5/7/5/3/6/7/1 3 3,X,0.75,4,SLEEP,Z,0.03538905,0.143134
3/7/5/7/5/3/5/2/7 3 3,X,-0.5,2,SLEEP,Z,0.03111998,0.1106756
3/7/5/7/5/3/5/6/6 3 3,Z,-0.6666666666666666666666666667,4,SLEEP,Z,0.06300537,0.2971701
3/7/5/7/5/3/5/6/5 3 3,Z,-0.6666666666666666666666666667,4,SLEEP,Z,0.05752525,0.2676333
3/7/5/7/5/3/5/6/3 3 3,Z,-0.6666666666666666666666666667,4,SLEEP,Z,0.1305205,0.3473012
3/7/5/7/5/3/5/5/6 3 3,X,-0.5555555555555555555555555555,8,SLEEP,Z,0.09810834,0.3750139
3/7/5/7/5/3/5/5/5 3 3,X,-0.5,4,SLEEP,Z,0.03641748,0.1241596
3/7/5/7/5/3/5/5/3 3 3,Z,-0.5,2,SLEEP,Z,0.01660774,0.08133784
3/7/5/7/5/3/5/3/6 3 3,X,-0.5555555555555555555555555555,8,SLEEP,Z,0.09820495,0.3804182
3/7/5/7/5/3/5/3/5 3 3,X,-0.5,4,SLEEP,Z,0.03534007,0.1644165
3/7/5/7/5/3/5/3/3 3 3,Z,-0.5,4,SLEEP,Z,0.05909954,0.2186111
3/7/5/7/5/3/5/7/4 3 3,X,-0.5555555555555555555555555555,4,SLEEP,Z,0.05331092,0.2177585
3/7/5/7/5/3/5/7/2 3 3,X,-0.5,4,SLEEP,Z,0.04941788,0.196252
3/7/5/7/5/3/5/7/1 3 3,Z,-0.5,4,SLEEP,Z,0.03507371,0.1551269
3/7/5/7/5/3/3/2/7 3 3,Z,-0.5,4,SLEEP,Z,0.07707605,0.1886473
3/7/5/7/5/3/3/6/6 3 3,X,-0.75,6,SLEEP,Z,0.05314839,0.1845008
3/7/5/7/5/3/3/6/5 3 3,Z,-0.6666666666666666666666666667,2,SLEEP,Z,0.01656443,0.07277732
3/7/5/7/5/3/3/6/3 3 3,Z,-0.6666666666666666666666666667,4,SLEEP,Z,0.01817077,0.07480197
3/7/5/7/5/3/3/5/6 3 3,X,-0.75,4,SLEEP,Z,0.07041039,0.2261647
3/7/5/7/5/3/3/5/5 3 3,Z,-0.5,4,SLEEP,Z,0.08624426,0.3736713
3/7/5/7/5/3/3/5/3 3 3,Z,-0.5,2,SLEEP,Z,0.0120232,0.05252726
3/7/5/7/5/3/3/3/6 3 3,X,-0.75,4,SLEEP,Z,0.08342607,0.3767328
3/7/5/7/5/3/3/3/5 3 3,X,-0.5,4,SLEEP,Z,0.03934418,0.1645841
3/7/5/7/5/3/3/3/3 3 3,Z,-0.5,4,SLEEP,Z,0.02307647,0.1074883
3/7/5/7/5/3/3/7/4 3 3,X,-0.75,6,SLEEP,Z,0.06435133,0.1820191
3/7/5/7/5/3/3/7/2 3 3,Z,-0.5,4,SLEEP,Z,0.02957439,0.1197252
3/7/5/7/5/3/3/7/1 3 3,Z,-0.5,4,SLEEP,Z,0.06201607,0.1843639
3/7/5/7/5/3/7/2/6 3 3,X,-0.5555555555555555555555555555,6,SLEEP,Z,0.04659813,0.2130662
3/7/5/7/5/3/7/2/5 3 3,X,-0.5,4,SLEEP,Z,0.03812674,0.1423306
3/7/5/7/5/3/7/2/3 3 3,Z,-0.5,2,SLEEP,Z,0.02437451,0.1187275
3/7/5/7/5/3/7/6/4 3 3,Z,-0.6666666666666666666666666666,4,SLEEP,Z,0.04019692,0.1845862
3/7/5/7/5/3/7/6/2 3 3,Z,-0.6666666666666666666666666666,6,SLEEP,Z,0.05213627,0.2295336
3/7/5/7/5/3/7/6/1 3 3,Z,-0.6666666666666666666666666666,4,SLEEP,Z,0.03043125,0.1298565
3/7/5/7/5/3/7/5/4 3 3,X,-0.5555555555555555555555555555,4,SLEEP,Z,0.03881768,0.1855764
3/7/5/7/5/3/7/5/2 3 3,X,-0.5,4,SLEEP,Z,0.03307207,0.1502335
3/7/5/7/5/3/7/5/1 3 3,Z,-0.5,4,SLEEP,Z,0.03007702,0.1433462
3/7/5/7/5/3/7/3/4 3 3,X,-0.5555555555555555555555555555,4,SLEEP,Z,0.06795822,0.3008374
3/7/5/7/5/3/7/3/2 3 3,X,-0.5,4,SLEEP,Z,0.0395552,0.1818313
3/7/5/7/5/3/7/3/1 3 3,Z,-0.5,4,SLEEP,Z,0.0276506,0.1268367
3/7/5/7/5/7/2/2/7 3 3,X,-0.5,4,SLEEP,Z,0.04237005,0.1537026
3/7/5/7/5/7/2/6/6 3 3,X,-0.5555555555555555555555555555,6,SLEEP,Z,0.1055702,0.3329273
3/7/5/7/5/7/2/6/5 3 3,X,-0.5,6,SLEEP,Z,0.07857227,0.3432989
3/7/5/7/5/7/2/6/3 3 3,X,0.5,2,SLEEP,Z,0.02476779,0.08969442
3/7/5/7/5/7/2/5/6 3 3,X,-0.5555555555555555555555555555,4,SLEEP,Z,0.05304061,0.1836714
3/7/5/7/5/7/2/5/5 3 3,X,-0.5,2,SLEEP,Z,0.03408643,0.1404973
3/7/5/7/5/7/2/5/3 3 3,X,0.5,2,SLEEP,Z,0.1353663,0.2262838
3/7/5/7/5/7/2/3/6 3 3,X,-0.5555555555555555555555555555,6,SLEEP,Z,0.08318481,0.2915755
3/7/5/7/5/7/2/3/5 3 3,X,-0.5,4,SLEEP,Z,0.02927447,0.1212632
3/7/5/7/5/7/2/3/3 3 3,X,0.5,4,SLEEP,Z,0.03263727,0.1194257
3/7/5/7/5/7/2/7/4 3 3,X,-0.5555555555555555555555555555,4,SLEEP,Z,0.05623471,0.2168448
3/7/5/7/5/7/2/7/2 3 3,X,-0.5,4,SLEEP,Z,0.07110967,0.2473836
3/7/5/7/5/7/2/7/1 3 3,X,0.5,2,SLEEP,Z,0,0
3/7/5/7/5/7/6/2/6 3 3,X,-0.6111111111111111111111111111,8,SLEEP,Z,0.08231567,0.373265
3/7/5/7/5/7/6/2/5 3 3,X,-0.5555555555555555555555555555,4,SLEEP,Z,0.04586748,0.2516651
3/7/5/7/5/7/6/2/3 3 3,X,0.8333333333333333333333333333,6,SLEEP,Z,0.0384177,0.1672151
3/7/5/7/5/7/6/6/4 3 3,X,-0.6111111111111111111111111111,4,SLEEP,Z,0.05407237,0.240581
3/7/5/7/5/7/6/6/2 3 3,X,-0.5555555555555555555555555555,4,SLEEP,Z,0.03769985,0.1489117
3/7/5/7/5/7/6/6/1 3 3,X,0.8333333333333333333333333333,2,SLEEP,Z,0.03546389,0.1340021
3/7/5/7/5/7/6/5/4 3 3,X,-0.6111111111111111111111111111,4,SLEEP,Z,0.05622663,0.291794
3/7/5/7/5/7/6/5/2 3 3,X,-0.5555555555555555555555555555,4,SLEEP,Z,0.08525262,0.2865997
3/7/5/7/5/7/6/5/1 3 3,X,0.8333333333333333333333333333,4,SLEEP,Z,0.02729186,0.1221823
3/7/5/7/5/7/6/3/4 3 3,X,-0.6111111111111111111111111111,4,SLEEP,Z,0.05866316,0.2728789
3/7/5/7/5/7/6/3/2 3 3,X,-0.5555555555555555555555555555,4,SLEEP,Z,0.04629641,0.2392474
3/7/5/7/5/7/6/3/1 3 3,X,0.8333333333333333333333333333,4,SLEEP,Z,0.04399851,0.1757971
3/7/5/7/5/7/5/2/6 3 3,X,-0.5555555555555555555555555555,4,SLEEP,Z,0.03510851,0.1652348
3/7/5/7/5/7/5/2/5 3 3,X,-0.5,4,SLEEP,Z,0.04044769,0.1741175
3/7/5/7/5/7/5/2/3 3 3,X,-0.4444444444444444444444444445,2,SLEEP,Z,0.03374372,0.1307939
3/7/5/7/5/7/5/6/4 3 3,X,-0.5555555555555555555555555555,6,SLEEP,Z,0.05213428,0.2243793
3/7/5/7/5/7/5/6/2 3 3,X,-0.5,4,SLEEP,Z,0.03114625,0.1394344
3/7/5/7/5/7/5/6/1 3 3,Z,0.5,4,SLEEP,Z,0.02719887,0.128749
3/7/5/7/5/7/5/5/4 3 3,X,-0.5555555555555555555555555555,6,SLEEP,Z,0.03752375,0.1790251
3/7/5/7/5/7/5/5/2 3 3,X,-0.5,2,SLEEP,Z,0.02722473,0.1182507
3/7/5/7/5/7/5/5/1 3 3,X,-0.4444444444444444444444444445,4,SLEEP,Z,0.06283198,0.3196724
3/7/5/7/5/7/5/3/4 3 3,X,-0.5555555555555555555555555555,6,SLEEP,Z,0.03994367,0.1468063
3/7/5/7/5/7/5/3/2 3 3,X,-0.5,4,SLEEP,Z,0.03247446,0.1455293
3/7/5/7/5/7/5/3/1 3 3,Z,-0.5,4,SLEEP,Z,0.03307961,0.1591562
3/7/5/7/5/7/3/2/6 3 3,X,-0.8333333333333333333333333333,4,SLEEP,Z,0.05628006,0.2439361
3/7/5/7/5/7/3/2/5 3 3,X,-0.5,2,SLEEP,Z,0.02323426,0.1085984
3/7/5/7/5/7/3/2/3 3 3,X,-0.3888888888888888888888888889,2,SLEEP,Z,0.03889334,0.1547331
3/7/5/7/5/7/3/6/4 3 3,X,-0.8333333333333333333333333333,4,SLEEP,Z,0.03348002,0.1392463
3/7/5/7/5/7/3/6/2 3 3,X,-0.5,2,SLEEP,Z,0.0277919,0.1199454
3/7/5/7/5/7/3/6/1 3 3,Z,0.5,2,SLEEP,Z,0.01522858,0.0779893
3/7/5/7/5/7/3/5/4 3 3,X,-0.8333333333333333333333333333,6,SLEEP,Z,0.03752054,0.1682123
3/7/5/7/5/7/3/5/2 3 3,X,-0.5,2,SLEEP,Z,0.02503205,0.1018953
3/7/5/7/5/7/3/5/1 3 3,X,-0.3888888888888888888888888889,4,SLEEP,Z,0.0492508,0.3044679
3/7/5/7/5/7/3/3/4 3 3,X,-0.8333333333333333333333333333,4,SLEEP,Z,0.05124992,0.1623434
3/7/5/7/5/7/3/3/2 3 3,X,-0.5,4,SLEEP,Z,0.03825185,0.1622514
3/7/5/7/5/7/3/3/1 3 3,Z,-0.5,4,SLEEP,Z,0.03457456,0.1573348
3/7/5/7/5/7/7/2/4 3 3,X,-0.5555555555555555555555555555,6,SLEEP,Z,0.06888371,0.3019886
3/7/5/7/5/7/7/2/2 3 3,X,-0.5,4,SLEEP,Z,0.03286043,0.1503586
3/7/5/7/5/7/7/2/1 3 3,X,-0.4444444444444444444444444445,2,SLEEP,Z,0.01702927,0.07677907
3/7/5/7/3/2/2/7/7 3 3,X,-0.5,2,SLEEP,Z,0.04134806,0.1441441
3/7/5/7/3/2/6/6/7 3 3,X,-0.625,6,SLEEP,Z,0.08239137,0.2766393
3/7/5/7/3/2/6/5/7 3 3,X,-0.625,6,SLEEP,Z,0.05610316,0.1861116
3/7/5/7/3/2/6/3/7 3 3,X,-0.625,6,SLEEP,Z,0.0532776,0.1912358
3/7/5/7/3/2/6/7/6 3 3,X,-0.75,6,SLEEP,Z,0.06289764,0.2438593
3/7/5/7/3/2/6/7/5 3 3,X,-0.625,4,SLEEP,Z,0.03900238,0.1465877
3/7/5/7/3/2/6/7/3 3 3,X,0.7,4,SLEEP,Z,0.1216183,0.3710491
3/7/5/7/3/2/5/6/7 3 3,X,-0.5,6,SLEEP,Z,0.04870783,0.17971
3/7/5/7/3/2/5/5/7 3 3,X,-0.5,4,SLEEP,Z,0.04939255,0.1521888
3/7/5/7/3/2/5/3/7 3 3,X,-0.5,4,SLEEP,Z,0.02945779,0.1319229
3/7/5/7/3/2/5/7/6 3 3,X,-0.625,6,SLEEP,Z,0.04850449,0.2187288
3/7/5/7/3/2/5/7/5 3 3,X,-0.5,4,SLEEP,Z,0.03864186,0.173803
3/7/5/7/3/2/5/7/3 3 3,X,-0.3888888888888888888888888889,4,SLEEP,Z,0.03717732,0.1290255
3/7/5/7/3/2/3/6/7 3 3,X,-0.5,4,SLEEP,Z,0.0467501,0.1794792
3/7/5/7/3/2/3/5/7 3 3,X,-0.5,6,SLEEP,Z,0.04192123,0.1681059
3/7/5/7/3/2/3/3/7 3 3,X,-0.5,10,SLEEP,Z,0.09917662,0.2278812
3/7/5/7/3/2/3/7/6 3 3,X,-0.7,4,SLEEP,Z,0.06134719,0.1893976
3/7/5/7/3/2/3/7/5 3 3,X,-0.5,4,SLEEP,Z,0.03246925,0.1286916
3/7/5/7/3/2/3/7/3 3 3,X,-0.3333333333333333333333333333,4,SLEEP,Z,0.03298015,0.1304291
3/7/5/7/3/2/7/2/7 3 3,X,-0.5,2,SLEEP,Z,0.03939917,0.1514373
3/7/5/7/3/2/7/6/6 3 3,X,-0.625,8,SLEEP,Z,0.07279117,0.288606
3/7/5/7/3/2/7/6/5 3 3,X,-0.5,2,SLEEP,Z,0.05406836,0.1388475
3/7/5/7/3/2/7/6/3 3 3,Z,0.5,6,SLEEP,Z,0.07680638,0.253042
3/7/5/7/3/2/7/5/6 3 3,X,-0.625,2,SLEEP,Z,0.03980116,0.1566964
3/7/5/7/3/2/7/5/5 3 3,X,-0.5,6,SLEEP,Z,0.05664342,0.2144784
3/7/5/7/3/2/7/5/3 3 3,X,-0.3888888888888888888888888889,4,SLEEP,Z,0.03053285,0.1256663
3/7/5/7/3/2/7/3/6 3 3,X,-0.625,4,SLEEP,Z,0.05399177,0.2189982
3/7/5/7/3/2/7/3/5 3 3,X,-0.5,6,SLEEP,Z,0.06052575,0.2329718
3/7/5/7/3/2/7/3/3 3 3,Z,-0.5,6,SLEEP,Z,0.03436159,0.09728739
3/7/5/7/3/2/7/7/4 3 3,X,-0.625,4,SLEEP,Z,0.05450882,0.2146445
3/7/5/7/3/2/7/7/2 3 3,X,-0.5,4,SLEEP,Z,0.04133821,0.1687638
3/7/5/7/3/2/7/7/1 3 3,X,-0.3888888888888888888888888889,4,SLEEP,Z,0.03633298,0.1503802
3/7/5/7/3/6/2/6/7 3 3,X,-0.5,4,SLEEP,Z,0.04675009,0.1393227
3/7/5/7/3/6/2/5/7 3 3,X,-0.5,4,SLEEP,Z,0.06638299,0.2238919
3/7/5/7/3/6/2/3/7 3 3,Z,0.6666666666666666666666666667,4,SLEEP,Z,0.1041195,0.2503796
3/7/5/7/3/6/2/7/6 3 3,X,-0.625,6,SLEEP,Z,0.09082996,0.3105862
3/7/5/7/3/6/2/7/5 3 3,X,-0.5,4,SLEEP,Z,0.07260895,0.2085812
3/7/5/7/3/6/2/7/3 3 3,Z,0.5,4,SLEEP,Z,0.09865321,0.167294
3/7/5/7/3/6/6/2/7 3 3,X,-0.625,2,SLEEP,Z,0.04287564,0.1683254
3/7/5/7/3/6/6/6/6 3 3,X,-0.75,8,SLEEP,Z,0.1283633,0.4204268
3/7/5/7/3/6/6/6/5 3 3,X,-0.625,4,SLEEP,Z,0.05584245,0.2158779
3/7/5/7/3/6/6/6/3 3 3,X,0.75,4,SLEEP,Z,0.12484,0.2521314
3/7/5/7/3/6/6/5/6 3 3,X,-0.75,8,SLEEP,Z,0.07478142,0.3188515
3/7/5/7/3/6/6/5/5 3 3,X,-0.625,4,SLEEP,Z,0.04749819,0.1862564
3/7/5/7/3/6/6/5/3 3 3,X,0.75,4,SLEEP,Z,0.0367175,0.139007
3/7/5/7/3/6/6/3/6 3 3,X,-0.75,6,SLEEP,Z,0.1441423,0.3563533
3/7/5/7/3/6/6/3/5 3 3,Z,0.6666666666666666666666666667,4,SLEEP,Z,0.04869589,0.2033515
3/7/5/7/3/6/6/3/3 3 3,X,0.75,4,SLEEP,Z,0.03212946,0.105088
3/7/5/7/3/6/6/7/4 3 3,X,-0.75,8,SLEEP,Z,0.07631479,0.3307351
3/7/5/7/3/6/6/7/2 3 3,X,-0.625,4,SLEEP,Z,0.05179657,0.1847672
3/7/5/7/3/6/6/7/1 3 3,X,0.75,2,SLEEP,Z,0.05994904,0.193993
3/7/5/7/3/6/5/2/7 3 3,X,-0.5,6,SLEEP,Z,0.03956274,0.241721
3/7/5/7/3/6/5/6/6 3 3,X,-0.625,4,SLEEP,Z,0.03695058,0.1571103
3/7/5/7/3/6/5/6/5 3 3,X,-0.5,6,SLEEP,Z,0.0701836,0.2848901
3/7/5/7/3/6/5/6/3 3 3,Z,0.5,2,SLEEP,Z,0.02451623,0.1018521
3/7/5/7/3/6/5/5/6 3 3,X,-0.625,6,SLEEP,Z,0.07001486,0.2294618
3/7/5/7/3/6/5/5/5 3 3,X,-0.5,4,SLEEP,Z,0.0552079,0.2150248
3/7/5/7/3/6/5/5/3 3 3,Z,0.5,4,SLEEP,Z,0.03681432,0.1568024
3/7/5/7/3/6/5/3/6 3 3,Z,0.6666666666666666666666666667,6,SLEEP,Z,0.1224759,0.3063928
3/7/5/7/3/6/5/3/5 3 3,Z,0.6666666666666666666666666667,4,SLEEP,Z,0.05143785,0.203853
3/7/5/7/3/6/5/3/3 3 3,Z,0.6666666666666666666666666667,2,SLEEP,Z,0.0445483,0.09413531
3/7/5/7/3/6/5/7/4 3 3,X,-0.625,4,SLEEP,Z,0.04147569,0.1706286
3/7/5/7/3/6/5/7/2 3 3,X,-0.5,4,SLEEP,Z,0.03831603,0.1425241
3/7/5/7/3/6/5/7/1 3 3,Z,0.5,2,SLEEP,Z,0.02758884,0.112587
3/7/5/7/3/6/3/2/7 3 3,Z,0.5,4,SLEEP,Z,0.04304092,0.167895
3/7/5/7/3/6/3/6/6 3 3,X,-0.75,6,SLEEP,Z,0.0888131,0.2838021
3/7/5/7/3/6/3/6/5 3 3,X,-0.5,4,SLEEP,Z,0.04109533,0.1633611
3/7/5/7/3/6/3/6/3 3 3,Z,0.5,2,SLEEP,Z,0.02166008,0.04770534
3/7/5/7/3/6/3/5/6 3 3,X,-0.75,4,SLEEP,Z,0.1126872,0.3860804
3/7/5/7/3/6/3/5/5 3 3,Z,0.5,2,SLEEP,Z,0.02656392,0.1168959
3/7/5/7/3/6/3/5/3 3 3,Z,0.5,2,SLEEP,Z,0.01349537,0.06219369
3/7/5/7/3/6/3/3/6 3 3,X,-0.75,6,SLEEP,Z,0.07038034,0.1967575
3/7/5/7/3/6/3/3/5 3 3,Z,0.6666666666666666666666666667,2,SLEEP,Z,0.02262714,0.08968065
3/7/5/7/3/6/3/3/3 3 3,Z,0.6666666666666666666666666667,4,SLEEP,Z,0.0388899,0.07856411
3/7/5/7/3/6/3/7/4 3 3,X,-0.75,4,SLEEP,Z,0.08862437,0.2340739
3/7/5/7/3/6/3/7/2 3 3,Z,0.5,4,SLEEP,Z,0.05350222,0.1780401
3/7/5/7/3/6/3/7/1 3 3,Z,0.5,2,SLEEP,Z,0.01405701,0.05596504
3/7/5/7/3/6/7/2/6 3 3,X,-0.625,6,SLEEP,Z,0.08382148,0.3237444
3/7/5/7/3/6/7/2/5 3 3,X,-0.5,2,SLEEP,Z,0.02620422,0.1127151
3/7/5/7/3/6/7/2/3 3 3,Z,0.5,4,SLEEP,Z,0.0539265,0.1555993
3/7/5/7/3/6/7/6/4 3 3,X,-0.625,4,SLEEP,Z,0.04998014,0.1858136
3/7/5/7/3/6/7/6/2 3 3,X,-0.5,4,SLEEP,Z,0.04963508,0.1947401
3/7/5/7/3/6/7/6/1 3 3,Z,0.5,2,SLEEP,Z,0.01788531,0.07821025
3/7/5/7/3/6/7/5/4 3 3,X,-0.625,6,SLEEP,Z,0.08304692,0.2864751
3/7/5/7/3/6/7/5/2 3 3,X,-0.5,4,SLEEP,Z,0.03479261,0.1364724
3/7/5/7/3/6/7/5/1 3 3,Z,0.5,2,SLEEP,Z,0.0169071,0.07608359
3/7/5/7/3/6/7/3/4 3 3,Z,0.6666666666666666666666666666,6,SLEEP,Z,0.05497847,0.1799059
3/7/5/7/3/6/7/3/2 3 3,Z,0.6666666666666666666666666666,4,SLEEP,Z,0.03334136,0.1455484
3/7/5/7/3/6/7/3/1 3 3,Z,0.6666666666666666666666666666,4,SLEEP,Z,0.03592344,0.1260802
3/7/5/7/3/5/2/6/7 3 3,X,-0.5,2,SLEEP,Z,0.03440706,0.1188787
3/7/5/7/3/5/2/5/7 3 3,X,-0.5,6,SLEEP,Z,0.07007615,0.24551
3/7/5/7/3/5/2/3/7 3 3,X,-0.5,4,SLEEP,Z,0.08254385,0.2188244
3/7/5/7/3/5/2/7/6 3 3,X,-0.625,4,SLEEP,Z,0.06260958,0.2156582
3/7/5/7/3/5/2/7/5 3 3,X,-0.5,4,SLEEP,Z,0.0770177,0.2438206
3/7/5/7/3/5/2/7/3 3 3,X,0.4,2,SLEEP,Z,0.04744243,0.09693305
3/7/5/7/3/5/6/2/7 3 3,X,-0.625,6,SLEEP,Z,0.05904127,0.2655036
3/7/5/7/3/5/6/6/6 3 3,X,-0.75,8,SLEEP,Z,0.1042334,0.3831322
3/7/5/7/3/5/6/6/5 3 3,X,-0.625,4,SLEEP,Z,0.03350361,0.1379096
3/7/5/7/3/5/6/6/3 3 3,X,0.75,2,SLEEP,Z,0.03742174,0.1313719
3/7/5/7/3/5/6/5/6 3 3,X,-0.75,8,SLEEP,Z,0.08766859,0.3571153
3/7/5/7/3/5/6/5/5 3 3,X,-0.625,6,SLEEP,Z,0.06345718,0.2185119
3/7/5/7/3/5/6/5/3 3 3,X,0.75,4,SLEEP,Z,0.05256678,0.1758794
3/7/5/7/3/5/6/3/6 3 3,X,-0.75,10,SLEEP,Z,0.1209167,0.4167208
3/7/5/7/3/5/6/3/5 3 3,X,-0.625,4,SLEEP,Z,0.06255536,0.2097424
3/7/5/7/3/5/6/3/3 3 3,X,0.75,2,SLEEP,Z,0.03390639,0.1132436
3/7/5/7/3/5/6/7/4 3 3,X,-0.75,6,SLEEP,Z,0.1486799,0.396792
3/7/5/7/3/5/6/7/2 3 3,X,-0.625,6,SLEEP,Z,0.05312006,0.1833987
3/7/5/7/3/5/6/7/1 3 3,X,0.75,4,SLEEP,Z,0.05063775,0.1725739
3/7/5/7/3/5/5/2/7 3 3,X,-0.5,4,SLEEP,Z,0.0500109,0.1643989
3/7/5/7/3/5/5/6/6 3 3,X,-0.625,4,SLEEP,Z,0.0516416,0.2255536
3/7/5/7/3/5/5/6/5 3 3,X,-0.5,4,SLEEP,Z,0.06181815,0.2178985
3/7/5/7/3/5/5/6/3 3 3,Z,0.5,4,SLEEP,Z,0.0565253,0.3476696
3/7/5/7/3/5/5/5/6 3 3,X,-0.625,4,SLEEP,Z,0.05712986,0.1620404
3/7/5/7/3/5/5/5/5 3 3,X,-0.5,2,SLEEP,Z,0.03158853,0.1257948
3/7/5/7/3/5/5/5/3 3 3,X,-0.3888888888888888888888888889,4,SLEEP,Z,0.04434968,0.349166
3/7/5/7/3/5/5/3/6 3 3,X,-0.625,6,SLEEP,Z,0.06033778,0.2054811
3/7/5/7/3/5/5/3/5 3 3,X,-0.5,2,SLEEP,Z,0.03739545,0.1449658
3/7/5/7/3/5/5/3/3 3 3,Z,-0.5,4,SLEEP,Z,0.0289808,0.1259583
3/7/5/7/3/5/5/7/4 3 3,X,-0.625,4,SLEEP,Z,0.04918454,0.2176705
3/7/5/7/3/5/5/7/2 3 3,X,-0.5,4,SLEEP,Z,0.05105142,0.1895525
3/7/5/7/3/5/5/7/1 3 3,X,-0.3888888888888888888888888889,2,SLEEP,Z,0.02604772,0.1192424
3/7/5/7/3/5/3/2/7 3 3,X,-0.5,6,SLEEP,Z,0.04704656,0.1685525
3/7/5/7/3/5/3/6/6 3 3,X,-0.75,4,SLEEP,Z,0.05263395,0.1811706
3/7/5/7/3/5/3/6/5 3 3,X,-0.5,2,SLEEP,Z,0.03695312,0.1401893
3/7/5/7/3/5/3/6/3 3 3,Z,0.5,2,SLEEP,Z,0.02035489,0.08248609
3/7/5/7/3/5/3/5/6 3 3,X,-0.75,4,SLEEP,Z,0.07878232,0.2472065
3/7/5/7/3/5/3/5/5 3 3,X,-0.5,4,SLEEP,Z,0.05819973,0.2004838
3/7/5/7/3/5/3/5/3 3 3,X,-0.3333333333333333333333333333,2,SLEEP,Z,0.02231633,0.08762682
3/7/5/7/3/5/3/3/6 3 3,X,-0.75,6,SLEEP,Z,0.09816566,0.2770304
3/7/5/7/3/5/3/3/5 3 3,X,-0.5,4,SLEEP,Z,0.02743245,0.1120572
3/7/5/7/3/5/3/3/3 3 3,Z,-0.5,4,SLEEP,Z,0.02615534,0.1157901
3/7/5/7/3/5/3/7/4 3 3,X,-0.75,4,SLEEP,Z,0.06204563,0.2214638
3/7/5/7/3/5/3/7/2 3 3,X,-0.5,4,SLEEP,Z,0.06698843,0.3411582
3/7/5/7/3/5/3/7/1 3 3,X,-0.3333333333333333333333333333,2,SLEEP,Z,0.01441718,0.06182934
3/7/5/7/3/5/7/2/6 3 3,X,-0.625,4,SLEEP,Z,0.05800273,0.2076445
3/7/5/7/3/5/7/2/5 3 3,X,-0.5,4,SLEEP,Z,0.05957879,0.2278634
3/7/5/7/3/5/7/2/3 3 3,X,-0.3888888888888888888888888889,2,SLEEP,Z,0.02061794,0.08813632
3/7/5/7/3/5/7/6/4 3 3,X,-0.625,6,SLEEP,Z,0.07986593,0.2884473
3/7/5/7/3/5/7/6/2 3 3,X,-0.5,4,SLEEP,Z,0.03127596,0.1333458
3/7/5/7/3/5/7/6/1 3 3,Z,0.5,4,SLEEP,Z,0.05305202,0.1486477
3/7/5/7/3/5/7/5/4 3 3,X,-0.625,4,SLEEP,Z,0.05517285,0.2223572
3/7/5/7/3/5/7/5/2 3 3,X,-0.5,4,SLEEP,Z,0.04907254,0.1857241
3/7/5/7/3/5/7/5/1 3 3,X,-0.3888888888888888888888888889,4,SLEEP,Z,0.03611614,0.1592213
3/7/5/7/3/5/7/3/4 3 3,X,-0.625,6,SLEEP,Z,0.07694265,0.2632224
3/7/5/7/3/5/7/3/2 3 3,X,-0.5,4,SLEEP,Z,0.07981502,0.2622514
3/7/5/7/3/5/7/3/1 3 3,Z,-0.5,4,SLEEP,Z,0.0460221,0.1521288
3/7/5/7/3/3/2/6/7 3 3,Z,-0.6666666666666666666666666667,4,SLEEP,Z,0.08250615,0.244174
3/7/5/7/3/3/2/5/7 3 3,X,-0.5,6,SLEEP,Z,0.08216319,0.264676
3/7/5/7/3/3/2/3/7 3 3,X,-0.5,4,SLEEP,Z,0.03731128,0.1398501
3/7/5/7/3/3/2/7/6 3 3,X,-0.625,4,SLEEP,Z,0.07147471,0.2089804
3/7/5/7/3/3/2/7/5 3 3,X,-0.5,4,SLEEP,Z,0.08097417,0.2410371
3/7/5/7/3/3/2/7/3 3 3,Z,-0.5,2,SLEEP,Z,0.0117986,0.03709261
3/7/5/7/3/3/6/2/7 3 3,X,-0.625,2,SLEEP,Z,0.04013176,0.1633002
3/7/5/7/3/3/6/6/6 3 3,X,-0.75,6,SLEEP,Z,0.07308036,0.2950619
3/7/5/7/3/3/6/6/5 3 3,Z,-0.6666666666666666666666666667,6,SLEEP,Z,0.09174521,0.2984236
3/7/5/7/3/3/6/6/3 3 3,X,0.75,4,SLEEP,Z,0.03848267,0.1287494
3/7/5/7/3/3/6/5/6 3 3,X,-0.75,6,SLEEP,Z,0.06724787,0.264942
3/7/5/7/3/3/6/5/5 3 3,X,-0.625,6,SLEEP,Z,0.04900864,0.2022554
3/7/5/7/3/3/6/5/3 3 3,X,0.75,4,SLEEP,Z,0.04408434,0.1497042
3/7/5/7/3/3/6/3/6 3 3,X,-0.75,6,SLEEP,Z,0.06072767,0.2762502
3/7/5/7/3/3/6/3/5 3 3,X,-0.625,6,SLEEP,Z,0.05082612,0.2093393
3/7/5/7/3/3/6/3/3 3 3,X,0.75,4,SLEEP,Z,0.05171807,0.1502803
3/7/5/7/3/3/6/7/4 3 3,X,-0.75,6,SLEEP,Z,0.07656781,0.2797383
3/7/5/7/3/3/6/7/2 3 3,X,-0.625,4,SLEEP,Z,0.03697916,0.1416006
3/7/5/7/3/3/6/7/1 3 3,X,0.75,4,SLEEP,Z,0.04791781,0.1433842
3/7/5/7/3/3/5/2/7 3 3,X,-0.5,4,SLEEP,Z,0.03347823,0.1268068
3/7/5/7/3/3/5/6/6 3 3,Z,-0.6666666666666666666666666667,6,SLEEP,Z,0.05018104,0.188225
3/7/5/7/3/3/5/6/5 3 3,Z,-0.6666666666666666666666666667,4,SLEEP,Z,0.03313587,0.1505812
3/7/5/7/3/3/5/6/3 3 3,Z,-0.6666666666666666666666666667,2,SLEEP,Z,0.02570571,0.103401
3/7/5/7/3/3/5/5/6 3 3,X,-0.625,6,SLEEP,Z,0.05290871,0.1830002
3/7/5/7/3/3/5/5/5 3 3,X,-0.5,4,SLEEP,Z,0.05165737,0.1946303
3/7/5/7/3/3/5/5/3 3 3,Z,-0.5,2,SLEEP,Z,0.01891282,0.07944655
3/7/5/7/3/3/5/3/6 3 3,X,-0.625,4,SLEEP,Z,0.03873285,0.1417069
3/7/5/7/3/3/5/3/5 3 3,X,-0.5,4,SLEEP,Z,0.05437316,0.2084991
3/7/5/7/3/3/5/3/3 3 3,Z,-0.5,2,SLEEP,Z,0.04217602,0.1084615
3/7/5/7/3/3/5/7/4 3 3,X,-0.625,6,SLEEP,Z,0.05470131,0.2315054
3/7/5/7/3/3/5/7/2 3 3,X,-0.5,2,SLEEP,Z,0.03471913,0.1482061
3/7/5/7/3/3/5/7/1 3 3,Z,-0.5,4,SLEEP,Z,0.03537804,0.1284954
3/7/5/7/3/3/3/2/7 3 3,Z,-0.5,4,SLEEP,Z,0.02934893,0.1049036
3/7/5/7/3/3/3/6/6 3 3,X,-0.75,6,SLEEP,Z,0.06547824,0.2311108
3/7/5/7/3/3/3/6/5 3 3,Z,-0.6666666666666666666666666667,4,SLEEP,Z,0.04298038,0.1589418
3/7/5/7/3/3/3/6/3 3 3,Z,-0.6666666666666666666666666667,4,SLEEP,Z,0.03913847,0.1004796
3/7/5/7/3/3/3/5/6 3 3,X,-0.75,4,SLEEP,Z,0.03634914,0.1347987
3/7/5/7/3/3/3/5/5 3 3,Z,-0.5,2,SLEEP,Z,0.01347494,0.05889285
3/7/5/7/3/3/3/5/3 3 3,Z,-0.5,2,SLEEP,Z,0.02618437,0.06403051
3/7/5/7/3/3/3/3/6 3 3,X,-0.75,4,SLEEP,Z,0.07703257,0.2407574
3/7/5/7/3/3/3/3/5 3 3,X,-0.5,2,SLEEP,Z,0.0240887,0.1002771
3/7/5/7/3/3/3/3/3 3 3,Z,-0.5,4,SLEEP,Z,0.04275661,0.2208153
3/7/5/7/3/3/3/7/4 3 3,X,-0.75,4,SLEEP,Z,0.03440472,0.1426508
3/7/5/7/3/3/3/7/2 3 3,Z,-0.5,2,SLEEP,Z,0.02097637,0.08348072
3/7/5/7/3/3/3/7/1 3 3,Z,-0.5,2,SLEEP,Z,0.01244913,0.05378328
3/7/5/7/3/3/7/2/6 3 3,X,-0.625,4,SLEEP,Z,0.1486409,0.420922
3/7/5/7/3/3/7/2/5 3 3,X,-0.5,6,SLEEP,Z,0.06473187,0.2175841
3/7/5/7/3/3/7/2/3 3 3,Z,-0.5,4,SLEEP,Z,0.03128469,0.1458888
3/7/5/7/3/3/7/6/4 3 3,Z,-0.6666666666666666666666666666,6,SLEEP,Z,0.05689014,0.1921676
3/7/5/7/3/3/7/6/2 3 3,Z,-0.6666666666666666666666666666,2,SLEEP,Z,0.02318452,0.09817151
3/7/5/7/3/3/7/6/1 3 3,Z,-0.6666666666666666666666666666,4,SLEEP,Z,0.02978473,0.1230376
3/7/5/7/3/3/7/5/4 3 3,X,-0.625,6,SLEEP,Z,0.09969603,0.3460574
3/7/5/7/3/3/7/5/2 3 3,X,-0.5,4,SLEEP,Z,0.0669651,0.2261493
3/7/5/7/3/3/7/5/1 3 3,Z,-0.5,2,SLEEP,Z,0.01914823,0.08355457
3/7/5/7/3/3/7/3/4 3 3,X,-0.625,2,SLEEP,Z,0.03537557,0.1364956
3/7/5/7/3/3/7/3/2 3 3,X,-0.5,6,SLEEP,Z,0.08649353,0.3346686
3/7/5/7/3/3/7/3/1 3 3,Z,-0.5,2,SLEEP,Z,0.02020072,0.08301508
3/7/5/7/3/7/2/2/7 3 3,X,-0.5,4,SLEEP,Z,0.03853945,0.1469781
3/7/5/7/3/7/2/6/6 3 3,X,-0.625,4,SLEEP,Z,0.07039201,0.2469759
3/7/5/7/3/7/2/6/5 3 3,X,-0.5,4,SLEEP,Z,0.07475495,0.3358931
3/7/5/7/3/7/2/6/3 3 3,X,0.5,2,SLEEP,Z,0.08132531,0.1797685
3/7/5/7/3/7/2/5/6 3 3,X,-0.625,6,SLEEP,Z,0.08245175,0.3165782
3/7/5/7/3/7/2/5/5 3 3,X,-0.5,4,SLEEP,Z,0.07248652,0.2151484
3/7/5/7/3/7/2/5/3 3 3,X,0.5,2,SLEEP,Z,0.03883369,0.1171515
3/7/5/7/3/7/2/3/6 3 3,X,-0.625,6,SLEEP,Z,0.1578901,0.3503425
3/7/5/7/3/7/2/3/5 3 3,X,-0.5,4,SLEEP,Z,0.08234744,0.2627033
3/7/5/7/3/7/2/3/3 3 3,X,0.5,4,SLEEP,Z,0.1232734,0.2344574
3/7/5/7/3/7/2/7/4 3 3,X,-0.625,8,SLEEP,Z,0.09556245,0.3316828
3/7/5/7/3/7/2/7/2 3 3,X,-0.5,2,SLEEP,Z,0.03440555,0.1181813
3/7/5/7/3/7/2/7/1 3 3,X,0.5,2,SLEEP,Z,0.02573336,0.1007884
3/7/5/7/3/7/6/2/6 3 3,X,-0.75,6,SLEEP,Z,0.06525742,0.2560504
3/7/5/7/3/7/6/2/5 3 3,X,-0.625,4,SLEEP,Z,0.04323971,0.1856188
3/7/5/7/3/7/6/2/3 3 3,X,0.8333333333333333333333333333,6,SLEEP,Z,0.1601954,0.3334168
3/7/5/7/3/7/6/6/4 3 3,X,-0.75,8,SLEEP,Z,0.1034294,0.4028869
3/7/5/7/3/7/6/6/2 3 3,X,-0.625,4,SLEEP,Z,0.05807934,0.2171305
3/7/5/7/3/7/6/6/1 3 3,X,0.8333333333333333333333333333,4,SLEEP,Z,0.09877577,0.2877951
3/7/5/7/3/7/6/5/4 3 3,X,-0.75,4,SLEEP,Z,0.06619377,0.2856547
3/7/5/7/3/7/6/5/2 3 3,X,-0.625,4,SLEEP,Z,0.08597459,0.2869961
3/7/5/7/3/7/6/5/1 3 3,X,0.8333333333333333333333333333,4,SLEEP,Z,0.05663601,0.1490587
3/7/5/7/3/7/6/3/4 3 3,X,-0.75,8,SLEEP,Z,0.1126734,0.4162901
3/7/5/7/3/7/6/3/2 3 3,X,-0.625,4,SLEEP,Z,0.03647176,0.1577237
3/7/5/7/3/7/6/3/1 3 3,X,0.8333333333333333333333333333,4,SLEEP,Z,0.04730954,0.1857554
3/7/5/7/3/7/5/2/6 3 3,X,-0.625,4,SLEEP,Z,0.04851369,0.178548
3/7/5/7/3/7/5/2/5 3 3,X,-0.5,6,SLEEP,Z,0.0626168,0.3391183
3/7/5/7/3/7/5/2/3 3 3,X,-0.3888888888888888888888888889,4,SLEEP,Z,0.03388062,0.14774
3/7/5/7/3/7/5/6/4 3 3,X,-0.625,4,SLEEP,Z,0.03841195,0.1642207
3/7/5/7/3/7/5/6/2 3 3,X,-0.5,4,SLEEP,Z,0.05853855,0.2532891
3/7/5/7/3/7/5/6/1 3 3,Z,0.5,4,SLEEP,Z,0.05791857,0.2412511
3/7/5/7/3/7/5/5/4 3 3,X,-0.625,4,SLEEP,Z,0.05236058,0.17042
3/7/5/7/3/7/5/5/2 3 3,X,-0.5,2,SLEEP,Z,0.0277129,0.1213201
3/7/5/7/3/7/5/5/1 3 3,X,-0.3888888888888888888888888889,4,SLEEP,Z,0.02282656,0.1038531
3/7/5/7/3/7/5/3/4 3 3,X,-0.625,8,SLEEP,Z,0.09211428,0.3746656
3/7/5/7/3/7/5/3/2 3 3,X,-0.5,2,SLEEP,Z,0.02699262,0.1095178
3/7/5/7/3/7/5/3/1 3 3,Z,-0.5,4,SLEEP,Z,0.0442617,0.1325804
3/7/5/7/3/7/3/2/6 3 3,X,-0.8333333333333333333333333333,4,SLEEP,Z,0.07362964,0.2308467
3/7/5/7/3/7/3/2/5 3 3,X,-0.5,4,SLEEP,Z,0.06208977,0.3392929
3/7/5/7/3/7/3/2/3 3 3,X,-0.3333333333333333333333333333,4,SLEEP,Z,0.03317885,0.1378384
3/7/5/7/3/7/3/6/4 3 3,X,-0.8333333333333333333333333333,2,SLEEP,Z,0.05337966,0.1900921
3/7/5/7/3/7/3/6/2 3 3,X,-0.5,4,SLEEP,Z,0.03439745,0.1310916
3/7/5/7/3/7/3/6/1 3 3,Z,0.5,2,SLEEP,Z,0.02031567,0.07871614
3/7/5/7/3/7/3/5/4 3 3,X,-0.8333333333333333333333333333,6,SLEEP,Z,0.09294316,0.2795204
3/7/5/7/3/7/3/5/2 3 3,X,-0.5,2,SLEEP,Z,0.01325164,0.05683832
3/7/5/7/3/7/3/5/1 3 3,X,-0.3333333333333333333333333333,2,SLEEP,Z,0.01158603,0.05280194
3/7/5/7/3/7/3/3/4 3 3,X,-0.8333333333333333333333333333,4,SLEEP,Z,0.05855307,0.2122397
3/7/5/7/3/7/3/3/2 3 3,X,-0.5,2,SLEEP,Z,0.0206343,0.09252224
3/7/5/7/3/7/3/3/1 3 3,Z,-0.5,2,SLEEP,Z,0.01448818,0.06348485
3/7/5/7/3/7/7/2/4 3 3,X,-0.625,6,SLEEP,Z,0.04314758,0.1799721
3/7/5/7/3/7/7/2/2 3 3,X,-0.5,4,SLEEP,Z,0.03375742,0.139644
3/7/5/7/3/7/7/2/1 3 3,X,-0.3888888888888888888888888889,2,SLEEP,Z,0.02193692,0.09312768
3/7/5/7/7/2/2/6/7 3 3,X,-0.5,4,SLEEP,Z,0.05213484,0.1510492
3/7/5/7/7/2/2/5/7 3 3,X,-0.5,4,SLEEP,Z,0.0451523,0.1818598
3/7/5/7/7/2/2/3/7 3 3,X,-0.5,4,SLEEP,Z,0.04313457,0.1600629
3/7/5/7/7/2/2/7/6 3 3,X,-0.5555555555555555555555555555,6,SLEEP,Z,0.04550709,0.1726964
3/7/5/7/7/2/2/7/5 3 3,X,-0.5,4,SLEEP,Z,0.03600714,0.1399738
3/7/5/7/7/2/2/7/3 3 3,X,-0.4444444444444444444444444445,2,SLEEP,Z,0,0
3/7/5/7/7/2/6/2/7 3 3,X,-0.5555555555555555555555555555,6,SLEEP,Z,0.05762597,0.2537907
3/7/5/7/7/2/6/6/6 3 3,X,-0.6111111111111111111111111111,8,SLEEP,Z,0.05941211,0.2737204
3/7/5/7/7/2/6/6/5 3 3,X,-0.5555555555555555555555555555,6,SLEEP,Z,0.04520555,0.1751497
3/7/5/7/7/2/6/6/3 3 3,X,0.75,4,SLEEP,Z,0.05098098,0.1294798
3/7/5/7/7/2/6/5/6 3 3,X,-0.6111111111111111111111111111,8,SLEEP,Z,0.09328446,0.3669305
3/7/5/7/7/2/6/5/5 3 3,X,-0.5555555555555555555555555555,4,SLEEP,Z,0.0285381,0.1209064
3/7/5/7/7/2/6/5/3 3 3,X,0.75,2,SLEEP,Z,0.02619582,0.1024254
3/7/5/7/7/2/6/3/6 3 3,X,-0.6111111111111111111111111111,8,SLEEP,Z,0.06826217,0.3069139
3/7/5/7/7/2/6/3/5 3 3,X,-0.5555555555555555555555555555,4,SLEEP,Z,0.03920732,0.1612644
3/7/5/7/7/2/6/3/3 3 3,X,0.75,4,SLEEP,Z,0.03064067,0.1112582
3/7/5/7/7/2/6/7/4 3 3,X,-0.6111111111111111111111111111,8,SLEEP,Z,0.08290645,0.3835199
3/7/5/7/7/2/6/7/2 3 3,X,-0.5555555555555555555555555555,6,SLEEP,Z,0.05610867,0.2039589
3/7/5/7/7/2/6/7/1 3 3,X,0.75,4,SLEEP,Z,0.03633488,0.1382274
3/7/5/7/7/2/5/2/7 3 3,X,-0.5,4,SLEEP,Z,0.03109943,0.1416379
3/7/5/7/7/2/5/6/6 3 3,X,-0.5555555555555555555555555555,6,SLEEP,Z,0.04384004,0.1713577
3/7/5/7/7/2/5/6/5 3 3,X,-0.5,4,SLEEP,Z,0.05087992,0.2004248
3/7/5/7/7/2/5/6/3 3 3,Z,0.5,4,SLEEP,Z,0.05855108,0.1631452
3/7/5/7/7/2/5/5/6 3 3,X,-0.5555555555555555555555555555,2,SLEEP,Z,0.03056277,0.09636267
3/7/5/7/7/2/5/5/5 3 3,X,-0.5,4,SLEEP,Z,0.0389853,0.1790339
3/7/5/7/7/2/5/5/3 3 3,X,-0.4444444444444444444444444445,4,SLEEP,Z,0.05170787,0.3452169
3/7/5/7/7/2/5/3/6 3 3,X,-0.5555555555555555555555555555,4,SLEEP,Z,0.03662718,0.1417635
3/7/5/7/7/2/5/3/5 3 3,X,-0.5,4,SLEEP,Z,0.03342133,0.1578262
3/7/5/7/7/2/5/3/3 3 3,Z,-0.5,4,SLEEP,Z,0.07728151,0.3585176
3/7/5/7/7/2/5/7/4 3 3,X,-0.5555555555555555555555555555,6,SLEEP,Z,0.05731484,0.3537783
3/7/5/7/7/2/5/7/2 3 3,X,-0.5,4,SLEEP,Z,0.03154622,0.1294748
3/7/5/7/7/2/5/7/1 3 3,X,-0.4444444444444444444444444445,2,SLEEP,Z,0.01658386,0.1001308
3/7/5/7/7/2/3/2/7 3 3,X,-0.5,2,SLEEP,Z,0.03289766,0.1294304
3/7/5/7/7/2/3/6/6 3 3,X,-0.75,6,SLEEP,Z,0.1411721,0.3897732
3/7/5/7/7/2/3/6/5 3 3,X,-0.5,4,SLEEP,Z,0.0310194,0.1276867
3/7/5/7/7/2/3/6/3 3 3,Z,0.5,2,SLEEP,Z,0.04068395,0.08583719
3/7/5/7/7/2/3/5/6 3 3,X,-0.75,6,SLEEP,Z,0.1245144,0.303929
3/7/5/7/7/2/3/5/5 3 3,X,-0.5,2,SLEEP,Z,0.02372352,0.09681931
3/7/5/7/7/2/3/5/3 3 3,X,-0.3888888888888888888888888889,4,SLEEP,Z,0.02992988,0.1220841
3/7/5/7/7/2/3/3/6 3 3,X,-0.75,4,SLEEP,Z,0.03578693,0.1470899
3/7/5/7/7/2/3/3/5 3 3,X,-0.5,4,SLEEP,Z,0.03817427,0.1621849
3/7/5/7/7/2/3/3/3 3 3,Z,-0.5,4,SLEEP,Z,0.02585114,0.1112522
3/7/5/7/7/2/3/7/4 3 3,X,-0.75,4,SLEEP,Z,0.03575666,0.1522114
3/7/5/7/7/2/3/7/2 3 3,X,-0.5,2,SLEEP,Z,0.02445779,0.1045781
3/7/5/7/7/2/3/7/1 3 3,X,-0.3888888888888888888888888889,4,SLEEP,Z,0.02301764,0.101653
3/7/5/7/7/2/7/2/6 3 3,X,-0.5555555555555555555555555555,4,SLEEP,Z,0.03469188,0.1503834
3/7/5/7/7/2/7/2/5 3 3,X,-0.5,4,SLEEP,Z,0.04248567,0.1974839
3/7/5/7/7/2/7/2/3 3 3,X,-0.4444444444444444444444444445,4,SLEEP,Z,0.0413721,0.1735321
3/7/5/7/7/2/7/6/4 3 3,X,-0.5555555555555555555555555555,6,SLEEP,Z,0.07639375,0.3434912
3/7/5/7/7/2/7/6/2 3 3,X,-0.5,4,SLEEP,Z,0.0397433,0.1675006
3/7/5/7/7/2/7/6/1 3 3,Z,0.5,4,SLEEP,Z,0.02472032,0.109267
3/7/5/7/7/2/7/5/4 3 3,X,-0.5555555555555555555555555555,6,SLEEP,Z,0.085039,0.3504564
3/7/5/7/7/2/7/5/2 3 3,X,-0.5,4,SLEEP,Z,0.02576383,0.1156723
3/7/5/7/7/2/7/5/1 3 3,X,-0.4444444444444444444444444445,2,SLEEP,Z,0.02281534,0.09501848
3/7/5/7/7/2/7/3/4 3 3,X,-0.5555555555555555555555555555,4,SLEEP,Z,0.05268522,0.2100871
3/7/5/7/7/2/7/3/2 3 3,X,-0.5,4,SLEEP,Z,0.04067488,0.1699421
3/7/5/7/7/2/7/3/1 3 3,Z,-0.5,2,SLEEP,Z,0.02484385,0.09149469
3/7/5/7/7/6/2/2/7 3 3,X,-0.5,6,SLEEP,Z,0.1171677,0.3004675
3/7/5/7/7/6/2/6/6 3 3,X,-0.5555555555555555555555555555,6,SLEEP,Z,0.05016961,0.2061164
3/7/5/7/7/6/2/6/5 3 3,X,-0.5,4,SLEEP,Z,0.0496838,0.1663349
3/7/5/7/7/6/2/6/3 3 3,X,0.5,4,SLEEP,Z,0.1279305,0.2387697
3/7/5/7/7/6/2/5/6 3 3,X,-0.5555555555555555555555555555,6,SLEEP,Z,0.06160473,0.2508714
3/7/5/7/7/6/2/5/5 3 3,X,-0.5,4,SLEEP,Z,0.05464019,0.1917403
3/7/5/7/7/6/2/5/3 3 3,Z,0.5,4,SLEEP,Z,0.04912977,0.1359541
3/7/5/7/7/6/2/3/6 3 3,Z,0.7,6,SLEEP,Z,0.04002412,0.1709986
3/7/5/7/7/6/2/3/5 3 3,Z,0.7,4,SLEEP,Z,0.02888028,0.1139315
3/7/5/7/7/6/2/3/3 3 3,Z,0.7,4,SLEEP,Z,0.03635124,0.1170458
3/7/5/7/7/6/2/7/4 3 3,X,-0.5555555555555555555555555555,6,SLEEP,Z,0.1205566,0.3265923
3/7/5/7/7/6/2/7/2 3 3,X,-0.5,4,SLEEP,Z,0.0593015,0.2259172
3/7/5/7/7/6/2/7/1 3 3,Z,0.5,2,SLEEP,Z,0.0365213,0.0796309
3/7/5/7/7/6/6/2/6 3 3,X,-0.6111111111111111111111111111,6,SLEEP,Z,0.0831789,0.3444088
3/7/5/7/7/6/6/2/5 3 3,X,-0.5555555555555555555555555555,8,SLEEP,Z,0.04506894,0.2266337
3/7/5/7/7/6/6/2/3 3 3,X,0.8333333333333333333333333333,4,SLEEP,Z,0.0634235,0.1357515
3/7/5/7/7/6/6/6/4 3 3,X,-0.6111111111111111111111111111,6,SLEEP,Z,0.06838194,0.320395
3/7/5/7/7/6/6/6/2 3 3,X,-0.5555555555555555555555555555,6,SLEEP,Z,0.05985158,0.2659998
3/7/5/7/7/6/6/6/1 3 3,X,0.8333333333333333333333333333,2,SLEEP,Z,0.1770651,0.2638625
3/7/5/7/7/6/6/5/4 3 3,X,-0.6111111111111111111111111111,8,SLEEP,Z,0.0975763,0.429035
3/7/5/7/7/6/6/5/2 3 3,X,-0.5555555555555555555555555555,4,SLEEP,Z,0.03575474,0.1489535
3/7/5/7/7/6/6/5/1 3 3,X,0.8333333333333333333333333333,4,SLEEP,Z,0.03282256,0.1337376
3/7/5/7/7/6/6/3/4 3 3,Z,0.7,8,SLEEP,Z,0.08528793,0.388995
3/7/5/7/7/6/6/3/2 3 3,Z,0.7,4,SLEEP,Z,0.03531915,0.1571562
3/7/5/7/7/6/6/3/1 3 3,X,0.8333333333333333333333333333,2,SLEEP,Z,0.08144511,0.1413066
3/7/5/7/7/6/5/2/6 3 3,X,-0.5555555555555555555555555555,6,SLEEP,Z,0.05302669,0.1815182
3/7/5/7/7/6/5/2/5 3 3,X,-0.5,4,SLEEP,Z,0.04500803,0.1732254
3/7/5/7/7/6/5/2/3 3 3,Z,0.5,4,SLEEP,Z,0.07237202,0.1883849
3/7/5/7/7/6/5/6/4 3 3,X,-0.5555555555555555555555555555,6,SLEEP,Z,0.0509063,0.2634986
3/7/5/7/7/6/5/6/2 3 3,X,-0.5,2,SLEEP,Z,0.03462028,0.1135976
3/7/5/7/7/6/5/6/1 3 3,Z,0.5,2,SLEEP,Z,0.026788,0.1254563
3/7/5/7/7/6/5/5/4 3 3,X,-0.5555555555555555555555555555,4,SLEEP,Z,0.05059822,0.2405419
3/7/5/7/7/6/5/5/2 3 3,X,-0.5,4,SLEEP,Z,0.03293313,0.1439538
3/7/5/7/7/6/5/5/1 3 3,Z,0.5,2,SLEEP,Z,0.01706626,0.08515796
3/7/5/7/7/6/5/3/4 3 3,Z,0.7,6,SLEEP,Z,0.05344208,0.2467371
3/7/5/7/7/6/5/3/2 3 3,Z,0.7,4,SLEEP,Z,0.03315633,0.1390761
3/7/5/7/7/6/5/3/1 3 3,Z,0.7,2,SLEEP,Z,0.02620764,0.1040771
3/7/5/7/7/6/3/2/6 3 3,X,-0.8333333333333333333333333333,2,SLEEP,Z,0.06622211,0.1817644
3/7/5/7/7/6/3/2/5 3 3,Z,0.5,4,SLEEP,Z,0.05647826,0.2006181
3/7/5/7/7/6/3/2/3 3 3,Z,0.5,4,SLEEP,Z,0.03027821,0.1250472
3/7/5/7/7/6/3/6/4 3 3,X,-0.8333333333333333333333333333,4,SLEEP,Z,0.06262234,0.1514352
3/7/5/7/7/6/3/6/2 3 3,X,-0.5,4,SLEEP,Z,0.03185243,0.1370989
3/7/5/7/7/6/3/6/1 3 3,Z,0.5,2,SLEEP,Z,0.01592812,0.07185763
3/7/5/7/7/6/3/5/4 3 3,X,-0.8333333333333333333333333333,6,SLEEP,Z,0.1246893,0.349691
3/7/5/7/7/6/3/5/2 3 3,Z,0.5,2,SLEEP,Z,0.03166492,0.1396531
3/7/5/7/7/6/3/5/1 3 3,Z,0.5,2,SLEEP,Z,0.02459441,0.1010161
3/7/5/7/7/6/3/3/4 3 3,X,-0.8333333333333333333333333333,2,SLEEP,Z,0.0462063,0.128217
3/7/5/7/7/6/3/3/2 3 3,Z,0.7,4,SLEEP,Z,0.04121376,0.1582475
3/7/5/7/7/6/3/3/1 3 3,Z,0.7,4,SLEEP,Z,0.02681993,0.1178517
3/7/5/7/7/6/7/2/4 3 3,X,-0.5555555555555555555555555555,4,SLEEP,Z,0.05143567,0.2350473
3/7/5/7/7/6/7/2/2 3 3,X,-0.5,4,SLEEP,Z,0.07358083,0.3204589
3/7/5/7/7/6/7/2/1 3 3,Z,0.5,2,SLEEP,Z,0.02405011,0.1061181
3/7/5/7/7/5/2/2/7 3 3,X,-0.5,4,SLEEP,Z,0.08882255,0.2811626
3/7/5/7/7/5/2/6/6 3 3,X,-0.5555555555555555555555555555,4,SLEEP,Z,0.09902189,0.3416886
3/7/5/7/7/5/2/6/5 3 3,X,-0.5,4,SLEEP,Z,0.1002668,0.3072795
3/7/5/7/7/5/2/6/3 3 3,X,0.5,4,SLEEP,Z,0.02027422,0.07093906
3/7/5/7/7/5/2/5/6 3 3,X,-0.5555555555555555555555555555,2,SLEEP,Z,0.03225784,0.1372228
3/7/5/7/7/5/2/5/5 3 3,X,-0.5,6,SLEEP,Z,0.1098871,0.3408418
3/7/5/7/7/5/2/5/3 3 3,X,0.5,2,SLEEP,Z,0.03585749,0.1144972
3/7/5/7/7/5/2/3/6 3 3,X,-0.5555555555555555555555555555,6,SLEEP,Z,0.05747647,0.2544898
3/7/5/7/7/5/2/3/5 3 3,X,-0.5,4,SLEEP,Z,0.03328781,0.1314603
3/7/5/7/7/5/2/3/3 3 3,X,0.5,2,SLEEP,Z,0.05083158,0.1223859
3/7/5/7/7/5/2/7/4 3 3,X,-0.5555555555555555555555555555,6,SLEEP,Z,0.05605704,0.2146045
3/7/5/7/7/5/2/7/2 3 3,X,-0.5,4,SLEEP,Z,0.03328452,0.138584
3/7/5/7/7/5/2/7/1 3 3,X,0.5,4,SLEEP,Z,0.09844653,0.3678377
3/7/5/7/7/5/6/2/6 3 3,X,-0.6111111111111111111111111111,6,SLEEP,Z,0.06249407,0.3079509
3/7/5/7/7/5/6/2/5 3 3,X,-0.5555555555555555555555555555,6,SLEEP,Z,0.0668421,0.2898875
3/7/5/7/7/5/6/2/3 3 3,X,0.8333333333333333333333333333,4,SLEEP,Z,0.03338253,0.1324538
3/7/5/7/7/5/6/6/4 3 3,X,-0.6111111111111111111111111111,10,SLEEP,Z,0.07472646,0.3481573
3/7/5/7/7/5/6/6/2 3 3,X,-0.5555555555555555555555555555,4,SLEEP,Z,0.03511552,0.1431858
3/7/5/7/7/5/6/6/1 3 3,X,0.8333333333333333333333333333,4,SLEEP,Z,0.02901328,0.122447
3/7/5/7/7/5/6/5/4 3 3,X,-0.6111111111111111111111111111,6,SLEEP,Z,0.06504498,0.3171351
3/7/5/7/7/5/6/5/2 3 3,X,-0.5555555555555555555555555555,6,SLEEP,Z,0.08715278,0.3231571
3/7/5/7/7/5/6/5/1 3 3,X,0.8333333333333333333333333333,4,SLEEP,Z,0.04608169,0.1789547
3/7/5/7/7/5/6/3/4 3 3,X,-0.6111111111111111111111111111,8,SLEEP,Z,0.09778738,0.4011524
3/7/5/7/7/5/6/3/2 3 3,X,-0.5555555555555555555555555555,8,SLEEP,Z,0.07781852,0.3363156
3/7/5/7/7/5/6/3/1 3 3,X,0.8333333333333333333333333333,4,SLEEP,Z,0.04247451,0.1539816
3/7/5/7/7/5/5/2/6 3 3,X,-0.5555555555555555555555555555,6,SLEEP,Z,0.06419916,0.257573
3/7/5/7/7/5/5/2/5 3 3,X,-0.5,4,SLEEP,Z,0.04139265,0.186757
3/7/5/7/7/5/5/2/3 3 3,X,-0.4444444444444444444444444445,2,SLEEP,Z,0.02732287,0.1210408
3/7/5/7/7/5/5/6/4 3 3,X,-0.5555555555555555555555555555,8,SLEEP,Z,0.08315119,0.3418255
3/7/5/7/7/5/5/6/2 3 3,X,-0.5,4,SLEEP,Z,0.02691448,0.1257657
3/7/5/7/7/5/5/6/1 3 3,Z,0.5,4,SLEEP,Z,0.04194085,0.1511998
3/7/5/7/7/5/5/5/4 3 3,X,-0.5555555555555555555555555555,6,SLEEP,Z,0.04151914,0.1766826
3/7/5/7/7/5/5/5/2 3 3,X,-0.5,6,SLEEP,Z,0.0535679,0.2499479
3/7/5/7/7/5/5/5/1 3 3,X,-0.4444444444444444444444444445,4,SLEEP,Z,0.03080111,0.140094
3/7/5/7/7/5/5/3/4 3 3,X,-0.5555555555555555555555555555,8,SLEEP,Z,0.05051032,0.2523704
3/7/5/7/7/5/5/3/2 3 3,X,-0.5,4,SLEEP,Z,0.02792884,0.1245653
3/7/5/7/7/5/5/3/1 3 3,Z,-0.5,4,SLEEP,Z,0.04336592,0.2385737
3/7/5/7/7/5/3/2/6 3 3,X,-0.8333333333333333333333333333,6,SLEEP,Z,0.05006425,0.1844147
3/7/5/7/7/5/3/2/5 3 3,X,-0.5,4,SLEEP,Z,0.05373059,0.1898561
3/7/5/7/7/5/3/2/3 3 3,X,-0.3888888888888888888888888889,4,SLEEP,Z,0.0317133,0.1339055
3/7/5/7/7/5/3/6/4 3 3,X,-0.8333333333333333333333333333,2,SLEEP,Z,0.03192978,0.1417498
3/7/5/7/7/5/3/6/2 3 3,X,-0.5,2,SLEEP,Z,0.0328042,0.1560713
3/7/5/7/7/5/3/6/1 3 3,Z,0.5,2,SLEEP,Z,0.01685061,0.07610945
3/7/5/7/7/5/3/5/4 3 3,X,-0.8333333333333333333333333333,6,SLEEP,Z,0.05000561,0.2068692
3/7/5/7/7/5/3/5/2 3 3,X,-0.5,4,SLEEP,Z,0.02152938,0.09240094
3/7/5/7/7/5/3/5/1 3 3,X,-0.3888888888888888888888888889,2,SLEEP,Z,0.01263962,0.0561031
3/7/5/7/7/5/3/3/4 3 3,X,-0.8333333333333333333333333333,2,SLEEP,Z,0.03136568,0.1155284
3/7/5/7/7/5/3/3/2 3 3,X,-0.5,2,SLEEP,Z,0.03693498,0.1639608
3/7/5/7/7/5/3/3/1 3 3,Z,-0.5,4,SLEEP,Z,0.02171275,0.09823192
3/7/5/7/7/5/7/2/4 3 3,X,-0.5555555555555555555555555555,4,SLEEP,Z,0.07943448,0.3180307
3/7/5/7/7/5/7/2/2 3 3,X,-0.5,6,SLEEP,Z,0.06022023,0.2737979
3/7/5/7/7/5/7/2/1 3 3,X,-0.4444444444444444444444444445,2,SLEEP,Z,0.02819806,0.124996
3/7/5/7/7/3/2/2/7 3 3,X,-0.5,6,SLEEP,Z,0.04698845,0.1447096
3/7/5/7/7/3/2/6/6 3 3,Z,-0.7,4,SLEEP,Z,0.05617176,0.2060899
3/7/5/7/7/3/2/6/5 3 3,Z,-0.7,4,SLEEP,Z,0.08036309,0.2334803
3/7/5/7/7/3/2/6/3 3 3,Z,-0.7,2,SLEEP,Z,0.03501938,0.1039669
3/7/5/7/7/3/2/5/6 3 3,X,-0.5555555555555555555555555555,4,SLEEP,Z,0.04540515,0.1905617
3/7/5/7/7/3/2/5/5 3 3,X,-0.5,2,SLEEP,Z,0.03607392,0.1429809
3/7/5/7/7/3/2/5/3 3 3,Z,-0.5,4,SLEEP,Z,0.176387,0.2888631
3/7/5/7/7/3/2/3/6 3 3,X,-0.5555555555555555555555555555,4,SLEEP,Z,0.04620846,0.1823549
3/7/5/7/7/3/2/3/5 3 3,X,-0.5,6,SLEEP,Z,0.05580108,0.1704736
3/7/5/7/7/3/2/3/3 3 3,X,0.5,2,SLEEP,Z,0.03116097,0.08552893
3/7/5/7/7/3/2/7/4 3 3,X,-0.5555555555555555555555555555,6,SLEEP,Z,0.09029003,0.3566835
3/7/5/7/7/3/2/7/2 3 3,X,-0.5,4,SLEEP,Z,0.08068857,0.2500127
3/7/5/7/7/3/2/7/1 3 3,Z,-0.5,2,SLEEP,Z,0.02198953,0.0895463
3/7/5/7/7/3/6/2/6 3 3,X,-0.6111111111111111111111111111,6,SLEEP,Z,0.07029677,0.2798831
3/7/5/7/7/3/6/2/5 3 3,X,-0.5555555555555555555555555555,4,SLEEP,Z,0.05972578,0.2587249
3/7/5/7/7/3/6/2/3 3 3,X,0.8333333333333333333333333333,4,SLEEP,Z,0.2272412,0.3339753
3/7/5/7/7/3/6/6/4 3 3,Z,-0.7,8,SLEEP,Z,0.08079716,0.3351509
3/7/5/7/7/3/6/6/2 3 3,Z,-0.7,6,SLEEP,Z,0.04486383,0.1969078
3/7/5/7/7/3/6/6/1 3 3,X,0.8333333333333333333333333333,4,SLEEP,Z,0.03250767,0.1353772
3/7/5/7/7/3/6/5/4 3 3,X,-0.6111111111111111111111111111,6,SLEEP,Z,0.06624461,0.3023396
3/7/5/7/7/3/6/5/2 3 3,X,-0.5555555555555555555555555555,6,SLEEP,Z,0.05003801,0.2599438
3/7/5/7/7/3/6/5/1 3 3,X,0.8333333333333333333333333333,6,SLEEP,Z,0.04115997,0.1819237
3/7/5/7/7/3/6/3/4 3 3,X,-0.6111111111111111111111111111,10,SLEEP,Z,0.09117461,0.3929201
3/7/5/7/7/3/6/3/2 3 3,X,-0.5555555555555555555555555555,4,SLEEP,Z,0.04259598,0.1950724
3/7/5/7/7/3/6/3/1 3 3,X,0.8333333333333333333333333333,4,SLEEP,Z,0.04511286,0.1535294
3/7/5/7/7/3/5/2/6 3 3,X,-0.5555555555555555555555555555,4,SLEEP,Z,0.0543783,0.1777855
3/7/5/7/7/3/5/2/5 3 3,X,-0.5,4,SLEEP,Z,0.03341682,0.1476973
3/7/5/7/7/3/5/2/3 3 3,Z,-0.5,2,SLEEP,Z,0.02203377,0.1030089
3/7/5/7/7/3/5/6/4 3 3,Z,-0.7,6,SLEEP,Z,0.0431468,0.1886417
3/7/5/7/7/3/5/6/2 3 3,Z,-0.7,4,SLEEP,Z,0.03952334,0.1823647
3/7/5/7/7/3/5/6/1 3 3,Z,-0.7,2,SLEEP,Z,0.02416074,0.1020298
3/7/5/7/7/3/5/5/4 3 3,X,-0.5555555555555555555555555555,6,SLEEP,Z,0.0366642,0.1655481
3/7/5/7/7/3/5/5/2 3 3,X,-0.5,4,SLEEP,Z,0.03650745,0.1460098
3/7/5/7/7/3/5/5/1 3 3,Z,-0.5,2,SLEEP,Z,0.0386193,0.07311084
3/7/5/7/7/3/5/3/4 3 3,X,-0.5555555555555555555555555555,4,SLEEP,Z,0.04717916,0.1609572
3/7/5/7/7/3/5/3/2 3 3,X,-0.5,4,SLEEP,Z,0.03031666,0.1387828
3/7/5/7/7/3/5/3/1 3 3,Z,-0.5,4,SLEEP,Z,0.03557073,0.1623042
3/7/5/7/7/3/3/2/6 3 3,X,-0.8333333333333333333333333333,6,SLEEP,Z,0.0523627,0.1604575
3/7/5/7/7/3/3/2/5 3 3,Z,-0.5,2,SLEEP,Z,0.03220779,0.1478634
3/7/5/7/7/3/3/2/3 3 3,Z,-0.5,4,SLEEP,Z,0.05660024,0.164477
3/7/5/7/7/3/3/6/4 3 3,X,-0.8333333333333333333333333333,4,SLEEP,Z,0.02741302,0.1203818
3/7/5/7/7/3/3/6/2 3 3,Z,-0.7,4,SLEEP,Z,0.0255389,0.1014272
3/7/5/7/7/3/3/6/1 3 3,Z,-0.7,4,SLEEP,Z,0.08336914,0.2164776
3/7/5/7/7/3/3/5/4 3 3,X,-0.8333333333333333333333333333,4,SLEEP,Z,0.04354869,0.143712
3/7/5/7/7/3/3/5/2 3 3,Z,-0.5,4,SLEEP,Z,0.03722961,0.1596975
3/7/5/7/7/3/3/5/1 3 3,Z,-0.5,2,SLEEP,Z,0.02070382,0.09777626
3/7/5/7/7/3/3/3/4 3 3,X,-0.8333333333333333333333333333,4,SLEEP,Z,0.04923135,0.1910366
3/7/5/7/7/3/3/3/2 3 3,X,-0.5,4,SLEEP,Z,0.03444747,0.1502495
3/7/5/7/7/3/3/3/1 3 3,Z,-0.5,4,SLEEP,Z,0.02367119,0.1050752
3/7/5/7/7/3/7/2/4 3 3,X,-0.5555555555555555555555555555,4,SLEEP,Z,0.09184016,0.3006625
3/7/5/7/7/3/7/2/2 3 3,X,-0.5,6,SLEEP,Z,0.03941387,0.1778167
3/7/5/7/7/3/7/2/1 3 3,Z,-0.5,4,SLEEP,Z,0.0367277,0.1649495
3/7/5/7/7/7/2/2/6 3 3,X,-0.6666666666666666666666666666,6,SLEEP,Z,0.08100124,0.3198167
3/7/5/7/7/7/2/2/5 3 3,X,-0.5,4,SLEEP,Z,0.04345058,0.2014234
3/7/5/7/7/7/2/2/3 3 3,X,0.6666666666666666666666666666,4,SLEEP,Z,0.1380491,0.240845
3/7/5/7/7/7/2/6/4 3 3,X,-0.6666666666666666666666666666,6,SLEEP,Z,0.07442246,0.3253573
3/7/5/7/7/7/2/6/2 3 3,X,-0.5,4,SLEEP,Z,0.03443838,0.1366837
3/7/5/7/7/7/2/6/1 3 3,X,0.6666666666666666666666666666,2,SLEEP,Z,0.04185225,0.1150143
3/7/5/7/7/7/2/5/4 3 3,X,-0.6666666666666666666666666666,4,SLEEP,Z,0.04305532,0.1470257
3/7/5/7/7/7/2/5/2 3 3,X,-0.5,6,SLEEP,Z,0.08886835,0.3118064
3/7/5/7/7/7/2/5/1 3 3,X,0.6666666666666666666666666666,4,SLEEP,Z,0.1436737,0.229607
3/7/5/7/7/7/2/3/4 3 3,X,-0.6666666666666666666666666666,6,SLEEP,Z,0.1384559,0.3491713
3/7/5/7/7/7/2/3/2 3 3,X,-0.5,4,SLEEP,Z,0.03626707,0.1411032
3/7/5/7/7/7/2/3/1 3 3,X,0.6666666666666666666666666666,4,SLEEP,Z,0.04221992,0.1321559
3/7/5/7/7/7/6/2/4 3 3,X,-0.6111111111111111111111111111,8,SLEEP,Z,0.06407388,0.2935054
3/7/5/7/7/7/6/2/2 3 3,X,-0.5555555555555555555555555555,4,SLEEP,Z,0.03791837,0.1507754
3/7/5/7/7/7/5/2/4 3 3,X,-0.5555555555555555555555555555,4,SLEEP,Z,0.06864637,0.3051164
3/7/5/7/7/7/5/2/2 3 3,X,-0.5,4,SLEEP,Z,0.03817707,0.1625146
3/7/5/7/7/7/5/2/1 3 3,X,-0.4444444444444444444444444445,2,SLEEP,Z,0.01440941,0.06660913
3/7/5/7/7/7/3/2/2 3 3,X,-0.5,4,SLEEP,Z,0.03327933,0.1454861
3/7/5/7/7/7/3/2/1 3 3,X,-0.3888888888888888888888888889,2,SLEEP,Z,0.01529694,0.0689813
3/7/3/2/2/6/7/7/7 3 3,X,-0.5,12,SLEEP,Z,0.06555966,0.2198247
3/7/3/2/2/5/7/7/7 3 3,X,-0.5,12,SLEEP,Z,0.0544125,0.2008654
3/7/3/2/2/3/7/7/7 3 3,X,-0.5,8,SLEEP,Z,0.05536265,0.1804901
3/7/3/2/2/7/6/7/7 3 3,X,-0.5769230769230769230769230769,10,SLEEP,Z,0.07223962,0.27282
3/7/3/2/2/7/5/7/7 3 3,X,-0.5,14,SLEEP,Z,0.147194,0.369801
3/7/3/2/2/7/3/7/7 3 3,X,-0.5,4,SLEEP,Z,0.04294258,0.152085
3/7/3/2/2/7/7/6/7 3 3,X,-0.5,12,SLEEP,Z,0.1014224,0.3206376
3/7/3/2/2/7/7/5/7 3 3,X,-0.5,14,SLEEP,Z,0.08943941,0.2542523
3/7/3/2/2/7/7/3/7 3 3,X,-0.5,8,SLEEP,Z,0.1297316,0.3431478
3/7/3/2/2/7/7/7/6 3 3,X,-0.5769230769230769230769230769,10,SLEEP,Z,0.06867599,0.270754
3/7/3/2/2/7/7/7/5 3 3,X,-0.5,8,SLEEP,Z,0.06807087,0.2367842
3/7/3/2/2/7/7/7/3 3 3,X,-0.4230769230769230769230769231,8,SLEEP,Z,0.1114813,0.3783947
3/7/3/2/6/2/7/7/7 3 3,X,-0.5769230769230769230769230769,4,SLEEP,Z,0.04140251,0.149837
3/7/3/2/6/6/6/7/7 3 3,X,-0.6538461538461538461538461539,12,SLEEP,Z,0.101528,0.3811634
3/7/3/2/6/6/5/7/7 3 3,X,-0.5769230769230769230769230769,10,SLEEP,Z,0.0696247,0.2163584
3/7/3/2/6/6/3/7/7 3 3,X,0.60,6,SLEEP,Z,0.05142469,0.1935595
3/7/3/2/6/6/7/6/7 3 3,X,-0.5769230769230769230769230769,6,SLEEP,Z,0.04027421,0.1677455
3/7/3/2/6/6/7/5/7 3 3,X,-0.5769230769230769230769230769,6,SLEEP,Z,0.05183852,0.2101887
3/7/3/2/6/6/7/3/7 3 3,Z,0.625,6,SLEEP,Z,0.1603554,0.3282917
3/7/3/2/6/6/7/7/5 3 3,X,-0.5769230769230769230769230769,10,SLEEP,Z,0.05408939,0.1821514
3/7/3/2/6/6/7/7/3 3 3,X,0.60,6,SLEEP,Z,0.1058716,0.1992144
3/7/3/2/6/5/6/7/7 3 3,X,-0.6538461538461538461538461539,8,SLEEP,Z,0.1937488,0.4537502
3/7/3/2/6/5/5/7/7 3 3,X,-0.5769230769230769230769230769,4,SLEEP,Z,0.03224244,0.1408782
3/7/3/2/6/5/3/7/7 3 3,X,0.60,2,SLEEP,Z,0.04692633,0.1583112
3/7/3/2/6/5/7/6/7 3 3,X,-0.5769230769230769230769230769,12,SLEEP,Z,0.1417436,0.372242
3/7/3/2/6/5/7/5/7 3 3,X,-0.5769230769230769230769230769,4,SLEEP,Z,0.05930617,0.1816875
3/7/3/2/6/5/7/3/7 3 3,X,-0.5769230769230769230769230769,4,SLEEP,Z,0.03730543,0.1293199
3/7/3/2/6/5/7/7/6 3 3,X,-0.6538461538461538461538461539,12,SLEEP,Z,0.1222499,0.4453399
3/7/3/2/6/5/7/7/5 3 3,X,-0.5769230769230769230769230769,6,SLEEP,Z,0.04533554,0.1751245
3/7/3/2/6/5/7/7/3 3 3,X,0.60,4,SLEEP,Z,0.06008943,0.09704097
3/7/3/2/6/3/6/7/7 3 3,X,-0.6538461538461538461538461539,6,SLEEP,Z,0.06307693,0.2333827
3/7/3/2/6/3/5/7/7 3 3,X,-0.5769230769230769230769230769,8,SLEEP,Z,0.07605006,0.2192408
3/7/3/2/6/3/3/7/7 3 3,X,0.60,16,SLEEP,Z,0.04003177,0.1347753
3/7/3/2/6/3/7/6/7 3 3,Z,-0.625,10,SLEEP,Z,0.05782354,0.2228457
3/7/3/2/6/3/7/5/7 3 3,X,-0.5769230769230769230769230769,4,SLEEP,Z,0.03798892,0.154114
3/7/3/2/6/3/7/3/7 3 3,X,-0.5769230769230769230769230769,8,SLEEP,Z,0.1530485,0.3697237
3/7/3/2/6/3/7/7/6 3 3,X,-0.6538461538461538461538461539,10,SLEEP,Z,0.08897869,0.3289514
3/7/3/2/6/3/7/7/5 3 3,X,-0.5769230769230769230769230769,6,SLEEP,Z,0.06243641,0.2376488
3/7/3/2/6/3/7/7/3 3 3,X,0.60,2,SLEEP,Z,0.0115154,0.04652286
3/7/3/2/6/7/2/7/7 3 3,X,-0.5769230769230769230769230769,6,SLEEP,Z,0.1530783,0.3901598
3/7/3/2/6/7/6/6/7 3 3,X,-0.6538461538461538461538461539,10,SLEEP,Z,0.1144556,0.3691759
3/7/3/2/6/7/6/5/7 3 3,X,-0.6538461538461538461538461539,6,SLEEP,Z,0.07566354,0.2256368
3/7/3/2/6/7/6/3/7 3 3,X,-0.6538461538461538461538461539,10,SLEEP,Z,0.07189257,0.2872923
3/7/3/2/6/7/6/7/5 3 3,X,-0.6538461538461538461538461539,10,SLEEP,Z,0.1745801,0.502669
3/7/3/2/6/7/6/7/3 3 3,X,0.7,10,SLEEP,Z,0.2373314,0.3906235
3/7/3/2/6/7/5/6/7 3 3,X,-0.5769230769230769230769230769,10,SLEEP,Z,0.08533375,0.3252099
3/7/3/2/6/7/5/5/7 3 3,X,-0.5769230769230769230769230769,4,SLEEP,Z,0.04157665,0.174129
3/7/3/2/6/7/5/3/7 3 3,X,-0.5769230769230769230769230769,8,SLEEP,Z,0.1311772,0.3723131
3/7/3/2/6/7/5/7/6 3 3,X,-0.6538461538461538461538461539,10,SLEEP,Z,0.07902321,0.3053331
3/7/3/2/6/7/5/7/5 3 3,X,-0.5769230769230769230769230769,4,SLEEP,Z,0.05179328,0.1887398
3/7/3/2/6/7/5/7/3 3 3,X,0.6,4,SLEEP,Z,0.1528049,0.285119
3/7/3/2/6/7/3/6/7 3 3,X,0.6,4,SLEEP,Z,0.1163299,0.4091889
3/7/3/2/6/7/3/5/7 3 3,X,0.6,6,SLEEP,Z,0.05398811,0.1741158
3/7/3/2/6/7/3/3/7 3 3,X,0.6,8,SLEEP,Z,0.04588078,0.1633081
3/7/3/2/6/7/3/7/6 3 3,X,-0.7,6,SLEEP,Z,0.1203354,0.322699
3/7/3/2/6/7/3/7/5 3 3,X,0.6,4,SLEEP,Z,0.03885807,0.1435415
3/7/3/2/6/7/3/7/3 3 3,X,0.7,6,SLEEP,Z,0.0577282,0.09892799
3/7/3/2/6/7/7/2/7 3 3,X,-0.5769230769230769230769230769,6,SLEEP,Z,0.06550078,0.2514789
3/7/3/2/6/7/7/6/6 3 3,X,-0.6538461538461538461538461539,8,SLEEP,Z,0.08561097,0.3578084
3/7/3/2/6/7/7/6/5 3 3,X,-0.5769230769230769230769230769,10,SLEEP,Z,0.1328835,0.4621606
3/7/3/2/6/7/7/6/3 3 3,X,0.6,6,SLEEP,Z,0.06778238,0.2582721
3/7/3/2/6/7/7/5/6 3 3,X,-0.6538461538461538461538461539,8,SLEEP,Z,0.0846627,0.3602348
3/7/3/2/6/7/7/5/5 3 3,X,-0.5769230769230769230769230769,6,SLEEP,Z,0.04955254,0.2026471
3/7/3/2/6/7/7/5/3 3 3,X,0.6,6,SLEEP,Z,0.04796378,0.1919484
3/7/3/2/6/7/7/3/6 3 3,X,-0.6538461538461538461538461539,12,SLEEP,Z,0.1606607,0.502396
3/7/3/2/6/7/7/3/5 3 3,X,-0.5769230769230769230769230769,12,SLEEP,Z,0.05949579,0.2313381
3/7/3/2/6/7/7/3/3 3 3,X,0.6,10,SLEEP,Z,0.04851454,0.1569614
3/7/3/2/6/6/7/7/6 3 3,X,-0.6538461538461538461538461539,12,SLEEP,Z,0.1400533,0.465778
3/7/3/2/6/7/7/7/4 3 3,X,-0.6538461538461538461538461539,6,SLEEP,Z,0.06032033,0.2573593
3/7/3/2/6/7/7/7/2 3 3,X,-0.5769230769230769230769230769,6,SLEEP,Z,0.1382865,0.3801586
3/7/3/2/6/7/7/7/1 3 3,X,0.6,6,SLEEP,Z,0.03639935,0.1333794
3/7/3/2/5/2/7/7/7 3 3,X,-0.5,8,SLEEP,Z,0.05250435,0.2184792
3/7/3/2/5/6/6/7/7 3 3,X,-0.5769230769230769230769230769,8,SLEEP,Z,0.08938118,0.3532129
3/7/3/2/5/6/5/7/7 3 3,X,-0.5,8,SLEEP,Z,0.04417462,0.1789395
3/7/3/2/5/6/3/7/7 3 3,Z,0.5,6,SLEEP,Z,0.04139037,0.1583664
3/7/3/2/5/6/7/6/7 3 3,X,-0.5,16,SLEEP,Z,0.08355095,0.2776479
3/7/3/2/5/6/7/5/7 3 3,X,-0.5,6,SLEEP,Z,0.04418748,0.1957568
3/7/3/2/5/6/7/3/7 3 3,Z,0.625,10,SLEEP,Z,0.08542378,0.3549203
3/7/3/2/5/6/7/7/6 3 3,X,-0.5769230769230769230769230769,6,SLEEP,Z,0.07889897,0.2775955
3/7/3/2/5/6/7/7/5 3 3,X,-0.5,10,SLEEP,Z,0.05746767,0.4243211
3/7/3/2/5/6/7/7/3 3 3,Z,0.5,6,SLEEP,Z,0.06495563,0.2597241
3/7/3/2/5/5/6/7/7 3 3,X,-0.5769230769230769230769230769,10,SLEEP,Z,0.118563,0.4359522
3/7/3/2/5/5/5/7/7 3 3,X,-0.5,8,SLEEP,Z,0.06281836,0.2536856
3/7/3/2/5/5/3/7/7 3 3,X,-0.5,12,SLEEP,Z,0.07346378,0.3586342
3/7/3/2/5/5/7/6/7 3 3,X,-0.5,8,SLEEP,Z,0.07989988,0.318198
3/7/3/2/5/5/7/5/7 3 3,X,-0.5,6,SLEEP,Z,0.05321759,0.2223737
3/7/3/2/5/5/7/3/7 3 3,X,-0.5,8,SLEEP,Z,0.05403188,0.2334965
3/7/3/2/5/5/7/7/6 3 3,X,-0.5769230769230769230769230769,8,SLEEP,Z,0.07394988,0.2784417
3/7/3/2/5/5/7/7/5 3 3,X,-0.5,6,SLEEP,Z,0.04695963,0.1998882
3/7/3/2/5/5/7/7/3 3 3,X,-0.4230769230769230769230769231,8,SLEEP,Z,0.05027313,0.218869
3/7/3/2/5/3/6/7/7 3 3,X,-0.5769230769230769230769230769,10,SLEEP,Z,0.06172255,0.262094
3/7/3/2/5/3/5/7/7 3 3,X,-0.5,6,SLEEP,Z,0.06796966,0.2096161
3/7/3/2/5/3/3/7/7 3 3,Z,-0.5,8,SLEEP,Z,0.04672415,0.1801077
3/7/3/2/5/3/7/6/7 3 3,Z,-0.625,6,SLEEP,Z,0.0586733,0.244309
3/7/3/2/5/3/7/5/7 3 3,X,-0.5,6,SLEEP,Z,0.04914973,0.2156409
3/7/3/2/5/3/7/3/7 3 3,X,-0.5,10,SLEEP,Z,0.09436619,0.3305038
3/7/3/2/5/3/7/7/6 3 3,X,-0.5769230769230769230769230769,8,SLEEP,Z,0.0782756,0.3214904
3/7/3/2/5/3/7/7/5 3 3,X,-0.5,4,SLEEP,Z,0.05481418,0.1976291
3/7/3/2/5/3/7/7/3 3 3,Z,-0.5,8,SLEEP,Z,0.04247064,0.1799066
3/7/3/2/5/7/2/7/7 3 3,X,-0.5,6,SLEEP,Z,0.06570284,0.2483809
3/7/3/2/5/7/6/6/7 3 3,X,-0.5769230769230769230769230769,10,SLEEP,Z,0.1236942,0.3911129
3/7/3/2/5/7/6/5/7 3 3,X,-0.5769230769230769230769230769,8,SLEEP,Z,0.07061753,0.2952066
3/7/3/2/5/7/6/3/7 3 3,X,-0.5769230769230769230769230769,8,SLEEP,Z,0.0614809,0.2425679
3/7/3/2/5/7/6/7/6 3 3,X,-0.6538461538461538461538461539,10,SLEEP,Z,0.1046401,0.3986097
3/7/3/2/5/7/6/7/5 3 3,X,-0.5769230769230769230769230769,10,SLEEP,Z,0.07899433,0.361953
3/7/3/2/5/7/6/7/3 3 3,X,0.7,6,SLEEP,Z,0.03619367,0.1488932
3/7/3/2/5/7/5/6/7 3 3,X,-0.5,14,SLEEP,Z,0.1219754,0.4492345
3/7/3/2/5/7/5/5/7 3 3,X,-0.5,6,SLEEP,Z,0.06708869,0.3083854
3/7/3/2/5/7/5/3/7 3 3,X,-0.5,8,SLEEP,Z,0.05233565,0.2183121
3/7/3/2/5/7/5/7/6 3 3,X,-0.5769230769230769230769230769,8,SLEEP,Z,0.0751678,0.3182065
3/7/3/2/5/7/5/7/5 3 3,X,-0.5,6,SLEEP,Z,0.05162017,0.2401796
3/7/3/2/5/7/5/7/3 3 3,X,-0.4230769230769230769230769231,6,SLEEP,Z,0.03702237,0.158586
3/7/3/2/5/7/3/6/7 3 3,X,-0.5,6,SLEEP,Z,0.03397013,0.1508818
3/7/3/2/5/7/3/5/7 3 3,X,-0.5,8,SLEEP,Z,0.06042793,0.2393343
3/7/3/2/5/7/3/3/7 3 3,X,-0.5,18,SLEEP,Z,0.06210362,0.2425433
3/7/3/2/5/7/3/7/6 3 3,X,-0.7,8,SLEEP,Z,0.07749284,0.2812945
3/7/3/2/5/7/3/7/5 3 3,X,-0.5,8,SLEEP,Z,0.05068953,0.2305118
3/7/3/2/5/7/3/7/3 3 3,X,-0.3461538461538461538461538461,4,SLEEP,Z,0.03233932,0.3665068
3/7/3/2/5/7/7/2/7 3 3,X,-0.5,8,SLEEP,Z,0.04026038,0.1714902
3/7/3/2/5/7/7/6/6 3 3,X,-0.5769230769230769230769230769,10,SLEEP,Z,0.1318899,0.4766094
3/7/3/2/5/7/7/6/5 3 3,X,-0.5,8,SLEEP,Z,0.06316227,0.2236251
3/7/3/2/5/7/7/6/3 3 3,Z,0.5,12,SLEEP,Z,0.05189553,0.2031972
3/7/3/2/5/7/7/5/6 3 3,X,-0.5769230769230769230769230769,8,SLEEP,Z,0.05616977,0.2435348
3/7/3/2/5/7/7/5/5 3 3,X,-0.5,6,SLEEP,Z,0.04275576,0.1847508
3/7/3/2/5/7/7/5/3 3 3,X,-0.4230769230769230769230769231,2,SLEEP,Z,0.0242991,0.1076631
3/7/3/2/5/7/7/3/6 3 3,X,-0.5769230769230769230769230769,8,SLEEP,Z,0.05158406,0.2197123
3/7/3/2/5/7/7/3/5 3 3,X,-0.5,10,SLEEP,Z,0.06293056,0.2774003
3/7/3/2/5/7/7/3/3 3 3,Z,-0.5,6,SLEEP,Z,0.02852354,0.1258025
3/7/3/2/5/7/7/7/4 3 3,X,-0.5769230769230769230769230769,10,SLEEP,Z,0.1176024,0.4495353
3/7/3/2/5/7/7/7/2 3 3,X,-0.5,8,SLEEP,Z,0.07471567,0.284471
3/7/3/2/5/7/7/7/1 3 3,X,-0.4230769230769230769230769231,6,SLEEP,Z,0.0353619,0.1545307
3/7/3/2/3/2/7/7/7 3 3,X,-0.5,6,SLEEP,Z,0.09592311,0.3315724
3/7/3/2/3/6/6/7/7 3 3,X,-0.60,16,SLEEP,Z,0.09685474,0.331039
3/7/3/2/3/6/5/7/7 3 3,X,-0.5,6,SLEEP,Z,0.09230208,0.3396872
3/7/3/2/3/6/3/7/7 3 3,Z,0.5,8,SLEEP,Z,0.07773533,0.2875469
3/7/3/2/3/6/7/6/7 3 3,X,-0.5,12,SLEEP,Z,0.05726236,0.1916065
3/7/3/2/3/6/7/5/7 3 3,X,-0.5,6,SLEEP,Z,0.06611452,0.2496963
3/7/3/2/3/6/7/3/7 3 3,Z,0.625,6,SLEEP,Z,0.05839253,0.23365
3/7/3/2/3/6/7/7/6 3 3,X,-0.60,14,SLEEP,Z,0.08742955,0.292882
3/7/3/2/3/6/7/7/3 3 3,Z,0.5,4,SLEEP,Z,0.04059157,0.1471602
3/7/3/2/3/5/6/7/7 3 3,X,-0.60,8,SLEEP,Z,0.09368834,0.3188107
3/7/3/2/3/5/5/7/7 3 3,X,-0.5,12,SLEEP,Z,0.1505192,0.4336653
3/7/3/2/3/5/3/7/7 3 3,X,-0.5,2,SLEEP,Z,0.01954239,0.08709697
3/7/3/2/3/5/7/6/7 3 3,X,-0.5,42,SLEEP,Z,0.06009032,0.2254695
3/7/3/2/3/5/7/5/7 3 3,X,-0.5,6,SLEEP,Z,0.07118481,0.2605781
3/7/3/2/3/5/7/3/7 3 3,X,-0.5,6,SLEEP,Z,0.05278156,0.1755147
3/7/3/2/3/5/7/7/6 3 3,X,-0.60,6,SLEEP,Z,0.07320078,0.2637639
3/7/3/2/3/5/7/7/5 3 3,X,-0.5,8,SLEEP,Z,0.04798302,0.1430336
3/7/3/2/3/5/7/7/3 3 3,X,-0.40,4,SLEEP,Z,0.03756099,0.1237814
3/7/3/2/3/3/6/7/7 3 3,X,-0.60,6,SLEEP,Z,0.0765939,0.2637976
3/7/3/2/3/3/5/7/7 3 3,X,-0.5,8,SLEEP,Z,0.06228954,0.2365159
3/7/3/2/3/3/3/7/7 3 3,Z,-0.5,6,SLEEP,Z,0.05034604,0.1823141
3/7/3/2/3/3/7/6/7 3 3,Z,-0.625,8,SLEEP,Z,0.05067518,0.1968766
3/7/3/2/3/3/7/5/7 3 3,X,-0.5,6,SLEEP,Z,0.05784012,0.2220877
3/7/3/2/3/3/7/3/7 3 3,X,-0.5,18,SLEEP,Z,0.0699963,0.2807443
3/7/3/2/3/3/7/7/6 3 3,X,-0.60,10,SLEEP,Z,0.1673073,0.5245075
3/7/3/2/3/3/7/7/5 3 3,X,-0.5,8,SLEEP,Z,0.04753505,0.1742742
3/7/3/2/3/3/7/7/3 3 3,Z,-0.5,32,SLEEP,Z,0.03282795,0.12955
3/7/3/2/3/7/2/7/7 3 3,X,-0.5,6,SLEEP,Z,0.06423473,0.2324727
3/7/3/2/3/7/6/6/7 3 3,X,-0.6,10,SLEEP,Z,0.1242379,0.4930379
3/7/3/2/3/7/6/5/7 3 3,X,-0.6,6,SLEEP,Z,0.07520478,0.2858398
3/7/3/2/3/7/6/3/7 3 3,X,-0.6,8,SLEEP,Z,0.07133214,0.2474856
3/7/3/2/3/7/6/7/6 3 3,X,-0.7,8,SLEEP,Z,0.09804315,0.3398023
3/7/3/2/3/7/6/7/5 3 3,X,-0.6,6,SLEEP,Z,0.05381775,0.2037838
3/7/3/2/3/7/6/7/3 3 3,X,0.7,6,SLEEP,Z,0.06123122,0.2264379
3/7/3/2/3/7/5/6/7 3 3,X,-0.5,6,SLEEP,Z,0.1077494,0.2694168
3/7/3/2/3/7/5/5/7 3 3,X,-0.5,4,SLEEP,Z,0.04886118,0.1512195
3/7/3/2/3/7/5/3/7 3 3,X,-0.5,12,SLEEP,Z,0.1014785,0.2897908
3/7/3/2/3/7/5/7/6 3 3,X,-0.6,4,SLEEP,Z,0.05054845,0.2127644
3/7/3/2/3/7/5/7/5 3 3,X,-0.5,6,SLEEP,Z,0.04093622,0.1649852
3/7/3/2/3/7/5/7/3 3 3,X,-0.4,6,SLEEP,Z,0.07695394,0.2671743
3/7/3/2/3/7/3/6/7 3 3,X,-0.5,6,SLEEP,Z,0.06762824,0.2242008
3/7/3/2/3/7/3/5/7 3 3,X,-0.5,6,SLEEP,Z,0.04801641,0.2007774
3/7/3/2/3/7/3/3/7 3 3,X,-0.5,6,SLEEP,Z,0.08927757,0.2451553
3/7/3/2/3/7/3/7/6 3 3,X,-0.7,8,SLEEP,Z,0.1249424,0.3629497
3/7/3/2/3/7/3/7/5 3 3,X,-0.5,8,SLEEP,Z,0.1077965,0.3106744
3/7/3/2/3/7/3/7/3 3 3,X,-0.3,4,SLEEP,Z,0.01392146,0.04764389
3/7/3/2/3/7/7/2/7 3 3,X,-0.5,8,SLEEP,Z,0.05114936,0.168724
3/7/3/2/3/7/7/6/6 3 3,X,-0.6,10,SLEEP,Z,0.0738514,0.3002284
3/7/3/2/3/7/7/6/5 3 3,X,-0.5,8,SLEEP,Z,0.07044873,0.2537398
3/7/3/2/3/7/7/6/3 3 3,Z,0.5,6,SLEEP,Z,0.04079806,0.1477684
3/7/3/2/3/7/7/5/6 3 3,X,-0.6,6,SLEEP,Z,0.151633,0.4318021
3/7/3/2/3/7/7/5/5 3 3,X,-0.5,10,SLEEP,Z,0.06291598,0.224183
3/7/3/2/3/7/7/5/3 3 3,X,-0.4,4,SLEEP,Z,0.04214458,0.1843931
3/7/3/2/3/7/7/3/6 3 3,X,-0.6,8,SLEEP,Z,0.08648676,0.3365562
3/7/3/2/3/7/7/3/5 3 3,X,-0.5,8,SLEEP,Z,0.07110918,0.2848617
3/7/3/2/3/7/7/3/3 3 3,Z,-0.5,6,SLEEP,Z,0.03698291,0.1521541
3/7/3/2/3/7/7/7/4 3 3,X,-0.6,6,SLEEP,Z,0.07940632,0.2828029
3/7/3/2/3/7/7/7/2 3 3,X,-0.5,8,SLEEP,Z,0.1093844,0.2920507
3/7/3/2/3/6/7/7/5 3 3,X,-0.5,6,SLEEP,Z,0.03916474,0.1686328
3/7/3/2/3/7/7/7/1 3 3,X,-0.4,4,SLEEP,Z,0.01952238,0.08145837
3/7/3/2/7/2/6/7/7 3 3,X,-0.5769230769230769230769230769,4,SLEEP,Z,0.06476092,0.2634487
3/7/3/2/7/2/5/7/7 3 3,X,-0.5,8,SLEEP,Z,0.06090173,0.2493568
3/7/3/2/7/2/3/7/7 3 3,X,-0.5,8,SLEEP,Z,0.1175999,0.3545277
3/7/3/2/7/2/7/6/7 3 3,X,-0.5,10,SLEEP,Z,0.0791248,0.2406313
3/7/3/2/7/2/7/5/7 3 3,X,-0.5,8,SLEEP,Z,0.08649924,0.4186545
3/7/3/2/7/2/7/3/7 3 3,X,-0.5,22,SLEEP,Z,0.07095483,0.2736742
3/7/3/2/7/2/7/7/6 3 3,X,-0.5769230769230769230769230769,10,SLEEP,Z,0.109047,0.4233253
3/7/3/2/7/2/7/7/5 3 3,X,-0.5,8,SLEEP,Z,0.0589411,0.2366012
3/7/3/2/7/2/7/7/3 3 3,X,-0.4230769230769230769230769231,4,SLEEP,Z,0.05042703,0.1668682
3/7/3/2/7/6/2/7/7 3 3,X,-0.5,8,SLEEP,Z,0.071463,0.2569979
3/7/3/2/7/6/6/5/7 3 3,X,-0.5769230769230769230769230769,8,SLEEP,Z,0.0604647,0.1989492
3/7/3/2/7/6/6/3/7 3 3,Z,0.6428571428571428571428571429,8,SLEEP,Z,0.08314747,0.2939738
3/7/3/2/7/6/6/7/6 3 3,X,-0.6538461538461538461538461538,8,SLEEP,Z,0.08773936,0.3581411
3/7/3/2/7/6/6/7/5 3 3,X,-0.5769230769230769230769230769,10,SLEEP,Z,0.0679524,0.2664014
3/7/3/2/7/6/6/7/3 3 3,X,0.7,6,SLEEP,Z,0.05332002,0.1914393
3/7/3/2/7/6/5/6/7 3 3,X,-0.5,10,SLEEP,Z,0.07360365,0.2782177
3/7/3/2/7/6/5/5/7 3 3,X,-0.5,8,SLEEP,Z,0.06666829,0.2452243
3/7/3/2/7/6/5/3/7 3 3,Z,0.6428571428571428571428571429,4,SLEEP,Z,0.03988093,0.1579648
3/7/3/2/7/6/5/7/6 3 3,X,-0.5769230769230769230769230769,6,SLEEP,Z,0.09517074,0.3845637
3/7/3/2/7/6/5/7/3 3 3,Z,0.5,12,SLEEP,Z,0.07130466,0.2439224
3/7/3/2/7/6/3/6/7 3 3,X,-0.5,6,SLEEP,Z,0.1082724,0.3811841
3/7/3/2/7/6/3/5/7 3 3,Z,0.5,6,SLEEP,Z,0.05255459,0.1978344
3/7/3/2/7/6/3/3/7 3 3,Z,0.6428571428571428571428571429,4,SLEEP,Z,0.05754722,0.1991193
3/7/3/2/7/6/3/7/6 3 3,X,-0.7,4,SLEEP,Z,0.04735384,0.164501
3/7/3/2/7/6/3/7/5 3 3,Z,0.5,6,SLEEP,Z,0.09180197,0.296032
3/7/3/2/7/6/3/7/3 3 3,Z,0.5,4,SLEEP,Z,0.06818222,0.3086806
3/7/3/2/7/6/7/5/6 3 3,X,-0.5769230769230769230769230769,8,SLEEP,Z,0.06729472,0.2456545
3/7/3/2/7/6/7/5/5 3 3,X,-0.5,10,SLEEP,Z,0.1235195,0.4659224
3/7/3/2/7/6/7/5/3 3 3,Z,0.5,6,SLEEP,Z,0.06787091,0.2594098
3/7/3/2/7/6/7/3/6 3 3,Z,0.6428571428571428571428571429,4,SLEEP,Z,0.08086494,0.3314163
3/7/3/2/7/6/7/3/5 3 3,Z,0.6428571428571428571428571429,8,SLEEP,Z,0.05342209,0.2306794
3/7/3/2/7/6/7/3/3 3 3,Z,0.6428571428571428571428571429,6,SLEEP,Z,0.05521686,0.2197063
3/7/3/2/7/6/7/6/6 3 3,X,-0.5769230769230769230769230769,8,SLEEP,Z,0.1456275,0.5082695
3/7/3/2/7/6/7/7/4 3 3,X,-0.5769230769230769230769230769,12,SLEEP,Z,0.09416755,0.3992534
3/7/3/2/7/6/7/7/2 3 3,X,-0.5,8,SLEEP,Z,0.06545236,0.2712446
3/7/3/2/7/6/5/7/5 3 3,X,-0.5,6,SLEEP,Z,0.0343679,0.1493538
3/7/3/2/7/6/7/6/5 3 3,X,-0.5,6,SLEEP,Z,0.0602785,0.2281772
3/7/3/2/7/6/7/7/1 3 3,Z,0.5,4,SLEEP,Z,0.0704789,0.2793666
3/7/3/2/7/6/7/6/3 3 3,Z,0.5,6,SLEEP,Z,0.04574401,0.1532406
3/7/3/2/7/5/2/7/7 3 3,X,-0.5,8,SLEEP,Z,0.06550498,0.2394385
3/7/3/2/7/5/6/6/7 3 3,X,-0.5769230769230769230769230769,16,SLEEP,Z,0.1062584,0.4458622
3/7/3/2/7/5/6/5/7 3 3,X,-0.5769230769230769230769230769,4,SLEEP,Z,0.04046394,0.1659504
3/7/3/2/7/5/6/3/7 3 3,X,-0.5769230769230769230769230769,8,SLEEP,Z,0.1006956,0.3670626
3/7/3/2/7/5/6/7/6 3 3,X,-0.6538461538461538461538461538,10,SLEEP,Z,0.1465911,0.5585991
3/7/3/2/7/5/6/7/5 3 3,X,-0.5769230769230769230769230769,10,SLEEP,Z,0.1261676,0.4638548
3/7/3/2/7/5/6/7/3 3 3,X,0.7,6,SLEEP,Z,0.03680104,0.1189613
3/7/3/2/7/5/5/6/7 3 3,X,-0.5,6,SLEEP,Z,0.06144428,0.253332
3/7/3/2/7/5/5/5/7 3 3,X,-0.5,6,SLEEP,Z,0.03981129,0.1453212
3/7/3/2/7/5/5/3/7 3 3,X,-0.5,6,SLEEP,Z,0.0413412,0.1741139
3/7/3/2/7/5/5/7/6 3 3,X,-0.5769230769230769230769230769,10,SLEEP,Z,0.09248015,0.3531854
3/7/3/2/7/5/5/7/5 3 3,X,-0.5,4,SLEEP,Z,0.05610042,0.2325336
3/7/3/2/7/5/5/7/3 3 3,X,-0.4230769230769230769230769231,6,SLEEP,Z,0.08451571,0.2951184
3/7/3/2/7/5/3/6/7 3 3,X,-0.5,8,SLEEP,Z,0.1180094,0.4352649
3/7/3/2/7/5/3/5/7 3 3,X,-0.5,6,SLEEP,Z,0.07478682,0.3092343
3/7/3/2/7/5/3/3/7 3 3,X,-0.5,6,SLEEP,Z,0.04531537,0.1511033
3/7/3/2/7/5/3/7/6 3 3,X,-0.7,6,SLEEP,Z,0.09530482,0.282682
3/7/3/2/7/5/3/7/5 3 3,X,-0.5,6,SLEEP,Z,0.073346,0.248716
3/7/3/2/7/5/3/7/3 3 3,X,-0.3461538461538461538461538462,4,SLEEP,Z,0.04531996,0.1633089
3/7/3/2/7/5/7/2/7 3 3,X,-0.5,6,SLEEP,Z,0.04756682,0.1985178
3/7/3/2/7/5/7/6/6 3 3,X,-0.5769230769230769230769230769,12,SLEEP,Z,0.1351597,0.4938806
3/7/3/2/7/5/7/6/5 3 3,X,-0.5,8,SLEEP,Z,0.09733593,0.3699363
3/7/3/2/7/5/7/6/3 3 3,Z,0.5,8,SLEEP,Z,0.03922975,0.1637134
3/7/3/2/7/5/7/5/6 3 3,X,-0.5769230769230769230769230769,6,SLEEP,Z,0.07056303,0.2882396
3/7/3/2/7/5/7/5/5 3 3,X,-0.5,8,SLEEP,Z,0.1050795,0.4153024
3/7/3/2/7/5/7/5/3 3 3,X,-0.4230769230769230769230769231,4,SLEEP,Z,0.0268816,0.1065542
3/7/3/2/7/5/7/3/6 3 3,X,-0.5769230769230769230769230769,6,SLEEP,Z,0.06652961,0.2796533
3/7/3/2/7/5/7/3/5 3 3,X,-0.5,8,SLEEP,Z,0.06806838,0.2827418
3/7/3/2/7/5/7/3/3 3 3,Z,-0.5,6,SLEEP,Z,0.03529719,0.1451365
3/7/3/2/7/5/7/7/4 3 3,X,-0.5769230769230769230769230769,8,SLEEP,Z,0.06783774,0.2840912
3/7/3/2/7/5/7/7/2 3 3,X,-0.5,8,SLEEP,Z,0.04428358,0.1988152
3/7/3/2/7/5/7/7/1 3 3,X,-0.4230769230769230769230769231,6,SLEEP,Z,0.0498534,0.2104701
3/7/3/2/7/3/2/7/7 3 3,X,-0.5,12,SLEEP,Z,0.07204043,0.271459
3/7/3/2/7/3/6/6/7 3 3,Z,-0.6428571428571428571428571429,6,SLEEP,Z,0.04817427,0.1995079
3/7/3/2/7/3/6/5/7 3 3,X,-0.5769230769230769230769230769,12,SLEEP,Z,0.1029467,0.4046077
3/7/3/2/7/3/6/3/7 3 3,X,-0.5769230769230769230769230769,10,SLEEP,Z,0.07345833,0.2684543
3/7/3/2/7/3/6/7/6 3 3,X,-0.6538461538461538461538461538,10,SLEEP,Z,0.1100286,0.4005803
3/7/3/2/7/3/6/7/5 3 3,X,-0.5769230769230769230769230769,6,SLEEP,Z,0.08238474,0.3277389
3/7/3/2/7/3/6/7/3 3 3,X,0.7,6,SLEEP,Z,0.07675706,0.2422641
3/7/3/2/7/3/5/6/7 3 3,Z,-0.6428571428571428571428571429,6,SLEEP,Z,0.05483977,0.2492856
3/7/3/2/7/3/5/5/7 3 3,X,-0.5,8,SLEEP,Z,0.07750826,0.3170058
3/7/3/2/7/3/5/3/7 3 3,X,-0.5,6,SLEEP,Z,0.05146373,0.2486548
3/7/3/2/7/3/5/7/6 3 3,X,-0.5769230769230769230769230769,10,SLEEP,Z,0.07532816,0.2971829
3/7/3/2/7/3/5/7/5 3 3,X,-0.5,10,SLEEP,Z,0.04332221,0.1843072
3/7/3/2/7/3/5/7/3 3 3,Z,-0.5,12,SLEEP,Z,0.05099291,0.2220002
3/7/3/2/7/3/3/6/7 3 3,Z,-0.6428571428571428571428571429,8,SLEEP,Z,0.04363824,0.1360206
3/7/3/2/7/3/3/5/7 3 3,Z,-0.5,6,SLEEP,Z,0.02826766,0.12985
3/7/3/2/7/3/3/3/7 3 3,X,-0.5,8,SLEEP,Z,0.0608892,0.2220117
3/7/3/2/7/3/3/7/6 3 3,X,-0.7,8,SLEEP,Z,0.1251913,0.4343372
3/7/3/2/7/3/3/7/5 3 3,Z,-0.5,14,SLEEP,Z,0.05943881,0.2348365
3/7/3/2/7/3/3/7/3 3 3,Z,-0.5,4,SLEEP,Z,0.05208884,0.1559962
3/7/3/2/7/3/7/2/7 3 3,X,-0.5,6,SLEEP,Z,0.1096188,0.3306569
3/7/3/2/7/3/7/6/6 3 3,Z,-0.6428571428571428571428571429,8,SLEEP,Z,0.08520301,0.3880878
3/7/3/2/7/3/7/6/5 3 3,Z,-0.6428571428571428571428571429,6,SLEEP,Z,0.1101526,0.3588654
3/7/3/2/7/3/7/6/3 3 3,Z,-0.6428571428571428571428571429,8,SLEEP,Z,0.06437022,0.1696179
3/7/3/2/7/3/7/5/6 3 3,X,-0.5769230769230769230769230769,10,SLEEP,Z,0.1222093,0.4837067
3/7/3/2/7/3/7/5/5 3 3,X,-0.5,6,SLEEP,Z,0.05228851,0.2304282
3/7/3/2/7/3/7/5/3 3 3,Z,-0.5,6,SLEEP,Z,0.07067142,0.2553238
3/7/3/2/7/3/7/3/6 3 3,X,-0.5769230769230769230769230769,10,SLEEP,Z,0.08895195,0.3977588
3/7/3/2/7/3/7/3/5 3 3,X,-0.5,8,SLEEP,Z,0.07432629,0.2995068
3/7/3/2/7/3/7/3/3 3 3,Z,-0.5,6,SLEEP,Z,0.05699823,0.2298722
3/7/3/2/7/3/7/7/4 3 3,X,-0.5769230769230769230769230769,8,SLEEP,Z,0.08487248,0.3458228
3/7/3/2/7/3/7/7/2 3 3,X,-0.5,8,SLEEP,Z,0.05664481,0.2130013
3/7/3/2/7/3/7/7/1 3 3,Z,-0.5,6,SLEEP,Z,0.04596562,0.2008851
3/7/3/2/7/7/2/6/7 3 3,X,-0.5,6,SLEEP,Z,0.03762476,0.1454294
3/7/3/2/7/7/2/5/7 3 3,X,-0.5,4,SLEEP,Z,0.06015004,0.1753697
3/7/3/2/7/7/2/3/7 3 3,X,-0.5,10,SLEEP,Z,0.09430237,0.3206594
3/7/3/2/7/7/2/7/6 3 3,X,-0.5769230769230769230769230769,6,SLEEP,Z,0.08283081,0.336174
3/7/3/2/7/7/2/7/5 3 3,X,-0.5,8,SLEEP,Z,0.07591259,0.2939954
3/7/3/2/7/7/2/7/3 3 3,X,-0.4230769230769230769230769231,4,SLEEP,Z,0.05136867,0.1912648
3/7/3/2/7/6/6/6/7 3 3,X,-0.5769230769230769230769230769,8,SLEEP,Z,0.09807848,0.3326878
3/7/3/2/7/7/6/2/7 3 3,X,-0.5769230769230769230769230769,8,SLEEP,Z,0.07298582,0.2877977
3/7/3/2/7/7/6/6/5 3 3,X,-0.5769230769230769230769230769,8,SLEEP,Z,0.0678948,0.2476217
3/7/3/2/7/7/6/6/3 3 3,X,0.75,8,SLEEP,Z,0.06369694,0.2515576
3/7/3/2/7/7/6/5/6 3 3,X,-0.6538461538461538461538461538,8,SLEEP,Z,0.1071695,0.427668
3/7/3/2/7/7/6/5/5 3 3,X,-0.5769230769230769230769230769,6,SLEEP,Z,0.06377222,0.252996
3/7/3/2/7/7/6/5/3 3 3,X,0.75,8,SLEEP,Z,0.1908794,0.3937073
3/7/3/2/7/7/6/3/6 3 3,X,-0.6538461538461538461538461538,10,SLEEP,Z,0.1251234,0.4940261
3/7/3/2/7/7/6/3/5 3 3,X,-0.5769230769230769230769230769,10,SLEEP,Z,0.1112368,0.4030931
3/7/3/2/7/7/6/3/3 3 3,X,0.75,6,SLEEP,Z,0.04776386,0.180397
3/7/3/2/7/7/6/6/6 3 3,X,-0.6538461538461538461538461538,14,SLEEP,Z,0.1063448,0.4190471
3/7/3/2/7/7/6/7/4 3 3,X,-0.6538461538461538461538461538,6,SLEEP,Z,0.09423312,0.3986462
3/7/3/2/7/7/6/7/2 3 3,X,-0.5769230769230769230769230769,8,SLEEP,Z,0.07342834,0.298601
3/7/3/2/7/7/6/7/1 3 3,X,0.75,8,SLEEP,Z,0.05867706,0.2133312
3/7/3/2/7/7/5/2/7 3 3,X,-0.5,2,SLEEP,Z,0.05573827,0.2176368
3/7/3/2/7/7/5/6/6 3 3,X,-0.5769230769230769230769230769,8,SLEEP,Z,0.1149396,0.4395937
3/7/3/2/7/7/5/6/5 3 3,X,-0.5,10,SLEEP,Z,0.06193218,0.2315824
3/7/3/2/7/7/5/6/3 3 3,Z,0.5,6,SLEEP,Z,0.04910986,0.206569
3/7/3/2/7/7/5/5/6 3 3,X,-0.5769230769230769230769230769,6,SLEEP,Z,0.06689187,0.2833081
3/7/3/2/7/7/5/5/5 3 3,X,-0.5,8,SLEEP,Z,0.09590111,0.3784558
3/7/3/2/7/7/5/5/3 3 3,X,-0.4230769230769230769230769231,4,SLEEP,Z,0.0353034,0.1460159
3/7/3/2/7/7/5/3/6 3 3,X,-0.5769230769230769230769230769,6,SLEEP,Z,0.07123683,0.2435083
3/7/3/2/7/7/5/3/5 3 3,X,-0.5,8,SLEEP,Z,0.0900189,0.3368154
3/7/3/2/7/7/5/3/3 3 3,Z,-0.5,4,SLEEP,Z,0.04149898,0.1794972
3/7/3/2/7/7/5/7/4 3 3,X,-0.5769230769230769230769230769,6,SLEEP,Z,0.07372817,0.2975199
3/7/3/2/7/7/5/7/2 3 3,X,-0.5,4,SLEEP,Z,0.03997091,0.1603789
3/7/3/2/7/7/5/7/1 3 3,X,-0.4230769230769230769230769231,4,SLEEP,Z,0.07242459,0.2116294
3/7/3/2/7/7/3/2/7 3 3,X,-0.5,4,SLEEP,Z,0.0425499,0.1795762
3/7/3/2/7/7/3/6/6 3 3,X,-0.75,8,SLEEP,Z,0.1145399,0.3549972
3/7/3/2/7/7/3/6/5 3 3,X,-0.5,4,SLEEP,Z,0.04461432,0.1549138
3/7/3/2/7/7/3/6/3 3 3,Z,0.5,6,SLEEP,Z,0.03916803,0.1502082
3/7/3/2/7/7/3/5/6 3 3,X,-0.75,10,SLEEP,Z,0.1003937,0.2874101
3/7/3/2/7/7/3/5/5 3 3,X,-0.5,6,SLEEP,Z,0.06129996,0.2334491
3/7/3/2/7/7/3/5/3 3 3,X,-0.3461538461538461538461538462,4,SLEEP,Z,0.02350872,0.1003465
3/7/3/2/7/7/3/3/6 3 3,X,-0.75,6,SLEEP,Z,0.05857402,0.2307173
3/7/3/2/7/7/3/3/5 3 3,X,-0.5,6,SLEEP,Z,0.05237488,0.2123327
3/7/3/2/7/7/3/3/3 3 3,Z,-0.5,8,SLEEP,Z,0.02271939,0.09763632
3/7/3/2/7/7/3/7/4 3 3,X,-0.75,6,SLEEP,Z,0.08208991,0.2778773
3/7/3/2/7/7/3/7/2 3 3,X,-0.5,4,SLEEP,Z,0.04784707,0.1653996
3/7/3/2/7/7/3/7/1 3 3,X,-0.3461538461538461538461538462,6,SLEEP,Z,0.0493606,0.2079065
3/7/3/2/7/6/7/2/7 3 3,X,-0.5,8,SLEEP,Z,0.0415433,0.1583552
3/7/3/2/7/7/7/2/6 3 3,X,-0.5769230769230769230769230769,8,SLEEP,Z,0.1163946,0.4178352
3/7/3/2/7/7/7/2/5 3 3,X,-0.5,8,SLEEP,Z,0.04205197,0.1913297
3/7/3/2/7/7/7/2/3 3 3,X,-0.4230769230769230769230769231,4,SLEEP,Z,0.03061021,0.133527
3/7/3/2/7/7/7/6/4 3 3,X,-0.5769230769230769230769230769,8,SLEEP,Z,0.06691632,0.2659714
3/7/3/2/7/7/7/6/2 3 3,X,-0.5,6,SLEEP,Z,0.04759172,0.19537
3/7/3/2/7/7/7/6/1 3 3,Z,0.5,6,SLEEP,Z,0.04769295,0.1848188
3/7/3/2/7/7/7/5/4 3 3,X,-0.5769230769230769230769230769,8,SLEEP,Z,0.08053274,0.3461943
3/7/3/2/7/7/7/5/2 3 3,X,-0.5,6,SLEEP,Z,0.0544313,0.2266254
3/7/3/2/7/7/7/5/1 3 3,X,-0.4230769230769230769230769231,6,SLEEP,Z,0.0545827,0.2346515
3/7/3/2/7/7/7/3/4 3 3,X,-0.5769230769230769230769230769,8,SLEEP,Z,0.07136749,0.2927405
3/7/3/2/7/7/7/3/2 3 3,X,-0.5,6,SLEEP,Z,0.05603765,0.2166117
3/7/3/2/7/7/7/3/1 3 3,Z,-0.5,2,SLEEP,Z,0.03362586,0.1429085
3/7/3/6/2/2/7/7/7 3 3,X,-0.5,4,SLEEP,Z,0.07253084,0.1552272
3/7/3/6/2/6/6/7/7 3 3,X,-0.5769230769230769230769230769,8,SLEEP,Z,0.1402721,0.3970938
3/7/3/6/2/6/5/7/7 3 3,X,-0.5,6,SLEEP,Z,0.06053483,0.1957262
3/7/3/6/2/6/3/7/7 3 3,Z,0.5,6,SLEEP,Z,0.05993878,0.1826467
3/7/3/6/2/6/7/6/7 3 3,X,-0.5,4,SLEEP,Z,0.06120316,0.2005071
3/7/3/6/2/6/7/5/7 3 3,X,-0.5,8,SLEEP,Z,0.1283039,0.3005467
3/7/3/6/2/6/7/3/7 3 3,Z,0.625,8,SLEEP,Z,0.06333601,0.2490823
3/7/3/6/2/6/7/7/6 3 3,X,-0.5769230769230769230769230769,10,SLEEP,Z,0.07154296,0.28614
3/7/3/6/2/6/7/7/5 3 3,X,-0.5,6,SLEEP,Z,0.05400071,0.1811427
3/7/3/6/2/6/7/7/3 3 3,Z,0.5,6,SLEEP,Z,0.05570621,0.1805316
3/7/3/6/2/5/6/7/7 3 3,X,-0.5769230769230769230769230769,8,SLEEP,Z,0.06513864,0.2243152
3/7/3/6/2/5/5/7/7 3 3,X,-0.5,6,SLEEP,Z,0.07291286,0.2603536
3/7/3/6/2/5/3/7/7 3 3,Z,0.5,6,SLEEP,Z,0.03683516,0.1388881
3/7/3/6/2/5/7/6/7 3 3,X,-0.5,4,SLEEP,Z,0.05321814,0.1844247
3/7/3/6/2/5/7/5/7 3 3,X,-0.5,6,SLEEP,Z,0.06452591,0.2550879
3/7/3/6/2/5/7/3/7 3 3,Z,0.5909090909090909090909090909,8,SLEEP,Z,0.07090445,0.2031123
3/7/3/6/2/5/7/7/6 3 3,X,-0.5769230769230769230769230769,8,SLEEP,Z,0.08154424,0.3114901
3/7/3/6/2/5/7/7/5 3 3,X,-0.5,4,SLEEP,Z,0.05786209,0.2201612
3/7/3/6/2/5/7/7/3 3 3,Z,0.5,6,SLEEP,Z,0.05932486,0.2108946
3/7/3/6/2/3/6/7/7 3 3,Z,0.5909090909090909090909090909,14,SLEEP,Z,0.07478364,0.2640362
3/7/3/6/2/3/5/7/7 3 3,Z,0.5909090909090909090909090909,10,SLEEP,Z,0.07545418,0.2541368
3/7/3/6/2/3/3/7/7 3 3,Z,0.5909090909090909090909090909,6,SLEEP,Z,0.06593304,0.1965381
3/7/3/6/2/3/7/6/7 3 3,Z,-0.625,8,SLEEP,Z,0.04912627,0.1840995
3/7/3/6/2/3/7/5/7 3 3,Z,0.5909090909090909090909090909,6,SLEEP,Z,0.07308101,0.2699075
3/7/3/6/2/3/7/3/7 3 3,Z,0.6818181818181818181818181818,10,SLEEP,Z,0.06935461,0.2720134
3/7/3/6/2/3/7/7/6 3 3,Z,0.5909090909090909090909090909,16,SLEEP,Z,0.1118065,0.3761614
3/7/3/6/2/3/7/7/5 3 3,Z,0.5909090909090909090909090909,6,SLEEP,Z,0.07184897,0.2355337
3/7/3/6/2/3/7/7/3 3 3,Z,0.5909090909090909090909090909,4,SLEEP,Z,0.02504444,0.06402613
3/7/3/6/2/7/2/7/7 3 3,X,-0.5,6,SLEEP,Z,0.05436737,0.1857367
3/7/3/6/2/7/6/6/7 3 3,X,-0.5769230769230769230769230769,6,SLEEP,Z,0.0590947,0.2181904
3/7/3/6/2/7/6/5/7 3 3,X,-0.5769230769230769230769230769,6,SLEEP,Z,0.06490503,0.2404561
3/7/3/6/2/7/6/3/7 3 3,Z,0.5909090909090909090909090909,8,SLEEP,Z,0.1658782,0.4468237
3/7/3/6/2/7/6/7/6 3 3,X,-0.6538461538461538461538461538,10,SLEEP,Z,0.1402089,0.5345035
3/7/3/6/2/7/6/7/5 3 3,X,-0.5769230769230769230769230769,8,SLEEP,Z,0.1159465,0.3999271
3/7/3/6/2/7/6/7/3 3 3,X,0.7,6,SLEEP,Z,0.05542717,0.2047404
3/7/3/6/2/7/5/6/7 3 3,X,-0.5,6,SLEEP,Z,0.05503279,0.2091147
3/7/3/6/2/7/5/5/7 3 3,X,-0.5,6,SLEEP,Z,0.06430859,0.2261171
3/7/3/6/2/7/5/3/7 3 3,Z,0.5909090909090909090909090909,6,SLEEP,Z,0.05101975,0.1954892
3/7/3/6/2/7/5/7/6 3 3,X,-0.5769230769230769230769230769,6,SLEEP,Z,0.07650518,0.2915777
3/7/3/6/2/7/5/7/5 3 3,X,-0.5,6,SLEEP,Z,0.1257046,0.3490601
3/7/3/6/2/7/5/7/3 3 3,Z,0.5,6,SLEEP,Z,0.08328044,0.1807179
3/7/3/6/2/7/3/6/7 3 3,X,-0.5,2,SLEEP,Z,0.03730629,0.1104943
3/7/3/6/2/7/3/5/7 3 3,Z,0.5,8,SLEEP,Z,0.0948111,0.3116837
3/7/3/6/2/7/3/3/7 3 3,Z,0.5909090909090909090909090909,6,SLEEP,Z,0.07958581,0.2548341
3/7/3/6/2/7/3/7/6 3 3,X,-0.7,8,SLEEP,Z,0.1161946,0.3536925
3/7/3/6/2/7/3/7/5 3 3,Z,0.5,6,SLEEP,Z,0.09087384,0.3938761
3/7/3/6/2/7/3/7/3 3 3,Z,0.5,2,SLEEP,Z,0.0598039,0.1201048
3/7/3/6/2/7/7/2/7 3 3,X,-0.5,6,SLEEP,Z,0.05913921,0.2027202
3/7/3/6/2/7/7/6/6 3 3,X,-0.5769230769230769230769230769,10,SLEEP,Z,0.1213497,0.4357285
3/7/3/6/2/7/7/6/5 3 3,X,-0.5,6,SLEEP,Z,0.06364751,0.2248935
3/7/3/6/2/7/7/6/3 3 3,Z,0.5,2,SLEEP,Z,0.0323661,0.1130006
3/7/3/6/2/7/7/5/6 3 3,X,-0.5769230769230769230769230769,8,SLEEP,Z,0.08752134,0.3069772
3/7/3/6/2/7/7/5/5 3 3,X,-0.5,8,SLEEP,Z,0.06852182,0.2362742
3/7/3/6/2/7/7/5/3 3 3,Z,0.5,4,SLEEP,Z,0.03621372,0.1238776
3/7/3/6/2/7/7/3/6 3 3,Z,0.5909090909090909090909090909,14,SLEEP,Z,0.085524,0.3048074
3/7/3/6/2/7/7/3/5 3 3,Z,0.5909090909090909090909090909,6,SLEEP,Z,0.07626441,0.28675
3/7/3/6/2/7/7/3/3 3 3,Z,0.5909090909090909090909090909,8,SLEEP,Z,0.1049392,0.2220147
3/7/3/6/2/7/7/7/4 3 3,X,-0.5769230769230769230769230769,6,SLEEP,Z,0.1161183,0.419439
3/7/3/6/2/7/7/7/2 3 3,X,-0.5,6,SLEEP,Z,0.05157871,0.1895906
3/7/3/6/2/7/7/7/1 3 3,Z,0.5,6,SLEEP,Z,0.06948239,0.1954809
3/7/3/6/6/2/6/7/7 3 3,X,-0.6538461538461538461538461538,4,SLEEP,Z,0.07268824,0.2592771
3/7/3/6/6/2/5/7/7 3 3,X,-0.5769230769230769230769230769,6,SLEEP,Z,0.05838346,0.1793465
3/7/3/6/6/2/3/7/7 3 3,X,0.6111111111111111111111111111,6,SLEEP,Z,0.03779798,0.1136507
3/7/3/6/6/2/7/6/7 3 3,X,-0.5769230769230769230769230769,10,SLEEP,Z,0.06517215,0.2408824
3/7/3/6/6/2/7/5/7 3 3,X,-0.5769230769230769230769230769,8,SLEEP,Z,0.05261292,0.2038462
3/7/3/6/6/2/7/3/7 3 3,Z,0.5909090909090909090909090909,10,SLEEP,Z,0.07784771,0.2459243
3/7/3/6/6/2/7/7/6 3 3,X,-0.6538461538461538461538461538,10,SLEEP,Z,0.09819749,0.3293304
3/7/3/6/6/2/7/7/5 3 3,X,-0.5769230769230769230769230769,2,SLEEP,Z,0.0334075,0.1448492
3/7/3/6/6/2/7/7/3 3 3,X,0.6111111111111111111111111111,6,SLEEP,Z,0.1734715,0.3178126
3/7/3/6/6/6/2/7/7 3 3,X,-0.5769230769230769230769230769,6,SLEEP,Z,0.05793187,0.1722025
3/7/3/6/6/6/6/6/7 3 3,X,-0.6538461538461538461538461538,8,SLEEP,Z,0.1728663,0.4399819
3/7/3/6/6/6/6/5/7 3 3,X,-0.6538461538461538461538461538,10,SLEEP,Z,0.08056641,0.3177826
3/7/3/6/6/6/6/3/7 3 3,X,-0.6538461538461538461538461538,8,SLEEP,Z,0.1080983,0.3941726
3/7/3/6/6/6/6/7/5 3 3,X,-0.6538461538461538461538461538,8,SLEEP,Z,0.1152382,0.4557129
3/7/3/6/6/6/6/7/3 3 3,X,0.7,4,SLEEP,Z,0.04554971,0.1798342
3/7/3/6/6/6/5/6/7 3 3,X,-0.5769230769230769230769230769,6,SLEEP,Z,0.04093627,0.1638138
3/7/3/6/6/6/5/5/7 3 3,X,-0.5769230769230769230769230769,6,SLEEP,Z,0.05769355,0.2112345
3/7/3/6/6/6/5/3/7 3 3,Z,0.6428571428571428571428571429,6,SLEEP,Z,0.06312608,0.1728137
3/7/3/6/6/6/5/7/6 3 3,X,-0.6538461538461538461538461538,14,SLEEP,Z,0.121668,0.4378288
3/7/3/6/6/6/5/7/5 3 3,X,-0.5769230769230769230769230769,4,SLEEP,Z,0.04218809,0.1764141
3/7/3/6/6/6/5/7/3 3 3,X,0.6111111111111111111111111111,6,SLEEP,Z,0.1029649,0.1842427
3/7/3/6/6/6/3/6/7 3 3,X,0.6111111111111111111111111111,4,SLEEP,Z,0.03427915,0.1219798
3/7/3/6/6/6/3/5/7 3 3,X,0.6111111111111111111111111111,4,SLEEP,Z,0.06844903,0.19452
3/7/3/6/6/6/3/3/7 3 3,Z,0.6428571428571428571428571429,6,SLEEP,Z,0.05156258,0.1967177
3/7/3/6/6/6/3/7/6 3 3,X,-0.7,4,SLEEP,Z,0.0727772,0.252283
3/7/3/6/6/6/3/7/5 3 3,X,0.6111111111111111111111111111,4,SLEEP,Z,0.1669593,0.3819595
3/7/3/6/6/6/3/7/3 3 3,X,0.7222222222222222222222222222,4,SLEEP,Z,0.03658209,0.1016013
3/7/3/6/6/6/7/2/7 3 3,X,-0.5769230769230769230769230769,6,SLEEP,Z,0.03759566,0.1407107
3/7/3/6/6/6/7/6/6 3 3,X,-0.6538461538461538461538461538,6,SLEEP,Z,0.07695111,0.3223356
3/7/3/6/6/6/7/6/5 3 3,X,-0.5769230769230769230769230769,4,SLEEP,Z,0.04745572,0.1756147
3/7/3/6/6/6/7/6/3 3 3,X,0.6111111111111111111111111111,4,SLEEP,Z,0.1399728,0.3865643
3/7/3/6/6/6/7/5/6 3 3,X,-0.6538461538461538461538461538,6,SLEEP,Z,0.09574955,0.3766118
3/7/3/6/6/6/7/5/5 3 3,X,-0.5769230769230769230769230769,6,SLEEP,Z,0.03967729,0.1564763
3/7/3/6/6/6/7/5/3 3 3,X,0.6111111111111111111111111111,6,SLEEP,Z,0.1060007,0.2354318
3/7/3/6/6/6/7/3/6 3 3,X,-0.6538461538461538461538461538,14,SLEEP,Z,0.09850795,0.3950359
3/7/3/6/6/6/7/3/5 3 3,Z,0.6428571428571428571428571429,6,SLEEP,Z,0.2084606,0.3476381
3/7/3/6/6/6/7/3/3 3 3,Z,0.6428571428571428571428571429,4,SLEEP,Z,0.06796394,0.2217375
3/7/3/6/6/6/7/7/4 3 3,X,-0.6538461538461538461538461538,8,SLEEP,Z,0.09511697,0.3731275
3/7/3/6/6/6/7/7/2 3 3,X,-0.5769230769230769230769230769,6,SLEEP,Z,0.05063803,0.1816912
3/7/3/6/6/6/7/7/1 3 3,X,0.6111111111111111111111111111,4,SLEEP,Z,0.05304971,0.1835217
3/7/3/6/6/5/2/7/7 3 3,X,-0.5769230769230769230769230769,8,SLEEP,Z,0.06036128,0.2310591
3/7/3/6/6/5/6/6/7 3 3,X,-0.6538461538461538461538461538,8,SLEEP,Z,0.115449,0.3357048
3/7/3/6/6/5/6/5/7 3 3,X,-0.6538461538461538461538461538,8,SLEEP,Z,0.07584486,0.3129774
3/7/3/6/6/5/6/3/7 3 3,X,-0.6538461538461538461538461538,10,SLEEP,Z,0.1531454,0.5451975
3/7/3/6/6/5/6/7/5 3 3,X,-0.6538461538461538461538461538,8,SLEEP,Z,0.08751927,0.3628619
3/7/3/6/6/5/6/7/3 3 3,X,0.7,4,SLEEP,Z,0.05222895,0.1945562
3/7/3/6/6/5/5/6/7 3 3,X,-0.5769230769230769230769230769,4,SLEEP,Z,0.04514687,0.1908834
3/7/3/6/6/5/5/5/7 3 3,X,-0.5769230769230769230769230769,4,SLEEP,Z,0.06333815,0.2174224
3/7/3/6/6/5/5/3/7 3 3,Z,0.5909090909090909090909090909,14,SLEEP,Z,0.1605774,0.4831709
3/7/3/6/6/5/5/7/6 3 3,X,-0.6538461538461538461538461538,6,SLEEP,Z,0.07478105,0.2996201
3/7/3/6/6/5/5/7/5 3 3,X,-0.5769230769230769230769230769,4,SLEEP,Z,0.06410114,0.2079802
3/7/3/6/6/5/5/7/3 3 3,X,0.6111111111111111111111111111,2,SLEEP,Z,0.02873899,0.0959131
3/7/3/6/6/5/3/6/7 3 3,X,0.6111111111111111111111111111,4,SLEEP,Z,0.04764591,0.1643993
3/7/3/6/6/5/3/5/7 3 3,X,0.6111111111111111111111111111,4,SLEEP,Z,0.04879356,0.1900098
3/7/3/6/6/5/3/3/7 3 3,X,0.6111111111111111111111111111,6,SLEEP,Z,0.1217739,0.2853244
3/7/3/6/6/5/3/7/6 3 3,X,-0.7,8,SLEEP,Z,0.129541,0.4074448
3/7/3/6/6/5/3/7/5 3 3,X,0.6111111111111111111111111111,2,SLEEP,Z,0.05211375,0.1618207
3/7/3/6/6/5/3/7/3 3 3,X,0.7222222222222222222222222222,2,SLEEP,Z,0,0
3/7/3/6/6/5/7/2/7 3 3,X,-0.5769230769230769230769230769,6,SLEEP,Z,0.1531352,0.3804367
3/7/3/6/6/5/7/6/6 3 3,X,-0.6538461538461538461538461538,10,SLEEP,Z,0.05700603,0.2609728
3/7/3/6/6/5/7/6/5 3 3,X,-0.5769230769230769230769230769,6,SLEEP,Z,0.06540474,0.2683461
3/7/3/6/6/5/7/6/3 3 3,X,0.6111111111111111111111111111,6,SLEEP,Z,0.1407312,0.3747554
3/7/3/6/6/5/7/5/6 3 3,X,-0.6538461538461538461538461538,8,SLEEP,Z,0.08484339,0.3192911
3/7/3/6/6/5/7/5/5 3 3,X,-0.5769230769230769230769230769,6,SLEEP,Z,0.07670583,0.2916715
3/7/3/6/6/5/7/5/3 3 3,X,0.6111111111111111111111111111,4,SLEEP,Z,0.1448643,0.2295858
3/7/3/6/6/5/7/3/6 3 3,X,-0.6538461538461538461538461538,12,SLEEP,Z,0.174037,0.5617978
3/7/3/6/6/5/7/3/5 3 3,Z,0.5909090909090909090909090909,10,SLEEP,Z,0.0779101,0.3411616
3/7/3/6/6/5/7/3/3 3 3,X,0.6111111111111111111111111111,8,SLEEP,Z,0.05411584,0.1654134
3/7/3/6/6/5/7/7/4 3 3,X,-0.6538461538461538461538461538,6,SLEEP,Z,0.05308361,0.2305398
3/7/3/6/6/5/7/7/2 3 3,X,-0.5769230769230769230769230769,4,SLEEP,Z,0.04992072,0.1980777
3/7/3/6/6/5/7/7/1 3 3,X,0.6111111111111111111111111111,2,SLEEP,Z,0.0340628,0.1216557
3/7/3/6/6/3/2/7/7 3 3,Z,0.5909090909090909090909090909,8,SLEEP,Z,0.07417031,0.2582397
3/7/3/6/6/3/6/6/7 3 3,X,-0.6538461538461538461538461538,16,SLEEP,Z,0.1005716,0.3148667
3/7/3/6/6/3/6/5/7 3 3,X,-0.6538461538461538461538461538,8,SLEEP,Z,0.1635868,0.3767346
3/7/3/6/6/3/6/3/7 3 3,Z,0.6818181818181818181818181819,12,SLEEP,Z,0.2057589,0.5172582
3/7/3/6/6/3/6/7/5 3 3,X,-0.6538461538461538461538461538,8,SLEEP,Z,0.06625482,0.2522138
3/7/3/6/6/3/6/7/3 3 3,X,0.7,6,SLEEP,Z,0.05140971,0.1879544
3/7/3/6/6/3/5/6/7 3 3,Z,-0.6428571428571428571428571429,4,SLEEP,Z,0.07958626,0.296625
3/7/3/6/6/3/5/5/7 3 3,Z,0.5909090909090909090909090909,6,SLEEP,Z,0.04006834,0.1581942
3/7/3/6/6/3/5/3/7 3 3,Z,0.6818181818181818181818181819,8,SLEEP,Z,0.08665762,0.2613496
3/7/3/6/6/3/5/7/6 3 3,X,-0.6538461538461538461538461538,12,SLEEP,Z,0.1355797,0.4710427
3/7/3/6/6/3/5/7/5 3 3,Z,0.5909090909090909090909090909,2,SLEEP,Z,0.04401154,0.1727003
3/7/3/6/6/3/5/7/3 3 3,X,0.6111111111111111111111111111,6,SLEEP,Z,0.0479256,0.1605202
3/7/3/6/6/3/3/6/7 3 3,Z,-0.6428571428571428571428571429,6,SLEEP,Z,0.07041725,0.2029164
3/7/3/6/6/3/3/5/7 3 3,X,0.6111111111111111111111111111,6,SLEEP,Z,0.03565867,0.1193537
3/7/3/6/6/3/3/3/7 3 3,Z,0.6818181818181818181818181819,4,SLEEP,Z,0.05876654,0.1935568
3/7/3/6/6/3/3/7/6 3 3,X,-0.7,4,SLEEP,Z,0.04462075,0.1365661
3/7/3/6/6/3/3/7/5 3 3,X,0.6111111111111111111111111111,4,SLEEP,Z,0.03751307,0.1177749
3/7/3/6/6/3/3/7/3 3 3,X,0.7222222222222222222222222222,6,SLEEP,Z,0.05075131,0.1581772
3/7/3/6/6/3/7/2/7 3 3,Z,0.5909090909090909090909090909,8,SLEEP,Z,0.05490748,0.2228268
3/7/3/6/6/3/7/6/6 3 3,X,-0.6538461538461538461538461538,6,SLEEP,Z,0.09230557,0.3514244
3/7/3/6/6/3/7/6/5 3 3,Z,-0.6428571428571428571428571429,6,SLEEP,Z,0.1480643,0.4076321
3/7/3/6/6/3/7/6/3 3 3,Z,-0.6428571428571428571428571429,4,SLEEP,Z,0.05152426,0.1026143
3/7/3/6/6/3/7/5/6 3 3,X,-0.6538461538461538461538461538,8,SLEEP,Z,0.09264372,0.3530418
3/7/3/6/6/3/7/5/5 3 3,Z,0.5909090909090909090909090909,12,SLEEP,Z,0.0713086,0.2388578
3/7/3/6/6/3/7/5/3 3 3,X,0.6111111111111111111111111111,4,SLEEP,Z,0.04994358,0.1402518
3/7/3/6/6/3/7/3/6 3 3,Z,0.6818181818181818181818181819,12,SLEEP,Z,0.08808892,0.3579638
3/7/3/6/6/3/7/3/5 3 3,Z,0.6818181818181818181818181819,8,SLEEP,Z,0.05795987,0.2248133
3/7/3/6/6/3/7/3/3 3 3,Z,0.6818181818181818181818181819,6,SLEEP,Z,0.06529786,0.1978287
3/7/3/6/6/3/7/7/4 3 3,X,-0.6538461538461538461538461538,10,SLEEP,Z,0.08859778,0.4049435
3/7/3/6/6/3/7/7/2 3 3,Z,0.5909090909090909090909090909,6,SLEEP,Z,0.05199587,0.1829945
3/7/3/6/6/3/7/7/1 3 3,X,0.6111111111111111111111111111,4,SLEEP,Z,0.04891629,0.1679201
3/7/3/6/6/7/2/6/7 3 3,X,-0.5769230769230769230769230769,6,SLEEP,Z,0.1454919,0.3385534
3/7/3/6/6/7/2/5/7 3 3,X,-0.5769230769230769230769230769,4,SLEEP,Z,0.05742913,0.1618433
3/7/3/6/6/7/2/3/7 3 3,Z,0.5909090909090909090909090909,6,SLEEP,Z,0.06626699,0.2506091
3/7/3/6/6/7/2/7/6 3 3,X,-0.6538461538461538461538461538,12,SLEEP,Z,0.1506378,0.4388376
3/7/3/6/6/7/2/7/5 3 3,X,-0.5769230769230769230769230769,6,SLEEP,Z,0.06349016,0.2353757
3/7/3/6/6/7/2/7/3 3 3,X,0.6111111111111111111111111111,6,SLEEP,Z,0.03911246,0.1378593
3/7/3/6/6/7/6/2/7 3 3,X,-0.6538461538461538461538461538,16,SLEEP,Z,0.1211585,0.4763063
3/7/3/6/6/7/6/6/5 3 3,X,-0.6538461538461538461538461538,12,SLEEP,Z,0.07683805,0.3111751
3/7/3/6/6/7/6/6/3 3 3,X,0.75,4,SLEEP,Z,0.04219839,0.1603012
3/7/3/6/6/7/6/5/6 3 3,X,-0.7307692307692307692307692307,10,SLEEP,Z,0.1033905,0.3949509
3/7/3/6/6/7/6/5/5 3 3,X,-0.6538461538461538461538461538,10,SLEEP,Z,0.09343306,0.3523472
3/7/3/6/6/7/6/5/3 3 3,X,0.75,4,SLEEP,Z,0.06134087,0.2431566
3/7/3/6/6/7/6/3/5 3 3,X,-0.6538461538461538461538461538,6,SLEEP,Z,0.0849331,0.3296866
3/7/3/6/6/7/6/3/3 3 3,X,0.75,16,SLEEP,Z,0.2783422,0.5201097
3/7/3/6/6/7/6/7/1 3 3,X,0.75,4,SLEEP,Z,0.03903384,0.1703394
3/7/3/6/6/7/6/7/2 3 3,X,-0.6538461538461538461538461538,10,SLEEP,Z,0.07086731,0.2812137
3/7/3/6/6/7/5/2/7 3 3,X,-0.5769230769230769230769230769,8,SLEEP,Z,0.06642003,0.2746501
3/7/3/6/6/7/5/6/6 3 3,X,-0.6538461538461538461538461538,10,SLEEP,Z,0.1394699,0.4795993
3/7/3/6/6/7/5/6/5 3 3,X,-0.5769230769230769230769230769,8,SLEEP,Z,0.05190962,0.209001
3/7/3/6/6/7/5/6/3 3 3,X,0.6111111111111111111111111111,4,SLEEP,Z,0.03265397,0.1068568
3/7/3/6/6/7/5/5/6 3 3,X,-0.6538461538461538461538461538,6,SLEEP,Z,0.07090773,0.3025582
3/7/3/6/6/7/5/5/5 3 3,X,-0.5769230769230769230769230769,8,SLEEP,Z,0.06986177,0.2888373
3/7/3/6/6/7/5/5/3 3 3,X,0.6111111111111111111111111111,6,SLEEP,Z,0.08676484,0.2599805
3/7/3/6/6/7/5/3/6 3 3,X,-0.6538461538461538461538461538,10,SLEEP,Z,0.1233926,0.4672266
3/7/3/6/6/7/5/3/5 3 3,Z,0.5909090909090909090909090909,8,SLEEP,Z,0.107317,0.3655025
3/7/3/6/6/7/5/3/3 3 3,X,0.6111111111111111111111111111,6,SLEEP,Z,0.04000565,0.1358787
3/6/3/6/6/7/5/7/6 3 3,X,-0.6428571428571428571428571429,12,SLEEP,Z,0.1101723,0.3543653
3/7/3/6/6/7/5/7/4 3 3,X,-0.6538461538461538461538461538,14,SLEEP,Z,0.1388368,0.5132435
3/7/3/6/6/7/5/7/2 3 3,X,-0.5769230769230769230769230769,6,SLEEP,Z,0.0445655,0.1833648
3/7/3/6/6/7/5/7/1 3 3,X,0.6111111111111111111111111111,2,SLEEP,Z,0.03766787,0.1118327
3/7/3/6/6/7/3/2/7 3 3,X,0.6111111111111111111111111111,4,SLEEP,Z,0.04498486,0.1622101
3/7/3/6/6/7/3/6/6 3 3,X,-0.75,6,SLEEP,Z,0.0719224,0.268446
3/7/3/6/6/7/3/6/5 3 3,X,0.6111111111111111111111111111,4,SLEEP,Z,0.04224981,0.09008083
3/7/3/6/6/7/3/6/3 3 3,X,0.7222222222222222222222222222,4,SLEEP,Z,0.03500452,0.1339782
3/7/3/6/6/7/3/5/6 3 3,X,-0.75,6,SLEEP,Z,0.05905021,0.2222397
3/7/3/6/6/7/3/5/5 3 3,X,0.6111111111111111111111111111,4,SLEEP,Z,0.06039143,0.1948783
3/7/3/6/6/7/3/5/3 3 3,X,0.7222222222222222222222222222,2,SLEEP,Z,0.02559612,0.06534258
3/7/3/6/6/7/3/3/6 3 3,X,-0.75,6,SLEEP,Z,0.07812465,0.2746172
3/7/3/6/6/7/3/3/5 3 3,X,0.6111111111111111111111111111,6,SLEEP,Z,0.1236867,0.3459638
3/7/3/6/6/7/3/3/3 3 3,X,0.7222222222222222222222222222,4,SLEEP,Z,0.1368765,0.3157159
3/7/3/6/6/7/3/7/4 3 3,X,-0.75,6,SLEEP,Z,0.04927131,0.2030321
3/7/3/6/6/7/3/7/2 3 3,X,0.6111111111111111111111111111,4,SLEEP,Z,0.04273458,0.1542004
3/7/3/6/6/7/3/7/1 3 3,X,0.7222222222222222222222222222,2,SLEEP,Z,0.02197379,0.0892069
3/7/3/6/6/7/7/2/6 3 3,X,-0.6538461538461538461538461538,12,SLEEP,Z,0.1483154,0.4867558
3/7/3/6/6/7/7/2/5 3 3,X,-0.5769230769230769230769230769,4,SLEEP,Z,0.04306577,0.1816169
3/7/3/6/6/7/7/2/3 3 3,X,0.6111111111111111111111111111,6,SLEEP,Z,0.1104648,0.3205634
3/7/3/6/6/7/6/6/6 3 3,X,-0.7307692307692307692307692307,12,SLEEP,Z,0.1309235,0.5122935
3/7/3/6/6/7/7/6/4 3 3,X,-0.6538461538461538461538461538,12,SLEEP,Z,0.1310863,0.5283292
3/7/3/6/6/7/7/6/2 3 3,X,-0.5769230769230769230769230769,10,SLEEP,Z,0.06250864,0.2425922
3/7/3/6/6/7/7/6/1 3 3,X,0.6111111111111111111111111111,4,SLEEP,Z,0.0356441,0.1434468
3/7/3/6/6/7/7/5/4 3 3,X,-0.6538461538461538461538461538,8,SLEEP,Z,0.1087906,0.4606941
3/7/3/6/6/7/7/5/2 3 3,X,-0.5769230769230769230769230769,6,SLEEP,Z,0.05129683,0.2199562
3/7/3/6/6/7/7/5/1 3 3,X,0.6111111111111111111111111111,4,SLEEP,Z,0.04406351,0.1790654
3/7/3/6/6/7/6/3/6 3 3,X,-0.7307692307692307692307692307,14,SLEEP,Z,0.1091163,0.4213538
3/7/3/6/6/7/7/3/4 3 3,X,-0.6538461538461538461538461538,10,SLEEP,Z,0.1042623,0.3862216
3/7/3/6/6/7/7/3/2 3 3,Z,0.5909090909090909090909090909,6,SLEEP,Z,0.06230107,0.2320647
3/7/3/6/6/7/7/3/1 3 3,X,0.6111111111111111111111111111,6,SLEEP,Z,0.04100398,0.1549776
3/7/3/6/5/2/6/7/7 3 3,X,-0.5769230769230769230769230769,6,SLEEP,Z,0.07258022,0.3182149
3/7/3/6/5/2/5/7/7 3 3,X,-0.5,6,SLEEP,Z,0.0535824,0.2273139
3/7/3/6/5/2/3/7/7 3 3,Z,0.5,6,SLEEP,Z,0.06380069,0.2569152
3/7/3/6/5/2/7/6/7 3 3,X,-0.5,6,SLEEP,Z,0.08170423,0.3412566
3/7/3/6/5/2/7/5/7 3 3,X,-0.5,6,SLEEP,Z,0.06756852,0.2692907
3/7/3/6/5/2/7/3/7 3 3,Z,0.5909090909090909090909090909,8,SLEEP,Z,0.07014325,0.2594863
3/7/3/6/5/2/7/7/6 3 3,X,-0.5769230769230769230769230769,8,SLEEP,Z,0.1099357,0.3967724
3/7/3/6/5/2/7/7/5 3 3,X,-0.5,4,SLEEP,Z,0.04628657,0.1943076
3/7/3/6/5/2/7/7/3 3 3,Z,0.5,4,SLEEP,Z,0.04242313,0.1733257
3/7/3/6/5/6/2/7/7 3 3,X,-0.5,6,SLEEP,Z,0.06110424,0.2455789
3/7/3/6/5/6/6/6/7 3 3,X,-0.5769230769230769230769230769,6,SLEEP,Z,0.08191796,0.3001029
3/7/3/6/5/6/6/5/7 3 3,X,-0.5769230769230769230769230769,10,SLEEP,Z,0.06392919,0.28561
3/7/3/6/5/6/6/3/7 3 3,Z,0.6428571428571428571428571429,8,SLEEP,Z,0.1260211,0.4429625
3/7/3/6/5/6/6/7/6 3 3,X,-0.6538461538461538461538461538,12,SLEEP,Z,0.1251203,0.4947149
3/7/3/6/5/6/6/7/5 3 3,X,-0.5769230769230769230769230769,8,SLEEP,Z,0.07906838,0.2900791
3/7/3/6/5/6/6/7/3 3 3,X,0.7,6,SLEEP,Z,0.0388345,0.1582007
3/7/3/6/5/6/5/6/7 3 3,X,-0.5,6,SLEEP,Z,0.06000491,0.2485035
3/7/3/6/5/6/5/5/7 3 3,X,-0.5,4,SLEEP,Z,0.04430217,0.1798381
3/7/3/6/5/6/5/3/7 3 3,Z,0.6428571428571428571428571429,6,SLEEP,Z,0.1083627,0.2895418
3/7/3/6/5/6/5/7/6 3 3,X,-0.5769230769230769230769230769,6,SLEEP,Z,0.04855045,0.2245454
3/7/3/6/5/6/5/7/5 3 3,X,-0.5,4,SLEEP,Z,0.04661117,0.1813548
3/7/3/6/5/6/5/7/3 3 3,Z,0.5,6,SLEEP,Z,0.04206265,0.1790503
3/7/3/6/5/6/3/6/7 3 3,X,-0.5,8,SLEEP,Z,0.1436442,0.4371721
3/7/3/6/5/6/3/5/7 3 3,Z,0.5,6,SLEEP,Z,0.05060361,0.2069689
3/7/3/6/5/6/3/3/7 3 3,Z,0.6428571428571428571428571429,8,SLEEP,Z,0.08494787,0.2482449
3/7/3/6/5/6/3/7/6 3 3,X,-0.7,8,SLEEP,Z,0.09833488,0.3420106
3/7/3/6/5/6/3/7/5 3 3,Z,0.5,6,SLEEP,Z,0.06858397,0.2094747
3/7/3/6/5/6/3/7/3 3 3,Z,0.5,2,SLEEP,Z,0.02842905,0.1188865
3/7/3/6/5/6/7/2/7 3 3,X,-0.5,6,SLEEP,Z,0.05465559,0.2151811
3/7/3/6/5/6/7/6/6 3 3,X,-0.5769230769230769230769230769,4,SLEEP,Z,0.041965,0.1862603
3/7/3/6/5/6/7/6/5 3 3,X,-0.5,8,SLEEP,Z,0.1056719,0.3716917
3/7/3/6/5/6/7/6/3 3 3,Z,0.5,2,SLEEP,Z,0.0412331,0.171342
3/7/3/6/5/6/7/5/6 3 3,X,-0.5769230769230769230769230769,6,SLEEP,Z,0.09427641,0.3294244
3/7/3/6/5/6/7/5/5 3 3,X,-0.5,4,SLEEP,Z,0.04856334,0.1908285
3/7/3/6/5/6/7/5/3 3 3,Z,0.5,4,SLEEP,Z,0.03226377,0.132897
3/7/3/6/5/6/7/3/6 3 3,Z,0.6428571428571428571428571429,8,SLEEP,Z,0.08641714,0.3354483
3/7/3/6/5/6/7/3/5 3 3,Z,0.6428571428571428571428571429,10,SLEEP,Z,0.1517317,0.4432805
3/7/3/6/5/6/7/3/3 3 3,Z,0.6428571428571428571428571429,4,SLEEP,Z,0.05042097,0.1505677
3/7/3/6/5/6/7/7/4 3 3,X,-0.5769230769230769230769230769,6,SLEEP,Z,0.04503261,0.183186
3/7/3/6/5/6/7/7/2 3 3,X,-0.5,6,SLEEP,Z,0.06728133,0.2420868
3/7/3/6/5/6/7/7/1 3 3,Z,0.5,4,SLEEP,Z,0.02335715,0.10709
3/7/3/6/5/5/2/7/7 3 3,X,-0.5,6,SLEEP,Z,0.06990286,0.2385219
3/7/3/6/5/5/6/6/7 3 3,X,-0.5769230769230769230769230769,10,SLEEP,Z,0.09233103,0.3627197
3/7/3/6/5/5/6/5/7 3 3,X,-0.5769230769230769230769230769,4,SLEEP,Z,0.06633931,0.2034844
3/7/3/6/5/5/6/3/7 3 3,Z,0.5909090909090909090909090909,8,SLEEP,Z,0.09567884,0.3492785
3/7/3/6/5/5/6/7/6 3 3,X,-0.6538461538461538461538461538,10,SLEEP,Z,0.09827828,0.4327397
3/7/3/6/5/5/6/7/5 3 3,X,-0.5769230769230769230769230769,8,SLEEP,Z,0.07821825,0.3201929
3/7/3/6/5/5/6/7/3 3 3,X,0.7,4,SLEEP,Z,0.03365656,0.1147115
3/7/3/6/5/5/5/6/7 3 3,X,-0.5,4,SLEEP,Z,0.07226519,0.272323
3/7/3/6/5/5/5/5/7 3 3,X,-0.5,4,SLEEP,Z,0.05250854,0.2286206
3/7/3/6/5/5/5/3/7 3 3,Z,0.5909090909090909090909090909,8,SLEEP,Z,0.1269333,0.3724136
3/7/3/6/5/5/5/7/6 3 3,X,-0.5769230769230769230769230769,10,SLEEP,Z,0.09240472,0.3776526
3/7/3/6/5/5/5/7/5 3 3,X,-0.5,4,SLEEP,Z,0.05586582,0.2472771
3/7/3/6/5/5/5/7/3 3 3,Z,0.5,6,SLEEP,Z,0.0876748,0.2911305
3/7/3/6/5/5/3/6/7 3 3,X,-0.5,4,SLEEP,Z,0.03769766,0.1351269
3/7/3/6/5/5/3/5/7 3 3,Z,0.5,6,SLEEP,Z,0.06284072,0.2220449
3/7/3/6/5/5/3/3/7 3 3,Z,0.5909090909090909090909090909,4,SLEEP,Z,0.05067687,0.2017605
3/7/3/6/5/5/3/7/6 3 3,X,-0.7,4,SLEEP,Z,0.04465935,0.1291869
3/7/3/6/5/5/3/7/5 3 3,Z,0.5,6,SLEEP,Z,0.0663001,0.2538833
3/7/3/6/5/5/3/7/3 3 3,Z,0.5,6,SLEEP,Z,0.08101124,0.3678665
3/7/3/6/5/5/7/2/7 3 3,X,-0.5,6,SLEEP,Z,0.07805475,0.3684305
3/7/3/6/5/5/7/6/6 3 3,X,-0.5769230769230769230769230769,10,SLEEP,Z,0.07212508,0.3511462
3/7/3/6/5/5/7/6/5 3 3,X,-0.5,4,SLEEP,Z,0.0409687,0.1694059
3/7/3/6/5/5/7/6/3 3 3,Z,0.5,4,SLEEP,Z,0.05920552,0.2443829
3/7/3/6/5/5/7/5/6 3 3,X,-0.5769230769230769230769230769,10,SLEEP,Z,0.08939072,0.3598919
3/7/3/6/5/5/7/5/5 3 3,X,-0.5,6,SLEEP,Z,0.06325985,0.259868
3/7/3/6/5/5/7/5/3 3 3,Z,0.5,4,SLEEP,Z,0.03922809,0.1663318
3/7/3/6/5/5/7/3/6 3 3,Z,0.5909090909090909090909090909,6,SLEEP,Z,0.06544925,0.2603532
3/7/3/6/5/5/7/3/5 3 3,Z,0.5909090909090909090909090909,8,SLEEP,Z,0.0666585,0.2772475
3/7/3/6/5/5/7/3/3 3 3,Z,0.5909090909090909090909090909,8,SLEEP,Z,0.05852669,0.233208
3/7/3/6/5/5/7/7/4 3 3,X,-0.5769230769230769230769230769,8,SLEEP,Z,0.07368583,0.3238919
3/7/3/6/5/5/7/7/2 3 3,X,-0.5,6,SLEEP,Z,0.05692801,0.2475761
3/7/3/6/5/5/7/7/1 3 3,Z,0.5,4,SLEEP,Z,0.04753106,0.1994923
3/7/3/6/5/3/2/7/7 3 3,Z,0.5909090909090909090909090909,4,SLEEP,Z,0.0546055,0.1860275
3/7/3/6/5/3/6/6/7 3 3,Z,-0.6428571428571428571428571429,8,SLEEP,Z,0.08872982,0.4020286
3/7/3/6/5/3/6/5/7 3 3,Z,0.5909090909090909090909090909,6,SLEEP,Z,0.128035,0.3813694
3/7/3/6/5/3/6/3/7 3 3,Z,0.6818181818181818181818181819,8,SLEEP,Z,0.07562884,0.2651861
3/7/3/6/5/3/6/7/6 3 3,X,-0.6538461538461538461538461538,8,SLEEP,Z,0.1063083,0.4049329
3/7/3/6/5/3/6/7/5 3 3,Z,0.5909090909090909090909090909,6,SLEEP,Z,0.07985772,0.3159586
3/7/3/6/5/3/6/7/3 3 3,X,0.7,4,SLEEP,Z,0.1493635,0.3336342
3/7/3/6/5/3/5/6/7 3 3,Z,-0.6428571428571428571428571429,4,SLEEP,Z,0.04239699,0.1850007
3/7/3/6/5/3/5/5/7 3 3,Z,0.5909090909090909090909090909,8,SLEEP,Z,0.05781838,0.2546908
3/7/3/6/5/3/5/3/7 3 3,Z,0.6818181818181818181818181819,6,SLEEP,Z,0.07546005,0.3168164
3/7/3/6/5/3/5/7/6 3 3,Z,0.5909090909090909090909090909,6,SLEEP,Z,0.06568,0.2416238
3/7/3/6/5/3/5/7/5 3 3,Z,0.5909090909090909090909090909,8,SLEEP,Z,0.0584557,0.2617193
3/7/3/6/5/3/5/7/3 3 3,Z,0.5909090909090909090909090909,6,SLEEP,Z,0.03570369,0.1690245
3/7/3/6/5/3/3/6/7 3 3,Z,-0.6428571428571428571428571429,8,SLEEP,Z,0.1138255,0.3131569
3/7/3/6/5/3/3/5/7 3 3,Z,0.5909090909090909090909090909,6,SLEEP,Z,0.03977213,0.1678744
3/7/3/6/5/3/3/3/7 3 3,Z,0.6818181818181818181818181819,8,SLEEP,Z,0.0531154,0.202284
3/7/3/6/5/3/3/7/6 3 3,X,-0.7,6,SLEEP,Z,0.06223116,0.2433845
3/7/3/6/5/3/3/7/5 3 3,Z,0.5909090909090909090909090909,8,SLEEP,Z,0.1200309,0.4459876
3/7/3/6/5/3/3/7/3 3 3,Z,0.5909090909090909090909090909,2,SLEEP,Z,0.03434886,0.09581933
3/7/3/6/5/3/7/2/7 3 3,Z,0.5909090909090909090909090909,4,SLEEP,Z,0.04052553,0.1757312
3/7/3/6/5/3/7/6/6 3 3,Z,-0.6428571428571428571428571429,8,SLEEP,Z,0.07952143,0.3805173
3/7/3/6/5/3/7/6/5 3 3,Z,-0.6428571428571428571428571429,6,SLEEP,Z,0.05073716,0.2326735
3/7/3/6/5/3/7/6/3 3 3,Z,-0.6428571428571428571428571429,4,SLEEP,Z,0.05269388,0.2086462
3/7/3/6/5/3/7/5/6 3 3,Z,0.5909090909090909090909090909,4,SLEEP,Z,0.03525011,0.1502496
3/7/3/6/5/3/7/5/5 3 3,Z,0.5909090909090909090909090909,10,SLEEP,Z,0.1106316,0.4004211
3/7/3/6/5/3/7/5/3 3 3,Z,0.5909090909090909090909090909,4,SLEEP,Z,0.03639985,0.1375056
3/7/3/6/5/3/7/3/6 3 3,Z,0.6818181818181818181818181819,6,SLEEP,Z,0.1256595,0.4296966
3/7/3/6/5/3/7/3/5 3 3,Z,0.6818181818181818181818181819,6,SLEEP,Z,0.03717442,0.1671991
3/7/3/6/5/3/7/3/3 3 3,Z,0.6818181818181818181818181819,6,SLEEP,Z,0.05059563,0.209459
3/7/3/6/5/3/7/7/4 3 3,Z,0.5909090909090909090909090909,6,SLEEP,Z,0.04885192,0.2114895
3/7/3/6/5/3/7/7/2 3 3,Z,0.5909090909090909090909090909,6,SLEEP,Z,0.0460037,0.1943588
3/7/3/6/5/3/7/7/1 3 3,Z,0.5909090909090909090909090909,2,SLEEP,Z,0.02241716,0.1059872
3/7/3/6/5/7/2/6/7 3 3,X,-0.5,6,SLEEP,Z,0.08952399,0.3036041
3/7/3/6/5/7/2/5/7 3 3,X,-0.5,6,SLEEP,Z,0.05441084,0.216739
3/7/3/6/5/7/2/3/7 3 3,Z,0.5909090909090909090909090909,6,SLEEP,Z,0.057981,0.1846721
3/7/3/6/5/7/2/7/6 3 3,X,-0.5769230769230769230769230769,8,SLEEP,Z,0.1121319,0.3889526
3/7/3/6/5/7/2/7/5 3 3,X,-0.5,4,SLEEP,Z,0.05625151,0.2035857
3/7/3/6/5/7/2/7/3 3 3,Z,0.5,6,SLEEP,Z,0.04728967,0.1844632
3/7/3/6/5/7/6/2/7 3 3,X,-0.5769230769230769230769230769,8,SLEEP,Z,0.07830478,0.2979933
3/7/3/6/5/7/6/6/6 3 3,X,-0.6538461538461538461538461538,12,SLEEP,Z,0.125135,0.4895724
3/7/3/6/5/7/6/6/5 3 3,X,-0.5769230769230769230769230769,8,SLEEP,Z,0.07861092,0.3005647
3/7/3/6/5/7/6/6/3 3 3,X,0.75,6,SLEEP,Z,0.05893922,0.2202477
3/7/3/6/5/7/6/5/6 3 3,X,-0.6538461538461538461538461538,8,SLEEP,Z,0.111611,0.463873
3/7/3/6/5/7/6/5/5 3 3,X,-0.5769230769230769230769230769,6,SLEEP,Z,0.05336061,0.2149252
3/7/3/6/5/7/6/5/3 3 3,X,0.75,6,SLEEP,Z,0.05386256,0.1976669
3/7/3/6/5/7/6/3/6 3 3,X,-0.6538461538461538461538461538,12,SLEEP,Z,0.1095805,0.4238949
3/7/3/6/5/7/6/3/5 3 3,Z,0.5909090909090909090909090909,8,SLEEP,Z,0.06519657,0.2704539
3/7/3/6/5/7/6/3/3 3 3,X,0.75,8,SLEEP,Z,0.09409138,0.2598568
3/7/3/6/5/7/6/7/4 3 3,X,-0.6538461538461538461538461538,10,SLEEP,Z,0.1354208,0.4787334
3/7/3/6/5/7/6/7/2 3 3,X,-0.5769230769230769230769230769,6,SLEEP,Z,0.05776032,0.244902
3/7/3/6/5/7/6/7/1 3 3,X,0.75,6,SLEEP,Z,0.09547921,0.351815
3/7/3/6/5/7/5/2/7 3 3,X,-0.5,8,SLEEP,Z,0.08584435,0.3602002
3/7/3/6/5/7/5/6/6 3 3,X,-0.5769230769230769230769230769,4,SLEEP,Z,0.04709747,0.1926466
3/7/3/6/5/7/5/6/5 3 3,X,-0.5,8,SLEEP,Z,0.08704983,0.3231707
3/7/3/6/5/7/5/6/3 3 3,Z,0.5,4,SLEEP,Z,0.03991658,0.1497367
3/7/3/6/5/7/5/5/6 3 3,X,-0.5769230769230769230769230769,8,SLEEP,Z,0.08267302,0.3648008
3/7/3/6/5/7/5/5/5 3 3,X,-0.5,6,SLEEP,Z,0.06885023,0.2903329
3/7/3/6/5/7/5/5/3 3 3,Z,0.5,8,SLEEP,Z,0.08173215,0.3038457
3/7/3/6/5/7/5/3/6 3 3,Z,0.5909090909090909090909090909,6,SLEEP,Z,0.06889249,0.3021209
3/7/3/6/5/7/5/3/5 3 3,Z,0.5909090909090909090909090909,6,SLEEP,Z,0.1063222,0.3807138
3/7/3/6/5/7/5/3/3 3 3,Z,0.5909090909090909090909090909,8,SLEEP,Z,0.09266303,0.3405415
3/7/3/6/5/7/5/7/4 3 3,X,-0.5769230769230769230769230769,8,SLEEP,Z,0.06754088,0.2932171
3/7/3/6/5/7/5/7/2 3 3,X,-0.5,6,SLEEP,Z,0.04590006,0.1951049
3/7/3/6/5/7/5/7/1 3 3,Z,0.5,4,SLEEP,Z,0.06068151,0.2597136
3/7/3/6/5/7/3/2/7 3 3,Z,0.5,6,SLEEP,Z,0.05845952,0.22673
3/7/3/6/5/7/3/6/6 3 3,X,-0.75,6,SLEEP,Z,0.1099755,0.337594
3/7/3/6/5/7/3/6/5 3 3,X,-0.5,4,SLEEP,Z,0.04503665,0.1772979
3/7/3/6/5/7/3/6/3 3 3,Z,0.5,4,SLEEP,Z,0.05926194,0.357759
3/7/3/6/5/7/3/5/6 3 3,X,-0.75,6,SLEEP,Z,0.0516398,0.1986121
3/7/3/6/5/7/3/5/5 3 3,Z,0.5,4,SLEEP,Z,0.0521406,0.2088277
3/7/3/6/5/7/3/5/3 3 3,Z,0.5,4,SLEEP,Z,0.04243793,0.1425531
3/7/3/6/5/7/3/3/6 3 3,X,-0.75,6,SLEEP,Z,0.1446273,0.4363039
3/7/3/6/5/7/3/3/5 3 3,Z,0.5909090909090909090909090909,6,SLEEP,Z,0.08458649,0.2721508
3/7/3/6/5/7/3/3/3 3 3,Z,0.5909090909090909090909090909,6,SLEEP,Z,0.04263764,0.1778309
3/7/3/6/5/7/3/7/4 3 3,X,-0.75,6,SLEEP,Z,0.1137679,0.3737201
3/7/3/6/5/7/3/7/2 3 3,Z,0.5,6,SLEEP,Z,0.06265905,0.2220223
3/7/3/6/5/7/3/7/1 3 3,Z,0.5,4,SLEEP,Z,0.05605293,0.1840077
3/7/3/6/5/7/7/2/6 3 3,X,-0.5769230769230769230769230769,6,SLEEP,Z,0.07251365,0.2869516
3/7/3/6/5/7/7/2/5 3 3,X,-0.5,10,SLEEP,Z,0.08248559,0.3782516
3/7/3/6/5/7/7/2/3 3 3,Z,0.5,4,SLEEP,Z,0.03162036,0.1389123
3/7/3/6/5/7/7/6/4 3 3,X,-0.5769230769230769230769230769,4,SLEEP,Z,0.04657552,0.1944863
3/7/3/6/5/7/7/6/2 3 3,X,-0.5,6,SLEEP,Z,0.08856361,0.33269
3/7/3/6/5/7/7/6/1 3 3,Z,0.5,6,SLEEP,Z,0.07394884,0.311969
3/7/3/6/5/7/7/5/4 3 3,X,-0.5769230769230769230769230769,8,SLEEP,Z,0.05787981,0.2455837
3/7/3/6/5/7/7/5/2 3 3,X,-0.5,4,SLEEP,Z,0.03686058,0.1573819
3/7/3/6/5/7/7/5/1 3 3,Z,0.5,2,SLEEP,Z,0.02401243,0.1147911
3/7/3/6/5/7/7/3/4 3 3,Z,0.5909090909090909090909090909,8,SLEEP,Z,0.0815815,0.3172466
3/7/3/6/5/7/7/3/2 3 3,Z,0.5909090909090909090909090909,6,SLEEP,Z,0.04604788,0.1902502
3/7/3/6/5/7/7/3/1 3 3,Z,0.5909090909090909090909090909,4,SLEEP,Z,0.05259335,0.2295963
3/7/3/6/3/2/6/7/7 3 3,X,-0.6111111111111111111111111111,6,SLEEP,Z,0.05824684,0.2032693
3/7/3/6/3/2/5/7/7 3 3,Z,0.5,8,SLEEP,Z,0.06580716,0.2396059
3/7/3/6/3/2/3/7/7 3 3,Z,0.5,6,SLEEP,Z,0.08762775,0.2941214
3/7/3/6/3/2/7/6/7 3 3,X,-0.5,6,SLEEP,Z,0.08593276,0.2515879
3/7/3/6/3/2/7/5/7 3 3,Z,0.5,6,SLEEP,Z,0.07619953,0.2596043
3/7/3/6/3/2/7/3/7 3 3,Z,0.5909090909090909090909090909,8,SLEEP,Z,0.137381,0.3979352
3/7/3/6/3/2/7/7/6 3 3,X,-0.6111111111111111111111111111,6,SLEEP,Z,0.08858389,0.297856
3/7/3/6/3/2/7/7/5 3 3,Z,0.5,4,SLEEP,Z,0.05206891,0.1949381
3/7/3/6/3/2/7/7/3 3 3,Z,0.5,4,SLEEP,Z,0.06652091,0.2037396
3/7/3/6/3/6/2/7/7 3 3,X,-0.5,6,SLEEP,Z,0.06194238,0.2255051
3/7/3/6/3/6/6/6/7 3 3,X,-0.6111111111111111111111111111,4,SLEEP,Z,0.07440841,0.2635106
3/7/3/6/3/6/6/5/7 3 3,X,-0.6111111111111111111111111111,8,SLEEP,Z,0.07641862,0.2715503
3/7/3/6/3/6/6/3/7 3 3,Z,0.6428571428571428571428571429,4,SLEEP,Z,0.06949843,0.2316073
3/7/3/6/3/6/6/7/5 3 3,X,-0.6111111111111111111111111111,4,SLEEP,Z,0.07923955,0.2956842
3/7/3/6/3/6/6/7/3 3 3,X,0.7,6,SLEEP,Z,0.09922247,0.2473141
3/7/3/6/3/6/5/6/7 3 3,X,-0.5,8,SLEEP,Z,0.1014885,0.311747
3/7/3/6/3/6/5/5/7 3 3,X,-0.5,4,SLEEP,Z,0.05429,0.1566143
3/7/3/6/3/6/5/3/7 3 3,Z,0.6428571428571428571428571429,6,SLEEP,Z,0.0770913,0.2813482
3/7/3/6/3/6/5/7/6 3 3,X,-0.6111111111111111111111111111,6,SLEEP,Z,0.07305224,0.2837793
3/7/3/6/3/6/5/7/5 3 3,X,-0.5,6,SLEEP,Z,0.06355787,0.2436635
3/7/3/6/3/6/5/7/3 3 3,Z,0.5,4,SLEEP,Z,0.04570208,0.1763622
3/7/3/6/3/6/3/6/7 3 3,X,-0.5,4,SLEEP,Z,0.0437769,0.1641694
3/7/3/6/3/6/3/5/7 3 3,Z,0.5,8,SLEEP,Z,0.08578047,0.2500154
3/7/3/6/3/6/3/3/7 3 3,Z,0.6428571428571428571428571429,6,SLEEP,Z,0.07772755,0.2306187
3/7/3/6/3/6/3/7/6 3 3,X,-0.7,6,SLEEP,Z,0.04933036,0.191601
3/7/3/6/3/6/3/7/5 3 3,Z,0.5,4,SLEEP,Z,0.05188424,0.1807294
3/7/3/6/3/6/3/7/3 3 3,Z,0.5,4,SLEEP,Z,0.03361713,0.1053163
3/7/3/6/3/6/7/2/7 3 3,X,-0.5,4,SLEEP,Z,0.04724191,0.1848589
3/7/3/6/3/6/7/6/6 3 3,X,-0.6111111111111111111111111111,6,SLEEP,Z,0.09167437,0.3217233
3/7/3/6/3/6/7/6/5 3 3,X,-0.5,6,SLEEP,Z,0.06802595,0.2718881
3/7/3/6/3/6/7/6/3 3 3,Z,0.5,2,SLEEP,Z,0.03650573,0.1411323
3/7/3/6/3/6/7/5/6 3 3,X,-0.6111111111111111111111111111,6,SLEEP,Z,0.1166256,0.3833864
3/7/3/6/3/6/7/5/5 3 3,X,-0.5,2,SLEEP,Z,0.04601363,0.1823843
3/7/3/6/3/6/7/5/3 3 3,Z,0.5,4,SLEEP,Z,0.1100283,0.2413266
3/7/3/6/3/6/7/3/6 3 3,Z,0.6428571428571428571428571429,12,SLEEP,Z,0.1172312,0.3963429
3/7/3/6/3/6/7/3/5 3 3,Z,0.6428571428571428571428571429,6,SLEEP,Z,0.05110151,0.2226029
3/7/3/6/3/6/7/3/3 3 3,Z,0.6428571428571428571428571429,6,SLEEP,Z,0.06160522,0.2403587
3/7/3/6/3/6/6/7/6 3 3,X,-0.7222222222222222222222222222,6,SLEEP,Z,0.1017219,0.3304241
3/7/3/6/3/6/7/7/4 3 3,X,-0.6111111111111111111111111111,8,SLEEP,Z,0.09038721,0.3634684
3/7/3/6/3/6/7/7/2 3 3,X,-0.5,4,SLEEP,Z,0.05182955,0.2049267
3/7/3/6/3/6/7/7/1 3 3,Z,0.5,4,SLEEP,Z,0.06716054,0.2063672
3/7/3/6/3/5/2/7/7 3 3,Z,0.5,4,SLEEP,Z,0.06409199,0.2195149
3/7/3/6/3/5/6/6/7 3 3,X,-0.6111111111111111111111111111,6,SLEEP,Z,0.1016893,0.3607631
3/7/3/6/3/5/6/5/7 3 3,X,-0.6111111111111111111111111111,8,SLEEP,Z,0.06575871,0.2519034
3/7/3/6/3/5/6/3/7 3 3,X,-0.6111111111111111111111111111,6,SLEEP,Z,0.06961079,0.2709613
3/7/3/6/3/5/6/7/6 3 3,X,-0.7222222222222222222222222222,10,SLEEP,Z,0.106652,0.3994941
3/7/3/6/3/5/6/7/5 3 3,X,-0.6111111111111111111111111111,6,SLEEP,Z,0.1452239,0.4541011
3/7/3/6/3/5/6/7/3 3 3,X,0.7,6,SLEEP,Z,0.1189628,0.3210981
3/7/3/6/3/5/5/6/7 3 3,X,-0.5,4,SLEEP,Z,0.04369952,0.1814006
3/7/3/6/3/5/5/5/7 3 3,Z,0.5,8,SLEEP,Z,0.105558,0.3307298
3/7/3/6/3/5/5/3/7 3 3,Z,0.5909090909090909090909090909,6,SLEEP,Z,0.08138,0.2221733
3/7/3/6/3/5/5/7/6 3 3,X,-0.6111111111111111111111111111,8,SLEEP,Z,0.06722127,0.2800936
3/7/3/6/3/5/5/7/5 3 3,Z,0.5,6,SLEEP,Z,0.04857126,0.2073298
3/7/3/6/3/5/5/7/3 3 3,Z,0.5,6,SLEEP,Z,0.05475692,0.2091113
3/7/3/6/3/5/3/6/7 3 3,X,-0.5,4,SLEEP,Z,0.04463691,0.1599167
3/7/3/6/3/5/3/5/7 3 3,Z,0.5,4,SLEEP,Z,0.05955508,0.2174841
3/7/3/6/3/5/3/3/7 3 3,Z,0.5909090909090909090909090909,12,SLEEP,Z,0.07496725,0.2634361
3/7/3/6/3/5/3/7/6 3 3,X,-0.7,4,SLEEP,Z,0.07875614,0.2622577
3/7/3/6/3/5/3/7/5 3 3,Z,0.5,4,SLEEP,Z,0.0407935,0.1583419
3/7/3/6/3/5/3/7/3 3 3,Z,0.5,4,SLEEP,Z,0.0307202,0.09258822
3/7/3/6/3/5/7/2/7 3 3,Z,0.5,6,SLEEP,Z,0.09069639,0.3024128
3/7/3/6/3/5/7/6/6 3 3,X,-0.6111111111111111111111111111,8,SLEEP,Z,0.1234529,0.4091529
3/7/3/6/3/5/7/6/5 3 3,X,-0.5,2,SLEEP,Z,0.04067756,0.1529869
3/7/3/6/3/5/7/6/3 3 3,Z,0.5,6,SLEEP,Z,0.05141363,0.193539
3/7/3/6/3/5/7/5/6 3 3,X,-0.6111111111111111111111111111,6,SLEEP,Z,0.1268688,0.4295173
3/7/3/6/3/5/7/5/5 3 3,Z,0.5,6,SLEEP,Z,0.07058167,0.2699901
3/7/3/6/3/5/7/5/3 3 3,Z,0.5,6,SLEEP,Z,0.0511441,0.2045995
3/7/3/6/3/5/7/3/6 3 3,X,-0.6111111111111111111111111111,10,SLEEP,Z,0.1391284,0.4521112
3/7/3/6/3/5/7/3/5 3 3,Z,0.5909090909090909090909090909,8,SLEEP,Z,0.08629168,0.3492339
3/7/3/6/3/5/7/3/3 3 3,Z,0.5909090909090909090909090909,6,SLEEP,Z,0.09466875,0.2584758
3/7/3/6/3/5/7/7/4 3 3,X,-0.6111111111111111111111111111,6,SLEEP,Z,0.07053023,0.3062685
3/7/3/6/3/5/7/7/2 3 3,Z,0.5,6,SLEEP,Z,0.1116112,0.3263827
3/7/3/6/3/5/7/7/1 3 3,Z,0.5,4,SLEEP,Z,0.05230503,0.2055538
3/7/3/6/3/3/2/7/7 3 3,Z,0.5909090909090909090909090909,6,SLEEP,Z,0.09280045,0.3026646
3/7/3/6/3/3/6/6/7 3 3,Z,-0.6428571428571428571428571429,6,SLEEP,Z,0.06982098,0.2573299
3/7/3/6/3/3/6/5/7 3 3,X,-0.6111111111111111111111111111,10,SLEEP,Z,0.1361066,0.4253737
3/7/3/6/3/3/6/3/7 3 3,Z,0.6818181818181818181818181819,8,SLEEP,Z,0.08686154,0.3149275
3/7/3/6/3/3/6/7/6 3 3,X,-0.7222222222222222222222222222,8,SLEEP,Z,0.1141816,0.3638
3/7/3/6/3/3/6/7/5 3 3,X,-0.6111111111111111111111111111,6,SLEEP,Z,0.06931891,0.2588975
3/7/3/6/3/3/6/7/3 3 3,X,0.7,6,SLEEP,Z,0.06399032,0.2207961
3/7/3/6/3/3/5/6/7 3 3,Z,-0.6428571428571428571428571429,6,SLEEP,Z,0.07719698,0.2927577
3/7/3/6/3/3/5/5/7 3 3,Z,0.5909090909090909090909090909,4,SLEEP,Z,0.05681549,0.2067721
3/7/3/6/3/3/5/3/7 3 3,Z,0.6818181818181818181818181819,8,SLEEP,Z,0.09288333,0.3406781
3/7/3/6/3/3/5/7/6 3 3,X,-0.6111111111111111111111111111,8,SLEEP,Z,0.07643407,0.2873261
3/7/3/6/3/3/5/7/5 3 3,Z,0.5909090909090909090909090909,6,SLEEP,Z,0.07551444,0.2814215
3/7/3/6/3/3/5/7/3 3 3,Z,0.5909090909090909090909090909,6,SLEEP,Z,0.06802708,0.2478008
3/7/3/6/3/3/3/6/7 3 3,Z,-0.6428571428571428571428571429,4,SLEEP,Z,0.05158271,0.2057944
3/7/3/6/3/3/3/5/7 3 3,Z,0.5909090909090909090909090909,6,SLEEP,Z,0.07267143,0.2706129
3/7/3/6/3/3/3/3/7 3 3,Z,0.6818181818181818181818181819,4,SLEEP,Z,0.05703617,0.1729025
3/7/3/6/3/3/3/7/6 3 3,X,-0.7,14,SLEEP,Z,0.1184108,0.3875935
3/7/3/6/3/3/3/7/5 3 3,Z,0.5909090909090909090909090909,2,SLEEP,Z,0.02971384,0.1130744
3/7/3/6/3/3/3/7/3 3 3,Z,0.5909090909090909090909090909,4,SLEEP,Z,0.03641836,0.1355594
3/7/3/6/3/3/7/6/6 3 3,Z,-0.6428571428571428571428571429,6,SLEEP,Z,0.05134765,0.205171
3/7/3/6/3/3/7/6/5 3 3,Z,-0.6428571428571428571428571429,6,SLEEP,Z,0.06324304,0.2655925
3/7/3/6/3/3/7/6/3 3 3,Z,-0.6428571428571428571428571429,4,SLEEP,Z,0.03590646,0.1423146
3/7/3/6/3/3/7/5/6 3 3,X,-0.6111111111111111111111111111,8,SLEEP,Z,0.08093292,0.315616
3/7/3/6/3/3/7/5/5 3 3,Z,0.5909090909090909090909090909,6,SLEEP,Z,0.07142812,0.2702663
3/7/3/6/3/3/7/5/3 3 3,Z,0.5909090909090909090909090909,16,SLEEP,Z,0.04667165,0.1815787
3/7/3/6/3/3/7/2/7 3 3,Z,0.5909090909090909090909090909,8,SLEEP,Z,0.09120145,0.3355796
3/7/3/6/3/3/7/3/6 3 3,Z,0.6818181818181818181818181819,8,SLEEP,Z,0.08499139,0.3171713
3/7/3/6/3/3/7/3/5 3 3,Z,0.6818181818181818181818181819,10,SLEEP,Z,0.08329099,0.3257374
3/7/3/6/3/3/7/3/3 3 3,Z,0.6818181818181818181818181819,8,SLEEP,Z,0.09045333,0.3297338
3/7/3/6/3/3/7/7/4 3 3,X,-0.6111111111111111111111111111,6,SLEEP,Z,0.1208325,0.339213
3/7/3/6/3/3/7/7/2 3 3,Z,0.5909090909090909090909090909,6,SLEEP,Z,0.09881865,0.3333311
3/7/3/6/3/3/7/7/1 3 3,Z,0.5909090909090909090909090909,6,SLEEP,Z,0.1034537,0.3614235
3/7/3/6/3/7/2/6/7 3 3,X,-0.5,6,SLEEP,Z,0.05108232,0.1800217
3/7/3/6/3/7/2/5/7 3 3,Z,0.5,4,SLEEP,Z,0.08357535,0.2557791
3/7/3/6/3/7/2/3/7 3 3,Z,0.5909090909090909090909090909,6,SLEEP,Z,0.09650917,0.3068316
3/7/3/6/3/7/2/7/6 3 3,X,-0.6111111111111111111111111111,6,SLEEP,Z,0.0686311,0.23639
3/7/3/6/3/7/2/7/5 3 3,Z,0.5,6,SLEEP,Z,0.06280416,0.2149721
3/7/3/6/3/7/2/7/3 3 3,Z,0.5,4,SLEEP,Z,0.04694995,0.1515622
3/7/3/6/3/7/6/2/7 3 3,X,-0.6111111111111111111111111111,8,SLEEP,Z,0.1440263,0.3934565
3/7/3/6/3/7/6/6/6 3 3,X,-0.7222222222222222222222222222,10,SLEEP,Z,0.103343,0.3650016
3/7/3/6/3/7/6/6/5 3 3,X,-0.6111111111111111111111111111,8,SLEEP,Z,0.1011887,0.3286242
3/7/3/6/3/7/6/6/3 3 3,X,0.75,4,SLEEP,Z,0.04916827,0.1859123
3/7/3/6/3/7/6/5/6 3 3,X,-0.7222222222222222222222222222,12,SLEEP,Z,0.1123788,0.4004649
3/7/3/6/3/7/6/5/5 3 3,X,-0.6111111111111111111111111111,6,SLEEP,Z,0.05165247,0.1900723
3/7/3/6/3/7/6/5/3 3 3,X,0.75,6,SLEEP,Z,0.05614859,0.1952922
3/7/3/6/3/7/6/3/6 3 3,X,-0.7222222222222222222222222222,10,SLEEP,Z,0.1475413,0.4373545
3/7/3/6/3/7/6/3/5 3 3,X,-0.6111111111111111111111111111,6,SLEEP,Z,0.1609627,0.4292022
3/7/3/6/3/7/6/3/3 3 3,X,0.75,6,SLEEP,Z,0.04476108,0.1559304
3/7/3/6/3/7/6/7/4 3 3,X,-0.7222222222222222222222222222,12,SLEEP,Z,0.1182848,0.4146541
3/7/3/6/3/7/6/7/2 3 3,X,-0.6111111111111111111111111111,12,SLEEP,Z,0.1792903,0.5069465
3/7/3/6/3/7/6/7/1 3 3,X,0.75,6,SLEEP,Z,0.04387418,0.1752586
3/7/3/6/3/7/5/2/7 3 3,Z,0.5,6,SLEEP,Z,0.06633755,0.2605827
3/7/3/6/3/7/5/6/6 3 3,X,-0.6111111111111111111111111111,6,SLEEP,Z,0.06791701,0.2694759
3/7/3/6/3/7/5/6/5 3 3,X,-0.5,6,SLEEP,Z,0.07084787,0.2632304
3/7/3/6/3/7/5/6/3 3 3,Z,0.5,4,SLEEP,Z,0.07036297,0.1982183
3/7/3/6/3/7/5/5/6 3 3,X,-0.6111111111111111111111111111,10,SLEEP,Z,0.1032673,0.3615471
3/7/3/6/3/7/5/5/5 3 3,Z,0.5,8,SLEEP,Z,0.09206578,0.3488537
3/7/3/6/3/7/5/5/3 3 3,Z,0.5,8,SLEEP,Z,0.08910652,0.3511295
3/7/3/6/3/7/5/3/6 3 3,X,-0.6111111111111111111111111111,8,SLEEP,Z,0.06839126,0.2297699
3/7/3/6/3/7/5/3/5 3 3,Z,0.5909090909090909090909090909,6,SLEEP,Z,0.03746531,0.1460743
3/7/3/6/3/7/5/3/3 3 3,Z,0.5909090909090909090909090909,4,SLEEP,Z,0.04494011,0.1745959
3/7/3/6/3/7/5/7/4 3 3,X,-0.6111111111111111111111111111,6,SLEEP,Z,0.1178983,0.3654803
3/7/3/6/3/7/5/7/2 3 3,Z,0.5,4,SLEEP,Z,0.05042447,0.1877358
3/7/3/6/3/7/5/7/1 3 3,Z,0.5,4,SLEEP,Z,0.03813362,0.1466177
3/7/3/6/3/7/3/2/7 3 3,Z,0.5,6,SLEEP,Z,0.05531906,0.1992722
3/7/3/6/3/7/3/6/6 3 3,X,-0.75,8,SLEEP,Z,0.1292078,0.3875249
3/7/3/6/3/7/3/6/5 3 3,X,-0.5,4,SLEEP,Z,0.04133673,0.1713765
3/7/3/6/3/7/3/6/3 3 3,Z,0.5,4,SLEEP,Z,0.03492517,0.1224014
3/7/3/6/3/7/3/5/6 3 3,X,-0.75,6,SLEEP,Z,0.08549412,0.2695216
3/7/3/6/3/7/3/5/5 3 3,Z,0.5,4,SLEEP,Z,0.07843966,0.2489604
3/7/3/6/3/7/3/5/3 3 3,Z,0.5,4,SLEEP,Z,0.01838924,0.07140723
3/7/3/6/3/7/3/3/6 3 3,X,-0.75,4,SLEEP,Z,0.06380881,0.2230514
3/7/3/6/3/7/3/3/5 3 3,Z,0.5909090909090909090909090909,6,SLEEP,Z,0.07638198,0.2566669
3/7/3/6/3/7/3/3/3 3 3,Z,0.5909090909090909090909090909,6,SLEEP,Z,0.1037943,0.3157665
3/7/3/6/3/7/3/7/4 3 3,X,-0.75,4,SLEEP,Z,0.09075236,0.305885
3/7/3/6/3/7/3/7/2 3 3,Z,0.5,6,SLEEP,Z,0.09627555,0.2476242
3/7/3/6/3/7/3/7/1 3 3,Z,0.5,4,SLEEP,Z,0.05551708,0.2123224
3/7/3/6/3/7/7/2/6 3 3,X,-0.6111111111111111111111111111,8,SLEEP,Z,0.1342942,0.4496139
3/7/3/6/3/7/7/2/5 3 3,Z,0.5,6,SLEEP,Z,0.07171228,0.2968628
3/7/3/6/3/7/7/2/3 3 3,Z,0.5,4,SLEEP,Z,0.03766187,0.1525952
3/7/3/6/3/7/7/6/4 3 3,X,-0.6111111111111111111111111111,8,SLEEP,Z,0.08478873,0.313462
3/7/3/6/3/7/7/6/2 3 3,X,-0.5,4,SLEEP,Z,0.07530247,0.2867778
3/7/3/6/3/7/7/6/1 3 3,Z,0.5,2,SLEEP,Z,0.02797169,0.1181654
3/7/3/6/3/7/7/5/4 3 3,X,-0.6111111111111111111111111111,6,SLEEP,Z,0.08691907,0.3014582
3/7/3/6/3/7/7/5/2 3 3,Z,0.5,6,SLEEP,Z,0.0669153,0.275818
3/7/3/6/3/7/7/5/1 3 3,Z,0.5,6,SLEEP,Z,0.077452,0.3075937
3/7/3/6/3/7/7/3/4 3 3,X,-0.6111111111111111111111111111,6,SLEEP,Z,0.04925676,0.1968919
3/7/3/6/3/7/7/3/2 3 3,Z,0.5909090909090909090909090909,6,SLEEP,Z,0.07894178,0.3019253
3/7/3/6/3/7/7/3/1 3 3,Z,0.5909090909090909090909090909,4,SLEEP,Z,0.03790539,0.1504783
3/7/3/6/7/2/2/7/7 3 3,X,-0.5,4,SLEEP,Z,0.06764629,0.2100955
3/7/3/6/7/2/6/6/7 3 3,X,-0.5769230769230769230769230769,8,SLEEP,Z,0.1442093,0.3636215
3/7/3/6/7/2/6/5/7 3 3,X,-0.5769230769230769230769230769,6,SLEEP,Z,0.07506966,0.222149
3/7/3/6/7/2/6/3/7 3 3,Z,0.5909090909090909090909090909,6,SLEEP,Z,0.06562275,0.2603883
3/7/3/6/7/2/6/7/6 3 3,X,-0.6538461538461538461538461538,8,SLEEP,Z,0.1238478,0.4599962
3/7/3/6/7/2/6/7/5 3 3,X,-0.5769230769230769230769230769,8,SLEEP,Z,0.1202515,0.3418079
3/7/3/6/7/2/6/7/3 3 3,X,0.7,4,SLEEP,Z,0.05415667,0.1930316
3/7/3/6/7/2/5/6/7 3 3,X,-0.5,6,SLEEP,Z,0.05984346,0.2611184
3/7/3/6/7/2/5/5/7 3 3,X,-0.5,4,SLEEP,Z,0.0571111,0.2042711
3/7/3/6/7/2/5/3/7 3 3,Z,0.5909090909090909090909090909,10,SLEEP,Z,0.1612456,0.4541407
3/7/3/6/7/2/5/7/6 3 3,X,-0.5769230769230769230769230769,10,SLEEP,Z,0.1451277,0.4989769
3/7/3/6/7/2/5/7/5 3 3,X,-0.5,6,SLEEP,Z,0.1040549,0.3476863
3/7/3/6/7/2/5/7/3 3 3,Z,0.5,6,SLEEP,Z,0.05793796,0.238071
3/7/3/6/7/2/3/6/7 3 3,X,-0.5,6,SLEEP,Z,0.09605799,0.3428432
3/7/3/6/7/2/3/5/7 3 3,Z,0.5,6,SLEEP,Z,0.04426411,0.1948853
3/7/3/6/7/2/3/3/7 3 3,Z,0.5909090909090909090909090909,4,SLEEP,Z,0.04831636,0.1510994
3/7/3/6/7/2/3/7/6 3 3,X,-0.7,6,SLEEP,Z,0.108441,0.3457483
3/7/3/6/7/2/3/7/5 3 3,Z,0.5,6,SLEEP,Z,0.04975318,0.1699952
3/7/3/6/7/2/3/7/3 3 3,Z,0.5,2,SLEEP,Z,0.03945402,0.1458815
3/7/3/6/7/2/7/2/7 3 3,X,-0.5,6,SLEEP,Z,0.0598495,0.2323224
3/7/3/6/7/2/7/6/6 3 3,X,-0.5769230769230769230769230769,8,SLEEP,Z,0.06036561,0.2487837
3/7/3/6/7/2/7/6/5 3 3,X,-0.5,6,SLEEP,Z,0.05245479,0.2134346
3/7/3/6/7/2/7/6/3 3 3,Z,0.5,4,SLEEP,Z,0.05463806,0.170628
3/7/3/6/7/2/7/5/6 3 3,X,-0.5769230769230769230769230769,8,SLEEP,Z,0.07920375,0.3136536
3/7/3/6/7/2/7/5/5 3 3,X,-0.5,4,SLEEP,Z,0.04182332,0.166484
3/7/3/6/7/2/7/5/3 3 3,Z,0.5,4,SLEEP,Z,0.05579555,0.2129497
3/7/3/6/7/2/7/3/6 3 3,Z,0.5909090909090909090909090909,10,SLEEP,Z,0.09097209,0.2989515
3/7/3/6/7/2/7/3/5 3 3,Z,0.5909090909090909090909090909,6,SLEEP,Z,0.06252442,0.2520908
3/7/3/6/7/2/7/3/3 3 3,Z,0.5909090909090909090909090909,8,SLEEP,Z,0.05541994,0.2260893
3/7/3/6/7/2/7/7/4 3 3,X,-0.5769230769230769230769230769,4,SLEEP,Z,0.05661925,0.2204221
3/7/3/6/7/2/7/7/2 3 3,X,-0.5,6,SLEEP,Z,0.09007025,0.3487646
3/7/3/6/7/2/7/7/1 3 3,Z,0.5,4,SLEEP,Z,0.03876729,0.1402362
3/7/3/6/7/6/2/6/7 3 3,X,-0.5,8,SLEEP,Z,0.120952,0.3466333
3/7/3/6/7/6/2/5/7 3 3,X,-0.5,4,SLEEP,Z,0.04348366,0.1477626
3/7/3/6/7/6/2/3/7 3 3,Z,0.6666666666666666666666666667,8,SLEEP,Z,0.07241254,0.2794732
3/7/3/6/7/6/2/7/6 3 3,X,-0.5769230769230769230769230769,12,SLEEP,Z,0.08899847,0.3621419
3/7/3/6/7/6/2/7/5 3 3,X,-0.5,4,SLEEP,Z,0.0566175,0.2247541
3/7/3/6/7/6/2/7/3 3 3,Z,0.5,6,SLEEP,Z,0.1411388,0.2491438
3/7/3/6/7/6/6/2/7 3 3,X,-0.5769230769230769230769230769,6,SLEEP,Z,0.06344211,0.2592616
3/7/3/6/7/6/6/6/6 3 3,X,-0.6538461538461538461538461538,8,SLEEP,Z,0.110139,0.4237291
3/7/3/6/7/6/6/6/5 3 3,X,-0.5769230769230769230769230769,2,SLEEP,Z,0.04310428,0.1815613
3/7/3/6/7/6/6/6/3 3 3,X,0.75,6,SLEEP,Z,0.09205369,0.2324387
3/7/3/6/7/6/6/5/6 3 3,X,-0.6538461538461538461538461538,8,SLEEP,Z,0.08853602,0.3553725
3/7/3/6/7/6/6/5/5 3 3,X,-0.5769230769230769230769230769,6,SLEEP,Z,0.06929996,0.2951707
3/7/3/6/7/6/6/5/3 3 3,X,0.75,8,SLEEP,Z,0.2104889,0.4228301
3/7/3/6/7/6/6/3/6 3 3,Z,0.6666666666666666666666666667,10,SLEEP,Z,0.110126,0.4071941
3/7/3/6/7/6/6/3/5 3 3,Z,0.6666666666666666666666666667,8,SLEEP,Z,0.06778925,0.2694313
3/7/3/6/7/6/6/3/3 3 3,X,0.75,6,SLEEP,Z,0.04928001,0.1995206
3/3/3/6/7/6/6/7/6 3 3,X,-0.6428571428571428571428571428,16,SLEEP,Z,0.08117577,0.3358543
3/7/3/6/7/6/6/7/4 3 3,X,-0.6538461538461538461538461538,14,SLEEP,Z,0.1193143,0.4538271
3/7/3/6/7/6/6/7/2 3 3,X,-0.5769230769230769230769230769,6,SLEEP,Z,0.06935347,0.2383424
3/7/3/6/7/6/6/7/1 3 3,X,0.75,4,SLEEP,Z,0.05243915,0.2023779
3/7/3/6/7/6/5/2/7 3 3,X,-0.5,4,SLEEP,Z,0.06590931,0.2294331
3/7/3/6/7/6/5/6/6 3 3,X,-0.5769230769230769230769230769,8,SLEEP,Z,0.1046788,0.4077004
3/7/3/6/7/6/5/6/5 3 3,X,-0.5,2,SLEEP,Z,0.03949285,0.177524
3/7/3/6/7/6/5/6/3 3 3,Z,0.5,4,SLEEP,Z,0.06608181,0.2331227
3/7/3/6/7/6/5/5/6 3 3,X,-0.5769230769230769230769230769,6,SLEEP,Z,0.0527957,0.2439749
3/7/3/6/7/6/5/5/5 3 3,X,-0.5,6,SLEEP,Z,0.09667832,0.3701005
3/7/3/6/7/6/5/5/3 3 3,Z,0.5,4,SLEEP,Z,0.03862585,0.1574703
3/7/3/6/7/6/5/3/6 3 3,Z,0.6666666666666666666666666667,6,SLEEP,Z,0.06021636,0.2679993
3/7/3/6/7/6/5/3/5 3 3,Z,0.6666666666666666666666666667,8,SLEEP,Z,0.1420015,0.3742247
3/7/3/6/7/6/5/3/3 3 3,Z,0.6666666666666666666666666667,4,SLEEP,Z,0.03907991,0.1591844
3/7/3/6/7/6/5/7/4 3 3,X,-0.5769230769230769230769230769,6,SLEEP,Z,0.09050282,0.371422
3/7/3/6/7/6/5/7/2 3 3,X,-0.5,6,SLEEP,Z,0.08231627,0.2613195
3/7/3/6/7/6/5/7/1 3 3,Z,0.5,4,SLEEP,Z,0.04501179,0.1844281
3/7/3/6/7/6/3/2/7 3 3,Z,0.5,4,SLEEP,Z,0.0600813,0.1736024
3/7/3/6/7/6/3/6/6 3 3,X,-0.75,6,SLEEP,Z,0.05449089,0.1968452
3/7/3/6/7/6/3/6/5 3 3,X,-0.5,6,SLEEP,Z,0.03849766,0.1637852
3/7/3/6/7/6/3/6/3 3 3,Z,0.5,2,SLEEP,Z,0.03066917,0.079217
3/7/3/6/7/6/3/5/6 3 3,X,-0.75,6,SLEEP,Z,0.07512119,0.2770267
3/7/3/6/7/6/3/5/5 3 3,Z,0.5,4,SLEEP,Z,0.06255601,0.2155568
3/7/3/6/7/6/3/5/3 3 3,Z,0.5,4,SLEEP,Z,0.04279677,0.1744906
3/7/3/6/7/6/3/3/6 3 3,X,-0.75,8,SLEEP,Z,0.07135462,0.2646566
3/7/3/6/7/6/3/3/5 3 3,Z,0.6666666666666666666666666667,4,SLEEP,Z,0.03842881,0.1613334
3/7/3/6/7/6/3/3/3 3 3,Z,0.6666666666666666666666666667,4,SLEEP,Z,0.08887088,0.1826379
3/7/3/6/7/6/3/7/4 3 3,X,-0.75,6,SLEEP,Z,0.08468335,0.3093246
3/7/3/6/7/6/3/7/2 3 3,Z,0.5,4,SLEEP,Z,0.09354958,0.3420025
3/7/3/6/7/6/3/7/1 3 3,Z,0.5,4,SLEEP,Z,0.03729608,0.151651
3/7/3/6/7/6/7/2/6 3 3,X,-0.5769230769230769230769230769,6,SLEEP,Z,0.1213992,0.3888461
3/7/3/6/7/6/7/2/5 3 3,X,-0.5,4,SLEEP,Z,0.04254358,0.1889061
3/7/3/6/7/6/7/2/3 3 3,Z,0.5,4,SLEEP,Z,0.06913102,0.2414148
3/7/3/6/7/6/7/6/4 3 3,X,-0.5769230769230769230769230769,4,SLEEP,Z,0.04071692,0.1769998
3/7/3/6/7/6/7/6/2 3 3,X,-0.5,4,SLEEP,Z,0.0422415,0.1625563
3/7/3/6/7/6/7/6/1 3 3,Z,0.5,2,SLEEP,Z,0.03531533,0.1582741
3/7/3/6/7/6/7/5/4 3 3,X,-0.5769230769230769230769230769,8,SLEEP,Z,0.1209913,0.4626569
3/7/3/6/7/6/7/5/2 3 3,X,-0.5,4,SLEEP,Z,0.04346727,0.1859833
3/7/3/6/7/6/7/5/1 3 3,Z,0.5,4,SLEEP,Z,0.03608285,0.1404904
3/7/3/6/7/6/7/3/4 3 3,Z,0.6666666666666666666666666666,6,SLEEP,Z,0.07943531,0.2628333
3/7/3/6/7/6/7/3/2 3 3,Z,0.6666666666666666666666666666,6,SLEEP,Z,0.05940016,0.2425178
3/7/3/6/7/6/7/3/1 3 3,Z,0.6666666666666666666666666666,6,SLEEP,Z,0.04471113,0.1706477
3/7/3/6/7/5/2/6/7 3 3,X,-0.5,6,SLEEP,Z,0.09310318,0.2277488
3/7/3/6/7/5/2/5/7 3 3,X,-0.5,6,SLEEP,Z,0.09061214,0.3341687
3/7/3/6/7/5/2/3/7 3 3,Z,0.5909090909090909090909090909,8,SLEEP,Z,0.08239696,0.230767
3/7/3/6/7/5/2/7/6 3 3,X,-0.5769230769230769230769230769,12,SLEEP,Z,0.08597194,0.3443302
3/7/3/6/7/5/2/7/5 3 3,X,-0.5,6,SLEEP,Z,0.07940476,0.2685394
3/7/3/6/7/5/2/7/3 3 3,Z,0.5,6,SLEEP,Z,0.05575006,0.2010655
3/7/3/6/7/5/6/2/7 3 3,X,-0.5769230769230769230769230769,8,SLEEP,Z,0.1256755,0.3760877
3/7/3/6/7/5/6/6/6 3 3,X,-0.6538461538461538461538461538,14,SLEEP,Z,0.1275013,0.5223963
3/7/3/6/7/5/6/6/5 3 3,X,-0.5769230769230769230769230769,8,SLEEP,Z,0.1224159,0.4302234
3/7/3/6/7/5/6/6/3 3 3,X,0.75,4,SLEEP,Z,0.06130141,0.2552682
3/7/3/6/7/5/6/5/6 3 3,X,-0.6538461538461538461538461538,6,SLEEP,Z,0.09658173,0.3789816
3/7/3/6/7/5/6/5/5 3 3,X,-0.5769230769230769230769230769,10,SLEEP,Z,0.1181903,0.4253609
3/7/3/6/7/5/6/5/3 3 3,X,0.75,4,SLEEP,Z,0.05892522,0.2136313
3/7/3/6/7/5/6/3/6 3 3,X,-0.6538461538461538461538461538,12,SLEEP,Z,0.1054246,0.4183311
3/7/3/6/7/5/6/3/5 3 3,Z,0.5909090909090909090909090909,6,SLEEP,Z,0.06377172,0.2653604
3/7/3/6/7/5/6/3/3 3 3,X,0.75,6,SLEEP,Z,0.09039205,0.3010152
3/7/3/6/6/5/6/7/6 3 3,X,-0.7307692307692307692307692307,12,SLEEP,Z,0.08514288,0.3303027
3/7/3/6/7/5/6/7/4 3 3,X,-0.6538461538461538461538461538,10,SLEEP,Z,0.07806168,0.3153354
3/7/3/6/7/5/6/7/2 3 3,X,-0.5769230769230769230769230769,6,SLEEP,Z,0.0476797,0.1745759
3/7/3/6/7/5/6/7/1 3 3,X,0.75,4,SLEEP,Z,0.08107334,0.2639232
3/7/3/6/7/5/5/2/7 3 3,X,-0.5,8,SLEEP,Z,0.1147119,0.3070879
3/7/3/6/7/5/5/6/6 3 3,X,-0.5769230769230769230769230769,4,SLEEP,Z,0.06120551,0.2320404
3/7/3/6/7/5/5/6/5 3 3,X,-0.5,4,SLEEP,Z,0.04907953,0.2152265
3/7/3/6/7/5/5/6/3 3 3,Z,0.5,6,SLEEP,Z,0.07527056,0.2442044
3/7/3/6/7/5/5/5/6 3 3,X,-0.5769230769230769230769230769,8,SLEEP,Z,0.0796876,0.3399663
3/7/3/6/7/5/5/5/5 3 3,X,-0.5,4,SLEEP,Z,0.04263227,0.1458072
3/7/3/6/7/5/5/5/3 3 3,Z,0.5,4,SLEEP,Z,0.04310624,0.1867485
3/7/3/6/7/5/5/3/6 3 3,Z,0.5909090909090909090909090909,6,SLEEP,Z,0.05508833,0.2228737
3/7/3/6/7/5/5/3/5 3 3,Z,0.5909090909090909090909090909,6,SLEEP,Z,0.061461,0.1982911
3/7/3/6/7/5/5/3/3 3 3,Z,0.5909090909090909090909090909,6,SLEEP,Z,0.04780183,0.2015129
3/7/3/6/7/5/5/7/4 3 3,X,-0.5769230769230769230769230769,8,SLEEP,Z,0.06415369,0.2308507
3/7/3/6/7/5/5/7/2 3 3,X,-0.5,4,SLEEP,Z,0.03707473,0.1601741
3/7/3/6/7/5/5/7/1 3 3,Z,0.5,4,SLEEP,Z,0.0436074,0.195189
3/7/3/6/7/5/3/2/7 3 3,Z,0.5,4,SLEEP,Z,0.03885168,0.1603278
3/7/3/6/7/5/3/6/6 3 3,X,-0.75,8,SLEEP,Z,0.1678667,0.4444852
3/7/3/6/7/5/3/6/5 3 3,X,-0.5,4,SLEEP,Z,0.02830768,0.1203432
3/7/3/6/7/5/3/6/3 3 3,Z,0.5,2,SLEEP,Z,0.03172132,0.1315744
3/7/3/6/7/5/3/5/6 3 3,X,-0.75,4,SLEEP,Z,0.05856159,0.2398952
3/7/3/6/7/5/3/5/5 3 3,Z,0.5,4,SLEEP,Z,0.06246307,0.2224492
3/7/3/6/7/5/3/5/3 3 3,Z,0.5,2,SLEEP,Z,0.02713434,0.1102557
3/7/3/6/7/5/3/3/6 3 3,X,-0.75,8,SLEEP,Z,0.0834844,0.3378392
3/7/3/6/7/5/3/3/5 3 3,Z,0.5909090909090909090909090909,6,SLEEP,Z,0.07659707,0.2883804
3/7/3/6/7/5/3/3/3 3 3,Z,0.5909090909090909090909090909,4,SLEEP,Z,0.01837308,0.07546273
3/7/3/6/7/5/3/7/4 3 3,X,-0.75,6,SLEEP,Z,0.06010085,0.2490626
3/7/3/6/7/5/3/7/2 3 3,Z,0.5,4,SLEEP,Z,0.04565234,0.1939931
3/7/3/6/7/5/3/7/1 3 3,Z,0.5,4,SLEEP,Z,0.02253359,0.07151061
3/7/3/6/7/5/7/2/6 3 3,X,-0.5769230769230769230769230769,6,SLEEP,Z,0.06649926,0.2808819
3/7/3/6/7/5/7/2/5 3 3,X,-0.5,6,SLEEP,Z,0.05783813,0.2576221
3/7/3/6/7/5/7/2/3 3 3,Z,0.5,6,SLEEP,Z,0.05934877,0.212193
3/7/3/6/7/5/7/6/4 3 3,X,-0.5769230769230769230769230769,4,SLEEP,Z,0.06445581,0.2797414
3/7/3/6/7/5/7/6/2 3 3,X,-0.5,6,SLEEP,Z,0.07170782,0.2952531
3/7/3/6/7/5/7/6/1 3 3,Z,0.5,8,SLEEP,Z,0.07823071,0.2976423
3/7/3/6/7/5/7/5/4 3 3,X,-0.5769230769230769230769230769,8,SLEEP,Z,0.1549538,0.5647708
3/7/3/6/7/5/7/5/2 3 3,X,-0.5,8,SLEEP,Z,0.06356337,0.2604085
3/7/3/6/7/5/7/5/1 3 3,Z,0.5,8,SLEEP,Z,0.07894907,0.3164828
3/7/3/6/7/5/7/3/4 3 3,Z,0.5909090909090909090909090909,4,SLEEP,Z,0.05703074,0.2299855
3/7/3/6/7/5/7/3/2 3 3,Z,0.5909090909090909090909090909,4,SLEEP,Z,0.06564077,0.2577878
3/7/3/6/7/5/7/3/1 3 3,Z,0.5909090909090909090909090909,6,SLEEP,Z,0.05965823,0.2545793
3/7/3/6/7/3/2/6/7 3 3,Z,-0.6666666666666666666666666667,4,SLEEP,Z,0.06677667,0.2317909
3/7/3/6/7/3/2/5/7 3 3,Z,0.5909090909090909090909090909,4,SLEEP,Z,0.04875149,0.1507484
3/7/3/6/7/3/2/3/7 3 3,Z,0.6818181818181818181818181818,10,SLEEP,Z,0.163725,0.402876
3/7/3/6/7/3/2/7/6 3 3,Z,0.5909090909090909090909090909,4,SLEEP,Z,0.07991862,0.2096531
3/7/3/6/7/3/2/7/5 3 3,Z,0.5909090909090909090909090909,6,SLEEP,Z,0.06206904,0.235261
3/7/3/6/7/3/2/7/3 3 3,Z,0.5909090909090909090909090909,4,SLEEP,Z,0.09931175,0.2591927
3/7/3/6/7/3/6/2/7 3 3,Z,0.5909090909090909090909090909,8,SLEEP,Z,0.05056744,0.1818247
3/7/3/6/7/3/6/6/6 3 3,Z,-0.6666666666666666666666666667,10,SLEEP,Z,0.06954866,0.2942187
3/7/3/6/7/3/6/6/5 3 3,Z,-0.6666666666666666666666666667,4,SLEEP,Z,0.05785199,0.2393047
3/7/3/6/7/3/6/6/3 3 3,X,0.75,4,SLEEP,Z,0.06809808,0.2196668
3/7/3/6/7/3/6/5/6 3 3,X,-0.6538461538461538461538461538,10,SLEEP,Z,0.1251901,0.4578321
3/7/3/6/7/3/6/5/5 3 3,Z,0.5909090909090909090909090909,6,SLEEP,Z,0.06781556,0.269864
3/7/3/6/7/3/6/5/3 3 3,X,0.75,6,SLEEP,Z,0.09880979,0.2864859
3/7/3/6/7/3/6/3/5 3 3,Z,0.6818181818181818181818181818,8,SLEEP,Z,0.09925896,0.3659575
3/7/3/6/7/3/6/3/3 3 3,X,0.75,8,SLEEP,Z,0.2241088,0.4917521
3/7/3/6/7/3/6/3/6 3 3,Z,0.6818181818181818181818181818,10,SLEEP,Z,0.1412736,0.4933493
3/7/3/6/7/3/6/7/4 3 3,X,-0.6538461538461538461538461538,10,SLEEP,Z,0.1026053,0.3825457
3/7/3/6/7/3/6/7/2 3 3,Z,0.5909090909090909090909090909,8,SLEEP,Z,0.1547964,0.4897888
3/7/3/6/7/3/6/7/1 3 3,X,0.75,6,SLEEP,Z,0.1409706,0.3955626
3/7/3/6/7/3/5/2/7 3 3,Z,0.5909090909090909090909090909,6,SLEEP,Z,0.07207931,0.3036905
3/7/3/6/7/3/5/6/6 3 3,Z,-0.6666666666666666666666666667,6,SLEEP,Z,0.111948,0.4127551
3/7/3/6/7/3/5/6/5 3 3,Z,-0.6666666666666666666666666667,4,SLEEP,Z,0.07071296,0.2644889
3/7/3/6/7/3/5/6/3 3 3,Z,-0.6666666666666666666666666667,4,SLEEP,Z,0.0742389,0.33931
3/7/3/6/7/3/5/5/6 3 3,Z,0.5909090909090909090909090909,6,SLEEP,Z,0.07086979,0.2749531
3/7/3/6/7/3/5/5/5 3 3,Z,0.5909090909090909090909090909,6,SLEEP,Z,0.0707012,0.3220335
3/7/3/6/7/3/5/5/3 3 3,Z,0.5909090909090909090909090909,8,SLEEP,Z,0.08896939,0.2822092
3/7/3/6/7/3/5/3/6 3 3,Z,0.6818181818181818181818181818,10,SLEEP,Z,0.09026689,0.3754054
3/7/3/6/7/3/5/3/5 3 3,Z,0.6818181818181818181818181818,8,SLEEP,Z,0.08403919,0.319497
3/7/3/6/7/3/5/3/3 3 3,Z,0.6818181818181818181818181818,6,SLEEP,Z,0.04349928,0.1942114
3/7/3/6/7/3/5/7/4 3 3,Z,0.5909090909090909090909090909,6,SLEEP,Z,0.07937431,0.3295162
3/7/3/6/7/3/5/7/2 3 3,Z,0.5909090909090909090909090909,6,SLEEP,Z,0.06222422,0.243595
3/7/3/6/7/3/5/7/1 3 3,Z,0.5909090909090909090909090909,4,SLEEP,Z,0.03017138,0.127518
3/7/3/6/7/3/3/2/7 3 3,Z,0.5909090909090909090909090909,8,SLEEP,Z,0.04664428,0.1904634
3/7/3/6/7/3/3/6/6 3 3,X,-0.75,4,SLEEP,Z,0.07910341,0.2602386
3/7/3/6/7/3/3/6/5 3 3,Z,-0.6666666666666666666666666667,6,SLEEP,Z,0.05669786,0.235368
3/7/3/6/7/3/3/6/3 3 3,Z,-0.6666666666666666666666666667,4,SLEEP,Z,0.02005374,0.0755918
3/7/3/6/7/3/3/5/6 3 3,X,-0.75,8,SLEEP,Z,0.05860671,0.1980985
3/7/3/6/7/3/3/5/5 3 3,Z,0.5909090909090909090909090909,6,SLEEP,Z,0.05051463,0.2249503
3/7/3/6/7/3/3/5/3 3 3,Z,0.5909090909090909090909090909,4,SLEEP,Z,0.02679414,0.1024056
3/7/3/6/7/3/3/3/6 3 3,X,-0.75,8,SLEEP,Z,0.1671869,0.4436385
3/7/3/6/7/3/3/3/5 3 3,Z,0.6818181818181818181818181818,6,SLEEP,Z,0.07676259,0.3853709
3/7/3/6/7/3/3/3/3 3 3,Z,0.6818181818181818181818181818,4,SLEEP,Z,0.04408016,0.1583699
3/7/3/6/7/3/3/7/4 3 3,X,-0.75,6,SLEEP,Z,0.06645618,0.2491073
3/7/3/6/7/3/3/7/2 3 3,Z,0.5909090909090909090909090909,4,SLEEP,Z,0.04818058,0.2056276
3/7/3/6/7/3/3/7/1 3 3,Z,0.5909090909090909090909090909,4,SLEEP,Z,0.03262642,0.1390319
3/7/3/6/7/3/7/2/6 3 3,Z,0.5909090909090909090909090909,8,SLEEP,Z,0.04721004,0.193685
3/7/3/6/7/3/7/2/5 3 3,Z,0.5909090909090909090909090909,6,SLEEP,Z,0.05115988,0.2246288
3/7/3/6/7/3/7/2/3 3 3,Z,0.5909090909090909090909090909,4,SLEEP,Z,0.02951485,0.1136968
3/7/3/6/7/3/7/6/4 3 3,Z,-0.6666666666666666666666666666,4,SLEEP,Z,0.04969717,0.2001487
3/7/3/6/7/3/7/6/2 3 3,Z,-0.6666666666666666666666666666,8,SLEEP,Z,0.08024124,0.3022965
3/7/3/6/7/3/7/6/1 3 3,Z,-0.6666666666666666666666666666,4,SLEEP,Z,0.03200582,0.1102842
3/7/3/6/7/3/7/5/4 3 3,Z,0.5909090909090909090909090909,6,SLEEP,Z,0.06637695,0.2874144
3/7/3/6/7/3/7/5/2 3 3,Z,0.5909090909090909090909090909,6,SLEEP,Z,0.05181805,0.2360208
3/7/3/6/7/3/7/5/1 3 3,Z,0.5909090909090909090909090909,6,SLEEP,Z,0.08812282,0.3470987
3/7/3/6/7/3/7/3/4 3 3,Z,0.6818181818181818181818181818,8,SLEEP,Z,0.1284388,0.479957
3/7/3/6/7/3/7/3/2 3 3,Z,0.6818181818181818181818181818,8,SLEEP,Z,0.08641274,0.3123885
3/7/3/6/7/3/7/3/1 3 3,Z,0.6818181818181818181818181818,6,SLEEP,Z,0.05346505,0.2320275
3/7/3/6/7/7/2/2/7 3 3,X,-0.5,8,SLEEP,Z,0.06027815,0.2082408
3/7/3/6/7/7/2/6/6 3 3,X,-0.5769230769230769230769230769,8,SLEEP,Z,0.07435042,0.297064
3/7/3/6/7/7/2/6/5 3 3,X,-0.5,8,SLEEP,Z,0.07911673,0.2941037
3/7/3/6/7/7/2/6/3 3 3,X,0.5,2,SLEEP,Z,0.02725086,0.08020701
3/7/3/6/7/7/2/5/6 3 3,X,-0.5769230769230769230769230769,6,SLEEP,Z,0.07886785,0.2813534
3/7/3/6/7/7/2/5/5 3 3,X,-0.5,6,SLEEP,Z,0.1039,0.3462806
3/7/3/6/7/7/2/5/3 3 3,Z,0.5,4,SLEEP,Z,0.03558326,0.1386414
3/7/3/6/7/7/2/3/6 3 3,Z,0.5909090909090909090909090909,8,SLEEP,Z,0.09707204,0.3903784
3/7/3/6/7/7/2/3/5 3 3,Z,0.5909090909090909090909090909,6,SLEEP,Z,0.08041546,0.3057677
3/7/3/6/7/7/2/3/3 3 3,Z,0.5909090909090909090909090909,6,SLEEP,Z,0.1379531,0.2799593
3/7/3/6/7/7/2/7/4 3 3,X,-0.5769230769230769230769230769,8,SLEEP,Z,0.08909594,0.3698818
3/7/3/6/7/7/2/7/2 3 3,X,-0.5,8,SLEEP,Z,0.1182193,0.3776407
3/7/3/6/7/7/2/7/1 3 3,Z,0.5,4,SLEEP,Z,0.03691004,0.1344821
3/7/3/6/7/7/6/2/6 3 3,X,-0.6538461538461538461538461538,8,SLEEP,Z,0.07349085,0.3121386
3/7/3/6/7/7/6/2/5 3 3,X,-0.5769230769230769230769230769,6,SLEEP,Z,0.04397911,0.1871928
3/7/3/6/7/7/6/2/3 3 3,X,0.8333333333333333333333333333,4,SLEEP,Z,0.04381966,0.1590873
3/7/3/6/7/7/6/6/4 3 3,X,-0.6538461538461538461538461538,6,SLEEP,Z,0.09667327,0.4130653
3/7/3/6/7/7/6/6/2 3 3,X,-0.5769230769230769230769230769,10,SLEEP,Z,0.09239116,0.3626863
3/7/3/6/7/7/6/6/1 3 3,X,0.8333333333333333333333333333,4,SLEEP,Z,0.06168944,0.1785277
3/7/3/6/7/7/6/5/4 3 3,X,-0.6538461538461538461538461538,6,SLEEP,Z,0.08058041,0.3315342
3/7/3/6/7/7/6/5/2 3 3,X,-0.5769230769230769230769230769,6,SLEEP,Z,0.05200095,0.2035599
3/7/3/6/7/7/6/5/1 3 3,X,0.8333333333333333333333333333,6,SLEEP,Z,0.0597782,0.2620823
3/7/3/6/7/7/6/3/4 3 3,X,-0.6538461538461538461538461538,10,SLEEP,Z,0.1672393,0.609802
3/7/3/6/7/7/6/3/2 3 3,Z,0.5909090909090909090909090909,6,SLEEP,Z,0.07447815,0.2868209
3/7/3/6/7/7/6/3/1 3 3,X,0.8333333333333333333333333333,6,SLEEP,Z,0.06967929,0.2251634
3/7/3/6/7/7/5/2/6 3 3,X,-0.5769230769230769230769230769,8,SLEEP,Z,0.1112075,0.3983851
3/7/3/6/7/7/5/2/5 3 3,X,-0.5,6,SLEEP,Z,0.04477186,0.199834
3/7/3/6/7/7/5/2/3 3 3,Z,0.5,6,SLEEP,Z,0.05375217,0.22009
3/7/3/6/7/7/5/6/4 3 3,X,-0.5769230769230769230769230769,6,SLEEP,Z,0.05341197,0.2485971
3/7/3/6/7/7/5/6/2 3 3,X,-0.5,4,SLEEP,Z,0.04990347,0.2093874
3/7/3/6/7/7/5/6/1 3 3,Z,0.5,6,SLEEP,Z,0.06658165,0.197876
3/7/3/6/7/7/5/5/4 3 3,X,-0.5769230769230769230769230769,8,SLEEP,Z,0.05020266,0.2243968
3/7/3/6/7/7/5/5/2 3 3,X,-0.5,4,SLEEP,Z,0.05224897,0.2327489
3/7/3/6/7/7/5/5/1 3 3,Z,0.5,4,SLEEP,Z,0.06627371,0.2152956
3/7/3/6/7/7/5/3/4 3 3,Z,0.5909090909090909090909090909,6,SLEEP,Z,0.06024932,0.247963
3/7/3/6/7/7/5/3/2 3 3,Z,0.5909090909090909090909090909,6,SLEEP,Z,0.05284778,0.2120923
3/7/3/6/7/7/5/3/1 3 3,Z,0.5909090909090909090909090909,4,SLEEP,Z,0.04241146,0.1637271
3/7/3/6/7/7/3/2/6 3 3,X,-0.8333333333333333333333333333,6,SLEEP,Z,0.08479288,0.3173381
3/7/3/6/7/7/3/2/5 3 3,Z,0.5,6,SLEEP,Z,0.03490825,0.1444338
3/7/3/6/7/7/3/2/3 3 3,Z,0.5,4,SLEEP,Z,0.0362878,0.1483268
3/7/3/6/7/7/3/6/4 3 3,X,-0.8333333333333333333333333333,6,SLEEP,Z,0.07456783,0.2720036
3/7/3/6/7/7/3/6/2 3 3,X,-0.5,4,SLEEP,Z,0.03725176,0.1519504
3/7/3/6/7/7/3/6/1 3 3,Z,0.5,2,SLEEP,Z,0.02234751,0.09562798
3/7/3/6/7/7/3/5/4 3 3,X,-0.8333333333333333333333333333,6,SLEEP,Z,0.1355785,0.3848723
3/7/3/6/7/7/3/5/2 3 3,Z,0.5,6,SLEEP,Z,0.07634424,0.2638198
3/7/3/6/7/7/3/5/1 3 3,Z,0.5,4,SLEEP,Z,0.03416837,0.1424729
3/7/3/6/7/7/3/3/4 3 3,X,-0.8333333333333333333333333333,8,SLEEP,Z,0.1580261,0.4287823
3/7/3/6/7/7/3/3/2 3 3,Z,0.5909090909090909090909090909,6,SLEEP,Z,0.05436791,0.2210706
3/7/3/6/7/7/3/3/1 3 3,Z,0.5909090909090909090909090909,6,SLEEP,Z,0.05020838,0.2036395
3/7/3/6/7/7/7/2/4 3 3,X,-0.5769230769230769230769230769,8,SLEEP,Z,0.06798439,0.284073
3/7/3/6/7/7/7/2/2 3 3,X,-0.5,4,SLEEP,Z,0.05095629,0.2177539
3/7/3/6/7/7/7/2/1 3 3,Z,0.5,4,SLEEP,Z,0.09306255,0.3250359
3/7/3/5/2/2/7/7/7 3 3,X,-0.5,8,SLEEP,Z,0.07360926,0.2272485
3/7/3/5/2/6/6/7/7 3 3,X,-0.5769230769230769230769230769,6,SLEEP,Z,0.06357393,0.2515173
3/7/3/5/2/6/5/7/7 3 3,X,-0.5,4,SLEEP,Z,0.06666021,0.1953076
3/7/3/5/2/6/3/7/7 3 3,Z,0.5,6,SLEEP,Z,0.09991665,0.4283229
3/7/3/5/2/6/7/6/7 3 3,X,-0.5,4,SLEEP,Z,0.05794635,0.1861156
3/7/3/5/2/6/7/5/7 3 3,X,-0.5,4,SLEEP,Z,0.05812268,0.178835
3/7/3/5/2/6/7/3/7 3 3,Z,0.625,6,SLEEP,Z,0.1543052,0.3978326
3/7/3/5/2/6/7/7/6 3 3,X,-0.5769230769230769230769230769,14,SLEEP,Z,0.1382094,0.4780419
3/7/3/5/2/6/7/7/5 3 3,X,-0.5,2,SLEEP,Z,0.0494078,0.1791096
3/7/3/5/2/6/7/7/3 3 3,Z,0.5,6,SLEEP,Z,0.115996,0.2679803
3/7/3/5/2/5/6/7/7 3 3,X,-0.5769230769230769230769230769,8,SLEEP,Z,0.0834431,0.2740959
3/7/3/5/2/5/5/7/7 3 3,X,-0.5,8,SLEEP,Z,0.08903378,0.3015842
3/7/3/5/2/5/3/7/7 3 3,X,-0.5,4,SLEEP,Z,0.03988919,0.1339549
3/7/3/5/2/5/7/6/7 3 3,X,-0.5,4,SLEEP,Z,0.06438582,0.2034969
3/7/3/5/2/5/7/5/7 3 3,X,-0.5,6,SLEEP,Z,0.111243,0.3610611
3/7/3/5/2/5/7/3/7 3 3,X,-0.5,6,SLEEP,Z,0.06615449,0.2381334
3/7/3/5/2/5/7/7/6 3 3,X,-0.5769230769230769230769230769,8,SLEEP,Z,0.1433856,0.4351127
3/7/3/5/2/5/7/7/5 3 3,X,-0.5,4,SLEEP,Z,0.07125924,0.3690604
3/7/3/5/2/5/7/7/3 3 3,X,-0.4230769230769230769230769231,6,SLEEP,Z,0.05652802,0.20502
3/7/3/5/2/3/6/7/7 3 3,X,-0.5769230769230769230769230769,8,SLEEP,Z,0.06426768,0.243432
3/7/3/5/2/3/5/7/7 3 3,X,-0.5,4,SLEEP,Z,0.05411239,0.1886906
3/7/3/5/2/3/3/7/7 3 3,Z,-0.5,4,SLEEP,Z,0.04426539,0.1307647
3/7/3/5/2/3/7/6/7 3 3,Z,-0.625,6,SLEEP,Z,0.06479548,0.2339237
3/7/3/5/2/3/7/5/7 3 3,X,-0.5,6,SLEEP,Z,0.06248261,0.1968072
3/7/3/5/2/3/7/3/7 3 3,X,-0.5,6,SLEEP,Z,0.069102,0.2227259
3/7/3/5/2/3/7/7/6 3 3,X,-0.5769230769230769230769230769,6,SLEEP,Z,0.06601881,0.2542256
3/7/3/5/2/3/7/7/5 3 3,X,-0.5,6,SLEEP,Z,0.05173624,0.1895129
3/7/3/5/2/3/7/7/3 3 3,Z,-0.5,4,SLEEP,Z,0.05238513,0.1665738
3/7/3/5/2/7/2/7/7 3 3,X,-0.5,4,SLEEP,Z,0.06691077,0.2374886
3/7/3/5/2/7/6/6/7 3 3,X,-0.5769230769230769230769230769,6,SLEEP,Z,0.1168195,0.3700796
3/7/3/5/2/7/6/5/7 3 3,X,-0.5769230769230769230769230769,10,SLEEP,Z,0.07645318,0.3232474
3/7/3/5/2/7/6/3/7 3 3,X,-0.5769230769230769230769230769,6,SLEEP,Z,0.06583383,0.2422758
3/7/3/5/2/7/6/7/6 3 3,X,-0.6538461538461538461538461538,10,SLEEP,Z,0.1677026,0.5695187
3/7/3/5/2/7/6/7/5 3 3,X,-0.5769230769230769230769230769,6,SLEEP,Z,0.08912705,0.3172261
3/7/3/5/2/7/6/7/3 3 3,X,0.7,2,SLEEP,Z,0.07806194,0.2189695
3/7/3/5/2/7/5/6/7 3 3,X,-0.5,8,SLEEP,Z,0.06018637,0.2411731
3/7/3/5/2/7/5/5/7 3 3,X,-0.5,4,SLEEP,Z,0.06149469,0.2173899
3/7/3/5/2/7/5/3/7 3 3,X,-0.5,6,SLEEP,Z,0.1403246,0.3644822
3/7/3/5/2/7/5/7/6 3 3,X,-0.5769230769230769230769230769,6,SLEEP,Z,0.1058756,0.3870706
3/7/3/5/2/7/5/7/5 3 3,X,-0.5,6,SLEEP,Z,0.05254357,0.1995838
3/7/3/5/2/7/5/7/3 3 3,X,-0.4230769230769230769230769231,6,SLEEP,Z,0.05984185,0.1748718
3/7/3/5/2/7/3/6/7 3 3,X,-0.5,6,SLEEP,Z,0.04993876,0.1525142
3/7/3/5/2/7/3/5/7 3 3,X,-0.5,4,SLEEP,Z,0.08389904,0.2889423
3/7/3/5/2/7/3/3/7 3 3,X,-0.5,4,SLEEP,Z,0.03410218,0.1118635
3/7/3/5/2/7/3/7/6 3 3,X,-0.7,4,SLEEP,Z,0.05700669,0.2028279
3/7/3/5/2/7/3/7/5 3 3,X,-0.5,4,SLEEP,Z,0.05539766,0.2028276
3/7/3/5/2/7/3/7/3 3 3,X,0.4,4,SLEEP,Z,0.1244275,0.1851414
3/7/3/5/2/7/7/2/7 3 3,X,-0.5,6,SLEEP,Z,0.05054905,0.194773
3/7/3/5/2/7/7/6/6 3 3,X,-0.5769230769230769230769230769,10,SLEEP,Z,0.1563044,0.476665
3/7/3/5/2/7/7/6/5 3 3,X,-0.5,6,SLEEP,Z,0.06264613,0.2454394
3/7/3/5/2/7/7/6/3 3 3,Z,0.5,6,SLEEP,Z,0.0495193,0.1843416
3/7/3/5/2/7/7/5/6 3 3,X,-0.5769230769230769230769230769,10,SLEEP,Z,0.1379494,0.4869587
3/7/3/5/2/7/7/5/5 3 3,X,-0.5,4,SLEEP,Z,0.06891793,0.2165045
3/7/3/5/2/7/7/5/3 3 3,X,-0.4230769230769230769230769231,2,SLEEP,Z,0.03244521,0.1089187
3/7/3/5/2/7/7/3/6 3 3,X,-0.5769230769230769230769230769,8,SLEEP,Z,0.1431594,0.4874757
3/7/3/5/2/7/7/3/5 3 3,X,-0.5,6,SLEEP,Z,0.06132355,0.2434963
3/7/3/5/2/7/7/3/3 3 3,Z,-0.5,8,SLEEP,Z,0.1076836,0.2362278
3/7/3/5/2/7/7/7/4 3 3,X,-0.5769230769230769230769230769,8,SLEEP,Z,0.1134784,0.4261497
3/7/3/5/2/7/7/7/2 3 3,X,-0.5,6,SLEEP,Z,0.05616755,0.205532
3/7/3/5/2/7/7/7/1 3 3,X,-0.4230769230769230769230769231,4,SLEEP,Z,0.05627301,0.1905851
3/7/3/5/6/2/6/7/7 3 3,X,-0.6538461538461538461538461538,10,SLEEP,Z,0.22866,0.4809568
3/7/3/5/6/2/5/7/7 3 3,X,-0.5769230769230769230769230769,6,SLEEP,Z,0.06764992,0.2369289
3/7/3/5/6/2/3/7/7 3 3,X,0.6111111111111111111111111111,2,SLEEP,Z,0.05045693,0.1629384
3/7/3/5/6/2/7/6/7 3 3,X,-0.5769230769230769230769230769,6,SLEEP,Z,0.1344226,0.3128217
3/7/3/5/6/2/7/5/7 3 3,X,-0.5769230769230769230769230769,4,SLEEP,Z,0.03916362,0.1575405
3/7/3/5/6/2/7/3/7 3 3,X,-0.5769230769230769230769230769,10,SLEEP,Z,0.06283392,0.2397245
3/7/3/5/6/2/7/7/6 3 3,X,-0.6538461538461538461538461538,8,SLEEP,Z,0.08511338,0.3636495
3/7/3/5/6/2/7/7/5 3 3,X,-0.5769230769230769230769230769,6,SLEEP,Z,0.0437053,0.1750905
3/7/3/5/6/2/7/7/3 3 3,X,0.6111111111111111111111111111,4,SLEEP,Z,0.1422765,0.3825091
3/7/3/5/6/6/2/7/7 3 3,X,-0.5769230769230769230769230769,4,SLEEP,Z,0.05977987,0.2188022
3/7/3/5/6/6/6/6/7 3 3,X,-0.6538461538461538461538461538,10,SLEEP,Z,0.1097609,0.4090509
3/7/3/5/6/6/6/5/7 3 3,X,-0.6538461538461538461538461538,10,SLEEP,Z,0.07250375,0.3020349
3/7/3/5/6/6/6/3/7 3 3,X,-0.6538461538461538461538461538,6,SLEEP,Z,0.07707151,0.2637764
3/7/3/5/6/6/6/7/5 3 3,X,-0.6538461538461538461538461538,10,SLEEP,Z,0.1021204,0.3987916
3/7/3/5/6/6/6/7/3 3 3,X,0.7,4,SLEEP,Z,0.04551543,0.1509948
3/7/3/5/6/6/5/6/7 3 3,X,-0.5769230769230769230769230769,8,SLEEP,Z,0.0725242,0.2465679
3/7/3/5/6/6/5/5/7 3 3,X,-0.5769230769230769230769230769,4,SLEEP,Z,0.04661224,0.1737726
3/7/3/5/6/6/5/3/7 3 3,Z,0.6428571428571428571428571429,6,SLEEP,Z,0.05124377,0.2037438
3/7/3/5/6/6/5/7/6 3 3,X,-0.6538461538461538461538461538,14,SLEEP,Z,0.09937683,0.3802624
3/7/3/5/6/6/5/7/5 3 3,X,-0.5769230769230769230769230769,4,SLEEP,Z,0.04856204,0.1829235
3/7/3/5/6/6/5/7/3 3 3,X,0.6111111111111111111111111111,4,SLEEP,Z,0.0418048,0.1470969
3/7/3/5/6/6/3/6/7 3 3,X,0.6111111111111111111111111111,4,SLEEP,Z,0.02969989,0.09742319
3/7/3/5/6/6/3/5/7 3 3,X,0.6111111111111111111111111111,4,SLEEP,Z,0.05670231,0.1943115
3/7/3/5/6/6/3/3/7 3 3,Z,0.6428571428571428571428571429,8,SLEEP,Z,0.1591401,0.4118157
3/7/3/5/6/6/3/7/6 3 3,X,-0.7,6,SLEEP,Z,0.0479638,0.1841092
3/7/3/5/6/6/3/7/5 3 3,X,0.6111111111111111111111111111,4,SLEEP,Z,0.03582269,0.139004
3/7/3/5/6/6/3/7/3 3 3,X,0.7222222222222222222222222222,2,SLEEP,Z,0.02917967,0.1027463
3/7/3/5/6/6/7/2/7 3 3,X,-0.5769230769230769230769230769,4,SLEEP,Z,0.03822528,0.1582793
3/7/3/5/6/6/7/6/6 3 3,X,-0.6538461538461538461538461538,6,SLEEP,Z,0.06663489,0.2895049
3/7/3/5/6/6/7/6/5 3 3,X,-0.5769230769230769230769230769,6,SLEEP,Z,0.05543591,0.2313119
3/7/3/5/6/6/7/6/3 3 3,X,0.6111111111111111111111111111,6,SLEEP,Z,0.1783215,0.3258978
3/7/3/5/6/6/7/5/6 3 3,X,-0.6538461538461538461538461538,6,SLEEP,Z,0.07055836,0.3010305
3/7/3/5/6/6/7/5/5 3 3,X,-0.5769230769230769230769230769,4,SLEEP,Z,0.05551132,0.2369284
3/7/3/5/6/6/7/5/3 3 3,X,0.6111111111111111111111111111,4,SLEEP,Z,0.1178673,0.2423392
3/7/3/5/6/6/7/3/6 3 3,X,-0.6538461538461538461538461538,12,SLEEP,Z,0.09939247,0.3961423
3/7/3/5/6/6/7/3/5 3 3,Z,0.6428571428571428571428571429,6,SLEEP,Z,0.05523876,0.2387579
3/7/3/5/6/6/7/3/3 3 3,Z,0.6428571428571428571428571429,6,SLEEP,Z,0.05272881,0.1905297
3/7/3/5/6/6/7/7/4 3 3,X,-0.6538461538461538461538461538,6,SLEEP,Z,0.08637442,0.3609741
3/7/3/5/6/6/7/7/2 3 3,X,-0.5769230769230769230769230769,4,SLEEP,Z,0.03991924,0.1534854
3/7/3/5/6/6/7/7/1 3 3,X,0.6111111111111111111111111111,4,SLEEP,Z,0.04876186,0.1844391
3/7/3/5/6/5/2/7/7 3 3,X,-0.5769230769230769230769230769,6,SLEEP,Z,0.0932787,0.3123035
3/7/3/5/6/5/6/6/7 3 3,X,-0.6538461538461538461538461538,6,SLEEP,Z,0.0629402,0.2490091
3/7/3/5/6/5/6/5/7 3 3,X,-0.6538461538461538461538461538,10,SLEEP,Z,0.07661103,0.3230987
3/7/3/5/6/5/6/3/7 3 3,X,-0.6538461538461538461538461538,10,SLEEP,Z,0.1009148,0.3879879
3/7/3/5/6/5/6/7/5 3 3,X,-0.6538461538461538461538461538,6,SLEEP,Z,0.06823611,0.2578996
3/7/3/5/6/5/6/7/3 3 3,X,0.7,4,SLEEP,Z,0.05194356,0.1911002
3/7/3/5/6/5/5/6/7 3 3,X,-0.5769230769230769230769230769,10,SLEEP,Z,0.1493768,0.3604299
3/7/3/5/6/5/5/5/7 3 3,X,-0.5769230769230769230769230769,8,SLEEP,Z,0.06143586,0.2607294
3/7/3/5/6/5/5/3/7 3 3,X,-0.5769230769230769230769230769,10,SLEEP,Z,0.07519507,0.2754175
3/7/3/5/6/5/5/7/6 3 3,X,-0.6538461538461538461538461538,8,SLEEP,Z,0.08866744,0.3384731
3/7/3/5/6/5/5/7/5 3 3,X,-0.5769230769230769230769230769,8,SLEEP,Z,0.06838239,0.2942749
3/7/3/5/6/5/5/7/3 3 3,X,0.6111111111111111111111111111,4,SLEEP,Z,0.04267109,0.127149
3/7/3/5/6/5/3/6/7 3 3,X,0.6111111111111111111111111111,4,SLEEP,Z,0.1082937,0.2934452
3/7/3/5/6/5/3/5/7 3 3,X,0.6111111111111111111111111111,4,SLEEP,Z,0.04418752,0.1563285
3/7/3/5/6/5/3/3/7 3 3,X,0.6111111111111111111111111111,4,SLEEP,Z,0.0420361,0.1480237
3/7/3/5/6/5/3/7/6 3 3,X,-0.7,6,SLEEP,Z,0.05776855,0.225374
3/7/3/5/6/5/3/7/5 3 3,X,0.6111111111111111111111111111,4,SLEEP,Z,0.03575838,0.1248283
3/7/3/5/6/5/3/7/3 3 3,X,0.7222222222222222222222222222,2,SLEEP,Z,0.02129316,0.05902327
3/7/3/5/6/5/7/2/7 3 3,X,-0.5769230769230769230769230769,8,SLEEP,Z,0.07123388,0.2802145
3/7/3/5/6/5/7/6/6 3 3,X,-0.6538461538461538461538461538,8,SLEEP,Z,0.0723903,0.3093322
3/7/3/5/6/5/7/6/5 3 3,X,-0.5769230769230769230769230769,4,SLEEP,Z,0.05638812,0.2294231
3/7/3/5/6/5/7/6/3 3 3,X,0.6111111111111111111111111111,4,SLEEP,Z,0.04519654,0.11453
3/7/3/5/6/5/7/5/6 3 3,X,-0.6538461538461538461538461538,12,SLEEP,Z,0.07527205,0.3274795
3/7/3/5/6/5/7/5/5 3 3,X,-0.5769230769230769230769230769,6,SLEEP,Z,0.04428315,0.2257434
3/7/3/5/6/5/7/5/3 3 3,X,0.6111111111111111111111111111,6,SLEEP,Z,0.05734429,0.1939801
3/7/3/5/6/5/7/3/6 3 3,X,-0.6538461538461538461538461538,10,SLEEP,Z,0.1025037,0.3935669
3/7/3/5/6/5/7/3/5 3 3,X,-0.5769230769230769230769230769,8,SLEEP,Z,0.04848173,0.2056333
3/7/3/5/6/5/7/3/3 3 3,X,0.6111111111111111111111111111,6,SLEEP,Z,0.03764779,0.1371212
3/7/3/5/6/5/7/7/4 3 3,X,-0.6538461538461538461538461538,8,SLEEP,Z,0.09344935,0.3764521
3/7/3/5/6/5/7/7/2 3 3,X,-0.5769230769230769230769230769,4,SLEEP,Z,0.0495488,0.1863233
3/7/3/5/6/5/7/7/1 3 3,X,0.6111111111111111111111111111,2,SLEEP,Z,0.04248672,0.1543987
3/7/3/5/6/3/2/7/7 3 3,X,-0.5769230769230769230769230769,2,SLEEP,Z,0.04245314,0.1679655
3/7/3/5/6/3/6/6/7 3 3,X,-0.6538461538461538461538461538,6,SLEEP,Z,0.05600701,0.2318732
3/7/3/5/6/3/6/5/7 3 3,X,-0.6538461538461538461538461538,12,SLEEP,Z,0.08984075,0.3516441
3/7/3/5/6/3/6/3/7 3 3,X,-0.6538461538461538461538461538,8,SLEEP,Z,0.1347463,0.4133821
3/7/3/5/6/3/6/7/5 3 3,X,-0.6538461538461538461538461538,8,SLEEP,Z,0.0940474,0.3782655
3/7/3/5/6/3/6/7/3 3 3,X,0.7,4,SLEEP,Z,0.05922385,0.2031276
3/7/3/5/6/3/5/6/7 3 3,Z,-0.6428571428571428571428571429,8,SLEEP,Z,0.1438783,0.3519619
3/7/3/5/6/3/5/5/7 3 3,X,-0.5769230769230769230769230769,6,SLEEP,Z,0.07078788,0.2545741
3/7/3/5/6/3/5/3/7 3 3,X,-0.5769230769230769230769230769,6,SLEEP,Z,0.07052176,0.2879467
3/7/3/5/6/3/5/7/6 3 3,X,-0.6538461538461538461538461538,10,SLEEP,Z,0.1196572,0.4011192
3/7/3/5/6/3/5/7/5 3 3,X,-0.5769230769230769230769230769,6,SLEEP,Z,0.111892,0.3375846
3/7/3/5/6/3/5/7/3 3 3,X,0.6111111111111111111111111111,6,SLEEP,Z,0.134109,0.2319955
3/7/3/5/6/3/3/6/7 3 3,Z,-0.6428571428571428571428571429,6,SLEEP,Z,0.05266773,0.173423
3/7/3/5/6/3/3/5/7 3 3,X,0.6111111111111111111111111111,4,SLEEP,Z,0.03000613,0.1063959
3/7/3/5/6/3/3/3/7 3 3,X,0.6111111111111111111111111111,6,SLEEP,Z,0.04800084,0.1611708
3/7/3/5/6/3/3/7/6 3 3,X,-0.7,4,SLEEP,Z,0.04528796,0.1432952
3/7/3/5/6/3/3/7/5 3 3,X,0.6111111111111111111111111111,4,SLEEP,Z,0.05813057,0.1859993
3/7/3/5/6/3/3/7/3 3 3,X,0.7222222222222222222222222222,2,SLEEP,Z,0.01836955,0.07099651
3/7/3/5/6/3/7/2/7 3 3,X,-0.5769230769230769230769230769,4,SLEEP,Z,0.04415759,0.1497215
3/7/3/5/6/3/7/6/6 3 3,X,-0.6538461538461538461538461538,8,SLEEP,Z,0.08966565,0.2957845
3/7/3/5/6/3/7/6/5 3 3,Z,-0.6428571428571428571428571429,8,SLEEP,Z,0.04595654,0.1901219
3/7/3/5/6/3/7/6/3 3 3,Z,-0.6428571428571428571428571429,4,SLEEP,Z,0.04961011,0.1653809
3/7/3/5/6/3/7/5/6 3 3,X,-0.6538461538461538461538461538,4,SLEEP,Z,0.07036873,0.2837698
3/7/3/5/6/3/7/5/5 3 3,X,-0.5769230769230769230769230769,8,SLEEP,Z,0.04371762,0.1785162
3/7/3/5/6/3/7/5/3 3 3,X,0.6111111111111111111111111111,2,SLEEP,Z,0.04414147,0.1472901
3/7/3/5/6/3/7/3/6 3 3,X,-0.6538461538461538461538461538,8,SLEEP,Z,0.05970281,0.2542298
3/7/3/5/6/3/7/3/5 3 3,X,-0.5769230769230769230769230769,4,SLEEP,Z,0.1263609,0.372158
3/7/3/5/6/3/7/3/3 3 3,X,0.6111111111111111111111111111,4,SLEEP,Z,0.05282341,0.1729156
3/7/3/5/6/3/7/7/4 3 3,X,-0.6538461538461538461538461538,8,SLEEP,Z,0.0944607,0.412696
3/7/3/5/6/3/7/7/2 3 3,X,-0.5769230769230769230769230769,6,SLEEP,Z,0.121545,0.3692807
3/7/3/5/6/3/7/7/1 3 3,X,0.6111111111111111111111111111,4,SLEEP,Z,0.04642278,0.1674933
3/7/3/5/6/7/2/6/7 3 3,X,-0.5769230769230769230769230769,6,SLEEP,Z,0.06866585,0.2674883
3/7/3/5/6/7/2/5/7 3 3,X,-0.5769230769230769230769230769,6,SLEEP,Z,0.1256261,0.3722273
3/7/3/5/6/7/2/3/7 3 3,X,-0.5769230769230769230769230769,4,SLEEP,Z,0.05645098,0.1943512
3/7/3/5/6/7/2/7/6 3 3,X,-0.6538461538461538461538461538,8,SLEEP,Z,0.1015176,0.3947044
3/7/3/5/6/7/2/7/5 3 3,X,-0.5769230769230769230769230769,4,SLEEP,Z,0.04298305,0.1737961
3/7/3/5/6/7/2/7/3 3 3,X,0.6111111111111111111111111111,4,SLEEP,Z,0.05512861,0.1279608
3/3/3/5/6/7/6/6/7 3 3,X,-0.6428571428571428571428571429,16,SLEEP,Z,0.1522283,0.3929542
3/7/3/5/6/7/6/2/7 3 3,X,-0.6538461538461538461538461538,8,SLEEP,Z,0.07776825,0.2967471
3/7/3/5/6/7/6/6/5 3 3,X,-0.6538461538461538461538461538,8,SLEEP,Z,0.06961183,0.2969115
3/7/3/5/6/7/6/6/3 3 3,X,0.75,4,SLEEP,Z,0.06370295,0.2193436
3/7/3/5/6/7/6/5/5 3 3,X,-0.6538461538461538461538461538,8,SLEEP,Z,0.08870493,0.3233842
3/7/3/5/6/7/6/5/3 3 3,X,0.75,2,SLEEP,Z,0.03768682,0.1057607
3/7/3/5/6/7/6/3/5 3 3,X,-0.6538461538461538461538461538,8,SLEEP,Z,0.07652445,0.2877183
3/7/3/5/6/7/6/3/3 3 3,X,0.75,4,SLEEP,Z,0.0622019,0.2058266
3/7/3/5/6/7/6/7/1 3 3,X,0.75,4,SLEEP,Z,0.04084314,0.1424931
3/7/3/5/6/7/6/7/2 3 3,X,-0.6538461538461538461538461538,6,SLEEP,Z,0.05679105,0.2426603
3/7/3/5/6/7/5/2/7 3 3,X,-0.5769230769230769230769230769,6,SLEEP,Z,0.05105731,0.2079213
3/7/3/5/6/7/5/6/6 3 3,X,-0.6538461538461538461538461538,6,SLEEP,Z,0.1122392,0.4075253
3/7/3/5/6/7/5/6/5 3 3,X,-0.5769230769230769230769230769,8,SLEEP,Z,0.1136265,0.3692005
3/7/3/5/6/7/5/6/3 3 3,X,0.6111111111111111111111111111,4,SLEEP,Z,0.04058059,0.1370041
3/7/3/5/6/7/5/5/6 3 3,X,-0.6538461538461538461538461538,18,SLEEP,Z,0.1190249,0.4949886
3/7/3/5/6/7/5/5/5 3 3,X,-0.5769230769230769230769230769,6,SLEEP,Z,0.09629633,0.3419391
3/7/3/5/6/7/5/5/3 3 3,X,0.6111111111111111111111111111,4,SLEEP,Z,0.03358656,0.1181319
3/7/3/5/6/7/5/3/6 3 3,X,-0.6538461538461538461538461538,12,SLEEP,Z,0.09669979,0.3505554
3/7/3/5/6/7/5/3/5 3 3,X,-0.5769230769230769230769230769,4,SLEEP,Z,0.03704292,0.1592238
3/7/3/5/6/7/5/3/3 3 3,X,0.6111111111111111111111111111,2,SLEEP,Z,0.02936701,0.1135622
3/7/3/5/6/7/5/7/4 3 3,X,-0.6538461538461538461538461538,6,SLEEP,Z,0.08268313,0.3097156
3/7/3/5/6/7/5/7/2 3 3,X,-0.5769230769230769230769230769,6,SLEEP,Z,0.05780217,0.2220834
3/7/3/5/6/7/5/7/1 3 3,X,0.6111111111111111111111111111,4,SLEEP,Z,0.04271977,0.1506256
3/7/3/5/6/7/3/2/7 3 3,X,0.6111111111111111111111111111,4,SLEEP,Z,0.04937027,0.1755055
3/7/3/5/6/7/3/6/6 3 3,X,-0.75,6,SLEEP,Z,0.1096584,0.3773403
3/7/3/5/6/7/3/6/5 3 3,X,0.6111111111111111111111111111,4,SLEEP,Z,0.05497054,0.1947325
3/7/3/5/6/7/3/6/3 3 3,X,0.7222222222222222222222222222,4,SLEEP,Z,0.04143558,0.1547377
3/7/3/5/6/7/3/5/6 3 3,X,-0.75,4,SLEEP,Z,0.1205109,0.3551407
3/7/3/5/6/7/3/5/5 3 3,X,0.6111111111111111111111111111,4,SLEEP,Z,0.04125319,0.1305421
3/7/3/5/6/7/3/5/3 3 3,X,0.7222222222222222222222222222,4,SLEEP,Z,0.03305345,0.09926541
3/7/3/5/6/7/3/3/6 3 3,X,-0.75,6,SLEEP,Z,0.06089048,0.245339
3/7/3/5/6/7/3/3/5 3 3,X,0.6111111111111111111111111111,4,SLEEP,Z,0.08216421,0.2468451
3/7/3/5/6/7/3/3/3 3 3,X,0.7222222222222222222222222222,4,SLEEP,Z,0.1228759,0.3669083
3/7/3/5/6/7/3/7/4 3 3,X,-0.75,6,SLEEP,Z,0.05626661,0.2315387
3/7/3/5/6/7/3/7/2 3 3,X,0.6111111111111111111111111111,4,SLEEP,Z,0.06215728,0.1908123
3/7/3/5/6/7/3/7/1 3 3,X,0.7222222222222222222222222222,6,SLEEP,Z,0.03098106,0.1186953
3/7/3/5/6/7/7/2/6 3 3,X,-0.6538461538461538461538461538,8,SLEEP,Z,0.08363805,0.3308049
3/7/3/5/6/7/7/2/5 3 3,X,-0.5769230769230769230769230769,6,SLEEP,Z,0.04980883,0.1933308
3/7/3/5/6/7/7/2/3 3 3,X,0.6111111111111111111111111111,4,SLEEP,Z,0.03498853,0.1333481
3/7/3/5/6/7/7/6/4 3 3,X,-0.6538461538461538461538461538,6,SLEEP,Z,0.07774945,0.3379959
3/7/3/5/6/7/7/6/2 3 3,X,-0.5769230769230769230769230769,4,SLEEP,Z,0.06040461,0.2525626
3/7/3/5/6/7/7/6/1 3 3,X,0.6111111111111111111111111111,4,SLEEP,Z,0.03250765,0.1070495
3/7/3/5/6/7/7/5/4 3 3,X,-0.6538461538461538461538461538,10,SLEEP,Z,0.09381141,0.3893478
3/7/3/5/6/7/7/5/2 3 3,X,-0.5769230769230769230769230769,4,SLEEP,Z,0.04677248,0.1839644
3/7/3/5/6/7/7/5/1 3 3,X,0.6111111111111111111111111111,4,SLEEP,Z,0.02733783,0.1018083
3/7/3/5/6/7/7/3/4 3 3,X,-0.6538461538461538461538461538,10,SLEEP,Z,0.1052738,0.4335089
3/7/3/5/6/7/7/3/2 3 3,X,-0.5769230769230769230769230769,4,SLEEP,Z,0.04704325,0.1982926
3/7/3/5/6/7/7/3/1 3 3,X,0.6111111111111111111111111111,4,SLEEP,Z,0.0425764,0.1742715
3/7/3/5/5/2/6/7/7 3 3,X,-0.5769230769230769230769230769,6,SLEEP,Z,0.06044587,0.2325196
3/7/3/5/5/2/5/7/7 3 3,X,-0.5,6,SLEEP,Z,0.05159907,0.1951695
3/7/3/5/5/2/3/7/7 3 3,X,-0.5,4,SLEEP,Z,0.05822574,0.2420917
3/7/3/5/5/2/7/6/7 3 3,X,-0.5,8,SLEEP,Z,0.04894636,0.1933366
3/7/3/5/5/2/7/5/7 3 3,X,-0.5,6,SLEEP,Z,0.04957062,0.2028421
3/7/3/5/5/2/7/3/7 3 3,X,-0.5,8,SLEEP,Z,0.06767377,0.2754403
3/7/3/5/5/2/7/7/6 3 3,X,-0.5769230769230769230769230769,6,SLEEP,Z,0.06958955,0.2757804
3/7/3/5/5/2/7/7/5 3 3,X,-0.5,4,SLEEP,Z,0.05234735,0.2016277
3/7/3/5/5/2/7/7/3 3 3,X,-0.4230769230769230769230769231,8,SLEEP,Z,0.06660695,0.2579026
3/7/3/5/5/6/2/7/7 3 3,X,-0.5,6,SLEEP,Z,0.03993841,0.1594404
3/7/3/5/5/6/6/6/7 3 3,X,-0.5769230769230769230769230769,6,SLEEP,Z,0.0658813,0.276503
3/7/3/5/5/6/6/5/7 3 3,X,-0.5769230769230769230769230769,6,SLEEP,Z,0.07498907,0.2729182
3/7/3/5/5/6/6/3/7 3 3,Z,0.6428571428571428571428571429,6,SLEEP,Z,0.09323595,0.3612396
3/7/3/5/5/6/6/7/6 3 3,X,-0.6538461538461538461538461538,10,SLEEP,Z,0.1490864,0.5677539
3/7/3/5/5/6/6/7/5 3 3,X,-0.5769230769230769230769230769,6,SLEEP,Z,0.06878899,0.2831256
3/7/3/5/5/6/6/7/3 3 3,X,0.7,2,SLEEP,Z,0.04163465,0.1336641
3/7/3/5/5/6/5/6/7 3 3,X,-0.5,4,SLEEP,Z,0.04148491,0.1838104
3/7/3/5/5/6/5/5/7 3 3,X,-0.5,6,SLEEP,Z,0.0600144,0.2411684
3/7/3/5/5/6/5/3/7 3 3,Z,0.6428571428571428571428571429,6,SLEEP,Z,0.04354748,0.1915154
3/7/3/5/5/6/5/7/6 3 3,X,-0.5769230769230769230769230769,8,SLEEP,Z,0.05986091,0.2557572
3/7/3/5/5/6/5/7/5 3 3,X,-0.5,4,SLEEP,Z,0.05544251,0.2429416
3/7/3/5/5/6/5/7/3 3 3,Z,0.5,4,SLEEP,Z,0.07742598,0.2217792
3/7/3/5/5/6/3/6/7 3 3,X,-0.5,6,SLEEP,Z,0.04903573,0.220471
3/7/3/5/5/6/3/5/7 3 3,Z,0.5,6,SLEEP,Z,0.0407745,0.1713697
3/7/3/5/5/6/3/3/7 3 3,Z,0.6428571428571428571428571429,6,SLEEP,Z,0.05207959,0.2081897
3/7/3/5/5/6/3/7/6 3 3,X,-0.7,4,SLEEP,Z,0.04624337,0.1950404
3/7/3/5/5/6/3/7/5 3 3,Z,0.5,4,SLEEP,Z,0.1193908,0.4447233
3/7/3/5/5/6/3/7/3 3 3,Z,0.5,4,SLEEP,Z,0.03455284,0.1262211
3/7/3/5/5/6/7/2/7 3 3,X,-0.5,6,SLEEP,Z,0.06939047,0.2628935
3/7/3/5/5/6/7/6/6 3 3,X,-0.5769230769230769230769230769,6,SLEEP,Z,0.06454539,0.2638715
3/7/3/5/5/6/7/6/5 3 3,X,-0.5,6,SLEEP,Z,0.04790739,0.1988482
3/7/3/5/5/6/7/6/3 3 3,Z,0.5,2,SLEEP,Z,0.02757144,0.1143091
3/7/3/5/5/6/7/5/6 3 3,X,-0.5769230769230769230769230769,8,SLEEP,Z,0.05559138,0.2832513
3/7/3/5/5/6/7/5/5 3 3,X,-0.5,4,SLEEP,Z,0.05580761,0.2338648
3/7/3/5/5/6/7/5/3 3 3,Z,0.5,4,SLEEP,Z,0.07394752,0.3516206
3/7/3/5/5/6/7/3/6 3 3,Z,0.6428571428571428571428571429,6,SLEEP,Z,0.05298002,0.2326261
3/7/3/5/5/6/7/3/5 3 3,Z,0.6428571428571428571428571429,6,SLEEP,Z,0.0502147,0.1993962
3/7/3/5/5/6/7/3/3 3 3,Z,0.6428571428571428571428571429,6,SLEEP,Z,0.03961726,0.174971
3/7/3/5/5/6/7/7/4 3 3,X,-0.5769230769230769230769230769,6,SLEEP,Z,0.06681895,0.2716207
3/7/3/5/5/6/7/7/2 3 3,X,-0.5,6,SLEEP,Z,0.1045563,0.357244
3/7/3/5/5/6/7/7/1 3 3,Z,0.5,6,SLEEP,Z,0.06358548,0.2800909
3/7/3/5/5/5/2/7/7 3 3,X,-0.5,4,SLEEP,Z,0.1092345,0.3439492
3/7/3/5/5/5/6/6/7 3 3,X,-0.5769230769230769230769230769,6,SLEEP,Z,0.07023481,0.3127654
3/7/3/5/5/5/6/5/7 3 3,X,-0.5769230769230769230769230769,4,SLEEP,Z,0.05749013,0.2436179
3/7/3/5/5/5/6/3/7 3 3,X,-0.5769230769230769230769230769,8,SLEEP,Z,0.115447,0.4003179
3/7/3/5/5/5/6/7/6 3 3,X,-0.6538461538461538461538461538,12,SLEEP,Z,0.08997425,0.3539053
3/7/3/5/5/5/6/7/5 3 3,X,-0.5769230769230769230769230769,2,SLEEP,Z,0.06478011,0.1997052
3/7/3/5/5/5/6/7/3 3 3,X,0.7,6,SLEEP,Z,0.0692165,0.2264632
3/7/3/5/5/5/5/6/7 3 3,X,-0.5,6,SLEEP,Z,0.05564546,0.2253949
3/7/3/5/5/5/5/5/7 3 3,X,-0.5,4,SLEEP,Z,0.05373494,0.2307856
3/7/3/5/5/5/5/3/7 3 3,X,-0.5,4,SLEEP,Z,0.04893042,0.2058722
3/7/3/5/5/5/5/7/6 3 3,X,-0.5769230769230769230769230769,8,SLEEP,Z,0.09173879,0.391832
3/7/3/5/5/5/5/7/5 3 3,X,-0.5,4,SLEEP,Z,0.04192756,0.1795743
3/7/3/5/5/5/5/7/3 3 3,X,-0.4230769230769230769230769231,6,SLEEP,Z,0.08444223,0.2697335
3/7/3/5/5/5/3/6/7 3 3,X,-0.5,6,SLEEP,Z,0.06682436,0.236958
3/7/3/5/5/5/3/5/7 3 3,X,-0.5,4,SLEEP,Z,0.04650783,0.174247
3/7/3/5/5/5/3/3/7 3 3,X,-0.5,6,SLEEP,Z,0.0912844,0.3049453
3/7/3/5/5/5/3/7/6 3 3,X,-0.7,4,SLEEP,Z,0.04734721,0.1860649
3/7/3/5/5/5/3/7/5 3 3,X,-0.5,4,SLEEP,Z,0.05053208,0.2093824
3/7/3/5/5/5/3/7/3 3 3,X,-0.3461538461538461538461538462,2,SLEEP,Z,0.0240455,0.09621237
3/7/3/5/5/5/7/2/7 3 3,X,-0.5,6,SLEEP,Z,0.08088429,0.3217576
3/7/3/5/5/5/7/6/6 3 3,X,-0.5769230769230769230769230769,6,SLEEP,Z,0.05870081,0.2461137
3/7/3/5/5/5/7/6/5 3 3,X,-0.5,4,SLEEP,Z,0.04935544,0.2044331
3/7/3/5/5/5/7/6/3 3 3,Z,0.5,6,SLEEP,Z,0.07569145,0.3027494
3/7/3/5/5/5/7/5/6 3 3,X,-0.5769230769230769230769230769,6,SLEEP,Z,0.06271301,0.2713359
3/7/3/5/5/5/7/5/5 3 3,X,-0.5,6,SLEEP,Z,0.05438678,0.2236088
3/7/3/5/5/5/7/5/3 3 3,X,-0.4230769230769230769230769231,2,SLEEP,Z,0.02864686,0.1272991
3/7/3/5/5/5/7/3/6 3 3,X,-0.5769230769230769230769230769,8,SLEEP,Z,0.09591223,0.3567823
3/7/3/5/5/5/7/3/5 3 3,X,-0.5,6,SLEEP,Z,0.04997045,0.2092426
3/7/3/5/5/5/7/3/3 3 3,Z,-0.5,4,SLEEP,Z,0.04627252,0.1874317
3/7/3/5/5/5/7/7/4 3 3,X,-0.5769230769230769230769230769,8,SLEEP,Z,0.07921764,0.3318671
3/7/3/5/5/5/7/7/2 3 3,X,-0.5,6,SLEEP,Z,0.09465603,0.3577558
3/7/3/5/5/5/7/7/1 3 3,X,-0.4230769230769230769230769231,4,SLEEP,Z,0.04777842,0.1827328
3/7/3/5/5/3/2/7/7 3 3,X,-0.5,6,SLEEP,Z,0.08947583,0.3247817
3/7/3/5/5/3/6/6/7 3 3,Z,-0.6428571428571428571428571429,6,SLEEP,Z,0.05524879,0.2153936
3/7/3/5/5/3/6/5/7 3 3,X,-0.5769230769230769230769230769,6,SLEEP,Z,0.0593905,0.2597677
3/7/3/5/5/3/6/3/7 3 3,X,-0.5769230769230769230769230769,10,SLEEP,Z,0.1399821,0.4055612
3/7/3/5/5/3/6/7/6 3 3,X,-0.6538461538461538461538461538,10,SLEEP,Z,0.1015847,0.4014642
3/7/3/5/5/3/6/7/5 3 3,X,-0.5769230769230769230769230769,8,SLEEP,Z,0.07033253,0.2873847
3/7/3/5/5/3/6/7/3 3 3,X,0.7,6,SLEEP,Z,0.07890568,0.245165
3/7/3/5/5/3/5/6/7 3 3,Z,-0.6428571428571428571428571429,4,SLEEP,Z,0.05549442,0.1922212
3/7/3/5/5/3/5/5/7 3 3,X,-0.5,4,SLEEP,Z,0.09369335,0.3567854
3/7/3/5/5/3/5/3/7 3 3,X,-0.5,6,SLEEP,Z,0.05531143,0.2271804
3/7/3/5/5/3/5/7/6 3 3,X,-0.5769230769230769230769230769,6,SLEEP,Z,0.05138128,0.2103123
3/7/3/5/5/3/5/7/5 3 3,X,-0.5,8,SLEEP,Z,0.06605502,0.2554141
3/7/3/5/5/3/5/7/3 3 3,Z,-0.5,4,SLEEP,Z,0.03622729,0.1578822
3/7/3/5/5/3/3/6/7 3 3,Z,-0.6428571428571428571428571429,4,SLEEP,Z,0.03905636,0.1610626
3/7/3/5/5/3/3/5/7 3 3,Z,-0.5,4,SLEEP,Z,0.03976455,0.1702501
3/7/3/5/5/3/3/3/7 3 3,X,-0.5,6,SLEEP,Z,0.09920429,0.2894817
3/7/3/5/5/3/3/7/6 3 3,X,-0.7,4,SLEEP,Z,0.06680716,0.2384492
3/7/3/5/5/3/3/7/5 3 3,Z,-0.5,6,SLEEP,Z,0.0923128,0.2761146
3/7/3/5/5/3/3/7/3 3 3,Z,-0.5,4,SLEEP,Z,0.06608302,0.194015
3/7/3/5/5/3/7/2/7 3 3,X,-0.5,4,SLEEP,Z,0.06663465,0.2163433
3/7/3/5/5/3/7/6/6 3 3,Z,-0.6428571428571428571428571429,8,SLEEP,Z,0.1291793,0.4083658
3/7/3/5/5/3/7/6/5 3 3,Z,-0.6428571428571428571428571429,4,SLEEP,Z,0.04242631,0.1777788
3/7/3/5/5/3/7/6/3 3 3,Z,-0.6428571428571428571428571429,2,SLEEP,Z,0.02583526,0.08841452
3/7/3/5/5/3/7/5/6 3 3,X,-0.5769230769230769230769230769,6,SLEEP,Z,0.06082578,0.2506051
3/7/3/5/5/3/7/5/5 3 3,X,-0.5,4,SLEEP,Z,0.04488499,0.1998081
3/7/3/5/5/3/7/5/3 3 3,Z,-0.5,4,SLEEP,Z,0.0411006,0.1648075
3/7/3/5/5/3/7/3/6 3 3,X,-0.5769230769230769230769230769,6,SLEEP,Z,0.05855268,0.2162744
3/7/3/5/5/3/7/3/5 3 3,X,-0.5,4,SLEEP,Z,0.05500145,0.2328099
3/7/3/5/5/3/7/3/3 3 3,Z,-0.5,4,SLEEP,Z,0.04231521,0.1883688
3/7/3/5/5/3/7/7/4 3 3,X,-0.5769230769230769230769230769,6,SLEEP,Z,0.07840366,0.3124321
3/7/3/5/5/3/7/7/2 3 3,X,-0.5,6,SLEEP,Z,0.05928029,0.235019
3/7/3/5/5/3/7/7/1 3 3,Z,-0.5,2,SLEEP,Z,0.0346999,0.1397536
3/7/3/5/5/7/2/6/7 3 3,X,-0.5,6,SLEEP,Z,0.05775261,0.249846
3/7/3/5/5/7/2/5/7 3 3,X,-0.5,6,SLEEP,Z,0.08186655,0.2997855
3/7/3/5/5/7/2/3/7 3 3,X,-0.5,4,SLEEP,Z,0.07179715,0.2309247
3/7/3/5/5/7/2/7/6 3 3,X,-0.5769230769230769230769230769,8,SLEEP,Z,0.1315101,0.438679
3/7/3/5/5/7/2/7/5 3 3,X,-0.5,6,SLEEP,Z,0.07202939,0.2658649
3/7/3/5/5/7/2/7/3 3 3,X,-0.4230769230769230769230769231,6,SLEEP,Z,0.0591915,0.2016045
3/7/3/5/5/7/6/2/7 3 3,X,-0.5769230769230769230769230769,10,SLEEP,Z,0.1124036,0.4115268
3/7/3/5/5/7/6/6/6 3 3,X,-0.6538461538461538461538461538,12,SLEEP,Z,0.1196998,0.449319
3/7/3/5/5/7/6/6/5 3 3,X,-0.5769230769230769230769230769,6,SLEEP,Z,0.06186223,0.270595
3/7/3/5/5/7/6/6/3 3 3,X,0.75,4,SLEEP,Z,0.05852988,0.2037342
3/7/3/5/5/7/6/5/6 3 3,X,-0.6538461538461538461538461538,12,SLEEP,Z,0.1200689,0.5066198
3/7/3/5/5/7/6/5/5 3 3,X,-0.5769230769230769230769230769,8,SLEEP,Z,0.08312391,0.3095583
3/7/3/5/5/7/6/5/3 3 3,X,0.75,4,SLEEP,Z,0.05336418,0.1959893
3/7/3/5/5/7/6/3/6 3 3,X,-0.6538461538461538461538461538,8,SLEEP,Z,0.1237301,0.4782803
3/7/3/5/5/7/6/3/5 3 3,X,-0.5769230769230769230769230769,10,SLEEP,Z,0.1423725,0.3833746
3/7/3/5/5/7/6/3/3 3 3,X,0.75,6,SLEEP,Z,0.05679239,0.2351342
3/7/3/5/5/7/6/7/4 3 3,X,-0.6538461538461538461538461538,10,SLEEP,Z,0.09791822,0.4278223
3/7/3/5/5/7/6/7/2 3 3,X,-0.5769230769230769230769230769,8,SLEEP,Z,0.1298658,0.4338326
3/7/3/5/5/7/6/7/1 3 3,X,0.75,6,SLEEP,Z,0.04898691,0.1754004
3/7/3/5/5/7/5/2/7 3 3,X,-0.5,8,SLEEP,Z,0.09761294,0.3833537
3/7/3/5/5/7/5/6/6 3 3,X,-0.5769230769230769230769230769,6,SLEEP,Z,0.05768168,0.2475658
3/7/3/5/5/7/5/6/5 3 3,X,-0.5,8,SLEEP,Z,0.05635384,0.2454783
3/7/3/5/5/7/5/6/3 3 3,Z,0.5,4,SLEEP,Z,0.05649522,0.2156201
3/7/3/5/5/7/5/5/6 3 3,X,-0.5769230769230769230769230769,8,SLEEP,Z,0.126773,0.4697889
3/7/3/5/5/7/5/5/5 3 3,X,-0.5,4,SLEEP,Z,0.05580468,0.2009636
3/7/3/5/5/7/5/5/3 3 3,X,-0.4230769230769230769230769231,4,SLEEP,Z,0.04459671,0.176725
3/7/3/5/5/7/5/3/6 3 3,X,-0.5769230769230769230769230769,4,SLEEP,Z,0.04789303,0.201666
3/7/3/5/5/7/5/3/5 3 3,X,-0.5,6,SLEEP,Z,0.08657779,0.3773393
3/7/3/5/5/7/5/3/3 3 3,Z,-0.5,4,SLEEP,Z,0.04517966,0.1971529
3/7/3/5/5/7/5/7/4 3 3,X,-0.5769230769230769230769230769,4,SLEEP,Z,0.05464849,0.209116
3/7/3/5/5/7/5/7/2 3 3,X,-0.5,6,SLEEP,Z,0.07108237,0.2997079
3/7/3/5/5/7/5/7/1 3 3,X,-0.4230769230769230769230769231,4,SLEEP,Z,0.04743679,0.1992904
3/7/3/5/5/7/3/2/7 3 3,X,-0.5,6,SLEEP,Z,0.04428173,0.168829
3/7/3/5/5/7/3/6/6 3 3,X,-0.75,4,SLEEP,Z,0.05087727,0.1965048
3/7/3/5/5/7/3/6/5 3 3,X,-0.5,6,SLEEP,Z,0.07017475,0.2398325
3/7/3/5/5/7/3/6/3 3 3,Z,0.5,2,SLEEP,Z,0.04299377,0.1190944
3/7/3/5/5/7/3/5/6 3 3,X,-0.75,4,SLEEP,Z,0.05805195,0.2326256
3/7/3/5/5/7/3/5/5 3 3,X,-0.5,6,SLEEP,Z,0.05225525,0.2070428
3/7/3/5/5/7/3/5/3 3 3,X,-0.3461538461538461538461538462,4,SLEEP,Z,0.0289886,0.1206229
3/7/3/5/5/7/3/3/6 3 3,X,-0.75,4,SLEEP,Z,0.09483954,0.3089867
3/7/3/5/5/7/3/3/5 3 3,X,-0.5,6,SLEEP,Z,0.08923432,0.3125153
3/7/3/5/5/7/3/3/3 3 3,Z,-0.5,4,SLEEP,Z,0.03649194,0.1490919
3/7/3/5/5/7/3/7/4 3 3,X,-0.75,8,SLEEP,Z,0.08194625,0.3078232
3/7/3/5/5/7/3/7/2 3 3,X,-0.5,4,SLEEP,Z,0.04106982,0.1404175
3/7/3/5/5/7/3/7/1 3 3,X,-0.3461538461538461538461538462,4,SLEEP,Z,0.02952386,0.1248692
3/7/3/5/5/7/7/2/6 3 3,X,-0.5769230769230769230769230769,8,SLEEP,Z,0.1328868,0.427498
3/7/3/5/5/7/7/2/5 3 3,X,-0.5,6,SLEEP,Z,0.04730707,0.1870102
3/7/3/5/5/7/7/2/3 3 3,X,-0.4230769230769230769230769231,6,SLEEP,Z,0.04186185,0.1805568
3/7/3/5/5/7/7/6/4 3 3,X,-0.5769230769230769230769230769,8,SLEEP,Z,0.07770788,0.3061423
3/7/3/5/5/7/7/6/2 3 3,X,-0.5,6,SLEEP,Z,0.04922692,0.1866158
3/7/3/5/5/7/7/6/1 3 3,Z,0.5,4,SLEEP,Z,0.05100203,0.195673
3/7/3/5/5/7/7/5/4 3 3,X,-0.5769230769230769230769230769,8,SLEEP,Z,0.06748291,0.2922892
3/7/3/5/5/7/7/5/2 3 3,X,-0.5,6,SLEEP,Z,0.05201541,0.2173806
3/7/3/5/5/7/7/5/1 3 3,X,-0.4230769230769230769230769231,4,SLEEP,Z,0.03977591,0.1772705
3/7/3/5/5/7/7/3/4 3 3,X,-0.5769230769230769230769230769,6,SLEEP,Z,0.06505158,0.2753549
3/7/3/5/5/7/7/3/2 3 3,X,-0.5,6,SLEEP,Z,0.05451712,0.2100642
3/7/3/5/5/7/7/3/1 3 3,Z,-0.5,4,SLEEP,Z,0.05198012,0.2136311
3/7/3/5/3/2/6/7/7 3 3,X,-0.6111111111111111111111111111,8,SLEEP,Z,0.07425392,0.2713615
3/7/3/5/3/2/5/7/7 3 3,X,-0.5,4,SLEEP,Z,0.04589704,0.1918398
3/7/3/5/3/2/3/7/7 3 3,X,-0.5,6,SLEEP,Z,0.06996811,0.2067911
3/7/3/5/3/2/7/6/7 3 3,X,-0.5,4,SLEEP,Z,0.0509872,0.2111989
3/7/3/5/3/2/7/5/7 3 3,X,-0.5,6,SLEEP,Z,0.06067386,0.2295673
3/7/3/5/3/2/7/3/7 3 3,X,-0.5,10,SLEEP,Z,0.1184596,0.3861454
3/7/3/5/3/2/7/7/6 3 3,X,-0.6111111111111111111111111111,6,SLEEP,Z,0.06853174,0.2701157
3/7/3/5/3/2/7/7/5 3 3,X,-0.5,6,SLEEP,Z,0.05418085,0.1781138
3/7/3/5/3/2/7/7/3 3 3,X,-0.3888888888888888888888888889,4,SLEEP,Z,0.04588675,0.2019296
3/7/3/5/3/6/2/7/7 3 3,X,-0.5,4,SLEEP,Z,0.04043485,0.1540044
3/7/3/5/3/6/6/6/7 3 3,X,-0.6111111111111111111111111111,6,SLEEP,Z,0.06814524,0.2582123
3/7/3/5/3/6/6/5/7 3 3,X,-0.6111111111111111111111111111,6,SLEEP,Z,0.1127707,0.3972124
3/7/3/5/3/6/6/3/7 3 3,Z,0.6428571428571428571428571429,6,SLEEP,Z,0.1087142,0.3502353
3/7/3/5/3/6/6/7/6 3 3,X,-0.7222222222222222222222222222,10,SLEEP,Z,0.08696546,0.336094
3/7/3/5/3/6/6/7/5 3 3,X,-0.6111111111111111111111111111,4,SLEEP,Z,0.06176634,0.2355714
3/7/3/5/3/6/6/7/3 3 3,X,0.7,6,SLEEP,Z,0.07672933,0.2581545
3/7/3/5/3/6/5/6/7 3 3,X,-0.5,6,SLEEP,Z,0.0691537,0.2410631
3/7/3/5/3/6/5/5/7 3 3,X,-0.5,4,SLEEP,Z,0.04963203,0.184037
3/7/3/5/3/6/5/3/7 3 3,Z,0.6428571428571428571428571429,6,SLEEP,Z,0.1366421,0.3547228
3/7/3/5/3/6/5/7/6 3 3,X,-0.6111111111111111111111111111,8,SLEEP,Z,0.1512749,0.4829033
3/7/3/5/3/6/5/7/5 3 3,X,-0.5,6,SLEEP,Z,0.07597052,0.2669458
3/7/3/5/3/6/5/7/3 3 3,Z,0.5,4,SLEEP,Z,0.05472317,0.2106262
3/7/3/5/3/6/3/6/7 3 3,X,-0.5,4,SLEEP,Z,0.05441276,0.2072236
3/7/3/5/3/6/3/5/7 3 3,Z,0.5,4,SLEEP,Z,0.0381847,0.1615982
3/7/3/5/3/6/3/3/7 3 3,Z,0.6428571428571428571428571429,2,SLEEP,Z,0.08468845,0.2437566
3/7/3/5/3/6/3/7/6 3 3,X,-0.7,4,SLEEP,Z,0.07340437,0.2205975
3/7/3/5/3/6/3/7/5 3 3,Z,0.5,2,SLEEP,Z,0.03206348,0.1353059
3/7/3/5/3/6/3/7/3 3 3,Z,0.5,4,SLEEP,Z,0.06625186,0.3467843
3/7/3/5/3/6/7/2/7 3 3,X,-0.5,6,SLEEP,Z,0.07335784,0.2736814
3/7/3/5/3/6/7/6/6 3 3,X,-0.6111111111111111111111111111,6,SLEEP,Z,0.1205579,0.3851942
3/7/3/5/3/6/7/6/5 3 3,X,-0.5,6,SLEEP,Z,0.06788927,0.2633844
3/7/3/5/3/6/7/6/3 3 3,Z,0.5,2,SLEEP,Z,0.03602665,0.1424065
3/7/3/5/3/6/7/5/6 3 3,X,-0.6111111111111111111111111111,8,SLEEP,Z,0.1425289,0.4388954
3/7/3/5/3/6/7/5/5 3 3,X,-0.5,6,SLEEP,Z,0.06270511,0.2398766
3/7/3/5/3/6/7/5/3 3 3,Z,0.5,2,SLEEP,Z,0.03617334,0.1433972
3/7/3/5/3/6/7/3/6 3 3,Z,0.6428571428571428571428571429,10,SLEEP,Z,0.1337909,0.3993352
3/7/3/5/3/6/7/3/5 3 3,Z,0.6428571428571428571428571429,4,SLEEP,Z,0.0467003,0.1850873
3/7/3/5/3/6/7/3/3 3 3,Z,0.6428571428571428571428571429,6,SLEEP,Z,0.06946767,0.1931852
3/7/3/5/3/6/7/7/4 3 3,X,-0.6111111111111111111111111111,8,SLEEP,Z,0.07474124,0.297254
3/7/3/5/3/6/7/7/2 3 3,X,-0.5,6,SLEEP,Z,0.05044765,0.1923997
3/7/3/5/3/6/7/7/1 3 3,Z,0.5,2,SLEEP,Z,0.04210094,0.1451075
3/7/3/5/3/5/2/7/7 3 3,X,-0.5,8,SLEEP,Z,0.1071466,0.322021
3/7/3/5/3/5/6/6/7 3 3,X,-0.6111111111111111111111111111,4,SLEEP,Z,0.05982052,0.2287817
3/7/3/5/3/5/6/5/7 3 3,X,-0.6111111111111111111111111111,6,SLEEP,Z,0.08646563,0.3248479
3/7/3/5/3/5/6/3/7 3 3,X,-0.6111111111111111111111111111,10,SLEEP,Z,0.1673275,0.4415632
3/7/3/5/3/5/6/7/6 3 3,X,-0.7222222222222222222222222222,6,SLEEP,Z,0.09908563,0.3200273
3/7/3/5/3/5/6/7/5 3 3,X,-0.6111111111111111111111111111,6,SLEEP,Z,0.06389125,0.2442325
3/7/3/5/3/5/6/7/3 3 3,X,0.7,6,SLEEP,Z,0.06662565,0.2302689
3/7/3/5/3/5/5/6/7 3 3,X,-0.5,6,SLEEP,Z,0.07515403,0.2792845
3/7/3/5/3/5/5/5/7 3 3,X,-0.5,6,SLEEP,Z,0.09919889,0.3112529
3/7/3/5/3/5/5/3/7 3 3,X,-0.5,6,SLEEP,Z,0.09959585,0.3345764
3/7/3/5/3/5/5/7/6 3 3,X,-0.6111111111111111111111111111,8,SLEEP,Z,0.1742951,0.5219898
3/7/3/5/3/5/5/7/5 3 3,X,-0.5,6,SLEEP,Z,0.1139384,0.4078953
3/7/3/5/3/5/5/7/3 3 3,X,-0.3888888888888888888888888889,6,SLEEP,Z,0.07384671,0.2673963
3/7/3/5/3/5/3/6/7 3 3,X,-0.5,6,SLEEP,Z,0.07920153,0.4081641
3/7/3/5/3/5/3/5/7 3 3,X,-0.5,2,SLEEP,Z,0.04521148,0.1434824
3/7/3/5/3/5/3/3/7 3 3,X,-0.5,6,SLEEP,Z,0.103382,0.2702787
3/7/3/5/3/5/3/7/6 3 3,X,-0.7,6,SLEEP,Z,0.07048516,0.2697361
3/7/3/5/3/5/3/7/5 3 3,X,-0.5,4,SLEEP,Z,0.05120623,0.1908949
3/7/3/5/3/5/3/7/3 3 3,X,-0.3,2,SLEEP,Z,0.04454681,0.1582216
3/7/3/5/3/5/7/2/7 3 3,X,-0.5,4,SLEEP,Z,0.05014082,0.199246
3/7/3/5/3/5/7/6/6 3 3,X,-0.6111111111111111111111111111,6,SLEEP,Z,0.1517676,0.4081717
3/7/3/5/3/5/7/6/5 3 3,X,-0.5,6,SLEEP,Z,0.1224765,0.3636291
3/7/3/5/3/5/7/6/3 3 3,Z,0.5,6,SLEEP,Z,0.06583374,0.2108123
3/7/3/5/3/5/7/5/6 3 3,X,-0.6111111111111111111111111111,4,SLEEP,Z,0.05895801,0.211361
3/7/3/5/3/5/7/5/5 3 3,X,-0.5,8,SLEEP,Z,0.1152276,0.3789429
3/7/3/5/3/5/7/5/3 3 3,X,-0.3888888888888888888888888889,4,SLEEP,Z,0.03788017,0.1544926
3/7/3/5/3/5/7/3/6 3 3,X,-0.6111111111111111111111111111,6,SLEEP,Z,0.1348151,0.439625
3/7/3/5/3/5/7/3/5 3 3,X,-0.5,6,SLEEP,Z,0.08389755,0.2649763
3/7/3/5/3/5/7/3/3 3 3,Z,-0.5,4,SLEEP,Z,0.03816871,0.1588225
3/7/3/5/3/5/7/7/4 3 3,X,-0.6111111111111111111111111111,6,SLEEP,Z,0.05188496,0.2135239
3/7/3/5/3/5/7/7/2 3 3,X,-0.5,4,SLEEP,Z,0.04752142,0.1795129
3/7/3/5/3/5/7/7/1 3 3,X,-0.3888888888888888888888888889,6,SLEEP,Z,0.07613933,0.253568
3/7/3/5/3/3/2/7/7 3 3,X,-0.5,4,SLEEP,Z,0.04516691,0.1546791
3/7/3/5/3/3/6/6/7 3 3,Z,-0.6428571428571428571428571429,8,SLEEP,Z,0.06752633,0.2561676
3/7/3/5/3/3/6/5/7 3 3,X,-0.6111111111111111111111111111,4,SLEEP,Z,0.07054249,0.2406159
3/7/3/5/3/3/6/3/7 3 3,X,-0.6111111111111111111111111111,6,SLEEP,Z,0.07856158,0.3075565
3/7/3/5/3/3/6/7/6 3 3,X,-0.7222222222222222222222222222,8,SLEEP,Z,0.1697764,0.5641577
3/7/3/5/3/3/6/7/5 3 3,X,-0.6111111111111111111111111111,8,SLEEP,Z,0.1225968,0.406368
3/7/3/5/3/3/6/7/3 3 3,X,0.7,4,SLEEP,Z,0.06137385,0.1936277
3/7/3/5/3/3/5/6/7 3 3,Z,-0.6428571428571428571428571429,6,SLEEP,Z,0.1484141,0.3031787
3/7/3/5/3/3/5/5/7 3 3,X,-0.5,8,SLEEP,Z,0.06872933,0.2764605
3/7/3/5/3/3/5/3/7 3 3,X,-0.5,8,SLEEP,Z,0.07151663,0.2790421
3/7/3/5/3/3/5/7/6 3 3,X,-0.6111111111111111111111111111,8,SLEEP,Z,0.07839661,0.2802356
3/7/3/5/3/3/5/7/5 3 3,X,-0.5,6,SLEEP,Z,0.06625501,0.2538827
3/7/3/5/3/3/5/7/3 3 3,Z,-0.5,4,SLEEP,Z,0.07435808,0.2764412
3/7/3/5/3/3/3/6/7 3 3,Z,-0.6428571428571428571428571429,4,SLEEP,Z,0.03827788,0.1501264
3/7/3/5/3/3/3/5/7 3 3,Z,-0.5,4,SLEEP,Z,0.04927938,0.1978383
3/7/3/5/3/3/3/3/7 3 3,X,-0.5,4,SLEEP,Z,0.03929489,0.1573404
3/7/3/5/3/3/3/7/6 3 3,X,-0.7,4,SLEEP,Z,0.1016912,0.3164981
3/7/3/5/3/3/3/7/5 3 3,Z,-0.5,6,SLEEP,Z,0.0570351,0.2032087
3/7/3/5/3/3/3/7/3 3 3,Z,-0.5,2,SLEEP,Z,0.02330321,0.09281563
3/7/3/5/3/3/7/2/7 3 3,X,-0.5,8,SLEEP,Z,0.08946988,0.3513269
3/7/3/5/3/3/7/6/6 3 3,Z,-0.6428571428571428571428571429,8,SLEEP,Z,0.1128571,0.3202465
3/7/3/5/3/3/7/6/5 3 3,Z,-0.6428571428571428571428571429,6,SLEEP,Z,0.06604061,0.2256112
3/7/3/5/3/3/7/6/3 3 3,Z,-0.6428571428571428571428571429,4,SLEEP,Z,0.0372494,0.1507141
3/7/3/5/3/3/7/5/6 3 3,X,-0.6111111111111111111111111111,6,SLEEP,Z,0.06572622,0.2451329
3/7/3/5/3/3/7/5/5 3 3,X,-0.5,6,SLEEP,Z,0.06901944,0.2656534
3/7/3/5/3/3/7/5/3 3 3,Z,-0.5,4,SLEEP,Z,0.06212264,0.2234028
3/7/3/5/3/3/7/3/6 3 3,X,-0.6111111111111111111111111111,8,SLEEP,Z,0.1690053,0.5347389
3/7/3/5/3/3/7/3/5 3 3,X,-0.5,6,SLEEP,Z,0.05283736,0.2387558
3/7/3/5/3/3/7/3/3 3 3,Z,-0.5,4,SLEEP,Z,0.03706248,0.1552289
3/7/3/5/3/3/7/7/4 3 3,X,-0.6111111111111111111111111111,8,SLEEP,Z,0.08448468,0.3122681
3/7/3/5/3/3/7/7/2 3 3,X,-0.5,4,SLEEP,Z,0.04278844,0.1673505
3/7/3/5/3/3/7/7/1 3 3,Z,-0.5,4,SLEEP,Z,0.08905093,0.2330375
3/7/3/5/3/7/2/6/7 3 3,X,-0.5,6,SLEEP,Z,0.05801107,0.1949087
3/7/3/5/3/7/2/5/7 3 3,X,-0.5,4,SLEEP,Z,0.06746428,0.2377199
3/7/3/5/3/7/2/3/7 3 3,X,-0.5,8,SLEEP,Z,0.1143003,0.3134592
3/7/3/5/3/7/2/7/6 3 3,X,-0.6111111111111111111111111111,6,SLEEP,Z,0.08341048,0.2509781
3/7/3/5/3/7/2/7/5 3 3,X,-0.5,6,SLEEP,Z,0.05692156,0.1998844
3/7/3/5/3/7/2/7/3 3 3,X,0.4,4,SLEEP,Z,0.05681488,0.1705136
3/7/3/5/3/7/6/2/7 3 3,X,-0.6111111111111111111111111111,6,SLEEP,Z,0.1165333,0.3837631
3/7/3/5/3/7/6/6/6 3 3,X,-0.7222222222222222222222222222,10,SLEEP,Z,0.1271674,0.4947969
3/7/3/5/3/7/6/6/5 3 3,X,-0.6111111111111111111111111111,8,SLEEP,Z,0.0744114,0.2815198
3/7/3/5/3/7/6/6/3 3 3,X,0.75,6,SLEEP,Z,0.07248214,0.2471944
3/7/3/5/3/7/6/5/6 3 3,X,-0.7222222222222222222222222222,8,SLEEP,Z,0.1478971,0.4056135
3/7/3/5/3/7/6/5/5 3 3,X,-0.6111111111111111111111111111,6,SLEEP,Z,0.08244035,0.2909874
3/7/3/5/3/7/6/5/3 3 3,X,0.75,6,SLEEP,Z,0.1025706,0.3157164
3/7/3/5/3/7/6/3/6 3 3,X,-0.7222222222222222222222222222,8,SLEEP,Z,0.1194819,0.4190457
3/7/3/5/3/7/6/3/5 3 3,X,-0.6111111111111111111111111111,6,SLEEP,Z,0.06162174,0.2443873
3/7/3/5/3/7/6/3/3 3 3,X,0.75,6,SLEEP,Z,0.06416599,0.2247937
3/7/3/5/3/7/6/7/4 3 3,X,-0.7222222222222222222222222222,8,SLEEP,Z,0.1671871,0.5343591
3/7/3/5/3/7/6/7/2 3 3,X,-0.6111111111111111111111111111,6,SLEEP,Z,0.08321141,0.2726864
3/7/3/5/3/7/6/7/1 3 3,X,0.75,6,SLEEP,Z,0.08048603,0.2591082
3/7/3/5/3/7/5/2/7 3 3,X,-0.5,4,SLEEP,Z,0.03946373,0.1563764
3/7/3/5/3/7/5/6/6 3 3,X,-0.6111111111111111111111111111,4,SLEEP,Z,0.05002329,0.2150049
3/7/3/5/3/7/5/6/5 3 3,X,-0.5,4,SLEEP,Z,0.07073919,0.2620183
3/7/3/5/3/7/5/6/3 3 3,Z,0.5,4,SLEEP,Z,0.03650777,0.1517367
3/7/3/5/3/7/5/5/6 3 3,X,-0.6111111111111111111111111111,8,SLEEP,Z,0.1312337,0.416523
3/7/3/5/3/7/5/5/5 3 3,X,-0.5,6,SLEEP,Z,0.09017819,0.300911
3/7/3/5/3/7/5/5/3 3 3,X,-0.3888888888888888888888888889,4,SLEEP,Z,0.06502619,0.1892388
3/7/3/5/3/7/5/3/6 3 3,X,-0.6111111111111111111111111111,6,SLEEP,Z,0.1503494,0.4944291
3/7/3/5/3/7/5/3/5 3 3,X,-0.5,6,SLEEP,Z,0.05532813,0.2029738
3/7/3/5/3/7/5/3/3 3 3,Z,-0.5,2,SLEEP,Z,0.04497562,0.1639828
3/7/3/5/3/7/5/7/4 3 3,X,-0.6111111111111111111111111111,6,SLEEP,Z,0.1365165,0.4259996
3/7/3/5/3/7/5/7/2 3 3,X,-0.5,4,SLEEP,Z,0.05623866,0.2078891
3/7/3/5/3/7/5/7/1 3 3,X,-0.3888888888888888888888888889,4,SLEEP,Z,0.05848286,0.1789757
3/7/3/5/3/7/3/2/7 3 3,X,-0.5,4,SLEEP,Z,0.03871498,0.1566652
3/7/3/5/3/7/3/6/6 3 3,X,-0.75,6,SLEEP,Z,0.07981638,0.2732078
3/7/3/5/3/7/3/6/5 3 3,X,-0.5,6,SLEEP,Z,0.08493143,0.2655998
3/7/3/5/3/7/3/6/3 3 3,Z,0.5,4,SLEEP,Z,0.03020845,0.1190186
3/7/3/5/3/7/3/5/6 3 3,X,-0.75,4,SLEEP,Z,0.07780138,0.2502412
3/7/3/5/3/7/3/5/5 3 3,X,-0.5,4,SLEEP,Z,0.04451425,0.1719928
3/7/3/5/3/7/3/5/3 3 3,X,-0.2777777777777777777777777778,4,SLEEP,Z,0.03005408,0.1195476
3/7/3/5/3/7/3/3/6 3 3,X,-0.75,6,SLEEP,Z,0.06197263,0.209135
3/7/3/5/3/7/3/3/5 3 3,X,-0.5,4,SLEEP,Z,0.05054625,0.1923677
3/7/3/5/3/7/3/3/3 3 3,Z,-0.5,2,SLEEP,Z,0.02380409,0.1051289
3/7/3/5/3/7/3/7/4 3 3,X,-0.75,6,SLEEP,Z,0.09332851,0.3001329
3/7/3/5/3/7/3/7/2 3 3,X,-0.5,4,SLEEP,Z,0.03400924,0.1352217
3/7/3/5/3/7/3/7/1 3 3,X,-0.2777777777777777777777777778,4,SLEEP,Z,0.02740441,0.1170257
3/7/3/5/3/7/7/2/6 3 3,X,-0.6111111111111111111111111111,6,SLEEP,Z,0.1147394,0.3870705
3/7/3/5/3/7/7/2/5 3 3,X,-0.5,6,SLEEP,Z,0.06024231,0.2344983
3/7/3/5/3/7/7/2/3 3 3,X,-0.3888888888888888888888888889,4,SLEEP,Z,0.07297869,0.1755986
3/7/3/5/3/7/7/6/4 3 3,X,-0.6111111111111111111111111111,6,SLEEP,Z,0.05946782,0.2096601
3/7/3/5/3/7/7/6/2 3 3,X,-0.5,6,SLEEP,Z,0.0571375,0.2191803
3/7/3/5/3/7/7/6/1 3 3,Z,0.5,4,SLEEP,Z,0.07182365,0.2395557
3/7/3/5/3/7/7/5/4 3 3,X,-0.6111111111111111111111111111,6,SLEEP,Z,0.1413444,0.4242225
3/7/3/5/3/7/7/5/2 3 3,X,-0.5,2,SLEEP,Z,0.04572244,0.1748473
3/7/3/5/3/7/7/5/1 3 3,X,-0.3888888888888888888888888889,4,SLEEP,Z,0.03414213,0.1454329
3/7/3/5/3/7/7/3/4 3 3,X,-0.6111111111111111111111111111,8,SLEEP,Z,0.1294127,0.4268041
3/7/3/5/3/7/7/3/2 3 3,X,-0.5,4,SLEEP,Z,0.0440575,0.1729587
3/7/3/5/3/7/7/3/1 3 3,Z,-0.5,6,SLEEP,Z,0.1082224,0.3251441
3/7/3/5/7/2/2/7/7 3 3,X,-0.5,6,SLEEP,Z,0.0848685,0.2284131
3/7/3/5/7/2/6/6/7 3 3,X,-0.5769230769230769230769230769,6,SLEEP,Z,0.05679259,0.2241816
3/7/3/5/7/2/6/5/7 3 3,X,-0.5769230769230769230769230769,8,SLEEP,Z,0.08088609,0.3990916
3/7/3/5/7/2/6/3/7 3 3,X,-0.5769230769230769230769230769,8,SLEEP,Z,0.1020647,0.3229987
3/7/3/5/7/2/6/7/6 3 3,X,-0.6538461538461538461538461538,6,SLEEP,Z,0.08289085,0.3408315
3/7/3/5/7/2/6/7/5 3 3,X,-0.5769230769230769230769230769,6,SLEEP,Z,0.1171741,0.4043086
3/7/3/5/7/2/6/7/3 3 3,X,0.7,4,SLEEP,Z,0.08105708,0.2796548
3/7/3/5/7/2/5/6/7 3 3,X,-0.5,4,SLEEP,Z,0.0468131,0.1864755
3/7/3/5/7/2/5/5/7 3 3,X,-0.5,8,SLEEP,Z,0.06126221,0.2608727
3/7/3/5/7/2/5/3/7 3 3,X,-0.5,6,SLEEP,Z,0.04154821,0.1756222
3/7/3/5/7/2/5/7/6 3 3,X,-0.5769230769230769230769230769,10,SLEEP,Z,0.07303241,0.3059813
3/7/3/5/7/2/5/7/5 3 3,X,-0.5,4,SLEEP,Z,0.0461118,0.200964
3/7/3/5/7/2/5/7/3 3 3,X,-0.4230769230769230769230769231,4,SLEEP,Z,0.04617165,0.141749
3/7/3/5/7/2/3/6/7 3 3,X,-0.5,4,SLEEP,Z,0.08283363,0.2648066
3/7/3/5/7/2/3/5/7 3 3,X,-0.5,4,SLEEP,Z,0.08354051,0.4011826
3/7/3/5/7/2/3/3/7 3 3,X,-0.5,6,SLEEP,Z,0.07150169,0.2404499
3/7/3/5/7/2/3/7/6 3 3,X,-0.7,6,SLEEP,Z,0.1538989,0.3921598
3/7/3/5/7/2/3/7/5 3 3,X,-0.5,6,SLEEP,Z,0.05434847,0.2204952
3/7/3/5/7/2/3/7/3 3 3,X,-0.3461538461538461538461538462,2,SLEEP,Z,0.02269831,0.09090497
3/7/3/5/7/2/7/2/7 3 3,X,-0.5,6,SLEEP,Z,0.09190182,0.3371767
3/7/3/5/7/2/7/6/6 3 3,X,-0.5769230769230769230769230769,6,SLEEP,Z,0.06479333,0.2753917
3/7/3/5/7/2/7/6/5 3 3,X,-0.5,6,SLEEP,Z,0.09965023,0.3629688
3/7/3/5/7/2/7/6/3 3 3,Z,0.5,4,SLEEP,Z,0.04156308,0.1637996
3/7/3/5/7/2/7/5/6 3 3,X,-0.5769230769230769230769230769,10,SLEEP,Z,0.1103222,0.4040874
3/7/3/5/7/2/7/5/5 3 3,X,-0.5,6,SLEEP,Z,0.08233563,0.3446776
3/7/3/5/7/2/7/5/3 3 3,X,-0.4230769230769230769230769231,2,SLEEP,Z,0.03258604,0.1373512
3/7/3/5/7/2/7/3/6 3 3,X,-0.5769230769230769230769230769,6,SLEEP,Z,0.05202708,0.2347956
3/7/3/5/7/2/7/3/5 3 3,X,-0.5,6,SLEEP,Z,0.07544295,0.2458968
3/7/3/5/7/2/7/3/3 3 3,Z,-0.5,4,SLEEP,Z,0.0388128,0.147495
3/7/3/5/7/2/7/7/4 3 3,X,-0.5769230769230769230769230769,6,SLEEP,Z,0.1087794,0.3840352
3/7/3/5/7/2/7/7/2 3 3,X,-0.5,4,SLEEP,Z,0.05617458,0.2076145
3/7/3/5/7/2/7/7/1 3 3,X,-0.4230769230769230769230769231,4,SLEEP,Z,0.05658377,0.2197499
3/7/3/5/7/6/2/6/7 3 3,X,-0.5,4,SLEEP,Z,0.06160334,0.2166806
3/7/3/5/7/6/2/5/7 3 3,X,-0.5,6,SLEEP,Z,0.06678242,0.2309698
3/7/3/5/7/6/2/3/7 3 3,Z,0.6666666666666666666666666667,6,SLEEP,Z,0.0719256,0.2474012
3/7/3/5/7/6/2/7/6 3 3,X,-0.5769230769230769230769230769,6,SLEEP,Z,0.1234038,0.3817579
3/7/3/5/7/6/2/7/5 3 3,X,-0.5,8,SLEEP,Z,0.06034058,0.2339483
3/7/3/5/7/6/2/7/3 3 3,Z,0.5,2,SLEEP,Z,0.03037018,0.1146172
3/7/3/5/7/6/6/2/7 3 3,X,-0.5769230769230769230769230769,6,SLEEP,Z,0.0705341,0.2737335
3/7/3/5/7/6/6/6/6 3 3,X,-0.6538461538461538461538461538,8,SLEEP,Z,0.1401772,0.5614378
3/7/3/5/7/6/6/6/5 3 3,X,-0.5769230769230769230769230769,10,SLEEP,Z,0.1122061,0.4423887
3/7/3/5/7/6/6/6/3 3 3,X,0.75,6,SLEEP,Z,0.05545822,0.2036652
3/7/3/5/7/6/6/5/6 3 3,X,-0.6538461538461538461538461538,8,SLEEP,Z,0.135538,0.4457871
3/7/3/5/7/6/6/5/5 3 3,X,-0.5769230769230769230769230769,6,SLEEP,Z,0.0940745,0.3446729
3/7/3/5/7/6/6/5/3 3 3,X,0.75,4,SLEEP,Z,0.04411928,0.1897841
3/7/3/5/7/6/6/3/6 3 3,Z,0.6666666666666666666666666667,8,SLEEP,Z,0.129875,0.4900544
3/7/3/5/7/6/6/3/5 3 3,Z,0.6666666666666666666666666667,6,SLEEP,Z,0.0576799,0.2459701
3/7/3/5/7/6/6/3/3 3 3,X,0.75,4,SLEEP,Z,0.05160281,0.1804943
3/7/3/5/7/6/6/7/4 3 3,X,-0.6538461538461538461538461538,4,SLEEP,Z,0.06394585,0.2945843
3/7/3/5/7/6/6/7/2 3 3,X,-0.5769230769230769230769230769,6,SLEEP,Z,0.05065816,0.2020822
3/7/3/5/7/6/6/7/1 3 3,X,0.75,6,SLEEP,Z,0.05489707,0.2119813
3/7/3/5/7/6/5/2/7 3 3,X,-0.5,6,SLEEP,Z,0.04439632,0.1860876
3/7/3/5/7/6/5/6/6 3 3,X,-0.5769230769230769230769230769,6,SLEEP,Z,0.1041846,0.3220494
3/7/3/5/7/6/5/6/5 3 3,X,-0.5,6,SLEEP,Z,0.1005875,0.3792332
3/7/3/5/7/6/5/6/3 3 3,Z,0.5,4,SLEEP,Z,0.05873825,0.2173476
3/7/3/5/7/6/5/5/6 3 3,X,-0.5769230769230769230769230769,6,SLEEP,Z,0.1000799,0.3722704
3/7/3/5/7/6/5/5/5 3 3,X,-0.5,8,SLEEP,Z,0.05676147,0.2448518
3/7/3/5/7/6/5/5/3 3 3,Z,0.5,4,SLEEP,Z,0.05217968,0.1885082
3/7/3/5/7/6/5/3/6 3 3,Z,0.6666666666666666666666666667,8,SLEEP,Z,0.1413905,0.4857679
3/7/3/5/7/6/5/3/5 3 3,Z,0.6666666666666666666666666667,8,SLEEP,Z,0.1263893,0.3785768
3/7/3/5/7/6/5/3/3 3 3,Z,0.6666666666666666666666666667,4,SLEEP,Z,0.03075033,0.1333829
3/7/3/5/7/6/5/7/4 3 3,X,-0.5769230769230769230769230769,6,SLEEP,Z,0.08116063,0.3165462
3/7/3/5/7/6/5/7/2 3 3,X,-0.5,4,SLEEP,Z,0.04823435,0.2093153
3/7/3/5/7/6/5/7/1 3 3,Z,0.5,4,SLEEP,Z,0.053157,0.2281452
3/7/3/5/7/6/3/2/7 3 3,Z,0.5,4,SLEEP,Z,0.05358383,0.2037923
3/7/3/5/7/6/3/6/6 3 3,X,-0.75,6,SLEEP,Z,0.06040559,0.244162
3/7/3/5/7/6/3/6/5 3 3,X,-0.5,4,SLEEP,Z,0.03552856,0.1557593
3/7/3/5/7/6/3/6/3 3 3,Z,0.5,2,SLEEP,Z,0.04591964,0.145573
3/7/3/5/7/6/3/5/6 3 3,X,-0.75,6,SLEEP,Z,0.09946469,0.2848658
3/7/3/5/7/6/3/5/5 3 3,Z,0.5,6,SLEEP,Z,0.04370395,0.1819987
3/7/3/5/7/6/3/5/3 3 3,Z,0.5,4,SLEEP,Z,0.04428561,0.1452909
3/7/3/5/7/6/3/3/6 3 3,X,-0.75,6,SLEEP,Z,0.1356228,0.403145
3/7/3/5/7/6/3/3/5 3 3,Z,0.6666666666666666666666666667,4,SLEEP,Z,0.08999297,0.2362331
3/7/3/5/7/6/3/3/3 3 3,Z,0.6666666666666666666666666667,4,SLEEP,Z,0.03576409,0.150726
3/7/3/5/7/6/3/7/4 3 3,X,-0.75,4,SLEEP,Z,0.04657457,0.201252
3/7/3/5/7/6/3/7/2 3 3,Z,0.5,4,SLEEP,Z,0.06505606,0.2253986
3/7/3/5/7/6/3/7/1 3 3,Z,0.5,2,SLEEP,Z,0.03132607,0.1214267
3/7/3/5/7/6/7/2/6 3 3,X,-0.5769230769230769230769230769,8,SLEEP,Z,0.1116611,0.3906552
3/7/3/5/7/6/7/2/5 3 3,X,-0.5,6,SLEEP,Z,0.04331172,0.1834643
3/7/3/5/7/6/7/2/3 3 3,Z,0.5,4,SLEEP,Z,0.06242329,0.225328
3/7/3/5/7/6/7/6/4 3 3,X,-0.5769230769230769230769230769,6,SLEEP,Z,0.04388893,0.1905073
3/7/3/5/7/6/7/6/2 3 3,X,-0.5,6,SLEEP,Z,0.05503349,0.220301
3/7/3/5/7/6/7/6/1 3 3,Z,0.5,4,SLEEP,Z,0.06039673,0.2099332
3/7/3/5/7/6/7/5/4 3 3,X,-0.5769230769230769230769230769,12,SLEEP,Z,0.08199222,0.3147567
3/7/3/5/7/6/7/5/2 3 3,X,-0.5,6,SLEEP,Z,0.04364209,0.1668443
3/7/3/5/7/6/7/5/1 3 3,Z,0.5,4,SLEEP,Z,0.0634362,0.263858
3/7/3/5/7/6/7/3/4 3 3,Z,0.6666666666666666666666666666,8,SLEEP,Z,0.106579,0.4102561
3/7/3/5/7/6/7/3/2 3 3,Z,0.6666666666666666666666666666,2,SLEEP,Z,0.05339615,0.2144563
3/7/3/5/7/6/7/3/1 3 3,Z,0.6666666666666666666666666666,2,SLEEP,Z,0.02894605,0.1235491
3/7/3/5/7/5/2/6/7 3 3,X,-0.5,4,SLEEP,Z,0.04607201,0.1582715
3/7/3/5/7/5/2/5/7 3 3,X,-0.5,6,SLEEP,Z,0.07133371,0.2236399
3/7/3/5/7/5/2/3/7 3 3,X,-0.5,4,SLEEP,Z,0.07645334,0.2109182
3/7/3/5/7/5/2/7/6 3 3,X,-0.5769230769230769230769230769,10,SLEEP,Z,0.109758,0.4251974
3/7/3/5/7/5/2/7/5 3 3,X,-0.5,4,SLEEP,Z,0.06301369,0.2259239
3/7/3/5/7/5/2/7/3 3 3,X,-0.4230769230769230769230769231,6,SLEEP,Z,0.1146265,0.2409331
3/7/3/5/7/5/6/2/7 3 3,X,-0.5769230769230769230769230769,6,SLEEP,Z,0.06253426,0.2525011
3/7/3/5/7/5/6/6/6 3 3,X,-0.6538461538461538461538461538,8,SLEEP,Z,0.08451279,0.3618616
3/7/3/5/7/5/6/6/5 3 3,X,-0.5769230769230769230769230769,10,SLEEP,Z,0.1342261,0.4522397
3/7/3/5/7/5/6/6/3 3 3,X,0.75,6,SLEEP,Z,0.06130255,0.2281705
3/7/3/5/7/5/6/5/6 3 3,X,-0.6538461538461538461538461538,12,SLEEP,Z,0.1462163,0.555541
3/7/3/5/7/5/6/5/5 3 3,X,-0.5769230769230769230769230769,6,SLEEP,Z,0.06596936,0.2810363
3/7/3/5/7/5/6/5/3 3 3,X,0.75,6,SLEEP,Z,0.06733283,0.2827965
3/7/3/5/7/5/6/3/6 3 3,X,-0.6538461538461538461538461538,6,SLEEP,Z,0.09849028,0.3297309
3/7/3/5/7/5/6/3/5 3 3,X,-0.5769230769230769230769230769,8,SLEEP,Z,0.1623428,0.4490074
3/7/3/5/7/5/6/3/3 3 3,X,0.75,4,SLEEP,Z,0.06153845,0.2207688
3/7/3/5/6/5/6/7/6 3 3,X,-0.7307692307692307692307692307,10,SLEEP,Z,0.1201378,0.4375632
3/7/3/5/7/5/6/7/4 3 3,X,-0.6538461538461538461538461538,10,SLEEP,Z,0.0700263,0.3019184
3/7/3/5/7/5/6/7/2 3 3,X,-0.5769230769230769230769230769,6,SLEEP,Z,0.1117948,0.357685
3/7/3/5/7/5/6/7/1 3 3,X,0.75,4,SLEEP,Z,0.05016464,0.2044155
3/7/3/5/7/5/5/2/7 3 3,X,-0.5,8,SLEEP,Z,0.09689523,0.3393889
3/7/3/5/7/5/5/6/6 3 3,X,-0.5769230769230769230769230769,6,SLEEP,Z,0.06833198,0.2637318
3/7/3/5/7/5/5/6/5 3 3,X,-0.5,4,SLEEP,Z,0.05667,0.2329388
3/7/3/5/7/5/5/6/3 3 3,Z,0.5,6,SLEEP,Z,0.04174036,0.1794808
3/7/3/5/7/5/5/5/6 3 3,X,-0.5769230769230769230769230769,8,SLEEP,Z,0.09009307,0.3300719
3/7/3/5/7/5/5/5/5 3 3,X,-0.5,6,SLEEP,Z,0.04646773,0.1897742
3/7/3/5/7/5/5/5/3 3 3,X,-0.4230769230769230769230769231,4,SLEEP,Z,0.06057455,0.1610134
3/7/3/5/7/5/5/3/6 3 3,X,-0.5769230769230769230769230769,4,SLEEP,Z,0.06136395,0.2542004
3/7/3/5/7/5/5/3/5 3 3,X,-0.5,8,SLEEP,Z,0.04740838,0.2236278
3/7/3/5/7/5/5/3/3 3 3,Z,-0.5,4,SLEEP,Z,0.02922635,0.1275176
3/7/3/5/7/5/5/7/4 3 3,X,-0.5769230769230769230769230769,4,SLEEP,Z,0.06353965,0.267143
3/7/3/5/7/5/5/7/2 3 3,X,-0.5,6,SLEEP,Z,0.06074317,0.2320661
3/7/3/5/7/5/5/7/1 3 3,X,-0.4230769230769230769230769231,6,SLEEP,Z,0.04587741,0.1962226
3/7/3/5/7/5/3/2/7 3 3,X,-0.5,6,SLEEP,Z,0.05271772,0.1972352
3/7/3/5/7/5/3/6/6 3 3,X,-0.75,4,SLEEP,Z,0.05844497,0.2510108
3/7/3/5/7/5/3/6/5 3 3,X,-0.5,6,SLEEP,Z,0.07591988,0.2936263
3/7/3/5/7/5/3/6/3 3 3,Z,0.5,2,SLEEP,Z,0.03072183,0.120115
3/7/3/5/7/5/3/5/6 3 3,X,-0.75,4,SLEEP,Z,0.0597465,0.2192488
3/7/3/5/7/5/3/5/5 3 3,X,-0.5,4,SLEEP,Z,0.05034633,0.2034182
3/7/3/5/7/5/3/5/3 3 3,X,-0.3461538461538461538461538462,2,SLEEP,Z,0.04511146,0.1738489
3/7/3/5/7/5/3/3/6 3 3,X,-0.75,4,SLEEP,Z,0.1193027,0.3493958
3/7/3/5/7/5/3/3/5 3 3,X,-0.5,6,SLEEP,Z,0.09081423,0.3141312
3/7/3/5/7/5/3/3/3 3 3,Z,-0.5,2,SLEEP,Z,0.0523553,0.1945472
3/7/3/5/7/5/3/7/4 3 3,X,-0.75,8,SLEEP,Z,0.1072551,0.3597619
3/7/3/5/7/5/3/7/2 3 3,X,-0.5,4,SLEEP,Z,0.04550678,0.1593562
3/7/3/5/7/5/3/7/1 3 3,X,-0.3461538461538461538461538462,2,SLEEP,Z,0.03104801,0.1338623
3/7/3/5/7/5/7/2/6 3 3,X,-0.5769230769230769230769230769,8,SLEEP,Z,0.1249044,0.4404652
3/7/3/5/7/5/7/2/5 3 3,X,-0.5,10,SLEEP,Z,0.06822074,0.2548402
3/7/3/5/7/5/7/2/3 3 3,X,-0.4230769230769230769230769231,2,SLEEP,Z,0.04268621,0.140831
3/7/3/5/7/5/7/6/4 3 3,X,-0.5769230769230769230769230769,8,SLEEP,Z,0.1166989,0.4369429
3/7/3/5/7/5/7/6/2 3 3,X,-0.5,6,SLEEP,Z,0.06083139,0.2503335
3/7/3/5/7/5/7/6/1 3 3,Z,0.5,4,SLEEP,Z,0.04950962,0.2041762
3/7/3/5/7/5/7/5/4 3 3,X,-0.5769230769230769230769230769,6,SLEEP,Z,0.03776248,0.1629153
3/7/3/5/7/5/7/5/2 3 3,X,-0.5,4,SLEEP,Z,0.05332779,0.2186031
3/7/3/5/7/5/7/5/1 3 3,X,-0.4230769230769230769230769231,2,SLEEP,Z,0.04493614,0.1840788
3/7/3/5/7/5/7/3/4 3 3,X,-0.5769230769230769230769230769,8,SLEEP,Z,0.08605848,0.3365908
3/7/3/5/7/5/7/3/2 3 3,X,-0.5,4,SLEEP,Z,0.0530205,0.2147877
3/7/3/5/7/5/7/3/1 3 3,Z,-0.5,4,SLEEP,Z,0.05700958,0.2272978
3/7/3/5/7/3/2/6/7 3 3,Z,-0.6666666666666666666666666667,8,SLEEP,Z,0.08308052,0.3024817
3/7/3/5/7/3/2/5/7 3 3,X,-0.5,8,SLEEP,Z,0.06063725,0.2301944
3/7/3/5/7/3/2/3/7 3 3,X,-0.5,4,SLEEP,Z,0.05338934,0.1927924
3/7/3/5/7/3/2/7/6 3 3,X,-0.5769230769230769230769230769,6,SLEEP,Z,0.108117,0.3707168
3/7/3/5/7/3/2/7/5 3 3,X,-0.5,6,SLEEP,Z,0.06719693,0.2385201
3/7/3/5/7/3/2/7/3 3 3,Z,-0.5,4,SLEEP,Z,0.16986,0.2958131
3/7/3/5/7/3/6/2/7 3 3,X,-0.5769230769230769230769230769,6,SLEEP,Z,0.04057151,0.1739976
3/7/3/5/7/3/6/6/6 3 3,Z,-0.6666666666666666666666666667,10,SLEEP,Z,0.1143886,0.448844
3/7/3/5/7/3/6/6/5 3 3,Z,-0.6666666666666666666666666667,8,SLEEP,Z,0.0673841,0.2619036
3/7/3/5/7/3/6/6/3 3 3,X,0.75,6,SLEEP,Z,0.06701528,0.2395316
3/7/3/5/7/3/6/5/6 3 3,X,-0.6538461538461538461538461538,12,SLEEP,Z,0.09189916,0.3757713
3/7/3/5/7/3/6/5/5 3 3,X,-0.5769230769230769230769230769,6,SLEEP,Z,0.05925587,0.2568811
3/7/3/5/7/3/6/5/3 3 3,X,0.75,6,SLEEP,Z,0.0557353,0.1973932
3/7/3/5/7/3/6/3/6 3 3,X,-0.6538461538461538461538461538,10,SLEEP,Z,0.09907404,0.4349461
3/7/3/5/7/3/6/3/5 3 3,X,-0.5769230769230769230769230769,8,SLEEP,Z,0.1177152,0.4007756
3/7/3/5/7/3/6/3/3 3 3,X,0.75,4,SLEEP,Z,0.05633547,0.2332901
3/7/3/5/7/3/6/7/4 3 3,X,-0.6538461538461538461538461538,8,SLEEP,Z,0.1050722,0.4006406
3/7/3/5/7/3/6/7/2 3 3,X,-0.5769230769230769230769230769,6,SLEEP,Z,0.06594806,0.2767923
3/7/3/5/7/3/6/7/1 3 3,X,0.75,6,SLEEP,Z,0.1967697,0.3686908
3/7/3/5/7/3/5/2/7 3 3,X,-0.5,8,SLEEP,Z,0.06798987,0.2506377
3/7/3/5/7/3/5/6/6 3 3,Z,-0.6666666666666666666666666667,4,SLEEP,Z,0.0718526,0.3162178
3/7/3/5/7/3/5/6/5 3 3,Z,-0.6666666666666666666666666667,6,SLEEP,Z,0.1481927,0.3699064
3/7/3/5/7/3/5/6/3 3 3,Z,-0.6666666666666666666666666667,4,SLEEP,Z,0.0569941,0.2368699
3/7/3/5/7/3/5/5/6 3 3,X,-0.5769230769230769230769230769,6,SLEEP,Z,0.05174237,0.2284648
3/7/3/5/7/3/5/5/5 3 3,X,-0.5,6,SLEEP,Z,0.05440202,0.244386
3/7/3/5/7/3/5/5/3 3 3,Z,-0.5,4,SLEEP,Z,0.04858801,0.198383
3/7/3/5/7/3/5/3/6 3 3,X,-0.5769230769230769230769230769,4,SLEEP,Z,0.05806556,0.2620926
3/7/3/5/7/3/5/3/5 3 3,X,-0.5,6,SLEEP,Z,0.08552419,0.3384787
3/7/3/5/7/3/5/3/3 3 3,Z,-0.5,4,SLEEP,Z,0.03903491,0.1804889
3/7/3/5/7/3/5/7/4 3 3,X,-0.5769230769230769230769230769,8,SLEEP,Z,0.1066006,0.3905836
3/7/3/5/7/3/5/7/2 3 3,X,-0.5,6,SLEEP,Z,0.05133653,0.2093187
3/7/3/5/7/3/5/7/1 3 3,Z,-0.5,4,SLEEP,Z,0.04288656,0.1802339
3/7/3/5/7/3/3/2/7 3 3,Z,-0.5,6,SLEEP,Z,0.04616094,0.1841758
3/7/3/5/7/3/3/6/6 3 3,X,-0.75,4,SLEEP,Z,0.07847372,0.2085521
3/7/3/5/7/3/3/6/5 3 3,Z,-0.6666666666666666666666666667,4,SLEEP,Z,0.03872128,0.1347402
3/7/3/5/7/3/3/6/3 3 3,Z,-0.6666666666666666666666666667,4,SLEEP,Z,0.1028313,0.2356049
3/7/3/5/7/3/3/5/6 3 3,X,-0.75,6,SLEEP,Z,0.1824596,0.4701911
3/7/3/5/7/3/3/5/5 3 3,Z,-0.5,6,SLEEP,Z,0.06242974,0.2484207
3/7/3/5/7/3/3/5/3 3 3,Z,-0.5,4,SLEEP,Z,0.06003919,0.2366055
3/7/3/5/7/3/3/3/6 3 3,X,-0.75,4,SLEEP,Z,0.05045988,0.196932
3/7/3/5/7/3/3/3/5 3 3,X,-0.5,4,SLEEP,Z,0.03887302,0.1674705
3/7/3/5/7/3/3/3/3 3 3,Z,-0.5,4,SLEEP,Z,0.04398304,0.1896332
3/7/3/5/7/3/3/7/4 3 3,X,-0.75,6,SLEEP,Z,0.09794594,0.3520216
3/7/3/5/7/3/3/7/2 3 3,Z,-0.5,4,SLEEP,Z,0.0327167,0.1310343
3/7/3/5/7/3/3/7/1 3 3,Z,-0.5,4,SLEEP,Z,0.02529264,0.1119041
3/7/3/5/7/3/7/2/6 3 3,X,-0.5769230769230769230769230769,4,SLEEP,Z,0.0604941,0.2541334
3/7/3/5/7/3/7/2/5 3 3,X,-0.5,6,SLEEP,Z,0.07208426,0.302846
3/7/3/5/7/3/7/2/3 3 3,Z,-0.5,4,SLEEP,Z,0.03445088,0.1458168
3/7/3/5/7/3/7/6/4 3 3,Z,-0.6666666666666666666666666666,8,SLEEP,Z,0.06459635,0.2840157
3/7/3/5/7/3/7/6/2 3 3,Z,-0.6666666666666666666666666666,4,SLEEP,Z,0.03871486,0.1622119
3/7/3/5/7/3/7/6/1 3 3,Z,-0.6666666666666666666666666666,4,SLEEP,Z,0.05064392,0.2046422
3/7/3/5/7/3/7/5/4 3 3,X,-0.5769230769230769230769230769,8,SLEEP,Z,0.0595848,0.2625887
3/7/3/5/7/3/7/5/2 3 3,X,-0.5,6,SLEEP,Z,0.04777817,0.1939587
3/7/3/5/7/3/7/5/1 3 3,Z,-0.5,4,SLEEP,Z,0.05009924,0.1467806
3/7/3/5/7/3/7/3/4 3 3,X,-0.5769230769230769230769230769,8,SLEEP,Z,0.09312528,0.3831196
3/7/3/5/7/3/7/3/2 3 3,X,-0.5,6,SLEEP,Z,0.06182446,0.2581181
3/7/3/5/7/3/7/3/1 3 3,Z,-0.5,4,SLEEP,Z,0.04909689,0.2024693
3/7/3/5/7/7/2/2/7 3 3,X,-0.5,4,SLEEP,Z,0.08020448,0.2998727
3/7/3/5/7/7/2/6/6 3 3,X,-0.5769230769230769230769230769,8,SLEEP,Z,0.1401982,0.4364119
3/7/3/5/7/7/2/6/5 3 3,X,-0.5,6,SLEEP,Z,0.07031361,0.2440218
3/7/3/5/7/7/2/6/3 3 3,X,0.5,6,SLEEP,Z,0.0570346,0.1979095
3/7/3/5/7/7/2/5/6 3 3,X,-0.5769230769230769230769230769,6,SLEEP,Z,0.05179447,0.1986823
3/7/3/5/7/7/2/5/5 3 3,X,-0.5,6,SLEEP,Z,0.06588931,0.2574288
3/7/3/5/7/7/2/5/3 3 3,X,0.5,4,SLEEP,Z,0.05829617,0.2160268
3/7/3/5/7/7/2/3/6 3 3,X,-0.5769230769230769230769230769,6,SLEEP,Z,0.1091768,0.3123456
3/7/3/5/7/7/2/3/5 3 3,X,-0.5,6,SLEEP,Z,0.05164527,0.2298781
3/7/3/5/7/7/2/3/3 3 3,X,0.5,4,SLEEP,Z,0.06465533,0.2050069
3/7/3/5/7/7/2/7/4 3 3,X,-0.5769230769230769230769230769,8,SLEEP,Z,0.1076677,0.3952988
3/7/3/5/7/7/2/7/2 3 3,X,-0.5,4,SLEEP,Z,0.0841592,0.269538
3/7/3/5/7/7/2/7/1 3 3,X,0.5,4,SLEEP,Z,0.1185913,0.3816285
3/7/3/5/7/7/6/2/6 3 3,X,-0.6538461538461538461538461538,8,SLEEP,Z,0.1046885,0.4400851
3/7/3/5/7/7/6/2/5 3 3,X,-0.5769230769230769230769230769,8,SLEEP,Z,0.05899857,0.2565119
3/7/3/5/7/7/6/2/3 3 3,X,0.8333333333333333333333333333,6,SLEEP,Z,0.08097416,0.2130083
3/7/3/5/7/7/6/6/4 3 3,X,-0.6538461538461538461538461538,10,SLEEP,Z,0.1259204,0.4436797
3/7/3/5/7/7/6/6/2 3 3,X,-0.5769230769230769230769230769,4,SLEEP,Z,0.0566683,0.2322141
3/7/3/5/7/7/6/6/1 3 3,X,0.8333333333333333333333333333,4,SLEEP,Z,0.05550336,0.2013994
3/7/3/5/7/7/6/5/4 3 3,X,-0.6538461538461538461538461538,8,SLEEP,Z,0.1148696,0.4616894
3/7/3/5/7/7/6/5/2 3 3,X,-0.5769230769230769230769230769,8,SLEEP,Z,0.07955965,0.2974078
3/7/3/5/7/7/6/5/1 3 3,X,0.8333333333333333333333333333,6,SLEEP,Z,0.118427,0.3569985
3/7/3/5/7/7/6/3/4 3 3,X,-0.6538461538461538461538461538,10,SLEEP,Z,0.1542148,0.5706003
3/7/3/5/7/7/6/3/2 3 3,X,-0.5769230769230769230769230769,6,SLEEP,Z,0.09271376,0.3752038
3/7/3/5/7/7/6/3/1 3 3,X,0.8333333333333333333333333333,6,SLEEP,Z,0.0667633,0.2646306
3/7/3/5/6/7/6/7/4 3 3,X,-0.7307692307692307692307692307,14,SLEEP,Z,0.08632959,0.3528107
3/7/3/5/7/7/5/2/6 3 3,X,-0.5769230769230769230769230769,4,SLEEP,Z,0.05197192,0.1883378
3/7/3/5/7/7/5/2/5 3 3,X,-0.5,6,SLEEP,Z,0.07360544,0.2885955
3/7/3/5/7/7/5/2/3 3 3,X,-0.4230769230769230769230769231,2,SLEEP,Z,0.02421528,0.1015093
3/7/3/5/7/7/5/6/4 3 3,X,-0.5769230769230769230769230769,4,SLEEP,Z,0.05633534,0.2476505
3/7/3/5/7/7/5/6/2 3 3,X,-0.5,6,SLEEP,Z,0.114792,0.3796348
3/7/3/5/7/7/5/6/1 3 3,Z,0.5,4,SLEEP,Z,0.03593176,0.1496734
3/7/3/5/7/7/5/5/4 3 3,X,-0.5769230769230769230769230769,6,SLEEP,Z,0.09491063,0.3690481
3/7/3/5/7/7/5/5/2 3 3,X,-0.5,6,SLEEP,Z,0.1097359,0.4015439
3/7/3/5/7/7/5/5/1 3 3,X,-0.4230769230769230769230769231,2,SLEEP,Z,0.07383811,0.201756
3/7/3/5/7/7/5/3/4 3 3,X,-0.5769230769230769230769230769,8,SLEEP,Z,0.07883689,0.3366621
3/7/3/5/7/7/5/3/2 3 3,X,-0.5,4,SLEEP,Z,0.06255685,0.2650721
3/7/3/5/7/7/5/3/1 3 3,Z,-0.5,4,SLEEP,Z,0.0461188,0.1886198
3/7/3/5/7/7/3/2/6 3 3,X,-0.8333333333333333333333333333,6,SLEEP,Z,0.1135767,0.356415
3/7/3/5/7/7/3/2/5 3 3,X,-0.5,4,SLEEP,Z,0.04936238,0.1980644
3/7/3/5/7/7/3/2/3 3 3,X,-0.3461538461538461538461538462,4,SLEEP,Z,0.0395303,0.1712417
3/7/3/5/7/7/3/6/4 3 3,X,-0.8333333333333333333333333333,6,SLEEP,Z,0.06698073,0.2209683
3/7/3/5/7/7/3/6/2 3 3,X,-0.5,4,SLEEP,Z,0.05528443,0.2033186
3/7/3/5/7/7/3/6/1 3 3,Z,0.5,2,SLEEP,Z,0.02562397,0.1169712
3/7/3/5/7/7/3/5/4 3 3,X,-0.8333333333333333333333333333,8,SLEEP,Z,0.1419638,0.4330213
3/7/3/5/7/7/3/5/2 3 3,X,-0.5,4,SLEEP,Z,0.02871482,0.1083101
3/7/3/5/7/7/3/5/1 3 3,X,-0.3461538461538461538461538462,4,SLEEP,Z,0.02698438,0.1144584
3/7/3/5/7/7/3/3/4 3 3,X,-0.8333333333333333333333333333,4,SLEEP,Z,0.05217908,0.2059308
3/7/3/5/7/7/3/3/2 3 3,X,-0.5,4,SLEEP,Z,0.0283411,0.1239282
3/7/3/5/7/7/3/3/1 3 3,Z,-0.5,4,SLEEP,Z,0.03544249,0.1535987
3/7/3/5/7/7/7/2/4 3 3,X,-0.5769230769230769230769230769,6,SLEEP,Z,0.07961587,0.3253173
3/7/3/5/7/7/7/2/2 3 3,X,-0.5,6,SLEEP,Z,0.05302903,0.2291749
3/7/3/5/7/7/7/2/1 3 3,X,-0.4230769230769230769230769231,4,SLEEP,Z,0.04812203,0.1951807
3/7/3/3/2/2/7/7/7 3 3,X,-0.5,12,SLEEP,Z,0.06434979,0.2134435
3/7/3/3/2/6/6/7/7 3 3,Z,-0.5909090909090909090909090909,8,SLEEP,Z,0.07848064,0.2702248
3/7/3/3/2/6/5/7/7 3 3,Z,-0.5909090909090909090909090909,6,SLEEP,Z,0.05196097,0.1429649
3/7/3/3/2/6/3/7/7 3 3,Z,-0.5909090909090909090909090909,8,SLEEP,Z,0.05652239,0.1806502
3/7/3/3/2/6/7/6/7 3 3,Z,-0.6818181818181818181818181818,14,SLEEP,Z,0.08853609,0.2537899
3/7/3/3/2/6/7/5/7 3 3,Z,-0.5909090909090909090909090909,8,SLEEP,Z,0.06094045,0.2723201
3/7/3/3/2/6/7/3/7 3 3,Z,0.625,8,SLEEP,Z,0.07525987,0.2763043
3/7/3/3/2/6/7/7/6 3 3,Z,-0.5909090909090909090909090909,14,SLEEP,Z,0.107938,0.3587635
3/7/3/3/2/6/7/7/5 3 3,Z,-0.5909090909090909090909090909,8,SLEEP,Z,0.0675115,0.2329103
3/7/3/3/2/6/7/7/3 3 3,Z,-0.5909090909090909090909090909,6,SLEEP,Z,0.052513,0.1670567
3/7/3/3/2/5/6/7/7 3 3,X,-0.5769230769230769230769230769,8,SLEEP,Z,0.09928969,0.3481473
3/7/3/3/2/5/5/7/7 3 3,X,-0.5,6,SLEEP,Z,0.1127849,0.2887859
3/7/3/3/2/5/3/7/7 3 3,Z,-0.5,8,SLEEP,Z,0.1329033,0.4173416
3/7/3/3/2/5/7/6/7 3 3,Z,-0.5909090909090909090909090909,10,SLEEP,Z,0.06936754,0.2292294
3/7/3/3/2/5/7/5/7 3 3,X,-0.5,6,SLEEP,Z,0.06723933,0.2367735
3/7/3/3/2/5/7/3/7 3 3,X,-0.5,6,SLEEP,Z,0.05469287,0.188829
3/7/3/3/2/5/7/7/6 3 3,X,-0.5769230769230769230769230769,8,SLEEP,Z,0.07262652,0.2778499
3/7/3/3/2/5/7/7/5 3 3,X,-0.5,4,SLEEP,Z,0.06581838,0.1964446
3/7/3/3/2/5/7/7/3 3 3,Z,-0.5,4,SLEEP,Z,0.1146452,0.230802
3/7/3/3/2/3/6/7/7 3 3,X,-0.5769230769230769230769230769,10,SLEEP,Z,0.0771804,0.2576495
3/7/3/3/2/3/5/7/7 3 3,X,-0.5,4,SLEEP,Z,0.0465311,0.1670085
3/7/3/3/2/3/3/7/7 3 3,Z,-0.5,4,SLEEP,Z,0.04818959,0.1344699
3/7/3/3/2/3/7/6/7 3 3,Z,-0.625,6,SLEEP,Z,0.04716729,0.1662446
3/7/3/3/2/3/7/5/7 3 3,X,-0.5,8,SLEEP,Z,0.04830375,0.1835304
3/7/3/3/2/3/7/3/7 3 3,X,-0.5,8,SLEEP,Z,0.05720838,0.1961192
3/7/3/3/2/3/7/7/6 3 3,X,-0.5769230769230769230769230769,6,SLEEP,Z,0.06449354,0.2408271
3/7/3/3/2/3/7/7/5 3 3,X,-0.5,2,SLEEP,Z,0.04784932,0.1487737
3/7/3/3/2/3/7/7/3 3 3,Z,-0.5,6,SLEEP,Z,0.1429355,0.2888063
3/7/3/3/2/7/2/7/7 3 3,X,-0.5,4,SLEEP,Z,0.07020938,0.1826618
3/7/3/3/2/7/6/6/7 3 3,Z,-0.5909090909090909090909090909,10,SLEEP,Z,0.1133439,0.3792121
3/7/3/3/2/7/6/5/7 3 3,X,-0.5769230769230769230769230769,10,SLEEP,Z,0.07251996,0.2575819
3/7/3/3/2/7/6/3/7 3 3,X,-0.5769230769230769230769230769,8,SLEEP,Z,0.05895039,0.2311286
3/7/3/3/2/7/6/7/5 3 3,X,-0.5769230769230769230769230769,8,SLEEP,Z,0.07088436,0.2612938
3/7/3/3/2/7/6/7/3 3 3,X,0.7,6,SLEEP,Z,0.08117105,0.2170568
3/7/3/3/2/7/5/6/7 3 3,Z,-0.5909090909090909090909090909,6,SLEEP,Z,0.04113195,0.1559035
3/7/3/3/2/7/5/5/7 3 3,X,-0.5,6,SLEEP,Z,0.09951428,0.2878346
3/7/3/3/2/7/5/3/7 3 3,X,-0.5,6,SLEEP,Z,0.08225589,0.2410254
3/7/3/3/2/7/5/7/6 3 3,X,-0.5769230769230769230769230769,8,SLEEP,Z,0.09279469,0.3296491
3/7/3/3/2/7/5/7/5 3 3,X,-0.5,6,SLEEP,Z,0.05964199,0.2188569
3/7/3/3/2/7/5/7/3 3 3,Z,-0.5,48,SLEEP,Z,0.08079255,0.2307819
3/7/3/3/2/7/3/6/7 3 3,Z,-0.5909090909090909090909090909,6,SLEEP,Z,0.08615925,0.2498356
3/7/3/3/2/7/3/5/7 3 3,Z,-0.5,4,SLEEP,Z,0.03378611,0.1189382
3/7/3/3/2/7/3/3/7 3 3,X,-0.5,6,SLEEP,Z,0.09429201,0.2765971
3/7/3/3/2/7/3/7/6 3 3,X,-0.7,6,SLEEP,Z,0.06903589,0.22942
3/7/3/3/2/7/3/7/5 3 3,Z,-0.5,8,SLEEP,Z,0.04941132,0.1327309
3/7/3/3/2/7/3/7/3 3 3,Z,-0.5,4,SLEEP,Z,0.1049848,0.2749159
3/7/3/3/2/7/7/2/7 3 3,X,-0.5,6,SLEEP,Z,0.04373699,0.1633753
3/7/3/3/2/7/7/6/6 3 3,Z,-0.5909090909090909090909090909,10,SLEEP,Z,0.0789459,0.2921706
3/7/3/3/2/7/7/6/5 3 3,Z,-0.5909090909090909090909090909,20,SLEEP,Z,0.06813589,0.2346319
3/7/3/3/2/7/7/6/3 3 3,Z,-0.5909090909090909090909090909,4,SLEEP,Z,0.05782651,0.1965473
3/7/3/3/2/7/7/5/6 3 3,X,-0.5769230769230769230769230769,12,SLEEP,Z,0.11574,0.4070052
3/7/3/3/2/7/7/5/5 3 3,X,-0.5,6,SLEEP,Z,0.04669765,0.1660212
3/7/3/3/2/7/7/5/3 3 3,Z,-0.5,6,SLEEP,Z,0.0328241,0.1205029
3/7/3/3/2/7/7/3/6 3 3,X,-0.5769230769230769230769230769,8,SLEEP,Z,0.1349974,0.438388
3/7/3/3/2/7/7/3/5 3 3,X,-0.5,6,SLEEP,Z,0.06277942,0.2216017
3/7/3/3/2/7/7/3/3 3 3,Z,-0.5,4,SLEEP,Z,0.03923443,0.1495814
3/7/3/3/2/7/7/7/4 3 3,X,-0.5769230769230769230769230769,8,SLEEP,Z,0.0797909,0.3040583
3/7/3/3/2/7/7/7/2 3 3,X,-0.5,6,SLEEP,Z,0.05204575,0.1795807
3/7/3/3/2/7/7/7/1 3 3,Z,-0.5,6,SLEEP,Z,0.04939244,0.1620268
3/7/3/3/6/2/6/7/7 3 3,X,-0.6538461538461538461538461538,8,SLEEP,Z,0.05867903,0.222666
3/7/3/3/6/2/5/7/7 3 3,X,-0.5769230769230769230769230769,6,SLEEP,Z,0.1646472,0.3941655
3/7/3/3/6/2/3/7/7 3 3,X,0.6111111111111111111111111111,6,SLEEP,Z,0.0502093,0.1373799
3/7/3/3/6/2/7/6/7 3 3,Z,-0.5909090909090909090909090909,10,SLEEP,Z,0.0636315,0.2088923
3/7/3/3/6/2/7/5/7 3 3,X,-0.5769230769230769230769230769,6,SLEEP,Z,0.04612008,0.1947493
3/7/3/3/6/2/7/3/7 3 3,X,-0.5769230769230769230769230769,4,SLEEP,Z,0.03541065,0.1420946
3/7/3/3/6/2/7/7/6 3 3,X,-0.6538461538461538461538461538,12,SLEEP,Z,0.09668869,0.3556643
3/7/3/3/6/2/7/7/5 3 3,X,-0.5769230769230769230769230769,4,SLEEP,Z,0.05006447,0.1688732
3/7/3/3/6/2/7/7/3 3 3,X,0.6111111111111111111111111111,6,SLEEP,Z,0.0550613,0.176121
3/7/3/3/6/6/2/7/7 3 3,Z,-0.5909090909090909090909090909,10,SLEEP,Z,0.2170188,0.4840405
3/7/3/3/6/6/6/6/7 3 3,Z,-0.6818181818181818181818181819,10,SLEEP,Z,0.08926363,0.3544848
3/7/3/3/6/6/6/5/7 3 3,X,-0.6538461538461538461538461538,8,SLEEP,Z,0.0909054,0.3428159
3/7/3/3/6/6/6/3/7 3 3,X,-0.6538461538461538461538461538,14,SLEEP,Z,0.1907291,0.4835896
3/7/3/3/6/6/6/7/5 3 3,X,-0.6538461538461538461538461538,8,SLEEP,Z,0.07949717,0.3037343
3/7/3/3/6/6/6/7/3 3 3,X,0.7,6,SLEEP,Z,0.08336091,0.2540722
3/7/3/3/6/6/5/6/7 3 3,Z,-0.6818181818181818181818181819,10,SLEEP,Z,0.0785014,0.3231463
3/7/3/3/6/6/5/5/7 3 3,Z,-0.5909090909090909090909090909,8,SLEEP,Z,0.07506575,0.2737282
3/7/3/3/6/6/5/3/7 3 3,Z,0.6428571428571428571428571429,4,SLEEP,Z,0.06261254,0.2041809
3/7/3/3/6/6/5/7/6 3 3,X,-0.6538461538461538461538461538,8,SLEEP,Z,0.09345621,0.3772576
3/7/3/3/6/6/5/7/5 3 3,Z,-0.5909090909090909090909090909,10,SLEEP,Z,0.07548104,0.2464496
3/7/3/3/6/6/5/7/3 3 3,X,0.6111111111111111111111111111,6,SLEEP,Z,0.03857195,0.1242464
3/7/3/3/6/6/3/6/7 3 3,Z,-0.6818181818181818181818181819,6,SLEEP,Z,0.056594,0.202743
3/7/3/3/6/6/3/5/7 3 3,X,0.6111111111111111111111111111,6,SLEEP,Z,0.04890637,0.1562898
3/7/3/3/6/6/3/3/7 3 3,Z,0.6428571428571428571428571429,6,SLEEP,Z,0.05963086,0.1715132
3/7/3/3/6/6/3/7/6 3 3,X,-0.7,4,SLEEP,Z,0.07440881,0.1967066
3/7/3/3/6/6/3/7/5 3 3,X,0.6111111111111111111111111111,6,SLEEP,Z,0.093794,0.2570653
3/7/3/3/6/6/3/7/3 3 3,X,0.7222222222222222222222222222,4,SLEEP,Z,0.02402999,0.06412829
3/7/3/3/6/6/7/2/7 3 3,Z,-0.5909090909090909090909090909,6,SLEEP,Z,0.04837022,0.1438981
3/7/3/3/6/6/7/6/6 3 3,Z,-0.6818181818181818181818181819,16,SLEEP,Z,0.1643487,0.6137266
3/7/3/3/6/6/7/6/5 3 3,Z,-0.6818181818181818181818181819,8,SLEEP,Z,0.05045129,0.1868704
3/7/3/3/6/6/7/6/3 3 3,Z,-0.6818181818181818181818181819,6,SLEEP,Z,0.04540844,0.142269
3/7/3/3/6/6/7/5/6 3 3,X,-0.6538461538461538461538461538,12,SLEEP,Z,0.1465804,0.457389
3/7/3/3/6/6/7/5/5 3 3,Z,-0.5909090909090909090909090909,8,SLEEP,Z,0.1359281,0.3481784
3/7/3/3/6/6/7/5/3 3 3,X,0.6111111111111111111111111111,6,SLEEP,Z,0.03506973,0.1242771
3/7/3/3/6/6/7/3/6 3 3,X,-0.6538461538461538461538461538,8,SLEEP,Z,0.09222249,0.3227111
3/7/3/3/6/6/7/3/5 3 3,Z,0.6428571428571428571428571429,6,SLEEP,Z,0.1410189,0.3602029
3/7/3/3/6/6/7/3/3 3 3,Z,0.6428571428571428571428571429,4,SLEEP,Z,0.03850023,0.1251294
3/7/3/3/6/6/7/7/4 3 3,X,-0.6538461538461538461538461538,8,SLEEP,Z,0.0728768,0.2976692
3/7/3/3/6/6/7/7/2 3 3,Z,-0.5909090909090909090909090909,4,SLEEP,Z,0.05119925,0.1815356
3/7/3/3/6/6/7/7/1 3 3,X,0.6111111111111111111111111111,4,SLEEP,Z,0.1277399,0.3110667
3/7/3/3/6/5/2/7/7 3 3,X,-0.5769230769230769230769230769,6,SLEEP,Z,0.04568174,0.167782
3/7/3/3/6/5/6/6/7 3 3,X,-0.6538461538461538461538461538,8,SLEEP,Z,0.05889757,0.2190843
3/7/3/3/6/5/6/5/7 3 3,X,-0.6538461538461538461538461538,12,SLEEP,Z,0.07963346,0.2696443
3/7/3/3/6/5/6/3/7 3 3,X,-0.6538461538461538461538461538,14,SLEEP,Z,0.1050563,0.4006736
3/7/3/3/6/5/6/7/5 3 3,X,-0.6538461538461538461538461538,6,SLEEP,Z,0.07129848,0.2754073
3/7/3/3/6/5/6/7/3 3 3,X,0.7,2,SLEEP,Z,0.04182091,0.1567943
3/7/3/3/6/5/5/6/7 3 3,Z,-0.5909090909090909090909090909,10,SLEEP,Z,0.08183245,0.2132218
3/7/3/3/6/5/5/5/7 3 3,X,-0.5769230769230769230769230769,6,SLEEP,Z,0.04312354,0.1511522
3/7/3/3/6/5/5/3/7 3 3,X,-0.5769230769230769230769230769,6,SLEEP,Z,0.06028706,0.2223839
3/7/3/3/6/5/5/7/6 3 3,X,-0.6538461538461538461538461538,10,SLEEP,Z,0.07754851,0.3772115
3/7/3/3/6/5/5/7/5 3 3,X,-0.5769230769230769230769230769,4,SLEEP,Z,0.05291574,0.1552613
3/7/3/3/6/5/5/7/3 3 3,X,0.6111111111111111111111111111,6,SLEEP,Z,0.1536602,0.3859453
3/7/3/3/6/5/3/6/7 3 3,X,0.6111111111111111111111111111,4,SLEEP,Z,0.0424294,0.1619839
3/7/3/3/6/5/3/5/7 3 3,X,0.6111111111111111111111111111,4,SLEEP,Z,0.1228243,0.3208383
3/7/3/3/6/5/3/3/7 3 3,X,0.6111111111111111111111111111,4,SLEEP,Z,0.03748615,0.1360286
3/7/3/3/6/5/3/7/6 3 3,X,-0.7,4,SLEEP,Z,0.05357476,0.2010471
3/7/3/3/6/5/3/7/5 3 3,X,0.6111111111111111111111111111,4,SLEEP,Z,0.03190047,0.1171346
3/7/3/3/6/5/3/7/3 3 3,X,0.7222222222222222222222222222,4,SLEEP,Z,0.02473575,0.09964964
3/7/3/3/6/5/7/2/7 3 3,X,-0.5769230769230769230769230769,6,SLEEP,Z,0.05139503,0.1713851
3/7/3/3/6/5/7/6/6 3 3,X,-0.6538461538461538461538461538,44,SLEEP,Z,0.1089047,0.3179521
3/7/3/3/6/5/7/6/5 3 3,Z,-0.5909090909090909090909090909,6,SLEEP,Z,0.07129323,0.2224258
3/7/3/3/6/5/7/6/3 3 3,X,0.6111111111111111111111111111,4,SLEEP,Z,0.1627568,0.3549649
3/7/3/3/6/5/7/5/6 3 3,X,-0.6538461538461538461538461538,8,SLEEP,Z,0.1040398,0.3629706
3/7/3/3/6/5/7/5/5 3 3,X,-0.5769230769230769230769230769,6,SLEEP,Z,0.1252275,0.356508
3/7/3/3/6/5/7/5/3 3 3,X,0.6111111111111111111111111111,6,SLEEP,Z,0.04882738,0.1824945
3/7/3/3/6/5/7/3/6 3 3,X,-0.6538461538461538461538461538,8,SLEEP,Z,0.0867719,0.3175116
3/7/3/3/6/5/7/3/5 3 3,X,-0.5769230769230769230769230769,6,SLEEP,Z,0.08451598,0.2658249
3/7/3/3/6/5/7/3/3 3 3,X,0.6111111111111111111111111111,2,SLEEP,Z,0.02562528,0.08927744
3/7/3/3/6/5/6/7/6 3 3,X,-0.7307692307692307692307692307,14,SLEEP,Z,0.09579396,0.3757173
3/7/3/3/6/5/7/7/4 3 3,X,-0.6538461538461538461538461538,8,SLEEP,Z,0.1448291,0.4838789
3/7/3/3/6/5/7/7/2 3 3,X,-0.5769230769230769230769230769,8,SLEEP,Z,0.1321471,0.4120854
3/7/3/3/6/5/7/7/1 3 3,X,0.6111111111111111111111111111,6,SLEEP,Z,0.1478375,0.3366023
3/7/3/3/6/3/2/7/7 3 3,X,-0.5769230769230769230769230769,6,SLEEP,Z,0.195138,0.4318897
3/7/3/3/6/3/6/6/7 3 3,X,-0.6538461538461538461538461538,10,SLEEP,Z,0.1428533,0.4370818
3/7/3/3/6/3/6/5/7 3 3,X,-0.6538461538461538461538461538,10,SLEEP,Z,0.1927129,0.4538403
3/7/3/3/6/3/6/3/7 3 3,X,-0.6538461538461538461538461538,10,SLEEP,Z,0.07019893,0.3146544
3/7/3/3/6/3/6/7/5 3 3,X,-0.6538461538461538461538461538,8,SLEEP,Z,0.07256544,0.2538707
3/7/3/3/6/3/6/7/3 3 3,X,0.7,4,SLEEP,Z,0.04240046,0.155694
3/7/3/3/6/3/5/6/7 3 3,Z,-0.6428571428571428571428571429,6,SLEEP,Z,0.0542621,0.1900297
3/7/3/3/6/3/5/5/7 3 3,X,-0.5769230769230769230769230769,4,SLEEP,Z,0.03590481,0.1372197
3/7/3/3/6/3/5/3/7 3 3,X,-0.5769230769230769230769230769,6,SLEEP,Z,0.1510424,0.3057323
3/7/3/3/6/3/5/7/6 3 3,X,-0.6538461538461538461538461538,8,SLEEP,Z,0.06498096,0.2822611
3/7/3/3/6/3/5/7/5 3 3,X,-0.5769230769230769230769230769,6,SLEEP,Z,0.08139998,0.3233323
3/7/3/3/6/3/5/7/3 3 3,X,0.6111111111111111111111111111,4,SLEEP,Z,0.06275792,0.2037527
3/7/3/3/6/3/3/6/7 3 3,Z,-0.6428571428571428571428571429,4,SLEEP,Z,0.03381542,0.09985693
3/7/3/3/6/3/3/5/7 3 3,X,0.6111111111111111111111111111,4,SLEEP,Z,0.03089601,0.10221
3/7/3/3/6/3/3/3/7 3 3,X,0.6111111111111111111111111111,4,SLEEP,Z,0.05258825,0.1056445
3/7/3/3/6/3/3/7/6 3 3,X,-0.7,4,SLEEP,Z,0.04796355,0.1775467
3/7/3/3/6/3/3/7/5 3 3,X,0.6111111111111111111111111111,4,SLEEP,Z,0.04999165,0.1235001
3/7/3/3/6/3/3/7/3 3 3,X,0.7222222222222222222222222222,2,SLEEP,Z,0.1308631,0.1502647
3/7/3/3/6/3/7/2/7 3 3,X,-0.5769230769230769230769230769,8,SLEEP,Z,0.0499996,0.1875602
3/7/3/3/6/3/7/6/6 3 3,X,-0.6538461538461538461538461538,8,SLEEP,Z,0.09641723,0.3268291
3/7/3/3/6/3/7/6/5 3 3,Z,-0.6428571428571428571428571429,6,SLEEP,Z,0.1014744,0.2984064
3/7/3/3/6/3/7/6/3 3 3,Z,-0.6428571428571428571428571429,6,SLEEP,Z,0.1171546,0.2124035
3/7/3/3/6/3/7/5/6 3 3,X,-0.6538461538461538461538461538,10,SLEEP,Z,0.08993109,0.3504979
3/7/3/3/6/3/7/5/5 3 3,X,-0.5769230769230769230769230769,6,SLEEP,Z,0.044858,0.1835241
3/7/3/3/6/3/7/5/3 3 3,X,0.6111111111111111111111111111,4,SLEEP,Z,0.02792932,0.09210237
3/7/3/3/6/3/7/3/6 3 3,X,-0.6538461538461538461538461538,6,SLEEP,Z,0.09482323,0.3942071
3/7/3/3/6/3/7/3/5 3 3,X,-0.5769230769230769230769230769,6,SLEEP,Z,0.05842049,0.166441
3/7/3/3/6/3/7/3/3 3 3,X,0.6111111111111111111111111111,2,SLEEP,Z,0.03217749,0.08965753
3/7/3/3/6/3/6/7/6 3 3,X,-0.7307692307692307692307692307,8,SLEEP,Z,0.08108456,0.3316126
3/7/3/3/6/3/7/7/4 3 3,X,-0.6538461538461538461538461538,8,SLEEP,Z,0.08265565,0.3181718
3/7/3/3/6/3/7/7/2 3 3,X,-0.5769230769230769230769230769,8,SLEEP,Z,0.04803671,0.1945741
3/7/3/3/6/3/7/7/1 3 3,X,0.6111111111111111111111111111,6,SLEEP,Z,0.06102392,0.1949619
3/7/3/3/6/7/2/6/7 3 3,Z,-0.5909090909090909090909090909,8,SLEEP,Z,0.05941455,0.2120326
3/7/3/3/6/7/2/5/7 3 3,X,-0.5769230769230769230769230769,6,SLEEP,Z,0.05733363,0.2068221
3/7/3/3/6/7/2/3/7 3 3,X,-0.5769230769230769230769230769,6,SLEEP,Z,0.1166301,0.3649844
3/7/3/3/6/7/2/7/6 3 3,X,-0.6538461538461538461538461538,12,SLEEP,Z,0.09745236,0.3818676
3/7/3/3/6/7/2/7/5 3 3,X,-0.5769230769230769230769230769,6,SLEEP,Z,0.0449274,0.1828441
3/7/3/3/6/7/2/7/3 3 3,X,0.6111111111111111111111111111,4,SLEEP,Z,0.05625528,0.1235904
3/7/3/3/6/7/6/2/7 3 3,X,-0.6538461538461538461538461538,12,SLEEP,Z,0.09050956,0.3379015
3/7/3/3/6/7/6/6/6 3 3,X,-0.7307692307692307692307692307,12,SLEEP,Z,0.1032069,0.3854366
3/7/3/3/6/7/6/6/5 3 3,X,-0.6538461538461538461538461538,10,SLEEP,Z,0.177974,0.5300567
3/7/3/3/6/7/6/6/3 3 3,X,0.75,6,SLEEP,Z,0.1550642,0.3494275
3/7/3/3/6/7/6/5/5 3 3,X,-0.6538461538461538461538461538,4,SLEEP,Z,0.05688095,0.2413034
3/7/3/3/6/7/6/5/3 3 3,X,0.75,8,SLEEP,Z,0.1796247,0.4016196
3/6/3/3/6/7/6/3/7 3 3,X,-0.6428571428571428571428571429,12,SLEEP,Z,0.1225937,0.3606239
3/7/3/3/6/7/6/3/6 3 3,X,-0.7307692307692307692307692307,12,SLEEP,Z,0.0946941,0.3755634
3/7/3/3/6/7/6/3/5 3 3,X,-0.6538461538461538461538461538,8,SLEEP,Z,0.0823147,0.3054064
3/7/3/3/6/7/6/3/3 3 3,X,0.75,2,SLEEP,Z,0.04002982,0.1499914
3/7/3/3/6/7/6/7/4 3 3,X,-0.7307692307692307692307692307,8,SLEEP,Z,0.09004032,0.3557834
3/7/3/3/6/7/6/7/1 3 3,X,0.75,6,SLEEP,Z,0.2006716,0.4654629
3/7/3/3/6/7/6/7/2 3 3,X,-0.6538461538461538461538461538,10,SLEEP,Z,0.07630371,0.3148479
3/7/3/3/6/7/5/2/7 3 3,X,-0.5769230769230769230769230769,10,SLEEP,Z,0.07523042,0.2801209
3/7/3/3/6/7/5/6/6 3 3,X,-0.6538461538461538461538461538,8,SLEEP,Z,0.08065352,0.3364924
3/7/3/3/6/7/5/6/5 3 3,Z,-0.5909090909090909090909090909,8,SLEEP,Z,0.0627725,0.2548739
3/7/3/3/6/7/5/6/3 3 3,X,0.6111111111111111111111111111,6,SLEEP,Z,0.05155359,0.1600213
3/7/3/3/6/7/5/5/6 3 3,X,-0.6538461538461538461538461538,10,SLEEP,Z,0.07320167,0.2918934
3/7/3/3/6/7/5/5/5 3 3,X,-0.5769230769230769230769230769,6,SLEEP,Z,0.04321858,0.1799541
3/7/3/3/6/7/5/5/3 3 3,X,0.6111111111111111111111111111,6,SLEEP,Z,0.04570953,0.1646412
3/7/3/3/6/7/5/3/6 3 3,X,-0.6538461538461538461538461538,10,SLEEP,Z,0.08533899,0.3194822
3/7/3/3/6/7/5/3/5 3 3,X,-0.5769230769230769230769230769,6,SLEEP,Z,0.05103942,0.1965927
3/7/3/3/6/7/5/3/3 3 3,X,0.6111111111111111111111111111,4,SLEEP,Z,0.05584319,0.2014398
3/7/3/3/6/7/5/7/4 3 3,X,-0.6538461538461538461538461538,8,SLEEP,Z,0.09266748,0.4017353
3/7/3/3/6/7/5/7/2 3 3,X,-0.5769230769230769230769230769,4,SLEEP,Z,0.1087455,0.3022053
3/7/3/3/6/7/5/7/1 3 3,X,0.6111111111111111111111111111,2,SLEEP,Z,0.02559168,0.07827098
3/7/3/3/6/7/3/2/7 3 3,X,0.6111111111111111111111111111,8,SLEEP,Z,0.06075588,0.1690242
3/7/3/3/6/7/3/6/6 3 3,X,-0.75,8,SLEEP,Z,0.06505714,0.2255549
3/7/3/3/6/7/3/6/5 3 3,X,0.6111111111111111111111111111,4,SLEEP,Z,0.03831494,0.1389878
3/7/3/3/6/7/3/6/3 3 3,X,0.7222222222222222222222222222,2,SLEEP,Z,0.05870331,0.1586074
3/7/3/3/6/7/3/5/6 3 3,X,-0.75,6,SLEEP,Z,0.04329919,0.1703426
3/7/3/3/6/7/3/5/5 3 3,X,0.6111111111111111111111111111,6,SLEEP,Z,0.1142738,0.2971931
3/7/3/3/6/7/3/5/3 3 3,X,0.7222222222222222222222222222,2,SLEEP,Z,0.02333669,0.08765388
3/7/3/3/6/7/3/3/6 3 3,X,-0.75,6,SLEEP,Z,0.1246192,0.398149
3/7/3/3/6/7/3/3/5 3 3,X,0.6111111111111111111111111111,6,SLEEP,Z,0.0454931,0.1803551
3/7/3/3/6/7/3/3/3 3 3,X,0.7222222222222222222222222222,4,SLEEP,Z,0.04348683,0.08939803
3/7/3/3/6/7/3/7/4 3 3,X,-0.75,6,SLEEP,Z,0.1240664,0.3853435
3/7/3/3/6/7/3/7/2 3 3,X,0.6111111111111111111111111111,6,SLEEP,Z,0.04975176,0.1907494
3/7/3/3/6/7/3/7/1 3 3,X,0.7222222222222222222222222222,4,SLEEP,Z,0.1356858,0.2213474
3/7/3/3/6/7/7/2/6 3 3,X,-0.6538461538461538461538461538,10,SLEEP,Z,0.09052548,0.356316
3/7/3/3/6/7/7/2/5 3 3,X,-0.5769230769230769230769230769,8,SLEEP,Z,0.07710014,0.3067507
3/7/3/3/6/7/7/2/3 3 3,X,0.6111111111111111111111111111,4,SLEEP,Z,0.03933981,0.1220534
3/7/3/3/6/7/7/6/4 3 3,X,-0.6538461538461538461538461538,10,SLEEP,Z,0.07657371,0.3446752
3/7/3/3/6/7/7/6/2 3 3,Z,-0.5909090909090909090909090909,6,SLEEP,Z,0.04623734,0.167398
3/7/3/3/6/7/7/6/1 3 3,X,0.6111111111111111111111111111,6,SLEEP,Z,0.04841921,0.1869721
3/7/3/3/6/7/7/5/4 3 3,X,-0.6538461538461538461538461538,6,SLEEP,Z,0.08236271,0.3422313
3/7/3/3/6/7/7/5/2 3 3,X,-0.5769230769230769230769230769,6,SLEEP,Z,0.05314114,0.1956454
3/7/3/3/6/7/7/5/1 3 3,X,0.6111111111111111111111111111,6,SLEEP,Z,0.04695685,0.1870273
3/7/3/3/6/7/7/3/4 3 3,X,-0.6538461538461538461538461538,12,SLEEP,Z,0.1031147,0.4165024
3/7/3/3/6/7/7/3/2 3 3,X,-0.5769230769230769230769230769,2,SLEEP,Z,0.02628508,0.1110737
3/7/3/3/6/7/7/3/1 3 3,X,0.6111111111111111111111111111,4,SLEEP,Z,0.04669277,0.1916683
3/7/3/3/6/7/6/5/6 3 3,X,-0.7307692307692307692307692307,10,SLEEP,Z,0.09912904,0.4749589
3/7/3/3/5/2/6/7/7 3 3,X,-0.5769230769230769230769230769,6,SLEEP,Z,0.06482952,0.236868
3/7/3/3/5/2/5/7/7 3 3,X,-0.5,6,SLEEP,Z,0.06729865,0.2615449
3/7/3/3/5/2/3/7/7 3 3,Z,-0.5,10,SLEEP,Z,0.1231245,0.3402796
3/7/3/3/5/2/7/6/7 3 3,Z,-0.5909090909090909090909090909,6,SLEEP,Z,0.06492499,0.1995052
3/7/3/3/5/2/7/5/7 3 3,X,-0.5,6,SLEEP,Z,0.08053904,0.3836539
3/7/3/3/5/2/7/3/7 3 3,X,-0.5,6,SLEEP,Z,0.05840883,0.2361633
3/7/3/3/5/2/7/7/6 3 3,X,-0.5769230769230769230769230769,10,SLEEP,Z,0.07494243,0.3127417
3/7/3/3/5/2/7/7/5 3 3,X,-0.5,8,SLEEP,Z,0.05604597,0.1889663
3/7/3/3/5/2/7/7/3 3 3,Z,-0.5,8,SLEEP,Z,0.08124102,0.3185312
3/7/3/3/5/6/2/7/7 3 3,Z,-0.5909090909090909090909090909,8,SLEEP,Z,0.07898825,0.2942279
3/7/3/3/5/6/6/6/7 3 3,Z,-0.6818181818181818181818181819,10,SLEEP,Z,0.07965605,0.3097922
3/7/3/3/5/6/6/5/7 3 3,Z,-0.5909090909090909090909090909,10,SLEEP,Z,0.06693741,0.249972
3/7/3/3/5/6/6/3/7 3 3,Z,0.6428571428571428571428571429,8,SLEEP,Z,0.06981046,0.2785969
3/7/3/3/5/6/6/7/6 3 3,X,-0.6538461538461538461538461538,10,SLEEP,Z,0.1039469,0.419829
3/7/3/3/5/6/6/7/5 3 3,Z,-0.5909090909090909090909090909,6,SLEEP,Z,0.07665372,0.2859403
3/7/3/3/5/6/6/7/3 3 3,X,0.7,4,SLEEP,Z,0.0389038,0.1471592
3/7/3/3/5/6/5/6/7 3 3,Z,-0.6818181818181818181818181819,8,SLEEP,Z,0.09717423,0.3119071
3/7/3/3/5/6/5/5/7 3 3,Z,-0.5909090909090909090909090909,6,SLEEP,Z,0.0541041,0.1964421
3/7/3/3/5/6/5/3/7 3 3,Z,0.6428571428571428571428571429,6,SLEEP,Z,0.05749445,0.2459047
3/7/3/3/5/6/5/7/6 3 3,Z,-0.5909090909090909090909090909,10,SLEEP,Z,0.08625692,0.3515653
3/7/3/3/5/6/5/7/5 3 3,Z,-0.5909090909090909090909090909,8,SLEEP,Z,0.06831937,0.2834381
3/7/3/3/5/6/5/7/3 3 3,Z,-0.5909090909090909090909090909,6,SLEEP,Z,0.06256345,0.2380321
3/7/3/3/5/6/3/6/7 3 3,Z,-0.6818181818181818181818181819,6,SLEEP,Z,0.0986737,0.3083563
3/7/3/3/5/6/3/5/7 3 3,Z,-0.5909090909090909090909090909,4,SLEEP,Z,0.05639546,0.2144037
3/7/3/3/5/6/3/3/7 3 3,Z,0.6428571428571428571428571429,6,SLEEP,Z,0.1043704,0.3438489
3/7/3/3/5/6/3/7/6 3 3,X,-0.7,6,SLEEP,Z,0.08899132,0.4251615
3/7/3/3/5/6/3/7/5 3 3,Z,-0.5909090909090909090909090909,6,SLEEP,Z,0.06277911,0.2430945
3/7/3/3/5/6/3/7/3 3 3,Z,-0.5909090909090909090909090909,6,SLEEP,Z,0.0547458,0.1869759
3/7/3/3/5/6/7/2/7 3 3,Z,-0.5909090909090909090909090909,10,SLEEP,Z,0.1191304,0.4082849
3/7/3/3/5/6/7/6/6 3 3,Z,-0.6818181818181818181818181819,8,SLEEP,Z,0.08967476,0.3583299
3/7/3/3/5/6/7/6/5 3 3,Z,-0.6818181818181818181818181819,8,SLEEP,Z,0.1255925,0.4130984
3/7/3/3/5/6/7/6/3 3 3,Z,-0.6818181818181818181818181819,4,SLEEP,Z,0.05679514,0.2069759
3/7/3/3/5/6/7/5/6 3 3,Z,-0.5909090909090909090909090909,6,SLEEP,Z,0.08081283,0.3464383
3/7/3/3/5/6/7/5/5 3 3,Z,-0.5909090909090909090909090909,6,SLEEP,Z,0.1052857,0.375964
3/7/3/3/5/6/7/5/3 3 3,Z,-0.5909090909090909090909090909,6,SLEEP,Z,0.05059666,0.1526114
3/7/3/3/5/6/7/3/6 3 3,Z,0.6428571428571428571428571429,6,SLEEP,Z,0.06293544,0.2860205
3/7/3/3/5/6/7/3/5 3 3,Z,0.6428571428571428571428571429,6,SLEEP,Z,0.05109855,0.2046847
3/7/3/3/5/6/7/3/3 3 3,Z,0.6428571428571428571428571429,4,SLEEP,Z,0.0278629,0.115441
3/7/3/3/5/6/7/7/4 3 3,Z,-0.5909090909090909090909090909,8,SLEEP,Z,0.07063822,0.3243609
3/7/3/3/5/6/7/7/2 3 3,Z,-0.5909090909090909090909090909,8,SLEEP,Z,0.1043396,0.3814678
3/7/3/3/5/6/7/7/1 3 3,Z,-0.5909090909090909090909090909,6,SLEEP,Z,0.0857348,0.3124332
3/7/3/3/5/5/2/7/7 3 3,X,-0.5,6,SLEEP,Z,0.06231686,0.2146122
3/7/3/3/5/5/6/6/7 3 3,Z,-0.5909090909090909090909090909,8,SLEEP,Z,0.05990499,0.2245335
3/7/3/3/5/5/6/5/7 3 3,X,-0.5769230769230769230769230769,10,SLEEP,Z,0.1154289,0.423228
3/7/3/3/5/5/6/3/7 3 3,X,-0.5769230769230769230769230769,4,SLEEP,Z,0.06696282,0.2472404
3/7/3/3/5/5/6/7/6 3 3,X,-0.6538461538461538461538461538,12,SLEEP,Z,0.1572039,0.5577328
3/7/3/3/5/5/6/7/5 3 3,X,-0.5769230769230769230769230769,6,SLEEP,Z,0.07773915,0.2948247
3/7/3/3/5/5/6/7/3 3 3,X,0.7,4,SLEEP,Z,0.04890865,0.17339
3/7/3/3/5/5/5/6/7 3 3,Z,-0.5909090909090909090909090909,8,SLEEP,Z,0.1022522,0.4034283
3/7/3/3/5/5/5/5/7 3 3,X,-0.5,4,SLEEP,Z,0.04653363,0.1860131
3/7/3/3/5/5/5/3/7 3 3,X,-0.5,6,SLEEP,Z,0.09597819,0.351424
3/7/3/3/5/5/5/7/6 3 3,X,-0.5769230769230769230769230769,6,SLEEP,Z,0.06095375,0.2422532
3/7/3/3/5/5/5/7/5 3 3,X,-0.5,6,SLEEP,Z,0.04748241,0.2049681
3/7/3/3/5/5/5/7/3 3 3,Z,-0.5,4,SLEEP,Z,0.02854192,0.1086422
3/7/3/3/5/5/3/6/7 3 3,Z,-0.5909090909090909090909090909,8,SLEEP,Z,0.1140684,0.2973716
3/7/3/3/5/5/3/5/7 3 3,Z,-0.5,4,SLEEP,Z,0.04585593,0.1820792
3/7/3/3/5/5/3/3/7 3 3,X,-0.5,6,SLEEP,Z,0.07165386,0.2558366
3/7/3/3/5/5/3/7/6 3 3,X,-0.7,6,SLEEP,Z,0.06306889,0.2476038
3/7/3/3/5/5/3/7/5 3 3,Z,-0.5,6,SLEEP,Z,0.06609386,0.2695774
3/7/3/3/5/5/3/7/3 3 3,Z,-0.5,2,SLEEP,Z,0.0275508,0.1114189
3/7/3/3/5/5/7/2/7 3 3,X,-0.5,4,SLEEP,Z,0.04031489,0.1776743
3/7/3/3/5/5/7/6/6 3 3,Z,-0.5909090909090909090909090909,8,SLEEP,Z,0.06175971,0.2256472
3/7/3/3/5/5/7/6/5 3 3,Z,-0.5909090909090909090909090909,6,SLEEP,Z,0.04407975,0.2012229
3/7/3/3/5/5/7/6/3 3 3,Z,-0.5909090909090909090909090909,4,SLEEP,Z,0.03810458,0.148056
3/7/3/3/5/5/7/5/6 3 3,X,-0.5769230769230769230769230769,6,SLEEP,Z,0.06041175,0.2650459
3/7/3/3/5/5/7/5/5 3 3,X,-0.5,6,SLEEP,Z,0.09991264,0.3832902
3/7/3/3/5/5/7/5/3 3 3,Z,-0.5,6,SLEEP,Z,0.05518385,0.215083
3/7/3/3/5/5/7/3/6 3 3,X,-0.5769230769230769230769230769,8,SLEEP,Z,0.1216558,0.4652312
3/7/3/3/5/5/7/3/5 3 3,X,-0.5,6,SLEEP,Z,0.05631636,0.2376377
3/7/3/3/5/5/7/3/3 3 3,Z,-0.5,4,SLEEP,Z,0.03334022,0.1493947
3/7/3/3/5/5/7/7/4 3 3,X,-0.5769230769230769230769230769,4,SLEEP,Z,0.05095613,0.2015353
3/7/3/3/5/5/7/7/2 3 3,X,-0.5,8,SLEEP,Z,0.06975727,0.2753049
3/7/3/3/5/5/7/7/1 3 3,Z,-0.5,4,SLEEP,Z,0.0566484,0.1812281
3/7/3/3/5/3/2/7/7 3 3,X,-0.5,4,SLEEP,Z,0.05686141,0.1710577
3/7/3/3/5/3/6/6/7 3 3,Z,-0.6428571428571428571428571429,8,SLEEP,Z,0.05717775,0.221093
3/7/3/3/5/3/6/5/7 3 3,X,-0.5769230769230769230769230769,8,SLEEP,Z,0.05858564,0.2333596
3/7/3/3/5/3/6/3/7 3 3,X,-0.5769230769230769230769230769,6,SLEEP,Z,0.06850424,0.2527739
3/7/3/3/5/3/6/7/6 3 3,X,-0.6538461538461538461538461538,8,SLEEP,Z,0.1098442,0.4372913
3/7/3/3/5/3/6/7/5 3 3,X,-0.5769230769230769230769230769,6,SLEEP,Z,0.05314712,0.1734537
3/7/3/3/5/3/6/7/3 3 3,X,0.7,6,SLEEP,Z,0.06836847,0.2196731
3/7/3/3/5/3/5/6/7 3 3,Z,-0.6428571428571428571428571429,4,SLEEP,Z,0.05616868,0.2369432
3/7/3/3/5/3/5/5/7 3 3,X,-0.5,6,SLEEP,Z,0.1133961,0.3641298
3/7/3/3/5/3/5/3/7 3 3,X,-0.5,8,SLEEP,Z,0.111664,0.3735261
3/7/3/3/5/3/5/7/6 3 3,X,-0.5769230769230769230769230769,6,SLEEP,Z,0.08330997,0.2863685
3/7/3/3/5/3/5/7/5 3 3,X,-0.5,4,SLEEP,Z,0.05415582,0.2196008
3/7/3/3/5/3/5/7/3 3 3,Z,-0.5,6,SLEEP,Z,0.1297687,0.3279938
3/7/3/3/5/3/3/6/7 3 3,Z,-0.6428571428571428571428571429,6,SLEEP,Z,0.07650708,0.2641019
3/7/3/3/5/3/3/5/7 3 3,Z,-0.5,8,SLEEP,Z,0.09014883,0.4204519
3/7/3/3/5/3/3/3/7 3 3,X,-0.5,4,SLEEP,Z,0.02949548,0.1238856
3/7/3/3/5/3/3/7/6 3 3,X,-0.7,6,SLEEP,Z,0.05404921,0.2411309
3/7/3/3/5/3/3/7/5 3 3,Z,-0.5,6,SLEEP,Z,0.03525366,0.1205203
3/7/3/3/5/3/3/7/3 3 3,Z,-0.5,4,SLEEP,Z,0.02317425,0.1011617
3/7/3/3/5/3/7/2/7 3 3,X,-0.5,4,SLEEP,Z,0.1072728,0.3444265
3/7/3/3/5/3/7/6/6 3 3,Z,-0.6428571428571428571428571429,10,SLEEP,Z,0.1740003,0.4738695
3/7/3/3/5/3/7/6/5 3 3,Z,-0.6428571428571428571428571429,8,SLEEP,Z,0.05991697,0.2576142
3/7/3/3/5/3/7/6/3 3 3,Z,-0.6428571428571428571428571429,4,SLEEP,Z,0.04380127,0.1646106
3/7/3/3/5/3/7/5/6 3 3,X,-0.5769230769230769230769230769,10,SLEEP,Z,0.1327312,0.4844584
3/7/3/3/5/3/7/5/5 3 3,X,-0.5,6,SLEEP,Z,0.03964359,0.1684039
3/7/3/3/5/3/7/5/3 3 3,Z,-0.5,4,SLEEP,Z,0.04580962,0.1671159
3/7/3/3/5/3/7/3/6 3 3,X,-0.5769230769230769230769230769,8,SLEEP,Z,0.1006466,0.4107329
3/7/3/3/5/3/7/3/5 3 3,X,-0.5,6,SLEEP,Z,0.06104268,0.2524037
3/7/3/3/5/3/7/3/3 3 3,Z,-0.5,4,SLEEP,Z,0.07370578,0.2517252
3/7/3/3/5/3/7/7/4 3 3,X,-0.5769230769230769230769230769,6,SLEEP,Z,0.06149103,0.2616965
3/7/3/3/5/3/7/7/2 3 3,X,-0.5,4,SLEEP,Z,0.0674448,0.2417593
3/7/3/3/5/3/7/7/1 3 3,Z,-0.5,6,SLEEP,Z,0.05784123,0.2370428
3/7/3/3/5/7/2/6/7 3 3,Z,-0.5909090909090909090909090909,8,SLEEP,Z,0.05239695,0.1980311
3/7/3/3/5/7/2/5/7 3 3,X,-0.5,6,SLEEP,Z,0.09510018,0.3691266
3/7/3/3/5/7/2/3/7 3 3,X,-0.5,4,SLEEP,Z,0.04619774,0.191773
3/7/3/3/5/7/2/7/6 3 3,X,-0.5769230769230769230769230769,12,SLEEP,Z,0.1384012,0.4387952
3/7/3/3/5/7/2/7/5 3 3,X,-0.5,4,SLEEP,Z,0.05172741,0.1883633
3/7/3/3/5/7/2/7/3 3 3,Z,-0.5,4,SLEEP,Z,0.1132235,0.2175387
3/7/3/3/5/7/6/2/7 3 3,X,-0.5769230769230769230769230769,6,SLEEP,Z,0.06773228,0.3034695
3/7/3/3/5/7/6/6/6 3 3,X,-0.6538461538461538461538461538,12,SLEEP,Z,0.07943998,0.324984
3/7/3/3/5/7/6/6/5 3 3,Z,-0.5909090909090909090909090909,8,SLEEP,Z,0.07579054,0.2926652
3/7/3/3/5/7/6/6/3 3 3,X,0.75,4,SLEEP,Z,0.05765077,0.2127188
3/7/3/3/5/7/6/5/6 3 3,X,-0.6538461538461538461538461538,8,SLEEP,Z,0.08640195,0.3825397
3/7/3/3/5/7/6/5/5 3 3,X,-0.5769230769230769230769230769,6,SLEEP,Z,0.1069807,0.3752961
3/7/3/3/5/7/6/5/3 3 3,X,0.75,8,SLEEP,Z,0.07948531,0.322659
3/7/3/3/5/7/6/3/6 3 3,X,-0.6538461538461538461538461538,12,SLEEP,Z,0.1349217,0.5544541
3/7/3/3/5/7/6/3/5 3 3,X,-0.5769230769230769230769230769,10,SLEEP,Z,0.06096258,0.2569395
3/7/3/3/5/7/6/3/3 3 3,X,0.75,6,SLEEP,Z,0.1147225,0.3441025
3/7/3/3/5/7/6/7/4 3 3,X,-0.6538461538461538461538461538,8,SLEEP,Z,0.1451373,0.5074351
3/7/3/3/5/7/6/7/2 3 3,X,-0.5769230769230769230769230769,8,SLEEP,Z,0.06917299,0.2879986
